2011.05.04 18:00:00.538,0.63678,0.63712,2.25,4.35
2011.05.04 18:00:04.336,0.63678,0.63712,3.00,4.35
2011.05.04 18:00:04.978,0.63683,0.63713,2.25,2.10
2011.05.04 18:00:06.358,0.63686,0.63713,1.35,1.50
2011.05.04 18:00:07.146,0.63683,0.63713,2.25,1.50
2011.05.04 18:00:09.426,0.63682,0.63713,2.25,3.75
2011.05.04 18:00:39.846,0.6368,0.63713,2.25,5.85
2011.05.04 18:00:43.306,0.63677,0.63713,8.10,7.35
2011.05.04 18:00:43.968,0.63678,0.63713,1.50,4.35
2011.05.04 18:00:44.078,0.63673,0.63709,3.60,1.50
2011.05.04 18:00:44.405,0.63673,0.63707,3.60,1.50
2011.05.04 18:00:45.178,0.63673,0.63707,1.50,1.50
2011.05.04 18:00:46.906,0.63668,0.63704,2.10,1.50
2011.05.04 18:00:47.126,0.63672,0.63708,1.50,2.85
2011.05.04 18:00:53.839,0.63667,0.637,2.85,1.50
2011.05.04 18:00:53.949,0.63667,0.637,2.25,1.50
2011.05.04 18:00:54.058,0.63667,0.63696,2.25,1.50
2011.05.04 18:00:54.557,0.63662,0.63693,1.50,2.25
2011.05.04 18:01:10.945,0.6366,0.63693,2.10,2.25
2011.05.04 18:01:15.048,0.6366,0.63683,1.50,2.25
2011.05.04 18:01:15.157,0.63654,0.63683,2.10,3.75
2011.05.04 18:01:15.488,0.63651,0.63683,1.50,3.75
2011.05.04 18:01:15.816,0.63649,0.63683,2.10,5.25
2011.05.04 18:01:16.616,0.63648,0.63682,2.10,1.50
2011.05.04 18:01:19.668,0.63655,0.63682,2.10,1.50
2011.05.04 18:01:19.778,0.63658,0.63685,2.85,1.50
2011.05.04 18:01:19.886,0.63658,0.63691,2.85,1.50
2011.05.04 18:01:20.106,0.6366,0.63692,2.25,2.25
2011.05.04 18:01:20.437,0.63667,0.63694,2.25,1.50
2011.05.04 18:01:21.796,0.63667,0.63696,2.25,1.50
2011.05.04 18:01:21.906,0.63667,0.63699,3.00,1.50
2011.05.04 18:01:22.017,0.63668,0.63699,2.10,1.50
2011.05.04 18:01:22.315,0.63668,0.63702,2.10,1.50
2011.05.04 18:01:22.434,0.63678,0.63705,2.25,1.50
2011.05.04 18:01:22.766,0.63678,0.6371,2.25,3.60
2011.05.04 18:01:22.986,0.6367,0.63703,2.10,2.25
2011.05.04 18:01:29.767,0.63671,0.63703,1.50,4.35
2011.05.04 18:01:29.876,0.63667,0.63702,2.85,2.10
2011.05.04 18:01:29.986,0.63667,0.63699,2.85,1.50
2011.05.04 18:01:30.315,0.63667,0.63693,2.85,1.50
2011.05.04 18:01:47.778,0.63667,0.63694,2.85,1.50
2011.05.04 18:01:54.687,0.63667,0.63694,2.25,1.50
2011.05.04 18:01:55.018,0.63661,0.63693,1.35,2.25
2011.05.04 18:01:55.676,0.63667,0.63693,2.25,2.25
2011.05.04 18:01:55.787,0.63661,0.63692,1.35,2.25
2011.05.04 18:01:57.597,0.63667,0.63694,2.25,1.50
2011.05.04 18:01:57.817,0.63667,0.63698,2.25,1.50
2011.05.04 18:01:57.926,0.63667,0.63702,2.25,1.50
2011.05.04 18:01:58.037,0.63666,0.63692,2.25,2.25
2011.05.04 18:01:58.147,0.63662,0.63692,2.10,2.25
2011.05.04 18:01:59.098,0.63668,0.63697,2.25,1.50
2011.05.04 18:01:59.316,0.6367,0.63702,1.50,2.25
2011.05.04 18:01:59.868,0.63671,0.63702,1.50,2.25
2011.05.04 18:02:00.188,0.63669,0.63702,1.50,2.25
2011.05.04 18:02:00.298,0.6367,0.63702,2.10,2.25
2011.05.04 18:02:00.407,0.63672,0.63706,2.48,1.50
2011.05.04 18:02:00.627,0.63677,0.63703,2.25,1.50
2011.05.04 18:02:00.846,0.63677,0.63706,2.25,1.50
2011.05.04 18:02:00.955,0.63672,0.63706,2.10,1.50
2011.05.04 18:02:01.509,0.63676,0.6371,1.50,2.10
2011.05.04 18:02:02.229,0.63676,0.6371,2.25,2.10
2011.05.04 18:02:04.748,0.63675,0.6371,1.35,1.50
2011.05.04 18:02:05.446,0.63678,0.6371,2.25,1.50
2011.05.04 18:02:05.666,0.63675,0.6371,1.35,1.50
2011.05.04 18:02:05.778,0.63686,0.6371,2.48,1.50
2011.05.04 18:02:05.887,0.63697,0.63719,2.25,1.50
2011.05.04 18:02:05.997,0.63697,0.63723,2.25,1.35
2011.05.04 18:02:06.106,0.6369,0.63723,1.50,2.85
2011.05.04 18:02:06.326,0.63687,0.63721,3.75,2.10
2011.05.04 18:02:06.436,0.63687,0.63721,4.13,2.10
2011.05.04 18:02:06.546,0.6369,0.63723,2.48,2.25
2011.05.04 18:02:06.656,0.63697,0.63724,2.25,1.50
2011.05.04 18:02:07.258,0.63697,0.63723,2.25,1.50
2011.05.04 18:02:12.347,0.63691,0.63722,2.10,2.25
2011.05.04 18:02:13.187,0.63688,0.63721,2.25,2.10
2011.05.04 18:02:13.295,0.63688,0.63713,2.25,1.50
2011.05.04 18:02:15.428,0.63688,0.63713,2.25,3.60
2011.05.04 18:02:15.647,0.63679,0.63712,1.50,2.85
2011.05.04 18:02:15.757,0.63678,0.63712,1.50,5.85
2011.05.04 18:02:15.867,0.63674,0.63708,1.50,2.10
2011.05.04 18:02:24.047,0.63678,0.6371,2.25,2.10
2011.05.04 18:02:24.158,0.63678,0.6371,2.25,1.50
2011.05.04 18:02:24.267,0.63678,0.63712,2.25,2.25
2011.05.04 18:02:24.487,0.6368,0.63712,1.50,2.25
2011.05.04 18:02:24.818,0.63684,0.63712,1.35,2.25
2011.05.04 18:02:25.037,0.63687,0.63717,2.63,1.50
2011.05.04 18:02:25.146,0.63687,0.63722,2.63,2.10
2011.05.04 18:02:25.897,0.63689,0.63723,1.50,4.35
2011.05.04 18:02:26.876,0.63687,0.63723,4.88,4.35
2011.05.04 18:02:27.107,0.63687,0.63723,4.88,4.35
2011.05.04 18:02:27.828,0.63697,0.63723,2.25,3.75
2011.05.04 18:02:27.937,0.63691,0.63722,1.35,2.25
2011.05.04 18:02:39.777,0.63691,0.63721,1.35,1.50
2011.05.04 18:02:39.997,0.63698,0.63721,2.25,1.50
2011.05.04 18:02:40.216,0.63691,0.63723,1.35,2.25
2011.05.04 18:02:40.547,0.63697,0.63721,2.25,1.50
2011.05.04 18:02:40.656,0.63697,0.63723,2.25,2.25
2011.05.04 18:02:41.536,0.63691,0.63723,1.35,2.25
2011.05.04 18:02:42.305,0.63698,0.63722,2.25,2.25
2011.05.04 18:02:43.595,0.63697,0.63724,3.00,1.50
2011.05.04 18:02:43.816,0.63697,0.63729,4.50,2.10
2011.05.04 18:02:44.585,0.63697,0.63732,4.35,1.50
2011.05.04 18:02:45.535,0.63698,0.63732,1.50,1.50
2011.05.04 18:02:46.327,0.63694,0.63725,2.10,1.50
2011.05.04 18:02:46.439,0.63691,0.63724,1.50,2.10
2011.05.04 18:02:46.765,0.63688,0.6372,2.25,1.50
2011.05.04 18:02:50.765,0.63688,0.63721,2.25,2.10
2011.05.04 18:03:06.416,0.63688,0.63721,2.63,2.10
2011.05.04 18:03:06.745,0.63697,0.63725,2.25,1.50
2011.05.04 18:03:07.489,0.63697,0.63724,2.25,1.50
2011.05.04 18:03:20.458,0.63697,0.63724,5.10,1.50
2011.05.04 18:03:20.567,0.63697,0.63731,5.10,1.50
2011.05.04 18:03:21.155,0.63698,0.63727,2.85,1.50
2011.05.04 18:03:21.274,0.63698,0.63729,2.85,1.50
2011.05.04 18:03:21.606,0.63698,0.63732,4.35,2.25
2011.05.04 18:03:37.827,0.63698,0.63734,2.10,3.00
2011.05.04 18:03:38.376,0.63701,0.63737,2.10,1.50
2011.05.04 18:03:38.856,0.637,0.63733,3.60,1.50
2011.05.04 18:03:43.267,0.637,0.63733,2.10,4.50
2011.05.04 18:03:43.597,0.63697,0.63723,2.25,1.50
2011.05.04 18:03:43.816,0.63695,0.63731,1.50,2.25
2011.05.04 18:03:44.348,0.63697,0.63731,1.50,2.25
2011.05.04 18:03:44.895,0.63698,0.63731,2.25,2.25
2011.05.04 18:03:45.225,0.63698,0.63724,2.25,1.50
2011.05.04 18:03:46.028,0.63698,0.63732,4.35,3.75
2011.05.04 18:03:48.067,0.63698,0.63728,2.85,1.50
2011.05.04 18:03:48.395,0.63698,0.63724,2.85,1.50
2011.05.04 18:03:57.626,0.63698,0.63728,2.25,2.10
2011.05.04 18:03:58.287,0.63694,0.63724,1.35,1.50
2011.05.04 18:03:58.396,0.63694,0.63726,1.35,1.50
2011.05.04 18:03:58.837,0.63694,0.63728,1.35,2.10
2011.05.04 18:04:00.267,0.63694,0.63725,1.35,1.50
2011.05.04 18:04:00.377,0.63694,0.63728,1.35,2.10
2011.05.04 18:04:01.836,0.63694,0.63727,1.35,1.50
2011.05.04 18:04:02.386,0.63694,0.6373,2.85,2.10
2011.05.04 18:04:03.046,0.63698,0.63729,2.25,1.50
2011.05.04 18:04:03.267,0.63698,0.63732,3.75,2.25
2011.05.04 18:04:04.918,0.63698,0.63732,3.75,3.00
2011.05.04 18:04:05.468,0.63698,0.6373,2.25,1.50
2011.05.04 18:04:05.798,0.63698,0.63732,3.75,2.25
2011.05.04 18:04:06.019,0.63698,0.6373,2.25,1.50
2011.05.04 18:04:06.127,0.63698,0.63732,3.75,3.00
2011.05.04 18:04:06.238,0.63698,0.6373,2.25,2.10
2011.05.04 18:04:07.048,0.63694,0.63728,1.35,2.10
2011.05.04 18:04:11.177,0.63692,0.63728,2.85,1.50
2011.05.04 18:04:11.287,0.63692,0.63728,2.85,1.50
2011.05.04 18:04:11.399,0.63695,0.63731,2.25,1.50
2011.05.04 18:04:11.910,0.63704,0.63738,1.50,1.50
2011.05.04 18:04:12.236,0.63704,0.63732,1.50,2.25
2011.05.04 18:04:12.346,0.63701,0.63732,2.10,2.25
2011.05.04 18:04:22.197,0.63702,0.63736,1.35,1.50
2011.05.04 18:04:22.527,0.63702,0.63733,1.35,2.25
2011.05.04 18:04:30.986,0.63703,0.63733,1.50,2.25
2011.05.04 18:04:36.161,0.63702,0.63733,2.10,2.25
2011.05.04 18:04:38.586,0.63697,0.63732,5.10,1.50
2011.05.04 18:04:39.247,0.63697,0.63728,2.25,1.50
2011.05.04 18:04:39.356,0.63694,0.63728,1.50,1.50
2011.05.04 18:04:39.466,0.63694,0.63728,2.25,1.50
2011.05.04 18:04:39.686,0.63693,0.63727,1.50,1.50
2011.05.04 18:04:40.586,0.63698,0.6373,2.25,1.50
2011.05.04 18:04:41.826,0.63692,0.63728,2.85,1.50
2011.05.04 18:04:42.640,0.63692,0.63728,2.85,1.50
2011.05.04 18:04:44.927,0.63692,0.63728,2.85,1.50
2011.05.04 18:04:45.698,0.63697,0.63729,2.25,1.50
2011.05.04 18:04:48.506,0.63699,0.63732,1.50,2.10
2011.05.04 18:04:49.286,0.63698,0.63733,1.50,2.85
2011.05.04 18:04:49.396,0.63697,0.6373,2.25,1.50
2011.05.04 18:04:49.837,0.63697,0.63728,2.25,1.50
2011.05.04 18:04:49.948,0.63692,0.63728,2.10,1.50
2011.05.04 18:04:50.057,0.63691,0.63726,2.10,1.50
2011.05.04 18:04:50.768,0.63691,0.63727,2.10,1.50
2011.05.04 18:04:57.837,0.63691,0.63727,3.00,1.50
2011.05.04 18:04:58.167,0.63694,0.63728,1.50,2.25
2011.05.04 18:04:58.717,0.63695,0.63729,1.50,1.50
2011.05.04 18:04:59.047,0.63699,0.63731,1.13,1.50
2011.05.04 18:04:59.376,0.63708,0.63741,2.25,2.48
2011.05.04 18:05:02.129,0.63708,0.63741,2.25,1.50
2011.05.04 18:05:07.727,0.63708,0.63738,2.25,1.50
2011.05.04 18:05:08.058,0.63701,0.63732,1.50,2.25
2011.05.04 18:05:08.606,0.63698,0.63732,2.85,2.25
2011.05.04 18:05:16.495,0.63698,0.63732,2.25,2.85
2011.05.04 18:05:16.716,0.63695,0.63729,3.00,1.50
2011.05.04 18:05:18.794,0.63696,0.6373,1.50,1.50
2011.05.04 18:05:18.908,0.63694,0.6373,1.50,1.50
2011.05.04 18:05:19.128,0.63694,0.63723,1.50,2.25
2011.05.04 18:05:19.346,0.6369,0.63724,2.10,1.50
2011.05.04 18:05:19.461,0.63698,0.63724,2.25,1.50
2011.05.04 18:05:19.578,0.63698,0.63731,2.25,1.50
2011.05.04 18:05:20.127,0.63698,0.63732,2.25,4.35
2011.05.04 18:05:21.206,0.63696,0.6373,1.50,1.50
2011.05.04 18:05:21.316,0.63694,0.6373,1.50,1.50
2011.05.04 18:05:22.598,0.63694,0.6373,3.60,1.50
2011.05.04 18:05:22.828,0.63699,0.63733,1.50,1.50
2011.05.04 18:05:22.937,0.63702,0.63733,1.50,1.50
2011.05.04 18:05:23.046,0.63702,0.63738,1.50,1.50
2011.05.04 18:05:26.151,0.63705,0.63738,2.10,1.50
2011.05.04 18:05:26.266,0.63713,0.63742,1.50,2.25
2011.05.04 18:05:26.376,0.63718,0.63749,2.25,2.25
2011.05.04 18:05:27.327,0.63718,0.63747,2.85,1.50
2011.05.04 18:05:27.876,0.63718,0.63748,2.85,1.50
2011.05.04 18:05:38.497,0.63718,0.63749,2.25,2.10
2011.05.04 18:05:38.826,0.63718,0.63743,2.25,1.50
2011.05.04 18:05:40.499,0.63718,0.63747,2.25,1.50
2011.05.04 18:05:41.049,0.63718,0.63748,2.25,1.50
2011.05.04 18:05:41.156,0.63718,0.63744,2.25,1.50
2011.05.04 18:05:42.817,0.63718,0.63742,2.25,2.25
2011.05.04 18:05:42.926,0.63717,0.63744,2.25,1.50
2011.05.04 18:05:48.899,0.63711,0.63742,1.35,2.25
2011.05.04 18:05:53.249,0.63709,0.63737,2.25,2.10
2011.05.04 18:05:53.703,0.63702,0.63718,1.50,2.10
2011.05.04 18:05:53.929,0.63698,0.63718,2.25,2.10
2011.05.04 18:05:54.039,0.6369,0.63718,1.50,2.10
2011.05.04 18:05:54.479,0.6369,0.63712,1.50,2.25
2011.05.04 18:05:54.588,0.63688,0.63712,1.50,2.25
2011.05.04 18:05:54.697,0.63678,0.63709,2.25,2.10
2011.05.04 18:05:55.027,0.63678,0.63704,2.25,1.50
2011.05.04 18:05:58.630,0.63678,0.63711,2.25,5.10
2011.05.04 18:05:58.851,0.63678,0.63712,4.35,2.25
2011.05.04 18:06:03.099,0.63681,0.63712,1.50,2.25
2011.05.04 18:06:03.856,0.63683,0.63712,1.50,2.25
2011.05.04 18:06:06.086,0.63682,0.63712,1.50,2.25
2011.05.04 18:06:14.197,0.63681,0.63712,1.50,2.25
2011.05.04 18:06:14.746,0.63679,0.63712,2.10,2.25
2011.05.04 18:06:24.497,0.63679,0.63712,1.50,2.85
2011.05.04 18:06:24.938,0.63678,0.63704,2.25,1.50
2011.05.04 18:06:42.856,0.63678,0.63703,2.25,1.50
2011.05.04 18:06:47.846,0.63678,0.63704,2.25,2.10
2011.05.04 18:06:53.316,0.63669,0.63703,3.60,2.25
2011.05.04 18:06:53.755,0.63669,0.63701,2.10,1.50
2011.05.04 18:06:58.468,0.63668,0.63701,1.35,3.60
2011.05.04 18:06:59.730,0.63677,0.63703,2.25,2.85
2011.05.04 18:07:03.408,0.63678,0.63703,2.25,1.50
2011.05.04 18:07:03.627,0.63678,0.63708,2.25,3.60
2011.05.04 18:07:26.426,0.63678,0.6371,2.85,2.10
2011.05.04 18:07:28.806,0.63679,0.63712,1.35,4.35
2011.05.04 18:07:29.406,0.63679,0.63704,1.35,1.50
2011.05.04 18:07:29.737,0.63678,0.63708,2.85,1.50
2011.05.04 18:07:29.846,0.63678,0.6371,2.85,2.10
2011.05.04 18:07:42.126,0.63678,0.63707,2.25,2.10
2011.05.04 18:07:42.456,0.63677,0.63703,2.25,5.85
2011.05.04 18:07:42.566,0.63675,0.63702,1.50,2.85
2011.05.04 18:07:42.785,0.63673,0.63702,1.50,2.85
2011.05.04 18:07:43.517,0.63671,0.63702,2.10,2.85
2011.05.04 18:07:46.666,0.63673,0.63702,1.50,2.85
2011.05.04 18:07:47.435,0.6367,0.63702,5.10,2.85
2011.05.04 18:07:47.767,0.63669,0.63694,1.50,1.50
2011.05.04 18:07:48.315,0.63668,0.63694,2.25,1.50
2011.05.04 18:07:58.229,0.63668,0.63692,2.25,1.50
2011.05.04 18:07:58.337,0.63658,0.63692,4.35,4.35
2011.05.04 18:07:58.447,0.63658,0.63688,2.85,1.50
2011.05.04 18:07:58.887,0.63658,0.63687,2.25,2.10
2011.05.04 18:07:59.437,0.63658,0.63689,2.85,1.50
2011.05.04 18:07:59.547,0.63658,0.63691,2.85,2.10
2011.05.04 18:07:59.657,0.63658,0.63691,2.25,2.10
2011.05.04 18:07:59.988,0.63658,0.63683,2.25,1.50
2011.05.04 18:08:00.097,0.63653,0.63683,2.10,3.75
2011.05.04 18:08:00.777,0.63654,0.63683,1.50,3.75
2011.05.04 18:08:01.517,0.63654,0.63683,1.50,4.35
2011.05.04 18:08:02.267,0.63653,0.63683,1.50,4.35
2011.05.04 18:08:03.416,0.63654,0.63683,1.50,4.35
2011.05.04 18:08:04.077,0.63651,0.63683,2.25,4.35
2011.05.04 18:08:04.618,0.63651,0.63683,2.25,4.35
2011.05.04 18:08:05.477,0.63649,0.63683,2.85,4.35
2011.05.04 18:08:05.809,0.63649,0.63674,2.10,1.50
2011.05.04 18:08:06.212,0.63648,0.63682,2.85,2.10
2011.05.04 18:08:08.247,0.63653,0.63683,2.10,3.75
2011.05.04 18:08:26.256,0.63657,0.63686,2.25,1.50
2011.05.04 18:08:28.496,0.63657,0.63688,2.25,2.10
2011.05.04 18:08:28.717,0.63657,0.63687,4.35,1.50
2011.05.04 18:08:28.937,0.63657,0.6369,4.35,2.10
2011.05.04 18:08:33.708,0.63657,0.63689,2.85,1.50
2011.05.04 18:08:33.929,0.63659,0.63692,2.10,1.50
2011.05.04 18:08:34.929,0.63659,0.63692,1.35,1.50
2011.05.04 18:08:37.376,0.63659,0.63691,1.35,1.50
2011.05.04 18:08:37.487,0.63658,0.63691,2.85,1.50
2011.05.04 18:08:46.129,0.63657,0.63692,2.85,1.50
2011.05.04 18:08:46.844,0.63659,0.63691,2.10,1.50
2011.05.04 18:08:47.397,0.63657,0.6369,2.85,1.50
2011.05.04 18:08:49.929,0.63657,0.63688,2.85,1.50
2011.05.04 18:08:50.038,0.63657,0.63692,2.85,1.50
2011.05.04 18:08:50.258,0.63654,0.63683,1.50,2.25
2011.05.04 18:08:50.368,0.63648,0.63682,2.25,1.50
2011.05.04 18:08:50.917,0.6365,0.63683,2.25,3.75
2011.05.04 18:08:58.298,0.6365,0.63683,3.00,1.50
2011.05.04 18:09:01.597,0.63654,0.63683,1.50,1.50
2011.05.04 18:09:02.368,0.63653,0.63683,1.50,1.50
2011.05.04 18:09:05.181,0.63653,0.63689,2.10,1.50
2011.05.04 18:09:05.289,0.63657,0.63687,2.25,1.50
2011.05.04 18:09:05.507,0.63657,0.63689,2.25,3.00
2011.05.04 18:09:06.626,0.63657,0.63693,3.75,1.50
2011.05.04 18:09:07.066,0.63653,0.63689,2.10,1.50
2011.05.04 18:09:07.395,0.63653,0.63683,2.10,1.50
2011.05.04 18:09:16.236,0.63655,0.63683,1.35,1.50
2011.05.04 18:09:19.986,0.63652,0.63683,1.35,1.50
2011.05.04 18:09:23.576,0.63652,0.63683,1.73,1.50
2011.05.04 18:09:23.797,0.63658,0.63692,1.50,1.50
2011.05.04 18:09:24.596,0.63668,0.63699,2.25,1.50
2011.05.04 18:09:25.260,0.63668,0.63701,2.25,1.50
2011.05.04 18:09:29.777,0.63668,0.63701,2.25,2.10
2011.05.04 18:09:29.998,0.63662,0.63696,1.50,1.50
2011.05.04 18:09:30.106,0.63666,0.637,1.50,2.10
2011.05.04 18:09:36.759,0.63667,0.637,2.85,1.50
2011.05.04 18:09:37.089,0.63676,0.63701,2.10,1.50
2011.05.04 18:09:37.198,0.6367,0.63701,2.10,1.50
2011.05.04 18:09:37.528,0.6367,0.63704,3.60,2.10
2011.05.04 18:09:37.909,0.63674,0.63704,2.10,1.50
2011.05.04 18:09:38.127,0.63674,0.63706,2.10,1.50
2011.05.04 18:09:38.729,0.63674,0.63709,2.10,1.50
2011.05.04 18:09:39.696,0.63677,0.63712,1.35,3.75
2011.05.04 18:09:40.130,0.63677,0.6371,1.35,1.50
2011.05.04 18:09:40.478,0.63674,0.63708,3.60,1.50
2011.05.04 18:09:40.587,0.63676,0.63712,2.10,3.75
2011.05.04 18:09:40.989,0.63676,0.6371,2.10,1.50
2011.05.04 18:09:41.334,0.63674,0.63708,3.60,1.50
2011.05.04 18:09:41.576,0.63676,0.63712,2.10,3.75
2011.05.04 18:09:42.058,0.63674,0.63708,5.10,1.50
2011.05.04 18:09:42.606,0.63676,0.6371,2.10,1.50
2011.05.04 18:09:42.716,0.63676,0.63712,2.10,3.75
2011.05.04 18:09:43.501,0.63674,0.63705,2.10,1.50
2011.05.04 18:09:43.728,0.63671,0.63702,2.10,2.25
2011.05.04 18:09:44.828,0.63667,0.63701,2.10,1.50
2011.05.04 18:09:45.377,0.63668,0.63702,2.10,2.25
2011.05.04 18:09:45.707,0.63668,0.63702,1.50,3.00
2011.05.04 18:09:45.926,0.63664,0.63698,1.50,1.50
2011.05.04 18:09:46.258,0.63663,0.63693,2.10,1.50
2011.05.04 18:09:55.698,0.63664,0.63693,1.50,1.50
2011.05.04 18:10:03.368,0.63667,0.63693,2.25,1.50
2011.05.04 18:10:03.476,0.63665,0.63693,1.50,1.50
2011.05.04 18:10:04.178,0.63665,0.63694,1.50,1.50
2011.05.04 18:10:15.266,0.63663,0.63694,3.60,1.50
2011.05.04 18:10:19.349,0.63663,0.63697,2.10,1.50
2011.05.04 18:10:19.896,0.63661,0.63695,2.85,1.50
2011.05.04 18:10:20.657,0.63661,0.63693,2.85,1.50
2011.05.04 18:10:22.106,0.63661,0.63695,2.85,1.50
2011.05.04 18:10:27.297,0.63661,0.63694,2.10,1.50
2011.05.04 18:10:32.696,0.63663,0.63697,1.50,2.10
2011.05.04 18:10:33.026,0.6366,0.63696,1.50,1.50
2011.05.04 18:10:51.227,0.63658,0.63689,2.85,1.50
2011.05.04 18:10:51.447,0.63652,0.63686,1.50,1.50
2011.05.04 18:10:56.669,0.63649,0.63682,1.50,2.10
2011.05.04 18:10:57.139,0.63644,0.63673,1.50,2.25
2011.05.04 18:10:57.468,0.63641,0.63673,1.50,2.25
2011.05.04 18:10:58.618,0.63642,0.63673,1.50,2.85
2011.05.04 18:10:59.911,0.63644,0.63674,1.50,2.10
2011.05.04 18:11:00.347,0.63644,0.6368,1.50,2.10
2011.05.04 18:11:00.857,0.63645,0.63679,1.50,2.10
2011.05.04 18:11:01.079,0.63643,0.63677,1.50,1.50
2011.05.04 18:11:01.629,0.63637,0.63668,2.85,1.50
2011.05.04 18:11:01.958,0.63631,0.63657,2.25,2.10
2011.05.04 18:11:02.179,0.63629,0.63657,2.25,2.10
2011.05.04 18:11:04.259,0.63625,0.63657,2.85,2.10
2011.05.04 18:11:04.588,0.63622,0.63652,2.85,1.50
2011.05.04 18:11:04.808,0.63622,0.63654,3.23,1.50
2011.05.04 18:11:04.919,0.63627,0.63654,2.25,1.50
2011.05.04 18:11:05.446,0.63627,0.63657,2.25,3.60
2011.05.04 18:11:11.516,0.6363,0.6366,2.10,2.10
2011.05.04 18:11:12.518,0.6363,0.63654,2.10,1.50
2011.05.04 18:11:12.977,0.6363,0.6366,2.10,2.10
2011.05.04 18:11:15.260,0.63632,0.63663,2.10,2.25
2011.05.04 18:11:15.718,0.63637,0.63664,3.75,1.50
2011.05.04 18:11:16.348,0.63638,0.63664,1.50,1.50
2011.05.04 18:11:19.576,0.63638,0.63672,3.60,1.50
2011.05.04 18:11:20.126,0.63642,0.63673,1.50,3.75
2011.05.04 18:11:22.677,0.63641,0.63673,2.10,3.75
2011.05.04 18:11:24.747,0.63638,0.63674,6.60,1.50
2011.05.04 18:11:25.187,0.63644,0.63676,1.50,1.50
2011.05.04 18:11:25.560,0.63641,0.63675,2.85,1.50
2011.05.04 18:11:26.997,0.63641,0.63672,1.35,1.50
2011.05.04 18:11:31.887,0.63641,0.63675,1.35,1.50
2011.05.04 18:11:32.446,0.63641,0.63674,1.35,1.50
2011.05.04 18:11:35.637,0.63642,0.63674,2.85,1.50
2011.05.04 18:11:35.859,0.63646,0.63676,1.35,1.50
2011.05.04 18:11:36.418,0.63646,0.6368,2.85,1.50
2011.05.04 18:11:36.637,0.63646,0.63676,1.35,1.50
2011.05.04 18:11:36.857,0.63646,0.6368,2.85,1.50
2011.05.04 18:11:37.406,0.63646,0.63677,1.35,1.50
2011.05.04 18:11:37.778,0.63646,0.63679,1.35,1.50
2011.05.04 18:11:37.886,0.63646,0.63681,1.35,1.50
2011.05.04 18:11:38.658,0.63646,0.63676,1.35,1.50
2011.05.04 18:11:38.986,0.63646,0.63678,1.35,1.50
2011.05.04 18:11:39.096,0.63646,0.6368,2.10,1.50
2011.05.04 18:11:39.766,0.63646,0.63679,2.10,1.50
2011.05.04 18:11:39.876,0.63642,0.63676,4.35,1.50
2011.05.04 18:11:45.106,0.63642,0.63677,2.85,1.50
2011.05.04 18:11:50.787,0.63642,0.63676,4.35,1.50
2011.05.04 18:11:51.558,0.63642,0.63677,2.85,1.50
2011.05.04 18:11:54.556,0.63645,0.63679,2.10,1.50
2011.05.04 18:11:54.666,0.63645,0.63681,2.10,1.50
2011.05.04 18:11:55.097,0.63645,0.63679,2.10,1.50
2011.05.04 18:11:55.426,0.63645,0.63681,2.10,1.50
2011.05.04 18:11:55.723,0.63645,0.63678,2.10,1.50
2011.05.04 18:11:56.327,0.63646,0.6368,2.10,1.50
2011.05.04 18:11:57.337,0.63646,0.63679,2.10,1.50
2011.05.04 18:11:57.447,0.63642,0.63677,2.10,1.50
2011.05.04 18:11:58.708,0.63641,0.63665,1.50,1.35
2011.05.04 18:11:58.928,0.63622,0.63657,1.35,1.50
2011.05.04 18:11:59.148,0.63622,0.63654,1.35,1.50
2011.05.04 18:11:59.475,0.63618,0.63651,1.35,1.50
2011.05.04 18:12:00.048,0.63618,0.63652,1.35,2.25
2011.05.04 18:12:01.237,0.63616,0.63652,2.85,2.25
2011.05.04 18:12:01.456,0.63616,0.63652,2.85,2.25
2011.05.04 18:12:04.017,0.63615,0.63649,2.48,1.50
2011.05.04 18:12:04.676,0.63617,0.6365,2.85,1.50
2011.05.04 18:12:05.227,0.63617,0.63649,2.85,1.50
2011.05.04 18:12:05.557,0.63617,0.63651,2.85,1.50
2011.05.04 18:12:05.777,0.63623,0.63651,2.10,1.50
2011.05.04 18:12:05.996,0.63623,0.63657,3.60,3.60
2011.05.04 18:12:06.969,0.63625,0.63654,1.35,1.50
2011.05.04 18:12:07.077,0.63626,0.63659,1.50,1.50
2011.05.04 18:12:07.298,0.63627,0.63662,4.50,3.00
2011.05.04 18:12:07.674,0.63631,0.63663,1.50,3.75
2011.05.04 18:12:11.616,0.63631,0.63662,1.50,2.25
2011.05.04 18:12:12.186,0.6363,0.63662,1.50,2.25
2011.05.04 18:12:14.198,0.63628,0.63662,3.00,2.25
2011.05.04 18:12:14.526,0.63638,0.63669,2.25,2.10
2011.05.04 18:12:14.636,0.63633,0.63669,1.50,2.10
2011.05.04 18:12:15.186,0.63632,0.63668,2.25,2.10
2011.05.04 18:12:16.066,0.63637,0.63668,2.25,2.10
2011.05.04 18:12:17.738,0.63637,0.63669,2.25,1.50
2011.05.04 18:12:18.287,0.63637,0.63667,2.25,1.50
2011.05.04 18:12:18.630,0.63637,0.63664,2.25,1.50
2011.05.04 18:12:18.740,0.63637,0.63666,2.25,1.50
2011.05.04 18:12:18.859,0.63637,0.63664,2.25,1.50
2011.05.04 18:12:19.081,0.6363,0.63664,2.10,1.50
2011.05.04 18:12:19.189,0.63629,0.63662,2.10,3.75
2011.05.04 18:12:19.518,0.63631,0.63664,2.10,1.50
2011.05.04 18:12:20.067,0.63632,0.63664,1.50,1.50
2011.05.04 18:12:20.576,0.63627,0.63664,6.98,3.00
2011.05.04 18:12:21.367,0.6363,0.63664,2.10,3.60
2011.05.04 18:12:24.278,0.63637,0.63665,2.25,2.10
2011.05.04 18:12:24.718,0.63637,0.63665,4.35,1.50
2011.05.04 18:12:25.399,0.63637,0.63668,4.35,2.10
2011.05.04 18:12:27.507,0.63637,0.63665,4.35,1.50
2011.05.04 18:12:28.118,0.63637,0.63664,4.35,1.50
2011.05.04 18:12:28.337,0.63627,0.63657,2.25,2.10
2011.05.04 18:12:28.667,0.63626,0.63657,2.25,3.60
2011.05.04 18:12:28.998,0.63626,0.63657,2.25,3.60
2011.05.04 18:12:29.216,0.63628,0.63657,2.25,2.10
2011.05.04 18:12:30.497,0.63628,0.63661,2.85,1.50
2011.05.04 18:12:33.877,0.63627,0.63657,2.10,1.50
2011.05.04 18:12:34.207,0.63627,0.63654,2.10,1.50
2011.05.04 18:12:40.927,0.63627,0.6366,2.10,1.50
2011.05.04 18:12:41.039,0.63628,0.63657,3.23,1.50
2011.05.04 18:12:41.366,0.63628,0.63659,3.23,1.50
2011.05.04 18:12:41.588,0.63628,0.63661,3.23,1.50
2011.05.04 18:12:41.808,0.63628,0.63659,3.23,1.50
2011.05.04 18:12:42.136,0.63628,0.63661,3.23,1.50
2011.05.04 18:12:43.729,0.63628,0.6366,2.85,1.50
2011.05.04 18:12:46.196,0.63628,0.63661,2.85,1.50
2011.05.04 18:12:52.346,0.63627,0.63659,5.10,1.50
2011.05.04 18:12:53.839,0.63627,0.63658,5.10,1.50
2011.05.04 18:12:56.817,0.63627,0.63657,6.60,1.50
2011.05.04 18:13:00.037,0.63627,0.63659,6.60,1.50
2011.05.04 18:13:00.586,0.63627,0.6366,6.60,2.25
2011.05.04 18:13:01.256,0.63627,0.63659,6.60,1.50
2011.05.04 18:13:02.686,0.63627,0.63661,6.60,3.00
2011.05.04 18:13:03.174,0.63627,0.63659,5.10,1.50
2011.05.04 18:13:03.717,0.6363,0.63663,2.10,3.75
2011.05.04 18:13:04.907,0.63627,0.63662,7.35,1.50
2011.05.04 18:13:09.758,0.63634,0.63662,2.85,1.50
2011.05.04 18:13:10.307,0.63634,0.63663,3.60,1.50
2011.05.04 18:13:35.879,0.63634,0.63662,2.10,2.25
2011.05.04 18:13:36.208,0.63628,0.63662,4.73,3.75
2011.05.04 18:13:38.897,0.63631,0.63662,1.50,2.25
2011.05.04 18:13:39.852,0.63638,0.63662,2.10,2.25
2011.05.04 18:13:40.289,0.63638,0.63667,2.10,1.50
2011.05.04 18:13:40.508,0.63638,0.63669,2.10,1.50
2011.05.04 18:13:40.730,0.63638,0.63672,4.35,2.25
2011.05.04 18:13:41.057,0.63638,0.6367,4.35,1.50
2011.05.04 18:13:41.659,0.63638,0.63672,4.35,2.25
2011.05.04 18:13:42.456,0.63638,0.63671,4.35,1.50
2011.05.04 18:13:43.149,0.63638,0.63672,4.35,2.25
2011.05.04 18:13:43.478,0.63638,0.6367,4.35,1.50
2011.05.04 18:13:43.747,0.63638,0.63672,4.35,2.25
2011.05.04 18:13:44.257,0.63638,0.63673,4.35,2.10
2011.05.04 18:13:44.698,0.63643,0.63674,2.10,3.75
2011.05.04 18:13:45.266,0.63643,0.63675,2.10,1.50
2011.05.04 18:13:50.139,0.63643,0.63674,2.10,1.50
2011.05.04 18:13:54.198,0.63643,0.63675,2.10,1.50
2011.05.04 18:13:54.746,0.63643,0.63676,2.10,1.50
2011.05.04 18:13:58.596,0.63643,0.63677,3.60,2.10
2011.05.04 18:14:01.197,0.63643,0.63676,2.10,1.50
2011.05.04 18:14:02.178,0.63647,0.63676,2.10,1.50
2011.05.04 18:14:02.726,0.63647,0.63677,4.35,1.50
2011.05.04 18:14:02.837,0.63647,0.63679,4.35,1.50
2011.05.04 18:14:03.416,0.63647,0.6368,4.35,1.50
2011.05.04 18:14:11.358,0.63647,0.63682,4.35,1.50
2011.05.04 18:14:12.486,0.63647,0.63679,4.35,1.50
2011.05.04 18:14:16.947,0.63647,0.63681,4.35,1.50
2011.05.04 18:14:17.948,0.63652,0.63681,2.10,1.50
2011.05.04 18:14:18.758,0.63652,0.63678,2.10,1.50
2011.05.04 18:14:19.437,0.63652,0.63679,2.10,1.50
2011.05.04 18:14:22.248,0.63667,0.63688,2.10,1.50
2011.05.04 18:14:22.358,0.63668,0.63702,2.10,2.10
2011.05.04 18:14:22.468,0.63673,0.63703,2.10,4.50
2011.05.04 18:14:22.798,0.63673,0.63699,2.10,1.50
2011.05.04 18:14:23.017,0.63666,0.63696,2.10,1.50
2011.05.04 18:14:23.127,0.63666,0.637,2.10,1.50
2011.05.04 18:14:24.199,0.63666,0.63701,2.85,1.50
2011.05.04 18:14:24.746,0.63667,0.63703,2.85,1.50
2011.05.04 18:14:24.971,0.6367,0.63706,1.35,1.50
2011.05.04 18:14:25.369,0.63677,0.63708,2.85,1.50
2011.05.04 18:14:25.817,0.63677,0.63706,2.85,1.50
2011.05.04 18:14:26.368,0.63672,0.63705,2.10,1.50
2011.05.04 18:14:27.389,0.63678,0.63705,2.25,1.50
2011.05.04 18:14:27.497,0.63678,0.63712,2.25,3.75
2011.05.04 18:14:28.157,0.63678,0.63711,2.25,1.50
2011.05.04 18:14:28.706,0.63678,0.6371,2.25,1.50
2011.05.04 18:14:42.837,0.63678,0.63709,2.25,1.50
2011.05.04 18:14:43.057,0.63677,0.63711,4.35,1.50
2011.05.04 18:14:43.277,0.63679,0.63715,1.50,1.50
2011.05.04 18:14:43.497,0.63677,0.63713,5.10,1.50
2011.05.04 18:14:44.249,0.63677,0.63712,3.60,1.50
2011.05.04 18:14:44.807,0.63677,0.63712,3.60,1.50
2011.05.04 18:14:54.404,0.63678,0.63713,2.25,1.50
2011.05.04 18:14:55.108,0.63678,0.63714,2.25,1.50
2011.05.04 18:14:55.517,0.63677,0.63711,5.10,1.50
2011.05.04 18:14:57.119,0.63682,0.63711,2.85,1.50
2011.05.04 18:14:58.846,0.63682,0.63713,2.85,1.50
2011.05.04 18:15:00.908,0.63682,0.63709,2.85,1.50
2011.05.04 18:15:01.018,0.63682,0.63711,2.85,1.50
2011.05.04 18:15:14.428,0.63682,0.63706,2.10,1.50
2011.05.04 18:15:14.759,0.63672,0.63706,3.23,1.50
2011.05.04 18:15:14.867,0.63672,0.63701,3.23,1.50
2011.05.04 18:15:14.979,0.63672,0.63703,2.85,1.50
2011.05.04 18:15:17.087,0.63672,0.63702,2.85,1.50
2011.05.04 18:15:21.098,0.63676,0.63703,1.35,1.50
2011.05.04 18:15:26.097,0.63676,0.63706,1.35,1.50
2011.05.04 18:15:30.437,0.63676,0.63709,1.35,1.50
2011.05.04 18:15:30.657,0.63676,0.63707,1.35,1.50
2011.05.04 18:15:32.189,0.63681,0.63707,2.10,1.50
2011.05.04 18:15:32.300,0.63681,0.6371,2.10,1.50
2011.05.04 18:15:32.408,0.63681,0.63707,2.10,1.50
2011.05.04 18:15:40.628,0.63681,0.63706,2.10,1.50
2011.05.04 18:15:43.047,0.63681,0.63709,2.10,1.50
2011.05.04 18:15:53.617,0.63681,0.63706,2.10,1.50
2011.05.04 18:16:01.217,0.63681,0.63708,2.10,1.50
2011.05.04 18:16:01.439,0.63682,0.6371,1.35,1.50
2011.05.04 18:16:03.268,0.63681,0.63707,2.10,1.50
2011.05.04 18:16:03.818,0.63681,0.63706,2.10,1.50
2011.05.04 18:16:06.788,0.63681,0.63709,2.10,1.50
2011.05.04 18:16:20.337,0.63681,0.63705,2.10,1.50
2011.05.04 18:16:26.316,0.63681,0.63706,2.10,1.50
2011.05.04 18:16:29.173,0.63681,0.63708,2.10,1.50
2011.05.04 18:16:29.868,0.63681,0.63709,2.10,1.50
2011.05.04 18:16:32.300,0.63677,0.63709,3.00,1.50
2011.05.04 18:16:34.378,0.63682,0.63709,1.13,1.50
2011.05.04 18:16:34.708,0.63701,0.63728,2.10,1.50
2011.05.04 18:16:34.818,0.63703,0.63733,2.10,4.50
2011.05.04 18:16:35.037,0.63703,0.63731,1.50,2.10
2011.05.04 18:16:35.412,0.63693,0.63727,1.50,2.10
2011.05.04 18:16:35.631,0.63692,0.63723,1.50,2.25
2011.05.04 18:16:35.958,0.63685,0.63721,2.25,1.50
2011.05.04 18:16:36.347,0.63685,0.63719,2.25,1.50
2011.05.04 18:16:37.228,0.63687,0.63721,3.75,1.50
2011.05.04 18:16:37.757,0.63687,0.63721,4.35,1.50
2011.05.04 18:16:38.088,0.63689,0.63723,3.60,1.50
2011.05.04 18:16:38.637,0.63688,0.63722,2.48,1.50
2011.05.04 18:16:39.567,0.63692,0.63726,1.50,1.50
2011.05.04 18:16:39.898,0.63689,0.63723,2.10,1.50
2011.05.04 18:16:40.457,0.63688,0.63722,2.48,1.50
2011.05.04 18:16:41.006,0.63688,0.63722,2.85,2.25
2011.05.04 18:16:41.519,0.63688,0.63723,2.85,1.50
2011.05.04 18:16:43.088,0.63702,0.63723,2.10,1.50
2011.05.04 18:16:43.419,0.63707,0.63734,2.25,2.10
2011.05.04 18:16:43.528,0.63707,0.63724,2.25,2.85
2011.05.04 18:16:43.638,0.63696,0.63724,1.50,2.85
2011.05.04 18:16:43.749,0.63691,0.63724,2.10,5.10
2011.05.04 18:16:44.121,0.63692,0.63717,1.50,2.10
2011.05.04 18:16:44.227,0.6369,0.63717,1.50,2.10
2011.05.04 18:16:44.777,0.63688,0.6372,2.10,3.60
2011.05.04 18:16:45.707,0.63687,0.63719,2.85,1.50
2011.05.04 18:16:45.818,0.63688,0.63722,2.48,1.50
2011.05.04 18:16:45.927,0.63698,0.63722,2.25,1.50
2011.05.04 18:16:46.148,0.63698,0.63727,2.25,1.50
2011.05.04 18:16:46.917,0.63698,0.63724,2.25,1.50
2011.05.04 18:16:49.491,0.63688,0.6372,2.85,1.50
2011.05.04 18:16:49.610,0.63689,0.63723,1.50,3.00
2011.05.04 18:16:50.177,0.63688,0.63721,2.85,1.50
2011.05.04 18:16:50.627,0.63697,0.63724,2.25,1.50
2011.05.04 18:16:51.177,0.63697,0.63723,2.25,1.50
2011.05.04 18:16:52.847,0.63697,0.6372,2.25,1.50
2011.05.04 18:16:52.958,0.63687,0.6372,2.85,1.50
2011.05.04 18:16:53.396,0.63689,0.63723,1.50,3.00
2011.05.04 18:16:53.768,0.63694,0.63723,2.48,1.50
2011.05.04 18:16:54.098,0.63698,0.6373,3.75,1.35
2011.05.04 18:16:54.209,0.63698,0.63728,1.50,2.85
2011.05.04 18:16:54.318,0.6369,0.63724,1.50,2.10
2011.05.04 18:16:54.647,0.63688,0.63721,2.25,1.50
2011.05.04 18:16:55.500,0.63689,0.63723,1.50,1.50
2011.05.04 18:16:57.918,0.63689,0.63723,2.48,1.50
2011.05.04 18:16:58.137,0.63696,0.6373,1.50,2.25
2011.05.04 18:16:58.707,0.63697,0.63731,3.75,3.00
2011.05.04 18:17:00.477,0.63697,0.63728,5.85,1.35
2011.05.04 18:17:01.030,0.637,0.6373,2.10,1.50
2011.05.04 18:17:01.510,0.63707,0.6373,2.25,1.50
2011.05.04 18:17:02.159,0.63707,0.63731,2.25,1.50
2011.05.04 18:17:08.377,0.63707,0.63732,2.25,1.50
2011.05.04 18:17:08.862,0.63707,0.6373,2.25,1.50
2011.05.04 18:17:09.088,0.63707,0.63732,2.25,1.50
2011.05.04 18:17:10.857,0.63707,0.63733,2.25,2.10
2011.05.04 18:17:11.297,0.63707,0.63737,2.85,2.10
2011.05.04 18:17:11.838,0.63707,0.63739,2.25,2.10
2011.05.04 18:17:14.557,0.63707,0.63737,2.25,1.50
2011.05.04 18:17:16.460,0.63718,0.63737,2.25,1.50
2011.05.04 18:17:16.680,0.63718,0.63741,2.25,2.10
2011.05.04 18:17:16.899,0.63718,0.63741,2.25,1.50
2011.05.04 18:17:17.008,0.63718,0.63743,2.25,1.50
2011.05.04 18:17:17.229,0.63718,0.63741,2.25,1.50
2011.05.04 18:17:17.559,0.63708,0.63741,3.00,2.10
2011.05.04 18:17:17.668,0.63718,0.63741,2.25,2.10
2011.05.04 18:17:17.998,0.63708,0.6374,2.25,1.50
2011.05.04 18:17:18.108,0.63718,0.6374,2.25,1.50
2011.05.04 18:17:18.218,0.63707,0.6374,4.50,1.50
2011.05.04 18:17:19.507,0.63707,0.63736,4.50,1.50
2011.05.04 18:17:20.058,0.63707,0.63737,3.75,1.50
2011.05.04 18:17:21.569,0.63717,0.63743,2.25,2.10
2011.05.04 18:17:21.787,0.63707,0.6374,2.63,1.50
2011.05.04 18:17:22.918,0.63707,0.6374,3.00,1.50
2011.05.04 18:17:23.028,0.63714,0.63741,2.10,1.50
2011.05.04 18:17:23.359,0.63718,0.63742,2.25,1.50
2011.05.04 18:17:23.689,0.63709,0.63742,2.10,2.10
2011.05.04 18:17:24.130,0.63717,0.63744,2.25,5.10
2011.05.04 18:17:25.087,0.63717,0.63744,2.25,3.00
2011.05.04 18:17:25.638,0.63717,0.63748,2.25,2.10
2011.05.04 18:17:25.858,0.63718,0.63744,2.25,1.50
2011.05.04 18:17:26.078,0.63718,0.63749,2.25,1.50
2011.05.04 18:17:28.098,0.63718,0.63747,2.25,2.25
2011.05.04 18:17:29.020,0.63718,0.63743,2.25,2.10
2011.05.04 18:17:39.420,0.63718,0.63743,2.85,1.50
2011.05.04 18:17:39.914,0.63718,0.63746,2.25,3.00
2011.05.04 18:17:40.248,0.63717,0.63748,2.25,2.25
2011.05.04 18:17:40.580,0.63717,0.6375,2.85,3.00
2011.05.04 18:17:40.688,0.63718,0.63754,2.10,3.75
2011.05.04 18:17:41.547,0.63717,0.63749,4.35,1.50
2011.05.04 18:17:41.877,0.63717,0.63746,2.25,1.50
2011.05.04 18:17:42.207,0.63717,0.63744,2.25,1.50
2011.05.04 18:17:44.558,0.63707,0.63741,7.35,1.50
2011.05.04 18:17:44.926,0.63707,0.63741,3.75,2.10
2011.05.04 18:17:48.927,0.63707,0.63743,4.13,2.10
2011.05.04 18:17:49.259,0.63727,0.63758,2.85,1.50
2011.05.04 18:17:49.665,0.6373,0.63764,1.50,3.75
2011.05.04 18:17:49.779,0.63737,0.63764,2.25,3.00
2011.05.04 18:17:49.999,0.63731,0.63764,1.50,2.10
2011.05.04 18:17:50.108,0.63727,0.63763,3.75,2.10
2011.05.04 18:17:50.219,0.6373,0.63764,1.50,2.10
2011.05.04 18:17:50.438,0.63727,0.63761,5.25,2.10
2011.05.04 18:17:50.548,0.63727,0.63758,3.75,1.50
2011.05.04 18:17:55.327,0.63727,0.63758,3.75,2.10
2011.05.04 18:17:58.859,0.63727,0.63753,2.25,1.50
2011.05.04 18:17:59.077,0.63727,0.63756,3.75,2.10
2011.05.04 18:17:59.518,0.63727,0.63751,2.25,2.10
2011.05.04 18:17:59.627,0.63719,0.63751,2.48,2.10
2011.05.04 18:17:59.957,0.63719,0.63753,1.50,3.60
2011.05.04 18:18:00.508,0.63717,0.6375,3.00,2.10
2011.05.04 18:18:01.168,0.63718,0.63753,1.50,2.10
2011.05.04 18:18:01.387,0.6372,0.63753,1.50,2.10
2011.05.04 18:18:01.498,0.63717,0.63751,3.00,2.10
2011.05.04 18:18:01.899,0.63717,0.63743,3.00,1.50
2011.05.04 18:18:02.417,0.63717,0.63744,2.25,1.35
2011.05.04 18:18:02.967,0.63717,0.63743,2.25,1.50
2011.05.04 18:18:04.687,0.63719,0.63743,2.10,1.50
2011.05.04 18:18:04.798,0.63719,0.63746,2.10,1.50
2011.05.04 18:18:04.908,0.63727,0.63752,2.25,2.10
2011.05.04 18:18:05.238,0.63722,0.63754,2.10,3.60
2011.05.04 18:18:05.460,0.63717,0.63748,5.85,2.10
2011.05.04 18:18:05.787,0.63717,0.63744,5.85,1.50
2011.05.04 18:18:10.949,0.63717,0.63744,2.85,1.50
2011.05.04 18:18:11.499,0.63722,0.63753,2.10,3.00
2011.05.04 18:18:12.140,0.63728,0.63753,2.85,1.50
2011.05.04 18:18:12.247,0.63728,0.63758,2.85,2.10
2011.05.04 18:18:12.469,0.63738,0.63761,2.25,2.10
2011.05.04 18:18:12.577,0.63738,0.63763,2.25,1.50
2011.05.04 18:18:12.798,0.63738,0.63769,2.25,2.10
2011.05.04 18:18:12.908,0.63738,0.63769,2.85,1.50
2011.05.04 18:18:13.568,0.63737,0.63767,2.85,1.50
2011.05.04 18:18:13.940,0.63747,0.63767,2.25,1.50
2011.05.04 18:18:14.167,0.63747,0.63773,2.25,2.10
2011.05.04 18:18:14.718,0.63747,0.6377,2.25,1.50
2011.05.04 18:18:15.557,0.63747,0.63769,2.25,1.50
2011.05.04 18:18:21.378,0.63737,0.63769,2.85,1.50
2011.05.04 18:18:21.488,0.63737,0.63771,2.85,2.10
2011.05.04 18:18:23.522,0.63747,0.63772,2.25,1.50
2011.05.04 18:18:24.078,0.63747,0.63773,2.25,2.10
2011.05.04 18:18:24.408,0.63747,0.63771,2.25,1.50
2011.05.04 18:18:26.778,0.63747,0.63773,2.25,1.50
2011.05.04 18:18:30.297,0.6374,0.63773,3.60,1.50
2011.05.04 18:18:33.197,0.63748,0.63773,2.25,1.50
2011.05.04 18:18:41.128,0.63748,0.63773,2.25,2.10
2011.05.04 18:18:41.349,0.63742,0.63773,1.50,2.10
2011.05.04 18:18:41.567,0.63739,0.63773,3.00,2.10
2011.05.04 18:18:43.310,0.63738,0.63773,3.00,2.10
2011.05.04 18:18:44.298,0.63739,0.63773,1.50,2.10
2011.05.04 18:18:44.627,0.63737,0.63769,4.35,1.50
2011.05.04 18:18:45.159,0.63737,0.63764,2.85,1.50
2011.05.04 18:18:46.449,0.63737,0.63764,2.25,2.10
2011.05.04 18:18:46.819,0.63731,0.63764,2.25,2.10
2011.05.04 18:18:47.400,0.63731,0.63764,1.50,2.85
2011.05.04 18:18:47.837,0.63728,0.63762,4.35,2.25
2011.05.04 18:18:55.647,0.63728,0.63761,2.85,1.50
2011.05.04 18:18:55.761,0.63728,0.63759,2.85,1.50
2011.05.04 18:18:56.538,0.63728,0.63758,2.85,1.50
2011.05.04 18:19:00.098,0.6373,0.63763,1.50,1.35
2011.05.04 18:19:00.889,0.63728,0.63764,2.10,3.60
2011.05.04 18:19:02.769,0.63729,0.63759,1.50,2.10
2011.05.04 18:19:03.372,0.63728,0.63759,1.50,2.10
2011.05.04 18:19:03.698,0.63738,0.63759,2.25,2.10
2011.05.04 18:19:04.797,0.63738,0.63764,2.25,2.10
2011.05.04 18:19:09.739,0.63738,0.63761,2.25,2.10
2011.05.04 18:19:10.069,0.63733,0.63763,1.35,2.85
2011.05.04 18:19:24.339,0.63737,0.63763,2.85,1.50
2011.05.04 18:19:26.328,0.63737,0.63765,2.85,2.10
2011.05.04 18:19:26.768,0.63741,0.63769,2.10,1.50
2011.05.04 18:19:26.988,0.63741,0.63773,2.10,2.10
2011.05.04 18:19:27.839,0.63745,0.63773,2.10,1.50
2011.05.04 18:19:27.950,0.63745,0.63777,2.10,2.10
2011.05.04 18:19:28.658,0.63747,0.63778,2.85,1.50
2011.05.04 18:19:28.768,0.63747,0.63778,2.25,1.50
2011.05.04 18:19:28.877,0.63747,0.63774,2.25,1.50
2011.05.04 18:19:32.488,0.63747,0.63775,2.25,1.50
2011.05.04 18:19:33.908,0.63747,0.63776,2.25,1.50
2011.05.04 18:19:34.807,0.63747,0.63777,2.25,1.50
2011.05.04 18:19:35.478,0.63747,0.63778,2.25,1.50
2011.05.04 18:19:38.248,0.63747,0.63778,2.25,2.25
2011.05.04 18:19:38.468,0.63742,0.63776,1.50,1.35
2011.05.04 18:19:38.687,0.63742,0.63774,1.50,1.50
2011.05.04 18:19:42.590,0.63742,0.63774,2.10,2.10
2011.05.04 18:19:42.918,0.63751,0.63775,2.10,1.50
2011.05.04 18:19:43.138,0.63751,0.6378,2.10,1.50
2011.05.04 18:19:43.468,0.63757,0.6378,2.25,1.50
2011.05.04 18:19:43.800,0.63759,0.6378,2.10,1.50
2011.05.04 18:19:44.290,0.63759,0.63787,2.10,1.50
2011.05.04 18:19:44.398,0.63767,0.63787,2.25,1.50
2011.05.04 18:19:44.508,0.63767,0.63793,2.25,1.50
2011.05.04 18:19:45.117,0.63767,0.63794,2.25,1.50
2011.05.04 18:19:45.558,0.63767,0.63793,2.25,2.25
2011.05.04 18:19:45.670,0.63759,0.6379,2.10,2.10
2011.05.04 18:19:46.586,0.63759,0.63789,2.10,1.35
2011.05.04 18:19:46.806,0.63759,0.63789,2.10,2.10
2011.05.04 18:19:47.248,0.63759,0.63784,2.10,1.50
2011.05.04 18:19:47.358,0.63758,0.63784,2.25,1.50
2011.05.04 18:19:47.688,0.63758,0.63784,2.85,1.50
2011.05.04 18:19:47.797,0.63758,0.63789,2.85,3.60
2011.05.04 18:19:48.407,0.63758,0.63787,2.85,1.50
2011.05.04 18:19:49.658,0.63758,0.63788,2.85,1.50
2011.05.04 18:19:50.098,0.63758,0.63793,2.85,3.00
2011.05.04 18:19:52.948,0.63764,0.63793,2.10,3.00
2011.05.04 18:19:53.169,0.63768,0.63802,2.85,3.75
2011.05.04 18:19:53.391,0.63772,0.63802,1.50,2.25
2011.05.04 18:19:53.607,0.63772,0.63804,1.50,2.85
2011.05.04 18:19:54.047,0.63774,0.63804,1.50,2.85
2011.05.04 18:19:54.597,0.63772,0.63804,1.50,2.85
2011.05.04 18:19:55.939,0.63775,0.63804,2.10,1.50
2011.05.04 18:19:56.378,0.63778,0.63807,2.85,2.10
2011.05.04 18:19:56.708,0.63778,0.63809,2.85,2.25
2011.05.04 18:19:57.259,0.63778,0.6381,2.85,1.50
2011.05.04 18:19:57.787,0.63778,0.63811,2.85,1.50
2011.05.04 18:19:59.508,0.6378,0.63811,1.35,1.50
2011.05.04 18:19:59.729,0.6378,0.63813,1.35,1.50
2011.05.04 18:19:59.839,0.63787,0.63817,1.50,2.25
2011.05.04 18:20:00.387,0.63788,0.63817,2.25,1.50
2011.05.04 18:20:01.268,0.63788,0.63819,2.25,2.63
2011.05.04 18:20:02.038,0.63788,0.63816,2.25,2.10
2011.05.04 18:20:02.149,0.63785,0.63816,2.10,2.10
2011.05.04 18:20:07.858,0.63789,0.63814,2.10,1.50
2011.05.04 18:20:08.298,0.63789,0.63822,3.60,4.35
2011.05.04 18:20:10.710,0.63785,0.63814,2.10,2.10
2011.05.04 18:20:11.039,0.63801,0.63823,2.10,1.88
2011.05.04 18:20:11.148,0.63808,0.63833,2.25,2.25
2011.05.04 18:20:11.259,0.63808,0.63842,2.85,5.48
2011.05.04 18:20:11.807,0.63812,0.63842,1.50,3.60
2011.05.04 18:20:12.347,0.63812,0.63842,1.50,4.35
2011.05.04 18:20:12.948,0.63809,0.63838,1.50,1.35
2011.05.04 18:20:13.389,0.63808,0.63838,3.75,1.35
2011.05.04 18:20:13.832,0.63802,0.63834,3.60,3.00
2011.05.04 18:20:13.941,0.63801,0.63834,1.50,2.85
2011.05.04 18:20:14.699,0.638,0.63833,2.10,3.60
2011.05.04 18:20:20.607,0.63802,0.63834,1.50,2.85
2011.05.04 18:20:21.898,0.63801,0.63834,1.50,2.10
2011.05.04 18:20:23.837,0.63802,0.63834,1.50,2.10
2011.05.04 18:20:30.758,0.63804,0.63834,1.50,2.10
2011.05.04 18:20:31.289,0.63807,0.63836,1.50,2.10
2011.05.04 18:20:32.749,0.63807,0.63837,3.75,1.50
2011.05.04 18:20:32.858,0.63808,0.6384,1.50,1.35
2011.05.04 18:20:33.407,0.63807,0.63839,3.75,1.50
2011.05.04 18:20:33.740,0.63807,0.63837,3.75,1.50
2011.05.04 18:20:33.847,0.63807,0.63839,3.75,1.50
2011.05.04 18:20:33.960,0.63803,0.63833,3.60,1.50
2011.05.04 18:20:34.181,0.63798,0.63832,4.35,2.25
2011.05.04 18:20:36.459,0.63804,0.63832,2.10,4.35
2011.05.04 18:20:36.788,0.63808,0.63834,2.85,1.50
2011.05.04 18:20:37.337,0.63808,0.63835,2.85,1.50
2011.05.04 18:20:40.161,0.63808,0.63833,2.85,1.50
2011.05.04 18:20:41.497,0.63808,0.63834,2.85,1.50
2011.05.04 18:20:43.188,0.63807,0.63834,1.50,2.10
2011.05.04 18:20:43.298,0.63802,0.63833,1.35,1.50
2011.05.04 18:20:44.608,0.63807,0.63833,2.25,1.50
2011.05.04 18:20:44.828,0.63802,0.63833,1.35,1.50
2011.05.04 18:20:45.049,0.63807,0.63833,2.25,1.50
2011.05.04 18:20:45.737,0.63802,0.63833,1.35,1.50
2011.05.04 18:20:45.848,0.63808,0.63833,2.25,1.50
2011.05.04 18:20:48.238,0.63808,0.63829,2.25,2.10
2011.05.04 18:20:48.458,0.63798,0.63829,2.85,3.60
2011.05.04 18:20:48.570,0.63797,0.63824,2.10,1.50
2011.05.04 18:20:48.677,0.63794,0.63824,2.10,3.60
2011.05.04 18:20:50.008,0.63797,0.63823,1.50,2.10
2011.05.04 18:20:50.728,0.63794,0.63824,2.10,3.60
2011.05.04 18:20:55.917,0.63796,0.63824,2.85,3.60
2011.05.04 18:20:56.497,0.63796,0.63824,2.10,3.60
2011.05.04 18:21:06.109,0.63793,0.63822,2.25,2.10
2011.05.04 18:21:06.548,0.63789,0.63813,2.10,1.50
2011.05.04 18:21:09.628,0.63792,0.63821,1.35,2.48
2011.05.04 18:21:10.068,0.63789,0.63818,1.50,2.10
2011.05.04 18:21:10.570,0.63788,0.63814,4.35,1.50
2011.05.04 18:21:12.998,0.63788,0.63814,3.60,1.50
2011.05.04 18:21:18.970,0.63791,0.6382,1.35,1.50
2011.05.04 18:21:19.078,0.63791,0.63822,1.35,2.85
2011.05.04 18:21:19.628,0.63793,0.63824,1.50,2.10
2011.05.04 18:21:19.738,0.63797,0.63827,2.85,2.10
2011.05.04 18:21:20.888,0.63797,0.63823,4.35,1.50
2011.05.04 18:21:20.998,0.63797,0.63828,2.85,2.10
2011.05.04 18:21:29.447,0.63797,0.63825,4.35,1.50
2011.05.04 18:21:32.659,0.63797,0.63828,4.35,2.10
2011.05.04 18:21:38.871,0.63795,0.63827,2.10,1.35
2011.05.04 18:21:38.980,0.6379,0.63824,1.35,1.50
2011.05.04 18:21:39.527,0.63788,0.63824,4.35,3.00
2011.05.04 18:21:39.637,0.63788,0.63821,4.35,1.50
2011.05.04 18:21:40.289,0.63788,0.6382,2.85,1.50
2011.05.04 18:21:40.869,0.6379,0.6382,1.35,1.50
2011.05.04 18:21:41.428,0.63788,0.63819,2.85,1.50
2011.05.04 18:21:41.757,0.63788,0.63819,2.85,1.50
2011.05.04 18:21:42.658,0.6379,0.63819,1.35,1.50
2011.05.04 18:21:43.229,0.6379,0.6382,1.35,1.50
2011.05.04 18:21:43.751,0.6379,0.63821,1.35,1.50
2011.05.04 18:21:44.559,0.6379,0.63822,1.35,1.50
2011.05.04 18:21:45.117,0.63791,0.63824,2.25,1.50
2011.05.04 18:21:46.947,0.63792,0.63824,2.85,1.50
2011.05.04 18:21:48.729,0.63798,0.63829,2.85,1.35
2011.05.04 18:21:55.108,0.63799,0.63829,2.10,1.50
2011.05.04 18:21:55.438,0.63808,0.63834,2.25,1.50
2011.05.04 18:21:55.988,0.63808,0.63835,2.25,1.50
2011.05.04 18:21:56.649,0.63808,0.63836,2.25,1.50
2011.05.04 18:21:57.969,0.63808,0.63836,3.00,1.50
2011.05.04 18:22:01.369,0.63808,0.63836,2.25,2.10
2011.05.04 18:22:07.488,0.63808,0.63834,2.25,1.35
2011.05.04 18:22:08.077,0.63808,0.63835,2.25,2.10
2011.05.04 18:22:18.850,0.63808,0.63833,2.25,1.50
2011.05.04 18:22:18.959,0.63804,0.63831,2.10,1.50
2011.05.04 18:22:19.068,0.63798,0.63831,2.48,2.10
2011.05.04 18:22:19.749,0.63798,0.63831,2.10,2.10
2011.05.04 18:22:21.768,0.63797,0.63831,2.25,2.10
2011.05.04 18:22:22.317,0.63797,0.63824,2.25,1.50
2011.05.04 18:22:22.427,0.63791,0.63824,2.85,1.50
2011.05.04 18:22:22.958,0.63791,0.63823,1.35,1.50
2011.05.04 18:22:23.528,0.63791,0.63824,1.35,3.00
2011.05.04 18:22:23.748,0.63788,0.63821,2.10,2.10
2011.05.04 18:22:25.161,0.63788,0.6382,2.85,1.50
2011.05.04 18:22:25.377,0.63788,0.63822,2.85,3.75
2011.05.04 18:22:25.599,0.63788,0.63819,2.85,1.50
2011.05.04 18:22:30.999,0.63788,0.63821,2.85,1.50
2011.05.04 18:22:34.999,0.63788,0.63821,2.85,2.25
2011.05.04 18:22:35.658,0.63788,0.63818,2.85,1.50
2011.05.04 18:22:35.880,0.63788,0.63818,2.25,1.50
2011.05.04 18:22:36.429,0.63788,0.6382,2.25,2.10
2011.05.04 18:22:36.539,0.63788,0.63814,2.25,1.50
2011.05.04 18:22:37.229,0.63788,0.63813,2.25,1.50
2011.05.04 18:22:37.678,0.63784,0.63813,2.25,1.50
2011.05.04 18:22:38.667,0.63784,0.63813,2.25,1.50
2011.05.04 18:22:39.667,0.63786,0.63813,2.25,1.50
2011.05.04 18:22:41.120,0.63788,0.63813,2.85,1.50
2011.05.04 18:22:42.658,0.63789,0.63813,1.35,1.50
2011.05.04 18:22:42.878,0.63788,0.63813,2.85,1.50
2011.05.04 18:22:43.499,0.63788,0.63819,2.85,1.50
2011.05.04 18:22:43.609,0.63788,0.63822,4.35,4.50
2011.05.04 18:22:43.830,0.63788,0.63814,2.85,1.50
2011.05.04 18:22:52.407,0.63788,0.63819,2.85,1.50
2011.05.04 18:22:52.847,0.63788,0.63813,2.85,1.50
2011.05.04 18:22:53.428,0.63788,0.63819,2.85,1.50
2011.05.04 18:22:53.537,0.63788,0.63821,2.85,1.50
2011.05.04 18:22:53.648,0.6379,0.63821,1.05,1.50
2011.05.04 18:22:54.000,0.6379,0.63813,1.05,1.50
2011.05.04 18:22:54.550,0.63788,0.63813,2.70,1.50
2011.05.04 18:22:55.098,0.63788,0.63813,2.70,1.50
2011.05.04 18:22:55.617,0.63788,0.63813,2.70,1.50
2011.05.04 18:23:00.088,0.63788,0.63813,2.70,1.50
2011.05.04 18:23:08.979,0.6379,0.63813,1.05,2.25
2011.05.04 18:23:09.528,0.6379,0.63813,1.05,2.25
2011.05.04 18:23:10.618,0.6379,0.63813,1.05,1.50
2011.05.04 18:23:11.765,0.6379,0.63813,1.05,1.50
2011.05.04 18:23:12.487,0.63782,0.63814,1.65,3.00
2011.05.04 18:23:13.567,0.63787,0.63814,2.55,3.00
2011.05.04 18:23:14.159,0.63787,0.63814,2.55,3.00
2011.05.04 18:23:21.348,0.63787,0.63814,2.55,3.00
2011.05.04 18:23:30.228,0.63787,0.63814,2.55,3.00
2011.05.04 18:23:35.983,0.63788,0.63814,2.55,3.00
2011.05.04 18:23:36.551,0.63782,0.63814,3.15,1.50
2011.05.04 18:23:37.539,0.63785,0.63814,2.40,1.50
2011.05.04 18:23:39.568,0.63787,0.63814,3.15,1.50
2011.05.04 18:23:40.458,0.63787,0.63814,3.15,1.50
2011.05.04 18:23:41.048,0.63785,0.63813,2.40,1.50
2011.05.04 18:23:41.657,0.63781,0.63813,2.40,1.50
2011.05.04 18:23:42.208,0.63781,0.63813,2.40,1.50
2011.05.04 18:23:42.758,0.6378,0.63813,2.40,1.50
2011.05.04 18:23:43.309,0.6378,0.63812,2.40,1.50
2011.05.04 18:23:43.878,0.6378,0.63813,2.40,3.75
2011.05.04 18:23:44.637,0.6378,0.63813,2.40,3.75
2011.05.04 18:23:46.163,0.6378,0.63813,2.40,3.75
2011.05.04 18:23:46.718,0.6378,0.63812,2.40,2.25
2011.05.04 18:23:47.289,0.6378,0.63813,2.10,3.75
2011.05.04 18:23:47.510,0.63786,0.63813,2.10,2.25
2011.05.04 18:23:51.929,0.63788,0.63813,2.25,1.50
2011.05.04 18:23:52.039,0.63781,0.63813,2.10,1.50
2011.05.04 18:23:52.259,0.63781,0.63813,2.10,2.25
2011.05.04 18:23:52.843,0.63781,0.63813,2.10,3.00
2011.05.04 18:23:53.059,0.63787,0.63812,2.25,1.50
2011.05.04 18:23:53.278,0.63781,0.63812,2.10,2.25
2011.05.04 18:23:53.827,0.63781,0.63813,2.10,1.50
2011.05.04 18:23:54.928,0.63779,0.63813,3.60,4.50
2011.05.04 18:23:55.258,0.63779,0.6381,2.10,1.50
2011.05.04 18:23:56.319,0.63779,0.63809,2.10,1.50
2011.05.04 18:23:57.866,0.63783,0.63809,1.45,1.50
2011.05.04 18:24:00.227,0.63789,0.63811,2.35,1.50
2011.05.04 18:24:05.577,0.63792,0.63807,1.60,1.50
2011.05.04 18:24:05.958,0.63792,0.63804,1.60,1.50
2011.05.04 18:24:06.508,0.63789,0.63802,1.14,1.50
2011.05.04 18:24:06.837,0.63777,0.63802,2.85,1.50
2011.05.04 18:24:07.408,0.63777,0.63802,3.24,1.50
2011.05.04 18:24:07.968,0.63777,0.63802,3.14,1.50
2011.05.04 18:24:08.298,0.63775,0.63802,2.25,3.75
2011.05.04 18:24:08.409,0.63775,0.63802,2.39,3.75
2011.05.04 18:24:08.518,0.63775,0.63802,2.10,3.75
2011.05.04 18:24:09.068,0.63778,0.63801,2.85,1.50
2011.05.04 18:24:09.288,0.63782,0.63801,2.10,1.50
2011.05.04 18:24:09.398,0.63782,0.63811,2.10,2.25
2011.05.04 18:24:09.728,0.6379,0.63812,2.10,3.00
2011.05.04 18:24:10.058,0.63783,0.63812,1.88,3.00
2011.05.04 18:24:10.169,0.63779,0.63809,2.65,2.25
2011.05.04 18:24:10.608,0.63779,0.63805,2.65,1.50
2011.05.04 18:24:10.938,0.63779,0.63808,2.28,1.50
2011.05.04 18:24:11.487,0.63779,0.6381,2.28,2.25
2011.05.04 18:24:12.260,0.63779,0.6381,2.28,1.50
2011.05.04 18:24:15.598,0.63779,0.63811,2.28,1.50
2011.05.04 18:24:16.318,0.63779,0.63811,2.28,1.50
2011.05.04 18:24:20.008,0.63779,0.63811,2.28,1.50
2011.05.04 18:24:20.338,0.63779,0.63813,2.28,5.25
2011.05.04 18:24:25.668,0.63779,0.63813,2.10,5.25
2011.05.04 18:24:37.758,0.63779,0.63812,2.10,1.50
2011.05.04 18:24:43.510,0.63779,0.63813,3.60,5.25
2011.05.04 18:24:43.728,0.63785,0.63813,2.10,3.75
2011.05.04 18:24:54.748,0.63788,0.63813,1.35,3.75
2011.05.04 18:24:55.339,0.63789,0.63813,1.35,3.75
2011.05.04 18:24:55.987,0.63785,0.63813,2.10,3.75
2011.05.04 18:24:59.208,0.63785,0.63812,2.10,1.50
2011.05.04 18:25:01.300,0.6378,0.63812,2.10,1.50
2011.05.04 18:25:02.318,0.6378,0.63813,2.10,5.25
2011.05.04 18:25:03.259,0.63785,0.63813,2.10,3.75
2011.05.04 18:25:03.369,0.63787,0.6382,2.85,1.50
2011.05.04 18:25:03.698,0.63787,0.63819,2.25,2.85
2011.05.04 18:25:04.153,0.6378,0.63812,2.10,2.25
2011.05.04 18:25:27.458,0.63782,0.63812,1.50,2.25
2011.05.04 18:25:31.528,0.6378,0.63812,4.35,2.25
2011.05.04 18:25:32.077,0.6378,0.63812,2.10,4.35
2011.05.04 18:25:32.298,0.63783,0.63812,1.50,4.35
2011.05.04 18:25:32.517,0.63779,0.63812,2.10,4.35
2011.05.04 18:25:35.232,0.63779,0.63812,1.73,2.25
2011.05.04 18:25:35.448,0.63784,0.63814,2.25,1.50
2011.05.04 18:25:35.790,0.63787,0.63818,1.50,2.10
2011.05.04 18:25:38.457,0.63787,0.63816,1.50,1.50
2011.05.04 18:25:39.008,0.63787,0.63818,1.50,2.10
2011.05.04 18:25:53.388,0.63787,0.63811,1.50,2.10
2011.05.04 18:25:53.499,0.63777,0.63811,4.35,3.98
2011.05.04 18:25:53.719,0.63779,0.63802,2.10,2.25
2011.05.04 18:25:53.938,0.63779,0.63813,3.60,2.85
2011.05.04 18:25:54.511,0.63783,0.63817,2.25,2.10
2011.05.04 18:25:54.621,0.6378,0.63814,2.85,1.50
2011.05.04 18:25:55.170,0.63784,0.63816,2.25,1.35
2011.05.04 18:26:00.658,0.63784,0.63816,2.25,1.35
2011.05.04 18:26:00.958,0.63784,0.63816,1.50,1.35
2011.05.04 18:26:01.569,0.63785,0.63816,1.50,1.35
2011.05.04 18:26:06.511,0.63787,0.63816,1.50,1.35
2011.05.04 18:26:07.178,0.63787,0.63818,1.50,1.35
2011.05.04 18:26:08.528,0.63787,0.63813,1.50,1.50
2011.05.04 18:26:09.098,0.63779,0.63813,2.10,2.25
2011.05.04 18:26:14.999,0.63781,0.63813,1.50,2.25
2011.05.04 18:26:15.218,0.63783,0.63813,1.50,2.25
2011.05.04 18:26:18.028,0.63781,0.63813,2.25,2.25
2011.05.04 18:26:21.508,0.63782,0.63813,1.50,2.25
2011.05.04 18:26:29.927,0.63781,0.63813,2.25,3.75
2011.05.04 18:26:41.344,0.63781,0.63813,2.25,3.75
2011.05.04 18:26:42.458,0.63786,0.63813,1.50,2.25
2011.05.04 18:26:44.380,0.63786,0.63814,2.10,1.50
2011.05.04 18:26:44.927,0.63786,0.63818,3.60,1.35
2011.05.04 18:26:45.271,0.63788,0.63818,1.50,1.35
2011.05.04 18:26:45.831,0.63787,0.63818,1.50,1.35
2011.05.04 18:26:48.979,0.63786,0.63818,2.10,1.35
2011.05.04 18:26:53.209,0.63786,0.63812,2.10,2.25
2011.05.04 18:26:55.109,0.63787,0.63815,1.50,2.85
2011.05.04 18:26:59.169,0.63781,0.63813,2.25,2.25
2011.05.04 18:26:59.728,0.63781,0.63813,2.25,2.25
2011.05.04 18:27:24.559,0.63787,0.63813,1.50,3.75
2011.05.04 18:27:35.998,0.63787,0.63812,1.50,2.10
2011.05.04 18:27:38.017,0.6378,0.63812,2.85,2.10
2011.05.04 18:27:38.130,0.6378,0.63812,2.10,2.10
2011.05.04 18:27:38.240,0.63777,0.63805,2.25,2.10
2011.05.04 18:27:38.460,0.63774,0.63807,1.50,1.50
2011.05.04 18:27:38.788,0.63771,0.63807,1.50,1.50
2011.05.04 18:27:39.118,0.63767,0.63801,5.10,1.50
2011.05.04 18:27:39.618,0.63771,0.63804,1.50,1.50
2011.05.04 18:27:39.727,0.63771,0.63807,1.50,1.50
2011.05.04 18:27:40.279,0.6377,0.63803,1.50,1.50
2011.05.04 18:27:40.718,0.63771,0.63807,1.50,1.50
2011.05.04 18:27:41.270,0.63772,0.63806,1.50,1.50
2011.05.04 18:27:42.268,0.63769,0.63805,3.00,1.50
2011.05.04 18:27:42.379,0.63768,0.63801,1.50,1.50
2011.05.04 18:27:42.818,0.63764,0.63798,2.25,1.50
2011.05.04 18:27:43.538,0.63764,0.63793,2.25,2.25
2011.05.04 18:27:43.650,0.63765,0.63793,1.50,2.25
2011.05.04 18:27:43.979,0.63763,0.63793,1.50,3.75
2011.05.04 18:27:44.550,0.63761,0.63793,2.25,3.75
2011.05.04 18:27:46.238,0.63758,0.63793,1.35,5.25
2011.05.04 18:27:46.461,0.63766,0.63793,1.50,3.75
2011.05.04 18:27:46.788,0.63766,0.63796,1.50,1.50
2011.05.04 18:27:47.009,0.63768,0.63797,2.25,1.50
2011.05.04 18:27:47.118,0.63768,0.63799,2.25,3.00
2011.05.04 18:27:47.229,0.63768,0.63801,2.25,1.50
2011.05.04 18:27:48.652,0.63768,0.63798,2.25,1.50
2011.05.04 18:27:48.772,0.63766,0.63798,1.50,1.50
2011.05.04 18:27:49.312,0.63766,0.63797,1.50,1.50
2011.05.04 18:27:49.749,0.63766,0.63792,1.50,2.25
2011.05.04 18:27:50.081,0.63761,0.63792,1.50,3.75
2011.05.04 18:27:50.188,0.63758,0.63792,4.35,3.75
2011.05.04 18:27:50.738,0.63758,0.63791,2.85,1.50
2011.05.04 18:27:54.568,0.63759,0.63791,1.35,1.50
2011.05.04 18:27:55.389,0.63761,0.63792,2.25,2.25
2011.05.04 18:27:58.703,0.63761,0.63792,1.50,2.25
2011.05.04 18:28:01.719,0.63759,0.6379,3.75,2.10
2011.05.04 18:28:02.337,0.63759,0.63782,1.50,2.25
2011.05.04 18:28:02.451,0.63752,0.63782,1.35,2.25
2011.05.04 18:28:02.669,0.63756,0.63785,1.50,1.50
2011.05.04 18:28:03.110,0.63756,0.6379,3.00,2.10
2011.05.04 18:28:04.851,0.63758,0.63789,2.25,2.10
2011.05.04 18:28:05.479,0.63756,0.63789,1.50,2.10
2011.05.04 18:28:15.959,0.63759,0.6379,2.10,2.10
2011.05.04 18:28:16.179,0.63761,0.63792,1.35,2.25
2011.05.04 18:28:16.515,0.63758,0.6379,3.23,1.50
2011.05.04 18:28:16.852,0.6376,0.63793,2.10,1.50
2011.05.04 18:28:17.291,0.63761,0.63793,2.10,2.25
2011.05.04 18:28:17.399,0.63759,0.63793,2.48,3.00
2011.05.04 18:28:17.618,0.63766,0.63793,1.50,1.50
2011.05.04 18:28:19.809,0.63766,0.63793,1.50,6.60
2011.05.04 18:28:19.918,0.63759,0.6379,3.60,1.35
2011.05.04 18:28:21.927,0.63757,0.6379,4.35,2.25
2011.05.04 18:28:30.889,0.63757,0.63791,4.35,1.50
2011.05.04 18:28:31.108,0.63758,0.63793,1.35,6.00
2011.05.04 18:28:44.247,0.63758,0.63792,4.35,1.50
2011.05.04 18:28:45.030,0.63759,0.63793,2.10,3.75
2011.05.04 18:28:50.160,0.63758,0.63792,5.10,2.25
2011.05.04 18:28:50.269,0.63758,0.63794,5.10,3.75
2011.05.04 18:28:50.381,0.63759,0.63792,1.35,2.25
2011.05.04 18:28:51.260,0.63764,0.63792,2.10,2.25
2011.05.04 18:28:51.370,0.63764,0.63794,2.10,1.50
2011.05.04 18:28:51.699,0.63764,0.63792,2.10,2.25
2011.05.04 18:28:51.809,0.63764,0.63794,2.10,1.50
2011.05.04 18:28:59.897,0.63767,0.63799,2.10,2.25
2011.05.04 18:29:05.680,0.63767,0.63798,2.10,1.50
2011.05.04 18:29:06.228,0.63767,0.638,2.10,2.25
2011.05.04 18:29:17.678,0.63768,0.63801,2.25,1.35
2011.05.04 18:29:18.227,0.63767,0.63801,2.10,1.35
2011.05.04 18:29:19.548,0.63768,0.63801,2.25,1.35
2011.05.04 18:29:20.837,0.63767,0.63801,2.10,1.35
2011.05.04 18:29:23.399,0.63768,0.63801,1.50,1.35
2011.05.04 18:29:23.949,0.63767,0.63801,2.85,1.35
2011.05.04 18:29:24.279,0.63767,0.63803,4.35,4.35
2011.05.04 18:29:24.828,0.63771,0.63804,1.50,4.35
2011.05.04 18:29:25.048,0.63776,0.63808,2.10,2.25
2011.05.04 18:29:26.390,0.63774,0.63803,2.10,1.50
2011.05.04 18:29:27.049,0.63777,0.63808,1.50,2.25
2011.05.04 18:29:28.538,0.63777,0.63802,1.50,2.25
2011.05.04 18:29:28.869,0.63777,0.63809,1.50,2.25
2011.05.04 18:29:29.088,0.63772,0.63804,4.35,1.50
2011.05.04 18:29:29.709,0.63773,0.63804,2.10,2.25
2011.05.04 18:29:31.171,0.6377,0.63803,2.10,4.50
2011.05.04 18:29:37.262,0.63773,0.63803,2.10,2.25
2011.05.04 18:29:49.548,0.63773,0.63804,2.85,2.10
2011.05.04 18:29:50.068,0.63777,0.63806,1.50,2.10
2011.05.04 18:29:50.729,0.63777,0.63807,1.50,1.50
2011.05.04 18:29:52.748,0.63777,0.63808,1.50,1.35
2011.05.04 18:29:54.098,0.63777,0.63807,1.50,1.50
2011.05.04 18:29:54.758,0.63773,0.63803,2.85,1.50
2011.05.04 18:29:58.719,0.63773,0.63802,1.35,2.25
2011.05.04 18:29:59.268,0.63773,0.63802,2.10,2.25
2011.05.04 18:30:00.780,0.63777,0.63805,1.50,2.10
2011.05.04 18:30:04.602,0.63773,0.63803,2.10,1.35
2011.05.04 18:30:05.150,0.63773,0.63802,2.10,2.25
2011.05.04 18:30:06.457,0.63773,0.63802,2.10,3.00
2011.05.04 18:30:06.790,0.63773,0.63802,2.10,2.25
2011.05.04 18:30:06.897,0.63768,0.63801,4.35,2.10
2011.05.04 18:30:08.278,0.63768,0.63801,2.85,1.50
2011.05.04 18:30:08.839,0.63769,0.63802,2.10,2.25
2011.05.04 18:30:11.568,0.63768,0.63802,3.75,5.85
2011.05.04 18:30:32.439,0.63768,0.63799,2.85,2.10
2011.05.04 18:30:33.549,0.63767,0.63789,3.00,1.50
2011.05.04 18:30:33.879,0.63762,0.63791,1.35,1.50
2011.05.04 18:30:35.748,0.63762,0.63792,1.35,2.85
2011.05.04 18:30:39.369,0.63762,0.63789,1.35,1.50
2011.05.04 18:30:40.478,0.63762,0.63791,1.35,1.50
2011.05.04 18:30:40.588,0.63766,0.63791,1.50,1.50
2011.05.04 18:30:40.809,0.63762,0.63791,1.35,1.50
2011.05.04 18:30:41.530,0.63762,0.63792,1.35,2.85
2011.05.04 18:30:41.970,0.63766,0.63792,2.10,2.25
2011.05.04 18:30:42.190,0.63766,0.63797,3.60,2.10
2011.05.04 18:30:44.228,0.63769,0.63799,1.35,2.10
2011.05.04 18:30:44.449,0.63772,0.63802,2.10,3.75
2011.05.04 18:30:50.788,0.63775,0.63804,1.35,1.50
2011.05.04 18:30:51.617,0.63776,0.63807,2.25,2.10
2011.05.04 18:30:52.739,0.63772,0.63802,4.35,2.25
2011.05.04 18:30:55.899,0.63776,0.63802,1.50,2.25
2011.05.04 18:30:56.120,0.63778,0.63808,2.85,3.00
2011.05.04 18:30:56.504,0.63781,0.63814,2.10,2.10
2011.05.04 18:30:56.840,0.6378,0.63814,2.10,1.50
2011.05.04 18:30:56.948,0.63783,0.63817,1.50,1.50
2011.05.04 18:30:57.509,0.63786,0.63818,1.50,1.50
2011.05.04 18:30:57.620,0.63788,0.63822,1.50,1.50
2011.05.04 18:30:57.729,0.6379,0.63822,2.10,3.75
2011.05.04 18:30:58.278,0.6379,0.63824,2.10,3.60
2011.05.04 18:31:00.489,0.63788,0.63824,5.85,3.00
2011.05.04 18:31:15.769,0.63788,0.63823,5.85,1.50
2011.05.04 18:31:19.539,0.63788,0.63822,1.50,2.85
2011.05.04 18:31:19.652,0.63786,0.63818,1.50,1.50
2011.05.04 18:31:19.758,0.63787,0.63818,2.85,1.50
2011.05.04 18:31:19.869,0.63788,0.63824,2.10,1.50
2011.05.04 18:31:20.411,0.63788,0.63822,3.75,2.85
2011.05.04 18:31:20.922,0.63788,0.63822,4.35,2.25
2011.05.04 18:31:21.359,0.63788,0.63824,5.85,3.60
2011.05.04 18:31:23.560,0.63788,0.6382,3.75,2.10
2011.05.04 18:31:23.889,0.63789,0.63823,2.10,1.50
2011.05.04 18:31:25.461,0.63792,0.63824,1.50,1.50
2011.05.04 18:31:26.540,0.6379,0.63824,1.50,1.50
2011.05.04 18:31:26.760,0.63797,0.63826,3.75,1.50
2011.05.04 18:31:26.978,0.63797,0.63828,3.75,1.50
2011.05.04 18:31:27.308,0.63797,0.6383,3.75,1.50
2011.05.04 18:31:27.418,0.63797,0.63833,3.75,4.35
2011.05.04 18:31:29.588,0.63797,0.63825,2.25,1.50
2011.05.04 18:31:29.918,0.63798,0.63829,2.25,1.50
2011.05.04 18:31:30.028,0.63798,0.63831,2.25,1.50
2011.05.04 18:31:30.578,0.63798,0.63832,2.25,2.85
2011.05.04 18:31:31.340,0.63798,0.6383,2.25,1.50
2011.05.04 18:31:31.559,0.63798,0.63832,2.25,4.35
2011.05.04 18:31:32.128,0.63798,0.63831,2.25,1.50
2011.05.04 18:31:33.200,0.63798,0.6383,2.25,2.10
2011.05.04 18:31:33.748,0.63797,0.63826,1.50,1.50
2011.05.04 18:31:34.399,0.63797,0.63825,1.50,1.50
2011.05.04 18:31:39.460,0.63792,0.63825,2.10,1.50
2011.05.04 18:31:39.571,0.63789,0.63821,2.10,2.10
2011.05.04 18:31:39.683,0.63789,0.63823,1.50,4.35
2011.05.04 18:31:39.790,0.63787,0.63813,3.75,1.50
2011.05.04 18:31:40.119,0.63778,0.63812,2.25,1.50
2011.05.04 18:31:40.229,0.63777,0.63808,3.75,1.50
2011.05.04 18:31:47.830,0.63777,0.63813,5.85,5.25
2011.05.04 18:31:48.268,0.63784,0.63815,2.10,1.50
2011.05.04 18:31:48.789,0.63788,0.63816,2.25,1.50
2011.05.04 18:31:48.904,0.63789,0.63824,2.25,1.50
2011.05.04 18:31:50.040,0.63789,0.63824,1.50,1.50
2011.05.04 18:31:50.370,0.63788,0.63821,2.25,1.50
2011.05.04 18:31:51.339,0.63788,0.63818,2.25,1.50
2011.05.04 18:31:51.448,0.63786,0.63818,1.50,1.50
2011.05.04 18:31:58.942,0.63784,0.63814,1.50,1.50
2011.05.04 18:31:59.489,0.63782,0.63813,1.35,2.25
2011.05.04 18:32:00.088,0.63782,0.63814,2.10,1.50
2011.05.04 18:32:00.638,0.63783,0.63814,1.35,1.50
2011.05.04 18:32:01.519,0.63782,0.63813,1.35,2.25
2011.05.04 18:32:02.068,0.63782,0.63814,1.35,1.50
2011.05.04 18:32:02.989,0.63783,0.63814,1.35,1.50
2011.05.04 18:32:05.111,0.63781,0.63814,2.85,1.50
2011.05.04 18:32:05.783,0.63781,0.63813,2.85,2.25
2011.05.04 18:32:07.278,0.63783,0.63814,1.35,1.50
2011.05.04 18:32:08.769,0.63782,0.63812,2.25,2.10
2011.05.04 18:32:08.880,0.63779,0.63812,2.10,4.35
2011.05.04 18:32:08.991,0.63777,0.63807,1.50,2.10
2011.05.04 18:32:09.209,0.63773,0.63807,2.10,2.10
2011.05.04 18:32:09.429,0.63773,0.63809,1.50,3.60
2011.05.04 18:32:10.199,0.63772,0.63806,1.50,2.10
2011.05.04 18:32:10.958,0.63772,0.63806,1.50,1.50
2011.05.04 18:32:11.331,0.63777,0.63808,3.75,1.50
2011.05.04 18:32:11.440,0.63777,0.63813,3.75,5.85
2011.05.04 18:32:18.669,0.63776,0.63803,1.50,3.75
2011.05.04 18:32:18.786,0.63773,0.63806,1.50,2.10
2011.05.04 18:32:19.011,0.63777,0.63806,1.50,2.10
2011.05.04 18:32:19.120,0.63769,0.63805,2.25,2.10
2011.05.04 18:32:19.228,0.63769,0.63805,1.50,2.10
2011.05.04 18:32:19.849,0.63768,0.63802,1.50,2.10
2011.05.04 18:32:23.280,0.63777,0.63802,2.25,1.50
2011.05.04 18:32:23.611,0.63768,0.63799,1.50,1.50
2011.05.04 18:32:24.301,0.63777,0.63799,1.50,1.50
2011.05.04 18:32:24.412,0.63777,0.63807,1.50,2.10
2011.05.04 18:32:25.178,0.63771,0.63807,1.50,2.10
2011.05.04 18:32:25.290,0.63768,0.63802,1.35,2.10
2011.05.04 18:32:25.938,0.63767,0.63802,4.35,2.10
2011.05.04 18:32:26.268,0.6377,0.63802,3.00,2.10
2011.05.04 18:32:26.668,0.63777,0.63802,1.50,2.10
2011.05.04 18:32:28.770,0.6378,0.6381,2.10,1.73
2011.05.04 18:32:29.100,0.63779,0.63806,2.10,1.50
2011.05.04 18:32:29.210,0.63774,0.63806,2.10,2.10
2011.05.04 18:32:31.279,0.63776,0.63802,1.50,2.85
2011.05.04 18:32:31.964,0.63772,0.63806,2.10,1.50
2011.05.04 18:32:32.081,0.63775,0.63811,1.50,3.60
2011.05.04 18:32:40.758,0.63777,0.63811,1.50,2.25
2011.05.04 18:32:42.248,0.63777,0.63811,1.50,2.25
2011.05.04 18:32:45.100,0.63777,0.63808,1.50,1.50
2011.05.04 18:32:49.609,0.63777,0.63807,1.50,1.50
2011.05.04 18:32:49.828,0.63771,0.63804,2.10,1.50
2011.05.04 18:32:57.361,0.63777,0.63806,1.50,1.50
2011.05.04 18:32:57.469,0.63777,0.6381,3.75,1.50
2011.05.04 18:32:57.910,0.63777,0.63807,1.50,1.50
2011.05.04 18:32:58.019,0.63771,0.63804,1.50,1.50
2011.05.04 18:32:58.239,0.63769,0.63803,3.75,1.50
2011.05.04 18:32:58.349,0.63771,0.63804,1.50,1.50
2011.05.04 18:32:59.021,0.63772,0.63803,1.50,1.50
2011.05.04 18:32:59.744,0.63767,0.63799,2.25,1.50
2011.05.04 18:32:59.862,0.63768,0.63802,1.50,1.50
2011.05.04 18:33:00.413,0.63767,0.63803,5.25,4.35
2011.05.04 18:33:01.108,0.63767,0.63802,3.75,1.50
2011.05.04 18:33:01.839,0.63768,0.63802,1.50,1.50
2011.05.04 18:33:02.476,0.63767,0.63802,3.75,1.50
2011.05.04 18:33:03.079,0.63767,0.63803,5.25,4.35
2011.05.04 18:33:08.540,0.63765,0.63794,1.50,1.50
2011.05.04 18:33:08.650,0.6376,0.63794,1.50,1.50
2011.05.04 18:33:08.979,0.63756,0.6379,3.00,1.50
2011.05.04 18:33:09.529,0.63756,0.6379,1.50,4.35
2011.05.04 18:33:09.859,0.63748,0.63782,2.10,1.50
2011.05.04 18:33:10.079,0.63748,0.63782,1.50,3.60
2011.05.04 18:33:15.311,0.63747,0.63782,2.25,3.60
2011.05.04 18:33:15.531,0.63744,0.6378,2.10,2.10
2011.05.04 18:33:15.914,0.63743,0.63773,1.50,2.25
2011.05.04 18:33:16.029,0.63741,0.63773,1.50,2.25
2011.05.04 18:33:19.098,0.63742,0.63773,1.50,2.25
2011.05.04 18:33:19.790,0.63741,0.63773,1.50,2.25
2011.05.04 18:33:20.422,0.63743,0.63773,1.50,2.25
2011.05.04 18:33:21.809,0.63742,0.63773,1.50,2.25
2011.05.04 18:33:22.650,0.63741,0.63773,1.50,2.25
2011.05.04 18:33:25.449,0.63737,0.63771,3.60,1.50
2011.05.04 18:33:25.779,0.63737,0.63771,3.00,1.50
2011.05.04 18:33:28.069,0.63733,0.63769,2.10,1.50
2011.05.04 18:33:28.399,0.63737,0.63769,1.50,1.50
2011.05.04 18:33:29.999,0.63737,0.63766,1.50,1.50
2011.05.04 18:33:30.769,0.63737,0.63767,1.50,1.50
2011.05.04 18:33:31.560,0.63737,0.63766,1.50,1.50
2011.05.04 18:33:31.889,0.6373,0.63762,2.10,2.25
2011.05.04 18:33:31.998,0.63729,0.63762,1.50,2.25
2011.05.04 18:33:35.964,0.63728,0.63762,2.25,2.25
2011.05.04 18:33:36.288,0.63729,0.63763,1.88,2.25
2011.05.04 18:33:36.399,0.63732,0.63768,1.50,2.10
2011.05.04 18:33:36.618,0.63736,0.63768,1.50,2.10
2011.05.04 18:33:37.990,0.63732,0.63766,1.50,1.50
2011.05.04 18:33:38.320,0.63732,0.63763,1.50,1.50
2011.05.04 18:33:38.430,0.63727,0.63761,3.60,1.50
2011.05.04 18:33:38.538,0.63727,0.63763,3.60,6.75
2011.05.04 18:33:39.350,0.63727,0.63762,2.10,1.50
2011.05.04 18:33:39.458,0.63727,0.63762,3.60,2.10
2011.05.04 18:33:40.852,0.63731,0.63761,2.10,1.50
2011.05.04 18:33:41.402,0.63731,0.63762,2.10,2.25
2011.05.04 18:33:45.489,0.63729,0.63761,2.10,2.10
2011.05.04 18:33:46.818,0.63727,0.63749,1.50,2.10
2011.05.04 18:33:47.261,0.63712,0.63742,2.85,2.85
2011.05.04 18:33:47.372,0.6371,0.63742,2.10,2.85
2011.05.04 18:33:47.482,0.63709,0.63738,1.50,2.10
2011.05.04 18:33:47.702,0.63701,0.63733,1.88,1.50
2011.05.04 18:33:47.809,0.63697,0.63733,1.50,1.50
2011.05.04 18:33:47.919,0.63695,0.63729,1.50,1.50
2011.05.04 18:33:48.423,0.63699,0.63731,2.10,5.10
2011.05.04 18:33:48.533,0.63697,0.63731,3.60,1.50
2011.05.04 18:33:48.750,0.63704,0.63736,2.10,1.50
2011.05.04 18:33:48.859,0.63709,0.63743,1.50,3.38
2011.05.04 18:33:48.970,0.63709,0.63739,1.50,2.10
2011.05.04 18:33:49.408,0.63709,0.63733,1.50,2.25
2011.05.04 18:33:49.630,0.63698,0.63733,2.85,5.25
2011.05.04 18:33:49.739,0.63701,0.63733,1.50,3.75
2011.05.04 18:33:55.721,0.63707,0.63733,1.50,2.25
2011.05.04 18:33:56.300,0.63707,0.63739,2.25,2.25
2011.05.04 18:33:57.479,0.63708,0.63738,2.25,2.25
2011.05.04 18:33:57.809,0.63708,0.6374,2.25,1.35
2011.05.04 18:34:00.369,0.63708,0.6374,2.25,2.85
2011.05.04 18:34:01.539,0.63708,0.6374,2.25,2.85
2011.05.04 18:34:03.120,0.63707,0.63732,1.50,2.25
2011.05.04 18:34:04.129,0.63707,0.63735,3.75,2.25
2011.05.04 18:34:04.461,0.63715,0.63741,2.10,2.25
2011.05.04 18:34:04.790,0.63721,0.63741,2.10,2.25
2011.05.04 18:34:05.232,0.63718,0.63741,2.10,2.25
2011.05.04 18:34:05.559,0.6371,0.63741,2.10,2.25
2011.05.04 18:34:16.260,0.63717,0.63742,1.50,2.25
2011.05.04 18:34:22.779,0.63716,0.63747,1.50,2.25
2011.05.04 18:34:36.511,0.63718,0.63748,2.25,2.25
2011.05.04 18:34:40.090,0.63718,0.63748,2.63,2.25
2011.05.04 18:34:40.420,0.63719,0.63752,3.60,3.00
2011.05.04 18:34:40.530,0.63719,0.63752,3.60,3.00
2011.05.04 18:34:43.979,0.63719,0.63752,2.10,3.00
2011.05.04 18:34:44.088,0.63719,0.63752,2.10,3.00
2011.05.04 18:34:45.030,0.6372,0.63752,1.50,3.00
2011.05.04 18:34:45.359,0.63719,0.63752,2.10,3.00
2011.05.04 18:34:46.892,0.63716,0.63749,3.00,1.35
2011.05.04 18:34:50.870,0.63716,0.63749,3.75,1.35
2011.05.04 18:34:51.599,0.63717,0.63749,2.25,1.35
2011.05.04 18:34:52.149,0.63718,0.63749,3.75,1.35
2011.05.04 18:34:57.390,0.63716,0.63749,4.50,1.35
2011.05.04 18:35:01.198,0.63716,0.63749,2.25,1.35
2011.05.04 18:35:02.347,0.63716,0.63749,1.50,1.35
2011.05.04 18:35:02.924,0.63716,0.63749,2.25,1.35
2011.05.04 18:35:07.069,0.63716,0.63749,1.50,2.85
2011.05.04 18:35:10.219,0.63716,0.63749,2.25,2.85
2011.05.04 18:35:10.476,0.63716,0.63749,1.50,2.85
2011.05.04 18:35:11.106,0.63716,0.63749,2.25,2.85
2011.05.04 18:35:11.670,0.63716,0.63749,2.25,2.85
2011.05.04 18:35:12.108,0.63716,0.63749,2.25,2.85
2011.05.04 18:35:12.329,0.63716,0.63749,2.25,2.85
2011.05.04 18:35:12.900,0.63716,0.63749,2.25,2.85
2011.05.04 18:35:13.479,0.63716,0.63749,1.50,2.85
2011.05.04 18:35:13.699,0.63716,0.63749,2.25,2.85
2011.05.04 18:35:13.809,0.63716,0.63749,1.50,2.85
2011.05.04 18:35:17.750,0.63717,0.63749,1.50,2.85
2011.05.04 18:35:18.409,0.63717,0.63749,3.75,1.35
2011.05.04 18:35:21.871,0.63717,0.63742,1.50,2.25
2011.05.04 18:35:23.728,0.63717,0.63742,2.10,2.25
2011.05.04 18:35:24.421,0.63717,0.63751,4.35,2.25
2011.05.04 18:35:27.998,0.63718,0.63751,3.60,2.25
2011.05.04 18:35:28.219,0.63718,0.63751,2.85,2.25
2011.05.04 18:35:45.390,0.63716,0.6375,2.10,1.50
2011.05.04 18:35:48.660,0.63717,0.63743,2.10,3.00
2011.05.04 18:35:48.879,0.63722,0.63753,2.10,6.23
2011.05.04 18:35:48.989,0.63722,0.63751,2.10,2.10
2011.05.04 18:35:49.319,0.63722,0.63743,2.10,1.50
2011.05.04 18:35:51.454,0.63718,0.63743,2.10,1.50
2011.05.04 18:36:00.620,0.63718,0.6375,2.10,5.10
2011.05.04 18:36:12.112,0.63724,0.63752,2.10,3.75
2011.05.04 18:36:12.440,0.6373,0.63752,2.10,3.75
2011.05.04 18:36:12.769,0.6373,0.63757,2.10,1.50
2011.05.04 18:36:14.218,0.63727,0.63753,1.50,2.25
2011.05.04 18:36:14.330,0.63721,0.63753,2.10,2.25
2011.05.04 18:36:14.439,0.63731,0.63753,2.10,2.25
2011.05.04 18:36:14.660,0.63731,0.6376,2.10,1.50
2011.05.04 18:36:14.880,0.63731,0.63757,2.10,1.50
2011.05.04 18:36:21.299,0.63731,0.63757,2.10,2.25
2011.05.04 18:36:21.716,0.63734,0.63754,2.10,1.50
2011.05.04 18:36:27.960,0.63733,0.63757,2.10,2.25
2011.05.04 18:36:30.729,0.63733,0.63757,2.10,2.25
2011.05.04 18:36:31.399,0.63736,0.63756,1.50,1.50
2011.05.04 18:36:32.708,0.63733,0.63757,2.10,2.25
2011.05.04 18:36:33.259,0.63736,0.63757,1.50,2.25
2011.05.04 18:36:33.831,0.63733,0.63757,2.10,2.25
2011.05.04 18:36:42.904,0.63727,0.63757,1.50,2.25
2011.05.04 18:36:43.239,0.63721,0.63753,2.10,3.00
2011.05.04 18:36:44.110,0.63716,0.63749,1.50,2.25
2011.05.04 18:36:44.659,0.63714,0.63748,2.10,2.25
2011.05.04 18:36:46.184,0.6371,0.63744,1.50,2.25
2011.05.04 18:36:46.410,0.63707,0.63733,3.60,2.25
2011.05.04 18:36:46.521,0.63709,0.6374,1.88,1.50
2011.05.04 18:36:46.629,0.63707,0.63738,2.48,1.50
2011.05.04 18:36:46.849,0.63708,0.63743,2.48,2.25
2011.05.04 18:36:47.553,0.63708,0.63738,1.50,1.50
2011.05.04 18:36:47.879,0.63706,0.63733,3.60,2.25
2011.05.04 18:36:47.989,0.63709,0.63743,1.50,3.75
2011.05.04 18:36:48.830,0.6371,0.63743,1.50,2.25
2011.05.04 18:36:52.080,0.63708,0.63743,1.50,2.25
2011.05.04 18:36:58.130,0.6371,0.63743,1.50,2.25
2011.05.04 18:36:58.679,0.63711,0.63743,1.50,2.25
2011.05.04 18:37:00.011,0.6371,0.63743,1.50,2.25
2011.05.04 18:37:20.781,0.63712,0.63743,1.50,2.25
2011.05.04 18:37:21.440,0.63714,0.63743,1.50,2.25
2011.05.04 18:37:24.679,0.63712,0.63743,1.50,2.25
2011.05.04 18:37:27.253,0.63713,0.63743,1.50,2.25
2011.05.04 18:37:28.249,0.63712,0.63743,1.50,2.25
2011.05.04 18:37:28.930,0.63713,0.63743,1.50,2.25
2011.05.04 18:37:30.030,0.63712,0.63743,1.50,2.25
2011.05.04 18:37:30.564,0.63713,0.63743,1.50,2.25
2011.05.04 18:37:33.339,0.63712,0.63743,1.50,2.25
2011.05.04 18:37:41.791,0.63712,0.63742,2.48,2.25
2011.05.04 18:37:42.119,0.63717,0.63742,3.00,2.25
2011.05.04 18:37:50.609,0.63712,0.63742,2.10,2.25
2011.05.04 18:37:51.200,0.63712,0.63742,2.10,2.25
2011.05.04 18:37:53.141,0.63712,0.63742,1.50,2.25
2011.05.04 18:37:53.652,0.63709,0.63742,1.50,2.25
2011.05.04 18:37:54.199,0.63708,0.63742,1.50,3.75
2011.05.04 18:37:54.529,0.63708,0.63742,1.50,4.35
2011.05.04 18:37:54.860,0.63708,0.63733,1.50,2.25
2011.05.04 18:37:55.189,0.63702,0.63733,2.85,2.25
2011.05.04 18:37:56.083,0.63703,0.63733,1.35,2.25
2011.05.04 18:37:56.522,0.63707,0.63732,2.85,2.25
2011.05.04 18:37:58.099,0.63707,0.63743,2.85,3.75
2011.05.04 18:37:59.389,0.6371,0.63743,1.50,2.25
2011.05.04 18:38:00.071,0.63711,0.63743,1.50,2.25
2011.05.04 18:38:02.730,0.63708,0.63742,2.10,1.50
2011.05.04 18:38:03.165,0.63706,0.63733,1.50,2.25
2011.05.04 18:38:04.509,0.63706,0.63732,1.50,2.25
2011.05.04 18:38:06.469,0.63702,0.63732,2.10,2.25
2011.05.04 18:38:23.369,0.63704,0.63732,1.50,2.25
2011.05.04 18:38:23.900,0.63703,0.63732,2.10,2.25
2011.05.04 18:38:24.452,0.63704,0.63732,1.50,2.25
2011.05.04 18:38:24.982,0.637,0.63733,2.10,2.25
2011.05.04 18:38:47.690,0.63704,0.63733,1.50,3.75
2011.05.04 18:38:48.020,0.63706,0.63732,1.50,2.25
2011.05.04 18:38:53.580,0.63707,0.63732,1.50,2.25
2011.05.04 18:38:53.689,0.63707,0.63739,1.50,2.10
2011.05.04 18:38:54.279,0.63708,0.63741,1.50,2.10
2011.05.04 18:38:54.509,0.63708,0.63742,2.10,1.50
2011.05.04 18:38:55.059,0.63707,0.63743,3.60,4.35
2011.05.04 18:38:55.829,0.63708,0.63742,2.10,1.50
2011.05.04 18:39:00.099,0.63705,0.63732,2.10,2.25
2011.05.04 18:39:04.881,0.63705,0.63739,2.10,1.50
2011.05.04 18:39:05.319,0.63708,0.63741,2.10,1.50
2011.05.04 18:39:05.829,0.63708,0.63742,2.10,3.75
2011.05.04 18:39:10.680,0.63707,0.63742,2.10,3.75
2011.05.04 18:39:13.261,0.63707,0.63733,2.10,2.25
2011.05.04 18:39:14.263,0.63706,0.63733,3.60,2.25
2011.05.04 18:39:21.371,0.63703,0.63732,2.10,2.25
2011.05.04 18:39:21.813,0.63703,0.63738,2.10,1.50
2011.05.04 18:39:22.140,0.63708,0.6374,1.50,1.50
2011.05.04 18:39:22.359,0.63708,0.63742,1.50,1.50
2011.05.04 18:39:27.060,0.6371,0.63742,1.50,1.50
2011.05.04 18:39:27.393,0.63712,0.63743,2.10,2.25
2011.05.04 18:39:27.720,0.63723,0.63752,2.10,3.75
2011.05.04 18:39:27.941,0.63723,0.63755,2.10,1.50
2011.05.04 18:39:28.161,0.63725,0.63759,2.10,2.25
2011.05.04 18:39:29.028,0.63724,0.63758,2.10,1.50
2011.05.04 18:39:41.230,0.63723,0.63759,3.60,2.25
2011.05.04 18:39:41.339,0.63723,0.63757,3.60,1.50
2011.05.04 18:39:43.099,0.63724,0.63759,2.10,2.25
2011.05.04 18:39:46.749,0.63726,0.6376,2.10,2.25
2011.05.04 18:39:47.081,0.63733,0.63762,1.50,3.00
2011.05.04 18:39:47.629,0.63737,0.63767,1.50,3.00
2011.05.04 18:39:48.180,0.63737,0.63763,1.50,2.25
2011.05.04 18:39:48.509,0.63734,0.63762,1.50,2.25
2011.05.04 18:39:48.620,0.63731,0.63762,1.50,2.25
2011.05.04 18:39:49.535,0.63731,0.63762,2.25,2.25
2011.05.04 18:39:50.208,0.63731,0.63762,1.50,2.25
2011.05.04 18:39:50.759,0.63727,0.63761,2.10,1.50
2011.05.04 18:39:54.241,0.63738,0.63761,1.73,1.50
2011.05.04 18:39:54.350,0.63742,0.63767,1.50,1.50
2011.05.04 18:39:54.571,0.63738,0.63762,1.50,2.25
2011.05.04 18:39:54.680,0.6373,0.63762,1.50,2.25
2011.05.04 18:39:59.909,0.6373,0.63762,1.88,2.25
2011.05.04 18:40:00.349,0.63737,0.63763,1.50,3.00
2011.05.04 18:40:04.900,0.63737,0.63769,2.10,1.50
2011.05.04 18:40:11.989,0.63737,0.63766,3.60,1.50
2011.05.04 18:40:13.843,0.63737,0.63769,1.50,1.50
2011.05.04 18:40:14.925,0.63734,0.63769,1.88,1.50
2011.05.04 18:40:15.861,0.63754,0.6377,2.10,2.25
2011.05.04 18:40:16.082,0.63747,0.63772,3.75,1.50
2011.05.04 18:40:16.304,0.63754,0.63788,2.25,2.25
2011.05.04 18:40:16.608,0.63754,0.63788,2.25,2.25
2011.05.04 18:40:16.714,0.63762,0.63798,2.10,2.10
2011.05.04 18:40:17.051,0.63762,0.63792,1.50,2.25
2011.05.04 18:40:17.603,0.63763,0.63792,1.50,2.25
2011.05.04 18:40:20.401,0.63763,0.63792,1.88,2.25
2011.05.04 18:40:20.511,0.63765,0.63799,2.10,1.50
2011.05.04 18:40:20.620,0.63768,0.63802,2.10,2.25
2011.05.04 18:40:22.499,0.63767,0.63801,2.10,1.50
2011.05.04 18:40:22.829,0.63765,0.63799,3.60,1.50
2011.05.04 18:40:24.543,0.63768,0.63802,2.10,3.75
2011.05.04 18:40:25.212,0.63767,0.63801,2.10,1.50
2011.05.04 18:40:25.771,0.63768,0.63802,2.10,3.75
2011.05.04 18:40:36.750,0.6377,0.63802,1.50,2.25
2011.05.04 18:40:43.210,0.63768,0.63802,2.10,2.25
2011.05.04 18:40:53.880,0.63767,0.63801,2.10,1.50
2011.05.04 18:40:54.421,0.63769,0.63802,2.10,2.25
2011.05.04 18:41:00.631,0.63771,0.63802,2.10,2.25
2011.05.04 18:41:00.959,0.63774,0.63808,2.10,1.50
2011.05.04 18:41:01.551,0.63772,0.63802,2.10,2.25
2011.05.04 18:41:04.782,0.63765,0.63793,1.50,2.25
2011.05.04 18:41:12.769,0.63768,0.63793,1.50,2.25
2011.05.04 18:41:16.340,0.63767,0.63793,1.50,2.25
2011.05.04 18:41:17.001,0.63768,0.63793,1.50,2.25
2011.05.04 18:41:17.701,0.63767,0.63793,1.50,2.25
2011.05.04 18:41:19.551,0.63767,0.63792,1.50,2.25
2011.05.04 18:41:19.662,0.63762,0.63792,2.10,2.25
2011.05.04 18:41:21.232,0.63763,0.63792,2.10,2.25
2011.05.04 18:41:32.901,0.63768,0.63792,2.10,2.25
2011.05.04 18:41:33.011,0.63765,0.63792,2.10,2.25
2011.05.04 18:41:49.759,0.63765,0.63793,2.10,3.75
2011.05.04 18:41:49.980,0.6376,0.63792,1.50,4.35
2011.05.04 18:41:50.091,0.63757,0.63783,2.85,2.25
2011.05.04 18:41:50.810,0.6376,0.63792,2.10,2.10
2011.05.04 18:41:51.370,0.63763,0.63792,1.50,2.85
2011.05.04 18:41:51.702,0.63757,0.63782,1.50,2.25
2011.05.04 18:41:52.029,0.6375,0.63782,2.25,2.25
2011.05.04 18:41:52.249,0.6375,0.63782,1.50,2.25
2011.05.04 18:41:53.532,0.63755,0.63782,2.48,2.25
2011.05.04 18:41:53.753,0.63763,0.63793,1.50,2.25
2011.05.04 18:41:55.400,0.63764,0.63793,1.50,2.25
2011.05.04 18:42:02.919,0.63763,0.63793,1.50,2.25
2011.05.04 18:42:07.539,0.63765,0.63793,1.50,2.25
2011.05.04 18:42:08.391,0.63757,0.63792,2.10,2.25
2011.05.04 18:42:08.610,0.63757,0.63782,2.10,2.25
2011.05.04 18:42:09.531,0.63757,0.63782,1.50,2.25
2011.05.04 18:42:10.081,0.63756,0.63773,2.25,2.25
2011.05.04 18:42:10.301,0.63754,0.63773,1.50,2.25
2011.05.04 18:42:10.410,0.63748,0.63773,1.50,2.25
2011.05.04 18:42:10.519,0.63748,0.63782,1.50,2.85
2011.05.04 18:42:11.069,0.63749,0.63782,1.50,2.85
2011.05.04 18:42:20.159,0.63749,0.63773,1.50,2.25
2011.05.04 18:42:20.272,0.63746,0.63773,1.50,2.25
2011.05.04 18:42:20.380,0.63744,0.63773,1.50,2.25
2011.05.04 18:42:21.280,0.63745,0.63773,1.50,2.25
2011.05.04 18:42:23.090,0.63747,0.63773,1.50,2.25
2011.05.04 18:42:26.228,0.63745,0.63773,1.50,2.25
2011.05.04 18:42:26.451,0.63743,0.63773,2.10,2.25
2011.05.04 18:42:26.782,0.63746,0.63773,1.50,2.25
2011.05.04 18:42:26.893,0.63737,0.63773,3.60,4.35
2011.05.04 18:42:27.551,0.63738,0.63772,2.10,1.50
2011.05.04 18:42:30.262,0.63738,0.63762,2.10,2.25
2011.05.04 18:42:30.384,0.63736,0.63762,1.50,2.25
2011.05.04 18:42:30.489,0.63729,0.63762,2.85,2.25
2011.05.04 18:42:31.039,0.63734,0.63762,1.50,2.25
2011.05.04 18:42:34.160,0.63733,0.63762,2.10,2.25
2011.05.04 18:42:44.089,0.63733,0.63762,1.35,2.25
2011.05.04 18:42:44.200,0.63732,0.63762,3.60,2.25
2011.05.04 18:42:50.413,0.63737,0.63762,2.10,2.25
2011.05.04 18:42:50.630,0.63738,0.6377,2.10,1.50
2011.05.04 18:42:50.741,0.63745,0.63774,1.50,2.10
2011.05.04 18:42:52.910,0.63742,0.63773,1.50,2.25
2011.05.04 18:42:59.730,0.63743,0.63773,1.50,3.75
2011.05.04 18:43:06.520,0.63741,0.63773,1.50,3.75
2011.05.04 18:43:13.940,0.63737,0.63773,2.10,3.75
2011.05.04 18:43:14.269,0.63737,0.63773,2.10,4.35
2011.05.04 18:43:22.270,0.63737,0.63773,2.10,3.75
2011.05.04 18:43:22.599,0.63741,0.63772,1.50,2.25
2011.05.04 18:43:28.319,0.63741,0.63774,1.50,1.50
2011.05.04 18:43:28.910,0.63748,0.63774,2.25,1.50
2011.05.04 18:43:29.020,0.63741,0.63774,1.50,1.50
2011.05.04 18:43:40.750,0.63741,0.63773,1.50,1.50
2011.05.04 18:43:47.849,0.63741,0.63774,1.50,1.50
2011.05.04 18:43:52.220,0.63742,0.63774,1.50,1.50
2011.05.04 18:43:52.731,0.6374,0.63774,3.00,1.50
2011.05.04 18:44:05.641,0.6374,0.63774,2.25,1.50
2011.05.04 18:44:05.970,0.63745,0.63774,1.50,1.50
2011.05.04 18:44:06.649,0.63745,0.63774,2.25,1.50
2011.05.04 18:44:07.684,0.63745,0.63774,2.25,1.50
2011.05.04 18:44:08.699,0.63745,0.63774,2.25,1.50
2011.05.04 18:44:11.640,0.63745,0.63774,2.25,1.50
2011.05.04 18:44:11.750,0.63745,0.63774,2.25,1.50
2011.05.04 18:44:12.112,0.63745,0.63774,2.25,1.50
2011.05.04 18:44:12.223,0.63745,0.63774,2.25,1.50
2011.05.04 18:44:12.442,0.63745,0.63774,2.25,1.50
2011.05.04 18:44:15.991,0.63745,0.63774,2.25,1.50
2011.05.04 18:44:17.880,0.63746,0.63773,2.25,1.50
2011.05.04 18:44:18.591,0.63745,0.63773,1.35,1.50
2011.05.04 18:44:20.910,0.63746,0.6378,2.25,1.50
2011.05.04 18:44:21.242,0.63747,0.63783,2.25,4.35
2011.05.04 18:44:21.350,0.63747,0.63783,2.25,4.35
2011.05.04 18:44:21.459,0.63747,0.63783,2.25,4.35
2011.05.04 18:44:30.760,0.63747,0.63783,2.25,4.35
2011.05.04 18:44:32.880,0.63746,0.63774,2.25,1.50
2011.05.04 18:44:33.661,0.63748,0.63774,2.25,1.50
2011.05.04 18:44:35.260,0.63746,0.63774,2.25,1.50
2011.05.04 18:44:54.362,0.63744,0.63773,1.50,2.25
2011.05.04 18:44:54.910,0.63743,0.63773,2.25,2.25
2011.05.04 18:44:55.020,0.63742,0.63773,2.25,2.25
2011.05.04 18:45:00.681,0.63743,0.63766,2.25,2.10
2011.05.04 18:45:05.232,0.63741,0.63766,2.25,2.10
2011.05.04 18:45:05.620,0.63741,0.63766,2.25,2.10
2011.05.04 18:45:07.148,0.63741,0.63766,2.25,2.10
2011.05.04 18:45:10.351,0.63741,0.63766,2.25,2.10
2011.05.04 18:45:16.473,0.63741,0.63766,2.25,2.10
2011.05.04 18:45:16.692,0.63741,0.63766,2.25,2.10
2011.05.04 18:45:19.210,0.63744,0.63773,1.50,6.23
2011.05.04 18:46:00.362,0.63745,0.63773,1.50,5.85
2011.05.04 18:46:01.490,0.63744,0.63773,2.25,5.85
2011.05.04 18:46:01.950,0.63747,0.63773,1.50,5.85
2011.05.04 18:46:02.063,0.63737,0.63773,5.85,7.35
2011.05.04 18:46:08.415,0.63737,0.63769,2.85,1.50
2011.05.04 18:46:08.844,0.63736,0.63769,1.50,1.50
2011.05.04 18:46:08.950,0.63733,0.63763,1.50,1.50
2011.05.04 18:46:09.283,0.63732,0.63762,1.50,2.85
2011.05.04 18:46:09.392,0.63728,0.63762,1.50,2.85
2011.05.04 18:46:09.501,0.63723,0.63757,1.50,1.50
2011.05.04 18:46:10.051,0.63719,0.63753,1.50,1.50
2011.05.04 18:46:10.600,0.6372,0.63754,1.50,1.50
2011.05.04 18:46:10.710,0.63718,0.63754,1.50,1.50
2011.05.04 18:46:16.771,0.63718,0.63754,1.50,2.10
2011.05.04 18:46:16.993,0.63718,0.6375,1.50,2.10
2011.05.04 18:46:17.210,0.63708,0.63742,2.25,3.75
2011.05.04 18:46:18.900,0.63707,0.63739,1.50,1.50
2011.05.04 18:46:19.012,0.63702,0.63738,2.25,1.50
2011.05.04 18:46:19.449,0.63702,0.63738,2.25,1.50
2011.05.04 18:46:19.559,0.63702,0.63738,1.50,1.50
2011.05.04 18:46:21.450,0.63703,0.63739,1.50,1.50
2011.05.04 18:46:22.580,0.63704,0.6374,1.50,1.50
2011.05.04 18:46:23.810,0.63705,0.63741,1.50,1.50
2011.05.04 18:46:24.601,0.63703,0.63739,1.50,1.50
2011.05.04 18:46:25.042,0.63706,0.6374,1.50,1.50
2011.05.04 18:46:28.801,0.63703,0.6372,1.50,1.50
2011.05.04 18:46:28.911,0.63687,0.6372,2.25,1.50
2011.05.04 18:46:29.022,0.63701,0.63731,1.50,1.41
2011.05.04 18:46:29.130,0.63701,0.63737,1.50,2.10
2011.05.04 18:46:29.241,0.63697,0.63733,1.50,1.50
2011.05.04 18:46:29.461,0.63701,0.63737,1.50,2.10
2011.05.04 18:46:29.790,0.63702,0.63738,1.50,1.50
2011.05.04 18:46:29.900,0.63702,0.63738,1.50,2.25
2011.05.04 18:46:34.237,0.63702,0.63738,1.50,1.50
2011.05.04 18:46:46.999,0.63702,0.63738,1.50,2.25
2011.05.04 18:46:49.840,0.63702,0.63738,1.50,2.25
2011.05.04 18:46:50.172,0.63698,0.63731,2.25,1.50
2011.05.04 18:46:50.682,0.63698,0.63732,4.13,1.50
2011.05.04 18:46:51.211,0.63702,0.63735,1.50,1.50
2011.05.04 18:46:51.541,0.63708,0.63736,2.25,2.10
2011.05.04 18:46:51.759,0.63702,0.63736,1.50,2.10
2011.05.04 18:46:52.090,0.63699,0.63733,2.10,1.50
2011.05.04 18:46:52.632,0.63697,0.63732,2.85,1.50
2011.05.04 18:46:53.750,0.63697,0.63733,4.35,1.50
2011.05.04 18:46:56.021,0.63697,0.63732,2.85,1.50
2011.05.04 18:46:56.641,0.63697,0.63731,2.85,1.50
2011.05.04 18:46:57.522,0.63697,0.63729,2.25,1.50
2011.05.04 18:46:58.750,0.63697,0.6373,6.00,1.50
2011.05.04 18:46:58.970,0.63698,0.63732,1.50,1.50
2011.05.04 18:46:59.710,0.63697,0.63731,6.00,1.50
2011.05.04 18:47:00.307,0.63698,0.63732,1.50,1.50
2011.05.04 18:47:01.750,0.63697,0.63733,4.50,3.00
2011.05.04 18:47:03.314,0.63697,0.63731,4.50,1.50
2011.05.04 18:47:03.982,0.63697,0.6373,3.00,1.50
2011.05.04 18:47:05.101,0.63698,0.63727,2.25,1.50
2011.05.04 18:47:09.160,0.63698,0.63728,2.25,1.50
2011.05.04 18:47:09.731,0.63698,0.63729,2.25,1.50
2011.05.04 18:47:11.380,0.63698,0.63725,2.25,1.50
2011.05.04 18:47:11.491,0.63689,0.63725,2.10,1.50
2011.05.04 18:47:11.600,0.63689,0.63723,2.10,1.50
2011.05.04 18:47:15.090,0.63688,0.63724,2.10,3.00
2011.05.04 18:47:15.421,0.63698,0.63727,2.25,1.50
2011.05.04 18:47:15.970,0.63698,0.63726,2.25,1.50
2011.05.04 18:47:19.441,0.63698,0.63726,2.25,2.10
2011.05.04 18:47:19.660,0.63688,0.63723,2.85,1.50
2011.05.04 18:47:19.880,0.63688,0.63718,2.85,1.50
2011.05.04 18:47:27.450,0.63688,0.63718,2.25,1.50
2011.05.04 18:47:27.670,0.63679,0.63712,1.50,2.25
2011.05.04 18:47:28.219,0.63678,0.63712,2.25,2.25
2011.05.04 18:47:34.891,0.63677,0.63713,2.10,5.25
2011.05.04 18:47:35.439,0.63678,0.63712,2.25,2.25
2011.05.04 18:47:41.121,0.63682,0.63716,1.50,2.10
2011.05.04 18:47:41.672,0.63686,0.63716,1.50,1.50
2011.05.04 18:47:53.791,0.63686,0.63718,1.50,1.50
2011.05.04 18:47:55.791,0.63682,0.63715,3.60,2.10
2011.05.04 18:48:03.720,0.63692,0.63712,2.10,2.25
2011.05.04 18:48:04.015,0.63692,0.63725,2.10,2.10
2011.05.04 18:48:04.122,0.63697,0.63725,3.75,2.10
2011.05.04 18:48:04.341,0.63697,0.63729,4.35,2.10
2011.05.04 18:48:06.511,0.63697,0.63729,3.00,2.10
2011.05.04 18:48:06.621,0.63697,0.63723,2.25,1.50
2011.05.04 18:48:06.730,0.63689,0.63723,1.50,3.75
2011.05.04 18:48:07.332,0.63687,0.63721,2.85,1.50
2011.05.04 18:48:09.060,0.63687,0.63723,4.35,5.25
2011.05.04 18:48:11.785,0.6369,0.63724,1.88,1.50
2011.05.04 18:48:12.388,0.63692,0.63724,1.50,1.50
2011.05.04 18:48:12.494,0.6369,0.63723,1.50,2.25
2011.05.04 18:48:13.051,0.63689,0.63723,1.50,2.25
2011.05.04 18:48:13.781,0.63689,0.63721,1.50,2.10
2011.05.04 18:48:13.892,0.63687,0.6372,2.85,2.10
2011.05.04 18:48:15.611,0.63687,0.63717,2.85,1.50
2011.05.04 18:48:16.181,0.63687,0.63721,2.85,3.60
2011.05.04 18:48:16.761,0.63687,0.63717,2.85,1.50
2011.05.04 18:48:17.089,0.63684,0.63713,2.10,1.50
2011.05.04 18:48:18.371,0.63682,0.63713,2.10,4.35
2011.05.04 18:48:41.731,0.63686,0.63713,1.50,2.85
2011.05.04 18:48:42.062,0.63692,0.6372,2.10,1.50
2011.05.04 18:48:42.172,0.63694,0.63727,2.10,2.10
2011.05.04 18:48:42.390,0.63697,0.63727,1.50,2.10
2011.05.04 18:48:42.610,0.6369,0.63724,2.10,3.60
2011.05.04 18:48:44.593,0.63698,0.63724,2.10,1.50
2011.05.04 18:48:44.703,0.63696,0.63727,1.50,1.50
2011.05.04 18:48:44.813,0.63698,0.6373,2.25,1.50
2011.05.04 18:48:45.361,0.63698,0.63731,2.25,1.50
2011.05.04 18:48:45.890,0.63698,0.63732,3.75,1.50
2011.05.04 18:48:47.441,0.63698,0.63731,2.25,1.50
2011.05.04 18:48:47.664,0.63698,0.63733,2.25,1.50
2011.05.04 18:48:48.406,0.63698,0.63732,3.75,1.50
2011.05.04 18:48:48.523,0.63698,0.63728,2.25,1.50
2011.05.04 18:48:48.643,0.63692,0.63726,2.10,1.50
2011.05.04 18:48:48.973,0.63688,0.63724,1.50,1.50
2011.05.04 18:48:49.520,0.63687,0.63723,5.25,1.50
2011.05.04 18:48:50.073,0.63688,0.63724,1.50,1.50
2011.05.04 18:48:53.690,0.63689,0.63725,1.50,1.50
2011.05.04 18:48:56.611,0.63688,0.63722,3.75,1.50
2011.05.04 18:48:56.721,0.63686,0.63721,2.10,1.50
2011.05.04 18:49:00.582,0.63688,0.63722,1.50,5.25
2011.05.04 18:49:03.625,0.63688,0.63722,4.13,3.75
2011.05.04 18:49:03.961,0.63697,0.63731,3.75,2.10
2011.05.04 18:49:19.131,0.63691,0.63722,1.50,2.25
2011.05.04 18:49:19.852,0.6369,0.63723,1.88,1.50
2011.05.04 18:49:30.791,0.63693,0.63723,1.50,1.50
2011.05.04 18:49:36.800,0.63693,0.63724,1.50,1.50
2011.05.04 18:49:40.582,0.63687,0.63721,1.35,2.10
2011.05.04 18:49:40.691,0.63686,0.63722,1.50,2.10
2011.05.04 18:49:40.912,0.63688,0.6372,2.25,2.10
2011.05.04 18:49:41.239,0.6368,0.63712,2.10,2.25
2011.05.04 18:49:51.384,0.63683,0.63714,1.50,1.50
2011.05.04 18:50:01.102,0.63682,0.63714,1.50,1.50
2011.05.04 18:50:02.830,0.63682,0.63713,1.50,1.50
2011.05.04 18:50:12.313,0.63687,0.63717,1.50,3.60
2011.05.04 18:50:17.883,0.63684,0.63712,1.50,2.25
2011.05.04 18:50:17.993,0.63682,0.63713,1.50,1.50
2011.05.04 18:50:18.540,0.63686,0.63717,1.50,2.10
2011.05.04 18:50:20.961,0.63683,0.63717,1.50,2.10
2011.05.04 18:50:21.182,0.6368,0.63714,2.25,2.10
2011.05.04 18:50:21.842,0.6368,0.63714,1.50,2.10
2011.05.04 18:50:28.981,0.6368,0.63713,2.10,2.25
2011.05.04 18:50:29.420,0.63679,0.63715,2.10,1.50
2011.05.04 18:50:29.531,0.63678,0.63713,2.85,1.50
2011.05.04 18:50:30.080,0.6368,0.63714,2.10,1.50
2011.05.04 18:50:37.832,0.63678,0.63714,3.75,2.10
2011.05.04 18:50:38.382,0.63679,0.63713,1.50,2.10
2011.05.04 18:50:38.929,0.63678,0.63714,3.75,2.10
2011.05.04 18:50:39.590,0.6368,0.63714,1.50,2.10
2011.05.04 18:50:40.392,0.63678,0.6371,2.25,1.50
2011.05.04 18:50:42.330,0.63678,0.63708,2.25,2.10
2011.05.04 18:50:46.663,0.63678,0.6371,2.85,1.50
2011.05.04 18:50:46.991,0.63678,0.63712,4.35,4.35
2011.05.04 18:50:56.310,0.63678,0.63711,2.85,1.50
2011.05.04 18:50:56.531,0.63678,0.6371,2.25,2.10
2011.05.04 18:51:01.890,0.63678,0.63703,2.25,1.50
2011.05.04 18:51:05.271,0.63678,0.6371,2.10,1.50
2011.05.04 18:51:05.380,0.63679,0.63713,2.10,1.50
2011.05.04 18:51:15.911,0.6368,0.63713,2.10,1.50
2011.05.04 18:51:16.024,0.63684,0.63713,1.50,1.50
2011.05.04 18:51:16.132,0.63684,0.63718,3.60,1.50
2011.05.04 18:51:16.243,0.63689,0.63723,1.50,3.75
2011.05.04 18:51:16.351,0.63687,0.63721,3.60,1.50
2011.05.04 18:51:16.901,0.63686,0.6372,2.10,1.50
2011.05.04 18:51:17.640,0.63687,0.63721,2.10,1.50
2011.05.04 18:51:18.190,0.63688,0.63722,2.10,1.50
2011.05.04 18:51:19.930,0.63688,0.63723,2.10,2.25
2011.05.04 18:51:21.401,0.63692,0.63726,1.50,1.50
2011.05.04 18:51:21.621,0.63692,0.63728,1.50,1.50
2011.05.04 18:51:23.521,0.63688,0.63723,1.50,2.85
2011.05.04 18:51:25.710,0.63687,0.63721,1.50,2.10
2011.05.04 18:51:26.352,0.63688,0.63721,2.25,2.10
2011.05.04 18:51:27.082,0.63689,0.63722,1.50,2.85
2011.05.04 18:51:27.841,0.6369,0.63726,2.10,1.50
2011.05.04 18:51:28.391,0.63689,0.63723,3.60,1.50
2011.05.04 18:51:33.031,0.6369,0.63723,1.50,2.85
2011.05.04 18:51:33.142,0.63688,0.63723,1.50,2.85
2011.05.04 18:51:35.552,0.63686,0.63722,2.10,1.50
2011.05.04 18:51:35.662,0.6369,0.63724,1.50,2.10
2011.05.04 18:51:36.101,0.63688,0.63724,3.75,2.10
2011.05.04 18:51:42.042,0.63689,0.63723,1.50,3.60
2011.05.04 18:51:46.432,0.63689,0.63723,1.88,3.60
2011.05.04 18:51:46.542,0.63697,0.63732,1.50,3.00
2011.05.04 18:51:46.650,0.63697,0.63732,1.50,2.25
2011.05.04 18:51:47.262,0.63697,0.63733,4.50,5.25
2011.05.04 18:51:48.702,0.63697,0.63728,3.75,2.10
2011.05.04 18:51:48.921,0.63694,0.63728,1.35,2.10
2011.05.04 18:51:49.721,0.63694,0.63723,1.35,1.50
2011.05.04 18:51:53.642,0.63694,0.63728,1.35,2.10
2011.05.04 18:51:54.253,0.63694,0.63723,1.35,1.50
2011.05.04 18:52:00.595,0.63694,0.63728,2.85,3.60
2011.05.04 18:52:00.712,0.63699,0.63728,2.10,1.50
2011.05.04 18:52:00.823,0.63699,0.63732,2.10,3.75
2011.05.04 18:52:01.152,0.63702,0.63736,2.10,2.10
2011.05.04 18:52:01.260,0.63702,0.63733,2.10,1.50
2011.05.04 18:52:04.041,0.63702,0.63734,2.10,1.50
2011.05.04 18:52:04.534,0.63697,0.63733,3.75,4.35
2011.05.04 18:52:06.420,0.63697,0.63733,4.35,3.75
2011.05.04 18:52:08.888,0.63701,0.63732,1.50,2.25
2011.05.04 18:52:09.441,0.637,0.63732,1.50,2.25
2011.05.04 18:52:11.232,0.63701,0.63734,1.50,1.50
2011.05.04 18:52:13.170,0.637,0.63734,1.50,1.50
2011.05.04 18:52:28.943,0.637,0.63734,1.50,2.10
2011.05.04 18:52:29.601,0.63708,0.63734,2.25,2.10
2011.05.04 18:52:31.530,0.63708,0.63734,2.25,1.50
2011.05.04 18:52:34.771,0.637,0.63736,2.10,2.10
2011.05.04 18:52:34.991,0.63697,0.63732,4.35,1.50
2011.05.04 18:52:35.541,0.63696,0.63732,1.50,5.85
2011.05.04 18:52:35.870,0.63698,0.63732,2.25,5.85
2011.05.04 18:52:43.001,0.637,0.63732,1.50,2.25
2011.05.04 18:52:43.331,0.63703,0.63732,2.10,2.25
2011.05.04 18:53:00.582,0.63709,0.63732,1.50,2.25
2011.05.04 18:53:00.691,0.63709,0.63734,1.50,1.50
2011.05.04 18:53:01.239,0.63709,0.63733,2.25,1.50
2011.05.04 18:53:02.673,0.63709,0.63733,3.00,1.50
2011.05.04 18:53:03.700,0.63709,0.63733,3.00,1.50
2011.05.04 18:53:11.613,0.63709,0.63742,3.60,2.25
2011.05.04 18:53:12.780,0.63708,0.6374,3.00,2.10
2011.05.04 18:53:21.251,0.63716,0.63742,1.35,2.63
2011.05.04 18:53:21.363,0.63716,0.63747,1.35,2.10
2011.05.04 18:53:21.470,0.63714,0.6375,2.25,2.10
2011.05.04 18:53:21.581,0.63714,0.63748,2.25,1.50
2011.05.04 18:53:21.911,0.63714,0.63743,2.25,1.50
2011.05.04 18:53:48.282,0.63716,0.63744,2.85,1.50
2011.05.04 18:53:48.851,0.63717,0.63744,2.10,1.50
2011.05.04 18:53:49.072,0.63721,0.63752,1.50,2.25
2011.05.04 18:53:49.181,0.63721,0.63754,1.50,1.50
2011.05.04 18:53:49.291,0.63727,0.63754,2.25,1.50
2011.05.04 18:53:49.904,0.63719,0.63753,2.10,1.50
2011.05.04 18:53:50.452,0.63721,0.63753,1.50,1.50
2011.05.04 18:54:18.810,0.63721,0.63753,1.50,2.10
2011.05.04 18:54:50.097,0.63717,0.63753,3.75,2.10
2011.05.04 18:54:50.921,0.63722,0.63753,1.50,2.10
2011.05.04 18:54:51.251,0.63727,0.63754,1.50,2.10
2011.05.04 18:54:52.192,0.63727,0.6376,1.50,3.98
2011.05.04 18:55:02.142,0.63728,0.6376,1.50,2.10
2011.05.04 18:55:02.252,0.63728,0.63762,2.10,2.10
2011.05.04 18:55:02.363,0.6373,0.63763,1.50,2.10
2011.05.04 18:55:06.221,0.63729,0.63763,1.50,2.10
2011.05.04 18:55:06.791,0.63728,0.63763,2.10,2.10
2011.05.04 18:55:11.113,0.63729,0.63763,1.50,2.10
2011.05.04 18:55:11.552,0.63725,0.63756,2.25,2.10
2011.05.04 18:55:13.721,0.63725,0.63759,2.25,1.50
2011.05.04 18:55:14.271,0.63728,0.63762,1.50,2.10
2011.05.04 18:55:20.114,0.63728,0.63764,1.88,3.60
2011.05.04 18:55:20.333,0.63743,0.63773,2.48,2.25
2011.05.04 18:55:20.442,0.63743,0.63775,2.10,1.50
2011.05.04 18:55:20.552,0.63741,0.63765,1.50,3.60
2011.05.04 18:55:20.661,0.63729,0.63763,2.25,2.10
2011.05.04 18:55:21.652,0.63734,0.63765,1.50,2.10
2011.05.04 18:55:21.761,0.63734,0.63768,1.50,2.10
2011.05.04 18:55:21.871,0.63736,0.63771,1.50,2.10
2011.05.04 18:55:22.593,0.63737,0.63771,1.50,2.10
2011.05.04 18:55:26.441,0.63737,0.63764,1.50,2.10
2011.05.04 18:55:26.552,0.6373,0.63764,2.25,3.60
2011.05.04 18:55:30.761,0.63731,0.63763,1.50,3.60
2011.05.04 18:55:39.563,0.63727,0.63755,1.50,2.10
2011.05.04 18:55:39.802,0.63725,0.63754,1.50,1.50
2011.05.04 18:55:41.932,0.63728,0.63754,2.10,1.50
2011.05.04 18:55:42.151,0.63731,0.63758,1.35,2.10
2011.05.04 18:55:44.513,0.63729,0.63757,2.25,2.10
2011.05.04 18:55:44.859,0.6373,0.63759,1.35,2.10
2011.05.04 18:55:46.982,0.6373,0.63763,2.25,3.60
2011.05.04 18:55:47.893,0.63727,0.6376,1.50,2.10
2011.05.04 18:55:48.221,0.63727,0.63759,2.25,2.10
2011.05.04 18:55:49.955,0.63727,0.63758,3.00,1.50
2011.05.04 18:55:50.491,0.63724,0.63753,3.00,1.50
2011.05.04 18:55:50.821,0.63724,0.63753,1.50,1.50
2011.05.04 18:55:51.041,0.63726,0.63759,2.25,2.10
2011.05.04 18:55:58.424,0.63728,0.63743,1.50,2.10
2011.05.04 18:55:58.533,0.63727,0.63743,1.50,2.10
2011.05.04 18:55:58.645,0.63726,0.63743,1.50,2.10
2011.05.04 18:55:58.754,0.63726,0.63752,1.50,3.23
2011.05.04 18:55:58.863,0.63719,0.63752,3.60,2.85
2011.05.04 18:55:58.972,0.63719,0.63736,1.50,2.10
2011.05.04 18:55:59.192,0.63708,0.63737,2.10,1.50
2011.05.04 18:55:59.741,0.6371,0.63741,2.10,2.10
2011.05.04 18:56:00.011,0.6371,0.63746,1.50,2.10
2011.05.04 18:56:05.674,0.6371,0.63746,2.25,2.10
2011.05.04 18:56:06.111,0.63706,0.63742,3.00,2.10
2011.05.04 18:56:09.623,0.63707,0.63742,2.25,2.10
2011.05.04 18:56:12.153,0.63707,0.63736,2.25,1.50
2011.05.04 18:56:12.702,0.63707,0.63737,2.25,1.50
2011.05.04 18:56:13.032,0.63707,0.63739,2.25,1.50
2011.05.04 18:56:14.292,0.63706,0.63736,1.50,2.10
2011.05.04 18:56:14.510,0.637,0.63733,2.25,2.10
2011.05.04 18:56:14.731,0.63701,0.63734,1.73,1.50
2011.05.04 18:56:15.077,0.63707,0.63737,1.50,1.50
2011.05.04 18:56:15.522,0.63708,0.63734,2.25,1.50
2011.05.04 18:56:16.071,0.63708,0.6374,3.75,2.10
2011.05.04 18:56:18.653,0.63708,0.63742,3.75,2.10
2011.05.04 18:56:21.254,0.63708,0.63741,3.75,1.50
2011.05.04 18:56:21.361,0.63708,0.63739,2.25,1.50
2011.05.04 18:56:21.813,0.63708,0.63738,2.25,2.10
2011.05.04 18:56:39.084,0.63708,0.63724,2.25,1.50
2011.05.04 18:56:39.302,0.63698,0.63724,2.25,1.50
2011.05.04 18:56:40.521,0.63698,0.63722,2.25,2.10
2011.05.04 18:56:41.294,0.63698,0.63716,2.25,2.10
2011.05.04 18:56:41.401,0.63688,0.63713,2.25,2.10
2011.05.04 18:56:47.214,0.63688,0.63718,2.85,2.10
2011.05.04 18:56:50.983,0.63691,0.6372,2.10,3.60
2011.05.04 18:56:56.171,0.63692,0.6372,1.35,2.10
2011.05.04 18:56:56.282,0.63707,0.63722,2.25,1.50
2011.05.04 18:56:56.392,0.63707,0.63733,2.25,1.35
2011.05.04 18:56:56.502,0.63706,0.63734,1.50,2.10
2011.05.04 18:56:56.832,0.637,0.63733,2.63,1.50
2011.05.04 18:57:01.304,0.63706,0.63734,1.88,2.10
2011.05.04 18:57:01.743,0.6371,0.63742,2.48,1.88
2011.05.04 18:57:01.854,0.63714,0.63742,1.13,1.50
2011.05.04 18:57:01.963,0.63717,0.63742,2.25,1.50
2011.05.04 18:57:02.292,0.63717,0.63743,3.75,2.10
2011.05.04 18:57:14.574,0.63708,0.63742,1.88,2.10
2011.05.04 18:57:15.012,0.63708,0.63742,1.88,1.50
2011.05.04 18:57:15.122,0.63711,0.63744,1.88,1.50
2011.05.04 18:57:15.232,0.63718,0.63744,2.25,1.50
2011.05.04 18:57:17.553,0.63718,0.6375,2.25,2.10
2011.05.04 18:57:17.990,0.6372,0.63752,1.50,2.10
2011.05.04 18:57:20.652,0.63728,0.63752,2.25,2.10
2011.05.04 18:57:20.981,0.63728,0.63757,2.25,2.10
2011.05.04 18:57:26.159,0.63718,0.63749,2.85,1.50
2011.05.04 18:57:26.493,0.63718,0.63744,2.25,2.10
2011.05.04 18:57:28.594,0.63711,0.63744,1.50,2.10
2011.05.04 18:57:28.813,0.63707,0.63737,2.25,2.10
2011.05.04 18:57:29.141,0.63707,0.63734,2.25,1.50
2011.05.04 18:57:29.251,0.63707,0.63737,2.25,2.10
2011.05.04 18:57:30.521,0.63707,0.63733,2.25,1.50
2011.05.04 18:57:33.453,0.637,0.63733,2.48,1.50
2011.05.04 18:57:33.563,0.637,0.63733,1.88,3.60
2011.05.04 18:57:34.001,0.63698,0.63718,2.25,1.50
2011.05.04 18:57:34.443,0.63687,0.63714,3.23,1.50
2011.05.04 18:57:35.053,0.63687,0.63714,4.13,1.50
2011.05.04 18:57:45.434,0.63687,0.6371,3.75,1.50
2011.05.04 18:57:45.653,0.63678,0.6371,3.98,1.50
2011.05.04 18:57:47.014,0.63678,0.63711,3.98,1.50
2011.05.04 18:57:48.451,0.63682,0.63713,1.13,1.50
2011.05.04 18:57:50.132,0.63682,0.63713,1.13,1.50
2011.05.04 18:57:50.409,0.6368,0.63713,1.88,1.50
2011.05.04 18:57:51.232,0.6368,0.63713,1.88,1.50
2011.05.04 18:57:57.182,0.6368,0.63713,1.88,3.60
2011.05.04 18:57:57.515,0.63677,0.63707,6.00,2.10
2011.05.04 18:57:57.841,0.63677,0.63707,4.50,3.98
2011.05.04 18:57:58.171,0.63677,0.63704,4.50,2.10
2011.05.04 18:57:58.281,0.63677,0.63704,4.50,2.10
2011.05.04 18:58:00.623,0.63677,0.63704,1.50,2.10
2011.05.04 18:58:01.228,0.63677,0.63704,2.25,2.10
2011.05.04 18:58:01.812,0.63677,0.63704,2.25,2.10
2011.05.04 18:58:02.353,0.63678,0.63704,2.63,2.10
2011.05.04 18:58:02.572,0.63678,0.63702,2.25,2.10
2011.05.04 18:58:04.181,0.63678,0.63698,2.25,2.10
2011.05.04 18:58:04.403,0.63667,0.63698,3.75,2.10
2011.05.04 18:58:04.622,0.63667,0.63687,2.25,1.50
2011.05.04 18:58:10.253,0.63658,0.63675,2.25,2.10
2011.05.04 18:58:10.362,0.63647,0.63675,2.25,2.10
2011.05.04 18:58:10.472,0.63657,0.6368,2.48,1.50
2011.05.04 18:58:10.582,0.63658,0.63682,3.23,1.50
2011.05.04 18:58:10.803,0.63657,0.63682,2.48,1.50
2011.05.04 18:58:11.492,0.63656,0.6369,3.98,3.60
2011.05.04 18:58:12.141,0.63657,0.6369,2.48,3.60
2011.05.04 18:58:12.251,0.63658,0.6369,3.23,1.50
2011.05.04 18:58:12.362,0.63659,0.63692,1.88,2.25
2011.05.04 18:58:17.935,0.63663,0.63694,2.48,2.10
2011.05.04 18:58:18.493,0.63667,0.63694,1.50,2.10
2011.05.04 18:58:26.983,0.63664,0.63695,1.50,2.10
2011.05.04 18:58:27.202,0.6366,0.63692,1.88,2.85
2011.05.04 18:58:29.751,0.63662,0.63692,1.88,2.25
2011.05.04 18:58:29.861,0.63664,0.63698,1.88,1.50
2011.05.04 18:58:30.531,0.63666,0.63699,1.88,2.10
2011.05.04 18:58:31.533,0.63666,0.63695,1.50,2.10
2011.05.04 18:58:31.861,0.63659,0.63693,1.88,4.35
2011.05.04 18:58:35.062,0.63659,0.63686,1.88,2.10
2011.05.04 18:58:35.172,0.63659,0.63686,1.88,2.10
2011.05.04 18:58:43.135,0.63657,0.63686,1.50,2.10
2011.05.04 18:58:43.241,0.63655,0.63682,1.50,2.10
2011.05.04 18:58:43.462,0.6365,0.63682,1.13,2.10
2011.05.04 18:58:44.422,0.63647,0.63678,2.25,2.10
2011.05.04 18:58:45.081,0.63649,0.63682,1.13,2.48
2011.05.04 18:58:46.792,0.63651,0.63683,2.25,4.35
2011.05.04 18:58:54.713,0.63648,0.63682,1.88,4.35
2011.05.04 18:58:54.822,0.63647,0.63678,1.88,1.50
2011.05.04 18:58:55.151,0.63646,0.63674,1.13,1.50
2011.05.04 18:58:57.233,0.63646,0.63678,3.23,1.50
2011.05.04 18:58:57.344,0.6365,0.63682,1.88,2.25
2011.05.04 18:58:57.453,0.6365,0.63686,1.88,2.10
2011.05.04 18:58:57.562,0.6365,0.63686,1.50,2.10
2011.05.04 18:58:57.672,0.6365,0.63686,1.88,2.10
2011.05.04 18:58:59.814,0.63648,0.63682,3.00,1.50
2011.05.04 18:59:00.032,0.63651,0.63682,1.50,1.50
2011.05.04 18:59:00.365,0.63658,0.63689,2.63,1.50
2011.05.04 18:59:00.808,0.63658,0.63688,2.25,1.50
2011.05.04 18:59:01.035,0.63657,0.63685,1.88,1.50
2011.05.04 18:59:01.363,0.63651,0.63674,1.50,2.10
2011.05.04 18:59:01.473,0.63643,0.63671,1.13,2.10
2011.05.04 18:59:01.803,0.63642,0.63672,1.13,2.25
2011.05.04 18:59:02.241,0.6364,0.63672,1.13,2.25
2011.05.04 18:59:02.461,0.6364,0.63672,1.13,2.25
2011.05.04 18:59:04.852,0.6364,0.63672,1.13,2.25
2011.05.04 18:59:05.462,0.6364,0.63672,1.13,2.25
2011.05.04 18:59:05.743,0.6364,0.63672,1.13,2.25
2011.05.04 18:59:07.883,0.63644,0.63679,1.13,2.10
2011.05.04 18:59:10.534,0.63646,0.63679,1.13,1.50
2011.05.04 18:59:11.084,0.63646,0.63681,1.13,2.10
2011.05.04 18:59:13.182,0.63645,0.6368,1.35,2.10
2011.05.04 18:59:13.732,0.63644,0.63673,1.13,1.50
2011.05.04 18:59:15.176,0.63642,0.63673,2.25,1.50
2011.05.04 18:59:15.734,0.63643,0.63673,1.50,3.75
2011.05.04 18:59:16.175,0.63646,0.63674,1.13,1.50
2011.05.04 18:59:16.283,0.63648,0.6368,1.13,1.50
2011.05.04 18:59:16.721,0.63651,0.63682,1.35,3.00
2011.05.04 18:59:17.282,0.63651,0.63683,2.85,2.25
2011.05.04 18:59:18.543,0.6365,0.63683,2.10,2.25
2011.05.04 18:59:19.014,0.63648,0.6368,2.48,1.50
2011.05.04 18:59:19.232,0.63652,0.63682,1.88,2.25
2011.05.04 18:59:19.784,0.63651,0.63682,2.48,2.25
2011.05.04 18:59:19.892,0.63651,0.63685,2.48,2.10
2011.05.04 18:59:20.113,0.63649,0.63683,2.48,1.50
2011.05.04 18:59:20.733,0.6365,0.63684,2.48,1.50
2011.05.04 18:59:23.623,0.6365,0.63684,2.48,1.50
2011.05.04 18:59:24.182,0.63651,0.63687,2.48,2.10
2011.05.04 18:59:24.512,0.63658,0.63691,2.63,1.50
2011.05.04 18:59:25.831,0.6366,0.63692,1.88,2.25
2011.05.04 18:59:30.376,0.63657,0.63687,1.50,1.50
2011.05.04 18:59:30.812,0.63656,0.6369,1.88,2.10
2011.05.04 18:59:32.271,0.63656,0.6369,3.38,2.10
2011.05.04 18:59:32.931,0.63656,0.6369,3.00,2.10
2011.05.04 18:59:33.042,0.63656,0.63673,1.50,2.85
2011.05.04 18:59:33.372,0.6365,0.63678,2.48,1.50
2011.05.04 18:59:33.592,0.63653,0.63681,1.73,1.50
2011.05.04 18:59:33.702,0.6365,0.63682,3.98,2.25
2011.05.04 18:59:35.541,0.63653,0.63683,1.50,2.85
2011.05.04 18:59:35.651,0.63651,0.63683,1.50,2.85
2011.05.04 18:59:35.982,0.6365,0.63683,1.88,2.85
2011.05.04 18:59:36.531,0.63653,0.63682,1.13,2.25
2011.05.04 18:59:37.410,0.63653,0.63682,1.13,2.25
2011.05.04 18:59:37.795,0.63656,0.63688,1.88,2.10
2011.05.04 18:59:40.443,0.63656,0.63691,2.48,2.10
2011.05.04 18:59:41.542,0.63658,0.63692,4.13,4.35
2011.05.04 18:59:42.144,0.6366,0.63692,2.48,2.25
2011.05.04 18:59:43.942,0.6366,0.63692,2.48,2.25
2011.05.04 18:59:44.493,0.6366,0.63691,1.50,2.10
2011.05.04 18:59:45.041,0.63651,0.63691,2.48,2.10
2011.05.04 18:59:45.153,0.63657,0.63691,1.50,2.10
2011.05.04 18:59:45.372,0.63654,0.6369,2.48,2.10
2011.05.04 18:59:46.122,0.63656,0.63691,1.50,2.10
2011.05.04 18:59:46.891,0.63656,0.63691,1.88,2.10
2011.05.04 18:59:49.244,0.63657,0.63692,1.88,2.25
2011.05.04 18:59:53.031,0.63657,0.63692,3.38,2.25
2011.05.04 18:59:53.141,0.63657,0.63688,1.88,1.50
2011.05.04 18:59:54.713,0.63657,0.63683,1.50,2.25
2011.05.04 18:59:54.822,0.63651,0.63683,1.88,3.75
2011.05.04 18:59:55.904,0.6365,0.63683,1.88,3.75
2011.05.04 18:59:57.603,0.63649,0.63683,1.88,5.25
2011.05.04 18:59:58.801,0.63651,0.63683,2.48,3.75
2011.05.04 18:59:58.917,0.63649,0.63682,2.48,2.25
