2016.03.31 11:00:00.085,0.77792,0.77819,1.50,1.00
2016.03.31 11:00:00.888,0.77793,0.7782,1.00,1.50
2016.03.31 11:00:01.240,0.77795,0.7782,1.00,1.00
2016.03.31 11:00:01.291,0.77795,0.77822,3.00,1.00
2016.03.31 11:00:01.802,0.77796,0.77824,1.50,1.60
2016.03.31 11:00:02.352,0.77795,0.77823,3.00,1.35
2016.03.31 11:00:02.859,0.77795,0.77822,2.25,1.00
2016.03.31 11:00:03.954,0.77795,0.77823,3.00,1.35
2016.03.31 11:00:04.500,0.77796,0.77824,1.00,1.60
2016.03.31 11:00:06.494,0.77795,0.77823,3.00,1.35
2016.03.31 11:00:07.072,0.77795,0.77822,1.50,1.00
2016.03.31 11:00:07.647,0.77796,0.77823,1.00,1.35
2016.03.31 11:00:08.300,0.77796,0.77822,1.00,1.00
2016.03.31 11:00:10.162,0.77796,0.77822,1.37,1.37
2016.03.31 11:00:11.536,0.77797,0.7782,1.00,1.00
2016.03.31 11:00:18.513,0.77797,0.77821,1.50,1.00
2016.03.31 11:00:18.564,0.77799,0.77821,1.00,1.00
2016.03.31 11:00:18.866,0.77801,0.77827,1.50,1.75
2016.03.31 11:00:24.842,0.77798,0.77825,1.50,1.75
2016.03.31 11:00:25.043,0.77795,0.77823,1.37,1.75
2016.03.31 11:00:26.707,0.77797,0.77824,1.00,2.25
2016.03.31 11:00:26.757,0.77797,0.77826,2.25,1.75
2016.03.31 11:00:26.859,0.77799,0.77828,1.75,1.75
2016.03.31 11:00:27.060,0.77801,0.7783,1.75,1.75
2016.03.31 11:00:27.534,0.77801,0.77828,1.00,2.25
2016.03.31 11:00:28.046,0.77799,0.77827,1.50,1.75
2016.03.31 11:00:31.566,0.77799,0.77828,1.75,2.25
2016.03.31 11:00:35.374,0.77799,0.77825,1.12,1.75
2016.03.31 11:00:35.575,0.778,0.77825,2.25,1.12
2016.03.31 11:00:35.878,0.77795,0.77825,2.25,2.25
2016.03.31 11:00:42.714,0.77799,0.77828,1.37,3.00
2016.03.31 11:00:42.764,0.77801,0.77825,1.00,1.00
2016.03.31 11:00:47.341,0.77802,0.77825,1.00,1.00
2016.03.31 11:00:52.542,0.77801,0.77825,1.50,1.00
2016.03.31 11:00:53.055,0.77802,0.77825,1.00,1.00
2016.03.31 11:00:53.726,0.77802,0.77829,1.37,1.50
2016.03.31 11:00:53.777,0.77802,0.77829,1.75,1.12
2016.03.31 11:01:08.632,0.77807,0.77834,1.00,3.00
2016.03.31 11:01:08.683,0.77807,0.77834,1.37,1.75
2016.03.31 11:01:09.234,0.77808,0.77836,1.50,1.75
2016.03.31 11:01:09.895,0.77808,0.77836,1.50,1.50
2016.03.31 11:01:09.946,0.77812,0.77836,1.00,1.00
2016.03.31 11:01:10.169,0.77811,0.77839,2.25,1.75
2016.03.31 11:01:10.220,0.77811,0.77839,1.75,1.50
2016.03.31 11:01:10.573,0.7781,0.77838,1.75,1.37
2016.03.31 11:01:10.623,0.7781,0.77838,1.75,1.75
2016.03.31 11:01:15.506,0.77812,0.77839,2.25,2.25
2016.03.31 11:01:16.119,0.77812,0.77837,1.75,1.00
2016.03.31 11:01:16.220,0.77812,0.77837,1.00,1.75
2016.03.31 11:01:16.623,0.77808,0.77832,1.00,2.85
2016.03.31 11:01:16.829,0.77806,0.77828,1.00,1.50
2016.03.31 11:01:16.882,0.77803,0.77828,2.25,1.00
2016.03.31 11:01:16.998,0.77805,0.77832,1.75,1.75
2016.03.31 11:01:19.432,0.77804,0.77829,1.75,1.00
2016.03.31 11:01:19.984,0.77804,0.7783,1.75,1.87
2016.03.31 11:01:30.979,0.77809,0.77834,1.00,1.75
2016.03.31 11:01:31.030,0.77809,0.77834,1.37,1.37
2016.03.31 11:01:31.256,0.77813,0.77838,1.12,1.75
2016.03.31 11:01:35.181,0.77812,0.77839,3.00,1.50
2016.03.31 11:01:35.484,0.77817,0.77841,1.00,2.85
2016.03.31 11:01:35.685,0.7782,0.77841,1.00,1.00
2016.03.31 11:01:36.106,0.7782,0.77844,1.50,1.12
2016.03.31 11:01:46.773,0.7782,0.77844,1.12,1.37
2016.03.31 11:01:47.612,0.7782,0.77844,1.75,1.00
2016.03.31 11:01:48.299,0.7782,0.77845,1.75,1.12
2016.03.31 11:01:48.802,0.77823,0.77845,1.00,1.12
2016.03.31 11:01:50.538,0.7782,0.77847,1.75,2.10
2016.03.31 11:01:51.059,0.77819,0.77844,1.75,1.00
2016.03.31 11:01:51.110,0.77819,0.77844,1.37,1.37
2016.03.31 11:01:51.211,0.77817,0.77842,1.50,1.75
2016.03.31 11:01:57.244,0.77817,0.77843,1.37,1.75
2016.03.31 11:01:57.431,0.77815,0.77842,2.47,1.75
2016.03.31 11:01:57.582,0.77817,0.77843,1.00,3.00
2016.03.31 11:01:57.838,0.77818,0.77845,1.50,3.75
2016.03.31 11:01:58.751,0.77819,0.77846,2.25,1.75
2016.03.31 11:01:58.807,0.77819,0.77846,2.25,1.75
2016.03.31 11:01:59.356,0.77816,0.77841,2.25,1.37
2016.03.31 11:01:59.407,0.77815,0.77841,2.25,1.75
2016.03.31 11:02:08.368,0.7782,0.77845,1.00,2.25
2016.03.31 11:02:08.469,0.7782,0.77847,1.50,3.75
2016.03.31 11:02:08.620,0.77823,0.77847,1.00,1.75
2016.03.31 11:02:08.671,0.77824,0.77847,1.50,1.00
2016.03.31 11:02:09.247,0.77825,0.77848,1.00,1.00
2016.03.31 11:02:09.757,0.77824,0.77848,1.50,1.00
2016.03.31 11:02:11.206,0.77825,0.77848,1.00,1.00
2016.03.31 11:02:11.685,0.77827,0.77848,1.00,1.00
2016.03.31 11:02:11.965,0.77831,0.77857,1.75,1.75
2016.03.31 11:02:12.770,0.7783,0.77856,1.12,1.75
2016.03.31 11:02:18.387,0.77829,0.77853,1.00,1.75
2016.03.31 11:02:18.438,0.77827,0.77853,1.00,1.75
2016.03.31 11:02:19.657,0.77825,0.77853,2.25,1.75
2016.03.31 11:02:19.959,0.77824,0.7785,1.37,2.85
2016.03.31 11:02:20.110,0.77821,0.77847,1.75,1.75
2016.03.31 11:02:23.185,0.77822,0.77848,1.75,1.12
2016.03.31 11:02:25.189,0.77826,0.77853,1.75,1.87
2016.03.31 11:02:27.001,0.77825,0.77853,1.75,2.25
2016.03.31 11:02:31.429,0.77827,0.77853,1.75,1.12
2016.03.31 11:02:32.445,0.77832,0.77857,1.00,1.75
2016.03.31 11:02:32.975,0.77829,0.77855,1.75,2.25
2016.03.31 11:02:38.940,0.77827,0.77853,1.50,1.75
2016.03.31 11:02:40.916,0.77823,0.7785,2.85,1.75
2016.03.31 11:02:42.403,0.77823,0.7785,3.00,1.87
2016.03.31 11:02:42.732,0.77827,0.77852,1.75,1.00
2016.03.31 11:02:42.783,0.77831,0.77856,1.12,1.75
2016.03.31 11:02:44.861,0.77828,0.77854,1.50,1.75
2016.03.31 11:02:44.962,0.77826,0.77854,3.00,1.12
2016.03.31 11:02:47.153,0.77829,0.77855,1.12,2.25
2016.03.31 11:02:48.559,0.7783,0.77855,1.75,1.50
2016.03.31 11:02:48.862,0.77835,0.77862,2.25,1.75
2016.03.31 11:02:51.444,0.7784,0.77863,1.00,1.50
2016.03.31 11:02:52.509,0.7784,0.77861,1.00,1.00
2016.03.31 11:02:52.610,0.7784,0.77863,1.00,2.25
2016.03.31 11:02:52.762,0.77836,0.77863,1.75,2.62
2016.03.31 11:02:53.065,0.77838,0.77863,2.25,1.00
2016.03.31 11:02:53.605,0.77839,0.77865,1.75,1.50
2016.03.31 11:02:59.177,0.77841,0.77865,1.75,1.37
2016.03.31 11:02:59.278,0.7784,0.77866,3.00,1.72
2016.03.31 11:02:59.379,0.7784,0.77866,1.75,2.10
2016.03.31 11:02:59.480,0.77839,0.77866,2.25,2.85
2016.03.31 11:02:59.581,0.7784,0.77864,1.12,1.75
2016.03.31 11:03:02.820,0.77841,0.77865,1.00,1.75
2016.03.31 11:03:02.971,0.77842,0.77865,2.25,1.00
2016.03.31 11:03:03.380,0.7784,0.77864,1.75,1.00
2016.03.31 11:03:03.481,0.77836,0.77863,2.25,1.75
2016.03.31 11:03:07.125,0.77835,0.7786,2.25,1.50
2016.03.31 11:03:08.555,0.77835,0.77861,2.25,1.50
2016.03.31 11:03:08.808,0.77835,0.77861,2.25,2.25
2016.03.31 11:03:11.216,0.77835,0.77862,1.75,1.12
2016.03.31 11:03:11.518,0.77841,0.77865,1.75,1.12
2016.03.31 11:03:12.737,0.77844,0.77869,1.00,1.75
2016.03.31 11:03:12.838,0.77847,0.7787,1.00,1.00
2016.03.31 11:03:13.371,0.77849,0.77871,1.00,1.00
2016.03.31 11:03:13.676,0.77848,0.77874,1.75,1.50
2016.03.31 11:03:16.117,0.77855,0.77878,1.35,1.12
2016.03.31 11:03:16.218,0.77858,0.77882,1.50,1.00
2016.03.31 11:03:16.269,0.77863,0.77882,1.00,1.00
2016.03.31 11:03:16.320,0.77863,0.77885,1.75,1.00
2016.03.31 11:03:16.533,0.77858,0.77882,1.50,1.50
2016.03.31 11:03:17.024,0.77856,0.77882,2.25,1.00
2016.03.31 11:03:17.125,0.77855,0.77882,3.60,1.75
2016.03.31 11:03:23.159,0.77855,0.77879,1.12,1.75
2016.03.31 11:03:30.397,0.77853,0.77876,1.75,1.00
2016.03.31 11:03:30.775,0.77853,0.77878,1.00,1.75
2016.03.31 11:03:31.311,0.77851,0.77875,1.50,1.87
2016.03.31 11:03:32.455,0.77854,0.77878,1.50,1.50
2016.03.31 11:03:34.663,0.77854,0.77879,1.00,1.75
2016.03.31 11:03:35.215,0.77853,0.77878,1.00,1.75
2016.03.31 11:03:35.938,0.77852,0.77878,1.12,1.75
2016.03.31 11:03:36.446,0.77854,0.77878,1.00,1.75
2016.03.31 11:03:36.871,0.77854,0.7788,1.75,1.87
2016.03.31 11:03:37.867,0.77854,0.7788,1.50,1.75
2016.03.31 11:03:40.067,0.77853,0.77875,1.37,1.00
2016.03.31 11:03:40.118,0.77853,0.77875,1.00,1.12
2016.03.31 11:03:40.888,0.77853,0.77878,1.50,1.37
2016.03.31 11:03:41.199,0.77857,0.7788,1.75,1.00
2016.03.31 11:03:41.986,0.77858,0.77882,1.50,1.50
2016.03.31 11:03:42.502,0.77859,0.77882,1.75,1.00
2016.03.31 11:03:42.603,0.77859,0.77882,1.00,1.50
2016.03.31 11:03:42.866,0.7786,0.77882,1.37,1.12
2016.03.31 11:03:42.917,0.77858,0.77882,1.50,1.50
2016.03.31 11:03:43.398,0.77855,0.77883,2.85,2.25
2016.03.31 11:03:46.164,0.77859,0.77882,1.37,1.12
2016.03.31 11:03:46.960,0.7786,0.77886,1.50,2.10
2016.03.31 11:03:47.011,0.7786,0.77885,1.75,1.30
2016.03.31 11:03:48.599,0.77863,0.77885,1.75,1.00
2016.03.31 11:03:49.327,0.77862,0.77885,2.25,1.12
2016.03.31 11:03:52.843,0.77859,0.77885,2.25,1.37
2016.03.31 11:03:52.893,0.77859,0.77885,1.50,1.75
2016.03.31 11:03:54.271,0.77861,0.77885,1.00,1.75
2016.03.31 11:03:55.062,0.7786,0.77886,1.87,1.75
2016.03.31 11:03:55.278,0.7786,0.77885,1.50,3.00
2016.03.31 11:03:55.329,0.77858,0.7788,1.35,1.00
2016.03.31 11:03:57.371,0.7786,0.7788,1.00,1.00
2016.03.31 11:03:57.623,0.77863,0.7789,1.87,3.75
2016.03.31 11:03:58.130,0.77864,0.77889,1.37,1.75
2016.03.31 11:03:58.181,0.77864,0.77889,1.75,1.50
2016.03.31 11:03:58.757,0.77864,0.77885,1.75,1.00
2016.03.31 11:03:58.977,0.77864,0.77889,1.75,1.50
2016.03.31 11:03:59.513,0.77867,0.77892,1.00,1.75
2016.03.31 11:03:59.982,0.77862,0.77888,1.37,1.37
2016.03.31 11:04:00.033,0.77861,0.77888,1.12,2.25
2016.03.31 11:04:06.121,0.77857,0.77884,1.12,3.75
2016.03.31 11:04:08.284,0.77857,0.77884,1.37,1.75
2016.03.31 11:04:08.436,0.77857,0.77884,3.00,1.00
2016.03.31 11:04:08.961,0.77861,0.77888,1.50,2.25
2016.03.31 11:04:09.511,0.77862,0.77889,1.75,2.25
2016.03.31 11:04:11.712,0.77863,0.7789,3.00,1.00
2016.03.31 11:04:12.263,0.77867,0.77894,1.50,1.75
2016.03.31 11:04:14.856,0.77871,0.77894,1.00,1.00
2016.03.31 11:04:15.173,0.77876,0.77903,1.50,1.75
2016.03.31 11:04:16.118,0.77873,0.779,1.50,1.75
2016.03.31 11:04:16.705,0.77869,0.77895,2.25,1.00
2016.03.31 11:04:17.213,0.77869,0.77896,3.00,1.12
2016.03.31 11:04:17.515,0.77868,0.77895,1.75,3.00
2016.03.31 11:04:21.266,0.77868,0.77894,1.12,1.75
2016.03.31 11:04:21.633,0.77868,0.77893,1.50,1.37
2016.03.31 11:04:21.686,0.77869,0.77895,1.75,1.75
2016.03.31 11:04:21.838,0.77871,0.77896,1.50,1.87
2016.03.31 11:04:21.888,0.77871,0.77898,3.00,1.50
2016.03.31 11:04:22.281,0.77872,0.77898,1.12,1.75
2016.03.31 11:04:23.662,0.7787,0.77896,1.12,1.75
2016.03.31 11:04:24.236,0.77869,0.77896,1.75,2.25
2016.03.31 11:04:24.454,0.7787,0.77897,2.25,1.75
2016.03.31 11:04:24.849,0.77871,0.77898,1.75,2.25
2016.03.31 11:04:26.042,0.77874,0.779,1.75,1.37
2016.03.31 11:04:26.093,0.77875,0.77901,1.75,1.12
2016.03.31 11:04:28.544,0.77875,0.77902,1.12,4.50
2016.03.31 11:04:30.578,0.77876,0.77902,1.00,3.00
2016.03.31 11:04:30.679,0.77876,0.77902,1.75,1.50
2016.03.31 11:04:32.171,0.77878,0.77902,1.00,1.75
2016.03.31 11:04:32.222,0.77876,0.779,1.12,1.75
2016.03.31 11:04:34.146,0.77874,0.77899,1.35,1.37
2016.03.31 11:04:34.348,0.77874,0.77901,2.85,1.87
2016.03.31 11:04:34.700,0.77877,0.779,1.75,1.00
2016.03.31 11:04:35.129,0.77877,0.77905,1.75,3.22
2016.03.31 11:04:35.181,0.77877,0.77902,2.10,1.00
2016.03.31 11:04:35.232,0.77877,0.77904,2.85,1.12
2016.03.31 11:04:36.205,0.77878,0.779,1.75,1.00
2016.03.31 11:04:38.383,0.77877,0.77904,2.10,1.12
2016.03.31 11:04:38.514,0.77877,0.77902,2.10,1.00
2016.03.31 11:04:39.129,0.77877,0.77903,2.10,1.00
2016.03.31 11:04:39.532,0.77877,0.77903,2.10,1.37
2016.03.31 11:04:39.962,0.7788,0.77903,1.75,1.00
2016.03.31 11:04:40.063,0.7788,0.77905,1.75,1.87
2016.03.31 11:04:40.265,0.77881,0.77903,1.75,1.00
2016.03.31 11:04:40.471,0.77881,0.77905,1.75,1.12
2016.03.31 11:04:40.522,0.77881,0.77905,1.75,1.00
2016.03.31 11:04:40.673,0.77879,0.77905,2.25,1.87
2016.03.31 11:04:40.724,0.77879,0.77905,1.50,1.87
2016.03.31 11:04:40.774,0.77878,0.77905,1.50,2.25
2016.03.31 11:04:41.435,0.77879,0.77903,1.37,1.37
2016.03.31 11:04:41.485,0.77882,0.77905,1.00,1.50
2016.03.31 11:04:42.335,0.77882,0.77906,1.00,1.50
2016.03.31 11:04:43.535,0.77882,0.77908,1.50,1.37
2016.03.31 11:04:43.586,0.77882,0.77908,1.75,1.00
2016.03.31 11:04:47.480,0.77881,0.77906,3.00,1.00
2016.03.31 11:04:47.705,0.77881,0.77908,3.00,1.00
2016.03.31 11:04:49.028,0.7788,0.77906,1.75,1.00
2016.03.31 11:04:49.676,0.77881,0.77906,1.37,1.37
2016.03.31 11:04:49.726,0.77881,0.77905,1.00,1.00
2016.03.31 11:04:50.052,0.77883,0.7791,1.37,3.75
2016.03.31 11:04:50.103,0.77883,0.7791,1.50,2.25
2016.03.31 11:04:50.447,0.77886,0.77911,1.37,1.50
2016.03.31 11:04:50.498,0.77886,0.77911,1.75,1.12
2016.03.31 11:04:51.531,0.77884,0.77907,2.10,1.12
2016.03.31 11:04:51.634,0.7788,0.77904,1.50,1.75
2016.03.31 11:04:51.936,0.77876,0.77901,1.75,1.37
2016.03.31 11:04:52.239,0.77871,0.77897,1.75,1.50
2016.03.31 11:04:56.918,0.77872,0.77898,1.75,1.37
2016.03.31 11:04:56.969,0.77878,0.77902,1.00,2.25
2016.03.31 11:04:57.548,0.77875,0.77902,2.25,2.25
2016.03.31 11:05:03.003,0.77875,0.77902,1.00,4.50
2016.03.31 11:05:03.406,0.77875,0.77902,1.37,3.00
2016.03.31 11:05:03.456,0.77875,0.77902,1.75,2.62
2016.03.31 11:05:03.507,0.77875,0.77902,1.75,2.62
2016.03.31 11:05:04.027,0.77876,0.77902,1.12,3.00
2016.03.31 11:05:09.900,0.77873,0.77899,1.37,3.00
2016.03.31 11:05:09.951,0.77871,0.77897,1.50,1.75
2016.03.31 11:05:10.445,0.77868,0.77895,2.25,1.75
2016.03.31 11:05:11.817,0.7787,0.77895,1.00,2.25
2016.03.31 11:05:14.135,0.77868,0.77895,2.25,2.25
2016.03.31 11:05:14.841,0.7787,0.77896,1.60,2.25
2016.03.31 11:05:14.992,0.77874,0.77897,1.00,1.50
2016.03.31 11:05:15.043,0.77876,0.779,1.60,2.25
2016.03.31 11:05:15.295,0.77878,0.77905,1.50,2.25
2016.03.31 11:05:15.345,0.77894,0.77905,1.00,1.75
2016.03.31 11:05:15.497,0.7789,0.77902,1.00,1.50
2016.03.31 11:05:15.598,0.77895,0.77912,1.00,1.50
2016.03.31 11:05:15.649,0.77895,0.77912,1.00,1.50
2016.03.31 11:05:15.886,0.77895,0.77919,1.37,1.97
2016.03.31 11:05:15.937,0.77895,0.77919,1.00,3.22
2016.03.31 11:05:16.088,0.77885,0.77912,2.25,2.25
2016.03.31 11:05:16.340,0.77885,0.77911,1.37,3.75
2016.03.31 11:05:16.592,0.77886,0.77914,1.75,2.25
2016.03.31 11:05:17.801,0.77889,0.77915,1.00,1.75
2016.03.31 11:05:18.054,0.7789,0.77917,1.87,3.75
2016.03.31 11:05:18.105,0.7789,0.77917,2.25,1.75
2016.03.31 11:05:19.955,0.77888,0.77915,2.25,1.37
2016.03.31 11:05:20.006,0.77888,0.77915,1.87,1.75
2016.03.31 11:05:23.161,0.77885,0.77912,3.75,1.37
2016.03.31 11:05:23.464,0.77886,0.77913,1.87,2.25
2016.03.31 11:05:23.514,0.77886,0.77913,2.25,2.25
2016.03.31 11:05:26.725,0.7789,0.77916,1.00,2.25
2016.03.31 11:05:26.984,0.77891,0.77917,1.50,1.75
2016.03.31 11:05:27.136,0.77895,0.7792,1.00,3.75
2016.03.31 11:05:32.514,0.77895,0.77918,1.50,1.00
2016.03.31 11:05:34.115,0.77895,0.7792,2.25,2.25
2016.03.31 11:05:37.928,0.77893,0.77919,1.00,2.25
2016.03.31 11:05:39.424,0.77892,0.77919,1.72,3.00
2016.03.31 11:05:46.256,0.77895,0.77919,1.00,1.75
2016.03.31 11:05:47.580,0.77894,0.77918,1.00,1.75
2016.03.31 11:05:47.681,0.77892,0.77918,1.12,1.75
2016.03.31 11:05:48.214,0.77893,0.77919,1.50,1.75
2016.03.31 11:05:49.168,0.77894,0.7792,1.00,3.00
2016.03.31 11:05:49.269,0.77894,0.7792,1.12,1.75
2016.03.31 11:05:49.824,0.77894,0.77919,1.50,2.25
2016.03.31 11:05:50.206,0.77892,0.77917,1.00,1.75
2016.03.31 11:05:50.364,0.77891,0.77914,1.00,2.25
2016.03.31 11:05:50.871,0.7789,0.77914,1.00,2.25
2016.03.31 11:05:51.328,0.77888,0.77914,2.85,2.25
2016.03.31 11:05:51.601,0.77891,0.77914,1.00,2.25
2016.03.31 11:05:51.653,0.77891,0.77917,1.00,3.00
2016.03.31 11:05:51.995,0.77895,0.77917,1.00,2.25
2016.03.31 11:05:52.046,0.77895,0.77919,1.00,1.75
2016.03.31 11:05:52.458,0.77898,0.77919,1.12,1.00
2016.03.31 11:05:52.984,0.77898,0.77921,1.12,1.67
2016.03.31 11:06:01.501,0.77898,0.77922,1.00,1.75
2016.03.31 11:06:02.525,0.77894,0.77921,2.85,2.25
2016.03.31 11:06:02.575,0.77894,0.77919,2.10,2.25
2016.03.31 11:06:02.626,0.77894,0.77919,1.50,2.25
2016.03.31 11:06:07.018,0.77891,0.77917,1.00,3.00
2016.03.31 11:06:07.359,0.77889,0.77913,1.50,2.25
2016.03.31 11:06:07.713,0.77891,0.77913,1.00,2.25
2016.03.31 11:06:07.814,0.77891,0.77913,1.50,1.75
2016.03.31 11:06:08.156,0.77894,0.77917,1.00,2.25
2016.03.31 11:06:08.206,0.77894,0.77919,1.00,2.85
2016.03.31 11:06:08.308,0.77894,0.77919,1.87,1.35
2016.03.31 11:06:09.806,0.77895,0.77922,1.00,3.75
2016.03.31 11:06:10.171,0.77897,0.77922,1.00,3.00
2016.03.31 11:06:11.053,0.77898,0.77922,1.00,3.00
2016.03.31 11:06:11.923,0.77898,0.77922,1.00,1.75
2016.03.31 11:06:14.377,0.77897,0.77922,1.12,1.75
2016.03.31 11:06:21.912,0.77896,0.77921,1.37,1.75
2016.03.31 11:06:22.214,0.77889,0.77913,1.00,3.00
2016.03.31 11:06:22.265,0.77887,0.77913,1.00,3.00
2016.03.31 11:06:22.316,0.77887,0.7791,1.00,2.25
2016.03.31 11:06:22.640,0.77884,0.77907,1.00,2.25
2016.03.31 11:06:23.549,0.77883,0.77907,1.00,2.25
2016.03.31 11:06:23.899,0.77882,0.77908,1.50,1.50
2016.03.31 11:06:24.324,0.77883,0.7791,1.00,1.50
2016.03.31 11:06:24.992,0.77885,0.77911,1.00,2.10
2016.03.31 11:06:25.294,0.77884,0.77911,2.62,3.00
2016.03.31 11:06:25.603,0.77887,0.77911,1.00,3.00
2016.03.31 11:06:28.169,0.77887,0.7791,1.00,1.00
2016.03.31 11:06:32.430,0.77887,0.77911,1.00,1.75
2016.03.31 11:06:32.941,0.77887,0.7791,1.00,1.75
2016.03.31 11:06:36.676,0.77887,0.77912,1.12,1.75
2016.03.31 11:06:37.613,0.77887,0.77908,1.12,1.00
2016.03.31 11:06:38.617,0.77887,0.77909,1.12,1.12
2016.03.31 11:06:38.985,0.77887,0.77911,2.85,1.37
2016.03.31 11:06:39.036,0.7789,0.77911,1.12,1.00
2016.03.31 11:06:39.187,0.77891,0.77914,1.37,1.37
2016.03.31 11:06:39.238,0.77894,0.77914,1.35,1.00
2016.03.31 11:06:39.339,0.77897,0.77923,1.00,1.75
2016.03.31 11:06:39.440,0.77899,0.77923,1.12,1.75
2016.03.31 11:06:39.691,0.77903,0.77925,1.12,1.12
2016.03.31 11:06:42.881,0.77903,0.77925,1.12,1.50
2016.03.31 11:06:43.233,0.77899,0.77923,1.50,1.50
2016.03.31 11:06:43.485,0.77899,0.77923,1.37,1.75
2016.03.31 11:06:43.737,0.77895,0.77921,1.75,1.75
2016.03.31 11:06:46.303,0.77894,0.7792,1.37,1.75
2016.03.31 11:06:46.354,0.77894,0.7792,1.12,1.75
2016.03.31 11:06:51.605,0.77894,0.77919,2.25,1.37
2016.03.31 11:06:51.656,0.77894,0.77919,2.25,1.12
2016.03.31 11:06:52.476,0.779,0.77922,1.00,1.75
2016.03.31 11:06:52.577,0.779,0.77923,1.12,1.50
2016.03.31 11:06:52.679,0.77904,0.77923,1.00,1.50
2016.03.31 11:06:52.779,0.779,0.77923,1.12,1.50
2016.03.31 11:06:53.713,0.77903,0.77925,1.00,1.75
2016.03.31 11:06:55.983,0.77899,0.77923,2.25,1.50
2016.03.31 11:06:56.838,0.77901,0.77926,1.00,2.25
2016.03.31 11:06:57.439,0.77899,0.77925,2.25,1.75
2016.03.31 11:06:57.892,0.77903,0.77926,1.00,1.75
2016.03.31 11:06:58.194,0.77903,0.77927,2.25,1.12
2016.03.31 11:06:58.245,0.77907,0.77927,1.00,1.12
2016.03.31 11:07:00.179,0.77907,0.77931,1.37,1.75
2016.03.31 11:07:00.229,0.77907,0.77931,1.50,1.50
2016.03.31 11:07:04.338,0.77909,0.77931,1.00,1.50
2016.03.31 11:07:04.564,0.77909,0.77931,1.37,1.12
2016.03.31 11:07:04.867,0.77912,0.77934,2.25,1.00
2016.03.31 11:07:07.938,0.77912,0.77935,2.25,1.00
2016.03.31 11:07:10.979,0.77912,0.77935,1.00,1.50
2016.03.31 11:07:12.320,0.77912,0.77933,1.00,1.00
2016.03.31 11:07:12.855,0.77912,0.77935,1.00,1.50
2016.03.31 11:07:13.612,0.77912,0.77934,1.75,1.00
2016.03.31 11:07:14.983,0.77912,0.77935,1.75,1.00
2016.03.31 11:07:15.322,0.77912,0.77934,1.00,1.50
2016.03.31 11:07:18.836,0.77913,0.77935,1.00,1.00
2016.03.31 11:07:19.544,0.77913,0.77936,1.00,1.00
2016.03.31 11:07:20.523,0.77915,0.77936,1.00,1.00
2016.03.31 11:07:21.029,0.77915,0.77937,1.00,1.50
2016.03.31 11:07:25.269,0.77913,0.77937,1.00,1.50
2016.03.31 11:07:25.320,0.77913,0.77935,1.00,1.00
2016.03.31 11:07:26.485,0.77912,0.77935,1.00,1.50
2016.03.31 11:07:27.333,0.77912,0.77934,1.00,1.00
2016.03.31 11:07:27.943,0.77912,0.77935,1.00,1.50
2016.03.31 11:07:29.838,0.77912,0.77935,1.75,1.00
2016.03.31 11:07:32.283,0.77909,0.77935,1.50,1.75
2016.03.31 11:07:33.054,0.77907,0.77933,1.12,1.75
2016.03.31 11:07:33.363,0.77906,0.77932,1.00,3.00
2016.03.31 11:07:34.006,0.77905,0.77932,1.00,3.00
2016.03.31 11:07:35.059,0.77907,0.77932,1.37,1.75
2016.03.31 11:07:35.110,0.77907,0.77932,1.50,1.75
2016.03.31 11:07:39.795,0.77909,0.77932,1.00,1.75
2016.03.31 11:07:39.896,0.77909,0.77932,1.37,1.37
2016.03.31 11:07:40.832,0.7791,0.77932,1.50,1.00
2016.03.31 11:07:41.663,0.7791,0.77934,1.50,2.10
2016.03.31 11:07:44.064,0.7791,0.77933,1.12,1.37
2016.03.31 11:07:44.115,0.77908,0.77933,1.12,1.75
2016.03.31 11:07:44.195,0.7791,0.77933,1.00,1.75
2016.03.31 11:07:47.109,0.77909,0.77934,1.00,1.35
2016.03.31 11:07:47.980,0.7791,0.77934,1.00,1.35
2016.03.31 11:07:48.132,0.7791,0.77934,1.50,2.10
2016.03.31 11:07:48.678,0.7791,0.77933,1.50,1.00
2016.03.31 11:07:52.733,0.7791,0.77933,1.12,1.37
2016.03.31 11:07:52.937,0.7791,0.77933,1.50,1.12
2016.03.31 11:07:53.443,0.7791,0.77933,1.87,1.50
2016.03.31 11:07:53.645,0.7791,0.77933,2.25,1.12
2016.03.31 11:07:54.082,0.77912,0.77936,1.87,1.37
2016.03.31 11:07:54.133,0.77915,0.77939,1.12,1.75
2016.03.31 11:07:54.335,0.7792,0.77942,1.00,2.25
2016.03.31 11:07:54.447,0.77915,0.77942,1.12,1.75
2016.03.31 11:07:54.773,0.7792,0.77942,1.00,1.75
2016.03.31 11:07:54.991,0.77915,0.77942,1.87,1.75
2016.03.31 11:07:55.150,0.7792,0.77942,1.00,1.75
2016.03.31 11:07:58.217,0.77915,0.7794,1.87,1.75
2016.03.31 11:07:58.569,0.77914,0.77939,1.37,1.75
2016.03.31 11:07:58.670,0.77912,0.77937,1.12,1.75
2016.03.31 11:07:58.771,0.7791,0.77935,1.37,1.75
2016.03.31 11:07:58.822,0.77909,0.77936,1.00,3.75
2016.03.31 11:07:58.949,0.77906,0.77933,1.97,1.75
2016.03.31 11:07:59.206,0.77906,0.77932,1.00,1.75
2016.03.31 11:07:59.366,0.7791,0.77932,1.00,1.75
2016.03.31 11:07:59.573,0.77907,0.77932,1.00,1.75
2016.03.31 11:07:59.868,0.77907,0.77932,1.37,1.37
2016.03.31 11:07:59.969,0.77907,0.77934,2.10,1.75
2016.03.31 11:08:00.070,0.7791,0.77936,1.50,1.50
2016.03.31 11:08:00.171,0.7791,0.77936,1.75,1.50
2016.03.31 11:08:01.633,0.7791,0.77934,1.75,1.00
2016.03.31 11:08:01.683,0.77909,0.77934,1.87,1.37
2016.03.31 11:08:01.738,0.77909,0.77934,1.50,1.75
2016.03.31 11:08:02.283,0.77907,0.77934,1.50,2.25
2016.03.31 11:08:02.384,0.77906,0.77931,1.37,1.75
2016.03.31 11:08:02.435,0.77906,0.77927,1.00,1.72
2016.03.31 11:08:02.485,0.77906,0.77927,1.00,2.10
2016.03.31 11:08:02.536,0.77903,0.77927,1.00,3.00
2016.03.31 11:08:02.637,0.779,0.77925,1.37,1.50
2016.03.31 11:08:02.687,0.77898,0.77923,1.87,1.50
2016.03.31 11:08:02.738,0.77898,0.77923,1.00,1.75
2016.03.31 11:08:03.857,0.77898,0.77924,1.37,1.75
2016.03.31 11:08:03.959,0.77898,0.77924,1.75,1.75
2016.03.31 11:08:05.449,0.77901,0.77925,1.37,1.37
2016.03.31 11:08:05.501,0.77901,0.77925,2.25,1.00
2016.03.31 11:08:07.518,0.77901,0.77927,2.25,1.50
2016.03.31 11:08:08.822,0.77904,0.77931,1.75,1.75
2016.03.31 11:08:14.671,0.77907,0.77933,1.37,1.75
2016.03.31 11:08:14.722,0.77907,0.77933,1.75,1.50
2016.03.31 11:08:16.809,0.77908,0.77933,1.75,1.00
2016.03.31 11:08:16.864,0.77908,0.77935,3.00,1.12
2016.03.31 11:08:17.983,0.77909,0.77935,1.50,1.75
2016.03.31 11:08:19.120,0.77909,0.77936,1.75,1.50
2016.03.31 11:08:19.724,0.77912,0.77936,1.37,3.75
2016.03.31 11:08:19.778,0.77905,0.77932,3.75,1.75
2016.03.31 11:08:23.001,0.77908,0.77935,2.25,1.50
2016.03.31 11:08:27.078,0.77907,0.77932,1.50,2.25
2016.03.31 11:08:27.408,0.77903,0.7793,2.10,1.75
2016.03.31 11:08:29.439,0.77905,0.7793,1.00,2.25
2016.03.31 11:08:30.343,0.77903,0.7793,1.50,3.00
2016.03.31 11:08:30.923,0.77901,0.77925,1.00,1.35
2016.03.31 11:08:31.225,0.779,0.77924,1.50,2.25
2016.03.31 11:08:33.713,0.77897,0.77924,1.00,3.75
2016.03.31 11:08:34.452,0.77895,0.77921,2.25,1.75
2016.03.31 11:08:34.654,0.77893,0.77918,1.00,1.75
2016.03.31 11:08:34.849,0.7789,0.77915,1.50,2.25
2016.03.31 11:08:35.615,0.77895,0.77916,1.00,1.75
2016.03.31 11:08:36.031,0.77895,0.77919,1.00,1.75
2016.03.31 11:08:36.233,0.77897,0.77921,1.00,3.00
2016.03.31 11:08:36.412,0.77894,0.7792,1.12,1.75
2016.03.31 11:08:37.029,0.77895,0.77921,1.00,3.75
2016.03.31 11:08:37.563,0.77893,0.7792,1.50,2.25
2016.03.31 11:08:41.960,0.77893,0.77914,1.00,1.00
2016.03.31 11:08:42.061,0.7789,0.77914,1.00,1.00
2016.03.31 11:08:43.155,0.77892,0.77914,1.00,1.00
2016.03.31 11:08:43.502,0.77896,0.77921,1.00,1.75
2016.03.31 11:08:44.812,0.77895,0.77921,1.87,1.75
2016.03.31 11:08:45.114,0.77897,0.77921,1.00,1.75
2016.03.31 11:08:47.299,0.77894,0.77921,1.50,2.25
2016.03.31 11:08:51.390,0.77894,0.77918,1.00,1.75
2016.03.31 11:08:51.491,0.77892,0.77919,1.12,3.75
2016.03.31 11:08:52.190,0.77893,0.77918,1.00,1.75
2016.03.31 11:08:52.511,0.77894,0.77919,1.50,1.75
2016.03.31 11:08:55.049,0.77896,0.7792,1.00,1.75
2016.03.31 11:08:56.121,0.77897,0.77921,1.00,1.75
2016.03.31 11:08:56.351,0.77899,0.77922,1.00,1.75
2016.03.31 11:08:57.401,0.779,0.77926,1.12,1.75
2016.03.31 11:08:57.452,0.77902,0.77926,1.00,1.75
2016.03.31 11:09:01.163,0.77904,0.77927,1.00,3.00
2016.03.31 11:09:01.214,0.77904,0.77927,1.12,1.50
2016.03.31 11:09:01.793,0.77905,0.77929,1.00,1.75
2016.03.31 11:09:02.395,0.77903,0.77929,1.50,1.75
2016.03.31 11:09:07.231,0.77902,0.77928,1.00,1.75
2016.03.31 11:09:07.546,0.77902,0.77929,1.75,3.00
2016.03.31 11:09:12.644,0.779,0.77927,1.72,2.25
2016.03.31 11:09:14.475,0.77898,0.77924,1.00,1.75
2016.03.31 11:09:14.576,0.77898,0.77925,2.25,1.75
2016.03.31 11:09:15.141,0.77896,0.77923,2.25,2.25
2016.03.31 11:09:17.983,0.77896,0.77917,1.00,1.00
2016.03.31 11:09:18.298,0.77896,0.77919,1.00,2.25
2016.03.31 11:09:18.972,0.77896,0.7792,1.00,2.25
2016.03.31 11:09:22.405,0.77896,0.77923,1.50,1.75
2016.03.31 11:09:22.780,0.77895,0.77922,1.50,3.00
2016.03.31 11:09:23.672,0.77895,0.77922,2.25,1.50
2016.03.31 11:09:25.105,0.77897,0.77926,4.50,1.75
2016.03.31 11:09:29.986,0.77901,0.77928,2.25,2.25
2016.03.31 11:09:30.470,0.77904,0.77929,1.00,3.00
2016.03.31 11:09:30.520,0.77901,0.77927,1.50,1.75
2016.03.31 11:09:30.672,0.77896,0.77923,2.62,1.87
2016.03.31 11:09:30.722,0.77896,0.77923,1.12,2.25
2016.03.31 11:09:30.874,0.77895,0.77919,1.37,1.75
2016.03.31 11:09:31.081,0.77892,0.77915,1.60,1.00
2016.03.31 11:09:31.630,0.77892,0.77915,1.00,1.00
2016.03.31 11:09:33.721,0.77893,0.77915,1.00,1.00
2016.03.31 11:09:33.881,0.77895,0.77915,1.00,1.00
2016.03.31 11:09:36.298,0.77895,0.77917,1.00,2.25
2016.03.31 11:09:36.348,0.77893,0.77917,1.00,3.00
2016.03.31 11:09:36.642,0.7789,0.77916,1.50,1.75
2016.03.31 11:09:38.308,0.77891,0.77916,1.00,1.75
2016.03.31 11:09:40.340,0.7789,0.77916,1.00,1.75
2016.03.31 11:09:42.080,0.77891,0.77916,1.00,1.75
2016.03.31 11:09:42.630,0.77889,0.77916,1.87,2.25
2016.03.31 11:09:43.352,0.7789,0.77916,1.00,1.75
2016.03.31 11:09:43.950,0.77891,0.77916,1.00,1.75
2016.03.31 11:09:46.040,0.7789,0.77916,1.50,1.75
2016.03.31 11:09:49.647,0.7789,0.77914,1.00,2.25
2016.03.31 11:09:49.900,0.77882,0.77909,1.75,1.37
2016.03.31 11:09:49.951,0.77882,0.77909,1.50,1.75
2016.03.31 11:09:50.550,0.77882,0.77908,1.00,2.25
2016.03.31 11:09:51.055,0.77882,0.7791,1.50,2.25
2016.03.31 11:09:52.810,0.77882,0.77908,1.37,2.25
2016.03.31 11:09:52.911,0.77879,0.77907,1.12,2.25
2016.03.31 11:09:54.352,0.7788,0.77906,1.00,1.75
2016.03.31 11:09:54.611,0.77885,0.77907,1.00,3.00
2016.03.31 11:09:54.712,0.77882,0.77907,1.00,2.25
2016.03.31 11:09:55.232,0.77881,0.77907,1.00,2.25
2016.03.31 11:09:55.464,0.77884,0.77907,1.00,2.25
2016.03.31 11:09:55.515,0.77884,0.77909,1.00,3.00
2016.03.31 11:09:56.210,0.77885,0.77909,1.00,3.00
2016.03.31 11:09:58.128,0.77884,0.77909,1.00,3.00
2016.03.31 11:09:58.673,0.77884,0.77909,1.50,1.75
2016.03.31 11:09:58.724,0.7788,0.77907,1.37,1.50
2016.03.31 11:09:58.774,0.7788,0.77907,1.12,3.00
2016.03.31 11:09:59.231,0.77876,0.77903,1.37,3.00
2016.03.31 11:09:59.282,0.77876,0.77903,1.00,4.50
2016.03.31 11:09:59.933,0.77876,0.77902,1.37,1.50
2016.03.31 11:09:59.984,0.77876,0.77903,1.75,2.25
2016.03.31 11:10:00.135,0.77879,0.77905,1.37,1.75
2016.03.31 11:10:00.186,0.7788,0.77904,1.00,1.50
2016.03.31 11:10:00.915,0.7788,0.77905,1.50,1.37
2016.03.31 11:10:00.966,0.77881,0.77908,1.75,2.25
2016.03.31 11:10:01.751,0.77885,0.77909,1.12,1.37
2016.03.31 11:10:01.802,0.77885,0.77911,1.50,1.75
2016.03.31 11:10:01.853,0.77886,0.77911,1.50,1.37
2016.03.31 11:10:01.903,0.77886,0.77911,1.75,1.12
2016.03.31 11:10:02.973,0.77892,0.77915,1.12,1.50
2016.03.31 11:10:03.275,0.77897,0.77923,1.12,1.75
2016.03.31 11:10:04.096,0.77898,0.77924,1.00,3.00
2016.03.31 11:10:04.627,0.77896,0.77923,1.50,2.25
2016.03.31 11:10:05.380,0.77897,0.77923,1.75,1.50
2016.03.31 11:10:09.268,0.77897,0.77922,1.37,1.50
2016.03.31 11:10:09.319,0.77897,0.77922,1.12,1.75
2016.03.31 11:10:12.134,0.77894,0.77917,1.75,1.00
2016.03.31 11:10:12.185,0.77894,0.77917,1.00,1.50
2016.03.31 11:10:12.705,0.77893,0.77916,1.12,1.12
2016.03.31 11:10:17.474,0.77893,0.77917,1.50,1.37
2016.03.31 11:10:17.525,0.77895,0.77919,1.75,1.12
2016.03.31 11:10:17.777,0.77896,0.77922,1.75,2.47
2016.03.31 11:10:17.828,0.77896,0.77922,2.25,1.72
2016.03.31 11:10:18.177,0.77895,0.77922,1.75,2.85
2016.03.31 11:10:18.227,0.77895,0.77922,2.25,2.85
2016.03.31 11:10:18.478,0.77897,0.77922,1.50,1.72
2016.03.31 11:10:18.529,0.77897,0.77922,1.75,1.00
2016.03.31 11:10:19.383,0.77897,0.77922,3.00,1.00
2016.03.31 11:10:19.534,0.77897,0.77922,1.75,1.00
2016.03.31 11:10:20.335,0.77902,0.77927,1.75,1.12
2016.03.31 11:10:20.889,0.77903,0.77927,1.37,1.50
2016.03.31 11:10:20.940,0.779,0.77924,1.75,1.12
2016.03.31 11:10:20.991,0.77898,0.77924,1.12,1.75
2016.03.31 11:10:21.192,0.77894,0.77917,1.00,1.00
2016.03.31 11:10:22.138,0.77896,0.77917,1.00,1.00
2016.03.31 11:10:22.239,0.77896,0.77922,1.75,1.75
2016.03.31 11:10:22.394,0.77898,0.77922,1.50,1.37
2016.03.31 11:10:22.444,0.77898,0.77924,1.75,1.50
2016.03.31 11:10:22.897,0.77903,0.77927,1.50,1.50
2016.03.31 11:10:23.399,0.77901,0.77927,1.12,1.75
2016.03.31 11:10:27.583,0.77899,0.77924,1.37,1.75
2016.03.31 11:10:27.735,0.77899,0.77926,1.87,1.75
2016.03.31 11:10:27.836,0.779,0.77925,1.37,1.00
2016.03.31 11:10:28.138,0.77903,0.77928,1.37,1.50
2016.03.31 11:10:28.189,0.77904,0.77931,1.75,2.25
2016.03.31 11:10:28.824,0.77903,0.7793,2.25,3.75
2016.03.31 11:10:28.874,0.77903,0.77928,1.12,1.75
2016.03.31 11:10:30.349,0.779,0.77926,1.37,2.25
2016.03.31 11:10:30.400,0.779,0.77925,1.00,1.75
2016.03.31 11:10:30.927,0.77898,0.77925,1.37,1.75
2016.03.31 11:10:31.133,0.779,0.77925,1.37,1.75
2016.03.31 11:10:31.648,0.77903,0.77928,1.00,1.75
2016.03.31 11:10:32.178,0.77902,0.77928,1.12,1.75
2016.03.31 11:10:33.862,0.77903,0.77928,1.00,1.75
2016.03.31 11:10:34.486,0.77902,0.77928,1.12,1.75
2016.03.31 11:10:36.895,0.77903,0.77929,1.00,2.25
2016.03.31 11:10:37.147,0.77905,0.77932,2.25,1.75
2016.03.31 11:10:39.053,0.77905,0.77928,1.12,1.87
2016.03.31 11:10:39.395,0.77899,0.77925,1.75,1.75
2016.03.31 11:10:39.556,0.77898,0.77925,1.87,3.00
2016.03.31 11:10:39.657,0.77898,0.77921,1.00,1.75
2016.03.31 11:10:39.758,0.77897,0.77918,1.00,1.37
2016.03.31 11:10:39.859,0.77893,0.77916,1.00,1.75
2016.03.31 11:10:41.676,0.77893,0.77916,1.87,1.50
2016.03.31 11:10:41.727,0.77893,0.77916,1.87,1.12
2016.03.31 11:10:42.002,0.77896,0.77918,1.00,1.50
2016.03.31 11:10:42.053,0.77896,0.77922,2.25,1.75
2016.03.31 11:10:43.276,0.77894,0.7792,1.37,2.25
2016.03.31 11:10:43.507,0.77892,0.77917,2.85,1.75
2016.03.31 11:10:45.455,0.77892,0.77917,1.72,1.75
2016.03.31 11:10:47.189,0.77892,0.77917,2.47,1.75
2016.03.31 11:10:47.708,0.77892,0.77917,2.85,1.75
2016.03.31 11:10:50.961,0.77893,0.77917,1.87,1.37
2016.03.31 11:10:51.461,0.77896,0.77917,1.00,1.00
2016.03.31 11:10:51.694,0.77896,0.77919,1.00,1.00
2016.03.31 11:10:54.200,0.77897,0.77919,1.00,1.00
2016.03.31 11:10:54.301,0.779,0.77923,1.00,1.50
2016.03.31 11:10:54.561,0.77903,0.77928,1.75,1.12
2016.03.31 11:10:55.065,0.77905,0.77932,3.00,1.50
2016.03.31 11:10:55.741,0.77908,0.77935,2.25,1.37
2016.03.31 11:10:55.791,0.77912,0.77934,1.75,1.00
2016.03.31 11:10:56.043,0.7791,0.77936,1.75,1.12
2016.03.31 11:10:56.145,0.77909,0.77936,1.75,1.50
2016.03.31 11:10:56.195,0.7791,0.77933,1.00,1.00
2016.03.31 11:10:57.063,0.77911,0.77933,1.00,1.00
2016.03.31 11:10:57.612,0.7791,0.77933,2.25,1.00
2016.03.31 11:11:00.143,0.77911,0.77933,1.00,1.00
2016.03.31 11:11:01.107,0.77911,0.77934,1.00,1.00
2016.03.31 11:11:01.598,0.7791,0.77933,1.12,1.37
2016.03.31 11:11:03.501,0.7791,0.77934,1.50,1.00
2016.03.31 11:11:04.059,0.7791,0.77933,1.50,1.00
2016.03.31 11:11:04.361,0.77907,0.77933,2.25,1.37
2016.03.31 11:11:04.412,0.77907,0.77933,1.50,1.75
2016.03.31 11:11:06.017,0.77909,0.77935,1.00,1.75
2016.03.31 11:11:06.849,0.77908,0.77935,1.12,2.25
2016.03.31 11:11:10.101,0.77909,0.77935,1.00,1.75
2016.03.31 11:11:11.625,0.77909,0.77935,1.37,1.75
2016.03.31 11:11:11.676,0.77909,0.77935,1.75,1.75
2016.03.31 11:11:18.134,0.77913,0.77937,1.50,1.75
2016.03.31 11:11:18.235,0.77915,0.77942,2.25,1.75
2016.03.31 11:11:19.436,0.77919,0.77943,1.00,1.75
2016.03.31 11:11:20.544,0.77918,0.77943,1.12,1.75
2016.03.31 11:11:21.216,0.77914,0.77935,1.00,1.75
2016.03.31 11:11:21.267,0.7791,0.77935,1.12,1.75
2016.03.31 11:11:21.866,0.77906,0.77931,3.00,1.00
2016.03.31 11:11:22.605,0.77907,0.77934,1.75,1.75
2016.03.31 11:11:23.953,0.77907,0.7793,1.75,1.00
2016.03.31 11:11:24.054,0.77903,0.77929,1.27,1.75
2016.03.31 11:11:24.305,0.77901,0.77927,1.37,2.25
2016.03.31 11:11:24.660,0.77901,0.77923,1.00,2.25
2016.03.31 11:11:24.710,0.77896,0.77921,1.12,2.25
2016.03.31 11:11:25.421,0.77895,0.77921,1.50,3.00
2016.03.31 11:11:26.003,0.77896,0.77921,1.00,3.00
2016.03.31 11:11:26.155,0.77897,0.77923,1.12,1.75
2016.03.31 11:11:26.730,0.77894,0.77921,1.00,3.75
2016.03.31 11:11:27.394,0.77891,0.77917,1.37,1.35
2016.03.31 11:11:27.614,0.77886,0.77913,2.25,1.75
2016.03.31 11:11:27.715,0.77886,0.77913,1.87,3.75
2016.03.31 11:11:27.766,0.77886,0.77912,1.50,2.25
2016.03.31 11:11:28.132,0.77885,0.77909,1.00,1.75
2016.03.31 11:11:28.183,0.77883,0.77909,1.00,1.75
2016.03.31 11:11:28.586,0.77886,0.7791,1.00,2.25
2016.03.31 11:11:28.636,0.77886,0.77913,1.50,2.25
2016.03.31 11:11:28.900,0.77891,0.77913,1.00,1.75
2016.03.31 11:11:29.836,0.77891,0.77917,1.00,2.25
2016.03.31 11:11:29.887,0.77895,0.77917,1.00,2.25
2016.03.31 11:11:30.240,0.77893,0.77916,1.75,1.00
2016.03.31 11:11:30.470,0.7789,0.77902,1.37,1.00
2016.03.31 11:11:30.520,0.77881,0.77902,1.87,1.37
2016.03.31 11:11:30.571,0.77876,0.77901,2.10,1.75
2016.03.31 11:11:30.823,0.77875,0.77901,1.97,3.00
2016.03.31 11:11:30.924,0.77876,0.77901,1.30,1.75
2016.03.31 11:11:32.342,0.77875,0.77901,1.60,2.25
2016.03.31 11:11:33.100,0.77875,0.77901,1.00,3.00
2016.03.31 11:11:34.528,0.77875,0.77898,1.00,2.25
2016.03.31 11:11:34.629,0.77873,0.77897,1.00,3.00
2016.03.31 11:11:34.900,0.7787,0.77895,1.50,1.75
2016.03.31 11:11:35.231,0.77866,0.77893,2.62,2.25
2016.03.31 11:11:35.282,0.77863,0.77892,1.75,3.75
2016.03.31 11:11:38.539,0.77864,0.7789,1.87,3.00
2016.03.31 11:11:38.590,0.77862,0.77889,1.12,2.25
2016.03.31 11:11:41.466,0.77865,0.77889,1.00,2.25
2016.03.31 11:11:42.974,0.77863,0.77889,1.00,2.25
2016.03.31 11:11:43.150,0.77862,0.77886,1.00,2.25
2016.03.31 11:11:44.073,0.7786,0.77886,2.10,3.00
2016.03.31 11:11:44.671,0.77861,0.77887,1.72,1.75
2016.03.31 11:11:44.722,0.77864,0.77887,1.50,1.75
2016.03.31 11:11:44.773,0.77864,0.77887,1.87,1.50
2016.03.31 11:11:44.823,0.77866,0.77887,1.35,1.50
2016.03.31 11:11:45.555,0.77867,0.77891,1.00,2.25
2016.03.31 11:11:45.657,0.77868,0.77896,1.75,1.75
2016.03.31 11:11:46.339,0.77874,0.77898,2.10,2.25
2016.03.31 11:11:46.390,0.77875,0.77902,2.85,3.00
2016.03.31 11:11:46.491,0.7788,0.77906,1.00,2.25
2016.03.31 11:11:47.026,0.77879,0.77906,1.87,2.25
2016.03.31 11:11:47.531,0.77873,0.77899,1.87,1.87
2016.03.31 11:11:47.581,0.77872,0.77898,1.00,2.25
2016.03.31 11:11:47.733,0.7787,0.77898,1.30,3.00
2016.03.31 11:11:48.240,0.77865,0.77893,1.00,2.25
2016.03.31 11:11:48.805,0.77868,0.77893,1.00,3.00
2016.03.31 11:11:49.951,0.77865,0.77893,1.35,2.25
2016.03.31 11:11:51.674,0.77866,0.77893,1.37,2.25
2016.03.31 11:11:51.725,0.77868,0.77891,1.00,1.00
2016.03.31 11:11:51.775,0.77871,0.77891,1.00,1.00
2016.03.31 11:11:51.876,0.77871,0.77898,1.75,1.75
2016.03.31 11:11:54.777,0.7787,0.77898,2.47,2.25
2016.03.31 11:11:55.391,0.7787,0.77892,1.60,1.00
2016.03.31 11:11:57.637,0.7787,0.77892,1.60,1.00
2016.03.31 11:12:02.320,0.7787,0.77892,1.00,1.00
2016.03.31 11:12:02.840,0.77868,0.77892,1.60,1.00
2016.03.31 11:12:03.236,0.77872,0.77892,1.00,1.00
2016.03.31 11:12:03.781,0.77873,0.77892,1.00,1.00
2016.03.31 11:12:04.463,0.77875,0.77892,1.00,1.00
2016.03.31 11:12:04.715,0.77882,0.77907,1.00,5.02
2016.03.31 11:12:05.202,0.77884,0.77907,1.00,2.25
2016.03.31 11:12:05.769,0.77883,0.77907,1.35,2.25
2016.03.31 11:12:06.378,0.77883,0.77908,1.30,1.75
2016.03.31 11:12:06.597,0.77885,0.77908,1.00,1.75
2016.03.31 11:12:06.698,0.77883,0.77908,1.72,1.75
2016.03.31 11:12:07.103,0.77885,0.7791,1.50,3.00
2016.03.31 11:12:07.355,0.77883,0.7791,1.72,2.25
2016.03.31 11:12:08.461,0.77878,0.77905,2.25,1.87
2016.03.31 11:12:08.511,0.77877,0.77901,1.60,1.00
2016.03.31 11:12:08.612,0.77876,0.77901,1.00,1.50
2016.03.31 11:12:08.663,0.77875,0.77901,1.87,2.25
2016.03.31 11:12:08.950,0.77873,0.77899,1.37,1.75
2016.03.31 11:12:09.053,0.77873,0.77898,1.00,3.00
2016.03.31 11:12:09.154,0.7787,0.77897,1.12,2.25
2016.03.31 11:12:09.255,0.7787,0.77894,1.00,2.25
2016.03.31 11:12:09.306,0.77868,0.77894,1.00,2.25
2016.03.31 11:12:09.659,0.7787,0.77894,1.00,2.25
2016.03.31 11:12:10.222,0.77866,0.77893,2.25,1.75
2016.03.31 11:12:10.521,0.77869,0.77894,1.00,2.25
2016.03.31 11:12:10.858,0.77871,0.77894,1.00,2.25
2016.03.31 11:12:11.010,0.77873,0.77898,1.00,1.75
2016.03.31 11:12:11.161,0.77875,0.779,1.00,3.00
2016.03.31 11:12:11.212,0.77875,0.779,1.00,1.75
2016.03.31 11:12:12.059,0.77876,0.779,1.00,1.75
2016.03.31 11:12:12.256,0.77876,0.779,1.00,3.00
2016.03.31 11:12:13.762,0.77876,0.779,1.35,1.75
2016.03.31 11:12:13.813,0.7788,0.779,1.00,1.75
2016.03.31 11:12:13.964,0.77878,0.779,1.00,1.75
2016.03.31 11:12:14.015,0.77876,0.779,1.35,1.75
2016.03.31 11:12:14.335,0.77878,0.779,1.00,1.00
2016.03.31 11:12:14.437,0.7788,0.779,1.00,1.00
2016.03.31 11:12:14.665,0.77878,0.779,1.00,1.00
2016.03.31 11:12:15.214,0.77877,0.779,1.35,1.00
2016.03.31 11:12:16.528,0.77877,0.77903,1.00,1.75
2016.03.31 11:12:16.679,0.77871,0.77898,1.75,1.50
2016.03.31 11:12:16.730,0.77871,0.77898,1.37,1.75
2016.03.31 11:12:16.780,0.77871,0.77894,1.00,1.00
2016.03.31 11:12:17.431,0.7787,0.77894,1.50,1.00
2016.03.31 11:12:19.082,0.77871,0.77894,1.00,1.00
2016.03.31 11:12:19.133,0.77871,0.77894,1.00,2.25
2016.03.31 11:12:19.284,0.77868,0.77893,1.00,2.25
2016.03.31 11:12:19.637,0.77866,0.77893,1.12,3.00
2016.03.31 11:12:19.788,0.7787,0.77893,1.00,3.75
2016.03.31 11:12:20.074,0.77866,0.77892,1.30,1.75
2016.03.31 11:12:22.321,0.7787,0.77893,1.00,4.50
2016.03.31 11:12:22.573,0.77865,0.77891,1.12,1.75
2016.03.31 11:12:22.623,0.7787,0.77891,1.00,1.75
2016.03.31 11:12:22.725,0.77865,0.77891,1.12,1.75
2016.03.31 11:12:23.274,0.77863,0.77889,1.00,1.75
2016.03.31 11:12:23.576,0.77855,0.77878,3.60,1.00
2016.03.31 11:12:23.778,0.77855,0.77879,2.10,2.25
2016.03.31 11:12:23.929,0.77853,0.77879,1.00,2.25
2016.03.31 11:12:25.327,0.77852,0.77879,1.35,3.75
2016.03.31 11:12:25.480,0.77855,0.77879,1.00,3.75
2016.03.31 11:12:26.122,0.77856,0.77879,1.00,2.25
2016.03.31 11:12:26.273,0.77856,0.77883,1.00,3.75
2016.03.31 11:12:26.324,0.77858,0.77883,1.00,3.00
2016.03.31 11:12:27.243,0.7786,0.77883,1.00,2.25
2016.03.31 11:12:27.344,0.77858,0.77883,1.00,2.25
2016.03.31 11:12:28.980,0.77857,0.7788,1.00,1.75
2016.03.31 11:12:29.081,0.77852,0.77878,1.12,1.75
2016.03.31 11:12:30.146,0.77854,0.77879,1.00,2.25
2016.03.31 11:12:30.196,0.77854,0.7788,1.50,1.75
2016.03.31 11:12:30.297,0.77858,0.7788,1.00,1.00
2016.03.31 11:12:30.398,0.77858,0.77882,1.50,1.00
2016.03.31 11:12:30.958,0.77855,0.77883,3.22,1.75
2016.03.31 11:12:31.008,0.77855,0.77883,3.22,3.00
2016.03.31 11:12:31.384,0.77857,0.77883,1.12,1.75
2016.03.31 11:12:31.590,0.77859,0.77883,1.00,1.75
2016.03.31 11:12:32.114,0.77858,0.77883,1.00,1.75
2016.03.31 11:12:32.717,0.77857,0.77883,1.12,1.75
2016.03.31 11:12:35.462,0.77854,0.77881,1.37,1.75
2016.03.31 11:12:35.512,0.77854,0.77881,1.12,2.25
2016.03.31 11:12:36.681,0.77849,0.77876,2.25,1.50
2016.03.31 11:12:36.732,0.77849,0.77876,1.50,1.75
2016.03.31 11:12:39.529,0.7785,0.77874,1.00,1.75
2016.03.31 11:12:39.630,0.77847,0.77874,1.12,2.25
2016.03.31 11:12:40.133,0.77848,0.77875,2.62,1.75
2016.03.31 11:12:40.458,0.77854,0.77879,1.00,3.00
2016.03.31 11:12:40.768,0.77849,0.77874,1.37,1.50
2016.03.31 11:12:40.819,0.77848,0.77872,1.00,2.25
2016.03.31 11:12:40.869,0.77846,0.77872,1.00,2.25
2016.03.31 11:12:41.644,0.77841,0.77868,3.75,1.50
2016.03.31 11:12:41.852,0.77846,0.77871,1.00,1.75
2016.03.31 11:12:41.970,0.77843,0.77871,1.37,1.75
2016.03.31 11:12:42.539,0.77845,0.77871,1.00,1.75
2016.03.31 11:12:43.800,0.77844,0.77871,1.12,2.25
2016.03.31 11:12:44.925,0.77845,0.77871,1.00,1.75
2016.03.31 11:12:45.328,0.77842,0.77868,1.12,2.25
2016.03.31 11:12:46.221,0.77841,0.77868,1.35,3.75
2016.03.31 11:12:46.576,0.77841,0.77868,1.72,2.25
2016.03.31 11:12:46.626,0.77841,0.77868,2.10,2.25
2016.03.31 11:12:46.879,0.77841,0.77867,1.37,3.00
2016.03.31 11:12:46.930,0.77839,0.77866,1.87,1.75
2016.03.31 11:12:47.480,0.7784,0.77866,1.00,1.75
2016.03.31 11:12:47.581,0.7784,0.77866,1.75,1.75
2016.03.31 11:12:49.183,0.77845,0.7787,1.12,2.25
2016.03.31 11:12:49.234,0.77845,0.77871,1.12,1.75
2016.03.31 11:12:49.385,0.77846,0.77873,2.25,1.75
2016.03.31 11:12:49.688,0.77853,0.77875,1.12,1.12
2016.03.31 11:12:49.991,0.77856,0.77883,1.12,2.25
2016.03.31 11:12:50.873,0.77857,0.77883,1.00,3.00
2016.03.31 11:12:51.400,0.77854,0.77881,2.25,1.75
2016.03.31 11:12:52.174,0.77854,0.7788,1.37,1.75
2016.03.31 11:12:52.275,0.77853,0.7788,1.12,2.25
2016.03.31 11:12:52.835,0.77857,0.7788,1.00,1.75
2016.03.31 11:12:53.370,0.77855,0.77881,1.00,2.25
2016.03.31 11:12:53.572,0.77852,0.77879,1.50,2.25
2016.03.31 11:12:54.074,0.77856,0.77881,1.00,2.25
2016.03.31 11:12:55.239,0.77855,0.77881,1.00,2.25
2016.03.31 11:12:55.519,0.77857,0.77884,1.00,4.50
2016.03.31 11:12:55.670,0.77857,0.77884,1.37,1.75
2016.03.31 11:12:56.306,0.77859,0.77885,1.00,1.75
2016.03.31 11:12:56.852,0.77862,0.77886,1.00,2.25
2016.03.31 11:12:56.903,0.77862,0.77887,1.75,1.87
2016.03.31 11:12:57.477,0.77863,0.77888,1.12,2.25
2016.03.31 11:12:58.253,0.77864,0.77888,1.00,2.25
2016.03.31 11:12:58.654,0.77861,0.77888,1.00,3.75
2016.03.31 11:12:59.155,0.7786,0.77886,1.87,1.75
2016.03.31 11:12:59.357,0.77862,0.77888,1.50,3.00
2016.03.31 11:12:59.408,0.77862,0.77889,2.25,1.75
2016.03.31 11:13:01.614,0.77862,0.77883,1.00,1.00
2016.03.31 11:13:01.665,0.7786,0.77883,2.25,1.00
2016.03.31 11:13:02.287,0.77859,0.77883,1.00,1.00
2016.03.31 11:13:02.707,0.77857,0.77882,1.37,1.37
2016.03.31 11:13:02.758,0.77855,0.77882,3.60,1.75
2016.03.31 11:13:04.175,0.77855,0.77881,1.12,1.75
2016.03.31 11:13:04.478,0.77851,0.77877,2.10,3.00
2016.03.31 11:13:05.970,0.77853,0.77877,1.00,3.00
2016.03.31 11:13:06.609,0.77851,0.77877,1.00,3.00
2016.03.31 11:13:07.162,0.77849,0.77876,2.25,1.75
2016.03.31 11:13:12.329,0.77851,0.77877,1.00,3.00
2016.03.31 11:13:14.224,0.77851,0.77878,1.87,3.00
2016.03.31 11:13:14.275,0.77851,0.77878,2.25,1.50
2016.03.31 11:13:15.743,0.77851,0.77878,1.12,1.75
2016.03.31 11:13:16.604,0.77848,0.7787,1.50,1.00
2016.03.31 11:13:17.186,0.77847,0.7787,1.00,1.00
2016.03.31 11:13:19.595,0.77846,0.7787,1.50,1.00
2016.03.31 11:13:21.024,0.77845,0.77871,1.37,1.75
2016.03.31 11:13:21.075,0.77844,0.77871,1.50,1.75
2016.03.31 11:13:22.492,0.77845,0.77871,1.00,1.75
2016.03.31 11:13:22.760,0.77845,0.77871,2.25,1.75
2016.03.31 11:13:23.559,0.77843,0.7787,2.25,2.25
2016.03.31 11:13:23.864,0.77842,0.77868,1.00,1.75
2016.03.31 11:13:24.400,0.77841,0.77868,1.12,3.00
2016.03.31 11:13:25.006,0.77842,0.77868,1.00,1.75
2016.03.31 11:13:25.057,0.77842,0.77868,1.75,1.75
2016.03.31 11:13:32.870,0.77844,0.77871,1.50,3.00
2016.03.31 11:13:32.971,0.77844,0.77871,1.75,1.75
2016.03.31 11:13:35.582,0.77846,0.77873,2.25,1.50
2016.03.31 11:13:35.683,0.77849,0.77873,1.00,1.00
2016.03.31 11:13:43.059,0.7785,0.77873,1.00,1.00
2016.03.31 11:13:43.110,0.7785,0.77877,1.75,1.75
2016.03.31 11:13:43.867,0.77853,0.7788,1.37,2.25
2016.03.31 11:13:44.101,0.77857,0.77884,3.00,1.50
2016.03.31 11:13:48.772,0.77858,0.77884,1.00,3.00
2016.03.31 11:13:48.825,0.77855,0.77882,1.50,1.75
2016.03.31 11:13:48.876,0.77855,0.77882,1.12,3.75
2016.03.31 11:13:50.736,0.77858,0.77885,1.75,1.75
2016.03.31 11:13:50.989,0.77861,0.77888,1.75,1.75
2016.03.31 11:13:55.079,0.77865,0.77889,1.00,1.75
2016.03.31 11:13:55.129,0.77865,0.77892,2.25,1.75
2016.03.31 11:13:59.996,0.77868,0.77894,1.37,1.75
2016.03.31 11:14:00.047,0.77868,0.77895,1.75,3.00
2016.03.31 11:14:01.227,0.77868,0.77894,2.25,1.00
2016.03.31 11:14:01.328,0.77871,0.77897,1.75,1.37
2016.03.31 11:14:01.429,0.77872,0.77898,2.25,1.00
2016.03.31 11:14:01.756,0.77875,0.779,1.75,1.00
2016.03.31 11:14:02.200,0.77875,0.77902,2.25,1.12
2016.03.31 11:14:03.513,0.77875,0.77901,1.75,1.00
2016.03.31 11:14:03.615,0.77875,0.77901,1.75,3.00
2016.03.31 11:14:03.716,0.77871,0.77897,1.75,1.50
2016.03.31 11:14:04.089,0.7787,0.77897,1.12,3.00
2016.03.31 11:14:05.469,0.77871,0.77897,1.00,1.75
2016.03.31 11:14:05.713,0.77875,0.77897,1.00,1.00
2016.03.31 11:14:05.915,0.77875,0.77899,1.00,1.00
2016.03.31 11:14:06.016,0.77877,0.77899,1.00,1.00
2016.03.31 11:14:06.268,0.77875,0.77899,1.00,1.00
2016.03.31 11:14:09.483,0.77876,0.77899,1.00,1.00
2016.03.31 11:14:09.534,0.77876,0.77902,1.75,1.50
2016.03.31 11:14:09.786,0.77879,0.77906,2.25,1.37
2016.03.31 11:14:10.039,0.77882,0.77909,1.75,1.75
2016.03.31 11:14:15.315,0.77882,0.77905,1.75,1.00
2016.03.31 11:14:15.366,0.77879,0.77905,1.87,2.25
2016.03.31 11:14:16.035,0.7788,0.77907,1.75,1.75
2016.03.31 11:14:28.092,0.77884,0.77908,1.00,1.75
2016.03.31 11:14:28.143,0.77885,0.7791,2.25,1.75
2016.03.31 11:14:28.194,0.77885,0.7791,3.00,1.00
2016.03.31 11:14:28.245,0.77885,0.7791,1.75,1.12
2016.03.31 11:14:28.749,0.77885,0.7791,1.75,1.12
2016.03.31 11:14:30.147,0.77885,0.7791,1.50,1.37
2016.03.31 11:14:30.657,0.77885,0.7791,1.12,1.75
2016.03.31 11:14:34.170,0.77887,0.77911,1.00,1.00
2016.03.31 11:14:34.271,0.7789,0.77913,1.00,1.00
2016.03.31 11:14:34.780,0.7789,0.77914,1.00,1.00
2016.03.31 11:14:35.129,0.77885,0.7791,1.75,1.12
2016.03.31 11:14:38.370,0.77883,0.77909,2.25,1.00
2016.03.31 11:14:38.794,0.77882,0.77909,1.75,1.75
2016.03.31 11:14:39.100,0.77881,0.77908,1.12,1.75
2016.03.31 11:14:39.301,0.77878,0.77905,1.50,1.75
2016.03.31 11:14:39.503,0.77879,0.77906,1.75,2.25
2016.03.31 11:14:42.075,0.77878,0.77905,2.25,1.75
2016.03.31 11:14:42.176,0.77878,0.77905,2.25,1.50
2016.03.31 11:14:42.378,0.77878,0.77905,1.50,1.75
2016.03.31 11:14:46.520,0.7788,0.77905,1.00,1.75
2016.03.31 11:14:48.908,0.77879,0.77905,1.12,1.75
2016.03.31 11:14:49.228,0.77878,0.77905,3.00,1.12
2016.03.31 11:14:49.530,0.77881,0.77907,1.75,1.00
2016.03.31 11:14:49.998,0.77884,0.77912,4.50,1.50
2016.03.31 11:14:52.637,0.7789,0.77915,1.00,1.75
2016.03.31 11:14:52.738,0.7789,0.77916,1.75,1.75
2016.03.31 11:14:54.642,0.77892,0.77919,1.75,2.25
2016.03.31 11:14:54.945,0.77896,0.7792,1.75,1.00
2016.03.31 11:14:56.089,0.77894,0.77921,3.75,1.12
2016.03.31 11:14:56.860,0.779,0.77927,1.00,3.75
2016.03.31 11:14:56.911,0.779,0.77927,1.75,1.87
2016.03.31 11:14:57.346,0.77899,0.77928,2.25,2.25
2016.03.31 11:14:57.639,0.77902,0.77929,1.50,2.25
2016.03.31 11:15:01.261,0.77905,0.77929,1.50,1.00
2016.03.31 11:15:01.494,0.77903,0.7793,1.12,1.75
2016.03.31 11:15:04.061,0.77899,0.77925,1.50,3.00
2016.03.31 11:15:04.112,0.77895,0.77921,1.75,1.75
2016.03.31 11:15:04.263,0.77894,0.77916,1.00,2.25
2016.03.31 11:15:04.314,0.77887,0.77912,2.25,1.75
2016.03.31 11:15:04.667,0.77886,0.77912,1.00,3.00
2016.03.31 11:15:05.170,0.77887,0.77914,1.75,1.75
2016.03.31 11:15:05.422,0.77891,0.77916,1.00,1.75
2016.03.31 11:15:05.745,0.77891,0.77916,1.50,1.75
2016.03.31 11:15:06.772,0.77888,0.77914,1.37,1.75
2016.03.31 11:15:06.924,0.77882,0.77906,1.37,1.87
2016.03.31 11:15:06.974,0.7788,0.77903,1.00,1.00
2016.03.31 11:15:07.277,0.7788,0.77903,1.00,2.25
2016.03.31 11:15:07.454,0.77874,0.77899,1.50,1.37
2016.03.31 11:15:07.857,0.77877,0.77901,1.00,1.75
2016.03.31 11:15:08.606,0.77879,0.77902,1.50,2.25
2016.03.31 11:15:08.657,0.77879,0.77903,1.50,1.75
2016.03.31 11:15:08.890,0.7788,0.77904,1.50,1.00
2016.03.31 11:15:08.940,0.77882,0.77904,1.00,1.00
2016.03.31 11:15:10.087,0.77882,0.77904,1.00,1.50
2016.03.31 11:15:10.139,0.77877,0.77902,1.12,1.35
2016.03.31 11:15:10.241,0.77874,0.779,1.37,3.00
2016.03.31 11:15:10.291,0.77872,0.77898,1.00,1.75
2016.03.31 11:15:10.392,0.77874,0.77896,1.00,1.75
2016.03.31 11:15:12.274,0.77875,0.77898,1.12,1.50
2016.03.31 11:15:12.943,0.77874,0.77896,1.00,1.50
2016.03.31 11:15:13.045,0.77871,0.77896,1.37,2.25
2016.03.31 11:15:13.147,0.77871,0.77896,1.37,2.25
2016.03.31 11:15:13.679,0.77871,0.77896,1.00,2.25
2016.03.31 11:15:13.888,0.77871,0.77896,1.50,2.25
2016.03.31 11:15:14.092,0.77871,0.77898,1.75,1.50
2016.03.31 11:15:14.411,0.7787,0.77895,1.75,1.67
2016.03.31 11:15:14.734,0.77866,0.77893,1.75,1.50
2016.03.31 11:15:15.952,0.77865,0.77892,2.47,1.75
2016.03.31 11:15:16.002,0.77865,0.77887,2.10,1.00
2016.03.31 11:15:16.603,0.77866,0.77893,1.87,3.75
2016.03.31 11:15:16.654,0.77868,0.7789,1.00,1.00
2016.03.31 11:15:16.856,0.77866,0.7789,1.50,1.00
2016.03.31 11:15:16.957,0.77866,0.77893,2.25,1.37
2016.03.31 11:15:17.259,0.77867,0.77895,1.75,1.75
2016.03.31 11:15:17.818,0.77868,0.77895,3.00,1.12
2016.03.31 11:15:18.877,0.77868,0.77893,1.12,1.75
2016.03.31 11:15:19.764,0.77865,0.7789,1.37,2.25
2016.03.31 11:15:19.814,0.77865,0.7789,1.00,3.75
2016.03.31 11:15:20.762,0.77861,0.77888,1.75,1.75
2016.03.31 11:15:20.918,0.77865,0.77888,1.00,1.75
2016.03.31 11:15:22.322,0.77862,0.77889,1.50,3.00
2016.03.31 11:15:24.978,0.77865,0.77887,1.00,1.75
2016.03.31 11:15:25.079,0.77861,0.77888,1.75,1.75
2016.03.31 11:15:26.575,0.77864,0.7789,1.00,3.75
2016.03.31 11:15:26.726,0.77865,0.7789,1.50,1.50
2016.03.31 11:15:27.877,0.77865,0.77891,2.25,1.87
2016.03.31 11:15:27.927,0.77865,0.77892,3.00,1.50
2016.03.31 11:15:29.230,0.77865,0.7789,2.25,1.00
2016.03.31 11:15:29.482,0.77868,0.77895,2.85,3.90
2016.03.31 11:15:29.533,0.77871,0.77895,1.50,3.15
2016.03.31 11:15:29.583,0.77871,0.77897,3.00,1.37
2016.03.31 11:15:29.634,0.77874,0.779,1.75,1.75
2016.03.31 11:15:30.613,0.77875,0.779,1.75,1.37
2016.03.31 11:15:30.664,0.77875,0.77901,1.75,1.00
2016.03.31 11:15:31.324,0.7788,0.77902,1.12,1.12
2016.03.31 11:15:32.216,0.7788,0.77904,1.50,1.37
2016.03.31 11:15:32.267,0.77881,0.77904,1.27,1.00
2016.03.31 11:15:32.418,0.7788,0.77902,3.00,1.00
2016.03.31 11:15:32.469,0.7788,0.77902,1.75,1.00
2016.03.31 11:15:32.759,0.7788,0.77906,2.25,1.75
2016.03.31 11:15:32.910,0.77882,0.77908,1.50,1.37
2016.03.31 11:15:32.961,0.77882,0.77909,1.75,1.50
2016.03.31 11:15:33.321,0.77884,0.77911,2.25,1.50
2016.03.31 11:15:33.372,0.77884,0.77911,2.25,1.50
2016.03.31 11:15:34.691,0.77883,0.7791,2.25,1.50
2016.03.31 11:15:34.742,0.77883,0.7791,1.75,2.25
2016.03.31 11:15:34.793,0.77883,0.7791,1.37,2.25
2016.03.31 11:15:34.843,0.77882,0.77906,1.00,1.00
2016.03.31 11:15:35.208,0.77882,0.77908,1.50,1.37
2016.03.31 11:15:35.259,0.77884,0.77909,1.00,1.50
2016.03.31 11:15:37.126,0.77884,0.77907,1.00,2.25
2016.03.31 11:15:37.429,0.77878,0.77906,1.75,1.75
2016.03.31 11:15:37.846,0.77882,0.77907,1.00,3.00
2016.03.31 11:15:37.997,0.77884,0.77909,1.37,1.50
2016.03.31 11:15:38.048,0.77886,0.77909,1.00,1.00
2016.03.31 11:15:38.577,0.77885,0.77909,2.25,1.00
2016.03.31 11:15:39.244,0.77885,0.77912,2.25,1.50
2016.03.31 11:15:39.295,0.77885,0.77912,2.25,1.50
2016.03.31 11:15:39.724,0.77895,0.77917,1.87,1.37
2016.03.31 11:15:39.775,0.77898,0.77922,1.50,1.00
2016.03.31 11:15:39.927,0.77898,0.77925,3.00,1.37
2016.03.31 11:15:39.978,0.77898,0.77925,3.00,1.12
2016.03.31 11:15:40.400,0.77898,0.77925,1.50,1.50
2016.03.31 11:15:40.501,0.779,0.77927,1.12,3.00
2016.03.31 11:15:41.007,0.77899,0.77926,1.12,1.75
2016.03.31 11:15:42.522,0.77899,0.77926,1.50,1.75
2016.03.31 11:15:42.573,0.77899,0.77926,1.75,1.75
2016.03.31 11:15:43.932,0.77896,0.77924,3.00,2.25
2016.03.31 11:15:43.983,0.77895,0.77922,2.25,1.75
2016.03.31 11:15:44.034,0.77895,0.77922,1.37,1.75
2016.03.31 11:15:44.085,0.77892,0.77918,2.25,1.75
2016.03.31 11:15:44.686,0.77894,0.77922,1.87,2.25
2016.03.31 11:15:44.737,0.77895,0.77922,1.75,1.75
2016.03.31 11:15:48.091,0.77891,0.77919,3.00,1.75
2016.03.31 11:15:49.000,0.77893,0.7792,1.37,1.75
2016.03.31 11:15:49.051,0.77894,0.77919,1.00,1.00
2016.03.31 11:15:49.523,0.77895,0.77922,1.75,2.25
2016.03.31 11:15:49.624,0.77895,0.77922,1.12,2.25
2016.03.31 11:15:50.601,0.77895,0.77922,1.37,1.75
2016.03.31 11:15:51.121,0.77895,0.77924,1.75,2.25
2016.03.31 11:15:52.231,0.77893,0.77917,1.00,1.00
2016.03.31 11:15:53.389,0.77892,0.77919,1.75,1.37
2016.03.31 11:15:53.445,0.77897,0.77919,1.00,1.00
2016.03.31 11:15:53.995,0.77897,0.7792,1.00,1.00
2016.03.31 11:15:55.245,0.77897,0.77921,1.00,1.50
2016.03.31 11:15:56.056,0.77897,0.77924,2.25,1.50
2016.03.31 11:16:03.148,0.77899,0.77926,1.75,1.37
2016.03.31 11:16:03.199,0.77899,0.77926,1.75,1.12
2016.03.31 11:16:04.155,0.77901,0.77928,3.75,1.37
2016.03.31 11:16:04.205,0.77905,0.7793,1.75,1.12
2016.03.31 11:16:04.457,0.77907,0.77935,1.75,3.75
2016.03.31 11:16:04.508,0.77907,0.77935,1.75,2.25
2016.03.31 11:16:05.785,0.77908,0.77934,1.12,1.75
2016.03.31 11:16:06.714,0.77904,0.77928,1.50,1.00
2016.03.31 11:16:07.259,0.77904,0.77927,1.00,1.00
2016.03.31 11:16:07.762,0.77904,0.77928,1.00,1.50
2016.03.31 11:16:09.066,0.77906,0.77933,1.37,1.75
2016.03.31 11:16:09.117,0.77906,0.77933,1.75,1.75
2016.03.31 11:16:09.855,0.77907,0.77936,1.75,4.35
2016.03.31 11:16:13.045,0.77911,0.77938,1.37,1.50
2016.03.31 11:16:13.095,0.77913,0.77938,1.00,1.50
2016.03.31 11:16:16.763,0.77911,0.77938,1.50,3.00
2016.03.31 11:16:16.814,0.77911,0.77938,1.12,3.00
2016.03.31 11:16:17.518,0.77907,0.7793,1.75,1.00
2016.03.31 11:16:17.720,0.77905,0.77932,3.75,1.00
2016.03.31 11:16:18.380,0.77905,0.77931,4.50,1.00
2016.03.31 11:16:18.531,0.77907,0.77936,2.25,2.25
2016.03.31 11:16:18.950,0.77911,0.77938,1.37,1.50
2016.03.31 11:16:19.001,0.77912,0.77938,2.25,1.12
2016.03.31 11:16:20.863,0.77916,0.77942,1.37,1.75
2016.03.31 11:16:20.913,0.77916,0.77942,1.75,1.50
2016.03.31 11:16:21.065,0.77917,0.77946,3.75,3.00
2016.03.31 11:16:21.115,0.77917,0.77946,3.75,3.00
2016.03.31 11:16:21.368,0.77917,0.77944,1.75,1.37
2016.03.31 11:16:21.419,0.77917,0.77944,1.75,1.75
2016.03.31 11:16:24.178,0.77915,0.77941,1.75,1.00
2016.03.31 11:16:24.229,0.77914,0.77939,3.00,1.35
2016.03.31 11:16:24.481,0.77909,0.77934,3.00,1.50
2016.03.31 11:16:25.256,0.77906,0.77933,2.25,1.37
2016.03.31 11:16:25.307,0.77906,0.77933,2.25,1.75
2016.03.31 11:16:25.791,0.77904,0.7793,1.00,3.00
2016.03.31 11:16:26.310,0.77902,0.77929,2.25,1.75
2016.03.31 11:16:27.015,0.779,0.77926,1.12,1.75
2016.03.31 11:16:27.317,0.77898,0.77925,1.00,4.50
2016.03.31 11:16:27.842,0.77896,0.77923,1.87,1.75
2016.03.31 11:16:28.179,0.77899,0.77924,1.00,1.75
2016.03.31 11:16:29.836,0.779,0.77925,1.00,3.00
2016.03.31 11:16:31.908,0.77899,0.77925,1.00,3.00
2016.03.31 11:16:32.936,0.77898,0.77925,1.00,4.50
2016.03.31 11:16:35.429,0.77897,0.77923,1.12,1.75
2016.03.31 11:16:37.078,0.77898,0.77925,1.00,4.50
2016.03.31 11:16:37.648,0.77897,0.77924,1.12,2.25
2016.03.31 11:16:38.676,0.77897,0.77924,1.00,1.50
2016.03.31 11:16:39.429,0.77895,0.77924,2.25,1.50
2016.03.31 11:16:41.797,0.77898,0.77924,1.00,1.50
2016.03.31 11:16:43.416,0.77898,0.77924,1.37,1.50
2016.03.31 11:16:43.919,0.77901,0.77926,1.12,1.75
2016.03.31 11:16:48.365,0.77899,0.77926,1.12,3.75
2016.03.31 11:16:48.667,0.77898,0.77923,1.12,1.75
2016.03.31 11:16:48.718,0.77896,0.77919,1.00,1.00
2016.03.31 11:16:51.501,0.77897,0.77919,1.00,1.00
2016.03.31 11:16:54.882,0.77897,0.77924,2.25,3.00
2016.03.31 11:16:56.029,0.77899,0.77925,1.00,2.25
2016.03.31 11:16:56.285,0.779,0.77926,1.50,2.25
2016.03.31 11:16:58.658,0.77907,0.77929,1.00,2.25
2016.03.31 11:16:58.709,0.77907,0.7793,1.00,1.75
2016.03.31 11:16:58.760,0.7791,0.77932,1.37,1.87
2016.03.31 11:16:58.811,0.7791,0.77936,1.75,2.25
2016.03.31 11:17:00.988,0.77909,0.77936,1.37,2.25
2016.03.31 11:17:01.039,0.77909,0.77936,1.12,1.75
2016.03.31 11:17:06.460,0.77916,0.77935,1.00,1.75
2016.03.31 11:17:06.612,0.77918,0.7794,2.25,1.50
2016.03.31 11:17:06.713,0.7792,0.77945,1.12,3.00
2016.03.31 11:17:06.922,0.77914,0.7794,4.50,1.37
2016.03.31 11:17:06.972,0.77914,0.7794,2.25,1.50
2016.03.31 11:17:09.165,0.77914,0.7794,1.37,1.75
2016.03.31 11:17:09.216,0.77914,0.7794,1.12,1.75
2016.03.31 11:17:09.880,0.77915,0.7794,1.00,1.75
2016.03.31 11:17:11.335,0.77914,0.7794,1.12,2.25
2016.03.31 11:17:14.947,0.77915,0.77939,1.00,1.75
2016.03.31 11:17:15.619,0.77915,0.77935,1.00,1.00
2016.03.31 11:17:16.358,0.77912,0.77935,2.25,1.00
2016.03.31 11:17:16.459,0.77912,0.77935,1.00,1.50
2016.03.31 11:17:16.579,0.77909,0.77935,1.37,3.75
2016.03.31 11:17:16.630,0.77909,0.77934,1.00,2.25
2016.03.31 11:17:17.377,0.77911,0.77934,1.00,2.25
2016.03.31 11:17:17.427,0.77911,0.77935,1.00,1.75
2016.03.31 11:17:19.049,0.77913,0.77938,1.00,3.75
2016.03.31 11:17:19.378,0.77913,0.77938,1.12,1.75
2016.03.31 11:17:19.995,0.77914,0.77938,1.00,1.75
2016.03.31 11:17:20.687,0.77913,0.7794,1.12,3.00
2016.03.31 11:17:21.219,0.77914,0.7794,1.00,2.25
2016.03.31 11:17:23.077,0.77915,0.7794,1.00,1.75
2016.03.31 11:17:23.938,0.77914,0.7794,1.00,1.75
2016.03.31 11:17:28.139,0.77911,0.77937,1.75,1.75
2016.03.31 11:17:28.240,0.7791,0.77934,1.37,1.87
2016.03.31 11:17:28.291,0.7791,0.77933,1.00,3.00
2016.03.31 11:17:28.554,0.77907,0.7793,1.00,2.25
2016.03.31 11:17:28.655,0.77907,0.77925,1.00,1.00
2016.03.31 11:17:28.706,0.77903,0.77925,1.75,1.00
2016.03.31 11:17:28.757,0.77905,0.7793,1.12,2.25
2016.03.31 11:17:28.994,0.77905,0.77925,1.12,1.00
2016.03.31 11:17:29.446,0.77907,0.7793,1.00,1.75
2016.03.31 11:17:29.597,0.77905,0.7793,1.87,1.75
2016.03.31 11:17:29.877,0.77908,0.7793,1.00,1.75
2016.03.31 11:17:29.978,0.77908,0.7793,1.12,1.00
2016.03.31 11:17:30.504,0.77908,0.77934,1.12,1.75
2016.03.31 11:17:31.178,0.77908,0.7793,1.12,1.00
2016.03.31 11:17:31.392,0.77908,0.7793,1.00,1.75
2016.03.31 11:17:31.698,0.77908,0.77932,1.00,1.00
2016.03.31 11:17:33.469,0.77908,0.7793,1.00,1.00
2016.03.31 11:17:33.688,0.77908,0.77932,1.00,1.00
2016.03.31 11:17:34.127,0.77908,0.7793,1.00,1.00
2016.03.31 11:17:35.471,0.77908,0.77932,1.00,1.00
2016.03.31 11:17:35.622,0.7791,0.77932,1.00,1.00
2016.03.31 11:17:36.123,0.7791,0.77935,2.25,1.75
2016.03.31 11:17:37.584,0.77908,0.77934,1.50,2.25
2016.03.31 11:17:37.634,0.77908,0.77934,1.12,2.25
2016.03.31 11:17:37.871,0.77906,0.7793,1.37,1.37
2016.03.31 11:17:38.074,0.77905,0.7793,1.12,2.25
2016.03.31 11:17:38.124,0.77905,0.7793,1.00,1.75
2016.03.31 11:17:38.686,0.77904,0.7793,1.00,1.75
2016.03.31 11:17:39.135,0.77906,0.77931,1.87,1.75
2016.03.31 11:17:39.286,0.77908,0.77933,1.00,3.00
2016.03.31 11:17:39.337,0.77908,0.77933,1.75,2.25
2016.03.31 11:17:39.841,0.77911,0.77935,1.00,2.25
2016.03.31 11:17:42.277,0.77912,0.77935,1.00,1.75
2016.03.31 11:17:47.310,0.77913,0.77935,1.00,1.75
2016.03.31 11:17:47.361,0.77913,0.77937,1.12,2.25
2016.03.31 11:17:47.635,0.77916,0.77939,1.12,1.50
2016.03.31 11:17:55.392,0.77917,0.77939,1.00,1.50
2016.03.31 11:17:55.938,0.77915,0.77938,1.50,1.12
2016.03.31 11:17:56.696,0.77913,0.77937,1.75,1.00
2016.03.31 11:17:56.897,0.7791,0.77935,1.75,1.12
2016.03.31 11:17:58.360,0.77914,0.77937,1.00,1.75
2016.03.31 11:17:58.863,0.77912,0.77936,1.50,1.50
2016.03.31 11:18:08.303,0.77913,0.77936,1.00,1.75
2016.03.31 11:18:08.853,0.77912,0.77935,1.00,1.75
2016.03.31 11:18:09.055,0.77909,0.77936,2.25,2.25
2016.03.31 11:18:09.106,0.77909,0.77936,2.25,2.25
2016.03.31 11:18:12.008,0.77912,0.77936,2.25,1.50
2016.03.31 11:18:12.509,0.77912,0.77935,2.25,1.00
2016.03.31 11:18:12.975,0.7791,0.77935,3.00,1.50
2016.03.31 11:18:13.523,0.77911,0.77936,1.75,1.87
2016.03.31 11:18:13.991,0.77916,0.77935,1.00,1.00
2016.03.31 11:18:15.634,0.77916,0.77936,1.00,1.50
2016.03.31 11:18:16.286,0.77916,0.77935,1.00,1.00
2016.03.31 11:18:17.027,0.77916,0.77936,1.00,1.00
2016.03.31 11:18:17.542,0.77916,0.77935,1.00,1.00
2016.03.31 11:18:18.237,0.77916,0.77936,1.00,1.00
2016.03.31 11:18:19.520,0.77916,0.77935,1.00,1.00
2016.03.31 11:18:22.113,0.77916,0.77936,1.00,1.50
2016.03.31 11:18:22.607,0.77917,0.77936,1.75,1.50
2016.03.31 11:18:22.708,0.7792,0.7794,1.50,1.50
2016.03.31 11:18:22.909,0.7792,0.77945,1.50,1.75
2016.03.31 11:18:38.937,0.77921,0.77945,1.37,1.50
2016.03.31 11:18:40.042,0.7792,0.77945,1.75,1.87
2016.03.31 11:18:48.789,0.77923,0.77945,1.37,1.00
2016.03.31 11:18:49.091,0.77923,0.77945,1.50,1.00
2016.03.31 11:18:49.627,0.77923,0.77946,1.50,1.12
2016.03.31 11:18:52.874,0.77922,0.77945,1.75,1.00
2016.03.31 11:18:54.128,0.77929,0.77945,1.00,1.00
2016.03.31 11:18:54.179,0.77934,0.77955,1.00,2.25
2016.03.31 11:18:54.280,0.77949,0.77955,1.00,1.37
2016.03.31 11:18:54.482,0.77957,0.7798,2.25,1.00
2016.03.31 11:18:54.687,0.77959,0.7798,3.00,1.00
2016.03.31 11:18:55.502,0.77959,0.7798,1.75,1.00
2016.03.31 11:18:56.003,0.77959,0.77985,1.75,2.25
2016.03.31 11:18:59.956,0.77957,0.7798,2.25,1.00
2016.03.31 11:19:00.108,0.77957,0.7798,1.75,1.00
2016.03.31 11:19:01.158,0.77957,0.77975,1.75,1.00
2016.03.31 11:19:01.309,0.7795,0.77973,1.75,1.00
2016.03.31 11:19:01.410,0.77946,0.77973,1.75,1.50
2016.03.31 11:19:01.466,0.77946,0.77973,1.50,1.75
2016.03.31 11:19:01.516,0.77946,0.7797,1.50,1.50
2016.03.31 11:19:02.185,0.77946,0.77973,1.75,1.50
2016.03.31 11:19:02.236,0.77946,0.77973,1.75,1.50
2016.03.31 11:19:03.720,0.77946,0.77974,1.37,2.85
2016.03.31 11:19:06.682,0.77943,0.77965,1.50,1.00
2016.03.31 11:19:06.890,0.77943,0.77969,1.50,1.67
2016.03.31 11:19:07.747,0.77943,0.77965,1.50,1.00
2016.03.31 11:19:08.281,0.77943,0.77966,1.50,1.00
2016.03.31 11:19:08.433,0.7794,0.77965,1.12,1.75
2016.03.31 11:19:08.697,0.77941,0.77965,1.37,1.37
2016.03.31 11:19:08.748,0.77943,0.77965,1.00,1.00
2016.03.31 11:19:08.849,0.77943,0.77967,2.25,1.00
2016.03.31 11:19:09.759,0.77943,0.77966,2.25,1.00
2016.03.31 11:19:10.272,0.77943,0.77967,1.50,1.00
2016.03.31 11:19:10.683,0.77943,0.7797,1.50,3.00
2016.03.31 11:19:10.908,0.77943,0.7797,1.75,2.25
2016.03.31 11:19:11.185,0.77944,0.77965,1.75,1.00
2016.03.31 11:19:11.368,0.77944,0.7797,1.75,2.25
2016.03.31 11:19:11.770,0.77944,0.7797,1.12,2.25
2016.03.31 11:19:13.176,0.77945,0.7797,1.00,2.25
2016.03.31 11:19:14.299,0.77944,0.7797,1.12,2.25
2016.03.31 11:19:15.074,0.77945,0.7797,1.00,2.25
2016.03.31 11:19:15.869,0.77944,0.7797,1.12,2.25
2016.03.31 11:19:16.020,0.77943,0.77966,1.37,1.37
2016.03.31 11:19:16.071,0.77942,0.77966,1.12,1.75
2016.03.31 11:19:16.424,0.77938,0.77966,1.87,2.25
2016.03.31 11:19:16.474,0.77938,0.77965,1.87,2.25
2016.03.31 11:19:18.899,0.77943,0.77965,1.00,3.00
2016.03.31 11:19:18.949,0.77943,0.77965,1.00,1.50
2016.03.31 11:19:19.482,0.77941,0.77967,1.50,1.75
2016.03.31 11:19:20.605,0.77936,0.77964,3.75,1.50
2016.03.31 11:19:20.656,0.77936,0.77963,1.75,1.75
2016.03.31 11:19:20.807,0.77936,0.77962,1.37,1.75
2016.03.31 11:19:20.858,0.77936,0.77962,1.00,2.25
2016.03.31 11:19:21.480,0.77934,0.77961,1.50,1.75
2016.03.31 11:19:22.527,0.77934,0.7796,1.37,2.25
2016.03.31 11:19:22.629,0.77931,0.77959,1.50,3.00
2016.03.31 11:19:30.463,0.77936,0.7796,1.00,3.00
2016.03.31 11:19:30.765,0.77935,0.77962,3.00,1.12
2016.03.31 11:19:36.746,0.77935,0.77961,3.00,1.00
2016.03.31 11:19:36.947,0.77934,0.7796,2.25,1.37
2016.03.31 11:19:39.635,0.77932,0.77959,3.00,1.50
2016.03.31 11:19:39.686,0.77933,0.77957,1.00,1.00
2016.03.31 11:19:40.832,0.77933,0.77956,1.00,1.00
2016.03.31 11:19:40.883,0.77929,0.77955,2.25,1.75
2016.03.31 11:19:42.033,0.77927,0.77954,1.75,3.37
2016.03.31 11:19:42.350,0.77924,0.77945,1.00,1.12
2016.03.31 11:19:42.863,0.7792,0.77945,1.75,1.12
2016.03.31 11:19:43.540,0.77925,0.7795,1.75,1.50
2016.03.31 11:19:44.570,0.77926,0.7795,1.75,1.37
2016.03.31 11:19:44.621,0.77926,0.77953,1.75,2.25
2016.03.31 11:19:44.994,0.77927,0.77954,1.12,2.25
2016.03.31 11:19:50.157,0.77924,0.7795,3.00,1.37
2016.03.31 11:19:50.663,0.77926,0.7795,1.75,1.00
2016.03.31 11:19:51.420,0.77925,0.77951,3.00,1.50
2016.03.31 11:19:52.867,0.77925,0.7795,3.75,1.00
2016.03.31 11:19:53.390,0.77925,0.77951,2.25,2.25
2016.03.31 11:19:53.541,0.77921,0.77948,2.25,1.12
2016.03.31 11:19:53.720,0.77921,0.77948,1.75,1.87
2016.03.31 11:19:53.771,0.77921,0.77945,1.75,1.12
2016.03.31 11:19:56.798,0.77922,0.77945,1.75,1.00
2016.03.31 11:19:56.855,0.77924,0.77947,1.75,1.00
2016.03.31 11:19:59.816,0.77925,0.77951,1.50,1.50
2016.03.31 11:20:00.104,0.77925,0.7795,1.75,1.37
2016.03.31 11:20:00.155,0.77929,0.77953,1.75,1.87
2016.03.31 11:20:01.249,0.77927,0.77953,1.75,1.37
2016.03.31 11:20:01.300,0.77927,0.77951,1.50,1.50
2016.03.31 11:20:05.934,0.77926,0.7795,1.00,1.75
2016.03.31 11:20:06.260,0.77922,0.77942,1.00,1.00
2016.03.31 11:20:06.311,0.77918,0.77942,1.00,1.50
2016.03.31 11:20:06.484,0.77917,0.77941,1.37,1.37
2016.03.31 11:20:06.535,0.77914,0.7794,1.12,1.75
2016.03.31 11:20:06.737,0.77916,0.7794,1.00,1.75
2016.03.31 11:20:08.045,0.77916,0.77941,1.37,1.75
2016.03.31 11:20:08.145,0.77917,0.77941,1.12,1.75
2016.03.31 11:20:12.750,0.77917,0.77944,1.37,2.25
2016.03.31 11:20:12.851,0.77918,0.77944,1.75,1.12
2016.03.31 11:20:13.169,0.7792,0.77947,1.50,2.25
2016.03.31 11:20:13.220,0.77923,0.77947,1.75,1.12
2016.03.31 11:20:16.638,0.77919,0.77946,2.85,1.75
2016.03.31 11:20:17.469,0.77919,0.77942,1.37,1.37
2016.03.31 11:20:17.570,0.77918,0.77941,1.12,1.50
2016.03.31 11:20:18.491,0.77912,0.77939,3.00,1.00
2016.03.31 11:20:20.996,0.77914,0.77938,1.75,1.00
2016.03.31 11:20:21.399,0.77914,0.7794,1.75,1.87
2016.03.31 11:20:21.500,0.77915,0.7794,1.50,1.37
2016.03.31 11:20:21.550,0.77915,0.7794,1.12,1.75
2016.03.31 11:20:22.077,0.77916,0.77939,1.00,1.75
2016.03.31 11:20:23.343,0.77914,0.77939,1.50,1.75
2016.03.31 11:20:24.455,0.77914,0.77938,1.37,1.75
2016.03.31 11:20:24.978,0.77914,0.77937,1.00,1.75
2016.03.31 11:20:25.585,0.77914,0.77939,1.50,1.75
2016.03.31 11:20:30.662,0.77913,0.77936,1.75,1.50
2016.03.31 11:20:30.713,0.77909,0.77933,2.25,1.50
2016.03.31 11:20:30.814,0.77906,0.77933,1.50,3.00
2016.03.31 11:20:30.966,0.77905,0.77932,1.37,2.25
2016.03.31 11:20:31.189,0.77905,0.77931,1.00,3.00
2016.03.31 11:20:32.697,0.77901,0.77928,2.25,1.75
2016.03.31 11:20:32.899,0.77901,0.77923,1.00,1.00
2016.03.31 11:20:32.950,0.77899,0.77923,1.50,1.00
2016.03.31 11:20:34.826,0.77901,0.77923,1.00,1.00
2016.03.31 11:20:35.028,0.779,0.77928,2.25,1.75
2016.03.31 11:20:35.129,0.77905,0.77929,1.00,1.75
2016.03.31 11:20:35.633,0.77906,0.7793,1.00,1.75
2016.03.31 11:20:37.511,0.77906,0.77932,1.12,3.75
2016.03.31 11:20:37.814,0.77913,0.7794,1.37,4.50
2016.03.31 11:20:38.092,0.77911,0.77939,1.87,3.00
2016.03.31 11:20:38.142,0.77917,0.77939,1.00,2.25
2016.03.31 11:20:38.294,0.77915,0.77942,1.75,1.75
2016.03.31 11:20:38.547,0.77913,0.77938,2.25,1.00
2016.03.31 11:20:38.699,0.77911,0.77939,2.25,1.75
2016.03.31 11:20:40.904,0.77911,0.77938,1.75,1.50
2016.03.31 11:20:41.005,0.77911,0.77938,1.50,1.75
2016.03.31 11:20:42.953,0.77906,0.77933,1.75,1.37
2016.03.31 11:20:43.003,0.77906,0.77933,1.75,1.75
2016.03.31 11:20:44.168,0.7791,0.77934,1.00,1.75
2016.03.31 11:20:44.669,0.77909,0.77934,1.12,1.75
2016.03.31 11:20:46.317,0.77906,0.77933,1.50,1.75
2016.03.31 11:20:46.418,0.77906,0.77933,1.12,1.75
2016.03.31 11:20:46.627,0.77906,0.77932,1.00,3.00
2016.03.31 11:20:47.171,0.77905,0.77931,1.00,1.75
2016.03.31 11:20:48.949,0.77904,0.7793,1.37,1.75
2016.03.31 11:20:49.000,0.77904,0.7793,1.75,1.50
2016.03.31 11:20:50.538,0.77904,0.7793,1.37,2.25
2016.03.31 11:20:50.589,0.77903,0.7793,1.12,3.00
2016.03.31 11:20:51.686,0.77905,0.7793,1.12,1.50
2016.03.31 11:20:51.737,0.77908,0.7793,1.00,1.50
2016.03.31 11:20:52.095,0.77906,0.77933,1.12,2.25
2016.03.31 11:20:53.243,0.77906,0.7793,1.00,2.25
2016.03.31 11:20:53.294,0.779,0.77924,1.75,1.00
2016.03.31 11:20:53.344,0.77897,0.77924,1.75,1.97
2016.03.31 11:20:53.395,0.77896,0.7792,2.25,1.87
2016.03.31 11:20:53.446,0.77896,0.7792,1.37,1.87
2016.03.31 11:20:53.496,0.77891,0.77919,2.25,2.25
2016.03.31 11:20:53.547,0.77891,0.77918,3.00,1.35
2016.03.31 11:20:54.050,0.77888,0.77915,1.75,1.75
2016.03.31 11:20:54.684,0.77891,0.77919,1.37,1.75
2016.03.31 11:20:54.735,0.77891,0.77919,1.75,1.50
2016.03.31 11:20:55.097,0.7789,0.77917,1.50,1.75
2016.03.31 11:20:55.591,0.7789,0.77917,1.75,1.50
2016.03.31 11:20:55.641,0.7789,0.77917,1.75,1.50
2016.03.31 11:20:56.177,0.7789,0.77917,1.75,1.50
2016.03.31 11:20:56.228,0.7789,0.77917,1.50,1.75
2016.03.31 11:20:59.092,0.77892,0.77919,1.00,2.25
2016.03.31 11:20:59.407,0.77889,0.77915,1.00,1.75
2016.03.31 11:21:00.017,0.77887,0.77914,1.50,1.75
2016.03.31 11:21:00.219,0.7789,0.77914,1.00,1.00
2016.03.31 11:21:00.370,0.7789,0.77915,1.12,1.75
2016.03.31 11:21:00.571,0.77888,0.77915,1.12,1.75
2016.03.31 11:21:01.889,0.7789,0.77915,1.37,1.75
2016.03.31 11:21:01.939,0.7789,0.77915,1.50,1.75
2016.03.31 11:21:02.858,0.77893,0.77915,1.00,1.75
2016.03.31 11:21:03.399,0.77891,0.77915,1.12,1.75
2016.03.31 11:21:03.501,0.7789,0.77915,1.12,1.75
2016.03.31 11:21:06.947,0.7789,0.77917,2.25,1.75
2016.03.31 11:21:07.520,0.7789,0.77913,1.50,1.00
2016.03.31 11:21:09.680,0.77889,0.77913,1.00,1.00
2016.03.31 11:21:10.021,0.77884,0.77911,2.25,1.37
2016.03.31 11:21:10.072,0.77884,0.77911,2.25,1.50
2016.03.31 11:21:10.570,0.7789,0.77911,1.00,1.50
2016.03.31 11:21:10.671,0.7789,0.77914,1.12,1.75
2016.03.31 11:21:11.341,0.77885,0.77911,1.75,1.50
2016.03.31 11:21:12.593,0.77884,0.77909,1.75,1.00
2016.03.31 11:21:13.040,0.77884,0.77908,1.00,1.00
2016.03.31 11:21:14.206,0.77885,0.77908,1.00,1.00
2016.03.31 11:21:14.257,0.77885,0.77912,1.50,1.50
2016.03.31 11:21:17.172,0.77884,0.77909,1.75,1.00
2016.03.31 11:21:17.478,0.77882,0.77909,1.12,1.75
2016.03.31 11:21:17.826,0.77882,0.77909,2.25,1.75
2016.03.31 11:21:20.374,0.77883,0.7791,2.25,1.12
2016.03.31 11:21:22.244,0.77887,0.77914,2.25,1.50
2016.03.31 11:21:26.984,0.77891,0.77918,1.75,1.75
2016.03.31 11:21:37.887,0.77899,0.77917,1.75,1.00
2016.03.31 11:21:37.938,0.77905,0.77925,1.00,1.27
2016.03.31 11:21:37.989,0.77905,0.77928,1.75,1.52
2016.03.31 11:21:38.039,0.77905,0.7793,1.75,1.50
2016.03.31 11:21:38.616,0.77906,0.77935,1.75,2.25
2016.03.31 11:21:40.364,0.77906,0.77935,1.50,3.75
2016.03.31 11:21:51.512,0.77909,0.77933,1.00,1.00
2016.03.31 11:21:55.306,0.77911,0.77935,1.75,1.12
2016.03.31 11:21:58.542,0.77908,0.7793,1.75,1.00
2016.03.31 11:21:58.743,0.77909,0.77935,1.75,1.12
2016.03.31 11:21:59.633,0.77908,0.77936,2.25,1.75
2016.03.31 11:21:59.684,0.77908,0.77936,2.25,1.75
2016.03.31 11:21:59.936,0.77908,0.7793,1.75,1.00
2016.03.31 11:22:01.296,0.77908,0.77936,1.75,2.25
2016.03.31 11:22:01.347,0.77912,0.77936,1.60,1.75
2016.03.31 11:22:01.678,0.77919,0.7794,1.37,1.37
2016.03.31 11:22:02.183,0.77918,0.7794,1.50,1.00
2016.03.31 11:22:02.994,0.7792,0.77945,1.12,1.75
2016.03.31 11:22:03.254,0.77916,0.7794,1.75,1.00
2016.03.31 11:22:03.355,0.77916,0.7794,1.12,1.50
2016.03.31 11:22:04.281,0.77913,0.7794,1.50,2.25
2016.03.31 11:22:04.710,0.77913,0.7794,1.87,2.85
2016.03.31 11:22:04.761,0.77914,0.7794,1.75,2.10
2016.03.31 11:22:05.440,0.77916,0.7794,1.75,1.37
2016.03.31 11:22:05.676,0.77917,0.77946,1.75,2.10
2016.03.31 11:22:06.029,0.77919,0.77946,2.25,1.75
2016.03.31 11:22:06.080,0.77919,0.77946,2.25,1.50
2016.03.31 11:22:11.195,0.77918,0.77945,1.37,2.25
2016.03.31 11:22:12.483,0.77918,0.7794,1.37,1.00
2016.03.31 11:22:13.131,0.77917,0.77944,1.50,1.75
2016.03.31 11:22:13.442,0.77914,0.7794,2.25,1.37
2016.03.31 11:22:13.985,0.77914,0.7794,2.25,1.75
2016.03.31 11:22:20.881,0.77913,0.77935,1.75,1.00
2016.03.31 11:22:21.276,0.77914,0.7794,1.75,2.25
2016.03.31 11:22:21.852,0.77917,0.77943,1.00,1.75
2016.03.31 11:22:22.929,0.77916,0.7794,1.37,1.37
2016.03.31 11:22:23.181,0.77919,0.77944,1.12,2.25
2016.03.31 11:22:23.759,0.77915,0.7794,1.75,1.00
2016.03.31 11:22:25.049,0.77915,0.77943,2.25,1.75
2016.03.31 11:22:26.843,0.77919,0.77946,1.75,1.75
2016.03.31 11:22:27.145,0.77923,0.77949,1.50,2.25
2016.03.31 11:22:27.246,0.77922,0.77949,1.37,2.25
2016.03.31 11:22:30.552,0.77921,0.77945,1.50,1.00
2016.03.31 11:22:31.096,0.77921,0.77949,2.25,3.00
2016.03.31 11:22:33.394,0.77921,0.77945,2.25,1.00
2016.03.31 11:22:33.948,0.77923,0.77947,1.12,1.37
2016.03.31 11:22:35.381,0.77922,0.77945,1.87,1.00
2016.03.31 11:22:35.906,0.77923,0.77947,1.12,1.37
2016.03.31 11:22:40.768,0.77923,0.77945,1.12,1.00
2016.03.31 11:22:41.282,0.77923,0.77947,1.87,1.37
2016.03.31 11:22:43.295,0.77923,0.77948,2.25,1.12
2016.03.31 11:22:45.577,0.77924,0.77946,1.37,1.37
2016.03.31 11:22:45.901,0.7792,0.77944,1.75,1.12
2016.03.31 11:22:46.761,0.77919,0.77943,1.75,1.00
2016.03.31 11:22:47.297,0.7792,0.77945,2.25,1.50
2016.03.31 11:22:48.766,0.7792,0.77942,1.75,1.00
2016.03.31 11:22:49.423,0.77919,0.77944,1.75,1.87
2016.03.31 11:22:50.577,0.77919,0.77943,1.75,1.00
2016.03.31 11:22:51.300,0.77918,0.77943,1.87,1.50
2016.03.31 11:22:51.838,0.77916,0.77941,1.75,1.00
2016.03.31 11:22:52.384,0.77915,0.77939,1.75,1.00
2016.03.31 11:22:52.905,0.77915,0.7794,2.25,1.00
2016.03.31 11:22:54.653,0.77916,0.77941,1.75,1.00
2016.03.31 11:22:57.055,0.77915,0.7794,2.25,1.00
2016.03.31 11:22:57.409,0.77915,0.7794,1.37,1.87
2016.03.31 11:22:57.459,0.77915,0.7794,1.12,3.00
2016.03.31 11:22:58.663,0.77916,0.77939,1.00,1.75
2016.03.31 11:22:58.764,0.77917,0.77939,1.12,1.00
2016.03.31 11:22:59.309,0.77918,0.77943,1.00,2.25
2016.03.31 11:22:59.822,0.77916,0.7794,1.50,1.87
2016.03.31 11:23:00.792,0.77921,0.77941,1.37,1.12
2016.03.31 11:23:00.842,0.77922,0.77947,1.12,1.75
2016.03.31 11:23:00.961,0.77924,0.77948,1.00,1.75
2016.03.31 11:23:01.062,0.77924,0.77949,1.75,1.00
2016.03.31 11:23:01.264,0.77925,0.7795,1.87,1.75
2016.03.31 11:23:01.987,0.77926,0.7795,1.00,2.25
2016.03.31 11:23:02.735,0.77926,0.7795,1.37,1.50
2016.03.31 11:23:02.837,0.77927,0.7795,1.50,1.12
2016.03.31 11:23:05.500,0.77929,0.77952,1.00,1.75
2016.03.31 11:23:05.652,0.7793,0.77954,1.00,1.50
2016.03.31 11:23:06.253,0.77931,0.77954,1.00,1.00
2016.03.31 11:23:06.770,0.7793,0.77952,1.00,1.00
2016.03.31 11:23:08.176,0.77927,0.77952,1.75,1.87
2016.03.31 11:23:08.227,0.77927,0.77952,1.50,2.25
2016.03.31 11:23:09.059,0.77925,0.7795,1.37,1.87
2016.03.31 11:23:09.110,0.77925,0.7795,1.00,2.25
2016.03.31 11:23:09.866,0.77925,0.7795,1.87,2.25
2016.03.31 11:23:09.917,0.77926,0.7795,1.75,1.87
2016.03.31 11:23:11.894,0.7793,0.77952,1.00,1.75
2016.03.31 11:23:12.121,0.77928,0.77952,1.12,1.75
2016.03.31 11:23:14.232,0.77929,0.77952,1.00,1.75
2016.03.31 11:23:16.598,0.77928,0.77949,1.00,1.37
2016.03.31 11:23:16.852,0.77923,0.77948,1.50,1.75
2016.03.31 11:23:19.407,0.77922,0.77946,1.37,1.37
2016.03.31 11:23:19.560,0.77921,0.77946,1.00,2.25
2016.03.31 11:23:20.082,0.77922,0.77946,1.00,1.75
2016.03.31 11:23:20.481,0.7792,0.77945,1.12,3.00
2016.03.31 11:23:20.669,0.77915,0.7794,2.25,1.37
2016.03.31 11:23:20.720,0.77915,0.7794,2.25,1.75
2016.03.31 11:23:21.073,0.77918,0.77942,1.00,1.75
2016.03.31 11:23:21.326,0.77919,0.77944,2.25,1.75
2016.03.31 11:23:22.675,0.77921,0.77942,1.00,1.12
2016.03.31 11:23:23.331,0.77918,0.77942,2.25,1.12
2016.03.31 11:23:23.681,0.7792,0.7794,1.12,1.00
2016.03.31 11:23:23.781,0.77918,0.77939,1.00,1.00
2016.03.31 11:23:24.034,0.77917,0.77938,1.00,1.50
2016.03.31 11:23:24.084,0.77914,0.77938,1.50,1.50
2016.03.31 11:23:24.987,0.77913,0.77936,1.75,1.00
2016.03.31 11:23:25.541,0.77916,0.77936,1.00,1.00
2016.03.31 11:23:26.592,0.77916,0.77937,1.00,1.12
2016.03.31 11:23:26.982,0.77913,0.77935,1.75,1.00
2016.03.31 11:23:27.083,0.77913,0.77935,1.00,1.50
2016.03.31 11:23:29.931,0.77912,0.77937,1.87,1.75
2016.03.31 11:23:30.031,0.77914,0.77937,1.00,1.75
2016.03.31 11:23:30.910,0.77913,0.77938,1.50,1.75
2016.03.31 11:23:31.817,0.77914,0.77937,1.00,1.75
2016.03.31 11:23:33.243,0.77914,0.77939,1.37,1.75
2016.03.31 11:23:34.021,0.77913,0.77938,1.75,1.50
2016.03.31 11:23:34.577,0.77913,0.77936,1.75,1.00
2016.03.31 11:23:35.079,0.77913,0.77938,1.75,1.50
2016.03.31 11:23:35.279,0.77913,0.77935,1.75,1.00
2016.03.31 11:23:36.589,0.77913,0.77938,1.75,1.50
2016.03.31 11:23:37.091,0.77916,0.77941,1.50,2.25
2016.03.31 11:23:37.768,0.77917,0.77941,1.00,2.25
2016.03.31 11:23:37.819,0.77917,0.77941,1.50,2.25
2016.03.31 11:23:40.401,0.77917,0.7794,1.00,1.00
2016.03.31 11:23:46.020,0.77917,0.77941,1.50,1.50
2016.03.31 11:23:46.428,0.77917,0.77934,1.50,1.00
2016.03.31 11:23:46.630,0.77901,0.77925,3.00,1.00
2016.03.31 11:23:46.781,0.77901,0.77925,2.25,1.87
2016.03.31 11:23:46.832,0.77901,0.77925,1.87,2.25
2016.03.31 11:23:47.430,0.77902,0.77927,1.00,1.75
2016.03.31 11:23:47.617,0.77905,0.77927,1.00,1.37
2016.03.31 11:23:47.671,0.77905,0.77927,1.00,1.00
2016.03.31 11:23:48.183,0.77904,0.77928,1.00,1.50
2016.03.31 11:23:48.838,0.77905,0.77928,1.00,1.00
2016.03.31 11:23:49.279,0.77905,0.77929,1.37,1.50
2016.03.31 11:23:49.917,0.77904,0.77927,1.75,1.00
2016.03.31 11:23:51.054,0.77903,0.77929,1.75,1.12
2016.03.31 11:23:54.879,0.77907,0.77932,1.00,1.75
2016.03.31 11:23:55.321,0.77904,0.77926,1.75,1.00
2016.03.31 11:23:56.152,0.77903,0.77926,1.00,1.00
2016.03.31 11:23:56.307,0.77906,0.7793,1.00,2.25
2016.03.31 11:23:56.830,0.77906,0.7793,1.00,1.75
2016.03.31 11:23:57.380,0.77905,0.7793,1.12,1.75
2016.03.31 11:23:57.699,0.77891,0.77915,1.75,1.12
2016.03.31 11:24:02.472,0.77896,0.77918,1.00,1.75
2016.03.31 11:24:02.724,0.77894,0.7792,1.00,1.75
2016.03.31 11:24:03.235,0.77891,0.77917,2.25,1.75
2016.03.31 11:24:03.459,0.77891,0.77905,1.75,1.00
2016.03.31 11:24:03.644,0.7789,0.77906,1.00,1.75
2016.03.31 11:24:03.695,0.77882,0.77906,1.12,1.75
2016.03.31 11:24:10.868,0.77879,0.77904,1.12,1.75
2016.03.31 11:24:12.782,0.77879,0.77905,1.75,1.50
2016.03.31 11:24:15.317,0.77878,0.77905,2.25,1.75
2016.03.31 11:24:15.368,0.77878,0.77905,1.75,1.50
2016.03.31 11:24:19.003,0.77882,0.77907,1.75,1.12
2016.03.31 11:24:30.234,0.77882,0.77908,1.12,1.75
2016.03.31 11:24:32.809,0.7788,0.77903,1.75,1.00
2016.03.31 11:24:33.112,0.77878,0.77904,1.37,2.25
2016.03.31 11:24:50.983,0.77879,0.77905,1.37,2.25
2016.03.31 11:25:01.511,0.77875,0.77901,3.00,1.00
2016.03.31 11:25:02.937,0.77876,0.77902,1.75,1.87
2016.03.31 11:25:11.088,0.77877,0.77901,1.75,1.00
2016.03.31 11:25:11.307,0.77877,0.77901,1.50,1.12
2016.03.31 11:25:19.430,0.77875,0.77901,1.00,1.75
2016.03.31 11:25:19.957,0.77874,0.77898,1.12,1.50
2016.03.31 11:25:26.517,0.77874,0.77895,1.12,1.37
2016.03.31 11:25:26.714,0.77871,0.77893,1.00,1.00
2016.03.31 11:25:26.865,0.77869,0.77893,1.50,1.50
2016.03.31 11:25:27.633,0.7787,0.77893,1.00,1.00
2016.03.31 11:25:28.184,0.77871,0.77893,1.00,1.00
2016.03.31 11:25:29.890,0.7787,0.77893,1.50,1.00
2016.03.31 11:25:30.042,0.77872,0.77893,1.00,1.00
2016.03.31 11:25:30.274,0.77872,0.77896,1.50,1.50
2016.03.31 11:25:30.577,0.77871,0.77893,1.75,1.35
2016.03.31 11:25:30.779,0.77863,0.77885,1.00,1.50
2016.03.31 11:25:31.312,0.77858,0.77883,1.75,1.00
2016.03.31 11:25:31.898,0.77859,0.77884,1.75,1.12
2016.03.31 11:25:32.261,0.77858,0.77883,2.25,1.75
2016.03.31 11:25:32.791,0.77859,0.77884,1.50,1.75
2016.03.31 11:25:34.420,0.7786,0.77883,1.00,1.75
2016.03.31 11:25:34.471,0.7786,0.77884,1.75,1.12
2016.03.31 11:25:40.060,0.77859,0.77882,1.75,1.00
2016.03.31 11:25:40.161,0.77859,0.77884,2.25,1.12
2016.03.31 11:25:40.449,0.77858,0.77882,2.25,1.00
2016.03.31 11:25:40.983,0.77859,0.77884,1.75,1.12
2016.03.31 11:25:42.952,0.77859,0.77883,1.75,1.00
2016.03.31 11:25:43.762,0.77859,0.77884,2.25,1.12
2016.03.31 11:25:45.050,0.77859,0.77883,1.75,1.00
2016.03.31 11:25:46.271,0.77859,0.77884,2.25,1.12
2016.03.31 11:25:54.743,0.7786,0.77885,1.50,2.25
2016.03.31 11:26:00.410,0.77862,0.77888,1.37,3.00
2016.03.31 11:26:00.461,0.77862,0.77888,1.75,3.00
2016.03.31 11:26:02.501,0.77861,0.77887,1.50,1.50
2016.03.31 11:26:02.551,0.77861,0.77887,1.50,1.75
2016.03.31 11:26:02.602,0.77861,0.77887,1.75,1.37
2016.03.31 11:26:02.863,0.77865,0.7789,2.25,1.87
2016.03.31 11:26:03.015,0.7787,0.77894,1.12,1.37
2016.03.31 11:26:03.066,0.7787,0.77895,1.50,1.87
2016.03.31 11:26:03.422,0.77871,0.77896,2.25,1.37
2016.03.31 11:26:03.674,0.77876,0.779,2.25,1.12
2016.03.31 11:26:04.244,0.77876,0.779,1.87,1.87
2016.03.31 11:26:04.345,0.77875,0.77898,1.00,1.00
2016.03.31 11:26:04.935,0.77874,0.77898,1.50,1.00
2016.03.31 11:26:08.601,0.77875,0.77898,1.00,1.00
2016.03.31 11:26:09.103,0.77874,0.77898,1.50,1.50
2016.03.31 11:26:12.652,0.77874,0.77898,1.12,1.50
2016.03.31 11:26:13.317,0.77873,0.77898,1.00,2.25
2016.03.31 11:26:13.971,0.77874,0.77898,1.00,1.75
2016.03.31 11:26:14.402,0.77872,0.77898,1.12,1.75
2016.03.31 11:26:14.504,0.77869,0.77894,1.87,1.37
2016.03.31 11:26:14.555,0.77869,0.77894,1.50,2.85
2016.03.31 11:26:14.606,0.77866,0.77891,1.37,3.00
2016.03.31 11:26:14.707,0.77865,0.77889,1.00,1.75
2016.03.31 11:26:15.931,0.77866,0.7789,1.00,2.25
2016.03.31 11:26:16.506,0.77865,0.77889,1.00,1.75
2016.03.31 11:26:17.936,0.77864,0.77889,1.00,1.75
2016.03.31 11:26:18.493,0.77863,0.77888,1.87,1.50
2016.03.31 11:26:19.490,0.77864,0.77889,1.00,1.75
2016.03.31 11:26:19.999,0.77865,0.7789,1.00,2.25
2016.03.31 11:26:20.512,0.77864,0.77889,1.00,1.75
2016.03.31 11:26:21.692,0.77865,0.7789,1.00,2.25
2016.03.31 11:26:22.110,0.77863,0.7789,1.12,1.75
2016.03.31 11:26:22.810,0.77865,0.77889,1.00,1.75
2016.03.31 11:26:23.962,0.77866,0.77891,1.00,2.25
2016.03.31 11:26:26.900,0.77865,0.7789,1.50,1.75
2016.03.31 11:26:27.398,0.77863,0.77887,1.12,1.37
2016.03.31 11:26:36.146,0.77862,0.77887,1.12,1.87
2016.03.31 11:26:36.497,0.77865,0.77887,1.00,1.75
2016.03.31 11:26:41.866,0.77864,0.77889,1.00,2.25
2016.03.31 11:26:42.419,0.77865,0.77889,1.00,2.25
2016.03.31 11:26:46.157,0.77863,0.77887,1.00,1.75
2016.03.31 11:26:46.750,0.77862,0.77884,1.12,1.12
2016.03.31 11:26:50.854,0.77862,0.77883,1.00,1.00
2016.03.31 11:26:51.351,0.77862,0.77886,1.50,1.50
2016.03.31 11:26:52.510,0.77862,0.77884,1.50,1.00
2016.03.31 11:26:53.386,0.77862,0.77885,1.50,1.12
2016.03.31 11:26:56.711,0.77862,0.77884,1.50,1.00
2016.03.31 11:26:57.245,0.77863,0.77885,1.12,1.12
2016.03.31 11:27:07.891,0.77862,0.77885,1.00,1.50
2016.03.31 11:27:11.371,0.77863,0.77887,1.00,1.75
2016.03.31 11:27:16.559,0.77862,0.77885,1.00,1.50
2016.03.31 11:27:21.870,0.77862,0.77883,1.00,2.10
2016.03.31 11:27:21.925,0.77857,0.77877,1.00,1.00
2016.03.31 11:27:22.034,0.77855,0.77877,1.50,1.00
2016.03.31 11:27:23.048,0.77854,0.77877,1.00,1.00
2016.03.31 11:27:23.099,0.77853,0.77877,1.00,3.00
2016.03.31 11:27:23.346,0.77849,0.77874,2.25,1.75
2016.03.31 11:27:23.397,0.77849,0.77873,1.00,1.75
2016.03.31 11:27:23.607,0.77847,0.77872,1.12,1.75
2016.03.31 11:27:23.826,0.77846,0.77868,1.00,1.00
2016.03.31 11:27:24.689,0.77845,0.77868,2.25,1.00
2016.03.31 11:27:25.207,0.77846,0.77868,1.00,1.00
2016.03.31 11:27:27.305,0.77847,0.77868,1.00,1.00
2016.03.31 11:27:33.465,0.77846,0.77868,1.50,1.00
2016.03.31 11:27:39.119,0.77846,0.7787,1.50,1.75
2016.03.31 11:27:40.240,0.77849,0.77872,1.00,1.75
2016.03.31 11:27:40.849,0.77848,0.77873,1.00,3.00
2016.03.31 11:27:42.557,0.77846,0.7787,1.00,1.75
2016.03.31 11:27:45.023,0.77847,0.77869,1.00,1.75
2016.03.31 11:27:45.326,0.77844,0.77869,1.50,3.00
2016.03.31 11:27:45.833,0.77845,0.77869,1.00,3.00
2016.03.31 11:27:48.461,0.77846,0.77869,1.00,2.25
2016.03.31 11:27:53.374,0.77847,0.77869,1.00,3.00
2016.03.31 11:27:54.291,0.77847,0.77869,1.00,1.75
2016.03.31 11:27:54.392,0.77847,0.77869,1.00,1.75
2016.03.31 11:27:55.599,0.77847,0.77869,1.00,3.00
2016.03.31 11:27:55.700,0.77845,0.77869,1.00,3.00
2016.03.31 11:27:56.240,0.77844,0.77868,1.00,1.75
2016.03.31 11:27:57.485,0.77843,0.77867,1.00,1.75
2016.03.31 11:27:59.426,0.77841,0.77866,1.87,1.75
2016.03.31 11:27:59.577,0.77839,0.77866,2.25,2.25
2016.03.31 11:28:00.088,0.77839,0.77864,1.87,1.75
2016.03.31 11:28:00.400,0.77843,0.77866,1.12,1.50
2016.03.31 11:28:00.553,0.77845,0.77869,1.00,1.50
2016.03.31 11:28:05.688,0.77846,0.77869,1.00,1.00
2016.03.31 11:28:06.289,0.77847,0.77869,1.00,1.00
2016.03.31 11:28:07.215,0.77847,0.77873,1.37,2.25
2016.03.31 11:28:07.265,0.77847,0.77873,1.75,2.25
2016.03.31 11:28:12.884,0.7785,0.77875,1.00,2.25
2016.03.31 11:28:13.926,0.7785,0.77875,1.37,1.50
2016.03.31 11:28:14.027,0.7785,0.77875,1.75,1.12
2016.03.31 11:28:14.572,0.77854,0.77878,1.00,1.75
2016.03.31 11:28:17.284,0.77855,0.77878,1.00,1.75
2016.03.31 11:28:18.148,0.77854,0.77879,1.00,1.75
2016.03.31 11:28:20.585,0.77853,0.77878,1.12,1.75
2016.03.31 11:28:21.795,0.77854,0.77879,1.00,2.25
2016.03.31 11:28:26.879,0.77855,0.7788,1.00,3.00
2016.03.31 11:28:27.390,0.77853,0.77878,1.12,2.25
2016.03.31 11:28:31.373,0.77854,0.77878,1.00,1.75
2016.03.31 11:28:32.182,0.77853,0.77878,1.12,1.75
2016.03.31 11:28:32.717,0.77854,0.77878,1.00,1.75
2016.03.31 11:28:32.869,0.77852,0.77875,1.12,1.37
2016.03.31 11:28:33.194,0.77849,0.77874,1.50,1.75
2016.03.31 11:28:33.295,0.77849,0.77874,1.12,3.00
2016.03.31 11:28:33.346,0.77847,0.77874,1.72,3.75
2016.03.31 11:28:33.946,0.77848,0.77874,1.50,3.00
2016.03.31 11:28:34.453,0.77849,0.77874,1.00,2.25
2016.03.31 11:28:35.042,0.7785,0.77874,1.00,2.25
2016.03.31 11:28:37.531,0.77849,0.77874,1.00,2.25
2016.03.31 11:28:38.038,0.7785,0.77874,1.00,2.25
2016.03.31 11:28:38.691,0.77851,0.77874,1.00,2.25
2016.03.31 11:28:41.690,0.77851,0.77875,1.00,1.75
2016.03.31 11:28:42.705,0.77853,0.77875,1.00,1.75
2016.03.31 11:28:43.066,0.77851,0.77875,1.00,1.75
2016.03.31 11:28:43.643,0.7785,0.77875,1.87,1.75
2016.03.31 11:28:44.160,0.77851,0.77877,1.00,1.75
2016.03.31 11:28:44.712,0.77853,0.77877,1.00,1.75
2016.03.31 11:28:45.105,0.77855,0.77878,1.00,1.75
2016.03.31 11:28:45.156,0.77855,0.77878,1.12,1.37
2016.03.31 11:28:45.207,0.77856,0.7788,1.12,1.75
2016.03.31 11:28:45.315,0.77859,0.77882,1.00,1.75
2016.03.31 11:28:45.416,0.77863,0.77888,1.50,2.25
2016.03.31 11:28:45.635,0.77866,0.77889,1.00,1.75
2016.03.31 11:28:45.786,0.77868,0.77892,1.12,1.50
2016.03.31 11:28:45.887,0.7787,0.77895,1.00,3.00
2016.03.31 11:28:46.388,0.77868,0.77893,1.12,2.25
2016.03.31 11:28:47.150,0.77867,0.77893,1.75,1.87
2016.03.31 11:28:47.201,0.77869,0.77893,1.75,1.12
2016.03.31 11:28:53.563,0.7787,0.77895,1.37,2.25
2016.03.31 11:28:54.095,0.7787,0.77894,1.00,1.75
2016.03.31 11:28:54.750,0.77871,0.77894,1.00,1.75
2016.03.31 11:28:55.318,0.77871,0.77894,1.12,1.50
2016.03.31 11:28:57.158,0.77872,0.77895,1.00,2.25
2016.03.31 11:28:58.011,0.77871,0.77895,1.12,2.25
2016.03.31 11:28:58.485,0.77871,0.77895,1.50,1.87
2016.03.31 11:28:58.536,0.77871,0.77895,1.75,1.50
2016.03.31 11:28:59.186,0.77876,0.77899,1.00,1.75
2016.03.31 11:28:59.661,0.77874,0.77898,1.12,1.75
2016.03.31 11:29:00.442,0.77876,0.77901,1.00,4.35
2016.03.31 11:29:00.492,0.77876,0.779,1.87,1.50
2016.03.31 11:29:00.694,0.77873,0.77897,1.37,1.37
2016.03.31 11:29:00.745,0.77873,0.77897,1.12,1.75
2016.03.31 11:29:02.118,0.77871,0.77895,1.75,1.50
2016.03.31 11:29:02.269,0.77874,0.77898,1.75,1.12
2016.03.31 11:29:11.585,0.77875,0.77897,1.50,1.00
2016.03.31 11:29:11.635,0.77875,0.77897,1.12,1.37
2016.03.31 11:29:11.736,0.77873,0.77897,1.12,1.75
2016.03.31 11:29:12.606,0.77868,0.77893,3.75,1.00
2016.03.31 11:29:12.757,0.77867,0.7789,1.50,1.12
2016.03.31 11:29:13.290,0.7787,0.77895,2.25,1.50
2016.03.31 11:29:13.592,0.77872,0.77897,1.50,1.12
2016.03.31 11:29:15.434,0.77873,0.77895,1.37,1.00
2016.03.31 11:29:16.879,0.77872,0.77895,1.12,1.50
2016.03.31 11:29:19.734,0.77869,0.77894,1.12,2.25
2016.03.31 11:29:21.923,0.7787,0.77894,1.00,1.75
2016.03.31 11:29:22.454,0.77871,0.77895,1.00,2.25
2016.03.31 11:29:23.126,0.77872,0.77895,1.00,1.75
2016.03.31 11:29:23.762,0.77871,0.77895,1.00,1.75
2016.03.31 11:29:23.963,0.77871,0.77896,2.25,1.75
2016.03.31 11:29:24.064,0.77872,0.77896,1.75,1.00
2016.03.31 11:29:24.605,0.77873,0.77899,1.50,1.75
2016.03.31 11:29:27.061,0.77874,0.779,1.75,2.62
2016.03.31 11:29:28.911,0.77873,0.77899,1.75,1.00
2016.03.31 11:29:30.132,0.77875,0.779,1.75,2.62
2016.03.31 11:29:30.435,0.77877,0.77904,2.25,1.12
2016.03.31 11:29:30.771,0.77877,0.779,3.00,1.00
2016.03.31 11:29:32.882,0.77877,0.77903,2.25,1.50
2016.03.31 11:29:32.932,0.77877,0.77901,2.25,1.00
2016.03.31 11:29:33.858,0.77877,0.779,2.25,1.00
2016.03.31 11:29:34.413,0.77877,0.77901,2.25,1.00
2016.03.31 11:29:35.245,0.77877,0.779,2.25,1.00
2016.03.31 11:29:38.069,0.77877,0.77902,2.25,1.00
2016.03.31 11:29:38.509,0.77877,0.779,2.25,2.25
2016.03.31 11:29:38.813,0.77874,0.77895,1.75,1.00
2016.03.31 11:29:39.193,0.77874,0.77897,2.25,1.00
2016.03.31 11:29:40.009,0.77877,0.77898,1.75,1.00
2016.03.31 11:29:40.110,0.77878,0.77899,1.75,1.00
2016.03.31 11:29:40.412,0.77885,0.77902,1.00,1.00
2016.03.31 11:29:42.410,0.77886,0.77904,1.00,1.00
2016.03.31 11:29:42.511,0.77891,0.77913,1.50,1.52
2016.03.31 11:29:42.562,0.77891,0.77913,1.50,1.00
2016.03.31 11:29:42.814,0.77893,0.77914,1.75,1.00
2016.03.31 11:29:43.127,0.77892,0.77917,1.75,1.00
2016.03.31 11:29:43.228,0.7789,0.77915,3.75,1.00
2016.03.31 11:29:43.329,0.7789,0.77914,1.50,1.50
2016.03.31 11:29:43.980,0.77889,0.7791,1.75,1.00
2016.03.31 11:29:44.081,0.77887,0.77913,1.75,1.12
2016.03.31 11:29:44.359,0.77887,0.77911,1.75,1.00
2016.03.31 11:29:44.532,0.77887,0.77913,1.75,1.12
2016.03.31 11:29:45.736,0.77887,0.7791,1.75,1.00
2016.03.31 11:29:46.038,0.77883,0.77909,3.00,1.12
2016.03.31 11:29:46.139,0.77882,0.77907,1.75,1.50
2016.03.31 11:29:46.708,0.7788,0.77905,3.00,1.87
2016.03.31 11:29:46.759,0.77878,0.77904,1.75,1.87
2016.03.31 11:29:48.051,0.77877,0.77903,3.75,1.00
2016.03.31 11:29:48.575,0.77877,0.77902,3.75,1.50
2016.03.31 11:29:48.625,0.77877,0.779,3.75,1.00
2016.03.31 11:29:48.803,0.77877,0.77902,3.75,1.50
2016.03.31 11:29:48.957,0.77877,0.779,3.75,1.00
2016.03.31 11:29:49.158,0.77877,0.77902,3.75,1.50
2016.03.31 11:29:49.510,0.77877,0.779,3.00,1.00
2016.03.31 11:29:49.712,0.77877,0.77902,3.00,1.00
2016.03.31 11:29:49.813,0.77877,0.77904,3.00,1.87
2016.03.31 11:29:50.015,0.77877,0.77902,3.75,1.00
2016.03.31 11:29:50.216,0.77879,0.77905,1.75,1.50
2016.03.31 11:29:50.419,0.77876,0.77902,1.75,1.50
2016.03.31 11:29:52.205,0.77877,0.77902,1.75,1.00
2016.03.31 11:29:53.052,0.77878,0.77904,1.75,1.12
2016.03.31 11:29:53.102,0.77877,0.779,2.25,1.00
2016.03.31 11:29:54.223,0.77878,0.779,1.50,1.00
2016.03.31 11:29:55.363,0.77875,0.77898,1.75,1.00
2016.03.31 11:29:56.133,0.77874,0.77899,3.00,1.00
2016.03.31 11:29:56.259,0.77874,0.77899,1.75,1.50
2016.03.31 11:29:58.823,0.77879,0.77898,1.00,1.00
2016.03.31 11:30:00.880,0.77879,0.77902,1.00,1.50
2016.03.31 11:30:01.389,0.77879,0.779,1.00,1.00
2016.03.31 11:30:01.921,0.77879,0.77899,1.00,1.00
2016.03.31 11:30:03.360,0.77875,0.77899,1.50,2.25
2016.03.31 11:30:03.511,0.77873,0.77896,1.75,1.00
2016.03.31 11:30:06.958,0.77873,0.77897,1.75,1.00
2016.03.31 11:30:12.093,0.7787,0.77895,1.75,1.12
2016.03.31 11:30:12.655,0.7787,0.77892,1.75,1.00
2016.03.31 11:30:13.155,0.77869,0.77889,1.75,1.00
2016.03.31 11:30:13.773,0.77869,0.77892,1.75,1.00
2016.03.31 11:30:14.473,0.77869,0.7789,1.50,1.50
2016.03.31 11:30:14.574,0.77865,0.77889,1.75,1.12
2016.03.31 11:30:14.624,0.77862,0.77887,3.00,1.00
2016.03.31 11:30:14.725,0.77866,0.7789,1.50,1.50
2016.03.31 11:30:14.776,0.77867,0.77891,1.75,1.00
2016.03.31 11:30:15.078,0.77868,0.77893,1.75,1.00
2016.03.31 11:30:15.733,0.77868,0.77892,1.75,1.00
2016.03.31 11:30:16.704,0.77875,0.77895,1.87,1.50
2016.03.31 11:30:17.006,0.77882,0.779,2.25,1.00
2016.03.31 11:30:17.057,0.77883,0.77903,1.75,1.00
2016.03.31 11:30:17.108,0.77883,0.77908,1.75,1.00
2016.03.31 11:30:17.577,0.77885,0.7791,2.25,1.12
2016.03.31 11:30:18.502,0.77885,0.77904,1.37,1.00
2016.03.31 11:30:18.553,0.77882,0.77904,2.25,1.00
2016.03.31 11:30:18.604,0.77882,0.77908,2.25,1.37
2016.03.31 11:30:19.180,0.77882,0.77908,1.75,1.50
2016.03.31 11:30:19.698,0.77886,0.77909,1.87,1.00
2016.03.31 11:30:20.052,0.77888,0.77912,1.75,1.00
2016.03.31 11:30:21.468,0.7789,0.77916,1.50,1.50
2016.03.31 11:30:21.519,0.77893,0.77916,1.87,1.12
2016.03.31 11:30:21.570,0.77893,0.77918,3.00,1.50
2016.03.31 11:30:21.671,0.77895,0.77921,1.75,1.12
2016.03.31 11:30:21.722,0.77895,0.77921,3.00,1.00
2016.03.31 11:30:22.704,0.77895,0.77919,2.25,1.00
2016.03.31 11:30:23.624,0.77894,0.77919,2.25,1.87
2016.03.31 11:30:23.674,0.77893,0.77917,1.75,1.50
2016.03.31 11:30:23.963,0.77891,0.77912,2.25,1.00
2016.03.31 11:30:24.014,0.7789,0.77912,1.75,1.00
2016.03.31 11:30:24.628,0.7789,0.77913,1.75,1.00
2016.03.31 11:30:25.144,0.7789,0.77914,1.75,1.00
2016.03.31 11:30:25.678,0.77888,0.77912,2.25,1.00
2016.03.31 11:30:26.084,0.77893,0.77917,2.10,2.25
2016.03.31 11:30:26.135,0.779,0.77917,1.87,1.12
2016.03.31 11:30:26.185,0.77905,0.7792,1.00,1.00
2016.03.31 11:30:26.236,0.77904,0.7792,1.75,1.00
2016.03.31 11:30:26.287,0.77904,0.77922,1.75,1.00
2016.03.31 11:30:26.388,0.77899,0.77926,1.75,1.37
2016.03.31 11:30:26.636,0.77903,0.77926,1.37,1.00
2016.03.31 11:30:26.938,0.77905,0.7793,2.25,1.50
2016.03.31 11:30:27.483,0.77905,0.77932,2.25,1.50
2016.03.31 11:30:27.702,0.77905,0.7793,2.25,1.00
2016.03.31 11:30:28.118,0.77904,0.77931,2.25,1.37
2016.03.31 11:30:28.220,0.77904,0.77931,1.75,1.50
2016.03.31 11:30:29.140,0.77903,0.77929,1.75,1.00
2016.03.31 11:30:29.443,0.77912,0.77932,1.97,1.37
2016.03.31 11:30:29.595,0.77915,0.7794,1.75,1.50
2016.03.31 11:30:30.329,0.77916,0.77943,1.75,1.50
2016.03.31 11:30:30.632,0.77915,0.77939,1.75,1.12
2016.03.31 11:30:30.948,0.77907,0.77933,1.75,1.75
2016.03.31 11:30:33.007,0.77912,0.77933,2.62,1.37
2016.03.31 11:30:33.058,0.77916,0.77933,1.35,1.00
2016.03.31 11:30:33.109,0.77918,0.77942,1.50,1.37
2016.03.31 11:30:33.361,0.77915,0.7794,2.25,1.12
2016.03.31 11:30:34.179,0.77915,0.77938,1.75,1.00
2016.03.31 11:30:34.230,0.77912,0.77938,1.75,1.50
2016.03.31 11:30:34.652,0.7791,0.77935,3.00,1.00
2016.03.31 11:30:34.753,0.77909,0.77936,1.12,2.25
2016.03.31 11:30:35.328,0.77914,0.77937,1.00,3.00
2016.03.31 11:30:35.429,0.77914,0.7794,1.50,1.75
2016.03.31 11:30:35.832,0.77913,0.77937,1.00,1.75
2016.03.31 11:30:36.034,0.77913,0.7794,2.25,2.25
2016.03.31 11:30:36.417,0.77919,0.7794,1.97,1.37
2016.03.31 11:30:36.468,0.7792,0.7794,1.35,1.00
2016.03.31 11:30:36.519,0.77928,0.77949,1.00,1.75
2016.03.31 11:30:36.670,0.77928,0.77953,1.12,1.75
2016.03.31 11:30:37.368,0.77929,0.77955,1.00,1.75
2016.03.31 11:30:37.420,0.77929,0.77955,1.75,1.50
2016.03.31 11:30:37.521,0.77929,0.77955,1.75,1.37
2016.03.31 11:30:37.723,0.77929,0.77957,2.25,2.25
2016.03.31 11:30:38.522,0.77927,0.77952,1.75,1.12
2016.03.31 11:30:38.824,0.77926,0.77953,1.50,1.75
2016.03.31 11:30:40.809,0.7793,0.77952,1.60,1.75
2016.03.31 11:30:40.859,0.77934,0.77956,1.00,1.50
2016.03.31 11:30:41.083,0.77937,0.77959,1.50,1.00
2016.03.31 11:30:41.134,0.77938,0.77962,1.00,1.00
2016.03.31 11:30:41.682,0.77939,0.77962,1.00,1.00
2016.03.31 11:30:41.884,0.77938,0.7796,1.00,1.00
2016.03.31 11:30:42.213,0.77931,0.77955,2.25,1.00
2016.03.31 11:30:42.465,0.77929,0.77956,1.75,1.75
2016.03.31 11:30:45.181,0.77928,0.77952,1.75,1.00
2016.03.31 11:30:45.282,0.77928,0.77952,1.12,1.75
2016.03.31 11:30:45.673,0.77925,0.77951,1.50,1.75
2016.03.31 11:30:46.077,0.77921,0.77944,1.12,1.50
2016.03.31 11:30:46.228,0.77917,0.7794,1.00,1.00
2016.03.31 11:30:46.611,0.77911,0.77935,3.00,1.00
2016.03.31 11:30:46.662,0.77911,0.77937,2.25,1.75
2016.03.31 11:30:47.092,0.77915,0.77936,1.00,1.50
2016.03.31 11:30:47.243,0.77919,0.77944,1.75,1.12
2016.03.31 11:30:47.769,0.77915,0.77942,1.75,1.50
2016.03.31 11:30:48.303,0.77914,0.7794,4.35,1.00
2016.03.31 11:30:48.588,0.77914,0.7794,2.85,1.75
2016.03.31 11:30:50.145,0.77917,0.7794,1.00,1.75
2016.03.31 11:30:50.665,0.77915,0.77939,1.50,1.50
2016.03.31 11:30:56.523,0.7792,0.7794,2.10,1.75
2016.03.31 11:30:56.624,0.77923,0.7794,1.67,1.00
2016.03.31 11:30:56.675,0.77925,0.7795,1.87,2.25
2016.03.31 11:30:56.775,0.77925,0.7795,2.25,1.50
2016.03.31 11:30:57.286,0.77928,0.7795,1.00,1.50
2016.03.31 11:30:57.800,0.77925,0.77951,2.10,1.75
2016.03.31 11:30:59.872,0.7793,0.77952,1.37,1.37
2016.03.31 11:30:59.923,0.77934,0.77955,1.60,1.00
2016.03.31 11:30:59.974,0.77934,0.77955,2.10,1.00
2016.03.31 11:31:00.074,0.77936,0.77964,1.75,1.75
2016.03.31 11:31:01.323,0.7794,0.77964,1.00,1.00
2016.03.31 11:31:04.031,0.7794,0.7796,1.00,1.00
2016.03.31 11:31:04.562,0.7794,0.77964,1.00,2.25
2016.03.31 11:31:05.561,0.7794,0.77955,1.00,1.00
2016.03.31 11:31:05.612,0.77935,0.77955,1.00,1.00
2016.03.31 11:31:05.713,0.77935,0.77952,1.00,1.00
2016.03.31 11:31:05.764,0.77928,0.77952,1.00,1.00
2016.03.31 11:31:05.814,0.77924,0.77952,1.12,3.00
2016.03.31 11:31:06.224,0.7792,0.77948,1.12,3.75
2016.03.31 11:31:07.835,0.77918,0.77944,1.60,3.00
2016.03.31 11:31:08.208,0.7793,0.77944,1.37,1.87
2016.03.31 11:31:08.259,0.7793,0.77947,1.75,1.00
2016.03.31 11:31:08.360,0.77933,0.77958,1.00,2.25
2016.03.31 11:31:08.512,0.77933,0.77958,1.37,1.87
2016.03.31 11:31:08.562,0.77933,0.7796,1.75,2.25
2016.03.31 11:31:10.109,0.77937,0.77961,1.00,1.75
2016.03.31 11:31:10.335,0.77937,0.77961,2.25,1.00
2016.03.31 11:31:10.392,0.77939,0.77964,1.75,1.12
2016.03.31 11:31:10.975,0.77939,0.77963,1.75,1.00
2016.03.31 11:31:11.126,0.77937,0.7796,1.50,1.00
2016.03.31 11:31:11.177,0.77937,0.7796,1.50,1.00
2016.03.31 11:31:11.906,0.77937,0.77961,2.25,1.50
2016.03.31 11:31:12.612,0.77939,0.77961,1.00,1.00
2016.03.31 11:31:13.181,0.77938,0.77961,1.00,1.00
2016.03.31 11:31:13.493,0.77938,0.77963,1.75,1.87
2016.03.31 11:31:13.983,0.77941,0.77965,1.75,1.00
2016.03.31 11:31:14.540,0.77943,0.77967,2.10,1.50
2016.03.31 11:31:15.042,0.77945,0.77967,1.00,1.00
2016.03.31 11:31:15.199,0.77945,0.77969,1.00,1.00
2016.03.31 11:31:16.922,0.77945,0.7797,2.25,1.50
2016.03.31 11:31:17.449,0.77945,0.77967,1.50,1.00
2016.03.31 11:31:17.651,0.77945,0.77969,1.50,1.00
2016.03.31 11:31:18.202,0.77946,0.7797,1.00,1.50
2016.03.31 11:31:18.769,0.77945,0.77969,2.25,1.00
2016.03.31 11:31:19.282,0.77946,0.7797,1.12,1.50
2016.03.31 11:31:19.817,0.77947,0.77971,1.60,1.75
2016.03.31 11:31:20.119,0.77955,0.77979,1.00,1.75
2016.03.31 11:31:20.170,0.77955,0.77979,1.12,1.75
2016.03.31 11:31:20.221,0.77959,0.77983,1.00,2.25
2016.03.31 11:31:20.444,0.77958,0.77985,1.50,2.25
2016.03.31 11:31:21.431,0.7796,0.77984,1.00,1.75
2016.03.31 11:31:21.983,0.77959,0.77984,1.12,1.75
2016.03.31 11:31:24.190,0.7796,0.77983,1.00,1.75
2016.03.31 11:31:24.644,0.77962,0.77984,1.00,1.75
2016.03.31 11:31:25.163,0.77961,0.77983,1.00,1.75
2016.03.31 11:31:25.434,0.77965,0.77988,1.00,1.35
2016.03.31 11:31:25.485,0.77962,0.77987,2.25,1.50
2016.03.31 11:31:25.585,0.77962,0.77987,1.00,1.75
2016.03.31 11:31:26.107,0.77959,0.77984,1.75,1.50
2016.03.31 11:31:26.983,0.77959,0.77984,1.00,1.75
2016.03.31 11:31:27.513,0.77958,0.77983,1.00,1.75
2016.03.31 11:31:29.572,0.77956,0.7798,2.25,1.50
2016.03.31 11:31:30.167,0.77958,0.77983,1.00,1.75
2016.03.31 11:31:30.672,0.77956,0.77983,1.50,1.75
2016.03.31 11:31:31.486,0.77956,0.77981,1.00,2.25
2016.03.31 11:31:31.989,0.77954,0.77978,1.12,1.50
2016.03.31 11:31:32.090,0.77954,0.77979,1.50,3.00
2016.03.31 11:31:32.478,0.7795,0.77975,1.00,2.25
2016.03.31 11:31:32.794,0.77949,0.77974,1.75,1.50
2016.03.31 11:31:35.529,0.7795,0.77974,2.25,1.00
2016.03.31 11:31:35.579,0.77951,0.77976,2.25,1.12
2016.03.31 11:31:36.308,0.77952,0.77977,1.00,2.25
2016.03.31 11:31:37.761,0.77953,0.77977,1.00,1.75
2016.03.31 11:31:38.549,0.77953,0.77978,1.12,1.75
2016.03.31 11:31:41.340,0.77951,0.77976,1.00,1.75
2016.03.31 11:31:41.862,0.77949,0.77974,2.10,1.75
2016.03.31 11:31:42.932,0.77948,0.77973,1.00,3.00
2016.03.31 11:31:43.453,0.77947,0.77972,1.50,1.37
2016.03.31 11:31:45.972,0.7795,0.77975,1.00,2.25
2016.03.31 11:31:46.873,0.77949,0.77974,1.12,1.75
2016.03.31 11:31:47.414,0.7795,0.77975,1.00,2.25
2016.03.31 11:31:48.016,0.77949,0.77974,1.12,1.75
2016.03.31 11:31:50.641,0.77947,0.77969,1.50,1.00
2016.03.31 11:31:51.182,0.77949,0.77974,1.00,1.75
2016.03.31 11:31:51.708,0.77948,0.77972,1.12,1.50
2016.03.31 11:31:52.285,0.77949,0.77974,1.00,2.25
2016.03.31 11:31:52.886,0.77946,0.7797,1.50,1.12
2016.03.31 11:31:53.275,0.77944,0.7797,2.10,1.75
2016.03.31 11:31:54.894,0.77946,0.77969,1.00,1.75
2016.03.31 11:31:54.995,0.77946,0.77969,1.00,1.50
2016.03.31 11:31:55.509,0.77944,0.77971,2.25,2.25
2016.03.31 11:31:55.961,0.77944,0.77971,2.25,2.25
2016.03.31 11:31:56.151,0.77944,0.77971,2.25,2.25
2016.03.31 11:31:56.252,0.77946,0.77971,1.37,2.25
2016.03.31 11:31:56.303,0.77946,0.77971,1.75,2.25
2016.03.31 11:31:58.923,0.77947,0.77968,1.37,1.00
2016.03.31 11:31:58.975,0.77946,0.77968,1.00,1.12
2016.03.31 11:31:59.177,0.77945,0.77967,1.00,1.75
2016.03.31 11:31:59.379,0.77942,0.77966,4.12,1.75
2016.03.31 11:31:59.480,0.77942,0.77964,3.75,1.75
2016.03.31 11:32:00.323,0.77942,0.7796,3.75,2.25
2016.03.31 11:32:01.190,0.77942,0.7796,3.75,1.50
2016.03.31 11:32:05.255,0.77941,0.7796,3.52,1.50
2016.03.31 11:32:05.756,0.77942,0.7796,3.52,1.50
2016.03.31 11:32:09.656,0.77941,0.7796,3.52,1.50
2016.03.31 11:32:10.298,0.77942,0.7796,3.52,3.00
2016.03.31 11:32:10.500,0.77942,0.7796,3.52,3.00
2016.03.31 11:32:10.701,0.77942,0.77959,3.52,1.12
2016.03.31 11:32:10.965,0.77942,0.77957,1.36,1.50
2016.03.31 11:32:11.511,0.77942,0.77956,1.06,1.12
2016.03.31 11:32:12.211,0.77942,0.77955,1.31,1.00
2016.03.31 11:32:12.713,0.77942,0.77957,1.31,1.50
2016.03.31 11:32:14.925,0.77942,0.77959,1.31,1.12
2016.03.31 11:32:15.226,0.77942,0.77962,1.31,1.12
2016.03.31 11:32:16.045,0.77942,0.77963,1.36,1.00
2016.03.31 11:32:16.661,0.77942,0.77964,1.36,1.87
2016.03.31 11:32:17.340,0.77942,0.77967,2.48,1.12
2016.03.31 11:32:23.400,0.77946,0.77969,1.00,1.50
2016.03.31 11:32:23.551,0.77947,0.7797,1.50,1.00
2016.03.31 11:32:23.652,0.7795,0.77974,1.00,1.50
2016.03.31 11:32:29.891,0.77947,0.77974,2.25,1.50
2016.03.31 11:32:29.942,0.77943,0.7797,4.50,1.50
2016.03.31 11:32:29.993,0.77943,0.7797,3.00,1.87
2016.03.31 11:32:30.776,0.77943,0.77967,1.75,1.00
2016.03.31 11:32:31.753,0.77942,0.77967,1.50,1.37
2016.03.31 11:32:31.854,0.77941,0.77967,3.23,1.75
2016.03.31 11:32:36.926,0.77943,0.77967,1.00,1.75
2016.03.31 11:32:37.080,0.77944,0.77967,1.00,1.00
2016.03.31 11:32:37.603,0.77944,0.77968,1.00,1.00
2016.03.31 11:32:39.413,0.77944,0.77967,1.50,1.00
2016.03.31 11:32:39.950,0.77944,0.77968,1.50,1.00
2016.03.31 11:32:40.163,0.77946,0.77968,1.00,1.00
2016.03.31 11:32:40.264,0.77944,0.77968,1.50,1.00
2016.03.31 11:32:40.315,0.77944,0.77969,1.12,3.00
2016.03.31 11:32:40.446,0.77942,0.77969,2.48,3.00
2016.03.31 11:32:41.332,0.77945,0.77967,1.00,1.75
2016.03.31 11:32:41.603,0.77946,0.7797,1.00,1.50
2016.03.31 11:32:42.122,0.77947,0.77972,1.00,1.75
2016.03.31 11:32:42.654,0.77948,0.77972,1.00,1.75
2016.03.31 11:32:42.706,0.77948,0.7797,1.12,1.00
2016.03.31 11:32:43.264,0.77949,0.77973,1.00,1.75
2016.03.31 11:32:43.794,0.77947,0.77973,2.25,1.75
2016.03.31 11:32:45.092,0.7795,0.77975,1.37,1.75
2016.03.31 11:32:45.143,0.7795,0.77977,1.75,2.25
2016.03.31 11:32:51.489,0.77953,0.77977,1.00,1.75
2016.03.31 11:32:52.233,0.77952,0.77976,1.12,1.75
2016.03.31 11:32:52.834,0.77955,0.77979,1.00,3.00
2016.03.31 11:32:53.459,0.77956,0.77979,1.00,1.75
2016.03.31 11:32:53.561,0.77954,0.77979,1.00,2.25
2016.03.31 11:32:53.672,0.77956,0.77979,1.00,1.75
2016.03.31 11:32:53.774,0.77954,0.77978,1.00,1.75
2016.03.31 11:32:54.472,0.77953,0.77977,1.00,1.75
2016.03.31 11:32:55.763,0.77954,0.77977,1.00,1.75
2016.03.31 11:32:56.082,0.77959,0.7798,1.00,2.25
2016.03.31 11:32:56.133,0.77959,0.77982,1.00,1.75
2016.03.31 11:32:56.234,0.7796,0.77985,1.50,2.25
2016.03.31 11:32:56.781,0.77962,0.77985,1.00,1.75
2016.03.31 11:32:57.328,0.77961,0.77985,1.12,1.75
2016.03.31 11:32:57.480,0.77963,0.77985,1.00,1.75
2016.03.31 11:32:57.631,0.77963,0.77987,1.50,2.25
2016.03.31 11:32:58.871,0.77961,0.77984,1.75,1.00
2016.03.31 11:32:59.073,0.77954,0.77978,2.10,1.12
2016.03.31 11:32:59.636,0.77953,0.77977,1.75,1.00
2016.03.31 11:33:00.251,0.77952,0.77977,2.25,1.75
2016.03.31 11:33:02.122,0.77953,0.77978,2.25,1.37
2016.03.31 11:33:02.173,0.77955,0.77981,1.50,2.25
2016.03.31 11:33:05.800,0.77952,0.77977,1.75,1.00
2016.03.31 11:33:05.850,0.77952,0.77977,1.37,1.37
2016.03.31 11:33:05.901,0.7795,0.77976,1.75,1.75
2016.03.31 11:33:06.360,0.77949,0.77975,1.12,1.75
2016.03.31 11:33:11.740,0.7795,0.77974,1.00,1.75
2016.03.31 11:33:11.791,0.77951,0.77974,1.00,1.00
2016.03.31 11:33:12.443,0.77951,0.77975,1.50,1.00
2016.03.31 11:33:13.133,0.77952,0.77975,1.00,1.00
2016.03.31 11:33:15.443,0.77953,0.77975,1.00,1.00
2016.03.31 11:33:15.936,0.77951,0.77975,2.25,1.00
2016.03.31 11:33:16.388,0.77951,0.77975,1.00,2.25
2016.03.31 11:33:16.891,0.77949,0.77973,1.12,1.50
2016.03.31 11:33:17.381,0.77952,0.77975,1.00,1.75
2016.03.31 11:33:17.750,0.7795,0.77974,1.50,1.75
2016.03.31 11:33:22.711,0.77946,0.7797,2.10,1.00
2016.03.31 11:33:23.014,0.77945,0.77969,1.50,1.75
2016.03.31 11:33:23.608,0.77946,0.7797,1.00,2.25
2016.03.31 11:33:27.101,0.77944,0.77966,1.12,1.12
2016.03.31 11:33:27.156,0.77942,0.77963,1.73,1.00
2016.03.31 11:33:27.206,0.77942,0.77963,1.31,1.50
2016.03.31 11:33:27.408,0.77942,0.7796,1.31,1.00
2016.03.31 11:33:28.433,0.77942,0.77959,1.31,1.00
2016.03.31 11:33:29.036,0.77942,0.7796,1.31,1.00
2016.03.31 11:33:31.301,0.77942,0.77959,1.31,1.00
2016.03.31 11:33:31.603,0.77934,0.77958,1.50,1.75
2016.03.31 11:33:32.256,0.77933,0.77957,1.12,1.75
2016.03.31 11:33:34.759,0.77932,0.77956,1.00,1.00
2016.03.31 11:33:35.272,0.77933,0.77957,1.00,1.00
2016.03.31 11:33:35.625,0.77937,0.77958,1.00,1.50
2016.03.31 11:33:35.826,0.77934,0.77958,1.00,1.50
2016.03.31 11:33:35.927,0.77934,0.77958,1.75,1.50
2016.03.31 11:33:36.366,0.77936,0.7796,1.75,1.12
2016.03.31 11:33:36.946,0.77939,0.77961,1.00,1.50
2016.03.31 11:33:37.683,0.77937,0.77961,1.50,1.50
2016.03.31 11:33:39.330,0.7794,0.77961,1.00,1.50
2016.03.31 11:33:39.536,0.7794,0.77962,1.50,1.00
2016.03.31 11:33:40.254,0.7794,0.77963,1.50,1.12
2016.03.31 11:33:42.275,0.7794,0.77962,1.50,1.00
2016.03.31 11:33:42.801,0.7794,0.77964,2.25,2.25
2016.03.31 11:33:52.292,0.7794,0.7796,1.50,1.00
2016.03.31 11:33:53.023,0.77937,0.77961,2.25,1.00
2016.03.31 11:33:53.174,0.77938,0.77961,1.00,1.75
2016.03.31 11:33:53.699,0.77936,0.77961,1.50,1.75
2016.03.31 11:33:54.204,0.77933,0.77956,1.50,1.12
2016.03.31 11:33:54.843,0.77931,0.77955,1.75,1.00
2016.03.31 11:33:55.522,0.7793,0.77954,1.75,1.00
2016.03.31 11:33:56.082,0.77931,0.77955,1.75,1.00
2016.03.31 11:33:56.629,0.77933,0.77959,1.50,1.75
2016.03.31 11:33:56.931,0.77935,0.7796,1.75,1.50
2016.03.31 11:34:02.536,0.77939,0.77964,1.50,1.75
2016.03.31 11:34:02.588,0.77944,0.77966,1.12,1.12
2016.03.31 11:34:02.638,0.77946,0.77968,1.00,1.75
2016.03.31 11:34:02.689,0.77947,0.77971,1.75,1.00
2016.03.31 11:34:03.470,0.77945,0.7797,1.75,1.00
2016.03.31 11:34:03.571,0.77945,0.7797,1.50,1.75
2016.03.31 11:34:04.477,0.77942,0.77965,1.75,2.10
2016.03.31 11:34:04.809,0.77935,0.77958,1.50,1.00
2016.03.31 11:34:05.380,0.77934,0.7796,1.75,1.50
2016.03.31 11:34:09.747,0.77934,0.77958,1.75,1.00
2016.03.31 11:34:10.299,0.77934,0.7796,1.75,1.50
2016.03.31 11:34:11.900,0.77935,0.77961,1.50,2.25
2016.03.31 11:34:12.202,0.77938,0.77963,1.50,1.37
2016.03.31 11:34:12.354,0.7794,0.77966,1.75,1.50
2016.03.31 11:34:13.412,0.77941,0.77967,1.75,1.37
2016.03.31 11:34:13.462,0.77941,0.77968,2.25,1.87
2016.03.31 11:34:13.513,0.77941,0.77968,3.75,1.50
2016.03.31 11:34:13.564,0.77944,0.7797,1.75,2.25
2016.03.31 11:34:14.115,0.77944,0.77969,1.75,1.00
2016.03.31 11:34:15.950,0.77944,0.7797,1.75,1.50
2016.03.31 11:34:17.123,0.77944,0.77971,2.25,1.87
2016.03.31 11:34:20.707,0.77947,0.7797,1.12,1.00
2016.03.31 11:34:21.164,0.77944,0.77968,2.25,1.00
2016.03.31 11:34:25.081,0.77944,0.77969,1.75,1.00
2016.03.31 11:34:25.840,0.77944,0.77968,1.75,1.00
2016.03.31 11:34:26.634,0.77945,0.77969,1.75,1.00
2016.03.31 11:34:27.206,0.77943,0.77966,1.75,1.00
2016.03.31 11:34:27.257,0.77941,0.77965,1.87,1.75
2016.03.31 11:34:27.730,0.77937,0.77961,1.75,1.00
2016.03.31 11:34:29.232,0.77935,0.77961,1.75,1.50
2016.03.31 11:34:29.485,0.77934,0.77959,1.50,1.50
2016.03.31 11:34:29.764,0.77934,0.77959,1.75,1.00
2016.03.31 11:34:30.478,0.77934,0.7796,1.75,1.87
2016.03.31 11:34:30.880,0.77932,0.77955,3.00,1.00
2016.03.31 11:34:31.381,0.77932,0.77956,3.00,1.00
2016.03.31 11:34:36.507,0.77932,0.77957,2.25,1.50
2016.03.31 11:34:37.010,0.77936,0.77963,1.75,2.10
2016.03.31 11:34:38.169,0.77941,0.77965,1.00,1.75
2016.03.31 11:34:38.809,0.77938,0.77965,2.25,2.25
2016.03.31 11:34:40.375,0.7794,0.77966,1.37,2.25
2016.03.31 11:34:40.426,0.7794,0.77966,1.75,2.25
2016.03.31 11:34:43.918,0.77946,0.77966,1.50,1.50
2016.03.31 11:34:44.019,0.77949,0.77972,1.75,1.27
2016.03.31 11:34:44.120,0.77953,0.77978,1.00,1.75
2016.03.31 11:34:44.648,0.77951,0.77978,2.25,1.75
2016.03.31 11:34:44.892,0.77945,0.77971,3.00,1.12
2016.03.31 11:34:45.908,0.77947,0.77973,2.25,1.12
2016.03.31 11:34:46.404,0.77947,0.77973,2.25,1.75
2016.03.31 11:34:48.011,0.77948,0.77973,1.75,1.12
2016.03.31 11:34:50.420,0.77953,0.77975,1.00,1.00
2016.03.31 11:34:50.923,0.77953,0.77976,1.00,1.50
2016.03.31 11:34:51.961,0.77953,0.77977,1.50,1.50
2016.03.31 11:34:52.469,0.77954,0.77977,1.00,1.00
2016.03.31 11:34:52.972,0.77953,0.77977,1.00,1.50
2016.03.31 11:34:54.837,0.77951,0.77977,1.00,1.75
2016.03.31 11:34:55.189,0.77945,0.7797,1.75,1.00
2016.03.31 11:34:55.240,0.77945,0.7797,1.75,1.50
2016.03.31 11:34:55.819,0.77944,0.77968,1.75,1.00
2016.03.31 11:34:56.393,0.77945,0.77969,1.75,1.12
2016.03.31 11:34:58.612,0.77943,0.77968,1.75,1.00
2016.03.31 11:34:59.071,0.77942,0.77968,2.25,1.75
2016.03.31 11:34:59.223,0.7794,0.77963,1.75,1.00
2016.03.31 11:34:59.339,0.77941,0.77966,1.75,1.50
2016.03.31 11:35:06.899,0.77939,0.77965,1.37,1.50
2016.03.31 11:35:07.050,0.77939,0.77965,2.25,1.37
2016.03.31 11:35:07.101,0.77939,0.77966,2.25,1.12
2016.03.31 11:35:07.621,0.77939,0.77965,2.25,1.00
2016.03.31 11:35:08.379,0.77942,0.77966,1.00,1.75
2016.03.31 11:35:08.680,0.77939,0.77962,3.00,1.00
2016.03.31 11:35:08.781,0.77939,0.77964,2.25,1.00
2016.03.31 11:35:08.882,0.77937,0.77964,2.25,1.87
2016.03.31 11:35:09.778,0.77938,0.77965,2.25,3.75
2016.03.31 11:35:09.879,0.77938,0.77965,2.25,3.75
2016.03.31 11:35:11.072,0.7794,0.77967,2.25,3.00
2016.03.31 11:35:12.281,0.77942,0.77965,1.75,1.00
2016.03.31 11:35:12.875,0.77942,0.77967,1.75,1.50
2016.03.31 11:35:14.985,0.7794,0.77965,1.50,1.75
2016.03.31 11:35:19.012,0.77942,0.77966,1.00,1.75
2016.03.31 11:35:19.867,0.7794,0.77966,1.50,1.75
2016.03.31 11:35:20.282,0.77943,0.77966,1.00,1.75
2016.03.31 11:35:20.387,0.77943,0.77967,1.75,1.12
2016.03.31 11:35:29.571,0.77947,0.77973,1.00,3.00
2016.03.31 11:35:29.622,0.77947,0.77973,1.50,1.75
2016.03.31 11:35:36.351,0.77944,0.7797,1.12,1.75
2016.03.31 11:35:37.853,0.7794,0.77963,1.12,1.50
2016.03.31 11:35:38.381,0.77938,0.77961,1.75,1.00
2016.03.31 11:35:38.934,0.77937,0.77962,1.12,1.75
2016.03.31 11:35:41.125,0.77938,0.77961,1.00,1.75
2016.03.31 11:35:41.714,0.77939,0.77963,1.00,1.35
2016.03.31 11:35:42.216,0.77938,0.77963,1.00,1.35
2016.03.31 11:35:45.948,0.77937,0.77963,1.12,1.35
2016.03.31 11:35:47.334,0.77937,0.77955,1.00,1.37
2016.03.31 11:35:47.386,0.77932,0.77952,1.50,1.50
2016.03.31 11:35:47.436,0.77932,0.77952,1.50,2.25
2016.03.31 11:35:47.638,0.77923,0.7795,2.25,2.25
2016.03.31 11:35:48.623,0.77925,0.77952,2.62,1.75
2016.03.31 11:35:48.674,0.77929,0.77953,1.12,1.75
2016.03.31 11:35:50.901,0.7793,0.77955,1.00,1.75
2016.03.31 11:35:50.952,0.7793,0.77955,1.37,1.50
2016.03.31 11:35:51.003,0.77934,0.77956,1.00,1.50
2016.03.31 11:35:51.665,0.77935,0.77959,1.00,1.75
2016.03.31 11:35:52.437,0.77935,0.77959,1.37,1.37
2016.03.31 11:35:52.488,0.77935,0.77959,1.75,1.00
2016.03.31 11:35:53.020,0.77936,0.77961,1.50,1.50
2016.03.31 11:35:53.592,0.77937,0.77962,1.50,1.37
2016.03.31 11:35:53.642,0.77938,0.77962,1.75,1.12
2016.03.31 11:35:54.195,0.77941,0.77965,1.00,2.25
2016.03.31 11:36:08.235,0.77941,0.77963,1.00,1.75
2016.03.31 11:36:08.810,0.7794,0.77964,1.00,2.25
2016.03.31 11:36:09.335,0.77939,0.77963,1.50,1.75
2016.03.31 11:36:11.593,0.77941,0.77963,1.00,1.75
2016.03.31 11:36:11.821,0.77941,0.77964,1.00,1.75
2016.03.31 11:36:12.042,0.77943,0.77966,1.00,2.25
2016.03.31 11:36:13.243,0.77944,0.77966,1.00,1.50
2016.03.31 11:36:13.293,0.77944,0.77966,1.00,1.50
2016.03.31 11:36:13.873,0.77945,0.77968,1.00,1.75
2016.03.31 11:36:15.771,0.77944,0.77966,1.00,1.50
2016.03.31 11:36:15.972,0.77941,0.77966,2.25,2.25
2016.03.31 11:36:16.151,0.77944,0.77966,1.00,2.25
2016.03.31 11:36:19.039,0.77943,0.77966,1.00,1.50
2016.03.31 11:36:19.738,0.77942,0.77966,1.12,1.50
2016.03.31 11:36:27.030,0.77942,0.77966,1.00,1.75
2016.03.31 11:36:27.575,0.77941,0.77966,1.00,1.75
2016.03.31 11:36:28.407,0.77938,0.77961,1.00,1.75
2016.03.31 11:36:29.324,0.77937,0.77961,1.50,1.75
2016.03.31 11:36:30.184,0.77938,0.77961,1.00,1.75
2016.03.31 11:36:34.138,0.77939,0.77961,1.00,1.75
2016.03.31 11:36:34.696,0.77941,0.77961,1.00,1.00
2016.03.31 11:36:35.210,0.77942,0.77966,1.00,1.75
2016.03.31 11:36:35.440,0.77943,0.77966,1.50,1.87
2016.03.31 11:36:35.948,0.77945,0.77969,1.87,1.50
2016.03.31 11:36:35.999,0.77945,0.7797,2.25,1.50
2016.03.31 11:36:37.171,0.77948,0.77972,1.00,2.25
2016.03.31 11:36:37.701,0.77949,0.7797,1.00,1.50
2016.03.31 11:36:37.913,0.77946,0.77972,1.50,2.25
2016.03.31 11:36:38.592,0.77948,0.77972,1.00,2.25
2016.03.31 11:36:39.826,0.77949,0.77972,1.00,1.75
2016.03.31 11:36:40.336,0.77948,0.77972,1.00,2.25
2016.03.31 11:36:40.698,0.7795,0.77972,1.00,2.25
2016.03.31 11:36:41.122,0.77948,0.77972,1.00,1.75
2016.03.31 11:36:41.535,0.77947,0.7797,1.00,2.25
2016.03.31 11:36:41.636,0.77944,0.77969,1.72,1.75
2016.03.31 11:36:42.943,0.77943,0.77967,2.10,1.75
2016.03.31 11:36:43.231,0.77943,0.77967,1.00,1.75
2016.03.31 11:36:44.002,0.77944,0.77968,1.00,3.00
2016.03.31 11:36:45.212,0.77945,0.77968,1.00,3.00
2016.03.31 11:36:45.779,0.77945,0.77966,1.00,3.00
2016.03.31 11:36:45.830,0.77939,0.77962,1.27,1.50
2016.03.31 11:36:45.931,0.77939,0.7796,1.00,2.25
2016.03.31 11:36:46.032,0.77935,0.7796,1.50,3.00
2016.03.31 11:36:46.480,0.77937,0.7796,1.00,2.25
2016.03.31 11:36:46.582,0.77937,0.77961,1.72,1.75
2016.03.31 11:36:46.784,0.7794,0.77964,3.00,1.50
2016.03.31 11:36:47.373,0.77942,0.77967,1.00,3.00
2016.03.31 11:36:47.776,0.77941,0.77965,1.00,1.75
2016.03.31 11:36:48.235,0.77939,0.7796,1.00,1.12
2016.03.31 11:36:48.788,0.7794,0.77964,1.00,1.75
2016.03.31 11:36:48.990,0.77941,0.77965,1.00,2.25
2016.03.31 11:36:49.242,0.7794,0.77965,1.12,2.25
2016.03.31 11:36:49.834,0.7794,0.77964,1.00,1.75
2016.03.31 11:36:50.262,0.7794,0.77964,1.00,1.12
2016.03.31 11:36:50.441,0.7794,0.77964,1.00,1.50
2016.03.31 11:36:50.763,0.77939,0.77964,1.50,1.75
2016.03.31 11:36:51.377,0.7794,0.77965,1.00,2.25
2016.03.31 11:36:51.691,0.7794,0.7796,1.00,1.75
2016.03.31 11:36:51.993,0.77939,0.77962,1.50,1.00
2016.03.31 11:36:52.366,0.77943,0.77966,1.00,1.75
2016.03.31 11:36:52.898,0.77941,0.77965,2.25,1.50
2016.03.31 11:36:53.686,0.77944,0.77968,1.00,2.25
2016.03.31 11:36:54.250,0.77945,0.77968,1.00,1.75
2016.03.31 11:36:54.759,0.77946,0.7797,1.00,1.75
2016.03.31 11:36:54.860,0.77948,0.77972,1.00,2.25
2016.03.31 11:36:55.361,0.77949,0.77972,1.00,1.75
2016.03.31 11:36:55.911,0.77948,0.77972,1.00,1.75
2016.03.31 11:36:56.449,0.77949,0.77972,1.00,1.75
2016.03.31 11:36:56.976,0.7795,0.77972,1.00,2.25
2016.03.31 11:36:57.077,0.77949,0.77972,1.00,2.25
2016.03.31 11:36:57.659,0.7795,0.77974,1.00,1.75
2016.03.31 11:36:58.207,0.77949,0.77973,1.50,1.12
2016.03.31 11:36:58.409,0.77951,0.77974,1.00,1.50
2016.03.31 11:36:58.610,0.77951,0.77974,1.00,2.25
2016.03.31 11:36:58.711,0.7795,0.77974,1.00,2.25
2016.03.31 11:36:58.863,0.7795,0.77974,1.12,2.25
2016.03.31 11:36:59.381,0.77951,0.77974,1.00,2.25
2016.03.31 11:37:00.026,0.77952,0.77974,1.00,2.25
2016.03.31 11:37:00.277,0.7795,0.77974,1.12,2.25
2016.03.31 11:37:00.739,0.77952,0.77974,1.00,1.50
2016.03.31 11:37:01.281,0.77953,0.77974,1.00,1.50
2016.03.31 11:37:01.786,0.77953,0.77974,1.00,1.50
2016.03.31 11:37:02.149,0.77958,0.77981,1.00,2.25
2016.03.31 11:37:02.301,0.77958,0.77983,1.00,2.25
2016.03.31 11:37:02.846,0.77957,0.77983,1.12,1.75
2016.03.31 11:37:03.937,0.77958,0.77983,1.00,2.25
2016.03.31 11:37:04.745,0.77957,0.77981,1.12,3.00
2016.03.31 11:37:04.874,0.77957,0.77979,1.12,1.50
2016.03.31 11:37:05.388,0.77959,0.77979,1.00,1.75
2016.03.31 11:37:06.080,0.77957,0.77979,1.00,2.25
2016.03.31 11:37:06.141,0.77955,0.77979,1.50,2.25
2016.03.31 11:37:06.662,0.7795,0.77975,2.85,1.75
2016.03.31 11:37:11.226,0.7795,0.77974,1.00,3.00
2016.03.31 11:37:11.277,0.77947,0.77971,2.25,1.50
2016.03.31 11:37:13.430,0.77946,0.7797,1.50,1.75
2016.03.31 11:37:13.937,0.77943,0.77967,1.00,1.75
2016.03.31 11:37:14.239,0.77941,0.77963,1.12,1.12
2016.03.31 11:37:14.340,0.77941,0.77964,1.00,1.75
2016.03.31 11:37:14.441,0.77941,0.77964,1.12,1.50
2016.03.31 11:37:15.041,0.77943,0.77965,1.00,1.75
2016.03.31 11:37:15.343,0.77945,0.77968,1.50,2.25
2016.03.31 11:37:15.444,0.77947,0.7797,1.12,2.25
2016.03.31 11:37:16.196,0.77944,0.77964,1.75,1.00
2016.03.31 11:37:16.498,0.77951,0.77972,1.00,3.00
2016.03.31 11:37:16.549,0.77951,0.77972,1.00,1.12
2016.03.31 11:37:17.085,0.77954,0.77975,1.00,2.25
2016.03.31 11:37:17.136,0.77952,0.77975,1.00,2.25
2016.03.31 11:37:18.256,0.77951,0.77975,1.00,2.25
2016.03.31 11:37:18.807,0.7795,0.77973,1.12,1.50
2016.03.31 11:37:19.007,0.7795,0.77973,1.12,1.75
2016.03.31 11:37:19.762,0.7795,0.77973,1.00,1.00
2016.03.31 11:37:20.465,0.77951,0.77973,1.00,1.50
2016.03.31 11:37:20.718,0.77951,0.7797,1.00,1.00
2016.03.31 11:37:20.869,0.77949,0.7797,1.00,1.00
2016.03.31 11:37:20.920,0.77946,0.7797,1.50,1.00
2016.03.31 11:37:21.196,0.77945,0.77967,1.00,1.75
2016.03.31 11:37:21.774,0.77944,0.77969,1.00,1.75
2016.03.31 11:37:22.280,0.77945,0.77968,1.00,1.75
2016.03.31 11:37:24.712,0.77944,0.77967,1.00,1.75
2016.03.31 11:37:25.378,0.77945,0.77968,1.00,2.25
2016.03.31 11:37:26.060,0.77943,0.77968,1.87,2.25
2016.03.31 11:37:26.329,0.7794,0.77966,1.50,1.50
2016.03.31 11:37:26.380,0.7794,0.77965,1.12,1.75
2016.03.31 11:37:27.151,0.77936,0.77962,2.25,1.75
2016.03.31 11:37:28.540,0.77939,0.77962,1.00,1.75
2016.03.31 11:37:29.378,0.7794,0.77962,1.00,1.75
2016.03.31 11:37:29.964,0.77939,0.77962,1.50,1.75
2016.03.31 11:37:30.114,0.77937,0.77963,1.87,2.25
2016.03.31 11:37:32.122,0.77938,0.77963,1.00,2.25
2016.03.31 11:37:33.409,0.7794,0.77963,1.00,1.75
2016.03.31 11:37:33.560,0.7794,0.77965,1.12,3.00
2016.03.31 11:37:34.099,0.77941,0.77965,1.00,1.75
2016.03.31 11:37:34.811,0.77945,0.77965,1.00,1.75
2016.03.31 11:37:36.129,0.77944,0.77965,1.00,1.75
2016.03.31 11:37:36.796,0.77945,0.77965,1.00,1.75
2016.03.31 11:37:39.101,0.77945,0.77968,1.00,1.75
2016.03.31 11:37:39.777,0.7795,0.77968,1.00,1.75
2016.03.31 11:37:41.676,0.77945,0.77968,1.00,1.75
2016.03.31 11:37:41.884,0.7795,0.77968,1.00,1.75
2016.03.31 11:37:45.598,0.7795,0.77971,1.00,1.75
2016.03.31 11:37:48.485,0.7795,0.77971,1.00,2.25
2016.03.31 11:37:48.687,0.77945,0.77971,3.22,3.00
2016.03.31 11:37:48.788,0.77945,0.77971,3.60,1.75
2016.03.31 11:37:49.365,0.77946,0.77968,1.50,1.00
2016.03.31 11:37:49.467,0.77942,0.77967,1.50,1.00
2016.03.31 11:37:49.518,0.77942,0.77967,1.12,1.75
2016.03.31 11:37:49.821,0.77937,0.77962,1.87,1.75
2016.03.31 11:37:50.272,0.7794,0.77962,1.00,1.75
2016.03.31 11:37:50.323,0.77935,0.77961,2.25,1.75
2016.03.31 11:37:50.699,0.77936,0.7796,1.00,1.75
2016.03.31 11:37:52.552,0.77935,0.7796,1.50,2.25
2016.03.31 11:37:52.991,0.7794,0.7796,1.00,1.75
2016.03.31 11:37:53.400,0.77935,0.7796,2.25,1.75
2016.03.31 11:37:53.964,0.7794,0.7796,1.00,1.75
2016.03.31 11:37:54.115,0.7794,0.7796,1.00,1.50
2016.03.31 11:37:54.341,0.77941,0.77964,1.12,1.50
2016.03.31 11:37:54.543,0.77945,0.77963,1.00,1.12
2016.03.31 11:37:55.736,0.77942,0.77965,1.00,1.75
2016.03.31 11:37:56.040,0.77945,0.77965,1.00,1.75
2016.03.31 11:37:56.996,0.77942,0.77966,1.00,2.25
2016.03.31 11:37:57.518,0.77941,0.77965,1.12,1.75
2016.03.31 11:37:58.040,0.77942,0.77964,1.00,1.50
2016.03.31 11:37:59.495,0.77941,0.77965,1.12,1.75
2016.03.31 11:37:59.927,0.77945,0.77965,1.00,1.75
2016.03.31 11:38:00.148,0.77943,0.77966,1.00,2.25
2016.03.31 11:38:00.249,0.77945,0.77966,1.00,2.25
2016.03.31 11:38:00.350,0.77942,0.77966,1.00,2.25
2016.03.31 11:38:00.851,0.77941,0.77965,1.12,1.75
2016.03.31 11:38:02.161,0.77942,0.77965,1.00,1.75
2016.03.31 11:38:04.208,0.77941,0.77965,1.12,1.75
2016.03.31 11:38:05.982,0.77943,0.77966,1.00,2.25
2016.03.31 11:38:06.285,0.77951,0.77973,1.00,1.75
2016.03.31 11:38:06.660,0.7795,0.77975,1.50,1.75
2016.03.31 11:38:07.310,0.77955,0.77976,1.00,1.75
2016.03.31 11:38:08.705,0.7795,0.77976,2.25,1.75
2016.03.31 11:38:08.756,0.7795,0.77976,1.50,3.75
2016.03.31 11:38:09.106,0.7795,0.77973,1.00,2.25
2016.03.31 11:38:09.419,0.77945,0.77965,1.00,1.75
2016.03.31 11:38:09.470,0.77945,0.77965,1.00,1.12
2016.03.31 11:38:10.780,0.7794,0.77966,1.75,1.50
2016.03.31 11:38:11.825,0.77945,0.77965,1.00,1.12
2016.03.31 11:38:12.428,0.7794,0.77965,1.75,1.12
2016.03.31 11:38:12.871,0.7794,0.77964,1.12,1.75
2016.03.31 11:38:14.427,0.77945,0.77965,1.00,1.75
2016.03.31 11:38:14.477,0.77945,0.77965,1.00,1.00
2016.03.31 11:38:14.780,0.77946,0.7797,1.12,1.50
2016.03.31 11:38:14.982,0.7795,0.77971,1.00,2.25
2016.03.31 11:38:15.083,0.7795,0.77971,1.00,1.12
2016.03.31 11:38:15.386,0.77945,0.77971,1.50,3.00
2016.03.31 11:38:16.719,0.7795,0.77971,1.00,1.75
2016.03.31 11:38:16.971,0.77946,0.77973,1.12,3.00
2016.03.31 11:38:17.613,0.7795,0.77971,1.00,1.75
2016.03.31 11:38:17.839,0.77945,0.77971,1.50,2.25
2016.03.31 11:38:18.563,0.7795,0.77971,1.00,1.75
2016.03.31 11:38:19.571,0.7795,0.77973,1.12,1.87
2016.03.31 11:38:20.375,0.7795,0.77973,1.00,3.00
2016.03.31 11:38:21.281,0.7795,0.77975,1.50,1.75
2016.03.31 11:38:21.505,0.7796,0.7798,1.00,1.12
2016.03.31 11:38:22.031,0.77959,0.77982,1.00,1.75
2016.03.31 11:38:22.595,0.77955,0.7798,1.75,1.12
2016.03.31 11:38:23.787,0.77955,0.77979,1.75,1.00
2016.03.31 11:38:24.190,0.77955,0.77979,1.12,1.75
2016.03.31 11:38:24.569,0.7796,0.77979,1.00,1.75
2016.03.31 11:38:25.648,0.77955,0.77976,1.12,1.35
2016.03.31 11:38:25.699,0.77955,0.7797,1.00,1.50
2016.03.31 11:38:25.800,0.77945,0.77967,1.50,1.37
2016.03.31 11:38:26.646,0.7795,0.7797,1.00,1.75
2016.03.31 11:38:27.032,0.7795,0.77971,1.00,1.75
2016.03.31 11:38:27.536,0.77949,0.77972,1.00,1.75
2016.03.31 11:38:28.073,0.7795,0.77972,1.00,2.25
2016.03.31 11:38:28.238,0.7795,0.77972,1.12,1.87
2016.03.31 11:38:29.513,0.77954,0.77974,1.00,1.75
2016.03.31 11:38:29.845,0.77954,0.77975,1.00,1.87
2016.03.31 11:38:30.494,0.77955,0.77976,1.00,1.37
2016.03.31 11:38:30.545,0.77959,0.77982,1.50,1.75
2016.03.31 11:38:30.646,0.77959,0.77982,2.25,1.72
2016.03.31 11:38:30.697,0.77959,0.77972,1.50,1.00
2016.03.31 11:38:30.849,0.77945,0.7797,3.52,1.50
2016.03.31 11:38:31.170,0.7795,0.77973,1.00,1.75
2016.03.31 11:38:31.221,0.7795,0.77973,1.12,1.50
2016.03.31 11:38:31.422,0.7795,0.77975,2.25,1.50
2016.03.31 11:38:31.620,0.7795,0.77974,2.25,1.00
2016.03.31 11:38:31.835,0.7795,0.77973,1.00,1.75
2016.03.31 11:38:33.035,0.77949,0.77971,1.00,1.50
2016.03.31 11:38:33.559,0.77945,0.77971,1.75,1.50
2016.03.31 11:38:34.228,0.7795,0.77971,1.00,1.50
2016.03.31 11:38:34.329,0.77946,0.7797,1.75,1.12
2016.03.31 11:38:36.148,0.77945,0.77969,1.50,3.60
2016.03.31 11:38:36.199,0.77942,0.77966,1.12,1.75
2016.03.31 11:38:36.498,0.7794,0.77963,1.00,1.75
2016.03.31 11:38:37.795,0.77935,0.77958,2.25,1.00
2016.03.31 11:38:37.848,0.77935,0.77958,1.00,1.75
2016.03.31 11:38:38.628,0.7794,0.77958,1.00,1.00
2016.03.31 11:38:38.955,0.77945,0.77964,1.00,1.00
2016.03.31 11:38:39.358,0.77946,0.77967,1.35,1.00
2016.03.31 11:38:39.409,0.7795,0.77972,1.00,2.25
2016.03.31 11:38:39.459,0.7795,0.77972,1.50,1.50
2016.03.31 11:38:39.762,0.77954,0.77976,1.00,1.50
2016.03.31 11:38:40.990,0.77954,0.77969,1.00,1.00
2016.03.31 11:38:41.040,0.77945,0.77969,1.12,1.75
2016.03.31 11:38:41.141,0.77945,0.77964,1.00,2.25
2016.03.31 11:38:41.368,0.77945,0.77967,1.00,1.75
2016.03.31 11:38:42.929,0.7795,0.7797,1.00,1.00
2016.03.31 11:38:43.449,0.7795,0.77974,1.00,1.75
2016.03.31 11:38:43.834,0.77945,0.77971,1.37,1.50
2016.03.31 11:38:43.885,0.77945,0.77969,1.00,1.75
2016.03.31 11:38:44.037,0.77945,0.77966,1.00,1.50
2016.03.31 11:38:44.303,0.7794,0.77964,2.25,1.50
2016.03.31 11:38:46.464,0.77941,0.77968,1.75,1.75
2016.03.31 11:38:47.676,0.77945,0.77969,1.00,1.75
2016.03.31 11:38:48.322,0.77941,0.77969,2.10,1.75
2016.03.31 11:38:49.191,0.77945,0.77968,1.00,1.75
2016.03.31 11:38:51.258,0.77945,0.77967,1.00,1.50
2016.03.31 11:38:52.424,0.7794,0.77964,1.12,1.12
2016.03.31 11:38:52.474,0.7794,0.77963,1.00,1.75
2016.03.31 11:38:53.784,0.7794,0.77961,1.00,1.00
2016.03.31 11:38:54.300,0.7794,0.77962,1.00,1.50
2016.03.31 11:38:54.401,0.77938,0.77959,1.00,1.00
2016.03.31 11:38:54.734,0.77935,0.77957,1.00,1.75
2016.03.31 11:38:56.522,0.77935,0.77957,1.00,1.50
2016.03.31 11:38:56.674,0.77935,0.77956,1.00,1.75
2016.03.31 11:38:58.036,0.7793,0.77955,1.50,1.75
2016.03.31 11:38:58.187,0.7793,0.77955,1.00,1.75
2016.03.31 11:38:58.711,0.7793,0.77954,1.50,1.50
2016.03.31 11:38:58.966,0.7793,0.77953,1.37,1.50
2016.03.31 11:38:59.528,0.7793,0.77953,1.00,1.75
2016.03.31 11:39:01.115,0.77934,0.77957,1.00,1.75
2016.03.31 11:39:01.217,0.77934,0.77957,1.12,2.25
2016.03.31 11:39:01.582,0.7794,0.77962,1.00,3.00
2016.03.31 11:39:03.018,0.77935,0.7796,2.10,1.50
2016.03.31 11:39:05.100,0.77935,0.77959,1.00,1.75
2016.03.31 11:39:05.504,0.77935,0.77954,1.00,1.00
2016.03.31 11:39:05.756,0.7793,0.77954,2.25,1.00
2016.03.31 11:39:06.197,0.7793,0.77956,1.00,3.00
2016.03.31 11:39:11.547,0.77927,0.77953,1.50,1.75
2016.03.31 11:39:11.597,0.77927,0.77953,1.37,3.00
2016.03.31 11:39:12.150,0.77927,0.77951,1.00,1.75
2016.03.31 11:39:12.201,0.77925,0.7795,1.00,1.75
2016.03.31 11:39:14.352,0.77926,0.77952,1.00,3.75
2016.03.31 11:39:14.453,0.77926,0.77952,1.37,2.25
2016.03.31 11:39:16.116,0.77923,0.77948,1.00,2.25
2016.03.31 11:39:16.418,0.77919,0.77945,2.10,2.25
2016.03.31 11:39:16.919,0.7792,0.77945,2.62,1.75
2016.03.31 11:39:16.969,0.77922,0.77945,1.00,1.75
2016.03.31 11:39:17.290,0.77925,0.77948,1.00,3.00
2016.03.31 11:39:19.254,0.77924,0.77948,1.00,3.75
2016.03.31 11:39:20.009,0.77925,0.77946,1.00,1.75
2016.03.31 11:39:20.229,0.77921,0.77946,1.00,1.75
2016.03.31 11:39:20.732,0.7792,0.77943,1.12,1.12
2016.03.31 11:39:20.962,0.7792,0.77943,1.00,1.75
2016.03.31 11:39:21.641,0.7792,0.77944,2.25,1.12
2016.03.31 11:39:22.358,0.77925,0.77947,1.00,1.75
2016.03.31 11:39:22.617,0.77922,0.77947,1.12,1.75
2016.03.31 11:39:22.951,0.7792,0.7794,1.37,1.00
2016.03.31 11:39:23.052,0.77915,0.77938,2.25,1.00
2016.03.31 11:39:23.153,0.77914,0.77938,1.00,2.25
2016.03.31 11:39:23.659,0.77915,0.7794,1.00,1.75
2016.03.31 11:39:24.765,0.77915,0.77941,1.87,2.25
2016.03.31 11:39:24.997,0.77919,0.77941,1.00,1.75
2016.03.31 11:39:25.694,0.7792,0.77942,1.00,1.75
2016.03.31 11:39:26.358,0.77918,0.77938,1.00,1.12
2016.03.31 11:39:26.409,0.77915,0.77938,1.37,1.87
2016.03.31 11:39:26.459,0.77915,0.77938,1.00,2.25
2016.03.31 11:39:26.785,0.77915,0.77937,1.00,2.25
2016.03.31 11:39:28.297,0.77911,0.77937,1.00,2.25
2016.03.31 11:39:28.888,0.77915,0.77936,1.00,1.75
2016.03.31 11:39:29.090,0.77911,0.77937,1.00,3.75
2016.03.31 11:39:29.287,0.77915,0.77937,1.00,3.75
2016.03.31 11:39:29.794,0.77915,0.77938,1.00,1.75
2016.03.31 11:39:30.859,0.77917,0.7794,1.00,1.00
2016.03.31 11:39:30.960,0.7792,0.7794,1.00,1.00
2016.03.31 11:39:32.398,0.77919,0.7794,1.50,1.00
2016.03.31 11:39:33.069,0.7792,0.7794,1.00,1.00
2016.03.31 11:39:33.810,0.77916,0.7794,1.00,1.00
2016.03.31 11:39:34.600,0.77915,0.77941,1.00,3.75
2016.03.31 11:39:34.952,0.77915,0.77938,1.00,1.75
2016.03.31 11:39:35.969,0.77915,0.77936,1.00,3.00
2016.03.31 11:39:36.450,0.77915,0.77936,1.00,1.75
2016.03.31 11:39:37.956,0.77915,0.77939,1.00,1.75
2016.03.31 11:39:40.478,0.77922,0.77944,1.00,1.00
2016.03.31 11:39:40.579,0.77922,0.77947,1.75,1.12
2016.03.31 11:39:42.265,0.77921,0.77947,1.50,1.37
2016.03.31 11:39:42.505,0.77921,0.77946,1.00,3.75
2016.03.31 11:39:42.666,0.7792,0.7794,1.00,1.37
2016.03.31 11:39:42.767,0.77915,0.7794,1.50,2.25
2016.03.31 11:39:44.611,0.77914,0.77938,1.50,1.75
2016.03.31 11:39:44.813,0.77915,0.7794,1.50,1.75
2016.03.31 11:39:45.290,0.77915,0.77939,1.00,1.75
2016.03.31 11:39:46.133,0.77911,0.77935,1.75,1.12
2016.03.31 11:39:46.902,0.77915,0.77937,1.00,1.75
2016.03.31 11:39:48.137,0.77918,0.77938,1.00,1.75
2016.03.31 11:39:48.377,0.7792,0.77946,1.87,3.00
2016.03.31 11:39:48.428,0.7792,0.77946,1.75,2.25
2016.03.31 11:39:49.600,0.7792,0.77942,1.75,1.00
2016.03.31 11:39:49.910,0.7792,0.77938,1.00,1.37
2016.03.31 11:39:50.012,0.77916,0.77942,1.12,1.75
2016.03.31 11:39:50.214,0.77915,0.77939,1.37,1.50
2016.03.31 11:39:50.733,0.77914,0.77938,3.00,1.00
2016.03.31 11:39:51.294,0.77915,0.77937,1.50,1.00
2016.03.31 11:39:51.508,0.77911,0.77936,1.75,1.50
2016.03.31 11:39:51.558,0.77911,0.77936,1.37,1.75
2016.03.31 11:39:51.609,0.77911,0.77934,1.00,1.75
2016.03.31 11:39:52.113,0.7791,0.77935,1.12,1.75
2016.03.31 11:39:52.643,0.77915,0.77937,1.00,1.50
2016.03.31 11:39:53.398,0.77911,0.77937,1.50,1.50
2016.03.31 11:39:53.521,0.77915,0.77937,1.00,1.50
2016.03.31 11:39:55.381,0.7791,0.77936,2.25,1.37
2016.03.31 11:39:56.622,0.7791,0.77934,1.75,1.00
2016.03.31 11:39:56.672,0.7791,0.77932,1.37,1.00
2016.03.31 11:39:56.723,0.77907,0.77932,1.75,1.87
2016.03.31 11:39:56.824,0.77907,0.77932,1.37,2.25
2016.03.31 11:39:56.925,0.77907,0.77932,1.00,2.25
2016.03.31 11:39:57.807,0.77908,0.77932,1.00,1.75
2016.03.31 11:39:58.549,0.77907,0.77932,1.00,1.75
2016.03.31 11:39:59.409,0.77906,0.77932,1.87,1.75
2016.03.31 11:40:00.210,0.77907,0.77932,1.00,1.75
2016.03.31 11:40:01.056,0.77906,0.77931,1.12,1.75
2016.03.31 11:40:02.186,0.77906,0.77932,2.25,1.37
2016.03.31 11:40:02.426,0.77907,0.77933,1.75,1.50
2016.03.31 11:40:03.620,0.77905,0.77931,2.25,1.00
2016.03.31 11:40:03.721,0.77905,0.7793,2.25,1.50
2016.03.31 11:40:04.247,0.77905,0.77931,1.50,1.75
2016.03.31 11:40:04.876,0.77905,0.7793,1.00,1.75
2016.03.31 11:40:05.378,0.77905,0.77929,1.00,2.25
2016.03.31 11:40:06.686,0.77901,0.77926,2.25,2.25
2016.03.31 11:40:07.486,0.779,0.77925,1.37,2.85
2016.03.31 11:40:07.587,0.779,0.7792,1.00,1.37
2016.03.31 11:40:08.089,0.779,0.7792,1.00,1.75
2016.03.31 11:40:11.419,0.77898,0.7792,1.00,1.75
2016.03.31 11:40:13.735,0.77897,0.7792,1.00,1.75
2016.03.31 11:40:13.887,0.77896,0.77918,1.12,1.50
2016.03.31 11:40:14.038,0.77891,0.77913,1.00,2.10
2016.03.31 11:40:14.089,0.77891,0.77913,1.00,2.10
2016.03.31 11:40:14.140,0.77886,0.77909,1.50,1.12
2016.03.31 11:40:14.191,0.77886,0.77909,1.37,1.50
2016.03.31 11:40:14.342,0.77885,0.7791,1.50,2.25
2016.03.31 11:40:14.544,0.7789,0.7791,1.00,1.75
2016.03.31 11:40:14.844,0.7789,0.7791,1.00,1.50
2016.03.31 11:40:14.996,0.7789,0.7791,1.00,1.75
2016.03.31 11:40:15.046,0.77886,0.7791,1.00,1.75
2016.03.31 11:40:15.583,0.77885,0.7791,1.87,1.75
2016.03.31 11:40:15.684,0.77885,0.7791,1.50,1.75
2016.03.31 11:40:16.178,0.7789,0.77909,1.00,1.75
2016.03.31 11:40:16.279,0.7789,0.7791,1.50,1.12
2016.03.31 11:40:16.380,0.77891,0.77912,1.50,1.00
2016.03.31 11:40:16.431,0.77891,0.77916,1.50,2.25
2016.03.31 11:40:17.586,0.77895,0.77916,1.00,2.25
2016.03.31 11:40:21.565,0.77899,0.77916,1.00,1.00
2016.03.31 11:40:22.112,0.77899,0.77919,1.00,1.75
2016.03.31 11:40:24.323,0.779,0.77919,1.00,1.75
2016.03.31 11:40:24.424,0.77895,0.77919,1.00,2.25
2016.03.31 11:40:25.272,0.779,0.77917,1.00,1.12
2016.03.31 11:40:26.771,0.77895,0.77917,1.00,1.12
2016.03.31 11:40:27.072,0.77895,0.77915,1.00,1.00
2016.03.31 11:40:27.223,0.7789,0.77913,1.00,2.25
2016.03.31 11:40:27.767,0.77889,0.77913,1.12,2.25
2016.03.31 11:40:30.513,0.77889,0.77913,1.87,1.75
2016.03.31 11:40:31.025,0.7789,0.77909,1.00,1.00
2016.03.31 11:40:33.724,0.7789,0.77912,1.12,1.12
2016.03.31 11:40:34.262,0.7789,0.77912,1.12,1.50
2016.03.31 11:40:34.625,0.7789,0.77912,1.00,3.75
2016.03.31 11:40:35.128,0.7789,0.77909,1.00,1.12
2016.03.31 11:40:36.206,0.77889,0.77912,1.00,1.75
2016.03.31 11:40:36.747,0.7789,0.7791,1.00,1.75
2016.03.31 11:40:38.204,0.77885,0.7791,1.50,1.75
2016.03.31 11:40:38.406,0.7789,0.77907,1.00,1.00
2016.03.31 11:40:38.457,0.7789,0.77909,1.00,1.00
2016.03.31 11:40:38.823,0.7789,0.77907,1.00,1.00
2016.03.31 11:40:39.190,0.77895,0.77911,1.00,1.12
2016.03.31 11:40:39.291,0.7789,0.77914,1.00,1.75
2016.03.31 11:40:42.682,0.7789,0.77912,1.00,1.75
2016.03.31 11:40:43.183,0.7789,0.77912,1.00,1.75
2016.03.31 11:40:43.729,0.77889,0.77912,1.00,1.75
2016.03.31 11:40:44.238,0.7789,0.77912,1.00,1.75
2016.03.31 11:40:44.779,0.7789,0.77912,1.00,1.75
2016.03.31 11:40:44.830,0.7789,0.77912,1.00,1.50
2016.03.31 11:40:45.293,0.7789,0.77911,1.00,1.50
2016.03.31 11:40:45.654,0.7789,0.77912,1.00,1.50
2016.03.31 11:40:46.245,0.77887,0.77911,1.00,1.75
2016.03.31 11:40:46.617,0.7789,0.77912,1.00,2.25
2016.03.31 11:40:46.869,0.7789,0.77914,2.25,1.00
2016.03.31 11:40:46.970,0.77895,0.77914,1.00,1.00
2016.03.31 11:40:47.071,0.77891,0.77914,1.00,1.00
2016.03.31 11:40:47.343,0.77895,0.77917,1.00,1.50
2016.03.31 11:40:53.776,0.77895,0.77916,1.00,1.87
2016.03.31 11:40:53.826,0.7789,0.77915,2.25,1.75
2016.03.31 11:40:57.501,0.77893,0.77917,1.00,2.25
2016.03.31 11:40:57.988,0.77895,0.77917,1.00,1.75
2016.03.31 11:40:59.097,0.77899,0.77917,1.00,1.37
2016.03.31 11:40:59.148,0.77899,0.77917,1.00,1.00
2016.03.31 11:40:59.312,0.77895,0.77919,2.25,1.50
2016.03.31 11:40:59.861,0.77897,0.77921,1.00,2.25
2016.03.31 11:40:59.914,0.77897,0.77921,1.75,1.12
2016.03.31 11:41:01.217,0.77897,0.77921,1.00,1.75
2016.03.31 11:41:01.727,0.77895,0.77918,2.25,1.12
2016.03.31 11:41:03.295,0.77893,0.77917,1.75,1.00
2016.03.31 11:41:03.807,0.7789,0.77912,1.37,1.00
2016.03.31 11:41:03.860,0.77888,0.77912,1.35,1.75
2016.03.31 11:41:05.473,0.7789,0.77912,1.00,1.75
2016.03.31 11:41:06.729,0.77895,0.77913,1.00,1.50
2016.03.31 11:41:06.779,0.77895,0.77915,1.00,1.87
2016.03.31 11:41:06.997,0.77895,0.77919,3.00,1.50
2016.03.31 11:41:09.177,0.77897,0.77919,1.00,1.50
2016.03.31 11:41:11.231,0.779,0.77919,1.00,1.50
2016.03.31 11:41:11.837,0.779,0.77922,1.00,1.50
2016.03.31 11:41:19.628,0.77897,0.77919,1.75,1.50
2016.03.31 11:41:19.679,0.77895,0.77918,1.12,1.50
2016.03.31 11:41:21.179,0.77897,0.7792,1.00,1.75
2016.03.31 11:41:21.297,0.77897,0.7792,1.50,1.12
2016.03.31 11:41:21.786,0.779,0.7792,1.00,1.12
2016.03.31 11:41:22.219,0.77895,0.7792,1.75,1.87
2016.03.31 11:41:22.378,0.77895,0.7792,1.12,3.00
2016.03.31 11:41:24.953,0.77895,0.77914,1.00,1.00
2016.03.31 11:41:25.054,0.77892,0.77914,1.00,1.00
2016.03.31 11:41:25.647,0.77895,0.77914,1.00,1.00
2016.03.31 11:41:26.293,0.7789,0.77914,3.00,1.00
2016.03.31 11:41:26.677,0.77895,0.77914,1.00,1.00
2016.03.31 11:41:27.205,0.7789,0.77914,2.25,1.00
2016.03.31 11:41:27.763,0.77895,0.77914,1.00,1.00
2016.03.31 11:41:28.019,0.77895,0.77917,1.00,1.50
2016.03.31 11:41:28.171,0.77897,0.77919,1.00,1.37
2016.03.31 11:41:28.221,0.77897,0.77919,1.12,1.12
2016.03.31 11:41:28.625,0.779,0.77921,1.00,1.75
2016.03.31 11:41:29.789,0.779,0.77923,1.12,1.50
2016.03.31 11:41:31.672,0.77899,0.77924,1.37,2.25
2016.03.31 11:41:32.304,0.77899,0.77922,1.00,1.75
2016.03.31 11:41:32.837,0.779,0.77921,1.00,1.75
2016.03.31 11:41:33.769,0.77899,0.77923,1.00,1.75
2016.03.31 11:41:35.721,0.77899,0.77924,1.37,2.25
2016.03.31 11:41:36.296,0.77897,0.77921,1.75,1.00
2016.03.31 11:41:36.821,0.779,0.77923,1.12,1.37
2016.03.31 11:41:42.711,0.779,0.77922,1.12,1.50
2016.03.31 11:41:43.062,0.77896,0.77921,2.25,1.75
2016.03.31 11:41:43.591,0.77895,0.77918,1.37,1.37
2016.03.31 11:41:43.642,0.77895,0.77918,1.00,1.75
2016.03.31 11:41:44.418,0.77895,0.77916,1.00,2.25
2016.03.31 11:41:44.725,0.77895,0.77918,1.00,1.50
2016.03.31 11:41:46.591,0.77892,0.77916,1.50,1.12
2016.03.31 11:41:51.204,0.77895,0.77917,1.00,1.37
2016.03.31 11:41:54.012,0.77895,0.77916,1.00,3.00
2016.03.31 11:41:54.063,0.7789,0.77916,1.50,3.00
2016.03.31 11:41:54.709,0.7789,0.77913,1.00,1.50
2016.03.31 11:41:55.241,0.7789,0.77913,1.50,1.75
2016.03.31 11:41:57.993,0.77892,0.77913,1.00,1.75
2016.03.31 11:41:58.163,0.77892,0.77913,1.00,1.12
2016.03.31 11:41:58.724,0.77891,0.77913,1.00,1.12
2016.03.31 11:41:58.875,0.77895,0.77916,1.00,1.37
2016.03.31 11:42:00.934,0.77895,0.77916,1.00,1.75
2016.03.31 11:42:01.340,0.7789,0.77908,1.00,1.75
2016.03.31 11:42:01.720,0.77885,0.77908,1.00,1.75
2016.03.31 11:42:04.074,0.77884,0.77908,2.25,1.75
2016.03.31 11:42:04.175,0.77881,0.77906,1.87,1.50
2016.03.31 11:42:04.473,0.77884,0.77906,1.00,1.50
2016.03.31 11:42:05.035,0.77881,0.77906,1.37,1.50
2016.03.31 11:42:05.241,0.77885,0.77906,1.00,1.50
2016.03.31 11:42:06.589,0.77885,0.77908,1.12,1.37
2016.03.31 11:42:06.942,0.77885,0.77908,1.12,1.75
2016.03.31 11:42:07.388,0.77886,0.77911,1.50,2.25
2016.03.31 11:42:07.488,0.7789,0.77911,1.00,1.75
2016.03.31 11:42:08.890,0.7789,0.77911,1.00,1.75
2016.03.31 11:42:09.092,0.77886,0.77911,1.50,1.75
2016.03.31 11:42:09.611,0.77888,0.7791,1.00,1.00
2016.03.31 11:42:09.763,0.7789,0.7791,1.00,1.00
2016.03.31 11:42:10.346,0.77889,0.77913,1.50,2.25
2016.03.31 11:42:10.498,0.7789,0.7791,1.12,1.00
2016.03.31 11:42:10.599,0.77885,0.7791,1.50,2.25
2016.03.31 11:42:10.650,0.77885,0.7791,1.37,2.25
2016.03.31 11:42:10.852,0.77884,0.77905,1.00,1.00
2016.03.31 11:42:11.500,0.77885,0.77905,1.00,1.00
2016.03.31 11:42:11.702,0.77885,0.77909,1.12,2.25
2016.03.31 11:42:15.031,0.77885,0.7791,1.87,1.50
2016.03.31 11:42:15.572,0.77885,0.7791,2.25,1.12
2016.03.31 11:42:15.886,0.7789,0.7791,1.00,1.12
2016.03.31 11:42:15.937,0.77886,0.7791,1.75,1.12
2016.03.31 11:42:16.358,0.77886,0.77908,1.75,1.00
2016.03.31 11:42:16.692,0.77885,0.7791,1.00,3.00
2016.03.31 11:42:16.793,0.77885,0.7791,1.50,2.25
2016.03.31 11:42:20.652,0.77884,0.77908,1.37,1.37
2016.03.31 11:42:20.972,0.77883,0.77908,1.12,1.75
2016.03.31 11:42:21.341,0.77888,0.7791,1.12,1.87
2016.03.31 11:42:21.644,0.77885,0.7791,1.87,1.37
2016.03.31 11:42:21.695,0.77885,0.7791,1.50,1.75
2016.03.31 11:42:22.488,0.77883,0.77907,1.50,1.50
2016.03.31 11:42:23.156,0.77882,0.77907,1.37,1.50
2016.03.31 11:42:23.618,0.77881,0.77908,1.12,1.75
2016.03.31 11:42:23.769,0.77885,0.77907,1.00,1.75
2016.03.31 11:42:23.971,0.77882,0.77909,1.00,3.75
2016.03.31 11:42:24.556,0.77883,0.77907,1.00,1.75
2016.03.31 11:42:25.120,0.7788,0.77907,1.87,2.25
2016.03.31 11:42:27.014,0.77882,0.77905,1.00,1.50
2016.03.31 11:42:28.115,0.77883,0.77905,1.00,1.50
2016.03.31 11:42:28.526,0.77885,0.77906,1.00,1.75
2016.03.31 11:42:29.071,0.77884,0.77906,1.50,1.75
2016.03.31 11:42:29.248,0.77884,0.77906,1.87,1.37
2016.03.31 11:42:29.873,0.77884,0.77906,1.37,1.00
2016.03.31 11:42:30.671,0.7789,0.77908,1.00,1.87
2016.03.31 11:42:30.873,0.7789,0.77911,1.00,1.50
2016.03.31 11:42:31.581,0.77889,0.77913,1.50,1.12
2016.03.31 11:42:31.864,0.77895,0.77915,1.00,1.00
2016.03.31 11:42:32.383,0.77891,0.77917,1.75,1.50
2016.03.31 11:42:33.050,0.77891,0.77915,1.75,1.00
2016.03.31 11:42:33.295,0.77886,0.77911,1.75,1.12
2016.03.31 11:42:34.741,0.77885,0.7791,1.75,1.00
2016.03.31 11:42:34.792,0.77885,0.77909,1.12,1.75
2016.03.31 11:42:35.044,0.77884,0.77905,1.50,1.00
2016.03.31 11:42:35.785,0.77881,0.77905,1.50,1.87
2016.03.31 11:42:35.836,0.77879,0.77904,1.75,1.12
2016.03.31 11:42:38.482,0.7788,0.77905,2.25,1.12
2016.03.31 11:42:39.004,0.77882,0.77906,1.50,1.12
2016.03.31 11:42:39.464,0.77886,0.77911,1.00,3.75
2016.03.31 11:42:40.018,0.77885,0.77911,2.25,3.00
2016.03.31 11:42:41.312,0.77886,0.77909,1.00,1.75
2016.03.31 11:42:41.831,0.77885,0.77906,1.00,1.12
2016.03.31 11:42:44.072,0.77882,0.77908,2.85,1.50
2016.03.31 11:42:44.634,0.77885,0.77908,1.00,1.50
2016.03.31 11:42:47.179,0.77884,0.77909,1.12,2.25
2016.03.31 11:42:48.091,0.77885,0.77909,1.00,1.75
2016.03.31 11:42:49.644,0.77885,0.77909,3.00,1.00
2016.03.31 11:42:51.430,0.77885,0.77909,1.87,1.37
2016.03.31 11:42:51.531,0.77885,0.77909,1.12,1.75
2016.03.31 11:42:52.891,0.77886,0.77909,1.00,1.75
2016.03.31 11:42:53.327,0.77887,0.77911,1.87,1.50
2016.03.31 11:42:53.478,0.7789,0.77911,1.00,1.50
2016.03.31 11:42:53.629,0.7789,0.77914,1.12,1.50
2016.03.31 11:42:53.680,0.77895,0.77914,1.00,1.50
2016.03.31 11:42:55.357,0.77895,0.77916,1.00,1.00
2016.03.31 11:42:55.946,0.77895,0.77916,1.00,1.75
2016.03.31 11:42:56.657,0.77891,0.77914,1.12,1.37
2016.03.31 11:42:58.736,0.77895,0.77914,1.00,1.37
2016.03.31 11:42:59.878,0.77891,0.77914,1.87,1.37
2016.03.31 11:43:05.294,0.77892,0.77917,1.00,1.75
2016.03.31 11:43:05.797,0.77891,0.77914,1.12,1.37
2016.03.31 11:43:07.930,0.77892,0.77917,1.00,2.25
2016.03.31 11:43:09.627,0.77891,0.77916,1.12,1.75
2016.03.31 11:43:09.966,0.77895,0.77917,1.00,2.25
2016.03.31 11:43:10.068,0.7789,0.77914,1.87,1.37
2016.03.31 11:43:10.677,0.7789,0.77912,1.87,1.00
2016.03.31 11:43:10.778,0.77891,0.77916,2.25,1.75
2016.03.31 11:43:11.112,0.77895,0.77916,1.00,1.75
2016.03.31 11:43:12.840,0.77891,0.77916,1.50,1.75
2016.03.31 11:43:13.481,0.77895,0.77916,1.00,2.25
2016.03.31 11:43:13.739,0.7789,0.77916,2.25,3.00
2016.03.31 11:43:14.161,0.7789,0.77916,1.87,3.00
2016.03.31 11:43:14.692,0.7789,0.77916,1.50,3.00
2016.03.31 11:43:15.294,0.77891,0.77916,1.00,2.25
2016.03.31 11:43:15.616,0.77895,0.77916,1.00,2.25
2016.03.31 11:43:16.256,0.77891,0.77916,1.00,2.25
2016.03.31 11:43:16.759,0.7789,0.77913,1.00,1.50
2016.03.31 11:43:17.265,0.77891,0.77916,1.87,1.75
2016.03.31 11:43:17.567,0.77895,0.77916,1.00,1.75
2016.03.31 11:43:18.200,0.77894,0.77916,1.00,1.75
2016.03.31 11:43:18.898,0.77895,0.77916,1.00,1.75
2016.03.31 11:43:19.409,0.77894,0.77916,1.00,1.75
2016.03.31 11:43:20.409,0.77895,0.77916,1.00,1.75
2016.03.31 11:43:20.746,0.7789,0.77915,1.75,1.50
2016.03.31 11:43:20.796,0.7789,0.77915,1.00,1.75
2016.03.31 11:43:21.478,0.7789,0.77908,1.00,1.00
2016.03.31 11:43:21.730,0.77886,0.77908,1.00,1.00
2016.03.31 11:43:22.270,0.77885,0.77907,1.00,1.00
2016.03.31 11:43:22.421,0.7789,0.77907,1.00,1.00
2016.03.31 11:43:22.522,0.77885,0.77907,1.00,1.00
2016.03.31 11:43:23.274,0.77885,0.77908,1.00,1.00
2016.03.31 11:43:23.375,0.7789,0.77908,1.00,1.00
2016.03.31 11:43:23.625,0.77885,0.77908,1.00,1.00
2016.03.31 11:43:25.682,0.77885,0.77907,1.00,1.00
2016.03.31 11:43:26.351,0.77885,0.77908,1.00,1.50
2016.03.31 11:43:38.373,0.77886,0.77908,1.00,1.00
2016.03.31 11:43:39.896,0.77887,0.7791,1.00,1.75
2016.03.31 11:43:40.859,0.7789,0.7791,1.00,1.75
2016.03.31 11:43:41.232,0.77887,0.7791,1.00,1.75
2016.03.31 11:43:41.849,0.7789,0.7791,1.00,1.75
2016.03.31 11:43:42.564,0.77887,0.7791,1.00,1.75
2016.03.31 11:43:43.089,0.77886,0.7791,1.12,1.75
2016.03.31 11:43:43.139,0.77886,0.7791,1.75,1.00
2016.03.31 11:43:43.643,0.7789,0.77912,1.00,1.50
2016.03.31 11:43:46.755,0.7789,0.77912,1.00,1.75
2016.03.31 11:43:47.307,0.77889,0.77912,1.00,2.25
2016.03.31 11:43:48.340,0.7789,0.77912,1.00,2.25
2016.03.31 11:43:48.957,0.77886,0.77911,1.12,1.75
2016.03.31 11:43:49.366,0.77889,0.77911,1.00,1.75
2016.03.31 11:43:49.896,0.77886,0.77911,1.12,1.75
2016.03.31 11:43:50.209,0.7789,0.77912,1.00,2.25
2016.03.31 11:43:50.536,0.7789,0.77912,1.00,2.25
2016.03.31 11:43:51.883,0.7789,0.77911,1.00,1.75
2016.03.31 11:43:52.191,0.7791,0.77922,1.00,1.00
2016.03.31 11:43:52.242,0.7791,0.77929,1.00,1.00
2016.03.31 11:43:52.293,0.77912,0.77932,1.00,1.75
2016.03.31 11:43:52.394,0.7791,0.77932,1.00,1.75
2016.03.31 11:43:52.444,0.77915,0.77932,1.00,1.75
2016.03.31 11:43:52.545,0.7791,0.77932,1.50,1.00
2016.03.31 11:43:52.596,0.77913,0.77935,1.00,1.75
2016.03.31 11:43:52.697,0.77911,0.77933,1.12,1.12
2016.03.31 11:43:53.292,0.77912,0.77933,1.00,1.12
2016.03.31 11:43:54.321,0.77914,0.77935,1.00,1.75
2016.03.31 11:43:54.871,0.77915,0.77935,1.00,1.75
2016.03.31 11:43:54.987,0.7791,0.77935,2.25,1.75
2016.03.31 11:43:56.192,0.7791,0.77934,1.12,2.25
2016.03.31 11:43:57.045,0.7792,0.77934,1.00,2.25
2016.03.31 11:43:57.361,0.77919,0.77941,1.00,1.87
2016.03.31 11:43:57.463,0.77919,0.77935,1.00,1.12
2016.03.31 11:43:57.765,0.77919,0.77935,1.00,1.75
2016.03.31 11:43:57.816,0.77915,0.77932,1.00,1.50
2016.03.31 11:43:57.917,0.77911,0.77932,1.00,1.50
2016.03.31 11:43:57.968,0.77911,0.77932,1.00,1.50
2016.03.31 11:43:58.570,0.77915,0.77932,1.00,1.75
2016.03.31 11:43:58.774,0.77915,0.77935,1.00,2.25
2016.03.31 11:44:01.355,0.7792,0.77935,1.00,1.75
2016.03.31 11:44:02.386,0.7792,0.77935,1.00,1.37
2016.03.31 11:44:02.437,0.77915,0.77935,1.50,1.37
2016.03.31 11:44:02.538,0.7792,0.77937,1.00,1.50
2016.03.31 11:44:03.770,0.77919,0.77937,1.00,1.50
2016.03.31 11:44:04.625,0.77925,0.77937,1.00,1.50
2016.03.31 11:44:04.894,0.77925,0.7794,1.00,1.00
2016.03.31 11:44:04.946,0.77925,0.77943,1.00,1.12
2016.03.31 11:44:05.453,0.77926,0.77943,1.00,1.12
2016.03.31 11:44:06.019,0.77925,0.77943,1.50,1.12
2016.03.31 11:44:06.731,0.77925,0.77943,1.00,1.37
2016.03.31 11:44:06.832,0.77922,0.77941,1.00,1.00
2016.03.31 11:44:06.933,0.7792,0.77941,1.00,1.00
2016.03.31 11:44:07.034,0.7792,0.77938,1.00,1.37
2016.03.31 11:44:07.234,0.77915,0.77938,1.37,1.37
2016.03.31 11:44:07.285,0.77914,0.77936,1.00,1.50
2016.03.31 11:44:07.336,0.7791,0.77935,2.62,1.37
2016.03.31 11:44:07.639,0.7792,0.77939,2.85,1.37
2016.03.31 11:44:07.690,0.7792,0.77942,2.85,1.50
2016.03.31 11:44:07.741,0.77924,0.77942,1.00,1.50
2016.03.31 11:44:08.538,0.77925,0.77942,1.00,1.50
2016.03.31 11:44:08.691,0.77925,0.77944,1.00,1.12
2016.03.31 11:44:08.843,0.7793,0.77947,1.00,1.75
2016.03.31 11:44:08.944,0.77925,0.77947,1.00,1.75
2016.03.31 11:44:09.045,0.7793,0.77947,1.00,1.75
2016.03.31 11:44:12.212,0.77929,0.77949,1.00,3.00
2016.03.31 11:44:12.423,0.77929,0.77949,1.00,1.75
2016.03.31 11:44:12.574,0.77927,0.77952,1.50,3.75
2016.03.31 11:44:12.726,0.77925,0.77949,1.00,3.75
2016.03.31 11:44:13.562,0.77925,0.77946,1.00,3.75
2016.03.31 11:44:13.612,0.77922,0.77946,1.00,3.75
2016.03.31 11:44:14.130,0.77924,0.77946,1.00,3.00
2016.03.31 11:44:14.638,0.77925,0.77946,1.00,3.75
2016.03.31 11:44:15.255,0.7793,0.77949,1.00,1.75
2016.03.31 11:44:15.310,0.7793,0.77948,1.00,1.00
2016.03.31 11:44:16.176,0.7793,0.77948,1.00,1.50
2016.03.31 11:44:16.402,0.77925,0.77948,1.50,1.75
2016.03.31 11:44:17.981,0.77925,0.77947,1.00,2.25
2016.03.31 11:44:18.233,0.77925,0.77948,1.00,2.25
2016.03.31 11:44:18.284,0.77927,0.77948,1.00,1.75
2016.03.31 11:44:18.436,0.77927,0.77951,1.00,1.75
2016.03.31 11:44:18.710,0.7793,0.77951,1.00,1.75
2016.03.31 11:44:20.971,0.77928,0.77949,1.00,1.75
2016.03.31 11:44:21.194,0.77925,0.77948,1.12,1.50
2016.03.31 11:44:21.244,0.77925,0.77948,1.00,1.50
2016.03.31 11:44:21.575,0.77925,0.77947,1.00,3.00
2016.03.31 11:44:22.270,0.77925,0.77948,1.00,4.50
2016.03.31 11:44:22.321,0.77925,0.77946,1.00,1.00
2016.03.31 11:44:23.295,0.77926,0.77946,1.00,1.00
2016.03.31 11:44:23.446,0.77926,0.77948,1.12,1.12
2016.03.31 11:44:24.558,0.77927,0.77949,1.00,1.50
2016.03.31 11:44:25.482,0.7793,0.7795,1.00,1.75
2016.03.31 11:44:26.008,0.77929,0.77949,1.00,1.50
2016.03.31 11:44:26.552,0.7793,0.77949,1.00,1.50
2016.03.31 11:44:26.704,0.77935,0.77955,1.00,1.50
2016.03.31 11:44:26.906,0.77932,0.77956,1.12,1.75
2016.03.31 11:44:27.470,0.77934,0.77955,1.00,1.50
2016.03.31 11:44:27.621,0.7793,0.77953,1.50,1.75
2016.03.31 11:44:28.143,0.77929,0.77954,1.12,2.25
2016.03.31 11:44:28.690,0.7793,0.77952,1.00,1.50
2016.03.31 11:44:29.519,0.77929,0.77953,1.12,1.75
2016.03.31 11:44:31.001,0.7793,0.77951,1.00,1.12
2016.03.31 11:44:31.557,0.77928,0.77951,1.50,1.12
2016.03.31 11:44:32.962,0.77927,0.77952,1.00,3.75
2016.03.31 11:44:33.014,0.77925,0.77949,1.87,1.75
2016.03.31 11:44:39.572,0.77926,0.77948,1.00,1.50
2016.03.31 11:44:39.623,0.77926,0.77949,1.37,1.37
2016.03.31 11:44:40.005,0.77931,0.77952,1.12,1.87
2016.03.31 11:44:40.057,0.77931,0.77955,1.12,2.25
2016.03.31 11:44:40.259,0.7793,0.77951,1.50,1.00
2016.03.31 11:44:40.461,0.77928,0.77951,1.00,1.50
2016.03.31 11:44:40.662,0.7793,0.77951,1.00,1.50
2016.03.31 11:44:41.199,0.77929,0.77949,1.12,1.00
2016.03.31 11:44:41.251,0.77929,0.77952,1.12,2.10
2016.03.31 11:44:41.508,0.77931,0.77952,1.00,1.35
2016.03.31 11:44:42.382,0.7793,0.77952,1.50,1.35
2016.03.31 11:44:43.897,0.7793,0.77951,1.50,1.00
2016.03.31 11:44:44.351,0.7793,0.7795,1.00,1.50
2016.03.31 11:44:44.401,0.77927,0.77949,1.12,1.12
2016.03.31 11:44:44.452,0.77927,0.77947,1.12,1.00
2016.03.31 11:44:44.655,0.77927,0.77949,1.12,1.87
2016.03.31 11:44:47.708,0.7793,0.77949,1.00,1.12
2016.03.31 11:44:48.027,0.77927,0.77949,1.12,1.12
2016.03.31 11:44:48.128,0.7793,0.77948,1.00,1.00
2016.03.31 11:44:48.548,0.77927,0.77949,1.12,1.87
2016.03.31 11:44:49.979,0.77929,0.77949,1.00,1.87
2016.03.31 11:44:50.371,0.77929,0.77952,1.12,2.47
2016.03.31 11:44:50.421,0.7793,0.77951,1.00,1.37
2016.03.31 11:44:51.101,0.77929,0.7795,1.00,1.50
2016.03.31 11:44:51.603,0.7793,0.7795,1.00,1.50
2016.03.31 11:44:51.654,0.77927,0.7795,1.00,1.50
2016.03.31 11:44:52.086,0.77926,0.77947,1.00,1.00
2016.03.31 11:44:52.708,0.77926,0.77948,1.00,1.00
2016.03.31 11:44:52.812,0.77926,0.7795,1.00,2.25
2016.03.31 11:44:53.498,0.77923,0.77948,1.50,1.37
2016.03.31 11:44:54.063,0.77925,0.77947,1.00,1.50
2016.03.31 11:44:54.565,0.77924,0.77947,1.00,1.50
2016.03.31 11:44:55.124,0.77923,0.77947,1.12,1.50
2016.03.31 11:44:58.006,0.77921,0.77944,1.75,1.00
2016.03.31 11:44:58.107,0.7792,0.77944,1.30,2.25
2016.03.31 11:45:03.111,0.77921,0.77943,1.00,1.50
2016.03.31 11:45:03.613,0.7792,0.77944,1.12,1.75
2016.03.31 11:45:12.189,0.7792,0.7794,1.00,1.37
2016.03.31 11:45:19.037,0.77916,0.7794,1.12,1.75
2016.03.31 11:45:19.289,0.77915,0.77936,1.50,1.00
2016.03.31 11:45:19.558,0.77915,0.77939,3.00,1.50
2016.03.31 11:45:19.608,0.7792,0.77939,1.00,1.50
2016.03.31 11:45:23.011,0.7792,0.77938,1.00,1.37
2016.03.31 11:45:24.816,0.7792,0.77939,1.00,2.25
2016.03.31 11:45:24.867,0.7792,0.77939,1.00,1.12
2016.03.31 11:45:27.201,0.77925,0.7794,1.00,1.50
2016.03.31 11:45:27.302,0.7792,0.77941,1.00,1.75
2016.03.31 11:45:28.239,0.7792,0.77942,1.00,1.00
2016.03.31 11:45:36.056,0.77922,0.77942,1.35,1.00
2016.03.31 11:45:36.360,0.7793,0.77951,1.00,1.50
2016.03.31 11:45:36.662,0.7793,0.77952,1.75,1.00
2016.03.31 11:45:37.130,0.77935,0.77955,1.00,1.50
2016.03.31 11:45:37.634,0.7793,0.77955,1.75,1.50
2016.03.31 11:45:38.785,0.77934,0.77955,1.00,1.00
2016.03.31 11:45:39.874,0.77935,0.77955,1.00,1.00
2016.03.31 11:45:39.925,0.77935,0.77957,1.00,1.00
2016.03.31 11:45:40.441,0.77935,0.77958,1.00,1.00
2016.03.31 11:45:41.212,0.77934,0.77958,2.25,1.00
2016.03.31 11:45:41.263,0.77935,0.77955,1.00,1.37
2016.03.31 11:45:41.415,0.77931,0.77956,1.75,1.00
2016.03.31 11:45:41.566,0.7793,0.77956,2.10,1.37
2016.03.31 11:45:41.617,0.7793,0.77956,2.10,1.75
2016.03.31 11:45:44.690,0.77931,0.77957,2.25,1.12
2016.03.31 11:45:45.012,0.77937,0.77958,1.00,1.00
2016.03.31 11:45:45.720,0.77937,0.77959,1.00,1.00
2016.03.31 11:45:46.260,0.77937,0.77958,1.00,1.00
2016.03.31 11:45:48.789,0.77937,0.77959,1.00,1.00
2016.03.31 11:45:49.317,0.77935,0.77957,1.00,1.00
2016.03.31 11:45:49.846,0.77935,0.77956,1.00,1.00
2016.03.31 11:45:51.101,0.77935,0.77955,1.00,1.00
2016.03.31 11:45:51.400,0.77933,0.77955,1.00,1.00
2016.03.31 11:45:53.179,0.77935,0.77955,1.00,1.00
2016.03.31 11:45:53.704,0.77935,0.77954,1.00,1.00
2016.03.31 11:45:53.856,0.77935,0.77956,1.00,1.00
2016.03.31 11:45:54.350,0.77935,0.77955,1.97,1.00
2016.03.31 11:45:54.401,0.77939,0.77961,1.00,1.50
2016.03.31 11:45:54.602,0.77944,0.77964,1.00,2.25
2016.03.31 11:45:54.703,0.7794,0.77964,1.50,2.25
2016.03.31 11:45:55.212,0.7794,0.77964,1.75,1.50
2016.03.31 11:45:56.186,0.7794,0.77964,1.50,2.25
2016.03.31 11:45:56.800,0.77945,0.77964,1.00,1.50
2016.03.31 11:45:56.902,0.7794,0.77964,1.50,1.50
2016.03.31 11:45:57.127,0.7794,0.77964,1.75,1.37
2016.03.31 11:45:57.628,0.7794,0.77964,2.25,1.00
2016.03.31 11:45:58.129,0.77945,0.77964,1.00,1.12
2016.03.31 11:45:58.231,0.77941,0.77964,1.12,1.50
2016.03.31 11:45:58.533,0.77936,0.77963,3.00,1.50
2016.03.31 11:45:58.634,0.77936,0.77962,1.75,1.75
2016.03.31 11:45:58.892,0.77932,0.77957,2.25,1.12
2016.03.31 11:45:58.943,0.77931,0.77957,2.25,1.12
2016.03.31 11:45:59.144,0.7793,0.77956,1.75,1.87
2016.03.31 11:45:59.245,0.7793,0.77956,1.75,1.75
2016.03.31 11:45:59.447,0.77928,0.77954,1.50,1.50
2016.03.31 11:45:59.549,0.77928,0.77954,1.50,1.75
2016.03.31 11:46:00.236,0.77925,0.77947,1.75,1.00
2016.03.31 11:46:00.539,0.77929,0.77954,1.50,2.62
2016.03.31 11:46:01.231,0.7793,0.77957,3.00,1.50
2016.03.31 11:46:01.991,0.7793,0.77954,1.75,1.00
2016.03.31 11:46:02.042,0.7793,0.77953,1.50,1.12
2016.03.31 11:46:02.543,0.7793,0.77953,1.00,2.25
2016.03.31 11:46:02.645,0.77926,0.77948,1.00,1.75
2016.03.31 11:46:02.746,0.77921,0.77944,1.75,1.00
2016.03.31 11:46:03.261,0.77921,0.77946,1.75,1.50
2016.03.31 11:46:04.406,0.77925,0.77946,1.00,1.50
2016.03.31 11:46:06.833,0.77921,0.77947,1.75,2.25
2016.03.31 11:46:06.898,0.77925,0.77945,1.00,1.12
2016.03.31 11:46:08.247,0.7792,0.77945,1.87,1.37
2016.03.31 11:46:08.298,0.7792,0.77945,1.00,1.75
2016.03.31 11:46:08.825,0.77919,0.77945,1.00,1.75
2016.03.31 11:46:10.578,0.77917,0.77941,1.00,1.75
2016.03.31 11:46:10.780,0.7791,0.77934,1.75,1.12
2016.03.31 11:46:14.416,0.77908,0.77932,1.75,1.00
2016.03.31 11:46:14.466,0.77908,0.77932,1.12,1.75
2016.03.31 11:46:14.869,0.7791,0.77933,1.00,1.75
2016.03.31 11:46:16.149,0.7791,0.77933,1.37,1.50
2016.03.31 11:46:16.199,0.7791,0.77933,1.50,1.12
2016.03.31 11:46:17.898,0.77909,0.77933,1.87,1.50
2016.03.31 11:46:17.949,0.77909,0.77935,2.25,2.25
2016.03.31 11:46:18.949,0.77908,0.77932,1.12,1.75
2016.03.31 11:46:18.999,0.77908,0.77932,1.75,1.00
2016.03.31 11:46:22.353,0.77908,0.77933,1.75,1.12
2016.03.31 11:46:22.962,0.7791,0.77934,1.87,1.12
2016.03.31 11:46:23.526,0.7791,0.77935,3.00,1.12
2016.03.31 11:46:26.630,0.77915,0.77935,1.00,1.12
2016.03.31 11:46:30.494,0.77911,0.77935,1.75,1.12
2016.03.31 11:46:35.861,0.77915,0.77936,1.00,1.50
2016.03.31 11:46:36.514,0.77912,0.77935,1.50,1.12
2016.03.31 11:46:37.495,0.77915,0.77937,1.00,2.25
2016.03.31 11:46:38.990,0.77915,0.77936,1.12,1.12
2016.03.31 11:46:45.754,0.77915,0.77937,1.12,1.87
2016.03.31 11:46:46.056,0.77915,0.77939,2.25,1.50
2016.03.31 11:46:47.280,0.77915,0.7794,1.50,1.12
2016.03.31 11:46:49.135,0.77917,0.77942,1.75,1.50
2016.03.31 11:46:49.457,0.77915,0.77939,3.00,1.00
2016.03.31 11:46:49.508,0.77915,0.77939,1.75,1.00
2016.03.31 11:46:50.660,0.77915,0.77941,2.25,2.25
2016.03.31 11:46:50.711,0.7792,0.77941,1.00,2.25
2016.03.31 11:46:50.863,0.7792,0.77942,2.25,1.00
2016.03.31 11:46:51.065,0.77921,0.77946,1.75,1.87
2016.03.31 11:46:51.601,0.77925,0.7795,1.87,3.00
2016.03.31 11:46:51.653,0.77925,0.7795,2.25,2.25
2016.03.31 11:46:57.384,0.77921,0.7794,1.37,1.12
2016.03.31 11:46:57.436,0.7792,0.7794,1.00,1.50
2016.03.31 11:46:57.538,0.77919,0.77938,1.00,1.37
2016.03.31 11:46:57.740,0.77915,0.77939,1.00,1.75
2016.03.31 11:47:03.573,0.7792,0.77939,1.00,1.75
2016.03.31 11:47:03.674,0.77915,0.77939,1.00,1.75
2016.03.31 11:47:06.653,0.77914,0.77935,1.12,1.00
2016.03.31 11:47:07.198,0.77915,0.77935,1.00,1.00
2016.03.31 11:47:07.750,0.77915,0.77938,1.00,1.75
2016.03.31 11:47:12.369,0.77915,0.77935,1.00,1.00
2016.03.31 11:47:12.919,0.77913,0.77935,1.50,1.00
2016.03.31 11:47:13.390,0.77913,0.77935,1.75,1.00
2016.03.31 11:47:14.269,0.77913,0.77938,1.75,1.12
2016.03.31 11:47:21.102,0.77915,0.77937,1.50,1.00
2016.03.31 11:47:23.713,0.77915,0.77938,1.50,1.12
2016.03.31 11:47:28.321,0.77915,0.77936,1.12,1.12
2016.03.31 11:47:28.870,0.77913,0.77935,1.50,1.00
2016.03.31 11:47:29.198,0.77913,0.77935,1.75,1.00
2016.03.31 11:47:30.616,0.77915,0.77936,1.50,1.00
2016.03.31 11:47:30.924,0.7792,0.77942,1.00,1.75
2016.03.31 11:47:31.508,0.7792,0.77942,1.00,2.25
2016.03.31 11:47:31.971,0.77915,0.77938,2.25,1.00
2016.03.31 11:47:33.243,0.77915,0.7794,2.25,1.00
2016.03.31 11:47:33.929,0.77916,0.77939,1.75,1.00
2016.03.31 11:47:35.736,0.7792,0.77941,1.00,1.12
2016.03.31 11:47:36.500,0.77925,0.77943,1.00,1.75
2016.03.31 11:47:36.651,0.7793,0.77949,1.00,1.87
2016.03.31 11:47:36.827,0.77925,0.77947,1.50,1.00
2016.03.31 11:47:36.928,0.7793,0.77949,1.00,1.87
2016.03.31 11:47:37.029,0.77925,0.77949,1.50,2.62
2016.03.31 11:47:37.531,0.77924,0.77948,1.75,1.00
2016.03.31 11:47:38.033,0.77925,0.77949,1.50,2.62
2016.03.31 11:47:46.574,0.77925,0.77949,1.37,3.00
2016.03.31 11:47:46.675,0.77925,0.77949,1.00,3.00
2016.03.31 11:47:48.374,0.77925,0.77949,1.75,2.62
2016.03.31 11:47:51.675,0.77924,0.77949,1.87,1.50
2016.03.31 11:47:51.776,0.77925,0.77949,1.00,1.75
2016.03.31 11:47:52.090,0.77926,0.77949,1.00,1.00
2016.03.31 11:47:52.438,0.7793,0.77949,1.00,1.00
2016.03.31 11:47:52.652,0.77926,0.77949,1.00,1.00
2016.03.31 11:47:55.027,0.77926,0.7795,1.00,2.25
2016.03.31 11:47:55.421,0.7793,0.7795,1.00,2.25
2016.03.31 11:47:56.079,0.7793,0.77952,1.12,1.87
2016.03.31 11:47:56.280,0.7793,0.77949,1.12,1.00
2016.03.31 11:47:59.959,0.77925,0.7795,1.75,1.00
2016.03.31 11:48:01.455,0.77925,0.77951,2.25,1.50
2016.03.31 11:48:02.133,0.7793,0.7795,1.12,1.00
2016.03.31 11:48:02.349,0.77925,0.77949,1.75,1.12
2016.03.31 11:48:03.199,0.77929,0.77951,1.00,2.25
2016.03.31 11:48:03.354,0.77929,0.77951,1.37,1.00
2016.03.31 11:48:03.903,0.77929,0.7795,1.37,1.00
2016.03.31 11:48:04.409,0.7793,0.7795,1.00,1.50
2016.03.31 11:48:06.929,0.77925,0.77949,1.75,1.12
2016.03.31 11:48:07.052,0.7793,0.7795,1.00,2.25
2016.03.31 11:48:07.610,0.77926,0.7795,1.50,1.50
2016.03.31 11:48:08.831,0.77926,0.77951,1.75,1.50
2016.03.31 11:48:12.556,0.7793,0.77952,1.12,1.87
2016.03.31 11:48:16.023,0.7793,0.77951,1.12,1.00
2016.03.31 11:48:16.540,0.7793,0.7795,1.12,1.00
2016.03.31 11:48:18.044,0.7793,0.77949,1.12,1.00
2016.03.31 11:48:18.564,0.7793,0.7795,1.12,1.00
2016.03.31 11:48:21.378,0.77925,0.77949,1.75,1.00
2016.03.31 11:48:21.884,0.77925,0.77949,1.50,2.25
2016.03.31 11:48:22.693,0.77925,0.77946,1.50,1.00
2016.03.31 11:48:22.794,0.7792,0.77946,2.25,3.00
2016.03.31 11:48:23.467,0.77925,0.77945,1.00,1.75
2016.03.31 11:48:25.508,0.77925,0.77946,1.00,1.12
2016.03.31 11:48:25.659,0.7793,0.77946,1.00,1.12
2016.03.31 11:48:32.920,0.7793,0.77952,1.00,1.50
2016.03.31 11:48:33.905,0.77929,0.77952,1.12,3.00
2016.03.31 11:48:34.434,0.7793,0.77952,1.00,2.25
2016.03.31 11:48:35.089,0.77929,0.77952,1.12,1.50
2016.03.31 11:48:35.662,0.7793,0.77952,1.00,1.50
2016.03.31 11:48:38.363,0.77945,0.77957,1.00,1.75
2016.03.31 11:48:38.414,0.77945,0.77957,1.35,1.00
2016.03.31 11:48:38.464,0.7795,0.77967,1.00,2.77
2016.03.31 11:48:38.515,0.77949,0.7797,2.25,1.27
2016.03.31 11:48:38.616,0.7795,0.77972,1.12,1.12
2016.03.31 11:48:39.128,0.7795,0.77971,1.12,1.00
2016.03.31 11:48:39.599,0.77945,0.7797,3.00,1.37
2016.03.31 11:48:39.650,0.77945,0.7797,2.25,2.25
2016.03.31 11:48:39.700,0.77945,0.7797,1.87,3.00
2016.03.31 11:48:40.003,0.77944,0.77964,1.00,1.37
2016.03.31 11:48:40.154,0.77939,0.77963,1.87,1.50
2016.03.31 11:48:40.793,0.7794,0.77962,1.00,1.87
2016.03.31 11:48:40.944,0.77945,0.77962,1.00,1.87
2016.03.31 11:48:41.798,0.7794,0.77962,1.00,1.37
2016.03.31 11:48:42.164,0.77944,0.77962,1.00,1.37
2016.03.31 11:48:43.045,0.7794,0.77963,1.00,1.50
2016.03.31 11:48:44.384,0.7794,0.7796,1.00,1.00
2016.03.31 11:48:45.098,0.7794,0.77961,1.00,1.12
2016.03.31 11:48:45.611,0.7794,0.77959,1.00,1.00
2016.03.31 11:48:46.116,0.7794,0.77959,1.00,1.50
2016.03.31 11:48:46.368,0.7795,0.77974,1.00,1.75
2016.03.31 11:48:46.570,0.77947,0.77973,1.12,1.75
2016.03.31 11:48:47.035,0.77945,0.77967,1.00,3.00
2016.03.31 11:48:48.344,0.77945,0.77967,1.00,3.00
2016.03.31 11:48:48.395,0.7794,0.77964,1.00,1.75
2016.03.31 11:48:50.079,0.77945,0.77962,2.85,1.50
2016.03.31 11:48:50.281,0.77955,0.77974,1.00,1.00
2016.03.31 11:48:54.835,0.77954,0.77974,1.00,1.00
2016.03.31 11:48:55.454,0.77955,0.77974,1.00,1.00
2016.03.31 11:48:58.109,0.77959,0.77974,1.00,1.00
2016.03.31 11:48:58.410,0.77955,0.77974,1.00,1.00
2016.03.31 11:48:58.887,0.77957,0.77974,1.00,1.00
2016.03.31 11:48:59.102,0.77956,0.77979,1.00,1.75
2016.03.31 11:49:00.165,0.77957,0.77979,1.00,1.75
2016.03.31 11:49:00.713,0.77957,0.77982,1.00,2.25
2016.03.31 11:49:01.263,0.77956,0.77982,1.12,2.25
2016.03.31 11:49:01.364,0.77957,0.77982,1.37,1.75
2016.03.31 11:49:01.415,0.77957,0.77982,1.37,1.37
2016.03.31 11:49:01.616,0.7796,0.77983,1.00,1.50
2016.03.31 11:49:01.667,0.7796,0.77983,1.37,1.00
2016.03.31 11:49:02.677,0.7796,0.77983,1.12,1.37
2016.03.31 11:49:04.622,0.7796,0.77983,1.00,2.25
2016.03.31 11:49:04.953,0.7797,0.77981,1.00,1.75
2016.03.31 11:49:05.007,0.7797,0.7799,1.50,1.52
2016.03.31 11:49:05.058,0.77974,0.77992,1.00,1.27
2016.03.31 11:49:05.109,0.77974,0.77999,1.00,2.02
2016.03.31 11:49:05.210,0.77975,0.77999,1.37,1.37
2016.03.31 11:49:05.669,0.7798,0.78001,1.00,1.75
2016.03.31 11:49:06.092,0.7798,0.78002,1.00,1.50
2016.03.31 11:49:06.194,0.7798,0.78002,1.00,1.50
2016.03.31 11:49:06.481,0.77984,0.78009,1.00,4.50
2016.03.31 11:49:06.833,0.77984,0.7801,1.50,1.75
2016.03.31 11:49:07.166,0.77985,0.78008,1.00,1.50
2016.03.31 11:49:07.471,0.77989,0.78012,1.00,1.75
2016.03.31 11:49:07.572,0.77986,0.78012,1.00,1.75
2016.03.31 11:49:08.027,0.77984,0.7801,1.00,3.00
2016.03.31 11:49:08.553,0.77985,0.7801,1.50,2.25
2016.03.31 11:49:08.804,0.7798,0.78004,2.10,1.00
2016.03.31 11:49:08.905,0.7798,0.78003,1.37,1.37
2016.03.31 11:49:09.007,0.77978,0.78004,1.12,1.75
2016.03.31 11:49:09.182,0.77977,0.77997,1.50,1.00
2016.03.31 11:49:09.511,0.7799,0.78004,1.00,1.87
2016.03.31 11:49:09.561,0.77989,0.78011,1.00,2.25
2016.03.31 11:49:10.111,0.7799,0.78011,1.00,2.25
2016.03.31 11:49:11.302,0.77987,0.78009,1.00,2.25
2016.03.31 11:49:11.403,0.77984,0.78008,1.00,1.75
2016.03.31 11:49:11.930,0.77983,0.78008,1.00,1.75
2016.03.31 11:49:12.287,0.77981,0.78006,1.12,2.25
2016.03.31 11:49:12.636,0.77982,0.78003,1.00,1.75
2016.03.31 11:49:12.686,0.77977,0.78003,1.00,2.25
2016.03.31 11:49:13.224,0.77975,0.78001,1.50,1.75
2016.03.31 11:49:14.912,0.77976,0.78001,1.00,3.75
2016.03.31 11:49:15.512,0.77975,0.78001,1.00,3.75
2016.03.31 11:49:16.062,0.77976,0.78001,1.00,3.00
2016.03.31 11:49:16.627,0.77975,0.78001,1.50,3.00
2016.03.31 11:49:21.836,0.77974,0.77999,1.00,1.75
2016.03.31 11:49:22.368,0.77973,0.77998,1.12,1.75
2016.03.31 11:49:24.407,0.77975,0.77996,1.00,1.37
2016.03.31 11:49:24.628,0.77972,0.77996,1.37,1.37
2016.03.31 11:49:25.797,0.77975,0.77996,1.00,1.37
2016.03.31 11:49:26.140,0.77972,0.77996,1.37,1.37
2016.03.31 11:49:27.351,0.77975,0.77995,1.00,1.12
2016.03.31 11:49:27.667,0.77973,0.77997,1.12,1.50
2016.03.31 11:49:28.676,0.77974,0.77998,1.00,1.75
2016.03.31 11:49:30.307,0.77973,0.77996,1.12,1.37
2016.03.31 11:49:30.565,0.77975,0.77997,1.00,1.50
2016.03.31 11:49:30.746,0.77973,0.77997,1.12,1.50
2016.03.31 11:49:31.668,0.77975,0.77999,1.00,2.25
2016.03.31 11:49:31.769,0.77972,0.77998,1.37,1.75
2016.03.31 11:49:32.793,0.77974,0.77997,1.50,1.00
2016.03.31 11:49:33.248,0.77973,0.77999,1.50,1.87
2016.03.31 11:49:33.750,0.77973,0.77998,1.12,1.75
2016.03.31 11:49:36.486,0.77975,0.77995,1.00,1.12
2016.03.31 11:49:36.587,0.77973,0.77998,1.87,1.75
2016.03.31 11:49:38.265,0.77975,0.77997,1.00,1.50
2016.03.31 11:49:38.568,0.7798,0.78,1.00,1.75
2016.03.31 11:49:39.562,0.77977,0.78001,1.00,1.75
2016.03.31 11:49:39.927,0.77975,0.78001,2.62,1.75
2016.03.31 11:49:40.428,0.77976,0.78001,1.00,1.75
2016.03.31 11:49:40.970,0.77975,0.78001,1.87,1.75
2016.03.31 11:49:41.634,0.77976,0.78001,1.00,1.75
2016.03.31 11:49:42.337,0.77977,0.78001,1.00,1.75
2016.03.31 11:49:45.192,0.77978,0.78002,1.00,1.75
2016.03.31 11:49:46.153,0.77977,0.78003,1.50,2.25
2016.03.31 11:49:47.345,0.77976,0.78,1.00,1.75
2016.03.31 11:49:48.834,0.77978,0.78002,1.00,1.75
2016.03.31 11:49:48.935,0.77978,0.78002,1.12,1.75
2016.03.31 11:49:50.817,0.77979,0.78003,1.00,1.75
2016.03.31 11:49:51.394,0.77978,0.78003,1.12,1.75
2016.03.31 11:49:53.688,0.77978,0.78001,1.00,1.50
2016.03.31 11:49:54.001,0.77975,0.77998,1.00,1.50
2016.03.31 11:50:01.266,0.77977,0.77998,1.00,1.00
2016.03.31 11:50:01.569,0.77981,0.78005,1.00,1.75
2016.03.31 11:50:01.848,0.77985,0.78008,1.00,1.75
2016.03.31 11:50:03.195,0.77985,0.78009,1.60,1.75
2016.03.31 11:50:03.412,0.7799,0.78011,1.00,1.50
2016.03.31 11:50:03.536,0.77987,0.78011,1.50,1.50
2016.03.31 11:50:04.834,0.77987,0.78009,1.00,1.00
2016.03.31 11:50:05.290,0.77985,0.78009,1.37,1.37
2016.03.31 11:50:05.340,0.77983,0.78007,1.50,2.25
2016.03.31 11:50:05.492,0.77982,0.78006,1.37,1.50
2016.03.31 11:50:05.543,0.77982,0.78006,1.00,1.75
2016.03.31 11:50:06.005,0.77979,0.78002,1.37,1.37
2016.03.31 11:50:06.056,0.77979,0.78002,1.00,1.75
2016.03.31 11:50:07.976,0.77976,0.78001,1.50,1.75
2016.03.31 11:50:14.379,0.77977,0.78001,1.12,2.25
2016.03.31 11:50:14.480,0.77975,0.77997,1.00,1.00
2016.03.31 11:50:16.547,0.77974,0.77997,1.00,1.00
2016.03.31 11:50:17.191,0.77973,0.77997,1.50,1.50
2016.03.31 11:50:17.735,0.77973,0.77996,1.00,1.00
2016.03.31 11:50:18.242,0.77973,0.77997,1.50,1.50
2016.03.31 11:50:19.394,0.77973,0.77996,1.00,1.00
2016.03.31 11:50:20.351,0.77973,0.77995,1.00,1.00
2016.03.31 11:50:25.072,0.7797,0.77994,1.75,1.37
2016.03.31 11:50:25.123,0.7797,0.77994,2.25,1.50
2016.03.31 11:50:27.179,0.77974,0.77994,1.00,1.50
2016.03.31 11:50:27.714,0.77975,0.77996,1.00,1.75
2016.03.31 11:50:32.457,0.77974,0.77997,1.00,1.35
2016.03.31 11:50:33.270,0.7797,0.77993,1.50,1.12
2016.03.31 11:50:33.371,0.7797,0.77993,1.12,1.37
2016.03.31 11:50:33.624,0.7797,0.77994,1.37,1.12
2016.03.31 11:50:33.787,0.7797,0.77994,1.00,1.37
2016.03.31 11:50:34.355,0.77969,0.77993,2.62,1.75
2016.03.31 11:50:34.866,0.7797,0.77993,1.00,1.75
2016.03.31 11:50:40.593,0.77969,0.77994,1.87,1.75
2016.03.31 11:50:41.694,0.7797,0.77993,1.00,1.75
2016.03.31 11:50:43.502,0.77968,0.77993,2.25,1.75
2016.03.31 11:50:43.822,0.77966,0.7799,1.87,3.37
2016.03.31 11:50:44.564,0.77965,0.77987,1.50,1.00
2016.03.31 11:50:44.887,0.77961,0.77985,3.75,1.00
2016.03.31 11:50:45.668,0.77965,0.77988,1.50,1.87
2016.03.31 11:50:46.114,0.7797,0.77991,1.00,1.75
2016.03.31 11:50:50.275,0.77965,0.7799,2.25,1.75
2016.03.31 11:50:50.933,0.7797,0.7799,1.00,1.75
2016.03.31 11:50:51.502,0.77965,0.77989,2.25,1.50
2016.03.31 11:50:52.055,0.7797,0.77989,1.00,1.50
2016.03.31 11:50:54.582,0.77965,0.77987,1.50,1.00
2016.03.31 11:50:54.788,0.77965,0.77987,1.37,1.37
2016.03.31 11:50:55.041,0.77965,0.77987,1.00,1.12
2016.03.31 11:50:55.787,0.77965,0.77989,1.37,1.37
2016.03.31 11:50:55.838,0.77967,0.77991,1.12,1.75
2016.03.31 11:50:55.939,0.7797,0.77991,1.00,1.75
2016.03.31 11:50:56.167,0.77969,0.77993,2.25,1.50
2016.03.31 11:50:57.432,0.7797,0.77991,1.12,1.00
2016.03.31 11:50:58.098,0.7797,0.77991,1.12,1.37
2016.03.31 11:50:58.996,0.7797,0.77991,1.00,1.75
2016.03.31 11:50:59.583,0.7797,0.77995,2.25,1.50
2016.03.31 11:50:59.684,0.77975,0.77994,1.00,1.12
2016.03.31 11:51:00.911,0.77971,0.77995,1.12,1.50
2016.03.31 11:51:01.378,0.77975,0.77994,1.00,1.12
2016.03.31 11:51:01.866,0.77975,0.77998,1.00,1.75
2016.03.31 11:51:03.043,0.77975,0.77995,1.00,1.00
2016.03.31 11:51:04.234,0.77977,0.77995,1.00,1.00
2016.03.31 11:51:04.554,0.77984,0.77995,1.00,1.00
2016.03.31 11:51:05.053,0.77984,0.78007,1.12,1.50
2016.03.31 11:51:05.596,0.77985,0.78006,1.00,1.12
2016.03.31 11:51:06.234,0.77982,0.78006,2.25,1.12
2016.03.31 11:51:07.084,0.77982,0.78005,1.75,1.00
2016.03.31 11:51:07.286,0.7798,0.78004,2.25,1.50
2016.03.31 11:51:11.143,0.77978,0.78001,1.00,1.00
2016.03.31 11:51:11.651,0.77979,0.78001,1.00,1.50
2016.03.31 11:51:12.587,0.77978,0.78001,1.00,1.00
2016.03.31 11:51:13.371,0.77977,0.78001,1.00,1.00
2016.03.31 11:51:13.433,0.7798,0.78001,1.00,1.00
2016.03.31 11:51:14.313,0.7798,0.78002,1.00,3.75
2016.03.31 11:51:16.764,0.77975,0.77999,1.00,2.25
2016.03.31 11:51:16.814,0.77975,0.77999,1.00,3.00
2016.03.31 11:51:16.866,0.77973,0.77995,1.00,1.50
2016.03.31 11:51:17.017,0.7797,0.77993,1.00,1.75
2016.03.31 11:51:17.068,0.77967,0.77992,1.87,1.75
2016.03.31 11:51:17.311,0.77969,0.77992,1.00,1.75
2016.03.31 11:51:17.959,0.7797,0.77994,1.50,3.75
2016.03.31 11:51:20.074,0.77975,0.77994,1.00,3.00
2016.03.31 11:51:20.225,0.77975,0.77997,1.00,3.75
2016.03.31 11:51:20.720,0.77971,0.77995,1.00,1.75
2016.03.31 11:51:21.573,0.7797,0.77994,1.12,1.75
2016.03.31 11:51:21.724,0.7797,0.77994,1.00,3.00
2016.03.31 11:51:22.069,0.77967,0.77994,1.12,3.75
2016.03.31 11:51:22.484,0.77967,0.77992,1.00,3.00
2016.03.31 11:51:22.783,0.77965,0.7799,1.50,1.75
2016.03.31 11:51:23.552,0.77964,0.77989,1.12,2.25
2016.03.31 11:51:24.092,0.77965,0.77989,1.00,1.75
2016.03.31 11:51:24.638,0.77962,0.77988,2.25,1.75
2016.03.31 11:51:25.533,0.77965,0.77984,1.00,1.00
2016.03.31 11:51:25.584,0.77963,0.77984,1.00,1.00
2016.03.31 11:51:25.685,0.7796,0.77984,1.50,1.00
2016.03.31 11:51:25.836,0.77959,0.77983,1.00,1.75
2016.03.31 11:51:26.038,0.77963,0.77986,1.12,1.50
2016.03.31 11:51:26.240,0.77965,0.77989,1.00,1.75
2016.03.31 11:51:26.341,0.77965,0.77989,1.50,1.50
2016.03.31 11:51:28.373,0.77967,0.77992,1.00,2.25
2016.03.31 11:51:28.424,0.7797,0.77992,1.72,1.87
2016.03.31 11:51:28.663,0.77975,0.78,1.37,3.00
2016.03.31 11:51:29.524,0.77974,0.77999,1.37,2.25
2016.03.31 11:51:29.574,0.77974,0.77999,1.00,2.25
2016.03.31 11:51:30.111,0.77972,0.77997,1.50,2.25
2016.03.31 11:51:30.524,0.77975,0.77999,1.00,1.75
2016.03.31 11:51:30.676,0.77975,0.78,2.25,1.75
2016.03.31 11:51:31.113,0.77978,0.78002,1.00,1.75
2016.03.31 11:51:31.487,0.7799,0.78011,1.00,1.75
2016.03.31 11:51:32.073,0.77986,0.78011,1.50,1.75
2016.03.31 11:51:32.124,0.77986,0.78011,1.37,1.75
2016.03.31 11:51:32.225,0.77985,0.7801,1.00,1.75
2016.03.31 11:51:32.678,0.77983,0.78008,1.12,1.75
2016.03.31 11:51:33.199,0.77984,0.78009,1.00,2.25
2016.03.31 11:51:33.621,0.77986,0.78009,1.00,1.75
2016.03.31 11:51:35.482,0.77987,0.78009,1.00,1.75
2016.03.31 11:51:35.583,0.77987,0.78009,1.00,1.50
2016.03.31 11:51:35.890,0.7799,0.78009,1.00,1.50
2016.03.31 11:51:36.188,0.7799,0.78014,1.12,1.75
2016.03.31 11:51:36.856,0.77989,0.78013,1.37,1.75
2016.03.31 11:51:37.185,0.77988,0.7801,1.00,1.00
2016.03.31 11:51:37.866,0.77994,0.7801,1.00,1.00
2016.03.31 11:51:37.966,0.77995,0.78016,1.50,1.75
2016.03.31 11:51:38.017,0.78001,0.78018,1.00,2.25
2016.03.31 11:51:38.068,0.78001,0.78025,1.00,2.85
2016.03.31 11:51:38.374,0.78001,0.7802,1.00,1.75
2016.03.31 11:51:38.802,0.77998,0.7802,1.00,1.75
2016.03.31 11:51:38.903,0.77995,0.7802,1.12,1.75
2016.03.31 11:51:40.163,0.77993,0.78017,1.37,1.50
2016.03.31 11:51:40.307,0.77993,0.78017,1.00,1.75
2016.03.31 11:51:43.522,0.77991,0.78016,1.50,1.50
2016.03.31 11:51:44.865,0.7799,0.78015,2.47,1.50
2016.03.31 11:51:44.916,0.7799,0.78015,2.47,1.75
2016.03.31 11:51:45.413,0.7799,0.78011,1.50,2.25
2016.03.31 11:51:45.566,0.7798,0.78002,1.00,2.25
2016.03.31 11:51:45.667,0.77978,0.77999,1.00,2.25
2016.03.31 11:51:45.717,0.77975,0.77998,1.00,3.75
2016.03.31 11:51:45.768,0.77975,0.77995,1.00,2.25
2016.03.31 11:51:46.070,0.77975,0.77992,1.00,2.25
2016.03.31 11:51:46.121,0.77972,0.77992,1.00,2.25
2016.03.31 11:51:46.346,0.77972,0.77987,1.00,2.25
2016.03.31 11:51:46.397,0.77965,0.77982,1.50,1.00
2016.03.31 11:51:46.498,0.7796,0.77976,1.50,1.00
2016.03.31 11:51:46.700,0.77955,0.77977,1.50,2.25
2016.03.31 11:51:46.801,0.77956,0.77975,1.00,2.25
2016.03.31 11:51:47.003,0.77955,0.77979,1.00,2.25
2016.03.31 11:51:47.054,0.77955,0.77976,1.00,2.25
2016.03.31 11:51:47.602,0.77954,0.77974,1.00,1.75
2016.03.31 11:51:47.904,0.77965,0.77973,1.00,1.00
2016.03.31 11:51:47.955,0.77965,0.77981,1.00,1.12
2016.03.31 11:51:48.056,0.7796,0.77982,1.00,3.00
2016.03.31 11:51:48.382,0.7796,0.77977,1.00,3.00
2016.03.31 11:51:48.534,0.77956,0.77971,1.60,1.00
2016.03.31 11:51:48.736,0.77955,0.77971,1.50,1.00
2016.03.31 11:51:49.370,0.7796,0.77971,1.00,1.00
2016.03.31 11:51:49.431,0.7796,0.7798,1.00,1.27
2016.03.31 11:51:49.583,0.7796,0.7798,1.00,2.25
2016.03.31 11:51:49.835,0.77965,0.77983,1.00,1.50
2016.03.31 11:51:49.886,0.77965,0.77987,1.00,3.75
2016.03.31 11:51:50.037,0.77965,0.77983,1.00,1.00
2016.03.31 11:51:50.088,0.77962,0.77985,2.10,2.25
2016.03.31 11:51:50.416,0.77964,0.77979,1.50,1.00
2016.03.31 11:51:50.961,0.77965,0.77985,1.00,2.25
2016.03.31 11:51:51.011,0.77965,0.77986,1.50,2.25
2016.03.31 11:51:51.364,0.7797,0.77986,1.00,2.25
2016.03.31 11:51:51.872,0.77965,0.77986,2.25,2.25
2016.03.31 11:51:55.033,0.77964,0.77986,1.00,2.25
2016.03.31 11:51:55.084,0.77964,0.77979,1.00,1.87
2016.03.31 11:51:55.134,0.77955,0.77978,1.00,3.00
2016.03.31 11:51:55.185,0.77955,0.77977,1.00,2.25
2016.03.31 11:51:55.695,0.77955,0.77976,1.00,2.25
2016.03.31 11:51:57.153,0.77954,0.77976,1.00,2.25
2016.03.31 11:51:57.686,0.77955,0.77976,1.00,2.25
2016.03.31 11:51:58.747,0.77954,0.77976,1.50,2.25
2016.03.31 11:51:59.590,0.77955,0.77976,1.00,3.00
2016.03.31 11:52:00.590,0.77951,0.77975,1.50,1.75
2016.03.31 11:52:00.641,0.7795,0.77973,2.10,3.00
2016.03.31 11:52:00.985,0.77947,0.77969,1.00,2.25
2016.03.31 11:52:01.086,0.77945,0.77969,1.50,2.25
2016.03.31 11:52:01.621,0.77946,0.77969,1.00,3.00
2016.03.31 11:52:02.044,0.7795,0.77969,1.00,2.25
2016.03.31 11:52:02.656,0.77946,0.77969,1.50,2.25
2016.03.31 11:52:02.828,0.77944,0.77968,1.00,1.75
2016.03.31 11:52:02.929,0.77945,0.77962,1.00,1.87
2016.03.31 11:52:04.218,0.7794,0.77962,1.00,2.25
2016.03.31 11:52:04.677,0.77945,0.77962,1.00,2.25
2016.03.31 11:52:04.903,0.7795,0.77963,1.00,1.00
2016.03.31 11:52:05.417,0.77945,0.77963,2.25,1.00
2016.03.31 11:52:05.931,0.77946,0.77963,1.50,1.00
2016.03.31 11:52:06.433,0.77947,0.77963,1.00,1.00
2016.03.31 11:52:06.621,0.7795,0.77963,1.00,1.00
2016.03.31 11:52:06.744,0.77946,0.77963,1.50,1.00
2016.03.31 11:52:06.845,0.77949,0.77963,1.00,1.00
2016.03.31 11:52:10.034,0.7795,0.77963,1.00,1.00
2016.03.31 11:52:10.712,0.77955,0.77963,1.00,1.00
2016.03.31 11:52:11.435,0.77955,0.7797,1.00,2.25
2016.03.31 11:52:14.477,0.77958,0.77971,1.37,1.87
2016.03.31 11:52:14.729,0.7797,0.7799,1.00,1.75
2016.03.31 11:52:14.983,0.77967,0.77987,1.60,1.87
2016.03.31 11:52:15.034,0.77967,0.77987,1.00,2.25
2016.03.31 11:52:15.135,0.77965,0.77987,1.50,2.25
2016.03.31 11:52:15.186,0.77965,0.77986,1.00,2.25
2016.03.31 11:52:15.797,0.77961,0.77986,1.00,3.00
2016.03.31 11:52:15.848,0.77961,0.7798,1.00,1.87
2016.03.31 11:52:15.898,0.77956,0.7798,1.30,1.87
2016.03.31 11:52:15.949,0.77955,0.77976,2.10,2.25
2016.03.31 11:52:17.439,0.77953,0.77976,1.00,2.25
2016.03.31 11:52:17.490,0.77952,0.77972,1.00,2.25
2016.03.31 11:52:17.754,0.7795,0.77972,1.50,2.25
2016.03.31 11:52:18.258,0.7795,0.77971,1.00,2.25
2016.03.31 11:52:18.560,0.7795,0.77972,2.10,1.87
2016.03.31 11:52:18.610,0.7796,0.77975,1.00,1.00
2016.03.31 11:52:18.661,0.77963,0.77975,1.00,1.00
2016.03.31 11:52:18.763,0.77963,0.77985,1.50,2.25
2016.03.31 11:52:18.864,0.77961,0.77985,1.00,2.25
2016.03.31 11:52:19.127,0.7796,0.7798,1.50,2.25
2016.03.31 11:52:19.278,0.77956,0.7798,2.85,2.25
2016.03.31 11:52:19.429,0.77955,0.77978,2.10,2.25
2016.03.31 11:52:19.956,0.77955,0.77977,2.10,2.25
2016.03.31 11:52:21.880,0.77971,0.77978,1.00,1.87
2016.03.31 11:52:21.931,0.77975,0.77989,1.00,2.25
2016.03.31 11:52:22.032,0.77975,0.77993,1.00,2.25
2016.03.31 11:52:22.936,0.7798,0.77993,1.00,2.25
2016.03.31 11:52:23.037,0.77975,0.77993,1.00,2.25
2016.03.31 11:52:23.771,0.77975,0.77996,1.50,3.00
2016.03.31 11:52:23.882,0.7798,0.77996,1.00,3.00
2016.03.31 11:52:24.425,0.77979,0.77996,1.00,3.00
2016.03.31 11:52:24.576,0.7798,0.77999,1.00,2.25
2016.03.31 11:52:25.077,0.7798,0.78001,1.00,3.00
2016.03.31 11:52:26.851,0.77985,0.78001,2.10,1.87
2016.03.31 11:52:26.902,0.7799,0.78006,1.00,1.75
2016.03.31 11:52:26.953,0.7799,0.78005,1.00,2.25
2016.03.31 11:52:27.104,0.7799,0.78011,1.00,2.25
2016.03.31 11:52:27.989,0.77987,0.78011,1.50,2.25
2016.03.31 11:52:28.325,0.77985,0.78011,2.10,2.25
2016.03.31 11:52:28.749,0.77989,0.78011,1.00,2.25
2016.03.31 11:52:29.898,0.77986,0.78011,1.00,2.25
2016.03.31 11:52:31.100,0.77985,0.78011,2.10,2.25
2016.03.31 11:52:32.654,0.77986,0.78011,1.00,2.25
2016.03.31 11:52:33.020,0.77995,0.78011,1.00,2.25
2016.03.31 11:52:33.121,0.77995,0.78015,1.00,1.12
2016.03.31 11:52:33.172,0.77994,0.78011,1.35,1.87
2016.03.31 11:52:33.324,0.77991,0.78015,1.00,2.25
2016.03.31 11:52:33.375,0.7799,0.78013,1.00,2.25
2016.03.31 11:52:34.293,0.77995,0.78012,1.00,2.25
2016.03.31 11:52:34.442,0.7799,0.78012,1.00,2.25
2016.03.31 11:52:34.882,0.77994,0.78012,1.00,2.25
2016.03.31 11:52:36.313,0.77995,0.78012,1.00,2.25
2016.03.31 11:52:37.642,0.7799,0.78012,1.00,2.25
2016.03.31 11:52:37.778,0.77995,0.78012,1.00,1.87
2016.03.31 11:52:37.829,0.77995,0.78014,1.00,1.27
2016.03.31 11:52:37.880,0.78,0.78016,1.00,1.27
2016.03.31 11:52:37.981,0.77996,0.78018,1.00,2.25
2016.03.31 11:52:38.032,0.77996,0.78022,1.00,2.25
2016.03.31 11:52:38.756,0.78,0.78022,1.00,2.25
2016.03.31 11:52:41.317,0.77997,0.78018,1.00,2.25
2016.03.31 11:52:41.368,0.77995,0.78018,1.00,3.00
2016.03.31 11:52:41.469,0.77994,0.78011,1.00,1.87
2016.03.31 11:52:41.520,0.77984,0.78009,2.10,1.27
2016.03.31 11:52:41.570,0.77984,0.78005,1.00,2.25
2016.03.31 11:52:41.873,0.77984,0.78002,1.00,2.25
2016.03.31 11:52:41.923,0.77977,0.78001,1.00,2.25
2016.03.31 11:52:41.974,0.77975,0.78001,1.35,4.50
2016.03.31 11:52:42.075,0.77975,0.77995,1.00,2.25
2016.03.31 11:52:42.176,0.7797,0.77993,2.25,2.25
2016.03.31 11:52:42.348,0.77974,0.77993,1.00,2.25
2016.03.31 11:52:42.651,0.77975,0.77996,1.00,2.25
2016.03.31 11:52:43.687,0.77975,0.77993,1.00,2.25
2016.03.31 11:52:44.018,0.77975,0.77991,1.00,2.25
2016.03.31 11:52:44.721,0.7797,0.77991,1.00,2.25
2016.03.31 11:52:46.221,0.77965,0.77991,2.10,2.25
2016.03.31 11:52:46.431,0.7797,0.77991,1.00,2.25
2016.03.31 11:52:49.673,0.7797,0.77989,1.00,2.25
2016.03.31 11:52:50.307,0.7797,0.77988,1.00,2.25
2016.03.31 11:52:50.943,0.7797,0.77989,1.00,2.25
2016.03.31 11:52:50.994,0.7797,0.77991,1.00,2.25
2016.03.31 11:52:53.400,0.77969,0.77991,1.00,2.25
2016.03.31 11:52:53.964,0.7797,0.77991,1.00,2.25
2016.03.31 11:52:57.260,0.77975,0.77991,1.00,2.25
2016.03.31 11:52:57.785,0.77975,0.77991,1.00,2.25
2016.03.31 11:53:01.305,0.7797,0.77991,1.00,2.25
2016.03.31 11:53:02.153,0.77975,0.77991,1.00,2.25
2016.03.31 11:53:02.204,0.7797,0.77991,1.00,2.25
2016.03.31 11:53:02.569,0.7797,0.7799,1.00,2.25
2016.03.31 11:53:06.013,0.77966,0.7799,1.00,2.25
2016.03.31 11:53:06.916,0.77965,0.7799,2.25,2.25
2016.03.31 11:53:07.252,0.7797,0.7799,1.00,2.25
2016.03.31 11:53:09.007,0.7797,0.77986,1.00,2.25
2016.03.31 11:53:09.060,0.7797,0.77988,1.00,2.25
2016.03.31 11:53:11.422,0.77965,0.77988,1.00,3.00
2016.03.31 11:53:11.957,0.77965,0.77985,1.00,3.00
2016.03.31 11:53:13.244,0.77965,0.77981,1.00,2.25
2016.03.31 11:53:13.396,0.7796,0.77981,1.50,2.25
2016.03.31 11:53:13.748,0.77956,0.7798,1.00,2.25
2016.03.31 11:53:13.849,0.7796,0.7798,1.00,1.75
2016.03.31 11:53:14.211,0.77955,0.77977,1.00,2.25
2016.03.31 11:53:17.434,0.77955,0.77977,2.85,2.25
2016.03.31 11:53:17.737,0.77975,0.77991,2.10,1.87
2016.03.31 11:53:17.788,0.77975,0.77999,2.10,2.25
2016.03.31 11:53:18.337,0.77976,0.78002,1.12,1.75
2016.03.31 11:53:18.574,0.7798,0.78002,1.00,1.75
2016.03.31 11:53:19.341,0.77976,0.78003,1.87,1.75
2016.03.31 11:53:19.542,0.7798,0.78004,1.00,2.25
2016.03.31 11:53:24.622,0.77989,0.78004,1.00,2.25
2016.03.31 11:53:24.808,0.7799,0.78006,1.50,1.87
2016.03.31 11:53:24.859,0.7799,0.78014,1.87,2.25
2016.03.31 11:53:24.960,0.7799,0.78014,2.25,1.00
2016.03.31 11:53:25.613,0.77991,0.78014,2.25,1.00
2016.03.31 11:53:26.569,0.7799,0.78014,2.85,1.00
2016.03.31 11:53:26.871,0.7799,0.78014,1.30,1.50
2016.03.31 11:53:28.273,0.7799,0.78016,1.72,3.75
2016.03.31 11:53:28.800,0.7799,0.78016,1.72,2.25
2016.03.31 11:53:29.101,0.7799,0.78015,1.35,2.25
2016.03.31 11:53:29.494,0.78006,0.78026,1.97,1.87
2016.03.31 11:53:29.545,0.78009,0.78038,2.25,1.75
2016.03.31 11:53:30.233,0.78014,0.78039,1.00,2.25
2016.03.31 11:53:30.334,0.78014,0.7804,1.12,1.75
2016.03.31 11:53:30.485,0.78014,0.7804,1.37,1.50
2016.03.31 11:53:30.536,0.78016,0.7804,1.00,1.50
2016.03.31 11:53:32.799,0.78012,0.7804,2.85,2.25
2016.03.31 11:53:32.850,0.78012,0.78039,1.67,1.75
2016.03.31 11:53:34.600,0.7801,0.78038,1.72,3.00
2016.03.31 11:53:36.033,0.7801,0.78036,1.12,1.75
2016.03.31 11:53:36.294,0.78006,0.78033,1.87,2.25
2016.03.31 11:53:36.345,0.78006,0.78033,1.00,2.25
2016.03.31 11:53:36.445,0.78005,0.78033,1.75,1.75
2016.03.31 11:53:37.155,0.7801,0.78037,1.00,5.02
2016.03.31 11:53:37.307,0.7801,0.78037,1.50,2.25
2016.03.31 11:53:37.870,0.78012,0.78039,1.00,2.25
2016.03.31 11:53:41.098,0.7801,0.78037,1.50,1.75
2016.03.31 11:53:41.395,0.78007,0.78034,1.50,2.25
2016.03.31 11:53:41.446,0.78007,0.78034,1.12,2.25
2016.03.31 11:53:42.282,0.78006,0.78035,2.25,3.00
2016.03.31 11:53:42.332,0.78006,0.78035,2.25,1.75
2016.03.31 11:53:44.085,0.7801,0.78035,1.12,3.00
2016.03.31 11:53:44.847,0.78009,0.7803,1.00,1.00
2016.03.31 11:53:45.064,0.7801,0.78037,1.50,2.25
2016.03.31 11:53:45.299,0.78015,0.78037,1.00,2.25
2016.03.31 11:53:45.400,0.7801,0.78037,1.50,2.25
2016.03.31 11:53:46.603,0.7801,0.78033,1.12,1.87
2016.03.31 11:53:47.395,0.78009,0.78031,1.00,2.25
2016.03.31 11:53:47.554,0.78005,0.78029,1.00,1.75
2016.03.31 11:53:47.604,0.78005,0.78027,1.00,2.25
2016.03.31 11:53:48.155,0.78004,0.78027,1.35,2.25
2016.03.31 11:53:49.035,0.78005,0.78027,1.00,2.25
2016.03.31 11:53:49.481,0.7801,0.78027,1.00,2.25
2016.03.31 11:53:49.632,0.7801,0.78033,1.35,1.75
2016.03.31 11:53:49.733,0.78009,0.78032,1.12,1.87
2016.03.31 11:53:51.112,0.78009,0.78035,1.50,2.25
2016.03.31 11:53:52.543,0.78015,0.78035,1.00,2.25
2016.03.31 11:53:52.845,0.78015,0.78039,1.00,3.00
2016.03.31 11:53:56.861,0.7802,0.7804,1.00,3.00
2016.03.31 11:53:56.912,0.7802,0.7804,1.00,1.75
2016.03.31 11:53:56.963,0.78024,0.7804,1.00,1.37
2016.03.31 11:53:57.014,0.78024,0.7804,1.00,1.00
2016.03.31 11:53:57.115,0.78024,0.78049,1.50,2.25
2016.03.31 11:53:57.216,0.78024,0.78051,1.87,2.77
2016.03.31 11:53:58.151,0.7802,0.78048,2.25,1.75
2016.03.31 11:53:58.252,0.78019,0.78047,1.37,1.75
2016.03.31 11:53:58.355,0.78019,0.78047,1.12,3.00
2016.03.31 11:53:58.939,0.7802,0.78042,1.00,2.25
2016.03.31 11:53:59.040,0.78017,0.78041,1.00,2.25
2016.03.31 11:53:59.091,0.78015,0.78039,1.00,1.75
2016.03.31 11:54:01.122,0.78014,0.78041,1.00,3.00
2016.03.31 11:54:01.660,0.78015,0.78041,1.60,2.25
2016.03.31 11:54:02.020,0.78025,0.78041,1.00,1.87
2016.03.31 11:54:02.071,0.78023,0.78049,1.00,2.25
2016.03.31 11:54:02.121,0.78023,0.78049,1.38,2.25
2016.03.31 11:54:02.584,0.78025,0.78049,1.00,2.25
2016.03.31 11:54:02.635,0.78021,0.78048,1.12,1.75
2016.03.31 11:54:02.841,0.78024,0.78049,1.00,2.25
2016.03.31 11:54:03.402,0.78023,0.78049,1.00,2.25
2016.03.31 11:54:03.653,0.78024,0.78052,1.12,3.00
2016.03.31 11:54:04.191,0.78025,0.78052,1.00,3.75
2016.03.31 11:54:04.740,0.78024,0.78052,1.12,3.00
2016.03.31 11:54:05.546,0.78025,0.78051,1.00,1.75
2016.03.31 11:54:06.700,0.78028,0.78052,1.00,2.25
2016.03.31 11:54:06.801,0.7803,0.78055,1.00,3.00
2016.03.31 11:54:07.962,0.78029,0.78055,1.00,2.25
2016.03.31 11:54:10.112,0.7803,0.78055,1.00,2.25
2016.03.31 11:54:10.415,0.78032,0.78055,1.00,2.25
2016.03.31 11:54:10.466,0.78032,0.78058,1.00,1.75
2016.03.31 11:54:11.546,0.78034,0.78059,1.00,2.25
2016.03.31 11:54:11.748,0.78045,0.78068,1.12,1.27
2016.03.31 11:54:11.799,0.78045,0.7807,1.12,2.25
2016.03.31 11:54:12.322,0.78046,0.78073,1.00,2.25
2016.03.31 11:54:12.793,0.78045,0.78068,1.00,1.75
2016.03.31 11:54:12.844,0.7804,0.78067,1.50,1.75
2016.03.31 11:54:14.139,0.78042,0.78069,1.00,2.25
2016.03.31 11:54:14.940,0.7804,0.78068,3.00,1.75
2016.03.31 11:54:16.292,0.78042,0.78068,1.75,1.75
2016.03.31 11:54:19.303,0.78051,0.7807,1.00,1.75
2016.03.31 11:54:19.505,0.78065,0.78085,1.35,1.12
2016.03.31 11:54:19.606,0.78066,0.78093,1.67,2.25
2016.03.31 11:54:20.099,0.78065,0.78091,1.97,1.75
2016.03.31 11:54:20.302,0.7806,0.78088,2.25,3.00
2016.03.31 11:54:20.403,0.7806,0.78085,1.00,3.00
2016.03.31 11:54:20.454,0.78057,0.78085,1.72,3.00
2016.03.31 11:54:21.523,0.78055,0.78077,2.10,1.00
2016.03.31 11:54:24.343,0.78055,0.78077,1.00,1.00
2016.03.31 11:54:24.824,0.78059,0.7808,1.37,1.37
2016.03.31 11:54:24.925,0.78059,0.78084,1.00,2.25
2016.03.31 11:54:25.076,0.78056,0.78084,1.12,3.75
2016.03.31 11:54:25.578,0.78057,0.78084,1.00,3.00
2016.03.31 11:54:28.339,0.78055,0.78083,1.50,1.75
2016.03.31 11:54:28.389,0.78055,0.78078,1.12,1.87
2016.03.31 11:54:28.440,0.78053,0.78078,1.00,2.25
2016.03.31 11:54:29.544,0.78045,0.78073,3.75,1.12
2016.03.31 11:54:29.595,0.78045,0.78073,2.25,1.37
2016.03.31 11:54:29.645,0.78045,0.78073,1.75,2.25
2016.03.31 11:54:29.696,0.78041,0.78071,3.00,3.00
2016.03.31 11:54:29.747,0.78041,0.78071,1.75,3.75
2016.03.31 11:54:29.898,0.78039,0.78063,1.00,2.25
2016.03.31 11:54:30.176,0.78036,0.78063,1.00,2.25
2016.03.31 11:54:31.530,0.78037,0.78064,1.87,4.12
2016.03.31 11:54:31.581,0.78045,0.78064,1.00,1.00
2016.03.31 11:54:31.682,0.78042,0.78068,1.00,2.25
2016.03.31 11:54:31.782,0.7804,0.78064,1.00,2.25
2016.03.31 11:54:31.833,0.78038,0.78064,1.00,2.25
2016.03.31 11:54:31.884,0.78035,0.78062,1.50,1.75
2016.03.31 11:54:35.215,0.78038,0.78064,1.00,2.25
2016.03.31 11:54:35.517,0.7805,0.78073,1.00,2.25
2016.03.31 11:54:36.083,0.78049,0.78073,1.00,2.25
2016.03.31 11:54:36.335,0.78047,0.78073,1.00,2.25
2016.03.31 11:54:36.738,0.78044,0.78073,2.25,2.25
2016.03.31 11:54:37.431,0.7805,0.78073,1.00,2.25
2016.03.31 11:54:37.532,0.7805,0.78075,1.00,3.00
2016.03.31 11:54:38.322,0.78045,0.78075,2.25,2.25
2016.03.31 11:54:39.109,0.7805,0.78075,1.00,3.00
2016.03.31 11:54:39.523,0.78048,0.78075,1.12,2.25
2016.03.31 11:54:40.187,0.78049,0.78075,1.00,2.25
2016.03.31 11:54:40.841,0.7805,0.78075,1.00,2.25
2016.03.31 11:54:41.171,0.78048,0.78075,1.12,2.25
2016.03.31 11:54:42.249,0.78047,0.78073,1.00,2.25
2016.03.31 11:54:44.061,0.78046,0.78073,1.00,2.25
2016.03.31 11:54:44.389,0.78048,0.78073,1.00,2.25
2016.03.31 11:54:44.906,0.78047,0.78073,1.00,2.25
2016.03.31 11:54:45.208,0.78046,0.7807,1.00,2.25
2016.03.31 11:54:45.309,0.78039,0.78067,1.50,3.00
2016.03.31 11:54:45.360,0.78039,0.78067,1.12,3.00
2016.03.31 11:54:45.909,0.7804,0.78066,1.00,1.75
2016.03.31 11:54:46.460,0.78038,0.78066,1.37,1.75
2016.03.31 11:54:51.507,0.7804,0.78067,2.10,3.00
2016.03.31 11:54:51.803,0.78048,0.78067,1.00,1.00
2016.03.31 11:54:51.904,0.78048,0.78072,1.00,1.00
2016.03.31 11:54:52.453,0.78049,0.78072,1.00,1.00
2016.03.31 11:54:55.312,0.78048,0.78072,1.50,1.00
2016.03.31 11:54:56.284,0.7805,0.78072,1.00,1.00
2016.03.31 11:54:57.032,0.78048,0.78072,1.50,1.00
2016.03.31 11:54:57.284,0.78044,0.78072,1.75,1.50
2016.03.31 11:54:57.335,0.78044,0.78072,1.75,1.75
2016.03.31 11:54:57.647,0.78045,0.78074,3.00,3.00
2016.03.31 11:54:57.748,0.7805,0.78074,1.12,1.75
2016.03.31 11:55:03.341,0.78055,0.78077,1.00,2.25
2016.03.31 11:55:03.869,0.78054,0.78077,1.00,1.75
2016.03.31 11:55:04.370,0.78055,0.78077,1.00,1.75
2016.03.31 11:55:04.672,0.7806,0.78083,1.00,2.25
2016.03.31 11:55:04.773,0.7806,0.78085,1.37,2.25
2016.03.31 11:55:08.161,0.7806,0.78085,1.00,3.00
2016.03.31 11:55:08.610,0.78056,0.78085,1.50,3.00
2016.03.31 11:55:09.180,0.78052,0.7808,1.75,1.75
2016.03.31 11:55:15.281,0.7806,0.78085,1.00,1.75
2016.03.31 11:55:15.584,0.78065,0.78089,1.00,3.75
2016.03.31 11:55:15.981,0.78061,0.78089,1.75,2.25
2016.03.31 11:55:16.132,0.7806,0.78087,1.37,1.75
2016.03.31 11:55:16.233,0.7806,0.78086,1.00,1.75
2016.03.31 11:55:16.595,0.78057,0.78083,1.00,2.25
2016.03.31 11:55:17.111,0.78053,0.7808,1.75,1.75
2016.03.31 11:55:17.451,0.78055,0.78079,2.25,1.37
2016.03.31 11:55:17.502,0.78058,0.78082,1.00,1.00
2016.03.31 11:55:17.553,0.7806,0.78082,1.00,1.00
2016.03.31 11:55:17.892,0.7806,0.78085,1.75,1.50
2016.03.31 11:55:18.530,0.78069,0.78086,1.00,1.37
2016.03.31 11:55:18.631,0.78068,0.78092,1.67,1.12
2016.03.31 11:55:18.732,0.78068,0.78094,1.35,1.37
2016.03.31 11:55:18.906,0.78071,0.78094,1.00,1.00
2016.03.31 11:55:18.958,0.78071,0.78092,1.00,1.00
2016.03.31 11:55:19.109,0.78066,0.78092,1.75,1.75
2016.03.31 11:55:20.702,0.78063,0.7809,1.35,1.37
2016.03.31 11:55:20.753,0.78063,0.7809,1.67,1.75
2016.03.31 11:55:21.551,0.78059,0.78087,2.25,1.75
2016.03.31 11:55:21.652,0.7806,0.78084,1.00,1.00
2016.03.31 11:55:22.138,0.78056,0.78084,2.10,1.50
2016.03.31 11:55:22.206,0.78057,0.78084,1.30,1.75
2016.03.31 11:55:22.720,0.78057,0.78085,1.35,3.00
2016.03.31 11:55:23.841,0.78055,0.78083,2.25,2.25
2016.03.31 11:55:24.167,0.78052,0.78081,2.25,4.50
2016.03.31 11:55:27.317,0.7805,0.78071,1.75,1.00
2016.03.31 11:55:27.368,0.78046,0.78071,1.75,1.00
2016.03.31 11:55:27.469,0.78045,0.78071,1.12,2.25
2016.03.31 11:55:28.350,0.78045,0.78069,1.00,3.00
2016.03.31 11:55:28.534,0.78041,0.78069,1.50,3.00
2016.03.31 11:55:28.641,0.78045,0.78069,1.00,3.75
2016.03.31 11:55:29.080,0.78041,0.78069,1.50,4.50
2016.03.31 11:55:29.516,0.78045,0.78069,1.00,4.50
2016.03.31 11:55:30.622,0.78044,0.78069,1.00,3.75
2016.03.31 11:55:31.103,0.7804,0.78064,1.75,1.12
2016.03.31 11:55:31.478,0.78037,0.78064,1.12,1.75
2016.03.31 11:55:33.637,0.7804,0.78065,1.00,3.75
2016.03.31 11:55:33.889,0.78045,0.78067,1.00,1.75
2016.03.31 11:55:34.144,0.7804,0.78067,3.00,1.75
2016.03.31 11:55:34.251,0.78045,0.78067,1.00,1.75
2016.03.31 11:55:34.995,0.78045,0.78071,1.12,1.75
2016.03.31 11:55:35.146,0.7805,0.7807,1.00,1.75
2016.03.31 11:55:39.879,0.78045,0.78071,1.87,1.75
2016.03.31 11:55:40.203,0.7805,0.78071,1.00,1.75
2016.03.31 11:55:40.559,0.78045,0.78071,1.12,1.75
2016.03.31 11:55:43.658,0.78045,0.7807,1.12,1.75
2016.03.31 11:55:43.860,0.78037,0.78061,1.35,1.00
2016.03.31 11:55:44.387,0.78036,0.78062,1.00,1.75
2016.03.31 11:55:44.894,0.78035,0.7806,1.00,3.00
2016.03.31 11:55:48.477,0.78032,0.78056,1.12,2.25
2016.03.31 11:55:48.981,0.78031,0.78053,1.37,1.00
2016.03.31 11:55:49.777,0.7803,0.78053,1.37,1.37
2016.03.31 11:55:49.827,0.7803,0.78053,1.00,1.75
2016.03.31 11:55:50.218,0.7803,0.78053,2.25,1.87
2016.03.31 11:55:50.934,0.7803,0.7805,1.50,1.00
2016.03.31 11:55:51.236,0.78035,0.78057,1.50,3.52
2016.03.31 11:55:51.505,0.7803,0.78053,1.12,1.50
2016.03.31 11:55:51.656,0.78025,0.78049,2.85,1.00
2016.03.31 11:55:51.706,0.78025,0.78049,2.85,1.12
2016.03.31 11:55:52.411,0.78025,0.78049,1.00,1.75
2016.03.31 11:55:52.920,0.78024,0.78048,1.12,1.50
2016.03.31 11:55:53.494,0.78025,0.78048,1.00,1.50
2016.03.31 11:55:55.892,0.78025,0.78046,1.00,1.00
2016.03.31 11:55:56.527,0.78025,0.78047,1.00,1.12
2016.03.31 11:55:57.369,0.78035,0.78049,1.00,1.00
2016.03.31 11:55:57.419,0.78035,0.78055,1.00,1.75
2016.03.31 11:55:57.822,0.78035,0.78055,1.00,1.00
2016.03.31 11:55:58.371,0.78035,0.78057,1.00,2.25
2016.03.31 11:55:59.065,0.7803,0.78054,2.25,1.00
2016.03.31 11:55:59.216,0.7803,0.78054,2.25,1.50
2016.03.31 11:55:59.983,0.78032,0.78054,1.00,2.25
2016.03.31 11:56:01.464,0.7803,0.78054,3.00,2.25
2016.03.31 11:56:04.358,0.78032,0.78054,1.75,1.00
2016.03.31 11:56:04.560,0.7803,0.78054,1.12,1.50
2016.03.31 11:56:06.380,0.78027,0.78051,1.75,1.00
2016.03.31 11:56:11.562,0.78027,0.78052,1.75,1.12
2016.03.31 11:56:12.441,0.78027,0.78051,2.25,1.00
2016.03.31 11:56:13.216,0.78026,0.7805,1.75,1.00
2016.03.31 11:56:13.490,0.7803,0.7805,1.37,1.00
2016.03.31 11:56:13.541,0.7803,0.78052,2.25,1.00
2016.03.31 11:56:13.592,0.78035,0.78055,1.12,1.00
2016.03.31 11:56:13.642,0.78035,0.78053,1.12,1.37
2016.03.31 11:56:14.045,0.78032,0.78053,1.00,1.00
2016.03.31 11:56:14.550,0.78031,0.78053,1.50,1.00
2016.03.31 11:56:15.335,0.78031,0.78052,1.00,1.00
2016.03.31 11:56:15.855,0.78031,0.78053,1.50,1.00
2016.03.31 11:56:16.115,0.78033,0.78053,1.37,1.00
2016.03.31 11:56:16.166,0.78033,0.78055,1.75,1.50
2016.03.31 11:56:16.267,0.78033,0.78057,1.75,1.00
2016.03.31 11:56:16.775,0.78035,0.78059,2.25,1.50
2016.03.31 11:56:17.205,0.78035,0.78056,1.50,1.50
2016.03.31 11:56:17.457,0.78031,0.78055,1.50,1.12
2016.03.31 11:56:19.550,0.78029,0.78053,1.75,1.00
2016.03.31 11:56:20.175,0.78029,0.78054,1.75,1.50
2016.03.31 11:56:20.749,0.78029,0.78053,1.75,1.00
2016.03.31 11:56:21.261,0.78032,0.78056,1.12,2.25
2016.03.31 11:56:21.362,0.78032,0.78056,1.50,1.87
2016.03.31 11:56:21.898,0.78032,0.78056,1.75,1.50
2016.03.31 11:56:23.789,0.7803,0.78055,1.75,1.00
2016.03.31 11:56:23.940,0.78028,0.78053,1.75,1.12
2016.03.31 11:56:28.565,0.78027,0.78052,2.25,1.00
2016.03.31 11:56:29.072,0.78027,0.78051,1.75,1.00
2016.03.31 11:56:29.773,0.78027,0.7805,1.75,1.00
2016.03.31 11:56:29.973,0.78027,0.78048,1.75,1.00
2016.03.31 11:56:30.124,0.78027,0.78048,1.12,1.00
2016.03.31 11:56:31.376,0.78025,0.78047,1.75,1.00
2016.03.31 11:56:31.480,0.78021,0.78044,3.75,1.00
2016.03.31 11:56:31.530,0.78021,0.78044,1.75,1.00
2016.03.31 11:56:32.089,0.78022,0.78043,1.50,1.00
2016.03.31 11:56:32.190,0.78023,0.78045,1.37,1.00
2016.03.31 11:56:33.914,0.78025,0.78045,1.00,1.00
2016.03.31 11:56:34.420,0.78026,0.78046,1.00,1.12
2016.03.31 11:56:35.091,0.78025,0.78046,1.50,1.12
2016.03.31 11:56:35.622,0.78022,0.78045,1.50,1.00
2016.03.31 11:56:36.532,0.78022,0.78046,1.50,1.12
2016.03.31 11:56:37.079,0.78025,0.78047,1.00,1.37
2016.03.31 11:56:42.159,0.78025,0.78045,1.00,1.00
2016.03.31 11:56:42.646,0.7802,0.78043,2.25,1.00
2016.03.31 11:56:42.697,0.7802,0.78043,2.25,1.12
2016.03.31 11:56:44.002,0.78022,0.78045,1.00,1.75
2016.03.31 11:56:44.543,0.78021,0.78044,1.12,1.50
2016.03.31 11:56:44.979,0.78021,0.78041,1.12,1.00
2016.03.31 11:56:46.563,0.78016,0.7804,3.75,1.00
2016.03.31 11:56:47.077,0.78016,0.7804,1.87,1.50
2016.03.31 11:56:49.787,0.78016,0.7804,1.75,1.00
2016.03.31 11:56:49.888,0.7802,0.78043,1.12,1.12
2016.03.31 11:56:49.989,0.78018,0.78043,3.00,1.00
2016.03.31 11:56:50.374,0.78018,0.7804,1.75,1.00
2016.03.31 11:56:50.475,0.78018,0.7804,1.12,1.12
2016.03.31 11:56:50.690,0.78018,0.7804,1.75,1.00
2016.03.31 11:56:55.031,0.78018,0.78041,1.75,1.00
2016.03.31 11:56:55.810,0.78018,0.78042,2.25,1.50
2016.03.31 11:56:56.331,0.78018,0.78041,1.75,1.00
2016.03.31 11:56:56.671,0.78018,0.78039,1.12,1.00
2016.03.31 11:56:59.496,0.78016,0.7804,1.75,1.12
2016.03.31 11:57:00.827,0.78016,0.78038,1.00,1.00
2016.03.31 11:57:01.515,0.7801,0.78035,2.25,1.50
2016.03.31 11:57:02.079,0.78015,0.78035,1.00,1.50
2016.03.31 11:57:02.230,0.78015,0.78039,1.50,2.25
2016.03.31 11:57:04.409,0.78017,0.78039,1.00,1.50
2016.03.31 11:57:05.194,0.78018,0.78039,1.00,1.50
2016.03.31 11:57:05.695,0.78017,0.78039,1.00,1.50
2016.03.31 11:57:07.000,0.7802,0.78039,1.00,1.50
2016.03.31 11:57:07.259,0.78017,0.78039,1.00,1.50
2016.03.31 11:57:08.875,0.7802,0.78039,1.00,1.50
2016.03.31 11:57:09.499,0.78019,0.78039,1.50,1.00
2016.03.31 11:57:09.603,0.78019,0.78042,1.50,1.50
2016.03.31 11:57:10.112,0.7802,0.78042,1.00,1.50
2016.03.31 11:57:12.337,0.78021,0.78042,1.00,1.37
2016.03.31 11:57:12.438,0.78025,0.78042,1.00,1.00
2016.03.31 11:57:12.945,0.78024,0.78047,1.50,1.50
2016.03.31 11:57:13.846,0.78025,0.78047,1.00,1.50
2016.03.31 11:57:15.157,0.78025,0.78046,1.00,1.75
2016.03.31 11:57:17.579,0.78025,0.78046,1.00,1.50
2016.03.31 11:57:17.630,0.78025,0.78046,1.00,1.12
2016.03.31 11:57:18.169,0.78022,0.78047,2.25,1.37
2016.03.31 11:57:18.710,0.78025,0.78047,1.00,1.37
2016.03.31 11:57:23.266,0.78025,0.78047,1.00,1.75
2016.03.31 11:57:23.644,0.78022,0.78044,1.00,1.50
2016.03.31 11:57:27.285,0.7802,0.78044,2.25,1.50
2016.03.31 11:57:30.596,0.7802,0.78041,1.00,1.50
2016.03.31 11:57:31.173,0.78019,0.78041,1.00,1.50
2016.03.31 11:57:34.286,0.7802,0.78042,1.00,1.75
2016.03.31 11:57:34.751,0.78025,0.78044,1.00,1.50
2016.03.31 11:57:35.392,0.78024,0.78045,1.00,1.75
2016.03.31 11:57:36.044,0.78022,0.78045,1.00,1.75
2016.03.31 11:57:38.358,0.7802,0.7804,1.50,1.00
2016.03.31 11:57:38.509,0.78017,0.78039,1.50,1.00
2016.03.31 11:57:38.610,0.78015,0.78039,1.12,1.50
2016.03.31 11:57:38.661,0.78015,0.78037,1.00,1.37
2016.03.31 11:57:38.736,0.78013,0.78036,1.00,1.75
2016.03.31 11:57:38.937,0.7801,0.78034,1.37,1.37
2016.03.31 11:57:39.253,0.78019,0.78035,1.12,1.00
2016.03.31 11:57:39.354,0.7802,0.78044,1.00,2.25
2016.03.31 11:57:39.472,0.7802,0.78044,1.75,1.12
2016.03.31 11:57:41.954,0.78015,0.78036,1.87,1.37
2016.03.31 11:57:42.004,0.78013,0.78036,1.00,1.75
2016.03.31 11:57:42.523,0.78012,0.78035,1.00,1.50
2016.03.31 11:57:43.055,0.78013,0.78035,1.00,1.50
2016.03.31 11:57:43.243,0.78012,0.78035,1.12,1.50
2016.03.31 11:57:44.822,0.78015,0.78035,1.00,1.50
2016.03.31 11:57:44.923,0.78015,0.78036,2.25,1.00
2016.03.31 11:57:44.974,0.78014,0.78036,1.37,1.37
2016.03.31 11:57:45.125,0.78017,0.78038,1.12,1.00
2016.03.31 11:57:45.176,0.78019,0.78038,1.00,1.00
2016.03.31 11:57:45.327,0.78021,0.78043,1.00,2.25
2016.03.31 11:57:45.557,0.78019,0.78042,1.12,1.12
2016.03.31 11:57:45.658,0.78021,0.78042,1.00,1.12
2016.03.31 11:57:46.370,0.78022,0.78043,1.00,1.50
2016.03.31 11:57:47.661,0.78026,0.78046,1.00,1.75
2016.03.31 11:57:47.711,0.78026,0.78046,1.00,1.12
2016.03.31 11:57:48.222,0.78027,0.78046,1.00,1.12
2016.03.31 11:57:48.272,0.7803,0.7805,1.50,1.75
2016.03.31 11:57:48.323,0.7803,0.7805,1.50,1.50
2016.03.31 11:57:48.374,0.78035,0.78055,1.00,2.25
2016.03.31 11:57:48.424,0.78035,0.78058,1.00,1.75
2016.03.31 11:57:48.901,0.78035,0.78059,1.12,2.25
2016.03.31 11:57:49.830,0.78032,0.78056,1.75,1.00
2016.03.31 11:57:49.881,0.7803,0.78055,2.25,1.37
2016.03.31 11:57:49.931,0.7803,0.78055,1.50,1.75
2016.03.31 11:57:50.488,0.78027,0.78051,1.75,1.37
2016.03.31 11:57:50.539,0.78027,0.78051,1.50,1.50
2016.03.31 11:58:00.275,0.78026,0.78049,1.75,1.00
2016.03.31 11:58:00.375,0.78024,0.78046,1.50,1.00
2016.03.31 11:58:01.104,0.78025,0.78046,1.00,1.00
2016.03.31 11:58:01.649,0.78024,0.78046,1.50,1.00
2016.03.31 11:58:02.658,0.78025,0.78046,1.00,1.00
2016.03.31 11:58:03.171,0.78026,0.78046,1.00,1.00
2016.03.31 11:58:03.698,0.78025,0.78046,1.00,1.00
2016.03.31 11:58:04.430,0.78024,0.78046,1.50,1.00
2016.03.31 11:58:04.938,0.78025,0.78042,1.00,1.00
2016.03.31 11:58:04.989,0.78019,0.78041,1.75,1.00
2016.03.31 11:58:05.040,0.78017,0.78041,1.50,1.37
2016.03.31 11:58:05.090,0.78017,0.78041,1.12,1.75
2016.03.31 11:58:05.401,0.78014,0.78036,1.75,1.00
2016.03.31 11:58:05.502,0.78012,0.78036,1.50,1.00
2016.03.31 11:58:06.151,0.78014,0.78036,1.00,1.00
2016.03.31 11:58:06.453,0.78015,0.78039,2.62,2.25
2016.03.31 11:58:06.756,0.78018,0.78039,1.00,1.50
2016.03.31 11:58:07.640,0.78017,0.78039,1.00,1.50
2016.03.31 11:58:07.960,0.78018,0.78039,1.50,1.00
2016.03.31 11:58:11.914,0.7802,0.78042,1.75,1.00
2016.03.31 11:58:12.227,0.78025,0.78046,1.50,1.00
2016.03.31 11:58:12.789,0.78025,0.78048,1.50,1.50
2016.03.31 11:58:13.686,0.78025,0.78048,2.62,1.12
2016.03.31 11:58:15.667,0.78026,0.7805,1.50,1.50
2016.03.31 11:58:15.970,0.7803,0.78051,1.00,1.75
2016.03.31 11:58:16.122,0.78027,0.78051,1.87,1.75
2016.03.31 11:58:20.600,0.78028,0.78051,1.00,1.75
2016.03.31 11:58:21.127,0.78029,0.78051,1.00,1.75
2016.03.31 11:58:21.803,0.78028,0.78051,1.00,1.75
2016.03.31 11:58:22.307,0.78027,0.78051,1.87,1.75
2016.03.31 11:58:22.982,0.78028,0.78051,1.00,1.75
2016.03.31 11:58:23.484,0.78027,0.78051,1.12,1.75
2016.03.31 11:58:24.037,0.78027,0.78051,2.25,1.37
2016.03.31 11:58:24.107,0.78027,0.78051,2.25,1.00
2016.03.31 11:58:29.172,0.78028,0.78049,1.00,1.37
2016.03.31 11:58:29.223,0.78026,0.78049,1.00,1.75
2016.03.31 11:58:29.733,0.78025,0.78048,1.12,1.50
2016.03.31 11:58:30.569,0.78026,0.78047,1.00,1.12
2016.03.31 11:58:30.670,0.78026,0.78047,1.00,1.75
2016.03.31 11:58:30.995,0.78024,0.78047,1.50,1.75
2016.03.31 11:58:31.819,0.78025,0.78047,1.00,1.75
2016.03.31 11:58:32.360,0.78025,0.78045,1.00,1.35
2016.03.31 11:58:32.411,0.78021,0.78044,1.37,1.50
2016.03.31 11:58:32.512,0.78016,0.78041,1.75,1.87
2016.03.31 11:58:32.562,0.78016,0.78041,1.12,2.25
2016.03.31 11:58:33.053,0.78017,0.78041,1.75,1.12
2016.03.31 11:58:33.773,0.78016,0.7804,2.25,1.00
2016.03.31 11:58:34.379,0.78018,0.78043,1.50,2.25
2016.03.31 11:58:35.611,0.7802,0.78044,1.00,1.75
2016.03.31 11:58:36.380,0.78018,0.78044,1.50,1.75
2016.03.31 11:58:37.887,0.7802,0.78043,1.00,1.75
2016.03.31 11:58:38.523,0.78021,0.78045,1.37,2.85
2016.03.31 11:58:38.573,0.78022,0.78045,1.12,1.72
2016.03.31 11:58:39.499,0.78024,0.78045,1.00,1.37
2016.03.31 11:58:43.644,0.78021,0.78045,1.87,1.37
2016.03.31 11:58:43.896,0.78021,0.78045,1.50,1.75
2016.03.31 11:58:44.922,0.78019,0.78042,1.00,1.50
2016.03.31 11:58:45.024,0.78017,0.78041,1.12,3.22
2016.03.31 11:58:45.327,0.78015,0.78038,1.00,2.25
2016.03.31 11:58:45.925,0.78012,0.78037,1.50,1.75
2016.03.31 11:58:46.651,0.78015,0.78036,1.00,1.50
2016.03.31 11:58:46.903,0.78018,0.7804,1.00,1.50
2016.03.31 11:58:47.442,0.78015,0.7804,3.00,2.25
2016.03.31 11:58:50.499,0.78013,0.78035,1.00,1.12
2016.03.31 11:58:51.021,0.78009,0.78034,2.25,1.75
2016.03.31 11:58:52.957,0.78011,0.78034,1.00,1.75
2016.03.31 11:58:54.165,0.7801,0.78033,1.12,1.50
2016.03.31 11:58:54.669,0.78011,0.78034,1.00,1.75
2016.03.31 11:58:55.128,0.7801,0.78035,3.00,1.12
2016.03.31 11:58:56.696,0.78014,0.78036,1.00,1.50
2016.03.31 11:58:57.467,0.78012,0.78036,1.50,2.85
2016.03.31 11:58:58.465,0.7801,0.78033,1.87,1.37
2016.03.31 11:59:01.575,0.7801,0.78031,1.12,1.00
2016.03.31 11:59:01.881,0.7801,0.78031,1.00,1.75
2016.03.31 11:59:02.963,0.78007,0.78031,1.12,2.25
2016.03.31 11:59:03.168,0.78006,0.78028,1.00,1.75
2016.03.31 11:59:03.320,0.78004,0.78028,1.12,1.75
2016.03.31 11:59:05.141,0.78005,0.78028,1.00,2.25
2016.03.31 11:59:05.692,0.78006,0.78028,1.50,1.75
2016.03.31 11:59:06.699,0.78007,0.78028,1.00,1.75
2016.03.31 11:59:08.025,0.78005,0.78026,1.00,1.12
2016.03.31 11:59:08.126,0.78,0.78024,1.75,1.00
2016.03.31 11:59:08.178,0.78,0.78024,1.12,1.75
2016.03.31 11:59:09.107,0.77996,0.78021,2.25,1.00
2016.03.31 11:59:09.208,0.77996,0.78021,1.87,1.75
2016.03.31 11:59:10.614,0.77994,0.78018,1.75,1.35
2016.03.31 11:59:10.665,0.77994,0.78013,1.12,1.00
2016.03.31 11:59:10.991,0.7798,0.78005,1.75,2.25
2016.03.31 11:59:11.301,0.7798,0.78005,1.50,2.25
2016.03.31 11:59:11.818,0.77979,0.78005,1.00,2.25
2016.03.31 11:59:12.761,0.77976,0.78001,1.75,1.87
2016.03.31 11:59:13.063,0.77975,0.78,1.12,1.75
2016.03.31 11:59:19.993,0.77972,0.77996,1.75,1.00
2016.03.31 11:59:22.086,0.77972,0.77997,1.75,1.12
2016.03.31 11:59:24.714,0.77975,0.77999,1.75,1.00
2016.03.31 11:59:25.055,0.77976,0.78001,1.75,1.12
2016.03.31 11:59:25.968,0.77976,0.78,1.75,1.00
2016.03.31 11:59:26.671,0.77976,0.78001,2.25,1.12
2016.03.31 11:59:26.822,0.77976,0.78001,1.12,1.75
2016.03.31 11:59:30.892,0.77974,0.77996,1.75,1.00
2016.03.31 11:59:31.906,0.77972,0.77997,1.75,1.50
2016.03.31 11:59:32.408,0.77974,0.77998,1.75,1.30
2016.03.31 11:59:32.962,0.77973,0.77997,1.75,1.50
2016.03.31 11:59:33.012,0.77973,0.77997,1.00,2.25
2016.03.31 11:59:33.315,0.77969,0.77996,3.00,2.25
2016.03.31 11:59:33.673,0.77969,0.77996,3.00,2.47
2016.03.31 11:59:34.097,0.77967,0.77991,1.75,1.37
2016.03.31 11:59:34.148,0.77967,0.77991,1.50,1.50
2016.03.31 11:59:35.066,0.77964,0.77989,1.75,1.00
2016.03.31 11:59:37.049,0.77965,0.7799,1.75,1.72
2016.03.31 11:59:37.164,0.77964,0.77988,1.75,1.00
2016.03.31 11:59:37.215,0.77964,0.77988,1.50,1.50
2016.03.31 11:59:40.197,0.77963,0.7799,1.75,1.72
2016.03.31 11:59:40.550,0.77968,0.77992,1.75,2.85
2016.03.31 11:59:40.751,0.77966,0.7799,1.75,1.30
2016.03.31 11:59:41.258,0.77965,0.77989,1.75,1.00
2016.03.31 11:59:41.809,0.77966,0.7799,1.75,1.72
2016.03.31 11:59:42.310,0.77965,0.77989,1.75,1.00
2016.03.31 11:59:43.572,0.77966,0.7799,1.75,1.72
2016.03.31 11:59:44.162,0.77965,0.77989,1.75,1.00
2016.03.31 11:59:46.577,0.77966,0.7799,1.75,1.72
2016.03.31 11:59:52.831,0.77964,0.77989,1.75,1.00
2016.03.31 11:59:53.352,0.77965,0.7799,1.75,1.72
2016.03.31 11:59:55.977,0.77965,0.7799,1.75,1.35
2016.03.31 11:59:57.146,0.77965,0.77991,1.37,1.35
2016.03.31 11:59:57.197,0.77965,0.7799,1.12,2.10
2016.03.31 11:59:57.248,0.77965,0.7799,1.50,1.72
2016.03.31 11:59:57.298,0.77965,0.7799,1.75,1.72
