2014.10.16 12:00:00.160,0.8372,0.83746,2.10,2.70
2014.10.16 12:00:00.563,0.8372,0.83743,2.10,2.32
2014.10.16 12:00:01.018,0.83723,0.83743,1.00,2.32
2014.10.16 12:00:01.119,0.8372,0.83742,2.10,1.15
2014.10.16 12:00:03.107,0.8372,0.83742,1.50,1.15
2014.10.16 12:00:03.258,0.83715,0.83738,1.27,1.10
2014.10.16 12:00:03.662,0.83717,0.83741,1.00,2.32
2014.10.16 12:00:03.713,0.83715,0.8374,1.87,1.15
2014.10.16 12:00:04.552,0.83719,0.83741,1.00,2.32
2014.10.16 12:00:05.981,0.83715,0.8374,1.50,1.15
2014.10.16 12:00:06.032,0.83715,0.83735,1.00,1.37
2014.10.16 12:00:06.575,0.83709,0.83733,3.60,2.70
2014.10.16 12:00:06.627,0.83705,0.83729,2.25,2.32
2014.10.16 12:00:06.982,0.83705,0.83725,1.00,1.17
2014.10.16 12:00:07.285,0.83699,0.83722,1.00,2.32
2014.10.16 12:00:07.437,0.83697,0.83722,1.00,4.50
2014.10.16 12:00:07.639,0.83699,0.83722,1.00,2.32
2014.10.16 12:00:07.689,0.837,0.83725,1.00,2.32
2014.10.16 12:00:08.223,0.83701,0.83725,1.30,2.32
2014.10.16 12:00:08.475,0.83697,0.83723,1.17,1.15
2014.10.16 12:00:08.533,0.83697,0.83721,1.10,2.32
2014.10.16 12:00:08.896,0.83697,0.83718,1.00,2.32
2014.10.16 12:00:09.047,0.83692,0.83714,1.00,2.32
2014.10.16 12:00:09.149,0.8369,0.83711,1.72,2.32
2014.10.16 12:00:09.788,0.83684,0.83711,1.05,3.07
2014.10.16 12:00:09.838,0.83684,0.83708,1.30,2.32
2014.10.16 12:00:10.141,0.8368,0.83705,1.05,2.32
2014.10.16 12:00:10.242,0.83679,0.83703,1.30,2.32
2014.10.16 12:00:10.670,0.83673,0.83703,1.20,4.50
2014.10.16 12:00:10.721,0.83675,0.83699,1.00,2.32
2014.10.16 12:00:11.229,0.83675,0.837,1.80,2.32
2014.10.16 12:00:11.280,0.83675,0.83703,1.80,2.32
2014.10.16 12:00:11.532,0.8368,0.83705,1.00,2.32
2014.10.16 12:00:11.835,0.83678,0.837,1.00,2.32
2014.10.16 12:00:12.137,0.83672,0.83697,1.10,1.15
2014.10.16 12:00:12.188,0.83675,0.83697,1.00,1.15
2014.10.16 12:00:12.289,0.83672,0.83697,1.10,1.15
2014.10.16 12:00:12.340,0.83672,0.83697,1.07,1.07
2014.10.16 12:00:12.592,0.8367,0.83701,1.65,1.15
2014.10.16 12:00:12.743,0.83675,0.83701,1.07,1.17
2014.10.16 12:00:12.794,0.83675,0.83701,1.15,1.10
2014.10.16 12:00:12.945,0.83676,0.83707,2.32,3.07
2014.10.16 12:00:12.996,0.83676,0.83707,2.32,1.15
2014.10.16 12:00:13.248,0.8368,0.83709,1.17,1.15
2014.10.16 12:00:13.551,0.83683,0.83707,1.10,2.32
2014.10.16 12:00:13.602,0.83678,0.83707,1.45,2.32
2014.10.16 12:00:13.955,0.8368,0.83708,1.07,2.32
2014.10.16 12:00:14.005,0.8368,0.8371,1.15,3.07
2014.10.16 12:00:14.308,0.83678,0.83706,1.37,2.32
2014.10.16 12:00:14.666,0.83676,0.83706,3.90,1.15
2014.10.16 12:00:14.968,0.83681,0.83704,1.00,2.32
2014.10.16 12:00:15.019,0.83681,0.83707,1.00,2.32
2014.10.16 12:00:15.523,0.83682,0.83707,1.30,2.32
2014.10.16 12:00:16.044,0.83685,0.83713,1.10,2.32
2014.10.16 12:00:16.095,0.83685,0.8371,1.72,2.32
2014.10.16 12:00:16.398,0.83695,0.83719,1.00,2.32
2014.10.16 12:00:16.500,0.8369,0.83715,1.10,1.17
2014.10.16 12:00:16.601,0.83685,0.83715,1.15,3.07
2014.10.16 12:00:16.702,0.83684,0.83712,1.00,2.32
2014.10.16 12:00:16.803,0.83681,0.83708,1.10,2.32
2014.10.16 12:00:17.308,0.83677,0.83705,1.20,1.15
2014.10.16 12:00:17.459,0.8368,0.83705,1.50,1.15
2014.10.16 12:00:17.761,0.8369,0.83706,1.00,1.00
2014.10.16 12:00:17.812,0.83685,0.83706,1.15,1.00
2014.10.16 12:00:17.913,0.83685,0.83706,1.00,1.00
2014.10.16 12:00:18.023,0.83687,0.83712,1.00,2.32
2014.10.16 12:00:18.083,0.83681,0.83712,1.15,2.32
2014.10.16 12:00:18.292,0.83683,0.83709,1.07,2.32
2014.10.16 12:00:18.343,0.83678,0.83707,1.17,2.32
2014.10.16 12:00:18.393,0.83678,0.83704,1.07,2.32
2014.10.16 12:00:18.444,0.83678,0.83703,1.00,2.32
2014.10.16 12:00:18.545,0.83672,0.83703,1.15,2.32
2014.10.16 12:00:18.747,0.83675,0.83701,1.00,2.32
2014.10.16 12:00:18.798,0.83673,0.83701,1.10,2.32
2014.10.16 12:00:18.899,0.83673,0.83699,1.10,2.32
2014.10.16 12:00:19.001,0.8367,0.83698,1.17,2.32
2014.10.16 12:00:19.102,0.83666,0.83696,3.00,2.32
2014.10.16 12:00:19.152,0.83666,0.83694,1.07,2.32
2014.10.16 12:00:19.304,0.83664,0.83691,1.57,2.32
2014.10.16 12:00:19.354,0.83664,0.8369,1.50,2.32
2014.10.16 12:00:19.859,0.8367,0.8369,1.00,2.32
2014.10.16 12:00:19.960,0.8367,0.83693,1.00,2.32
2014.10.16 12:00:20.515,0.8367,0.83686,1.00,2.32
2014.10.16 12:00:20.816,0.83667,0.83683,1.00,2.32
2014.10.16 12:00:20.917,0.8366,0.8368,1.50,2.32
2014.10.16 12:00:20.968,0.83665,0.8368,1.00,2.32
2014.10.16 12:00:21.069,0.8366,0.83676,1.00,2.32
2014.10.16 12:00:21.221,0.83665,0.83676,1.00,2.32
2014.10.16 12:00:21.322,0.8366,0.83676,1.00,2.32
2014.10.16 12:00:22.089,0.83659,0.83676,1.00,2.32
2014.10.16 12:00:22.291,0.83655,0.83676,1.00,2.32
2014.10.16 12:00:22.342,0.83655,0.83674,1.00,2.32
2014.10.16 12:00:22.645,0.83659,0.83674,1.00,2.32
2014.10.16 12:00:22.746,0.83659,0.83677,1.00,2.32
2014.10.16 12:00:22.847,0.83655,0.83677,1.12,2.32
2014.10.16 12:00:22.897,0.83657,0.83677,1.00,2.32
2014.10.16 12:00:22.998,0.8365,0.83677,2.92,2.32
2014.10.16 12:00:23.592,0.83655,0.83677,1.37,2.32
2014.10.16 12:00:23.694,0.83653,0.83677,1.75,2.32
2014.10.16 12:00:23.744,0.83655,0.83681,1.37,2.32
2014.10.16 12:00:23.795,0.83655,0.83681,1.75,2.32
2014.10.16 12:00:24.098,0.8366,0.83681,1.37,2.32
2014.10.16 12:00:24.148,0.83659,0.83684,1.50,2.32
2014.10.16 12:00:24.199,0.83659,0.83684,1.37,2.32
2014.10.16 12:00:24.350,0.8366,0.83687,1.20,2.32
2014.10.16 12:00:24.452,0.8366,0.83681,1.00,4.50
2014.10.16 12:00:24.603,0.83655,0.83681,1.00,4.87
2014.10.16 12:00:24.755,0.83655,0.83676,1.00,2.32
2014.10.16 12:00:25.511,0.8365,0.83674,1.00,2.32
2014.10.16 12:00:25.561,0.8365,0.83672,1.00,2.32
2014.10.16 12:00:25.763,0.8365,0.83675,1.00,2.32
2014.10.16 12:00:25.814,0.83655,0.83675,1.00,2.32
2014.10.16 12:00:25.865,0.83655,0.83678,1.00,2.32
2014.10.16 12:00:27.339,0.83655,0.83681,1.00,2.32
2014.10.16 12:00:27.491,0.8366,0.83681,1.37,2.32
2014.10.16 12:00:27.542,0.8366,0.83684,1.37,3.07
2014.10.16 12:00:27.794,0.83665,0.83684,1.00,2.32
2014.10.16 12:00:27.845,0.83665,0.83687,1.00,2.32
2014.10.16 12:00:27.946,0.83663,0.83685,1.00,2.32
2014.10.16 12:00:28.248,0.83665,0.83687,1.00,2.32
2014.10.16 12:00:29.467,0.83665,0.83691,1.12,2.32
2014.10.16 12:00:29.976,0.83665,0.83691,1.37,2.32
2014.10.16 12:00:30.027,0.83662,0.83691,1.52,2.32
2014.10.16 12:00:30.128,0.83662,0.83689,1.45,2.32
2014.10.16 12:00:30.646,0.83665,0.83688,1.00,2.32
2014.10.16 12:00:31.108,0.8367,0.83688,1.00,2.32
2014.10.16 12:00:31.259,0.8367,0.83692,1.00,3.07
2014.10.16 12:00:31.519,0.83665,0.83692,1.12,2.32
2014.10.16 12:00:31.772,0.83665,0.83689,1.50,2.32
2014.10.16 12:00:32.534,0.83665,0.83689,1.37,2.32
2014.10.16 12:00:33.051,0.83665,0.83689,1.00,2.32
2014.10.16 12:00:33.366,0.83665,0.83692,1.47,2.32
2014.10.16 12:00:33.417,0.83665,0.83692,1.10,2.32
2014.10.16 12:00:33.467,0.83665,0.83689,1.00,2.32
2014.10.16 12:00:33.971,0.83664,0.83689,1.00,2.70
2014.10.16 12:00:34.297,0.83665,0.83685,1.00,2.32
2014.10.16 12:00:34.706,0.8366,0.83685,1.12,2.32
2014.10.16 12:00:34.860,0.83665,0.83685,1.00,2.32
2014.10.16 12:00:35.163,0.8366,0.83685,1.12,2.32
2014.10.16 12:00:35.263,0.8366,0.83688,1.20,2.32
2014.10.16 12:00:35.779,0.8366,0.83689,1.52,1.27
2014.10.16 12:00:36.082,0.83661,0.83692,1.52,1.50
2014.10.16 12:00:36.334,0.83664,0.83691,1.20,2.32
2014.10.16 12:00:36.587,0.8366,0.83689,1.65,1.45
2014.10.16 12:00:36.738,0.8366,0.83687,1.07,1.45
2014.10.16 12:00:36.789,0.8366,0.83687,1.10,3.30
2014.10.16 12:00:36.890,0.8366,0.83685,1.00,2.32
2014.10.16 12:00:37.243,0.8366,0.83683,1.00,3.30
2014.10.16 12:00:37.550,0.8366,0.83677,1.00,2.32
2014.10.16 12:00:38.121,0.83655,0.83677,1.00,2.70
2014.10.16 12:00:38.172,0.83655,0.83674,1.00,2.32
2014.10.16 12:00:38.862,0.83655,0.83675,1.00,2.32
2014.10.16 12:00:39.201,0.8366,0.83675,1.00,2.32
2014.10.16 12:00:39.252,0.83655,0.83675,1.00,2.32
2014.10.16 12:00:39.353,0.8366,0.83675,1.00,2.32
2014.10.16 12:00:39.456,0.83655,0.83675,1.00,2.32
2014.10.16 12:00:39.673,0.8366,0.83675,1.00,2.32
2014.10.16 12:00:39.774,0.83647,0.83663,1.00,2.32
2014.10.16 12:00:39.875,0.83645,0.83663,1.00,2.25
2014.10.16 12:00:39.976,0.83645,0.83668,1.50,2.32
2014.10.16 12:00:40.027,0.8365,0.83668,1.00,2.32
2014.10.16 12:00:40.330,0.83655,0.83672,1.00,2.32
2014.10.16 12:00:41.616,0.83655,0.83674,1.00,2.32
2014.10.16 12:00:41.970,0.8365,0.83674,1.12,2.32
2014.10.16 12:00:42.490,0.83651,0.83674,1.00,2.70
2014.10.16 12:00:42.872,0.83655,0.83674,1.00,2.70
2014.10.16 12:00:43.225,0.83649,0.83674,1.37,2.70
2014.10.16 12:00:43.983,0.83655,0.83674,1.00,2.32
2014.10.16 12:00:46.507,0.8365,0.83673,1.00,1.45
2014.10.16 12:00:46.608,0.83655,0.83669,1.00,1.12
2014.10.16 12:00:46.709,0.8365,0.83669,1.00,1.45
2014.10.16 12:00:46.810,0.83655,0.83671,1.00,2.32
2014.10.16 12:00:47.319,0.83655,0.83673,1.00,1.45
2014.10.16 12:00:48.483,0.8365,0.8367,1.00,1.12
2014.10.16 12:00:49.699,0.83654,0.83672,1.00,1.45
2014.10.16 12:00:49.900,0.8365,0.83672,1.00,3.30
2014.10.16 12:00:50.857,0.8365,0.83674,1.00,3.30
2014.10.16 12:00:51.009,0.83655,0.83673,1.00,1.45
2014.10.16 12:00:52.533,0.8365,0.83674,1.00,3.30
2014.10.16 12:00:52.636,0.83655,0.83674,1.00,3.30
2014.10.16 12:00:52.872,0.83644,0.83669,1.55,1.37
2014.10.16 12:00:53.074,0.83645,0.83666,1.00,1.37
2014.10.16 12:00:53.377,0.8365,0.83668,1.00,1.45
2014.10.16 12:00:53.528,0.8365,0.83668,1.00,1.05
2014.10.16 12:00:54.076,0.83645,0.83671,1.55,1.45
2014.10.16 12:00:54.177,0.83646,0.83672,1.20,1.45
2014.10.16 12:00:54.228,0.83646,0.83672,1.27,1.37
2014.10.16 12:00:54.732,0.8365,0.83673,1.00,1.12
2014.10.16 12:00:56.087,0.83645,0.83672,1.52,1.37
2014.10.16 12:00:56.290,0.83644,0.83672,1.52,1.37
2014.10.16 12:00:56.804,0.83643,0.8367,1.52,1.12
2014.10.16 12:00:57.125,0.83645,0.83672,1.55,1.45
2014.10.16 12:00:59.002,0.83645,0.83672,1.55,1.45
2014.10.16 12:00:59.346,0.8365,0.83671,1.00,1.45
2014.10.16 12:01:01.122,0.8365,0.83672,1.10,1.37
2014.10.16 12:01:01.172,0.8365,0.83672,1.10,1.30
2014.10.16 12:01:01.375,0.83645,0.83667,2.70,1.30
2014.10.16 12:01:01.476,0.83643,0.83668,1.52,1.30
2014.10.16 12:01:01.980,0.83645,0.83668,1.37,1.12
2014.10.16 12:01:02.031,0.8365,0.83668,1.00,1.12
2014.10.16 12:01:02.233,0.8364,0.83664,1.52,1.05
2014.10.16 12:01:02.334,0.8364,0.83664,1.52,1.05
2014.10.16 12:01:02.435,0.83645,0.83664,1.00,1.05
2014.10.16 12:01:02.740,0.83645,0.83662,1.00,1.30
2014.10.16 12:01:02.791,0.83645,0.83664,1.00,1.05
2014.10.16 12:01:05.281,0.83645,0.83664,1.37,1.05
2014.10.16 12:01:05.332,0.83645,0.83666,1.47,1.30
2014.10.16 12:01:06.165,0.83645,0.83667,1.47,1.30
2014.10.16 12:01:06.317,0.83645,0.83667,1.55,1.30
2014.10.16 12:01:06.653,0.8365,0.83667,1.00,1.30
2014.10.16 12:01:07.156,0.83645,0.83668,1.52,1.30
2014.10.16 12:01:07.700,0.83645,0.83667,1.15,1.30
2014.10.16 12:01:08.699,0.83645,0.83664,1.15,1.30
2014.10.16 12:01:08.750,0.83645,0.83664,1.10,1.30
2014.10.16 12:01:09.506,0.83645,0.83663,1.10,1.30
2014.10.16 12:01:10.243,0.83645,0.83664,1.10,1.30
2014.10.16 12:01:10.764,0.83645,0.83665,1.10,1.30
2014.10.16 12:01:11.266,0.83645,0.83664,1.10,1.30
2014.10.16 12:01:11.921,0.8364,0.83664,1.17,1.05
2014.10.16 12:01:12.372,0.83637,0.83662,3.07,1.30
2014.10.16 12:01:12.574,0.83634,0.83661,3.45,1.05
2014.10.16 12:01:13.194,0.83634,0.8366,3.07,1.30
2014.10.16 12:01:13.244,0.83634,0.83658,3.07,1.30
2014.10.16 12:01:13.673,0.8363,0.83658,4.20,1.05
2014.10.16 12:01:19.701,0.83635,0.83657,1.10,1.30
2014.10.16 12:01:20.216,0.83635,0.83659,1.10,1.12
2014.10.16 12:01:20.267,0.83635,0.83658,1.10,1.12
2014.10.16 12:01:20.368,0.8363,0.83656,1.27,1.45
2014.10.16 12:01:20.721,0.83634,0.83658,1.00,1.82
2014.10.16 12:01:20.797,0.8363,0.83658,1.27,1.82
2014.10.16 12:01:20.907,0.83635,0.83658,1.00,1.82
2014.10.16 12:01:21.566,0.8363,0.83658,1.27,1.82
2014.10.16 12:01:22.496,0.8363,0.83658,3.45,1.82
2014.10.16 12:01:22.597,0.8363,0.83658,3.45,1.50
2014.10.16 12:01:26.641,0.8363,0.83657,2.32,2.17
2014.10.16 12:01:26.843,0.8363,0.83656,1.15,1.75
2014.10.16 12:01:26.894,0.8363,0.83654,1.17,1.12
2014.10.16 12:01:28.389,0.8363,0.83651,1.17,1.30
2014.10.16 12:01:28.642,0.83625,0.8365,1.15,1.42
2014.10.16 12:01:29.220,0.83625,0.83649,1.15,1.35
2014.10.16 12:01:29.731,0.8363,0.83653,1.10,1.42
2014.10.16 12:01:30.249,0.8363,0.83653,1.10,1.42
2014.10.16 12:01:30.627,0.8363,0.83654,1.15,1.35
2014.10.16 12:01:31.131,0.83632,0.83655,1.17,1.05
2014.10.16 12:01:34.505,0.83635,0.83655,1.00,1.05
2014.10.16 12:01:34.758,0.8363,0.83652,1.00,1.30
2014.10.16 12:01:35.010,0.83625,0.8365,1.15,1.30
2014.10.16 12:01:35.162,0.83625,0.83649,1.65,1.12
2014.10.16 12:01:35.364,0.83623,0.83645,1.15,1.30
2014.10.16 12:01:35.466,0.8362,0.83647,1.15,1.45
2014.10.16 12:01:35.970,0.83621,0.83647,3.07,1.37
2014.10.16 12:01:36.458,0.83621,0.83648,3.45,1.05
2014.10.16 12:01:36.559,0.83623,0.83648,2.70,1.30
2014.10.16 12:01:36.862,0.83627,0.83652,2.70,1.30
2014.10.16 12:01:37.200,0.83627,0.8365,2.70,1.30
2014.10.16 12:01:37.705,0.83627,0.83651,2.70,1.30
2014.10.16 12:01:39.615,0.83627,0.83652,2.70,1.30
2014.10.16 12:01:39.767,0.83627,0.83654,2.70,1.05
2014.10.16 12:01:39.969,0.83631,0.83655,1.55,1.05
2014.10.16 12:01:40.506,0.83633,0.83654,1.15,1.30
2014.10.16 12:01:40.758,0.83633,0.83654,1.00,1.05
2014.10.16 12:01:40.960,0.83633,0.83655,1.27,1.30
2014.10.16 12:01:41.162,0.83633,0.83659,1.52,1.45
2014.10.16 12:01:41.314,0.83633,0.83655,1.52,1.30
2014.10.16 12:01:41.415,0.83633,0.83657,3.45,1.30
2014.10.16 12:01:41.516,0.83637,0.83655,1.17,1.30
2014.10.16 12:01:41.768,0.83632,0.83654,1.27,1.30
2014.10.16 12:01:41.970,0.83632,0.83651,1.15,1.30
2014.10.16 12:01:42.071,0.83629,0.83651,1.15,1.30
2014.10.16 12:01:42.575,0.83629,0.8365,1.15,1.30
2014.10.16 12:01:43.244,0.83629,0.8365,1.00,1.30
2014.10.16 12:01:43.295,0.83629,0.83648,1.00,1.30
2014.10.16 12:01:43.822,0.83625,0.83646,1.17,1.30
2014.10.16 12:01:43.872,0.83623,0.83646,1.27,1.30
2014.10.16 12:01:43.923,0.83623,0.83644,1.15,1.30
2014.10.16 12:01:44.935,0.83623,0.83643,1.15,1.30
2014.10.16 12:01:45.137,0.83625,0.83645,1.17,1.30
2014.10.16 12:01:45.656,0.83625,0.83644,1.17,1.30
2014.10.16 12:01:45.707,0.83625,0.83646,1.27,1.30
2014.10.16 12:01:45.757,0.83625,0.83646,1.27,1.30
2014.10.16 12:01:45.909,0.83625,0.83652,1.52,1.12
2014.10.16 12:01:45.959,0.83626,0.83652,2.70,1.30
2014.10.16 12:01:46.262,0.83635,0.83658,1.15,1.50
2014.10.16 12:01:46.564,0.8364,0.83659,1.00,1.30
2014.10.16 12:01:46.988,0.8364,0.83661,1.07,1.30
2014.10.16 12:01:47.559,0.8364,0.83662,1.07,1.30
2014.10.16 12:01:47.610,0.8364,0.83662,1.45,1.30
2014.10.16 12:01:47.913,0.83643,0.83664,1.27,1.30
2014.10.16 12:01:49.300,0.83643,0.83663,1.27,1.30
2014.10.16 12:01:49.451,0.83643,0.83665,1.27,1.30
2014.10.16 12:01:49.653,0.8365,0.83667,1.00,1.05
2014.10.16 12:01:50.217,0.8365,0.83668,1.00,1.30
2014.10.16 12:01:50.767,0.8365,0.83667,1.00,1.30
2014.10.16 12:01:52.035,0.83644,0.83667,1.27,1.30
2014.10.16 12:01:52.826,0.83651,0.83668,1.00,1.30
2014.10.16 12:01:54.737,0.8365,0.83668,1.00,1.30
2014.10.16 12:01:55.351,0.83651,0.83668,1.00,1.30
2014.10.16 12:01:55.603,0.83648,0.8367,1.20,1.05
2014.10.16 12:01:56.252,0.83652,0.8367,1.00,1.05
2014.10.16 12:01:56.353,0.83649,0.8367,1.00,1.05
2014.10.16 12:01:56.658,0.8365,0.8367,1.37,1.05
2014.10.16 12:01:56.759,0.8365,0.83676,1.27,1.87
2014.10.16 12:01:56.810,0.83654,0.83674,1.07,1.05
2014.10.16 12:01:56.911,0.83655,0.83679,1.10,1.27
2014.10.16 12:01:57.012,0.83655,0.83681,1.20,1.45
2014.10.16 12:01:57.062,0.83655,0.83681,1.27,1.12
2014.10.16 12:01:57.573,0.8366,0.83679,1.00,1.30
2014.10.16 12:01:57.886,0.8366,0.83677,1.00,1.30
2014.10.16 12:01:58.327,0.83665,0.83681,1.00,1.05
2014.10.16 12:01:58.887,0.83664,0.83681,1.00,1.30
2014.10.16 12:01:59.098,0.83665,0.83685,1.00,1.45
2014.10.16 12:01:59.199,0.8367,0.83685,1.00,1.30
2014.10.16 12:01:59.451,0.8367,0.83687,1.00,1.30
2014.10.16 12:01:59.553,0.83665,0.83687,1.17,1.30
2014.10.16 12:01:59.654,0.8367,0.83687,1.00,1.30
2014.10.16 12:02:00.210,0.8367,0.83688,1.00,1.30
2014.10.16 12:02:00.519,0.8367,0.83688,1.15,1.30
2014.10.16 12:02:01.724,0.8367,0.83689,1.15,1.30
2014.10.16 12:02:02.077,0.83669,0.83695,1.52,1.37
2014.10.16 12:02:02.581,0.8367,0.83693,1.52,1.30
2014.10.16 12:02:03.116,0.83669,0.83692,2.70,1.30
2014.10.16 12:02:03.753,0.8367,0.83693,1.52,1.30
2014.10.16 12:02:04.264,0.8367,0.83693,1.27,1.30
2014.10.16 12:02:05.573,0.83669,0.83693,1.10,1.12
2014.10.16 12:02:06.078,0.83665,0.83691,1.52,1.30
2014.10.16 12:02:06.629,0.83665,0.83692,1.52,1.05
2014.10.16 12:02:06.881,0.8367,0.83692,1.37,1.05
2014.10.16 12:02:07.210,0.8367,0.83694,1.52,1.30
2014.10.16 12:02:07.514,0.83673,0.83697,2.32,1.30
2014.10.16 12:02:07.564,0.83675,0.83699,1.15,1.30
2014.10.16 12:02:08.475,0.83673,0.83697,2.32,1.30
2014.10.16 12:02:08.780,0.83675,0.83695,1.15,1.30
2014.10.16 12:02:09.864,0.83673,0.83697,2.32,1.30
2014.10.16 12:02:10.783,0.83673,0.83698,2.32,1.30
2014.10.16 12:02:13.501,0.83675,0.83698,3.45,1.30
2014.10.16 12:02:13.753,0.83676,0.83702,2.70,1.30
2014.10.16 12:02:13.804,0.83678,0.83702,2.32,1.30
2014.10.16 12:02:14.107,0.83681,0.83703,2.32,1.30
2014.10.16 12:02:14.157,0.83682,0.83706,2.32,1.30
2014.10.16 12:02:14.685,0.83682,0.83705,2.32,1.30
2014.10.16 12:02:15.216,0.83682,0.83704,2.32,1.30
2014.10.16 12:02:15.368,0.83682,0.83701,2.32,1.30
2014.10.16 12:02:15.469,0.83679,0.83701,2.32,1.30
2014.10.16 12:02:16.004,0.83679,0.83702,2.32,1.30
2014.10.16 12:02:16.055,0.83679,0.837,2.32,1.30
2014.10.16 12:02:16.582,0.83679,0.83701,2.32,1.30
2014.10.16 12:02:16.683,0.83676,0.83701,2.70,1.30
2014.10.16 12:02:17.170,0.83676,0.83699,2.32,1.30
2014.10.16 12:02:17.705,0.8368,0.837,1.07,1.30
2014.10.16 12:02:17.806,0.8368,0.83702,1.07,1.30
2014.10.16 12:02:17.907,0.8368,0.83702,1.15,1.30
2014.10.16 12:02:18.259,0.8368,0.83702,1.17,1.30
2014.10.16 12:02:18.822,0.83677,0.837,1.27,1.30
2014.10.16 12:02:19.258,0.83676,0.83702,2.32,1.35
2014.10.16 12:02:19.359,0.83676,0.83697,2.32,1.30
2014.10.16 12:02:19.461,0.83673,0.837,3.45,1.05
2014.10.16 12:02:20.112,0.83673,0.83702,2.70,1.52
2014.10.16 12:02:20.163,0.8367,0.83702,3.45,3.45
2014.10.16 12:02:24.345,0.8367,0.83698,3.45,1.27
2014.10.16 12:02:24.446,0.83667,0.83698,3.45,1.52
2014.10.16 12:02:25.294,0.83667,0.83696,2.32,1.50
2014.10.16 12:02:25.395,0.83665,0.83695,2.02,1.82
2014.10.16 12:02:25.798,0.83666,0.83696,2.70,1.82
2014.10.16 12:02:25.849,0.83666,0.83693,2.70,1.07
2014.10.16 12:02:25.899,0.83665,0.83693,2.02,1.15
2014.10.16 12:02:27.845,0.8367,0.83695,1.00,1.15
2014.10.16 12:02:27.996,0.8367,0.83696,1.17,1.50
2014.10.16 12:02:30.158,0.83666,0.83693,2.70,1.00
2014.10.16 12:02:30.666,0.83672,0.83697,1.00,1.52
2014.10.16 12:02:31.238,0.83667,0.83697,2.02,2.02
2014.10.16 12:02:32.567,0.83673,0.83697,1.00,1.27
2014.10.16 12:02:32.668,0.83667,0.83697,2.02,2.02
2014.10.16 12:02:32.970,0.83667,0.83687,1.52,1.00
2014.10.16 12:02:33.105,0.83668,0.8369,1.52,1.00
2014.10.16 12:02:33.216,0.83668,0.83687,1.52,1.00
2014.10.16 12:02:33.655,0.83666,0.83685,3.45,1.00
2014.10.16 12:02:33.858,0.8367,0.83687,1.17,1.00
2014.10.16 12:02:34.555,0.83666,0.83682,2.70,1.00
2014.10.16 12:02:34.756,0.83666,0.83685,2.32,1.00
2014.10.16 12:02:34.857,0.83665,0.8368,1.27,1.00
2014.10.16 12:02:35.162,0.83661,0.83675,1.10,1.00
2014.10.16 12:02:35.263,0.8366,0.83679,1.17,1.00
2014.10.16 12:02:35.313,0.8366,0.83673,1.17,1.00
2014.10.16 12:02:35.515,0.83657,0.8368,1.27,1.00
2014.10.16 12:02:35.868,0.83656,0.83677,3.45,1.00
2014.10.16 12:02:36.330,0.83656,0.83682,4.20,1.00
2014.10.16 12:02:36.380,0.83656,0.83677,3.45,1.00
2014.10.16 12:02:36.632,0.83656,0.83679,3.45,1.00
2014.10.16 12:02:36.733,0.83657,0.83675,1.15,1.00
2014.10.16 12:02:37.740,0.83655,0.83675,3.45,1.00
2014.10.16 12:02:37.791,0.83655,0.83675,1.15,1.00
2014.10.16 12:02:37.993,0.83654,0.83675,1.15,1.00
2014.10.16 12:02:38.044,0.83654,0.83671,1.15,1.00
2014.10.16 12:02:38.620,0.83655,0.83675,1.17,1.00
2014.10.16 12:02:38.822,0.83655,0.83673,1.17,1.00
2014.10.16 12:02:39.074,0.83656,0.83675,1.10,1.00
2014.10.16 12:02:39.276,0.83655,0.8367,1.17,1.00
2014.10.16 12:02:39.856,0.83654,0.83671,1.15,1.00
2014.10.16 12:02:41.030,0.83654,0.83675,1.15,1.00
2014.10.16 12:02:41.774,0.83655,0.83674,1.17,1.30
2014.10.16 12:02:42.127,0.83655,0.83676,1.00,1.12
2014.10.16 12:02:42.758,0.83659,0.83676,1.00,1.12
2014.10.16 12:02:43.262,0.83659,0.83675,1.00,1.30
2014.10.16 12:02:43.404,0.83654,0.83675,1.00,1.30
2014.10.16 12:02:43.955,0.83655,0.83676,1.00,1.12
2014.10.16 12:02:44.106,0.8366,0.83677,1.00,1.07
2014.10.16 12:02:44.257,0.8366,0.83678,1.00,1.05
2014.10.16 12:02:44.309,0.83655,0.83677,1.17,1.30
2014.10.16 12:02:44.460,0.83655,0.83677,1.00,1.87
2014.10.16 12:02:45.185,0.8366,0.83677,1.00,1.87
2014.10.16 12:02:45.646,0.83655,0.83677,1.00,1.15
2014.10.16 12:02:46.363,0.83655,0.83679,1.10,1.12
2014.10.16 12:02:47.190,0.8366,0.83681,1.00,1.45
2014.10.16 12:02:47.692,0.83655,0.83681,1.47,1.45
2014.10.16 12:02:48.164,0.8366,0.83681,1.00,1.45
2014.10.16 12:02:48.793,0.83655,0.83681,1.47,1.45
2014.10.16 12:02:49.123,0.8366,0.83681,1.00,1.45
2014.10.16 12:02:49.453,0.83655,0.83681,1.47,1.45
2014.10.16 12:02:49.604,0.83659,0.83681,1.00,1.07
2014.10.16 12:02:49.655,0.83659,0.83681,1.12,1.10
2014.10.16 12:02:50.017,0.83665,0.83681,1.00,1.10
2014.10.16 12:02:50.522,0.83665,0.83686,1.00,1.80
2014.10.16 12:02:50.573,0.8367,0.83686,1.00,1.72
2014.10.16 12:02:50.674,0.83665,0.83689,1.37,1.87
2014.10.16 12:02:51.153,0.83667,0.83689,1.10,1.05
2014.10.16 12:02:51.355,0.83667,0.83687,1.10,1.30
2014.10.16 12:02:51.456,0.83663,0.83686,1.17,1.05
2014.10.16 12:02:51.960,0.83665,0.83687,1.00,1.12
2014.10.16 12:02:52.573,0.83665,0.83685,1.12,1.00
2014.10.16 12:02:53.083,0.83665,0.83685,1.37,1.00
2014.10.16 12:02:53.333,0.83665,0.83688,1.37,1.45
2014.10.16 12:02:54.404,0.8367,0.83689,1.00,1.15
2014.10.16 12:02:54.845,0.83665,0.83689,1.37,1.15
2014.10.16 12:02:55.258,0.83665,0.83689,1.37,1.15
2014.10.16 12:02:55.459,0.83665,0.83682,1.00,1.00
2014.10.16 12:02:55.964,0.83664,0.83682,1.10,1.00
2014.10.16 12:02:56.115,0.83664,0.83685,1.10,1.00
2014.10.16 12:02:56.627,0.83665,0.83687,1.12,1.37
2014.10.16 12:02:57.778,0.83665,0.83687,1.07,1.72
2014.10.16 12:02:58.081,0.8367,0.8369,1.10,1.30
2014.10.16 12:02:58.384,0.83671,0.83693,2.70,1.00
2014.10.16 12:02:58.535,0.83671,0.83696,3.45,1.72
2014.10.16 12:02:58.737,0.83671,0.83694,2.32,1.72
2014.10.16 12:02:58.889,0.8367,0.83694,1.15,1.72
2014.10.16 12:02:58.990,0.83669,0.83692,1.15,1.30
2014.10.16 12:02:59.293,0.8367,0.83688,1.00,1.30
2014.10.16 12:02:59.814,0.8367,0.83689,1.00,1.30
2014.10.16 12:03:00.307,0.8367,0.83691,1.00,1.30
2014.10.16 12:03:00.408,0.83673,0.83694,1.10,1.00
2014.10.16 12:03:00.711,0.83675,0.83696,1.07,1.30
2014.10.16 12:03:00.863,0.83675,0.83699,1.57,1.80
2014.10.16 12:03:01.014,0.83675,0.83699,1.52,1.30
2014.10.16 12:03:01.317,0.8368,0.837,1.00,1.30
2014.10.16 12:03:02.243,0.8368,0.83701,1.00,1.05
2014.10.16 12:03:02.596,0.8368,0.837,1.00,2.10
2014.10.16 12:03:02.697,0.83675,0.83698,1.65,1.37
2014.10.16 12:03:02.748,0.83675,0.83698,1.57,1.12
2014.10.16 12:03:02.900,0.8368,0.83698,1.00,1.12
2014.10.16 12:03:03.002,0.83675,0.83699,1.57,1.87
2014.10.16 12:03:03.102,0.8368,0.83699,1.00,1.87
2014.10.16 12:03:03.837,0.8368,0.83698,1.00,1.30
2014.10.16 12:03:04.104,0.83675,0.83698,1.65,1.30
2014.10.16 12:03:04.468,0.83675,0.83696,1.65,1.30
2014.10.16 12:03:04.793,0.8368,0.83696,1.00,1.30
2014.10.16 12:03:05.454,0.83675,0.83696,1.65,1.30
2014.10.16 12:03:05.634,0.8368,0.83696,1.00,1.30
2014.10.16 12:03:06.172,0.8368,0.83697,1.00,1.30
2014.10.16 12:03:06.664,0.8368,0.83699,1.00,1.72
2014.10.16 12:03:07.199,0.8368,0.83698,1.00,1.30
2014.10.16 12:03:07.687,0.83682,0.83699,1.00,1.30
2014.10.16 12:03:07.838,0.83682,0.83701,1.00,1.30
2014.10.16 12:03:07.889,0.8368,0.83701,1.10,1.30
2014.10.16 12:03:07.940,0.83685,0.83701,1.00,1.30
2014.10.16 12:03:08.192,0.83685,0.83703,1.00,1.30
2014.10.16 12:03:08.293,0.83681,0.83703,1.15,1.30
2014.10.16 12:03:08.495,0.83685,0.83703,1.00,1.30
2014.10.16 12:03:09.004,0.83685,0.83704,1.00,1.30
2014.10.16 12:03:10.841,0.83685,0.83703,1.00,1.00
2014.10.16 12:03:11.360,0.83685,0.83704,1.00,1.30
2014.10.16 12:03:11.883,0.83685,0.83703,1.00,1.30
2014.10.16 12:03:12.219,0.83685,0.83704,1.00,1.37
2014.10.16 12:03:12.371,0.83685,0.83702,1.00,1.30
2014.10.16 12:03:12.522,0.83686,0.83705,1.10,1.00
2014.10.16 12:03:12.623,0.83685,0.83707,1.17,1.30
2014.10.16 12:03:13.307,0.83685,0.83708,1.17,1.05
2014.10.16 12:03:13.819,0.83685,0.83707,1.17,1.30
2014.10.16 12:03:14.121,0.8369,0.83706,1.00,1.30
2014.10.16 12:03:14.222,0.83685,0.83707,1.17,1.30
2014.10.16 12:03:14.474,0.83685,0.8371,2.02,1.00
2014.10.16 12:03:14.525,0.83685,0.83712,2.02,1.12
2014.10.16 12:03:14.676,0.8369,0.83712,1.00,1.12
2014.10.16 12:03:15.016,0.8369,0.8371,1.00,1.30
2014.10.16 12:03:15.117,0.83685,0.8371,1.27,1.30
2014.10.16 12:03:15.218,0.8369,0.8371,1.00,1.30
2014.10.16 12:03:15.520,0.8369,0.83712,1.15,1.30
2014.10.16 12:03:16.590,0.8369,0.83713,1.15,1.30
2014.10.16 12:03:17.254,0.8369,0.83713,1.07,1.37
2014.10.16 12:03:17.507,0.83685,0.83712,2.02,1.80
2014.10.16 12:03:17.911,0.83685,0.83709,1.15,1.30
2014.10.16 12:03:19.286,0.8369,0.83709,1.00,1.72
2014.10.16 12:03:19.744,0.83685,0.83708,1.15,1.00
2014.10.16 12:03:19.845,0.83682,0.83706,2.32,1.00
2014.10.16 12:03:20.098,0.8368,0.83706,1.15,1.10
2014.10.16 12:03:20.583,0.83683,0.83707,2.32,1.00
2014.10.16 12:03:20.835,0.83689,0.83711,1.00,1.17
2014.10.16 12:03:20.886,0.83689,0.83711,1.15,1.00
2014.10.16 12:03:21.385,0.83695,0.83712,1.00,1.00
2014.10.16 12:03:21.436,0.837,0.83719,1.07,1.00
2014.10.16 12:03:21.587,0.837,0.83728,1.15,1.15
2014.10.16 12:03:21.688,0.83705,0.83729,1.17,2.55
2014.10.16 12:03:22.192,0.83707,0.83733,1.00,1.15
2014.10.16 12:03:22.344,0.83706,0.83735,2.25,3.07
2014.10.16 12:03:22.394,0.83706,0.83735,2.32,1.15
2014.10.16 12:03:22.757,0.83705,0.83733,2.32,1.07
2014.10.16 12:03:22.808,0.83701,0.83733,6.00,1.15
2014.10.16 12:03:23.169,0.83705,0.83732,2.70,1.27
2014.10.16 12:03:23.686,0.83705,0.83735,3.45,2.25
2014.10.16 12:03:24.428,0.83705,0.83731,2.32,1.37
2014.10.16 12:03:24.529,0.83701,0.83731,1.52,1.52
2014.10.16 12:03:25.033,0.837,0.83729,4.87,1.57
2014.10.16 12:03:25.587,0.837,0.83728,2.32,2.17
2014.10.16 12:03:25.638,0.83697,0.83728,4.87,2.25
2014.10.16 12:03:28.033,0.83697,0.83727,5.25,1.15
2014.10.16 12:03:28.084,0.83701,0.83729,2.70,1.45
2014.10.16 12:03:28.336,0.837,0.83725,1.52,1.05
2014.10.16 12:03:29.274,0.83705,0.83725,1.00,1.05
2014.10.16 12:03:29.617,0.837,0.83725,1.52,1.05
2014.10.16 12:03:29.871,0.83705,0.83727,1.00,1.45
2014.10.16 12:03:30.073,0.83705,0.8373,1.15,1.12
2014.10.16 12:03:32.647,0.83702,0.83728,2.70,1.30
2014.10.16 12:03:33.220,0.83702,0.83727,2.70,1.30
2014.10.16 12:03:37.141,0.83705,0.83729,1.27,1.05
2014.10.16 12:03:37.696,0.83706,0.83733,2.70,1.80
2014.10.16 12:03:37.998,0.83706,0.83731,2.70,1.30
2014.10.16 12:03:38.099,0.83702,0.83731,5.62,1.35
2014.10.16 12:03:38.617,0.83702,0.8373,4.87,1.35
2014.10.16 12:03:38.919,0.83702,0.83728,4.50,1.35
2014.10.16 12:03:39.020,0.837,0.83729,4.20,1.82
2014.10.16 12:03:39.425,0.83699,0.83728,2.70,1.50
2014.10.16 12:03:39.475,0.83698,0.83728,1.15,1.82
2014.10.16 12:03:39.627,0.83696,0.83726,3.07,2.32
2014.10.16 12:03:39.943,0.83693,0.83721,3.07,1.05
2014.10.16 12:03:40.095,0.83691,0.83721,2.32,1.15
2014.10.16 12:03:40.854,0.83691,0.83714,2.70,1.30
2014.10.16 12:03:41.106,0.8369,0.83713,1.52,1.30
2014.10.16 12:03:44.483,0.83691,0.83716,1.27,1.12
2014.10.16 12:03:44.635,0.83691,0.83716,1.52,1.30
2014.10.16 12:03:44.736,0.8369,0.83718,3.45,1.05
2014.10.16 12:03:44.887,0.83693,0.83718,1.27,1.05
2014.10.16 12:03:45.203,0.83694,0.8372,2.32,1.30
2014.10.16 12:03:45.708,0.83694,0.83721,2.70,1.05
2014.10.16 12:03:48.221,0.83695,0.83721,1.15,1.42
2014.10.16 12:03:48.523,0.83694,0.83717,2.32,1.30
2014.10.16 12:03:49.345,0.83694,0.83716,2.32,1.30
2014.10.16 12:03:49.547,0.83695,0.83716,1.17,1.30
2014.10.16 12:03:50.001,0.83693,0.83716,3.45,1.30
2014.10.16 12:03:50.102,0.83694,0.83718,2.70,1.30
2014.10.16 12:03:50.908,0.83697,0.83719,1.15,1.30
2014.10.16 12:03:51.009,0.83697,0.83716,3.07,1.30
2014.10.16 12:03:51.110,0.83697,0.83716,1.15,1.30
2014.10.16 12:03:51.413,0.83697,0.83714,1.00,1.30
2014.10.16 12:03:51.564,0.83693,0.83714,1.10,1.30
2014.10.16 12:03:53.978,0.83692,0.83716,1.17,1.12
2014.10.16 12:03:54.268,0.83692,0.83716,1.27,1.05
2014.10.16 12:03:54.575,0.83697,0.83715,1.00,1.30
2014.10.16 12:03:54.626,0.83695,0.83714,1.10,1.30
2014.10.16 12:03:54.952,0.83691,0.83713,1.17,1.30
2014.10.16 12:03:55.053,0.83691,0.83711,1.17,1.30
2014.10.16 12:03:55.494,0.83691,0.83714,1.17,1.30
2014.10.16 12:03:57.807,0.83691,0.83716,1.55,1.37
2014.10.16 12:03:59.459,0.83691,0.83713,1.17,1.30
2014.10.16 12:04:00.481,0.83694,0.83713,1.00,1.30
2014.10.16 12:04:01.501,0.83689,0.83713,1.27,1.30
2014.10.16 12:04:02.390,0.83689,0.83712,1.15,1.30
2014.10.16 12:04:02.541,0.83689,0.83711,1.17,1.30
2014.10.16 12:04:02.643,0.83692,0.8371,1.00,1.30
2014.10.16 12:04:02.794,0.83689,0.8371,1.17,1.30
2014.10.16 12:04:03.676,0.83692,0.8371,1.00,1.30
2014.10.16 12:04:03.776,0.83689,0.8371,1.17,1.30
2014.10.16 12:04:04.311,0.83685,0.83709,3.45,1.30
2014.10.16 12:04:06.122,0.83689,0.8371,1.17,1.30
2014.10.16 12:04:06.764,0.83689,0.8371,1.07,1.67
2014.10.16 12:04:06.865,0.83685,0.8371,1.15,1.42
2014.10.16 12:04:06.916,0.83685,0.83708,1.15,1.30
2014.10.16 12:04:07.118,0.83685,0.8371,1.15,1.05
2014.10.16 12:04:07.169,0.83689,0.8371,1.10,1.05
2014.10.16 12:04:07.688,0.83689,0.8371,1.17,1.30
2014.10.16 12:04:09.779,0.83685,0.83711,2.70,1.30
2014.10.16 12:04:10.223,0.83683,0.83707,2.70,1.72
2014.10.16 12:04:10.274,0.83683,0.83707,1.15,1.30
2014.10.16 12:04:10.678,0.8368,0.83705,3.45,1.00
2014.10.16 12:04:10.880,0.83679,0.83705,2.25,1.17
2014.10.16 12:04:12.576,0.8368,0.83705,3.67,1.00
2014.10.16 12:04:12.884,0.8368,0.83701,2.32,1.30
2014.10.16 12:04:12.985,0.83675,0.837,1.57,1.52
2014.10.16 12:04:13.187,0.83673,0.83698,4.80,1.00
2014.10.16 12:04:13.489,0.83674,0.83699,1.17,1.15
2014.10.16 12:04:14.253,0.83674,0.837,1.17,1.17
2014.10.16 12:04:14.303,0.83674,0.837,1.15,1.10
2014.10.16 12:04:15.008,0.83679,0.83701,1.00,1.17
2014.10.16 12:04:16.358,0.83677,0.83703,1.10,1.27
2014.10.16 12:04:19.570,0.83681,0.83703,1.42,1.17
2014.10.16 12:04:19.621,0.83681,0.83705,1.42,1.15
2014.10.16 12:04:19.672,0.83681,0.83705,1.37,1.07
2014.10.16 12:04:19.873,0.83683,0.83709,1.15,1.27
2014.10.16 12:04:20.963,0.83686,0.83711,1.00,3.00
2014.10.16 12:04:21.064,0.83683,0.83709,1.15,1.15
2014.10.16 12:04:21.622,0.83689,0.83712,1.00,1.52
2014.10.16 12:04:21.723,0.83685,0.83711,1.00,1.27
2014.10.16 12:04:21.774,0.83685,0.83711,1.07,1.27
2014.10.16 12:04:21.824,0.83685,0.83711,1.15,1.27
2014.10.16 12:04:22.409,0.83689,0.83714,1.00,2.25
2014.10.16 12:04:22.611,0.83692,0.83714,1.00,2.25
2014.10.16 12:04:22.712,0.83689,0.83714,1.00,2.25
2014.10.16 12:04:23.130,0.83694,0.83715,1.00,3.07
2014.10.16 12:04:23.231,0.83694,0.83715,1.00,1.10
2014.10.16 12:04:23.282,0.83689,0.83715,2.25,1.57
2014.10.16 12:04:23.384,0.83694,0.83718,1.00,1.52
2014.10.16 12:04:23.485,0.83692,0.83718,1.10,1.52
2014.10.16 12:04:23.707,0.83692,0.83717,1.20,1.17
2014.10.16 12:04:24.149,0.83697,0.83722,1.07,1.15
2014.10.16 12:04:24.200,0.83697,0.83722,1.15,1.17
2014.10.16 12:04:24.574,0.83697,0.83723,1.07,4.20
2014.10.16 12:04:24.675,0.83694,0.83719,1.52,1.17
2014.10.16 12:04:25.028,0.83693,0.83719,4.42,1.07
2014.10.16 12:04:25.229,0.83697,0.83723,1.15,2.92
2014.10.16 12:04:25.280,0.83697,0.83723,1.15,1.87
2014.10.16 12:04:25.381,0.83697,0.8372,1.15,1.00
2014.10.16 12:04:25.583,0.83693,0.83719,1.15,1.27
2014.10.16 12:04:26.037,0.83691,0.83714,2.32,1.00
2014.10.16 12:04:26.138,0.83691,0.83718,2.32,1.10
2014.10.16 12:04:26.441,0.83691,0.83718,2.32,1.17
2014.10.16 12:04:26.492,0.8369,0.83718,1.15,1.15
2014.10.16 12:04:27.863,0.83695,0.83719,1.00,1.52
2014.10.16 12:04:28.014,0.83691,0.83717,2.02,1.15
2014.10.16 12:04:30.092,0.83694,0.83718,1.00,1.15
2014.10.16 12:04:30.391,0.83699,0.8372,1.00,1.15
2014.10.16 12:04:30.593,0.83694,0.83721,1.52,1.00
2014.10.16 12:04:31.749,0.83699,0.83723,1.00,1.15
2014.10.16 12:04:32.001,0.83699,0.83724,1.15,1.10
2014.10.16 12:04:32.505,0.83702,0.83724,1.00,1.10
2014.10.16 12:04:33.042,0.83698,0.83723,1.07,1.17
2014.10.16 12:04:34.527,0.83695,0.83721,1.15,1.20
2014.10.16 12:04:35.030,0.83696,0.83721,1.10,1.15
2014.10.16 12:04:35.333,0.83696,0.83722,1.27,1.17
2014.10.16 12:04:37.032,0.837,0.83722,1.00,1.17
2014.10.16 12:04:37.663,0.83694,0.83722,3.45,1.65
2014.10.16 12:04:37.971,0.83694,0.83721,1.27,1.15
2014.10.16 12:04:38.929,0.83695,0.83721,1.47,1.15
2014.10.16 12:04:38.980,0.83695,0.83721,1.52,1.17
2014.10.16 12:04:40.097,0.837,0.83723,1.00,1.27
2014.10.16 12:04:40.249,0.83697,0.83721,1.00,1.15
2014.10.16 12:04:40.351,0.83693,0.83719,1.27,1.17
2014.10.16 12:04:40.553,0.8369,0.83715,3.45,1.00
2014.10.16 12:04:40.654,0.83695,0.8372,1.10,1.27
2014.10.16 12:04:40.755,0.83695,0.8372,1.00,3.45
2014.10.16 12:04:40.867,0.83691,0.83717,1.52,1.15
2014.10.16 12:04:41.448,0.83688,0.83714,2.70,1.00
2014.10.16 12:04:41.958,0.83691,0.83717,1.15,1.15
2014.10.16 12:04:42.381,0.83691,0.83717,1.00,2.02
2014.10.16 12:04:42.683,0.83691,0.83714,1.27,1.00
2014.10.16 12:04:42.785,0.83691,0.83717,1.27,1.17
2014.10.16 12:04:42.991,0.83695,0.83721,1.15,2.02
2014.10.16 12:04:43.294,0.83697,0.83723,3.45,2.47
2014.10.16 12:04:43.877,0.83703,0.83729,1.00,5.17
2014.10.16 12:04:44.407,0.83706,0.83731,1.00,2.02
2014.10.16 12:04:44.508,0.83706,0.83731,1.17,2.02
2014.10.16 12:04:44.982,0.83712,0.83731,1.00,1.27
2014.10.16 12:04:45.084,0.83709,0.83731,1.00,1.15
2014.10.16 12:04:45.538,0.83705,0.83731,1.15,1.87
2014.10.16 12:04:46.631,0.83703,0.83727,1.82,1.00
2014.10.16 12:04:46.732,0.83705,0.83731,1.15,1.65
2014.10.16 12:04:46.783,0.83705,0.83731,1.00,2.02
2014.10.16 12:04:46.834,0.83703,0.83727,1.12,1.20
2014.10.16 12:04:46.935,0.83702,0.83725,1.45,1.00
2014.10.16 12:04:47.237,0.83705,0.83729,1.00,1.15
2014.10.16 12:04:47.692,0.83705,0.8373,1.07,1.15
2014.10.16 12:04:47.793,0.83705,0.8373,1.87,1.17
2014.10.16 12:04:48.095,0.83705,0.8373,1.07,2.70
2014.10.16 12:04:48.196,0.83701,0.83723,1.15,1.00
2014.10.16 12:04:48.247,0.83701,0.83727,1.65,1.27
2014.10.16 12:04:48.701,0.83706,0.83732,1.17,1.27
2014.10.16 12:04:48.903,0.83702,0.8373,3.00,1.52
2014.10.16 12:04:49.205,0.83702,0.83729,3.45,1.10
2014.10.16 12:04:49.508,0.83711,0.83732,1.00,1.15
2014.10.16 12:04:49.558,0.83707,0.83732,1.20,1.15
2014.10.16 12:04:49.609,0.83707,0.83732,1.27,1.10
2014.10.16 12:04:49.912,0.83702,0.8373,1.17,1.52
2014.10.16 12:04:50.466,0.83707,0.83731,1.00,1.27
2014.10.16 12:04:50.517,0.83707,0.83731,1.10,1.27
2014.10.16 12:04:51.223,0.83709,0.83732,1.00,1.15
2014.10.16 12:04:51.323,0.83705,0.83732,1.52,1.15
2014.10.16 12:04:52.371,0.83705,0.83732,1.52,1.15
2014.10.16 12:04:52.876,0.83703,0.83732,1.52,1.15
2014.10.16 12:04:53.431,0.83705,0.83733,2.70,1.17
2014.10.16 12:04:53.733,0.83712,0.83737,2.70,1.00
2014.10.16 12:04:53.986,0.83718,0.83744,1.87,1.17
2014.10.16 12:04:54.691,0.8372,0.83748,1.87,3.07
2014.10.16 12:04:54.742,0.83721,0.83747,1.45,1.10
2014.10.16 12:04:55.695,0.83724,0.83749,1.12,1.07
2014.10.16 12:04:55.745,0.83724,0.83749,1.45,1.00
2014.10.16 12:04:56.284,0.83724,0.8375,1.45,1.10
2014.10.16 12:04:56.794,0.83723,0.83749,3.30,1.00
2014.10.16 12:04:57.322,0.83724,0.8375,1.45,1.10
2014.10.16 12:04:58.093,0.83723,0.8375,2.32,1.47
2014.10.16 12:04:59.176,0.83723,0.8375,3.30,1.20
2014.10.16 12:04:59.332,0.83723,0.8375,2.32,1.27
2014.10.16 12:04:59.382,0.83722,0.8375,1.50,1.27
2014.10.16 12:04:59.895,0.83722,0.8375,1.82,1.15
2014.10.16 12:05:00.399,0.83721,0.83748,1.82,1.20
2014.10.16 12:05:00.600,0.8372,0.83746,2.25,1.15
2014.10.16 12:05:01.586,0.8372,0.83745,1.37,1.17
2014.10.16 12:05:01.687,0.8372,0.83745,1.45,1.17
2014.10.16 12:05:01.999,0.83726,0.83745,1.30,1.17
2014.10.16 12:05:02.150,0.83726,0.83746,1.30,1.00
2014.10.16 12:05:02.254,0.83724,0.83748,1.12,1.10
2014.10.16 12:05:02.868,0.83726,0.83749,1.30,1.17
2014.10.16 12:05:02.918,0.83726,0.83749,1.45,1.00
2014.10.16 12:05:03.473,0.83723,0.83747,3.30,1.00
2014.10.16 12:05:03.927,0.83724,0.83747,1.37,1.10
2014.10.16 12:05:04.079,0.83728,0.83748,1.30,1.07
2014.10.16 12:05:04.469,0.83727,0.83751,1.12,1.17
2014.10.16 12:05:06.851,0.83723,0.83748,2.70,1.30
2014.10.16 12:05:07.055,0.83723,0.8375,3.67,1.10
2014.10.16 12:05:07.106,0.83726,0.8375,2.70,1.00
2014.10.16 12:05:07.694,0.83725,0.8375,2.70,1.05
2014.10.16 12:05:07.745,0.83723,0.8375,2.70,1.05
2014.10.16 12:05:08.615,0.83722,0.8375,3.45,2.92
2014.10.16 12:05:08.666,0.83722,0.8375,1.27,3.00
2014.10.16 12:05:08.918,0.83719,0.83745,2.32,1.37
2014.10.16 12:05:08.969,0.83717,0.83745,4.05,2.62
2014.10.16 12:05:10.616,0.83717,0.83745,1.87,3.67
2014.10.16 12:05:10.666,0.83717,0.83745,1.87,3.67
2014.10.16 12:05:11.233,0.83716,0.83741,1.60,2.25
2014.10.16 12:05:11.726,0.83709,0.83737,3.45,2.62
2014.10.16 12:05:11.777,0.83709,0.83737,1.27,2.70
2014.10.16 12:05:12.487,0.83709,0.83737,1.55,2.32
2014.10.16 12:05:12.996,0.83707,0.83732,1.27,1.10
2014.10.16 12:05:13.147,0.83706,0.83732,1.55,1.15
2014.10.16 12:05:14.676,0.83702,0.83728,2.70,1.30
2014.10.16 12:05:14.978,0.837,0.83722,1.52,1.00
2014.10.16 12:05:15.482,0.837,0.83722,1.52,1.00
2014.10.16 12:05:15.583,0.83697,0.83722,1.52,1.17
2014.10.16 12:05:16.087,0.83698,0.83724,1.52,1.00
2014.10.16 12:05:16.346,0.83698,0.83724,1.52,1.07
2014.10.16 12:05:16.850,0.837,0.83726,1.37,3.07
2014.10.16 12:05:16.901,0.837,0.83726,1.52,1.17
2014.10.16 12:05:17.451,0.83701,0.83726,1.52,1.17
2014.10.16 12:05:17.966,0.83702,0.8373,1.55,3.07
2014.10.16 12:05:18.554,0.83703,0.8373,1.47,3.07
2014.10.16 12:05:18.605,0.83703,0.8373,1.52,1.20
2014.10.16 12:05:18.756,0.83707,0.83734,1.37,1.15
2014.10.16 12:05:18.908,0.83707,0.83733,1.52,1.10
2014.10.16 12:05:19.059,0.83707,0.8373,1.52,1.00
2014.10.16 12:05:19.362,0.83706,0.83727,1.52,1.00
2014.10.16 12:05:19.412,0.83706,0.83734,1.52,1.17
2014.10.16 12:05:19.816,0.83708,0.83734,2.70,1.00
2014.10.16 12:05:20.140,0.83708,0.83732,3.45,1.00
2014.10.16 12:05:22.234,0.8371,0.83728,1.52,1.00
2014.10.16 12:05:22.385,0.8371,0.83732,1.52,1.00
2014.10.16 12:05:23.219,0.83713,0.83737,1.10,1.45
2014.10.16 12:05:23.320,0.83713,0.83737,1.00,3.30
2014.10.16 12:05:23.472,0.83708,0.83735,2.02,1.15
2014.10.16 12:05:23.673,0.83708,0.8373,1.27,1.00
2014.10.16 12:05:23.976,0.83707,0.83728,1.52,1.00
2014.10.16 12:05:24.026,0.83707,0.83732,2.02,1.10
2014.10.16 12:05:24.659,0.83707,0.83729,1.15,1.30
2014.10.16 12:05:26.537,0.83705,0.83727,3.45,1.30
2014.10.16 12:05:26.759,0.83704,0.83727,1.52,1.30
2014.10.16 12:05:27.848,0.83704,0.83728,1.52,1.30
2014.10.16 12:05:27.949,0.83705,0.83729,3.45,1.72
2014.10.16 12:05:28.151,0.83705,0.83727,1.27,1.30
2014.10.16 12:05:28.655,0.83705,0.83726,1.15,1.30
2014.10.16 12:05:29.007,0.83705,0.83727,1.52,1.00
2014.10.16 12:05:29.058,0.83706,0.83731,1.55,1.87
2014.10.16 12:05:29.109,0.8371,0.83731,1.00,1.87
2014.10.16 12:05:29.411,0.8371,0.83731,1.15,1.30
2014.10.16 12:05:29.927,0.8371,0.83732,1.15,1.72
2014.10.16 12:05:30.229,0.8371,0.83732,3.82,1.00
2014.10.16 12:05:30.280,0.8371,0.83734,5.55,1.00
2014.10.16 12:05:30.331,0.83715,0.83734,1.52,1.00
2014.10.16 12:05:30.432,0.83715,0.83739,1.52,1.00
2014.10.16 12:05:31.664,0.83715,0.83739,1.52,1.00
2014.10.16 12:05:31.715,0.83716,0.83739,2.70,1.00
2014.10.16 12:05:31.816,0.83716,0.83741,3.45,1.00
2014.10.16 12:05:32.349,0.83716,0.8374,2.70,1.00
2014.10.16 12:05:32.854,0.83716,0.83741,3.45,1.00
2014.10.16 12:05:33.582,0.83718,0.83743,1.52,1.10
2014.10.16 12:05:34.339,0.83719,0.8374,1.00,1.05
2014.10.16 12:05:34.843,0.83717,0.83741,1.27,1.12
2014.10.16 12:05:35.146,0.83717,0.8374,1.00,2.25
2014.10.16 12:05:35.247,0.83714,0.8374,1.17,3.00
2014.10.16 12:05:35.564,0.83712,0.83737,1.07,1.80
2014.10.16 12:05:35.765,0.83708,0.83734,1.45,1.87
2014.10.16 12:05:38.141,0.8371,0.83734,1.45,1.07
2014.10.16 12:05:38.192,0.83711,0.83736,1.52,2.62
2014.10.16 12:05:38.742,0.83713,0.83738,1.45,1.80
2014.10.16 12:05:38.792,0.83713,0.83738,1.52,1.30
2014.10.16 12:05:38.843,0.83717,0.83736,1.00,1.30
2014.10.16 12:05:38.994,0.83715,0.83737,1.20,1.30
2014.10.16 12:05:39.095,0.83711,0.83736,1.15,1.20
2014.10.16 12:05:39.297,0.8371,0.83734,1.15,1.72
2014.10.16 12:05:39.599,0.83711,0.83734,1.00,1.45
2014.10.16 12:05:39.952,0.8371,0.8373,1.47,1.00
2014.10.16 12:05:40.054,0.8371,0.83732,1.47,1.10
2014.10.16 12:05:40.406,0.8371,0.8373,1.10,1.00
2014.10.16 12:05:40.507,0.83707,0.83732,1.27,1.80
2014.10.16 12:05:40.558,0.83707,0.83732,1.20,1.87
2014.10.16 12:05:42.045,0.83704,0.83729,1.52,1.00
2014.10.16 12:05:42.146,0.83705,0.83727,1.17,1.05
2014.10.16 12:05:42.448,0.83701,0.83726,1.05,1.15
2014.10.16 12:05:44.030,0.83705,0.83726,1.12,1.15
2014.10.16 12:05:44.232,0.83705,0.8373,1.87,1.15
2014.10.16 12:05:44.333,0.83705,0.8373,2.02,1.10
2014.10.16 12:05:44.837,0.83707,0.83732,1.47,1.15
2014.10.16 12:05:44.888,0.83707,0.83729,1.10,1.30
2014.10.16 12:05:44.938,0.83711,0.83729,1.00,1.30
2014.10.16 12:05:45.039,0.83705,0.83729,1.50,1.45
2014.10.16 12:05:45.295,0.83705,0.83726,1.00,1.45
2014.10.16 12:05:45.347,0.83701,0.83726,1.20,1.15
2014.10.16 12:05:45.700,0.837,0.8372,1.55,1.00
2014.10.16 12:05:45.801,0.83701,0.83724,1.20,1.05
2014.10.16 12:05:47.218,0.83701,0.83726,1.57,1.15
2014.10.16 12:05:47.269,0.83701,0.83726,1.65,1.00
2014.10.16 12:05:47.319,0.8371,0.83726,1.00,1.00
2014.10.16 12:05:47.471,0.83711,0.83732,1.00,1.12
2014.10.16 12:05:47.673,0.83713,0.83735,1.00,1.45
2014.10.16 12:05:47.774,0.83709,0.83733,1.52,1.30
2014.10.16 12:05:48.317,0.83709,0.83734,1.52,1.10
2014.10.16 12:05:48.619,0.83709,0.83729,1.15,1.30
2014.10.16 12:05:48.720,0.83705,0.83729,1.15,1.80
2014.10.16 12:05:48.771,0.83701,0.83728,3.45,1.37
2014.10.16 12:05:48.821,0.83701,0.83728,1.52,1.45
2014.10.16 12:05:49.911,0.83703,0.83727,1.00,1.45
2014.10.16 12:05:50.394,0.83703,0.83728,1.55,1.17
2014.10.16 12:05:50.444,0.83703,0.83728,1.55,1.17
2014.10.16 12:05:50.747,0.83709,0.83731,1.00,1.12
2014.10.16 12:05:51.201,0.83704,0.83729,1.27,1.45
2014.10.16 12:05:51.302,0.83701,0.83725,1.52,1.00
2014.10.16 12:05:51.403,0.83703,0.83728,1.52,1.17
2014.10.16 12:05:51.841,0.83701,0.83725,1.52,1.00
2014.10.16 12:05:51.993,0.83703,0.83728,1.52,1.87
2014.10.16 12:05:52.308,0.83703,0.83728,1.37,1.87
2014.10.16 12:05:52.842,0.837,0.83722,1.52,1.00
2014.10.16 12:05:52.946,0.83701,0.83724,1.27,1.05
2014.10.16 12:05:53.052,0.83701,0.83722,1.17,1.30
2014.10.16 12:05:53.103,0.837,0.83722,1.00,1.12
2014.10.16 12:05:53.506,0.83698,0.83719,1.12,1.00
2014.10.16 12:05:53.708,0.83693,0.83719,1.17,1.15
2014.10.16 12:05:53.860,0.83692,0.83712,1.15,1.00
2014.10.16 12:05:53.961,0.83691,0.83717,1.65,1.10
2014.10.16 12:05:54.162,0.8369,0.83713,1.65,1.00
2014.10.16 12:05:54.263,0.83693,0.83719,1.17,1.15
2014.10.16 12:05:54.912,0.83693,0.83719,1.55,1.15
2014.10.16 12:05:54.962,0.83691,0.83713,1.52,1.00
2014.10.16 12:05:55.064,0.83691,0.83717,2.40,1.10
2014.10.16 12:05:55.597,0.83694,0.8372,1.47,1.15
2014.10.16 12:05:56.102,0.83692,0.8372,3.82,1.10
2014.10.16 12:05:56.706,0.83693,0.8372,1.65,1.10
2014.10.16 12:05:56.913,0.837,0.83721,1.00,1.12
2014.10.16 12:05:57.015,0.83693,0.8372,1.65,1.10
2014.10.16 12:05:58.438,0.83697,0.8372,1.20,1.05
2014.10.16 12:06:00.347,0.83699,0.83721,1.00,1.12
2014.10.16 12:06:00.559,0.83695,0.83719,1.27,1.30
2014.10.16 12:06:00.659,0.83695,0.83716,1.27,1.00
2014.10.16 12:06:00.710,0.83695,0.83716,1.12,1.00
2014.10.16 12:06:00.761,0.83695,0.83719,1.12,1.87
2014.10.16 12:06:01.164,0.837,0.83719,1.00,1.15
2014.10.16 12:06:01.544,0.83697,0.83722,1.20,1.45
2014.10.16 12:06:01.595,0.837,0.83722,1.00,1.45
2014.10.16 12:06:02.182,0.83695,0.8372,1.52,1.10
2014.10.16 12:06:03.401,0.83699,0.8372,1.00,1.05
2014.10.16 12:06:03.503,0.83696,0.83718,1.07,1.05
2014.10.16 12:06:03.654,0.83695,0.83717,1.10,1.30
2014.10.16 12:06:03.755,0.83694,0.83713,1.17,1.00
2014.10.16 12:06:03.856,0.8369,0.83715,3.45,1.30
2014.10.16 12:06:04.209,0.83695,0.83711,1.00,1.00
2014.10.16 12:06:04.260,0.8369,0.83711,2.02,1.00
2014.10.16 12:06:04.492,0.83691,0.83717,1.55,1.15
2014.10.16 12:06:04.593,0.83695,0.83717,1.10,1.10
2014.10.16 12:06:05.365,0.83695,0.8372,1.47,1.15
2014.10.16 12:06:05.904,0.83694,0.8372,1.52,1.07
2014.10.16 12:06:06.005,0.83694,0.8372,1.52,1.10
2014.10.16 12:06:06.156,0.83694,0.8372,1.45,1.17
2014.10.16 12:06:06.358,0.83694,0.8372,1.37,1.15
2014.10.16 12:06:06.409,0.83699,0.83722,1.00,2.25
2014.10.16 12:06:06.611,0.83692,0.83714,1.47,1.10
2014.10.16 12:06:07.136,0.83689,0.83714,1.52,1.10
2014.10.16 12:06:07.289,0.83688,0.83714,2.25,1.17
2014.10.16 12:06:07.340,0.83688,0.83714,2.25,1.15
2014.10.16 12:06:07.870,0.83686,0.8371,1.52,1.00
2014.10.16 12:06:08.787,0.83685,0.83709,2.02,1.30
2014.10.16 12:06:09.297,0.83685,0.8371,2.02,1.72
2014.10.16 12:06:09.751,0.83687,0.8371,2.70,1.00
2014.10.16 12:06:09.801,0.83687,0.83713,3.07,1.00
2014.10.16 12:06:09.953,0.83691,0.83714,1.52,1.30
2014.10.16 12:06:10.477,0.83691,0.83715,1.52,1.30
2014.10.16 12:06:10.723,0.83691,0.83717,1.52,1.72
2014.10.16 12:06:11.304,0.83691,0.83715,1.52,1.30
2014.10.16 12:06:11.658,0.83689,0.83712,2.70,1.00
2014.10.16 12:06:11.708,0.83688,0.83712,1.52,1.00
2014.10.16 12:06:12.212,0.8369,0.83713,1.27,1.30
2014.10.16 12:06:12.263,0.8369,0.83713,4.20,1.30
2014.10.16 12:06:12.313,0.8369,0.83716,4.20,1.72
2014.10.16 12:06:13.074,0.83695,0.8372,1.10,2.25
2014.10.16 12:06:13.477,0.83693,0.83718,2.70,1.00
2014.10.16 12:06:13.528,0.83696,0.8372,1.15,1.05
2014.10.16 12:06:14.043,0.83696,0.8372,1.15,1.42
2014.10.16 12:06:14.096,0.83691,0.83716,1.27,1.05
2014.10.16 12:06:15.055,0.8369,0.83714,1.52,1.00
2014.10.16 12:06:15.913,0.8369,0.83713,1.15,1.30
2014.10.16 12:06:16.064,0.8369,0.83712,1.17,1.00
2014.10.16 12:06:16.609,0.83686,0.83713,2.70,1.72
2014.10.16 12:06:16.817,0.83686,0.83709,2.70,1.00
2014.10.16 12:06:16.918,0.83686,0.83713,2.70,1.72
2014.10.16 12:06:17.328,0.83686,0.83711,2.70,1.30
2014.10.16 12:06:17.694,0.83688,0.83711,2.32,1.30
2014.10.16 12:06:17.795,0.83689,0.83713,2.32,1.00
2014.10.16 12:06:17.896,0.83689,0.83711,2.32,1.30
2014.10.16 12:06:17.947,0.83687,0.83711,2.32,1.30
2014.10.16 12:06:18.048,0.83686,0.83711,1.15,1.05
2014.10.16 12:06:18.099,0.83686,0.83707,1.15,1.30
2014.10.16 12:06:18.250,0.83681,0.83705,3.07,1.72
2014.10.16 12:06:18.352,0.83681,0.83701,3.07,1.00
2014.10.16 12:06:18.873,0.83677,0.83702,3.45,1.00
2014.10.16 12:06:19.378,0.83675,0.83701,3.07,1.05
2014.10.16 12:06:19.428,0.83675,0.83697,1.15,1.30
2014.10.16 12:06:19.630,0.8367,0.83697,3.45,1.05
2014.10.16 12:06:19.681,0.83671,0.83697,1.27,1.37
2014.10.16 12:06:19.731,0.83671,0.83697,1.27,1.45
2014.10.16 12:06:20.356,0.8367,0.83693,1.52,1.30
2014.10.16 12:06:20.658,0.8367,0.83693,1.20,1.37
2014.10.16 12:06:21.166,0.8367,0.83693,1.12,1.45
2014.10.16 12:06:21.722,0.83667,0.83692,1.27,1.12
2014.10.16 12:06:22.026,0.83665,0.83692,2.02,1.12
2014.10.16 12:06:22.076,0.83665,0.83692,2.02,1.12
2014.10.16 12:06:22.603,0.83666,0.8369,1.52,1.30
2014.10.16 12:06:22.856,0.83665,0.8369,1.47,1.45
2014.10.16 12:06:23.370,0.83665,0.83688,1.10,1.05
2014.10.16 12:06:23.677,0.8367,0.83692,1.00,1.12
2014.10.16 12:06:24.036,0.83665,0.83688,2.02,1.30
2014.10.16 12:06:24.288,0.8367,0.83691,1.00,1.05
2014.10.16 12:06:24.742,0.83669,0.83691,1.10,1.12
2014.10.16 12:06:24.843,0.83664,0.83687,1.15,1.30
2014.10.16 12:06:24.995,0.83662,0.83687,1.87,1.45
2014.10.16 12:06:25.348,0.83662,0.83687,1.12,1.37
2014.10.16 12:06:25.651,0.83667,0.83693,1.37,1.45
2014.10.16 12:06:25.903,0.83666,0.83692,1.10,1.45
2014.10.16 12:06:26.544,0.83665,0.83691,1.07,1.45
2014.10.16 12:06:26.695,0.83664,0.83691,1.50,1.45
2014.10.16 12:06:27.187,0.83662,0.83688,1.37,2.32
2014.10.16 12:06:27.522,0.83665,0.83688,1.00,3.30
2014.10.16 12:06:27.623,0.83665,0.8369,1.12,1.45
2014.10.16 12:06:27.724,0.83665,0.83691,1.37,3.30
2014.10.16 12:06:28.122,0.83665,0.83691,1.12,2.32
2014.10.16 12:06:28.326,0.83665,0.83692,1.55,1.45
2014.10.16 12:06:28.477,0.83665,0.83692,1.55,1.45
2014.10.16 12:06:28.528,0.83665,0.83692,1.52,1.37
2014.10.16 12:06:29.303,0.8367,0.83692,1.00,1.37
2014.10.16 12:06:29.878,0.8367,0.8369,1.00,1.30
2014.10.16 12:06:30.130,0.83665,0.83689,1.27,1.30
2014.10.16 12:06:30.282,0.83665,0.83689,1.17,1.37
2014.10.16 12:06:30.584,0.83665,0.8369,1.47,2.32
2014.10.16 12:06:30.635,0.83665,0.83691,1.20,1.45
2014.10.16 12:06:31.942,0.83665,0.83691,1.47,1.45
2014.10.16 12:06:32.663,0.8367,0.83691,1.00,1.45
2014.10.16 12:06:33.133,0.83665,0.83689,1.20,1.45
2014.10.16 12:06:33.893,0.83665,0.83686,1.10,1.30
2014.10.16 12:06:34.413,0.83665,0.83688,1.10,1.12
2014.10.16 12:06:34.837,0.83665,0.83685,1.10,1.05
2014.10.16 12:06:35.140,0.8366,0.83684,1.00,1.45
2014.10.16 12:06:35.594,0.8366,0.83686,1.10,1.87
2014.10.16 12:06:35.644,0.83665,0.83686,1.00,1.12
2014.10.16 12:06:35.947,0.83665,0.83684,1.00,1.30
2014.10.16 12:06:36.364,0.83665,0.83683,1.00,1.37
2014.10.16 12:06:36.666,0.8366,0.83677,1.00,1.30
2014.10.16 12:06:37.229,0.8366,0.83681,1.00,1.37
2014.10.16 12:06:38.043,0.83665,0.83685,1.00,2.25
2014.10.16 12:06:38.094,0.83665,0.83687,1.00,1.87
2014.10.16 12:06:38.245,0.83665,0.83684,1.00,1.30
2014.10.16 12:06:40.332,0.83665,0.83685,1.00,1.30
2014.10.16 12:06:40.968,0.83665,0.83686,1.00,1.05
2014.10.16 12:06:41.277,0.83665,0.83687,1.17,1.30
2014.10.16 12:06:41.788,0.83665,0.83688,1.17,1.30
2014.10.16 12:06:42.093,0.8367,0.83687,1.00,1.30
2014.10.16 12:06:43.643,0.83665,0.83687,1.17,1.30
2014.10.16 12:06:43.996,0.8367,0.83687,1.00,1.30
2014.10.16 12:06:44.303,0.83665,0.83687,1.17,1.30
2014.10.16 12:06:44.809,0.83665,0.83686,1.17,1.30
2014.10.16 12:06:45.233,0.83665,0.83686,1.00,1.30
2014.10.16 12:06:46.284,0.83665,0.83688,1.00,1.45
2014.10.16 12:06:46.537,0.83665,0.83688,1.27,1.30
2014.10.16 12:06:47.036,0.83665,0.83687,1.12,1.05
2014.10.16 12:06:47.238,0.83664,0.83686,1.15,1.30
2014.10.16 12:06:47.339,0.83661,0.83686,2.02,1.05
2014.10.16 12:06:47.491,0.83661,0.83686,1.52,1.05
2014.10.16 12:06:48.001,0.83661,0.83686,2.70,1.30
2014.10.16 12:06:50.789,0.83661,0.83687,2.70,1.30
2014.10.16 12:06:52.325,0.83661,0.83689,2.70,1.17
2014.10.16 12:06:52.629,0.83667,0.83692,2.70,1.30
2014.10.16 12:06:52.679,0.8367,0.83694,1.15,1.30
2014.10.16 12:06:52.888,0.83667,0.8369,2.70,1.30
2014.10.16 12:06:52.989,0.83665,0.8369,3.82,1.30
2014.10.16 12:06:53.090,0.83665,0.83687,1.65,1.30
2014.10.16 12:06:53.141,0.83665,0.83687,1.15,1.30
2014.10.16 12:06:53.242,0.83665,0.83686,1.00,1.30
2014.10.16 12:06:53.293,0.83665,0.83685,1.07,1.30
2014.10.16 12:06:53.536,0.83665,0.83689,1.07,1.17
2014.10.16 12:06:53.587,0.8367,0.83688,1.00,1.00
2014.10.16 12:06:53.688,0.8367,0.83691,1.10,1.37
2014.10.16 12:06:53.739,0.8367,0.83694,1.10,1.12
2014.10.16 12:06:53.892,0.83675,0.83694,1.00,1.05
2014.10.16 12:06:54.406,0.8367,0.83693,1.15,1.30
2014.10.16 12:06:54.912,0.83671,0.83692,1.15,1.30
2014.10.16 12:06:55.013,0.8367,0.8369,1.10,1.30
2014.10.16 12:06:55.165,0.8367,0.83693,1.10,1.05
2014.10.16 12:06:55.317,0.8367,0.8369,1.10,1.30
2014.10.16 12:06:55.630,0.8367,0.83693,1.15,1.30
2014.10.16 12:06:56.041,0.8367,0.83693,1.17,1.05
2014.10.16 12:06:56.304,0.83665,0.83691,4.20,1.37
2014.10.16 12:06:56.355,0.83665,0.83691,2.02,1.37
2014.10.16 12:06:56.458,0.83666,0.83689,2.70,1.00
2014.10.16 12:06:56.761,0.8367,0.8369,1.15,1.30
2014.10.16 12:06:56.862,0.8367,0.8369,1.17,1.30
2014.10.16 12:06:57.064,0.8367,0.83692,1.17,1.30
2014.10.16 12:06:57.165,0.8367,0.83692,1.15,1.30
2014.10.16 12:06:57.266,0.8367,0.83695,1.15,1.30
2014.10.16 12:06:57.317,0.83675,0.83695,1.00,1.30
2014.10.16 12:06:57.468,0.83672,0.83699,1.52,1.05
2014.10.16 12:06:57.570,0.83675,0.83699,1.27,1.05
2014.10.16 12:06:57.671,0.83676,0.83701,1.15,1.05
2014.10.16 12:06:58.277,0.83675,0.837,2.02,1.30
2014.10.16 12:06:58.923,0.83677,0.83699,1.15,1.30
2014.10.16 12:06:59.672,0.83677,0.83698,1.15,1.30
2014.10.16 12:06:59.823,0.83673,0.83698,1.52,1.05
2014.10.16 12:07:00.576,0.83673,0.83698,4.20,1.30
2014.10.16 12:07:01.080,0.83675,0.83699,1.15,1.72
2014.10.16 12:07:01.604,0.83673,0.83699,1.27,1.17
2014.10.16 12:07:01.755,0.83675,0.83696,1.17,1.30
2014.10.16 12:07:02.214,0.83673,0.83699,1.52,1.87
2014.10.16 12:07:02.315,0.83674,0.83699,2.70,1.72
2014.10.16 12:07:02.841,0.83675,0.83698,1.65,1.30
2014.10.16 12:07:03.441,0.83675,0.83699,1.65,1.30
2014.10.16 12:07:04.934,0.83675,0.83698,1.65,1.30
2014.10.16 12:07:05.371,0.83675,0.837,1.65,1.30
2014.10.16 12:07:05.573,0.83675,0.83698,1.15,1.00
2014.10.16 12:07:05.674,0.83675,0.837,1.65,1.30
2014.10.16 12:07:06.277,0.83675,0.83698,1.65,1.30
2014.10.16 12:07:06.823,0.83675,0.83699,1.15,1.30
2014.10.16 12:07:07.131,0.83675,0.83697,1.15,1.30
2014.10.16 12:07:07.484,0.83678,0.837,1.17,1.30
2014.10.16 12:07:08.020,0.83675,0.83701,2.02,1.80
2014.10.16 12:07:09.441,0.83675,0.837,2.02,1.30
2014.10.16 12:07:10.101,0.83675,0.83701,2.02,1.80
2014.10.16 12:07:13.039,0.83677,0.83703,1.15,1.82
2014.10.16 12:07:13.141,0.83673,0.83699,2.02,1.15
2014.10.16 12:07:13.242,0.83673,0.83694,1.15,1.00
2014.10.16 12:07:13.393,0.83671,0.83697,1.27,1.80
2014.10.16 12:07:13.696,0.8367,0.83693,3.45,1.00
2014.10.16 12:07:14.326,0.83668,0.83693,1.27,1.00
2014.10.16 12:07:15.832,0.83667,0.83692,1.27,1.30
2014.10.16 12:07:16.119,0.83667,0.8369,1.15,1.30
2014.10.16 12:07:16.170,0.83667,0.83692,1.52,1.30
2014.10.16 12:07:16.322,0.83666,0.83687,2.70,1.00
2014.10.16 12:07:16.575,0.83669,0.83692,1.15,1.30
2014.10.16 12:07:17.071,0.83669,0.83695,2.02,1.87
2014.10.16 12:07:17.224,0.83675,0.83695,1.00,1.17
2014.10.16 12:07:17.428,0.83675,0.83699,1.00,1.87
2014.10.16 12:07:17.932,0.83673,0.83697,1.17,1.12
2014.10.16 12:07:18.235,0.83673,0.83697,2.02,1.37
2014.10.16 12:07:18.285,0.83673,0.83699,4.20,1.72
2014.10.16 12:07:18.789,0.83675,0.83701,1.27,1.87
2014.10.16 12:07:18.840,0.83675,0.83698,1.27,1.30
2014.10.16 12:07:19.042,0.83675,0.837,1.27,1.05
2014.10.16 12:07:19.485,0.83675,0.837,1.27,1.37
2014.10.16 12:07:19.536,0.83674,0.83697,1.27,1.10
2014.10.16 12:07:19.788,0.83675,0.83701,1.07,2.25
2014.10.16 12:07:19.839,0.83675,0.83701,1.52,1.17
2014.10.16 12:07:19.990,0.83679,0.83703,1.00,1.50
2014.10.16 12:07:20.141,0.83679,0.83703,1.17,1.12
2014.10.16 12:07:20.394,0.83682,0.83706,1.00,1.50
2014.10.16 12:07:20.501,0.8368,0.83704,1.10,1.45
2014.10.16 12:07:22.049,0.83679,0.83704,1.55,1.37
2014.10.16 12:07:22.588,0.83679,0.83702,1.27,1.00
2014.10.16 12:07:23.154,0.83679,0.83704,2.02,1.30
2014.10.16 12:07:23.256,0.83684,0.83705,1.00,1.05
2014.10.16 12:07:23.458,0.83681,0.83707,1.27,1.05
2014.10.16 12:07:26.452,0.83688,0.83707,1.00,1.05
2014.10.16 12:07:26.704,0.83683,0.83707,1.15,1.05
2014.10.16 12:07:27.132,0.8368,0.83705,4.20,1.00
2014.10.16 12:07:27.233,0.83683,0.83708,1.15,1.50
2014.10.16 12:07:27.762,0.83685,0.83706,1.10,1.30
2014.10.16 12:07:29.447,0.83681,0.83705,1.52,1.00
2014.10.16 12:07:29.961,0.83683,0.83706,1.15,1.30
2014.10.16 12:07:30.210,0.83687,0.83706,1.00,1.30
2014.10.16 12:07:30.512,0.83681,0.83702,1.17,1.30
2014.10.16 12:07:30.714,0.83678,0.83704,1.65,2.10
2014.10.16 12:07:31.892,0.8368,0.83703,1.65,1.30
2014.10.16 12:07:32.094,0.8368,0.83702,1.00,1.30
2014.10.16 12:07:32.195,0.8368,0.83702,1.15,1.30
2014.10.16 12:07:32.397,0.83681,0.83705,1.15,1.05
2014.10.16 12:07:33.349,0.83681,0.83704,1.27,1.30
2014.10.16 12:07:33.400,0.83686,0.83704,1.00,1.30
2014.10.16 12:07:33.501,0.83683,0.83706,1.10,1.12
2014.10.16 12:07:34.176,0.83683,0.83706,1.15,1.30
2014.10.16 12:07:34.581,0.83689,0.83707,1.00,1.30
2014.10.16 12:07:34.691,0.83685,0.83707,1.17,1.30
2014.10.16 12:07:34.943,0.8369,0.83708,1.00,1.05
2014.10.16 12:07:34.993,0.8369,0.83711,1.00,1.80
2014.10.16 12:07:35.145,0.83693,0.83711,1.00,1.05
2014.10.16 12:07:35.196,0.83693,0.83713,1.00,1.30
2014.10.16 12:07:35.348,0.83693,0.83715,1.27,1.30
2014.10.16 12:07:35.650,0.83693,0.83713,1.17,1.30
2014.10.16 12:07:36.171,0.83693,0.83712,1.17,1.30
2014.10.16 12:07:36.373,0.8369,0.83712,1.00,1.45
2014.10.16 12:07:37.371,0.83689,0.83713,1.12,1.45
2014.10.16 12:07:37.843,0.83686,0.83708,1.52,1.30
2014.10.16 12:07:38.375,0.83685,0.83709,1.52,1.72
2014.10.16 12:07:38.998,0.83685,0.83708,1.52,1.30
2014.10.16 12:07:39.506,0.83685,0.83708,1.57,1.12
2014.10.16 12:07:39.961,0.83682,0.83705,1.15,1.30
2014.10.16 12:07:40.113,0.8368,0.83704,2.77,1.05
2014.10.16 12:07:40.631,0.8368,0.83703,2.02,1.30
2014.10.16 12:07:41.266,0.8368,0.83704,2.02,1.05
2014.10.16 12:07:42.040,0.8368,0.83703,1.65,1.30
2014.10.16 12:07:42.242,0.83683,0.83701,1.00,1.30
2014.10.16 12:07:42.495,0.83685,0.83705,1.00,1.12
2014.10.16 12:07:42.747,0.83689,0.83706,1.00,1.30
2014.10.16 12:07:42.848,0.83685,0.83706,1.50,1.30
2014.10.16 12:07:43.301,0.83689,0.83708,1.00,1.12
2014.10.16 12:07:43.402,0.83685,0.83707,1.00,1.05
2014.10.16 12:07:43.604,0.8369,0.83708,1.00,1.12
2014.10.16 12:07:43.755,0.83687,0.83708,1.00,1.12
2014.10.16 12:07:44.566,0.83687,0.83705,1.00,1.30
2014.10.16 12:07:44.616,0.83683,0.83705,1.57,1.05
2014.10.16 12:07:44.717,0.83683,0.837,1.00,1.07
2014.10.16 12:07:44.818,0.83681,0.83703,1.00,2.92
2014.10.16 12:07:44.919,0.83681,0.83693,1.00,1.05
2014.10.16 12:07:44.970,0.83678,0.83693,1.50,1.12
2014.10.16 12:07:45.071,0.8367,0.83694,1.00,1.45
2014.10.16 12:07:45.122,0.8367,0.83694,1.07,1.37
2014.10.16 12:07:45.374,0.83668,0.83693,1.17,1.37
2014.10.16 12:07:45.708,0.83671,0.83694,1.07,1.05
2014.10.16 12:07:46.213,0.83672,0.83697,2.25,1.80
2014.10.16 12:07:46.993,0.83674,0.83695,1.15,1.30
2014.10.16 12:07:47.511,0.83677,0.83694,1.00,1.30
2014.10.16 12:07:47.562,0.83673,0.83694,1.17,1.30
2014.10.16 12:07:47.663,0.83673,0.83691,1.17,1.30
2014.10.16 12:07:47.764,0.8367,0.8369,1.15,1.30
2014.10.16 12:07:47.966,0.83667,0.83689,1.27,1.30
2014.10.16 12:07:48.067,0.83667,0.83688,1.10,1.30
2014.10.16 12:07:48.681,0.83667,0.83689,1.10,1.05
2014.10.16 12:07:50.392,0.8367,0.83693,1.30,1.15
2014.10.16 12:07:50.694,0.8367,0.83693,1.05,1.17
2014.10.16 12:07:50.846,0.83673,0.83694,1.30,2.92
2014.10.16 12:07:50.947,0.8367,0.83692,1.00,2.25
2014.10.16 12:07:50.998,0.83667,0.83689,1.10,1.42
2014.10.16 12:07:51.049,0.83667,0.83689,1.00,1.50
2014.10.16 12:07:51.301,0.83665,0.83687,1.30,1.17
2014.10.16 12:07:51.951,0.83664,0.83687,1.05,1.17
2014.10.16 12:07:54.031,0.83665,0.83689,1.30,1.87
2014.10.16 12:07:54.470,0.83665,0.83687,1.30,2.32
2014.10.16 12:07:54.660,0.83665,0.83685,1.30,1.00
2014.10.16 12:07:54.761,0.83662,0.83685,1.30,1.15
2014.10.16 12:07:56.091,0.83663,0.83687,1.30,3.45
2014.10.16 12:07:56.604,0.83663,0.83688,1.30,2.02
2014.10.16 12:07:57.556,0.83666,0.83688,1.30,1.15
2014.10.16 12:07:57.607,0.83666,0.83689,1.30,1.50
2014.10.16 12:07:57.658,0.83668,0.83689,1.30,1.50
2014.10.16 12:07:58.111,0.8367,0.83692,1.30,2.32
2014.10.16 12:07:58.666,0.8367,0.83693,1.30,1.50
2014.10.16 12:07:58.868,0.83671,0.83695,1.05,1.15
2014.10.16 12:07:58.969,0.83673,0.83695,1.12,1.00
2014.10.16 12:07:59.473,0.83673,0.83697,1.17,1.12
2014.10.16 12:08:00.173,0.83673,0.83698,1.15,1.07
2014.10.16 12:08:00.224,0.83673,0.83698,1.15,1.00
2014.10.16 12:08:00.325,0.83674,0.837,1.15,1.80
2014.10.16 12:08:00.752,0.83674,0.83698,1.15,1.30
2014.10.16 12:08:00.803,0.83674,0.83698,1.10,1.12
2014.10.16 12:08:01.105,0.83674,0.83696,1.00,1.15
2014.10.16 12:08:01.206,0.83671,0.83696,1.10,1.15
2014.10.16 12:08:01.723,0.83667,0.83693,1.52,1.00
2014.10.16 12:08:02.254,0.83671,0.83696,1.10,1.50
2014.10.16 12:08:03.111,0.83671,0.83694,1.00,2.25
2014.10.16 12:08:03.212,0.83669,0.83689,1.00,1.10
2014.10.16 12:08:03.318,0.83665,0.83689,2.40,1.10
2014.10.16 12:08:03.419,0.83668,0.83689,1.07,1.00
2014.10.16 12:08:03.574,0.83672,0.83695,1.00,1.65
2014.10.16 12:08:03.731,0.83672,0.83695,1.00,3.07
2014.10.16 12:08:03.983,0.83674,0.83698,1.00,1.45
2014.10.16 12:08:04.034,0.83674,0.83694,1.00,2.32
2014.10.16 12:08:04.084,0.83672,0.83694,1.00,2.32
2014.10.16 12:08:04.437,0.83668,0.83693,1.50,1.15
2014.10.16 12:08:04.819,0.83668,0.83692,1.00,2.32
2014.10.16 12:08:04.971,0.83665,0.83691,1.00,1.15
2014.10.16 12:08:05.339,0.83665,0.83691,1.37,1.15
2014.10.16 12:08:05.650,0.83669,0.83695,1.00,3.07
2014.10.16 12:08:06.114,0.83669,0.83691,1.00,2.32
2014.10.16 12:08:06.165,0.83667,0.83689,1.00,2.10
2014.10.16 12:08:06.430,0.83661,0.83686,1.00,1.15
2014.10.16 12:08:06.536,0.83662,0.83686,1.17,1.17
2014.10.16 12:08:07.032,0.83666,0.83689,1.00,1.45
2014.10.16 12:08:07.184,0.83663,0.83689,1.10,1.87
2014.10.16 12:08:07.945,0.83667,0.8369,1.00,2.32
2014.10.16 12:08:08.046,0.83663,0.83689,1.20,1.15
2014.10.16 12:08:08.147,0.83665,0.83689,1.37,1.15
2014.10.16 12:08:08.450,0.83667,0.83686,1.00,1.87
2014.10.16 12:08:08.500,0.83664,0.83686,1.50,1.87
2014.10.16 12:08:08.601,0.83661,0.83686,1.00,1.45
2014.10.16 12:08:08.702,0.83665,0.83686,1.00,1.07
2014.10.16 12:08:08.753,0.83665,0.83687,1.00,1.17
2014.10.16 12:08:09.157,0.83665,0.83691,2.02,1.15
2014.10.16 12:08:09.482,0.83668,0.83691,1.67,1.15
2014.10.16 12:08:09.684,0.8367,0.83697,1.65,1.27
2014.10.16 12:08:10.037,0.83674,0.83697,1.00,1.27
2014.10.16 12:08:10.138,0.83672,0.83697,1.30,1.15
2014.10.16 12:08:10.189,0.83672,0.83697,1.75,1.07
2014.10.16 12:08:10.290,0.83676,0.83702,1.12,3.82
2014.10.16 12:08:11.360,0.83675,0.837,1.10,3.00
2014.10.16 12:08:11.563,0.8367,0.83691,1.00,1.10
2014.10.16 12:08:11.614,0.8367,0.83691,1.00,1.15
2014.10.16 12:08:11.896,0.83665,0.83691,1.57,1.87
2014.10.16 12:08:13.598,0.83666,0.83691,2.32,1.72
2014.10.16 12:08:14.165,0.83666,0.8369,2.32,1.30
2014.10.16 12:08:17.400,0.83666,0.83689,2.32,1.00
2014.10.16 12:08:18.072,0.83666,0.83691,3.07,1.72
2014.10.16 12:08:18.588,0.83669,0.83694,1.17,3.15
2014.10.16 12:08:19.201,0.83669,0.83692,1.17,1.95
2014.10.16 12:08:19.714,0.83666,0.8369,2.32,1.30
2014.10.16 12:08:21.225,0.83666,0.8369,2.32,1.67
2014.10.16 12:08:22.870,0.83666,0.8369,3.07,1.35
2014.10.16 12:08:23.385,0.83666,0.83689,2.32,1.00
2014.10.16 12:08:23.900,0.83666,0.83689,2.32,2.10
2014.10.16 12:08:24.727,0.83666,0.83689,2.32,1.72
2014.10.16 12:08:25.262,0.83666,0.83689,2.32,2.10
2014.10.16 12:08:25.781,0.83666,0.83689,2.32,1.00
2014.10.16 12:08:26.379,0.83666,0.83689,2.32,1.37
2014.10.16 12:08:26.532,0.83666,0.8369,3.07,1.72
2014.10.16 12:08:26.651,0.83666,0.83689,3.07,1.67
2014.10.16 12:08:26.954,0.83664,0.83689,2.32,2.17
2014.10.16 12:08:27.055,0.83663,0.83689,1.15,2.17
2014.10.16 12:08:27.579,0.83663,0.83689,1.15,2.17
2014.10.16 12:08:28.202,0.83664,0.83689,2.32,1.72
2014.10.16 12:08:29.045,0.83667,0.83689,2.32,1.00
2014.10.16 12:08:29.097,0.83667,0.83691,2.32,1.30
2014.10.16 12:08:29.633,0.83667,0.83691,2.32,1.67
2014.10.16 12:08:30.050,0.83667,0.83688,2.32,1.00
2014.10.16 12:08:30.101,0.83664,0.83688,2.32,1.00
2014.10.16 12:08:31.569,0.83666,0.8369,1.15,2.10
2014.10.16 12:08:32.086,0.83664,0.83689,2.32,1.00
2014.10.16 12:08:34.051,0.83664,0.83689,2.25,1.80
2014.10.16 12:08:34.102,0.83663,0.83686,1.17,1.05
2014.10.16 12:08:34.203,0.83659,0.83682,3.07,1.30
2014.10.16 12:08:34.304,0.83659,0.83682,1.15,1.30
2014.10.16 12:08:34.758,0.8366,0.83683,1.15,1.10
2014.10.16 12:08:34.859,0.8366,0.83685,1.15,2.32
2014.10.16 12:08:35.732,0.8366,0.83684,1.15,1.00
2014.10.16 12:08:35.994,0.83659,0.8368,2.32,1.00
2014.10.16 12:08:36.540,0.83659,0.83682,2.32,1.30
2014.10.16 12:08:36.641,0.83657,0.83682,1.27,1.30
2014.10.16 12:08:37.830,0.83657,0.83683,1.15,1.57
2014.10.16 12:08:40.164,0.8366,0.83683,1.07,1.17
2014.10.16 12:08:40.265,0.83657,0.83683,1.20,1.15
2014.10.16 12:08:40.468,0.83656,0.8368,2.32,2.47
2014.10.16 12:08:40.569,0.83652,0.83678,1.27,1.17
2014.10.16 12:08:40.620,0.8365,0.83674,1.52,1.00
2014.10.16 12:08:40.910,0.83655,0.83679,1.00,2.40
2014.10.16 12:08:40.961,0.83655,0.83679,3.00,1.57
2014.10.16 12:08:41.163,0.83658,0.8368,1.15,1.30
2014.10.16 12:08:41.364,0.8366,0.83681,1.07,1.50
2014.10.16 12:08:41.566,0.8366,0.83683,1.87,1.00
2014.10.16 12:08:41.617,0.83663,0.83685,1.17,1.30
2014.10.16 12:08:41.920,0.83662,0.83687,1.15,1.10
2014.10.16 12:08:41.970,0.83662,0.83687,3.07,1.00
2014.10.16 12:08:42.122,0.83665,0.83689,1.15,1.05
2014.10.16 12:08:42.820,0.8367,0.83692,1.00,1.37
2014.10.16 12:08:42.871,0.8367,0.83692,1.17,1.05
2014.10.16 12:08:43.394,0.8367,0.83691,1.15,1.30
2014.10.16 12:08:43.646,0.83667,0.83691,1.15,1.30
2014.10.16 12:08:43.798,0.83667,0.83689,1.15,1.30
2014.10.16 12:08:44.151,0.83665,0.83691,3.07,2.10
2014.10.16 12:08:44.302,0.83667,0.83691,2.32,2.10
2014.10.16 12:08:44.555,0.83665,0.83691,3.07,1.12
2014.10.16 12:08:44.913,0.83665,0.83688,2.32,1.00
2014.10.16 12:08:45.064,0.83665,0.83689,1.15,1.05
2014.10.16 12:08:45.621,0.83662,0.83688,3.07,1.00
2014.10.16 12:08:46.303,0.83664,0.8369,1.15,1.50
2014.10.16 12:08:46.454,0.83662,0.83687,2.32,1.00
2014.10.16 12:08:47.957,0.83665,0.83691,1.15,1.65
2014.10.16 12:08:48.717,0.83662,0.83687,2.70,1.00
2014.10.16 12:08:49.750,0.83662,0.83684,2.70,1.00
2014.10.16 12:08:49.851,0.83665,0.8369,1.15,2.02
2014.10.16 12:08:49.952,0.83662,0.83687,2.70,1.00
2014.10.16 12:08:51.430,0.83666,0.8369,1.17,1.27
2014.10.16 12:08:52.180,0.83667,0.8369,1.07,1.10
2014.10.16 12:08:52.381,0.83667,0.83692,1.15,1.30
2014.10.16 12:08:52.907,0.83667,0.83693,1.15,1.80
2014.10.16 12:08:53.832,0.83673,0.83693,1.00,1.42
2014.10.16 12:08:53.933,0.83667,0.83693,1.15,2.17
2014.10.16 12:08:54.729,0.83667,0.83693,1.15,2.17
2014.10.16 12:08:55.032,0.83666,0.83689,2.32,1.00
2014.10.16 12:08:55.334,0.83663,0.83689,3.07,1.00
2014.10.16 12:08:55.485,0.83667,0.83692,1.17,1.10
2014.10.16 12:08:56.342,0.83667,0.83693,1.27,1.10
2014.10.16 12:08:56.645,0.83671,0.83697,1.15,1.17
2014.10.16 12:08:56.947,0.83677,0.83699,1.00,1.27
2014.10.16 12:08:57.048,0.83673,0.83699,1.17,1.15
2014.10.16 12:08:57.099,0.83673,0.83699,1.17,1.07
2014.10.16 12:08:57.149,0.83677,0.837,1.00,1.12
2014.10.16 12:08:57.351,0.8368,0.83701,1.00,1.47
2014.10.16 12:08:57.553,0.83677,0.837,1.00,1.00
2014.10.16 12:08:59.757,0.83673,0.83699,1.27,1.00
2014.10.16 12:08:59.908,0.83675,0.83699,1.10,1.15
2014.10.16 12:09:00.211,0.83675,0.83698,1.15,1.00
2014.10.16 12:09:00.417,0.83675,0.837,1.15,1.20
2014.10.16 12:09:00.518,0.83681,0.837,1.00,1.10
2014.10.16 12:09:00.673,0.83677,0.83701,1.17,1.27
2014.10.16 12:09:00.875,0.83681,0.83701,1.00,1.27
2014.10.16 12:09:00.976,0.83677,0.83701,1.17,1.27
2014.10.16 12:09:01.329,0.83677,0.837,1.00,1.15
2014.10.16 12:09:01.430,0.83673,0.83699,1.15,1.52
2014.10.16 12:09:01.733,0.83671,0.83696,1.17,1.65
2014.10.16 12:09:02.237,0.83673,0.83696,1.00,1.15
2014.10.16 12:09:02.782,0.83669,0.83695,1.15,1.17
2014.10.16 12:09:03.051,0.83669,0.83695,1.10,1.65
2014.10.16 12:09:05.377,0.83669,0.83695,1.27,1.10
2014.10.16 12:09:06.197,0.83673,0.83696,1.00,1.27
2014.10.16 12:09:07.210,0.83668,0.83696,2.25,2.02
2014.10.16 12:09:08.551,0.83673,0.83696,1.00,1.55
2014.10.16 12:09:09.068,0.83668,0.83696,2.25,2.02
2014.10.16 12:09:09.962,0.83668,0.8369,1.35,1.10
2014.10.16 12:09:10.502,0.83665,0.83691,1.15,1.27
2014.10.16 12:09:10.804,0.83665,0.83691,1.10,2.25
2014.10.16 12:09:11.168,0.83665,0.83691,2.25,1.07
2014.10.16 12:09:11.961,0.83669,0.83692,1.00,1.27
2014.10.16 12:09:12.062,0.83665,0.83692,1.42,4.20
2014.10.16 12:09:14.554,0.83664,0.8369,2.25,1.07
2014.10.16 12:09:14.605,0.83664,0.83689,1.82,1.00
2014.10.16 12:09:14.807,0.83666,0.83691,1.30,1.27
2014.10.16 12:09:15.320,0.83665,0.83688,1.10,1.10
2014.10.16 12:09:17.932,0.83666,0.83689,1.35,1.17
2014.10.16 12:09:17.983,0.83668,0.83689,1.17,1.00
2014.10.16 12:09:18.084,0.83668,0.83693,2.25,1.15
2014.10.16 12:09:18.185,0.83668,0.83693,1.27,1.00
2014.10.16 12:09:18.488,0.83673,0.83695,1.00,2.02
2014.10.16 12:09:18.539,0.83669,0.83695,1.15,2.77
2014.10.16 12:09:20.981,0.83666,0.83691,4.42,1.00
2014.10.16 12:09:21.047,0.83669,0.83694,1.15,1.10
2014.10.16 12:09:21.198,0.83669,0.83694,1.10,1.15
2014.10.16 12:09:21.731,0.83672,0.83694,1.00,1.15
2014.10.16 12:09:21.953,0.83669,0.83694,1.10,1.15
2014.10.16 12:09:22.054,0.83672,0.83693,1.00,1.15
2014.10.16 12:09:22.155,0.83669,0.83693,1.10,1.15
2014.10.16 12:09:23.052,0.83668,0.83689,1.12,1.00
2014.10.16 12:09:23.406,0.83665,0.83689,1.12,1.10
2014.10.16 12:09:23.659,0.83668,0.83691,1.30,1.65
2014.10.16 12:09:23.710,0.83669,0.83694,1.17,1.27
2014.10.16 12:09:25.384,0.83668,0.8369,1.45,1.00
2014.10.16 12:09:25.686,0.83667,0.83688,1.45,1.00
2014.10.16 12:09:25.787,0.83663,0.83687,1.45,1.00
2014.10.16 12:09:25.938,0.83663,0.83689,1.20,1.65
2014.10.16 12:09:25.989,0.83663,0.83689,1.27,1.65
2014.10.16 12:09:27.414,0.83661,0.83685,1.17,1.17
2014.10.16 12:09:27.716,0.83662,0.83688,1.15,3.00
2014.10.16 12:09:27.818,0.8366,0.83684,1.17,1.42
2014.10.16 12:09:27.919,0.83657,0.83683,1.17,2.25
2014.10.16 12:09:28.423,0.83654,0.8368,4.42,1.00
2014.10.16 12:09:29.311,0.83657,0.83682,1.55,1.07
2014.10.16 12:09:31.030,0.83657,0.83683,4.42,1.00
2014.10.16 12:09:31.311,0.83662,0.83687,1.15,2.17
2014.10.16 12:09:31.512,0.83665,0.83685,1.10,1.00
2014.10.16 12:09:31.852,0.8366,0.83683,2.32,1.00
2014.10.16 12:09:31.954,0.83658,0.83683,1.15,1.12
2014.10.16 12:09:32.055,0.83654,0.83679,4.42,1.00
2014.10.16 12:09:32.408,0.83656,0.83683,1.15,2.25
2014.10.16 12:09:32.711,0.83661,0.83684,1.07,1.80
2014.10.16 12:09:32.762,0.83661,0.83684,1.15,1.00
2014.10.16 12:09:33.279,0.8366,0.83683,1.15,1.00
2014.10.16 12:09:33.481,0.83661,0.83685,1.15,1.42
2014.10.16 12:09:33.733,0.83662,0.83686,2.32,1.00
2014.10.16 12:09:34.329,0.83665,0.83686,1.00,1.00
2014.10.16 12:09:34.834,0.83663,0.83689,1.17,1.15
2014.10.16 12:09:34.935,0.83667,0.83691,1.00,1.52
2014.10.16 12:09:35.294,0.83665,0.83689,1.17,1.10
2014.10.16 12:09:35.703,0.8367,0.83692,1.00,1.15
2014.10.16 12:09:35.754,0.8367,0.83692,1.17,1.00
2014.10.16 12:09:36.680,0.83672,0.83692,1.00,1.30
2014.10.16 12:09:37.330,0.83669,0.83692,1.15,1.30
2014.10.16 12:09:38.175,0.83669,0.83691,1.15,1.30
2014.10.16 12:09:38.478,0.83666,0.83688,2.32,1.00
2014.10.16 12:09:38.679,0.83666,0.83691,2.70,1.72
2014.10.16 12:09:39.645,0.83669,0.83691,1.00,1.50
2014.10.16 12:09:40.292,0.83665,0.83691,2.02,1.17
2014.10.16 12:09:40.544,0.83663,0.83687,2.70,1.00
2014.10.16 12:09:40.645,0.83665,0.8369,1.15,1.42
2014.10.16 12:09:40.910,0.83665,0.83686,1.15,1.30
2014.10.16 12:09:40.961,0.8366,0.83686,3.82,2.10
2014.10.16 12:09:41.112,0.8366,0.83683,2.32,1.00
2014.10.16 12:09:41.263,0.83661,0.83684,1.20,1.35
2014.10.16 12:09:41.516,0.83657,0.83683,1.15,1.37
2014.10.16 12:09:41.667,0.83655,0.83679,1.15,1.00
2014.10.16 12:09:42.172,0.83657,0.83682,1.07,1.75
2014.10.16 12:09:42.323,0.83653,0.83678,2.32,1.00
2014.10.16 12:09:42.870,0.83653,0.83677,2.32,1.00
2014.10.16 12:09:43.510,0.83655,0.83681,1.65,1.10
2014.10.16 12:09:44.579,0.83657,0.83682,2.62,1.00
2014.10.16 12:09:44.629,0.83659,0.83684,1.15,1.10
2014.10.16 12:09:44.932,0.83665,0.83686,1.00,1.27
2014.10.16 12:09:45.033,0.83661,0.83687,1.07,3.00
2014.10.16 12:09:45.134,0.83661,0.83687,1.15,2.55
2014.10.16 12:09:45.185,0.83661,0.83687,1.15,2.47
2014.10.16 12:09:45.760,0.83665,0.83686,1.10,1.30
2014.10.16 12:09:45.861,0.83665,0.8369,2.02,1.00
2014.10.16 12:09:46.163,0.83665,0.83689,1.17,1.42
2014.10.16 12:09:46.498,0.83661,0.83687,4.20,1.00
2014.10.16 12:09:46.599,0.83665,0.83691,1.17,1.52
2014.10.16 12:09:46.650,0.83665,0.83691,1.17,1.52
2014.10.16 12:09:46.801,0.8366,0.83687,1.15,1.20
2014.10.16 12:09:47.689,0.83658,0.83683,4.50,1.00
2014.10.16 12:09:47.891,0.83667,0.83692,1.10,1.15
2014.10.16 12:09:48.260,0.83667,0.83693,1.15,1.87
2014.10.16 12:09:48.663,0.83666,0.83693,1.27,1.50
2014.10.16 12:09:50.451,0.83667,0.83693,1.17,2.25
2014.10.16 12:09:50.502,0.83667,0.83693,1.15,2.25
2014.10.16 12:09:50.654,0.83671,0.83695,1.00,3.00
2014.10.16 12:09:50.755,0.83668,0.83695,1.17,3.00
2014.10.16 12:09:50.906,0.83672,0.83694,1.00,1.27
2014.10.16 12:09:50.967,0.83669,0.83694,1.10,1.27
2014.10.16 12:09:52.334,0.83665,0.83691,2.25,1.00
2014.10.16 12:09:52.385,0.83667,0.83691,2.32,1.00
2014.10.16 12:09:52.435,0.83669,0.83694,1.07,1.27
2014.10.16 12:09:52.940,0.83669,0.83694,1.15,1.42
2014.10.16 12:09:53.272,0.83669,0.83692,1.00,1.82
2014.10.16 12:09:54.629,0.83665,0.83691,1.65,1.55
2014.10.16 12:09:54.831,0.83663,0.83688,1.17,1.17
2014.10.16 12:09:55.486,0.83661,0.83686,1.15,1.12
2014.10.16 12:09:55.688,0.83664,0.83687,1.00,1.87
2014.10.16 12:09:55.789,0.83665,0.83687,1.10,1.10
2014.10.16 12:09:57.491,0.83665,0.83691,3.82,1.07
2014.10.16 12:09:57.542,0.83666,0.83691,2.70,1.00
2014.10.16 12:09:57.693,0.83667,0.83693,1.55,1.15
2014.10.16 12:09:57.794,0.83671,0.83695,1.00,1.50
2014.10.16 12:09:58.046,0.83667,0.83693,1.55,1.15
2014.10.16 12:09:59.241,0.83666,0.83688,1.52,1.00
2014.10.16 12:09:59.546,0.83667,0.83693,1.55,1.15
2014.10.16 12:10:00.781,0.83667,0.83692,1.07,1.45
2014.10.16 12:10:00.831,0.83667,0.83692,1.00,1.50
2014.10.16 12:10:01.235,0.83663,0.83689,2.40,1.07
2014.10.16 12:10:01.336,0.83667,0.83693,1.52,1.20
2014.10.16 12:10:01.387,0.83667,0.83693,1.52,1.10
2014.10.16 12:10:01.540,0.83669,0.83695,1.27,1.10
2014.10.16 12:10:01.590,0.83669,0.83695,1.27,1.17
2014.10.16 12:10:01.641,0.83669,0.83695,1.17,1.27
2014.10.16 12:10:02.237,0.83669,0.83693,1.10,2.70
2014.10.16 12:10:02.338,0.83662,0.83687,1.52,1.00
2014.10.16 12:10:02.641,0.83661,0.83685,2.70,1.00
2014.10.16 12:10:02.743,0.83665,0.83691,1.17,1.52
2014.10.16 12:10:03.944,0.83665,0.83691,3.45,1.07
2014.10.16 12:10:03.995,0.83665,0.83691,3.45,1.00
2014.10.16 12:10:04.247,0.83669,0.83693,1.10,1.50
2014.10.16 12:10:04.297,0.83664,0.83692,1.52,1.27
2014.10.16 12:10:04.550,0.83665,0.83691,1.07,3.45
2014.10.16 12:10:05.087,0.83665,0.83691,1.00,4.20
2014.10.16 12:10:05.613,0.83665,0.83691,1.52,1.65
2014.10.16 12:10:05.764,0.83664,0.8369,2.70,1.10
2014.10.16 12:10:06.067,0.83669,0.83695,1.10,3.00
2014.10.16 12:10:06.269,0.83674,0.83695,1.00,2.25
2014.10.16 12:10:06.370,0.83669,0.83695,1.10,3.00
2014.10.16 12:10:08.080,0.83669,0.83695,1.47,2.62
2014.10.16 12:10:08.131,0.83673,0.83695,1.00,1.87
2014.10.16 12:10:08.282,0.83673,0.83695,1.10,1.10
2014.10.16 12:10:08.484,0.83675,0.83699,1.00,1.15
2014.10.16 12:10:08.585,0.83673,0.83699,1.15,1.55
2014.10.16 12:10:08.787,0.83673,0.83699,1.37,1.15
2014.10.16 12:10:08.837,0.83672,0.83695,1.57,1.00
2014.10.16 12:10:08.938,0.83673,0.83699,1.52,1.17
2014.10.16 12:10:10.682,0.83671,0.83695,2.70,1.00
2014.10.16 12:10:10.783,0.83673,0.83698,1.15,1.05
2014.10.16 12:10:11.478,0.83673,0.83698,1.27,1.37
2014.10.16 12:10:11.529,0.83673,0.83698,1.20,1.12
2014.10.16 12:10:12.660,0.8367,0.83695,1.52,1.00
2014.10.16 12:10:14.711,0.83671,0.83695,2.70,1.00
2014.10.16 12:10:14.762,0.83673,0.83699,1.15,2.25
2014.10.16 12:10:14.913,0.83673,0.83695,1.15,1.30
2014.10.16 12:10:15.014,0.83673,0.83695,1.10,1.30
2014.10.16 12:10:16.380,0.83671,0.83695,1.07,1.37
2014.10.16 12:10:16.897,0.83671,0.83695,1.00,1.45
2014.10.16 12:10:17.508,0.83667,0.83693,1.27,1.00
2014.10.16 12:10:17.617,0.83667,0.8369,1.27,1.30
2014.10.16 12:10:18.501,0.83667,0.83693,1.27,2.47
2014.10.16 12:10:20.478,0.83669,0.83695,1.15,3.00
2014.10.16 12:10:20.821,0.83677,0.83695,1.00,1.15
2014.10.16 12:10:21.025,0.83673,0.83699,1.10,2.25
2014.10.16 12:10:21.126,0.83674,0.83699,1.15,2.25
2014.10.16 12:10:21.439,0.8368,0.83705,1.00,1.52
2014.10.16 12:10:21.748,0.83677,0.83702,1.00,1.87
2014.10.16 12:10:24.136,0.83673,0.83698,1.52,1.10
2014.10.16 12:10:25.157,0.83676,0.83702,1.20,1.45
2014.10.16 12:10:25.460,0.83681,0.83707,1.55,1.65
2014.10.16 12:10:25.561,0.83685,0.83707,1.00,1.00
2014.10.16 12:10:25.763,0.83681,0.83707,1.52,1.50
2014.10.16 12:10:25.864,0.83682,0.83707,2.70,1.00
2014.10.16 12:10:25.915,0.83687,0.8371,1.10,1.45
2014.10.16 12:10:25.965,0.83687,0.8371,1.00,1.52
2014.10.16 12:10:26.016,0.83685,0.83709,1.30,1.15
2014.10.16 12:10:26.067,0.83685,0.83709,1.45,1.00
2014.10.16 12:10:26.118,0.83687,0.83713,1.15,1.65
2014.10.16 12:10:26.320,0.83691,0.83716,1.00,3.82
2014.10.16 12:10:27.003,0.83687,0.83714,1.45,1.52
2014.10.16 12:10:27.104,0.83686,0.83709,1.15,1.00
2014.10.16 12:10:27.154,0.83686,0.83709,1.00,1.17
2014.10.16 12:10:27.558,0.83683,0.83707,1.42,1.17
2014.10.16 12:10:27.856,0.83685,0.83711,1.17,1.27
2014.10.16 12:10:28.712,0.83685,0.83711,1.17,2.40
2014.10.16 12:10:29.015,0.83677,0.83702,2.32,1.00
2014.10.16 12:10:29.166,0.83674,0.83702,3.07,1.17
2014.10.16 12:10:29.217,0.83681,0.83705,1.00,1.15
2014.10.16 12:10:29.469,0.83681,0.83706,1.07,1.12
2014.10.16 12:10:29.671,0.83679,0.83704,1.17,1.37
2014.10.16 12:10:30.175,0.83675,0.83701,1.15,1.10
2014.10.16 12:10:30.489,0.83674,0.83699,2.32,1.00
2014.10.16 12:10:30.742,0.83679,0.83702,1.10,1.17
2014.10.16 12:10:31.095,0.83685,0.83705,1.00,1.12
2014.10.16 12:10:31.146,0.83685,0.83705,1.00,1.12
2014.10.16 12:10:31.247,0.83681,0.83705,1.20,1.12
2014.10.16 12:10:32.069,0.83681,0.83704,1.20,1.30
2014.10.16 12:10:33.397,0.83677,0.837,1.52,1.00
2014.10.16 12:10:33.599,0.83677,0.83703,2.02,1.00
2014.10.16 12:10:34.937,0.83682,0.83704,1.00,1.30
2014.10.16 12:10:34.997,0.83682,0.83704,1.00,1.37
2014.10.16 12:10:35.047,0.83677,0.83704,1.52,1.87
2014.10.16 12:10:36.349,0.83675,0.83699,1.15,1.00
2014.10.16 12:10:36.450,0.83675,0.83699,1.10,1.17
2014.10.16 12:10:37.345,0.83677,0.83703,1.00,5.17
2014.10.16 12:10:38.360,0.8368,0.83703,1.00,3.67
2014.10.16 12:10:38.561,0.83675,0.83701,1.57,1.27
2014.10.16 12:10:38.763,0.83675,0.83699,1.10,1.45
2014.10.16 12:10:39.217,0.83678,0.83701,1.00,1.15
2014.10.16 12:10:39.419,0.8368,0.83704,1.00,1.15
2014.10.16 12:10:39.570,0.83681,0.83707,1.55,1.65
2014.10.16 12:10:39.621,0.83685,0.83707,1.00,1.65
2014.10.16 12:10:39.671,0.83687,0.83707,1.00,1.17
2014.10.16 12:10:39.924,0.83687,0.83713,1.10,1.15
2014.10.16 12:10:40.176,0.83687,0.83711,1.10,2.32
2014.10.16 12:10:40.226,0.83684,0.83709,1.00,1.15
2014.10.16 12:10:40.630,0.83683,0.83709,1.15,1.17
2014.10.16 12:10:41.753,0.83685,0.83709,1.27,1.07
2014.10.16 12:10:41.872,0.83685,0.83706,1.27,1.00
2014.10.16 12:10:42.074,0.83685,0.83709,1.52,1.00
2014.10.16 12:10:43.390,0.83685,0.83711,2.02,1.10
2014.10.16 12:10:43.743,0.83685,0.83706,1.27,1.00
2014.10.16 12:10:43.844,0.83685,0.83711,2.02,1.10
2014.10.16 12:10:45.026,0.83685,0.83708,1.52,1.00
2014.10.16 12:10:45.379,0.83691,0.83716,1.00,3.67
2014.10.16 12:10:45.581,0.83689,0.83714,1.00,1.27
2014.10.16 12:10:46.561,0.83689,0.83714,1.07,1.27
2014.10.16 12:10:47.097,0.83689,0.83714,1.15,1.27
2014.10.16 12:10:47.588,0.83687,0.83711,1.50,1.00
2014.10.16 12:10:47.692,0.83689,0.83715,1.15,1.52
2014.10.16 12:10:48.264,0.83693,0.83717,1.00,2.25
2014.10.16 12:10:48.602,0.83687,0.83717,1.50,2.25
2014.10.16 12:10:49.382,0.83691,0.83718,1.82,1.15
2014.10.16 12:10:50.782,0.83691,0.83719,4.87,1.00
2014.10.16 12:10:51.468,0.83693,0.83722,1.27,1.52
2014.10.16 12:10:52.168,0.83693,0.83719,1.27,1.00
2014.10.16 12:10:52.218,0.83693,0.83719,1.15,2.10
2014.10.16 12:10:52.320,0.83689,0.83716,1.57,2.70
2014.10.16 12:10:52.471,0.83687,0.83716,1.52,1.27
2014.10.16 12:10:52.522,0.83689,0.83718,1.27,1.52
2014.10.16 12:10:55.985,0.83691,0.83719,1.55,2.32
2014.10.16 12:10:56.039,0.83698,0.83721,1.00,1.15
2014.10.16 12:10:56.141,0.83694,0.83723,2.25,3.07
2014.10.16 12:10:56.191,0.83694,0.83723,4.42,1.15
2014.10.16 12:10:56.242,0.83694,0.83723,4.42,1.15
2014.10.16 12:10:57.957,0.83699,0.83727,1.75,2.32
2014.10.16 12:10:58.059,0.83702,0.83728,1.42,1.15
2014.10.16 12:10:58.260,0.83702,0.8373,1.05,2.70
2014.10.16 12:10:59.133,0.83703,0.8373,1.30,2.70
2014.10.16 12:11:00.238,0.83703,0.8373,1.37,2.70
2014.10.16 12:11:00.289,0.83703,0.83731,1.45,1.52
2014.10.16 12:11:01.350,0.83705,0.83733,2.10,2.32
2014.10.16 12:11:01.653,0.83714,0.83742,1.15,2.70
2014.10.16 12:11:01.704,0.83713,0.83742,3.67,1.52
2014.10.16 12:11:01.754,0.83713,0.8374,2.32,1.27
2014.10.16 12:11:01.806,0.83712,0.8374,1.27,1.27
2014.10.16 12:11:01.856,0.83712,0.8374,1.07,3.45
2014.10.16 12:11:01.907,0.83712,0.83739,1.00,2.70
2014.10.16 12:11:02.398,0.83708,0.83736,1.05,2.32
2014.10.16 12:11:02.979,0.83708,0.83736,1.12,2.32
2014.10.16 12:11:03.030,0.83708,0.83737,1.45,1.15
2014.10.16 12:11:03.337,0.83708,0.83737,5.47,1.20
2014.10.16 12:11:04.068,0.83708,0.83737,2.32,1.27
2014.10.16 12:11:04.119,0.83707,0.83737,1.50,1.27
2014.10.16 12:11:05.297,0.83712,0.83738,1.37,2.32
2014.10.16 12:11:05.348,0.83712,0.8374,1.45,1.52
2014.10.16 12:11:06.836,0.83715,0.83741,1.00,2.70
2014.10.16 12:11:06.937,0.83715,0.83743,1.17,1.52
2014.10.16 12:11:07.688,0.83717,0.83744,1.67,2.32
2014.10.16 12:11:07.839,0.8372,0.83746,1.20,1.15
2014.10.16 12:11:08.941,0.83719,0.83747,1.27,2.70
2014.10.16 12:11:08.992,0.83718,0.83748,5.25,2.25
2014.10.16 12:11:09.042,0.83718,0.83748,3.82,4.42
2014.10.16 12:11:09.093,0.83718,0.83747,1.65,2.70
2014.10.16 12:11:11.437,0.8372,0.83747,1.50,2.32
2014.10.16 12:11:11.488,0.8372,0.83749,1.82,1.15
2014.10.16 12:11:12.377,0.8372,0.83747,1.42,2.70
2014.10.16 12:11:12.427,0.8372,0.83747,1.35,2.70
2014.10.16 12:11:12.932,0.8372,0.83747,1.67,2.32
2014.10.16 12:11:13.134,0.8372,0.8375,1.82,3.45
2014.10.16 12:11:13.386,0.8372,0.8375,2.25,2.32
2014.10.16 12:11:13.921,0.83723,0.83752,1.82,3.07
2014.10.16 12:11:14.224,0.83726,0.83753,1.82,1.15
2014.10.16 12:11:16.119,0.83724,0.83752,1.42,3.07
2014.10.16 12:11:16.171,0.83724,0.83752,1.42,3.45
2014.10.16 12:11:16.625,0.83721,0.83748,1.10,2.70
2014.10.16 12:11:16.927,0.83713,0.83739,1.52,1.05
2014.10.16 12:11:17.900,0.83717,0.83743,1.42,1.15
2014.10.16 12:11:19.533,0.83716,0.83743,1.50,1.15
2014.10.16 12:11:21.123,0.83717,0.83742,1.75,1.17
2014.10.16 12:11:21.174,0.83717,0.83742,1.82,1.10
2014.10.16 12:11:22.429,0.83719,0.83746,1.37,1.87
2014.10.16 12:11:22.731,0.83719,0.83746,1.82,1.07
2014.10.16 12:11:25.477,0.83718,0.83744,1.50,1.15
2014.10.16 12:11:27.286,0.83716,0.8374,1.45,1.00
2014.10.16 12:11:27.387,0.83716,0.8374,1.05,1.17
2014.10.16 12:11:30.753,0.83714,0.8374,1.12,1.20
2014.10.16 12:11:31.056,0.83716,0.83743,2.32,1.10
2014.10.16 12:11:31.693,0.83716,0.83742,2.32,1.30
2014.10.16 12:11:31.794,0.83715,0.83743,2.25,3.07
2014.10.16 12:11:31.995,0.83711,0.83739,2.25,2.32
2014.10.16 12:11:33.830,0.8371,0.83737,3.67,1.10
2014.10.16 12:11:34.133,0.83709,0.83737,1.15,1.52
2014.10.16 12:11:34.664,0.83707,0.83735,1.15,1.65
2014.10.16 12:11:34.765,0.83706,0.83732,4.50,1.00
2014.10.16 12:11:34.816,0.83703,0.83732,1.87,1.15
2014.10.16 12:11:35.332,0.83705,0.8373,1.15,1.47
2014.10.16 12:11:35.533,0.83705,0.83728,1.07,1.20
2014.10.16 12:11:35.836,0.83706,0.83731,1.45,1.00
2014.10.16 12:11:36.341,0.83705,0.8373,3.07,1.00
2014.10.16 12:11:37.119,0.83707,0.8373,1.17,1.45
2014.10.16 12:11:37.273,0.83703,0.83728,1.15,1.37
2014.10.16 12:11:37.398,0.83703,0.83728,1.17,1.55
2014.10.16 12:11:38.848,0.83699,0.83724,3.45,1.00
2014.10.16 12:11:38.955,0.837,0.83728,1.27,3.00
2014.10.16 12:11:39.254,0.83699,0.83725,3.45,1.00
2014.10.16 12:11:39.510,0.83705,0.83728,1.00,1.17
2014.10.16 12:11:39.561,0.83705,0.8373,1.07,1.15
2014.10.16 12:11:39.864,0.83709,0.8373,1.00,1.55
2014.10.16 12:11:39.965,0.83705,0.83731,1.15,1.52
2014.10.16 12:11:41.570,0.83709,0.83732,1.00,1.27
2014.10.16 12:11:41.822,0.83705,0.83731,1.27,1.15
2014.10.16 12:11:43.639,0.83705,0.83731,1.52,1.00
2014.10.16 12:11:43.942,0.83712,0.83735,1.17,2.92
2014.10.16 12:11:44.043,0.83709,0.83735,1.20,1.65
2014.10.16 12:11:44.094,0.83714,0.83735,1.00,1.17
2014.10.16 12:11:44.145,0.83714,0.83735,1.00,1.10
2014.10.16 12:11:44.659,0.83711,0.83737,1.52,1.15
2014.10.16 12:11:44.861,0.83715,0.83735,1.00,1.10
2014.10.16 12:11:45.013,0.83711,0.83735,1.15,1.10
2014.10.16 12:11:45.315,0.83711,0.83735,1.15,1.95
2014.10.16 12:11:45.526,0.83711,0.83734,1.00,1.52
2014.10.16 12:11:45.627,0.83708,0.83733,1.15,1.57
2014.10.16 12:11:46.131,0.83709,0.83735,1.20,2.02
2014.10.16 12:11:46.816,0.83709,0.83735,1.20,2.77
2014.10.16 12:11:47.335,0.83705,0.83731,1.27,1.00
2014.10.16 12:11:47.856,0.83705,0.83731,1.15,1.37
2014.10.16 12:11:48.380,0.83711,0.83734,1.00,1.15
2014.10.16 12:11:48.430,0.83711,0.83734,1.80,1.07
2014.10.16 12:11:48.582,0.83712,0.83737,1.80,1.17
2014.10.16 12:11:48.632,0.83713,0.83737,1.37,1.10
2014.10.16 12:11:48.935,0.83716,0.83738,1.75,1.00
2014.10.16 12:11:49.137,0.83722,0.83746,1.10,1.52
2014.10.16 12:11:49.238,0.83722,0.83746,1.10,1.52
2014.10.16 12:11:49.732,0.83725,0.83749,1.00,2.32
2014.10.16 12:11:49.833,0.83723,0.83747,1.30,1.15
2014.10.16 12:11:50.615,0.83721,0.83747,2.25,1.15
2014.10.16 12:11:51.119,0.83723,0.83747,1.30,1.15
2014.10.16 12:11:51.623,0.83721,0.83747,2.25,1.15
2014.10.16 12:11:52.533,0.83722,0.83747,1.42,1.15
2014.10.16 12:11:52.684,0.83727,0.83749,1.00,2.32
2014.10.16 12:11:52.785,0.83723,0.83749,1.12,3.07
2014.10.16 12:11:53.339,0.83727,0.83749,1.00,2.32
2014.10.16 12:11:53.440,0.83723,0.83749,1.12,3.07
2014.10.16 12:11:54.436,0.83722,0.83744,1.42,1.10
2014.10.16 12:11:55.839,0.83725,0.83748,1.07,1.17
2014.10.16 12:11:55.889,0.83725,0.83748,1.17,1.10
2014.10.16 12:11:55.940,0.83725,0.83748,1.10,1.20
2014.10.16 12:11:57.426,0.83725,0.83751,1.10,2.32
2014.10.16 12:11:57.476,0.83725,0.83752,1.20,1.27
2014.10.16 12:11:58.830,0.8372,0.83747,4.87,1.00
2014.10.16 12:11:58.932,0.83721,0.83751,1.52,1.52
2014.10.16 12:12:00.678,0.83727,0.83752,1.00,1.52
2014.10.16 12:12:00.830,0.83723,0.83751,1.15,2.25
2014.10.16 12:12:01.446,0.8372,0.83749,2.70,1.27
2014.10.16 12:12:01.496,0.83719,0.83749,2.02,1.27
2014.10.16 12:12:03.397,0.83721,0.83749,1.82,1.15
2014.10.16 12:12:03.548,0.83727,0.83751,1.10,4.42
2014.10.16 12:12:03.824,0.83726,0.83752,1.17,1.52
2014.10.16 12:12:03.934,0.83726,0.83753,1.55,1.17
2014.10.16 12:12:03.985,0.83727,0.83755,1.52,1.45
2014.10.16 12:12:04.338,0.83727,0.83754,1.27,1.50
2014.10.16 12:12:04.388,0.83727,0.83754,1.20,1.50
2014.10.16 12:12:04.439,0.83727,0.83754,1.47,1.45
2014.10.16 12:12:04.590,0.83729,0.83756,1.55,1.87
2014.10.16 12:12:05.044,0.8373,0.83755,1.00,3.67
2014.10.16 12:12:05.549,0.83729,0.83753,1.00,1.45
2014.10.16 12:12:06.088,0.83727,0.83753,1.27,1.45
2014.10.16 12:12:06.760,0.83725,0.83751,1.55,1.17
2014.10.16 12:12:06.861,0.83725,0.83751,1.20,1.87
2014.10.16 12:12:08.835,0.83726,0.8375,1.00,1.45
2014.10.16 12:12:08.886,0.83726,0.8375,1.07,1.12
2014.10.16 12:12:08.937,0.83725,0.8375,2.02,1.05
2014.10.16 12:12:10.857,0.83723,0.83751,1.52,1.12
2014.10.16 12:12:10.907,0.83723,0.83751,1.52,1.45
2014.10.16 12:12:11.162,0.83725,0.83751,1.45,1.45
2014.10.16 12:12:11.414,0.83727,0.83755,1.52,1.87
2014.10.16 12:12:11.566,0.83727,0.83754,1.15,1.12
2014.10.16 12:12:11.718,0.83726,0.83753,1.15,1.45
2014.10.16 12:12:11.769,0.83726,0.83752,1.07,2.32
2014.10.16 12:12:11.819,0.83725,0.83751,1.10,1.15
2014.10.16 12:12:12.324,0.83722,0.83751,1.07,3.07
2014.10.16 12:12:12.425,0.83721,0.83747,1.07,1.15
2014.10.16 12:12:12.526,0.83721,0.83749,1.65,2.70
2014.10.16 12:12:12.577,0.8372,0.83747,3.45,1.10
2014.10.16 12:12:14.788,0.83727,0.83751,1.00,2.25
2014.10.16 12:12:14.889,0.83723,0.83749,1.15,1.15
2014.10.16 12:12:15.868,0.83727,0.83751,1.00,1.52
2014.10.16 12:12:15.969,0.83723,0.83749,1.15,1.15
2014.10.16 12:12:16.967,0.8372,0.83743,2.70,1.00
2014.10.16 12:12:17.068,0.8372,0.83748,3.45,1.17
2014.10.16 12:12:18.613,0.83722,0.83746,1.52,1.00
2014.10.16 12:12:18.663,0.83723,0.83746,2.70,1.00
2014.10.16 12:12:18.865,0.83729,0.83754,1.00,1.52
2014.10.16 12:12:20.738,0.83734,0.83755,1.00,2.70
2014.10.16 12:12:20.839,0.8373,0.83755,1.00,2.70
2014.10.16 12:12:23.006,0.83725,0.83749,1.52,1.00
2014.10.16 12:12:23.552,0.83729,0.83755,1.00,3.45
2014.10.16 12:12:24.114,0.83725,0.83749,1.52,1.00
2014.10.16 12:12:24.215,0.83731,0.83755,1.00,2.70
2014.10.16 12:12:25.232,0.83734,0.83755,1.00,2.70
2014.10.16 12:12:25.333,0.83731,0.83755,1.00,2.32
2014.10.16 12:12:25.384,0.83731,0.83757,1.10,2.02
2014.10.16 12:12:25.797,0.83735,0.83758,1.00,1.52
2014.10.16 12:12:25.906,0.83733,0.83759,1.00,3.45
2014.10.16 12:12:26.676,0.83729,0.83755,2.02,1.17
2014.10.16 12:12:27.187,0.83728,0.83753,1.15,1.00
2014.10.16 12:12:27.774,0.83728,0.83749,1.15,1.00
2014.10.16 12:12:27.976,0.83728,0.83753,1.15,1.00
2014.10.16 12:12:28.279,0.83728,0.83753,1.17,1.27
2014.10.16 12:12:29.784,0.83728,0.83754,1.50,2.70
2014.10.16 12:12:30.618,0.83725,0.83751,1.20,1.17
2014.10.16 12:12:31.116,0.83725,0.83751,1.57,1.17
2014.10.16 12:12:31.217,0.83732,0.83756,1.00,1.15
2014.10.16 12:12:31.267,0.83735,0.83755,1.00,1.15
2014.10.16 12:12:31.368,0.83731,0.83757,1.00,3.45
2014.10.16 12:12:31.873,0.83728,0.83752,1.15,1.10
2014.10.16 12:12:32.125,0.83726,0.83752,1.65,1.52
2014.10.16 12:12:32.276,0.83724,0.83749,1.15,1.00
2014.10.16 12:12:32.767,0.83724,0.83749,1.10,1.87
2014.10.16 12:12:33.370,0.83723,0.83745,1.17,1.00
2014.10.16 12:12:33.471,0.83723,0.83749,1.65,1.15
2014.10.16 12:12:34.257,0.83728,0.83752,1.00,3.67
2014.10.16 12:12:35.036,0.83725,0.83749,1.00,1.15
2014.10.16 12:12:35.214,0.83725,0.83744,1.00,1.00
2014.10.16 12:12:35.480,0.83725,0.83749,1.00,1.15
2014.10.16 12:12:36.030,0.83724,0.83749,1.10,1.15
2014.10.16 12:12:36.473,0.83727,0.83752,1.00,2.70
2014.10.16 12:12:36.523,0.83727,0.83753,1.17,3.00
2014.10.16 12:12:36.776,0.8373,0.83753,1.00,1.82
2014.10.16 12:12:36.877,0.83727,0.83753,1.17,1.52
2014.10.16 12:12:38.845,0.83726,0.83747,1.15,1.00
2014.10.16 12:12:38.997,0.83726,0.83751,1.15,1.17
2014.10.16 12:12:39.637,0.83731,0.83752,1.00,1.50
2014.10.16 12:12:39.738,0.83727,0.83752,1.17,1.50
2014.10.16 12:12:40.297,0.83732,0.83755,1.00,3.45
2014.10.16 12:12:40.348,0.83732,0.83756,1.15,1.37
2014.10.16 12:12:40.399,0.83736,0.83757,1.12,1.30
2014.10.16 12:12:40.450,0.83736,0.83757,1.27,1.30
2014.10.16 12:12:40.753,0.83732,0.83755,1.87,1.00
2014.10.16 12:12:41.318,0.83733,0.83759,1.50,3.07
2014.10.16 12:12:41.369,0.83733,0.83756,1.00,2.32
2014.10.16 12:12:42.727,0.83732,0.83756,1.00,2.32
2014.10.16 12:12:43.574,0.83735,0.83756,1.00,2.32
2014.10.16 12:12:43.828,0.83733,0.83756,1.00,2.32
2014.10.16 12:12:47.465,0.83736,0.83756,1.00,2.32
2014.10.16 12:12:47.669,0.83732,0.8375,1.00,1.00
2014.10.16 12:12:48.175,0.83732,0.83756,1.00,2.70
2014.10.16 12:12:48.723,0.83733,0.83756,1.00,2.70
2014.10.16 12:12:50.763,0.83735,0.83756,1.00,2.70
2014.10.16 12:12:50.965,0.83729,0.83751,1.00,1.15
2014.10.16 12:12:51.066,0.83733,0.83753,1.00,2.32
2014.10.16 12:12:51.431,0.83729,0.83753,1.00,2.32
2014.10.16 12:12:51.939,0.83728,0.83751,1.00,1.15
2014.10.16 12:12:52.768,0.83729,0.83753,1.00,2.32
2014.10.16 12:12:52.869,0.83728,0.8375,1.00,2.32
2014.10.16 12:12:53.373,0.83727,0.8375,1.00,2.32
2014.10.16 12:12:53.474,0.83725,0.8375,2.47,2.32
2014.10.16 12:12:54.395,0.83728,0.8375,1.00,2.32
2014.10.16 12:12:54.597,0.83725,0.8375,1.00,2.32
2014.10.16 12:12:56.565,0.83725,0.83751,1.55,1.15
2014.10.16 12:12:56.922,0.83729,0.83754,1.00,2.70
2014.10.16 12:12:57.023,0.83727,0.83749,1.00,1.10
2014.10.16 12:12:57.225,0.83725,0.83746,1.17,1.00
2014.10.16 12:12:57.326,0.83726,0.83749,1.05,1.10
2014.10.16 12:12:57.845,0.83727,0.83752,1.00,1.82
2014.10.16 12:13:00.344,0.83724,0.83748,1.15,1.00
2014.10.16 12:13:00.848,0.83725,0.83751,1.65,1.15
2014.10.16 12:13:01.578,0.83725,0.83749,1.00,1.45
2014.10.16 12:13:01.730,0.83723,0.83746,1.20,1.00
2014.10.16 12:13:02.449,0.83721,0.83746,1.10,1.15
2014.10.16 12:13:02.967,0.83722,0.83747,1.00,2.25
2014.10.16 12:13:03.664,0.8372,0.83744,1.17,1.10
2014.10.16 12:13:05.975,0.83722,0.83747,1.00,1.27
2014.10.16 12:13:06.485,0.83719,0.83745,2.02,1.17
2014.10.16 12:13:07.008,0.83723,0.83748,1.00,1.27
2014.10.16 12:13:07.412,0.8372,0.83745,1.17,1.17
2014.10.16 12:13:08.764,0.83719,0.83745,1.50,3.45
2014.10.16 12:13:10.065,0.83719,0.83742,1.00,2.70
2014.10.16 12:13:10.166,0.83717,0.83738,1.00,1.17
2014.10.16 12:13:10.317,0.83715,0.83741,1.57,1.27
2014.10.16 12:13:10.368,0.83715,0.83737,1.00,1.15
2014.10.16 12:13:10.470,0.83715,0.83737,1.95,1.10
2014.10.16 12:13:10.521,0.83717,0.83737,1.00,1.10
2014.10.16 12:13:10.987,0.83715,0.8374,1.57,1.27
2014.10.16 12:13:11.340,0.83717,0.83742,1.00,2.32
2014.10.16 12:13:11.875,0.83717,0.8374,1.50,1.45
2014.10.16 12:13:11.976,0.83719,0.83743,1.55,1.17
2014.10.16 12:13:12.027,0.83727,0.83744,1.00,1.15
2014.10.16 12:13:12.279,0.83735,0.83755,1.00,1.15
2014.10.16 12:13:12.380,0.83735,0.83755,1.15,1.00
2014.10.16 12:13:12.431,0.83735,0.83757,1.15,1.00
2014.10.16 12:13:12.534,0.83737,0.83761,1.10,1.17
2014.10.16 12:13:12.584,0.83737,0.83761,1.15,1.00
2014.10.16 12:13:13.198,0.83736,0.83761,1.15,1.65
2014.10.16 12:13:13.703,0.83736,0.83759,1.15,1.00
2014.10.16 12:13:14.223,0.83737,0.83763,1.17,1.15
2014.10.16 12:13:14.273,0.83737,0.83762,1.00,1.15
2014.10.16 12:13:14.425,0.83734,0.83759,1.17,1.17
2014.10.16 12:13:14.891,0.83735,0.83759,1.27,1.00
2014.10.16 12:13:14.992,0.83738,0.83764,1.10,1.15
2014.10.16 12:13:15.532,0.83739,0.83765,1.00,1.65
2014.10.16 12:13:16.935,0.83743,0.83765,1.00,1.15
2014.10.16 12:13:17.089,0.83737,0.83765,1.65,1.15
2014.10.16 12:13:18.065,0.83741,0.83766,1.00,2.70
2014.10.16 12:13:18.116,0.83741,0.83767,1.10,1.27
2014.10.16 12:13:24.486,0.83737,0.83765,1.65,2.70
2014.10.16 12:13:24.537,0.83737,0.83761,1.17,1.17
2014.10.16 12:13:25.041,0.83741,0.83765,1.00,2.32
2014.10.16 12:13:25.545,0.8374,0.83765,1.50,2.32
2014.10.16 12:13:25.646,0.83737,0.83762,1.87,1.15
2014.10.16 12:13:25.798,0.8374,0.83765,1.00,3.82
2014.10.16 12:13:25.899,0.83737,0.83765,1.17,3.82
2014.10.16 12:13:26.512,0.83739,0.83765,1.00,2.32
2014.10.16 12:13:27.048,0.83738,0.83765,1.10,3.07
2014.10.16 12:13:27.501,0.8374,0.83765,1.00,2.32
2014.10.16 12:13:27.703,0.83738,0.83765,1.10,2.32
2014.10.16 12:13:27.855,0.8374,0.83761,1.00,1.17
2014.10.16 12:13:28.258,0.83738,0.83765,1.10,3.30
2014.10.16 12:13:30.149,0.83735,0.83761,1.10,1.27
2014.10.16 12:13:32.335,0.83735,0.83759,1.00,1.82
2014.10.16 12:13:32.487,0.83732,0.83755,1.17,1.10
2014.10.16 12:13:32.739,0.83729,0.83755,2.32,1.27
2014.10.16 12:13:33.042,0.83727,0.83751,1.00,1.15
2014.10.16 12:13:33.553,0.83725,0.83752,1.17,1.15
2014.10.16 12:13:35.420,0.83729,0.83753,1.00,2.70
2014.10.16 12:13:35.739,0.83725,0.83751,1.17,1.27
2014.10.16 12:13:36.528,0.83725,0.83747,1.17,1.00
2014.10.16 12:13:36.579,0.83729,0.83747,1.00,1.00
2014.10.16 12:13:36.630,0.8373,0.83755,1.00,2.02
2014.10.16 12:13:37.235,0.83728,0.83753,1.17,1.15
2014.10.16 12:13:37.538,0.83731,0.83756,1.00,2.70
2014.10.16 12:13:39.233,0.83731,0.83753,1.00,2.70
2014.10.16 12:13:39.284,0.83726,0.83749,1.10,1.07
2014.10.16 12:13:39.796,0.83727,0.83753,1.00,3.45
2014.10.16 12:13:42.445,0.83727,0.83753,1.15,1.15
2014.10.16 12:13:42.496,0.83726,0.83749,1.45,1.00
2014.10.16 12:13:42.697,0.8373,0.83751,1.00,1.10
2014.10.16 12:13:43.014,0.8373,0.83751,1.00,1.07
2014.10.16 12:13:43.066,0.83728,0.83752,1.00,2.32
2014.10.16 12:13:43.117,0.83725,0.83751,2.62,1.15
2014.10.16 12:13:44.764,0.83725,0.83751,1.87,1.27
2014.10.16 12:13:44.917,0.83723,0.83748,2.62,1.00
2014.10.16 12:13:45.223,0.83727,0.83752,1.10,2.25
2014.10.16 12:13:45.878,0.83729,0.83753,1.00,5.85
2014.10.16 12:13:46.130,0.83725,0.83751,1.00,1.27
2014.10.16 12:13:47.254,0.83726,0.83751,1.15,1.17
2014.10.16 12:13:47.758,0.83729,0.83755,1.00,3.45
2014.10.16 12:13:48.414,0.83728,0.83753,1.05,1.15
2014.10.16 12:13:50.432,0.83728,0.83753,1.42,1.15
2014.10.16 12:13:50.483,0.83731,0.83753,1.50,1.00
2014.10.16 12:13:50.584,0.83733,0.83753,1.45,1.00
2014.10.16 12:13:50.634,0.83733,0.83757,1.45,1.10
2014.10.16 12:13:50.937,0.83737,0.83762,1.00,3.45
2014.10.16 12:13:51.688,0.83737,0.83762,1.17,1.52
2014.10.16 12:13:51.839,0.8374,0.83763,1.00,1.52
2014.10.16 12:13:51.943,0.83737,0.83763,1.17,2.02
2014.10.16 12:13:53.171,0.83737,0.83762,1.00,4.80
2014.10.16 12:13:53.372,0.83733,0.83759,1.15,2.25
2014.10.16 12:13:54.046,0.83737,0.83762,1.00,3.45
2014.10.16 12:13:54.651,0.83737,0.83762,1.37,2.32
2014.10.16 12:13:54.803,0.83742,0.83766,1.00,1.52
2014.10.16 12:13:54.904,0.83739,0.83765,1.27,1.15
2014.10.16 12:13:56.798,0.83742,0.83766,1.00,1.27
2014.10.16 12:13:57.000,0.83739,0.83765,1.17,1.15
2014.10.16 12:13:58.195,0.83742,0.83765,1.00,1.45
2014.10.16 12:13:58.296,0.83738,0.83765,1.27,1.45
2014.10.16 12:13:58.707,0.83738,0.83764,1.00,2.70
2014.10.16 12:13:58.808,0.83738,0.83766,1.15,3.00
2014.10.16 12:13:59.212,0.83738,0.83764,1.07,1.45
2014.10.16 12:13:59.263,0.83738,0.83764,1.00,2.32
2014.10.16 12:13:59.786,0.83736,0.83761,1.87,1.15
2014.10.16 12:14:00.605,0.83739,0.83764,1.12,2.32
2014.10.16 12:14:00.655,0.83739,0.83765,1.20,1.15
2014.10.16 12:14:02.714,0.83737,0.83759,1.15,1.00
2014.10.16 12:14:02.815,0.83737,0.83763,1.65,1.55
2014.10.16 12:14:03.070,0.83741,0.83767,1.00,4.42
2014.10.16 12:14:03.429,0.83741,0.83765,1.00,3.45
2014.10.16 12:14:03.690,0.83736,0.83759,1.17,1.10
2014.10.16 12:14:04.081,0.83737,0.83762,1.00,2.70
2014.10.16 12:14:04.132,0.83734,0.83758,1.10,1.17
2014.10.16 12:14:04.233,0.83734,0.83758,1.27,1.07
2014.10.16 12:14:04.284,0.83735,0.83761,1.65,1.15
2014.10.16 12:14:04.939,0.83733,0.83759,1.65,1.17
2014.10.16 12:14:04.990,0.83733,0.83759,1.65,1.15
2014.10.16 12:14:05.041,0.83733,0.83755,1.17,1.00
2014.10.16 12:14:05.142,0.83735,0.83761,1.00,2.02
2014.10.16 12:14:08.890,0.83733,0.83756,1.17,1.00
2014.10.16 12:14:08.963,0.83737,0.83762,1.00,2.32
2014.10.16 12:14:10.298,0.83737,0.83763,1.10,2.02
2014.10.16 12:14:11.964,0.83732,0.83757,3.45,1.00
2014.10.16 12:14:12.065,0.83733,0.83759,1.27,1.00
2014.10.16 12:14:12.578,0.83737,0.83763,1.10,2.02
2014.10.16 12:14:13.560,0.83737,0.83763,1.17,2.02
2014.10.16 12:14:13.611,0.83737,0.83763,1.15,1.65
2014.10.16 12:14:13.813,0.83737,0.83761,1.00,1.20
2014.10.16 12:14:14.279,0.83735,0.83761,1.00,4.20
2014.10.16 12:14:15.574,0.83735,0.83761,1.07,3.07
2014.10.16 12:14:15.625,0.83735,0.83761,1.15,1.15
2014.10.16 12:14:15.844,0.8374,0.83761,1.00,1.15
2014.10.16 12:14:16.319,0.83737,0.83761,1.15,1.00
2014.10.16 12:14:17.003,0.8374,0.83766,1.10,1.82
2014.10.16 12:14:17.587,0.83737,0.83759,1.87,1.00
2014.10.16 12:14:17.688,0.83737,0.83764,1.87,1.27
2014.10.16 12:14:18.465,0.83737,0.83759,1.15,1.00
2014.10.16 12:14:18.566,0.83737,0.83763,1.65,1.17
2014.10.16 12:14:20.850,0.83742,0.83767,1.00,4.20
2014.10.16 12:14:20.953,0.83739,0.83765,1.17,2.02
2014.10.16 12:14:21.104,0.8374,0.83765,1.50,1.10
2014.10.16 12:14:23.081,0.8374,0.83768,1.07,4.42
2014.10.16 12:14:23.131,0.8374,0.83767,1.00,2.70
2014.10.16 12:14:23.586,0.83737,0.83763,1.57,1.52
2014.10.16 12:14:23.788,0.83734,0.83758,1.45,1.00
2014.10.16 12:14:24.316,0.83735,0.83761,1.17,1.27
2014.10.16 12:14:25.089,0.83735,0.83761,1.10,3.45
2014.10.16 12:14:25.392,0.83732,0.83758,1.00,5.62
2014.10.16 12:14:25.443,0.8373,0.83758,1.72,6.37
2014.10.16 12:14:25.808,0.83735,0.83758,1.00,4.87
2014.10.16 12:14:26.889,0.83735,0.8376,1.00,1.52
2014.10.16 12:14:28.665,0.83735,0.83761,1.00,2.25
2014.10.16 12:14:31.072,0.83738,0.8376,1.00,1.52
2014.10.16 12:14:31.227,0.83734,0.8376,1.20,1.52
2014.10.16 12:14:32.723,0.83733,0.83756,1.15,1.00
2014.10.16 12:14:32.874,0.83735,0.8376,1.00,1.52
2014.10.16 12:14:35.295,0.83738,0.8376,1.00,1.52
2014.10.16 12:14:35.497,0.83735,0.8376,1.00,2.02
2014.10.16 12:14:35.808,0.83735,0.8376,1.00,5.17
2014.10.16 12:14:35.959,0.83731,0.83756,1.65,1.27
2014.10.16 12:14:39.284,0.83732,0.83755,1.17,1.95
2014.10.16 12:14:39.335,0.83728,0.83754,1.15,1.20
2014.10.16 12:14:39.386,0.83728,0.83754,1.15,1.27
2014.10.16 12:14:39.973,0.83726,0.8375,1.65,1.00
2014.10.16 12:14:40.074,0.83726,0.83753,1.65,1.17
2014.10.16 12:14:41.968,0.83731,0.83754,1.15,1.00
2014.10.16 12:14:42.170,0.83737,0.83761,1.00,1.50
2014.10.16 12:14:42.221,0.83737,0.83761,1.07,1.37
2014.10.16 12:14:42.271,0.83737,0.83762,1.15,1.12
2014.10.16 12:14:42.322,0.83741,0.83762,1.00,1.12
2014.10.16 12:14:42.423,0.83739,0.83762,1.20,1.12
2014.10.16 12:14:42.625,0.83744,0.83762,1.00,1.12
2014.10.16 12:14:42.776,0.83741,0.83763,1.00,1.57
2014.10.16 12:14:42.877,0.83743,0.83763,1.00,1.57
2014.10.16 12:14:42.978,0.83741,0.83763,1.00,1.57
2014.10.16 12:14:43.196,0.83744,0.83763,1.00,1.57
2014.10.16 12:14:43.297,0.83741,0.83763,1.00,1.57
2014.10.16 12:14:43.981,0.83744,0.83763,1.00,1.57
2014.10.16 12:14:44.187,0.83741,0.83763,1.00,1.57
2014.10.16 12:14:44.504,0.83737,0.83763,1.15,2.02
2014.10.16 12:14:44.606,0.83741,0.83763,1.00,1.27
2014.10.16 12:14:45.180,0.83737,0.83763,1.15,2.02
2014.10.16 12:14:45.283,0.83741,0.83763,1.00,1.27
2014.10.16 12:14:46.050,0.83737,0.83763,1.15,2.02
2014.10.16 12:14:46.152,0.83734,0.83758,5.62,1.00
2014.10.16 12:14:46.253,0.83734,0.83758,1.27,1.00
2014.10.16 12:14:46.304,0.83735,0.83761,1.15,1.17
2014.10.16 12:14:47.244,0.83734,0.83758,1.15,1.00
2014.10.16 12:14:47.395,0.83735,0.83761,1.15,2.25
2014.10.16 12:14:48.673,0.83735,0.83759,1.15,1.67
2014.10.16 12:14:48.774,0.83733,0.83756,1.17,1.10
2014.10.16 12:14:48.925,0.83731,0.83753,1.15,1.00
2014.10.16 12:14:49.026,0.83731,0.83757,1.65,1.27
2014.10.16 12:14:50.555,0.83735,0.83757,1.00,2.25
2014.10.16 12:14:50.706,0.83735,0.83757,1.00,2.25
2014.10.16 12:14:50.908,0.83731,0.83756,1.00,1.50
2014.10.16 12:14:51.767,0.83731,0.83757,1.57,1.15
2014.10.16 12:14:51.818,0.83731,0.83757,1.65,1.87
2014.10.16 12:14:51.869,0.83737,0.83757,1.00,1.12
2014.10.16 12:14:52.020,0.83731,0.83757,1.65,1.17
2014.10.16 12:14:52.474,0.8373,0.83757,1.65,2.25
2014.10.16 12:14:53.013,0.8373,0.83757,1.17,2.25
2014.10.16 12:14:54.607,0.8373,0.83753,1.00,2.25
2014.10.16 12:14:55.055,0.83727,0.83753,1.17,2.25
2014.10.16 12:14:55.593,0.83729,0.83753,1.00,1.27
2014.10.16 12:14:56.616,0.83725,0.83747,1.15,1.00
2014.10.16 12:14:56.717,0.83724,0.83752,1.65,3.00
2014.10.16 12:14:56.818,0.83725,0.83752,1.10,3.00
2014.10.16 12:14:57.272,0.83723,0.83745,1.15,1.00
2014.10.16 12:14:57.474,0.83725,0.83749,1.10,1.17
2014.10.16 12:14:57.727,0.83727,0.83752,1.00,1.50
2014.10.16 12:14:58.029,0.83725,0.83749,1.10,1.17
2014.10.16 12:14:58.281,0.83725,0.83743,1.00,1.00
2014.10.16 12:14:58.332,0.83722,0.83743,1.20,1.00
2014.10.16 12:14:58.433,0.83723,0.83747,1.00,1.45
2014.10.16 12:14:58.534,0.83725,0.83747,1.00,1.82
2014.10.16 12:14:58.635,0.83721,0.83747,1.15,2.25
2014.10.16 12:14:58.685,0.8372,0.83743,1.15,1.00
2014.10.16 12:14:58.837,0.83721,0.83747,1.65,1.52
2014.10.16 12:14:59.039,0.83724,0.83749,1.00,2.25
2014.10.16 12:14:59.140,0.83722,0.83747,1.20,1.15
2014.10.16 12:14:59.644,0.83722,0.83745,1.20,1.00
2014.10.16 12:14:59.694,0.83722,0.83741,1.20,1.00
2014.10.16 12:14:59.795,0.8372,0.83745,1.15,1.00
2014.10.16 12:14:59.896,0.8372,0.83741,1.65,1.00
2014.10.16 12:15:00.047,0.8372,0.83745,1.65,1.00
2014.10.16 12:15:00.564,0.83723,0.83747,1.00,1.45
2014.10.16 12:15:00.816,0.83723,0.83743,1.00,1.30
2014.10.16 12:15:01.134,0.83718,0.83744,1.15,1.87
2014.10.16 12:15:01.185,0.83718,0.83739,1.15,1.30
2014.10.16 12:15:01.236,0.83717,0.83739,1.00,1.72
2014.10.16 12:15:01.690,0.83721,0.83742,1.00,1.15
2014.10.16 12:15:01.791,0.83721,0.83743,1.00,1.05
2014.10.16 12:15:02.247,0.83725,0.83743,1.00,1.05
2014.10.16 12:15:02.398,0.83723,0.83743,1.00,1.05
2014.10.16 12:15:02.650,0.83721,0.83744,1.00,1.12
2014.10.16 12:15:04.340,0.8372,0.83745,1.10,1.45
2014.10.16 12:15:05.330,0.83721,0.83746,1.00,2.25
2014.10.16 12:15:05.885,0.83721,0.83742,1.00,1.30
2014.10.16 12:15:06.224,0.83717,0.83742,1.57,1.45
2014.10.16 12:15:06.677,0.83718,0.83744,1.07,3.30
2014.10.16 12:15:06.728,0.83718,0.83744,1.15,1.45
2014.10.16 12:15:07.181,0.83721,0.83744,1.00,1.50
2014.10.16 12:15:09.065,0.83718,0.83745,2.25,1.65
2014.10.16 12:15:09.613,0.8372,0.83746,1.00,1.27
2014.10.16 12:15:10.129,0.83717,0.83746,2.25,1.52
2014.10.16 12:15:11.128,0.83721,0.83746,1.00,1.52
2014.10.16 12:15:11.431,0.83717,0.83742,1.15,1.67
2014.10.16 12:15:11.633,0.83715,0.83742,1.65,1.52
2014.10.16 12:15:11.848,0.83715,0.83741,1.57,1.52
2014.10.16 12:15:11.950,0.83715,0.83741,1.57,1.52
2014.10.16 12:15:12.252,0.83715,0.83743,1.65,2.25
2014.10.16 12:15:13.770,0.83721,0.83742,1.00,1.50
2014.10.16 12:15:14.275,0.83715,0.83741,1.10,1.82
2014.10.16 12:15:14.326,0.83719,0.83741,1.00,1.82
2014.10.16 12:15:14.528,0.83715,0.83739,1.10,1.82
2014.10.16 12:15:14.780,0.83715,0.83738,1.00,2.25
2014.10.16 12:15:14.882,0.83711,0.83738,1.57,1.27
2014.10.16 12:15:15.134,0.83711,0.83731,1.10,1.30
2014.10.16 12:15:15.185,0.83708,0.83731,1.00,1.12
2014.10.16 12:15:15.235,0.83708,0.8373,1.00,1.37
2014.10.16 12:15:15.387,0.83703,0.83726,1.17,1.00
2014.10.16 12:15:15.893,0.83703,0.8373,1.17,1.52
2014.10.16 12:15:16.406,0.83705,0.83732,1.00,3.45
2014.10.16 12:15:16.684,0.83705,0.83731,1.15,1.27
2014.10.16 12:15:17.087,0.8371,0.83735,1.00,2.70
2014.10.16 12:15:17.188,0.83707,0.83735,1.10,2.70
2014.10.16 12:15:17.645,0.83707,0.83736,1.45,3.67
2014.10.16 12:15:18.158,0.8371,0.83736,1.57,1.50
2014.10.16 12:15:18.667,0.83706,0.83734,1.17,3.45
2014.10.16 12:15:18.718,0.83706,0.83734,1.10,3.45
2014.10.16 12:15:19.047,0.83706,0.83733,1.52,1.45
2014.10.16 12:15:19.350,0.83707,0.83734,1.15,1.37
2014.10.16 12:15:19.401,0.8371,0.83734,1.15,1.05
2014.10.16 12:15:19.602,0.8371,0.83736,1.57,1.15
2014.10.16 12:15:19.704,0.8371,0.83736,1.00,3.07
2014.10.16 12:15:20.627,0.83707,0.83733,1.15,1.50
2014.10.16 12:15:20.728,0.83706,0.83731,1.57,1.12
2014.10.16 12:15:20.779,0.83706,0.83731,1.50,1.45
2014.10.16 12:15:20.982,0.83706,0.83733,1.15,2.25
2014.10.16 12:15:24.504,0.83706,0.83733,2.02,1.00
2014.10.16 12:15:25.525,0.83706,0.83733,1.15,1.27
2014.10.16 12:15:27.093,0.83706,0.83733,1.15,1.52
2014.10.16 12:15:27.630,0.83705,0.83728,1.10,1.50
2014.10.16 12:15:28.410,0.83705,0.83729,1.15,1.30
2014.10.16 12:15:28.612,0.8371,0.83731,1.00,1.42
2014.10.16 12:15:29.136,0.83708,0.83733,1.17,1.82
2014.10.16 12:15:31.321,0.8371,0.83734,1.00,1.82
2014.10.16 12:15:31.878,0.83709,0.83735,1.10,2.25
2014.10.16 12:15:33.513,0.83713,0.83736,1.00,4.42
2014.10.16 12:15:33.614,0.83709,0.83736,1.57,4.42
2014.10.16 12:15:34.965,0.8371,0.83736,1.00,2.32
2014.10.16 12:15:35.327,0.8371,0.83737,1.65,1.27
2014.10.16 12:15:35.829,0.83712,0.83737,1.00,1.15
2014.10.16 12:15:35.879,0.83712,0.83737,1.07,1.17
2014.10.16 12:15:36.082,0.83715,0.8374,1.27,1.10
2014.10.16 12:15:36.334,0.83715,0.83743,1.65,1.65
2014.10.16 12:15:36.486,0.83715,0.83739,1.00,1.82
2014.10.16 12:15:36.991,0.83711,0.83738,1.15,2.25
2014.10.16 12:15:37.595,0.83711,0.83735,1.15,1.00
2014.10.16 12:15:37.646,0.83711,0.83735,1.15,1.37
2014.10.16 12:15:37.898,0.83708,0.83734,1.87,1.15
2014.10.16 12:15:37.949,0.83708,0.83734,2.25,1.15
2014.10.16 12:15:38.000,0.83712,0.83734,1.27,1.00
2014.10.16 12:15:38.101,0.83712,0.83739,1.65,1.50
2014.10.16 12:15:38.202,0.83712,0.8374,1.65,2.25
2014.10.16 12:15:38.504,0.83709,0.83734,1.15,1.30
2014.10.16 12:15:38.706,0.83707,0.83734,1.15,1.15
2014.10.16 12:15:38.807,0.83706,0.83732,1.10,1.15
2014.10.16 12:15:39.210,0.83704,0.8373,1.00,2.32
2014.10.16 12:15:39.771,0.83705,0.8373,1.00,2.32
2014.10.16 12:15:40.513,0.83703,0.8373,1.10,2.32
2014.10.16 12:15:41.046,0.83704,0.8373,1.00,5.17
2014.10.16 12:15:41.248,0.83704,0.83731,1.17,1.82
2014.10.16 12:15:42.772,0.83706,0.83733,1.00,4.42
2014.10.16 12:15:43.125,0.83706,0.83734,1.15,3.00
2014.10.16 12:15:43.835,0.83711,0.83735,1.00,1.27
2014.10.16 12:15:44.294,0.83709,0.83734,1.57,1.15
2014.10.16 12:15:47.221,0.83707,0.83733,1.00,3.45
2014.10.16 12:15:48.136,0.83705,0.8373,2.92,1.17
2014.10.16 12:15:48.438,0.83702,0.83728,1.27,1.15
2014.10.16 12:15:48.741,0.83701,0.83723,1.45,1.00
2014.10.16 12:15:48.892,0.83703,0.83728,1.10,1.15
2014.10.16 12:15:51.014,0.837,0.83724,1.27,1.00
2014.10.16 12:15:51.553,0.83701,0.83727,1.15,1.15
2014.10.16 12:15:52.098,0.83704,0.83727,1.67,1.15
2014.10.16 12:15:52.149,0.83705,0.83731,1.20,1.65
2014.10.16 12:15:52.200,0.83705,0.83731,2.17,1.65
2014.10.16 12:15:52.502,0.83713,0.83735,1.00,2.70
2014.10.16 12:15:52.654,0.83708,0.83735,1.95,2.70
2014.10.16 12:15:52.856,0.83709,0.83736,1.27,1.17
2014.10.16 12:15:52.906,0.83713,0.83739,1.00,4.20
2014.10.16 12:15:53.360,0.83709,0.83735,1.10,1.52
2014.10.16 12:15:53.864,0.8371,0.83735,1.00,1.27
2014.10.16 12:15:54.410,0.8371,0.8373,1.00,1.00
2014.10.16 12:15:54.935,0.83708,0.83734,1.12,1.15
2014.10.16 12:15:55.187,0.83711,0.83736,1.00,3.45
2014.10.16 12:15:55.454,0.83711,0.83737,1.00,2.02
2014.10.16 12:15:55.655,0.83716,0.83737,1.00,1.27
2014.10.16 12:15:55.756,0.83713,0.83737,1.00,1.52
2014.10.16 12:15:56.520,0.83709,0.83735,1.15,1.27
2014.10.16 12:15:58.612,0.83708,0.83732,1.45,1.00
2014.10.16 12:15:59.122,0.8371,0.83735,1.00,2.02
2014.10.16 12:15:59.424,0.83713,0.83736,1.00,1.27
2014.10.16 12:15:59.576,0.83713,0.83736,1.87,1.00
2014.10.16 12:15:59.627,0.83715,0.83739,1.00,1.15
2014.10.16 12:15:59.930,0.83719,0.83743,1.00,1.52
2014.10.16 12:16:00.232,0.83717,0.83741,1.00,2.32
2014.10.16 12:16:00.384,0.83719,0.83743,1.00,1.15
2014.10.16 12:16:00.485,0.83717,0.83741,1.30,1.15
2014.10.16 12:16:00.586,0.83719,0.83744,1.00,3.07
2014.10.16 12:16:00.687,0.83717,0.83741,1.30,1.15
2014.10.16 12:16:01.324,0.83715,0.83741,1.87,1.15
2014.10.16 12:16:02.463,0.83714,0.83738,1.45,1.00
2014.10.16 12:16:02.978,0.83714,0.83739,1.45,1.20
2014.10.16 12:16:03.504,0.83713,0.83739,1.15,1.47
2014.10.16 12:16:04.822,0.83712,0.83737,1.87,1.00
2014.10.16 12:16:05.126,0.83715,0.8374,1.65,1.65
2014.10.16 12:16:05.176,0.83715,0.8374,1.00,1.65
2014.10.16 12:16:05.328,0.83711,0.83737,2.25,1.17
2014.10.16 12:16:05.379,0.83711,0.83737,2.17,1.15
2014.10.16 12:16:05.681,0.83712,0.83737,1.45,1.10
2014.10.16 12:16:06.015,0.8371,0.83732,3.30,1.00
2014.10.16 12:16:06.066,0.83709,0.83732,1.87,1.00
2014.10.16 12:16:06.167,0.83709,0.83732,1.00,1.15
2014.10.16 12:16:06.689,0.83706,0.83732,1.87,1.15
2014.10.16 12:16:07.745,0.83711,0.83734,1.00,1.52
2014.10.16 12:16:07.796,0.83711,0.83734,1.00,1.57
2014.10.16 12:16:07.847,0.83709,0.83733,1.20,1.12
2014.10.16 12:16:07.897,0.8371,0.83733,1.00,1.27
2014.10.16 12:16:08.408,0.83709,0.83733,1.00,1.15
2014.10.16 12:16:08.510,0.8371,0.83736,1.87,1.52
2014.10.16 12:16:10.577,0.83712,0.83736,1.30,1.15
2014.10.16 12:16:11.123,0.83713,0.83738,1.00,3.45
2014.10.16 12:16:11.518,0.83713,0.83738,1.17,1.15
2014.10.16 12:16:11.720,0.83716,0.83741,1.00,3.45
2014.10.16 12:16:12.234,0.83713,0.83739,1.17,1.52
2014.10.16 12:16:13.283,0.83715,0.83739,1.00,1.52
2014.10.16 12:16:15.168,0.83713,0.83739,1.17,1.27
2014.10.16 12:16:16.286,0.83715,0.83739,1.00,1.27
2014.10.16 12:16:17.153,0.83713,0.83738,1.17,1.45
2014.10.16 12:16:17.673,0.83715,0.83738,1.00,1.45
2014.10.16 12:16:18.428,0.83714,0.83738,1.10,1.45
2014.10.16 12:16:19.755,0.83714,0.83739,1.17,1.80
2014.10.16 12:16:19.806,0.83714,0.83739,1.15,1.80
2014.10.16 12:16:22.883,0.83713,0.83738,1.15,1.30
2014.10.16 12:16:25.678,0.83713,0.83737,1.15,1.30
2014.10.16 12:16:26.188,0.83713,0.83736,1.15,1.30
2014.10.16 12:16:26.540,0.83713,0.83736,1.17,1.05
2014.10.16 12:16:26.849,0.83713,0.83734,1.17,1.30
2014.10.16 12:16:27.152,0.83709,0.83731,2.32,1.00
2014.10.16 12:16:27.512,0.83706,0.83731,4.20,1.00
2014.10.16 12:16:28.013,0.83706,0.8373,3.45,1.30
2014.10.16 12:16:28.444,0.83706,0.8373,1.15,1.30
2014.10.16 12:16:29.052,0.83706,0.83729,1.15,1.35
2014.10.16 12:16:29.153,0.83703,0.83727,1.15,1.30
2014.10.16 12:16:29.204,0.83702,0.83725,1.07,1.00
2014.10.16 12:16:29.255,0.83702,0.83725,1.10,1.10
2014.10.16 12:16:30.162,0.837,0.83721,1.15,1.30
2014.10.16 12:16:30.213,0.83695,0.8372,1.52,1.00
2014.10.16 12:16:30.314,0.83695,0.8372,1.27,1.15
2014.10.16 12:16:30.416,0.83694,0.8372,4.20,1.00
2014.10.16 12:16:30.778,0.83697,0.83717,1.15,1.30
2014.10.16 12:16:30.829,0.83697,0.83721,1.15,1.80
2014.10.16 12:16:31.354,0.83697,0.8372,1.15,1.00
2014.10.16 12:16:31.533,0.83693,0.83719,1.27,1.07
2014.10.16 12:16:32.363,0.83693,0.83716,1.15,1.30
2014.10.16 12:16:32.840,0.83693,0.83718,1.15,1.80
2014.10.16 12:16:33.309,0.83693,0.83717,1.07,1.80
2014.10.16 12:16:33.360,0.8369,0.83715,2.25,1.20
2014.10.16 12:16:33.410,0.8369,0.83715,2.25,1.10
2014.10.16 12:16:33.512,0.83695,0.8372,1.57,1.87
2014.10.16 12:16:33.714,0.83691,0.83717,1.52,1.07
2014.10.16 12:16:33.764,0.83691,0.83717,1.52,1.15
2014.10.16 12:16:34.285,0.83694,0.83719,1.00,1.65
2014.10.16 12:16:35.200,0.83694,0.83719,1.37,1.15
2014.10.16 12:16:35.251,0.83697,0.83721,1.00,1.15
2014.10.16 12:16:35.352,0.83697,0.83723,1.27,1.65
2014.10.16 12:16:35.453,0.83698,0.83722,1.00,1.82
2014.10.16 12:16:35.604,0.83694,0.83719,1.15,1.47
2014.10.16 12:16:35.655,0.83694,0.83719,1.10,1.52
2014.10.16 12:16:37.665,0.83691,0.83714,1.15,1.00
2014.10.16 12:16:38.018,0.83689,0.83717,4.42,1.27
2014.10.16 12:16:38.788,0.83689,0.83715,1.12,1.15
2014.10.16 12:16:38.940,0.83691,0.83715,1.82,1.00
2014.10.16 12:16:38.991,0.83694,0.83718,1.07,1.10
2014.10.16 12:16:39.143,0.83696,0.83718,1.15,1.30
2014.10.16 12:16:39.244,0.83696,0.83718,1.00,1.05
2014.10.16 12:16:39.892,0.83692,0.83718,1.52,1.05
2014.10.16 12:16:40.879,0.83693,0.8372,3.45,1.05
2014.10.16 12:16:42.894,0.83696,0.83718,1.15,1.35
2014.10.16 12:16:42.995,0.83689,0.83718,1.65,1.82
2014.10.16 12:16:43.266,0.83688,0.83714,1.17,1.15
2014.10.16 12:16:43.880,0.83689,0.83714,1.47,1.15
2014.10.16 12:16:43.982,0.8369,0.83717,4.50,1.12
2014.10.16 12:16:44.084,0.83691,0.83715,1.15,1.12
2014.10.16 12:16:44.185,0.83688,0.83715,2.32,1.20
2014.10.16 12:16:44.286,0.83687,0.83715,2.02,1.27
2014.10.16 12:16:44.756,0.83687,0.8371,1.15,1.00
2014.10.16 12:16:46.215,0.83684,0.83711,3.45,1.72
2014.10.16 12:16:46.517,0.83682,0.8371,3.67,1.65
2014.10.16 12:16:46.819,0.83686,0.83714,2.25,3.30
2014.10.16 12:16:46.870,0.83687,0.83714,1.45,1.12
2014.10.16 12:16:48.054,0.83685,0.83713,4.05,1.55
2014.10.16 12:16:48.104,0.8369,0.83715,1.17,2.17
2014.10.16 12:16:48.155,0.8369,0.83715,4.20,1.30
2014.10.16 12:16:48.256,0.8369,0.83716,2.77,1.45
2014.10.16 12:16:48.760,0.83686,0.83716,4.42,1.50
2014.10.16 12:16:51.821,0.83686,0.83713,4.42,1.17
2014.10.16 12:16:52.158,0.83685,0.8371,2.25,1.00
2014.10.16 12:16:52.209,0.83685,0.83715,2.25,3.00
2014.10.16 12:16:54.143,0.83688,0.83716,1.00,1.82
2014.10.16 12:16:54.345,0.83689,0.83717,1.42,2.32
2014.10.16 12:16:54.848,0.83689,0.83716,1.27,1.45
2014.10.16 12:16:57.692,0.83692,0.83718,1.00,2.70
2014.10.16 12:16:58.209,0.83691,0.83718,1.42,2.70
2014.10.16 12:16:59.208,0.83688,0.83715,1.47,3.07
2014.10.16 12:16:59.512,0.8369,0.83715,1.37,3.07
2014.10.16 12:17:00.117,0.83691,0.83715,1.20,1.15
2014.10.16 12:17:01.627,0.83693,0.83718,1.00,3.45
2014.10.16 12:17:01.779,0.83689,0.83714,1.07,1.50
2014.10.16 12:17:01.981,0.83685,0.8371,2.40,1.35
2014.10.16 12:17:02.082,0.83685,0.83706,1.17,1.00
2014.10.16 12:17:02.736,0.83681,0.8371,2.70,1.50
2014.10.16 12:17:02.888,0.8368,0.83709,2.40,3.67
2014.10.16 12:17:03.191,0.8368,0.83703,1.00,1.15
2014.10.16 12:17:03.342,0.83676,0.83703,1.27,1.15
2014.10.16 12:17:04.129,0.83675,0.83703,1.52,1.87
2014.10.16 12:17:04.637,0.83674,0.83703,1.52,1.87
2014.10.16 12:17:04.997,0.83675,0.83703,1.65,1.45
2014.10.16 12:17:05.098,0.83678,0.83705,1.52,1.15
2014.10.16 12:17:05.547,0.83674,0.83703,1.52,1.45
2014.10.16 12:17:06.051,0.83673,0.837,2.70,1.30
2014.10.16 12:17:06.661,0.83673,0.83701,2.70,1.05
2014.10.16 12:17:07.800,0.83675,0.83698,1.15,1.30
2014.10.16 12:17:08.002,0.83675,0.83701,1.27,1.05
2014.10.16 12:17:08.455,0.83675,0.83699,2.02,1.30
2014.10.16 12:17:08.607,0.83677,0.83704,2.70,2.55
2014.10.16 12:17:08.758,0.8368,0.83704,1.52,1.00
2014.10.16 12:17:08.809,0.8368,0.83706,1.52,1.00
2014.10.16 12:17:10.531,0.83679,0.83705,3.45,1.00
2014.10.16 12:17:11.522,0.83679,0.83704,2.70,1.00
2014.10.16 12:17:11.573,0.83677,0.83704,2.70,1.07
2014.10.16 12:17:12.090,0.83676,0.83702,2.70,1.00
2014.10.16 12:17:12.937,0.83676,0.83699,2.32,1.30
2014.10.16 12:17:13.493,0.83675,0.83699,2.32,1.30
2014.10.16 12:17:13.543,0.83672,0.83699,2.70,1.30
2014.10.16 12:17:14.382,0.83672,0.837,2.70,1.42
2014.10.16 12:17:14.484,0.83674,0.837,2.70,1.30
2014.10.16 12:17:15.489,0.83675,0.83702,1.52,1.72
2014.10.16 12:17:16.002,0.83675,0.83703,2.02,1.05
2014.10.16 12:17:17.385,0.83674,0.83702,2.70,1.37
2014.10.16 12:17:17.698,0.83672,0.83699,2.70,1.05
2014.10.16 12:17:19.424,0.83672,0.83698,2.70,1.30
2014.10.16 12:17:19.929,0.83672,0.83701,2.70,2.25
2014.10.16 12:17:20.383,0.83675,0.83702,2.70,2.25
2014.10.16 12:17:20.433,0.83675,0.83702,2.70,1.42
2014.10.16 12:17:21.227,0.83675,0.83701,3.45,1.30
2014.10.16 12:17:21.580,0.83675,0.83701,1.52,1.37
2014.10.16 12:17:21.630,0.83675,0.837,1.27,1.45
2014.10.16 12:17:21.681,0.83675,0.83699,1.20,2.32
2014.10.16 12:17:21.732,0.83672,0.83699,1.80,2.32
2014.10.16 12:17:22.286,0.83672,0.837,1.05,2.70
2014.10.16 12:17:22.337,0.83672,0.83701,1.12,1.82
2014.10.16 12:17:22.488,0.83673,0.83702,1.50,1.15
2014.10.16 12:17:22.539,0.83672,0.83701,3.30,1.50
2014.10.16 12:17:22.741,0.83672,0.837,4.05,1.12
2014.10.16 12:17:22.792,0.83672,0.837,1.87,1.45
2014.10.16 12:17:23.833,0.83672,0.83696,1.07,1.42
2014.10.16 12:17:23.934,0.8367,0.83695,1.15,1.00
2014.10.16 12:17:24.441,0.8367,0.83696,1.15,2.25
2014.10.16 12:17:24.643,0.8367,0.83696,1.15,2.25
2014.10.16 12:17:24.945,0.83665,0.83693,2.02,1.87
2014.10.16 12:17:25.247,0.83665,0.83692,1.27,1.50
2014.10.16 12:17:25.298,0.83665,0.83692,1.27,2.25
2014.10.16 12:17:26.235,0.83662,0.83689,1.52,1.50
2014.10.16 12:17:26.588,0.83665,0.83689,1.00,1.15
2014.10.16 12:17:26.989,0.8367,0.83697,1.87,1.27
2014.10.16 12:17:27.292,0.83675,0.83698,1.00,1.45
2014.10.16 12:17:27.802,0.83675,0.83701,1.10,3.07
2014.10.16 12:17:28.351,0.83675,0.83702,1.10,2.32
2014.10.16 12:17:30.367,0.83676,0.83702,1.00,2.70
2014.10.16 12:17:31.503,0.83679,0.83702,1.00,2.70
2014.10.16 12:17:31.741,0.83676,0.83705,1.15,3.45
2014.10.16 12:17:32.598,0.83675,0.83699,1.50,1.00
2014.10.16 12:17:33.102,0.83675,0.83703,2.25,1.15
2014.10.16 12:17:33.319,0.83675,0.83703,2.25,3.07
2014.10.16 12:17:33.622,0.83675,0.837,1.20,1.15
2014.10.16 12:17:34.910,0.8367,0.83697,4.42,1.00
2014.10.16 12:17:35.011,0.83671,0.837,2.25,3.67
2014.10.16 12:17:36.414,0.83673,0.83699,1.00,2.25
2014.10.16 12:17:37.094,0.8367,0.83699,1.15,3.00
2014.10.16 12:17:39.283,0.83673,0.83699,1.00,2.25
2014.10.16 12:17:39.832,0.8367,0.83699,1.15,3.00
2014.10.16 12:17:42.054,0.83673,0.83699,1.00,2.25
2014.10.16 12:17:42.670,0.8367,0.83699,1.15,3.00
2014.10.16 12:17:43.086,0.8367,0.83696,1.07,2.70
2014.10.16 12:17:43.137,0.8367,0.83695,1.00,2.32
2014.10.16 12:17:43.188,0.8367,0.83692,1.00,1.82
2014.10.16 12:17:43.491,0.83661,0.83689,1.12,1.15
2014.10.16 12:17:45.562,0.8366,0.83685,1.15,1.00
2014.10.16 12:17:45.664,0.8366,0.83688,1.27,3.45
2014.10.16 12:17:46.168,0.83655,0.83683,3.82,1.20
2014.10.16 12:17:46.219,0.83655,0.83683,1.15,1.27
2014.10.16 12:17:47.451,0.83655,0.83681,1.17,1.55
2014.10.16 12:17:47.970,0.83655,0.83683,1.07,4.42
2014.10.16 12:17:48.021,0.83656,0.83683,1.50,1.27
2014.10.16 12:17:48.778,0.83653,0.83682,1.50,2.70
2014.10.16 12:17:48.828,0.83654,0.83682,1.50,2.70
2014.10.16 12:17:49.067,0.83655,0.83682,1.50,2.70
2014.10.16 12:17:49.120,0.83655,0.83684,1.82,1.52
2014.10.16 12:17:49.482,0.83656,0.83685,3.67,1.82
2014.10.16 12:17:49.533,0.83656,0.83685,3.67,1.50
2014.10.16 12:17:52.146,0.83656,0.83684,2.70,1.50
2014.10.16 12:17:52.197,0.83655,0.83684,1.82,1.50
2014.10.16 12:17:53.249,0.83657,0.83685,1.50,1.55
2014.10.16 12:17:53.300,0.83657,0.83685,3.67,1.55
2014.10.16 12:17:53.451,0.83661,0.83687,1.82,1.07
2014.10.16 12:17:53.502,0.83661,0.83688,1.82,1.10
2014.10.16 12:17:53.552,0.83663,0.83688,2.70,1.10
2014.10.16 12:17:53.654,0.83664,0.8369,2.32,1.12
2014.10.16 12:17:54.199,0.83664,0.83695,2.70,2.02
2014.10.16 12:17:57.033,0.83665,0.83694,1.17,2.25
2014.10.16 12:17:57.084,0.83665,0.83692,1.17,1.82
2014.10.16 12:17:57.701,0.83669,0.83691,1.30,2.02
2014.10.16 12:17:57.802,0.83669,0.83692,1.50,1.10
2014.10.16 12:17:57.853,0.83669,0.83692,3.67,1.10
2014.10.16 12:17:57.954,0.83673,0.83699,1.45,1.27
2014.10.16 12:17:58.156,0.83673,0.83699,1.50,1.07
2014.10.16 12:17:58.207,0.83673,0.83701,3.67,1.55
2014.10.16 12:17:58.731,0.83673,0.837,3.07,1.42
2014.10.16 12:17:58.781,0.83673,0.837,3.07,1.50
2014.10.16 12:17:58.832,0.83673,0.83698,1.17,1.82
2014.10.16 12:18:00.177,0.8367,0.83698,1.45,1.52
2014.10.16 12:18:00.328,0.83669,0.83695,2.25,1.15
2014.10.16 12:18:00.379,0.8367,0.83695,1.37,1.07
2014.10.16 12:18:00.682,0.8367,0.83693,2.25,1.00
2014.10.16 12:18:03.043,0.83666,0.83689,1.50,1.00
2014.10.16 12:18:03.145,0.83667,0.83693,1.10,1.27
2014.10.16 12:18:03.477,0.83672,0.83695,1.00,3.45
2014.10.16 12:18:03.578,0.83669,0.83695,1.00,4.20
2014.10.16 12:18:03.730,0.83672,0.83695,1.00,3.45
2014.10.16 12:18:03.831,0.83667,0.83693,1.20,1.15
2014.10.16 12:18:04.862,0.83668,0.83693,1.30,1.52
2014.10.16 12:18:05.114,0.83671,0.83695,1.00,2.70
2014.10.16 12:18:06.020,0.8367,0.83692,1.00,1.27
2014.10.16 12:18:06.323,0.83669,0.83695,2.62,1.27
2014.10.16 12:18:06.373,0.8367,0.83695,1.17,1.20
2014.10.16 12:18:06.424,0.8367,0.83695,1.52,1.10
2014.10.16 12:18:06.576,0.83677,0.83697,1.00,1.27
2014.10.16 12:18:06.677,0.83673,0.83699,1.10,2.02
2014.10.16 12:18:07.029,0.83677,0.837,1.00,1.55
2014.10.16 12:18:07.786,0.83673,0.83699,2.25,1.07
2014.10.16 12:18:09.871,0.83673,0.83699,1.27,1.95
2014.10.16 12:18:10.399,0.83675,0.837,1.00,2.70
2014.10.16 12:18:10.651,0.83673,0.83697,1.42,1.15
2014.10.16 12:18:10.953,0.83673,0.83697,1.42,1.07
2014.10.16 12:18:11.206,0.83669,0.83694,2.25,1.10
2014.10.16 12:18:12.237,0.83671,0.83697,2.25,1.15
2014.10.16 12:18:12.539,0.83675,0.83697,1.00,1.15
2014.10.16 12:18:12.943,0.83674,0.83697,1.12,1.00
2014.10.16 12:18:13.111,0.83677,0.83697,1.30,1.00
2014.10.16 12:18:13.364,0.83677,0.83703,1.87,1.27
2014.10.16 12:18:13.717,0.83674,0.837,1.12,1.52
2014.10.16 12:18:14.020,0.83672,0.837,1.80,3.45
2014.10.16 12:18:14.578,0.83672,0.837,2.17,4.20
2014.10.16 12:18:15.372,0.83673,0.83699,2.10,1.15
2014.10.16 12:18:15.508,0.83674,0.83699,1.50,1.17
2014.10.16 12:18:16.063,0.83676,0.83699,1.30,1.17
2014.10.16 12:18:16.164,0.83679,0.83703,1.00,2.70
2014.10.16 12:18:16.214,0.83679,0.83705,1.00,3.45
2014.10.16 12:18:17.859,0.83677,0.83703,1.27,1.15
2014.10.16 12:18:19.442,0.83676,0.83699,1.67,1.15
2014.10.16 12:18:19.890,0.83679,0.83702,1.00,2.32
2014.10.16 12:18:19.991,0.83676,0.83701,1.67,1.15
2014.10.16 12:18:21.082,0.83676,0.83701,1.30,1.15
2014.10.16 12:18:22.103,0.83675,0.83701,1.10,1.15
2014.10.16 12:18:22.204,0.83673,0.83696,1.80,1.07
2014.10.16 12:18:22.255,0.83672,0.83696,1.12,1.15
2014.10.16 12:18:22.305,0.83673,0.83699,1.20,1.15
2014.10.16 12:18:22.457,0.83675,0.83701,1.15,1.95
2014.10.16 12:18:22.608,0.8368,0.83704,1.00,1.52
2014.10.16 12:18:22.860,0.83677,0.83703,1.17,1.52
2014.10.16 12:18:24.452,0.83677,0.83703,1.00,4.42
2014.10.16 12:18:24.503,0.83674,0.83699,1.12,1.27
2014.10.16 12:18:24.957,0.83672,0.83694,1.50,1.00
2014.10.16 12:18:25.057,0.83674,0.83699,1.12,1.27
2014.10.16 12:18:25.796,0.83677,0.83703,1.00,4.20
2014.10.16 12:18:25.847,0.83677,0.83703,1.07,2.02
2014.10.16 12:18:26.049,0.83681,0.83703,1.00,1.52
2014.10.16 12:18:26.152,0.83677,0.83703,1.07,2.02
2014.10.16 12:18:26.699,0.83673,0.83699,3.45,1.00
2014.10.16 12:18:27.053,0.83673,0.83699,1.15,1.15
2014.10.16 12:18:29.122,0.83678,0.83701,1.00,2.25
2014.10.16 12:18:29.223,0.83673,0.83699,1.27,1.15
2014.10.16 12:18:30.319,0.83677,0.83701,1.00,1.50
2014.10.16 12:18:30.571,0.83673,0.83699,1.52,1.15
2014.10.16 12:18:30.974,0.83675,0.83701,1.15,1.27
2014.10.16 12:18:31.774,0.83679,0.83703,1.00,2.25
2014.10.16 12:18:32.991,0.83675,0.83701,1.65,2.25
2014.10.16 12:18:33.859,0.83675,0.83701,1.65,2.25
2014.10.16 12:18:34.575,0.83675,0.83699,1.15,1.35
2014.10.16 12:18:35.080,0.83677,0.83703,1.17,2.02
2014.10.16 12:18:35.844,0.83675,0.83699,1.15,1.00
2014.10.16 12:18:36.350,0.83677,0.83703,1.17,3.00
2014.10.16 12:18:37.890,0.83679,0.83702,1.00,2.25
2014.10.16 12:18:38.391,0.83675,0.83701,1.15,1.27
2014.10.16 12:18:38.880,0.83675,0.83697,1.15,1.00
2014.10.16 12:18:39.032,0.83675,0.83701,1.65,1.27
2014.10.16 12:18:40.111,0.83679,0.83703,1.00,2.25
2014.10.16 12:18:41.559,0.83675,0.83701,1.65,1.27
2014.10.16 12:18:43.901,0.8368,0.83705,1.17,1.15
2014.10.16 12:18:44.304,0.8368,0.83706,1.52,1.10
2014.10.16 12:18:44.405,0.83685,0.8371,1.00,2.02
2014.10.16 12:18:44.939,0.83685,0.8371,1.15,2.02
2014.10.16 12:18:45.091,0.83682,0.83707,2.32,1.00
2014.10.16 12:18:45.142,0.83681,0.83707,1.27,1.17
2014.10.16 12:18:45.243,0.83685,0.8371,1.15,1.27
2014.10.16 12:18:45.815,0.83685,0.83711,1.27,1.00
2014.10.16 12:18:45.866,0.83688,0.83713,1.27,1.12
2014.10.16 12:18:49.175,0.83691,0.83716,1.00,1.82
2014.10.16 12:18:49.276,0.83689,0.83715,1.00,1.52
2014.10.16 12:18:49.689,0.83692,0.83716,1.00,1.82
2014.10.16 12:18:49.840,0.83689,0.83715,1.00,1.27
2014.10.16 12:18:50.042,0.83693,0.83717,1.00,1.82
2014.10.16 12:18:50.143,0.83689,0.83715,1.00,1.15
2014.10.16 12:18:51.855,0.83689,0.83714,1.00,3.67
2014.10.16 12:18:52.141,0.83685,0.83711,1.27,1.15
2014.10.16 12:18:52.666,0.83682,0.83708,2.70,1.00
2014.10.16 12:18:53.019,0.83689,0.83714,1.00,2.70
2014.10.16 12:18:53.472,0.83685,0.83711,1.15,1.15
2014.10.16 12:18:54.073,0.83685,0.83711,1.00,4.20
2014.10.16 12:18:56.393,0.83683,0.83709,1.17,1.27
2014.10.16 12:18:56.978,0.83685,0.83709,1.00,1.27
2014.10.16 12:19:00.039,0.83684,0.83709,1.10,1.52
2014.10.16 12:19:00.351,0.83688,0.83711,1.00,3.45
2014.10.16 12:19:00.402,0.83682,0.83706,1.45,1.10
2014.10.16 12:19:00.503,0.8368,0.83706,2.25,1.15
2014.10.16 12:19:03.904,0.83683,0.83709,1.00,3.45
2014.10.16 12:19:05.620,0.8368,0.83704,3.00,1.10
2014.10.16 12:19:05.771,0.83683,0.83709,1.00,3.45
2014.10.16 12:19:07.184,0.83681,0.83707,1.10,1.52
2014.10.16 12:19:08.280,0.83685,0.83709,1.00,2.70
2014.10.16 12:19:08.740,0.83681,0.83707,1.10,1.27
2014.10.16 12:19:09.161,0.83687,0.83709,1.00,2.70
2014.10.16 12:19:09.269,0.83683,0.83709,1.00,3.45
2014.10.16 12:19:09.370,0.83688,0.83709,1.00,2.70
2014.10.16 12:19:09.471,0.83688,0.83711,1.00,2.25
2014.10.16 12:19:09.623,0.83685,0.83711,1.15,2.02
2014.10.16 12:19:09.673,0.83685,0.8371,1.07,1.27
2014.10.16 12:19:09.825,0.83683,0.83709,1.27,1.15
2014.10.16 12:19:10.178,0.83685,0.83709,1.00,4.42
2014.10.16 12:19:10.279,0.83683,0.83709,1.00,5.17
2014.10.16 12:19:10.601,0.83685,0.83709,1.00,5.17
2014.10.16 12:19:10.710,0.83683,0.83709,1.00,5.17
2014.10.16 12:19:11.078,0.83683,0.83702,1.00,1.30
2014.10.16 12:19:11.652,0.8368,0.83701,1.15,1.30
2014.10.16 12:19:12.165,0.83685,0.83701,1.00,1.30
2014.10.16 12:19:13.290,0.8368,0.83701,1.15,1.30
2014.10.16 12:19:13.768,0.83685,0.83701,1.00,1.30
2014.10.16 12:19:13.919,0.83681,0.83701,1.17,1.30
2014.10.16 12:19:16.059,0.8368,0.83703,1.27,1.30
2014.10.16 12:19:16.110,0.83685,0.83703,1.00,1.30
2014.10.16 12:19:16.211,0.83685,0.83705,1.15,1.30
2014.10.16 12:19:16.262,0.83685,0.83708,1.15,1.30
2014.10.16 12:19:16.413,0.83686,0.83707,1.15,1.30
2014.10.16 12:19:16.926,0.83686,0.83706,1.15,1.30
2014.10.16 12:19:17.228,0.83685,0.83704,1.00,1.30
2014.10.16 12:19:17.581,0.83683,0.83702,1.20,1.30
2014.10.16 12:19:18.126,0.83683,0.83701,1.20,1.30
2014.10.16 12:19:18.629,0.83685,0.83701,1.00,1.30
2014.10.16 12:19:19.250,0.83685,0.83702,1.00,1.30
2014.10.16 12:19:19.555,0.83683,0.83704,1.20,1.30
2014.10.16 12:19:20.334,0.83683,0.83702,1.20,1.30
2014.10.16 12:19:20.636,0.8368,0.837,1.65,1.30
2014.10.16 12:19:20.888,0.83685,0.83707,1.37,1.30
2014.10.16 12:19:20.990,0.83683,0.83705,1.27,1.30
2014.10.16 12:19:21.293,0.83693,0.83713,1.07,1.07
2014.10.16 12:19:21.394,0.837,0.83718,1.00,1.05
2014.10.16 12:19:21.445,0.837,0.83721,1.10,1.00
2014.10.16 12:19:21.597,0.83701,0.83727,1.07,3.97
2014.10.16 12:19:21.899,0.83705,0.83724,1.00,1.07
2014.10.16 12:19:21.950,0.83705,0.83725,1.00,1.30
2014.10.16 12:19:22.307,0.83705,0.83728,1.65,1.30
2014.10.16 12:19:22.357,0.8371,0.83728,1.00,1.30
2014.10.16 12:19:22.458,0.83705,0.83728,1.65,1.30
2014.10.16 12:19:22.509,0.8371,0.83728,1.00,1.30
2014.10.16 12:19:22.862,0.8371,0.83734,1.00,1.45
2014.10.16 12:19:22.913,0.83711,0.83734,1.17,1.05
2014.10.16 12:19:23.014,0.83718,0.83739,1.00,1.45
2014.10.16 12:19:23.115,0.83715,0.83739,1.10,1.45
2014.10.16 12:19:23.683,0.83715,0.83736,1.10,1.30
2014.10.16 12:19:23.834,0.83715,0.83734,1.10,1.30
2014.10.16 12:19:24.137,0.83706,0.83731,1.15,1.00
2014.10.16 12:19:24.188,0.83706,0.83728,1.15,1.30
2014.10.16 12:19:24.692,0.8371,0.83729,1.00,1.30
2014.10.16 12:19:24.742,0.8371,0.83731,1.00,1.35
2014.10.16 12:19:25.327,0.83705,0.83731,1.15,1.35
2014.10.16 12:19:26.043,0.83704,0.83729,3.07,1.30
2014.10.16 12:19:26.346,0.83705,0.83727,1.15,1.30
2014.10.16 12:19:26.730,0.83705,0.83727,1.65,1.30
2014.10.16 12:19:27.234,0.83705,0.83726,1.17,1.30
2014.10.16 12:19:27.600,0.83705,0.83728,1.65,1.05
2014.10.16 12:19:27.752,0.83705,0.83728,2.02,1.30
2014.10.16 12:19:28.268,0.8371,0.83728,1.00,1.30
2014.10.16 12:19:28.671,0.83705,0.8373,1.65,1.30
2014.10.16 12:19:28.772,0.83707,0.8373,2.32,1.30
2014.10.16 12:19:29.125,0.83705,0.83729,2.02,1.30
2014.10.16 12:19:29.429,0.8371,0.83729,1.00,1.30
2014.10.16 12:19:29.970,0.8371,0.83728,1.00,1.30
2014.10.16 12:19:30.470,0.8371,0.83731,1.07,1.30
2014.10.16 12:19:30.520,0.83714,0.83731,1.00,1.30
2014.10.16 12:19:30.571,0.83714,0.83733,1.00,1.05
2014.10.16 12:19:30.672,0.8371,0.83733,1.17,1.05
2014.10.16 12:19:30.974,0.8371,0.83732,1.10,1.37
2014.10.16 12:19:32.061,0.83715,0.83732,1.00,1.12
2014.10.16 12:19:32.576,0.83714,0.83732,1.00,1.12
2014.10.16 12:19:33.088,0.83715,0.83731,1.00,1.30
2014.10.16 12:19:34.099,0.83715,0.83735,1.10,1.05
2014.10.16 12:19:34.200,0.83715,0.83737,1.10,1.05
2014.10.16 12:19:34.351,0.83715,0.83737,1.15,1.30
2014.10.16 12:19:34.654,0.8372,0.83738,1.10,1.30
2014.10.16 12:19:34.956,0.8372,0.83741,1.10,1.30
2014.10.16 12:19:35.057,0.8372,0.83739,1.00,1.30
2014.10.16 12:19:35.360,0.83714,0.83739,1.65,1.30
2014.10.16 12:19:36.079,0.83715,0.83739,1.10,1.50
2014.10.16 12:19:36.669,0.83715,0.83736,1.10,1.30
2014.10.16 12:19:37.011,0.83715,0.83736,1.15,1.30
2014.10.16 12:19:37.726,0.83715,0.83735,1.15,1.30
2014.10.16 12:19:37.983,0.83715,0.83734,1.00,1.30
2014.10.16 12:19:39.055,0.83715,0.83737,1.00,1.12
2014.10.16 12:19:39.156,0.83715,0.8374,1.52,1.05
2014.10.16 12:19:39.207,0.8372,0.8374,1.00,1.05
2014.10.16 12:19:39.510,0.8372,0.83738,1.17,1.30
2014.10.16 12:19:39.913,0.83716,0.83736,2.32,1.30
2014.10.16 12:19:39.964,0.83715,0.83736,1.27,1.30
2014.10.16 12:19:40.367,0.83714,0.83739,3.45,1.30
2014.10.16 12:19:40.871,0.8372,0.83739,1.00,1.30
2014.10.16 12:19:41.375,0.83716,0.83739,1.27,1.30
2014.10.16 12:19:41.476,0.83716,0.8374,1.17,1.12
2014.10.16 12:19:42.351,0.83714,0.83738,1.15,1.30
2014.10.16 12:19:43.422,0.83715,0.83736,1.15,1.30
2014.10.16 12:19:43.742,0.83715,0.83736,1.00,1.30
2014.10.16 12:19:43.792,0.83715,0.83734,1.00,1.30
2014.10.16 12:19:43.843,0.8371,0.83734,2.02,1.30
2014.10.16 12:19:44.149,0.83715,0.83734,1.00,1.30
2014.10.16 12:19:44.330,0.83715,0.83738,1.00,1.50
2014.10.16 12:19:44.733,0.83715,0.83739,1.17,1.05
2014.10.16 12:19:45.188,0.83715,0.83738,1.00,1.50
2014.10.16 12:19:45.491,0.8371,0.83734,1.27,1.30
2014.10.16 12:19:46.089,0.8371,0.83733,1.15,1.30
2014.10.16 12:19:46.708,0.83709,0.83734,3.45,1.30
2014.10.16 12:19:47.339,0.8371,0.83733,1.27,1.30
2014.10.16 12:19:47.919,0.8371,0.83732,1.27,1.30
2014.10.16 12:19:48.049,0.83709,0.83735,3.82,1.30
2014.10.16 12:19:48.553,0.83715,0.83737,1.00,1.12
2014.10.16 12:19:49.073,0.83712,0.83736,1.52,1.30
2014.10.16 12:19:49.382,0.83715,0.83733,1.10,1.30
2014.10.16 12:19:49.584,0.8371,0.83732,1.65,1.30
2014.10.16 12:19:50.350,0.83707,0.8373,3.07,1.30
2014.10.16 12:19:50.401,0.83707,0.8373,1.15,1.30
2014.10.16 12:19:50.703,0.83705,0.83728,1.52,1.30
2014.10.16 12:19:51.208,0.83705,0.83729,1.52,1.30
2014.10.16 12:19:52.388,0.83705,0.8373,1.65,1.30
2014.10.16 12:19:52.893,0.8371,0.83729,1.00,1.30
2014.10.16 12:19:53.428,0.8371,0.8373,1.00,1.30
2014.10.16 12:19:53.887,0.83704,0.83733,3.45,1.12
2014.10.16 12:19:53.988,0.8371,0.83733,1.15,1.30
2014.10.16 12:19:54.290,0.8371,0.83731,1.15,1.30
2014.10.16 12:19:54.341,0.83709,0.83734,1.15,1.05
2014.10.16 12:19:54.442,0.83709,0.83732,1.27,1.30
2014.10.16 12:19:54.593,0.83705,0.83732,1.52,1.12
2014.10.16 12:19:55.723,0.83705,0.83729,1.15,1.00
2014.10.16 12:19:55.824,0.83705,0.83731,1.17,1.50
2014.10.16 12:19:56.127,0.83705,0.83735,1.15,1.82
2014.10.16 12:19:56.489,0.83706,0.83733,2.70,1.10
2014.10.16 12:19:56.691,0.83707,0.83731,1.10,1.12
2014.10.16 12:19:57.095,0.8371,0.8373,1.00,1.05
2014.10.16 12:19:57.347,0.8371,0.83732,1.10,1.30
2014.10.16 12:19:57.650,0.83712,0.83732,1.00,1.30
2014.10.16 12:19:57.801,0.8371,0.83731,1.10,1.00
2014.10.16 12:19:58.308,0.8371,0.83732,1.10,1.30
2014.10.16 12:19:59.348,0.8371,0.83731,1.10,1.30
2014.10.16 12:19:59.449,0.83705,0.83728,3.45,1.00
2014.10.16 12:19:59.550,0.83707,0.83733,1.65,2.17
2014.10.16 12:20:00.061,0.83711,0.83733,1.00,1.42
2014.10.16 12:20:00.112,0.83707,0.83727,1.00,1.30
2014.10.16 12:20:00.314,0.83701,0.83724,1.00,1.30
2014.10.16 12:20:00.415,0.83701,0.83721,1.00,1.05
2014.10.16 12:20:00.919,0.837,0.83722,1.00,1.12
2014.10.16 12:20:01.121,0.83701,0.83725,1.17,1.12
2014.10.16 12:20:01.172,0.83705,0.83725,1.00,1.12
2014.10.16 12:20:01.727,0.83707,0.83724,1.00,1.30
2014.10.16 12:20:02.182,0.83705,0.83724,1.00,1.30
2014.10.16 12:20:02.284,0.83705,0.83726,1.00,1.30
2014.10.16 12:20:02.385,0.83707,0.83726,1.00,1.30
2014.10.16 12:20:02.638,0.83707,0.83728,1.17,1.30
2014.10.16 12:20:02.789,0.8371,0.83728,1.00,1.30
2014.10.16 12:20:02.890,0.83707,0.83728,1.17,1.30
2014.10.16 12:20:03.193,0.83705,0.83725,1.15,1.30
2014.10.16 12:20:03.495,0.83703,0.83721,2.70,1.30
2014.10.16 12:20:03.647,0.83699,0.83721,1.57,1.05
2014.10.16 12:20:04.151,0.837,0.83721,1.17,1.30
2014.10.16 12:20:04.303,0.83698,0.83723,1.52,1.30
2014.10.16 12:20:04.577,0.83703,0.83723,1.00,1.30
2014.10.16 12:20:05.836,0.83703,0.83723,1.00,1.45
2014.10.16 12:20:06.452,0.83699,0.83721,1.10,1.05
2014.10.16 12:20:06.972,0.83695,0.8372,2.02,1.00
2014.10.16 12:20:07.500,0.83699,0.83721,1.10,1.05
2014.10.16 12:20:07.913,0.83699,0.83721,1.27,1.05
2014.10.16 12:20:08.419,0.83699,0.83722,1.27,1.30
2014.10.16 12:20:08.810,0.837,0.83724,1.27,1.05
2014.10.16 12:20:09.163,0.83699,0.83723,1.27,1.10
2014.10.16 12:20:09.967,0.83696,0.8372,3.45,1.00
2014.10.16 12:20:10.072,0.83701,0.83726,1.10,1.82
2014.10.16 12:20:10.891,0.837,0.83718,1.00,1.00
2014.10.16 12:20:11.144,0.83691,0.83713,1.00,1.45
2014.10.16 12:20:11.346,0.8369,0.83711,1.00,1.87
2014.10.16 12:20:11.397,0.83686,0.83709,1.00,1.15
2014.10.16 12:20:11.809,0.83689,0.83709,1.00,1.15
2014.10.16 12:20:12.061,0.8369,0.83709,1.00,1.00
2014.10.16 12:20:12.163,0.8369,0.83713,1.00,1.52
2014.10.16 12:20:12.365,0.83691,0.83714,1.07,1.12
2014.10.16 12:20:12.415,0.83691,0.83714,1.07,1.05
2014.10.16 12:20:12.517,0.83689,0.83711,1.15,1.30
2014.10.16 12:20:12.820,0.83687,0.83709,2.32,1.00
2014.10.16 12:20:13.173,0.83687,0.83709,1.15,1.30
2014.10.16 12:20:13.273,0.83687,0.83709,1.15,1.67
2014.10.16 12:20:13.526,0.83685,0.83705,1.10,1.37
2014.10.16 12:20:14.678,0.83685,0.83708,1.00,3.30
2014.10.16 12:20:14.729,0.83686,0.83708,2.25,2.25
2014.10.16 12:20:14.780,0.83687,0.83709,2.32,1.00
2014.10.16 12:20:14.831,0.83687,0.83711,2.32,1.00
2014.10.16 12:20:14.882,0.8369,0.83711,1.00,1.00
2014.10.16 12:20:15.410,0.8369,0.83714,1.00,1.12
2014.10.16 12:20:16.161,0.8369,0.83719,1.27,2.02
2014.10.16 12:20:16.876,0.83691,0.83719,2.70,1.20
2014.10.16 12:20:17.027,0.83697,0.83722,1.00,1.52
2014.10.16 12:20:17.532,0.83695,0.83723,1.15,1.52
2014.10.16 12:20:19.403,0.83697,0.83723,1.00,1.52
2014.10.16 12:20:19.867,0.83695,0.83718,1.45,1.00
2014.10.16 12:20:19.968,0.83695,0.83721,1.87,1.27
2014.10.16 12:20:22.071,0.837,0.83725,1.00,7.35
2014.10.16 12:20:22.172,0.83697,0.83723,1.00,1.52
2014.10.16 12:20:22.273,0.837,0.83723,1.10,1.17
2014.10.16 12:20:22.576,0.83707,0.83732,1.00,2.02
2014.10.16 12:20:22.899,0.83702,0.83727,1.50,1.00
2014.10.16 12:20:23.448,0.83705,0.83727,1.00,1.07
2014.10.16 12:20:24.054,0.83705,0.83729,1.07,1.07
2014.10.16 12:20:24.205,0.83707,0.83732,1.00,2.25
2014.10.16 12:20:25.161,0.83704,0.83729,1.65,1.37
2014.10.16 12:20:25.565,0.8371,0.83729,1.00,1.15
2014.10.16 12:20:25.666,0.83705,0.83729,1.00,1.15
2014.10.16 12:20:25.767,0.83705,0.83729,1.15,1.10
2014.10.16 12:20:25.818,0.8371,0.83732,1.00,2.25
2014.10.16 12:20:26.272,0.83705,0.83729,2.25,1.10
2014.10.16 12:20:26.373,0.83711,0.83734,1.00,2.70
2014.10.16 12:20:26.941,0.8371,0.83733,1.00,1.27
2014.10.16 12:20:27.192,0.83707,0.83733,1.10,1.52
2014.10.16 12:20:27.242,0.83705,0.83727,1.87,1.00
2014.10.16 12:20:27.293,0.83705,0.83727,1.00,1.20
2014.10.16 12:20:27.797,0.83705,0.83726,1.00,1.00
2014.10.16 12:20:29.176,0.83705,0.83729,1.00,1.27
2014.10.16 12:20:29.538,0.8371,0.83729,1.00,1.27
2014.10.16 12:20:29.589,0.8371,0.83732,1.00,2.25
2014.10.16 12:20:29.690,0.83705,0.8373,1.17,1.55
2014.10.16 12:20:29.905,0.83705,0.8373,1.00,4.42
2014.10.16 12:20:31.248,0.83702,0.8373,1.27,3.45
2014.10.16 12:20:31.403,0.83705,0.83725,1.00,1.10
2014.10.16 12:20:31.604,0.83704,0.83729,1.52,1.10
2014.10.16 12:20:31.705,0.8371,0.83733,1.00,1.52
2014.10.16 12:20:31.908,0.83705,0.83732,1.50,1.27
2014.10.16 12:20:34.359,0.83704,0.83732,1.15,1.52
2014.10.16 12:20:34.510,0.83704,0.8373,1.00,2.70
2014.10.16 12:20:35.037,0.83705,0.83728,1.00,1.27
2014.10.16 12:20:35.342,0.83701,0.83728,1.27,1.27
2014.10.16 12:20:35.393,0.83705,0.83731,2.02,1.10
2014.10.16 12:20:35.695,0.83705,0.83731,1.65,2.17
2014.10.16 12:20:35.746,0.83705,0.83727,1.10,1.00
2014.10.16 12:20:35.948,0.83701,0.83727,1.52,1.15
2014.10.16 12:20:36.048,0.837,0.83724,2.25,1.00
2014.10.16 12:20:36.581,0.837,0.83725,2.25,1.00
2014.10.16 12:20:37.169,0.83703,0.83729,1.00,1.27
2014.10.16 12:20:37.501,0.83703,0.83729,1.15,1.27
2014.10.16 12:20:37.822,0.83703,0.83729,1.10,1.27
2014.10.16 12:20:38.276,0.83706,0.8373,1.00,3.67
2014.10.16 12:20:38.377,0.83703,0.83729,1.10,1.27
2014.10.16 12:20:38.429,0.83703,0.83729,1.17,1.20
2014.10.16 12:20:39.550,0.83703,0.83729,1.17,1.45
2014.10.16 12:20:39.651,0.83703,0.83729,1.00,1.52
2014.10.16 12:20:39.853,0.837,0.83725,3.45,1.00
2014.10.16 12:20:40.260,0.83705,0.83731,1.57,3.00
2014.10.16 12:20:41.462,0.83705,0.83724,1.10,1.00
2014.10.16 12:20:41.702,0.83705,0.83729,1.10,1.52
2014.10.16 12:20:42.790,0.83705,0.83726,1.20,1.00
2014.10.16 12:20:42.840,0.83705,0.83726,1.27,1.00
2014.10.16 12:20:42.892,0.83711,0.83733,1.00,1.52
2014.10.16 12:20:42.993,0.83709,0.83735,1.00,3.45
2014.10.16 12:20:43.245,0.83705,0.83729,1.10,1.27
2014.10.16 12:20:43.778,0.83702,0.83724,1.50,1.00
2014.10.16 12:20:43.879,0.83705,0.83731,2.02,1.87
2014.10.16 12:20:43.930,0.8371,0.83731,1.00,1.87
2014.10.16 12:20:44.082,0.83705,0.83727,1.00,1.17
2014.10.16 12:20:44.183,0.83701,0.83727,1.10,1.15
2014.10.16 12:20:44.334,0.83703,0.83727,1.00,1.45
2014.10.16 12:20:44.540,0.837,0.83726,1.17,1.15
2014.10.16 12:20:45.320,0.83703,0.83729,1.00,3.45
2014.10.16 12:20:45.371,0.83703,0.83729,1.17,1.52
2014.10.16 12:20:45.573,0.83701,0.83726,4.42,1.00
2014.10.16 12:20:45.624,0.83703,0.83729,4.42,1.10
2014.10.16 12:20:45.725,0.83704,0.83732,3.45,1.27
2014.10.16 12:20:46.077,0.83704,0.83731,1.15,1.50
2014.10.16 12:20:46.179,0.83701,0.83727,3.45,1.00
2014.10.16 12:20:46.811,0.83705,0.83727,1.55,1.00
2014.10.16 12:20:46.862,0.83707,0.83733,1.55,1.07
2014.10.16 12:20:46.963,0.83711,0.83735,1.00,1.15
2014.10.16 12:20:47.764,0.83711,0.83736,1.17,1.15
2014.10.16 12:20:48.072,0.83717,0.83739,1.00,3.67
2014.10.16 12:20:48.173,0.83712,0.83737,1.10,1.52
2014.10.16 12:20:49.153,0.8371,0.83733,1.15,1.00
2014.10.16 12:20:49.304,0.83715,0.83736,1.00,1.27
2014.10.16 12:20:49.405,0.83713,0.83738,1.00,1.82
2014.10.16 12:20:49.556,0.83715,0.83735,1.00,1.27
2014.10.16 12:20:49.657,0.8371,0.83735,1.00,1.27
2014.10.16 12:20:50.198,0.83707,0.83733,1.15,1.27
2014.10.16 12:20:50.568,0.83707,0.83733,1.00,1.27
2014.10.16 12:20:50.870,0.8371,0.83733,1.00,1.15
2014.10.16 12:20:51.434,0.83711,0.83736,1.00,2.70
2014.10.16 12:20:52.450,0.8371,0.83733,1.00,1.27
2014.10.16 12:20:52.954,0.83715,0.83736,1.00,2.70
2014.10.16 12:20:53.055,0.83711,0.83736,1.00,3.67
2014.10.16 12:20:53.585,0.8371,0.83733,1.00,1.15
2014.10.16 12:20:54.449,0.8371,0.83729,1.00,1.00
2014.10.16 12:20:55.270,0.8371,0.83729,1.07,1.00
2014.10.16 12:20:55.321,0.8371,0.83733,1.17,1.00
2014.10.16 12:20:57.415,0.83711,0.83737,1.07,2.25
2014.10.16 12:20:57.919,0.83709,0.83735,1.10,1.15
2014.10.16 12:20:58.447,0.8371,0.83735,1.00,1.15
2014.10.16 12:20:59.070,0.8371,0.83731,1.00,1.00
2014.10.16 12:20:59.611,0.8371,0.83735,1.00,1.87
2014.10.16 12:21:00.245,0.83709,0.83735,1.10,1.87
2014.10.16 12:21:00.396,0.83714,0.83735,1.00,1.45
2014.10.16 12:21:00.497,0.83711,0.83735,1.00,1.45
2014.10.16 12:21:01.943,0.83711,0.83736,1.07,1.50
2014.10.16 12:21:02.595,0.83707,0.83731,2.70,1.00
2014.10.16 12:21:02.796,0.8371,0.83735,1.17,1.07
2014.10.16 12:21:03.944,0.8371,0.83735,3.82,1.72
2014.10.16 12:21:03.994,0.83714,0.83739,1.17,2.25
2014.10.16 12:21:05.124,0.8371,0.83735,2.70,1.00
2014.10.16 12:21:05.674,0.8371,0.83732,2.32,1.00
2014.10.16 12:21:05.775,0.83711,0.83737,1.15,1.20
2014.10.16 12:21:05.876,0.8371,0.83733,2.32,1.00
2014.10.16 12:21:05.977,0.83711,0.83736,1.00,1.82
2014.10.16 12:21:06.078,0.8371,0.83731,1.20,1.00
2014.10.16 12:21:06.380,0.83705,0.83728,5.62,1.00
2014.10.16 12:21:06.431,0.83705,0.83732,5.62,1.00
2014.10.16 12:21:06.531,0.83705,0.83728,3.45,1.00
2014.10.16 12:21:06.582,0.83705,0.83728,1.27,1.00
2014.10.16 12:21:06.633,0.83705,0.83731,2.02,1.00
2014.10.16 12:21:07.797,0.83705,0.83731,1.15,1.37
2014.10.16 12:21:07.848,0.83708,0.83732,1.00,1.50
2014.10.16 12:21:08.000,0.83705,0.83731,1.17,1.27
2014.10.16 12:21:08.649,0.83705,0.83731,1.65,1.20
2014.10.16 12:21:08.700,0.83705,0.83731,1.65,1.12
2014.10.16 12:21:09.329,0.83705,0.83731,1.65,2.10
2014.10.16 12:21:09.380,0.83705,0.83731,1.65,2.25
2014.10.16 12:21:09.481,0.83705,0.83731,1.65,2.10
2014.10.16 12:21:10.028,0.83705,0.83731,1.65,1.12
2014.10.16 12:21:11.267,0.83705,0.83728,1.15,1.00
2014.10.16 12:21:11.368,0.83705,0.83731,1.65,1.00
2014.10.16 12:21:11.469,0.83705,0.83728,1.15,1.00
2014.10.16 12:21:11.621,0.83705,0.83731,1.65,1.00
2014.10.16 12:21:12.411,0.83709,0.83735,1.10,2.25
2014.10.16 12:21:13.044,0.8371,0.83735,1.00,2.25
2014.10.16 12:21:14.016,0.83705,0.83731,2.02,1.00
2014.10.16 12:21:14.895,0.83707,0.83731,1.45,1.00
2014.10.16 12:21:15.097,0.8371,0.83735,1.15,1.17
2014.10.16 12:21:15.356,0.83712,0.83737,1.15,1.42
2014.10.16 12:21:15.901,0.8371,0.83735,1.15,1.00
2014.10.16 12:21:16.430,0.83712,0.83738,1.15,1.55
2014.10.16 12:21:17.188,0.83712,0.83738,1.15,1.55
2014.10.16 12:21:18.320,0.83716,0.83741,1.00,2.02
2014.10.16 12:21:18.623,0.8372,0.83745,1.15,1.55
2014.10.16 12:21:19.098,0.8372,0.83744,1.15,1.47
2014.10.16 12:21:20.764,0.83718,0.83744,1.15,1.47
2014.10.16 12:21:20.916,0.83715,0.83741,1.65,1.47
2014.10.16 12:21:21.477,0.83715,0.83739,1.15,1.00
2014.10.16 12:21:21.629,0.83715,0.83733,1.17,1.00
2014.10.16 12:21:21.730,0.83715,0.83739,1.17,1.17
2014.10.16 12:21:23.170,0.83714,0.83739,2.25,1.10
2014.10.16 12:21:25.126,0.83711,0.83738,3.45,1.00
2014.10.16 12:21:25.918,0.83713,0.83737,1.00,1.12
2014.10.16 12:21:26.020,0.8371,0.83732,1.27,1.00
2014.10.16 12:21:26.121,0.8371,0.83735,1.27,1.00
2014.10.16 12:21:26.222,0.8371,0.83732,1.15,1.00
2014.10.16 12:21:26.323,0.8371,0.83735,1.15,1.00
2014.10.16 12:21:28.392,0.83712,0.83735,2.62,1.00
2014.10.16 12:21:28.544,0.83715,0.83739,2.32,1.00
2014.10.16 12:21:28.645,0.83716,0.83741,1.15,1.72
2014.10.16 12:21:29.149,0.8372,0.83745,1.57,1.15
2014.10.16 12:21:29.249,0.8372,0.83745,2.02,1.00
2014.10.16 12:21:29.300,0.8373,0.83752,1.00,1.80
2014.10.16 12:21:29.351,0.8373,0.83752,1.00,1.42
2014.10.16 12:21:29.812,0.83728,0.83754,1.15,1.10
2014.10.16 12:21:30.216,0.83731,0.83757,2.25,1.00
2014.10.16 12:21:30.519,0.83728,0.83753,1.87,1.10
2014.10.16 12:21:32.027,0.83731,0.83759,1.45,1.52
2014.10.16 12:21:33.417,0.83735,0.83761,1.00,2.70
2014.10.16 12:21:33.620,0.83736,0.83764,1.12,2.70
2014.10.16 12:21:34.545,0.83735,0.83763,2.32,1.50
2014.10.16 12:21:34.646,0.83732,0.83761,1.87,1.82
2014.10.16 12:21:34.949,0.8373,0.83757,1.15,1.67
2014.10.16 12:21:35.050,0.8373,0.83753,1.15,1.00
2014.10.16 12:21:35.353,0.83727,0.83757,1.15,3.07
2014.10.16 12:21:36.062,0.83724,0.83751,2.70,1.35
2014.10.16 12:21:36.163,0.83724,0.83751,2.32,2.05
2014.10.16 12:21:36.365,0.83721,0.83746,2.32,1.30
2014.10.16 12:21:36.416,0.8372,0.83746,1.65,1.12
2014.10.16 12:21:36.719,0.8372,0.83745,2.32,1.30
2014.10.16 12:21:37.977,0.8372,0.83744,3.07,1.30
2014.10.16 12:21:38.586,0.8372,0.83745,2.32,1.30
2014.10.16 12:21:39.335,0.8372,0.83744,3.07,1.30
2014.10.16 12:21:39.853,0.83719,0.83742,1.15,1.30
2014.10.16 12:21:40.054,0.83717,0.83742,1.15,1.05
2014.10.16 12:21:40.562,0.83717,0.83742,1.15,1.42
2014.10.16 12:21:41.030,0.83715,0.83741,1.15,1.50
2014.10.16 12:21:41.631,0.83715,0.83739,3.45,1.30
2014.10.16 12:21:41.934,0.83715,0.8374,1.52,1.05
2014.10.16 12:21:42.035,0.83715,0.83743,4.20,1.80
2014.10.16 12:21:42.603,0.83715,0.83743,3.82,1.75
2014.10.16 12:21:42.654,0.83715,0.83742,1.15,2.25
2014.10.16 12:21:44.389,0.83713,0.83736,1.27,1.30
2014.10.16 12:21:44.540,0.83713,0.83737,1.17,1.12
2014.10.16 12:21:44.853,0.8371,0.83731,1.27,1.00
2014.10.16 12:21:44.954,0.8371,0.83735,1.27,1.00
2014.10.16 12:21:45.458,0.8371,0.83734,1.15,1.30
2014.10.16 12:21:45.742,0.8371,0.83734,1.00,1.45
2014.10.16 12:21:46.066,0.8371,0.83731,1.00,1.00
2014.10.16 12:21:46.597,0.83705,0.83731,2.77,1.00
2014.10.16 12:21:47.157,0.8371,0.83731,1.00,1.00
2014.10.16 12:21:47.388,0.8371,0.83735,1.00,2.25
2014.10.16 12:21:47.950,0.83709,0.83733,1.20,1.12
2014.10.16 12:21:49.390,0.83709,0.83734,1.57,1.45
2014.10.16 12:21:49.693,0.83715,0.83735,1.00,1.10
2014.10.16 12:21:50.039,0.83713,0.83737,1.10,1.45
2014.10.16 12:21:51.578,0.83715,0.83739,1.00,1.87
2014.10.16 12:21:51.680,0.83717,0.8374,1.00,1.82
2014.10.16 12:21:52.194,0.83713,0.83739,1.15,1.55
2014.10.16 12:21:52.754,0.83713,0.83739,1.10,1.52
2014.10.16 12:21:54.599,0.83714,0.83739,1.00,1.82
2014.10.16 12:21:55.238,0.83711,0.83737,1.27,1.15
2014.10.16 12:21:56.659,0.8371,0.83735,1.15,2.17
2014.10.16 12:21:57.176,0.83709,0.83735,1.27,1.10
2014.10.16 12:21:57.687,0.83714,0.83736,1.00,1.50
2014.10.16 12:21:58.268,0.8371,0.83736,1.15,2.25
2014.10.16 12:22:00.583,0.83708,0.83733,2.70,1.00
2014.10.16 12:22:00.684,0.83709,0.83735,1.27,1.10
2014.10.16 12:22:02.202,0.83714,0.83739,1.37,1.27
2014.10.16 12:22:02.405,0.83711,0.83737,1.87,1.20
2014.10.16 12:22:02.456,0.83716,0.83739,1.00,1.52
2014.10.16 12:22:03.995,0.83713,0.83736,1.12,1.00
2014.10.16 12:22:04.530,0.83713,0.83739,1.87,2.02
2014.10.16 12:22:05.320,0.83715,0.83739,1.00,1.27
2014.10.16 12:22:05.623,0.83715,0.8374,1.45,1.15
2014.10.16 12:22:05.825,0.83717,0.83743,1.15,1.27
2014.10.16 12:22:08.716,0.83721,0.83747,1.00,4.20
2014.10.16 12:22:09.792,0.8372,0.83743,1.07,1.10
2014.10.16 12:22:09.893,0.8372,0.83745,1.00,1.65
2014.10.16 12:22:09.994,0.8372,0.83745,2.25,1.17
2014.10.16 12:22:11.300,0.8372,0.83745,1.00,1.52
2014.10.16 12:22:11.401,0.83717,0.83742,1.17,1.17
2014.10.16 12:22:11.452,0.83716,0.83739,1.27,1.00
2014.10.16 12:22:11.920,0.83714,0.83739,1.65,1.15
2014.10.16 12:22:12.021,0.83715,0.83736,1.00,1.15
2014.10.16 12:22:12.173,0.83711,0.83736,1.12,1.15
2014.10.16 12:22:12.324,0.83711,0.83732,1.12,1.00
2014.10.16 12:22:12.681,0.83709,0.83735,1.15,1.20
2014.10.16 12:22:12.984,0.83706,0.8373,5.62,1.00
2014.10.16 12:22:13.085,0.83707,0.83733,1.27,1.00
2014.10.16 12:22:13.236,0.83711,0.83737,1.20,1.27
2014.10.16 12:22:13.337,0.83715,0.83739,1.00,1.52
2014.10.16 12:22:13.438,0.83711,0.83737,1.20,1.15
2014.10.16 12:22:14.415,0.83711,0.83737,1.27,1.10
2014.10.16 12:22:14.969,0.83716,0.83741,1.00,1.52
2014.10.16 12:22:15.487,0.83713,0.83739,1.17,1.55
2014.10.16 12:22:15.789,0.83718,0.8374,1.00,1.17
2014.10.16 12:22:16.041,0.83718,0.83743,1.15,1.65
2014.10.16 12:22:16.142,0.83718,0.83743,1.00,1.65
2014.10.16 12:22:16.445,0.8372,0.83741,1.00,1.15
2014.10.16 12:22:16.546,0.83717,0.83743,1.10,1.87
2014.10.16 12:22:16.849,0.83715,0.83736,1.15,1.00
2014.10.16 12:22:16.950,0.83715,0.8374,1.00,1.87
2014.10.16 12:22:17.228,0.83715,0.8374,1.17,1.10
2014.10.16 12:22:17.644,0.83712,0.8374,1.15,1.15
2014.10.16 12:22:18.513,0.8371,0.83734,2.32,1.00
2014.10.16 12:22:18.825,0.83711,0.83735,1.17,1.27
2014.10.16 12:22:19.361,0.8371,0.83733,1.15,1.00
2014.10.16 12:22:19.462,0.8371,0.83733,1.00,1.15
2014.10.16 12:22:19.513,0.83707,0.83733,1.27,1.15
2014.10.16 12:22:20.487,0.8371,0.83733,1.00,1.15
2014.10.16 12:22:21.652,0.8371,0.83733,1.15,1.00
2014.10.16 12:22:21.904,0.83711,0.83737,1.27,1.10
2014.10.16 12:22:22.055,0.83716,0.83735,1.00,1.35
2014.10.16 12:22:22.156,0.8371,0.83735,1.65,1.20
2014.10.16 12:22:22.459,0.83711,0.83737,1.15,1.00
2014.10.16 12:22:22.913,0.83718,0.83743,1.00,2.32
2014.10.16 12:22:23.115,0.83715,0.83741,1.17,1.15
2014.10.16 12:22:23.165,0.83715,0.83741,3.07,1.00
2014.10.16 12:22:23.267,0.83719,0.83745,1.15,1.10
2014.10.16 12:22:23.469,0.83718,0.83743,2.32,1.00
2014.10.16 12:22:23.771,0.83721,0.83747,1.15,1.15
2014.10.16 12:22:24.538,0.83721,0.83747,1.00,4.20
2014.10.16 12:22:24.740,0.83717,0.83743,1.15,1.17
2014.10.16 12:22:25.525,0.83715,0.83738,1.27,1.00
2014.10.16 12:22:25.626,0.83715,0.83741,2.02,1.00
2014.10.16 12:22:26.438,0.83718,0.83745,1.17,1.15
2014.10.16 12:22:26.939,0.83715,0.83741,1.65,1.00
2014.10.16 12:22:27.238,0.83719,0.83745,1.15,1.17
2014.10.16 12:22:27.540,0.83725,0.83748,1.10,1.27
2014.10.16 12:22:28.930,0.8372,0.83742,2.70,1.00
2014.10.16 12:22:29.031,0.8372,0.83745,2.70,1.00
2014.10.16 12:22:29.363,0.8372,0.83741,2.32,1.00
2014.10.16 12:22:29.464,0.83716,0.83741,3.45,1.00
2014.10.16 12:22:29.616,0.8372,0.83743,1.17,1.00
2014.10.16 12:22:29.717,0.83716,0.83738,3.07,1.00
2014.10.16 12:22:29.768,0.83716,0.83738,1.15,1.00
2014.10.16 12:22:29.869,0.83716,0.83737,1.00,1.10
2014.10.16 12:22:29.920,0.83711,0.83737,2.25,1.10
2014.10.16 12:22:30.470,0.83715,0.83739,1.00,1.15
2014.10.16 12:22:31.106,0.83713,0.83739,1.17,1.15
2014.10.16 12:22:31.258,0.83719,0.83742,1.00,2.32
2014.10.16 12:22:31.359,0.83715,0.83741,1.00,1.15
2014.10.16 12:22:32.893,0.8371,0.83737,2.02,1.10
2014.10.16 12:22:33.552,0.83713,0.83739,1.15,1.00
2014.10.16 12:22:33.855,0.8372,0.83746,1.17,2.02
2014.10.16 12:22:36.005,0.8372,0.8374,1.17,1.00
2014.10.16 12:22:36.107,0.8372,0.83743,1.17,1.10
2014.10.16 12:22:36.361,0.8372,0.83743,1.15,1.00
2014.10.16 12:22:36.519,0.83721,0.83747,1.15,1.55
2014.10.16 12:22:37.182,0.83718,0.83743,3.67,1.00
2014.10.16 12:22:37.384,0.8372,0.83743,1.17,1.10
2014.10.16 12:22:38.178,0.83716,0.8374,2.70,1.00
2014.10.16 12:22:38.279,0.83717,0.83743,1.52,1.10
2014.10.16 12:22:38.710,0.83716,0.8374,2.70,1.00
2014.10.16 12:22:38.962,0.83717,0.83743,1.27,1.10
2014.10.16 12:22:40.090,0.8372,0.83743,1.00,1.15
2014.10.16 12:22:40.616,0.83717,0.83743,1.17,1.27
2014.10.16 12:22:41.157,0.83719,0.83743,1.00,1.27
2014.10.16 12:22:41.467,0.83715,0.83738,1.27,1.00
2014.10.16 12:22:41.597,0.83715,0.83741,2.02,1.17
2014.10.16 12:22:41.980,0.8372,0.83741,1.00,1.17
2014.10.16 12:22:42.496,0.8372,0.83741,1.20,1.00
2014.10.16 12:22:42.602,0.83722,0.83747,1.15,2.02
2014.10.16 12:22:42.703,0.83725,0.83747,1.15,1.00
2014.10.16 12:22:42.804,0.83727,0.8375,1.10,2.25
2014.10.16 12:22:43.324,0.83727,0.8375,1.15,1.00
2014.10.16 12:22:43.425,0.83727,0.8375,1.10,1.17
2014.10.16 12:22:43.929,0.83728,0.8375,1.00,1.17
2014.10.16 12:22:44.817,0.83725,0.83751,1.27,1.15
2014.10.16 12:22:45.175,0.83725,0.83751,1.27,1.07
2014.10.16 12:22:45.326,0.83725,0.83751,3.45,1.00
2014.10.16 12:22:47.510,0.8373,0.83755,1.10,1.27
2014.10.16 12:22:49.494,0.83727,0.83753,1.07,1.52
2014.10.16 12:22:49.545,0.83727,0.83753,1.10,2.25
2014.10.16 12:22:54.028,0.83725,0.83747,1.07,1.10
2014.10.16 12:22:54.078,0.83725,0.83747,1.00,1.55
2014.10.16 12:22:54.129,0.83725,0.83744,1.00,1.07
2014.10.16 12:22:54.179,0.8372,0.83744,1.10,1.15
2014.10.16 12:22:54.734,0.8372,0.83746,1.65,2.25
2014.10.16 12:22:54.785,0.8372,0.83746,1.65,2.25
2014.10.16 12:22:56.237,0.8372,0.83746,1.07,2.25
2014.10.16 12:22:56.287,0.8372,0.83746,1.10,2.25
2014.10.16 12:22:57.439,0.83715,0.83739,3.45,1.00
2014.10.16 12:22:57.642,0.83717,0.83742,1.15,1.10
2014.10.16 12:22:57.907,0.83717,0.83742,1.07,1.17
2014.10.16 12:22:58.008,0.83717,0.83742,1.10,1.15
2014.10.16 12:22:59.496,0.83713,0.83739,1.50,1.15
2014.10.16 12:23:00.306,0.83715,0.83739,1.00,1.27
2014.10.16 12:23:00.826,0.83712,0.83736,2.47,1.10
2014.10.16 12:23:01.129,0.83718,0.8374,1.10,1.42
2014.10.16 12:23:01.658,0.83715,0.83739,1.15,1.30
2014.10.16 12:23:01.709,0.83715,0.83739,1.10,1.45
2014.10.16 12:23:03.752,0.83715,0.83741,1.65,2.25
2014.10.16 12:23:04.110,0.83719,0.83744,1.17,1.50
2014.10.16 12:23:04.161,0.83723,0.83745,1.00,1.82
2014.10.16 12:23:04.531,0.83719,0.83745,1.17,2.25
2014.10.16 12:23:05.270,0.83721,0.83747,1.00,2.25
2014.10.16 12:23:05.523,0.83725,0.83748,1.00,1.50
2014.10.16 12:23:05.725,0.83721,0.83747,1.10,1.15
2014.10.16 12:23:06.980,0.83721,0.83747,1.47,1.15
2014.10.16 12:23:07.031,0.83721,0.83747,1.52,1.17
2014.10.16 12:23:08.437,0.83721,0.83747,1.10,1.52
2014.10.16 12:23:09.878,0.83716,0.83739,3.45,1.00
2014.10.16 12:23:10.030,0.83717,0.83743,1.52,1.10
2014.10.16 12:23:11.546,0.8372,0.83747,1.27,1.37
2014.10.16 12:23:13.310,0.83719,0.83745,3.45,1.00
2014.10.16 12:23:13.764,0.83715,0.8374,4.95,1.00
2014.10.16 12:23:13.865,0.83717,0.83743,1.15,1.17
2014.10.16 12:23:15.128,0.83719,0.83745,1.27,1.07
2014.10.16 12:23:15.179,0.83719,0.83745,3.45,1.00
2014.10.16 12:23:15.482,0.83722,0.83747,2.70,1.00
2014.10.16 12:23:15.986,0.83723,0.83747,1.55,1.05
2014.10.16 12:23:16.968,0.8372,0.83745,2.02,1.00
2014.10.16 12:23:17.069,0.83723,0.83747,1.55,1.05
2014.10.16 12:23:18.346,0.83725,0.83747,1.00,1.05
2014.10.16 12:23:19.682,0.83723,0.83747,1.27,1.05
2014.10.16 12:23:20.693,0.83725,0.83747,1.00,1.05
2014.10.16 12:23:21.689,0.83723,0.83749,1.27,1.87
2014.10.16 12:23:22.206,0.83725,0.83747,1.00,1.80
2014.10.16 12:23:23.122,0.83724,0.83749,1.20,1.15
2014.10.16 12:23:23.638,0.83725,0.83748,1.50,1.12
2014.10.16 12:23:23.790,0.83724,0.83746,1.00,1.15
2014.10.16 12:23:23.891,0.83721,0.83746,1.20,1.15
2014.10.16 12:23:23.992,0.83725,0.83746,1.00,1.87
2014.10.16 12:23:24.416,0.83721,0.83746,1.20,1.87
2014.10.16 12:23:25.501,0.83718,0.83741,2.70,1.00
2014.10.16 12:23:25.610,0.83719,0.83745,1.15,1.72
2014.10.16 12:23:25.997,0.83719,0.83745,1.15,2.25
2014.10.16 12:23:26.533,0.83722,0.83745,1.00,1.50
2014.10.16 12:23:28.497,0.83717,0.83742,1.27,1.00
2014.10.16 12:23:29.006,0.8372,0.83743,1.17,1.80
2014.10.16 12:23:29.816,0.8372,0.83745,1.52,1.72
2014.10.16 12:23:30.119,0.83722,0.83748,2.70,1.72
2014.10.16 12:23:30.270,0.83727,0.8375,1.10,1.42
2014.10.16 12:23:30.421,0.83727,0.83748,1.10,1.30
2014.10.16 12:23:30.957,0.83727,0.83749,1.10,1.30
2014.10.16 12:23:31.260,0.83727,0.83746,1.00,1.30
2014.10.16 12:23:32.294,0.83727,0.83743,1.00,1.30
2014.10.16 12:23:32.446,0.83724,0.83743,1.17,1.30
2014.10.16 12:23:32.647,0.83724,0.83745,1.27,1.30
2014.10.16 12:23:32.698,0.83724,0.83745,1.27,1.30
2014.10.16 12:23:32.749,0.83724,0.83748,3.45,1.72
2014.10.16 12:23:32.951,0.83728,0.83752,1.17,1.27
2014.10.16 12:23:33.001,0.83734,0.83752,1.00,1.17
2014.10.16 12:23:33.102,0.83735,0.83753,1.00,1.30
2014.10.16 12:23:33.203,0.83732,0.83753,1.17,1.30
2014.10.16 12:23:33.355,0.83735,0.83753,1.00,1.30
2014.10.16 12:23:33.405,0.83735,0.83755,1.00,1.05
2014.10.16 12:23:34.176,0.83735,0.83755,1.50,1.12
2014.10.16 12:23:34.429,0.83732,0.83752,1.00,1.05
2014.10.16 12:23:34.681,0.83732,0.83751,1.00,1.37
2014.10.16 12:23:34.882,0.83728,0.8375,1.50,1.12
2014.10.16 12:23:34.984,0.8373,0.8375,1.00,1.12
2014.10.16 12:23:35.396,0.83728,0.8375,1.50,1.12
2014.10.16 12:23:35.927,0.83728,0.83749,1.50,1.50
2014.10.16 12:23:35.978,0.83724,0.83749,1.00,2.25
2014.10.16 12:23:36.029,0.83724,0.83747,1.00,1.50
2014.10.16 12:23:36.130,0.8372,0.83742,1.10,1.00
2014.10.16 12:23:36.518,0.83719,0.83743,1.00,1.45
2014.10.16 12:23:36.938,0.83725,0.83743,1.00,1.45
2014.10.16 12:23:37.049,0.83722,0.83743,1.00,1.45
2014.10.16 12:23:39.406,0.83717,0.83743,2.02,1.87
2014.10.16 12:23:40.178,0.83721,0.83741,1.00,1.12
2014.10.16 12:23:40.855,0.8372,0.8374,1.00,1.05
2014.10.16 12:23:41.116,0.83717,0.83739,1.17,1.00
2014.10.16 12:23:41.469,0.8372,0.83739,1.00,1.00
2014.10.16 12:23:42.220,0.83719,0.83739,1.00,1.00
2014.10.16 12:23:42.729,0.8372,0.83739,1.00,1.00
2014.10.16 12:23:43.240,0.8372,0.83741,1.00,1.87
2014.10.16 12:23:44.085,0.83717,0.8374,1.17,1.05
2014.10.16 12:23:45.185,0.8372,0.8374,1.00,1.05
2014.10.16 12:23:45.337,0.83716,0.8374,1.27,1.05
2014.10.16 12:23:45.740,0.83715,0.83738,1.15,1.00
2014.10.16 12:23:46.138,0.8372,0.83738,1.00,1.72
2014.10.16 12:23:46.390,0.8372,0.8374,1.00,1.05
2014.10.16 12:23:46.944,0.8372,0.83742,1.17,1.00
2014.10.16 12:23:47.298,0.83723,0.83743,1.00,1.05
2014.10.16 12:23:47.500,0.83723,0.83746,1.17,1.30
2014.10.16 12:23:47.858,0.83727,0.83746,1.00,1.30
2014.10.16 12:23:48.161,0.83723,0.83743,1.17,1.30
2014.10.16 12:23:48.477,0.83723,0.83745,1.15,1.30
2014.10.16 12:23:48.780,0.83728,0.83748,1.15,1.30
2014.10.16 12:23:49.032,0.83728,0.83751,1.07,1.75
2014.10.16 12:23:49.083,0.83728,0.83751,1.00,1.82
2014.10.16 12:23:49.486,0.83725,0.83751,1.65,1.00
2014.10.16 12:23:49.689,0.83725,0.83749,1.65,1.30
2014.10.16 12:23:49.790,0.83725,0.83749,1.65,1.05
2014.10.16 12:23:52.043,0.8373,0.83749,1.00,1.05
2014.10.16 12:23:52.363,0.83725,0.83749,1.65,1.05
2014.10.16 12:23:54.763,0.83725,0.83748,1.65,1.30
2014.10.16 12:23:55.946,0.83725,0.83748,1.65,1.35
2014.10.16 12:23:56.098,0.83725,0.83746,1.10,1.30
2014.10.16 12:23:56.199,0.83722,0.83747,1.47,1.15
2014.10.16 12:23:56.502,0.83725,0.83747,1.15,1.30
2014.10.16 12:23:57.006,0.83725,0.83748,1.15,1.30
2014.10.16 12:23:57.510,0.83725,0.83749,1.15,1.80
2014.10.16 12:23:59.441,0.83722,0.83745,3.45,1.00
2014.10.16 12:23:59.542,0.83727,0.83749,1.10,1.05
2014.10.16 12:24:00.496,0.83726,0.83749,2.32,1.00
2014.10.16 12:24:00.647,0.83727,0.83751,1.52,1.30
2014.10.16 12:24:00.698,0.83727,0.83753,1.52,1.00
2014.10.16 12:24:00.900,0.8373,0.83754,1.10,1.37
2014.10.16 12:24:01.404,0.83727,0.83753,1.27,1.87
2014.10.16 12:24:03.176,0.83725,0.83748,1.52,1.00
2014.10.16 12:24:03.277,0.83725,0.83751,2.02,1.80
2014.10.16 12:24:04.038,0.83731,0.83755,1.00,1.45
2014.10.16 12:24:04.189,0.83727,0.83753,1.27,1.15
2014.10.16 12:24:06.458,0.83725,0.83749,2.02,1.00
2014.10.16 12:24:06.609,0.83727,0.83753,1.27,1.15
2014.10.16 12:24:07.559,0.8373,0.83753,1.00,1.15
2014.10.16 12:24:08.008,0.83732,0.83756,1.00,3.67
2014.10.16 12:24:08.109,0.83727,0.83753,2.25,1.15
2014.10.16 12:24:08.160,0.83727,0.83753,2.25,1.00
2014.10.16 12:24:08.755,0.8373,0.83758,1.57,2.25
2014.10.16 12:24:09.057,0.8373,0.83756,1.00,4.42
2014.10.16 12:24:09.634,0.83727,0.83753,1.27,1.87
2014.10.16 12:24:10.324,0.8373,0.83753,1.00,1.87
2014.10.16 12:24:10.476,0.83725,0.83748,1.17,1.10
2014.10.16 12:24:10.577,0.83725,0.83746,1.17,1.00
2014.10.16 12:24:10.678,0.83725,0.83749,1.17,1.17
2014.10.16 12:24:10.981,0.83725,0.83745,1.00,1.00
2014.10.16 12:24:11.184,0.8372,0.83745,2.02,1.00
2014.10.16 12:24:11.701,0.83724,0.83747,1.00,1.12
2014.10.16 12:24:12.239,0.83725,0.83745,1.00,1.30
2014.10.16 12:24:14.736,0.83725,0.83749,1.50,1.45
2014.10.16 12:24:15.015,0.83725,0.83745,1.00,1.07
2014.10.16 12:24:15.687,0.8373,0.83747,1.00,1.15
2014.10.16 12:24:15.738,0.8373,0.83747,1.00,1.17
2014.10.16 12:24:16.040,0.8373,0.83752,1.00,1.45
2014.10.16 12:24:16.393,0.83728,0.83753,1.00,3.07
2014.10.16 12:24:16.595,0.8373,0.83753,1.00,3.07
2014.10.16 12:24:16.797,0.8373,0.83753,1.52,1.00
2014.10.16 12:24:16.898,0.83735,0.83758,1.00,1.15
2014.10.16 12:24:16.999,0.83735,0.83757,1.10,1.10
2014.10.16 12:24:17.697,0.83735,0.83757,1.00,1.15
2014.10.16 12:24:18.121,0.83731,0.83757,1.55,1.15
2014.10.16 12:24:18.490,0.83731,0.83751,1.55,1.00
2014.10.16 12:24:18.668,0.83731,0.83755,1.55,1.10
2014.10.16 12:24:19.159,0.83731,0.83755,1.55,1.00
2014.10.16 12:24:21.558,0.8373,0.83752,4.20,1.00
2014.10.16 12:24:21.659,0.8373,0.83755,4.20,1.00
2014.10.16 12:24:22.091,0.83736,0.83759,1.00,1.50
2014.10.16 12:24:23.306,0.83731,0.83757,1.52,1.10
2014.10.16 12:24:23.357,0.8373,0.83755,4.20,1.00
2014.10.16 12:24:25.297,0.83735,0.83756,1.10,1.30
2014.10.16 12:24:25.802,0.83735,0.83757,1.10,1.10
2014.10.16 12:24:26.317,0.83731,0.83755,1.52,1.00
2014.10.16 12:24:26.630,0.83731,0.83752,1.52,1.00
2014.10.16 12:24:26.781,0.83733,0.83759,1.15,1.87
2014.10.16 12:24:26.882,0.83733,0.83759,1.07,4.05
2014.10.16 12:24:27.084,0.83731,0.83757,1.55,1.15
2014.10.16 12:24:27.236,0.83735,0.83757,1.00,1.15
2014.10.16 12:24:27.337,0.83735,0.83757,1.17,1.00
2014.10.16 12:24:27.438,0.83737,0.83763,1.47,1.65
2014.10.16 12:24:27.489,0.83737,0.83763,1.52,1.57
2014.10.16 12:24:28.000,0.83741,0.83765,1.00,1.45
2014.10.16 12:24:29.703,0.8374,0.83763,1.20,1.10
2014.10.16 12:24:33.597,0.83737,0.83759,1.07,1.05
2014.10.16 12:24:33.648,0.83734,0.83759,1.65,1.05
2014.10.16 12:24:33.699,0.83734,0.83754,1.15,1.30
2014.10.16 12:24:33.800,0.83734,0.83754,1.00,1.30
2014.10.16 12:24:33.901,0.8373,0.83753,1.15,1.00
2014.10.16 12:24:34.002,0.83729,0.83752,1.65,1.05
2014.10.16 12:24:34.275,0.83735,0.83752,1.00,1.05
2014.10.16 12:24:34.627,0.8373,0.83756,1.57,1.15
2014.10.16 12:24:35.060,0.83735,0.83756,1.00,1.87
2014.10.16 12:24:35.211,0.83735,0.8376,1.12,3.07
2014.10.16 12:24:35.262,0.83735,0.8376,1.37,3.07
2014.10.16 12:24:35.312,0.83738,0.83761,1.10,1.12
2014.10.16 12:24:35.615,0.8374,0.83763,1.00,1.45
2014.10.16 12:24:36.236,0.8374,0.83763,1.17,1.05
2014.10.16 12:24:36.438,0.8374,0.83764,1.00,1.87
2014.10.16 12:24:36.834,0.83738,0.83763,1.10,1.45
2014.10.16 12:24:36.945,0.8374,0.83763,1.00,1.45
2014.10.16 12:24:37.523,0.83745,0.83755,1.00,1.00
2014.10.16 12:24:37.624,0.83735,0.83749,1.30,1.00
2014.10.16 12:24:37.675,0.83734,0.83744,1.12,1.30
2014.10.16 12:24:37.826,0.83718,0.83742,1.00,2.25
2014.10.16 12:24:37.877,0.83714,0.8374,1.50,1.75
2014.10.16 12:24:37.928,0.83721,0.83738,1.00,2.32
2014.10.16 12:24:38.180,0.83709,0.83725,1.00,1.00
2014.10.16 12:24:38.231,0.83709,0.83719,1.00,1.30
2014.10.16 12:24:38.281,0.83705,0.83719,1.00,1.30
2014.10.16 12:24:38.332,0.83701,0.83715,1.00,1.30
2014.10.16 12:24:38.585,0.83689,0.83715,1.70,1.45
2014.10.16 12:24:38.635,0.83689,0.83713,1.10,2.32
2014.10.16 12:24:38.787,0.8368,0.83707,1.10,1.45
2014.10.16 12:24:38.939,0.83675,0.83704,3.82,1.45
2014.10.16 12:24:38.990,0.83675,0.83701,1.65,1.12
2014.10.16 12:24:39.041,0.83673,0.83701,2.25,1.50
2014.10.16 12:24:39.091,0.83672,0.83701,1.07,3.67
2014.10.16 12:24:39.142,0.83672,0.83696,1.07,2.32
2014.10.16 12:24:39.193,0.83663,0.83694,1.45,2.32
2014.10.16 12:24:39.454,0.83662,0.83688,2.25,1.37
2014.10.16 12:24:39.605,0.83663,0.83691,1.17,1.45
2014.10.16 12:24:39.858,0.83663,0.83687,1.07,1.12
2014.10.16 12:24:39.909,0.83657,0.83687,1.30,1.45
2014.10.16 12:24:39.959,0.83657,0.8368,1.30,1.00
2014.10.16 12:24:40.211,0.8365,0.83675,1.00,1.30
2014.10.16 12:24:40.313,0.8365,0.83673,1.00,1.30
2014.10.16 12:24:40.615,0.8365,0.83671,1.00,1.12
2014.10.16 12:24:40.716,0.8365,0.83671,1.00,1.30
2014.10.16 12:24:40.817,0.83648,0.83671,1.00,1.30
2014.10.16 12:24:40.969,0.83648,0.83664,1.00,1.30
2014.10.16 12:24:41.070,0.83642,0.83665,1.00,1.30
2014.10.16 12:24:41.222,0.83641,0.83662,1.00,1.30
2014.10.16 12:24:41.562,0.83635,0.83665,1.10,1.37
2014.10.16 12:24:42.084,0.83634,0.83663,1.12,1.45
2014.10.16 12:24:42.367,0.8364,0.83663,1.00,1.45
2014.10.16 12:24:42.676,0.83634,0.83662,1.37,1.12
2014.10.16 12:24:42.777,0.8364,0.83662,1.00,1.12
2014.10.16 12:24:42.929,0.83635,0.83662,1.37,1.12
2014.10.16 12:24:43.139,0.8364,0.83662,1.00,1.12
2014.10.16 12:24:44.095,0.83645,0.83662,1.00,1.12
2014.10.16 12:24:44.297,0.83645,0.83668,1.12,1.12
2014.10.16 12:24:44.398,0.83645,0.8367,1.12,1.30
2014.10.16 12:24:44.701,0.83645,0.8367,1.27,1.12
2014.10.16 12:24:45.003,0.8365,0.83674,1.00,2.70
2014.10.16 12:24:45.643,0.83649,0.83673,1.00,1.50
2014.10.16 12:24:46.179,0.8365,0.83673,1.00,1.50
2014.10.16 12:24:48.944,0.83655,0.83673,1.00,1.45
2014.10.16 12:24:49.197,0.8365,0.83671,1.00,2.32
2014.10.16 12:24:49.298,0.83645,0.8367,1.00,2.32
2014.10.16 12:24:49.399,0.8365,0.8367,1.00,3.67
2014.10.16 12:24:50.238,0.8365,0.83668,1.00,1.05
2014.10.16 12:24:50.345,0.8365,0.83666,1.00,1.30
2014.10.16 12:24:50.914,0.83645,0.83669,1.00,1.50
2014.10.16 12:24:51.070,0.8365,0.83668,1.00,1.45
2014.10.16 12:24:51.272,0.8365,0.83672,1.00,1.45
2014.10.16 12:24:51.373,0.83655,0.83671,1.00,1.45
2014.10.16 12:24:51.828,0.83649,0.83674,1.00,2.32
2014.10.16 12:24:52.332,0.8365,0.83674,1.00,2.32
2014.10.16 12:24:52.584,0.83655,0.83674,1.00,2.32
2014.10.16 12:24:52.685,0.83655,0.83675,1.00,1.45
2014.10.16 12:24:53.249,0.8365,0.83674,1.10,1.45
2014.10.16 12:24:53.451,0.83655,0.83674,1.00,1.45
2014.10.16 12:24:53.753,0.83655,0.83679,1.00,1.45
2014.10.16 12:24:53.855,0.83655,0.83679,1.52,1.30
2014.10.16 12:24:54.158,0.8366,0.83679,1.00,1.30
2014.10.16 12:24:54.461,0.83665,0.83685,1.00,2.70
2014.10.16 12:24:54.562,0.8366,0.83685,1.00,2.70
2014.10.16 12:24:54.765,0.8366,0.83682,1.00,2.32
2014.10.16 12:24:55.071,0.8366,0.83679,1.00,2.32
2014.10.16 12:24:55.396,0.8366,0.83675,1.00,2.32
2014.10.16 12:24:55.648,0.8365,0.83668,1.00,2.32
2014.10.16 12:24:56.656,0.8365,0.83671,1.00,2.32
2014.10.16 12:24:58.331,0.8365,0.83672,1.00,2.32
2014.10.16 12:24:58.857,0.8365,0.83671,1.00,2.32
2014.10.16 12:24:59.211,0.83645,0.83671,2.10,2.32
2014.10.16 12:24:59.312,0.8365,0.83671,1.00,2.32
2014.10.16 12:25:00.149,0.8365,0.83673,1.00,2.32
2014.10.16 12:25:00.354,0.8365,0.83674,1.00,1.50
2014.10.16 12:25:00.966,0.8365,0.83674,1.07,1.12
2014.10.16 12:25:01.496,0.8365,0.83674,1.00,1.45
2014.10.16 12:25:01.904,0.8365,0.83673,1.00,1.82
2014.10.16 12:25:02.206,0.8365,0.83669,1.00,1.45
2014.10.16 12:25:02.427,0.83645,0.83669,1.00,1.50
2014.10.16 12:25:02.895,0.8365,0.83669,1.00,1.50
2014.10.16 12:25:03.352,0.8365,0.83673,1.00,3.67
2014.10.16 12:25:03.503,0.8365,0.83671,1.00,2.70
2014.10.16 12:25:03.756,0.83645,0.8367,1.17,1.50
2014.10.16 12:25:04.008,0.8365,0.8367,1.00,1.82
2014.10.16 12:25:04.159,0.8365,0.83675,1.00,2.32
2014.10.16 12:25:04.260,0.8365,0.83676,1.20,1.45
2014.10.16 12:25:05.223,0.83655,0.83677,1.00,1.82
2014.10.16 12:25:05.745,0.83654,0.83677,1.00,1.45
2014.10.16 12:25:06.260,0.83655,0.83676,1.00,1.45
2014.10.16 12:25:06.512,0.8365,0.83676,1.55,1.37
2014.10.16 12:25:06.562,0.8365,0.83676,1.52,1.05
2014.10.16 12:25:06.874,0.83655,0.83676,1.00,1.05
2014.10.16 12:25:08.164,0.8365,0.83676,1.52,1.05
2014.10.16 12:25:08.266,0.8365,0.83674,1.27,1.30
2014.10.16 12:25:08.568,0.83655,0.83676,1.00,1.05
2014.10.16 12:25:09.148,0.8365,0.83676,1.27,1.05
2014.10.16 12:25:09.249,0.83655,0.83676,1.00,1.05
2014.10.16 12:25:09.770,0.83655,0.83677,1.17,1.30
2014.10.16 12:25:10.151,0.8366,0.83677,1.00,1.30
2014.10.16 12:25:10.252,0.83655,0.83677,1.17,1.30
2014.10.16 12:25:10.766,0.83655,0.8368,1.17,1.45
2014.10.16 12:25:10.817,0.8366,0.8368,1.00,1.45
2014.10.16 12:25:10.918,0.8366,0.8368,1.10,1.30
2014.10.16 12:25:18.513,0.8366,0.83681,1.10,1.30
2014.10.16 12:25:18.564,0.8366,0.83681,1.07,1.30
2014.10.16 12:25:18.917,0.8366,0.83685,1.15,1.05
2014.10.16 12:25:19.169,0.83656,0.83683,2.70,1.42
2014.10.16 12:25:19.673,0.83655,0.83683,3.82,1.05
2014.10.16 12:25:19.976,0.83665,0.83693,2.02,1.45
2014.10.16 12:25:20.127,0.83665,0.83694,3.82,1.17
2014.10.16 12:25:20.380,0.83675,0.83696,1.00,1.07
2014.10.16 12:25:20.430,0.83675,0.83699,1.00,1.45
2014.10.16 12:25:20.481,0.83675,0.83701,1.07,1.45
2014.10.16 12:25:21.086,0.83672,0.83701,4.05,1.87
2014.10.16 12:25:22.215,0.83675,0.83703,1.52,1.45
2014.10.16 12:25:22.517,0.8368,0.83704,1.10,1.45
2014.10.16 12:25:25.010,0.83675,0.83702,3.45,1.50
2014.10.16 12:25:25.061,0.83675,0.83702,2.02,1.50
2014.10.16 12:25:31.116,0.83681,0.83702,2.10,1.50
2014.10.16 12:25:31.418,0.83681,0.837,2.10,1.50
2014.10.16 12:25:31.469,0.83681,0.83699,2.10,1.20
2014.10.16 12:25:31.872,0.83681,0.83699,2.10,1.15
2014.10.16 12:25:33.860,0.83681,0.837,2.10,1.45
2014.10.16 12:25:35.635,0.83681,0.837,2.10,1.12
2014.10.16 12:25:36.302,0.8368,0.83701,1.00,1.17
2014.10.16 12:25:36.859,0.83679,0.83704,3.37,1.12
2014.10.16 12:25:36.960,0.83679,0.83707,3.37,1.45
2014.10.16 12:25:37.264,0.83688,0.83707,2.10,1.17
2014.10.16 12:25:41.051,0.83688,0.8371,2.10,1.45
2014.10.16 12:25:41.473,0.83688,0.83711,2.10,1.87
2014.10.16 12:25:42.002,0.83688,0.8371,2.10,2.25
2014.10.16 12:25:42.103,0.83688,0.8371,2.10,2.25
2014.10.16 12:25:42.717,0.83681,0.83709,1.50,1.52
2014.10.16 12:25:42.768,0.83687,0.8371,1.00,1.52
2014.10.16 12:25:43.076,0.83689,0.83711,2.10,3.67
2014.10.16 12:25:43.582,0.83689,0.83711,2.10,2.25
2014.10.16 12:25:44.063,0.83687,0.83711,1.00,1.50
2014.10.16 12:25:44.164,0.8369,0.83711,2.10,1.50
2014.10.16 12:25:45.726,0.8369,0.83709,2.10,1.00
2014.10.16 12:25:46.315,0.8369,0.83712,2.10,2.25
2014.10.16 12:25:49.906,0.83691,0.83714,1.30,1.45
2014.10.16 12:25:50.108,0.83691,0.83716,1.12,1.12
2014.10.16 12:25:50.159,0.83696,0.83716,2.10,1.12
2014.10.16 12:25:50.411,0.83696,0.83721,2.25,1.10
2014.10.16 12:25:50.461,0.83704,0.83723,2.10,1.45
2014.10.16 12:25:50.613,0.83704,0.83723,2.10,1.30
2014.10.16 12:25:51.198,0.83699,0.83727,1.15,1.87
2014.10.16 12:25:51.299,0.83699,0.83726,1.00,2.32
2014.10.16 12:25:51.602,0.83693,0.83717,2.32,1.30
2014.10.16 12:25:51.904,0.83691,0.83713,2.32,1.30
2014.10.16 12:25:52.106,0.83688,0.83713,3.45,1.30
2014.10.16 12:25:52.157,0.83688,0.83711,3.45,1.00
2014.10.16 12:25:52.359,0.83688,0.83715,3.07,1.05
2014.10.16 12:25:52.902,0.83688,0.83714,2.32,1.00
2014.10.16 12:25:53.631,0.83688,0.83714,1.15,2.02
2014.10.16 12:25:53.783,0.83685,0.83708,2.70,1.00
2014.10.16 12:25:53.935,0.83683,0.83708,1.52,1.00
2014.10.16 12:25:54.036,0.83683,0.83715,1.52,3.45
2014.10.16 12:25:54.238,0.83685,0.83714,2.70,1.17
2014.10.16 12:25:54.795,0.83684,0.83713,1.15,1.15
2014.10.16 12:25:55.098,0.83686,0.83713,1.15,1.12
2014.10.16 12:25:56.417,0.83687,0.83716,2.70,2.25
2014.10.16 12:25:56.821,0.83687,0.83715,1.15,1.15
2014.10.16 12:25:57.201,0.8369,0.83716,1.15,1.12
2014.10.16 12:25:57.814,0.83687,0.83716,1.52,1.82
2014.10.16 12:25:58.466,0.83685,0.8371,2.70,1.30
2014.10.16 12:25:58.718,0.83682,0.83708,2.70,1.30
2014.10.16 12:25:58.920,0.8368,0.83706,1.87,1.30
2014.10.16 12:25:59.071,0.83689,0.83701,2.10,1.00
2014.10.16 12:25:59.172,0.8369,0.83706,2.92,1.00
2014.10.16 12:25:59.223,0.8369,0.83706,1.60,1.00
2014.10.16 12:25:59.274,0.8369,0.83716,2.10,3.67
2014.10.16 12:25:59.325,0.8369,0.83715,3.67,1.12
2014.10.16 12:25:59.628,0.83695,0.83711,1.00,1.30
2014.10.16 12:25:59.779,0.83695,0.83713,1.00,1.30
2014.10.16 12:25:59.880,0.8369,0.83714,1.15,1.05
2014.10.16 12:25:59.930,0.83691,0.83714,2.25,1.30
2014.10.16 12:26:00.132,0.83694,0.83719,1.10,1.15
2014.10.16 12:26:00.183,0.83698,0.8372,2.10,1.45
2014.10.16 12:26:00.233,0.83698,0.83722,2.10,1.87
2014.10.16 12:26:00.334,0.83698,0.83722,2.25,1.05
2014.10.16 12:26:00.788,0.83698,0.8372,2.25,1.30
2014.10.16 12:26:01.093,0.83698,0.83718,2.25,1.30
2014.10.16 12:26:01.445,0.83698,0.83716,2.25,1.30
2014.10.16 12:26:01.634,0.83698,0.83718,2.25,1.30
2014.10.16 12:26:02.116,0.83698,0.83721,2.25,1.30
2014.10.16 12:26:02.688,0.83699,0.83722,1.12,1.05
2014.10.16 12:26:03.100,0.83699,0.8372,1.12,1.30
2014.10.16 12:26:03.202,0.83699,0.83723,1.12,1.12
2014.10.16 12:26:03.253,0.83699,0.83723,1.12,1.30
2014.10.16 12:26:03.569,0.83698,0.83721,2.62,1.30
2014.10.16 12:26:07.059,0.83698,0.8372,2.62,1.30
2014.10.16 12:26:08.153,0.83699,0.83722,1.12,1.30
2014.10.16 12:26:08.254,0.837,0.83724,1.27,1.30
2014.10.16 12:26:08.565,0.83701,0.83726,2.70,1.30
2014.10.16 12:26:10.239,0.83701,0.83728,2.70,1.05
2014.10.16 12:26:11.864,0.83701,0.83726,2.70,1.30
2014.10.16 12:26:14.418,0.83701,0.83723,2.32,1.30
2014.10.16 12:26:14.469,0.83697,0.83723,4.87,1.30
2014.10.16 12:26:14.978,0.83697,0.83722,4.87,1.30
2014.10.16 12:26:16.286,0.83695,0.83722,4.80,1.30
2014.10.16 12:26:16.812,0.83695,0.83721,3.30,1.30
2014.10.16 12:26:17.321,0.83695,0.8372,2.70,1.30
2014.10.16 12:26:17.623,0.83697,0.83722,1.52,1.30
2014.10.16 12:26:17.825,0.83697,0.8372,1.52,1.30
2014.10.16 12:26:18.352,0.83695,0.83719,3.45,1.30
2014.10.16 12:26:18.656,0.83695,0.83717,3.45,1.30
2014.10.16 12:26:18.707,0.83695,0.83719,3.45,1.30
2014.10.16 12:26:18.808,0.83694,0.83719,1.52,1.30
2014.10.16 12:26:19.673,0.83695,0.83721,1.52,1.05
2014.10.16 12:26:19.774,0.83695,0.83721,3.45,1.30
2014.10.16 12:26:20.290,0.837,0.83722,1.15,1.30
2014.10.16 12:26:20.927,0.837,0.83723,1.15,1.30
2014.10.16 12:26:24.419,0.837,0.83725,1.15,1.42
2014.10.16 12:26:27.722,0.837,0.83724,1.27,1.30
2014.10.16 12:26:28.185,0.83697,0.83725,3.07,1.05
2014.10.16 12:26:28.236,0.83697,0.83725,1.15,1.87
2014.10.16 12:26:29.654,0.83695,0.83721,3.45,1.00
2014.10.16 12:26:30.326,0.83695,0.83722,4.20,1.05
2014.10.16 12:26:31.005,0.83698,0.83722,1.00,1.50
2014.10.16 12:26:32.925,0.83695,0.83719,1.15,1.00
2014.10.16 12:26:34.817,0.83697,0.83722,1.17,2.17
2014.10.16 12:26:34.919,0.83697,0.83722,1.27,1.10
2014.10.16 12:26:36.037,0.83697,0.83722,1.15,2.17
2014.10.16 12:26:36.289,0.83695,0.8372,1.15,2.25
2014.10.16 12:26:36.797,0.83695,0.8372,1.15,2.25
2014.10.16 12:26:40.578,0.83695,0.83717,1.15,1.35
2014.10.16 12:26:42.204,0.83695,0.83718,1.15,1.35
2014.10.16 12:26:43.045,0.83695,0.83719,1.07,1.55
2014.10.16 12:26:43.680,0.83695,0.83719,1.00,1.52
2014.10.16 12:26:44.313,0.83692,0.83717,1.15,1.17
2014.10.16 12:26:47.113,0.83689,0.83713,2.32,1.00
2014.10.16 12:26:47.215,0.83688,0.83713,1.15,1.20
2014.10.16 12:26:47.668,0.83686,0.8371,2.70,1.00
2014.10.16 12:26:47.719,0.83685,0.8371,3.00,1.10
2014.10.16 12:26:48.122,0.83685,0.8371,1.57,1.17
2014.10.16 12:26:51.626,0.83685,0.8371,1.17,1.07
2014.10.16 12:26:51.727,0.83685,0.8371,1.15,1.10
2014.10.16 12:26:55.908,0.83685,0.83709,1.15,1.30
2014.10.16 12:26:56.474,0.83685,0.8371,1.15,1.80
2014.10.16 12:26:57.013,0.83685,0.83709,1.15,1.30
2014.10.16 12:26:57.563,0.83685,0.8371,1.15,2.17
2014.10.16 12:26:58.318,0.83685,0.8371,1.15,2.17
2014.10.16 12:26:58.420,0.83685,0.8371,1.10,2.25
2014.10.16 12:27:00.075,0.83685,0.83709,1.10,3.67
2014.10.16 12:27:00.125,0.83681,0.83706,1.10,1.15
2014.10.16 12:27:00.629,0.83677,0.83702,1.15,1.07
2014.10.16 12:27:00.680,0.83677,0.83702,1.17,1.15
2014.10.16 12:27:06.710,0.83675,0.83699,1.27,1.00
2014.10.16 12:27:07.347,0.83678,0.83703,1.10,1.52
2014.10.16 12:27:09.467,0.83675,0.83699,1.15,1.00
2014.10.16 12:27:10.143,0.83672,0.83699,1.82,1.17
2014.10.16 12:27:11.213,0.8367,0.83697,4.20,1.27
2014.10.16 12:27:11.264,0.8367,0.83697,2.02,1.27
2014.10.16 12:27:14.213,0.83672,0.83698,1.30,1.52
2014.10.16 12:27:14.315,0.83672,0.83698,1.37,1.07
2014.10.16 12:27:14.365,0.83671,0.83699,3.67,1.17
2014.10.16 12:27:14.517,0.83671,0.83698,3.45,1.17
2014.10.16 12:27:14.567,0.8367,0.83698,2.25,1.65
2014.10.16 12:27:26.067,0.83668,0.83697,2.32,1.82
2014.10.16 12:27:26.269,0.83665,0.83694,3.45,2.25
2014.10.16 12:27:26.862,0.83665,0.83693,2.32,2.02
2014.10.16 12:27:27.165,0.83667,0.83693,2.32,1.20
2014.10.16 12:27:27.316,0.83666,0.83694,1.27,2.25
2014.10.16 12:27:30.760,0.83666,0.83693,1.17,1.15
2014.10.16 12:27:30.811,0.83666,0.83693,1.17,1.15
2014.10.16 12:27:31.459,0.83668,0.83693,1.00,1.27
2014.10.16 12:27:32.348,0.8367,0.83694,1.00,1.52
2014.10.16 12:27:33.214,0.8367,0.83697,1.15,2.85
2014.10.16 12:27:33.316,0.83672,0.83694,1.00,1.82
2014.10.16 12:27:33.367,0.8367,0.83695,1.00,1.52
2014.10.16 12:27:33.468,0.83674,0.83695,1.00,1.15
2014.10.16 12:27:33.519,0.83674,0.83695,1.00,1.07
2014.10.16 12:27:33.569,0.83677,0.83695,1.00,1.07
2014.10.16 12:27:33.821,0.83677,0.837,1.00,1.15
2014.10.16 12:27:34.795,0.83675,0.837,1.00,1.15
2014.10.16 12:27:34.896,0.83685,0.83701,1.00,3.45
2014.10.16 12:27:35.098,0.83681,0.83701,1.00,3.45
2014.10.16 12:27:35.351,0.83676,0.83698,1.00,1.52
2014.10.16 12:27:35.401,0.83676,0.83698,1.00,4.20
2014.10.16 12:27:35.452,0.83673,0.83698,1.00,4.20
2014.10.16 12:27:35.654,0.83677,0.83698,1.00,3.07
2014.10.16 12:27:35.805,0.83677,0.83698,1.00,1.52
2014.10.16 12:27:35.906,0.83677,0.83697,1.00,2.70
2014.10.16 12:27:36.350,0.83675,0.83697,1.00,3.07
2014.10.16 12:27:36.744,0.83683,0.837,1.00,2.32
2014.10.16 12:27:36.895,0.83679,0.83703,1.00,3.07
2014.10.16 12:27:36.996,0.83685,0.83703,1.00,2.32
2014.10.16 12:27:37.097,0.83681,0.83703,1.00,2.32
2014.10.16 12:27:39.035,0.83681,0.83701,1.00,2.70
2014.10.16 12:27:39.085,0.83677,0.83701,1.00,2.70
2014.10.16 12:27:39.590,0.83677,0.837,1.00,2.70
2014.10.16 12:27:39.691,0.83671,0.83696,1.27,1.17
2014.10.16 12:27:39.742,0.83675,0.837,1.00,3.45
2014.10.16 12:27:40.064,0.83678,0.837,1.00,2.70
2014.10.16 12:27:40.374,0.83681,0.837,1.00,2.70
2014.10.16 12:27:40.632,0.83677,0.837,1.00,2.70
2014.10.16 12:27:40.733,0.83673,0.837,1.00,3.45
2014.10.16 12:27:42.304,0.8367,0.83695,2.77,1.10
2014.10.16 12:27:42.615,0.8367,0.83695,1.20,1.17
2014.10.16 12:27:42.674,0.8367,0.83695,1.00,1.15
2014.10.16 12:27:43.404,0.83675,0.83697,1.00,2.70
2014.10.16 12:27:43.505,0.83668,0.83693,2.02,1.17
2014.10.16 12:27:43.742,0.83674,0.83697,1.00,2.70
2014.10.16 12:27:44.197,0.8367,0.83695,1.50,1.27
2014.10.16 12:27:45.868,0.8367,0.83695,1.00,3.45
2014.10.16 12:27:45.918,0.83665,0.83688,2.02,1.00
2014.10.16 12:27:46.422,0.83665,0.83689,1.27,1.10
2014.10.16 12:27:47.932,0.83671,0.83694,1.00,3.45
2014.10.16 12:27:48.034,0.83664,0.83689,1.15,1.10
2014.10.16 12:27:52.960,0.83664,0.83689,1.17,1.20
2014.10.16 12:27:53.011,0.83664,0.83689,1.10,1.27
2014.10.16 12:27:53.414,0.8367,0.83691,1.00,2.70
2014.10.16 12:27:53.515,0.83666,0.83691,1.00,3.45
2014.10.16 12:27:57.055,0.83668,0.83691,1.00,2.32
2014.10.16 12:28:01.140,0.83664,0.83689,1.10,1.27
2014.10.16 12:28:01.804,0.83662,0.83685,1.55,1.00
2014.10.16 12:28:02.106,0.83659,0.8368,2.70,1.00
2014.10.16 12:28:02.157,0.83657,0.8368,1.52,1.00
2014.10.16 12:28:02.258,0.8366,0.83685,1.10,1.27
2014.10.16 12:28:02.418,0.83656,0.83678,1.27,1.00
2014.10.16 12:28:02.569,0.83656,0.83681,2.02,1.00
2014.10.16 12:28:02.771,0.8366,0.83685,1.10,1.27
2014.10.16 12:28:03.697,0.8366,0.83685,1.10,3.45
2014.10.16 12:28:04.283,0.8366,0.83684,1.00,2.32
2014.10.16 12:28:04.411,0.83656,0.83681,2.02,1.15
2014.10.16 12:28:07.492,0.83658,0.83683,1.00,2.02
2014.10.16 12:28:08.484,0.83654,0.83679,1.52,1.10
2014.10.16 12:28:09.057,0.83658,0.83683,1.00,2.02
2014.10.16 12:28:09.158,0.8366,0.83683,1.00,1.27
2014.10.16 12:28:09.896,0.83656,0.83681,1.27,1.15
2014.10.16 12:28:12.662,0.83659,0.83684,1.00,3.45
2014.10.16 12:28:13.192,0.83658,0.83683,1.00,1.52
2014.10.16 12:28:13.713,0.83654,0.83679,1.15,1.10
2014.10.16 12:28:16.624,0.83654,0.83679,1.15,1.47
2014.10.16 12:28:16.827,0.83651,0.83675,1.10,1.27
2014.10.16 12:28:17.703,0.83649,0.83677,2.70,1.17
2014.10.16 12:28:17.754,0.83651,0.83679,1.15,1.15
2014.10.16 12:28:21.252,0.83655,0.83679,1.00,1.15
2014.10.16 12:28:21.771,0.83653,0.8368,1.55,1.15
2014.10.16 12:28:21.922,0.83657,0.83681,1.07,1.15
2014.10.16 12:28:21.973,0.83657,0.83681,1.17,1.17
2014.10.16 12:28:22.336,0.83663,0.83684,1.00,1.52
2014.10.16 12:28:22.489,0.8366,0.83685,1.00,3.45
2014.10.16 12:28:22.641,0.8366,0.83685,1.10,1.17
2014.10.16 12:28:22.691,0.83663,0.83686,1.00,1.27
2014.10.16 12:28:22.793,0.8366,0.83684,1.10,1.07
2014.10.16 12:28:23.876,0.83656,0.83681,1.15,1.00
2014.10.16 12:28:24.798,0.83655,0.83676,2.32,1.00
2014.10.16 12:28:24.899,0.83658,0.83683,1.17,1.10
2014.10.16 12:28:25.302,0.83654,0.83679,1.52,1.00
2014.10.16 12:28:25.605,0.83653,0.83674,2.32,1.00
2014.10.16 12:28:25.655,0.83654,0.83679,1.15,1.12
2014.10.16 12:28:26.059,0.83653,0.8368,1.15,2.02
2014.10.16 12:28:26.650,0.83653,0.83679,1.15,1.55
2014.10.16 12:28:27.252,0.83653,0.83679,1.15,1.55
2014.10.16 12:28:27.631,0.8365,0.83675,3.45,1.00
2014.10.16 12:28:27.841,0.83654,0.83678,1.17,1.20
2014.10.16 12:28:28.094,0.8365,0.83675,3.45,1.00
2014.10.16 12:28:28.296,0.83654,0.83679,1.17,2.02
2014.10.16 12:28:28.969,0.8365,0.83674,2.70,1.00
2014.10.16 12:28:29.070,0.83654,0.83678,1.17,1.20
2014.10.16 12:28:29.346,0.83654,0.83678,1.17,1.47
2014.10.16 12:28:29.598,0.83654,0.83678,1.17,1.20
2014.10.16 12:28:29.699,0.8365,0.83675,3.45,1.00
2014.10.16 12:28:30.002,0.83647,0.83672,3.45,1.00
2014.10.16 12:28:30.053,0.83649,0.83676,1.15,1.55
2014.10.16 12:28:30.305,0.83649,0.83676,1.07,2.02
2014.10.16 12:28:30.406,0.83645,0.83669,1.15,1.10
2014.10.16 12:28:30.936,0.83646,0.8367,1.17,1.17
2014.10.16 12:28:31.282,0.83651,0.8367,1.00,1.17
2014.10.16 12:28:31.383,0.83648,0.8367,1.00,1.17
2014.10.16 12:28:31.931,0.83642,0.83667,2.70,1.00
2014.10.16 12:28:32.032,0.83643,0.8367,1.27,1.17
2014.10.16 12:28:32.234,0.83642,0.83666,2.70,1.00
2014.10.16 12:28:32.385,0.83642,0.8367,3.45,1.17
2014.10.16 12:28:34.023,0.83641,0.83669,2.32,1.20
2014.10.16 12:28:34.074,0.83639,0.83669,3.45,1.27
2014.10.16 12:28:34.597,0.83645,0.8367,1.00,1.52
2014.10.16 12:28:34.950,0.83643,0.83671,1.55,1.27
2014.10.16 12:28:35.000,0.83648,0.83671,1.00,1.15
2014.10.16 12:28:35.051,0.83648,0.83671,1.07,1.07
2014.10.16 12:28:35.102,0.83648,0.83674,1.15,1.52
2014.10.16 12:28:35.324,0.83647,0.83672,1.17,1.20
2014.10.16 12:28:35.374,0.83647,0.83672,1.10,1.27
2014.10.16 12:28:35.630,0.83641,0.83668,2.32,1.07
2014.10.16 12:28:35.681,0.83639,0.83669,3.45,1.65
2014.10.16 12:28:35.782,0.83639,0.83664,2.32,1.00
2014.10.16 12:28:35.984,0.83639,0.83668,3.07,1.27
2014.10.16 12:28:37.440,0.83638,0.83667,2.32,1.55
2014.10.16 12:28:37.491,0.83637,0.83667,1.27,1.52
2014.10.16 12:28:37.842,0.83639,0.83667,2.70,1.15
2014.10.16 12:28:37.893,0.83639,0.83667,2.70,1.17
2014.10.16 12:28:38.346,0.83639,0.83668,1.27,2.70
2014.10.16 12:28:38.397,0.83636,0.83668,1.52,2.70
2014.10.16 12:28:46.171,0.83638,0.83668,2.25,3.30
2014.10.16 12:28:46.739,0.83638,0.83663,1.07,2.62
2014.10.16 12:28:46.992,0.83629,0.83655,1.45,1.37
2014.10.16 12:28:47.093,0.83627,0.83657,2.05,3.07
2014.10.16 12:28:48.752,0.83631,0.83657,1.00,2.32
2014.10.16 12:28:49.298,0.83629,0.83657,1.05,3.30
2014.10.16 12:28:49.754,0.8363,0.83654,2.10,2.32
2014.10.16 12:28:50.006,0.83631,0.83658,1.00,2.32
2014.10.16 12:28:50.157,0.83631,0.83655,1.00,2.32
2014.10.16 12:28:50.208,0.83628,0.83655,1.42,2.32
2014.10.16 12:28:50.684,0.83627,0.83655,1.87,2.32
2014.10.16 12:28:50.785,0.83631,0.83659,1.10,3.07
2014.10.16 12:28:51.087,0.83631,0.83661,1.15,3.07
2014.10.16 12:28:51.491,0.83637,0.83661,1.30,2.32
2014.10.16 12:28:51.693,0.83637,0.83664,1.30,1.15
2014.10.16 12:28:52.048,0.83639,0.83664,1.30,1.15
2014.10.16 12:28:52.563,0.8364,0.83664,1.05,1.17
2014.10.16 12:28:54.358,0.83639,0.83668,1.52,1.87
2014.10.16 12:28:55.879,0.83642,0.8367,1.50,3.07
2014.10.16 12:28:56.084,0.83645,0.83673,1.17,2.70
2014.10.16 12:28:56.570,0.83641,0.83666,1.15,1.07
2014.10.16 12:28:56.621,0.83641,0.83666,1.20,1.15
2014.10.16 12:28:56.672,0.83641,0.83666,1.12,1.15
2014.10.16 12:28:57.174,0.83641,0.83668,1.67,3.07
2014.10.16 12:28:58.888,0.83641,0.83666,2.10,1.15
2014.10.16 12:28:58.989,0.83641,0.83664,1.72,2.32
2014.10.16 12:28:59.090,0.83639,0.83663,1.00,2.32
2014.10.16 12:28:59.291,0.83635,0.83658,2.25,1.00
2014.10.16 12:28:59.547,0.83637,0.83662,1.00,1.15
2014.10.16 12:29:00.319,0.83635,0.83656,2.25,1.00
2014.10.16 12:29:00.521,0.83635,0.8366,1.27,1.20
2014.10.16 12:29:00.622,0.83634,0.83656,2.25,1.00
2014.10.16 12:29:01.322,0.83632,0.83656,2.25,1.00
2014.10.16 12:29:01.848,0.83632,0.83656,1.52,1.00
2014.10.16 12:29:02.368,0.83631,0.83657,2.02,1.17
2014.10.16 12:29:02.676,0.83631,0.83657,1.37,3.07
2014.10.16 12:29:03.609,0.83631,0.83654,1.12,1.15
2014.10.16 12:29:04.542,0.8363,0.83657,2.17,2.32
2014.10.16 12:29:05.058,0.8363,0.83657,2.17,2.32
2014.10.16 12:29:05.210,0.8363,0.83658,2.25,1.15
2014.10.16 12:29:05.983,0.83631,0.83656,1.00,1.15
2014.10.16 12:29:06.964,0.83632,0.83657,1.50,2.32
2014.10.16 12:29:07.015,0.83636,0.83662,1.42,1.15
2014.10.16 12:29:07.166,0.83636,0.83663,1.50,2.32
2014.10.16 12:29:07.218,0.83639,0.83663,1.50,1.17
2014.10.16 12:29:10.733,0.83645,0.83667,1.00,2.32
2014.10.16 12:29:10.885,0.83641,0.83666,1.00,1.15
2014.10.16 12:29:11.373,0.83637,0.83663,1.07,1.15
2014.10.16 12:29:11.424,0.83635,0.83659,1.27,1.17
2014.10.16 12:29:11.941,0.83637,0.83662,1.00,1.15
2014.10.16 12:29:12.725,0.83635,0.83659,1.17,1.17
2014.10.16 12:29:13.921,0.83634,0.83659,3.45,1.00
2014.10.16 12:29:14.022,0.83634,0.83659,1.20,1.17
2014.10.16 12:29:15.370,0.83638,0.83662,1.00,2.32
2014.10.16 12:29:15.482,0.83633,0.83658,1.17,1.07
2014.10.16 12:29:16.811,0.83633,0.83658,1.55,1.07
2014.10.16 12:29:16.914,0.83633,0.83658,1.17,1.07
2014.10.16 12:29:17.375,0.83633,0.83658,1.55,1.07
2014.10.16 12:29:18.921,0.83633,0.83658,1.55,1.07
2014.10.16 12:29:19.025,0.83639,0.83662,1.00,2.32
2014.10.16 12:29:19.076,0.83639,0.83664,1.00,3.07
2014.10.16 12:29:19.177,0.83633,0.83658,1.65,1.00
2014.10.16 12:29:19.328,0.83635,0.8366,1.00,1.15
2014.10.16 12:29:20.070,0.83635,0.8366,1.07,1.07
2014.10.16 12:29:20.123,0.83635,0.8366,1.15,1.00
2014.10.16 12:29:20.476,0.83637,0.83661,1.07,2.25
2014.10.16 12:29:20.628,0.83632,0.83659,1.17,1.15
2014.10.16 12:29:20.990,0.8363,0.83654,1.15,1.00
2014.10.16 12:29:21.194,0.83633,0.83658,1.07,1.17
2014.10.16 12:29:23.440,0.83633,0.83658,2.32,1.17
2014.10.16 12:29:23.491,0.83638,0.83663,1.45,3.07
2014.10.16 12:29:23.593,0.83638,0.83663,1.07,1.17
2014.10.16 12:29:23.645,0.83641,0.83666,1.00,3.07
2014.10.16 12:29:23.746,0.83637,0.83662,1.17,1.07
2014.10.16 12:29:23.999,0.83637,0.83662,1.07,1.15
2014.10.16 12:29:24.050,0.83637,0.83662,1.00,1.15
2014.10.16 12:29:24.151,0.83631,0.83656,3.07,1.00
2014.10.16 12:29:24.253,0.83631,0.83656,1.17,1.17
2014.10.16 12:29:24.303,0.83635,0.8366,1.00,3.07
2014.10.16 12:29:24.405,0.83631,0.83656,1.17,1.17
2014.10.16 12:29:24.506,0.83635,0.8366,1.00,3.07
2014.10.16 12:29:24.811,0.8363,0.83657,1.15,1.15
2014.10.16 12:29:25.480,0.83629,0.83654,1.52,1.00
2014.10.16 12:29:26.489,0.83635,0.8366,1.00,3.07
2014.10.16 12:29:26.912,0.83631,0.83656,1.55,1.17
2014.10.16 12:29:27.552,0.83631,0.83654,1.17,1.87
2014.10.16 12:29:27.868,0.83627,0.83644,1.00,1.00
2014.10.16 12:29:28.170,0.83619,0.83644,1.15,1.00
2014.10.16 12:29:28.221,0.83619,0.83644,1.07,1.07
2014.10.16 12:29:28.272,0.83615,0.8364,1.65,1.00
2014.10.16 12:29:28.322,0.83615,0.8364,1.57,1.07
2014.10.16 12:29:28.524,0.83608,0.83633,5.62,1.00
2014.10.16 12:29:28.675,0.83607,0.8363,1.15,1.00
2014.10.16 12:29:28.977,0.83606,0.83626,2.32,1.00
2014.10.16 12:29:29.028,0.83606,0.83631,2.32,1.00
2014.10.16 12:29:29.129,0.83606,0.83633,2.32,1.10
2014.10.16 12:29:30.350,0.83606,0.83636,2.32,2.32
2014.10.16 12:29:30.401,0.83604,0.83635,1.52,2.32
2014.10.16 12:29:30.653,0.83606,0.83635,2.70,3.07
2014.10.16 12:29:30.704,0.83607,0.83635,2.70,1.17
2014.10.16 12:29:30.754,0.83609,0.83635,2.70,1.07
2014.10.16 12:29:30.805,0.83609,0.83642,4.87,1.15
2014.10.16 12:29:30.856,0.83612,0.83642,2.32,1.15
2014.10.16 12:29:30.907,0.83613,0.83643,2.70,1.15
2014.10.16 12:29:32.319,0.83615,0.83645,3.07,2.32
2014.10.16 12:29:32.369,0.83616,0.83647,2.32,1.15
2014.10.16 12:29:33.125,0.83619,0.83648,2.70,2.32
2014.10.16 12:29:33.176,0.83619,0.83651,4.87,1.52
2014.10.16 12:29:33.438,0.83619,0.83651,2.70,3.45
2014.10.16 12:29:33.488,0.83617,0.8365,3.45,2.70
2014.10.16 12:29:33.539,0.83617,0.8365,3.82,2.32
2014.10.16 12:29:33.741,0.8362,0.8365,1.52,2.32
2014.10.16 12:29:34.547,0.83623,0.8365,1.00,2.32
2014.10.16 12:29:35.054,0.83622,0.8365,1.17,2.32
2014.10.16 12:29:35.105,0.83622,0.83653,1.15,2.32
2014.10.16 12:29:35.755,0.83621,0.83651,3.07,2.70
2014.10.16 12:29:35.806,0.83621,0.83651,1.15,4.87
2014.10.16 12:29:37.677,0.8362,0.83649,1.07,2.70
2014.10.16 12:29:37.728,0.8362,0.83648,1.10,2.70
2014.10.16 12:29:37.778,0.8362,0.83645,1.10,2.32
2014.10.16 12:29:38.305,0.83619,0.83646,1.10,2.32
2014.10.16 12:29:38.608,0.83623,0.83651,1.07,2.32
2014.10.16 12:29:40.043,0.83629,0.83651,1.00,2.32
2014.10.16 12:29:40.144,0.83625,0.83651,1.00,2.32
2014.10.16 12:29:40.682,0.83623,0.83651,1.95,2.32
2014.10.16 12:29:40.783,0.83623,0.83651,2.02,2.25
2014.10.16 12:29:40.834,0.83623,0.83655,3.45,2.32
2014.10.16 12:29:41.918,0.83623,0.83652,1.15,2.32
2014.10.16 12:29:42.780,0.83627,0.83652,1.00,2.32
2014.10.16 12:29:42.881,0.83623,0.83652,1.52,2.32
2014.10.16 12:29:43.124,0.83623,0.83655,1.52,2.32
2014.10.16 12:29:43.326,0.83625,0.83657,2.70,2.32
2014.10.16 12:29:44.133,0.83623,0.83654,1.65,2.32
2014.10.16 12:29:44.234,0.83625,0.83657,2.70,2.32
2014.10.16 12:29:45.199,0.83628,0.83657,3.07,2.25
2014.10.16 12:29:45.249,0.83629,0.83662,2.32,2.32
2014.10.16 12:29:46.025,0.83627,0.83659,3.07,2.32
2014.10.16 12:29:46.392,0.83629,0.83657,1.07,2.32
2014.10.16 12:29:46.443,0.83629,0.83652,1.10,1.17
2014.10.16 12:29:46.494,0.83625,0.83648,1.07,2.25
2014.10.16 12:29:46.545,0.83625,0.83648,1.00,5.25
2014.10.16 12:29:46.595,0.83625,0.83644,1.00,2.32
2014.10.16 12:29:46.646,0.83615,0.83642,1.25,2.32
2014.10.16 12:29:46.748,0.83615,0.83646,1.30,2.32
2014.10.16 12:29:46.799,0.8362,0.83646,2.25,2.25
2014.10.16 12:29:46.850,0.83621,0.83653,2.32,2.32
2014.10.16 12:29:47.422,0.83627,0.8366,2.32,2.32
2014.10.16 12:29:47.525,0.83625,0.83657,2.32,2.32
2014.10.16 12:29:47.626,0.83629,0.83662,2.32,2.32
2014.10.16 12:29:47.727,0.83625,0.83657,2.32,2.32
2014.10.16 12:29:48.242,0.83622,0.83655,2.32,2.32
2014.10.16 12:29:48.344,0.83617,0.83649,2.32,2.32
2014.10.16 12:29:48.649,0.83614,0.83646,2.32,2.32
2014.10.16 12:29:48.751,0.83617,0.8365,2.32,2.32
2014.10.16 12:29:49.014,0.83615,0.83646,1.15,2.32
2014.10.16 12:29:49.217,0.83615,0.83645,1.15,2.32
2014.10.16 12:29:50.328,0.8361,0.83642,2.32,2.32
2014.10.16 12:29:50.866,0.8361,0.83641,1.15,4.50
2014.10.16 12:29:51.626,0.83614,0.83646,2.32,2.32
2014.10.16 12:29:51.727,0.83627,0.8366,2.32,2.32
2014.10.16 12:29:51.828,0.83645,0.83677,2.32,2.32
2014.10.16 12:29:52.147,0.83654,0.83686,2.32,2.32
2014.10.16 12:29:52.941,0.83649,0.83686,2.32,2.32
2014.10.16 12:29:53.263,0.83649,0.83683,2.25,2.32
2014.10.16 12:29:53.313,0.83644,0.83683,1.15,4.50
2014.10.16 12:29:53.364,0.83649,0.83683,2.25,2.32
2014.10.16 12:29:53.789,0.83649,0.8368,2.32,2.32
2014.10.16 12:29:53.840,0.83647,0.8368,2.32,2.32
2014.10.16 12:29:53.941,0.83642,0.83678,4.50,4.50
2014.10.16 12:29:54.888,0.83641,0.83674,2.32,2.32
2014.10.16 12:29:55.177,0.83635,0.83679,1.00,1.00
2014.10.16 12:29:55.228,0.83603,0.83694,1.31,1.00
2014.10.16 12:29:55.309,0.83597,0.83694,1.67,1.00
2014.10.16 12:29:55.460,0.83599,0.83694,1.36,1.00
2014.10.16 12:29:55.511,0.83603,0.83699,1.67,1.00
2014.10.16 12:29:55.662,0.83626,0.83693,1.00,1.00
2014.10.16 12:29:55.762,0.83604,0.83699,1.67,1.00
2014.10.16 12:29:55.863,0.836,0.83694,1.15,1.00
2014.10.16 12:29:55.964,0.83605,0.837,1.67,1.00
2014.10.16 12:29:56.065,0.83605,0.837,1.81,1.00
2014.10.16 12:29:56.615,0.83605,0.837,1.50,1.00
2014.10.16 12:29:56.716,0.83616,0.837,2.24,1.00
2014.10.16 12:29:56.817,0.83605,0.837,1.30,1.00
2014.10.16 12:29:56.917,0.83611,0.837,1.30,1.00
2014.10.16 12:29:57.018,0.83605,0.837,1.60,1.00
2014.10.16 12:29:57.331,0.83615,0.837,1.00,1.00
2014.10.16 12:29:57.432,0.83605,0.837,1.30,1.00
2014.10.16 12:29:57.532,0.83614,0.837,1.46,1.00
2014.10.16 12:29:57.633,0.83605,0.837,1.45,1.00
2014.10.16 12:29:57.811,0.83611,0.837,1.02,1.00
2014.10.16 12:29:57.916,0.83606,0.837,1.00,1.00
2014.10.16 12:29:57.967,0.83606,0.83712,1.00,1.00
2014.10.16 12:29:58.071,0.83611,0.83713,1.93,1.00
2014.10.16 12:29:58.130,0.836,0.83711,1.00,1.00
2014.10.16 12:29:58.341,0.83606,0.83713,1.00,1.00
2014.10.16 12:29:58.553,0.83587,0.83713,1.00,1.00
2014.10.16 12:29:59.385,0.8358,0.83706,1.00,1.00
2014.10.16 12:30:00.136,0.8359,0.83717,1.00,1.00
2014.10.16 12:30:00.287,0.83582,0.83708,1.00,1.00
2014.10.16 12:30:00.589,0.83585,0.83702,1.00,1.00
2014.10.16 12:30:00.877,0.8358,0.83707,1.00,1.00
2014.10.16 12:30:00.978,0.8359,0.83675,1.00,0.75
2014.10.16 12:30:01.279,0.836,0.83664,1.00,1.00
2014.10.16 12:30:01.495,0.83595,0.83718,1.00,1.00
2014.10.16 12:30:01.597,0.83589,0.83733,1.47,1.00
2014.10.16 12:30:01.697,0.83591,0.83729,1.45,1.00
2014.10.16 12:30:01.798,0.83605,0.83742,1.00,1.50
2014.10.16 12:30:01.899,0.83605,0.83745,1.75,1.75
2014.10.16 12:30:02.201,0.83619,0.83656,1.37,10.92
2014.10.16 12:30:02.302,0.83619,0.83656,1.00,10.92
2014.10.16 12:30:02.402,0.83614,0.83656,1.75,10.92
2014.10.16 12:30:02.503,0.83614,0.83656,1.75,10.92
2014.10.16 12:30:02.558,0.83614,0.83643,1.75,1.00
2014.10.16 12:30:02.608,0.83606,0.83643,1.50,1.00
2014.10.16 12:30:02.669,0.83605,0.83656,1.75,9.91
2014.10.16 12:30:02.722,0.83605,0.83656,1.00,9.72
2014.10.16 12:30:02.829,0.836,0.83657,1.00,9.72
2014.10.16 12:30:02.889,0.83617,0.83654,1.00,1.00
2014.10.16 12:30:03.191,0.83638,0.83656,1.00,8.51
2014.10.16 12:30:03.242,0.83645,0.83659,1.00,9.34
2014.10.16 12:30:03.342,0.83639,0.83655,1.00,1.00
2014.10.16 12:30:03.444,0.8363,0.83653,1.75,1.00
2014.10.16 12:30:03.545,0.8363,0.83653,1.00,1.00
2014.10.16 12:30:03.646,0.83618,0.83661,1.75,0.75
2014.10.16 12:30:03.847,0.8362,0.83651,1.75,1.00
2014.10.16 12:30:03.897,0.83618,0.83648,1.75,1.00
2014.10.16 12:30:04.222,0.83639,0.83649,1.00,1.00
2014.10.16 12:30:04.541,0.83625,0.83649,1.75,1.00
2014.10.16 12:30:04.642,0.83616,0.83642,1.75,1.00
2014.10.16 12:30:04.742,0.83616,0.83646,1.37,1.00
2014.10.16 12:30:04.793,0.83616,0.83643,1.37,1.00
2014.10.16 12:30:04.843,0.83616,0.83643,1.00,1.00
2014.10.16 12:30:04.894,0.8361,0.83656,1.37,5.07
2014.10.16 12:30:04.945,0.8361,0.83656,1.00,5.07
2014.10.16 12:30:04.995,0.83622,0.83652,1.00,1.00
2014.10.16 12:30:05.096,0.83615,0.83655,1.00,1.00
2014.10.16 12:30:05.147,0.83634,0.83655,1.00,1.00
2014.10.16 12:30:05.398,0.83615,0.83655,2.25,1.00
2014.10.16 12:30:05.549,0.83625,0.83656,1.00,4.47
2014.10.16 12:30:05.859,0.8362,0.83656,1.75,5.22
2014.10.16 12:30:06.196,0.8362,0.83652,1.75,1.00
2014.10.16 12:30:06.350,0.83619,0.83656,1.00,5.13
2014.10.16 12:30:06.451,0.83615,0.83653,1.00,1.00
2014.10.16 12:30:06.556,0.83616,0.83646,1.00,1.00
2014.10.16 12:30:06.657,0.83604,0.83652,1.00,1.75
2014.10.16 12:30:06.758,0.83601,0.8363,0.75,1.75
2014.10.16 12:30:06.960,0.83578,0.83624,1.00,1.75
2014.10.16 12:30:07.061,0.83561,0.83624,1.37,1.75
2014.10.16 12:30:07.514,0.83573,0.83611,1.00,1.00
2014.10.16 12:30:07.967,0.83576,0.83613,1.12,1.00
2014.10.16 12:30:08.068,0.83585,0.83623,1.00,1.00
2014.10.16 12:30:08.220,0.83588,0.83625,1.00,1.00
2014.10.16 12:30:08.522,0.83591,0.83628,1.00,1.00
2014.10.16 12:30:08.673,0.83599,0.83639,1.00,1.00
2014.10.16 12:30:08.875,0.83592,0.83628,1.00,1.37
2014.10.16 12:30:08.925,0.83589,0.83628,1.00,1.37
2014.10.16 12:30:08.976,0.83585,0.8361,0.75,2.05
2014.10.16 12:30:09.027,0.83575,0.8361,1.00,2.05
2014.10.16 12:30:09.128,0.8354,0.83606,1.75,2.47
2014.10.16 12:30:09.692,0.8354,0.83606,1.35,1.75
2014.10.16 12:30:09.994,0.83552,0.8359,1.00,1.12
2014.10.16 12:30:10.297,0.8355,0.83587,1.00,1.00
2014.10.16 12:30:10.448,0.83545,0.83583,1.00,1.00
2014.10.16 12:30:10.549,0.83542,0.8358,1.00,1.00
2014.10.16 12:30:11.156,0.83542,0.8358,1.00,1.37
2014.10.16 12:30:11.482,0.8354,0.83577,1.00,1.00
2014.10.16 12:30:11.532,0.83541,0.83581,1.00,1.37
2014.10.16 12:30:11.583,0.83541,0.83581,1.00,1.00
2014.10.16 12:30:11.633,0.83547,0.83582,1.00,1.00
2014.10.16 12:30:11.684,0.83547,0.83585,1.00,1.00
2014.10.16 12:30:11.785,0.83547,0.83583,3.07,2.32
2014.10.16 12:30:12.087,0.83551,0.83585,2.32,1.15
2014.10.16 12:30:12.390,0.83554,0.83585,2.32,1.10
2014.10.16 12:30:12.693,0.83544,0.83577,3.82,2.32
2014.10.16 12:30:12.996,0.83552,0.83578,2.32,1.00
2014.10.16 12:30:13.248,0.83554,0.83581,2.32,1.00
2014.10.16 12:30:13.349,0.83554,0.83573,1.07,2.25
2014.10.16 12:30:13.451,0.83547,0.83574,1.10,2.25
2014.10.16 12:30:13.904,0.83547,0.83576,2.25,1.15
2014.10.16 12:30:14.207,0.83563,0.83579,1.10,1.00
2014.10.16 12:30:14.359,0.83577,0.83604,2.25,1.07
2014.10.16 12:30:14.409,0.83577,0.83594,2.25,1.00
2014.10.16 12:30:14.510,0.83576,0.83616,2.32,2.70
2014.10.16 12:30:14.561,0.83581,0.83619,2.25,1.65
2014.10.16 12:30:14.865,0.83577,0.83598,2.32,1.00
2014.10.16 12:30:14.965,0.83577,0.83608,2.32,1.00
2014.10.16 12:30:15.066,0.8358,0.83608,2.32,1.00
2014.10.16 12:30:15.369,0.83587,0.83611,2.25,1.07
2014.10.16 12:30:15.470,0.83577,0.8361,1.15,2.32
2014.10.16 12:30:15.571,0.83578,0.83611,2.32,2.32
2014.10.16 12:30:15.672,0.83577,0.83609,2.32,1.07
2014.10.16 12:30:15.772,0.83583,0.83615,2.25,2.32
2014.10.16 12:30:15.974,0.83578,0.83612,2.32,2.32
2014.10.16 12:30:16.075,0.83575,0.83608,2.32,2.32
2014.10.16 12:30:16.176,0.83572,0.83608,2.32,2.32
2014.10.16 12:30:16.277,0.83577,0.83609,2.25,2.32
2014.10.16 12:30:16.428,0.83574,0.8361,2.32,2.32
2014.10.16 12:30:16.680,0.83573,0.83605,2.32,2.25
2014.10.16 12:30:16.731,0.83569,0.83605,3.07,2.32
2014.10.16 12:30:16.782,0.83568,0.83602,2.32,2.32
2014.10.16 12:30:16.833,0.83567,0.83602,1.15,2.32
2014.10.16 12:30:16.883,0.83567,0.83597,1.17,2.25
2014.10.16 12:30:16.934,0.83567,0.83597,1.10,2.32
2014.10.16 12:30:17.087,0.83564,0.83598,2.32,2.32
2014.10.16 12:30:17.138,0.83564,0.83598,2.32,1.15
2014.10.16 12:30:17.188,0.83563,0.83597,2.32,2.32
2014.10.16 12:30:17.441,0.83566,0.83599,2.32,1.15
2014.10.16 12:30:17.592,0.83565,0.83594,2.32,1.10
2014.10.16 12:30:17.643,0.83563,0.83594,2.32,1.10
2014.10.16 12:30:17.933,0.83562,0.83594,2.32,1.07
2014.10.16 12:30:17.983,0.8356,0.83594,2.32,1.15
2014.10.16 12:30:18.801,0.83566,0.83591,2.25,1.00
2014.10.16 12:30:18.902,0.83566,0.83595,2.32,1.00
2014.10.16 12:30:19.406,0.83566,0.83596,2.32,1.00
2014.10.16 12:30:19.557,0.83566,0.83593,2.32,1.00
2014.10.16 12:30:19.658,0.83566,0.83595,2.32,1.00
2014.10.16 12:30:19.709,0.83564,0.83595,2.32,1.07
2014.10.16 12:30:19.911,0.83562,0.83593,2.32,1.07
2014.10.16 12:30:19.962,0.8356,0.83593,2.32,1.15
2014.10.16 12:30:20.214,0.83563,0.83594,2.32,1.17
2014.10.16 12:30:20.264,0.83563,0.83594,2.32,1.10
2014.10.16 12:30:20.315,0.83566,0.83594,2.32,1.00
2014.10.16 12:30:20.618,0.83565,0.83588,4.50,1.00
2014.10.16 12:30:20.668,0.83565,0.83591,2.32,1.00
2014.10.16 12:30:20.870,0.83563,0.83591,2.32,1.17
2014.10.16 12:30:20.982,0.83562,0.83589,2.32,2.25
2014.10.16 12:30:21.284,0.8354,0.83573,1.15,4.50
2014.10.16 12:30:21.385,0.83544,0.83571,1.10,2.32
2014.10.16 12:30:21.688,0.83539,0.83568,3.07,2.25
2014.10.16 12:30:21.789,0.83538,0.83571,2.32,2.32
2014.10.16 12:30:22.192,0.83537,0.83569,2.32,2.32
2014.10.16 12:30:22.571,0.83546,0.83577,3.75,2.32
2014.10.16 12:30:22.623,0.83551,0.83583,2.25,2.32
2014.10.16 12:30:22.674,0.83551,0.83587,2.32,3.07
2014.10.16 12:30:22.725,0.83558,0.83587,1.07,1.07
2014.10.16 12:30:22.776,0.83558,0.8359,1.15,1.15
2014.10.16 12:30:22.827,0.83567,0.8359,2.25,1.07
2014.10.16 12:30:22.878,0.83567,0.83596,2.32,1.15
2014.10.16 12:30:23.029,0.83569,0.83596,2.32,1.07
2014.10.16 12:30:23.332,0.83575,0.83596,2.32,1.00
2014.10.16 12:30:23.433,0.83575,0.836,2.32,1.00
2014.10.16 12:30:23.736,0.83574,0.836,2.32,1.07
2014.10.16 12:30:23.787,0.83569,0.836,4.50,1.15
2014.10.16 12:30:23.837,0.83578,0.836,2.25,1.07
2014.10.16 12:30:23.888,0.83577,0.836,2.32,1.00
2014.10.16 12:30:24.191,0.83576,0.83596,2.32,1.00
2014.10.16 12:30:24.503,0.83574,0.83596,2.32,1.00
2014.10.16 12:30:25.041,0.83577,0.83596,1.17,1.00
2014.10.16 12:30:25.092,0.83581,0.83596,2.25,1.00
2014.10.16 12:30:25.193,0.8358,0.83599,2.32,1.00
2014.10.16 12:30:25.244,0.83576,0.83599,2.32,1.00
2014.10.16 12:30:25.395,0.83575,0.83596,2.25,1.00
2014.10.16 12:30:25.446,0.83567,0.83596,4.50,1.00
2014.10.16 12:30:25.497,0.83572,0.83591,2.32,1.00
2014.10.16 12:30:25.799,0.83577,0.83596,2.25,1.00
2014.10.16 12:30:25.850,0.83569,0.83593,2.32,1.00
2014.10.16 12:30:25.951,0.83569,0.83598,2.32,1.00
2014.10.16 12:30:26.002,0.83574,0.83598,2.25,1.00
2014.10.16 12:30:26.052,0.83574,0.83603,2.32,1.37
2014.10.16 12:30:26.103,0.83577,0.83603,2.32,1.37
2014.10.16 12:30:26.254,0.83578,0.83598,1.00,1.00
2014.10.16 12:30:26.305,0.83584,0.83598,2.25,1.00
2014.10.16 12:30:26.608,0.8359,0.83606,2.32,1.00
2014.10.16 12:30:26.877,0.83588,0.83602,2.25,1.00
2014.10.16 12:30:26.928,0.83581,0.83602,2.32,1.00
2014.10.16 12:30:27.030,0.8358,0.83604,2.32,1.00
2014.10.16 12:30:27.081,0.83578,0.83604,2.32,1.00
2014.10.16 12:30:27.232,0.83576,0.83604,2.32,1.07
2014.10.16 12:30:27.334,0.83574,0.83606,2.32,2.32
2014.10.16 12:30:27.384,0.8357,0.83602,5.25,1.15
2014.10.16 12:30:27.435,0.8357,0.83602,2.32,1.15
2014.10.16 12:30:27.486,0.83568,0.83599,2.32,1.17
2014.10.16 12:30:27.587,0.83568,0.83596,2.32,1.00
2014.10.16 12:30:27.839,0.8357,0.83604,2.32,1.15
2014.10.16 12:30:27.890,0.83565,0.83604,2.32,1.15
2014.10.16 12:30:27.940,0.83565,0.83601,2.32,3.07
2014.10.16 12:30:28.092,0.83565,0.836,1.15,4.50
2014.10.16 12:30:28.142,0.83565,0.83598,2.32,1.15
2014.10.16 12:30:28.193,0.83565,0.83598,2.32,1.17
2014.10.16 12:30:28.244,0.83565,0.83599,2.32,2.32
2014.10.16 12:30:28.755,0.83568,0.83603,4.50,1.15
2014.10.16 12:30:28.806,0.83572,0.83603,2.32,1.15
2014.10.16 12:30:29.059,0.83573,0.83603,2.32,1.17
2014.10.16 12:30:29.513,0.83577,0.83605,2.32,1.15
2014.10.16 12:30:30.024,0.83576,0.83602,2.32,1.07
2014.10.16 12:30:30.075,0.83574,0.83602,2.32,1.07
2014.10.16 12:30:31.388,0.83572,0.83602,2.32,2.25
2014.10.16 12:30:31.439,0.8357,0.83602,2.32,2.32
2014.10.16 12:30:31.541,0.83569,0.83598,2.32,2.32
2014.10.16 12:30:31.592,0.83566,0.83598,2.32,2.32
2014.10.16 12:30:31.643,0.83565,0.83594,2.32,2.32
2014.10.16 12:30:31.693,0.83562,0.83593,2.32,1.45
2014.10.16 12:30:31.744,0.83561,0.83591,3.07,2.32
2014.10.16 12:30:31.795,0.83559,0.83591,1.45,2.32
2014.10.16 12:30:32.352,0.83557,0.83588,2.32,2.32
2014.10.16 12:30:32.503,0.83558,0.83589,2.32,1.15
2014.10.16 12:30:32.930,0.83557,0.83588,3.30,2.32
2014.10.16 12:30:32.982,0.83557,0.83588,1.45,2.32
2014.10.16 12:30:33.335,0.8356,0.83589,2.25,2.32
2014.10.16 12:30:33.386,0.8356,0.83592,2.32,3.07
2014.10.16 12:30:33.537,0.83563,0.83592,2.32,1.15
2014.10.16 12:30:33.588,0.83563,0.83592,2.32,1.17
2014.10.16 12:30:33.947,0.83566,0.83593,2.32,1.07
2014.10.16 12:30:33.998,0.83566,0.83597,2.32,1.65
2014.10.16 12:30:34.149,0.83571,0.83597,2.25,1.07
2014.10.16 12:30:34.301,0.83578,0.83611,2.32,2.32
2014.10.16 12:30:34.452,0.83579,0.83607,1.15,2.32
2014.10.16 12:30:34.503,0.83577,0.83607,1.15,2.32
2014.10.16 12:30:34.856,0.83574,0.83604,2.32,2.32
2014.10.16 12:30:34.907,0.83571,0.83604,2.32,2.32
2014.10.16 12:30:35.058,0.8357,0.83601,2.32,2.32
2014.10.16 12:30:35.210,0.83573,0.83606,4.50,1.15
2014.10.16 12:30:35.894,0.83569,0.83601,2.32,2.32
2014.10.16 12:30:36.098,0.83571,0.83606,4.50,4.50
2014.10.16 12:30:36.654,0.83575,0.83606,2.32,2.32
2014.10.16 12:30:36.705,0.83575,0.83607,4.50,1.15
2014.10.16 12:30:36.856,0.83578,0.8361,2.32,2.32
2014.10.16 12:30:36.906,0.83578,0.83611,2.32,1.15
2014.10.16 12:30:37.161,0.83581,0.83613,2.32,3.82
2014.10.16 12:30:37.212,0.83583,0.83613,1.45,1.65
2014.10.16 12:30:37.368,0.83585,0.83613,2.32,1.15
2014.10.16 12:30:37.418,0.83585,0.83615,2.32,1.15
2014.10.16 12:30:37.469,0.83588,0.83615,2.32,1.17
2014.10.16 12:30:37.520,0.83588,0.83615,2.32,1.10
2014.10.16 12:30:37.722,0.83592,0.83621,1.45,1.15
2014.10.16 12:30:37.773,0.83594,0.83621,2.25,1.17
2014.10.16 12:30:37.924,0.83596,0.83626,2.32,1.15
2014.10.16 12:30:38.076,0.83595,0.83626,2.32,3.07
2014.10.16 12:30:38.126,0.83592,0.83626,2.32,3.07
2014.10.16 12:30:38.177,0.83591,0.83618,2.32,1.10
2014.10.16 12:30:38.480,0.83586,0.83617,2.32,1.15
2014.10.16 12:30:38.581,0.83583,0.83612,1.72,4.50
2014.10.16 12:30:39.085,0.83577,0.83608,4.50,1.15
2014.10.16 12:30:41.721,0.83582,0.83613,1.15,3.07
2014.10.16 12:30:41.931,0.83579,0.83611,1.15,2.32
2014.10.16 12:30:42.297,0.83582,0.83611,1.27,3.07
2014.10.16 12:30:42.449,0.83587,0.83617,1.15,2.32
2014.10.16 12:30:42.499,0.83587,0.83617,3.07,2.32
2014.10.16 12:30:42.550,0.83588,0.8362,2.32,2.32
2014.10.16 12:30:42.954,0.8359,0.83621,3.07,1.52
2014.10.16 12:30:44.032,0.83592,0.83623,2.32,4.20
2014.10.16 12:30:44.082,0.83592,0.83623,4.50,2.02
2014.10.16 12:30:44.511,0.83595,0.83625,2.32,1.15
2014.10.16 12:30:44.562,0.83598,0.83625,1.15,1.15
2014.10.16 12:30:44.713,0.83599,0.83628,2.32,2.32
2014.10.16 12:30:44.764,0.836,0.83631,2.32,1.52
2014.10.16 12:30:44.814,0.83602,0.83631,2.32,1.55
2014.10.16 12:30:44.865,0.83602,0.83631,4.50,1.20
2014.10.16 12:30:45.117,0.83606,0.83635,1.15,1.15
2014.10.16 12:30:45.168,0.83606,0.83635,1.15,1.15
2014.10.16 12:30:45.319,0.83608,0.83637,2.32,1.17
2014.10.16 12:30:45.370,0.83609,0.83637,2.32,1.17
2014.10.16 12:30:45.421,0.83611,0.83639,2.32,1.20
2014.10.16 12:30:45.472,0.83611,0.83641,4.50,1.52
2014.10.16 12:30:45.623,0.83611,0.83641,2.32,1.52
2014.10.16 12:30:45.674,0.83609,0.83641,1.15,3.45
2014.10.16 12:30:45.956,0.83611,0.8364,2.32,1.15
2014.10.16 12:30:46.962,0.8361,0.8364,2.32,1.15
2014.10.16 12:30:47.013,0.83607,0.8364,4.50,1.15
2014.10.16 12:30:47.787,0.83611,0.83641,2.32,3.07
2014.10.16 12:30:47.837,0.83611,0.83643,2.32,2.32
2014.10.16 12:30:47.888,0.83617,0.83644,1.37,2.25
2014.10.16 12:30:47.939,0.83617,0.83646,1.45,1.50
2014.10.16 12:30:47.990,0.83618,0.83646,2.32,1.00
2014.10.16 12:30:48.293,0.83614,0.83643,2.32,1.47
2014.10.16 12:30:48.344,0.83612,0.83643,2.32,1.47
2014.10.16 12:30:48.395,0.83615,0.83643,2.32,1.87
2014.10.16 12:30:48.698,0.83612,0.83642,2.32,1.87
2014.10.16 12:30:48.849,0.83609,0.83642,1.15,2.02
2014.10.16 12:30:49.102,0.83613,0.83641,2.32,1.20
2014.10.16 12:30:49.606,0.83613,0.8364,2.32,1.00
2014.10.16 12:30:49.908,0.83607,0.83638,2.32,1.27
2014.10.16 12:30:50.211,0.8361,0.83637,2.32,1.10
2014.10.16 12:30:51.212,0.83613,0.83638,2.32,1.00
2014.10.16 12:30:51.313,0.83615,0.83641,2.32,1.10
2014.10.16 12:30:51.415,0.83618,0.83642,2.32,1.00
2014.10.16 12:30:52.042,0.83618,0.83643,2.32,1.00
2014.10.16 12:30:52.294,0.83617,0.83643,1.45,1.07
2014.10.16 12:30:52.604,0.83622,0.83647,1.37,1.65
2014.10.16 12:30:52.654,0.83622,0.83647,1.45,1.65
2014.10.16 12:30:52.914,0.83625,0.83648,1.37,1.07
2014.10.16 12:30:52.964,0.83625,0.83649,1.45,1.10
2014.10.16 12:30:53.824,0.83627,0.8365,3.22,1.10
2014.10.16 12:30:53.925,0.83633,0.83652,1.30,1.00
2014.10.16 12:30:54.026,0.83635,0.83655,1.30,2.40
2014.10.16 12:30:54.530,0.83634,0.83655,1.30,1.17
2014.10.16 12:30:55.459,0.83635,0.83654,1.30,1.57
2014.10.16 12:30:56.010,0.83631,0.83654,1.12,1.20
2014.10.16 12:30:57.034,0.83632,0.83655,1.05,2.02
2014.10.16 12:30:57.563,0.83624,0.83648,1.30,2.32
2014.10.16 12:30:57.614,0.8362,0.83644,1.12,1.17
2014.10.16 12:30:57.665,0.83616,0.83644,2.32,1.15
2014.10.16 12:30:57.867,0.83619,0.83644,1.45,1.17
2014.10.16 12:30:58.170,0.83618,0.83642,2.32,1.00
2014.10.16 12:30:58.271,0.8362,0.83646,1.45,1.57
2014.10.16 12:30:58.372,0.83616,0.83646,2.32,1.65
2014.10.16 12:30:58.675,0.83615,0.83641,1.45,1.10
2014.10.16 12:30:58.827,0.83617,0.83643,1.37,1.65
2014.10.16 12:30:58.979,0.83616,0.83643,1.45,1.15
2014.10.16 12:30:59.130,0.83615,0.83643,1.45,2.32
2014.10.16 12:30:59.282,0.83606,0.83635,2.32,1.15
2014.10.16 12:30:59.333,0.83605,0.83629,2.25,2.25
2014.10.16 12:30:59.383,0.83602,0.83629,1.72,2.32
2014.10.16 12:30:59.434,0.83607,0.83629,1.30,2.32
2014.10.16 12:30:59.586,0.83608,0.83632,1.30,2.32
2014.10.16 12:30:59.737,0.83605,0.83632,1.30,2.32
2014.10.16 12:30:59.838,0.83609,0.83632,1.30,2.32
2014.10.16 12:31:00.141,0.83604,0.83623,1.30,2.32
2014.10.16 12:31:00.292,0.83598,0.83625,1.10,2.32
2014.10.16 12:31:00.343,0.83598,0.83621,1.00,2.32
2014.10.16 12:31:00.393,0.83593,0.83621,1.80,2.32
2014.10.16 12:31:00.444,0.83593,0.83622,1.80,2.32
2014.10.16 12:31:00.495,0.83599,0.83623,1.30,1.15
2014.10.16 12:31:00.545,0.83599,0.83617,1.30,2.25
2014.10.16 12:31:00.697,0.836,0.83621,1.30,2.32
2014.10.16 12:31:00.798,0.836,0.83625,1.30,4.50
2014.10.16 12:31:00.848,0.83602,0.83625,1.30,2.32
2014.10.16 12:31:01.151,0.83597,0.8362,1.30,2.32
2014.10.16 12:31:01.411,0.83596,0.83623,1.30,3.07
2014.10.16 12:31:01.462,0.83596,0.83623,1.37,1.15
2014.10.16 12:31:01.513,0.83597,0.83623,1.12,1.15
2014.10.16 12:31:01.664,0.83594,0.83622,1.87,2.32
2014.10.16 12:31:01.715,0.83592,0.83622,1.45,2.32
2014.10.16 12:31:01.765,0.83592,0.83618,1.37,2.32
2014.10.16 12:31:02.018,0.83596,0.83621,1.30,2.32
2014.10.16 12:31:02.170,0.8359,0.83619,1.87,2.32
2014.10.16 12:31:02.499,0.83591,0.83615,1.30,2.32
2014.10.16 12:31:03.005,0.83592,0.83615,1.30,2.32
2014.10.16 12:31:03.463,0.83591,0.83613,1.30,2.32
2014.10.16 12:31:03.766,0.83589,0.83609,1.30,2.32
2014.10.16 12:31:04.083,0.83589,0.83612,1.30,2.32
2014.10.16 12:31:04.587,0.83591,0.83612,1.30,2.32
2014.10.16 12:31:05.143,0.83588,0.83612,1.30,2.32
2014.10.16 12:31:05.244,0.8359,0.83612,1.30,2.70
2014.10.16 12:31:05.360,0.83586,0.83612,1.30,2.70
2014.10.16 12:31:05.924,0.83585,0.8361,1.05,1.15
2014.10.16 12:31:06.444,0.83586,0.8361,1.30,1.15
2014.10.16 12:31:06.799,0.8359,0.83612,1.00,2.32
2014.10.16 12:31:07.101,0.836,0.83621,1.00,1.15
2014.10.16 12:31:07.152,0.83597,0.83621,1.30,1.15
2014.10.16 12:31:07.253,0.836,0.83621,1.00,1.15
2014.10.16 12:31:07.689,0.83598,0.83625,1.37,1.15
2014.10.16 12:31:07.790,0.83598,0.83622,1.30,2.32
2014.10.16 12:31:07.992,0.83595,0.83621,1.30,1.15
2014.10.16 12:31:08.564,0.83592,0.83615,1.37,2.25
2014.10.16 12:31:09.078,0.83592,0.83617,1.30,2.32
2014.10.16 12:31:09.179,0.83592,0.83615,1.30,2.32
2014.10.16 12:31:09.331,0.8359,0.83615,1.30,2.32
2014.10.16 12:31:09.533,0.83587,0.83612,1.05,1.15
2014.10.16 12:31:09.583,0.83587,0.83612,1.30,3.07
2014.10.16 12:31:10.087,0.83588,0.83612,1.30,2.32
2014.10.16 12:31:10.239,0.83585,0.83614,1.45,1.15
2014.10.16 12:31:12.096,0.83585,0.83612,1.30,3.45
2014.10.16 12:31:12.616,0.83581,0.8361,1.45,1.52
2014.10.16 12:31:13.282,0.83581,0.83609,1.45,2.70
2014.10.16 12:31:13.800,0.83577,0.83605,1.37,2.70
2014.10.16 12:31:13.851,0.83575,0.83602,2.25,1.15
2014.10.16 12:31:14.003,0.83575,0.83601,3.07,1.50
2014.10.16 12:31:14.324,0.83586,0.83601,1.05,1.00
2014.10.16 12:31:14.375,0.83585,0.83614,1.17,3.82
2014.10.16 12:31:14.425,0.83585,0.83609,1.07,2.32
2014.10.16 12:31:14.728,0.83585,0.83605,1.30,2.32
2014.10.16 12:31:14.829,0.83578,0.83604,1.30,1.17
2014.10.16 12:31:15.031,0.83581,0.83607,1.30,1.15
2014.10.16 12:31:15.385,0.83584,0.83606,1.00,1.65
2014.10.16 12:31:15.727,0.8359,0.83606,1.00,1.65
2014.10.16 12:31:15.932,0.83585,0.83607,1.00,1.07
2014.10.16 12:31:16.033,0.8359,0.83607,1.00,1.10
2014.10.16 12:31:16.134,0.8359,0.83609,1.00,1.00
2014.10.16 12:31:16.336,0.83594,0.83613,1.30,1.07
2014.10.16 12:31:16.387,0.83595,0.83616,1.00,1.15
2014.10.16 12:31:16.437,0.83599,0.83616,1.30,1.07
2014.10.16 12:31:16.589,0.83604,0.83623,1.00,1.00
2014.10.16 12:31:16.740,0.83608,0.83629,1.30,1.57
2014.10.16 12:31:16.791,0.83608,0.83629,1.30,1.50
2014.10.16 12:31:16.842,0.83605,0.83629,1.30,1.50
2014.10.16 12:31:16.892,0.83605,0.83627,1.30,1.00
2014.10.16 12:31:16.993,0.83601,0.83627,1.05,1.17
2014.10.16 12:31:17.145,0.83605,0.83629,1.00,1.15
2014.10.16 12:31:17.297,0.83607,0.8363,1.30,1.17
2014.10.16 12:31:17.599,0.83605,0.83634,1.07,1.17
2014.10.16 12:31:18.343,0.83607,0.83634,1.30,1.17
2014.10.16 12:31:18.639,0.83609,0.83634,1.30,1.07
2014.10.16 12:31:18.740,0.83609,0.83634,1.05,1.00
2014.10.16 12:31:19.151,0.83614,0.83634,1.30,1.00
2014.10.16 12:31:19.302,0.83615,0.83638,1.30,1.10
2014.10.16 12:31:19.821,0.83614,0.83638,1.30,1.10
2014.10.16 12:31:20.469,0.83615,0.83638,1.30,1.10
2014.10.16 12:31:20.520,0.83615,0.83638,1.30,1.17
2014.10.16 12:31:20.722,0.83615,0.83638,1.30,1.10
2014.10.16 12:31:21.728,0.83616,0.83638,1.30,1.10
2014.10.16 12:31:22.781,0.83621,0.83638,1.30,1.10
2014.10.16 12:31:23.034,0.83627,0.83645,1.30,1.00
2014.10.16 12:31:23.135,0.8363,0.83645,1.30,1.00
2014.10.16 12:31:23.387,0.83631,0.83647,1.30,1.00
2014.10.16 12:31:23.690,0.83629,0.83647,1.30,1.00
2014.10.16 12:31:23.741,0.83629,0.8365,1.30,1.00
2014.10.16 12:31:24.027,0.83631,0.83647,1.30,1.00
2014.10.16 12:31:26.340,0.83633,0.83647,1.30,1.00
2014.10.16 12:31:26.844,0.83632,0.8365,1.30,1.00
2014.10.16 12:31:26.996,0.83637,0.83652,1.30,1.17
2014.10.16 12:31:27.097,0.83633,0.83652,1.30,1.17
2014.10.16 12:31:27.198,0.83631,0.83652,1.30,1.17
2014.10.16 12:31:27.349,0.83631,0.8365,1.30,1.17
2014.10.16 12:31:27.853,0.83631,0.83652,1.30,1.10
2014.10.16 12:31:27.955,0.83631,0.8365,1.30,1.00
2014.10.16 12:31:28.491,0.83632,0.8365,1.30,1.00
2014.10.16 12:31:28.643,0.83633,0.83653,1.05,1.00
2014.10.16 12:31:28.693,0.83633,0.8365,1.05,1.00
2014.10.16 12:31:28.744,0.83631,0.8365,1.30,1.00
2014.10.16 12:31:29.197,0.83635,0.8365,1.30,1.00
2014.10.16 12:31:29.248,0.83635,0.83655,1.30,1.10
2014.10.16 12:31:29.299,0.83633,0.83655,1.05,1.10
2014.10.16 12:31:29.400,0.83638,0.83655,1.30,1.10
2014.10.16 12:31:29.501,0.83634,0.83655,1.45,1.00
2014.10.16 12:31:29.602,0.83631,0.83655,1.12,1.17
2014.10.16 12:31:29.911,0.83631,0.83655,1.45,1.00
2014.10.16 12:31:30.215,0.83639,0.83662,1.30,2.43
2014.10.16 12:31:30.371,0.83635,0.83658,1.30,2.32
2014.10.16 12:31:30.523,0.83637,0.83658,1.30,2.32
2014.10.16 12:31:30.574,0.83637,0.83662,1.30,3.07
2014.10.16 12:31:30.675,0.83636,0.83658,1.30,2.32
2014.10.16 12:31:30.776,0.83636,0.83662,1.30,2.32
2014.10.16 12:31:30.827,0.83638,0.83662,1.30,2.32
2014.10.16 12:31:31.029,0.83639,0.83665,1.05,2.32
2014.10.16 12:31:31.080,0.83639,0.83667,1.12,1.15
2014.10.16 12:31:31.181,0.83638,0.83666,1.37,2.32
2014.10.16 12:31:31.231,0.83638,0.83665,1.05,2.32
2014.10.16 12:31:31.282,0.8364,0.83665,1.05,2.32
2014.10.16 12:31:31.333,0.8364,0.83667,1.12,1.15
2014.10.16 12:31:31.686,0.83639,0.83669,1.45,2.25
2014.10.16 12:31:31.737,0.83645,0.83672,1.05,1.15
2014.10.16 12:31:31.788,0.83645,0.83655,1.05,1.00
2014.10.16 12:31:31.889,0.83645,0.83665,1.05,1.00
2014.10.16 12:31:31.990,0.83645,0.83656,1.05,1.00
2014.10.16 12:31:32.142,0.83645,0.83666,1.05,1.00
2014.10.16 12:31:32.294,0.83646,0.83673,1.30,2.32
2014.10.16 12:31:32.345,0.83646,0.83675,1.37,2.32
2014.10.16 12:31:32.597,0.8365,0.83679,1.45,2.32
2014.10.16 12:31:33.051,0.83653,0.8368,1.37,2.32
2014.10.16 12:31:33.102,0.83653,0.83683,1.12,3.45
2014.10.16 12:31:34.776,0.83651,0.83678,1.30,5.62
2014.10.16 12:31:35.119,0.83652,0.83675,1.30,4.87
2014.10.16 12:31:35.172,0.8365,0.83675,1.30,4.50
2014.10.16 12:31:35.223,0.83648,0.83675,1.30,4.50
2014.10.16 12:31:35.726,0.83647,0.83675,1.30,6.00
2014.10.16 12:31:35.777,0.83647,0.83669,1.30,2.32
2014.10.16 12:31:36.131,0.83645,0.83669,1.30,2.32
2014.10.16 12:31:36.232,0.83643,0.83669,1.30,2.70
2014.10.16 12:31:36.535,0.83645,0.83669,1.30,2.32
2014.10.16 12:31:36.585,0.83645,0.83671,1.30,2.32
2014.10.16 12:31:37.090,0.83644,0.83671,1.45,1.15
2014.10.16 12:31:37.292,0.8364,0.83671,1.45,3.07
2014.10.16 12:31:38.256,0.83643,0.83672,1.12,2.70
2014.10.16 12:31:38.307,0.83643,0.83674,1.45,3.45
2014.10.16 12:31:38.459,0.83645,0.83674,3.30,1.52
2014.10.16 12:31:38.510,0.83645,0.83674,3.30,1.52
2014.10.16 12:31:38.935,0.83647,0.83674,1.12,2.32
2014.10.16 12:31:38.986,0.83644,0.83674,1.45,2.32
2014.10.16 12:31:39.844,0.83641,0.83671,2.32,2.70
2014.10.16 12:31:39.894,0.83639,0.83671,2.32,2.70
2014.10.16 12:31:40.299,0.83638,0.83668,2.32,2.70
2014.10.16 12:31:40.354,0.83637,0.83668,1.45,2.70
2014.10.16 12:31:40.954,0.8364,0.83669,1.12,2.70
2014.10.16 12:31:41.004,0.8364,0.83671,1.45,3.45
2014.10.16 12:31:41.720,0.83639,0.83667,1.15,2.70
2014.10.16 12:31:41.822,0.83639,0.83664,1.00,2.32
2014.10.16 12:31:41.923,0.83637,0.83664,1.05,2.32
2014.10.16 12:31:44.390,0.83635,0.83664,2.25,2.32
2014.10.16 12:31:44.441,0.83635,0.83667,4.42,2.70
2014.10.16 12:31:45.635,0.83631,0.83663,3.67,2.70
2014.10.16 12:31:45.950,0.83628,0.8366,2.70,2.70
2014.10.16 12:31:46.927,0.83632,0.83662,3.67,1.27
2014.10.16 12:31:48.425,0.83633,0.83663,1.50,2.70
2014.10.16 12:31:48.475,0.83633,0.83662,1.50,2.70
2014.10.16 12:31:49.530,0.83633,0.83662,1.82,2.32
2014.10.16 12:31:49.581,0.83635,0.83664,2.25,2.70
2014.10.16 12:31:49.934,0.83639,0.83664,1.30,2.32
2014.10.16 12:31:50.472,0.8364,0.83664,1.00,2.32
2014.10.16 12:31:50.725,0.83639,0.83667,1.50,3.07
2014.10.16 12:31:51.240,0.83642,0.83667,1.30,2.32
2014.10.16 12:31:51.621,0.83642,0.8367,1.12,2.70
2014.10.16 12:31:54.379,0.83642,0.83671,1.50,2.70
2014.10.16 12:31:54.429,0.83648,0.83674,1.30,2.70
2014.10.16 12:31:54.631,0.8365,0.83674,1.30,2.32
2014.10.16 12:31:54.682,0.8365,0.83676,1.05,2.70
2014.10.16 12:31:55.229,0.8365,0.83677,1.05,2.70
2014.10.16 12:31:57.521,0.83651,0.83677,1.30,2.70
2014.10.16 12:31:57.926,0.83653,0.83677,1.30,2.70
2014.10.16 12:31:58.535,0.8365,0.83677,1.05,2.32
2014.10.16 12:31:58.690,0.83653,0.83678,1.30,2.70
2014.10.16 12:31:58.741,0.83653,0.8368,1.30,2.70
2014.10.16 12:31:59.246,0.83654,0.8368,1.30,3.45
2014.10.16 12:31:59.397,0.83652,0.8368,1.05,2.70
2014.10.16 12:31:59.915,0.83653,0.8368,1.30,2.70
2014.10.16 12:32:00.066,0.83653,0.83681,1.37,2.70
2014.10.16 12:32:00.369,0.8366,0.83682,1.30,2.32
2014.10.16 12:32:00.471,0.83657,0.83682,1.67,2.32
2014.10.16 12:32:00.880,0.83654,0.83682,1.50,2.32
2014.10.16 12:32:00.931,0.83657,0.83682,1.30,2.32
2014.10.16 12:32:01.138,0.83655,0.83682,1.05,2.32
2014.10.16 12:32:02.035,0.83657,0.83682,1.30,2.32
2014.10.16 12:32:02.345,0.8366,0.83682,1.30,2.32
2014.10.16 12:32:02.446,0.8366,0.83686,1.30,2.32
2014.10.16 12:32:02.597,0.8366,0.83687,1.37,2.32
2014.10.16 12:32:02.648,0.8366,0.83689,1.45,2.32
2014.10.16 12:32:02.900,0.83661,0.83687,1.05,2.70
2014.10.16 12:32:03.001,0.83659,0.83687,1.30,4.50
2014.10.16 12:32:03.512,0.83657,0.83687,1.45,5.25
2014.10.16 12:32:04.215,0.8366,0.83687,1.30,5.25
2014.10.16 12:32:04.316,0.83662,0.83691,1.45,1.15
2014.10.16 12:32:04.518,0.83665,0.83693,1.12,1.15
2014.10.16 12:32:05.023,0.83667,0.83696,3.30,1.15
2014.10.16 12:32:05.074,0.83669,0.83696,1.45,1.17
2014.10.16 12:32:05.125,0.83669,0.83696,1.12,1.17
2014.10.16 12:32:05.478,0.83667,0.83697,1.45,1.15
2014.10.16 12:32:06.109,0.83667,0.83696,1.45,2.32
2014.10.16 12:32:06.614,0.83664,0.83696,2.70,2.70
2014.10.16 12:32:07.118,0.83663,0.83694,2.32,2.70
2014.10.16 12:32:07.169,0.83661,0.83694,2.32,2.70
2014.10.16 12:32:07.421,0.8366,0.83691,2.32,2.70
2014.10.16 12:32:07.926,0.83658,0.83688,3.07,2.70
2014.10.16 12:32:07.977,0.83656,0.83688,3.07,2.70
2014.10.16 12:32:08.128,0.83655,0.83685,2.70,2.32
2014.10.16 12:32:08.179,0.83653,0.83685,2.32,3.07
2014.10.16 12:32:08.230,0.83652,0.83681,2.32,2.70
2014.10.16 12:32:08.280,0.8365,0.83681,1.15,2.70
2014.10.16 12:32:08.331,0.8365,0.83678,1.15,2.32
2014.10.16 12:32:08.382,0.83646,0.83678,2.70,2.70
2014.10.16 12:32:08.533,0.83645,0.83675,2.70,2.70
2014.10.16 12:32:08.584,0.83644,0.83675,1.45,2.32
2014.10.16 12:32:08.735,0.83653,0.83676,1.30,2.32
2014.10.16 12:32:08.837,0.8365,0.83678,1.37,2.32
2014.10.16 12:32:09.252,0.83646,0.83675,1.12,2.32
2014.10.16 12:32:09.756,0.83648,0.83675,1.30,2.32
2014.10.16 12:32:10.210,0.83647,0.83676,1.37,3.45
2014.10.16 12:32:10.513,0.83649,0.83677,1.12,1.15
2014.10.16 12:32:10.614,0.83651,0.8368,1.37,3.45
2014.10.16 12:32:10.715,0.83651,0.8368,1.37,1.15
2014.10.16 12:32:11.018,0.83662,0.83686,1.30,2.32
2014.10.16 12:32:11.371,0.83662,0.83689,1.30,2.32
2014.10.16 12:32:11.623,0.83658,0.83686,1.12,2.32
2014.10.16 12:32:11.674,0.83657,0.83686,1.12,2.32
2014.10.16 12:32:12.027,0.83654,0.83682,1.45,2.32
2014.10.16 12:32:12.077,0.83654,0.83682,1.12,2.32
2014.10.16 12:32:12.632,0.83652,0.83679,1.12,2.32
2014.10.16 12:32:12.683,0.83651,0.83679,1.12,2.32
2014.10.16 12:32:13.656,0.83647,0.83676,1.45,2.32
2014.10.16 12:32:13.706,0.83647,0.83676,1.45,2.32
2014.10.16 12:32:14.446,0.83647,0.83673,1.37,2.32
2014.10.16 12:32:14.850,0.83647,0.83671,1.30,2.32
2014.10.16 12:32:15.153,0.83646,0.83668,1.30,2.32
2014.10.16 12:32:15.990,0.83646,0.83672,1.30,4.87
2014.10.16 12:32:16.091,0.83645,0.83668,1.30,2.70
2014.10.16 12:32:16.508,0.83643,0.83666,1.30,1.27
2014.10.16 12:32:17.018,0.83642,0.83665,1.30,1.52
2014.10.16 12:32:17.472,0.83638,0.83665,1.12,3.45
2014.10.16 12:32:17.523,0.83638,0.83665,1.05,3.45
2014.10.16 12:32:17.674,0.83638,0.83663,1.30,2.70
2014.10.16 12:32:18.179,0.83639,0.83663,1.30,2.32
2014.10.16 12:32:18.330,0.83639,0.83665,1.05,1.27
2014.10.16 12:32:18.482,0.83639,0.83665,1.80,2.02
2014.10.16 12:32:18.784,0.83644,0.83669,1.30,2.32
2014.10.16 12:32:18.936,0.83643,0.83671,1.12,1.15
2014.10.16 12:32:19.906,0.8364,0.83669,1.50,2.70
2014.10.16 12:32:20.410,0.83641,0.83669,1.12,2.70
2014.10.16 12:32:20.713,0.83638,0.83662,1.30,1.52
2014.10.16 12:32:21.016,0.83636,0.8366,1.30,2.70
2014.10.16 12:32:21.117,0.83636,0.83662,1.30,3.45
2014.10.16 12:32:21.542,0.83636,0.83664,1.45,1.52
2014.10.16 12:32:21.593,0.8364,0.83664,1.30,1.52
2014.10.16 12:32:22.454,0.83641,0.83664,1.30,1.55
2014.10.16 12:32:22.555,0.83641,0.83664,1.05,1.55
2014.10.16 12:32:22.707,0.83643,0.83665,1.30,1.52
2014.10.16 12:32:23.027,0.83644,0.83665,1.30,1.15
2014.10.16 12:32:24.792,0.83644,0.83669,1.30,3.45
2014.10.16 12:32:25.213,0.83643,0.83666,1.30,1.65
2014.10.16 12:32:25.264,0.83639,0.83663,1.30,1.52
2014.10.16 12:32:25.567,0.83641,0.83663,1.30,1.52
2014.10.16 12:32:26.189,0.8364,0.83663,1.30,1.52
2014.10.16 12:32:26.980,0.83638,0.83661,1.30,1.15
2014.10.16 12:32:27.182,0.83639,0.8366,1.35,2.32
2014.10.16 12:32:27.284,0.83639,0.83663,1.45,1.20
2014.10.16 12:32:27.385,0.8364,0.83664,1.00,2.32
2014.10.16 12:32:27.688,0.83642,0.83664,1.30,2.32
2014.10.16 12:32:28.192,0.83641,0.83664,1.30,2.32
2014.10.16 12:32:30.844,0.83642,0.83664,1.30,2.32
2014.10.16 12:32:31.238,0.83642,0.83666,1.30,1.52
2014.10.16 12:32:31.393,0.83644,0.83666,1.30,1.52
2014.10.16 12:32:32.246,0.83641,0.83666,1.30,1.52
2014.10.16 12:32:33.029,0.83642,0.83666,1.30,1.15
2014.10.16 12:32:33.180,0.83645,0.83666,1.00,1.15
2014.10.16 12:32:33.537,0.83643,0.83666,1.30,1.15
2014.10.16 12:32:33.588,0.83645,0.83666,1.30,1.15
2014.10.16 12:32:34.092,0.83646,0.83668,1.30,1.15
2014.10.16 12:32:34.709,0.83645,0.83668,1.30,1.27
2014.10.16 12:32:35.476,0.83642,0.83664,1.05,1.10
2014.10.16 12:32:35.829,0.83643,0.83664,1.30,1.15
2014.10.16 12:32:36.334,0.83645,0.83664,1.30,1.15
2014.10.16 12:32:36.687,0.83647,0.83666,1.30,3.07
2014.10.16 12:32:36.979,0.83647,0.83666,1.30,1.15
2014.10.16 12:32:37.911,0.83645,0.83666,1.72,1.15
2014.10.16 12:32:39.324,0.83641,0.83666,1.80,1.15
2014.10.16 12:32:39.374,0.83641,0.83665,1.72,2.32
2014.10.16 12:32:39.688,0.83645,0.83665,1.00,2.32
2014.10.16 12:32:39.790,0.83641,0.83665,1.00,2.32
2014.10.16 12:32:39.980,0.83645,0.83665,1.00,2.32
2014.10.16 12:32:40.778,0.83645,0.83666,1.00,1.15
2014.10.16 12:32:40.879,0.83645,0.83666,1.00,5.25
2014.10.16 12:32:41.236,0.83641,0.83666,1.00,5.62
2014.10.16 12:32:41.489,0.83641,0.83662,1.00,2.32
2014.10.16 12:32:41.768,0.83639,0.83662,1.00,2.32
2014.10.16 12:32:42.272,0.8364,0.83662,1.00,2.32
2014.10.16 12:32:42.707,0.83641,0.83665,1.00,2.32
2014.10.16 12:32:42.758,0.83643,0.83665,1.30,2.32
2014.10.16 12:32:42.809,0.83643,0.83666,1.30,1.15
2014.10.16 12:32:42.910,0.83645,0.83666,1.00,1.15
2014.10.16 12:32:43.378,0.83643,0.83666,1.30,1.15
2014.10.16 12:32:43.683,0.83643,0.83665,1.00,2.32
2014.10.16 12:32:43.886,0.83641,0.83665,1.00,2.70
2014.10.16 12:32:46.154,0.83639,0.83664,1.00,1.52
2014.10.16 12:32:46.508,0.83637,0.83662,1.07,1.52
2014.10.16 12:32:47.013,0.83639,0.83662,1.00,2.70
2014.10.16 12:32:47.114,0.83639,0.83664,1.00,1.52
2014.10.16 12:32:47.165,0.83643,0.83664,1.30,1.52
2014.10.16 12:32:47.467,0.83646,0.83667,1.30,3.07
2014.10.16 12:32:47.619,0.83647,0.83667,1.30,1.17
2014.10.16 12:32:48.346,0.8365,0.83669,1.00,1.12
2014.10.16 12:32:48.500,0.83645,0.83669,1.72,1.52
2014.10.16 12:32:49.156,0.83645,0.83667,1.00,1.27
2014.10.16 12:32:49.703,0.83645,0.83665,1.00,1.20
2014.10.16 12:32:50.167,0.83645,0.83665,1.00,1.55
2014.10.16 12:32:50.218,0.8364,0.83665,2.47,1.52
2014.10.16 12:32:50.369,0.83642,0.83663,1.30,1.15
2014.10.16 12:32:50.521,0.83644,0.83665,1.05,1.00
2014.10.16 12:32:50.622,0.8365,0.83665,1.00,1.00
2014.10.16 12:32:50.824,0.83652,0.83674,1.30,1.15
2014.10.16 12:32:50.875,0.83655,0.83674,1.00,1.15
2014.10.16 12:32:51.137,0.83652,0.83674,1.30,1.17
2014.10.16 12:32:51.188,0.8366,0.83675,1.00,1.15
2014.10.16 12:32:51.289,0.83655,0.83675,1.00,1.15
2014.10.16 12:32:51.440,0.83655,0.83678,1.00,1.15
2014.10.16 12:32:51.692,0.83657,0.83675,1.30,1.00
2014.10.16 12:32:51.945,0.8365,0.83675,1.65,1.15
2014.10.16 12:32:52.046,0.83655,0.83675,1.00,1.15
2014.10.16 12:32:52.550,0.83654,0.83675,1.00,1.15
2014.10.16 12:32:52.880,0.83645,0.83666,1.00,1.30
2014.10.16 12:32:52.981,0.83645,0.8366,1.00,1.30
2014.10.16 12:32:53.234,0.83645,0.83663,1.00,1.10
2014.10.16 12:32:53.285,0.8364,0.83663,1.00,1.10
2014.10.16 12:32:53.363,0.83645,0.83663,1.00,1.10
2014.10.16 12:32:53.666,0.8365,0.83668,1.00,1.07
2014.10.16 12:32:53.818,0.83647,0.83671,1.45,1.00
2014.10.16 12:32:53.868,0.8365,0.83671,1.37,1.00
2014.10.16 12:32:54.189,0.83664,0.83681,1.00,1.00
2014.10.16 12:32:54.340,0.83665,0.83683,1.00,1.00
2014.10.16 12:32:54.441,0.83665,0.83686,1.00,1.00
2014.10.16 12:32:54.542,0.83665,0.83688,1.12,1.00
2014.10.16 12:32:54.593,0.8367,0.83687,1.00,1.00
2014.10.16 12:32:54.946,0.8367,0.83687,1.17,1.00
2014.10.16 12:32:54.996,0.8367,0.83693,1.17,1.00
2014.10.16 12:32:55.097,0.83675,0.83697,1.00,1.00
2014.10.16 12:32:55.299,0.8367,0.83696,1.00,1.20
2014.10.16 12:32:55.500,0.8367,0.83696,1.00,1.17
2014.10.16 12:32:55.853,0.8367,0.83691,1.00,1.00
2014.10.16 12:32:55.954,0.83665,0.83691,1.00,1.20
2014.10.16 12:32:56.005,0.83665,0.83688,1.00,1.00
2014.10.16 12:32:56.512,0.8367,0.83688,1.00,1.17
2014.10.16 12:32:56.780,0.83665,0.83688,1.00,1.17
2014.10.16 12:32:56.881,0.83665,0.83688,1.00,1.15
2014.10.16 12:32:57.184,0.83665,0.83686,1.00,3.07
2014.10.16 12:32:57.941,0.83665,0.83686,1.00,1.10
2014.10.16 12:32:58.598,0.8366,0.83687,1.10,1.82
2014.10.16 12:32:58.699,0.8366,0.83686,1.00,2.70
2014.10.16 12:32:58.851,0.8366,0.83687,1.00,1.52
2014.10.16 12:32:59.607,0.83665,0.83688,1.00,2.70
2014.10.16 12:33:00.129,0.8367,0.83689,1.00,1.15
2014.10.16 12:33:00.230,0.8367,0.83691,1.00,1.52
2014.10.16 12:33:00.583,0.83675,0.83691,1.00,2.70
2014.10.16 12:33:00.734,0.83675,0.83693,1.00,1.45
2014.10.16 12:33:00.936,0.8367,0.83693,1.00,1.12
2014.10.16 12:33:01.038,0.8367,0.83693,1.00,1.45
2014.10.16 12:33:01.341,0.83675,0.83695,1.00,2.32
2014.10.16 12:33:01.811,0.83675,0.83701,1.00,1.45
2014.10.16 12:33:01.912,0.8367,0.83698,1.07,1.45
2014.10.16 12:33:02.013,0.8367,0.83697,1.00,2.32
2014.10.16 12:33:02.165,0.8367,0.83698,1.70,1.45
2014.10.16 12:33:02.517,0.83669,0.83696,2.17,1.12
2014.10.16 12:33:02.770,0.83669,0.83699,3.00,1.45
2014.10.16 12:33:02.871,0.83669,0.83699,2.25,3.30
2014.10.16 12:33:03.173,0.83665,0.83697,1.15,4.50
2014.10.16 12:33:03.224,0.83665,0.83693,1.07,2.32
2014.10.16 12:33:03.275,0.83665,0.83692,1.10,2.32
2014.10.16 12:33:03.426,0.83665,0.83692,1.65,2.32
2014.10.16 12:33:03.477,0.83666,0.83696,1.15,2.32
2014.10.16 12:33:04.417,0.83667,0.8369,2.25,1.00
2014.10.16 12:33:04.620,0.83662,0.8369,1.15,2.25
2014.10.16 12:33:04.721,0.83658,0.8369,2.32,2.25
2014.10.16 12:33:04.771,0.83656,0.83686,2.02,1.45
2014.10.16 12:33:05.074,0.8366,0.83685,1.00,2.32
2014.10.16 12:33:05.729,0.83655,0.83683,1.15,1.45
2014.10.16 12:33:05.880,0.8366,0.83683,1.00,1.45
2014.10.16 12:33:05.981,0.83655,0.83683,1.15,1.45
2014.10.16 12:33:06.032,0.83655,0.83683,1.07,3.30
2014.10.16 12:33:06.083,0.83655,0.83682,1.00,2.32
2014.10.16 12:33:06.184,0.8366,0.83682,1.00,2.32
2014.10.16 12:33:07.395,0.83659,0.83682,1.00,3.30
2014.10.16 12:33:07.445,0.83655,0.83682,1.00,3.30
2014.10.16 12:33:07.546,0.83655,0.8368,1.00,2.32
2014.10.16 12:33:07.849,0.83651,0.83679,1.10,3.30
2014.10.16 12:33:08.053,0.83655,0.83679,1.00,3.30
2014.10.16 12:33:08.589,0.83654,0.83679,1.00,2.32
2014.10.16 12:33:09.058,0.83654,0.8368,1.10,1.50
2014.10.16 12:33:09.260,0.83655,0.83678,1.00,2.32
2014.10.16 12:33:09.361,0.83652,0.83678,1.00,2.32
2014.10.16 12:33:09.728,0.83655,0.83677,1.00,1.82
2014.10.16 12:33:09.829,0.8365,0.83677,1.17,1.82
2014.10.16 12:33:09.880,0.8365,0.83675,1.00,2.32
2014.10.16 12:33:10.031,0.83647,0.83675,1.10,2.70
2014.10.16 12:33:10.183,0.83648,0.83671,1.00,2.32
2014.10.16 12:33:10.284,0.83647,0.83673,1.00,2.32
2014.10.16 12:33:10.385,0.8365,0.83675,1.10,1.87
2014.10.16 12:33:11.090,0.8365,0.83677,1.15,1.15
2014.10.16 12:33:11.241,0.83655,0.83677,1.00,1.15
2014.10.16 12:33:11.624,0.8366,0.83677,1.00,1.15
2014.10.16 12:33:11.676,0.83659,0.83677,1.00,1.00
2014.10.16 12:33:11.929,0.83655,0.8368,1.77,1.15
2014.10.16 12:33:12.080,0.83655,0.8368,1.75,1.00
2014.10.16 12:33:12.282,0.83655,0.8368,1.60,1.15
2014.10.16 12:33:12.333,0.8366,0.8368,1.00,1.15
2014.10.16 12:33:12.635,0.8366,0.83679,1.00,2.32
2014.10.16 12:33:12.686,0.83655,0.83676,1.00,3.30
2014.10.16 12:33:12.787,0.8366,0.83676,1.00,3.30
2014.10.16 12:33:12.888,0.83652,0.83677,1.10,1.15
2014.10.16 12:33:12.989,0.83652,0.83674,1.00,1.87
2014.10.16 12:33:13.292,0.8365,0.8367,1.00,2.32
2014.10.16 12:33:13.393,0.8365,0.83672,1.00,1.45
2014.10.16 12:33:13.495,0.8365,0.83675,1.00,1.50
2014.10.16 12:33:13.673,0.83655,0.83676,1.00,2.32
2014.10.16 12:33:14.087,0.83655,0.83673,1.00,2.32
2014.10.16 12:33:14.138,0.8365,0.83673,1.00,3.30
2014.10.16 12:33:14.491,0.83649,0.83675,1.10,1.87
2014.10.16 12:33:14.692,0.8365,0.83672,1.00,1.45
2014.10.16 12:33:15.096,0.83646,0.83673,1.60,2.32
2014.10.16 12:33:15.297,0.83647,0.83668,1.00,2.32
2014.10.16 12:33:15.348,0.83645,0.83667,1.00,1.15
2014.10.16 12:33:15.399,0.83645,0.83665,1.00,2.32
2014.10.16 12:33:15.601,0.83642,0.83665,1.00,2.32
2014.10.16 12:33:15.651,0.83644,0.83665,1.00,2.32
2014.10.16 12:33:16.092,0.83644,0.83662,1.00,2.32
2014.10.16 12:33:16.142,0.8364,0.83662,1.35,2.32
2014.10.16 12:33:16.635,0.83645,0.83662,1.00,2.32
2014.10.16 12:33:16.850,0.8364,0.83662,1.35,2.32
2014.10.16 12:33:17.203,0.83636,0.83658,1.35,2.32
2014.10.16 12:33:17.505,0.8364,0.83661,1.00,2.32
2014.10.16 12:33:17.708,0.8364,0.83664,1.00,2.70
2014.10.16 12:33:17.809,0.8364,0.83668,1.35,2.70
2014.10.16 12:33:17.961,0.83644,0.83668,1.00,2.32
2014.10.16 12:33:18.163,0.8364,0.83664,2.10,1.45
2014.10.16 12:33:18.314,0.8364,0.83662,2.10,2.32
2014.10.16 12:33:18.415,0.8364,0.83662,1.00,1.12
2014.10.16 12:33:18.617,0.83637,0.83661,2.85,1.45
2014.10.16 12:33:18.719,0.8364,0.83664,1.35,1.45
2014.10.16 12:33:19.323,0.8364,0.83662,1.35,1.45
2014.10.16 12:33:19.424,0.8364,0.83664,1.42,1.45
2014.10.16 12:33:19.898,0.83642,0.83665,1.00,1.45
2014.10.16 12:33:20.220,0.8364,0.83667,2.17,2.32
2014.10.16 12:33:20.271,0.83642,0.83667,1.30,2.32
2014.10.16 12:33:20.321,0.83643,0.8367,1.10,3.45
2014.10.16 12:33:20.573,0.83643,0.8367,2.92,2.70
2014.10.16 12:33:21.279,0.83645,0.83672,1.87,1.45
2014.10.16 12:33:21.481,0.83649,0.83672,1.60,1.45
2014.10.16 12:33:21.532,0.83651,0.83672,1.00,1.05
2014.10.16 12:33:22.036,0.83646,0.8367,1.17,1.12
2014.10.16 12:33:22.137,0.83644,0.83668,1.30,1.15
2014.10.16 12:33:22.540,0.83645,0.83665,1.00,6.22
2014.10.16 12:33:22.591,0.8364,0.83665,1.00,6.22
2014.10.16 12:33:22.642,0.83638,0.83661,1.35,1.15
2014.10.16 12:33:22.894,0.83636,0.8366,1.20,1.12
2014.10.16 12:33:22.944,0.83634,0.83657,1.65,1.00
2014.10.16 12:33:23.045,0.83632,0.83657,1.15,1.17
2014.10.16 12:33:23.298,0.83629,0.83652,2.32,1.00
2014.10.16 12:33:23.651,0.83635,0.83656,1.00,1.12
2014.10.16 12:33:23.752,0.83635,0.8366,1.17,1.17
2014.10.16 12:33:23.954,0.83636,0.83665,1.15,1.15
2014.10.16 12:33:24.497,0.8364,0.83665,1.00,1.15
2014.10.16 12:33:24.799,0.8364,0.83665,1.15,1.17
2014.10.16 12:33:26.109,0.83645,0.83667,1.00,1.15
2014.10.16 12:33:26.260,0.83645,0.8367,1.00,1.52
2014.10.16 12:33:26.696,0.83645,0.8367,1.27,1.07
2014.10.16 12:33:27.000,0.8365,0.83673,1.00,1.17
2014.10.16 12:33:27.303,0.83645,0.83673,1.17,1.52
2014.10.16 12:33:27.354,0.83645,0.83671,1.07,1.27
2014.10.16 12:33:27.455,0.83645,0.83668,1.00,1.55
2014.10.16 12:33:27.657,0.8364,0.83666,1.00,1.27
2014.10.16 12:33:27.758,0.83645,0.83666,1.00,1.15
2014.10.16 12:33:27.864,0.8364,0.83666,1.00,1.15
2014.10.16 12:33:27.965,0.8364,0.83666,1.07,1.07
2014.10.16 12:33:28.218,0.83641,0.83666,1.15,1.10
2014.10.16 12:33:28.268,0.83641,0.83666,1.07,1.17
2014.10.16 12:33:28.369,0.8364,0.83664,1.00,1.15
2014.10.16 12:33:28.672,0.8364,0.83664,1.00,3.07
2014.10.16 12:33:29.182,0.8364,0.83661,1.00,1.15
2014.10.16 12:33:29.333,0.8364,0.83661,1.00,1.10
2014.10.16 12:33:29.485,0.83645,0.83664,1.00,1.15
2014.10.16 12:33:29.586,0.8364,0.83664,1.00,1.15
2014.10.16 12:33:29.839,0.83636,0.83664,3.07,1.10
2014.10.16 12:33:30.500,0.83637,0.83666,2.02,1.15
2014.10.16 12:33:31.074,0.8364,0.83666,1.12,1.15
2014.10.16 12:33:31.450,0.83643,0.83667,1.00,2.70
2014.10.16 12:33:31.839,0.83643,0.83668,1.00,1.15
2014.10.16 12:33:31.889,0.83645,0.83668,1.00,1.15
2014.10.16 12:33:32.192,0.8364,0.83664,1.72,1.27
2014.10.16 12:33:32.495,0.83639,0.83662,1.00,1.15
2014.10.16 12:33:32.798,0.8364,0.83659,1.00,1.07
2014.10.16 12:33:32.899,0.83635,0.83657,1.00,3.07
2014.10.16 12:33:33.000,0.83635,0.83652,1.00,2.32
2014.10.16 12:33:33.101,0.8363,0.83652,1.00,2.32
2014.10.16 12:33:33.152,0.8363,0.83653,1.00,1.15
2014.10.16 12:33:33.303,0.83635,0.83652,1.00,2.32
2014.10.16 12:33:33.455,0.83635,0.83654,1.00,1.15
2014.10.16 12:33:33.506,0.8363,0.83654,1.00,1.15
2014.10.16 12:33:33.657,0.83629,0.83654,1.00,2.32
2014.10.16 12:33:33.809,0.83626,0.83654,1.57,3.30
2014.10.16 12:33:33.910,0.83626,0.83651,1.10,3.30
2014.10.16 12:33:34.111,0.83621,0.83648,1.00,2.32
2014.10.16 12:33:34.622,0.83618,0.83648,1.15,2.32
2014.10.16 12:33:34.723,0.83618,0.83648,1.15,2.32
2014.10.16 12:33:34.773,0.83619,0.83647,1.45,1.15
2014.10.16 12:33:34.925,0.83623,0.8365,1.17,2.32
2014.10.16 12:33:34.975,0.83623,0.83654,1.15,2.32
2014.10.16 12:33:36.089,0.8362,0.83651,2.32,2.32
2014.10.16 12:33:36.140,0.83619,0.83649,1.15,1.15
2014.10.16 12:33:36.292,0.8362,0.83651,3.07,2.32
2014.10.16 12:33:36.393,0.83621,0.83653,2.32,2.32
2014.10.16 12:33:37.023,0.83625,0.83651,1.07,2.32
2014.10.16 12:33:37.534,0.83625,0.83648,1.00,1.15
2014.10.16 12:33:37.585,0.83619,0.83647,1.07,2.32
2014.10.16 12:33:37.798,0.83625,0.83647,1.00,2.32
2014.10.16 12:33:38.705,0.8362,0.83647,1.10,2.32
2014.10.16 12:33:38.907,0.83625,0.83647,1.00,1.15
2014.10.16 12:33:39.159,0.8362,0.83649,1.15,1.52
2014.10.16 12:33:39.210,0.8362,0.83648,1.07,2.70
2014.10.16 12:33:39.311,0.83616,0.83647,1.27,2.70
2014.10.16 12:33:39.714,0.83617,0.83647,2.70,2.32
2014.10.16 12:33:39.765,0.83618,0.83649,3.67,1.15
2014.10.16 12:33:39.816,0.83625,0.83649,1.10,1.17
2014.10.16 12:33:39.866,0.83625,0.83653,1.17,3.45
2014.10.16 12:33:40.018,0.8363,0.83653,1.00,2.32
2014.10.16 12:33:40.068,0.8363,0.83656,1.00,2.32
2014.10.16 12:33:40.169,0.8363,0.83658,1.15,1.87
2014.10.16 12:33:40.220,0.8363,0.83658,1.15,1.87
2014.10.16 12:33:40.270,0.83631,0.83662,1.45,3.30
2014.10.16 12:33:40.421,0.8363,0.83656,3.97,2.25
2014.10.16 12:33:40.472,0.8363,0.83654,1.30,2.32
2014.10.16 12:33:40.523,0.8363,0.83654,3.22,2.25
2014.10.16 12:33:40.573,0.83631,0.83661,2.32,1.45
2014.10.16 12:33:40.674,0.8363,0.83659,1.15,1.45
2014.10.16 12:33:41.849,0.8363,0.83659,1.17,3.30
2014.10.16 12:33:41.899,0.8363,0.83658,1.17,2.32
2014.10.16 12:33:42.253,0.8363,0.83656,1.07,2.32
2014.10.16 12:33:42.719,0.8363,0.83657,1.15,1.15
2014.10.16 12:33:42.820,0.83627,0.83656,3.07,3.30
2014.10.16 12:33:42.921,0.83625,0.83653,1.07,1.15
2014.10.16 12:33:43.123,0.83626,0.83657,1.45,6.97
2014.10.16 12:33:43.224,0.8363,0.83657,1.00,6.22
2014.10.16 12:33:43.527,0.83635,0.83656,1.00,1.15
2014.10.16 12:33:43.678,0.83629,0.83652,1.00,1.12
2014.10.16 12:33:43.931,0.83624,0.8365,2.32,1.05
2014.10.16 12:33:44.132,0.8362,0.83649,1.15,2.32
2014.10.16 12:33:44.334,0.83617,0.83646,2.32,1.45
2014.10.16 12:33:44.838,0.83619,0.83648,1.45,2.32
2014.10.16 12:33:45.140,0.83625,0.83652,1.10,2.32
2014.10.16 12:33:46.378,0.83625,0.83652,1.17,2.70
2014.10.16 12:33:46.429,0.83625,0.83654,1.15,2.25
2014.10.16 12:33:47.185,0.8363,0.83655,1.00,3.30
2014.10.16 12:33:47.386,0.83625,0.83655,1.27,2.70
2014.10.16 12:33:47.740,0.83625,0.83649,1.10,1.12
2014.10.16 12:33:48.043,0.83625,0.83647,1.00,1.45
2014.10.16 12:33:48.401,0.8363,0.8365,1.00,2.70
2014.10.16 12:33:48.452,0.8363,0.83652,1.00,1.50
2014.10.16 12:33:48.603,0.83621,0.83652,3.67,1.50
2014.10.16 12:33:48.704,0.8362,0.8365,4.42,2.70
2014.10.16 12:33:48.755,0.8362,0.83649,1.15,1.82
2014.10.16 12:33:48.805,0.83619,0.83646,1.50,2.70
2014.10.16 12:33:48.856,0.83616,0.83644,1.15,1.45
2014.10.16 12:33:49.108,0.83614,0.83641,1.15,1.37
2014.10.16 12:33:49.159,0.83615,0.83641,1.10,1.45
2014.10.16 12:33:50.129,0.8362,0.83643,1.00,2.32
2014.10.16 12:33:50.180,0.8362,0.83645,1.00,1.15
2014.10.16 12:33:50.331,0.8362,0.83647,1.07,2.32
2014.10.16 12:33:50.382,0.8362,0.83646,1.15,1.45
2014.10.16 12:33:50.943,0.83616,0.83647,2.32,2.32
2014.10.16 12:33:50.994,0.83615,0.83647,1.65,2.32
2014.10.16 12:33:51.045,0.83618,0.83648,2.32,2.32
2014.10.16 12:33:51.095,0.83618,0.83649,3.07,1.15
2014.10.16 12:33:52.004,0.83625,0.8365,1.00,2.32
2014.10.16 12:33:52.559,0.83625,0.83649,1.00,2.32
2014.10.16 12:33:52.660,0.8362,0.83646,1.10,1.45
2014.10.16 12:33:52.969,0.83617,0.83644,2.32,1.37
2014.10.16 12:33:53.171,0.8362,0.83648,1.00,5.47
2014.10.16 12:33:53.222,0.83625,0.83648,1.00,5.47
2014.10.16 12:33:53.353,0.83619,0.83648,1.20,5.47
2014.10.16 12:33:54.059,0.83615,0.83643,1.15,2.32
2014.10.16 12:33:54.109,0.83614,0.83643,1.15,2.32
2014.10.16 12:33:54.768,0.8361,0.83639,1.15,2.32
2014.10.16 12:33:55.070,0.83605,0.83636,2.02,2.32
2014.10.16 12:33:55.613,0.8361,0.83639,1.20,4.50
2014.10.16 12:33:55.869,0.83615,0.83639,1.00,4.50
2014.10.16 12:33:56.070,0.8362,0.83645,1.00,3.45
2014.10.16 12:33:56.171,0.83617,0.83646,2.32,1.15
2014.10.16 12:33:56.272,0.8362,0.83652,2.32,2.32
2014.10.16 12:33:56.713,0.83617,0.83649,2.32,2.32
2014.10.16 12:33:57.274,0.83615,0.83644,1.15,1.45
2014.10.16 12:33:57.375,0.83615,0.83643,1.20,1.45
2014.10.16 12:33:58.081,0.83614,0.83644,2.32,1.45
2014.10.16 12:33:58.509,0.83615,0.83643,1.50,4.50
2014.10.16 12:33:58.811,0.83611,0.83638,1.10,2.32
2014.10.16 12:33:59.617,0.83606,0.83632,2.70,1.30
2014.10.16 12:33:59.719,0.83605,0.8363,1.15,1.12
2014.10.16 12:33:59.820,0.83604,0.8363,1.10,1.50
2014.10.16 12:34:00.122,0.83604,0.83634,1.15,2.32
2014.10.16 12:34:00.630,0.83602,0.83631,1.17,3.30
2014.10.16 12:34:01.317,0.83599,0.83627,1.17,2.32
2014.10.16 12:34:01.619,0.83596,0.83624,1.12,2.32
2014.10.16 12:34:01.927,0.83596,0.83627,1.45,2.32
2014.10.16 12:34:04.600,0.836,0.8363,1.15,3.07
2014.10.16 12:34:05.004,0.83605,0.83629,1.00,2.25
2014.10.16 12:34:05.105,0.836,0.83629,1.52,1.45
2014.10.16 12:34:06.097,0.83603,0.8363,1.30,2.70
2014.10.16 12:34:06.199,0.83603,0.83632,1.45,2.32
2014.10.16 12:34:06.501,0.83605,0.83635,2.25,1.82
2014.10.16 12:34:07.556,0.83605,0.83636,2.25,3.67
2014.10.16 12:34:07.606,0.83606,0.83636,2.70,1.50
2014.10.16 12:34:07.909,0.8361,0.8364,2.25,1.82
2014.10.16 12:34:08.212,0.8361,0.83637,1.17,1.82
2014.10.16 12:34:09.715,0.8361,0.83636,1.00,3.67
2014.10.16 12:34:09.816,0.83605,0.83635,1.52,1.82
2014.10.16 12:34:10.118,0.83605,0.83632,1.20,3.67
2014.10.16 12:34:10.829,0.83605,0.83628,1.00,3.67
2014.10.16 12:34:11.132,0.836,0.83628,1.27,2.70
2014.10.16 12:34:11.283,0.83605,0.83628,1.00,2.32
2014.10.16 12:34:12.159,0.83605,0.83632,1.10,2.70
2014.10.16 12:34:12.260,0.8361,0.83632,1.00,2.32
2014.10.16 12:34:12.725,0.8361,0.83635,1.00,2.70
2014.10.16 12:34:12.927,0.83614,0.83635,1.00,2.70
2014.10.16 12:34:13.129,0.8361,0.83635,1.00,2.70
2014.10.16 12:34:13.561,0.83609,0.83632,1.00,2.70
2014.10.16 12:34:13.910,0.83605,0.83632,1.10,2.70
2014.10.16 12:34:14.235,0.8361,0.83635,1.00,3.45
2014.10.16 12:34:15.196,0.83609,0.83635,1.00,2.70
2014.10.16 12:34:15.448,0.8361,0.83638,1.27,2.70
2014.10.16 12:34:16.054,0.8361,0.83635,1.00,2.70
2014.10.16 12:34:16.645,0.83609,0.83634,1.00,1.45
2014.10.16 12:34:17.166,0.8361,0.83634,1.00,1.45
2014.10.16 12:34:17.771,0.8361,0.83637,1.17,1.72
2014.10.16 12:34:17.872,0.83614,0.83638,1.00,2.92
2014.10.16 12:34:18.074,0.8361,0.83637,1.27,1.45
2014.10.16 12:34:18.731,0.83605,0.83636,1.87,2.70
2014.10.16 12:34:19.097,0.83605,0.83633,1.27,2.32
2014.10.16 12:34:19.417,0.8361,0.83635,1.00,1.27
2014.10.16 12:34:19.733,0.8361,0.83637,1.27,1.15
2014.10.16 12:34:19.834,0.83615,0.83638,1.00,1.15
2014.10.16 12:34:19.935,0.83615,0.83641,1.10,2.62
2014.10.16 12:34:20.338,0.83611,0.83639,1.17,3.30
2014.10.16 12:34:21.065,0.8361,0.83638,1.15,1.65
2014.10.16 12:34:21.166,0.8361,0.83635,1.00,1.52
2014.10.16 12:34:21.951,0.83609,0.83635,1.10,1.27
2014.10.16 12:34:22.153,0.83609,0.83638,1.27,2.02
2014.10.16 12:34:23.029,0.83614,0.8364,1.00,3.07
2014.10.16 12:34:23.080,0.83615,0.8364,1.82,1.17
2014.10.16 12:34:23.182,0.8362,0.83644,1.30,3.45
2014.10.16 12:34:23.283,0.8362,0.83647,1.10,1.87
2014.10.16 12:34:23.384,0.8362,0.83649,1.65,2.62
2014.10.16 12:34:23.786,0.83621,0.83646,2.32,1.30
2014.10.16 12:34:23.938,0.83625,0.83649,1.87,1.17
2014.10.16 12:34:24.515,0.83621,0.83647,1.15,1.05
2014.10.16 12:34:24.566,0.8363,0.83652,1.10,1.17
2014.10.16 12:34:25.086,0.83625,0.83653,2.32,1.17
2014.10.16 12:34:25.498,0.83623,0.83653,1.15,1.15
2014.10.16 12:34:26.319,0.83623,0.83645,1.15,1.00
2014.10.16 12:34:26.420,0.83619,0.83641,1.00,1.82
2014.10.16 12:34:26.470,0.83619,0.83637,1.00,1.42
2014.10.16 12:34:26.521,0.83615,0.83637,1.50,1.50
2014.10.16 12:34:26.572,0.83615,0.83637,1.07,1.05
2014.10.16 12:34:26.723,0.83615,0.8364,1.52,1.00
2014.10.16 12:34:26.774,0.83615,0.83642,1.52,1.00
2014.10.16 12:34:27.275,0.8362,0.83646,1.00,2.25
2014.10.16 12:34:27.507,0.83617,0.83646,1.27,2.25
2014.10.16 12:34:27.558,0.83617,0.83639,1.27,1.30
2014.10.16 12:34:27.760,0.83615,0.8364,1.10,1.45
2014.10.16 12:34:27.810,0.83615,0.83641,1.10,3.45
2014.10.16 12:34:27.962,0.83615,0.83639,1.17,1.17
2014.10.16 12:34:28.466,0.83614,0.83637,1.15,1.00
2014.10.16 12:34:28.718,0.83617,0.83642,1.07,1.17
2014.10.16 12:34:28.769,0.83617,0.83642,1.15,1.17
2014.10.16 12:34:29.282,0.83625,0.83646,1.00,1.15
2014.10.16 12:34:29.636,0.83621,0.83648,1.10,1.15
2014.10.16 12:34:29.838,0.83621,0.83647,1.10,2.32
2014.10.16 12:34:30.201,0.83618,0.83644,1.10,2.32
2014.10.16 12:34:30.738,0.83618,0.83643,1.00,2.32
2014.10.16 12:34:30.889,0.83618,0.83645,1.17,2.25
2014.10.16 12:34:31.916,0.8362,0.83645,1.00,2.25
2014.10.16 12:34:32.426,0.83618,0.83645,1.17,2.25
2014.10.16 12:34:32.577,0.83621,0.83646,1.20,1.15
2014.10.16 12:34:32.678,0.83621,0.83646,1.87,1.27
2014.10.16 12:34:32.729,0.83621,0.83641,1.17,1.30
2014.10.16 12:34:32.880,0.83617,0.83641,1.27,1.30
2014.10.16 12:34:32.981,0.83617,0.83641,1.07,1.42
2014.10.16 12:34:33.082,0.83615,0.8364,1.65,1.15
2014.10.16 12:34:33.133,0.83615,0.83637,1.20,1.00
2014.10.16 12:34:34.090,0.83615,0.83636,1.10,1.75
2014.10.16 12:34:34.191,0.8361,0.83635,2.62,1.10
2014.10.16 12:34:34.800,0.83615,0.83635,1.00,1.10
2014.10.16 12:34:34.906,0.8361,0.83635,1.65,1.10
2014.10.16 12:34:35.265,0.8362,0.83638,1.00,1.07
2014.10.16 12:34:35.316,0.8362,0.83641,1.00,1.15
2014.10.16 12:34:35.569,0.83615,0.83639,1.15,1.10
2014.10.16 12:34:35.670,0.83612,0.83636,2.32,1.00
2014.10.16 12:34:37.587,0.83616,0.83636,3.30,1.00
2014.10.16 12:34:37.637,0.8362,0.8364,1.17,1.00
2014.10.16 12:34:37.738,0.8362,0.83642,1.17,1.00
2014.10.16 12:34:38.182,0.8362,0.83642,1.17,1.00
2014.10.16 12:34:38.434,0.83625,0.83646,1.00,1.10
2014.10.16 12:34:38.585,0.83625,0.83646,1.07,1.00
2014.10.16 12:34:39.039,0.83621,0.83646,1.27,1.10
2014.10.16 12:34:39.090,0.8362,0.83643,1.52,1.00
2014.10.16 12:34:39.444,0.8362,0.83643,1.17,1.10
2014.10.16 12:34:39.494,0.8362,0.83643,1.17,1.00
2014.10.16 12:34:39.797,0.83625,0.83645,1.00,1.00
2014.10.16 12:34:39.898,0.8362,0.83645,1.65,1.00
2014.10.16 12:34:40.298,0.83622,0.83645,2.70,1.00
2014.10.16 12:34:41.387,0.83622,0.83647,3.45,1.00
2014.10.16 12:34:42.591,0.83625,0.83644,1.17,1.00
2014.10.16 12:34:42.642,0.8362,0.83644,1.27,1.00
2014.10.16 12:34:42.693,0.8362,0.83641,1.27,1.00
2014.10.16 12:34:42.743,0.8362,0.83641,1.17,1.00
2014.10.16 12:34:43.150,0.8362,0.83644,1.27,1.10
2014.10.16 12:34:43.200,0.8362,0.83644,1.50,1.00
2014.10.16 12:34:43.251,0.83622,0.83647,1.15,1.10
2014.10.16 12:34:43.778,0.83621,0.83644,1.45,1.00
2014.10.16 12:34:43.829,0.83621,0.83644,1.05,1.10
2014.10.16 12:34:43.930,0.83621,0.83646,1.15,1.00
2014.10.16 12:34:44.534,0.83623,0.83646,1.45,1.00
2014.10.16 12:34:44.585,0.83624,0.83649,1.15,1.10
2014.10.16 12:34:44.837,0.83625,0.83649,1.00,1.15
2014.10.16 12:34:45.140,0.83625,0.83649,1.15,1.10
2014.10.16 12:34:45.815,0.8363,0.83649,1.10,1.00
2014.10.16 12:34:47.411,0.8363,0.83649,1.47,1.00
2014.10.16 12:34:47.801,0.83634,0.83659,1.52,1.00
2014.10.16 12:34:48.847,0.83637,0.83662,1.15,1.00
2014.10.16 12:34:48.948,0.8364,0.83665,1.15,1.00
2014.10.16 12:34:49.251,0.83642,0.83665,2.32,1.00
2014.10.16 12:34:49.302,0.83643,0.83668,1.15,1.00
2014.10.16 12:34:49.352,0.83644,0.83668,3.30,1.00
2014.10.16 12:34:49.504,0.83649,0.83674,1.15,1.00
2014.10.16 12:34:49.554,0.83649,0.83674,1.17,1.15
2014.10.16 12:34:50.059,0.83645,0.83672,1.15,1.15
2014.10.16 12:34:52.065,0.83646,0.83675,1.15,1.52
2014.10.16 12:34:52.166,0.83644,0.83672,1.17,2.32
2014.10.16 12:34:53.635,0.83647,0.8367,1.30,1.27
2014.10.16 12:34:53.786,0.83646,0.83674,1.12,1.52
2014.10.16 12:34:54.491,0.83642,0.83671,1.45,3.67
2014.10.16 12:34:54.845,0.83645,0.83672,1.07,3.07
2014.10.16 12:34:54.895,0.83645,0.83672,1.15,1.15
2014.10.16 12:34:54.946,0.83646,0.83672,2.32,1.07
2014.10.16 12:34:54.997,0.83646,0.83674,2.32,1.10
2014.10.16 12:34:56.172,0.83649,0.83677,2.70,1.87
2014.10.16 12:34:56.800,0.83649,0.83681,2.32,3.07
2014.10.16 12:34:57.103,0.8364,0.83672,3.45,1.52
2014.10.16 12:34:57.355,0.83642,0.83674,2.70,2.70
2014.10.16 12:34:57.406,0.83642,0.83674,5.85,1.82
2014.10.16 12:34:57.709,0.8365,0.83675,1.00,1.82
2014.10.16 12:34:58.198,0.83649,0.83675,1.52,1.12
2014.10.16 12:34:58.501,0.83651,0.83676,2.70,1.30
2014.10.16 12:34:58.552,0.83651,0.83683,2.70,3.67
2014.10.16 12:34:58.855,0.83655,0.83676,1.17,1.30
2014.10.16 12:34:58.906,0.83654,0.83676,1.00,1.05
2014.10.16 12:34:59.008,0.8366,0.83679,1.00,1.45
2014.10.16 12:34:59.109,0.83655,0.83679,1.00,1.45
2014.10.16 12:34:59.486,0.83655,0.83685,1.15,4.05
2014.10.16 12:35:00.080,0.8365,0.83682,3.07,2.32
2014.10.16 12:35:00.488,0.8365,0.83675,3.45,1.30
2014.10.16 12:35:00.589,0.83647,0.83675,1.45,1.82
2014.10.16 12:35:01.207,0.83654,0.83677,1.00,1.12
2014.10.16 12:35:01.574,0.83655,0.83682,1.07,3.30
2014.10.16 12:35:01.624,0.83655,0.83684,1.15,1.45
2014.10.16 12:35:01.876,0.83651,0.8368,2.32,2.25
2014.10.16 12:35:01.927,0.83648,0.8368,2.32,2.32
2014.10.16 12:35:04.970,0.83648,0.8368,3.82,3.30
2014.10.16 12:35:05.021,0.83651,0.83678,2.70,1.05
2014.10.16 12:35:05.122,0.83655,0.8368,1.00,2.70
2014.10.16 12:35:05.223,0.83655,0.83678,1.10,1.05
2014.10.16 12:35:05.525,0.83648,0.8368,2.32,2.32
2014.10.16 12:35:06.891,0.83652,0.83678,2.70,1.37
2014.10.16 12:35:06.941,0.83652,0.83678,2.70,1.30
2014.10.16 12:35:08.333,0.83652,0.8368,2.70,1.12
2014.10.16 12:35:09.136,0.83655,0.83678,1.15,1.30
2014.10.16 12:35:10.899,0.83651,0.83678,2.70,1.37
2014.10.16 12:35:10.950,0.8365,0.83679,2.25,1.50
2014.10.16 12:35:11.102,0.83655,0.83679,1.00,1.45
2014.10.16 12:35:11.355,0.83655,0.83686,1.15,3.30
2014.10.16 12:35:11.405,0.8366,0.83685,1.07,1.45
2014.10.16 12:35:11.456,0.8366,0.83685,1.15,1.12
2014.10.16 12:35:11.708,0.8366,0.83686,1.00,2.32
2014.10.16 12:35:12.212,0.83654,0.8368,2.32,1.30
2014.10.16 12:35:12.515,0.83651,0.83677,2.32,1.30
2014.10.16 12:35:13.489,0.83651,0.83676,2.70,1.30
2014.10.16 12:35:14.111,0.83651,0.83677,2.70,1.30
2014.10.16 12:35:14.570,0.83651,0.83675,2.32,1.30
2014.10.16 12:35:15.030,0.83651,0.83677,2.32,1.30
2014.10.16 12:35:15.437,0.8365,0.83677,1.27,1.50
2014.10.16 12:35:16.680,0.8365,0.83676,1.15,1.50
2014.10.16 12:35:16.731,0.8365,0.83676,1.10,1.82
2014.10.16 12:35:16.988,0.83647,0.8367,1.15,1.30
2014.10.16 12:35:17.341,0.83645,0.83673,3.45,1.12
2014.10.16 12:35:18.449,0.8365,0.83677,1.15,1.12
2014.10.16 12:35:18.550,0.83655,0.83677,1.00,1.12
2014.10.16 12:35:18.759,0.8365,0.83676,1.15,1.30
2014.10.16 12:35:18.860,0.8365,0.83672,1.17,1.30
2014.10.16 12:35:19.070,0.83645,0.83672,1.65,1.12
2014.10.16 12:35:19.619,0.83645,0.83669,1.15,1.30
2014.10.16 12:35:20.777,0.83645,0.8367,1.27,1.05
2014.10.16 12:35:21.237,0.8365,0.83675,1.52,1.30
2014.10.16 12:35:21.989,0.83655,0.83676,1.00,1.30
2014.10.16 12:35:23.498,0.83655,0.83677,1.00,1.05
2014.10.16 12:35:23.802,0.8366,0.83682,1.17,1.30
2014.10.16 12:35:23.852,0.83659,0.83686,2.70,1.35
2014.10.16 12:35:23.953,0.83659,0.83684,2.70,1.30
2014.10.16 12:35:24.475,0.8366,0.83685,1.15,1.30
2014.10.16 12:35:24.576,0.8366,0.83686,1.15,1.82
2014.10.16 12:35:24.929,0.83657,0.8368,2.32,1.30
2014.10.16 12:35:24.979,0.83655,0.8368,1.15,1.30
2014.10.16 12:35:25.181,0.83655,0.8368,1.17,1.45
2014.10.16 12:35:26.352,0.83655,0.8368,3.45,1.30
2014.10.16 12:35:26.402,0.8366,0.83683,1.10,1.50
2014.10.16 12:35:26.554,0.8366,0.83684,1.15,2.10
2014.10.16 12:35:26.992,0.8366,0.83686,1.15,1.75
2014.10.16 12:35:27.419,0.8366,0.83686,3.07,1.67
2014.10.16 12:35:27.469,0.8366,0.83684,1.15,1.05
2014.10.16 12:35:27.520,0.83657,0.83684,2.32,2.07
2014.10.16 12:35:27.571,0.83655,0.83681,1.15,1.67
2014.10.16 12:35:27.722,0.83655,0.83682,1.15,2.17
2014.10.16 12:35:28.427,0.83655,0.83678,1.15,1.67
2014.10.16 12:35:28.679,0.83655,0.83679,1.15,1.00
2014.10.16 12:35:28.730,0.83655,0.83681,1.15,1.30
2014.10.16 12:35:28.781,0.83657,0.83682,2.32,1.00
2014.10.16 12:35:29.307,0.8366,0.83683,1.15,1.30
2014.10.16 12:35:30.130,0.8366,0.83684,1.15,1.42
2014.10.16 12:35:30.670,0.8366,0.83683,1.15,1.35
2014.10.16 12:35:30.973,0.83655,0.83679,1.17,1.42
2014.10.16 12:35:31.024,0.83655,0.83677,1.17,1.30
2014.10.16 12:35:33.105,0.83651,0.83677,2.62,1.37
2014.10.16 12:35:33.156,0.8365,0.83677,1.47,1.45
2014.10.16 12:35:33.834,0.8365,0.83677,1.47,1.45
2014.10.16 12:35:33.885,0.83653,0.8368,1.20,2.70
2014.10.16 12:35:33.986,0.83655,0.83682,1.00,1.50
2014.10.16 12:35:34.768,0.83652,0.83679,1.07,2.32
2014.10.16 12:35:34.818,0.83652,0.83679,1.00,4.50
2014.10.16 12:35:34.869,0.83652,0.83679,1.20,2.32
2014.10.16 12:35:34.920,0.83652,0.83681,1.27,1.45
2014.10.16 12:35:35.071,0.8365,0.83679,3.45,1.50
2014.10.16 12:35:35.122,0.8365,0.83679,1.27,3.67
2014.10.16 12:35:35.374,0.83652,0.83683,1.27,5.02
2014.10.16 12:35:35.889,0.83653,0.8368,1.10,1.52
2014.10.16 12:35:36.090,0.8365,0.83678,2.55,2.70
2014.10.16 12:35:36.594,0.83646,0.83674,2.40,1.45
2014.10.16 12:35:37.198,0.83645,0.8367,1.00,1.45
2014.10.16 12:35:37.501,0.83637,0.83661,2.32,1.00
2014.10.16 12:35:37.652,0.83634,0.83659,1.00,1.87
2014.10.16 12:35:37.756,0.83632,0.8366,1.10,3.30
2014.10.16 12:35:37.958,0.83634,0.83659,1.00,1.45
2014.10.16 12:35:38.210,0.83635,0.83661,1.20,1.87
2014.10.16 12:35:42.399,0.83635,0.83658,1.52,1.00
2014.10.16 12:35:42.501,0.83635,0.83664,2.25,1.52
2014.10.16 12:35:42.803,0.8364,0.83663,1.00,1.82
2014.10.16 12:35:42.904,0.83635,0.83663,1.65,1.82
2014.10.16 12:35:43.106,0.83635,0.83659,1.00,1.45
2014.10.16 12:35:43.207,0.8363,0.83658,1.50,4.50
2014.10.16 12:35:43.815,0.8363,0.83654,1.00,2.32
2014.10.16 12:35:44.777,0.83625,0.83654,2.02,4.42
2014.10.16 12:35:45.196,0.83628,0.83654,1.37,2.70
2014.10.16 12:35:45.246,0.83628,0.83657,1.45,2.70
2014.10.16 12:35:45.533,0.83625,0.83655,2.02,2.70
2014.10.16 12:35:45.634,0.8363,0.83655,1.00,2.70
2014.10.16 12:35:45.735,0.83625,0.83655,1.65,4.05
2014.10.16 12:35:45.836,0.83625,0.83652,1.10,2.70
2014.10.16 12:35:46.139,0.8363,0.83654,1.00,1.15
2014.10.16 12:35:46.441,0.83631,0.83658,1.42,3.45
2014.10.16 12:35:46.492,0.83633,0.83658,1.30,2.32
2014.10.16 12:35:46.543,0.83635,0.83659,1.00,1.15
2014.10.16 12:35:46.845,0.8363,0.83657,1.10,2.70
2014.10.16 12:35:47.391,0.83635,0.83657,1.00,2.32
2014.10.16 12:35:47.494,0.8363,0.83657,1.10,2.32
2014.10.16 12:35:47.646,0.8363,0.8366,1.15,2.32
2014.10.16 12:35:47.949,0.83635,0.8366,1.00,3.30
2014.10.16 12:35:50.382,0.83634,0.8366,1.00,2.70
2014.10.16 12:35:50.533,0.83634,0.83662,1.17,1.52
2014.10.16 12:35:53.517,0.8363,0.8366,5.17,1.82
2014.10.16 12:35:53.568,0.8363,0.8366,3.00,3.67
2014.10.16 12:35:55.458,0.83635,0.83659,1.00,1.45
2014.10.16 12:35:55.559,0.8363,0.83659,1.65,1.45
2014.10.16 12:35:55.915,0.8363,0.83659,1.65,1.12
2014.10.16 12:35:55.966,0.8363,0.83658,3.07,1.05
2014.10.16 12:35:56.117,0.8363,0.83658,3.45,1.50
2014.10.16 12:35:56.168,0.8363,0.83658,1.27,1.82
2014.10.16 12:35:56.420,0.83635,0.83659,1.00,1.45
2014.10.16 12:35:56.916,0.83632,0.83657,1.27,1.45
2014.10.16 12:35:58.732,0.83632,0.83659,1.82,1.17
2014.10.16 12:35:58.783,0.83632,0.8366,1.82,1.15
2014.10.16 12:35:59.136,0.83636,0.83663,1.17,3.82
2014.10.16 12:35:59.338,0.83631,0.83657,1.17,1.27
2014.10.16 12:36:02.218,0.8363,0.83655,1.20,2.32
2014.10.16 12:36:02.369,0.8363,0.83657,1.27,2.25
2014.10.16 12:36:02.604,0.8363,0.83657,2.02,1.15
2014.10.16 12:36:03.250,0.8363,0.83657,2.02,1.17
2014.10.16 12:36:03.554,0.83635,0.83662,2.02,1.10
2014.10.16 12:36:04.664,0.83634,0.83662,3.07,1.47
2014.10.16 12:36:04.916,0.83633,0.83661,1.15,1.52
2014.10.16 12:36:05.449,0.83632,0.83659,3.45,1.17
2014.10.16 12:36:05.500,0.83632,0.83659,1.52,1.15
2014.10.16 12:36:06.185,0.8363,0.83654,1.17,1.10
2014.10.16 12:36:06.286,0.8363,0.83654,1.50,1.15
2014.10.16 12:36:06.590,0.83627,0.83653,1.00,2.70
2014.10.16 12:36:07.099,0.83626,0.83651,1.05,1.15
2014.10.16 12:36:08.789,0.83625,0.83651,1.55,1.15
2014.10.16 12:36:09.008,0.83625,0.83651,1.52,1.00
2014.10.16 12:36:11.084,0.83625,0.83651,1.07,1.07
2014.10.16 12:36:11.134,0.83625,0.83651,1.00,1.15
2014.10.16 12:36:11.336,0.83625,0.83648,1.17,1.00
2014.10.16 12:36:11.860,0.83624,0.8365,1.52,1.07
2014.10.16 12:36:14.209,0.83625,0.83648,1.27,1.00
2014.10.16 12:36:16.393,0.83625,0.83645,1.17,1.00
2014.10.16 12:36:17.836,0.83625,0.83647,1.65,1.00
2014.10.16 12:36:19.355,0.83625,0.83644,1.17,1.00
2014.10.16 12:36:19.456,0.83625,0.83644,1.10,1.00
2014.10.16 12:36:19.725,0.83621,0.8364,1.52,1.00
2014.10.16 12:36:19.927,0.83621,0.83642,1.45,1.00
2014.10.16 12:36:20.431,0.83622,0.83642,1.17,1.00
2014.10.16 12:36:20.583,0.83622,0.8364,1.10,1.00
2014.10.16 12:36:20.734,0.8362,0.8364,1.10,1.00
2014.10.16 12:36:21.261,0.83621,0.8364,1.00,1.00
2014.10.16 12:36:22.180,0.8362,0.8364,1.10,1.00
2014.10.16 12:36:22.786,0.83621,0.8364,1.00,1.00
2014.10.16 12:36:23.799,0.83622,0.8364,1.00,1.00
2014.10.16 12:36:24.334,0.83621,0.8364,1.00,1.00
2014.10.16 12:36:24.887,0.83619,0.8364,1.17,1.00
2014.10.16 12:36:26.036,0.83621,0.8364,1.00,1.00
2014.10.16 12:36:26.549,0.8362,0.8364,1.20,1.00
2014.10.16 12:36:26.750,0.8362,0.8364,1.95,1.00
2014.10.16 12:36:26.851,0.8362,0.83643,1.55,1.07
2014.10.16 12:36:26.902,0.83625,0.83643,1.00,1.00
2014.10.16 12:36:27.104,0.83625,0.83647,1.00,1.17
2014.10.16 12:36:27.205,0.83625,0.83646,1.17,1.00
2014.10.16 12:36:27.465,0.83625,0.83646,1.72,1.10
2014.10.16 12:36:27.516,0.83625,0.83642,1.72,1.00
2014.10.16 12:36:27.667,0.83621,0.83639,1.10,1.00
2014.10.16 12:36:27.829,0.8362,0.83636,1.17,1.00
2014.10.16 12:36:27.880,0.83618,0.83636,1.42,1.00
2014.10.16 12:36:28.196,0.83616,0.83639,1.15,1.00
2014.10.16 12:36:28.297,0.83614,0.83637,1.65,1.00
2014.10.16 12:36:28.599,0.83613,0.83634,1.65,1.00
2014.10.16 12:36:28.851,0.83618,0.83641,1.05,1.17
2014.10.16 12:36:29.096,0.8362,0.83639,1.00,1.00
2014.10.16 12:36:29.552,0.83625,0.83639,1.00,1.00
2014.10.16 12:36:29.655,0.8362,0.83639,1.17,1.00
2014.10.16 12:36:30.116,0.83616,0.83639,1.12,1.00
2014.10.16 12:36:30.167,0.83615,0.83636,2.02,1.00
2014.10.16 12:36:30.318,0.83615,0.83636,1.20,1.00
2014.10.16 12:36:30.470,0.83616,0.83639,1.50,1.00
2014.10.16 12:36:30.772,0.8362,0.83639,1.00,1.00
2014.10.16 12:36:31.610,0.83625,0.83639,1.00,1.00
2014.10.16 12:36:31.818,0.8362,0.83639,1.17,1.00
2014.10.16 12:36:32.175,0.83625,0.83639,1.00,1.00
2014.10.16 12:36:33.778,0.83625,0.83636,1.00,1.00
2014.10.16 12:36:33.829,0.8362,0.83636,1.17,1.00
2014.10.16 12:36:34.468,0.8362,0.83636,1.00,1.00
2014.10.16 12:36:34.716,0.83625,0.83636,1.00,1.00
2014.10.16 12:36:34.817,0.8362,0.83636,1.00,1.00
2014.10.16 12:36:34.918,0.83625,0.83639,1.00,1.00
2014.10.16 12:36:35.232,0.8362,0.83635,1.17,1.00
2014.10.16 12:36:35.711,0.83625,0.83635,1.00,1.00
2014.10.16 12:36:35.761,0.83625,0.83638,1.00,1.00
2014.10.16 12:36:35.812,0.8363,0.83638,1.00,1.00
2014.10.16 12:36:35.917,0.8362,0.83638,1.17,1.00
2014.10.16 12:36:36.025,0.83619,0.83638,3.07,1.00
2014.10.16 12:36:36.126,0.8362,0.83637,1.17,1.00
2014.10.16 12:36:36.449,0.83617,0.83634,5.25,1.00
2014.10.16 12:36:36.500,0.83617,0.83634,1.15,1.00
2014.10.16 12:36:36.668,0.83615,0.83631,4.80,1.00
2014.10.16 12:36:36.819,0.83615,0.8363,1.65,1.00
2014.10.16 12:36:36.971,0.83615,0.83632,1.15,1.00
2014.10.16 12:36:37.424,0.83615,0.83629,1.00,1.00
2014.10.16 12:36:37.772,0.83612,0.83629,2.92,1.00
2014.10.16 12:36:38.498,0.83615,0.83632,1.15,1.00
2014.10.16 12:36:39.144,0.83615,0.83632,1.15,1.00
2014.10.16 12:36:40.520,0.8362,0.83632,1.00,1.00
2014.10.16 12:36:41.029,0.83615,0.83632,1.15,1.00
2014.10.16 12:36:43.907,0.83615,0.83629,1.52,1.00
2014.10.16 12:36:44.210,0.83615,0.83629,1.17,1.00
2014.10.16 12:36:44.311,0.83612,0.83629,3.22,1.00
2014.10.16 12:36:44.462,0.83615,0.83632,1.10,1.00
2014.10.16 12:36:44.613,0.83615,0.83632,2.55,1.00
2014.10.16 12:36:45.978,0.83614,0.83628,1.87,1.00
2014.10.16 12:36:46.279,0.83613,0.83623,1.00,1.00
2014.10.16 12:36:46.330,0.8361,0.83629,1.00,1.35
2014.10.16 12:36:46.431,0.83605,0.83629,2.02,1.42
2014.10.16 12:36:46.532,0.83605,0.83624,2.02,1.00
2014.10.16 12:36:47.186,0.83602,0.83623,2.32,1.35
2014.10.16 12:36:47.237,0.83599,0.83623,3.30,1.35
2014.10.16 12:36:47.338,0.83605,0.83619,1.00,1.00
2014.10.16 12:36:47.540,0.83604,0.83625,1.45,1.00
2014.10.16 12:36:47.590,0.8361,0.83625,1.00,1.00
2014.10.16 12:36:47.641,0.8361,0.83628,1.00,1.00
2014.10.16 12:36:47.944,0.83611,0.83628,1.45,1.00
2014.10.16 12:36:47.994,0.83611,0.8363,1.45,1.00
2014.10.16 12:36:48.196,0.83615,0.83633,1.00,1.00
2014.10.16 12:36:48.246,0.83613,0.83633,3.30,1.00
2014.10.16 12:36:48.724,0.83615,0.83633,2.32,1.00
2014.10.16 12:36:49.027,0.83618,0.83633,2.32,1.00
2014.10.16 12:36:49.078,0.83618,0.83636,2.32,1.00
2014.10.16 12:36:49.441,0.83617,0.83636,1.45,1.00
2014.10.16 12:36:49.542,0.83614,0.83634,1.45,1.00
2014.10.16 12:36:49.845,0.83613,0.83632,4.50,1.00
2014.10.16 12:36:49.946,0.83611,0.83632,3.30,1.00
2014.10.16 12:36:50.601,0.83611,0.83629,2.32,1.00
2014.10.16 12:36:52.639,0.8362,0.83629,1.10,1.00
2014.10.16 12:36:52.690,0.8362,0.83632,1.10,1.00
2014.10.16 12:36:52.740,0.8362,0.83632,1.07,1.00
2014.10.16 12:36:52.842,0.8362,0.83638,1.15,1.00
2014.10.16 12:36:53.346,0.8362,0.83636,1.15,1.00
2014.10.16 12:36:55.691,0.8362,0.83633,1.15,1.00
2014.10.16 12:36:56.262,0.8362,0.83633,1.00,1.00
2014.10.16 12:36:56.363,0.83615,0.83633,1.15,1.00
2014.10.16 12:36:56.464,0.83615,0.83631,1.15,1.00
2014.10.16 12:36:56.975,0.83615,0.83628,1.15,1.00
2014.10.16 12:36:59.766,0.8361,0.83628,1.15,1.00
2014.10.16 12:37:00.536,0.83609,0.83626,2.32,1.00
2014.10.16 12:37:00.587,0.83606,0.83626,3.67,1.00
2014.10.16 12:37:00.941,0.8361,0.83623,1.17,1.00
2014.10.16 12:37:00.992,0.83605,0.83623,1.15,1.00
2014.10.16 12:37:01.656,0.83602,0.8362,2.32,1.00
2014.10.16 12:37:02.010,0.83605,0.83625,1.50,1.00
2014.10.16 12:37:02.112,0.83605,0.83627,1.50,1.00
2014.10.16 12:37:02.163,0.83605,0.83627,3.67,1.00
2014.10.16 12:37:02.213,0.8361,0.8363,1.10,1.00
2014.10.16 12:37:02.264,0.8361,0.8363,1.20,1.00
2014.10.16 12:37:02.567,0.83611,0.83632,2.32,1.00
2014.10.16 12:37:02.776,0.83615,0.83636,1.87,1.00
2014.10.16 12:37:02.881,0.83615,0.83632,1.15,1.00
2014.10.16 12:37:03.192,0.83616,0.83632,2.32,1.00
2014.10.16 12:37:03.590,0.8361,0.83628,1.15,1.00
2014.10.16 12:37:04.413,0.8361,0.83628,1.17,1.00
2014.10.16 12:37:04.779,0.8361,0.83628,1.15,1.00
2014.10.16 12:37:05.857,0.8361,0.83634,1.15,1.00
2014.10.16 12:37:05.958,0.83615,0.83631,1.00,1.00
2014.10.16 12:37:06.109,0.8361,0.83628,1.07,1.00
2014.10.16 12:37:06.412,0.83605,0.83627,1.15,1.00
2014.10.16 12:37:07.797,0.8361,0.83627,1.00,1.00
2014.10.16 12:37:07.917,0.83605,0.83627,1.45,1.00
2014.10.16 12:37:07.968,0.83604,0.83624,1.15,1.00
2014.10.16 12:37:14.414,0.8361,0.83624,1.00,1.00
2014.10.16 12:37:14.565,0.8361,0.83626,1.00,1.00
2014.10.16 12:37:14.667,0.8361,0.83629,1.10,1.00
2014.10.16 12:37:14.718,0.8361,0.83629,1.15,1.00
2014.10.16 12:37:15.020,0.8361,0.83629,1.10,1.00
2014.10.16 12:37:15.121,0.83605,0.83625,3.07,1.00
2014.10.16 12:37:15.413,0.83605,0.83625,1.15,1.00
2014.10.16 12:37:15.871,0.83605,0.83628,1.15,1.00
2014.10.16 12:37:16.140,0.83609,0.8363,1.00,1.10
2014.10.16 12:37:16.191,0.83607,0.8363,3.07,1.00
2014.10.16 12:37:16.494,0.83607,0.83628,2.32,1.00
2014.10.16 12:37:18.825,0.83607,0.8363,2.70,1.00
2014.10.16 12:37:19.077,0.83607,0.83628,2.70,1.00
2014.10.16 12:37:19.481,0.83607,0.8363,2.70,1.00
2014.10.16 12:37:20.274,0.83604,0.83627,2.02,1.00
2014.10.16 12:37:20.476,0.83601,0.83623,1.87,1.00
2014.10.16 12:37:20.779,0.83599,0.83618,2.32,1.00
2014.10.16 12:37:20.982,0.83597,0.83618,1.45,1.00
2014.10.16 12:37:25.753,0.83599,0.83618,2.70,1.00
2014.10.16 12:37:25.854,0.83601,0.83621,1.50,1.00
2014.10.16 12:37:26.277,0.836,0.83621,1.12,1.00
2014.10.16 12:37:26.735,0.83596,0.83618,3.67,1.00
2014.10.16 12:37:27.866,0.83596,0.83614,2.32,1.00
2014.10.16 12:37:27.967,0.83596,0.83618,2.32,1.00
2014.10.16 12:37:28.169,0.83596,0.83614,2.32,1.00
2014.10.16 12:37:28.823,0.83596,0.83617,2.32,1.00
2014.10.16 12:37:29.166,0.83593,0.83617,2.70,1.00
2014.10.16 12:37:29.379,0.83593,0.83614,2.32,1.00
2014.10.16 12:37:29.730,0.83589,0.83614,1.15,2.17
2014.10.16 12:37:29.781,0.83587,0.83609,2.32,1.00
2014.10.16 12:37:29.882,0.83585,0.83609,1.15,1.00
2014.10.16 12:37:31.905,0.83584,0.83606,3.07,1.00
2014.10.16 12:37:32.006,0.83581,0.83606,2.25,1.00
2014.10.16 12:37:32.611,0.83583,0.83603,1.45,1.00
2014.10.16 12:37:32.713,0.83582,0.83608,1.82,1.17
2014.10.16 12:37:33.217,0.83585,0.83606,1.10,1.00
2014.10.16 12:37:33.745,0.83585,0.83608,1.10,1.27
2014.10.16 12:37:35.677,0.83577,0.83603,3.00,1.10
2014.10.16 12:37:35.980,0.83577,0.836,1.17,1.10
2014.10.16 12:37:38.236,0.83577,0.83602,1.10,3.45
2014.10.16 12:37:38.639,0.83573,0.83601,1.17,1.82
2014.10.16 12:37:38.916,0.83571,0.83598,1.27,1.42
2014.10.16 12:37:39.437,0.83571,0.83595,1.17,1.05
2014.10.16 12:37:39.753,0.8357,0.83595,1.12,1.45
2014.10.16 12:37:40.283,0.83567,0.83597,1.82,2.25
2014.10.16 12:37:40.826,0.8357,0.83596,1.00,1.45
2014.10.16 12:37:41.128,0.8357,0.83597,1.45,1.15
2014.10.16 12:37:41.179,0.8357,0.83597,1.52,1.15
2014.10.16 12:37:42.283,0.83568,0.83596,1.52,1.50
2014.10.16 12:37:42.335,0.83567,0.83596,2.25,1.50
2014.10.16 12:37:43.931,0.8357,0.83595,1.00,1.15
2014.10.16 12:37:44.133,0.83566,0.83595,1.82,2.25
2014.10.16 12:37:44.587,0.83565,0.8359,1.07,1.20
2014.10.16 12:37:44.840,0.83558,0.83585,1.10,3.07
2014.10.16 12:37:45.092,0.8356,0.83585,1.00,3.07
2014.10.16 12:37:45.142,0.8356,0.83587,1.00,1.15
2014.10.16 12:37:45.243,0.83564,0.83587,1.00,1.15
2014.10.16 12:37:45.867,0.8356,0.83588,1.72,1.15
2014.10.16 12:37:46.170,0.8356,0.83589,2.85,4.50
2014.10.16 12:37:46.271,0.8356,0.8359,2.02,1.27
2014.10.16 12:37:46.426,0.8356,0.83589,1.27,3.45
2014.10.16 12:37:46.476,0.8356,0.83588,1.17,3.67
2014.10.16 12:37:47.518,0.83556,0.83585,2.70,1.52
2014.10.16 12:37:47.569,0.83555,0.83585,2.77,1.52
2014.10.16 12:37:48.096,0.83555,0.83582,1.07,1.52
2014.10.16 12:37:48.147,0.83554,0.83582,1.17,3.45
2014.10.16 12:37:48.197,0.83554,0.83579,1.07,2.70
2014.10.16 12:37:48.248,0.83553,0.83578,1.00,2.70
2014.10.16 12:37:48.349,0.8355,0.83577,1.27,1.15
2014.10.16 12:37:48.903,0.8355,0.83575,1.07,2.32
2014.10.16 12:37:49.155,0.83549,0.83576,1.05,2.32
2014.10.16 12:37:49.690,0.83547,0.83573,1.37,2.32
2014.10.16 12:37:50.000,0.8355,0.83573,1.00,2.32
2014.10.16 12:37:50.184,0.83546,0.83572,1.05,1.27
2014.10.16 12:37:50.286,0.8355,0.83572,1.00,1.27
2014.10.16 12:37:50.466,0.83545,0.83572,2.25,1.27
2014.10.16 12:37:50.718,0.8355,0.83572,1.00,1.27
2014.10.16 12:37:50.819,0.83545,0.83572,1.27,1.27
2014.10.16 12:37:50.905,0.8355,0.83572,1.00,1.27
2014.10.16 12:37:51.924,0.83545,0.83572,1.27,1.27
2014.10.16 12:37:52.984,0.83545,0.8357,1.55,1.17
2014.10.16 12:37:53.136,0.8355,0.83575,1.00,5.62
2014.10.16 12:37:53.745,0.83549,0.83575,1.72,5.62
2014.10.16 12:37:54.349,0.83552,0.83577,3.82,2.25
2014.10.16 12:37:54.400,0.83565,0.83581,1.00,1.10
2014.10.16 12:37:54.502,0.83565,0.83583,1.00,1.00
2014.10.16 12:37:54.553,0.83565,0.83586,1.00,1.00
2014.10.16 12:37:55.057,0.83567,0.83592,1.30,2.32
2014.10.16 12:37:55.108,0.83567,0.83593,1.05,1.15
2014.10.16 12:37:55.158,0.8357,0.83594,1.05,2.32
2014.10.16 12:37:55.209,0.8357,0.83598,1.87,3.67
2014.10.16 12:37:55.713,0.83572,0.83598,1.30,3.67
2014.10.16 12:37:56.413,0.83571,0.83598,1.05,4.05
2014.10.16 12:37:56.565,0.83568,0.83595,1.42,3.45
2014.10.16 12:37:56.868,0.8357,0.83595,1.87,2.32
2014.10.16 12:37:57.170,0.83571,0.83593,1.30,2.32
2014.10.16 12:37:57.674,0.8357,0.83594,1.12,2.32
2014.10.16 12:37:57.977,0.83575,0.83598,1.00,2.32
2014.10.16 12:37:58.811,0.83576,0.83598,1.30,2.32
2014.10.16 12:37:59.296,0.83576,0.83601,1.30,2.70
2014.10.16 12:38:00.125,0.83577,0.83601,1.30,2.70
2014.10.16 12:38:00.635,0.83579,0.83601,1.30,2.25
2014.10.16 12:38:00.685,0.83579,0.83602,1.05,1.17
2014.10.16 12:38:00.787,0.83581,0.83605,1.30,1.27
2014.10.16 12:38:00.990,0.83584,0.83609,1.30,1.52
2014.10.16 12:38:01.041,0.83584,0.83606,1.30,2.70
2014.10.16 12:38:01.091,0.83577,0.83605,1.17,3.67
2014.10.16 12:38:01.394,0.83575,0.83596,1.42,1.00
2014.10.16 12:38:01.647,0.83576,0.83598,1.30,1.10
2014.10.16 12:38:02.253,0.83576,0.836,1.67,1.15
2014.10.16 12:38:02.303,0.8358,0.83602,1.30,1.15
2014.10.16 12:38:02.404,0.8358,0.83602,1.12,1.00
2014.10.16 12:38:02.606,0.8358,0.83605,1.12,1.65
2014.10.16 12:38:03.060,0.83576,0.836,1.87,1.00
2014.10.16 12:38:03.111,0.83576,0.836,1.87,1.10
2014.10.16 12:38:03.564,0.83573,0.836,4.05,1.17
2014.10.16 12:38:03.615,0.83573,0.83598,1.87,1.17
2014.10.16 12:38:05.056,0.83574,0.83598,1.82,1.07
2014.10.16 12:38:05.358,0.8357,0.83583,1.00,2.25
2014.10.16 12:38:05.459,0.83564,0.83576,1.00,1.07
2014.10.16 12:38:05.510,0.83564,0.83576,1.00,1.15
2014.10.16 12:38:05.560,0.83555,0.83576,1.00,1.15
2014.10.16 12:38:05.661,0.8355,0.83573,1.10,1.07
2014.10.16 12:38:05.914,0.83555,0.83573,1.00,1.07
2014.10.16 12:38:06.431,0.83555,0.83573,1.00,1.10
2014.10.16 12:38:06.637,0.83551,0.83575,1.05,1.27
2014.10.16 12:38:06.738,0.8355,0.83574,1.72,1.15
2014.10.16 12:38:07.040,0.83555,0.83575,1.00,1.17
2014.10.16 12:38:07.091,0.83552,0.83575,1.30,1.17
2014.10.16 12:38:08.498,0.83552,0.83581,1.45,1.65
2014.10.16 12:38:08.699,0.8355,0.83579,1.82,1.52
2014.10.16 12:38:09.205,0.83553,0.8358,1.30,2.70
2014.10.16 12:38:09.306,0.83551,0.83577,1.30,2.32
2014.10.16 12:38:09.824,0.8355,0.83577,1.10,2.70
2014.10.16 12:38:10.237,0.8355,0.83577,1.87,1.17
2014.10.16 12:38:12.897,0.8355,0.83579,1.65,1.45
2014.10.16 12:38:12.948,0.83555,0.83579,1.20,1.45
2014.10.16 12:38:13.049,0.83557,0.83582,1.42,1.15
2014.10.16 12:38:13.100,0.83558,0.83582,1.50,1.17
2014.10.16 12:38:13.925,0.83557,0.8358,1.45,1.00
2014.10.16 12:38:14.127,0.83555,0.83579,1.12,1.17
2014.10.16 12:38:14.531,0.83555,0.83583,1.82,1.15
2014.10.16 12:38:15.324,0.83555,0.8358,1.17,1.15
2014.10.16 12:38:15.728,0.83552,0.83577,1.50,1.15
2014.10.16 12:38:16.339,0.83555,0.8358,1.00,3.67
2014.10.16 12:38:16.440,0.83555,0.8358,1.17,1.45
2014.10.16 12:38:16.917,0.8356,0.83579,1.00,1.37
2014.10.16 12:38:16.968,0.8356,0.83582,1.00,1.42
2014.10.16 12:38:17.220,0.8356,0.83586,2.25,1.60
2014.10.16 12:38:17.523,0.8357,0.83592,1.00,1.00
2014.10.16 12:38:17.743,0.8357,0.83596,1.87,1.10
2014.10.16 12:38:18.048,0.83576,0.83601,2.32,1.00
2014.10.16 12:38:18.435,0.83575,0.83596,2.32,1.00
2014.10.16 12:38:18.490,0.83572,0.83596,2.32,1.00
2014.10.16 12:38:18.747,0.8357,0.83596,2.32,1.00
2014.10.16 12:38:18.847,0.8357,0.83594,2.32,1.00
2014.10.16 12:38:19.522,0.83575,0.83592,1.00,1.07
2014.10.16 12:38:19.673,0.8357,0.83589,1.10,1.00
2014.10.16 12:38:20.177,0.8357,0.83587,1.00,1.00
2014.10.16 12:38:20.379,0.8357,0.83589,1.00,1.10
2014.10.16 12:38:20.481,0.83565,0.83589,1.15,1.10
2014.10.16 12:38:20.733,0.83562,0.83587,2.32,1.00
2014.10.16 12:38:20.834,0.8356,0.83587,1.15,1.17
2014.10.16 12:38:20.935,0.8356,0.83584,1.15,1.00
2014.10.16 12:38:21.137,0.83559,0.83581,1.10,1.10
2014.10.16 12:38:21.188,0.83565,0.83581,1.00,1.10
2014.10.16 12:38:21.289,0.8356,0.83578,1.00,1.00
2014.10.16 12:38:21.390,0.8356,0.83576,1.00,1.00
2014.10.16 12:38:21.491,0.83555,0.8358,1.15,1.00
2014.10.16 12:38:21.692,0.8356,0.83574,1.00,1.00
2014.10.16 12:38:21.743,0.83555,0.83574,1.00,1.00
2014.10.16 12:38:21.794,0.83555,0.83571,1.00,1.00
2014.10.16 12:38:22.046,0.83555,0.83577,1.00,1.17
2014.10.16 12:38:22.147,0.83555,0.83579,1.15,1.10
2014.10.16 12:38:22.349,0.83555,0.83579,3.07,1.00
2014.10.16 12:38:22.551,0.83552,0.83578,2.32,1.30
2014.10.16 12:38:22.954,0.8355,0.83577,1.10,1.45
2014.10.16 12:38:23.105,0.8355,0.83571,1.10,1.00
2014.10.16 12:38:23.156,0.83547,0.83571,1.05,1.15
2014.10.16 12:38:23.688,0.83542,0.83568,2.32,1.72
2014.10.16 12:38:24.349,0.83545,0.83566,1.15,1.00
2014.10.16 12:38:24.551,0.83545,0.83571,1.15,1.52
2014.10.16 12:38:25.341,0.83545,0.8357,1.07,2.70
2014.10.16 12:38:25.392,0.83537,0.83569,4.80,2.70
2014.10.16 12:38:25.442,0.83537,0.8356,3.07,1.30
2014.10.16 12:38:25.493,0.8354,0.8356,1.00,1.30
2014.10.16 12:38:25.645,0.83537,0.8355,1.07,1.57
2014.10.16 12:38:25.696,0.8353,0.8355,1.15,1.57
2014.10.16 12:38:25.747,0.8353,0.83551,1.00,1.72
2014.10.16 12:38:25.798,0.83526,0.83551,1.10,1.72
2014.10.16 12:38:25.849,0.83526,0.83547,1.10,1.30
2014.10.16 12:38:25.951,0.8352,0.83547,1.15,1.45
2014.10.16 12:38:26.465,0.83519,0.83544,1.15,1.57
2014.10.16 12:38:27.520,0.83519,0.83545,1.15,2.77
2014.10.16 12:38:27.672,0.83515,0.83545,4.05,1.52
2014.10.16 12:38:27.875,0.83518,0.83547,2.70,1.65
2014.10.16 12:38:28.178,0.83525,0.83547,1.15,1.00
2014.10.16 12:38:28.662,0.83523,0.83547,1.05,1.17
2014.10.16 12:38:29.581,0.83523,0.83547,1.30,3.45
2014.10.16 12:38:29.631,0.8352,0.83547,1.10,3.45
2014.10.16 12:38:29.833,0.8352,0.83544,1.10,2.70
2014.10.16 12:38:30.294,0.8352,0.83545,1.30,1.15
2014.10.16 12:38:30.497,0.8352,0.83549,2.25,3.45
2014.10.16 12:38:30.547,0.83525,0.83549,1.00,3.45
2014.10.16 12:38:30.598,0.83525,0.83549,1.00,1.52
2014.10.16 12:38:31.336,0.83524,0.83549,1.05,1.27
2014.10.16 12:38:31.847,0.83525,0.83549,1.00,1.27
2014.10.16 12:38:32.049,0.83526,0.8355,1.37,1.20
2014.10.16 12:38:32.099,0.83526,0.8355,1.45,1.12
2014.10.16 12:38:32.150,0.8353,0.83552,1.30,1.17
2014.10.16 12:38:32.301,0.83531,0.83555,1.05,1.15
2014.10.16 12:38:33.087,0.83531,0.83557,1.45,1.00
2014.10.16 12:38:33.598,0.8353,0.8356,1.87,1.15
2014.10.16 12:38:33.648,0.83532,0.8356,2.32,1.07
2014.10.16 12:38:33.699,0.83533,0.8356,2.32,1.10
2014.10.16 12:38:33.857,0.83533,0.8356,2.32,1.17
2014.10.16 12:38:33.908,0.83531,0.8356,1.45,1.15
2014.10.16 12:38:34.563,0.83533,0.8356,1.82,1.07
2014.10.16 12:38:34.614,0.83533,0.8356,2.70,1.00
2014.10.16 12:38:34.665,0.83533,0.8356,2.70,1.07
2014.10.16 12:38:34.715,0.8353,0.83559,3.67,1.15
2014.10.16 12:38:34.766,0.8353,0.83559,3.30,1.52
2014.10.16 12:38:34.817,0.8353,0.83559,1.12,4.42
2014.10.16 12:38:35.220,0.8353,0.83555,1.05,1.17
2014.10.16 12:38:35.271,0.83525,0.83555,1.45,1.87
2014.10.16 12:38:35.372,0.83525,0.83553,1.15,4.05
2014.10.16 12:38:35.958,0.83526,0.83553,1.05,3.07
2014.10.16 12:38:36.274,0.83527,0.83553,1.37,1.17
2014.10.16 12:38:36.476,0.83525,0.83551,1.15,1.17
2014.10.16 12:38:36.678,0.83525,0.83551,1.07,2.32
2014.10.16 12:38:36.779,0.8352,0.8355,1.87,3.30
2014.10.16 12:38:36.880,0.8352,0.8355,1.12,6.22
2014.10.16 12:38:36.987,0.8352,0.8355,1.12,4.05
2014.10.16 12:38:37.505,0.83524,0.83551,1.05,2.32
2014.10.16 12:38:38.123,0.83524,0.83545,1.30,1.07
2014.10.16 12:38:38.224,0.83516,0.83543,1.12,2.70
2014.10.16 12:38:38.275,0.8352,0.83543,1.00,2.70
2014.10.16 12:38:38.376,0.8352,0.83543,1.00,1.57
2014.10.16 12:38:38.527,0.8352,0.83545,1.20,1.17
2014.10.16 12:38:38.578,0.8352,0.83545,1.45,1.10
2014.10.16 12:38:38.729,0.8352,0.83545,1.07,2.40
2014.10.16 12:38:38.780,0.8352,0.83543,1.00,1.07
2014.10.16 12:38:38.831,0.8352,0.83543,1.00,3.00
2014.10.16 12:38:38.932,0.83513,0.83541,1.45,1.15
2014.10.16 12:38:40.958,0.83512,0.83539,1.82,2.25
2014.10.16 12:38:41.477,0.83515,0.83543,1.17,3.45
2014.10.16 12:38:42.395,0.83515,0.83541,1.10,3.45
2014.10.16 12:38:42.730,0.8351,0.83538,1.87,3.45
2014.10.16 12:38:42.783,0.8351,0.83538,1.10,3.45
2014.10.16 12:38:42.985,0.8351,0.83538,1.47,3.07
2014.10.16 12:38:43.086,0.8351,0.83541,2.25,3.45
2014.10.16 12:38:43.137,0.83511,0.83541,2.70,1.52
2014.10.16 12:38:43.652,0.83515,0.83543,1.17,3.07
2014.10.16 12:38:44.122,0.83515,0.83539,1.10,2.32
2014.10.16 12:38:44.174,0.83512,0.83539,1.05,2.70
2014.10.16 12:38:44.828,0.83511,0.8354,1.50,3.07
2014.10.16 12:38:44.879,0.83511,0.8354,1.82,1.15
2014.10.16 12:38:51.823,0.8351,0.83539,2.25,3.67
2014.10.16 12:38:52.126,0.83512,0.8354,2.25,2.32
2014.10.16 12:38:52.227,0.83518,0.83545,1.37,2.32
2014.10.16 12:38:52.328,0.83516,0.83545,1.45,1.15
2014.10.16 12:38:52.429,0.83528,0.83547,1.30,3.07
2014.10.16 12:38:52.530,0.83528,0.83552,1.30,2.92
2014.10.16 12:38:52.631,0.8353,0.83554,1.00,6.60
2014.10.16 12:38:53.135,0.83527,0.83554,1.37,2.32
2014.10.16 12:38:53.236,0.83528,0.83556,1.12,2.32
2014.10.16 12:38:53.604,0.83528,0.83556,1.50,2.32
2014.10.16 12:38:53.907,0.8353,0.83556,1.67,2.32
2014.10.16 12:38:54.260,0.83532,0.83559,1.05,2.32
2014.10.16 12:38:54.411,0.83535,0.83559,1.30,2.32
2014.10.16 12:38:54.512,0.8353,0.83562,3.07,2.32
2014.10.16 12:38:54.613,0.83534,0.8356,1.37,2.32
2014.10.16 12:38:54.815,0.8354,0.83566,1.30,2.32
2014.10.16 12:38:55.162,0.83538,0.8356,1.30,2.32
2014.10.16 12:38:55.514,0.83536,0.8356,1.30,2.32
2014.10.16 12:38:55.716,0.83534,0.83565,1.45,4.50
2014.10.16 12:38:55.817,0.83531,0.83561,2.32,2.32
2014.10.16 12:38:55.868,0.8353,0.8356,1.15,2.32
2014.10.16 12:38:56.675,0.83532,0.83557,1.05,2.32
2014.10.16 12:38:57.129,0.8353,0.83557,1.05,2.32
2014.10.16 12:38:58.874,0.83528,0.83558,1.82,2.32
2014.10.16 12:38:58.925,0.8353,0.8356,1.82,2.32
2014.10.16 12:38:59.026,0.83532,0.8356,1.42,2.32
2014.10.16 12:38:59.234,0.8353,0.8356,1.50,2.32
2014.10.16 12:38:59.548,0.83528,0.83557,1.82,2.32
2014.10.16 12:38:59.852,0.83527,0.83557,2.20,2.32
2014.10.16 12:38:59.953,0.8353,0.83558,3.30,1.17
2014.10.16 12:39:00.055,0.83536,0.83564,2.25,1.15
2014.10.16 12:39:00.156,0.8354,0.83567,1.07,1.15
2014.10.16 12:39:00.207,0.83546,0.83568,1.30,2.32
2014.10.16 12:39:00.358,0.83544,0.83571,1.12,1.52
2014.10.16 12:39:01.665,0.83549,0.83573,1.30,2.32
2014.10.16 12:39:01.766,0.83549,0.83576,1.35,4.87
2014.10.16 12:39:01.867,0.83552,0.83576,1.30,4.87
2014.10.16 12:39:02.069,0.83548,0.83578,1.82,1.82
2014.10.16 12:39:02.170,0.83547,0.83575,1.50,2.32
2014.10.16 12:39:03.239,0.83546,0.83573,2.02,2.32
2014.10.16 12:39:03.289,0.83546,0.83572,1.95,2.32
2014.10.16 12:39:03.695,0.83544,0.8357,1.30,2.32
2014.10.16 12:39:03.847,0.83543,0.83573,1.45,2.70
2014.10.16 12:39:03.897,0.83543,0.83571,1.87,2.32
2014.10.16 12:39:03.948,0.83545,0.83573,1.45,4.50
2014.10.16 12:39:03.999,0.83545,0.83573,1.07,4.50
2014.10.16 12:39:04.352,0.83547,0.83577,1.45,2.32
2014.10.16 12:39:04.773,0.8355,0.83575,2.25,1.07
2014.10.16 12:39:04.874,0.8355,0.83575,2.32,1.00
2014.10.16 12:39:04.925,0.8355,0.83578,2.32,1.07
2014.10.16 12:39:04.975,0.8355,0.83575,2.32,1.30
2014.10.16 12:39:05.429,0.8355,0.83575,2.32,1.67
2014.10.16 12:39:05.480,0.83548,0.83575,2.32,1.75
2014.10.16 12:39:06.018,0.83547,0.83575,2.32,1.50
2014.10.16 12:39:07.196,0.83547,0.83577,2.70,1.52
2014.10.16 12:39:07.406,0.8355,0.83575,3.67,1.00
2014.10.16 12:39:07.457,0.8355,0.83579,3.67,1.27
2014.10.16 12:39:07.768,0.83554,0.8358,2.32,1.72
2014.10.16 12:39:08.079,0.8355,0.83579,2.70,2.25
2014.10.16 12:39:08.235,0.8355,0.83575,2.32,1.00
2014.10.16 12:39:08.752,0.8355,0.83579,2.32,2.25
2014.10.16 12:39:09.255,0.8355,0.83575,3.67,1.10
2014.10.16 12:39:09.407,0.83553,0.8358,1.45,1.27
2014.10.16 12:39:10.686,0.83551,0.83579,2.32,1.12
2014.10.16 12:39:11.229,0.83548,0.83577,3.67,1.82
2014.10.16 12:39:15.299,0.8355,0.83576,2.70,1.37
2014.10.16 12:39:15.602,0.83558,0.83578,2.32,1.00
2014.10.16 12:39:15.855,0.83565,0.83587,1.15,1.30
2014.10.16 12:39:16.057,0.83565,0.83592,1.15,1.45
2014.10.16 12:39:16.108,0.83565,0.83592,1.07,1.87
2014.10.16 12:39:16.158,0.83564,0.83592,1.17,4.05
2014.10.16 12:39:16.938,0.8357,0.83592,1.00,2.32
2014.10.16 12:39:16.989,0.8357,0.83593,1.00,1.45
2014.10.16 12:39:17.141,0.83575,0.83593,1.00,1.45
2014.10.16 12:39:17.342,0.8357,0.83595,1.00,4.05
2014.10.16 12:39:17.494,0.8357,0.83594,1.10,1.12
2014.10.16 12:39:17.646,0.83575,0.83595,1.00,1.45
2014.10.16 12:39:18.218,0.83569,0.83594,1.17,1.12
2014.10.16 12:39:18.322,0.83575,0.83594,1.00,1.12
2014.10.16 12:39:18.423,0.83569,0.83593,1.27,1.05
2014.10.16 12:39:18.524,0.83575,0.83593,1.00,1.05
2014.10.16 12:39:18.676,0.83575,0.83597,1.00,1.12
2014.10.16 12:39:19.192,0.83575,0.83596,1.00,1.50
2014.10.16 12:39:19.344,0.8357,0.83595,1.15,1.05
2014.10.16 12:39:19.395,0.8357,0.83593,1.15,1.30
2014.10.16 12:39:19.920,0.8357,0.83596,2.25,1.07
2014.10.16 12:39:19.971,0.8357,0.83599,4.42,1.55
2014.10.16 12:39:20.223,0.83572,0.836,2.70,1.07
2014.10.16 12:39:20.274,0.83573,0.836,2.70,1.10
2014.10.16 12:39:20.324,0.83573,0.836,2.32,1.27
2014.10.16 12:39:20.375,0.8357,0.83601,3.45,1.52
2014.10.16 12:39:21.324,0.8357,0.83599,3.45,1.27
2014.10.16 12:39:21.425,0.8357,0.83599,1.52,3.45
2014.10.16 12:39:21.929,0.83567,0.83597,2.70,2.70
2014.10.16 12:39:21.980,0.83566,0.83596,1.82,2.70
2014.10.16 12:39:22.233,0.83566,0.83595,2.70,1.50
2014.10.16 12:39:22.284,0.83567,0.83595,2.70,2.25
2014.10.16 12:39:22.335,0.83567,0.83595,2.32,1.52
2014.10.16 12:39:22.385,0.83565,0.83595,1.52,1.52
2014.10.16 12:39:24.144,0.83566,0.83596,3.67,4.05
2014.10.16 12:39:24.195,0.83566,0.83596,5.85,1.87
2014.10.16 12:39:24.447,0.8357,0.836,1.82,6.37
2014.10.16 12:39:24.598,0.8357,0.83602,2.25,2.02
2014.10.16 12:39:26.143,0.83573,0.83602,2.70,2.02
2014.10.16 12:39:27.062,0.83576,0.83603,2.32,1.05
2014.10.16 12:39:27.537,0.83574,0.83605,1.45,1.45
2014.10.16 12:39:27.640,0.83574,0.83603,1.12,2.32
2014.10.16 12:39:27.942,0.83574,0.83606,2.32,3.07
2014.10.16 12:39:28.259,0.83578,0.83608,2.32,1.15
2014.10.16 12:39:29.839,0.8358,0.83607,1.07,1.82
2014.10.16 12:39:29.890,0.83575,0.83607,1.52,1.82
2014.10.16 12:39:29.941,0.83575,0.83604,1.87,1.82
2014.10.16 12:39:29.991,0.83575,0.83604,1.45,3.67
2014.10.16 12:39:31.965,0.83575,0.83603,2.32,1.75
2014.10.16 12:39:32.519,0.83575,0.83605,2.32,2.25
2014.10.16 12:39:32.672,0.83573,0.83603,1.50,1.82
2014.10.16 12:39:33.075,0.83569,0.83599,4.05,1.45
2014.10.16 12:39:33.419,0.83572,0.83602,2.32,1.87
2014.10.16 12:39:33.721,0.83575,0.83605,3.07,1.45
2014.10.16 12:39:35.978,0.83575,0.83601,3.45,1.30
2014.10.16 12:39:36.514,0.83575,0.83604,2.32,1.82
2014.10.16 12:39:36.924,0.83575,0.83604,2.32,1.82
2014.10.16 12:39:37.025,0.83572,0.83601,2.70,1.82
2014.10.16 12:39:37.681,0.83575,0.83604,1.27,2.62
2014.10.16 12:39:37.732,0.83575,0.83606,4.05,1.15
2014.10.16 12:39:40.243,0.83575,0.83609,3.07,3.07
2014.10.16 12:39:40.344,0.83574,0.83603,3.07,2.62
2014.10.16 12:39:40.394,0.83572,0.83603,1.27,2.70
2014.10.16 12:39:40.546,0.83573,0.83604,2.70,2.70
2014.10.16 12:39:40.798,0.8357,0.83602,2.70,2.70
2014.10.16 12:39:40.899,0.83569,0.836,1.27,2.70
2014.10.16 12:39:41.684,0.83567,0.83598,1.52,4.87
2014.10.16 12:39:44.496,0.83566,0.83598,1.90,4.50
2014.10.16 12:39:44.597,0.83568,0.83601,3.82,2.70
2014.10.16 12:39:45.009,0.83571,0.83603,2.70,2.70
2014.10.16 12:39:46.169,0.83571,0.83602,2.70,2.70
2014.10.16 12:39:46.711,0.83575,0.83603,1.50,2.70
2014.10.16 12:39:47.095,0.8358,0.83608,1.30,5.62
2014.10.16 12:39:47.196,0.83577,0.83608,1.50,5.62
2014.10.16 12:39:48.183,0.83578,0.83608,1.50,4.50
2014.10.16 12:39:48.485,0.83581,0.8361,1.82,3.45
2014.10.16 12:39:50.230,0.83579,0.83607,1.45,2.70
2014.10.16 12:39:50.280,0.83575,0.83607,5.17,3.67
2014.10.16 12:39:51.059,0.83579,0.83606,3.67,2.02
2014.10.16 12:39:51.109,0.83579,0.83606,3.67,1.57
2014.10.16 12:39:52.149,0.83578,0.83607,2.70,3.67
2014.10.16 12:39:52.200,0.83577,0.83607,1.15,4.05
2014.10.16 12:39:53.544,0.83577,0.83603,1.42,2.32
2014.10.16 12:39:53.594,0.83571,0.83602,3.37,1.45
2014.10.16 12:39:53.645,0.83571,0.836,3.37,2.32
2014.10.16 12:39:53.696,0.8357,0.83599,1.27,1.82
2014.10.16 12:39:54.523,0.8357,0.836,1.52,3.67
2014.10.16 12:39:54.573,0.83572,0.83601,1.75,3.45
2014.10.16 12:39:54.826,0.83573,0.83603,1.82,1.82
2014.10.16 12:39:55.078,0.83574,0.83601,1.12,2.70
2014.10.16 12:39:55.129,0.83571,0.83601,1.82,2.70
2014.10.16 12:39:55.383,0.8357,0.83598,2.25,2.32
2014.10.16 12:39:55.774,0.8357,0.83599,1.55,2.70
2014.10.16 12:39:55.826,0.8357,0.83601,2.40,3.30
2014.10.16 12:39:55.876,0.83575,0.83602,1.20,3.07
2014.10.16 12:39:55.927,0.83575,0.83605,1.52,1.45
2014.10.16 12:39:56.078,0.83578,0.83607,1.42,4.42
2014.10.16 12:39:56.129,0.83578,0.83607,1.50,2.25
2014.10.16 12:39:56.784,0.8358,0.8361,1.87,3.90
2014.10.16 12:39:56.834,0.8358,0.8361,1.87,1.72
2014.10.16 12:39:58.450,0.83582,0.8361,1.75,2.70
2014.10.16 12:39:58.601,0.83584,0.83612,1.75,2.70
2014.10.16 12:39:58.805,0.83591,0.83612,2.25,2.25
2014.10.16 12:39:58.906,0.83593,0.83619,2.25,1.75
2014.10.16 12:39:59.007,0.83593,0.8362,1.05,3.07
2014.10.16 12:39:59.208,0.83589,0.83616,1.07,4.05
2014.10.16 12:39:59.309,0.83586,0.83614,1.07,3.30
2014.10.16 12:40:00.098,0.83581,0.83611,1.45,3.07
2014.10.16 12:40:00.300,0.83579,0.83609,1.45,3.30
2014.10.16 12:40:00.351,0.83579,0.83609,1.45,6.22
2014.10.16 12:40:00.614,0.83582,0.83609,1.30,6.00
2014.10.16 12:40:00.715,0.8358,0.83609,1.87,4.50
2014.10.16 12:40:00.784,0.83585,0.83609,1.00,4.50
2014.10.16 12:40:00.835,0.83585,0.83611,1.00,2.32
2014.10.16 12:40:01.157,0.83581,0.83611,1.45,2.32
2014.10.16 12:40:01.738,0.8358,0.83607,1.80,2.32
2014.10.16 12:40:02.041,0.83584,0.8361,1.30,2.32
2014.10.16 12:40:02.344,0.83589,0.8361,1.30,2.32
2014.10.16 12:40:02.445,0.83589,0.83614,1.30,2.32
2014.10.16 12:40:02.496,0.83587,0.83614,1.30,2.32
2014.10.16 12:40:02.910,0.83582,0.83612,1.15,2.32
2014.10.16 12:40:02.961,0.83581,0.83611,1.15,2.32
2014.10.16 12:40:05.128,0.83581,0.83609,1.10,2.70
2014.10.16 12:40:07.072,0.83582,0.83609,1.30,2.70
2014.10.16 12:40:07.223,0.83583,0.8361,1.20,2.70
2014.10.16 12:40:07.274,0.83583,0.83612,1.27,2.70
2014.10.16 12:40:08.030,0.83585,0.83612,1.47,2.32
2014.10.16 12:40:08.232,0.83583,0.83609,1.20,2.32
2014.10.16 12:40:08.333,0.83581,0.83609,1.27,2.32
2014.10.16 12:40:08.585,0.8358,0.83608,2.47,4.50
2014.10.16 12:40:08.736,0.83578,0.83608,1.87,4.50
2014.10.16 12:40:09.798,0.83576,0.83608,1.87,5.25
2014.10.16 12:40:10.100,0.83573,0.836,1.10,2.70
2014.10.16 12:40:10.606,0.83574,0.836,1.00,2.70
2014.10.16 12:40:11.122,0.83574,0.836,1.37,2.32
2014.10.16 12:40:11.223,0.83574,0.83603,2.62,2.70
2014.10.16 12:40:11.274,0.83574,0.83599,1.57,2.32
2014.10.16 12:40:11.324,0.83574,0.83598,1.00,2.32
2014.10.16 12:40:11.425,0.83574,0.836,1.30,1.27
2014.10.16 12:40:11.582,0.83576,0.836,1.30,1.27
2014.10.16 12:40:11.734,0.83577,0.83603,1.30,3.45
2014.10.16 12:40:12.288,0.83576,0.83603,1.10,3.07
2014.10.16 12:40:12.490,0.83578,0.83601,1.00,1.15
2014.10.16 12:40:14.118,0.83579,0.83603,1.30,3.07
2014.10.16 12:40:14.526,0.83578,0.83601,1.00,2.70
2014.10.16 12:40:14.577,0.83574,0.83599,1.00,1.15
2014.10.16 12:40:14.933,0.83577,0.836,1.12,2.32
2014.10.16 12:40:14.984,0.83577,0.83602,1.12,1.15
2014.10.16 12:40:15.034,0.8358,0.83603,1.00,2.32
2014.10.16 12:40:16.114,0.83577,0.83602,1.72,1.15
2014.10.16 12:40:20.077,0.8358,0.83603,1.00,2.32
2014.10.16 12:40:20.128,0.8358,0.83605,1.00,1.27
2014.10.16 12:40:25.790,0.83576,0.83603,1.15,1.27
2014.10.16 12:40:25.841,0.83576,0.83603,1.10,3.45
2014.10.16 12:40:26.143,0.83575,0.836,1.00,1.15
2014.10.16 12:40:28.207,0.83573,0.83598,1.10,1.55
2014.10.16 12:40:28.308,0.83573,0.83595,1.17,1.37
2014.10.16 12:40:28.358,0.83569,0.83593,1.00,1.52
2014.10.16 12:40:28.862,0.8357,0.83593,1.00,1.15
2014.10.16 12:40:28.963,0.8357,0.83593,1.17,1.10
2014.10.16 12:40:29.608,0.83571,0.83593,1.42,1.10
2014.10.16 12:40:29.759,0.83572,0.83595,1.50,1.00
2014.10.16 12:40:30.745,0.83569,0.83593,1.10,1.17
2014.10.16 12:40:30.846,0.83568,0.83593,1.00,1.15
2014.10.16 12:40:31.288,0.8357,0.83593,1.00,1.15
2014.10.16 12:40:31.571,0.8357,0.83595,2.55,1.15
2014.10.16 12:40:31.932,0.8357,0.83595,1.00,1.52
2014.10.16 12:40:31.983,0.83568,0.83593,1.00,1.15
2014.10.16 12:40:32.436,0.83568,0.83593,2.25,1.00
2014.10.16 12:40:32.741,0.83571,0.83595,1.00,1.15
2014.10.16 12:40:32.842,0.83568,0.83595,1.17,1.15
2014.10.16 12:40:33.773,0.83569,0.83595,1.50,1.17
2014.10.16 12:40:34.277,0.8357,0.83595,1.00,1.15
2014.10.16 12:40:34.781,0.83571,0.83596,1.00,1.15
2014.10.16 12:40:34.983,0.83571,0.83596,1.17,1.15
2014.10.16 12:40:35.494,0.83573,0.83598,1.00,1.27
2014.10.16 12:40:35.545,0.83573,0.83598,1.15,1.27
2014.10.16 12:40:35.646,0.83576,0.83601,1.52,1.50
2014.10.16 12:40:35.949,0.83581,0.83604,1.05,1.65
2014.10.16 12:40:36.151,0.83583,0.83607,1.30,1.15
2014.10.16 12:40:36.615,0.83582,0.83607,1.15,1.17
2014.10.16 12:40:36.669,0.83582,0.83607,1.00,1.15
2014.10.16 12:40:36.972,0.8358,0.83604,1.00,1.15
2014.10.16 12:40:37.275,0.83579,0.83603,1.00,2.32
2014.10.16 12:40:37.376,0.83576,0.83601,1.00,1.15
2014.10.16 12:40:37.578,0.83576,0.83598,1.00,2.32
2014.10.16 12:40:37.680,0.83576,0.83601,1.00,1.65
2014.10.16 12:40:37.781,0.83576,0.83601,1.17,1.65
2014.10.16 12:40:37.932,0.8358,0.83604,1.00,2.32
2014.10.16 12:40:38.235,0.83577,0.83602,1.10,1.15
2014.10.16 12:40:38.336,0.8358,0.83605,1.00,1.15
2014.10.16 12:40:39.176,0.8358,0.83605,1.65,1.10
2014.10.16 12:40:39.487,0.83582,0.83609,2.25,1.17
2014.10.16 12:40:39.873,0.83584,0.83609,1.00,1.52
2014.10.16 12:40:39.974,0.83581,0.83606,2.25,1.00
2014.10.16 12:40:40.075,0.83581,0.83606,2.25,1.00
2014.10.16 12:40:40.377,0.83586,0.83611,1.00,1.52
2014.10.16 12:40:40.680,0.83583,0.83608,1.00,1.15
2014.10.16 12:40:40.781,0.83585,0.8361,1.00,3.07
2014.10.16 12:40:40.882,0.83583,0.83608,1.00,1.15
2014.10.16 12:40:41.404,0.83581,0.83606,1.00,3.07
2014.10.16 12:40:41.455,0.83578,0.83603,1.07,1.17
2014.10.16 12:40:41.659,0.83577,0.83597,1.12,1.00
2014.10.16 12:40:42.081,0.83577,0.83595,1.12,1.00
2014.10.16 12:40:42.613,0.8358,0.83595,1.30,1.00
2014.10.16 12:40:43.117,0.83578,0.83595,1.42,1.00
2014.10.16 12:40:43.595,0.83578,0.83595,1.50,1.00
2014.10.16 12:40:43.646,0.83578,0.83598,1.50,1.00
2014.10.16 12:40:43.747,0.83577,0.83596,1.50,1.00
2014.10.16 12:40:43.848,0.83575,0.83593,1.27,1.00
2014.10.16 12:40:44.150,0.83564,0.83581,1.00,1.00
2014.10.16 12:40:44.403,0.83561,0.83579,1.30,1.00
2014.10.16 12:40:44.504,0.8356,0.83579,1.87,1.00
2014.10.16 12:40:44.605,0.8356,0.83579,1.30,1.00
2014.10.16 12:40:44.705,0.83555,0.83573,1.15,1.00
2014.10.16 12:40:44.958,0.83555,0.83575,1.87,1.00
2014.10.16 12:40:45.059,0.83555,0.83573,1.87,1.00
2014.10.16 12:40:45.210,0.83554,0.83571,1.12,1.00
2014.10.16 12:40:45.706,0.83555,0.83575,1.10,1.00
2014.10.16 12:40:46.210,0.83551,0.83574,1.45,1.00
2014.10.16 12:40:47.353,0.83555,0.83574,1.30,1.00
2014.10.16 12:40:47.706,0.83555,0.83575,1.50,1.00
2014.10.16 12:40:47.807,0.83556,0.83578,1.50,1.00
2014.10.16 12:40:48.010,0.83558,0.83578,1.45,1.00
2014.10.16 12:40:48.312,0.83561,0.83578,1.45,1.00
2014.10.16 12:40:49.686,0.8356,0.8358,1.27,1.00
2014.10.16 12:40:50.622,0.83557,0.8358,1.45,1.00
2014.10.16 12:40:50.673,0.83557,0.83578,1.45,1.00
2014.10.16 12:40:50.824,0.83557,0.83578,1.05,1.00
2014.10.16 12:40:50.875,0.83557,0.83576,1.05,1.00
2014.10.16 12:40:51.178,0.83557,0.83576,1.45,1.00
2014.10.16 12:40:51.229,0.83555,0.83578,2.70,1.00
2014.10.16 12:40:51.431,0.83555,0.83576,3.45,1.00
2014.10.16 12:40:51.633,0.83555,0.83576,1.52,1.00
2014.10.16 12:40:51.835,0.83556,0.83576,1.30,1.00
2014.10.16 12:40:51.987,0.83553,0.83573,1.45,1.00
2014.10.16 12:40:52.433,0.83555,0.83576,1.05,1.00
2014.10.16 12:40:52.535,0.83558,0.83576,1.30,1.00
2014.10.16 12:40:52.636,0.83558,0.83578,1.30,1.00
2014.10.16 12:40:52.863,0.83558,0.83576,1.30,1.00
2014.10.16 12:40:53.317,0.83554,0.83574,1.05,1.00
2014.10.16 12:40:53.418,0.8355,0.83574,1.17,1.17
2014.10.16 12:40:53.519,0.8355,0.83571,1.17,1.00
2014.10.16 12:40:54.304,0.8355,0.83571,1.42,1.07
2014.10.16 12:40:54.406,0.83546,0.83571,1.82,1.17
2014.10.16 12:40:54.507,0.83546,0.83568,1.75,1.10
2014.10.16 12:40:54.557,0.83544,0.83568,1.37,1.10
2014.10.16 12:40:55.067,0.83546,0.83568,1.30,1.10
2014.10.16 12:40:55.222,0.83545,0.83568,1.37,1.00
2014.10.16 12:40:55.374,0.83545,0.83571,1.45,1.10
2014.10.16 12:40:55.526,0.83546,0.83568,1.45,1.00
2014.10.16 12:40:56.348,0.83547,0.83568,1.30,1.10
2014.10.16 12:40:56.869,0.83548,0.83568,1.30,1.10
2014.10.16 12:40:57.121,0.8355,0.83571,1.72,1.10
2014.10.16 12:40:57.641,0.83549,0.83571,1.42,1.10
2014.10.16 12:40:58.063,0.83553,0.83569,1.30,1.00
2014.10.16 12:40:58.383,0.83553,0.83574,1.30,1.10
2014.10.16 12:40:58.434,0.83555,0.83576,1.30,1.00
2014.10.16 12:40:58.737,0.83545,0.83569,1.45,1.00
2014.10.16 12:40:59.140,0.83545,0.83571,1.80,1.15
2014.10.16 12:41:00.882,0.83544,0.83566,1.37,1.07
2014.10.16 12:41:00.932,0.83542,0.83566,1.10,1.15
2014.10.16 12:41:01.084,0.83542,0.83565,1.10,2.32
2014.10.16 12:41:01.592,0.83551,0.83564,1.30,2.32
2014.10.16 12:41:01.643,0.83551,0.83567,1.30,2.25
2014.10.16 12:41:01.744,0.8355,0.8357,1.30,2.32
2014.10.16 12:41:01.846,0.83547,0.83567,1.30,2.32
2014.10.16 12:41:01.947,0.83537,0.83562,1.07,2.32
2014.10.16 12:41:02.048,0.83534,0.83559,1.05,1.15
2014.10.16 12:41:02.250,0.83535,0.83559,1.05,1.15
2014.10.16 12:41:02.300,0.83537,0.83559,1.30,1.15
2014.10.16 12:41:02.603,0.83542,0.83563,1.30,1.15
2014.10.16 12:41:02.905,0.83535,0.83557,1.00,2.32
2014.10.16 12:41:03.695,0.83533,0.83557,1.30,3.07
2014.10.16 12:41:04.213,0.83532,0.83557,1.30,3.07
2014.10.16 12:41:04.468,0.83535,0.83557,1.00,1.15
2014.10.16 12:41:04.771,0.83535,0.8356,2.17,2.25
2014.10.16 12:41:04.872,0.8354,0.83563,1.72,1.15
2014.10.16 12:41:05.074,0.8354,0.83562,1.00,2.32
2014.10.16 12:41:05.125,0.83535,0.83562,2.17,2.32
2014.10.16 12:41:05.176,0.83535,0.83561,1.72,2.32
2014.10.16 12:41:05.478,0.83535,0.83559,1.00,2.32
2014.10.16 12:41:06.011,0.83536,0.83558,1.30,2.32
2014.10.16 12:41:06.323,0.8354,0.83558,1.00,2.32
2014.10.16 12:41:06.475,0.83542,0.83562,1.30,2.32
2014.10.16 12:41:06.576,0.83543,0.83565,1.30,2.32
2014.10.16 12:41:06.677,0.83541,0.83565,1.35,2.32
2014.10.16 12:41:07.202,0.8354,0.83565,1.00,2.32
2014.10.16 12:41:07.404,0.83537,0.83565,1.50,3.45
2014.10.16 12:41:07.505,0.83538,0.83563,1.42,2.32
2014.10.16 12:41:07.808,0.83543,0.83565,1.30,2.32
2014.10.16 12:41:07.858,0.83543,0.83567,1.30,1.15
2014.10.16 12:41:07.909,0.83545,0.83567,1.30,1.15
2014.10.16 12:41:08.453,0.83543,0.83568,1.35,1.15
2014.10.16 12:41:09.229,0.8354,0.83566,2.10,1.15
2014.10.16 12:41:09.538,0.83542,0.83566,1.30,1.15
2014.10.16 12:41:10.074,0.83543,0.83566,1.30,1.15
2014.10.16 12:41:10.581,0.83544,0.83566,1.35,1.15
2014.10.16 12:41:10.835,0.8354,0.83566,1.37,1.15
2014.10.16 12:41:10.936,0.8354,0.83564,1.00,1.20
2014.10.16 12:41:10.987,0.8354,0.83564,1.00,1.15
2014.10.16 12:41:11.038,0.83537,0.83561,1.75,1.07
2014.10.16 12:41:11.189,0.83535,0.83561,2.47,1.15
2014.10.16 12:41:11.493,0.83535,0.83559,1.00,1.52
2014.10.16 12:41:11.547,0.83535,0.83559,1.00,3.45
2014.10.16 12:41:11.597,0.83532,0.83556,1.30,1.15
2014.10.16 12:41:11.648,0.83529,0.83555,2.17,2.32
2014.10.16 12:41:11.800,0.83531,0.83556,1.12,1.15
2014.10.16 12:41:11.851,0.8353,0.83556,1.37,3.07
2014.10.16 12:41:12.052,0.83529,0.83556,1.72,3.07
2014.10.16 12:41:12.153,0.83535,0.83556,1.00,1.15
2014.10.16 12:41:12.355,0.83536,0.83562,1.05,1.15
2014.10.16 12:41:12.456,0.8354,0.83562,1.00,1.15
2014.10.16 12:41:12.761,0.8354,0.83565,1.00,3.07
2014.10.16 12:41:12.862,0.83535,0.83563,1.15,3.07
2014.10.16 12:41:12.913,0.83535,0.83561,1.17,1.15
2014.10.16 12:41:13.481,0.83532,0.83558,1.12,1.15
2014.10.16 12:41:14.104,0.83535,0.83559,1.00,1.15
2014.10.16 12:41:14.417,0.83535,0.83559,1.17,1.17
2014.10.16 12:41:14.569,0.83536,0.83559,1.37,1.10
2014.10.16 12:41:14.620,0.83538,0.83564,1.45,1.15
2014.10.16 12:41:15.081,0.83539,0.83564,2.32,1.00
2014.10.16 12:41:16.218,0.8354,0.83564,1.07,1.07
2014.10.16 12:41:16.269,0.8354,0.83564,1.00,1.15
2014.10.16 12:41:16.420,0.83535,0.8356,1.52,1.00
2014.10.16 12:41:17.311,0.83535,0.8356,1.50,1.00
2014.10.16 12:41:17.362,0.83541,0.83563,1.30,1.07
2014.10.16 12:41:17.412,0.83541,0.83563,1.05,1.10
2014.10.16 12:41:17.614,0.83542,0.83566,1.12,1.10
2014.10.16 12:41:18.133,0.8354,0.83565,1.45,1.00
2014.10.16 12:41:18.234,0.8354,0.83567,1.87,1.15
2014.10.16 12:41:19.121,0.83535,0.83563,1.15,1.15
2014.10.16 12:41:19.222,0.83535,0.8356,1.87,1.15
2014.10.16 12:41:20.122,0.83539,0.83563,1.05,1.15
2014.10.16 12:41:20.440,0.83541,0.83567,1.12,1.15
2014.10.16 12:41:20.801,0.83537,0.83567,2.32,3.07
2014.10.16 12:41:20.903,0.83536,0.83561,1.50,1.10
2014.10.16 12:41:21.105,0.83533,0.83559,3.00,1.10
2014.10.16 12:41:21.206,0.83533,0.83557,1.15,1.00
2014.10.16 12:41:21.711,0.83533,0.83557,1.17,1.17
2014.10.16 12:41:21.812,0.83528,0.83553,1.00,2.32
2014.10.16 12:41:21.863,0.83525,0.83553,1.87,2.32
2014.10.16 12:41:21.964,0.8353,0.83551,1.30,1.00
2014.10.16 12:41:22.065,0.83528,0.83553,1.45,1.00
2014.10.16 12:41:22.468,0.83535,0.83556,1.00,1.17
2014.10.16 12:41:22.519,0.83535,0.83556,1.00,1.10
2014.10.16 12:41:22.822,0.83535,0.83562,1.15,1.15
2014.10.16 12:41:23.629,0.83535,0.83558,1.15,1.00
2014.10.16 12:41:23.730,0.83535,0.83555,1.00,1.00
2014.10.16 12:41:23.831,0.83532,0.83557,1.45,1.20
2014.10.16 12:41:23.932,0.8353,0.83555,1.15,1.00
2014.10.16 12:41:24.460,0.83525,0.83552,1.52,1.15
2014.10.16 12:41:24.765,0.83522,0.83547,2.32,1.00
2014.10.16 12:41:24.816,0.8352,0.83547,1.15,1.15
2014.10.16 12:41:25.018,0.83525,0.83547,1.17,1.00
2014.10.16 12:41:25.320,0.83535,0.83557,1.00,1.65
2014.10.16 12:41:25.371,0.8353,0.83557,1.17,1.15
2014.10.16 12:41:25.523,0.83525,0.83553,2.62,1.15
2014.10.16 12:41:26.036,0.83525,0.8355,1.15,1.00
2014.10.16 12:41:26.137,0.8353,0.83552,1.00,1.17
2014.10.16 12:41:26.339,0.83527,0.83552,1.05,1.17
2014.10.16 12:41:26.440,0.83527,0.83554,2.32,1.10
2014.10.16 12:41:26.692,0.83525,0.83551,1.15,1.10
2014.10.16 12:41:26.743,0.83525,0.83551,1.10,1.15
2014.10.16 12:41:27.370,0.8352,0.83546,2.32,1.00
2014.10.16 12:41:27.522,0.83518,0.83546,1.50,1.17
2014.10.16 12:41:27.801,0.83519,0.83543,1.82,1.00
2014.10.16 12:41:27.902,0.83521,0.83545,1.12,1.10
2014.10.16 12:41:28.054,0.83522,0.83548,1.50,1.07
2014.10.16 12:41:29.301,0.83526,0.8355,1.35,1.15
2014.10.16 12:41:29.771,0.83524,0.8355,1.50,1.15
2014.10.16 12:41:30.023,0.83524,0.8355,1.05,3.07
2014.10.16 12:41:30.225,0.83516,0.83546,1.87,2.70
2014.10.16 12:41:30.427,0.83516,0.83541,1.57,1.07
2014.10.16 12:41:30.478,0.83516,0.83541,1.00,1.15
2014.10.16 12:41:30.932,0.83514,0.83541,1.50,1.27
2014.10.16 12:41:31.033,0.83513,0.83538,1.67,1.15
2014.10.16 12:41:31.538,0.83515,0.83536,1.00,1.27
2014.10.16 12:41:31.957,0.8351,0.83534,1.17,1.10
2014.10.16 12:41:32.058,0.83509,0.83534,1.80,1.15
2014.10.16 12:41:32.360,0.83515,0.83534,1.00,1.10
2014.10.16 12:41:32.814,0.8351,0.83534,1.12,1.10
2014.10.16 12:41:33.131,0.8351,0.83532,1.17,2.10
2014.10.16 12:41:33.282,0.835,0.83522,1.15,1.12
2014.10.16 12:41:33.383,0.83499,0.8352,1.00,1.17
2014.10.16 12:41:33.484,0.83495,0.8352,1.15,1.27
2014.10.16 12:41:33.535,0.83495,0.83517,1.15,1.00
2014.10.16 12:41:33.585,0.83492,0.83517,1.87,1.15
2014.10.16 12:41:34.190,0.83489,0.83517,1.17,4.42
2014.10.16 12:41:34.496,0.83485,0.83511,1.52,1.15
2014.10.16 12:41:34.849,0.83482,0.83507,2.70,1.05
2014.10.16 12:41:34.900,0.8348,0.83507,1.52,1.12
2014.10.16 12:41:35.153,0.8348,0.83504,1.27,1.10
2014.10.16 12:41:35.203,0.8348,0.83504,1.27,1.17
2014.10.16 12:41:35.254,0.83479,0.83508,2.70,2.70
2014.10.16 12:41:35.305,0.83479,0.83509,4.50,1.87
2014.10.16 12:41:35.557,0.83485,0.83512,1.07,1.15
2014.10.16 12:41:35.608,0.83485,0.83512,1.15,1.15
2014.10.16 12:41:36.335,0.83489,0.83512,1.00,1.15
2014.10.16 12:41:36.801,0.83495,0.83514,1.00,1.15
2014.10.16 12:41:37.200,0.8349,0.83514,1.37,1.15
2014.10.16 12:41:37.333,0.83494,0.83514,1.00,1.15
2014.10.16 12:41:37.434,0.83489,0.83514,1.37,1.15
2014.10.16 12:41:37.535,0.83495,0.83514,1.00,1.15
2014.10.16 12:41:37.687,0.8349,0.83514,1.15,1.00
2014.10.16 12:41:37.788,0.83484,0.83513,3.45,1.45
2014.10.16 12:41:38.141,0.83485,0.83509,1.52,1.30
2014.10.16 12:41:38.191,0.83485,0.83509,1.55,1.05
2014.10.16 12:41:38.393,0.83482,0.83509,1.05,2.32
2014.10.16 12:41:38.695,0.8348,0.83501,1.00,1.05
2014.10.16 12:41:38.998,0.8348,0.83499,1.00,1.30
2014.10.16 12:41:39.355,0.83475,0.83497,1.15,1.30
2014.10.16 12:41:39.506,0.83475,0.83497,1.17,1.30
2014.10.16 12:41:39.557,0.83475,0.83495,1.17,1.30
2014.10.16 12:41:39.860,0.83475,0.83492,1.17,1.30
2014.10.16 12:41:39.911,0.83475,0.83494,1.17,1.30
2014.10.16 12:41:40.013,0.83475,0.83497,1.17,1.30
2014.10.16 12:41:40.114,0.83475,0.835,1.15,1.30
2014.10.16 12:41:40.467,0.83475,0.83498,1.17,1.30
2014.10.16 12:41:40.754,0.83477,0.83503,2.32,1.72
2014.10.16 12:41:41.652,0.83476,0.83503,2.70,1.20
2014.10.16 12:41:41.703,0.83475,0.83503,1.15,1.55
2014.10.16 12:41:41.854,0.83475,0.83498,1.15,1.30
2014.10.16 12:41:42.402,0.83475,0.83499,1.15,1.30
2014.10.16 12:41:42.988,0.83475,0.83498,1.27,1.30
2014.10.16 12:41:45.031,0.8348,0.83498,1.00,1.30
2014.10.16 12:41:45.082,0.8348,0.83503,1.00,1.17
2014.10.16 12:41:45.525,0.8348,0.83499,1.00,1.30
2014.10.16 12:41:45.727,0.83475,0.83496,1.17,1.30
2014.10.16 12:41:46.030,0.83475,0.83499,1.27,1.05
2014.10.16 12:41:46.232,0.8348,0.835,1.00,1.30
2014.10.16 12:41:46.283,0.8348,0.83503,1.00,1.72
2014.10.16 12:41:46.333,0.83475,0.83503,1.15,2.10
2014.10.16 12:41:46.875,0.83471,0.83494,2.70,1.30
2014.10.16 12:41:47.026,0.83469,0.83493,2.32,1.30
2014.10.16 12:41:47.228,0.83466,0.83492,3.07,1.30
2014.10.16 12:41:47.740,0.8347,0.83494,1.17,1.12
2014.10.16 12:41:48.249,0.8347,0.83496,1.55,1.87
2014.10.16 12:41:48.299,0.83475,0.83496,1.00,1.87
2014.10.16 12:41:48.350,0.83475,0.83496,1.00,1.80
2014.10.16 12:41:48.865,0.8347,0.83496,1.52,1.80
2014.10.16 12:41:49.895,0.8347,0.83494,1.52,1.30
2014.10.16 12:41:49.946,0.83466,0.83494,2.70,1.12
2014.10.16 12:41:49.997,0.83466,0.8349,2.70,1.30
2014.10.16 12:41:50.148,0.83465,0.8349,1.52,1.05
2014.10.16 12:41:50.652,0.83465,0.83488,1.15,1.00
2014.10.16 12:41:51.652,0.83465,0.8349,1.52,1.05
2014.10.16 12:41:51.853,0.83469,0.8349,1.27,1.30
2014.10.16 12:41:51.954,0.83469,0.83492,1.27,1.30
2014.10.16 12:41:52.257,0.83465,0.83492,1.52,1.45
2014.10.16 12:41:52.854,0.8347,0.8349,1.00,1.80
2014.10.16 12:41:52.955,0.83465,0.8349,1.52,1.80
2014.10.16 12:41:53.056,0.8347,0.8349,1.00,1.80
2014.10.16 12:41:53.711,0.83465,0.8349,1.52,1.05
2014.10.16 12:41:54.226,0.8347,0.83492,1.00,1.17
2014.10.16 12:41:54.529,0.8347,0.83486,1.00,1.30
2014.10.16 12:41:54.731,0.83474,0.83493,1.00,1.12
2014.10.16 12:41:54.883,0.83475,0.83497,1.00,1.87
2014.10.16 12:41:55.415,0.8347,0.835,2.40,1.15
2014.10.16 12:41:56.657,0.83475,0.83497,1.00,1.12
2014.10.16 12:41:56.909,0.83471,0.83501,2.70,1.87
2014.10.16 12:41:57.467,0.83475,0.83499,1.07,1.12
2014.10.16 12:41:57.669,0.8347,0.83497,1.15,1.12
2014.10.16 12:41:58.671,0.83475,0.835,1.00,1.87
2014.10.16 12:41:58.822,0.83475,0.835,1.17,1.17
2014.10.16 12:41:59.175,0.83475,0.83501,1.52,1.80
2014.10.16 12:41:59.226,0.83475,0.83501,1.52,1.05
2014.10.16 12:41:59.780,0.83475,0.83504,3.45,1.37
2014.10.16 12:41:59.831,0.83476,0.83504,2.70,1.05
2014.10.16 12:42:00.576,0.83476,0.83504,2.70,1.50
2014.10.16 12:42:00.627,0.83475,0.83504,1.52,1.50
2014.10.16 12:42:01.573,0.83476,0.83502,2.70,1.37
2014.10.16 12:42:01.880,0.83478,0.83504,2.70,1.05
2014.10.16 12:42:01.982,0.83479,0.835,2.70,1.30
2014.10.16 12:42:02.032,0.83477,0.835,2.70,1.30
2014.10.16 12:42:02.436,0.83477,0.83503,2.70,1.00
2014.10.16 12:42:02.587,0.83479,0.83506,2.32,1.07
2014.10.16 12:42:02.638,0.8348,0.83506,3.07,1.00
2014.10.16 12:42:02.739,0.8348,0.83504,2.32,1.00
2014.10.16 12:42:03.949,0.8348,0.83504,1.15,1.10
2014.10.16 12:42:04.302,0.83477,0.83502,2.70,1.00
2014.10.16 12:42:05.296,0.83477,0.83504,2.70,1.10
2014.10.16 12:42:05.359,0.83477,0.83501,2.70,1.00
2014.10.16 12:42:06.862,0.83475,0.83501,1.15,1.00
2014.10.16 12:42:07.064,0.83471,0.83499,2.70,1.05
2014.10.16 12:42:07.367,0.8347,0.83497,2.02,1.17
2014.10.16 12:42:07.679,0.83472,0.83497,2.70,1.00
2014.10.16 12:42:07.781,0.83469,0.83497,4.42,1.17
2014.10.16 12:42:07.832,0.83471,0.835,2.32,1.17
2014.10.16 12:42:07.884,0.83475,0.835,1.15,1.17
2014.10.16 12:42:08.389,0.83475,0.83499,1.15,1.30
2014.10.16 12:42:08.793,0.8348,0.83504,1.15,1.72
2014.10.16 12:42:09.297,0.8348,0.83503,3.07,1.30
2014.10.16 12:42:09.843,0.83485,0.83504,1.10,1.30
2014.10.16 12:42:10.146,0.8348,0.83506,3.07,1.30
2014.10.16 12:42:10.196,0.83482,0.83506,2.32,1.30
2014.10.16 12:42:10.709,0.83487,0.83511,2.32,1.00
2014.10.16 12:42:11.213,0.83487,0.83512,2.32,1.00
2014.10.16 12:42:11.415,0.8349,0.83515,1.15,1.87
2014.10.16 12:42:12.133,0.8349,0.83517,3.45,1.80
2014.10.16 12:42:12.605,0.83494,0.83518,1.15,1.30
2014.10.16 12:42:13.320,0.83495,0.83519,1.15,1.30
2014.10.16 12:42:13.623,0.8349,0.83515,1.15,1.72
2014.10.16 12:42:14.128,0.83494,0.83514,1.10,1.30
2014.10.16 12:42:14.432,0.83489,0.83517,2.70,2.25
2014.10.16 12:42:14.735,0.83492,0.83517,2.32,1.00
2014.10.16 12:42:15.088,0.83492,0.8352,2.70,1.27
2014.10.16 12:42:15.623,0.83492,0.83517,2.32,1.00
2014.10.16 12:42:15.926,0.83489,0.83511,3.07,1.00
2014.10.16 12:42:16.128,0.83486,0.83511,2.70,1.00
2014.10.16 12:42:16.623,0.83486,0.83513,2.70,1.12
2014.10.16 12:42:18.355,0.8349,0.83516,1.15,1.10
2014.10.16 12:42:18.715,0.83489,0.83513,2.32,1.00
2014.10.16 12:42:19.018,0.83492,0.83517,2.32,1.72
2014.10.16 12:42:19.069,0.83492,0.83514,2.32,1.30
2014.10.16 12:42:19.119,0.8349,0.83514,1.15,1.30
2014.10.16 12:42:19.221,0.8349,0.83512,1.15,1.00
2014.10.16 12:42:19.725,0.83495,0.83512,1.17,1.00
2014.10.16 12:42:19.776,0.83495,0.83514,1.17,1.00
2014.10.16 12:42:20.028,0.83495,0.83517,1.17,1.00
2014.10.16 12:42:20.332,0.83498,0.8352,2.32,1.00
2014.10.16 12:42:20.433,0.83495,0.83517,2.02,1.00
2014.10.16 12:42:20.584,0.835,0.83519,1.00,1.00
2014.10.16 12:42:21.089,0.83495,0.83519,1.15,1.00
2014.10.16 12:42:21.527,0.83492,0.83519,3.07,1.10
2014.10.16 12:42:21.628,0.83492,0.83519,1.17,1.15
2014.10.16 12:42:21.930,0.83488,0.83513,2.70,1.00
2014.10.16 12:42:22.233,0.83488,0.8351,2.32,1.00
2014.10.16 12:42:22.720,0.83488,0.83508,2.32,1.00
2014.10.16 12:42:24.053,0.83491,0.83508,2.32,1.00
2014.10.16 12:42:24.104,0.83491,0.83511,2.70,1.00
2014.10.16 12:42:24.759,0.83491,0.83514,2.70,1.00
2014.10.16 12:42:25.313,0.83491,0.83511,2.32,1.00
2014.10.16 12:42:26.064,0.83488,0.83511,1.27,1.00
2014.10.16 12:42:26.265,0.83491,0.83511,2.32,1.00
2014.10.16 12:42:27.810,0.83495,0.83513,1.17,1.00
2014.10.16 12:42:29.048,0.83488,0.8351,1.15,1.00
2014.10.16 12:42:29.149,0.83488,0.83507,1.15,1.00
2014.10.16 12:42:29.718,0.83491,0.83511,1.20,1.00
2014.10.16 12:42:29.768,0.83491,0.83511,1.15,1.00
2014.10.16 12:42:30.834,0.83492,0.83514,1.15,1.00
2014.10.16 12:42:31.313,0.83491,0.83513,1.17,1.00
2014.10.16 12:42:31.679,0.83495,0.83513,1.10,1.00
2014.10.16 12:42:31.981,0.835,0.83513,1.00,1.00
2014.10.16 12:42:32.542,0.835,0.83514,1.00,1.00
2014.10.16 12:42:32.643,0.83495,0.83514,1.15,1.00
2014.10.16 12:42:32.794,0.83495,0.83512,1.00,1.00
2014.10.16 12:42:33.299,0.83494,0.83512,1.10,1.00
2014.10.16 12:42:33.803,0.83495,0.83512,1.00,1.00
2014.10.16 12:42:33.954,0.835,0.83512,1.00,1.00
2014.10.16 12:42:34.006,0.835,0.83515,1.00,1.00
2014.10.16 12:42:34.208,0.83495,0.83515,1.20,1.00
2014.10.16 12:42:34.410,0.83493,0.83513,1.15,1.30
2014.10.16 12:42:34.914,0.83493,0.83514,1.17,1.30
2014.10.16 12:42:35.241,0.83492,0.83513,3.30,1.00
2014.10.16 12:42:35.392,0.83494,0.83515,1.15,1.00
2014.10.16 12:42:36.978,0.83495,0.83515,2.32,1.00
2014.10.16 12:42:37.612,0.83495,0.83512,2.32,1.00
2014.10.16 12:42:38.220,0.83492,0.83512,3.07,1.00
2014.10.16 12:42:38.944,0.83493,0.83514,1.15,1.00
2014.10.16 12:42:39.145,0.83493,0.83517,1.15,1.00
2014.10.16 12:42:39.498,0.83495,0.83514,1.00,1.00
2014.10.16 12:42:39.711,0.83491,0.83511,1.10,1.00
2014.10.16 12:42:39.913,0.8349,0.83511,3.82,1.00
2014.10.16 12:42:41.103,0.83493,0.83511,2.32,1.00
2014.10.16 12:42:41.254,0.83494,0.83514,2.32,1.00
2014.10.16 12:42:41.708,0.83494,0.83517,2.32,1.00
2014.10.16 12:42:42.135,0.83496,0.83517,2.32,1.00
2014.10.16 12:42:42.337,0.83496,0.83519,2.70,1.00
2014.10.16 12:42:42.740,0.83499,0.83519,4.50,1.00
2014.10.16 12:42:43.577,0.83499,0.83521,4.50,1.00
2014.10.16 12:42:44.221,0.835,0.83524,1.52,1.00
2014.10.16 12:42:44.423,0.83503,0.83526,3.45,1.00
2014.10.16 12:42:44.574,0.83504,0.83529,2.02,1.00
2014.10.16 12:42:44.776,0.83504,0.83527,1.15,1.00
2014.10.16 12:42:44.827,0.83504,0.83527,1.17,1.10
2014.10.16 12:42:44.877,0.83504,0.83523,1.17,1.00
2014.10.16 12:42:45.029,0.835,0.83523,1.15,1.00
2014.10.16 12:42:45.593,0.83498,0.83523,1.15,1.37
2014.10.16 12:42:45.967,0.83498,0.83523,1.17,1.17
2014.10.16 12:42:46.765,0.83496,0.8352,1.27,1.00
2014.10.16 12:42:48.675,0.83495,0.8352,1.15,1.37
2014.10.16 12:42:49.199,0.83495,0.8352,1.15,1.37
2014.10.16 12:42:49.724,0.83495,0.8352,1.15,1.00
2014.10.16 12:42:49.825,0.83494,0.83518,3.07,1.00
2014.10.16 12:42:49.876,0.83493,0.83518,1.65,1.00
2014.10.16 12:42:51.235,0.83494,0.83518,3.30,1.00
2014.10.16 12:42:53.792,0.83495,0.8352,1.52,1.00
2014.10.16 12:42:54.867,0.83495,0.8352,2.02,1.65
2014.10.16 12:42:55.332,0.83491,0.83514,3.45,1.30
2014.10.16 12:42:55.383,0.83491,0.83514,1.15,1.30
2014.10.16 12:42:55.641,0.83489,0.8351,2.40,1.30
2014.10.16 12:42:55.946,0.83489,0.83507,1.15,1.30
2014.10.16 12:42:55.996,0.83489,0.83513,1.17,1.12
2014.10.16 12:42:58.294,0.83489,0.83514,3.45,1.00
2014.10.16 12:42:58.653,0.83492,0.83517,1.15,1.87
2014.10.16 12:42:59.157,0.83495,0.8352,1.00,3.00
2014.10.16 12:42:59.308,0.83495,0.83518,1.00,2.70
2014.10.16 12:43:00.116,0.83495,0.8352,1.00,5.17
2014.10.16 12:43:00.684,0.83495,0.8352,1.50,1.27
2014.10.16 12:43:00.837,0.83497,0.83522,1.10,3.45
2014.10.16 12:43:00.888,0.83497,0.83522,1.10,1.52
2014.10.16 12:43:00.939,0.83499,0.83524,1.00,3.00
2014.10.16 12:43:01.292,0.83499,0.83524,1.17,2.25
2014.10.16 12:43:02.791,0.83499,0.83524,1.27,1.07
2014.10.16 12:43:02.842,0.83502,0.83527,1.10,1.15
2014.10.16 12:43:02.993,0.83503,0.83529,1.07,1.50
2014.10.16 12:43:03.044,0.83504,0.8353,1.50,1.15
2014.10.16 12:43:03.145,0.83507,0.83532,1.00,1.15
2014.10.16 12:43:03.246,0.83507,0.83532,1.15,1.17
2014.10.16 12:43:03.599,0.83507,0.83532,1.07,1.27
2014.10.16 12:43:03.650,0.83507,0.83532,1.00,1.27
2014.10.16 12:43:04.325,0.83507,0.8353,1.00,2.70
2014.10.16 12:43:04.678,0.83504,0.83529,1.00,1.52
2014.10.16 12:43:05.183,0.83505,0.83529,1.00,1.52
2014.10.16 12:43:05.710,0.83504,0.83529,1.00,1.52
2014.10.16 12:43:06.856,0.83505,0.83529,1.00,1.52
2014.10.16 12:43:07.058,0.83505,0.83529,1.07,1.20
2014.10.16 12:43:08.773,0.83507,0.83532,1.00,1.27
2014.10.16 12:43:13.095,0.83507,0.83532,1.00,2.62
2014.10.16 12:43:14.109,0.83507,0.83531,1.00,1.87
2014.10.16 12:43:14.620,0.83505,0.8353,1.00,2.02
2014.10.16 12:43:15.880,0.83505,0.8353,1.17,2.02
2014.10.16 12:43:18.991,0.83505,0.8353,1.17,2.02
2014.10.16 12:43:19.041,0.83505,0.8353,1.10,4.20
2014.10.16 12:43:19.344,0.83502,0.83527,1.00,2.25
2014.10.16 12:43:20.317,0.83499,0.83524,1.17,1.55
2014.10.16 12:43:20.367,0.83499,0.83524,1.00,1.52
2014.10.16 12:43:20.670,0.83502,0.83525,1.00,1.52
2014.10.16 12:43:21.073,0.83499,0.83524,1.00,1.52
2014.10.16 12:43:23.031,0.83502,0.83525,1.00,3.07
2014.10.16 12:43:23.082,0.83502,0.83525,1.00,1.10
2014.10.16 12:43:23.737,0.83504,0.83525,1.00,1.10
2014.10.16 12:43:24.040,0.83501,0.83525,1.07,2.17
2014.10.16 12:43:24.090,0.83501,0.83525,1.00,2.25
2014.10.16 12:43:24.543,0.83501,0.8352,1.00,1.00
2014.10.16 12:43:24.979,0.83501,0.83525,1.00,1.52
2014.10.16 12:43:25.668,0.83501,0.83526,1.15,1.17
2014.10.16 12:43:25.769,0.83504,0.83529,1.15,1.87
2014.10.16 12:43:26.628,0.83504,0.83525,1.15,1.00
2014.10.16 12:43:26.753,0.83504,0.83529,1.15,1.12
2014.10.16 12:43:27.288,0.83506,0.83531,1.20,1.65
2014.10.16 12:43:27.946,0.83506,0.8353,1.20,1.57
2014.10.16 12:43:28.049,0.83506,0.83525,1.20,1.00
2014.10.16 12:43:28.777,0.83506,0.8353,1.00,1.52
2014.10.16 12:43:30.564,0.83504,0.83528,1.00,2.70
2014.10.16 12:43:30.666,0.83501,0.83525,1.10,1.27
2014.10.16 12:43:31.170,0.83501,0.83525,1.15,1.00
2014.10.16 12:43:31.473,0.83506,0.83528,1.10,1.42
2014.10.16 12:43:31.675,0.83499,0.83524,1.15,1.12
2014.10.16 12:43:33.674,0.835,0.83524,2.32,1.00
2014.10.16 12:43:33.775,0.83499,0.83522,1.12,1.45
2014.10.16 12:43:34.198,0.83496,0.83514,1.30,1.00
2014.10.16 12:43:34.250,0.8349,0.83514,1.15,1.00
2014.10.16 12:43:34.301,0.8349,0.83514,1.05,1.15
2014.10.16 12:43:34.402,0.8349,0.83514,1.45,1.00
2014.10.16 12:43:34.906,0.83491,0.83516,1.15,1.17
2014.10.16 12:43:35.209,0.83489,0.83514,1.17,1.27
2014.10.16 12:43:36.859,0.83486,0.83511,1.15,1.00
2014.10.16 12:43:37.597,0.83489,0.83514,1.17,1.15
2014.10.16 12:43:37.899,0.83486,0.83509,1.10,1.12
2014.10.16 12:43:40.699,0.83489,0.83514,1.27,1.87
2014.10.16 12:43:41.153,0.83488,0.8351,1.15,1.30
2014.10.16 12:43:41.791,0.83488,0.83512,1.15,1.30
2014.10.16 12:43:41.892,0.83488,0.83509,1.27,1.30
2014.10.16 12:43:41.993,0.83488,0.83511,1.15,1.30
2014.10.16 12:43:42.145,0.83492,0.83512,1.15,1.30
2014.10.16 12:43:42.245,0.83492,0.83515,1.15,1.30
2014.10.16 12:43:42.716,0.83494,0.83516,1.15,1.30
2014.10.16 12:43:43.022,0.83497,0.83517,1.15,1.30
2014.10.16 12:43:43.275,0.83487,0.83508,1.10,1.30
2014.10.16 12:43:43.426,0.83489,0.8351,1.00,1.17
2014.10.16 12:43:43.527,0.83491,0.83515,1.00,1.45
2014.10.16 12:43:43.578,0.83491,0.8351,1.00,1.00
2014.10.16 12:43:43.780,0.83486,0.83507,1.10,1.30
2014.10.16 12:43:43.858,0.83486,0.835,1.10,1.30
2014.10.16 12:43:44.220,0.83486,0.83503,1.10,1.30
2014.10.16 12:43:44.327,0.83486,0.83507,1.10,1.30
2014.10.16 12:43:44.992,0.83486,0.83508,1.10,1.05
2014.10.16 12:43:45.143,0.83486,0.83507,1.47,1.30
2014.10.16 12:43:45.244,0.83488,0.83513,1.55,1.17
2014.10.16 12:43:45.345,0.83488,0.83513,1.52,1.00
2014.10.16 12:43:46.269,0.83491,0.83515,1.17,1.12
2014.10.16 12:43:46.571,0.83494,0.83516,1.00,2.32
2014.10.16 12:43:46.672,0.83497,0.8352,1.00,4.87
2014.10.16 12:43:46.723,0.83499,0.8352,1.00,4.87
2014.10.16 12:43:46.773,0.83499,0.83522,1.00,2.32
2014.10.16 12:43:47.188,0.83495,0.83522,1.10,3.07
2014.10.16 12:43:48.395,0.83495,0.83515,1.00,1.17
2014.10.16 12:43:48.496,0.83492,0.83515,1.00,1.17
2014.10.16 12:43:49.019,0.8349,0.83515,1.07,2.62
2014.10.16 12:43:49.171,0.83487,0.83511,1.15,1.30
2014.10.16 12:43:49.272,0.83487,0.83509,1.10,1.05
2014.10.16 12:43:49.373,0.83487,0.83512,1.07,1.80
2014.10.16 12:43:49.475,0.8349,0.83514,1.17,1.30
2014.10.16 12:43:49.676,0.83493,0.83515,1.17,1.30
2014.10.16 12:43:49.879,0.83491,0.83514,1.17,1.30
2014.10.16 12:43:50.383,0.83491,0.83513,1.17,1.30
2014.10.16 12:43:50.692,0.83491,0.83511,1.00,2.32
2014.10.16 12:43:50.794,0.83488,0.83511,1.00,2.32
2014.10.16 12:43:50.897,0.83485,0.8351,1.72,2.02
2014.10.16 12:43:50.948,0.83485,0.83503,1.00,1.30
2014.10.16 12:43:51.049,0.8348,0.83503,1.65,1.05
2014.10.16 12:43:51.554,0.8348,0.83502,1.17,1.30
2014.10.16 12:43:52.015,0.83483,0.83508,1.00,3.45
2014.10.16 12:43:53.202,0.8348,0.83504,1.17,1.12
2014.10.16 12:43:53.303,0.8348,0.83504,1.07,1.50
2014.10.16 12:43:53.404,0.83477,0.83504,1.55,1.87
2014.10.16 12:43:53.454,0.83483,0.83504,1.00,1.45
2014.10.16 12:43:53.505,0.83483,0.83504,1.00,1.45
2014.10.16 12:43:53.985,0.83486,0.8351,1.00,1.87
2014.10.16 12:43:54.545,0.83486,0.83511,1.17,2.25
2014.10.16 12:43:54.800,0.83486,0.83511,1.15,1.07
2014.10.16 12:43:54.902,0.83488,0.83513,1.27,1.00
2014.10.16 12:43:55.406,0.83491,0.83514,1.07,1.05
2014.10.16 12:43:56.313,0.83491,0.83515,1.15,1.07
2014.10.16 12:43:56.616,0.83491,0.83516,1.27,1.72
2014.10.16 12:43:57.131,0.83494,0.83515,1.17,1.00
2014.10.16 12:43:57.333,0.83491,0.83516,1.27,1.87
2014.10.16 12:43:59.155,0.83491,0.83516,1.15,1.07
2014.10.16 12:43:59.206,0.83491,0.83516,1.15,1.00
2014.10.16 12:44:01.058,0.83491,0.83516,1.17,2.17
2014.10.16 12:44:01.109,0.83491,0.83516,1.17,2.25
2014.10.16 12:44:03.670,0.83491,0.83514,1.17,1.42
2014.10.16 12:44:03.771,0.83489,0.83511,1.07,1.35
2014.10.16 12:44:03.822,0.83489,0.83511,1.10,1.42
2014.10.16 12:44:03.873,0.83487,0.83509,1.15,1.30
2014.10.16 12:44:04.024,0.83487,0.83509,1.00,1.45
2014.10.16 12:44:05.531,0.83487,0.83511,1.10,1.37
2014.10.16 12:44:06.168,0.83487,0.83509,1.10,1.30
2014.10.16 12:44:06.691,0.83487,0.8351,1.10,1.05
2014.10.16 12:44:07.204,0.83487,0.83509,1.10,1.30
2014.10.16 12:44:07.632,0.83487,0.83511,1.17,1.37
2014.10.16 12:44:07.944,0.83489,0.83513,1.52,1.30
2014.10.16 12:44:08.246,0.83491,0.83513,2.70,1.30
2014.10.16 12:44:09.051,0.83491,0.83514,2.70,1.30
2014.10.16 12:44:11.560,0.83492,0.83512,1.17,1.30
2014.10.16 12:44:11.661,0.83488,0.83512,3.07,1.30
2014.10.16 12:44:11.712,0.83488,0.83509,3.07,1.30
2014.10.16 12:44:11.863,0.83488,0.83509,1.27,1.30
2014.10.16 12:44:11.914,0.83488,0.83511,1.27,1.30
2014.10.16 12:44:12.166,0.83488,0.83513,3.45,1.00
2014.10.16 12:44:12.268,0.83492,0.83516,1.27,1.05
2014.10.16 12:44:12.873,0.83492,0.83517,1.52,1.00
2014.10.16 12:44:12.924,0.83494,0.83519,1.17,1.10
2014.10.16 12:44:13.833,0.83494,0.83514,1.10,2.25
2014.10.16 12:44:13.885,0.83492,0.8351,1.00,1.87
2014.10.16 12:44:14.037,0.83488,0.8351,1.00,1.07
2014.10.16 12:44:14.239,0.83484,0.83509,1.45,1.07
2014.10.16 12:44:14.289,0.83484,0.83509,1.12,1.15
2014.10.16 12:44:14.340,0.83489,0.83511,1.07,1.37
2014.10.16 12:44:14.391,0.83489,0.83511,1.15,1.30
2014.10.16 12:44:14.441,0.83487,0.83508,1.15,1.30
2014.10.16 12:44:14.857,0.83487,0.83509,1.15,1.00
2014.10.16 12:44:14.908,0.8349,0.83515,1.00,1.15
2014.10.16 12:44:15.009,0.8349,0.83515,1.17,1.17
2014.10.16 12:44:15.110,0.8349,0.8351,1.17,1.00
2014.10.16 12:44:15.211,0.83485,0.83509,1.10,1.82
2014.10.16 12:44:15.464,0.83487,0.83512,1.07,1.27
2014.10.16 12:44:15.515,0.83487,0.83512,1.17,1.27
2014.10.16 12:44:15.868,0.83489,0.83508,1.00,1.30
2014.10.16 12:44:15.969,0.83489,0.83511,1.15,1.30
2014.10.16 12:44:16.473,0.83489,0.83511,1.00,3.30
2014.10.16 12:44:16.776,0.83481,0.83506,1.07,2.17
2014.10.16 12:44:17.291,0.83481,0.83504,1.07,1.30
2014.10.16 12:44:17.743,0.83483,0.83505,1.07,1.00
2014.10.16 12:44:18.373,0.83483,0.83506,1.15,1.00
2014.10.16 12:44:18.890,0.83483,0.83508,1.15,1.17
2014.10.16 12:44:19.394,0.83481,0.83505,1.15,1.00
2014.10.16 12:44:21.269,0.83481,0.83505,1.15,1.10
2014.10.16 12:44:21.319,0.83481,0.83505,1.17,1.10
2014.10.16 12:44:21.707,0.83485,0.8351,1.00,4.20
2014.10.16 12:44:21.808,0.83487,0.8351,1.00,1.55
2014.10.16 12:44:21.859,0.83487,0.8351,1.00,3.45
2014.10.16 12:44:22.060,0.83483,0.83505,1.10,1.10
2014.10.16 12:44:29.835,0.83485,0.83506,1.00,1.17
2014.10.16 12:44:29.986,0.83486,0.83511,2.17,1.17
2014.10.16 12:44:30.037,0.83486,0.83511,2.25,1.00
2014.10.16 12:44:30.398,0.83491,0.83516,1.27,1.17
2014.10.16 12:44:31.731,0.83491,0.83516,2.02,1.17
2014.10.16 12:44:31.933,0.83494,0.83519,1.27,1.72
2014.10.16 12:44:33.486,0.83494,0.83518,1.27,1.30
2014.10.16 12:44:33.996,0.83494,0.83517,1.27,1.30
2014.10.16 12:44:34.148,0.83496,0.8352,1.20,1.87
2014.10.16 12:44:34.199,0.83496,0.8352,1.17,1.80
2014.10.16 12:44:34.452,0.83499,0.83522,1.17,1.05
2014.10.16 12:44:34.670,0.83499,0.83519,1.17,1.30
2014.10.16 12:44:34.925,0.83499,0.83522,1.17,1.05
2014.10.16 12:44:35.126,0.83501,0.83525,1.15,1.35
2014.10.16 12:44:35.480,0.83501,0.83524,1.27,1.05
2014.10.16 12:44:35.681,0.83501,0.83522,1.27,1.30
2014.10.16 12:44:36.218,0.83501,0.83524,1.17,1.05
2014.10.16 12:44:36.319,0.83503,0.83526,1.20,1.37
2014.10.16 12:44:36.370,0.83503,0.83526,1.27,1.30
2014.10.16 12:44:37.347,0.83503,0.83527,1.52,1.05
2014.10.16 12:44:38.493,0.83503,0.83527,4.20,1.30
2014.10.16 12:44:38.645,0.83505,0.83529,1.52,1.30
2014.10.16 12:44:40.084,0.83507,0.83531,1.55,1.12
2014.10.16 12:44:40.286,0.83507,0.83532,2.02,1.80
2014.10.16 12:44:40.810,0.83508,0.83532,1.27,1.00
2014.10.16 12:44:41.826,0.8351,0.83534,1.20,1.12
2014.10.16 12:44:41.876,0.8351,0.83534,1.55,1.05
2014.10.16 12:44:42.280,0.83511,0.83537,1.52,1.12
2014.10.16 12:44:42.381,0.83514,0.8354,3.37,1.37
2014.10.16 12:44:42.431,0.83514,0.8354,3.45,1.30
2014.10.16 12:44:42.482,0.83514,0.83542,3.45,1.05
2014.10.16 12:44:42.583,0.83514,0.8354,3.45,1.30
2014.10.16 12:44:43.037,0.83514,0.83538,3.45,1.30
2014.10.16 12:44:43.543,0.83514,0.83539,3.45,1.30
2014.10.16 12:44:43.695,0.83516,0.83543,1.45,1.55
2014.10.16 12:44:44.149,0.83514,0.8354,4.42,1.00
2014.10.16 12:44:44.250,0.83514,0.83543,4.05,1.55
2014.10.16 12:44:45.249,0.83514,0.8354,3.07,1.00
2014.10.16 12:44:45.352,0.83514,0.83543,3.07,2.25
2014.10.16 12:44:45.607,0.83514,0.83543,1.15,2.25
2014.10.16 12:44:46.174,0.83514,0.83543,1.15,1.82
2014.10.16 12:44:52.338,0.83516,0.83545,1.82,1.52
2014.10.16 12:44:57.216,0.83516,0.83546,2.62,1.45
2014.10.16 12:44:57.368,0.83519,0.83548,1.82,1.45
2014.10.16 12:44:57.419,0.8352,0.83548,1.65,1.45
2014.10.16 12:44:57.722,0.83524,0.83553,2.70,1.50
2014.10.16 12:44:58.377,0.83524,0.83553,3.45,1.82
2014.10.16 12:44:58.428,0.83524,0.83553,1.52,1.82
2014.10.16 12:44:59.708,0.83522,0.8355,3.07,1.45
2014.10.16 12:44:59.758,0.83522,0.83545,1.10,1.17
2014.10.16 12:45:05.919,0.83522,0.83549,1.05,3.67
2014.10.16 12:45:06.020,0.83523,0.8355,1.77,1.45
2014.10.16 12:45:06.535,0.83522,0.83548,1.75,1.42
2014.10.16 12:45:06.687,0.83521,0.83548,2.25,1.82
2014.10.16 12:45:08.996,0.83521,0.83549,2.62,1.82
2014.10.16 12:45:11.013,0.83522,0.83549,1.70,3.67
2014.10.16 12:45:11.952,0.8352,0.83546,1.75,1.50
2014.10.16 12:45:13.790,0.83524,0.83549,1.30,2.70
2014.10.16 12:45:13.941,0.83525,0.83553,1.42,2.70
2014.10.16 12:45:13.992,0.83525,0.83553,3.67,2.62
2014.10.16 12:45:14.042,0.83526,0.83554,2.32,1.50
2014.10.16 12:45:14.093,0.83526,0.8355,3.07,1.00
2014.10.16 12:45:14.857,0.83526,0.83555,3.45,1.52
2014.10.16 12:45:15.697,0.83528,0.83557,3.30,1.55
2014.10.16 12:45:15.749,0.83529,0.83557,2.32,1.55
2014.10.16 12:45:16.001,0.83531,0.83561,3.67,2.02
2014.10.16 12:45:16.103,0.83533,0.8356,4.87,1.00
2014.10.16 12:45:16.607,0.83533,0.8356,4.50,1.37
2014.10.16 12:45:16.758,0.83537,0.83564,1.15,1.15
2014.10.16 12:45:16.809,0.83553,0.83564,2.10,1.00
2014.10.16 12:45:16.910,0.83555,0.83576,1.77,2.82
2014.10.16 12:45:17.011,0.83557,0.83583,2.32,1.72
2014.10.16 12:45:17.213,0.8356,0.83584,2.32,1.30
2014.10.16 12:45:17.897,0.8356,0.83585,2.32,1.30
2014.10.16 12:45:18.401,0.8356,0.83587,2.32,1.42
2014.10.16 12:45:18.946,0.8356,0.83586,2.32,1.67
2014.10.16 12:45:19.048,0.83556,0.83581,1.87,1.05
2014.10.16 12:45:19.149,0.83556,0.83583,1.42,3.67
2014.10.16 12:45:19.552,0.83553,0.83576,2.02,1.00
2014.10.16 12:45:19.703,0.83551,0.8358,3.45,1.15
2014.10.16 12:45:21.071,0.83551,0.8358,3.07,2.25
2014.10.16 12:45:21.172,0.8355,0.83577,1.20,1.82
2014.10.16 12:45:21.690,0.83548,0.83575,1.50,1.57
2014.10.16 12:45:22.194,0.83548,0.83575,1.87,1.20
2014.10.16 12:45:22.752,0.83549,0.83578,2.70,1.50
2014.10.16 12:45:23.256,0.8355,0.83576,1.20,1.82
2014.10.16 12:45:23.357,0.83548,0.83576,1.87,1.30
2014.10.16 12:45:23.669,0.83549,0.83575,1.45,1.87
2014.10.16 12:45:24.051,0.8355,0.83575,2.70,1.00
2014.10.16 12:45:24.202,0.8355,0.83579,2.70,1.82
2014.10.16 12:45:25.049,0.83553,0.8358,2.32,1.47
2014.10.16 12:45:25.553,0.83553,0.8358,2.70,1.20
2014.10.16 12:45:27.032,0.83556,0.83584,2.70,1.55
2014.10.16 12:45:27.660,0.8356,0.83589,1.82,1.52
2014.10.16 12:45:27.761,0.83561,0.83589,2.70,1.10
2014.10.16 12:45:28.367,0.83562,0.8359,1.45,1.55
2014.10.16 12:45:28.468,0.8356,0.83589,1.82,1.50
2014.10.16 12:45:28.841,0.83557,0.83585,1.52,1.87
2014.10.16 12:45:29.370,0.83555,0.83582,2.70,1.30
2014.10.16 12:45:30.121,0.83555,0.8358,2.70,1.00
2014.10.16 12:45:30.223,0.83557,0.83584,4.87,1.35
2014.10.16 12:45:30.762,0.83557,0.83584,4.50,1.67
2014.10.16 12:45:31.049,0.83557,0.83582,2.32,1.37
2014.10.16 12:45:31.150,0.83554,0.83582,2.70,1.12
2014.10.16 12:45:31.452,0.83553,0.83576,2.62,2.25
2014.10.16 12:45:31.554,0.83551,0.83577,4.35,2.25
2014.10.16 12:45:31.655,0.83551,0.8358,2.70,2.25
2014.10.16 12:45:31.756,0.8355,0.83577,1.20,3.30
2014.10.16 12:45:32.058,0.8355,0.83579,1.45,1.15
2014.10.16 12:45:32.160,0.83552,0.83578,2.32,1.30
2014.10.16 12:45:32.664,0.83552,0.83579,2.32,1.05
2014.10.16 12:45:33.382,0.83554,0.83581,3.67,1.07
2014.10.16 12:45:33.900,0.83554,0.83581,4.05,1.00
2014.10.16 12:45:34.207,0.83558,0.83581,2.32,1.30
2014.10.16 12:45:34.257,0.83554,0.83581,1.65,1.45
2014.10.16 12:45:34.409,0.83556,0.83583,2.55,2.32
2014.10.16 12:45:34.460,0.83557,0.83585,1.12,1.50
2014.10.16 12:45:34.762,0.83557,0.8358,2.70,1.00
2014.10.16 12:45:34.863,0.83555,0.83583,1.52,1.12
2014.10.16 12:45:34.964,0.83555,0.8358,1.52,1.00
2014.10.16 12:45:35.278,0.83555,0.83583,1.52,1.12
2014.10.16 12:45:36.340,0.83554,0.83582,2.32,1.42
2014.10.16 12:45:36.592,0.83554,0.83579,2.32,1.30
2014.10.16 12:45:40.880,0.83554,0.8358,2.32,1.12
2014.10.16 12:45:41.606,0.83554,0.83581,2.32,2.10
2014.10.16 12:45:41.909,0.83551,0.8358,4.27,1.27
2014.10.16 12:45:42.692,0.83555,0.8358,2.70,1.00
2014.10.16 12:45:42.794,0.83559,0.83585,2.32,1.00
2014.10.16 12:45:42.945,0.83559,0.83583,2.32,1.30
2014.10.16 12:45:42.996,0.83556,0.83583,2.70,1.05
2014.10.16 12:45:44.231,0.83556,0.8358,2.32,1.00
2014.10.16 12:45:44.524,0.83556,0.83583,2.32,1.05
2014.10.16 12:45:44.670,0.83556,0.8358,2.32,1.00
2014.10.16 12:45:46.533,0.83553,0.8358,2.32,1.00
2014.10.16 12:45:47.855,0.83554,0.83584,1.82,1.82
2014.10.16 12:45:47.905,0.83556,0.83584,2.70,1.50
2014.10.16 12:45:48.158,0.83558,0.83588,3.67,1.50
2014.10.16 12:45:48.209,0.83561,0.83588,2.32,1.42
2014.10.16 12:45:48.562,0.83561,0.83585,2.32,1.35
2014.10.16 12:45:48.613,0.83557,0.83585,3.07,1.50
2014.10.16 12:45:49.016,0.83561,0.83589,2.32,2.25
2014.10.16 12:45:49.117,0.83561,0.83589,2.32,1.50
2014.10.16 12:45:49.218,0.8356,0.83587,3.07,1.37
2014.10.16 12:45:49.420,0.83558,0.83586,1.45,1.15
2014.10.16 12:45:49.471,0.83558,0.8358,1.45,1.00
2014.10.16 12:45:49.723,0.83555,0.83584,3.30,1.15
2014.10.16 12:45:49.925,0.83559,0.83575,1.30,1.00
2014.10.16 12:45:49.976,0.83555,0.83575,1.45,1.00
2014.10.16 12:45:50.026,0.83558,0.8357,2.32,1.00
2014.10.16 12:45:50.127,0.83554,0.8357,2.32,1.00
2014.10.16 12:45:50.178,0.83554,0.83579,2.32,1.30
2014.10.16 12:45:50.469,0.83556,0.83585,2.32,1.87
2014.10.16 12:45:51.179,0.83556,0.83582,2.32,1.30
2014.10.16 12:45:51.706,0.83556,0.83584,2.32,1.12
2014.10.16 12:45:52.110,0.83556,0.83583,1.50,1.27
2014.10.16 12:45:52.211,0.83558,0.83583,1.45,1.17
2014.10.16 12:45:52.514,0.8356,0.83585,1.30,3.45
2014.10.16 12:45:52.615,0.83558,0.83585,1.05,3.07
2014.10.16 12:45:52.716,0.83558,0.8358,1.45,1.00
2014.10.16 12:45:52.918,0.83557,0.83585,1.45,1.15
2014.10.16 12:45:53.019,0.83559,0.83581,2.32,1.00
2014.10.16 12:45:53.120,0.83559,0.83585,2.32,1.00
2014.10.16 12:45:53.626,0.83559,0.83588,2.32,1.45
2014.10.16 12:45:53.830,0.83558,0.83588,1.45,1.45
2014.10.16 12:45:54.689,0.83556,0.83585,2.70,1.50
2014.10.16 12:45:54.740,0.83555,0.83585,1.52,1.82
2014.10.16 12:45:55.042,0.83552,0.8358,1.52,1.50
2014.10.16 12:45:55.446,0.83554,0.8358,2.70,1.07
2014.10.16 12:45:55.547,0.83555,0.8358,1.50,1.07
2014.10.16 12:45:56.092,0.83552,0.8358,1.27,2.25
2014.10.16 12:45:57.774,0.83552,0.8358,1.15,2.62
2014.10.16 12:45:57.824,0.83552,0.83577,1.00,1.82
2014.10.16 12:45:58.127,0.83544,0.83574,1.82,1.50
2014.10.16 12:45:58.329,0.83549,0.83575,1.12,1.27
2014.10.16 12:45:59.718,0.83545,0.8357,3.45,1.00
2014.10.16 12:46:00.358,0.83547,0.83575,1.45,1.52
2014.10.16 12:46:04.055,0.83546,0.83572,1.35,2.32
2014.10.16 12:46:04.257,0.83545,0.83574,1.82,1.52
2014.10.16 12:46:06.662,0.83547,0.83574,2.70,1.27
2014.10.16 12:46:06.763,0.83547,0.83574,2.70,1.10
2014.10.16 12:46:06.914,0.83547,0.83571,3.67,1.00
2014.10.16 12:46:07.066,0.83546,0.83574,1.50,1.17
2014.10.16 12:46:07.167,0.83546,0.83574,1.82,1.20
2014.10.16 12:46:07.570,0.83549,0.83576,2.32,1.47
2014.10.16 12:46:07.671,0.83547,0.83574,1.50,1.27
2014.10.16 12:46:08.175,0.83546,0.8357,3.30,1.00
2014.10.16 12:46:08.629,0.83547,0.8357,1.15,1.37
2014.10.16 12:46:08.680,0.83545,0.8357,1.15,1.95
2014.10.16 12:46:08.934,0.83545,0.8357,1.00,2.02
2014.10.16 12:46:09.657,0.83543,0.83568,1.20,1.27
2014.10.16 12:46:09.708,0.83545,0.83568,1.30,1.15
2014.10.16 12:46:10.212,0.83546,0.83571,1.72,1.15
2014.10.16 12:46:10.262,0.83546,0.83571,1.87,1.10
2014.10.16 12:46:10.464,0.83551,0.83571,1.37,1.00
2014.10.16 12:46:10.515,0.83551,0.83573,1.37,1.00
2014.10.16 12:46:12.479,0.83547,0.83571,3.30,1.00
2014.10.16 12:46:14.140,0.83548,0.83573,1.15,1.37
2014.10.16 12:46:14.191,0.83548,0.83573,1.87,1.52
2014.10.16 12:46:14.695,0.83547,0.83571,2.70,1.00
2014.10.16 12:46:14.796,0.83548,0.83573,1.27,1.00
2014.10.16 12:46:15.435,0.83548,0.8357,1.15,1.00
2014.10.16 12:46:15.666,0.83548,0.83573,1.87,1.00
2014.10.16 12:46:16.580,0.83546,0.83571,3.07,1.47
2014.10.16 12:46:16.681,0.83546,0.8357,1.17,1.45
2014.10.16 12:46:16.883,0.83548,0.83573,1.17,1.52
2014.10.16 12:46:20.414,0.83546,0.8357,1.52,1.00
2014.10.16 12:46:20.464,0.83546,0.8357,1.07,1.45
2014.10.16 12:46:20.515,0.83546,0.8357,1.00,1.52
2014.10.16 12:46:20.565,0.83546,0.83569,1.00,2.70
2014.10.16 12:46:20.717,0.83546,0.83566,1.00,1.10
2014.10.16 12:46:20.767,0.83542,0.83563,1.07,1.00
2014.10.16 12:46:20.818,0.83542,0.83563,1.00,1.10
2014.10.16 12:46:21.466,0.8354,0.83565,1.17,1.65
2014.10.16 12:46:22.080,0.8354,0.83565,1.07,2.02
2014.10.16 12:46:22.340,0.83537,0.83562,1.27,1.20
2014.10.16 12:46:22.643,0.83534,0.83559,2.25,1.00
2014.10.16 12:46:22.744,0.83536,0.83561,1.27,1.50
2014.10.16 12:46:22.895,0.83534,0.83559,2.25,1.00
2014.10.16 12:46:23.736,0.83537,0.83559,1.12,1.00
2014.10.16 12:46:23.989,0.83539,0.83562,1.45,1.00
2014.10.16 12:46:24.342,0.83538,0.83565,4.42,1.57
2014.10.16 12:46:24.644,0.83538,0.83562,1.82,1.00
2014.10.16 12:46:24.947,0.83536,0.83559,3.67,1.00
2014.10.16 12:46:25.199,0.83544,0.83565,1.12,1.50
2014.10.16 12:46:25.300,0.83544,0.83565,1.87,1.00
2014.10.16 12:46:25.604,0.83541,0.8356,1.15,1.00
2014.10.16 12:46:25.705,0.83541,0.8356,1.00,1.00
2014.10.16 12:46:25.806,0.83536,0.8356,1.20,2.62
2014.10.16 12:46:25.856,0.83536,0.83558,1.20,1.00
2014.10.16 12:46:25.907,0.83533,0.83558,1.00,1.15
2014.10.16 12:46:26.008,0.83533,0.83558,1.15,1.00
2014.10.16 12:46:26.310,0.83535,0.8356,1.87,1.00
2014.10.16 12:46:26.814,0.83534,0.83559,4.05,1.00
2014.10.16 12:46:27.481,0.83536,0.83563,1.52,1.87
2014.10.16 12:46:28.108,0.83542,0.83563,1.45,1.00
2014.10.16 12:46:28.159,0.83542,0.83565,1.45,1.87
2014.10.16 12:46:29.219,0.83545,0.83565,1.87,1.00
2014.10.16 12:46:29.320,0.83547,0.8357,3.67,1.00
2014.10.16 12:46:29.421,0.83547,0.8357,1.12,1.10
2014.10.16 12:46:29.471,0.8355,0.83571,1.00,1.87
2014.10.16 12:46:29.572,0.83543,0.83566,1.15,1.00
2014.10.16 12:46:29.673,0.8354,0.83564,2.32,1.00
2014.10.16 12:46:29.825,0.83539,0.83564,1.15,1.10
2014.10.16 12:46:30.078,0.83539,0.8356,1.15,1.00
2014.10.16 12:46:30.831,0.83539,0.83564,1.15,1.20
2014.10.16 12:46:31.443,0.83537,0.83561,1.82,1.00
2014.10.16 12:46:31.544,0.83538,0.83563,1.17,1.15
2014.10.16 12:46:31.646,0.83538,0.83563,1.52,1.00
2014.10.16 12:46:32.242,0.83538,0.83563,1.07,1.07
2014.10.16 12:46:32.343,0.83538,0.83563,1.00,1.15
2014.10.16 12:46:32.746,0.83538,0.83563,1.07,1.07
2014.10.16 12:46:32.848,0.83538,0.83563,1.27,1.00
2014.10.16 12:46:33.052,0.83541,0.83565,2.62,1.00
2014.10.16 12:46:33.693,0.83544,0.83569,3.07,1.00
2014.10.16 12:46:34.148,0.83557,0.83572,2.10,1.00
2014.10.16 12:46:34.249,0.83561,0.8358,1.00,1.50
2014.10.16 12:46:34.351,0.83561,0.83575,1.17,1.00
2014.10.16 12:46:34.553,0.83554,0.83575,2.32,1.00
2014.10.16 12:46:34.654,0.83553,0.83575,1.15,1.00
2014.10.16 12:46:35.158,0.83553,0.83576,1.10,1.17
2014.10.16 12:46:35.314,0.83553,0.83575,1.17,1.10
2014.10.16 12:46:35.364,0.83553,0.8358,1.15,1.65
2014.10.16 12:46:35.415,0.83553,0.8358,3.07,1.57
2014.10.16 12:46:35.919,0.83554,0.8358,2.32,1.50
2014.10.16 12:46:36.222,0.83557,0.8358,1.00,1.15
2014.10.16 12:46:36.549,0.83549,0.8357,2.02,1.00
2014.10.16 12:46:36.650,0.83549,0.8357,1.50,1.10
2014.10.16 12:46:36.752,0.83549,0.8357,1.15,1.00
2014.10.16 12:46:37.438,0.83549,0.83574,1.15,1.17
2014.10.16 12:46:37.992,0.83549,0.8357,1.15,1.00
2014.10.16 12:46:38.093,0.83549,0.83574,1.15,1.17
2014.10.16 12:46:38.245,0.83549,0.8357,1.15,1.00
2014.10.16 12:46:38.850,0.83549,0.8357,2.32,1.00
2014.10.16 12:46:38.901,0.83551,0.83572,1.45,1.00
2014.10.16 12:46:38.952,0.83551,0.83574,1.82,1.00
2014.10.16 12:46:39.650,0.8355,0.83575,1.15,1.00
2014.10.16 12:46:40.309,0.8355,0.8357,1.87,1.00
2014.10.16 12:46:40.359,0.83548,0.8357,1.17,1.00
2014.10.16 12:46:40.561,0.83548,0.8357,1.00,1.15
2014.10.16 12:46:41.166,0.83548,0.83573,1.20,1.20
2014.10.16 12:46:41.267,0.83549,0.83576,1.15,1.17
2014.10.16 12:46:41.971,0.8355,0.83576,2.32,1.00
2014.10.16 12:46:42.122,0.83555,0.8358,1.15,1.10
2014.10.16 12:46:42.173,0.83556,0.8358,2.32,1.00
2014.10.16 12:46:42.224,0.83557,0.83582,1.15,1.00
2014.10.16 12:46:42.589,0.83556,0.83579,3.30,1.00
2014.10.16 12:46:42.690,0.83558,0.83583,1.15,1.10
2014.10.16 12:46:43.630,0.8356,0.83584,1.07,1.82
2014.10.16 12:46:43.731,0.83555,0.8358,1.15,1.10
2014.10.16 12:46:43.933,0.83555,0.8358,3.45,1.10
2014.10.16 12:46:44.235,0.83561,0.83585,1.15,1.00
2014.10.16 12:46:44.655,0.83564,0.83589,1.10,1.15
2014.10.16 12:46:45.219,0.83564,0.83589,1.15,1.00
2014.10.16 12:46:45.752,0.83565,0.83593,1.15,1.15
2014.10.16 12:46:47.256,0.83562,0.8359,1.15,1.52
2014.10.16 12:46:47.458,0.83558,0.83585,2.70,1.10
2014.10.16 12:46:47.961,0.83558,0.83584,2.32,1.00
2014.10.16 12:46:48.493,0.83558,0.83584,2.32,1.07
2014.10.16 12:46:48.544,0.83555,0.83584,3.45,1.15
2014.10.16 12:46:49.273,0.83556,0.83585,3.45,1.95
2014.10.16 12:46:49.426,0.83557,0.83585,2.32,1.20
2014.10.16 12:46:49.577,0.83556,0.83585,1.27,1.27
2014.10.16 12:46:50.211,0.83555,0.83583,2.32,1.45
2014.10.16 12:46:50.262,0.83552,0.83581,1.52,1.27
2014.10.16 12:46:50.413,0.83551,0.83579,2.32,1.47
2014.10.16 12:46:50.666,0.83549,0.83579,1.52,1.52
2014.10.16 12:46:51.395,0.83549,0.83579,1.15,1.52
2014.10.16 12:46:51.698,0.83549,0.83574,1.17,1.52
2014.10.16 12:46:51.799,0.83546,0.83571,1.10,1.12
2014.10.16 12:46:52.001,0.83543,0.8357,1.65,1.00
2014.10.16 12:46:52.152,0.8355,0.83575,1.00,1.10
2014.10.16 12:46:52.355,0.8355,0.83575,1.00,1.07
2014.10.16 12:46:53.170,0.83547,0.83572,1.15,1.00
2014.10.16 12:46:53.573,0.83547,0.83572,1.07,1.07
2014.10.16 12:46:53.826,0.83547,0.83572,1.15,1.10
2014.10.16 12:46:54.621,0.83547,0.83572,1.15,1.47
2014.10.16 12:46:54.672,0.83547,0.83571,1.00,1.50
2014.10.16 12:46:54.975,0.83545,0.83569,1.00,1.45
2014.10.16 12:46:55.496,0.83542,0.83567,1.27,1.17
2014.10.16 12:46:56.111,0.83542,0.83565,1.27,1.30
2014.10.16 12:46:56.647,0.83542,0.83567,1.17,1.17
2014.10.16 12:46:57.588,0.8354,0.83565,1.15,1.00
2014.10.16 12:46:57.890,0.83537,0.83562,1.15,1.10
2014.10.16 12:46:58.760,0.83537,0.83561,1.15,1.30
2014.10.16 12:46:59.416,0.83537,0.83562,1.27,1.80
2014.10.16 12:46:59.925,0.83537,0.83561,1.27,1.30
2014.10.16 12:47:00.782,0.83537,0.8356,1.15,1.30
2014.10.16 12:47:01.218,0.83537,0.83562,1.27,1.10
2014.10.16 12:47:02.235,0.83537,0.83562,1.15,1.47
2014.10.16 12:47:02.336,0.83535,0.8356,1.15,1.17
2014.10.16 12:47:02.537,0.83534,0.83559,1.57,1.15
2014.10.16 12:47:02.840,0.83534,0.83559,1.52,1.00
2014.10.16 12:47:03.592,0.83537,0.83562,1.00,1.87
2014.10.16 12:47:04.229,0.83537,0.83561,1.00,3.67
2014.10.16 12:47:04.279,0.83534,0.83559,1.10,1.15
2014.10.16 12:47:04.892,0.83534,0.83559,1.47,1.15
2014.10.16 12:47:05.093,0.83531,0.83557,1.15,1.87
2014.10.16 12:47:05.144,0.83528,0.83552,1.27,1.12
2014.10.16 12:47:05.195,0.83527,0.8355,2.40,1.67
2014.10.16 12:47:05.245,0.83527,0.8355,1.00,1.82
2014.10.16 12:47:05.296,0.83525,0.8354,1.00,1.00
2014.10.16 12:47:05.398,0.83523,0.83545,1.00,1.87
2014.10.16 12:47:05.499,0.83518,0.83545,1.15,1.87
2014.10.16 12:47:05.549,0.83518,0.83545,1.10,4.05
2014.10.16 12:47:06.502,0.83515,0.83545,2.25,4.20
2014.10.16 12:47:06.805,0.83515,0.83545,2.62,3.82
2014.10.16 12:47:07.158,0.83518,0.83549,1.82,4.42
2014.10.16 12:47:10.859,0.83517,0.83545,1.82,3.07
2014.10.16 12:47:10.910,0.83515,0.83545,2.25,3.45
2014.10.16 12:47:10.960,0.83515,0.83542,2.25,2.70
2014.10.16 12:47:11.011,0.83514,0.8354,1.65,1.15
2014.10.16 12:47:11.414,0.83514,0.8354,1.50,1.15
2014.10.16 12:47:11.918,0.83514,0.83542,1.50,2.70
2014.10.16 12:47:12.221,0.83517,0.83545,1.50,3.07
2014.10.16 12:47:12.524,0.83516,0.83546,2.70,1.27
2014.10.16 12:47:17.138,0.8352,0.83546,1.82,1.10
2014.10.16 12:47:17.508,0.8352,0.83545,1.82,1.07
2014.10.16 12:47:18.012,0.83517,0.83545,1.45,1.15
2014.10.16 12:47:19.419,0.83516,0.83546,1.52,3.45
2014.10.16 12:47:19.979,0.83515,0.83545,1.90,1.15
2014.10.16 12:47:20.030,0.83517,0.83548,1.82,2.32
2014.10.16 12:47:20.080,0.83517,0.83548,1.50,2.32
2014.10.16 12:47:20.232,0.83523,0.83549,1.50,1.15
2014.10.16 12:47:20.964,0.83523,0.83551,1.12,2.32
2014.10.16 12:47:21.119,0.83527,0.83551,1.30,2.32
2014.10.16 12:47:21.170,0.83527,0.83554,1.05,2.32
2014.10.16 12:47:21.221,0.83527,0.83554,1.12,2.32
2014.10.16 12:47:21.272,0.83528,0.83555,1.15,1.15
2014.10.16 12:47:21.529,0.83529,0.8356,1.65,3.07
2014.10.16 12:47:22.357,0.83528,0.83557,1.15,2.32
2014.10.16 12:47:23.752,0.83526,0.83558,3.07,3.07
2014.10.16 12:47:23.853,0.83526,0.83558,5.25,1.15
2014.10.16 12:47:24.584,0.83525,0.83555,3.07,2.32
2014.10.16 12:47:24.635,0.83523,0.83555,3.45,3.45
2014.10.16 12:47:24.889,0.83525,0.83553,2.70,1.55
2014.10.16 12:47:25.041,0.83524,0.83553,1.52,1.27
2014.10.16 12:47:25.091,0.83527,0.83553,2.70,1.07
2014.10.16 12:47:25.142,0.83527,0.83553,2.70,1.00
2014.10.16 12:47:25.597,0.83532,0.83556,1.37,1.07
2014.10.16 12:47:26.133,0.83529,0.83558,1.87,1.15
2014.10.16 12:47:26.587,0.83531,0.83559,1.12,1.15
2014.10.16 12:47:26.739,0.83535,0.83561,1.05,1.15
2014.10.16 12:47:26.789,0.83535,0.83561,1.37,1.17
2014.10.16 12:47:26.840,0.83537,0.83564,1.12,1.15
2014.10.16 12:47:27.217,0.83537,0.83562,1.87,1.10
2014.10.16 12:47:29.070,0.83537,0.83562,2.40,1.00
2014.10.16 12:47:29.608,0.8354,0.83564,1.50,1.17
2014.10.16 12:47:29.965,0.8354,0.83564,1.82,1.07
2014.10.16 12:47:30.016,0.83542,0.83567,1.15,1.10
2014.10.16 12:47:31.941,0.83543,0.83567,1.82,1.10
2014.10.16 12:47:32.462,0.83543,0.83567,2.70,1.00
2014.10.16 12:47:32.513,0.83542,0.83567,2.25,1.10
2014.10.16 12:47:32.946,0.83543,0.83567,3.67,1.10
2014.10.16 12:47:33.047,0.83545,0.83569,1.82,1.00
2014.10.16 12:47:33.400,0.83543,0.83567,2.32,1.00
2014.10.16 12:47:33.450,0.83542,0.83567,1.27,1.00
2014.10.16 12:47:33.803,0.83544,0.83571,2.70,1.87
2014.10.16 12:47:33.854,0.83544,0.83571,2.70,1.80
2014.10.16 12:47:34.802,0.83545,0.83574,1.65,1.87
2014.10.16 12:47:35.328,0.83545,0.83574,1.52,1.87
2014.10.16 12:47:36.153,0.83546,0.83574,3.45,1.07
2014.10.16 12:47:36.204,0.83547,0.83574,2.70,1.10
2014.10.16 12:47:38.407,0.83547,0.83571,3.07,1.30
2014.10.16 12:47:38.508,0.83546,0.83569,1.15,1.30
2014.10.16 12:47:38.710,0.83544,0.83571,2.70,1.80
2014.10.16 12:47:39.657,0.83546,0.83571,2.70,1.05
2014.10.16 12:47:40.162,0.83547,0.83571,2.70,1.30
2014.10.16 12:47:40.676,0.83547,0.83573,2.70,1.30
2014.10.16 12:47:40.887,0.83549,0.83576,2.70,1.37
2014.10.16 12:47:40.938,0.8355,0.83578,2.70,2.25
2014.10.16 12:47:40.989,0.8355,0.83578,2.70,2.25
2014.10.16 12:47:41.039,0.83548,0.83576,1.52,1.50
2014.10.16 12:47:41.594,0.83549,0.83578,2.70,1.27
2014.10.16 12:47:41.644,0.83549,0.83578,4.87,1.57
2014.10.16 12:47:42.554,0.83549,0.83577,4.87,1.37
2014.10.16 12:47:43.672,0.83549,0.83577,4.87,1.12
2014.10.16 12:47:44.284,0.83549,0.83576,4.87,1.00
2014.10.16 12:47:44.335,0.83549,0.83579,1.27,3.45
2014.10.16 12:47:45.596,0.83547,0.83574,3.07,1.55
2014.10.16 12:47:45.647,0.83544,0.83574,3.37,1.52
2014.10.16 12:47:45.697,0.83546,0.83574,2.70,1.20
2014.10.16 12:47:45.748,0.83547,0.83574,2.70,1.20
2014.10.16 12:47:46.526,0.83547,0.83574,3.45,1.42
2014.10.16 12:47:46.577,0.83547,0.83574,2.70,2.25
2014.10.16 12:47:46.627,0.83544,0.8357,1.15,1.10
2014.10.16 12:47:47.081,0.83546,0.83571,1.82,1.07
2014.10.16 12:47:47.132,0.83546,0.83574,3.67,1.17
2014.10.16 12:47:47.648,0.83548,0.83576,1.82,1.15
2014.10.16 12:47:47.699,0.83549,0.83578,3.45,3.07
2014.10.16 12:47:47.750,0.8355,0.83578,4.42,1.17
2014.10.16 12:47:48.414,0.83552,0.83578,3.67,1.07
2014.10.16 12:47:48.666,0.83553,0.8358,2.70,1.10
2014.10.16 12:47:49.618,0.83555,0.83581,3.07,1.20
2014.10.16 12:47:49.719,0.83556,0.83583,2.70,2.17
2014.10.16 12:47:49.820,0.83556,0.83583,2.32,2.25
2014.10.16 12:47:49.871,0.83553,0.83583,1.52,2.25
2014.10.16 12:47:50.073,0.83553,0.83575,3.00,1.00
2014.10.16 12:47:50.175,0.83553,0.8358,2.02,1.00
2014.10.16 12:47:50.276,0.83553,0.83575,1.65,1.00
2014.10.16 12:47:50.587,0.83553,0.83575,1.00,1.17
2014.10.16 12:47:50.638,0.83547,0.83575,1.15,1.87
2014.10.16 12:47:50.991,0.83549,0.83576,2.32,1.07
2014.10.16 12:47:51.143,0.8355,0.83576,2.32,1.00
2014.10.16 12:47:51.345,0.83548,0.83575,1.87,1.17
2014.10.16 12:47:51.497,0.83547,0.83575,4.05,1.15
2014.10.16 12:47:51.547,0.83547,0.83575,1.87,1.15
2014.10.16 12:47:51.850,0.83548,0.83575,1.45,1.07
2014.10.16 12:47:52.153,0.83545,0.8357,1.45,1.00
2014.10.16 12:47:52.355,0.83546,0.83574,1.45,1.15
2014.10.16 12:47:52.809,0.83547,0.83575,3.07,1.07
2014.10.16 12:47:52.859,0.83548,0.83575,2.32,1.10
2014.10.16 12:47:52.910,0.83548,0.83576,2.32,2.62
2014.10.16 12:47:52.961,0.83547,0.83576,1.15,2.62
2014.10.16 12:47:54.122,0.8355,0.83577,1.37,1.52
2014.10.16 12:47:54.172,0.8355,0.83577,1.82,1.15
2014.10.16 12:47:54.637,0.83552,0.8358,1.17,3.07
2014.10.16 12:47:55.167,0.83552,0.83575,3.07,1.00
2014.10.16 12:47:55.321,0.83552,0.8358,3.07,1.17
2014.10.16 12:47:55.473,0.83554,0.8358,2.70,1.00
2014.10.16 12:47:55.826,0.83556,0.8358,2.70,1.00
2014.10.16 12:47:55.977,0.83557,0.8358,1.55,1.00
2014.10.16 12:47:56.346,0.83557,0.83575,1.17,1.00
2014.10.16 12:47:56.397,0.83555,0.83575,1.17,1.00
2014.10.16 12:47:56.922,0.83555,0.83581,1.00,2.32
2014.10.16 12:47:56.972,0.83557,0.83581,1.30,2.32
2014.10.16 12:47:57.073,0.83555,0.83583,1.17,1.45
2014.10.16 12:47:57.528,0.83552,0.8358,2.17,1.15
2014.10.16 12:47:57.578,0.83552,0.8358,2.17,1.15
2014.10.16 12:47:58.082,0.83553,0.83581,1.37,3.07
2014.10.16 12:47:58.183,0.83553,0.83581,1.52,1.15
2014.10.16 12:47:58.697,0.83554,0.8358,1.55,1.15
2014.10.16 12:47:59.201,0.83554,0.83581,1.50,1.27
2014.10.16 12:47:59.253,0.83555,0.8358,1.17,1.07
2014.10.16 12:47:59.303,0.83555,0.8358,1.15,1.10
2014.10.16 12:47:59.354,0.83553,0.8358,2.25,1.17
2014.10.16 12:47:59.404,0.83552,0.8358,1.07,3.07
2014.10.16 12:47:59.556,0.83552,0.83578,1.07,2.32
2014.10.16 12:47:59.657,0.8355,0.83577,1.10,2.32
2014.10.16 12:48:01.036,0.8355,0.83575,1.17,1.07
2014.10.16 12:48:01.086,0.8355,0.83575,1.15,1.00
2014.10.16 12:48:01.591,0.83552,0.83579,1.45,1.52
2014.10.16 12:48:02.021,0.83552,0.8358,3.00,1.27
2014.10.16 12:48:02.122,0.83553,0.8358,1.27,1.27
2014.10.16 12:48:04.223,0.83553,0.83582,1.17,2.70
2014.10.16 12:48:04.325,0.83552,0.8358,1.15,2.02
2014.10.16 12:48:04.426,0.83552,0.83579,1.07,2.70
2014.10.16 12:48:04.527,0.83549,0.83578,2.25,3.45
2014.10.16 12:48:04.993,0.83548,0.83576,1.10,2.70
2014.10.16 12:48:05.254,0.83546,0.83575,1.15,2.40
2014.10.16 12:48:05.406,0.83544,0.83573,1.15,3.82
2014.10.16 12:48:05.456,0.83544,0.83571,1.07,2.70
2014.10.16 12:48:05.507,0.83543,0.8357,1.10,3.45
2014.10.16 12:48:08.125,0.83538,0.83568,3.45,3.45
2014.10.16 12:48:08.226,0.83538,0.83567,1.52,2.70
2014.10.16 12:48:09.480,0.83538,0.83564,1.07,2.70
2014.10.16 12:48:09.581,0.83536,0.83562,1.00,2.70
2014.10.16 12:48:09.884,0.83535,0.83562,2.25,2.70
2014.10.16 12:48:09.935,0.83537,0.83564,1.45,1.52
2014.10.16 12:48:10.539,0.83538,0.83564,1.12,1.17
2014.10.16 12:48:10.590,0.83538,0.83564,1.45,1.10
2014.10.16 12:48:10.893,0.83537,0.83562,4.05,1.00
2014.10.16 12:48:12.755,0.8354,0.83565,1.52,1.00
2014.10.16 12:48:13.158,0.8354,0.83565,1.15,1.27
2014.10.16 12:48:13.612,0.8354,0.83565,3.45,1.10
2014.10.16 12:48:16.144,0.83543,0.83565,2.70,1.00
2014.10.16 12:48:16.195,0.83543,0.83567,2.70,1.00
2014.10.16 12:48:16.246,0.83545,0.83567,3.67,1.00
2014.10.16 12:48:16.296,0.83545,0.8357,5.17,1.00
2014.10.16 12:48:16.347,0.83548,0.8357,2.70,1.00
2014.10.16 12:48:16.499,0.83545,0.8357,1.15,1.20
2014.10.16 12:48:16.549,0.83544,0.83567,1.15,1.00
2014.10.16 12:48:17.348,0.83542,0.83567,1.15,1.10
2014.10.16 12:48:17.601,0.83545,0.8357,2.02,1.10
2014.10.16 12:48:17.652,0.83547,0.8357,2.32,1.00
2014.10.16 12:48:17.858,0.83547,0.83572,3.45,1.00
2014.10.16 12:48:18.947,0.83547,0.8357,2.70,1.00
2014.10.16 12:48:19.049,0.83545,0.8357,1.15,1.65
2014.10.16 12:48:19.151,0.83542,0.83567,4.42,1.00
2014.10.16 12:48:19.829,0.83544,0.83569,1.27,1.10
2014.10.16 12:48:20.605,0.83544,0.83569,1.52,1.10
2014.10.16 12:48:21.119,0.83544,0.83569,4.42,1.00
2014.10.16 12:48:22.245,0.83547,0.83572,6.60,1.00
2014.10.16 12:48:22.346,0.83549,0.83574,1.52,1.00
2014.10.16 12:48:22.447,0.83549,0.83574,1.17,1.15
2014.10.16 12:48:24.050,0.83549,0.83574,1.87,1.00
2014.10.16 12:48:24.252,0.83549,0.83574,1.87,1.15
2014.10.16 12:48:24.756,0.83549,0.83574,1.00,3.45
2014.10.16 12:48:25.260,0.83549,0.83574,1.80,1.27
2014.10.16 12:48:25.412,0.83549,0.83574,1.80,1.27
2014.10.16 12:48:25.765,0.83547,0.83572,1.80,1.15
2014.10.16 12:48:28.755,0.83546,0.83571,1.87,1.07
2014.10.16 12:48:28.857,0.83547,0.83572,2.62,1.10
2014.10.16 12:48:29.059,0.83549,0.83574,1.20,1.15
2014.10.16 12:48:29.513,0.83552,0.83574,1.30,1.15
2014.10.16 12:48:29.564,0.83552,0.83574,1.12,1.00
2014.10.16 12:48:30.119,0.83552,0.83577,1.87,1.15
2014.10.16 12:48:32.314,0.83552,0.83577,1.17,1.52
2014.10.16 12:48:32.465,0.83549,0.83574,1.87,1.27
2014.10.16 12:48:32.567,0.83549,0.83574,1.00,1.15
2014.10.16 12:48:33.096,0.83547,0.83572,2.25,1.15
2014.10.16 12:48:33.646,0.83547,0.83572,2.25,1.15
2014.10.16 12:48:33.864,0.83547,0.83572,2.25,1.00
2014.10.16 12:48:35.105,0.8355,0.83575,1.20,1.15
2014.10.16 12:48:35.156,0.8355,0.83575,1.55,1.07
2014.10.16 12:48:35.206,0.8355,0.83575,1.52,1.00
2014.10.16 12:48:35.459,0.83552,0.83577,1.52,1.00
2014.10.16 12:48:35.761,0.83558,0.83583,2.25,1.65
2014.10.16 12:48:36.273,0.8356,0.83585,2.92,1.15
2014.10.16 12:48:36.648,0.8356,0.83585,3.00,1.07
2014.10.16 12:48:36.699,0.8356,0.83585,3.00,1.00
2014.10.16 12:48:37.867,0.83561,0.83588,1.52,1.15
2014.10.16 12:48:38.275,0.83563,0.83588,2.70,1.07
2014.10.16 12:48:38.780,0.83562,0.83588,2.32,1.20
2014.10.16 12:48:38.881,0.83561,0.83588,2.02,1.27
2014.10.16 12:48:38.982,0.83561,0.83584,1.15,1.10
2014.10.16 12:48:39.083,0.83559,0.83584,1.52,1.10
2014.10.16 12:48:39.285,0.83561,0.83584,1.17,1.00
2014.10.16 12:48:39.386,0.83563,0.83588,1.17,1.07
2014.10.16 12:48:40.888,0.83563,0.83588,1.17,1.45
2014.10.16 12:48:40.989,0.83559,0.83586,1.65,1.52
2014.10.16 12:48:41.090,0.83559,0.83583,1.10,1.15
2014.10.16 12:48:43.246,0.8356,0.83585,1.00,1.15
2014.10.16 12:48:43.297,0.8356,0.83585,1.15,1.17
2014.10.16 12:48:44.581,0.8356,0.83585,1.00,1.52
2014.10.16 12:48:45.096,0.83557,0.83582,1.65,1.17
2014.10.16 12:48:45.402,0.83559,0.83584,1.47,1.15
2014.10.16 12:48:45.503,0.83562,0.83587,1.57,1.15
2014.10.16 12:48:45.604,0.83562,0.83587,1.65,1.10
2014.10.16 12:48:46.697,0.83564,0.83589,1.95,1.15
2014.10.16 12:48:47.056,0.83566,0.83589,1.37,1.15
2014.10.16 12:48:47.207,0.83568,0.83592,1.05,1.15
2014.10.16 12:48:47.466,0.83568,0.83592,1.37,1.07
2014.10.16 12:48:47.567,0.83569,0.83594,1.65,1.17
2014.10.16 12:48:47.921,0.83571,0.83594,2.10,1.17
2014.10.16 12:48:49.033,0.83572,0.83597,1.07,1.15
2014.10.16 12:48:49.336,0.83571,0.8359,1.00,1.00
2014.10.16 12:48:49.387,0.8357,0.83595,1.00,1.52
2014.10.16 12:48:49.538,0.8357,0.83595,1.00,1.52
2014.10.16 12:48:49.639,0.83567,0.83595,1.65,2.25
2014.10.16 12:48:49.690,0.83567,0.83594,1.07,1.55
2014.10.16 12:48:49.841,0.8357,0.83596,1.45,1.15
2014.10.16 12:48:49.992,0.8357,0.83599,3.82,1.07
2014.10.16 12:48:50.043,0.83571,0.83599,2.32,1.10
2014.10.16 12:48:50.093,0.83573,0.83599,2.32,1.10
2014.10.16 12:48:50.346,0.83574,0.83601,2.32,1.05
2014.10.16 12:48:50.850,0.83574,0.836,3.07,1.00
2014.10.16 12:48:52.119,0.83575,0.836,1.15,1.87
2014.10.16 12:48:52.634,0.83574,0.836,2.32,1.87
2014.10.16 12:48:53.305,0.83574,0.836,2.32,1.87
2014.10.16 12:48:53.613,0.83577,0.836,2.70,1.00
2014.10.16 12:48:53.714,0.83574,0.83603,3.75,2.25
2014.10.16 12:48:53.815,0.83577,0.83604,1.45,1.17
2014.10.16 12:48:54.119,0.83578,0.83606,1.10,2.32
2014.10.16 12:48:54.917,0.83579,0.83605,1.00,1.15
2014.10.16 12:48:55.430,0.83578,0.836,1.10,1.00
2014.10.16 12:48:55.531,0.83575,0.836,1.00,1.15
2014.10.16 12:48:55.733,0.83573,0.83601,1.20,2.25
2014.10.16 12:48:55.784,0.83573,0.83595,1.20,1.00
2014.10.16 12:48:56.187,0.83574,0.836,1.47,1.15
2014.10.16 12:48:56.490,0.83577,0.83601,1.37,2.32
2014.10.16 12:48:56.642,0.83578,0.836,1.12,1.00
2014.10.16 12:48:56.692,0.83578,0.83605,1.82,1.17
2014.10.16 12:48:56.743,0.83582,0.83605,1.00,1.17
2014.10.16 12:48:56.894,0.83582,0.83609,1.80,2.32
2014.10.16 12:48:56.945,0.83585,0.8361,1.05,1.15
2014.10.16 12:48:57.096,0.8358,0.83602,3.00,2.25
2014.10.16 12:48:57.147,0.83579,0.83594,1.00,1.30
2014.10.16 12:48:57.197,0.83579,0.8359,1.00,1.10
2014.10.16 12:48:57.298,0.83567,0.8359,1.47,1.17
2014.10.16 12:48:57.400,0.83567,0.8359,1.10,1.17
2014.10.16 12:48:57.450,0.83567,0.83585,1.00,1.10
2014.10.16 12:48:57.501,0.83559,0.83585,1.15,1.10
2014.10.16 12:48:57.552,0.83559,0.8358,1.17,1.00
2014.10.16 12:48:57.602,0.83559,0.8358,1.10,1.00
2014.10.16 12:48:57.653,0.83559,0.8358,1.00,1.07
2014.10.16 12:48:57.703,0.83556,0.8358,1.10,1.15
2014.10.16 12:48:57.855,0.83556,0.8358,1.00,3.07
2014.10.16 12:48:58.057,0.83552,0.83575,1.17,1.10
2014.10.16 12:48:58.630,0.8355,0.8358,3.82,1.45
2014.10.16 12:48:58.731,0.83553,0.83582,1.45,1.15
2014.10.16 12:48:58.933,0.83556,0.83584,1.15,1.45
2014.10.16 12:48:59.596,0.83554,0.83581,1.15,1.30
2014.10.16 12:48:59.747,0.83555,0.8358,1.07,1.17
2014.10.16 12:49:01.106,0.83553,0.8358,1.45,1.15
2014.10.16 12:49:01.157,0.83553,0.8358,1.47,3.07
2014.10.16 12:49:01.259,0.83554,0.83583,1.27,3.45
2014.10.16 12:49:01.790,0.83557,0.83583,1.00,2.32
2014.10.16 12:49:02.169,0.83557,0.83585,1.15,1.15
2014.10.16 12:49:03.214,0.83557,0.83584,1.07,2.70
2014.10.16 12:49:03.265,0.83557,0.83583,1.00,2.32
2014.10.16 12:49:04.131,0.83558,0.83583,1.00,2.32
2014.10.16 12:49:05.963,0.83556,0.83583,1.10,2.70
2014.10.16 12:49:06.762,0.83555,0.8358,1.00,3.67
2014.10.16 12:49:06.813,0.83552,0.83579,1.17,1.45
2014.10.16 12:49:08.057,0.8355,0.83577,1.42,2.70
2014.10.16 12:49:11.174,0.83548,0.83574,1.12,2.32
2014.10.16 12:49:11.694,0.83546,0.83572,1.00,2.70
2014.10.16 12:49:11.997,0.8354,0.83568,1.52,1.15
2014.10.16 12:49:12.199,0.8354,0.83568,1.27,1.52
2014.10.16 12:49:15.288,0.83539,0.83566,1.95,2.32
2014.10.16 12:49:15.822,0.83538,0.83566,1.27,3.45
2014.10.16 12:49:16.296,0.83539,0.83568,2.62,1.52
2014.10.16 12:49:17.002,0.83542,0.83565,1.00,2.32
2014.10.16 12:49:17.305,0.83538,0.83561,1.00,2.32
2014.10.16 12:49:17.406,0.83536,0.83561,1.00,2.32
2014.10.16 12:49:17.877,0.83531,0.83561,1.52,2.32
2014.10.16 12:49:17.928,0.83531,0.83559,1.07,2.32
2014.10.16 12:49:17.979,0.83532,0.83558,1.00,2.32
2014.10.16 12:49:18.030,0.83532,0.83556,1.00,2.32
2014.10.16 12:49:18.181,0.83526,0.83555,1.15,2.32
2014.10.16 12:49:18.909,0.83526,0.83554,1.07,2.32
2014.10.16 12:49:19.010,0.83526,0.83552,1.12,2.32
2014.10.16 12:49:19.413,0.83525,0.83549,1.00,2.32
2014.10.16 12:49:19.514,0.8352,0.83549,2.62,2.32
2014.10.16 12:49:20.271,0.83522,0.83549,1.47,2.32
2014.10.16 12:49:20.372,0.83522,0.83549,1.20,2.32
2014.10.16 12:49:21.370,0.8352,0.83549,2.62,2.32
2014.10.16 12:49:22.254,0.8352,0.83549,2.62,2.70
2014.10.16 12:49:23.380,0.8352,0.83547,1.80,2.32
2014.10.16 12:49:24.295,0.8352,0.83547,1.95,2.32
2014.10.16 12:49:24.670,0.8352,0.83547,1.72,2.70
2014.10.16 12:49:25.406,0.8352,0.83547,1.72,2.32
2014.10.16 12:49:26.975,0.83521,0.83547,1.37,2.32
2014.10.16 12:49:27.411,0.83522,0.83549,1.10,4.50
2014.10.16 12:49:27.724,0.83521,0.83547,1.47,2.32
2014.10.16 12:49:27.875,0.83517,0.83544,1.42,2.32
2014.10.16 12:49:27.926,0.83516,0.83542,2.17,2.32
2014.10.16 12:49:28.400,0.83514,0.83539,1.37,2.32
2014.10.16 12:49:28.803,0.83513,0.83539,1.95,2.32
2014.10.16 12:49:29.180,0.83515,0.83539,1.30,2.32
2014.10.16 12:49:29.382,0.83512,0.83541,1.82,2.32
2014.10.16 12:49:29.937,0.83517,0.83541,1.30,2.32
2014.10.16 12:49:30.089,0.83517,0.83544,1.05,3.07
2014.10.16 12:49:30.341,0.8352,0.83544,1.00,2.32
2014.10.16 12:49:30.543,0.83515,0.83544,1.87,3.30
2014.10.16 12:49:30.857,0.8352,0.83544,1.00,2.32
2014.10.16 12:49:31.210,0.83517,0.83544,1.05,2.32
2014.10.16 12:49:31.454,0.83516,0.83545,1.12,2.32
2014.10.16 12:49:31.505,0.83516,0.83546,1.45,1.45
2014.10.16 12:49:31.918,0.83515,0.83545,1.52,3.67
2014.10.16 12:49:32.422,0.83516,0.83545,1.87,2.32
2014.10.16 12:49:33.337,0.83516,0.83545,2.25,2.32
2014.10.16 12:49:33.846,0.83516,0.83545,2.25,2.32
2014.10.16 12:49:34.098,0.83519,0.83549,1.50,6.60
2014.10.16 12:49:34.501,0.83521,0.83549,1.67,4.50
2014.10.16 12:49:34.703,0.83525,0.83553,2.25,2.70
2014.10.16 12:49:35.006,0.83525,0.83553,3.00,2.32
2014.10.16 12:49:35.515,0.83526,0.83553,1.20,2.70
2014.10.16 12:49:36.315,0.83524,0.83553,1.52,2.32
2014.10.16 12:49:37.203,0.83525,0.83553,1.50,2.32
2014.10.16 12:49:37.606,0.83525,0.83553,1.50,2.70
2014.10.16 12:49:38.009,0.83525,0.83553,1.50,2.32
2014.10.16 12:49:38.110,0.83525,0.83553,1.50,2.70
2014.10.16 12:49:38.844,0.83523,0.8355,1.27,3.67
2014.10.16 12:49:38.995,0.83523,0.83549,1.10,1.45
2014.10.16 12:49:39.858,0.83522,0.83551,1.87,2.32
2014.10.16 12:49:39.909,0.83522,0.83552,1.87,1.45
2014.10.16 12:49:40.531,0.83525,0.83553,1.45,3.30
2014.10.16 12:49:40.683,0.83525,0.83555,3.00,1.50
2014.10.16 12:49:41.140,0.83526,0.83555,1.65,1.45
2014.10.16 12:49:41.342,0.83529,0.83557,1.05,2.32
2014.10.16 12:49:41.494,0.83531,0.83557,1.30,2.32
2014.10.16 12:49:41.695,0.83526,0.83554,1.17,2.32
2014.10.16 12:49:42.552,0.83524,0.83553,4.05,1.45
2014.10.16 12:49:42.603,0.83525,0.83556,2.62,1.15
2014.10.16 12:49:42.855,0.83528,0.83558,2.25,3.30
2014.10.16 12:49:43.007,0.83527,0.83557,1.52,4.87
2014.10.16 12:49:43.532,0.83523,0.83557,6.00,6.00
2014.10.16 12:49:43.583,0.83523,0.83553,3.07,2.32
2014.10.16 12:49:43.634,0.83523,0.83553,1.15,2.32
2014.10.16 12:49:46.527,0.83521,0.8355,3.82,2.70
2014.10.16 12:49:46.578,0.8352,0.83549,1.27,2.70
2014.10.16 12:49:46.835,0.8352,0.83549,1.52,2.32
2014.10.16 12:49:46.885,0.8352,0.83552,4.20,3.45
2014.10.16 12:49:47.138,0.83522,0.83552,2.70,2.32
2014.10.16 12:49:47.189,0.83523,0.83553,2.70,1.15
2014.10.16 12:49:47.555,0.83525,0.83555,4.20,2.32
2014.10.16 12:49:47.606,0.83526,0.83557,2.70,1.15
2014.10.16 12:49:47.657,0.83528,0.83558,2.70,3.07
2014.10.16 12:49:47.707,0.83529,0.83558,2.70,1.15
2014.10.16 12:49:49.066,0.83533,0.83562,1.27,1.52
2014.10.16 12:49:50.468,0.83535,0.83565,3.07,3.07
2014.10.16 12:49:50.569,0.83535,0.83565,3.07,1.15
2014.10.16 12:49:51.368,0.83535,0.83565,3.07,1.52
2014.10.16 12:49:51.419,0.83535,0.83561,1.07,2.62
2014.10.16 12:49:51.470,0.83535,0.83561,1.00,2.32
2014.10.16 12:49:51.571,0.83535,0.83565,1.20,6.00
2014.10.16 12:49:51.672,0.83533,0.83561,1.52,1.15
2014.10.16 12:49:52.205,0.83535,0.83564,1.57,1.15
2014.10.16 12:49:52.373,0.83535,0.83564,1.57,1.15
2014.10.16 12:49:52.676,0.83535,0.83564,1.57,1.27
2014.10.16 12:49:53.493,0.83537,0.83562,1.00,1.15
2014.10.16 12:49:54.676,0.83534,0.83559,1.52,1.00
2014.10.16 12:49:55.596,0.83538,0.83563,1.00,1.15
2014.10.16 12:49:55.799,0.83535,0.83562,1.27,1.15
2014.10.16 12:49:56.203,0.83535,0.83561,1.00,2.32
2014.10.16 12:49:56.872,0.83533,0.83558,1.87,1.15
2014.10.16 12:49:57.407,0.83533,0.83558,2.25,1.15
2014.10.16 12:49:57.609,0.83533,0.83558,1.52,1.00
2014.10.16 12:49:57.714,0.83536,0.83561,1.00,1.15
2014.10.16 12:49:58.539,0.83536,0.83559,1.00,1.30
2014.10.16 12:49:59.163,0.83536,0.8356,1.00,1.87
2014.10.16 12:50:00.977,0.83533,0.83558,1.15,1.00
2014.10.16 12:50:01.279,0.83533,0.83558,1.10,1.87
2014.10.16 12:50:02.817,0.83533,0.83558,1.15,1.10
2014.10.16 12:50:03.336,0.83534,0.83558,2.70,1.00
2014.10.16 12:50:03.682,0.83533,0.83558,1.27,1.10
2014.10.16 12:50:05.759,0.83531,0.83556,3.45,1.00
2014.10.16 12:50:06.626,0.83531,0.83556,1.15,1.27
2014.10.16 12:50:06.936,0.83528,0.83553,1.27,1.10
2014.10.16 12:50:07.929,0.83526,0.83551,1.87,1.12
2014.10.16 12:50:08.030,0.83528,0.83553,1.27,1.10
2014.10.16 12:50:08.131,0.83526,0.83551,1.52,1.00
2014.10.16 12:50:08.283,0.83528,0.83553,1.55,1.10
2014.10.16 12:50:08.787,0.83531,0.83556,1.00,1.52
2014.10.16 12:50:09.248,0.83531,0.83556,1.52,1.00
2014.10.16 12:50:10.043,0.83533,0.83556,2.70,1.00
2014.10.16 12:50:10.144,0.83534,0.83559,1.27,1.00
2014.10.16 12:50:13.436,0.83535,0.83559,2.70,1.00
2014.10.16 12:50:13.997,0.83537,0.83562,1.27,1.00
2014.10.16 12:50:14.048,0.83538,0.83562,2.70,1.00
2014.10.16 12:50:14.199,0.8354,0.83565,1.52,1.10
2014.10.16 12:50:14.452,0.83542,0.83565,2.70,1.00
2014.10.16 12:50:14.553,0.83542,0.83567,3.45,1.00
2014.10.16 12:50:14.959,0.83545,0.8357,1.15,1.17
2014.10.16 12:50:15.463,0.83545,0.8357,1.15,2.02
2014.10.16 12:50:16.034,0.83542,0.83567,3.07,1.00
2014.10.16 12:50:16.781,0.83542,0.83567,1.27,1.10
2014.10.16 12:50:18.549,0.83542,0.83565,1.10,1.17
2014.10.16 12:50:19.053,0.83544,0.83569,1.00,3.45
2014.10.16 12:50:19.154,0.83544,0.83569,1.17,1.15
2014.10.16 12:50:20.744,0.83542,0.83567,1.20,1.15
2014.10.16 12:50:23.626,0.83542,0.83563,1.10,1.30
2014.10.16 12:50:23.677,0.83539,0.83563,1.10,1.45
2014.10.16 12:50:24.264,0.83536,0.8356,1.52,1.00
2014.10.16 12:50:27.926,0.83539,0.83564,1.10,1.52
2014.10.16 12:50:28.597,0.83539,0.8356,1.10,1.00
2014.10.16 12:50:29.468,0.83539,0.83564,1.10,1.52
2014.10.16 12:50:31.665,0.83539,0.8356,1.10,1.30
2014.10.16 12:50:31.867,0.83535,0.8356,1.27,1.07
2014.10.16 12:50:31.918,0.83535,0.8356,1.27,1.15
2014.10.16 12:50:32.070,0.83535,0.8356,1.10,3.00
2014.10.16 12:50:32.473,0.83532,0.83557,1.17,1.17
2014.10.16 12:50:33.981,0.83529,0.83554,1.27,1.17
2014.10.16 12:50:34.284,0.83532,0.83557,1.27,1.17
2014.10.16 12:50:34.587,0.83531,0.83555,1.10,1.27
2014.10.16 12:50:34.890,0.83527,0.83552,1.20,1.17
2014.10.16 12:50:35.293,0.83527,0.83552,1.00,3.45
2014.10.16 12:50:35.998,0.83524,0.83549,1.50,1.27
2014.10.16 12:50:36.368,0.8353,0.83554,2.70,1.00
2014.10.16 12:50:36.419,0.83531,0.83556,1.27,1.00
2014.10.16 12:50:36.722,0.83533,0.83556,2.32,1.00
2014.10.16 12:50:37.484,0.83531,0.83556,1.15,1.12
2014.10.16 12:50:37.736,0.83531,0.83556,1.15,1.37
2014.10.16 12:50:38.039,0.8353,0.83552,2.32,1.12
2014.10.16 12:50:38.291,0.83527,0.83552,1.15,1.37
2014.10.16 12:50:38.831,0.83527,0.83552,1.15,1.37
2014.10.16 12:50:38.983,0.83527,0.83552,1.15,1.12
2014.10.16 12:50:42.964,0.83527,0.83552,1.15,1.37
2014.10.16 12:50:43.286,0.83527,0.83552,1.15,1.55
2014.10.16 12:50:43.571,0.83527,0.83552,1.00,4.20
2014.10.16 12:50:43.622,0.83524,0.83549,1.10,1.15
2014.10.16 12:50:43.924,0.83524,0.83549,1.15,1.10
2014.10.16 12:50:45.504,0.83524,0.83549,1.15,1.47
2014.10.16 12:50:45.656,0.83522,0.83547,1.17,1.15
2014.10.16 12:50:46.312,0.83522,0.83547,1.27,1.00
2014.10.16 12:50:46.665,0.83525,0.8355,1.17,1.17
2014.10.16 12:50:47.220,0.83525,0.8355,3.45,1.00
2014.10.16 12:50:47.321,0.83531,0.83553,1.00,1.17
2014.10.16 12:50:47.724,0.83531,0.83555,1.15,1.10
2014.10.16 12:50:49.903,0.83531,0.83556,1.15,1.55
2014.10.16 12:50:50.055,0.83528,0.83553,1.07,1.55
2014.10.16 12:50:50.307,0.83526,0.83551,1.17,1.07
2014.10.16 12:50:50.881,0.83526,0.83551,1.10,1.87
2014.10.16 12:50:51.425,0.83527,0.8355,2.70,1.00
2014.10.16 12:50:51.475,0.83529,0.83554,2.25,1.10
2014.10.16 12:50:53.360,0.8353,0.83553,1.15,1.00
2014.10.16 12:50:53.562,0.83529,0.8355,1.15,1.00
2014.10.16 12:50:53.865,0.8353,0.83553,1.15,1.00
2014.10.16 12:50:54.218,0.83533,0.83558,1.07,1.15
2014.10.16 12:50:54.269,0.83533,0.83558,1.15,1.17
2014.10.16 12:50:55.394,0.83533,0.83555,1.27,1.00
2014.10.16 12:50:56.054,0.83533,0.83558,1.27,1.17
2014.10.16 12:50:57.459,0.83531,0.83556,1.65,1.00
2014.10.16 12:50:57.972,0.83531,0.83555,1.15,1.00
2014.10.16 12:50:59.276,0.83531,0.83555,1.17,1.55
2014.10.16 12:50:59.427,0.83528,0.83553,1.65,1.07
2014.10.16 12:50:59.478,0.83528,0.83553,1.65,1.15
2014.10.16 12:51:03.176,0.8353,0.83555,1.00,1.15
2014.10.16 12:51:03.525,0.8353,0.83555,1.27,1.07
2014.10.16 12:51:04.777,0.8353,0.8355,1.17,1.00
2014.10.16 12:51:05.316,0.83528,0.83553,1.27,1.00
2014.10.16 12:51:05.568,0.83528,0.83553,1.17,1.15
2014.10.16 12:51:06.688,0.83528,0.83553,1.55,1.15
2014.10.16 12:51:06.790,0.83531,0.83556,1.52,1.17
2014.10.16 12:51:06.891,0.83533,0.83558,1.47,1.15
2014.10.16 12:51:06.941,0.83533,0.83558,1.52,1.00
2014.10.16 12:51:06.992,0.83533,0.83558,1.65,1.00
2014.10.16 12:51:07.043,0.83536,0.83561,1.52,1.10
2014.10.16 12:51:07.145,0.83539,0.83564,1.52,1.50
2014.10.16 12:51:07.447,0.83544,0.83569,1.65,1.00
2014.10.16 12:51:07.749,0.83546,0.83571,1.15,1.00
2014.10.16 12:51:07.901,0.83548,0.83575,3.07,1.57
2014.10.16 12:51:08.477,0.83552,0.83575,2.32,1.00
2014.10.16 12:51:09.571,0.83549,0.83575,2.32,1.12
2014.10.16 12:51:10.446,0.83552,0.83577,1.15,1.55
2014.10.16 12:51:13.633,0.83549,0.83574,4.20,1.00
2014.10.16 12:51:13.901,0.83549,0.83574,1.15,1.27
2014.10.16 12:51:14.102,0.83547,0.83571,1.65,1.00
2014.10.16 12:51:14.355,0.83549,0.83574,1.15,1.17
2014.10.16 12:51:14.657,0.83549,0.83574,1.27,1.07
2014.10.16 12:51:14.965,0.83552,0.83577,1.15,1.27
2014.10.16 12:51:15.066,0.83555,0.83577,1.42,1.07
2014.10.16 12:51:15.594,0.83552,0.83577,4.05,1.00
2014.10.16 12:51:15.796,0.8355,0.83575,1.45,1.00
2014.10.16 12:51:16.886,0.83552,0.83579,1.45,1.52
2014.10.16 12:51:17.505,0.83552,0.83579,3.67,1.27
2014.10.16 12:51:17.606,0.83552,0.83579,2.70,1.10
2014.10.16 12:51:18.110,0.83551,0.83578,3.67,1.20
2014.10.16 12:51:18.160,0.83551,0.83578,1.45,1.52
2014.10.16 12:51:18.867,0.83552,0.83578,1.50,1.07
2014.10.16 12:51:18.918,0.83552,0.83581,3.67,1.55
2014.10.16 12:51:19.170,0.83552,0.83581,2.32,1.65
2014.10.16 12:51:19.221,0.83551,0.83578,1.15,1.52
2014.10.16 12:51:19.272,0.83551,0.83578,1.07,3.82
2014.10.16 12:51:19.323,0.83551,0.83572,1.00,1.10
2014.10.16 12:51:19.827,0.8355,0.83572,1.05,1.20
2014.10.16 12:51:20.301,0.83547,0.8357,1.45,1.00
2014.10.16 12:51:20.820,0.83548,0.83572,1.45,1.20
2014.10.16 12:51:20.871,0.83548,0.8357,1.45,1.00
2014.10.16 12:51:21.637,0.83548,0.8357,1.30,1.17
2014.10.16 12:51:22.257,0.83551,0.8357,1.30,1.17
2014.10.16 12:51:22.307,0.83551,0.83572,1.30,1.10
2014.10.16 12:51:22.509,0.83552,0.83574,1.12,1.00
2014.10.16 12:51:22.811,0.83556,0.83576,1.05,1.00
2014.10.16 12:51:25.023,0.83558,0.83576,1.30,1.00
2014.10.16 12:51:25.073,0.83558,0.83579,1.30,1.17
2014.10.16 12:51:25.328,0.83556,0.83579,1.05,1.27
2014.10.16 12:51:25.529,0.83555,0.83579,1.05,1.27
2014.10.16 12:51:25.882,0.83553,0.83579,1.05,1.52
2014.10.16 12:51:25.933,0.83553,0.83576,1.30,1.55
2014.10.16 12:51:26.034,0.83549,0.83575,1.80,1.52
2014.10.16 12:51:26.336,0.83551,0.83572,1.30,1.15
2014.10.16 12:51:26.437,0.83548,0.83574,1.30,1.15
2014.10.16 12:51:26.513,0.83548,0.83572,1.30,2.32
2014.10.16 12:51:26.816,0.83548,0.83571,1.05,1.17
2014.10.16 12:51:27.087,0.8355,0.83574,1.30,1.15
2014.10.16 12:51:27.241,0.83551,0.83574,1.30,1.17
2014.10.16 12:51:27.856,0.83548,0.83574,1.45,1.55
2014.10.16 12:51:28.209,0.83552,0.83574,1.30,1.27
2014.10.16 12:51:28.361,0.83552,0.83574,1.30,1.17
2014.10.16 12:51:29.018,0.83551,0.83574,1.05,1.17
2014.10.16 12:51:30.198,0.8355,0.83574,1.37,1.15
2014.10.16 12:51:30.728,0.8355,0.83574,1.30,1.52
2014.10.16 12:51:31.248,0.83551,0.83574,1.30,1.27
2014.10.16 12:51:31.400,0.83549,0.83574,1.30,1.27
2014.10.16 12:51:31.904,0.83546,0.8357,1.15,1.00
2014.10.16 12:51:31.955,0.83546,0.8357,1.80,1.15
2014.10.16 12:51:32.408,0.83547,0.83572,1.37,1.15
2014.10.16 12:51:32.459,0.83547,0.83572,1.45,1.07
2014.10.16 12:51:32.963,0.83549,0.83574,1.12,1.15
2014.10.16 12:51:33.064,0.83549,0.83574,1.27,1.10
2014.10.16 12:51:33.571,0.83552,0.83577,1.00,1.15
2014.10.16 12:51:33.873,0.83552,0.83577,1.15,1.10
2014.10.16 12:51:34.277,0.83552,0.83577,1.10,1.15
2014.10.16 12:51:34.874,0.83549,0.83574,1.15,1.47
2014.10.16 12:51:35.415,0.83549,0.83574,1.15,1.10
2014.10.16 12:51:35.717,0.83547,0.83572,3.07,1.00
2014.10.16 12:51:37.502,0.83549,0.83574,1.52,1.10
2014.10.16 12:51:37.552,0.83551,0.83574,1.50,1.00
2014.10.16 12:51:37.603,0.83552,0.83577,1.27,1.10
2014.10.16 12:51:37.754,0.83555,0.8358,1.20,1.17
2014.10.16 12:51:37.805,0.83555,0.8358,1.27,1.10
2014.10.16 12:51:38.591,0.83555,0.8358,1.10,1.27
2014.10.16 12:51:38.908,0.8355,0.83575,4.20,1.00
2014.10.16 12:51:39.316,0.8355,0.83575,1.27,1.17
2014.10.16 12:51:43.195,0.83548,0.83573,1.17,1.27
2014.10.16 12:51:44.389,0.8355,0.83575,1.00,1.15
2014.10.16 12:51:44.490,0.8355,0.83575,2.02,1.10
2014.10.16 12:51:44.642,0.8355,0.83575,2.02,1.10
2014.10.16 12:51:44.743,0.83553,0.83578,1.15,1.17
2014.10.16 12:51:44.895,0.83553,0.83578,1.52,1.00
2014.10.16 12:51:44.945,0.83555,0.8358,1.17,1.10
2014.10.16 12:51:45.097,0.83555,0.8358,2.02,1.10
2014.10.16 12:51:45.399,0.83557,0.83584,1.27,1.27
2014.10.16 12:51:48.117,0.83557,0.83584,1.17,1.27
2014.10.16 12:51:48.168,0.83557,0.83584,1.17,1.52
2014.10.16 12:51:48.572,0.83556,0.83581,1.07,1.27
2014.10.16 12:51:48.724,0.83553,0.83578,1.20,1.07
2014.10.16 12:51:48.926,0.83553,0.83578,1.07,1.27
2014.10.16 12:51:49.275,0.8355,0.83577,1.15,1.52
2014.10.16 12:51:50.801,0.83548,0.83574,1.82,1.00
2014.10.16 12:51:51.316,0.83551,0.83576,1.00,3.45
2014.10.16 12:51:51.367,0.83549,0.83574,1.10,1.15
2014.10.16 12:51:51.879,0.83549,0.83574,1.07,1.17
2014.10.16 12:51:51.930,0.83549,0.83574,1.15,1.10
2014.10.16 12:51:53.437,0.83549,0.83574,1.07,1.27
2014.10.16 12:51:53.488,0.83549,0.83574,1.00,1.27
2014.10.16 12:51:53.588,0.83546,0.83571,1.15,1.57
2014.10.16 12:51:53.891,0.83544,0.83569,1.17,1.17
2014.10.16 12:51:54.294,0.83541,0.83566,1.15,1.00
2014.10.16 12:51:54.405,0.83544,0.83569,1.17,1.55
2014.10.16 12:51:54.664,0.83541,0.83566,1.15,1.00
2014.10.16 12:51:54.865,0.83541,0.83566,1.15,1.17
2014.10.16 12:51:56.471,0.83541,0.83566,2.25,1.07
2014.10.16 12:51:56.572,0.83544,0.83569,1.17,1.27
2014.10.16 12:51:56.930,0.83547,0.83572,1.80,1.27
2014.10.16 12:51:57.031,0.83548,0.83572,1.05,1.27
2014.10.16 12:51:57.816,0.83545,0.8357,2.62,1.00
2014.10.16 12:51:58.379,0.83548,0.83573,1.10,1.15
2014.10.16 12:51:58.631,0.83549,0.83573,1.45,1.10
2014.10.16 12:52:04.778,0.8355,0.83575,1.17,1.52
2014.10.16 12:52:04.879,0.83548,0.83573,1.10,1.52
2014.10.16 12:52:04.930,0.83548,0.83573,1.00,3.45
2014.10.16 12:52:04.981,0.83545,0.83568,1.10,1.10
2014.10.16 12:52:05.485,0.83546,0.83571,1.00,1.52
2014.10.16 12:52:05.586,0.83546,0.83571,1.15,1.17
2014.10.16 12:52:06.758,0.83548,0.83573,1.15,1.10
2014.10.16 12:52:09.768,0.83548,0.83573,1.47,1.15
2014.10.16 12:52:10.071,0.83544,0.83568,1.27,1.00
2014.10.16 12:52:10.321,0.83544,0.83568,1.27,1.17
2014.10.16 12:52:11.294,0.83543,0.83568,3.45,1.00
2014.10.16 12:52:11.344,0.83547,0.83574,1.27,2.02
2014.10.16 12:52:11.395,0.83547,0.83574,1.27,2.02
2014.10.16 12:52:11.899,0.8355,0.83575,1.27,1.15
2014.10.16 12:52:12.533,0.8355,0.83575,2.25,1.15
2014.10.16 12:52:13.072,0.8355,0.83575,2.25,1.00
2014.10.16 12:52:16.184,0.83553,0.83578,1.27,1.00
2014.10.16 12:52:18.832,0.83555,0.8358,1.87,1.17
2014.10.16 12:52:18.935,0.83558,0.83583,1.17,1.17
2014.10.16 12:52:19.087,0.83558,0.83583,1.15,1.00
2014.10.16 12:52:23.236,0.83559,0.8358,1.27,1.00
2014.10.16 12:52:23.337,0.83559,0.83583,1.12,1.15
2014.10.16 12:52:23.439,0.83563,0.83583,1.30,1.27
2014.10.16 12:52:23.540,0.83562,0.83583,1.30,1.10
2014.10.16 12:52:23.691,0.83564,0.83583,1.30,1.10
2014.10.16 12:52:23.893,0.8356,0.83583,1.12,1.10
2014.10.16 12:52:27.785,0.83558,0.83583,1.87,1.47
2014.10.16 12:52:27.886,0.83558,0.83583,1.72,1.52
2014.10.16 12:52:28.974,0.83556,0.8358,1.12,1.00
2014.10.16 12:52:30.542,0.83558,0.8358,1.30,1.00
2014.10.16 12:52:31.202,0.83557,0.8358,1.05,1.00
2014.10.16 12:52:31.748,0.83558,0.8358,1.30,1.00
2014.10.16 12:52:32.297,0.83559,0.8358,1.37,1.00
2014.10.16 12:52:32.347,0.8356,0.83583,1.12,1.10
2014.10.16 12:52:32.398,0.8356,0.83583,1.82,1.10
2014.10.16 12:52:32.691,0.83568,0.83592,1.12,1.20
2014.10.16 12:52:33.912,0.83566,0.83589,1.37,1.10
2014.10.16 12:52:33.963,0.83565,0.83589,1.87,1.17
2014.10.16 12:52:34.418,0.83567,0.83589,1.37,1.07
2014.10.16 12:52:34.771,0.83569,0.83592,1.05,1.17
2014.10.16 12:52:34.822,0.83569,0.83592,1.12,1.07
2014.10.16 12:52:35.343,0.83572,0.83595,1.05,1.10
2014.10.16 12:52:36.110,0.8357,0.83595,1.87,1.47
2014.10.16 12:52:36.211,0.83568,0.83592,1.12,1.47
2014.10.16 12:52:36.262,0.83568,0.83592,1.12,1.55
2014.10.16 12:52:37.304,0.83565,0.8359,1.15,1.20
2014.10.16 12:52:37.405,0.83565,0.8359,1.87,1.27
2014.10.16 12:52:38.000,0.83566,0.8359,1.37,1.10
2014.10.16 12:52:41.934,0.83569,0.83593,1.12,1.17
2014.10.16 12:52:42.677,0.83573,0.83593,1.05,1.10
2014.10.16 12:52:42.932,0.83574,0.83595,1.30,1.00
2014.10.16 12:52:42.983,0.83574,0.83595,1.37,1.00
2014.10.16 12:52:43.134,0.83574,0.83598,1.50,1.10
2014.10.16 12:52:43.185,0.83574,0.83598,3.67,1.00
2014.10.16 12:52:43.286,0.83576,0.83601,2.25,1.57
2014.10.16 12:52:43.438,0.83581,0.83603,1.30,1.27
2014.10.16 12:52:43.539,0.8358,0.83603,1.45,1.12
2014.10.16 12:52:43.741,0.83579,0.83603,1.05,1.17
2014.10.16 12:52:44.015,0.83576,0.836,1.12,1.07
2014.10.16 12:52:44.066,0.83576,0.836,1.05,1.17
2014.10.16 12:52:44.267,0.83576,0.83603,1.42,1.15
2014.10.16 12:52:44.368,0.83579,0.83606,1.05,1.15
2014.10.16 12:52:44.419,0.83578,0.83606,3.67,1.15
2014.10.16 12:52:44.470,0.83578,0.83606,3.30,1.17
2014.10.16 12:52:44.520,0.83578,0.83606,1.45,1.17
2014.10.16 12:52:44.571,0.83578,0.83604,1.87,1.17
2014.10.16 12:52:44.873,0.83576,0.83604,1.15,1.17
2014.10.16 12:52:44.975,0.83576,0.83604,1.15,1.15
2014.10.16 12:52:45.967,0.83572,0.83602,7.35,1.52
2014.10.16 12:52:46.018,0.83572,0.83602,5.17,1.52
2014.10.16 12:52:46.069,0.83572,0.83602,2.02,1.52
2014.10.16 12:52:48.989,0.83574,0.83597,1.12,1.12
2014.10.16 12:52:49.790,0.83574,0.83597,1.05,1.07
2014.10.16 12:52:49.840,0.83572,0.83597,1.30,1.15
2014.10.16 12:52:50.358,0.83574,0.83597,1.30,1.27
2014.10.16 12:52:50.559,0.83575,0.83599,1.05,1.20
2014.10.16 12:52:50.710,0.83575,0.83599,1.37,1.12
2014.10.16 12:52:51.214,0.83577,0.83603,1.12,1.27
2014.10.16 12:52:54.649,0.83573,0.83599,2.32,1.00
2014.10.16 12:52:55.291,0.83573,0.836,2.70,1.95
2014.10.16 12:53:01.112,0.83576,0.836,1.45,1.47
2014.10.16 12:53:02.516,0.83576,0.836,1.45,1.20
2014.10.16 12:53:02.969,0.83574,0.836,1.37,1.55
2014.10.16 12:53:03.020,0.83575,0.836,1.30,2.02
2014.10.16 12:53:03.666,0.83577,0.836,1.05,1.07
2014.10.16 12:53:03.769,0.83577,0.836,1.12,1.10
2014.10.16 12:53:06.776,0.83575,0.83602,1.45,1.52
2014.10.16 12:53:08.256,0.83575,0.83602,1.45,2.02
2014.10.16 12:53:08.357,0.83577,0.83602,1.50,1.07
2014.10.16 12:53:08.407,0.83582,0.83603,1.30,1.10
2014.10.16 12:53:08.458,0.83582,0.83603,1.37,1.00
2014.10.16 12:53:08.610,0.83577,0.83603,1.45,1.10
2014.10.16 12:53:08.660,0.83577,0.83605,1.37,2.25
2014.10.16 12:53:08.761,0.83575,0.83603,1.17,1.15
2014.10.16 12:53:08.812,0.83575,0.83602,1.00,2.32
2014.10.16 12:53:08.863,0.83571,0.836,1.45,1.65
2014.10.16 12:53:09.065,0.83574,0.836,1.37,1.15
2014.10.16 12:53:09.578,0.83572,0.836,1.45,1.17
2014.10.16 12:53:17.708,0.83578,0.836,1.37,1.10
2014.10.16 12:53:18.084,0.83575,0.83602,1.80,1.15
2014.10.16 12:53:18.185,0.83573,0.83598,1.10,1.17
2014.10.16 12:53:18.337,0.83571,0.83598,1.05,3.82
2014.10.16 12:53:18.488,0.83574,0.83598,1.30,2.32
2014.10.16 12:53:18.539,0.83574,0.83599,1.30,1.15
2014.10.16 12:53:18.690,0.8357,0.83599,1.65,1.15
2014.10.16 12:53:19.033,0.83574,0.836,1.30,1.65
2014.10.16 12:53:19.337,0.83574,0.836,1.12,2.02
2014.10.16 12:53:21.458,0.83577,0.83598,1.67,1.10
2014.10.16 12:53:21.558,0.83578,0.836,1.12,1.00
2014.10.16 12:53:21.609,0.83578,0.83602,1.45,1.10
2014.10.16 12:53:21.861,0.83575,0.836,1.10,1.15
2014.10.16 12:53:22.393,0.83574,0.83597,1.12,1.00
2014.10.16 12:53:24.894,0.83575,0.83599,1.10,1.17
2014.10.16 12:53:24.944,0.83575,0.83599,1.15,1.00
2014.10.16 12:53:25.259,0.83574,0.83599,1.87,1.17
2014.10.16 12:53:27.722,0.83574,0.83599,1.07,1.52
2014.10.16 12:53:27.773,0.83572,0.83597,1.87,1.27
2014.10.16 12:53:27.924,0.83569,0.83594,2.62,1.20
2014.10.16 12:53:28.075,0.83565,0.8359,1.15,1.17
2014.10.16 12:53:28.328,0.83565,0.8359,1.07,2.02
2014.10.16 12:53:28.378,0.83565,0.8359,1.00,2.02
2014.10.16 12:53:28.892,0.83562,0.83589,1.15,1.65
2014.10.16 12:53:29.401,0.8356,0.83585,1.15,1.00
2014.10.16 12:53:29.918,0.83563,0.83587,1.12,1.17
2014.10.16 12:53:30.423,0.83565,0.8359,1.72,2.62
2014.10.16 12:53:33.293,0.83565,0.8359,1.80,1.27
2014.10.16 12:53:33.344,0.83565,0.8359,1.87,1.27
2014.10.16 12:53:35.018,0.83565,0.83587,1.45,1.37
2014.10.16 12:53:35.119,0.83562,0.83587,1.17,1.52
2014.10.16 12:53:35.421,0.83559,0.83584,1.00,1.52
2014.10.16 12:53:36.614,0.83559,0.83584,1.00,2.02
2014.10.16 12:53:38.002,0.83557,0.83581,1.37,1.20
2014.10.16 12:53:38.053,0.83556,0.83581,1.10,1.27
2014.10.16 12:53:39.161,0.83553,0.83578,1.87,1.47
2014.10.16 12:53:39.212,0.83553,0.83578,1.87,1.45
2014.10.16 12:53:39.263,0.83553,0.83578,1.80,1.27
2014.10.16 12:53:39.827,0.83549,0.83576,1.45,1.45
2014.10.16 12:53:39.928,0.83548,0.83576,2.32,1.52
2014.10.16 12:53:40.029,0.83547,0.83574,1.45,1.52
2014.10.16 12:53:40.772,0.83548,0.83574,1.37,3.82
2014.10.16 12:53:40.823,0.83545,0.83573,1.10,2.70
2014.10.16 12:53:41.125,0.83547,0.83573,1.30,3.45
2014.10.16 12:53:41.227,0.83547,0.83573,1.45,1.17
2014.10.16 12:53:41.530,0.83549,0.83573,1.05,1.15
2014.10.16 12:53:41.883,0.83547,0.83573,1.00,1.15
2014.10.16 12:53:42.740,0.83547,0.83574,1.80,2.32
2014.10.16 12:53:42.790,0.83551,0.83574,1.30,2.32
2014.10.16 12:53:42.841,0.83551,0.83576,1.30,2.32
2014.10.16 12:53:42.892,0.83553,0.83576,1.30,2.32
2014.10.16 12:53:42.993,0.83554,0.8358,1.00,3.07
2014.10.16 12:53:43.533,0.83553,0.8358,1.57,2.32
2014.10.16 12:53:43.987,0.83556,0.8358,1.30,2.32
2014.10.16 12:53:44.088,0.83554,0.8358,1.30,2.32
2014.10.16 12:53:45.377,0.83554,0.83579,1.30,2.70
2014.10.16 12:53:45.428,0.83553,0.83577,1.72,2.32
2014.10.16 12:53:45.529,0.83555,0.83581,1.30,4.87
2014.10.16 12:53:46.033,0.83554,0.83581,1.00,5.62
2014.10.16 12:53:46.325,0.83559,0.83583,1.30,4.20
2014.10.16 12:53:46.426,0.83559,0.83583,1.30,2.02
2014.10.16 12:53:46.527,0.83562,0.83583,1.30,1.15
2014.10.16 12:53:46.730,0.83558,0.83584,1.37,1.27
2014.10.16 12:53:46.933,0.83556,0.83583,1.05,1.15
2014.10.16 12:53:46.984,0.83557,0.83583,1.37,1.15
2014.10.16 12:53:47.034,0.83558,0.83586,1.17,2.32
2014.10.16 12:53:47.186,0.83562,0.83586,1.30,2.32
2014.10.16 12:53:47.236,0.83562,0.83589,1.05,1.15
2014.10.16 12:53:47.993,0.8356,0.83589,1.87,1.15
2014.10.16 12:53:48.043,0.8356,0.83589,4.05,1.15
2014.10.16 12:53:48.563,0.8356,0.83586,2.32,1.20
2014.10.16 12:53:48.614,0.83559,0.83586,1.27,1.27
2014.10.16 12:53:49.615,0.83557,0.83586,2.32,2.02
2014.10.16 12:53:52.423,0.83557,0.83586,2.70,2.02
2014.10.16 12:53:54.273,0.83559,0.83583,1.52,1.00
2014.10.16 12:53:54.374,0.83561,0.83583,3.30,1.00
2014.10.16 12:53:54.525,0.83568,0.83594,1.37,1.65
2014.10.16 12:53:54.677,0.83571,0.83593,1.12,1.00
2014.10.16 12:53:54.778,0.83568,0.83595,2.62,1.15
2014.10.16 12:53:54.929,0.83569,0.83595,1.37,1.57
2014.10.16 12:53:54.980,0.83571,0.83595,1.45,1.50
2014.10.16 12:53:55.232,0.83571,0.83595,1.07,1.07
2014.10.16 12:53:55.282,0.8357,0.83595,1.30,1.15
2014.10.16 12:53:55.635,0.8357,0.83594,1.37,1.07
2014.10.16 12:53:55.686,0.8357,0.83594,1.45,1.00
2014.10.16 12:53:56.089,0.83569,0.83591,1.15,1.00
2014.10.16 12:53:56.291,0.83569,0.8359,1.80,1.00
2014.10.16 12:53:56.745,0.8357,0.83594,1.37,1.17
2014.10.16 12:53:56.795,0.8357,0.83594,1.45,1.10
2014.10.16 12:53:57.772,0.83572,0.83595,1.87,1.00
2014.10.16 12:53:57.924,0.83574,0.83599,1.17,1.15
2014.10.16 12:53:58.377,0.83573,0.83599,1.30,3.45
2014.10.16 12:53:59.033,0.83575,0.836,1.05,2.02
2014.10.16 12:53:59.849,0.83573,0.836,3.30,1.17
2014.10.16 12:54:00.001,0.83573,0.83596,1.30,1.15
2014.10.16 12:54:00.153,0.83573,0.83595,1.30,2.32
2014.10.16 12:54:00.255,0.83568,0.83595,1.80,2.32
2014.10.16 12:54:00.658,0.83566,0.83591,1.07,1.17
2014.10.16 12:54:00.759,0.83562,0.83587,1.07,1.07
2014.10.16 12:54:01.263,0.83562,0.83587,1.00,1.15
2014.10.16 12:54:01.566,0.83562,0.83587,2.55,1.17
2014.10.16 12:54:01.617,0.83562,0.83587,2.62,1.10
2014.10.16 12:54:01.768,0.83564,0.83589,1.07,1.20
2014.10.16 12:54:03.105,0.83566,0.83589,1.30,1.15
2014.10.16 12:54:03.553,0.83564,0.83586,1.05,1.00
2014.10.16 12:54:03.755,0.83563,0.83584,1.30,1.00
2014.10.16 12:54:04.259,0.83564,0.83586,1.30,1.17
2014.10.16 12:54:04.587,0.83566,0.8359,1.00,2.70
2014.10.16 12:54:04.790,0.83565,0.83588,1.80,1.10
2014.10.16 12:54:04.992,0.83568,0.8359,1.30,1.15
2014.10.16 12:54:05.318,0.8357,0.83593,1.30,1.15
2014.10.16 12:54:05.831,0.83571,0.83593,1.30,1.27
2014.10.16 12:54:06.097,0.83569,0.83593,1.30,1.27
2014.10.16 12:54:06.621,0.83568,0.83593,1.80,1.27
2014.10.16 12:54:07.074,0.83569,0.83593,1.67,1.15
2014.10.16 12:54:07.376,0.83575,0.83596,2.10,1.17
2014.10.16 12:54:07.477,0.83576,0.83599,1.67,1.17
2014.10.16 12:54:08.011,0.83578,0.83599,1.30,1.17
2014.10.16 12:54:08.320,0.83575,0.83599,1.05,1.55
2014.10.16 12:54:08.421,0.83575,0.83597,1.30,1.15
2014.10.16 12:54:08.938,0.83576,0.836,1.30,1.15
2014.10.16 12:54:09.460,0.83577,0.836,1.30,1.15
2014.10.16 12:54:10.361,0.83578,0.836,1.30,1.15
2014.10.16 12:54:10.703,0.83579,0.836,1.30,1.10
2014.10.16 12:54:11.474,0.8358,0.836,1.30,1.10
2014.10.16 12:54:11.575,0.83583,0.83602,1.30,1.00
2014.10.16 12:54:11.681,0.83581,0.83602,1.05,1.00
2014.10.16 12:54:12.392,0.83578,0.83602,1.12,1.20
2014.10.16 12:54:12.912,0.83577,0.836,1.37,1.10
2014.10.16 12:54:14.254,0.83579,0.836,1.30,1.10
2014.10.16 12:54:14.756,0.83578,0.836,1.05,1.10
2014.10.16 12:54:15.519,0.83578,0.836,1.42,1.10
2014.10.16 12:54:15.670,0.83577,0.83604,2.25,1.17
2014.10.16 12:54:15.721,0.83582,0.83607,1.07,2.62
2014.10.16 12:54:15.771,0.83582,0.83606,1.15,1.05
2014.10.16 12:54:15.873,0.83582,0.83604,1.15,1.30
2014.10.16 12:54:16.175,0.83582,0.83606,1.15,1.05
2014.10.16 12:54:16.327,0.83582,0.83603,1.15,1.30
2014.10.16 12:54:16.638,0.83582,0.83605,1.27,1.30
2014.10.16 12:54:17.047,0.8358,0.83605,1.17,1.55
2014.10.16 12:54:17.300,0.8358,0.836,1.17,1.30
2014.10.16 12:54:17.615,0.83576,0.83599,1.07,1.30
2014.10.16 12:54:17.777,0.83575,0.83597,1.00,1.30
2014.10.16 12:54:18.292,0.83573,0.83597,1.15,1.30
2014.10.16 12:54:18.809,0.83575,0.83599,1.00,1.45
2014.10.16 12:54:19.112,0.83567,0.83592,1.17,2.25
2014.10.16 12:54:19.414,0.83564,0.83588,1.07,1.05
2014.10.16 12:54:19.465,0.83562,0.83587,1.17,1.07
2014.10.16 12:54:19.869,0.8356,0.83584,1.57,1.37
2014.10.16 12:54:20.373,0.83562,0.83583,1.00,1.45
2014.10.16 12:54:20.625,0.83565,0.83589,1.00,1.15
2014.10.16 12:54:20.676,0.8357,0.83589,1.00,1.15
2014.10.16 12:54:20.727,0.8357,0.83589,1.00,1.15
2014.10.16 12:54:20.928,0.83568,0.83591,1.10,1.12
2014.10.16 12:54:21.130,0.8357,0.83591,1.00,1.12
2014.10.16 12:54:21.231,0.8357,0.83594,1.10,1.12
2014.10.16 12:54:21.936,0.8357,0.83594,1.00,1.82
2014.10.16 12:54:22.793,0.83569,0.83593,1.00,1.15
2014.10.16 12:54:23.296,0.83569,0.83593,1.45,1.15
2014.10.16 12:54:23.550,0.83572,0.83597,1.17,2.25
2014.10.16 12:54:23.701,0.83572,0.83597,1.55,1.07
2014.10.16 12:54:23.903,0.83574,0.83599,1.55,1.17
2014.10.16 12:54:27.144,0.83571,0.83598,2.17,1.15
2014.10.16 12:54:30.660,0.83569,0.83594,1.00,1.15
2014.10.16 12:54:32.056,0.83566,0.8359,1.00,2.32
2014.10.16 12:54:32.157,0.83566,0.83591,1.12,1.50
2014.10.16 12:54:32.415,0.83566,0.8359,1.00,2.32
2014.10.16 12:54:32.466,0.83564,0.83589,1.00,1.27
2014.10.16 12:54:33.020,0.83566,0.8359,1.00,2.70
2014.10.16 12:54:33.222,0.83566,0.83591,1.00,1.87
2014.10.16 12:54:34.003,0.83564,0.83589,1.17,1.27
2014.10.16 12:54:34.563,0.83567,0.83589,1.00,1.15
2014.10.16 12:54:35.393,0.83567,0.83592,1.07,1.77
2014.10.16 12:54:35.544,0.8357,0.83593,1.00,3.22
2014.10.16 12:54:35.796,0.8357,0.83595,1.10,1.15
2014.10.16 12:54:36.528,0.8357,0.83594,1.10,1.45
2014.10.16 12:54:37.051,0.8357,0.83594,1.00,1.45
2014.10.16 12:54:37.489,0.8357,0.83595,1.27,1.10
2014.10.16 12:54:37.540,0.83574,0.83598,1.00,1.87
2014.10.16 12:54:38.479,0.83574,0.83597,1.00,3.67
2014.10.16 12:54:38.731,0.83572,0.83596,1.00,2.32
2014.10.16 12:54:38.883,0.83574,0.83596,1.00,2.32
2014.10.16 12:54:38.934,0.83574,0.83598,1.00,1.07
2014.10.16 12:54:39.034,0.83574,0.83599,1.10,1.87
2014.10.16 12:54:39.782,0.83574,0.83599,1.10,1.15
2014.10.16 12:54:40.409,0.83574,0.83599,1.00,3.07
2014.10.16 12:54:41.229,0.83574,0.83599,1.17,1.15
2014.10.16 12:54:42.721,0.83576,0.83601,1.00,1.27
2014.10.16 12:54:43.056,0.83579,0.83602,1.00,4.05
2014.10.16 12:54:43.107,0.83579,0.83602,1.00,1.87
2014.10.16 12:54:43.550,0.83579,0.83602,1.00,2.02
2014.10.16 12:54:43.651,0.83576,0.836,1.00,1.82
2014.10.16 12:54:43.752,0.83574,0.83597,1.07,1.37
2014.10.16 12:54:43.803,0.83572,0.83597,1.17,1.15
2014.10.16 12:54:44.308,0.83574,0.83599,1.00,1.15
2014.10.16 12:54:44.411,0.83574,0.83598,1.27,1.05
2014.10.16 12:54:49.590,0.83576,0.83601,1.10,3.00
2014.10.16 12:54:49.742,0.83571,0.83596,1.27,1.07
2014.10.16 12:54:49.792,0.83571,0.83596,1.27,1.17
2014.10.16 12:54:50.246,0.83571,0.83594,1.07,1.37
2014.10.16 12:54:50.773,0.83571,0.83594,1.00,1.45
2014.10.16 12:54:53.028,0.83571,0.83596,1.07,2.62
2014.10.16 12:54:53.568,0.83568,0.83594,2.70,1.00
2014.10.16 12:54:54.377,0.83571,0.83594,2.32,1.00
2014.10.16 12:54:54.913,0.83571,0.83596,3.45,1.00
2014.10.16 12:54:55.697,0.83573,0.83598,1.15,1.10
2014.10.16 12:54:55.950,0.83574,0.83598,3.07,1.00
2014.10.16 12:54:56.546,0.83576,0.83601,1.27,1.00
2014.10.16 12:54:57.186,0.83576,0.836,1.15,1.00
2014.10.16 12:54:57.548,0.83579,0.83602,1.10,1.05
2014.10.16 12:54:59.314,0.83574,0.83599,1.15,1.10
2014.10.16 12:54:59.871,0.83574,0.83597,1.15,1.30
2014.10.16 12:55:00.023,0.83572,0.83597,1.15,2.25
2014.10.16 12:55:00.790,0.83574,0.83599,1.15,2.77
2014.10.16 12:55:01.114,0.83574,0.83597,1.15,1.35
2014.10.16 12:55:01.626,0.83572,0.83595,1.15,1.30
2014.10.16 12:55:02.304,0.83572,0.83594,1.27,1.30
2014.10.16 12:55:02.405,0.83574,0.83599,1.15,2.40
2014.10.16 12:55:03.745,0.83574,0.83598,1.15,1.30
2014.10.16 12:55:04.299,0.83574,0.83599,1.52,1.42
2014.10.16 12:55:04.824,0.83575,0.83599,2.70,1.35
2014.10.16 12:55:06.081,0.83577,0.836,1.17,1.05
2014.10.16 12:55:06.132,0.83577,0.836,1.10,1.12
2014.10.16 12:55:06.722,0.83574,0.83597,1.15,1.30
2014.10.16 12:55:06.824,0.83574,0.83597,1.10,1.05
2014.10.16 12:55:08.124,0.83571,0.83596,1.27,1.72
2014.10.16 12:55:08.528,0.83571,0.83596,1.17,1.15
2014.10.16 12:55:09.133,0.83571,0.83593,1.17,1.30
2014.10.16 12:55:09.985,0.83569,0.83594,1.27,1.10
2014.10.16 12:55:10.611,0.8357,0.83594,2.32,1.00
2014.10.16 12:55:10.662,0.83571,0.83596,1.15,2.10
2014.10.16 12:55:11.070,0.8357,0.83594,2.32,1.00
2014.10.16 12:55:11.221,0.83569,0.83594,1.27,1.00
2014.10.16 12:55:11.524,0.83567,0.83594,1.65,1.15
2014.10.16 12:55:13.668,0.83566,0.83591,1.27,1.07
2014.10.16 12:55:14.206,0.83566,0.83591,1.20,1.17
2014.10.16 12:55:14.508,0.83569,0.83594,1.00,3.07
2014.10.16 12:55:14.660,0.83569,0.83594,1.15,1.20
2014.10.16 12:55:14.711,0.83572,0.83596,1.00,2.25
2014.10.16 12:55:20.094,0.83569,0.83594,2.02,1.27
2014.10.16 12:55:20.246,0.83567,0.83592,1.52,1.00
2014.10.16 12:55:21.118,0.83569,0.83594,1.15,1.20
2014.10.16 12:55:22.905,0.83569,0.83594,3.45,1.00
2014.10.16 12:55:23.996,0.83569,0.83594,1.27,1.10
2014.10.16 12:55:24.832,0.83569,0.83592,1.27,1.30
2014.10.16 12:55:24.984,0.83569,0.83592,1.10,1.05
2014.10.16 12:55:25.186,0.83567,0.83592,3.45,1.00
2014.10.16 12:55:25.599,0.83569,0.83594,1.15,1.80
2014.10.16 12:55:25.853,0.83569,0.83592,1.15,1.30
2014.10.16 12:55:25.904,0.83569,0.83592,1.10,1.05
2014.10.16 12:55:26.207,0.83569,0.83594,1.27,1.10
2014.10.16 12:55:26.778,0.8357,0.83594,2.32,1.00
2014.10.16 12:55:29.569,0.83572,0.83595,1.52,1.00
2014.10.16 12:55:29.670,0.83574,0.83599,1.17,2.25
2014.10.16 12:55:29.948,0.83574,0.83599,1.27,1.00
2014.10.16 12:55:30.254,0.83573,0.83596,1.45,1.00
2014.10.16 12:55:30.759,0.83573,0.83598,1.15,1.17
2014.10.16 12:55:31.475,0.83573,0.83598,1.15,1.07
2014.10.16 12:55:31.986,0.83573,0.83598,3.07,2.10
2014.10.16 12:55:32.425,0.83571,0.83596,1.15,1.00
2014.10.16 12:55:32.879,0.83574,0.83599,1.15,1.20
2014.10.16 12:55:32.930,0.83574,0.83599,1.15,1.12
2014.10.16 12:55:33.031,0.83574,0.83599,1.10,1.27
2014.10.16 12:55:33.182,0.83574,0.83598,1.17,1.37
2014.10.16 12:55:33.233,0.83574,0.83599,1.15,1.00
2014.10.16 12:55:33.384,0.83574,0.83599,3.45,1.00
2014.10.16 12:55:33.434,0.83576,0.83603,1.27,1.20
2014.10.16 12:55:34.197,0.83577,0.83603,2.70,1.10
2014.10.16 12:55:34.298,0.8358,0.83605,1.52,1.10
2014.10.16 12:55:36.316,0.83582,0.83608,1.82,1.07
2014.10.16 12:55:36.367,0.83582,0.83608,1.82,1.00
2014.10.16 12:55:36.418,0.83585,0.8361,1.55,1.07
2014.10.16 12:55:36.721,0.83587,0.83612,1.15,1.00
2014.10.16 12:55:38.704,0.83587,0.83612,1.17,1.07
2014.10.16 12:55:38.755,0.83587,0.83612,1.17,1.15
2014.10.16 12:55:40.151,0.83587,0.83612,1.55,1.65
2014.10.16 12:55:42.498,0.83589,0.83614,1.07,1.07
2014.10.16 12:55:42.561,0.83589,0.83614,1.15,1.10
2014.10.16 12:55:43.701,0.83589,0.83614,1.20,1.87
2014.10.16 12:55:43.802,0.83589,0.83614,1.10,1.87
2014.10.16 12:55:44.104,0.83587,0.83611,1.00,1.45
2014.10.16 12:55:46.406,0.83587,0.83612,1.20,1.07
2014.10.16 12:55:46.507,0.83587,0.83612,1.27,1.10
2014.10.16 12:55:47.762,0.83589,0.83612,1.10,1.42
2014.10.16 12:55:51.509,0.83586,0.83611,1.15,1.07
2014.10.16 12:55:51.812,0.83585,0.83609,2.32,1.00
2014.10.16 12:55:52.373,0.83585,0.8361,3.07,1.72
2014.10.16 12:55:53.662,0.83585,0.83609,3.07,1.30
2014.10.16 12:55:53.763,0.83583,0.83608,1.15,1.00
2014.10.16 12:55:55.294,0.83582,0.83607,2.32,1.00
2014.10.16 12:55:55.395,0.8358,0.83607,2.77,1.80
2014.10.16 12:55:55.929,0.83585,0.83607,1.00,1.07
2014.10.16 12:55:56.232,0.83589,0.8361,1.17,1.00
2014.10.16 12:56:03.674,0.8359,0.83613,1.10,1.10
2014.10.16 12:56:03.875,0.83587,0.83611,1.17,1.42
2014.10.16 12:56:03.926,0.83587,0.83611,1.17,1.50
2014.10.16 12:56:03.976,0.83587,0.83611,1.07,1.82
2014.10.16 12:56:04.027,0.83585,0.83609,1.10,1.15
2014.10.16 12:56:04.330,0.83585,0.83606,1.15,1.00
2014.10.16 12:56:04.482,0.83585,0.83612,1.65,1.52
2014.10.16 12:56:04.532,0.83585,0.83612,1.57,3.45
2014.10.16 12:56:04.734,0.83582,0.83605,1.10,1.10
2014.10.16 12:56:05.005,0.83582,0.836,1.10,1.30
2014.10.16 12:56:05.056,0.83579,0.836,1.10,1.30
2014.10.16 12:56:05.207,0.83579,0.83602,1.10,1.05
2014.10.16 12:56:06.667,0.83579,0.83602,1.17,1.05
2014.10.16 12:56:07.202,0.83579,0.83602,1.15,1.30
2014.10.16 12:56:08.971,0.83577,0.83601,2.70,1.00
2014.10.16 12:56:09.022,0.83576,0.83601,1.15,1.20
2014.10.16 12:56:09.072,0.83574,0.83599,3.45,1.10
2014.10.16 12:56:09.123,0.83574,0.83599,1.15,1.17
2014.10.16 12:56:09.224,0.83571,0.83596,4.20,1.00
2014.10.16 12:56:09.862,0.83574,0.83599,1.52,1.17
2014.10.16 12:56:10.064,0.83571,0.83596,3.45,1.00
2014.10.16 12:56:10.367,0.83571,0.83596,1.17,1.80
2014.10.16 12:56:10.737,0.83568,0.83593,3.45,1.00
2014.10.16 12:56:13.969,0.83568,0.83593,3.07,1.20
2014.10.16 12:56:14.070,0.83566,0.83591,1.15,1.10
2014.10.16 12:56:14.373,0.83564,0.83589,3.07,1.00
2014.10.16 12:56:15.270,0.83564,0.83589,3.07,1.07
2014.10.16 12:56:15.371,0.83564,0.83589,1.17,1.15
2014.10.16 12:56:15.885,0.83561,0.83586,1.15,1.00
2014.10.16 12:56:16.137,0.83561,0.83586,1.17,1.15
2014.10.16 12:56:16.714,0.83565,0.83586,1.00,1.15
2014.10.16 12:56:16.865,0.83567,0.83591,1.67,2.40
2014.10.16 12:56:16.966,0.83569,0.83591,1.50,1.00
2014.10.16 12:56:17.168,0.83569,0.83594,1.45,1.00
2014.10.16 12:56:19.419,0.83568,0.83595,2.25,2.17
2014.10.16 12:56:20.210,0.83567,0.83594,2.70,1.00
2014.10.16 12:56:22.630,0.83567,0.83592,2.32,1.00
2014.10.16 12:56:22.681,0.83565,0.83592,2.32,1.20
2014.10.16 12:56:25.388,0.83567,0.83594,3.67,1.07
2014.10.16 12:56:25.489,0.8357,0.83595,1.15,1.42
2014.10.16 12:56:27.343,0.8357,0.83594,1.15,1.30
2014.10.16 12:56:27.597,0.83568,0.83592,2.32,1.00
2014.10.16 12:56:28.394,0.83567,0.83592,1.15,1.27
2014.10.16 12:56:28.923,0.83566,0.8359,2.70,1.00
2014.10.16 12:56:29.024,0.83568,0.83593,1.15,1.00
2014.10.16 12:56:29.427,0.83567,0.8359,2.32,1.00
2014.10.16 12:56:29.679,0.83565,0.8359,1.65,1.00
2014.10.16 12:56:32.724,0.83567,0.83592,1.17,1.17
2014.10.16 12:56:34.441,0.83567,0.83592,1.27,1.07
2014.10.16 12:56:35.083,0.83569,0.83592,1.82,1.00
2014.10.16 12:56:35.184,0.83569,0.83596,1.52,1.75
2014.10.16 12:56:35.336,0.83569,0.83595,1.52,1.42
2014.10.16 12:56:35.437,0.83569,0.83596,1.52,1.00
2014.10.16 12:56:36.173,0.83573,0.83597,1.20,1.20
2014.10.16 12:56:36.704,0.83569,0.83596,2.25,1.00
2014.10.16 12:56:39.325,0.83573,0.83597,1.20,1.20
2014.10.16 12:56:39.867,0.83573,0.83598,1.20,1.52
2014.10.16 12:56:40.467,0.83573,0.83597,1.20,1.27
2014.10.16 12:56:40.719,0.83573,0.83598,1.55,1.07
2014.10.16 12:56:40.820,0.83575,0.836,1.15,1.95
2014.10.16 12:56:41.078,0.83573,0.83598,4.42,1.00
2014.10.16 12:56:41.229,0.83573,0.83598,1.15,1.10
2014.10.16 12:56:42.187,0.83573,0.83597,1.15,1.30
2014.10.16 12:56:42.339,0.83575,0.836,1.17,1.57
2014.10.16 12:56:42.440,0.83576,0.836,1.45,1.50
2014.10.16 12:56:42.839,0.83576,0.836,2.32,1.00
2014.10.16 12:56:43.092,0.83578,0.83603,1.27,1.00
2014.10.16 12:56:45.321,0.83581,0.83605,1.17,2.62
2014.10.16 12:56:45.827,0.83577,0.83604,3.07,2.17
2014.10.16 12:56:46.362,0.83577,0.83602,2.32,1.37
2014.10.16 12:56:46.750,0.83575,0.83601,1.15,1.50
2014.10.16 12:56:47.265,0.83574,0.83599,1.15,1.00
2014.10.16 12:56:48.423,0.83576,0.83601,1.15,1.27
2014.10.16 12:56:48.690,0.83573,0.83596,3.07,1.30
2014.10.16 12:56:48.791,0.83573,0.836,3.07,1.80
2014.10.16 12:56:48.842,0.83573,0.83596,2.32,1.00
2014.10.16 12:56:49.380,0.83574,0.83599,1.15,1.00
2014.10.16 12:56:50.074,0.83574,0.83599,3.45,1.00
2014.10.16 12:56:50.175,0.83577,0.83601,1.15,1.00
2014.10.16 12:56:50.702,0.83577,0.83602,1.27,1.00
2014.10.16 12:56:52.173,0.8358,0.83605,1.17,1.95
2014.10.16 12:56:52.683,0.8358,0.83604,1.15,1.67
2014.10.16 12:56:52.835,0.83577,0.836,1.15,1.12
2014.10.16 12:56:52.936,0.83572,0.83597,1.52,1.00
2014.10.16 12:56:53.289,0.83573,0.83597,2.70,1.00
2014.10.16 12:56:53.339,0.83575,0.836,1.15,1.50
2014.10.16 12:56:53.974,0.83575,0.836,1.17,2.55
2014.10.16 12:56:54.025,0.83575,0.836,1.17,2.62
2014.10.16 12:56:54.558,0.83572,0.83597,1.52,1.00
2014.10.16 12:56:56.862,0.83574,0.83599,1.27,1.17
2014.10.16 12:56:57.014,0.83574,0.83599,1.15,1.07
2014.10.16 12:56:57.564,0.83577,0.836,1.10,1.07
2014.10.16 12:56:59.718,0.83572,0.83598,2.32,1.00
2014.10.16 12:57:00.071,0.83572,0.83595,2.32,1.00
2014.10.16 12:57:02.252,0.83572,0.83598,2.32,1.12
2014.10.16 12:57:02.403,0.83572,0.83595,2.32,1.00
2014.10.16 12:57:02.454,0.83571,0.83595,1.15,1.00
2014.10.16 12:57:02.555,0.83571,0.83593,1.07,1.37
2014.10.16 12:57:02.606,0.83569,0.8359,1.10,1.00
2014.10.16 12:57:04.471,0.83565,0.8359,1.15,1.57
2014.10.16 12:57:04.572,0.83561,0.83586,4.20,1.00
2014.10.16 12:57:04.673,0.83564,0.83588,1.15,1.30
2014.10.16 12:57:05.294,0.83564,0.83587,1.15,1.30
2014.10.16 12:57:06.084,0.83564,0.83589,3.45,2.47
2014.10.16 12:57:06.235,0.83564,0.83587,1.00,1.52
2014.10.16 12:57:06.654,0.83562,0.83586,1.10,1.50
2014.10.16 12:57:06.806,0.83559,0.83584,1.17,1.15
2014.10.16 12:57:06.957,0.83559,0.8358,1.10,1.37
2014.10.16 12:57:07.008,0.83557,0.8358,1.00,1.37
2014.10.16 12:57:07.058,0.83557,0.8358,1.00,1.37
2014.10.16 12:57:07.210,0.83554,0.83579,1.00,1.15
2014.10.16 12:57:07.878,0.83555,0.83577,1.00,1.12
2014.10.16 12:57:08.390,0.83555,0.83576,1.00,1.35
2014.10.16 12:57:09.417,0.83554,0.83577,1.00,1.50
2014.10.16 12:57:09.933,0.83552,0.83576,1.15,1.35
2014.10.16 12:57:09.984,0.8355,0.83575,1.15,1.07
2014.10.16 12:57:10.035,0.8355,0.83575,1.07,1.07
2014.10.16 12:57:10.547,0.83547,0.83572,1.15,1.27
2014.10.16 12:57:11.162,0.8355,0.83572,1.00,1.27
2014.10.16 12:57:12.094,0.8355,0.83574,1.07,1.17
2014.10.16 12:57:12.144,0.8355,0.83574,1.15,1.10
2014.10.16 12:57:13.116,0.83547,0.83573,3.07,1.67
2014.10.16 12:57:13.368,0.83545,0.83573,1.52,2.25
2014.10.16 12:57:13.469,0.83546,0.83573,3.67,1.27
2014.10.16 12:57:13.571,0.83547,0.83575,1.52,2.02
2014.10.16 12:57:13.672,0.8355,0.83577,1.12,1.12
2014.10.16 12:57:13.773,0.8355,0.83578,1.52,1.15
2014.10.16 12:57:15.905,0.83553,0.83575,1.17,1.00
2014.10.16 12:57:16.107,0.83553,0.83578,1.10,3.67
2014.10.16 12:57:16.157,0.83551,0.83578,1.00,3.67
2014.10.16 12:57:16.705,0.83548,0.83577,1.27,2.25
2014.10.16 12:57:17.007,0.83548,0.83576,1.07,2.70
2014.10.16 12:57:17.209,0.83545,0.83575,2.02,1.52
2014.10.16 12:57:18.020,0.83544,0.8357,1.52,1.00
2014.10.16 12:57:18.524,0.83544,0.83575,1.52,1.52
2014.10.16 12:57:19.814,0.83544,0.83573,1.52,2.70
2014.10.16 12:57:19.865,0.83544,0.8357,1.17,1.52
2014.10.16 12:57:20.369,0.83541,0.8357,2.02,1.67
2014.10.16 12:57:20.521,0.83542,0.83571,1.52,1.42
2014.10.16 12:57:21.176,0.83542,0.8357,1.52,1.00
2014.10.16 12:57:21.226,0.83542,0.8357,1.55,1.07
2014.10.16 12:57:21.429,0.83541,0.83571,3.00,1.82
2014.10.16 12:57:21.631,0.83541,0.83568,1.57,1.50
2014.10.16 12:57:21.732,0.83539,0.83568,1.20,1.50
2014.10.16 12:57:22.335,0.83539,0.83569,2.17,1.82
2014.10.16 12:57:22.386,0.83539,0.83569,2.25,1.50
2014.10.16 12:57:23.734,0.83541,0.8357,2.02,1.50
2014.10.16 12:57:24.637,0.83542,0.83571,1.47,1.50
2014.10.16 12:57:24.738,0.83542,0.83571,1.47,1.45
2014.10.16 12:57:24.839,0.83543,0.83573,2.25,1.17
2014.10.16 12:57:25.560,0.83544,0.83573,1.87,1.50
2014.10.16 12:57:25.711,0.83543,0.83572,1.95,1.82
2014.10.16 12:57:27.540,0.83543,0.83573,2.17,1.82
2014.10.16 12:57:28.674,0.83544,0.8357,1.67,1.17
2014.10.16 12:57:29.194,0.83545,0.83574,1.75,2.70
2014.10.16 12:57:29.245,0.83545,0.83575,1.82,3.00
2014.10.16 12:57:30.402,0.83546,0.83575,2.25,1.95
2014.10.16 12:57:30.805,0.83546,0.83576,3.00,3.30
2014.10.16 12:57:30.906,0.8355,0.83579,1.50,1.52
2014.10.16 12:57:31.007,0.8355,0.83579,3.67,1.27
2014.10.16 12:57:31.309,0.83554,0.83582,1.45,1.15
2014.10.16 12:57:31.713,0.83559,0.83585,1.12,1.17
2014.10.16 12:57:33.589,0.83557,0.83585,1.07,3.45
2014.10.16 12:57:33.640,0.83556,0.83584,2.62,2.70
2014.10.16 12:57:37.934,0.83553,0.8358,1.17,1.27
2014.10.16 12:57:41.234,0.83552,0.8358,1.82,1.07
2014.10.16 12:57:41.284,0.83555,0.8358,1.15,1.10
2014.10.16 12:57:44.016,0.83555,0.8358,1.07,1.27
2014.10.16 12:57:44.066,0.83555,0.8358,1.10,1.27
2014.10.16 12:57:44.218,0.83553,0.83578,1.07,1.27
2014.10.16 12:57:44.269,0.83553,0.83577,1.00,1.45
2014.10.16 12:57:44.370,0.8355,0.83575,1.17,1.17
2014.10.16 12:57:44.421,0.8355,0.83575,1.07,1.15
2014.10.16 12:57:44.929,0.8355,0.83575,1.00,3.45
2014.10.16 12:57:46.107,0.83553,0.83577,1.00,1.50
2014.10.16 12:57:46.460,0.8355,0.83575,1.20,1.15
2014.10.16 12:57:47.982,0.8355,0.83575,1.57,1.15
2014.10.16 12:57:48.133,0.8355,0.83575,1.17,1.07
2014.10.16 12:57:48.234,0.83553,0.83577,1.17,1.17
2014.10.16 12:57:49.043,0.83553,0.83577,1.00,3.67
2014.10.16 12:57:49.093,0.83548,0.83573,1.27,1.17
2014.10.16 12:57:49.598,0.83546,0.83571,1.15,1.00
2014.10.16 12:57:52.555,0.83549,0.83571,2.70,1.00
2014.10.16 12:57:52.606,0.83554,0.83577,1.10,1.17
2014.10.16 12:57:52.657,0.83554,0.83577,1.00,1.52
2014.10.16 12:57:52.708,0.83551,0.83576,1.10,1.27
2014.10.16 12:57:53.212,0.83548,0.83573,1.15,1.47
2014.10.16 12:57:53.263,0.83548,0.8357,1.15,1.00
2014.10.16 12:57:53.364,0.83546,0.8357,1.07,1.07
2014.10.16 12:57:53.773,0.83546,0.8357,1.52,1.00
2014.10.16 12:57:53.975,0.83551,0.83576,1.15,1.17
2014.10.16 12:57:54.026,0.83553,0.83576,1.12,1.07
2014.10.16 12:57:54.228,0.83561,0.83585,1.17,1.17
2014.10.16 12:57:57.735,0.83561,0.83585,1.15,1.07
2014.10.16 12:57:58.088,0.83561,0.83586,3.07,2.85
2014.10.16 12:57:58.597,0.83561,0.83585,3.07,1.00
2014.10.16 12:57:59.222,0.83564,0.83588,1.15,1.42
2014.10.16 12:57:59.323,0.83564,0.83589,1.15,2.85
2014.10.16 12:57:59.839,0.83564,0.83589,1.15,1.37
2014.10.16 12:58:01.384,0.83564,0.83589,1.15,2.10
2014.10.16 12:58:01.949,0.83564,0.83589,1.17,2.17
2014.10.16 12:58:02.000,0.83564,0.83589,1.17,2.25
2014.10.16 12:58:02.206,0.83561,0.83585,1.17,1.17
2014.10.16 12:58:02.357,0.83561,0.83585,1.07,2.25
2014.10.16 12:58:02.408,0.83556,0.83583,1.65,1.55
2014.10.16 12:58:02.560,0.83556,0.8358,1.07,1.45
2014.10.16 12:58:02.610,0.83555,0.8358,1.17,3.00
2014.10.16 12:58:02.661,0.83555,0.8358,1.07,3.00
2014.10.16 12:58:02.712,0.83553,0.83576,1.10,1.17
2014.10.16 12:58:04.172,0.8355,0.83575,1.15,1.95
2014.10.16 12:58:04.719,0.8355,0.83575,1.15,2.92
2014.10.16 12:58:04.921,0.8355,0.83575,1.10,3.00
2014.10.16 12:58:05.883,0.8355,0.83575,1.17,1.95
2014.10.16 12:58:05.934,0.8355,0.83575,1.15,1.95
2014.10.16 12:58:06.961,0.8355,0.83575,1.15,1.95
2014.10.16 12:58:07.702,0.8355,0.83575,1.15,1.95
2014.10.16 12:58:07.753,0.83548,0.8357,3.37,1.00
2014.10.16 12:58:07.854,0.83548,0.8357,1.10,1.10
2014.10.16 12:58:08.056,0.83544,0.83569,1.07,1.07
2014.10.16 12:58:08.157,0.83542,0.83567,1.65,1.10
2014.10.16 12:58:10.177,0.83542,0.83567,1.52,1.10
2014.10.16 12:58:10.378,0.83545,0.83569,1.50,1.10
2014.10.16 12:58:10.686,0.83548,0.83572,2.70,1.00
2014.10.16 12:58:10.787,0.8355,0.83575,1.27,1.00
2014.10.16 12:58:14.312,0.8355,0.83575,1.17,1.52
2014.10.16 12:58:14.413,0.83548,0.83573,1.15,1.47
2014.10.16 12:58:14.514,0.83545,0.8357,1.65,1.95
2014.10.16 12:58:15.121,0.83548,0.83573,1.27,1.10
2014.10.16 12:58:15.222,0.83548,0.83573,1.27,1.00
2014.10.16 12:58:15.424,0.83548,0.83573,1.15,1.20
2014.10.16 12:58:16.132,0.83548,0.83573,1.15,1.47
2014.10.16 12:58:16.236,0.83548,0.83573,1.10,1.52
2014.10.16 12:58:16.822,0.83548,0.8357,1.00,1.52
2014.10.16 12:58:16.923,0.83546,0.8357,1.00,1.50
2014.10.16 12:58:17.445,0.83546,0.8357,1.00,3.00
2014.10.16 12:58:17.737,0.83546,0.8357,1.00,5.17
2014.10.16 12:58:17.788,0.83543,0.83568,1.00,1.52
2014.10.16 12:58:20.437,0.83543,0.83568,1.17,1.07
2014.10.16 12:58:20.855,0.83548,0.83573,1.10,2.02
2014.10.16 12:58:20.956,0.8355,0.83573,1.10,1.10
2014.10.16 12:58:21.057,0.8355,0.83575,1.27,1.10
2014.10.16 12:58:22.657,0.8355,0.83575,1.00,1.65
2014.10.16 12:58:22.758,0.83553,0.83575,1.00,1.15
2014.10.16 12:58:24.712,0.83548,0.83565,1.07,1.00
2014.10.16 12:58:24.917,0.83548,0.8357,1.00,1.15
2014.10.16 12:58:25.500,0.83548,0.83565,1.00,1.00
2014.10.16 12:58:25.803,0.83548,0.83571,1.00,1.52
2014.10.16 12:58:26.230,0.83548,0.83565,1.00,1.00
2014.10.16 12:58:26.810,0.83548,0.8357,1.00,1.27
2014.10.16 12:58:28.292,0.83548,0.8357,1.00,4.42
2014.10.16 12:58:28.866,0.83545,0.8357,1.00,5.17
2014.10.16 12:58:29.132,0.83543,0.83565,1.00,1.20
2014.10.16 12:58:29.234,0.8354,0.83565,1.00,2.02
2014.10.16 12:58:30.523,0.8354,0.8356,1.00,1.00
2014.10.16 12:58:30.876,0.83538,0.83563,1.10,1.15
2014.10.16 12:58:31.867,0.83533,0.83558,3.07,1.10
2014.10.16 12:58:31.918,0.83533,0.83558,1.15,1.20
2014.10.16 12:58:32.942,0.83536,0.83561,1.00,1.27
2014.10.16 12:58:34.894,0.83537,0.83561,1.35,1.15
2014.10.16 12:58:35.419,0.83536,0.8356,1.00,1.15
2014.10.16 12:58:35.722,0.83534,0.83559,1.00,1.15
2014.10.16 12:58:35.924,0.83531,0.83556,1.17,1.17
2014.10.16 12:58:36.025,0.83531,0.83555,1.00,1.15
2014.10.16 12:58:36.075,0.83529,0.83554,1.00,1.87
2014.10.16 12:58:36.126,0.83529,0.83554,1.00,4.05
2014.10.16 12:58:36.348,0.83527,0.83552,1.10,1.15
2014.10.16 12:58:36.915,0.83525,0.83553,1.15,1.17
2014.10.16 12:58:39.067,0.83525,0.83554,1.15,3.00
2014.10.16 12:58:39.118,0.83525,0.83553,1.17,2.70
2014.10.16 12:58:43.835,0.83525,0.83552,1.27,1.27
2014.10.16 12:58:43.937,0.83525,0.83552,1.87,1.27
2014.10.16 12:58:44.239,0.83525,0.83554,2.25,3.00
2014.10.16 12:58:44.779,0.83522,0.8355,1.45,1.15
2014.10.16 12:58:44.830,0.83522,0.83545,1.45,1.00
2014.10.16 12:58:45.083,0.83524,0.8355,1.45,1.10
2014.10.16 12:58:48.383,0.83527,0.83555,3.67,1.27
2014.10.16 12:58:50.902,0.83527,0.8355,4.42,1.00
2014.10.16 12:58:50.980,0.83527,0.83555,4.42,1.27
2014.10.16 12:58:51.210,0.83527,0.8355,4.42,1.00
2014.10.16 12:58:51.565,0.83529,0.8355,3.45,1.00
2014.10.16 12:58:51.930,0.83529,0.8355,1.27,1.00
2014.10.16 12:58:52.334,0.83527,0.83555,4.42,1.27
2014.10.16 12:58:52.776,0.83529,0.8355,1.52,1.00
2014.10.16 12:58:52.877,0.83529,0.83555,1.52,1.17
2014.10.16 12:58:53.778,0.83527,0.83555,1.87,1.52
2014.10.16 12:58:54.283,0.83527,0.83555,3.45,1.10
2014.10.16 12:58:55.859,0.83529,0.83555,1.87,1.47
2014.10.16 12:58:57.157,0.83529,0.83555,1.27,1.10
2014.10.16 12:58:59.814,0.83529,0.83555,1.15,1.47
2014.10.16 12:59:00.591,0.83527,0.83555,1.12,4.20
2014.10.16 12:59:00.893,0.83526,0.8355,2.70,1.00
2014.10.16 12:59:04.664,0.83526,0.83555,2.70,2.25
2014.10.16 12:59:05.439,0.83526,0.8355,2.70,1.00
2014.10.16 12:59:06.531,0.83526,0.83555,2.70,2.25
2014.10.16 12:59:07.410,0.83525,0.83555,1.52,4.42
2014.10.16 12:59:09.127,0.83524,0.83554,1.52,1.52
2014.10.16 12:59:09.531,0.83527,0.83555,2.25,1.27
2014.10.16 12:59:23.021,0.83528,0.83552,1.27,1.00
2014.10.16 12:59:23.172,0.83531,0.83556,1.15,1.10
2014.10.16 12:59:23.223,0.83529,0.83554,1.52,1.00
2014.10.16 12:59:23.546,0.83531,0.83556,1.10,1.27
2014.10.16 12:59:24.431,0.83529,0.83554,1.00,1.15
2014.10.16 12:59:24.935,0.83527,0.83552,1.55,1.17
2014.10.16 12:59:25.238,0.83527,0.83552,3.45,1.00
2014.10.16 12:59:28.567,0.83529,0.83552,1.30,1.17
2014.10.16 12:59:29.128,0.83527,0.83552,1.87,1.17
2014.10.16 12:59:29.683,0.8353,0.83552,1.30,1.27
2014.10.16 12:59:30.325,0.83532,0.83552,1.30,1.17
2014.10.16 12:59:30.428,0.8353,0.83555,1.72,1.27
2014.10.16 12:59:31.557,0.83528,0.83553,1.10,1.52
2014.10.16 12:59:31.861,0.83529,0.83551,1.30,1.15
2014.10.16 12:59:31.912,0.83529,0.83551,1.30,1.17
2014.10.16 12:59:32.416,0.8353,0.83554,1.30,1.27
2014.10.16 12:59:33.072,0.83531,0.83554,1.30,1.27
2014.10.16 12:59:34.182,0.83531,0.83556,1.80,1.52
2014.10.16 12:59:36.402,0.83531,0.83556,1.15,1.10
2014.10.16 12:59:36.554,0.83529,0.83553,1.12,1.20
2014.10.16 12:59:36.605,0.83532,0.83553,1.05,1.00
2014.10.16 12:59:36.908,0.83538,0.83556,1.30,1.00
2014.10.16 12:59:37.415,0.83537,0.83555,1.30,1.00
2014.10.16 12:59:38.140,0.83535,0.83555,1.05,1.00
2014.10.16 12:59:39.224,0.83536,0.83554,1.30,1.00
2014.10.16 12:59:39.741,0.83535,0.83554,1.05,1.00
2014.10.16 12:59:41.317,0.83536,0.83554,1.30,1.00
2014.10.16 12:59:41.519,0.83536,0.83556,1.37,1.00
2014.10.16 12:59:41.620,0.83537,0.83558,1.05,1.00
2014.10.16 12:59:41.771,0.83539,0.83558,1.30,1.60
2014.10.16 12:59:41.923,0.83533,0.83556,1.17,1.30
2014.10.16 12:59:41.973,0.83531,0.83553,1.00,1.15
2014.10.16 12:59:42.484,0.83534,0.83553,1.30,1.00
2014.10.16 12:59:42.535,0.83532,0.83553,1.05,1.00
2014.10.16 12:59:42.586,0.83532,0.8355,1.05,1.00
2014.10.16 12:59:42.687,0.83531,0.83553,1.12,1.00
2014.10.16 12:59:42.917,0.8353,0.8355,1.45,1.00
2014.10.16 12:59:43.119,0.8353,0.83553,1.45,1.00
2014.10.16 12:59:43.381,0.83531,0.83553,1.12,1.37
2014.10.16 12:59:43.483,0.83528,0.83548,1.05,1.00
2014.10.16 12:59:43.635,0.83528,0.83548,1.05,1.42
2014.10.16 12:59:43.787,0.83519,0.8354,1.87,1.00
2014.10.16 12:59:43.888,0.83519,0.8354,1.30,1.65
2014.10.16 12:59:44.410,0.83518,0.8354,1.30,1.65
2014.10.16 12:59:45.101,0.83519,0.8354,1.30,1.65
2014.10.16 12:59:45.203,0.83523,0.8354,1.30,1.17
2014.10.16 12:59:45.254,0.83523,0.83542,1.30,1.00
2014.10.16 12:59:45.305,0.83521,0.83542,1.05,1.00
2014.10.16 12:59:45.407,0.83523,0.83542,1.30,1.00
2014.10.16 12:59:45.710,0.83523,0.8354,1.30,1.00
2014.10.16 12:59:46.013,0.83523,0.83535,1.30,1.00
2014.10.16 12:59:46.063,0.83516,0.83535,3.07,1.00
2014.10.16 12:59:46.114,0.83515,0.83535,1.87,1.00
2014.10.16 12:59:46.215,0.83515,0.83531,1.00,1.00
2014.10.16 12:59:46.316,0.83513,0.83536,1.30,2.02
2014.10.16 12:59:46.821,0.83514,0.83536,1.30,1.65
2014.10.16 12:59:47.190,0.83515,0.83536,1.05,1.00
2014.10.16 12:59:48.940,0.83517,0.83536,1.30,1.00
2014.10.16 12:59:49.091,0.83517,0.83538,1.30,1.10
2014.10.16 12:59:49.293,0.83519,0.83538,1.30,1.10
2014.10.16 12:59:49.445,0.8352,0.83541,1.30,1.10
2014.10.16 12:59:50.137,0.83516,0.83541,1.87,1.20
2014.10.16 12:59:50.187,0.83516,0.83538,1.37,1.00
2014.10.16 12:59:50.238,0.83516,0.83538,1.05,1.20
2014.10.16 12:59:50.491,0.8352,0.8354,1.30,1.65
2014.10.16 12:59:51.046,0.8352,0.83541,1.30,1.00
2014.10.16 12:59:51.147,0.83522,0.83541,1.30,1.00
2014.10.16 12:59:51.702,0.8352,0.83543,1.30,1.55
2014.10.16 12:59:51.804,0.83519,0.8354,1.30,1.15
2014.10.16 12:59:52.769,0.8352,0.8354,1.30,1.15
2014.10.16 12:59:53.319,0.8352,0.8354,1.30,1.10
2014.10.16 12:59:53.933,0.83521,0.8354,1.30,1.10
2014.10.16 12:59:54.472,0.8352,0.8354,1.30,1.10
2014.10.16 12:59:54.883,0.83515,0.8354,1.15,1.95
2014.10.16 12:59:54.934,0.83515,0.8354,1.17,1.95
2014.10.16 12:59:55.238,0.83515,0.83535,1.05,1.07
2014.10.16 12:59:55.288,0.83515,0.83535,1.05,1.00
2014.10.16 12:59:55.793,0.83514,0.83536,1.30,1.17
2014.10.16 12:59:56.328,0.83515,0.83536,1.30,1.17
2014.10.16 12:59:56.892,0.83514,0.83539,1.30,1.15
2014.10.16 12:59:57.044,0.83512,0.83535,1.05,1.57
2014.10.16 12:59:57.355,0.83511,0.83533,1.12,1.00
2014.10.16 12:59:58.435,0.83511,0.83533,1.12,1.00
2014.10.16 12:59:58.892,0.83511,0.83536,1.17,1.07
2014.10.16 12:59:58.993,0.83509,0.83533,1.15,1.00
