2011.06.27 19:00:00.647,0.65143,0.65174,1.13,1.73
2011.06.27 19:00:01.657,0.6514,0.65172,2.85,1.13
2011.06.27 19:00:05.706,0.65141,0.65174,1.35,2.10
2011.06.27 19:00:05.928,0.65147,0.65178,2.25,1.50
2011.06.27 19:00:06.477,0.65147,0.6518,2.25,2.10
2011.06.27 19:00:09.688,0.65153,0.65179,1.50,1.50
2011.06.27 19:00:10.019,0.65153,0.65176,1.50,1.88
2011.06.27 19:00:10.128,0.65148,0.65176,1.50,1.88
2011.06.27 19:00:10.729,0.65149,0.65178,1.50,1.88
2011.06.27 19:00:11.472,0.65148,0.65178,1.50,1.88
2011.06.27 19:00:12.257,0.65149,0.65178,1.50,1.88
2011.06.27 19:00:13.779,0.65148,0.65177,1.50,1.88
2011.06.27 19:00:14.356,0.65148,0.65179,1.88,2.25
2011.06.27 19:00:14.895,0.65149,0.65179,1.50,2.25
2011.06.27 19:00:16.911,0.65149,0.65179,1.50,1.88
2011.06.27 19:00:17.019,0.65146,0.6518,1.50,2.48
2011.06.27 19:00:19.499,0.65146,0.6518,1.50,2.10
2011.06.27 19:00:19.609,0.65148,0.65182,1.50,1.73
2011.06.27 19:00:19.939,0.65149,0.65181,1.50,2.48
2011.06.27 19:00:20.049,0.65145,0.65181,1.50,3.98
2011.06.27 19:00:23.139,0.65144,0.65176,1.50,1.50
2011.06.27 19:00:23.698,0.65144,0.65179,1.50,1.88
2011.06.27 19:00:24.914,0.65143,0.65179,3.00,1.88
2011.06.27 19:00:25.600,0.65144,0.65176,1.50,1.50
2011.06.27 19:00:26.548,0.65144,0.65174,1.50,1.50
2011.06.27 19:00:26.769,0.65143,0.65179,3.00,1.50
2011.06.27 19:00:28.139,0.65144,0.65179,1.50,1.50
2011.06.27 19:00:28.708,0.65143,0.65179,3.00,1.50
2011.06.27 19:00:29.258,0.65143,0.65174,1.50,1.50
2011.06.27 19:00:29.368,0.6514,0.65174,2.48,1.50
2011.06.27 19:00:29.698,0.65142,0.65176,1.50,1.50
2011.06.27 19:00:29.918,0.65144,0.65177,1.50,1.50
2011.06.27 19:00:30.248,0.65141,0.65175,1.88,1.50
2011.06.27 19:00:34.148,0.65141,0.65175,1.88,1.50
2011.06.27 19:00:42.238,0.65143,0.65177,1.88,1.50
2011.06.27 19:00:42.719,0.65141,0.65175,1.88,1.50
2011.06.27 19:00:50.300,0.65141,0.65175,1.50,1.50
2011.06.27 19:00:50.629,0.65136,0.65172,1.88,1.50
2011.06.27 19:00:51.477,0.65136,0.65171,1.88,1.50
2011.06.27 19:00:52.409,0.65134,0.6517,2.63,1.50
2011.06.27 19:00:53.759,0.65134,0.6517,1.88,1.50
2011.06.27 19:00:54.241,0.65134,0.65169,1.88,1.50
2011.06.27 19:00:54.350,0.65133,0.65167,1.88,1.50
2011.06.27 19:00:55.939,0.65134,0.6517,1.88,1.50
2011.06.27 19:00:56.910,0.65133,0.65168,1.88,1.50
2011.06.27 19:00:57.579,0.65135,0.65169,1.50,1.50
2011.06.27 19:01:01.394,0.65135,0.65166,1.50,1.50
2011.06.27 19:01:01.949,0.65135,0.65167,1.50,1.50
2011.06.27 19:01:04.033,0.65135,0.65166,1.50,1.50
2011.06.27 19:01:04.910,0.65132,0.65167,1.88,1.50
2011.06.27 19:01:06.228,0.65132,0.65168,1.88,1.50
2011.06.27 19:01:11.688,0.65132,0.65168,1.88,1.50
2011.06.27 19:01:11.910,0.65132,0.65168,1.88,1.50
2011.06.27 19:01:12.460,0.65135,0.65169,1.50,1.50
2011.06.27 19:01:13.087,0.65133,0.65167,1.88,1.50
2011.06.27 19:01:16.499,0.65135,0.65169,1.50,1.50
2011.06.27 19:01:17.269,0.65133,0.65168,1.88,1.50
2011.06.27 19:01:19.773,0.65132,0.65166,1.88,1.50
2011.06.27 19:01:20.480,0.65132,0.65166,1.88,1.50
2011.06.27 19:01:20.918,0.65135,0.65166,1.50,1.50
2011.06.27 19:01:21.249,0.65132,0.65167,1.88,1.50
2011.06.27 19:01:21.789,0.65132,0.65168,1.88,1.50
2011.06.27 19:01:22.340,0.65135,0.65169,1.50,1.50
2011.06.27 19:01:22.999,0.65131,0.65167,1.88,1.50
2011.06.27 19:01:23.548,0.65131,0.65167,1.88,1.50
2011.06.27 19:01:24.559,0.65131,0.65166,1.88,1.50
2011.06.27 19:01:24.669,0.65129,0.65165,1.88,1.50
2011.06.27 19:01:25.249,0.65129,0.65165,1.88,1.50
2011.06.27 19:01:26.758,0.65132,0.65166,1.88,1.50
2011.06.27 19:01:41.048,0.6513,0.65164,3.38,1.50
2011.06.27 19:01:45.601,0.65131,0.65167,1.88,3.00
2011.06.27 19:01:51.658,0.65129,0.65165,3.38,1.50
2011.06.27 19:01:56.778,0.65131,0.65167,1.88,3.00
2011.06.27 19:01:58.001,0.65131,0.65166,1.88,1.50
2011.06.27 19:02:07.258,0.65131,0.65167,1.88,3.00
2011.06.27 19:02:12.358,0.65134,0.65168,1.88,1.50
2011.06.27 19:02:12.579,0.65131,0.65167,1.88,1.50
2011.06.27 19:02:13.479,0.65131,0.65167,1.88,1.50
2011.06.27 19:02:13.698,0.65129,0.65165,1.88,1.50
2011.06.27 19:02:16.680,0.65128,0.65162,4.13,1.50
2011.06.27 19:02:17.487,0.65128,0.65162,4.13,1.50
2011.06.27 19:02:17.598,0.65129,0.65165,1.88,1.50
2011.06.27 19:02:34.979,0.65128,0.65162,4.13,1.50
2011.06.27 19:02:35.529,0.65129,0.65165,1.88,1.50
2011.06.27 19:02:36.698,0.65129,0.65165,1.88,1.50
2011.06.27 19:02:59.596,0.65129,0.65165,1.50,1.50
2011.06.27 19:03:29.171,0.65128,0.65162,5.25,1.50
2011.06.27 19:03:31.631,0.6513,0.65164,1.50,3.00
2011.06.27 19:03:33.389,0.65132,0.65166,1.50,1.50
2011.06.27 19:03:36.102,0.6513,0.65164,1.50,1.50
2011.06.27 19:03:36.679,0.6513,0.65163,1.50,2.25
2011.06.27 19:03:37.009,0.65132,0.65163,1.50,2.25
2011.06.27 19:03:38.869,0.65132,0.65162,1.50,2.25
2011.06.27 19:03:39.599,0.6513,0.65162,1.50,2.25
2011.06.27 19:03:46.579,0.65128,0.65162,1.50,2.25
2011.06.27 19:03:48.839,0.6513,0.65162,1.50,2.25
2011.06.27 19:04:03.350,0.65135,0.65162,1.50,2.25
2011.06.27 19:04:03.573,0.65135,0.65169,1.50,2.85
2011.06.27 19:04:03.681,0.65132,0.65162,1.50,2.25
2011.06.27 19:04:03.900,0.65132,0.65168,1.50,2.10
2011.06.27 19:04:04.231,0.65132,0.65162,1.50,2.25
2011.06.27 19:04:04.561,0.65134,0.65162,1.50,2.25
2011.06.27 19:04:06.479,0.65133,0.65162,1.50,2.25
2011.06.27 19:04:13.200,0.65131,0.65162,1.50,2.25
2011.06.27 19:04:18.089,0.65131,0.65163,1.50,2.25
2011.06.27 19:04:25.750,0.65131,0.65162,1.50,2.25
2011.06.27 19:04:40.269,0.65132,0.65162,1.50,2.25
2011.06.27 19:04:41.679,0.65131,0.65162,1.50,2.25
2011.06.27 19:04:42.718,0.6513,0.65162,1.50,2.25
2011.06.27 19:04:49.060,0.65133,0.65162,1.50,2.25
2011.06.27 19:05:03.798,0.65131,0.65162,1.50,2.25
2011.06.27 19:05:11.968,0.65132,0.65162,1.50,2.25
2011.06.27 19:05:40.650,0.65131,0.65162,1.50,2.25
2011.06.27 19:05:41.090,0.65128,0.65162,5.25,3.75
2011.06.27 19:05:43.153,0.65129,0.65162,1.50,2.25
2011.06.27 19:05:50.089,0.65131,0.65162,1.50,2.25
2011.06.27 19:05:52.620,0.65134,0.65162,1.50,2.25
2011.06.27 19:06:01.249,0.65131,0.65162,1.50,2.25
2011.06.27 19:06:34.388,0.65131,0.65163,1.50,2.25
2011.06.27 19:06:57.931,0.65134,0.65163,1.50,2.25
2011.06.27 19:07:29.509,0.65136,0.65163,1.50,2.25
2011.06.27 19:07:29.729,0.65138,0.65171,1.50,2.25
2011.06.27 19:07:29.839,0.6514,0.65171,1.50,2.25
2011.06.27 19:07:29.949,0.6514,0.65171,1.50,2.25
2011.06.27 19:07:30.059,0.65138,0.65172,3.00,2.25
2011.06.27 19:07:30.170,0.65138,0.65172,1.88,1.50
2011.06.27 19:07:30.279,0.6514,0.65174,1.88,1.50
2011.06.27 19:07:31.069,0.65141,0.65176,1.88,1.50
2011.06.27 19:07:33.269,0.65141,0.65177,1.88,3.60
2011.06.27 19:07:35.579,0.65141,0.65176,1.88,1.50
2011.06.27 19:07:36.129,0.65141,0.65177,1.88,3.60
2011.06.27 19:07:37.746,0.65141,0.65176,1.88,1.50
2011.06.27 19:07:49.140,0.65141,0.65177,1.88,3.60
2011.06.27 19:07:49.688,0.65141,0.65176,1.88,1.50
2011.06.27 19:07:51.029,0.65147,0.65176,3.00,1.50
2011.06.27 19:07:51.469,0.65148,0.65178,1.50,1.50
2011.06.27 19:08:09.551,0.65148,0.65175,1.13,1.50
2011.06.27 19:08:09.991,0.65144,0.65174,2.25,1.50
2011.06.27 19:08:11.079,0.65144,0.65172,1.50,1.50
2011.06.27 19:08:15.452,0.65148,0.65175,1.50,1.50
2011.06.27 19:08:15.999,0.65148,0.65176,1.50,2.10
2011.06.27 19:08:17.090,0.65149,0.65176,1.50,2.10
2011.06.27 19:08:26.818,0.65149,0.65175,1.50,1.50
2011.06.27 19:08:28.758,0.65148,0.65175,1.50,1.50
2011.06.27 19:08:29.339,0.65148,0.65177,1.50,2.10
2011.06.27 19:08:30.380,0.65149,0.65177,1.50,1.50
2011.06.27 19:08:40.119,0.65149,0.65177,1.13,1.88
2011.06.27 19:08:40.368,0.65143,0.65174,1.50,1.50
2011.06.27 19:08:41.419,0.65143,0.65174,1.50,1.50
2011.06.27 19:08:43.649,0.6514,0.65174,1.13,2.25
2011.06.27 19:08:43.870,0.65133,0.65167,3.00,2.48
2011.06.27 19:08:47.540,0.65143,0.65172,1.50,2.10
2011.06.27 19:08:50.070,0.65143,0.65172,1.50,2.10
2011.06.27 19:08:50.290,0.65138,0.65172,3.00,2.10
2011.06.27 19:08:50.729,0.65136,0.65172,1.88,2.85
2011.06.27 19:08:55.140,0.65128,0.65162,3.75,2.63
2011.06.27 19:08:55.469,0.65125,0.6516,1.35,3.98
2011.06.27 19:08:55.800,0.65125,0.65157,1.35,2.10
2011.06.27 19:08:56.131,0.65124,0.65153,2.25,2.25
2011.06.27 19:08:56.239,0.65124,0.65153,1.50,2.25
2011.06.27 19:08:58.240,0.65127,0.65153,1.50,2.25
2011.06.27 19:08:58.350,0.65127,0.65161,1.50,3.75
2011.06.27 19:08:58.459,0.65134,0.65161,1.50,2.25
2011.06.27 19:08:58.859,0.65132,0.65162,1.50,2.25
2011.06.27 19:09:01.679,0.65132,0.65162,1.50,1.50
2011.06.27 19:09:02.199,0.65131,0.65161,1.50,1.50
2011.06.27 19:09:02.420,0.65128,0.65161,1.50,1.50
2011.06.27 19:09:02.929,0.65128,0.65162,1.50,1.50
2011.06.27 19:09:04.179,0.65128,0.65161,1.50,1.50
2011.06.27 19:09:05.062,0.65128,0.65162,1.50,1.50
2011.06.27 19:09:05.949,0.65128,0.65161,1.50,1.50
2011.06.27 19:09:06.849,0.65128,0.65162,1.50,1.50
2011.06.27 19:09:08.878,0.65128,0.65161,1.50,1.50
2011.06.27 19:09:09.679,0.65128,0.65161,1.50,2.25
2011.06.27 19:09:10.736,0.65128,0.65162,1.50,2.25
2011.06.27 19:09:11.659,0.65128,0.65162,1.50,2.25
2011.06.27 19:09:12.349,0.65128,0.65161,1.50,1.50
2011.06.27 19:09:14.026,0.65128,0.65161,1.50,2.25
2011.06.27 19:09:15.989,0.65127,0.65161,1.50,3.75
2011.06.27 19:09:17.129,0.65127,0.65161,1.50,1.50
2011.06.27 19:09:23.129,0.65127,0.65156,1.50,1.50
2011.06.27 19:09:23.459,0.65127,0.65157,1.50,2.25
2011.06.27 19:09:23.735,0.65127,0.65157,1.50,1.50
2011.06.27 19:09:26.392,0.65125,0.65157,1.50,1.50
2011.06.27 19:09:26.722,0.65121,0.65156,1.50,1.88
2011.06.27 19:09:26.831,0.65121,0.65151,1.50,1.50
2011.06.27 19:09:27.161,0.65118,0.65149,3.00,1.50
2011.06.27 19:09:27.380,0.65115,0.65149,1.50,1.50
2011.06.27 19:09:37.119,0.65117,0.65151,1.50,1.50
2011.06.27 19:09:37.540,0.65118,0.65151,1.50,1.88
2011.06.27 19:09:39.490,0.65119,0.65153,1.13,2.25
2011.06.27 19:09:39.709,0.6512,0.65156,1.88,1.50
2011.06.27 19:09:40.361,0.6512,0.65156,1.50,2.25
2011.06.27 19:09:40.579,0.65118,0.65147,2.25,6.23
2011.06.27 19:09:40.689,0.65111,0.65142,2.25,2.25
2011.06.27 19:09:40.799,0.65117,0.65147,3.60,2.63
2011.06.27 19:09:40.909,0.65118,0.65151,1.13,1.50
2011.06.27 19:09:41.129,0.65119,0.65152,1.50,2.48
2011.06.27 19:09:44.152,0.65118,0.65151,3.00,2.25
2011.06.27 19:09:44.698,0.65109,0.65142,3.60,2.63
2011.06.27 19:09:46.898,0.65109,0.65142,2.85,2.63
2011.06.27 19:09:47.378,0.65109,0.65142,3.23,2.25
2011.06.27 19:09:47.691,0.65116,0.6515,1.50,2.48
2011.06.27 19:09:48.335,0.65115,0.65148,1.50,2.48
2011.06.27 19:09:49.980,0.65115,0.65149,1.50,1.50
2011.06.27 19:09:56.082,0.65115,0.65147,1.50,1.50
2011.06.27 19:09:56.191,0.6511,0.65143,1.50,2.25
2011.06.27 19:09:56.409,0.65108,0.65143,1.50,3.00
2011.06.27 19:10:00.858,0.65108,0.65142,3.75,2.25
2011.06.27 19:10:01.909,0.65111,0.65142,1.50,2.25
2011.06.27 19:10:02.239,0.65113,0.65147,1.50,2.10
2011.06.27 19:10:10.851,0.65115,0.65148,1.50,1.35
2011.06.27 19:10:12.399,0.65115,0.65146,1.50,1.50
2011.06.27 19:10:12.806,0.65112,0.65141,1.50,1.50
2011.06.27 19:10:13.360,0.65112,0.65142,1.50,1.50
2011.06.27 19:10:14.237,0.65112,0.65141,1.50,1.50
2011.06.27 19:10:14.889,0.65112,0.65142,1.50,1.50
2011.06.27 19:10:17.429,0.65112,0.65141,1.50,1.50
2011.06.27 19:10:18.737,0.65112,0.65142,1.50,1.50
2011.06.27 19:10:19.467,0.65112,0.65141,1.50,1.50
2011.06.27 19:10:22.004,0.65112,0.65142,1.50,1.50
2011.06.27 19:10:24.233,0.65112,0.65141,1.50,1.50
2011.06.27 19:10:27.401,0.65112,0.65146,1.88,1.50
2011.06.27 19:10:27.510,0.65114,0.65147,1.50,2.10
2011.06.27 19:10:28.241,0.65114,0.65146,1.50,1.50
2011.06.27 19:10:28.568,0.65111,0.65142,1.50,1.50
2011.06.27 19:10:29.969,0.65111,0.65145,1.50,1.50
2011.06.27 19:10:30.519,0.65112,0.65148,1.50,2.10
2011.06.27 19:10:35.251,0.65117,0.65148,1.35,1.50
2011.06.27 19:10:35.360,0.65118,0.65151,1.50,2.25
2011.06.27 19:10:36.127,0.65119,0.65151,1.50,1.50
2011.06.27 19:10:41.783,0.65121,0.65153,2.85,2.25
2011.06.27 19:10:42.001,0.65127,0.65156,2.25,1.50
2011.06.27 19:10:42.110,0.65127,0.65161,2.25,3.60
2011.06.27 19:10:42.660,0.65127,0.65162,1.50,4.35
2011.06.27 19:10:44.908,0.65126,0.6516,1.88,1.50
2011.06.27 19:10:55.779,0.65128,0.6516,2.63,1.50
2011.06.27 19:10:56.111,0.65129,0.65165,1.88,2.10
2011.06.27 19:10:56.999,0.65131,0.65165,1.88,1.50
2011.06.27 19:10:58.309,0.65131,0.65165,1.88,1.50
2011.06.27 19:11:03.462,0.65132,0.65167,1.50,1.50
2011.06.27 19:11:04.242,0.65132,0.65166,1.50,1.50
2011.06.27 19:11:06.069,0.65132,0.65167,1.88,1.50
2011.06.27 19:11:07.339,0.65132,0.65167,1.88,1.50
2011.06.27 19:11:08.280,0.65133,0.65168,1.88,2.10
2011.06.27 19:11:14.993,0.65137,0.65171,2.25,3.38
2011.06.27 19:11:16.078,0.65138,0.6517,1.50,1.88
2011.06.27 19:11:26.690,0.65138,0.65171,1.13,1.50
2011.06.27 19:11:26.800,0.65143,0.65173,1.50,2.25
2011.06.27 19:11:27.018,0.65143,0.65177,1.50,1.50
2011.06.27 19:11:28.169,0.65143,0.65172,1.50,2.10
2011.06.27 19:11:28.500,0.65135,0.65163,1.35,2.25
2011.06.27 19:11:28.610,0.65138,0.65174,5.63,1.50
2011.06.27 19:11:28.719,0.6514,0.65174,2.25,2.25
2011.06.27 19:11:29.709,0.65138,0.65169,2.25,2.25
2011.06.27 19:11:29.819,0.65137,0.65167,2.25,3.60
2011.06.27 19:11:30.368,0.65131,0.65162,2.25,2.63
2011.06.27 19:11:32.001,0.65134,0.65162,1.50,2.25
2011.06.27 19:11:32.113,0.65136,0.65162,1.50,2.25
2011.06.27 19:11:32.219,0.65136,0.65169,1.50,2.10
2011.06.27 19:11:34.482,0.65136,0.65172,2.25,3.38
2011.06.27 19:11:39.460,0.65138,0.65172,1.13,1.50
2011.06.27 19:11:39.571,0.65142,0.65177,1.50,1.50
2011.06.27 19:11:39.922,0.65139,0.65172,1.50,1.88
2011.06.27 19:11:41.492,0.65138,0.65172,3.00,1.88
2011.06.27 19:11:44.680,0.6514,0.65173,2.25,2.63
2011.06.27 19:11:53.164,0.65143,0.65173,1.13,3.38
2011.06.27 19:11:53.719,0.65138,0.65172,3.00,1.88
2011.06.27 19:11:54.710,0.65139,0.6517,1.50,1.88
2011.06.27 19:11:56.349,0.65138,0.6517,3.75,1.88
2011.06.27 19:12:00.120,0.65139,0.6517,1.50,1.88
2011.06.27 19:12:05.020,0.65139,0.6517,1.13,1.88
2011.06.27 19:12:10.699,0.65138,0.6517,1.50,1.88
2011.06.27 19:12:17.039,0.65139,0.65171,1.13,1.88
2011.06.27 19:12:22.242,0.65138,0.6517,1.50,1.50
2011.06.27 19:12:22.789,0.65138,0.65173,3.00,3.98
2011.06.27 19:12:32.375,0.65139,0.65171,1.50,1.50
2011.06.27 19:12:32.599,0.65144,0.65173,1.13,3.00
2011.06.27 19:12:32.710,0.65144,0.65175,1.50,1.50
2011.06.27 19:12:32.820,0.65149,0.6518,1.13,2.48
2011.06.27 19:12:34.341,0.65149,0.65182,2.25,3.00
2011.06.27 19:12:34.449,0.65149,0.65181,2.63,1.13
2011.06.27 19:12:35.219,0.6515,0.65182,1.50,2.25
2011.06.27 19:12:35.439,0.6515,0.65184,1.50,1.50
2011.06.27 19:12:35.769,0.6515,0.65184,2.25,1.50
2011.06.27 19:12:35.879,0.65153,0.65184,1.13,2.25
2011.06.27 19:12:38.440,0.65151,0.65185,1.50,2.10
2011.06.27 19:12:38.950,0.65151,0.65175,1.50,2.25
2011.06.27 19:12:39.061,0.6514,0.65172,1.50,2.63
2011.06.27 19:12:39.170,0.65139,0.65172,2.25,2.25
2011.06.27 19:12:39.390,0.65148,0.65179,2.63,1.50
2011.06.27 19:12:39.500,0.6515,0.65182,1.88,2.63
2011.06.27 19:12:41.698,0.65145,0.65181,2.63,2.25
2011.06.27 19:12:41.809,0.6514,0.65174,1.50,1.35
2011.06.27 19:12:42.470,0.65139,0.65172,2.25,2.25
2011.06.27 19:12:42.579,0.65139,0.65175,1.50,1.50
2011.06.27 19:12:42.909,0.65141,0.65176,1.50,1.50
2011.06.27 19:12:46.199,0.65141,0.65177,1.50,3.00
2011.06.27 19:12:46.899,0.65141,0.65176,1.50,1.50
2011.06.27 19:13:04.669,0.65141,0.65177,1.50,3.00
2011.06.27 19:13:09.939,0.65141,0.65176,1.50,1.50
2011.06.27 19:13:11.401,0.65141,0.65176,1.88,1.50
2011.06.27 19:13:14.166,0.65141,0.65176,1.50,1.50
2011.06.27 19:13:14.904,0.65141,0.65177,1.50,3.00
2011.06.27 19:13:16.320,0.65148,0.65178,1.50,3.38
2011.06.27 19:13:23.181,0.65149,0.65178,1.13,1.88
2011.06.27 19:13:28.260,0.65148,0.65182,2.10,3.98
2011.06.27 19:13:28.589,0.65154,0.65182,1.50,2.25
2011.06.27 19:13:28.698,0.65154,0.65186,1.50,1.88
2011.06.27 19:13:29.029,0.65153,0.65184,1.13,2.48
2011.06.27 19:13:31.189,0.65148,0.65179,4.88,2.48
2011.06.27 19:13:32.801,0.65148,0.65179,1.13,1.88
2011.06.27 19:13:36.048,0.65143,0.65179,3.23,2.25
2011.06.27 19:13:36.401,0.65138,0.65172,7.35,1.88
2011.06.27 19:13:36.510,0.65141,0.65172,1.35,1.50
2011.06.27 19:13:36.619,0.65148,0.65174,1.13,1.50
2011.06.27 19:13:37.170,0.65149,0.65173,1.13,2.25
2011.06.27 19:13:37.279,0.65149,0.6518,1.13,1.88
2011.06.27 19:13:37.500,0.65146,0.65175,2.25,1.35
2011.06.27 19:13:37.611,0.6514,0.65172,1.88,2.63
2011.06.27 19:13:38.179,0.6514,0.65172,1.50,2.25
2011.06.27 19:13:38.289,0.65143,0.65172,1.50,2.25
2011.06.27 19:13:38.619,0.65143,0.65177,1.50,2.10
2011.06.27 19:13:39.669,0.65143,0.65177,2.25,1.50
2011.06.27 19:13:40.219,0.65149,0.65181,1.13,2.63
2011.06.27 19:13:42.132,0.65149,0.65181,1.13,2.63
2011.06.27 19:13:43.561,0.65148,0.65181,1.13,1.88
2011.06.27 19:13:44.870,0.65148,0.65177,1.13,1.50
2011.06.27 19:13:45.430,0.65149,0.65176,1.13,1.50
2011.06.27 19:13:45.540,0.65145,0.65171,1.50,1.50
2011.06.27 19:13:45.650,0.65142,0.65172,1.50,1.50
2011.06.27 19:13:45.760,0.6514,0.65171,3.00,1.50
2011.06.27 19:13:45.980,0.6514,0.65166,1.50,1.50
2011.06.27 19:13:46.430,0.65138,0.65166,1.50,1.50
2011.06.27 19:13:46.761,0.65138,0.65162,1.50,1.50
2011.06.27 19:13:46.869,0.65136,0.65162,1.50,1.50
2011.06.27 19:13:46.981,0.65136,0.65161,2.25,1.50
2011.06.27 19:13:47.090,0.65137,0.65166,4.13,1.50
2011.06.27 19:13:48.299,0.65137,0.65167,4.13,1.50
2011.06.27 19:13:49.039,0.65137,0.65166,4.13,1.50
2011.06.27 19:13:49.974,0.65137,0.65167,4.13,1.50
2011.06.27 19:13:57.519,0.65137,0.65166,4.88,1.50
2011.06.27 19:13:58.089,0.65137,0.65167,4.13,1.50
2011.06.27 19:13:58.749,0.65137,0.65166,4.13,1.50
2011.06.27 19:13:59.500,0.65142,0.65167,2.25,1.50
2011.06.27 19:13:59.720,0.65149,0.65176,1.13,1.50
2011.06.27 19:14:00.399,0.65148,0.65177,1.50,1.88
2011.06.27 19:14:01.038,0.65149,0.65176,1.13,1.50
2011.06.27 19:14:01.490,0.65149,0.65181,2.25,2.25
2011.06.27 19:14:01.711,0.65152,0.65186,1.50,2.10
2011.06.27 19:14:02.039,0.65147,0.65179,3.00,1.88
2011.06.27 19:14:03.642,0.65149,0.65179,1.13,1.88
2011.06.27 19:14:06.731,0.65149,0.65179,1.13,1.88
2011.06.27 19:14:12.172,0.65149,0.65179,1.13,1.88
2011.06.27 19:14:22.760,0.65148,0.65182,1.13,6.00
2011.06.27 19:14:22.980,0.65148,0.65184,1.88,2.10
2011.06.27 19:14:23.092,0.65148,0.65181,4.13,1.50
2011.06.27 19:14:26.393,0.65148,0.65181,2.25,3.00
2011.06.27 19:14:27.339,0.65148,0.65182,3.75,2.25
2011.06.27 19:14:28.910,0.65149,0.65182,1.50,2.25
2011.06.27 19:14:29.240,0.65154,0.65185,1.50,1.88
2011.06.27 19:14:32.150,0.65154,0.65185,1.50,1.50
2011.06.27 19:14:32.371,0.65158,0.6519,1.50,1.88
2011.06.27 19:14:32.480,0.65158,0.6519,1.50,1.50
2011.06.27 19:14:32.591,0.65163,0.65192,1.13,1.50
2011.06.27 19:14:39.730,0.65164,0.65191,1.13,1.50
2011.06.27 19:14:39.950,0.65158,0.6519,4.50,2.10
2011.06.27 19:14:40.060,0.65151,0.65181,2.25,1.50
2011.06.27 19:14:40.281,0.65148,0.65176,2.25,1.50
2011.06.27 19:14:40.888,0.65148,0.65177,2.25,1.50
2011.06.27 19:14:41.479,0.65148,0.65176,2.25,1.50
2011.06.27 19:14:42.131,0.65148,0.65177,2.25,1.50
2011.06.27 19:14:42.460,0.65148,0.65181,2.63,1.50
2011.06.27 19:14:43.041,0.65148,0.65182,2.63,3.75
2011.06.27 19:14:44.250,0.65148,0.65181,2.63,1.50
2011.06.27 19:14:48.509,0.65148,0.65182,2.25,3.75
2011.06.27 19:14:55.339,0.65148,0.65181,2.25,1.50
2011.06.27 19:14:57.850,0.65148,0.65182,2.63,3.75
2011.06.27 19:15:03.480,0.65148,0.65181,2.63,1.50
2011.06.27 19:15:08.080,0.65148,0.6518,2.63,1.50
2011.06.27 19:15:14.459,0.65148,0.65177,2.63,1.50
2011.06.27 19:15:19.139,0.65148,0.65176,2.63,1.50
2011.06.27 19:15:21.189,0.65148,0.65177,2.63,1.50
2011.06.27 19:15:25.631,0.65148,0.65176,4.13,1.50
2011.06.27 19:15:25.963,0.6515,0.65176,1.50,1.50
2011.06.27 19:15:26.511,0.6515,0.65181,3.00,1.50
2011.06.27 19:15:27.100,0.6515,0.65182,1.50,3.75
2011.06.27 19:15:27.727,0.6515,0.65181,1.50,1.50
2011.06.27 19:15:28.783,0.6515,0.65182,1.50,1.50
2011.06.27 19:15:33.040,0.6515,0.65181,1.50,1.50
2011.06.27 19:15:34.650,0.6515,0.65182,1.50,3.75
2011.06.27 19:15:34.761,0.65148,0.65171,1.88,1.50
2011.06.27 19:15:35.312,0.65143,0.65172,3.00,1.50
2011.06.27 19:15:35.981,0.65144,0.65171,1.50,1.50
2011.06.27 19:15:37.999,0.65144,0.65171,3.00,1.50
2011.06.27 19:15:38.439,0.65144,0.65176,3.00,1.50
2011.06.27 19:15:39.424,0.65144,0.65177,2.25,1.88
2011.06.27 19:15:40.151,0.65144,0.65176,1.50,1.50
2011.06.27 19:15:40.816,0.65143,0.65177,1.50,1.88
2011.06.27 19:15:43.200,0.65143,0.65177,1.50,1.88
2011.06.27 19:15:44.524,0.65143,0.65177,1.50,1.88
2011.06.27 19:15:54.370,0.65144,0.65176,1.50,1.88
2011.06.27 19:15:55.029,0.65144,0.65171,1.50,1.50
2011.06.27 19:15:55.359,0.65143,0.65167,1.50,1.50
2011.06.27 19:15:56.059,0.65144,0.65166,1.50,1.50
2011.06.27 19:15:56.390,0.65144,0.65166,1.13,1.50
2011.06.27 19:15:57.160,0.65143,0.65167,1.50,1.50
2011.06.27 19:15:57.710,0.65144,0.65166,1.13,1.50
2011.06.27 19:15:58.263,0.65143,0.65167,1.50,1.50
2011.06.27 19:15:59.989,0.65144,0.65166,1.50,1.50
2011.06.27 19:16:01.021,0.65143,0.65167,1.50,1.50
2011.06.27 19:16:03.379,0.65144,0.65166,1.50,1.50
2011.06.27 19:16:04.020,0.65143,0.65167,1.50,1.50
2011.06.27 19:16:04.924,0.65144,0.65166,1.50,1.50
2011.06.27 19:16:05.920,0.65143,0.65167,1.50,1.50
2011.06.27 19:16:06.690,0.65144,0.65166,1.50,1.50
2011.06.27 19:16:09.110,0.65143,0.65167,1.50,1.50
2011.06.27 19:16:13.329,0.65144,0.65166,1.50,1.50
2011.06.27 19:16:15.744,0.65143,0.65167,1.50,1.50
2011.06.27 19:16:17.401,0.65139,0.65166,1.50,1.50
2011.06.27 19:16:17.950,0.65138,0.65167,3.75,1.50
2011.06.27 19:16:18.392,0.65144,0.65166,1.13,1.50
2011.06.27 19:16:19.562,0.65144,0.65166,1.50,1.50
2011.06.27 19:16:20.110,0.65143,0.65167,1.50,1.50
2011.06.27 19:16:22.900,0.65144,0.65166,1.50,1.50
2011.06.27 19:16:24.369,0.65143,0.65167,1.50,1.50
2011.06.27 19:16:25.053,0.65144,0.65166,1.50,1.50
2011.06.27 19:16:29.409,0.65143,0.65167,1.50,1.50
2011.06.27 19:16:31.378,0.65143,0.65167,1.50,1.50
2011.06.27 19:16:34.591,0.65143,0.65167,1.50,1.50
2011.06.27 19:16:35.221,0.65144,0.65166,1.50,1.50
2011.06.27 19:16:36.939,0.65144,0.65166,1.13,1.50
2011.06.27 19:16:37.680,0.65143,0.65167,1.50,1.50
2011.06.27 19:16:39.182,0.65144,0.65166,1.13,1.50
2011.06.27 19:16:39.995,0.65143,0.65167,1.50,1.50
2011.06.27 19:16:42.079,0.65144,0.65166,1.50,1.50
2011.06.27 19:16:43.810,0.65143,0.65167,1.50,1.50
2011.06.27 19:16:44.689,0.65144,0.65166,1.50,1.50
2011.06.27 19:16:45.870,0.65144,0.65166,1.13,1.50
2011.06.27 19:16:50.140,0.65138,0.65167,1.50,1.50
2011.06.27 19:16:51.892,0.65139,0.65166,1.50,1.50
2011.06.27 19:16:53.199,0.65144,0.65166,1.13,1.50
2011.06.27 19:16:53.859,0.65138,0.65167,1.50,1.50
2011.06.27 19:16:54.480,0.65139,0.65166,1.50,1.50
2011.06.27 19:16:55.784,0.65138,0.65167,1.50,1.50
2011.06.27 19:16:56.403,0.65139,0.65166,1.50,1.50
2011.06.27 19:16:57.579,0.65138,0.65167,1.50,1.50
2011.06.27 19:16:59.650,0.65138,0.65167,1.50,1.50
2011.06.27 19:17:00.168,0.65139,0.65166,1.50,1.50
2011.06.27 19:17:01.630,0.65138,0.65167,1.50,1.50
2011.06.27 19:17:02.739,0.65139,0.65166,1.50,1.50
2011.06.27 19:17:03.353,0.65138,0.65167,1.50,1.50
2011.06.27 19:17:04.511,0.65139,0.65166,1.50,1.50
2011.06.27 19:17:10.969,0.65138,0.65167,1.50,1.50
2011.06.27 19:17:12.919,0.65139,0.65166,1.50,1.50
2011.06.27 19:17:16.499,0.65138,0.65167,1.50,1.50
2011.06.27 19:17:27.969,0.65144,0.65167,1.35,1.50
2011.06.27 19:17:28.191,0.65144,0.65171,1.13,2.48
2011.06.27 19:17:28.410,0.65138,0.65167,2.10,1.50
2011.06.27 19:17:29.099,0.65139,0.65166,1.50,1.50
2011.06.27 19:17:30.849,0.65138,0.65167,2.10,2.25
2011.06.27 19:17:31.380,0.65139,0.65166,1.50,2.25
2011.06.27 19:17:32.609,0.65138,0.65167,2.10,3.00
2011.06.27 19:17:34.159,0.65138,0.65167,2.10,3.00
2011.06.27 19:17:35.929,0.65138,0.65167,2.10,3.00
2011.06.27 19:17:37.551,0.65139,0.65166,1.50,2.25
2011.06.27 19:17:39.102,0.65138,0.65167,2.10,3.00
2011.06.27 19:17:39.981,0.65139,0.65166,1.50,2.25
2011.06.27 19:17:51.192,0.65139,0.65166,1.50,3.00
2011.06.27 19:17:51.522,0.65143,0.65172,1.50,2.48
2011.06.27 19:17:51.850,0.65144,0.65171,1.50,2.10
2011.06.27 19:17:52.289,0.65148,0.65176,1.13,1.13
2011.06.27 19:17:52.401,0.65149,0.65176,1.13,3.00
2011.06.27 19:17:55.820,0.65148,0.65172,1.50,1.50
2011.06.27 19:17:56.430,0.65149,0.65171,1.13,1.50
2011.06.27 19:18:01.310,0.65144,0.65171,1.50,1.50
2011.06.27 19:18:06.700,0.65144,0.65176,1.50,3.38
2011.06.27 19:18:07.969,0.65143,0.65176,3.00,1.13
2011.06.27 19:18:09.520,0.65147,0.65176,2.25,3.00
2011.06.27 19:18:09.740,0.65148,0.65178,1.13,2.48
2011.06.27 19:18:10.290,0.65144,0.65176,1.50,4.50
2011.06.27 19:18:10.953,0.65148,0.65176,1.13,2.25
2011.06.27 19:18:11.511,0.65148,0.65177,1.13,3.60
2011.06.27 19:18:11.731,0.65148,0.65177,3.60,1.50
2011.06.27 19:18:11.840,0.65148,0.65182,3.60,2.85
2011.06.27 19:18:13.210,0.65149,0.65181,1.50,2.10
2011.06.27 19:18:13.320,0.65149,0.65176,1.13,2.48
2011.06.27 19:18:13.430,0.65149,0.65176,1.50,2.10
2011.06.27 19:18:13.760,0.65149,0.65182,1.50,1.88
2011.06.27 19:18:13.980,0.65149,0.65181,1.13,3.38
2011.06.27 19:18:14.199,0.65149,0.65176,1.13,1.50
2011.06.27 19:18:14.830,0.65148,0.65176,1.13,1.35
2011.06.27 19:18:16.874,0.65144,0.65175,2.25,1.35
2011.06.27 19:18:17.201,0.6513,0.65157,2.25,1.50
2011.06.27 19:18:17.421,0.65133,0.65162,1.50,2.10
2011.06.27 19:18:17.816,0.6513,0.65162,2.25,3.98
2011.06.27 19:18:17.931,0.6513,0.65157,2.25,1.50
2011.06.27 19:18:18.540,0.6513,0.65157,2.25,1.50
2011.06.27 19:18:19.449,0.6513,0.65157,2.25,1.50
2011.06.27 19:18:20.320,0.6513,0.65161,2.25,2.10
2011.06.27 19:18:20.650,0.65133,0.65157,1.13,1.50
2011.06.27 19:18:21.090,0.65133,0.65162,1.13,3.60
2011.06.27 19:18:21.309,0.65133,0.65159,1.13,1.35
2011.06.27 19:18:21.640,0.65138,0.65166,2.25,1.50
2011.06.27 19:18:21.970,0.65138,0.65169,2.25,2.10
2011.06.27 19:18:24.040,0.65138,0.65171,2.25,3.00
2011.06.27 19:18:26.530,0.65135,0.65162,1.50,1.50
2011.06.27 19:18:27.031,0.65131,0.65162,1.50,1.50
2011.06.27 19:18:27.144,0.65129,0.65161,1.88,1.50
2011.06.27 19:18:27.738,0.65129,0.65162,1.88,1.50
2011.06.27 19:18:29.441,0.65129,0.65161,1.88,1.50
2011.06.27 19:18:30.112,0.65129,0.65162,1.88,1.50
2011.06.27 19:18:30.220,0.65133,0.65162,1.50,1.50
2011.06.27 19:18:30.440,0.65133,0.65166,1.50,2.25
2011.06.27 19:18:31.029,0.65133,0.65167,1.50,1.50
2011.06.27 19:18:37.163,0.65133,0.65166,1.50,1.50
2011.06.27 19:18:37.949,0.65133,0.65169,1.50,2.10
2011.06.27 19:18:38.565,0.65133,0.65168,1.88,1.35
2011.06.27 19:18:44.660,0.65129,0.65163,1.13,2.85
2011.06.27 19:18:44.770,0.65131,0.65163,1.88,2.25
2011.06.27 19:18:44.879,0.65135,0.65163,1.50,2.25
2011.06.27 19:18:44.990,0.65138,0.65172,1.50,4.35
2011.06.27 19:18:48.182,0.65139,0.65172,1.50,2.25
2011.06.27 19:18:48.292,0.65141,0.65172,1.50,2.25
2011.06.27 19:18:54.451,0.65136,0.65171,1.50,1.50
2011.06.27 19:18:54.673,0.65134,0.65167,1.50,1.50
2011.06.27 19:18:55.110,0.65134,0.65163,1.50,2.25
2011.06.27 19:18:55.330,0.65132,0.65163,1.50,2.25
2011.06.27 19:19:01.844,0.65133,0.65163,1.50,2.25
2011.06.27 19:19:02.269,0.65135,0.65163,1.50,2.25
2011.06.27 19:19:02.384,0.65135,0.65167,1.50,1.50
2011.06.27 19:19:03.613,0.65135,0.65166,1.50,1.50
2011.06.27 19:19:04.481,0.65135,0.65167,1.50,1.50
2011.06.27 19:19:06.823,0.65135,0.65166,1.50,1.50
2011.06.27 19:19:07.350,0.65135,0.65167,1.50,1.50
2011.06.27 19:19:07.880,0.65135,0.65166,1.50,1.50
2011.06.27 19:19:09.002,0.65135,0.65167,1.50,2.25
2011.06.27 19:19:10.350,0.65135,0.65166,1.50,1.50
2011.06.27 19:19:14.520,0.65135,0.65167,1.50,1.50
2011.06.27 19:19:17.031,0.65135,0.65166,1.50,1.50
2011.06.27 19:19:17.578,0.65135,0.65167,1.50,1.50
2011.06.27 19:19:17.910,0.65137,0.65166,1.50,1.50
2011.06.27 19:19:18.460,0.65137,0.65172,1.50,2.10
2011.06.27 19:19:21.592,0.65137,0.6517,1.50,1.35
2011.06.27 19:19:21.943,0.65137,0.6517,1.50,1.35
2011.06.27 19:19:24.250,0.6514,0.65172,1.50,2.10
2011.06.27 19:19:24.470,0.6514,0.65167,2.25,1.50
2011.06.27 19:19:24.580,0.6514,0.65174,2.25,1.50
2011.06.27 19:19:26.560,0.6514,0.65174,2.25,1.50
2011.06.27 19:19:38.304,0.6514,0.65174,2.25,1.50
2011.06.27 19:19:42.722,0.65144,0.65176,1.13,3.60
2011.06.27 19:19:50.940,0.65142,0.65176,2.63,2.10
2011.06.27 19:19:52.579,0.65142,0.65174,1.13,1.50
2011.06.27 19:20:01.593,0.65142,0.65173,1.13,1.50
2011.06.27 19:20:01.700,0.65142,0.65173,1.13,1.50
2011.06.27 19:20:08.412,0.65139,0.65166,1.13,1.50
2011.06.27 19:20:10.550,0.65138,0.65167,2.10,1.50
2011.06.27 19:20:11.819,0.65139,0.65166,1.13,1.50
2011.06.27 19:20:14.639,0.65138,0.65167,2.10,1.50
2011.06.27 19:20:17.071,0.65139,0.65166,1.13,1.50
2011.06.27 19:20:19.300,0.65138,0.65167,2.10,1.50
2011.06.27 19:20:20.780,0.65139,0.65166,1.13,1.50
2011.06.27 19:20:22.650,0.65138,0.65172,2.10,1.50
2011.06.27 19:20:23.200,0.65139,0.65171,1.13,1.50
2011.06.27 19:20:23.311,0.6514,0.65176,2.25,3.60
2011.06.27 19:20:24.437,0.6514,0.65172,2.25,1.50
2011.06.27 19:20:28.396,0.65141,0.65171,1.50,1.50
2011.06.27 19:20:34.200,0.6514,0.65172,2.25,1.50
2011.06.27 19:20:34.870,0.65142,0.65171,1.35,1.50
2011.06.27 19:20:37.291,0.65142,0.65172,2.10,1.50
2011.06.27 19:20:38.527,0.65142,0.65171,1.35,1.50
2011.06.27 19:20:40.219,0.65142,0.65172,2.85,1.50
2011.06.27 19:20:41.582,0.65142,0.65171,2.85,1.50
2011.06.27 19:20:42.239,0.65142,0.65172,2.85,1.50
2011.06.27 19:20:43.890,0.65142,0.65176,2.85,2.10
2011.06.27 19:20:48.280,0.65148,0.65181,2.48,4.13
2011.06.27 19:20:48.611,0.65154,0.65187,1.50,2.10
2011.06.27 19:20:49.491,0.65157,0.65191,1.50,2.25
2011.06.27 19:20:49.710,0.65157,0.65191,1.88,2.25
2011.06.27 19:20:50.040,0.65154,0.65188,3.00,1.50
2011.06.27 19:20:51.260,0.65154,0.65188,1.88,1.50
2011.06.27 19:20:51.372,0.65151,0.65187,3.23,1.50
2011.06.27 19:20:51.482,0.6515,0.65183,2.48,1.50
2011.06.27 19:20:53.382,0.65152,0.65183,1.35,1.50
2011.06.27 19:20:53.491,0.65152,0.65185,2.85,1.50
2011.06.27 19:20:53.711,0.65152,0.65186,2.48,1.50
2011.06.27 19:20:53.933,0.65151,0.65184,2.48,1.50
2011.06.27 19:20:54.481,0.65151,0.65184,2.48,1.50
2011.06.27 19:20:54.590,0.65152,0.65186,2.48,2.10
2011.06.27 19:20:55.221,0.65153,0.65185,1.73,1.50
2011.06.27 19:20:55.780,0.65151,0.65187,3.98,2.10
2011.06.27 19:21:00.164,0.65153,0.65187,1.73,2.10
2011.06.27 19:21:00.710,0.65156,0.65187,1.88,1.50
2011.06.27 19:21:01.040,0.65156,0.65189,2.48,1.50
2011.06.27 19:21:02.931,0.65157,0.65189,1.88,1.50
2011.06.27 19:21:03.211,0.65157,0.65189,2.48,1.50
2011.06.27 19:21:05.257,0.65157,0.6519,2.48,1.50
2011.06.27 19:21:05.641,0.65155,0.6519,1.88,2.10
2011.06.27 19:21:06.301,0.65153,0.65189,3.60,2.85
2011.06.27 19:21:06.740,0.65156,0.65189,2.48,1.50
2011.06.27 19:21:06.850,0.65156,0.65191,2.48,2.10
2011.06.27 19:21:09.471,0.65168,0.65191,1.35,1.50
2011.06.27 19:21:09.691,0.65168,0.65201,2.10,2.25
2011.06.27 19:21:09.911,0.65168,0.65197,1.50,2.10
2011.06.27 19:21:10.021,0.65167,0.65197,3.00,2.10
2011.06.27 19:21:10.131,0.65164,0.65197,1.50,3.60
2011.06.27 19:21:10.350,0.65162,0.65198,3.00,1.50
2011.06.27 19:21:10.640,0.65165,0.65199,1.50,3.00
2011.06.27 19:21:19.950,0.65163,0.65197,1.50,1.50
2011.06.27 19:21:20.624,0.65163,0.65197,2.25,1.50
2011.06.27 19:21:20.742,0.65166,0.652,2.25,2.25
2011.06.27 19:21:21.483,0.65168,0.652,3.00,2.10
2011.06.27 19:21:24.771,0.65164,0.65198,3.00,1.50
2011.06.27 19:21:26.873,0.65163,0.65198,2.63,3.23
2011.06.27 19:21:26.981,0.65159,0.65192,5.48,1.50
2011.06.27 19:21:27.201,0.65159,0.65191,3.23,1.50
2011.06.27 19:21:28.660,0.65158,0.65191,3.98,1.50
2011.06.27 19:21:29.232,0.65159,0.65191,2.85,1.50
2011.06.27 19:21:29.342,0.65163,0.65197,2.48,1.50
2011.06.27 19:21:29.879,0.65164,0.652,2.48,1.50
2011.06.27 19:21:30.432,0.65164,0.652,4.73,1.88
2011.06.27 19:21:30.541,0.65163,0.65197,2.48,1.50
2011.06.27 19:21:30.871,0.65158,0.65192,1.88,2.10
2011.06.27 19:21:31.421,0.65158,0.65187,1.50,2.10
2011.06.27 19:21:31.641,0.65156,0.65187,3.00,2.10
2011.06.27 19:21:31.753,0.65152,0.65186,1.50,1.50
2011.06.27 19:21:31.861,0.65152,0.65182,1.50,2.25
2011.06.27 19:21:34.491,0.65154,0.65188,1.50,1.50
2011.06.27 19:21:35.550,0.65152,0.65186,1.50,1.50
2011.06.27 19:21:35.880,0.65152,0.65182,1.50,1.88
2011.06.27 19:21:36.212,0.65143,0.65179,1.88,1.88
2011.06.27 19:21:41.170,0.65141,0.65177,2.48,1.50
2011.06.27 19:21:41.611,0.65141,0.65176,2.48,2.25
2011.06.27 19:21:41.859,0.65141,0.65173,1.50,3.60
2011.06.27 19:21:41.979,0.65129,0.65161,1.50,2.10
2011.06.27 19:21:42.094,0.65131,0.65162,1.50,2.10
2011.06.27 19:21:42.311,0.65133,0.65167,1.50,1.50
2011.06.27 19:21:42.641,0.65134,0.6517,1.50,2.10
2011.06.27 19:21:43.081,0.65134,0.6517,1.50,2.85
2011.06.27 19:21:43.301,0.65134,0.6517,1.50,2.10
2011.06.27 19:21:44.290,0.65137,0.65171,1.50,3.00
2011.06.27 19:21:46.554,0.65137,0.65171,1.50,3.75
2011.06.27 19:21:50.430,0.65137,0.65171,1.88,2.25
2011.06.27 19:21:50.540,0.65137,0.65171,1.88,3.00
2011.06.27 19:21:51.091,0.65138,0.65174,4.13,1.50
2011.06.27 19:21:51.422,0.65138,0.65174,4.50,1.50
2011.06.27 19:21:51.532,0.65143,0.65176,1.88,1.50
2011.06.27 19:21:52.121,0.65143,0.65177,1.88,2.25
2011.06.27 19:21:58.187,0.65141,0.65175,2.25,1.50
2011.06.27 19:21:58.304,0.65139,0.65175,2.25,1.50
2011.06.27 19:21:58.909,0.65142,0.65176,1.88,1.50
2011.06.27 19:21:59.992,0.65142,0.65176,1.88,1.50
2011.06.27 19:22:05.763,0.65142,0.65176,1.88,1.50
2011.06.27 19:22:07.441,0.65143,0.65179,1.88,2.63
2011.06.27 19:22:07.665,0.65148,0.65182,1.88,3.00
2011.06.27 19:22:07.882,0.65148,0.65184,2.25,2.85
2011.06.27 19:22:08.102,0.65149,0.65183,1.88,2.25
2011.06.27 19:22:08.431,0.65149,0.65183,1.88,4.50
2011.06.27 19:22:08.980,0.65147,0.65181,1.88,1.50
2011.06.27 19:22:09.861,0.65152,0.65181,2.48,1.50
2011.06.27 19:22:10.190,0.65152,0.65183,2.48,1.50
2011.06.27 19:22:10.893,0.65152,0.65182,2.48,1.50
2011.06.27 19:22:12.901,0.65152,0.65183,2.48,1.50
2011.06.27 19:22:15.510,0.65152,0.65186,2.10,1.50
2011.06.27 19:22:26.780,0.65152,0.65184,2.10,1.50
2011.06.27 19:22:31.171,0.65152,0.65186,1.88,3.98
2011.06.27 19:22:44.400,0.6515,0.65184,1.88,1.50
2011.06.27 19:22:48.153,0.6515,0.65184,3.75,1.50
2011.06.27 19:22:48.260,0.65153,0.65187,1.88,3.38
2011.06.27 19:22:48.821,0.65153,0.65187,2.48,1.50
2011.06.27 19:22:49.952,0.65153,0.65187,2.85,1.50
2011.06.27 19:22:50.170,0.65155,0.65189,2.48,1.50
2011.06.27 19:22:51.070,0.65155,0.65189,1.88,1.50
2011.06.27 19:22:53.291,0.65153,0.65188,1.13,1.50
2011.06.27 19:22:57.612,0.65154,0.65188,1.13,1.50
2011.06.27 19:22:59.841,0.65151,0.65185,3.75,1.50
2011.06.27 19:23:05.641,0.65153,0.65187,1.88,1.50
2011.06.27 19:23:09.802,0.65151,0.65185,2.25,1.50
2011.06.27 19:23:19.690,0.65154,0.65188,4.50,1.50
2011.06.27 19:23:20.571,0.65157,0.6519,2.63,1.50
2011.06.27 19:23:23.942,0.65157,0.6519,2.63,1.50
2011.06.27 19:23:37.930,0.65158,0.65193,2.63,2.25
2011.06.27 19:23:43.431,0.65163,0.65193,1.50,3.75
2011.06.27 19:23:54.567,0.65159,0.65193,1.88,3.75
2011.06.27 19:24:13.452,0.65158,0.65193,2.63,2.25
2011.06.27 19:24:13.561,0.65158,0.65191,2.63,1.50
2011.06.27 19:24:21.633,0.65158,0.65191,2.63,1.50
2011.06.27 19:24:22.141,0.65158,0.65191,2.63,1.50
2011.06.27 19:24:25.880,0.65154,0.65189,1.88,1.50
2011.06.27 19:24:26.812,0.65154,0.65189,1.88,1.50
2011.06.27 19:24:30.370,0.65156,0.6519,1.88,1.50
2011.06.27 19:24:44.115,0.65154,0.65188,1.88,1.50
2011.06.27 19:24:47.620,0.65155,0.65191,1.88,1.50
2011.06.27 19:24:51.990,0.65155,0.6519,1.88,1.50
2011.06.27 19:24:53.420,0.65153,0.65189,3.38,1.50
2011.06.27 19:25:08.570,0.65153,0.65189,3.75,1.50
2011.06.27 19:25:10.840,0.65153,0.65185,3.00,1.50
2011.06.27 19:25:10.951,0.65154,0.65187,1.88,1.50
2011.06.27 19:25:13.150,0.65153,0.65187,3.38,1.50
2011.06.27 19:25:17.450,0.65154,0.65188,1.88,1.50
2011.06.27 19:25:18.200,0.65153,0.65189,3.38,1.50
2011.06.27 19:25:20.860,0.65155,0.65191,1.88,1.50
2011.06.27 19:25:21.080,0.65158,0.65192,2.63,2.25
2011.06.27 19:25:22.093,0.65158,0.6519,2.63,1.50
2011.06.27 19:25:22.420,0.65149,0.65184,1.50,1.50
2011.06.27 19:25:22.531,0.65145,0.65172,3.00,2.25
2011.06.27 19:25:22.641,0.65139,0.65168,1.50,1.50
2011.06.27 19:25:22.750,0.65134,0.65168,1.88,1.50
2011.06.27 19:25:22.971,0.65131,0.65167,3.00,1.50
2011.06.27 19:25:23.080,0.6513,0.65163,1.50,1.50
2011.06.27 19:25:23.411,0.65125,0.65161,1.50,2.10
2011.06.27 19:25:23.740,0.65121,0.65157,1.50,3.00
2011.06.27 19:25:24.081,0.65118,0.65152,1.50,1.50
2011.06.27 19:25:24.630,0.65117,0.65153,1.50,1.50
2011.06.27 19:25:24.960,0.65126,0.65153,1.50,1.50
2011.06.27 19:25:25.070,0.65123,0.65153,1.50,1.50
2011.06.27 19:25:25.180,0.65125,0.65159,1.50,1.50
2011.06.27 19:25:25.510,0.65129,0.65161,1.50,2.25
2011.06.27 19:25:25.620,0.65129,0.65163,1.50,2.25
2011.06.27 19:25:30.141,0.65129,0.65163,1.50,5.25
2011.06.27 19:25:30.362,0.65124,0.6516,1.50,2.25
2011.06.27 19:25:31.601,0.65127,0.65161,1.50,3.00
2011.06.27 19:25:31.820,0.65128,0.65163,1.50,3.75
2011.06.27 19:25:33.180,0.65128,0.65163,1.50,3.75
2011.06.27 19:25:37.397,0.65128,0.65163,1.50,2.25
2011.06.27 19:25:37.958,0.65128,0.65163,1.50,3.00
2011.06.27 19:25:46.922,0.65131,0.65163,1.50,3.00
2011.06.27 19:25:47.252,0.65139,0.65163,1.50,2.25
2011.06.27 19:25:47.361,0.65143,0.65175,1.88,1.50
2011.06.27 19:25:47.471,0.65143,0.65178,1.50,3.00
2011.06.27 19:25:47.978,0.65144,0.6518,3.00,1.50
2011.06.27 19:25:48.420,0.65147,0.6518,2.25,3.00
2011.06.27 19:25:48.863,0.65149,0.65179,1.50,1.50
2011.06.27 19:25:49.523,0.65148,0.65179,1.50,1.50
2011.06.27 19:25:50.030,0.65149,0.65179,1.50,1.50
2011.06.27 19:25:50.472,0.65145,0.65179,1.50,1.50
2011.06.27 19:25:51.091,0.65144,0.65178,1.88,1.50
2011.06.27 19:25:54.731,0.65145,0.65179,2.10,1.50
2011.06.27 19:25:55.090,0.65149,0.65179,1.50,1.50
2011.06.27 19:25:55.791,0.65148,0.65179,1.50,1.50
2011.06.27 19:25:55.902,0.65149,0.65181,1.50,1.50
2011.06.27 19:25:56.480,0.65148,0.65181,1.50,1.50
2011.06.27 19:25:58.491,0.65148,0.65179,1.50,1.50
2011.06.27 19:25:59.040,0.65148,0.65177,1.50,1.50
2011.06.27 19:25:59.591,0.65149,0.65178,1.50,1.50
2011.06.27 19:26:02.460,0.65148,0.65178,1.50,1.50
2011.06.27 19:26:03.460,0.65149,0.65178,1.50,1.50
2011.06.27 19:26:04.462,0.65149,0.65175,1.50,1.50
2011.06.27 19:26:04.720,0.65143,0.65175,1.50,1.50
2011.06.27 19:26:05.219,0.65143,0.65176,1.50,1.50
2011.06.27 19:26:05.914,0.65144,0.65176,1.50,1.50
2011.06.27 19:26:07.970,0.65143,0.65176,1.50,1.50
2011.06.27 19:26:09.110,0.65144,0.65176,1.50,1.50
2011.06.27 19:26:09.440,0.65144,0.65174,1.50,1.50
2011.06.27 19:26:09.770,0.65144,0.65172,1.50,1.50
2011.06.27 19:26:10.881,0.65149,0.65175,1.50,1.50
2011.06.27 19:26:11.420,0.65148,0.65176,1.50,1.50
2011.06.27 19:26:15.410,0.65149,0.65176,1.50,1.50
2011.06.27 19:26:16.932,0.65148,0.65176,1.50,1.50
2011.06.27 19:26:20.389,0.65148,0.6518,1.50,1.50
2011.06.27 19:26:21.141,0.65149,0.6518,1.50,1.50
2011.06.27 19:26:24.139,0.65149,0.65179,1.50,1.50
2011.06.27 19:26:24.837,0.65148,0.65179,1.50,1.50
2011.06.27 19:26:25.390,0.65149,0.65179,1.50,1.50
2011.06.27 19:26:25.940,0.65148,0.65179,1.50,1.50
2011.06.27 19:26:26.381,0.65144,0.65179,1.50,1.50
2011.06.27 19:26:26.821,0.65144,0.65171,1.50,1.50
2011.06.27 19:26:26.930,0.65138,0.65171,3.75,1.50
2011.06.27 19:26:27.492,0.65139,0.65172,1.50,2.25
2011.06.27 19:26:28.042,0.65139,0.65173,1.50,1.50
2011.06.27 19:26:28.260,0.65143,0.65173,1.50,1.50
2011.06.27 19:26:28.761,0.65144,0.65175,1.50,1.50
2011.06.27 19:26:30.241,0.65143,0.65175,1.50,1.50
2011.06.27 19:26:31.420,0.65143,0.65177,3.00,1.50
2011.06.27 19:26:31.970,0.65143,0.65176,1.50,1.50
2011.06.27 19:26:33.093,0.6514,0.65176,1.50,1.50
2011.06.27 19:26:33.700,0.65143,0.65177,1.50,1.50
2011.06.27 19:26:39.749,0.6514,0.65176,1.50,1.50
2011.06.27 19:26:42.082,0.65139,0.65174,3.00,1.50
2011.06.27 19:26:42.630,0.65138,0.65174,3.75,1.50
2011.06.27 19:26:43.020,0.6514,0.65176,1.50,1.50
2011.06.27 19:26:46.283,0.65143,0.65177,1.50,1.50
2011.06.27 19:26:52.439,0.65141,0.65175,3.00,1.50
2011.06.27 19:26:53.871,0.65144,0.65175,1.50,1.50
2011.06.27 19:26:54.202,0.65144,0.65179,1.50,1.50
2011.06.27 19:26:55.345,0.65143,0.65179,3.00,1.50
2011.06.27 19:26:56.181,0.65144,0.65179,1.50,1.50
2011.06.27 19:26:56.832,0.65143,0.65179,3.00,1.50
2011.06.27 19:26:58.080,0.65144,0.65179,1.50,1.50
2011.06.27 19:26:58.714,0.65143,0.65179,1.50,1.50
2011.06.27 19:26:59.424,0.65142,0.65176,1.50,1.50
2011.06.27 19:26:59.821,0.6514,0.65174,1.50,1.50
2011.06.27 19:27:00.400,0.65143,0.65174,1.50,1.50
2011.06.27 19:27:00.790,0.6514,0.65174,1.50,1.50
2011.06.27 19:27:04.640,0.65144,0.65174,1.50,1.50
2011.06.27 19:27:05.840,0.65143,0.65174,1.50,1.50
2011.06.27 19:27:06.523,0.65144,0.65174,1.50,1.50
2011.06.27 19:27:07.081,0.65143,0.65174,1.50,1.50
2011.06.27 19:27:07.191,0.65144,0.65176,1.50,1.50
2011.06.27 19:27:07.946,0.65143,0.65176,1.50,1.50
2011.06.27 19:27:08.880,0.65142,0.65176,1.50,1.50
2011.06.27 19:27:29.292,0.6514,0.65174,1.50,1.50
2011.06.27 19:27:29.510,0.65137,0.65173,1.50,1.50
2011.06.27 19:28:12.531,0.65136,0.6517,1.50,1.50
2011.06.27 19:28:20.667,0.65138,0.6517,1.50,1.50
2011.06.27 19:28:20.781,0.65138,0.65173,1.50,1.50
2011.06.27 19:28:22.412,0.65139,0.65173,1.50,1.50
2011.06.27 19:28:27.339,0.65139,0.65173,1.50,2.25
2011.06.27 19:28:27.451,0.65136,0.6517,1.50,1.50
2011.06.27 19:29:10.152,0.65148,0.65172,1.50,1.50
2011.06.27 19:29:10.261,0.65148,0.65182,1.50,4.50
2011.06.27 19:29:10.373,0.65148,0.65182,1.50,2.25
2011.06.27 19:29:10.481,0.65149,0.65184,1.50,1.50
2011.06.27 19:29:11.032,0.65148,0.65184,3.00,1.50
2011.06.27 19:29:11.252,0.65151,0.65185,1.50,1.50
2011.06.27 19:29:13.193,0.65148,0.65182,1.50,1.50
2011.06.27 19:29:13.852,0.65149,0.65185,1.50,1.50
2011.06.27 19:29:14.268,0.65148,0.65182,1.50,1.50
2011.06.27 19:29:17.686,0.6515,0.65184,1.50,3.00
2011.06.27 19:29:18.132,0.65155,0.65187,1.50,1.50
2011.06.27 19:29:18.242,0.65158,0.65192,1.50,4.50
2011.06.27 19:29:18.791,0.65158,0.65192,1.50,1.50
2011.06.27 19:29:18.900,0.65155,0.65191,1.50,1.50
2011.06.27 19:29:19.940,0.65153,0.65187,1.50,1.50
2011.06.27 19:29:20.463,0.65155,0.65191,1.50,1.50
2011.06.27 19:29:23.173,0.65153,0.65184,1.50,1.50
2011.06.27 19:29:23.282,0.65151,0.65187,1.50,1.50
2011.06.27 19:29:23.612,0.65148,0.65182,1.50,1.50
2011.06.27 19:29:28.701,0.65151,0.65184,1.50,1.50
2011.06.27 19:29:29.300,0.65151,0.65185,1.50,1.50
2011.06.27 19:29:30.271,0.65146,0.65182,1.50,1.50
2011.06.27 19:29:30.493,0.65148,0.65182,1.50,1.50
2011.06.27 19:29:30.820,0.65151,0.65185,1.50,1.50
2011.06.27 19:29:36.161,0.65153,0.65187,1.50,1.50
2011.06.27 19:29:37.152,0.6515,0.65183,1.50,1.50
2011.06.27 19:29:37.372,0.65152,0.65188,1.50,1.50
2011.06.27 19:29:41.230,0.6515,0.65184,1.50,1.50
2011.06.27 19:29:41.561,0.65153,0.65189,1.50,1.50
2011.06.27 19:29:42.771,0.65149,0.65184,1.50,1.50
2011.06.27 19:29:43.760,0.65148,0.65184,3.00,1.50
2011.06.27 19:29:49.761,0.65148,0.65183,1.50,1.50
2011.06.27 19:29:49.982,0.6515,0.65186,1.50,1.50
2011.06.27 19:29:50.311,0.65154,0.6519,1.50,1.50
2011.06.27 19:29:50.642,0.65155,0.65182,1.50,2.25
2011.06.27 19:29:51.022,0.65153,0.6518,1.50,1.50
2011.06.27 19:29:51.131,0.65144,0.6518,1.50,1.50
2011.06.27 19:29:58.431,0.6514,0.65173,1.50,1.50
2011.06.27 19:29:58.988,0.65139,0.65173,1.50,1.50
2011.06.27 19:30:17.967,0.65138,0.65171,2.25,1.50
2011.06.27 19:30:18.560,0.65139,0.65173,1.50,1.50
2011.06.27 19:30:18.983,0.65138,0.65171,2.25,1.50
2011.06.27 19:30:28.640,0.65138,0.65172,3.75,1.50
2011.06.27 19:30:28.983,0.65138,0.65169,2.25,1.50
2011.06.27 19:30:29.090,0.65135,0.65169,1.50,1.50
2011.06.27 19:30:29.420,0.65138,0.65172,1.50,2.25
2011.06.27 19:30:30.030,0.65137,0.65171,1.50,1.50
2011.06.27 19:30:34.364,0.65139,0.65172,1.50,2.25
2011.06.27 19:30:39.601,0.65139,0.65173,1.50,4.35
2011.06.27 19:30:59.531,0.65139,0.65172,1.88,3.75
2011.06.27 19:31:00.083,0.65138,0.6517,2.25,1.50
2011.06.27 19:31:00.191,0.6514,0.65176,1.50,1.50
2011.06.27 19:31:01.739,0.65142,0.65177,1.50,1.50
2011.06.27 19:31:02.332,0.65142,0.65178,1.50,1.50
2011.06.27 19:31:13.332,0.65148,0.65182,1.88,6.00
2011.06.27 19:31:13.696,0.65153,0.65182,1.50,2.25
2011.06.27 19:31:13.812,0.65153,0.65187,1.50,2.10
2011.06.27 19:31:14.871,0.65154,0.65187,1.50,2.10
2011.06.27 19:31:15.422,0.65153,0.65187,3.38,2.10
2011.06.27 19:31:15.751,0.65155,0.65189,1.88,1.50
2011.06.27 19:31:17.373,0.65155,0.65189,1.50,2.25
2011.06.27 19:31:17.592,0.65148,0.65181,4.13,1.50
2011.06.27 19:31:19.690,0.65148,0.65181,2.25,1.50
2011.06.27 19:31:19.911,0.65153,0.65189,2.10,2.85
2011.06.27 19:31:20.022,0.65154,0.65183,1.50,2.10
2011.06.27 19:31:20.132,0.65146,0.6518,1.50,2.10
2011.06.27 19:31:22.191,0.65148,0.65182,1.50,2.85
2011.06.27 19:31:30.192,0.65148,0.65182,1.50,2.25
2011.06.27 19:31:31.740,0.65149,0.65182,1.50,1.50
2011.06.27 19:31:32.530,0.65148,0.65182,3.00,1.50
2011.06.27 19:31:34.490,0.65149,0.65182,1.50,1.50
2011.06.27 19:31:35.053,0.65149,0.65183,3.00,4.35
2011.06.27 19:31:50.681,0.65154,0.65183,1.50,2.25
2011.06.27 19:31:50.792,0.65154,0.65188,1.50,2.63
2011.06.27 19:31:50.900,0.65154,0.65182,1.50,2.25
2011.06.27 19:31:51.121,0.65154,0.65188,3.00,2.63
2011.06.27 19:31:51.340,0.65154,0.65183,1.50,2.25
2011.06.27 19:32:09.102,0.65152,0.65183,3.00,2.25
2011.06.27 19:32:12.503,0.65152,0.65186,1.50,3.00
2011.06.27 19:32:12.745,0.65152,0.65183,1.50,2.25
2011.06.27 19:32:15.421,0.65152,0.65186,1.50,1.50
2011.06.27 19:32:22.429,0.65152,0.65182,1.50,2.25
2011.06.27 19:32:24.381,0.6515,0.65182,1.50,2.25
2011.06.27 19:32:24.490,0.65148,0.65182,3.75,2.25
2011.06.27 19:32:36.491,0.65146,0.65181,1.50,1.50
2011.06.27 19:32:36.821,0.65149,0.65182,1.50,2.25
2011.06.27 19:32:39.270,0.65149,0.65181,1.50,1.50
2011.06.27 19:32:40.330,0.65149,0.65182,1.50,3.75
2011.06.27 19:32:41.322,0.65149,0.65181,1.50,1.50
2011.06.27 19:32:41.771,0.65146,0.65181,1.50,1.50
2011.06.27 19:32:42.061,0.65148,0.65181,2.25,1.50
2011.06.27 19:32:43.191,0.65148,0.65182,2.25,5.25
2011.06.27 19:32:44.293,0.65148,0.65181,2.25,1.50
2011.06.27 19:32:52.570,0.65146,0.65181,1.50,1.50
2011.06.27 19:32:55.350,0.65146,0.65182,1.50,5.25
2011.06.27 19:32:55.481,0.65148,0.65182,2.25,5.25
2011.06.27 19:32:56.030,0.65149,0.65182,1.50,2.25
2011.06.27 19:33:30.941,0.65149,0.65183,1.50,1.50
2011.06.27 19:33:44.391,0.65149,0.65182,1.50,1.50
2011.06.27 19:33:44.732,0.65147,0.65179,2.25,1.50
2011.06.27 19:33:45.295,0.65148,0.65179,2.25,1.50
2011.06.27 19:33:53.340,0.65148,0.65182,2.25,3.75
2011.06.27 19:33:54.001,0.65148,0.6518,2.25,1.35
2011.06.27 19:33:54.112,0.65144,0.65176,1.50,1.50
2011.06.27 19:33:54.220,0.6514,0.65176,1.50,3.38
2011.06.27 19:33:54.331,0.65139,0.65171,1.13,1.50
2011.06.27 19:33:54.440,0.65137,0.65171,1.50,2.25
2011.06.27 19:33:54.552,0.65137,0.65171,1.50,2.85
2011.06.27 19:33:54.881,0.65129,0.65162,1.88,2.25
2011.06.27 19:33:55.862,0.65129,0.65162,1.88,2.25
2011.06.27 19:33:56.761,0.65137,0.65173,2.48,5.10
2011.06.27 19:33:57.311,0.65143,0.65172,1.50,2.85
2011.06.27 19:33:58.181,0.65137,0.65172,2.48,2.85
2011.06.27 19:34:00.893,0.65137,0.65172,4.35,1.35
2011.06.27 19:34:01.112,0.65129,0.65165,1.88,1.50
2011.06.27 19:34:01.385,0.65132,0.65165,1.35,1.50
2011.06.27 19:34:01.493,0.65137,0.65173,4.13,4.35
2011.06.27 19:34:02.263,0.65137,0.65167,2.25,2.48
2011.06.27 19:34:02.371,0.65133,0.65167,2.25,2.48
2011.06.27 19:34:03.266,0.65131,0.65167,1.88,3.98
2011.06.27 19:34:03.951,0.65131,0.65166,1.88,2.10
2011.06.27 19:34:04.941,0.65135,0.65167,1.50,2.10
2011.06.27 19:34:05.451,0.65136,0.6517,1.50,1.50
2011.06.27 19:34:20.851,0.65134,0.65168,1.50,1.50
2011.06.27 19:34:23.650,0.65137,0.65171,1.50,4.35
2011.06.27 19:34:23.871,0.65134,0.6517,1.50,2.25
2011.06.27 19:34:24.421,0.65132,0.65166,1.50,1.50
2011.06.27 19:34:24.751,0.65134,0.65168,1.50,1.50
2011.06.27 19:34:25.190,0.65136,0.65172,1.50,3.98
2011.06.27 19:34:26.012,0.65134,0.6517,1.50,1.50
2011.06.27 19:34:26.231,0.65137,0.65171,1.50,2.10
2011.06.27 19:34:27.152,0.65133,0.65169,1.50,2.25
2011.06.27 19:34:29.041,0.65133,0.65169,1.50,1.50
2011.06.27 19:34:29.152,0.65137,0.65172,1.50,2.48
2011.06.27 19:34:29.481,0.65139,0.65173,1.50,3.98
2011.06.27 19:34:29.812,0.65137,0.65172,1.50,2.48
2011.06.27 19:34:29.921,0.65135,0.65171,1.50,3.60
2011.06.27 19:34:30.030,0.65133,0.65169,3.00,1.50
2011.06.27 19:34:30.700,0.65136,0.6517,1.50,1.50
2011.06.27 19:34:38.532,0.65133,0.65169,1.50,1.50
2011.06.27 19:34:42.401,0.65135,0.65171,1.50,4.35
2011.06.27 19:34:42.843,0.65139,0.65173,1.50,2.25
2011.06.27 19:34:43.172,0.65147,0.65175,2.25,1.50
2011.06.27 19:34:43.392,0.65147,0.65177,2.25,1.50
2011.06.27 19:34:43.501,0.65147,0.65181,3.75,1.50
2011.06.27 19:34:45.432,0.65147,0.6518,2.25,1.50
2011.06.27 19:34:50.641,0.65147,0.65181,3.75,1.50
2011.06.27 19:34:51.861,0.65147,0.65178,2.25,1.50
2011.06.27 19:34:53.834,0.65147,0.65177,2.25,1.50
2011.06.27 19:34:54.502,0.65142,0.65177,1.50,1.50
2011.06.27 19:34:54.952,0.65147,0.65177,2.25,1.50
2011.06.27 19:34:55.721,0.65147,0.65176,2.25,1.50
2011.06.27 19:34:58.232,0.65147,0.65177,2.25,1.50
2011.06.27 19:34:58.802,0.65147,0.65176,2.25,1.50
2011.06.27 19:35:00.100,0.65147,0.65177,2.25,1.50
2011.06.27 19:35:02.269,0.65147,0.65176,2.25,1.50
2011.06.27 19:35:05.050,0.65147,0.65177,2.25,1.50
2011.06.27 19:35:16.083,0.65147,0.65176,2.25,1.50
2011.06.27 19:35:16.742,0.65147,0.65177,2.25,1.50
2011.06.27 19:35:17.371,0.65147,0.65176,2.25,1.50
2011.06.27 19:35:21.012,0.65146,0.65176,1.50,1.50
2011.06.27 19:35:24.894,0.65144,0.65176,3.00,1.50
2011.06.27 19:35:27.351,0.65146,0.65181,1.50,1.50
2011.06.27 19:35:28.310,0.65144,0.6518,3.00,1.50
2011.06.27 19:35:30.372,0.65148,0.6518,2.25,1.50
2011.06.27 19:35:34.825,0.65148,0.65176,2.25,1.50
2011.06.27 19:35:34.930,0.65144,0.65176,1.50,1.50
2011.06.27 19:35:36.145,0.65144,0.65177,1.50,1.50
2011.06.27 19:35:37.082,0.65148,0.65177,2.25,1.50
2011.06.27 19:35:37.761,0.65148,0.65176,2.25,1.50
2011.06.27 19:35:42.621,0.65147,0.65182,2.25,3.00
2011.06.27 19:35:42.732,0.65147,0.65179,2.25,1.50
2011.06.27 19:35:44.771,0.65147,0.65182,2.25,3.00
2011.06.27 19:35:44.881,0.65147,0.65179,2.25,1.50
2011.06.27 19:35:46.932,0.65147,0.6518,2.25,1.50
2011.06.27 19:35:47.875,0.65147,0.65179,2.25,1.50
2011.06.27 19:35:48.200,0.65147,0.65181,2.25,1.50
2011.06.27 19:35:51.501,0.65148,0.65181,1.50,1.50
2011.06.27 19:35:51.610,0.6515,0.65184,1.50,1.50
2011.06.27 19:35:52.291,0.65147,0.65181,3.75,3.00
2011.06.27 19:35:57.840,0.65148,0.65181,2.25,1.50
2011.06.27 19:35:59.393,0.65149,0.65183,1.50,1.50
2011.06.27 19:35:59.500,0.65149,0.65185,2.25,1.50
2011.06.27 19:35:59.721,0.65152,0.65186,1.50,1.50
2011.06.27 19:35:59.830,0.6515,0.65184,1.50,1.50
2011.06.27 19:36:03.151,0.65152,0.65186,1.88,1.50
2011.06.27 19:36:04.663,0.65154,0.65186,1.88,1.50
2011.06.27 19:36:04.881,0.65154,0.65189,1.88,1.35
2011.06.27 19:36:05.101,0.65149,0.65184,1.50,1.50
2011.06.27 19:36:05.211,0.65148,0.65182,5.25,2.25
2011.06.27 19:36:05.912,0.65149,0.65182,1.50,2.25
2011.06.27 19:36:06.463,0.6515,0.65182,2.25,2.25
2011.06.27 19:36:06.571,0.6515,0.65186,2.25,1.50
2011.06.27 19:36:07.453,0.6515,0.65186,1.88,1.50
2011.06.27 19:36:07.781,0.65153,0.65185,1.88,2.10
2011.06.27 19:36:08.003,0.65147,0.65183,3.75,2.10
2011.06.27 19:36:08.222,0.65153,0.65182,1.50,2.85
2011.06.27 19:36:08.552,0.6515,0.65182,1.50,2.85
2011.06.27 19:36:10.231,0.6515,0.65182,1.50,2.25
2011.06.27 19:36:11.241,0.6515,0.65183,1.50,2.25
2011.06.27 19:36:11.900,0.6515,0.65182,1.50,2.25
2011.06.27 19:36:12.234,0.65152,0.65183,1.50,2.25
2011.06.27 19:36:12.343,0.65152,0.65188,1.50,2.85
2011.06.27 19:36:13.204,0.65152,0.65183,1.50,2.25
2011.06.27 19:36:18.921,0.65151,0.65183,1.50,2.25
2011.06.27 19:36:23.871,0.65147,0.65181,3.75,1.50
2011.06.27 19:36:24.091,0.65147,0.65172,2.25,1.50
2011.06.27 19:36:24.641,0.65147,0.65171,2.25,1.50
2011.06.27 19:36:26.394,0.65147,0.65171,3.00,1.50
2011.06.27 19:36:26.611,0.65149,0.65182,2.25,1.50
2011.06.27 19:36:26.942,0.65149,0.65181,2.25,1.50
2011.06.27 19:36:27.053,0.65147,0.65172,2.25,1.50
2011.06.27 19:36:27.705,0.65148,0.65172,2.25,1.50
2011.06.27 19:36:30.121,0.65148,0.65171,2.25,1.50
2011.06.27 19:36:31.255,0.65148,0.65172,2.25,1.50
2011.06.27 19:36:32.994,0.65148,0.65171,2.25,1.50
2011.06.27 19:36:33.323,0.65148,0.65166,2.25,1.50
2011.06.27 19:36:33.542,0.65143,0.65166,1.50,1.50
2011.06.27 19:36:33.762,0.65135,0.65166,2.25,1.50
2011.06.27 19:36:34.325,0.65137,0.65166,1.50,1.50
2011.06.27 19:36:34.762,0.65137,0.65172,1.50,1.50
2011.06.27 19:36:34.872,0.65134,0.65166,1.50,1.50
2011.06.27 19:36:35.420,0.65134,0.65167,1.50,1.50
2011.06.27 19:36:35.641,0.65131,0.65166,1.50,1.50
2011.06.27 19:36:36.181,0.65131,0.65167,1.50,3.00
2011.06.27 19:36:37.089,0.65131,0.65166,1.50,1.50
2011.06.27 19:36:37.541,0.65131,0.65162,1.50,1.50
2011.06.27 19:36:38.171,0.65131,0.65161,1.50,1.50
2011.06.27 19:36:38.281,0.65131,0.65166,1.50,1.50
2011.06.27 19:36:40.303,0.65133,0.65166,1.50,1.50
2011.06.27 19:36:40.855,0.65132,0.65166,1.50,1.50
2011.06.27 19:36:43.041,0.65134,0.65168,1.50,1.50
2011.06.27 19:36:43.151,0.65134,0.6517,1.50,1.50
2011.06.27 19:36:52.044,0.65134,0.65169,1.50,1.50
2011.06.27 19:36:52.151,0.65133,0.65167,1.50,1.50
2011.06.27 19:36:52.481,0.65134,0.6517,1.50,2.25
2011.06.27 19:37:12.401,0.65137,0.65171,1.50,3.75
2011.06.27 19:37:18.892,0.65137,0.65171,1.88,2.25
2011.06.27 19:37:19.826,0.65134,0.6517,4.13,1.50
2011.06.27 19:37:21.342,0.65134,0.65165,3.38,1.50
2011.06.27 19:37:21.452,0.65134,0.65165,3.00,1.88
2011.06.27 19:37:21.563,0.65134,0.65162,1.50,1.50
2011.06.27 19:37:21.673,0.65128,0.65162,1.50,1.50
2011.06.27 19:37:21.782,0.65135,0.65167,1.50,2.10
2011.06.27 19:37:22.003,0.65133,0.65166,1.50,2.10
2011.06.27 19:37:22.112,0.65135,0.65168,1.50,2.10
2011.06.27 19:37:23.543,0.65135,0.65169,1.50,1.50
2011.06.27 19:37:23.871,0.65137,0.65171,1.50,3.00
2011.06.27 19:37:24.421,0.65139,0.65171,1.50,1.50
2011.06.27 19:37:24.752,0.65139,0.65165,1.50,2.25
2011.06.27 19:37:24.861,0.65128,0.65164,3.38,1.50
2011.06.27 19:37:24.972,0.65131,0.65165,1.50,3.38
2011.06.27 19:37:25.300,0.65134,0.6517,3.00,1.88
2011.06.27 19:37:25.630,0.65134,0.6517,3.00,1.50
2011.06.27 19:37:26.112,0.65137,0.65171,1.50,2.25
2011.06.27 19:37:26.613,0.65137,0.65171,1.88,2.25
2011.06.27 19:37:27.190,0.65139,0.65171,1.50,1.50
2011.06.27 19:37:27.524,0.65129,0.65165,4.13,2.48
2011.06.27 19:37:27.631,0.65129,0.65163,3.38,2.25
2011.06.27 19:37:27.742,0.65133,0.65163,1.50,2.25
2011.06.27 19:37:27.852,0.65133,0.65166,1.50,2.48
2011.06.27 19:37:28.181,0.65136,0.65169,1.50,2.48
2011.06.27 19:37:29.051,0.65136,0.6517,1.50,2.25
2011.06.27 19:37:31.581,0.65136,0.6517,1.50,3.00
2011.06.27 19:37:32.111,0.65136,0.6517,1.50,1.50
2011.06.27 19:37:34.022,0.65138,0.65172,1.50,4.50
2011.06.27 19:37:36.422,0.65146,0.65182,1.50,2.10
2011.06.27 19:37:36.862,0.65146,0.65182,1.50,1.50
2011.06.27 19:37:37.752,0.65144,0.65177,1.50,1.50
2011.06.27 19:37:38.300,0.65143,0.65177,1.50,1.50
2011.06.27 19:37:39.402,0.65141,0.65175,1.50,1.50
2011.06.27 19:37:41.442,0.65142,0.65178,1.50,1.50
2011.06.27 19:37:42.464,0.65142,0.65177,1.50,1.50
2011.06.27 19:37:42.769,0.6514,0.65176,1.50,1.50
2011.06.27 19:37:45.372,0.65143,0.65177,1.50,1.50
2011.06.27 19:37:45.703,0.65141,0.65177,1.50,1.50
2011.06.27 19:37:46.032,0.65147,0.65177,2.25,1.50
2011.06.27 19:37:46.252,0.65147,0.65179,2.25,1.50
2011.06.27 19:37:52.591,0.65148,0.65179,2.25,1.50
2011.06.27 19:37:57.364,0.65148,0.65176,2.25,1.50
2011.06.27 19:37:58.101,0.65148,0.65177,2.25,1.50
2011.06.27 19:38:00.421,0.65148,0.65181,2.25,1.50
2011.06.27 19:38:24.938,0.65149,0.65182,1.50,3.75
2011.06.27 19:38:25.943,0.65149,0.65183,1.50,1.50
2011.06.27 19:38:32.033,0.65147,0.65181,3.75,1.50
2011.06.27 19:38:49.012,0.65149,0.65183,1.50,1.50
2011.06.27 19:38:50.212,0.65147,0.65173,2.25,1.50
2011.06.27 19:38:50.431,0.65137,0.65171,1.88,2.25
2011.06.27 19:38:50.542,0.65148,0.65173,1.50,2.63
2011.06.27 19:38:50.763,0.65147,0.65179,3.23,1.50
2011.06.27 19:38:51.091,0.65148,0.65182,2.85,1.50
2011.06.27 19:38:51.722,0.65148,0.65172,2.25,1.50
2011.06.27 19:38:51.942,0.65138,0.65172,1.88,4.50
2011.06.27 19:38:52.572,0.65143,0.65175,1.50,1.50
2011.06.27 19:38:52.682,0.65139,0.65172,1.50,1.50
2011.06.27 19:38:52.901,0.65139,0.65172,1.50,4.88
2011.06.27 19:38:53.343,0.65139,0.65171,1.50,1.50
2011.06.27 19:38:53.885,0.65139,0.65172,1.50,4.50
2011.06.27 19:38:55.096,0.65139,0.65171,1.50,1.50
2011.06.27 19:39:01.031,0.65139,0.65172,1.50,4.50
2011.06.27 19:39:05.394,0.65137,0.65172,1.50,6.00
2011.06.27 19:39:05.723,0.65135,0.65169,1.50,1.50
2011.06.27 19:39:26.672,0.65132,0.65168,2.10,1.50
2011.06.27 19:39:27.212,0.65135,0.65169,1.50,1.50
2011.06.27 19:39:32.281,0.65136,0.65172,1.50,3.75
2011.06.27 19:39:32.501,0.65139,0.65173,1.50,1.50
2011.06.27 19:39:35.960,0.65139,0.65173,3.75,1.50
2011.06.27 19:39:36.071,0.6514,0.65176,1.88,2.25
2011.06.27 19:39:38.873,0.6514,0.65176,1.50,2.25
2011.06.27 19:39:42.401,0.6514,0.65176,1.50,3.00
2011.06.27 19:39:42.511,0.65137,0.65166,2.25,3.38
2011.06.27 19:39:42.623,0.65137,0.65162,2.25,2.25
2011.06.27 19:39:42.732,0.65128,0.65161,1.88,1.50
2011.06.27 19:39:42.841,0.65128,0.65157,1.88,1.50
2011.06.27 19:39:43.722,0.65128,0.65161,2.25,2.25
2011.06.27 19:39:43.832,0.65134,0.65162,1.88,3.00
2011.06.27 19:39:43.942,0.65134,0.6517,1.50,2.25
2011.06.27 19:39:44.052,0.65137,0.6517,2.25,2.25
2011.06.27 19:39:44.601,0.65138,0.65172,1.50,2.10
2011.06.27 19:39:45.262,0.65138,0.65174,1.50,1.50
2011.06.27 19:39:45.371,0.65141,0.65175,1.50,1.50
2011.06.27 19:39:47.331,0.65143,0.65177,1.50,5.25
2011.06.27 19:39:47.882,0.65142,0.65176,1.50,1.50
2011.06.27 19:39:49.371,0.65139,0.65175,1.50,1.50
2011.06.27 19:39:52.531,0.65139,0.65175,3.75,1.50
2011.06.27 19:39:52.642,0.65141,0.65177,1.88,3.00
2011.06.27 19:39:53.348,0.65141,0.65177,1.88,3.00
2011.06.27 19:39:55.481,0.65139,0.65175,3.60,1.50
2011.06.27 19:40:01.302,0.65138,0.65167,2.10,1.50
2011.06.27 19:40:01.522,0.65134,0.65166,3.38,1.50
2011.06.27 19:40:01.631,0.65133,0.65167,3.60,4.50
2011.06.27 19:40:01.742,0.65137,0.65167,2.25,3.75
2011.06.27 19:40:02.291,0.65137,0.65166,2.25,1.50
2011.06.27 19:40:05.202,0.65137,0.65171,2.25,3.60
2011.06.27 19:40:06.302,0.65138,0.65172,1.50,3.60
2011.06.27 19:40:19.941,0.65138,0.65172,1.50,3.00
2011.06.27 19:40:20.052,0.6514,0.65172,1.50,1.50
2011.06.27 19:40:20.428,0.6514,0.65174,1.50,2.25
2011.06.27 19:40:22.692,0.6514,0.65174,2.25,1.50
2011.06.27 19:40:23.682,0.6514,0.65167,2.25,1.50
2011.06.27 19:40:24.122,0.65137,0.65162,3.00,1.50
2011.06.27 19:40:24.232,0.65137,0.65162,2.25,1.50
2011.06.27 19:40:24.891,0.65137,0.65161,2.25,1.50
2011.06.27 19:40:25.442,0.65137,0.65162,2.25,1.50
2011.06.27 19:40:26.501,0.65137,0.65161,2.25,1.50
2011.06.27 19:40:26.611,0.65137,0.65169,2.25,1.50
2011.06.27 19:40:26.722,0.65138,0.65172,1.50,3.00
2011.06.27 19:40:29.360,0.65138,0.65171,1.50,1.50
2011.06.27 19:40:29.961,0.65137,0.65171,2.25,1.50
2011.06.27 19:40:30.945,0.65137,0.6517,2.25,1.50
2011.06.27 19:40:31.053,0.65137,0.65168,2.25,1.50
2011.06.27 19:40:33.863,0.65137,0.6517,3.75,1.50
2011.06.27 19:40:34.509,0.65137,0.65171,3.75,3.00
2011.06.27 19:40:48.192,0.65137,0.65169,3.75,2.10
2011.06.27 19:40:48.524,0.65129,0.65165,2.48,1.50
2011.06.27 19:40:48.633,0.65131,0.65167,1.50,1.50
2011.06.27 19:40:48.742,0.65137,0.65167,2.25,1.50
2011.06.27 19:40:53.554,0.65137,0.65169,2.25,1.50
2011.06.27 19:40:53.664,0.65137,0.65166,2.25,1.50
2011.06.27 19:40:53.884,0.65133,0.65166,1.50,1.50
2011.06.27 19:40:54.424,0.65128,0.65162,2.10,1.50
2011.06.27 19:40:58.383,0.65133,0.65162,1.50,1.50
2011.06.27 19:40:58.602,0.65133,0.65166,1.50,1.50
2011.06.27 19:40:58.712,0.65133,0.65169,3.00,1.50
2011.06.27 19:40:58.822,0.65138,0.65169,1.50,1.50
2011.06.27 19:40:59.161,0.65138,0.65172,3.00,1.50
2011.06.27 19:40:59.704,0.65139,0.65172,1.50,1.50
2011.06.27 19:41:00.260,0.65139,0.65173,1.50,3.00
2011.06.27 19:41:00.592,0.65134,0.65168,3.00,1.50
2011.06.27 19:41:22.862,0.65136,0.6517,1.50,2.25
2011.06.27 19:41:23.193,0.65133,0.65167,3.00,1.50
2011.06.27 19:41:24.251,0.65134,0.65167,1.50,1.50
2011.06.27 19:41:25.162,0.65133,0.65167,1.50,1.50
2011.06.27 19:41:32.406,0.65135,0.65169,1.50,1.50
2011.06.27 19:41:46.422,0.65137,0.65173,3.75,1.50
2011.06.27 19:41:46.913,0.65137,0.65169,2.25,1.50
2011.06.27 19:41:47.242,0.65138,0.65172,1.50,1.50
2011.06.27 19:41:51.402,0.65137,0.65171,2.25,1.50
2011.06.27 19:41:51.512,0.65138,0.65173,2.25,1.50
2011.06.27 19:42:00.266,0.65138,0.65172,2.25,1.50
2011.06.27 19:42:00.381,0.65138,0.6517,2.25,1.50
2011.06.27 19:42:03.571,0.65138,0.65173,2.25,1.50
2011.06.27 19:42:09.802,0.65138,0.6517,2.25,1.50
2011.06.27 19:42:09.911,0.65138,0.65173,2.25,3.00
2011.06.27 19:42:10.984,0.65143,0.65177,1.50,1.50
2011.06.27 19:42:11.204,0.65144,0.6518,1.50,1.50
2011.06.27 19:42:11.681,0.65144,0.65178,1.50,1.50
2011.06.27 19:42:11.796,0.65141,0.65177,1.50,1.50
2011.06.27 19:42:17.162,0.6514,0.65174,1.50,1.50
2011.06.27 19:42:19.037,0.65139,0.65172,1.50,1.50
2011.06.27 19:42:20.262,0.65138,0.65168,2.25,1.50
2011.06.27 19:42:21.882,0.65138,0.65169,2.25,1.50
2011.06.27 19:42:26.933,0.65138,0.65171,2.25,1.50
2011.06.27 19:42:31.742,0.65138,0.65169,2.25,2.85
2011.06.27 19:42:31.962,0.65128,0.65162,4.13,2.25
2011.06.27 19:42:32.892,0.65128,0.65162,4.50,2.25
2011.06.27 19:42:33.113,0.65133,0.65168,3.23,1.50
2011.06.27 19:42:33.672,0.65138,0.65172,2.25,3.98
2011.06.27 19:42:42.238,0.65138,0.6517,2.25,1.50
2011.06.27 19:42:43.732,0.65138,0.65163,2.25,1.50
2011.06.27 19:42:43.952,0.65127,0.65162,1.88,2.25
2011.06.27 19:42:46.402,0.65127,0.65151,1.88,2.10
2011.06.27 19:42:47.062,0.65121,0.65151,1.88,2.10
2011.06.27 19:42:47.992,0.65121,0.65155,2.10,1.50
2011.06.27 19:42:48.102,0.65123,0.65157,1.50,1.50
2011.06.27 19:42:48.212,0.65125,0.65159,1.50,2.10
2011.06.27 19:42:48.431,0.65122,0.65158,2.10,1.50
2011.06.27 19:42:55.792,0.65125,0.65159,1.50,2.10
2011.06.27 19:42:57.245,0.65126,0.65161,1.50,2.10
2011.06.27 19:43:01.714,0.65126,0.65162,1.50,3.00
2011.06.27 19:43:01.932,0.65126,0.65162,2.25,1.50
2011.06.27 19:43:02.484,0.65129,0.65163,2.25,1.50
2011.06.27 19:43:05.001,0.65127,0.65161,2.25,1.50
2011.06.27 19:43:06.865,0.65128,0.65164,2.25,1.50
2011.06.27 19:43:07.413,0.65129,0.65164,2.25,1.50
2011.06.27 19:43:07.633,0.65137,0.65164,2.25,1.50
2011.06.27 19:43:07.742,0.65139,0.65173,1.50,1.50
2011.06.27 19:43:10.793,0.65137,0.65172,2.25,1.50
2011.06.27 19:43:12.372,0.65136,0.65172,1.50,3.75
2011.06.27 19:43:17.662,0.65134,0.65168,1.50,1.50
2011.06.27 19:43:17.882,0.65135,0.6517,1.50,1.50
2011.06.27 19:43:18.431,0.65135,0.65171,1.50,1.50
2011.06.27 19:43:19.864,0.65138,0.65171,3.00,1.50
2011.06.27 19:43:20.304,0.6514,0.65174,1.50,1.50
2011.06.27 19:43:20.414,0.65145,0.65174,1.50,1.50
2011.06.27 19:43:20.524,0.65146,0.65181,1.50,3.00
2011.06.27 19:43:20.632,0.65144,0.6518,1.50,1.50
2011.06.27 19:43:20.915,0.6515,0.65186,1.50,1.50
2011.06.27 19:43:21.242,0.65149,0.65182,1.50,1.50
2011.06.27 19:43:22.005,0.65149,0.65181,1.50,1.50
2011.06.27 19:43:22.861,0.65149,0.65182,1.50,1.50
2011.06.27 19:43:35.963,0.65152,0.65186,1.50,1.50
2011.06.27 19:43:36.294,0.6515,0.65181,1.50,1.50
2011.06.27 19:43:37.102,0.6515,0.65182,1.50,1.50
2011.06.27 19:43:39.591,0.6515,0.65181,1.50,1.50
2011.06.27 19:43:45.413,0.6515,0.65182,1.50,1.50
2011.06.27 19:43:46.462,0.6515,0.65182,2.25,1.50
2011.06.27 19:43:46.682,0.6515,0.65184,2.25,1.50
2011.06.27 19:43:47.232,0.65157,0.65187,2.25,3.00
2011.06.27 19:43:47.452,0.65157,0.65191,2.25,1.50
2011.06.27 19:43:48.232,0.65158,0.65191,2.25,1.50
2011.06.27 19:43:53.361,0.65155,0.65191,1.50,1.50
2011.06.27 19:43:53.912,0.65155,0.6519,1.50,1.50
2011.06.27 19:43:54.303,0.65154,0.65188,1.50,1.50
2011.06.27 19:43:59.674,0.65151,0.65185,1.50,1.50
2011.06.27 19:43:59.785,0.65148,0.65184,5.25,1.50
2011.06.27 19:44:00.004,0.65149,0.65184,1.88,2.10
2011.06.27 19:44:07.331,0.65148,0.65184,4.13,2.10
2011.06.27 19:44:09.936,0.65149,0.65183,1.88,1.50
2011.06.27 19:44:11.151,0.65149,0.65183,1.88,1.50
2011.06.27 19:44:12.281,0.65149,0.65183,2.25,1.50
2011.06.27 19:44:12.722,0.6515,0.65186,1.88,3.60
2011.06.27 19:44:13.752,0.6515,0.65186,2.25,2.10
2011.06.27 19:44:15.473,0.65152,0.65187,2.25,1.50
2011.06.27 19:44:15.583,0.65155,0.65189,1.50,1.50
2011.06.27 19:44:15.911,0.65157,0.65189,2.25,1.50
2011.06.27 19:44:20.473,0.65152,0.65185,1.13,1.50
2011.06.27 19:44:21.636,0.65152,0.65185,1.13,2.10
2011.06.27 19:44:21.755,0.65151,0.65182,1.50,1.50
2011.06.27 19:44:21.863,0.65147,0.65181,2.25,1.50
2011.06.27 19:44:21.973,0.65147,0.65181,2.25,2.25
2011.06.27 19:44:22.231,0.65145,0.65181,1.50,2.25
2011.06.27 19:44:22.454,0.65145,0.65177,1.50,1.50
2011.06.27 19:44:22.563,0.65139,0.65175,1.50,1.50
2011.06.27 19:44:32.903,0.65138,0.65172,1.50,1.50
2011.06.27 19:44:33.432,0.65137,0.65172,2.25,1.50
2011.06.27 19:44:44.304,0.65137,0.65167,2.25,1.50
2011.06.27 19:44:44.624,0.65131,0.65167,2.25,1.50
2011.06.27 19:44:45.214,0.65131,0.65167,1.50,1.50
2011.06.27 19:44:53.904,0.65135,0.65169,1.50,1.50
2011.06.27 19:44:54.482,0.65136,0.65172,1.50,1.50
2011.06.27 19:44:54.702,0.65135,0.6517,1.50,1.50
2011.06.27 19:44:55.182,0.65136,0.65172,1.50,3.00
2011.06.27 19:44:56.282,0.65136,0.65171,1.50,1.50
2011.06.27 19:44:56.502,0.65134,0.6517,1.50,1.50
2011.06.27 19:45:00.322,0.65133,0.65166,1.50,1.50
2011.06.27 19:45:00.668,0.6513,0.65164,1.50,1.50
2011.06.27 19:45:00.766,0.65127,0.65161,1.50,1.50
2011.06.27 19:45:01.093,0.65131,0.65165,1.50,1.50
2011.06.27 19:45:02.751,0.65128,0.65164,1.50,1.50
2011.06.27 19:45:03.924,0.65123,0.65157,1.50,2.25
2011.06.27 19:45:04.253,0.65121,0.65155,1.50,1.50
2011.06.27 19:45:10.634,0.65123,0.65157,1.50,1.50
2011.06.27 19:45:11.544,0.65121,0.65155,1.50,1.50
2011.06.27 19:45:13.195,0.65119,0.65153,3.00,1.50
2011.06.27 19:45:13.522,0.6512,0.65156,1.50,3.00
2011.06.27 19:45:16.946,0.65119,0.65153,1.50,2.85
2011.06.27 19:45:17.162,0.65114,0.6515,1.50,1.50
2011.06.27 19:45:17.382,0.65116,0.65152,1.50,1.50
2011.06.27 19:45:17.786,0.65118,0.65154,1.50,2.10
2011.06.27 19:45:19.372,0.65118,0.65154,1.50,1.50
2011.06.27 19:45:20.383,0.65123,0.65157,1.50,1.50
2011.06.27 19:45:21.042,0.65123,0.65157,1.50,2.25
2011.06.27 19:45:21.185,0.65123,0.65157,1.50,1.50
2011.06.27 19:45:21.403,0.65121,0.65155,1.50,1.50
2011.06.27 19:45:23.925,0.65122,0.65155,1.50,1.50
2011.06.27 19:45:24.033,0.65123,0.65157,1.50,1.50
2011.06.27 19:45:24.253,0.65123,0.65159,1.50,1.50
2011.06.27 19:45:24.362,0.65127,0.65163,1.50,3.75
2011.06.27 19:45:24.802,0.65125,0.65161,3.00,1.50
2011.06.27 19:45:25.132,0.65127,0.65161,1.50,1.50
2011.06.27 19:45:25.352,0.65128,0.65164,1.50,1.50
2011.06.27 19:45:26.583,0.65128,0.65164,1.50,2.25
2011.06.27 19:45:27.873,0.65132,0.65166,1.50,2.25
2011.06.27 19:45:27.984,0.65132,0.65166,1.50,1.50
2011.06.27 19:45:28.982,0.6513,0.65164,1.50,1.50
2011.06.27 19:45:30.324,0.6513,0.65164,1.50,2.25
2011.06.27 19:45:30.653,0.6513,0.65162,1.50,2.25
2011.06.27 19:45:30.872,0.65121,0.65157,1.50,1.50
2011.06.27 19:45:31.702,0.65119,0.65155,1.50,1.50
2011.06.27 19:45:35.163,0.65121,0.65155,1.50,1.50
2011.06.27 19:45:35.604,0.65119,0.65152,1.50,1.50
2011.06.27 19:45:35.822,0.65115,0.65149,1.50,1.50
2011.06.27 19:45:36.492,0.65117,0.65151,1.50,1.50
2011.06.27 19:45:36.712,0.65118,0.65154,1.50,1.50
2011.06.27 19:45:40.651,0.65121,0.65157,1.50,3.75
2011.06.27 19:45:41.272,0.65121,0.65157,1.50,3.00
2011.06.27 19:45:42.350,0.65121,0.65156,1.50,1.50
2011.06.27 19:45:42.805,0.65121,0.65151,1.50,1.50
2011.06.27 19:45:42.913,0.65113,0.65149,2.10,1.50
2011.06.27 19:45:43.134,0.65113,0.65147,1.50,1.50
2011.06.27 19:45:43.354,0.65113,0.65149,1.50,1.50
2011.06.27 19:45:43.983,0.65115,0.65149,1.50,1.50
2011.06.27 19:45:44.324,0.65112,0.65147,2.25,1.50
2011.06.27 19:45:45.124,0.65112,0.65146,2.25,1.50
2011.06.27 19:45:45.781,0.65112,0.65147,2.25,1.50
2011.06.27 19:45:46.845,0.65112,0.65146,2.25,1.50
2011.06.27 19:45:48.072,0.65112,0.65147,2.25,1.50
2011.06.27 19:45:49.154,0.65112,0.65148,2.25,1.50
2011.06.27 19:45:49.263,0.65116,0.6515,1.50,1.50
2011.06.27 19:45:57.263,0.65118,0.65154,1.50,1.50
2011.06.27 19:46:00.992,0.65117,0.65151,1.50,1.50
2011.06.27 19:46:05.142,0.65118,0.65154,1.50,1.50
2011.06.27 19:46:06.593,0.65119,0.65154,1.50,1.50
2011.06.27 19:46:06.924,0.65121,0.65155,1.50,1.50
2011.06.27 19:46:10.623,0.65123,0.65156,1.50,1.50
2011.06.27 19:46:11.651,0.65123,0.65157,1.50,1.50
2011.06.27 19:46:12.313,0.65125,0.65159,1.50,1.50
2011.06.27 19:46:25.995,0.65122,0.65158,1.50,1.50
2011.06.27 19:46:28.682,0.65125,0.65159,1.50,1.50
2011.06.27 19:46:29.412,0.65126,0.65162,1.50,3.00
2011.06.27 19:46:29.962,0.65126,0.65161,1.50,1.50
2011.06.27 19:46:30.996,0.65126,0.65162,1.50,3.00
2011.06.27 19:46:31.503,0.65126,0.65161,1.50,1.50
2011.06.27 19:46:32.470,0.65126,0.65162,1.50,3.00
2011.06.27 19:46:36.214,0.65126,0.65161,1.50,1.50
2011.06.27 19:46:37.362,0.65126,0.65162,1.50,3.00
2011.06.27 19:46:42.063,0.65126,0.65161,1.50,1.50
2011.06.27 19:46:42.575,0.65126,0.65162,1.50,3.00
2011.06.27 19:46:42.792,0.65125,0.65159,1.50,1.50
2011.06.27 19:46:49.450,0.65126,0.65162,1.50,3.00
2011.06.27 19:46:50.002,0.65125,0.65159,1.50,1.50
2011.06.27 19:46:54.563,0.65127,0.65161,3.00,3.00
2011.06.27 19:46:55.115,0.65131,0.65161,1.50,1.50
2011.06.27 19:46:55.223,0.65131,0.65165,1.50,1.50
2011.06.27 19:46:55.444,0.65133,0.65167,1.50,2.10
2011.06.27 19:46:55.554,0.65135,0.65169,1.50,1.50
2011.06.27 19:46:55.662,0.65132,0.65168,1.50,1.50
2011.06.27 19:46:55.884,0.65135,0.65169,1.50,1.50
2011.06.27 19:46:56.435,0.65133,0.65167,1.50,1.50
2011.06.27 19:46:56.763,0.65131,0.65165,1.50,1.50
2011.06.27 19:46:58.003,0.65129,0.65163,1.50,1.50
2011.06.27 19:47:00.663,0.65132,0.65165,1.50,1.50
2011.06.27 19:47:00.772,0.65132,0.65167,1.50,2.25
2011.06.27 19:47:03.773,0.65132,0.65166,1.50,1.50
2011.06.27 19:47:04.480,0.65132,0.65168,1.50,2.25
2011.06.27 19:47:04.703,0.65139,0.65171,1.50,1.35
2011.06.27 19:47:04.814,0.65136,0.65171,1.50,1.35
2011.06.27 19:47:09.504,0.65136,0.65172,1.50,3.60
2011.06.27 19:47:09.722,0.65134,0.6517,3.00,1.50
2011.06.27 19:47:13.653,0.65136,0.65171,1.50,1.50
2011.06.27 19:47:14.813,0.65136,0.65172,1.50,3.00
2011.06.27 19:47:15.743,0.65136,0.65171,1.50,1.50
2011.06.27 19:47:16.306,0.65136,0.65172,1.50,1.50
2011.06.27 19:47:18.542,0.65135,0.65169,1.50,1.50
2011.06.27 19:47:21.422,0.65138,0.65172,1.50,3.75
2011.06.27 19:47:36.923,0.65138,0.65172,1.88,1.50
2011.06.27 19:47:37.254,0.65142,0.65175,1.50,1.50
2011.06.27 19:47:37.364,0.65144,0.65178,3.00,2.10
2011.06.27 19:47:37.475,0.65146,0.6518,1.50,3.00
2011.06.27 19:47:37.913,0.65144,0.65178,3.00,1.50
2011.06.27 19:47:38.462,0.65143,0.65179,2.10,1.50
2011.06.27 19:47:41.863,0.65145,0.65181,1.50,3.00
2011.06.27 19:47:55.614,0.65145,0.65181,2.25,1.50
2011.06.27 19:48:01.723,0.6515,0.65181,1.50,1.50
2011.06.27 19:48:01.832,0.65152,0.65186,1.50,1.50
2011.06.27 19:48:02.052,0.65154,0.65186,1.50,1.50
2011.06.27 19:48:02.815,0.65154,0.65188,2.25,1.50
2011.06.27 19:48:05.584,0.65154,0.65188,2.25,1.50
2011.06.27 19:48:07.473,0.65154,0.65188,4.50,1.50
2011.06.27 19:48:13.607,0.65154,0.65188,4.50,1.50
2011.06.27 19:48:13.932,0.65156,0.6519,2.25,1.50
2011.06.27 19:48:20.322,0.65154,0.65188,2.25,1.50
2011.06.27 19:48:37.306,0.65154,0.65178,1.50,1.50
2011.06.27 19:48:37.743,0.65139,0.65173,2.25,1.50
2011.06.27 19:48:37.853,0.6514,0.65176,2.25,1.50
2011.06.27 19:48:38.182,0.6514,0.65176,1.50,1.50
2011.06.27 19:48:40.932,0.6514,0.65176,1.88,3.00
2011.06.27 19:48:50.233,0.6514,0.65176,1.50,3.60
2011.06.27 19:48:51.184,0.6514,0.65176,1.50,4.35
2011.06.27 19:48:52.535,0.6514,0.65176,1.88,3.60
2011.06.27 19:48:56.054,0.65142,0.65177,1.88,1.35
2011.06.27 19:49:01.813,0.65141,0.65175,3.38,1.50
2011.06.27 19:49:10.082,0.65141,0.65174,1.50,2.48
2011.06.27 19:49:10.415,0.65134,0.65167,1.50,1.50
2011.06.27 19:49:10.634,0.65135,0.65169,2.25,1.50
2011.06.27 19:49:10.963,0.65134,0.65167,1.13,1.50
2011.06.27 19:49:12.565,0.65133,0.65167,1.88,1.50
2011.06.27 19:49:13.194,0.65131,0.65165,2.48,1.50
2011.06.27 19:49:13.934,0.65131,0.65165,2.85,1.50
2011.06.27 19:49:14.155,0.65135,0.65171,1.88,2.48
2011.06.27 19:49:15.223,0.65135,0.65171,1.88,2.10
2011.06.27 19:49:20.544,0.65141,0.65177,1.88,2.63
2011.06.27 19:49:20.873,0.65141,0.65177,1.88,1.50
2011.06.27 19:49:24.614,0.65144,0.65179,4.13,1.13
2011.06.27 19:49:25.162,0.65144,0.6518,2.63,3.60
2011.06.27 19:49:25.672,0.65144,0.6518,1.88,3.23
2011.06.27 19:49:26.002,0.65143,0.65177,2.48,1.50
2011.06.27 19:49:31.322,0.65145,0.65177,2.25,1.50
2011.06.27 19:49:31.433,0.65147,0.6518,1.88,1.35
2011.06.27 19:49:31.762,0.6515,0.65184,1.88,4.35
2011.06.27 19:49:32.643,0.6515,0.65184,1.88,4.35
2011.06.27 19:49:32.754,0.65153,0.65186,2.10,3.00
2011.06.27 19:49:33.097,0.65159,0.65193,1.50,2.10
2011.06.27 19:49:34.534,0.65155,0.65189,1.50,1.50
2011.06.27 19:49:34.973,0.65157,0.65191,1.50,1.50
2011.06.27 19:49:35.192,0.65157,0.65193,3.75,1.50
2011.06.27 19:49:38.623,0.65163,0.65196,1.50,3.00
2011.06.27 19:49:39.136,0.65163,0.65197,3.00,1.50
2011.06.27 19:49:39.903,0.65164,0.65197,1.50,1.50
2011.06.27 19:49:41.371,0.65164,0.65197,1.50,1.50
2011.06.27 19:49:41.922,0.65164,0.65196,1.50,1.50
2011.06.27 19:49:42.033,0.65163,0.65198,1.50,1.50
2011.06.27 19:49:42.143,0.65163,0.65196,1.50,1.50
2011.06.27 19:49:43.084,0.65163,0.65198,1.50,1.50
2011.06.27 19:49:48.794,0.65163,0.65198,1.13,1.50
2011.06.27 19:49:54.803,0.65164,0.65198,1.13,1.50
2011.06.27 19:49:54.914,0.65161,0.65196,2.10,1.50
2011.06.27 19:49:55.133,0.6516,0.65196,2.48,1.50
2011.06.27 19:49:55.243,0.65159,0.65193,3.60,1.50
2011.06.27 19:49:59.755,0.6516,0.65193,1.35,1.50
2011.06.27 19:49:59.863,0.6516,0.65196,2.85,1.50
2011.06.27 19:50:01.242,0.6516,0.65196,2.48,2.25
2011.06.27 19:50:01.682,0.65158,0.65194,2.25,2.25
2011.06.27 19:50:01.903,0.6516,0.65196,2.25,1.50
2011.06.27 19:50:02.013,0.65164,0.65198,2.25,2.10
2011.06.27 19:50:02.594,0.65165,0.65198,1.35,1.50
2011.06.27 19:50:02.923,0.65168,0.65198,1.50,1.50
2011.06.27 19:50:03.035,0.65168,0.65203,1.50,2.10
2011.06.27 19:50:03.253,0.65165,0.65199,2.48,1.50
2011.06.27 19:50:04.865,0.65165,0.65199,1.88,2.10
2011.06.27 19:50:08.353,0.65161,0.65195,2.85,1.50
2011.06.27 19:50:09.844,0.65163,0.65195,1.50,1.50
2011.06.27 19:50:10.393,0.65165,0.65199,1.88,2.48
2011.06.27 19:50:11.163,0.65165,0.65199,2.25,2.48
2011.06.27 19:50:13.962,0.65165,0.65199,2.63,2.10
2011.06.27 19:50:17.024,0.65168,0.65201,1.35,1.50
2011.06.27 19:50:17.243,0.65169,0.65201,2.85,1.50
2011.06.27 19:50:17.793,0.6517,0.65204,2.10,2.10
2011.06.27 19:50:17.903,0.65173,0.65205,1.50,2.10
2011.06.27 19:50:18.502,0.65173,0.65209,1.50,2.10
2011.06.27 19:50:18.723,0.65173,0.65203,1.88,1.50
2011.06.27 19:50:18.942,0.65174,0.65205,1.88,1.50
2011.06.27 19:50:19.961,0.65173,0.65206,1.88,1.50
2011.06.27 19:50:25.812,0.65173,0.65206,1.88,1.50
2011.06.27 19:50:33.843,0.65173,0.65203,1.88,1.50
2011.06.27 19:50:36.964,0.65174,0.65203,1.88,1.50
2011.06.27 19:50:38.094,0.65173,0.65203,1.88,1.50
2011.06.27 19:50:41.433,0.65169,0.65203,4.50,1.50
2011.06.27 19:51:07.276,0.6517,0.65205,1.88,1.50
2011.06.27 19:51:07.814,0.6517,0.65206,2.25,1.50
2011.06.27 19:51:12.255,0.65174,0.65206,1.88,1.50
2011.06.27 19:51:18.194,0.65174,0.65206,2.25,1.50
2011.06.27 19:51:18.305,0.65178,0.65208,1.88,1.50
2011.06.27 19:51:23.823,0.65178,0.65208,1.50,1.50
2011.06.27 19:51:23.932,0.65178,0.65208,1.50,2.10
2011.06.27 19:51:25.112,0.65179,0.65206,1.50,2.10
2011.06.27 19:51:26.462,0.65178,0.65206,1.50,2.10
2011.06.27 19:51:28.483,0.65178,0.65206,2.48,1.50
2011.06.27 19:51:29.073,0.65179,0.6521,2.48,1.50
2011.06.27 19:51:30.594,0.65178,0.65209,2.48,1.50
2011.06.27 19:51:31.415,0.65178,0.65209,2.10,1.88
2011.06.27 19:51:31.524,0.65173,0.65205,1.88,2.10
2011.06.27 19:51:35.794,0.65174,0.65207,1.88,2.10
2011.06.27 19:51:37.436,0.65175,0.65208,2.25,2.10
2011.06.27 19:51:37.542,0.65176,0.65209,1.35,1.50
2011.06.27 19:51:38.986,0.65172,0.65204,2.25,2.10
2011.06.27 19:51:39.095,0.65169,0.65202,1.50,2.10
2011.06.27 19:51:39.314,0.65164,0.65195,1.50,1.50
2011.06.27 19:51:39.973,0.65164,0.65197,1.50,1.50
2011.06.27 19:51:41.623,0.65163,0.65197,3.00,1.50
2011.06.27 19:51:42.803,0.65164,0.65197,1.50,1.50
2011.06.27 19:51:45.453,0.65163,0.65197,3.00,1.50
2011.06.27 19:51:46.882,0.65164,0.65197,1.50,1.50
2011.06.27 19:51:50.323,0.65163,0.65197,3.00,1.50
2011.06.27 19:51:50.879,0.65164,0.65197,1.50,1.50
2011.06.27 19:51:51.562,0.65165,0.65199,1.50,1.50
2011.06.27 19:51:51.784,0.65164,0.65197,1.50,1.50
2011.06.27 19:51:54.562,0.65163,0.65197,3.00,1.50
2011.06.27 19:51:55.283,0.65164,0.65197,1.50,1.50
2011.06.27 19:51:58.823,0.65163,0.65197,3.00,1.50
2011.06.27 19:52:00.678,0.65164,0.65197,1.50,1.50
2011.06.27 19:52:01.354,0.65163,0.65197,3.00,1.50
2011.06.27 19:52:04.114,0.65164,0.65197,1.50,1.50
2011.06.27 19:52:07.732,0.65164,0.652,1.50,3.00
2011.06.27 19:52:18.823,0.65169,0.652,1.50,1.50
2011.06.27 19:52:22.293,0.65168,0.652,1.50,1.50
2011.06.27 19:52:25.093,0.65169,0.652,1.50,1.50
2011.06.27 19:52:25.313,0.65169,0.65202,1.50,2.10
2011.06.27 19:52:25.969,0.65168,0.65202,1.50,2.10
2011.06.27 19:52:27.002,0.65169,0.65202,1.50,2.10
2011.06.27 19:52:31.183,0.65168,0.65202,1.50,2.10
2011.06.27 19:52:34.166,0.65169,0.65202,1.50,2.10
2011.06.27 19:52:34.765,0.65168,0.65202,1.50,2.10
2011.06.27 19:52:44.787,0.65168,0.65199,1.50,1.50
2011.06.27 19:52:45.651,0.65169,0.65199,1.50,1.50
2011.06.27 19:52:47.365,0.65168,0.65199,1.50,1.50
2011.06.27 19:52:47.472,0.65168,0.65202,3.00,1.50
2011.06.27 19:52:48.243,0.65169,0.65202,1.50,1.50
2011.06.27 19:52:48.792,0.65168,0.65202,3.00,1.50
2011.06.27 19:52:49.342,0.65169,0.65202,1.50,1.50
2011.06.27 19:52:54.193,0.65169,0.65198,1.50,1.50
2011.06.27 19:52:54.413,0.65169,0.65201,1.50,1.50
2011.06.27 19:52:55.343,0.65168,0.65201,1.50,1.50
2011.06.27 19:52:58.462,0.65169,0.65201,1.50,1.50
2011.06.27 19:52:59.843,0.65168,0.65201,1.50,1.50
2011.06.27 19:53:00.403,0.65169,0.65202,1.50,1.50
2011.06.27 19:53:05.572,0.65168,0.65202,3.00,1.50
2011.06.27 19:53:07.003,0.65169,0.65202,1.50,1.50
2011.06.27 19:53:08.902,0.65168,0.65202,3.00,1.50
2011.06.27 19:53:14.793,0.65166,0.652,1.50,1.50
2011.06.27 19:53:15.674,0.65168,0.65202,1.50,1.50
2011.06.27 19:53:45.243,0.65165,0.65199,1.50,1.50
2011.06.27 19:53:46.002,0.65168,0.65202,1.50,3.75
2011.06.27 19:53:55.259,0.65169,0.65202,1.50,3.75
2011.06.27 19:53:55.803,0.65168,0.65202,3.00,3.75
2011.06.27 19:54:10.007,0.65168,0.65201,1.50,1.50
2011.06.27 19:54:10.223,0.65166,0.652,1.50,1.50
2011.06.27 19:54:16.184,0.65167,0.65202,1.50,2.25
2011.06.27 19:54:43.374,0.65165,0.65201,1.50,1.50
2011.06.27 19:54:43.485,0.65167,0.65201,1.50,1.50
2011.06.27 19:54:51.075,0.65165,0.65199,1.50,1.50
2011.06.27 19:54:51.404,0.65165,0.65199,2.25,1.50
2011.06.27 19:54:53.706,0.65166,0.65202,1.88,2.10
2011.06.27 19:55:09.513,0.65165,0.65199,2.25,1.50
2011.06.27 19:55:36.005,0.65163,0.65198,1.50,1.50
2011.06.27 19:55:36.573,0.65163,0.65197,1.50,1.50
2011.06.27 19:55:37.104,0.65164,0.65196,1.50,1.50
2011.06.27 19:55:40.503,0.65163,0.65197,1.50,1.50
2011.06.27 19:55:42.016,0.65163,0.65197,1.50,1.50
2011.06.27 19:55:42.701,0.65163,0.65197,3.00,3.00
2011.06.27 19:55:43.314,0.65164,0.65196,1.50,1.50
2011.06.27 19:55:46.332,0.65163,0.65197,3.00,3.00
2011.06.27 19:55:46.836,0.65164,0.65196,1.50,1.50
2011.06.27 19:55:47.795,0.65163,0.65197,3.00,3.00
2011.06.27 19:55:49.018,0.65164,0.65196,1.50,1.50
2011.06.27 19:55:49.563,0.65163,0.65197,3.00,3.00
2011.06.27 19:55:50.843,0.65164,0.65196,1.50,1.50
2011.06.27 19:55:51.724,0.65164,0.65197,2.25,1.50
2011.06.27 19:55:52.491,0.65164,0.65196,3.00,1.50
2011.06.27 19:55:54.752,0.65164,0.65196,3.00,1.50
2011.06.27 19:55:55.832,0.65164,0.65196,3.00,1.50
2011.06.27 19:55:57.702,0.65164,0.65197,2.25,1.50
2011.06.27 19:55:58.243,0.65164,0.65196,3.00,1.50
2011.06.27 19:55:58.603,0.65164,0.65197,2.25,1.50
2011.06.27 19:55:59.832,0.65164,0.65196,3.00,1.50
2011.06.27 19:56:00.382,0.65164,0.65197,2.25,1.50
2011.06.27 19:56:00.932,0.65164,0.65196,3.00,1.50
2011.06.27 19:56:02.181,0.65164,0.65197,2.25,1.50
2011.06.27 19:56:02.295,0.65164,0.652,2.25,1.50
2011.06.27 19:56:02.843,0.65166,0.65201,3.00,1.50
2011.06.27 19:56:03.393,0.65166,0.65201,2.63,1.50
2011.06.27 19:56:04.818,0.65166,0.652,1.13,1.50
2011.06.27 19:56:12.743,0.65167,0.65201,1.88,3.00
2011.06.27 19:56:15.404,0.65166,0.652,1.13,1.50
2011.06.27 19:56:22.534,0.65166,0.652,1.50,1.50
2011.06.27 19:56:22.763,0.65166,0.65202,3.00,3.75
2011.06.27 19:57:01.243,0.65164,0.65199,1.50,1.50
2011.06.27 19:57:01.792,0.65163,0.65199,1.50,1.50
2011.06.27 19:57:10.852,0.65164,0.65199,1.50,1.50
2011.06.27 19:57:11.533,0.65163,0.65199,3.00,1.50
2011.06.27 19:57:12.487,0.65164,0.65199,1.50,1.50
2011.06.27 19:57:15.513,0.65163,0.65199,1.50,1.50
2011.06.27 19:57:19.924,0.65162,0.65196,1.50,1.50
2011.06.27 19:57:29.223,0.65163,0.65199,1.50,1.50
2011.06.27 19:57:36.974,0.65166,0.652,1.50,1.50
2011.06.27 19:57:37.854,0.65164,0.65198,3.00,1.50
2011.06.27 19:57:45.374,0.65162,0.65196,3.00,1.50
2011.06.27 19:58:28.623,0.65163,0.65199,1.50,2.10
2011.06.27 19:58:30.035,0.65163,0.65198,1.50,1.50
2011.06.27 19:58:30.144,0.6516,0.65196,1.50,1.50
2011.06.27 19:58:30.583,0.65162,0.65198,1.50,1.50
2011.06.27 19:58:34.133,0.65162,0.65197,1.50,1.50
2011.06.27 19:58:36.913,0.65162,0.65196,1.50,1.50
2011.06.27 19:58:40.813,0.65162,0.65198,1.50,1.50
2011.06.27 19:58:40.923,0.65166,0.652,1.50,2.10
2011.06.27 19:58:41.346,0.65163,0.65199,1.50,2.10
2011.06.27 19:58:42.834,0.65161,0.65197,3.75,1.50
2011.06.27 19:58:43.563,0.65161,0.65196,1.50,1.50
2011.06.27 19:58:45.907,0.65161,0.65197,1.50,3.00
2011.06.27 19:58:46.721,0.65161,0.65196,1.50,1.50
2011.06.27 19:58:49.662,0.65161,0.65197,1.50,3.00
2011.06.27 19:58:51.292,0.65161,0.65196,1.50,1.50
2011.06.27 19:58:58.162,0.65161,0.65197,1.50,3.00
2011.06.27 19:58:59.267,0.65161,0.65196,1.50,1.50
2011.06.27 19:58:59.811,0.65163,0.65196,1.50,1.50
2011.06.27 19:59:00.362,0.65163,0.65197,1.50,1.50
2011.06.27 19:59:00.912,0.65163,0.65196,1.50,1.50
2011.06.27 19:59:01.686,0.65163,0.65197,1.50,1.50
2011.06.27 19:59:02.232,0.65163,0.65196,1.50,1.50
2011.06.27 19:59:04.902,0.65163,0.65197,1.50,1.50
2011.06.27 19:59:05.424,0.65163,0.65196,1.50,1.50
2011.06.27 19:59:05.972,0.65162,0.65196,1.50,3.00
2011.06.27 19:59:06.972,0.65161,0.65196,1.50,1.50
2011.06.27 19:59:07.522,0.65161,0.65197,1.50,3.00
2011.06.27 19:59:09.333,0.65164,0.65196,1.50,1.50
2011.06.27 19:59:10.072,0.65166,0.65196,1.50,1.50
2011.06.27 19:59:10.378,0.65166,0.652,1.50,1.50
2011.06.27 19:59:11.363,0.65163,0.65197,3.00,1.50
2011.06.27 19:59:12.383,0.65163,0.65196,1.50,1.50
2011.06.27 19:59:12.493,0.65161,0.65196,1.50,1.50
2011.06.27 19:59:15.986,0.65161,0.65197,1.50,3.00
2011.06.27 19:59:16.522,0.65161,0.65196,1.50,1.50
2011.06.27 19:59:17.854,0.65167,0.65197,1.50,1.50
2011.06.27 19:59:18.072,0.65167,0.65202,1.50,4.50
2011.06.27 19:59:18.622,0.65167,0.65201,1.50,1.50
2011.06.27 19:59:19.174,0.65165,0.65201,3.00,3.00
2011.06.27 19:59:19.283,0.65163,0.65199,1.50,1.50
2011.06.27 19:59:19.612,0.65163,0.65197,1.50,3.00
2011.06.27 19:59:19.724,0.6516,0.65196,1.50,1.50
2011.06.27 19:59:19.944,0.65163,0.65197,1.50,1.50
2011.06.27 19:59:21.413,0.65163,0.65196,1.50,1.50
2011.06.27 19:59:23.853,0.65161,0.65195,1.50,1.50
2011.06.27 19:59:29.373,0.65158,0.65194,1.50,1.50
2011.06.27 19:59:29.773,0.65161,0.65195,1.50,1.50
2011.06.27 19:59:30.103,0.65163,0.65197,1.50,1.50
2011.06.27 19:59:31.402,0.65165,0.65199,1.50,3.00
2011.06.27 19:59:31.513,0.65162,0.65198,1.50,1.50
2011.06.27 19:59:38.776,0.65162,0.65198,1.50,2.25
2011.06.27 19:59:38.994,0.65157,0.65191,1.50,1.50
2011.06.27 19:59:39.323,0.65155,0.65189,1.50,1.50
2011.06.27 19:59:58.914,0.65153,0.65187,1.50,1.50
