2017.09.06 17:00:00.100,0.78617,0.78636,1.69,1.12
2017.09.06 17:00:00.202,0.78617,0.78636,1.50,1.56
2017.09.06 17:00:01.505,0.78617,0.78635,1.00,1.62
2017.09.06 17:00:01.836,0.78615,0.78633,1.00,1.25
2017.09.06 17:00:02.396,0.78615,0.78634,1.69,2.62
2017.09.06 17:00:02.752,0.78613,0.78631,1.87,1.69
2017.09.06 17:00:03.055,0.78617,0.78634,1.31,1.00
2017.09.06 17:00:03.207,0.78618,0.78637,1.12,1.25
2017.09.06 17:00:03.454,0.78617,0.78636,2.44,1.87
2017.09.06 17:00:03.859,0.7862,0.78635,1.00,1.25
2017.09.06 17:00:04.112,0.78617,0.78634,1.50,1.00
2017.09.06 17:00:04.678,0.78617,0.78634,1.00,1.00
2017.09.06 17:00:05.161,0.7862,0.78635,1.00,1.62
2017.09.06 17:00:05.313,0.78613,0.78629,1.25,1.00
2017.09.06 17:00:05.496,0.78609,0.78625,1.31,1.00
2017.09.06 17:00:05.699,0.78607,0.78625,1.31,1.00
2017.09.06 17:00:05.750,0.78609,0.78627,1.69,1.12
2017.09.06 17:00:06.257,0.78609,0.78628,1.00,1.00
2017.09.06 17:00:06.759,0.78611,0.78629,1.00,1.25
2017.09.06 17:00:09.215,0.78613,0.78631,1.00,1.44
2017.09.06 17:00:09.367,0.78611,0.7863,1.00,1.69
2017.09.06 17:00:09.608,0.78613,0.7863,1.00,1.69
2017.09.06 17:00:10.114,0.78612,0.7863,1.00,1.00
2017.09.06 17:00:10.619,0.78612,0.78631,1.00,1.50
2017.09.06 17:00:11.143,0.78612,0.78629,1.00,1.00
2017.09.06 17:00:12.129,0.78611,0.78629,1.12,1.00
2017.09.06 17:00:12.798,0.78612,0.78629,1.00,1.69
2017.09.06 17:00:12.950,0.78609,0.78627,1.88,1.00
2017.09.06 17:00:13.492,0.78609,0.78628,2.81,1.69
2017.09.06 17:00:14.032,0.7861,0.78628,1.00,1.00
2017.09.06 17:00:14.929,0.7861,0.78628,1.00,1.87
2017.09.06 17:00:16.106,0.7861,0.78628,1.00,1.25
2017.09.06 17:00:16.630,0.7861,0.78628,1.00,1.87
2017.09.06 17:00:16.984,0.78608,0.78627,1.87,1.00
2017.09.06 17:00:17.035,0.78607,0.78626,1.50,1.87
2017.09.06 17:00:17.544,0.78607,0.78625,1.00,1.25
2017.09.06 17:00:18.100,0.78606,0.78625,2.25,1.69
2017.09.06 17:00:18.460,0.78611,0.78628,1.00,2.25
2017.09.06 17:00:18.612,0.78609,0.78627,1.00,1.50
2017.09.06 17:00:18.765,0.78606,0.78625,2.62,1.50
2017.09.06 17:00:19.311,0.78606,0.78625,1.69,1.50
2017.09.06 17:00:19.565,0.78608,0.78625,1.00,1.50
2017.09.06 17:00:20.087,0.78605,0.78624,2.44,1.00
2017.09.06 17:00:20.341,0.78606,0.78626,3.00,2.81
2017.09.06 17:00:20.443,0.78608,0.78626,1.00,2.06
2017.09.06 17:00:21.271,0.78608,0.78625,1.00,1.00
2017.09.06 17:00:21.990,0.78607,0.78625,1.12,1.00
2017.09.06 17:00:22.538,0.78606,0.78623,1.69,1.00
2017.09.06 17:00:23.081,0.78606,0.78623,1.25,1.00
2017.09.06 17:00:23.579,0.78607,0.78627,1.69,2.06
2017.09.06 17:00:23.681,0.78609,0.78627,1.00,1.50
2017.09.06 17:00:23.986,0.78608,0.78625,1.00,1.12
2017.09.06 17:00:24.347,0.78608,0.78623,1.00,1.00
2017.09.06 17:00:24.500,0.78608,0.78625,1.00,1.00
2017.09.06 17:00:24.702,0.78609,0.78627,1.00,1.25
2017.09.06 17:00:24.854,0.78608,0.78625,1.12,1.00
2017.09.06 17:00:25.442,0.78607,0.78625,1.00,1.00
2017.09.06 17:00:26.379,0.78606,0.78625,1.69,1.50
2017.09.06 17:00:26.772,0.78608,0.78625,1.25,1.00
2017.09.06 17:00:27.429,0.78609,0.78625,1.00,1.00
2017.09.06 17:00:27.932,0.78609,0.78626,1.00,1.12
2017.09.06 17:00:28.906,0.78608,0.78626,1.25,1.12
2017.09.06 17:00:29.456,0.78608,0.78625,1.25,1.00
2017.09.06 17:00:29.592,0.78608,0.78627,1.69,1.12
2017.09.06 17:00:30.109,0.7861,0.78629,1.69,2.44
2017.09.06 17:00:30.669,0.78611,0.78629,1.25,1.00
2017.09.06 17:00:31.307,0.78609,0.78627,2.06,1.00
2017.09.06 17:00:37.896,0.78608,0.78628,1.12,1.50
2017.09.06 17:00:38.209,0.7861,0.78627,1.00,1.00
2017.09.06 17:00:41.856,0.7861,0.78628,1.00,1.50
2017.09.06 17:00:42.224,0.78611,0.7863,1.19,3.19
2017.09.06 17:00:42.275,0.7861,0.78629,1.69,1.31
2017.09.06 17:00:42.792,0.78611,0.78629,1.25,2.25
2017.09.06 17:00:43.299,0.78611,0.78629,1.25,1.50
2017.09.06 17:00:43.541,0.78611,0.78629,2.00,1.50
2017.09.06 17:00:43.845,0.78613,0.78631,1.00,1.00
2017.09.06 17:00:44.356,0.78612,0.78631,1.87,1.00
2017.09.06 17:00:44.789,0.78613,0.78628,1.00,1.00
2017.09.06 17:00:45.375,0.78614,0.78631,1.25,1.75
2017.09.06 17:00:45.729,0.78618,0.7863,1.00,1.00
2017.09.06 17:00:46.022,0.78618,0.78635,1.00,1.00
2017.09.06 17:00:46.174,0.78614,0.78633,1.50,1.50
2017.09.06 17:00:46.680,0.78614,0.78633,1.00,1.87
2017.09.06 17:00:46.908,0.78617,0.78635,1.00,1.37
2017.09.06 17:00:46.959,0.78617,0.78636,1.00,1.87
2017.09.06 17:00:47.900,0.78614,0.78634,1.12,1.00
2017.09.06 17:00:48.135,0.78614,0.78632,1.19,1.00
2017.09.06 17:00:48.541,0.78614,0.7863,1.25,1.00
2017.09.06 17:00:48.592,0.78614,0.78632,1.25,1.00
2017.09.06 17:00:48.979,0.78614,0.78629,1.12,1.00
2017.09.06 17:00:49.029,0.78613,0.78632,2.06,1.69
2017.09.06 17:00:49.131,0.78613,0.78632,1.69,2.06
2017.09.06 17:00:49.283,0.78613,0.78632,1.69,1.31
2017.09.06 17:00:49.334,0.78611,0.7863,2.81,1.25
2017.09.06 17:00:49.638,0.78614,0.78632,1.00,1.12
2017.09.06 17:00:50.154,0.78613,0.78631,1.00,1.12
2017.09.06 17:00:50.672,0.78613,0.78632,1.69,2.06
2017.09.06 17:00:51.071,0.78614,0.7863,1.00,1.00
2017.09.06 17:00:52.601,0.78614,0.78633,1.00,2.25
2017.09.06 17:00:53.088,0.78616,0.78634,1.00,2.25
2017.09.06 17:00:53.189,0.78614,0.78632,1.25,1.12
2017.09.06 17:00:53.240,0.7862,0.78631,1.00,1.00
2017.09.06 17:00:53.291,0.7862,0.78635,1.19,1.50
2017.09.06 17:00:53.455,0.7862,0.78638,1.19,1.50
2017.09.06 17:00:53.508,0.7862,0.78636,1.00,1.00
2017.09.06 17:00:53.611,0.7862,0.78638,1.00,1.50
2017.09.06 17:00:54.069,0.78622,0.78637,1.00,1.00
2017.09.06 17:00:54.120,0.78622,0.7864,1.00,2.25
2017.09.06 17:00:54.596,0.7862,0.78635,1.81,1.00
2017.09.06 17:00:54.798,0.78617,0.78636,1.00,1.50
2017.09.06 17:00:55.249,0.78618,0.78638,1.00,2.25
2017.09.06 17:00:55.763,0.78621,0.78639,1.00,1.87
2017.09.06 17:00:56.219,0.78624,0.78642,1.00,3.37
2017.09.06 17:00:56.731,0.78623,0.78642,1.87,2.81
2017.09.06 17:00:57.071,0.78623,0.78641,1.00,1.62
2017.09.06 17:00:57.526,0.78621,0.78639,1.00,1.00
2017.09.06 17:00:57.628,0.78623,0.78642,1.00,4.50
2017.09.06 17:00:57.679,0.78623,0.78642,1.00,4.50
2017.09.06 17:00:57.881,0.78623,0.7864,1.00,1.31
2017.09.06 17:00:58.015,0.78621,0.78638,1.25,1.00
2017.09.06 17:00:58.321,0.7862,0.78639,1.50,1.87
2017.09.06 17:00:58.372,0.78621,0.7864,1.00,1.69
2017.09.06 17:00:58.891,0.78622,0.7864,1.00,1.12
2017.09.06 17:00:59.093,0.78623,0.78642,1.00,3.37
2017.09.06 17:00:59.144,0.78623,0.78641,1.00,1.69
2017.09.06 17:00:59.717,0.78622,0.7864,1.00,1.12
2017.09.06 17:01:00.223,0.78622,0.78639,1.00,1.00
2017.09.06 17:01:00.578,0.78622,0.78641,1.69,1.69
2017.09.06 17:01:00.843,0.78622,0.78639,1.00,1.00
2017.09.06 17:01:01.452,0.78621,0.78639,1.00,1.00
2017.09.06 17:01:01.971,0.78622,0.7864,1.00,1.87
2017.09.06 17:01:02.023,0.7862,0.7864,1.00,2.62
2017.09.06 17:01:02.429,0.78623,0.78641,1.00,1.69
2017.09.06 17:01:02.963,0.78622,0.7864,1.25,1.25
2017.09.06 17:01:04.207,0.78621,0.7864,1.69,1.69
2017.09.06 17:01:04.714,0.78623,0.7864,1.00,1.25
2017.09.06 17:01:05.038,0.78625,0.78643,1.00,1.50
2017.09.06 17:01:05.577,0.78625,0.78643,1.00,1.12
2017.09.06 17:01:06.144,0.78629,0.78643,1.00,1.12
2017.09.06 17:01:06.195,0.78624,0.78642,2.00,1.00
2017.09.06 17:01:06.297,0.78624,0.78642,1.25,1.00
2017.09.06 17:01:07.076,0.78623,0.78642,1.69,1.87
2017.09.06 17:01:07.545,0.78628,0.78644,1.00,1.50
2017.09.06 17:01:07.697,0.78625,0.78644,1.69,1.87
2017.09.06 17:01:08.219,0.78626,0.78644,1.00,1.00
2017.09.06 17:01:08.414,0.7863,0.78649,1.00,1.75
2017.09.06 17:01:08.566,0.78633,0.78655,1.50,2.62
2017.09.06 17:01:08.618,0.78637,0.78655,1.00,2.62
2017.09.06 17:01:08.720,0.78637,0.78657,1.00,1.50
2017.09.06 17:01:08.771,0.78635,0.78652,1.12,1.00
2017.09.06 17:01:08.823,0.78635,0.78654,1.12,1.00
2017.09.06 17:01:08.874,0.78635,0.78652,1.12,1.00
2017.09.06 17:01:09.336,0.78637,0.78655,1.00,3.00
2017.09.06 17:01:09.691,0.78635,0.78653,1.25,1.00
2017.09.06 17:01:09.942,0.78634,0.78651,1.56,1.00
2017.09.06 17:01:10.449,0.78634,0.78651,1.00,1.00
2017.09.06 17:01:10.756,0.78636,0.78654,1.00,1.50
2017.09.06 17:01:10.911,0.78636,0.78654,1.00,1.00
2017.09.06 17:01:10.962,0.78637,0.78656,1.69,1.50
2017.09.06 17:01:11.266,0.78638,0.78653,1.31,1.00
2017.09.06 17:01:11.469,0.78634,0.78653,1.00,1.12
2017.09.06 17:01:11.520,0.78634,0.78652,1.44,1.00
2017.09.06 17:01:11.761,0.78634,0.78652,1.00,1.12
2017.09.06 17:01:11.914,0.78636,0.78652,1.00,1.00
2017.09.06 17:01:12.421,0.78635,0.78652,1.00,1.50
2017.09.06 17:01:12.761,0.7863,0.78647,1.25,1.00
2017.09.06 17:01:13.360,0.78628,0.78645,1.00,1.00
2017.09.06 17:01:13.730,0.78631,0.78645,1.00,1.00
2017.09.06 17:01:13.882,0.78628,0.7865,1.00,2.25
2017.09.06 17:01:13.932,0.78628,0.78648,2.81,1.25
2017.09.06 17:01:14.237,0.7863,0.78646,1.00,1.00
2017.09.06 17:01:14.549,0.7863,0.78649,1.25,1.50
2017.09.06 17:01:14.802,0.78635,0.78649,1.00,1.50
2017.09.06 17:01:14.866,0.78631,0.78649,1.25,1.50
2017.09.06 17:01:15.177,0.78633,0.7865,1.00,1.12
2017.09.06 17:01:15.624,0.78631,0.7865,1.69,1.12
2017.09.06 17:01:15.675,0.78633,0.7865,1.00,1.12
2017.09.06 17:01:16.030,0.78631,0.7865,1.69,2.06
2017.09.06 17:01:16.662,0.78632,0.7865,1.00,1.12
2017.09.06 17:01:17.118,0.78631,0.78648,1.25,1.00
2017.09.06 17:01:17.578,0.78634,0.78649,1.00,1.00
2017.09.06 17:01:18.099,0.78634,0.7865,1.00,1.12
2017.09.06 17:01:18.602,0.78633,0.78649,1.00,1.00
2017.09.06 17:01:19.225,0.78632,0.78648,1.25,1.00
2017.09.06 17:01:19.758,0.78632,0.7865,1.00,1.31
2017.09.06 17:01:20.297,0.78632,0.78649,1.19,1.00
2017.09.06 17:01:21.302,0.78632,0.78649,1.25,1.00
2017.09.06 17:01:21.805,0.78633,0.78652,1.00,1.37
2017.09.06 17:01:21.857,0.78633,0.78653,1.00,2.06
2017.09.06 17:01:22.362,0.78633,0.78652,1.00,1.87
2017.09.06 17:01:22.834,0.78631,0.78649,1.69,1.00
2017.09.06 17:01:23.095,0.78626,0.78645,1.25,1.00
2017.09.06 17:01:23.247,0.78626,0.78644,1.25,1.37
2017.09.06 17:01:23.551,0.78626,0.78641,1.00,1.00
2017.09.06 17:01:24.083,0.78626,0.78642,1.19,1.00
2017.09.06 17:01:24.554,0.78629,0.78644,1.31,1.50
2017.09.06 17:01:24.808,0.78629,0.78646,1.12,1.00
2017.09.06 17:01:25.337,0.78629,0.78647,1.12,1.12
2017.09.06 17:01:25.843,0.78628,0.78648,3.19,1.87
2017.09.06 17:01:26.418,0.7863,0.78649,2.44,3.19
2017.09.06 17:01:26.520,0.7863,0.78649,2.44,1.69
2017.09.06 17:01:26.927,0.78633,0.7865,1.31,2.19
2017.09.06 17:01:27.339,0.78631,0.7865,2.25,1.31
2017.09.06 17:01:27.911,0.78634,0.7865,1.25,1.00
2017.09.06 17:01:27.962,0.78632,0.78651,1.12,1.12
2017.09.06 17:01:28.313,0.78634,0.7865,1.25,1.00
2017.09.06 17:01:28.939,0.78635,0.7865,1.00,1.00
2017.09.06 17:01:29.333,0.78637,0.78656,2.44,3.38
2017.09.06 17:01:29.384,0.78637,0.78656,1.69,1.50
2017.09.06 17:01:29.435,0.78639,0.78656,1.00,1.50
2017.09.06 17:01:29.689,0.78637,0.78655,1.31,1.19
2017.09.06 17:01:30.094,0.78636,0.78656,1.50,1.50
2017.09.06 17:01:30.238,0.78639,0.78656,1.00,1.63
2017.09.06 17:01:30.289,0.78637,0.78656,1.12,1.88
2017.09.06 17:01:30.594,0.78639,0.78656,1.00,1.50
2017.09.06 17:01:31.755,0.78638,0.78655,1.50,1.00
2017.09.06 17:01:32.159,0.78639,0.78658,1.87,2.63
2017.09.06 17:01:32.687,0.78639,0.78658,2.06,1.50
2017.09.06 17:01:33.305,0.7864,0.78658,1.00,1.00
2017.09.06 17:01:34.113,0.78642,0.7866,1.00,2.63
2017.09.06 17:01:34.215,0.78644,0.78662,1.25,1.12
2017.09.06 17:01:34.266,0.78642,0.78659,1.00,1.25
2017.09.06 17:01:34.419,0.78643,0.78662,1.00,2.06
2017.09.06 17:01:35.150,0.78644,0.78663,1.69,1.50
2017.09.06 17:01:35.657,0.78644,0.78663,1.25,1.25
2017.09.06 17:01:35.987,0.78643,0.78661,1.25,1.00
2017.09.06 17:01:36.291,0.78643,0.78659,1.25,1.00
2017.09.06 17:01:36.799,0.7865,0.78662,1.31,1.50
2017.09.06 17:01:37.121,0.78655,0.78663,1.00,1.19
2017.09.06 17:01:37.222,0.78642,0.78662,1.87,1.25
2017.09.06 17:01:37.273,0.78642,0.7866,1.69,1.00
2017.09.06 17:01:37.613,0.78642,0.78655,1.00,1.00
2017.09.06 17:01:37.716,0.78642,0.78661,1.50,2.44
2017.09.06 17:01:37.818,0.78642,0.78661,1.50,1.87
2017.09.06 17:01:37.868,0.78641,0.78659,1.62,1.00
2017.09.06 17:01:37.970,0.7864,0.78659,1.50,1.00
2017.09.06 17:01:38.223,0.78639,0.78659,1.37,3.19
2017.09.06 17:01:38.325,0.78639,0.78659,1.50,2.44
2017.09.06 17:01:38.376,0.78638,0.78657,2.62,1.00
2017.09.06 17:01:38.680,0.78643,0.78659,1.50,1.00
2017.09.06 17:01:38.781,0.78643,0.78661,1.00,1.00
2017.09.06 17:01:38.833,0.78643,0.78662,1.00,3.56
2017.09.06 17:01:39.037,0.78637,0.78656,1.00,1.19
2017.09.06 17:01:39.138,0.78634,0.78655,1.00,1.50
2017.09.06 17:01:39.236,0.78637,0.78656,1.00,2.25
2017.09.06 17:01:39.340,0.78637,0.78657,1.00,1.50
2017.09.06 17:01:39.391,0.78639,0.78658,1.00,1.75
2017.09.06 17:01:39.594,0.78636,0.78658,1.00,1.75
2017.09.06 17:01:39.645,0.78639,0.78658,1.00,2.00
2017.09.06 17:01:39.696,0.78637,0.78656,1.00,1.75
2017.09.06 17:01:39.747,0.78637,0.78656,1.12,1.00
2017.09.06 17:01:40.051,0.78639,0.78659,1.50,1.50
2017.09.06 17:01:40.355,0.78639,0.78657,1.94,1.00
2017.09.06 17:01:40.456,0.7864,0.78659,2.44,1.50
2017.09.06 17:01:40.711,0.78642,0.7866,1.00,1.87
2017.09.06 17:01:40.913,0.78639,0.78658,2.25,1.00
2017.09.06 17:01:41.468,0.78641,0.78659,1.00,1.00
2017.09.06 17:01:42.004,0.78644,0.78659,1.31,1.00
2017.09.06 17:01:42.240,0.78645,0.78662,1.37,1.00
2017.09.06 17:01:42.291,0.78643,0.7866,1.69,1.00
2017.09.06 17:01:42.596,0.78643,0.78658,1.25,1.00
2017.09.06 17:01:42.646,0.78641,0.78658,1.25,1.50
2017.09.06 17:01:43.711,0.78638,0.78658,1.87,1.87
2017.09.06 17:01:43.762,0.7864,0.7866,1.69,2.25
2017.09.06 17:01:44.129,0.78637,0.78655,1.62,1.00
2017.09.06 17:01:44.640,0.78635,0.78653,1.87,1.25
2017.09.06 17:01:44.964,0.78637,0.7865,1.00,1.00
2017.09.06 17:01:45.067,0.7864,0.78657,1.12,1.00
2017.09.06 17:01:46.078,0.78645,0.78658,1.00,1.50
2017.09.06 17:01:46.129,0.78643,0.78658,1.25,1.50
2017.09.06 17:01:46.231,0.7864,0.78658,1.69,1.00
2017.09.06 17:01:46.383,0.7864,0.78656,1.00,1.00
2017.09.06 17:01:46.687,0.78642,0.78658,1.25,1.75
2017.09.06 17:01:46.738,0.78642,0.78658,1.25,1.12
2017.09.06 17:01:47.288,0.78641,0.78658,1.25,1.00
2017.09.06 17:01:47.446,0.78637,0.78656,3.37,1.00
2017.09.06 17:01:47.969,0.7864,0.78657,1.25,1.00
2017.09.06 17:01:49.178,0.78639,0.78654,1.00,1.00
2017.09.06 17:01:49.583,0.78639,0.78657,1.25,1.12
2017.09.06 17:01:49.685,0.78641,0.78657,1.44,1.12
2017.09.06 17:01:50.198,0.78641,0.78658,1.00,1.50
2017.09.06 17:01:50.705,0.78641,0.78657,1.25,1.12
2017.09.06 17:01:51.260,0.78639,0.78657,1.37,1.12
2017.09.06 17:01:51.788,0.78641,0.78657,1.00,1.12
2017.09.06 17:01:52.277,0.78642,0.7866,1.00,1.87
2017.09.06 17:01:52.516,0.78642,0.78659,1.00,1.50
2017.09.06 17:01:52.618,0.78638,0.78657,1.69,1.00
2017.09.06 17:01:52.669,0.78638,0.78655,1.25,1.00
2017.09.06 17:01:52.972,0.78638,0.78655,1.94,1.00
2017.09.06 17:01:53.247,0.78638,0.78653,1.31,1.00
2017.09.06 17:01:54.839,0.7864,0.78654,1.19,1.50
2017.09.06 17:01:54.992,0.78643,0.78658,1.25,1.00
2017.09.06 17:01:55.504,0.78643,0.78659,1.25,1.87
2017.09.06 17:01:55.655,0.7864,0.78657,1.69,1.00
2017.09.06 17:01:55.858,0.78633,0.7865,1.44,1.00
2017.09.06 17:01:56.424,0.78636,0.7865,1.00,1.00
2017.09.06 17:01:56.581,0.78637,0.78654,1.00,1.00
2017.09.06 17:01:57.164,0.78637,0.78654,1.19,1.00
2017.09.06 17:01:57.280,0.78636,0.78654,1.00,1.00
2017.09.06 17:01:57.331,0.78636,0.78652,1.00,1.00
2017.09.06 17:01:57.654,0.78638,0.78655,1.50,1.12
2017.09.06 17:01:57.957,0.78636,0.78652,1.87,1.00
2017.09.06 17:01:58.261,0.78634,0.7865,1.69,1.00
2017.09.06 17:01:58.446,0.78633,0.78652,2.25,1.87
2017.09.06 17:01:58.497,0.78633,0.78649,1.00,1.00
2017.09.06 17:01:58.802,0.7864,0.78656,1.00,1.12
2017.09.06 17:01:59.303,0.7864,0.78655,1.69,1.00
2017.09.06 17:01:59.815,0.7864,0.78652,1.00,1.00
2017.09.06 17:01:59.866,0.78636,0.78652,1.31,1.00
2017.09.06 17:02:00.379,0.78635,0.78652,1.25,1.00
2017.09.06 17:02:01.127,0.78635,0.78652,2.06,1.00
2017.09.06 17:02:01.341,0.7864,0.78654,1.00,1.50
2017.09.06 17:02:01.595,0.7864,0.78657,1.50,1.75
2017.09.06 17:02:01.799,0.7864,0.78658,1.50,1.50
2017.09.06 17:02:02.319,0.7864,0.78657,1.25,1.00
2017.09.06 17:02:02.923,0.78639,0.78658,1.00,2.62
2017.09.06 17:02:03.487,0.78639,0.78657,1.69,1.00
2017.09.06 17:02:04.037,0.78639,0.78657,1.19,1.00
2017.09.06 17:02:04.655,0.78639,0.78657,1.25,1.00
2017.09.06 17:02:04.947,0.78639,0.78655,1.25,1.00
2017.09.06 17:02:05.448,0.78638,0.78654,1.00,1.00
2017.09.06 17:02:05.763,0.7864,0.78655,1.00,1.12
2017.09.06 17:02:06.115,0.78633,0.78652,1.19,1.00
2017.09.06 17:02:06.369,0.78632,0.78652,1.87,1.25
2017.09.06 17:02:06.420,0.78632,0.7865,1.87,1.00
2017.09.06 17:02:06.724,0.78635,0.78652,1.69,1.50
2017.09.06 17:02:07.060,0.78632,0.78647,1.25,1.00
2017.09.06 17:02:08.268,0.78633,0.78647,1.00,1.00
2017.09.06 17:02:09.188,0.78632,0.78648,1.00,1.50
2017.09.06 17:02:11.819,0.78634,0.78648,1.25,1.50
2017.09.06 17:02:11.921,0.78635,0.7865,1.25,1.00
2017.09.06 17:02:12.539,0.78635,0.78651,1.69,1.00
2017.09.06 17:02:12.806,0.78635,0.78649,1.25,1.00
2017.09.06 17:02:13.318,0.78636,0.78649,1.25,1.00
2017.09.06 17:02:13.602,0.7863,0.78647,1.00,1.50
2017.09.06 17:02:13.804,0.78632,0.78646,1.00,1.12
2017.09.06 17:02:14.336,0.78631,0.78646,1.25,1.12
2017.09.06 17:02:15.305,0.78632,0.78646,1.00,1.12
2017.09.06 17:02:15.509,0.78632,0.78648,1.00,1.00
2017.09.06 17:02:15.661,0.78629,0.78646,1.12,1.00
2017.09.06 17:02:15.712,0.78629,0.78648,1.87,1.00
2017.09.06 17:02:16.114,0.78628,0.78646,1.31,1.00
2017.09.06 17:02:16.419,0.78624,0.7864,1.75,1.00
2017.09.06 17:02:16.621,0.78623,0.7864,1.69,1.50
2017.09.06 17:02:16.723,0.78625,0.7864,1.00,1.50
2017.09.06 17:02:17.254,0.78626,0.7864,1.25,1.00
2017.09.06 17:02:18.090,0.78627,0.78642,1.25,1.87
2017.09.06 17:02:21.137,0.78625,0.78643,1.25,1.12
2017.09.06 17:02:21.188,0.78625,0.7864,1.00,1.00
2017.09.06 17:02:21.239,0.78626,0.78642,1.25,1.00
2017.09.06 17:02:21.681,0.78625,0.78639,1.25,1.00
2017.09.06 17:02:22.187,0.78624,0.78639,1.25,1.50
2017.09.06 17:02:22.440,0.78626,0.78641,1.69,1.00
2017.09.06 17:02:22.916,0.78628,0.78645,1.25,1.50
2017.09.06 17:02:23.379,0.78627,0.78642,1.00,1.00
2017.09.06 17:02:23.531,0.78625,0.78642,1.25,1.12
2017.09.06 17:02:24.313,0.78627,0.78642,1.00,1.12
2017.09.06 17:02:24.415,0.78627,0.78644,1.00,2.25
2017.09.06 17:02:26.214,0.78628,0.78645,1.31,1.12
2017.09.06 17:02:26.366,0.7863,0.78647,1.25,1.12
2017.09.06 17:02:26.468,0.78631,0.78649,1.31,2.25
2017.09.06 17:02:26.519,0.78632,0.78649,1.25,1.50
2017.09.06 17:02:27.020,0.78632,0.7865,1.69,1.00
2017.09.06 17:02:27.173,0.78634,0.78652,1.19,1.12
2017.09.06 17:02:27.477,0.78634,0.78648,1.19,1.00
2017.09.06 17:02:28.472,0.7863,0.78648,1.00,1.00
2017.09.06 17:02:28.573,0.7863,0.78647,2.19,1.12
2017.09.06 17:02:29.027,0.78628,0.78647,1.87,2.25
2017.09.06 17:02:29.959,0.7863,0.78647,1.31,2.25
2017.09.06 17:02:30.972,0.78631,0.78647,1.25,1.50
2017.09.06 17:02:31.251,0.78634,0.78649,1.00,1.50
2017.09.06 17:02:31.453,0.78634,0.78651,1.25,1.00
2017.09.06 17:02:31.837,0.78636,0.78653,1.50,1.87
2017.09.06 17:02:32.340,0.78637,0.78653,1.00,1.00
2017.09.06 17:02:32.911,0.78637,0.78652,1.00,1.00
2017.09.06 17:02:33.721,0.78635,0.78652,1.69,1.00
2017.09.06 17:02:34.259,0.78637,0.78655,1.25,1.50
2017.09.06 17:02:34.311,0.78637,0.78653,1.25,1.00
2017.09.06 17:02:34.834,0.78636,0.78653,1.25,1.00
2017.09.06 17:02:35.557,0.78635,0.78653,1.31,1.00
2017.09.06 17:02:37.462,0.78634,0.78651,1.25,1.00
2017.09.06 17:02:37.787,0.78631,0.78649,1.31,1.00
2017.09.06 17:02:41.180,0.7863,0.78649,2.44,1.25
2017.09.06 17:02:41.727,0.78629,0.78648,2.81,1.25
2017.09.06 17:02:42.261,0.78627,0.78646,4.12,1.00
2017.09.06 17:02:42.789,0.78627,0.78647,1.12,2.62
2017.09.06 17:02:43.129,0.7863,0.78646,1.00,1.50
2017.09.06 17:02:43.570,0.78628,0.78646,1.00,1.00
2017.09.06 17:02:43.797,0.78628,0.78644,1.00,1.00
2017.09.06 17:02:43.949,0.78626,0.78644,1.31,1.00
2017.09.06 17:02:44.469,0.78627,0.78644,1.25,1.00
2017.09.06 17:02:45.414,0.78627,0.78645,1.00,1.12
2017.09.06 17:02:45.959,0.78627,0.78644,1.25,1.00
2017.09.06 17:02:46.968,0.78628,0.78644,1.00,1.00
2017.09.06 17:02:47.539,0.78627,0.78644,1.31,1.00
2017.09.06 17:02:48.060,0.78627,0.78645,1.69,1.12
2017.09.06 17:02:48.905,0.78629,0.78647,1.25,1.12
2017.09.06 17:02:49.411,0.78631,0.78648,1.25,1.50
2017.09.06 17:02:50.757,0.78632,0.78648,1.00,1.00
2017.09.06 17:02:51.258,0.78631,0.78649,1.50,1.12
2017.09.06 17:02:51.761,0.78631,0.78648,1.25,1.00
2017.09.06 17:02:56.001,0.78629,0.78648,2.81,1.00
2017.09.06 17:02:56.052,0.78629,0.78646,1.00,1.00
2017.09.06 17:02:56.306,0.78631,0.7865,1.25,1.25
2017.09.06 17:02:56.507,0.78633,0.7865,1.00,1.00
2017.09.06 17:02:56.811,0.78629,0.78648,1.00,1.50
2017.09.06 17:02:57.136,0.78629,0.78645,1.69,1.00
2017.09.06 17:02:57.409,0.78629,0.78647,2.06,1.00
2017.09.06 17:02:57.604,0.78632,0.78648,1.00,1.12
2017.09.06 17:02:57.927,0.78635,0.78649,1.00,1.50
2017.09.06 17:02:58.028,0.78631,0.78649,1.87,1.00
2017.09.06 17:02:58.231,0.78635,0.7865,1.00,1.44
2017.09.06 17:02:58.333,0.7863,0.78648,1.00,1.00
2017.09.06 17:02:58.435,0.7863,0.78645,1.00,1.00
2017.09.06 17:02:58.956,0.7863,0.78645,1.19,1.00
2017.09.06 17:02:59.447,0.78629,0.78645,1.00,1.00
2017.09.06 17:03:00.000,0.78628,0.78645,2.06,1.00
2017.09.06 17:03:00.525,0.78629,0.78645,1.25,1.00
2017.09.06 17:03:00.730,0.78631,0.78647,1.00,1.50
2017.09.06 17:03:01.273,0.78631,0.78647,1.25,1.00
2017.09.06 17:03:02.047,0.78631,0.78648,1.00,1.87
2017.09.06 17:03:02.609,0.78629,0.78646,1.31,1.00
2017.09.06 17:03:02.862,0.78626,0.78644,1.69,1.00
2017.09.06 17:03:04.424,0.78626,0.78644,2.06,1.00
2017.09.06 17:03:07.878,0.78625,0.78644,2.06,1.25
2017.09.06 17:03:08.651,0.78625,0.78641,1.31,1.00
2017.09.06 17:03:08.854,0.78626,0.78643,1.00,1.00
2017.09.06 17:03:09.559,0.78627,0.78644,1.00,1.87
2017.09.06 17:03:09.778,0.78625,0.78643,2.06,1.00
2017.09.06 17:03:11.205,0.78626,0.78643,1.25,1.00
2017.09.06 17:03:11.306,0.78626,0.78645,1.50,1.50
2017.09.06 17:03:11.357,0.78625,0.78643,1.69,1.00
2017.09.06 17:03:11.858,0.78626,0.78645,2.81,1.25
2017.09.06 17:03:14.279,0.78626,0.78645,1.00,1.31
2017.09.06 17:03:14.431,0.78627,0.78646,1.25,2.62
2017.09.06 17:03:14.851,0.78631,0.78648,1.69,1.00
2017.09.06 17:03:15.156,0.78633,0.78651,1.00,1.75
2017.09.06 17:03:15.258,0.78634,0.78652,1.25,1.00
2017.09.06 17:03:15.828,0.78635,0.78653,1.12,1.25
2017.09.06 17:03:16.498,0.78635,0.78654,1.31,1.00
2017.09.06 17:03:16.907,0.78634,0.78651,1.50,1.00
2017.09.06 17:03:17.011,0.78633,0.78651,2.06,1.00
2017.09.06 17:03:17.113,0.78635,0.78651,1.00,1.00
2017.09.06 17:03:17.628,0.78633,0.78651,1.00,1.00
2017.09.06 17:03:17.730,0.78632,0.78648,1.50,1.00
2017.09.06 17:03:18.034,0.78636,0.78654,1.25,2.62
2017.09.06 17:03:18.085,0.78636,0.78655,1.25,2.00
2017.09.06 17:03:18.188,0.78635,0.78653,1.69,1.00
2017.09.06 17:03:18.240,0.78635,0.7865,1.00,1.00
2017.09.06 17:03:18.353,0.78636,0.78652,1.00,1.00
2017.09.06 17:03:18.609,0.78637,0.78654,1.25,1.31
2017.09.06 17:03:18.661,0.78637,0.78654,1.00,1.75
2017.09.06 17:03:18.762,0.78637,0.78654,1.00,1.50
2017.09.06 17:03:18.813,0.78635,0.78654,1.69,2.25
2017.09.06 17:03:19.122,0.78637,0.78654,1.00,1.00
2017.09.06 17:03:19.452,0.78634,0.78652,3.00,1.00
2017.09.06 17:03:20.433,0.78637,0.78652,1.25,1.00
2017.09.06 17:03:20.649,0.78639,0.78656,1.69,1.12
2017.09.06 17:03:21.439,0.7864,0.78656,1.25,1.12
2017.09.06 17:03:21.491,0.78642,0.78659,2.44,1.75
2017.09.06 17:03:21.643,0.78644,0.78662,1.00,1.37
2017.09.06 17:03:21.695,0.78644,0.78663,1.00,2.25
2017.09.06 17:03:21.747,0.78642,0.78661,2.44,1.50
2017.09.06 17:03:22.311,0.78642,0.7866,1.31,1.00
2017.09.06 17:03:22.820,0.78643,0.78659,1.00,1.50
2017.09.06 17:03:22.871,0.7864,0.78658,1.25,1.12
2017.09.06 17:03:22.973,0.7864,0.78656,1.00,1.00
2017.09.06 17:03:23.520,0.7864,0.78657,1.00,1.50
2017.09.06 17:03:23.621,0.78637,0.78656,2.25,1.00
2017.09.06 17:03:23.672,0.78637,0.78654,1.31,1.00
2017.09.06 17:03:23.874,0.78635,0.78654,1.12,1.50
2017.09.06 17:03:23.976,0.78635,0.78654,2.25,1.12
2017.09.06 17:03:24.078,0.78637,0.78656,1.88,2.44
2017.09.06 17:03:24.586,0.78637,0.78656,2.25,1.00
2017.09.06 17:03:25.711,0.78638,0.78657,1.00,1.50
2017.09.06 17:03:26.217,0.78638,0.78656,1.69,1.00
2017.09.06 17:03:26.776,0.78639,0.78656,1.25,1.12
2017.09.06 17:03:27.318,0.7864,0.78656,1.13,1.12
2017.09.06 17:03:27.622,0.78639,0.78654,1.25,1.00
2017.09.06 17:03:28.130,0.78638,0.78654,1.25,1.00
2017.09.06 17:03:28.635,0.78637,0.78654,1.25,1.00
2017.09.06 17:03:29.874,0.78638,0.78654,1.00,1.00
2017.09.06 17:03:30.577,0.78638,0.78655,1.00,1.00
2017.09.06 17:03:31.128,0.78635,0.78654,2.44,1.00
2017.09.06 17:03:31.180,0.78634,0.78652,3.00,1.25
2017.09.06 17:03:31.484,0.78632,0.7865,1.69,1.00
2017.09.06 17:03:32.025,0.78632,0.7865,1.13,1.00
2017.09.06 17:03:32.329,0.78632,0.78647,1.13,1.00
2017.09.06 17:03:32.431,0.78631,0.78649,2.81,1.50
2017.09.06 17:03:32.772,0.78631,0.78647,1.25,1.00
2017.09.06 17:03:33.281,0.78631,0.78649,1.25,1.00
2017.09.06 17:03:34.128,0.78633,0.78649,1.00,1.00
2017.09.06 17:03:34.179,0.78633,0.78651,1.69,1.00
2017.09.06 17:03:34.756,0.78634,0.78652,1.00,1.88
2017.09.06 17:03:34.953,0.78637,0.78652,1.00,1.00
2017.09.06 17:03:35.061,0.78634,0.78652,2.06,1.00
2017.09.06 17:03:35.112,0.78634,0.78649,2.06,1.00
2017.09.06 17:03:35.213,0.78634,0.78652,1.38,1.12
2017.09.06 17:03:35.264,0.78634,0.78651,1.44,1.37
2017.09.06 17:03:35.416,0.78634,0.78652,1.19,1.12
2017.09.06 17:03:35.860,0.78633,0.7865,1.25,1.00
2017.09.06 17:03:36.236,0.78635,0.78653,2.06,1.50
2017.09.06 17:03:36.388,0.78637,0.78654,1.25,1.00
2017.09.06 17:03:36.614,0.78641,0.78658,1.00,1.87
2017.09.06 17:03:36.715,0.78641,0.78658,1.25,1.31
2017.09.06 17:03:36.918,0.78639,0.78657,1.00,1.00
2017.09.06 17:03:37.020,0.78639,0.78655,1.00,1.00
2017.09.06 17:03:37.326,0.78639,0.78658,2.06,1.00
2017.09.06 17:03:37.377,0.78644,0.7866,1.00,1.50
2017.09.06 17:03:37.689,0.78645,0.78663,1.19,1.50
2017.09.06 17:03:38.248,0.78646,0.78663,1.25,1.00
2017.09.06 17:03:38.683,0.78652,0.78667,1.00,1.75
2017.09.06 17:03:38.785,0.78655,0.78669,1.00,1.12
2017.09.06 17:03:38.888,0.78656,0.78673,1.00,1.12
2017.09.06 17:03:39.041,0.78656,0.78675,1.69,1.50
2017.09.06 17:03:39.143,0.78656,0.78675,1.69,1.38
2017.09.06 17:03:39.199,0.78656,0.78676,1.00,2.44
2017.09.06 17:03:39.348,0.78652,0.78672,2.44,1.25
2017.09.06 17:03:39.651,0.78657,0.78672,1.50,3.75
2017.09.06 17:03:39.804,0.78657,0.78677,1.50,2.25
2017.09.06 17:03:39.984,0.78657,0.78677,1.50,1.87
2017.09.06 17:03:40.087,0.78657,0.78675,1.50,1.00
2017.09.06 17:03:40.444,0.78654,0.78673,3.56,1.00
2017.09.06 17:03:40.495,0.78654,0.78672,2.44,1.00
2017.09.06 17:03:40.546,0.78657,0.78676,1.25,1.50
2017.09.06 17:03:40.749,0.78659,0.78678,1.25,1.69
2017.09.06 17:03:40.944,0.78657,0.78676,1.12,1.13
2017.09.06 17:03:40.995,0.78656,0.78673,1.37,1.00
2017.09.06 17:03:41.045,0.78656,0.78676,1.37,2.25
2017.09.06 17:03:41.147,0.78656,0.78672,1.37,1.00
2017.09.06 17:03:41.451,0.78664,0.78679,1.00,1.75
2017.09.06 17:03:41.502,0.78664,0.78679,1.00,2.25
2017.09.06 17:03:41.604,0.78664,0.78679,1.00,1.50
2017.09.06 17:03:41.655,0.78661,0.78679,1.25,1.00
2017.09.06 17:03:41.902,0.78659,0.78675,1.31,1.00
2017.09.06 17:03:42.441,0.78658,0.78674,2.25,1.00
2017.09.06 17:03:43.339,0.78658,0.78674,1.31,1.00
2017.09.06 17:03:43.492,0.7866,0.78678,1.25,2.00
2017.09.06 17:03:43.543,0.78662,0.78678,1.00,2.00
2017.09.06 17:03:43.594,0.7866,0.78678,1.25,1.62
2017.09.06 17:03:43.695,0.78659,0.78675,1.31,1.00
2017.09.06 17:03:43.898,0.78655,0.78675,2.25,1.75
2017.09.06 17:03:43.985,0.78655,0.78675,2.62,1.37
2017.09.06 17:03:44.036,0.78657,0.78675,1.00,1.00
2017.09.06 17:03:44.340,0.78659,0.78675,1.00,1.00
2017.09.06 17:03:44.442,0.78659,0.78677,1.00,1.25
2017.09.06 17:03:44.544,0.78661,0.7868,1.00,3.19
2017.09.06 17:03:45.079,0.7866,0.7868,1.87,1.00
2017.09.06 17:03:45.622,0.78661,0.7868,1.50,1.00
2017.09.06 17:03:45.825,0.78663,0.78679,1.00,1.00
2017.09.06 17:03:45.876,0.7866,0.78678,1.50,1.00
2017.09.06 17:03:46.398,0.7866,0.78678,1.87,1.12
2017.09.06 17:03:46.651,0.78663,0.7868,1.25,1.75
2017.09.06 17:03:46.803,0.78667,0.78684,1.00,1.12
2017.09.06 17:03:46.971,0.78667,0.78685,1.56,1.00
2017.09.06 17:03:47.306,0.78674,0.78685,1.12,1.00
2017.09.06 17:03:47.357,0.78675,0.78692,1.00,1.00
2017.09.06 17:03:47.558,0.78675,0.78695,1.87,1.00
2017.09.06 17:03:47.609,0.78678,0.78695,1.31,1.00
2017.09.06 17:03:47.811,0.78681,0.787,1.00,1.63
2017.09.06 17:03:48.122,0.78683,0.78699,1.25,1.00
2017.09.06 17:03:48.376,0.7868,0.787,1.00,1.87
2017.09.06 17:03:48.428,0.78683,0.787,1.00,1.12
2017.09.06 17:03:48.582,0.78681,0.78701,1.25,2.25
2017.09.06 17:03:48.633,0.78685,0.78701,1.00,1.50
2017.09.06 17:03:48.897,0.78687,0.78705,1.00,1.00
2017.09.06 17:03:48.949,0.78689,0.78706,1.00,1.00
2017.09.06 17:03:49.000,0.78687,0.78706,1.00,1.00
2017.09.06 17:03:49.102,0.78686,0.78703,2.25,1.00
2017.09.06 17:03:49.358,0.78682,0.78703,2.25,1.50
2017.09.06 17:03:49.502,0.78685,0.78701,1.00,1.00
2017.09.06 17:03:49.603,0.78686,0.78703,1.69,1.12
2017.09.06 17:03:49.654,0.78688,0.78703,1.00,1.00
2017.09.06 17:03:49.705,0.78686,0.78703,1.25,1.00
2017.09.06 17:03:49.857,0.78686,0.78705,1.00,1.00
2017.09.06 17:03:50.010,0.78685,0.78703,1.87,1.44
2017.09.06 17:03:50.313,0.78682,0.787,1.25,1.00
2017.09.06 17:03:50.496,0.78679,0.78696,3.00,1.00
2017.09.06 17:03:50.649,0.78677,0.78694,1.50,1.00
2017.09.06 17:03:50.700,0.78675,0.78693,1.12,1.00
2017.09.06 17:03:50.853,0.78673,0.7869,1.12,1.00
2017.09.06 17:03:50.904,0.78673,0.78693,2.25,2.06
2017.09.06 17:03:51.006,0.78671,0.7869,2.44,1.13
2017.09.06 17:03:51.138,0.78671,0.78689,1.50,1.50
2017.09.06 17:03:51.291,0.78671,0.78687,1.25,1.00
2017.09.06 17:03:51.444,0.78667,0.78685,2.06,1.00
2017.09.06 17:03:51.699,0.7867,0.78687,1.25,1.00
2017.09.06 17:03:51.904,0.78668,0.78688,1.00,1.50
2017.09.06 17:03:52.157,0.78669,0.78687,1.19,1.00
2017.09.06 17:03:52.310,0.78671,0.7869,1.00,1.37
2017.09.06 17:03:52.513,0.78674,0.78692,1.50,1.12
2017.09.06 17:03:52.817,0.78676,0.78692,1.00,1.00
2017.09.06 17:03:53.122,0.78678,0.78695,1.25,1.00
2017.09.06 17:03:53.224,0.78679,0.78697,1.00,1.50
2017.09.06 17:03:53.325,0.78677,0.78697,1.12,1.00
2017.09.06 17:03:53.855,0.78677,0.78696,1.00,1.12
2017.09.06 17:03:53.906,0.78682,0.78696,1.00,1.12
2017.09.06 17:03:54.059,0.78682,0.787,1.00,1.75
2017.09.06 17:03:54.464,0.7868,0.78699,1.88,1.00
2017.09.06 17:03:54.751,0.78682,0.78699,1.00,1.00
2017.09.06 17:03:54.802,0.78683,0.78701,1.13,1.00
2017.09.06 17:03:54.955,0.78682,0.78703,4.69,1.12
2017.09.06 17:03:55.158,0.78682,0.78699,1.12,1.00
2017.09.06 17:03:55.209,0.78682,0.78702,1.12,3.56
2017.09.06 17:03:55.362,0.78682,0.78701,1.12,1.63
2017.09.06 17:03:55.566,0.78679,0.78698,1.69,1.13
2017.09.06 17:03:56.248,0.78684,0.78701,1.50,1.75
2017.09.06 17:03:56.350,0.78684,0.78704,1.88,1.31
2017.09.06 17:03:56.878,0.78685,0.78704,1.00,2.63
2017.09.06 17:03:57.182,0.78682,0.78701,1.88,2.00
2017.09.06 17:03:57.334,0.78684,0.78701,1.25,1.00
2017.09.06 17:03:57.535,0.78685,0.78703,1.88,1.00
2017.09.06 17:03:58.050,0.78685,0.78704,1.00,1.87
2017.09.06 17:03:58.408,0.78685,0.78702,1.00,1.00
2017.09.06 17:03:58.759,0.78683,0.78702,1.50,1.44
2017.09.06 17:03:59.266,0.78683,0.78702,1.69,1.13
2017.09.06 17:03:59.657,0.78683,0.78702,1.00,1.75
2017.09.06 17:03:59.984,0.7868,0.78698,2.25,1.00
2017.09.06 17:04:00.288,0.78679,0.78696,1.44,1.00
2017.09.06 17:04:00.512,0.78681,0.78699,1.69,1.12
2017.09.06 17:04:01.036,0.7868,0.78699,1.25,1.12
2017.09.06 17:04:01.138,0.78682,0.78699,1.44,1.50
2017.09.06 17:04:01.292,0.78681,0.78698,1.00,1.00
2017.09.06 17:04:01.344,0.78678,0.78696,2.25,1.00
2017.09.06 17:04:01.494,0.78678,0.78696,1.00,1.12
2017.09.06 17:04:01.696,0.7868,0.78698,1.19,1.75
2017.09.06 17:04:01.747,0.7868,0.78698,1.19,1.50
2017.09.06 17:04:02.261,0.78681,0.787,1.00,1.69
2017.09.06 17:04:02.363,0.78684,0.78702,1.00,1.12
2017.09.06 17:04:02.559,0.7868,0.78699,3.37,1.00
2017.09.06 17:04:02.610,0.78683,0.78702,1.00,1.50
2017.09.06 17:04:03.125,0.78681,0.787,1.00,1.00
2017.09.06 17:04:03.461,0.7868,0.78699,2.44,1.75
2017.09.06 17:04:03.562,0.7868,0.78699,2.81,1.00
2017.09.06 17:04:03.765,0.78682,0.78699,1.00,1.00
2017.09.06 17:04:04.149,0.7868,0.78697,1.31,1.00
2017.09.06 17:04:04.676,0.78681,0.78698,1.00,1.12
2017.09.06 17:04:04.980,0.78683,0.787,1.25,1.00
2017.09.06 17:04:05.293,0.78681,0.78697,1.25,1.00
2017.09.06 17:04:05.577,0.78681,0.78699,1.69,1.50
2017.09.06 17:04:05.957,0.78682,0.78702,1.00,1.87
2017.09.06 17:04:06.497,0.78682,0.78701,1.00,1.25
2017.09.06 17:04:07.016,0.78682,0.78702,1.00,1.31
2017.09.06 17:04:07.118,0.78681,0.78699,1.31,1.00
2017.09.06 17:04:07.575,0.78683,0.78699,1.00,1.00
2017.09.06 17:04:08.112,0.78683,0.78702,1.69,2.44
2017.09.06 17:04:08.163,0.78683,0.78702,1.69,2.06
2017.09.06 17:04:08.315,0.78683,0.78699,1.69,1.00
2017.09.06 17:04:08.366,0.78683,0.78701,1.69,1.00
2017.09.06 17:04:08.467,0.78686,0.78702,1.25,1.12
2017.09.06 17:04:09.357,0.78685,0.78702,1.00,1.12
2017.09.06 17:04:09.708,0.78687,0.78702,1.00,1.12
2017.09.06 17:04:10.215,0.78683,0.78702,1.69,2.06
2017.09.06 17:04:10.316,0.78685,0.78702,1.25,1.12
2017.09.06 17:04:10.620,0.78687,0.78703,1.00,1.50
2017.09.06 17:04:11.137,0.78687,0.78703,1.00,1.50
2017.09.06 17:04:11.682,0.78685,0.78703,1.25,1.25
2017.09.06 17:04:12.975,0.78682,0.78702,3.94,1.00
2017.09.06 17:04:13.485,0.78684,0.78703,2.44,1.87
2017.09.06 17:04:13.588,0.78688,0.78706,1.00,1.87
2017.09.06 17:04:13.821,0.78685,0.78702,1.31,1.00
2017.09.06 17:04:13.923,0.78685,0.787,1.25,1.00
2017.09.06 17:04:15.380,0.78682,0.78701,1.00,1.87
2017.09.06 17:04:15.566,0.78683,0.787,1.19,1.00
2017.09.06 17:04:16.321,0.78685,0.787,1.00,1.00
2017.09.06 17:04:16.932,0.78685,0.78701,1.00,1.12
2017.09.06 17:04:17.667,0.78684,0.787,1.25,1.00
2017.09.06 17:04:18.375,0.78685,0.787,1.00,1.50
2017.09.06 17:04:19.321,0.78686,0.787,1.00,1.00
2017.09.06 17:04:19.875,0.78685,0.787,1.69,1.00
2017.09.06 17:04:20.135,0.7868,0.78698,1.31,1.00
2017.09.06 17:04:20.186,0.7868,0.78696,1.31,1.00
2017.09.06 17:04:21.640,0.78678,0.78696,1.69,1.69
2017.09.06 17:04:21.691,0.78678,0.78693,1.50,1.00
2017.09.06 17:04:22.075,0.78681,0.78696,1.00,2.25
2017.09.06 17:04:22.126,0.78681,0.78696,1.00,1.50
2017.09.06 17:04:22.177,0.78679,0.78696,1.00,1.50
2017.09.06 17:04:22.279,0.78679,0.78693,1.00,1.00
2017.09.06 17:04:22.431,0.78677,0.78693,1.12,1.00
2017.09.06 17:04:22.785,0.78679,0.78693,1.00,1.00
2017.09.06 17:04:23.317,0.78677,0.78691,1.00,1.00
2017.09.06 17:04:23.672,0.78675,0.78692,2.44,1.12
2017.09.06 17:04:23.905,0.78677,0.78693,1.50,1.00
2017.09.06 17:04:24.346,0.78676,0.78691,1.50,1.00
2017.09.06 17:04:24.665,0.78678,0.78693,1.00,2.25
2017.09.06 17:04:24.716,0.78678,0.78693,1.00,1.00
2017.09.06 17:04:25.020,0.78677,0.78695,1.69,1.25
2017.09.06 17:04:25.568,0.78682,0.78697,1.25,1.00
2017.09.06 17:04:25.619,0.7868,0.78699,2.25,1.87
2017.09.06 17:04:25.721,0.78682,0.78699,1.00,1.87
2017.09.06 17:04:26.151,0.78678,0.78699,1.87,2.62
2017.09.06 17:04:26.202,0.78678,0.78696,2.25,1.00
2017.09.06 17:04:26.506,0.78677,0.78693,1.00,1.50
2017.09.06 17:04:26.878,0.78679,0.78692,1.25,1.00
2017.09.06 17:04:27.031,0.78679,0.78695,1.19,1.00
2017.09.06 17:04:27.336,0.78679,0.78695,1.25,1.00
2017.09.06 17:04:27.810,0.78681,0.78698,1.00,1.50
2017.09.06 17:04:27.912,0.78681,0.78698,1.25,1.00
2017.09.06 17:04:28.466,0.7868,0.78698,1.12,1.00
2017.09.06 17:04:29.150,0.78681,0.78698,1.25,1.00
2017.09.06 17:04:29.677,0.78679,0.78699,1.00,1.12
2017.09.06 17:04:29.728,0.7868,0.78697,1.19,1.00
2017.09.06 17:04:30.271,0.7868,0.78696,1.69,1.00
2017.09.06 17:04:30.791,0.7868,0.78698,1.69,1.50
2017.09.06 17:04:31.329,0.7868,0.78698,1.19,1.00
2017.09.06 17:04:31.482,0.78678,0.78697,2.25,1.00
2017.09.06 17:04:31.533,0.78677,0.78695,1.50,1.00
2017.09.06 17:04:31.837,0.78675,0.78692,1.25,1.00
2017.09.06 17:04:32.146,0.78677,0.78692,1.00,1.00
2017.09.06 17:04:32.785,0.78674,0.78696,1.50,2.25
2017.09.06 17:04:32.946,0.78675,0.78694,1.25,1.00
2017.09.06 17:04:33.453,0.78674,0.78691,2.06,1.00
2017.09.06 17:04:34.064,0.78674,0.78691,1.87,1.00
2017.09.06 17:04:34.370,0.78677,0.78693,1.25,2.25
2017.09.06 17:04:34.680,0.78676,0.78691,1.00,1.00
2017.09.06 17:04:35.189,0.78675,0.78691,1.25,1.00
2017.09.06 17:04:35.490,0.78677,0.78693,1.69,1.00
2017.09.06 17:04:35.914,0.78677,0.78696,2.25,2.44
2017.09.06 17:04:36.167,0.78675,0.78695,3.37,1.87
2017.09.06 17:04:36.745,0.78675,0.78695,2.81,1.69
2017.09.06 17:04:37.262,0.78675,0.78694,1.87,1.44
2017.09.06 17:04:37.566,0.78675,0.78695,1.69,3.37
2017.09.06 17:04:38.187,0.78676,0.78695,1.00,2.62
2017.09.06 17:04:38.701,0.78676,0.78694,1.25,1.00
2017.09.06 17:04:39.229,0.78676,0.78695,1.00,1.12
2017.09.06 17:04:40.130,0.78676,0.78694,1.69,1.00
2017.09.06 17:04:40.671,0.78677,0.78694,1.25,1.00
2017.09.06 17:04:41.211,0.78677,0.78695,1.00,1.12
2017.09.06 17:04:41.732,0.78677,0.78694,1.00,1.00
2017.09.06 17:04:43.276,0.78678,0.78695,1.69,1.12
2017.09.06 17:04:43.479,0.78678,0.78697,1.00,1.87
2017.09.06 17:04:43.580,0.78678,0.78695,1.25,1.00
2017.09.06 17:04:44.278,0.78677,0.78695,1.25,1.00
2017.09.06 17:04:44.592,0.7868,0.78696,1.00,1.50
2017.09.06 17:04:45.654,0.78679,0.78696,2.44,1.00
2017.09.06 17:04:45.966,0.78682,0.787,1.25,2.25
2017.09.06 17:04:46.067,0.78683,0.787,1.25,1.50
2017.09.06 17:04:46.119,0.78682,0.78698,1.00,1.00
2017.09.06 17:04:47.974,0.78681,0.78698,1.25,1.50
2017.09.06 17:04:48.025,0.78679,0.78698,2.25,2.62
2017.09.06 17:04:48.076,0.78679,0.78695,1.00,1.00
2017.09.06 17:04:48.638,0.7868,0.78696,1.00,1.12
2017.09.06 17:04:49.005,0.78678,0.78693,1.50,1.00
2017.09.06 17:04:49.553,0.78679,0.78693,1.00,1.00
2017.09.06 17:04:50.081,0.78676,0.78693,1.69,1.00
2017.09.06 17:04:50.183,0.78678,0.78693,1.25,1.00
2017.09.06 17:04:50.719,0.78677,0.78693,1.25,1.00
2017.09.06 17:04:51.621,0.78676,0.78693,1.25,1.00
2017.09.06 17:04:52.173,0.78676,0.78693,1.69,1.00
2017.09.06 17:04:52.670,0.78675,0.78691,1.25,1.00
2017.09.06 17:04:53.024,0.78674,0.78689,1.00,1.00
2017.09.06 17:04:53.619,0.78674,0.7869,1.00,1.50
2017.09.06 17:04:53.670,0.78672,0.7869,1.69,1.00
2017.09.06 17:04:54.176,0.78672,0.78691,1.69,1.25
2017.09.06 17:04:54.709,0.78672,0.7869,1.19,1.00
2017.09.06 17:04:55.210,0.78672,0.78691,1.25,2.25
2017.09.06 17:04:55.363,0.78672,0.78688,1.19,1.00
2017.09.06 17:04:55.414,0.78671,0.78688,1.12,1.00
2017.09.06 17:04:55.809,0.78671,0.78685,1.00,1.00
2017.09.06 17:04:56.214,0.78673,0.78685,1.00,1.00
2017.09.06 17:04:56.316,0.78673,0.7869,1.25,1.00
2017.09.06 17:04:56.982,0.78674,0.7869,1.00,1.00
2017.09.06 17:04:57.336,0.78672,0.78691,1.00,1.87
2017.09.06 17:04:57.728,0.78674,0.7869,1.00,1.25
2017.09.06 17:04:57.881,0.78672,0.7869,1.25,1.25
2017.09.06 17:04:58.083,0.78674,0.7869,1.00,1.25
2017.09.06 17:04:58.337,0.78674,0.78692,1.00,1.87
2017.09.06 17:04:59.001,0.78674,0.7869,1.00,1.00
2017.09.06 17:04:59.306,0.78676,0.78694,1.25,1.12
2017.09.06 17:05:00.179,0.78675,0.78693,1.25,1.12
2017.09.06 17:05:00.417,0.78674,0.7869,1.50,1.00
2017.09.06 17:05:01.004,0.78673,0.78691,1.00,1.87
2017.09.06 17:05:01.308,0.78675,0.7869,1.00,1.00
2017.09.06 17:05:01.848,0.78677,0.78692,1.25,1.00
2017.09.06 17:05:02.144,0.78677,0.78695,1.25,1.00
2017.09.06 17:05:02.296,0.78677,0.78693,1.25,1.00
2017.09.06 17:05:02.926,0.78677,0.78694,1.00,1.12
2017.09.06 17:05:03.634,0.78678,0.78693,1.00,1.00
2017.09.06 17:05:04.361,0.78678,0.78694,1.00,1.12
2017.09.06 17:05:04.917,0.78677,0.78693,1.25,1.00
2017.09.06 17:05:05.891,0.78678,0.78693,1.00,1.00
2017.09.06 17:05:06.302,0.78676,0.78693,1.25,1.50
2017.09.06 17:05:06.454,0.78676,0.78691,1.00,1.00
2017.09.06 17:05:06.505,0.78677,0.78693,1.00,1.00
2017.09.06 17:05:07.013,0.78678,0.78694,1.00,1.12
2017.09.06 17:05:07.257,0.78674,0.7869,1.19,1.00
2017.09.06 17:05:07.308,0.78673,0.7869,1.50,1.00
2017.09.06 17:05:07.689,0.78675,0.7869,1.25,1.00
2017.09.06 17:05:07.790,0.78675,0.78692,1.19,1.00
2017.09.06 17:05:08.299,0.78677,0.78693,1.00,1.00
2017.09.06 17:05:08.906,0.78677,0.78694,1.00,1.12
2017.09.06 17:05:09.007,0.78677,0.78691,1.00,1.00
2017.09.06 17:05:09.109,0.78677,0.78693,1.00,1.00
2017.09.06 17:05:09.625,0.78675,0.78693,1.19,1.00
2017.09.06 17:05:09.675,0.78672,0.78687,1.50,1.00
2017.09.06 17:05:09.980,0.78668,0.78682,1.00,1.00
2017.09.06 17:05:10.284,0.78665,0.7868,1.19,1.00
2017.09.06 17:05:10.535,0.78666,0.78684,1.19,1.00
2017.09.06 17:05:10.838,0.78665,0.78682,1.25,1.00
2017.09.06 17:05:11.243,0.78665,0.78684,1.00,1.12
2017.09.06 17:05:11.787,0.78666,0.78685,1.00,2.25
2017.09.06 17:05:11.888,0.78668,0.78684,1.00,1.00
2017.09.06 17:05:12.425,0.78669,0.78685,1.00,2.25
2017.09.06 17:05:13.216,0.78668,0.78685,1.00,1.50
2017.09.06 17:05:13.576,0.7867,0.78685,1.25,2.25
2017.09.06 17:05:13.678,0.78668,0.78686,1.00,1.00
2017.09.06 17:05:13.780,0.78668,0.78685,1.50,1.50
2017.09.06 17:05:14.323,0.78668,0.78683,1.69,1.00
2017.09.06 17:05:14.901,0.78672,0.78683,1.00,1.00
2017.09.06 17:05:15.054,0.78672,0.78686,1.00,1.00
2017.09.06 17:05:15.363,0.78669,0.78686,1.25,1.00
2017.09.06 17:05:15.886,0.7867,0.78686,1.00,1.00
2017.09.06 17:05:16.443,0.78669,0.78686,2.06,1.00
2017.09.06 17:05:17.489,0.78671,0.78687,1.00,1.50
2017.09.06 17:05:18.014,0.78671,0.78686,1.25,1.00
2017.09.06 17:05:18.210,0.78673,0.78688,1.25,1.00
2017.09.06 17:05:18.729,0.78672,0.78689,1.00,2.25
2017.09.06 17:05:19.032,0.78672,0.78687,1.00,1.00
2017.09.06 17:05:19.582,0.78671,0.78687,1.00,1.12
2017.09.06 17:05:20.177,0.78672,0.78687,1.00,1.12
2017.09.06 17:05:20.685,0.78671,0.78688,1.00,1.50
2017.09.06 17:05:21.593,0.78672,0.78688,1.00,1.50
2017.09.06 17:05:22.108,0.78671,0.78687,1.50,1.12
2017.09.06 17:05:22.649,0.78673,0.7869,1.25,2.25
2017.09.06 17:05:23.155,0.78674,0.7869,1.69,1.00
2017.09.06 17:05:23.668,0.78675,0.7869,1.00,1.00
2017.09.06 17:05:23.871,0.78677,0.78694,1.00,1.12
2017.09.06 17:05:23.921,0.78679,0.78694,1.00,1.12
2017.09.06 17:05:24.124,0.78679,0.78696,1.25,1.50
2017.09.06 17:05:24.226,0.78679,0.78693,1.00,1.00
2017.09.06 17:05:24.431,0.78676,0.78693,1.44,1.00
2017.09.06 17:05:24.808,0.78675,0.78693,1.50,1.12
2017.09.06 17:05:25.265,0.78676,0.78695,1.37,1.25
2017.09.06 17:05:25.367,0.78679,0.78698,1.50,2.25
2017.09.06 17:05:25.874,0.78681,0.78698,1.25,2.25
2017.09.06 17:05:26.492,0.78684,0.787,1.00,1.50
2017.09.06 17:05:26.695,0.78685,0.78702,1.25,1.12
2017.09.06 17:05:27.199,0.78686,0.78702,1.00,1.00
2017.09.06 17:05:27.476,0.78683,0.78702,1.87,1.69
2017.09.06 17:05:27.528,0.78682,0.78699,2.25,1.00
2017.09.06 17:05:28.154,0.78682,0.787,1.00,1.87
2017.09.06 17:05:28.636,0.78681,0.78696,1.00,1.00
2017.09.06 17:05:28.992,0.78681,0.787,1.00,2.25
2017.09.06 17:05:29.501,0.78681,0.78699,1.44,1.12
2017.09.06 17:05:29.755,0.7868,0.78698,1.00,1.00
2017.09.06 17:05:30.214,0.78685,0.787,1.25,2.25
2017.09.06 17:05:30.417,0.78685,0.78701,1.19,1.00
2017.09.06 17:05:30.961,0.78689,0.78705,1.00,2.25
2017.09.06 17:05:31.114,0.78687,0.78705,1.87,2.25
2017.09.06 17:05:31.266,0.78687,0.78705,2.06,1.50
2017.09.06 17:05:31.624,0.78689,0.78707,1.69,1.00
2017.09.06 17:05:32.319,0.78689,0.78707,1.19,1.00
2017.09.06 17:05:32.673,0.7869,0.78709,3.00,1.50
2017.09.06 17:05:32.986,0.7869,0.78706,1.00,1.50
2017.09.06 17:05:33.138,0.78687,0.78705,2.06,1.00
2017.09.06 17:05:33.189,0.7869,0.78706,1.00,1.87
2017.09.06 17:05:33.724,0.78691,0.78709,1.25,2.44
2017.09.06 17:05:34.231,0.7869,0.78709,1.87,1.25
2017.09.06 17:05:34.383,0.78691,0.78707,1.25,1.00
2017.09.06 17:05:34.737,0.78688,0.78707,2.62,1.00
2017.09.06 17:05:35.636,0.78688,0.78708,1.87,1.12
2017.09.06 17:05:35.687,0.78688,0.78705,1.87,1.00
2017.09.06 17:05:35.991,0.78692,0.78709,1.69,1.00
2017.09.06 17:05:36.114,0.78692,0.78707,1.50,1.00
2017.09.06 17:05:36.426,0.78691,0.78705,1.00,1.00
2017.09.06 17:05:36.477,0.78691,0.78707,1.00,1.00
2017.09.06 17:05:37.249,0.7869,0.78707,1.00,1.50
2017.09.06 17:05:37.791,0.7869,0.78708,1.50,1.12
2017.09.06 17:05:37.988,0.78689,0.78705,1.00,1.00
2017.09.06 17:05:38.393,0.78691,0.78707,1.00,2.25
2017.09.06 17:05:38.494,0.78692,0.78707,1.00,1.12
2017.09.06 17:05:38.800,0.7869,0.78707,1.50,1.87
2017.09.06 17:05:39.309,0.7869,0.78707,1.87,1.12
2017.09.06 17:05:39.714,0.78693,0.78707,1.00,1.12
2017.09.06 17:05:39.918,0.78692,0.7871,1.12,1.00
2017.09.06 17:05:39.970,0.78691,0.78708,1.87,1.00
2017.09.06 17:05:40.499,0.78693,0.78708,1.00,1.12
2017.09.06 17:05:40.702,0.78693,0.7871,1.69,1.00
2017.09.06 17:05:40.982,0.78692,0.78707,1.19,1.00
2017.09.06 17:05:41.608,0.78692,0.78707,1.25,1.00
2017.09.06 17:05:42.117,0.78691,0.78707,1.25,1.00
2017.09.06 17:05:42.631,0.78692,0.78707,1.25,1.00
2017.09.06 17:05:43.289,0.78692,0.78708,1.00,1.12
2017.09.06 17:05:43.807,0.78692,0.78707,1.25,1.00
2017.09.06 17:05:43.975,0.7869,0.78706,2.06,1.00
2017.09.06 17:05:44.449,0.78691,0.78706,1.44,1.00
2017.09.06 17:05:45.477,0.78691,0.78707,1.87,1.50
2017.09.06 17:05:46.026,0.78691,0.78706,2.06,1.00
2017.09.06 17:05:46.588,0.78691,0.78706,1.25,1.00
2017.09.06 17:05:46.894,0.78695,0.78714,1.25,2.00
2017.09.06 17:05:46.996,0.78698,0.78714,1.00,1.75
2017.09.06 17:05:47.047,0.78697,0.78714,1.00,1.00
2017.09.06 17:05:47.149,0.78697,0.78712,1.00,1.00
2017.09.06 17:05:47.300,0.78694,0.78711,1.50,1.50
2017.09.06 17:05:47.352,0.78697,0.78713,1.31,1.37
2017.09.06 17:05:47.453,0.78697,0.78715,1.50,1.00
2017.09.06 17:05:47.505,0.78696,0.78711,1.00,1.50
2017.09.06 17:05:47.707,0.78694,0.78712,1.69,1.25
2017.09.06 17:05:47.910,0.78695,0.78713,1.50,1.12
2017.09.06 17:05:48.211,0.78694,0.78711,2.25,1.00
2017.09.06 17:05:48.718,0.78695,0.7871,1.25,1.00
2017.09.06 17:05:49.058,0.78691,0.7871,2.62,1.00
2017.09.06 17:05:49.160,0.78691,0.7871,2.44,1.50
2017.09.06 17:05:49.667,0.78695,0.7871,1.25,1.50
2017.09.06 17:05:50.045,0.78693,0.7871,1.25,1.50
2017.09.06 17:05:50.348,0.78696,0.7871,1.00,1.00
2017.09.06 17:05:50.878,0.78697,0.7871,1.00,1.00
2017.09.06 17:05:51.073,0.78697,0.78713,1.50,1.00
2017.09.06 17:05:51.124,0.78697,0.78711,1.50,1.00
2017.09.06 17:05:51.609,0.78699,0.78711,1.00,1.00
2017.09.06 17:05:51.660,0.78697,0.78714,1.00,1.75
2017.09.06 17:05:51.762,0.78696,0.78714,1.69,1.00
2017.09.06 17:05:51.863,0.78696,0.78711,1.50,1.00
2017.09.06 17:05:52.396,0.78695,0.78711,1.25,1.00
2017.09.06 17:05:53.359,0.78695,0.78712,1.50,1.00
2017.09.06 17:05:53.766,0.78695,0.7871,1.50,1.00
2017.09.06 17:05:54.727,0.78695,0.78711,1.00,1.00
2017.09.06 17:05:55.283,0.78695,0.7871,1.00,1.00
2017.09.06 17:05:55.793,0.78694,0.7871,1.87,1.00
2017.09.06 17:05:56.958,0.78694,0.7871,1.87,1.00
2017.09.06 17:05:58.207,0.78694,0.7871,2.25,1.00
2017.09.06 17:05:59.196,0.78695,0.7871,1.00,1.00
2017.09.06 17:05:59.450,0.78696,0.78713,1.00,1.00
2017.09.06 17:06:00.044,0.78696,0.78714,1.50,1.87
2017.09.06 17:06:00.550,0.78698,0.78715,1.00,1.12
2017.09.06 17:06:01.095,0.78697,0.78715,1.69,1.12
2017.09.06 17:06:01.634,0.78697,0.78714,1.00,1.25
2017.09.06 17:06:01.938,0.78694,0.7871,1.00,1.00
2017.09.06 17:06:02.259,0.78693,0.78708,1.25,1.00
2017.09.06 17:06:02.462,0.78693,0.7871,1.25,1.00
2017.09.06 17:06:02.665,0.78692,0.78709,1.87,1.50
2017.09.06 17:06:03.154,0.7869,0.78707,1.25,1.69
2017.09.06 17:06:03.359,0.7869,0.78704,1.00,1.00
2017.09.06 17:06:03.512,0.78688,0.78705,1.69,1.00
2017.09.06 17:06:04.035,0.78689,0.78705,1.00,1.00
2017.09.06 17:06:04.549,0.78689,0.78704,1.00,1.00
2017.09.06 17:06:04.599,0.78692,0.78704,1.00,1.00
2017.09.06 17:06:04.803,0.7869,0.78704,1.25,1.00
2017.09.06 17:06:04.955,0.78687,0.78703,1.25,1.00
2017.09.06 17:06:05.006,0.78686,0.78701,2.62,1.00
2017.09.06 17:06:05.057,0.78686,0.78703,2.06,1.00
2017.09.06 17:06:05.468,0.78687,0.78705,1.62,1.87
2017.09.06 17:06:05.721,0.78691,0.78707,1.25,1.50
2017.09.06 17:06:06.222,0.78692,0.78707,1.00,1.50
2017.09.06 17:06:06.325,0.78692,0.78709,2.06,1.50
2017.09.06 17:06:06.578,0.78694,0.78708,1.00,1.00
2017.09.06 17:06:06.781,0.78696,0.78712,1.25,1.50
2017.09.06 17:06:07.307,0.78696,0.78712,1.00,1.50
2017.09.06 17:06:07.840,0.78695,0.78712,1.69,1.50
2017.09.06 17:06:08.363,0.78696,0.78712,1.25,1.50
2017.09.06 17:06:08.986,0.78693,0.78709,1.00,1.00
2017.09.06 17:06:09.189,0.78693,0.78712,1.25,2.25
2017.09.06 17:06:09.745,0.78693,0.78711,1.19,1.12
2017.09.06 17:06:09.797,0.78691,0.78708,1.00,1.25
2017.09.06 17:06:10.102,0.78685,0.78701,1.69,1.00
2017.09.06 17:06:10.609,0.78685,0.78703,1.00,1.50
2017.09.06 17:06:11.119,0.78686,0.78703,1.12,1.50
2017.09.06 17:06:12.013,0.78687,0.78706,1.00,3.37
2017.09.06 17:06:12.519,0.7869,0.78706,1.25,1.50
2017.09.06 17:06:12.672,0.78688,0.78706,1.00,1.25
2017.09.06 17:06:12.723,0.78687,0.78705,1.87,1.00
2017.09.06 17:06:12.825,0.78687,0.78705,1.50,1.00
2017.09.06 17:06:13.208,0.78692,0.78707,1.00,1.00
2017.09.06 17:06:13.411,0.78692,0.7871,1.88,1.00
2017.09.06 17:06:13.614,0.78693,0.78712,1.00,2.44
2017.09.06 17:06:14.124,0.78693,0.78709,1.00,1.00
2017.09.06 17:06:14.176,0.78693,0.78711,1.00,1.00
2017.09.06 17:06:14.227,0.78693,0.78708,1.00,1.00
2017.09.06 17:06:14.742,0.78692,0.78708,1.25,1.00
2017.09.06 17:06:14.995,0.78692,0.78711,1.00,2.06
2017.09.06 17:06:15.248,0.78695,0.78711,1.00,1.00
2017.09.06 17:06:15.400,0.78695,0.78714,1.50,2.44
2017.09.06 17:06:15.906,0.78695,0.78712,1.87,1.00
2017.09.06 17:06:16.409,0.78695,0.78713,1.12,1.00
2017.09.06 17:06:16.714,0.78693,0.78712,2.44,1.69
2017.09.06 17:06:16.816,0.78692,0.7871,1.87,1.50
2017.09.06 17:06:17.121,0.78694,0.78709,1.00,1.00
2017.09.06 17:06:17.348,0.78691,0.78708,3.19,1.00
2017.09.06 17:06:17.754,0.78691,0.78705,1.00,1.00
2017.09.06 17:06:18.739,0.78691,0.78706,1.00,1.12
2017.09.06 17:06:19.240,0.7869,0.78705,1.00,1.50
2017.09.06 17:06:19.443,0.78687,0.78705,1.25,1.50
2017.09.06 17:06:19.980,0.78688,0.78705,1.31,1.50
2017.09.06 17:06:20.954,0.78686,0.78703,1.00,1.00
2017.09.06 17:06:21.258,0.78685,0.78701,1.50,1.00
2017.09.06 17:06:21.562,0.78687,0.78705,1.00,3.00
2017.09.06 17:06:21.866,0.78686,0.787,1.00,1.00
2017.09.06 17:06:22.661,0.78685,0.787,1.13,1.00
2017.09.06 17:06:23.171,0.78685,0.78701,1.00,1.00
2017.09.06 17:06:23.690,0.78685,0.787,1.25,1.00
2017.09.06 17:06:25.075,0.78686,0.787,1.00,1.00
2017.09.06 17:06:26.085,0.78685,0.787,1.25,1.00
2017.09.06 17:06:26.627,0.78684,0.787,2.06,1.00
2017.09.06 17:06:28.047,0.78683,0.78698,2.25,1.00
2017.09.06 17:06:28.557,0.78682,0.78698,1.12,1.00
2017.09.06 17:06:28.961,0.78683,0.78698,1.44,1.00
2017.09.06 17:06:29.164,0.78686,0.78702,1.00,2.25
2017.09.06 17:06:29.551,0.78684,0.78701,1.50,1.12
2017.09.06 17:06:29.805,0.78685,0.787,1.44,1.00
2017.09.06 17:06:30.313,0.78685,0.787,1.12,1.00
2017.09.06 17:06:30.840,0.78684,0.787,1.69,1.00
2017.09.06 17:06:32.105,0.78685,0.78701,1.00,1.12
2017.09.06 17:06:32.610,0.78685,0.787,1.25,1.00
2017.09.06 17:06:33.161,0.78684,0.78701,1.00,1.12
2017.09.06 17:06:33.666,0.78683,0.787,1.00,1.00
2017.09.06 17:06:34.009,0.78678,0.78696,1.25,1.00
2017.09.06 17:06:34.110,0.78676,0.78693,2.25,1.00
2017.09.06 17:06:34.414,0.78674,0.78691,1.19,1.00
2017.09.06 17:06:34.718,0.78676,0.78691,1.19,1.00
2017.09.06 17:06:35.284,0.78676,0.78692,1.69,1.12
2017.09.06 17:06:35.792,0.78676,0.78691,1.13,1.00
2017.09.06 17:06:36.045,0.78678,0.78696,1.63,1.50
2017.09.06 17:06:36.181,0.78678,0.78697,1.69,1.87
2017.09.06 17:06:36.333,0.78678,0.78694,1.00,1.00
2017.09.06 17:06:36.485,0.78675,0.78694,2.81,1.50
2017.09.06 17:06:36.739,0.78675,0.78691,1.44,1.00
2017.09.06 17:06:37.130,0.78675,0.78693,1.25,1.87
2017.09.06 17:06:37.181,0.78674,0.78691,1.63,1.00
2017.09.06 17:06:37.699,0.78676,0.78692,1.13,1.00
2017.09.06 17:06:38.249,0.78674,0.78691,2.25,1.00
2017.09.06 17:06:38.810,0.78674,0.78691,2.63,1.00
2017.09.06 17:06:39.348,0.78674,0.78691,2.25,1.00
2017.09.06 17:06:39.864,0.78674,0.78691,2.44,1.00
2017.09.06 17:06:40.399,0.78674,0.78691,2.25,1.00
2017.09.06 17:06:40.933,0.78674,0.78691,2.63,1.00
2017.09.06 17:06:41.302,0.78675,0.78693,1.25,1.50
2017.09.06 17:06:41.354,0.78677,0.78694,1.00,1.50
2017.09.06 17:06:41.455,0.78678,0.78696,1.00,1.50
2017.09.06 17:06:42.301,0.78677,0.78694,1.00,1.00
2017.09.06 17:06:42.908,0.78675,0.78692,1.87,1.00
2017.09.06 17:06:43.423,0.78674,0.78692,1.00,1.50
2017.09.06 17:06:43.973,0.78674,0.78691,1.25,1.00
2017.09.06 17:06:44.844,0.78673,0.7869,1.31,1.00
2017.09.06 17:06:45.376,0.78673,0.7869,1.50,1.00
2017.09.06 17:06:45.883,0.78673,0.7869,1.25,1.00
2017.09.06 17:06:46.688,0.78672,0.7869,1.87,1.00
2017.09.06 17:06:47.220,0.78673,0.78689,1.00,1.00
2017.09.06 17:06:47.802,0.78673,0.78688,1.00,1.00
2017.09.06 17:06:48.828,0.78673,0.78689,1.25,1.00
2017.09.06 17:06:49.360,0.78673,0.7869,1.87,1.00
2017.09.06 17:06:50.124,0.78673,0.7869,1.69,1.00
2017.09.06 17:06:50.669,0.78674,0.78689,1.00,1.00
2017.09.06 17:06:51.175,0.78673,0.78688,1.00,1.00
2017.09.06 17:06:52.081,0.78672,0.78688,1.12,1.00
2017.09.06 17:06:52.625,0.78673,0.78689,1.00,1.00
2017.09.06 17:06:52.828,0.78671,0.78689,2.62,1.00
2017.09.06 17:06:53.389,0.78671,0.78688,1.50,1.00
2017.09.06 17:06:54.185,0.78671,0.78687,1.00,1.00
2017.09.06 17:06:54.564,0.78673,0.78689,1.00,1.00
2017.09.06 17:06:55.616,0.78672,0.78689,1.00,1.00
2017.09.06 17:06:56.145,0.78673,0.7869,1.13,1.00
2017.09.06 17:06:56.730,0.78673,0.7869,1.31,1.00
2017.09.06 17:06:56.882,0.78675,0.78692,1.69,1.00
2017.09.06 17:06:57.136,0.78673,0.78691,2.06,1.00
2017.09.06 17:06:57.789,0.78673,0.78691,3.75,1.00
2017.09.06 17:06:59.497,0.78674,0.78692,1.00,1.50
2017.09.06 17:07:00.277,0.78674,0.7869,1.00,1.00
2017.09.06 17:07:00.582,0.78664,0.78681,2.44,1.00
2017.09.06 17:07:00.633,0.78665,0.78681,1.25,1.00
2017.09.06 17:07:00.819,0.78668,0.78684,1.25,1.12
2017.09.06 17:07:01.328,0.78667,0.78683,1.88,1.00
2017.09.06 17:07:01.643,0.78667,0.78683,1.88,1.00
2017.09.06 17:07:01.795,0.78667,0.78683,1.88,1.00
2017.09.06 17:07:02.086,0.78666,0.78682,1.25,1.00
2017.09.06 17:07:02.617,0.78664,0.78682,2.06,1.50
2017.09.06 17:07:03.169,0.78664,0.78682,1.56,1.00
2017.09.06 17:07:03.687,0.78664,0.78682,1.56,1.50
2017.09.06 17:07:03.801,0.78664,0.7868,1.38,1.00
2017.09.06 17:07:05.096,0.78664,0.7868,1.19,1.00
2017.09.06 17:07:05.398,0.78666,0.78681,1.44,1.00
2017.09.06 17:07:05.449,0.78666,0.78683,1.38,1.00
2017.09.06 17:07:05.956,0.78665,0.78683,4.69,1.00
2017.09.06 17:07:06.588,0.78667,0.78683,1.88,1.00
2017.09.06 17:07:07.665,0.78667,0.78684,3.38,1.00
2017.09.06 17:07:09.883,0.78668,0.78684,1.00,1.00
2017.09.06 17:07:10.203,0.78669,0.78688,1.87,1.50
2017.09.06 17:07:10.722,0.78669,0.78685,1.25,1.00
2017.09.06 17:07:11.675,0.78668,0.78685,2.81,1.00
2017.09.06 17:07:12.552,0.78669,0.78685,1.25,1.00
2017.09.06 17:07:14.972,0.78669,0.78683,1.00,1.00
2017.09.06 17:07:15.508,0.78668,0.78683,1.00,1.00
2017.09.06 17:07:16.327,0.78667,0.78683,1.44,1.00
2017.09.06 17:07:16.429,0.78667,0.78683,1.13,1.00
2017.09.06 17:07:16.480,0.78667,0.78685,1.44,1.00
2017.09.06 17:07:17.467,0.78667,0.78683,2.63,1.00
2017.09.06 17:07:18.254,0.78667,0.78683,2.63,1.00
2017.09.06 17:07:18.653,0.78667,0.78683,2.63,1.00
2017.09.06 17:07:18.957,0.78664,0.7868,3.00,1.00
2017.09.06 17:07:19.479,0.78664,0.7868,1.38,1.00
2017.09.06 17:07:20.016,0.78664,0.78681,1.25,1.00
2017.09.06 17:07:20.472,0.78661,0.78678,2.62,1.00
2017.09.06 17:07:20.773,0.78665,0.78682,2.62,2.25
2017.09.06 17:07:20.874,0.78667,0.78685,3.00,1.75
2017.09.06 17:07:20.925,0.78667,0.78685,3.00,1.75
2017.09.06 17:07:20.976,0.78667,0.78685,2.63,1.37
2017.09.06 17:07:21.331,0.78668,0.78685,1.25,1.00
2017.09.06 17:07:21.837,0.78667,0.78684,3.38,1.00
2017.09.06 17:07:24.063,0.78667,0.78683,1.87,1.00
2017.09.06 17:07:24.215,0.78666,0.78683,1.12,1.00
2017.09.06 17:07:24.684,0.78667,0.78684,1.44,1.50
2017.09.06 17:07:25.646,0.78667,0.78684,2.44,1.00
2017.09.06 17:07:26.186,0.78667,0.78684,1.31,1.50
2017.09.06 17:07:26.895,0.78666,0.78683,2.06,1.00
2017.09.06 17:07:27.134,0.78664,0.78682,2.62,1.00
2017.09.06 17:07:27.641,0.78664,0.78682,2.25,1.50
2017.09.06 17:07:28.147,0.78666,0.78681,1.00,1.00
2017.09.06 17:07:28.249,0.78665,0.78683,1.87,1.12
2017.09.06 17:07:28.401,0.78665,0.78683,2.44,1.00
2017.09.06 17:07:28.554,0.78667,0.78683,1.44,1.00
2017.09.06 17:07:29.060,0.78666,0.78683,1.63,1.00
2017.09.06 17:07:29.614,0.78666,0.78683,1.38,1.00
2017.09.06 17:07:29.817,0.78666,0.78683,1.12,1.00
2017.09.06 17:07:30.680,0.78666,0.78684,1.19,1.69
2017.09.06 17:07:30.731,0.78669,0.78686,1.00,2.25
2017.09.06 17:07:31.242,0.7867,0.78686,1.00,1.00
2017.09.06 17:07:31.809,0.78672,0.78688,1.00,1.00
2017.09.06 17:07:32.112,0.78668,0.78685,1.50,1.00
2017.09.06 17:07:32.657,0.7867,0.78685,1.50,1.00
2017.09.06 17:07:32.797,0.78668,0.78684,1.00,1.00
2017.09.06 17:07:33.304,0.78668,0.78684,2.44,1.00
2017.09.06 17:07:34.771,0.78669,0.78685,1.00,1.12
2017.09.06 17:07:35.229,0.78667,0.78683,1.50,1.50
2017.09.06 17:07:35.381,0.78665,0.78683,2.25,1.00
2017.09.06 17:07:35.687,0.78665,0.78683,2.63,1.50
2017.09.06 17:07:36.192,0.78667,0.78682,1.25,1.00
2017.09.06 17:07:37.586,0.78665,0.78681,1.13,1.00
2017.09.06 17:07:38.104,0.78665,0.7868,1.00,1.00
2017.09.06 17:07:38.637,0.78664,0.7868,1.88,1.00
2017.09.06 17:07:39.160,0.78666,0.7868,1.00,1.00
2017.09.06 17:07:39.704,0.78665,0.7868,1.00,1.00
2017.09.06 17:07:40.313,0.78665,0.78679,1.00,1.00
2017.09.06 17:07:40.771,0.78663,0.78679,1.25,1.00
2017.09.06 17:07:41.766,0.78665,0.7868,1.00,1.00
2017.09.06 17:07:42.297,0.78664,0.7868,1.00,1.00
2017.09.06 17:07:42.829,0.78663,0.7868,2.06,1.00
2017.09.06 17:07:43.082,0.78663,0.78679,1.13,1.00
2017.09.06 17:07:43.678,0.78663,0.78679,1.88,1.00
2017.09.06 17:07:44.255,0.78663,0.7868,1.88,1.00
2017.09.06 17:07:44.799,0.78665,0.7868,1.00,1.00
2017.09.06 17:07:45.337,0.78663,0.78679,1.88,1.00
2017.09.06 17:07:45.874,0.78665,0.78679,1.00,1.00
2017.09.06 17:07:46.388,0.78663,0.78679,1.88,1.00
2017.09.06 17:07:46.945,0.78664,0.7868,1.25,1.00
2017.09.06 17:07:48.301,0.78663,0.7868,1.25,1.00
2017.09.06 17:07:48.808,0.78664,0.7868,1.87,1.00
2017.09.06 17:07:49.356,0.78665,0.7868,1.25,1.00
2017.09.06 17:07:49.873,0.78664,0.78679,2.06,1.00
2017.09.06 17:07:50.485,0.78664,0.78679,1.31,1.00
2017.09.06 17:07:51.035,0.78664,0.7868,1.87,1.00
2017.09.06 17:07:52.807,0.78663,0.7868,3.19,1.00
2017.09.06 17:07:53.322,0.78664,0.7868,1.00,1.00
2017.09.06 17:07:53.840,0.78664,0.78681,1.25,1.00
2017.09.06 17:07:54.355,0.78665,0.78681,1.00,1.00
2017.09.06 17:07:55.072,0.78665,0.78683,2.06,2.25
2017.09.06 17:07:55.594,0.78666,0.78683,1.25,1.00
2017.09.06 17:07:56.130,0.78665,0.78682,1.00,1.00
2017.09.06 17:07:56.658,0.78666,0.78682,1.00,1.50
2017.09.06 17:07:57.184,0.78667,0.78683,1.00,1.00
2017.09.06 17:07:57.752,0.78666,0.78683,2.25,1.00
2017.09.06 17:07:57.936,0.78666,0.78679,1.00,1.00
2017.09.06 17:07:57.987,0.78664,0.78679,1.12,1.00
2017.09.06 17:07:58.121,0.78661,0.78677,3.94,1.00
2017.09.06 17:07:58.173,0.7866,0.78677,1.69,1.50
2017.09.06 17:07:58.477,0.78662,0.78677,1.44,1.00
2017.09.06 17:07:58.940,0.78661,0.78679,3.00,1.50
2017.09.06 17:07:59.100,0.7866,0.78677,2.25,1.00
2017.09.06 17:07:59.329,0.78662,0.78679,1.12,1.50
2017.09.06 17:08:00.060,0.78662,0.78679,1.69,1.50
2017.09.06 17:08:00.730,0.78662,0.78679,1.50,1.50
2017.09.06 17:08:01.236,0.78663,0.78679,1.25,1.00
2017.09.06 17:08:01.810,0.78663,0.7868,1.69,1.00
2017.09.06 17:08:02.886,0.78665,0.78681,1.00,1.00
2017.09.06 17:08:02.989,0.78663,0.78683,2.44,1.87
2017.09.06 17:08:03.914,0.78663,0.7868,2.62,1.00
2017.09.06 17:08:04.424,0.78664,0.7868,1.00,1.00
2017.09.06 17:08:06.430,0.78665,0.78681,1.25,1.00
2017.09.06 17:08:06.734,0.78668,0.78683,1.00,1.00
2017.09.06 17:08:07.538,0.78668,0.78684,1.25,1.00
2017.09.06 17:08:08.087,0.78669,0.78684,1.00,1.00
2017.09.06 17:08:08.390,0.78676,0.78692,1.00,1.50
2017.09.06 17:08:08.963,0.78677,0.78692,1.00,1.00
2017.09.06 17:08:10.512,0.7868,0.78696,1.00,2.25
2017.09.06 17:08:10.563,0.7868,0.78696,1.00,1.00
2017.09.06 17:08:10.613,0.78681,0.78689,1.00,1.00
2017.09.06 17:08:10.664,0.78676,0.78689,1.12,1.00
2017.09.06 17:08:10.766,0.78674,0.78681,1.12,1.00
2017.09.06 17:08:10.817,0.78668,0.78681,1.75,1.00
2017.09.06 17:08:10.868,0.78669,0.78681,1.12,1.00
2017.09.06 17:08:11.079,0.78668,0.78684,1.00,1.00
2017.09.06 17:08:11.130,0.78671,0.78684,1.00,1.00
2017.09.06 17:08:11.181,0.78671,0.78687,1.00,1.25
2017.09.06 17:08:11.232,0.78674,0.78687,1.00,1.00
2017.09.06 17:08:11.385,0.78675,0.7869,1.50,1.00
2017.09.06 17:08:12.012,0.78677,0.78692,1.00,1.00
2017.09.06 17:08:12.063,0.78675,0.78692,1.50,1.25
2017.09.06 17:08:12.515,0.78677,0.78692,1.00,1.00
2017.09.06 17:08:12.820,0.78675,0.78687,1.00,1.00
2017.09.06 17:08:12.926,0.7867,0.78687,1.50,1.00
2017.09.06 17:08:13.180,0.78666,0.78683,3.56,1.00
2017.09.06 17:08:13.686,0.78667,0.78684,1.69,1.00
2017.09.06 17:08:14.236,0.78667,0.78683,1.19,1.00
2017.09.06 17:08:14.981,0.78667,0.78683,1.69,1.00
2017.09.06 17:08:15.508,0.78667,0.78684,1.69,1.50
2017.09.06 17:08:15.814,0.78664,0.7868,2.62,1.00
2017.09.06 17:08:15.966,0.78662,0.7868,1.87,1.00
2017.09.06 17:08:16.017,0.78665,0.78681,1.25,1.12
2017.09.06 17:08:16.215,0.78667,0.78684,1.00,1.00
2017.09.06 17:08:16.421,0.78667,0.78682,1.50,1.00
2017.09.06 17:08:16.726,0.78667,0.78679,1.00,1.00
2017.09.06 17:08:16.778,0.78663,0.78679,1.25,1.50
2017.09.06 17:08:16.880,0.78665,0.78679,1.00,1.50
2017.09.06 17:08:17.166,0.78668,0.78683,1.00,1.00
2017.09.06 17:08:17.217,0.78668,0.78681,1.00,1.00
2017.09.06 17:08:17.470,0.78664,0.78679,1.00,1.00
2017.09.06 17:08:17.521,0.78662,0.78679,1.87,1.00
2017.09.06 17:08:18.051,0.78662,0.78679,2.06,1.00
2017.09.06 17:08:18.732,0.78662,0.78679,1.25,1.00
2017.09.06 17:08:19.222,0.7866,0.78676,1.25,1.00
2017.09.06 17:08:20.137,0.7866,0.78677,1.25,1.50
2017.09.06 17:08:20.658,0.78658,0.78676,2.62,1.50
2017.09.06 17:08:20.962,0.78656,0.78674,1.19,1.00
2017.09.06 17:08:21.267,0.78653,0.7867,2.44,1.00
2017.09.06 17:08:21.703,0.78652,0.78668,1.00,1.50
2017.09.06 17:08:21.805,0.7865,0.78667,2.06,1.00
2017.09.06 17:08:21.908,0.78652,0.78669,1.25,1.50
2017.09.06 17:08:22.112,0.7865,0.78667,2.06,1.00
2017.09.06 17:08:22.214,0.7865,0.78666,2.81,1.00
2017.09.06 17:08:22.755,0.7865,0.78666,1.87,1.00
2017.09.06 17:08:23.316,0.7865,0.78665,1.00,1.00
2017.09.06 17:08:23.620,0.78642,0.78657,1.31,1.00
2017.09.06 17:08:24.163,0.78641,0.78659,1.44,2.25
2017.09.06 17:08:24.725,0.7864,0.78657,2.06,1.50
2017.09.06 17:08:25.413,0.78642,0.78659,1.00,2.25
2017.09.06 17:08:25.923,0.78643,0.78659,1.25,1.00
2017.09.06 17:08:26.429,0.78642,0.7866,3.19,1.50
2017.09.06 17:08:26.977,0.78644,0.7866,1.00,1.50
2017.09.06 17:08:28.410,0.78645,0.7866,1.00,1.50
2017.09.06 17:08:28.720,0.78652,0.78668,1.25,3.19
2017.09.06 17:08:28.822,0.78652,0.78668,1.50,2.25
2017.09.06 17:08:29.330,0.78652,0.78668,1.12,1.50
2017.09.06 17:08:29.940,0.78651,0.78667,2.44,1.00
2017.09.06 17:08:30.041,0.78649,0.78664,1.00,1.50
2017.09.06 17:08:30.460,0.78652,0.78665,1.12,1.00
2017.09.06 17:08:30.510,0.78652,0.78667,1.25,1.00
2017.09.06 17:08:30.612,0.78657,0.7867,1.00,1.00
2017.09.06 17:08:30.714,0.78659,0.78675,1.13,2.25
2017.09.06 17:08:30.815,0.78659,0.78675,1.44,1.00
2017.09.06 17:08:31.322,0.78661,0.78676,1.00,1.00
2017.09.06 17:08:32.463,0.7866,0.78674,1.87,1.00
2017.09.06 17:08:32.615,0.78658,0.78674,1.25,1.00
2017.09.06 17:08:33.080,0.78657,0.78672,1.50,1.00
2017.09.06 17:08:33.656,0.78656,0.78672,1.31,1.00
2017.09.06 17:08:34.368,0.78655,0.78671,3.19,1.00
2017.09.06 17:08:34.520,0.78653,0.7867,3.37,1.00
2017.09.06 17:08:34.826,0.78653,0.78668,1.00,1.00
2017.09.06 17:08:34.877,0.78654,0.7867,1.00,1.00
2017.09.06 17:08:34.928,0.78652,0.78669,2.62,1.00
2017.09.06 17:08:35.131,0.78654,0.78671,1.25,1.50
2017.09.06 17:08:35.788,0.78652,0.78669,1.69,1.00
2017.09.06 17:08:36.124,0.78654,0.78671,1.25,1.50
2017.09.06 17:08:36.482,0.78655,0.78667,1.00,1.00
2017.09.06 17:08:36.533,0.7865,0.78665,1.50,1.00
2017.09.06 17:08:36.635,0.78648,0.78663,1.00,1.00
2017.09.06 17:08:36.736,0.78645,0.78662,1.12,1.00
2017.09.06 17:08:37.362,0.78646,0.78664,1.44,1.00
2017.09.06 17:08:37.869,0.78645,0.78664,1.25,1.50
2017.09.06 17:08:38.678,0.78645,0.78662,1.69,1.00
2017.09.06 17:08:39.175,0.78643,0.78659,1.00,1.50
2017.09.06 17:08:39.753,0.78642,0.78659,1.25,1.50
2017.09.06 17:08:40.581,0.78641,0.78658,1.62,1.00
2017.09.06 17:08:41.216,0.7864,0.78657,2.06,1.00
2017.09.06 17:08:41.763,0.78641,0.78658,1.37,1.00
2017.09.06 17:08:42.286,0.78641,0.78658,1.37,1.00
2017.09.06 17:08:42.894,0.78641,0.78658,1.44,1.00
2017.09.06 17:08:43.426,0.78641,0.78657,1.25,1.00
2017.09.06 17:08:44.091,0.78638,0.78655,2.81,1.00
2017.09.06 17:08:44.598,0.78638,0.78655,1.25,1.00
2017.09.06 17:08:45.106,0.78637,0.78654,1.87,1.00
2017.09.06 17:08:46.771,0.78637,0.78654,1.87,1.00
2017.09.06 17:08:47.340,0.78639,0.78654,1.88,1.00
2017.09.06 17:08:47.391,0.7864,0.78659,1.00,2.25
2017.09.06 17:08:47.442,0.78642,0.78659,1.25,1.37
2017.09.06 17:08:47.493,0.78642,0.78659,1.00,1.00
2017.09.06 17:08:47.595,0.78643,0.78659,2.25,1.00
2017.09.06 17:08:47.731,0.78644,0.78661,1.87,1.50
2017.09.06 17:08:48.189,0.78644,0.78661,1.56,1.50
2017.09.06 17:08:49.103,0.78647,0.78664,1.69,1.12
2017.09.06 17:08:49.661,0.78647,0.78665,1.00,1.50
2017.09.06 17:08:50.604,0.78647,0.78665,1.44,2.25
2017.09.06 17:08:51.230,0.78647,0.78665,1.25,1.50
2017.09.06 17:08:51.739,0.78647,0.78664,1.00,1.00
2017.09.06 17:08:52.277,0.78648,0.78665,1.25,1.00
2017.09.06 17:08:52.530,0.7865,0.78666,1.00,1.12
2017.09.06 17:08:53.032,0.78649,0.78665,1.25,1.00
2017.09.06 17:08:53.537,0.78648,0.78664,1.00,1.00
2017.09.06 17:08:53.841,0.78651,0.78667,1.00,1.00
2017.09.06 17:08:55.922,0.7865,0.78669,2.44,1.50
2017.09.06 17:08:56.433,0.7865,0.78669,1.69,1.00
2017.09.06 17:08:57.032,0.7865,0.78669,2.63,1.50
2017.09.06 17:08:57.538,0.78652,0.78669,1.00,1.00
2017.09.06 17:08:58.650,0.78651,0.78668,1.69,1.00
2017.09.06 17:08:59.056,0.7865,0.78663,1.50,1.50
2017.09.06 17:08:59.210,0.7864,0.78659,2.25,1.50
2017.09.06 17:08:59.260,0.7864,0.78658,1.50,1.00
2017.09.06 17:09:00.233,0.78641,0.78661,2.63,2.44
2017.09.06 17:09:00.781,0.78641,0.78659,1.63,1.12
2017.09.06 17:09:01.014,0.78641,0.78661,2.44,1.12
2017.09.06 17:09:01.166,0.78641,0.78659,1.44,1.00
2017.09.06 17:09:01.700,0.78641,0.78659,1.25,1.00
2017.09.06 17:09:02.228,0.7864,0.78659,2.06,1.00
2017.09.06 17:09:03.275,0.7864,0.7866,1.12,2.44
2017.09.06 17:09:03.851,0.7864,0.78659,1.31,1.25
2017.09.06 17:09:04.357,0.78641,0.78659,1.25,1.00
2017.09.06 17:09:05.052,0.78641,0.7866,1.00,1.00
2017.09.06 17:09:05.502,0.78641,0.78657,1.25,1.12
2017.09.06 17:09:05.705,0.78639,0.78657,1.31,1.12
2017.09.06 17:09:05.807,0.78641,0.78657,1.00,1.12
2017.09.06 17:09:07.065,0.78639,0.78657,1.69,1.12
2017.09.06 17:09:07.768,0.78641,0.78657,1.25,1.12
2017.09.06 17:09:08.675,0.7864,0.78657,1.25,1.12
2017.09.06 17:09:09.689,0.78641,0.78657,1.25,1.12
2017.09.06 17:09:10.296,0.78639,0.78655,1.25,1.00
2017.09.06 17:09:10.448,0.7864,0.78657,1.13,2.06
2017.09.06 17:09:10.592,0.7864,0.78659,3.19,1.50
2017.09.06 17:09:10.644,0.7864,0.78659,3.19,1.50
2017.09.06 17:09:10.746,0.7864,0.7866,2.25,2.62
2017.09.06 17:09:11.270,0.78641,0.78659,1.00,1.00
2017.09.06 17:09:11.860,0.78641,0.7866,1.00,1.12
2017.09.06 17:09:11.911,0.78641,0.78657,1.12,1.00
2017.09.06 17:09:12.215,0.78641,0.78655,1.00,1.00
2017.09.06 17:09:12.762,0.7864,0.78655,1.31,1.00
2017.09.06 17:09:14.148,0.78639,0.78655,1.25,1.00
2017.09.06 17:09:14.476,0.78646,0.78662,1.25,1.37
2017.09.06 17:09:14.780,0.78644,0.78662,1.50,1.00
2017.09.06 17:09:15.295,0.78644,0.78661,1.50,1.12
2017.09.06 17:09:15.807,0.78645,0.78661,1.25,1.12
2017.09.06 17:09:16.588,0.78644,0.78661,1.31,1.12
2017.09.06 17:09:17.711,0.78643,0.78659,1.50,1.50
2017.09.06 17:09:18.218,0.78644,0.78659,1.25,1.12
2017.09.06 17:09:18.421,0.78644,0.78662,1.00,2.25
2017.09.06 17:09:18.966,0.78645,0.78661,1.25,1.12
2017.09.06 17:09:19.103,0.78647,0.78662,1.44,2.25
2017.09.06 17:09:19.357,0.78651,0.78668,1.19,1.50
2017.09.06 17:09:19.694,0.78654,0.78668,1.00,1.12
2017.09.06 17:09:20.133,0.78653,0.78666,1.00,1.00
2017.09.06 17:09:20.337,0.78639,0.78654,1.00,1.00
2017.09.06 17:09:20.875,0.78639,0.78655,1.00,1.87
2017.09.06 17:09:21.394,0.78639,0.78654,1.25,1.00
2017.09.06 17:09:22.136,0.78639,0.78655,1.00,1.87
2017.09.06 17:09:22.338,0.78644,0.78655,1.00,1.50
2017.09.06 17:09:22.490,0.78649,0.78664,1.56,1.00
2017.09.06 17:09:22.541,0.78659,0.78676,1.00,2.81
2017.09.06 17:09:22.643,0.78658,0.78676,1.00,1.12
2017.09.06 17:09:23.143,0.78658,0.78673,1.00,1.00
2017.09.06 17:09:23.346,0.78654,0.78673,2.25,1.25
2017.09.06 17:09:23.968,0.78654,0.78673,1.12,1.69
2017.09.06 17:09:24.494,0.78654,0.78672,1.12,1.25
2017.09.06 17:09:24.933,0.78653,0.78669,1.00,1.00
2017.09.06 17:09:25.484,0.78652,0.78668,1.25,1.00
2017.09.06 17:09:25.535,0.78652,0.78671,1.12,2.06
2017.09.06 17:09:25.586,0.78654,0.78671,1.87,1.37
2017.09.06 17:09:25.638,0.78654,0.78673,2.81,2.06
2017.09.06 17:09:25.892,0.78654,0.78673,2.63,1.25
2017.09.06 17:09:25.994,0.78656,0.78675,1.69,2.44
2017.09.06 17:09:26.633,0.78656,0.78675,2.62,1.87
2017.09.06 17:09:27.836,0.78658,0.78675,1.50,1.00
2017.09.06 17:09:28.405,0.78658,0.78676,1.50,1.00
2017.09.06 17:09:28.710,0.78661,0.78675,1.00,1.12
2017.09.06 17:09:28.864,0.78662,0.78681,1.00,1.37
2017.09.06 17:09:29.365,0.78663,0.78681,1.13,1.50
2017.09.06 17:09:30.485,0.78663,0.78682,1.50,2.25
2017.09.06 17:09:31.111,0.78665,0.78682,1.00,1.50
2017.09.06 17:09:31.618,0.78665,0.78683,1.00,1.00
2017.09.06 17:09:32.162,0.78664,0.78683,1.25,2.44
2017.09.06 17:09:32.466,0.78663,0.78681,1.00,1.50
2017.09.06 17:09:32.619,0.78661,0.7868,1.69,1.50
2017.09.06 17:09:32.720,0.78663,0.7868,1.00,1.12
2017.09.06 17:09:33.084,0.78663,0.78678,1.00,1.00
2017.09.06 17:09:33.697,0.78661,0.78678,1.69,1.00
2017.09.06 17:09:34.001,0.78659,0.78678,1.44,1.00
2017.09.06 17:09:34.243,0.78663,0.78679,1.00,1.00
2017.09.06 17:09:34.395,0.78663,0.78682,2.25,2.25
2017.09.06 17:09:34.749,0.78665,0.78682,1.00,1.00
2017.09.06 17:09:35.205,0.78663,0.7868,1.00,1.00
2017.09.06 17:09:35.947,0.78661,0.78678,1.00,1.00
2017.09.06 17:09:36.251,0.78658,0.78675,1.00,1.87
2017.09.06 17:09:36.758,0.78658,0.78676,1.25,1.50
2017.09.06 17:09:37.084,0.78662,0.78677,1.00,1.00
2017.09.06 17:09:37.948,0.78661,0.78677,1.25,1.00
2017.09.06 17:09:38.353,0.78659,0.78675,1.69,1.00
2017.09.06 17:09:39.109,0.78658,0.78675,1.25,1.00
2017.09.06 17:09:39.664,0.78659,0.78675,1.00,1.00
2017.09.06 17:09:39.968,0.78659,0.78677,1.25,2.25
2017.09.06 17:09:40.120,0.78658,0.78675,1.25,1.00
2017.09.06 17:09:40.590,0.7866,0.78677,1.00,1.87
2017.09.06 17:09:40.893,0.7866,0.78674,1.00,1.00
2017.09.06 17:09:41.592,0.78659,0.78674,1.25,1.00
2017.09.06 17:09:42.580,0.7866,0.78674,1.00,1.00
2017.09.06 17:09:43.016,0.7866,0.78679,1.19,2.44
2017.09.06 17:09:43.117,0.78659,0.78677,1.69,1.00
2017.09.06 17:09:43.267,0.78657,0.78674,1.69,1.00
2017.09.06 17:09:43.881,0.78657,0.78674,1.31,1.00
2017.09.06 17:09:44.416,0.78657,0.78674,1.12,1.00
2017.09.06 17:09:44.878,0.78659,0.78675,1.12,1.00
2017.09.06 17:09:45.182,0.78661,0.78678,1.00,1.00
2017.09.06 17:09:45.688,0.78661,0.78679,1.00,1.12
2017.09.06 17:09:45.938,0.78663,0.78678,1.25,1.00
2017.09.06 17:09:46.443,0.78664,0.78678,1.25,1.00
2017.09.06 17:09:46.958,0.78664,0.78679,1.00,1.00
2017.09.06 17:09:47.463,0.78664,0.78678,1.25,1.00
2017.09.06 17:09:47.672,0.78662,0.78678,1.25,1.00
2017.09.06 17:09:47.725,0.78664,0.78678,1.00,1.00
2017.09.06 17:09:47.777,0.78662,0.78678,1.12,1.00
2017.09.06 17:09:48.440,0.78662,0.78679,1.00,1.12
2017.09.06 17:09:48.982,0.78662,0.78678,1.25,1.00
2017.09.06 17:09:49.515,0.78662,0.78679,1.00,1.12
2017.09.06 17:09:50.056,0.78662,0.78678,1.00,1.00
2017.09.06 17:09:50.584,0.78659,0.78676,1.25,1.50
2017.09.06 17:09:50.686,0.78657,0.78673,1.69,1.00
2017.09.06 17:09:50.874,0.78657,0.78673,1.00,1.00
2017.09.06 17:09:50.928,0.78655,0.78672,1.00,1.00
2017.09.06 17:09:50.980,0.78655,0.78669,1.31,1.00
2017.09.06 17:09:51.337,0.78655,0.78671,1.13,1.87
2017.09.06 17:09:52.703,0.78654,0.78669,1.25,1.00
2017.09.06 17:09:53.153,0.7865,0.78669,2.25,1.00
2017.09.06 17:09:53.456,0.78652,0.78669,1.81,1.00
2017.09.06 17:09:53.760,0.78653,0.78667,1.25,1.00
2017.09.06 17:09:54.001,0.78651,0.78667,1.50,1.00
2017.09.06 17:09:54.407,0.78653,0.78667,1.00,1.00
2017.09.06 17:09:54.996,0.78654,0.78668,1.25,1.12
2017.09.06 17:09:55.532,0.78653,0.78668,1.25,1.12
2017.09.06 17:09:56.320,0.78653,0.78668,1.19,1.12
2017.09.06 17:09:57.695,0.78655,0.78668,1.00,1.00
2017.09.06 17:09:57.746,0.78655,0.78671,1.25,1.87
2017.09.06 17:09:58.254,0.78654,0.78671,1.50,1.00
2017.09.06 17:09:58.902,0.78655,0.78671,1.00,1.00
2017.09.06 17:10:00.023,0.78654,0.78671,1.00,1.00
2017.09.06 17:10:00.417,0.78651,0.78669,1.63,1.00
2017.09.06 17:10:00.721,0.78651,0.78667,1.12,1.12
2017.09.06 17:10:01.238,0.7865,0.78666,1.25,1.00
2017.09.06 17:10:01.584,0.78653,0.78672,1.25,4.12
2017.09.06 17:10:01.635,0.78653,0.78669,1.00,1.00
2017.09.06 17:10:01.788,0.78651,0.78669,1.25,1.50
2017.09.06 17:10:01.940,0.78651,0.78666,1.25,1.00
2017.09.06 17:10:02.447,0.78651,0.78668,1.00,1.50
2017.09.06 17:10:03.030,0.7865,0.78668,1.00,1.00
2017.09.06 17:10:03.467,0.7865,0.78666,1.00,1.00
2017.09.06 17:10:03.971,0.7865,0.78667,1.00,1.87
2017.09.06 17:10:04.479,0.78651,0.78667,1.25,1.12
2017.09.06 17:10:04.783,0.78649,0.78665,1.00,1.00
2017.09.06 17:10:05.663,0.78648,0.78665,1.25,1.00
2017.09.06 17:10:06.966,0.78647,0.78664,1.00,1.50
2017.09.06 17:10:07.538,0.78647,0.78663,1.25,1.00
2017.09.06 17:10:09.106,0.78647,0.78664,1.00,1.12
2017.09.06 17:10:09.625,0.78648,0.78663,1.00,1.00
2017.09.06 17:10:10.140,0.78648,0.78666,1.00,1.75
2017.09.06 17:10:10.241,0.78648,0.78666,1.00,1.00
2017.09.06 17:10:10.921,0.78647,0.78666,2.06,1.50
2017.09.06 17:10:15.089,0.78648,0.78666,1.00,1.50
2017.09.06 17:10:16.265,0.78647,0.78666,1.69,2.44
2017.09.06 17:10:16.621,0.78645,0.78662,1.50,1.00
2017.09.06 17:10:17.026,0.78644,0.78661,1.25,1.00
2017.09.06 17:10:17.788,0.78644,0.78662,1.00,1.12
2017.09.06 17:10:18.328,0.78644,0.78661,1.12,1.00
2017.09.06 17:10:20.623,0.78645,0.78661,1.00,1.00
2017.09.06 17:10:21.682,0.78647,0.78665,1.13,2.25
2017.09.06 17:10:21.834,0.78647,0.78666,1.88,1.87
2017.09.06 17:10:23.220,0.78648,0.78666,1.00,1.50
2017.09.06 17:10:24.248,0.78647,0.78666,1.00,1.69
2017.09.06 17:10:25.153,0.78645,0.78664,3.19,1.00
2017.09.06 17:10:25.696,0.78647,0.78664,1.00,1.00
2017.09.06 17:10:26.276,0.78646,0.78664,1.25,1.00
2017.09.06 17:10:26.810,0.78647,0.78665,1.00,2.62
2017.09.06 17:10:27.315,0.78647,0.78664,1.00,1.00
2017.09.06 17:10:27.636,0.78647,0.78662,1.00,1.00
2017.09.06 17:10:28.092,0.78645,0.78662,1.12,1.00
2017.09.06 17:10:28.661,0.78645,0.78663,1.00,1.12
2017.09.06 17:10:29.173,0.78645,0.78662,1.12,1.00
2017.09.06 17:10:29.576,0.78647,0.78662,1.25,1.00
2017.09.06 17:10:29.728,0.78647,0.78664,1.25,1.00
2017.09.06 17:10:30.274,0.78645,0.78664,2.62,1.00
2017.09.06 17:10:30.674,0.78645,0.78662,1.87,1.00
2017.09.06 17:10:31.179,0.78646,0.78663,1.25,1.00
2017.09.06 17:10:31.717,0.78647,0.78663,1.25,1.00
2017.09.06 17:10:32.349,0.78646,0.78663,1.25,1.00
2017.09.06 17:10:33.225,0.78646,0.78662,1.25,1.00
2017.09.06 17:10:34.739,0.78646,0.78663,1.00,1.87
2017.09.06 17:10:35.245,0.78647,0.78663,1.00,1.50
2017.09.06 17:10:35.722,0.78647,0.78665,1.44,1.50
2017.09.06 17:10:35.874,0.78649,0.78666,1.00,1.69
2017.09.06 17:10:36.026,0.78648,0.78664,1.25,1.00
2017.09.06 17:10:38.276,0.78649,0.78664,1.25,1.12
2017.09.06 17:10:38.783,0.78648,0.78663,1.25,1.00
2017.09.06 17:10:39.332,0.78648,0.78664,1.25,1.12
2017.09.06 17:10:39.687,0.7865,0.78666,1.00,3.00
2017.09.06 17:10:39.738,0.78649,0.78667,1.25,2.62
2017.09.06 17:10:39.881,0.78649,0.78664,1.13,1.00
2017.09.06 17:10:40.134,0.78647,0.78665,1.13,2.25
2017.09.06 17:10:40.186,0.78647,0.78665,1.13,2.25
2017.09.06 17:10:40.288,0.78647,0.78665,1.13,1.87
2017.09.06 17:10:40.542,0.78647,0.78661,1.44,1.00
2017.09.06 17:10:40.896,0.78653,0.78666,1.00,1.75
2017.09.06 17:10:40.948,0.78653,0.78666,1.13,1.00
2017.09.06 17:10:41.152,0.78653,0.78669,1.25,1.87
2017.09.06 17:10:42.722,0.78652,0.78669,1.13,1.12
2017.09.06 17:10:42.824,0.78651,0.78666,1.00,1.00
2017.09.06 17:10:42.926,0.78651,0.78668,1.25,1.50
2017.09.06 17:10:43.164,0.78653,0.78668,1.00,1.00
2017.09.06 17:10:44.878,0.78653,0.78669,1.00,1.87
2017.09.06 17:10:45.410,0.78654,0.78668,1.13,1.00
2017.09.06 17:10:46.083,0.78651,0.78666,1.13,1.00
2017.09.06 17:10:47.082,0.78651,0.78667,1.13,1.12
2017.09.06 17:10:48.054,0.78652,0.78667,1.00,1.00
2017.09.06 17:10:48.858,0.78653,0.78667,1.00,1.00
2017.09.06 17:10:49.010,0.78654,0.78669,1.44,1.50
2017.09.06 17:10:49.364,0.78656,0.78671,1.25,1.50
2017.09.06 17:10:49.415,0.78657,0.78671,1.44,1.50
2017.09.06 17:10:49.776,0.78648,0.78667,1.75,1.00
2017.09.06 17:10:49.828,0.78648,0.78667,1.69,1.50
2017.09.06 17:10:50.469,0.78648,0.78667,1.69,2.62
2017.09.06 17:10:51.007,0.78649,0.78667,1.00,1.50
2017.09.06 17:10:51.270,0.78649,0.78669,1.87,1.00
2017.09.06 17:10:51.573,0.78651,0.78669,1.00,1.00
2017.09.06 17:10:51.977,0.7865,0.78666,1.25,1.87
2017.09.06 17:10:52.482,0.78649,0.78666,1.00,1.87
2017.09.06 17:10:53.178,0.7865,0.78666,1.25,1.87
2017.09.06 17:10:54.240,0.78651,0.78666,1.00,1.87
2017.09.06 17:10:54.820,0.78652,0.78668,1.25,1.87
2017.09.06 17:10:54.871,0.78653,0.78668,1.19,1.12
2017.09.06 17:10:55.737,0.78653,0.78668,1.25,1.12
2017.09.06 17:10:56.435,0.78654,0.78668,1.00,1.12
2017.09.06 17:10:56.760,0.78658,0.78672,1.25,1.75
2017.09.06 17:10:56.810,0.78658,0.78672,1.25,1.75
2017.09.06 17:10:56.912,0.78658,0.78672,1.25,1.00
2017.09.06 17:10:57.566,0.78656,0.78672,1.25,1.00
2017.09.06 17:10:57.667,0.78655,0.78669,1.25,1.00
2017.09.06 17:10:58.140,0.78655,0.78671,1.25,1.12
2017.09.06 17:10:58.191,0.78659,0.78673,1.00,1.75
2017.09.06 17:10:58.292,0.78659,0.78674,1.00,1.87
2017.09.06 17:10:58.702,0.78656,0.78673,1.50,1.00
2017.09.06 17:10:59.208,0.78656,0.78673,2.44,1.00
2017.09.06 17:10:59.858,0.78659,0.78676,1.44,2.25
2017.09.06 17:11:00.011,0.78663,0.78678,1.13,1.50
2017.09.06 17:11:00.357,0.78663,0.78676,1.25,1.00
2017.09.06 17:11:00.840,0.78661,0.78676,1.13,1.00
2017.09.06 17:11:01.700,0.78661,0.78678,1.38,2.25
2017.09.06 17:11:02.237,0.78662,0.78677,1.13,1.00
2017.09.06 17:11:02.821,0.78662,0.78678,1.00,1.00
2017.09.06 17:11:03.130,0.78656,0.78673,2.62,1.00
2017.09.06 17:11:03.232,0.78656,0.78673,1.50,1.00
2017.09.06 17:11:03.384,0.78659,0.78675,1.00,1.50
2017.09.06 17:11:03.688,0.78664,0.7868,1.00,1.75
2017.09.06 17:11:03.792,0.78664,0.7868,1.25,1.37
2017.09.06 17:11:03.843,0.78664,0.7868,1.25,1.00
2017.09.06 17:11:04.097,0.78664,0.78682,1.50,1.00
2017.09.06 17:11:04.678,0.78664,0.78682,1.31,1.00
2017.09.06 17:11:05.201,0.78663,0.78682,1.88,1.00
2017.09.06 17:11:05.302,0.78663,0.78682,2.63,1.50
2017.09.06 17:11:05.779,0.78662,0.7868,1.31,1.88
2017.09.06 17:11:05.830,0.78661,0.78678,2.81,1.00
2017.09.06 17:11:05.891,0.78661,0.7868,1.69,1.50
2017.09.06 17:11:06.085,0.78662,0.78681,1.63,1.50
2017.09.06 17:11:06.591,0.78663,0.78681,1.44,1.50
2017.09.06 17:11:07.413,0.78664,0.78681,1.31,1.00
2017.09.06 17:11:07.767,0.78665,0.78683,1.50,1.50
2017.09.06 17:11:07.818,0.78667,0.78686,1.25,3.00
2017.09.06 17:11:07.920,0.78667,0.78686,1.25,2.25
2017.09.06 17:11:08.143,0.78666,0.78684,2.06,1.00
2017.09.06 17:11:08.680,0.78665,0.78683,1.31,1.00
2017.09.06 17:11:09.214,0.78664,0.78682,1.00,1.12
2017.09.06 17:11:10.529,0.78664,0.78683,1.50,2.81
2017.09.06 17:11:10.631,0.78665,0.78684,1.25,2.62
2017.09.06 17:11:11.182,0.78665,0.78683,1.38,1.50
2017.09.06 17:11:12.772,0.78663,0.78681,1.50,1.00
2017.09.06 17:11:13.278,0.78664,0.78682,1.00,1.50
2017.09.06 17:11:13.532,0.78665,0.78681,1.19,1.50
2017.09.06 17:11:13.868,0.78668,0.78683,1.00,1.12
2017.09.06 17:11:14.126,0.78664,0.78681,1.00,1.00
2017.09.06 17:11:14.719,0.78664,0.7868,1.25,1.00
2017.09.06 17:11:15.294,0.78663,0.7868,1.25,1.00
2017.09.06 17:11:15.852,0.78663,0.78681,1.00,1.12
2017.09.06 17:11:16.400,0.78661,0.7868,2.62,1.50
2017.09.06 17:11:16.452,0.78661,0.7868,1.87,1.69
2017.09.06 17:11:16.503,0.78661,0.78678,1.00,1.50
2017.09.06 17:11:17.011,0.78662,0.7868,1.25,1.37
2017.09.06 17:11:17.062,0.78662,0.7868,1.12,1.00
2017.09.06 17:11:17.689,0.78663,0.7868,1.00,1.00
2017.09.06 17:11:17.742,0.78661,0.7868,1.50,1.87
2017.09.06 17:11:17.793,0.78661,0.78678,1.00,1.00
2017.09.06 17:11:18.091,0.78659,0.78677,1.00,1.25
2017.09.06 17:11:18.597,0.78658,0.78676,1.12,1.12
2017.09.06 17:11:19.150,0.78659,0.78676,1.44,1.00
2017.09.06 17:11:19.555,0.78659,0.78674,1.25,1.00
2017.09.06 17:11:20.305,0.78658,0.78677,1.00,2.62
2017.09.06 17:11:20.356,0.78664,0.78678,1.25,2.25
2017.09.06 17:11:20.558,0.78665,0.7868,1.00,1.00
2017.09.06 17:11:20.761,0.78665,0.78677,1.00,1.00
2017.09.06 17:11:21.020,0.78654,0.78668,1.87,1.00
2017.09.06 17:11:21.223,0.7865,0.78667,1.25,1.00
2017.09.06 17:11:21.714,0.78652,0.78667,1.00,1.87
2017.09.06 17:11:22.120,0.78649,0.78666,1.00,1.00
2017.09.06 17:11:22.626,0.7865,0.78666,1.25,1.00
2017.09.06 17:11:23.129,0.78651,0.78667,1.00,2.25
2017.09.06 17:11:23.230,0.78649,0.78665,1.19,1.00
2017.09.06 17:11:23.833,0.7865,0.78666,1.25,1.00
2017.09.06 17:11:24.352,0.78648,0.78666,1.38,1.00
2017.09.06 17:11:24.869,0.78648,0.78665,1.13,1.00
2017.09.06 17:11:25.173,0.7865,0.78666,1.25,1.00
2017.09.06 17:11:25.477,0.78652,0.78667,1.00,1.00
2017.09.06 17:11:26.129,0.7865,0.78667,1.25,1.00
2017.09.06 17:11:26.281,0.78652,0.78669,1.44,2.62
2017.09.06 17:11:26.636,0.7865,0.78666,1.25,1.00
2017.09.06 17:11:26.880,0.78652,0.78667,1.00,1.50
2017.09.06 17:11:27.669,0.78652,0.78666,1.25,1.00
2017.09.06 17:11:28.148,0.78652,0.78669,1.13,2.25
2017.09.06 17:11:28.301,0.7865,0.78666,1.00,1.00
2017.09.06 17:11:28.605,0.78653,0.78669,1.25,1.12
2017.09.06 17:11:29.154,0.78653,0.7867,1.25,1.50
2017.09.06 17:11:29.761,0.78654,0.7867,1.00,1.00
2017.09.06 17:11:30.089,0.78653,0.78667,1.00,1.00
2017.09.06 17:11:30.140,0.7865,0.78665,1.12,1.00
2017.09.06 17:11:30.241,0.78647,0.78662,1.75,1.00
2017.09.06 17:11:30.343,0.78645,0.78662,1.44,1.00
2017.09.06 17:11:30.857,0.78643,0.78661,1.00,1.50
2017.09.06 17:11:31.011,0.78643,0.78658,1.25,1.00
2017.09.06 17:11:31.316,0.78632,0.78651,1.12,1.00
2017.09.06 17:11:31.367,0.78632,0.78647,1.12,1.00
2017.09.06 17:11:31.617,0.78627,0.78644,1.88,1.12
2017.09.06 17:11:31.769,0.78633,0.78644,1.25,1.12
2017.09.06 17:11:31.921,0.78633,0.78647,1.00,1.50
2017.09.06 17:11:32.023,0.7863,0.78645,1.25,1.00
2017.09.06 17:11:32.535,0.78629,0.78645,1.00,1.00
2017.09.06 17:11:33.385,0.78631,0.78645,1.00,1.00
2017.09.06 17:11:33.639,0.78628,0.78644,1.69,1.00
2017.09.06 17:11:34.390,0.78627,0.78644,1.69,1.00
2017.09.06 17:11:34.752,0.78631,0.78646,1.25,1.00
2017.09.06 17:11:35.006,0.78632,0.78649,1.44,1.00
2017.09.06 17:11:35.538,0.78632,0.78649,1.44,1.50
2017.09.06 17:11:36.081,0.78633,0.78649,1.25,1.50
2017.09.06 17:11:36.235,0.78635,0.78649,1.00,1.50
2017.09.06 17:11:36.945,0.78632,0.78649,1.25,1.00
2017.09.06 17:11:36.996,0.78632,0.78647,1.25,1.00
2017.09.06 17:11:37.047,0.78632,0.7865,1.25,1.50
2017.09.06 17:11:37.622,0.78632,0.7865,1.19,1.50
2017.09.06 17:11:38.784,0.78634,0.7865,1.00,1.50
2017.09.06 17:11:39.037,0.78632,0.7865,1.00,1.00
2017.09.06 17:11:39.239,0.78632,0.78649,1.00,1.50
2017.09.06 17:11:39.577,0.78634,0.78647,1.00,1.00
2017.09.06 17:11:39.750,0.78634,0.78651,1.00,2.25
2017.09.06 17:11:39.852,0.78634,0.78651,1.00,1.50
2017.09.06 17:11:40.004,0.78632,0.78648,1.69,1.00
2017.09.06 17:11:40.512,0.78633,0.78648,1.25,1.00
2017.09.06 17:11:41.331,0.78632,0.78648,1.25,1.00
2017.09.06 17:11:41.837,0.78632,0.78647,1.12,1.00
2017.09.06 17:11:42.023,0.78628,0.78647,1.69,2.25
2017.09.06 17:11:42.125,0.7863,0.78647,1.44,1.00
2017.09.06 17:11:42.277,0.78628,0.78645,1.00,1.00
2017.09.06 17:11:42.788,0.78628,0.78646,1.00,1.25
2017.09.06 17:11:44.043,0.78627,0.78646,1.69,2.25
2017.09.06 17:11:44.094,0.78629,0.78646,1.00,1.25
2017.09.06 17:11:44.705,0.7863,0.78646,1.00,1.00
2017.09.06 17:11:45.226,0.78631,0.78647,1.00,1.12
2017.09.06 17:11:45.751,0.78631,0.78646,1.31,1.00
2017.09.06 17:11:46.301,0.78632,0.78646,1.25,1.00
2017.09.06 17:11:46.960,0.78631,0.78646,1.31,1.00
2017.09.06 17:11:47.752,0.78631,0.78649,1.00,1.87
2017.09.06 17:11:47.803,0.78631,0.78649,1.00,1.87
2017.09.06 17:11:47.955,0.78634,0.78649,1.00,1.12
2017.09.06 17:11:48.157,0.78634,0.78652,1.00,1.87
2017.09.06 17:11:48.686,0.78634,0.78651,1.25,1.00
2017.09.06 17:11:49.285,0.78635,0.78651,1.00,1.00
2017.09.06 17:11:49.751,0.78633,0.78652,1.00,2.25
2017.09.06 17:11:49.803,0.7863,0.78648,1.00,1.00
2017.09.06 17:11:50.107,0.7863,0.78648,1.00,1.75
2017.09.06 17:11:50.411,0.78634,0.78645,1.00,1.12
2017.09.06 17:11:50.658,0.78637,0.78655,1.00,1.50
2017.09.06 17:11:51.374,0.78638,0.78654,1.00,1.12
2017.09.06 17:11:51.877,0.78638,0.78653,1.00,1.00
2017.09.06 17:11:52.398,0.78636,0.78653,1.19,1.00
2017.09.06 17:11:52.963,0.78636,0.78654,1.00,1.87
2017.09.06 17:11:53.354,0.78636,0.78652,1.00,1.00
2017.09.06 17:11:53.856,0.78636,0.78651,1.25,1.12
2017.09.06 17:11:54.463,0.78634,0.78649,1.31,1.00
2017.09.06 17:11:55.299,0.78635,0.78651,1.19,1.87
2017.09.06 17:11:55.842,0.78633,0.78649,1.69,1.00
2017.09.06 17:11:56.095,0.78633,0.78648,1.00,1.12
2017.09.06 17:11:56.761,0.78632,0.78649,1.00,1.50
2017.09.06 17:11:58.844,0.78632,0.78648,1.19,1.12
2017.09.06 17:11:59.148,0.78632,0.78651,1.50,2.62
2017.09.06 17:11:59.733,0.78633,0.78651,1.00,1.87
2017.09.06 17:12:00.168,0.78635,0.78649,1.00,1.00
2017.09.06 17:12:00.393,0.78635,0.78651,1.00,1.12
2017.09.06 17:12:01.283,0.78636,0.78653,1.00,2.25
2017.09.06 17:12:01.485,0.78638,0.78651,1.00,1.12
2017.09.06 17:12:01.739,0.78638,0.78653,1.00,1.00
2017.09.06 17:12:02.078,0.78636,0.78655,1.00,3.00
2017.09.06 17:12:02.129,0.78638,0.78655,1.00,1.50
2017.09.06 17:12:02.535,0.78641,0.78656,1.00,2.19
2017.09.06 17:12:02.636,0.78641,0.78657,1.00,1.00
2017.09.06 17:12:02.766,0.78637,0.78657,2.25,1.12
2017.09.06 17:12:02.868,0.78637,0.78655,1.00,1.50
2017.09.06 17:12:03.370,0.78635,0.78651,1.13,1.00
2017.09.06 17:12:03.718,0.78633,0.78651,1.13,1.00
2017.09.06 17:12:03.819,0.78631,0.78649,1.31,1.50
2017.09.06 17:12:04.123,0.78631,0.78646,1.13,1.00
2017.09.06 17:12:04.225,0.78631,0.78648,1.63,1.12
2017.09.06 17:12:04.276,0.78634,0.78649,1.44,1.12
2017.09.06 17:12:04.441,0.78629,0.78644,1.00,1.00
2017.09.06 17:12:04.543,0.78629,0.78646,1.44,1.50
2017.09.06 17:12:04.644,0.78634,0.78648,1.00,1.50
2017.09.06 17:12:04.746,0.78634,0.7865,1.44,1.12
2017.09.06 17:12:04.898,0.78634,0.78652,1.13,1.25
2017.09.06 17:12:05.510,0.78633,0.78652,1.69,2.06
2017.09.06 17:12:05.864,0.78633,0.78651,1.00,1.62
2017.09.06 17:12:06.212,0.78633,0.78652,1.00,1.87
2017.09.06 17:12:06.364,0.78632,0.7865,1.25,1.25
2017.09.06 17:12:07.277,0.78632,0.78651,1.13,1.00
2017.09.06 17:12:07.652,0.78633,0.78651,1.44,1.00
2017.09.06 17:12:08.279,0.78633,0.78652,1.13,1.87
2017.09.06 17:12:08.910,0.78633,0.78651,1.44,1.00
2017.09.06 17:12:08.961,0.78634,0.78653,1.69,1.69
2017.09.06 17:12:09.481,0.78632,0.78652,1.88,1.50
2017.09.06 17:12:10.009,0.78632,0.78651,1.00,1.00
2017.09.06 17:12:10.061,0.78632,0.78649,1.19,1.00
2017.09.06 17:12:10.617,0.78632,0.78649,1.00,1.50
2017.09.06 17:12:11.148,0.78631,0.78649,1.12,1.50
2017.09.06 17:12:12.154,0.7863,0.78647,1.12,1.00
2017.09.06 17:12:12.458,0.78628,0.78644,1.25,1.00
2017.09.06 17:12:13.251,0.78625,0.78644,2.06,1.00
2017.09.06 17:12:13.699,0.78625,0.78645,1.25,2.81
2017.09.06 17:12:14.200,0.78625,0.78644,1.62,1.00
2017.09.06 17:12:16.162,0.78625,0.78644,1.13,1.69
2017.09.06 17:12:16.801,0.78625,0.78644,1.44,1.00
2017.09.06 17:12:17.304,0.78623,0.78642,3.94,1.25
2017.09.06 17:12:17.609,0.78628,0.78645,1.00,1.62
2017.09.06 17:12:17.660,0.78628,0.78645,1.00,1.25
2017.09.06 17:12:17.762,0.78632,0.78646,1.00,1.12
2017.09.06 17:12:17.813,0.78628,0.78644,1.25,1.25
2017.09.06 17:12:17.914,0.78624,0.78639,1.50,1.00
2017.09.06 17:12:18.061,0.78623,0.78642,1.88,1.75
2017.09.06 17:12:18.164,0.78623,0.78642,2.06,1.87
2017.09.06 17:12:18.421,0.78626,0.78644,1.63,1.37
2017.09.06 17:12:18.956,0.78625,0.78642,1.81,1.00
2017.09.06 17:12:19.472,0.78627,0.7864,1.25,1.00
2017.09.06 17:12:19.881,0.78623,0.7864,2.25,1.00
2017.09.06 17:12:20.098,0.78625,0.7864,1.44,1.00
2017.09.06 17:12:20.301,0.78623,0.7864,1.87,1.00
2017.09.06 17:12:20.655,0.78623,0.7864,1.81,1.50
2017.09.06 17:12:20.944,0.78623,0.7864,1.63,1.50
2017.09.06 17:12:21.449,0.78622,0.7864,1.63,1.50
2017.09.06 17:12:21.652,0.78625,0.7864,1.25,1.00
2017.09.06 17:12:22.158,0.78623,0.7864,1.31,1.00
2017.09.06 17:12:22.680,0.78623,0.78641,1.44,1.87
2017.09.06 17:12:23.056,0.78627,0.78644,1.56,1.75
2017.09.06 17:12:23.107,0.78628,0.78646,1.63,2.25
2017.09.06 17:12:23.619,0.78628,0.78646,1.69,1.00
2017.09.06 17:12:24.039,0.78628,0.78644,1.50,1.00
2017.09.06 17:12:24.565,0.78628,0.78645,1.63,1.12
2017.09.06 17:12:24.873,0.78628,0.78645,1.88,1.00
2017.09.06 17:12:25.179,0.78628,0.78644,1.13,1.12
2017.09.06 17:12:25.690,0.78628,0.78644,1.44,1.12
2017.09.06 17:12:26.246,0.78628,0.78646,1.00,1.75
2017.09.06 17:12:26.581,0.78629,0.78647,1.31,1.50
2017.09.06 17:12:26.784,0.78627,0.78644,1.12,1.00
2017.09.06 17:12:27.175,0.78627,0.78646,1.25,1.12
2017.09.06 17:12:27.277,0.78629,0.78647,1.31,1.87
2017.09.06 17:12:27.479,0.78628,0.78646,1.25,1.00
2017.09.06 17:12:28.016,0.78628,0.78645,1.31,1.00
2017.09.06 17:12:28.118,0.78628,0.78647,1.44,1.12
2017.09.06 17:12:29.098,0.78627,0.78645,1.00,1.50
2017.09.06 17:12:29.441,0.78629,0.78646,1.31,1.00
2017.09.06 17:12:29.694,0.7863,0.78648,1.25,1.00
2017.09.06 17:12:29.745,0.78632,0.78648,1.56,1.00
2017.09.06 17:12:29.998,0.78635,0.78652,1.00,1.87
2017.09.06 17:12:30.510,0.78633,0.78651,1.62,1.12
2017.09.06 17:12:30.865,0.78631,0.78648,2.44,1.00
2017.09.06 17:12:31.259,0.78636,0.78653,1.00,1.75
2017.09.06 17:12:31.768,0.78636,0.7865,1.00,1.00
2017.09.06 17:12:32.082,0.78636,0.78654,1.00,2.25
2017.09.06 17:12:32.133,0.78636,0.78654,1.63,1.00
2017.09.06 17:12:32.234,0.78636,0.78654,1.44,1.00
2017.09.06 17:12:32.439,0.78644,0.78654,1.25,1.00
2017.09.06 17:12:32.492,0.78641,0.78656,1.25,1.00
2017.09.06 17:12:32.645,0.78644,0.78656,1.00,1.00
2017.09.06 17:12:32.747,0.78641,0.78655,1.19,1.00
2017.09.06 17:12:32.961,0.78638,0.78657,2.06,1.50
2017.09.06 17:12:33.468,0.7864,0.78655,1.00,1.00
2017.09.06 17:12:33.721,0.7864,0.78657,1.38,1.00
2017.09.06 17:12:33.875,0.78638,0.78657,1.69,1.00
2017.09.06 17:12:33.926,0.78638,0.78655,1.19,1.00
2017.09.06 17:12:34.431,0.78638,0.78655,1.13,1.00
2017.09.06 17:12:35.403,0.78636,0.78655,1.44,1.50
2017.09.06 17:12:35.923,0.78636,0.78655,1.38,1.00
2017.09.06 17:12:36.664,0.78639,0.78655,1.13,1.00
2017.09.06 17:12:37.358,0.78636,0.78655,2.44,1.50
2017.09.06 17:12:37.409,0.78638,0.78656,1.00,1.50
2017.09.06 17:12:37.918,0.78638,0.78655,1.13,1.00
2017.09.06 17:12:38.259,0.78642,0.78656,1.44,1.00
2017.09.06 17:12:38.310,0.78641,0.78657,1.00,1.37
2017.09.06 17:12:38.361,0.78642,0.78659,1.44,1.75
2017.09.06 17:12:38.412,0.78642,0.7866,1.00,1.25
2017.09.06 17:12:38.514,0.78642,0.7866,1.38,2.00
2017.09.06 17:12:38.616,0.78642,0.78661,1.13,2.44
2017.09.06 17:12:38.666,0.78642,0.78658,1.38,1.00
2017.09.06 17:12:39.179,0.78642,0.78659,1.25,1.00
2017.09.06 17:12:39.500,0.78644,0.78658,1.25,1.00
2017.09.06 17:12:40.111,0.7864,0.78656,1.12,1.00
2017.09.06 17:12:42.090,0.78639,0.78653,1.25,1.00
2017.09.06 17:12:42.445,0.78637,0.78652,1.25,1.00
2017.09.06 17:12:43.012,0.78636,0.78652,1.12,1.00
2017.09.06 17:12:43.742,0.78636,0.78653,1.25,1.12
2017.09.06 17:12:43.844,0.78638,0.78654,1.31,1.50
2017.09.06 17:12:44.223,0.78637,0.78652,1.00,1.00
2017.09.06 17:12:44.528,0.78637,0.78656,1.31,1.12
2017.09.06 17:12:45.232,0.78637,0.78656,1.12,1.12
2017.09.06 17:12:45.639,0.78637,0.78652,1.12,1.00
2017.09.06 17:12:45.943,0.78639,0.78657,1.25,3.75
2017.09.06 17:12:46.691,0.78637,0.78655,1.69,1.00
2017.09.06 17:12:47.899,0.78637,0.78657,1.38,3.19
2017.09.06 17:12:48.432,0.78641,0.78657,1.81,1.00
2017.09.06 17:12:48.755,0.78642,0.7866,1.63,1.00
2017.09.06 17:12:49.009,0.78642,0.7866,2.44,1.00
2017.09.06 17:12:49.516,0.78643,0.7866,2.44,1.00
2017.09.06 17:12:50.051,0.78643,0.7866,1.69,1.00
2017.09.06 17:12:50.575,0.78644,0.7866,1.00,1.00
2017.09.06 17:12:51.434,0.78643,0.7866,1.50,1.50
2017.09.06 17:12:51.964,0.78646,0.78662,1.00,1.50
2017.09.06 17:12:52.065,0.78646,0.78663,1.00,1.50
2017.09.06 17:12:52.117,0.78644,0.78662,1.00,1.25
2017.09.06 17:12:52.168,0.78643,0.7866,1.13,1.00
2017.09.06 17:12:52.320,0.7864,0.78658,1.69,1.50
2017.09.06 17:12:54.413,0.78638,0.78656,1.50,1.00
2017.09.06 17:12:54.716,0.78636,0.78654,1.69,1.00
2017.09.06 17:12:54.869,0.78636,0.78652,1.12,1.00
2017.09.06 17:12:55.428,0.78636,0.78653,1.00,1.12
2017.09.06 17:12:55.982,0.78636,0.78652,1.25,1.00
2017.09.06 17:12:56.084,0.78632,0.7865,1.50,1.00
2017.09.06 17:12:56.287,0.78635,0.7865,1.13,1.00
2017.09.06 17:12:56.611,0.78632,0.78651,1.69,1.50
2017.09.06 17:12:56.917,0.78632,0.78649,1.25,1.00
2017.09.06 17:12:57.426,0.78629,0.78648,3.19,1.00
2017.09.06 17:12:57.477,0.78629,0.78648,2.44,1.00
2017.09.06 17:12:58.341,0.78629,0.78648,2.44,1.00
2017.09.06 17:12:58.948,0.78629,0.78649,1.25,2.81
2017.09.06 17:12:59.481,0.78629,0.78648,1.87,1.50
2017.09.06 17:13:00.118,0.78627,0.78646,2.62,1.50
2017.09.06 17:13:00.453,0.78624,0.78644,1.25,2.06
2017.09.06 17:13:00.504,0.78627,0.78643,1.00,1.00
2017.09.06 17:13:00.707,0.78627,0.78646,1.00,3.00
2017.09.06 17:13:01.387,0.78627,0.78646,1.25,2.81
2017.09.06 17:13:01.611,0.78627,0.78643,1.00,1.00
2017.09.06 17:13:01.814,0.78625,0.78644,1.12,1.12
2017.09.06 17:13:03.547,0.78624,0.78644,1.12,1.25
2017.09.06 17:13:03.800,0.78626,0.78644,1.44,1.00
2017.09.06 17:13:04.138,0.78635,0.78653,1.31,3.00
2017.09.06 17:13:04.189,0.78635,0.78653,1.88,1.00
2017.09.06 17:13:04.721,0.78635,0.78653,1.69,1.00
2017.09.06 17:13:05.225,0.78636,0.78654,1.00,1.00
2017.09.06 17:13:05.740,0.78635,0.78653,1.69,1.00
2017.09.06 17:13:06.471,0.78635,0.78654,1.00,1.00
2017.09.06 17:13:06.724,0.78634,0.78653,1.12,3.38
2017.09.06 17:13:07.062,0.78633,0.78649,1.31,1.00
2017.09.06 17:13:07.372,0.7863,0.78646,1.31,1.00
2017.09.06 17:13:07.423,0.7863,0.78649,1.25,1.50
2017.09.06 17:13:07.625,0.7863,0.78647,1.31,1.00
2017.09.06 17:13:07.961,0.78632,0.78648,1.00,1.00
2017.09.06 17:13:08.063,0.7863,0.78648,1.12,1.00
2017.09.06 17:13:08.400,0.7863,0.78646,1.31,1.00
2017.09.06 17:13:08.654,0.78631,0.78649,1.00,1.50
2017.09.06 17:13:09.169,0.78632,0.78649,1.12,1.00
2017.09.06 17:13:09.687,0.78632,0.7865,2.06,1.00
2017.09.06 17:13:10.294,0.78632,0.78651,2.06,1.00
2017.09.06 17:13:10.346,0.78634,0.78653,1.00,3.75
2017.09.06 17:13:10.868,0.78634,0.78651,1.00,1.00
2017.09.06 17:13:11.908,0.78633,0.78652,1.37,1.00
2017.09.06 17:13:12.690,0.78634,0.78653,1.12,2.63
2017.09.06 17:13:13.169,0.78632,0.78651,2.25,2.81
2017.09.06 17:13:13.423,0.78631,0.78647,1.00,1.00
2017.09.06 17:13:13.474,0.78635,0.78647,1.00,1.00
2017.09.06 17:13:13.525,0.78633,0.7865,1.50,1.00
2017.09.06 17:13:14.006,0.78631,0.7865,1.25,2.25
2017.09.06 17:13:14.249,0.78631,0.78648,1.25,1.00
2017.09.06 17:13:14.868,0.7863,0.78648,2.62,1.00
2017.09.06 17:13:15.432,0.78631,0.78648,1.00,1.00
2017.09.06 17:13:15.956,0.78632,0.78649,1.00,1.00
2017.09.06 17:13:16.482,0.78632,0.78648,1.12,1.00
2017.09.06 17:13:16.938,0.78632,0.78644,1.31,1.00
2017.09.06 17:13:16.989,0.78631,0.78648,2.06,1.00
2017.09.06 17:13:18.233,0.78634,0.78649,1.00,1.00
2017.09.06 17:13:18.967,0.78633,0.7865,1.87,1.00
2017.09.06 17:13:19.775,0.78634,0.7865,1.00,1.00
2017.09.06 17:13:19.876,0.78636,0.78653,1.88,1.00
2017.09.06 17:13:19.978,0.78634,0.78652,1.00,1.31
2017.09.06 17:13:20.029,0.78631,0.7865,1.94,1.88
2017.09.06 17:13:20.181,0.78632,0.78648,1.00,1.00
2017.09.06 17:13:20.233,0.78632,0.78651,1.50,1.00
2017.09.06 17:13:20.594,0.7863,0.78648,2.25,1.00
2017.09.06 17:13:20.746,0.7863,0.78647,1.50,1.00
2017.09.06 17:13:21.709,0.7863,0.78648,1.00,1.00
2017.09.06 17:13:22.838,0.78629,0.78648,3.19,1.00
2017.09.06 17:13:23.377,0.7863,0.78648,1.87,1.00
2017.09.06 17:13:24.759,0.78629,0.78647,1.87,1.00
2017.09.06 17:13:25.112,0.78627,0.78647,1.87,1.00
2017.09.06 17:13:25.617,0.78628,0.78646,1.00,1.00
2017.09.06 17:13:26.221,0.78628,0.78647,1.00,2.25
2017.09.06 17:13:26.743,0.78628,0.78646,1.12,1.50
2017.09.06 17:13:29.010,0.78625,0.78643,1.75,1.50
2017.09.06 17:13:29.112,0.78625,0.78643,1.25,1.50
2017.09.06 17:13:29.365,0.78629,0.78646,1.44,1.50
2017.09.06 17:13:29.619,0.78631,0.78648,1.31,1.00
2017.09.06 17:13:29.772,0.78631,0.7865,1.12,1.50
2017.09.06 17:13:30.276,0.78631,0.78649,1.31,1.00
2017.09.06 17:13:30.888,0.78631,0.78649,1.69,1.00
2017.09.06 17:13:31.040,0.78628,0.78647,3.00,1.00
2017.09.06 17:13:31.195,0.78628,0.78647,1.50,2.06
2017.09.06 17:13:31.347,0.7863,0.78647,1.00,1.00
2017.09.06 17:13:31.650,0.78633,0.7865,1.00,2.25
2017.09.06 17:13:32.547,0.78632,0.7865,1.00,1.50
2017.09.06 17:13:33.022,0.7863,0.78648,2.06,1.00
2017.09.06 17:13:33.175,0.78629,0.78648,1.87,1.00
2017.09.06 17:13:33.812,0.78629,0.78649,2.62,1.50
2017.09.06 17:13:34.481,0.78628,0.78648,3.75,1.00
2017.09.06 17:13:35.002,0.78628,0.78647,2.25,1.00
2017.09.06 17:13:35.539,0.78628,0.78647,2.81,1.50
2017.09.06 17:13:36.867,0.78628,0.78648,1.00,2.62
2017.09.06 17:13:37.107,0.78627,0.78645,1.50,1.00
2017.09.06 17:13:37.437,0.78629,0.78646,1.00,1.00
2017.09.06 17:13:37.789,0.78628,0.78648,1.69,1.87
2017.09.06 17:13:38.296,0.78628,0.78647,1.50,1.50
2017.09.06 17:13:38.921,0.78629,0.78647,1.31,1.00
2017.09.06 17:13:39.140,0.78629,0.78649,2.44,2.25
2017.09.06 17:13:40.402,0.78629,0.78649,1.87,2.44
2017.09.06 17:13:41.108,0.78627,0.78646,1.94,2.06
2017.09.06 17:13:41.661,0.78628,0.78645,1.50,1.00
2017.09.06 17:13:42.190,0.78628,0.78644,1.13,1.00
2017.09.06 17:13:44.929,0.78626,0.78643,1.87,1.00
2017.09.06 17:13:45.032,0.78626,0.78643,2.06,1.00
2017.09.06 17:13:45.844,0.78626,0.78643,1.69,1.00
2017.09.06 17:13:46.689,0.78626,0.78645,1.87,1.00
2017.09.06 17:13:46.892,0.78628,0.78645,1.00,1.00
2017.09.06 17:13:47.196,0.78626,0.78644,1.69,1.00
2017.09.06 17:13:47.348,0.78626,0.78646,1.50,1.00
2017.09.06 17:13:47.507,0.78626,0.78646,1.12,2.81
2017.09.06 17:13:47.811,0.78624,0.78643,1.69,1.50
2017.09.06 17:13:48.326,0.78625,0.78645,1.31,2.25
2017.09.06 17:13:48.487,0.78627,0.78645,1.00,1.50
2017.09.06 17:13:48.842,0.78627,0.78646,1.00,3.38
2017.09.06 17:13:49.973,0.78627,0.78644,1.00,1.00
2017.09.06 17:13:50.176,0.78623,0.78643,1.50,1.88
2017.09.06 17:13:50.328,0.78625,0.78644,1.00,3.19
2017.09.06 17:13:50.887,0.78625,0.78643,1.00,1.00
2017.09.06 17:13:50.938,0.78627,0.78643,1.25,1.00
2017.09.06 17:13:51.205,0.78629,0.78646,1.13,1.00
2017.09.06 17:13:51.357,0.78631,0.78648,1.00,1.00
2017.09.06 17:13:52.233,0.78633,0.78648,1.00,1.00
2017.09.06 17:13:52.783,0.78631,0.78646,1.50,1.00
2017.09.06 17:13:53.670,0.78631,0.78647,1.50,1.00
2017.09.06 17:13:53.874,0.78626,0.78645,1.25,1.87
2017.09.06 17:13:54.999,0.78625,0.78643,1.00,1.00
2017.09.06 17:13:55.202,0.78626,0.78641,1.00,1.00
2017.09.06 17:13:55.253,0.78626,0.78643,1.44,1.00
2017.09.06 17:13:55.354,0.78626,0.78645,1.12,2.06
2017.09.06 17:13:55.506,0.78624,0.7864,1.50,1.25
2017.09.06 17:13:55.709,0.78621,0.7864,1.00,2.62
2017.09.06 17:13:55.760,0.78621,0.78638,1.00,1.00
2017.09.06 17:13:56.185,0.78623,0.78641,1.25,1.12
2017.09.06 17:13:57.732,0.78623,0.78641,1.00,1.63
2017.09.06 17:13:57.999,0.7862,0.78639,1.44,1.00
2017.09.06 17:13:58.248,0.78622,0.78641,1.13,2.62
2017.09.06 17:13:59.228,0.78621,0.78642,2.44,3.19
2017.09.06 17:13:59.731,0.78624,0.78642,1.00,2.06
2017.09.06 17:14:00.274,0.78624,0.78642,1.25,1.87
2017.09.06 17:14:00.620,0.78627,0.78643,1.00,1.87
2017.09.06 17:14:00.924,0.78631,0.78647,1.50,1.00
2017.09.06 17:14:01.531,0.78631,0.78646,1.00,1.00
2017.09.06 17:14:02.085,0.78632,0.78646,1.00,1.00
2017.09.06 17:14:02.591,0.78632,0.78647,1.00,1.00
2017.09.06 17:14:02.911,0.78635,0.78649,1.00,1.12
2017.09.06 17:14:03.114,0.7863,0.78647,1.00,1.69
2017.09.06 17:14:03.331,0.78634,0.78649,1.00,1.50
2017.09.06 17:14:03.483,0.78634,0.7865,1.00,1.00
2017.09.06 17:14:03.990,0.78634,0.78651,1.00,1.50
2017.09.06 17:14:04.552,0.78635,0.7865,1.00,1.00
2017.09.06 17:14:05.159,0.78636,0.78651,1.00,1.50
2017.09.06 17:14:06.982,0.78637,0.78651,1.00,1.00
2017.09.06 17:14:07.033,0.78634,0.78651,1.00,1.00
2017.09.06 17:14:07.084,0.78637,0.78652,1.00,1.50
2017.09.06 17:14:07.135,0.78635,0.78652,1.00,2.25
2017.09.06 17:14:07.988,0.78635,0.78652,1.00,2.06
2017.09.06 17:14:08.039,0.78633,0.7865,1.50,1.00
2017.09.06 17:14:08.716,0.78637,0.78652,1.00,1.00
2017.09.06 17:14:09.122,0.78635,0.78653,1.50,1.00
2017.09.06 17:14:09.609,0.78637,0.78654,1.00,1.87
2017.09.06 17:14:10.386,0.78637,0.78655,1.00,3.56
2017.09.06 17:14:10.965,0.78638,0.78654,1.00,1.00
2017.09.06 17:14:11.068,0.78635,0.78652,1.50,1.00
2017.09.06 17:14:11.119,0.78635,0.7865,1.00,1.25
2017.09.06 17:14:11.423,0.78639,0.78654,1.00,1.50
2017.09.06 17:14:11.940,0.78639,0.78655,1.00,1.00
2017.09.06 17:14:12.447,0.7864,0.78655,1.00,1.00
2017.09.06 17:14:12.997,0.78641,0.78655,1.00,1.00
2017.09.06 17:14:13.560,0.78641,0.78656,1.00,1.31
2017.09.06 17:14:14.097,0.78643,0.78658,1.00,2.62
2017.09.06 17:14:14.148,0.78643,0.78659,1.00,2.06
2017.09.06 17:14:15.079,0.78644,0.78659,1.00,1.37
2017.09.06 17:14:16.069,0.78644,0.7866,1.00,3.37
2017.09.06 17:14:16.170,0.7864,0.78659,1.00,1.25
2017.09.06 17:14:16.424,0.78639,0.78656,1.00,1.50
2017.09.06 17:14:16.639,0.78637,0.78654,1.00,1.88
2017.09.06 17:14:16.893,0.78637,0.78656,1.00,1.50
2017.09.06 17:14:16.944,0.78637,0.78656,1.50,2.81
2017.09.06 17:14:17.251,0.78639,0.78656,1.00,1.25
2017.09.06 17:14:18.104,0.78639,0.78657,1.00,1.69
2017.09.06 17:14:18.622,0.7864,0.78657,1.50,1.87
2017.09.06 17:14:18.932,0.78637,0.78654,1.12,1.25
2017.09.06 17:14:19.630,0.7864,0.78656,1.00,1.88
2017.09.06 17:14:19.731,0.7864,0.78657,1.00,2.44
2017.09.06 17:14:20.253,0.78639,0.78656,1.00,2.44
2017.09.06 17:14:20.746,0.7864,0.78658,1.50,1.31
2017.09.06 17:14:21.453,0.7864,0.78656,1.00,1.00
2017.09.06 17:14:21.860,0.78638,0.78655,1.50,1.00
2017.09.06 17:14:22.113,0.78636,0.78653,3.00,1.00
2017.09.06 17:14:22.523,0.78634,0.78651,1.12,1.88
2017.09.06 17:14:22.624,0.78636,0.78651,1.00,1.00
2017.09.06 17:14:22.827,0.78636,0.78653,1.00,1.31
2017.09.06 17:14:23.354,0.78636,0.78653,1.00,1.44
2017.09.06 17:14:23.898,0.78636,0.78653,1.00,1.25
2017.09.06 17:14:24.443,0.78636,0.78653,1.00,1.31
2017.09.06 17:14:24.829,0.78639,0.78654,1.00,2.44
2017.09.06 17:14:24.881,0.78632,0.78651,1.50,1.13
2017.09.06 17:14:24.932,0.78636,0.78651,1.00,1.00
2017.09.06 17:14:25.943,0.78635,0.78651,1.00,1.00
2017.09.06 17:14:27.351,0.78635,0.78652,1.00,2.62
2017.09.06 17:14:27.866,0.78635,0.78651,1.00,1.00
2017.09.06 17:14:28.450,0.78636,0.78651,1.00,1.00
2017.09.06 17:14:29.259,0.78634,0.78651,1.00,1.00
2017.09.06 17:14:30.261,0.78636,0.78651,1.00,1.00
2017.09.06 17:14:30.769,0.78635,0.78651,1.00,1.00
2017.09.06 17:14:31.725,0.78636,0.78651,1.00,1.00
2017.09.06 17:14:32.726,0.78635,0.78651,1.00,1.00
2017.09.06 17:14:34.872,0.78636,0.78651,1.00,1.00
2017.09.06 17:14:35.487,0.78636,0.78652,1.00,1.12
2017.09.06 17:14:37.157,0.78634,0.78651,1.00,1.00
2017.09.06 17:14:37.208,0.78633,0.7865,1.00,1.88
2017.09.06 17:14:37.633,0.78636,0.7865,1.00,2.25
2017.09.06 17:14:37.785,0.78636,0.78652,1.00,4.12
2017.09.06 17:14:38.191,0.78636,0.78652,1.00,4.69
2017.09.06 17:14:38.708,0.78635,0.78652,1.00,4.69
2017.09.06 17:14:39.228,0.78635,0.78652,1.00,4.50
2017.09.06 17:14:39.776,0.78635,0.78652,1.00,3.94
2017.09.06 17:14:40.134,0.78638,0.7865,1.00,1.13
2017.09.06 17:14:40.390,0.78638,0.78655,1.50,2.06
2017.09.06 17:14:40.493,0.78635,0.78652,2.00,1.00
2017.09.06 17:14:40.595,0.78635,0.78651,1.00,1.25
2017.09.06 17:14:41.357,0.78638,0.78654,1.00,2.25
2017.09.06 17:14:41.739,0.7864,0.78654,1.00,1.00
2017.09.06 17:14:42.648,0.7864,0.78655,1.00,1.12
2017.09.06 17:14:43.020,0.78637,0.78654,1.00,1.00
2017.09.06 17:14:43.620,0.78637,0.78654,1.00,2.25
2017.09.06 17:14:44.248,0.78636,0.78653,1.00,1.31
2017.09.06 17:14:44.728,0.7864,0.78656,1.00,1.69
2017.09.06 17:14:45.234,0.7864,0.78656,1.00,1.00
2017.09.06 17:14:45.808,0.78641,0.78657,1.00,1.50
2017.09.06 17:14:45.859,0.78638,0.78655,1.00,1.00
2017.09.06 17:14:46.367,0.78638,0.78656,1.00,2.25
2017.09.06 17:14:46.917,0.78637,0.78656,1.50,2.25
2017.09.06 17:14:47.138,0.78639,0.78656,1.00,1.87
2017.09.06 17:14:47.442,0.78638,0.78655,1.00,1.44
2017.09.06 17:14:47.976,0.78638,0.78655,1.00,1.25
2017.09.06 17:14:48.489,0.78637,0.78654,1.00,1.12
2017.09.06 17:14:49.485,0.78636,0.78653,1.00,1.00
2017.09.06 17:14:50.275,0.78636,0.78653,1.00,1.31
2017.09.06 17:14:50.950,0.78636,0.78655,1.00,3.75
2017.09.06 17:14:51.554,0.78636,0.78654,1.00,2.06
2017.09.06 17:14:51.656,0.78634,0.78651,1.00,1.50
2017.09.06 17:14:51.808,0.78636,0.78652,1.00,1.25
2017.09.06 17:14:52.943,0.78635,0.78652,1.00,1.69
2017.09.06 17:14:53.831,0.78635,0.78653,1.00,1.12
2017.09.06 17:14:54.348,0.78635,0.78652,1.00,1.69
2017.09.06 17:14:55.359,0.78636,0.78652,1.00,1.31
2017.09.06 17:14:56.618,0.78636,0.78653,1.00,2.25
2017.09.06 17:14:57.125,0.78637,0.78652,1.00,1.00
2017.09.06 17:14:57.930,0.78637,0.78653,1.00,1.12
2017.09.06 17:14:57.981,0.78635,0.78652,1.00,1.00
2017.09.06 17:14:58.032,0.78638,0.78655,1.00,3.19
2017.09.06 17:14:58.339,0.78641,0.78656,1.00,3.37
2017.09.06 17:14:58.441,0.78643,0.78658,1.00,2.62
2017.09.06 17:14:58.631,0.78643,0.78658,1.00,1.87
2017.09.06 17:14:59.206,0.78643,0.78657,1.00,1.00
2017.09.06 17:15:00.397,0.78644,0.78657,1.00,1.00
2017.09.06 17:15:00.785,0.78642,0.78659,1.00,1.12
2017.09.06 17:15:00.836,0.78641,0.78657,1.00,1.00
2017.09.06 17:15:01.432,0.78643,0.78657,1.00,1.00
2017.09.06 17:15:01.483,0.78643,0.78659,1.00,1.12
2017.09.06 17:15:01.990,0.78642,0.78658,1.00,1.25
2017.09.06 17:15:02.656,0.78642,0.78657,1.00,1.00
2017.09.06 17:15:03.193,0.78643,0.78657,1.00,1.00
2017.09.06 17:15:03.741,0.78643,0.78658,1.00,1.87
2017.09.06 17:15:04.250,0.78643,0.78657,1.00,1.00
2017.09.06 17:15:06.090,0.78646,0.78661,1.00,1.75
2017.09.06 17:15:06.242,0.78646,0.78662,1.00,2.06
2017.09.06 17:15:06.445,0.78646,0.78663,1.00,3.00
2017.09.06 17:15:06.547,0.78645,0.78661,1.00,1.12
2017.09.06 17:15:07.211,0.78643,0.78659,1.12,1.25
2017.09.06 17:15:07.262,0.78641,0.78658,1.12,2.44
2017.09.06 17:15:08.134,0.78641,0.78656,1.00,1.00
2017.09.06 17:15:08.484,0.78638,0.78653,1.00,1.69
2017.09.06 17:15:09.324,0.78637,0.78653,1.00,1.00
2017.09.06 17:15:09.476,0.78634,0.78651,1.00,1.50
2017.09.06 17:15:10.334,0.78636,0.7865,1.00,1.00
2017.09.06 17:15:10.638,0.78639,0.78654,1.00,1.12
2017.09.06 17:15:11.363,0.78636,0.7865,1.00,1.25
2017.09.06 17:15:11.567,0.78633,0.78648,1.00,1.00
2017.09.06 17:15:11.870,0.78635,0.78649,1.00,1.87
2017.09.06 17:15:12.275,0.78635,0.78651,1.00,1.00
2017.09.06 17:15:12.896,0.78634,0.78649,1.00,1.00
2017.09.06 17:15:14.736,0.78634,0.7865,1.00,1.87
2017.09.06 17:15:15.375,0.78634,0.78649,1.00,1.00
2017.09.06 17:15:16.536,0.78634,0.7865,1.00,1.87
2017.09.06 17:15:17.323,0.78634,0.78649,1.00,1.00
2017.09.06 17:15:18.077,0.78632,0.78649,1.00,1.00
2017.09.06 17:15:18.331,0.7863,0.78647,1.50,1.00
2017.09.06 17:15:19.352,0.78629,0.78645,1.00,1.50
2017.09.06 17:15:19.859,0.78629,0.78646,1.00,1.25
2017.09.06 17:15:20.367,0.78629,0.78645,1.00,1.25
2017.09.06 17:15:20.886,0.78628,0.78645,1.00,2.06
2017.09.06 17:15:21.436,0.78628,0.78643,1.00,1.00
2017.09.06 17:15:22.564,0.78627,0.78643,1.00,1.00
2017.09.06 17:15:22.868,0.78625,0.7864,1.00,1.12
2017.09.06 17:15:23.722,0.78624,0.78641,1.00,2.25
2017.09.06 17:15:24.877,0.78625,0.78641,1.00,1.50
2017.09.06 17:15:25.249,0.78625,0.78642,1.00,1.87
2017.09.06 17:15:25.787,0.78626,0.78641,1.00,1.00
2017.09.06 17:15:25.940,0.78629,0.78645,1.00,2.62
2017.09.06 17:15:26.481,0.78631,0.78646,1.00,1.75
2017.09.06 17:15:26.704,0.78629,0.78645,1.00,1.00
2017.09.06 17:15:26.755,0.78629,0.78645,1.00,1.87
2017.09.06 17:15:27.315,0.78628,0.78645,1.00,3.75
2017.09.06 17:15:28.064,0.7863,0.78645,1.00,1.87
2017.09.06 17:15:28.413,0.78628,0.78643,1.00,1.00
2017.09.06 17:15:28.966,0.78628,0.78642,1.00,1.00
2017.09.06 17:15:29.472,0.78627,0.78643,1.00,1.87
2017.09.06 17:15:29.994,0.78627,0.78644,1.00,1.12
2017.09.06 17:15:31.096,0.78627,0.78644,1.00,1.44
2017.09.06 17:15:31.692,0.78627,0.78644,1.00,1.31
2017.09.06 17:15:32.193,0.78627,0.78644,1.00,1.31
2017.09.06 17:15:32.699,0.78627,0.78642,1.00,1.25
2017.09.06 17:15:33.728,0.78629,0.78642,1.00,1.00
2017.09.06 17:15:34.032,0.78638,0.78652,1.00,1.19
2017.09.06 17:15:34.083,0.78638,0.78654,1.00,2.25
2017.09.06 17:15:34.536,0.78636,0.78653,1.00,1.25
2017.09.06 17:15:34.638,0.78636,0.7865,1.00,1.00
2017.09.06 17:15:35.519,0.78635,0.7865,1.00,1.00
2017.09.06 17:15:36.522,0.78636,0.7865,1.00,1.00
2017.09.06 17:15:37.603,0.78636,0.78651,1.00,1.12
2017.09.06 17:15:38.121,0.78636,0.78653,1.00,1.87
2017.09.06 17:15:38.654,0.78637,0.78653,1.00,1.37
2017.09.06 17:15:39.866,0.78637,0.78654,1.00,3.00
2017.09.06 17:15:40.577,0.78637,0.78654,1.00,2.81
2017.09.06 17:15:41.071,0.78639,0.78655,1.00,1.87
2017.09.06 17:15:41.275,0.7864,0.78657,1.00,2.25
2017.09.06 17:15:41.529,0.78639,0.78654,1.00,1.31
2017.09.06 17:15:42.077,0.78639,0.78655,1.00,1.87
2017.09.06 17:15:42.628,0.7864,0.78657,1.00,2.81
2017.09.06 17:15:42.937,0.78638,0.78655,1.00,1.87
2017.09.06 17:15:43.445,0.78637,0.78654,1.00,1.87
2017.09.06 17:15:43.952,0.78637,0.78655,1.00,2.62
2017.09.06 17:15:44.257,0.78639,0.78654,1.00,1.00
2017.09.06 17:15:44.802,0.7864,0.78655,1.00,1.25
2017.09.06 17:15:46.528,0.78637,0.78654,1.00,1.12
2017.09.06 17:15:47.362,0.78639,0.78654,1.00,1.00
2017.09.06 17:15:47.965,0.7864,0.78656,1.00,1.50
2017.09.06 17:15:48.500,0.78639,0.78654,1.00,1.00
2017.09.06 17:15:48.652,0.7864,0.78656,1.00,1.25
2017.09.06 17:15:49.502,0.7864,0.78657,1.00,1.31
2017.09.06 17:15:50.041,0.78641,0.78658,1.00,1.87
2017.09.06 17:15:50.553,0.78641,0.78656,1.00,1.00
2017.09.06 17:15:50.655,0.78641,0.78659,1.00,1.50
2017.09.06 17:15:51.348,0.78641,0.78659,1.00,2.25
2017.09.06 17:15:51.874,0.78641,0.78658,1.00,1.00
2017.09.06 17:15:51.925,0.78643,0.78659,1.00,1.87
2017.09.06 17:15:52.474,0.78643,0.78658,1.00,1.00
2017.09.06 17:15:53.846,0.78643,0.78659,1.00,1.87
2017.09.06 17:15:54.217,0.78646,0.78661,1.00,1.37
2017.09.06 17:15:54.420,0.78641,0.7866,1.50,2.81
2017.09.06 17:15:54.926,0.78641,0.78659,1.00,1.12
2017.09.06 17:15:55.431,0.78643,0.78659,1.00,1.12
2017.09.06 17:15:58.024,0.78643,0.78657,1.00,1.00
2017.09.06 17:15:58.177,0.78648,0.78664,1.25,1.12
2017.09.06 17:15:58.329,0.78651,0.78665,1.00,1.50
2017.09.06 17:15:59.776,0.78651,0.78666,1.00,1.87
2017.09.06 17:16:00.290,0.78651,0.78665,1.00,1.00
2017.09.06 17:16:00.811,0.78652,0.78665,1.00,1.00
2017.09.06 17:16:01.115,0.78653,0.78667,1.00,1.50
2017.09.06 17:16:01.903,0.78651,0.78668,1.00,2.62
2017.09.06 17:16:02.427,0.78654,0.78668,1.00,1.12
2017.09.06 17:16:02.882,0.78656,0.7867,1.00,1.00
2017.09.06 17:16:03.186,0.78659,0.78673,1.00,1.50
2017.09.06 17:16:04.489,0.7866,0.78673,1.00,1.50
2017.09.06 17:16:05.460,0.78658,0.78673,1.00,1.50
2017.09.06 17:16:06.650,0.78659,0.78673,1.00,1.00
2017.09.06 17:16:07.692,0.78659,0.78674,1.00,1.87
2017.09.06 17:16:08.245,0.78659,0.78673,1.00,1.00
2017.09.06 17:16:10.570,0.78658,0.78673,1.00,1.00
2017.09.06 17:16:10.672,0.78655,0.78672,1.00,1.00
2017.09.06 17:16:10.723,0.78657,0.78673,1.00,1.00
2017.09.06 17:16:11.027,0.78657,0.78671,1.00,1.00
2017.09.06 17:16:11.330,0.78657,0.78674,1.00,2.81
2017.09.06 17:16:11.891,0.78658,0.78674,1.00,1.13
2017.09.06 17:16:12.526,0.78658,0.78675,1.00,3.56
2017.09.06 17:16:13.042,0.78658,0.78674,1.00,1.25
2017.09.06 17:16:15.439,0.78658,0.78675,1.00,3.37
2017.09.06 17:16:16.288,0.78659,0.78675,1.00,1.87
2017.09.06 17:16:16.822,0.78658,0.78674,1.00,1.69
2017.09.06 17:16:21.745,0.78659,0.78674,1.00,1.25
2017.09.06 17:16:22.354,0.78659,0.78675,1.00,2.62
2017.09.06 17:16:22.896,0.78661,0.78678,1.00,1.75
2017.09.06 17:16:22.998,0.7866,0.78679,1.00,3.00
2017.09.06 17:16:23.547,0.7866,0.78679,1.00,2.25
2017.09.06 17:16:27.452,0.7866,0.78677,1.00,1.31
2017.09.06 17:16:27.705,0.78657,0.78675,1.12,1.63
2017.09.06 17:16:28.964,0.78656,0.78675,1.12,1.69
2017.09.06 17:16:29.504,0.78657,0.78675,1.00,2.06
2017.09.06 17:16:30.559,0.78657,0.78675,1.00,2.06
2017.09.06 17:16:31.110,0.78656,0.78675,1.12,1.69
2017.09.06 17:16:31.625,0.78657,0.78675,1.00,2.25
2017.09.06 17:16:33.978,0.78655,0.78673,1.37,1.25
2017.09.06 17:16:34.080,0.78653,0.78673,2.06,1.50
2017.09.06 17:16:34.637,0.78655,0.78673,1.50,1.00
2017.09.06 17:16:34.981,0.78655,0.78673,1.88,1.00
2017.09.06 17:16:35.383,0.78655,0.78671,2.00,1.00
2017.09.06 17:16:35.585,0.78655,0.78674,2.00,1.87
2017.09.06 17:16:36.099,0.78655,0.78673,1.94,1.00
2017.09.06 17:16:36.600,0.78654,0.78673,2.44,1.00
2017.09.06 17:16:38.648,0.78654,0.78674,1.94,2.62
2017.09.06 17:16:39.168,0.78655,0.78673,2.19,1.00
2017.09.06 17:16:41.939,0.78654,0.78673,1.94,1.00
2017.09.06 17:16:42.469,0.78653,0.78672,2.81,1.25
2017.09.06 17:16:42.976,0.78656,0.78674,2.62,1.31
2017.09.06 17:16:43.027,0.78656,0.78674,2.81,1.25
2017.09.06 17:16:43.129,0.78656,0.78676,3.56,1.87
2017.09.06 17:16:43.583,0.78656,0.78674,2.62,1.00
2017.09.06 17:16:43.634,0.78656,0.78674,2.81,1.00
2017.09.06 17:16:43.735,0.7866,0.78676,1.25,1.00
2017.09.06 17:16:43.938,0.78663,0.78681,1.25,1.87
2017.09.06 17:16:44.815,0.78663,0.78681,1.69,1.87
2017.09.06 17:16:46.623,0.78665,0.78683,1.25,1.62
2017.09.06 17:16:46.829,0.78665,0.7868,1.50,1.00
2017.09.06 17:16:47.236,0.78665,0.78682,1.50,1.12
2017.09.06 17:16:48.400,0.78665,0.78683,1.12,1.12
2017.09.06 17:16:48.907,0.78664,0.78682,2.44,1.00
2017.09.06 17:16:49.376,0.78662,0.78681,2.44,1.25
2017.09.06 17:16:50.279,0.78663,0.78682,1.00,1.87
2017.09.06 17:16:51.073,0.78665,0.78682,1.00,1.87
2017.09.06 17:16:51.226,0.78665,0.78684,1.00,1.87
2017.09.06 17:16:51.743,0.78666,0.78684,1.00,1.00
2017.09.06 17:16:52.264,0.78664,0.78683,1.87,1.69
2017.09.06 17:16:52.634,0.78661,0.78679,2.44,1.00
2017.09.06 17:16:52.685,0.78661,0.78677,1.50,1.00
2017.09.06 17:16:53.195,0.78662,0.78681,1.44,2.25
2017.09.06 17:16:53.697,0.78662,0.78681,1.12,1.00
2017.09.06 17:16:54.207,0.7866,0.78679,2.25,1.00
2017.09.06 17:16:54.663,0.78662,0.78681,1.12,2.44
2017.09.06 17:16:54.948,0.78664,0.78682,1.00,2.06
2017.09.06 17:16:55.265,0.78662,0.78679,1.37,1.00
2017.09.06 17:16:55.467,0.78661,0.7868,1.12,1.87
2017.09.06 17:16:55.974,0.78661,0.78679,1.50,1.00
2017.09.06 17:16:56.232,0.78659,0.78675,1.12,1.87
2017.09.06 17:16:56.495,0.78655,0.78673,1.25,1.00
2017.09.06 17:16:57.435,0.78655,0.78674,1.00,1.87
2017.09.06 17:16:58.023,0.78654,0.78673,1.25,1.69
2017.09.06 17:16:58.203,0.78652,0.78671,3.56,1.00
2017.09.06 17:16:58.722,0.78652,0.78671,1.87,1.00
2017.09.06 17:16:59.348,0.78652,0.78671,2.06,1.00
2017.09.06 17:16:59.911,0.78652,0.78671,2.62,1.00
2017.09.06 17:17:00.113,0.78651,0.7867,2.06,1.00
2017.09.06 17:17:00.619,0.78649,0.78669,4.12,1.00
2017.09.06 17:17:00.765,0.78649,0.78669,1.87,1.87
2017.09.06 17:17:01.275,0.78648,0.78668,1.87,2.44
2017.09.06 17:17:01.844,0.7865,0.78669,1.69,2.25
2017.09.06 17:17:02.395,0.7865,0.78669,1.69,2.25
2017.09.06 17:17:02.953,0.78649,0.78669,1.69,1.12
2017.09.06 17:17:03.461,0.7865,0.78669,1.25,2.06
2017.09.06 17:17:04.035,0.7865,0.78668,1.25,1.00
2017.09.06 17:17:04.874,0.78649,0.78669,1.00,1.69
2017.09.06 17:17:05.222,0.7865,0.78669,1.00,2.25
2017.09.06 17:17:06.262,0.78649,0.78667,1.00,1.00
2017.09.06 17:17:06.843,0.7865,0.78667,1.00,1.25
2017.09.06 17:17:07.371,0.78649,0.78667,1.00,1.00
2017.09.06 17:17:08.047,0.7865,0.78667,1.00,1.25
2017.09.06 17:17:08.752,0.78649,0.78667,1.00,1.00
2017.09.06 17:17:09.284,0.78648,0.78666,1.19,1.00
2017.09.06 17:17:09.799,0.78648,0.78667,1.00,1.87
2017.09.06 17:17:10.413,0.78648,0.78666,1.25,1.00
2017.09.06 17:17:10.981,0.78648,0.78666,1.44,1.00
2017.09.06 17:17:11.648,0.78648,0.78666,1.12,1.00
2017.09.06 17:17:12.545,0.78647,0.78667,1.12,1.12
2017.09.06 17:17:13.573,0.78648,0.78666,1.44,1.00
2017.09.06 17:17:15.249,0.78647,0.78666,1.87,1.00
2017.09.06 17:17:15.503,0.78656,0.78675,1.69,1.69
2017.09.06 17:17:15.706,0.78658,0.78675,1.00,1.00
2017.09.06 17:17:16.221,0.78658,0.78677,1.50,2.44
2017.09.06 17:17:18.206,0.7866,0.78677,1.00,2.06
2017.09.06 17:17:18.510,0.78656,0.78675,1.00,1.69
2017.09.06 17:17:19.064,0.78656,0.78675,1.19,1.50
2017.09.06 17:17:19.841,0.78656,0.78675,1.00,1.00
2017.09.06 17:17:21.108,0.78657,0.78675,1.00,1.00
2017.09.06 17:17:23.024,0.78656,0.78673,1.50,1.00
2017.09.06 17:17:23.328,0.78653,0.78673,1.87,1.00
2017.09.06 17:17:23.969,0.78653,0.78674,1.00,1.50
2017.09.06 17:17:24.700,0.78653,0.78673,1.69,1.00
2017.09.06 17:17:25.242,0.78653,0.78674,1.00,1.50
2017.09.06 17:17:25.479,0.78658,0.78675,1.00,1.00
2017.09.06 17:17:25.991,0.78658,0.78677,1.00,1.50
2017.09.06 17:17:27.103,0.78656,0.78675,1.37,1.50
2017.09.06 17:17:27.406,0.78652,0.7867,1.25,1.00
2017.09.06 17:17:28.307,0.78653,0.7867,1.00,1.00
2017.09.06 17:17:30.771,0.78653,0.78671,1.00,1.12
2017.09.06 17:17:31.424,0.78653,0.7867,1.31,1.00
2017.09.06 17:17:33.144,0.78654,0.78672,1.12,1.50
2017.09.06 17:17:35.083,0.78654,0.7867,1.31,1.00
2017.09.06 17:17:35.258,0.78655,0.78673,2.06,1.75
2017.09.06 17:17:35.359,0.78657,0.78675,1.25,1.50
2017.09.06 17:17:35.460,0.78657,0.78675,1.25,1.00
2017.09.06 17:17:35.989,0.78657,0.78675,1.31,1.00
2017.09.06 17:17:36.721,0.78657,0.78676,1.25,2.62
2017.09.06 17:17:37.271,0.78657,0.78675,1.31,1.00
2017.09.06 17:17:37.979,0.78658,0.78676,2.06,1.12
2017.09.06 17:17:38.672,0.78658,0.78677,2.06,1.00
2017.09.06 17:17:38.863,0.7866,0.78679,1.50,1.69
2017.09.06 17:17:39.281,0.78665,0.78681,1.00,2.25
2017.09.06 17:17:39.433,0.78664,0.78683,1.00,1.00
2017.09.06 17:17:39.484,0.78664,0.7868,1.00,1.00
2017.09.06 17:17:39.782,0.78661,0.78679,1.25,1.31
2017.09.06 17:17:40.196,0.78659,0.78677,1.37,1.00
2017.09.06 17:17:40.708,0.78659,0.78677,1.25,1.00
2017.09.06 17:17:41.391,0.78659,0.78677,1.31,1.00
2017.09.06 17:17:41.493,0.7866,0.78679,1.12,2.44
2017.09.06 17:17:42.914,0.78659,0.78678,2.06,1.25
2017.09.06 17:17:43.159,0.78659,0.78676,1.62,1.00
2017.09.06 17:17:43.684,0.78658,0.78676,1.87,1.00
2017.09.06 17:17:43.786,0.78662,0.7868,1.31,2.25
2017.09.06 17:17:43.887,0.78664,0.78682,1.12,1.75
2017.09.06 17:17:43.989,0.78664,0.78682,1.12,1.00
2017.09.06 17:17:44.752,0.78664,0.78683,1.00,2.62
2017.09.06 17:17:45.303,0.78664,0.78682,1.31,1.00
2017.09.06 17:17:45.974,0.78665,0.78682,1.25,1.00
2017.09.06 17:17:46.493,0.78665,0.78682,1.44,1.00
2017.09.06 17:17:47.098,0.78665,0.78683,1.12,1.12
2017.09.06 17:17:50.006,0.78666,0.78682,1.12,1.00
2017.09.06 17:17:51.658,0.78665,0.78683,1.69,1.12
2017.09.06 17:17:51.860,0.78667,0.78682,1.25,1.00
2017.09.06 17:17:52.013,0.78667,0.78684,1.12,1.00
2017.09.06 17:17:52.459,0.78664,0.78682,1.19,1.00
2017.09.06 17:17:52.864,0.78662,0.7868,1.50,1.50
2017.09.06 17:17:52.914,0.78658,0.78674,1.94,1.00
2017.09.06 17:17:53.090,0.78659,0.78674,1.00,1.00
2017.09.06 17:17:53.142,0.78659,0.78676,1.44,1.87
2017.09.06 17:17:53.704,0.78659,0.78676,1.12,1.00
2017.09.06 17:17:54.235,0.78658,0.78676,1.00,1.50
2017.09.06 17:17:54.781,0.78658,0.78677,1.00,2.62
2017.09.06 17:17:56.486,0.78656,0.78674,2.06,1.00
2017.09.06 17:17:57.024,0.78655,0.78673,1.25,1.12
2017.09.06 17:17:57.533,0.78654,0.78673,1.31,1.31
2017.09.06 17:17:57.999,0.78652,0.7867,1.50,1.25
2017.09.06 17:17:58.202,0.7865,0.78669,2.81,1.00
2017.09.06 17:17:58.959,0.78652,0.7867,1.44,1.12
2017.09.06 17:17:59.960,0.78652,0.78671,1.25,2.25
2017.09.06 17:18:00.729,0.78651,0.78668,1.62,1.00
2017.09.06 17:18:00.973,0.78655,0.78673,1.12,1.12
2017.09.06 17:18:01.024,0.78653,0.78671,1.12,1.00
2017.09.06 17:18:02.176,0.78651,0.78669,1.25,1.00
2017.09.06 17:18:03.143,0.78651,0.78669,1.44,1.00
2017.09.06 17:18:03.346,0.78653,0.78672,1.69,1.31
2017.09.06 17:18:03.447,0.78655,0.78673,1.00,1.31
2017.09.06 17:18:03.950,0.78654,0.78673,1.00,2.25
2017.09.06 17:18:04.254,0.78654,0.7867,1.44,1.00
2017.09.06 17:18:04.432,0.78654,0.78672,1.44,1.12
2017.09.06 17:18:04.746,0.78654,0.7867,1.25,1.00
2017.09.06 17:18:05.718,0.78653,0.78671,1.25,1.12
2017.09.06 17:18:06.056,0.78651,0.78668,1.62,1.00
2017.09.06 17:18:06.361,0.78653,0.78673,2.62,3.00
2017.09.06 17:18:06.462,0.78653,0.78673,1.87,2.62
2017.09.06 17:18:06.514,0.78653,0.7867,1.19,1.00
2017.09.06 17:18:06.840,0.78653,0.78668,1.00,1.00
2017.09.06 17:18:07.147,0.78653,0.78673,1.69,3.00
2017.09.06 17:18:07.901,0.78652,0.7867,1.69,1.00
2017.09.06 17:18:08.605,0.78652,0.7867,1.87,1.00
2017.09.06 17:18:10.194,0.78654,0.7867,1.00,1.00
2017.09.06 17:18:10.345,0.78654,0.78673,1.69,1.50
2017.09.06 17:18:10.804,0.78653,0.7867,1.50,1.00
2017.09.06 17:18:11.343,0.78654,0.7867,1.25,1.00
2017.09.06 17:18:11.866,0.78655,0.78673,1.00,1.87
2017.09.06 17:18:11.968,0.78655,0.78673,1.00,1.50
2017.09.06 17:18:12.269,0.78654,0.78671,1.37,1.00
2017.09.06 17:18:12.371,0.78652,0.78671,1.87,1.00
2017.09.06 17:18:12.776,0.78655,0.78672,1.00,1.12
2017.09.06 17:18:13.333,0.78654,0.78674,1.50,2.25
2017.09.06 17:18:13.841,0.78656,0.78673,1.25,2.25
2017.09.06 17:18:15.163,0.78656,0.78673,1.50,1.12
2017.09.06 17:18:15.777,0.78656,0.78675,1.50,2.62
2017.09.06 17:18:16.030,0.78654,0.78673,1.12,1.00
2017.09.06 17:18:16.257,0.78656,0.78674,1.00,1.00
2017.09.06 17:18:16.712,0.78657,0.78674,2.06,1.00
2017.09.06 17:18:17.421,0.78657,0.78674,1.00,1.00
2017.09.06 17:18:18.274,0.78657,0.78675,1.50,1.12
2017.09.06 17:18:18.878,0.78658,0.78675,1.00,1.12
2017.09.06 17:18:19.586,0.78658,0.78674,1.00,1.00
2017.09.06 17:18:19.738,0.78657,0.78677,2.44,1.50
2017.09.06 17:18:19.789,0.7866,0.78677,1.00,2.06
2017.09.06 17:18:20.495,0.78659,0.78675,1.00,1.00
2017.09.06 17:18:20.799,0.78658,0.78673,1.00,1.12
2017.09.06 17:18:21.245,0.7866,0.78676,1.25,1.50
2017.09.06 17:18:21.296,0.7866,0.78676,1.25,1.12
2017.09.06 17:18:21.398,0.78658,0.78676,1.50,1.00
2017.09.06 17:18:21.948,0.78659,0.78675,1.00,1.00
2017.09.06 17:18:22.550,0.78659,0.78676,1.00,1.87
2017.09.06 17:18:23.060,0.78659,0.78675,1.00,1.00
2017.09.06 17:18:23.972,0.78659,0.78676,1.00,1.31
2017.09.06 17:18:24.226,0.78657,0.78675,1.00,1.00
2017.09.06 17:18:25.106,0.78657,0.78676,1.00,3.37
2017.09.06 17:18:25.234,0.78657,0.78674,1.00,1.00
2017.09.06 17:18:25.285,0.78655,0.78674,1.87,1.00
2017.09.06 17:18:25.576,0.78653,0.78667,1.12,1.00
2017.09.06 17:18:25.778,0.78648,0.78667,2.62,2.44
2017.09.06 17:18:25.880,0.78656,0.78669,1.00,1.75
2017.09.06 17:18:26.032,0.78656,0.78675,1.87,1.50
2017.09.06 17:18:26.561,0.78657,0.78675,1.00,1.50
2017.09.06 17:18:26.612,0.78653,0.78668,2.25,1.00
2017.09.06 17:18:26.714,0.78649,0.78668,3.56,1.87
2017.09.06 17:18:26.765,0.78648,0.78665,4.12,1.00
2017.09.06 17:18:26.816,0.78649,0.78665,1.25,1.00
2017.09.06 17:18:27.423,0.7865,0.78669,1.50,1.69
2017.09.06 17:18:27.982,0.7865,0.78669,1.69,1.69
2017.09.06 17:18:30.091,0.78649,0.78666,1.12,1.50
2017.09.06 17:18:30.617,0.78648,0.78666,1.00,1.50
2017.09.06 17:18:32.479,0.78648,0.78667,1.00,2.25
2017.09.06 17:18:32.982,0.78648,0.78666,1.00,1.00
2017.09.06 17:18:34.477,0.78648,0.78667,1.00,2.25
2017.09.06 17:18:34.995,0.78647,0.78666,1.25,1.00
2017.09.06 17:18:35.404,0.78646,0.78663,1.00,1.00
2017.09.06 17:18:35.606,0.78644,0.78663,2.62,1.00
2017.09.06 17:18:35.900,0.78645,0.7866,1.00,1.00
2017.09.06 17:18:36.203,0.78646,0.78664,1.12,1.50
2017.09.06 17:18:36.355,0.78647,0.78665,1.00,1.25
2017.09.06 17:18:36.407,0.78645,0.78663,2.62,1.25
2017.09.06 17:18:37.374,0.78645,0.78664,1.50,2.06
2017.09.06 17:18:37.984,0.78645,0.78662,1.00,1.50
2017.09.06 17:18:38.327,0.78647,0.78666,1.00,1.87
2017.09.06 17:18:38.379,0.78647,0.78666,1.50,2.06
2017.09.06 17:18:38.683,0.7865,0.78668,2.62,1.50
2017.09.06 17:18:38.886,0.78654,0.78672,1.00,2.44
2017.09.06 17:18:39.523,0.78652,0.7867,1.12,1.00
2017.09.06 17:18:39.778,0.78653,0.78673,1.00,2.44
2017.09.06 17:18:39.830,0.78653,0.78669,1.00,1.00
2017.09.06 17:18:39.983,0.78648,0.78666,1.50,1.00
2017.09.06 17:18:40.034,0.78648,0.78668,1.87,1.87
2017.09.06 17:18:40.631,0.78648,0.78668,1.50,2.25
2017.09.06 17:18:40.760,0.7865,0.78667,1.00,1.00
2017.09.06 17:18:41.234,0.7865,0.78669,1.50,1.87
2017.09.06 17:18:41.336,0.78652,0.78671,1.50,3.37
2017.09.06 17:18:41.488,0.78653,0.78671,1.00,1.50
2017.09.06 17:18:42.039,0.78652,0.78671,1.50,2.25
2017.09.06 17:18:43.854,0.78652,0.78671,1.50,2.62
2017.09.06 17:18:44.106,0.78654,0.78671,1.00,1.12
2017.09.06 17:18:44.667,0.78654,0.78672,1.00,1.00
2017.09.06 17:18:45.194,0.78654,0.78671,1.00,1.00
2017.09.06 17:18:45.696,0.78656,0.78673,1.00,1.12
2017.09.06 17:18:45.899,0.78658,0.78677,1.50,1.69
2017.09.06 17:18:47.393,0.78659,0.78677,1.00,1.50
2017.09.06 17:18:47.790,0.78661,0.78675,1.00,1.00
2017.09.06 17:18:47.841,0.78659,0.78675,1.00,1.69
2017.09.06 17:18:47.892,0.78656,0.78674,3.00,1.25
2017.09.06 17:18:48.177,0.78656,0.78676,1.50,1.31
2017.09.06 17:18:48.757,0.78657,0.78676,2.81,1.00
2017.09.06 17:18:49.230,0.78659,0.78677,1.00,1.00
2017.09.06 17:18:49.534,0.78661,0.78678,1.00,1.31
2017.09.06 17:18:49.838,0.78663,0.78678,1.00,1.25
2017.09.06 17:18:50.044,0.78663,0.78681,1.00,2.62
2017.09.06 17:18:50.322,0.78661,0.78679,1.25,1.25
2017.09.06 17:18:51.533,0.78661,0.78678,1.00,1.00
2017.09.06 17:18:51.635,0.7866,0.78676,1.12,1.25
2017.09.06 17:18:51.736,0.78658,0.78677,1.00,1.00
2017.09.06 17:18:52.415,0.78659,0.78677,1.00,1.25
2017.09.06 17:18:53.035,0.78659,0.78677,1.00,1.19
2017.09.06 17:18:53.086,0.78665,0.78679,1.25,1.50
2017.09.06 17:18:53.339,0.78667,0.78684,1.50,1.00
2017.09.06 17:18:53.710,0.78667,0.78687,1.87,3.00
2017.09.06 17:18:54.480,0.7867,0.78687,1.00,1.50
2017.09.06 17:18:54.539,0.78672,0.7869,2.44,1.12
2017.09.06 17:18:54.590,0.78673,0.78687,1.00,1.25
2017.09.06 17:18:54.692,0.78671,0.78686,1.00,1.25
2017.09.06 17:18:54.794,0.78669,0.78686,1.12,1.25
2017.09.06 17:18:54.896,0.78669,0.78684,1.00,1.00
2017.09.06 17:18:55.480,0.78668,0.78686,1.00,2.62
2017.09.06 17:18:56.024,0.78669,0.78686,1.00,3.56
2017.09.06 17:18:56.579,0.78668,0.78687,1.50,2.06
2017.09.06 17:18:56.731,0.78668,0.78687,1.00,1.25
2017.09.06 17:18:57.549,0.78668,0.78687,1.50,2.06
2017.09.06 17:18:58.057,0.78669,0.78686,1.00,1.00
2017.09.06 17:18:58.159,0.78671,0.78688,1.50,1.12
2017.09.06 17:18:58.665,0.78672,0.78689,1.00,1.00
2017.09.06 17:18:58.869,0.78672,0.78691,1.00,1.31
2017.09.06 17:18:59.400,0.78672,0.7869,1.00,1.25
2017.09.06 17:19:00.146,0.78673,0.78691,1.00,1.50
2017.09.06 17:19:01.212,0.78672,0.78687,1.50,1.87
2017.09.06 17:19:01.364,0.7867,0.78689,1.69,1.50
2017.09.06 17:19:01.416,0.78672,0.7869,1.00,1.25
2017.09.06 17:19:01.821,0.78672,0.78692,1.12,1.25
2017.09.06 17:19:01.923,0.78672,0.78689,1.00,1.00
2017.09.06 17:19:02.728,0.78673,0.78689,1.00,1.00
2017.09.06 17:19:03.472,0.78674,0.78691,1.00,1.69
2017.09.06 17:19:03.523,0.78671,0.78689,1.00,1.25
2017.09.06 17:19:03.758,0.78668,0.78688,2.44,1.87
2017.09.06 17:19:04.272,0.78668,0.78688,1.69,1.87
2017.09.06 17:19:04.837,0.78668,0.78688,1.00,1.25
2017.09.06 17:19:05.327,0.78673,0.7869,1.00,1.50
2017.09.06 17:19:05.479,0.78672,0.78693,1.50,3.19
2017.09.06 17:19:05.682,0.78674,0.78692,1.25,1.00
2017.09.06 17:19:05.784,0.78672,0.78691,1.69,1.00
2017.09.06 17:19:06.751,0.78673,0.78691,1.00,1.12
2017.09.06 17:19:07.584,0.78675,0.78693,1.00,1.50
2017.09.06 17:19:07.635,0.78675,0.78694,1.00,2.25
2017.09.06 17:19:07.839,0.78672,0.78691,2.25,1.69
2017.09.06 17:19:08.179,0.78669,0.78689,1.50,2.06
2017.09.06 17:19:08.687,0.78669,0.78688,1.69,1.13
2017.09.06 17:19:08.739,0.78668,0.78686,1.31,1.00
2017.09.06 17:19:08.789,0.78667,0.78686,2.06,1.00
2017.09.06 17:19:09.079,0.78669,0.78688,1.69,1.00
2017.09.06 17:19:09.534,0.7867,0.78689,1.50,1.00
2017.09.06 17:19:09.686,0.78672,0.78691,1.87,1.87
2017.09.06 17:19:10.224,0.78672,0.78691,1.63,2.06
2017.09.06 17:19:10.427,0.78676,0.78692,1.00,1.38
2017.09.06 17:19:10.529,0.78675,0.78694,1.00,2.25
2017.09.06 17:19:10.630,0.78674,0.78691,1.12,1.44
2017.09.06 17:19:11.253,0.78674,0.78691,1.13,1.00
2017.09.06 17:19:11.304,0.78675,0.78694,1.50,1.87
2017.09.06 17:19:11.811,0.78676,0.78695,1.00,2.06
2017.09.06 17:19:12.313,0.78675,0.78694,1.00,1.00
2017.09.06 17:19:12.781,0.78673,0.78693,3.00,2.06
2017.09.06 17:19:13.286,0.78674,0.78693,1.00,1.38
2017.09.06 17:19:13.626,0.78673,0.7869,1.00,1.25
2017.09.06 17:19:14.709,0.78671,0.78689,1.12,2.06
2017.09.06 17:19:15.114,0.78668,0.78689,1.69,2.63
2017.09.06 17:19:15.544,0.78671,0.78689,1.00,1.50
2017.09.06 17:19:15.646,0.78669,0.78688,1.00,1.31
2017.09.06 17:19:16.195,0.78669,0.78687,1.00,1.00
2017.09.06 17:19:16.342,0.78668,0.78685,1.00,1.00
2017.09.06 17:19:16.494,0.78665,0.78685,1.87,3.00
2017.09.06 17:19:17.354,0.78666,0.78685,1.25,3.38
2017.09.06 17:19:17.659,0.78668,0.78686,1.00,1.44
2017.09.06 17:19:17.710,0.78668,0.78687,1.87,1.00
2017.09.06 17:19:18.237,0.78668,0.78688,1.00,3.37
2017.09.06 17:19:18.794,0.78669,0.78687,1.12,1.00
2017.09.06 17:19:19.346,0.78669,0.78687,1.31,1.00
2017.09.06 17:19:19.854,0.78668,0.78688,3.75,1.44
2017.09.06 17:19:20.491,0.78668,0.78688,3.00,1.88
2017.09.06 17:19:20.845,0.78669,0.78688,1.31,1.00
2017.09.06 17:19:21.250,0.78668,0.78687,2.62,1.88
2017.09.06 17:19:21.797,0.78668,0.78687,1.12,1.38
2017.09.06 17:19:22.303,0.78667,0.78686,1.31,3.00
2017.09.06 17:19:22.659,0.78671,0.78686,1.00,2.25
2017.09.06 17:19:22.761,0.78672,0.78691,1.12,1.50
2017.09.06 17:19:23.379,0.78671,0.78691,2.25,1.50
2017.09.06 17:19:23.781,0.78671,0.78689,1.25,1.00
2017.09.06 17:19:26.023,0.78671,0.78689,1.19,1.00
2017.09.06 17:19:26.728,0.78672,0.78688,1.00,1.25
2017.09.06 17:19:26.881,0.7867,0.78689,1.50,1.00
2017.09.06 17:19:26.982,0.78667,0.78687,3.19,1.00
2017.09.06 17:19:27.135,0.78667,0.78687,2.81,1.00
2017.09.06 17:19:27.237,0.78669,0.78687,1.44,1.00
2017.09.06 17:19:27.693,0.7867,0.78689,2.06,1.12
2017.09.06 17:19:28.132,0.7867,0.7869,1.12,1.00
2017.09.06 17:19:28.334,0.7867,0.78689,2.06,1.00
2017.09.06 17:19:28.436,0.78673,0.78691,1.00,1.69
2017.09.06 17:19:29.024,0.78673,0.78692,1.00,2.81
2017.09.06 17:19:29.694,0.78672,0.7869,1.87,1.00
2017.09.06 17:19:30.234,0.78673,0.7869,1.00,1.12
2017.09.06 17:19:31.089,0.78673,0.78689,1.00,1.25
2017.09.06 17:19:31.191,0.78669,0.78689,1.87,3.38
2017.09.06 17:19:31.242,0.78668,0.78689,3.56,2.06
2017.09.06 17:19:31.445,0.78671,0.78689,1.00,2.44
2017.09.06 17:19:31.951,0.78672,0.78689,1.00,1.12
2017.09.06 17:19:33.426,0.78672,0.78691,1.00,1.50
2017.09.06 17:19:33.817,0.78671,0.78689,1.00,2.63
2017.09.06 17:19:33.868,0.78672,0.7869,1.00,1.12
2017.09.06 17:19:34.654,0.78671,0.78691,1.87,2.06
2017.09.06 17:19:34.908,0.78672,0.78689,1.00,1.00
2017.09.06 17:19:35.039,0.78669,0.78689,3.37,2.25
2017.09.06 17:19:35.242,0.78672,0.78688,1.00,1.00
2017.09.06 17:19:35.343,0.7867,0.78688,1.12,1.00
2017.09.06 17:19:36.009,0.78669,0.78687,1.12,1.63
2017.09.06 17:19:36.060,0.78669,0.78688,2.06,1.31
2017.09.06 17:19:36.279,0.78667,0.78686,2.62,1.00
2017.09.06 17:19:36.787,0.78668,0.78687,1.25,1.12
2017.09.06 17:19:37.091,0.78668,0.78685,1.00,1.13
2017.09.06 17:19:37.610,0.78666,0.78685,1.69,1.69
2017.09.06 17:19:37.660,0.78667,0.78686,1.87,1.13
2017.09.06 17:19:38.116,0.78669,0.78688,1.31,1.69
2017.09.06 17:19:38.631,0.78669,0.78689,2.25,1.88
2017.09.06 17:19:39.172,0.78669,0.78689,2.44,1.69
2017.09.06 17:19:39.679,0.78669,0.78689,2.25,2.81
2017.09.06 17:19:40.198,0.78669,0.78687,1.50,1.00
2017.09.06 17:19:40.635,0.78668,0.78684,1.87,1.25
2017.09.06 17:19:40.990,0.78668,0.78687,1.31,1.50
2017.09.06 17:19:41.514,0.78668,0.78686,1.44,1.13
2017.09.06 17:19:41.870,0.78665,0.78684,2.81,1.25
2017.09.06 17:19:42.414,0.78665,0.78684,1.44,1.88
2017.09.06 17:19:42.773,0.78664,0.78684,2.06,3.00
2017.09.06 17:19:43.077,0.7866,0.78676,1.00,1.00
2017.09.06 17:19:43.883,0.78659,0.78676,1.25,1.00
2017.09.06 17:19:44.933,0.78659,0.78677,1.00,1.87
2017.09.06 17:19:45.492,0.7866,0.78676,1.00,1.00
2017.09.06 17:19:45.916,0.7866,0.78678,1.50,1.25
2017.09.06 17:19:46.433,0.78658,0.78676,1.50,1.00
2017.09.06 17:19:46.783,0.78657,0.78675,1.12,1.00
2017.09.06 17:19:46.986,0.78655,0.78676,2.25,1.87
2017.09.06 17:19:47.439,0.78658,0.78675,1.00,1.00
2017.09.06 17:19:47.742,0.78657,0.78677,1.50,2.25
2017.09.06 17:19:48.291,0.78657,0.78676,1.25,1.50
2017.09.06 17:19:49.686,0.78655,0.78672,1.00,1.00
2017.09.06 17:19:50.192,0.78656,0.78674,1.25,2.06
2017.09.06 17:19:50.446,0.78657,0.78676,1.00,2.06
2017.09.06 17:19:50.969,0.78658,0.78676,1.25,1.25
2017.09.06 17:19:51.514,0.78657,0.78676,1.31,1.12
2017.09.06 17:19:52.026,0.78656,0.78677,3.19,1.87
2017.09.06 17:19:52.555,0.78657,0.78676,1.12,1.12
2017.09.06 17:19:53.118,0.78656,0.78674,1.50,2.06
2017.09.06 17:19:53.326,0.78653,0.78673,1.87,1.69
2017.09.06 17:19:53.428,0.78656,0.78674,1.00,1.12
2017.09.06 17:19:55.694,0.78654,0.78673,1.50,1.50
2017.09.06 17:19:56.235,0.78654,0.78673,1.00,1.50
2017.09.06 17:19:58.712,0.78654,0.78672,1.00,1.00
2017.09.06 17:20:01.341,0.78654,0.78673,1.00,1.69
2017.09.06 17:20:01.940,0.78655,0.78674,1.00,1.87
2017.09.06 17:20:02.741,0.78656,0.78675,1.12,1.00
2017.09.06 17:20:03.942,0.78657,0.78675,1.00,1.00
2017.09.06 17:20:04.454,0.78656,0.78675,1.25,1.00
2017.09.06 17:20:04.796,0.78659,0.78677,1.87,1.00
2017.09.06 17:20:05.336,0.7866,0.78678,1.44,1.00
2017.09.06 17:20:05.901,0.78659,0.78678,1.87,1.00
2017.09.06 17:20:06.671,0.78659,0.78679,1.25,2.62
2017.09.06 17:20:07.181,0.78659,0.78678,1.25,3.00
2017.09.06 17:20:07.485,0.78661,0.78678,1.00,1.00
2017.09.06 17:20:08.001,0.78661,0.78679,1.00,1.25
2017.09.06 17:20:10.707,0.78659,0.78678,2.62,1.00
2017.09.06 17:20:11.226,0.78659,0.78678,1.69,1.00
2017.09.06 17:20:12.315,0.78659,0.78678,1.87,1.00
2017.09.06 17:20:12.568,0.78666,0.78685,1.87,1.00
2017.09.06 17:20:13.180,0.78666,0.78685,1.87,1.87
2017.09.06 17:20:13.718,0.78664,0.78683,3.37,1.00
2017.09.06 17:20:14.303,0.78664,0.78683,2.25,1.50
2017.09.06 17:20:14.977,0.78664,0.78683,1.12,1.50
2017.09.06 17:20:15.078,0.78664,0.78684,1.12,3.37
2017.09.06 17:20:15.180,0.78664,0.78683,1.69,1.00
2017.09.06 17:20:15.484,0.78664,0.78681,1.50,1.00
2017.09.06 17:20:15.977,0.78662,0.78682,1.31,1.87
2017.09.06 17:20:16.084,0.78662,0.78681,2.25,1.00
2017.09.06 17:20:16.639,0.78662,0.78681,2.62,1.00
2017.09.06 17:20:17.152,0.78664,0.78681,1.12,1.00
2017.09.06 17:20:17.672,0.78663,0.78682,1.00,1.87
2017.09.06 17:20:18.178,0.78664,0.78681,1.31,1.00
2017.09.06 17:20:18.330,0.78665,0.78683,1.00,1.12
2017.09.06 17:20:19.105,0.78663,0.78682,2.62,1.12
2017.09.06 17:20:19.706,0.78664,0.78681,1.31,1.00
2017.09.06 17:20:19.909,0.78664,0.78683,2.06,1.00
2017.09.06 17:20:20.169,0.78664,0.78681,1.50,1.00
2017.09.06 17:20:20.377,0.78665,0.78684,2.62,2.62
2017.09.06 17:20:20.428,0.78668,0.78686,1.00,3.19
2017.09.06 17:20:20.479,0.78668,0.78686,1.00,1.12
2017.09.06 17:20:20.683,0.78666,0.78683,1.12,1.00
2017.09.06 17:20:21.197,0.78666,0.78684,1.00,1.50
2017.09.06 17:20:21.874,0.78665,0.78683,1.12,1.00
2017.09.06 17:20:22.532,0.78666,0.78685,1.00,1.50
2017.09.06 17:20:23.021,0.78664,0.78682,1.50,1.00
2017.09.06 17:20:24.338,0.78665,0.78682,1.00,1.00
2017.09.06 17:20:24.668,0.78666,0.78684,1.50,1.12
2017.09.06 17:20:25.124,0.78664,0.78683,2.06,2.25
2017.09.06 17:20:25.277,0.78663,0.78681,1.50,1.00
2017.09.06 17:20:26.020,0.78663,0.78682,2.06,1.00
2017.09.06 17:20:27.018,0.78663,0.78683,1.25,3.37
2017.09.06 17:20:27.322,0.78664,0.78682,1.87,1.00
2017.09.06 17:20:28.079,0.78664,0.78682,1.69,1.00
2017.09.06 17:20:28.231,0.78663,0.78682,2.06,1.00
2017.09.06 17:20:28.756,0.78661,0.78681,4.12,2.81
2017.09.06 17:20:29.374,0.78663,0.78681,1.50,1.12
2017.09.06 17:20:30.167,0.78666,0.78683,1.00,1.75
2017.09.06 17:20:30.217,0.78666,0.78684,1.00,1.12
2017.09.06 17:20:30.673,0.78667,0.78686,1.00,3.00
2017.09.06 17:20:31.433,0.78666,0.78685,2.25,1.00
2017.09.06 17:20:31.636,0.78668,0.78687,1.00,1.44
2017.09.06 17:20:32.170,0.78671,0.78687,1.00,1.69
2017.09.06 17:20:32.221,0.78669,0.78687,1.12,1.69
2017.09.06 17:20:32.768,0.78669,0.78688,1.69,2.62
2017.09.06 17:20:33.466,0.78669,0.78688,1.69,2.44
2017.09.06 17:20:34.168,0.78672,0.7869,1.69,1.00
2017.09.06 17:20:34.713,0.78671,0.78689,1.00,1.00
2017.09.06 17:20:35.256,0.7867,0.78688,1.31,1.00
2017.09.06 17:20:35.811,0.7867,0.78687,1.00,1.00
2017.09.06 17:20:35.913,0.78668,0.78687,2.06,1.12
2017.09.06 17:20:40.908,0.7867,0.78689,1.00,1.75
2017.09.06 17:20:40.959,0.7867,0.78689,1.12,1.12
2017.09.06 17:20:42.848,0.78671,0.78689,1.00,1.12
2017.09.06 17:20:44.503,0.78672,0.78689,1.00,1.12
2017.09.06 17:20:44.908,0.78671,0.78691,1.00,1.12
2017.09.06 17:20:46.066,0.78672,0.78691,1.12,2.81
2017.09.06 17:20:46.735,0.78672,0.78691,1.12,1.50
2017.09.06 17:20:47.187,0.7867,0.78688,1.75,1.12
2017.09.06 17:20:47.288,0.78669,0.78688,2.25,1.87
2017.09.06 17:20:47.390,0.78669,0.78686,1.00,1.00
2017.09.06 17:20:47.441,0.78667,0.78686,1.00,2.62
2017.09.06 17:20:48.120,0.78667,0.78687,1.00,1.87
2017.09.06 17:20:48.272,0.78667,0.78686,1.00,1.31
2017.09.06 17:20:48.575,0.78669,0.78688,1.00,2.62
2017.09.06 17:20:50.399,0.78669,0.78688,1.00,1.87
2017.09.06 17:20:51.418,0.78669,0.78688,1.87,1.00
2017.09.06 17:20:51.721,0.78672,0.78691,1.00,1.87
2017.09.06 17:20:52.061,0.78674,0.78692,1.25,1.25
2017.09.06 17:20:52.513,0.78676,0.78694,1.00,2.62
2017.09.06 17:20:52.818,0.78674,0.78692,1.50,1.12
2017.09.06 17:20:52.920,0.78672,0.78692,3.37,2.06
2017.09.06 17:20:53.264,0.78669,0.78689,2.44,1.25
2017.09.06 17:20:53.315,0.78668,0.78687,3.75,1.00
2017.09.06 17:20:53.855,0.7867,0.78688,1.00,1.12
2017.09.06 17:20:55.897,0.78677,0.78689,1.00,1.00
2017.09.06 17:20:56.111,0.78672,0.78691,2.00,1.69
2017.09.06 17:20:56.162,0.78672,0.78691,1.25,3.19
2017.09.06 17:20:56.213,0.7867,0.78688,1.69,1.00
2017.09.06 17:20:57.120,0.78668,0.78686,1.44,1.00
2017.09.06 17:20:57.474,0.78669,0.78689,1.12,2.06
2017.09.06 17:20:57.975,0.7867,0.78689,1.50,1.12
2017.09.06 17:20:58.480,0.7867,0.78689,2.06,1.50
2017.09.06 17:20:59.498,0.7867,0.78689,3.00,1.00
2017.09.06 17:20:59.600,0.78672,0.78691,1.87,2.06
2017.09.06 17:21:00.356,0.78671,0.78689,1.12,1.00
2017.09.06 17:21:00.959,0.7867,0.78689,1.31,1.12
2017.09.06 17:21:01.475,0.78671,0.7869,1.31,1.50
2017.09.06 17:21:02.076,0.78671,0.78689,1.00,1.12
2017.09.06 17:21:02.596,0.78669,0.78689,1.87,2.06
2017.09.06 17:21:05.215,0.78669,0.78688,1.00,1.00
2017.09.06 17:21:05.519,0.78672,0.78691,1.69,2.25
2017.09.06 17:21:05.721,0.78672,0.78691,1.69,2.25
2017.09.06 17:21:05.975,0.7867,0.78688,1.87,1.00
2017.09.06 17:21:06.496,0.78669,0.78688,2.81,1.00
2017.09.06 17:21:07.019,0.78672,0.78691,1.37,3.00
2017.09.06 17:21:07.070,0.78672,0.78691,1.25,3.56
2017.09.06 17:21:07.121,0.78676,0.78693,1.25,2.25
2017.09.06 17:21:07.224,0.78677,0.78693,1.00,1.50
2017.09.06 17:21:07.326,0.78676,0.78695,1.50,2.44
2017.09.06 17:21:07.883,0.78674,0.78694,1.87,3.19
2017.09.06 17:21:08.085,0.78674,0.78692,1.12,1.00
2017.09.06 17:21:08.615,0.78673,0.78692,1.25,1.69
2017.09.06 17:21:08.919,0.78671,0.78689,1.31,1.00
2017.09.06 17:21:09.687,0.78672,0.78691,1.69,1.50
2017.09.06 17:21:10.853,0.78674,0.78693,1.25,2.44
2017.09.06 17:21:11.005,0.78674,0.78693,1.25,1.69
2017.09.06 17:21:11.512,0.78673,0.78692,1.00,1.62
2017.09.06 17:21:12.042,0.78673,0.78692,1.12,1.25
2017.09.06 17:21:12.448,0.78672,0.78691,1.69,1.44
2017.09.06 17:21:12.751,0.78668,0.78687,2.81,1.12
2017.09.06 17:21:13.277,0.78669,0.78687,1.31,1.12
2017.09.06 17:21:13.445,0.78668,0.78687,1.31,1.31
2017.09.06 17:21:13.677,0.78666,0.78685,1.50,1.00
2017.09.06 17:21:14.049,0.78667,0.78687,1.87,1.87
2017.09.06 17:21:14.836,0.78668,0.78687,1.12,2.81
2017.09.06 17:21:15.395,0.78668,0.78687,2.62,1.87
2017.09.06 17:21:17.667,0.78673,0.78691,1.00,1.75
2017.09.06 17:21:17.820,0.78673,0.78691,1.00,1.75
2017.09.06 17:21:18.022,0.78672,0.78692,1.50,2.44
2017.09.06 17:21:18.074,0.78674,0.7869,1.00,1.00
2017.09.06 17:21:18.637,0.78674,0.78691,1.00,1.00
2017.09.06 17:21:19.154,0.78674,0.7869,1.12,1.00
2017.09.06 17:21:19.671,0.78674,0.78691,1.00,1.00
2017.09.06 17:21:20.307,0.78674,0.7869,1.12,1.00
2017.09.06 17:21:20.358,0.78674,0.78693,1.12,1.87
2017.09.06 17:21:20.884,0.78674,0.78693,1.25,1.50
2017.09.06 17:21:21.543,0.78673,0.78693,1.69,2.25
2017.09.06 17:21:21.778,0.78675,0.78692,1.00,1.00
2017.09.06 17:21:22.204,0.78677,0.78693,1.00,1.50
2017.09.06 17:21:22.508,0.78676,0.78691,1.00,1.25
2017.09.06 17:21:22.559,0.78674,0.78691,1.00,1.69
2017.09.06 17:21:23.277,0.78674,0.7869,1.00,1.00
2017.09.06 17:21:24.005,0.78673,0.7869,1.00,1.12
2017.09.06 17:21:24.367,0.78676,0.78693,1.00,1.75
2017.09.06 17:21:24.570,0.78679,0.78695,1.00,1.69
2017.09.06 17:21:25.076,0.78679,0.78695,1.00,1.25
2017.09.06 17:21:25.600,0.78678,0.78695,1.00,1.69
2017.09.06 17:21:25.918,0.78676,0.78694,1.00,1.25
2017.09.06 17:21:26.507,0.78674,0.78693,3.00,1.00
2017.09.06 17:21:27.195,0.78674,0.78693,1.00,1.00
2017.09.06 17:21:27.451,0.78672,0.78691,2.25,1.87
2017.09.06 17:21:27.755,0.78672,0.78689,1.00,1.00
2017.09.06 17:21:28.608,0.78672,0.78691,1.87,1.00
2017.09.06 17:21:29.160,0.78676,0.78695,2.06,1.75
2017.09.06 17:21:29.262,0.78676,0.78695,3.75,1.00
2017.09.06 17:21:29.313,0.78679,0.78697,1.00,1.69
2017.09.06 17:21:29.946,0.78679,0.78697,1.00,1.25
2017.09.06 17:21:30.419,0.78682,0.78699,1.00,1.12
2017.09.06 17:21:30.751,0.78684,0.78703,1.50,1.75
2017.09.06 17:21:31.055,0.78675,0.78694,1.75,2.06
2017.09.06 17:21:31.157,0.78675,0.78694,1.00,2.06
2017.09.06 17:21:31.580,0.78671,0.7869,1.69,1.00
2017.09.06 17:21:31.946,0.7867,0.7869,2.25,3.19
2017.09.06 17:21:32.532,0.7867,0.7869,2.25,3.19
2017.09.06 17:21:32.583,0.78673,0.7869,1.00,1.50
2017.09.06 17:21:32.771,0.78673,0.78691,1.00,1.12
2017.09.06 17:21:33.227,0.7867,0.78689,1.50,1.50
2017.09.06 17:21:33.798,0.78669,0.78689,1.87,2.06
2017.09.06 17:21:33.849,0.78669,0.78687,1.44,1.00
2017.09.06 17:21:34.366,0.78669,0.78687,1.25,1.00
2017.09.06 17:21:35.383,0.7867,0.78689,1.00,2.06
2017.09.06 17:21:35.919,0.7867,0.78688,1.00,1.00
2017.09.06 17:21:36.596,0.7867,0.78689,1.00,2.06
2017.09.06 17:21:37.248,0.7867,0.78687,1.25,1.00
2017.09.06 17:21:37.299,0.78668,0.78686,1.25,1.50
2017.09.06 17:21:37.586,0.78673,0.78693,1.00,2.44
2017.09.06 17:21:37.687,0.78673,0.78693,1.50,2.62
2017.09.06 17:21:38.188,0.78673,0.78693,1.50,1.87
2017.09.06 17:21:38.681,0.78668,0.78686,2.25,1.00
2017.09.06 17:21:38.783,0.78666,0.78684,1.87,1.00
2017.09.06 17:21:38.985,0.78668,0.78687,1.87,1.12
2017.09.06 17:21:39.239,0.78668,0.78684,1.00,1.00
2017.09.06 17:21:39.743,0.78668,0.78685,1.00,1.87
2017.09.06 17:21:40.286,0.78668,0.78684,1.00,1.00
2017.09.06 17:21:40.677,0.78666,0.78682,1.25,1.00
2017.09.06 17:21:40.938,0.78668,0.78687,1.00,4.50
2017.09.06 17:21:41.040,0.78668,0.78687,1.50,2.62
2017.09.06 17:21:41.141,0.78668,0.78685,1.00,1.00
2017.09.06 17:21:41.648,0.78666,0.78685,2.81,1.00
2017.09.06 17:21:42.182,0.78668,0.78685,1.25,1.00
2017.09.06 17:21:42.694,0.78667,0.78685,1.37,1.00
2017.09.06 17:21:43.221,0.78668,0.78685,1.25,1.00
2017.09.06 17:21:43.815,0.78667,0.78684,1.25,1.00
2017.09.06 17:21:44.326,0.78667,0.78685,1.25,1.50
2017.09.06 17:21:45.087,0.78669,0.78687,1.00,1.87
2017.09.06 17:21:45.340,0.78671,0.78689,1.00,2.62
2017.09.06 17:21:45.851,0.78669,0.78687,1.69,1.00
2017.09.06 17:21:46.359,0.78669,0.78689,1.69,2.44
2017.09.06 17:21:46.907,0.7867,0.78689,1.00,1.50
2017.09.06 17:21:48.649,0.78667,0.78686,2.25,1.50
2017.09.06 17:21:48.851,0.78666,0.78686,1.00,3.37
2017.09.06 17:21:49.377,0.78666,0.78685,1.69,1.50
2017.09.06 17:21:49.680,0.78666,0.78684,1.00,1.44
2017.09.06 17:21:49.934,0.78664,0.78683,1.00,1.25
2017.09.06 17:21:50.328,0.78663,0.78681,1.31,1.00
2017.09.06 17:21:50.879,0.78664,0.7868,1.25,1.00
2017.09.06 17:21:51.195,0.78663,0.78682,2.06,1.00
2017.09.06 17:21:51.296,0.78665,0.78683,1.25,1.50
2017.09.06 17:21:51.588,0.78666,0.78685,1.50,1.37
2017.09.06 17:21:52.961,0.78666,0.78683,1.87,1.00
2017.09.06 17:21:53.478,0.78667,0.78684,1.00,1.00
2017.09.06 17:21:55.367,0.78666,0.78684,2.62,1.00
2017.09.06 17:21:55.976,0.78667,0.78684,1.00,1.00
2017.09.06 17:21:57.254,0.78665,0.78684,1.50,1.69
2017.09.06 17:21:57.355,0.78664,0.78681,1.50,1.00
2017.09.06 17:21:57.779,0.78665,0.78684,1.50,1.50
2017.09.06 17:21:58.334,0.78664,0.78682,1.12,1.00
2017.09.06 17:21:58.877,0.78664,0.78681,1.00,1.25
2017.09.06 17:21:59.079,0.78661,0.78681,2.25,1.69
2017.09.06 17:21:59.667,0.78661,0.7868,2.81,1.00
2017.09.06 17:22:00.225,0.78661,0.78681,2.81,1.69
2017.09.06 17:22:00.767,0.78662,0.7868,1.00,1.00
2017.09.06 17:22:00.970,0.78663,0.78682,2.81,1.87
2017.09.06 17:22:01.274,0.78667,0.78683,1.00,1.00
2017.09.06 17:22:01.945,0.78665,0.78683,1.87,1.69
2017.09.06 17:22:03.724,0.78665,0.78684,1.00,3.00
2017.09.06 17:22:03.877,0.78665,0.78678,1.87,1.00
2017.09.06 17:22:04.357,0.78665,0.7868,1.00,1.00
2017.09.06 17:22:04.706,0.78662,0.7868,1.00,1.69
2017.09.06 17:22:05.361,0.78662,0.78678,1.00,1.00
2017.09.06 17:22:05.466,0.78659,0.78678,2.25,1.00
2017.09.06 17:22:06.048,0.78659,0.78677,2.06,1.00
2017.09.06 17:22:06.569,0.78659,0.78676,1.87,1.00
2017.09.06 17:22:06.855,0.78659,0.78678,1.69,2.25
2017.09.06 17:22:07.361,0.7866,0.78678,1.00,1.25
2017.09.06 17:22:08.079,0.7866,0.78679,1.50,2.81
2017.09.06 17:22:09.181,0.7866,0.78678,1.00,1.12
2017.09.06 17:22:09.334,0.78656,0.78672,3.19,1.00
2017.09.06 17:22:09.538,0.78656,0.78672,1.50,1.00
2017.09.06 17:22:09.791,0.78654,0.78672,1.31,1.00
2017.09.06 17:22:11.445,0.78654,0.78671,1.00,1.00
2017.09.06 17:22:11.597,0.78656,0.78672,1.25,1.00
2017.09.06 17:22:11.920,0.78659,0.78679,1.00,1.87
2017.09.06 17:22:11.972,0.78659,0.78679,1.00,1.87
2017.09.06 17:22:12.479,0.78659,0.78678,1.69,1.00
2017.09.06 17:22:13.026,0.78659,0.78678,1.69,1.00
2017.09.06 17:22:14.653,0.7866,0.78677,1.31,1.00
2017.09.06 17:22:14.755,0.78661,0.78679,1.00,1.12
2017.09.06 17:22:15.649,0.78661,0.78678,1.00,1.00
2017.09.06 17:22:16.235,0.7866,0.78678,2.06,1.00
2017.09.06 17:22:16.747,0.7866,0.78677,2.06,1.00
2017.09.06 17:22:16.849,0.78662,0.78679,1.00,1.50
2017.09.06 17:22:16.900,0.7866,0.78679,2.44,1.50
2017.09.06 17:22:18.198,0.78661,0.7868,1.00,1.31
2017.09.06 17:22:18.875,0.78661,0.78681,1.50,1.50
2017.09.06 17:22:19.405,0.78661,0.7868,1.00,1.00
2017.09.06 17:22:20.737,0.78661,0.78681,2.44,2.44
2017.09.06 17:22:21.285,0.78661,0.7868,2.44,1.00
2017.09.06 17:22:21.789,0.78661,0.78681,2.44,2.44
2017.09.06 17:22:22.658,0.78661,0.78681,2.81,1.69
2017.09.06 17:22:23.217,0.78661,0.78681,2.62,1.69
2017.09.06 17:22:23.974,0.78661,0.78681,2.81,1.69
2017.09.06 17:22:27.157,0.7866,0.78679,4.12,1.00
2017.09.06 17:22:27.484,0.78665,0.78682,1.44,1.37
2017.09.06 17:22:27.535,0.78666,0.78683,1.50,1.00
2017.09.06 17:22:27.687,0.78663,0.7868,1.69,1.00
2017.09.06 17:22:27.991,0.78661,0.78677,1.00,1.00
2017.09.06 17:22:28.398,0.78659,0.78677,1.25,1.00
2017.09.06 17:22:29.560,0.78658,0.78677,1.50,1.00
2017.09.06 17:22:30.163,0.78659,0.78677,1.00,1.00
2017.09.06 17:22:30.667,0.78658,0.78677,1.31,1.50
2017.09.06 17:22:31.193,0.78658,0.78676,1.25,1.00
2017.09.06 17:22:31.756,0.78658,0.78677,1.25,1.00
2017.09.06 17:22:32.325,0.78657,0.78677,1.69,2.06
2017.09.06 17:22:32.831,0.78657,0.78677,1.69,2.06
2017.09.06 17:22:32.990,0.78654,0.78672,2.25,1.00
2017.09.06 17:22:33.041,0.78654,0.78672,1.31,1.00
2017.09.06 17:22:33.547,0.78656,0.78673,1.00,1.00
2017.09.06 17:22:33.599,0.78654,0.78673,2.25,1.00
2017.09.06 17:22:34.143,0.78654,0.78672,1.00,1.25
2017.09.06 17:22:34.760,0.78653,0.78673,1.00,2.06
2017.09.06 17:22:35.265,0.78654,0.78672,1.00,1.13
2017.09.06 17:22:36.456,0.78652,0.78672,1.12,1.50
2017.09.06 17:22:36.999,0.78652,0.78671,2.06,1.00
2017.09.06 17:22:37.707,0.78652,0.78672,1.12,1.50
2017.09.06 17:22:38.209,0.78653,0.78671,1.00,1.00
2017.09.06 17:22:38.934,0.78652,0.78672,1.12,2.81
2017.09.06 17:22:39.187,0.78651,0.78668,1.50,1.00
2017.09.06 17:22:39.577,0.7865,0.7867,2.25,2.62
2017.09.06 17:22:39.958,0.7865,0.78667,1.12,1.00
2017.09.06 17:22:40.566,0.78649,0.78667,1.69,1.00
2017.09.06 17:22:40.900,0.78652,0.78671,1.87,1.50
2017.09.06 17:22:40.951,0.78652,0.78671,1.87,1.00
2017.09.06 17:22:41.462,0.78652,0.7867,1.69,1.00
2017.09.06 17:22:41.615,0.78653,0.78671,1.69,1.00
2017.09.06 17:22:41.756,0.78656,0.78676,1.12,3.19
2017.09.06 17:22:41.807,0.78659,0.78677,1.00,2.00
2017.09.06 17:22:41.859,0.78659,0.78678,1.00,4.12
2017.09.06 17:22:42.379,0.78659,0.78678,1.00,3.19
2017.09.06 17:22:42.430,0.78661,0.78678,1.00,1.69
2017.09.06 17:22:42.996,0.78659,0.78676,1.00,1.00
2017.09.06 17:22:43.098,0.78657,0.78676,1.00,1.69
2017.09.06 17:22:43.253,0.78656,0.78674,2.62,1.00
2017.09.06 17:22:43.557,0.7866,0.78679,2.06,1.00
2017.09.06 17:22:43.996,0.7866,0.78675,1.87,1.00
2017.09.06 17:22:44.365,0.78664,0.78675,1.00,1.00
2017.09.06 17:22:44.495,0.78664,0.78677,1.00,1.00
2017.09.06 17:22:45.165,0.78663,0.78677,1.00,1.00
2017.09.06 17:22:45.685,0.78663,0.78678,1.00,1.87
2017.09.06 17:22:46.315,0.78662,0.78679,1.00,2.44
2017.09.06 17:22:46.855,0.78663,0.78678,1.00,1.00
2017.09.06 17:22:47.357,0.78662,0.78679,1.00,2.62
2017.09.06 17:22:47.886,0.78662,0.78677,1.00,1.00
2017.09.06 17:22:48.407,0.78662,0.78678,1.00,1.12
2017.09.06 17:22:49.605,0.7866,0.78678,1.50,1.31
2017.09.06 17:22:49.656,0.7866,0.78677,1.50,1.31
2017.09.06 17:22:50.205,0.7866,0.78677,1.50,1.69
2017.09.06 17:22:50.717,0.7866,0.78676,1.00,2.06
2017.09.06 17:22:51.248,0.7866,0.78677,1.00,1.69
2017.09.06 17:22:54.465,0.7866,0.78677,1.50,2.06
2017.09.06 17:22:55.018,0.78661,0.78677,1.00,1.00
2017.09.06 17:22:55.520,0.78661,0.78678,1.00,1.87
2017.09.06 17:22:56.165,0.78661,0.78677,1.00,1.00
2017.09.06 17:22:56.673,0.78662,0.78679,1.50,1.25
2017.09.06 17:22:57.180,0.78662,0.78678,1.00,1.25
2017.09.06 17:22:57.728,0.78663,0.78677,1.00,1.00
2017.09.06 17:22:58.276,0.78663,0.78678,1.00,1.00
2017.09.06 17:22:59.246,0.78662,0.78679,1.00,2.06
2017.09.06 17:23:00.144,0.78661,0.78678,1.12,1.31
2017.09.06 17:23:00.195,0.78661,0.78675,1.12,1.00
2017.09.06 17:23:00.769,0.78661,0.78676,1.00,1.25
2017.09.06 17:23:01.281,0.7866,0.78676,1.00,3.00
2017.09.06 17:23:01.830,0.7866,0.78675,1.00,1.00
2017.09.06 17:23:02.376,0.78662,0.78678,1.00,2.00
2017.09.06 17:23:02.427,0.78662,0.78678,1.00,1.12
2017.09.06 17:23:02.772,0.78662,0.78676,1.00,1.00
2017.09.06 17:23:02.823,0.7866,0.78676,1.50,1.00
2017.09.06 17:23:02.874,0.78662,0.78676,1.00,1.00
2017.09.06 17:23:03.159,0.78663,0.78679,1.00,1.12
2017.09.06 17:23:03.412,0.78666,0.78681,1.00,1.69
2017.09.06 17:23:03.956,0.78666,0.78682,1.00,2.25
2017.09.06 17:23:04.485,0.78666,0.78682,1.00,1.87
2017.09.06 17:23:04.789,0.78664,0.78681,1.69,1.00
2017.09.06 17:23:05.731,0.78665,0.78681,1.00,1.00
2017.09.06 17:23:05.984,0.78666,0.78683,1.00,1.25
2017.09.06 17:23:06.852,0.78666,0.78683,1.00,1.31
2017.09.06 17:23:09.182,0.78666,0.78683,1.00,1.69
2017.09.06 17:23:09.688,0.78667,0.78684,1.00,2.44
2017.09.06 17:23:10.237,0.78667,0.78683,1.00,1.00
2017.09.06 17:23:11.160,0.78668,0.78684,1.00,1.87
2017.09.06 17:23:11.596,0.78669,0.78682,1.00,1.00
2017.09.06 17:23:12.139,0.78669,0.78683,1.00,1.00
2017.09.06 17:23:12.677,0.78668,0.78684,1.00,1.25
2017.09.06 17:23:13.074,0.78668,0.78681,1.00,1.00
2017.09.06 17:23:13.671,0.78667,0.78681,1.00,1.00
2017.09.06 17:23:15.252,0.78666,0.78681,1.00,1.00
2017.09.06 17:23:16.685,0.78667,0.78681,1.00,1.00
2017.09.06 17:23:16.988,0.78667,0.78679,1.00,1.00
2017.09.06 17:23:17.797,0.78667,0.78681,1.00,1.00
2017.09.06 17:23:18.346,0.78666,0.78682,1.00,1.00
2017.09.06 17:23:18.891,0.78666,0.78681,1.00,1.00
2017.09.06 17:23:19.399,0.78666,0.78682,1.00,1.00
2017.09.06 17:23:19.954,0.78666,0.78683,1.00,1.00
2017.09.06 17:23:20.409,0.78666,0.78681,1.00,1.00
2017.09.06 17:23:20.915,0.78666,0.78683,1.00,2.44
2017.09.06 17:23:21.630,0.78667,0.78683,1.00,1.00
2017.09.06 17:23:21.895,0.78668,0.78685,1.00,2.44
2017.09.06 17:23:22.405,0.78668,0.78684,1.00,1.12
2017.09.06 17:23:23.037,0.78669,0.78684,1.00,1.00
2017.09.06 17:23:23.256,0.78665,0.78681,2.06,1.00
2017.09.06 17:23:23.306,0.78669,0.7868,1.00,1.00
2017.09.06 17:23:23.408,0.78666,0.7868,1.00,1.00
2017.09.06 17:23:24.133,0.78666,0.78682,1.00,1.25
2017.09.06 17:23:24.625,0.78667,0.7868,1.00,1.00
2017.09.06 17:23:25.277,0.78666,0.7868,1.00,1.00
2017.09.06 17:23:25.328,0.78664,0.7868,1.00,1.00
2017.09.06 17:23:25.379,0.78664,0.78678,1.00,1.00
2017.09.06 17:23:25.682,0.78666,0.78677,1.00,1.00
2017.09.06 17:23:25.935,0.78664,0.78678,1.00,1.00
2017.09.06 17:23:26.442,0.78664,0.78679,1.00,1.00
2017.09.06 17:23:26.962,0.78665,0.78678,1.00,1.00
2017.09.06 17:23:27.064,0.78663,0.78678,1.00,1.00
2017.09.06 17:23:27.266,0.78661,0.78677,1.00,1.50
2017.09.06 17:23:28.586,0.78661,0.78676,1.00,1.00
2017.09.06 17:23:29.130,0.78661,0.78677,1.00,1.00
2017.09.06 17:23:30.483,0.78661,0.78678,1.00,2.25
2017.09.06 17:23:31.665,0.7866,0.78677,1.00,1.00
2017.09.06 17:23:32.816,0.78663,0.78679,1.00,2.62
2017.09.06 17:23:33.322,0.78663,0.78679,1.00,1.00
2017.09.06 17:23:33.829,0.78663,0.7868,1.00,1.69
2017.09.06 17:23:34.601,0.78662,0.78679,1.00,1.00
2017.09.06 17:23:35.647,0.78663,0.7868,1.00,1.25
2017.09.06 17:23:36.044,0.7866,0.78677,1.12,1.69
2017.09.06 17:23:37.522,0.78661,0.78678,1.00,1.31
2017.09.06 17:23:38.150,0.78662,0.78679,1.00,1.25
2017.09.06 17:23:40.440,0.78662,0.7868,1.00,2.25
2017.09.06 17:23:41.166,0.78662,0.78679,1.00,1.00
2017.09.06 17:23:41.678,0.78663,0.78679,1.00,1.00
2017.09.06 17:23:42.235,0.78663,0.78678,1.00,1.00
2017.09.06 17:23:42.740,0.78661,0.78678,1.12,1.69
2017.09.06 17:23:43.276,0.7866,0.78677,1.00,1.69
2017.09.06 17:23:44.303,0.7866,0.78677,1.00,2.06
2017.09.06 17:23:44.823,0.78659,0.78676,1.00,1.25
2017.09.06 17:23:45.579,0.78658,0.78673,1.00,1.00
2017.09.06 17:23:45.884,0.78657,0.7867,1.00,1.00
2017.09.06 17:23:45.935,0.78655,0.7867,1.00,1.00
2017.09.06 17:23:46.439,0.78655,0.78671,1.00,1.00
2017.09.06 17:23:46.944,0.78655,0.78672,1.00,1.12
2017.09.06 17:23:47.445,0.78655,0.7867,1.00,1.00
2017.09.06 17:23:49.195,0.78654,0.78668,1.00,1.00
2017.09.06 17:23:49.706,0.78654,0.78669,1.00,1.00
2017.09.06 17:23:50.202,0.78652,0.7867,1.50,1.12
2017.09.06 17:23:50.427,0.78651,0.78667,1.12,1.87
2017.09.06 17:23:50.960,0.7865,0.78667,1.00,1.69
2017.09.06 17:23:51.299,0.7865,0.78665,1.00,1.00
2017.09.06 17:23:51.452,0.78651,0.78667,1.00,1.00
2017.09.06 17:23:51.638,0.78653,0.78667,1.00,1.00
2017.09.06 17:23:51.892,0.78653,0.78669,1.00,1.69
2017.09.06 17:23:52.398,0.78652,0.78669,1.00,1.69
2017.09.06 17:23:53.457,0.78652,0.78667,1.00,1.00
2017.09.06 17:23:54.617,0.7865,0.78667,1.00,1.00
2017.09.06 17:23:54.667,0.7865,0.78665,1.00,1.00
2017.09.06 17:23:55.173,0.78649,0.78665,1.00,1.00
2017.09.06 17:23:56.582,0.78648,0.78663,1.00,1.00
2017.09.06 17:23:57.097,0.78648,0.78666,1.00,2.00
2017.09.06 17:23:57.148,0.78648,0.78666,1.00,1.25
2017.09.06 17:23:57.250,0.78652,0.78669,1.00,4.12
2017.09.06 17:23:57.869,0.78652,0.78669,1.00,1.44
2017.09.06 17:23:58.023,0.78649,0.78666,1.12,1.25
2017.09.06 17:23:58.346,0.78651,0.78668,1.50,1.25
2017.09.06 17:23:58.971,0.78652,0.78669,1.00,1.31
2017.09.06 17:23:59.291,0.78651,0.78666,1.00,1.00
2017.09.06 17:23:59.984,0.7865,0.78666,1.00,1.00
2017.09.06 17:24:00.349,0.78651,0.78668,1.00,1.69
2017.09.06 17:24:04.117,0.78652,0.78669,1.00,1.50
2017.09.06 17:24:04.168,0.78653,0.78667,1.00,1.00
2017.09.06 17:24:04.271,0.7865,0.78669,1.00,1.31
2017.09.06 17:24:04.575,0.7865,0.78667,1.00,1.00
2017.09.06 17:24:05.219,0.78648,0.78667,1.31,1.00
2017.09.06 17:24:05.820,0.7865,0.78668,1.00,1.25
2017.09.06 17:24:06.967,0.78649,0.78668,1.00,1.00
2017.09.06 17:24:07.469,0.7865,0.78667,1.00,1.00
2017.09.06 17:24:08.245,0.7865,0.78669,1.00,3.94
2017.09.06 17:24:08.478,0.78647,0.78667,1.50,2.25
2017.09.06 17:24:08.740,0.78646,0.78666,1.69,1.00
2017.09.06 17:24:08.843,0.78648,0.78667,1.00,1.69
2017.09.06 17:24:10.147,0.78646,0.78665,1.25,1.00
2017.09.06 17:24:10.694,0.78646,0.78666,1.87,1.50
2017.09.06 17:24:11.875,0.78647,0.78666,3.00,1.12
2017.09.06 17:24:12.047,0.78649,0.78668,1.25,1.00
2017.09.06 17:24:12.569,0.78649,0.78667,1.50,1.00
2017.09.06 17:24:13.082,0.78649,0.78666,1.00,1.00
2017.09.06 17:24:13.240,0.78652,0.78669,1.00,1.12
2017.09.06 17:24:13.544,0.78649,0.78666,3.00,1.00
2017.09.06 17:24:13.596,0.78649,0.78667,1.00,1.00
2017.09.06 17:24:14.209,0.78648,0.78668,1.87,2.25
2017.09.06 17:24:14.806,0.78648,0.78667,2.62,1.00
2017.09.06 17:24:15.459,0.7865,0.78668,1.00,1.12
2017.09.06 17:24:15.975,0.7865,0.78668,1.12,1.87
2017.09.06 17:24:16.512,0.78649,0.78668,1.00,2.62
2017.09.06 17:24:17.574,0.78649,0.78668,1.00,2.25
2017.09.06 17:24:17.886,0.78649,0.78668,1.00,1.12
2017.09.06 17:24:18.027,0.7865,0.78668,1.12,1.87
2017.09.06 17:24:18.182,0.78647,0.78664,1.00,1.00
2017.09.06 17:24:18.710,0.78647,0.78666,1.00,2.44
2017.09.06 17:24:19.002,0.78644,0.78663,2.62,1.50
2017.09.06 17:24:19.624,0.78645,0.78665,1.87,2.62
2017.09.06 17:24:20.337,0.78644,0.78664,1.00,1.87
2017.09.06 17:24:20.860,0.78644,0.78663,2.81,1.00
2017.09.06 17:24:21.450,0.78645,0.78665,1.69,3.56
2017.09.06 17:24:21.980,0.78644,0.78663,1.00,2.06
2017.09.06 17:24:22.506,0.78644,0.78663,1.00,1.69
2017.09.06 17:24:23.026,0.78644,0.78663,1.00,3.94
2017.09.06 17:24:23.612,0.78644,0.78662,1.00,1.37
2017.09.06 17:24:24.782,0.78644,0.78662,1.00,1.25
2017.09.06 17:24:25.324,0.78644,0.78663,1.00,2.44
2017.09.06 17:24:28.598,0.78645,0.78663,1.00,1.00
2017.09.06 17:24:29.609,0.78644,0.78663,2.62,1.00
2017.09.06 17:24:30.157,0.78645,0.78663,1.00,1.12
2017.09.06 17:24:30.686,0.78644,0.78663,1.31,1.69
2017.09.06 17:24:31.264,0.78644,0.78664,1.12,1.00
2017.09.06 17:24:31.874,0.78644,0.78663,1.69,1.12
2017.09.06 17:24:32.445,0.78645,0.78663,1.25,1.12
2017.09.06 17:24:35.045,0.7865,0.78665,1.00,2.25
2017.09.06 17:24:35.148,0.78651,0.78668,1.50,1.50
2017.09.06 17:24:35.249,0.78653,0.78671,1.00,1.31
2017.09.06 17:24:35.882,0.78651,0.78671,2.25,1.50
2017.09.06 17:24:36.046,0.78653,0.78671,1.00,1.12
2017.09.06 17:24:36.457,0.78653,0.7867,1.00,1.31
2017.09.06 17:24:37.456,0.78653,0.78669,1.00,1.31
2017.09.06 17:24:39.238,0.78653,0.78669,1.00,1.87
2017.09.06 17:24:39.542,0.7865,0.78667,1.12,1.25
2017.09.06 17:24:39.902,0.78648,0.78666,1.12,1.25
2017.09.06 17:24:40.003,0.7865,0.78666,1.00,1.25
2017.09.06 17:24:41.391,0.78648,0.78666,1.12,1.12
2017.09.06 17:24:42.489,0.78647,0.78665,1.37,1.69
2017.09.06 17:24:42.591,0.78646,0.78665,1.50,1.69
2017.09.06 17:24:42.692,0.78648,0.78665,1.00,1.25
2017.09.06 17:24:43.199,0.78648,0.78666,1.87,1.25
2017.09.06 17:24:43.704,0.78648,0.78665,1.87,1.00
2017.09.06 17:24:43.957,0.78646,0.78665,1.00,2.62
2017.09.06 17:24:45.812,0.78644,0.78663,1.12,1.00
2017.09.06 17:24:46.325,0.78643,0.78662,1.69,1.25
2017.09.06 17:24:47.127,0.78644,0.78663,1.00,1.31
2017.09.06 17:24:47.653,0.78644,0.78662,1.12,1.25
2017.09.06 17:24:49.688,0.78644,0.78661,1.12,1.25
2017.09.06 17:24:51.228,0.78644,0.78662,1.12,1.31
2017.09.06 17:24:51.857,0.78644,0.78662,1.12,1.31
2017.09.06 17:24:54.180,0.78644,0.78664,1.12,2.62
2017.09.06 17:24:54.231,0.78646,0.78664,1.00,1.44
2017.09.06 17:24:54.770,0.78646,0.78665,1.00,2.25
2017.09.06 17:24:55.540,0.78645,0.78664,1.25,1.25
2017.09.06 17:24:55.844,0.78649,0.78667,1.00,1.31
2017.09.06 17:24:56.181,0.78651,0.78669,1.00,1.44
2017.09.06 17:24:56.518,0.78649,0.78669,1.00,3.56
2017.09.06 17:24:56.758,0.78649,0.78668,1.50,1.87
2017.09.06 17:24:57.411,0.78647,0.78667,3.19,1.44
2017.09.06 17:24:57.997,0.78648,0.78667,1.12,1.25
2017.09.06 17:24:59.506,0.78647,0.78668,2.25,1.69
2017.09.06 17:25:00.080,0.78648,0.78666,1.12,1.25
2017.09.06 17:25:00.395,0.78646,0.78663,1.00,1.00
2017.09.06 17:25:00.700,0.78651,0.7867,1.00,1.31
2017.09.06 17:25:01.041,0.78647,0.78666,2.25,1.31
2017.09.06 17:25:01.210,0.78645,0.78662,1.00,1.00
2017.09.06 17:25:01.622,0.78645,0.78664,1.00,1.87
2017.09.06 17:25:02.168,0.78645,0.78663,1.00,1.25
2017.09.06 17:25:03.009,0.78645,0.78664,1.00,1.87
2017.09.06 17:25:03.941,0.78645,0.78664,1.00,1.87
2017.09.06 17:25:04.093,0.78645,0.78661,1.00,1.00
2017.09.06 17:25:04.145,0.78642,0.78661,1.87,1.50
2017.09.06 17:25:04.672,0.78643,0.7866,1.00,1.25
2017.09.06 17:25:11.148,0.78643,0.78662,1.25,1.87
2017.09.06 17:25:11.199,0.78645,0.78662,1.00,1.00
2017.09.06 17:25:11.503,0.78647,0.78664,1.00,1.19
2017.09.06 17:25:12.017,0.78647,0.78666,1.25,1.69
2017.09.06 17:25:12.539,0.78647,0.78666,1.25,1.69
2017.09.06 17:25:12.641,0.78651,0.7867,1.87,1.75
2017.09.06 17:25:12.743,0.78653,0.78672,1.69,2.25
2017.09.06 17:25:12.946,0.78653,0.78667,1.69,1.00
2017.09.06 17:25:13.488,0.78653,0.78668,1.00,1.00
2017.09.06 17:25:13.843,0.78651,0.78668,1.00,1.00
2017.09.06 17:25:14.048,0.78648,0.78668,2.25,1.87
2017.09.06 17:25:14.100,0.78649,0.78668,1.50,1.87
2017.09.06 17:25:14.239,0.78651,0.7867,1.00,3.19
2017.09.06 17:25:14.291,0.7865,0.78668,1.12,1.00
2017.09.06 17:25:14.596,0.78653,0.78671,1.00,1.87
2017.09.06 17:25:15.644,0.78651,0.7867,1.50,2.06
2017.09.06 17:25:15.970,0.78651,0.78667,1.00,1.00
2017.09.06 17:25:16.638,0.78651,0.78668,1.50,1.31
2017.09.06 17:25:19.445,0.7865,0.78665,1.00,1.25
2017.09.06 17:25:19.649,0.78648,0.78664,1.00,1.00
2017.09.06 17:25:20.004,0.78648,0.78667,1.00,1.69
2017.09.06 17:25:20.946,0.78647,0.78667,1.12,1.00
2017.09.06 17:25:21.450,0.78648,0.78667,1.00,1.69
2017.09.06 17:25:21.835,0.7865,0.78668,1.00,1.50
2017.09.06 17:25:22.396,0.78649,0.78668,1.12,1.00
2017.09.06 17:25:22.956,0.7865,0.78668,1.00,1.25
2017.09.06 17:25:23.335,0.78652,0.78668,1.00,1.25
2017.09.06 17:25:24.014,0.78652,0.78669,1.00,1.25
2017.09.06 17:25:24.386,0.78655,0.78673,1.50,1.50
2017.09.06 17:25:24.656,0.78655,0.78675,1.50,1.87
2017.09.06 17:25:25.206,0.78655,0.78673,1.50,1.00
2017.09.06 17:25:25.468,0.78657,0.78676,1.00,1.87
2017.09.06 17:25:25.570,0.7866,0.78677,1.00,2.06
2017.09.06 17:25:25.875,0.78658,0.78676,1.50,1.12
2017.09.06 17:25:26.121,0.7866,0.78676,1.00,1.25
2017.09.06 17:25:26.172,0.7866,0.78678,1.00,1.50
2017.09.06 17:25:26.644,0.7866,0.78676,1.00,1.00
2017.09.06 17:25:26.796,0.78658,0.78676,1.00,1.00
2017.09.06 17:25:26.999,0.78658,0.78678,1.50,1.12
2017.09.06 17:25:27.248,0.7866,0.78679,1.00,2.06
2017.09.06 17:25:27.771,0.7866,0.78679,1.00,1.87
2017.09.06 17:25:27.822,0.7866,0.78679,1.00,1.69
2017.09.06 17:25:28.874,0.7866,0.78679,2.06,1.25
2017.09.06 17:25:29.386,0.78662,0.7868,1.00,1.50
2017.09.06 17:25:29.538,0.78662,0.78677,1.25,1.00
2017.09.06 17:25:29.722,0.78659,0.78677,1.00,1.00
2017.09.06 17:25:30.275,0.78659,0.78678,1.00,2.06
2017.09.06 17:25:30.835,0.78658,0.78678,2.06,2.06
2017.09.06 17:25:30.937,0.7866,0.78678,1.00,1.31
2017.09.06 17:25:31.917,0.7866,0.78677,1.00,1.00
2017.09.06 17:25:32.106,0.78658,0.78677,1.12,2.06
2017.09.06 17:25:32.570,0.7866,0.78677,1.00,1.31
2017.09.06 17:25:33.095,0.7866,0.78676,1.00,1.00
2017.09.06 17:25:33.795,0.78659,0.78676,1.12,1.00
2017.09.06 17:25:34.556,0.7866,0.78675,1.00,1.25
2017.09.06 17:25:35.083,0.78657,0.78674,1.00,1.00
2017.09.06 17:25:35.543,0.78655,0.78674,1.50,1.12
2017.09.06 17:25:36.799,0.78659,0.78677,1.00,4.50
2017.09.06 17:25:36.851,0.78659,0.78677,1.00,1.87
2017.09.06 17:25:37.259,0.78659,0.78675,1.12,1.00
2017.09.06 17:25:37.777,0.7866,0.78675,1.00,1.00
2017.09.06 17:25:38.210,0.78657,0.78677,2.06,1.50
2017.09.06 17:25:38.759,0.7866,0.78678,1.00,1.69
2017.09.06 17:25:38.861,0.7866,0.78675,1.00,1.00
2017.09.06 17:25:39.150,0.78653,0.78672,2.25,1.00
2017.09.06 17:25:39.707,0.78655,0.78672,1.00,1.44
2017.09.06 17:25:40.182,0.78658,0.78674,1.00,1.31
2017.09.06 17:25:40.692,0.78658,0.78674,1.00,1.50
2017.09.06 17:25:40.972,0.78656,0.78672,1.00,1.50
2017.09.06 17:25:41.023,0.78653,0.78669,1.12,1.25
2017.09.06 17:25:42.008,0.78652,0.78669,1.00,1.25
2017.09.06 17:25:42.552,0.78652,0.7867,1.00,3.19
2017.09.06 17:25:43.282,0.78653,0.7867,1.00,1.12
2017.09.06 17:25:43.954,0.78652,0.7867,1.00,2.25
2017.09.06 17:25:44.477,0.78651,0.78669,1.00,1.00
2017.09.06 17:25:44.781,0.7865,0.78667,1.00,1.00
2017.09.06 17:25:45.132,0.78648,0.78665,1.00,1.00
2017.09.06 17:25:45.501,0.78651,0.78665,1.00,1.00
2017.09.06 17:25:45.805,0.78654,0.78668,1.00,1.00
2017.09.06 17:25:46.321,0.78655,0.78668,1.00,1.00
2017.09.06 17:25:46.781,0.78654,0.7867,1.00,1.25
2017.09.06 17:25:48.135,0.78654,0.78668,1.00,1.00
2017.09.06 17:25:48.237,0.78652,0.78667,1.00,1.50
2017.09.06 17:25:48.742,0.78651,0.78667,1.00,1.00
2017.09.06 17:25:49.321,0.78652,0.78667,1.00,1.50
2017.09.06 17:25:49.631,0.78649,0.78667,1.00,1.50
2017.09.06 17:25:49.683,0.78652,0.78667,1.00,1.00
2017.09.06 17:25:49.785,0.78652,0.78669,1.00,3.00
2017.09.06 17:25:49.836,0.78652,0.78669,1.00,3.37
2017.09.06 17:25:50.336,0.78654,0.7867,1.00,1.00
2017.09.06 17:25:50.387,0.78654,0.7867,1.00,1.75
2017.09.06 17:25:50.893,0.78655,0.78669,1.00,1.00
2017.09.06 17:25:51.356,0.78653,0.78667,1.00,1.00
2017.09.06 17:25:51.837,0.78651,0.78667,1.00,1.00
2017.09.06 17:25:52.345,0.78651,0.78665,1.00,1.00
2017.09.06 17:25:52.867,0.78651,0.78666,1.00,1.12
2017.09.06 17:25:54.176,0.78651,0.78665,1.00,1.00
2017.09.06 17:25:54.714,0.78652,0.78665,1.00,1.00
2017.09.06 17:25:55.458,0.78652,0.78666,1.00,1.87
2017.09.06 17:25:56.007,0.78651,0.78666,1.00,1.12
2017.09.06 17:25:56.545,0.78651,0.78665,1.00,1.00
2017.09.06 17:25:57.149,0.78652,0.78665,1.00,1.00
2017.09.06 17:25:57.803,0.7865,0.78665,1.00,1.00
2017.09.06 17:26:00.399,0.78649,0.78665,1.50,1.00
2017.09.06 17:26:00.603,0.78652,0.78665,1.00,1.00
2017.09.06 17:26:00.705,0.78654,0.78669,1.00,1.87
2017.09.06 17:26:00.757,0.78651,0.78666,1.00,1.00
2017.09.06 17:26:01.210,0.78654,0.78667,1.00,1.12
2017.09.06 17:26:01.514,0.78654,0.78669,1.00,1.00
2017.09.06 17:26:02.206,0.78653,0.78669,1.00,1.00
2017.09.06 17:26:03.196,0.78656,0.78673,1.00,3.19
2017.09.06 17:26:03.322,0.78655,0.78674,1.50,2.25
2017.09.06 17:26:03.373,0.78655,0.78671,1.12,1.25
2017.09.06 17:26:04.253,0.78655,0.78671,1.00,2.25
2017.09.06 17:26:04.746,0.78653,0.78669,1.00,1.00
2017.09.06 17:26:05.813,0.78655,0.78673,1.00,2.25
2017.09.06 17:26:06.117,0.78657,0.78673,1.00,1.69
2017.09.06 17:26:06.441,0.78656,0.78671,1.00,1.00
2017.09.06 17:26:06.974,0.78658,0.78673,1.00,2.25
2017.09.06 17:26:07.546,0.78657,0.78673,1.00,1.25
2017.09.06 17:26:07.940,0.78657,0.78671,1.00,1.00
2017.09.06 17:26:08.270,0.78655,0.78669,1.00,1.00
2017.09.06 17:26:08.857,0.78654,0.78669,1.00,1.50
2017.09.06 17:26:09.407,0.78653,0.7867,1.00,1.50
2017.09.06 17:26:09.918,0.78653,0.78669,1.00,1.00
2017.09.06 17:26:10.301,0.78655,0.78671,1.00,1.44
2017.09.06 17:26:10.733,0.78655,0.78672,1.00,1.50
2017.09.06 17:26:10.835,0.78654,0.78671,1.00,2.06
2017.09.06 17:26:11.598,0.78653,0.7867,1.00,1.69
2017.09.06 17:26:12.042,0.78652,0.78668,1.00,1.00
2017.09.06 17:26:13.714,0.78654,0.7867,1.00,1.56
2017.09.06 17:26:14.247,0.78654,0.78669,1.00,1.00
2017.09.06 17:26:14.959,0.78654,0.7867,1.00,1.87
2017.09.06 17:26:16.421,0.78653,0.7867,1.00,2.06
2017.09.06 17:26:16.951,0.78653,0.7867,1.00,2.06
2017.09.06 17:26:17.368,0.78652,0.78667,1.00,1.00
2017.09.06 17:26:17.902,0.78652,0.78668,1.00,3.37
2017.09.06 17:26:18.414,0.78653,0.78669,1.00,2.06
2017.09.06 17:26:19.094,0.78653,0.78668,1.00,2.62
2017.09.06 17:26:19.500,0.78651,0.78666,1.00,1.00
2017.09.06 17:26:22.193,0.78649,0.78666,1.00,1.50
2017.09.06 17:26:22.972,0.78649,0.78666,1.00,1.87
2017.09.06 17:26:23.507,0.78649,0.78666,1.00,1.87
2017.09.06 17:26:28.537,0.78648,0.78664,1.00,1.69
2017.09.06 17:26:29.047,0.78649,0.78665,1.00,1.12
2017.09.06 17:26:29.381,0.78661,0.7867,1.00,2.62
2017.09.06 17:26:29.432,0.78663,0.78679,1.00,1.25
2017.09.06 17:26:29.938,0.78662,0.78678,1.00,1.25
2017.09.06 17:26:30.192,0.78662,0.78678,1.00,1.56
2017.09.06 17:26:30.479,0.7866,0.78677,1.00,1.87
2017.09.06 17:26:31.536,0.78661,0.78678,1.00,2.81
2017.09.06 17:26:32.468,0.78659,0.78678,1.50,2.06
2017.09.06 17:26:33.670,0.7866,0.78676,1.00,1.12
2017.09.06 17:26:36.206,0.7866,0.78677,1.00,1.25
2017.09.06 17:26:36.768,0.7866,0.78676,1.00,1.00
2017.09.06 17:26:37.689,0.7866,0.78675,1.00,1.00
2017.09.06 17:26:38.132,0.78658,0.78675,1.12,1.50
2017.09.06 17:26:38.697,0.78658,0.78675,1.00,2.06
2017.09.06 17:26:39.225,0.78657,0.78674,1.00,1.31
2017.09.06 17:26:40.100,0.78655,0.78672,1.50,1.69
2017.09.06 17:26:40.611,0.78655,0.78671,1.00,1.00
2017.09.06 17:26:41.441,0.78655,0.78671,1.00,1.31
2017.09.06 17:26:43.099,0.78654,0.78671,1.00,2.06
2017.09.06 17:26:46.522,0.78654,0.78671,1.00,1.12
2017.09.06 17:26:47.063,0.78655,0.78671,1.00,1.12
2017.09.06 17:26:47.578,0.78654,0.78671,1.00,1.69
2017.09.06 17:26:48.224,0.78655,0.78672,1.00,1.69
2017.09.06 17:26:48.529,0.78654,0.78669,1.00,1.25
2017.09.06 17:26:49.100,0.78653,0.7867,1.00,1.25
2017.09.06 17:26:49.448,0.78655,0.78671,1.00,1.50
2017.09.06 17:26:51.268,0.78655,0.78672,1.00,1.87
2017.09.06 17:26:51.817,0.78655,0.78671,1.00,1.00
2017.09.06 17:26:52.208,0.78658,0.78671,1.00,1.00
2017.09.06 17:26:52.512,0.78665,0.7868,1.00,2.25
2017.09.06 17:26:53.435,0.78666,0.7868,1.00,1.00
2017.09.06 17:26:53.537,0.78668,0.78682,1.00,2.06
2017.09.06 17:26:54.125,0.78668,0.78684,1.00,1.87
2017.09.06 17:26:55.005,0.78666,0.78682,1.00,1.44
2017.09.06 17:26:55.905,0.78666,0.78682,1.00,1.87
2017.09.06 17:26:56.144,0.78667,0.78684,1.00,1.87
2017.09.06 17:26:56.417,0.78669,0.78684,1.00,1.12
2017.09.06 17:26:56.921,0.78669,0.78684,1.00,1.87
2017.09.06 17:26:57.425,0.78668,0.78684,1.00,2.62
2017.09.06 17:26:57.975,0.78667,0.78684,1.00,2.81
2017.09.06 17:26:58.520,0.78666,0.78683,1.00,1.25
2017.09.06 17:26:59.340,0.78668,0.78685,1.00,2.25
2017.09.06 17:26:59.865,0.78669,0.78686,1.00,1.87
2017.09.06 17:27:00.396,0.78669,0.78685,1.00,1.25
2017.09.06 17:27:00.751,0.7867,0.78687,1.00,1.25
2017.09.06 17:27:01.471,0.78671,0.78688,1.00,4.31
2017.09.06 17:27:02.104,0.78669,0.78687,1.50,1.12
2017.09.06 17:27:02.510,0.78669,0.78685,1.00,1.00
2017.09.06 17:27:03.049,0.78669,0.78686,1.00,2.44
2017.09.06 17:27:03.556,0.78668,0.78686,1.00,2.62
2017.09.06 17:27:04.067,0.78668,0.78685,1.00,1.00
2017.09.06 17:27:04.971,0.78669,0.78686,1.00,2.62
2017.09.06 17:27:05.740,0.78671,0.78686,1.00,1.50
2017.09.06 17:27:06.269,0.78671,0.78687,1.00,1.00
2017.09.06 17:27:06.787,0.78671,0.78688,1.00,1.00
2017.09.06 17:27:07.289,0.78671,0.78689,1.00,2.62
2017.09.06 17:27:07.611,0.78671,0.78688,1.00,2.06
2017.09.06 17:27:08.090,0.78676,0.78689,1.00,1.50
2017.09.06 17:27:08.343,0.78679,0.78696,1.00,3.75
2017.09.06 17:27:09.788,0.78681,0.78696,1.00,1.00
2017.09.06 17:27:10.405,0.78673,0.78687,1.37,1.00
2017.09.06 17:27:10.456,0.78673,0.78689,1.00,1.25
2017.09.06 17:27:10.507,0.78671,0.78688,1.12,1.31
2017.09.06 17:27:11.174,0.78669,0.78686,1.00,1.12
2017.09.06 17:27:11.677,0.78669,0.78685,1.00,1.00
2017.09.06 17:27:12.196,0.78669,0.78686,1.00,2.06
2017.09.06 17:27:14.137,0.7867,0.78686,1.00,1.87
2017.09.06 17:27:14.649,0.78671,0.78687,1.00,1.00
2017.09.06 17:27:16.655,0.78672,0.78687,1.00,1.00
2017.09.06 17:27:17.337,0.78672,0.78688,1.00,1.12
2017.09.06 17:27:17.869,0.78671,0.78687,1.00,1.50
2017.09.06 17:27:18.505,0.78672,0.78687,1.00,1.50
2017.09.06 17:27:19.344,0.78668,0.78683,1.00,1.00
2017.09.06 17:27:19.850,0.78668,0.78684,1.00,1.50
2017.09.06 17:27:20.171,0.7867,0.78684,1.00,1.50
2017.09.06 17:27:20.491,0.78668,0.78684,1.00,1.00
2017.09.06 17:27:21.459,0.78669,0.78684,1.00,1.00
2017.09.06 17:27:22.605,0.7867,0.78684,1.00,1.00
2017.09.06 17:27:22.656,0.7867,0.78686,1.00,1.00
2017.09.06 17:27:23.169,0.7867,0.78688,1.00,3.75
2017.09.06 17:27:23.409,0.78668,0.78684,1.12,1.00
2017.09.06 17:27:23.713,0.78667,0.78681,1.00,1.00
2017.09.06 17:27:24.167,0.78667,0.78684,1.00,3.56
2017.09.06 17:27:24.505,0.78666,0.78681,1.00,1.00
2017.09.06 17:27:24.657,0.78664,0.78681,1.00,1.00
2017.09.06 17:27:25.190,0.78664,0.7868,1.00,1.00
2017.09.06 17:27:25.704,0.78663,0.7868,1.00,1.00
2017.09.06 17:27:27.391,0.78666,0.78682,1.00,1.69
2017.09.06 17:27:27.983,0.78666,0.78682,1.00,1.87
2017.09.06 17:27:28.308,0.78666,0.7868,1.00,1.00
2017.09.06 17:27:28.633,0.78662,0.78676,1.87,1.00
2017.09.06 17:27:28.886,0.78659,0.78676,1.00,2.44
2017.09.06 17:27:29.405,0.78659,0.78675,1.00,1.00
2017.09.06 17:27:30.089,0.78659,0.78676,1.00,2.62
2017.09.06 17:27:30.624,0.7866,0.78676,1.00,1.87
2017.09.06 17:27:30.867,0.78658,0.78676,1.00,2.06
2017.09.06 17:27:32.146,0.78659,0.78675,1.00,1.25
2017.09.06 17:27:32.877,0.78659,0.78673,1.00,1.00
2017.09.06 17:27:33.405,0.78659,0.78672,1.00,1.00
2017.09.06 17:27:34.386,0.78659,0.78673,1.00,1.00
2017.09.06 17:27:34.691,0.78662,0.78676,1.00,1.25
2017.09.06 17:27:34.843,0.78662,0.78679,1.00,2.06
2017.09.06 17:27:35.208,0.78659,0.78676,1.87,1.12
2017.09.06 17:27:35.361,0.78657,0.78675,1.50,1.87
2017.09.06 17:27:35.874,0.78657,0.78675,1.50,2.06
2017.09.06 17:27:36.415,0.78656,0.78674,1.00,2.06
2017.09.06 17:27:37.150,0.78656,0.78674,1.00,2.06
2017.09.06 17:27:37.651,0.78657,0.78674,1.00,2.06
2017.09.06 17:27:38.426,0.78656,0.78674,1.00,2.06
2017.09.06 17:27:40.134,0.78656,0.78675,1.00,4.50
2017.09.06 17:27:40.275,0.78659,0.78676,1.00,1.87
2017.09.06 17:27:41.151,0.78659,0.78677,1.00,2.81
2017.09.06 17:27:43.065,0.78659,0.78676,1.00,1.12
2017.09.06 17:27:43.500,0.78657,0.78671,1.00,1.00
2017.09.06 17:27:43.804,0.78657,0.78668,1.00,1.00
2017.09.06 17:27:44.078,0.78657,0.7867,1.00,1.00
2017.09.06 17:27:44.386,0.78655,0.7867,1.50,1.00
2017.09.06 17:27:44.771,0.78655,0.78672,1.50,1.00
2017.09.06 17:27:45.753,0.78657,0.78672,1.00,1.00
2017.09.06 17:27:46.523,0.78661,0.78675,1.00,1.12
2017.09.06 17:27:46.828,0.78663,0.78678,1.00,1.00
2017.09.06 17:27:47.503,0.78663,0.78678,1.00,1.87
2017.09.06 17:27:48.274,0.78662,0.78678,1.00,1.69
2017.09.06 17:27:48.824,0.78663,0.78677,1.00,1.00
2017.09.06 17:27:49.097,0.78659,0.78676,1.00,1.69
2017.09.06 17:27:49.148,0.78658,0.78673,1.12,1.00
2017.09.06 17:27:50.080,0.78662,0.78674,1.00,1.00
2017.09.06 17:27:50.182,0.78662,0.78677,1.00,1.12
2017.09.06 17:27:52.838,0.78663,0.78679,1.00,1.87
2017.09.06 17:27:53.837,0.78664,0.78679,1.00,1.50
2017.09.06 17:27:54.335,0.78667,0.78678,1.00,1.00
2017.09.06 17:27:54.386,0.78665,0.78678,1.00,1.00
2017.09.06 17:27:54.648,0.78663,0.7868,1.50,1.87
2017.09.06 17:27:54.699,0.78665,0.78681,1.00,1.31
2017.09.06 17:27:54.902,0.78662,0.7868,1.87,1.69
2017.09.06 17:27:55.545,0.78662,0.7868,1.00,1.87
2017.09.06 17:27:56.241,0.78662,0.7868,1.00,1.50
2017.09.06 17:27:56.748,0.78662,0.78679,1.00,1.00
2017.09.06 17:27:57.264,0.78662,0.78677,1.00,1.00
2017.09.06 17:27:57.829,0.78662,0.78678,1.00,1.25
2017.09.06 17:27:58.375,0.78661,0.78677,1.50,1.00
2017.09.06 17:27:58.842,0.7866,0.78674,1.12,1.00
2017.09.06 17:27:58.994,0.7866,0.78678,1.50,1.12
2017.09.06 17:27:59.569,0.78658,0.78677,1.12,1.87
2017.09.06 17:28:00.113,0.78657,0.78676,2.06,1.00
2017.09.06 17:28:00.698,0.78656,0.78675,2.62,1.00
2017.09.06 17:28:00.851,0.78659,0.78675,1.00,1.50
2017.09.06 17:28:01.005,0.7866,0.78679,1.12,1.25
2017.09.06 17:28:01.258,0.78658,0.78677,2.06,1.25
2017.09.06 17:28:01.360,0.78658,0.78676,1.00,1.25
2017.09.06 17:28:01.765,0.78656,0.78674,1.00,1.69
2017.09.06 17:28:02.012,0.78656,0.78676,1.25,3.00
2017.09.06 17:28:02.764,0.78658,0.78676,1.69,1.12
2017.09.06 17:28:03.085,0.7866,0.78678,1.12,1.25
2017.09.06 17:28:03.186,0.78658,0.78677,1.87,1.25
2017.09.06 17:28:03.642,0.78657,0.78674,2.25,1.00
2017.09.06 17:28:03.693,0.78657,0.78676,1.50,2.44
2017.09.06 17:28:04.240,0.78657,0.78676,1.00,1.69
2017.09.06 17:28:04.510,0.78657,0.78674,1.50,1.00
2017.09.06 17:28:05.658,0.78657,0.78675,1.69,1.00
2017.09.06 17:28:06.064,0.78659,0.78678,1.00,3.19
2017.09.06 17:28:06.469,0.78659,0.78679,2.25,1.50
2017.09.06 17:28:06.748,0.78659,0.78677,1.50,1.25
2017.09.06 17:28:07.038,0.78658,0.78676,1.87,1.00
2017.09.06 17:28:08.157,0.78659,0.78676,1.00,1.00
2017.09.06 17:28:08.734,0.78659,0.78677,1.00,1.87
2017.09.06 17:28:10.233,0.7866,0.78677,1.00,1.25
2017.09.06 17:28:10.947,0.7866,0.78676,1.12,1.69
2017.09.06 17:28:12.000,0.7866,0.78676,1.12,1.87
2017.09.06 17:28:12.165,0.78655,0.78673,3.37,1.25
2017.09.06 17:28:12.216,0.78655,0.78673,1.75,1.25
2017.09.06 17:28:12.318,0.78653,0.78672,1.75,1.25
2017.09.06 17:28:12.420,0.78653,0.78672,1.12,1.44
2017.09.06 17:28:13.837,0.78652,0.78668,1.37,1.50
2017.09.06 17:28:13.989,0.78649,0.78667,1.37,1.87
2017.09.06 17:28:14.040,0.78649,0.78667,1.00,1.87
2017.09.06 17:28:14.617,0.78649,0.78666,1.00,1.00
2017.09.06 17:28:15.131,0.78648,0.78666,1.12,1.00
2017.09.06 17:28:15.653,0.78649,0.78667,1.00,1.69
2017.09.06 17:28:18.906,0.78648,0.78667,1.12,1.50
2017.09.06 17:28:19.609,0.78649,0.78666,1.00,1.00
2017.09.06 17:28:21.369,0.78648,0.78666,1.12,1.50
2017.09.06 17:28:21.521,0.78649,0.78666,1.00,1.56
2017.09.06 17:28:21.825,0.78652,0.78668,1.00,1.37
2017.09.06 17:28:21.978,0.78652,0.78669,1.00,1.13
2017.09.06 17:28:23.211,0.78653,0.78669,1.00,1.00
2017.09.06 17:28:23.647,0.78651,0.78671,1.87,2.62
2017.09.06 17:28:24.198,0.78653,0.78671,1.00,2.44
2017.09.06 17:28:25.717,0.78652,0.78671,1.50,1.69
2017.09.06 17:28:26.882,0.78653,0.78671,1.00,3.37
2017.09.06 17:28:27.186,0.78652,0.78668,1.00,1.50
2017.09.06 17:28:27.712,0.78652,0.7867,1.12,1.31
2017.09.06 17:28:28.067,0.78652,0.78672,1.12,3.19
2017.09.06 17:28:28.320,0.78652,0.78669,1.12,1.44
2017.09.06 17:28:28.445,0.78651,0.78672,2.25,1.69
2017.09.06 17:28:28.967,0.78653,0.78672,1.25,1.88
2017.09.06 17:28:29.472,0.78652,0.7867,1.12,1.50
2017.09.06 17:28:29.675,0.78652,0.7867,1.12,1.50
2017.09.06 17:28:30.562,0.78652,0.78672,1.12,2.25
2017.09.06 17:28:31.406,0.78651,0.78672,2.25,1.25
2017.09.06 17:28:31.598,0.78648,0.78667,2.44,1.50
2017.09.06 17:28:31.784,0.78647,0.78667,2.00,1.50
2017.09.06 17:28:32.241,0.78651,0.78668,1.00,1.25
2017.09.06 17:28:32.544,0.78653,0.7867,1.25,1.50
2017.09.06 17:28:33.087,0.78654,0.78671,1.00,2.06
2017.09.06 17:28:33.393,0.78652,0.78668,1.00,1.88
2017.09.06 17:28:33.918,0.7865,0.78668,1.00,1.88
2017.09.06 17:28:34.482,0.7865,0.78667,1.00,1.13
2017.09.06 17:28:35.066,0.78652,0.78667,1.00,1.25
2017.09.06 17:28:37.221,0.78652,0.78669,1.00,2.06
2017.09.06 17:28:37.481,0.7865,0.78667,1.12,1.25
2017.09.06 17:28:37.734,0.7865,0.78667,1.19,1.13
2017.09.06 17:28:37.836,0.7865,0.78667,1.50,1.00
2017.09.06 17:28:38.377,0.7865,0.78666,1.00,1.00
2017.09.06 17:28:38.950,0.78649,0.78666,1.12,1.00
2017.09.06 17:28:39.529,0.7865,0.78666,1.00,1.00
2017.09.06 17:28:40.402,0.78649,0.78666,1.12,1.00
2017.09.06 17:28:40.938,0.7865,0.78666,1.00,1.00
2017.09.06 17:28:41.287,0.78647,0.78664,1.75,1.00
2017.09.06 17:28:41.337,0.78647,0.78664,1.00,1.00
2017.09.06 17:28:42.164,0.78647,0.78663,1.00,1.00
2017.09.06 17:28:42.417,0.78645,0.78661,1.37,1.00
2017.09.06 17:28:42.519,0.78644,0.7866,1.12,1.00
2017.09.06 17:28:43.125,0.78647,0.78664,1.00,1.00
2017.09.06 17:28:43.277,0.78649,0.78665,1.00,1.44
2017.09.06 17:28:43.734,0.78648,0.78662,1.12,1.00
2017.09.06 17:28:44.092,0.78645,0.7866,1.50,1.00
2017.09.06 17:28:44.613,0.78645,0.78661,1.50,1.00
2017.09.06 17:28:44.868,0.78645,0.78659,1.00,1.00
2017.09.06 17:28:45.217,0.78643,0.78658,1.00,1.00
2017.09.06 17:28:46.322,0.78642,0.78658,1.12,1.00
2017.09.06 17:28:46.424,0.78643,0.78656,1.00,1.00
2017.09.06 17:28:46.626,0.78641,0.78656,1.00,1.00
2017.09.06 17:28:49.003,0.78644,0.78658,1.00,1.00
2017.09.06 17:28:49.756,0.78642,0.78658,2.25,1.00
2017.09.06 17:28:50.065,0.7864,0.78656,1.50,1.50
2017.09.06 17:28:50.578,0.7864,0.78656,1.00,1.25
2017.09.06 17:28:51.088,0.7864,0.78655,1.00,1.00
2017.09.06 17:28:52.156,0.7864,0.78656,1.00,1.50
2017.09.06 17:28:52.691,0.7864,0.78655,1.00,1.69
2017.09.06 17:28:53.202,0.7864,0.78656,1.00,1.00
2017.09.06 17:28:53.742,0.7864,0.78655,1.00,1.00
2017.09.06 17:28:54.287,0.7864,0.78656,1.00,1.00
2017.09.06 17:28:55.090,0.78642,0.78658,1.00,1.00
2017.09.06 17:28:55.602,0.78642,0.78657,1.12,1.00
2017.09.06 17:28:56.270,0.78642,0.78658,1.00,1.00
2017.09.06 17:28:56.797,0.78642,0.78657,1.12,1.00
2017.09.06 17:28:57.050,0.7864,0.78656,1.12,1.00
2017.09.06 17:28:57.586,0.78641,0.78656,1.00,1.00
2017.09.06 17:28:58.864,0.78641,0.78655,1.00,1.00
2017.09.06 17:29:00.251,0.78639,0.78654,1.50,1.00
2017.09.06 17:29:00.380,0.78641,0.78656,1.00,1.00
2017.09.06 17:29:02.259,0.7864,0.78656,1.12,1.00
2017.09.06 17:29:02.773,0.78641,0.78657,1.00,1.00
2017.09.06 17:29:03.199,0.78644,0.78658,1.00,1.00
2017.09.06 17:29:03.717,0.78644,0.78659,1.00,1.25
2017.09.06 17:29:04.473,0.78644,0.7866,1.00,1.87
2017.09.06 17:29:04.992,0.78643,0.78659,1.12,1.00
2017.09.06 17:29:05.498,0.78642,0.78659,2.25,1.19
2017.09.06 17:29:06.092,0.78644,0.78659,1.00,1.25
2017.09.06 17:29:07.074,0.78645,0.7866,1.00,1.25
2017.09.06 17:29:07.276,0.78642,0.7866,1.50,1.87
2017.09.06 17:29:07.779,0.78642,0.78659,1.00,1.25
2017.09.06 17:29:08.264,0.78644,0.78659,1.00,1.25
2017.09.06 17:29:09.629,0.78642,0.78659,1.50,2.06
2017.09.06 17:29:09.831,0.78641,0.78657,1.87,1.25
2017.09.06 17:29:11.515,0.78643,0.78658,1.00,1.00
2017.09.06 17:29:12.088,0.78643,0.78659,1.00,1.00
2017.09.06 17:29:12.411,0.78641,0.78657,1.87,1.00
2017.09.06 17:29:14.335,0.78641,0.78658,1.87,1.69
2017.09.06 17:29:14.854,0.78641,0.78657,1.87,1.00
2017.09.06 17:29:15.194,0.78644,0.78659,1.00,1.00
2017.09.06 17:29:18.216,0.78644,0.7866,1.00,1.25
2017.09.06 17:29:18.767,0.78644,0.78659,1.00,1.00
2017.09.06 17:29:19.290,0.78641,0.78659,3.00,1.00
2017.09.06 17:29:19.448,0.78641,0.78659,2.62,1.00
2017.09.06 17:29:20.024,0.78642,0.78659,1.00,1.00
2017.09.06 17:29:20.126,0.78646,0.78661,1.00,1.00
2017.09.06 17:29:20.177,0.78644,0.78662,1.50,1.12
2017.09.06 17:29:20.380,0.78646,0.78662,1.00,1.00
2017.09.06 17:29:20.790,0.78644,0.78661,2.25,1.00
2017.09.06 17:29:21.291,0.78643,0.78661,1.12,1.25
2017.09.06 17:29:21.849,0.78642,0.7866,3.00,1.00
2017.09.06 17:29:22.367,0.78642,0.78659,1.50,1.44
2017.09.06 17:29:22.633,0.7864,0.78659,1.50,1.31
2017.09.06 17:29:22.684,0.78639,0.78658,1.12,1.50
2017.09.06 17:29:23.039,0.78637,0.78656,1.00,1.87
2017.09.06 17:29:23.242,0.78637,0.78656,1.00,2.06
2017.09.06 17:29:24.089,0.78637,0.78655,1.00,1.25
2017.09.06 17:29:24.710,0.78637,0.78656,1.00,2.06
2017.09.06 17:29:25.260,0.78637,0.78656,1.00,1.87
2017.09.06 17:29:25.786,0.78637,0.78655,1.00,1.31
2017.09.06 17:29:26.629,0.78637,0.78655,1.00,1.12
2017.09.06 17:29:27.148,0.78637,0.78655,1.00,1.31
2017.09.06 17:29:27.463,0.78633,0.78652,3.00,1.00
2017.09.06 17:29:27.565,0.78633,0.78652,2.25,1.00
2017.09.06 17:29:27.869,0.78635,0.78654,1.25,1.69
2017.09.06 17:29:28.681,0.78634,0.78654,1.50,1.00
2017.09.06 17:29:29.187,0.78635,0.78654,1.69,1.25
2017.09.06 17:29:29.717,0.78637,0.78656,1.00,1.50
2017.09.06 17:29:30.022,0.78635,0.78652,1.37,1.25
2017.09.06 17:29:30.174,0.78633,0.78652,1.50,1.69
2017.09.06 17:29:30.725,0.78633,0.78652,1.00,1.87
2017.09.06 17:29:30.779,0.78637,0.78654,1.00,2.62
2017.09.06 17:29:31.298,0.78637,0.78655,1.00,1.87
2017.09.06 17:29:32.792,0.78636,0.78655,1.12,1.12
2017.09.06 17:29:33.340,0.78637,0.78655,1.00,1.25
2017.09.06 17:29:34.486,0.78636,0.78655,1.12,1.00
2017.09.06 17:29:35.085,0.78637,0.78656,1.25,1.69
2017.09.06 17:29:35.797,0.78636,0.78657,1.87,2.06
2017.09.06 17:29:36.134,0.78637,0.78656,1.00,1.44
2017.09.06 17:29:37.686,0.78636,0.78656,1.12,1.25
2017.09.06 17:29:38.357,0.78637,0.78656,1.00,1.87
2017.09.06 17:29:38.829,0.78635,0.78654,2.62,1.87
2017.09.06 17:29:38.981,0.78634,0.78652,1.31,1.25
2017.09.06 17:29:39.413,0.78634,0.78654,2.62,1.25
2017.09.06 17:29:39.976,0.78635,0.78653,1.00,1.25
2017.09.06 17:29:40.834,0.78635,0.78654,1.00,1.87
2017.09.06 17:29:41.428,0.78637,0.78653,1.00,1.00
2017.09.06 17:29:41.479,0.78634,0.78652,1.87,1.88
2017.09.06 17:29:41.581,0.78633,0.78652,2.25,1.88
2017.09.06 17:29:41.682,0.78631,0.78651,2.00,1.69
2017.09.06 17:29:41.784,0.78631,0.78651,1.31,1.69
2017.09.06 17:29:42.377,0.7863,0.78649,2.44,1.00
2017.09.06 17:29:42.883,0.7863,0.78649,2.44,1.00
2017.09.06 17:29:43.411,0.7863,0.7865,1.50,1.87
2017.09.06 17:29:43.462,0.78634,0.78651,1.12,1.37
2017.09.06 17:29:43.581,0.78634,0.78652,1.00,1.31
2017.09.06 17:29:43.632,0.78636,0.78655,1.00,2.62
2017.09.06 17:29:43.683,0.78636,0.78655,1.00,2.25
2017.09.06 17:29:43.734,0.78638,0.78655,1.00,1.12
2017.09.06 17:29:44.407,0.7864,0.78655,1.00,1.25
2017.09.06 17:29:44.508,0.7864,0.78657,1.00,1.50
2017.09.06 17:29:45.074,0.78639,0.78657,1.12,1.25
2017.09.06 17:29:45.588,0.7864,0.78657,1.00,1.44
2017.09.06 17:29:46.116,0.7864,0.78657,1.00,1.12
2017.09.06 17:29:46.651,0.7864,0.78655,1.00,1.00
2017.09.06 17:29:47.006,0.78638,0.78655,1.00,1.44
2017.09.06 17:29:47.385,0.78638,0.78656,1.00,1.50
2017.09.06 17:29:47.486,0.78637,0.78654,1.87,1.00
2017.09.06 17:29:47.994,0.78636,0.78654,1.00,1.31
2017.09.06 17:29:48.800,0.78635,0.78654,1.50,1.00
2017.09.06 17:29:49.104,0.78634,0.7865,1.00,1.00
2017.09.06 17:29:49.551,0.78635,0.78654,1.00,2.25
2017.09.06 17:29:50.850,0.78635,0.78654,1.12,2.06
2017.09.06 17:29:50.901,0.78635,0.78654,1.12,2.06
2017.09.06 17:29:52.733,0.78635,0.78651,1.12,1.00
2017.09.06 17:29:53.037,0.78637,0.78653,1.00,1.25
2017.09.06 17:29:53.396,0.7864,0.78655,1.00,1.50
2017.09.06 17:29:53.447,0.7864,0.78657,1.00,1.12
2017.09.06 17:29:53.650,0.78642,0.78657,1.00,1.12
2017.09.06 17:29:53.802,0.7864,0.78657,1.12,1.12
2017.09.06 17:29:54.347,0.7864,0.78658,1.00,1.00
2017.09.06 17:29:54.853,0.78641,0.78659,1.00,1.13
2017.09.06 17:29:55.392,0.78639,0.78656,1.37,1.63
2017.09.06 17:29:55.493,0.78638,0.78655,1.00,2.25
2017.09.06 17:29:55.748,0.78636,0.78654,1.00,1.50
2017.09.06 17:29:55.899,0.78636,0.78654,1.00,1.50
2017.09.06 17:29:56.001,0.78636,0.78652,1.00,1.13
2017.09.06 17:29:56.385,0.78634,0.78652,1.00,1.31
2017.09.06 17:29:56.886,0.78634,0.78652,1.00,1.31
2017.09.06 17:29:57.487,0.78633,0.78652,1.87,1.25
2017.09.06 17:29:58.053,0.78634,0.78652,1.00,1.13
2017.09.06 17:29:58.569,0.78633,0.78652,2.62,1.00
2017.09.06 17:30:00.097,0.78637,0.78654,1.00,2.06
2017.09.06 17:30:00.353,0.78637,0.78656,1.00,1.12
2017.09.06 17:30:00.865,0.78636,0.78656,1.87,1.00
2017.09.06 17:30:01.457,0.78637,0.78656,1.00,1.31
2017.09.06 17:30:02.775,0.78636,0.78656,2.62,1.00
2017.09.06 17:30:03.315,0.78637,0.78656,1.00,1.13
2017.09.06 17:30:03.822,0.78641,0.78657,1.00,1.12
2017.09.06 17:30:04.155,0.78647,0.78664,1.00,1.25
2017.09.06 17:30:04.712,0.78647,0.78666,1.00,2.06
2017.09.06 17:30:05.225,0.78648,0.78666,1.00,1.00
2017.09.06 17:30:05.351,0.78651,0.78669,2.06,1.37
2017.09.06 17:30:05.919,0.78651,0.78669,1.12,1.12
2017.09.06 17:30:06.223,0.78653,0.78667,1.00,1.00
2017.09.06 17:30:06.274,0.78649,0.78667,1.12,1.00
2017.09.06 17:30:06.787,0.7865,0.78667,1.00,1.00
2017.09.06 17:30:06.838,0.78652,0.78668,1.00,1.12
2017.09.06 17:30:07.459,0.78652,0.78669,1.00,1.25
2017.09.06 17:30:08.793,0.78651,0.78669,1.87,1.00
2017.09.06 17:30:09.300,0.78652,0.78669,1.00,1.25
2017.09.06 17:30:10.332,0.78652,0.78671,1.00,1.87
2017.09.06 17:30:12.449,0.78652,0.78669,1.00,1.00
2017.09.06 17:30:12.798,0.78654,0.7867,1.00,1.25
2017.09.06 17:30:13.877,0.78654,0.78671,1.00,1.12
2017.09.06 17:30:15.662,0.78654,0.78672,1.50,2.06
2017.09.06 17:30:15.969,0.78655,0.78672,1.50,1.25
2017.09.06 17:30:16.273,0.78654,0.78671,1.87,2.25
2017.09.06 17:30:16.324,0.78653,0.78671,1.12,2.06
2017.09.06 17:30:16.902,0.78652,0.7867,1.12,1.00
2017.09.06 17:30:17.427,0.78653,0.78669,1.00,1.25
2017.09.06 17:30:17.951,0.78654,0.78669,1.00,1.25
2017.09.06 17:30:19.235,0.78652,0.78668,1.50,1.12
2017.09.06 17:30:19.488,0.7865,0.78666,1.50,1.31
2017.09.06 17:30:20.079,0.7865,0.78667,1.00,1.25
2017.09.06 17:30:22.080,0.78649,0.78667,1.50,1.00
2017.09.06 17:30:22.590,0.7865,0.78668,1.00,1.44
2017.09.06 17:30:24.275,0.7865,0.78667,1.00,2.06
2017.09.06 17:30:24.856,0.78651,0.78668,1.31,1.56
2017.09.06 17:30:24.958,0.78653,0.7867,1.50,1.12
2017.09.06 17:30:25.262,0.78656,0.78672,1.00,1.69
2017.09.06 17:30:25.313,0.78654,0.78673,1.37,1.00
2017.09.06 17:30:25.863,0.78654,0.78672,1.50,1.00
2017.09.06 17:30:26.335,0.78654,0.7867,1.50,1.00
2017.09.06 17:30:26.537,0.78654,0.78672,1.50,1.50
2017.09.06 17:30:27.072,0.78657,0.78673,1.00,1.25
2017.09.06 17:30:27.379,0.78654,0.7867,2.25,1.25
2017.09.06 17:30:27.780,0.78656,0.78672,1.00,1.25
2017.09.06 17:30:28.033,0.78655,0.78674,1.12,1.69
2017.09.06 17:30:28.185,0.78656,0.78674,1.00,2.06
2017.09.06 17:30:28.287,0.78654,0.78671,1.00,1.31
2017.09.06 17:30:28.806,0.78652,0.78669,1.12,1.25
2017.09.06 17:30:29.386,0.78651,0.78669,1.12,1.00
2017.09.06 17:30:30.044,0.78652,0.78669,1.00,1.25
2017.09.06 17:30:32.465,0.78652,0.78669,1.00,2.06
2017.09.06 17:30:32.976,0.78652,0.78669,1.00,1.25
2017.09.06 17:30:34.480,0.78652,0.7867,1.00,1.00
2017.09.06 17:30:34.531,0.78654,0.78671,1.00,1.69
2017.09.06 17:30:34.936,0.78652,0.7867,1.87,1.25
2017.09.06 17:30:35.719,0.78652,0.78671,1.00,1.12
2017.09.06 17:30:35.873,0.78654,0.78673,1.00,3.38
2017.09.06 17:30:36.256,0.78651,0.7867,1.75,1.50
2017.09.06 17:30:36.307,0.78651,0.7867,1.00,1.50
2017.09.06 17:30:36.775,0.78653,0.78669,1.00,1.25
2017.09.06 17:30:36.927,0.78655,0.78673,1.00,1.37
2017.09.06 17:30:37.448,0.78654,0.78673,1.50,2.25
2017.09.06 17:30:37.743,0.78656,0.78673,1.00,1.00
2017.09.06 17:30:38.278,0.78656,0.78674,1.00,2.25
2017.09.06 17:30:38.791,0.78655,0.78673,1.12,1.13
2017.09.06 17:30:39.338,0.78656,0.78672,1.00,1.13
2017.09.06 17:30:41.569,0.78655,0.78673,1.87,1.50
2017.09.06 17:30:42.108,0.78656,0.78673,1.00,1.25
2017.09.06 17:30:42.878,0.78656,0.78674,1.00,2.06
2017.09.06 17:30:45.252,0.78655,0.78674,1.87,1.50
2017.09.06 17:30:46.630,0.78656,0.78674,1.00,2.06
2017.09.06 17:30:47.017,0.78656,0.78674,1.37,1.88
2017.09.06 17:30:47.523,0.78656,0.78674,1.00,2.63
2017.09.06 17:30:48.035,0.78655,0.78672,1.12,1.00
2017.09.06 17:30:48.544,0.78655,0.78673,1.12,1.25
2017.09.06 17:30:49.075,0.78656,0.78673,1.00,1.62
2017.09.06 17:30:49.591,0.78656,0.78672,1.00,1.44
2017.09.06 17:30:50.140,0.78655,0.78673,1.12,1.25
2017.09.06 17:30:50.437,0.78657,0.78674,1.00,1.25
2017.09.06 17:30:50.936,0.78655,0.78673,1.50,2.44
2017.09.06 17:30:51.088,0.78652,0.78671,1.87,1.69
2017.09.06 17:30:51.868,0.78653,0.78671,1.12,1.31
2017.09.06 17:30:52.388,0.78652,0.78672,2.62,1.44
2017.09.06 17:30:52.938,0.78653,0.7867,1.12,1.12
2017.09.06 17:30:54.908,0.78653,0.78669,1.12,1.00
2017.09.06 17:30:57.100,0.78653,0.7867,1.12,1.31
2017.09.06 17:30:57.202,0.78656,0.7867,1.00,1.25
2017.09.06 17:30:57.955,0.78656,0.78671,1.00,1.31
2017.09.06 17:30:58.221,0.78654,0.7867,1.00,1.87
2017.09.06 17:30:58.761,0.78653,0.78669,1.00,1.25
2017.09.06 17:30:59.268,0.78653,0.78668,1.00,1.87
2017.09.06 17:30:59.320,0.78653,0.78667,1.00,1.31
2017.09.06 17:30:59.968,0.78653,0.78667,1.00,1.12
2017.09.06 17:31:00.404,0.7865,0.78667,1.00,1.00
2017.09.06 17:31:00.549,0.78652,0.78668,1.00,1.25
2017.09.06 17:31:00.660,0.78652,0.78671,1.50,1.87
2017.09.06 17:31:01.179,0.78652,0.7867,1.00,1.44
2017.09.06 17:31:02.341,0.78652,0.7867,1.00,1.87
2017.09.06 17:31:02.992,0.78652,0.7867,1.00,1.87
2017.09.06 17:31:03.762,0.78652,0.78669,1.00,2.06
2017.09.06 17:31:04.128,0.7865,0.78668,1.00,1.87
2017.09.06 17:31:04.733,0.7865,0.78668,1.00,1.87
2017.09.06 17:31:05.262,0.7865,0.78667,1.00,1.25
2017.09.06 17:31:06.370,0.78649,0.78668,1.87,1.00
2017.09.06 17:31:06.886,0.7865,0.78668,1.00,1.25
2017.09.06 17:31:07.803,0.7865,0.78669,1.00,2.06
2017.09.06 17:31:08.332,0.7865,0.78669,1.00,3.75
2017.09.06 17:31:09.279,0.78649,0.78668,1.87,1.00
2017.09.06 17:31:09.786,0.7865,0.78669,1.00,1.69
2017.09.06 17:31:10.525,0.78654,0.78671,1.00,1.69
2017.09.06 17:31:10.852,0.78656,0.78674,1.00,2.25
2017.09.06 17:31:11.369,0.78656,0.78674,1.00,2.06
2017.09.06 17:31:11.905,0.78655,0.78673,1.87,1.25
2017.09.06 17:31:12.527,0.78656,0.78673,1.00,1.44
2017.09.06 17:31:13.053,0.78656,0.78673,1.00,1.13
2017.09.06 17:31:14.268,0.78655,0.78673,1.87,1.50
2017.09.06 17:31:14.774,0.78656,0.78672,1.00,1.25
2017.09.06 17:31:15.279,0.78655,0.78672,1.00,1.25
2017.09.06 17:31:15.533,0.78653,0.78672,1.50,1.00
2017.09.06 17:31:16.061,0.78653,0.78671,1.50,1.00
2017.09.06 17:31:16.591,0.78653,0.78672,1.50,1.31
2017.09.06 17:31:17.450,0.78655,0.78673,1.00,2.81
2017.09.06 17:31:18.417,0.78655,0.78672,1.00,1.44
2017.09.06 17:31:18.948,0.78655,0.78672,1.00,1.13
2017.09.06 17:31:19.356,0.78655,0.78671,1.00,1.44
2017.09.06 17:31:19.915,0.78655,0.78671,1.00,1.13
2017.09.06 17:31:20.438,0.78655,0.78672,1.00,1.13
2017.09.06 17:31:20.920,0.78655,0.78672,1.00,1.50
2017.09.06 17:31:20.971,0.78653,0.78672,1.87,2.25
2017.09.06 17:31:21.072,0.78653,0.78672,1.87,2.25
2017.09.06 17:31:25.129,0.78653,0.78672,1.12,2.06
2017.09.06 17:31:25.180,0.78653,0.78672,1.12,1.50
2017.09.06 17:31:26.241,0.78653,0.78672,2.25,1.00
2017.09.06 17:31:26.393,0.78653,0.78671,1.87,1.44
2017.09.06 17:31:26.730,0.7866,0.7868,1.00,3.38
2017.09.06 17:31:26.832,0.78663,0.7868,1.00,1.13
2017.09.06 17:31:28.808,0.78663,0.78679,1.00,1.00
2017.09.06 17:31:29.414,0.78662,0.78679,1.12,1.00
2017.09.06 17:31:31.287,0.78662,0.7868,1.12,1.25
2017.09.06 17:31:32.881,0.7866,0.7868,2.06,1.88
2017.09.06 17:31:33.135,0.78662,0.7868,1.00,1.13
2017.09.06 17:31:34.113,0.78661,0.7868,1.87,1.50
2017.09.06 17:31:34.680,0.78662,0.7868,1.00,1.69
2017.09.06 17:31:35.191,0.78661,0.78681,1.50,1.69
2017.09.06 17:31:35.538,0.78666,0.78683,1.31,1.00
2017.09.06 17:31:36.070,0.78665,0.78683,1.50,1.00
2017.09.06 17:31:37.939,0.78664,0.78683,1.87,1.00
2017.09.06 17:31:38.473,0.78665,0.78683,1.50,1.00
2017.09.06 17:31:38.981,0.78665,0.78682,1.50,1.00
2017.09.06 17:31:40.198,0.78662,0.78679,1.00,1.88
2017.09.06 17:31:41.507,0.78662,0.78678,1.00,1.13
2017.09.06 17:31:42.876,0.7866,0.78678,2.25,1.88
2017.09.06 17:31:46.373,0.78659,0.78678,1.87,1.50
2017.09.06 17:31:46.923,0.7866,0.78678,1.25,1.88
2017.09.06 17:31:47.657,0.7866,0.78677,1.00,1.00
2017.09.06 17:31:49.149,0.7866,0.78678,1.00,1.69
2017.09.06 17:31:49.659,0.78658,0.78677,3.56,1.69
2017.09.06 17:31:50.358,0.78657,0.78676,2.06,1.88
2017.09.06 17:31:50.460,0.78657,0.78673,1.12,1.00
2017.09.06 17:31:50.511,0.78657,0.78675,1.12,1.69
2017.09.06 17:31:51.935,0.78657,0.78675,1.12,1.87
2017.09.06 17:31:52.439,0.78656,0.78675,3.00,1.69
2017.09.06 17:31:55.116,0.78655,0.78675,1.31,2.81
2017.09.06 17:31:56.211,0.78657,0.78675,1.25,1.12
2017.09.06 17:31:56.363,0.78659,0.78677,1.00,1.00
2017.09.06 17:31:56.977,0.78659,0.78678,1.00,1.12
2017.09.06 17:31:58.112,0.78659,0.78678,2.25,1.12
2017.09.06 17:32:00.376,0.7866,0.78679,1.50,2.06
2017.09.06 17:32:01.239,0.78659,0.78677,1.00,1.50
2017.09.06 17:32:01.816,0.7866,0.78677,1.00,1.13
2017.09.06 17:32:02.851,0.78657,0.78677,2.25,1.00
2017.09.06 17:32:03.357,0.78658,0.78677,1.00,1.25
2017.09.06 17:32:03.458,0.7866,0.78678,1.00,1.87
2017.09.06 17:32:04.005,0.78659,0.78678,1.50,1.25
2017.09.06 17:32:04.564,0.7866,0.78678,1.00,1.69
2017.09.06 17:32:05.308,0.7866,0.78674,1.00,1.00
2017.09.06 17:32:05.613,0.78652,0.78668,3.94,1.00
2017.09.06 17:32:05.663,0.78653,0.78668,1.00,1.00
2017.09.06 17:32:06.607,0.78652,0.78668,1.50,1.00
2017.09.06 17:32:07.291,0.78652,0.78668,2.62,1.00
2017.09.06 17:32:07.342,0.78655,0.7867,1.00,1.00
2017.09.06 17:32:07.443,0.78655,0.78672,2.44,1.00
2017.09.06 17:32:08.012,0.78656,0.78672,1.25,1.00
2017.09.06 17:32:08.867,0.78656,0.78671,1.25,1.00
2017.09.06 17:32:09.225,0.78653,0.78669,2.81,1.00
2017.09.06 17:32:09.276,0.78652,0.78669,2.81,1.00
2017.09.06 17:32:11.543,0.78652,0.7867,1.00,1.50
2017.09.06 17:32:12.643,0.78651,0.7867,2.25,1.00
2017.09.06 17:32:13.327,0.78652,0.7867,1.00,1.50
2017.09.06 17:32:14.888,0.78651,0.7867,1.12,1.00
2017.09.06 17:32:15.403,0.78651,0.7867,1.69,1.50
2017.09.06 17:32:16.313,0.7865,0.7867,3.19,1.00
2017.09.06 17:32:16.861,0.78651,0.7867,1.62,1.50
2017.09.06 17:32:17.357,0.78652,0.78668,1.50,1.00
2017.09.06 17:32:17.662,0.78647,0.78664,1.12,1.00
2017.09.06 17:32:18.174,0.78646,0.78664,1.00,1.00
2017.09.06 17:32:18.336,0.78644,0.78662,4.69,1.00
2017.09.06 17:32:18.640,0.78645,0.78662,1.50,1.00
2017.09.06 17:32:19.332,0.78645,0.78663,2.44,1.00
2017.09.06 17:32:19.592,0.78646,0.78665,1.25,1.12
2017.09.06 17:32:23.416,0.78647,0.78666,1.25,1.69
2017.09.06 17:32:23.568,0.78649,0.78668,1.00,2.44
2017.09.06 17:32:23.619,0.78651,0.78669,1.00,1.12
2017.09.06 17:32:24.149,0.78652,0.78669,1.00,1.25
2017.09.06 17:32:24.690,0.78652,0.7867,1.00,1.25
2017.09.06 17:32:25.279,0.78652,0.78671,1.00,1.69
2017.09.06 17:32:25.330,0.78652,0.78669,1.00,1.00
2017.09.06 17:32:25.963,0.78652,0.7867,1.00,1.12
2017.09.06 17:32:26.200,0.7865,0.78669,1.25,1.69
2017.09.06 17:32:26.302,0.78652,0.78671,1.00,2.44
2017.09.06 17:32:26.642,0.78652,0.78669,1.50,1.00
2017.09.06 17:32:28.737,0.78651,0.78667,1.00,1.00
2017.09.06 17:32:29.447,0.78649,0.78665,2.25,1.00
2017.09.06 17:32:29.954,0.78649,0.78666,1.50,1.00
2017.09.06 17:32:30.473,0.7865,0.78667,1.00,1.00
2017.09.06 17:32:31.277,0.78649,0.78667,2.25,1.00
2017.09.06 17:32:31.784,0.78649,0.78666,2.25,1.00
2017.09.06 17:32:32.263,0.7865,0.78668,1.25,1.00
2017.09.06 17:32:32.769,0.78651,0.78669,1.00,1.12
2017.09.06 17:32:33.327,0.78651,0.78668,1.25,1.00
2017.09.06 17:32:35.193,0.78652,0.7867,1.00,1.50
2017.09.06 17:32:35.351,0.78652,0.78671,1.69,1.50
2017.09.06 17:32:36.314,0.78652,0.7867,1.00,1.00
2017.09.06 17:32:38.286,0.78651,0.7867,1.87,1.00
2017.09.06 17:32:39.346,0.78652,0.7867,1.00,1.25
2017.09.06 17:32:40.287,0.78651,0.78669,1.31,1.00
2017.09.06 17:32:41.997,0.7865,0.78669,2.63,1.50
2017.09.06 17:32:42.534,0.78651,0.7867,1.00,1.12
2017.09.06 17:32:43.058,0.78651,0.78669,1.25,1.00
2017.09.06 17:32:43.593,0.78652,0.78669,1.25,1.00
2017.09.06 17:32:44.473,0.78649,0.78667,2.06,1.00
2017.09.06 17:32:47.777,0.78648,0.78667,1.87,1.87
2017.09.06 17:32:50.543,0.78648,0.78666,1.00,1.00
2017.09.06 17:32:51.183,0.78648,0.78665,1.25,1.00
2017.09.06 17:32:52.334,0.78648,0.78666,1.00,1.00
2017.09.06 17:32:52.913,0.78648,0.78665,1.25,1.00
2017.09.06 17:32:53.798,0.78644,0.78661,1.12,1.00
2017.09.06 17:32:56.143,0.78644,0.78662,1.00,1.12
2017.09.06 17:32:56.694,0.78644,0.78661,1.00,1.00
2017.09.06 17:32:57.404,0.78644,0.78662,1.00,1.87
2017.09.06 17:32:57.802,0.78645,0.78664,2.63,3.56
2017.09.06 17:32:58.148,0.78649,0.78668,1.00,1.50
2017.09.06 17:32:58.249,0.78647,0.78666,1.37,1.50
2017.09.06 17:32:58.782,0.78647,0.78665,1.69,1.00
2017.09.06 17:33:00.185,0.78649,0.78665,1.25,1.00
2017.09.06 17:33:00.707,0.78648,0.78665,1.00,1.00
2017.09.06 17:33:01.220,0.78647,0.78666,1.25,1.87
2017.09.06 17:33:01.765,0.78647,0.78665,1.50,1.00
2017.09.06 17:33:02.266,0.78649,0.78665,1.25,1.00
2017.09.06 17:33:05.800,0.78649,0.78668,1.25,3.00
2017.09.06 17:33:05.961,0.78649,0.78668,1.25,2.25
2017.09.06 17:33:06.509,0.78648,0.78667,2.62,1.25
2017.09.06 17:33:07.342,0.78648,0.78666,1.69,1.00
2017.09.06 17:33:07.443,0.78649,0.78668,1.00,3.19
2017.09.06 17:33:08.356,0.78649,0.78668,1.69,2.63
2017.09.06 17:33:08.917,0.78649,0.78667,1.00,1.00
2017.09.06 17:33:09.442,0.7865,0.78667,1.00,1.25
2017.09.06 17:33:10.562,0.78647,0.78666,3.37,1.00
2017.09.06 17:33:12.616,0.78648,0.78666,1.50,1.44
2017.09.06 17:33:13.156,0.78646,0.78664,1.50,1.25
2017.09.06 17:33:13.668,0.78645,0.78664,1.31,1.69
2017.09.06 17:33:14.967,0.78645,0.78664,1.31,2.63
2017.09.06 17:33:15.068,0.78644,0.78661,1.31,1.50
2017.09.06 17:33:15.372,0.78643,0.78659,1.31,1.50
2017.09.06 17:33:17.146,0.78642,0.78659,1.31,1.50
2017.09.06 17:33:17.838,0.78642,0.78658,1.50,1.00
2017.09.06 17:33:18.387,0.78642,0.78659,2.25,1.00
2017.09.06 17:33:19.037,0.78642,0.78658,2.06,1.00
2017.09.06 17:33:19.568,0.78643,0.78659,1.12,1.00
2017.09.06 17:33:20.108,0.78642,0.78659,2.25,1.00
2017.09.06 17:33:21.138,0.78642,0.78659,1.69,1.00
2017.09.06 17:33:21.718,0.78641,0.78659,2.81,1.00
2017.09.06 17:33:22.176,0.78646,0.78661,1.31,1.00
2017.09.06 17:33:22.480,0.78648,0.78663,1.00,1.00
2017.09.06 17:33:23.204,0.78648,0.78664,1.00,1.00
2017.09.06 17:33:24.159,0.78647,0.78664,1.50,1.00
2017.09.06 17:33:24.463,0.78646,0.78661,1.12,1.00
2017.09.06 17:33:25.617,0.78645,0.78661,1.31,1.00
2017.09.06 17:33:26.125,0.78646,0.78661,1.50,1.00
2017.09.06 17:33:26.472,0.78643,0.7866,2.44,1.00
2017.09.06 17:33:26.877,0.78641,0.78659,2.44,1.00
2017.09.06 17:33:27.400,0.78641,0.78659,1.00,1.00
2017.09.06 17:33:27.903,0.7864,0.78658,1.87,1.00
2017.09.06 17:33:28.626,0.78641,0.78658,1.00,1.00
2017.09.06 17:33:29.744,0.7864,0.78658,1.87,1.50
2017.09.06 17:33:29.795,0.78641,0.78656,1.00,1.00
2017.09.06 17:33:30.345,0.78641,0.78657,1.00,1.00
2017.09.06 17:33:30.895,0.7864,0.78657,1.00,1.00
2017.09.06 17:33:31.795,0.78639,0.78656,2.62,1.00
2017.09.06 17:33:32.098,0.78638,0.78654,2.25,1.00
2017.09.06 17:33:32.503,0.78636,0.78654,1.69,1.00
2017.09.06 17:33:33.015,0.78636,0.78654,3.56,1.00
2017.09.06 17:33:33.561,0.78639,0.78656,1.31,1.00
2017.09.06 17:33:33.752,0.78641,0.78658,1.00,1.00
2017.09.06 17:33:33.804,0.78638,0.78658,3.75,1.50
2017.09.06 17:33:33.854,0.78638,0.78653,1.12,1.00
2017.09.06 17:33:33.956,0.78637,0.78653,1.50,1.00
2017.09.06 17:33:34.160,0.78638,0.78655,1.31,1.50
2017.09.06 17:33:35.168,0.78638,0.78656,2.06,1.00
2017.09.06 17:33:36.490,0.78637,0.78654,2.81,1.00
2017.09.06 17:33:37.185,0.78637,0.78653,1.12,1.00
2017.09.06 17:33:37.829,0.78635,0.78652,2.44,1.00
2017.09.06 17:33:38.994,0.78634,0.78652,1.50,1.00
2017.09.06 17:33:39.629,0.78635,0.78652,1.00,1.00
2017.09.06 17:33:40.232,0.78635,0.78651,1.00,1.00
2017.09.06 17:33:40.885,0.78634,0.78651,1.50,1.00
2017.09.06 17:33:41.418,0.78633,0.7865,3.00,1.00
2017.09.06 17:33:42.712,0.78633,0.78651,3.75,1.00
2017.09.06 17:33:43.711,0.78633,0.78651,2.25,1.00
2017.09.06 17:33:44.219,0.78634,0.78651,1.31,1.00
2017.09.06 17:33:44.570,0.78638,0.78654,1.12,1.12
2017.09.06 17:33:44.874,0.78635,0.78652,2.44,1.00
2017.09.06 17:33:45.178,0.78638,0.78654,1.00,1.00
2017.09.06 17:33:45.484,0.78636,0.78652,2.06,1.00
2017.09.06 17:33:45.585,0.78636,0.78654,2.81,1.00
2017.09.06 17:33:46.169,0.78636,0.78654,1.12,1.00
2017.09.06 17:33:46.718,0.78636,0.78653,1.87,1.00
2017.09.06 17:33:47.535,0.78636,0.78652,1.87,1.00
2017.09.06 17:33:47.741,0.78639,0.78655,1.00,1.00
2017.09.06 17:33:47.792,0.78636,0.78653,1.25,1.00
2017.09.06 17:33:48.301,0.78635,0.78653,3.00,1.00
2017.09.06 17:33:48.852,0.78636,0.78652,1.00,1.00
2017.09.06 17:33:49.393,0.78635,0.78652,1.87,1.00
2017.09.06 17:33:50.375,0.78636,0.78651,1.00,1.00
2017.09.06 17:33:50.426,0.78637,0.78655,1.25,2.25
2017.09.06 17:33:50.478,0.78639,0.78653,1.00,1.00
2017.09.06 17:33:50.580,0.78636,0.78652,2.62,1.00
2017.09.06 17:33:50.631,0.78636,0.78652,1.87,1.00
2017.09.06 17:33:50.783,0.78636,0.78651,1.00,1.00
2017.09.06 17:33:51.557,0.78635,0.78651,1.12,1.00
2017.09.06 17:33:52.063,0.78636,0.7865,1.00,1.00
2017.09.06 17:33:56.030,0.78635,0.7865,1.12,1.00
2017.09.06 17:33:56.538,0.78636,0.7865,1.00,1.00
2017.09.06 17:33:57.366,0.78635,0.7865,1.12,1.00
2017.09.06 17:33:57.923,0.78636,0.7865,1.00,1.00
2017.09.06 17:33:59.070,0.78636,0.78651,1.00,1.00
2017.09.06 17:34:01.163,0.78635,0.78651,1.12,1.00
2017.09.06 17:34:01.732,0.78636,0.78651,1.00,1.00
2017.09.06 17:34:02.927,0.78636,0.7865,1.00,1.00
2017.09.06 17:34:03.234,0.78638,0.78653,1.00,1.00
2017.09.06 17:34:03.315,0.78638,0.78655,1.00,1.00
2017.09.06 17:34:03.366,0.78637,0.78653,1.00,1.00
2017.09.06 17:34:04.125,0.78636,0.78653,2.81,1.00
2017.09.06 17:34:04.614,0.78637,0.78652,1.31,1.00
2017.09.06 17:34:04.817,0.78636,0.78652,1.25,1.00
2017.09.06 17:34:05.584,0.78635,0.78652,1.25,1.00
2017.09.06 17:34:06.302,0.78635,0.78653,1.00,3.37
2017.09.06 17:34:06.807,0.78635,0.78652,1.50,1.00
2017.09.06 17:34:08.230,0.78634,0.78652,1.12,1.00
2017.09.06 17:34:08.786,0.78634,0.78651,2.62,1.00
2017.09.06 17:34:09.676,0.78634,0.78652,2.62,1.00
2017.09.06 17:34:10.053,0.78637,0.78654,1.31,2.25
2017.09.06 17:34:10.560,0.78637,0.78654,1.50,1.00
2017.09.06 17:34:11.249,0.78637,0.78653,1.00,1.00
2017.09.06 17:34:12.271,0.78636,0.78653,2.44,1.00
2017.09.06 17:34:12.886,0.78637,0.78653,1.50,1.00
2017.09.06 17:34:13.396,0.78638,0.78653,1.12,1.00
2017.09.06 17:34:13.938,0.78638,0.78654,1.12,1.00
2017.09.06 17:34:15.773,0.78638,0.78655,1.87,1.00
2017.09.06 17:34:16.949,0.78639,0.78655,1.00,1.00
2017.09.06 17:34:18.008,0.78638,0.78655,2.62,1.00
2017.09.06 17:34:20.825,0.78639,0.78656,1.50,1.00
2017.09.06 17:34:21.340,0.7864,0.78655,1.12,1.00
2017.09.06 17:34:23.711,0.78639,0.78655,1.00,1.00
2017.09.06 17:34:25.475,0.78638,0.78655,2.62,1.00
2017.09.06 17:34:26.008,0.78639,0.78655,1.00,1.00
2017.09.06 17:34:27.199,0.78638,0.78655,2.25,1.00
2017.09.06 17:34:27.711,0.78639,0.78655,1.00,1.00
2017.09.06 17:34:28.221,0.78639,0.78656,2.44,1.00
2017.09.06 17:34:29.207,0.78639,0.78655,1.00,1.00
2017.09.06 17:34:29.729,0.78638,0.78655,2.44,1.00
2017.09.06 17:34:30.237,0.78639,0.78655,1.00,1.00
2017.09.06 17:34:30.743,0.78638,0.78655,2.25,1.00
2017.09.06 17:34:31.269,0.78639,0.78656,1.00,1.00
2017.09.06 17:34:32.993,0.78639,0.78655,1.50,1.00
2017.09.06 17:34:34.218,0.78639,0.78656,2.44,1.00
2017.09.06 17:34:36.345,0.78641,0.78657,1.00,1.00
2017.09.06 17:34:36.757,0.78641,0.78659,1.00,1.00
2017.09.06 17:34:36.858,0.78644,0.7866,1.00,1.00
2017.09.06 17:34:37.177,0.78637,0.78652,2.62,1.00
2017.09.06 17:34:37.683,0.78637,0.78652,1.00,1.00
2017.09.06 17:34:37.785,0.78637,0.78654,1.00,1.00
2017.09.06 17:34:37.836,0.78637,0.78652,1.00,1.00
2017.09.06 17:34:41.057,0.78638,0.78653,1.00,1.00
2017.09.06 17:34:43.603,0.78638,0.78652,1.12,1.00
2017.09.06 17:34:45.207,0.78637,0.78652,1.00,1.00
2017.09.06 17:34:46.916,0.78637,0.78653,1.50,1.00
2017.09.06 17:34:49.193,0.78637,0.78653,2.06,1.00
2017.09.06 17:34:49.739,0.78637,0.78653,1.87,1.00
2017.09.06 17:34:53.214,0.78637,0.78654,1.87,1.00
2017.09.06 17:34:56.580,0.78637,0.78652,1.87,1.00
2017.09.06 17:34:59.705,0.78637,0.78654,2.25,1.00
2017.09.06 17:34:59.756,0.78637,0.78657,1.69,1.50
2017.09.06 17:35:00.059,0.78637,0.78656,2.62,1.00
2017.09.06 17:35:00.197,0.78637,0.78657,1.69,1.50
2017.09.06 17:35:00.249,0.78637,0.78656,2.62,1.00
2017.09.06 17:35:00.452,0.78637,0.78657,1.69,1.50
2017.09.06 17:35:00.502,0.78637,0.78656,2.63,1.00
2017.09.06 17:35:00.654,0.78639,0.78658,1.25,1.50
2017.09.06 17:35:01.592,0.78638,0.78659,2.06,1.87
2017.09.06 17:35:01.643,0.78639,0.78657,1.44,1.00
2017.09.06 17:35:02.194,0.78639,0.78657,1.00,1.00
2017.09.06 17:35:02.650,0.78638,0.78654,1.12,1.12
2017.09.06 17:35:02.752,0.78635,0.78655,2.62,1.31
2017.09.06 17:35:02.803,0.78637,0.78655,1.69,1.25
2017.09.06 17:35:03.109,0.78639,0.78659,2.63,1.50
2017.09.06 17:35:03.629,0.7864,0.78659,1.25,1.31
2017.09.06 17:35:05.128,0.78639,0.78658,2.06,1.87
2017.09.06 17:35:05.432,0.78639,0.78656,1.00,1.31
2017.09.06 17:35:05.704,0.78637,0.78656,1.87,1.87
2017.09.06 17:35:05.755,0.78637,0.78654,1.87,1.00
2017.09.06 17:35:06.303,0.78636,0.78653,1.00,1.00
2017.09.06 17:35:06.810,0.78637,0.78653,1.00,1.00
2017.09.06 17:35:07.313,0.78634,0.78652,1.31,1.00
2017.09.06 17:35:08.155,0.78633,0.78652,1.31,1.00
2017.09.06 17:35:08.687,0.78634,0.78653,1.25,1.69
2017.09.06 17:35:09.611,0.78632,0.78651,1.69,1.00
2017.09.06 17:35:10.137,0.78632,0.7865,1.31,1.00
2017.09.06 17:35:10.939,0.78631,0.7865,2.62,1.00
2017.09.06 17:35:12.123,0.78631,0.78651,1.25,2.25
2017.09.06 17:35:12.640,0.78631,0.7865,1.87,1.12
2017.09.06 17:35:13.272,0.78631,0.7865,1.25,1.87
2017.09.06 17:35:14.107,0.7863,0.7865,1.69,1.87
2017.09.06 17:35:15.000,0.78631,0.7865,1.25,2.06
2017.09.06 17:35:16.324,0.7863,0.7865,1.69,1.12
2017.09.06 17:35:17.188,0.78631,0.7865,1.25,2.06
2017.09.06 17:35:18.076,0.78631,0.78649,1.25,1.00
2017.09.06 17:35:18.905,0.7863,0.78649,1.00,1.00
2017.09.06 17:35:19.675,0.78631,0.7865,1.25,2.06
2017.09.06 17:35:19.979,0.78636,0.78655,1.25,3.37
2017.09.06 17:35:20.031,0.78636,0.78655,1.25,3.00
2017.09.06 17:35:20.901,0.78635,0.78655,1.69,2.25
2017.09.06 17:35:21.407,0.78636,0.78655,1.69,2.25
2017.09.06 17:35:23.326,0.78636,0.78654,1.00,1.00
2017.09.06 17:35:23.827,0.78635,0.78654,1.25,1.00
2017.09.06 17:35:24.329,0.78636,0.78655,1.25,3.19
2017.09.06 17:35:27.573,0.78635,0.78654,1.00,1.00
2017.09.06 17:35:27.625,0.78634,0.78653,1.50,1.31
2017.09.06 17:35:27.828,0.78632,0.78651,1.00,1.13
2017.09.06 17:35:28.334,0.78631,0.7865,3.00,1.25
2017.09.06 17:35:29.319,0.78631,0.78651,1.87,1.50
2017.09.06 17:35:29.832,0.78631,0.7865,3.00,1.00
2017.09.06 17:35:30.469,0.78631,0.78651,1.87,1.50
2017.09.06 17:35:31.250,0.78631,0.7865,3.00,1.00
2017.09.06 17:35:34.139,0.78628,0.78646,3.19,1.00
2017.09.06 17:35:34.342,0.78628,0.78646,1.25,1.00
2017.09.06 17:35:35.195,0.78628,0.78648,1.69,3.56
2017.09.06 17:35:36.695,0.78629,0.78648,1.00,1.69
2017.09.06 17:35:37.514,0.78631,0.78649,1.00,1.87
2017.09.06 17:35:37.818,0.78629,0.78647,1.00,1.00
2017.09.06 17:35:38.358,0.78628,0.78647,3.56,1.00
2017.09.06 17:35:38.917,0.78629,0.78647,1.00,1.00
2017.09.06 17:35:47.733,0.7863,0.78649,1.00,1.50
2017.09.06 17:35:48.270,0.7863,0.78649,1.31,1.00
2017.09.06 17:35:48.776,0.7863,0.7865,1.31,2.03
2017.09.06 17:35:49.282,0.7863,0.7865,1.69,2.59
2017.09.06 17:35:49.799,0.7863,0.78649,1.31,1.21
2017.09.06 17:35:51.019,0.78632,0.78651,1.69,1.87
2017.09.06 17:35:51.350,0.78627,0.78646,3.56,1.00
2017.09.06 17:35:51.452,0.78627,0.78646,3.00,1.00
2017.09.06 17:35:53.576,0.78627,0.78647,1.50,1.12
2017.09.06 17:35:53.627,0.78629,0.78646,1.00,1.00
2017.09.06 17:35:54.128,0.78629,0.78647,1.00,1.12
2017.09.06 17:35:54.642,0.78629,0.78646,1.25,1.00
2017.09.06 17:35:55.319,0.7863,0.78646,1.25,1.00
2017.09.06 17:35:55.470,0.7863,0.78648,1.25,1.25
2017.09.06 17:35:56.087,0.7863,0.78649,1.00,1.87
2017.09.06 17:35:56.629,0.78629,0.78648,1.69,1.00
2017.09.06 17:35:58.770,0.7863,0.78648,1.00,1.00
2017.09.06 17:35:59.969,0.78631,0.78648,1.31,1.00
2017.09.06 17:36:00.483,0.78631,0.78648,1.50,1.00
2017.09.06 17:36:01.253,0.78631,0.78648,1.31,1.00
2017.09.06 17:36:01.773,0.78629,0.78648,3.19,1.00
2017.09.06 17:36:05.034,0.78633,0.78648,1.00,1.00
2017.09.06 17:36:05.086,0.78631,0.78648,1.12,1.00
2017.09.06 17:36:05.188,0.7863,0.78646,1.37,1.00
2017.09.06 17:36:05.289,0.78628,0.78647,1.00,1.12
2017.09.06 17:36:05.757,0.7863,0.78647,1.00,1.00
2017.09.06 17:36:06.010,0.78631,0.7865,1.25,1.69
2017.09.06 17:36:06.112,0.78631,0.78647,1.00,1.25
2017.09.06 17:36:06.258,0.78628,0.78647,1.50,1.69
2017.09.06 17:36:06.782,0.78629,0.78648,1.00,1.00
2017.09.06 17:36:07.323,0.78628,0.78647,1.50,1.00
2017.09.06 17:36:07.375,0.78626,0.78645,2.81,1.00
2017.09.06 17:36:07.477,0.78625,0.78644,1.50,1.00
2017.09.06 17:36:07.942,0.78627,0.78646,1.00,3.37
2017.09.06 17:36:08.251,0.78626,0.78644,1.00,1.00
2017.09.06 17:36:08.757,0.78624,0.78643,2.62,1.00
2017.09.06 17:36:09.392,0.78626,0.78644,1.00,1.31
2017.09.06 17:36:09.898,0.78626,0.78645,1.44,2.44
2017.09.06 17:36:10.248,0.78625,0.78645,1.12,1.00
2017.09.06 17:36:10.695,0.78627,0.78645,1.00,1.31
2017.09.06 17:36:10.999,0.78631,0.78645,1.00,1.31
2017.09.06 17:36:11.051,0.78631,0.7865,1.12,1.00
2017.09.06 17:36:11.912,0.78632,0.7865,1.00,1.12
2017.09.06 17:36:12.042,0.78629,0.78647,1.50,1.69
2017.09.06 17:36:12.144,0.78629,0.78647,1.00,1.69
2017.09.06 17:36:12.760,0.78629,0.78648,1.00,1.00
2017.09.06 17:36:14.250,0.78628,0.78648,2.44,1.69
2017.09.06 17:36:14.866,0.78628,0.78647,2.06,1.00
2017.09.06 17:36:18.257,0.78628,0.78648,1.12,1.50
2017.09.06 17:36:20.390,0.78629,0.78648,1.00,1.87
2017.09.06 17:36:21.130,0.7863,0.78648,1.50,1.00
2017.09.06 17:36:21.281,0.78627,0.78646,1.37,2.25
2017.09.06 17:36:21.585,0.78623,0.78642,1.87,1.00
2017.09.06 17:36:22.468,0.78623,0.78643,1.25,1.12
2017.09.06 17:36:23.021,0.78623,0.78642,2.06,1.00
2017.09.06 17:36:24.447,0.78624,0.78642,1.44,1.00
2017.09.06 17:36:27.188,0.78625,0.78643,1.00,1.12
2017.09.06 17:36:27.691,0.78625,0.78642,1.31,1.00
2017.09.06 17:36:28.269,0.78624,0.78642,1.12,1.00
2017.09.06 17:36:28.846,0.78623,0.78643,1.25,1.12
2017.09.06 17:36:29.183,0.78623,0.78641,1.00,1.00
2017.09.06 17:36:29.487,0.78621,0.78639,1.13,1.00
2017.09.06 17:36:34.108,0.78623,0.78641,1.88,1.50
2017.09.06 17:36:34.260,0.78622,0.78641,1.13,1.87
2017.09.06 17:36:35.098,0.78622,0.78641,1.44,1.50
2017.09.06 17:36:35.616,0.78622,0.78641,1.25,1.50
2017.09.06 17:36:36.620,0.78622,0.7864,1.25,1.00
2017.09.06 17:36:37.219,0.78622,0.78641,1.00,2.25
2017.09.06 17:36:37.734,0.78621,0.78641,1.12,2.25
2017.09.06 17:36:38.235,0.78622,0.7864,1.00,1.25
2017.09.06 17:36:38.881,0.78621,0.7864,1.50,1.25
2017.09.06 17:36:39.648,0.78621,0.78641,1.12,2.44
2017.09.06 17:36:40.150,0.78621,0.7864,1.31,1.25
2017.09.06 17:36:48.256,0.78622,0.7864,1.00,1.69
2017.09.06 17:36:49.445,0.78621,0.7864,1.50,1.50
2017.09.06 17:36:49.985,0.78621,0.7864,1.50,1.50
2017.09.06 17:36:50.220,0.78623,0.78642,1.25,1.87
2017.09.06 17:36:50.372,0.78625,0.78644,1.25,3.56
2017.09.06 17:36:50.721,0.78631,0.78651,2.25,1.12
2017.09.06 17:36:51.361,0.78631,0.78651,2.06,1.00
2017.09.06 17:36:51.486,0.78631,0.78652,1.12,3.37
2017.09.06 17:36:51.989,0.78632,0.78651,1.50,1.00
2017.09.06 17:36:52.687,0.78632,0.78652,1.00,3.37
2017.09.06 17:36:52.738,0.78631,0.7865,1.37,1.25
2017.09.06 17:36:53.454,0.7863,0.7865,2.44,1.00
2017.09.06 17:36:54.230,0.78631,0.7865,1.56,1.00
2017.09.06 17:36:59.525,0.78632,0.78651,1.50,1.12
2017.09.06 17:37:00.486,0.78632,0.78651,1.31,1.31
2017.09.06 17:37:02.410,0.78632,0.78651,1.13,1.69
2017.09.06 17:37:03.378,0.78633,0.78651,1.31,1.00
2017.09.06 17:37:03.884,0.78634,0.78653,1.13,1.87
2017.09.06 17:37:04.443,0.78633,0.78653,1.88,1.12
2017.09.06 17:37:05.237,0.78634,0.78653,1.25,1.12
2017.09.06 17:37:05.440,0.78632,0.78651,3.19,1.00
2017.09.06 17:37:06.111,0.78632,0.78652,1.25,1.12
2017.09.06 17:37:06.480,0.78634,0.78651,1.12,1.00
2017.09.06 17:37:06.808,0.7864,0.78651,1.50,1.00
2017.09.06 17:37:06.961,0.78637,0.78651,1.69,1.00
2017.09.06 17:37:07.508,0.78639,0.78651,1.50,1.00
2017.09.06 17:37:08.521,0.78639,0.78657,1.88,1.00
2017.09.06 17:37:12.201,0.7864,0.78657,1.00,1.00
2017.09.06 17:37:12.706,0.78639,0.78657,1.13,1.00
2017.09.06 17:37:13.237,0.78638,0.78656,1.50,1.87
2017.09.06 17:37:14.280,0.78636,0.78654,1.87,1.00
2017.09.06 17:37:14.721,0.78638,0.78656,1.44,1.12
2017.09.06 17:37:15.262,0.78639,0.78658,1.00,2.81
2017.09.06 17:37:16.552,0.78639,0.78659,1.00,1.50
2017.09.06 17:37:17.097,0.7864,0.78658,1.25,1.00
2017.09.06 17:37:20.287,0.7864,0.78659,1.00,1.50
2017.09.06 17:37:20.851,0.7864,0.78658,1.69,1.00
2017.09.06 17:37:25.837,0.78644,0.7866,1.00,1.50
2017.09.06 17:37:25.989,0.78643,0.78662,1.00,1.87
2017.09.06 17:37:26.091,0.78642,0.78657,1.00,1.00
2017.09.06 17:37:26.293,0.78635,0.78653,1.00,1.25
2017.09.06 17:37:26.800,0.78635,0.78654,2.06,1.25
2017.09.06 17:37:27.654,0.78635,0.78654,1.38,1.69
2017.09.06 17:37:28.168,0.78635,0.78655,1.13,2.25
2017.09.06 17:37:28.313,0.78638,0.78656,1.13,1.25
2017.09.06 17:37:28.617,0.78636,0.78655,1.50,2.06
2017.09.06 17:37:29.205,0.78634,0.78654,3.75,2.25
2017.09.06 17:37:29.712,0.78636,0.78654,1.00,1.25
2017.09.06 17:37:29.864,0.78633,0.78652,1.12,1.13
2017.09.06 17:37:30.068,0.78635,0.78654,1.25,2.62
2017.09.06 17:37:31.910,0.78634,0.78654,1.69,1.12
2017.09.06 17:37:32.421,0.78633,0.78653,3.19,1.69
2017.09.06 17:37:32.979,0.78633,0.78653,2.25,1.00
2017.09.06 17:37:34.020,0.78633,0.78653,3.19,1.69
2017.09.06 17:37:34.578,0.78633,0.78652,2.06,1.00
2017.09.06 17:37:35.099,0.78635,0.78654,1.00,2.62
2017.09.06 17:37:35.438,0.78637,0.78655,1.69,1.50
2017.09.06 17:37:35.540,0.78637,0.78656,2.44,1.25
2017.09.06 17:37:36.080,0.78637,0.78656,3.00,1.00
2017.09.06 17:37:36.585,0.78639,0.78658,1.00,3.00
2017.09.06 17:37:36.721,0.78641,0.78658,1.00,1.12
2017.09.06 17:37:37.043,0.78639,0.78658,1.00,1.87
2017.09.06 17:37:37.866,0.78638,0.78658,1.12,1.00
2017.09.06 17:37:38.379,0.78639,0.78658,1.00,1.69
2017.09.06 17:37:38.911,0.78637,0.78656,1.69,1.25
2017.09.06 17:37:39.063,0.78636,0.78656,3.75,1.00
2017.09.06 17:37:39.568,0.78637,0.78656,1.88,1.25
2017.09.06 17:37:39.885,0.78639,0.78657,1.00,1.25
2017.09.06 17:37:40.633,0.78639,0.78658,1.00,1.87
2017.09.06 17:37:41.145,0.7864,0.78658,1.00,1.25
2017.09.06 17:37:41.497,0.78642,0.78659,1.00,1.12
2017.09.06 17:37:41.800,0.78639,0.78657,1.37,1.25
2017.09.06 17:37:42.317,0.78639,0.78657,1.00,1.25
2017.09.06 17:37:42.638,0.7864,0.7866,1.50,1.37
2017.09.06 17:37:43.046,0.78642,0.7866,1.00,1.31
2017.09.06 17:37:43.454,0.78645,0.78661,1.00,1.87
2017.09.06 17:37:43.505,0.78642,0.7866,1.12,1.56
2017.09.06 17:37:43.756,0.78639,0.78657,1.19,1.19
2017.09.06 17:37:44.011,0.78637,0.78655,1.00,1.31
2017.09.06 17:37:44.555,0.78636,0.78655,1.69,2.06
2017.09.06 17:37:44.812,0.78633,0.78652,1.50,1.50
2017.09.06 17:37:45.117,0.78632,0.7865,1.50,1.00
2017.09.06 17:37:45.467,0.78634,0.78652,1.00,1.25
2017.09.06 17:37:46.052,0.78635,0.78652,1.00,1.00
2017.09.06 17:37:46.255,0.78635,0.78655,3.19,1.50
2017.09.06 17:37:46.436,0.78635,0.78655,2.25,1.25
2017.09.06 17:37:46.957,0.78635,0.78655,3.56,1.69
2017.09.06 17:37:48.163,0.78634,0.78652,1.50,1.25
2017.09.06 17:37:48.366,0.78632,0.7865,1.12,1.25
2017.09.06 17:37:48.753,0.78625,0.78643,4.31,1.00
2017.09.06 17:37:48.855,0.78624,0.78643,2.62,1.50
2017.09.06 17:37:49.159,0.78624,0.78643,1.00,3.00
2017.09.06 17:37:49.676,0.78622,0.7864,1.50,1.25
2017.09.06 17:37:50.372,0.78622,0.7864,1.50,1.19
2017.09.06 17:37:51.373,0.78622,0.78641,1.25,1.31
2017.09.06 17:37:51.903,0.78622,0.7864,1.31,1.19
2017.09.06 17:37:52.918,0.78622,0.78641,1.25,1.31
2017.09.06 17:37:53.512,0.78622,0.7864,1.31,1.19
2017.09.06 17:37:54.017,0.78621,0.7864,2.25,1.25
2017.09.06 17:37:54.521,0.78621,0.78641,2.25,1.69
2017.09.06 17:37:54.825,0.78622,0.78641,1.44,1.69
2017.09.06 17:37:55.105,0.78621,0.7864,1.25,1.69
2017.09.06 17:37:56.014,0.78621,0.78639,1.13,1.00
2017.09.06 17:37:56.324,0.78619,0.78636,1.69,1.00
2017.09.06 17:37:56.642,0.7863,0.78649,2.06,3.94
2017.09.06 17:37:56.693,0.7863,0.78649,2.06,1.19
2017.09.06 17:37:57.201,0.7863,0.78649,1.87,1.19
2017.09.06 17:37:57.526,0.78629,0.78647,1.12,1.87
2017.09.06 17:37:58.053,0.78628,0.78647,1.25,2.62
2017.09.06 17:37:58.563,0.78627,0.78647,1.69,1.69
2017.09.06 17:37:58.872,0.7863,0.78649,1.50,1.69
2017.09.06 17:37:59.379,0.7863,0.78649,1.88,1.50
2017.09.06 17:38:00.994,0.78629,0.7865,3.19,2.06
2017.09.06 17:38:01.586,0.7863,0.78649,1.31,1.00
2017.09.06 17:38:02.180,0.78629,0.7865,2.25,2.06
2017.09.06 17:38:03.033,0.7863,0.78649,2.06,1.00
2017.09.06 17:38:04.009,0.7863,0.78649,1.88,1.00
2017.09.06 17:38:04.578,0.7863,0.78649,1.88,1.00
2017.09.06 17:38:05.128,0.7863,0.78649,2.06,1.00
2017.09.06 17:38:05.694,0.7863,0.78649,2.06,1.00
2017.09.06 17:38:06.229,0.78631,0.78649,1.13,1.00
2017.09.06 17:38:07.497,0.7863,0.78649,1.13,1.00
2017.09.06 17:38:08.109,0.7863,0.78649,1.13,1.19
2017.09.06 17:38:10.153,0.7863,0.78649,1.13,1.25
2017.09.06 17:38:10.695,0.7863,0.78649,1.88,1.19
2017.09.06 17:38:11.244,0.7863,0.78649,1.88,1.25
2017.09.06 17:38:11.897,0.7863,0.78649,1.88,1.19
2017.09.06 17:38:14.140,0.78631,0.78649,1.25,1.19
2017.09.06 17:38:18.148,0.78631,0.78651,1.25,1.75
2017.09.06 17:38:18.250,0.78632,0.78651,1.25,1.25
2017.09.06 17:38:18.351,0.78631,0.78649,1.00,1.00
2017.09.06 17:38:18.554,0.78629,0.78649,4.12,1.00
2017.09.06 17:38:18.606,0.7863,0.78649,1.69,1.69
2017.09.06 17:38:19.157,0.78629,0.78649,4.31,1.19
2017.09.06 17:38:19.259,0.7863,0.78649,1.69,1.69
2017.09.06 17:38:19.360,0.78629,0.78647,1.00,1.00
2017.09.06 17:38:19.874,0.78628,0.78647,2.25,1.31
2017.09.06 17:38:20.042,0.78628,0.78648,1.00,2.06
2017.09.06 17:38:20.144,0.78628,0.78648,1.00,2.81
2017.09.06 17:38:21.352,0.78628,0.78645,1.50,1.00
2017.09.06 17:38:22.379,0.7863,0.78645,1.00,1.00
2017.09.06 17:38:22.430,0.78629,0.78647,1.31,1.87
2017.09.06 17:38:23.213,0.78628,0.78647,1.50,1.31
2017.09.06 17:38:25.545,0.78627,0.78647,1.25,1.31
2017.09.06 17:38:26.047,0.78627,0.78647,2.44,2.06
2017.09.06 17:38:28.650,0.78627,0.78647,2.44,2.25
2017.09.06 17:38:29.183,0.78628,0.78648,1.25,3.56
2017.09.06 17:38:29.355,0.78629,0.78647,1.50,1.31
2017.09.06 17:38:29.896,0.78629,0.78647,2.06,1.31
2017.09.06 17:38:30.708,0.7863,0.78647,1.00,1.31
2017.09.06 17:38:31.280,0.7863,0.78649,1.25,1.87
2017.09.06 17:38:31.820,0.78628,0.78647,2.25,1.69
2017.09.06 17:38:32.326,0.78628,0.78646,1.31,1.25
2017.09.06 17:38:34.831,0.78626,0.78644,3.00,1.00
2017.09.06 17:38:35.136,0.78632,0.78646,1.00,2.06
2017.09.06 17:38:35.389,0.78627,0.78646,1.69,2.81
2017.09.06 17:38:35.901,0.78626,0.78645,1.00,1.88
2017.09.06 17:38:36.417,0.78631,0.78645,1.00,1.87
2017.09.06 17:38:37.004,0.78629,0.78645,1.00,1.50
2017.09.06 17:38:37.186,0.78632,0.78648,1.25,1.69
2017.09.06 17:38:37.490,0.78637,0.78651,1.00,1.87
2017.09.06 17:38:37.693,0.78633,0.78651,1.69,1.87
2017.09.06 17:38:38.248,0.78635,0.78651,1.00,1.12
2017.09.06 17:38:38.936,0.78634,0.78651,1.25,1.12
2017.09.06 17:38:39.870,0.78637,0.78653,1.00,1.44
2017.09.06 17:38:40.304,0.78637,0.78654,1.00,1.12
2017.09.06 17:38:40.405,0.78639,0.78656,1.00,2.62
2017.09.06 17:38:40.927,0.78639,0.78656,1.00,1.69
2017.09.06 17:38:41.940,0.7864,0.78656,1.00,1.00
2017.09.06 17:38:42.678,0.78639,0.78656,1.00,1.00
2017.09.06 17:38:43.599,0.78639,0.78657,1.00,1.87
2017.09.06 17:38:44.129,0.78641,0.78656,1.00,1.25
2017.09.06 17:38:44.665,0.7864,0.78656,1.00,1.00
2017.09.06 17:38:45.167,0.7864,0.78657,1.00,1.12
2017.09.06 17:38:45.668,0.78641,0.78656,1.00,1.00
2017.09.06 17:38:46.210,0.7864,0.78656,1.00,1.00
2017.09.06 17:38:47.596,0.78639,0.78656,1.00,1.00
2017.09.06 17:38:48.119,0.7864,0.78656,1.00,1.00
2017.09.06 17:38:48.650,0.7864,0.78658,1.00,3.00
2017.09.06 17:38:49.170,0.78639,0.78658,1.13,1.87
2017.09.06 17:38:49.221,0.7864,0.78659,1.25,1.25
2017.09.06 17:38:49.567,0.78642,0.78659,1.00,1.31
2017.09.06 17:38:50.012,0.78642,0.78662,1.00,3.19
2017.09.06 17:38:51.463,0.78643,0.78661,1.00,1.31
2017.09.06 17:38:51.666,0.78645,0.78663,1.00,2.00
2017.09.06 17:38:51.718,0.78643,0.78661,1.25,1.31
2017.09.06 17:38:52.371,0.78643,0.78662,1.00,2.06
2017.09.06 17:38:53.087,0.78642,0.78661,2.44,1.25
2017.09.06 17:38:55.772,0.78642,0.78658,1.00,1.12
2017.09.06 17:38:55.961,0.78639,0.78658,2.06,2.06
2017.09.06 17:38:56.467,0.7864,0.78659,1.13,1.12
2017.09.06 17:38:57.007,0.7864,0.78658,1.00,1.87
2017.09.06 17:38:57.590,0.7864,0.78657,1.00,1.00
2017.09.06 17:38:58.246,0.78641,0.78659,1.00,3.00
2017.09.06 17:38:58.720,0.78644,0.78661,1.69,1.75
2017.09.06 17:38:58.923,0.78644,0.78663,1.69,1.00
2017.09.06 17:38:59.429,0.78645,0.78663,1.50,1.00
2017.09.06 17:39:00.762,0.78644,0.78663,2.44,1.00
2017.09.06 17:39:01.263,0.78647,0.78663,1.00,1.00
2017.09.06 17:39:01.707,0.78644,0.78663,1.69,1.00
2017.09.06 17:39:02.111,0.78644,0.78663,1.87,1.69
2017.09.06 17:39:02.365,0.78648,0.78666,1.25,1.25
2017.09.06 17:39:03.012,0.78645,0.78661,1.37,1.00
2017.09.06 17:39:03.164,0.78643,0.78661,1.31,1.50
2017.09.06 17:39:03.367,0.78645,0.78664,1.25,1.88
2017.09.06 17:39:03.569,0.78645,0.78664,1.25,1.50
2017.09.06 17:39:04.279,0.78645,0.78664,1.62,1.12
2017.09.06 17:39:05.023,0.78647,0.78665,1.25,1.50
2017.09.06 17:39:05.175,0.78649,0.78668,1.69,1.62
2017.09.06 17:39:05.227,0.78649,0.78668,1.69,1.00
2017.09.06 17:39:05.761,0.7865,0.78669,1.50,1.12
2017.09.06 17:39:05.913,0.78649,0.78667,1.37,1.63
2017.09.06 17:39:06.054,0.78645,0.78667,3.19,3.00
2017.09.06 17:39:06.156,0.78646,0.78666,1.13,1.50
2017.09.06 17:39:06.767,0.78646,0.78666,1.31,1.31
2017.09.06 17:39:06.818,0.78645,0.78667,3.94,3.19
2017.09.06 17:39:06.913,0.78646,0.78665,1.00,1.00
2017.09.06 17:39:09.481,0.78646,0.78665,1.00,1.44
2017.09.06 17:39:10.566,0.78645,0.78664,3.37,1.00
2017.09.06 17:39:10.870,0.78641,0.78657,1.00,1.00
2017.09.06 17:39:10.971,0.78639,0.78657,1.31,1.00
2017.09.06 17:39:11.252,0.7864,0.78659,2.44,1.00
2017.09.06 17:39:11.962,0.7864,0.78659,1.69,1.44
2017.09.06 17:39:12.487,0.7864,0.78659,2.62,1.00
2017.09.06 17:39:12.588,0.78642,0.78659,1.00,1.00
2017.09.06 17:39:13.098,0.78641,0.78659,1.69,1.00
2017.09.06 17:39:13.610,0.7864,0.7866,1.00,2.62
2017.09.06 17:39:13.926,0.7864,0.78659,1.00,2.06
2017.09.06 17:39:14.610,0.7864,0.78657,1.00,1.00
2017.09.06 17:39:15.682,0.78639,0.78657,1.87,1.00
2017.09.06 17:39:16.277,0.7864,0.78657,1.00,1.00
2017.09.06 17:39:18.212,0.78639,0.78657,1.12,1.69
2017.09.06 17:39:18.516,0.78636,0.78654,1.00,1.12
2017.09.06 17:39:18.936,0.78639,0.78654,1.25,1.00
2017.09.06 17:39:18.987,0.7864,0.78657,1.31,1.00
2017.09.06 17:39:19.669,0.7864,0.78658,1.25,1.12
2017.09.06 17:39:20.197,0.78641,0.78658,1.00,1.12
2017.09.06 17:39:20.298,0.78639,0.78657,1.69,1.00
2017.09.06 17:39:20.749,0.78641,0.78657,1.00,1.00
2017.09.06 17:39:21.255,0.78641,0.78657,1.00,1.19
2017.09.06 17:39:22.078,0.78642,0.78657,1.00,1.19
2017.09.06 17:39:22.581,0.78641,0.78657,1.00,1.19
2017.09.06 17:39:23.653,0.7864,0.78657,2.06,1.19
2017.09.06 17:39:24.198,0.78641,0.78657,1.00,1.19
2017.09.06 17:39:24.989,0.7864,0.78657,1.69,1.19
2017.09.06 17:39:25.520,0.78639,0.78656,1.69,1.12
2017.09.06 17:39:25.979,0.78641,0.78656,1.00,1.12
2017.09.06 17:39:26.807,0.78642,0.78656,1.00,1.12
2017.09.06 17:39:27.718,0.78644,0.78657,1.00,1.00
2017.09.06 17:39:28.269,0.78643,0.78657,1.00,1.00
2017.09.06 17:39:29.560,0.78644,0.78657,1.00,1.00
2017.09.06 17:39:30.066,0.78643,0.78657,1.00,1.00
2017.09.06 17:39:31.779,0.78644,0.78658,1.00,1.12
2017.09.06 17:39:32.554,0.78644,0.78657,1.00,1.00
2017.09.06 17:39:33.174,0.78642,0.78657,1.00,1.00
2017.09.06 17:39:33.988,0.78643,0.78657,1.00,1.00
2017.09.06 17:39:34.840,0.78643,0.78658,1.00,1.12
2017.09.06 17:39:36.073,0.78642,0.78658,1.00,1.12
2017.09.06 17:39:36.629,0.78642,0.78657,1.00,1.00
2017.09.06 17:39:37.927,0.78641,0.78657,1.25,1.00
2017.09.06 17:39:39.319,0.78641,0.78658,1.00,1.12
2017.09.06 17:39:40.034,0.7864,0.78657,1.87,1.00
2017.09.06 17:39:40.581,0.7864,0.78657,1.00,1.69
2017.09.06 17:39:41.161,0.78639,0.78657,1.00,1.69
2017.09.06 17:39:41.736,0.7864,0.78657,1.00,1.69
2017.09.06 17:39:42.253,0.78641,0.78657,1.00,1.69
2017.09.06 17:39:43.711,0.78643,0.78659,1.00,3.37
2017.09.06 17:39:44.080,0.78645,0.78659,1.00,2.25
2017.09.06 17:39:46.153,0.78646,0.78658,1.00,1.12
2017.09.06 17:39:46.657,0.78645,0.78658,1.00,1.12
2017.09.06 17:39:51.488,0.78644,0.78658,1.00,1.12
2017.09.06 17:39:52.028,0.78641,0.78658,1.00,1.31
2017.09.06 17:39:52.130,0.78641,0.78655,1.00,1.00
2017.09.06 17:39:52.509,0.78638,0.78655,1.12,1.00
2017.09.06 17:39:53.322,0.78637,0.78656,1.69,2.62
2017.09.06 17:39:53.866,0.78638,0.78655,1.87,1.00
2017.09.06 17:39:55.640,0.7864,0.78658,1.50,3.00
2017.09.06 17:39:55.741,0.7864,0.78658,1.00,1.12
2017.09.06 17:39:56.247,0.78639,0.78657,1.00,1.00
2017.09.06 17:39:56.792,0.7864,0.78656,1.00,1.00
2017.09.06 17:39:57.427,0.78641,0.78656,1.00,1.00
2017.09.06 17:39:57.976,0.7864,0.78656,1.00,1.00
2017.09.06 17:39:59.006,0.78641,0.78658,1.00,1.12
2017.09.06 17:40:00.018,0.78643,0.7866,1.00,2.44
2017.09.06 17:40:00.170,0.78643,0.7866,1.00,2.06
2017.09.06 17:40:00.703,0.78644,0.7866,1.00,1.12
2017.09.06 17:40:01.276,0.78645,0.7866,1.00,1.12
2017.09.06 17:40:01.980,0.78645,0.78661,1.00,2.44
2017.09.06 17:40:02.504,0.78644,0.78661,1.00,1.00
2017.09.06 17:40:02.862,0.78646,0.78661,1.00,1.00
2017.09.06 17:40:03.381,0.78645,0.78661,1.00,1.00
2017.09.06 17:40:03.431,0.78642,0.78661,2.44,1.00
2017.09.06 17:40:03.482,0.78646,0.78661,1.00,1.00
2017.09.06 17:40:03.685,0.78646,0.78663,1.00,1.00
2017.09.06 17:40:03.887,0.78648,0.78663,1.00,1.00
2017.09.06 17:40:04.429,0.78649,0.78662,1.00,1.00
2017.09.06 17:40:05.008,0.78648,0.78662,1.00,1.00
2017.09.06 17:40:05.505,0.78646,0.78662,1.00,1.00
2017.09.06 17:40:05.878,0.7865,0.78664,1.00,1.31
2017.09.06 17:40:06.030,0.78645,0.78664,1.62,1.00
2017.09.06 17:40:06.081,0.78645,0.78664,1.50,1.00
2017.09.06 17:40:06.532,0.78647,0.78664,1.00,2.62
2017.09.06 17:40:07.555,0.78648,0.78664,1.00,1.12
2017.09.06 17:40:08.043,0.7865,0.78665,1.00,1.50
2017.09.06 17:40:08.558,0.78649,0.78664,1.00,1.12
2017.09.06 17:40:09.047,0.78647,0.78664,1.25,1.12
2017.09.06 17:40:09.273,0.78647,0.78661,1.00,1.00
2017.09.06 17:40:09.375,0.78647,0.78663,1.00,1.69
2017.09.06 17:40:09.880,0.78648,0.78663,1.00,1.00
2017.09.06 17:40:10.428,0.78649,0.78664,1.00,1.25
2017.09.06 17:40:10.530,0.78646,0.78664,1.00,1.25
2017.09.06 17:40:11.068,0.78647,0.78664,1.00,1.25
2017.09.06 17:40:11.454,0.7865,0.78665,1.00,1.00
2017.09.06 17:40:11.767,0.78655,0.78669,1.00,1.56
2017.09.06 17:40:11.869,0.78651,0.78669,1.00,1.38
2017.09.06 17:40:12.382,0.78652,0.78669,1.00,1.44
2017.09.06 17:40:12.870,0.7865,0.78667,1.50,1.25
2017.09.06 17:40:13.394,0.78651,0.78667,1.00,1.25
2017.09.06 17:40:14.573,0.7865,0.78667,1.00,1.25
2017.09.06 17:40:15.123,0.78651,0.78667,1.00,1.25
2017.09.06 17:40:15.682,0.78651,0.78668,1.00,1.69
2017.09.06 17:40:15.784,0.78651,0.78666,1.00,1.00
2017.09.06 17:40:16.273,0.78645,0.78662,2.25,1.12
2017.09.06 17:40:16.602,0.78641,0.78659,1.44,1.00
2017.09.06 17:40:16.906,0.78645,0.78664,2.06,1.75
2017.09.06 17:40:17.008,0.78647,0.78666,1.25,2.44
2017.09.06 17:40:17.109,0.78647,0.78666,1.25,2.44
2017.09.06 17:40:17.639,0.78647,0.78666,1.00,1.69
2017.09.06 17:40:19.586,0.78647,0.78664,1.00,1.25
2017.09.06 17:40:19.637,0.78645,0.78664,1.69,1.69
2017.09.06 17:40:20.035,0.78647,0.78664,1.00,1.00
2017.09.06 17:40:20.238,0.78647,0.78667,1.00,2.81
2017.09.06 17:40:20.834,0.78647,0.78666,1.69,1.00
2017.09.06 17:40:21.367,0.78647,0.78667,1.00,2.62
2017.09.06 17:40:21.887,0.78646,0.78667,1.87,1.87
2017.09.06 17:40:22.569,0.78647,0.78666,1.00,1.00
2017.09.06 17:40:24.053,0.78647,0.78666,1.69,1.00
2017.09.06 17:40:24.104,0.78646,0.78665,1.50,1.00
2017.09.06 17:40:24.642,0.78648,0.78666,1.00,1.50
2017.09.06 17:40:24.794,0.78648,0.78667,1.00,1.87
2017.09.06 17:40:25.353,0.78648,0.78666,1.00,1.00
2017.09.06 17:40:25.998,0.78647,0.78666,1.69,1.50
2017.09.06 17:40:26.533,0.78647,0.78666,1.00,1.87
2017.09.06 17:40:26.821,0.78645,0.78664,1.00,2.06
2017.09.06 17:40:26.973,0.78646,0.78664,1.44,1.12
2017.09.06 17:40:27.956,0.78647,0.78666,1.25,1.87
2017.09.06 17:40:28.487,0.78648,0.78667,1.00,2.62
2017.09.06 17:40:28.886,0.78647,0.78666,1.25,1.88
2017.09.06 17:40:29.724,0.78647,0.78666,1.12,1.87
2017.09.06 17:40:31.248,0.78647,0.78666,1.31,1.69
2017.09.06 17:40:31.772,0.78649,0.78667,1.00,1.12
2017.09.06 17:40:32.557,0.78648,0.78667,2.25,1.87
2017.09.06 17:40:33.024,0.7865,0.78667,1.00,1.12
2017.09.06 17:40:36.263,0.78649,0.78667,1.00,1.12
2017.09.06 17:40:36.591,0.78647,0.78665,1.31,1.00
2017.09.06 17:40:37.163,0.78647,0.78665,1.00,1.00
2017.09.06 17:40:37.572,0.78649,0.78665,1.25,1.00
2017.09.06 17:40:39.427,0.78648,0.78665,1.12,1.00
2017.09.06 17:40:40.068,0.78649,0.78667,1.25,1.12
2017.09.06 17:40:41.087,0.78649,0.78667,1.31,1.12
2017.09.06 17:40:42.163,0.78649,0.78668,1.13,3.00
2017.09.06 17:40:42.706,0.78649,0.78667,1.31,1.12
2017.09.06 17:40:43.483,0.78649,0.78668,2.44,1.13
2017.09.06 17:40:43.585,0.78648,0.78667,1.50,1.69
2017.09.06 17:40:44.297,0.78649,0.78667,1.25,1.25
2017.09.06 17:40:44.873,0.78648,0.78667,1.50,1.69
2017.09.06 17:40:45.139,0.78646,0.78665,3.38,1.00
2017.09.06 17:40:45.807,0.78646,0.78665,3.00,1.00
2017.09.06 17:40:46.341,0.78646,0.78665,1.00,1.50
2017.09.06 17:40:46.958,0.78647,0.78666,1.25,3.19
2017.09.06 17:40:47.290,0.78645,0.78661,1.25,1.00
2017.09.06 17:40:48.086,0.78646,0.78661,1.25,1.00
2017.09.06 17:40:49.073,0.78645,0.78661,1.13,1.00
2017.09.06 17:40:50.067,0.78646,0.78661,1.00,1.00
2017.09.06 17:40:50.850,0.78646,0.78663,1.25,2.25
2017.09.06 17:40:52.203,0.78646,0.78663,1.25,1.50
2017.09.06 17:40:52.754,0.78645,0.78663,1.25,1.50
2017.09.06 17:40:53.292,0.78646,0.78664,1.25,1.12
2017.09.06 17:40:53.633,0.78647,0.78666,2.06,1.00
2017.09.06 17:40:53.987,0.78647,0.78664,1.00,1.00
2017.09.06 17:40:54.291,0.78648,0.78666,1.31,1.00
2017.09.06 17:40:54.797,0.78648,0.78666,1.44,1.00
2017.09.06 17:40:55.372,0.78648,0.78666,1.12,1.00
2017.09.06 17:40:56.709,0.78647,0.78666,1.12,1.00
2017.09.06 17:40:56.760,0.78646,0.78664,1.50,1.00
2017.09.06 17:40:58.166,0.78646,0.78664,1.12,1.00
2017.09.06 17:41:00.346,0.78648,0.78667,1.87,2.44
2017.09.06 17:41:00.634,0.78649,0.78668,2.06,1.87
2017.09.06 17:41:01.080,0.78649,0.78669,1.88,2.25
2017.09.06 17:41:01.232,0.78649,0.78667,1.25,1.25
2017.09.06 17:41:01.333,0.78647,0.78666,2.44,1.25
2017.09.06 17:41:01.991,0.78646,0.78666,2.06,1.00
2017.09.06 17:41:02.525,0.78647,0.78666,1.88,1.50
2017.09.06 17:41:03.567,0.78647,0.78665,1.00,1.00
2017.09.06 17:41:04.960,0.78647,0.78666,1.00,1.69
2017.09.06 17:41:05.475,0.78646,0.78666,1.87,1.50
2017.09.06 17:41:06.186,0.78646,0.78665,1.12,1.00
2017.09.06 17:41:06.287,0.78644,0.78664,1.81,2.44
2017.09.06 17:41:06.338,0.78643,0.78662,2.06,1.50
2017.09.06 17:41:08.114,0.78643,0.78662,2.06,1.50
2017.09.06 17:41:10.170,0.78643,0.7866,1.44,1.00
2017.09.06 17:41:10.694,0.78642,0.7866,1.44,1.00
2017.09.06 17:41:12.970,0.78641,0.7866,1.88,1.50
2017.09.06 17:41:13.327,0.78641,0.78658,1.13,1.12
2017.09.06 17:41:13.631,0.78641,0.7866,1.00,1.12
2017.09.06 17:41:14.211,0.78641,0.78659,1.25,1.00
2017.09.06 17:41:14.741,0.78642,0.7866,1.13,1.12
2017.09.06 17:41:16.419,0.78641,0.7866,1.31,1.00
2017.09.06 17:41:18.191,0.78641,0.7866,1.31,1.12
2017.09.06 17:41:20.042,0.78641,0.7866,1.25,1.12
2017.09.06 17:41:20.554,0.78642,0.7866,1.00,1.12
2017.09.06 17:41:21.084,0.78641,0.7866,1.69,1.87
2017.09.06 17:41:22.043,0.78641,0.78659,1.00,1.00
2017.09.06 17:41:22.094,0.78639,0.78657,1.31,1.00
2017.09.06 17:41:22.398,0.78638,0.78654,1.00,1.00
2017.09.06 17:41:22.955,0.78638,0.78654,1.44,1.00
2017.09.06 17:41:23.108,0.78638,0.78656,1.13,1.50
2017.09.06 17:41:23.613,0.78638,0.78656,1.44,1.50
2017.09.06 17:41:24.155,0.78638,0.78656,1.13,1.00
2017.09.06 17:41:25.234,0.78638,0.78654,1.00,1.00
2017.09.06 17:41:26.553,0.78638,0.78656,1.25,1.50
2017.09.06 17:41:26.655,0.7864,0.78657,1.25,1.12
2017.09.06 17:41:27.009,0.78638,0.78655,1.13,1.00
2017.09.06 17:41:31.603,0.78637,0.78655,1.25,1.00
2017.09.06 17:41:32.857,0.78637,0.78655,1.44,1.00
2017.09.06 17:41:33.383,0.78637,0.78655,1.13,1.00
2017.09.06 17:41:34.837,0.78636,0.78655,2.81,1.00
2017.09.06 17:41:35.392,0.78635,0.78654,1.69,2.62
2017.09.06 17:41:35.696,0.78637,0.78655,1.00,1.25
2017.09.06 17:41:36.425,0.78637,0.78656,1.00,1.69
2017.09.06 17:41:39.245,0.78636,0.78656,1.12,1.69
2017.09.06 17:41:39.642,0.78635,0.78654,1.69,1.69
2017.09.06 17:41:40.213,0.78634,0.78653,1.25,1.31
2017.09.06 17:41:41.415,0.78636,0.78654,1.00,2.25
2017.09.06 17:41:41.964,0.78635,0.78654,2.06,1.00
2017.09.06 17:41:42.465,0.78638,0.78656,1.13,1.25
2017.09.06 17:41:43.131,0.78638,0.78657,1.13,1.69
2017.09.06 17:41:45.073,0.78638,0.78656,1.25,1.00
2017.09.06 17:41:46.683,0.78637,0.78655,1.69,1.00
2017.09.06 17:41:47.139,0.78636,0.78655,2.62,1.00
2017.09.06 17:41:47.753,0.78636,0.78654,1.50,1.25
2017.09.06 17:41:48.262,0.78635,0.78654,1.12,1.00
2017.09.06 17:41:48.862,0.78635,0.78655,1.87,1.69
2017.09.06 17:41:49.138,0.78635,0.78653,1.12,1.00
2017.09.06 17:41:49.447,0.78632,0.78651,2.81,1.00
2017.09.06 17:41:50.984,0.78633,0.78652,1.00,2.25
2017.09.06 17:41:51.534,0.78634,0.78653,1.13,1.12
2017.09.06 17:41:53.053,0.78637,0.78655,1.13,1.75
2017.09.06 17:41:53.204,0.78637,0.78655,1.13,1.00
2017.09.06 17:41:54.081,0.78636,0.78655,1.69,1.00
2017.09.06 17:41:54.674,0.78636,0.78655,1.69,1.00
2017.09.06 17:41:55.176,0.78636,0.78656,1.00,3.00
2017.09.06 17:41:55.227,0.78636,0.78655,1.50,1.37
2017.09.06 17:41:57.674,0.78639,0.78655,1.13,1.37
2017.09.06 17:41:57.826,0.7864,0.78657,1.25,1.12
2017.09.06 17:41:58.087,0.78638,0.78658,1.00,2.25
2017.09.06 17:42:03.824,0.78639,0.78659,1.88,3.00
2017.09.06 17:42:03.925,0.78639,0.78659,2.25,2.06
2017.09.06 17:42:04.873,0.78639,0.78659,2.25,1.12
2017.09.06 17:42:05.420,0.78641,0.78659,1.13,1.12
2017.09.06 17:42:07.587,0.78641,0.7866,1.88,1.12
2017.09.06 17:42:08.192,0.78642,0.7866,1.13,1.00
2017.09.06 17:42:09.541,0.78641,0.7866,1.69,1.25
2017.09.06 17:42:11.084,0.78641,0.78659,1.00,1.00
2017.09.06 17:42:11.240,0.78639,0.78657,1.50,1.00
2017.09.06 17:42:11.823,0.78639,0.78657,1.00,1.00
2017.09.06 17:42:12.715,0.78639,0.78658,2.63,1.69
2017.09.06 17:42:18.244,0.78639,0.78658,2.63,1.25
2017.09.06 17:42:19.727,0.78639,0.78658,1.87,1.00
2017.09.06 17:42:20.031,0.78641,0.7866,1.63,2.25
2017.09.06 17:42:20.243,0.78641,0.7866,1.50,1.50
2017.09.06 17:42:23.063,0.78641,0.7866,1.25,1.50
2017.09.06 17:42:26.975,0.78642,0.7866,1.31,1.50
2017.09.06 17:42:28.864,0.78641,0.7866,1.13,1.50
2017.09.06 17:42:29.924,0.78642,0.7866,1.00,1.00
2017.09.06 17:42:30.433,0.7864,0.78658,1.31,1.00
2017.09.06 17:42:30.741,0.78639,0.78655,1.13,1.00
2017.09.06 17:42:31.486,0.78639,0.78657,1.25,2.25
2017.09.06 17:42:32.033,0.78639,0.78657,1.31,1.00
2017.09.06 17:42:33.271,0.7864,0.78657,1.00,1.00
2017.09.06 17:42:34.830,0.78639,0.78657,1.13,1.00
2017.09.06 17:42:36.925,0.78639,0.78658,1.00,2.62
2017.09.06 17:42:37.330,0.78641,0.78659,1.00,1.12
2017.09.06 17:42:38.116,0.78641,0.7866,1.69,1.87
2017.09.06 17:42:38.598,0.78641,0.78657,1.00,1.00
2017.09.06 17:42:39.270,0.78639,0.78657,1.69,1.00
2017.09.06 17:42:39.863,0.78639,0.78658,1.31,1.12
2017.09.06 17:42:40.231,0.78641,0.78658,1.00,1.12
2017.09.06 17:42:40.844,0.78641,0.78657,1.00,1.00
2017.09.06 17:42:42.755,0.7864,0.78657,1.25,1.00
2017.09.06 17:42:43.529,0.78639,0.78657,1.25,1.00
2017.09.06 17:42:44.076,0.78638,0.78657,1.50,1.12
2017.09.06 17:42:44.415,0.78637,0.78655,1.25,1.50
2017.09.06 17:42:45.257,0.78637,0.78653,1.25,1.00
2017.09.06 17:42:49.001,0.78636,0.78653,1.31,1.00
2017.09.06 17:42:50.895,0.7864,0.78655,1.00,1.69
2017.09.06 17:42:51.098,0.7864,0.78659,1.00,1.88
2017.09.06 17:42:51.672,0.7864,0.78659,1.00,1.13
2017.09.06 17:42:52.904,0.7864,0.78658,1.00,1.31
2017.09.06 17:42:54.340,0.78639,0.78658,1.25,1.25
2017.09.06 17:42:55.104,0.78638,0.78659,1.25,3.75
2017.09.06 17:42:55.480,0.7864,0.78658,1.00,1.12
2017.09.06 17:42:55.933,0.78638,0.78658,2.06,2.06
2017.09.06 17:42:56.483,0.78638,0.78658,2.06,2.44
2017.09.06 17:43:03.443,0.78638,0.78657,2.81,1.00
2017.09.06 17:43:03.746,0.78643,0.7866,1.00,1.31
2017.09.06 17:43:03.899,0.7864,0.78659,1.87,1.63
2017.09.06 17:43:04.052,0.78639,0.78656,1.00,1.00
2017.09.06 17:43:04.572,0.7864,0.78656,1.13,1.00
2017.09.06 17:43:06.529,0.7864,0.78659,1.69,1.44
2017.09.06 17:43:07.102,0.78641,0.7866,1.25,1.87
2017.09.06 17:43:09.073,0.78641,0.7866,1.00,1.44
2017.09.06 17:43:12.083,0.78642,0.7866,1.00,1.50
2017.09.06 17:43:13.678,0.78641,0.78659,1.00,1.00
2017.09.06 17:43:14.223,0.78641,0.7866,1.00,1.50
2017.09.06 17:43:14.821,0.78641,0.78659,1.00,1.00
2017.09.06 17:43:15.352,0.78641,0.7866,1.50,1.12
2017.09.06 17:43:17.092,0.78641,0.7866,1.50,1.44
2017.09.06 17:43:17.602,0.78641,0.7866,1.50,1.12
2017.09.06 17:43:19.176,0.78639,0.78658,3.37,1.50
2017.09.06 17:43:19.549,0.78642,0.7866,1.50,1.37
2017.09.06 17:43:20.101,0.78642,0.78661,1.87,1.87
2017.09.06 17:43:22.256,0.78642,0.78661,1.12,1.12
2017.09.06 17:43:22.934,0.78642,0.78661,1.87,2.06
2017.09.06 17:43:26.006,0.78642,0.78661,1.12,1.12
2017.09.06 17:43:26.513,0.78642,0.78661,1.87,2.06
2017.09.06 17:43:28.254,0.7864,0.78658,1.75,1.25
2017.09.06 17:43:28.406,0.7864,0.78658,1.00,1.25
2017.09.06 17:43:29.119,0.7864,0.78659,1.69,2.44
2017.09.06 17:43:31.465,0.7864,0.78659,1.50,3.00
2017.09.06 17:43:32.014,0.7864,0.78659,1.50,2.63
2017.09.06 17:43:32.783,0.7864,0.78658,1.25,1.00
2017.09.06 17:43:33.332,0.78639,0.78657,1.25,1.00
2017.09.06 17:43:33.838,0.78638,0.78657,1.87,1.50
2017.09.06 17:43:34.926,0.78638,0.78658,1.00,2.06
2017.09.06 17:43:35.078,0.78642,0.7866,1.00,2.06
2017.09.06 17:43:35.606,0.78643,0.7866,1.00,1.12
2017.09.06 17:43:36.135,0.78642,0.78661,1.87,1.12
2017.09.06 17:43:36.644,0.78642,0.7866,1.25,1.44
2017.09.06 17:43:37.007,0.78642,0.78661,1.00,1.12
2017.09.06 17:43:37.535,0.78642,0.7866,1.25,1.12
2017.09.06 17:43:38.587,0.78642,0.78661,1.00,1.12
2017.09.06 17:43:39.146,0.78642,0.7866,1.25,1.25
2017.09.06 17:43:39.861,0.78642,0.78661,1.00,2.06
2017.09.06 17:43:40.466,0.78642,0.7866,1.00,1.25
2017.09.06 17:43:41.506,0.78642,0.78661,1.00,2.06
2017.09.06 17:43:42.030,0.78642,0.7866,1.00,1.25
2017.09.06 17:43:47.154,0.78641,0.7866,2.81,1.69
2017.09.06 17:43:48.007,0.78643,0.7866,1.00,1.25
2017.09.06 17:43:48.509,0.78642,0.78661,1.12,1.25
2017.09.06 17:43:49.043,0.78641,0.78661,1.31,2.44
2017.09.06 17:43:49.610,0.78641,0.7866,2.25,1.13
2017.09.06 17:43:50.116,0.78641,0.7866,2.06,1.31
2017.09.06 17:43:52.611,0.78643,0.78662,1.00,3.94
2017.09.06 17:43:53.142,0.78643,0.78662,1.00,1.69
2017.09.06 17:43:53.450,0.78643,0.78662,1.50,2.62
2017.09.06 17:43:53.973,0.78643,0.78661,1.00,1.25
2017.09.06 17:43:54.971,0.78642,0.78661,1.87,1.00
2017.09.06 17:43:55.494,0.78643,0.78661,1.00,1.31
2017.09.06 17:43:55.696,0.78641,0.78659,1.00,1.25
2017.09.06 17:43:57.057,0.7864,0.78659,1.87,1.00
2017.09.06 17:43:57.674,0.78641,0.78658,1.00,1.25
2017.09.06 17:43:58.180,0.78641,0.78659,1.00,1.00
2017.09.06 17:43:59.530,0.78641,0.78658,1.00,1.25
2017.09.06 17:43:59.787,0.78638,0.78657,1.69,1.25
2017.09.06 17:44:00.590,0.78639,0.78658,1.00,3.19
2017.09.06 17:44:04.000,0.78638,0.78657,1.87,1.00
2017.09.06 17:44:08.021,0.78637,0.78657,2.81,1.00
2017.09.06 17:44:08.691,0.78638,0.78657,1.69,1.25
2017.09.06 17:44:11.254,0.7864,0.78658,1.87,1.12
2017.09.06 17:44:11.760,0.78641,0.78659,1.00,1.00
2017.09.06 17:44:12.273,0.78641,0.78659,1.50,1.00
2017.09.06 17:44:12.912,0.78641,0.7866,1.25,1.50
2017.09.06 17:44:14.693,0.78641,0.78659,1.69,1.00
2017.09.06 17:44:15.175,0.78642,0.78661,1.69,1.31
2017.09.06 17:44:18.229,0.78644,0.78662,1.00,1.31
2017.09.06 17:44:18.735,0.78644,0.78663,3.00,1.50
2017.09.06 17:44:19.743,0.78645,0.78664,1.00,1.87
2017.09.06 17:44:20.048,0.78647,0.78664,1.00,1.31
2017.09.06 17:44:20.423,0.7864,0.78658,2.44,1.69
2017.09.06 17:44:20.524,0.78639,0.78658,2.62,1.88
2017.09.06 17:44:20.575,0.78639,0.78656,2.00,1.00
2017.09.06 17:44:20.626,0.78639,0.78656,1.25,1.00
2017.09.06 17:44:21.454,0.7864,0.78658,1.25,1.31
2017.09.06 17:44:21.776,0.78641,0.78658,1.31,1.12
2017.09.06 17:44:22.442,0.78644,0.78662,1.25,1.75
2017.09.06 17:44:22.644,0.78644,0.78662,1.00,1.00
2017.09.06 17:44:23.162,0.78643,0.78661,1.12,1.00
2017.09.06 17:44:23.674,0.78644,0.78662,1.00,1.50
2017.09.06 17:44:24.672,0.78643,0.78661,1.28,1.00
2017.09.06 17:44:24.723,0.78645,0.78662,1.00,1.44
2017.09.06 17:44:24.774,0.78643,0.78662,1.00,2.25
2017.09.06 17:44:25.280,0.78643,0.78662,1.66,1.00
2017.09.06 17:44:25.331,0.78645,0.78662,1.00,1.00
2017.09.06 17:44:25.960,0.78645,0.78663,1.00,1.25
2017.09.06 17:44:26.979,0.78644,0.78662,1.21,1.00
2017.09.06 17:44:27.320,0.78647,0.78665,1.00,2.06
2017.09.06 17:44:27.371,0.78646,0.78665,1.50,2.06
2017.09.06 17:44:27.421,0.78648,0.78665,1.00,1.31
2017.09.06 17:44:28.163,0.78648,0.78662,1.50,1.00
2017.09.06 17:44:28.266,0.78646,0.78665,3.56,3.04
2017.09.06 17:44:28.469,0.78649,0.78666,1.00,3.04
2017.09.06 17:44:29.013,0.78649,0.78666,1.21,1.00
2017.09.06 17:44:29.115,0.7865,0.78669,1.00,2.62
2017.09.06 17:44:29.624,0.7865,0.78668,1.00,1.69
2017.09.06 17:44:30.243,0.78649,0.78668,2.78,1.69
2017.09.06 17:44:33.022,0.78649,0.78667,1.12,1.25
2017.09.06 17:44:33.178,0.78651,0.78668,1.00,2.06
2017.09.06 17:44:33.481,0.78653,0.7867,1.12,1.50
2017.09.06 17:44:34.323,0.78656,0.7867,1.00,1.12
2017.09.06 17:44:34.826,0.78652,0.7867,2.25,1.00
2017.09.06 17:44:34.877,0.78652,0.7867,2.25,1.00
2017.09.06 17:44:41.601,0.78652,0.78669,2.25,1.00
2017.09.06 17:44:42.112,0.78652,0.78668,1.87,1.00
2017.09.06 17:44:43.010,0.78652,0.7867,1.50,1.44
2017.09.06 17:44:43.564,0.78652,0.7867,1.50,1.31
2017.09.06 17:44:44.070,0.78653,0.7867,1.00,1.12
2017.09.06 17:44:49.221,0.78653,0.78671,1.87,1.25
2017.09.06 17:44:49.740,0.78653,0.78671,1.87,1.44
2017.09.06 17:44:50.276,0.78653,0.78671,1.87,1.25
2017.09.06 17:44:54.464,0.78653,0.7867,1.12,1.00
2017.09.06 17:44:54.986,0.78654,0.78669,1.00,1.00
2017.09.06 17:44:55.239,0.78654,0.78671,1.00,1.25
2017.09.06 17:44:55.290,0.78656,0.78671,1.00,1.00
2017.09.06 17:44:55.868,0.78656,0.78672,1.00,1.31
2017.09.06 17:44:56.405,0.78654,0.78672,1.50,1.88
2017.09.06 17:44:56.507,0.78653,0.78672,1.50,1.88
2017.09.06 17:45:00.042,0.78654,0.78672,1.00,2.06
2017.09.06 17:45:00.573,0.78655,0.78671,1.00,1.13
2017.09.06 17:45:00.827,0.78657,0.78672,1.00,1.00
2017.09.06 17:45:00.979,0.78657,0.78676,1.50,1.87
2017.09.06 17:45:01.334,0.78657,0.78673,1.00,1.00
2017.09.06 17:45:01.499,0.78655,0.78673,1.00,1.00
2017.09.06 17:45:02.198,0.78654,0.78673,1.87,1.00
2017.09.06 17:45:02.503,0.78653,0.78671,1.50,1.00
2017.09.06 17:45:03.009,0.78653,0.78672,3.37,1.50
2017.09.06 17:45:03.313,0.78656,0.78672,1.00,1.00
2017.09.06 17:45:03.517,0.78657,0.78674,1.00,1.69
2017.09.06 17:45:06.012,0.78656,0.78674,1.25,1.69
2017.09.06 17:45:06.526,0.78657,0.78673,1.00,1.25
2017.09.06 17:45:07.201,0.78655,0.78673,1.87,1.25
2017.09.06 17:45:12.592,0.78655,0.78673,1.25,1.69
2017.09.06 17:45:12.996,0.78657,0.78673,1.00,1.69
2017.09.06 17:45:13.511,0.78658,0.78674,1.00,1.00
2017.09.06 17:45:14.028,0.78658,0.78675,1.00,1.25
2017.09.06 17:45:15.017,0.78657,0.78674,1.00,1.69
2017.09.06 17:45:15.770,0.78657,0.78674,1.00,1.69
2017.09.06 17:45:17.746,0.78657,0.78674,1.00,1.69
2017.09.06 17:45:18.271,0.78657,0.78676,1.00,2.44
2017.09.06 17:45:18.860,0.78658,0.78676,1.00,1.69
2017.09.06 17:45:19.802,0.78657,0.78676,1.00,1.69
2017.09.06 17:45:20.672,0.78657,0.78676,1.00,1.25
2017.09.06 17:45:21.181,0.78658,0.78676,1.00,2.06
2017.09.06 17:45:21.751,0.78657,0.78673,1.00,1.25
2017.09.06 17:45:22.282,0.78656,0.78673,1.00,1.25
2017.09.06 17:45:22.819,0.78655,0.78673,1.00,1.00
2017.09.06 17:45:26.128,0.78655,0.78672,1.25,1.00
2017.09.06 17:45:27.538,0.78655,0.78674,1.00,2.44
2017.09.06 17:45:27.827,0.78654,0.78671,1.12,1.00
2017.09.06 17:45:29.072,0.78655,0.78671,1.00,1.25
2017.09.06 17:45:31.791,0.78655,0.78673,1.25,1.69
2017.09.06 17:45:32.249,0.78657,0.78674,1.25,1.00
2017.09.06 17:45:32.552,0.7866,0.78677,1.00,1.12
2017.09.06 17:45:33.212,0.78659,0.78677,1.00,2.06
2017.09.06 17:45:34.322,0.78659,0.78676,1.00,1.00
2017.09.06 17:45:34.826,0.7866,0.78676,1.00,1.00
2017.09.06 17:45:35.489,0.78661,0.78677,1.00,2.06
2017.09.06 17:45:36.042,0.7866,0.78677,1.00,2.06
2017.09.06 17:45:37.063,0.78661,0.78677,1.00,2.06
2017.09.06 17:45:37.266,0.78662,0.7868,1.00,1.00
2017.09.06 17:45:38.073,0.78663,0.7868,1.00,1.00
2017.09.06 17:45:39.542,0.78664,0.78682,1.50,1.31
2017.09.06 17:45:39.644,0.78662,0.7868,1.37,1.69
2017.09.06 17:45:39.948,0.7866,0.78677,1.50,1.00
2017.09.06 17:45:40.827,0.78661,0.78678,1.12,1.25
2017.09.06 17:45:41.131,0.78657,0.78675,1.87,1.00
2017.09.06 17:45:41.658,0.78657,0.78675,1.00,1.00
2017.09.06 17:45:42.192,0.78657,0.78676,2.44,1.88
2017.09.06 17:45:43.117,0.78657,0.78675,1.00,1.00
2017.09.06 17:45:43.846,0.78658,0.78675,1.00,1.00
2017.09.06 17:45:44.472,0.78657,0.78675,1.50,1.00
2017.09.06 17:45:44.938,0.78659,0.78676,1.00,1.00
2017.09.06 17:45:45.242,0.78657,0.78675,1.12,1.00
2017.09.06 17:45:48.014,0.78658,0.78675,1.00,1.00
2017.09.06 17:45:49.331,0.78658,0.78674,1.00,1.00
2017.09.06 17:45:49.864,0.78659,0.78674,1.00,1.00
2017.09.06 17:45:49.915,0.78657,0.78674,1.50,1.00
2017.09.06 17:45:50.549,0.78657,0.78675,1.50,1.25
2017.09.06 17:45:51.812,0.78659,0.78675,1.00,1.25
2017.09.06 17:45:52.684,0.78658,0.78675,1.00,1.25
2017.09.06 17:45:53.234,0.78658,0.78674,1.00,1.00
2017.09.06 17:45:54.354,0.78656,0.78672,1.12,1.00
2017.09.06 17:45:54.860,0.78657,0.78672,1.00,1.00
2017.09.06 17:45:55.353,0.78656,0.78674,1.00,1.25
2017.09.06 17:45:55.554,0.78658,0.78674,1.00,1.25
2017.09.06 17:45:55.756,0.78654,0.78672,2.06,1.00
2017.09.06 17:45:55.858,0.78654,0.7867,1.69,1.00
2017.09.06 17:45:56.421,0.78655,0.7867,1.00,1.00
2017.09.06 17:45:56.971,0.78654,0.7867,1.25,1.00
2017.09.06 17:46:00.149,0.78655,0.78672,1.62,1.50
2017.09.06 17:46:00.503,0.78656,0.78675,1.69,2.25
2017.09.06 17:46:00.908,0.78658,0.78676,1.12,1.69
2017.09.06 17:46:01.480,0.78658,0.78676,1.12,1.00
2017.09.06 17:46:02.304,0.78656,0.78675,2.44,1.87
2017.09.06 17:46:02.457,0.78655,0.78673,1.12,1.50
2017.09.06 17:46:02.997,0.78654,0.78672,2.25,1.00
2017.09.06 17:46:03.445,0.78656,0.78672,1.00,1.00
2017.09.06 17:46:03.597,0.78656,0.78675,2.06,1.50
2017.09.06 17:46:04.461,0.78656,0.78675,3.00,1.00
2017.09.06 17:46:04.986,0.78658,0.78676,1.00,1.87
2017.09.06 17:46:05.535,0.78657,0.78675,1.00,1.00
2017.09.06 17:46:06.050,0.78656,0.78675,3.19,1.00
2017.09.06 17:46:06.605,0.78657,0.78675,1.00,1.00
2017.09.06 17:46:07.411,0.78659,0.78677,1.00,1.69
2017.09.06 17:46:07.925,0.78659,0.78677,1.00,1.25
2017.09.06 17:46:08.461,0.78659,0.78677,1.00,1.44
2017.09.06 17:46:08.972,0.78658,0.78677,1.00,1.25
2017.09.06 17:46:09.513,0.78659,0.78677,1.00,1.44
2017.09.06 17:46:10.282,0.78659,0.78677,1.00,1.00
2017.09.06 17:46:11.147,0.78658,0.78677,1.50,1.00
2017.09.06 17:46:11.659,0.78659,0.78677,1.00,1.00
2017.09.06 17:46:12.269,0.78663,0.78681,1.00,1.37
2017.09.06 17:46:12.623,0.78661,0.78679,1.00,1.00
2017.09.06 17:46:15.580,0.7866,0.78679,1.69,1.25
2017.09.06 17:46:16.086,0.7866,0.78679,1.00,1.44
2017.09.06 17:46:18.013,0.7866,0.78678,1.87,1.00
2017.09.06 17:46:18.519,0.7866,0.78678,1.25,1.00
2017.09.06 17:46:19.043,0.78661,0.78678,1.25,1.00
2017.09.06 17:46:19.575,0.78659,0.78678,1.50,1.69
2017.09.06 17:46:20.151,0.7866,0.78677,1.00,1.00
2017.09.06 17:46:20.662,0.78659,0.78677,1.00,1.25
2017.09.06 17:46:23.268,0.78659,0.78677,1.31,1.25
2017.09.06 17:46:23.881,0.78659,0.78678,1.88,1.69
2017.09.06 17:46:24.436,0.78658,0.78677,2.63,1.00
2017.09.06 17:46:24.956,0.78659,0.78677,1.50,1.25
2017.09.06 17:46:26.192,0.7866,0.78677,1.00,1.25
2017.09.06 17:46:27.650,0.78661,0.78678,1.00,1.00
2017.09.06 17:46:28.196,0.78662,0.78679,1.00,1.25
2017.09.06 17:46:29.617,0.78664,0.78681,1.00,1.12
2017.09.06 17:46:29.871,0.78665,0.78683,1.00,1.50
2017.09.06 17:46:30.724,0.78664,0.78683,1.69,1.50
2017.09.06 17:46:31.296,0.78665,0.78683,1.12,1.00
2017.09.06 17:46:34.219,0.78665,0.78682,1.12,1.31
2017.09.06 17:46:36.196,0.78665,0.78681,1.12,1.00
2017.09.06 17:46:37.491,0.78665,0.78683,1.12,1.88
2017.09.06 17:46:37.794,0.78663,0.78682,1.50,1.50
2017.09.06 17:46:38.363,0.78665,0.78682,1.00,1.31
2017.09.06 17:46:41.116,0.78664,0.78682,2.25,1.00
2017.09.06 17:46:41.637,0.78665,0.78682,1.00,1.31
2017.09.06 17:46:42.610,0.78664,0.78682,3.00,1.25
2017.09.06 17:46:43.158,0.78665,0.78682,1.00,1.13
2017.09.06 17:46:46.764,0.78664,0.78682,1.50,1.31
2017.09.06 17:46:46.916,0.78665,0.78683,1.00,1.31
2017.09.06 17:46:47.118,0.78668,0.78687,1.87,3.19
2017.09.06 17:46:47.476,0.78672,0.78691,1.12,1.31
2017.09.06 17:46:47.983,0.78672,0.78691,1.31,1.13
2017.09.06 17:46:48.499,0.78673,0.78691,1.00,1.25
2017.09.06 17:46:49.023,0.78672,0.78691,2.06,1.25
2017.09.06 17:46:49.529,0.78672,0.7869,1.12,1.25
2017.09.06 17:46:49.834,0.7867,0.78687,1.87,1.25
2017.09.06 17:46:49.986,0.7867,0.7869,3.00,2.62
2017.09.06 17:46:50.526,0.7867,0.7869,2.06,2.06
2017.09.06 17:46:50.628,0.78672,0.7869,1.00,1.00
2017.09.06 17:46:51.168,0.78671,0.7869,1.00,2.06
2017.09.06 17:46:51.697,0.78672,0.7869,1.00,2.06
2017.09.06 17:46:52.645,0.7867,0.7869,2.81,2.25
2017.09.06 17:46:53.002,0.7867,0.78686,1.12,1.00
2017.09.06 17:46:53.553,0.78669,0.78686,1.00,1.00
2017.09.06 17:46:54.562,0.78668,0.78686,1.69,1.00
2017.09.06 17:46:55.110,0.78667,0.78685,1.00,1.00
2017.09.06 17:46:55.908,0.78666,0.78685,2.62,1.00
2017.09.06 17:46:56.480,0.78667,0.78685,1.00,1.00
2017.09.06 17:46:57.759,0.78666,0.78685,2.62,1.00
2017.09.06 17:46:58.284,0.78667,0.78685,1.00,1.00
2017.09.06 17:46:58.835,0.78666,0.78683,1.12,1.00
2017.09.06 17:46:59.333,0.78664,0.78683,1.50,2.06
2017.09.06 17:46:59.855,0.78664,0.78682,1.25,1.50
2017.09.06 17:47:00.326,0.78665,0.78682,2.25,1.00
2017.09.06 17:47:00.456,0.78665,0.78684,2.06,1.00
2017.09.06 17:47:01.065,0.78667,0.78685,1.00,1.87
2017.09.06 17:47:01.614,0.78668,0.78686,1.00,1.69
2017.09.06 17:47:01.715,0.78668,0.78684,1.00,1.00
2017.09.06 17:47:02.335,0.78667,0.78684,1.50,1.00
2017.09.06 17:47:02.878,0.78668,0.78684,1.00,1.00
2017.09.06 17:47:02.929,0.78666,0.78685,1.50,1.87
2017.09.06 17:47:03.456,0.78667,0.78684,1.00,1.00
2017.09.06 17:47:03.960,0.78668,0.78684,1.00,1.00
2017.09.06 17:47:04.463,0.78667,0.78684,1.00,1.00
2017.09.06 17:47:04.818,0.78669,0.78685,1.00,1.12
2017.09.06 17:47:05.323,0.78667,0.78684,1.25,1.00
2017.09.06 17:47:05.779,0.78665,0.78684,1.87,1.00
2017.09.06 17:47:05.830,0.78667,0.78684,1.69,1.00
2017.09.06 17:47:05.932,0.78667,0.78686,2.63,1.69
2017.09.06 17:47:06.445,0.78667,0.78686,2.81,1.69
2017.09.06 17:47:06.679,0.78668,0.78684,1.00,1.00
2017.09.06 17:47:06.831,0.78665,0.78684,2.63,1.50
2017.09.06 17:47:07.352,0.78667,0.78684,1.00,1.69
2017.09.06 17:47:08.207,0.78666,0.78683,1.00,1.00
2017.09.06 17:47:08.726,0.78665,0.78683,1.00,1.00
2017.09.06 17:47:09.678,0.78665,0.78684,1.50,1.69
2017.09.06 17:47:10.252,0.78666,0.78684,1.25,1.00
2017.09.06 17:47:11.354,0.78665,0.78684,1.50,1.00
2017.09.06 17:47:12.773,0.78667,0.78684,1.00,1.00
2017.09.06 17:47:13.355,0.78667,0.78685,1.00,1.87
2017.09.06 17:47:13.669,0.78672,0.7869,1.00,3.56
2017.09.06 17:47:13.722,0.78672,0.7869,1.12,1.63
2017.09.06 17:47:14.483,0.78672,0.7869,1.12,1.00
2017.09.06 17:47:16.949,0.78671,0.7869,3.19,1.88
2017.09.06 17:47:18.646,0.78672,0.7869,1.00,2.06
2017.09.06 17:47:19.510,0.78672,0.78689,1.00,1.00
2017.09.06 17:47:20.112,0.78671,0.78689,1.50,1.00
2017.09.06 17:47:21.744,0.78674,0.78691,1.00,1.00
2017.09.06 17:47:21.896,0.78672,0.7869,1.12,1.12
2017.09.06 17:47:22.424,0.78671,0.78689,1.00,1.12
2017.09.06 17:47:22.833,0.7867,0.78687,1.00,1.25
2017.09.06 17:47:23.036,0.78668,0.78687,1.25,1.69
2017.09.06 17:47:24.746,0.78667,0.78686,1.00,1.25
2017.09.06 17:47:25.287,0.78667,0.78686,1.50,1.44
2017.09.06 17:47:25.339,0.78665,0.78681,2.06,1.00
2017.09.06 17:47:25.492,0.78666,0.78683,1.25,1.12
2017.09.06 17:47:25.645,0.78666,0.78686,2.06,2.81
2017.09.06 17:47:26.157,0.78665,0.78683,1.87,1.25
2017.09.06 17:47:27.624,0.78666,0.78685,1.50,1.56
2017.09.06 17:47:28.128,0.78667,0.78686,1.25,2.25
2017.09.06 17:47:28.899,0.78668,0.78686,1.00,1.50
2017.09.06 17:47:28.950,0.7867,0.78688,1.00,1.44
2017.09.06 17:47:29.001,0.7867,0.78688,1.00,1.12
2017.09.06 17:47:33.673,0.78669,0.78687,1.25,1.00
2017.09.06 17:47:33.774,0.78671,0.7869,1.00,3.00
2017.09.06 17:47:33.876,0.78671,0.78687,1.00,1.00
2017.09.06 17:47:34.078,0.78669,0.78687,1.25,1.00
2017.09.06 17:47:34.783,0.78668,0.78687,1.69,1.50
2017.09.06 17:47:35.723,0.78671,0.78689,1.00,1.87
2017.09.06 17:47:35.876,0.78671,0.7869,2.62,1.69
2017.09.06 17:47:35.978,0.78671,0.7869,1.94,1.50
2017.09.06 17:47:36.276,0.78674,0.78692,1.37,1.50
2017.09.06 17:47:37.162,0.78674,0.78693,1.12,2.62
2017.09.06 17:47:37.715,0.78673,0.78692,2.44,1.50
2017.09.06 17:47:38.440,0.78673,0.78692,1.31,1.00
2017.09.06 17:47:39.737,0.78672,0.78691,2.81,1.00
2017.09.06 17:47:42.465,0.78673,0.78689,1.00,1.25
2017.09.06 17:47:42.619,0.78671,0.78689,1.69,1.00
2017.09.06 17:47:43.422,0.78671,0.7869,2.06,1.50
2017.09.06 17:47:43.933,0.7867,0.78688,1.12,1.25
2017.09.06 17:47:44.609,0.78669,0.78688,1.12,1.00
2017.09.06 17:47:45.355,0.7867,0.78688,1.12,1.25
2017.09.06 17:47:45.945,0.7867,0.78689,1.87,3.00
2017.09.06 17:47:46.427,0.78668,0.78687,2.25,2.62
2017.09.06 17:47:46.734,0.78664,0.78683,3.19,1.50
2017.09.06 17:47:47.284,0.78664,0.78683,2.25,1.50
2017.09.06 17:47:47.695,0.78665,0.78683,1.31,1.00
2017.09.06 17:47:48.242,0.78665,0.78684,1.00,1.87
2017.09.06 17:47:48.839,0.78665,0.78683,1.12,1.00
2017.09.06 17:47:49.449,0.78665,0.78683,2.06,1.00
2017.09.06 17:47:53.463,0.78663,0.78681,1.62,1.00
2017.09.06 17:47:53.666,0.78662,0.78681,2.06,1.69
2017.09.06 17:47:54.557,0.78663,0.78681,1.00,1.00
2017.09.06 17:47:57.745,0.78663,0.78682,1.00,2.62
2017.09.06 17:47:58.284,0.78663,0.78681,1.25,1.00
2017.09.06 17:47:58.794,0.78662,0.7868,1.31,1.00
2017.09.06 17:47:59.485,0.78662,0.78681,1.12,1.00
2017.09.06 17:48:00.245,0.78662,0.78679,1.25,1.00
2017.09.06 17:48:00.397,0.78662,0.78681,1.87,1.69
2017.09.06 17:48:00.687,0.78665,0.78682,1.00,1.31
2017.09.06 17:48:01.292,0.78665,0.78684,1.00,1.69
2017.09.06 17:48:01.788,0.78663,0.78679,1.25,1.00
2017.09.06 17:48:02.295,0.78662,0.78679,1.12,1.00
2017.09.06 17:48:02.793,0.7866,0.78679,2.06,1.50
2017.09.06 17:48:05.911,0.78662,0.78679,1.00,1.00
2017.09.06 17:48:06.265,0.7866,0.78679,1.50,1.50
2017.09.06 17:48:09.784,0.78657,0.78676,2.44,1.00
2017.09.06 17:48:09.886,0.78657,0.78675,1.25,1.00
2017.09.06 17:48:10.795,0.78656,0.78675,1.00,1.69
2017.09.06 17:48:11.301,0.78654,0.78674,2.62,1.69
2017.09.06 17:48:11.402,0.78657,0.78674,1.25,1.00
2017.09.06 17:48:11.701,0.78654,0.78673,2.25,1.25
2017.09.06 17:48:12.215,0.78654,0.78672,1.00,1.00
2017.09.06 17:48:12.762,0.78653,0.78672,2.44,1.00
2017.09.06 17:48:15.221,0.78653,0.78671,1.00,1.25
2017.09.06 17:48:15.272,0.78649,0.78669,2.06,1.00
2017.09.06 17:48:15.691,0.78652,0.78671,1.69,2.25
2017.09.06 17:48:16.204,0.78652,0.78671,1.50,1.69
2017.09.06 17:48:16.592,0.78649,0.78668,1.87,1.25
2017.09.06 17:48:17.125,0.78649,0.78668,1.87,1.00
2017.09.06 17:48:18.057,0.7865,0.78669,1.00,1.87
2017.09.06 17:48:18.599,0.7865,0.78668,1.25,1.00
2017.09.06 17:48:19.681,0.78649,0.78668,1.87,1.00
2017.09.06 17:48:25.150,0.78651,0.78669,1.00,1.12
2017.09.06 17:48:25.454,0.78653,0.78671,1.00,1.00
2017.09.06 17:48:25.955,0.78653,0.78672,1.50,1.69
2017.09.06 17:48:26.790,0.78654,0.78672,1.00,1.00
2017.09.06 17:48:28.408,0.78652,0.78671,1.87,1.00
2017.09.06 17:48:28.916,0.78653,0.78672,1.00,1.87
2017.09.06 17:48:31.684,0.78653,0.78671,1.00,1.00
2017.09.06 17:48:32.234,0.78652,0.78671,1.87,1.00
2017.09.06 17:48:32.774,0.78653,0.78671,1.00,1.00
2017.09.06 17:48:34.526,0.78653,0.78672,1.00,2.06
2017.09.06 17:48:35.894,0.78653,0.78671,1.00,1.00
2017.09.06 17:48:36.374,0.7865,0.78669,3.00,1.00
2017.09.06 17:48:36.476,0.7865,0.78669,1.87,1.00
2017.09.06 17:48:37.094,0.7865,0.78668,1.31,1.00
2017.09.06 17:48:37.246,0.78648,0.78666,1.31,1.00
2017.09.06 17:48:38.063,0.78649,0.78668,1.00,3.75
2017.09.06 17:48:38.598,0.7865,0.78668,1.25,1.25
2017.09.06 17:48:39.951,0.78649,0.78668,1.69,1.00
2017.09.06 17:48:44.020,0.78649,0.78668,3.19,1.00
2017.09.06 17:48:44.325,0.78653,0.78671,1.50,1.12
2017.09.06 17:48:45.406,0.7865,0.7867,4.12,1.87
2017.09.06 17:48:45.457,0.7865,0.78668,2.06,1.00
2017.09.06 17:48:48.475,0.78651,0.78669,1.50,1.12
2017.09.06 17:48:48.995,0.7865,0.78669,2.06,1.00
2017.09.06 17:48:49.525,0.78651,0.78669,1.00,1.87
2017.09.06 17:48:50.039,0.78651,0.78668,1.31,1.00
2017.09.06 17:48:50.550,0.7865,0.78668,1.44,1.00
2017.09.06 17:48:51.067,0.78651,0.78669,1.00,1.87
2017.09.06 17:48:51.596,0.78649,0.78668,2.62,1.00
2017.09.06 17:48:51.704,0.78649,0.78669,1.87,1.87
2017.09.06 17:48:51.856,0.78651,0.7867,1.25,1.69
2017.09.06 17:48:52.291,0.7865,0.78671,2.44,1.87
2017.09.06 17:48:52.842,0.78651,0.7867,2.06,1.00
2017.09.06 17:48:53.359,0.78653,0.78671,1.12,1.00
2017.09.06 17:48:53.410,0.78655,0.78674,1.00,2.62
2017.09.06 17:48:53.924,0.78655,0.78673,1.25,1.00
2017.09.06 17:48:54.488,0.78656,0.78674,1.00,1.31
2017.09.06 17:48:55.155,0.78656,0.78675,1.69,1.69
2017.09.06 17:48:55.459,0.78655,0.78674,1.50,1.87
2017.09.06 17:48:55.808,0.78657,0.78676,1.00,2.81
2017.09.06 17:48:56.232,0.78655,0.78673,1.50,1.00
2017.09.06 17:48:56.801,0.78655,0.78673,1.69,1.00
2017.09.06 17:48:57.578,0.78654,0.78673,3.19,1.00
2017.09.06 17:48:58.408,0.78654,0.78673,2.25,1.00
2017.09.06 17:48:58.931,0.78654,0.78673,2.25,1.50
2017.09.06 17:49:00.735,0.78654,0.78673,2.06,1.00
2017.09.06 17:49:02.463,0.78656,0.78675,1.25,2.06
2017.09.06 17:49:02.699,0.78658,0.78676,1.00,1.25
2017.09.06 17:49:03.224,0.78657,0.78676,2.06,1.87
2017.09.06 17:49:04.194,0.78657,0.78676,1.00,2.44
2017.09.06 17:49:04.245,0.78653,0.78674,2.44,1.50
2017.09.06 17:49:04.347,0.78653,0.78674,2.81,1.87
2017.09.06 17:49:04.600,0.78654,0.78673,1.19,1.00
2017.09.06 17:49:05.295,0.78656,0.78675,1.25,1.87
2017.09.06 17:49:05.796,0.78656,0.78675,1.19,1.00
2017.09.06 17:49:06.978,0.78659,0.78678,1.00,3.00
2017.09.06 17:49:07.493,0.78659,0.78677,1.00,1.00
2017.09.06 17:49:08.003,0.78659,0.78678,1.69,1.12
2017.09.06 17:49:08.830,0.78659,0.78678,1.69,1.12
2017.09.06 17:49:09.337,0.78661,0.78678,1.25,1.00
2017.09.06 17:49:10.024,0.78662,0.78681,1.25,3.00
2017.09.06 17:49:10.075,0.78664,0.78682,1.19,1.87
2017.09.06 17:49:10.227,0.78665,0.78684,1.00,1.69
2017.09.06 17:49:10.752,0.78665,0.78684,1.00,1.25
2017.09.06 17:49:11.262,0.78666,0.78685,1.00,2.81
2017.09.06 17:49:11.780,0.78666,0.78684,1.25,1.25
2017.09.06 17:49:19.782,0.78665,0.78684,1.69,1.00
2017.09.06 17:49:27.067,0.78664,0.78683,2.44,1.00
2017.09.06 17:49:27.269,0.78663,0.78681,1.12,1.00
2017.09.06 17:49:28.771,0.78664,0.78683,1.00,1.00
2017.09.06 17:49:31.474,0.78665,0.78683,1.00,1.00
2017.09.06 17:49:32.362,0.78665,0.78683,1.19,1.00
2017.09.06 17:49:33.267,0.78665,0.78683,1.25,1.00
2017.09.06 17:49:33.809,0.78664,0.78683,1.69,1.69
2017.09.06 17:49:34.413,0.78665,0.78683,1.00,1.25
2017.09.06 17:49:36.976,0.78664,0.78683,1.87,1.25
2017.09.06 17:49:39.993,0.78664,0.78682,1.25,1.12
2017.09.06 17:49:40.516,0.78664,0.78683,1.69,1.00
2017.09.06 17:49:41.351,0.78665,0.78684,1.25,1.87
2017.09.06 17:49:43.507,0.78665,0.78683,1.19,1.00
2017.09.06 17:49:45.840,0.78665,0.78683,1.25,1.00
2017.09.06 17:49:49.302,0.78665,0.78684,1.00,1.87
2017.09.06 17:49:49.404,0.78666,0.78681,1.00,1.00
2017.09.06 17:49:49.556,0.78666,0.78683,1.00,1.25
2017.09.06 17:49:50.214,0.78666,0.78685,1.69,2.62
2017.09.06 17:49:50.436,0.78667,0.78686,1.69,1.12
2017.09.06 17:49:52.312,0.78666,0.78682,1.00,1.00
2017.09.06 17:49:52.565,0.78664,0.78682,1.00,1.00
2017.09.06 17:49:56.517,0.78663,0.78682,2.62,1.69
2017.09.06 17:49:56.962,0.78665,0.78683,1.31,1.00
2017.09.06 17:49:57.510,0.78664,0.78683,1.25,1.87
2017.09.06 17:49:58.278,0.78663,0.78682,1.50,1.00
2017.09.06 17:49:58.784,0.78663,0.78681,1.00,1.25
2017.09.06 17:49:59.408,0.78662,0.7868,1.12,1.12
2017.09.06 17:50:00.964,0.78659,0.78678,3.75,1.00
2017.09.06 17:50:01.471,0.78661,0.78679,2.81,1.00
2017.09.06 17:50:02.003,0.78661,0.78681,2.62,2.06
2017.09.06 17:50:03.587,0.78661,0.78677,1.12,1.00
2017.09.06 17:50:03.789,0.78659,0.78678,1.69,1.25
2017.09.06 17:50:04.509,0.78661,0.78679,1.00,1.50
2017.09.06 17:50:04.611,0.78661,0.7868,1.69,1.69
2017.09.06 17:50:08.984,0.78664,0.78681,1.00,1.12
2017.09.06 17:50:09.318,0.78662,0.78681,3.19,1.87
2017.09.06 17:50:09.867,0.78663,0.78681,1.25,1.00
2017.09.06 17:50:10.388,0.78662,0.78681,1.25,1.25
2017.09.06 17:50:10.802,0.78664,0.78682,1.00,1.50
2017.09.06 17:50:11.654,0.78664,0.78683,1.69,1.25
2017.09.06 17:50:12.687,0.78665,0.78684,1.25,1.69
2017.09.06 17:50:14.194,0.78664,0.78684,1.69,1.31
2017.09.06 17:50:14.507,0.78663,0.78681,1.37,1.00
2017.09.06 17:50:14.624,0.78662,0.78681,2.44,1.50
2017.09.06 17:50:15.423,0.78662,0.78681,2.44,1.50
2017.09.06 17:50:15.997,0.78662,0.78681,1.50,1.69
2017.09.06 17:50:16.564,0.78663,0.78682,3.37,1.00
2017.09.06 17:50:16.615,0.78662,0.7868,1.50,1.00
2017.09.06 17:50:16.868,0.78662,0.78682,3.00,1.31
2017.09.06 17:50:17.511,0.78663,0.78682,1.12,1.44
2017.09.06 17:50:17.663,0.78661,0.7868,2.25,1.69
2017.09.06 17:50:18.043,0.78663,0.7868,1.00,1.50
2017.09.06 17:50:18.558,0.78662,0.7868,1.25,1.12
2017.09.06 17:50:19.031,0.78659,0.78672,1.37,2.06
2017.09.06 17:50:19.133,0.78651,0.78669,2.00,1.00
2017.09.06 17:50:19.234,0.78651,0.78669,1.00,1.00
2017.09.06 17:50:19.495,0.78651,0.78666,1.00,1.00
2017.09.06 17:50:19.762,0.78649,0.78666,1.25,1.00
2017.09.06 17:50:20.009,0.78649,0.78668,1.69,1.31
2017.09.06 17:50:20.537,0.7865,0.78669,1.25,1.69
2017.09.06 17:50:21.079,0.78651,0.78669,1.00,1.00
2017.09.06 17:50:22.707,0.78652,0.78669,1.00,1.00
2017.09.06 17:50:22.909,0.78653,0.78671,1.00,1.12
2017.09.06 17:50:23.813,0.78653,0.7867,1.25,1.00
2017.09.06 17:50:24.767,0.78651,0.7867,2.44,1.00
2017.09.06 17:50:25.341,0.78651,0.78671,1.00,2.06
2017.09.06 17:50:25.858,0.78651,0.7867,1.69,1.50
2017.09.06 17:50:26.476,0.78651,0.78671,1.69,1.12
2017.09.06 17:50:26.628,0.78651,0.78668,1.00,1.00
2017.09.06 17:50:27.310,0.78651,0.78669,1.00,1.12
2017.09.06 17:50:27.820,0.78652,0.78669,1.00,1.00
2017.09.06 17:50:28.329,0.78651,0.78669,1.69,1.00
2017.09.06 17:50:28.922,0.7865,0.78669,2.44,2.06
2017.09.06 17:50:29.490,0.78651,0.78669,1.00,2.06
2017.09.06 17:50:29.993,0.7865,0.78669,2.62,1.69
2017.09.06 17:50:30.498,0.7865,0.78669,1.87,1.69
2017.09.06 17:50:30.838,0.78654,0.78672,1.50,1.87
2017.09.06 17:50:31.143,0.7866,0.78672,1.00,1.31
2017.09.06 17:50:31.245,0.78657,0.78672,1.12,1.31
2017.09.06 17:50:31.397,0.78657,0.78675,1.12,1.00
2017.09.06 17:50:33.617,0.78657,0.78676,1.87,1.00
2017.09.06 17:50:34.120,0.78657,0.78675,1.87,1.25
2017.09.06 17:50:34.968,0.78655,0.78674,2.06,1.25
2017.09.06 17:50:35.070,0.78655,0.78674,1.50,1.25
2017.09.06 17:50:37.531,0.78655,0.78673,2.25,1.00
2017.09.06 17:50:37.828,0.78658,0.78677,1.00,1.62
2017.09.06 17:50:38.602,0.78658,0.78677,1.00,1.25
2017.09.06 17:50:40.110,0.78658,0.78677,1.50,1.69
2017.09.06 17:50:41.560,0.78658,0.78677,2.62,1.50
2017.09.06 17:50:44.313,0.7866,0.78677,1.00,1.25
2017.09.06 17:50:44.465,0.78661,0.7868,2.81,1.37
2017.09.06 17:50:44.982,0.78661,0.7868,2.06,1.25
2017.09.06 17:50:45.985,0.78661,0.7868,2.06,1.44
2017.09.06 17:50:51.082,0.7866,0.78679,3.37,1.00
2017.09.06 17:50:52.021,0.7866,0.7868,3.00,1.31
2017.09.06 17:50:52.620,0.7866,0.78679,1.00,1.00
2017.09.06 17:50:53.149,0.78661,0.78679,1.00,1.12
2017.09.06 17:50:53.635,0.78659,0.78677,1.12,1.25
2017.09.06 17:50:55.641,0.78659,0.78678,1.87,1.25
2017.09.06 17:50:56.367,0.78659,0.78678,1.87,1.44
2017.09.06 17:51:00.200,0.78659,0.78676,1.12,1.00
2017.09.06 17:51:00.516,0.78662,0.7868,1.00,2.00
2017.09.06 17:51:00.619,0.78662,0.7868,1.00,1.12
2017.09.06 17:51:00.976,0.78663,0.78682,1.25,1.12
2017.09.06 17:51:01.027,0.78666,0.78685,1.00,2.06
2017.09.06 17:51:01.251,0.78666,0.78685,1.12,1.31
2017.09.06 17:51:01.982,0.78666,0.78685,2.06,1.50
2017.09.06 17:51:03.140,0.78665,0.78684,1.50,2.06
2017.09.06 17:51:03.592,0.78663,0.78682,2.81,1.50
2017.09.06 17:51:04.042,0.78664,0.78684,2.44,1.87
2017.09.06 17:51:04.592,0.78666,0.78685,1.00,2.25
2017.09.06 17:51:05.941,0.78666,0.78685,1.00,2.06
2017.09.06 17:51:07.053,0.78666,0.78685,1.00,2.25
2017.09.06 17:51:07.561,0.78666,0.78685,1.00,1.69
2017.09.06 17:51:10.217,0.78665,0.78685,1.87,1.25
2017.09.06 17:51:10.722,0.78665,0.78682,1.12,1.00
2017.09.06 17:51:10.874,0.78662,0.78683,2.44,1.12
2017.09.06 17:51:11.207,0.78665,0.78683,1.00,1.12
2017.09.06 17:51:11.737,0.78666,0.78684,1.25,1.00
2017.09.06 17:51:12.345,0.78666,0.78685,1.69,2.44
2017.09.06 17:51:13.390,0.78667,0.78685,1.00,1.00
2017.09.06 17:51:13.921,0.78667,0.78685,1.25,2.06
2017.09.06 17:51:14.449,0.78667,0.78685,1.00,1.00
2017.09.06 17:51:17.057,0.78667,0.78685,1.25,2.06
2017.09.06 17:51:17.569,0.78667,0.78685,1.25,1.87
2017.09.06 17:51:19.342,0.78669,0.78685,1.00,1.87
2017.09.06 17:51:19.596,0.78671,0.78688,1.25,1.12
2017.09.06 17:51:20.907,0.78669,0.78688,2.81,1.25
2017.09.06 17:51:21.927,0.78669,0.78688,2.81,1.25
2017.09.06 17:51:23.111,0.78674,0.78691,1.00,1.50
2017.09.06 17:51:23.314,0.78674,0.78692,1.00,1.12
2017.09.06 17:51:24.079,0.78674,0.78691,1.00,1.00
2017.09.06 17:51:25.080,0.78674,0.78692,1.00,1.31
2017.09.06 17:51:26.278,0.78674,0.78693,1.50,1.25
2017.09.06 17:51:27.142,0.78674,0.78693,2.44,2.06
2017.09.06 17:51:27.193,0.78677,0.78695,1.00,2.25
2017.09.06 17:51:27.497,0.78676,0.78693,1.12,1.62
2017.09.06 17:51:28.055,0.78676,0.78693,1.00,1.12
2017.09.06 17:51:28.589,0.78676,0.78694,1.00,1.69
2017.09.06 17:51:29.030,0.78676,0.78694,1.00,1.31
2017.09.06 17:51:29.081,0.78678,0.78694,1.00,1.00
2017.09.06 17:51:29.342,0.78669,0.78688,1.12,1.00
2017.09.06 17:51:29.597,0.78671,0.78688,1.00,1.31
2017.09.06 17:51:30.244,0.78671,0.78687,1.00,1.00
2017.09.06 17:51:31.258,0.78671,0.78688,1.00,1.25
2017.09.06 17:51:35.332,0.78671,0.78689,1.00,1.25
2017.09.06 17:51:37.774,0.78671,0.78689,1.00,1.44
2017.09.06 17:51:38.089,0.78669,0.78684,1.00,1.00
2017.09.06 17:51:38.241,0.78669,0.78686,1.00,1.25
2017.09.06 17:51:38.771,0.7867,0.78687,1.00,1.12
2017.09.06 17:51:42.032,0.78669,0.78687,1.50,1.00
2017.09.06 17:51:43.371,0.78669,0.78686,1.00,1.25
2017.09.06 17:51:43.931,0.78668,0.78686,1.12,1.00
2017.09.06 17:51:44.541,0.78669,0.78686,1.00,1.00
2017.09.06 17:51:47.332,0.78668,0.78687,1.87,1.00
2017.09.06 17:51:47.736,0.78667,0.78684,1.00,1.00
2017.09.06 17:51:48.286,0.78667,0.78683,1.00,1.25
2017.09.06 17:51:49.123,0.78667,0.78686,1.00,1.87
2017.09.06 17:51:50.114,0.78667,0.78686,1.69,1.00
2017.09.06 17:51:51.090,0.78665,0.78684,3.37,1.25
2017.09.06 17:51:51.726,0.78665,0.78684,2.62,1.12
2017.09.06 17:51:52.894,0.78666,0.78685,1.25,1.87
2017.09.06 17:51:53.423,0.78665,0.78684,2.81,1.12
2017.09.06 17:51:54.238,0.78663,0.78682,1.50,1.87
2017.09.06 17:51:54.592,0.78665,0.78682,1.00,1.00
2017.09.06 17:51:54.643,0.78662,0.78682,2.06,1.00
2017.09.06 17:51:55.356,0.78663,0.78682,1.00,1.19
2017.09.06 17:51:55.678,0.78665,0.78683,1.00,1.12
2017.09.06 17:51:56.217,0.78665,0.78684,1.50,1.25
2017.09.06 17:51:57.072,0.78666,0.78685,1.25,2.06
2017.09.06 17:51:57.583,0.78665,0.78684,1.00,1.00
2017.09.06 17:51:58.707,0.78665,0.78685,1.69,2.06
2017.09.06 17:51:59.041,0.78667,0.78686,1.69,1.69
2017.09.06 17:51:59.700,0.78667,0.78686,2.06,1.25
2017.09.06 17:52:02.238,0.78667,0.78685,1.12,1.00
2017.09.06 17:52:03.401,0.78667,0.78686,1.12,1.12
2017.09.06 17:52:05.089,0.78667,0.78685,1.12,1.00
2017.09.06 17:52:05.462,0.7867,0.78688,1.00,2.25
2017.09.06 17:52:07.061,0.7867,0.78687,1.87,1.37
2017.09.06 17:52:07.723,0.78667,0.78686,2.25,1.87
2017.09.06 17:52:08.261,0.78667,0.78686,1.50,1.87
2017.09.06 17:52:09.877,0.78667,0.78684,1.00,1.00
2017.09.06 17:52:10.029,0.78665,0.78684,2.81,1.00
2017.09.06 17:52:10.571,0.78665,0.78683,1.50,1.25
2017.09.06 17:52:10.917,0.78668,0.78684,1.00,1.50
2017.09.06 17:52:11.018,0.78668,0.78687,1.00,2.62
2017.09.06 17:52:11.897,0.78667,0.78686,1.50,1.25
2017.09.06 17:52:15.120,0.78667,0.78686,2.25,1.25
2017.09.06 17:52:19.937,0.78667,0.78686,1.50,1.44
2017.09.06 17:52:20.473,0.78667,0.78687,1.31,1.31
2017.09.06 17:52:22.198,0.78669,0.78687,1.00,1.12
2017.09.06 17:52:22.701,0.78669,0.78687,1.00,1.44
2017.09.06 17:52:23.592,0.78668,0.78685,1.00,1.25
2017.09.06 17:52:23.744,0.78666,0.78685,1.00,1.69
2017.09.06 17:52:25.324,0.78666,0.78683,1.00,1.00
2017.09.06 17:52:27.076,0.78661,0.78679,2.81,1.00
2017.09.06 17:52:27.258,0.78661,0.78679,1.87,1.00
2017.09.06 17:52:27.782,0.78662,0.78683,1.00,2.25
2017.09.06 17:52:27.934,0.78666,0.78682,1.12,1.00
2017.09.06 17:52:28.188,0.7867,0.78687,1.00,1.25
2017.09.06 17:52:28.805,0.7867,0.78688,1.00,1.12
2017.09.06 17:52:30.167,0.78668,0.78687,1.50,1.69
2017.09.06 17:52:30.319,0.78666,0.78686,1.37,1.50
2017.09.06 17:52:30.522,0.78666,0.78684,1.00,1.25
2017.09.06 17:52:30.852,0.78664,0.78681,2.44,1.00
2017.09.06 17:52:30.953,0.78662,0.7868,1.12,1.25
2017.09.06 17:52:31.717,0.7866,0.7868,2.25,1.25
2017.09.06 17:52:32.346,0.7866,0.78679,1.31,1.25
2017.09.06 17:52:32.854,0.7866,0.78679,2.44,1.00
2017.09.06 17:52:33.381,0.7866,0.7868,2.62,1.00
2017.09.06 17:52:33.997,0.7866,0.7868,3.19,1.00
2017.09.06 17:52:34.701,0.78662,0.78681,2.25,1.12
2017.09.06 17:52:35.260,0.78662,0.7868,1.12,1.25
2017.09.06 17:52:36.047,0.78662,0.78681,1.00,2.81
2017.09.06 17:52:36.173,0.78664,0.78682,1.00,1.50
2017.09.06 17:52:36.477,0.78668,0.78684,1.00,1.31
2017.09.06 17:52:36.896,0.78666,0.78683,1.00,1.25
2017.09.06 17:52:42.632,0.78666,0.78683,1.00,1.19
2017.09.06 17:52:42.683,0.78664,0.78683,2.25,1.69
2017.09.06 17:52:42.949,0.78662,0.7868,1.50,1.25
2017.09.06 17:52:42.999,0.78661,0.7868,1.87,1.00
2017.09.06 17:52:43.581,0.78662,0.78679,1.00,1.25
2017.09.06 17:52:44.110,0.78662,0.7868,1.00,1.00
2017.09.06 17:52:44.211,0.78664,0.78681,1.00,1.00
2017.09.06 17:52:44.526,0.78661,0.78679,1.50,1.00
2017.09.06 17:52:44.577,0.78661,0.78679,1.00,1.00
2017.09.06 17:52:45.772,0.7866,0.78679,2.62,1.69
2017.09.06 17:52:47.070,0.7866,0.78676,1.12,1.00
2017.09.06 17:52:47.475,0.78657,0.78676,1.12,1.00
2017.09.06 17:52:50.173,0.78656,0.78674,1.50,1.00
2017.09.06 17:52:50.706,0.78656,0.78675,2.44,1.50
2017.09.06 17:52:52.573,0.78654,0.78673,2.44,1.00
2017.09.06 17:52:52.624,0.78654,0.78673,1.12,1.00
2017.09.06 17:52:53.326,0.78654,0.78674,2.25,1.69
2017.09.06 17:52:53.537,0.78656,0.78674,1.00,1.25
2017.09.06 17:52:54.061,0.78657,0.78675,1.00,1.25
2017.09.06 17:52:54.574,0.78657,0.78676,1.00,1.87
2017.09.06 17:52:55.377,0.78657,0.78675,1.00,1.00
2017.09.06 17:52:58.018,0.78657,0.78673,1.00,1.00
2017.09.06 17:52:58.949,0.78657,0.78674,1.00,1.25
2017.09.06 17:52:59.735,0.78659,0.78677,1.00,1.69
2017.09.06 17:53:00.262,0.78659,0.78677,1.50,1.00
2017.09.06 17:53:00.731,0.78662,0.7868,1.00,1.44
2017.09.06 17:53:00.985,0.78662,0.78681,1.50,1.50
2017.09.06 17:53:01.708,0.78662,0.7868,1.50,1.00
2017.09.06 17:53:02.512,0.78661,0.7868,1.00,1.69
2017.09.06 17:53:02.867,0.78662,0.78681,1.69,1.12
2017.09.06 17:53:03.496,0.78662,0.78681,1.87,1.44
2017.09.06 17:53:04.032,0.78661,0.7868,1.00,1.87
2017.09.06 17:53:04.920,0.78662,0.7868,1.00,1.12
2017.09.06 17:53:05.436,0.78661,0.7868,1.69,1.69
2017.09.06 17:53:05.971,0.78662,0.7868,1.00,1.12
2017.09.06 17:53:08.784,0.78663,0.78682,1.25,1.50
2017.09.06 17:53:08.936,0.78664,0.78683,1.12,1.25
2017.09.06 17:53:19.886,0.78664,0.78684,1.50,1.12
2017.09.06 17:53:20.600,0.78664,0.78684,1.31,1.44
2017.09.06 17:53:21.554,0.78664,0.78682,1.31,1.00
2017.09.06 17:53:21.656,0.78663,0.7868,2.25,1.25
2017.09.06 17:53:21.998,0.78663,0.78678,1.00,1.00
2017.09.06 17:53:22.534,0.78663,0.7868,1.00,1.19
2017.09.06 17:53:23.064,0.78663,0.7868,1.00,1.25
2017.09.06 17:53:23.570,0.78663,0.78681,1.00,1.00
2017.09.06 17:53:24.777,0.78662,0.78681,2.62,1.00
2017.09.06 17:53:25.281,0.78662,0.7868,1.12,1.00
2017.09.06 17:53:25.830,0.78663,0.7868,1.00,1.25
2017.09.06 17:53:27.612,0.78661,0.7868,1.50,1.69
2017.09.06 17:53:28.415,0.78661,0.7868,1.00,1.69
2017.09.06 17:53:31.081,0.7866,0.78679,2.62,1.00
2017.09.06 17:53:31.615,0.78661,0.7868,1.00,1.69
2017.09.06 17:53:32.546,0.78661,0.78678,1.00,1.00
2017.09.06 17:53:33.082,0.78659,0.78678,1.50,1.12
2017.09.06 17:53:33.705,0.78659,0.78678,1.50,1.31
2017.09.06 17:53:33.899,0.78658,0.78676,1.00,1.25
2017.09.06 17:53:38.428,0.78656,0.78675,2.81,1.69
2017.09.06 17:53:38.996,0.78656,0.78675,2.06,1.69
2017.09.06 17:53:40.466,0.78656,0.78676,1.25,1.87
2017.09.06 17:53:40.975,0.78656,0.78675,2.25,1.00
2017.09.06 17:53:46.781,0.78656,0.78674,1.00,1.25
2017.09.06 17:53:47.739,0.78655,0.78674,1.31,1.69
2017.09.06 17:53:49.948,0.78656,0.78675,1.50,2.06
2017.09.06 17:53:51.055,0.78655,0.78675,1.87,1.00
2017.09.06 17:53:51.507,0.78658,0.78675,1.00,1.25
2017.09.06 17:53:51.709,0.78659,0.78678,1.69,1.56
2017.09.06 17:53:52.241,0.78659,0.78678,1.69,1.12
2017.09.06 17:53:52.861,0.7866,0.78679,1.25,1.87
2017.09.06 17:53:54.354,0.78659,0.78679,1.25,1.00
2017.09.06 17:53:54.404,0.78661,0.78679,1.00,1.00
2017.09.06 17:53:55.496,0.78661,0.7868,1.12,1.25
2017.09.06 17:53:56.464,0.78662,0.7868,1.00,1.31
2017.09.06 17:53:56.878,0.78662,0.78677,1.00,1.25
2017.09.06 17:53:57.080,0.78659,0.78677,1.50,1.25
2017.09.06 17:53:57.663,0.78658,0.78677,2.25,1.00
2017.09.06 17:53:58.523,0.78659,0.78676,1.12,1.00
2017.09.06 17:54:00.499,0.78661,0.78677,1.00,1.25
2017.09.06 17:54:01.016,0.7866,0.78677,1.00,1.00
2017.09.06 17:54:01.772,0.78661,0.78677,1.00,1.25
2017.09.06 17:54:01.873,0.78659,0.78676,1.12,1.00
2017.09.06 17:54:03.181,0.78659,0.78678,1.12,1.31
2017.09.06 17:54:03.450,0.78661,0.78678,1.00,1.25
2017.09.06 17:54:04.000,0.7866,0.78678,1.00,1.00
2017.09.06 17:54:04.621,0.78661,0.78678,1.00,1.12
2017.09.06 17:54:05.335,0.78661,0.78678,1.00,1.44
2017.09.06 17:54:05.847,0.78661,0.78679,1.12,1.44
2017.09.06 17:54:07.015,0.78661,0.78679,1.12,1.25
2017.09.06 17:54:07.391,0.78663,0.7868,1.00,1.12
2017.09.06 17:54:08.331,0.78663,0.78679,1.00,1.00
2017.09.06 17:54:26.806,0.78663,0.7868,1.00,1.12
2017.09.06 17:54:29.820,0.78663,0.78679,1.00,1.00
2017.09.06 17:54:29.871,0.78663,0.78682,1.00,2.06
2017.09.06 17:54:29.922,0.78665,0.78682,1.00,1.12
2017.09.06 17:54:30.175,0.78666,0.78684,1.12,1.00
2017.09.06 17:54:30.715,0.78667,0.78684,1.00,1.25
2017.09.06 17:54:31.266,0.78667,0.78685,1.00,1.12
2017.09.06 17:54:31.968,0.78667,0.78685,1.00,1.31
2017.09.06 17:54:35.019,0.78667,0.78685,1.00,1.25
2017.09.06 17:54:35.464,0.78669,0.78686,1.00,1.00
2017.09.06 17:54:36.051,0.78667,0.78685,1.50,1.00
2017.09.06 17:54:37.127,0.78666,0.78684,1.87,1.00
2017.09.06 17:54:39.021,0.78667,0.78685,1.00,1.00
2017.09.06 17:54:39.072,0.7867,0.78688,1.00,1.87
2017.09.06 17:54:39.522,0.78667,0.78686,2.44,1.25
2017.09.06 17:54:40.227,0.78667,0.78685,1.69,1.00
2017.09.06 17:54:40.794,0.78666,0.78683,1.00,1.25
2017.09.06 17:54:43.136,0.78665,0.78683,1.12,1.00
2017.09.06 17:54:43.753,0.78664,0.78683,1.00,1.69
2017.09.06 17:54:44.162,0.78666,0.78682,1.00,1.25
2017.09.06 17:54:44.691,0.78664,0.78682,1.50,1.25
2017.09.06 17:54:44.742,0.78663,0.78682,1.12,1.25
2017.09.06 17:54:46.266,0.78663,0.78682,1.50,1.25
2017.09.06 17:54:47.528,0.78663,0.78682,1.50,1.25
2017.09.06 17:54:49.154,0.78663,0.78682,1.50,1.25
2017.09.06 17:54:49.661,0.78663,0.78682,1.50,1.25
2017.09.06 17:54:50.478,0.78663,0.78681,1.31,1.00
2017.09.06 17:54:51.479,0.78663,0.78682,2.06,1.25
2017.09.06 17:54:52.645,0.78663,0.78682,1.50,1.25
2017.09.06 17:54:53.151,0.78663,0.78681,1.50,1.25
2017.09.06 17:54:53.844,0.78665,0.78682,1.00,1.25
2017.09.06 17:54:54.976,0.78665,0.78681,1.00,1.00
2017.09.06 17:54:55.676,0.78662,0.78681,2.44,1.00
2017.09.06 17:54:56.186,0.78664,0.7868,1.25,1.00
2017.09.06 17:54:56.901,0.78664,0.78681,1.25,1.25
2017.09.06 17:54:57.615,0.78661,0.7868,2.00,1.00
2017.09.06 17:54:57.818,0.78661,0.7868,1.12,1.00
2017.09.06 17:54:58.605,0.78661,0.78679,1.12,1.00
2017.09.06 17:55:00.465,0.78662,0.78678,1.00,1.00
2017.09.06 17:55:00.567,0.78662,0.78681,1.50,1.19
2017.09.06 17:55:00.716,0.78664,0.78682,1.00,1.00
2017.09.06 17:55:03.267,0.78665,0.78683,1.00,1.00
2017.09.06 17:55:03.571,0.78667,0.78684,1.00,1.00
2017.09.06 17:55:04.861,0.78669,0.78687,1.00,1.69
2017.09.06 17:55:05.164,0.78668,0.78683,1.12,1.00
2017.09.06 17:55:05.367,0.78668,0.78685,1.87,1.25
2017.09.06 17:55:05.624,0.7867,0.78685,1.00,1.25
2017.09.06 17:55:05.978,0.7867,0.78688,1.12,1.00
2017.09.06 17:55:06.029,0.78673,0.78689,1.00,1.31
2017.09.06 17:55:06.579,0.78673,0.7869,1.00,1.25
2017.09.06 17:55:07.106,0.78673,0.78691,1.00,1.25
2017.09.06 17:55:10.119,0.78673,0.78692,1.50,1.69
2017.09.06 17:55:11.074,0.78673,0.78691,1.69,1.00
2017.09.06 17:55:11.666,0.78672,0.78691,1.00,1.00
2017.09.06 17:55:12.456,0.78673,0.78691,1.00,1.25
2017.09.06 17:55:13.824,0.78672,0.78691,1.00,1.00
2017.09.06 17:55:15.036,0.78673,0.78691,1.00,1.25
2017.09.06 17:55:15.547,0.78673,0.7869,1.00,1.25
2017.09.06 17:55:18.648,0.78673,0.78691,1.50,1.25
2017.09.06 17:55:19.203,0.78674,0.78691,1.12,1.00
2017.09.06 17:55:19.844,0.78675,0.78691,1.00,1.00
2017.09.06 17:55:20.526,0.78673,0.78689,1.50,1.00
2017.09.06 17:55:20.981,0.78672,0.78688,1.12,1.00
2017.09.06 17:55:21.032,0.7867,0.78686,1.94,1.00
2017.09.06 17:55:21.989,0.78671,0.78686,1.00,1.00
2017.09.06 17:55:22.496,0.78672,0.78687,1.00,1.25
2017.09.06 17:55:23.864,0.7867,0.78687,1.12,1.00
2017.09.06 17:55:24.016,0.7867,0.78689,2.44,1.50
2017.09.06 17:55:24.068,0.78674,0.78692,1.00,1.69
2017.09.06 17:55:24.371,0.78676,0.78694,1.00,1.44
2017.09.06 17:55:25.234,0.78674,0.78688,1.00,1.00
2017.09.06 17:55:25.488,0.78672,0.78689,1.00,1.00
2017.09.06 17:55:27.127,0.78672,0.78688,1.00,1.00
2017.09.06 17:55:27.178,0.78673,0.7869,1.00,1.12
2017.09.06 17:55:27.229,0.78673,0.78688,1.00,1.00
2017.09.06 17:55:27.532,0.78673,0.7869,1.00,1.25
2017.09.06 17:55:27.583,0.78675,0.7869,1.00,1.25
2017.09.06 17:55:27.674,0.78675,0.78692,1.00,1.25
2017.09.06 17:55:28.545,0.78675,0.78693,1.12,1.25
2017.09.06 17:55:28.834,0.78677,0.78694,1.00,1.25
2017.09.06 17:55:28.886,0.78677,0.78696,1.50,2.06
2017.09.06 17:55:30.277,0.78675,0.78694,2.62,1.25
2017.09.06 17:55:32.142,0.78677,0.78692,1.00,1.00
2017.09.06 17:55:32.415,0.78675,0.78692,1.12,1.00
2017.09.06 17:55:33.103,0.78675,0.78693,1.12,1.25
2017.09.06 17:55:36.512,0.78677,0.78693,1.00,1.00
2017.09.06 17:55:36.945,0.78675,0.78694,1.12,1.00
2017.09.06 17:55:38.193,0.78675,0.78692,1.12,1.00
2017.09.06 17:55:38.562,0.78677,0.78692,1.00,1.00
2017.09.06 17:55:40.375,0.78677,0.78693,1.00,1.25
2017.09.06 17:55:41.139,0.78682,0.78699,1.69,2.25
2017.09.06 17:55:41.491,0.78689,0.78701,1.00,1.00
2017.09.06 17:55:42.053,0.78686,0.78701,1.75,1.00
2017.09.06 17:55:42.205,0.78686,0.78701,1.00,1.00
2017.09.06 17:55:45.655,0.78683,0.787,1.75,1.12
2017.09.06 17:55:45.807,0.78683,0.787,1.12,1.31
2017.09.06 17:55:48.301,0.78685,0.78703,1.00,1.69
2017.09.06 17:55:50.333,0.78685,0.787,1.12,1.25
2017.09.06 17:55:50.863,0.78685,0.78703,1.00,1.62
2017.09.06 17:55:51.138,0.78685,0.787,1.12,1.25
2017.09.06 17:55:51.289,0.78683,0.787,1.00,1.25
2017.09.06 17:55:51.819,0.78682,0.787,1.00,1.12
2017.09.06 17:55:54.361,0.78683,0.787,1.00,1.25
2017.09.06 17:56:00.099,0.78683,0.78701,1.00,1.12
2017.09.06 17:56:00.356,0.78685,0.78701,1.00,1.25
2017.09.06 17:56:01.555,0.78685,0.78702,1.00,1.69
2017.09.06 17:56:01.880,0.78683,0.78701,1.00,1.25
2017.09.06 17:56:02.585,0.78683,0.78702,1.00,1.25
2017.09.06 17:56:04.782,0.78683,0.78701,1.00,1.00
2017.09.06 17:56:05.098,0.78686,0.78702,1.00,1.25
2017.09.06 17:56:07.146,0.78685,0.78703,1.00,1.00
2017.09.06 17:56:07.450,0.78685,0.787,1.00,1.00
2017.09.06 17:56:07.604,0.78683,0.787,1.12,1.00
2017.09.06 17:56:07.908,0.78686,0.78701,1.00,1.00
2017.09.06 17:56:08.645,0.78686,0.78702,1.00,1.00
2017.09.06 17:56:11.156,0.78685,0.78702,1.12,1.00
2017.09.06 17:56:12.069,0.78686,0.78701,1.00,1.25
2017.09.06 17:56:14.202,0.78685,0.78701,1.12,1.00
2017.09.06 17:56:14.714,0.78686,0.78702,1.00,1.00
2017.09.06 17:56:15.254,0.78685,0.78703,1.12,1.00
2017.09.06 17:56:15.588,0.78687,0.78704,1.00,1.25
2017.09.06 17:56:16.116,0.78687,0.78704,1.00,1.19
2017.09.06 17:56:16.864,0.78687,0.78704,1.00,1.25
2017.09.06 17:56:17.919,0.78689,0.78705,1.00,1.00
2017.09.06 17:56:19.314,0.78688,0.78705,1.12,1.00
2017.09.06 17:56:19.857,0.78687,0.78705,1.00,1.25
2017.09.06 17:56:20.539,0.78687,0.78705,1.00,1.19
2017.09.06 17:56:21.047,0.78688,0.78704,1.12,1.25
2017.09.06 17:56:21.352,0.78691,0.78705,1.00,1.00
2017.09.06 17:56:22.661,0.78694,0.78708,1.00,1.00
2017.09.06 17:56:22.712,0.78694,0.7871,1.00,1.00
2017.09.06 17:56:22.864,0.78696,0.78713,1.00,1.56
2017.09.06 17:56:24.825,0.78696,0.7871,1.12,1.00
2017.09.06 17:56:30.101,0.78696,0.78711,1.12,1.00
2017.09.06 17:56:31.026,0.78695,0.78711,1.00,1.00
2017.09.06 17:56:31.549,0.78695,0.78712,1.00,1.25
2017.09.06 17:56:40.847,0.78695,0.78713,1.25,1.25
2017.09.06 17:56:42.923,0.78695,0.78712,1.25,1.25
2017.09.06 17:56:43.923,0.78695,0.78711,1.25,1.00
2017.09.06 17:56:48.639,0.78696,0.78712,1.00,1.00
2017.09.06 17:56:48.968,0.78693,0.7871,1.25,1.00
2017.09.06 17:56:49.865,0.78693,0.7871,1.50,1.19
2017.09.06 17:56:50.399,0.7869,0.7871,2.25,1.25
2017.09.06 17:56:50.918,0.78693,0.7871,1.25,1.19
2017.09.06 17:56:51.438,0.78693,0.78708,1.25,1.25
2017.09.06 17:56:52.178,0.78693,0.78709,1.25,1.25
2017.09.06 17:56:55.899,0.78692,0.78709,1.12,1.00
2017.09.06 17:56:56.413,0.78693,0.78709,1.00,1.25
2017.09.06 17:56:57.898,0.7869,0.78707,2.62,1.00
2017.09.06 17:56:58.089,0.7869,0.78709,1.87,1.25
2017.09.06 17:57:00.357,0.7869,0.78709,2.62,1.25
2017.09.06 17:57:00.408,0.78689,0.78707,1.12,1.25
2017.09.06 17:57:00.787,0.78687,0.78704,1.31,1.00
2017.09.06 17:57:01.829,0.78686,0.78703,2.44,1.00
2017.09.06 17:57:03.702,0.78683,0.78702,2.00,1.69
2017.09.06 17:57:03.803,0.78683,0.78702,1.69,1.69
2017.09.06 17:57:04.328,0.78683,0.78702,1.00,2.06
2017.09.06 17:57:05.693,0.78683,0.78701,1.00,1.25
2017.09.06 17:57:06.768,0.7868,0.78698,2.25,1.25
2017.09.06 17:57:07.643,0.78682,0.787,1.00,1.25
2017.09.06 17:57:10.910,0.78682,0.78699,1.00,1.25
2017.09.06 17:57:11.931,0.78682,0.787,1.00,1.25
2017.09.06 17:57:12.955,0.78682,0.78699,1.00,1.25
2017.09.06 17:57:14.308,0.78682,0.78696,1.00,1.00
2017.09.06 17:57:14.360,0.7868,0.78695,1.00,1.25
2017.09.06 17:57:14.885,0.78678,0.78695,1.44,1.25
2017.09.06 17:57:15.409,0.78678,0.78694,1.00,1.00
2017.09.06 17:57:15.460,0.78678,0.78692,1.00,1.00
2017.09.06 17:57:15.837,0.78676,0.78694,1.00,1.25
2017.09.06 17:57:16.913,0.78678,0.78694,1.00,1.25
2017.09.06 17:57:17.437,0.78677,0.78696,1.12,1.69
2017.09.06 17:57:17.565,0.78679,0.78697,1.50,1.37
2017.09.06 17:57:17.897,0.78684,0.78698,1.00,1.00
2017.09.06 17:57:18.459,0.78684,0.78699,1.00,1.25
2017.09.06 17:57:19.005,0.78683,0.78699,1.00,1.00
2017.09.06 17:57:20.292,0.78684,0.78699,1.00,1.25
2017.09.06 17:57:20.827,0.78684,0.78698,1.00,1.00
2017.09.06 17:57:21.593,0.78684,0.78699,1.00,1.25
2017.09.06 17:57:21.847,0.78679,0.78696,1.00,1.00
2017.09.06 17:57:22.613,0.78678,0.78696,2.06,1.00
2017.09.06 17:57:23.316,0.78679,0.78696,1.25,1.25
2017.09.06 17:57:23.885,0.78679,0.78697,1.25,1.00
2017.09.06 17:57:24.436,0.78679,0.78698,1.69,1.69
2017.09.06 17:57:24.689,0.78681,0.78698,1.00,1.00
2017.09.06 17:57:25.705,0.78681,0.78699,1.00,1.25
2017.09.06 17:57:27.245,0.7868,0.78699,2.81,1.00
2017.09.06 17:57:30.155,0.78681,0.78699,1.00,1.25
2017.09.06 17:57:30.562,0.78678,0.78696,2.00,1.00
2017.09.06 17:57:30.716,0.78677,0.78696,3.00,1.00
2017.09.06 17:57:31.654,0.78678,0.78695,1.00,1.00
2017.09.06 17:57:33.319,0.78677,0.78695,1.31,1.00
2017.09.06 17:57:37.806,0.78677,0.78696,2.06,1.69
2017.09.06 17:57:38.168,0.7868,0.78696,1.00,1.25
2017.09.06 17:57:38.801,0.7868,0.78695,1.00,1.00
2017.09.06 17:57:39.802,0.7868,0.78697,1.00,1.19
2017.09.06 17:57:40.513,0.78676,0.78693,2.25,1.25
2017.09.06 17:57:40.614,0.78676,0.78693,1.87,1.25
2017.09.06 17:57:40.716,0.78677,0.78695,1.25,1.00
2017.09.06 17:57:40.767,0.7868,0.78696,1.00,1.12
2017.09.06 17:57:40.868,0.7868,0.78698,1.00,1.25
2017.09.06 17:57:41.713,0.7868,0.78697,1.00,1.00
2017.09.06 17:57:42.605,0.7868,0.78696,1.00,1.25
2017.09.06 17:57:43.418,0.78679,0.78696,1.87,1.25
2017.09.06 17:57:45.382,0.78679,0.78694,1.00,1.00
2017.09.06 17:57:45.935,0.78679,0.78693,1.00,1.00
2017.09.06 17:57:46.488,0.78675,0.78693,2.25,1.25
2017.09.06 17:57:46.539,0.78674,0.78693,3.00,1.00
2017.09.06 17:57:47.081,0.78675,0.78692,1.50,1.00
2017.09.06 17:57:47.715,0.78675,0.78694,2.44,1.19
2017.09.06 17:57:47.766,0.78678,0.78695,1.00,1.25
2017.09.06 17:57:48.349,0.78677,0.78693,1.50,1.25
2017.09.06 17:57:48.883,0.78678,0.78695,1.00,1.25
2017.09.06 17:57:49.339,0.78678,0.78693,1.12,1.00
2017.09.06 17:57:49.390,0.78678,0.78696,1.12,1.19
2017.09.06 17:57:49.908,0.78678,0.78696,1.12,1.25
2017.09.06 17:57:50.969,0.7868,0.78696,1.00,1.25
2017.09.06 17:57:51.475,0.7868,0.78697,1.00,1.00
2017.09.06 17:57:54.138,0.78679,0.78697,1.50,1.00
2017.09.06 17:57:54.645,0.7868,0.78697,1.00,1.25
2017.09.06 17:57:55.250,0.7868,0.78696,1.00,1.25
2017.09.06 17:57:56.222,0.7868,0.78697,1.00,1.25
2017.09.06 17:57:57.217,0.7868,0.78696,1.00,1.00
2017.09.06 17:57:57.472,0.78681,0.787,1.00,3.00
2017.09.06 17:57:57.523,0.78683,0.78701,1.00,1.94
2017.09.06 17:57:57.575,0.78683,0.78701,1.00,1.00
2017.09.06 17:57:57.626,0.78686,0.78702,1.00,1.50
2017.09.06 17:57:58.207,0.78684,0.78702,2.25,1.31
2017.09.06 17:57:58.789,0.78684,0.78703,2.25,1.12
2017.09.06 17:57:59.414,0.78684,0.78703,3.19,1.62
2017.09.06 17:57:59.717,0.78683,0.78699,1.00,1.19
2017.09.06 17:58:00.938,0.78682,0.78699,1.12,1.25
2017.09.06 17:58:01.483,0.78683,0.78699,1.00,1.19
2017.09.06 17:58:01.636,0.7868,0.78699,1.37,1.69
2017.09.06 17:58:02.040,0.78681,0.787,1.50,1.12
2017.09.06 17:58:02.581,0.78682,0.787,1.00,1.00
2017.09.06 17:58:03.336,0.78681,0.787,3.00,1.00
2017.09.06 17:58:03.877,0.78682,0.787,1.50,1.12
2017.09.06 17:58:05.956,0.78682,0.78701,2.81,1.87
2017.09.06 17:58:06.269,0.78684,0.78701,1.00,1.12
2017.09.06 17:58:06.920,0.78684,0.78701,1.00,1.31
2017.09.06 17:58:07.507,0.78684,0.78701,1.00,1.12
2017.09.06 17:58:11.285,0.78683,0.78701,1.00,1.00
2017.09.06 17:58:12.126,0.78684,0.78701,1.00,1.25
2017.09.06 17:58:13.000,0.78683,0.78701,1.00,1.00
2017.09.06 17:58:13.885,0.78684,0.78701,1.00,1.25
2017.09.06 17:58:14.649,0.78684,0.78703,1.12,1.87
2017.09.06 17:58:15.091,0.78686,0.78703,1.00,1.62
2017.09.06 17:58:15.592,0.78685,0.78703,1.00,1.31
2017.09.06 17:58:16.180,0.78686,0.78703,1.00,1.37
2017.09.06 17:58:17.315,0.78688,0.78704,1.00,1.31
2017.09.06 17:58:17.827,0.78688,0.78705,1.00,1.25
2017.09.06 17:58:19.192,0.78688,0.78705,1.12,1.31
2017.09.06 17:58:19.705,0.78688,0.78704,1.00,1.44
2017.09.06 17:58:20.265,0.78687,0.78704,1.00,1.25
2017.09.06 17:58:20.772,0.78685,0.78703,2.25,1.00
2017.09.06 17:58:21.313,0.78686,0.78702,1.12,1.00
2017.09.06 17:58:21.833,0.78686,0.78702,1.12,1.44
2017.09.06 17:58:22.340,0.78686,0.78703,1.12,1.62
2017.09.06 17:58:23.008,0.78684,0.78703,2.25,2.06
2017.09.06 17:58:23.109,0.78684,0.78702,1.50,1.31
2017.09.06 17:58:23.632,0.78682,0.787,1.37,1.37
2017.09.06 17:58:24.156,0.78682,0.787,1.00,1.37
2017.09.06 17:58:24.680,0.78677,0.78694,1.00,1.00
2017.09.06 17:58:24.731,0.78678,0.78697,1.00,1.25
2017.09.06 17:58:25.268,0.7868,0.78699,1.00,2.44
2017.09.06 17:58:26.533,0.7868,0.78698,1.00,1.44
2017.09.06 17:58:28.498,0.7868,0.78698,1.00,1.12
2017.09.06 17:58:29.457,0.7868,0.78699,1.69,1.87
2017.09.06 17:58:29.778,0.78683,0.787,1.12,1.44
2017.09.06 17:58:30.438,0.78683,0.78699,1.12,1.62
2017.09.06 17:58:30.489,0.78681,0.78699,1.12,1.62
2017.09.06 17:58:31.747,0.78681,0.78698,1.50,1.25
2017.09.06 17:58:32.840,0.78683,0.78698,1.00,1.00
2017.09.06 17:58:33.986,0.78681,0.78698,1.12,1.12
2017.09.06 17:58:36.126,0.78676,0.78689,4.12,1.00
2017.09.06 17:58:36.227,0.78677,0.78687,1.00,1.00
2017.09.06 17:58:36.786,0.78677,0.78688,1.50,1.00
2017.09.06 17:58:37.424,0.78676,0.78687,1.87,1.00
2017.09.06 17:58:37.856,0.78678,0.78689,1.00,1.00
2017.09.06 17:58:38.371,0.78678,0.7869,1.12,1.00
2017.09.06 17:58:42.893,0.78678,0.78691,1.12,1.00
2017.09.06 17:58:43.427,0.78676,0.78693,2.25,1.00
2017.09.06 17:58:43.478,0.78676,0.78686,1.75,1.00
2017.09.06 17:58:43.630,0.78673,0.78686,1.50,1.00
2017.09.06 17:58:43.782,0.78676,0.78686,1.00,1.00
2017.09.06 17:58:44.300,0.78676,0.78687,1.00,1.00
2017.09.06 17:58:44.655,0.78672,0.7869,2.00,1.00
2017.09.06 17:58:44.706,0.78673,0.78692,1.37,1.69
2017.09.06 17:58:44.758,0.78673,0.78683,1.12,1.00
2017.09.06 17:58:44.808,0.78673,0.78689,1.12,1.12
2017.09.06 17:58:44.910,0.78673,0.78683,1.12,1.00
2017.09.06 17:58:45.421,0.78674,0.78685,1.00,1.00
2017.09.06 17:58:45.985,0.78673,0.78686,1.87,1.00
2017.09.06 17:58:46.527,0.78674,0.78685,1.69,1.00
2017.09.06 17:58:46.839,0.78674,0.78683,1.00,1.00
2017.09.06 17:58:47.864,0.78674,0.78691,1.50,2.06
2017.09.06 17:58:48.120,0.78679,0.7869,1.00,1.00
2017.09.06 17:58:48.424,0.78671,0.78688,1.00,1.25
2017.09.06 17:58:48.857,0.78669,0.78688,1.50,2.81
2017.09.06 17:58:49.414,0.78669,0.78688,1.00,2.81
2017.09.06 17:58:51.147,0.78666,0.78684,2.00,1.00
2017.09.06 17:58:51.480,0.78666,0.78678,2.06,1.00
2017.09.06 17:58:54.438,0.78666,0.78677,2.06,1.00
2017.09.06 17:58:54.580,0.78666,0.78684,2.06,1.25
2017.09.06 17:58:55.681,0.78666,0.78683,1.50,1.25
2017.09.06 17:58:56.814,0.78666,0.78674,1.00,1.00
2017.09.06 17:58:58.534,0.78666,0.78675,1.00,1.00
2017.09.06 17:58:59.035,0.78666,0.78674,1.00,1.00
2017.09.06 17:58:59.948,0.78665,0.78674,1.00,1.00
2017.09.06 17:58:59.999,0.78665,0.78682,1.00,1.12
2017.09.06 17:59:00.527,0.78666,0.78681,1.00,1.12
2017.09.06 17:59:01.031,0.78663,0.78681,2.25,2.06
2017.09.06 17:59:01.082,0.78663,0.78672,1.50,1.00
2017.09.06 17:59:01.885,0.78661,0.78679,1.50,1.12
2017.09.06 17:59:02.038,0.7866,0.78676,1.31,1.12
2017.09.06 17:59:02.291,0.78656,0.78673,1.00,1.31
2017.09.06 17:59:02.494,0.78659,0.78673,1.69,1.12
2017.09.06 17:59:02.844,0.78657,0.78667,3.00,1.00
2017.09.06 17:59:02.895,0.78657,0.78675,1.00,2.06
2017.09.06 17:59:04.734,0.78657,0.78673,1.00,1.12
2017.09.06 17:59:07.188,0.7866,0.78673,1.00,1.12
2017.09.06 17:59:07.319,0.7866,0.78675,1.00,1.12
2017.09.06 17:59:07.471,0.78658,0.78674,1.00,1.87
2017.09.06 17:59:10.718,0.78657,0.78674,1.87,1.12
2017.09.06 17:59:10.820,0.7866,0.78674,1.00,1.12
2017.09.06 17:59:11.340,0.7866,0.78675,1.00,1.12
2017.09.06 17:59:11.896,0.78659,0.78675,1.12,1.12
2017.09.06 17:59:12.503,0.7866,0.78674,1.00,1.12
2017.09.06 17:59:13.855,0.78659,0.78674,1.12,1.12
2017.09.06 17:59:14.204,0.78658,0.78672,1.00,1.12
2017.09.06 17:59:15.458,0.78656,0.78672,1.50,1.12
2017.09.06 17:59:16.097,0.78656,0.78671,1.00,1.12
2017.09.06 17:59:16.903,0.78655,0.78671,1.12,1.12
2017.09.06 17:59:17.972,0.78656,0.78671,1.00,1.12
2017.09.06 17:59:18.417,0.78658,0.78672,1.00,1.12
2017.09.06 17:59:18.721,0.7866,0.7867,1.12,1.00
2017.09.06 17:59:20.953,0.78659,0.78669,1.50,1.00
2017.09.06 17:59:21.735,0.7866,0.7867,1.12,1.00
2017.09.06 17:59:22.997,0.7866,0.78669,1.12,1.00
2017.09.06 17:59:23.465,0.78659,0.78665,1.50,1.00
2017.09.06 17:59:23.567,0.78652,0.78661,1.37,1.00
2017.09.06 17:59:23.668,0.78648,0.78664,1.12,2.06
2017.09.06 17:59:23.719,0.78648,0.78656,1.00,1.00
2017.09.06 17:59:24.620,0.78648,0.78657,1.00,1.00
2017.09.06 17:59:25.106,0.78648,0.78659,1.00,1.00
2017.09.06 17:59:25.266,0.78653,0.78662,1.00,1.00
2017.09.06 17:59:25.367,0.78656,0.78666,1.25,1.00
2017.09.06 17:59:25.552,0.78651,0.78669,1.75,1.87
2017.09.06 17:59:25.603,0.78654,0.78665,1.37,1.00
2017.09.06 17:59:25.654,0.78652,0.78663,1.00,1.00
2017.09.06 17:59:25.705,0.78652,0.78663,1.37,1.00
2017.09.06 17:59:25.806,0.78649,0.78666,2.25,1.00
2017.09.06 17:59:25.857,0.78648,0.78656,1.12,1.00
2017.09.06 17:59:25.959,0.78656,0.78666,1.00,1.00
2017.09.06 17:59:26.010,0.78653,0.78662,2.62,1.00
2017.09.06 17:59:26.113,0.78653,0.78668,1.37,1.19
2017.09.06 17:59:26.164,0.78653,0.78662,1.00,1.00
2017.09.06 17:59:26.215,0.78653,0.78667,1.00,1.12
2017.09.06 17:59:26.266,0.78653,0.78663,1.50,1.00
2017.09.06 17:59:26.568,0.78657,0.78664,1.00,1.00
2017.09.06 17:59:27.124,0.78657,0.78665,1.00,1.00
2017.09.06 17:59:27.528,0.78653,0.78669,1.75,1.31
2017.09.06 17:59:27.585,0.78653,0.78664,2.63,1.00
2017.09.06 17:59:27.907,0.78657,0.78665,1.00,1.00
2017.09.06 17:59:28.438,0.78656,0.78664,1.12,1.00
2017.09.06 17:59:29.015,0.78657,0.78664,1.00,1.00
2017.09.06 17:59:29.168,0.78654,0.78669,1.88,1.12
2017.09.06 17:59:29.269,0.78653,0.78671,1.88,1.12
2017.09.06 17:59:29.371,0.78656,0.78671,1.00,1.12
2017.09.06 17:59:29.574,0.78657,0.78673,1.50,1.12
2017.09.06 17:59:30.049,0.78655,0.78673,1.00,2.25
2017.09.06 17:59:30.100,0.78654,0.78671,2.25,1.12
2017.09.06 17:59:30.629,0.78658,0.78672,1.00,1.12
2017.09.06 17:59:30.933,0.78655,0.7866,1.50,1.00
2017.09.06 17:59:31.061,0.7865,0.7866,1.12,1.00
2017.09.06 17:59:31.113,0.78649,0.78665,1.87,1.12
2017.09.06 17:59:31.317,0.7865,0.78663,1.00,1.12
2017.09.06 17:59:31.825,0.7865,0.78664,1.12,2.06
2017.09.06 17:59:32.789,0.7865,0.78665,1.12,2.06
2017.09.06 17:59:33.327,0.7865,0.78666,1.12,2.06
2017.09.06 17:59:33.828,0.7865,0.78664,1.12,1.12
2017.09.06 17:59:34.618,0.7865,0.78665,1.12,1.12
2017.09.06 17:59:35.157,0.7865,0.78666,1.12,1.12
2017.09.06 17:59:35.707,0.7865,0.78667,1.12,1.12
2017.09.06 17:59:36.016,0.7865,0.78665,1.12,1.12
2017.09.06 17:59:36.641,0.78653,0.78665,1.00,1.12
2017.09.06 17:59:36.743,0.78653,0.78667,1.00,1.12
2017.09.06 17:59:37.257,0.78653,0.78668,1.00,1.12
2017.09.06 17:59:37.817,0.78652,0.78668,1.12,1.12
2017.09.06 17:59:38.363,0.78653,0.78668,1.00,1.12
2017.09.06 17:59:39.045,0.78657,0.78668,1.00,1.12
2017.09.06 17:59:39.096,0.78657,0.78671,1.00,1.12
2017.09.06 17:59:39.400,0.78655,0.78671,1.00,1.12
2017.09.06 17:59:39.552,0.78657,0.78671,1.00,1.12
2017.09.06 17:59:39.805,0.78657,0.78673,1.00,2.81
2017.09.06 17:59:40.008,0.78657,0.78671,1.00,1.12
2017.09.06 17:59:40.551,0.78657,0.78672,1.00,1.12
2017.09.06 17:59:44.036,0.78657,0.78671,1.00,1.12
2017.09.06 17:59:44.689,0.78657,0.78672,1.00,1.87
2017.09.06 17:59:45.805,0.78654,0.78663,1.75,1.00
2017.09.06 17:59:45.855,0.78652,0.7867,1.75,1.00
2017.09.06 17:59:45.906,0.78653,0.7867,1.00,1.00
2017.09.06 17:59:46.109,0.78652,0.78667,1.12,1.12
2017.09.06 17:59:46.418,0.78656,0.78669,1.00,1.12
2017.09.06 17:59:46.672,0.78654,0.7867,1.12,1.12
2017.09.06 17:59:46.723,0.78654,0.78668,1.00,1.12
2017.09.06 17:59:47.028,0.78652,0.78667,1.12,1.12
2017.09.06 17:59:47.078,0.78652,0.78665,1.00,1.12
2017.09.06 17:59:47.676,0.78652,0.78666,1.00,1.12
2017.09.06 17:59:48.037,0.78652,0.78664,1.00,1.12
2017.09.06 17:59:48.257,0.78652,0.78666,1.00,1.12
2017.09.06 17:59:50.249,0.78651,0.78666,1.12,1.12
2017.09.06 17:59:51.014,0.78651,0.78665,1.12,1.12
2017.09.06 17:59:51.447,0.78654,0.78665,1.00,1.12
2017.09.06 17:59:51.548,0.78655,0.7867,1.00,1.00
2017.09.06 17:59:51.599,0.78653,0.78668,1.87,1.12
2017.09.06 17:59:51.936,0.78651,0.78665,1.00,1.31
2017.09.06 17:59:52.190,0.78644,0.78661,2.25,1.12
2017.09.06 17:59:52.342,0.78644,0.78659,2.25,1.12
2017.09.06 17:59:52.685,0.78643,0.78653,1.50,1.00
2017.09.06 17:59:53.064,0.78646,0.78653,1.00,1.00
2017.09.06 17:59:53.512,0.78646,0.7865,1.00,1.00
2017.09.06 17:59:53.564,0.78643,0.7865,1.50,1.00
2017.09.06 17:59:54.079,0.78643,0.78651,1.50,1.00
2017.09.06 17:59:54.585,0.78643,0.7865,1.50,1.00
2017.09.06 17:59:54.787,0.78643,0.78652,1.00,1.00
2017.09.06 17:59:54.838,0.78645,0.78651,1.00,1.00
2017.09.06 17:59:55.349,0.78645,0.7865,1.00,1.00
2017.09.06 17:59:55.653,0.78647,0.78652,1.00,1.00
2017.09.06 17:59:56.227,0.78646,0.78652,1.12,1.00
2017.09.06 17:59:56.774,0.78647,0.78652,1.00,1.00
2017.09.06 17:59:57.232,0.78644,0.7865,1.75,1.00
2017.09.06 17:59:57.384,0.78643,0.7865,1.50,1.00
2017.09.06 17:59:57.486,0.78643,0.78649,1.50,1.00
2017.09.06 17:59:57.866,0.78644,0.7865,1.12,1.00
2017.09.06 17:59:58.417,0.78643,0.78649,1.50,1.00
2017.09.06 17:59:58.767,0.78643,0.78649,1.50,1.00
2017.09.06 17:59:59.448,0.78642,0.78648,1.37,1.00
2017.09.06 17:59:59.962,0.78642,0.78649,1.00,1.00
