2017.09.13 10:00:01.660,0.80163,0.8018,1.50,1.00
2017.09.13 10:00:02.134,0.80165,0.80184,1.50,1.75
2017.09.13 10:00:02.478,0.80167,0.80184,1.00,1.50
2017.09.13 10:00:03.608,0.80167,0.80185,1.00,1.00
2017.09.13 10:00:04.145,0.80166,0.80185,2.25,1.00
2017.09.13 10:00:04.768,0.80167,0.80185,1.50,1.00
2017.09.13 10:00:05.597,0.80168,0.80185,1.00,1.00
2017.09.13 10:00:06.450,0.80167,0.80185,1.50,1.00
2017.09.13 10:00:07.646,0.80168,0.80185,1.00,1.00
2017.09.13 10:00:09.196,0.80167,0.80186,1.50,1.87
2017.09.13 10:00:09.797,0.80167,0.80185,1.50,1.00
2017.09.13 10:00:10.620,0.80166,0.80184,1.00,1.50
2017.09.13 10:00:11.038,0.80165,0.80182,1.00,1.00
2017.09.13 10:00:11.634,0.80165,0.80183,1.00,1.00
2017.09.13 10:00:14.216,0.80165,0.80182,1.00,1.00
2017.09.13 10:00:15.501,0.80165,0.80183,1.00,1.00
2017.09.13 10:00:16.010,0.80166,0.80184,1.50,1.00
2017.09.13 10:00:16.511,0.80167,0.80185,1.00,1.50
2017.09.13 10:00:17.202,0.80166,0.80185,1.50,1.00
2017.09.13 10:00:20.351,0.80165,0.80184,1.50,1.00
2017.09.13 10:00:20.672,0.80164,0.80182,1.87,1.00
2017.09.13 10:00:21.460,0.80165,0.80182,1.00,1.00
2017.09.13 10:00:22.124,0.80164,0.80182,1.87,1.00
2017.09.13 10:00:22.629,0.80165,0.80182,1.00,1.00
2017.09.13 10:00:23.281,0.80165,0.80181,1.00,1.00
2017.09.13 10:00:25.697,0.80164,0.80181,1.87,1.00
2017.09.13 10:00:26.228,0.80165,0.80182,1.00,1.00
2017.09.13 10:00:26.814,0.80165,0.80183,1.00,1.00
2017.09.13 10:00:27.639,0.80165,0.80182,1.00,1.00
2017.09.13 10:00:27.791,0.80165,0.80184,1.50,1.00
2017.09.13 10:00:28.111,0.80165,0.80182,1.50,1.00
2017.09.13 10:00:29.371,0.80165,0.80183,1.50,1.00
2017.09.13 10:00:30.538,0.80165,0.80182,1.00,1.00
2017.09.13 10:00:33.330,0.80165,0.80181,1.00,1.00
2017.09.13 10:00:34.884,0.80165,0.80182,1.00,1.25
2017.09.13 10:00:38.163,0.80165,0.80183,1.25,1.00
2017.09.13 10:00:38.679,0.80166,0.80185,1.00,2.81
2017.09.13 10:00:39.185,0.80165,0.80185,3.75,1.87
2017.09.13 10:00:39.717,0.80166,0.80185,1.50,2.06
2017.09.13 10:00:41.215,0.80167,0.80185,1.00,2.06
2017.09.13 10:00:43.920,0.80165,0.80183,1.50,1.69
2017.09.13 10:00:44.438,0.80165,0.80184,1.50,1.25
2017.09.13 10:00:45.491,0.80165,0.80185,2.44,2.06
2017.09.13 10:00:46.508,0.80166,0.80185,1.00,1.12
2017.09.13 10:00:47.531,0.80166,0.80184,1.00,1.00
2017.09.13 10:00:48.078,0.80165,0.80183,1.00,1.00
2017.09.13 10:00:49.695,0.80165,0.80182,1.00,1.00
2017.09.13 10:00:50.295,0.80164,0.80182,1.50,1.25
2017.09.13 10:00:50.977,0.80163,0.80182,2.06,1.69
2017.09.13 10:00:51.507,0.80162,0.80181,3.75,1.25
2017.09.13 10:00:52.056,0.80162,0.8018,1.50,1.00
2017.09.13 10:00:52.829,0.80161,0.8018,1.50,1.00
2017.09.13 10:00:53.604,0.80162,0.8018,1.00,1.50
2017.09.13 10:00:56.794,0.80161,0.80177,1.00,1.00
2017.09.13 10:00:56.916,0.80158,0.80177,1.50,1.50
2017.09.13 10:00:57.881,0.80157,0.80177,2.25,1.00
2017.09.13 10:00:58.837,0.80158,0.80177,1.00,1.50
2017.09.13 10:01:03.855,0.80159,0.80177,1.00,1.50
2017.09.13 10:01:05.074,0.80158,0.80177,1.50,1.69
2017.09.13 10:01:05.578,0.80159,0.80177,1.00,1.50
2017.09.13 10:01:08.299,0.80159,0.80176,1.00,1.00
2017.09.13 10:01:08.552,0.80156,0.80175,1.87,1.00
2017.09.13 10:01:09.620,0.80156,0.80174,1.87,1.00
2017.09.13 10:01:10.187,0.80156,0.80175,1.87,1.25
2017.09.13 10:01:10.709,0.80157,0.80174,1.00,1.00
2017.09.13 10:01:11.331,0.80157,0.80176,1.00,1.87
2017.09.13 10:01:11.453,0.80156,0.80174,1.87,1.50
2017.09.13 10:01:12.292,0.80157,0.80175,1.00,1.31
2017.09.13 10:01:13.286,0.80158,0.80176,1.25,1.87
2017.09.13 10:01:13.876,0.80157,0.80175,1.25,1.25
2017.09.13 10:01:14.517,0.80158,0.80176,1.00,1.87
2017.09.13 10:01:14.568,0.80156,0.80175,1.87,1.25
2017.09.13 10:01:15.097,0.80157,0.80174,1.00,1.00
2017.09.13 10:01:16.753,0.80155,0.80172,1.50,1.00
2017.09.13 10:01:17.261,0.80156,0.80173,1.00,1.00
2017.09.13 10:01:18.718,0.80156,0.80174,1.00,1.25
2017.09.13 10:01:19.256,0.80155,0.80174,1.50,1.25
2017.09.13 10:01:19.746,0.80157,0.80175,1.00,2.62
2017.09.13 10:01:20.091,0.80159,0.80175,1.00,1.12
2017.09.13 10:01:20.210,0.80156,0.80175,1.25,1.12
2017.09.13 10:01:20.528,0.80158,0.80175,1.00,1.12
2017.09.13 10:01:26.108,0.80157,0.80175,1.00,1.12
2017.09.13 10:01:26.652,0.80158,0.80175,1.00,1.12
2017.09.13 10:01:28.124,0.80158,0.80177,1.00,1.00
2017.09.13 10:01:35.968,0.80156,0.80174,3.37,1.00
2017.09.13 10:01:36.540,0.80158,0.80176,1.25,1.69
2017.09.13 10:01:37.074,0.80157,0.80175,2.44,1.25
2017.09.13 10:01:42.154,0.80157,0.80174,1.50,1.25
2017.09.13 10:01:43.390,0.80156,0.80173,1.12,1.25
2017.09.13 10:01:43.542,0.80154,0.80172,1.50,1.50
2017.09.13 10:01:43.909,0.80153,0.8017,1.87,1.00
2017.09.13 10:01:44.671,0.80153,0.80171,2.25,1.50
2017.09.13 10:01:45.016,0.80155,0.8017,1.00,1.00
2017.09.13 10:01:45.320,0.80153,0.8017,1.50,1.00
2017.09.13 10:01:45.422,0.80155,0.80171,1.00,1.00
2017.09.13 10:01:45.623,0.80155,0.80173,1.00,2.81
2017.09.13 10:01:46.343,0.80155,0.80172,1.00,1.00
2017.09.13 10:01:47.254,0.80155,0.80173,1.00,2.81
2017.09.13 10:01:47.825,0.80155,0.80172,1.00,1.00
2017.09.13 10:01:48.839,0.80155,0.80171,1.50,1.00
2017.09.13 10:01:49.845,0.80155,0.80172,1.50,1.00
2017.09.13 10:01:49.946,0.80155,0.80169,1.00,1.00
2017.09.13 10:01:50.048,0.80155,0.80173,1.00,1.87
2017.09.13 10:01:50.099,0.80153,0.80171,1.50,1.00
2017.09.13 10:01:50.735,0.80154,0.80171,1.00,1.00
2017.09.13 10:01:53.414,0.80155,0.80172,1.00,1.00
2017.09.13 10:01:53.967,0.80154,0.80171,1.00,1.00
2017.09.13 10:01:55.220,0.80155,0.80172,1.00,1.00
2017.09.13 10:01:57.424,0.80155,0.80171,1.00,1.00
2017.09.13 10:01:57.697,0.80155,0.80173,1.00,2.25
2017.09.13 10:01:58.180,0.80155,0.80171,1.00,1.00
2017.09.13 10:01:58.709,0.80154,0.80171,2.25,1.00
2017.09.13 10:01:59.244,0.80154,0.8017,1.50,1.00
2017.09.13 10:02:10.693,0.80153,0.8017,1.50,1.00
2017.09.13 10:02:12.313,0.80153,0.80169,1.00,1.00
2017.09.13 10:02:13.037,0.80153,0.8017,1.69,1.00
2017.09.13 10:02:13.637,0.80153,0.80171,1.69,1.00
2017.09.13 10:02:14.587,0.80153,0.80171,1.25,1.00
2017.09.13 10:02:15.105,0.80153,0.80171,1.19,1.50
2017.09.13 10:02:16.446,0.80155,0.80171,1.00,1.50
2017.09.13 10:02:19.384,0.80155,0.80172,1.00,2.25
2017.09.13 10:02:20.419,0.80155,0.80171,1.25,1.00
2017.09.13 10:02:21.772,0.80154,0.80171,1.25,1.00
2017.09.13 10:02:22.867,0.80154,0.8017,1.25,1.00
2017.09.13 10:02:23.466,0.80154,0.80171,1.25,1.00
2017.09.13 10:02:24.127,0.80154,0.8017,1.25,1.00
2017.09.13 10:02:24.785,0.80154,0.80171,1.25,1.50
2017.09.13 10:02:25.294,0.80156,0.80171,1.00,1.00
2017.09.13 10:02:25.412,0.80156,0.80173,1.00,1.00
2017.09.13 10:02:25.959,0.80157,0.80173,1.00,1.00
2017.09.13 10:02:31.990,0.80157,0.80172,1.50,1.00
2017.09.13 10:02:32.549,0.80157,0.80171,1.00,1.00
2017.09.13 10:02:34.847,0.80155,0.80171,2.25,1.00
2017.09.13 10:02:35.542,0.80155,0.80172,1.50,1.00
2017.09.13 10:02:36.157,0.80156,0.80173,1.12,1.00
2017.09.13 10:02:38.436,0.80156,0.80174,1.12,1.00
2017.09.13 10:02:39.328,0.80155,0.80173,2.25,1.00
2017.09.13 10:02:39.845,0.80155,0.80173,1.50,1.00
2017.09.13 10:02:39.947,0.80155,0.80171,1.50,1.00
2017.09.13 10:02:40.251,0.80157,0.80173,1.00,1.00
2017.09.13 10:02:41.041,0.80157,0.80174,1.00,1.00
2017.09.13 10:02:42.016,0.80156,0.80174,1.50,1.00
2017.09.13 10:02:42.638,0.80157,0.80175,1.00,1.12
2017.09.13 10:02:44.176,0.80157,0.80176,2.44,1.50
2017.09.13 10:02:44.839,0.80157,0.80175,1.50,1.00
2017.09.13 10:02:48.107,0.80157,0.80169,1.00,1.00
2017.09.13 10:02:48.158,0.80155,0.80169,1.00,1.00
2017.09.13 10:02:48.260,0.80153,0.80166,1.37,1.00
2017.09.13 10:02:48.311,0.80153,0.80166,1.12,1.00
2017.09.13 10:02:48.514,0.80149,0.80166,1.00,1.69
2017.09.13 10:02:49.875,0.80149,0.80165,1.00,1.00
2017.09.13 10:02:51.277,0.80149,0.80166,1.00,1.50
2017.09.13 10:02:51.835,0.80149,0.80165,1.00,1.00
2017.09.13 10:02:52.125,0.80149,0.80162,1.00,1.00
2017.09.13 10:02:52.177,0.80145,0.80161,2.25,1.00
2017.09.13 10:02:52.758,0.80145,0.80161,1.50,1.00
2017.09.13 10:02:53.294,0.80145,0.80162,1.50,1.00
2017.09.13 10:02:53.996,0.80145,0.80163,1.50,1.69
2017.09.13 10:02:55.025,0.80145,0.80162,1.50,1.00
2017.09.13 10:02:55.127,0.80146,0.80164,1.00,1.00
2017.09.13 10:02:55.825,0.80147,0.80164,1.00,1.00
2017.09.13 10:02:56.078,0.80145,0.80161,1.00,1.25
2017.09.13 10:02:56.409,0.80141,0.80157,2.25,1.00
2017.09.13 10:02:56.915,0.80141,0.80158,2.25,1.50
2017.09.13 10:02:58.192,0.80143,0.80158,1.00,1.00
2017.09.13 10:02:58.914,0.80143,0.80159,1.00,1.50
2017.09.13 10:03:02.213,0.80142,0.80159,2.25,1.50
2017.09.13 10:03:02.846,0.80143,0.80159,1.00,1.50
2017.09.13 10:03:05.117,0.80145,0.80161,1.00,1.00
2017.09.13 10:03:05.320,0.80147,0.80164,1.00,1.00
2017.09.13 10:03:05.982,0.80147,0.80166,1.00,2.62
2017.09.13 10:03:06.549,0.80147,0.80166,1.00,2.62
2017.09.13 10:03:06.825,0.80147,0.80163,1.00,1.00
2017.09.13 10:03:07.425,0.80147,0.80164,1.00,1.25
2017.09.13 10:03:09.628,0.80147,0.80165,1.50,1.12
2017.09.13 10:03:16.915,0.80148,0.80165,1.00,1.12
2017.09.13 10:03:17.863,0.80147,0.80165,1.50,1.31
2017.09.13 10:03:19.682,0.80149,0.80166,1.00,2.44
2017.09.13 10:03:20.211,0.80149,0.80166,1.00,1.69
2017.09.13 10:03:21.890,0.80147,0.80165,3.37,1.00
2017.09.13 10:03:21.941,0.80147,0.80162,1.12,1.00
2017.09.13 10:03:22.144,0.80147,0.80164,1.50,1.00
2017.09.13 10:03:33.265,0.80147,0.80162,1.00,1.00
2017.09.13 10:03:33.316,0.80145,0.80164,1.50,3.19
2017.09.13 10:03:35.136,0.80146,0.80164,1.00,1.87
2017.09.13 10:03:35.237,0.80145,0.80162,1.00,1.00
2017.09.13 10:03:35.490,0.80145,0.80164,1.00,2.44
2017.09.13 10:03:36.408,0.80146,0.80164,1.00,1.50
2017.09.13 10:03:40.665,0.80145,0.80163,1.50,1.00
2017.09.13 10:03:41.316,0.80145,0.80164,1.50,1.69
2017.09.13 10:03:41.825,0.80146,0.80165,1.00,3.00
2017.09.13 10:03:42.333,0.80146,0.80165,1.00,1.12
2017.09.13 10:03:44.544,0.80147,0.80165,1.00,1.87
2017.09.13 10:03:49.078,0.8015,0.80165,1.00,1.12
2017.09.13 10:03:50.641,0.8015,0.80166,1.00,1.50
2017.09.13 10:03:51.214,0.8015,0.80165,1.69,1.00
2017.09.13 10:03:51.899,0.80151,0.80165,1.00,1.00
2017.09.13 10:03:56.763,0.80151,0.80167,1.00,1.69
2017.09.13 10:03:57.267,0.80151,0.80166,1.00,1.00
2017.09.13 10:04:04.654,0.80155,0.80169,1.00,1.69
2017.09.13 10:04:04.705,0.80153,0.80169,1.00,1.69
2017.09.13 10:04:04.806,0.80155,0.8017,1.00,1.75
2017.09.13 10:04:04.858,0.80155,0.80172,1.00,1.50
2017.09.13 10:04:04.909,0.80157,0.80173,1.00,1.75
2017.09.13 10:04:04.960,0.80157,0.80173,1.50,1.00
2017.09.13 10:04:05.011,0.80158,0.80175,1.00,1.00
2017.09.13 10:04:05.336,0.8016,0.80177,1.00,1.87
2017.09.13 10:04:05.936,0.80159,0.80177,1.00,1.87
2017.09.13 10:04:10.791,0.80159,0.80175,1.00,1.00
2017.09.13 10:04:11.520,0.80158,0.80175,1.00,1.00
2017.09.13 10:04:12.305,0.80158,0.80174,1.00,1.00
2017.09.13 10:04:13.005,0.80157,0.80174,1.50,1.00
2017.09.13 10:04:14.811,0.80157,0.80173,1.50,1.00
2017.09.13 10:04:16.622,0.80158,0.80173,1.00,1.00
2017.09.13 10:04:17.137,0.80157,0.80172,1.50,1.00
2017.09.13 10:04:17.987,0.80157,0.80171,1.00,1.00
2017.09.13 10:04:18.089,0.80155,0.80171,1.00,1.00
2017.09.13 10:04:18.298,0.80157,0.80173,1.00,1.12
2017.09.13 10:04:19.498,0.80157,0.80174,1.50,1.50
2017.09.13 10:04:20.354,0.80157,0.80173,1.50,1.50
2017.09.13 10:04:22.968,0.80155,0.80173,1.50,1.00
2017.09.13 10:04:23.955,0.80155,0.80172,1.00,1.00
2017.09.13 10:04:24.760,0.80155,0.80173,1.69,1.00
2017.09.13 10:04:25.141,0.80157,0.80173,1.00,1.00
2017.09.13 10:04:25.647,0.80156,0.80173,1.00,1.00
2017.09.13 10:04:26.318,0.80155,0.80173,1.69,1.50
2017.09.13 10:04:30.202,0.80156,0.80173,1.00,1.50
2017.09.13 10:04:30.816,0.80155,0.80173,1.50,1.50
2017.09.13 10:04:31.142,0.80152,0.80169,1.50,1.00
2017.09.13 10:04:31.193,0.80153,0.80172,2.25,2.06
2017.09.13 10:04:31.565,0.80154,0.80169,1.50,1.00
2017.09.13 10:04:31.768,0.80154,0.80171,1.50,1.87
2017.09.13 10:04:32.365,0.80155,0.80171,1.00,1.12
2017.09.13 10:04:35.664,0.80155,0.8017,1.00,1.00
2017.09.13 10:04:36.205,0.80154,0.8017,1.50,1.00
2017.09.13 10:04:36.741,0.80154,0.80171,1.50,1.31
2017.09.13 10:04:37.415,0.80155,0.80171,1.00,2.06
2017.09.13 10:04:41.446,0.80156,0.80172,1.00,1.62
2017.09.13 10:04:42.186,0.80156,0.80172,1.00,1.25
2017.09.13 10:04:42.704,0.80157,0.80172,1.00,1.00
2017.09.13 10:04:44.845,0.80157,0.80173,1.00,1.69
2017.09.13 10:04:45.916,0.80155,0.80173,1.69,2.06
2017.09.13 10:04:46.417,0.80157,0.80174,1.50,1.12
2017.09.13 10:04:46.922,0.80158,0.80174,1.00,1.00
2017.09.13 10:04:47.744,0.80158,0.80175,1.00,1.69
2017.09.13 10:04:48.975,0.80157,0.80175,1.00,1.50
2017.09.13 10:04:51.147,0.80157,0.80174,1.00,1.00
2017.09.13 10:04:51.655,0.80157,0.80173,1.00,1.00
2017.09.13 10:04:52.200,0.80157,0.80175,1.69,1.50
2017.09.13 10:04:52.925,0.80157,0.80175,1.50,1.00
2017.09.13 10:04:53.434,0.80157,0.80176,1.50,1.50
2017.09.13 10:04:55.439,0.80159,0.80176,1.00,1.00
2017.09.13 10:04:55.977,0.80158,0.80175,1.00,1.25
2017.09.13 10:04:56.946,0.80158,0.80176,1.00,1.50
2017.09.13 10:04:57.920,0.80158,0.80175,1.00,1.00
2017.09.13 10:04:59.169,0.80157,0.80175,1.00,1.12
2017.09.13 10:05:00.263,0.80157,0.80176,1.00,2.25
2017.09.13 10:05:01.007,0.80157,0.80174,1.00,1.00
2017.09.13 10:05:01.311,0.80156,0.80172,1.50,1.00
2017.09.13 10:05:01.654,0.80156,0.80174,1.50,1.12
2017.09.13 10:05:02.171,0.80157,0.80174,1.00,1.12
2017.09.13 10:05:02.869,0.80158,0.80175,1.00,2.25
2017.09.13 10:05:03.469,0.80158,0.80175,1.00,1.50
2017.09.13 10:05:04.529,0.80157,0.80175,1.00,1.50
2017.09.13 10:05:05.416,0.80158,0.80175,1.00,1.00
2017.09.13 10:05:07.111,0.80159,0.80177,1.00,1.12
2017.09.13 10:05:07.709,0.8016,0.80178,1.50,1.87
2017.09.13 10:05:08.237,0.80159,0.80178,2.25,2.44
2017.09.13 10:05:08.840,0.80159,0.80177,1.00,1.00
2017.09.13 10:05:09.382,0.8016,0.80177,1.00,1.00
2017.09.13 10:05:09.968,0.8016,0.80178,1.00,1.00
2017.09.13 10:05:11.568,0.80159,0.80176,1.00,1.00
2017.09.13 10:05:11.822,0.80156,0.80174,1.00,1.69
2017.09.13 10:05:12.338,0.80157,0.80174,1.00,1.12
2017.09.13 10:05:12.591,0.80158,0.80176,1.00,1.50
2017.09.13 10:05:17.240,0.80157,0.80176,2.25,1.25
2017.09.13 10:05:18.053,0.80158,0.80176,1.00,1.69
2017.09.13 10:05:19.486,0.80159,0.80176,1.00,1.00
2017.09.13 10:05:20.059,0.80159,0.80178,1.00,3.19
2017.09.13 10:05:20.595,0.80158,0.80177,1.50,1.87
2017.09.13 10:05:21.141,0.80158,0.80176,1.50,1.00
2017.09.13 10:05:21.965,0.80157,0.80176,3.19,1.69
2017.09.13 10:05:22.513,0.80157,0.80175,1.00,1.25
2017.09.13 10:05:27.838,0.80156,0.80175,2.25,1.50
2017.09.13 10:05:28.378,0.80157,0.80175,1.00,1.69
2017.09.13 10:05:29.287,0.80157,0.80175,1.00,1.87
2017.09.13 10:05:33.195,0.80156,0.80175,2.25,1.69
2017.09.13 10:05:33.729,0.80157,0.80175,1.00,1.69
2017.09.13 10:05:34.664,0.80157,0.80173,1.00,1.25
2017.09.13 10:05:34.715,0.80155,0.80172,1.87,1.25
2017.09.13 10:05:35.222,0.80154,0.80172,1.00,2.62
2017.09.13 10:05:36.698,0.80154,0.80172,2.44,1.00
2017.09.13 10:05:37.206,0.80154,0.80171,2.25,1.00
2017.09.13 10:05:38.530,0.80154,0.80172,2.44,1.69
2017.09.13 10:05:38.740,0.80154,0.8017,1.00,1.00
2017.09.13 10:05:38.842,0.80152,0.8017,1.00,1.69
2017.09.13 10:05:39.518,0.80152,0.80169,1.25,1.00
2017.09.13 10:05:39.619,0.80154,0.8017,1.25,1.12
2017.09.13 10:05:47.659,0.80155,0.8017,1.00,1.00
2017.09.13 10:05:48.971,0.80154,0.8017,1.50,1.00
2017.09.13 10:05:49.710,0.80155,0.80173,1.00,1.12
2017.09.13 10:05:49.913,0.80156,0.80175,1.00,3.37
2017.09.13 10:05:50.476,0.80157,0.80175,1.00,1.25
2017.09.13 10:05:50.979,0.80158,0.80176,1.00,1.12
2017.09.13 10:05:52.172,0.80157,0.80177,1.50,3.19
2017.09.13 10:05:53.640,0.80157,0.80175,1.69,1.25
2017.09.13 10:05:55.176,0.80157,0.80175,1.50,1.31
2017.09.13 10:05:56.039,0.80157,0.80175,1.50,1.12
2017.09.13 10:05:56.428,0.80157,0.80169,1.00,1.00
2017.09.13 10:05:56.734,0.80156,0.80166,1.00,1.00
2017.09.13 10:05:58.852,0.80149,0.80166,1.00,1.69
2017.09.13 10:06:00.223,0.80149,0.80166,1.00,2.81
2017.09.13 10:06:00.375,0.80147,0.80164,2.44,1.25
2017.09.13 10:06:00.918,0.80144,0.80163,3.19,1.87
2017.09.13 10:06:01.677,0.80143,0.80159,1.00,1.00
2017.09.13 10:06:01.930,0.80141,0.80159,1.69,1.00
2017.09.13 10:06:02.381,0.8014,0.80154,1.00,1.00
2017.09.13 10:06:02.634,0.80137,0.80154,1.00,1.00
2017.09.13 10:06:03.610,0.80138,0.80154,1.00,1.25
2017.09.13 10:06:03.813,0.80136,0.80154,3.00,1.12
2017.09.13 10:06:04.437,0.80136,0.80153,1.00,1.00
2017.09.13 10:06:05.335,0.80135,0.80153,1.25,1.50
2017.09.13 10:06:06.462,0.80135,0.80152,1.25,1.00
2017.09.13 10:06:07.024,0.80135,0.80153,1.25,1.50
2017.09.13 10:06:07.530,0.80134,0.80153,2.25,1.50
2017.09.13 10:06:08.031,0.80135,0.80153,1.00,1.50
2017.09.13 10:06:08.649,0.80134,0.80153,1.69,1.50
2017.09.13 10:06:09.198,0.80134,0.80152,1.25,1.00
2017.09.13 10:06:13.060,0.80135,0.80152,1.00,1.00
2017.09.13 10:06:13.589,0.80134,0.80152,1.69,1.00
2017.09.13 10:06:16.848,0.80133,0.80152,2.25,1.00
2017.09.13 10:06:17.454,0.80134,0.80152,1.00,1.50
2017.09.13 10:06:19.198,0.80133,0.80151,1.00,1.00
2017.09.13 10:06:22.579,0.80133,0.8015,1.00,1.00
2017.09.13 10:06:22.680,0.80131,0.8015,3.37,1.00
2017.09.13 10:06:23.191,0.80132,0.8015,1.00,1.25
2017.09.13 10:06:23.829,0.80132,0.80149,1.00,1.00
2017.09.13 10:06:24.650,0.80132,0.8015,1.00,1.25
2017.09.13 10:06:25.578,0.80132,0.80149,1.00,1.00
2017.09.13 10:06:26.108,0.80132,0.80151,1.00,2.81
2017.09.13 10:06:31.833,0.80132,0.80149,1.00,1.00
2017.09.13 10:06:32.986,0.80136,0.80151,1.00,1.69
2017.09.13 10:06:33.211,0.80138,0.80154,1.00,1.00
2017.09.13 10:06:33.718,0.80139,0.80155,1.00,1.00
2017.09.13 10:06:34.269,0.80139,0.80157,1.00,2.44
2017.09.13 10:06:34.983,0.80139,0.80157,1.50,1.50
2017.09.13 10:06:36.674,0.8014,0.80157,1.25,1.00
2017.09.13 10:06:36.775,0.80141,0.8016,1.50,3.19
2017.09.13 10:06:37.323,0.80142,0.8016,1.00,1.25
2017.09.13 10:06:40.137,0.80142,0.80159,1.00,1.00
2017.09.13 10:06:40.667,0.80141,0.80158,1.00,1.50
2017.09.13 10:06:41.901,0.80141,0.80153,1.00,1.00
2017.09.13 10:06:42.054,0.80136,0.80151,1.50,1.50
2017.09.13 10:06:42.257,0.80134,0.8015,1.00,1.00
2017.09.13 10:06:42.832,0.80134,0.80151,1.00,2.44
2017.09.13 10:06:44.386,0.80133,0.80151,1.69,2.25
2017.09.13 10:06:44.929,0.80133,0.8015,1.69,1.00
2017.09.13 10:06:46.797,0.80133,0.80149,1.69,1.00
2017.09.13 10:06:47.323,0.80133,0.8015,1.50,1.69
2017.09.13 10:06:47.859,0.80136,0.80153,1.00,1.69
2017.09.13 10:06:48.171,0.80139,0.80156,1.00,1.00
2017.09.13 10:06:48.760,0.80139,0.80157,1.00,1.69
2017.09.13 10:06:50.769,0.80139,0.80156,1.00,1.00
2017.09.13 10:06:54.135,0.80139,0.80153,1.00,1.19
2017.09.13 10:06:54.186,0.80136,0.80151,1.50,1.00
2017.09.13 10:06:54.338,0.80135,0.8015,1.00,1.69
2017.09.13 10:06:54.901,0.80135,0.80149,1.00,1.50
2017.09.13 10:06:55.340,0.80133,0.80149,1.00,1.25
2017.09.13 10:06:57.651,0.80133,0.8015,1.50,1.00
2017.09.13 10:06:58.328,0.80133,0.80151,1.50,1.69
2017.09.13 10:07:02.252,0.80133,0.8015,1.00,1.00
2017.09.13 10:07:04.173,0.80132,0.80149,1.00,1.00
2017.09.13 10:07:04.224,0.8013,0.80147,1.12,1.00
2017.09.13 10:07:04.887,0.80129,0.80147,1.50,1.00
2017.09.13 10:07:10.410,0.80129,0.80146,1.00,1.00
2017.09.13 10:07:14.490,0.80127,0.80143,1.00,2.06
2017.09.13 10:07:14.693,0.80124,0.8014,1.69,1.00
2017.09.13 10:07:15.201,0.80123,0.8014,1.00,1.00
2017.09.13 10:07:15.829,0.80122,0.8014,2.44,1.00
2017.09.13 10:07:16.620,0.80124,0.80141,1.00,1.69
2017.09.13 10:07:17.378,0.80125,0.80142,1.00,1.69
2017.09.13 10:07:18.069,0.80125,0.80143,1.00,1.50
2017.09.13 10:07:18.810,0.80126,0.80144,1.00,1.69
2017.09.13 10:07:19.224,0.80128,0.80146,1.00,3.00
2017.09.13 10:07:21.675,0.80127,0.80146,1.69,2.25
2017.09.13 10:07:22.201,0.80128,0.80147,1.00,3.00
2017.09.13 10:07:23.761,0.8013,0.80146,1.00,1.50
2017.09.13 10:07:23.816,0.80128,0.80146,1.69,1.50
2017.09.13 10:07:24.316,0.80128,0.80147,1.50,1.00
2017.09.13 10:07:30.164,0.80129,0.80147,1.00,1.00
2017.09.13 10:07:30.859,0.80129,0.80148,1.50,1.50
2017.09.13 10:07:31.494,0.80129,0.80147,1.00,1.00
2017.09.13 10:07:32.027,0.80129,0.80148,1.00,1.00
2017.09.13 10:07:32.591,0.80129,0.80147,1.25,1.00
2017.09.13 10:07:37.364,0.80129,0.80146,1.50,1.00
2017.09.13 10:07:38.743,0.8013,0.80148,1.00,1.50
2017.09.13 10:07:39.010,0.80133,0.80148,1.00,1.00
2017.09.13 10:07:39.314,0.80132,0.8015,2.44,1.00
2017.09.13 10:07:40.840,0.8013,0.80148,2.25,1.50
2017.09.13 10:07:41.378,0.8013,0.80147,1.25,1.00
2017.09.13 10:07:42.100,0.8013,0.80148,2.25,1.87
2017.09.13 10:07:42.440,0.80128,0.80144,1.13,1.00
2017.09.13 10:07:42.946,0.80129,0.80146,1.50,1.50
2017.09.13 10:07:43.452,0.80129,0.80146,1.00,1.00
2017.09.13 10:07:44.036,0.80129,0.80147,1.00,1.00
2017.09.13 10:07:45.685,0.80129,0.80146,1.00,1.00
2017.09.13 10:07:46.230,0.80128,0.80147,1.69,1.69
2017.09.13 10:07:46.680,0.8013,0.80147,1.13,1.00
2017.09.13 10:07:47.186,0.80129,0.80147,1.50,1.00
2017.09.13 10:07:47.735,0.80129,0.80148,1.50,1.50
2017.09.13 10:07:49.039,0.80129,0.80147,1.50,1.00
2017.09.13 10:07:51.779,0.8013,0.80147,1.00,1.00
2017.09.13 10:07:52.283,0.8013,0.80148,1.00,3.56
2017.09.13 10:07:52.874,0.80131,0.80148,1.00,2.62
2017.09.13 10:08:00.181,0.8013,0.80148,1.00,1.87
2017.09.13 10:08:04.233,0.80129,0.80148,2.44,1.12
2017.09.13 10:08:04.877,0.80129,0.80148,3.19,2.62
2017.09.13 10:08:05.608,0.80129,0.80148,2.44,1.87
2017.09.13 10:08:05.911,0.80131,0.80148,1.00,1.12
2017.09.13 10:08:06.433,0.8013,0.80148,1.25,2.62
2017.09.13 10:08:07.836,0.80129,0.80148,3.19,2.62
2017.09.13 10:08:08.357,0.80129,0.80147,1.50,2.62
2017.09.13 10:08:10.065,0.8013,0.80147,1.00,1.87
2017.09.13 10:08:13.477,0.80129,0.80146,1.00,1.00
2017.09.13 10:08:13.988,0.80128,0.80146,1.25,1.00
2017.09.13 10:08:14.509,0.80128,0.80147,1.00,1.12
2017.09.13 10:08:15.033,0.80128,0.80146,1.00,1.50
2017.09.13 10:08:15.684,0.80128,0.80144,1.00,1.00
2017.09.13 10:08:16.140,0.80127,0.80146,1.50,1.50
2017.09.13 10:08:20.352,0.80127,0.80144,1.25,1.00
2017.09.13 10:08:20.812,0.80127,0.80146,1.69,2.44
2017.09.13 10:08:21.674,0.80128,0.80146,1.00,1.69
2017.09.13 10:08:22.409,0.80127,0.80145,1.00,1.69
2017.09.13 10:08:24.928,0.80127,0.80144,1.50,1.50
2017.09.13 10:08:25.131,0.80129,0.80146,1.00,1.50
2017.09.13 10:08:25.658,0.80128,0.80146,1.50,1.00
2017.09.13 10:08:28.772,0.80129,0.80146,1.00,1.00
2017.09.13 10:08:29.076,0.80135,0.80151,1.00,1.25
2017.09.13 10:08:29.127,0.80133,0.80151,1.50,1.25
2017.09.13 10:08:29.635,0.80133,0.8015,1.00,1.50
2017.09.13 10:08:30.239,0.80133,0.80149,1.00,1.00
2017.09.13 10:08:30.754,0.80131,0.80149,2.25,1.50
2017.09.13 10:08:31.553,0.80131,0.80148,1.00,1.00
2017.09.13 10:08:31.990,0.80129,0.80148,3.19,1.50
2017.09.13 10:08:35.688,0.80129,0.80147,2.25,1.00
2017.09.13 10:08:43.616,0.80129,0.80148,2.25,2.25
2017.09.13 10:08:48.671,0.80129,0.80147,2.25,1.00
2017.09.13 10:08:50.349,0.80129,0.80148,2.25,1.50
2017.09.13 10:08:50.850,0.80129,0.80147,1.50,1.00
2017.09.13 10:08:51.355,0.80129,0.80148,1.50,1.50
2017.09.13 10:08:52.332,0.80129,0.80147,1.50,1.00
2017.09.13 10:08:54.822,0.80129,0.80148,1.50,1.00
2017.09.13 10:08:56.848,0.80129,0.80145,1.88,1.00
2017.09.13 10:08:57.101,0.80132,0.8015,1.50,1.69
2017.09.13 10:08:57.291,0.8013,0.80148,1.69,1.00
2017.09.13 10:08:58.305,0.80129,0.80148,2.44,1.00
2017.09.13 10:08:59.476,0.80129,0.80149,2.25,3.37
2017.09.13 10:09:00.273,0.80129,0.80148,2.44,1.00
2017.09.13 10:09:02.880,0.80129,0.80148,2.81,1.00
2017.09.13 10:09:04.404,0.8013,0.80149,1.00,1.87
2017.09.13 10:09:04.950,0.8013,0.80148,1.25,1.00
2017.09.13 10:09:07.104,0.8013,0.80149,1.00,2.62
2017.09.13 10:09:07.694,0.8013,0.80148,1.00,1.00
2017.09.13 10:09:09.857,0.8013,0.80149,1.00,2.62
2017.09.13 10:09:10.390,0.8013,0.80148,1.25,1.00
2017.09.13 10:09:11.141,0.8013,0.80149,1.00,2.25
2017.09.13 10:09:11.642,0.80129,0.80148,2.06,1.00
2017.09.13 10:09:13.020,0.80129,0.80149,1.87,2.25
2017.09.13 10:09:13.650,0.80129,0.80148,1.87,1.00
2017.09.13 10:09:14.866,0.80131,0.80148,1.00,1.00
2017.09.13 10:09:15.146,0.80131,0.80146,1.00,1.00
2017.09.13 10:09:15.357,0.80128,0.80145,2.25,1.00
2017.09.13 10:09:15.408,0.80128,0.80143,1.25,1.00
2017.09.13 10:09:16.507,0.80128,0.80144,1.50,1.00
2017.09.13 10:09:17.051,0.80128,0.80143,2.81,1.00
2017.09.13 10:09:22.603,0.80128,0.80144,1.00,1.00
2017.09.13 10:09:22.757,0.80126,0.80143,1.50,1.00
2017.09.13 10:09:24.320,0.80126,0.80144,1.50,1.00
2017.09.13 10:09:24.840,0.80126,0.80143,1.87,1.00
2017.09.13 10:09:26.492,0.80126,0.80144,1.50,1.50
2017.09.13 10:09:26.887,0.80128,0.80144,1.00,1.00
2017.09.13 10:09:26.938,0.80128,0.80146,1.12,1.50
2017.09.13 10:09:31.889,0.80129,0.80146,1.00,1.25
2017.09.13 10:09:34.742,0.80128,0.80146,1.87,1.50
2017.09.13 10:09:34.947,0.8013,0.80144,1.00,1.25
2017.09.13 10:09:35.302,0.80129,0.80142,1.00,1.00
2017.09.13 10:09:35.520,0.80126,0.80143,1.00,1.25
2017.09.13 10:09:36.077,0.80125,0.80143,1.12,1.69
2017.09.13 10:09:36.613,0.80125,0.80142,1.12,1.00
2017.09.13 10:09:36.764,0.80125,0.80144,1.12,1.50
2017.09.13 10:09:36.967,0.80125,0.80142,1.00,1.00
2017.09.13 10:09:37.345,0.80127,0.80144,1.00,1.31
2017.09.13 10:09:37.547,0.80127,0.80146,2.62,1.00
2017.09.13 10:09:40.989,0.80127,0.80145,1.50,1.00
2017.09.13 10:09:45.839,0.80127,0.80144,1.50,1.00
2017.09.13 10:09:46.345,0.80127,0.80142,1.00,1.00
2017.09.13 10:09:46.497,0.80123,0.80139,1.00,1.00
2017.09.13 10:09:47.011,0.80123,0.8014,1.00,1.00
2017.09.13 10:09:48.290,0.80123,0.80141,1.00,2.25
2017.09.13 10:09:51.791,0.80123,0.80141,1.00,2.25
2017.09.13 10:09:52.651,0.80123,0.80139,1.00,1.00
2017.09.13 10:09:53.647,0.80123,0.80138,1.00,1.00
2017.09.13 10:09:53.985,0.80122,0.80141,2.10,2.62
2017.09.13 10:09:54.035,0.80126,0.80144,1.68,2.62
2017.09.13 10:09:54.087,0.80127,0.80144,1.00,1.25
2017.09.13 10:09:54.189,0.80125,0.80143,1.68,1.00
2017.09.13 10:09:54.545,0.80125,0.80145,1.50,1.25
2017.09.13 10:09:55.074,0.80126,0.80144,1.69,1.00
2017.09.13 10:09:55.226,0.80127,0.80145,1.43,1.50
2017.09.13 10:09:55.869,0.80127,0.80146,1.00,1.87
2017.09.13 10:09:56.370,0.80127,0.80145,1.24,1.00
2017.09.13 10:09:57.445,0.80127,0.80146,1.00,1.87
2017.09.13 10:09:58.008,0.80127,0.80145,1.24,1.00
2017.09.13 10:09:59.709,0.80126,0.80145,2.62,2.44
2017.09.13 10:10:00.248,0.80126,0.80144,1.50,1.00
2017.09.13 10:10:00.552,0.80128,0.80145,1.00,1.50
2017.09.13 10:10:02.206,0.80128,0.80146,2.25,1.87
2017.09.13 10:10:02.541,0.80131,0.80146,1.00,1.00
2017.09.13 10:10:03.047,0.80129,0.80147,1.00,1.87
2017.09.13 10:10:03.558,0.80128,0.80146,2.62,1.00
2017.09.13 10:10:04.758,0.80128,0.80145,1.00,1.00
2017.09.13 10:10:04.809,0.80126,0.80145,2.62,1.00
2017.09.13 10:10:05.428,0.80126,0.80146,1.00,1.50
2017.09.13 10:10:06.004,0.80126,0.80146,1.87,2.62
2017.09.13 10:10:07.053,0.80126,0.80145,1.12,1.31
2017.09.13 10:10:07.105,0.80125,0.80141,1.87,1.00
2017.09.13 10:10:07.261,0.80123,0.8014,1.00,1.50
2017.09.13 10:10:07.767,0.80123,0.80141,1.50,1.00
2017.09.13 10:10:08.310,0.80123,0.8014,1.00,1.00
2017.09.13 10:10:08.853,0.80123,0.80141,1.00,3.19
2017.09.13 10:10:10.109,0.80123,0.80139,1.00,1.00
2017.09.13 10:10:10.413,0.80125,0.80141,1.00,1.50
2017.09.13 10:10:10.464,0.80125,0.80142,1.00,1.50
2017.09.13 10:10:10.987,0.80126,0.80143,1.00,1.12
2017.09.13 10:10:11.240,0.80128,0.80146,1.25,2.63
2017.09.13 10:10:11.785,0.80128,0.80145,1.25,1.00
2017.09.13 10:10:11.937,0.8013,0.80147,1.25,1.87
2017.09.13 10:10:12.242,0.80132,0.80148,1.00,1.00
2017.09.13 10:10:12.831,0.80131,0.80148,1.69,1.00
2017.09.13 10:10:13.234,0.80131,0.80146,1.00,1.00
2017.09.13 10:10:13.905,0.8013,0.80146,1.69,1.00
2017.09.13 10:10:14.821,0.80131,0.80147,1.00,1.00
2017.09.13 10:10:15.497,0.8013,0.80147,1.87,1.50
2017.09.13 10:10:18.691,0.80131,0.80147,1.00,1.00
2017.09.13 10:10:19.415,0.80131,0.80146,1.00,1.00
2017.09.13 10:10:19.919,0.8013,0.80146,1.25,1.00
2017.09.13 10:10:20.222,0.80132,0.80148,1.00,1.50
2017.09.13 10:10:21.493,0.8013,0.80146,1.50,1.00
2017.09.13 10:10:22.030,0.8013,0.80147,1.00,2.25
2017.09.13 10:10:22.969,0.8013,0.80146,1.00,1.00
2017.09.13 10:10:23.705,0.8013,0.80145,1.00,1.00
2017.09.13 10:10:25.163,0.8013,0.80144,1.00,1.00
2017.09.13 10:10:25.669,0.80127,0.80144,4.12,1.00
2017.09.13 10:10:27.172,0.80129,0.80144,1.00,1.00
2017.09.13 10:10:27.704,0.80129,0.80145,1.00,1.50
2017.09.13 10:10:28.230,0.80127,0.80145,3.19,1.50
2017.09.13 10:10:29.133,0.80127,0.80144,3.19,1.00
2017.09.13 10:10:29.665,0.80129,0.80144,1.00,1.00
2017.09.13 10:10:30.184,0.80127,0.80145,3.19,1.50
2017.09.13 10:10:30.690,0.80127,0.80145,3.19,1.87
2017.09.13 10:10:31.194,0.80127,0.80144,2.44,1.00
2017.09.13 10:10:34.636,0.80127,0.80143,1.50,1.00
2017.09.13 10:10:36.153,0.80127,0.80144,1.00,1.25
2017.09.13 10:10:37.059,0.80127,0.80145,1.00,1.25
2017.09.13 10:10:37.640,0.80126,0.80145,2.62,1.00
2017.09.13 10:10:38.191,0.80127,0.80145,1.00,1.25
2017.09.13 10:10:38.902,0.80126,0.80146,2.62,1.50
2017.09.13 10:10:39.783,0.80127,0.80146,1.00,2.81
2017.09.13 10:10:40.739,0.80126,0.80146,2.62,1.50
2017.09.13 10:10:41.381,0.80128,0.80144,1.00,1.00
2017.09.13 10:10:43.047,0.80127,0.80144,1.00,1.00
2017.09.13 10:10:43.523,0.80126,0.80142,1.00,1.00
2017.09.13 10:10:43.917,0.80126,0.80144,1.00,1.69
2017.09.13 10:10:46.490,0.80127,0.80144,1.00,1.00
2017.09.13 10:10:46.996,0.80126,0.80144,2.62,1.50
2017.09.13 10:10:47.355,0.80126,0.80142,1.12,2.06
2017.09.13 10:10:47.671,0.80123,0.80139,1.00,1.00
2017.09.13 10:10:47.823,0.80121,0.80139,2.81,1.50
2017.09.13 10:10:48.344,0.80122,0.8014,1.00,1.50
2017.09.13 10:10:48.856,0.80121,0.80139,2.81,1.00
2017.09.13 10:10:49.695,0.80121,0.80138,2.62,1.00
2017.09.13 10:10:50.237,0.80122,0.80139,1.00,1.50
2017.09.13 10:10:50.785,0.80123,0.80139,1.50,1.00
2017.09.13 10:10:51.312,0.80123,0.8014,1.50,1.69
2017.09.13 10:10:52.724,0.80123,0.80139,1.50,1.00
2017.09.13 10:10:53.040,0.80123,0.80141,1.00,1.00
2017.09.13 10:10:53.378,0.80131,0.80144,1.00,1.50
2017.09.13 10:10:53.580,0.80131,0.80148,1.50,2.06
2017.09.13 10:10:53.783,0.80129,0.80146,1.12,1.00
2017.09.13 10:10:54.087,0.80128,0.80144,2.25,1.00
2017.09.13 10:10:55.327,0.80128,0.80145,2.25,1.50
2017.09.13 10:10:58.205,0.80128,0.80144,1.69,1.50
2017.09.13 10:10:58.747,0.80128,0.80143,1.00,1.00
2017.09.13 10:11:00.636,0.80128,0.80144,1.00,1.69
2017.09.13 10:11:01.143,0.80128,0.80143,1.00,1.00
2017.09.13 10:11:01.650,0.80128,0.80144,1.00,1.00
2017.09.13 10:11:02.184,0.80127,0.80144,1.00,1.25
2017.09.13 10:11:13.293,0.80128,0.80145,1.00,1.69
2017.09.13 10:11:13.848,0.80128,0.80144,1.12,1.00
2017.09.13 10:11:14.382,0.80127,0.80145,2.62,1.25
2017.09.13 10:11:16.134,0.80128,0.80145,1.00,1.25
2017.09.13 10:11:18.138,0.8013,0.80145,1.00,1.25
2017.09.13 10:11:18.656,0.8013,0.80146,1.00,1.25
2017.09.13 10:11:21.294,0.8013,0.80145,1.00,1.00
2017.09.13 10:11:21.651,0.80127,0.80145,1.50,1.50
2017.09.13 10:11:22.341,0.80127,0.80145,1.69,2.06
2017.09.13 10:11:22.813,0.80128,0.80146,1.25,1.87
2017.09.13 10:11:23.982,0.80127,0.80146,2.62,1.87
2017.09.13 10:11:27.684,0.8013,0.80146,1.00,1.25
2017.09.13 10:11:28.310,0.80128,0.80145,3.37,1.00
2017.09.13 10:11:28.875,0.80128,0.80146,2.44,1.69
2017.09.13 10:11:29.851,0.80128,0.80145,1.50,1.00
2017.09.13 10:11:31.279,0.80127,0.80144,1.50,1.69
2017.09.13 10:11:32.010,0.80129,0.80145,1.00,1.00
2017.09.13 10:11:32.792,0.80129,0.80146,1.00,1.69
2017.09.13 10:11:33.309,0.80129,0.80145,1.00,1.00
2017.09.13 10:11:34.655,0.80129,0.80146,1.00,1.69
2017.09.13 10:11:35.470,0.80129,0.80145,2.25,1.00
2017.09.13 10:11:35.672,0.80129,0.80147,2.44,1.25
2017.09.13 10:11:37.055,0.80129,0.80146,1.69,1.00
2017.09.13 10:11:39.586,0.80129,0.80147,1.00,2.44
2017.09.13 10:11:40.266,0.80129,0.80146,1.00,1.25
2017.09.13 10:11:40.848,0.80129,0.80147,1.00,1.69
2017.09.13 10:11:41.355,0.80129,0.80146,1.00,1.25
2017.09.13 10:11:43.433,0.80129,0.80147,2.44,1.25
2017.09.13 10:11:43.534,0.80131,0.80149,1.00,1.50
2017.09.13 10:11:43.990,0.80135,0.80151,1.00,1.12
2017.09.13 10:11:44.142,0.80136,0.80154,1.00,2.81
2017.09.13 10:11:44.344,0.80135,0.80151,1.50,1.00
2017.09.13 10:11:44.609,0.80133,0.80151,2.44,1.50
2017.09.13 10:11:47.675,0.80133,0.80149,1.00,1.00
2017.09.13 10:11:47.878,0.80131,0.80148,1.50,1.50
2017.09.13 10:11:48.232,0.80132,0.8015,1.25,1.50
2017.09.13 10:11:48.737,0.80133,0.8015,1.00,1.25
2017.09.13 10:11:49.497,0.80133,0.80151,1.00,1.00
2017.09.13 10:11:59.204,0.80133,0.8015,1.00,1.25
2017.09.13 10:11:59.754,0.80133,0.80151,1.25,1.87
2017.09.13 10:11:59.855,0.80135,0.80151,1.00,1.00
2017.09.13 10:12:00.363,0.80135,0.80152,1.00,1.00
2017.09.13 10:12:02.713,0.80135,0.80151,1.00,1.00
2017.09.13 10:12:03.282,0.80135,0.8015,1.00,1.69
2017.09.13 10:12:11.031,0.80133,0.8015,1.50,1.00
2017.09.13 10:12:13.439,0.80133,0.80149,1.00,1.00
2017.09.13 10:12:13.979,0.80133,0.8015,1.00,1.00
2017.09.13 10:12:14.512,0.80133,0.80149,1.00,1.00
2017.09.13 10:12:19.064,0.80133,0.80148,1.00,1.00
2017.09.13 10:12:19.584,0.80133,0.8015,1.00,1.69
2017.09.13 10:12:20.110,0.80134,0.80149,1.00,1.00
2017.09.13 10:12:20.212,0.80135,0.80152,1.00,1.69
2017.09.13 10:12:21.047,0.80135,0.80151,1.00,1.00
2017.09.13 10:12:21.099,0.80135,0.80149,1.00,1.00
2017.09.13 10:12:21.200,0.80132,0.80148,1.50,1.00
2017.09.13 10:12:21.747,0.80132,0.80149,1.25,1.50
2017.09.13 10:12:22.942,0.80131,0.80149,1.35,1.50
2017.09.13 10:12:23.972,0.80132,0.80149,1.25,1.50
2017.09.13 10:12:24.216,0.80136,0.80152,1.00,1.75
2017.09.13 10:12:24.267,0.80135,0.80153,1.69,1.00
2017.09.13 10:12:24.420,0.80136,0.80151,1.00,1.00
2017.09.13 10:12:25.892,0.80134,0.80151,1.50,1.69
2017.09.13 10:12:27.342,0.80134,0.80151,1.73,1.25
2017.09.13 10:12:27.843,0.80134,0.8015,1.60,1.00
2017.09.13 10:12:28.163,0.80134,0.80153,1.88,2.44
2017.09.13 10:12:28.697,0.80134,0.80153,2.44,1.25
2017.09.13 10:12:28.799,0.80136,0.80151,1.00,1.00
2017.09.13 10:12:29.321,0.80136,0.80153,1.00,1.19
2017.09.13 10:12:29.866,0.80137,0.80154,1.00,1.69
2017.09.13 10:12:30.592,0.80136,0.80154,1.87,1.69
2017.09.13 10:12:31.059,0.80136,0.80154,1.87,1.69
2017.09.13 10:12:31.110,0.80139,0.80156,1.00,2.44
2017.09.13 10:12:31.262,0.80139,0.80153,1.00,1.00
2017.09.13 10:12:31.791,0.80139,0.80154,1.00,1.25
2017.09.13 10:12:32.307,0.80139,0.80155,1.00,1.25
2017.09.13 10:12:33.674,0.80139,0.80154,1.00,1.00
2017.09.13 10:12:34.776,0.80139,0.80155,1.00,1.25
2017.09.13 10:12:36.545,0.80138,0.80155,2.25,1.00
2017.09.13 10:12:37.387,0.80139,0.80155,1.00,1.00
2017.09.13 10:12:39.898,0.80138,0.80155,2.85,1.00
2017.09.13 10:12:40.450,0.80139,0.80155,1.00,1.00
2017.09.13 10:12:42.075,0.80139,0.80156,1.50,1.69
2017.09.13 10:12:42.601,0.80138,0.80155,2.44,1.25
2017.09.13 10:12:49.806,0.80139,0.80156,1.00,1.00
2017.09.13 10:12:57.184,0.80139,0.80155,1.25,1.00
2017.09.13 10:12:57.661,0.80143,0.80156,1.00,1.00
2017.09.13 10:12:57.762,0.80149,0.80164,1.00,1.00
2017.09.13 10:12:57.864,0.80149,0.80166,1.88,1.00
2017.09.13 10:12:58.410,0.80149,0.80165,1.50,1.00
2017.09.13 10:12:58.899,0.80146,0.80164,2.25,1.00
2017.09.13 10:12:58.949,0.80146,0.80161,2.25,1.25
2017.09.13 10:12:59.101,0.80144,0.80161,2.44,1.25
2017.09.13 10:12:59.608,0.80144,0.80161,1.50,2.06
2017.09.13 10:13:00.110,0.80144,0.80161,1.50,1.88
2017.09.13 10:13:00.618,0.80144,0.8016,1.00,1.87
2017.09.13 10:13:00.720,0.80142,0.8016,1.69,2.06
2017.09.13 10:13:00.922,0.80142,0.80158,1.00,1.31
2017.09.13 10:13:03.214,0.80141,0.80158,1.50,1.00
2017.09.13 10:13:03.740,0.80142,0.80158,1.00,1.25
2017.09.13 10:13:05.620,0.80141,0.80158,2.25,1.00
2017.09.13 10:13:06.131,0.80142,0.80159,1.00,1.00
2017.09.13 10:13:06.636,0.80142,0.80158,1.00,1.00
2017.09.13 10:13:08.018,0.80141,0.80158,2.25,1.00
2017.09.13 10:13:08.785,0.80142,0.80158,1.00,1.00
2017.09.13 10:13:09.696,0.80142,0.80159,1.00,1.00
2017.09.13 10:13:10.218,0.80142,0.8016,1.00,1.69
2017.09.13 10:13:10.522,0.80142,0.80158,1.00,1.00
2017.09.13 10:13:11.440,0.80142,0.80159,1.50,1.00
2017.09.13 10:13:11.979,0.80142,0.8016,1.50,1.87
2017.09.13 10:13:12.320,0.80141,0.80157,1.00,1.00
2017.09.13 10:13:12.837,0.80141,0.80158,1.50,1.00
2017.09.13 10:13:13.614,0.80141,0.80159,1.69,2.62
2017.09.13 10:13:14.138,0.80142,0.80159,1.25,1.00
2017.09.13 10:13:15.048,0.80142,0.8016,1.13,2.62
2017.09.13 10:13:15.351,0.80144,0.80161,1.25,1.50
2017.09.13 10:13:15.893,0.80143,0.8016,1.50,1.25
2017.09.13 10:13:16.480,0.80144,0.8016,1.00,1.00
2017.09.13 10:13:17.000,0.80143,0.8016,1.00,1.00
2017.09.13 10:13:17.515,0.80143,0.80161,1.50,1.69
2017.09.13 10:13:19.865,0.80143,0.80162,1.50,3.00
2017.09.13 10:13:20.463,0.80143,0.80161,1.50,1.25
2017.09.13 10:13:21.370,0.80145,0.80161,1.00,1.00
2017.09.13 10:13:21.614,0.80146,0.80164,1.00,1.44
2017.09.13 10:13:21.665,0.80143,0.8016,1.50,1.25
2017.09.13 10:13:25.530,0.80143,0.80161,1.50,1.50
2017.09.13 10:13:25.834,0.80146,0.80164,1.50,1.00
2017.09.13 10:13:29.949,0.80145,0.80163,1.87,1.00
2017.09.13 10:13:30.466,0.80145,0.80162,1.00,1.50
2017.09.13 10:13:30.800,0.80143,0.80162,1.00,1.50
2017.09.13 10:13:32.739,0.80142,0.80162,3.00,2.25
2017.09.13 10:13:32.791,0.80143,0.8016,1.50,1.00
2017.09.13 10:13:33.297,0.80144,0.8016,1.00,1.00
2017.09.13 10:13:33.982,0.80142,0.8016,3.37,1.00
2017.09.13 10:13:35.090,0.80142,0.8016,2.81,1.00
2017.09.13 10:13:35.832,0.80143,0.8016,1.00,1.00
2017.09.13 10:13:36.351,0.80142,0.8016,2.06,1.00
2017.09.13 10:13:37.000,0.80142,0.80161,2.25,1.50
2017.09.13 10:13:37.604,0.80142,0.8016,3.56,1.00
2017.09.13 10:13:38.387,0.80142,0.80161,2.25,1.50
2017.09.13 10:13:38.917,0.80142,0.8016,1.69,1.00
2017.09.13 10:13:39.949,0.80142,0.80161,1.50,2.25
2017.09.13 10:13:40.511,0.80142,0.8016,1.69,1.00
2017.09.13 10:13:41.094,0.80142,0.80159,1.00,1.00
2017.09.13 10:13:41.297,0.80143,0.80161,1.00,1.00
2017.09.13 10:13:41.798,0.80143,0.80162,1.50,2.44
2017.09.13 10:13:42.599,0.80142,0.80162,3.00,1.50
2017.09.13 10:13:44.406,0.80142,0.8016,2.44,1.00
2017.09.13 10:13:45.892,0.80143,0.8016,1.00,1.12
2017.09.13 10:13:46.397,0.80143,0.80159,1.00,1.00
2017.09.13 10:13:47.599,0.80142,0.80159,1.50,1.00
2017.09.13 10:13:48.554,0.80142,0.8016,1.69,1.50
2017.09.13 10:13:50.451,0.80142,0.80161,1.00,1.50
2017.09.13 10:13:50.973,0.80142,0.8016,1.12,1.00
2017.09.13 10:13:51.547,0.80142,0.80161,1.00,1.87
2017.09.13 10:13:51.852,0.80139,0.80159,2.47,3.00
2017.09.13 10:13:51.953,0.80141,0.80159,1.00,1.50
2017.09.13 10:13:52.457,0.80142,0.8016,1.69,1.50
2017.09.13 10:13:53.781,0.80143,0.8016,1.00,1.00
2017.09.13 10:13:54.787,0.80142,0.8016,1.87,1.00
2017.09.13 10:13:55.931,0.80143,0.8016,1.00,1.00
2017.09.13 10:13:56.459,0.80144,0.8016,1.00,1.00
2017.09.13 10:13:56.966,0.80143,0.8016,3.04,1.00
2017.09.13 10:13:57.506,0.80142,0.80159,1.25,1.25
2017.09.13 10:13:59.222,0.80141,0.80158,3.19,1.00
2017.09.13 10:14:01.709,0.80142,0.80159,1.00,1.00
2017.09.13 10:14:03.951,0.80141,0.8016,3.19,1.69
2017.09.13 10:14:04.955,0.80142,0.8016,1.00,1.50
2017.09.13 10:14:05.581,0.80143,0.8016,1.00,1.00
2017.09.13 10:14:06.085,0.80142,0.8016,1.25,1.00
2017.09.13 10:14:06.606,0.80143,0.8016,1.00,1.00
2017.09.13 10:14:07.195,0.80142,0.8016,1.25,1.00
2017.09.13 10:14:07.498,0.80141,0.80158,2.06,1.00
2017.09.13 10:14:08.000,0.80141,0.80159,1.50,2.25
2017.09.13 10:14:08.502,0.80142,0.80158,1.00,1.00
2017.09.13 10:14:09.160,0.80143,0.80158,1.00,1.00
2017.09.13 10:14:09.261,0.80143,0.8016,1.00,1.00
2017.09.13 10:14:10.782,0.80143,0.80161,1.00,2.62
2017.09.13 10:14:11.318,0.80143,0.8016,1.00,1.00
2017.09.13 10:14:14.134,0.80143,0.80161,1.00,1.87
2017.09.13 10:14:14.701,0.80143,0.8016,1.00,1.00
2017.09.13 10:14:20.121,0.80144,0.8016,1.00,1.00
2017.09.13 10:14:20.323,0.80141,0.80157,1.69,1.00
2017.09.13 10:14:20.680,0.80138,0.80155,1.25,1.00
2017.09.13 10:14:21.186,0.80137,0.80154,1.12,1.00
2017.09.13 10:14:21.808,0.80137,0.80155,1.12,1.25
2017.09.13 10:14:22.332,0.80137,0.80154,1.12,1.00
2017.09.13 10:14:22.897,0.80137,0.80153,1.12,1.00
2017.09.13 10:14:23.545,0.80137,0.80154,1.87,1.69
2017.09.13 10:14:24.046,0.80137,0.80155,2.06,1.50
2017.09.13 10:14:25.241,0.80137,0.80154,1.87,1.00
2017.09.13 10:14:28.141,0.80137,0.80155,2.06,1.69
2017.09.13 10:14:28.780,0.80138,0.80156,1.25,2.25
2017.09.13 10:14:29.319,0.80139,0.80156,1.00,1.50
2017.09.13 10:14:30.591,0.80139,0.80155,1.00,1.00
2017.09.13 10:14:30.895,0.80137,0.80154,1.12,1.25
2017.09.13 10:14:31.417,0.80136,0.80153,1.00,1.25
2017.09.13 10:14:31.957,0.80138,0.80155,1.00,1.19
2017.09.13 10:14:32.008,0.80138,0.80156,1.88,1.12
2017.09.13 10:14:32.530,0.80138,0.80157,1.88,1.50
2017.09.13 10:14:32.581,0.8014,0.80157,1.25,1.00
2017.09.13 10:14:35.545,0.8014,0.80159,2.44,2.25
2017.09.13 10:14:35.849,0.8014,0.80157,2.25,1.00
2017.09.13 10:14:36.397,0.80142,0.80158,1.00,1.00
2017.09.13 10:14:37.006,0.80142,0.80159,1.00,1.12
2017.09.13 10:14:38.377,0.80141,0.80159,1.25,1.87
2017.09.13 10:14:38.921,0.80142,0.8016,1.00,3.00
2017.09.13 10:14:39.950,0.80141,0.80159,1.50,1.50
2017.09.13 10:14:40.001,0.80139,0.80156,1.00,1.50
2017.09.13 10:14:40.052,0.80139,0.80154,1.00,1.00
2017.09.13 10:14:40.557,0.80139,0.80155,1.00,1.00
2017.09.13 10:14:40.906,0.80141,0.80158,1.25,2.25
2017.09.13 10:14:41.912,0.80141,0.80158,1.44,2.44
2017.09.13 10:14:42.451,0.80141,0.80158,1.00,1.69
2017.09.13 10:14:44.075,0.80141,0.80157,1.00,1.00
2017.09.13 10:14:44.278,0.80139,0.80156,2.25,1.25
2017.09.13 10:14:46.037,0.80139,0.80155,1.50,1.00
2017.09.13 10:14:47.257,0.80139,0.80156,2.25,1.69
2017.09.13 10:14:48.529,0.80137,0.80154,2.44,1.00
2017.09.13 10:14:49.042,0.80137,0.80153,1.00,1.69
2017.09.13 10:14:49.579,0.80137,0.80154,1.50,1.25
2017.09.13 10:14:50.941,0.80138,0.80155,1.00,1.69
2017.09.13 10:14:51.720,0.80137,0.80156,1.00,1.87
2017.09.13 10:14:52.277,0.80137,0.80155,1.00,1.00
2017.09.13 10:14:54.282,0.80137,0.80156,1.50,2.62
2017.09.13 10:14:54.822,0.80137,0.80155,1.69,1.00
2017.09.13 10:14:55.993,0.80137,0.80156,1.50,2.62
2017.09.13 10:14:56.520,0.80137,0.80155,1.69,1.00
2017.09.13 10:14:58.193,0.80137,0.80156,1.50,2.62
2017.09.13 10:14:59.120,0.80137,0.80155,1.69,1.00
2017.09.13 10:15:00.322,0.80137,0.80156,1.50,2.62
2017.09.13 10:15:00.626,0.80139,0.80155,1.00,1.00
2017.09.13 10:15:01.273,0.80138,0.80155,1.00,1.00
2017.09.13 10:15:02.531,0.80137,0.80154,1.50,1.13
2017.09.13 10:15:03.929,0.80137,0.80155,1.69,1.88
2017.09.13 10:15:04.515,0.80137,0.80154,1.69,1.00
2017.09.13 10:15:05.030,0.80137,0.80155,1.50,1.50
2017.09.13 10:15:06.498,0.80137,0.80154,1.50,1.00
2017.09.13 10:15:09.560,0.80135,0.80153,1.50,1.50
2017.09.13 10:15:10.104,0.80133,0.80152,1.87,3.00
2017.09.13 10:15:10.624,0.80133,0.80151,1.87,1.00
2017.09.13 10:15:10.877,0.80135,0.80153,1.00,1.50
2017.09.13 10:15:11.453,0.80135,0.80154,1.50,1.87
2017.09.13 10:15:11.758,0.80137,0.80154,1.00,1.00
2017.09.13 10:15:12.062,0.80137,0.80152,1.00,1.00
2017.09.13 10:15:12.226,0.80137,0.80154,1.00,1.00
2017.09.13 10:15:12.996,0.80137,0.80155,1.00,1.25
2017.09.13 10:15:13.843,0.80137,0.80156,1.00,1.69
2017.09.13 10:15:14.383,0.80137,0.80156,1.50,2.62
2017.09.13 10:15:15.165,0.80136,0.80154,1.00,1.00
2017.09.13 10:15:15.705,0.80137,0.80154,1.00,1.00
2017.09.13 10:15:16.857,0.80136,0.80154,1.50,1.00
2017.09.13 10:15:17.386,0.80137,0.80154,1.00,1.25
2017.09.13 10:15:22.106,0.80135,0.80154,2.62,1.69
2017.09.13 10:15:22.891,0.80134,0.80153,2.44,2.63
2017.09.13 10:15:24.341,0.80135,0.80153,1.00,1.50
2017.09.13 10:15:24.850,0.80135,0.80155,1.50,3.19
2017.09.13 10:15:25.236,0.80137,0.80154,1.00,1.12
2017.09.13 10:15:25.991,0.80137,0.80155,1.00,1.31
2017.09.13 10:15:29.373,0.80138,0.80155,1.00,2.06
2017.09.13 10:15:29.880,0.80138,0.80156,2.62,1.25
2017.09.13 10:15:30.886,0.80138,0.80157,2.25,1.00
2017.09.13 10:15:31.454,0.80138,0.80156,1.50,1.00
2017.09.13 10:15:32.095,0.80138,0.80156,2.25,1.19
2017.09.13 10:15:32.197,0.80138,0.80157,2.44,2.44
2017.09.13 10:15:32.400,0.8014,0.80157,1.00,1.00
2017.09.13 10:15:32.859,0.80138,0.80156,1.00,1.87
2017.09.13 10:15:34.000,0.80139,0.80156,1.00,1.25
2017.09.13 10:15:35.134,0.80139,0.80158,1.50,3.00
2017.09.13 10:15:37.095,0.80139,0.80158,1.00,2.06
2017.09.13 10:15:37.601,0.80139,0.80157,1.00,1.00
2017.09.13 10:15:38.106,0.8014,0.80157,1.00,1.00
2017.09.13 10:15:38.631,0.80139,0.80158,1.50,1.31
2017.09.13 10:15:39.144,0.80139,0.80157,1.69,1.25
2017.09.13 10:15:39.959,0.8014,0.80157,1.00,1.00
2017.09.13 10:15:41.994,0.8014,0.80158,1.00,2.25
2017.09.13 10:15:43.882,0.8014,0.80157,1.00,1.00
2017.09.13 10:15:44.408,0.80139,0.80157,1.69,1.25
2017.09.13 10:15:45.600,0.8014,0.80157,1.00,1.25
2017.09.13 10:15:46.133,0.8014,0.80156,1.00,1.00
2017.09.13 10:15:46.661,0.80139,0.80156,1.00,1.00
2017.09.13 10:15:47.817,0.8014,0.80158,1.69,1.00
2017.09.13 10:15:48.324,0.80141,0.80159,1.69,1.25
2017.09.13 10:15:48.996,0.8014,0.80158,2.62,1.25
2017.09.13 10:15:50.473,0.8014,0.80159,2.44,1.25
2017.09.13 10:15:53.338,0.80141,0.80159,1.00,1.69
2017.09.13 10:15:56.790,0.80141,0.8016,1.00,2.44
2017.09.13 10:16:00.258,0.80142,0.8016,1.25,2.25
2017.09.13 10:16:02.243,0.80143,0.8016,1.00,1.00
2017.09.13 10:16:03.679,0.80142,0.8016,2.62,1.00
2017.09.13 10:16:04.685,0.80141,0.8016,1.69,1.87
2017.09.13 10:16:05.188,0.80142,0.80161,1.00,3.00
2017.09.13 10:16:05.936,0.80142,0.80161,1.50,1.87
2017.09.13 10:16:06.640,0.80142,0.8016,1.50,1.00
2017.09.13 10:16:07.180,0.80142,0.80161,2.25,1.69
2017.09.13 10:16:07.706,0.80142,0.8016,2.25,1.00
2017.09.13 10:16:08.875,0.80142,0.80159,1.50,1.00
2017.09.13 10:16:09.586,0.80142,0.8016,2.44,1.25
2017.09.13 10:16:11.502,0.80142,0.80159,1.00,1.50
2017.09.13 10:16:12.006,0.80142,0.8016,1.00,2.06
2017.09.13 10:16:16.206,0.80143,0.8016,1.00,1.00
2017.09.13 10:16:17.019,0.80143,0.80161,1.00,1.00
2017.09.13 10:16:17.418,0.80143,0.80159,1.00,1.00
2017.09.13 10:16:18.543,0.80143,0.80161,1.00,2.25
2017.09.13 10:16:25.035,0.80143,0.8016,1.00,1.00
2017.09.13 10:16:25.658,0.80142,0.8016,1.00,1.00
2017.09.13 10:16:31.241,0.80142,0.80161,1.00,1.69
2017.09.13 10:16:31.769,0.80143,0.80161,1.00,1.50
2017.09.13 10:16:31.921,0.80145,0.80162,1.50,1.87
2017.09.13 10:16:32.229,0.80147,0.80164,1.50,1.00
2017.09.13 10:16:33.890,0.80147,0.80165,1.69,1.12
2017.09.13 10:16:34.398,0.80147,0.80166,1.50,1.50
2017.09.13 10:16:35.089,0.80149,0.80167,1.00,1.69
2017.09.13 10:16:35.393,0.80151,0.80169,2.25,1.00
2017.09.13 10:16:35.943,0.80151,0.8017,3.04,1.00
2017.09.13 10:16:41.534,0.80152,0.8017,1.00,1.00
2017.09.13 10:16:42.205,0.80152,0.8017,1.44,1.00
2017.09.13 10:16:44.118,0.80154,0.80173,1.00,2.25
2017.09.13 10:16:48.098,0.80155,0.80173,1.00,2.44
2017.09.13 10:16:49.450,0.80157,0.80174,1.00,2.44
2017.09.13 10:16:49.602,0.80157,0.80174,1.00,1.69
2017.09.13 10:16:50.284,0.80157,0.80173,1.00,1.00
2017.09.13 10:16:53.314,0.80156,0.80173,1.50,1.50
2017.09.13 10:16:53.822,0.80155,0.80172,1.00,1.50
2017.09.13 10:16:55.719,0.80155,0.80173,1.00,1.50
2017.09.13 10:16:57.196,0.80155,0.80172,1.50,1.00
2017.09.13 10:17:00.925,0.80156,0.80174,1.00,1.69
2017.09.13 10:17:01.027,0.80158,0.80176,1.00,3.37
2017.09.13 10:17:01.625,0.80157,0.80176,1.50,2.62
2017.09.13 10:17:01.970,0.80156,0.80173,1.12,1.00
2017.09.13 10:17:02.498,0.80155,0.80173,1.00,1.25
2017.09.13 10:17:04.583,0.80154,0.80173,2.25,1.00
2017.09.13 10:17:05.373,0.80154,0.80172,1.00,1.00
2017.09.13 10:17:06.095,0.80154,0.80173,1.50,1.00
2017.09.13 10:17:13.540,0.80155,0.80174,1.00,2.25
2017.09.13 10:17:14.053,0.80156,0.80175,3.19,1.12
2017.09.13 10:17:14.447,0.80158,0.80176,1.00,1.50
2017.09.13 10:17:14.859,0.80158,0.80173,1.00,1.00
2017.09.13 10:17:14.961,0.80156,0.80173,3.19,1.25
2017.09.13 10:17:15.481,0.80156,0.80174,1.69,1.00
2017.09.13 10:17:15.583,0.80158,0.80175,1.00,1.12
2017.09.13 10:17:16.088,0.80157,0.80174,1.00,1.00
2017.09.13 10:17:16.637,0.80158,0.80175,1.00,1.00
2017.09.13 10:17:17.244,0.80158,0.80176,1.00,1.00
2017.09.13 10:17:17.816,0.80158,0.80177,1.50,1.00
2017.09.13 10:17:18.354,0.80159,0.80177,1.50,1.00
2017.09.13 10:17:23.317,0.80159,0.80178,1.50,1.87
2017.09.13 10:17:24.895,0.80159,0.80177,2.44,1.00
2017.09.13 10:17:25.097,0.80162,0.80182,1.00,3.56
2017.09.13 10:17:25.639,0.80162,0.80181,1.25,1.00
2017.09.13 10:17:26.570,0.80162,0.80179,1.00,1.00
2017.09.13 10:17:33.270,0.8016,0.80179,2.25,1.87
2017.09.13 10:17:41.268,0.8016,0.80177,1.00,1.25
2017.09.13 10:17:43.710,0.80159,0.80172,1.00,1.00
2017.09.13 10:17:43.761,0.80159,0.80174,1.00,1.69
2017.09.13 10:17:43.812,0.80157,0.80174,1.00,2.06
2017.09.13 10:17:44.332,0.80156,0.80174,1.25,2.06
2017.09.13 10:17:44.837,0.80156,0.80172,1.69,1.00
2017.09.13 10:17:45.373,0.80156,0.80171,1.50,1.00
2017.09.13 10:17:45.743,0.80153,0.80168,1.00,1.50
2017.09.13 10:17:50.723,0.80151,0.80168,2.44,1.00
2017.09.13 10:17:53.677,0.80151,0.80169,4.35,1.50
2017.09.13 10:17:54.205,0.80153,0.8017,2.29,1.25
2017.09.13 10:17:54.773,0.80157,0.80172,1.00,1.00
2017.09.13 10:17:54.951,0.80157,0.80175,2.10,2.81
2017.09.13 10:17:55.484,0.80159,0.80175,1.00,1.00
2017.09.13 10:17:57.688,0.80159,0.80176,1.00,1.00
2017.09.13 10:17:58.193,0.80158,0.80176,2.25,1.00
2017.09.13 10:17:58.737,0.80159,0.80175,1.00,1.00
2017.09.13 10:17:59.401,0.80158,0.80175,2.62,1.00
2017.09.13 10:17:59.941,0.80158,0.80176,2.25,1.00
2017.09.13 10:18:00.099,0.80159,0.80178,1.69,2.06
2017.09.13 10:18:00.302,0.80161,0.80179,1.00,1.62
2017.09.13 10:18:00.539,0.80161,0.8018,1.50,1.68
2017.09.13 10:18:01.058,0.80161,0.80179,2.25,1.00
2017.09.13 10:18:01.574,0.80162,0.8018,1.00,1.00
2017.09.13 10:18:02.103,0.80163,0.80179,1.00,1.00
2017.09.13 10:18:02.764,0.80161,0.80179,2.62,1.00
2017.09.13 10:18:06.214,0.80161,0.80179,2.43,1.00
2017.09.13 10:18:06.416,0.80163,0.80179,1.00,1.00
2017.09.13 10:18:07.918,0.80163,0.8018,1.00,1.00
2017.09.13 10:18:08.447,0.80163,0.80179,1.00,1.00
2017.09.13 10:18:11.383,0.80162,0.80179,1.24,1.00
2017.09.13 10:18:11.910,0.80163,0.80179,1.00,1.00
2017.09.13 10:18:12.410,0.80163,0.80181,1.50,2.06
2017.09.13 10:18:12.514,0.80163,0.80179,1.00,1.00
2017.09.13 10:18:12.615,0.80161,0.80178,1.50,1.00
2017.09.13 10:18:13.719,0.80161,0.80179,1.00,1.69
2017.09.13 10:18:14.285,0.80161,0.80178,1.00,1.25
2017.09.13 10:18:15.243,0.8016,0.80178,1.00,2.62
2017.09.13 10:18:15.787,0.8016,0.80178,1.00,2.06
2017.09.13 10:18:16.327,0.80159,0.80177,1.87,1.13
2017.09.13 10:18:16.841,0.80159,0.80176,1.87,1.00
2017.09.13 10:18:17.979,0.80159,0.80177,1.87,1.25
2017.09.13 10:18:18.030,0.80159,0.80173,1.12,1.25
2017.09.13 10:18:18.232,0.80155,0.80171,1.12,1.00
2017.09.13 10:18:18.334,0.80153,0.80171,3.79,1.00
2017.09.13 10:18:18.858,0.80154,0.80171,1.00,1.25
2017.09.13 10:18:19.428,0.80154,0.8017,1.00,1.00
2017.09.13 10:18:20.484,0.80154,0.80171,1.50,1.00
2017.09.13 10:18:21.033,0.80154,0.80172,1.69,2.06
2017.09.13 10:18:22.026,0.80154,0.80171,1.87,1.00
2017.09.13 10:18:23.322,0.80153,0.8017,2.44,1.00
2017.09.13 10:18:23.462,0.80156,0.80173,1.50,3.00
2017.09.13 10:18:23.513,0.80157,0.80174,1.69,1.00
2017.09.13 10:18:23.615,0.80159,0.80176,1.00,1.50
2017.09.13 10:18:24.123,0.80158,0.80175,1.69,1.00
2017.09.13 10:18:24.457,0.80152,0.80168,1.12,1.00
2017.09.13 10:18:24.609,0.80153,0.8017,1.05,1.12
2017.09.13 10:18:24.812,0.80157,0.80174,1.25,1.62
2017.09.13 10:18:25.015,0.80159,0.80176,1.00,1.00
2017.09.13 10:18:25.549,0.80158,0.80176,2.29,1.00
2017.09.13 10:18:29.479,0.80157,0.80175,3.19,1.00
2017.09.13 10:18:29.977,0.80159,0.80176,1.00,1.50
2017.09.13 10:18:31.480,0.80158,0.80176,1.69,1.50
2017.09.13 10:18:31.783,0.80155,0.8017,1.12,1.69
2017.09.13 10:18:31.834,0.80153,0.80169,1.12,1.25
2017.09.13 10:18:31.936,0.80151,0.80167,1.00,1.00
2017.09.13 10:18:32.623,0.80151,0.80168,1.00,1.25
2017.09.13 10:18:36.105,0.80153,0.8017,1.50,2.25
2017.09.13 10:18:36.350,0.80156,0.80174,1.72,2.06
2017.09.13 10:18:36.553,0.80156,0.80172,1.35,1.00
2017.09.13 10:18:36.756,0.80157,0.80174,1.00,1.12
2017.09.13 10:18:37.306,0.80157,0.80176,1.50,2.25
2017.09.13 10:18:37.408,0.80159,0.80176,1.00,1.00
2017.09.13 10:18:37.919,0.80158,0.80176,1.50,1.00
2017.09.13 10:18:38.454,0.80158,0.80174,1.50,1.00
2017.09.13 10:18:39.045,0.80159,0.80174,1.00,1.00
2017.09.13 10:18:39.737,0.80158,0.80174,1.50,1.00
2017.09.13 10:18:40.818,0.80158,0.80176,1.50,1.69
2017.09.13 10:18:40.939,0.80155,0.80171,1.12,1.25
2017.09.13 10:18:41.794,0.80153,0.80169,1.25,1.00
2017.09.13 10:18:42.321,0.80152,0.80168,1.50,1.00
2017.09.13 10:18:43.263,0.80152,0.80169,1.00,1.69
2017.09.13 10:18:43.793,0.80152,0.80168,1.25,1.00
2017.09.13 10:18:44.337,0.80152,0.80169,1.00,1.31
2017.09.13 10:18:47.485,0.80151,0.80168,1.69,1.00
2017.09.13 10:18:48.056,0.80151,0.80167,1.00,1.00
2017.09.13 10:18:48.933,0.80151,0.80168,1.00,1.69
2017.09.13 10:18:50.204,0.80151,0.80167,1.00,1.00
2017.09.13 10:18:50.255,0.80149,0.80167,1.87,1.00
2017.09.13 10:18:51.575,0.80149,0.80167,1.88,1.00
2017.09.13 10:18:52.122,0.80149,0.80167,1.50,1.00
2017.09.13 10:18:53.546,0.8015,0.80167,1.16,1.50
2017.09.13 10:18:54.073,0.80151,0.80167,1.00,1.00
2017.09.13 10:18:58.890,0.8015,0.80167,2.47,1.00
2017.09.13 10:18:59.430,0.80151,0.80167,1.00,1.50
2017.09.13 10:18:59.845,0.80151,0.80163,1.00,1.00
2017.09.13 10:18:59.896,0.80148,0.80164,1.00,1.69
2017.09.13 10:19:00.149,0.80147,0.80162,1.00,1.00
2017.09.13 10:19:01.004,0.80146,0.80162,1.12,1.00
2017.09.13 10:19:02.508,0.80146,0.80162,3.41,1.50
2017.09.13 10:19:02.778,0.80146,0.80162,1.25,1.50
2017.09.13 10:19:05.352,0.80145,0.80163,1.69,1.50
2017.09.13 10:19:05.866,0.80146,0.80162,1.12,1.00
2017.09.13 10:19:06.149,0.80153,0.80167,1.00,1.75
2017.09.13 10:19:06.201,0.80153,0.80167,1.00,1.12
2017.09.13 10:19:06.303,0.80153,0.8017,1.00,1.00
2017.09.13 10:19:07.101,0.80154,0.8017,1.50,1.00
2017.09.13 10:19:07.950,0.80154,0.80171,1.50,1.00
2017.09.13 10:19:08.483,0.80154,0.8017,1.00,1.00
2017.09.13 10:19:10.939,0.80153,0.8017,1.00,1.00
2017.09.13 10:19:11.558,0.80154,0.8017,1.00,1.00
2017.09.13 10:19:12.696,0.80152,0.8017,2.29,1.00
2017.09.13 10:19:13.212,0.80152,0.80171,2.10,1.50
2017.09.13 10:19:13.759,0.80152,0.8017,1.00,1.87
2017.09.13 10:19:14.285,0.80151,0.80169,1.69,1.50
2017.09.13 10:19:14.448,0.80151,0.80167,1.00,1.50
2017.09.13 10:19:14.549,0.80149,0.80166,1.50,1.00
2017.09.13 10:19:15.448,0.8015,0.80166,1.00,1.00
2017.09.13 10:19:15.980,0.80149,0.80166,1.00,1.00
2017.09.13 10:19:16.574,0.8015,0.80166,1.00,1.00
2017.09.13 10:19:17.865,0.80149,0.80166,1.00,1.00
2017.09.13 10:19:20.248,0.80149,0.80167,1.00,2.62
2017.09.13 10:19:20.784,0.80149,0.80166,1.00,1.50
2017.09.13 10:19:23.924,0.80149,0.80167,1.00,2.62
2017.09.13 10:19:24.474,0.80149,0.80166,1.00,1.00
2017.09.13 10:19:25.688,0.8015,0.80166,1.00,1.00
2017.09.13 10:19:26.208,0.80148,0.80166,1.00,1.00
2017.09.13 10:19:26.738,0.80149,0.80166,1.00,1.00
2017.09.13 10:19:27.373,0.80149,0.80167,1.00,2.62
2017.09.13 10:19:27.877,0.80149,0.80166,1.00,1.00
2017.09.13 10:19:28.483,0.80148,0.80166,1.00,1.00
2017.09.13 10:19:28.844,0.80147,0.80164,1.00,1.00
2017.09.13 10:19:29.190,0.80145,0.80162,1.00,1.00
2017.09.13 10:19:29.803,0.80146,0.80162,1.00,1.00
2017.09.13 10:19:30.422,0.80145,0.80162,1.00,1.00
2017.09.13 10:19:31.784,0.80146,0.80164,1.87,1.12
2017.09.13 10:19:31.987,0.80148,0.80166,1.69,1.00
2017.09.13 10:19:32.556,0.80149,0.80166,1.00,1.00
2017.09.13 10:19:33.161,0.8015,0.80166,1.00,1.00
2017.09.13 10:19:34.817,0.80156,0.80169,1.00,1.75
2017.09.13 10:19:34.965,0.80158,0.80175,1.00,2.44
2017.09.13 10:19:35.067,0.8016,0.80179,1.50,3.00
2017.09.13 10:19:35.118,0.80162,0.80179,1.00,2.44
2017.09.13 10:19:35.270,0.80162,0.80179,1.00,1.13
2017.09.13 10:19:35.472,0.80162,0.80179,1.00,1.38
2017.09.13 10:19:35.907,0.8016,0.80175,1.00,1.00
2017.09.13 10:19:36.412,0.80161,0.80175,1.00,1.00
2017.09.13 10:19:37.379,0.80161,0.80176,1.00,1.00
2017.09.13 10:19:37.919,0.80161,0.80175,1.00,1.00
2017.09.13 10:19:38.458,0.80162,0.80175,1.00,1.00
2017.09.13 10:19:39.823,0.80161,0.80175,1.00,1.00
2017.09.13 10:19:40.471,0.80161,0.80176,1.00,1.00
2017.09.13 10:19:40.585,0.80162,0.80178,1.25,1.12
2017.09.13 10:19:41.095,0.80163,0.80179,1.00,1.00
2017.09.13 10:19:41.247,0.80163,0.80181,1.00,1.50
2017.09.13 10:19:41.783,0.80162,0.80181,1.69,1.31
2017.09.13 10:19:42.327,0.80162,0.8018,1.50,1.25
2017.09.13 10:19:44.497,0.80161,0.80179,1.50,1.13
2017.09.13 10:19:45.007,0.80162,0.80179,1.00,1.00
2017.09.13 10:19:45.796,0.80162,0.80179,1.00,1.31
2017.09.13 10:19:46.312,0.80162,0.80179,1.00,1.25
2017.09.13 10:19:47.146,0.80159,0.80174,1.12,1.00
2017.09.13 10:19:47.298,0.80157,0.80173,1.00,1.13
2017.09.13 10:19:47.349,0.80155,0.80173,1.50,1.13
2017.09.13 10:19:48.162,0.80154,0.80173,2.44,1.25
2017.09.13 10:19:48.791,0.80154,0.80173,2.25,1.19
2017.09.13 10:19:49.302,0.80155,0.80172,1.00,1.00
2017.09.13 10:19:49.894,0.80154,0.80172,3.00,1.25
2017.09.13 10:19:50.487,0.80155,0.80172,2.10,1.00
2017.09.13 10:19:50.590,0.80157,0.80174,1.44,1.12
2017.09.13 10:19:50.895,0.80156,0.80173,1.00,1.50
2017.09.13 10:19:51.400,0.80155,0.80173,1.50,1.00
2017.09.13 10:19:55.510,0.80156,0.80173,1.00,1.87
2017.09.13 10:19:58.344,0.80156,0.80174,1.87,2.06
2017.09.13 10:19:58.892,0.80157,0.80174,1.50,1.25
2017.09.13 10:19:59.096,0.80156,0.80172,1.00,1.00
2017.09.13 10:19:59.684,0.80155,0.80172,1.00,1.00
2017.09.13 10:20:02.354,0.80156,0.80173,1.00,1.50
2017.09.13 10:20:03.770,0.80154,0.8017,1.00,1.00
2017.09.13 10:20:03.922,0.80154,0.80172,1.25,1.25
2017.09.13 10:20:04.744,0.80154,0.80172,1.00,1.44
2017.09.13 10:20:05.246,0.80152,0.8017,2.06,1.69
2017.09.13 10:20:07.727,0.80153,0.80172,1.25,1.69
2017.09.13 10:20:07.779,0.80155,0.80172,1.00,1.50
2017.09.13 10:20:07.931,0.80155,0.80173,1.00,1.50
2017.09.13 10:20:08.336,0.80154,0.8017,1.25,1.00
2017.09.13 10:20:10.851,0.80155,0.80173,1.00,3.00
2017.09.13 10:20:11.375,0.80156,0.80173,1.00,1.50
2017.09.13 10:20:11.917,0.80156,0.80172,1.00,1.00
2017.09.13 10:20:12.430,0.80155,0.80172,1.69,1.00
2017.09.13 10:20:12.937,0.80156,0.80172,1.00,1.00
2017.09.13 10:20:13.503,0.80155,0.80172,1.25,1.00
2017.09.13 10:20:14.006,0.80155,0.80173,1.00,1.50
2017.09.13 10:20:14.528,0.80154,0.80172,1.69,1.00
2017.09.13 10:20:16.235,0.80154,0.80173,1.50,2.25
2017.09.13 10:20:16.742,0.80154,0.80172,1.50,1.69
2017.09.13 10:20:19.859,0.80155,0.80173,1.00,1.12
2017.09.13 10:20:19.961,0.80156,0.80172,1.00,1.63
2017.09.13 10:20:20.063,0.80151,0.80169,3.00,1.13
2017.09.13 10:20:20.599,0.80151,0.80168,1.50,1.00
2017.09.13 10:20:20.701,0.80151,0.8017,2.25,1.25
2017.09.13 10:20:20.803,0.80155,0.80171,1.00,2.25
2017.09.13 10:20:21.108,0.8016,0.80173,1.00,1.00
2017.09.13 10:20:21.210,0.80161,0.80176,1.00,3.56
2017.09.13 10:20:21.613,0.8016,0.80173,1.00,1.00
2017.09.13 10:20:21.916,0.80158,0.80173,1.00,1.00
2017.09.13 10:20:22.422,0.80159,0.80173,1.00,1.50
2017.09.13 10:20:22.970,0.80158,0.80173,1.00,1.50
2017.09.13 10:20:23.457,0.8016,0.80174,1.00,1.50
2017.09.13 10:20:23.962,0.8016,0.80173,1.00,1.00
2017.09.13 10:20:25.196,0.80161,0.80175,1.00,1.87
2017.09.13 10:20:30.349,0.8016,0.80175,1.00,1.87
2017.09.13 10:20:30.451,0.80157,0.80173,1.00,1.50
2017.09.13 10:20:31.036,0.80158,0.80173,1.00,2.25
2017.09.13 10:20:33.482,0.80158,0.80171,1.00,1.00
2017.09.13 10:20:34.603,0.80157,0.80171,1.00,1.00
2017.09.13 10:20:35.122,0.80156,0.80171,1.00,1.00
2017.09.13 10:20:35.757,0.80157,0.80172,1.00,2.25
2017.09.13 10:20:36.420,0.80157,0.80171,1.00,1.00
2017.09.13 10:20:38.881,0.80157,0.80169,1.00,1.00
2017.09.13 10:20:39.424,0.80156,0.80169,1.00,1.00
2017.09.13 10:20:40.348,0.80157,0.80169,1.00,1.00
2017.09.13 10:20:42.624,0.80157,0.8017,1.00,1.00
2017.09.13 10:20:43.381,0.80157,0.80169,1.00,1.00
2017.09.13 10:20:45.129,0.80157,0.8017,1.00,1.00
2017.09.13 10:20:45.829,0.80157,0.80169,1.00,1.00
2017.09.13 10:20:47.019,0.80157,0.8017,1.00,1.00
2017.09.13 10:20:47.595,0.80157,0.80169,1.00,1.00
2017.09.13 10:20:48.845,0.80156,0.80169,1.00,1.00
2017.09.13 10:20:49.549,0.80156,0.80172,1.00,1.50
2017.09.13 10:20:49.803,0.80154,0.8017,1.00,1.50
2017.09.13 10:20:50.335,0.80154,0.80169,1.00,1.87
2017.09.13 10:20:50.868,0.80155,0.80169,1.00,1.87
2017.09.13 10:20:51.389,0.80155,0.80167,1.00,1.00
2017.09.13 10:20:53.093,0.80154,0.80167,1.00,1.00
2017.09.13 10:20:55.694,0.80152,0.80167,1.00,1.00
2017.09.13 10:20:55.745,0.8015,0.80167,1.25,1.00
2017.09.13 10:20:56.352,0.8015,0.80168,1.50,1.50
2017.09.13 10:20:56.864,0.8015,0.80167,1.50,1.00
2017.09.13 10:20:57.577,0.8015,0.80168,1.50,1.50
2017.09.13 10:20:58.147,0.8015,0.80167,1.50,1.00
2017.09.13 10:20:59.324,0.8015,0.80168,1.00,2.25
2017.09.13 10:20:59.875,0.8015,0.80167,1.00,1.00
2017.09.13 10:21:00.895,0.80151,0.80167,1.00,1.00
2017.09.13 10:21:01.149,0.80151,0.80169,2.25,1.12
2017.09.13 10:21:02.503,0.8015,0.80168,1.25,1.00
2017.09.13 10:21:03.080,0.8015,0.80169,1.25,1.50
2017.09.13 10:21:03.587,0.80151,0.80169,1.00,1.31
2017.09.13 10:21:04.091,0.8015,0.80169,1.12,1.12
2017.09.13 10:21:05.802,0.80151,0.80169,1.00,1.87
2017.09.13 10:21:06.321,0.8015,0.80169,1.25,2.25
2017.09.13 10:21:06.869,0.8015,0.80168,1.00,1.00
2017.09.13 10:21:07.625,0.8015,0.80167,1.00,1.00
2017.09.13 10:21:08.685,0.80148,0.80164,1.19,1.00
2017.09.13 10:21:08.787,0.80145,0.80161,1.12,1.00
2017.09.13 10:21:09.318,0.80146,0.80162,1.00,1.12
2017.09.13 10:21:09.837,0.80145,0.80164,1.50,2.25
2017.09.13 10:21:09.988,0.80146,0.80164,1.00,1.50
2017.09.13 10:21:10.356,0.80146,0.80162,1.00,1.00
2017.09.13 10:21:10.711,0.80145,0.80164,1.69,1.50
2017.09.13 10:21:11.076,0.80147,0.80164,1.00,1.00
2017.09.13 10:21:11.379,0.80149,0.80166,1.00,1.50
2017.09.13 10:21:12.099,0.80148,0.80166,1.87,1.50
2017.09.13 10:21:14.482,0.80149,0.80166,1.00,1.50
2017.09.13 10:21:14.988,0.80148,0.80166,1.50,2.25
2017.09.13 10:21:15.717,0.80149,0.80166,1.00,2.25
2017.09.13 10:21:16.256,0.80148,0.80166,1.50,1.50
2017.09.13 10:21:20.856,0.80149,0.80167,1.00,3.00
2017.09.13 10:21:23.001,0.80149,0.80164,1.00,1.00
2017.09.13 10:21:23.320,0.80147,0.80164,1.69,1.00
2017.09.13 10:21:24.292,0.80147,0.80165,1.50,1.12
2017.09.13 10:21:24.805,0.80148,0.80165,1.00,1.12
2017.09.13 10:21:25.323,0.80147,0.80164,1.69,1.00
2017.09.13 10:21:31.884,0.80148,0.80164,1.00,1.00
2017.09.13 10:21:37.839,0.80148,0.80165,1.00,1.00
2017.09.13 10:21:38.345,0.80148,0.80164,1.00,1.00
2017.09.13 10:21:39.522,0.80148,0.80165,1.50,1.00
2017.09.13 10:21:48.349,0.80148,0.80164,1.50,1.00
2017.09.13 10:21:50.415,0.80148,0.80165,1.25,1.00
2017.09.13 10:21:51.035,0.80149,0.80165,1.00,1.00
2017.09.13 10:21:54.665,0.80149,0.80166,1.00,1.87
2017.09.13 10:21:55.175,0.80147,0.80166,3.75,1.12
2017.09.13 10:21:55.700,0.80147,0.80167,2.62,3.00
2017.09.13 10:21:56.236,0.80147,0.80166,3.37,1.12
2017.09.13 10:21:59.747,0.80147,0.80167,2.44,3.00
2017.09.13 10:22:00.051,0.80147,0.80164,1.50,1.00
2017.09.13 10:22:00.456,0.80148,0.80166,1.25,2.81
2017.09.13 10:22:05.024,0.80148,0.80164,1.50,1.00
2017.09.13 10:22:05.297,0.80148,0.80166,1.00,2.25
2017.09.13 10:22:15.943,0.80148,0.80165,1.12,1.00
2017.09.13 10:22:17.403,0.80148,0.80166,1.00,1.00
2017.09.13 10:22:18.595,0.80149,0.80166,1.25,1.69
2017.09.13 10:22:18.798,0.80151,0.80168,1.00,2.63
2017.09.13 10:22:19.000,0.80149,0.80167,1.69,1.12
2017.09.13 10:22:19.149,0.80148,0.80165,1.69,1.00
2017.09.13 10:22:19.892,0.80148,0.80166,1.12,1.50
2017.09.13 10:22:21.469,0.80147,0.80165,1.87,1.00
2017.09.13 10:22:22.189,0.80147,0.80165,1.69,1.00
2017.09.13 10:22:23.835,0.80147,0.80164,1.00,1.00
2017.09.13 10:22:24.416,0.80148,0.80164,1.00,1.00
2017.09.13 10:22:24.517,0.80148,0.80166,1.25,1.69
2017.09.13 10:22:26.026,0.80149,0.80166,1.00,2.06
2017.09.13 10:22:26.575,0.80148,0.80166,1.69,1.69
2017.09.13 10:22:27.828,0.80149,0.80167,1.00,1.69
2017.09.13 10:22:28.336,0.8015,0.80166,1.00,1.00
2017.09.13 10:22:28.870,0.80148,0.80166,1.69,1.12
2017.09.13 10:22:32.433,0.80148,0.80167,1.69,1.00
2017.09.13 10:22:33.126,0.80148,0.80166,1.69,1.00
2017.09.13 10:22:44.252,0.8015,0.80167,1.50,1.00
2017.09.13 10:22:45.017,0.8015,0.80166,1.50,1.00
2017.09.13 10:22:47.544,0.8015,0.80167,1.00,1.00
2017.09.13 10:22:48.316,0.8015,0.80166,1.00,1.00
2017.09.13 10:22:49.818,0.80148,0.80165,1.00,1.00
2017.09.13 10:22:50.325,0.80147,0.80165,1.50,1.00
2017.09.13 10:22:50.847,0.80147,0.80166,1.69,1.87
2017.09.13 10:22:51.616,0.80148,0.80166,1.00,2.81
2017.09.13 10:22:55.958,0.80148,0.80164,1.00,1.00
2017.09.13 10:22:57.165,0.80148,0.80166,1.00,2.81
2017.09.13 10:22:57.501,0.8015,0.80167,1.25,2.25
2017.09.13 10:22:57.755,0.80151,0.80168,1.00,1.50
2017.09.13 10:22:58.289,0.80151,0.80169,1.00,2.81
2017.09.13 10:23:01.084,0.80152,0.80169,1.00,2.25
2017.09.13 10:23:01.706,0.8015,0.80169,2.62,1.69
2017.09.13 10:23:01.988,0.80153,0.8017,1.00,1.12
2017.09.13 10:23:02.566,0.80152,0.80169,1.87,1.00
2017.09.13 10:23:03.078,0.80152,0.8017,1.87,1.25
2017.09.13 10:23:03.872,0.80153,0.80171,1.00,2.25
2017.09.13 10:23:04.636,0.80152,0.80171,1.87,2.25
2017.09.13 10:23:05.252,0.80154,0.80171,1.00,2.06
2017.09.13 10:23:06.029,0.80153,0.80171,1.25,2.06
2017.09.13 10:23:24.714,0.80154,0.80171,1.00,1.87
2017.09.13 10:23:25.280,0.80153,0.80171,1.25,2.62
2017.09.13 10:23:30.665,0.80153,0.8017,1.25,1.00
2017.09.13 10:23:31.566,0.80153,0.80171,1.50,1.00
2017.09.13 10:23:32.205,0.80153,0.8017,1.69,1.00
2017.09.13 10:23:33.104,0.80153,0.80171,1.00,1.50
2017.09.13 10:23:33.696,0.80153,0.8017,1.69,1.00
2017.09.13 10:23:35.309,0.80154,0.8017,1.00,1.00
2017.09.13 10:23:35.898,0.80154,0.80171,1.00,1.50
2017.09.13 10:23:36.410,0.80154,0.8017,1.25,1.00
2017.09.13 10:23:37.339,0.80153,0.8017,1.69,1.00
2017.09.13 10:23:37.840,0.80152,0.8017,1.69,1.69
2017.09.13 10:23:38.971,0.80154,0.8017,1.00,1.69
2017.09.13 10:23:39.475,0.80155,0.8017,1.00,1.00
2017.09.13 10:23:40.900,0.80157,0.8017,1.00,1.00
2017.09.13 10:23:40.952,0.80158,0.80172,1.00,1.25
2017.09.13 10:23:42.082,0.80158,0.80173,1.00,4.12
2017.09.13 10:23:42.766,0.80158,0.80172,1.00,1.12
2017.09.13 10:23:47.923,0.80158,0.80173,1.00,3.94
2017.09.13 10:23:48.676,0.80158,0.80172,1.00,1.25
2017.09.13 10:23:51.160,0.80156,0.80172,1.00,1.12
2017.09.13 10:23:54.299,0.80157,0.80172,1.00,1.69
2017.09.13 10:23:55.361,0.80155,0.80169,1.00,1.00
2017.09.13 10:23:56.955,0.80155,0.8017,1.00,2.63
2017.09.13 10:23:57.073,0.80153,0.80169,1.00,1.87
2017.09.13 10:23:57.124,0.80153,0.80167,1.00,1.00
2017.09.13 10:23:57.277,0.80151,0.80167,1.00,1.00
2017.09.13 10:23:57.813,0.80152,0.80167,1.00,1.50
2017.09.13 10:23:59.077,0.80151,0.80167,1.00,1.87
2017.09.13 10:23:59.583,0.80151,0.80166,1.00,2.06
2017.09.13 10:23:59.685,0.80149,0.80165,1.00,1.00
2017.09.13 10:23:59.907,0.80149,0.80163,1.00,1.00
2017.09.13 10:24:01.626,0.80151,0.80163,1.00,1.00
2017.09.13 10:24:01.677,0.8015,0.80165,1.00,1.00
2017.09.13 10:24:01.728,0.80152,0.80166,1.00,1.87
2017.09.13 10:24:03.031,0.80152,0.80167,1.00,1.50
2017.09.13 10:24:04.005,0.80152,0.80166,1.00,1.00
2017.09.13 10:24:05.857,0.80152,0.80167,1.00,1.50
2017.09.13 10:24:06.444,0.80152,0.80166,1.00,1.00
2017.09.13 10:24:09.177,0.80151,0.80166,1.00,1.00
2017.09.13 10:24:09.760,0.80152,0.80166,1.00,1.00
2017.09.13 10:24:11.369,0.80152,0.80167,1.00,1.50
2017.09.13 10:24:11.894,0.80152,0.80166,1.00,1.00
2017.09.13 10:24:15.136,0.80151,0.80166,1.00,1.00
2017.09.13 10:24:16.287,0.80151,0.80167,1.00,1.50
2017.09.13 10:24:16.591,0.80153,0.80166,1.00,1.00
2017.09.13 10:24:17.178,0.80151,0.80165,1.00,1.00
2017.09.13 10:24:18.608,0.80151,0.80166,1.00,1.50
2017.09.13 10:24:19.283,0.80151,0.80165,1.00,1.00
2017.09.13 10:24:19.813,0.8015,0.80165,1.00,1.25
2017.09.13 10:24:20.323,0.8015,0.80165,1.00,1.19
2017.09.13 10:24:20.449,0.8015,0.80166,1.00,2.25
2017.09.13 10:24:21.005,0.8015,0.80165,1.00,1.25
2017.09.13 10:24:21.554,0.80149,0.80164,1.00,3.56
2017.09.13 10:24:22.852,0.80148,0.80164,1.00,2.25
2017.09.13 10:24:24.892,0.80147,0.80162,1.00,2.06
2017.09.13 10:24:25.277,0.80147,0.8016,1.00,1.00
2017.09.13 10:24:25.826,0.80146,0.8016,1.00,1.00
2017.09.13 10:24:26.417,0.80146,0.80161,1.00,1.50
2017.09.13 10:24:27.044,0.80146,0.8016,1.00,1.00
2017.09.13 10:24:29.506,0.80146,0.80161,1.00,2.25
2017.09.13 10:24:30.026,0.80147,0.8016,1.00,1.00
2017.09.13 10:24:32.792,0.80148,0.80161,1.00,1.00
2017.09.13 10:24:33.425,0.80148,0.8016,1.00,1.00
2017.09.13 10:24:39.389,0.80147,0.8016,1.00,1.00
2017.09.13 10:24:39.992,0.80147,0.80161,1.00,1.00
2017.09.13 10:24:40.520,0.80146,0.8016,1.00,1.00
2017.09.13 10:24:41.466,0.80146,0.80161,1.00,1.00
2017.09.13 10:24:42.086,0.80146,0.8016,1.00,1.00
2017.09.13 10:24:42.686,0.80146,0.80158,1.00,1.00
2017.09.13 10:24:43.656,0.80146,0.80159,1.00,1.00
2017.09.13 10:24:44.195,0.80146,0.80158,1.00,1.00
2017.09.13 10:24:45.132,0.80145,0.80159,1.00,1.00
2017.09.13 10:24:46.003,0.80146,0.8016,1.00,1.00
2017.09.13 10:24:46.436,0.80148,0.8016,1.00,1.00
2017.09.13 10:24:46.537,0.80146,0.8016,1.00,1.00
2017.09.13 10:24:47.302,0.80147,0.8016,1.00,1.00
2017.09.13 10:24:50.019,0.80146,0.8016,1.00,1.00
2017.09.13 10:24:50.432,0.80147,0.80163,1.00,1.87
2017.09.13 10:24:50.534,0.80146,0.8016,1.00,1.00
2017.09.13 10:24:51.040,0.80145,0.8016,1.00,1.00
2017.09.13 10:24:51.559,0.80146,0.8016,1.00,1.00
2017.09.13 10:24:52.204,0.80146,0.80161,1.00,2.25
2017.09.13 10:24:52.708,0.80146,0.8016,1.00,1.00
2017.09.13 10:24:53.586,0.80146,0.80161,1.00,1.50
2017.09.13 10:24:54.117,0.80146,0.8016,1.00,1.00
2017.09.13 10:24:54.811,0.80146,0.80159,1.00,1.00
2017.09.13 10:24:55.407,0.80146,0.8016,1.00,1.12
2017.09.13 10:24:56.003,0.80146,0.80159,1.00,1.00
2017.09.13 10:24:57.476,0.80146,0.8016,1.00,1.12
2017.09.13 10:24:58.057,0.80146,0.80159,1.00,1.00
2017.09.13 10:24:58.884,0.80146,0.8016,1.00,1.12
2017.09.13 10:24:59.056,0.80151,0.80166,1.00,2.62
2017.09.13 10:25:00.879,0.80152,0.80167,1.00,2.25
2017.09.13 10:25:01.416,0.80154,0.80167,1.00,1.50
2017.09.13 10:25:01.468,0.80153,0.80168,1.00,1.50
2017.09.13 10:25:04.302,0.80154,0.80168,1.00,1.25
2017.09.13 10:25:04.849,0.80155,0.80168,1.00,1.00
2017.09.13 10:25:05.464,0.80154,0.80168,1.00,1.00
2017.09.13 10:25:06.284,0.80155,0.80168,1.00,1.00
2017.09.13 10:25:06.788,0.80155,0.80169,1.00,1.12
2017.09.13 10:25:07.404,0.80155,0.80168,1.00,1.00
2017.09.13 10:25:09.608,0.80154,0.80168,1.00,1.00
2017.09.13 10:25:09.760,0.80152,0.80167,1.00,1.50
2017.09.13 10:25:10.344,0.80152,0.80166,1.00,1.00
2017.09.13 10:25:10.819,0.80154,0.80167,1.00,1.00
2017.09.13 10:25:12.904,0.80154,0.80168,1.00,1.00
2017.09.13 10:25:13.473,0.80154,0.80167,1.00,1.00
2017.09.13 10:25:13.682,0.80152,0.80167,1.00,1.00
2017.09.13 10:25:14.248,0.80153,0.80167,1.00,1.00
2017.09.13 10:25:17.309,0.80154,0.80167,1.00,1.00
2017.09.13 10:25:17.921,0.80154,0.8017,1.00,2.44
2017.09.13 10:25:18.519,0.80154,0.8017,1.00,1.69
2017.09.13 10:25:19.054,0.80153,0.8017,1.00,1.69
2017.09.13 10:25:23.715,0.80152,0.8017,3.19,1.50
2017.09.13 10:25:25.234,0.80153,0.8017,1.00,1.50
2017.09.13 10:25:32.672,0.80153,0.80169,1.00,1.00
2017.09.13 10:25:33.178,0.80152,0.80169,2.25,1.00
2017.09.13 10:25:41.631,0.80151,0.80169,1.69,1.25
2017.09.13 10:25:42.329,0.80152,0.80169,1.25,1.00
2017.09.13 10:25:43.336,0.80151,0.8017,1.19,1.87
2017.09.13 10:25:43.859,0.80151,0.8017,1.25,1.87
2017.09.13 10:25:46.760,0.80151,0.8017,1.00,1.25
2017.09.13 10:25:47.365,0.80152,0.80169,1.00,1.00
2017.09.13 10:25:50.295,0.80151,0.80169,1.00,1.00
2017.09.13 10:25:50.889,0.80151,0.80168,1.00,1.00
2017.09.13 10:25:52.842,0.8015,0.80167,2.44,1.00
2017.09.13 10:25:53.021,0.80149,0.80165,1.12,1.00
2017.09.13 10:25:53.569,0.80148,0.80165,1.50,1.00
2017.09.13 10:25:56.397,0.80149,0.80166,1.00,1.25
2017.09.13 10:25:56.902,0.80148,0.80166,1.50,1.25
2017.09.13 10:26:05.919,0.80149,0.80166,1.25,1.00
2017.09.13 10:26:06.470,0.80148,0.80166,3.19,1.25
2017.09.13 10:26:06.994,0.80149,0.80166,1.00,1.00
2017.09.13 10:26:07.579,0.80148,0.80166,3.19,1.00
2017.09.13 10:26:08.109,0.80149,0.80166,1.00,1.00
2017.09.13 10:26:09.583,0.80149,0.80167,1.00,1.87
2017.09.13 10:26:13.822,0.8015,0.80168,1.00,1.31
2017.09.13 10:26:14.487,0.80149,0.80167,2.44,1.00
2017.09.13 10:26:15.004,0.80148,0.80167,1.50,1.87
2017.09.13 10:26:15.588,0.80148,0.80166,1.50,1.00
2017.09.13 10:26:18.658,0.80149,0.80167,1.00,1.25
2017.09.13 10:26:19.022,0.80151,0.80169,1.00,1.12
2017.09.13 10:26:19.633,0.80153,0.80168,1.00,1.00
2017.09.13 10:26:19.937,0.80151,0.80169,1.00,1.87
2017.09.13 10:26:20.479,0.80151,0.80168,1.25,1.00
2017.09.13 10:26:34.830,0.80151,0.80169,1.69,1.12
2017.09.13 10:26:35.963,0.80151,0.8017,1.69,1.31
2017.09.13 10:26:36.014,0.80155,0.80171,1.00,1.00
2017.09.13 10:26:36.319,0.8016,0.80176,1.00,1.25
2017.09.13 10:26:36.814,0.80159,0.80174,1.50,1.00
2017.09.13 10:26:37.220,0.80156,0.80174,1.87,1.25
2017.09.13 10:26:37.779,0.80156,0.80175,1.69,2.44
2017.09.13 10:26:37.881,0.8016,0.80177,1.00,3.19
2017.09.13 10:26:38.084,0.80164,0.80182,1.00,2.06
2017.09.13 10:26:38.849,0.80163,0.80182,2.81,2.06
2017.09.13 10:26:39.389,0.80163,0.80182,2.81,2.06
2017.09.13 10:26:39.785,0.80166,0.80184,1.00,2.25
2017.09.13 10:26:39.908,0.80168,0.80184,1.00,1.00
2017.09.13 10:26:40.414,0.80168,0.80185,1.50,1.00
2017.09.13 10:26:40.954,0.80169,0.80184,1.00,1.00
2017.09.13 10:26:41.205,0.80168,0.80186,1.69,1.87
2017.09.13 10:26:41.509,0.80169,0.80184,1.00,1.00
2017.09.13 10:26:42.761,0.80169,0.80186,1.00,1.87
2017.09.13 10:26:43.301,0.8017,0.80186,1.00,1.25
2017.09.13 10:26:44.231,0.8017,0.80187,1.00,1.69
2017.09.13 10:26:44.751,0.8017,0.80186,1.00,1.00
2017.09.13 10:26:45.939,0.80171,0.80187,1.00,1.00
2017.09.13 10:26:46.448,0.80171,0.80186,1.00,1.00
2017.09.13 10:26:47.149,0.80171,0.80187,1.00,1.00
2017.09.13 10:26:47.691,0.8017,0.80186,1.00,1.00
2017.09.13 10:26:48.132,0.80169,0.80183,1.00,1.31
2017.09.13 10:26:48.234,0.80167,0.80181,1.12,1.00
2017.09.13 10:26:48.337,0.80164,0.80182,3.56,1.12
2017.09.13 10:26:48.878,0.80164,0.80181,1.00,1.25
2017.09.13 10:26:49.283,0.80167,0.80184,1.00,2.06
2017.09.13 10:26:49.824,0.80165,0.80178,1.00,1.00
2017.09.13 10:26:49.875,0.80163,0.80178,1.50,1.00
2017.09.13 10:26:50.027,0.80161,0.80178,2.25,1.00
2017.09.13 10:26:50.281,0.80164,0.80179,1.00,1.00
2017.09.13 10:26:50.332,0.80162,0.80179,1.00,1.25
2017.09.13 10:26:50.708,0.80164,0.80182,1.00,1.69
2017.09.13 10:26:51.417,0.80164,0.80179,1.50,1.00
2017.09.13 10:26:51.683,0.80162,0.8018,3.19,1.69
2017.09.13 10:26:52.123,0.80165,0.80181,1.00,1.31
2017.09.13 10:26:52.478,0.80167,0.80182,1.00,1.00
2017.09.13 10:26:53.320,0.80167,0.80181,1.00,1.00
2017.09.13 10:26:53.755,0.80168,0.80184,1.00,1.25
2017.09.13 10:26:54.274,0.80167,0.80183,1.00,1.00
2017.09.13 10:26:55.124,0.80167,0.80184,1.50,1.25
2017.09.13 10:26:55.383,0.80167,0.8018,1.00,1.00
2017.09.13 10:26:55.434,0.80165,0.80183,1.87,1.19
2017.09.13 10:26:55.967,0.80165,0.80181,1.00,1.00
2017.09.13 10:26:59.126,0.80166,0.80184,1.00,1.87
2017.09.13 10:26:59.739,0.80167,0.80184,1.00,1.50
2017.09.13 10:27:02.274,0.80168,0.80185,1.69,1.12
2017.09.13 10:27:02.325,0.8017,0.80185,1.00,1.12
2017.09.13 10:27:02.580,0.80172,0.80189,1.00,2.25
2017.09.13 10:27:05.150,0.80173,0.80188,1.00,1.12
2017.09.13 10:27:05.201,0.80171,0.80188,1.00,2.25
2017.09.13 10:27:05.404,0.80169,0.80186,1.50,1.50
2017.09.13 10:27:06.762,0.80168,0.80186,1.69,1.00
2017.09.13 10:27:07.100,0.8017,0.80186,1.00,1.00
2017.09.13 10:27:07.607,0.80169,0.80186,1.00,1.00
2017.09.13 10:27:08.946,0.80169,0.80184,1.00,1.00
2017.09.13 10:27:09.251,0.80167,0.80183,1.50,1.00
2017.09.13 10:27:09.760,0.80167,0.80184,1.00,1.50
2017.09.13 10:27:10.289,0.80166,0.80184,1.25,1.50
2017.09.13 10:27:10.785,0.80169,0.80184,1.00,1.00
2017.09.13 10:27:10.988,0.80169,0.80186,1.00,1.69
2017.09.13 10:27:11.090,0.80169,0.80184,1.00,1.00
2017.09.13 10:27:11.396,0.80169,0.80186,1.00,1.00
2017.09.13 10:27:11.587,0.80169,0.80184,1.25,1.00
2017.09.13 10:27:12.118,0.80169,0.80185,1.00,1.12
2017.09.13 10:27:13.179,0.80168,0.80184,1.44,1.00
2017.09.13 10:27:14.076,0.80168,0.80184,2.62,1.00
2017.09.13 10:27:17.019,0.80169,0.80184,1.00,1.00
2017.09.13 10:27:17.352,0.80172,0.80186,1.00,1.00
2017.09.13 10:27:17.865,0.80171,0.80186,1.25,1.00
2017.09.13 10:27:19.229,0.8017,0.80184,1.50,1.00
2017.09.13 10:27:19.382,0.80166,0.80181,2.06,1.00
2017.09.13 10:27:20.114,0.80165,0.80181,1.00,1.50
2017.09.13 10:27:25.545,0.80165,0.80177,1.00,1.00
2017.09.13 10:27:25.636,0.80163,0.80177,1.50,1.00
2017.09.13 10:27:26.151,0.80161,0.80178,1.00,1.00
2017.09.13 10:27:26.686,0.80161,0.80177,1.00,1.00
2017.09.13 10:27:27.550,0.8016,0.80177,2.81,1.00
2017.09.13 10:27:28.364,0.80161,0.80177,1.50,1.00
2017.09.13 10:27:29.871,0.80163,0.80177,1.00,1.00
2017.09.13 10:27:29.929,0.80164,0.8018,1.00,1.12
2017.09.13 10:27:29.980,0.80166,0.80182,1.12,1.75
2017.09.13 10:27:30.132,0.80166,0.80182,2.06,1.00
2017.09.13 10:27:30.233,0.80167,0.80184,1.00,1.12
2017.09.13 10:27:31.888,0.80168,0.80184,1.50,1.12
2017.09.13 10:27:32.369,0.80166,0.80182,1.87,1.00
2017.09.13 10:27:32.471,0.80167,0.80184,1.69,1.12
2017.09.13 10:27:33.283,0.80166,0.80182,1.87,1.00
2017.09.13 10:27:35.610,0.80166,0.80183,1.50,1.00
2017.09.13 10:27:35.915,0.8017,0.80186,1.50,2.25
2017.09.13 10:27:35.967,0.8017,0.80186,1.00,1.50
2017.09.13 10:27:37.031,0.80171,0.80186,1.00,1.50
2017.09.13 10:27:38.040,0.8017,0.80186,1.25,1.50
2017.09.13 10:27:38.718,0.80171,0.80186,1.00,1.50
2017.09.13 10:27:39.396,0.80171,0.80187,1.50,1.12
2017.09.13 10:27:42.473,0.80171,0.80186,1.00,1.00
2017.09.13 10:27:43.140,0.8017,0.80186,1.25,1.50
2017.09.13 10:27:43.190,0.80169,0.80183,1.00,1.00
2017.09.13 10:27:43.538,0.80167,0.80181,1.00,1.00
2017.09.13 10:27:45.342,0.80166,0.80181,1.00,1.00
2017.09.13 10:27:45.393,0.80164,0.80181,1.50,1.50
2017.09.13 10:27:45.444,0.80164,0.80179,1.00,1.00
2017.09.13 10:27:45.981,0.80163,0.80179,1.50,1.00
2017.09.13 10:27:46.387,0.80165,0.80181,1.00,1.00
2017.09.13 10:27:48.982,0.80165,0.80182,1.00,2.25
2017.09.13 10:27:49.500,0.80164,0.80181,1.50,1.00
2017.09.13 10:27:49.984,0.80163,0.80179,1.69,1.00
2017.09.13 10:27:52.650,0.80162,0.80179,1.50,1.50
2017.09.13 10:27:54.745,0.80161,0.80178,1.50,1.00
2017.09.13 10:27:55.358,0.80161,0.80177,1.50,1.00
2017.09.13 10:27:56.922,0.8016,0.80177,1.25,1.50
2017.09.13 10:27:58.174,0.80159,0.80177,1.25,1.50
2017.09.13 10:27:58.710,0.8016,0.80178,1.69,1.31
2017.09.13 10:27:59.341,0.80161,0.80178,1.00,1.31
2017.09.13 10:27:59.855,0.8016,0.80178,1.00,2.25
2017.09.13 10:28:00.843,0.80159,0.80175,1.25,1.00
2017.09.13 10:28:01.097,0.80152,0.80169,2.44,1.00
2017.09.13 10:28:02.184,0.80153,0.80169,1.00,1.00
2017.09.13 10:28:02.690,0.80152,0.8017,2.44,1.25
2017.09.13 10:28:03.234,0.80152,0.80169,1.50,1.00
2017.09.13 10:28:03.762,0.80153,0.8017,1.00,2.44
2017.09.13 10:28:04.396,0.80152,0.80169,1.87,1.00
2017.09.13 10:28:05.939,0.80152,0.80168,1.00,1.25
2017.09.13 10:28:06.041,0.8015,0.80167,1.00,1.50
2017.09.13 10:28:09.826,0.80149,0.80167,1.00,1.00
2017.09.13 10:28:12.130,0.8015,0.80167,1.00,2.25
2017.09.13 10:28:12.181,0.80148,0.80165,1.69,1.00
2017.09.13 10:28:12.999,0.80148,0.80166,1.50,3.00
2017.09.13 10:28:13.616,0.80149,0.80165,1.00,1.00
2017.09.13 10:28:14.138,0.80148,0.80165,1.50,1.00
2017.09.13 10:28:14.825,0.80148,0.80166,2.25,1.87
2017.09.13 10:28:17.801,0.80149,0.80167,1.00,2.44
2017.09.13 10:28:19.830,0.80148,0.80166,3.19,1.00
2017.09.13 10:28:21.813,0.80147,0.80164,1.50,1.00
2017.09.13 10:28:22.118,0.80147,0.80162,1.00,1.00
2017.09.13 10:28:22.219,0.80145,0.80163,1.00,2.63
2017.09.13 10:28:26.218,0.80147,0.80164,1.00,1.87
2017.09.13 10:28:31.417,0.80147,0.80163,1.50,1.00
2017.09.13 10:28:32.970,0.80147,0.80164,1.50,2.62
2017.09.13 10:28:33.509,0.80147,0.80163,1.50,1.00
2017.09.13 10:28:33.813,0.80149,0.80166,1.00,3.75
2017.09.13 10:28:34.016,0.8015,0.80166,1.00,1.00
2017.09.13 10:28:34.722,0.8015,0.80167,1.00,1.50
2017.09.13 10:28:35.278,0.8015,0.80166,1.00,1.00
2017.09.13 10:28:35.954,0.8015,0.80167,1.00,1.50
2017.09.13 10:28:36.755,0.8015,0.80166,1.25,1.00
2017.09.13 10:28:38.008,0.80147,0.80164,1.69,1.50
2017.09.13 10:28:38.565,0.80147,0.80163,1.00,1.00
2017.09.13 10:28:39.179,0.80147,0.80164,1.00,2.44
2017.09.13 10:28:39.934,0.80148,0.80164,1.00,1.50
2017.09.13 10:28:40.727,0.80146,0.80164,1.19,1.50
2017.09.13 10:28:40.779,0.80146,0.80162,1.25,1.00
2017.09.13 10:28:41.308,0.80145,0.80162,1.69,1.00
2017.09.13 10:28:45.783,0.80145,0.80162,2.81,1.00
2017.09.13 10:28:46.289,0.80145,0.80162,2.62,1.00
2017.09.13 10:28:51.157,0.80145,0.80163,1.50,1.87
2017.09.13 10:28:51.677,0.80146,0.80162,1.25,1.00
2017.09.13 10:28:52.433,0.80146,0.80163,1.00,1.12
2017.09.13 10:29:00.061,0.80145,0.80164,3.19,1.37
2017.09.13 10:29:00.567,0.80146,0.80164,1.00,2.25
2017.09.13 10:29:01.100,0.80145,0.80163,2.25,1.25
2017.09.13 10:29:03.973,0.80145,0.80162,1.50,1.00
2017.09.13 10:29:05.799,0.80145,0.80163,1.50,1.25
2017.09.13 10:29:07.712,0.80145,0.80164,2.25,2.81
2017.09.13 10:29:08.016,0.80148,0.80166,1.69,1.00
2017.09.13 10:29:10.961,0.80149,0.80166,1.00,1.00
2017.09.13 10:29:11.340,0.80149,0.80164,1.00,1.00
2017.09.13 10:29:12.057,0.80149,0.80165,1.00,1.69
2017.09.13 10:29:13.609,0.80147,0.80165,1.00,2.29
2017.09.13 10:29:16.560,0.80147,0.80164,1.00,1.00
2017.09.13 10:29:17.063,0.80147,0.80165,1.00,2.85
2017.09.13 10:29:24.206,0.80147,0.80164,1.00,1.25
2017.09.13 10:29:24.882,0.80147,0.80163,1.00,1.00
2017.09.13 10:29:29.742,0.80147,0.80165,1.69,1.69
2017.09.13 10:29:29.945,0.80149,0.80166,1.00,1.00
2017.09.13 10:29:31.195,0.80149,0.80167,1.50,1.00
2017.09.13 10:29:32.359,0.8015,0.80167,1.00,1.25
2017.09.13 10:29:32.866,0.80151,0.80167,1.00,1.25
2017.09.13 10:29:35.111,0.80149,0.80167,1.25,1.25
2017.09.13 10:29:36.874,0.80148,0.80167,3.94,1.25
2017.09.13 10:29:38.725,0.8015,0.80169,1.25,1.50
2017.09.13 10:29:39.029,0.80159,0.80176,1.00,1.12
2017.09.13 10:29:40.004,0.80159,0.80177,1.00,1.25
2017.09.13 10:29:41.252,0.80158,0.80176,1.50,1.00
2017.09.13 10:29:41.779,0.80159,0.80176,1.00,1.00
2017.09.13 10:29:43.281,0.80163,0.80176,1.00,1.25
2017.09.13 10:29:43.522,0.80159,0.80176,1.50,1.25
2017.09.13 10:29:44.149,0.80159,0.80175,1.00,1.25
2017.09.13 10:29:44.250,0.80157,0.80175,1.50,1.50
2017.09.13 10:29:44.403,0.80159,0.80176,1.00,1.00
2017.09.13 10:29:47.662,0.80158,0.80176,1.00,1.69
2017.09.13 10:29:48.318,0.80157,0.80175,1.50,1.50
2017.09.13 10:29:54.832,0.80157,0.80173,1.00,1.00
2017.09.13 10:29:55.495,0.80157,0.80176,1.50,2.25
2017.09.13 10:29:55.698,0.80158,0.80173,1.00,1.00
2017.09.13 10:29:56.323,0.80157,0.80173,1.00,1.00
2017.09.13 10:30:00.060,0.80155,0.80173,1.69,1.50
2017.09.13 10:30:02.414,0.80157,0.80173,1.00,2.25
2017.09.13 10:30:02.934,0.80155,0.80173,1.69,1.50
2017.09.13 10:30:09.602,0.80155,0.80173,2.62,1.50
2017.09.13 10:30:10.692,0.80155,0.80172,2.62,1.00
2017.09.13 10:30:12.660,0.80156,0.80173,1.00,1.87
2017.09.13 10:30:13.208,0.80156,0.80172,1.44,1.00
2017.09.13 10:30:13.391,0.80158,0.80174,1.00,1.00
2017.09.13 10:30:15.097,0.80158,0.80173,1.00,1.50
2017.09.13 10:30:15.199,0.80158,0.8017,1.00,1.00
2017.09.13 10:30:15.249,0.80155,0.8017,1.00,1.00
2017.09.13 10:30:15.899,0.80156,0.80172,2.06,1.12
2017.09.13 10:30:16.440,0.80158,0.80175,1.69,2.62
2017.09.13 10:30:17.708,0.80159,0.80175,1.00,1.12
2017.09.13 10:30:17.859,0.80157,0.80173,2.25,1.00
2017.09.13 10:30:18.562,0.80157,0.80174,1.50,1.50
2017.09.13 10:30:20.874,0.80158,0.80174,1.00,1.00
2017.09.13 10:30:21.519,0.80157,0.80174,2.25,1.00
2017.09.13 10:30:22.094,0.80158,0.80175,1.00,1.69
2017.09.13 10:30:22.400,0.80157,0.80173,1.00,1.50
2017.09.13 10:30:23.037,0.80157,0.80172,1.00,1.00
2017.09.13 10:30:26.923,0.80157,0.80173,1.00,1.00
2017.09.13 10:30:29.418,0.80156,0.80173,1.12,1.50
2017.09.13 10:30:29.928,0.80155,0.80172,1.50,1.50
2017.09.13 10:30:32.046,0.80155,0.80171,1.00,1.00
2017.09.13 10:30:32.407,0.80153,0.80171,2.44,1.00
2017.09.13 10:30:33.130,0.80153,0.8017,1.00,1.00
2017.09.13 10:30:36.061,0.80153,0.80171,1.50,1.25
2017.09.13 10:30:36.929,0.80153,0.8017,1.00,1.00
2017.09.13 10:30:44.695,0.80153,0.80171,1.00,1.25
2017.09.13 10:30:59.203,0.80152,0.8017,2.44,1.25
2017.09.13 10:30:59.569,0.80152,0.80168,1.00,1.00
2017.09.13 10:31:00.113,0.80152,0.80167,1.00,1.00
2017.09.13 10:31:01.114,0.80152,0.80169,1.50,1.50
2017.09.13 10:31:01.216,0.80153,0.80171,1.00,2.25
2017.09.13 10:31:01.760,0.80154,0.80171,1.25,1.50
2017.09.13 10:31:02.934,0.80153,0.80171,3.19,2.25
2017.09.13 10:31:02.985,0.80153,0.80169,1.50,1.00
2017.09.13 10:31:06.750,0.80154,0.80169,1.00,1.00
2017.09.13 10:31:06.801,0.80154,0.80171,1.25,1.50
2017.09.13 10:31:07.995,0.80153,0.80169,3.00,1.00
2017.09.13 10:31:13.540,0.80152,0.80169,2.25,1.00
2017.09.13 10:31:14.108,0.80151,0.80169,2.44,1.50
2017.09.13 10:31:18.835,0.8015,0.80167,1.50,1.00
2017.09.13 10:31:19.765,0.8015,0.80168,1.50,2.25
2017.09.13 10:31:20.324,0.8015,0.80167,1.50,1.00
2017.09.13 10:31:20.736,0.8015,0.80165,1.00,1.00
2017.09.13 10:31:21.256,0.8015,0.80166,1.00,1.00
2017.09.13 10:31:21.990,0.8015,0.80165,1.00,1.00
2017.09.13 10:31:22.092,0.8015,0.80167,1.50,1.50
2017.09.13 10:31:22.345,0.80151,0.80169,1.50,1.00
2017.09.13 10:31:24.497,0.80151,0.8017,2.25,1.87
2017.09.13 10:31:25.163,0.80151,0.80169,2.44,1.00
2017.09.13 10:31:25.441,0.80151,0.80167,1.00,1.00
2017.09.13 10:31:26.395,0.80151,0.80168,1.50,1.00
2017.09.13 10:31:26.988,0.80151,0.80167,1.50,1.00
2017.09.13 10:31:33.107,0.80151,0.80168,1.00,1.12
2017.09.13 10:31:33.410,0.8015,0.80165,3.37,1.00
2017.09.13 10:31:33.512,0.80151,0.80167,1.00,1.00
2017.09.13 10:31:36.221,0.80152,0.80167,1.00,1.00
2017.09.13 10:31:44.934,0.80152,0.80169,1.00,1.50
2017.09.13 10:31:45.468,0.80152,0.80169,1.00,1.00
2017.09.13 10:31:48.526,0.80153,0.80169,1.00,1.50
2017.09.13 10:31:51.251,0.80152,0.80169,1.31,1.00
2017.09.13 10:31:53.437,0.80152,0.80169,1.44,1.00
2017.09.13 10:31:53.975,0.80152,0.80169,1.87,1.00
2017.09.13 10:31:54.747,0.80156,0.8017,1.00,1.12
2017.09.13 10:31:55.000,0.80158,0.80176,1.00,1.69
2017.09.13 10:31:55.516,0.80159,0.80176,1.00,1.69
2017.09.13 10:31:57.405,0.80158,0.80176,3.00,1.87
2017.09.13 10:31:57.456,0.80159,0.80174,1.00,1.00
2017.09.13 10:31:57.958,0.80158,0.80174,2.25,1.00
2017.09.13 10:31:59.625,0.80158,0.80175,1.00,1.00
2017.09.13 10:32:02.147,0.80158,0.80176,2.25,1.69
2017.09.13 10:32:04.568,0.80159,0.80176,1.00,1.50
2017.09.13 10:32:07.109,0.8016,0.80176,1.00,1.00
2017.09.13 10:32:07.717,0.80159,0.80177,1.50,2.62
2017.09.13 10:32:08.027,0.80157,0.80174,1.25,1.50
2017.09.13 10:32:08.665,0.80158,0.80174,1.00,1.00
2017.09.13 10:32:09.757,0.80158,0.80175,1.00,2.25
2017.09.13 10:32:10.290,0.80157,0.80175,2.44,2.25
2017.09.13 10:32:19.202,0.80158,0.80175,1.00,2.25
2017.09.13 10:32:19.657,0.80156,0.80174,2.25,1.00
2017.09.13 10:32:20.452,0.80157,0.80175,1.00,1.25
2017.09.13 10:32:20.654,0.80156,0.80173,2.25,1.00
2017.09.13 10:32:21.317,0.80156,0.80174,1.50,2.25
2017.09.13 10:32:22.141,0.80156,0.80173,1.69,1.00
2017.09.13 10:32:23.231,0.80156,0.80174,1.69,1.69
2017.09.13 10:32:23.908,0.80156,0.80173,1.69,1.00
2017.09.13 10:32:24.430,0.80156,0.80174,1.69,2.44
2017.09.13 10:32:24.958,0.80156,0.80173,1.69,1.00
2017.09.13 10:32:26.942,0.80156,0.80174,1.50,1.00
2017.09.13 10:32:28.012,0.80156,0.80173,2.44,1.00
2017.09.13 10:32:28.551,0.80157,0.80174,1.00,1.50
2017.09.13 10:32:29.204,0.80156,0.80174,2.44,1.50
2017.09.13 10:32:29.514,0.80156,0.80171,1.50,1.25
2017.09.13 10:32:29.565,0.80156,0.80173,1.12,1.00
2017.09.13 10:32:30.072,0.80155,0.80173,1.50,1.00
2017.09.13 10:32:30.123,0.80158,0.80173,1.00,1.00
2017.09.13 10:32:31.786,0.80159,0.80173,1.00,1.12
2017.09.13 10:32:33.314,0.80155,0.80173,1.69,1.12
2017.09.13 10:32:33.365,0.80154,0.80173,3.37,1.31
2017.09.13 10:32:34.122,0.80155,0.80173,1.00,1.31
2017.09.13 10:32:34.662,0.80155,0.80172,1.00,1.00
2017.09.13 10:32:37.171,0.80156,0.80172,1.00,1.00
2017.09.13 10:32:40.651,0.80158,0.80177,2.44,1.75
2017.09.13 10:32:40.803,0.8016,0.80177,1.00,1.00
2017.09.13 10:32:40.955,0.8016,0.80179,3.00,1.12
2017.09.13 10:32:41.591,0.80161,0.80179,1.00,1.12
2017.09.13 10:32:42.365,0.80162,0.8018,1.50,1.50
2017.09.13 10:32:44.709,0.80162,0.80182,2.44,1.44
2017.09.13 10:32:45.105,0.80164,0.80183,1.50,3.00
2017.09.13 10:32:45.657,0.80165,0.80183,1.00,1.12
2017.09.13 10:32:48.573,0.80164,0.80183,1.50,2.25
2017.09.13 10:32:49.188,0.80165,0.80183,1.50,1.12
2017.09.13 10:32:49.786,0.80164,0.80182,1.00,1.25
2017.09.13 10:32:50.474,0.80163,0.80182,1.50,1.69
2017.09.13 10:32:51.371,0.80164,0.80182,1.00,1.25
2017.09.13 10:32:52.199,0.80164,0.80181,1.00,1.00
2017.09.13 10:32:52.796,0.80163,0.80181,1.50,1.00
2017.09.13 10:32:53.691,0.80162,0.80181,3.00,1.50
2017.09.13 10:32:54.405,0.80163,0.80181,1.00,1.50
2017.09.13 10:32:54.948,0.80162,0.80181,3.19,1.50
2017.09.13 10:32:55.251,0.80165,0.80183,1.00,2.25
2017.09.13 10:32:55.556,0.80164,0.80181,1.00,1.50
2017.09.13 10:32:56.315,0.80165,0.80181,1.00,1.50
2017.09.13 10:32:56.864,0.80164,0.80181,1.00,1.50
2017.09.13 10:32:58.000,0.80165,0.80184,1.00,1.69
2017.09.13 10:32:58.051,0.80165,0.80177,1.50,1.00
2017.09.13 10:32:58.449,0.80167,0.80179,1.00,1.00
2017.09.13 10:32:58.853,0.80167,0.80177,1.00,1.00
2017.09.13 10:32:58.955,0.80165,0.80177,1.50,1.00
2017.09.13 10:32:59.056,0.80164,0.80174,1.00,1.00
2017.09.13 10:32:59.107,0.80163,0.80177,1.00,1.12
2017.09.13 10:32:59.669,0.80164,0.80176,1.00,1.12
2017.09.13 10:33:00.121,0.80164,0.80178,1.25,1.00
2017.09.13 10:33:01.103,0.80165,0.80178,1.00,1.00
2017.09.13 10:33:01.845,0.80164,0.80178,1.69,1.00
2017.09.13 10:33:02.244,0.80165,0.80181,1.00,1.00
2017.09.13 10:33:10.091,0.80165,0.80183,1.00,1.50
2017.09.13 10:33:10.691,0.80164,0.80183,2.44,1.50
2017.09.13 10:33:11.687,0.80165,0.80183,1.00,1.50
2017.09.13 10:33:15.291,0.80164,0.80183,2.44,2.44
2017.09.13 10:33:17.432,0.80164,0.80183,3.19,1.50
2017.09.13 10:33:18.534,0.80166,0.80183,1.00,1.50
2017.09.13 10:33:19.282,0.80165,0.80183,1.50,1.00
2017.09.13 10:33:20.333,0.80166,0.80183,1.00,1.50
2017.09.13 10:33:26.808,0.80165,0.80183,1.50,2.06
2017.09.13 10:33:31.877,0.80164,0.80183,3.19,2.06
2017.09.13 10:33:32.390,0.80165,0.80183,1.50,2.06
2017.09.13 10:33:32.727,0.80167,0.80183,1.00,1.12
2017.09.13 10:33:32.930,0.80168,0.80185,1.00,1.00
2017.09.13 10:33:34.822,0.80167,0.80183,1.25,1.00
2017.09.13 10:33:35.025,0.80168,0.80186,1.00,1.25
2017.09.13 10:33:38.181,0.80168,0.80184,1.00,1.00
2017.09.13 10:33:52.371,0.80168,0.80185,1.00,1.00
2017.09.13 10:33:52.975,0.80168,0.80184,1.00,1.00
2017.09.13 10:33:53.076,0.80169,0.80186,1.00,1.12
2017.09.13 10:33:54.135,0.80169,0.80184,1.00,1.00
2017.09.13 10:33:54.791,0.80168,0.80185,1.00,1.00
2017.09.13 10:33:55.388,0.80168,0.80187,1.50,3.00
2017.09.13 10:33:55.969,0.80168,0.80185,1.50,1.50
2017.09.13 10:33:56.334,0.80168,0.80182,1.50,1.00
2017.09.13 10:33:56.435,0.80164,0.80179,1.69,1.00
2017.09.13 10:33:57.037,0.80164,0.80181,1.69,2.25
2017.09.13 10:33:57.788,0.80165,0.80181,1.00,1.00
2017.09.13 10:33:57.839,0.80162,0.80175,1.00,1.00
2017.09.13 10:33:58.042,0.8016,0.80176,1.00,1.50
2017.09.13 10:33:58.566,0.8016,0.80175,1.69,1.00
2017.09.13 10:34:05.441,0.8016,0.80175,1.60,1.00
2017.09.13 10:34:06.111,0.80159,0.80176,3.60,1.50
2017.09.13 10:34:06.391,0.80159,0.80176,1.50,1.50
2017.09.13 10:34:06.954,0.8016,0.80175,1.00,1.00
2017.09.13 10:34:11.108,0.80159,0.80175,1.50,1.00
2017.09.13 10:34:11.897,0.8016,0.80175,1.00,1.00
2017.09.13 10:34:14.847,0.8016,0.80177,1.00,1.87
2017.09.13 10:34:21.617,0.80161,0.80177,1.00,1.00
2017.09.13 10:34:21.940,0.80163,0.80181,1.50,2.00
2017.09.13 10:34:21.991,0.80163,0.80181,1.50,1.00
2017.09.13 10:34:22.507,0.80164,0.80182,1.00,1.25
2017.09.13 10:34:23.063,0.80164,0.80181,1.00,1.00
2017.09.13 10:34:23.323,0.80167,0.80185,1.50,2.44
2017.09.13 10:34:23.425,0.80169,0.80188,1.50,4.12
2017.09.13 10:34:23.963,0.80169,0.80188,1.69,1.87
2017.09.13 10:34:25.564,0.8017,0.80188,1.00,1.87
2017.09.13 10:34:26.564,0.80169,0.80187,2.44,1.25
2017.09.13 10:34:27.066,0.80168,0.80186,1.50,1.50
2017.09.13 10:34:29.558,0.80168,0.80185,1.50,1.00
2017.09.13 10:34:30.405,0.80168,0.80186,1.50,1.50
2017.09.13 10:34:30.954,0.80168,0.80185,1.00,1.00
2017.09.13 10:34:34.682,0.80167,0.80185,1.69,1.69
2017.09.13 10:34:34.783,0.80166,0.80182,1.00,1.00
2017.09.13 10:34:35.185,0.80164,0.80182,1.50,1.00
2017.09.13 10:34:36.453,0.80164,0.80179,1.50,1.00
2017.09.13 10:34:36.504,0.80164,0.80181,1.00,1.87
2017.09.13 10:34:37.052,0.80163,0.80181,2.44,2.25
2017.09.13 10:34:38.347,0.80163,0.80181,2.44,1.50
2017.09.13 10:34:40.293,0.80164,0.80181,1.00,1.50
2017.09.13 10:34:40.852,0.80163,0.80181,2.44,1.50
2017.09.13 10:34:43.887,0.80165,0.80183,1.00,2.25
2017.09.13 10:34:45.097,0.80164,0.80181,1.00,1.00
2017.09.13 10:34:45.637,0.80163,0.80181,1.69,1.00
2017.09.13 10:34:46.138,0.80164,0.80182,1.00,1.25
2017.09.13 10:34:47.692,0.80164,0.80183,1.25,2.25
2017.09.13 10:34:48.269,0.80165,0.80183,1.00,2.06
2017.09.13 10:34:49.590,0.80166,0.80183,1.00,1.12
2017.09.13 10:34:50.132,0.80166,0.80185,1.69,2.19
2017.09.13 10:34:50.665,0.80166,0.80184,1.69,1.25
2017.09.13 10:34:56.360,0.80166,0.80184,1.00,1.87
2017.09.13 10:34:59.604,0.80166,0.80184,1.00,1.25
2017.09.13 10:35:10.711,0.80166,0.80183,1.25,1.00
2017.09.13 10:35:10.813,0.80167,0.80185,1.25,1.50
2017.09.13 10:35:10.914,0.80169,0.80185,1.00,1.50
2017.09.13 10:35:11.649,0.80168,0.80185,1.69,1.00
2017.09.13 10:35:11.953,0.80166,0.80185,1.50,1.00
2017.09.13 10:35:12.004,0.80166,0.80183,1.25,1.00
2017.09.13 10:35:21.681,0.80165,0.80183,1.69,1.69
2017.09.13 10:35:22.252,0.80165,0.80182,1.69,1.00
2017.09.13 10:35:22.774,0.80164,0.80181,1.50,1.00
2017.09.13 10:35:32.250,0.80163,0.8018,1.87,1.25
2017.09.13 10:35:32.756,0.80164,0.80181,1.00,1.00
2017.09.13 10:35:34.622,0.80164,0.80182,1.69,1.12
2017.09.13 10:35:34.954,0.80164,0.8018,1.69,1.00
2017.09.13 10:35:35.446,0.80164,0.80182,1.69,1.12
2017.09.13 10:35:36.711,0.80164,0.80181,1.69,1.00
2017.09.13 10:35:37.584,0.80165,0.80182,1.00,1.87
2017.09.13 10:35:38.234,0.80165,0.80181,1.00,1.00
2017.09.13 10:35:40.454,0.80165,0.80182,1.00,1.87
2017.09.13 10:35:40.859,0.80162,0.80179,3.19,1.50
2017.09.13 10:35:46.426,0.80161,0.80178,1.69,1.00
2017.09.13 10:35:47.005,0.80162,0.80179,1.00,1.50
2017.09.13 10:35:48.562,0.80161,0.80178,1.69,1.00
2017.09.13 10:35:49.249,0.80162,0.80179,1.00,1.69
2017.09.13 10:35:49.791,0.80162,0.80179,1.00,2.06
2017.09.13 10:35:50.419,0.80162,0.80179,1.00,1.87
2017.09.13 10:35:55.775,0.80163,0.80179,1.00,1.50
2017.09.13 10:36:01.268,0.80162,0.80179,1.00,2.44
2017.09.13 10:36:01.577,0.80158,0.80175,1.69,1.50
2017.09.13 10:36:02.230,0.80159,0.80175,1.00,1.50
2017.09.13 10:36:02.840,0.80159,0.80174,1.00,1.00
2017.09.13 10:36:03.211,0.8016,0.80172,1.00,1.00
2017.09.13 10:36:03.261,0.80159,0.80174,1.00,1.00
2017.09.13 10:36:03.786,0.80158,0.80175,1.50,1.31
2017.09.13 10:36:04.314,0.80158,0.80175,1.00,2.06
2017.09.13 10:36:05.008,0.80158,0.80175,1.00,1.69
2017.09.13 10:36:05.631,0.80158,0.80175,1.00,2.06
2017.09.13 10:36:06.183,0.80158,0.80175,1.00,1.00
2017.09.13 10:36:06.729,0.80156,0.80173,2.62,1.00
2017.09.13 10:36:07.233,0.80156,0.80172,1.12,1.00
2017.09.13 10:36:07.613,0.80156,0.80174,1.12,1.12
2017.09.13 10:36:08.141,0.80155,0.80174,2.44,1.12
2017.09.13 10:36:10.445,0.80157,0.80174,1.00,1.12
2017.09.13 10:36:14.505,0.80157,0.80175,2.25,1.12
2017.09.13 10:36:15.094,0.80157,0.80174,1.69,1.00
2017.09.13 10:36:20.356,0.80156,0.80171,1.00,1.00
2017.09.13 10:36:20.896,0.80155,0.80171,1.69,1.00
2017.09.13 10:36:22.345,0.80155,0.80172,1.00,1.50
2017.09.13 10:36:23.145,0.80156,0.80174,1.00,2.44
2017.09.13 10:36:23.719,0.80156,0.80174,1.25,2.25
2017.09.13 10:36:24.362,0.80155,0.80172,1.00,1.00
2017.09.13 10:36:25.314,0.80154,0.80171,3.00,1.00
2017.09.13 10:36:29.027,0.80156,0.80173,2.25,1.00
2017.09.13 10:36:33.805,0.80156,0.80175,3.37,1.19
2017.09.13 10:36:34.474,0.80156,0.80173,4.12,1.00
2017.09.13 10:36:35.619,0.80156,0.80172,2.62,1.00
2017.09.13 10:36:36.472,0.80156,0.80174,1.00,1.69
2017.09.13 10:36:37.659,0.80155,0.80173,1.69,1.00
2017.09.13 10:36:38.638,0.80156,0.80173,1.00,1.25
2017.09.13 10:36:40.839,0.80155,0.80173,1.50,1.00
2017.09.13 10:36:42.880,0.80155,0.80172,2.25,1.00
2017.09.13 10:36:47.378,0.80154,0.80172,1.50,1.25
2017.09.13 10:36:50.753,0.80155,0.80172,1.00,1.25
2017.09.13 10:36:52.045,0.80154,0.80172,2.62,1.69
2017.09.13 10:36:52.373,0.80154,0.80169,1.00,1.25
2017.09.13 10:36:52.525,0.80152,0.80169,1.00,1.00
2017.09.13 10:36:55.888,0.80152,0.80168,1.00,1.00
2017.09.13 10:36:57.555,0.80152,0.80169,1.25,1.25
2017.09.13 10:37:00.182,0.80154,0.80171,1.50,1.00
2017.09.13 10:37:02.157,0.80155,0.80171,1.00,1.25
2017.09.13 10:37:02.343,0.80155,0.80173,1.00,1.25
2017.09.13 10:37:03.071,0.80154,0.80173,3.00,1.00
2017.09.13 10:37:03.525,0.80156,0.80173,1.00,1.00
2017.09.13 10:37:05.162,0.80155,0.80173,1.50,1.25
2017.09.13 10:37:06.891,0.80155,0.80172,1.50,1.00
2017.09.13 10:37:10.893,0.80156,0.80172,1.00,1.00
2017.09.13 10:37:11.417,0.80155,0.80172,1.50,1.00
2017.09.13 10:37:13.851,0.80156,0.80172,1.00,1.00
2017.09.13 10:37:14.538,0.80156,0.80173,1.50,1.25
2017.09.13 10:37:14.792,0.80159,0.80177,1.25,1.69
2017.09.13 10:37:15.403,0.80161,0.80179,1.00,2.25
2017.09.13 10:37:15.555,0.80162,0.80181,1.50,2.25
2017.09.13 10:37:15.606,0.80164,0.80181,1.25,1.50
2017.09.13 10:37:15.910,0.80166,0.80183,1.00,1.00
2017.09.13 10:37:16.432,0.80166,0.80184,1.00,2.25
2017.09.13 10:37:18.917,0.80166,0.80183,1.00,1.00
2017.09.13 10:37:22.749,0.80165,0.80183,1.25,1.50
2017.09.13 10:37:31.466,0.80166,0.80183,1.00,1.69
2017.09.13 10:37:32.040,0.80167,0.80183,1.50,1.00
2017.09.13 10:37:33.771,0.80166,0.80183,1.25,1.00
2017.09.13 10:37:34.819,0.80166,0.80182,1.25,1.00
2017.09.13 10:37:35.353,0.80167,0.80182,1.25,1.00
2017.09.13 10:37:36.372,0.80167,0.8018,1.00,1.00
2017.09.13 10:37:36.474,0.80165,0.8018,1.00,1.00
2017.09.13 10:37:37.023,0.80164,0.8018,1.12,1.00
2017.09.13 10:37:37.785,0.80164,0.80181,1.00,1.12
2017.09.13 10:37:37.836,0.80166,0.8018,1.25,1.00
2017.09.13 10:37:37.988,0.80166,0.80182,1.25,1.00
2017.09.13 10:37:39.027,0.80167,0.80182,1.00,1.00
2017.09.13 10:37:39.976,0.80166,0.8018,1.00,1.00
2017.09.13 10:37:40.129,0.80164,0.8018,1.00,1.00
2017.09.13 10:37:40.908,0.80163,0.8018,1.69,1.00
2017.09.13 10:37:41.965,0.80164,0.8018,1.00,1.00
2017.09.13 10:37:43.779,0.80163,0.8018,1.69,1.00
2017.09.13 10:37:43.831,0.80162,0.80178,1.12,1.00
2017.09.13 10:37:44.011,0.80161,0.8018,3.37,1.00
2017.09.13 10:37:44.754,0.80161,0.80181,3.37,1.87
2017.09.13 10:37:45.484,0.80161,0.8018,2.62,1.00
2017.09.13 10:37:45.657,0.80161,0.80177,2.44,1.00
2017.09.13 10:37:46.063,0.80163,0.80179,1.00,1.50
2017.09.13 10:37:46.114,0.80163,0.80179,1.00,1.00
2017.09.13 10:37:46.456,0.80163,0.80177,1.00,1.00
2017.09.13 10:37:47.083,0.80163,0.80179,1.00,1.00
2017.09.13 10:37:47.446,0.80162,0.80177,1.00,1.00
2017.09.13 10:37:47.719,0.80162,0.80179,1.50,1.00
2017.09.13 10:37:48.308,0.80163,0.80179,1.00,1.00
2017.09.13 10:37:49.068,0.80162,0.80179,1.00,1.00
2017.09.13 10:37:49.577,0.80163,0.80179,1.00,1.00
2017.09.13 10:37:50.146,0.80162,0.80179,1.25,1.00
2017.09.13 10:37:50.712,0.80161,0.80179,1.00,1.00
2017.09.13 10:37:51.609,0.80162,0.80179,1.00,1.00
2017.09.13 10:37:52.809,0.80163,0.80179,1.00,1.00
2017.09.13 10:37:54.822,0.80163,0.8018,1.00,2.06
2017.09.13 10:38:00.811,0.80164,0.8018,1.00,1.12
2017.09.13 10:38:01.967,0.80163,0.80181,1.00,2.25
2017.09.13 10:38:07.011,0.80164,0.8018,1.00,1.12
2017.09.13 10:38:07.554,0.80163,0.8018,1.25,1.12
2017.09.13 10:38:14.331,0.80162,0.80178,1.00,1.00
2017.09.13 10:38:14.482,0.8016,0.80178,1.87,1.50
2017.09.13 10:38:15.030,0.80161,0.80179,1.00,1.25
2017.09.13 10:38:17.766,0.80162,0.8018,1.00,2.62
2017.09.13 10:38:18.787,0.80161,0.8018,1.25,2.62
2017.09.13 10:38:19.985,0.80161,0.8018,1.69,1.25
2017.09.13 10:38:20.506,0.80163,0.8018,1.00,1.00
2017.09.13 10:38:21.403,0.80161,0.8018,1.69,1.00
2017.09.13 10:38:23.385,0.80163,0.8018,1.00,1.00
2017.09.13 10:38:32.572,0.80162,0.8018,1.69,1.50
2017.09.13 10:38:33.076,0.80161,0.80179,1.69,1.50
2017.09.13 10:38:33.365,0.8016,0.80177,2.25,1.00
2017.09.13 10:38:34.835,0.8016,0.80176,1.25,1.00
2017.09.13 10:38:35.038,0.80157,0.80174,1.25,1.00
2017.09.13 10:38:38.488,0.80157,0.80173,1.25,1.00
2017.09.13 10:38:39.056,0.80157,0.80174,1.00,1.50
2017.09.13 10:38:39.996,0.80157,0.80173,1.25,1.00
2017.09.13 10:38:41.826,0.80156,0.80171,1.25,1.00
2017.09.13 10:38:42.130,0.80154,0.80169,1.12,1.00
2017.09.13 10:38:42.737,0.80154,0.8017,1.00,1.00
2017.09.13 10:38:43.271,0.80154,0.80169,1.25,1.00
2017.09.13 10:38:45.146,0.80153,0.80169,1.87,1.00
2017.09.13 10:38:45.698,0.80152,0.80169,2.06,1.00
2017.09.13 10:38:46.005,0.80154,0.80169,1.00,1.00
2017.09.13 10:38:46.309,0.80152,0.80166,1.00,1.00
2017.09.13 10:38:51.217,0.80151,0.80166,1.12,1.00
2017.09.13 10:38:51.737,0.80151,0.80167,1.25,1.87
2017.09.13 10:38:52.980,0.8015,0.80166,2.06,1.00
2017.09.13 10:38:53.530,0.80153,0.80168,1.00,1.00
2017.09.13 10:38:53.581,0.80152,0.80166,1.12,1.00
2017.09.13 10:38:54.087,0.80152,0.80167,1.00,1.00
2017.09.13 10:38:54.877,0.80151,0.80167,1.87,1.50
2017.09.13 10:38:55.612,0.80151,0.80166,1.87,1.00
2017.09.13 10:38:56.135,0.8015,0.80166,2.06,1.00
2017.09.13 10:39:04.916,0.80151,0.80166,1.00,1.00
2017.09.13 10:39:06.619,0.8015,0.80166,2.06,1.00
2017.09.13 10:39:06.822,0.80152,0.80169,1.69,1.50
2017.09.13 10:39:08.399,0.80151,0.80169,1.87,1.50
2017.09.13 10:39:08.999,0.8015,0.80167,4.12,1.00
2017.09.13 10:39:09.535,0.8015,0.80167,2.62,1.00
2017.09.13 10:39:10.702,0.80151,0.80169,1.00,1.50
2017.09.13 10:39:14.645,0.80152,0.80169,2.44,1.00
2017.09.13 10:39:15.166,0.80152,0.8017,2.44,1.87
2017.09.13 10:39:18.981,0.80153,0.8017,1.00,1.12
2017.09.13 10:39:26.655,0.80154,0.8017,1.25,1.12
2017.09.13 10:39:26.807,0.80154,0.80172,1.25,1.00
2017.09.13 10:39:39.805,0.80156,0.80173,1.50,1.12
2017.09.13 10:39:40.314,0.80157,0.80174,1.00,1.00
2017.09.13 10:39:41.098,0.80157,0.80175,1.50,1.25
2017.09.13 10:39:42.653,0.80158,0.80175,1.00,1.50
2017.09.13 10:39:44.260,0.80157,0.80175,2.44,1.50
2017.09.13 10:39:53.084,0.80157,0.80174,1.50,1.00
2017.09.13 10:39:53.766,0.80157,0.80173,1.00,1.00
2017.09.13 10:39:54.277,0.80156,0.80173,2.44,1.25
2017.09.13 10:39:55.013,0.80156,0.80174,2.06,1.69
2017.09.13 10:39:56.014,0.80156,0.80174,1.12,1.69
2017.09.13 10:40:03.978,0.80155,0.80174,1.87,2.44
2017.09.13 10:40:04.570,0.80156,0.80174,1.50,1.50
2017.09.13 10:40:05.645,0.80156,0.80173,1.00,1.00
2017.09.13 10:40:11.473,0.80155,0.80173,2.62,1.00
2017.09.13 10:40:12.001,0.80155,0.80172,1.69,1.00
2017.09.13 10:40:17.052,0.80155,0.80171,1.00,1.00
2017.09.13 10:40:17.580,0.80155,0.80172,1.00,2.44
2017.09.13 10:40:19.592,0.80155,0.80173,2.25,1.69
2017.09.13 10:40:20.812,0.80155,0.80172,2.25,1.00
2017.09.13 10:40:32.591,0.80155,0.80171,1.00,1.00
2017.09.13 10:40:32.693,0.80153,0.8017,1.00,1.00
2017.09.13 10:40:34.148,0.80153,0.80169,1.00,1.00
2017.09.13 10:40:34.649,0.80152,0.80168,1.00,1.00
2017.09.13 10:40:39.360,0.80152,0.80169,1.00,1.00
2017.09.13 10:40:40.474,0.80152,0.80168,1.00,1.00
2017.09.13 10:40:49.625,0.80153,0.80168,1.00,1.00
2017.09.13 10:40:49.898,0.80154,0.80172,1.00,2.25
2017.09.13 10:40:50.399,0.80154,0.80171,1.12,1.00
2017.09.13 10:40:51.027,0.80154,0.80172,1.50,2.25
2017.09.13 10:40:51.610,0.80154,0.80171,1.87,1.00
2017.09.13 10:40:55.447,0.80154,0.80172,1.50,2.25
2017.09.13 10:40:55.965,0.80154,0.80171,1.87,1.00
2017.09.13 10:40:57.017,0.80155,0.80173,1.00,2.06
2017.09.13 10:40:58.521,0.80155,0.80173,1.00,2.66
2017.09.13 10:40:58.572,0.80154,0.8017,1.00,1.69
2017.09.13 10:40:59.168,0.80153,0.80169,1.00,1.50
2017.09.13 10:40:59.453,0.80153,0.80171,2.25,1.69
2017.09.13 10:41:00.000,0.80154,0.80171,1.00,1.00
2017.09.13 10:41:00.855,0.80154,0.80172,1.69,1.69
2017.09.13 10:41:05.285,0.80155,0.80172,1.00,1.00
2017.09.13 10:41:05.437,0.80154,0.80169,1.00,1.00
2017.09.13 10:41:05.538,0.80152,0.80169,1.69,1.50
2017.09.13 10:41:06.058,0.80152,0.80168,1.00,1.00
2017.09.13 10:41:11.108,0.80152,0.80167,1.00,1.00
2017.09.13 10:41:11.947,0.80152,0.80169,1.50,1.69
2017.09.13 10:41:12.653,0.80152,0.80169,1.50,1.69
2017.09.13 10:41:14.470,0.80152,0.80168,1.00,1.25
2017.09.13 10:41:26.135,0.80152,0.80169,1.00,1.50
2017.09.13 10:41:29.413,0.80153,0.80169,1.69,1.00
2017.09.13 10:41:29.514,0.80155,0.80172,1.00,2.44
2017.09.13 10:41:30.105,0.80155,0.80172,1.00,1.69
2017.09.13 10:41:32.013,0.80155,0.8017,1.00,1.00
2017.09.13 10:41:32.115,0.80155,0.80172,1.00,2.44
2017.09.13 10:41:34.838,0.80155,0.8017,1.00,1.00
2017.09.13 10:41:34.889,0.80153,0.80169,2.62,1.00
2017.09.13 10:41:35.447,0.80153,0.80168,1.00,1.00
2017.09.13 10:41:37.420,0.80153,0.80167,1.00,1.00
2017.09.13 10:41:38.897,0.80153,0.80169,1.00,2.44
2017.09.13 10:41:39.638,0.80155,0.80171,1.00,1.50
2017.09.13 10:41:39.842,0.80156,0.80175,1.50,1.50
2017.09.13 10:41:39.893,0.80158,0.80176,1.50,1.50
2017.09.13 10:41:40.249,0.80157,0.80175,2.25,1.31
2017.09.13 10:41:40.597,0.80158,0.80176,1.50,1.00
2017.09.13 10:41:42.965,0.80158,0.80172,1.00,1.25
2017.09.13 10:41:43.320,0.80155,0.80171,1.69,1.00
2017.09.13 10:41:43.371,0.80155,0.80173,3.19,1.12
2017.09.13 10:41:44.513,0.80156,0.80174,1.00,2.44
2017.09.13 10:41:46.782,0.80157,0.80174,1.00,2.25
2017.09.13 10:41:50.727,0.80157,0.80175,1.00,1.87
2017.09.13 10:41:51.513,0.80157,0.80174,1.00,1.00
2017.09.13 10:41:53.731,0.80158,0.80174,1.00,1.00
2017.09.13 10:41:54.287,0.80158,0.80175,1.00,1.31
2017.09.13 10:41:56.542,0.80158,0.80174,1.00,1.00
2017.09.13 10:41:58.333,0.80158,0.80175,1.00,2.06
2017.09.13 10:41:58.384,0.8016,0.80175,1.00,1.12
2017.09.13 10:41:58.536,0.8016,0.80177,1.50,1.00
2017.09.13 10:42:03.247,0.8016,0.80178,1.69,1.00
2017.09.13 10:42:03.677,0.80162,0.80179,1.00,1.87
2017.09.13 10:42:07.095,0.80162,0.8018,1.50,1.69
2017.09.13 10:42:08.316,0.80162,0.80179,1.50,1.00
2017.09.13 10:42:09.175,0.80165,0.8018,1.00,1.00
2017.09.13 10:42:09.633,0.80165,0.80182,1.00,1.69
2017.09.13 10:42:12.768,0.80164,0.80182,1.00,2.44
2017.09.13 10:42:14.915,0.80165,0.80183,1.00,1.69
2017.09.13 10:42:15.413,0.80167,0.80183,1.00,1.25
2017.09.13 10:42:15.464,0.80168,0.80185,1.00,1.25
2017.09.13 10:42:17.188,0.80167,0.80182,1.00,1.00
2017.09.13 10:42:17.240,0.80165,0.80181,1.00,1.00
2017.09.13 10:42:18.814,0.80164,0.80181,1.00,2.44
2017.09.13 10:42:19.772,0.80164,0.80182,1.00,2.81
2017.09.13 10:42:22.539,0.80164,0.80181,2.25,1.00
2017.09.13 10:42:23.338,0.80164,0.80182,2.44,1.69
2017.09.13 10:42:30.312,0.80164,0.8018,1.50,1.00
2017.09.13 10:42:30.413,0.80164,0.80182,1.69,3.19
2017.09.13 10:42:32.869,0.80164,0.80181,1.50,1.25
2017.09.13 10:42:32.921,0.80164,0.80179,1.50,1.00
2017.09.13 10:42:33.472,0.80163,0.80179,1.00,1.69
2017.09.13 10:42:33.674,0.80163,0.80181,2.25,1.87
2017.09.13 10:42:34.218,0.80164,0.80181,1.00,1.69
2017.09.13 10:42:36.194,0.80163,0.80181,3.37,1.69
2017.09.13 10:42:36.736,0.80163,0.8018,3.37,1.00
2017.09.13 10:42:37.292,0.80163,0.80181,3.56,1.69
2017.09.13 10:42:48.030,0.80163,0.8018,3.37,1.00
2017.09.13 10:42:48.632,0.80164,0.8018,1.00,1.00
2017.09.13 10:42:49.390,0.80164,0.80181,1.00,1.12
2017.09.13 10:42:49.907,0.80164,0.8018,1.00,1.25
2017.09.13 10:42:50.494,0.80164,0.80181,1.00,1.00
2017.09.13 10:42:52.395,0.80164,0.8018,1.00,1.00
2017.09.13 10:42:52.905,0.80163,0.80181,2.25,1.87
2017.09.13 10:42:54.265,0.80164,0.8018,1.00,1.25
2017.09.13 10:42:56.835,0.80164,0.80181,1.00,1.87
2017.09.13 10:42:57.885,0.80163,0.80181,1.50,2.62
2017.09.13 10:42:58.622,0.80163,0.8018,1.00,1.00
2017.09.13 10:42:59.197,0.80162,0.8018,2.25,1.12
2017.09.13 10:42:59.722,0.80163,0.8018,1.00,1.00
2017.09.13 10:43:00.320,0.80164,0.80181,1.00,1.87
2017.09.13 10:43:00.674,0.80162,0.8018,3.19,1.00
2017.09.13 10:43:01.219,0.80162,0.80181,3.19,1.12
2017.09.13 10:43:01.750,0.80162,0.8018,3.19,1.00
2017.09.13 10:43:04.449,0.80163,0.8018,1.00,1.00
2017.09.13 10:43:05.030,0.80162,0.8018,1.69,1.87
2017.09.13 10:43:05.081,0.80161,0.80178,1.87,1.00
2017.09.13 10:43:05.663,0.80161,0.80177,1.00,1.00
2017.09.13 10:43:05.815,0.80159,0.80177,3.19,1.00
2017.09.13 10:43:07.126,0.80159,0.80176,1.00,1.00
2017.09.13 10:43:07.661,0.8016,0.80177,1.00,1.50
2017.09.13 10:43:08.256,0.8016,0.80176,1.00,1.00
2017.09.13 10:43:08.831,0.80159,0.80176,1.69,1.00
2017.09.13 10:43:09.497,0.80159,0.80177,2.25,2.62
2017.09.13 10:43:10.034,0.8016,0.80177,1.00,1.00
2017.09.13 10:43:18.952,0.80159,0.80177,1.69,2.44
2017.09.13 10:43:19.843,0.8016,0.80177,1.00,1.69
2017.09.13 10:43:21.937,0.8016,0.80176,1.25,1.00
2017.09.13 10:43:22.505,0.8016,0.80177,1.25,1.50
2017.09.13 10:43:23.564,0.8016,0.80176,1.25,1.00
2017.09.13 10:43:28.216,0.80159,0.80176,1.25,1.69
2017.09.13 10:43:29.034,0.80158,0.80176,1.69,1.69
2017.09.13 10:43:32.949,0.80158,0.80175,1.25,1.25
2017.09.13 10:43:33.303,0.80156,0.80174,3.19,1.50
2017.09.13 10:43:34.039,0.80158,0.80174,1.00,1.00
2017.09.13 10:43:34.588,0.80157,0.80175,2.44,1.00
2017.09.13 10:43:35.732,0.80158,0.80176,1.00,1.12
2017.09.13 10:43:36.495,0.80159,0.80175,1.25,1.00
2017.09.13 10:43:36.799,0.80167,0.80184,1.25,2.25
2017.09.13 10:43:36.902,0.80166,0.80184,2.81,1.50
2017.09.13 10:43:37.429,0.80168,0.80184,1.69,1.00
2017.09.13 10:43:42.466,0.80168,0.80185,1.69,1.12
2017.09.13 10:43:42.618,0.80169,0.80184,1.44,1.00
2017.09.13 10:43:43.312,0.80169,0.80186,1.87,1.50
2017.09.13 10:43:44.987,0.80171,0.80188,1.00,1.75
2017.09.13 10:43:45.038,0.80172,0.80188,1.00,1.12
2017.09.13 10:43:47.666,0.80171,0.80188,1.25,1.12
2017.09.13 10:43:48.122,0.80173,0.80188,1.00,1.12
2017.09.13 10:43:48.672,0.80172,0.80188,1.87,1.12
2017.09.13 10:43:49.998,0.80173,0.80188,1.00,1.12
2017.09.13 10:43:53.721,0.80172,0.80188,1.69,1.12
2017.09.13 10:43:55.637,0.80173,0.80188,1.00,1.00
2017.09.13 10:43:58.053,0.80173,0.80189,1.00,1.00
2017.09.13 10:43:58.965,0.80173,0.80188,1.00,1.00
2017.09.13 10:43:59.340,0.80171,0.80188,1.50,1.00
2017.09.13 10:44:05.067,0.80172,0.80188,1.35,1.00
2017.09.13 10:44:05.168,0.80174,0.8019,1.50,1.25
2017.09.13 10:44:05.369,0.80174,0.80192,1.87,1.00
2017.09.13 10:44:07.364,0.80175,0.80192,1.00,1.00
2017.09.13 10:44:08.548,0.80175,0.80193,1.00,1.00
2017.09.13 10:44:09.747,0.80173,0.80189,1.00,1.00
2017.09.13 10:44:10.743,0.80172,0.80189,1.25,1.00
2017.09.13 10:44:11.846,0.80171,0.80188,2.25,1.00
2017.09.13 10:44:12.435,0.8017,0.80188,2.06,1.25
2017.09.13 10:44:19.606,0.80171,0.80188,1.00,1.25
2017.09.13 10:44:20.295,0.8017,0.80188,2.62,1.00
2017.09.13 10:44:22.750,0.80171,0.80188,1.00,1.25
2017.09.13 10:44:26.245,0.8017,0.80187,1.69,1.00
2017.09.13 10:44:42.339,0.80168,0.80185,1.12,1.00
2017.09.13 10:44:42.668,0.80165,0.80184,2.62,1.00
2017.09.13 10:44:42.946,0.80165,0.80182,1.50,1.00
2017.09.13 10:44:43.509,0.80165,0.80182,1.25,1.00
2017.09.13 10:44:54.810,0.80165,0.80183,1.50,1.00
2017.09.13 10:44:57.015,0.80164,0.80182,1.12,1.00
2017.09.13 10:44:57.930,0.80164,0.80183,1.87,2.44
2017.09.13 10:44:59.012,0.80164,0.80184,1.00,3.56
2017.09.13 10:44:59.875,0.80165,0.80183,1.25,1.50
2017.09.13 10:45:00.927,0.80164,0.80183,1.12,1.25
2017.09.13 10:45:01.317,0.80164,0.80181,1.00,1.00
2017.09.13 10:45:01.821,0.80164,0.80182,1.50,1.50
2017.09.13 10:45:02.381,0.80163,0.80182,1.69,1.25
2017.09.13 10:45:03.791,0.80162,0.8018,1.69,1.00
2017.09.13 10:45:04.207,0.80163,0.80181,1.44,1.50
2017.09.13 10:45:06.723,0.80163,0.80181,1.12,1.00
2017.09.13 10:45:08.532,0.80162,0.80181,1.87,1.69
2017.09.13 10:45:11.819,0.80163,0.80181,1.00,1.00
2017.09.13 10:45:12.342,0.80162,0.80181,1.87,1.50
2017.09.13 10:45:13.350,0.80162,0.80173,1.00,1.50
2017.09.13 10:45:13.509,0.80157,0.80172,1.12,1.25
2017.09.13 10:45:13.565,0.80154,0.80171,1.50,1.00
2017.09.13 10:45:14.139,0.80154,0.80171,1.12,1.00
2017.09.13 10:45:18.237,0.80154,0.80171,1.72,1.00
2017.09.13 10:45:18.886,0.80154,0.80171,1.44,1.00
2017.09.13 10:45:19.520,0.80154,0.80171,1.12,1.00
2017.09.13 10:45:20.073,0.80154,0.80172,1.12,1.25
2017.09.13 10:45:20.904,0.80154,0.80172,1.44,1.25
2017.09.13 10:45:21.512,0.80154,0.80173,1.37,1.25
2017.09.13 10:45:22.057,0.80155,0.80172,1.62,1.00
2017.09.13 10:45:22.613,0.80155,0.80172,1.25,1.25
2017.09.13 10:45:23.747,0.80155,0.80172,1.44,1.00
2017.09.13 10:45:24.347,0.80156,0.80173,1.12,1.00
2017.09.13 10:45:24.951,0.80157,0.80174,1.00,1.87
2017.09.13 10:45:38.691,0.80156,0.80173,1.44,1.00
2017.09.13 10:45:39.241,0.80156,0.80173,1.25,1.00
2017.09.13 10:45:47.412,0.80156,0.80174,1.12,1.69
2017.09.13 10:45:55.882,0.80156,0.80173,1.00,1.00
2017.09.13 10:45:58.796,0.80155,0.80172,2.62,1.00
2017.09.13 10:45:59.618,0.80155,0.80171,1.87,1.00
2017.09.13 10:45:59.892,0.80156,0.80173,1.00,2.44
2017.09.13 10:46:00.145,0.80156,0.80171,1.12,1.00
2017.09.13 10:46:00.685,0.80156,0.80173,1.12,1.37
2017.09.13 10:46:01.196,0.80156,0.80171,1.12,1.00
2017.09.13 10:46:04.151,0.80154,0.80171,1.37,1.00
2017.09.13 10:46:07.406,0.80154,0.80171,1.37,1.00
2017.09.13 10:46:08.887,0.80155,0.80171,1.25,1.00
2017.09.13 10:46:10.937,0.80155,0.80172,1.25,1.12
2017.09.13 10:46:16.010,0.80155,0.80173,1.44,1.69
2017.09.13 10:46:20.483,0.80155,0.80172,1.12,1.00
2017.09.13 10:46:22.624,0.80156,0.80173,1.00,1.69
2017.09.13 10:46:23.539,0.80154,0.80172,1.87,1.25
2017.09.13 10:46:25.922,0.80155,0.80172,1.00,1.25
2017.09.13 10:46:26.996,0.80155,0.80173,1.00,1.69
2017.09.13 10:46:29.130,0.80154,0.80172,1.87,1.00
2017.09.13 10:46:29.678,0.80154,0.80171,1.69,1.00
2017.09.13 10:46:30.200,0.80155,0.80172,1.00,1.25
2017.09.13 10:46:30.707,0.80154,0.80172,1.25,1.50
2017.09.13 10:46:31.253,0.80155,0.80172,1.00,1.69
2017.09.13 10:46:32.204,0.80154,0.80172,1.25,1.69
2017.09.13 10:46:32.528,0.80153,0.8017,1.50,1.00
2017.09.13 10:46:35.942,0.80151,0.8017,1.25,1.00
2017.09.13 10:46:36.188,0.80151,0.8017,2.62,1.25
2017.09.13 10:46:36.723,0.80153,0.80171,1.12,1.87
2017.09.13 10:46:37.452,0.80153,0.8017,1.25,1.25
2017.09.13 10:46:37.969,0.80152,0.80169,1.25,1.00
2017.09.13 10:46:38.921,0.80152,0.80169,1.44,1.00
2017.09.13 10:46:41.191,0.80153,0.8017,1.25,1.25
2017.09.13 10:46:46.163,0.80152,0.80169,1.44,1.00
2017.09.13 10:46:46.316,0.80151,0.80168,1.69,1.00
2017.09.13 10:46:46.518,0.80158,0.80172,1.00,1.50
2017.09.13 10:46:46.670,0.80157,0.80174,2.44,1.12
2017.09.13 10:46:47.001,0.80157,0.80176,2.81,1.25
2017.09.13 10:46:47.103,0.80156,0.80174,4.12,1.25
2017.09.13 10:46:47.680,0.80156,0.80174,1.12,1.00
2017.09.13 10:46:48.344,0.80157,0.80174,1.00,1.00
2017.09.13 10:46:48.702,0.80155,0.80175,1.50,1.50
2017.09.13 10:46:49.271,0.80155,0.80174,1.69,1.00
2017.09.13 10:46:52.494,0.80156,0.80174,1.25,1.00
2017.09.13 10:46:52.545,0.80155,0.80168,1.00,1.00
2017.09.13 10:46:52.690,0.80149,0.80166,1.50,1.12
2017.09.13 10:46:53.045,0.80147,0.80165,1.50,1.69
2017.09.13 10:46:53.952,0.80148,0.80165,1.00,1.69
2017.09.13 10:46:55.262,0.80147,0.80165,1.00,1.00
2017.09.13 10:46:56.447,0.80147,0.80165,1.44,1.50
2017.09.13 10:46:56.751,0.80149,0.80167,2.44,1.25
2017.09.13 10:46:56.853,0.80149,0.80165,1.00,1.00
2017.09.13 10:46:56.904,0.80147,0.80165,4.12,1.00
2017.09.13 10:46:57.116,0.80149,0.80166,1.00,1.69
2017.09.13 10:46:58.526,0.80148,0.80166,1.25,1.50
2017.09.13 10:47:00.299,0.80149,0.80166,1.00,1.69
2017.09.13 10:47:00.636,0.80147,0.80165,1.25,1.69
2017.09.13 10:47:03.838,0.80147,0.80164,1.00,1.00
2017.09.13 10:47:06.325,0.80146,0.80164,1.69,1.25
2017.09.13 10:47:06.477,0.80148,0.80165,1.00,1.25
2017.09.13 10:47:08.906,0.80148,0.80166,1.12,1.69
2017.09.13 10:47:09.668,0.80148,0.80165,1.12,1.00
2017.09.13 10:47:18.855,0.80147,0.80164,1.87,1.00
2017.09.13 10:47:19.401,0.80147,0.80165,1.12,1.00
2017.09.13 10:47:19.933,0.80147,0.80165,1.87,1.00
2017.09.13 10:47:23.982,0.80147,0.80165,1.69,1.69
2017.09.13 10:47:27.143,0.80147,0.80164,1.50,1.00
2017.09.13 10:47:29.674,0.80145,0.80162,1.87,1.00
2017.09.13 10:47:30.207,0.80144,0.80162,3.00,1.50
2017.09.13 10:47:31.800,0.80144,0.80162,2.25,2.44
2017.09.13 10:47:34.615,0.80143,0.80161,4.12,1.50
2017.09.13 10:47:35.137,0.80143,0.8016,1.69,1.50
2017.09.13 10:47:37.891,0.80143,0.80159,1.00,1.00
2017.09.13 10:47:38.472,0.80143,0.8016,1.00,1.69
2017.09.13 10:47:39.016,0.80144,0.8016,1.00,1.00
2017.09.13 10:47:42.161,0.80143,0.8016,1.69,1.50
2017.09.13 10:47:52.283,0.80142,0.80159,1.12,1.50
2017.09.13 10:47:53.612,0.80142,0.80159,1.44,1.50
2017.09.13 10:47:54.300,0.80142,0.80159,1.25,1.00
2017.09.13 10:47:57.176,0.80143,0.8016,1.00,2.44
2017.09.13 10:47:57.695,0.80144,0.8016,1.00,1.50
2017.09.13 10:47:58.216,0.80143,0.8016,1.25,2.25
2017.09.13 10:48:01.710,0.80142,0.80158,1.00,1.50
2017.09.13 10:48:01.812,0.8014,0.80157,1.25,1.00
2017.09.13 10:48:02.585,0.8014,0.80156,1.25,1.00
2017.09.13 10:48:03.093,0.8014,0.80156,1.44,1.00
2017.09.13 10:48:05.135,0.8014,0.80156,1.12,1.00
2017.09.13 10:48:09.593,0.80141,0.80158,1.00,2.25
2017.09.13 10:48:10.173,0.8014,0.80158,1.25,2.44
2017.09.13 10:48:11.172,0.80139,0.80158,2.62,2.44
2017.09.13 10:48:12.092,0.80141,0.80158,1.00,2.25
2017.09.13 10:48:23.228,0.8014,0.80158,2.62,1.50
2017.09.13 10:48:23.995,0.8014,0.80158,3.22,1.50
2017.09.13 10:48:24.299,0.80143,0.8016,1.69,1.13
2017.09.13 10:48:24.818,0.80143,0.8016,1.25,1.69
2017.09.13 10:48:26.290,0.80142,0.8016,2.25,1.00
2017.09.13 10:48:26.645,0.80144,0.8016,1.00,1.00
2017.09.13 10:48:28.793,0.80143,0.8016,3.37,1.00
2017.09.13 10:48:29.305,0.80144,0.8016,1.00,1.00
2017.09.13 10:48:29.810,0.80143,0.80161,2.62,1.50
2017.09.13 10:48:30.332,0.80144,0.80161,1.00,1.69
2017.09.13 10:48:33.451,0.80143,0.80161,3.37,1.50
2017.09.13 10:48:33.984,0.80144,0.80161,1.50,1.69
2017.09.13 10:48:35.981,0.80145,0.80161,1.00,1.00
2017.09.13 10:48:41.263,0.80144,0.80161,1.54,1.50
2017.09.13 10:48:45.284,0.80141,0.80158,2.29,1.50
2017.09.13 10:48:45.787,0.80141,0.80157,1.35,1.00
2017.09.13 10:48:46.329,0.80141,0.80158,1.35,2.81
2017.09.13 10:48:47.607,0.80141,0.80157,1.35,1.00
2017.09.13 10:48:48.141,0.80141,0.80158,1.00,2.06
2017.09.13 10:48:50.494,0.80142,0.80158,1.69,1.12
2017.09.13 10:48:50.899,0.80142,0.8016,2.47,1.00
2017.09.13 10:48:51.220,0.80145,0.80163,1.50,2.06
2017.09.13 10:48:53.288,0.80145,0.80162,1.50,1.00
2017.09.13 10:48:54.116,0.80146,0.80163,1.00,1.25
2017.09.13 10:48:57.308,0.80146,0.80164,1.25,1.50
2017.09.13 10:48:58.660,0.80147,0.80164,1.00,1.50
2017.09.13 10:48:59.329,0.80147,0.80163,1.00,1.00
2017.09.13 10:48:59.589,0.80145,0.80163,1.25,1.00
2017.09.13 10:49:00.131,0.80146,0.80163,1.19,1.00
2017.09.13 10:49:01.112,0.80146,0.80163,1.25,1.00
2017.09.13 10:49:03.674,0.80146,0.80162,1.25,1.00
2017.09.13 10:49:04.283,0.80147,0.80162,1.00,1.00
2017.09.13 10:49:04.798,0.80147,0.80163,1.25,1.50
2017.09.13 10:49:05.345,0.80148,0.80162,1.00,1.00
2017.09.13 10:49:05.496,0.80146,0.80162,1.25,1.00
2017.09.13 10:49:06.310,0.80146,0.80163,1.25,2.25
2017.09.13 10:49:09.147,0.80147,0.80163,1.00,1.50
2017.09.13 10:49:09.685,0.80148,0.80164,1.00,1.50
2017.09.13 10:49:12.376,0.80148,0.80165,1.25,2.62
2017.09.13 10:49:12.477,0.8015,0.80167,1.25,2.25
2017.09.13 10:49:12.528,0.8015,0.80167,1.25,1.50
2017.09.13 10:49:17.202,0.8015,0.80168,1.50,1.50
2017.09.13 10:49:17.508,0.80152,0.80168,1.00,1.50
2017.09.13 10:49:20.061,0.80151,0.80168,1.25,2.25
2017.09.13 10:49:20.660,0.80152,0.80168,1.00,1.50
2017.09.13 10:49:21.409,0.80151,0.80168,1.25,2.25
2017.09.13 10:49:23.365,0.80151,0.80168,1.31,2.25
2017.09.13 10:49:23.800,0.80153,0.8017,1.50,1.00
2017.09.13 10:49:24.388,0.80154,0.80171,1.00,1.00
2017.09.13 10:49:33.080,0.80155,0.80172,1.25,1.50
2017.09.13 10:49:33.181,0.80153,0.8017,2.62,1.00
2017.09.13 10:49:34.684,0.80153,0.8017,1.31,1.50
2017.09.13 10:49:35.239,0.80153,0.8017,1.25,1.50
2017.09.13 10:49:37.033,0.80154,0.8017,1.00,1.00
2017.09.13 10:49:37.084,0.80152,0.8017,1.69,1.50
2017.09.13 10:49:37.702,0.80153,0.8017,1.25,1.50
2017.09.13 10:49:38.241,0.80154,0.8017,1.25,1.50
2017.09.13 10:49:38.775,0.80153,0.8017,1.69,1.50
2017.09.13 10:49:39.255,0.80151,0.80168,2.62,1.00
2017.09.13 10:49:39.559,0.80154,0.8017,1.00,1.25
2017.09.13 10:49:40.082,0.80154,0.80171,1.50,1.50
2017.09.13 10:49:40.386,0.80156,0.80172,1.00,1.00
2017.09.13 10:49:40.705,0.80158,0.80173,1.25,1.00
2017.09.13 10:49:40.756,0.80158,0.80175,1.69,1.00
2017.09.13 10:49:40.913,0.80158,0.80177,1.69,1.69
2017.09.13 10:49:41.028,0.8016,0.80177,1.25,1.50
2017.09.13 10:49:42.501,0.80161,0.80178,1.00,2.25
2017.09.13 10:49:44.267,0.80162,0.80179,1.00,1.87
2017.09.13 10:49:48.223,0.80161,0.80177,1.00,1.50
2017.09.13 10:49:48.732,0.8016,0.80177,1.25,2.25
2017.09.13 10:49:49.243,0.80159,0.80177,1.50,1.69
2017.09.13 10:49:50.148,0.80159,0.80176,1.00,1.00
2017.09.13 10:49:50.701,0.80158,0.80176,2.62,1.69
2017.09.13 10:49:53.106,0.80158,0.80175,1.50,1.50
2017.09.13 10:49:57.573,0.80159,0.80175,1.00,1.00
2017.09.13 10:49:59.748,0.80159,0.80176,1.00,1.87
2017.09.13 10:50:00.250,0.80158,0.80175,1.00,1.00
2017.09.13 10:50:01.480,0.80157,0.80175,1.25,1.69
2017.09.13 10:50:02.000,0.80158,0.80175,1.00,1.69
2017.09.13 10:50:03.900,0.80157,0.80174,1.25,1.00
2017.09.13 10:50:05.325,0.80157,0.80175,1.25,1.69
2017.09.13 10:50:05.851,0.80156,0.80175,1.87,1.69
2017.09.13 10:50:07.963,0.80156,0.80175,1.87,1.87
2017.09.13 10:50:08.572,0.80156,0.80173,1.87,1.00
2017.09.13 10:50:09.287,0.80157,0.80174,1.00,1.00
2017.09.13 10:50:12.311,0.80157,0.80175,1.00,1.69
2017.09.13 10:50:12.822,0.80157,0.80174,1.69,1.50
2017.09.13 10:50:13.348,0.80158,0.80174,1.00,1.00
2017.09.13 10:50:13.913,0.80158,0.80175,1.00,1.50
2017.09.13 10:50:14.432,0.80158,0.80174,1.00,1.00
2017.09.13 10:50:15.035,0.80158,0.80175,1.00,1.25
2017.09.13 10:50:20.744,0.80157,0.80175,1.25,1.25
2017.09.13 10:50:21.290,0.80157,0.80174,1.69,1.00
2017.09.13 10:50:24.314,0.80158,0.80175,1.00,1.50
2017.09.13 10:50:38.140,0.80159,0.80176,1.00,1.50
2017.09.13 10:50:39.336,0.80158,0.80175,1.50,1.00
2017.09.13 10:50:43.991,0.80157,0.80175,1.50,1.50
2017.09.13 10:50:44.542,0.80158,0.80175,1.00,1.50
2017.09.13 10:50:45.069,0.80157,0.80174,1.50,1.00
2017.09.13 10:50:53.538,0.80156,0.80174,1.50,1.00
2017.09.13 10:50:54.071,0.80157,0.80174,1.00,1.00
2017.09.13 10:50:59.870,0.80158,0.80174,1.00,1.00
2017.09.13 10:51:00.397,0.80157,0.80174,1.50,1.00
2017.09.13 10:51:01.655,0.80157,0.80173,1.00,1.00
2017.09.13 10:51:04.717,0.80156,0.80173,1.50,1.50
2017.09.13 10:51:05.697,0.80154,0.80171,2.25,1.00
2017.09.13 10:51:06.247,0.80156,0.80171,1.00,1.12
2017.09.13 10:51:08.857,0.80155,0.80171,1.00,1.12
2017.09.13 10:51:09.418,0.80156,0.80171,1.00,1.12
2017.09.13 10:51:09.932,0.80155,0.80171,1.00,1.12
2017.09.13 10:51:10.492,0.80154,0.80172,1.50,2.25
2017.09.13 10:51:18.002,0.80155,0.80171,1.00,1.12
2017.09.13 10:51:18.104,0.80157,0.80174,1.50,1.50
2017.09.13 10:51:20.940,0.80157,0.80173,1.00,1.00
2017.09.13 10:51:24.315,0.80156,0.80173,1.00,1.00
2017.09.13 10:51:24.417,0.80154,0.80171,1.50,1.00
2017.09.13 10:51:24.959,0.80153,0.8017,1.50,1.00
2017.09.13 10:51:26.050,0.80154,0.8017,1.00,1.00
2017.09.13 10:51:27.615,0.80154,0.80172,2.25,1.50
2017.09.13 10:51:28.728,0.80154,0.80171,1.00,1.00
2017.09.13 10:51:29.827,0.80154,0.80172,1.00,1.50
2017.09.13 10:51:31.098,0.80154,0.80173,1.50,1.00
2017.09.13 10:51:31.621,0.80154,0.80173,2.44,1.87
2017.09.13 10:51:32.330,0.80156,0.80172,1.00,1.00
2017.09.13 10:51:32.482,0.80158,0.80173,1.00,1.69
2017.09.13 10:51:33.067,0.80157,0.80173,1.00,1.69
2017.09.13 10:51:33.711,0.80157,0.80174,1.00,1.25
2017.09.13 10:51:34.692,0.80157,0.80173,1.00,1.00
2017.09.13 10:51:35.430,0.80156,0.80173,1.50,1.00
2017.09.13 10:51:36.272,0.80157,0.80173,1.00,1.00
2017.09.13 10:51:39.568,0.80157,0.80171,1.00,1.00
2017.09.13 10:51:39.619,0.80155,0.80171,1.00,1.00
2017.09.13 10:51:39.905,0.80153,0.80172,2.81,1.69
2017.09.13 10:51:42.175,0.80154,0.80172,1.00,2.44
2017.09.13 10:51:42.479,0.80156,0.80173,1.00,1.50
2017.09.13 10:51:45.220,0.80156,0.80172,1.25,1.00
2017.09.13 10:51:51.777,0.80156,0.80174,1.69,2.06
2017.09.13 10:51:53.086,0.80156,0.80173,1.50,1.00
2017.09.13 10:51:54.431,0.80155,0.80173,1.25,1.87
2017.09.13 10:51:59.891,0.80156,0.80172,1.00,1.00
2017.09.13 10:52:00.562,0.80155,0.80172,1.00,1.00
2017.09.13 10:52:01.081,0.80156,0.80172,1.00,1.25
2017.09.13 10:52:01.604,0.80155,0.80171,1.00,1.25
2017.09.13 10:52:01.655,0.80155,0.80169,1.00,1.00
2017.09.13 10:52:01.709,0.80152,0.80169,2.25,1.00
2017.09.13 10:52:01.899,0.80151,0.80169,1.12,1.00
2017.09.13 10:52:04.195,0.80153,0.8017,1.00,1.87
2017.09.13 10:52:04.705,0.80152,0.8017,1.50,1.87
2017.09.13 10:52:05.252,0.80154,0.80171,1.50,1.25
2017.09.13 10:52:12.747,0.80154,0.80172,1.00,1.69
2017.09.13 10:52:17.024,0.80154,0.80171,1.00,1.25
2017.09.13 10:52:19.361,0.80154,0.80172,1.00,2.81
2017.09.13 10:52:21.093,0.80155,0.80173,1.69,1.12
2017.09.13 10:52:24.567,0.80157,0.80174,1.50,1.69
2017.09.13 10:52:24.871,0.80159,0.80174,1.00,1.00
2017.09.13 10:52:25.441,0.80159,0.80175,1.00,1.69
2017.09.13 10:52:27.320,0.80159,0.80174,1.00,1.00
2017.09.13 10:52:27.777,0.80159,0.80176,1.00,2.62
2017.09.13 10:52:29.597,0.80161,0.80176,1.00,1.00
2017.09.13 10:52:29.749,0.80159,0.80176,2.44,1.25
2017.09.13 10:52:30.597,0.8016,0.80177,1.00,1.12
2017.09.13 10:52:31.218,0.80161,0.80178,1.00,1.50
2017.09.13 10:52:32.531,0.8016,0.80177,1.50,1.00
2017.09.13 10:52:34.254,0.8016,0.80175,1.00,1.00
2017.09.13 10:52:34.394,0.80158,0.80175,3.37,1.00
2017.09.13 10:52:34.647,0.80161,0.80177,1.00,1.69
2017.09.13 10:52:35.052,0.80162,0.80179,1.00,1.25
2017.09.13 10:52:35.207,0.80161,0.80177,1.12,1.50
2017.09.13 10:52:35.563,0.80159,0.80175,1.00,1.00
2017.09.13 10:52:36.083,0.80158,0.80175,1.00,1.50
2017.09.13 10:52:36.630,0.80157,0.80174,1.50,1.00
2017.09.13 10:52:38.452,0.8016,0.80176,1.00,1.25
2017.09.13 10:52:38.604,0.80161,0.80179,1.00,2.44
2017.09.13 10:52:39.210,0.80161,0.80177,1.00,1.00
2017.09.13 10:52:39.414,0.80159,0.80176,1.50,1.50
2017.09.13 10:52:41.516,0.80162,0.80178,1.00,2.25
2017.09.13 10:52:42.022,0.80161,0.80178,1.00,1.00
2017.09.13 10:52:42.528,0.80161,0.80177,1.00,1.00
2017.09.13 10:52:44.142,0.80161,0.80178,1.50,1.25
2017.09.13 10:52:44.489,0.80164,0.80181,1.00,1.69
2017.09.13 10:52:44.990,0.80163,0.8018,1.00,2.62
2017.09.13 10:52:45.716,0.80162,0.8018,1.25,2.81
2017.09.13 10:52:46.311,0.80162,0.80179,1.25,1.50
2017.09.13 10:52:46.989,0.80161,0.80178,2.62,1.00
2017.09.13 10:52:47.231,0.80163,0.80181,1.50,2.25
2017.09.13 10:52:47.332,0.80164,0.80179,1.00,1.25
2017.09.13 10:52:47.383,0.8016,0.80177,1.87,1.00
2017.09.13 10:52:47.928,0.8016,0.80177,1.50,1.25
2017.09.13 10:52:50.698,0.8016,0.80178,1.00,1.50
2017.09.13 10:52:50.749,0.80163,0.80178,1.00,1.00
2017.09.13 10:52:50.851,0.80163,0.8018,1.50,1.00
2017.09.13 10:52:51.256,0.80161,0.80178,3.00,1.00
2017.09.13 10:52:51.770,0.80162,0.80179,1.12,1.87
2017.09.13 10:52:52.422,0.80162,0.80178,1.12,1.00
2017.09.13 10:52:53.912,0.80162,0.80179,2.06,1.00
2017.09.13 10:52:54.914,0.80162,0.8018,2.06,2.44
2017.09.13 10:52:55.481,0.80163,0.8018,1.00,1.25
2017.09.13 10:52:57.226,0.80164,0.8018,1.00,1.00
2017.09.13 10:52:57.531,0.80167,0.80183,1.50,1.00
2017.09.13 10:52:58.039,0.80165,0.80182,1.00,1.25
2017.09.13 10:52:58.783,0.80164,0.80183,2.25,1.69
2017.09.13 10:52:59.332,0.80165,0.80181,1.00,1.13
2017.09.13 10:52:59.434,0.80163,0.8018,1.12,1.00
2017.09.13 10:53:00.631,0.80163,0.80181,2.06,1.69
2017.09.13 10:53:01.138,0.80163,0.8018,2.06,1.00
2017.09.13 10:53:01.695,0.80165,0.80182,1.50,1.25
2017.09.13 10:53:02.242,0.80166,0.80182,1.00,1.00
2017.09.13 10:53:02.445,0.80162,0.80179,1.50,1.00
2017.09.13 10:53:02.970,0.80161,0.8018,3.38,2.62
2017.09.13 10:53:03.598,0.80161,0.8018,3.38,2.62
2017.09.13 10:53:04.524,0.80162,0.80179,1.25,1.00
2017.09.13 10:53:04.676,0.8016,0.80177,1.00,1.25
2017.09.13 10:53:05.064,0.80155,0.80173,1.25,1.88
2017.09.13 10:53:05.368,0.80153,0.8017,1.69,1.00
2017.09.13 10:53:06.300,0.80153,0.80171,2.25,1.69
2017.09.13 10:53:08.094,0.80153,0.80171,2.62,1.69
2017.09.13 10:53:08.801,0.80153,0.80171,2.44,1.69
2017.09.13 10:53:09.611,0.80153,0.80171,2.62,1.69
2017.09.13 10:53:10.130,0.80153,0.80171,2.63,1.69
2017.09.13 10:53:11.391,0.80155,0.80172,1.50,1.50
2017.09.13 10:53:16.589,0.80155,0.80171,1.87,1.00
2017.09.13 10:53:17.165,0.80154,0.80171,2.25,1.00
2017.09.13 10:53:17.763,0.80155,0.80171,1.00,1.00
2017.09.13 10:53:19.702,0.80154,0.80171,1.50,1.50
2017.09.13 10:53:20.216,0.80155,0.8017,1.00,1.00
2017.09.13 10:53:20.530,0.80152,0.8017,2.06,1.00
2017.09.13 10:53:22.862,0.80152,0.80169,1.12,1.13
2017.09.13 10:53:23.267,0.8015,0.80168,3.38,1.25
2017.09.13 10:53:27.095,0.80149,0.80166,2.62,1.00
2017.09.13 10:53:27.601,0.8015,0.80166,1.00,1.00
2017.09.13 10:53:28.149,0.8015,0.80167,1.00,1.69
2017.09.13 10:53:28.885,0.8015,0.80168,1.00,1.00
2017.09.13 10:53:29.415,0.8015,0.80167,1.69,1.00
2017.09.13 10:53:30.050,0.8015,0.80168,1.00,2.25
2017.09.13 10:53:30.595,0.8015,0.80167,1.25,1.00
2017.09.13 10:53:31.555,0.8015,0.80168,1.00,2.25
2017.09.13 10:53:32.062,0.8015,0.80167,1.00,2.25
2017.09.13 10:53:32.604,0.80149,0.80165,1.00,1.25
2017.09.13 10:53:32.756,0.80147,0.80165,3.38,1.50
2017.09.13 10:53:32.857,0.80149,0.80167,1.00,1.25
2017.09.13 10:53:33.758,0.80151,0.80166,1.00,1.25
2017.09.13 10:53:34.303,0.80151,0.80167,1.00,1.25
2017.09.13 10:53:34.717,0.8015,0.80165,1.00,1.00
2017.09.13 10:53:35.316,0.80149,0.80165,1.00,1.00
2017.09.13 10:53:36.655,0.80148,0.80165,1.69,1.00
2017.09.13 10:53:37.170,0.80149,0.80165,1.00,1.25
2017.09.13 10:53:39.747,0.80149,0.80166,1.00,1.00
2017.09.13 10:53:43.512,0.80148,0.80166,1.69,1.12
2017.09.13 10:53:45.563,0.80149,0.80167,1.50,1.87
2017.09.13 10:53:46.144,0.80148,0.80166,1.50,1.00
2017.09.13 10:53:46.458,0.8015,0.80167,1.00,1.25
2017.09.13 10:53:48.337,0.8015,0.80168,1.50,2.06
2017.09.13 10:53:48.885,0.8015,0.80167,1.00,1.00
2017.09.13 10:53:49.425,0.8015,0.80166,1.00,1.00
2017.09.13 10:53:49.679,0.80148,0.80166,2.25,1.00
2017.09.13 10:53:50.993,0.80148,0.80164,1.50,1.12
2017.09.13 10:53:51.952,0.80148,0.80166,2.25,1.87
2017.09.13 10:53:52.256,0.80151,0.80168,1.00,1.12
2017.09.13 10:53:53.358,0.80149,0.80167,1.50,1.25
2017.09.13 10:53:54.394,0.80149,0.80166,1.69,1.00
2017.09.13 10:53:55.413,0.80149,0.80167,1.00,2.44
2017.09.13 10:53:55.717,0.80148,0.80165,1.00,1.00
2017.09.13 10:53:56.122,0.8015,0.80165,1.00,1.25
2017.09.13 10:53:56.173,0.8015,0.80167,1.00,1.50
2017.09.13 10:53:59.252,0.80151,0.80167,1.00,1.00
2017.09.13 10:53:59.758,0.80151,0.80168,1.50,1.31
2017.09.13 10:54:00.414,0.80151,0.80169,1.50,2.06
2017.09.13 10:54:00.945,0.80152,0.80169,1.00,1.88
2017.09.13 10:54:01.451,0.80151,0.80169,2.44,2.06
2017.09.13 10:54:01.958,0.80152,0.80169,1.00,1.88
2017.09.13 10:54:02.811,0.80152,0.80169,1.00,1.88
2017.09.13 10:54:03.361,0.80152,0.80169,1.00,1.88
2017.09.13 10:54:04.389,0.80152,0.80169,1.00,1.88
2017.09.13 10:54:04.793,0.80154,0.80169,1.00,1.00
2017.09.13 10:54:05.334,0.80152,0.80169,1.87,1.13
2017.09.13 10:54:06.289,0.80152,0.80167,1.37,1.00
2017.09.13 10:54:06.576,0.80151,0.80168,1.00,1.50
2017.09.13 10:54:07.081,0.80152,0.80168,1.00,1.00
2017.09.13 10:54:07.789,0.80151,0.80168,1.50,1.00
2017.09.13 10:54:08.295,0.80152,0.80169,1.25,1.00
2017.09.13 10:54:09.301,0.80153,0.80169,1.00,1.00
2017.09.13 10:54:11.054,0.80152,0.80169,1.50,1.00
2017.09.13 10:54:13.921,0.80151,0.80169,1.50,2.44
2017.09.13 10:54:16.752,0.80152,0.80169,1.00,2.06
2017.09.13 10:54:17.939,0.80151,0.80169,1.50,2.62
2017.09.13 10:54:18.445,0.80152,0.80169,1.00,1.87
2017.09.13 10:54:19.831,0.80151,0.80169,1.00,2.25
2017.09.13 10:54:20.341,0.80151,0.80168,1.00,1.25
2017.09.13 10:54:20.847,0.80151,0.80169,1.00,2.06
2017.09.13 10:54:24.041,0.80155,0.80169,1.00,1.12
2017.09.13 10:54:24.798,0.80154,0.8017,1.00,1.00
2017.09.13 10:54:25.325,0.80155,0.8017,1.00,1.25
2017.09.13 10:54:25.830,0.80155,0.80171,1.00,1.25
2017.09.13 10:54:26.360,0.80156,0.8017,1.00,1.00
2017.09.13 10:54:26.411,0.80153,0.8017,3.56,1.25
2017.09.13 10:54:27.298,0.80154,0.8017,1.00,1.00
2017.09.13 10:54:27.501,0.80151,0.80168,2.44,1.00
2017.09.13 10:54:27.915,0.80153,0.80169,1.69,1.00
2017.09.13 10:54:28.537,0.80154,0.80171,1.00,1.00
2017.09.13 10:54:29.054,0.80155,0.80172,1.00,1.00
2017.09.13 10:54:29.989,0.80155,0.80173,1.50,1.69
2017.09.13 10:54:30.562,0.80155,0.80173,1.50,2.06
2017.09.13 10:54:31.067,0.80155,0.80173,1.50,1.87
2017.09.13 10:54:32.354,0.80154,0.80171,2.25,1.00
2017.09.13 10:54:32.892,0.80153,0.8017,2.62,1.25
2017.09.13 10:54:33.376,0.80151,0.80169,1.69,1.25
2017.09.13 10:54:33.788,0.80153,0.80169,1.00,1.00
2017.09.13 10:54:34.592,0.80152,0.80169,3.37,1.00
2017.09.13 10:54:35.143,0.80153,0.80169,1.00,1.00
2017.09.13 10:54:35.751,0.80152,0.80169,3.37,1.00
2017.09.13 10:54:36.268,0.80153,0.80169,1.00,1.00
2017.09.13 10:54:40.600,0.80152,0.80169,3.37,1.00
2017.09.13 10:54:41.834,0.80153,0.80169,1.00,1.00
2017.09.13 10:54:42.339,0.8015,0.80166,2.25,1.00
2017.09.13 10:54:42.491,0.8015,0.80166,1.00,1.00
2017.09.13 10:54:42.997,0.80149,0.80167,1.00,1.87
2017.09.13 10:54:43.543,0.80148,0.80166,1.12,1.31
2017.09.13 10:54:43.999,0.80146,0.80164,2.25,1.00
2017.09.13 10:54:44.611,0.80146,0.80165,1.50,2.62
2017.09.13 10:54:44.763,0.80148,0.80165,1.00,1.69
2017.09.13 10:54:45.311,0.80148,0.80166,1.00,1.87
2017.09.13 10:54:52.509,0.80147,0.80165,2.25,1.25
2017.09.13 10:54:53.099,0.80148,0.80165,1.00,1.00
2017.09.13 10:54:55.703,0.80147,0.80164,2.44,1.00
2017.09.13 10:54:56.065,0.80146,0.80162,1.00,1.00
2017.09.13 10:54:56.520,0.80143,0.80162,1.69,2.06
2017.09.13 10:54:56.622,0.80143,0.8016,2.44,1.00
2017.09.13 10:54:58.053,0.80143,0.80161,2.25,1.00
2017.09.13 10:55:02.103,0.80144,0.80161,1.00,1.69
2017.09.13 10:55:02.609,0.80144,0.80162,1.13,1.00
2017.09.13 10:55:02.912,0.80147,0.80163,1.00,1.00
2017.09.13 10:55:03.064,0.80149,0.80167,1.88,1.00
2017.09.13 10:55:03.216,0.80151,0.80168,1.00,2.06
2017.09.13 10:55:03.797,0.8015,0.80168,1.00,1.87
2017.09.13 10:55:04.101,0.80149,0.80166,1.00,1.00
2017.09.13 10:55:04.618,0.80149,0.80167,1.50,1.00
2017.09.13 10:55:05.857,0.80149,0.80168,1.00,1.87
2017.09.13 10:55:09.061,0.80149,0.80167,1.50,1.00
2017.09.13 10:55:10.366,0.8015,0.80167,1.00,1.00
2017.09.13 10:55:11.830,0.8015,0.80168,1.00,2.81
2017.09.13 10:55:13.073,0.8015,0.80167,1.00,1.00
2017.09.13 10:55:14.435,0.80149,0.80167,1.69,1.25
2017.09.13 10:55:19.980,0.8015,0.80167,1.00,1.00
2017.09.13 10:55:24.580,0.80149,0.80168,1.50,1.87
2017.09.13 10:55:25.087,0.80149,0.80167,1.00,1.50
2017.09.13 10:55:25.599,0.80148,0.80167,2.25,2.25
2017.09.13 10:55:28.090,0.80149,0.80167,1.25,2.44
2017.09.13 10:55:29.580,0.80151,0.80167,1.00,1.69
2017.09.13 10:55:29.732,0.80152,0.80169,1.00,1.31
2017.09.13 10:55:30.286,0.80151,0.80168,2.62,1.00
2017.09.13 10:55:30.438,0.8015,0.80166,1.69,1.00
2017.09.13 10:55:31.000,0.8015,0.80167,2.25,1.25
2017.09.13 10:55:31.519,0.8015,0.80166,1.50,1.00
2017.09.13 10:55:32.082,0.8015,0.80167,2.25,1.25
2017.09.13 10:55:34.692,0.8015,0.80166,1.50,1.00
2017.09.13 10:55:35.760,0.8015,0.80166,1.50,1.00
2017.09.13 10:55:36.886,0.8015,0.80167,2.25,1.25
2017.09.13 10:55:37.212,0.8015,0.80165,1.00,1.00
2017.09.13 10:55:37.997,0.8015,0.80166,1.00,1.25
2017.09.13 10:55:39.743,0.8015,0.80165,1.00,1.00
2017.09.13 10:55:39.970,0.8015,0.80167,1.00,1.87
2017.09.13 10:55:40.793,0.8015,0.80168,1.00,1.87
2017.09.13 10:55:41.356,0.8015,0.80168,1.00,1.87
2017.09.13 10:55:43.396,0.8015,0.80168,1.50,2.62
2017.09.13 10:55:52.021,0.80151,0.80169,1.00,3.56
2017.09.13 10:55:55.752,0.80152,0.80169,1.00,1.69
2017.09.13 10:55:57.852,0.80153,0.8017,1.00,1.00
2017.09.13 10:55:58.232,0.80153,0.80168,1.00,1.00
2017.09.13 10:55:58.536,0.8015,0.80165,1.00,1.00
2017.09.13 10:55:58.588,0.80148,0.80165,1.12,1.12
2017.09.13 10:55:58.778,0.80145,0.8016,1.37,1.00
2017.09.13 10:55:58.829,0.80144,0.8016,1.37,1.00
2017.09.13 10:55:59.032,0.80143,0.8016,2.25,1.00
2017.09.13 10:55:59.186,0.80145,0.8016,1.00,1.00
2017.09.13 10:55:59.681,0.80143,0.8016,2.25,1.00
2017.09.13 10:56:00.814,0.80143,0.80161,2.44,1.25
2017.09.13 10:56:01.698,0.80143,0.8016,1.50,1.00
2017.09.13 10:56:03.003,0.80143,0.8016,1.69,2.06
2017.09.13 10:56:03.543,0.80142,0.8016,1.50,1.00
2017.09.13 10:56:04.094,0.80143,0.8016,1.00,1.12
2017.09.13 10:56:05.413,0.80142,0.8016,1.50,1.50
2017.09.13 10:56:05.950,0.80143,0.8016,1.50,1.00
2017.09.13 10:56:06.457,0.80143,0.80159,1.50,1.00
2017.09.13 10:56:07.951,0.80143,0.8016,1.50,1.25
2017.09.13 10:56:09.049,0.80144,0.8016,1.00,1.25
2017.09.13 10:56:09.772,0.80144,0.80161,1.50,1.25
2017.09.13 10:56:09.975,0.80146,0.80162,1.00,1.00
2017.09.13 10:56:10.481,0.80147,0.80164,1.12,1.62
2017.09.13 10:56:11.029,0.80148,0.80165,1.00,1.31
2017.09.13 10:56:11.181,0.80148,0.80166,1.13,1.50
2017.09.13 10:56:11.687,0.80149,0.80166,1.00,1.00
2017.09.13 10:56:13.225,0.80148,0.80166,2.25,1.25
2017.09.13 10:56:17.501,0.80149,0.80167,1.00,1.50
2017.09.13 10:56:17.552,0.80151,0.80168,1.00,1.00
2017.09.13 10:56:18.069,0.80151,0.80169,1.50,1.25
2017.09.13 10:56:18.606,0.80151,0.80168,1.00,1.00
2017.09.13 10:56:19.117,0.8015,0.80168,1.00,1.25
2017.09.13 10:56:20.662,0.8015,0.80167,1.00,1.25
2017.09.13 10:56:21.217,0.80149,0.80167,2.25,1.00
2017.09.13 10:56:21.783,0.8015,0.80168,1.00,1.69
2017.09.13 10:56:24.029,0.80152,0.80168,1.00,1.50
2017.09.13 10:56:24.131,0.80153,0.80171,2.25,1.00
2017.09.13 10:56:24.637,0.80154,0.80172,2.44,1.12
2017.09.13 10:56:25.149,0.80154,0.80171,2.44,1.00
2017.09.13 10:56:25.721,0.80155,0.80171,1.00,1.00
2017.09.13 10:56:25.822,0.80155,0.80173,1.25,2.63
2017.09.13 10:56:26.471,0.80156,0.80173,1.00,2.44
2017.09.13 10:56:28.233,0.80155,0.80173,1.69,1.50
2017.09.13 10:56:32.431,0.80154,0.80172,2.44,1.00
2017.09.13 10:56:32.937,0.80153,0.80172,1.69,2.81
2017.09.13 10:56:33.475,0.80154,0.80172,1.00,1.12
2017.09.13 10:56:34.037,0.80153,0.80171,1.00,1.13
2017.09.13 10:56:34.088,0.80152,0.80169,1.00,1.00
2017.09.13 10:56:34.594,0.80152,0.8017,1.50,1.00
2017.09.13 10:56:35.269,0.80151,0.80169,1.00,1.00
2017.09.13 10:56:35.835,0.8015,0.80169,2.81,1.50
2017.09.13 10:56:36.755,0.8015,0.80168,1.69,1.00
2017.09.13 10:56:40.050,0.80151,0.80168,1.00,1.00
2017.09.13 10:56:40.385,0.80153,0.8017,1.00,2.25
2017.09.13 10:56:41.663,0.80153,0.8017,1.50,1.12
2017.09.13 10:56:42.175,0.80153,0.80169,1.00,1.00
2017.09.13 10:56:44.393,0.80153,0.8017,1.50,1.12
2017.09.13 10:56:45.420,0.80153,0.80169,1.00,1.00
2017.09.13 10:56:45.858,0.80151,0.80169,2.06,1.25
2017.09.13 10:56:46.300,0.80153,0.80169,1.00,1.25
2017.09.13 10:56:48.653,0.80151,0.80169,1.12,1.00
2017.09.13 10:56:49.916,0.8015,0.80169,1.50,1.50
2017.09.13 10:56:50.017,0.80151,0.80167,1.00,1.25
2017.09.13 10:56:51.146,0.80151,0.80168,1.00,1.87
2017.09.13 10:56:51.450,0.80153,0.80168,1.00,1.00
2017.09.13 10:56:51.761,0.80151,0.80168,2.81,1.00
2017.09.13 10:56:52.715,0.80151,0.80167,1.87,1.00
2017.09.13 10:56:53.251,0.80151,0.80166,1.87,1.00
2017.09.13 10:56:53.791,0.80151,0.80167,1.87,1.87
2017.09.13 10:56:55.112,0.8015,0.80168,2.25,1.87
2017.09.13 10:56:56.915,0.80152,0.8017,1.00,1.87
2017.09.13 10:56:57.429,0.8015,0.80168,3.00,1.25
2017.09.13 10:56:57.960,0.8015,0.80167,1.37,1.00
2017.09.13 10:56:58.468,0.8015,0.80167,1.00,1.69
2017.09.13 10:56:59.003,0.8015,0.80168,1.00,2.44
2017.09.13 10:57:00.213,0.80152,0.80169,1.00,2.81
2017.09.13 10:57:00.761,0.80151,0.80169,1.69,2.06
2017.09.13 10:57:01.345,0.80152,0.80169,1.00,1.31
2017.09.13 10:57:02.978,0.80153,0.80169,1.00,1.87
2017.09.13 10:57:03.682,0.80153,0.80167,1.00,1.50
2017.09.13 10:57:03.784,0.8015,0.80167,1.00,1.00
2017.09.13 10:57:03.886,0.8015,0.80169,1.50,2.06
2017.09.13 10:57:04.061,0.80151,0.80167,1.00,1.00
2017.09.13 10:57:04.572,0.8015,0.80167,1.00,1.00
2017.09.13 10:57:05.147,0.8015,0.80168,1.00,1.00
2017.09.13 10:57:05.837,0.8015,0.80167,1.00,1.00
2017.09.13 10:57:06.775,0.80151,0.80169,1.00,1.12
2017.09.13 10:57:07.286,0.80152,0.80169,1.00,1.00
2017.09.13 10:57:08.102,0.80151,0.80169,1.50,1.00
2017.09.13 10:57:09.107,0.80152,0.80169,1.00,1.00
2017.09.13 10:57:09.894,0.80151,0.80169,1.00,1.00
2017.09.13 10:57:10.434,0.80152,0.80169,1.00,1.00
2017.09.13 10:57:10.961,0.80151,0.80167,1.00,1.00
2017.09.13 10:57:11.394,0.8015,0.80169,1.50,2.81
2017.09.13 10:57:11.915,0.80151,0.80169,1.00,2.06
2017.09.13 10:57:12.067,0.80153,0.80169,1.00,1.12
2017.09.13 10:57:12.772,0.80152,0.80169,1.50,1.12
2017.09.13 10:57:13.282,0.80152,0.8017,1.50,1.00
2017.09.13 10:57:13.853,0.80153,0.8017,1.00,1.00
2017.09.13 10:57:14.055,0.80154,0.80172,1.50,1.87
2017.09.13 10:57:15.099,0.80154,0.80173,1.50,3.94
2017.09.13 10:57:15.745,0.80154,0.80172,1.50,1.00
2017.09.13 10:57:18.195,0.80154,0.80172,1.50,1.88
2017.09.13 10:57:18.742,0.80154,0.80172,1.50,1.50
2017.09.13 10:57:19.774,0.80154,0.80173,1.00,3.00
2017.09.13 10:57:20.293,0.80154,0.80172,1.00,1.00
2017.09.13 10:57:21.130,0.80154,0.80173,1.00,3.00
2017.09.13 10:57:21.665,0.80154,0.80172,1.00,1.25
2017.09.13 10:57:22.167,0.80155,0.80171,1.00,1.00
2017.09.13 10:57:22.447,0.80153,0.80169,1.00,1.00
2017.09.13 10:57:22.600,0.80151,0.80168,1.00,1.00
2017.09.13 10:57:23.452,0.80151,0.80167,1.00,1.00
2017.09.13 10:57:25.530,0.8015,0.80167,3.00,1.00
2017.09.13 10:57:26.066,0.80151,0.80167,1.00,1.00
2017.09.13 10:57:27.374,0.8015,0.80167,3.00,1.00
2017.09.13 10:57:27.893,0.80151,0.80167,1.00,1.00
2017.09.13 10:57:28.422,0.80151,0.80168,1.50,1.25
2017.09.13 10:57:30.505,0.80151,0.80167,1.00,1.00
2017.09.13 10:57:32.165,0.8015,0.80167,2.25,1.00
2017.09.13 10:57:32.715,0.80151,0.80167,1.00,1.00
2017.09.13 10:57:33.236,0.80151,0.80168,1.00,1.00
2017.09.13 10:57:33.983,0.80151,0.80167,1.00,1.00
2017.09.13 10:57:34.511,0.8015,0.80167,2.25,1.00
2017.09.13 10:57:37.062,0.80149,0.80168,1.12,1.00
2017.09.13 10:57:37.914,0.8015,0.80167,1.00,1.00
2017.09.13 10:57:43.369,0.80151,0.80167,1.00,1.25
2017.09.13 10:57:44.293,0.8015,0.80167,1.50,1.25
2017.09.13 10:57:49.138,0.8015,0.80168,1.69,1.25
2017.09.13 10:57:50.351,0.80149,0.80168,2.81,1.25
2017.09.13 10:57:50.654,0.80151,0.8017,1.00,1.87
2017.09.13 10:57:51.160,0.8015,0.80169,1.00,1.50
2017.09.13 10:57:53.333,0.80151,0.8017,1.00,2.44
2017.09.13 10:57:53.960,0.80151,0.80169,1.00,1.00
2017.09.13 10:57:54.530,0.8015,0.80169,1.00,1.00
2017.09.13 10:57:55.195,0.8015,0.80168,1.50,1.00
2017.09.13 10:57:56.040,0.8015,0.80168,1.50,1.44
2017.09.13 10:57:56.585,0.80149,0.80167,2.81,1.25
2017.09.13 10:57:58.931,0.80149,0.80168,1.12,1.50
2017.09.13 10:57:59.722,0.8015,0.80167,1.00,1.00
2017.09.13 10:58:00.025,0.80148,0.80165,1.00,1.69
2017.09.13 10:58:01.122,0.80147,0.80165,1.25,1.25
2017.09.13 10:58:01.635,0.80147,0.80165,1.25,1.31
2017.09.13 10:58:02.141,0.80147,0.80165,1.00,1.87
2017.09.13 10:58:02.671,0.80147,0.80164,1.69,1.25
2017.09.13 10:58:04.148,0.80147,0.80163,1.00,1.00
2017.09.13 10:58:05.342,0.80146,0.80163,2.81,1.00
2017.09.13 10:58:05.906,0.80146,0.80164,1.12,1.25
2017.09.13 10:58:11.997,0.80146,0.80164,3.00,1.00
2017.09.13 10:58:12.504,0.80146,0.80163,1.87,1.00
2017.09.13 10:58:15.184,0.80146,0.80164,1.50,1.25
2017.09.13 10:58:16.046,0.80146,0.80163,1.00,1.00
2017.09.13 10:58:17.576,0.80146,0.80162,1.00,1.12
2017.09.13 10:58:17.880,0.80142,0.80159,1.50,1.00
2017.09.13 10:58:19.298,0.80142,0.80159,1.50,1.31
2017.09.13 10:58:19.911,0.80142,0.80159,1.00,1.00
2017.09.13 10:58:21.684,0.80142,0.8016,1.50,1.31
2017.09.13 10:58:22.206,0.80143,0.80161,1.00,1.00
2017.09.13 10:58:22.717,0.80143,0.8016,1.00,1.00
2017.09.13 10:58:23.263,0.80142,0.8016,1.50,1.00
2017.09.13 10:58:23.812,0.80143,0.80161,1.00,1.87
2017.09.13 10:58:24.454,0.80144,0.80161,1.00,1.25
2017.09.13 10:58:25.123,0.80144,0.80162,1.00,1.50
2017.09.13 10:58:27.292,0.80144,0.80162,1.00,1.87
2017.09.13 10:58:28.438,0.80144,0.80162,1.00,1.25
2017.09.13 10:58:28.941,0.80145,0.80163,1.00,3.37
2017.09.13 10:58:29.448,0.80145,0.80162,1.00,1.25
2017.09.13 10:58:30.154,0.80145,0.80163,1.00,1.69
2017.09.13 10:58:30.666,0.80145,0.80163,1.00,1.87
2017.09.13 10:58:31.223,0.80145,0.80163,1.00,1.25
2017.09.13 10:58:31.768,0.80146,0.80162,1.00,1.00
2017.09.13 10:58:32.042,0.80148,0.80162,1.00,1.00
2017.09.13 10:58:32.346,0.80147,0.80164,1.12,1.25
2017.09.13 10:58:32.984,0.80148,0.80164,1.00,1.25
2017.09.13 10:58:37.765,0.80147,0.80165,1.12,1.25
2017.09.13 10:58:38.322,0.80148,0.80165,1.00,1.44
2017.09.13 10:58:39.072,0.80148,0.80165,1.00,1.25
2017.09.13 10:58:40.821,0.80148,0.80165,1.00,1.63
2017.09.13 10:58:41.443,0.80148,0.80165,1.00,1.25
2017.09.13 10:58:42.259,0.80149,0.80166,1.00,1.87
2017.09.13 10:58:43.147,0.80149,0.80166,1.00,1.50
2017.09.13 10:58:43.878,0.80149,0.80166,1.00,1.87
2017.09.13 10:58:44.508,0.80149,0.80166,1.00,1.69
2017.09.13 10:58:48.788,0.80149,0.80166,1.50,1.63
2017.09.13 10:58:49.092,0.80141,0.80157,1.12,1.00
2017.09.13 10:58:49.193,0.8014,0.80157,2.44,1.00
2017.09.13 10:58:50.442,0.8014,0.80156,1.00,1.00
2017.09.13 10:58:51.307,0.8014,0.80157,1.50,1.25
2017.09.13 10:58:53.203,0.8014,0.80156,1.50,1.00
2017.09.13 10:58:54.040,0.8014,0.80157,2.25,1.00
2017.09.13 10:58:54.998,0.80142,0.80159,1.00,2.10
2017.09.13 10:58:55.403,0.80142,0.80161,1.50,1.12
2017.09.13 10:58:55.906,0.80143,0.8016,1.00,1.00
2017.09.13 10:58:57.052,0.80143,0.80161,1.00,1.12
2017.09.13 10:58:57.558,0.80142,0.80156,1.00,1.00
2017.09.13 10:58:57.609,0.8014,0.80156,1.00,1.25
2017.09.13 10:58:58.137,0.80139,0.80156,1.12,1.25
2017.09.13 10:58:58.640,0.80139,0.80155,1.12,1.00
2017.09.13 10:58:59.326,0.80139,0.80154,1.12,1.00
2017.09.13 10:58:59.427,0.80137,0.80156,2.25,1.69
2017.09.13 10:58:59.478,0.80137,0.80156,2.44,2.62
2017.09.13 10:58:59.781,0.80139,0.80154,1.00,1.25
2017.09.13 10:59:00.261,0.80141,0.80156,1.00,1.00
2017.09.13 10:59:00.413,0.80142,0.80158,1.00,1.25
2017.09.13 10:59:01.593,0.80141,0.80158,1.50,1.00
2017.09.13 10:59:02.294,0.80141,0.80159,1.00,1.12
2017.09.13 10:59:03.105,0.80141,0.80159,1.00,1.31
2017.09.13 10:59:04.024,0.80143,0.80159,1.00,1.00
2017.09.13 10:59:04.593,0.80141,0.80159,3.19,1.25
2017.09.13 10:59:05.284,0.80142,0.80159,1.00,1.25
2017.09.13 10:59:05.789,0.80141,0.80158,1.50,1.00
2017.09.13 10:59:06.295,0.80141,0.80157,1.00,1.00
2017.09.13 10:59:07.446,0.8014,0.80158,3.00,1.00
2017.09.13 10:59:08.074,0.80141,0.80158,1.00,1.25
2017.09.13 10:59:09.517,0.80141,0.80157,1.50,1.00
2017.09.13 10:59:10.224,0.80141,0.80158,1.50,1.00
2017.09.13 10:59:10.745,0.80142,0.80159,1.50,1.00
2017.09.13 10:59:11.816,0.80143,0.80159,1.00,1.00
2017.09.13 10:59:12.767,0.80143,0.8016,1.50,1.25
2017.09.13 10:59:13.283,0.80144,0.80161,1.00,2.06
2017.09.13 10:59:13.834,0.80144,0.8016,1.00,1.25
2017.09.13 10:59:14.375,0.80143,0.8016,1.00,1.25
2017.09.13 10:59:21.226,0.80142,0.8016,3.37,1.00
2017.09.13 10:59:21.768,0.80142,0.80159,3.37,1.00
2017.09.13 10:59:22.284,0.80143,0.80159,1.00,1.00
2017.09.13 10:59:24.639,0.80143,0.8016,1.50,1.25
2017.09.13 10:59:27.362,0.80142,0.8016,3.37,1.00
2017.09.13 10:59:27.899,0.80143,0.8016,1.00,1.25
2017.09.13 10:59:30.053,0.80147,0.8016,1.00,1.25
2017.09.13 10:59:31.424,0.80146,0.8016,1.00,1.00
2017.09.13 10:59:31.930,0.80147,0.8016,1.00,1.25
2017.09.13 10:59:32.929,0.80146,0.8016,1.00,1.00
2017.09.13 10:59:33.511,0.80147,0.8016,1.00,1.25
2017.09.13 10:59:35.209,0.80147,0.80161,1.00,1.25
2017.09.13 10:59:35.720,0.80146,0.8016,1.00,1.00
2017.09.13 10:59:36.402,0.80147,0.8016,1.00,1.00
2017.09.13 10:59:38.131,0.80146,0.8016,1.00,1.00
2017.09.13 10:59:38.688,0.80147,0.8016,1.00,1.00
2017.09.13 10:59:39.328,0.80146,0.8016,1.00,1.00
2017.09.13 10:59:39.510,0.80147,0.80162,1.00,1.25
2017.09.13 10:59:40.013,0.80147,0.80162,1.00,1.19
2017.09.13 10:59:42.552,0.80146,0.80162,1.00,1.25
2017.09.13 10:59:43.071,0.80147,0.80161,1.00,1.25
2017.09.13 10:59:43.712,0.80147,0.80161,1.00,1.19
2017.09.13 10:59:44.897,0.80147,0.80161,1.00,1.25
2017.09.13 10:59:45.453,0.80146,0.80161,1.00,1.00
2017.09.13 10:59:45.971,0.80147,0.80162,1.00,1.19
2017.09.13 10:59:46.495,0.80147,0.8016,1.00,1.00
2017.09.13 10:59:47.867,0.80146,0.8016,1.00,1.00
2017.09.13 10:59:47.918,0.80152,0.80162,1.00,1.00
2017.09.13 10:59:47.969,0.80152,0.80164,1.00,1.00
2017.09.13 10:59:48.020,0.80154,0.80167,1.00,1.50
2017.09.13 10:59:48.123,0.80156,0.80167,1.00,1.00
2017.09.13 10:59:48.650,0.80156,0.80168,1.00,1.00
2017.09.13 10:59:50.056,0.80156,0.80169,1.00,1.50
2017.09.13 10:59:50.510,0.80154,0.8017,1.00,1.13
2017.09.13 10:59:51.048,0.80158,0.80171,1.00,1.50
2017.09.13 10:59:51.100,0.8016,0.80174,1.00,1.00
2017.09.13 10:59:51.689,0.8016,0.80173,1.00,1.00
2017.09.13 10:59:51.800,0.8016,0.80175,1.00,1.00
2017.09.13 10:59:52.332,0.80159,0.80175,1.00,1.00
2017.09.13 10:59:52.702,0.80157,0.80175,1.12,1.00
2017.09.13 10:59:53.226,0.80156,0.80174,2.25,1.00
2017.09.13 10:59:53.822,0.80159,0.80174,1.00,1.00
2017.09.13 10:59:54.617,0.80158,0.80174,1.00,1.00
2017.09.13 10:59:55.141,0.80159,0.80175,1.00,1.00
2017.09.13 10:59:55.847,0.80158,0.80175,1.00,1.00
2017.09.13 10:59:56.365,0.80157,0.80175,1.12,1.00
2017.09.13 10:59:56.669,0.80159,0.80175,1.00,1.00
2017.09.13 10:59:57.639,0.80159,0.80176,1.00,1.00
2017.09.13 10:59:58.180,0.80159,0.80177,1.00,1.00
2017.09.13 10:59:58.692,0.80159,0.80178,1.00,1.50
2017.09.13 10:59:59.260,0.80159,0.80177,1.00,1.00
2017.09.13 10:59:59.806,0.80159,0.80176,1.00,1.00
