2018.04.18 20:00:00.111,0.78497,0.78505,1.00,1.50
2018.04.18 20:00:00.162,0.78495,0.78505,1.00,2.25
2018.04.18 20:00:00.315,0.78495,0.78507,2.25,1.50
2018.04.18 20:00:02.627,0.78496,0.78507,1.00,1.50
2018.04.18 20:00:03.237,0.78495,0.78507,2.25,1.00
2018.04.18 20:00:04.060,0.78496,0.78507,1.00,1.00
2018.04.18 20:00:05.180,0.78497,0.78507,1.00,1.00
2018.04.18 20:00:07.688,0.78498,0.78507,1.00,1.00
2018.04.18 20:00:07.789,0.78499,0.78509,1.50,1.00
2018.04.18 20:00:08.367,0.78498,0.78509,1.00,2.25
2018.04.18 20:00:09.010,0.78497,0.78508,1.00,1.00
2018.04.18 20:00:11.163,0.78499,0.78508,1.00,1.00
2018.04.18 20:00:12.930,0.78499,0.78509,1.00,1.50
2018.04.18 20:00:14.368,0.78499,0.78508,1.50,1.00
2018.04.18 20:00:14.956,0.785,0.78508,1.00,1.00
2018.04.18 20:00:16.392,0.78499,0.78508,1.00,1.00
2018.04.18 20:00:17.471,0.785,0.78508,1.00,1.00
2018.04.18 20:00:17.798,0.78502,0.78509,1.00,1.00
2018.04.18 20:00:18.449,0.78501,0.78509,1.00,1.00
2018.04.18 20:00:20.073,0.78502,0.78513,1.50,1.00
2018.04.18 20:00:20.124,0.78504,0.78514,1.00,1.50
2018.04.18 20:00:20.593,0.78506,0.78514,1.00,1.50
2018.04.18 20:00:23.674,0.78507,0.78514,1.00,1.50
2018.04.18 20:00:24.227,0.78506,0.78514,1.00,1.50
2018.04.18 20:00:26.259,0.78505,0.78514,1.00,1.50
2018.04.18 20:00:26.798,0.78506,0.78514,1.00,1.50
2018.04.18 20:00:28.058,0.78505,0.78514,1.00,1.50
2018.04.18 20:00:28.765,0.78506,0.78514,1.00,1.50
2018.04.18 20:00:31.113,0.78505,0.78514,1.00,1.00
2018.04.18 20:00:31.760,0.78506,0.78514,1.00,1.50
2018.04.18 20:00:32.937,0.78505,0.78514,1.00,1.50
2018.04.18 20:00:33.467,0.78506,0.78514,1.00,1.50
2018.04.18 20:00:34.128,0.78505,0.78514,1.00,1.00
2018.04.18 20:00:34.788,0.78506,0.78514,1.00,1.00
2018.04.18 20:00:38.124,0.78508,0.78516,1.00,1.50
2018.04.18 20:00:38.659,0.78507,0.78515,1.00,1.00
2018.04.18 20:00:40.552,0.78506,0.78515,1.00,1.00
2018.04.18 20:00:41.078,0.78507,0.78515,1.00,1.00
2018.04.18 20:00:42.604,0.78506,0.78515,1.00,1.00
2018.04.18 20:00:43.334,0.78506,0.78514,1.00,1.00
2018.04.18 20:00:48.417,0.78505,0.78514,1.00,1.50
2018.04.18 20:00:49.437,0.78506,0.78514,1.00,1.50
2018.04.18 20:00:50.385,0.78505,0.78514,1.00,1.50
2018.04.18 20:00:51.045,0.78506,0.78514,1.00,1.50
2018.04.18 20:00:51.762,0.78505,0.78514,1.00,1.50
2018.04.18 20:00:52.307,0.78506,0.78514,1.00,1.50
2018.04.18 20:00:53.081,0.78505,0.78514,1.00,1.50
2018.04.18 20:00:57.557,0.78505,0.78513,1.00,1.00
2018.04.18 20:00:58.663,0.78506,0.78513,1.00,1.00
2018.04.18 20:00:59.032,0.78507,0.78515,1.00,1.50
2018.04.18 20:00:59.144,0.78509,0.78516,1.00,1.50
2018.04.18 20:00:59.740,0.78508,0.78516,1.00,2.25
2018.04.18 20:01:00.311,0.78507,0.78516,1.00,2.25
2018.04.18 20:01:01.005,0.78508,0.78516,1.00,2.25
2018.04.18 20:01:02.140,0.78507,0.78516,1.00,2.25
2018.04.18 20:01:02.654,0.78508,0.78516,1.00,2.25
2018.04.18 20:01:03.313,0.78507,0.78516,1.00,2.25
2018.04.18 20:01:05.574,0.78507,0.78514,1.00,1.00
2018.04.18 20:01:05.731,0.78505,0.78513,1.00,1.50
2018.04.18 20:01:07.362,0.78504,0.78513,1.00,1.00
2018.04.18 20:01:07.992,0.78505,0.78513,1.00,1.00
2018.04.18 20:01:10.395,0.78504,0.78513,1.00,1.00
2018.04.18 20:01:12.196,0.78503,0.78512,1.00,1.00
2018.04.18 20:01:12.844,0.78504,0.78511,1.00,1.00
2018.04.18 20:01:14.132,0.78503,0.78511,1.00,1.00
2018.04.18 20:01:17.135,0.78502,0.78511,1.00,1.00
2018.04.18 20:01:19.219,0.78502,0.78512,1.00,1.50
2018.04.18 20:01:19.681,0.78502,0.7851,1.00,1.00
2018.04.18 20:01:20.390,0.78503,0.7851,1.00,1.00
2018.04.18 20:01:20.892,0.78502,0.7851,1.00,1.00
2018.04.18 20:01:23.945,0.78502,0.78511,1.00,1.50
2018.04.18 20:01:28.007,0.78503,0.78511,1.00,1.50
2018.04.18 20:01:28.430,0.78506,0.78515,1.00,1.50
2018.04.18 20:01:28.962,0.78505,0.78515,1.00,2.25
2018.04.18 20:01:29.496,0.78506,0.78515,1.00,2.25
2018.04.18 20:01:31.173,0.78506,0.78514,1.00,1.00
2018.04.18 20:01:35.656,0.78506,0.78512,1.00,1.00
2018.04.18 20:01:35.779,0.78504,0.78511,1.00,1.50
2018.04.18 20:01:36.652,0.78503,0.78511,1.00,1.50
2018.04.18 20:01:42.292,0.78504,0.78511,1.00,1.50
2018.04.18 20:01:43.964,0.78504,0.78512,1.00,2.25
2018.04.18 20:01:44.494,0.78503,0.78511,1.00,1.00
2018.04.18 20:01:45.028,0.78503,0.78512,1.00,2.25
2018.04.18 20:01:45.888,0.78504,0.78512,1.00,2.25
2018.04.18 20:01:46.725,0.78503,0.78512,1.00,2.25
2018.04.18 20:01:47.270,0.78504,0.78512,1.00,2.25
2018.04.18 20:01:47.961,0.78503,0.78511,1.00,1.00
2018.04.18 20:01:48.489,0.78504,0.78512,1.00,1.50
2018.04.18 20:01:49.786,0.78503,0.78512,1.00,1.50
2018.04.18 20:01:50.355,0.78504,0.78512,1.00,1.50
2018.04.18 20:01:51.265,0.78503,0.78512,1.00,1.00
2018.04.18 20:01:52.199,0.78504,0.78512,1.00,1.00
2018.04.18 20:01:52.997,0.78503,0.78512,1.00,1.00
2018.04.18 20:01:53.657,0.78504,0.78512,1.00,1.00
2018.04.18 20:01:54.316,0.78503,0.78512,1.00,1.00
2018.04.18 20:01:56.741,0.78502,0.78512,1.00,2.25
2018.04.18 20:01:57.305,0.78501,0.78511,1.00,1.00
2018.04.18 20:01:57.596,0.78499,0.7851,1.00,1.50
2018.04.18 20:01:58.188,0.785,0.7851,1.00,1.50
2018.04.18 20:01:58.965,0.78501,0.7851,1.00,1.50
2018.04.18 20:01:59.574,0.78501,0.78509,1.00,1.00
2018.04.18 20:02:00.150,0.78501,0.78511,1.50,1.00
2018.04.18 20:02:00.201,0.78504,0.78511,1.00,1.00
2018.04.18 20:02:00.252,0.78504,0.78513,1.00,1.00
2018.04.18 20:02:00.802,0.78505,0.78513,1.00,1.00
2018.04.18 20:02:01.341,0.78504,0.78513,1.00,1.00
2018.04.18 20:02:02.208,0.78505,0.78513,1.00,1.00
2018.04.18 20:02:03.240,0.78506,0.78513,1.00,1.00
2018.04.18 20:02:04.133,0.78505,0.78513,1.00,1.00
2018.04.18 20:02:04.941,0.78506,0.78513,1.00,1.00
2018.04.18 20:02:05.598,0.78506,0.78514,1.00,1.50
2018.04.18 20:02:06.837,0.78507,0.78516,1.00,1.50
2018.04.18 20:02:06.939,0.78509,0.78516,1.00,1.00
2018.04.18 20:02:07.616,0.78509,0.78517,1.00,1.00
2018.04.18 20:02:07.726,0.78511,0.7852,1.00,1.00
2018.04.18 20:02:08.301,0.78512,0.7852,1.00,1.00
2018.04.18 20:02:10.200,0.78512,0.78521,1.00,1.00
2018.04.18 20:02:10.848,0.78512,0.7852,1.00,1.00
2018.04.18 20:02:11.447,0.78511,0.7852,1.00,1.00
2018.04.18 20:02:13.589,0.78511,0.78519,1.00,1.00
2018.04.18 20:02:15.007,0.78513,0.7852,1.00,1.00
2018.04.18 20:02:15.546,0.78512,0.7852,1.00,1.00
2018.04.18 20:02:17.323,0.78511,0.7852,1.00,1.00
2018.04.18 20:02:20.577,0.7851,0.7852,1.00,1.00
2018.04.18 20:02:21.284,0.78511,0.7852,1.00,1.00
2018.04.18 20:02:21.851,0.7851,0.78519,1.00,1.00
2018.04.18 20:02:22.532,0.78511,0.78519,1.00,1.00
2018.04.18 20:02:23.038,0.78511,0.7852,1.00,1.00
2018.04.18 20:02:23.921,0.78512,0.7852,1.00,1.00
2018.04.18 20:02:23.973,0.78512,0.78522,1.00,1.50
2018.04.18 20:02:24.484,0.78513,0.78522,1.00,1.00
2018.04.18 20:02:24.648,0.78511,0.7852,1.50,1.00
2018.04.18 20:02:38.296,0.7851,0.7852,1.00,1.00
2018.04.18 20:02:44.145,0.7851,0.78519,1.00,1.00
2018.04.18 20:02:44.689,0.7851,0.7852,1.00,1.00
2018.04.18 20:02:45.223,0.78511,0.7852,1.00,1.00
2018.04.18 20:02:45.743,0.78512,0.78522,1.00,1.00
2018.04.18 20:02:46.638,0.78514,0.78522,1.00,1.00
2018.04.18 20:02:47.467,0.78513,0.78522,1.00,1.00
2018.04.18 20:02:48.360,0.78514,0.78522,1.00,1.00
2018.04.18 20:02:49.068,0.78513,0.78522,1.00,1.00
2018.04.18 20:02:49.581,0.78513,0.78521,1.00,1.00
2018.04.18 20:02:50.490,0.78513,0.78522,1.00,1.00
2018.04.18 20:02:52.503,0.78514,0.78522,1.00,1.00
2018.04.18 20:02:53.073,0.78514,0.78523,1.00,1.50
2018.04.18 20:02:53.735,0.78513,0.78523,1.00,1.50
2018.04.18 20:02:57.087,0.78512,0.78522,1.50,1.00
2018.04.18 20:02:57.698,0.78513,0.78522,1.00,1.00
2018.04.18 20:03:00.518,0.78512,0.78522,1.50,1.00
2018.04.18 20:03:01.185,0.78512,0.78523,1.00,1.50
2018.04.18 20:03:03.133,0.78511,0.78522,1.00,1.00
2018.04.18 20:03:03.642,0.7851,0.78521,1.50,1.00
2018.04.18 20:03:04.641,0.78509,0.78521,1.50,1.00
2018.04.18 20:03:06.934,0.7851,0.78521,1.00,1.00
2018.04.18 20:03:11.839,0.78511,0.78521,1.00,1.00
2018.04.18 20:03:12.403,0.78512,0.78522,1.00,1.00
2018.04.18 20:03:13.859,0.78513,0.78522,1.00,1.00
2018.04.18 20:03:18.624,0.78512,0.78522,1.00,1.00
2018.04.18 20:03:19.152,0.78511,0.78522,1.00,1.00
2018.04.18 20:03:19.892,0.78511,0.78521,1.00,1.00
2018.04.18 20:03:22.917,0.78511,0.78522,1.00,1.00
2018.04.18 20:03:24.362,0.78512,0.78522,1.00,1.00
2018.04.18 20:03:25.131,0.78513,0.78523,1.00,1.50
2018.04.18 20:03:26.632,0.78512,0.78523,1.00,1.50
2018.04.18 20:03:31.735,0.78519,0.78525,1.00,1.00
2018.04.18 20:03:31.788,0.7852,0.78528,1.00,1.00
2018.04.18 20:03:31.839,0.7852,0.78532,1.00,1.00
2018.04.18 20:03:32.536,0.7852,0.7853,1.00,1.00
2018.04.18 20:03:32.587,0.78518,0.78529,1.50,1.00
2018.04.18 20:03:39.833,0.78519,0.78531,2.25,1.00
2018.04.18 20:03:40.037,0.78521,0.78532,1.00,1.00
2018.04.18 20:03:40.598,0.78521,0.78533,1.50,1.50
2018.04.18 20:03:52.830,0.78522,0.78533,1.00,1.50
2018.04.18 20:03:53.347,0.78521,0.78533,1.50,1.50
2018.04.18 20:03:55.159,0.78522,0.78533,1.00,1.00
2018.04.18 20:03:56.055,0.78522,0.78532,1.00,1.00
2018.04.18 20:03:56.567,0.78522,0.78533,1.00,1.00
2018.04.18 20:03:57.317,0.78521,0.78533,1.50,1.00
2018.04.18 20:04:00.260,0.78522,0.78533,1.00,1.00
2018.04.18 20:04:00.805,0.78523,0.78533,1.00,1.00
2018.04.18 20:04:01.320,0.78522,0.78533,1.00,1.00
2018.04.18 20:04:03.453,0.78523,0.78533,1.00,1.00
2018.04.18 20:04:04.136,0.78522,0.78533,1.00,1.00
2018.04.18 20:04:04.910,0.78523,0.78533,1.00,1.00
2018.04.18 20:04:07.869,0.78524,0.78533,1.00,1.00
2018.04.18 20:04:12.436,0.78523,0.78533,1.00,1.00
2018.04.18 20:04:13.164,0.78524,0.78533,1.00,1.00
2018.04.18 20:04:13.975,0.78523,0.78533,1.00,1.00
2018.04.18 20:04:14.481,0.78524,0.78533,1.00,1.00
2018.04.18 20:04:15.408,0.78523,0.78533,1.00,1.00
2018.04.18 20:04:15.973,0.78524,0.78533,1.00,1.00
2018.04.18 20:04:16.498,0.78523,0.78533,1.00,1.00
2018.04.18 20:04:17.362,0.78524,0.78533,1.00,1.00
2018.04.18 20:04:18.152,0.78524,0.78532,1.00,1.00
2018.04.18 20:04:20.111,0.78524,0.78533,1.00,1.00
2018.04.18 20:04:26.122,0.78523,0.78533,1.00,1.00
2018.04.18 20:04:26.732,0.78524,0.78533,1.00,1.00
2018.04.18 20:04:34.710,0.78525,0.78533,1.00,1.00
2018.04.18 20:04:35.315,0.78524,0.78533,1.00,1.00
2018.04.18 20:04:36.914,0.78525,0.78533,1.00,1.00
2018.04.18 20:04:37.187,0.78523,0.78533,1.00,1.50
2018.04.18 20:04:37.985,0.78524,0.78533,1.00,1.50
2018.04.18 20:04:50.672,0.78523,0.78533,1.00,1.50
2018.04.18 20:04:55.859,0.78523,0.78532,1.00,1.00
2018.04.18 20:04:56.416,0.78523,0.78533,1.00,1.00
2018.04.18 20:04:58.176,0.78524,0.78533,1.00,1.00
2018.04.18 20:04:58.707,0.78523,0.78533,1.00,1.00
2018.04.18 20:04:59.637,0.78524,0.78533,1.00,1.00
2018.04.18 20:05:00.187,0.78523,0.78533,1.00,1.00
2018.04.18 20:05:00.781,0.78524,0.78533,1.00,1.00
2018.04.18 20:05:02.692,0.78523,0.78533,1.00,1.00
2018.04.18 20:05:03.418,0.78524,0.78533,1.00,1.00
2018.04.18 20:05:05.593,0.78525,0.78533,1.00,1.00
2018.04.18 20:05:08.153,0.78525,0.78532,1.00,1.00
2018.04.18 20:05:08.725,0.78524,0.78532,1.00,1.00
2018.04.18 20:05:09.232,0.78525,0.78532,1.00,1.00
2018.04.18 20:05:09.798,0.78524,0.78532,1.00,1.00
2018.04.18 20:05:10.572,0.78525,0.78532,1.00,1.00
2018.04.18 20:05:11.479,0.78524,0.78532,1.00,1.00
2018.04.18 20:05:12.027,0.78525,0.78532,1.00,1.00
2018.04.18 20:05:13.118,0.78525,0.78533,1.00,1.00
2018.04.18 20:05:14.647,0.78526,0.78533,1.00,1.00
2018.04.18 20:05:17.037,0.78526,0.78532,1.00,1.00
2018.04.18 20:05:17.645,0.78526,0.78533,1.00,1.00
2018.04.18 20:05:19.423,0.78525,0.78533,1.00,1.00
2018.04.18 20:05:19.955,0.78526,0.78533,1.00,1.00
2018.04.18 20:05:20.441,0.78524,0.78532,1.00,1.00
2018.04.18 20:05:21.395,0.78523,0.78532,1.00,1.00
2018.04.18 20:05:21.955,0.78524,0.78532,1.00,1.00
2018.04.18 20:05:22.226,0.78521,0.78531,1.00,1.00
2018.04.18 20:05:22.889,0.78522,0.78531,1.00,1.00
2018.04.18 20:05:23.160,0.78524,0.78531,1.00,1.00
2018.04.18 20:05:23.833,0.78524,0.78532,1.00,1.00
2018.04.18 20:05:24.371,0.78525,0.78532,1.00,1.00
2018.04.18 20:05:25.047,0.78524,0.78532,1.00,1.00
2018.04.18 20:05:26.164,0.78525,0.78532,1.00,1.00
2018.04.18 20:05:26.697,0.78524,0.78532,1.00,1.00
2018.04.18 20:05:28.548,0.78525,0.78532,1.00,1.00
2018.04.18 20:05:31.213,0.78526,0.78532,1.00,1.00
2018.04.18 20:05:31.807,0.78526,0.78533,1.00,1.00
2018.04.18 20:05:32.322,0.78526,0.78532,1.00,1.00
2018.04.18 20:05:32.982,0.78525,0.78532,1.00,1.00
2018.04.18 20:05:33.740,0.78526,0.78532,1.00,1.00
2018.04.18 20:05:34.302,0.78525,0.78532,1.00,1.00
2018.04.18 20:05:35.344,0.78524,0.78532,1.00,1.00
2018.04.18 20:05:35.951,0.78525,0.78532,1.00,1.00
2018.04.18 20:05:41.991,0.78525,0.78533,1.00,1.00
2018.04.18 20:05:43.686,0.78525,0.78534,1.00,1.50
2018.04.18 20:05:44.313,0.78526,0.78534,1.00,1.50
2018.04.18 20:05:44.973,0.78525,0.78534,1.00,1.50
2018.04.18 20:05:45.304,0.78525,0.78532,1.00,1.00
2018.04.18 20:05:46.069,0.78524,0.78532,1.00,1.00
2018.04.18 20:05:46.624,0.78525,0.78532,1.00,1.00
2018.04.18 20:05:55.952,0.78525,0.78533,1.00,1.00
2018.04.18 20:05:57.114,0.78526,0.78534,1.00,1.00
2018.04.18 20:05:58.614,0.78527,0.78534,1.00,1.00
2018.04.18 20:06:00.670,0.78525,0.78534,1.00,1.00
2018.04.18 20:06:03.038,0.78525,0.78536,1.00,1.50
2018.04.18 20:06:03.683,0.78526,0.78536,1.00,1.50
2018.04.18 20:06:04.902,0.78527,0.78536,1.00,1.00
2018.04.18 20:06:05.495,0.78526,0.78536,1.00,1.00
2018.04.18 20:06:05.546,0.78522,0.78531,1.00,1.00
2018.04.18 20:06:05.648,0.7852,0.78532,1.00,1.00
2018.04.18 20:06:05.700,0.78518,0.78528,1.00,1.00
2018.04.18 20:06:05.751,0.78519,0.78531,1.00,1.50
2018.04.18 20:06:05.802,0.78518,0.78527,1.00,1.00
2018.04.18 20:06:05.853,0.78516,0.78527,1.00,1.50
2018.04.18 20:06:08.267,0.78517,0.78527,1.00,1.00
2018.04.18 20:06:11.325,0.78518,0.78527,1.00,1.00
2018.04.18 20:06:11.484,0.78519,0.7853,1.00,1.50
2018.04.18 20:06:12.093,0.78518,0.7853,1.00,1.50
2018.04.18 20:06:18.944,0.78517,0.7853,1.00,1.50
2018.04.18 20:06:19.459,0.78518,0.7853,1.00,1.50
2018.04.18 20:06:22.008,0.78519,0.7853,1.00,1.50
2018.04.18 20:06:23.236,0.78521,0.78533,1.50,2.25
2018.04.18 20:06:23.844,0.78522,0.78533,1.00,1.50
2018.04.18 20:06:26.826,0.78523,0.78533,1.00,1.00
2018.04.18 20:06:27.387,0.78522,0.78533,1.00,1.00
2018.04.18 20:06:27.900,0.78521,0.78533,1.00,1.00
2018.04.18 20:06:28.402,0.7852,0.78533,1.00,1.50
2018.04.18 20:06:29.508,0.78521,0.78533,1.00,1.50
2018.04.18 20:06:32.558,0.7852,0.78532,1.00,1.00
2018.04.18 20:06:32.609,0.7852,0.7853,1.00,1.00
2018.04.18 20:06:38.305,0.78519,0.7853,1.00,1.00
2018.04.18 20:06:40.934,0.78517,0.78529,1.50,1.50
2018.04.18 20:06:40.985,0.78517,0.78527,1.00,1.00
2018.04.18 20:06:41.536,0.78516,0.78527,1.00,1.00
2018.04.18 20:06:42.220,0.78517,0.78528,1.00,1.50
2018.04.18 20:06:44.589,0.78516,0.78528,1.00,2.25
2018.04.18 20:06:47.634,0.78515,0.78527,1.00,1.50
2018.04.18 20:06:52.522,0.78514,0.78527,1.50,1.50
2018.04.18 20:06:53.154,0.78514,0.78526,1.00,1.00
2018.04.18 20:06:53.845,0.78515,0.78526,1.00,1.00
2018.04.18 20:06:56.603,0.78514,0.78526,1.50,1.50
2018.04.18 20:06:57.140,0.78515,0.78526,1.00,1.00
2018.04.18 20:07:01.487,0.78516,0.78526,1.00,1.00
2018.04.18 20:07:06.318,0.78515,0.78526,1.50,1.00
2018.04.18 20:07:07.044,0.78516,0.78526,1.00,1.00
2018.04.18 20:07:08.334,0.78515,0.78526,1.00,1.00
2018.04.18 20:07:12.793,0.78516,0.78526,1.00,1.00
2018.04.18 20:07:13.009,0.78517,0.78528,1.00,1.50
2018.04.18 20:07:13.662,0.78517,0.78529,1.00,1.00
2018.04.18 20:07:14.159,0.78515,0.78527,1.00,1.50
2018.04.18 20:07:18.085,0.78516,0.78527,1.00,1.00
2018.04.18 20:07:18.608,0.78517,0.78528,1.00,1.00
2018.04.18 20:07:19.314,0.78516,0.78528,1.00,1.50
2018.04.18 20:07:19.862,0.78517,0.78528,1.00,1.00
2018.04.18 20:07:20.590,0.78518,0.78529,1.00,1.00
2018.04.18 20:07:23.350,0.78517,0.78529,1.00,1.00
2018.04.18 20:07:25.640,0.78518,0.78529,1.00,1.00
2018.04.18 20:07:28.008,0.78517,0.78529,1.50,1.50
2018.04.18 20:07:28.512,0.78518,0.78529,1.00,1.50
2018.04.18 20:07:29.204,0.78517,0.78529,1.50,1.50
2018.04.18 20:07:34.421,0.78518,0.78529,1.00,1.00
2018.04.18 20:07:35.156,0.78517,0.78528,1.50,1.00
2018.04.18 20:07:36.661,0.78516,0.78528,1.50,2.25
2018.04.18 20:07:37.086,0.78515,0.78526,1.50,1.00
2018.04.18 20:07:38.430,0.78516,0.78526,1.00,1.00
2018.04.18 20:07:40.698,0.78517,0.78526,1.00,1.00
2018.04.18 20:07:43.892,0.78517,0.78528,1.00,1.50
2018.04.18 20:07:44.428,0.78516,0.78528,1.50,1.00
2018.04.18 20:07:45.395,0.78517,0.78528,1.00,1.00
2018.04.18 20:07:46.302,0.78516,0.78528,1.50,1.00
2018.04.18 20:07:47.159,0.78517,0.78528,1.00,1.00
2018.04.18 20:07:48.705,0.78516,0.78528,1.50,1.00
2018.04.18 20:07:49.392,0.78517,0.78528,1.00,1.00
2018.04.18 20:07:50.094,0.78516,0.78528,1.50,1.00
2018.04.18 20:07:50.908,0.78517,0.78528,1.00,1.00
2018.04.18 20:07:51.472,0.78516,0.78528,1.50,1.00
2018.04.18 20:07:52.076,0.78517,0.78528,1.00,1.00
2018.04.18 20:07:55.603,0.78517,0.78529,1.00,1.50
2018.04.18 20:07:56.284,0.78518,0.78529,1.00,1.50
2018.04.18 20:07:56.799,0.78517,0.78529,1.00,1.50
2018.04.18 20:07:56.850,0.78517,0.78527,1.00,1.00
2018.04.18 20:07:57.738,0.78516,0.78527,1.50,1.00
2018.04.18 20:07:58.348,0.78517,0.78527,1.50,1.00
2018.04.18 20:07:58.977,0.78516,0.78527,1.50,1.00
2018.04.18 20:07:59.395,0.78522,0.78527,1.00,1.00
2018.04.18 20:08:02.715,0.78521,0.78527,1.00,1.00
2018.04.18 20:08:06.941,0.78522,0.78527,1.00,1.00
2018.04.18 20:08:07.518,0.78523,0.78527,1.00,1.00
2018.04.18 20:08:08.032,0.78522,0.78527,1.00,1.00
2018.04.18 20:08:10.228,0.78523,0.78527,1.00,1.00
2018.04.18 20:08:10.948,0.78522,0.78527,1.00,1.00
2018.04.18 20:08:14.822,0.78522,0.78529,1.00,1.50
2018.04.18 20:08:19.482,0.78522,0.78528,1.00,1.00
2018.04.18 20:08:23.515,0.78522,0.78529,1.00,3.00
2018.04.18 20:08:30.272,0.78521,0.78526,1.00,1.00
2018.04.18 20:08:30.439,0.78521,0.78528,1.00,1.50
2018.04.18 20:08:31.067,0.78522,0.78528,1.00,1.50
2018.04.18 20:08:34.576,0.78521,0.78528,1.00,1.50
2018.04.18 20:08:35.087,0.78522,0.78528,1.00,1.50
2018.04.18 20:08:39.034,0.78521,0.78528,1.00,1.50
2018.04.18 20:08:41.987,0.78519,0.78526,1.00,1.00
2018.04.18 20:08:42.678,0.78518,0.78526,1.00,1.00
2018.04.18 20:08:46.548,0.78518,0.78524,1.00,1.00
2018.04.18 20:08:47.297,0.78517,0.78524,1.00,1.00
2018.04.18 20:08:49.006,0.78518,0.78524,1.00,1.00
2018.04.18 20:08:49.613,0.78517,0.78524,1.00,1.00
2018.04.18 20:08:51.376,0.78518,0.78524,1.00,1.00
2018.04.18 20:08:51.927,0.78517,0.78524,1.00,1.00
2018.04.18 20:08:52.968,0.78518,0.78524,1.00,1.00
2018.04.18 20:08:53.659,0.78517,0.78524,1.00,1.00
2018.04.18 20:08:54.232,0.78518,0.78523,1.00,1.00
2018.04.18 20:08:56.145,0.78517,0.78523,1.00,1.00
2018.04.18 20:08:56.664,0.78518,0.78523,1.00,1.00
2018.04.18 20:08:57.208,0.78517,0.78523,1.00,1.00
2018.04.18 20:08:57.808,0.78518,0.78523,1.00,1.00
2018.04.18 20:08:59.312,0.78517,0.78523,1.00,1.00
2018.04.18 20:09:00.236,0.78518,0.78523,1.00,1.00
2018.04.18 20:09:00.841,0.78517,0.78523,1.00,1.00
2018.04.18 20:09:01.184,0.78515,0.78523,1.00,1.50
2018.04.18 20:09:01.235,0.78515,0.7852,1.00,1.00
2018.04.18 20:09:01.830,0.78514,0.7852,1.00,1.00
2018.04.18 20:09:02.465,0.78513,0.7852,1.00,1.00
2018.04.18 20:09:06.864,0.78512,0.7852,1.00,1.00
2018.04.18 20:09:07.741,0.78513,0.7852,1.00,1.00
2018.04.18 20:09:08.859,0.78512,0.7852,1.00,1.00
2018.04.18 20:09:09.865,0.78513,0.7852,1.00,1.00
2018.04.18 20:09:10.678,0.78512,0.7852,1.00,1.00
2018.04.18 20:09:11.406,0.78513,0.7852,1.00,1.00
2018.04.18 20:09:15.821,0.78512,0.7852,1.00,1.00
2018.04.18 20:09:16.356,0.78513,0.7852,1.00,1.00
2018.04.18 20:09:17.183,0.78512,0.7852,1.00,1.00
2018.04.18 20:09:17.777,0.78513,0.7852,1.00,1.00
2018.04.18 20:09:18.339,0.78512,0.7852,1.00,1.00
2018.04.18 20:09:19.003,0.78513,0.7852,1.00,1.00
2018.04.18 20:09:19.658,0.78512,0.7852,1.00,1.00
2018.04.18 20:09:23.159,0.78513,0.7852,1.00,1.00
2018.04.18 20:09:24.021,0.78512,0.7852,1.00,1.00
2018.04.18 20:09:24.991,0.78513,0.7852,1.00,1.00
2018.04.18 20:09:26.969,0.78512,0.7852,1.00,1.00
2018.04.18 20:09:27.552,0.78513,0.7852,1.00,1.00
2018.04.18 20:09:34.060,0.78512,0.7852,1.00,1.00
2018.04.18 20:09:34.842,0.78513,0.7852,1.00,1.00
2018.04.18 20:09:35.553,0.78512,0.7852,1.00,1.00
2018.04.18 20:09:37.063,0.78513,0.7852,1.00,1.00
2018.04.18 20:09:37.812,0.78512,0.7852,1.00,1.00
2018.04.18 20:09:45.218,0.78513,0.7852,1.00,1.00
2018.04.18 20:09:57.087,0.78512,0.7852,1.00,1.50
2018.04.18 20:09:59.921,0.78513,0.7852,1.00,1.50
2018.04.18 20:10:00.526,0.78512,0.7852,1.00,1.50
2018.04.18 20:10:01.087,0.78513,0.7852,1.00,1.50
2018.04.18 20:10:01.749,0.78514,0.7852,1.00,1.50
2018.04.18 20:10:05.529,0.78513,0.7852,1.00,1.00
2018.04.18 20:10:06.135,0.78514,0.7852,1.00,1.00
2018.04.18 20:10:08.303,0.78513,0.7852,1.00,1.00
2018.04.18 20:10:10.416,0.78514,0.7852,1.00,1.00
2018.04.18 20:10:17.083,0.78515,0.7852,1.00,1.00
2018.04.18 20:10:17.690,0.78514,0.7852,1.00,1.00
2018.04.18 20:10:28.331,0.78513,0.7852,1.00,1.00
2018.04.18 20:10:29.034,0.78514,0.7852,1.00,1.00
2018.04.18 20:10:33.866,0.78512,0.78519,1.00,1.00
2018.04.18 20:10:34.639,0.78511,0.78518,1.00,1.00
2018.04.18 20:10:37.829,0.7851,0.78518,1.00,1.50
2018.04.18 20:10:38.740,0.7851,0.78517,1.00,1.00
2018.04.18 20:10:39.667,0.7851,0.78516,1.00,1.00
2018.04.18 20:10:55.861,0.78509,0.78516,1.00,1.00
2018.04.18 20:10:56.998,0.7851,0.78516,1.00,1.00
2018.04.18 20:10:57.823,0.78509,0.78516,1.00,1.00
2018.04.18 20:11:00.661,0.7851,0.78516,1.00,1.00
2018.04.18 20:11:07.266,0.78511,0.78516,1.00,1.00
2018.04.18 20:11:11.170,0.7851,0.78516,1.00,1.00
2018.04.18 20:11:11.691,0.78511,0.78516,1.00,1.00
2018.04.18 20:11:13.079,0.7851,0.78516,1.00,1.00
2018.04.18 20:11:18.060,0.78509,0.78516,1.00,1.00
2018.04.18 20:11:19.443,0.78509,0.78518,1.00,1.50
2018.04.18 20:11:19.640,0.78511,0.78519,1.00,1.00
2018.04.18 20:11:20.257,0.78512,0.78519,1.00,1.00
2018.04.18 20:11:20.803,0.78513,0.78519,1.00,1.00
2018.04.18 20:11:21.825,0.78512,0.78519,1.00,1.00
2018.04.18 20:11:22.480,0.78513,0.78519,1.00,1.00
2018.04.18 20:11:23.244,0.78512,0.78519,1.00,1.00
2018.04.18 20:11:23.830,0.78513,0.78519,1.00,1.00
2018.04.18 20:11:24.565,0.78512,0.78519,1.00,1.00
2018.04.18 20:11:25.109,0.78511,0.78519,1.00,1.00
2018.04.18 20:11:26.091,0.78512,0.78519,1.00,1.00
2018.04.18 20:11:26.875,0.78513,0.78519,1.00,1.00
2018.04.18 20:11:47.280,0.78512,0.78519,1.00,1.00
2018.04.18 20:11:47.790,0.78513,0.78519,1.00,1.00
2018.04.18 20:11:48.327,0.78512,0.78519,1.00,1.00
2018.04.18 20:12:00.949,0.78511,0.78519,1.00,1.00
2018.04.18 20:12:01.809,0.7851,0.78519,1.00,1.00
2018.04.18 20:12:02.595,0.78511,0.78519,1.00,1.00
2018.04.18 20:12:03.319,0.7851,0.78519,1.00,1.00
2018.04.18 20:12:07.528,0.78511,0.78519,1.00,1.00
2018.04.18 20:12:08.573,0.7851,0.78519,1.00,1.00
2018.04.18 20:12:09.169,0.78511,0.78519,1.00,1.00
2018.04.18 20:12:09.937,0.7851,0.78519,1.00,1.00
2018.04.18 20:12:10.524,0.78511,0.78519,1.00,1.00
2018.04.18 20:12:12.143,0.7851,0.78519,1.00,1.00
2018.04.18 20:12:12.919,0.78511,0.78519,1.00,1.00
2018.04.18 20:12:19.456,0.78511,0.7852,1.00,1.00
2018.04.18 20:12:21.910,0.7851,0.7852,1.00,1.00
2018.04.18 20:12:22.488,0.78511,0.7852,1.00,1.00
2018.04.18 20:12:23.311,0.7851,0.7852,1.00,1.00
2018.04.18 20:12:23.922,0.78511,0.7852,1.00,1.00
2018.04.18 20:12:29.601,0.7851,0.7852,1.00,1.00
2018.04.18 20:12:30.156,0.78511,0.7852,1.00,1.00
2018.04.18 20:12:30.712,0.78511,0.78521,1.00,1.50
2018.04.18 20:12:32.750,0.7851,0.78521,1.00,1.50
2018.04.18 20:12:33.526,0.78511,0.78521,1.00,1.50
2018.04.18 20:12:34.129,0.7851,0.78521,1.00,1.50
2018.04.18 20:12:34.846,0.78511,0.78521,1.00,1.50
2018.04.18 20:12:35.472,0.7851,0.78521,1.00,1.50
2018.04.18 20:12:48.098,0.78511,0.78521,1.00,1.50
2018.04.18 20:12:48.707,0.7851,0.78521,1.00,1.50
2018.04.18 20:12:49.260,0.78511,0.78521,1.00,1.50
2018.04.18 20:12:50.004,0.7851,0.78521,1.00,1.50
2018.04.18 20:13:00.951,0.78511,0.78521,1.00,1.50
2018.04.18 20:13:22.541,0.78512,0.78521,1.00,1.00
2018.04.18 20:13:25.267,0.78511,0.78521,1.00,1.00
2018.04.18 20:13:25.857,0.78512,0.78521,1.00,1.00
2018.04.18 20:13:30.029,0.78511,0.78521,1.00,1.00
2018.04.18 20:13:30.629,0.78512,0.78521,1.00,1.50
2018.04.18 20:13:31.141,0.78511,0.78521,1.00,1.50
2018.04.18 20:13:32.078,0.78512,0.78521,1.00,1.50
2018.04.18 20:13:32.790,0.78511,0.78521,1.00,1.50
2018.04.18 20:13:37.174,0.7851,0.78521,1.00,1.50
2018.04.18 20:13:37.953,0.78511,0.78521,1.00,1.50
2018.04.18 20:13:38.868,0.7851,0.78521,1.00,1.50
2018.04.18 20:13:39.990,0.78511,0.78521,1.00,1.50
2018.04.18 20:13:42.236,0.7851,0.78521,1.00,1.50
2018.04.18 20:13:43.609,0.7851,0.78519,1.00,1.00
2018.04.18 20:13:58.919,0.7851,0.78518,1.00,1.50
2018.04.18 20:13:58.971,0.78508,0.78517,1.00,1.00
2018.04.18 20:14:00.108,0.78509,0.78518,1.50,1.00
2018.04.18 20:14:00.310,0.7851,0.7852,1.00,1.00
2018.04.18 20:14:00.733,0.78509,0.78517,1.00,1.00
2018.04.18 20:14:00.886,0.78509,0.78519,1.00,2.25
2018.04.18 20:14:01.137,0.78509,0.78517,1.00,1.00
2018.04.18 20:14:01.689,0.7851,0.78517,1.00,1.00
2018.04.18 20:14:02.220,0.78509,0.78517,1.00,1.00
2018.04.18 20:14:09.921,0.78509,0.78518,1.00,1.00
2018.04.18 20:14:10.424,0.78511,0.7852,1.00,1.00
2018.04.18 20:14:10.991,0.78511,0.78521,1.00,2.25
2018.04.18 20:14:11.298,0.7851,0.78519,1.00,1.50
2018.04.18 20:14:11.952,0.78512,0.78519,1.00,1.50
2018.04.18 20:14:12.534,0.78511,0.78519,1.00,1.50
2018.04.18 20:14:19.341,0.7851,0.78519,1.00,1.50
2018.04.18 20:14:21.035,0.78509,0.78519,1.00,1.50
2018.04.18 20:14:21.768,0.78511,0.78519,1.00,1.00
2018.04.18 20:14:23.343,0.7851,0.78519,1.00,1.00
2018.04.18 20:14:23.992,0.78509,0.78519,1.00,1.00
2018.04.18 20:14:26.260,0.78509,0.78518,1.00,1.50
2018.04.18 20:14:29.709,0.78508,0.78517,1.00,1.00
2018.04.18 20:14:30.748,0.78508,0.78516,1.00,1.00
2018.04.18 20:14:37.525,0.78509,0.78516,1.00,1.00
2018.04.18 20:14:38.710,0.78508,0.78516,1.00,1.00
2018.04.18 20:14:39.321,0.78509,0.78516,1.00,1.00
2018.04.18 20:14:41.985,0.78508,0.78516,1.00,1.00
2018.04.18 20:14:45.120,0.78509,0.78516,1.00,1.00
2018.04.18 20:14:49.268,0.7851,0.78516,1.00,1.00
2018.04.18 20:14:49.824,0.78509,0.78516,1.00,1.00
2018.04.18 20:14:50.748,0.7851,0.78517,1.00,1.50
2018.04.18 20:14:51.493,0.78509,0.78517,1.00,1.50
2018.04.18 20:14:53.002,0.78508,0.78517,1.00,1.50
2018.04.18 20:14:55.015,0.78509,0.78517,1.00,1.50
2018.04.18 20:14:55.692,0.78508,0.78517,1.00,1.50
2018.04.18 20:14:56.303,0.78507,0.78517,1.00,1.50
2018.04.18 20:15:01.038,0.78506,0.78517,1.50,1.00
2018.04.18 20:15:03.618,0.78507,0.78517,1.00,1.00
2018.04.18 20:15:15.073,0.78506,0.78517,1.50,1.00
2018.04.18 20:15:22.728,0.78507,0.78517,1.00,1.00
2018.04.18 20:15:23.390,0.78506,0.78517,1.50,1.00
2018.04.18 20:15:24.453,0.78507,0.78517,1.00,1.00
2018.04.18 20:15:30.717,0.78507,0.78518,1.00,1.00
2018.04.18 20:15:36.253,0.78508,0.78518,1.00,1.00
2018.04.18 20:15:55.332,0.78509,0.78518,1.00,1.00
2018.04.18 20:15:55.855,0.78508,0.78518,1.00,1.00
2018.04.18 20:15:56.480,0.78509,0.78518,1.00,1.00
2018.04.18 20:15:57.884,0.78508,0.78518,1.00,1.00
2018.04.18 20:16:00.131,0.78509,0.78518,1.00,1.00
2018.04.18 20:16:04.952,0.7851,0.78518,1.00,1.00
2018.04.18 20:16:05.759,0.7851,0.78519,1.00,1.50
2018.04.18 20:16:06.138,0.7851,0.78521,1.00,1.50
2018.04.18 20:16:06.299,0.78512,0.78522,1.50,1.00
2018.04.18 20:16:07.280,0.78513,0.78523,1.00,1.00
2018.04.18 20:16:08.081,0.78514,0.78524,1.00,1.00
2018.04.18 20:16:09.635,0.78514,0.78523,1.00,1.00
2018.04.18 20:16:21.872,0.78515,0.78523,1.00,1.50
2018.04.18 20:16:23.516,0.78515,0.78522,1.00,1.00
2018.04.18 20:16:24.468,0.78514,0.78522,1.00,1.00
2018.04.18 20:16:32.856,0.78514,0.78519,1.00,1.00
2018.04.18 20:16:32.958,0.78511,0.78518,1.00,1.00
2018.04.18 20:16:33.530,0.7851,0.78518,1.00,1.00
2018.04.18 20:16:33.822,0.7851,0.78514,1.00,1.00
2018.04.18 20:16:33.962,0.78507,0.78513,1.00,1.00
2018.04.18 20:16:34.217,0.7851,0.78514,1.00,1.00
2018.04.18 20:16:34.268,0.7851,0.78516,1.00,1.50
2018.04.18 20:16:34.530,0.78508,0.78516,1.00,1.00
2018.04.18 20:16:35.037,0.78507,0.78516,1.00,1.00
2018.04.18 20:16:37.668,0.78511,0.78516,1.00,1.00
2018.04.18 20:16:38.228,0.7851,0.78517,1.00,1.00
2018.04.18 20:16:38.888,0.78509,0.78517,1.00,1.00
2018.04.18 20:16:40.675,0.78509,0.78518,1.00,1.50
2018.04.18 20:16:41.202,0.78508,0.78518,1.00,1.50
2018.04.18 20:16:43.035,0.78508,0.78517,1.00,1.00
2018.04.18 20:16:47.993,0.78509,0.78517,1.00,1.00
2018.04.18 20:16:48.790,0.7851,0.78517,1.00,1.00
2018.04.18 20:16:49.455,0.7851,0.78518,1.00,1.00
2018.04.18 20:16:50.275,0.78509,0.78518,1.00,1.00
2018.04.18 20:17:00.161,0.7851,0.78518,1.00,1.50
2018.04.18 20:17:01.097,0.78511,0.78518,1.00,1.50
2018.04.18 20:17:01.719,0.7851,0.78518,1.00,1.50
2018.04.18 20:17:04.434,0.78511,0.78518,1.00,1.50
2018.04.18 20:17:06.102,0.7851,0.78518,1.00,1.50
2018.04.18 20:17:06.670,0.78511,0.78518,1.00,1.50
2018.04.18 20:17:07.326,0.7851,0.78518,1.00,1.50
2018.04.18 20:17:08.316,0.78511,0.78518,1.00,1.50
2018.04.18 20:17:08.981,0.7851,0.78518,1.00,1.50
2018.04.18 20:17:09.640,0.78511,0.78518,1.00,1.50
2018.04.18 20:17:10.297,0.7851,0.78518,1.00,1.50
2018.04.18 20:17:10.959,0.78511,0.78518,1.00,1.50
2018.04.18 20:17:11.671,0.7851,0.78518,1.00,1.50
2018.04.18 20:17:12.209,0.78511,0.78518,1.00,1.50
2018.04.18 20:17:12.938,0.7851,0.78518,1.00,1.50
2018.04.18 20:17:46.378,0.78507,0.78514,1.00,1.00
2018.04.18 20:17:46.583,0.78503,0.78513,1.00,1.00
2018.04.18 20:17:46.686,0.78505,0.78514,1.00,1.50
2018.04.18 20:17:47.281,0.78506,0.78514,1.00,1.50
2018.04.18 20:17:50.443,0.78505,0.78514,1.00,1.50
2018.04.18 20:17:56.122,0.78505,0.78513,1.00,1.00
2018.04.18 20:17:57.069,0.78504,0.78513,1.00,1.00
2018.04.18 20:17:57.576,0.78505,0.78514,1.00,1.50
2018.04.18 20:17:58.237,0.78506,0.78514,1.00,1.50
2018.04.18 20:18:00.187,0.78504,0.78514,1.00,1.50
2018.04.18 20:18:06.405,0.78505,0.78514,1.00,1.50
2018.04.18 20:18:15.990,0.78504,0.78514,1.00,1.50
2018.04.18 20:18:22.420,0.78505,0.78514,1.00,1.50
2018.04.18 20:18:23.302,0.78504,0.78514,1.00,1.50
2018.04.18 20:18:25.976,0.78505,0.78514,1.00,1.50
2018.04.18 20:18:26.733,0.78504,0.78514,1.00,1.50
2018.04.18 20:18:34.916,0.78505,0.78514,1.00,1.50
2018.04.18 20:18:36.897,0.78504,0.78514,1.00,1.50
2018.04.18 20:18:37.689,0.78505,0.78514,1.00,1.50
2018.04.18 20:18:38.350,0.78504,0.78514,1.00,1.50
2018.04.18 20:18:40.107,0.78505,0.78514,1.00,1.50
2018.04.18 20:18:41.041,0.78504,0.78514,1.00,1.50
2018.04.18 20:18:42.059,0.78505,0.78514,1.00,1.50
2018.04.18 20:18:42.607,0.78504,0.78514,1.00,1.50
2018.04.18 20:18:43.303,0.78505,0.78514,1.00,1.50
2018.04.18 20:18:47.504,0.78504,0.78514,1.00,1.00
2018.04.18 20:18:48.253,0.78505,0.78514,1.00,1.00
2018.04.18 20:18:48.965,0.78506,0.78514,1.00,1.00
2018.04.18 20:18:49.573,0.78505,0.78514,1.00,1.00
2018.04.18 20:18:54.483,0.78504,0.78514,1.00,1.00
2018.04.18 20:18:55.032,0.78505,0.78514,1.00,1.00
2018.04.18 20:19:00.688,0.78504,0.78514,1.00,1.00
2018.04.18 20:19:01.277,0.78503,0.78513,1.00,1.00
2018.04.18 20:19:03.468,0.78504,0.78513,1.00,1.00
2018.04.18 20:19:15.523,0.78506,0.78513,1.00,1.00
2018.04.18 20:19:18.494,0.78505,0.78513,1.00,1.00
2018.04.18 20:19:19.100,0.78506,0.78513,1.00,1.00
2018.04.18 20:19:19.762,0.78505,0.78513,1.00,1.00
2018.04.18 20:19:20.411,0.78505,0.78514,1.00,1.00
2018.04.18 20:19:34.270,0.78503,0.78514,1.00,1.00
2018.04.18 20:19:35.442,0.78503,0.78513,1.00,1.00
2018.04.18 20:19:36.209,0.78504,0.78513,1.00,1.00
2018.04.18 20:19:37.249,0.78503,0.78513,1.00,1.00
2018.04.18 20:19:37.938,0.78504,0.78513,1.00,1.00
2018.04.18 20:19:41.015,0.78505,0.78513,1.00,1.00
2018.04.18 20:19:41.570,0.78504,0.78513,1.00,1.00
2018.04.18 20:19:42.442,0.78505,0.78513,1.00,1.00
2018.04.18 20:19:43.133,0.78504,0.78513,1.00,1.00
2018.04.18 20:19:43.657,0.78505,0.78513,1.00,1.00
2018.04.18 20:19:44.269,0.78504,0.78513,1.00,1.00
2018.04.18 20:19:44.929,0.78505,0.78513,1.00,1.00
2018.04.18 20:19:45.434,0.78504,0.78513,1.00,1.00
2018.04.18 20:19:46.517,0.78505,0.78513,1.00,1.00
2018.04.18 20:19:47.240,0.78504,0.78513,1.00,1.00
2018.04.18 20:19:47.899,0.78505,0.78513,1.00,1.00
2018.04.18 20:19:48.531,0.78504,0.78513,1.00,1.00
2018.04.18 20:19:49.081,0.78505,0.78513,1.00,1.00
2018.04.18 20:19:49.880,0.78504,0.78513,1.00,1.00
2018.04.18 20:19:58.785,0.78504,0.78514,1.00,1.00
2018.04.18 20:20:00.260,0.78505,0.78514,1.00,1.00
2018.04.18 20:20:00.311,0.78505,0.78512,1.00,1.00
2018.04.18 20:20:00.362,0.78503,0.78512,1.00,1.00
2018.04.18 20:20:00.700,0.78504,0.78514,1.00,1.00
2018.04.18 20:20:02.485,0.78505,0.78514,1.00,1.00
2018.04.18 20:20:03.088,0.78504,0.78514,1.00,1.00
2018.04.18 20:20:03.688,0.78505,0.78514,1.00,1.00
2018.04.18 20:20:04.288,0.78506,0.78514,1.00,1.00
2018.04.18 20:20:04.986,0.78505,0.78514,1.00,1.00
2018.04.18 20:20:07.149,0.78508,0.78514,1.00,1.00
2018.04.18 20:20:08.029,0.78507,0.78514,1.00,1.00
2018.04.18 20:20:14.172,0.78506,0.78514,1.00,1.00
2018.04.18 20:20:14.764,0.78507,0.78514,1.00,1.00
2018.04.18 20:20:22.221,0.78509,0.78517,1.00,2.25
2018.04.18 20:20:22.976,0.7851,0.78518,1.00,1.50
2018.04.18 20:20:23.400,0.78508,0.78515,1.00,1.00
2018.04.18 20:20:23.964,0.78507,0.78514,1.00,1.00
2018.04.18 20:20:26.808,0.78506,0.78514,1.00,1.00
2018.04.18 20:20:33.872,0.78507,0.78514,1.00,1.00
2018.04.18 20:20:35.034,0.78506,0.78511,1.00,1.00
2018.04.18 20:20:35.563,0.78505,0.78511,1.00,1.00
2018.04.18 20:20:36.641,0.78504,0.78511,1.00,1.00
2018.04.18 20:20:38.741,0.78505,0.78511,1.00,1.00
2018.04.18 20:20:39.243,0.78504,0.78511,1.00,1.00
2018.04.18 20:20:45.328,0.78505,0.78511,1.00,1.00
2018.04.18 20:20:45.844,0.78504,0.78511,1.00,1.00
2018.04.18 20:20:46.741,0.78505,0.78511,1.00,1.00
2018.04.18 20:20:48.541,0.78504,0.78511,1.00,1.00
2018.04.18 20:20:49.111,0.78505,0.78511,1.00,1.00
2018.04.18 20:20:49.772,0.78504,0.78511,1.00,1.00
2018.04.18 20:20:50.600,0.78504,0.78512,1.00,1.50
2018.04.18 20:20:52.322,0.78505,0.78512,1.00,1.00
2018.04.18 20:21:00.360,0.78504,0.78512,1.00,1.00
2018.04.18 20:21:01.372,0.78504,0.78513,1.00,1.50
2018.04.18 20:21:01.706,0.78502,0.7851,1.00,1.00
2018.04.18 20:21:02.355,0.78502,0.78509,1.00,1.00
2018.04.18 20:21:03.016,0.78501,0.78509,1.00,1.00
2018.04.18 20:21:13.338,0.78501,0.7851,1.00,1.00
2018.04.18 20:21:13.734,0.78503,0.78511,1.00,1.00
2018.04.18 20:21:16.605,0.78503,0.78512,1.00,1.00
2018.04.18 20:21:22.551,0.78503,0.78513,1.00,1.50
2018.04.18 20:21:22.653,0.78506,0.78517,1.00,1.00
2018.04.18 20:21:22.922,0.78508,0.78517,1.00,1.00
2018.04.18 20:21:23.707,0.78507,0.78517,1.00,1.00
2018.04.18 20:21:24.508,0.78508,0.78517,1.00,1.00
2018.04.18 20:21:25.559,0.78507,0.78517,1.00,1.00
2018.04.18 20:21:28.176,0.78506,0.78515,1.00,1.00
2018.04.18 20:21:28.822,0.78505,0.78514,1.00,1.00
2018.04.18 20:21:29.462,0.78506,0.78514,1.00,1.00
2018.04.18 20:21:30.142,0.78505,0.78514,1.00,1.00
2018.04.18 20:21:31.675,0.78505,0.78515,1.00,1.00
2018.04.18 20:21:33.277,0.78506,0.78515,1.00,1.00
2018.04.18 20:21:43.456,0.78505,0.78512,1.00,1.00
2018.04.18 20:21:43.507,0.78503,0.78513,1.00,1.00
2018.04.18 20:21:44.017,0.78504,0.78513,1.00,1.00
2018.04.18 20:21:44.934,0.78503,0.78513,1.00,1.00
2018.04.18 20:21:48.940,0.78504,0.78514,1.00,1.50
2018.04.18 20:21:51.083,0.78504,0.78513,1.00,1.00
2018.04.18 20:22:00.343,0.78505,0.78513,1.00,1.00
2018.04.18 20:22:07.763,0.78504,0.78513,1.00,1.00
2018.04.18 20:22:13.326,0.78505,0.78513,1.00,1.00
2018.04.18 20:22:14.108,0.78504,0.78513,1.00,1.00
2018.04.18 20:22:14.961,0.78505,0.78513,1.00,1.00
2018.04.18 20:22:15.829,0.78504,0.78513,1.00,1.00
2018.04.18 20:22:16.368,0.78505,0.78513,1.00,1.00
2018.04.18 20:22:16.911,0.78503,0.78514,1.00,1.00
2018.04.18 20:22:19.389,0.78504,0.78514,1.00,1.00
2018.04.18 20:22:20.726,0.78504,0.78513,1.00,1.00
2018.04.18 20:22:23.352,0.78505,0.78513,1.00,1.00
2018.04.18 20:22:23.748,0.78504,0.78511,1.00,1.00
2018.04.18 20:22:27.723,0.78505,0.78511,1.00,1.00
2018.04.18 20:22:30.032,0.78504,0.78511,1.00,1.00
2018.04.18 20:22:31.847,0.78503,0.78511,1.00,1.00
2018.04.18 20:22:32.698,0.78502,0.78511,1.00,1.00
2018.04.18 20:22:34.696,0.78502,0.78509,1.00,1.00
2018.04.18 20:22:39.087,0.78507,0.78511,1.00,1.00
2018.04.18 20:22:39.139,0.78507,0.78513,1.50,1.50
2018.04.18 20:22:39.195,0.78508,0.78516,1.00,1.00
2018.04.18 20:22:39.370,0.78508,0.78518,1.00,1.00
2018.04.18 20:22:39.472,0.78509,0.78516,1.00,1.00
2018.04.18 20:22:39.524,0.78509,0.78519,1.00,2.25
2018.04.18 20:22:39.626,0.78511,0.78519,1.00,1.00
2018.04.18 20:22:40.584,0.78512,0.78519,1.00,1.00
2018.04.18 20:22:41.506,0.7851,0.78519,1.00,1.50
2018.04.18 20:22:41.559,0.78509,0.78514,1.00,1.00
2018.04.18 20:22:41.663,0.78509,0.78516,1.00,1.00
2018.04.18 20:22:41.714,0.78509,0.78519,1.50,2.25
2018.04.18 20:22:42.338,0.7851,0.78519,1.00,1.00
2018.04.18 20:22:43.714,0.78511,0.78519,1.00,1.00
2018.04.18 20:22:44.272,0.78512,0.78519,1.00,1.00
2018.04.18 20:22:45.152,0.78513,0.78519,1.00,1.00
2018.04.18 20:23:00.463,0.78514,0.78519,1.00,1.00
2018.04.18 20:23:07.678,0.78513,0.78519,1.00,1.00
2018.04.18 20:23:07.730,0.78511,0.78519,1.00,1.00
2018.04.18 20:23:07.959,0.78513,0.78519,1.00,1.00
2018.04.18 20:23:08.547,0.78514,0.78519,1.00,1.00
2018.04.18 20:23:09.663,0.78511,0.78518,1.00,1.50
2018.04.18 20:23:10.245,0.78512,0.78519,1.00,1.50
2018.04.18 20:23:11.623,0.78511,0.78519,1.00,1.50
2018.04.18 20:23:11.674,0.78511,0.78517,1.00,1.00
2018.04.18 20:23:11.725,0.7851,0.78519,1.00,2.25
2018.04.18 20:23:11.929,0.78512,0.78519,1.00,1.50
2018.04.18 20:23:12.659,0.78514,0.78519,1.00,1.50
2018.04.18 20:23:15.471,0.78512,0.78518,1.00,1.50
2018.04.18 20:23:15.669,0.78512,0.78518,1.00,1.00
2018.04.18 20:23:16.194,0.78513,0.78518,1.00,1.00
2018.04.18 20:23:16.497,0.78512,0.7852,1.00,2.25
2018.04.18 20:23:17.029,0.78513,0.7852,1.00,2.25
2018.04.18 20:23:17.199,0.78513,0.78518,1.00,1.00
2018.04.18 20:23:17.741,0.78512,0.78518,1.00,1.00
2018.04.18 20:23:18.351,0.78513,0.78518,1.00,1.00
2018.04.18 20:23:19.359,0.78513,0.78518,1.00,1.00
2018.04.18 20:23:19.938,0.78513,0.78518,1.00,1.00
2018.04.18 20:23:21.184,0.78513,0.78518,1.00,1.00
2018.04.18 20:23:21.788,0.78513,0.78518,1.00,1.00
2018.04.18 20:23:24.868,0.78512,0.78516,1.00,1.00
2018.04.18 20:23:25.140,0.78513,0.78518,1.00,1.50
2018.04.18 20:23:25.791,0.78512,0.78518,1.00,1.50
2018.04.18 20:23:26.683,0.78513,0.78518,1.00,1.50
2018.04.18 20:23:34.946,0.78514,0.78518,1.00,1.00
2018.04.18 20:23:35.550,0.78513,0.78518,1.00,1.00
2018.04.18 20:23:39.488,0.78514,0.78518,1.00,1.00
2018.04.18 20:23:40.090,0.78513,0.78518,1.00,1.00
2018.04.18 20:23:40.647,0.78514,0.78518,1.00,1.00
2018.04.18 20:23:47.586,0.78513,0.78518,1.00,1.00
2018.04.18 20:23:48.194,0.78514,0.78518,1.00,1.00
2018.04.18 20:24:00.458,0.78512,0.78518,1.00,1.00
2018.04.18 20:24:01.070,0.78513,0.78518,1.00,1.00
2018.04.18 20:24:03.574,0.78512,0.78518,1.00,1.00
2018.04.18 20:24:34.650,0.78511,0.78518,1.00,1.00
2018.04.18 20:24:35.207,0.78512,0.78518,1.00,1.00
2018.04.18 20:24:35.769,0.78511,0.78518,1.00,1.00
2018.04.18 20:24:36.430,0.78512,0.78518,1.00,1.00
2018.04.18 20:24:37.088,0.78511,0.78518,1.00,1.00
2018.04.18 20:24:37.781,0.78512,0.78518,1.00,1.00
2018.04.18 20:24:38.427,0.78511,0.78518,1.00,1.00
2018.04.18 20:24:39.094,0.78512,0.78518,1.00,1.00
2018.04.18 20:24:39.754,0.78511,0.78518,1.00,1.00
2018.04.18 20:24:40.333,0.78512,0.78518,1.00,1.00
2018.04.18 20:24:40.847,0.78511,0.78518,1.00,1.00
2018.04.18 20:24:45.904,0.78511,0.78519,1.00,1.00
2018.04.18 20:24:46.407,0.78511,0.78518,1.00,1.00
2018.04.18 20:24:57.746,0.78512,0.78519,1.00,1.00
2018.04.18 20:25:00.455,0.78513,0.78519,1.00,1.00
2018.04.18 20:25:07.349,0.78513,0.78517,1.00,1.00
2018.04.18 20:25:07.451,0.78511,0.78517,1.00,1.00
2018.04.18 20:25:07.503,0.78511,0.78515,1.00,1.00
2018.04.18 20:25:08.033,0.7851,0.78515,1.00,1.00
2018.04.18 20:25:11.994,0.78509,0.78515,1.00,1.00
2018.04.18 20:25:13.118,0.7851,0.78515,1.00,1.00
2018.04.18 20:25:13.914,0.78509,0.78515,1.00,1.00
2018.04.18 20:25:27.524,0.7851,0.78515,1.00,1.00
2018.04.18 20:25:28.135,0.78509,0.78515,1.00,1.00
2018.04.18 20:25:28.809,0.78512,0.78517,1.00,1.00
2018.04.18 20:25:29.533,0.78511,0.78517,1.00,1.00
2018.04.18 20:25:30.648,0.78508,0.78516,1.00,1.00
2018.04.18 20:25:30.700,0.78508,0.78512,1.00,1.00
2018.04.18 20:25:30.753,0.78508,0.78515,1.50,1.00
2018.04.18 20:25:30.959,0.78509,0.78517,1.00,2.25
2018.04.18 20:25:31.605,0.78511,0.78517,1.00,1.50
2018.04.18 20:25:32.016,0.78511,0.78515,1.00,1.00
2018.04.18 20:25:32.425,0.7851,0.78515,1.00,1.00
2018.04.18 20:25:34.156,0.78512,0.78517,1.00,1.50
2018.04.18 20:25:34.207,0.78512,0.78519,1.00,1.50
2018.04.18 20:25:36.466,0.78511,0.78519,1.00,1.00
2018.04.18 20:25:47.049,0.7851,0.78519,1.00,1.00
2018.04.18 20:25:48.333,0.78511,0.78519,1.00,1.00
2018.04.18 20:25:51.979,0.78512,0.78521,1.00,1.50
2018.04.18 20:25:53.426,0.78511,0.78521,1.00,1.50
2018.04.18 20:25:53.931,0.78512,0.78521,1.00,1.50
2018.04.18 20:25:54.591,0.78511,0.78521,1.00,1.50
2018.04.18 20:25:55.267,0.7851,0.78518,1.00,1.00
2018.04.18 20:25:56.288,0.78511,0.78519,1.00,1.00
2018.04.18 20:25:56.891,0.7851,0.78519,1.00,1.00
2018.04.18 20:25:57.433,0.78511,0.78519,1.00,1.00
2018.04.18 20:25:59.655,0.7851,0.78519,1.00,1.00
2018.04.18 20:26:00.195,0.78511,0.78519,1.00,1.00
2018.04.18 20:26:00.842,0.78513,0.78519,1.00,1.00
2018.04.18 20:26:01.149,0.78511,0.78519,1.00,1.00
2018.04.18 20:26:01.251,0.78511,0.78517,1.00,1.00
2018.04.18 20:26:01.756,0.7851,0.78517,1.00,1.00
2018.04.18 20:26:03.048,0.78509,0.78517,1.00,1.00
2018.04.18 20:26:28.494,0.78508,0.78517,1.00,1.50
2018.04.18 20:26:29.062,0.78509,0.78517,1.00,1.50
2018.04.18 20:26:30.748,0.78509,0.78516,1.00,1.00
2018.04.18 20:26:36.469,0.78508,0.78516,1.00,1.00
2018.04.18 20:26:40.615,0.78506,0.78516,1.00,1.50
2018.04.18 20:26:40.717,0.78508,0.78516,1.00,1.00
2018.04.18 20:26:43.628,0.78507,0.78516,1.00,1.00
2018.04.18 20:26:44.878,0.78505,0.78516,1.00,1.00
2018.04.18 20:26:50.737,0.78505,0.78514,1.00,1.00
2018.04.18 20:26:54.797,0.78505,0.78516,1.00,2.25
2018.04.18 20:27:07.605,0.78507,0.78516,1.00,1.00
2018.04.18 20:27:07.656,0.78509,0.78519,1.00,1.00
2018.04.18 20:27:08.181,0.78508,0.78519,1.50,1.00
2018.04.18 20:27:14.846,0.78508,0.78517,1.00,1.00
2018.04.18 20:27:36.761,0.78513,0.7852,1.00,1.00
2018.04.18 20:27:36.813,0.78514,0.78522,1.00,1.50
2018.04.18 20:27:36.864,0.78514,0.78524,1.00,1.00
2018.04.18 20:27:37.341,0.78512,0.78524,1.00,1.00
2018.04.18 20:27:37.392,0.78512,0.78522,1.00,1.00
2018.04.18 20:27:38.591,0.78514,0.78524,1.00,1.00
2018.04.18 20:27:39.109,0.78511,0.78524,1.00,1.00
2018.04.18 20:27:41.133,0.78512,0.78524,1.00,1.00
2018.04.18 20:27:44.688,0.78511,0.78524,1.00,1.00
2018.04.18 20:27:47.742,0.78512,0.78524,1.00,1.00
2018.04.18 20:27:52.834,0.78511,0.78524,1.00,1.00
2018.04.18 20:27:54.887,0.78511,0.78522,1.00,1.00
2018.04.18 20:28:29.584,0.78515,0.78525,1.50,1.00
2018.04.18 20:28:29.636,0.78515,0.78527,1.00,1.50
2018.04.18 20:28:29.688,0.7852,0.78528,1.00,1.00
2018.04.18 20:28:29.740,0.7852,0.7853,1.00,2.25
2018.04.18 20:28:29.791,0.78518,0.78528,1.00,1.00
2018.04.18 20:28:31.772,0.78519,0.78528,1.00,1.00
2018.04.18 20:28:34.309,0.78518,0.78528,1.50,1.00
2018.04.18 20:28:34.957,0.78519,0.78528,1.00,1.00
2018.04.18 20:28:47.841,0.7852,0.7853,1.00,1.00
2018.04.18 20:28:51.537,0.78519,0.7853,1.50,1.00
2018.04.18 20:29:00.612,0.7852,0.7853,1.00,1.00
2018.04.18 20:29:10.719,0.7852,0.78529,1.00,1.00
2018.04.18 20:29:11.947,0.7852,0.7853,1.00,1.00
2018.04.18 20:29:15.167,0.7852,0.78529,1.00,1.00
2018.04.18 20:29:21.709,0.78518,0.78529,1.50,1.00
2018.04.18 20:29:22.620,0.78525,0.7853,1.00,1.00
2018.04.18 20:29:22.767,0.78526,0.78538,1.00,1.50
2018.04.18 20:29:23.769,0.78526,0.78537,1.00,1.00
2018.04.18 20:29:30.140,0.78522,0.78534,1.00,1.50
2018.04.18 20:29:30.191,0.78525,0.78534,1.00,1.00
2018.04.18 20:29:30.293,0.78526,0.78536,1.00,1.00
2018.04.18 20:29:30.839,0.78526,0.78537,1.00,1.00
2018.04.18 20:29:31.700,0.78523,0.78535,1.00,1.50
2018.04.18 20:29:31.904,0.78522,0.78533,1.00,1.00
2018.04.18 20:29:33.608,0.78519,0.78529,1.00,1.00
2018.04.18 20:29:34.109,0.78518,0.7853,1.00,3.00
2018.04.18 20:29:34.655,0.78517,0.7853,1.00,3.75
2018.04.18 20:29:37.062,0.78518,0.7853,1.00,3.00
2018.04.18 20:29:40.697,0.7852,0.78531,1.00,1.50
2018.04.18 20:29:41.235,0.78521,0.78532,1.00,1.00
2018.04.18 20:29:43.400,0.78518,0.78531,1.00,1.50
2018.04.18 20:29:44.156,0.78519,0.78531,1.00,1.00
2018.04.18 20:29:46.568,0.7852,0.78531,1.00,1.00
2018.04.18 20:29:48.289,0.78519,0.78529,1.00,1.00
2018.04.18 20:29:48.341,0.78519,0.78531,1.00,2.25
2018.04.18 20:29:49.679,0.7852,0.78531,1.00,1.00
2018.04.18 20:29:50.084,0.78517,0.78531,1.00,1.00
2018.04.18 20:30:00.071,0.78517,0.78532,1.00,1.00
2018.04.18 20:30:00.582,0.78516,0.78532,1.00,1.00
2018.04.18 20:30:00.967,0.78517,0.78534,2.10,1.00
2018.04.18 20:30:01.019,0.7852,0.78534,1.00,1.00
2018.04.18 20:30:02.285,0.78519,0.78534,1.00,1.00
2018.04.18 20:30:07.088,0.78519,0.78532,1.00,1.25
2018.04.18 20:30:07.139,0.78516,0.78532,1.00,1.00
2018.04.18 20:30:07.189,0.78514,0.7853,1.00,1.00
2018.04.18 20:30:07.493,0.78512,0.78524,1.00,1.00
2018.04.18 20:30:07.687,0.78509,0.78524,1.00,1.00
2018.04.18 20:30:08.241,0.78508,0.78524,1.00,1.00
2018.04.18 20:30:08.914,0.78507,0.78524,1.00,1.50
2018.04.18 20:30:08.966,0.78504,0.78522,1.00,1.00
2018.04.18 20:30:09.170,0.78506,0.7852,1.00,1.00
2018.04.18 20:30:09.512,0.78505,0.78518,1.00,1.00
2018.04.18 20:30:09.925,0.78504,0.78516,1.00,1.00
2018.04.18 20:30:10.028,0.78505,0.78518,1.00,1.00
2018.04.18 20:30:10.130,0.78504,0.78516,1.00,1.00
2018.04.18 20:30:10.516,0.78506,0.78518,1.00,1.00
2018.04.18 20:30:10.567,0.78504,0.78517,1.00,1.00
2018.04.18 20:30:11.084,0.78506,0.78518,1.00,1.00
2018.04.18 20:30:11.305,0.78504,0.78517,1.00,1.00
2018.04.18 20:30:11.972,0.78505,0.78518,1.00,1.00
2018.04.18 20:30:12.023,0.78504,0.78516,1.00,1.00
2018.04.18 20:30:12.563,0.78505,0.78518,1.00,1.00
2018.04.18 20:30:12.671,0.78504,0.78516,1.00,1.00
2018.04.18 20:30:13.208,0.78504,0.78517,1.00,1.00
2018.04.18 20:30:13.527,0.78506,0.78518,1.00,1.00
2018.04.18 20:30:13.642,0.78504,0.78517,1.00,1.00
2018.04.18 20:30:14.003,0.78506,0.78519,1.00,1.00
2018.04.18 20:30:14.363,0.78505,0.78517,1.00,1.00
2018.04.18 20:30:14.671,0.78506,0.78519,1.00,1.00
2018.04.18 20:30:15.101,0.78504,0.78516,1.00,1.00
2018.04.18 20:30:15.263,0.78505,0.78519,1.00,1.00
2018.04.18 20:30:15.459,0.78504,0.78516,1.00,1.00
2018.04.18 20:30:16.040,0.78505,0.78517,1.00,1.00
2018.04.18 20:30:16.886,0.78504,0.78516,1.00,1.00
2018.04.18 20:30:17.454,0.78505,0.78517,1.00,1.00
2018.04.18 20:30:17.914,0.78503,0.78515,1.00,1.00
2018.04.18 20:30:18.240,0.78505,0.78517,1.00,1.00
2018.04.18 20:30:18.685,0.78503,0.78516,1.00,1.00
2018.04.18 20:30:18.736,0.78505,0.78517,1.00,1.00
2018.04.18 20:30:19.909,0.78504,0.78516,1.00,1.00
2018.04.18 20:30:21.567,0.78505,0.78518,1.00,1.00
2018.04.18 20:30:21.770,0.78507,0.78519,1.00,1.00
2018.04.18 20:30:22.592,0.78506,0.78518,1.00,1.00
2018.04.18 20:30:23.305,0.78505,0.78518,1.00,1.00
2018.04.18 20:30:23.634,0.78507,0.78519,1.00,1.00
2018.04.18 20:30:24.511,0.78505,0.78517,1.00,1.00
2018.04.18 20:30:24.814,0.78507,0.78519,1.00,1.00
2018.04.18 20:30:25.130,0.78512,0.78524,1.00,1.50
2018.04.18 20:30:25.528,0.78509,0.78521,1.00,1.00
2018.04.18 20:30:26.070,0.78509,0.78523,1.00,1.00
2018.04.18 20:30:26.609,0.78508,0.7852,1.00,1.00
2018.04.18 20:30:27.202,0.78509,0.78521,1.00,1.00
2018.04.18 20:30:27.746,0.78508,0.7852,1.00,1.00
2018.04.18 20:30:28.078,0.78506,0.78518,1.00,1.00
2018.04.18 20:30:29.820,0.78507,0.78519,1.00,1.00
2018.04.18 20:30:30.374,0.78506,0.78518,1.00,1.00
2018.04.18 20:30:31.086,0.78505,0.78517,1.50,1.00
2018.04.18 20:30:31.379,0.78506,0.78519,1.00,1.00
2018.04.18 20:30:32.299,0.78508,0.7852,1.00,1.00
2018.04.18 20:30:32.452,0.78506,0.7852,1.00,1.00
2018.04.18 20:30:32.503,0.78508,0.7852,1.00,1.00
2018.04.18 20:30:32.605,0.78509,0.78522,1.00,1.50
2018.04.18 20:30:32.760,0.78508,0.7852,1.00,1.00
2018.04.18 20:30:33.086,0.78506,0.78518,1.00,1.00
2018.04.18 20:30:33.787,0.78505,0.78519,1.00,1.00
2018.04.18 20:30:34.157,0.78507,0.78519,1.00,1.00
2018.04.18 20:30:34.763,0.78506,0.78518,1.00,1.00
2018.04.18 20:30:35.368,0.78506,0.78519,1.00,1.00
2018.04.18 20:30:35.742,0.78505,0.78517,1.00,1.00
2018.04.18 20:30:35.793,0.78506,0.78519,1.00,1.00
2018.04.18 20:30:36.532,0.78506,0.78518,1.00,1.00
2018.04.18 20:30:36.583,0.78504,0.78519,1.00,1.00
2018.04.18 20:30:36.745,0.78507,0.78519,1.00,1.00
2018.04.18 20:30:37.058,0.78505,0.78518,1.00,1.00
2018.04.18 20:30:37.112,0.78504,0.78516,1.00,1.00
2018.04.18 20:30:37.366,0.78506,0.78519,1.00,1.50
2018.04.18 20:30:37.775,0.78505,0.78517,1.00,1.00
2018.04.18 20:30:37.943,0.78506,0.78519,1.00,1.50
2018.04.18 20:30:38.832,0.78506,0.78518,1.00,1.00
2018.04.18 20:30:38.984,0.78504,0.78517,1.00,1.00
2018.04.18 20:30:39.035,0.78506,0.78518,1.00,1.00
2018.04.18 20:30:39.239,0.78503,0.78516,1.00,1.00
2018.04.18 20:30:39.735,0.78505,0.78518,1.00,1.00
2018.04.18 20:30:40.139,0.78504,0.78516,1.00,1.00
2018.04.18 20:30:40.505,0.78506,0.78518,1.00,1.00
2018.04.18 20:30:40.714,0.78503,0.78516,1.00,1.00
2018.04.18 20:30:40.854,0.78505,0.78517,1.00,1.00
2018.04.18 20:30:41.480,0.78504,0.78516,1.00,1.00
2018.04.18 20:30:42.134,0.78505,0.78517,1.00,1.00
2018.04.18 20:30:42.680,0.78504,0.78516,1.00,1.00
2018.04.18 20:30:43.455,0.78505,0.78517,1.00,1.00
2018.04.18 20:30:45.408,0.78507,0.78519,1.00,1.50
2018.04.18 20:30:46.320,0.78506,0.78518,1.00,1.00
2018.04.18 20:30:46.770,0.78504,0.78516,1.00,1.00
2018.04.18 20:30:47.889,0.78505,0.78518,1.00,1.00
2018.04.18 20:30:48.038,0.78504,0.78516,1.00,1.00
2018.04.18 20:30:50.176,0.78503,0.78515,1.00,1.00
2018.04.18 20:30:50.390,0.78504,0.78517,1.00,1.00
2018.04.18 20:30:50.559,0.78503,0.78515,1.00,1.00
2018.04.18 20:30:51.768,0.78503,0.78516,1.00,1.00
2018.04.18 20:30:52.433,0.78503,0.78515,1.00,1.00
2018.04.18 20:30:53.439,0.78502,0.78514,1.00,1.00
2018.04.18 20:30:56.196,0.78504,0.78516,1.00,1.00
2018.04.18 20:30:56.540,0.78502,0.78514,1.00,1.00
2018.04.18 20:30:57.053,0.78503,0.78515,1.00,1.00
2018.04.18 20:30:58.149,0.78504,0.78515,1.00,1.00
2018.04.18 20:31:00.176,0.78502,0.78515,1.00,1.50
2018.04.18 20:31:00.353,0.78504,0.78515,1.00,1.00
2018.04.18 20:31:00.566,0.78505,0.78517,1.00,1.00
2018.04.18 20:31:00.668,0.78508,0.78518,1.00,1.00
2018.04.18 20:31:00.771,0.78508,0.7852,1.00,1.50
2018.04.18 20:31:03.180,0.78509,0.7852,1.00,1.00
2018.04.18 20:31:03.952,0.78509,0.78521,1.00,1.00
2018.04.18 20:31:04.460,0.7851,0.78522,1.00,1.50
2018.04.18 20:31:04.567,0.78513,0.78524,1.00,1.00
2018.04.18 20:31:04.804,0.78514,0.78526,1.00,1.50
2018.04.18 20:31:07.681,0.78516,0.78528,1.00,1.50
2018.04.18 20:31:09.308,0.78515,0.78527,1.00,1.00
2018.04.18 20:31:09.811,0.78516,0.78528,1.00,1.00
2018.04.18 20:31:11.246,0.78515,0.78528,1.00,1.00
2018.04.18 20:31:11.852,0.78516,0.78528,1.00,1.00
2018.04.18 20:31:12.376,0.78515,0.78527,1.50,1.00
2018.04.18 20:31:13.001,0.78516,0.78528,1.00,1.00
2018.04.18 20:31:13.578,0.78517,0.78529,1.00,1.00
2018.04.18 20:31:14.120,0.78516,0.78528,1.50,1.00
2018.04.18 20:31:14.635,0.78517,0.78529,1.00,1.00
2018.04.18 20:31:15.311,0.78516,0.78528,1.50,1.00
2018.04.18 20:31:15.822,0.78517,0.78529,1.00,1.00
2018.04.18 20:31:16.668,0.78518,0.7853,1.00,2.25
2018.04.18 20:31:17.290,0.78517,0.78529,1.00,1.00
2018.04.18 20:31:17.799,0.78518,0.7853,1.00,2.25
2018.04.18 20:31:21.852,0.78517,0.78529,1.50,1.00
2018.04.18 20:31:24.097,0.78516,0.78528,1.50,1.00
2018.04.18 20:31:24.888,0.78517,0.78529,1.00,1.00
2018.04.18 20:31:25.842,0.78516,0.78528,1.50,1.00
2018.04.18 20:31:26.774,0.78517,0.78529,1.00,1.00
2018.04.18 20:31:30.657,0.78519,0.78532,1.00,1.50
2018.04.18 20:31:31.253,0.7852,0.78533,1.50,1.00
2018.04.18 20:31:31.619,0.78522,0.78534,1.00,1.50
2018.04.18 20:31:35.302,0.78521,0.78533,1.00,1.00
2018.04.18 20:31:35.713,0.78519,0.78532,1.00,1.00
2018.04.18 20:31:35.764,0.78518,0.7853,1.00,1.00
2018.04.18 20:31:37.164,0.78517,0.78529,1.00,1.00
2018.04.18 20:31:37.856,0.78518,0.7853,1.00,1.00
2018.04.18 20:31:41.306,0.78517,0.78529,1.00,1.00
2018.04.18 20:31:48.413,0.78516,0.78528,1.50,1.00
2018.04.18 20:31:51.912,0.78517,0.78529,1.00,1.00
2018.04.18 20:31:52.437,0.78516,0.78528,1.00,1.00
2018.04.18 20:31:53.067,0.78517,0.78529,1.00,1.00
2018.04.18 20:32:02.260,0.78516,0.78528,1.00,1.00
2018.04.18 20:32:02.789,0.78517,0.78529,1.00,1.00
2018.04.18 20:32:03.297,0.78517,0.7853,1.00,1.50
2018.04.18 20:32:03.598,0.78519,0.7853,1.00,1.00
2018.04.18 20:32:04.370,0.78517,0.78529,1.50,1.00
2018.04.18 20:32:11.366,0.78518,0.7853,1.00,1.50
2018.04.18 20:32:13.410,0.78517,0.78529,1.00,1.00
2018.04.18 20:32:17.996,0.78516,0.7853,1.00,1.50
2018.04.18 20:32:18.671,0.78517,0.7853,1.00,1.50
2018.04.18 20:32:22.044,0.78517,0.78529,1.50,1.00
2018.04.18 20:32:23.824,0.78518,0.7853,1.00,1.50
2018.04.18 20:32:25.865,0.78517,0.78529,1.00,1.00
2018.04.18 20:32:26.396,0.78518,0.7853,1.00,1.50
2018.04.18 20:32:29.654,0.78517,0.78529,1.50,1.00
2018.04.18 20:32:31.545,0.78523,0.78532,1.00,1.00
2018.04.18 20:32:31.596,0.78522,0.78534,1.00,1.00
2018.04.18 20:32:31.647,0.78522,0.78536,1.50,1.50
2018.04.18 20:32:32.191,0.78522,0.78534,1.50,1.00
2018.04.18 20:32:34.954,0.78521,0.78534,1.50,1.00
2018.04.18 20:32:35.793,0.78523,0.78535,1.00,1.00
2018.04.18 20:32:35.946,0.78521,0.78534,1.50,1.00
2018.04.18 20:32:36.429,0.78522,0.78536,1.00,1.50
2018.04.18 20:32:36.685,0.78522,0.78534,1.00,1.00
2018.04.18 20:32:36.988,0.78522,0.78536,1.50,1.50
2018.04.18 20:32:37.917,0.78521,0.78536,1.50,1.50
2018.04.18 20:32:37.968,0.78521,0.78533,1.50,1.00
2018.04.18 20:32:38.498,0.78522,0.78534,1.00,1.50
2018.04.18 20:32:38.862,0.7852,0.78532,1.00,1.00
2018.04.18 20:32:39.506,0.78521,0.78534,1.00,1.50
2018.04.18 20:32:39.935,0.7852,0.78532,1.50,1.00
2018.04.18 20:32:40.953,0.78521,0.78534,1.00,1.50
2018.04.18 20:32:41.158,0.7852,0.78532,1.50,1.00
2018.04.18 20:32:41.650,0.78523,0.78534,1.00,1.00
2018.04.18 20:32:42.283,0.78521,0.78533,1.00,1.00
2018.04.18 20:32:43.088,0.78522,0.78534,1.00,1.50
2018.04.18 20:32:43.603,0.78521,0.78533,1.00,1.00
2018.04.18 20:32:44.134,0.78522,0.78534,1.00,1.50
2018.04.18 20:32:44.185,0.7852,0.78533,1.50,1.00
2018.04.18 20:32:44.704,0.78522,0.78534,1.00,1.50
2018.04.18 20:32:48.013,0.78521,0.78533,1.50,1.00
2018.04.18 20:32:51.538,0.78519,0.78531,1.50,1.00
2018.04.18 20:32:52.115,0.78518,0.7853,1.50,1.00
2018.04.18 20:32:52.658,0.78518,0.78529,1.00,1.00
2018.04.18 20:32:53.704,0.78518,0.7853,1.50,1.50
2018.04.18 20:32:54.214,0.78517,0.78529,1.50,1.00
2018.04.18 20:32:54.969,0.78518,0.7853,1.50,1.00
2018.04.18 20:32:59.769,0.78519,0.7853,1.00,1.00
2018.04.18 20:33:00.588,0.78518,0.7853,1.00,1.50
2018.04.18 20:33:02.777,0.78519,0.7853,1.00,1.50
2018.04.18 20:33:03.778,0.78518,0.7853,1.50,1.50
2018.04.18 20:33:04.620,0.78518,0.78529,1.00,1.00
2018.04.18 20:33:05.146,0.78517,0.78529,2.25,1.00
2018.04.18 20:33:05.467,0.78519,0.7853,1.00,1.00
2018.04.18 20:33:05.968,0.78518,0.7853,1.50,1.50
2018.04.18 20:33:06.469,0.78517,0.7853,1.00,1.50
2018.04.18 20:33:07.012,0.78518,0.7853,1.00,1.50
2018.04.18 20:33:07.529,0.78517,0.78529,1.00,1.00
2018.04.18 20:33:08.845,0.78518,0.7853,1.00,1.50
2018.04.18 20:33:10.700,0.78517,0.78528,1.00,1.00
2018.04.18 20:33:11.449,0.78517,0.78529,1.50,1.00
2018.04.18 20:33:14.105,0.78518,0.7853,1.00,1.50
2018.04.18 20:33:15.234,0.78517,0.78528,1.00,1.00
2018.04.18 20:33:17.686,0.78518,0.7853,1.00,1.50
2018.04.18 20:33:20.596,0.78519,0.7853,1.00,1.00
2018.04.18 20:33:21.147,0.78518,0.7853,1.50,1.50
2018.04.18 20:33:21.808,0.78518,0.78529,1.00,1.00
2018.04.18 20:33:22.334,0.78518,0.7853,1.00,1.50
2018.04.18 20:33:28.673,0.78519,0.7853,1.00,1.00
2018.04.18 20:33:29.583,0.78518,0.7853,1.00,1.50
2018.04.18 20:33:31.269,0.78518,0.78529,1.00,1.00
2018.04.18 20:33:31.774,0.78517,0.78528,1.00,1.00
2018.04.18 20:33:32.314,0.78517,0.78529,1.50,1.00
2018.04.18 20:33:32.895,0.78518,0.7853,1.00,1.50
2018.04.18 20:33:35.045,0.78519,0.7853,1.00,1.50
2018.04.18 20:33:41.531,0.78519,0.78529,1.00,1.00
2018.04.18 20:33:44.519,0.78518,0.78529,1.00,1.00
2018.04.18 20:33:45.605,0.78518,0.7853,1.50,1.00
2018.04.18 20:33:46.109,0.78519,0.7853,1.50,1.00
2018.04.18 20:33:51.054,0.7852,0.7853,1.00,1.00
2018.04.18 20:33:51.520,0.7852,0.78532,1.50,1.50
2018.04.18 20:33:51.826,0.78519,0.7853,1.00,1.00
2018.04.18 20:33:52.368,0.78519,0.78531,1.50,1.00
2018.04.18 20:33:52.980,0.7852,0.78532,1.00,1.50
2018.04.18 20:33:53.493,0.7852,0.78531,1.00,1.00
2018.04.18 20:33:54.161,0.78519,0.78531,1.00,1.00
2018.04.18 20:33:54.704,0.7852,0.78532,1.50,1.50
2018.04.18 20:33:56.467,0.7852,0.78531,1.00,1.00
2018.04.18 20:33:57.193,0.7852,0.7853,1.00,1.00
2018.04.18 20:33:58.057,0.78519,0.7853,1.50,1.00
2018.04.18 20:33:58.665,0.7852,0.7853,1.00,1.00
2018.04.18 20:33:59.137,0.7852,0.78532,1.00,1.00
2018.04.18 20:33:59.679,0.78521,0.78532,1.00,1.50
2018.04.18 20:34:00.189,0.78521,0.78533,1.50,1.00
2018.04.18 20:34:01.073,0.78522,0.78533,1.00,1.00
2018.04.18 20:34:01.260,0.78522,0.78535,1.50,1.00
2018.04.18 20:34:01.965,0.78522,0.78534,1.00,1.00
2018.04.18 20:34:03.964,0.78522,0.78535,1.50,1.00
2018.04.18 20:34:04.859,0.78523,0.78535,1.00,1.00
2018.04.18 20:34:06.358,0.78523,0.78534,1.00,1.00
2018.04.18 20:34:07.265,0.78523,0.78535,1.00,1.00
2018.04.18 20:34:07.807,0.78522,0.78535,1.00,1.00
2018.04.18 20:34:08.445,0.78522,0.78534,1.50,1.00
2018.04.18 20:34:15.757,0.78523,0.78535,1.00,1.00
2018.04.18 20:34:16.450,0.78522,0.78534,1.50,1.00
2018.04.18 20:34:16.960,0.78523,0.78535,1.00,1.00
2018.04.18 20:34:21.258,0.78522,0.78534,1.50,1.00
2018.04.18 20:34:22.690,0.78523,0.78534,1.00,1.00
2018.04.18 20:34:23.489,0.78523,0.78535,1.00,1.00
2018.04.18 20:34:24.000,0.78522,0.78534,1.50,1.00
2018.04.18 20:34:24.730,0.78523,0.78535,1.00,1.00
2018.04.18 20:34:26.636,0.78524,0.78536,1.00,1.50
2018.04.18 20:34:27.560,0.78522,0.78535,1.50,1.00
2018.04.18 20:34:31.505,0.78522,0.78533,1.00,1.00
2018.04.18 20:34:32.193,0.78522,0.78534,1.00,1.00
2018.04.18 20:34:32.978,0.78522,0.78535,1.50,1.00
2018.04.18 20:34:37.216,0.78522,0.78534,1.00,1.00
2018.04.18 20:34:40.752,0.78522,0.78533,1.00,1.00
2018.04.18 20:34:41.537,0.78523,0.78533,1.00,1.00
2018.04.18 20:34:43.798,0.7852,0.78532,1.00,1.00
2018.04.18 20:34:44.333,0.78519,0.78531,1.50,1.50
2018.04.18 20:34:47.446,0.78519,0.7853,1.00,1.00
2018.04.18 20:34:48.164,0.78519,0.78531,1.00,1.50
2018.04.18 20:34:49.070,0.78519,0.7853,1.00,1.00
2018.04.18 20:34:49.609,0.78519,0.78531,1.00,1.50
2018.04.18 20:34:50.974,0.78518,0.7853,1.00,1.00
2018.04.18 20:34:51.077,0.7852,0.78531,1.50,1.00
2018.04.18 20:34:51.129,0.78522,0.78534,1.00,1.00
2018.04.18 20:34:52.118,0.78521,0.78534,1.50,1.50
2018.04.18 20:34:52.271,0.78517,0.7853,1.00,1.00
2018.04.18 20:34:52.577,0.78515,0.78528,1.00,1.00
2018.04.18 20:34:53.088,0.78516,0.78528,1.00,1.00
2018.04.18 20:34:53.640,0.78516,0.78529,1.50,1.50
2018.04.18 20:34:53.942,0.78518,0.78531,1.00,1.50
2018.04.18 20:34:56.088,0.78516,0.78529,1.50,1.00
2018.04.18 20:34:56.415,0.78518,0.7853,1.00,1.00
2018.04.18 20:34:57.252,0.78517,0.78529,1.00,1.00
2018.04.18 20:35:00.260,0.78516,0.78529,1.00,1.00
2018.04.18 20:35:00.624,0.78523,0.78535,1.00,1.00
2018.04.18 20:35:01.190,0.78524,0.78536,1.00,1.00
2018.04.18 20:35:01.699,0.78523,0.78536,1.00,1.50
2018.04.18 20:35:02.269,0.78522,0.78536,1.00,1.50
2018.04.18 20:35:03.079,0.78523,0.78535,1.00,1.50
2018.04.18 20:35:03.412,0.78519,0.78531,1.00,1.00
2018.04.18 20:35:03.632,0.7852,0.78533,1.00,1.00
2018.04.18 20:35:05.693,0.78519,0.78533,1.00,1.00
2018.04.18 20:35:06.384,0.7852,0.78533,1.00,1.00
2018.04.18 20:35:07.718,0.7852,0.78532,1.00,1.00
2018.04.18 20:35:09.014,0.78519,0.78531,1.00,1.00
2018.04.18 20:35:09.539,0.7852,0.78532,1.00,1.50
2018.04.18 20:35:09.808,0.78521,0.78535,1.00,1.00
2018.04.18 20:35:10.013,0.78523,0.78535,1.00,1.00
2018.04.18 20:35:10.220,0.78517,0.78532,1.00,1.50
2018.04.18 20:35:11.456,0.78516,0.78531,1.00,1.00
2018.04.18 20:35:11.994,0.78517,0.78531,1.00,1.00
2018.04.18 20:35:12.540,0.78516,0.78531,1.00,1.00
2018.04.18 20:35:13.667,0.78517,0.78532,1.00,1.50
2018.04.18 20:35:14.145,0.78513,0.78527,1.00,1.00
2018.04.18 20:35:14.647,0.78512,0.78527,1.00,1.00
2018.04.18 20:35:22.288,0.78511,0.78527,1.50,1.50
2018.04.18 20:35:26.669,0.78511,0.78526,1.50,1.00
2018.04.18 20:35:37.317,0.78511,0.78527,1.50,1.50
2018.04.18 20:35:41.788,0.78511,0.78526,1.00,1.00
2018.04.18 20:35:52.086,0.78513,0.78527,1.00,1.00
2018.04.18 20:35:52.444,0.78515,0.78528,1.00,1.00
2018.04.18 20:35:53.026,0.78516,0.78528,1.00,1.00
2018.04.18 20:35:55.834,0.78517,0.78528,1.00,1.00
2018.04.18 20:35:56.001,0.78517,0.78531,1.00,1.50
2018.04.18 20:36:07.411,0.78517,0.7853,1.00,1.00
2018.04.18 20:36:10.374,0.78517,0.78531,1.00,1.00
2018.04.18 20:36:24.115,0.78518,0.78532,1.00,1.00
2018.04.18 20:36:24.166,0.7852,0.78534,1.00,1.50
2018.04.18 20:36:24.801,0.78521,0.78534,1.00,1.00
2018.04.18 20:36:33.463,0.7852,0.78535,1.50,1.00
2018.04.18 20:36:36.206,0.78521,0.78536,1.00,1.50
2018.04.18 20:36:37.475,0.78521,0.78535,1.00,1.00
2018.04.18 20:36:44.691,0.7852,0.78532,1.50,1.00
2018.04.18 20:36:45.024,0.7852,0.78534,1.50,1.00
2018.04.18 20:36:52.174,0.7852,0.78536,1.50,1.50
2018.04.18 20:36:56.936,0.7852,0.78535,1.50,1.00
2018.04.18 20:36:59.842,0.78514,0.78525,1.00,1.00
2018.04.18 20:36:59.943,0.78512,0.78525,1.00,1.00
2018.04.18 20:37:03.889,0.7851,0.78525,1.50,1.00
2018.04.18 20:37:22.572,0.7851,0.78524,1.00,1.00
2018.04.18 20:37:51.773,0.78512,0.78526,1.00,1.00
2018.04.18 20:37:55.648,0.78512,0.78527,1.00,1.00
2018.04.18 20:38:00.322,0.78512,0.78525,1.00,1.00
2018.04.18 20:38:01.666,0.78512,0.78524,1.00,1.00
2018.04.18 20:38:02.232,0.78512,0.78523,1.00,1.00
2018.04.18 20:38:02.891,0.7851,0.78523,1.00,1.00
2018.04.18 20:38:06.192,0.7851,0.78522,1.00,1.00
2018.04.18 20:38:06.244,0.78508,0.7852,1.00,1.00
2018.04.18 20:38:06.449,0.78506,0.78519,1.00,1.00
2018.04.18 20:38:16.599,0.78506,0.7852,1.00,1.00
2018.04.18 20:38:17.155,0.78506,0.78519,1.00,1.00
2018.04.18 20:38:19.132,0.78506,0.78516,1.00,1.00
2018.04.18 20:38:19.336,0.78506,0.78519,1.00,1.00
2018.04.18 20:38:49.153,0.78506,0.7852,1.00,1.00
2018.04.18 20:38:49.929,0.78506,0.78519,1.00,1.00
2018.04.18 20:39:07.784,0.78506,0.78521,1.00,1.00
2018.04.18 20:39:17.888,0.78508,0.78522,1.00,1.00
2018.04.18 20:39:17.939,0.78508,0.78524,1.50,1.00
2018.04.18 20:39:18.298,0.7851,0.78524,1.00,1.00
2018.04.18 20:39:22.817,0.7851,0.78523,1.00,1.00
2018.04.18 20:39:24.987,0.78508,0.78523,1.00,1.00
2018.04.18 20:39:30.221,0.78508,0.78522,1.00,1.00
2018.04.18 20:39:31.289,0.78508,0.78523,1.00,1.00
2018.04.18 20:39:31.824,0.78508,0.78522,1.00,1.00
2018.04.18 20:39:33.878,0.78508,0.78521,1.00,1.00
2018.04.18 20:39:38.234,0.78508,0.78522,1.00,1.00
2018.04.18 20:39:39.451,0.78508,0.78523,1.00,1.00
2018.04.18 20:39:39.991,0.78508,0.78522,1.00,1.00
2018.04.18 20:39:43.249,0.78508,0.78523,1.00,1.00
2018.04.18 20:39:43.900,0.78508,0.78522,1.00,1.00
2018.04.18 20:39:56.832,0.78508,0.7852,1.00,1.00
2018.04.18 20:40:02.333,0.78508,0.78519,1.00,1.00
2018.04.18 20:40:06.037,0.78506,0.7852,1.50,1.00
2018.04.18 20:40:06.660,0.78507,0.78521,1.00,1.00
2018.04.18 20:40:07.905,0.78506,0.7852,1.50,1.00
2018.04.18 20:40:12.327,0.78506,0.78521,1.50,1.00
2018.04.18 20:40:14.263,0.78506,0.7852,1.50,1.00
2018.04.18 20:40:34.551,0.78506,0.78521,1.50,1.50
2018.04.18 20:40:35.011,0.78509,0.78522,1.00,1.50
2018.04.18 20:40:35.762,0.78509,0.78521,1.00,1.00
2018.04.18 20:40:41.270,0.78509,0.7852,1.00,1.00
2018.04.18 20:40:42.624,0.78507,0.78518,1.00,1.00
2018.04.18 20:40:42.732,0.78505,0.78517,1.00,1.00
2018.04.18 20:40:42.797,0.78505,0.78515,1.00,1.00
2018.04.18 20:40:43.030,0.78505,0.78518,1.00,1.50
2018.04.18 20:40:43.630,0.78505,0.78519,1.00,1.50
2018.04.18 20:40:52.980,0.78505,0.78518,1.00,1.00
2018.04.18 20:40:53.593,0.78505,0.78517,1.00,1.00
2018.04.18 20:40:57.282,0.78505,0.78518,1.00,1.00
2018.04.18 20:40:58.396,0.78505,0.78517,1.00,1.00
2018.04.18 20:41:00.543,0.78505,0.78518,1.00,1.00
2018.04.18 20:41:01.605,0.78505,0.78519,1.00,1.50
2018.04.18 20:41:03.590,0.78505,0.7852,1.00,1.00
2018.04.18 20:41:20.012,0.78506,0.7852,1.00,1.00
2018.04.18 20:41:37.380,0.78506,0.78519,1.00,1.00
2018.04.18 20:41:37.750,0.78505,0.78517,1.00,1.00
2018.04.18 20:41:43.586,0.78505,0.78519,1.50,1.00
2018.04.18 20:41:46.509,0.78508,0.78519,1.00,1.00
2018.04.18 20:41:51.820,0.78508,0.7852,1.00,1.50
2018.04.18 20:41:52.337,0.78508,0.78522,1.00,1.50
2018.04.18 20:41:53.112,0.78508,0.7852,1.00,1.00
2018.04.18 20:41:53.917,0.78508,0.78522,1.50,1.00
2018.04.18 20:41:54.575,0.78509,0.78522,1.00,1.00
2018.04.18 20:41:57.536,0.78509,0.78524,1.00,1.50
2018.04.18 20:41:59.109,0.78508,0.7852,1.00,1.00
2018.04.18 20:41:59.262,0.7851,0.78524,1.00,1.50
2018.04.18 20:42:01.526,0.7851,0.78523,1.00,1.50
2018.04.18 20:42:01.577,0.78508,0.78522,1.00,1.00
2018.04.18 20:42:02.106,0.78508,0.78521,1.00,1.00
2018.04.18 20:42:04.408,0.78508,0.78522,1.00,1.50
2018.04.18 20:42:04.917,0.78508,0.78521,1.00,1.00
2018.04.18 20:42:05.667,0.78508,0.7852,1.00,1.00
2018.04.18 20:42:09.450,0.78505,0.78517,1.00,1.00
2018.04.18 20:42:09.551,0.78503,0.78516,1.00,1.00
2018.04.18 20:42:09.653,0.78501,0.78514,1.50,1.00
2018.04.18 20:42:10.012,0.78498,0.78508,1.00,1.00
2018.04.18 20:42:10.064,0.78493,0.78507,1.00,1.50
2018.04.18 20:42:10.119,0.78497,0.7851,1.00,1.50
2018.04.18 20:42:10.171,0.78497,0.78512,1.00,3.00
2018.04.18 20:42:22.492,0.78497,0.78511,1.00,1.00
2018.04.18 20:42:22.543,0.78497,0.78513,1.00,1.50
2018.04.18 20:42:23.078,0.78498,0.78513,1.00,1.00
2018.04.18 20:42:38.157,0.78497,0.78512,1.00,1.00
2018.04.18 20:42:48.821,0.78497,0.78511,1.00,1.00
2018.04.18 20:42:57.610,0.78497,0.78512,1.00,1.00
2018.04.18 20:43:27.715,0.78497,0.78513,1.00,1.50
2018.04.18 20:43:28.806,0.785,0.78516,1.00,1.50
2018.04.18 20:43:29.309,0.78499,0.78515,1.50,1.00
2018.04.18 20:43:29.819,0.78499,0.78516,1.50,2.25
2018.04.18 20:43:38.287,0.78499,0.78514,1.50,1.00
2018.04.18 20:43:40.739,0.785,0.78514,1.00,1.50
2018.04.18 20:43:44.298,0.785,0.78515,1.50,1.50
2018.04.18 20:43:45.948,0.785,0.78514,1.00,1.50
2018.04.18 20:43:46.504,0.785,0.78513,1.00,1.50
2018.04.18 20:43:56.103,0.78498,0.78512,1.00,1.50
2018.04.18 20:43:56.673,0.78498,0.78511,1.00,1.00
2018.04.18 20:43:56.725,0.78496,0.7851,1.00,1.00
2018.04.18 20:43:56.954,0.78494,0.78507,1.50,1.50
2018.04.18 20:43:57.776,0.78494,0.78506,1.50,1.00
2018.04.18 20:44:00.225,0.78494,0.78509,1.50,1.00
2018.04.18 20:44:00.276,0.78494,0.78507,1.00,1.00
2018.04.18 20:44:00.328,0.78494,0.7851,1.00,1.50
2018.04.18 20:44:00.481,0.78494,0.78508,1.00,1.00
2018.04.18 20:44:00.533,0.78494,0.7851,1.50,1.50
2018.04.18 20:44:00.651,0.78494,0.78506,1.50,1.00
2018.04.18 20:44:00.816,0.78496,0.7851,1.00,1.00
2018.04.18 20:44:02.234,0.78495,0.78511,1.00,2.25
2018.04.18 20:44:09.527,0.78494,0.7851,1.50,1.50
2018.04.18 20:44:16.638,0.78494,0.78507,1.50,1.00
2018.04.18 20:44:17.280,0.78493,0.78506,1.00,1.00
2018.04.18 20:44:20.785,0.78492,0.78505,1.50,1.00
2018.04.18 20:44:21.334,0.78493,0.78506,1.00,1.00
2018.04.18 20:44:34.403,0.78493,0.78507,1.00,1.50
2018.04.18 20:44:35.866,0.78493,0.78506,1.00,1.00
2018.04.18 20:44:51.594,0.78494,0.78507,1.00,1.00
2018.04.18 20:44:54.866,0.78495,0.78509,1.00,2.25
2018.04.18 20:44:56.261,0.78496,0.78509,1.00,1.00
2018.04.18 20:44:57.692,0.78497,0.7851,1.00,1.00
2018.04.18 20:44:57.844,0.78499,0.78511,1.00,1.00
2018.04.18 20:44:57.945,0.78497,0.7851,1.00,1.00
2018.04.18 20:44:58.047,0.78499,0.78511,1.00,1.00
2018.04.18 20:44:58.570,0.78497,0.7851,1.00,1.00
2018.04.18 20:44:59.160,0.78496,0.78509,1.50,1.00
2018.04.18 20:45:02.672,0.785,0.78513,1.00,1.50
2018.04.18 20:45:02.979,0.78496,0.78509,1.50,1.00
2018.04.18 20:45:07.688,0.78497,0.78511,1.00,1.00
2018.04.18 20:45:12.348,0.78496,0.7851,1.00,1.00
2018.04.18 20:45:12.928,0.78497,0.7851,1.00,1.00
2018.04.18 20:45:16.765,0.78497,0.78511,1.00,1.00
2018.04.18 20:45:17.345,0.78497,0.7851,1.00,1.00
2018.04.18 20:45:17.984,0.78497,0.78511,1.00,1.00
2018.04.18 20:45:18.714,0.78497,0.7851,1.00,1.00
2018.04.18 20:45:19.329,0.78496,0.78509,1.50,1.00
2018.04.18 20:45:20.109,0.785,0.78512,1.00,1.00
2018.04.18 20:45:20.212,0.78502,0.78515,1.00,1.00
2018.04.18 20:45:20.750,0.78502,0.78514,1.50,1.00
2018.04.18 20:45:21.411,0.78501,0.78513,1.00,1.00
2018.04.18 20:45:22.742,0.785,0.78512,1.00,1.00
2018.04.18 20:45:23.284,0.78499,0.78511,1.00,1.00
2018.04.18 20:45:23.952,0.78498,0.78511,1.50,1.00
2018.04.18 20:45:24.054,0.78498,0.78509,1.00,1.00
2018.04.18 20:45:24.235,0.78496,0.78508,1.50,1.00
2018.04.18 20:45:30.984,0.78497,0.7851,1.00,1.00
2018.04.18 20:45:31.486,0.78496,0.78511,1.00,1.00
2018.04.18 20:45:31.615,0.78501,0.78514,1.00,1.00
2018.04.18 20:45:32.155,0.785,0.78515,1.00,1.00
2018.04.18 20:45:32.918,0.785,0.78514,1.00,1.00
2018.04.18 20:45:33.661,0.785,0.78515,1.00,1.00
2018.04.18 20:45:34.480,0.785,0.78516,1.00,1.00
2018.04.18 20:45:35.693,0.785,0.78517,2.25,2.25
2018.04.18 20:45:36.302,0.785,0.78516,1.50,1.00
2018.04.18 20:45:37.159,0.785,0.78515,1.00,1.00
2018.04.18 20:45:45.397,0.78502,0.78515,1.00,1.00
2018.04.18 20:45:46.278,0.78502,0.78514,1.00,1.00
2018.04.18 20:45:46.867,0.78502,0.78513,1.00,1.00
2018.04.18 20:45:51.830,0.78502,0.78514,1.00,1.00
2018.04.18 20:46:01.694,0.78502,0.78515,1.00,1.00
2018.04.18 20:46:02.202,0.78502,0.78514,1.00,1.50
2018.04.18 20:46:04.592,0.78502,0.78515,1.00,1.00
2018.04.18 20:46:05.073,0.7851,0.78523,1.00,1.00
2018.04.18 20:46:05.381,0.78517,0.7853,1.00,1.00
2018.04.18 20:46:05.884,0.78518,0.78531,1.00,1.00
2018.04.18 20:46:06.818,0.78518,0.7853,1.00,1.00
2018.04.18 20:46:07.378,0.78518,0.78531,1.00,1.00
2018.04.18 20:46:08.621,0.78519,0.78531,1.00,1.00
2018.04.18 20:46:09.312,0.78518,0.78531,1.00,1.00
2018.04.18 20:46:21.543,0.78519,0.78532,1.00,1.00
2018.04.18 20:46:24.068,0.7852,0.78532,1.00,1.00
2018.04.18 20:46:28.076,0.78519,0.78532,1.00,1.00
2018.04.18 20:46:31.534,0.78521,0.78534,1.00,1.00
2018.04.18 20:46:32.134,0.7852,0.78533,1.00,1.00
2018.04.18 20:46:33.218,0.78521,0.78533,1.00,1.00
2018.04.18 20:46:34.678,0.78521,0.78534,1.00,1.00
2018.04.18 20:46:37.336,0.78522,0.78535,1.00,1.00
2018.04.18 20:46:37.736,0.78524,0.78536,1.00,1.00
2018.04.18 20:46:39.099,0.78524,0.78537,1.00,1.50
2018.04.18 20:46:42.513,0.78523,0.78536,1.00,1.00
2018.04.18 20:46:43.404,0.78522,0.78535,1.00,1.00
2018.04.18 20:46:44.038,0.78523,0.78536,1.00,1.00
2018.04.18 20:46:45.117,0.78522,0.78535,1.00,1.00
2018.04.18 20:46:45.809,0.78523,0.78536,1.00,1.00
2018.04.18 20:46:46.404,0.78523,0.78535,1.00,1.00
2018.04.18 20:46:47.075,0.78523,0.78536,1.00,1.00
2018.04.18 20:46:47.621,0.78523,0.78535,1.00,1.00
2018.04.18 20:46:48.171,0.78523,0.78536,1.00,1.00
2018.04.18 20:46:48.778,0.78523,0.78535,1.00,1.00
2018.04.18 20:46:50.344,0.78522,0.78535,1.00,1.00
2018.04.18 20:46:51.543,0.78522,0.78534,1.00,1.00
2018.04.18 20:46:53.672,0.7852,0.78533,1.00,1.00
2018.04.18 20:46:53.825,0.78523,0.78535,1.00,1.00
2018.04.18 20:46:55.042,0.78522,0.78535,1.00,1.00
2018.04.18 20:46:56.144,0.78521,0.78533,1.00,1.00
2018.04.18 20:46:56.465,0.78523,0.78535,1.00,1.00
2018.04.18 20:47:07.799,0.78516,0.78529,1.00,1.00
2018.04.18 20:47:08.320,0.78515,0.78529,1.00,2.25
2018.04.18 20:47:08.985,0.78514,0.78529,2.25,2.25
2018.04.18 20:47:09.088,0.78511,0.78526,1.50,1.50
2018.04.18 20:47:09.645,0.78514,0.78526,1.00,1.00
2018.04.18 20:47:10.303,0.78514,0.78527,1.00,1.00
2018.04.18 20:47:11.877,0.78515,0.78528,1.00,1.00
2018.04.18 20:47:12.537,0.78516,0.78528,1.00,1.00
2018.04.18 20:47:13.039,0.78515,0.78528,1.00,1.00
2018.04.18 20:47:13.724,0.78516,0.78528,1.00,1.00
2018.04.18 20:47:14.620,0.78516,0.78529,1.00,1.00
2018.04.18 20:47:15.162,0.78518,0.7853,1.00,1.00
2018.04.18 20:47:15.915,0.78518,0.78531,1.00,1.00
2018.04.18 20:47:19.151,0.78516,0.7853,1.50,1.00
2018.04.18 20:47:35.958,0.78515,0.78529,1.00,1.00
2018.04.18 20:47:38.146,0.78515,0.7853,1.00,1.50
2018.04.18 20:47:43.430,0.78515,0.78529,1.00,1.50
2018.04.18 20:47:43.958,0.78515,0.78528,1.00,1.00
2018.04.18 20:48:08.123,0.78515,0.78527,1.00,1.00
2018.04.18 20:48:09.467,0.78515,0.78528,1.00,1.50
2018.04.18 20:48:10.118,0.78515,0.78529,1.00,1.50
2018.04.18 20:48:12.588,0.78518,0.78533,1.00,1.50
2018.04.18 20:48:13.193,0.78519,0.78533,1.00,1.00
2018.04.18 20:48:16.898,0.78519,0.78534,1.50,2.25
2018.04.18 20:48:19.847,0.78519,0.78533,1.00,1.00
2018.04.18 20:48:30.522,0.78516,0.7853,1.00,1.00
2018.04.18 20:48:33.102,0.78516,0.78529,1.00,1.00
2018.04.18 20:48:34.869,0.78516,0.78528,1.00,1.00
2018.04.18 20:48:35.381,0.78516,0.78529,1.00,1.00
2018.04.18 20:48:37.209,0.78516,0.78528,1.00,1.00
2018.04.18 20:48:37.260,0.78514,0.78527,1.00,1.00
2018.04.18 20:48:47.908,0.78514,0.78528,1.00,1.50
2018.04.18 20:48:48.061,0.78514,0.78526,1.00,1.00
2018.04.18 20:48:52.323,0.78514,0.78525,1.00,1.00
2018.04.18 20:48:54.323,0.78514,0.78526,1.00,1.50
2018.04.18 20:48:58.146,0.78514,0.78525,1.00,1.00
2018.04.18 20:49:08.982,0.78514,0.78527,1.00,2.25
2018.04.18 20:49:24.762,0.78514,0.78526,1.00,1.00
2018.04.18 20:49:25.907,0.78512,0.78526,1.00,1.50
2018.04.18 20:49:32.727,0.78512,0.78525,1.00,1.00
2018.04.18 20:49:39.646,0.78512,0.78524,1.00,1.00
2018.04.18 20:49:40.277,0.78512,0.78525,1.00,1.50
2018.04.18 20:49:47.095,0.78512,0.78524,1.00,1.50
2018.04.18 20:49:48.304,0.78509,0.78524,1.00,1.50
2018.04.18 20:49:52.076,0.78514,0.78526,1.00,1.00
2018.04.18 20:49:52.905,0.78515,0.78527,1.00,1.00
2018.04.18 20:49:52.957,0.78516,0.78529,1.00,1.00
2018.04.18 20:49:54.072,0.78517,0.78529,1.00,1.00
2018.04.18 20:49:58.498,0.78516,0.78529,1.50,1.00
2018.04.18 20:50:01.053,0.78517,0.78529,1.50,1.00
2018.04.18 20:50:01.689,0.78518,0.7853,1.00,1.00
2018.04.18 20:50:04.439,0.78519,0.78531,1.00,1.00
2018.04.18 20:50:05.661,0.78519,0.78529,1.00,1.00
2018.04.18 20:50:05.930,0.78515,0.78526,1.00,1.00
2018.04.18 20:50:05.981,0.78513,0.78523,1.00,1.00
2018.04.18 20:50:18.099,0.78513,0.78522,1.00,1.00
2018.04.18 20:50:18.789,0.7851,0.78521,1.00,1.00
2018.04.18 20:50:18.842,0.78508,0.78521,1.00,1.00
2018.04.18 20:50:19.431,0.78508,0.7852,1.00,1.00
2018.04.18 20:50:35.989,0.78508,0.78519,1.00,1.00
2018.04.18 20:50:40.538,0.78508,0.7852,1.00,1.00
2018.04.18 20:50:49.963,0.78508,0.78521,1.00,1.00
2018.04.18 20:50:50.964,0.78508,0.78519,1.00,1.00
2018.04.18 20:50:51.490,0.78508,0.78518,1.00,1.00
2018.04.18 20:50:51.643,0.78506,0.78517,1.00,1.00
2018.04.18 20:50:52.167,0.78506,0.78516,1.00,1.00
2018.04.18 20:50:52.772,0.78506,0.78517,1.00,1.00
2018.04.18 20:50:53.957,0.78504,0.78514,1.00,1.00
2018.04.18 20:50:54.364,0.78502,0.78513,1.00,1.00
2018.04.18 20:50:56.341,0.78502,0.78512,1.00,1.00
2018.04.18 20:51:00.650,0.78502,0.78513,1.00,1.00
2018.04.18 20:51:03.798,0.78502,0.78512,1.00,1.00
2018.04.18 20:51:04.320,0.78502,0.78513,1.00,1.00
2018.04.18 20:51:05.218,0.78502,0.78514,1.00,1.00
2018.04.18 20:51:11.150,0.78502,0.78513,1.00,1.00
2018.04.18 20:51:11.981,0.78502,0.78512,1.00,1.00
2018.04.18 20:51:20.533,0.78502,0.78513,1.00,1.00
2018.04.18 20:51:29.302,0.78502,0.78514,1.00,1.00
2018.04.18 20:51:35.855,0.78504,0.78516,1.00,1.00
2018.04.18 20:51:36.161,0.78506,0.78517,1.00,1.00
2018.04.18 20:51:39.282,0.78506,0.78516,1.00,1.00
2018.04.18 20:51:39.783,0.78504,0.78516,1.00,1.00
2018.04.18 20:51:43.803,0.78504,0.78515,1.00,1.00
2018.04.18 20:51:44.408,0.78504,0.78514,1.00,1.00
2018.04.18 20:51:46.932,0.78502,0.78512,1.00,1.00
2018.04.18 20:51:47.035,0.78502,0.78514,1.00,1.00
2018.04.18 20:51:47.596,0.78504,0.78515,1.00,1.00
2018.04.18 20:51:49.672,0.78504,0.78514,1.00,1.00
2018.04.18 20:51:50.882,0.78504,0.78512,1.00,1.00
2018.04.18 20:51:50.934,0.78502,0.78512,1.00,1.00
2018.04.18 20:51:51.462,0.78502,0.78513,1.00,1.00
2018.04.18 20:51:53.199,0.78502,0.78514,1.00,1.00
2018.04.18 20:52:02.021,0.78502,0.78512,1.00,1.00
2018.04.18 20:52:02.600,0.78502,0.78513,1.00,1.00
2018.04.18 20:52:04.502,0.78502,0.78514,1.00,1.00
2018.04.18 20:52:04.816,0.78504,0.78515,1.00,1.00
2018.04.18 20:52:13.316,0.78504,0.78516,1.00,1.00
2018.04.18 20:52:13.839,0.78504,0.78514,1.00,1.00
2018.04.18 20:52:13.941,0.78501,0.78514,1.00,1.00
2018.04.18 20:52:13.992,0.78501,0.7851,1.00,1.00
2018.04.18 20:52:14.513,0.78501,0.78512,1.00,1.00
2018.04.18 20:52:15.502,0.78501,0.78513,1.00,1.00
2018.04.18 20:52:28.976,0.78499,0.78513,1.00,1.00
2018.04.18 20:52:29.108,0.78495,0.78505,1.00,1.00
2018.04.18 20:52:30.316,0.78493,0.78505,1.00,1.00
2018.04.18 20:52:34.052,0.78493,0.78506,1.00,1.00
2018.04.18 20:52:35.965,0.78493,0.78504,1.00,1.00
2018.04.18 20:52:36.268,0.78494,0.78507,1.00,1.00
2018.04.18 20:52:36.965,0.78493,0.78504,1.00,1.00
2018.04.18 20:52:38.569,0.78493,0.78506,1.00,1.00
2018.04.18 20:52:40.626,0.78493,0.78505,1.00,1.00
2018.04.18 20:52:43.975,0.78493,0.78506,1.50,1.00
2018.04.18 20:52:44.500,0.78494,0.78507,1.00,1.00
2018.04.18 20:52:59.283,0.78493,0.78506,1.50,1.00
2018.04.18 20:52:59.785,0.78493,0.78505,1.00,1.00
2018.04.18 20:53:05.436,0.78494,0.78507,1.00,1.00
2018.04.18 20:53:09.465,0.78493,0.78507,1.50,1.00
2018.04.18 20:53:10.164,0.78493,0.78506,1.50,1.00
2018.04.18 20:53:15.213,0.78495,0.78506,1.00,1.00
2018.04.18 20:53:15.264,0.78495,0.78508,1.00,1.00
2018.04.18 20:53:15.316,0.78497,0.78508,1.00,1.00
2018.04.18 20:53:15.831,0.78497,0.78509,1.00,1.00
2018.04.18 20:53:48.963,0.78497,0.78507,1.00,1.00
2018.04.18 20:53:53.071,0.78497,0.78508,1.00,1.00
2018.04.18 20:53:53.490,0.78497,0.78506,1.00,1.00
2018.04.18 20:53:54.037,0.78497,0.78508,1.00,1.00
2018.04.18 20:54:00.942,0.78497,0.78507,1.00,1.00
2018.04.18 20:54:01.164,0.78497,0.78505,1.00,1.00
2018.04.18 20:54:05.575,0.78497,0.78504,1.00,1.00
2018.04.18 20:54:06.354,0.78497,0.78505,1.00,1.00
2018.04.18 20:54:07.148,0.78497,0.78506,1.00,1.00
2018.04.18 20:54:07.724,0.78497,0.78505,1.00,1.00
2018.04.18 20:54:08.154,0.78495,0.78504,1.00,1.00
2018.04.18 20:54:09.013,0.78495,0.78503,1.00,1.00
2018.04.18 20:54:09.708,0.78495,0.78504,1.00,1.00
2018.04.18 20:54:10.379,0.78495,0.78505,1.00,1.00
2018.04.18 20:54:11.032,0.78495,0.78506,1.00,1.00
2018.04.18 20:54:12.431,0.78495,0.78507,1.00,1.00
2018.04.18 20:54:14.006,0.78495,0.78508,1.00,1.00
2018.04.18 20:54:40.305,0.78495,0.78506,1.00,1.00
2018.04.18 20:54:47.038,0.78497,0.78509,1.00,1.00
2018.04.18 20:54:47.089,0.78497,0.78511,1.00,1.00
2018.04.18 20:54:52.022,0.78495,0.78506,1.00,1.00
2018.04.18 20:54:52.202,0.78493,0.78506,1.50,1.00
2018.04.18 20:54:53.019,0.78493,0.78505,1.00,1.00
2018.04.18 20:54:53.543,0.78493,0.78504,1.00,1.00
2018.04.18 20:54:54.180,0.78493,0.78505,1.00,1.00
2018.04.18 20:54:56.364,0.78493,0.78503,1.00,1.00
2018.04.18 20:54:56.468,0.78493,0.78505,1.00,1.00
2018.04.18 20:54:59.098,0.78493,0.78506,1.00,1.00
2018.04.18 20:55:00.223,0.78493,0.78507,1.00,1.00
2018.04.18 20:55:02.383,0.78493,0.78506,1.50,1.00
2018.04.18 20:55:11.957,0.78496,0.78506,1.00,1.00
2018.04.18 20:55:12.497,0.78495,0.78506,1.00,1.00
2018.04.18 20:55:14.959,0.78491,0.78503,1.00,1.00
2018.04.18 20:55:15.163,0.78491,0.78505,1.50,1.00
2018.04.18 20:55:15.482,0.78496,0.78505,1.00,1.00
2018.04.18 20:55:19.142,0.78496,0.78506,1.00,1.00
2018.04.18 20:55:20.202,0.78493,0.78506,1.50,1.00
2018.04.18 20:55:20.671,0.78493,0.78504,1.00,1.00
2018.04.18 20:55:21.003,0.78493,0.78507,1.50,1.00
2018.04.18 20:55:21.054,0.78491,0.78506,1.00,1.00
2018.04.18 20:55:21.105,0.7849,0.78502,1.50,1.00
2018.04.18 20:55:21.208,0.78488,0.78504,1.00,1.00
2018.04.18 20:55:21.259,0.78486,0.78501,1.00,1.00
2018.04.18 20:55:22.866,0.78484,0.78501,1.00,1.00
2018.04.18 20:55:24.988,0.78483,0.78501,2.25,1.50
2018.04.18 20:55:25.141,0.78491,0.78501,1.00,1.00
2018.04.18 20:55:25.449,0.78485,0.78501,1.00,1.00
2018.04.18 20:55:26.235,0.78486,0.78501,1.00,1.00
2018.04.18 20:55:29.156,0.78486,0.785,1.00,1.00
2018.04.18 20:55:33.071,0.78487,0.785,1.00,1.00
2018.04.18 20:55:39.761,0.78487,0.78499,1.00,1.00
2018.04.18 20:55:40.432,0.78486,0.78499,1.00,1.00
2018.04.18 20:55:55.057,0.78487,0.78499,1.00,1.00
2018.04.18 20:56:00.305,0.78486,0.78499,1.50,1.00
2018.04.18 20:56:06.081,0.78486,0.785,1.50,1.00
2018.04.18 20:56:06.856,0.78486,0.78499,1.50,1.00
2018.04.18 20:56:10.798,0.78486,0.785,1.50,1.00
2018.04.18 20:56:11.481,0.78486,0.78499,1.00,1.00
2018.04.18 20:56:12.576,0.78487,0.78499,1.00,1.00
2018.04.18 20:56:13.787,0.78491,0.78506,1.00,3.00
2018.04.18 20:56:13.839,0.78493,0.78503,1.00,1.00
2018.04.18 20:56:13.941,0.78493,0.78505,1.00,1.00
2018.04.18 20:56:14.951,0.78493,0.78507,1.00,1.00
2018.04.18 20:56:17.575,0.78493,0.78508,1.00,1.00
2018.04.18 20:56:19.188,0.785,0.78515,1.00,3.00
2018.04.18 20:56:20.325,0.78498,0.78515,1.00,1.50
2018.04.18 20:56:20.376,0.78496,0.78515,1.00,1.50
2018.04.18 20:56:20.427,0.78496,0.78513,1.00,1.00
2018.04.18 20:56:21.508,0.78497,0.78515,1.00,1.00
2018.04.18 20:56:21.560,0.78498,0.7852,1.00,1.00
2018.04.18 20:56:22.063,0.78497,0.7852,1.50,1.00
2018.04.18 20:56:22.673,0.78497,0.78519,1.50,1.00
2018.04.18 20:56:23.988,0.78499,0.78519,1.00,1.00
2018.04.18 20:56:25.749,0.78498,0.78516,1.00,1.00
2018.04.18 20:56:26.105,0.78497,0.78513,1.00,1.00
2018.04.18 20:56:26.653,0.78497,0.78511,1.00,1.00
2018.04.18 20:56:29.766,0.78498,0.78512,1.00,1.00
2018.04.18 20:56:30.285,0.78499,0.78513,1.00,1.00
2018.04.18 20:56:30.932,0.785,0.78515,1.00,1.00
2018.04.18 20:56:31.387,0.78499,0.78513,1.00,1.00
2018.04.18 20:56:33.939,0.78499,0.78512,1.00,1.00
2018.04.18 20:56:34.489,0.78498,0.78511,1.00,1.00
2018.04.18 20:56:35.120,0.78498,0.78512,1.00,1.00
2018.04.18 20:56:39.136,0.78498,0.78511,1.00,1.00
2018.04.18 20:56:39.695,0.78498,0.78512,1.00,1.00
2018.04.18 20:56:40.391,0.78498,0.78511,1.00,1.00
2018.04.18 20:56:40.990,0.78498,0.78512,1.00,1.00
2018.04.18 20:56:41.679,0.78498,0.78511,1.00,1.00
2018.04.18 20:56:42.180,0.78497,0.7851,1.00,1.00
2018.04.18 20:57:00.671,0.78498,0.78511,1.00,1.00
2018.04.18 20:57:01.458,0.78497,0.7851,1.00,1.00
2018.04.18 20:57:02.722,0.78498,0.7851,1.00,1.00
2018.04.18 20:57:03.467,0.78497,0.7851,1.00,1.00
2018.04.18 20:57:04.205,0.78498,0.78511,1.00,1.00
2018.04.18 20:57:05.353,0.78497,0.7851,1.00,1.00
2018.04.18 20:57:08.607,0.78498,0.78511,1.00,1.00
2018.04.18 20:57:09.431,0.78499,0.78514,1.00,1.00
2018.04.18 20:57:10.141,0.785,0.78514,1.00,1.00
2018.04.18 20:57:10.758,0.78499,0.78512,1.00,1.00
2018.04.18 20:57:11.245,0.78497,0.7851,1.50,1.00
2018.04.18 20:57:11.977,0.78498,0.78511,1.00,1.00
2018.04.18 20:57:12.030,0.78499,0.78513,1.00,1.00
2018.04.18 20:57:12.584,0.785,0.78513,1.00,1.00
2018.04.18 20:57:13.237,0.785,0.78514,1.00,1.00
2018.04.18 20:57:14.190,0.78501,0.78514,1.00,1.00
2018.04.18 20:57:16.914,0.785,0.78513,1.00,1.00
2018.04.18 20:57:17.454,0.78497,0.7851,1.00,1.00
2018.04.18 20:57:17.557,0.78495,0.7851,1.00,1.00
2018.04.18 20:57:17.608,0.78493,0.7851,1.00,1.00
2018.04.18 20:57:18.044,0.78495,0.7851,1.00,1.00
2018.04.18 20:57:18.096,0.78493,0.7851,1.00,1.50
2018.04.18 20:57:18.198,0.78492,0.78507,1.00,1.00
2018.04.18 20:57:18.481,0.7849,0.78507,1.50,1.00
2018.04.18 20:57:19.413,0.785,0.78514,1.00,1.00
2018.04.18 20:57:19.928,0.78499,0.78513,1.00,1.00
2018.04.18 20:57:20.432,0.78499,0.78512,1.00,1.00
2018.04.18 20:57:20.935,0.78499,0.78513,1.00,1.00
2018.04.18 20:57:21.851,0.78499,0.78512,1.00,1.00
2018.04.18 20:57:22.669,0.78499,0.78513,1.00,1.00
2018.04.18 20:57:23.339,0.78499,0.78512,1.00,1.00
2018.04.18 20:57:24.927,0.78499,0.78511,1.00,1.00
2018.04.18 20:57:25.435,0.78499,0.78512,1.00,1.00
2018.04.18 20:57:25.978,0.78499,0.78511,1.00,1.00
2018.04.18 20:57:30.525,0.78499,0.78512,1.00,1.00
2018.04.18 20:57:32.094,0.78499,0.78511,1.00,1.00
2018.04.18 20:57:32.882,0.78499,0.78512,1.00,1.00
2018.04.18 20:57:33.577,0.78498,0.78511,1.00,1.00
2018.04.18 20:57:34.380,0.785,0.78512,1.00,1.00
2018.04.18 20:57:34.970,0.785,0.78513,1.00,1.00
2018.04.18 20:57:35.555,0.785,0.78512,1.00,1.00
2018.04.18 20:57:38.155,0.785,0.78513,1.00,1.00
2018.04.18 20:57:38.854,0.785,0.78512,1.00,1.00
2018.04.18 20:57:40.332,0.785,0.78513,1.00,1.00
2018.04.18 20:58:00.121,0.785,0.78515,1.00,1.00
2018.04.18 20:58:00.644,0.785,0.78514,1.00,1.00
2018.04.18 20:58:01.161,0.78499,0.78514,1.00,1.00
2018.04.18 20:58:01.711,0.78498,0.78514,1.00,1.00
2018.04.18 20:58:04.659,0.78497,0.78514,1.00,1.00
2018.04.18 20:58:05.385,0.78496,0.78514,1.00,1.00
2018.04.18 20:58:06.037,0.78497,0.78514,1.00,1.00
2018.04.18 20:58:06.589,0.78496,0.78514,1.00,1.50
2018.04.18 20:58:08.774,0.78494,0.78514,1.00,1.50
2018.04.18 20:58:10.036,0.78495,0.78514,1.00,1.50
2018.04.18 20:58:12.048,0.78495,0.78513,1.00,1.00
2018.04.18 20:58:12.624,0.78496,0.78514,1.00,1.50
2018.04.18 20:58:14.434,0.78495,0.78513,1.00,1.00
2018.04.18 20:58:14.941,0.78496,0.78513,1.00,1.00
2018.04.18 20:58:16.181,0.78495,0.78512,1.00,1.00
2018.04.18 20:58:25.092,0.78495,0.78513,1.00,1.00
2018.04.18 20:58:26.651,0.78494,0.78512,1.00,1.00
2018.04.18 20:58:30.952,0.78494,0.78511,1.00,1.00
2018.04.18 20:58:31.821,0.78495,0.78511,1.00,1.00
2018.04.18 20:58:36.067,0.78496,0.78511,1.00,1.00
2018.04.18 20:58:36.408,0.78496,0.78513,1.00,1.00
2018.04.18 20:58:37.898,0.78497,0.78513,1.00,1.00
2018.04.18 20:58:38.721,0.78496,0.78513,1.00,1.00
2018.04.18 20:58:40.528,0.78497,0.78513,1.00,1.00
2018.04.18 20:58:41.818,0.78496,0.78513,1.00,1.00
2018.04.18 20:58:43.126,0.78497,0.78511,1.00,1.00
2018.04.18 20:58:45.912,0.78497,0.78513,1.50,1.00
2018.04.18 20:58:46.433,0.78497,0.78512,1.00,1.00
2018.04.18 20:59:00.096,0.78497,0.78513,1.00,1.00
2018.04.18 20:59:00.148,0.78495,0.78513,1.00,1.00
2018.04.18 20:59:00.671,0.78494,0.78512,1.00,1.00
2018.04.18 20:59:00.723,0.78493,0.78515,1.00,1.00
2018.04.18 20:59:00.774,0.78491,0.78513,1.12,1.00
2018.04.18 20:59:00.825,0.78491,0.78515,1.00,2.25
2018.04.18 20:59:00.875,0.78494,0.78515,1.00,1.00
2018.04.18 20:59:00.926,0.78494,0.78517,1.00,1.00
2018.04.18 20:59:01.532,0.78494,0.78516,1.00,1.00
2018.04.18 20:59:02.226,0.78494,0.78519,0.75,0.75
2018.04.18 20:59:02.827,0.78494,0.78518,0.75,0.75
2018.04.18 20:59:02.878,0.78491,0.78516,1.50,0.75
2018.04.18 20:59:05.361,0.78491,0.78518,0.75,0.75
2018.04.18 20:59:05.412,0.7849,0.7853,0.75,0.75
2018.04.18 20:59:05.565,0.78491,0.78522,0.75,0.75
2018.04.18 20:59:06.783,0.78492,0.78522,0.75,0.75
2018.04.18 20:59:07.463,0.78491,0.78523,0.75,0.75
2018.04.18 20:59:07.967,0.78492,0.78522,0.75,0.75
2018.04.18 20:59:10.181,0.78492,0.78523,0.75,0.75
2018.04.18 20:59:10.896,0.78491,0.78523,0.75,0.75
2018.04.18 20:59:11.329,0.78493,0.78523,0.75,0.75
2018.04.18 20:59:11.567,0.78491,0.78525,0.75,0.75
2018.04.18 20:59:13.722,0.78491,0.78522,0.75,0.75
2018.04.18 20:59:13.970,0.7849,0.78526,0.75,0.75
2018.04.18 20:59:14.632,0.78491,0.78527,0.75,1.50
2018.04.18 20:59:15.143,0.78491,0.78526,0.75,0.75
2018.04.18 20:59:16.001,0.78491,0.78527,0.75,0.75
2018.04.18 20:59:16.864,0.78491,0.78526,0.75,0.75
2018.04.18 20:59:17.365,0.78491,0.78527,0.75,0.75
2018.04.18 20:59:18.316,0.78491,0.78526,0.75,0.75
2018.04.18 20:59:18.925,0.78491,0.78527,0.75,0.75
2018.04.18 20:59:19.454,0.78491,0.78526,0.75,0.75
2018.04.18 20:59:23.128,0.78491,0.78525,0.75,0.75
2018.04.18 20:59:23.230,0.78492,0.7853,0.75,0.75
2018.04.18 20:59:23.281,0.78494,0.7853,0.75,0.75
2018.04.18 20:59:23.673,0.78492,0.78532,0.75,0.75
2018.04.18 20:59:23.866,0.78493,0.78527,0.75,0.75
2018.04.18 20:59:23.917,0.78492,0.78529,0.75,1.50
2018.04.18 20:59:24.191,0.7849,0.78529,0.75,0.75
2018.04.18 20:59:24.242,0.78483,0.78532,0.75,0.75
2018.04.18 20:59:24.293,0.78482,0.78527,2.25,0.75
2018.04.18 20:59:24.547,0.78484,0.7853,0.75,0.75
2018.04.18 20:59:24.699,0.78484,0.78526,0.75,0.75
2018.04.18 20:59:24.915,0.78484,0.78529,0.75,0.75
2018.04.18 20:59:25.087,0.78485,0.78526,0.75,0.75
2018.04.18 20:59:25.137,0.78483,0.78526,0.75,0.75
2018.04.18 20:59:25.239,0.78481,0.78528,2.25,1.50
2018.04.18 20:59:25.289,0.78483,0.78528,0.75,1.50
2018.04.18 20:59:25.340,0.78482,0.78532,2.25,0.75
2018.04.18 20:59:25.860,0.78483,0.78532,0.75,0.75
2018.04.18 20:59:25.911,0.78483,0.7853,0.75,0.75
2018.04.18 20:59:26.136,0.78483,0.78532,0.75,0.75
2018.04.18 20:59:26.288,0.78481,0.78531,0.75,0.75
2018.04.18 20:59:26.390,0.78483,0.7853,0.75,0.75
2018.04.18 20:59:26.441,0.78481,0.78531,0.75,0.75
2018.04.18 20:59:26.874,0.78483,0.78529,0.75,0.75
2018.04.18 20:59:26.925,0.78483,0.78532,0.75,0.75
2018.04.18 20:59:27.103,0.78483,0.78529,0.75,0.75
2018.04.18 20:59:27.344,0.78483,0.78532,0.75,0.75
2018.04.18 20:59:27.972,0.78483,0.78529,0.75,0.75
2018.04.18 20:59:28.269,0.78483,0.78531,0.75,0.75
2018.04.18 20:59:28.474,0.78483,0.78528,0.75,0.75
2018.04.18 20:59:28.738,0.78483,0.78532,0.75,1.50
2018.04.18 20:59:28.875,0.78483,0.78528,0.75,0.75
2018.04.18 20:59:29.140,0.78483,0.78532,0.75,1.50
2018.04.18 20:59:29.293,0.78483,0.78528,0.75,0.75
2018.04.18 20:59:29.410,0.78482,0.7853,1.50,0.75
2018.04.18 20:59:29.511,0.78482,0.78532,2.25,0.75
2018.04.18 20:59:29.683,0.78482,0.78529,2.25,0.75
2018.04.18 20:59:30.007,0.78482,0.78532,1.50,0.75
2018.04.18 20:59:30.108,0.78482,0.7853,2.25,0.75
2018.04.18 20:59:30.340,0.78483,0.78532,0.75,1.50
2018.04.18 20:59:30.487,0.78484,0.78528,0.75,0.75
2018.04.18 20:59:30.744,0.78485,0.78531,0.75,0.75
2018.04.18 20:59:30.907,0.78484,0.78528,0.75,0.75
2018.04.18 20:59:31.135,0.78483,0.78531,0.75,1.50
2018.04.18 20:59:31.387,0.78482,0.78529,0.75,0.75
2018.04.18 20:59:31.636,0.78483,0.78531,0.75,1.50
2018.04.18 20:59:31.788,0.78484,0.78528,0.75,0.75
2018.04.18 20:59:32.043,0.78482,0.78533,0.75,1.50
2018.04.18 20:59:32.287,0.78482,0.78529,0.75,0.75
2018.04.18 20:59:32.557,0.78484,0.78532,0.75,0.75
2018.04.18 20:59:32.786,0.78484,0.78529,0.75,0.75
2018.04.18 20:59:33.088,0.78483,0.78533,0.75,1.50
2018.04.18 20:59:33.190,0.78484,0.78529,0.75,0.75
2018.04.18 20:59:33.547,0.78483,0.78533,0.75,1.50
2018.04.18 20:59:33.598,0.78484,0.78529,0.75,0.75
2018.04.18 20:59:33.876,0.78483,0.78533,0.75,1.50
2018.04.18 20:59:34.106,0.78483,0.78529,0.75,0.75
2018.04.18 20:59:34.337,0.78483,0.78532,0.75,1.50
2018.04.18 20:59:34.489,0.78483,0.78529,0.75,0.75
2018.04.18 20:59:34.732,0.78484,0.78532,0.75,0.75
2018.04.18 20:59:34.885,0.78484,0.78529,0.75,0.75
2018.04.18 20:59:35.149,0.78483,0.78533,0.75,3.00
2018.04.18 20:59:35.304,0.78484,0.78529,0.75,0.75
2018.04.18 20:59:35.562,0.78483,0.78533,0.75,1.50
2018.04.18 20:59:35.712,0.78484,0.78529,0.75,0.75
2018.04.18 20:59:35.978,0.78483,0.78533,0.75,1.50
2018.04.18 20:59:36.186,0.78484,0.78529,0.75,0.75
2018.04.18 20:59:36.516,0.78483,0.78533,0.75,1.50
2018.04.18 20:59:36.617,0.78484,0.78529,0.75,0.75
2018.04.18 20:59:36.821,0.78483,0.78533,0.75,3.00
2018.04.18 20:59:37.003,0.78484,0.78529,0.75,0.75
2018.04.18 20:59:37.255,0.78484,0.78532,0.75,0.75
2018.04.18 20:59:37.514,0.78484,0.78529,0.75,0.75
2018.04.18 20:59:37.747,0.78483,0.78533,0.75,3.00
2018.04.18 20:59:38.012,0.78484,0.78529,0.75,0.75
2018.04.18 20:59:38.214,0.78482,0.78532,0.75,0.75
2018.04.18 20:59:38.504,0.78483,0.78529,0.75,0.75
2018.04.18 20:59:38.766,0.78482,0.78533,0.75,3.00
2018.04.18 20:59:38.918,0.78483,0.78529,0.75,0.75
2018.04.18 20:59:39.169,0.78483,0.78533,0.75,3.00
2018.04.18 20:59:39.408,0.78482,0.78529,0.75,0.75
2018.04.18 20:59:39.630,0.78482,0.78533,0.75,3.00
2018.04.18 20:59:39.813,0.78483,0.78529,0.75,0.75
2018.04.18 20:59:40.045,0.78483,0.78533,0.75,2.25
2018.04.18 20:59:40.489,0.78483,0.78529,0.75,0.75
2018.04.18 20:59:40.539,0.78483,0.78533,0.75,2.25
2018.04.18 20:59:40.943,0.78482,0.78535,1.50,0.75
2018.04.18 20:59:40.994,0.78483,0.7853,0.75,0.75
2018.04.18 20:59:41.045,0.78483,0.78532,0.75,1.50
2018.04.18 20:59:41.096,0.78483,0.78534,0.75,0.75
2018.04.18 20:59:41.197,0.78482,0.78531,0.75,0.75
2018.04.18 20:59:41.541,0.78483,0.78534,0.75,0.75
2018.04.18 20:59:41.618,0.78483,0.78532,0.75,1.50
2018.04.18 20:59:41.896,0.78483,0.78534,0.75,0.75
2018.04.18 20:59:41.947,0.78484,0.7853,0.75,0.75
2018.04.18 20:59:42.339,0.78483,0.78534,0.75,0.75
2018.04.18 20:59:42.390,0.78483,0.7853,0.75,0.75
2018.04.18 20:59:42.739,0.78483,0.78534,0.75,0.75
2018.04.18 20:59:42.790,0.78483,0.7853,0.75,0.75
2018.04.18 20:59:43.036,0.78483,0.78535,0.75,1.50
2018.04.18 20:59:43.238,0.78482,0.78531,0.75,0.75
2018.04.18 20:59:43.448,0.78482,0.78535,0.75,0.75
2018.04.18 20:59:43.499,0.78482,0.78533,0.75,0.75
2018.04.18 20:59:43.802,0.78482,0.78529,0.75,2.25
2018.04.18 20:59:43.944,0.78483,0.78533,0.75,0.75
2018.04.18 20:59:44.178,0.78483,0.78531,0.75,0.75
2018.04.18 20:59:44.514,0.78483,0.78534,0.75,0.75
2018.04.18 20:59:44.713,0.78483,0.7853,0.75,1.50
2018.04.18 20:59:44.944,0.78483,0.78536,0.75,0.75
2018.04.18 20:59:45.051,0.78483,0.78534,0.75,0.75
2018.04.18 20:59:45.102,0.78481,0.78533,2.25,0.75
2018.04.18 20:59:45.153,0.78479,0.7853,1.50,1.50
2018.04.18 20:59:45.255,0.78465,0.78523,1.50,0.75
2018.04.18 20:59:45.733,0.78466,0.78521,0.75,0.75
2018.04.18 20:59:45.834,0.78467,0.78523,1.50,1.42
2018.04.18 20:59:45.885,0.78467,0.78521,1.50,0.75
2018.04.18 20:59:46.216,0.78465,0.78522,2.25,0.37
2018.04.18 20:59:46.420,0.78466,0.78518,1.50,0.75
2018.04.18 20:59:46.623,0.78466,0.78521,2.25,0.75
2018.04.18 20:59:46.787,0.78466,0.78519,2.25,0.75
2018.04.18 20:59:46.940,0.78467,0.78522,0.75,0.67
2018.04.18 20:59:47.041,0.78468,0.78534,0.75,1.20
2018.04.18 20:59:47.092,0.78468,0.78532,0.75,0.75
2018.04.18 20:59:47.438,0.78468,0.78529,0.75,0.60
2018.04.18 20:59:47.965,0.78468,0.78528,0.75,0.45
2018.04.18 20:59:48.134,0.78467,0.7853,0.75,0.75
2018.04.18 20:59:48.334,0.78469,0.7853,0.75,0.45
2018.04.18 20:59:48.536,0.78467,0.78529,1.50,0.45
2018.04.18 20:59:48.810,0.78469,0.78529,0.75,1.20
2018.04.18 20:59:49.185,0.78467,0.78527,0.75,0.60
2018.04.18 20:59:49.691,0.78467,0.78528,0.75,0.52
2018.04.18 20:59:50.034,0.78467,0.78526,0.75,0.67
2018.04.18 20:59:50.348,0.78468,0.78531,0.75,1.42
2018.04.18 20:59:50.428,0.78468,0.78529,0.75,0.75
2018.04.18 20:59:50.893,0.78466,0.78528,0.75,0.75
2018.04.18 20:59:51.139,0.78468,0.78528,0.75,0.75
2018.04.18 20:59:51.443,0.78465,0.78528,0.75,0.60
2018.04.18 20:59:51.494,0.78465,0.78531,0.75,1.12
2018.04.18 20:59:51.631,0.78467,0.78531,0.75,0.37
2018.04.18 20:59:51.836,0.78465,0.78531,1.50,0.60
2018.04.18 20:59:52.039,0.78463,0.78529,1.50,0.75
2018.04.18 20:59:52.140,0.78463,0.78532,0.75,1.50
2018.04.18 20:59:52.191,0.78465,0.78533,0.75,0.75
2018.04.18 20:59:52.242,0.78463,0.78533,1.50,1.50
2018.04.18 20:59:52.361,0.78463,0.7853,1.50,0.75
2018.04.18 20:59:52.588,0.78465,0.78534,0.75,1.50
2018.04.18 20:59:52.781,0.78463,0.78533,0.75,1.50
2018.04.18 20:59:53.388,0.78463,0.78532,0.75,0.75
2018.04.18 20:59:53.439,0.78465,0.78534,0.75,1.50
2018.04.18 20:59:53.783,0.78463,0.7853,0.75,0.75
2018.04.18 20:59:54.038,0.78463,0.78532,0.75,0.75
2018.04.18 20:59:54.140,0.78462,0.78529,0.75,0.75
2018.04.18 20:59:54.466,0.78465,0.78532,0.75,0.75
2018.04.18 20:59:54.537,0.78463,0.78532,1.50,0.75
2018.04.18 20:59:54.638,0.78462,0.78529,0.75,0.75
2018.04.18 20:59:54.890,0.78463,0.78532,0.75,2.25
2018.04.18 20:59:54.941,0.78461,0.78531,1.50,0.75
2018.04.18 20:59:55.042,0.78461,0.78529,0.75,0.75
2018.04.18 20:59:55.346,0.78466,0.78534,0.75,1.50
2018.04.18 20:59:55.689,0.78465,0.78532,0.75,0.75
2018.04.18 20:59:55.790,0.78466,0.78534,0.75,0.75
2018.04.18 20:59:55.948,0.78465,0.78531,0.75,0.75
2018.04.18 20:59:56.100,0.78466,0.78536,0.75,0.75
2018.04.18 20:59:56.152,0.78468,0.78538,0.75,1.50
2018.04.18 20:59:56.457,0.78452,0.78521,0.75,0.75
2018.04.18 20:59:56.636,0.78453,0.78523,0.75,0.75
2018.04.18 20:59:57.533,0.78455,0.78524,0.75,0.75
2018.04.18 20:59:57.584,0.78453,0.78523,1.50,0.75
2018.04.18 20:59:59.092,0.78448,0.78513,0.75,0.75
2018.04.18 20:59:59.143,0.78413,0.78513,0.75,0.75
2018.04.18 20:59:59.296,0.78414,0.78515,0.75,0.75
2018.04.18 20:59:59.398,0.78405,0.78521,0.75,0.75
