2018.04.26 01:00:00.233,0.7735,0.77361,1.00,1.00
2018.04.26 01:00:00.832,0.77351,0.77362,1.00,1.00
2018.04.26 01:00:01.136,0.77353,0.77363,1.00,1.00
2018.04.26 01:00:01.661,0.77353,0.77364,1.00,1.00
2018.04.26 01:00:02.199,0.77354,0.77365,1.50,1.00
2018.04.26 01:00:02.745,0.77355,0.77365,1.00,1.00
2018.04.26 01:00:03.352,0.77354,0.77364,1.00,1.00
2018.04.26 01:00:03.858,0.77355,0.77365,1.00,1.00
2018.04.26 01:00:04.381,0.77355,0.77366,1.00,1.00
2018.04.26 01:00:05.128,0.77356,0.77366,1.00,1.00
2018.04.26 01:00:07.330,0.77355,0.77366,1.00,1.00
2018.04.26 01:00:07.636,0.77354,0.77364,1.00,1.00
2018.04.26 01:00:07.895,0.77355,0.77366,1.00,1.00
2018.04.26 01:00:08.468,0.77356,0.77366,1.00,1.00
2018.04.26 01:00:09.105,0.77356,0.77367,1.00,1.50
2018.04.26 01:00:09.787,0.77356,0.77366,1.00,1.00
2018.04.26 01:00:10.361,0.77356,0.77367,1.00,1.00
2018.04.26 01:00:12.956,0.77357,0.77368,1.00,1.00
2018.04.26 01:00:13.558,0.77357,0.77367,1.00,1.00
2018.04.26 01:00:14.631,0.77357,0.77368,1.00,1.00
2018.04.26 01:00:15.503,0.77357,0.77367,1.00,1.00
2018.04.26 01:00:16.035,0.77357,0.77366,1.00,1.50
2018.04.26 01:00:16.189,0.77355,0.77366,1.50,1.50
2018.04.26 01:00:16.744,0.77357,0.77366,1.00,1.00
2018.04.26 01:00:16.949,0.77355,0.77366,1.50,1.00
2018.04.26 01:00:17.103,0.77357,0.77367,1.00,1.00
2018.04.26 01:00:17.549,0.77359,0.77369,1.00,1.00
2018.04.26 01:00:17.936,0.77361,0.77371,1.00,1.50
2018.04.26 01:00:19.365,0.77362,0.77371,1.00,1.00
2018.04.26 01:00:19.416,0.77362,0.77373,1.00,2.25
2018.04.26 01:00:19.467,0.77364,0.77373,1.00,1.00
2018.04.26 01:00:19.619,0.77365,0.77375,1.00,2.25
2018.04.26 01:00:20.161,0.77366,0.77376,1.00,1.50
2018.04.26 01:00:20.573,0.77364,0.77375,1.00,1.00
2018.04.26 01:00:20.676,0.77362,0.77373,1.00,1.00
2018.04.26 01:00:20.830,0.7736,0.77372,1.00,1.50
2018.04.26 01:00:21.241,0.77362,0.77373,1.00,1.00
2018.04.26 01:00:21.548,0.77364,0.77374,1.00,1.00
2018.04.26 01:00:21.888,0.77362,0.77374,1.50,1.00
2018.04.26 01:00:22.395,0.77362,0.77373,1.50,1.50
2018.04.26 01:00:25.664,0.77362,0.77374,1.50,1.00
2018.04.26 01:00:25.871,0.77364,0.77374,1.00,1.00
2018.04.26 01:00:27.390,0.77364,0.77375,1.00,2.25
2018.04.26 01:00:27.905,0.77363,0.77375,1.50,1.50
2018.04.26 01:00:28.222,0.7736,0.77372,1.00,1.50
2018.04.26 01:00:28.537,0.77362,0.77373,1.00,1.00
2018.04.26 01:00:29.061,0.77361,0.77372,1.50,1.00
2018.04.26 01:00:32.260,0.77362,0.77372,1.00,1.00
2018.04.26 01:00:32.647,0.77358,0.77369,1.00,1.00
2018.04.26 01:00:32.749,0.77356,0.77367,1.00,1.50
2018.04.26 01:00:33.220,0.77354,0.77367,1.00,1.50
2018.04.26 01:00:33.761,0.77354,0.77366,1.00,1.50
2018.04.26 01:00:34.074,0.77356,0.77366,1.00,1.00
2018.04.26 01:00:34.535,0.77354,0.77366,1.00,1.50
2018.04.26 01:00:35.519,0.77355,0.77366,1.00,1.50
2018.04.26 01:00:36.085,0.77356,0.77367,1.00,1.00
2018.04.26 01:00:36.672,0.77357,0.77367,1.00,1.00
2018.04.26 01:00:37.256,0.77357,0.77368,1.00,1.50
2018.04.26 01:00:37.793,0.77356,0.77367,1.00,1.00
2018.04.26 01:00:38.299,0.77357,0.77367,1.00,1.00
2018.04.26 01:00:39.424,0.77356,0.77367,1.50,2.25
2018.04.26 01:00:39.561,0.77355,0.77364,1.00,1.00
2018.04.26 01:00:39.881,0.77353,0.77364,1.50,1.50
2018.04.26 01:00:40.689,0.77354,0.77364,1.00,1.00
2018.04.26 01:00:44.371,0.77352,0.77364,1.00,1.50
2018.04.26 01:00:44.576,0.77351,0.77362,2.25,1.00
2018.04.26 01:00:46.749,0.7735,0.7736,1.00,1.00
2018.04.26 01:00:46.854,0.77348,0.7736,1.00,1.50
2018.04.26 01:00:46.905,0.77347,0.77358,1.50,1.00
2018.04.26 01:00:50.657,0.77351,0.77358,1.00,1.00
2018.04.26 01:00:50.717,0.7735,0.7736,1.00,1.00
2018.04.26 01:00:50.769,0.77352,0.77362,1.00,1.00
2018.04.26 01:00:50.979,0.7735,0.77361,1.50,1.00
2018.04.26 01:00:51.030,0.77349,0.77359,1.50,1.00
2018.04.26 01:00:51.184,0.77347,0.77358,1.00,1.00
2018.04.26 01:00:51.793,0.77347,0.77357,1.00,1.00
2018.04.26 01:00:53.661,0.77347,0.77358,1.00,1.50
2018.04.26 01:00:58.823,0.7735,0.7736,1.00,1.00
2018.04.26 01:00:59.454,0.77349,0.7736,1.00,1.50
2018.04.26 01:01:00.337,0.77351,0.77361,1.00,1.00
2018.04.26 01:01:00.866,0.77352,0.77361,1.00,1.00
2018.04.26 01:01:00.918,0.7735,0.77361,1.00,1.50
2018.04.26 01:01:01.251,0.77348,0.77359,1.50,1.00
2018.04.26 01:01:01.755,0.77348,0.77358,1.00,1.50
2018.04.26 01:01:01.806,0.77346,0.77358,1.00,2.25
2018.04.26 01:01:03.996,0.77349,0.7736,1.50,1.00
2018.04.26 01:01:04.503,0.77348,0.7736,1.50,1.50
2018.04.26 01:01:05.398,0.77348,0.77359,1.00,1.50
2018.04.26 01:01:05.979,0.77348,0.77358,1.00,1.00
2018.04.26 01:01:07.938,0.77349,0.77358,1.00,1.00
2018.04.26 01:01:09.238,0.7735,0.7736,1.00,1.50
2018.04.26 01:01:09.762,0.77351,0.7736,1.00,1.00
2018.04.26 01:01:13.089,0.7735,0.7736,1.00,1.00
2018.04.26 01:01:14.530,0.77349,0.7736,1.00,1.00
2018.04.26 01:01:18.025,0.77351,0.7736,1.00,1.00
2018.04.26 01:01:18.127,0.77351,0.77362,1.00,1.50
2018.04.26 01:01:20.108,0.77352,0.77362,1.00,1.00
2018.04.26 01:01:20.717,0.77352,0.77363,1.00,1.00
2018.04.26 01:01:22.083,0.77355,0.77363,1.00,1.00
2018.04.26 01:01:22.135,0.77355,0.77365,1.00,1.50
2018.04.26 01:01:22.701,0.77356,0.77365,1.00,1.00
2018.04.26 01:01:24.416,0.77356,0.77366,1.00,1.00
2018.04.26 01:01:24.719,0.77356,0.77368,2.25,1.00
2018.04.26 01:01:29.360,0.77357,0.77368,1.00,1.00
2018.04.26 01:01:29.989,0.77358,0.77369,1.00,1.00
2018.04.26 01:01:30.700,0.77358,0.7737,1.50,1.00
2018.04.26 01:01:30.751,0.7736,0.7737,1.50,1.00
2018.04.26 01:01:31.287,0.7736,0.77371,1.50,1.00
2018.04.26 01:01:31.866,0.7736,0.77372,1.50,1.00
2018.04.26 01:01:34.588,0.77361,0.77372,1.00,1.00
2018.04.26 01:01:35.965,0.77361,0.77373,1.50,1.00
2018.04.26 01:01:36.508,0.77362,0.77372,1.00,1.00
2018.04.26 01:01:36.661,0.7736,0.77371,1.00,1.50
2018.04.26 01:01:36.966,0.77361,0.77373,1.00,1.50
2018.04.26 01:01:37.569,0.77362,0.77373,1.00,1.00
2018.04.26 01:01:40.060,0.77361,0.77373,1.00,1.00
2018.04.26 01:01:41.063,0.77361,0.77371,1.00,1.00
2018.04.26 01:01:41.420,0.77358,0.77369,1.50,1.00
2018.04.26 01:01:42.773,0.77359,0.77369,1.00,1.00
2018.04.26 01:01:43.511,0.77357,0.77369,1.50,1.50
2018.04.26 01:01:45.429,0.77356,0.77369,2.25,1.00
2018.04.26 01:01:45.532,0.77357,0.77367,1.00,1.50
2018.04.26 01:01:45.685,0.77355,0.77366,1.00,1.00
2018.04.26 01:01:46.240,0.77354,0.77366,1.50,1.00
2018.04.26 01:01:47.255,0.77354,0.77365,1.00,1.00
2018.04.26 01:01:47.630,0.77354,0.77367,1.00,2.25
2018.04.26 01:01:47.681,0.77357,0.77364,1.00,1.50
2018.04.26 01:01:47.732,0.77356,0.77366,1.00,2.25
2018.04.26 01:01:48.187,0.77356,0.77368,1.00,1.50
2018.04.26 01:01:49.243,0.77356,0.77366,1.00,1.00
2018.04.26 01:01:50.269,0.77356,0.77365,1.00,1.00
2018.04.26 01:01:50.320,0.77354,0.77365,1.00,1.00
2018.04.26 01:01:52.432,0.77354,0.77366,1.00,2.25
2018.04.26 01:02:00.373,0.77354,0.77365,1.00,1.00
2018.04.26 01:02:00.556,0.77358,0.77368,1.00,1.50
2018.04.26 01:02:01.116,0.77357,0.77368,1.00,1.50
2018.04.26 01:02:01.440,0.77356,0.77366,1.50,1.00
2018.04.26 01:02:01.852,0.77355,0.77364,1.00,1.00
2018.04.26 01:02:02.824,0.77356,0.77366,1.00,1.50
2018.04.26 01:02:03.332,0.77356,0.77365,1.00,1.00
2018.04.26 01:02:05.427,0.77355,0.77365,1.00,1.00
2018.04.26 01:02:08.498,0.77354,0.77365,1.50,1.50
2018.04.26 01:02:09.042,0.77357,0.77365,2.10,1.00
2018.04.26 01:02:09.144,0.7736,0.77367,1.60,1.00
2018.04.26 01:02:09.196,0.77358,0.7737,2.85,1.00
2018.04.26 01:02:10.359,0.77359,0.7737,1.00,1.00
2018.04.26 01:02:12.142,0.77359,0.77372,1.00,1.50
2018.04.26 01:02:12.687,0.77359,0.77371,1.00,1.00
2018.04.26 01:02:13.208,0.77359,0.7737,1.00,1.00
2018.04.26 01:02:13.731,0.7736,0.7737,1.00,1.00
2018.04.26 01:02:14.363,0.7736,0.77371,1.00,1.00
2018.04.26 01:02:14.895,0.7736,0.7737,1.00,1.00
2018.04.26 01:02:15.042,0.77357,0.77369,1.50,1.00
2018.04.26 01:02:19.341,0.77357,0.77368,1.50,1.00
2018.04.26 01:02:20.093,0.77357,0.77369,1.50,1.50
2018.04.26 01:02:21.592,0.77357,0.77368,1.00,1.00
2018.04.26 01:02:22.298,0.77357,0.77367,1.00,1.00
2018.04.26 01:02:29.569,0.77357,0.77368,1.00,1.50
2018.04.26 01:02:30.081,0.77359,0.7737,1.50,1.00
2018.04.26 01:02:31.668,0.77359,0.77369,1.50,1.00
2018.04.26 01:02:41.586,0.7736,0.77369,1.00,1.00
2018.04.26 01:02:41.638,0.7736,0.77371,1.50,1.00
2018.04.26 01:02:41.793,0.77362,0.77372,1.00,1.00
2018.04.26 01:02:42.370,0.77362,0.77373,1.00,1.00
2018.04.26 01:02:47.680,0.77363,0.77373,1.00,1.00
2018.04.26 01:02:55.047,0.77361,0.77369,1.00,1.60
2018.04.26 01:02:55.098,0.77357,0.77367,1.50,1.00
2018.04.26 01:02:55.200,0.77356,0.77365,1.00,1.00
2018.04.26 01:02:55.618,0.77354,0.77363,1.00,1.00
2018.04.26 01:02:57.221,0.77354,0.77365,1.00,2.25
2018.04.26 01:03:00.485,0.77354,0.77366,2.25,1.00
2018.04.26 01:03:01.029,0.77355,0.77367,1.00,1.50
2018.04.26 01:03:01.081,0.77359,0.77367,1.00,1.00
2018.04.26 01:03:01.132,0.77359,0.77369,1.00,1.00
2018.04.26 01:03:01.184,0.77359,0.77371,1.00,1.50
2018.04.26 01:03:01.287,0.77361,0.77371,1.00,1.00
2018.04.26 01:03:01.338,0.77361,0.77373,1.00,3.00
2018.04.26 01:03:01.859,0.77361,0.77372,1.00,1.00
2018.04.26 01:03:02.406,0.77363,0.77373,1.00,2.25
2018.04.26 01:03:02.919,0.77363,0.77374,1.00,1.00
2018.04.26 01:03:03.374,0.77365,0.77375,1.00,1.00
2018.04.26 01:03:03.833,0.77367,0.77377,1.00,1.00
2018.04.26 01:03:03.885,0.77367,0.77379,1.00,2.25
2018.04.26 01:03:04.207,0.77369,0.77379,1.00,2.25
2018.04.26 01:03:04.672,0.77369,0.77381,1.00,2.25
2018.04.26 01:03:05.031,0.77372,0.77381,1.00,1.50
2018.04.26 01:03:05.164,0.77372,0.77383,1.00,1.00
2018.04.26 01:03:05.217,0.7737,0.7738,1.00,1.00
2018.04.26 01:03:05.788,0.77369,0.7738,1.00,1.00
2018.04.26 01:03:05.839,0.77367,0.77379,1.00,1.50
2018.04.26 01:03:06.308,0.77367,0.77377,1.00,1.00
2018.04.26 01:03:06.615,0.77368,0.77379,1.00,1.50
2018.04.26 01:03:07.313,0.77367,0.77379,1.00,1.50
2018.04.26 01:03:08.004,0.77368,0.77379,1.00,1.50
2018.04.26 01:03:08.912,0.77369,0.77379,1.00,1.00
2018.04.26 01:03:09.016,0.77369,0.77381,1.00,2.25
2018.04.26 01:03:09.221,0.77369,0.77379,1.00,1.00
2018.04.26 01:03:09.885,0.77369,0.77381,1.00,3.00
2018.04.26 01:03:10.577,0.7737,0.77381,1.00,3.00
2018.04.26 01:03:12.726,0.77369,0.77381,1.00,1.50
2018.04.26 01:03:12.777,0.77369,0.77379,1.00,1.00
2018.04.26 01:03:13.306,0.77368,0.77378,1.00,1.00
2018.04.26 01:03:13.357,0.77366,0.77377,1.00,1.00
2018.04.26 01:03:13.459,0.77365,0.77374,1.00,1.00
2018.04.26 01:03:14.922,0.77363,0.77372,1.00,1.50
2018.04.26 01:03:14.974,0.77361,0.77372,1.50,1.50
2018.04.26 01:03:15.076,0.77358,0.77369,1.50,1.00
2018.04.26 01:03:15.648,0.77358,0.77368,1.00,1.50
2018.04.26 01:03:16.113,0.77358,0.77366,1.00,1.00
2018.04.26 01:03:16.164,0.77356,0.77366,1.50,1.00
2018.04.26 01:03:16.676,0.77355,0.77366,1.50,1.00
2018.04.26 01:03:16.800,0.77353,0.77363,1.00,1.00
2018.04.26 01:03:18.305,0.77354,0.77365,1.00,2.25
2018.04.26 01:03:18.834,0.77355,0.77366,1.00,2.25
2018.04.26 01:03:19.479,0.77355,0.77365,1.00,1.00
2018.04.26 01:03:19.733,0.77357,0.77366,1.00,1.00
2018.04.26 01:03:19.786,0.77357,0.77368,1.00,2.25
2018.04.26 01:03:20.289,0.77358,0.77369,1.00,1.00
2018.04.26 01:03:20.341,0.7736,0.7737,1.00,1.00
2018.04.26 01:03:20.466,0.7736,0.77372,1.00,2.25
2018.04.26 01:03:34.696,0.77359,0.77369,1.00,1.50
2018.04.26 01:03:34.748,0.77356,0.77368,2.25,1.00
2018.04.26 01:03:36.430,0.77356,0.77367,2.25,1.00
2018.04.26 01:03:38.280,0.77356,0.77368,2.25,1.00
2018.04.26 01:03:38.788,0.77356,0.77369,3.60,1.50
2018.04.26 01:03:39.990,0.77357,0.77369,1.00,1.50
2018.04.26 01:03:41.140,0.77356,0.77368,2.85,1.00
2018.04.26 01:03:43.735,0.77355,0.77366,1.00,1.00
2018.04.26 01:03:44.268,0.77352,0.77364,1.50,1.00
2018.04.26 01:03:44.797,0.77352,0.77363,1.50,1.00
2018.04.26 01:03:45.342,0.77352,0.77362,1.00,1.00
2018.04.26 01:03:45.732,0.7735,0.77361,1.00,1.00
2018.04.26 01:03:46.276,0.77349,0.77361,2.25,1.00
2018.04.26 01:03:46.793,0.7735,0.77361,1.00,1.00
2018.04.26 01:03:47.450,0.77349,0.77361,2.25,1.00
2018.04.26 01:03:52.611,0.77349,0.7736,1.50,1.00
2018.04.26 01:03:56.125,0.77349,0.77359,1.00,1.00
2018.04.26 01:03:59.406,0.77347,0.77357,1.00,1.00
2018.04.26 01:03:59.458,0.77344,0.77355,1.50,1.35
2018.04.26 01:04:00.002,0.77343,0.77354,1.00,1.50
2018.04.26 01:04:00.522,0.77342,0.77354,1.00,1.50
2018.04.26 01:04:01.852,0.77342,0.77353,1.50,1.00
2018.04.26 01:04:02.487,0.7734,0.77352,1.00,1.00
2018.04.26 01:04:02.538,0.7734,0.77345,1.00,1.00
2018.04.26 01:04:02.589,0.77338,0.77344,1.00,1.00
2018.04.26 01:04:03.090,0.77337,0.77344,1.50,1.00
2018.04.26 01:04:03.141,0.77339,0.77344,1.00,1.00
2018.04.26 01:04:03.445,0.77337,0.77343,1.50,1.00
2018.04.26 01:04:03.599,0.77339,0.77344,1.00,1.00
2018.04.26 01:04:04.105,0.77338,0.77344,1.50,1.00
2018.04.26 01:04:05.070,0.77337,0.77343,2.25,1.00
2018.04.26 01:04:05.576,0.77337,0.77342,1.50,1.00
2018.04.26 01:04:05.932,0.77335,0.7734,1.00,1.00
2018.04.26 01:04:06.435,0.77336,0.77341,1.00,1.00
2018.04.26 01:04:07.095,0.77336,0.7734,1.00,1.00
2018.04.26 01:04:07.634,0.77335,0.7734,1.00,1.00
2018.04.26 01:04:08.361,0.77335,0.77339,1.00,1.00
2018.04.26 01:04:10.109,0.77333,0.77339,2.10,1.00
2018.04.26 01:04:10.160,0.77335,0.7734,1.00,1.00
2018.04.26 01:04:10.675,0.77334,0.7734,1.00,1.00
2018.04.26 01:04:11.716,0.77334,0.77339,1.00,1.00
2018.04.26 01:04:13.943,0.77333,0.77339,1.00,1.00
2018.04.26 01:04:14.254,0.77333,0.77337,1.00,1.00
2018.04.26 01:04:19.258,0.77332,0.77337,1.00,1.00
2018.04.26 01:04:22.439,0.77333,0.77337,1.00,1.00
2018.04.26 01:04:22.693,0.77331,0.77336,1.00,1.00
2018.04.26 01:04:23.272,0.77332,0.77337,1.00,1.00
2018.04.26 01:04:23.825,0.77331,0.77335,1.00,1.00
2018.04.26 01:04:28.390,0.77331,0.77336,1.00,1.00
2018.04.26 01:04:29.437,0.77331,0.77335,1.00,1.00
2018.04.26 01:04:36.507,0.77331,0.77336,1.50,1.00
2018.04.26 01:04:37.008,0.77331,0.77335,1.00,1.00
2018.04.26 01:04:39.472,0.77329,0.77334,1.50,1.00
2018.04.26 01:04:39.575,0.77327,0.77332,1.50,1.00
2018.04.26 01:04:40.621,0.77327,0.77333,1.50,1.00
2018.04.26 01:04:42.757,0.77328,0.77334,1.00,1.00
2018.04.26 01:04:45.054,0.77329,0.77334,1.00,1.00
2018.04.26 01:04:45.800,0.77328,0.77334,1.50,1.00
2018.04.26 01:04:53.927,0.77327,0.77334,1.50,1.00
2018.04.26 01:04:54.228,0.77326,0.7733,1.00,1.00
2018.04.26 01:04:54.760,0.77325,0.7733,1.50,1.00
2018.04.26 01:04:56.014,0.77323,0.77328,1.00,1.00
2018.04.26 01:04:56.405,0.77326,0.7733,1.00,1.00
2018.04.26 01:04:57.284,0.77323,0.77328,2.85,1.00
2018.04.26 01:04:57.803,0.77322,0.77327,1.50,1.00
2018.04.26 01:05:06.570,0.7732,0.77326,2.25,1.00
2018.04.26 01:05:06.723,0.7732,0.77325,1.50,1.00
2018.04.26 01:05:06.774,0.77318,0.77323,1.00,1.00
2018.04.26 01:05:08.055,0.77319,0.77323,1.00,1.00
2018.04.26 01:05:09.780,0.7732,0.77326,1.50,1.00
2018.04.26 01:05:10.314,0.77321,0.77327,1.50,1.00
2018.04.26 01:05:10.975,0.77321,0.77327,1.50,1.00
2018.04.26 01:05:19.421,0.7732,0.77327,3.00,1.00
2018.04.26 01:05:20.053,0.7732,0.77326,2.25,1.00
2018.04.26 01:05:21.698,0.77321,0.77327,1.50,1.00
2018.04.26 01:05:22.282,0.77322,0.77327,1.50,1.00
2018.04.26 01:05:29.246,0.77323,0.77327,1.50,1.00
2018.04.26 01:05:29.806,0.77323,0.77328,1.50,1.00
2018.04.26 01:05:29.859,0.77325,0.77329,1.00,1.00
2018.04.26 01:05:29.962,0.77328,0.77334,1.00,1.00
2018.04.26 01:05:30.014,0.7733,0.77336,2.10,1.00
2018.04.26 01:05:30.155,0.7733,0.77335,1.50,1.00
2018.04.26 01:05:30.459,0.77328,0.77333,1.50,1.00
2018.04.26 01:05:34.538,0.77327,0.77331,1.00,1.00
2018.04.26 01:05:34.692,0.77325,0.7733,1.00,1.00
2018.04.26 01:05:34.743,0.77325,0.77329,1.00,1.00
2018.04.26 01:05:34.907,0.77323,0.77328,1.50,1.00
2018.04.26 01:05:35.191,0.77323,0.77334,1.00,2.25
2018.04.26 01:05:36.138,0.77323,0.77334,1.00,3.60
2018.04.26 01:05:44.460,0.77323,0.77332,1.00,1.00
2018.04.26 01:05:45.544,0.77324,0.77329,1.50,1.00
2018.04.26 01:05:45.848,0.77325,0.77329,1.50,1.00
2018.04.26 01:05:46.082,0.77326,0.77331,1.50,1.00
2018.04.26 01:05:46.586,0.77326,0.7733,1.50,1.00
2018.04.26 01:05:53.462,0.77328,0.77332,1.00,1.00
2018.04.26 01:05:53.971,0.77327,0.77331,1.00,1.00
2018.04.26 01:05:55.121,0.77328,0.77333,1.50,1.00
2018.04.26 01:05:55.229,0.77328,0.77338,1.00,1.00
2018.04.26 01:05:55.975,0.77329,0.77341,1.00,1.00
2018.04.26 01:05:56.082,0.77329,0.77334,1.00,1.00
2018.04.26 01:05:56.347,0.7733,0.77335,2.25,1.00
2018.04.26 01:05:56.480,0.77334,0.77339,1.00,1.00
2018.04.26 01:05:56.986,0.77335,0.7734,1.00,1.00
2018.04.26 01:05:57.703,0.77334,0.77339,1.00,1.00
2018.04.26 01:05:58.592,0.77334,0.77339,2.25,1.00
2018.04.26 01:06:00.271,0.77333,0.77337,1.00,1.00
2018.04.26 01:06:04.045,0.77332,0.77342,1.00,1.00
2018.04.26 01:06:04.147,0.77331,0.77335,1.00,1.00
2018.04.26 01:06:04.786,0.7733,0.77334,1.50,1.00
2018.04.26 01:06:05.109,0.77332,0.77336,1.00,1.00
2018.04.26 01:06:05.612,0.77332,0.77336,1.50,1.00
2018.04.26 01:06:06.182,0.77333,0.77337,1.00,1.00
2018.04.26 01:06:08.361,0.77334,0.77338,1.00,1.00
2018.04.26 01:06:09.350,0.77332,0.77337,1.00,1.00
2018.04.26 01:06:09.888,0.77334,0.77338,1.00,1.00
2018.04.26 01:06:09.940,0.77332,0.77337,1.00,1.00
2018.04.26 01:06:09.992,0.77331,0.77336,2.25,1.00
2018.04.26 01:06:10.809,0.77333,0.77337,1.00,1.00
2018.04.26 01:06:11.346,0.77332,0.77337,1.50,1.00
2018.04.26 01:06:12.238,0.77333,0.77337,1.00,1.00
2018.04.26 01:06:12.788,0.77334,0.77338,1.00,1.00
2018.04.26 01:06:13.395,0.77335,0.7734,1.00,1.00
2018.04.26 01:06:14.147,0.77335,0.7734,1.50,1.00
2018.04.26 01:06:14.301,0.77334,0.77345,1.00,1.00
2018.04.26 01:06:14.353,0.77334,0.77338,1.00,1.00
2018.04.26 01:06:16.988,0.77333,0.77337,1.50,1.00
2018.04.26 01:06:20.104,0.77332,0.77337,2.25,1.00
2018.04.26 01:06:20.155,0.77333,0.77344,1.00,1.00
2018.04.26 01:06:20.455,0.77332,0.77337,2.25,1.00
2018.04.26 01:06:20.739,0.77333,0.77344,1.50,1.00
2018.04.26 01:06:20.840,0.77332,0.77337,2.25,1.00
2018.04.26 01:06:21.095,0.77333,0.77344,1.00,1.00
2018.04.26 01:06:21.340,0.77332,0.77337,2.25,1.00
2018.04.26 01:06:21.546,0.77333,0.77344,1.00,1.00
2018.04.26 01:06:23.904,0.77332,0.77344,1.50,1.50
2018.04.26 01:06:26.803,0.77332,0.77337,1.50,1.00
2018.04.26 01:06:27.315,0.77333,0.77338,1.00,1.00
2018.04.26 01:06:28.021,0.77332,0.77337,1.50,1.00
2018.04.26 01:06:31.044,0.77333,0.77338,1.00,1.00
2018.04.26 01:06:31.550,0.77332,0.77337,1.50,1.00
2018.04.26 01:06:32.193,0.77331,0.77336,1.35,1.00
2018.04.26 01:06:32.788,0.77331,0.77335,1.00,1.00
2018.04.26 01:06:35.826,0.77337,0.77344,2.10,1.00
2018.04.26 01:06:35.878,0.77335,0.77345,1.50,1.00
2018.04.26 01:06:35.929,0.77333,0.77338,2.25,1.00
2018.04.26 01:06:36.043,0.77333,0.77344,1.50,1.50
2018.04.26 01:06:36.096,0.77331,0.77342,1.50,1.35
2018.04.26 01:06:36.401,0.77329,0.77342,2.25,3.60
2018.04.26 01:06:36.916,0.77328,0.7734,1.00,2.10
2018.04.26 01:06:36.968,0.77328,0.77332,1.00,1.00
2018.04.26 01:06:37.019,0.77328,0.7734,1.00,2.10
2018.04.26 01:06:37.070,0.77328,0.77332,1.00,1.00
2018.04.26 01:06:37.521,0.77328,0.7734,1.50,2.10
2018.04.26 01:06:37.623,0.77328,0.77333,1.50,1.00
2018.04.26 01:06:38.129,0.77327,0.77332,2.25,1.00
2018.04.26 01:06:38.692,0.77327,0.7734,2.25,2.25
2018.04.26 01:06:38.744,0.77327,0.77332,2.25,1.00
2018.04.26 01:06:39.279,0.77327,0.77332,2.25,1.00
2018.04.26 01:06:39.817,0.77328,0.77332,1.00,1.00
2018.04.26 01:06:40.356,0.77327,0.77332,1.50,1.00
2018.04.26 01:06:40.864,0.77327,0.77332,1.50,1.00
2018.04.26 01:06:41.323,0.77327,0.7734,1.50,2.85
2018.04.26 01:06:41.835,0.77328,0.7734,1.00,2.10
2018.04.26 01:06:42.275,0.77327,0.77332,1.50,1.00
2018.04.26 01:06:42.786,0.77328,0.77332,1.00,1.00
2018.04.26 01:06:43.450,0.77328,0.77333,1.50,1.00
2018.04.26 01:06:44.036,0.77329,0.77334,1.50,1.00
2018.04.26 01:06:44.191,0.77327,0.7734,2.25,2.10
2018.04.26 01:06:44.243,0.77325,0.7733,2.25,1.00
2018.04.26 01:06:44.295,0.77327,0.77331,1.00,1.00
2018.04.26 01:06:44.347,0.77327,0.77338,1.00,1.00
2018.04.26 01:06:44.398,0.77327,0.77331,1.00,1.00
2018.04.26 01:06:44.450,0.77327,0.77338,1.00,1.00
2018.04.26 01:06:44.552,0.77327,0.77331,1.00,1.00
2018.04.26 01:06:44.603,0.77327,0.77338,1.00,1.00
2018.04.26 01:06:44.654,0.77327,0.77331,1.00,1.00
2018.04.26 01:06:45.187,0.77327,0.77332,1.00,1.00
2018.04.26 01:06:45.238,0.77327,0.77338,1.00,1.00
2018.04.26 01:06:45.289,0.77327,0.77332,1.00,1.00
2018.04.26 01:06:45.410,0.77327,0.77339,1.50,1.00
2018.04.26 01:06:46.745,0.77326,0.77331,1.50,1.00
2018.04.26 01:06:47.001,0.77324,0.77328,1.00,1.00
2018.04.26 01:06:47.612,0.77323,0.77327,1.00,1.00
2018.04.26 01:06:47.664,0.77321,0.77326,1.00,1.00
2018.04.26 01:06:47.716,0.77319,0.77324,3.00,1.00
2018.04.26 01:06:47.768,0.77317,0.77329,2.25,1.35
2018.04.26 01:06:47.820,0.77314,0.7732,1.50,1.00
2018.04.26 01:06:48.031,0.77315,0.77326,1.00,2.10
2018.04.26 01:06:48.352,0.77313,0.77326,1.00,2.85
2018.04.26 01:06:48.454,0.77312,0.77317,1.50,1.00
2018.04.26 01:06:48.506,0.77314,0.77318,1.00,1.00
2018.04.26 01:06:49.191,0.77315,0.77319,1.00,1.00
2018.04.26 01:06:49.731,0.77315,0.7732,1.00,1.00
2018.04.26 01:06:50.416,0.77316,0.7732,1.00,1.00
2018.04.26 01:06:51.748,0.77314,0.77319,1.00,1.00
2018.04.26 01:06:51.800,0.77313,0.77318,1.00,1.00
2018.04.26 01:06:52.423,0.77313,0.77318,1.00,1.00
2018.04.26 01:06:53.407,0.77314,0.77318,1.00,1.00
2018.04.26 01:06:53.942,0.77313,0.77318,1.00,1.00
2018.04.26 01:06:54.497,0.77313,0.77317,1.00,1.00
2018.04.26 01:06:56.290,0.77312,0.77317,1.00,1.00
2018.04.26 01:07:04.041,0.77312,0.77316,1.00,1.00
2018.04.26 01:07:07.312,0.77312,0.77319,1.50,1.00
2018.04.26 01:07:07.364,0.77314,0.77319,1.50,1.00
2018.04.26 01:07:07.753,0.77316,0.77321,1.50,1.00
2018.04.26 01:07:10.234,0.77316,0.7732,1.00,1.00
2018.04.26 01:07:15.585,0.77313,0.77322,1.00,1.00
2018.04.26 01:07:15.688,0.77312,0.77316,2.25,1.00
2018.04.26 01:07:16.118,0.77313,0.77318,1.00,1.00
2018.04.26 01:07:16.660,0.77314,0.77318,1.50,1.00
2018.04.26 01:07:17.270,0.77315,0.7732,1.00,1.00
2018.04.26 01:07:17.526,0.77314,0.77323,1.00,1.00
2018.04.26 01:07:17.836,0.77313,0.77317,1.00,1.00
2018.04.26 01:07:19.207,0.77312,0.77316,1.00,1.00
2018.04.26 01:07:19.439,0.77311,0.77321,2.25,1.00
2018.04.26 01:07:19.491,0.77315,0.77322,1.60,1.00
2018.04.26 01:07:19.594,0.77312,0.77321,1.50,1.00
2018.04.26 01:07:19.646,0.77311,0.77316,1.50,1.00
2018.04.26 01:07:20.169,0.7731,0.77315,1.00,1.00
2018.04.26 01:07:20.775,0.77311,0.77316,1.00,1.00
2018.04.26 01:07:22.196,0.77311,0.77317,1.00,1.00
2018.04.26 01:07:22.744,0.77312,0.77317,1.00,1.00
2018.04.26 01:07:23.262,0.77312,0.77316,1.00,1.00
2018.04.26 01:07:24.759,0.77316,0.77321,1.00,1.00
2018.04.26 01:07:24.810,0.77315,0.7732,1.00,1.00
2018.04.26 01:07:24.912,0.77314,0.77323,1.00,1.00
2018.04.26 01:07:25.781,0.77314,0.77322,1.00,1.00
2018.04.26 01:07:25.833,0.77311,0.77316,1.00,1.00
2018.04.26 01:07:26.435,0.7731,0.77315,1.00,1.00
2018.04.26 01:07:26.930,0.77309,0.77314,1.50,1.00
2018.04.26 01:07:27.889,0.7731,0.77315,1.00,1.00
2018.04.26 01:07:28.042,0.77313,0.77317,1.00,1.00
2018.04.26 01:07:28.195,0.77316,0.77326,1.00,1.50
2018.04.26 01:07:29.099,0.77317,0.77326,1.00,1.00
2018.04.26 01:07:29.700,0.77317,0.77327,1.00,1.00
2018.04.26 01:07:33.240,0.77316,0.77326,1.50,1.00
2018.04.26 01:07:34.590,0.77317,0.77327,1.00,1.50
2018.04.26 01:07:34.900,0.77316,0.77325,1.00,1.00
2018.04.26 01:07:34.952,0.77314,0.77324,1.50,1.00
2018.04.26 01:07:35.883,0.77315,0.77324,1.00,1.00
2018.04.26 01:07:36.467,0.77314,0.77324,2.25,1.00
2018.04.26 01:07:37.876,0.77314,0.77322,1.00,1.00
2018.04.26 01:07:38.487,0.77313,0.77322,1.00,1.00
2018.04.26 01:07:41.412,0.77313,0.77323,1.00,1.00
2018.04.26 01:07:42.110,0.77314,0.77324,1.00,1.00
2018.04.26 01:07:42.502,0.77313,0.77322,1.00,1.00
2018.04.26 01:07:42.979,0.77313,0.77324,1.00,1.00
2018.04.26 01:07:43.487,0.77313,0.77323,1.00,1.00
2018.04.26 01:07:45.730,0.77314,0.77324,1.00,1.00
2018.04.26 01:07:46.847,0.77316,0.77327,1.50,1.50
2018.04.26 01:07:48.175,0.77317,0.77327,1.00,1.00
2018.04.26 01:07:50.155,0.77319,0.77329,1.00,3.00
2018.04.26 01:07:51.341,0.7732,0.7733,1.00,1.00
2018.04.26 01:07:51.846,0.77321,0.7733,1.00,1.00
2018.04.26 01:07:52.435,0.77321,0.77329,1.00,1.00
2018.04.26 01:07:52.741,0.77319,0.77328,1.00,1.00
2018.04.26 01:07:54.853,0.77319,0.7733,1.50,1.00
2018.04.26 01:07:54.904,0.77321,0.77332,1.50,1.00
2018.04.26 01:07:55.483,0.77323,0.77332,1.00,1.00
2018.04.26 01:07:57.274,0.77323,0.77331,1.00,1.00
2018.04.26 01:07:57.830,0.77323,0.7733,1.00,1.00
2018.04.26 01:07:58.380,0.77323,0.77331,1.00,1.00
2018.04.26 01:07:59.077,0.77323,0.77332,1.00,1.00
2018.04.26 01:07:59.829,0.77323,0.77333,1.50,1.00
2018.04.26 01:08:00.362,0.77323,0.77332,1.00,1.00
2018.04.26 01:08:04.348,0.77323,0.77333,2.25,1.00
2018.04.26 01:08:04.881,0.77324,0.77333,1.00,1.00
2018.04.26 01:08:05.210,0.77325,0.77335,1.00,1.00
2018.04.26 01:08:05.362,0.77323,0.77333,1.50,1.00
2018.04.26 01:08:05.974,0.77323,0.77332,1.00,1.00
2018.04.26 01:08:07.923,0.77323,0.77333,1.50,1.00
2018.04.26 01:08:13.112,0.77325,0.77335,1.00,1.00
2018.04.26 01:08:13.901,0.77326,0.77335,1.50,1.00
2018.04.26 01:08:15.539,0.77326,0.77336,1.50,1.00
2018.04.26 01:08:17.912,0.77326,0.77335,1.00,1.00
2018.04.26 01:08:19.069,0.77327,0.77337,1.50,1.00
2018.04.26 01:08:21.620,0.7733,0.7734,1.00,1.50
2018.04.26 01:08:22.038,0.7733,0.77338,1.00,1.00
2018.04.26 01:08:22.089,0.77328,0.77338,2.25,1.00
2018.04.26 01:08:22.689,0.77329,0.77339,1.00,1.00
2018.04.26 01:08:23.196,0.77331,0.77341,1.00,1.00
2018.04.26 01:08:23.735,0.7733,0.7734,1.00,1.00
2018.04.26 01:08:24.234,0.77332,0.77342,1.00,1.00
2018.04.26 01:08:24.782,0.77331,0.77341,1.00,1.00
2018.04.26 01:08:25.387,0.77331,0.7734,1.50,1.00
2018.04.26 01:08:25.896,0.77331,0.77341,2.25,1.00
2018.04.26 01:08:26.219,0.77333,0.77342,1.00,1.00
2018.04.26 01:08:28.368,0.77333,0.77343,1.00,1.00
2018.04.26 01:08:29.434,0.77334,0.77343,1.50,1.00
2018.04.26 01:08:29.622,0.77332,0.77342,1.00,1.00
2018.04.26 01:08:30.122,0.77334,0.77346,1.50,1.00
2018.04.26 01:08:30.225,0.77336,0.77347,1.00,1.50
2018.04.26 01:08:30.787,0.77335,0.77347,1.00,1.00
2018.04.26 01:08:31.328,0.77336,0.77347,1.00,1.00
2018.04.26 01:08:32.133,0.77336,0.77348,1.00,2.10
2018.04.26 01:08:36.915,0.77336,0.77347,1.00,1.00
2018.04.26 01:08:46.769,0.77337,0.77347,1.00,1.00
2018.04.26 01:08:46.872,0.77337,0.77349,1.00,1.50
2018.04.26 01:08:47.436,0.77338,0.77348,1.00,1.00
2018.04.26 01:08:50.868,0.77336,0.77346,1.50,1.00
2018.04.26 01:08:51.022,0.77334,0.77346,1.00,1.00
2018.04.26 01:08:51.226,0.77337,0.77349,1.00,1.00
2018.04.26 01:08:51.736,0.77338,0.7735,1.00,1.50
2018.04.26 01:08:52.071,0.77335,0.77348,1.50,1.00
2018.04.26 01:08:52.254,0.77338,0.77349,1.00,1.50
2018.04.26 01:08:52.468,0.77339,0.77351,1.00,1.50
2018.04.26 01:08:52.621,0.7734,0.77353,1.50,2.10
2018.04.26 01:08:53.814,0.7734,0.77351,1.00,1.00
2018.04.26 01:08:54.365,0.7734,0.77352,1.00,1.00
2018.04.26 01:08:55.337,0.77339,0.77349,1.00,2.25
2018.04.26 01:08:55.461,0.77336,0.77348,1.50,1.00
2018.04.26 01:08:55.998,0.77336,0.77349,2.25,1.50
2018.04.26 01:08:56.303,0.77338,0.77349,1.00,1.00
2018.04.26 01:08:56.576,0.77338,0.77351,1.50,1.50
2018.04.26 01:08:57.275,0.77339,0.77351,1.00,1.00
2018.04.26 01:08:58.810,0.77342,0.77353,1.00,1.50
2018.04.26 01:08:58.912,0.77343,0.77355,1.00,1.00
2018.04.26 01:08:59.478,0.77344,0.77356,1.00,1.50
2018.04.26 01:09:01.016,0.77345,0.77356,1.00,1.50
2018.04.26 01:09:01.328,0.77343,0.77356,1.50,3.00
2018.04.26 01:09:01.430,0.77342,0.77353,1.00,1.00
2018.04.26 01:09:01.872,0.7734,0.77353,1.50,3.00
2018.04.26 01:09:01.923,0.77339,0.7735,1.00,1.00
2018.04.26 01:09:03.126,0.77337,0.7735,1.00,2.85
2018.04.26 01:09:03.634,0.77337,0.77348,1.00,1.00
2018.04.26 01:09:03.686,0.77335,0.77347,1.50,1.00
2018.04.26 01:09:04.602,0.77334,0.77345,1.50,1.00
2018.04.26 01:09:04.653,0.77335,0.77347,1.00,2.25
2018.04.26 01:09:05.179,0.77336,0.77347,1.00,1.00
2018.04.26 01:09:05.689,0.77337,0.77348,1.00,1.00
2018.04.26 01:09:06.777,0.77336,0.77348,1.00,1.00
2018.04.26 01:09:07.032,0.77335,0.77346,1.00,1.00
2018.04.26 01:09:07.513,0.77334,0.77344,1.50,1.00
2018.04.26 01:09:08.648,0.77335,0.77346,1.00,1.00
2018.04.26 01:09:09.220,0.77335,0.77347,1.00,1.50
2018.04.26 01:09:10.476,0.77334,0.77347,1.50,3.00
2018.04.26 01:09:10.567,0.77334,0.77345,1.50,1.00
2018.04.26 01:09:11.178,0.77334,0.77346,1.50,1.00
2018.04.26 01:09:15.588,0.77335,0.77346,1.00,1.00
2018.04.26 01:09:15.690,0.77332,0.77345,2.25,1.50
2018.04.26 01:09:15.742,0.77332,0.77343,1.50,1.00
2018.04.26 01:09:16.051,0.7733,0.77341,1.00,1.50
2018.04.26 01:09:16.153,0.77325,0.77337,1.00,1.50
2018.04.26 01:09:16.353,0.77325,0.77335,1.00,1.00
2018.04.26 01:09:17.257,0.77325,0.77337,1.50,1.50
2018.04.26 01:09:17.366,0.77326,0.77339,1.50,2.25
2018.04.26 01:09:18.127,0.77327,0.77339,1.00,1.00
2018.04.26 01:09:20.651,0.77328,0.77339,1.00,1.00
2018.04.26 01:09:23.067,0.77328,0.7734,2.25,1.00
2018.04.26 01:09:23.286,0.7733,0.7734,1.00,1.00
2018.04.26 01:09:23.510,0.7733,0.77342,1.50,1.50
2018.04.26 01:09:26.157,0.7733,0.7734,1.50,1.00
2018.04.26 01:09:26.362,0.77333,0.77345,1.50,1.00
2018.04.26 01:09:26.768,0.77332,0.77343,1.00,1.00
2018.04.26 01:09:27.092,0.77325,0.77337,1.50,1.50
2018.04.26 01:09:27.622,0.77325,0.77338,2.25,1.50
2018.04.26 01:09:27.824,0.77327,0.77339,1.00,1.50
2018.04.26 01:09:28.362,0.77327,0.77338,1.00,1.00
2018.04.26 01:09:30.116,0.77327,0.77339,1.50,1.00
2018.04.26 01:09:32.043,0.77327,0.7734,3.00,1.50
2018.04.26 01:09:32.379,0.77329,0.77339,1.00,1.50
2018.04.26 01:09:32.484,0.77327,0.77339,1.00,1.50
2018.04.26 01:09:33.136,0.77327,0.7734,2.25,2.25
2018.04.26 01:09:33.947,0.77328,0.7734,1.00,1.50
2018.04.26 01:09:34.539,0.77327,0.7734,2.25,1.00
2018.04.26 01:09:35.067,0.77327,0.77339,1.00,1.00
2018.04.26 01:09:35.169,0.77329,0.77341,1.50,1.50
2018.04.26 01:09:35.478,0.77334,0.77345,1.00,1.00
2018.04.26 01:09:35.529,0.77334,0.77347,2.25,2.25
2018.04.26 01:09:36.474,0.77334,0.77346,1.00,1.00
2018.04.26 01:09:36.626,0.77332,0.77345,2.25,1.50
2018.04.26 01:09:42.481,0.77333,0.77345,1.00,1.00
2018.04.26 01:09:43.928,0.77332,0.77342,1.50,1.00
2018.04.26 01:09:44.337,0.77332,0.77345,2.25,2.25
2018.04.26 01:09:45.461,0.77336,0.77347,1.50,1.00
2018.04.26 01:09:45.513,0.77337,0.77349,1.00,3.00
2018.04.26 01:09:53.734,0.77337,0.77348,1.00,1.00
2018.04.26 01:09:59.567,0.77337,0.77349,1.00,1.50
2018.04.26 01:10:05.538,0.77338,0.77349,1.50,1.00
2018.04.26 01:10:05.589,0.77338,0.77351,2.25,2.25
2018.04.26 01:10:06.359,0.77339,0.77351,1.50,1.00
2018.04.26 01:10:06.934,0.7734,0.77351,1.00,1.00
2018.04.26 01:10:10.662,0.77339,0.77351,1.50,1.00
2018.04.26 01:10:11.481,0.77339,0.7735,1.00,1.00
2018.04.26 01:10:11.635,0.77338,0.77349,1.00,2.85
2018.04.26 01:10:11.686,0.77336,0.77348,1.50,1.35
2018.04.26 01:10:11.738,0.77335,0.77344,1.00,1.00
2018.04.26 01:10:11.916,0.77333,0.77344,1.00,1.00
2018.04.26 01:10:19.539,0.77332,0.77344,1.50,1.00
2018.04.26 01:10:21.816,0.77333,0.77344,1.00,1.00
2018.04.26 01:10:21.867,0.77335,0.77345,1.00,1.00
2018.04.26 01:10:22.057,0.77337,0.77349,1.00,3.60
2018.04.26 01:10:22.231,0.77336,0.77347,1.00,1.00
2018.04.26 01:10:22.332,0.77334,0.77346,1.50,1.00
2018.04.26 01:10:24.908,0.77334,0.77345,1.00,1.50
2018.04.26 01:10:25.367,0.77332,0.77345,1.00,3.60
2018.04.26 01:10:29.831,0.77332,0.77344,1.50,1.00
2018.04.26 01:10:31.616,0.77332,0.77345,2.25,3.60
2018.04.26 01:10:32.118,0.77333,0.77345,1.50,1.50
2018.04.26 01:10:32.631,0.77334,0.77345,1.00,1.35
2018.04.26 01:10:32.902,0.77335,0.77347,1.50,1.50
2018.04.26 01:10:33.441,0.77336,0.77347,1.00,1.50
2018.04.26 01:10:34.588,0.77335,0.77347,1.50,1.50
2018.04.26 01:10:40.025,0.77336,0.77347,1.00,1.00
2018.04.26 01:10:40.356,0.77336,0.77349,2.25,3.60
2018.04.26 01:10:46.976,0.77337,0.77349,1.00,2.10
2018.04.26 01:10:49.589,0.77336,0.77349,1.50,2.10
2018.04.26 01:10:56.111,0.77337,0.77349,1.00,1.50
2018.04.26 01:10:56.689,0.7734,0.7735,1.00,1.00
2018.04.26 01:10:56.740,0.7734,0.77352,1.00,2.85
2018.04.26 01:10:56.947,0.77339,0.77351,2.25,1.60
2018.04.26 01:10:57.702,0.77339,0.77351,1.50,1.00
2018.04.26 01:10:58.008,0.77341,0.77353,2.25,1.35
2018.04.26 01:10:58.724,0.77343,0.77354,1.00,1.35
2018.04.26 01:10:59.237,0.77343,0.77355,1.50,1.00
2018.04.26 01:11:04.497,0.77343,0.77356,2.25,2.85
2018.04.26 01:11:05.179,0.77344,0.77356,1.00,1.35
2018.04.26 01:11:09.267,0.77345,0.77356,1.00,1.35
2018.04.26 01:11:09.838,0.77344,0.77356,1.00,1.35
2018.04.26 01:11:10.362,0.77345,0.77357,1.50,2.85
2018.04.26 01:11:10.671,0.77351,0.77362,1.50,1.00
2018.04.26 01:11:15.909,0.77351,0.77364,2.25,2.85
2018.04.26 01:11:16.114,0.77353,0.77364,1.50,1.00
2018.04.26 01:11:16.217,0.77354,0.77366,1.50,3.60
2018.04.26 01:11:16.869,0.77354,0.77367,3.00,1.50
2018.04.26 01:11:16.924,0.77354,0.77364,1.50,1.00
2018.04.26 01:11:17.027,0.77352,0.77364,1.00,1.50
2018.04.26 01:11:17.486,0.77351,0.77362,1.50,1.50
2018.04.26 01:11:17.588,0.77349,0.77362,2.25,1.50
2018.04.26 01:11:17.766,0.77351,0.77362,1.00,1.50
2018.04.26 01:11:18.074,0.77353,0.77364,1.50,1.00
2018.04.26 01:11:18.191,0.77353,0.77366,1.50,2.25
2018.04.26 01:11:18.853,0.77354,0.77366,1.00,1.50
2018.04.26 01:11:19.387,0.77354,0.77367,1.50,2.10
2018.04.26 01:11:19.491,0.77353,0.77364,1.50,1.00
2018.04.26 01:11:19.696,0.77351,0.77363,1.00,4.35
2018.04.26 01:11:20.605,0.7735,0.77363,1.00,4.35
2018.04.26 01:11:22.464,0.77351,0.77363,1.00,2.85
2018.04.26 01:11:24.426,0.77351,0.77361,1.00,3.60
2018.04.26 01:11:24.478,0.77349,0.77361,1.50,3.60
2018.04.26 01:11:24.991,0.77348,0.7736,1.50,2.10
2018.04.26 01:11:25.521,0.77348,0.77361,2.25,3.60
2018.04.26 01:11:26.169,0.77348,0.7736,2.25,2.10
2018.04.26 01:11:27.789,0.77348,0.77359,1.00,1.00
2018.04.26 01:11:30.096,0.77348,0.7736,2.25,1.50
2018.04.26 01:11:30.849,0.77349,0.77361,1.00,3.60
2018.04.26 01:11:32.173,0.77349,0.7736,1.00,1.00
2018.04.26 01:11:32.719,0.77348,0.7736,2.25,1.35
2018.04.26 01:11:32.872,0.77347,0.77357,1.00,1.60
2018.04.26 01:11:32.987,0.77348,0.77358,1.00,2.10
2018.04.26 01:11:33.393,0.77349,0.7736,1.50,1.00
2018.04.26 01:11:33.495,0.77351,0.77363,1.00,3.60
2018.04.26 01:11:34.009,0.77352,0.77363,1.00,1.00
2018.04.26 01:11:34.569,0.77352,0.77364,1.50,1.50
2018.04.26 01:11:35.155,0.77352,0.77365,1.50,2.85
2018.04.26 01:11:35.834,0.77353,0.77365,1.00,2.10
2018.04.26 01:11:37.983,0.77352,0.77365,1.50,2.85
2018.04.26 01:11:39.507,0.77353,0.77365,1.00,2.85
2018.04.26 01:11:40.149,0.77352,0.77365,1.50,2.85
2018.04.26 01:11:40.866,0.77353,0.77365,1.00,2.85
2018.04.26 01:11:42.421,0.77352,0.77365,1.50,2.85
2018.04.26 01:11:42.722,0.7735,0.77362,1.50,1.00
2018.04.26 01:11:47.066,0.7735,0.77361,1.00,1.00
2018.04.26 01:11:48.952,0.77351,0.77361,1.00,1.00
2018.04.26 01:11:49.454,0.7735,0.77361,1.00,1.00
2018.04.26 01:11:50.758,0.77351,0.77361,1.00,1.00
2018.04.26 01:11:50.913,0.77352,0.77364,1.00,3.00
2018.04.26 01:11:52.611,0.77351,0.77362,1.50,1.00
2018.04.26 01:11:53.141,0.77349,0.77361,1.00,1.00
2018.04.26 01:11:55.525,0.77349,0.7736,1.00,1.00
2018.04.26 01:11:55.990,0.77347,0.77359,1.50,1.50
2018.04.26 01:12:01.342,0.77346,0.77357,1.00,1.00
2018.04.26 01:12:01.657,0.77344,0.77355,1.00,1.50
2018.04.26 01:12:01.963,0.77342,0.77353,1.00,1.00
2018.04.26 01:12:02.485,0.77341,0.77353,1.50,1.00
2018.04.26 01:12:03.383,0.77341,0.77352,1.50,1.00
2018.04.26 01:12:08.498,0.7734,0.77352,1.00,1.00
2018.04.26 01:12:08.808,0.77336,0.77347,1.50,1.00
2018.04.26 01:12:09.340,0.77335,0.77347,1.50,1.00
2018.04.26 01:12:10.383,0.77336,0.77348,1.00,1.50
2018.04.26 01:12:10.537,0.77334,0.77347,1.00,1.50
2018.04.26 01:12:10.641,0.77334,0.77345,1.00,1.00
2018.04.26 01:12:11.142,0.77335,0.77345,1.00,1.00
2018.04.26 01:12:11.244,0.77335,0.77347,1.50,1.00
2018.04.26 01:12:12.676,0.77335,0.77348,1.50,1.00
2018.04.26 01:12:15.589,0.77335,0.77347,1.50,1.00
2018.04.26 01:12:16.513,0.77337,0.77347,1.00,1.00
2018.04.26 01:12:17.207,0.77338,0.77348,1.00,1.50
2018.04.26 01:12:17.796,0.77338,0.77346,1.00,1.00
2018.04.26 01:12:17.899,0.77336,0.77346,1.50,1.00
2018.04.26 01:12:18.454,0.77338,0.77347,1.00,1.00
2018.04.26 01:12:19.588,0.77338,0.77346,1.00,1.00
2018.04.26 01:12:20.090,0.77338,0.77347,1.00,1.50
2018.04.26 01:12:20.434,0.77336,0.77345,1.00,1.00
2018.04.26 01:12:21.539,0.77336,0.77346,1.00,1.35
2018.04.26 01:12:25.332,0.77336,0.77345,1.00,1.00
2018.04.26 01:12:26.102,0.77334,0.77345,1.00,1.00
2018.04.26 01:12:29.673,0.77336,0.77347,1.00,1.60
2018.04.26 01:12:29.724,0.77338,0.77349,1.00,1.50
2018.04.26 01:12:29.775,0.77341,0.77349,1.00,1.00
2018.04.26 01:12:29.827,0.77339,0.77349,1.00,1.00
2018.04.26 01:12:30.364,0.7734,0.77351,1.00,1.60
2018.04.26 01:12:34.127,0.77337,0.7735,2.25,2.10
2018.04.26 01:12:34.642,0.77337,0.77349,2.25,1.00
2018.04.26 01:12:44.637,0.77338,0.7735,1.00,2.10
2018.04.26 01:12:45.539,0.77337,0.7735,2.25,2.10
2018.04.26 01:12:47.315,0.77338,0.7735,1.00,1.35
2018.04.26 01:12:47.896,0.77339,0.7735,1.00,1.00
2018.04.26 01:13:00.815,0.77338,0.7735,1.50,1.00
2018.04.26 01:13:01.132,0.7734,0.7735,1.00,1.00
2018.04.26 01:13:01.761,0.77338,0.7735,2.25,1.00
2018.04.26 01:13:20.732,0.77338,0.77349,1.00,1.00
2018.04.26 01:13:21.263,0.77337,0.77349,1.50,1.35
2018.04.26 01:13:26.261,0.77338,0.77349,1.00,1.35
2018.04.26 01:13:26.857,0.77338,0.7735,1.50,1.50
2018.04.26 01:13:34.098,0.77339,0.77351,1.00,1.00
2018.04.26 01:13:34.937,0.77339,0.77352,2.10,2.25
2018.04.26 01:13:41.935,0.77339,0.77351,2.10,1.50
2018.04.26 01:13:45.620,0.77339,0.7735,1.00,1.00
2018.04.26 01:13:52.363,0.77339,0.77351,1.50,1.50
2018.04.26 01:13:52.866,0.77338,0.7735,2.85,1.00
2018.04.26 01:13:53.669,0.77338,0.77351,2.85,2.25
2018.04.26 01:13:56.166,0.77338,0.7735,2.85,1.00
2018.04.26 01:13:56.700,0.77338,0.77348,1.00,1.00
2018.04.26 01:13:57.006,0.77336,0.77347,1.00,1.00
2018.04.26 01:13:57.263,0.77338,0.77349,1.00,1.00
2018.04.26 01:13:57.799,0.77338,0.7735,1.00,1.00
2018.04.26 01:14:00.589,0.77338,0.77351,1.50,1.50
2018.04.26 01:14:04.390,0.77338,0.7735,1.50,1.00
2018.04.26 01:14:04.899,0.77339,0.77351,1.00,1.50
2018.04.26 01:14:11.649,0.77336,0.77347,1.35,1.00
2018.04.26 01:14:12.194,0.77336,0.77346,1.00,1.00
2018.04.26 01:14:13.656,0.77334,0.77346,2.25,1.00
2018.04.26 01:14:14.866,0.77334,0.77345,1.50,2.10
2018.04.26 01:14:14.994,0.77334,0.77343,1.00,1.00
2018.04.26 01:14:15.046,0.77332,0.77344,1.00,2.25
2018.04.26 01:14:16.896,0.77331,0.77342,1.50,1.00
2018.04.26 01:14:17.406,0.77331,0.77341,1.00,1.50
2018.04.26 01:14:18.135,0.77331,0.77342,1.00,1.00
2018.04.26 01:14:18.642,0.77329,0.7734,1.00,1.00
2018.04.26 01:14:18.905,0.77327,0.77339,1.00,1.50
2018.04.26 01:14:19.456,0.77327,0.77338,1.00,1.50
2018.04.26 01:14:25.522,0.77325,0.77336,1.00,1.50
2018.04.26 01:14:26.118,0.77324,0.77335,1.00,1.00
2018.04.26 01:14:27.629,0.77323,0.77335,1.50,2.25
2018.04.26 01:14:29.610,0.77323,0.77334,1.00,2.25
2018.04.26 01:14:30.526,0.77321,0.77334,1.50,3.00
2018.04.26 01:14:31.468,0.77321,0.77333,1.00,1.00
2018.04.26 01:14:31.573,0.7732,0.77331,1.00,1.00
2018.04.26 01:14:32.066,0.77318,0.77331,1.50,2.25
2018.04.26 01:14:32.419,0.77317,0.77329,1.00,1.50
2018.04.26 01:14:37.466,0.77318,0.77329,1.00,1.00
2018.04.26 01:14:38.683,0.77319,0.77331,1.00,1.00
2018.04.26 01:14:38.735,0.77321,0.77332,1.00,1.00
2018.04.26 01:14:38.853,0.77322,0.77334,1.00,1.50
2018.04.26 01:14:39.211,0.7732,0.77331,1.50,1.00
2018.04.26 01:14:40.223,0.77321,0.77331,1.00,1.00
2018.04.26 01:14:40.547,0.77323,0.77333,1.00,1.00
2018.04.26 01:14:40.702,0.77321,0.77333,1.00,1.50
2018.04.26 01:14:41.255,0.7732,0.77332,1.50,1.50
2018.04.26 01:14:42.002,0.77321,0.77332,1.00,1.00
2018.04.26 01:14:42.522,0.7732,0.77332,1.50,1.00
2018.04.26 01:14:42.975,0.77322,0.77332,1.00,1.00
2018.04.26 01:14:46.126,0.77322,0.77333,1.00,1.00
2018.04.26 01:14:50.334,0.77321,0.77333,1.00,1.50
2018.04.26 01:14:50.849,0.77322,0.77333,1.00,1.50
2018.04.26 01:14:52.018,0.77321,0.77333,1.00,1.50
2018.04.26 01:14:53.415,0.77321,0.77334,1.50,1.50
2018.04.26 01:14:53.803,0.77326,0.77335,1.00,1.00
2018.04.26 01:14:53.856,0.77326,0.77337,1.00,2.25
2018.04.26 01:14:53.909,0.77323,0.77336,2.25,1.50
2018.04.26 01:14:54.580,0.77323,0.77335,1.50,2.25
2018.04.26 01:14:55.272,0.77323,0.77334,1.00,1.00
2018.04.26 01:14:57.090,0.77324,0.77334,1.00,1.00
2018.04.26 01:14:57.192,0.77321,0.77333,1.50,1.60
2018.04.26 01:14:57.294,0.77321,0.7733,1.00,1.60
2018.04.26 01:14:57.346,0.77316,0.77328,2.25,2.25
2018.04.26 01:15:00.147,0.77318,0.77328,1.00,1.50
2018.04.26 01:15:00.199,0.77319,0.7733,1.00,1.50
2018.04.26 01:15:00.456,0.7732,0.77332,1.00,2.25
2018.04.26 01:15:00.508,0.77317,0.77329,1.00,1.35
2018.04.26 01:15:00.834,0.77314,0.77323,1.00,1.00
2018.04.26 01:15:00.886,0.77314,0.77325,1.00,2.25
2018.04.26 01:15:01.393,0.77315,0.77325,1.00,1.00
2018.04.26 01:15:01.635,0.77317,0.77325,1.00,1.00
2018.04.26 01:15:01.686,0.77317,0.77327,1.00,1.00
2018.04.26 01:15:02.195,0.77318,0.77328,1.00,1.00
2018.04.26 01:15:02.703,0.77317,0.77328,1.00,1.00
2018.04.26 01:15:02.972,0.77314,0.77326,1.00,1.00
2018.04.26 01:15:03.522,0.77314,0.77325,1.00,1.00
2018.04.26 01:15:05.445,0.77313,0.77325,1.50,1.00
2018.04.26 01:15:06.171,0.77314,0.77325,1.00,1.00
2018.04.26 01:15:06.825,0.77313,0.77325,1.50,1.00
2018.04.26 01:15:07.093,0.77315,0.77325,1.00,1.00
2018.04.26 01:15:07.819,0.77315,0.77326,1.00,1.50
2018.04.26 01:15:11.585,0.77313,0.77324,1.00,1.00
2018.04.26 01:15:11.890,0.77311,0.77322,1.00,1.00
2018.04.26 01:15:15.823,0.77312,0.77322,1.00,1.00
2018.04.26 01:15:15.875,0.7731,0.77322,1.50,1.00
2018.04.26 01:15:15.926,0.77313,0.77323,1.00,1.50
2018.04.26 01:15:15.978,0.7731,0.77322,1.00,1.00
2018.04.26 01:15:16.030,0.77313,0.77323,1.00,1.00
2018.04.26 01:15:16.183,0.77311,0.77322,1.50,1.00
2018.04.26 01:15:16.384,0.77309,0.77319,1.00,1.50
2018.04.26 01:15:16.487,0.77306,0.77317,1.00,1.00
2018.04.26 01:15:17.062,0.77305,0.77317,1.50,2.25
2018.04.26 01:15:17.235,0.77303,0.77313,1.50,1.00
2018.04.26 01:15:17.441,0.77304,0.77315,1.00,1.50
2018.04.26 01:15:18.055,0.77303,0.77314,1.00,1.00
2018.04.26 01:15:18.210,0.77303,0.77316,1.50,1.50
2018.04.26 01:15:18.747,0.77303,0.77315,1.50,1.00
2018.04.26 01:15:19.294,0.77302,0.77314,1.50,1.00
2018.04.26 01:15:19.448,0.77304,0.77314,1.00,1.00
2018.04.26 01:15:19.550,0.77305,0.77316,1.00,1.00
2018.04.26 01:15:19.971,0.77303,0.77313,1.00,1.00
2018.04.26 01:15:20.123,0.77304,0.77315,1.00,1.00
2018.04.26 01:15:20.285,0.77302,0.77314,1.00,1.50
2018.04.26 01:15:20.391,0.77301,0.77312,1.00,1.00
2018.04.26 01:15:20.543,0.77299,0.77311,1.50,1.00
2018.04.26 01:15:20.644,0.77299,0.77309,1.50,1.00
2018.04.26 01:15:20.990,0.77301,0.77311,1.00,1.00
2018.04.26 01:15:21.193,0.77299,0.7731,1.00,1.00
2018.04.26 01:15:21.345,0.77297,0.77309,1.00,1.00
2018.04.26 01:15:22.125,0.77297,0.77308,1.00,1.00
2018.04.26 01:15:22.760,0.77296,0.77306,1.00,1.00
2018.04.26 01:15:22.863,0.77294,0.77306,1.50,1.00
2018.04.26 01:15:22.915,0.77296,0.77307,1.00,1.00
2018.04.26 01:15:23.488,0.77297,0.77308,1.00,1.00
2018.04.26 01:15:24.023,0.77297,0.77307,1.00,1.00
2018.04.26 01:15:24.688,0.77297,0.77308,1.00,1.00
2018.04.26 01:15:25.631,0.77296,0.77308,1.50,1.00
2018.04.26 01:15:25.937,0.77294,0.77305,1.00,1.00
2018.04.26 01:15:26.400,0.77293,0.77303,1.00,1.00
2018.04.26 01:15:26.936,0.77293,0.77302,1.00,1.00
2018.04.26 01:15:27.987,0.77292,0.77302,1.00,1.00
2018.04.26 01:15:28.140,0.7729,0.77301,1.00,1.00
2018.04.26 01:15:28.661,0.7729,0.773,1.00,1.00
2018.04.26 01:15:29.208,0.77291,0.77301,1.00,1.00
2018.04.26 01:15:29.616,0.77292,0.77303,1.00,1.00
2018.04.26 01:15:30.192,0.77293,0.77303,1.00,1.00
2018.04.26 01:15:30.345,0.77294,0.77305,1.00,1.00
2018.04.26 01:15:30.902,0.77295,0.77305,1.00,1.00
2018.04.26 01:15:31.124,0.77296,0.77307,1.00,1.50
2018.04.26 01:15:31.466,0.77298,0.77309,1.00,1.50
2018.04.26 01:15:33.870,0.77299,0.77309,1.00,1.00
2018.04.26 01:15:34.613,0.77299,0.7731,1.00,1.00
2018.04.26 01:15:35.237,0.77298,0.7731,1.00,1.00
2018.04.26 01:15:37.495,0.77299,0.7731,1.00,1.00
2018.04.26 01:15:38.953,0.77298,0.7731,1.00,1.00
2018.04.26 01:15:39.209,0.77299,0.77312,1.00,1.50
2018.04.26 01:15:39.763,0.773,0.77312,1.00,1.00
2018.04.26 01:15:40.024,0.77299,0.7731,1.00,1.00
2018.04.26 01:15:40.370,0.77304,0.77315,1.00,1.50
2018.04.26 01:15:40.798,0.77304,0.77313,1.00,1.00
2018.04.26 01:15:40.901,0.77302,0.77312,1.00,1.00
2018.04.26 01:15:41.968,0.77301,0.77312,1.50,1.00
2018.04.26 01:15:43.352,0.77302,0.77312,1.00,1.50
2018.04.26 01:15:43.716,0.77302,0.77314,1.00,1.00
2018.04.26 01:15:44.298,0.77302,0.77313,1.00,1.00
2018.04.26 01:15:44.832,0.77302,0.77312,1.00,1.00
2018.04.26 01:15:45.361,0.77302,0.77313,1.00,1.00
2018.04.26 01:15:46.191,0.77303,0.77314,1.00,1.00
2018.04.26 01:15:46.243,0.77304,0.77316,2.25,1.50
2018.04.26 01:15:46.894,0.77305,0.77316,1.00,1.00
2018.04.26 01:15:47.470,0.77303,0.77314,1.00,1.00
2018.04.26 01:15:47.573,0.77301,0.77313,1.00,1.00
2018.04.26 01:15:48.063,0.77303,0.77314,1.50,1.00
2018.04.26 01:15:48.381,0.77305,0.77316,1.00,1.00
2018.04.26 01:15:50.582,0.77304,0.77316,1.50,2.25
2018.04.26 01:15:51.110,0.77305,0.77316,1.00,1.50
2018.04.26 01:15:51.491,0.77303,0.77314,1.00,1.50
2018.04.26 01:15:51.699,0.77299,0.77311,2.25,1.00
2018.04.26 01:15:52.256,0.77299,0.7731,1.50,1.00
2018.04.26 01:15:52.673,0.77301,0.77312,1.00,1.00
2018.04.26 01:15:54.338,0.773,0.77312,1.50,1.00
2018.04.26 01:15:54.952,0.77302,0.77313,1.00,1.50
2018.04.26 01:15:55.611,0.773,0.77312,1.00,2.25
2018.04.26 01:15:55.663,0.773,0.7731,1.00,1.00
2018.04.26 01:15:56.219,0.77299,0.7731,1.00,1.50
2018.04.26 01:15:56.798,0.77297,0.77307,1.00,1.00
2018.04.26 01:15:57.122,0.77298,0.77309,1.00,2.25
2018.04.26 01:15:58.122,0.77298,0.7731,1.00,3.00
2018.04.26 01:15:58.361,0.773,0.7731,1.00,1.00
2018.04.26 01:15:58.618,0.77303,0.77314,1.00,1.00
2018.04.26 01:15:59.168,0.77304,0.77315,1.00,1.00
2018.04.26 01:16:00.082,0.77304,0.77316,1.00,1.50
2018.04.26 01:16:00.687,0.77303,0.77316,2.25,1.50
2018.04.26 01:16:01.377,0.77305,0.77316,1.00,1.00
2018.04.26 01:16:01.480,0.77306,0.77318,2.85,1.00
2018.04.26 01:16:02.008,0.77306,0.77317,2.10,1.00
2018.04.26 01:16:02.773,0.77306,0.77318,2.85,1.50
2018.04.26 01:16:03.375,0.77306,0.77319,2.85,1.50
2018.04.26 01:16:04.588,0.77307,0.77319,1.00,1.50
2018.04.26 01:16:08.598,0.77308,0.77319,1.00,1.50
2018.04.26 01:16:08.851,0.77312,0.77323,1.50,1.00
2018.04.26 01:16:09.056,0.77314,0.77327,2.85,3.00
2018.04.26 01:16:09.963,0.77315,0.77327,1.00,1.00
2018.04.26 01:16:10.014,0.77317,0.77328,1.50,1.00
2018.04.26 01:16:10.167,0.77317,0.7733,2.10,2.25
2018.04.26 01:16:10.789,0.77318,0.7733,1.00,2.25
2018.04.26 01:16:11.287,0.7732,0.77331,1.00,1.00
2018.04.26 01:16:13.240,0.7732,0.77332,1.00,2.25
2018.04.26 01:16:14.871,0.7732,0.77331,1.00,1.00
2018.04.26 01:16:15.512,0.77319,0.77331,1.35,1.50
2018.04.26 01:16:16.137,0.77319,0.7733,1.35,1.00
2018.04.26 01:16:18.779,0.7732,0.7733,1.00,1.00
2018.04.26 01:16:18.984,0.77323,0.77334,1.00,1.00
2018.04.26 01:16:19.541,0.77323,0.77335,1.00,1.50
2018.04.26 01:16:25.869,0.77322,0.77334,1.00,1.50
2018.04.26 01:16:26.021,0.77321,0.77332,1.50,1.00
2018.04.26 01:16:26.123,0.77322,0.77334,1.50,1.50
2018.04.26 01:16:26.326,0.77324,0.77335,1.00,1.00
2018.04.26 01:16:26.459,0.77324,0.77337,1.50,2.25
2018.04.26 01:16:26.510,0.77326,0.77337,1.00,1.00
2018.04.26 01:16:27.822,0.77325,0.77337,1.00,1.00
2018.04.26 01:16:28.161,0.77322,0.77333,1.50,1.00
2018.04.26 01:16:28.263,0.77323,0.77335,1.00,1.00
2018.04.26 01:16:28.722,0.77325,0.77336,1.00,1.50
2018.04.26 01:16:29.292,0.77325,0.77337,1.00,1.50
2018.04.26 01:16:30.538,0.77326,0.77338,1.00,3.00
2018.04.26 01:16:31.197,0.77327,0.77338,1.00,1.00
2018.04.26 01:16:34.104,0.77328,0.77341,1.00,2.25
2018.04.26 01:16:34.587,0.7733,0.77342,1.00,1.00
2018.04.26 01:16:35.616,0.77331,0.77342,1.50,1.00
2018.04.26 01:16:35.922,0.77333,0.77344,1.50,1.00
2018.04.26 01:16:39.185,0.77332,0.77343,1.00,1.00
2018.04.26 01:16:39.236,0.7733,0.77342,1.00,1.00
2018.04.26 01:16:39.540,0.77334,0.77344,1.00,1.00
2018.04.26 01:16:40.164,0.77333,0.77344,1.00,1.00
2018.04.26 01:16:40.665,0.77334,0.77344,1.00,1.00
2018.04.26 01:16:42.508,0.77333,0.77344,1.00,1.50
2018.04.26 01:16:44.296,0.77332,0.77344,1.35,1.50
2018.04.26 01:16:44.822,0.77332,0.77343,1.35,1.00
2018.04.26 01:16:47.428,0.77332,0.77344,1.35,1.50
2018.04.26 01:16:49.539,0.77333,0.77344,1.00,1.00
2018.04.26 01:16:51.959,0.77333,0.77343,1.00,1.00
2018.04.26 01:16:52.638,0.77331,0.77343,1.60,1.00
2018.04.26 01:16:53.242,0.7733,0.77342,1.60,2.25
2018.04.26 01:16:53.845,0.77329,0.77341,3.60,1.50
2018.04.26 01:16:53.990,0.77329,0.77341,2.10,1.50
2018.04.26 01:16:55.876,0.7733,0.77341,1.00,1.00
2018.04.26 01:16:56.496,0.7733,0.77342,1.00,1.50
2018.04.26 01:16:57.046,0.77331,0.77342,1.00,1.00
2018.04.26 01:17:04.588,0.7733,0.77342,1.50,1.00
2018.04.26 01:17:04.739,0.77328,0.7734,3.60,1.00
2018.04.26 01:17:05.305,0.7733,0.77341,1.50,1.00
2018.04.26 01:17:05.848,0.77329,0.7734,1.60,1.00
2018.04.26 01:17:06.019,0.77328,0.7734,2.10,1.50
2018.04.26 01:17:06.122,0.77327,0.77338,2.10,1.00
2018.04.26 01:17:06.673,0.77328,0.77337,1.00,1.00
2018.04.26 01:17:07.232,0.77328,0.77338,2.25,1.00
2018.04.26 01:17:07.754,0.77329,0.77339,1.00,1.00
2018.04.26 01:17:08.250,0.77331,0.77339,1.00,1.00
2018.04.26 01:17:08.937,0.77331,0.7734,1.00,1.00
2018.04.26 01:17:09.528,0.77331,0.77341,1.50,1.50
2018.04.26 01:17:10.186,0.77332,0.77341,1.00,1.00
2018.04.26 01:17:11.345,0.77332,0.77342,1.00,1.00
2018.04.26 01:17:19.569,0.77331,0.77342,1.50,1.00
2018.04.26 01:17:24.362,0.77331,0.77342,2.10,1.00
2018.04.26 01:17:24.637,0.77333,0.77344,1.00,1.00
2018.04.26 01:17:24.795,0.77332,0.77342,1.50,1.00
2018.04.26 01:17:25.402,0.77332,0.77341,1.50,1.00
2018.04.26 01:17:32.076,0.77331,0.77341,1.00,1.00
2018.04.26 01:17:34.088,0.7733,0.77341,2.10,1.00
2018.04.26 01:17:35.103,0.77331,0.77341,1.00,1.00
2018.04.26 01:17:36.403,0.77329,0.77341,2.10,1.50
2018.04.26 01:17:36.978,0.77329,0.7734,1.60,1.00
2018.04.26 01:17:37.029,0.77328,0.77339,1.35,1.50
2018.04.26 01:17:37.429,0.77326,0.77338,1.00,2.25
2018.04.26 01:17:43.457,0.77327,0.77338,1.00,1.50
2018.04.26 01:17:44.727,0.77329,0.77338,1.00,1.50
2018.04.26 01:17:44.829,0.77329,0.7734,1.35,2.25
2018.04.26 01:17:45.342,0.7733,0.77341,1.00,1.00
2018.04.26 01:17:48.521,0.7733,0.77342,1.00,2.25
2018.04.26 01:17:49.307,0.77329,0.77341,2.85,1.50
2018.04.26 01:17:49.854,0.7733,0.77341,1.00,1.00
2018.04.26 01:17:51.597,0.77331,0.77341,1.00,1.00
2018.04.26 01:17:55.425,0.77331,0.77342,1.00,1.50
2018.04.26 01:17:56.049,0.77332,0.77342,1.00,1.50
2018.04.26 01:17:56.278,0.77334,0.77342,1.00,1.00
2018.04.26 01:17:56.430,0.77334,0.77344,1.00,1.00
2018.04.26 01:17:59.364,0.77334,0.77345,1.00,1.00
2018.04.26 01:18:00.111,0.77334,0.77344,1.00,1.00
2018.04.26 01:18:00.213,0.77332,0.77344,2.10,1.00
2018.04.26 01:18:00.734,0.77332,0.77343,2.10,1.00
2018.04.26 01:18:01.288,0.77332,0.77344,2.10,1.00
2018.04.26 01:18:02.401,0.77332,0.77343,1.35,1.00
2018.04.26 01:18:02.452,0.77331,0.77339,1.00,1.00
2018.04.26 01:18:02.506,0.77329,0.77339,1.50,1.00
2018.04.26 01:18:03.317,0.77329,0.7734,2.25,1.50
2018.04.26 01:18:04.630,0.77329,0.77339,2.25,1.00
2018.04.26 01:18:04.733,0.77327,0.77337,1.00,1.00
2018.04.26 01:18:05.068,0.77322,0.77331,1.00,1.00
2018.04.26 01:18:05.594,0.77321,0.77331,1.50,1.00
2018.04.26 01:18:06.262,0.7732,0.77331,1.00,2.25
2018.04.26 01:18:06.567,0.77315,0.77325,1.00,1.00
2018.04.26 01:18:07.672,0.77314,0.77325,1.00,1.00
2018.04.26 01:18:08.224,0.77313,0.77324,1.50,1.00
2018.04.26 01:18:08.381,0.77311,0.77323,1.00,2.25
2018.04.26 01:18:08.434,0.77308,0.7732,1.00,1.50
2018.04.26 01:18:08.902,0.77305,0.77317,1.00,1.50
2018.04.26 01:18:09.233,0.77304,0.77315,1.00,1.00
2018.04.26 01:18:09.336,0.77301,0.77313,1.00,1.00
2018.04.26 01:18:09.846,0.77302,0.77313,1.50,1.00
2018.04.26 01:18:09.949,0.773,0.77312,1.50,1.50
2018.04.26 01:18:10.206,0.77303,0.77315,1.00,1.00
2018.04.26 01:18:10.713,0.77303,0.77314,1.00,1.00
2018.04.26 01:18:10.917,0.773,0.77312,1.00,1.50
2018.04.26 01:18:11.358,0.77302,0.77313,1.50,1.00
2018.04.26 01:18:11.920,0.77301,0.77312,1.50,1.00
2018.04.26 01:18:12.438,0.77301,0.77311,1.50,1.00
2018.04.26 01:18:12.711,0.77302,0.77313,1.00,1.00
2018.04.26 01:18:13.240,0.77301,0.77312,1.00,1.50
2018.04.26 01:18:13.686,0.77303,0.77312,1.00,1.50
2018.04.26 01:18:13.840,0.77303,0.77314,1.00,1.50
2018.04.26 01:18:15.555,0.77302,0.77313,1.00,1.50
2018.04.26 01:18:16.217,0.77302,0.77314,1.50,2.25
2018.04.26 01:18:16.532,0.77304,0.77315,1.50,1.00
2018.04.26 01:18:16.636,0.77304,0.77317,1.50,1.50
2018.04.26 01:18:17.157,0.77305,0.77317,1.00,1.50
2018.04.26 01:18:17.672,0.77304,0.77317,2.25,2.25
2018.04.26 01:18:17.876,0.77303,0.77314,1.50,1.00
2018.04.26 01:18:18.787,0.77304,0.77314,1.00,1.00
2018.04.26 01:18:18.842,0.77305,0.77317,1.00,1.50
2018.04.26 01:18:19.301,0.77305,0.77315,1.00,1.00
2018.04.26 01:18:19.353,0.77303,0.77315,1.50,1.50
2018.04.26 01:18:19.455,0.77305,0.77317,1.00,1.00
2018.04.26 01:18:19.766,0.77309,0.7732,1.00,1.50
2018.04.26 01:18:19.870,0.77311,0.77323,1.00,4.35
2018.04.26 01:18:20.664,0.77313,0.77324,1.00,1.00
2018.04.26 01:18:20.970,0.77316,0.77326,1.00,1.00
2018.04.26 01:18:21.174,0.77317,0.77328,1.50,1.00
2018.04.26 01:18:21.716,0.77318,0.77329,1.00,1.50
2018.04.26 01:18:22.214,0.77316,0.77328,2.25,1.00
2018.04.26 01:18:22.316,0.77315,0.77326,1.00,1.50
2018.04.26 01:18:22.909,0.77314,0.77325,1.50,1.00
2018.04.26 01:18:23.115,0.77311,0.77323,1.00,1.50
2018.04.26 01:18:23.620,0.77312,0.77323,1.00,1.50
2018.04.26 01:18:26.114,0.77313,0.77323,1.00,1.00
2018.04.26 01:18:26.677,0.77313,0.77325,1.50,2.25
2018.04.26 01:18:27.200,0.77313,0.77324,1.50,1.00
2018.04.26 01:18:27.897,0.77312,0.77323,1.50,1.00
2018.04.26 01:18:28.516,0.77311,0.77322,1.00,1.00
2018.04.26 01:18:29.036,0.77311,0.77323,2.25,1.50
2018.04.26 01:18:30.116,0.77312,0.77323,1.00,1.50
2018.04.26 01:18:30.626,0.77313,0.77324,1.50,1.00
2018.04.26 01:18:30.779,0.77311,0.77323,2.25,1.50
2018.04.26 01:18:31.527,0.77311,0.77322,1.50,1.00
2018.04.26 01:18:36.324,0.77311,0.77321,1.50,1.00
2018.04.26 01:18:36.754,0.77312,0.77323,1.00,1.50
2018.04.26 01:18:42.152,0.7731,0.77321,1.50,1.50
2018.04.26 01:18:42.685,0.77309,0.7732,1.00,1.00
2018.04.26 01:18:44.499,0.77309,0.77319,1.00,1.00
2018.04.26 01:18:45.277,0.77309,0.7732,1.00,1.00
2018.04.26 01:18:47.047,0.77308,0.7732,1.50,1.00
2018.04.26 01:18:47.604,0.77309,0.77319,1.00,1.00
2018.04.26 01:18:48.309,0.77308,0.77319,1.50,1.00
2018.04.26 01:18:50.392,0.77309,0.77319,1.00,1.00
2018.04.26 01:18:51.064,0.77308,0.77319,2.25,1.00
2018.04.26 01:18:55.069,0.77309,0.77319,1.00,1.50
2018.04.26 01:18:55.577,0.77308,0.77319,1.50,1.00
2018.04.26 01:18:56.209,0.77308,0.77318,1.00,1.00
2018.04.26 01:18:58.001,0.77307,0.77318,2.25,1.50
2018.04.26 01:18:58.548,0.77306,0.77316,1.00,1.00
2018.04.26 01:18:58.650,0.77304,0.77316,1.50,2.85
2018.04.26 01:18:58.854,0.77304,0.77314,1.00,1.00
2018.04.26 01:18:59.549,0.77303,0.77314,3.00,1.00
2018.04.26 01:18:59.877,0.77302,0.77312,1.00,1.00
2018.04.26 01:19:00.292,0.77303,0.77314,1.00,1.50
2018.04.26 01:19:00.812,0.77302,0.77314,1.00,1.50
2018.04.26 01:19:01.372,0.77303,0.77314,1.00,1.50
2018.04.26 01:19:02.349,0.77304,0.77314,1.00,1.50
2018.04.26 01:19:02.873,0.77304,0.77315,1.00,1.00
2018.04.26 01:19:04.098,0.77303,0.77315,1.00,1.00
2018.04.26 01:19:04.818,0.77304,0.77314,1.00,1.00
2018.04.26 01:19:05.361,0.77303,0.77314,1.00,1.00
2018.04.26 01:19:06.174,0.77304,0.77314,1.00,1.00
2018.04.26 01:19:08.865,0.77304,0.77315,1.00,1.00
2018.04.26 01:19:11.750,0.77304,0.77314,1.00,1.00
2018.04.26 01:19:12.393,0.77303,0.77314,1.00,1.00
2018.04.26 01:19:13.124,0.77304,0.77314,1.00,1.00
2018.04.26 01:19:14.036,0.77303,0.77314,1.00,1.00
2018.04.26 01:19:14.587,0.77304,0.77314,1.00,1.00
2018.04.26 01:19:15.180,0.77303,0.77314,1.00,1.50
2018.04.26 01:19:15.398,0.77301,0.77313,2.25,1.50
2018.04.26 01:19:15.552,0.77303,0.77313,1.00,1.00
2018.04.26 01:19:16.209,0.77302,0.77313,1.00,1.00
2018.04.26 01:19:19.123,0.77303,0.77313,1.00,1.00
2018.04.26 01:19:20.703,0.77303,0.77314,1.00,1.50
2018.04.26 01:19:21.510,0.77303,0.77313,1.00,1.00
2018.04.26 01:19:22.041,0.77304,0.77314,1.00,1.50
2018.04.26 01:19:22.389,0.77306,0.77316,1.00,1.00
2018.04.26 01:19:22.923,0.77307,0.77317,1.00,1.00
2018.04.26 01:19:25.388,0.77306,0.77317,1.00,1.50
2018.04.26 01:19:25.720,0.77304,0.77314,1.00,1.00
2018.04.26 01:19:41.028,0.77304,0.77313,1.00,1.00
2018.04.26 01:19:41.573,0.77303,0.77314,1.00,2.10
2018.04.26 01:19:42.184,0.77303,0.77313,1.00,1.50
2018.04.26 01:19:43.063,0.77303,0.77314,1.50,2.10
2018.04.26 01:19:46.052,0.77304,0.77314,1.00,1.35
2018.04.26 01:19:56.718,0.77305,0.77314,1.00,1.00
2018.04.26 01:19:56.820,0.77306,0.77316,1.00,1.00
2018.04.26 01:19:57.346,0.77306,0.77317,1.50,2.85
2018.04.26 01:20:03.348,0.77306,0.77316,1.00,1.00
2018.04.26 01:20:03.882,0.77306,0.77317,1.00,1.50
2018.04.26 01:20:04.388,0.77307,0.77317,1.50,1.00
2018.04.26 01:20:04.611,0.77309,0.77317,1.00,1.00
2018.04.26 01:20:04.663,0.77309,0.77319,1.00,1.00
2018.04.26 01:20:05.249,0.77308,0.7732,1.50,1.50
2018.04.26 01:20:05.797,0.77309,0.7732,1.00,1.00
2018.04.26 01:20:09.349,0.77308,0.77319,1.50,1.00
2018.04.26 01:20:19.681,0.77308,0.77318,1.50,1.00
2018.04.26 01:20:20.431,0.77308,0.77317,1.00,1.00
2018.04.26 01:20:26.145,0.77307,0.77317,1.50,1.50
2018.04.26 01:20:31.148,0.77305,0.77316,1.50,1.50
2018.04.26 01:20:31.200,0.77305,0.77314,1.50,1.00
2018.04.26 01:20:31.747,0.77304,0.77314,2.25,1.50
2018.04.26 01:20:32.054,0.77306,0.77316,1.50,1.00
2018.04.26 01:20:32.691,0.77305,0.77315,1.00,1.00
2018.04.26 01:20:33.216,0.77305,0.77314,1.00,1.00
2018.04.26 01:20:33.763,0.77304,0.77314,2.25,1.00
2018.04.26 01:20:34.862,0.77305,0.77314,1.00,1.00
2018.04.26 01:20:37.281,0.77305,0.77315,1.00,1.00
2018.04.26 01:20:37.845,0.77304,0.77315,1.50,1.00
2018.04.26 01:20:39.236,0.77305,0.77315,1.00,1.00
2018.04.26 01:20:39.289,0.77306,0.77317,1.00,1.50
2018.04.26 01:20:39.393,0.77304,0.77316,2.25,1.50
2018.04.26 01:20:39.710,0.77306,0.77315,1.00,1.00
2018.04.26 01:20:40.290,0.77306,0.77316,1.50,1.00
2018.04.26 01:20:40.830,0.77305,0.77315,1.00,1.00
2018.04.26 01:20:41.364,0.77304,0.77314,1.50,1.35
2018.04.26 01:20:43.379,0.77302,0.77313,1.50,1.00
2018.04.26 01:20:43.430,0.77302,0.77311,1.50,1.00
2018.04.26 01:20:43.939,0.77302,0.77312,1.00,2.25
2018.04.26 01:20:44.427,0.773,0.77311,1.00,1.50
2018.04.26 01:20:45.432,0.773,0.7731,1.00,1.00
2018.04.26 01:20:49.436,0.77299,0.7731,2.25,1.00
2018.04.26 01:20:49.542,0.77301,0.77309,1.00,1.00
2018.04.26 01:20:49.804,0.77311,0.7732,1.00,1.50
2018.04.26 01:20:49.856,0.77311,0.77322,1.00,1.50
2018.04.26 01:20:50.427,0.7731,0.77321,1.00,1.50
2018.04.26 01:20:51.273,0.7731,0.7732,1.00,1.00
2018.04.26 01:20:52.754,0.7731,0.77321,1.00,1.35
2018.04.26 01:20:53.353,0.7731,0.7732,1.00,1.00
2018.04.26 01:20:53.612,0.77312,0.77322,1.00,1.50
2018.04.26 01:20:53.664,0.77312,0.77324,2.25,2.25
2018.04.26 01:20:54.341,0.77312,0.77323,1.00,1.00
2018.04.26 01:20:54.595,0.77311,0.77321,1.00,1.00
2018.04.26 01:20:54.747,0.77309,0.7732,1.00,1.00
2018.04.26 01:20:54.798,0.77309,0.77318,1.00,1.00
2018.04.26 01:20:55.066,0.77307,0.77318,1.00,1.00
2018.04.26 01:20:55.848,0.77306,0.77318,1.00,1.00
2018.04.26 01:20:56.204,0.77308,0.77319,1.00,1.00
2018.04.26 01:20:56.383,0.7731,0.77322,3.00,1.00
2018.04.26 01:20:57.060,0.7731,0.77321,2.25,1.00
2018.04.26 01:20:58.774,0.7731,0.77322,2.25,1.00
2018.04.26 01:21:00.148,0.7731,0.77321,1.00,1.00
2018.04.26 01:21:00.328,0.77308,0.7732,2.25,1.00
2018.04.26 01:21:00.430,0.77306,0.77317,2.25,1.00
2018.04.26 01:21:00.757,0.77308,0.77319,1.00,2.25
2018.04.26 01:21:01.064,0.77306,0.77317,1.00,1.50
2018.04.26 01:21:01.473,0.77304,0.77317,2.25,3.75
2018.04.26 01:21:01.524,0.77306,0.77316,1.00,1.00
2018.04.26 01:21:02.034,0.77305,0.77316,1.00,1.00
2018.04.26 01:21:03.127,0.77304,0.77316,1.50,1.50
2018.04.26 01:21:09.805,0.77304,0.77315,1.00,1.00
2018.04.26 01:21:10.465,0.77305,0.77315,1.00,1.00
2018.04.26 01:21:10.517,0.77306,0.77317,1.00,1.00
2018.04.26 01:21:10.620,0.77308,0.77319,1.00,1.00
2018.04.26 01:21:13.106,0.77307,0.77319,1.00,1.00
2018.04.26 01:21:14.692,0.77308,0.77319,1.00,1.00
2018.04.26 01:21:15.217,0.77309,0.7732,1.50,1.00
2018.04.26 01:21:15.747,0.77308,0.7732,1.00,1.00
2018.04.26 01:21:16.355,0.77308,0.77319,1.00,1.00
2018.04.26 01:21:16.915,0.77309,0.77319,1.00,1.00
2018.04.26 01:21:17.515,0.77309,0.7732,1.00,1.00
2018.04.26 01:21:17.990,0.77311,0.77321,1.00,1.50
2018.04.26 01:21:18.556,0.7731,0.77321,1.50,1.00
2018.04.26 01:21:19.984,0.7731,0.77322,1.50,1.00
2018.04.26 01:21:24.145,0.7731,0.77321,1.50,1.00
2018.04.26 01:21:30.318,0.77309,0.77319,1.00,1.00
2018.04.26 01:21:30.421,0.77307,0.77318,1.00,1.00
2018.04.26 01:21:32.547,0.77307,0.77317,1.00,1.00
2018.04.26 01:21:33.097,0.77308,0.77318,1.00,1.50
2018.04.26 01:21:33.618,0.77307,0.77316,1.00,1.00
2018.04.26 01:21:34.181,0.77307,0.77317,1.00,1.00
2018.04.26 01:21:34.718,0.77307,0.77316,1.00,1.00
2018.04.26 01:21:35.228,0.77306,0.77316,1.00,1.50
2018.04.26 01:21:36.917,0.77305,0.77314,1.00,1.00
2018.04.26 01:21:37.452,0.77305,0.77315,1.00,1.00
2018.04.26 01:21:37.999,0.77304,0.77315,1.00,1.00
2018.04.26 01:21:38.504,0.77305,0.77316,2.25,1.00
2018.04.26 01:21:39.098,0.77305,0.77315,1.00,1.00
2018.04.26 01:21:39.607,0.77304,0.77314,1.00,1.00
2018.04.26 01:21:43.745,0.77304,0.77313,1.00,1.00
2018.04.26 01:21:44.289,0.77303,0.77313,1.00,1.00
2018.04.26 01:21:44.802,0.77302,0.77313,1.00,1.00
2018.04.26 01:21:45.396,0.77304,0.77313,1.00,1.00
2018.04.26 01:21:45.447,0.77304,0.77315,1.00,1.35
2018.04.26 01:21:45.787,0.77306,0.77316,1.00,1.00
2018.04.26 01:21:46.299,0.77306,0.77317,1.00,1.50
2018.04.26 01:21:46.824,0.77305,0.77316,1.00,1.50
2018.04.26 01:21:47.382,0.77305,0.77315,1.00,1.00
2018.04.26 01:22:00.819,0.77304,0.77314,1.00,1.00
2018.04.26 01:22:01.025,0.773,0.77311,2.25,1.00
2018.04.26 01:22:14.474,0.77302,0.77312,1.00,1.00
2018.04.26 01:22:15.013,0.77303,0.77313,1.00,1.00
2018.04.26 01:22:15.515,0.77304,0.77313,1.00,1.00
2018.04.26 01:22:17.938,0.77303,0.77313,1.00,1.00
2018.04.26 01:22:21.755,0.77305,0.77313,1.00,1.00
2018.04.26 01:22:21.806,0.77305,0.77315,1.00,1.00
2018.04.26 01:22:33.997,0.77305,0.77314,1.50,1.00
2018.04.26 01:22:35.198,0.77304,0.77314,1.00,1.00
2018.04.26 01:22:35.718,0.77305,0.77314,1.00,1.00
2018.04.26 01:22:36.746,0.77304,0.77314,1.00,1.00
2018.04.26 01:22:39.488,0.77303,0.77314,1.50,1.00
2018.04.26 01:22:40.029,0.77303,0.77313,1.00,1.00
2018.04.26 01:22:54.028,0.77302,0.77313,1.00,2.25
2018.04.26 01:22:54.659,0.77302,0.77312,1.00,1.50
2018.04.26 01:22:54.817,0.773,0.77312,1.00,2.25
2018.04.26 01:22:56.516,0.773,0.77311,1.00,1.00
2018.04.26 01:22:58.749,0.77299,0.77308,1.35,1.50
2018.04.26 01:22:58.800,0.77297,0.77308,1.00,1.50
2018.04.26 01:23:00.444,0.77297,0.77307,1.00,1.00
2018.04.26 01:23:00.986,0.77297,0.77308,1.50,1.00
2018.04.26 01:23:01.987,0.77297,0.77307,1.50,1.00
2018.04.26 01:23:04.590,0.77296,0.77307,1.50,1.00
2018.04.26 01:23:06.892,0.77294,0.77305,2.85,1.00
2018.04.26 01:23:07.835,0.77294,0.77304,2.85,1.00
2018.04.26 01:23:08.094,0.77293,0.77304,1.50,1.00
2018.04.26 01:23:08.235,0.77292,0.77302,1.50,1.00
2018.04.26 01:23:08.806,0.77293,0.77303,1.00,1.00
2018.04.26 01:23:12.153,0.77294,0.77304,1.00,1.00
2018.04.26 01:23:12.806,0.77295,0.77304,1.00,1.00
2018.04.26 01:23:13.780,0.77294,0.77304,2.25,1.00
2018.04.26 01:23:14.109,0.77296,0.77305,1.00,1.00
2018.04.26 01:23:15.052,0.77297,0.77305,1.00,1.00
2018.04.26 01:23:15.560,0.77298,0.77306,1.00,1.00
2018.04.26 01:23:16.119,0.77298,0.77307,1.00,1.00
2018.04.26 01:23:17.261,0.77297,0.77307,1.50,1.00
2018.04.26 01:23:19.575,0.77298,0.77307,1.00,1.00
2018.04.26 01:23:20.183,0.77297,0.77307,1.50,1.00
2018.04.26 01:23:24.412,0.77298,0.7731,2.25,1.50
2018.04.26 01:23:24.469,0.77301,0.7731,1.50,1.00
2018.04.26 01:23:24.520,0.77302,0.77312,1.00,1.00
2018.04.26 01:23:25.133,0.77303,0.77312,1.00,1.00
2018.04.26 01:23:25.774,0.77303,0.77313,1.00,1.00
2018.04.26 01:23:47.132,0.77304,0.77313,1.00,1.00
2018.04.26 01:23:47.183,0.77306,0.77313,1.00,1.00
2018.04.26 01:23:47.234,0.77308,0.77318,1.00,1.50
2018.04.26 01:23:47.571,0.7731,0.77319,1.00,1.00
2018.04.26 01:23:48.080,0.77309,0.77319,1.50,1.00
2018.04.26 01:23:48.615,0.77309,0.77318,1.00,1.00
2018.04.26 01:23:49.130,0.7731,0.77318,1.00,1.00
2018.04.26 01:23:49.772,0.77309,0.77318,1.00,1.00
2018.04.26 01:23:50.414,0.77309,0.77319,1.00,1.00
2018.04.26 01:23:51.933,0.77309,0.7732,1.00,1.00
2018.04.26 01:23:53.434,0.77311,0.7732,1.00,1.00
2018.04.26 01:23:53.953,0.7731,0.77319,1.00,1.00
2018.04.26 01:23:54.465,0.7731,0.77318,1.00,1.00
2018.04.26 01:23:55.011,0.77309,0.77318,1.00,1.00
2018.04.26 01:23:55.637,0.7731,0.77318,1.00,1.00
2018.04.26 01:23:58.284,0.77309,0.77318,1.00,1.00
2018.04.26 01:23:58.834,0.77308,0.77317,1.50,1.00
2018.04.26 01:23:59.834,0.77308,0.77316,1.00,1.00
2018.04.26 01:23:59.988,0.77306,0.77316,1.00,1.00
2018.04.26 01:24:00.091,0.77308,0.77316,1.00,1.00
2018.04.26 01:24:00.647,0.77307,0.77316,1.00,1.00
2018.04.26 01:24:03.901,0.77307,0.77315,1.00,1.00
2018.04.26 01:24:04.541,0.77306,0.77315,1.00,1.00
2018.04.26 01:24:06.290,0.77307,0.77315,1.00,1.00
2018.04.26 01:24:06.835,0.77307,0.77316,1.00,1.00
2018.04.26 01:24:16.191,0.77306,0.77316,1.50,1.00
2018.04.26 01:24:16.863,0.77307,0.77316,1.00,1.00
2018.04.26 01:24:17.172,0.77308,0.77318,1.00,1.00
2018.04.26 01:24:19.589,0.77307,0.77318,1.00,1.00
2018.04.26 01:24:21.139,0.77306,0.77317,1.00,1.50
2018.04.26 01:24:21.191,0.77306,0.77315,1.00,1.00
2018.04.26 01:24:21.732,0.77306,0.77316,1.00,1.00
2018.04.26 01:24:23.049,0.77306,0.77317,1.50,1.50
2018.04.26 01:24:23.590,0.77307,0.77317,1.00,1.00
2018.04.26 01:24:23.892,0.77306,0.77313,1.00,1.00
2018.04.26 01:24:23.944,0.77304,0.77313,1.50,1.00
2018.04.26 01:24:24.472,0.773,0.77311,1.50,1.00
2018.04.26 01:24:29.794,0.77302,0.77311,1.00,1.00
2018.04.26 01:24:30.336,0.77301,0.77312,1.00,1.00
2018.04.26 01:24:30.865,0.77302,0.77312,1.00,1.00
2018.04.26 01:24:31.401,0.77302,0.77313,1.50,1.00
2018.04.26 01:24:33.462,0.77302,0.77314,1.50,1.50
2018.04.26 01:24:33.772,0.77304,0.77316,1.00,2.25
2018.04.26 01:24:35.395,0.77305,0.77316,1.00,1.50
2018.04.26 01:24:35.922,0.77304,0.77315,1.00,1.00
2018.04.26 01:24:36.464,0.77304,0.77316,1.50,1.50
2018.04.26 01:24:37.010,0.77304,0.77315,1.00,1.50
2018.04.26 01:24:37.316,0.77302,0.77313,1.00,1.00
2018.04.26 01:24:39.497,0.77302,0.77314,1.50,2.25
2018.04.26 01:24:40.104,0.77303,0.77314,1.00,1.50
2018.04.26 01:24:45.241,0.77302,0.77314,1.00,2.25
2018.04.26 01:24:47.907,0.77303,0.77314,1.00,1.00
2018.04.26 01:24:48.504,0.77304,0.77315,1.00,1.50
2018.04.26 01:24:48.788,0.77305,0.77317,1.00,3.00
2018.04.26 01:24:52.284,0.77305,0.77316,1.00,1.00
2018.04.26 01:24:52.873,0.77304,0.77315,1.00,1.00
2018.04.26 01:24:55.770,0.77302,0.77314,2.25,1.00
2018.04.26 01:24:56.363,0.77302,0.77315,2.25,3.60
2018.04.26 01:24:57.025,0.77303,0.77315,1.00,2.85
2018.04.26 01:24:59.433,0.77302,0.77315,2.25,3.60
2018.04.26 01:25:00.695,0.77303,0.77315,1.00,2.85
2018.04.26 01:25:01.352,0.77302,0.77315,2.25,2.85
2018.04.26 01:25:02.675,0.77303,0.77315,1.00,2.85
2018.04.26 01:25:03.893,0.77302,0.77315,2.25,3.60
2018.04.26 01:25:04.781,0.77303,0.77315,1.00,2.85
2018.04.26 01:25:05.292,0.77304,0.77315,1.00,1.35
2018.04.26 01:25:06.265,0.77304,0.77314,1.00,1.00
2018.04.26 01:25:08.388,0.77304,0.77315,1.50,1.00
2018.04.26 01:25:09.508,0.77305,0.77315,1.00,1.00
2018.04.26 01:25:13.119,0.77307,0.77317,1.00,2.25
2018.04.26 01:25:13.622,0.77307,0.77318,2.25,1.00
2018.04.26 01:25:13.817,0.77308,0.77321,2.10,3.75
2018.04.26 01:25:13.869,0.77308,0.77319,1.00,1.00
2018.04.26 01:25:14.124,0.77306,0.77318,1.50,1.50
2018.04.26 01:25:14.647,0.77306,0.77317,1.50,1.00
2018.04.26 01:25:19.590,0.77307,0.77317,1.00,1.00
2018.04.26 01:25:23.903,0.77307,0.77314,1.00,1.00
2018.04.26 01:25:25.095,0.77306,0.77314,1.00,1.00
2018.04.26 01:25:25.671,0.77307,0.77314,1.00,1.00
2018.04.26 01:25:27.349,0.77306,0.77314,1.50,1.00
2018.04.26 01:25:34.590,0.77307,0.77314,1.00,1.00
2018.04.26 01:25:43.578,0.77308,0.77314,1.50,1.00
2018.04.26 01:25:44.059,0.7731,0.77316,1.00,1.00
2018.04.26 01:25:44.644,0.77311,0.77316,1.00,1.00
2018.04.26 01:25:46.285,0.7731,0.77316,1.00,1.00
2018.04.26 01:25:49.540,0.77311,0.77316,1.00,1.00
2018.04.26 01:26:00.463,0.7731,0.77316,1.00,1.00
2018.04.26 01:26:01.354,0.77309,0.77316,1.00,1.00
2018.04.26 01:26:01.463,0.77304,0.77312,1.00,1.00
2018.04.26 01:26:01.516,0.77302,0.77312,1.00,1.00
2018.04.26 01:26:01.567,0.77302,0.77309,1.00,1.00
2018.04.26 01:26:03.295,0.77301,0.77309,1.00,1.00
2018.04.26 01:26:03.823,0.773,0.77309,1.00,1.00
2018.04.26 01:26:04.274,0.773,0.77307,1.00,1.00
2018.04.26 01:26:04.695,0.77297,0.77305,1.00,1.00
2018.04.26 01:26:05.205,0.77298,0.77305,1.00,1.00
2018.04.26 01:26:05.727,0.77299,0.77305,1.00,1.00
2018.04.26 01:26:06.535,0.773,0.77305,1.00,1.00
2018.04.26 01:26:10.114,0.773,0.77308,1.00,1.00
2018.04.26 01:26:10.650,0.77301,0.77308,1.00,1.00
2018.04.26 01:26:11.199,0.77302,0.77308,1.00,1.00
2018.04.26 01:26:11.745,0.77301,0.77308,1.50,1.00
2018.04.26 01:26:11.797,0.77301,0.7731,2.25,1.00
2018.04.26 01:26:11.848,0.77303,0.7731,1.00,1.00
2018.04.26 01:26:12.389,0.77304,0.7731,1.00,1.00
2018.04.26 01:26:12.918,0.77305,0.7731,1.00,1.00
2018.04.26 01:26:13.429,0.77306,0.77312,1.00,1.00
2018.04.26 01:26:13.480,0.77306,0.77314,1.00,1.00
2018.04.26 01:26:14.070,0.77307,0.77314,1.00,1.00
2018.04.26 01:26:14.865,0.77306,0.77314,1.00,1.00
2018.04.26 01:26:15.256,0.77305,0.77312,1.00,1.00
2018.04.26 01:26:15.792,0.77304,0.77312,1.00,1.00
2018.04.26 01:26:17.785,0.77305,0.77312,1.00,1.00
2018.04.26 01:26:18.840,0.77304,0.77312,1.00,1.00
2018.04.26 01:26:22.895,0.77306,0.77312,1.00,1.00
2018.04.26 01:26:23.049,0.77307,0.77314,1.00,1.00
2018.04.26 01:26:23.892,0.77308,0.77314,1.00,1.00
2018.04.26 01:26:24.439,0.77307,0.77314,1.00,1.00
2018.04.26 01:26:26.216,0.77308,0.77314,1.00,1.00
2018.04.26 01:26:29.668,0.77306,0.77314,1.50,1.00
2018.04.26 01:26:29.770,0.77308,0.77314,1.00,1.00
2018.04.26 01:26:30.540,0.77307,0.77314,1.50,1.00
2018.04.26 01:26:36.926,0.77309,0.77316,1.00,1.00
2018.04.26 01:26:37.432,0.7731,0.77316,1.00,1.00
2018.04.26 01:26:37.881,0.77308,0.77316,1.50,1.00
2018.04.26 01:26:38.445,0.77307,0.77316,1.50,1.00
2018.04.26 01:26:46.175,0.77309,0.77318,1.00,1.00
2018.04.26 01:26:47.303,0.77308,0.77318,1.00,1.00
2018.04.26 01:26:48.732,0.77307,0.77317,1.00,1.00
2018.04.26 01:26:49.090,0.77305,0.77316,1.00,1.50
2018.04.26 01:26:49.608,0.77306,0.77316,1.00,1.50
2018.04.26 01:26:50.300,0.77306,0.77315,1.00,1.00
2018.04.26 01:26:51.254,0.77305,0.77315,1.00,1.00
2018.04.26 01:26:51.792,0.77306,0.77315,1.00,1.00
2018.04.26 01:26:52.327,0.77306,0.77316,1.00,1.50
2018.04.26 01:26:52.866,0.77305,0.77316,1.00,1.50
2018.04.26 01:26:54.801,0.77306,0.77316,1.00,1.50
2018.04.26 01:26:55.237,0.77307,0.77318,1.00,1.50
2018.04.26 01:26:56.676,0.77308,0.77318,1.00,1.50
2018.04.26 01:27:10.948,0.77306,0.77316,1.00,1.00
2018.04.26 01:27:11.635,0.77305,0.77316,1.00,1.50
2018.04.26 01:27:13.231,0.77309,0.77318,1.00,1.00
2018.04.26 01:27:20.461,0.77309,0.77319,1.50,1.00
2018.04.26 01:27:20.869,0.77311,0.7732,1.00,1.50
2018.04.26 01:27:23.108,0.7731,0.7732,1.00,1.50
2018.04.26 01:27:23.571,0.77307,0.7732,3.60,1.50
2018.04.26 01:27:23.928,0.77306,0.77318,1.50,1.50
2018.04.26 01:27:29.087,0.77307,0.77316,1.00,1.00
2018.04.26 01:27:29.331,0.77308,0.77318,2.25,1.00
2018.04.26 01:27:29.841,0.77309,0.77318,1.00,1.00
2018.04.26 01:27:30.255,0.77307,0.77318,1.00,1.00
2018.04.26 01:27:30.358,0.77307,0.77316,1.00,1.00
2018.04.26 01:27:33.563,0.77306,0.77316,1.00,1.50
2018.04.26 01:27:33.890,0.77305,0.77314,1.00,1.00
2018.04.26 01:27:34.439,0.77304,0.77314,1.00,1.00
2018.04.26 01:27:34.991,0.77303,0.77314,1.00,1.00
2018.04.26 01:27:35.315,0.77301,0.77312,1.00,1.50
2018.04.26 01:27:36.345,0.77302,0.77312,1.00,1.50
2018.04.26 01:27:43.386,0.77301,0.77312,1.00,1.50
2018.04.26 01:27:43.692,0.77299,0.7731,1.00,1.00
2018.04.26 01:27:44.217,0.77299,0.77309,1.00,1.00
2018.04.26 01:27:44.547,0.77297,0.77308,1.00,1.50
2018.04.26 01:27:46.275,0.77298,0.77308,1.00,1.50
2018.04.26 01:27:46.797,0.77297,0.77308,1.00,1.50
2018.04.26 01:27:47.314,0.77298,0.77308,1.00,1.00
2018.04.26 01:27:51.487,0.77297,0.77308,1.00,1.50
2018.04.26 01:27:52.037,0.77297,0.77307,1.00,1.00
2018.04.26 01:27:52.611,0.77296,0.77306,1.00,1.00
2018.04.26 01:27:53.776,0.77295,0.77306,1.00,1.00
2018.04.26 01:27:54.702,0.77296,0.77306,1.00,1.00
2018.04.26 01:27:55.264,0.77296,0.77307,1.00,2.25
2018.04.26 01:27:57.047,0.77295,0.77307,1.00,2.25
2018.04.26 01:27:57.573,0.77296,0.77307,1.00,2.25
2018.04.26 01:27:59.159,0.77294,0.77304,1.00,1.00
2018.04.26 01:27:59.885,0.77293,0.77304,1.00,1.00
2018.04.26 01:28:01.462,0.77293,0.77303,1.00,1.00
2018.04.26 01:28:02.137,0.77292,0.77303,1.00,1.00
2018.04.26 01:28:06.932,0.77292,0.77302,1.00,1.00
2018.04.26 01:28:07.034,0.77292,0.77304,1.50,1.00
2018.04.26 01:28:07.589,0.77293,0.77304,1.00,1.00
2018.04.26 01:28:13.793,0.77292,0.77302,1.00,1.00
2018.04.26 01:28:14.347,0.77292,0.77303,1.50,1.00
2018.04.26 01:28:14.858,0.77293,0.77303,1.00,1.00
2018.04.26 01:28:16.449,0.77293,0.77305,2.25,1.00
2018.04.26 01:28:16.552,0.77299,0.77305,1.00,1.00
2018.04.26 01:28:16.604,0.773,0.77309,1.00,1.00
2018.04.26 01:28:17.126,0.773,0.7731,1.00,1.00
2018.04.26 01:28:18.727,0.77302,0.77312,1.00,1.00
2018.04.26 01:28:18.778,0.77302,0.77314,1.00,1.00
2018.04.26 01:28:18.983,0.77301,0.77312,1.50,1.00
2018.04.26 01:28:19.525,0.77301,0.77311,1.00,1.00
2018.04.26 01:28:20.272,0.773,0.77311,1.50,1.00
2018.04.26 01:28:25.957,0.77297,0.77308,2.25,1.00
2018.04.26 01:28:27.727,0.77297,0.77307,1.00,1.00
2018.04.26 01:28:29.151,0.77297,0.77306,1.00,1.00
2018.04.26 01:28:29.203,0.77295,0.77305,1.00,1.00
2018.04.26 01:28:29.254,0.77293,0.77304,3.56,1.00
2018.04.26 01:28:29.782,0.77293,0.77303,1.00,1.00
2018.04.26 01:28:30.647,0.77293,0.77302,1.00,1.00
2018.04.26 01:28:30.859,0.7729,0.77301,1.00,1.00
2018.04.26 01:28:31.592,0.77291,0.77301,1.00,1.00
2018.04.26 01:28:32.119,0.77291,0.77302,1.00,1.50
2018.04.26 01:28:32.771,0.77292,0.77303,1.00,1.50
2018.04.26 01:28:33.126,0.77294,0.77305,1.00,1.50
2018.04.26 01:28:33.633,0.77294,0.77306,1.50,2.25
2018.04.26 01:28:35.425,0.77295,0.77306,1.00,1.00
2018.04.26 01:28:36.502,0.77295,0.77307,2.25,2.25
2018.04.26 01:28:36.807,0.77297,0.77308,1.00,1.50
2018.04.26 01:28:37.113,0.77299,0.7731,1.00,1.00
2018.04.26 01:28:38.853,0.773,0.77311,1.00,1.50
2018.04.26 01:28:39.385,0.773,0.77312,1.50,2.25
2018.04.26 01:28:48.533,0.773,0.77311,1.00,1.00
2018.04.26 01:28:49.191,0.773,0.7731,1.00,1.00
2018.04.26 01:28:51.320,0.77297,0.77309,2.25,1.00
2018.04.26 01:28:51.876,0.77297,0.77308,1.00,1.00
2018.04.26 01:28:52.419,0.77298,0.77309,1.12,1.50
2018.04.26 01:28:52.471,0.773,0.77312,3.60,1.50
2018.04.26 01:28:52.522,0.77302,0.77312,1.00,1.50
2018.04.26 01:28:52.651,0.77303,0.77315,1.00,1.00
2018.04.26 01:28:53.632,0.77304,0.77315,1.00,1.50
2018.04.26 01:28:54.353,0.77303,0.77315,1.50,1.50
2018.04.26 01:28:55.134,0.77304,0.77315,1.00,1.50
2018.04.26 01:28:55.890,0.77306,0.77316,1.00,1.00
2018.04.26 01:28:56.426,0.77307,0.77316,1.00,1.00
2018.04.26 01:28:57.753,0.77307,0.77317,1.00,1.50
2018.04.26 01:28:58.261,0.77307,0.77318,1.00,1.50
2018.04.26 01:29:00.258,0.77308,0.77318,1.00,1.00
2018.04.26 01:29:04.282,0.77307,0.77318,2.25,1.00
2018.04.26 01:29:04.881,0.77308,0.77318,1.00,1.00
2018.04.26 01:29:06.202,0.77309,0.77318,1.00,1.00
2018.04.26 01:29:06.253,0.77309,0.7732,1.00,2.25
2018.04.26 01:29:06.782,0.7731,0.77321,1.50,1.00
2018.04.26 01:29:07.554,0.77311,0.77321,1.00,1.00
2018.04.26 01:29:10.717,0.77312,0.77322,1.00,1.00
2018.04.26 01:29:11.221,0.77312,0.77323,1.00,1.50
2018.04.26 01:29:14.846,0.77314,0.77324,1.00,1.00
2018.04.26 01:29:15.103,0.77322,0.77333,1.00,1.00
2018.04.26 01:29:28.772,0.77323,0.77333,1.00,1.00
2018.04.26 01:29:29.497,0.77323,0.77334,1.00,1.00
2018.04.26 01:29:33.423,0.77324,0.77334,1.00,1.00
2018.04.26 01:29:33.525,0.77326,0.77335,1.00,1.00
2018.04.26 01:29:33.679,0.77326,0.77337,1.00,1.35
2018.04.26 01:29:34.217,0.77327,0.77338,1.00,1.50
2018.04.26 01:29:43.122,0.77325,0.77334,1.00,1.00
2018.04.26 01:29:43.226,0.77323,0.77333,1.00,1.50
2018.04.26 01:29:43.277,0.77321,0.77331,1.50,1.00
2018.04.26 01:29:43.836,0.7732,0.77331,1.00,1.00
2018.04.26 01:29:45.942,0.7732,0.7733,1.00,1.00
2018.04.26 01:29:46.550,0.7732,0.77329,1.00,1.00
2018.04.26 01:29:47.141,0.7732,0.7733,1.50,1.00
2018.04.26 01:29:47.449,0.77338,0.77348,1.00,1.00
2018.04.26 01:29:47.744,0.77339,0.7735,1.00,1.00
2018.04.26 01:29:47.801,0.77345,0.77353,1.00,1.00
2018.04.26 01:29:47.958,0.77343,0.77353,1.50,1.00
2018.04.26 01:29:48.010,0.77348,0.77353,1.00,1.00
2018.04.26 01:29:48.061,0.77343,0.77355,2.25,1.00
2018.04.26 01:29:48.164,0.77345,0.77356,1.00,1.00
2018.04.26 01:29:48.368,0.77347,0.77359,2.25,1.00
2018.04.26 01:29:48.420,0.77349,0.77359,1.00,1.00
2018.04.26 01:29:48.471,0.77346,0.77357,1.50,1.00
2018.04.26 01:29:48.574,0.77344,0.77354,1.00,1.00
2018.04.26 01:29:48.691,0.77342,0.77353,1.00,1.00
2018.04.26 01:29:48.844,0.77341,0.77351,1.50,1.00
2018.04.26 01:29:49.431,0.77342,0.77351,1.00,1.00
2018.04.26 01:29:50.016,0.77341,0.77351,1.00,1.00
2018.04.26 01:29:50.321,0.77327,0.77337,1.50,1.00
2018.04.26 01:29:50.898,0.77327,0.77336,1.00,1.00
2018.04.26 01:29:51.440,0.77326,0.77336,1.50,1.00
2018.04.26 01:29:53.273,0.77329,0.77338,1.00,1.00
2018.04.26 01:29:53.324,0.77329,0.7734,1.50,1.00
2018.04.26 01:29:53.427,0.77329,0.77338,1.00,1.00
2018.04.26 01:29:53.971,0.77328,0.77339,1.00,1.00
2018.04.26 01:29:54.682,0.77328,0.77338,1.00,1.00
2018.04.26 01:29:55.216,0.77328,0.77337,1.00,1.00
2018.04.26 01:29:55.855,0.77328,0.77338,1.00,1.00
2018.04.26 01:29:56.411,0.77328,0.77337,1.00,1.00
2018.04.26 01:29:57.740,0.77328,0.77338,1.00,1.00
2018.04.26 01:29:58.313,0.77327,0.77337,1.50,1.00
2018.04.26 01:29:58.843,0.77327,0.77338,1.50,1.00
2018.04.26 01:29:59.417,0.77327,0.77337,1.00,1.00
2018.04.26 01:29:59.536,0.77325,0.77337,1.50,1.50
2018.04.26 01:29:59.588,0.77326,0.77335,1.00,1.00
2018.04.26 01:30:00.144,0.77326,0.77336,1.50,1.00
2018.04.26 01:30:01.721,0.77324,0.77335,1.50,1.50
2018.04.26 01:30:02.028,0.77326,0.77335,1.00,1.00
2018.04.26 01:30:02.578,0.77327,0.77337,1.00,1.00
2018.04.26 01:30:03.496,0.77326,0.77337,1.00,1.50
2018.04.26 01:30:03.548,0.77324,0.77334,1.50,1.50
2018.04.26 01:30:03.600,0.7732,0.77332,3.00,1.00
2018.04.26 01:30:03.704,0.77318,0.77329,1.50,1.50
2018.04.26 01:30:04.037,0.77314,0.77324,1.50,1.00
2018.04.26 01:30:05.056,0.77315,0.77324,1.00,1.00
2018.04.26 01:30:05.799,0.77322,0.77326,1.00,1.00
2018.04.26 01:30:05.850,0.77322,0.77332,1.00,1.00
2018.04.26 01:30:05.901,0.77323,0.77334,1.00,1.00
2018.04.26 01:30:05.952,0.77323,0.77332,1.50,1.00
2018.04.26 01:30:06.356,0.77325,0.77335,1.50,1.00
2018.04.26 01:30:06.869,0.77326,0.77336,1.00,1.00
2018.04.26 01:30:09.465,0.77325,0.77335,1.50,1.00
2018.04.26 01:30:09.618,0.77323,0.77335,1.50,1.50
2018.04.26 01:30:09.670,0.77321,0.77332,1.50,1.00
2018.04.26 01:30:09.976,0.77316,0.77327,1.69,1.00
2018.04.26 01:30:10.517,0.77318,0.77328,1.00,1.00
2018.04.26 01:30:11.361,0.77318,0.77327,1.00,1.00
2018.04.26 01:30:11.880,0.77318,0.77328,1.00,1.00
2018.04.26 01:30:12.453,0.77318,0.77327,1.00,1.00
2018.04.26 01:30:12.766,0.77322,0.77327,1.00,1.00
2018.04.26 01:30:12.817,0.77324,0.77332,1.50,1.00
2018.04.26 01:30:12.899,0.77325,0.77334,1.00,1.00
2018.04.26 01:30:13.155,0.77323,0.77333,1.00,1.00
2018.04.26 01:30:13.207,0.77324,0.77335,1.00,1.00
2018.04.26 01:30:13.309,0.77327,0.77336,1.00,1.00
2018.04.26 01:30:13.815,0.77327,0.77337,1.50,1.00
2018.04.26 01:30:14.348,0.77327,0.77336,1.00,1.00
2018.04.26 01:30:14.881,0.77326,0.77335,1.50,1.00
2018.04.26 01:30:15.423,0.77326,0.77336,1.00,1.00
2018.04.26 01:30:19.004,0.77326,0.77337,1.00,1.00
2018.04.26 01:30:19.540,0.77327,0.77337,1.00,1.00
2018.04.26 01:30:20.055,0.77326,0.77337,1.00,1.00
2018.04.26 01:30:20.564,0.77325,0.77336,1.00,1.00
2018.04.26 01:30:21.113,0.77326,0.77337,1.00,1.00
2018.04.26 01:30:22.102,0.77325,0.77337,1.50,1.00
2018.04.26 01:30:23.867,0.77325,0.77336,1.50,1.00
2018.04.26 01:30:28.076,0.77324,0.77335,1.00,1.00
2018.04.26 01:30:28.537,0.77322,0.77333,1.00,1.00
2018.04.26 01:30:29.347,0.77322,0.77334,1.50,1.00
2018.04.26 01:30:29.851,0.77321,0.77332,1.50,1.00
2018.04.26 01:30:30.362,0.7732,0.77331,1.00,1.00
2018.04.26 01:30:30.940,0.77319,0.77331,1.69,1.00
2018.04.26 01:30:31.476,0.77319,0.7733,1.50,1.00
2018.04.26 01:30:31.986,0.7732,0.7733,1.00,1.00
2018.04.26 01:30:32.529,0.77321,0.77331,1.00,1.00
2018.04.26 01:30:34.547,0.7732,0.77331,1.00,1.00
2018.04.26 01:30:36.151,0.77321,0.77331,1.00,1.00
2018.04.26 01:30:36.750,0.77322,0.77332,1.00,1.00
2018.04.26 01:30:39.167,0.7732,0.77328,1.00,1.00
2018.04.26 01:30:39.716,0.7732,0.77329,1.00,1.00
2018.04.26 01:30:44.813,0.77321,0.77329,1.00,1.00
2018.04.26 01:30:44.864,0.77322,0.77331,1.00,1.00
2018.04.26 01:30:47.697,0.77323,0.77332,1.00,1.00
2018.04.26 01:30:48.389,0.77322,0.77332,1.50,1.00
2018.04.26 01:30:48.981,0.77322,0.77331,1.50,1.00
2018.04.26 01:30:52.480,0.77321,0.77331,1.00,1.00
2018.04.26 01:30:55.603,0.77322,0.77332,1.00,1.00
2018.04.26 01:30:56.129,0.77321,0.7733,1.00,1.00
2018.04.26 01:30:56.788,0.77322,0.7733,1.00,1.00
2018.04.26 01:31:01.639,0.77323,0.77331,1.00,1.00
2018.04.26 01:31:02.125,0.77321,0.7733,1.00,1.00
2018.04.26 01:31:02.329,0.77318,0.77328,1.50,1.00
2018.04.26 01:31:02.764,0.77322,0.77332,1.00,1.00
2018.04.26 01:31:03.282,0.77323,0.77332,1.50,1.00
2018.04.26 01:31:06.065,0.77324,0.77332,1.00,1.00
2018.04.26 01:31:06.708,0.77323,0.77333,1.00,1.00
2018.04.26 01:31:08.024,0.77324,0.77333,1.00,1.00
2018.04.26 01:31:08.691,0.77324,0.77334,1.00,1.00
2018.04.26 01:31:09.535,0.77323,0.77334,1.50,1.00
2018.04.26 01:31:12.439,0.77323,0.77333,1.50,1.00
2018.04.26 01:31:14.559,0.77324,0.77333,1.00,1.00
2018.04.26 01:31:15.758,0.77324,0.77334,1.00,1.00
2018.04.26 01:31:16.283,0.77325,0.77335,1.50,1.00
2018.04.26 01:31:16.487,0.77327,0.77339,1.00,3.75
2018.04.26 01:31:16.539,0.77331,0.77339,1.00,1.50
2018.04.26 01:31:16.590,0.77332,0.77341,1.00,2.25
2018.04.26 01:31:17.131,0.77332,0.77342,1.00,1.00
2018.04.26 01:31:17.300,0.7733,0.77341,2.25,1.00
2018.04.26 01:31:19.192,0.77335,0.77345,1.00,1.00
2018.04.26 01:31:19.703,0.77336,0.77345,1.00,1.00
2018.04.26 01:31:19.754,0.77334,0.77345,1.00,1.00
2018.04.26 01:31:19.805,0.77333,0.77343,1.00,1.00
2018.04.26 01:31:20.318,0.77333,0.77342,1.00,1.00
2018.04.26 01:31:20.839,0.77332,0.77342,1.50,1.00
2018.04.26 01:31:22.048,0.77336,0.77347,1.50,1.00
2018.04.26 01:31:22.151,0.77337,0.77345,1.00,1.00
2018.04.26 01:31:22.306,0.77335,0.77344,1.00,1.00
2018.04.26 01:31:23.230,0.77335,0.77345,1.50,1.00
2018.04.26 01:31:23.859,0.77335,0.77346,1.50,1.00
2018.04.26 01:31:23.961,0.77337,0.77346,1.00,1.00
2018.04.26 01:31:24.286,0.77339,0.77346,1.00,1.00
2018.04.26 01:31:24.480,0.77337,0.77347,2.25,1.00
2018.04.26 01:31:25.019,0.77337,0.77346,1.50,1.00
2018.04.26 01:31:25.577,0.77337,0.77345,1.00,1.00
2018.04.26 01:31:26.230,0.77335,0.77345,2.25,1.00
2018.04.26 01:31:27.124,0.77337,0.77346,1.50,1.00
2018.04.26 01:31:27.705,0.77337,0.77347,1.50,1.00
2018.04.26 01:31:28.905,0.77337,0.77346,1.00,1.00
2018.04.26 01:31:29.551,0.77336,0.77346,1.00,1.00
2018.04.26 01:31:30.361,0.77336,0.77347,1.50,1.00
2018.04.26 01:31:31.425,0.77338,0.77347,1.00,1.00
2018.04.26 01:31:31.827,0.77339,0.77349,1.50,1.00
2018.04.26 01:31:32.351,0.7734,0.7735,1.50,1.00
2018.04.26 01:31:32.453,0.77342,0.77351,1.50,1.00
2018.04.26 01:31:32.989,0.77339,0.7735,1.00,1.00
2018.04.26 01:31:33.192,0.77338,0.77347,1.00,1.00
2018.04.26 01:31:33.707,0.77337,0.77348,1.50,1.00
2018.04.26 01:31:34.968,0.77337,0.77347,1.50,1.00
2018.04.26 01:31:36.631,0.77336,0.77346,1.00,1.00
2018.04.26 01:31:37.186,0.77337,0.77347,1.50,1.00
2018.04.26 01:31:37.723,0.77338,0.77348,1.00,1.00
2018.04.26 01:31:38.546,0.77337,0.77348,1.50,1.00
2018.04.26 01:31:43.649,0.7734,0.77351,1.00,1.00
2018.04.26 01:31:43.955,0.77342,0.77352,1.00,1.00
2018.04.26 01:31:44.433,0.7734,0.7735,1.00,1.00
2018.04.26 01:31:44.793,0.77338,0.77349,1.50,1.00
2018.04.26 01:31:46.644,0.77339,0.77349,1.00,1.00
2018.04.26 01:31:46.695,0.77339,0.77351,1.50,1.50
2018.04.26 01:31:46.850,0.77338,0.77349,1.00,1.00
2018.04.26 01:31:47.184,0.77335,0.77346,1.00,1.00
2018.04.26 01:31:47.487,0.77337,0.77348,1.00,2.25
2018.04.26 01:31:50.107,0.77338,0.77348,1.00,1.00
2018.04.26 01:31:50.636,0.77339,0.77349,1.00,1.00
2018.04.26 01:31:51.179,0.77339,0.7735,1.00,2.25
2018.04.26 01:31:55.360,0.77337,0.77347,1.00,1.00
2018.04.26 01:31:55.551,0.77335,0.77346,1.50,1.00
2018.04.26 01:31:58.165,0.77336,0.77347,1.00,1.50
2018.04.26 01:31:58.671,0.77337,0.77348,1.00,1.50
2018.04.26 01:31:59.206,0.77336,0.77348,1.00,1.50
2018.04.26 01:31:59.561,0.77338,0.77348,1.00,1.50
2018.04.26 01:32:00.297,0.77338,0.77349,1.00,1.50
2018.04.26 01:32:00.602,0.77342,0.77352,1.00,1.00
2018.04.26 01:32:01.244,0.77341,0.77351,1.00,1.00
2018.04.26 01:32:01.831,0.77342,0.77352,1.00,1.00
2018.04.26 01:32:01.882,0.77342,0.77354,1.50,2.25
2018.04.26 01:32:01.933,0.77344,0.77354,1.00,2.25
2018.04.26 01:32:02.035,0.77342,0.77353,1.50,1.00
2018.04.26 01:32:02.636,0.77342,0.77352,1.00,1.00
2018.04.26 01:32:02.891,0.77343,0.77355,1.00,1.00
2018.04.26 01:32:03.417,0.77343,0.77354,1.00,1.00
2018.04.26 01:32:03.468,0.77342,0.77352,1.50,1.00
2018.04.26 01:32:03.982,0.77343,0.77353,1.00,1.00
2018.04.26 01:32:04.510,0.77342,0.77353,1.00,1.00
2018.04.26 01:32:05.024,0.77341,0.77352,1.00,1.00
2018.04.26 01:32:05.547,0.77344,0.77356,1.00,1.50
2018.04.26 01:32:05.875,0.77346,0.77357,1.00,1.00
2018.04.26 01:32:06.411,0.77345,0.77356,1.50,1.00
2018.04.26 01:32:07.527,0.77346,0.77356,1.00,1.00
2018.04.26 01:32:08.145,0.77347,0.77357,1.00,1.00
2018.04.26 01:32:08.613,0.77345,0.77355,1.00,1.00
2018.04.26 01:32:09.201,0.77347,0.77356,1.00,1.50
2018.04.26 01:32:09.354,0.77347,0.77358,1.00,2.25
2018.04.26 01:32:09.882,0.77347,0.77357,1.00,1.00
2018.04.26 01:32:10.471,0.77347,0.77356,1.00,1.00
2018.04.26 01:32:11.009,0.77348,0.77357,1.00,1.00
2018.04.26 01:32:11.862,0.77346,0.77357,1.00,1.00
2018.04.26 01:32:12.175,0.77344,0.77356,1.00,1.00
2018.04.26 01:32:12.582,0.77344,0.77354,1.00,1.00
2018.04.26 01:32:12.788,0.77342,0.77354,1.00,1.50
2018.04.26 01:32:12.839,0.77342,0.77352,1.00,1.00
2018.04.26 01:32:12.941,0.7734,0.77351,1.00,1.00
2018.04.26 01:32:16.507,0.77341,0.77351,1.00,1.00
2018.04.26 01:32:17.914,0.77342,0.77352,1.00,1.00
2018.04.26 01:32:18.484,0.77343,0.77353,1.00,1.50
2018.04.26 01:32:19.021,0.77341,0.77351,1.00,1.00
2018.04.26 01:32:19.540,0.77342,0.77351,1.00,1.00
2018.04.26 01:32:20.392,0.77342,0.77352,1.00,1.00
2018.04.26 01:32:21.148,0.77342,0.77351,1.00,1.00
2018.04.26 01:32:21.649,0.77341,0.77351,1.00,1.00
2018.04.26 01:32:22.560,0.77342,0.77352,1.00,1.00
2018.04.26 01:32:23.062,0.77341,0.77351,1.00,1.00
2018.04.26 01:32:29.149,0.77341,0.77352,1.00,1.00
2018.04.26 01:32:30.172,0.77341,0.77351,1.00,1.00
2018.04.26 01:32:32.280,0.77341,0.77352,1.00,1.00
2018.04.26 01:32:32.586,0.77343,0.77352,1.00,1.00
2018.04.26 01:32:33.206,0.77343,0.77353,1.00,1.00
2018.04.26 01:32:34.019,0.77341,0.77351,1.00,1.00
2018.04.26 01:32:34.628,0.7734,0.7735,1.00,1.00
2018.04.26 01:32:38.141,0.77339,0.77348,1.00,1.00
2018.04.26 01:32:38.452,0.77342,0.77351,1.00,1.00
2018.04.26 01:32:40.621,0.77342,0.77352,1.50,1.50
2018.04.26 01:32:41.162,0.77342,0.77351,1.00,1.00
2018.04.26 01:32:44.833,0.77341,0.77351,1.00,1.00
2018.04.26 01:32:45.541,0.77341,0.7735,1.00,1.00
2018.04.26 01:32:47.858,0.77342,0.77351,1.00,1.50
2018.04.26 01:32:50.205,0.7734,0.7735,1.50,1.00
2018.04.26 01:32:51.738,0.77339,0.77349,1.00,1.00
2018.04.26 01:32:52.507,0.77339,0.77348,1.00,1.00
2018.04.26 01:32:53.702,0.7734,0.7735,1.00,2.25
2018.04.26 01:32:54.395,0.77341,0.7735,1.00,1.50
2018.04.26 01:32:55.260,0.7734,0.7735,1.00,1.50
2018.04.26 01:32:56.722,0.7734,0.77349,1.00,1.00
2018.04.26 01:32:59.492,0.77338,0.77347,1.50,1.50
2018.04.26 01:32:59.543,0.77336,0.77346,1.00,1.00
2018.04.26 01:33:00.030,0.77334,0.77345,1.50,1.50
2018.04.26 01:33:00.534,0.77334,0.77344,1.00,1.00
2018.04.26 01:33:01.072,0.77333,0.77343,1.00,1.00
2018.04.26 01:33:05.882,0.77333,0.77342,1.00,1.00
2018.04.26 01:33:11.302,0.77331,0.77342,1.00,1.00
2018.04.26 01:33:11.354,0.77331,0.7734,1.00,1.00
2018.04.26 01:33:11.924,0.7733,0.7734,1.00,1.00
2018.04.26 01:33:14.255,0.77331,0.7734,1.00,1.00
2018.04.26 01:33:14.841,0.77329,0.7734,2.10,1.00
2018.04.26 01:33:14.991,0.77331,0.77339,1.00,1.00
2018.04.26 01:33:15.195,0.77328,0.77339,1.50,1.00
2018.04.26 01:33:15.500,0.77325,0.77336,1.00,1.00
2018.04.26 01:33:15.881,0.77325,0.77334,1.00,1.00
2018.04.26 01:33:16.698,0.77324,0.77334,1.50,1.00
2018.04.26 01:33:17.292,0.77323,0.77334,1.50,1.00
2018.04.26 01:33:17.598,0.77322,0.77332,1.00,1.00
2018.04.26 01:33:17.959,0.77321,0.7733,1.50,1.00
2018.04.26 01:33:19.645,0.77322,0.7733,1.00,1.00
2018.04.26 01:33:19.697,0.77322,0.77332,1.00,1.00
2018.04.26 01:33:20.104,0.77324,0.77335,1.00,1.00
2018.04.26 01:33:20.335,0.77327,0.77337,1.50,1.00
2018.04.26 01:33:20.866,0.77327,0.77338,1.00,1.00
2018.04.26 01:33:21.371,0.77328,0.77337,1.00,1.00
2018.04.26 01:33:21.993,0.77328,0.77338,1.00,1.00
2018.04.26 01:33:25.890,0.77327,0.77338,1.00,1.50
2018.04.26 01:33:26.214,0.7733,0.7734,1.00,1.00
2018.04.26 01:33:26.543,0.77328,0.77339,1.50,1.00
2018.04.26 01:33:27.069,0.77329,0.77338,1.00,1.00
2018.04.26 01:33:27.290,0.77326,0.77337,2.25,1.00
2018.04.26 01:33:29.718,0.77328,0.77337,1.00,1.00
2018.04.26 01:33:29.873,0.77333,0.77344,1.00,1.50
2018.04.26 01:33:30.128,0.77332,0.77341,1.00,1.00
2018.04.26 01:33:30.274,0.77332,0.77343,1.00,1.00
2018.04.26 01:33:30.478,0.77331,0.77341,1.00,1.00
2018.04.26 01:33:35.372,0.77334,0.77342,1.00,1.50
2018.04.26 01:33:35.475,0.77334,0.77344,1.50,1.00
2018.04.26 01:33:35.993,0.77334,0.77345,1.50,1.00
2018.04.26 01:33:36.515,0.77338,0.77349,1.00,2.25
2018.04.26 01:33:37.141,0.77339,0.77349,1.00,2.25
2018.04.26 01:33:37.761,0.7734,0.77349,1.00,2.25
2018.04.26 01:33:38.557,0.77339,0.77348,1.00,1.00
2018.04.26 01:33:39.367,0.77339,0.77349,1.00,2.25
2018.04.26 01:33:39.629,0.7734,0.77351,1.50,1.00
2018.04.26 01:33:39.783,0.7734,0.77349,1.00,1.00
2018.04.26 01:33:40.009,0.77339,0.77351,1.50,1.50
2018.04.26 01:33:40.061,0.77341,0.77351,1.00,1.50
2018.04.26 01:33:40.265,0.77343,0.77354,1.00,1.00
2018.04.26 01:33:40.469,0.77342,0.77352,1.00,1.00
2018.04.26 01:33:41.037,0.77341,0.77352,1.00,1.00
2018.04.26 01:33:41.544,0.7734,0.77351,1.50,1.00
2018.04.26 01:33:43.741,0.7734,0.7735,1.50,1.00
2018.04.26 01:33:45.024,0.7734,0.77349,1.00,1.00
2018.04.26 01:33:45.075,0.77338,0.77349,1.00,1.00
2018.04.26 01:33:45.126,0.7734,0.77349,1.00,1.00
2018.04.26 01:33:45.177,0.77341,0.77351,1.00,1.00
2018.04.26 01:33:45.433,0.7734,0.77349,1.00,1.00
2018.04.26 01:33:45.657,0.77338,0.77348,1.00,1.00
2018.04.26 01:33:46.193,0.77339,0.77348,1.00,1.00
2018.04.26 01:33:46.733,0.77339,0.77349,1.00,1.00
2018.04.26 01:33:49.238,0.77339,0.77348,1.00,1.00
2018.04.26 01:33:49.401,0.77337,0.77348,1.00,1.00
2018.04.26 01:33:49.906,0.77338,0.77348,1.00,1.00
2018.04.26 01:33:50.563,0.77338,0.77349,1.00,1.00
2018.04.26 01:33:51.216,0.77338,0.77348,1.00,1.00
2018.04.26 01:33:51.728,0.77337,0.77347,1.00,1.00
2018.04.26 01:33:51.879,0.77336,0.77345,1.00,1.00
2018.04.26 01:33:52.489,0.77336,0.77346,1.00,1.00
2018.04.26 01:33:54.182,0.77335,0.77346,1.50,1.00
2018.04.26 01:33:54.715,0.77335,0.77347,1.50,1.50
2018.04.26 01:33:57.116,0.77336,0.77348,1.00,2.25
2018.04.26 01:33:57.622,0.77337,0.77349,1.50,1.50
2018.04.26 01:33:58.433,0.77338,0.7735,1.00,2.25
2018.04.26 01:33:59.071,0.77337,0.77349,1.50,1.00
2018.04.26 01:34:00.401,0.77338,0.7735,1.00,2.25
2018.04.26 01:34:01.051,0.77338,0.77349,1.00,1.00
2018.04.26 01:34:01.862,0.77337,0.77349,1.50,1.00
2018.04.26 01:34:08.997,0.77337,0.77348,1.50,1.00
2018.04.26 01:34:09.502,0.77336,0.77348,1.00,2.25
2018.04.26 01:34:16.893,0.77337,0.77348,1.00,1.00
2018.04.26 01:34:17.889,0.77336,0.77348,1.00,1.50
2018.04.26 01:34:19.665,0.77337,0.77348,1.00,1.00
2018.04.26 01:34:20.214,0.77336,0.77348,1.00,1.50
2018.04.26 01:34:21.052,0.77337,0.77348,1.00,1.00
2018.04.26 01:34:21.667,0.77336,0.77348,1.00,1.50
2018.04.26 01:34:26.492,0.77336,0.77347,1.00,1.00
2018.04.26 01:34:27.036,0.77335,0.77347,1.50,1.00
2018.04.26 01:34:27.574,0.77336,0.77347,1.00,1.00
2018.04.26 01:34:27.857,0.77334,0.77346,1.50,1.00
2018.04.26 01:34:28.339,0.77332,0.77344,2.25,1.00
2018.04.26 01:34:28.647,0.77332,0.77342,1.00,1.00
2018.04.26 01:34:30.117,0.77333,0.77344,1.00,1.50
2018.04.26 01:34:33.555,0.77332,0.77342,1.00,1.00
2018.04.26 01:34:33.611,0.77329,0.77341,1.50,1.00
2018.04.26 01:34:34.242,0.77328,0.7734,1.00,1.00
2018.04.26 01:34:34.800,0.77329,0.7734,1.00,1.00
2018.04.26 01:34:35.877,0.7733,0.7734,1.00,1.00
2018.04.26 01:34:37.136,0.77331,0.7734,1.00,1.00
2018.04.26 01:34:38.282,0.77332,0.7734,1.00,1.00
2018.04.26 01:34:38.333,0.77332,0.77342,1.00,1.00
2018.04.26 01:34:38.875,0.77332,0.77343,1.00,1.50
2018.04.26 01:34:39.396,0.77331,0.77343,1.00,1.50
2018.04.26 01:34:39.448,0.77332,0.77341,1.00,1.00
2018.04.26 01:34:39.500,0.77329,0.77341,1.50,3.00
2018.04.26 01:34:39.552,0.77327,0.77338,1.50,1.00
2018.04.26 01:34:39.807,0.77322,0.77334,1.50,1.50
2018.04.26 01:34:40.386,0.77321,0.77333,1.50,1.00
2018.04.26 01:34:41.013,0.77321,0.77334,1.50,1.50
2018.04.26 01:34:42.662,0.77322,0.77334,1.00,1.50
2018.04.26 01:34:43.193,0.77318,0.7733,1.00,1.50
2018.04.26 01:34:43.965,0.77319,0.7733,1.00,1.00
2018.04.26 01:34:44.512,0.77319,0.77331,1.00,1.00
2018.04.26 01:34:46.261,0.7732,0.77332,1.00,3.00
2018.04.26 01:34:46.798,0.7732,0.77331,1.00,1.00
2018.04.26 01:34:47.443,0.77319,0.77331,1.00,1.00
2018.04.26 01:34:48.537,0.77321,0.77332,1.00,1.00
2018.04.26 01:34:48.742,0.77322,0.77334,1.00,2.25
2018.04.26 01:34:48.793,0.77321,0.77332,1.00,1.00
2018.04.26 01:34:49.391,0.77322,0.77333,1.00,1.00
2018.04.26 01:34:49.921,0.77322,0.77332,1.00,1.00
2018.04.26 01:34:51.658,0.77322,0.77331,1.00,1.00
2018.04.26 01:34:52.162,0.77322,0.77332,1.00,1.00
2018.04.26 01:34:52.692,0.77321,0.77332,1.00,1.00
2018.04.26 01:34:53.457,0.77321,0.77331,1.00,1.00
2018.04.26 01:34:54.086,0.7732,0.77331,1.00,1.00
2018.04.26 01:34:57.728,0.77321,0.77332,1.00,1.50
2018.04.26 01:34:58.241,0.7732,0.77331,1.00,1.00
2018.04.26 01:34:58.802,0.77321,0.77331,1.00,1.00
2018.04.26 01:35:02.277,0.7732,0.77331,1.00,1.50
2018.04.26 01:35:02.582,0.77318,0.77329,1.00,1.50
2018.04.26 01:35:02.892,0.77313,0.77323,1.00,1.50
2018.04.26 01:35:03.232,0.77311,0.7732,1.00,1.00
2018.04.26 01:35:03.866,0.7731,0.7732,1.00,1.00
2018.04.26 01:35:05.323,0.77308,0.7732,1.00,1.50
2018.04.26 01:35:08.663,0.77309,0.7732,1.00,1.50
2018.04.26 01:35:09.763,0.77309,0.77319,1.00,1.00
2018.04.26 01:35:10.329,0.77311,0.7732,1.00,1.50
2018.04.26 01:35:10.432,0.77309,0.77321,1.00,1.00
2018.04.26 01:35:10.535,0.77312,0.77323,1.50,1.50
2018.04.26 01:35:10.882,0.77314,0.77323,1.00,1.00
2018.04.26 01:35:11.869,0.77316,0.77326,1.00,1.50
2018.04.26 01:35:14.398,0.77317,0.77328,1.00,1.00
2018.04.26 01:35:14.950,0.77318,0.77329,1.00,1.50
2018.04.26 01:35:17.799,0.77316,0.77328,1.00,1.00
2018.04.26 01:35:17.969,0.77316,0.77326,1.00,1.00
2018.04.26 01:35:18.537,0.77315,0.77327,1.00,1.50
2018.04.26 01:35:19.073,0.77315,0.77326,1.00,1.00
2018.04.26 01:35:21.527,0.77315,0.77327,1.00,3.00
2018.04.26 01:35:22.222,0.77315,0.77326,1.00,1.00
2018.04.26 01:35:26.689,0.77316,0.77327,1.00,2.25
2018.04.26 01:35:28.007,0.77317,0.77327,1.00,2.25
2018.04.26 01:35:28.526,0.77317,0.77328,1.00,1.00
2018.04.26 01:35:31.160,0.77316,0.77328,1.00,1.50
2018.04.26 01:35:31.496,0.77316,0.77326,1.00,1.00
2018.04.26 01:35:32.012,0.77317,0.77327,1.00,1.00
2018.04.26 01:35:32.524,0.77317,0.77328,1.00,1.50
2018.04.26 01:35:33.942,0.77316,0.77328,1.00,1.50
2018.04.26 01:35:34.429,0.77316,0.77326,1.00,1.00
2018.04.26 01:35:34.769,0.77318,0.77328,1.00,1.35
2018.04.26 01:35:36.357,0.77318,0.77329,1.00,1.50
2018.04.26 01:35:36.459,0.77319,0.77331,1.00,2.25
2018.04.26 01:35:37.079,0.7732,0.77331,1.00,2.25
2018.04.26 01:35:37.643,0.77319,0.77331,1.00,2.25
2018.04.26 01:35:37.826,0.77318,0.77328,1.00,1.50
2018.04.26 01:35:37.877,0.77316,0.77328,1.00,1.50
2018.04.26 01:35:40.411,0.77316,0.77327,1.50,1.00
2018.04.26 01:35:40.950,0.77317,0.77327,1.00,1.00
2018.04.26 01:35:41.892,0.77318,0.77327,1.00,1.00
2018.04.26 01:35:42.629,0.77318,0.77328,1.00,1.00
2018.04.26 01:35:43.348,0.7732,0.77331,1.00,3.00
2018.04.26 01:35:43.907,0.77321,0.77331,1.00,1.00
2018.04.26 01:35:44.410,0.7732,0.77332,1.50,1.50
2018.04.26 01:35:45.151,0.77321,0.77332,1.00,1.50
2018.04.26 01:35:46.932,0.7732,0.77332,1.00,2.25
2018.04.26 01:35:48.247,0.7732,0.77331,1.00,1.50
2018.04.26 01:35:48.306,0.77318,0.77331,2.25,2.25
2018.04.26 01:35:48.781,0.77318,0.77329,1.00,1.00
2018.04.26 01:35:51.412,0.77319,0.77329,1.00,1.00
2018.04.26 01:35:51.614,0.7732,0.77331,1.00,2.10
2018.04.26 01:35:51.949,0.77318,0.7733,1.00,1.50
2018.04.26 01:35:52.001,0.77317,0.77328,1.00,1.50
2018.04.26 01:35:52.506,0.77316,0.77326,1.00,1.50
2018.04.26 01:35:53.052,0.77316,0.77325,1.00,1.00
2018.04.26 01:35:55.653,0.77314,0.77325,1.00,1.50
2018.04.26 01:35:58.623,0.77315,0.77325,1.00,1.00
2018.04.26 01:35:59.302,0.77315,0.77326,1.00,1.50
2018.04.26 01:36:01.956,0.77316,0.77326,1.00,1.00
2018.04.26 01:36:02.505,0.77316,0.77327,1.00,1.50
2018.04.26 01:36:04.071,0.77315,0.77326,1.00,1.60
2018.04.26 01:36:04.174,0.77312,0.77323,1.00,1.00
2018.04.26 01:36:04.724,0.77311,0.77322,1.00,1.00
2018.04.26 01:36:05.390,0.77312,0.77322,1.00,1.00
2018.04.26 01:36:06.116,0.77312,0.77323,1.00,1.50
2018.04.26 01:36:09.341,0.77313,0.77323,1.00,1.00
2018.04.26 01:36:10.102,0.77313,0.77324,1.00,1.50
2018.04.26 01:36:11.076,0.77312,0.77324,1.50,2.25
2018.04.26 01:36:11.503,0.77311,0.77322,1.00,1.00
2018.04.26 01:36:11.845,0.77313,0.77323,1.00,1.00
2018.04.26 01:36:13.833,0.77312,0.77323,1.50,1.00
2018.04.26 01:36:14.301,0.77311,0.77321,1.00,1.00
2018.04.26 01:36:14.862,0.7731,0.77321,1.50,1.00
2018.04.26 01:36:19.597,0.77309,0.77321,1.50,1.00
2018.04.26 01:36:23.745,0.7731,0.77321,1.00,1.00
2018.04.26 01:36:24.265,0.7731,0.77322,1.00,1.50
2018.04.26 01:36:30.541,0.77311,0.77322,1.00,1.50
2018.04.26 01:36:32.817,0.77311,0.77321,1.00,1.00
2018.04.26 01:36:33.390,0.7731,0.77321,1.00,1.50
2018.04.26 01:36:35.087,0.77309,0.77321,1.50,1.50
2018.04.26 01:36:36.915,0.7731,0.77321,1.00,1.00
2018.04.26 01:36:37.499,0.77311,0.77321,1.00,1.00
2018.04.26 01:36:38.046,0.77311,0.77322,1.00,1.50
2018.04.26 01:36:39.010,0.7731,0.77322,1.00,1.00
2018.04.26 01:36:40.736,0.77311,0.77322,1.00,1.00
2018.04.26 01:36:41.863,0.7731,0.77322,1.00,1.00
2018.04.26 01:36:42.168,0.7731,0.77319,1.00,1.00
2018.04.26 01:36:42.320,0.77304,0.77316,1.00,1.50
2018.04.26 01:36:42.371,0.77303,0.77309,1.50,1.00
2018.04.26 01:36:42.472,0.77301,0.77309,1.00,1.50
2018.04.26 01:36:43.016,0.77302,0.77311,1.00,1.50
2018.04.26 01:36:43.838,0.77301,0.77311,1.00,1.50
2018.04.26 01:36:44.564,0.77302,0.77311,1.00,1.50
2018.04.26 01:36:49.495,0.77301,0.77311,1.00,1.50
2018.04.26 01:36:49.648,0.773,0.77309,1.50,1.00
2018.04.26 01:36:49.803,0.77301,0.77311,1.00,1.50
2018.04.26 01:36:51.409,0.77302,0.77311,1.00,1.00
2018.04.26 01:36:52.917,0.77304,0.77311,1.00,1.00
2018.04.26 01:36:53.025,0.77302,0.77311,1.00,1.00
2018.04.26 01:36:57.213,0.77301,0.77311,1.00,1.00
2018.04.26 01:36:59.332,0.773,0.77311,1.00,1.00
2018.04.26 01:36:59.860,0.77299,0.7731,1.00,2.25
2018.04.26 01:37:01.518,0.773,0.7731,1.00,2.25
2018.04.26 01:37:02.085,0.773,0.77309,1.00,1.00
2018.04.26 01:37:02.696,0.773,0.7731,1.00,2.25
2018.04.26 01:37:03.207,0.77299,0.7731,1.00,2.25
2018.04.26 01:37:03.362,0.77299,0.77307,1.00,1.00
2018.04.26 01:37:03.889,0.77298,0.77307,1.00,1.00
2018.04.26 01:37:03.940,0.77296,0.77307,1.00,1.50
2018.04.26 01:37:08.861,0.77296,0.77306,1.00,1.00
2018.04.26 01:37:09.168,0.77298,0.77306,1.00,1.00
2018.04.26 01:37:10.490,0.77299,0.77307,1.00,1.00
2018.04.26 01:37:10.746,0.77303,0.77313,1.50,1.50
2018.04.26 01:37:10.899,0.77301,0.77311,1.50,1.50
2018.04.26 01:37:12.101,0.77301,0.77309,1.00,1.00
2018.04.26 01:37:13.894,0.77299,0.77309,1.00,1.00
2018.04.26 01:37:14.556,0.77297,0.77307,1.00,1.00
2018.04.26 01:37:15.257,0.77297,0.77308,1.00,1.50
2018.04.26 01:37:15.646,0.77297,0.77306,1.00,1.00
2018.04.26 01:37:16.335,0.77298,0.77308,1.00,1.00
2018.04.26 01:37:16.846,0.77299,0.77308,1.00,1.00
2018.04.26 01:37:17.570,0.773,0.77308,1.00,1.00
2018.04.26 01:37:19.505,0.77299,0.77308,1.00,1.00
2018.04.26 01:37:20.034,0.77298,0.77308,1.00,1.00
2018.04.26 01:37:20.635,0.77299,0.77308,1.00,1.00
2018.04.26 01:37:21.477,0.77298,0.77308,1.00,1.50
2018.04.26 01:37:25.340,0.77299,0.77309,1.00,1.00
2018.04.26 01:37:25.901,0.77298,0.77309,1.00,1.00
2018.04.26 01:37:26.742,0.77299,0.77309,1.00,1.50
2018.04.26 01:37:29.998,0.77298,0.77309,1.50,1.00
2018.04.26 01:37:30.231,0.773,0.7731,1.00,1.00
2018.04.26 01:37:30.281,0.77298,0.7731,1.00,1.50
2018.04.26 01:37:30.793,0.77298,0.77309,1.00,1.00
2018.04.26 01:37:31.511,0.77298,0.77308,1.00,1.00
2018.04.26 01:37:32.155,0.77297,0.77307,1.00,1.50
2018.04.26 01:37:32.358,0.77297,0.77305,1.00,1.00
2018.04.26 01:37:32.460,0.77294,0.77305,1.00,1.50
2018.04.26 01:37:32.619,0.77293,0.77303,1.00,2.25
2018.04.26 01:37:33.351,0.77297,0.77304,1.50,1.00
2018.04.26 01:37:33.453,0.77297,0.77308,2.25,1.00
2018.04.26 01:37:33.645,0.77299,0.77308,1.00,1.00
2018.04.26 01:37:35.067,0.77297,0.77308,2.25,1.50
2018.04.26 01:37:35.636,0.77297,0.77307,1.00,1.00
2018.04.26 01:37:36.343,0.77297,0.77308,1.00,1.50
2018.04.26 01:37:37.653,0.77298,0.77308,1.00,1.50
2018.04.26 01:37:38.203,0.77299,0.77308,1.00,1.00
2018.04.26 01:37:39.630,0.77299,0.7731,1.00,1.35
2018.04.26 01:37:41.932,0.77299,0.77311,1.00,3.00
2018.04.26 01:37:42.752,0.773,0.77309,1.00,1.00
2018.04.26 01:37:42.924,0.77298,0.77308,2.25,1.00
2018.04.26 01:37:43.183,0.773,0.77309,1.00,1.00
2018.04.26 01:37:43.236,0.773,0.77311,1.00,1.00
2018.04.26 01:37:43.801,0.77301,0.77312,2.25,1.00
2018.04.26 01:37:46.222,0.77302,0.77312,1.00,1.00
2018.04.26 01:37:46.325,0.77305,0.77315,1.00,1.00
2018.04.26 01:37:46.845,0.77304,0.77314,1.50,1.00
2018.04.26 01:37:47.152,0.77311,0.77322,1.50,1.00
2018.04.26 01:37:49.383,0.77312,0.77322,1.00,1.00
2018.04.26 01:37:49.747,0.77314,0.77325,1.00,1.00
2018.04.26 01:37:49.980,0.77313,0.77323,1.50,1.00
2018.04.26 01:37:50.367,0.77315,0.77323,1.00,1.00
2018.04.26 01:37:50.870,0.77314,0.77324,1.00,1.00
2018.04.26 01:37:53.891,0.77314,0.77325,1.50,1.00
2018.04.26 01:37:54.412,0.77315,0.77326,1.00,1.00
2018.04.26 01:37:54.934,0.77315,0.77325,1.00,1.00
2018.04.26 01:37:57.013,0.77316,0.77325,1.00,1.00
2018.04.26 01:37:57.664,0.77315,0.77325,1.00,1.00
2018.04.26 01:37:58.403,0.77316,0.77326,1.00,1.00
2018.04.26 01:37:59.110,0.77317,0.77326,1.00,1.00
2018.04.26 01:38:00.375,0.77317,0.77327,1.00,1.00
2018.04.26 01:38:03.444,0.77317,0.77326,1.00,1.00
2018.04.26 01:38:04.084,0.77316,0.77326,1.00,1.00
2018.04.26 01:38:04.587,0.77315,0.77326,1.50,1.00
2018.04.26 01:38:08.637,0.77316,0.77327,1.00,1.00
2018.04.26 01:38:08.962,0.77323,0.77333,1.00,2.25
2018.04.26 01:38:15.366,0.77324,0.77333,1.00,2.25
2018.04.26 01:38:16.644,0.77324,0.77334,1.00,1.00
2018.04.26 01:38:17.239,0.77323,0.77334,1.00,1.50
2018.04.26 01:38:18.163,0.77324,0.77335,1.00,1.00
2018.04.26 01:38:18.501,0.77321,0.77332,1.00,1.00
2018.04.26 01:38:19.129,0.7732,0.77331,1.00,1.00
2018.04.26 01:38:22.067,0.7732,0.77332,1.00,1.50
2018.04.26 01:38:22.371,0.77325,0.77335,1.00,1.50
2018.04.26 01:38:22.674,0.77323,0.77333,1.00,1.00
2018.04.26 01:38:23.185,0.77322,0.77333,1.00,1.00
2018.04.26 01:38:24.122,0.77321,0.77333,1.50,1.00
2018.04.26 01:38:24.706,0.77321,0.77332,1.50,1.00
2018.04.26 01:38:25.903,0.77321,0.77331,1.50,1.00
2018.04.26 01:38:26.264,0.7732,0.77329,1.00,1.00
2018.04.26 01:38:26.781,0.77319,0.77328,1.00,1.00
2018.04.26 01:38:27.321,0.77318,0.77328,1.50,1.00
2018.04.26 01:38:27.527,0.77319,0.7733,1.00,1.00
2018.04.26 01:38:30.213,0.77319,0.77331,1.00,1.00
2018.04.26 01:38:30.743,0.77319,0.77332,1.00,2.25
2018.04.26 01:38:31.552,0.7732,0.77332,1.00,1.50
2018.04.26 01:38:31.882,0.77322,0.77332,1.00,1.00
2018.04.26 01:38:32.703,0.77322,0.77334,1.00,1.50
2018.04.26 01:38:33.288,0.77323,0.77334,1.00,1.00
2018.04.26 01:38:34.254,0.77319,0.7733,1.00,1.00
2018.04.26 01:38:34.408,0.77315,0.77327,1.50,2.25
2018.04.26 01:38:35.324,0.77317,0.77328,1.50,1.00
2018.04.26 01:38:35.477,0.77318,0.7733,1.50,1.00
2018.04.26 01:38:35.982,0.77319,0.7733,1.00,1.00
2018.04.26 01:38:40.620,0.77319,0.77332,1.50,3.00
2018.04.26 01:38:42.930,0.7732,0.77332,1.00,1.50
2018.04.26 01:38:43.698,0.77319,0.77332,1.50,2.25
2018.04.26 01:38:47.741,0.77319,0.77331,2.25,1.00
2018.04.26 01:38:47.845,0.77317,0.77329,3.75,1.00
2018.04.26 01:38:48.353,0.77318,0.7733,1.00,1.50
2018.04.26 01:38:50.818,0.7732,0.7733,1.00,1.00
2018.04.26 01:38:50.870,0.7732,0.77332,1.00,1.50
2018.04.26 01:38:51.023,0.77322,0.77332,1.00,1.00
2018.04.26 01:38:51.681,0.77322,0.77333,1.00,1.00
2018.04.26 01:38:52.624,0.77322,0.77335,3.00,1.50
2018.04.26 01:38:53.174,0.77323,0.77335,1.50,1.50
2018.04.26 01:38:54.456,0.77325,0.77336,1.00,1.00
2018.04.26 01:38:54.610,0.77322,0.77335,2.25,1.00
2018.04.26 01:38:55.141,0.77322,0.77334,2.25,1.00
2018.04.26 01:38:56.773,0.77322,0.77333,1.50,1.00
2018.04.26 01:38:57.320,0.77321,0.77332,1.00,1.00
2018.04.26 01:38:57.372,0.77323,0.77333,1.00,1.00
2018.04.26 01:38:57.474,0.77321,0.77333,3.00,1.50
2018.04.26 01:38:58.820,0.77321,0.77332,1.00,1.00
2018.04.26 01:38:59.398,0.77321,0.77333,1.50,1.00
2018.04.26 01:38:59.903,0.77321,0.77334,1.50,1.50
2018.04.26 01:39:02.135,0.77321,0.77333,1.50,1.00
2018.04.26 01:39:04.590,0.77321,0.77334,1.50,1.00
2018.04.26 01:39:09.603,0.77321,0.77333,1.00,1.00
2018.04.26 01:39:10.109,0.7732,0.77332,1.50,1.50
2018.04.26 01:39:10.915,0.7732,0.77331,1.00,1.00
2018.04.26 01:39:11.678,0.7732,0.77332,1.00,1.50
2018.04.26 01:39:14.221,0.77321,0.77333,1.50,1.00
2018.04.26 01:39:14.916,0.77322,0.77334,1.00,1.00
2018.04.26 01:39:16.014,0.77323,0.77335,1.00,2.10
2018.04.26 01:39:16.903,0.77326,0.77335,1.00,1.00
2018.04.26 01:39:16.955,0.77326,0.77337,1.00,1.50
2018.04.26 01:39:17.160,0.77327,0.77339,1.00,1.50
2018.04.26 01:39:17.729,0.77328,0.7734,1.00,1.00
2018.04.26 01:39:19.592,0.77328,0.77339,1.00,1.00
2018.04.26 01:39:21.491,0.77328,0.7734,1.00,1.50
2018.04.26 01:39:22.213,0.77329,0.7734,1.00,1.00
2018.04.26 01:39:22.744,0.7733,0.7734,1.00,1.00
2018.04.26 01:39:23.294,0.77329,0.7734,1.00,1.00
2018.04.26 01:39:23.601,0.77331,0.7734,1.00,1.00
2018.04.26 01:39:24.977,0.77331,0.77343,1.00,2.10
2018.04.26 01:39:28.578,0.77331,0.77342,1.00,1.00
2018.04.26 01:39:28.630,0.77329,0.77342,3.75,1.00
2018.04.26 01:39:29.044,0.77329,0.7734,1.00,1.00
2018.04.26 01:39:29.682,0.77328,0.7734,1.00,1.50
2018.04.26 01:39:30.519,0.77331,0.77343,1.50,1.00
2018.04.26 01:39:31.043,0.77332,0.77343,1.50,1.00
2018.04.26 01:39:32.400,0.77331,0.77343,1.50,1.50
2018.04.26 01:39:33.247,0.77331,0.77342,1.00,1.00
2018.04.26 01:39:34.253,0.77331,0.77343,1.50,1.50
2018.04.26 01:39:36.055,0.7733,0.77341,1.00,1.00
2018.04.26 01:39:36.365,0.77327,0.77337,1.00,1.00
2018.04.26 01:39:40.317,0.77327,0.77338,1.00,1.00
2018.04.26 01:39:44.952,0.77327,0.77339,1.50,1.50
2018.04.26 01:39:45.482,0.77328,0.77339,1.00,1.00
2018.04.26 01:39:46.416,0.77328,0.7734,1.00,1.50
2018.04.26 01:39:46.733,0.7733,0.77342,1.00,2.25
2018.04.26 01:39:49.063,0.77329,0.77341,1.50,1.00
2018.04.26 01:39:49.593,0.77329,0.77342,2.25,2.25
2018.04.26 01:39:51.069,0.77329,0.77342,2.85,2.25
2018.04.26 01:39:51.376,0.77332,0.77344,1.50,1.00
2018.04.26 01:39:51.929,0.77332,0.77343,1.00,1.00
2018.04.26 01:39:53.903,0.77331,0.77342,1.00,1.00
2018.04.26 01:39:54.159,0.77332,0.77344,1.50,1.50
2018.04.26 01:40:00.836,0.77331,0.77342,1.00,1.00
2018.04.26 01:40:00.938,0.77328,0.77341,3.00,1.50
2018.04.26 01:40:01.267,0.77328,0.77339,1.00,1.00
2018.04.26 01:40:02.022,0.77326,0.77338,1.35,1.50
2018.04.26 01:40:02.255,0.77323,0.77335,5.85,1.00
2018.04.26 01:40:02.306,0.77323,0.77335,3.75,1.00
2018.04.26 01:40:02.789,0.77325,0.77337,1.00,1.00
2018.04.26 01:40:04.895,0.77325,0.77336,2.25,1.00
2018.04.26 01:40:05.260,0.77323,0.77336,1.50,1.50
2018.04.26 01:40:05.665,0.77322,0.77334,2.25,1.00
2018.04.26 01:40:08.370,0.77322,0.77333,1.00,1.00
2018.04.26 01:40:08.882,0.77321,0.77333,1.50,1.00
2018.04.26 01:40:12.060,0.77319,0.77331,1.00,1.00
2018.04.26 01:40:12.384,0.77317,0.77329,1.00,2.25
2018.04.26 01:40:12.695,0.7732,0.77331,1.00,1.50
2018.04.26 01:40:13.208,0.77319,0.77331,1.50,1.00
2018.04.26 01:40:13.809,0.77319,0.77332,2.25,1.50
2018.04.26 01:40:14.114,0.77321,0.77333,1.50,1.00
2018.04.26 01:40:15.982,0.77321,0.77332,1.00,1.00
2018.04.26 01:40:16.659,0.77321,0.77331,1.00,1.00
2018.04.26 01:40:17.194,0.77321,0.77332,1.00,1.50
2018.04.26 01:40:17.511,0.77321,0.7733,1.00,1.00
2018.04.26 01:40:17.562,0.77319,0.7733,1.00,1.00
2018.04.26 01:40:18.081,0.77318,0.77329,1.50,1.00
2018.04.26 01:40:18.699,0.77319,0.77329,1.00,1.00
2018.04.26 01:40:19.252,0.7732,0.77329,1.00,1.00
2018.04.26 01:40:19.303,0.77319,0.77331,3.00,1.00
2018.04.26 01:40:19.560,0.7732,0.77333,1.50,2.25
2018.04.26 01:40:20.088,0.77321,0.77333,1.00,2.25
2018.04.26 01:40:23.916,0.77322,0.77334,1.00,1.00
2018.04.26 01:40:27.264,0.77321,0.77334,2.25,1.00
2018.04.26 01:40:29.113,0.77321,0.77333,2.10,1.00
2018.04.26 01:40:29.316,0.77321,0.77331,1.35,1.00
2018.04.26 01:40:30.541,0.77321,0.77332,1.35,1.00
2018.04.26 01:40:33.244,0.77321,0.77333,1.35,1.00
2018.04.26 01:40:33.775,0.77321,0.77334,2.10,2.25
2018.04.26 01:40:34.437,0.77322,0.77334,1.00,1.50
2018.04.26 01:40:35.610,0.77322,0.77335,1.50,1.50
2018.04.26 01:40:37.460,0.77324,0.77337,1.50,2.25
2018.04.26 01:40:37.960,0.77325,0.77335,1.00,1.00
2018.04.26 01:40:38.432,0.77322,0.77334,3.75,1.00
2018.04.26 01:40:38.981,0.77322,0.77333,1.00,1.00
2018.04.26 01:40:39.032,0.7732,0.77333,3.00,1.50
2018.04.26 01:40:39.813,0.7732,0.77332,2.25,1.00
2018.04.26 01:40:40.971,0.77321,0.77333,1.00,1.50
2018.04.26 01:40:41.481,0.77322,0.77333,1.00,1.00
2018.04.26 01:40:44.352,0.77323,0.77334,1.50,1.00
2018.04.26 01:40:44.404,0.77325,0.77334,1.00,1.00
2018.04.26 01:40:44.455,0.77325,0.77336,1.00,1.50
2018.04.26 01:40:48.495,0.77323,0.77335,1.50,1.50
2018.04.26 01:40:50.139,0.77321,0.77333,1.50,1.00
2018.04.26 01:40:50.547,0.77319,0.77332,3.00,1.50
2018.04.26 01:40:51.650,0.7732,0.77332,1.00,1.50
2018.04.26 01:40:54.511,0.77319,0.77331,1.50,1.00
2018.04.26 01:40:54.716,0.77317,0.77329,1.50,1.50
2018.04.26 01:40:56.906,0.77317,0.77328,1.00,1.00
2018.04.26 01:40:58.697,0.77318,0.7733,1.00,2.25
2018.04.26 01:40:59.665,0.77317,0.77329,1.00,1.00
2018.04.26 01:41:00.184,0.77317,0.77328,1.00,1.00
2018.04.26 01:41:00.339,0.77319,0.77329,1.00,1.00
2018.04.26 01:41:00.391,0.77319,0.77331,1.50,1.00
2018.04.26 01:41:00.518,0.77323,0.77334,1.50,1.00
2018.04.26 01:41:00.671,0.77323,0.77336,2.25,1.50
2018.04.26 01:41:04.542,0.77324,0.77336,1.00,1.00
2018.04.26 01:41:09.290,0.77325,0.77336,1.50,1.00
2018.04.26 01:41:09.596,0.77323,0.77335,2.25,1.00
2018.04.26 01:41:10.548,0.77321,0.77333,2.85,1.00
2018.04.26 01:41:11.121,0.77323,0.77334,1.00,1.00
2018.04.26 01:41:14.585,0.77324,0.77336,1.50,1.50
2018.04.26 01:41:14.687,0.77326,0.77336,1.50,1.00
2018.04.26 01:41:15.224,0.77325,0.77337,1.50,1.50
2018.04.26 01:41:15.792,0.77325,0.77336,1.50,1.00
2018.04.26 01:41:16.101,0.77327,0.77337,1.00,1.00
2018.04.26 01:41:20.345,0.77325,0.77337,1.00,1.50
2018.04.26 01:41:22.048,0.77326,0.77338,1.50,1.50
2018.04.26 01:41:23.490,0.77325,0.77337,2.25,1.00
2018.04.26 01:41:24.034,0.77325,0.77338,3.00,1.50
2018.04.26 01:41:24.566,0.77326,0.77338,1.50,1.50
2018.04.26 01:41:25.104,0.77329,0.7734,1.00,1.50
2018.04.26 01:41:25.360,0.77327,0.7734,3.60,1.50
2018.04.26 01:41:27.005,0.77327,0.77339,2.10,1.00
2018.04.26 01:41:28.627,0.77327,0.7734,2.10,1.50
2018.04.26 01:41:29.208,0.77328,0.7734,1.00,1.50
2018.04.26 01:41:42.457,0.77328,0.77338,1.00,1.00
2018.04.26 01:41:42.967,0.77328,0.7734,1.00,2.25
2018.04.26 01:41:43.473,0.77329,0.7734,1.00,1.50
2018.04.26 01:41:44.794,0.77329,0.77341,3.00,1.00
2018.04.26 01:41:46.985,0.77329,0.7734,1.50,1.00
2018.04.26 01:41:47.426,0.77327,0.77339,1.00,1.50
2018.04.26 01:41:47.943,0.77327,0.77338,1.00,1.50
2018.04.26 01:41:48.045,0.77328,0.7734,1.50,1.50
2018.04.26 01:41:48.575,0.77329,0.7734,1.50,1.00
2018.04.26 01:41:50.056,0.77328,0.7734,1.50,1.00
2018.04.26 01:41:51.291,0.77329,0.7734,1.00,1.00
2018.04.26 01:41:59.496,0.7733,0.7734,1.50,1.00
2018.04.26 01:41:59.700,0.7733,0.77342,1.50,1.00
2018.04.26 01:42:01.107,0.77329,0.77342,2.25,1.00
2018.04.26 01:42:02.151,0.77328,0.77341,1.00,1.50
2018.04.26 01:42:02.733,0.77328,0.7734,1.00,1.00
2018.04.26 01:42:02.785,0.77327,0.77337,1.00,1.00
2018.04.26 01:42:02.837,0.77325,0.77337,1.50,1.50
2018.04.26 01:42:02.940,0.77323,0.77335,1.00,1.00
2018.04.26 01:42:03.486,0.77323,0.77334,1.00,1.00
2018.04.26 01:42:04.591,0.77322,0.77334,1.00,1.00
2018.04.26 01:42:05.125,0.77323,0.77334,1.00,1.00
2018.04.26 01:42:05.644,0.77322,0.77333,1.00,1.00
2018.04.26 01:42:06.192,0.77321,0.77333,1.50,1.00
2018.04.26 01:42:10.675,0.77322,0.77333,1.00,1.00
2018.04.26 01:42:10.727,0.77322,0.77335,1.00,2.25
2018.04.26 01:42:11.958,0.77323,0.77335,1.00,1.50
2018.04.26 01:42:12.496,0.77322,0.77335,1.00,1.50
2018.04.26 01:42:12.999,0.77322,0.77334,1.00,1.00
2018.04.26 01:42:13.534,0.77321,0.77334,1.50,1.00
2018.04.26 01:42:13.586,0.77323,0.77334,1.00,1.00
2018.04.26 01:42:14.171,0.77322,0.77334,1.00,1.00
2018.04.26 01:42:14.706,0.77323,0.77335,1.50,1.50
2018.04.26 01:42:15.240,0.77324,0.77335,1.00,1.00
2018.04.26 01:42:15.744,0.77323,0.77335,1.50,1.50
2018.04.26 01:42:18.341,0.77324,0.77336,1.00,1.00
2018.04.26 01:42:19.590,0.77323,0.77336,2.25,1.00
2018.04.26 01:42:20.979,0.77324,0.77336,1.00,1.00
2018.04.26 01:42:24.111,0.77323,0.77335,1.00,1.00
2018.04.26 01:42:24.893,0.77323,0.77334,1.00,1.00
2018.04.26 01:42:25.602,0.77323,0.77335,1.00,1.00
2018.04.26 01:42:26.594,0.77323,0.77334,1.00,1.00
2018.04.26 01:42:35.065,0.7732,0.77332,3.00,1.00
2018.04.26 01:42:35.617,0.77318,0.7733,1.50,1.00
2018.04.26 01:42:38.786,0.77318,0.77331,2.25,1.50
2018.04.26 01:42:39.569,0.77318,0.7733,1.50,1.00
2018.04.26 01:42:40.154,0.77318,0.77331,2.25,1.50
2018.04.26 01:42:40.707,0.77318,0.7733,2.25,1.00
2018.04.26 01:42:44.009,0.77318,0.77329,1.50,1.00
2018.04.26 01:42:46.536,0.77318,0.7733,1.50,1.35
2018.04.26 01:42:48.520,0.77317,0.7733,1.00,1.35
2018.04.26 01:42:49.077,0.77316,0.77328,1.50,1.00
2018.04.26 01:42:49.739,0.77317,0.77329,1.00,1.00
2018.04.26 01:42:50.397,0.77316,0.77329,1.50,1.50
2018.04.26 01:42:50.933,0.77317,0.77329,1.00,1.50
2018.04.26 01:42:51.086,0.77318,0.77331,2.25,2.10
2018.04.26 01:42:52.330,0.77318,0.7733,1.00,1.50
2018.04.26 01:42:52.851,0.77318,0.77329,1.00,1.00
2018.04.26 01:42:53.612,0.77316,0.77329,3.00,1.50
2018.04.26 01:42:56.302,0.77316,0.77327,2.25,1.00
2018.04.26 01:42:56.660,0.77314,0.77325,1.00,1.00
2018.04.26 01:42:57.285,0.77313,0.77325,1.00,1.00
2018.04.26 01:42:57.905,0.77314,0.77325,1.00,1.00
2018.04.26 01:42:58.420,0.77315,0.77326,1.00,1.00
2018.04.26 01:43:01.603,0.77315,0.77325,1.00,1.00
2018.04.26 01:43:02.141,0.77314,0.77325,1.00,1.00
2018.04.26 01:43:08.993,0.77314,0.77326,1.00,1.00
2018.04.26 01:43:09.504,0.77315,0.77327,1.50,1.00
2018.04.26 01:43:18.837,0.77315,0.77326,1.00,1.00
2018.04.26 01:43:19.356,0.77315,0.77327,1.50,1.00
2018.04.26 01:43:19.948,0.77314,0.77325,1.50,1.00
2018.04.26 01:43:20.101,0.77312,0.77324,2.25,1.00
2018.04.26 01:43:20.609,0.77312,0.77325,2.25,1.00
2018.04.26 01:43:20.660,0.77314,0.77325,1.00,1.00
2018.04.26 01:43:21.875,0.77314,0.77326,1.50,1.00
2018.04.26 01:43:22.385,0.77315,0.77326,1.00,1.00
2018.04.26 01:43:22.587,0.77315,0.77328,1.00,1.50
2018.04.26 01:43:23.113,0.77316,0.77329,1.50,2.10
2018.04.26 01:43:23.333,0.77316,0.77327,1.00,1.00
2018.04.26 01:43:23.935,0.77316,0.77328,1.50,1.00
2018.04.26 01:43:32.891,0.77316,0.77327,1.00,1.00
2018.04.26 01:43:34.549,0.77316,0.77328,1.00,1.50
2018.04.26 01:43:35.145,0.77315,0.77324,1.00,1.00
2018.04.26 01:43:35.197,0.77312,0.77324,1.00,1.00
2018.04.26 01:43:35.299,0.77314,0.77325,1.00,1.00
2018.04.26 01:43:35.917,0.77313,0.77325,1.50,1.50
2018.04.26 01:43:36.608,0.77315,0.77327,1.00,1.50
2018.04.26 01:43:36.711,0.77316,0.77329,2.25,1.50
2018.04.26 01:43:37.828,0.77316,0.77328,2.25,1.00
2018.04.26 01:43:38.353,0.77314,0.77326,2.10,1.00
2018.04.26 01:43:45.223,0.77314,0.77325,2.85,1.00
2018.04.26 01:43:49.201,0.77313,0.77325,1.50,1.00
2018.04.26 01:43:49.736,0.77313,0.77326,2.25,1.50
2018.04.26 01:43:50.344,0.77314,0.77326,1.00,1.50
2018.04.26 01:43:51.868,0.77315,0.77326,1.00,1.00
2018.04.26 01:43:57.847,0.77315,0.77327,1.00,1.00
2018.04.26 01:43:58.410,0.77316,0.77328,1.00,1.00
2018.04.26 01:44:03.961,0.77317,0.77329,1.00,1.50
2018.04.26 01:44:04.269,0.77321,0.77332,1.00,1.00
2018.04.26 01:44:08.079,0.77321,0.77333,1.50,1.00
2018.04.26 01:44:08.645,0.77322,0.77333,1.00,1.00
2018.04.26 01:44:09.164,0.7732,0.77332,1.50,1.00
2018.04.26 01:44:10.321,0.7732,0.77331,1.00,1.50
2018.04.26 01:44:10.372,0.77318,0.7733,1.00,1.00
2018.04.26 01:44:10.904,0.77317,0.77329,2.25,1.00
2018.04.26 01:44:20.596,0.77317,0.77328,1.00,1.00
2018.04.26 01:44:25.218,0.77317,0.77329,1.50,1.50
2018.04.26 01:44:26.479,0.77317,0.77328,1.00,1.00
2018.04.26 01:44:26.671,0.77315,0.77328,1.50,2.25
2018.04.26 01:44:26.824,0.77315,0.77326,1.50,1.00
2018.04.26 01:44:29.301,0.77315,0.77328,1.50,2.25
2018.04.26 01:44:29.689,0.77315,0.77326,1.50,1.00
2018.04.26 01:44:33.070,0.77315,0.77327,1.50,1.00
2018.04.26 01:44:33.679,0.77316,0.77328,1.00,1.50
2018.04.26 01:44:34.277,0.77316,0.77329,1.00,1.50
2018.04.26 01:44:34.981,0.77316,0.77328,1.00,1.00
2018.04.26 01:44:35.485,0.77315,0.77327,3.00,1.00
2018.04.26 01:44:36.901,0.77315,0.77326,1.00,1.00
2018.04.26 01:44:37.417,0.77314,0.77326,1.50,1.00
2018.04.26 01:44:38.361,0.77315,0.77326,1.00,1.00
2018.04.26 01:44:38.412,0.77317,0.77329,1.00,1.00
2018.04.26 01:44:42.364,0.77317,0.77328,1.50,1.00
2018.04.26 01:44:42.876,0.77316,0.77329,3.00,1.00
2018.04.26 01:44:43.147,0.77318,0.77329,1.00,1.00
2018.04.26 01:44:44.304,0.77318,0.77328,1.00,1.00
2018.04.26 01:44:44.670,0.77316,0.77328,2.25,1.50
2018.04.26 01:44:45.252,0.77317,0.77329,1.00,1.00
2018.04.26 01:44:45.761,0.77318,0.77329,1.00,1.00
2018.04.26 01:44:46.872,0.77319,0.77329,1.00,1.00
2018.04.26 01:44:49.729,0.77317,0.77329,1.00,1.50
2018.04.26 01:44:50.272,0.77316,0.77328,2.85,1.00
2018.04.26 01:44:51.159,0.77317,0.77329,1.00,2.25
2018.04.26 01:44:51.880,0.77316,0.77328,2.85,1.00
2018.04.26 01:44:55.805,0.77317,0.77328,1.00,1.00
2018.04.26 01:44:56.009,0.77318,0.7733,3.00,1.00
2018.04.26 01:44:56.732,0.77319,0.77331,1.00,1.50
2018.04.26 01:44:59.728,0.77318,0.77331,1.50,2.25
2018.04.26 01:45:00.428,0.77318,0.7733,1.50,1.00
2018.04.26 01:45:00.582,0.77316,0.77328,1.35,1.00
2018.04.26 01:45:01.109,0.77315,0.77328,2.25,1.50
2018.04.26 01:45:02.137,0.77315,0.77326,1.50,1.00
2018.04.26 01:45:02.790,0.77315,0.77325,1.00,1.00
2018.04.26 01:45:02.950,0.77313,0.77325,3.00,1.00
2018.04.26 01:45:03.573,0.77313,0.77326,2.25,1.50
2018.04.26 01:45:04.571,0.77313,0.77325,3.00,1.00
2018.04.26 01:45:05.158,0.77313,0.77324,1.50,1.00
2018.04.26 01:45:05.363,0.77311,0.77324,3.00,1.00
2018.04.26 01:45:06.412,0.77312,0.77324,1.00,1.50
2018.04.26 01:45:07.613,0.77315,0.77326,1.00,1.00
2018.04.26 01:45:10.418,0.77313,0.77326,3.60,1.50
2018.04.26 01:45:10.952,0.77313,0.77325,2.25,1.00
2018.04.26 01:45:12.050,0.77313,0.77324,1.00,1.00
2018.04.26 01:45:12.444,0.77311,0.77323,2.25,1.00
2018.04.26 01:45:13.125,0.77311,0.77322,1.50,1.00
2018.04.26 01:45:13.667,0.77311,0.77321,1.00,1.00
2018.04.26 01:45:13.718,0.77309,0.77321,3.00,1.00
2018.04.26 01:45:15.166,0.7731,0.77321,1.00,1.00
2018.04.26 01:45:19.292,0.7731,0.7732,1.00,1.00
2018.04.26 01:45:19.805,0.77309,0.77321,1.00,1.00
2018.04.26 01:45:20.056,0.77308,0.77319,1.00,1.00
2018.04.26 01:45:20.697,0.77308,0.7732,1.50,1.50
2018.04.26 01:45:22.266,0.7731,0.77322,1.00,2.25
2018.04.26 01:45:22.519,0.77311,0.77324,3.00,1.50
2018.04.26 01:45:23.052,0.77312,0.77324,1.00,1.50
2018.04.26 01:45:38.494,0.77312,0.77323,1.00,1.00
2018.04.26 01:45:41.847,0.77313,0.77324,1.00,1.50
2018.04.26 01:45:42.514,0.77314,0.77324,1.00,1.50
2018.04.26 01:45:45.566,0.77313,0.77324,1.00,1.00
2018.04.26 01:45:47.528,0.77312,0.77324,2.25,1.50
2018.04.26 01:45:48.136,0.77313,0.77325,1.00,1.00
2018.04.26 01:45:51.039,0.77315,0.77326,1.00,1.50
2018.04.26 01:45:52.252,0.77316,0.77327,1.00,1.00
2018.04.26 01:45:53.593,0.77315,0.77327,1.00,1.50
2018.04.26 01:46:03.391,0.77315,0.77325,1.00,1.00
2018.04.26 01:46:03.703,0.77313,0.77324,1.00,1.50
2018.04.26 01:46:04.278,0.77312,0.77324,1.50,2.25
2018.04.26 01:46:05.035,0.77313,0.77324,1.00,1.00
2018.04.26 01:46:05.586,0.77312,0.77324,1.50,1.00
2018.04.26 01:46:06.317,0.77314,0.77324,1.50,1.00
2018.04.26 01:46:06.521,0.77315,0.77326,1.50,1.00
2018.04.26 01:46:07.595,0.77314,0.77326,1.50,1.50
2018.04.26 01:46:08.288,0.77315,0.77326,1.00,1.50
2018.04.26 01:46:09.845,0.77311,0.77322,1.00,1.50
2018.04.26 01:46:10.079,0.77306,0.77318,1.00,2.25
2018.04.26 01:46:10.963,0.77305,0.77317,1.00,1.00
2018.04.26 01:46:12.375,0.77304,0.77317,2.85,1.00
2018.04.26 01:46:12.922,0.77305,0.77317,1.00,1.00
2018.04.26 01:46:16.596,0.77306,0.77318,1.00,2.25
2018.04.26 01:46:17.139,0.77304,0.77316,3.60,1.00
2018.04.26 01:46:18.062,0.77305,0.77316,1.00,1.00
2018.04.26 01:46:20.556,0.77306,0.77316,1.00,1.00
2018.04.26 01:46:21.069,0.77305,0.77317,1.00,1.00
2018.04.26 01:46:21.460,0.77303,0.77316,2.25,1.00
2018.04.26 01:46:22.088,0.77304,0.77316,1.00,1.00
2018.04.26 01:46:22.626,0.77303,0.77316,2.25,1.00
2018.04.26 01:46:22.952,0.77302,0.77314,3.00,1.00
2018.04.26 01:46:24.182,0.77302,0.77313,1.50,1.00
2018.04.26 01:46:24.689,0.77302,0.77314,2.25,1.00
2018.04.26 01:46:25.238,0.77303,0.77316,1.00,2.10
2018.04.26 01:46:28.058,0.77302,0.77314,2.25,1.00
2018.04.26 01:46:28.593,0.77301,0.77313,2.25,1.00
2018.04.26 01:46:29.156,0.773,0.77312,1.35,1.00
2018.04.26 01:46:29.843,0.77301,0.77312,1.00,1.00
2018.04.26 01:46:31.865,0.773,0.77311,1.35,1.00
2018.04.26 01:46:35.337,0.77299,0.77311,2.25,1.00
2018.04.26 01:46:35.678,0.77298,0.77309,1.00,1.00
2018.04.26 01:46:36.257,0.77298,0.77311,1.50,1.50
2018.04.26 01:46:37.032,0.77299,0.77311,1.00,1.00
2018.04.26 01:46:37.682,0.77301,0.77312,1.00,1.00
2018.04.26 01:46:38.365,0.77301,0.77313,1.00,1.50
2018.04.26 01:46:39.614,0.773,0.77313,2.25,1.50
2018.04.26 01:46:42.002,0.773,0.77311,1.00,1.00
2018.04.26 01:46:42.537,0.77299,0.77311,2.85,1.00
2018.04.26 01:46:43.638,0.773,0.77312,1.50,1.00
2018.04.26 01:47:03.684,0.773,0.7731,1.00,1.00
2018.04.26 01:47:03.787,0.77298,0.77309,1.00,1.50
2018.04.26 01:47:05.390,0.77299,0.77309,1.00,1.00
2018.04.26 01:47:05.506,0.773,0.77311,1.00,1.35
2018.04.26 01:47:06.134,0.77299,0.77311,2.25,2.10
2018.04.26 01:47:09.896,0.77299,0.7731,1.00,1.00
2018.04.26 01:47:10.440,0.77291,0.77301,1.50,1.35
2018.04.26 01:47:11.268,0.7729,0.77301,1.00,1.00
2018.04.26 01:47:12.557,0.7729,0.77302,1.00,1.00
2018.04.26 01:47:12.863,0.77293,0.77304,1.50,1.00
2018.04.26 01:47:13.172,0.77291,0.77304,2.25,1.50
2018.04.26 01:47:13.862,0.77291,0.77303,2.25,1.00
2018.04.26 01:47:14.248,0.77293,0.77305,1.00,1.50
2018.04.26 01:47:19.464,0.77292,0.77304,2.25,1.00
2018.04.26 01:47:20.055,0.77292,0.77303,1.50,1.00
2018.04.26 01:47:20.566,0.77291,0.77302,1.00,1.00
2018.04.26 01:47:21.230,0.77291,0.77301,1.00,1.00
2018.04.26 01:47:21.333,0.77289,0.773,1.00,1.00
2018.04.26 01:47:21.841,0.77288,0.773,1.50,1.00
2018.04.26 01:47:22.414,0.77288,0.77298,1.50,1.00
2018.04.26 01:47:27.817,0.77286,0.77298,1.50,1.00
2018.04.26 01:47:28.442,0.77285,0.77297,3.00,1.00
2018.04.26 01:47:28.956,0.77286,0.77298,1.50,1.00
2018.04.26 01:47:29.865,0.77287,0.77298,1.00,1.00
2018.04.26 01:47:30.966,0.77286,0.77298,1.50,1.00
2018.04.26 01:47:31.685,0.77286,0.77297,1.00,1.00
2018.04.26 01:47:31.938,0.77286,0.77299,1.50,1.00
2018.04.26 01:47:32.539,0.77286,0.77298,1.00,1.00
2018.04.26 01:47:33.075,0.77286,0.77297,1.00,1.00
2018.04.26 01:47:34.209,0.77286,0.77298,1.50,1.00
2018.04.26 01:47:36.862,0.77286,0.77297,1.00,1.00
2018.04.26 01:47:38.366,0.77286,0.77298,1.50,1.00
2018.04.26 01:47:38.867,0.77287,0.77298,1.00,1.00
2018.04.26 01:47:39.461,0.77287,0.77299,1.50,1.00
2018.04.26 01:47:45.548,0.77287,0.773,1.00,1.50
2018.04.26 01:47:45.756,0.77289,0.773,1.00,1.00
2018.04.26 01:47:45.856,0.77289,0.77302,1.00,2.25
2018.04.26 01:47:46.187,0.77291,0.77302,1.00,1.50
2018.04.26 01:47:49.591,0.7729,0.77302,1.00,1.00
2018.04.26 01:47:50.107,0.77291,0.77302,1.00,1.00
2018.04.26 01:47:51.381,0.77289,0.77302,2.25,1.50
2018.04.26 01:47:51.949,0.7729,0.77302,1.00,1.00
2018.04.26 01:47:52.500,0.77289,0.77302,2.25,1.00
2018.04.26 01:47:53.186,0.7729,0.77302,1.00,1.00
2018.04.26 01:47:54.547,0.7729,0.77301,1.00,1.00
2018.04.26 01:47:55.144,0.77288,0.77298,2.25,1.00
2018.04.26 01:47:55.914,0.77287,0.77298,1.00,1.00
2018.04.26 01:47:56.479,0.77286,0.77298,2.25,1.00
2018.04.26 01:47:57.003,0.77286,0.77297,2.25,1.00
2018.04.26 01:47:57.559,0.77286,0.77298,3.00,1.00
2018.04.26 01:47:58.218,0.77287,0.77299,1.00,1.50
2018.04.26 01:47:59.686,0.77288,0.77299,1.00,1.00
2018.04.26 01:48:00.582,0.77287,0.77299,1.00,1.00
2018.04.26 01:48:02.772,0.77286,0.77297,2.25,1.00
2018.04.26 01:48:02.824,0.77284,0.77297,2.25,1.50
2018.04.26 01:48:03.085,0.77284,0.77295,1.00,1.00
2018.04.26 01:48:03.727,0.77283,0.77295,2.25,1.00
2018.04.26 01:48:04.542,0.77282,0.77295,2.25,1.50
2018.04.26 01:48:05.106,0.77283,0.77295,1.00,1.50
2018.04.26 01:48:05.609,0.77282,0.77294,1.00,1.50
2018.04.26 01:48:06.043,0.77279,0.77291,3.04,1.00
2018.04.26 01:48:06.348,0.77281,0.77293,1.50,1.00
2018.04.26 01:48:06.859,0.77282,0.77293,1.00,1.00
2018.04.26 01:48:09.715,0.77281,0.77293,2.25,1.50
2018.04.26 01:48:10.454,0.77282,0.77293,1.00,1.00
2018.04.26 01:48:11.044,0.77281,0.77293,1.50,1.00
2018.04.26 01:48:11.681,0.77282,0.77293,1.00,1.00
2018.04.26 01:48:13.143,0.77282,0.77294,1.50,1.00
2018.04.26 01:48:13.678,0.77283,0.77294,1.00,1.00
2018.04.26 01:48:14.201,0.77283,0.77295,1.00,2.25
2018.04.26 01:48:15.761,0.77284,0.77295,1.00,1.50
2018.04.26 01:48:16.400,0.77285,0.77296,1.00,1.00
2018.04.26 01:48:16.975,0.77285,0.77297,1.00,1.50
2018.04.26 01:48:17.492,0.77286,0.77298,1.50,1.50
2018.04.26 01:48:18.791,0.77286,0.77297,1.50,1.00
2018.04.26 01:48:21.183,0.7729,0.77301,1.00,1.50
2018.04.26 01:48:21.235,0.77292,0.77304,2.25,1.50
2018.04.26 01:48:21.337,0.77295,0.77306,1.00,1.50
2018.04.26 01:48:21.439,0.77296,0.77308,1.00,2.10
2018.04.26 01:48:22.595,0.77295,0.77307,1.50,1.00
2018.04.26 01:48:24.706,0.77295,0.77306,1.00,1.00
2018.04.26 01:48:27.221,0.77298,0.77308,1.00,1.00
2018.04.26 01:48:27.753,0.77298,0.77309,1.00,1.50
2018.04.26 01:48:28.284,0.77298,0.77308,1.00,1.00
2018.04.26 01:48:28.335,0.77296,0.77307,1.00,1.00
2018.04.26 01:48:29.270,0.77298,0.77307,1.00,1.00
2018.04.26 01:48:29.323,0.77296,0.77307,2.25,1.00
2018.04.26 01:48:29.452,0.773,0.77311,1.00,2.25
2018.04.26 01:48:29.504,0.77301,0.77313,1.50,1.50
2018.04.26 01:48:30.180,0.77302,0.77314,1.50,2.25
2018.04.26 01:48:30.703,0.77303,0.77314,1.00,1.00
2018.04.26 01:48:31.233,0.77302,0.77314,1.50,1.50
2018.04.26 01:48:31.781,0.77303,0.77315,1.00,1.50
2018.04.26 01:48:33.431,0.77303,0.77314,1.50,1.00
2018.04.26 01:48:34.438,0.77302,0.77314,1.00,1.50
2018.04.26 01:48:34.642,0.77304,0.77316,1.00,1.00
2018.04.26 01:48:34.898,0.77305,0.77318,1.50,1.35
2018.04.26 01:48:35.438,0.77306,0.77318,1.00,1.35
2018.04.26 01:48:35.986,0.77304,0.77314,1.00,1.35
2018.04.26 01:48:36.192,0.77301,0.77313,3.75,1.50
2018.04.26 01:48:36.571,0.77299,0.77311,1.50,2.10
2018.04.26 01:48:37.363,0.77298,0.77311,3.00,2.10
2018.04.26 01:48:37.907,0.77299,0.77311,1.00,2.10
2018.04.26 01:48:40.530,0.77298,0.77311,3.00,2.10
2018.04.26 01:48:43.894,0.77295,0.77307,1.50,1.00
2018.04.26 01:48:44.398,0.77294,0.77307,3.00,1.00
2018.04.26 01:48:45.242,0.77295,0.77307,1.00,1.35
2018.04.26 01:48:45.855,0.77296,0.77308,1.00,2.85
2018.04.26 01:48:48.845,0.77295,0.77307,1.50,1.35
2018.04.26 01:48:50.153,0.77296,0.77308,1.50,1.50
2018.04.26 01:48:50.460,0.77298,0.77308,1.00,1.50
2018.04.26 01:48:51.024,0.77296,0.77307,1.00,1.00
2018.04.26 01:48:51.532,0.77295,0.77307,2.25,1.00
2018.04.26 01:48:52.199,0.77296,0.77307,1.00,1.00
2018.04.26 01:48:52.766,0.77295,0.77306,1.50,1.00
2018.04.26 01:48:53.432,0.77295,0.77307,2.25,1.00
2018.04.26 01:48:55.494,0.77296,0.77308,1.50,1.50
2018.04.26 01:48:57.846,0.77296,0.77307,1.00,1.00
2018.04.26 01:48:58.355,0.77295,0.77306,1.50,1.00
2018.04.26 01:48:58.992,0.77295,0.77307,1.50,1.00
2018.04.26 01:48:59.792,0.77295,0.77306,1.00,1.00
2018.04.26 01:49:00.717,0.77295,0.77307,1.50,1.00
2018.04.26 01:49:02.238,0.77295,0.77306,1.00,1.50
2018.04.26 01:49:02.290,0.77293,0.77305,2.25,1.00
2018.04.26 01:49:02.647,0.77293,0.77303,1.00,1.00
2018.04.26 01:49:02.698,0.77291,0.77302,1.50,1.00
2018.04.26 01:49:03.218,0.77292,0.77302,1.00,1.00
2018.04.26 01:49:03.733,0.77292,0.77303,1.00,1.50
2018.04.26 01:49:03.853,0.77294,0.77304,1.00,1.00
2018.04.26 01:49:04.007,0.77292,0.77303,1.50,1.00
2018.04.26 01:49:04.263,0.7729,0.77302,2.25,1.00
2018.04.26 01:49:05.483,0.7729,0.77303,3.00,1.50
2018.04.26 01:49:06.665,0.77291,0.77303,1.00,1.00
2018.04.26 01:49:06.717,0.77294,0.77305,1.00,1.35
2018.04.26 01:49:07.282,0.77295,0.77306,1.00,1.00
2018.04.26 01:49:09.959,0.77294,0.77306,1.50,1.00
2018.04.26 01:49:10.468,0.77294,0.77305,1.50,1.00
2018.04.26 01:49:15.129,0.77294,0.77306,1.00,1.00
2018.04.26 01:49:15.646,0.77295,0.77307,1.00,1.50
2018.04.26 01:49:16.217,0.77295,0.77306,1.00,1.00
2018.04.26 01:49:16.753,0.77294,0.77306,3.00,1.50
2018.04.26 01:49:17.058,0.77296,0.77306,1.50,1.00
2018.04.26 01:49:20.332,0.77296,0.77308,2.25,1.50
2018.04.26 01:49:20.384,0.77295,0.77306,1.50,1.00
2018.04.26 01:49:20.436,0.77293,0.77305,2.25,1.00
2018.04.26 01:49:21.011,0.77293,0.77304,1.00,1.00
2018.04.26 01:49:21.599,0.77292,0.77304,1.50,1.50
2018.04.26 01:49:22.162,0.77296,0.77306,1.00,1.50
2018.04.26 01:49:25.119,0.77296,0.77307,1.00,1.00
2018.04.26 01:49:26.015,0.77296,0.77308,1.00,1.50
2018.04.26 01:49:26.571,0.77296,0.77307,1.00,1.00
2018.04.26 01:49:27.117,0.77295,0.77307,1.50,1.00
2018.04.26 01:49:31.355,0.77295,0.77306,1.00,1.00
2018.04.26 01:49:34.543,0.77295,0.77307,1.00,1.00
2018.04.26 01:49:39.614,0.77295,0.77306,1.00,1.00
2018.04.26 01:49:40.139,0.77295,0.77307,1.00,1.00
2018.04.26 01:49:40.686,0.77295,0.77306,1.00,1.00
2018.04.26 01:49:40.992,0.77298,0.77309,1.50,1.00
2018.04.26 01:49:42.069,0.77297,0.77309,1.00,1.50
2018.04.26 01:49:42.416,0.77294,0.77307,2.25,1.50
2018.04.26 01:49:42.727,0.77294,0.77303,1.50,1.00
2018.04.26 01:49:42.778,0.77292,0.77304,1.00,1.00
2018.04.26 01:49:43.459,0.77291,0.77304,2.25,2.25
2018.04.26 01:49:43.612,0.77291,0.77302,1.00,1.00
2018.04.26 01:49:45.128,0.77291,0.77303,1.50,1.00
2018.04.26 01:49:45.893,0.77291,0.77304,2.25,2.25
2018.04.26 01:49:47.992,0.77291,0.77303,1.50,1.00
2018.04.26 01:49:52.941,0.77291,0.77302,1.00,1.00
2018.04.26 01:49:53.044,0.77289,0.77302,3.00,1.50
2018.04.26 01:49:53.649,0.7729,0.77302,1.50,1.50
2018.04.26 01:49:54.170,0.77289,0.77301,3.00,1.00
2018.04.26 01:49:54.734,0.7729,0.77302,1.50,1.00
2018.04.26 01:49:54.836,0.77292,0.77302,1.00,1.00
2018.04.26 01:49:55.344,0.77291,0.77302,1.00,1.00
2018.04.26 01:50:01.002,0.7729,0.77302,1.00,1.50
2018.04.26 01:50:02.045,0.77289,0.77301,1.50,1.00
2018.04.26 01:50:02.738,0.77288,0.773,2.25,1.00
2018.04.26 01:50:03.254,0.77287,0.77299,3.00,1.00
2018.04.26 01:50:03.761,0.77288,0.77299,1.00,1.00
2018.04.26 01:50:04.332,0.77289,0.77298,1.00,1.00
2018.04.26 01:50:04.505,0.77287,0.77298,2.25,1.00
2018.04.26 01:50:04.617,0.77288,0.773,2.25,1.00
2018.04.26 01:50:04.670,0.7729,0.77302,1.00,1.00
2018.04.26 01:50:04.974,0.77298,0.77309,1.00,1.00
2018.04.26 01:50:06.037,0.77299,0.77309,1.00,1.00
2018.04.26 01:50:06.301,0.77299,0.77311,1.00,1.50
2018.04.26 01:50:11.165,0.77298,0.77309,1.50,1.00
2018.04.26 01:50:11.326,0.77296,0.77309,2.25,1.50
2018.04.26 01:50:11.832,0.77297,0.77309,1.00,1.00
2018.04.26 01:50:15.407,0.77295,0.77305,1.00,1.00
2018.04.26 01:50:15.458,0.77293,0.77305,1.50,1.50
2018.04.26 01:50:15.979,0.77294,0.77305,1.00,1.00
2018.04.26 01:50:17.766,0.77293,0.77305,1.50,1.00
2018.04.26 01:50:19.945,0.77294,0.77305,1.00,1.00
2018.04.26 01:50:22.221,0.77295,0.77305,1.00,1.00
2018.04.26 01:50:22.811,0.77294,0.77306,1.50,1.50
2018.04.26 01:50:23.817,0.77294,0.77305,1.00,1.00
2018.04.26 01:50:24.516,0.77293,0.77305,1.00,2.25
2018.04.26 01:50:27.085,0.77294,0.77305,1.00,1.50
2018.04.26 01:50:29.290,0.77293,0.77305,1.50,1.50
2018.04.26 01:50:29.808,0.77294,0.77305,1.00,1.50
2018.04.26 01:50:30.438,0.77295,0.77305,1.00,1.00
2018.04.26 01:50:33.064,0.77295,0.77307,1.50,1.50
2018.04.26 01:50:33.749,0.77296,0.77307,1.50,1.00
2018.04.26 01:50:35.524,0.77297,0.77307,1.50,1.00
2018.04.26 01:50:37.371,0.77296,0.77307,1.00,1.50
2018.04.26 01:50:37.858,0.77295,0.77305,1.00,1.00
2018.04.26 01:50:42.492,0.77295,0.77306,1.00,1.50
2018.04.26 01:50:43.016,0.77295,0.77305,1.00,1.00
2018.04.26 01:50:44.141,0.77294,0.77305,1.50,1.00
2018.04.26 01:50:45.704,0.77294,0.77304,1.50,1.00
2018.04.26 01:50:47.642,0.77293,0.77304,1.00,1.50
2018.04.26 01:50:50.103,0.77294,0.77304,1.00,1.00
2018.04.26 01:50:50.606,0.77295,0.77304,1.00,1.00
2018.04.26 01:50:50.811,0.77295,0.77306,1.00,1.00
2018.04.26 01:50:51.312,0.77296,0.77306,1.00,1.00
2018.04.26 01:50:52.075,0.77295,0.77306,1.50,1.00
2018.04.26 01:50:52.842,0.77296,0.77306,1.00,1.00
2018.04.26 01:50:53.347,0.77295,0.77306,2.25,1.00
2018.04.26 01:50:58.221,0.77295,0.77307,3.00,1.00
2018.04.26 01:50:58.795,0.77297,0.77308,1.50,1.00
2018.04.26 01:50:59.300,0.77298,0.77308,1.00,1.00
2018.04.26 01:51:01.090,0.77299,0.77308,1.00,1.00
2018.04.26 01:51:01.141,0.773,0.77311,1.00,1.50
2018.04.26 01:51:02.332,0.77299,0.77311,1.50,1.50
2018.04.26 01:51:02.536,0.77298,0.77309,1.50,1.00
2018.04.26 01:51:04.845,0.77298,0.77307,1.00,1.00
2018.04.26 01:51:04.896,0.77295,0.77307,1.50,1.50
2018.04.26 01:51:05.107,0.77294,0.77305,1.50,1.00
2018.04.26 01:51:05.642,0.77293,0.77305,2.25,1.00
2018.04.26 01:51:05.944,0.77295,0.77306,1.00,1.00
2018.04.26 01:51:06.742,0.77294,0.77306,1.50,1.50
2018.04.26 01:51:07.064,0.77296,0.77306,1.00,1.00
2018.04.26 01:51:07.455,0.77298,0.77308,1.00,1.00
2018.04.26 01:51:07.962,0.77299,0.7731,1.00,1.50
2018.04.26 01:51:08.218,0.77301,0.77312,1.00,1.50
2018.04.26 01:51:09.134,0.773,0.77312,2.25,1.50
2018.04.26 01:51:09.647,0.77299,0.77311,2.25,1.00
2018.04.26 01:51:11.825,0.773,0.77311,1.00,1.00
2018.04.26 01:51:12.455,0.77299,0.7731,1.50,1.00
2018.04.26 01:51:12.908,0.77297,0.77308,1.50,1.00
2018.04.26 01:51:13.426,0.77298,0.77309,1.00,1.00
2018.04.26 01:51:13.951,0.77297,0.77308,1.00,1.00
2018.04.26 01:51:16.503,0.77297,0.77309,2.25,1.50
2018.04.26 01:51:17.401,0.77297,0.77308,1.50,1.00
2018.04.26 01:51:19.547,0.77297,0.77307,1.00,1.00
2018.04.26 01:51:20.783,0.77296,0.77307,1.50,1.00
2018.04.26 01:51:22.617,0.77296,0.77308,1.50,1.50
2018.04.26 01:51:23.346,0.77297,0.77308,1.00,1.50
2018.04.26 01:51:23.891,0.77298,0.77308,1.00,1.50
2018.04.26 01:51:24.668,0.77297,0.77308,1.00,1.50
2018.04.26 01:51:30.511,0.77298,0.77308,1.00,1.50
2018.04.26 01:51:30.715,0.773,0.77311,1.00,2.10
2018.04.26 01:51:31.263,0.773,0.7731,1.00,1.00
2018.04.26 01:51:33.492,0.773,0.77311,1.00,2.10
2018.04.26 01:51:34.025,0.77301,0.77311,1.00,2.10
2018.04.26 01:51:34.574,0.773,0.77311,1.00,1.50
2018.04.26 01:51:37.437,0.77295,0.77305,2.25,1.00
2018.04.26 01:51:37.922,0.77293,0.77304,1.00,1.50
2018.04.26 01:51:38.461,0.77294,0.77304,1.00,1.50
2018.04.26 01:51:40.489,0.77295,0.77304,1.00,1.00
2018.04.26 01:51:40.593,0.77296,0.77306,1.00,1.25
2018.04.26 01:51:40.645,0.77294,0.77301,1.00,1.00
2018.04.26 01:51:40.715,0.77292,0.77302,1.00,1.00
2018.04.26 01:51:40.835,0.77294,0.77303,1.00,1.00
2018.04.26 01:51:41.342,0.77297,0.77306,1.00,1.50
2018.04.26 01:51:41.695,0.77298,0.77308,1.00,1.50
2018.04.26 01:51:42.504,0.77299,0.77308,1.00,1.50
2018.04.26 01:51:43.869,0.77298,0.77308,1.00,1.50
2018.04.26 01:51:43.974,0.77295,0.77307,1.50,1.50
2018.04.26 01:51:44.478,0.77295,0.77306,1.00,1.00
2018.04.26 01:51:44.584,0.77297,0.77306,1.00,1.00
2018.04.26 01:51:46.563,0.77298,0.77308,1.00,2.25
2018.04.26 01:51:47.141,0.77297,0.77307,1.00,1.50
2018.04.26 01:51:47.714,0.77296,0.77307,1.50,1.50
2018.04.26 01:51:50.098,0.77296,0.77306,1.00,1.00
2018.04.26 01:51:50.907,0.77297,0.77306,1.00,1.50
2018.04.26 01:51:51.699,0.77298,0.77307,1.00,1.00
2018.04.26 01:51:51.751,0.773,0.77309,1.00,1.00
2018.04.26 01:51:52.007,0.77301,0.77311,1.00,2.25
2018.04.26 01:51:52.513,0.773,0.7731,1.00,1.00
2018.04.26 01:51:53.079,0.773,0.77309,1.00,1.00
2018.04.26 01:51:53.531,0.77298,0.77308,1.00,1.00
2018.04.26 01:51:53.974,0.773,0.7731,1.00,2.25
2018.04.26 01:51:54.425,0.77302,0.7731,1.00,1.00
2018.04.26 01:51:54.630,0.77303,0.77312,1.00,1.00
2018.04.26 01:51:56.157,0.77304,0.77314,1.00,1.50
2018.04.26 01:51:56.664,0.77305,0.77314,1.00,1.50
2018.04.26 01:51:57.049,0.77305,0.77313,1.00,1.60
2018.04.26 01:51:57.101,0.77299,0.77308,1.00,1.00
2018.04.26 01:51:57.614,0.77298,0.77307,1.00,1.50
2018.04.26 01:51:58.445,0.77298,0.77303,1.00,1.00
2018.04.26 01:51:58.498,0.77292,0.77302,1.00,1.00
2018.04.26 01:52:00.802,0.77294,0.77303,1.00,1.00
2018.04.26 01:52:01.121,0.77298,0.77307,1.00,1.50
2018.04.26 01:52:04.440,0.77295,0.77303,1.00,1.00
2018.04.26 01:52:04.491,0.77293,0.77302,1.00,1.00
2018.04.26 01:52:05.005,0.77293,0.77301,1.00,1.00
2018.04.26 01:52:05.107,0.77291,0.77299,1.00,1.00
2018.04.26 01:52:05.644,0.7729,0.77298,1.00,1.50
2018.04.26 01:52:06.331,0.77287,0.77295,1.00,2.25
2018.04.26 01:52:06.485,0.77284,0.77294,1.00,1.00
2018.04.26 01:52:06.907,0.77286,0.77295,1.00,1.50
2018.04.26 01:52:07.458,0.77285,0.77295,1.00,1.50
2018.04.26 01:52:08.786,0.77286,0.77295,1.00,1.50
2018.04.26 01:52:09.573,0.77287,0.77296,1.00,1.00
2018.04.26 01:52:10.113,0.77287,0.77297,1.00,1.50
2018.04.26 01:52:10.416,0.77289,0.77298,1.00,1.00
2018.04.26 01:52:11.193,0.77292,0.773,1.00,1.00
2018.04.26 01:52:11.245,0.77292,0.77302,1.00,1.50
2018.04.26 01:52:11.297,0.77294,0.77302,1.00,1.50
2018.04.26 01:52:11.803,0.77293,0.77302,1.00,1.50
2018.04.26 01:52:12.308,0.77294,0.77302,1.00,1.00
2018.04.26 01:52:14.847,0.77293,0.77302,1.00,1.00
2018.04.26 01:52:15.348,0.77293,0.77301,1.00,1.00
2018.04.26 01:52:15.972,0.77293,0.77302,1.00,1.00
2018.04.26 01:52:17.347,0.77294,0.77303,1.00,1.00
2018.04.26 01:52:17.829,0.77295,0.77305,1.00,1.00
2018.04.26 01:52:17.880,0.77297,0.77307,1.00,1.00
2018.04.26 01:52:18.185,0.77303,0.77312,1.00,1.00
2018.04.26 01:52:18.701,0.77303,0.77311,1.50,1.00
2018.04.26 01:52:19.160,0.77301,0.7731,1.50,1.00
2018.04.26 01:52:19.694,0.77303,0.77312,1.00,1.00
2018.04.26 01:52:20.002,0.77312,0.7732,1.50,1.00
2018.04.26 01:52:20.104,0.77313,0.77322,1.00,1.00
2018.04.26 01:52:20.257,0.77315,0.77323,1.50,1.00
2018.04.26 01:52:22.182,0.77314,0.77323,1.00,1.00
2018.04.26 01:52:22.731,0.77315,0.77323,1.00,1.00
2018.04.26 01:52:23.483,0.77314,0.77323,1.00,1.00
2018.04.26 01:52:23.823,0.77302,0.77307,1.00,1.00
2018.04.26 01:52:23.959,0.77297,0.77308,1.50,1.00
2018.04.26 01:52:24.011,0.77299,0.7731,1.00,1.00
2018.04.26 01:52:24.320,0.77304,0.77313,1.00,1.00
2018.04.26 01:52:24.526,0.77307,0.77317,1.00,1.50
2018.04.26 01:52:25.032,0.77307,0.77316,1.00,1.00
2018.04.26 01:52:25.673,0.77307,0.77317,1.00,1.50
2018.04.26 01:52:27.913,0.77307,0.77316,1.00,1.00
2018.04.26 01:52:27.965,0.77305,0.77315,1.50,1.50
2018.04.26 01:52:28.272,0.77304,0.77313,1.50,1.00
2018.04.26 01:52:28.324,0.77302,0.77313,2.25,1.00
2018.04.26 01:52:28.852,0.77302,0.77312,1.00,1.50
2018.04.26 01:52:29.355,0.77302,0.77311,1.00,1.00
2018.04.26 01:52:29.840,0.77297,0.77302,1.00,1.00
2018.04.26 01:52:29.891,0.77294,0.77302,2.25,1.50
2018.04.26 01:52:29.943,0.77294,0.773,1.00,1.00
2018.04.26 01:52:30.045,0.7729,0.773,1.50,1.00
2018.04.26 01:52:30.626,0.7729,0.77301,1.00,1.00
2018.04.26 01:52:31.217,0.77292,0.77302,1.00,1.00
2018.04.26 01:52:31.793,0.77292,0.77303,1.50,1.50
2018.04.26 01:52:32.305,0.77293,0.77303,1.00,1.50
2018.04.26 01:52:33.602,0.77293,0.77304,1.00,1.50
2018.04.26 01:52:34.609,0.77293,0.77303,1.00,1.00
2018.04.26 01:52:35.158,0.77296,0.77304,1.00,1.00
2018.04.26 01:52:35.260,0.77297,0.77307,1.00,2.25
2018.04.26 01:52:35.802,0.77296,0.77307,1.50,1.00
2018.04.26 01:52:36.316,0.77297,0.77309,1.00,2.25
2018.04.26 01:52:36.872,0.77297,0.77308,1.00,1.50
2018.04.26 01:52:36.923,0.77296,0.77306,1.50,1.00
2018.04.26 01:52:37.079,0.77293,0.77306,2.25,2.25
2018.04.26 01:52:41.032,0.77289,0.77301,1.00,1.50
2018.04.26 01:52:41.336,0.77292,0.77304,1.00,1.50
2018.04.26 01:52:44.757,0.77292,0.77305,2.25,1.50
2018.04.26 01:52:47.150,0.7729,0.77301,1.00,1.50
2018.04.26 01:52:47.252,0.77288,0.773,1.00,1.50
2018.04.26 01:52:47.814,0.77287,0.773,2.25,3.00
2018.04.26 01:52:48.133,0.77289,0.773,1.00,1.50
2018.04.26 01:52:48.376,0.7729,0.77302,1.00,2.25
2018.04.26 01:52:49.588,0.77289,0.77302,1.50,2.25
2018.04.26 01:52:50.107,0.7729,0.77302,1.00,2.25
2018.04.26 01:52:51.457,0.77289,0.77301,1.00,1.50
2018.04.26 01:52:51.509,0.77287,0.77294,2.25,1.00
2018.04.26 01:52:51.560,0.77284,0.77293,1.00,1.00
2018.04.26 01:52:51.662,0.7728,0.77293,1.50,2.25
2018.04.26 01:52:52.610,0.77281,0.77294,1.00,1.50
2018.04.26 01:52:53.152,0.77282,0.77294,1.00,1.00
2018.04.26 01:52:56.673,0.77281,0.77293,2.25,1.00
2018.04.26 01:52:57.082,0.77279,0.7729,1.00,1.50
2018.04.26 01:52:57.133,0.77277,0.7729,1.50,1.50
2018.04.26 01:52:57.296,0.77279,0.7729,1.00,1.00
2018.04.26 01:52:57.827,0.77279,0.77291,1.00,1.25
2018.04.26 01:52:59.062,0.7728,0.77291,1.00,1.25
2018.04.26 01:52:59.593,0.77279,0.77291,1.00,1.25
2018.04.26 01:53:02.184,0.7728,0.77291,1.00,1.25
2018.04.26 01:53:02.743,0.77282,0.7729,1.00,1.00
2018.04.26 01:53:03.235,0.7728,0.7729,1.00,1.50
2018.04.26 01:53:03.388,0.77281,0.77292,1.00,1.00
2018.04.26 01:53:03.439,0.77283,0.77293,1.00,1.50
2018.04.26 01:53:04.249,0.77286,0.77296,1.00,1.50
2018.04.26 01:53:05.128,0.77287,0.77296,1.00,1.00
2018.04.26 01:53:08.078,0.77287,0.77294,1.00,1.00
2018.04.26 01:53:11.987,0.77287,0.77296,1.00,1.00
2018.04.26 01:53:12.039,0.77289,0.77296,1.00,1.00
2018.04.26 01:53:14.293,0.77289,0.77295,1.00,1.00
2018.04.26 01:53:14.345,0.77287,0.77295,1.00,1.00
2018.04.26 01:53:14.554,0.77289,0.77295,1.00,1.00
2018.04.26 01:53:15.755,0.77289,0.77297,1.00,1.00
2018.04.26 01:53:15.807,0.77291,0.77297,1.00,1.00
2018.04.26 01:53:16.114,0.77288,0.77297,1.50,1.00
2018.04.26 01:53:16.217,0.77288,0.77295,1.00,1.00
2018.04.26 01:53:16.391,0.77285,0.77294,1.50,1.00
2018.04.26 01:53:18.675,0.77287,0.77295,1.00,1.00
2018.04.26 01:53:19.119,0.77284,0.77291,1.00,1.00
2018.04.26 01:53:19.680,0.77283,0.7729,1.00,1.00
2018.04.26 01:53:28.321,0.77285,0.77291,1.00,1.00
2018.04.26 01:53:28.998,0.77285,0.77292,1.50,1.00
2018.04.26 01:53:29.517,0.77284,0.77291,1.00,1.00
2018.04.26 01:53:31.426,0.77284,0.7729,1.00,1.00
2018.04.26 01:53:31.764,0.77282,0.77288,1.00,1.00
2018.04.26 01:53:32.069,0.77284,0.77289,1.00,1.00
2018.04.26 01:53:32.628,0.77285,0.7729,1.00,1.00
2018.04.26 01:53:33.376,0.77285,0.77291,1.00,1.00
2018.04.26 01:53:36.403,0.77282,0.77288,1.00,1.00
2018.04.26 01:53:36.946,0.77281,0.77288,1.00,1.00
2018.04.26 01:53:38.662,0.77277,0.77285,1.00,1.00
2018.04.26 01:53:38.766,0.77275,0.77284,2.25,1.00
2018.04.26 01:53:39.033,0.77275,0.77282,1.00,1.00
2018.04.26 01:53:39.682,0.77275,0.77283,1.00,1.00
2018.04.26 01:53:41.089,0.77275,0.77279,1.00,1.00
2018.04.26 01:53:41.140,0.77273,0.77278,1.00,1.00
2018.04.26 01:53:41.192,0.7727,0.77278,1.00,1.00
2018.04.26 01:53:41.349,0.77272,0.77279,1.00,1.00
2018.04.26 01:53:41.451,0.77273,0.77282,1.00,1.00
2018.04.26 01:53:41.554,0.77275,0.77282,1.00,1.00
2018.04.26 01:53:43.385,0.77275,0.77283,1.00,1.00
2018.04.26 01:53:44.969,0.77274,0.77279,1.00,1.00
2018.04.26 01:53:45.071,0.7727,0.77277,1.00,1.00
2018.04.26 01:53:45.326,0.77271,0.77279,1.00,1.50
2018.04.26 01:53:45.853,0.77271,0.7728,1.50,1.00
2018.04.26 01:53:46.555,0.77272,0.7728,1.00,1.00
2018.04.26 01:53:46.606,0.77275,0.77282,1.00,1.50
2018.04.26 01:53:48.437,0.77275,0.77283,1.00,1.50
2018.04.26 01:53:48.752,0.77271,0.77279,2.25,1.00
2018.04.26 01:53:49.060,0.77278,0.77284,1.00,1.00
2018.04.26 01:53:49.610,0.77279,0.77285,1.00,1.00
2018.04.26 01:53:51.796,0.77279,0.77286,1.00,1.00
2018.04.26 01:53:52.378,0.7728,0.77286,1.00,1.00
2018.04.26 01:53:52.903,0.7728,0.77285,1.00,1.00
2018.04.26 01:53:53.117,0.7728,0.77287,1.00,1.00
2018.04.26 01:53:53.599,0.77277,0.77287,1.00,1.00
2018.04.26 01:53:54.241,0.77275,0.77281,1.00,1.00
2018.04.26 01:53:54.343,0.77271,0.77279,1.50,1.00
2018.04.26 01:53:55.176,0.7727,0.77279,1.00,1.00
2018.04.26 01:53:55.677,0.77271,0.77279,1.00,1.00
2018.04.26 01:53:58.061,0.77273,0.7728,1.00,1.00
2018.04.26 01:53:58.665,0.77273,0.77281,1.00,1.00
2018.04.26 01:53:59.681,0.77275,0.77282,1.00,1.00
2018.04.26 01:53:59.989,0.77272,0.77278,1.00,1.00
2018.04.26 01:54:00.499,0.77272,0.77279,1.00,1.50
2018.04.26 01:54:01.874,0.77272,0.77278,1.00,1.00
2018.04.26 01:54:02.354,0.7727,0.77277,1.00,1.00
2018.04.26 01:54:02.557,0.77272,0.77277,1.00,1.00
2018.04.26 01:54:03.130,0.77272,0.77278,1.00,1.00
2018.04.26 01:54:03.744,0.77272,0.77279,1.00,1.00
2018.04.26 01:54:05.164,0.77272,0.77278,1.00,1.00
2018.04.26 01:54:07.620,0.77272,0.7728,1.00,1.00
2018.04.26 01:54:07.894,0.7727,0.7728,1.00,1.00
2018.04.26 01:54:08.425,0.7727,0.77281,1.00,1.00
2018.04.26 01:54:09.044,0.7727,0.7728,1.00,1.00
2018.04.26 01:54:09.096,0.77268,0.77273,1.00,1.00
2018.04.26 01:54:09.209,0.77266,0.77273,1.50,1.00
2018.04.26 01:54:09.261,0.77263,0.77274,2.25,1.00
2018.04.26 01:54:09.364,0.77266,0.77275,1.00,1.50
2018.04.26 01:54:10.065,0.77266,0.77274,1.00,1.00
2018.04.26 01:54:10.197,0.77266,0.77276,1.00,1.00
2018.04.26 01:54:10.445,0.77268,0.77277,1.00,1.00
2018.04.26 01:54:10.606,0.77271,0.77281,1.00,1.00
2018.04.26 01:54:10.765,0.77271,0.77279,1.00,1.00
2018.04.26 01:54:11.091,0.77269,0.77279,1.00,1.00
2018.04.26 01:54:11.245,0.77268,0.77277,1.50,1.00
2018.04.26 01:54:11.752,0.77269,0.77278,1.00,1.00
2018.04.26 01:54:13.846,0.77269,0.77277,1.00,1.00
2018.04.26 01:54:15.672,0.77269,0.77273,1.00,1.00
2018.04.26 01:54:15.775,0.77264,0.77271,1.50,1.00
2018.04.26 01:54:16.038,0.77263,0.77273,1.00,1.00
2018.04.26 01:54:17.292,0.77264,0.77275,1.50,1.50
2018.04.26 01:54:17.343,0.77267,0.77276,1.00,1.00
2018.04.26 01:54:17.495,0.77268,0.77278,1.00,1.00
2018.04.26 01:54:17.546,0.77271,0.77279,1.00,1.50
2018.04.26 01:54:17.597,0.77269,0.77279,1.50,1.50
2018.04.26 01:54:17.698,0.77268,0.77277,1.50,1.00
2018.04.26 01:54:18.352,0.77268,0.77278,1.50,1.50
2018.04.26 01:54:25.654,0.77268,0.77279,1.50,1.00
2018.04.26 01:54:28.606,0.77266,0.77272,1.00,1.50
2018.04.26 01:54:28.760,0.7726,0.7727,1.00,1.00
2018.04.26 01:54:29.300,0.7726,0.77271,1.00,1.00
2018.04.26 01:54:30.520,0.77261,0.77272,1.00,1.00
2018.04.26 01:54:34.140,0.77262,0.77273,1.00,1.00
2018.04.26 01:54:34.998,0.77262,0.77274,1.50,1.50
2018.04.26 01:54:35.049,0.77264,0.77274,1.00,1.00
2018.04.26 01:54:35.532,0.77266,0.77276,1.00,1.00
2018.04.26 01:54:35.584,0.77266,0.77278,1.50,1.00
2018.04.26 01:54:35.745,0.77268,0.77278,1.00,1.50
2018.04.26 01:54:38.785,0.77266,0.77275,1.00,1.50
2018.04.26 01:54:38.878,0.77264,0.77275,1.50,1.50
2018.04.26 01:54:38.930,0.77263,0.77272,1.50,1.00
2018.04.26 01:54:39.467,0.77262,0.77271,1.00,1.00
2018.04.26 01:54:40.057,0.77261,0.77269,1.00,1.00
2018.04.26 01:54:40.108,0.77261,0.77271,1.00,1.50
2018.04.26 01:54:40.627,0.77261,0.7727,1.00,1.00
2018.04.26 01:54:41.228,0.77261,0.77271,1.00,1.00
2018.04.26 01:54:41.749,0.77261,0.7727,1.00,1.00
2018.04.26 01:54:47.371,0.77261,0.77271,1.00,1.50
2018.04.26 01:54:48.602,0.77261,0.7727,1.00,1.00
2018.04.26 01:54:49.121,0.77261,0.77271,1.00,1.00
2018.04.26 01:54:49.790,0.77263,0.77271,1.00,1.00
2018.04.26 01:54:50.507,0.77261,0.77271,1.50,1.00
2018.04.26 01:54:52.500,0.77262,0.77272,1.00,1.00
2018.04.26 01:54:52.705,0.77264,0.77273,1.00,1.00
2018.04.26 01:54:53.450,0.77264,0.77272,1.00,1.00
2018.04.26 01:54:53.931,0.77266,0.77273,1.00,1.00
2018.04.26 01:54:54.034,0.77266,0.77276,1.00,1.50
2018.04.26 01:54:54.308,0.77268,0.77277,1.00,1.00
2018.04.26 01:54:54.411,0.77266,0.77278,1.50,1.00
2018.04.26 01:54:54.940,0.77267,0.77278,1.00,1.50
2018.04.26 01:54:55.447,0.77266,0.77277,1.00,1.50
2018.04.26 01:55:03.070,0.77267,0.77277,1.00,1.00
2018.04.26 01:55:03.251,0.77269,0.7728,1.50,1.50
2018.04.26 01:55:03.772,0.7727,0.7728,1.00,1.50
2018.04.26 01:55:04.490,0.77272,0.7728,1.00,1.00
2018.04.26 01:55:05.121,0.77272,0.77281,1.00,1.00
2018.04.26 01:55:05.255,0.77274,0.77284,1.00,3.00
2018.04.26 01:55:05.307,0.77272,0.77284,2.25,2.25
2018.04.26 01:55:05.460,0.77272,0.77282,1.00,1.50
2018.04.26 01:55:05.971,0.77271,0.77281,1.50,1.00
2018.04.26 01:55:08.740,0.77271,0.77282,1.50,1.50
2018.04.26 01:55:09.069,0.77274,0.77284,1.00,2.25
2018.04.26 01:55:14.341,0.77274,0.77283,1.00,1.00
2018.04.26 01:55:14.648,0.77273,0.77281,1.00,1.00
2018.04.26 01:55:14.751,0.77271,0.77281,1.00,1.50
2018.04.26 01:55:15.282,0.77272,0.77281,1.00,1.50
2018.04.26 01:55:15.869,0.7727,0.7728,1.00,1.00
2018.04.26 01:55:15.971,0.77268,0.77278,2.25,1.00
2018.04.26 01:55:17.366,0.77267,0.77277,1.00,1.00
2018.04.26 01:55:17.571,0.77268,0.7728,1.50,1.50
2018.04.26 01:55:18.072,0.77268,0.77279,1.50,1.00
2018.04.26 01:55:18.583,0.77268,0.7728,1.50,1.50
2018.04.26 01:55:21.903,0.77268,0.77279,1.00,1.00
2018.04.26 01:55:23.629,0.77268,0.7728,1.00,2.25
2018.04.26 01:55:24.300,0.77268,0.77279,1.00,1.00
2018.04.26 01:55:26.529,0.77267,0.77279,2.25,1.50
2018.04.26 01:55:30.517,0.77269,0.77279,1.00,1.50
2018.04.26 01:55:33.510,0.77269,0.77278,1.00,1.00
2018.04.26 01:55:33.613,0.77267,0.77278,3.00,1.00
2018.04.26 01:55:33.890,0.77268,0.77276,1.00,1.50
2018.04.26 01:55:33.992,0.77266,0.77276,1.00,1.00
2018.04.26 01:55:34.504,0.77265,0.77275,1.00,1.00
2018.04.26 01:55:35.352,0.77264,0.77275,1.00,1.50
2018.04.26 01:55:35.874,0.77264,0.77274,1.00,1.00
2018.04.26 01:55:36.065,0.77262,0.77272,1.00,1.00
2018.04.26 01:55:37.419,0.77262,0.77273,1.00,1.00
2018.04.26 01:55:37.924,0.77263,0.77274,2.25,1.00
2018.04.26 01:55:38.246,0.77266,0.77275,1.00,1.00
2018.04.26 01:55:38.774,0.77267,0.77276,1.00,1.00
2018.04.26 01:55:39.544,0.77267,0.77278,1.50,1.50
2018.04.26 01:55:44.232,0.77267,0.77279,2.25,1.00
2018.04.26 01:55:44.743,0.77269,0.77278,1.00,1.00
2018.04.26 01:55:44.896,0.77269,0.7728,1.00,1.50
2018.04.26 01:55:46.439,0.7727,0.77281,1.00,1.00
2018.04.26 01:55:46.981,0.7727,0.77282,1.00,1.50
2018.04.26 01:55:47.893,0.7727,0.77281,1.00,1.00
2018.04.26 01:55:48.815,0.7727,0.7728,1.00,1.00
2018.04.26 01:55:48.917,0.77272,0.77283,1.00,1.50
2018.04.26 01:55:48.968,0.77275,0.77283,1.00,1.00
2018.04.26 01:55:49.020,0.77275,0.77285,1.50,1.00
2018.04.26 01:55:49.071,0.77277,0.77285,1.00,1.00
2018.04.26 01:55:49.606,0.77277,0.77286,1.00,1.00
2018.04.26 01:55:50.142,0.77277,0.77285,1.00,1.00
2018.04.26 01:55:50.538,0.77275,0.77285,1.50,1.00
2018.04.26 01:55:51.125,0.77277,0.77285,1.00,1.00
2018.04.26 01:55:51.492,0.77275,0.77285,1.50,1.00
2018.04.26 01:55:51.842,0.77277,0.77285,1.00,1.00
2018.04.26 01:55:52.356,0.77277,0.77286,1.00,1.00
2018.04.26 01:55:52.628,0.77275,0.77286,1.00,1.50
2018.04.26 01:55:52.943,0.77277,0.77286,1.00,1.50
2018.04.26 01:55:54.287,0.77277,0.77285,1.00,1.00
2018.04.26 01:55:54.339,0.77275,0.77285,1.50,1.00
2018.04.26 01:55:54.759,0.77277,0.77286,1.00,1.00
2018.04.26 01:55:55.309,0.77276,0.77287,1.00,1.00
2018.04.26 01:55:55.826,0.77275,0.77286,1.00,1.50
2018.04.26 01:55:56.761,0.77277,0.77286,1.00,1.00
2018.04.26 01:55:58.439,0.77277,0.77287,1.00,1.50
2018.04.26 01:55:58.764,0.77279,0.77288,1.00,1.00
2018.04.26 01:55:59.060,0.77277,0.77288,1.50,1.00
2018.04.26 01:55:59.591,0.77277,0.77287,1.00,1.00
2018.04.26 01:56:00.117,0.77276,0.77287,1.00,1.00
2018.04.26 01:56:00.718,0.77276,0.77286,1.00,1.00
2018.04.26 01:56:01.405,0.77276,0.77287,1.00,1.00
2018.04.26 01:56:01.914,0.77276,0.77286,1.00,1.00
2018.04.26 01:56:02.574,0.77276,0.77287,1.00,1.00
2018.04.26 01:56:03.235,0.77276,0.77286,1.00,1.00
2018.04.26 01:56:03.773,0.77276,0.77287,1.00,1.00
2018.04.26 01:56:04.316,0.77276,0.77288,1.00,2.25
2018.04.26 01:56:04.746,0.77276,0.77286,1.00,1.00
2018.04.26 01:56:05.132,0.77276,0.77288,1.00,2.25
2018.04.26 01:56:05.386,0.77276,0.77286,1.00,1.00
2018.04.26 01:56:05.926,0.77274,0.77286,1.50,1.50
2018.04.26 01:56:06.450,0.77275,0.77286,1.00,1.50
2018.04.26 01:56:07.059,0.77274,0.77286,1.50,1.50
2018.04.26 01:56:07.605,0.77275,0.77286,1.00,1.00
2018.04.26 01:56:08.143,0.77275,0.77287,1.50,2.25
2018.04.26 01:56:08.246,0.77277,0.77287,1.00,2.25
2018.04.26 01:56:08.704,0.77274,0.77286,1.50,1.00
2018.04.26 01:56:09.156,0.77277,0.77287,1.00,1.50
2018.04.26 01:56:09.865,0.77278,0.77288,1.00,1.50
2018.04.26 01:56:10.654,0.7728,0.77288,1.00,1.00
2018.04.26 01:56:10.756,0.77278,0.77288,1.00,1.50
2018.04.26 01:56:11.298,0.77278,0.77287,1.00,1.50
2018.04.26 01:56:11.588,0.77276,0.77287,1.50,1.50
2018.04.26 01:56:13.105,0.77277,0.77288,1.00,1.00
2018.04.26 01:56:13.625,0.77277,0.77289,1.00,1.50
2018.04.26 01:56:13.677,0.77275,0.77284,1.00,1.00
2018.04.26 01:56:15.267,0.77275,0.77286,1.00,1.00
2018.04.26 01:56:15.319,0.77277,0.77286,1.00,1.00
2018.04.26 01:56:15.421,0.77277,0.77288,1.00,1.50
2018.04.26 01:56:18.784,0.77277,0.77286,1.00,1.00
2018.04.26 01:56:18.835,0.77275,0.77285,1.00,1.00
2018.04.26 01:56:21.561,0.77275,0.77286,1.00,1.00
2018.04.26 01:56:22.086,0.77275,0.77287,1.00,1.50
2018.04.26 01:56:22.293,0.77278,0.77288,1.00,1.00
2018.04.26 01:56:22.545,0.77282,0.77293,1.00,1.50
2018.04.26 01:56:22.864,0.77284,0.77297,1.50,3.00
2018.04.26 01:56:22.966,0.77286,0.77297,1.00,1.00
2018.04.26 01:56:23.264,0.77287,0.77299,1.00,1.00
2018.04.26 01:56:24.475,0.77286,0.77299,1.00,1.50
2018.04.26 01:56:27.239,0.77286,0.77298,1.00,1.00
2018.04.26 01:56:27.545,0.77283,0.77296,1.50,1.00
2018.04.26 01:56:27.699,0.77285,0.77296,1.00,1.50
2018.04.26 01:56:27.835,0.77283,0.77295,1.50,1.00
2018.04.26 01:56:27.938,0.77281,0.77294,1.50,1.50
2018.04.26 01:56:28.245,0.77283,0.77293,1.00,1.00
2018.04.26 01:56:30.730,0.77282,0.77293,1.00,1.00
2018.04.26 01:56:31.585,0.77282,0.77295,1.00,3.00
2018.04.26 01:56:33.059,0.77283,0.77295,1.00,3.00
2018.04.26 01:56:35.107,0.77282,0.77295,1.00,3.00
2018.04.26 01:56:37.647,0.77282,0.77294,1.00,1.00
2018.04.26 01:56:39.262,0.77281,0.77293,2.25,1.00
2018.04.26 01:56:39.858,0.77281,0.77294,2.25,1.50
2018.04.26 01:56:40.506,0.77282,0.77294,1.00,1.50
2018.04.26 01:56:41.015,0.77283,0.77295,1.00,3.00
2018.04.26 01:56:42.416,0.77284,0.77295,1.00,1.00
2018.04.26 01:56:48.098,0.77285,0.77295,1.00,1.00
2018.04.26 01:56:50.171,0.77283,0.77295,1.50,1.00
2018.04.26 01:56:50.699,0.77284,0.77295,1.00,2.25
2018.04.26 01:56:52.881,0.77283,0.77295,1.00,2.25
2018.04.26 01:56:59.264,0.77282,0.77295,1.50,2.25
2018.04.26 01:57:03.703,0.77283,0.77295,1.00,1.50
2018.04.26 01:57:05.788,0.77282,0.77295,2.25,2.25
2018.04.26 01:57:07.381,0.77283,0.77295,1.00,1.50
2018.04.26 01:57:09.156,0.77282,0.77295,1.50,2.25
2018.04.26 01:57:10.777,0.77281,0.77293,1.00,2.25
2018.04.26 01:57:11.119,0.77279,0.77291,1.00,1.00
2018.04.26 01:57:11.625,0.7728,0.77291,1.00,1.50
2018.04.26 01:57:11.929,0.77282,0.77291,1.00,1.00
2018.04.26 01:57:12.301,0.77282,0.77293,1.00,1.00
2018.04.26 01:57:15.248,0.77282,0.77295,2.25,2.25
2018.04.26 01:57:15.414,0.77284,0.77295,1.50,1.00
2018.04.26 01:57:17.713,0.77282,0.77295,2.25,1.50
2018.04.26 01:57:17.815,0.77282,0.77293,1.00,1.00
2018.04.26 01:57:18.283,0.7728,0.77292,1.50,1.00
2018.04.26 01:57:18.910,0.7728,0.77291,1.00,1.00
2018.04.26 01:57:23.257,0.77278,0.77291,1.50,3.00
2018.04.26 01:57:23.680,0.7728,0.77291,1.00,1.00
2018.04.26 01:57:29.465,0.77281,0.77291,1.00,1.00
2018.04.26 01:57:29.569,0.77285,0.77297,1.00,2.77
2018.04.26 01:57:30.185,0.77285,0.77297,1.50,1.87
2018.04.26 01:57:31.341,0.77286,0.77297,1.50,1.12
2018.04.26 01:57:31.865,0.77287,0.77297,1.00,1.87
2018.04.26 01:57:32.052,0.77289,0.77297,1.00,1.87
2018.04.26 01:57:34.591,0.77286,0.77297,1.50,1.87
2018.04.26 01:57:34.693,0.77284,0.77296,1.00,1.50
2018.04.26 01:57:35.244,0.77283,0.77295,1.50,1.00
2018.04.26 01:57:44.961,0.77283,0.77294,1.00,1.00
2018.04.26 01:57:46.036,0.77282,0.77294,1.50,1.00
2018.04.26 01:57:47.356,0.77282,0.77293,1.00,1.00
2018.04.26 01:57:50.159,0.77282,0.77294,1.00,1.50
2018.04.26 01:57:51.209,0.77282,0.77293,1.00,1.50
2018.04.26 01:57:52.206,0.77282,0.77294,1.00,1.50
2018.04.26 01:57:58.034,0.77282,0.77293,1.00,1.50
2018.04.26 01:58:04.222,0.77282,0.77294,1.00,1.50
2018.04.26 01:58:04.841,0.77282,0.77295,2.25,1.50
2018.04.26 01:58:05.390,0.77283,0.77295,1.00,1.00
2018.04.26 01:58:06.098,0.77284,0.77295,1.00,1.00
2018.04.26 01:58:06.201,0.77285,0.77297,1.00,3.37
2018.04.26 01:58:06.747,0.77286,0.77297,1.00,2.62
2018.04.26 01:58:09.576,0.77287,0.77297,1.00,1.87
2018.04.26 01:58:13.140,0.77286,0.77297,1.00,1.87
2018.04.26 01:58:13.246,0.77288,0.77297,1.00,1.87
2018.04.26 01:58:14.646,0.77287,0.77297,1.00,1.87
2018.04.26 01:58:15.154,0.77288,0.77297,1.50,1.87
2018.04.26 01:58:16.729,0.77286,0.77297,1.50,2.62
2018.04.26 01:58:18.208,0.77285,0.77297,1.00,3.37
2018.04.26 01:58:27.651,0.77284,0.77297,2.25,4.87
2018.04.26 01:58:27.705,0.77282,0.77294,2.25,1.00
2018.04.26 01:58:28.012,0.7728,0.77291,1.00,1.00
2018.04.26 01:58:28.114,0.77278,0.7729,1.00,1.50
2018.04.26 01:58:28.165,0.77277,0.77288,1.00,1.00
2018.04.26 01:58:28.371,0.77275,0.77288,1.50,2.25
2018.04.26 01:58:29.080,0.77275,0.77287,1.50,1.00
2018.04.26 01:58:29.697,0.77276,0.77288,1.50,2.25
2018.04.26 01:58:35.738,0.77277,0.77289,1.00,1.00
2018.04.26 01:58:36.469,0.77278,0.7729,1.50,1.00
2018.04.26 01:58:36.573,0.7728,0.77292,1.00,2.25
2018.04.26 01:58:37.077,0.77281,0.77293,1.00,1.00
2018.04.26 01:58:43.941,0.77282,0.77294,1.00,1.50
2018.04.26 01:58:44.679,0.77281,0.77294,1.00,1.50
2018.04.26 01:58:45.502,0.77282,0.77294,1.00,1.50
2018.04.26 01:58:46.338,0.77283,0.77295,1.00,1.50
2018.04.26 01:58:46.910,0.77284,0.77295,1.00,1.00
2018.04.26 01:58:49.593,0.77285,0.77295,1.00,1.00
2018.04.26 01:58:50.185,0.77286,0.77295,1.00,1.00
2018.04.26 01:58:50.442,0.77284,0.77295,1.50,1.00
2018.04.26 01:58:57.070,0.77285,0.77295,1.00,1.00
2018.04.26 01:58:57.121,0.77285,0.77297,1.00,4.12
2018.04.26 01:58:57.626,0.77284,0.77297,2.25,4.12
2018.04.26 01:59:03.741,0.77285,0.77297,1.00,3.37
2018.04.26 01:59:05.061,0.77286,0.77297,1.00,2.62
2018.04.26 01:59:08.347,0.77287,0.77297,1.00,1.87
2018.04.26 01:59:08.537,0.77289,0.77297,1.00,1.87
2018.04.26 01:59:08.843,0.7729,0.77301,1.00,1.95
2018.04.26 01:59:09.062,0.77289,0.77301,1.00,1.50
2018.04.26 01:59:09.216,0.77291,0.77301,1.00,1.00
2018.04.26 01:59:09.541,0.77291,0.77302,1.00,1.15
2018.04.26 01:59:10.158,0.77291,0.77302,1.00,1.87
2018.04.26 01:59:10.260,0.77291,0.77302,1.00,1.37
2018.04.26 01:59:10.832,0.77291,0.77302,1.00,1.37
2018.04.26 01:59:11.271,0.7729,0.77302,2.25,1.42
2018.04.26 01:59:11.474,0.77291,0.77302,1.00,1.00
2018.04.26 01:59:12.261,0.7729,0.77302,1.00,2.25
2018.04.26 01:59:12.414,0.77288,0.77301,2.25,2.25
2018.04.26 01:59:13.027,0.77288,0.773,1.50,1.50
2018.04.26 01:59:13.533,0.77288,0.77299,1.00,1.00
2018.04.26 01:59:13.584,0.77287,0.77296,1.00,1.00
2018.04.26 01:59:13.636,0.77285,0.77296,1.00,1.00
2018.04.26 01:59:13.739,0.77284,0.77294,1.00,1.00
2018.04.26 01:59:14.048,0.77281,0.77288,1.00,1.00
2018.04.26 01:59:14.235,0.77279,0.77288,1.50,1.00
2018.04.26 01:59:14.986,0.77278,0.77288,1.50,1.00
2018.04.26 01:59:15.088,0.77279,0.77286,1.00,1.00
2018.04.26 01:59:15.690,0.77276,0.77286,1.50,1.00
2018.04.26 01:59:15.742,0.77275,0.77284,1.00,1.00
2018.04.26 01:59:16.046,0.77275,0.77282,1.00,1.00
2018.04.26 01:59:18.681,0.77277,0.77286,1.50,1.00
2018.04.26 01:59:19.282,0.77278,0.77286,1.00,1.00
2018.04.26 01:59:20.689,0.77277,0.77286,1.50,1.00
2018.04.26 01:59:21.482,0.77276,0.77286,2.25,1.00
2018.04.26 01:59:22.838,0.77278,0.77286,1.00,1.00
2018.04.26 01:59:23.245,0.77279,0.77288,3.00,1.00
2018.04.26 01:59:23.296,0.77281,0.77289,1.00,1.00
2018.04.26 01:59:23.347,0.77279,0.77289,3.00,1.00
2018.04.26 01:59:23.918,0.77277,0.77288,1.00,1.00
2018.04.26 01:59:23.969,0.77275,0.77285,1.00,1.00
2018.04.26 01:59:24.406,0.77273,0.77283,1.00,1.00
2018.04.26 01:59:27.083,0.77275,0.77283,1.00,1.00
2018.04.26 01:59:27.341,0.77275,0.77285,1.00,1.00
2018.04.26 01:59:29.281,0.77276,0.77285,1.00,1.00
2018.04.26 01:59:30.546,0.77277,0.77285,1.00,1.00
2018.04.26 01:59:33.427,0.77279,0.77288,1.00,1.00
2018.04.26 01:59:33.784,0.77277,0.77288,1.00,1.00
2018.04.26 01:59:33.886,0.77276,0.77285,1.00,1.00
2018.04.26 01:59:34.210,0.77275,0.77283,1.35,1.00
2018.04.26 01:59:34.921,0.77276,0.77283,1.00,1.00
2018.04.26 01:59:35.121,0.77278,0.77286,1.00,1.00
2018.04.26 01:59:35.364,0.77278,0.77289,1.50,1.00
2018.04.26 01:59:36.568,0.77278,0.77288,1.50,1.00
2018.04.26 01:59:37.486,0.77278,0.77288,3.60,1.00
2018.04.26 01:59:37.538,0.77281,0.77292,2.85,1.00
2018.04.26 01:59:37.692,0.77279,0.7729,3.60,1.00
2018.04.26 01:59:38.359,0.77279,0.7729,2.25,1.00
2018.04.26 01:59:39.051,0.7728,0.7729,1.00,1.00
2018.04.26 01:59:39.581,0.77281,0.7729,1.00,1.00
2018.04.26 01:59:41.277,0.77282,0.77292,1.50,1.00
2018.04.26 01:59:41.544,0.77284,0.77292,1.00,1.00
2018.04.26 01:59:43.521,0.77288,0.77294,1.00,1.00
2018.04.26 01:59:43.727,0.77288,0.77297,1.00,1.00
2018.04.26 01:59:43.779,0.77285,0.77296,1.00,1.00
2018.04.26 01:59:44.279,0.77287,0.77297,1.00,1.00
2018.04.26 01:59:45.267,0.77292,0.773,1.00,1.00
2018.04.26 01:59:45.318,0.77293,0.77302,1.00,1.50
2018.04.26 01:59:45.420,0.77291,0.77302,1.00,1.00
2018.04.26 01:59:45.624,0.77289,0.773,1.00,1.00
2018.04.26 01:59:45.952,0.77287,0.77298,1.50,1.00
2018.04.26 01:59:46.819,0.77287,0.77301,1.00,2.25
2018.04.26 01:59:46.870,0.7729,0.77302,3.00,1.00
2018.04.26 01:59:47.180,0.77292,0.77303,1.00,1.00
2018.04.26 01:59:47.706,0.77291,0.77302,1.00,1.00
2018.04.26 01:59:49.800,0.77289,0.773,1.00,2.25
2018.04.26 01:59:49.902,0.77285,0.77298,2.85,1.50
2018.04.26 01:59:50.004,0.77285,0.77296,1.35,1.00
2018.04.26 01:59:50.462,0.77293,0.77299,1.00,1.00
2018.04.26 01:59:50.598,0.77294,0.77303,1.00,1.00
2018.04.26 01:59:50.700,0.77292,0.77304,1.00,1.00
2018.04.26 01:59:50.751,0.7729,0.77302,1.50,1.50
2018.04.26 01:59:51.234,0.77289,0.773,1.00,1.00
2018.04.26 01:59:53.874,0.77289,0.77299,1.00,1.00
2018.04.26 01:59:54.078,0.77291,0.77302,1.00,1.00
2018.04.26 01:59:54.297,0.77291,0.77304,1.00,2.25
2018.04.26 01:59:54.349,0.77292,0.77301,1.00,1.00
2018.04.26 01:59:54.451,0.77292,0.77303,1.00,1.00
2018.04.26 01:59:54.944,0.7729,0.77301,1.00,1.00
2018.04.26 01:59:56.275,0.7729,0.773,1.00,1.00
2018.04.26 01:59:56.585,0.77288,0.77298,2.25,1.00
2018.04.26 01:59:56.912,0.77286,0.77296,1.00,1.00
2018.04.26 01:59:58.453,0.77287,0.77296,1.00,1.00
2018.04.26 01:59:58.618,0.77285,0.77296,2.25,1.00
2018.04.26 01:59:59.021,0.77287,0.77296,1.00,1.00
2018.04.26 01:59:59.327,0.77289,0.773,2.25,1.00
2018.04.26 01:59:59.704,0.77293,0.77301,2.85,1.00
2018.04.26 01:59:59.885,0.77296,0.77308,2.25,1.00
