2015.06.02 19:00:00.299,0.89196,0.89215,1.00,1.00
2015.06.02 19:00:00.400,0.89194,0.89215,1.50,1.00
2015.06.02 19:00:00.663,0.89196,0.89215,1.00,1.00
2015.06.02 19:00:00.768,0.89196,0.89221,1.00,1.00
2015.06.02 19:00:00.970,0.89185,0.8921,1.00,1.00
2015.06.02 19:00:01.072,0.89183,0.8921,1.00,1.00
2015.06.02 19:00:01.173,0.89181,0.89209,1.00,1.00
2015.06.02 19:00:01.274,0.89183,0.89209,1.00,1.00
2015.06.02 19:00:01.584,0.89185,0.89211,1.00,1.00
2015.06.02 19:00:01.887,0.89179,0.89204,1.00,1.00
2015.06.02 19:00:02.388,0.89178,0.89203,1.00,1.00
2015.06.02 19:00:02.490,0.89176,0.89202,1.00,1.00
2015.06.02 19:00:02.591,0.89175,0.892,1.00,1.00
2015.06.02 19:00:02.793,0.89172,0.89199,1.00,1.00
2015.06.02 19:00:02.894,0.8917,0.89195,1.00,1.00
2015.06.02 19:00:03.096,0.89165,0.89191,1.00,1.00
2015.06.02 19:00:03.599,0.89159,0.89184,1.00,1.00
2015.06.02 19:00:03.700,0.89152,0.89178,1.00,1.00
2015.06.02 19:00:04.079,0.89151,0.89175,1.00,1.00
2015.06.02 19:00:04.405,0.89151,0.89177,1.00,1.00
2015.06.02 19:00:04.890,0.89148,0.89172,1.00,1.00
2015.06.02 19:00:04.991,0.89149,0.89174,1.00,1.00
2015.06.02 19:00:05.321,0.89142,0.89168,1.00,1.50
2015.06.02 19:00:05.422,0.8914,0.89168,1.50,1.50
2015.06.02 19:00:05.523,0.89138,0.89163,1.00,1.00
2015.06.02 19:00:05.826,0.89133,0.89158,1.00,1.00
2015.06.02 19:00:06.335,0.89134,0.89159,1.00,1.00
2015.06.02 19:00:06.738,0.89131,0.89158,1.50,1.50
2015.06.02 19:00:06.839,0.8913,0.89156,1.00,1.00
2015.06.02 19:00:07.142,0.89132,0.89157,1.00,1.00
2015.06.02 19:00:07.449,0.89134,0.89159,1.00,1.00
2015.06.02 19:00:07.964,0.89133,0.89158,1.00,1.00
2015.06.02 19:00:08.351,0.8913,0.89156,1.00,1.00
2015.06.02 19:00:08.402,0.8913,0.89154,1.00,1.00
2015.06.02 19:00:08.453,0.89128,0.89153,1.00,1.00
2015.06.02 19:00:08.555,0.89131,0.89154,1.00,1.00
2015.06.02 19:00:08.657,0.89129,0.89154,1.00,1.00
2015.06.02 19:00:09.270,0.8913,0.89156,1.00,1.00
2015.06.02 19:00:09.546,0.89128,0.89153,1.50,1.00
2015.06.02 19:00:10.102,0.89128,0.89146,1.00,1.00
2015.06.02 19:00:10.153,0.89119,0.89144,1.00,1.00
2015.06.02 19:00:10.204,0.89119,0.89141,1.00,1.00
2015.06.02 19:00:10.255,0.89114,0.8914,1.00,1.00
2015.06.02 19:00:10.457,0.89113,0.89138,1.00,1.00
2015.06.02 19:00:10.959,0.8911,0.89136,1.00,1.00
2015.06.02 19:00:11.413,0.89109,0.89133,1.50,1.00
2015.06.02 19:00:11.668,0.89107,0.89134,1.50,1.50
2015.06.02 19:00:11.718,0.89114,0.89134,1.00,1.00
2015.06.02 19:00:11.769,0.89114,0.89136,1.00,1.00
2015.06.02 19:00:11.820,0.8911,0.89136,1.00,1.00
2015.06.02 19:00:11.971,0.89112,0.89137,1.00,1.00
2015.06.02 19:00:12.072,0.89108,0.89134,1.00,1.00
2015.06.02 19:00:12.123,0.89108,0.8913,1.00,1.00
2015.06.02 19:00:12.174,0.89103,0.89129,1.00,1.00
2015.06.02 19:00:12.224,0.89103,0.89126,1.00,1.00
2015.06.02 19:00:12.275,0.89101,0.89125,1.00,1.00
2015.06.02 19:00:12.377,0.89098,0.89125,1.00,1.00
2015.06.02 19:00:12.495,0.891,0.89126,1.00,1.50
2015.06.02 19:00:12.798,0.89109,0.89131,1.00,1.00
2015.06.02 19:00:13.050,0.89103,0.89129,1.00,1.00
2015.06.02 19:00:13.409,0.89106,0.89129,1.00,1.00
2015.06.02 19:00:13.460,0.89107,0.89132,1.00,1.00
2015.06.02 19:00:13.562,0.89105,0.8913,1.00,1.00
2015.06.02 19:00:15.631,0.89105,0.89128,1.00,1.00
2015.06.02 19:00:15.682,0.89102,0.89127,1.00,1.00
2015.06.02 19:00:15.981,0.891,0.89127,1.50,1.50
2015.06.02 19:00:16.133,0.89101,0.89122,1.00,1.00
2015.06.02 19:00:16.183,0.89096,0.89121,1.00,1.00
2015.06.02 19:00:16.285,0.89098,0.89123,1.00,1.00
2015.06.02 19:00:16.587,0.89097,0.89125,1.50,1.50
2015.06.02 19:00:16.739,0.891,0.89125,1.00,1.00
2015.06.02 19:00:16.996,0.89104,0.89132,1.50,1.50
2015.06.02 19:00:17.349,0.8911,0.89131,1.00,1.00
2015.06.02 19:00:17.400,0.89111,0.89136,1.00,1.00
2015.06.02 19:00:18.159,0.89112,0.89136,1.00,1.00
2015.06.02 19:00:18.210,0.89113,0.89139,1.00,1.00
2015.06.02 19:00:18.720,0.89114,0.8914,1.00,1.00
2015.06.02 19:00:19.023,0.89116,0.8914,1.00,1.00
2015.06.02 19:00:19.074,0.89117,0.89142,1.00,1.00
2015.06.02 19:00:19.452,0.89116,0.89139,1.00,1.00
2015.06.02 19:00:19.502,0.89113,0.89138,1.00,1.00
2015.06.02 19:00:19.886,0.89114,0.8914,1.00,1.00
2015.06.02 19:00:20.341,0.89114,0.89138,1.00,1.00
2015.06.02 19:00:20.981,0.89113,0.89137,1.00,1.00
2015.06.02 19:00:21.511,0.89113,0.89136,1.00,1.00
2015.06.02 19:00:22.441,0.89113,0.89138,1.00,1.00
2015.06.02 19:00:23.536,0.89113,0.89137,1.00,1.00
2015.06.02 19:00:23.637,0.89109,0.89135,1.50,1.00
2015.06.02 19:00:24.611,0.89111,0.89135,1.00,1.00
2015.06.02 19:00:24.763,0.89109,0.89135,1.00,1.00
2015.06.02 19:00:25.015,0.89107,0.89133,1.12,1.00
2015.06.02 19:00:25.351,0.89109,0.89135,1.37,1.00
2015.06.02 19:00:25.402,0.89109,0.89135,1.50,1.00
2015.06.02 19:00:25.453,0.89112,0.89135,1.00,1.00
2015.06.02 19:00:25.728,0.89109,0.89136,1.00,1.00
2015.06.02 19:00:25.880,0.89111,0.89136,1.00,1.00
2015.06.02 19:00:26.638,0.89111,0.89134,1.00,1.00
2015.06.02 19:00:26.689,0.89108,0.89133,1.00,1.00
2015.06.02 19:00:26.870,0.89108,0.8913,1.00,1.00
2015.06.02 19:00:27.015,0.89108,0.89133,1.00,1.00
2015.06.02 19:00:27.116,0.8911,0.89135,1.00,1.00
2015.06.02 19:00:27.440,0.89112,0.89137,1.00,1.50
2015.06.02 19:00:27.964,0.89112,0.89135,1.00,1.00
2015.06.02 19:00:28.210,0.8911,0.89135,1.00,1.00
2015.06.02 19:00:28.523,0.89112,0.89136,1.00,1.00
2015.06.02 19:00:28.725,0.89106,0.89131,1.00,1.00
2015.06.02 19:00:28.877,0.89108,0.89132,1.00,1.00
2015.06.02 19:00:28.927,0.8911,0.89136,1.00,1.00
2015.06.02 19:00:29.584,0.8911,0.89135,1.00,1.00
2015.06.02 19:00:29.635,0.89108,0.89134,1.00,1.00
2015.06.02 19:00:29.942,0.8911,0.89136,1.00,1.00
2015.06.02 19:00:30.247,0.89113,0.89139,1.00,1.00
2015.06.02 19:00:30.636,0.89111,0.89135,1.00,1.00
2015.06.02 19:00:32.984,0.89111,0.89133,1.00,1.00
2015.06.02 19:00:33.137,0.89108,0.89132,1.00,1.00
2015.06.02 19:00:33.296,0.89108,0.89135,1.00,1.00
2015.06.02 19:00:33.498,0.89108,0.89133,1.00,1.00
2015.06.02 19:00:33.816,0.8911,0.89132,1.00,1.00
2015.06.02 19:00:34.259,0.89108,0.89132,1.00,1.50
2015.06.02 19:00:35.754,0.89109,0.89136,1.00,1.00
2015.06.02 19:00:35.893,0.89112,0.89137,1.00,1.00
2015.06.02 19:00:36.456,0.89111,0.89135,1.00,1.00
2015.06.02 19:00:36.658,0.89109,0.89135,1.00,1.00
2015.06.02 19:00:37.178,0.89108,0.89132,1.00,1.00
2015.06.02 19:00:39.113,0.89108,0.89133,1.00,1.00
2015.06.02 19:00:39.609,0.8911,0.89132,1.00,1.00
2015.06.02 19:00:41.075,0.8911,0.89126,1.00,1.00
2015.06.02 19:00:41.176,0.89108,0.89126,1.00,1.00
2015.06.02 19:00:41.227,0.89108,0.89132,1.00,1.00
2015.06.02 19:00:41.278,0.89106,0.89131,1.00,1.00
2015.06.02 19:00:41.329,0.89106,0.89126,1.00,1.00
2015.06.02 19:00:41.531,0.89106,0.89131,1.00,1.00
2015.06.02 19:00:41.632,0.89105,0.89123,1.00,1.00
2015.06.02 19:00:41.683,0.89102,0.89123,1.00,1.00
2015.06.02 19:00:41.784,0.89102,0.89127,1.00,1.00
2015.06.02 19:00:42.196,0.89103,0.89124,1.00,1.00
2015.06.02 19:00:42.247,0.89101,0.89124,1.50,1.00
2015.06.02 19:00:42.298,0.89101,0.89127,1.50,1.00
2015.06.02 19:00:42.648,0.89103,0.89129,1.00,1.00
2015.06.02 19:00:42.955,0.89108,0.89129,1.00,1.00
2015.06.02 19:00:43.107,0.89108,0.89132,1.00,1.00
2015.06.02 19:00:43.259,0.8911,0.89133,1.00,1.00
2015.06.02 19:00:43.310,0.8911,0.89135,1.00,1.00
2015.06.02 19:00:43.462,0.8911,0.89131,1.00,1.00
2015.06.02 19:00:43.563,0.8911,0.89136,1.00,1.00
2015.06.02 19:00:43.614,0.8911,0.89133,1.00,1.00
2015.06.02 19:00:43.881,0.8911,0.89136,1.00,1.00
2015.06.02 19:00:43.932,0.8911,0.89131,1.00,1.00
2015.06.02 19:00:44.138,0.89108,0.89135,1.00,1.00
2015.06.02 19:00:44.347,0.89108,0.89129,1.00,1.00
2015.06.02 19:00:44.680,0.89108,0.89127,1.00,1.00
2015.06.02 19:00:44.983,0.89106,0.89127,1.00,1.00
2015.06.02 19:00:45.360,0.89106,0.8913,1.50,1.00
2015.06.02 19:00:45.461,0.8911,0.8913,1.00,1.00
2015.06.02 19:00:45.612,0.89107,0.8913,1.50,1.00
2015.06.02 19:00:45.895,0.89107,0.89136,1.50,1.50
2015.06.02 19:00:46.097,0.89107,0.89129,1.50,1.00
2015.06.02 19:00:46.249,0.8911,0.89134,1.00,1.00
2015.06.02 19:00:46.453,0.89109,0.89132,1.00,1.00
2015.06.02 19:00:46.806,0.89108,0.89128,1.00,1.00
2015.06.02 19:00:47.202,0.8911,0.89135,1.00,1.00
2015.06.02 19:00:47.353,0.8911,0.89129,1.00,1.00
2015.06.02 19:00:47.405,0.89108,0.89129,1.00,1.00
2015.06.02 19:00:47.506,0.89108,0.89131,1.00,1.00
2015.06.02 19:00:47.556,0.8911,0.89131,1.00,1.00
2015.06.02 19:00:47.664,0.89108,0.89133,1.00,1.00
2015.06.02 19:00:47.715,0.89108,0.89131,1.00,1.00
2015.06.02 19:00:47.816,0.8911,0.89135,1.00,1.00
2015.06.02 19:00:47.867,0.89109,0.89132,1.00,1.00
2015.06.02 19:00:48.207,0.89108,0.89129,1.00,1.00
2015.06.02 19:00:48.308,0.89105,0.89129,1.50,1.00
2015.06.02 19:00:48.686,0.89105,0.89132,1.50,1.50
2015.06.02 19:00:48.737,0.89105,0.89128,1.50,1.00
2015.06.02 19:00:49.245,0.89106,0.89129,1.50,1.00
2015.06.02 19:00:49.880,0.89106,0.89133,1.50,1.50
2015.06.02 19:00:49.981,0.89106,0.89129,1.50,1.00
2015.06.02 19:00:50.486,0.89107,0.89129,1.00,1.00
2015.06.02 19:00:51.000,0.89107,0.89128,1.00,1.00
2015.06.02 19:00:51.159,0.8911,0.89132,1.00,1.00
2015.06.02 19:00:51.260,0.89107,0.89128,1.00,1.00
2015.06.02 19:00:51.311,0.8911,0.89132,1.00,1.00
2015.06.02 19:00:51.362,0.89107,0.89129,1.00,1.00
2015.06.02 19:00:52.426,0.89107,0.8913,1.00,1.00
2015.06.02 19:00:52.577,0.89109,0.89135,1.00,1.00
2015.06.02 19:00:52.628,0.89108,0.89131,1.00,1.00
2015.06.02 19:00:52.981,0.89108,0.89129,1.00,1.00
2015.06.02 19:00:53.208,0.89108,0.89132,1.00,1.00
2015.06.02 19:00:53.310,0.89105,0.89132,1.50,1.50
2015.06.02 19:00:53.360,0.89105,0.89126,1.50,1.00
2015.06.02 19:00:53.411,0.89109,0.89132,1.00,1.50
2015.06.02 19:00:53.563,0.89105,0.89127,1.50,1.00
2015.06.02 19:00:53.865,0.89105,0.89125,1.50,1.00
2015.06.02 19:00:54.383,0.89105,0.89126,1.50,1.00
2015.06.02 19:00:54.699,0.89105,0.89132,1.50,1.50
2015.06.02 19:00:54.848,0.89105,0.89125,1.50,1.00
2015.06.02 19:00:55.050,0.89105,0.8913,1.00,1.00
2015.06.02 19:00:55.101,0.89105,0.89125,1.00,1.00
2015.06.02 19:00:55.202,0.89106,0.8913,1.00,1.00
2015.06.02 19:00:55.298,0.89105,0.89125,1.00,1.00
2015.06.02 19:00:55.949,0.89105,0.89128,1.00,1.00
2015.06.02 19:00:56.050,0.89105,0.8913,1.00,1.50
2015.06.02 19:00:56.175,0.89108,0.8913,1.00,1.00
2015.06.02 19:00:56.226,0.89106,0.8913,1.00,1.00
2015.06.02 19:00:56.494,0.89108,0.89132,1.50,1.00
2015.06.02 19:00:56.848,0.89105,0.89132,1.50,1.50
2015.06.02 19:00:56.949,0.89105,0.89125,1.50,1.00
2015.06.02 19:00:57.101,0.89107,0.89132,1.00,1.00
2015.06.02 19:00:57.202,0.89106,0.89127,1.50,1.00
2015.06.02 19:00:57.708,0.89107,0.89126,1.00,1.00
2015.06.02 19:00:58.011,0.8911,0.89135,1.00,1.00
2015.06.02 19:00:58.517,0.8911,0.89136,1.00,1.00
2015.06.02 19:00:58.669,0.8911,0.89131,1.00,1.00
2015.06.02 19:00:59.028,0.89113,0.89131,1.00,1.00
2015.06.02 19:00:59.332,0.89111,0.89126,1.00,1.00
2015.06.02 19:00:59.482,0.89111,0.89129,1.00,1.00
2015.06.02 19:00:59.993,0.89111,0.89136,1.00,1.00
2015.06.02 19:01:00.045,0.89108,0.89124,1.00,1.00
2015.06.02 19:01:00.196,0.89107,0.89126,1.00,1.00
2015.06.02 19:01:00.550,0.89104,0.89122,1.00,1.00
2015.06.02 19:01:00.601,0.89104,0.8913,1.00,1.00
2015.06.02 19:01:00.702,0.89102,0.89129,1.50,1.50
2015.06.02 19:01:00.877,0.89103,0.89122,1.00,1.00
2015.06.02 19:01:00.928,0.89104,0.89131,1.00,1.00
2015.06.02 19:01:01.029,0.89104,0.89129,1.00,1.00
2015.06.02 19:01:01.409,0.89104,0.89122,1.00,1.00
2015.06.02 19:01:01.460,0.89104,0.89129,1.00,1.00
2015.06.02 19:01:01.511,0.89104,0.89118,1.00,1.00
2015.06.02 19:01:01.562,0.89096,0.89116,1.00,1.00
2015.06.02 19:01:01.663,0.89096,0.89122,1.00,1.00
2015.06.02 19:01:01.764,0.89094,0.89119,1.12,1.00
2015.06.02 19:01:02.184,0.89093,0.89113,1.00,1.00
2015.06.02 19:01:02.235,0.89091,0.89113,1.00,1.00
2015.06.02 19:01:02.722,0.8909,0.89111,1.00,1.00
2015.06.02 19:01:02.936,0.8909,0.89115,1.00,1.00
2015.06.02 19:01:03.038,0.8909,0.89111,1.00,1.00
2015.06.02 19:01:03.438,0.89091,0.89117,1.00,1.00
2015.06.02 19:01:03.489,0.89093,0.89117,1.00,1.00
2015.06.02 19:01:03.540,0.89094,0.89119,1.00,1.00
2015.06.02 19:01:04.044,0.89092,0.89118,1.00,1.00
2015.06.02 19:01:04.095,0.891,0.89118,1.00,1.00
2015.06.02 19:01:04.348,0.89101,0.89126,1.00,1.00
2015.06.02 19:01:04.452,0.89096,0.89121,1.37,1.00
2015.06.02 19:01:04.554,0.89096,0.89121,1.00,1.00
2015.06.02 19:01:04.655,0.89098,0.89123,1.00,1.50
2015.06.02 19:01:04.756,0.89099,0.89126,1.50,1.50
2015.06.02 19:01:04.959,0.89106,0.89126,1.00,1.50
2015.06.02 19:01:05.211,0.891,0.89125,1.00,1.00
2015.06.02 19:01:05.262,0.891,0.89123,1.00,1.00
2015.06.02 19:01:05.439,0.89098,0.89123,1.00,1.00
2015.06.02 19:01:05.972,0.89097,0.89123,1.00,1.00
2015.06.02 19:01:06.175,0.89097,0.8912,1.00,1.00
2015.06.02 19:01:06.276,0.89095,0.8912,1.00,2.25
2015.06.02 19:01:06.377,0.89093,0.8912,1.50,1.50
2015.06.02 19:01:06.924,0.89094,0.8912,1.00,1.50
2015.06.02 19:01:07.453,0.89094,0.89119,1.00,1.00
2015.06.02 19:01:08.351,0.89094,0.89118,1.00,1.00
2015.06.02 19:01:08.452,0.89097,0.89119,1.00,1.00
2015.06.02 19:01:08.503,0.89091,0.8912,1.50,1.50
2015.06.02 19:01:08.604,0.89096,0.89117,1.00,1.00
2015.06.02 19:01:08.654,0.89094,0.89116,1.00,1.00
2015.06.02 19:01:08.705,0.89091,0.89116,1.00,1.50
2015.06.02 19:01:08.756,0.89089,0.89115,1.00,1.00
2015.06.02 19:01:08.858,0.89092,0.89115,1.00,1.00
2015.06.02 19:01:09.638,0.89089,0.89115,1.00,1.00
2015.06.02 19:01:09.739,0.89091,0.89113,1.00,1.00
2015.06.02 19:01:10.249,0.89093,0.89115,1.00,1.00
2015.06.02 19:01:10.400,0.89089,0.89115,1.00,1.00
2015.06.02 19:01:10.451,0.89098,0.89115,1.12,1.00
2015.06.02 19:01:10.552,0.89095,0.89118,1.37,1.00
2015.06.02 19:01:10.653,0.89102,0.89128,1.00,1.00
2015.06.02 19:01:10.816,0.89105,0.89128,1.00,1.00
2015.06.02 19:01:10.868,0.89106,0.89131,1.00,1.00
2015.06.02 19:01:10.969,0.89108,0.89134,1.00,1.50
2015.06.02 19:01:11.121,0.8911,0.89134,1.00,1.50
2015.06.02 19:01:11.423,0.8911,0.89132,1.00,1.00
2015.06.02 19:01:11.474,0.89107,0.89132,1.50,1.00
2015.06.02 19:01:11.525,0.89111,0.89132,1.00,1.00
2015.06.02 19:01:11.798,0.89112,0.89134,1.00,1.00
2015.06.02 19:01:11.950,0.89112,0.89136,1.50,1.00
2015.06.02 19:01:12.051,0.89111,0.89134,1.00,1.00
2015.06.02 19:01:12.101,0.89109,0.89134,1.00,1.00
2015.06.02 19:01:12.253,0.89107,0.89133,1.00,1.00
2015.06.02 19:01:12.608,0.89107,0.89131,1.00,1.00
2015.06.02 19:01:12.709,0.89107,0.89133,1.00,1.00
2015.06.02 19:01:13.019,0.89107,0.89125,1.00,1.00
2015.06.02 19:01:13.409,0.89107,0.89131,1.00,1.00
2015.06.02 19:01:13.510,0.89106,0.89125,1.50,1.00
2015.06.02 19:01:13.611,0.89106,0.89128,1.50,1.00
2015.06.02 19:01:13.712,0.89106,0.89131,1.00,1.00
2015.06.02 19:01:13.965,0.89105,0.89124,1.00,1.00
2015.06.02 19:01:14.165,0.891,0.89124,1.50,1.00
2015.06.02 19:01:14.267,0.89103,0.89126,1.00,1.00
2015.06.02 19:01:14.317,0.89104,0.89128,1.00,1.00
2015.06.02 19:01:14.771,0.89107,0.89127,1.00,1.00
2015.06.02 19:01:15.301,0.89107,0.89128,1.00,1.00
2015.06.02 19:01:15.612,0.89106,0.89126,1.00,1.00
2015.06.02 19:01:15.714,0.89107,0.89128,1.00,1.00
2015.06.02 19:01:15.765,0.89109,0.89128,1.00,1.00
2015.06.02 19:01:15.817,0.89109,0.89132,1.00,1.00
2015.06.02 19:01:16.174,0.89112,0.89135,1.00,1.00
2015.06.02 19:01:16.513,0.89109,0.89132,1.00,1.00
2015.06.02 19:01:16.929,0.89117,0.89135,1.00,1.00
2015.06.02 19:01:17.080,0.89117,0.8914,1.00,1.00
2015.06.02 19:01:17.390,0.89118,0.89142,1.00,1.50
2015.06.02 19:01:17.491,0.89118,0.89134,1.00,1.00
2015.06.02 19:01:17.821,0.89115,0.89131,1.00,1.00
2015.06.02 19:01:17.872,0.89113,0.89131,1.00,1.00
2015.06.02 19:01:18.023,0.89112,0.89135,1.00,1.50
2015.06.02 19:01:18.074,0.89109,0.89133,1.00,1.00
2015.06.02 19:01:18.176,0.89115,0.89135,1.00,1.00
2015.06.02 19:01:18.378,0.89105,0.89131,1.00,1.00
2015.06.02 19:01:18.429,0.89107,0.89131,1.00,1.00
2015.06.02 19:01:18.732,0.89107,0.89129,1.00,1.00
2015.06.02 19:01:19.094,0.89118,0.8913,1.00,1.00
2015.06.02 19:01:19.196,0.89114,0.89134,1.00,1.00
2015.06.02 19:01:19.247,0.89111,0.89134,1.50,1.50
2015.06.02 19:01:19.400,0.89111,0.89137,1.50,1.00
2015.06.02 19:01:19.502,0.89113,0.89138,1.00,1.00
2015.06.02 19:01:19.807,0.8911,0.89134,1.00,1.00
2015.06.02 19:01:20.042,0.89112,0.89138,1.00,1.50
2015.06.02 19:01:20.193,0.89112,0.89134,1.00,1.00
2015.06.02 19:01:20.294,0.8911,0.89134,1.00,1.50
2015.06.02 19:01:20.446,0.89108,0.89132,1.00,1.00
2015.06.02 19:01:20.496,0.89106,0.89132,1.50,1.00
2015.06.02 19:01:20.598,0.89106,0.8913,1.00,1.00
2015.06.02 19:01:21.102,0.89105,0.8913,1.87,1.50
2015.06.02 19:01:21.414,0.89107,0.89125,1.00,1.00
2015.06.02 19:01:21.465,0.89107,0.8913,1.00,1.00
2015.06.02 19:01:21.566,0.89106,0.89124,1.12,1.00
2015.06.02 19:01:21.667,0.89104,0.89124,1.87,1.00
2015.06.02 19:01:21.768,0.89104,0.8913,1.50,1.00
2015.06.02 19:01:21.819,0.89104,0.89128,1.00,1.00
2015.06.02 19:01:22.122,0.89103,0.89126,1.37,1.00
2015.06.02 19:01:22.425,0.89107,0.89128,1.00,1.00
2015.06.02 19:01:22.746,0.89108,0.89126,1.00,1.00
2015.06.02 19:01:22.948,0.89105,0.8913,1.00,1.50
2015.06.02 19:01:23.100,0.89107,0.8913,1.00,1.50
2015.06.02 19:01:23.352,0.89108,0.89133,1.00,1.50
2015.06.02 19:01:23.403,0.89108,0.89129,1.00,1.00
2015.06.02 19:01:23.454,0.89103,0.89126,1.37,1.00
2015.06.02 19:01:23.555,0.89105,0.89128,1.00,1.00
2015.06.02 19:01:23.707,0.89105,0.8913,1.00,1.50
2015.06.02 19:01:24.049,0.89105,0.89128,1.00,1.00
2015.06.02 19:01:24.150,0.89105,0.8913,1.00,1.50
2015.06.02 19:01:24.334,0.89105,0.89128,1.00,1.00
2015.06.02 19:01:24.435,0.89105,0.8913,1.00,1.50
2015.06.02 19:01:24.536,0.89106,0.89128,1.00,1.00
2015.06.02 19:01:24.637,0.89104,0.89127,1.00,1.00
2015.06.02 19:01:25.041,0.89102,0.89126,1.50,1.00
2015.06.02 19:01:25.379,0.89105,0.89127,1.00,1.00
2015.06.02 19:01:25.641,0.89103,0.89128,1.00,1.50
2015.06.02 19:01:25.843,0.89101,0.89126,1.00,1.00
2015.06.02 19:01:26.148,0.89102,0.89128,1.50,1.00
2015.06.02 19:01:26.249,0.89101,0.89126,1.12,1.00
2015.06.02 19:01:26.717,0.89101,0.89123,1.12,1.00
2015.06.02 19:01:27.028,0.89103,0.89123,1.00,1.00
2015.06.02 19:01:27.129,0.89103,0.89125,1.00,1.00
2015.06.02 19:01:27.230,0.89103,0.89128,1.50,1.50
2015.06.02 19:01:27.468,0.89101,0.89124,1.00,1.00
2015.06.02 19:01:27.670,0.89101,0.89127,1.50,1.50
2015.06.02 19:01:27.771,0.89103,0.89128,1.00,1.50
2015.06.02 19:01:30.598,0.89103,0.89127,1.00,1.00
2015.06.02 19:01:30.649,0.89101,0.89126,2.62,1.00
2015.06.02 19:01:30.700,0.89101,0.89126,1.87,1.00
2015.06.02 19:01:30.852,0.89107,0.89132,1.00,1.00
2015.06.02 19:01:31.300,0.89107,0.89129,1.00,1.00
2015.06.02 19:01:31.402,0.89103,0.89128,1.87,1.50
2015.06.02 19:01:31.629,0.89105,0.89124,1.00,1.00
2015.06.02 19:01:31.680,0.891,0.89124,1.00,1.00
2015.06.02 19:01:32.186,0.891,0.89123,1.00,1.00
2015.06.02 19:01:32.287,0.891,0.89123,1.37,1.00
2015.06.02 19:01:32.439,0.89101,0.89126,1.37,1.50
2015.06.02 19:01:32.897,0.89102,0.89126,1.37,1.00
2015.06.02 19:01:32.998,0.89102,0.89127,1.00,1.00
2015.06.02 19:01:33.048,0.89106,0.89131,1.00,1.00
2015.06.02 19:01:33.449,0.89106,0.89123,1.00,1.00
2015.06.02 19:01:33.655,0.89101,0.89123,1.50,1.00
2015.06.02 19:01:33.706,0.89101,0.89128,1.50,1.50
2015.06.02 19:01:33.757,0.89103,0.89129,1.50,1.00
2015.06.02 19:01:34.080,0.89103,0.89124,1.00,1.00
2015.06.02 19:01:34.181,0.89102,0.89127,1.50,1.00
2015.06.02 19:01:34.444,0.891,0.89121,1.00,1.00
2015.06.02 19:01:34.560,0.89103,0.89126,1.00,1.00
2015.06.02 19:01:34.661,0.89102,0.89129,1.50,1.50
2015.06.02 19:01:34.712,0.89106,0.89128,1.00,1.00
2015.06.02 19:01:35.193,0.89106,0.89126,1.00,1.00
2015.06.02 19:01:35.395,0.89106,0.89128,1.00,1.00
2015.06.02 19:01:35.446,0.89104,0.89128,1.00,1.00
2015.06.02 19:01:35.806,0.89105,0.89122,1.00,1.00
2015.06.02 19:01:35.856,0.89105,0.89124,1.00,1.00
2015.06.02 19:01:36.227,0.89105,0.89128,1.00,1.00
2015.06.02 19:01:36.329,0.89105,0.89124,1.00,1.00
2015.06.02 19:01:37.495,0.89103,0.89121,1.00,1.00
2015.06.02 19:01:37.596,0.891,0.89121,1.12,1.00
2015.06.02 19:01:37.647,0.891,0.89126,1.12,1.00
2015.06.02 19:01:38.157,0.89101,0.89126,1.00,1.50
2015.06.02 19:01:41.337,0.891,0.89126,1.50,1.00
2015.06.02 19:01:41.726,0.89102,0.89127,1.00,1.00
2015.06.02 19:01:42.812,0.89102,0.89122,1.00,1.00
2015.06.02 19:01:42.913,0.891,0.89122,1.12,1.00
2015.06.02 19:01:43.014,0.891,0.89125,1.87,1.00
2015.06.02 19:01:49.910,0.89101,0.89125,1.00,1.00
2015.06.02 19:01:57.339,0.89101,0.89127,1.00,1.00
2015.06.02 19:01:57.390,0.89101,0.89113,1.00,1.00
2015.06.02 19:01:57.441,0.89095,0.89113,1.00,1.00
2015.06.02 19:01:57.542,0.89092,0.89113,1.12,1.00
2015.06.02 19:01:57.643,0.8909,0.89113,1.12,1.00
2015.06.02 19:01:57.694,0.8909,0.89113,1.37,1.00
2015.06.02 19:01:57.928,0.89093,0.89115,1.00,1.00
2015.06.02 19:01:58.130,0.89094,0.89118,1.00,1.00
2015.06.02 19:01:58.281,0.89096,0.89119,1.00,1.00
2015.06.02 19:01:58.332,0.89097,0.89123,1.00,1.00
2015.06.02 19:02:00.476,0.89098,0.89122,1.00,1.00
2015.06.02 19:02:00.577,0.89098,0.8912,1.00,1.00
2015.06.02 19:02:00.880,0.89106,0.89119,1.00,1.00
2015.06.02 19:02:00.931,0.89098,0.8912,1.00,1.00
2015.06.02 19:02:01.032,0.89098,0.89123,1.00,1.50
2015.06.02 19:02:01.487,0.89101,0.89123,1.00,1.50
2015.06.02 19:02:01.918,0.89096,0.89122,1.50,1.00
2015.06.02 19:02:02.019,0.89099,0.89123,1.00,1.50
2015.06.02 19:02:02.170,0.89095,0.89123,1.87,1.50
2015.06.02 19:02:02.316,0.891,0.89123,1.00,1.00
2015.06.02 19:02:02.468,0.89096,0.89122,1.00,1.00
2015.06.02 19:02:02.569,0.89098,0.89122,1.00,1.00
2015.06.02 19:02:02.929,0.89104,0.89123,1.00,1.00
2015.06.02 19:02:03.081,0.89102,0.89122,1.00,1.00
2015.06.02 19:02:03.427,0.89096,0.89122,1.00,1.00
2015.06.02 19:02:03.529,0.89101,0.89122,1.00,1.00
2015.06.02 19:02:04.669,0.89096,0.89122,1.00,1.00
2015.06.02 19:02:04.720,0.89096,0.89108,1.00,1.00
2015.06.02 19:02:04.771,0.89094,0.89108,1.00,1.00
2015.06.02 19:02:04.973,0.89094,0.89114,1.00,1.00
2015.06.02 19:02:05.125,0.89094,0.89116,1.00,1.00
2015.06.02 19:02:05.226,0.89094,0.89118,1.12,1.00
2015.06.02 19:02:05.327,0.89095,0.89116,1.12,1.00
2015.06.02 19:02:05.479,0.89095,0.89119,1.12,1.00
2015.06.02 19:02:05.529,0.891,0.89119,1.37,1.00
2015.06.02 19:02:05.630,0.89101,0.89126,1.37,1.00
2015.06.02 19:02:05.872,0.89101,0.89118,1.37,1.00
2015.06.02 19:02:06.188,0.89101,0.89126,1.37,1.50
2015.06.02 19:02:06.289,0.89101,0.89118,1.37,1.00
2015.06.02 19:02:06.897,0.89101,0.89126,1.37,1.50
2015.06.02 19:02:06.948,0.89101,0.89121,1.37,1.00
2015.06.02 19:02:08.261,0.89101,0.8912,1.37,1.00
2015.06.02 19:02:08.412,0.89099,0.8912,1.87,1.00
2015.06.02 19:02:08.463,0.89099,0.89123,1.87,1.00
2015.06.02 19:02:08.514,0.89099,0.89118,1.87,1.00
2015.06.02 19:02:09.422,0.89099,0.89123,1.87,1.00
2015.06.02 19:02:09.524,0.89099,0.89117,1.37,1.00
2015.06.02 19:02:11.677,0.89097,0.89123,1.87,1.00
2015.06.02 19:02:11.829,0.89097,0.89116,1.87,1.00
2015.06.02 19:02:11.879,0.89097,0.89118,1.87,1.00
2015.06.02 19:02:13.716,0.89097,0.89118,1.87,1.00
2015.06.02 19:02:13.767,0.89097,0.89116,1.87,1.00
2015.06.02 19:02:14.274,0.89097,0.89116,1.37,1.00
2015.06.02 19:02:16.751,0.89097,0.89116,1.00,1.00
2015.06.02 19:02:16.878,0.89094,0.89116,1.00,1.00
2015.06.02 19:02:16.929,0.89101,0.89115,1.00,1.00
2015.06.02 19:02:17.081,0.89103,0.8912,1.00,1.00
2015.06.02 19:02:17.233,0.89094,0.89118,1.00,1.50
2015.06.02 19:02:17.485,0.89092,0.89117,1.00,1.00
2015.06.02 19:02:17.587,0.89089,0.89115,1.37,1.00
2015.06.02 19:02:17.990,0.89089,0.89109,1.37,1.00
2015.06.02 19:02:18.213,0.89091,0.89115,1.00,1.00
2015.06.02 19:02:18.536,0.89091,0.89116,1.37,1.00
2015.06.02 19:02:18.637,0.89091,0.89116,1.00,1.00
2015.06.02 19:02:18.940,0.89091,0.89116,1.37,1.00
2015.06.02 19:02:19.092,0.89091,0.89119,1.87,1.00
2015.06.02 19:02:19.606,0.89095,0.89119,1.00,1.00
2015.06.02 19:02:20.770,0.89096,0.89118,1.00,1.00
2015.06.02 19:02:23.877,0.89096,0.89117,1.00,1.50
2015.06.02 19:02:23.978,0.8909,0.89103,1.87,1.00
2015.06.02 19:02:24.281,0.89087,0.89099,1.37,1.00
2015.06.02 19:02:24.531,0.89098,0.89112,1.00,1.00
2015.06.02 19:02:24.583,0.89098,0.89117,1.00,1.00
2015.06.02 19:02:24.735,0.89092,0.89117,1.00,1.00
2015.06.02 19:02:24.888,0.89093,0.89119,1.00,1.00
2015.06.02 19:02:25.287,0.89096,0.89114,1.00,1.00
2015.06.02 19:02:25.409,0.89094,0.89114,1.00,1.00
2015.06.02 19:02:25.460,0.89094,0.8912,1.00,1.00
2015.06.02 19:02:25.561,0.89094,0.89113,1.00,1.00
2015.06.02 19:02:26.588,0.89091,0.89113,1.87,1.00
2015.06.02 19:02:26.638,0.89091,0.89118,1.87,1.50
2015.06.02 19:02:26.689,0.89094,0.8912,1.12,1.00
2015.06.02 19:02:26.740,0.89094,0.89115,1.12,1.00
2015.06.02 19:02:27.288,0.89094,0.89114,1.12,1.00
2015.06.02 19:02:27.389,0.89094,0.8912,1.00,1.00
2015.06.02 19:02:27.490,0.89092,0.8911,1.00,1.00
2015.06.02 19:02:28.031,0.89092,0.89109,1.00,1.00
2015.06.02 19:02:29.877,0.89091,0.89109,1.00,1.00
2015.06.02 19:02:31.096,0.89091,0.89117,1.00,1.00
2015.06.02 19:02:31.197,0.89092,0.8911,1.00,1.00
2015.06.02 19:02:31.299,0.89088,0.8911,1.00,1.00
2015.06.02 19:02:31.455,0.89087,0.89112,1.12,1.00
2015.06.02 19:02:31.641,0.89089,0.89113,1.00,1.00
2015.06.02 19:02:31.797,0.89091,0.89117,1.50,1.00
2015.06.02 19:02:31.948,0.89102,0.89117,1.00,1.00
2015.06.02 19:02:31.999,0.89094,0.89117,1.00,1.00
2015.06.02 19:02:32.101,0.89095,0.8912,1.00,1.00
2015.06.02 19:02:32.404,0.891,0.89125,1.00,1.00
2015.06.02 19:02:32.717,0.89101,0.89127,1.00,1.00
2015.06.02 19:02:33.082,0.891,0.89125,1.50,1.00
2015.06.02 19:02:33.457,0.891,0.89123,1.00,1.00
2015.06.02 19:02:33.558,0.89102,0.89126,1.00,1.00
2015.06.02 19:02:33.760,0.89118,0.89127,1.00,1.00
2015.06.02 19:02:33.811,0.89118,0.89129,1.00,1.00
2015.06.02 19:02:34.008,0.89108,0.89129,1.00,1.00
2015.06.02 19:02:34.160,0.89104,0.89127,1.00,1.00
2015.06.02 19:02:34.261,0.89107,0.89129,1.00,1.00
2015.06.02 19:02:34.563,0.89111,0.89129,1.00,1.00
2015.06.02 19:02:34.816,0.89103,0.89122,1.00,1.00
2015.06.02 19:02:35.169,0.89103,0.89128,1.00,1.00
2015.06.02 19:02:35.220,0.89103,0.89126,1.50,1.00
2015.06.02 19:02:35.576,0.89114,0.89129,1.00,1.00
2015.06.02 19:02:35.727,0.89103,0.89127,1.00,1.00
2015.06.02 19:02:36.131,0.89105,0.89128,1.00,1.00
2015.06.02 19:02:36.435,0.89102,0.89125,1.00,1.00
2015.06.02 19:02:36.485,0.891,0.89124,1.12,1.00
2015.06.02 19:02:37.011,0.89101,0.89125,1.00,1.50
2015.06.02 19:02:38.740,0.89101,0.89126,1.50,1.00
2015.06.02 19:02:42.332,0.89103,0.89126,1.00,1.00
2015.06.02 19:02:42.724,0.891,0.89125,1.12,1.00
2015.06.02 19:02:42.825,0.89101,0.89111,1.00,1.00
2015.06.02 19:02:42.927,0.89099,0.89111,1.00,1.00
2015.06.02 19:02:43.028,0.89095,0.89121,1.00,1.00
2015.06.02 19:02:43.079,0.89095,0.89111,1.00,1.00
2015.06.02 19:02:43.180,0.89094,0.89115,1.00,1.00
2015.06.02 19:02:43.332,0.89094,0.89117,1.00,1.00
2015.06.02 19:02:43.641,0.89097,0.89121,1.00,1.50
2015.06.02 19:02:43.692,0.89097,0.89115,1.00,1.00
2015.06.02 19:02:43.995,0.89098,0.89121,1.00,1.00
2015.06.02 19:02:44.500,0.89097,0.89122,1.50,1.00
2015.06.02 19:02:44.637,0.89104,0.89123,1.00,1.00
2015.06.02 19:02:44.959,0.89097,0.89122,1.00,1.00
2015.06.02 19:02:45.166,0.89102,0.89122,1.00,1.00
2015.06.02 19:02:45.570,0.89097,0.89121,1.00,1.00
2015.06.02 19:02:46.612,0.89098,0.89121,1.00,1.00
2015.06.02 19:02:46.857,0.89098,0.89123,1.50,1.50
2015.06.02 19:02:48.037,0.89099,0.89123,1.00,1.00
2015.06.02 19:02:48.188,0.89104,0.89125,1.00,1.00
2015.06.02 19:02:48.465,0.89099,0.89124,1.00,1.00
2015.06.02 19:02:48.516,0.89103,0.89122,1.00,1.00
2015.06.02 19:02:48.617,0.89103,0.89125,1.00,1.00
2015.06.02 19:02:48.668,0.89105,0.89125,1.00,1.00
2015.06.02 19:02:48.967,0.89099,0.89124,1.50,1.00
2015.06.02 19:02:49.386,0.89108,0.89125,1.00,1.00
2015.06.02 19:02:49.488,0.89099,0.89125,1.00,1.00
2015.06.02 19:02:49.539,0.89112,0.89125,1.00,1.00
2015.06.02 19:02:49.650,0.89112,0.89127,1.00,1.00
2015.06.02 19:02:49.702,0.89102,0.89127,1.00,1.00
2015.06.02 19:02:50.223,0.89108,0.89127,1.00,1.00
2015.06.02 19:02:50.547,0.89112,0.89127,1.00,1.00
2015.06.02 19:02:50.728,0.89105,0.89127,1.00,1.00
2015.06.02 19:02:50.921,0.89102,0.89125,1.00,1.00
2015.06.02 19:02:50.972,0.89112,0.89127,1.00,1.00
2015.06.02 19:02:51.227,0.89102,0.89126,1.00,1.00
2015.06.02 19:02:51.278,0.89102,0.89124,1.00,1.00
2015.06.02 19:02:52.261,0.89101,0.89124,1.00,1.50
2015.06.02 19:02:52.312,0.89098,0.89124,1.00,1.00
2015.06.02 19:02:52.365,0.89095,0.8912,1.00,1.00
2015.06.02 19:02:52.668,0.89098,0.89121,1.00,1.00
2015.06.02 19:02:52.770,0.89098,0.89123,1.50,1.00
2015.06.02 19:02:52.871,0.89102,0.89125,1.00,1.50
2015.06.02 19:02:52.921,0.89099,0.89125,1.00,1.00
2015.06.02 19:02:53.174,0.89102,0.89125,1.00,1.00
2015.06.02 19:02:53.313,0.89099,0.89125,1.00,1.00
2015.06.02 19:02:53.364,0.89101,0.89125,1.00,1.00
2015.06.02 19:02:53.415,0.89099,0.89125,1.00,1.00
2015.06.02 19:02:53.466,0.89097,0.89124,1.50,1.00
2015.06.02 19:02:53.567,0.89099,0.89124,1.00,1.00
2015.06.02 19:02:53.819,0.89101,0.89127,1.00,1.00
2015.06.02 19:02:53.870,0.89103,0.89128,1.00,1.50
2015.06.02 19:02:54.021,0.89105,0.89131,1.00,1.00
2015.06.02 19:02:54.275,0.89104,0.89128,1.50,1.00
2015.06.02 19:02:54.590,0.89101,0.89125,1.00,1.00
2015.06.02 19:02:55.095,0.89101,0.89126,1.50,1.50
2015.06.02 19:02:55.554,0.89118,0.89128,1.00,1.50
2015.06.02 19:02:55.706,0.89103,0.89128,1.00,1.00
2015.06.02 19:02:55.958,0.89109,0.89128,1.00,1.00
2015.06.02 19:02:56.261,0.89112,0.89126,1.00,1.00
2015.06.02 19:02:56.463,0.8911,0.89127,1.00,1.00
2015.06.02 19:02:56.514,0.8911,0.89135,1.00,1.50
2015.06.02 19:02:56.864,0.89109,0.89132,1.00,1.00
2015.06.02 19:02:57.167,0.89116,0.89133,1.00,1.00
2015.06.02 19:02:57.218,0.89108,0.89133,1.00,1.00
2015.06.02 19:02:57.319,0.89113,0.89133,1.00,1.00
2015.06.02 19:02:57.369,0.89113,0.89137,1.00,1.50
2015.06.02 19:02:57.420,0.89117,0.89137,1.00,1.00
2015.06.02 19:02:57.471,0.89112,0.89135,1.00,1.00
2015.06.02 19:02:57.572,0.8911,0.89135,1.00,1.00
2015.06.02 19:02:57.723,0.89112,0.89135,1.00,1.00
2015.06.02 19:02:57.866,0.89114,0.89139,1.00,1.00
2015.06.02 19:02:57.917,0.89114,0.89137,1.00,1.00
2015.06.02 19:02:57.967,0.89111,0.89136,1.50,1.50
2015.06.02 19:02:58.018,0.89114,0.89136,1.00,1.00
2015.06.02 19:02:58.119,0.89111,0.89136,1.00,1.50
2015.06.02 19:02:58.270,0.89113,0.89139,1.00,1.00
2015.06.02 19:02:58.426,0.89113,0.89136,1.00,1.00
2015.06.02 19:02:58.478,0.89111,0.89136,1.00,1.00
2015.06.02 19:02:58.780,0.89112,0.89138,1.00,1.00
2015.06.02 19:02:58.886,0.89114,0.89139,1.00,1.50
2015.06.02 19:02:59.190,0.89111,0.89137,1.50,1.00
2015.06.02 19:02:59.241,0.89111,0.89135,1.00,1.00
2015.06.02 19:02:59.448,0.89109,0.89134,1.00,1.00
2015.06.02 19:02:59.549,0.89111,0.89139,1.50,1.50
2015.06.02 19:02:59.751,0.89117,0.89138,1.00,1.00
2015.06.02 19:02:59.902,0.89115,0.89139,1.00,1.50
2015.06.02 19:03:00.085,0.89112,0.89137,1.00,1.00
2015.06.02 19:03:00.136,0.89112,0.89135,1.00,1.00
2015.06.02 19:03:00.187,0.89109,0.89134,1.12,1.00
2015.06.02 19:03:00.237,0.89111,0.89134,1.00,1.00
2015.06.02 19:03:00.288,0.89112,0.89136,1.00,1.00
2015.06.02 19:03:00.564,0.89114,0.89133,1.00,1.00
2015.06.02 19:03:00.666,0.8911,0.89135,1.00,1.00
2015.06.02 19:03:00.818,0.89112,0.89135,1.00,1.00
2015.06.02 19:03:01.158,0.89119,0.89135,1.00,1.00
2015.06.02 19:03:01.260,0.89119,0.89138,1.00,1.00
2015.06.02 19:03:01.311,0.89113,0.89137,1.00,1.00
2015.06.02 19:03:01.412,0.89114,0.89139,1.00,1.00
2015.06.02 19:03:01.665,0.89116,0.89138,1.00,1.00
2015.06.02 19:03:01.968,0.89113,0.89137,1.00,1.00
2015.06.02 19:03:02.069,0.8911,0.89136,1.50,1.00
2015.06.02 19:03:02.463,0.89126,0.89136,1.00,1.00
2015.06.02 19:03:02.564,0.89126,0.89138,1.00,1.00
2015.06.02 19:03:02.665,0.89116,0.89138,1.00,1.00
2015.06.02 19:03:02.767,0.8912,0.89133,1.00,1.00
2015.06.02 19:03:02.817,0.89117,0.89133,1.00,1.00
2015.06.02 19:03:03.078,0.89108,0.89133,1.00,1.00
2015.06.02 19:03:03.477,0.89108,0.89131,1.00,1.00
2015.06.02 19:03:03.770,0.89103,0.89128,1.50,1.50
2015.06.02 19:03:03.922,0.89112,0.89128,1.00,1.00
2015.06.02 19:03:03.973,0.89112,0.89131,1.00,1.50
2015.06.02 19:03:04.023,0.89117,0.89131,1.00,1.50
2015.06.02 19:03:04.290,0.89105,0.89131,1.00,1.00
2015.06.02 19:03:04.341,0.89118,0.89131,1.00,1.00
2015.06.02 19:03:04.391,0.89118,0.89133,1.00,1.00
2015.06.02 19:03:04.493,0.89107,0.89132,1.00,1.00
2015.06.02 19:03:04.594,0.89113,0.89133,1.00,1.00
2015.06.02 19:03:04.997,0.89115,0.89133,1.00,1.00
2015.06.02 19:03:05.149,0.89108,0.89133,1.00,1.00
2015.06.02 19:03:05.200,0.89117,0.89133,1.00,1.00
2015.06.02 19:03:09.367,0.89117,0.89134,1.00,1.00
2015.06.02 19:03:09.418,0.8911,0.89134,1.00,1.00
2015.06.02 19:03:09.469,0.89115,0.89136,1.12,1.00
2015.06.02 19:03:09.671,0.89123,0.89145,1.00,1.00
2015.06.02 19:03:09.722,0.89129,0.89145,1.00,1.00
2015.06.02 19:03:09.875,0.89129,0.89147,1.00,1.00
2015.06.02 19:03:10.044,0.89131,0.89147,1.00,1.00
2015.06.02 19:03:10.095,0.89131,0.89149,1.00,1.00
2015.06.02 19:03:10.146,0.89122,0.89145,1.00,1.00
2015.06.02 19:03:10.247,0.89122,0.89143,1.00,1.00
2015.06.02 19:03:10.500,0.89119,0.89143,1.00,1.50
2015.06.02 19:03:10.550,0.89124,0.89144,1.00,1.00
2015.06.02 19:03:10.652,0.89119,0.89144,1.00,1.50
2015.06.02 19:03:10.854,0.89122,0.89144,1.00,1.00
2015.06.02 19:03:10.905,0.89122,0.89147,1.50,1.00
2015.06.02 19:03:11.457,0.89123,0.89147,1.00,1.00
2015.06.02 19:03:11.558,0.89124,0.89144,1.00,1.00
2015.06.02 19:03:11.609,0.89123,0.89147,1.00,1.00
2015.06.02 19:03:11.761,0.89123,0.89144,1.00,1.00
2015.06.02 19:03:11.963,0.89121,0.89144,1.50,1.00
2015.06.02 19:03:12.014,0.89121,0.89142,1.50,1.00
2015.06.02 19:03:12.065,0.89119,0.89142,1.00,1.00
2015.06.02 19:03:12.591,0.89118,0.89142,1.50,1.00
2015.06.02 19:03:13.095,0.89119,0.89142,1.00,1.00
2015.06.02 19:03:13.499,0.89119,0.8914,1.00,1.00
2015.06.02 19:03:13.913,0.89119,0.89143,1.00,1.00
2015.06.02 19:03:14.065,0.89121,0.89143,1.00,1.00
2015.06.02 19:03:14.116,0.89122,0.89147,1.50,1.50
2015.06.02 19:03:14.167,0.89122,0.89145,1.00,1.00
2015.06.02 19:03:14.268,0.8912,0.89145,1.50,1.00
2015.06.02 19:03:14.621,0.8912,0.89139,1.00,1.00
2015.06.02 19:03:14.971,0.8912,0.89136,1.00,1.00
2015.06.02 19:03:15.176,0.8912,0.89141,1.00,1.00
2015.06.02 19:03:15.227,0.89121,0.89145,1.00,1.00
2015.06.02 19:03:15.329,0.89121,0.89147,1.00,1.00
2015.06.02 19:03:15.386,0.89121,0.89145,1.00,1.00
2015.06.02 19:03:15.677,0.89121,0.89147,1.00,1.00
2015.06.02 19:03:16.286,0.89121,0.89146,1.50,1.00
2015.06.02 19:03:16.807,0.89121,0.8914,1.00,1.00
2015.06.02 19:03:17.503,0.89119,0.89136,1.00,1.00
2015.06.02 19:03:17.907,0.89119,0.8914,1.00,1.00
2015.06.02 19:03:18.008,0.89119,0.89132,1.00,1.00
2015.06.02 19:03:18.952,0.89119,0.89143,1.00,1.00
2015.06.02 19:03:19.104,0.89119,0.89127,1.00,1.00
2015.06.02 19:03:19.703,0.89119,0.89127,1.00,1.00
2015.06.02 19:03:20.617,0.89119,0.89142,1.00,1.00
2015.06.02 19:03:20.818,0.89119,0.89128,1.00,1.00
2015.06.02 19:03:20.920,0.89119,0.89133,1.00,1.00
2015.06.02 19:03:21.071,0.89119,0.89139,1.00,1.00
2015.06.02 19:03:21.122,0.89121,0.89141,1.00,1.00
2015.06.02 19:03:21.520,0.8912,0.89144,1.00,1.00
2015.06.02 19:03:21.621,0.8912,0.89147,1.00,1.00
2015.06.02 19:03:21.672,0.8912,0.89138,1.00,1.00
2015.06.02 19:03:21.975,0.8912,0.89135,1.00,1.00
2015.06.02 19:03:22.026,0.8912,0.89143,1.00,1.00
2015.06.02 19:03:22.127,0.8912,0.89139,1.00,1.00
2015.06.02 19:03:22.429,0.89123,0.89139,1.00,1.00
2015.06.02 19:03:22.531,0.89121,0.89138,1.00,1.00
2015.06.02 19:03:22.783,0.89122,0.89144,1.00,1.00
2015.06.02 19:03:23.226,0.8912,0.89144,1.00,1.00
2015.06.02 19:03:24.106,0.8912,0.89142,1.00,1.00
2015.06.02 19:03:24.332,0.89121,0.89145,1.00,1.00
2015.06.02 19:03:24.983,0.8912,0.89145,1.50,1.50
2015.06.02 19:03:25.643,0.8912,0.89144,1.00,1.00
2015.06.02 19:03:27.672,0.8912,0.89145,1.00,1.00
2015.06.02 19:03:27.724,0.8912,0.89128,1.00,1.00
2015.06.02 19:03:27.888,0.89117,0.89128,1.00,1.00
2015.06.02 19:03:27.990,0.89116,0.89135,2.25,1.00
2015.06.02 19:03:28.496,0.89117,0.89142,1.50,1.00
2015.06.02 19:03:28.598,0.89117,0.89136,1.50,1.00
2015.06.02 19:03:28.901,0.8912,0.89137,1.00,1.00
2015.06.02 19:03:28.952,0.8912,0.89144,1.00,1.00
2015.06.02 19:03:29.154,0.8912,0.89137,1.00,1.00
2015.06.02 19:03:29.357,0.8912,0.89144,1.00,1.00
2015.06.02 19:03:29.458,0.89117,0.89143,1.00,1.00
2015.06.02 19:03:29.509,0.89125,0.89143,1.00,1.00
2015.06.02 19:03:29.610,0.89122,0.89143,1.00,1.00
2015.06.02 19:03:29.711,0.89126,0.89144,1.00,1.00
2015.06.02 19:03:29.913,0.89122,0.89144,1.00,1.00
2015.06.02 19:03:30.115,0.89122,0.89136,1.00,1.00
2015.06.02 19:03:30.216,0.89117,0.89136,1.00,1.00
2015.06.02 19:03:30.267,0.89121,0.89136,1.00,1.00
2015.06.02 19:03:30.489,0.8912,0.89139,1.00,1.50
2015.06.02 19:03:30.590,0.8912,0.89137,1.00,1.00
2015.06.02 19:03:30.641,0.89117,0.89137,1.00,1.00
2015.06.02 19:03:30.691,0.89117,0.89134,1.00,1.00
2015.06.02 19:03:30.802,0.89117,0.89137,1.00,1.00
2015.06.02 19:03:31.165,0.89117,0.89134,1.00,1.00
2015.06.02 19:03:31.417,0.89116,0.89137,1.00,1.00
2015.06.02 19:03:31.518,0.89117,0.89134,1.00,1.00
2015.06.02 19:03:31.620,0.89114,0.89134,1.50,1.00
2015.06.02 19:03:31.941,0.89116,0.89128,1.00,1.00
2015.06.02 19:03:32.042,0.89109,0.89128,1.50,1.00
2015.06.02 19:03:32.243,0.89106,0.89128,1.00,1.00
2015.06.02 19:03:32.445,0.89106,0.89132,1.00,1.00
2015.06.02 19:03:32.496,0.89119,0.89132,1.00,1.00
2015.06.02 19:03:32.647,0.8911,0.89132,1.00,1.00
2015.06.02 19:03:32.748,0.89108,0.89128,1.00,1.00
2015.06.02 19:03:32.849,0.89108,0.8913,1.00,1.00
2015.06.02 19:03:32.950,0.89109,0.89133,1.00,1.00
2015.06.02 19:03:33.132,0.89109,0.8913,1.00,1.00
2015.06.02 19:03:33.284,0.8911,0.89134,1.00,1.00
2015.06.02 19:03:34.018,0.8911,0.89135,1.50,1.00
2015.06.02 19:03:34.119,0.89112,0.89135,1.00,1.00
2015.06.02 19:03:34.170,0.89112,0.89137,1.00,1.00
2015.06.02 19:03:34.358,0.89114,0.89137,1.00,1.00
2015.06.02 19:03:34.410,0.89114,0.89139,1.00,1.50
2015.06.02 19:03:34.946,0.89113,0.89139,1.00,1.00
2015.06.02 19:03:35.150,0.89115,0.8914,1.00,1.50
2015.06.02 19:03:35.723,0.89113,0.89137,1.00,1.00
2015.06.02 19:03:36.226,0.89114,0.89139,1.00,1.50
2015.06.02 19:03:36.378,0.89111,0.89138,1.50,1.50
2015.06.02 19:03:36.530,0.89129,0.89138,1.00,1.50
2015.06.02 19:03:36.631,0.89111,0.89138,1.50,1.50
2015.06.02 19:03:36.834,0.89129,0.89138,1.00,1.50
2015.06.02 19:03:36.885,0.89128,0.89138,1.00,1.50
2015.06.02 19:03:37.006,0.89111,0.89138,1.50,1.50
2015.06.02 19:03:37.057,0.89124,0.89138,1.00,1.50
2015.06.02 19:03:37.108,0.8912,0.89138,1.00,1.50
2015.06.02 19:03:37.374,0.89118,0.89138,1.00,1.50
2015.06.02 19:03:37.927,0.89118,0.89135,1.00,1.00
2015.06.02 19:03:38.180,0.89111,0.89135,1.50,1.00
2015.06.02 19:03:38.395,0.89111,0.89132,1.50,1.00
2015.06.02 19:03:38.572,0.89109,0.89132,1.00,1.00
2015.06.02 19:03:38.625,0.8911,0.89135,1.00,2.25
2015.06.02 19:03:39.033,0.89107,0.89132,1.50,1.50
2015.06.02 19:03:39.336,0.89123,0.89132,1.00,1.00
2015.06.02 19:03:39.488,0.89107,0.89132,1.00,1.00
2015.06.02 19:03:39.676,0.89121,0.89132,1.00,1.00
2015.06.02 19:03:42.034,0.89121,0.89133,1.00,1.00
2015.06.02 19:03:44.699,0.89112,0.89133,1.00,1.00
2015.06.02 19:03:45.144,0.8911,0.89134,1.00,1.00
2015.06.02 19:03:45.349,0.8911,0.89132,1.00,1.00
2015.06.02 19:03:45.552,0.89105,0.8913,1.00,1.50
2015.06.02 19:03:45.603,0.89104,0.89128,1.00,1.00
2015.06.02 19:03:45.653,0.89104,0.8913,1.00,1.00
2015.06.02 19:03:45.805,0.8911,0.89129,1.00,1.00
2015.06.02 19:03:45.957,0.89107,0.8913,1.00,1.00
2015.06.02 19:03:46.007,0.89105,0.89124,1.00,1.00
2015.06.02 19:03:46.159,0.89104,0.89126,1.00,1.00
2015.06.02 19:03:46.311,0.89108,0.89126,1.00,1.00
2015.06.02 19:03:46.361,0.89108,0.8913,1.00,1.00
2015.06.02 19:03:46.412,0.89111,0.8913,1.00,1.00
2015.06.02 19:03:46.564,0.89104,0.89126,1.00,1.00
2015.06.02 19:03:46.754,0.89106,0.89131,1.00,1.00
2015.06.02 19:03:46.856,0.89118,0.89131,1.00,1.00
2015.06.02 19:03:46.906,0.89115,0.89131,1.00,1.00
2015.06.02 19:03:46.957,0.89105,0.89125,1.00,1.00
2015.06.02 19:03:47.008,0.89105,0.89129,1.00,1.00
2015.06.02 19:03:47.059,0.89103,0.89124,1.12,1.00
2015.06.02 19:03:47.160,0.89101,0.89124,1.12,1.00
2015.06.02 19:03:47.211,0.89112,0.89128,1.00,1.50
2015.06.02 19:03:47.262,0.89112,0.89131,1.00,1.00
2015.06.02 19:03:47.413,0.89112,0.89133,1.00,1.50
2015.06.02 19:03:47.464,0.89108,0.89133,1.00,2.25
2015.06.02 19:03:47.515,0.89105,0.89126,1.50,1.00
2015.06.02 19:03:47.667,0.89103,0.89127,1.00,1.00
2015.06.02 19:03:47.819,0.89114,0.89128,1.00,1.00
2015.06.02 19:03:47.870,0.89114,0.89131,1.00,1.00
2015.06.02 19:03:47.971,0.89106,0.8913,1.00,1.00
2015.06.02 19:03:48.166,0.89111,0.89127,1.00,1.00
2015.06.02 19:03:48.268,0.89103,0.89128,1.00,1.00
2015.06.02 19:03:48.470,0.89102,0.89124,1.50,1.00
2015.06.02 19:03:48.773,0.89098,0.89123,1.00,1.00
2015.06.02 19:03:48.824,0.89098,0.89113,1.00,1.00
2015.06.02 19:03:48.875,0.89094,0.89119,1.00,1.00
2015.06.02 19:03:48.976,0.89097,0.89122,1.00,1.00
2015.06.02 19:03:49.377,0.89098,0.8912,1.00,1.00
2015.06.02 19:03:49.478,0.89095,0.89119,1.00,1.00
2015.06.02 19:03:49.630,0.89097,0.8912,1.00,1.00
2015.06.02 19:03:49.681,0.89097,0.89122,1.50,1.50
2015.06.02 19:03:49.782,0.89099,0.89122,1.00,1.00
2015.06.02 19:03:49.832,0.89099,0.89124,1.00,1.50
2015.06.02 19:03:49.965,0.89099,0.89121,1.00,1.00
2015.06.02 19:03:50.159,0.89096,0.8912,1.00,1.00
2015.06.02 19:03:50.261,0.89094,0.89118,1.00,1.00
2015.06.02 19:03:50.566,0.89098,0.89118,1.00,1.00
2015.06.02 19:03:50.667,0.89098,0.89123,1.00,1.50
2015.06.02 19:03:50.875,0.89098,0.8912,1.00,1.00
2015.06.02 19:03:51.077,0.891,0.89124,1.00,1.00
2015.06.02 19:03:51.464,0.89098,0.89123,1.00,1.50
2015.06.02 19:03:51.842,0.89101,0.89125,1.00,1.00
2015.06.02 19:03:52.245,0.89097,0.89122,1.00,1.00
2015.06.02 19:03:52.396,0.89097,0.89117,1.00,1.00
2015.06.02 19:03:52.447,0.89094,0.89117,1.00,1.00
2015.06.02 19:03:52.697,0.89094,0.89119,1.00,1.50
2015.06.02 19:03:52.950,0.89093,0.89115,1.50,1.00
2015.06.02 19:03:53.325,0.89096,0.89116,1.00,1.00
2015.06.02 19:03:53.376,0.89096,0.89122,1.00,1.00
2015.06.02 19:03:56.194,0.89096,0.89119,1.00,1.00
2015.06.02 19:04:00.889,0.89096,0.89122,1.00,1.12
2015.06.02 19:04:00.940,0.89096,0.8912,1.00,1.00
2015.06.02 19:04:01.162,0.89096,0.89122,1.00,1.12
2015.06.02 19:04:01.830,0.89097,0.89121,1.00,1.00
2015.06.02 19:04:02.701,0.89097,0.89105,1.00,1.00
2015.06.02 19:04:03.085,0.89096,0.89104,1.00,1.00
2015.06.02 19:04:03.186,0.89096,0.8912,1.00,1.37
2015.06.02 19:04:03.237,0.89096,0.89112,1.00,1.00
2015.06.02 19:04:03.288,0.89093,0.89112,1.00,1.00
2015.06.02 19:04:03.446,0.89093,0.89108,1.00,1.00
2015.06.02 19:04:04.657,0.89093,0.89119,1.00,1.37
2015.06.02 19:04:04.708,0.89093,0.8911,1.00,1.00
2015.06.02 19:04:04.809,0.89093,0.89116,1.00,1.00
2015.06.02 19:04:04.860,0.89096,0.89116,1.00,1.00
2015.06.02 19:04:05.231,0.89096,0.89122,1.00,1.00
2015.06.02 19:04:05.282,0.89096,0.89116,1.00,1.00
2015.06.02 19:04:05.795,0.89096,0.89122,1.00,1.00
2015.06.02 19:04:05.915,0.89096,0.89119,1.00,1.00
2015.06.02 19:04:06.192,0.89096,0.89122,1.00,1.00
2015.06.02 19:04:06.243,0.89096,0.8911,1.00,1.00
2015.06.02 19:04:06.344,0.89096,0.89122,1.00,1.00
2015.06.02 19:04:06.546,0.89096,0.8911,1.00,1.00
2015.06.02 19:04:06.695,0.89096,0.89116,1.00,1.00
2015.06.02 19:04:06.927,0.89096,0.89119,1.00,1.00
2015.06.02 19:04:11.975,0.89096,0.89122,1.00,1.00
2015.06.02 19:04:12.076,0.89098,0.89123,1.00,1.00
2015.06.02 19:04:12.388,0.89098,0.89119,1.00,1.00
2015.06.02 19:04:12.540,0.89098,0.89123,1.00,1.00
2015.06.02 19:04:13.094,0.89098,0.89122,1.00,1.00
2015.06.02 19:04:13.299,0.891,0.89125,1.00,1.00
2015.06.02 19:04:14.786,0.89101,0.89127,1.00,1.00
2015.06.02 19:04:15.099,0.89099,0.89124,1.00,1.00
2015.06.02 19:04:16.078,0.89104,0.89124,1.00,1.00
2015.06.02 19:04:16.129,0.89103,0.89128,1.00,1.00
2015.06.02 19:04:16.416,0.89107,0.89132,1.00,1.00
2015.06.02 19:04:17.034,0.89105,0.89131,1.00,1.00
2015.06.02 19:04:17.614,0.89105,0.8913,1.50,1.00
2015.06.02 19:04:18.151,0.89104,0.8913,1.00,1.00
2015.06.02 19:04:18.684,0.89104,0.89129,1.50,1.00
2015.06.02 19:04:18.785,0.89104,0.89131,1.00,1.00
2015.06.02 19:04:18.836,0.89104,0.89129,1.00,1.00
2015.06.02 19:04:19.686,0.89104,0.89124,1.00,1.00
2015.06.02 19:04:20.462,0.89103,0.89124,1.00,1.00
2015.06.02 19:04:21.922,0.89103,0.89129,1.00,1.00
2015.06.02 19:04:22.745,0.89104,0.8913,1.00,1.00
2015.06.02 19:04:23.134,0.89104,0.89127,1.00,1.00
2015.06.02 19:04:24.350,0.89104,0.89128,1.00,1.00
2015.06.02 19:04:25.155,0.89103,0.89128,1.00,1.00
2015.06.02 19:04:29.973,0.89103,0.89124,1.00,1.00
2015.06.02 19:04:30.074,0.89099,0.89124,1.50,1.00
2015.06.02 19:04:30.176,0.89101,0.89126,1.50,1.00
2015.06.02 19:04:30.475,0.89098,0.89124,1.00,1.00
2015.06.02 19:04:31.304,0.89098,0.89123,1.50,1.00
2015.06.02 19:04:32.847,0.891,0.89123,1.00,1.00
2015.06.02 19:04:32.898,0.89101,0.89126,1.00,1.00
2015.06.02 19:04:33.432,0.891,0.89125,1.00,1.00
2015.06.02 19:04:37.855,0.891,0.89124,1.00,1.00
2015.06.02 19:04:40.587,0.89101,0.89125,1.00,1.00
2015.06.02 19:04:40.688,0.89103,0.89125,1.00,1.00
2015.06.02 19:04:40.808,0.89103,0.89127,1.00,1.50
2015.06.02 19:04:41.336,0.89102,0.89127,1.00,1.00
2015.06.02 19:04:41.663,0.89103,0.8913,1.00,1.00
2015.06.02 19:04:41.714,0.89103,0.89126,1.00,1.00
2015.06.02 19:04:41.956,0.89103,0.8913,1.00,1.00
2015.06.02 19:04:42.174,0.89102,0.89126,1.00,1.00
2015.06.02 19:04:42.715,0.89101,0.89126,1.00,1.00
2015.06.02 19:04:43.373,0.89102,0.89127,1.00,1.00
2015.06.02 19:04:43.776,0.89102,0.89123,1.00,1.00
2015.06.02 19:04:45.634,0.89102,0.89127,1.00,1.00
2015.06.02 19:04:46.213,0.89101,0.89126,1.00,1.00
2015.06.02 19:04:48.254,0.89101,0.89124,1.00,1.00
2015.06.02 19:04:48.557,0.89104,0.89128,1.00,1.00
2015.06.02 19:04:48.608,0.89104,0.89131,1.00,1.00
2015.06.02 19:04:48.775,0.89104,0.89125,1.00,1.00
2015.06.02 19:04:48.878,0.891,0.89124,1.00,1.00
2015.06.02 19:04:49.355,0.89098,0.89123,1.00,1.00
2015.06.02 19:04:49.889,0.89099,0.89124,1.00,1.00
2015.06.02 19:04:50.265,0.89099,0.89121,1.00,1.00
2015.06.02 19:04:51.770,0.89099,0.89124,1.00,1.00
2015.06.02 19:04:51.984,0.89099,0.8912,1.00,1.00
2015.06.02 19:04:52.149,0.89099,0.89124,1.00,1.00
2015.06.02 19:04:52.265,0.89099,0.89122,1.00,1.00
2015.06.02 19:04:53.105,0.89099,0.89124,1.00,1.00
2015.06.02 19:04:53.156,0.89096,0.89122,1.00,1.00
2015.06.02 19:04:53.257,0.89096,0.8912,1.00,1.00
2015.06.02 19:04:53.659,0.89096,0.89122,1.00,1.50
2015.06.02 19:04:53.811,0.89096,0.89119,1.00,1.00
2015.06.02 19:04:54.028,0.89097,0.89122,1.00,1.00
2015.06.02 19:04:54.327,0.89098,0.8912,1.00,1.00
2015.06.02 19:04:55.103,0.89098,0.89123,1.00,1.50
2015.06.02 19:04:55.608,0.89097,0.89123,1.50,1.00
2015.06.02 19:04:55.710,0.89101,0.89125,1.00,1.12
2015.06.02 19:04:56.234,0.89101,0.89126,1.00,1.50
2015.06.02 19:04:56.537,0.89106,0.89129,1.00,1.00
2015.06.02 19:04:56.689,0.89107,0.89132,1.00,1.00
2015.06.02 19:04:56.740,0.89114,0.89132,1.00,1.00
2015.06.02 19:04:56.791,0.89115,0.89141,1.00,1.00
2015.06.02 19:04:57.050,0.89115,0.89135,1.00,1.00
2015.06.02 19:04:57.302,0.89113,0.89135,1.50,1.50
2015.06.02 19:04:58.340,0.89114,0.89135,1.00,1.50
2015.06.02 19:04:58.802,0.89112,0.89134,1.00,1.00
2015.06.02 19:04:59.250,0.89111,0.89131,1.00,1.00
2015.06.02 19:04:59.553,0.89111,0.89128,1.00,1.00
2015.06.02 19:04:59.961,0.89111,0.89134,1.00,1.00
2015.06.02 19:05:00.062,0.89111,0.89132,1.00,1.00
2015.06.02 19:05:00.307,0.8911,0.89134,1.00,1.00
2015.06.02 19:05:00.458,0.8911,0.89131,1.00,1.00
2015.06.02 19:05:01.003,0.8911,0.89126,1.00,1.00
2015.06.02 19:05:01.115,0.8911,0.89132,1.00,1.00
2015.06.02 19:05:01.166,0.8911,0.89126,1.00,1.00
2015.06.02 19:05:01.217,0.8911,0.89132,1.00,1.00
2015.06.02 19:05:01.318,0.89109,0.89125,1.00,1.00
2015.06.02 19:05:01.470,0.89107,0.89125,1.00,1.00
2015.06.02 19:05:01.679,0.89108,0.89128,1.00,1.00
2015.06.02 19:05:02.020,0.89106,0.89128,1.50,1.00
2015.06.02 19:05:05.124,0.89106,0.89124,1.00,1.00
2015.06.02 19:05:05.225,0.89104,0.89124,1.00,1.00
2015.06.02 19:05:05.276,0.89101,0.89126,1.00,1.50
2015.06.02 19:05:05.780,0.891,0.89125,1.00,1.00
2015.06.02 19:05:06.180,0.891,0.89114,1.00,1.00
2015.06.02 19:05:06.483,0.891,0.89122,1.00,1.00
2015.06.02 19:05:06.935,0.891,0.89125,1.50,1.50
2015.06.02 19:05:08.163,0.891,0.89124,1.50,1.00
2015.06.02 19:05:08.691,0.891,0.89123,1.00,1.00
2015.06.02 19:05:09.844,0.891,0.89124,1.00,1.00
2015.06.02 19:05:09.945,0.89098,0.89125,1.50,1.50
2015.06.02 19:05:10.428,0.89101,0.89125,1.00,1.00
2015.06.02 19:05:10.479,0.89101,0.89127,1.00,1.50
2015.06.02 19:05:11.150,0.891,0.89127,1.50,1.00
2015.06.02 19:05:13.385,0.891,0.89128,1.50,1.50
2015.06.02 19:05:13.435,0.891,0.89125,1.50,1.00
2015.06.02 19:05:13.790,0.891,0.89116,1.00,1.00
2015.06.02 19:05:13.964,0.89099,0.8912,1.00,1.00
2015.06.02 19:05:14.216,0.89098,0.89117,1.00,1.00
2015.06.02 19:05:15.361,0.89098,0.89123,1.00,1.00
2015.06.02 19:05:15.412,0.89098,0.89115,1.00,1.00
2015.06.02 19:05:16.593,0.89098,0.89116,1.00,1.00
2015.06.02 19:05:16.694,0.89096,0.89116,1.00,1.00
2015.06.02 19:05:22.744,0.89096,0.89122,1.00,1.00
2015.06.02 19:05:22.874,0.89096,0.89117,1.00,1.00
2015.06.02 19:05:27.375,0.89095,0.89117,1.00,1.50
2015.06.02 19:05:27.425,0.89092,0.89117,1.00,1.50
2015.06.02 19:05:29.344,0.89091,0.89117,1.12,1.00
2015.06.02 19:05:29.394,0.89092,0.89114,1.00,1.00
2015.06.02 19:05:29.445,0.89089,0.89114,1.37,1.00
2015.06.02 19:05:29.496,0.89094,0.89115,1.00,1.00
2015.06.02 19:05:29.547,0.89094,0.89118,1.00,1.00
2015.06.02 19:05:29.698,0.89092,0.89118,1.00,1.00
2015.06.02 19:05:29.799,0.89095,0.89118,1.00,1.00
2015.06.02 19:05:37.234,0.89092,0.89118,1.00,1.00
2015.06.02 19:05:37.442,0.89094,0.89118,1.00,1.00
2015.06.02 19:05:38.267,0.89093,0.89118,1.00,1.50
2015.06.02 19:05:40.138,0.89092,0.89118,1.00,1.00
2015.06.02 19:05:41.788,0.89093,0.89118,1.00,1.00
2015.06.02 19:05:42.290,0.89093,0.89117,1.00,1.00
2015.06.02 19:05:42.528,0.89091,0.89117,2.25,1.00
2015.06.02 19:05:43.058,0.89092,0.89117,1.00,1.50
2015.06.02 19:05:44.057,0.89092,0.89116,1.00,1.00
2015.06.02 19:05:44.209,0.89092,0.89105,1.00,1.00
2015.06.02 19:05:44.360,0.89085,0.89105,1.00,1.00
2015.06.02 19:05:44.696,0.89084,0.8911,1.50,1.00
2015.06.02 19:05:44.798,0.89083,0.89108,1.50,1.00
2015.06.02 19:05:45.403,0.89087,0.89109,1.00,1.00
2015.06.02 19:05:45.504,0.89087,0.89111,1.50,1.00
2015.06.02 19:05:45.555,0.89089,0.89112,1.00,1.00
2015.06.02 19:05:45.656,0.89089,0.89114,1.50,1.00
2015.06.02 19:05:45.943,0.8909,0.89116,1.00,2.25
2015.06.02 19:05:45.994,0.89095,0.89118,1.00,1.50
2015.06.02 19:05:54.173,0.89093,0.89118,1.00,1.00
2015.06.02 19:05:58.920,0.89095,0.8912,1.00,1.00
2015.06.02 19:05:59.223,0.89093,0.89118,1.50,1.00
2015.06.02 19:06:00.690,0.89093,0.89117,1.00,1.00
2015.06.02 19:06:01.056,0.89091,0.89114,1.00,1.00
2015.06.02 19:06:05.963,0.89091,0.89116,1.00,1.00
2015.06.02 19:06:06.014,0.89091,0.89108,1.50,1.00
2015.06.02 19:06:06.750,0.89087,0.89108,1.50,1.00
2015.06.02 19:06:06.801,0.89089,0.89108,1.00,1.00
2015.06.02 19:06:06.902,0.8909,0.89113,1.00,1.00
2015.06.02 19:06:07.012,0.8909,0.89108,1.00,1.00
2015.06.02 19:06:09.185,0.8909,0.89113,1.00,1.00
2015.06.02 19:06:09.235,0.8909,0.8911,1.00,1.00
2015.06.02 19:06:09.844,0.89089,0.8911,1.00,1.00
2015.06.02 19:06:11.504,0.89089,0.89113,1.00,1.00
2015.06.02 19:06:11.655,0.89089,0.89109,1.00,1.00
2015.06.02 19:06:13.785,0.89089,0.89108,1.00,1.00
2015.06.02 19:06:15.702,0.89092,0.89108,1.00,1.00
2015.06.02 19:06:15.753,0.89093,0.89116,1.00,1.00
2015.06.02 19:06:16.011,0.891,0.89118,1.00,1.00
2015.06.02 19:06:16.062,0.891,0.89125,1.50,1.00
2015.06.02 19:06:16.265,0.891,0.89123,1.00,1.00
2015.06.02 19:06:17.047,0.89102,0.89123,1.00,1.00
2015.06.02 19:06:17.199,0.89103,0.89126,1.00,1.00
2015.06.02 19:06:17.599,0.89104,0.89128,1.00,1.00
2015.06.02 19:06:17.801,0.89102,0.89126,1.00,1.00
2015.06.02 19:06:18.178,0.89105,0.89128,1.00,1.00
2015.06.02 19:06:18.659,0.89102,0.89126,1.00,1.00
2015.06.02 19:06:18.906,0.89102,0.89124,1.00,1.00
2015.06.02 19:06:18.957,0.89102,0.89127,1.50,1.50
2015.06.02 19:06:19.172,0.89102,0.89125,1.00,1.00
2015.06.02 19:06:19.375,0.89099,0.89125,1.00,1.50
2015.06.02 19:06:19.658,0.89099,0.89123,1.00,1.00
2015.06.02 19:06:20.189,0.89098,0.89123,1.50,1.50
2015.06.02 19:06:32.648,0.89098,0.89121,1.00,1.00
2015.06.02 19:06:32.951,0.891,0.89123,1.00,1.00
2015.06.02 19:06:33.257,0.89102,0.89125,1.00,1.00
2015.06.02 19:06:33.495,0.89102,0.89127,1.00,1.00
2015.06.02 19:06:33.934,0.89102,0.89123,1.00,1.00
2015.06.02 19:06:33.985,0.89099,0.89123,1.00,1.00
2015.06.02 19:06:35.151,0.89099,0.89125,1.50,1.00
2015.06.02 19:06:37.948,0.89112,0.89125,1.00,1.00
2015.06.02 19:06:37.999,0.89112,0.89127,1.00,1.00
2015.06.02 19:06:38.100,0.89112,0.89129,1.00,1.00
2015.06.02 19:06:38.463,0.89108,0.89129,1.00,1.00
2015.06.02 19:06:39.044,0.89104,0.89128,1.50,1.00
2015.06.02 19:06:39.553,0.89104,0.89127,1.00,1.00
2015.06.02 19:06:40.422,0.89106,0.89127,1.00,1.00
2015.06.02 19:06:40.574,0.89106,0.89131,1.00,1.50
2015.06.02 19:06:41.077,0.89107,0.89131,1.00,1.00
2015.06.02 19:06:41.128,0.89107,0.89129,1.00,1.00
2015.06.02 19:06:42.392,0.89106,0.89129,1.00,1.00
2015.06.02 19:06:42.764,0.89106,0.89126,1.00,1.00
2015.06.02 19:06:42.815,0.89106,0.8913,1.50,1.00
2015.06.02 19:06:43.302,0.89106,0.89128,1.00,1.00
2015.06.02 19:06:43.403,0.89103,0.89127,1.00,1.00
2015.06.02 19:06:43.454,0.89107,0.89128,1.00,1.00
2015.06.02 19:06:43.505,0.89107,0.8913,1.00,1.00
2015.06.02 19:06:43.555,0.8911,0.8913,1.00,1.00
2015.06.02 19:06:43.656,0.89106,0.89131,1.00,1.50
2015.06.02 19:06:44.758,0.89106,0.8913,1.00,1.00
2015.06.02 19:06:45.262,0.89106,0.89129,1.00,1.00
2015.06.02 19:06:45.414,0.89108,0.89129,1.00,1.00
2015.06.02 19:06:45.465,0.89104,0.89127,1.00,1.00
2015.06.02 19:06:45.659,0.89108,0.89131,1.00,1.00
2015.06.02 19:06:46.600,0.89108,0.8913,1.00,1.12
2015.06.02 19:06:46.903,0.89106,0.89127,1.00,1.00
2015.06.02 19:06:46.954,0.89102,0.89127,1.50,1.00
2015.06.02 19:06:47.053,0.89108,0.89127,1.00,1.00
2015.06.02 19:06:47.552,0.89105,0.8913,1.00,1.00
2015.06.02 19:06:47.773,0.89108,0.8913,1.00,1.00
2015.06.02 19:06:49.935,0.89109,0.8913,1.00,1.00
2015.06.02 19:06:52.932,0.89105,0.89129,1.00,1.00
2015.06.02 19:06:53.478,0.89104,0.89128,1.00,1.00
2015.06.02 19:06:53.922,0.89102,0.89126,1.00,1.00
2015.06.02 19:06:54.203,0.89102,0.89128,1.00,1.50
2015.06.02 19:06:54.361,0.89102,0.89124,1.00,1.00
2015.06.02 19:06:54.412,0.89099,0.89124,1.50,1.00
2015.06.02 19:06:54.715,0.89103,0.89126,1.00,1.00
2015.06.02 19:06:55.059,0.89109,0.89132,1.00,1.00
2015.06.02 19:06:55.314,0.89107,0.89133,1.00,1.50
2015.06.02 19:06:56.263,0.89108,0.89133,1.00,1.50
2015.06.02 19:06:56.314,0.89107,0.89131,1.00,1.00
2015.06.02 19:06:56.365,0.89108,0.89133,1.00,1.50
2015.06.02 19:06:57.309,0.89107,0.89131,1.00,1.00
2015.06.02 19:06:59.151,0.89106,0.8913,1.00,1.00
2015.06.02 19:06:59.347,0.89104,0.89129,1.00,1.00
2015.06.02 19:06:59.881,0.89103,0.89129,1.50,1.00
2015.06.02 19:07:00.061,0.89103,0.89131,1.50,2.25
2015.06.02 19:07:00.111,0.89108,0.89131,1.00,1.00
2015.06.02 19:07:00.162,0.89106,0.89131,1.00,1.00
2015.06.02 19:07:00.571,0.89108,0.89133,1.00,1.50
2015.06.02 19:07:00.902,0.89108,0.89131,1.00,1.00
2015.06.02 19:07:02.575,0.89106,0.8913,1.00,1.00
2015.06.02 19:07:02.726,0.89102,0.89126,1.00,1.00
2015.06.02 19:07:02.878,0.89097,0.89122,1.12,1.00
2015.06.02 19:07:03.635,0.89096,0.89121,1.00,1.00
2015.06.02 19:07:03.837,0.89096,0.89119,1.00,1.00
2015.06.02 19:07:03.939,0.89094,0.89119,1.00,1.00
2015.06.02 19:07:04.043,0.89098,0.89119,1.00,1.00
2015.06.02 19:07:08.340,0.89098,0.8912,1.00,1.00
2015.06.02 19:07:08.391,0.89094,0.8912,1.00,1.00
2015.06.02 19:07:08.442,0.89096,0.8912,1.00,1.00
2015.06.02 19:07:09.280,0.89095,0.8912,1.00,1.50
2015.06.02 19:07:09.587,0.89095,0.89116,1.00,1.00
2015.06.02 19:07:09.638,0.89091,0.89116,1.00,1.00
2015.06.02 19:07:09.689,0.89098,0.89116,1.00,1.00
2015.06.02 19:07:09.941,0.89092,0.89116,1.00,1.00
2015.06.02 19:07:10.042,0.89092,0.89113,1.00,1.00
2015.06.02 19:07:10.244,0.89092,0.89115,1.00,1.00
2015.06.02 19:07:10.452,0.8909,0.89113,1.00,1.00
2015.06.02 19:07:10.553,0.8909,0.89115,1.00,1.50
2015.06.02 19:07:10.655,0.8909,0.89113,1.00,1.00
2015.06.02 19:07:10.705,0.89088,0.89112,1.00,1.00
2015.06.02 19:07:10.806,0.89088,0.8911,1.00,1.00
2015.06.02 19:07:11.118,0.89094,0.8911,1.00,1.00
2015.06.02 19:07:11.169,0.89094,0.89117,1.00,1.00
2015.06.02 19:07:13.008,0.89092,0.89117,1.00,1.00
2015.06.02 19:07:13.581,0.89092,0.89118,1.87,1.00
2015.06.02 19:07:14.493,0.89103,0.89118,1.00,1.00
2015.06.02 19:07:14.690,0.89092,0.89118,1.00,1.00
2015.06.02 19:07:14.842,0.89101,0.89118,1.00,1.00
2015.06.02 19:07:15.195,0.89098,0.89121,1.00,1.00
2015.06.02 19:07:15.246,0.89096,0.89119,1.00,1.00
2015.06.02 19:07:15.592,0.89101,0.89126,1.00,1.00
2015.06.02 19:07:15.693,0.89099,0.89125,1.00,1.00
2015.06.02 19:07:16.601,0.891,0.89125,1.00,1.50
2015.06.02 19:07:16.702,0.891,0.89122,1.00,1.00
2015.06.02 19:07:18.850,0.89099,0.89122,1.00,1.00
2015.06.02 19:07:19.444,0.89099,0.89121,1.00,1.00
2015.06.02 19:07:19.605,0.89095,0.89121,1.12,1.00
2015.06.02 19:07:19.713,0.89098,0.89121,1.00,1.00
2015.06.02 19:07:21.250,0.89095,0.89121,1.12,1.00
2015.06.02 19:07:21.301,0.89099,0.89121,1.00,1.00
2015.06.02 19:07:23.005,0.89099,0.89122,1.00,1.50
2015.06.02 19:07:23.456,0.89102,0.89124,1.00,1.00
2015.06.02 19:07:25.500,0.891,0.89123,1.00,1.00
2015.06.02 19:07:25.601,0.89098,0.89122,1.00,1.00
2015.06.02 19:07:25.703,0.89098,0.8912,1.00,1.00
2015.06.02 19:07:26.161,0.89094,0.89119,1.00,1.00
2015.06.02 19:07:26.212,0.89097,0.89119,1.00,1.00
2015.06.02 19:07:26.701,0.89093,0.89119,1.00,1.00
2015.06.02 19:07:26.751,0.89097,0.89119,1.00,1.00
2015.06.02 19:07:27.302,0.89096,0.89119,1.00,1.00
2015.06.02 19:07:27.752,0.89093,0.89119,1.00,1.00
2015.06.02 19:07:27.932,0.89096,0.89119,1.00,1.00
2015.06.02 19:07:28.798,0.89094,0.89119,1.00,1.00
2015.06.02 19:07:28.849,0.89094,0.89117,1.00,1.00
2015.06.02 19:07:29.234,0.89092,0.89114,1.00,1.00
2015.06.02 19:07:29.294,0.8909,0.89114,1.00,1.00
2015.06.02 19:07:29.561,0.89088,0.89114,1.00,1.00
2015.06.02 19:07:29.662,0.8909,0.89115,1.00,1.00
2015.06.02 19:07:29.764,0.8909,0.89118,1.50,1.50
2015.06.02 19:07:29.815,0.89093,0.89118,1.12,1.00
2015.06.02 19:07:30.121,0.89096,0.89119,1.00,1.00
2015.06.02 19:07:31.896,0.89094,0.89119,1.00,1.00
2015.06.02 19:07:32.404,0.89095,0.89119,1.00,1.00
2015.06.02 19:07:33.919,0.89094,0.89119,1.00,1.00
2015.06.02 19:07:34.755,0.89095,0.89121,1.00,1.00
2015.06.02 19:07:35.057,0.89094,0.89119,1.00,1.00
2015.06.02 19:07:35.566,0.89095,0.89119,1.00,1.00
2015.06.02 19:07:36.131,0.89094,0.89119,1.00,1.00
2015.06.02 19:07:36.556,0.89096,0.89121,1.00,1.50
2015.06.02 19:07:41.290,0.89095,0.89121,1.00,1.00
2015.06.02 19:07:41.900,0.89096,0.89121,1.00,1.50
2015.06.02 19:07:43.411,0.89095,0.89121,1.00,1.00
2015.06.02 19:07:43.931,0.89096,0.89121,1.00,1.50
2015.06.02 19:07:44.233,0.89099,0.89122,1.00,1.00
2015.06.02 19:07:44.369,0.891,0.89124,1.00,1.00
2015.06.02 19:07:44.471,0.89101,0.89128,1.00,1.00
2015.06.02 19:07:44.523,0.89103,0.89128,1.00,1.50
2015.06.02 19:07:44.644,0.89101,0.89128,1.00,1.00
2015.06.02 19:07:44.745,0.89101,0.89126,1.50,1.00
2015.06.02 19:07:44.981,0.89102,0.89129,1.50,1.50
2015.06.02 19:07:45.555,0.89102,0.89125,1.50,1.00
2015.06.02 19:07:45.705,0.89102,0.89129,1.50,1.50
2015.06.02 19:07:45.756,0.89102,0.89124,1.50,1.00
2015.06.02 19:07:46.144,0.89102,0.89129,1.50,1.50
2015.06.02 19:07:46.195,0.89101,0.89126,1.00,1.00
2015.06.02 19:07:46.540,0.89096,0.89122,1.00,1.00
2015.06.02 19:07:46.691,0.89095,0.8912,1.50,1.50
2015.06.02 19:07:47.001,0.89097,0.89119,1.00,1.00
2015.06.02 19:07:47.306,0.89094,0.89119,1.00,1.00
2015.06.02 19:07:47.823,0.89095,0.89119,1.00,1.00
2015.06.02 19:07:47.984,0.89098,0.8912,1.00,1.00
2015.06.02 19:07:48.510,0.89102,0.8912,1.00,1.00
2015.06.02 19:07:49.783,0.89094,0.89119,1.00,1.00
2015.06.02 19:07:49.884,0.89098,0.89119,1.00,1.00
2015.06.02 19:07:49.991,0.89095,0.8912,1.00,1.00
2015.06.02 19:07:54.302,0.89097,0.8912,1.00,1.00
2015.06.02 19:07:56.851,0.89095,0.8912,1.00,1.00
2015.06.02 19:07:56.902,0.89097,0.8912,1.00,1.00
2015.06.02 19:07:57.002,0.89095,0.8912,1.00,1.00
2015.06.02 19:07:57.183,0.89097,0.8912,1.00,1.00
2015.06.02 19:07:57.471,0.89095,0.8912,1.00,1.00
2015.06.02 19:07:57.908,0.8909,0.89117,1.50,1.50
2015.06.02 19:07:58.390,0.89093,0.89115,1.00,1.00
2015.06.02 19:07:58.757,0.8909,0.89112,1.00,1.00
2015.06.02 19:07:59.223,0.8909,0.89115,1.50,1.50
2015.06.02 19:08:00.493,0.89091,0.89115,1.00,1.00
2015.06.02 19:08:02.118,0.8909,0.89115,2.25,1.00
2015.06.02 19:08:12.437,0.891,0.89117,1.00,1.00
2015.06.02 19:08:12.640,0.891,0.8912,1.00,1.00
2015.06.02 19:08:12.741,0.89097,0.89119,1.00,1.00
2015.06.02 19:08:12.942,0.89095,0.8912,1.50,1.50
2015.06.02 19:08:13.044,0.89101,0.8912,1.00,1.00
2015.06.02 19:08:13.710,0.89102,0.8912,1.00,1.00
2015.06.02 19:08:18.943,0.89097,0.8912,1.00,1.00
2015.06.02 19:08:18.994,0.89101,0.8912,1.00,1.00
2015.06.02 19:08:19.515,0.89095,0.8912,1.50,1.00
2015.06.02 19:08:19.616,0.891,0.89119,1.00,1.00
2015.06.02 19:08:19.931,0.89094,0.89119,1.00,1.00
2015.06.02 19:08:20.083,0.89098,0.89119,1.00,1.00
2015.06.02 19:08:20.654,0.89099,0.89119,1.00,1.00
2015.06.02 19:08:32.995,0.89093,0.89119,1.12,1.00
2015.06.02 19:08:33.509,0.89092,0.8912,2.62,1.50
2015.06.02 19:08:33.563,0.89096,0.8912,1.00,1.00
2015.06.02 19:08:33.715,0.89093,0.89119,1.12,1.00
2015.06.02 19:08:33.766,0.89092,0.89117,1.50,1.00
2015.06.02 19:08:35.381,0.89092,0.89114,1.00,1.00
2015.06.02 19:08:35.432,0.89092,0.89117,1.50,1.50
2015.06.02 19:08:35.634,0.89092,0.89114,1.00,1.00
2015.06.02 19:08:35.886,0.89095,0.8912,1.00,1.50
2015.06.02 19:08:36.560,0.89096,0.8912,1.00,1.00
2015.06.02 19:08:38.259,0.89095,0.8912,1.00,1.00
2015.06.02 19:08:38.378,0.89098,0.8912,1.00,1.00
2015.06.02 19:08:39.349,0.89095,0.8912,1.12,1.00
2015.06.02 19:08:39.400,0.891,0.8912,1.00,1.00
2015.06.02 19:08:39.595,0.891,0.89124,1.00,1.00
2015.06.02 19:08:40.173,0.89101,0.89124,1.00,1.00
2015.06.02 19:08:40.719,0.89101,0.89126,1.00,1.50
2015.06.02 19:08:41.323,0.89101,0.89125,1.50,1.00
2015.06.02 19:08:42.178,0.89101,0.89123,1.00,1.00
2015.06.02 19:08:42.230,0.89099,0.89124,1.00,1.00
2015.06.02 19:08:42.331,0.89097,0.89122,1.87,1.50
2015.06.02 19:08:43.002,0.89097,0.89121,1.50,1.00
2015.06.02 19:08:43.332,0.89098,0.89119,1.00,1.00
2015.06.02 19:08:44.540,0.89097,0.89119,1.00,1.00
2015.06.02 19:08:45.363,0.89097,0.89121,1.00,1.50
2015.06.02 19:08:45.414,0.89095,0.89118,1.00,1.00
2015.06.02 19:08:45.465,0.89095,0.8912,1.00,1.12
2015.06.02 19:08:45.515,0.89095,0.89116,1.00,1.00
2015.06.02 19:08:45.617,0.89092,0.89116,1.12,1.00
2015.06.02 19:08:45.667,0.89092,0.89116,1.37,1.00
2015.06.02 19:08:45.769,0.89092,0.89116,1.12,1.00
2015.06.02 19:08:46.166,0.89094,0.89119,1.00,1.00
2015.06.02 19:08:46.318,0.89096,0.8912,1.00,1.50
2015.06.02 19:08:46.621,0.89095,0.89112,1.00,1.00
2015.06.02 19:08:46.671,0.89095,0.8912,1.12,1.00
2015.06.02 19:08:46.722,0.891,0.89121,1.50,1.00
2015.06.02 19:08:46.773,0.89103,0.89125,1.00,1.00
2015.06.02 19:08:51.218,0.891,0.89125,1.50,1.00
2015.06.02 19:08:51.370,0.89104,0.89125,1.00,1.00
2015.06.02 19:08:52.357,0.89104,0.89127,1.00,1.00
2015.06.02 19:08:53.126,0.89106,0.89128,1.00,1.00
2015.06.02 19:08:53.228,0.89106,0.89131,1.50,1.50
2015.06.02 19:08:53.329,0.8911,0.89132,1.00,1.00
2015.06.02 19:08:53.631,0.89111,0.8913,1.00,1.00
2015.06.02 19:08:53.683,0.89105,0.8913,1.12,1.00
2015.06.02 19:08:53.784,0.89105,0.89129,1.00,1.37
2015.06.02 19:08:53.886,0.891,0.89125,1.00,1.00
2015.06.02 19:08:54.037,0.89099,0.89122,1.50,1.00
2015.06.02 19:08:54.281,0.89098,0.89124,1.00,1.00
2015.06.02 19:08:54.582,0.89098,0.89121,1.00,1.00
2015.06.02 19:08:55.170,0.89098,0.89123,1.50,1.00
2015.06.02 19:08:55.271,0.89101,0.89124,1.00,1.00
2015.06.02 19:08:55.423,0.89101,0.89126,1.00,1.00
2015.06.02 19:08:55.474,0.89104,0.89126,1.00,1.00
2015.06.02 19:08:55.575,0.89104,0.89129,1.00,1.50
2015.06.02 19:08:55.844,0.89106,0.89129,1.00,1.00
2015.06.02 19:08:56.352,0.89106,0.8913,1.00,1.00
2015.06.02 19:08:58.559,0.89103,0.8913,1.00,1.00
2015.06.02 19:08:58.660,0.89105,0.8913,1.00,1.50
2015.06.02 19:08:59.891,0.89104,0.89129,1.00,1.00
2015.06.02 19:08:59.993,0.891,0.89126,1.50,1.00
2015.06.02 19:09:00.195,0.891,0.89123,1.00,1.00
2015.06.02 19:09:00.246,0.89097,0.89123,1.00,1.00
2015.06.02 19:09:00.297,0.89101,0.89125,1.00,1.00
2015.06.02 19:09:00.347,0.89098,0.89125,1.00,1.00
2015.06.02 19:09:00.499,0.89099,0.89127,1.50,1.50
2015.06.02 19:09:01.030,0.89099,0.89121,1.50,1.00
2015.06.02 19:09:01.376,0.89099,0.89118,1.00,1.00
2015.06.02 19:09:02.997,0.89099,0.89119,1.00,1.00
2015.06.02 19:09:06.548,0.89099,0.8912,1.00,1.00
2015.06.02 19:09:07.372,0.891,0.89119,1.00,1.00
2015.06.02 19:09:08.707,0.89095,0.8912,1.50,1.00
2015.06.02 19:09:08.911,0.89095,0.89122,1.50,1.00
2015.06.02 19:09:09.068,0.89095,0.89118,1.50,1.00
2015.06.02 19:09:10.123,0.89095,0.89118,1.37,1.00
2015.06.02 19:09:10.174,0.89097,0.89121,1.00,1.00
2015.06.02 19:09:10.477,0.89098,0.89123,1.00,1.00
2015.06.02 19:09:10.578,0.89101,0.89123,1.00,1.00
2015.06.02 19:09:10.629,0.89101,0.89126,1.00,1.50
2015.06.02 19:09:10.680,0.89103,0.89126,1.00,1.00
2015.06.02 19:09:12.119,0.89103,0.89123,1.00,1.00
2015.06.02 19:09:12.170,0.89098,0.89123,1.50,1.00
2015.06.02 19:09:12.221,0.89101,0.89121,1.00,1.00
2015.06.02 19:09:12.322,0.89098,0.89121,1.12,1.00
2015.06.02 19:09:13.095,0.89101,0.89121,1.00,1.00
2015.06.02 19:09:14.137,0.89101,0.89122,1.00,1.00
2015.06.02 19:09:14.678,0.89101,0.89123,1.00,1.00
2015.06.02 19:09:19.578,0.89099,0.89123,1.00,1.00
2015.06.02 19:09:20.118,0.89098,0.89122,1.00,1.00
2015.06.02 19:09:29.861,0.89098,0.89121,1.00,1.00
2015.06.02 19:09:30.485,0.89099,0.89121,1.00,1.00
2015.06.02 19:09:32.870,0.89097,0.89121,1.00,1.00
2015.06.02 19:09:33.072,0.89101,0.89121,1.00,1.00
2015.06.02 19:09:35.738,0.89101,0.89123,1.00,1.00
2015.06.02 19:09:35.871,0.89105,0.89125,1.00,1.50
2015.06.02 19:09:35.972,0.89105,0.89127,1.00,1.00
2015.06.02 19:09:36.376,0.89105,0.89125,1.00,1.00
2015.06.02 19:09:36.528,0.89108,0.89129,1.00,1.50
2015.06.02 19:09:37.155,0.89105,0.89129,1.00,1.50
2015.06.02 19:09:37.326,0.89109,0.89129,1.00,1.50
2015.06.02 19:09:37.432,0.89106,0.89129,1.00,1.50
2015.06.02 19:09:37.535,0.89106,0.89127,1.00,1.00
2015.06.02 19:09:37.844,0.89106,0.89125,1.00,1.00
2015.06.02 19:09:38.780,0.89104,0.89125,1.00,1.00
2015.06.02 19:09:39.240,0.89106,0.89125,1.00,1.00
2015.06.02 19:09:39.681,0.89103,0.89125,1.00,1.00
2015.06.02 19:09:39.783,0.89105,0.89125,1.00,1.00
2015.06.02 19:09:39.985,0.89101,0.89125,1.00,1.00
2015.06.02 19:09:40.210,0.89105,0.89124,1.00,1.00
2015.06.02 19:09:44.193,0.89101,0.89124,1.00,1.00
2015.06.02 19:09:44.300,0.89105,0.89124,1.00,1.00
2015.06.02 19:09:44.602,0.89115,0.89124,1.00,1.00
2015.06.02 19:09:44.703,0.891,0.89124,1.00,1.00
2015.06.02 19:09:44.855,0.89101,0.89126,1.00,2.25
2015.06.02 19:09:44.974,0.89101,0.89123,1.00,1.00
2015.06.02 19:09:48.021,0.89103,0.89123,1.00,1.00
2015.06.02 19:09:48.179,0.89103,0.89128,1.50,1.50
2015.06.02 19:09:48.231,0.89105,0.89128,1.00,1.00
2015.06.02 19:09:48.680,0.89103,0.89128,1.00,1.00
2015.06.02 19:09:48.831,0.89106,0.89128,1.00,1.00
2015.06.02 19:09:48.980,0.89103,0.89128,1.00,1.00
2015.06.02 19:09:49.081,0.89105,0.89129,1.00,1.00
2015.06.02 19:09:49.636,0.89105,0.89128,1.00,1.00
2015.06.02 19:09:51.200,0.89104,0.89128,1.00,1.00
2015.06.02 19:09:51.761,0.89105,0.89128,1.00,1.00
2015.06.02 19:09:57.059,0.89104,0.89128,1.00,1.00
2015.06.02 19:09:57.422,0.89106,0.89128,1.00,1.00
2015.06.02 19:09:58.760,0.89107,0.89132,1.00,1.00
2015.06.02 19:09:58.811,0.89107,0.89134,1.50,1.50
2015.06.02 19:09:59.060,0.89108,0.89131,1.00,1.00
2015.06.02 19:09:59.161,0.89106,0.89131,1.00,1.00
2015.06.02 19:09:59.262,0.89108,0.89131,1.00,1.00
2015.06.02 19:10:00.536,0.89106,0.8913,1.00,1.00
2015.06.02 19:10:00.587,0.89104,0.89129,1.50,1.00
2015.06.02 19:10:00.774,0.89103,0.89125,1.12,1.00
2015.06.02 19:10:01.129,0.891,0.89125,1.00,1.00
2015.06.02 19:10:01.382,0.891,0.89122,1.00,1.00
2015.06.02 19:10:01.686,0.891,0.89118,1.00,1.00
2015.06.02 19:10:01.739,0.89098,0.89118,1.00,1.00
2015.06.02 19:10:01.790,0.89099,0.89123,1.50,1.00
2015.06.02 19:10:01.950,0.89099,0.89125,1.00,1.00
2015.06.02 19:10:02.479,0.891,0.89126,1.00,1.00
2015.06.02 19:10:03.753,0.89107,0.89126,1.00,1.00
2015.06.02 19:10:04.200,0.89099,0.89121,1.50,1.00
2015.06.02 19:10:04.302,0.89097,0.89121,1.00,1.00
2015.06.02 19:10:04.454,0.89097,0.89118,1.00,1.00
2015.06.02 19:10:05.282,0.89096,0.89118,1.00,1.50
2015.06.02 19:10:05.333,0.89093,0.89118,1.50,1.50
2015.06.02 19:10:05.672,0.89093,0.89115,1.00,1.00
2015.06.02 19:10:07.396,0.89092,0.89115,1.12,1.00
2015.06.02 19:10:07.447,0.8909,0.89115,1.87,1.00
2015.06.02 19:10:08.569,0.8909,0.89115,1.87,1.00
2015.06.02 19:10:09.135,0.89092,0.89116,1.12,1.00
2015.06.02 19:10:09.883,0.89092,0.89115,1.12,1.00
2015.06.02 19:10:10.404,0.89092,0.89116,1.12,1.00
2015.06.02 19:10:10.774,0.89092,0.89116,1.37,1.00
2015.06.02 19:10:10.973,0.89095,0.89119,1.37,1.00
2015.06.02 19:10:11.568,0.89095,0.8912,1.87,1.00
2015.06.02 19:10:11.672,0.89095,0.8912,1.50,1.00
2015.06.02 19:10:11.722,0.89095,0.89118,1.00,1.00
2015.06.02 19:10:11.988,0.89093,0.89118,1.50,1.50
2015.06.02 19:10:12.089,0.89093,0.89116,1.00,1.00
2015.06.02 19:10:12.291,0.89093,0.89118,1.12,2.25
2015.06.02 19:10:12.342,0.89095,0.89118,1.00,1.00
2015.06.02 19:10:12.393,0.89095,0.8912,1.50,1.50
2015.06.02 19:10:12.921,0.89095,0.89119,1.00,1.00
2015.06.02 19:10:12.971,0.89098,0.89119,1.00,1.00
2015.06.02 19:10:13.022,0.89098,0.89121,1.00,1.00
2015.06.02 19:10:17.777,0.89098,0.8912,1.00,1.00
2015.06.02 19:10:18.317,0.89098,0.89119,1.00,1.00
2015.06.02 19:10:19.682,0.89096,0.89119,1.00,1.00
2015.06.02 19:10:23.135,0.89096,0.89118,1.00,1.00
2015.06.02 19:10:23.438,0.89094,0.89117,1.00,1.00
2015.06.02 19:10:23.639,0.89094,0.89115,1.00,1.00
2015.06.02 19:10:24.229,0.89094,0.89116,1.00,1.00
2015.06.02 19:10:24.555,0.89094,0.89114,1.00,1.00
2015.06.02 19:10:24.756,0.89094,0.89116,1.00,1.00
2015.06.02 19:10:28.353,0.8909,0.89115,1.50,1.00
2015.06.02 19:10:28.858,0.8909,0.89115,1.87,1.00
2015.06.02 19:10:29.448,0.89092,0.89116,1.00,1.00
2015.06.02 19:10:30.137,0.89092,0.89117,1.00,1.00
2015.06.02 19:10:31.174,0.89092,0.89115,1.00,1.00
2015.06.02 19:10:31.670,0.8909,0.89114,1.00,1.00
2015.06.02 19:10:31.873,0.89087,0.89111,1.87,1.00
2015.06.02 19:10:32.419,0.89087,0.8911,1.12,1.00
2015.06.02 19:10:32.672,0.89087,0.89112,1.12,1.50
2015.06.02 19:10:33.075,0.89087,0.8911,1.00,1.00
2015.06.02 19:10:34.759,0.89087,0.89111,1.00,1.00
2015.06.02 19:10:34.860,0.89085,0.8911,1.00,1.00
2015.06.02 19:10:35.583,0.89085,0.89109,1.00,1.00
2015.06.02 19:10:35.684,0.89083,0.89108,1.50,1.50
2015.06.02 19:10:35.988,0.89085,0.8911,1.12,1.00
2015.06.02 19:10:36.292,0.89088,0.8911,1.00,1.00
2015.06.02 19:10:36.428,0.89085,0.8911,1.50,1.00
2015.06.02 19:10:36.478,0.89085,0.89108,1.00,1.00
2015.06.02 19:10:36.989,0.89085,0.89109,1.00,1.00
2015.06.02 19:10:38.312,0.89084,0.89109,1.50,1.50
2015.06.02 19:10:38.614,0.89084,0.89107,1.00,1.00
2015.06.02 19:10:39.850,0.89084,0.89108,1.50,1.00
2015.06.02 19:10:40.569,0.89082,0.89105,1.00,1.00
2015.06.02 19:10:40.772,0.89087,0.89111,1.00,1.50
2015.06.02 19:10:41.703,0.89084,0.89109,2.25,1.00
2015.06.02 19:10:41.805,0.89087,0.89111,1.00,1.50
2015.06.02 19:10:41.971,0.89084,0.89109,2.25,1.00
2015.06.02 19:10:42.122,0.89088,0.89111,1.00,1.50
2015.06.02 19:10:43.282,0.89085,0.8911,1.00,1.00
2015.06.02 19:10:43.333,0.89087,0.89111,1.00,1.50
2015.06.02 19:10:43.841,0.89087,0.8911,1.00,1.00
2015.06.02 19:10:44.155,0.89087,0.89108,1.00,1.00
2015.06.02 19:10:44.206,0.89085,0.89108,1.00,1.00
2015.06.02 19:10:45.157,0.89085,0.89109,1.00,1.50
2015.06.02 19:10:45.309,0.89082,0.89107,1.00,1.00
2015.06.02 19:10:48.289,0.89083,0.89107,1.00,1.00
2015.06.02 19:10:48.591,0.89082,0.89104,1.00,1.00
2015.06.02 19:10:48.743,0.89086,0.89111,1.50,1.00
2015.06.02 19:10:48.793,0.8909,0.89112,1.00,1.00
2015.06.02 19:10:48.945,0.89086,0.89111,1.50,1.00
2015.06.02 19:10:50.770,0.89086,0.8911,1.00,1.00
2015.06.02 19:10:50.972,0.89085,0.89108,1.00,1.00
2015.06.02 19:10:52.273,0.89084,0.89108,1.00,1.50
2015.06.02 19:10:52.778,0.89083,0.89108,1.00,1.50
2015.06.02 19:10:54.679,0.89082,0.89107,1.00,1.00
2015.06.02 19:10:54.986,0.8908,0.89105,1.87,1.50
2015.06.02 19:10:55.339,0.8908,0.89105,1.50,1.00
2015.06.02 19:10:56.079,0.8908,0.89104,1.00,1.00
2015.06.02 19:10:57.500,0.89085,0.89104,1.00,1.00
2015.06.02 19:10:57.551,0.89082,0.89104,1.12,1.00
2015.06.02 19:11:00.445,0.89079,0.89104,1.50,1.50
2015.06.02 19:11:00.546,0.89079,0.89104,1.87,1.00
2015.06.02 19:11:01.251,0.89081,0.89107,1.12,1.50
2015.06.02 19:11:01.512,0.89081,0.89104,1.00,1.00
2015.06.02 19:11:01.656,0.89078,0.89102,1.50,1.00
2015.06.02 19:11:02.759,0.89079,0.89104,1.00,1.00
2015.06.02 19:11:03.269,0.89078,0.89103,1.50,1.00
2015.06.02 19:11:04.458,0.8908,0.89103,1.00,1.00
2015.06.02 19:11:04.797,0.89088,0.89106,1.00,1.00
2015.06.02 19:11:05.554,0.89083,0.89107,1.00,1.00
2015.06.02 19:11:05.604,0.8909,0.89108,1.00,1.00
2015.06.02 19:11:05.909,0.89085,0.89108,1.00,1.00
2015.06.02 19:11:06.010,0.89085,0.8911,1.50,1.00
2015.06.02 19:11:06.061,0.89088,0.89111,1.00,1.00
2015.06.02 19:11:06.636,0.89088,0.89112,1.00,1.50
2015.06.02 19:11:06.975,0.89093,0.89111,1.00,1.00
2015.06.02 19:11:09.858,0.89093,0.8911,1.00,1.00
2015.06.02 19:11:14.878,0.89093,0.89111,1.00,1.00
2015.06.02 19:11:14.979,0.89087,0.89112,1.50,1.50
2015.06.02 19:11:15.131,0.89087,0.8911,1.00,1.00
2015.06.02 19:11:19.559,0.89088,0.89112,1.00,1.00
2015.06.02 19:11:19.711,0.89085,0.8911,1.00,2.25
2015.06.02 19:11:19.898,0.89085,0.89106,1.00,1.00
2015.06.02 19:11:19.949,0.89083,0.89105,1.00,1.00
2015.06.02 19:11:20.480,0.89079,0.89104,1.50,1.00
2015.06.02 19:11:20.531,0.89079,0.89102,1.00,1.00
2015.06.02 19:11:24.113,0.89079,0.89102,1.37,1.00
2015.06.02 19:11:24.164,0.89081,0.89104,1.12,1.00
2015.06.02 19:11:24.215,0.89082,0.89106,1.00,1.00
2015.06.02 19:11:24.266,0.89086,0.89109,1.00,1.00
2015.06.02 19:11:24.768,0.89086,0.8911,1.00,1.00
2015.06.02 19:11:33.446,0.89086,0.89108,1.00,1.00
2015.06.02 19:11:33.971,0.89086,0.89107,1.00,1.00
2015.06.02 19:11:36.589,0.89084,0.89107,1.37,1.00
2015.06.02 19:11:36.907,0.89089,0.8911,1.00,1.00
2015.06.02 19:11:37.210,0.89089,0.89112,1.00,1.00
2015.06.02 19:11:37.873,0.89089,0.89111,1.00,1.50
2015.06.02 19:11:38.452,0.89085,0.89111,1.12,1.50
2015.06.02 19:11:40.682,0.89085,0.89108,1.00,1.00
2015.06.02 19:11:41.026,0.89085,0.8911,1.00,1.00
2015.06.02 19:11:41.127,0.89087,0.8911,1.00,1.00
2015.06.02 19:11:41.228,0.89088,0.89113,1.00,1.50
2015.06.02 19:11:41.279,0.89091,0.89113,1.00,1.50
2015.06.02 19:11:41.330,0.89092,0.89117,1.00,1.50
2015.06.02 19:11:41.537,0.89094,0.89117,1.00,1.00
2015.06.02 19:11:41.740,0.89092,0.89117,1.50,1.50
2015.06.02 19:11:42.268,0.89092,0.89116,1.50,1.00
2015.06.02 19:11:44.710,0.89092,0.89114,1.00,1.00
2015.06.02 19:11:45.170,0.89092,0.89116,1.00,1.50
2015.06.02 19:11:53.579,0.89092,0.89114,1.00,1.00
2015.06.02 19:11:53.865,0.89087,0.89112,1.50,1.00
2015.06.02 19:11:53.966,0.89087,0.89109,1.00,1.00
2015.06.02 19:11:54.857,0.89087,0.89111,1.00,1.00
2015.06.02 19:11:55.008,0.89087,0.89109,1.00,1.00
2015.06.02 19:11:56.991,0.89088,0.89109,1.00,1.00
2015.06.02 19:11:57.092,0.89089,0.89113,1.00,1.50
2015.06.02 19:11:57.255,0.89091,0.89112,1.00,1.00
2015.06.02 19:11:57.457,0.89091,0.89114,1.00,1.50
2015.06.02 19:12:01.481,0.89086,0.89111,2.62,1.00
2015.06.02 19:12:01.987,0.89086,0.89111,1.50,1.50
2015.06.02 19:12:02.940,0.89087,0.89111,1.00,1.00
2015.06.02 19:12:03.204,0.89088,0.89113,1.00,1.50
2015.06.02 19:12:03.457,0.89093,0.89116,1.00,1.00
2015.06.02 19:12:03.604,0.89095,0.8912,1.00,2.25
2015.06.02 19:12:03.706,0.89096,0.89118,1.00,1.00
2015.06.02 19:12:04.460,0.89096,0.89119,1.00,1.00
2015.06.02 19:12:06.701,0.89095,0.89116,1.00,1.00
2015.06.02 19:12:06.802,0.89094,0.89118,1.50,1.00
2015.06.02 19:12:08.948,0.89094,0.89119,1.00,2.25
2015.06.02 19:12:09.457,0.89094,0.89118,1.00,1.00
2015.06.02 19:12:09.677,0.89092,0.89113,1.00,1.00
2015.06.02 19:12:09.879,0.8909,0.89113,1.00,1.00
2015.06.02 19:12:10.402,0.89089,0.89113,1.00,1.00
2015.06.02 19:12:12.868,0.8909,0.89113,1.00,1.00
2015.06.02 19:12:14.590,0.89091,0.89116,1.00,1.50
2015.06.02 19:12:19.517,0.89093,0.89116,1.00,1.00
2015.06.02 19:12:19.668,0.89093,0.89118,1.50,1.50
2015.06.02 19:12:20.067,0.89093,0.89116,1.00,1.00
2015.06.02 19:12:20.169,0.89091,0.89116,2.25,1.00
2015.06.02 19:12:20.322,0.89091,0.89112,1.00,1.00
2015.06.02 19:12:20.373,0.89088,0.89112,1.12,1.00
2015.06.02 19:12:22.140,0.89089,0.89113,1.00,1.00
2015.06.02 19:12:27.107,0.8909,0.89114,1.00,1.00
2015.06.02 19:12:27.642,0.89089,0.89114,1.50,1.50
2015.06.02 19:12:29.927,0.89092,0.89114,1.00,1.00
2015.06.02 19:12:30.029,0.89092,0.89117,1.50,1.00
2015.06.02 19:12:30.557,0.89093,0.89117,1.00,1.00
2015.06.02 19:12:31.099,0.89092,0.89116,1.00,1.00
2015.06.02 19:12:32.437,0.89097,0.89116,1.00,1.00
2015.06.02 19:12:32.539,0.89091,0.89114,1.00,1.00
2015.06.02 19:12:32.590,0.89089,0.89114,1.50,1.50
2015.06.02 19:12:33.094,0.89089,0.89113,1.00,1.00
2015.06.02 19:12:33.436,0.89093,0.89113,1.00,1.00
2015.06.02 19:12:33.537,0.8909,0.89113,1.00,1.00
2015.06.02 19:12:33.689,0.89093,0.89114,1.00,1.00
2015.06.02 19:12:33.790,0.89091,0.89114,1.00,1.00
2015.06.02 19:12:35.301,0.89093,0.89114,1.00,1.00
2015.06.02 19:12:35.523,0.89093,0.89118,1.00,1.87
2015.06.02 19:12:36.053,0.89093,0.89117,1.00,1.00
2015.06.02 19:12:36.550,0.89095,0.89119,1.00,1.00
2015.06.02 19:12:36.826,0.89098,0.89123,1.50,1.50
2015.06.02 19:12:36.876,0.89101,0.89123,1.00,1.00
2015.06.02 19:12:37.028,0.89098,0.89123,1.50,1.50
2015.06.02 19:12:37.159,0.89101,0.89123,1.00,1.00
2015.06.02 19:12:37.513,0.89101,0.89126,1.00,1.87
2015.06.02 19:12:37.563,0.891,0.89124,1.00,1.00
2015.06.02 19:12:38.068,0.89099,0.89124,1.50,1.50
2015.06.02 19:12:38.630,0.891,0.89124,1.00,1.00
2015.06.02 19:12:39.545,0.89098,0.89123,1.50,1.50
2015.06.02 19:12:42.028,0.89098,0.89122,1.00,1.00
2015.06.02 19:12:44.188,0.89099,0.89122,1.00,1.00
2015.06.02 19:12:44.837,0.89099,0.89123,1.50,1.00
2015.06.02 19:12:45.522,0.89098,0.89123,2.25,1.00
2015.06.02 19:12:45.775,0.89102,0.89125,1.00,1.50
2015.06.02 19:12:46.086,0.89098,0.89123,1.50,1.50
2015.06.02 19:12:48.947,0.89099,0.89123,1.00,1.00
2015.06.02 19:12:49.453,0.89098,0.89123,1.50,1.50
2015.06.02 19:12:51.424,0.89099,0.89123,1.00,1.00
2015.06.02 19:12:52.109,0.89102,0.89126,1.00,1.00
2015.06.02 19:12:53.566,0.89099,0.89124,1.50,1.00
2015.06.02 19:12:54.117,0.89099,0.89123,1.00,1.00
2015.06.02 19:12:54.262,0.89097,0.89122,1.50,1.50
2015.06.02 19:12:56.981,0.89101,0.89122,1.00,1.00
2015.06.02 19:12:57.083,0.89097,0.89122,1.50,1.50
2015.06.02 19:13:00.530,0.89098,0.89122,1.00,1.00
2015.06.02 19:13:03.363,0.89097,0.89122,1.50,1.50
2015.06.02 19:13:03.999,0.89101,0.89122,1.00,1.00
2015.06.02 19:13:04.151,0.89098,0.89122,1.00,1.00
2015.06.02 19:13:04.871,0.89097,0.89121,1.00,1.37
2015.06.02 19:13:05.073,0.89091,0.89116,1.00,2.25
2015.06.02 19:13:06.513,0.89094,0.89116,1.00,1.00
2015.06.02 19:13:06.563,0.89094,0.89118,1.00,1.00
2015.06.02 19:13:06.614,0.89097,0.89118,1.00,1.00
2015.06.02 19:13:07.841,0.89095,0.89118,1.00,1.00
2015.06.02 19:13:08.729,0.89097,0.89118,1.00,1.00
2015.06.02 19:13:10.246,0.89092,0.89118,1.12,1.50
2015.06.02 19:13:10.750,0.89091,0.89117,1.50,1.00
2015.06.02 19:13:10.851,0.89093,0.89118,1.00,1.50
2015.06.02 19:13:11.165,0.89095,0.89118,1.00,1.00
2015.06.02 19:13:11.676,0.89095,0.89119,1.00,1.00
2015.06.02 19:13:11.777,0.89093,0.89118,1.50,1.50
2015.06.02 19:13:12.075,0.89093,0.89116,1.00,1.00
2015.06.02 19:13:12.379,0.89093,0.89114,1.00,1.00
2015.06.02 19:13:12.581,0.8909,0.89114,1.00,1.00
2015.06.02 19:13:12.932,0.89089,0.89111,1.00,1.00
2015.06.02 19:13:13.235,0.89086,0.89108,1.00,1.00
2015.06.02 19:13:13.494,0.89086,0.89111,1.50,1.50
2015.06.02 19:13:14.799,0.89083,0.89108,1.87,1.00
2015.06.02 19:13:15.052,0.89088,0.89112,1.00,1.00
2015.06.02 19:13:15.153,0.89083,0.89109,1.37,1.00
2015.06.02 19:13:15.547,0.89085,0.8911,1.37,1.00
2015.06.02 19:13:16.850,0.89085,0.8911,1.12,1.00
2015.06.02 19:13:17.512,0.89089,0.89112,1.00,1.12
2015.06.02 19:13:17.562,0.89085,0.8911,1.00,1.00
2015.06.02 19:13:17.613,0.89083,0.89106,1.12,1.00
2015.06.02 19:13:17.714,0.89085,0.8911,1.00,1.00
2015.06.02 19:13:18.265,0.89087,0.89112,1.00,1.50
2015.06.02 19:13:18.601,0.89089,0.89112,1.00,1.37
2015.06.02 19:13:18.652,0.89084,0.89109,1.00,1.12
2015.06.02 19:13:18.753,0.89083,0.89107,1.00,1.50
2015.06.02 19:13:19.253,0.89085,0.89106,1.00,1.00
2015.06.02 19:13:19.405,0.89089,0.89112,1.00,1.00
2015.06.02 19:13:19.506,0.89089,0.89114,1.50,1.50
2015.06.02 19:13:19.708,0.89089,0.89114,1.87,1.50
2015.06.02 19:13:19.809,0.89094,0.89119,1.50,1.50
2015.06.02 19:13:20.369,0.89094,0.89118,1.00,1.00
2015.06.02 19:13:21.189,0.89094,0.89119,1.50,1.50
2015.06.02 19:13:21.980,0.89094,0.89118,1.00,1.00
2015.06.02 19:13:23.714,0.89093,0.89114,1.00,1.00
2015.06.02 19:13:23.766,0.89093,0.89118,1.50,1.50
2015.06.02 19:13:24.198,0.89093,0.89116,1.00,1.00
2015.06.02 19:13:24.786,0.89093,0.89117,1.00,1.00
2015.06.02 19:13:25.257,0.89101,0.89117,1.00,1.00
2015.06.02 19:13:25.308,0.89101,0.89121,1.00,1.00
2015.06.02 19:13:25.611,0.89101,0.89124,1.00,1.00
2015.06.02 19:13:26.192,0.89101,0.89123,1.00,1.00
2015.06.02 19:13:26.243,0.89099,0.89122,1.00,1.00
2015.06.02 19:13:32.436,0.89097,0.89121,1.12,1.00
2015.06.02 19:13:32.938,0.89096,0.8912,1.37,1.00
2015.06.02 19:13:33.440,0.89096,0.89121,1.37,2.25
2015.06.02 19:13:34.064,0.89096,0.8912,1.37,1.00
2015.06.02 19:13:35.747,0.89096,0.89121,1.37,2.25
2015.06.02 19:13:37.062,0.89098,0.89121,1.37,1.00
2015.06.02 19:13:37.213,0.891,0.89123,1.12,1.00
2015.06.02 19:13:37.314,0.89098,0.89121,1.37,1.00
2015.06.02 19:13:39.005,0.89098,0.89121,1.00,1.00
2015.06.02 19:13:39.588,0.89098,0.89119,1.00,1.00
2015.06.02 19:13:39.740,0.89096,0.89118,1.00,1.50
2015.06.02 19:13:39.841,0.89092,0.89116,1.37,1.50
2015.06.02 19:13:40.144,0.8909,0.89113,1.87,1.00
2015.06.02 19:13:41.285,0.89092,0.89115,1.37,1.00
2015.06.02 19:13:45.077,0.89093,0.89117,1.37,1.00
2015.06.02 19:13:45.228,0.89092,0.89115,1.12,1.00
2015.06.02 19:13:45.967,0.8909,0.89115,1.87,1.00
2015.06.02 19:13:56.544,0.89089,0.89111,1.50,1.00
2015.06.02 19:13:56.868,0.89085,0.89097,1.00,1.50
2015.06.02 19:13:56.919,0.89074,0.89097,1.37,1.50
2015.06.02 19:13:56.969,0.89074,0.89094,1.37,1.00
2015.06.02 19:13:57.874,0.89074,0.89094,1.12,1.00
2015.06.02 19:13:58.458,0.89074,0.89095,1.12,1.00
2015.06.02 19:13:59.072,0.89075,0.89096,1.00,1.00
2015.06.02 19:13:59.762,0.89075,0.89097,1.37,1.00
2015.06.02 19:13:59.813,0.89075,0.89099,1.37,1.50
2015.06.02 19:14:00.434,0.89075,0.89097,1.37,1.00
2015.06.02 19:14:00.535,0.89075,0.89099,1.37,1.50
2015.06.02 19:14:00.636,0.89075,0.89096,1.12,1.00
2015.06.02 19:14:01.939,0.89081,0.89097,1.00,1.00
2015.06.02 19:14:01.989,0.89081,0.89103,1.00,1.00
2015.06.02 19:14:02.509,0.89078,0.89103,1.87,1.50
2015.06.02 19:14:02.559,0.89078,0.89103,1.87,1.50
2015.06.02 19:14:02.839,0.89078,0.89103,1.87,1.50
2015.06.02 19:14:02.991,0.89078,0.89103,1.87,1.50
2015.06.02 19:14:03.092,0.89078,0.89103,1.50,1.50
2015.06.02 19:14:03.609,0.89078,0.89103,1.87,1.50
2015.06.02 19:14:03.710,0.89082,0.89103,1.00,1.00
2015.06.02 19:14:04.688,0.89082,0.89101,1.00,1.00
2015.06.02 19:14:04.739,0.89079,0.89101,1.12,1.00
2015.06.02 19:14:08.208,0.89079,0.89103,1.12,1.00
2015.06.02 19:14:08.559,0.89082,0.89103,1.00,1.00
2015.06.02 19:14:09.593,0.89082,0.89103,1.00,1.37
2015.06.02 19:14:09.745,0.8907,0.89092,1.00,1.00
2015.06.02 19:14:09.947,0.8907,0.89094,1.37,1.50
2015.06.02 19:14:11.418,0.89072,0.89094,1.00,1.00
2015.06.02 19:14:18.894,0.8907,0.89094,1.37,1.00
2015.06.02 19:14:19.348,0.89068,0.89089,1.12,1.00
2015.06.02 19:14:19.852,0.89065,0.89089,1.87,1.00
2015.06.02 19:14:20.528,0.89068,0.8909,1.37,1.00
2015.06.02 19:14:20.750,0.89065,0.89089,1.87,1.00
2015.06.02 19:14:25.175,0.89065,0.89089,1.87,1.00
2015.06.02 19:14:34.528,0.89065,0.8909,2.62,1.50
2015.06.02 19:14:35.220,0.89065,0.89089,2.62,1.00
2015.06.02 19:14:35.270,0.89071,0.89089,1.37,1.00
2015.06.02 19:14:35.372,0.89071,0.89094,1.37,1.50
2015.06.02 19:14:35.473,0.89073,0.89096,1.37,1.00
2015.06.02 19:14:36.069,0.89075,0.89099,1.00,1.50
2015.06.02 19:14:42.030,0.89075,0.89098,1.00,1.00
2015.06.02 19:14:45.196,0.89075,0.89098,1.37,1.00
2015.06.02 19:14:48.667,0.89073,0.89097,1.37,1.00
2015.06.02 19:14:48.718,0.89073,0.89095,1.37,1.00
2015.06.02 19:14:48.819,0.8907,0.89095,2.62,1.00
2015.06.02 19:14:48.986,0.89072,0.89097,1.87,1.00
2015.06.02 19:14:49.491,0.89072,0.89097,1.87,1.00
2015.06.02 19:14:49.694,0.89072,0.89097,1.87,1.00
2015.06.02 19:14:49.795,0.89072,0.89096,1.37,1.00
2015.06.02 19:14:51.632,0.89071,0.89093,1.00,1.00
2015.06.02 19:14:51.935,0.89068,0.89091,1.37,1.00
2015.06.02 19:14:52.036,0.89068,0.89094,1.37,1.50
2015.06.02 19:14:55.805,0.89068,0.89094,1.37,1.50
2015.06.02 19:14:56.340,0.89071,0.89093,1.37,1.00
2015.06.02 19:14:56.968,0.89072,0.89094,1.12,1.00
2015.06.02 19:15:00.847,0.89072,0.89095,1.12,1.50
2015.06.02 19:15:01.952,0.89072,0.89094,1.12,1.00
2015.06.02 19:15:02.054,0.89072,0.89095,1.87,1.00
2015.06.02 19:15:02.155,0.89072,0.89097,1.87,1.00
2015.06.02 19:15:03.019,0.89077,0.89098,1.00,1.00
2015.06.02 19:15:03.323,0.89075,0.89096,1.00,1.00
2015.06.02 19:15:03.676,0.89075,0.89093,1.00,1.00
2015.06.02 19:15:03.975,0.89071,0.89093,1.00,1.00
2015.06.02 19:15:04.619,0.89071,0.89092,1.00,1.00
2015.06.02 19:15:05.692,0.89071,0.8909,1.00,1.00
2015.06.02 19:15:05.894,0.89064,0.89086,1.00,1.00
2015.06.02 19:15:05.995,0.89062,0.89086,1.00,1.50
2015.06.02 19:15:07.647,0.89066,0.89086,1.00,1.50
2015.06.02 19:15:08.283,0.89066,0.89087,1.00,1.00
2015.06.02 19:15:09.685,0.89066,0.89088,1.00,1.50
2015.06.02 19:15:09.988,0.8907,0.89088,1.00,1.00
2015.06.02 19:15:10.089,0.89068,0.89089,1.00,1.00
2015.06.02 19:15:10.191,0.89065,0.89087,1.00,1.00
2015.06.02 19:15:10.292,0.89065,0.89085,1.00,1.00
2015.06.02 19:15:11.099,0.89065,0.89086,1.00,1.00
2015.06.02 19:15:11.596,0.89058,0.89074,1.50,1.00
2015.06.02 19:15:11.799,0.89051,0.89068,1.00,1.00
2015.06.02 19:15:11.900,0.89054,0.89067,1.00,1.00
2015.06.02 19:15:11.951,0.89048,0.89067,1.00,1.00
2015.06.02 19:15:12.239,0.89048,0.89069,1.00,1.50
2015.06.02 19:15:12.390,0.89048,0.89067,1.00,1.00
2015.06.02 19:15:13.171,0.89048,0.89068,1.00,1.50
2015.06.02 19:15:15.801,0.89048,0.89069,1.00,1.00
2015.06.02 19:15:15.851,0.89048,0.89071,1.00,1.50
2015.06.02 19:15:17.278,0.89048,0.89072,1.00,1.00
2015.06.02 19:15:17.880,0.89048,0.89071,1.00,1.00
2015.06.02 19:15:19.829,0.89048,0.89072,1.12,1.50
2015.06.02 19:15:20.408,0.89048,0.89071,1.12,1.00
2015.06.02 19:15:22.422,0.89048,0.89072,1.12,1.00
2015.06.02 19:15:23.980,0.89048,0.89071,1.12,1.00
2015.06.02 19:15:32.151,0.89048,0.8907,1.00,1.00
2015.06.02 19:15:35.545,0.89048,0.89072,1.00,1.00
2015.06.02 19:15:36.940,0.89052,0.89072,1.00,1.00
2015.06.02 19:15:37.243,0.89052,0.89075,1.00,1.00
2015.06.02 19:15:37.813,0.89052,0.89076,1.00,1.50
2015.06.02 19:15:40.866,0.89052,0.89076,1.37,1.00
2015.06.02 19:15:40.917,0.89056,0.89076,1.00,1.00
2015.06.02 19:15:45.742,0.89056,0.89075,1.00,1.00
2015.06.02 19:15:45.843,0.89056,0.89078,1.00,1.00
2015.06.02 19:15:48.471,0.89056,0.89079,1.00,1.50
2015.06.02 19:15:48.521,0.89058,0.89079,1.00,1.50
2015.06.02 19:15:48.673,0.89058,0.89081,1.00,1.00
2015.06.02 19:15:50.404,0.89056,0.89081,1.50,1.50
2015.06.02 19:15:53.541,0.89055,0.89077,1.00,1.00
2015.06.02 19:15:54.160,0.89053,0.89077,1.37,1.00
2015.06.02 19:15:54.551,0.89056,0.89078,1.00,1.00
2015.06.02 19:15:55.459,0.89056,0.8908,1.00,1.00
2015.06.02 19:15:57.059,0.89056,0.89081,1.12,1.00
2015.06.02 19:15:57.110,0.89059,0.89082,1.00,2.25
2015.06.02 19:15:57.161,0.89057,0.89082,1.00,2.25
2015.06.02 19:15:58.552,0.8906,0.89082,1.00,1.50
2015.06.02 19:16:00.398,0.89057,0.89082,1.00,2.25
2015.06.02 19:16:00.630,0.8906,0.89082,1.00,1.50
2015.06.02 19:16:13.815,0.8906,0.89084,1.87,1.50
2015.06.02 19:16:14.017,0.89062,0.89085,1.00,1.00
2015.06.02 19:16:14.540,0.89061,0.89085,1.12,1.00
2015.06.02 19:16:14.904,0.89064,0.89086,1.00,1.00
2015.06.02 19:16:17.233,0.89061,0.89086,1.87,1.50
2015.06.02 19:16:21.982,0.89061,0.89085,1.00,1.00
2015.06.02 19:16:22.515,0.89061,0.89086,1.00,2.25
2015.06.02 19:16:22.616,0.89061,0.89083,1.00,1.00
2015.06.02 19:16:24.905,0.89061,0.89082,1.00,1.00
2015.06.02 19:16:25.534,0.89061,0.89081,1.00,1.50
2015.06.02 19:16:39.340,0.89061,0.89083,1.00,1.50
2015.06.02 19:16:50.391,0.89061,0.89082,1.00,1.00
2015.06.02 19:16:55.443,0.89061,0.89079,1.00,1.00
2015.06.02 19:16:55.971,0.89061,0.89078,1.00,1.00
2015.06.02 19:16:57.495,0.89061,0.89081,1.00,1.50
2015.06.02 19:17:02.324,0.89061,0.89082,1.00,1.00
2015.06.02 19:17:04.128,0.89061,0.89082,1.00,1.37
2015.06.02 19:17:04.179,0.89056,0.89081,1.50,1.37
2015.06.02 19:17:04.230,0.89056,0.89078,1.00,1.12
2015.06.02 19:17:04.381,0.89053,0.89077,1.00,1.00
2015.06.02 19:17:04.629,0.89053,0.89075,1.00,1.00
2015.06.02 19:17:04.952,0.89053,0.89073,1.00,1.00
2015.06.02 19:17:09.609,0.89053,0.89072,1.00,1.00
2015.06.02 19:17:10.014,0.89047,0.89071,1.50,1.00
2015.06.02 19:17:11.008,0.89051,0.89071,1.00,1.00
2015.06.02 19:17:16.239,0.89051,0.89073,1.00,1.00
2015.06.02 19:17:16.829,0.89051,0.89074,1.00,2.62
2015.06.02 19:17:19.617,0.89051,0.89072,1.00,1.00
2015.06.02 19:17:20.914,0.89051,0.89073,1.00,1.00
2015.06.02 19:17:21.929,0.89051,0.89074,1.00,1.87
2015.06.02 19:17:27.140,0.89051,0.89072,1.00,1.00
2015.06.02 19:17:27.191,0.89049,0.89072,1.00,1.00
2015.06.02 19:17:27.408,0.89049,0.89074,1.00,2.62
2015.06.02 19:17:27.459,0.89049,0.89072,1.00,1.00
2015.06.02 19:17:30.543,0.89049,0.89073,1.00,2.62
2015.06.02 19:17:30.858,0.89052,0.89073,1.00,1.12
2015.06.02 19:17:43.477,0.89052,0.89074,1.00,1.12
2015.06.02 19:17:46.185,0.89052,0.89074,1.00,1.87
2015.06.02 19:17:47.285,0.89052,0.89074,1.00,1.00
2015.06.02 19:17:48.571,0.89052,0.89074,1.00,1.37
2015.06.02 19:17:49.389,0.89052,0.89074,1.00,1.12
2015.06.02 19:17:56.852,0.8905,0.89074,1.00,1.87
2015.06.02 19:17:56.902,0.89049,0.89073,1.00,1.87
2015.06.02 19:17:57.408,0.89049,0.89072,1.00,1.87
2015.06.02 19:17:58.622,0.89049,0.89073,1.00,1.87
2015.06.02 19:17:59.823,0.89049,0.89072,1.00,1.37
2015.06.02 19:18:00.826,0.89052,0.89072,1.00,1.37
2015.06.02 19:18:06.313,0.89048,0.89072,1.00,1.37
2015.06.02 19:18:12.584,0.89048,0.89072,1.00,1.12
2015.06.02 19:18:23.554,0.89048,0.89073,1.50,1.50
2015.06.02 19:18:23.655,0.8905,0.89074,1.50,1.37
2015.06.02 19:18:23.881,0.89059,0.89083,1.00,1.00
2015.06.02 19:18:28.310,0.89059,0.89083,1.00,1.87
2015.06.02 19:18:28.411,0.89059,0.89077,1.00,1.00
2015.06.02 19:18:28.512,0.89056,0.89077,1.00,1.00
2015.06.02 19:18:28.563,0.89056,0.8908,1.50,1.12
2015.06.02 19:18:28.951,0.89059,0.89081,1.00,1.00
2015.06.02 19:18:30.215,0.89061,0.89083,1.00,1.00
2015.06.02 19:18:30.772,0.89061,0.89084,1.00,1.50
2015.06.02 19:18:36.438,0.89061,0.89084,1.00,1.87
2015.06.02 19:18:41.992,0.89061,0.89084,1.00,1.50
2015.06.02 19:18:42.521,0.89061,0.89083,1.00,1.87
2015.06.02 19:18:42.937,0.89058,0.89083,1.00,2.25
2015.06.02 19:18:43.088,0.89058,0.89083,1.00,2.62
2015.06.02 19:18:43.623,0.89058,0.8908,1.00,2.62
2015.06.02 19:18:45.531,0.89058,0.89078,1.00,1.00
2015.06.02 19:18:46.642,0.89058,0.8908,1.00,2.62
2015.06.02 19:18:47.184,0.89058,0.8908,1.00,2.62
2015.06.02 19:18:51.164,0.89058,0.89081,1.00,1.50
2015.06.02 19:18:51.870,0.89058,0.89078,1.00,1.00
2015.06.02 19:18:55.051,0.89054,0.89078,1.12,1.00
2015.06.02 19:18:56.053,0.89054,0.89078,1.37,1.00
2015.06.02 19:18:56.356,0.89062,0.89084,1.00,1.00
2015.06.02 19:18:56.901,0.89062,0.89085,1.00,1.00
2015.06.02 19:18:58.829,0.89058,0.89083,1.87,1.00
2015.06.02 19:18:59.082,0.89062,0.89084,1.00,1.00
2015.06.02 19:18:59.869,0.89062,0.89085,1.00,1.50
2015.06.02 19:19:00.519,0.89062,0.89084,1.00,1.00
2015.06.02 19:19:07.837,0.89062,0.89085,1.00,1.50
2015.06.02 19:19:13.670,0.89062,0.89087,1.00,2.25
2015.06.02 19:19:14.278,0.89062,0.89086,1.00,1.00
2015.06.02 19:19:15.331,0.89062,0.89087,1.00,1.50
2015.06.02 19:19:15.947,0.89062,0.89086,1.00,1.00
2015.06.02 19:19:16.482,0.89062,0.89085,1.00,1.00
2015.06.02 19:19:16.804,0.8906,0.89081,1.00,1.00
2015.06.02 19:19:21.700,0.89057,0.89081,1.37,1.00
2015.06.02 19:19:21.801,0.89059,0.89079,1.00,1.00
2015.06.02 19:19:22.104,0.89051,0.89069,1.00,1.00
2015.06.02 19:19:22.154,0.89045,0.89069,1.37,1.00
2015.06.02 19:19:22.973,0.89045,0.89069,1.37,1.00
2015.06.02 19:19:23.689,0.89046,0.8907,1.37,1.00
2015.06.02 19:19:25.634,0.89046,0.8907,1.37,1.00
2015.06.02 19:19:25.685,0.89051,0.89072,1.00,1.00
2015.06.02 19:19:25.736,0.89048,0.89072,1.00,1.00
2015.06.02 19:19:25.837,0.89052,0.89075,1.00,1.00
2015.06.02 19:19:25.938,0.89052,0.89077,1.00,1.50
2015.06.02 19:19:26.040,0.89052,0.89075,1.00,1.00
2015.06.02 19:19:26.572,0.89052,0.89074,1.00,1.00
2015.06.02 19:19:28.303,0.89052,0.89075,1.00,1.50
2015.06.02 19:19:28.606,0.8905,0.89073,1.00,1.00
2015.06.02 19:19:30.444,0.89052,0.89076,1.00,1.00
2015.06.02 19:19:30.755,0.89049,0.89073,1.37,1.00
2015.06.02 19:19:31.266,0.89052,0.89075,1.00,1.00
2015.06.02 19:19:31.827,0.89052,0.89076,1.00,1.00
2015.06.02 19:19:32.270,0.89048,0.89071,1.12,1.00
2015.06.02 19:19:32.573,0.89045,0.89065,1.37,1.00
2015.06.02 19:19:32.624,0.89044,0.89068,1.37,1.00
2015.06.02 19:19:33.323,0.89046,0.89071,1.37,1.50
2015.06.02 19:19:33.833,0.89049,0.89071,1.00,1.00
2015.06.02 19:19:35.731,0.89049,0.89074,1.50,1.50
2015.06.02 19:19:36.148,0.89052,0.89074,1.00,1.00
2015.06.02 19:19:36.685,0.89052,0.89076,1.00,1.00
2015.06.02 19:19:37.139,0.89052,0.89073,1.00,1.00
2015.06.02 19:19:37.742,0.89052,0.89076,1.00,1.00
2015.06.02 19:19:38.224,0.89052,0.89073,1.00,1.00
2015.06.02 19:19:38.741,0.89052,0.89076,1.00,1.00
2015.06.02 19:19:39.262,0.89053,0.89076,1.00,1.00
2015.06.02 19:19:39.315,0.89053,0.89072,1.00,1.00
2015.06.02 19:19:39.535,0.89053,0.89075,1.00,1.00
2015.06.02 19:19:40.145,0.89053,0.89072,1.00,1.00
2015.06.02 19:19:40.496,0.89051,0.89072,1.00,1.00
2015.06.02 19:19:40.597,0.89048,0.89069,1.50,1.00
2015.06.02 19:19:40.926,0.8905,0.89069,1.00,1.00
2015.06.02 19:19:41.249,0.8905,0.89074,1.00,1.00
2015.06.02 19:19:41.299,0.89052,0.8907,1.00,1.00
2015.06.02 19:19:41.350,0.89052,0.89076,1.00,1.00
2015.06.02 19:19:41.401,0.89055,0.89076,1.00,1.00
2015.06.02 19:19:43.273,0.89056,0.89076,1.00,1.00
2015.06.02 19:19:43.425,0.89056,0.89079,1.00,1.00
2015.06.02 19:19:49.210,0.89055,0.89073,1.00,1.00
2015.06.02 19:19:49.261,0.89052,0.89073,1.00,1.00
2015.06.02 19:19:49.312,0.89052,0.8907,1.00,1.00
2015.06.02 19:19:49.616,0.8905,0.89067,1.00,1.00
2015.06.02 19:19:50.380,0.8905,0.89071,1.00,1.00
2015.06.02 19:19:51.308,0.89051,0.89071,1.00,1.00
2015.06.02 19:19:51.485,0.89051,0.89068,1.00,1.00
2015.06.02 19:19:51.688,0.89051,0.89072,1.00,1.00
2015.06.02 19:19:52.099,0.89051,0.89069,1.00,1.00
2015.06.02 19:19:52.150,0.89052,0.89077,1.00,1.50
2015.06.02 19:19:52.201,0.89053,0.89077,1.37,1.50
2015.06.02 19:19:52.504,0.89064,0.89079,1.00,1.00
2015.06.02 19:19:53.057,0.89062,0.89079,1.00,1.00
2015.06.02 19:19:59.173,0.89061,0.89079,1.00,1.00
2015.06.02 19:19:59.781,0.89058,0.89075,1.00,1.00
2015.06.02 19:19:59.932,0.89057,0.89078,1.00,1.00
2015.06.02 19:20:00.383,0.89059,0.89078,1.00,1.00
2015.06.02 19:20:00.715,0.89061,0.89078,1.00,1.00
2015.06.02 19:20:01.518,0.89061,0.89082,1.00,1.00
2015.06.02 19:20:01.622,0.89061,0.89077,1.00,1.00
2015.06.02 19:20:01.673,0.89061,0.8908,1.00,1.00
2015.06.02 19:20:02.091,0.89059,0.8908,1.00,1.00
2015.06.02 19:20:02.595,0.8906,0.8908,1.50,1.00
2015.06.02 19:20:03.707,0.8906,0.89077,1.50,1.00
2015.06.02 19:20:03.758,0.8906,0.8908,1.50,1.00
2015.06.02 19:20:04.463,0.8906,0.89078,1.50,1.00
2015.06.02 19:20:04.564,0.8906,0.8908,1.50,1.00
2015.06.02 19:20:04.918,0.8906,0.89078,1.50,1.00
2015.06.02 19:20:05.877,0.89059,0.89078,1.00,1.00
2015.06.02 19:20:05.979,0.89059,0.89081,1.00,1.00
2015.06.02 19:20:06.452,0.89059,0.89078,1.00,1.00
2015.06.02 19:20:08.042,0.89059,0.89082,1.00,1.00
2015.06.02 19:20:08.294,0.89057,0.89082,1.00,1.00
2015.06.02 19:20:08.345,0.89057,0.89078,1.00,1.00
2015.06.02 19:20:09.096,0.89055,0.89078,1.00,1.00
2015.06.02 19:20:09.197,0.89053,0.89076,1.00,1.00
2015.06.02 19:20:09.598,0.89051,0.89074,1.00,1.00
2015.06.02 19:20:10.170,0.89052,0.89074,1.00,1.00
2015.06.02 19:20:11.025,0.89053,0.89078,1.50,1.50
2015.06.02 19:20:11.075,0.89053,0.89075,1.12,1.00
2015.06.02 19:20:11.378,0.89055,0.89075,1.00,1.00
2015.06.02 19:20:11.963,0.89054,0.89075,1.00,1.00
2015.06.02 19:20:13.621,0.8905,0.89071,1.00,1.00
2015.06.02 19:20:13.911,0.89047,0.89069,1.00,1.00
2015.06.02 19:20:14.012,0.89046,0.89066,1.00,1.00
2015.06.02 19:20:14.114,0.89038,0.89061,1.00,1.00
2015.06.02 19:20:14.164,0.89038,0.89058,1.00,1.00
2015.06.02 19:20:14.467,0.89036,0.89056,2.25,1.00
2015.06.02 19:20:15.224,0.89036,0.89058,1.50,1.00
2015.06.02 19:20:15.426,0.89039,0.89061,1.00,1.00
2015.06.02 19:20:15.767,0.89041,0.89058,1.00,1.00
2015.06.02 19:20:16.194,0.89041,0.89062,1.00,1.00
2015.06.02 19:20:16.671,0.89041,0.89058,1.00,1.00
2015.06.02 19:20:17.022,0.89038,0.89059,1.00,1.00
2015.06.02 19:20:17.072,0.89038,0.89056,1.00,1.00
2015.06.02 19:20:17.123,0.89036,0.89056,1.50,1.00
2015.06.02 19:20:17.524,0.89036,0.89052,1.00,1.00
2015.06.02 19:20:17.575,0.89036,0.89056,1.00,1.00
2015.06.02 19:20:17.676,0.89036,0.89048,1.00,1.00
2015.06.02 19:20:17.827,0.89036,0.89052,1.00,1.00
2015.06.02 19:20:18.427,0.89036,0.89058,1.00,1.00
2015.06.02 19:20:18.579,0.89036,0.89052,1.00,1.00
2015.06.02 19:20:18.781,0.89037,0.89055,1.00,1.00
2015.06.02 19:20:18.953,0.89037,0.8906,1.50,1.00
2015.06.02 19:20:19.004,0.8904,0.8906,1.00,1.00
2015.06.02 19:20:19.440,0.89038,0.8906,1.50,1.00
2015.06.02 19:20:19.491,0.89038,0.89056,1.50,1.00
2015.06.02 19:20:19.592,0.89038,0.8906,1.50,1.00
2015.06.02 19:20:19.643,0.8904,0.8906,1.00,1.00
2015.06.02 19:20:19.746,0.89038,0.8906,1.50,1.00
2015.06.02 19:20:19.998,0.8904,0.8906,1.00,1.00
2015.06.02 19:20:20.502,0.89039,0.8906,1.00,1.00
2015.06.02 19:20:22.512,0.8904,0.8906,1.00,1.00
2015.06.02 19:20:22.614,0.89036,0.89058,1.50,1.00
2015.06.02 19:20:23.504,0.89035,0.89058,1.50,1.00
2015.06.02 19:20:24.175,0.89036,0.89058,1.00,1.00
2015.06.02 19:20:24.902,0.89035,0.89058,1.00,1.00
2015.06.02 19:20:24.953,0.89036,0.89054,1.00,1.00
2015.06.02 19:20:26.988,0.89035,0.89058,1.00,1.00
2015.06.02 19:20:27.139,0.89037,0.89058,1.00,1.00
2015.06.02 19:20:27.190,0.89037,0.8906,1.00,1.00
2015.06.02 19:20:27.241,0.89042,0.89056,1.00,1.00
2015.06.02 19:20:27.342,0.89042,0.89061,1.00,1.00
2015.06.02 19:20:27.975,0.89041,0.89058,1.00,1.00
2015.06.02 19:20:28.127,0.89041,0.89063,1.00,1.00
2015.06.02 19:20:28.228,0.89038,0.89063,1.00,1.00
2015.06.02 19:20:28.732,0.89038,0.89058,1.00,1.00
2015.06.02 19:20:29.037,0.89041,0.89058,1.00,1.00
2015.06.02 19:20:29.088,0.89041,0.89062,1.00,1.00
2015.06.02 19:20:29.346,0.89037,0.89058,1.00,1.00
2015.06.02 19:20:29.649,0.89036,0.89053,1.00,1.00
2015.06.02 19:20:30.003,0.89036,0.89057,1.00,1.00
2015.06.02 19:20:33.817,0.89037,0.8906,1.00,1.50
2015.06.02 19:20:34.477,0.89036,0.89059,1.00,1.00
2015.06.02 19:20:35.011,0.89035,0.8906,1.50,1.50
2015.06.02 19:20:38.540,0.89035,0.89059,1.00,1.00
2015.06.02 19:20:40.117,0.89036,0.89055,1.00,1.00
2015.06.02 19:20:41.143,0.89036,0.89045,1.00,1.00
2015.06.02 19:20:41.245,0.8903,0.89046,1.00,1.00
2015.06.02 19:20:41.346,0.89023,0.89046,1.00,1.00
2015.06.02 19:20:41.598,0.89028,0.89048,1.00,1.00
2015.06.02 19:20:41.764,0.89026,0.89048,1.00,1.00
2015.06.02 19:20:42.053,0.89026,0.89046,1.00,1.00
2015.06.02 19:20:42.597,0.89026,0.89045,1.00,1.00
2015.06.02 19:20:43.080,0.89027,0.8905,1.00,1.00
2015.06.02 19:20:43.182,0.8903,0.89051,1.00,1.00
2015.06.02 19:20:43.491,0.89036,0.89055,1.00,1.00
2015.06.02 19:20:43.973,0.89032,0.89055,1.00,1.00
2015.06.02 19:20:44.124,0.89035,0.89055,1.00,1.00
2015.06.02 19:20:44.604,0.89031,0.89055,1.00,1.37
2015.06.02 19:20:44.655,0.89033,0.89057,1.00,1.87
2015.06.02 19:20:44.706,0.89025,0.89048,1.00,1.00
2015.06.02 19:20:44.756,0.89028,0.89048,1.00,1.00
2015.06.02 19:20:44.807,0.89025,0.89048,1.00,1.00
2015.06.02 19:20:44.908,0.89025,0.89045,1.00,1.00
2015.06.02 19:20:45.296,0.89034,0.89054,1.00,1.00
2015.06.02 19:20:45.448,0.89031,0.89055,1.00,1.00
2015.06.02 19:20:45.606,0.89036,0.89057,1.00,1.00
2015.06.02 19:20:45.708,0.89033,0.89057,1.00,1.00
2015.06.02 19:20:46.060,0.89036,0.89057,1.00,1.00
2015.06.02 19:20:47.382,0.89036,0.89058,1.00,1.00
2015.06.02 19:20:47.483,0.89034,0.89058,1.00,1.00
2015.06.02 19:20:48.645,0.89036,0.89059,1.00,1.00
2015.06.02 19:20:49.274,0.89036,0.89058,1.00,1.00
2015.06.02 19:20:50.005,0.89036,0.89059,1.00,1.00
2015.06.02 19:20:50.150,0.89033,0.89057,1.00,1.12
2015.06.02 19:20:50.201,0.89036,0.89059,1.00,1.37
2015.06.02 19:20:50.403,0.89026,0.89051,1.00,1.50
2015.06.02 19:20:50.454,0.89026,0.89048,1.00,1.00
2015.06.02 19:20:50.555,0.89023,0.89047,1.00,1.00
2015.06.02 19:20:50.956,0.89025,0.89047,1.00,1.00
2015.06.02 19:20:51.007,0.89023,0.89046,1.00,1.00
2015.06.02 19:20:51.209,0.89028,0.89046,1.50,1.00
2015.06.02 19:20:51.260,0.89028,0.89049,1.00,1.00
2015.06.02 19:20:51.462,0.89029,0.89051,1.00,1.00
2015.06.02 19:20:51.756,0.89029,0.89054,1.50,1.00
2015.06.02 19:20:51.807,0.89028,0.8905,1.00,1.50
2015.06.02 19:20:51.858,0.89025,0.8905,1.00,2.25
2015.06.02 19:20:52.362,0.89024,0.89047,1.00,1.00
2015.06.02 19:20:52.741,0.89026,0.89049,1.00,1.00
2015.06.02 19:20:53.061,0.89026,0.89051,1.00,1.50
2015.06.02 19:20:53.215,0.89026,0.89049,1.00,1.00
2015.06.02 19:20:53.537,0.89028,0.89051,1.00,1.00
2015.06.02 19:20:53.741,0.89029,0.89053,1.00,1.00
2015.06.02 19:20:53.792,0.89034,0.89054,1.00,1.00
2015.06.02 19:20:53.893,0.89034,0.89059,1.50,1.50
2015.06.02 19:20:53.944,0.89038,0.89059,1.00,1.00
2015.06.02 19:20:54.735,0.89038,0.89058,1.00,1.00
2015.06.02 19:20:55.330,0.89038,0.89059,1.00,1.50
2015.06.02 19:20:55.381,0.89033,0.89058,1.50,1.00
2015.06.02 19:20:55.583,0.89036,0.89059,1.00,1.50
2015.06.02 19:20:56.097,0.89039,0.89062,1.00,1.00
2015.06.02 19:20:56.400,0.89042,0.89061,1.00,1.00
2015.06.02 19:20:56.451,0.8904,0.89062,1.50,1.00
2015.06.02 19:20:56.502,0.8904,0.89065,1.50,1.50
2015.06.02 19:20:56.606,0.89038,0.89062,1.00,1.00
2015.06.02 19:20:57.089,0.89039,0.89064,1.00,1.00
2015.06.02 19:20:58.702,0.8904,0.89065,1.00,1.00
2015.06.02 19:21:00.603,0.8904,0.89061,1.00,1.00
2015.06.02 19:21:00.856,0.89041,0.89065,1.00,1.00
2015.06.02 19:21:00.907,0.8904,0.89063,1.00,1.00
2015.06.02 19:21:00.957,0.89041,0.89065,1.00,1.00
2015.06.02 19:21:01.503,0.89041,0.89066,1.50,1.50
2015.06.02 19:21:02.205,0.89042,0.89066,1.00,1.00
2015.06.02 19:21:03.624,0.89041,0.89066,1.00,1.50
2015.06.02 19:21:03.726,0.89041,0.89064,1.00,1.00
2015.06.02 19:21:03.827,0.89042,0.89067,1.37,1.50
2015.06.02 19:21:03.878,0.89046,0.89067,1.00,1.00
2015.06.02 19:21:03.929,0.89046,0.89071,1.00,1.12
2015.06.02 19:21:04.124,0.89044,0.89067,1.00,1.50
2015.06.02 19:21:04.429,0.89044,0.89065,1.00,1.00
2015.06.02 19:21:04.480,0.89044,0.89067,1.00,1.12
2015.06.02 19:21:04.733,0.89044,0.89067,1.00,1.37
2015.06.02 19:21:04.835,0.8904,0.89065,1.50,1.00
2015.06.02 19:21:04.885,0.89043,0.89065,1.00,1.00
2015.06.02 19:21:05.236,0.89044,0.89068,1.00,1.87
2015.06.02 19:21:05.820,0.89041,0.89065,1.00,1.37
2015.06.02 19:21:06.084,0.89039,0.89064,1.50,1.87
2015.06.02 19:21:06.607,0.89039,0.89064,1.00,2.62
2015.06.02 19:21:07.301,0.89038,0.89061,1.00,1.00
2015.06.02 19:21:07.806,0.89038,0.89062,1.00,1.50
2015.06.02 19:21:08.146,0.89038,0.8906,1.00,1.00
2015.06.02 19:21:08.247,0.89038,0.89062,1.50,1.00
2015.06.02 19:21:09.569,0.89038,0.8906,1.00,1.00
2015.06.02 19:21:09.620,0.89036,0.8906,1.50,1.00
2015.06.02 19:21:09.721,0.89038,0.89061,1.00,1.00
2015.06.02 19:21:09.989,0.89036,0.8906,1.50,1.00
2015.06.02 19:21:10.288,0.89038,0.89061,1.00,1.00
2015.06.02 19:21:10.389,0.89036,0.8906,1.00,1.00
2015.06.02 19:21:10.541,0.89038,0.89061,1.00,1.00
2015.06.02 19:21:11.045,0.89038,0.8906,1.00,1.00
2015.06.02 19:21:11.982,0.89036,0.8906,1.00,2.25
2015.06.02 19:21:14.452,0.89036,0.8906,1.00,2.62
2015.06.02 19:21:14.967,0.89036,0.89059,1.00,1.87
2015.06.02 19:21:15.509,0.89036,0.89058,1.00,1.00
2015.06.02 19:21:16.024,0.89036,0.89059,1.00,2.62
2015.06.02 19:21:16.539,0.89035,0.89059,1.00,1.87
2015.06.02 19:21:17.539,0.89035,0.89058,1.00,1.00
2015.06.02 19:21:18.225,0.89035,0.89059,1.00,1.87
2015.06.02 19:21:18.776,0.89035,0.89059,1.00,1.87
2015.06.02 19:21:20.639,0.89035,0.89056,1.00,1.00
2015.06.02 19:21:22.428,0.89035,0.89055,1.00,1.00
2015.06.02 19:21:23.088,0.89035,0.89057,1.00,1.00
2015.06.02 19:21:23.426,0.89035,0.89055,1.00,1.00
2015.06.02 19:21:24.345,0.89035,0.89057,1.00,1.00
2015.06.02 19:21:32.159,0.89035,0.89055,1.00,1.00
2015.06.02 19:21:32.677,0.89035,0.89058,1.00,1.50
2015.06.02 19:21:33.209,0.89035,0.89056,1.00,1.00
2015.06.02 19:21:35.959,0.89035,0.89058,1.00,1.50
2015.06.02 19:21:36.412,0.89036,0.89056,1.00,1.00
2015.06.02 19:21:36.664,0.89036,0.89059,1.00,2.62
2015.06.02 19:21:36.967,0.89038,0.8906,1.00,1.00
2015.06.02 19:21:37.406,0.89041,0.8906,1.00,1.00
2015.06.02 19:21:40.028,0.89041,0.89065,1.00,1.50
2015.06.02 19:21:40.160,0.89043,0.89065,1.00,1.37
2015.06.02 19:21:40.211,0.89043,0.89065,1.00,1.12
2015.06.02 19:21:40.262,0.89046,0.89065,1.00,1.12
2015.06.02 19:21:41.092,0.89047,0.89065,1.00,1.00
2015.06.02 19:21:41.143,0.89047,0.89071,1.00,1.37
2015.06.02 19:21:41.194,0.89051,0.89072,1.00,1.37
2015.06.02 19:21:41.245,0.89051,0.89072,1.00,1.12
2015.06.02 19:21:41.577,0.89051,0.89075,1.00,1.37
2015.06.02 19:21:42.101,0.89052,0.89075,1.00,1.37
2015.06.02 19:21:42.152,0.89054,0.89075,1.00,1.37
2015.06.02 19:21:42.946,0.89054,0.89075,1.00,1.00
2015.06.02 19:21:46.921,0.89058,0.89075,1.00,1.12
2015.06.02 19:21:49.332,0.89058,0.89075,1.00,1.37
2015.06.02 19:21:49.429,0.89052,0.89075,1.00,1.37
2015.06.02 19:21:49.632,0.89052,0.89075,1.00,1.87
2015.06.02 19:21:50.143,0.89052,0.89072,1.00,1.37
2015.06.02 19:21:50.194,0.89047,0.89071,1.00,1.37
2015.06.02 19:21:50.446,0.89045,0.89067,1.00,1.37
2015.06.02 19:21:50.598,0.89042,0.89067,1.50,1.37
2015.06.02 19:21:55.420,0.89044,0.89067,1.00,1.37
2015.06.02 19:21:56.092,0.89044,0.89069,1.00,1.87
2015.06.02 19:21:57.059,0.89048,0.89069,1.00,1.37
2015.06.02 19:22:00.370,0.89048,0.8907,1.00,1.12
2015.06.02 19:22:00.939,0.89052,0.8907,1.00,1.12
2015.06.02 19:22:01.230,0.89049,0.8907,1.00,1.12
2015.06.02 19:22:04.686,0.89049,0.8907,1.00,1.37
2015.06.02 19:22:10.049,0.89049,0.8907,1.00,1.37
2015.06.02 19:22:11.478,0.89049,0.8907,1.00,1.37
2015.06.02 19:22:11.778,0.89049,0.89073,1.00,1.87
2015.06.02 19:22:11.879,0.89049,0.89073,1.00,1.87
2015.06.02 19:22:12.198,0.89042,0.89066,1.50,1.00
2015.06.02 19:22:12.299,0.8904,0.89064,1.00,1.00
2015.06.02 19:22:12.617,0.89042,0.89062,1.00,1.00
2015.06.02 19:22:13.030,0.89039,0.89062,1.00,1.00
2015.06.02 19:22:16.746,0.89039,0.89063,1.00,1.00
2015.06.02 19:22:16.797,0.89041,0.89063,1.00,1.00
2015.06.02 19:22:17.100,0.89044,0.89069,1.50,1.37
2015.06.02 19:22:17.648,0.89044,0.89068,1.00,1.37
2015.06.02 19:22:23.725,0.89042,0.89064,1.00,1.37
2015.06.02 19:22:23.826,0.8904,0.89064,1.00,1.37
2015.06.02 19:22:36.058,0.8904,0.89063,1.00,1.50
2015.06.02 19:22:41.965,0.8904,0.89065,1.00,2.25
2015.06.02 19:22:43.586,0.8904,0.89063,1.00,1.00
2015.06.02 19:22:44.569,0.8904,0.89064,1.00,1.00
2015.06.02 19:22:45.144,0.8904,0.89065,1.00,2.25
2015.06.02 19:22:49.776,0.8904,0.89064,1.00,1.00
2015.06.02 19:23:00.545,0.8904,0.89064,1.00,1.37
2015.06.02 19:23:02.038,0.8904,0.89061,1.00,1.00
2015.06.02 19:23:02.240,0.89036,0.89061,1.50,1.50
2015.06.02 19:23:02.291,0.89038,0.89061,1.00,1.00
2015.06.02 19:23:02.443,0.89038,0.89063,1.50,1.50
2015.06.02 19:23:03.050,0.89038,0.89062,1.00,1.00
2015.06.02 19:23:05.956,0.89037,0.89061,1.00,1.00
2015.06.02 19:23:09.818,0.89036,0.8906,1.50,1.00
2015.06.02 19:23:15.751,0.89036,0.89058,1.00,1.00
2015.06.02 19:23:16.060,0.89036,0.89056,1.00,1.00
2015.06.02 19:23:27.611,0.89036,0.89056,1.00,1.37
2015.06.02 19:23:27.914,0.89036,0.8905,1.00,1.50
2015.06.02 19:23:28.088,0.89029,0.89049,1.00,1.00
2015.06.02 19:23:28.637,0.89029,0.8905,1.00,2.25
2015.06.02 19:23:30.288,0.89029,0.89051,1.00,1.00
2015.06.02 19:23:30.841,0.89029,0.8905,1.00,1.00
2015.06.02 19:23:32.172,0.89029,0.89052,1.00,1.00
2015.06.02 19:23:32.223,0.89032,0.89053,1.00,1.00
2015.06.02 19:23:32.274,0.89032,0.89058,1.50,1.50
2015.06.02 19:23:32.656,0.89034,0.89058,1.00,1.00
2015.06.02 19:23:32.757,0.89035,0.8906,1.00,1.00
2015.06.02 19:23:32.958,0.89038,0.8906,1.00,1.00
2015.06.02 19:23:33.577,0.89035,0.89056,1.00,1.00
2015.06.02 19:23:33.780,0.89033,0.89055,1.00,1.00
2015.06.02 19:23:33.932,0.89031,0.89053,1.00,1.00
2015.06.02 19:23:34.441,0.8903,0.89052,1.00,1.00
2015.06.02 19:23:34.986,0.89031,0.89053,1.00,1.00
2015.06.02 19:23:37.485,0.8903,0.89053,1.00,1.00
2015.06.02 19:23:39.677,0.89031,0.89053,1.00,1.00
2015.06.02 19:23:42.455,0.8903,0.89053,1.50,1.00
2015.06.02 19:23:44.736,0.89029,0.89052,1.00,1.00
2015.06.02 19:23:44.883,0.89027,0.89052,1.50,1.50
2015.06.02 19:23:45.661,0.89027,0.89051,1.00,1.00
2015.06.02 19:23:45.964,0.89027,0.89048,1.00,1.00
2015.06.02 19:23:46.616,0.89026,0.89048,1.00,1.50
2015.06.02 19:23:47.748,0.89028,0.89049,1.00,1.00
2015.06.02 19:23:49.955,0.89026,0.89048,1.00,1.00
2015.06.02 19:23:51.011,0.89027,0.89051,1.37,1.00
2015.06.02 19:23:51.061,0.89031,0.89052,1.00,1.50
2015.06.02 19:23:51.112,0.89031,0.89055,1.00,2.25
2015.06.02 19:23:53.975,0.89031,0.89054,1.00,1.00
2015.06.02 19:23:57.763,0.89036,0.89054,1.00,1.00
2015.06.02 19:23:58.276,0.89036,0.89055,1.00,1.00
2015.06.02 19:24:03.145,0.89037,0.89055,1.00,1.00
2015.06.02 19:24:03.196,0.89038,0.8906,1.00,1.00
2015.06.02 19:24:03.247,0.89044,0.89063,1.50,1.00
2015.06.02 19:24:03.298,0.89045,0.89069,1.00,1.00
2015.06.02 19:24:05.816,0.89044,0.89068,1.00,1.00
2015.06.02 19:24:06.358,0.89044,0.89069,1.00,1.00
2015.06.02 19:24:07.899,0.89044,0.89068,1.00,1.00
2015.06.02 19:24:08.408,0.89044,0.89069,1.50,2.25
2015.06.02 19:24:11.717,0.89044,0.89067,1.00,1.00
2015.06.02 19:24:12.020,0.89042,0.89065,1.50,1.00
2015.06.02 19:24:12.323,0.89037,0.8906,1.00,1.00
2015.06.02 19:24:12.768,0.89038,0.89063,1.00,1.00
2015.06.02 19:24:12.819,0.89042,0.89064,1.00,1.00
2015.06.02 19:24:13.324,0.89041,0.89064,1.00,1.00
2015.06.02 19:24:13.806,0.89043,0.89064,1.00,1.00
2015.06.02 19:24:13.970,0.89043,0.89068,1.50,1.00
2015.06.02 19:24:14.072,0.89043,0.89064,1.00,1.00
2015.06.02 19:24:14.173,0.89046,0.89069,1.00,1.00
2015.06.02 19:24:14.288,0.89048,0.89069,1.00,1.00
2015.06.02 19:24:17.117,0.89045,0.89067,1.00,1.00
2015.06.02 19:24:17.645,0.89041,0.89066,1.00,1.00
2015.06.02 19:24:17.746,0.89043,0.89068,1.00,1.00
2015.06.02 19:24:18.204,0.89047,0.89068,1.00,1.00
2015.06.02 19:24:19.573,0.89047,0.8907,1.00,1.00
2015.06.02 19:24:23.589,0.89047,0.89072,1.00,1.87
2015.06.02 19:24:23.741,0.89047,0.8907,1.00,1.00
2015.06.02 19:24:24.411,0.89047,0.89071,1.00,1.12
2015.06.02 19:24:24.955,0.89047,0.8907,1.00,1.00
2015.06.02 19:24:28.599,0.89047,0.89072,1.00,1.87
2015.06.02 19:24:29.283,0.89047,0.8907,1.00,1.00
2015.06.02 19:24:29.905,0.89047,0.89072,1.00,1.87
2015.06.02 19:24:33.319,0.89047,0.89072,1.00,1.50
2015.06.02 19:24:47.180,0.89047,0.89072,1.00,1.87
2015.06.02 19:24:47.483,0.89047,0.89068,1.00,1.00
2015.06.02 19:24:47.586,0.89043,0.89068,1.37,1.00
2015.06.02 19:24:53.104,0.89046,0.89068,1.00,1.00
2015.06.02 19:24:56.666,0.89046,0.89069,1.00,1.00
2015.06.02 19:25:04.165,0.89046,0.89071,1.00,1.12
2015.06.02 19:25:04.690,0.89046,0.8907,1.00,1.00
2015.06.02 19:25:05.467,0.89046,0.89071,1.50,1.12
2015.06.02 19:25:08.387,0.89046,0.89071,1.50,1.37
2015.06.02 19:25:10.098,0.89046,0.89071,1.00,1.00
2015.06.02 19:25:10.148,0.89048,0.89072,1.00,1.50
2015.06.02 19:25:10.749,0.89054,0.89073,1.00,1.37
2015.06.02 19:25:11.019,0.89054,0.89073,1.00,1.00
2015.06.02 19:25:11.271,0.89051,0.89074,1.00,1.37
2015.06.02 19:25:11.322,0.89049,0.89074,1.50,1.87
2015.06.02 19:25:11.524,0.89051,0.89074,1.00,1.37
2015.06.02 19:25:11.836,0.89051,0.89074,1.00,1.37
2015.06.02 19:25:11.937,0.89051,0.89073,1.00,1.00
2015.06.02 19:25:12.189,0.89051,0.89076,1.00,1.87
2015.06.02 19:25:12.826,0.89051,0.89076,1.00,1.87
2015.06.02 19:25:13.126,0.89053,0.89077,1.00,1.12
2015.06.02 19:25:13.177,0.89051,0.89075,1.00,1.50
2015.06.02 19:25:13.682,0.89055,0.89077,1.00,1.37
2015.06.02 19:25:13.984,0.89055,0.89075,1.00,1.37
2015.06.02 19:25:14.502,0.89054,0.89077,1.00,1.37
2015.06.02 19:25:14.654,0.89054,0.89077,1.00,1.00
2015.06.02 19:25:14.858,0.89054,0.89077,1.00,1.37
2015.06.02 19:25:15.010,0.89051,0.89073,1.00,1.37
2015.06.02 19:25:15.111,0.89052,0.89074,1.00,1.87
2015.06.02 19:25:16.021,0.89052,0.89076,1.00,1.00
2015.06.02 19:25:16.223,0.89052,0.89077,1.00,2.62
2015.06.02 19:25:16.324,0.89052,0.89077,1.00,2.25
2015.06.02 19:25:16.425,0.89052,0.89077,1.00,2.62
2015.06.02 19:25:17.507,0.89051,0.89076,1.00,1.87
2015.06.02 19:25:17.687,0.89048,0.89073,1.50,1.50
2015.06.02 19:25:17.816,0.89048,0.89073,1.50,1.87
2015.06.02 19:25:18.118,0.89048,0.89073,1.50,1.87
2015.06.02 19:25:18.662,0.89048,0.89073,1.50,1.37
2015.06.02 19:25:19.206,0.89048,0.89073,1.50,1.87
2015.06.02 19:25:19.732,0.89048,0.89073,1.50,1.87
2015.06.02 19:25:21.248,0.89048,0.89073,1.50,1.87
2015.06.02 19:25:22.712,0.89048,0.89073,1.50,1.50
2015.06.02 19:25:23.038,0.89052,0.89075,1.50,1.00
2015.06.02 19:25:23.728,0.89053,0.89075,1.00,1.00
2015.06.02 19:25:24.254,0.89053,0.89078,1.00,2.62
2015.06.02 19:25:25.255,0.89053,0.89078,1.00,2.62
2015.06.02 19:25:25.858,0.89053,0.89075,1.00,1.37
2015.06.02 19:25:26.060,0.89053,0.89075,1.00,1.00
2015.06.02 19:25:26.607,0.89053,0.89077,1.00,1.37
2015.06.02 19:25:27.061,0.89053,0.89076,1.00,1.37
2015.06.02 19:25:27.163,0.89053,0.89075,1.00,1.12
2015.06.02 19:25:27.869,0.89053,0.89075,1.00,1.37
2015.06.02 19:25:28.163,0.89051,0.89076,1.00,1.87
2015.06.02 19:25:28.668,0.89051,0.89073,1.00,1.12
2015.06.02 19:25:28.971,0.89054,0.89076,1.00,1.37
2015.06.02 19:25:29.173,0.89051,0.89075,1.00,1.37
2015.06.02 19:25:29.274,0.89051,0.89075,1.00,1.37
2015.06.02 19:25:29.375,0.89051,0.89075,1.00,1.00
2015.06.02 19:25:29.426,0.89054,0.89075,1.00,1.00
2015.06.02 19:25:29.716,0.89049,0.89074,1.00,1.00
2015.06.02 19:25:29.968,0.89053,0.89073,1.00,1.00
2015.06.02 19:25:30.070,0.89053,0.89075,1.00,2.25
2015.06.02 19:25:30.876,0.89053,0.89078,1.00,1.87
2015.06.02 19:25:30.977,0.89053,0.89076,1.00,1.00
2015.06.02 19:25:31.489,0.89053,0.89077,1.00,1.50
2015.06.02 19:25:32.083,0.89053,0.89075,1.00,1.00
2015.06.02 19:25:32.451,0.89053,0.89077,1.00,1.00
2015.06.02 19:25:32.653,0.89053,0.89076,1.00,1.37
2015.06.02 19:25:32.755,0.8905,0.89075,1.50,1.12
2015.06.02 19:25:32.906,0.89054,0.89076,1.00,1.00
2015.06.02 19:25:33.688,0.89054,0.89076,1.00,1.37
2015.06.02 19:25:33.890,0.89054,0.89076,1.00,1.00
2015.06.02 19:25:35.595,0.89054,0.89078,1.00,1.87
2015.06.02 19:25:36.502,0.89054,0.89076,1.00,1.00
2015.06.02 19:25:37.160,0.89054,0.89076,1.00,1.37
2015.06.02 19:25:37.695,0.89054,0.89076,1.00,1.00
2015.06.02 19:25:38.204,0.89054,0.89076,1.00,1.37
2015.06.02 19:25:49.393,0.8905,0.89075,1.50,1.87
2015.06.02 19:25:49.994,0.8905,0.89074,1.00,1.37
2015.06.02 19:25:50.146,0.8905,0.89075,1.00,2.62
2015.06.02 19:25:50.406,0.89052,0.89075,1.00,1.87
2015.06.02 19:25:50.615,0.89052,0.89077,1.50,1.50
2015.06.02 19:25:50.716,0.89052,0.89077,1.50,1.87
2015.06.02 19:25:54.475,0.89048,0.89073,1.87,1.50
2015.06.02 19:25:56.185,0.89054,0.89073,1.00,1.00
2015.06.02 19:25:56.236,0.89051,0.89073,1.00,1.00
2015.06.02 19:25:56.388,0.89051,0.89075,1.00,1.12
2015.06.02 19:25:57.147,0.89052,0.89076,1.00,1.37
2015.06.02 19:25:57.690,0.89051,0.89073,1.00,1.12
2015.06.02 19:25:58.040,0.89054,0.89075,1.00,1.37
2015.06.02 19:25:58.442,0.89054,0.89075,1.00,1.12
2015.06.02 19:25:59.058,0.89057,0.89077,1.00,1.00
2015.06.02 19:25:59.281,0.89057,0.89082,1.50,1.50
2015.06.02 19:25:59.433,0.89059,0.89082,1.00,1.00
2015.06.02 19:25:59.884,0.89062,0.89085,1.50,1.00
2015.06.02 19:26:00.198,0.89062,0.89083,1.00,1.00
2015.06.02 19:26:00.697,0.8906,0.89083,1.00,1.00
2015.06.02 19:26:00.748,0.8906,0.8908,1.00,1.00
2015.06.02 19:26:00.900,0.89056,0.8908,1.00,1.00
2015.06.02 19:26:01.001,0.8906,0.89083,1.00,1.00
2015.06.02 19:26:01.253,0.89064,0.89089,1.00,1.00
2015.06.02 19:26:01.415,0.89064,0.89089,1.00,1.37
2015.06.02 19:26:01.618,0.89061,0.89085,1.00,1.00
2015.06.02 19:26:02.210,0.8906,0.89085,1.50,1.50
2015.06.02 19:26:02.510,0.8906,0.89083,1.00,1.00
2015.06.02 19:26:07.619,0.8906,0.89082,1.00,1.00
2015.06.02 19:26:08.395,0.89058,0.89081,1.00,1.00
2015.06.02 19:26:08.577,0.89059,0.89083,1.00,1.00
2015.06.02 19:26:09.230,0.89057,0.8908,1.00,1.00
2015.06.02 19:26:09.281,0.89057,0.89082,1.50,1.50
2015.06.02 19:26:16.567,0.89057,0.89082,1.00,1.37
2015.06.02 19:26:16.668,0.89057,0.89082,1.00,1.12
2015.06.02 19:26:18.617,0.89057,0.89079,1.00,1.00
2015.06.02 19:26:18.921,0.89055,0.89077,1.00,1.00
2015.06.02 19:26:18.972,0.89052,0.89077,1.50,1.50
2015.06.02 19:26:19.481,0.89052,0.89074,1.00,1.00
2015.06.02 19:26:19.583,0.89052,0.89077,1.12,1.00
2015.06.02 19:26:19.684,0.89056,0.8908,1.00,1.00
2015.06.02 19:26:19.993,0.89054,0.89078,1.50,1.00
2015.06.02 19:26:20.094,0.89056,0.89081,1.00,2.25
2015.06.02 19:26:20.239,0.89054,0.89077,1.00,1.00
2015.06.02 19:26:20.474,0.89052,0.89077,2.25,1.00
2015.06.02 19:26:21.011,0.89053,0.89077,1.00,1.00
2015.06.02 19:26:21.859,0.89054,0.89077,1.00,1.00
2015.06.02 19:26:25.219,0.89056,0.89081,1.00,1.50
2015.06.02 19:26:25.635,0.89054,0.89079,1.00,1.00
2015.06.02 19:26:25.940,0.89057,0.89081,1.00,1.50
2015.06.02 19:26:26.679,0.89056,0.89081,2.25,1.50
2015.06.02 19:26:27.997,0.89057,0.89081,1.00,1.50
2015.06.02 19:26:28.575,0.89056,0.89081,1.50,1.50
2015.06.02 19:26:32.096,0.89055,0.89077,1.00,1.12
2015.06.02 19:26:32.147,0.89052,0.89077,2.25,1.12
2015.06.02 19:26:32.391,0.89052,0.89075,1.00,1.12
2015.06.02 19:26:33.234,0.89054,0.89076,1.00,1.00
2015.06.02 19:26:33.537,0.89056,0.89077,1.00,1.00
2015.06.02 19:26:34.133,0.89056,0.89081,1.50,1.00
2015.06.02 19:26:37.330,0.89056,0.8908,1.00,1.50
2015.06.02 19:26:40.538,0.89056,0.89079,1.00,1.00
2015.06.02 19:26:41.125,0.89056,0.8908,1.00,1.00
2015.06.02 19:26:41.227,0.89056,0.89078,1.00,1.00
2015.06.02 19:26:41.558,0.89055,0.8908,1.50,1.00
2015.06.02 19:26:43.771,0.89055,0.89079,1.00,1.00
2015.06.02 19:26:48.380,0.89055,0.89078,1.00,1.00
2015.06.02 19:26:48.904,0.89055,0.89077,1.00,1.00
2015.06.02 19:26:49.641,0.89056,0.89077,1.00,1.00
2015.06.02 19:26:49.742,0.89056,0.89074,1.00,1.37
2015.06.02 19:26:50.045,0.89056,0.8907,1.00,1.00
2015.06.02 19:26:50.555,0.89056,0.89071,1.00,1.50
2015.06.02 19:26:51.171,0.89056,0.89074,1.00,1.00
2015.06.02 19:26:56.205,0.89056,0.89073,1.00,1.00
2015.06.02 19:26:56.830,0.89056,0.89074,1.00,1.00
2015.06.02 19:27:01.108,0.89056,0.89073,1.00,1.00
2015.06.02 19:27:01.610,0.89056,0.89072,1.00,1.12
2015.06.02 19:27:14.802,0.89056,0.89069,1.00,1.00
2015.06.02 19:27:15.324,0.89056,0.8907,1.00,2.25
2015.06.02 19:27:20.753,0.89055,0.89071,1.00,1.00
2015.06.02 19:27:20.854,0.89056,0.89075,1.00,2.25
2015.06.02 19:27:21.056,0.89057,0.89077,1.00,1.00
2015.06.02 19:27:21.158,0.89057,0.8908,1.00,1.00
2015.06.02 19:27:21.361,0.89057,0.89082,1.50,1.50
2015.06.02 19:27:21.412,0.8906,0.89082,1.00,1.00
2015.06.02 19:27:21.563,0.89056,0.89081,1.50,1.00
2015.06.02 19:27:21.765,0.89056,0.89078,1.00,1.00
2015.06.02 19:27:22.063,0.89056,0.8908,1.00,1.00
2015.06.02 19:27:22.164,0.89056,0.89078,1.00,1.00
2015.06.02 19:27:24.152,0.89056,0.89076,1.00,1.00
2015.06.02 19:27:24.455,0.89056,0.89072,1.00,1.00
2015.06.02 19:27:25.525,0.89056,0.89071,1.00,1.00
2015.06.02 19:27:26.026,0.89056,0.8907,1.00,1.00
2015.06.02 19:27:36.955,0.89056,0.89067,1.00,1.00
2015.06.02 19:27:37.208,0.89041,0.89063,1.00,1.00
2015.06.02 19:27:37.309,0.89038,0.89063,1.87,1.00
2015.06.02 19:27:37.359,0.89042,0.89061,1.00,1.00
2015.06.02 19:27:37.511,0.89036,0.89061,1.87,1.50
2015.06.02 19:27:37.612,0.89036,0.89061,1.87,1.50
2015.06.02 19:27:38.483,0.89038,0.89061,1.00,1.00
2015.06.02 19:27:39.024,0.89042,0.89062,1.00,1.00
2015.06.02 19:27:39.431,0.89038,0.89062,1.50,1.00
2015.06.02 19:27:41.996,0.89038,0.89063,1.00,2.25
2015.06.02 19:27:45.736,0.89041,0.89063,1.00,2.25
2015.06.02 19:27:47.039,0.89037,0.89063,1.12,1.50
2015.06.02 19:28:00.269,0.89037,0.89063,1.37,1.50
2015.06.02 19:28:00.487,0.89036,0.8906,1.50,1.00
2015.06.02 19:28:01.008,0.89037,0.89061,1.50,1.00
2015.06.02 19:28:01.310,0.89041,0.89061,1.00,1.00
2015.06.02 19:28:05.405,0.89037,0.89061,1.87,1.00
2015.06.02 19:28:08.803,0.89037,0.89061,1.87,1.00
2015.06.02 19:28:08.854,0.89042,0.89061,1.00,1.00
2015.06.02 19:28:08.955,0.89038,0.89061,1.00,1.00
2015.06.02 19:28:10.156,0.89041,0.89061,1.00,1.00
2015.06.02 19:28:10.258,0.89038,0.89061,1.00,1.00
2015.06.02 19:28:13.895,0.89041,0.89061,1.00,1.00
2015.06.02 19:28:14.820,0.89041,0.89062,1.00,1.00
2015.06.02 19:28:14.921,0.89041,0.89064,1.00,1.00
2015.06.02 19:28:18.134,0.89041,0.89063,1.00,1.00
2015.06.02 19:28:18.832,0.89041,0.89064,1.00,1.00
2015.06.02 19:28:19.639,0.89039,0.89063,1.12,1.50
2015.06.02 19:28:26.442,0.89041,0.89063,1.00,1.00
2015.06.02 19:28:26.645,0.89039,0.89063,1.50,1.00
2015.06.02 19:28:27.435,0.89039,0.89058,1.50,1.00
2015.06.02 19:28:27.586,0.89033,0.89057,1.00,1.00
2015.06.02 19:28:28.091,0.89033,0.89058,1.00,1.50
2015.06.02 19:28:28.341,0.89038,0.89058,1.00,1.00
2015.06.02 19:28:28.442,0.89039,0.89061,1.00,1.00
2015.06.02 19:28:28.493,0.89039,0.89063,1.00,1.00
2015.06.02 19:28:28.645,0.89041,0.89066,1.00,1.50
2015.06.02 19:28:28.696,0.8904,0.89064,1.00,1.00
2015.06.02 19:28:28.853,0.8904,0.89066,1.50,1.00
2015.06.02 19:28:29.547,0.89042,0.89067,1.00,1.50
2015.06.02 19:28:29.932,0.89044,0.89068,1.00,1.00
2015.06.02 19:28:31.160,0.89042,0.89066,1.00,1.00
2015.06.02 19:28:31.786,0.89041,0.89066,1.50,1.00
2015.06.02 19:28:32.124,0.89044,0.89068,1.00,1.00
2015.06.02 19:28:32.682,0.89044,0.89069,1.00,2.25
2015.06.02 19:28:33.739,0.89042,0.89065,1.50,1.00
2015.06.02 19:28:33.789,0.89043,0.89069,1.00,1.50
2015.06.02 19:28:33.991,0.89047,0.8907,1.00,1.50
2015.06.02 19:28:34.143,0.8905,0.89074,1.00,1.00
2015.06.02 19:28:34.446,0.89052,0.89074,1.00,1.00
2015.06.02 19:28:34.496,0.89052,0.89077,1.50,1.00
2015.06.02 19:28:35.000,0.89053,0.89077,1.00,1.00
2015.06.02 19:28:35.547,0.89052,0.89077,1.00,1.00
2015.06.02 19:28:36.489,0.89053,0.89077,1.00,1.00
2015.06.02 19:28:39.407,0.89052,0.89077,1.50,1.50
2015.06.02 19:28:39.662,0.89055,0.89076,1.00,1.00
2015.06.02 19:28:39.763,0.89049,0.89071,1.00,1.00
2015.06.02 19:28:40.357,0.89049,0.89072,1.00,1.00
2015.06.02 19:28:41.063,0.89049,0.89071,1.00,1.00
2015.06.02 19:28:49.875,0.89049,0.89072,1.00,1.50
2015.06.02 19:29:00.489,0.89049,0.89073,1.50,1.00
2015.06.02 19:29:01.221,0.89049,0.89074,1.50,1.87
2015.06.02 19:29:02.943,0.89052,0.89074,1.00,1.12
2015.06.02 19:29:03.094,0.89055,0.89079,1.00,1.00
2015.06.02 19:29:03.296,0.89058,0.89082,1.00,1.00
2015.06.02 19:29:03.913,0.89058,0.89081,1.00,1.00
2015.06.02 19:29:04.466,0.89058,0.89082,1.00,1.50
2015.06.02 19:29:05.320,0.89058,0.89079,1.00,1.00
2015.06.02 19:29:05.930,0.89058,0.89078,1.00,1.00
2015.06.02 19:29:06.072,0.89053,0.89078,1.50,1.50
2015.06.02 19:29:06.385,0.89056,0.89078,1.00,1.00
2015.06.02 19:29:10.010,0.89056,0.89079,1.00,1.50
2015.06.02 19:29:13.011,0.89056,0.8908,1.50,1.00
2015.06.02 19:29:13.163,0.89058,0.89084,1.00,1.87
2015.06.02 19:29:17.004,0.89058,0.89084,1.00,1.87
2015.06.02 19:29:18.177,0.89056,0.89081,1.00,1.00
2015.06.02 19:29:18.228,0.89056,0.89079,1.00,1.00
2015.06.02 19:29:18.556,0.89057,0.89075,1.00,1.00
2015.06.02 19:29:18.704,0.8905,0.89075,1.50,1.50
2015.06.02 19:29:36.675,0.89051,0.89075,1.00,1.00
2015.06.02 19:29:36.776,0.89053,0.89077,1.00,1.00
2015.06.02 19:29:38.670,0.89056,0.89077,1.00,1.00
2015.06.02 19:29:38.771,0.89053,0.89077,1.00,1.00
2015.06.02 19:29:39.446,0.89053,0.8907,1.00,1.00
2015.06.02 19:29:39.498,0.89051,0.8907,1.00,1.00
2015.06.02 19:29:39.599,0.89046,0.8907,1.00,1.00
2015.06.02 19:29:39.751,0.89044,0.89069,2.25,1.00
2015.06.02 19:29:39.801,0.89047,0.8907,1.00,1.12
2015.06.02 19:29:40.104,0.89044,0.89067,1.00,1.00
2015.06.02 19:29:40.467,0.89042,0.89066,1.00,1.00
2015.06.02 19:29:40.972,0.89039,0.89064,1.50,1.00
2015.06.02 19:29:42.063,0.89039,0.89063,1.00,1.00
2015.06.02 19:29:42.594,0.89039,0.89062,1.00,1.00
2015.06.02 19:29:43.672,0.89039,0.89061,1.00,1.00
2015.06.02 19:29:44.200,0.89039,0.89062,1.00,1.00
2015.06.02 19:29:46.854,0.89039,0.89061,1.00,1.00
2015.06.02 19:29:51.780,0.89042,0.89061,1.00,1.00
2015.06.02 19:29:51.881,0.89037,0.89061,1.50,1.00
2015.06.02 19:29:51.984,0.89037,0.89059,1.00,1.00
2015.06.02 19:29:52.085,0.89037,0.89061,1.00,1.50
2015.06.02 19:29:52.136,0.89034,0.89059,2.25,1.00
2015.06.02 19:29:53.204,0.89034,0.89058,1.00,1.00
2015.06.02 19:29:53.717,0.89031,0.89055,1.00,1.00
2015.06.02 19:29:54.222,0.89032,0.89055,1.00,1.00
2015.06.02 19:29:54.356,0.89032,0.89058,1.50,1.00
2015.06.02 19:29:54.576,0.89035,0.89059,1.00,1.50
2015.06.02 19:29:54.929,0.89032,0.89058,1.50,1.00
2015.06.02 19:29:57.219,0.89038,0.89058,1.00,1.00
2015.06.02 19:29:57.573,0.89032,0.89057,1.50,1.00
2015.06.02 19:29:58.489,0.89034,0.89057,1.00,1.00
2015.06.02 19:30:00.433,0.89034,0.89059,1.50,1.50
2015.06.02 19:30:00.483,0.89037,0.89059,1.00,1.00
2015.06.02 19:30:00.997,0.89038,0.89059,1.00,1.00
2015.06.02 19:30:03.082,0.89039,0.89059,1.00,1.00
2015.06.02 19:30:03.709,0.89036,0.89059,1.00,1.00
2015.06.02 19:30:04.807,0.89037,0.89059,1.00,1.00
2015.06.02 19:30:04.857,0.89042,0.89063,1.00,1.00
2015.06.02 19:30:04.908,0.89042,0.89066,1.00,1.00
2015.06.02 19:30:05.166,0.89046,0.89067,1.00,1.00
2015.06.02 19:30:05.320,0.89046,0.89071,1.50,1.50
2015.06.02 19:30:12.453,0.8905,0.89071,1.00,1.00
2015.06.02 19:30:14.342,0.89047,0.89071,1.00,1.00
2015.06.02 19:30:15.335,0.89048,0.89073,1.50,1.50
2015.06.02 19:30:15.386,0.89048,0.8907,1.00,1.00
2015.06.02 19:30:15.689,0.89055,0.89075,1.00,1.00
2015.06.02 19:30:16.200,0.89054,0.89075,1.00,1.00
2015.06.02 19:30:16.736,0.89052,0.89077,1.00,1.50
2015.06.02 19:30:16.838,0.89051,0.89073,1.00,1.00
2015.06.02 19:30:18.051,0.89054,0.89073,1.00,1.00
2015.06.02 19:30:19.949,0.89055,0.89077,1.00,1.00
2015.06.02 19:30:20.272,0.89057,0.8908,1.00,1.00
2015.06.02 19:30:20.374,0.89062,0.89083,1.00,1.00
2015.06.02 19:30:22.033,0.89063,0.89083,1.00,1.00
2015.06.02 19:30:22.535,0.89065,0.89083,1.00,1.00
2015.06.02 19:30:24.064,0.89062,0.89083,1.00,1.00
2015.06.02 19:30:29.147,0.89063,0.89083,1.00,1.00
2015.06.02 19:30:29.472,0.89063,0.89087,1.00,1.00
2015.06.02 19:30:30.097,0.89064,0.89087,1.00,1.00
2015.06.02 19:30:32.669,0.89062,0.89081,1.00,1.12
2015.06.02 19:30:32.720,0.8906,0.89081,1.00,1.12
2015.06.02 19:30:32.821,0.89058,0.89077,1.00,1.00
2015.06.02 19:30:33.089,0.89058,0.89081,1.00,1.00
2015.06.02 19:30:33.139,0.8906,0.89083,1.37,1.00
2015.06.02 19:30:33.444,0.89064,0.89085,1.00,1.00
2015.06.02 19:30:34.017,0.89064,0.89086,1.00,1.00
2015.06.02 19:30:34.191,0.89062,0.89086,1.00,1.00
2015.06.02 19:30:34.549,0.89061,0.89086,2.25,1.75
2015.06.02 19:30:34.600,0.89058,0.89083,1.00,1.37
2015.06.02 19:30:34.852,0.89056,0.8908,1.00,1.00
2015.06.02 19:30:34.903,0.89058,0.89081,1.00,1.00
2015.06.02 19:30:35.413,0.89059,0.89081,1.50,1.00
2015.06.02 19:30:44.590,0.89061,0.89086,1.00,1.00
2015.06.02 19:30:44.692,0.89063,0.89086,1.00,1.00
2015.06.02 19:30:45.040,0.89065,0.8909,1.50,1.87
2015.06.02 19:30:45.343,0.89065,0.89086,1.00,1.00
2015.06.02 19:30:45.845,0.89065,0.8909,1.50,1.87
2015.06.02 19:30:47.243,0.89064,0.89088,1.00,1.12
2015.06.02 19:31:00.830,0.89064,0.8909,1.50,1.87
2015.06.02 19:31:00.982,0.89062,0.89087,1.00,1.00
2015.06.02 19:31:01.830,0.89063,0.89088,1.00,1.87
2015.06.02 19:31:02.371,0.89063,0.89088,1.00,1.37
2015.06.02 19:31:04.125,0.89066,0.89088,1.00,1.37
2015.06.02 19:31:09.542,0.89069,0.8909,1.00,1.37
2015.06.02 19:31:10.470,0.89069,0.8909,1.00,1.37
2015.06.02 19:31:14.474,0.89069,0.89094,1.00,2.25
2015.06.02 19:31:14.777,0.89071,0.89094,1.00,1.37
2015.06.02 19:31:17.060,0.89069,0.89093,1.00,1.37
2015.06.02 19:31:18.372,0.89069,0.89093,1.00,1.37
2015.06.02 19:31:18.952,0.89069,0.89095,1.50,2.25
2015.06.02 19:31:22.797,0.89069,0.89095,1.50,1.87
2015.06.02 19:31:25.794,0.89069,0.89095,1.50,2.25
2015.06.02 19:31:26.316,0.8907,0.89095,1.00,1.75
2015.06.02 19:31:26.819,0.89068,0.89093,1.50,1.87
2015.06.02 19:31:27.149,0.8907,0.89093,1.00,1.37
2015.06.02 19:31:27.402,0.89067,0.89091,1.00,1.12
2015.06.02 19:31:27.503,0.89067,0.89088,1.00,1.00
2015.06.02 19:31:27.805,0.89063,0.89088,1.00,1.00
2015.06.02 19:31:28.500,0.89064,0.89088,1.00,1.00
2015.06.02 19:31:29.012,0.89063,0.89088,1.00,2.62
2015.06.02 19:31:29.376,0.89063,0.89086,1.00,1.00
2015.06.02 19:31:29.777,0.89063,0.89084,1.00,1.00
2015.06.02 19:31:30.468,0.8906,0.89084,1.00,1.00
2015.06.02 19:31:31.040,0.89062,0.89084,1.00,1.00
2015.06.02 19:31:31.191,0.89059,0.89083,1.00,1.00
2015.06.02 19:31:31.343,0.89057,0.89082,1.50,1.00
2015.06.02 19:31:31.471,0.8906,0.89083,1.00,1.00
2015.06.02 19:31:31.846,0.89063,0.89083,1.00,1.00
2015.06.02 19:31:31.897,0.89063,0.89085,1.00,1.00
2015.06.02 19:31:31.998,0.89066,0.89088,1.00,1.00
2015.06.02 19:31:32.300,0.89069,0.8909,1.00,1.37
2015.06.02 19:31:33.829,0.89066,0.8909,1.00,1.37
2015.06.02 19:31:34.486,0.89065,0.8909,1.50,1.37
2015.06.02 19:31:35.032,0.89066,0.8909,1.00,1.37
2015.06.02 19:31:35.763,0.89066,0.8909,1.00,1.12
2015.06.02 19:31:36.336,0.89065,0.8909,1.50,1.87
2015.06.02 19:31:39.192,0.89065,0.89089,1.00,1.00
2015.06.02 19:31:39.293,0.89065,0.89084,1.00,1.00
2015.06.02 19:31:39.344,0.89065,0.89087,1.00,1.00
2015.06.02 19:31:39.521,0.89062,0.89087,1.50,1.00
2015.06.02 19:31:40.479,0.89065,0.89088,1.00,1.00
2015.06.02 19:31:41.012,0.89065,0.8909,1.50,1.87
2015.06.02 19:31:43.237,0.89068,0.8909,1.00,1.37
2015.06.02 19:31:44.909,0.89066,0.8909,1.00,1.37
2015.06.02 19:31:45.455,0.89065,0.8909,2.25,1.12
2015.06.02 19:31:45.761,0.89067,0.89092,1.00,1.87
2015.06.02 19:31:47.842,0.89066,0.89088,1.00,1.00
2015.06.02 19:31:48.095,0.89067,0.89092,1.00,1.87
2015.06.02 19:31:48.861,0.89064,0.89089,2.25,1.00
2015.06.02 19:31:48.975,0.89066,0.89089,1.00,1.00
2015.06.02 19:31:49.616,0.89066,0.89092,1.50,1.37
2015.06.02 19:31:51.240,0.89065,0.89086,1.00,1.00
2015.06.02 19:31:51.341,0.89066,0.8909,1.00,1.12
2015.06.02 19:31:51.871,0.89067,0.89092,1.00,1.87
2015.06.02 19:31:58.822,0.89066,0.89086,1.00,1.00
2015.06.02 19:31:58.923,0.89066,0.89091,1.50,1.37
2015.06.02 19:31:58.974,0.89066,0.89088,1.00,1.00
2015.06.02 19:31:59.075,0.89066,0.89091,1.50,1.37
2015.06.02 19:32:00.070,0.89066,0.89091,1.50,1.00
2015.06.02 19:32:00.182,0.89068,0.89091,1.00,1.00
2015.06.02 19:32:00.584,0.89066,0.89091,1.50,1.37
2015.06.02 19:32:00.634,0.89069,0.89092,1.00,1.37
2015.06.02 19:32:12.470,0.8907,0.89094,1.00,1.87
2015.06.02 19:32:12.633,0.89074,0.89096,1.00,1.00
2015.06.02 19:32:12.684,0.89078,0.89096,1.00,1.00
2015.06.02 19:32:12.786,0.89081,0.891,1.00,1.00
2015.06.02 19:32:12.837,0.89081,0.89102,1.00,1.12
2015.06.02 19:32:14.229,0.89081,0.89102,1.00,1.37
2015.06.02 19:32:14.773,0.8908,0.89104,1.00,1.37
2015.06.02 19:32:15.432,0.8908,0.89099,1.50,1.00
2015.06.02 19:32:15.483,0.8908,0.89104,1.50,1.37
2015.06.02 19:32:15.634,0.89079,0.89104,1.50,2.25
2015.06.02 19:32:16.168,0.89079,0.89103,1.00,1.37
2015.06.02 19:32:16.933,0.89081,0.89103,1.00,1.37
2015.06.02 19:32:16.984,0.89081,0.89103,1.00,1.37
2015.06.02 19:32:20.050,0.89082,0.89103,1.00,1.37
2015.06.02 19:32:20.577,0.89082,0.89103,1.00,1.37
2015.06.02 19:32:22.027,0.8908,0.89103,1.00,1.37
2015.06.02 19:32:22.129,0.89082,0.89102,1.00,1.37
2015.06.02 19:32:22.230,0.8908,0.89104,1.00,1.37
2015.06.02 19:32:22.779,0.8908,0.89101,1.00,1.37
2015.06.02 19:32:23.145,0.89078,0.89101,1.00,1.37
2015.06.02 19:32:25.389,0.89081,0.89102,1.00,1.37
2015.06.02 19:32:25.929,0.89081,0.89103,1.00,1.87
2015.06.02 19:32:28.195,0.89081,0.89103,1.00,1.37
2015.06.02 19:32:28.296,0.89081,0.89103,1.00,1.37
2015.06.02 19:32:29.672,0.89081,0.89103,1.00,1.37
2015.06.02 19:32:30.292,0.89081,0.89103,1.00,1.37
2015.06.02 19:32:31.225,0.89081,0.89103,1.00,1.37
2015.06.02 19:32:32.192,0.89081,0.89103,1.00,1.37
2015.06.02 19:32:32.679,0.89081,0.89104,1.00,1.37
2015.06.02 19:32:33.353,0.89081,0.89103,1.00,1.37
2015.06.02 19:32:35.211,0.89081,0.89104,1.00,1.37
2015.06.02 19:32:35.793,0.89081,0.89103,1.00,1.00
2015.06.02 19:32:36.132,0.89081,0.89103,1.00,1.37
2015.06.02 19:32:36.702,0.89081,0.89103,1.00,1.12
2015.06.02 19:32:37.003,0.89081,0.89103,1.00,1.37
2015.06.02 19:32:37.189,0.89081,0.89104,1.00,1.37
2015.06.02 19:32:37.504,0.89081,0.89104,1.00,1.37
2015.06.02 19:32:37.706,0.89081,0.89104,1.00,1.12
2015.06.02 19:32:37.908,0.89081,0.89104,1.00,1.37
2015.06.02 19:32:38.412,0.89081,0.89104,1.00,1.37
2015.06.02 19:32:38.684,0.89081,0.89104,1.00,1.37
2015.06.02 19:32:39.191,0.89081,0.89104,1.00,1.37
2015.06.02 19:32:39.710,0.8908,0.89102,1.00,1.87
2015.06.02 19:32:40.012,0.89082,0.89103,1.00,1.37
2015.06.02 19:32:40.495,0.89082,0.89103,1.00,1.12
2015.06.02 19:32:40.546,0.8908,0.89103,1.00,1.12
2015.06.02 19:32:40.597,0.89082,0.89103,1.50,1.00
2015.06.02 19:32:40.762,0.89082,0.89105,1.50,1.87
2015.06.02 19:32:40.914,0.89086,0.89108,1.00,1.37
2015.06.02 19:32:41.218,0.89088,0.8911,1.00,1.37
2015.06.02 19:32:41.470,0.89082,0.89107,1.00,1.87
2015.06.02 19:32:41.672,0.89086,0.89109,1.00,1.37
2015.06.02 19:32:41.723,0.89086,0.89109,1.00,1.00
2015.06.02 19:32:42.076,0.89089,0.89112,1.00,1.00
2015.06.02 19:32:42.177,0.89086,0.89111,1.00,1.00
2015.06.02 19:32:42.228,0.89089,0.89113,1.00,1.50
2015.06.02 19:32:42.733,0.89089,0.89114,1.00,1.87
2015.06.02 19:32:44.324,0.89089,0.89114,1.00,1.87
2015.06.02 19:32:44.903,0.89089,0.89112,1.00,1.00
2015.06.02 19:32:46.181,0.89086,0.8911,1.00,1.00
2015.06.02 19:32:46.702,0.89087,0.89111,1.00,1.00
2015.06.02 19:32:47.218,0.89087,0.89112,1.00,2.25
2015.06.02 19:32:53.442,0.89087,0.8911,1.00,1.00
2015.06.02 19:32:54.039,0.89088,0.89111,1.00,1.00
2015.06.02 19:32:54.343,0.89088,0.89108,1.00,1.00
2015.06.02 19:32:54.545,0.89089,0.8911,1.00,1.00
2015.06.02 19:32:54.646,0.89089,0.89113,1.00,1.00
2015.06.02 19:32:54.747,0.89091,0.89113,1.00,1.00
2015.06.02 19:32:55.040,0.89091,0.89115,1.50,1.12
2015.06.02 19:32:55.746,0.8909,0.89111,1.00,1.00
2015.06.02 19:32:57.093,0.8909,0.89114,1.00,1.00
2015.06.02 19:32:57.194,0.8909,0.89112,1.00,1.00
2015.06.02 19:32:57.245,0.8909,0.89114,1.00,1.00
2015.06.02 19:32:59.938,0.8909,0.8911,1.00,1.00
2015.06.02 19:33:00.799,0.8909,0.89114,1.00,1.00
2015.06.02 19:33:00.850,0.89093,0.89115,1.00,1.50
2015.06.02 19:33:01.153,0.89093,0.89117,1.00,1.50
2015.06.02 19:33:01.204,0.89091,0.89115,1.00,1.00
2015.06.02 19:33:02.055,0.89093,0.89115,1.00,1.00
2015.06.02 19:33:02.560,0.89092,0.89115,1.00,1.00
2015.06.02 19:33:02.610,0.8909,0.89115,1.50,1.00
2015.06.02 19:33:05.569,0.89093,0.89117,1.00,1.87
2015.06.02 19:33:06.119,0.89093,0.89115,1.00,1.12
2015.06.02 19:33:07.723,0.89091,0.89115,1.00,1.87
2015.06.02 19:33:08.379,0.89092,0.89115,1.00,1.12
2015.06.02 19:33:08.522,0.89091,0.89111,1.00,1.00
2015.06.02 19:33:08.674,0.89085,0.89108,1.00,1.37
2015.06.02 19:33:08.876,0.89085,0.89108,1.00,1.37
2015.06.02 19:33:08.927,0.89082,0.89104,1.00,1.12
2015.06.02 19:33:09.028,0.89079,0.89104,1.50,1.50
2015.06.02 19:33:09.129,0.89081,0.89104,1.00,1.00
2015.06.02 19:33:09.721,0.89079,0.89103,1.00,1.00
2015.06.02 19:33:10.028,0.89081,0.89104,1.00,1.00
2015.06.02 19:33:10.970,0.89084,0.89104,1.00,1.00
2015.06.02 19:33:11.531,0.89081,0.89104,1.00,1.00
2015.06.02 19:33:12.373,0.89079,0.89104,1.50,1.50
2015.06.02 19:33:12.449,0.89081,0.89104,1.00,1.00
2015.06.02 19:33:17.288,0.89081,0.89105,1.00,1.12
2015.06.02 19:33:19.829,0.89084,0.89106,1.00,1.37
2015.06.02 19:33:20.082,0.89084,0.89107,1.00,1.12
2015.06.02 19:33:20.183,0.89082,0.89107,1.00,1.87
2015.06.02 19:33:23.470,0.89082,0.89105,1.00,1.00
2015.06.02 19:33:31.804,0.89079,0.89102,1.50,1.00
2015.06.02 19:33:34.648,0.89077,0.89102,1.50,1.87
2015.06.02 19:33:34.750,0.89075,0.891,1.50,1.12
2015.06.02 19:33:36.242,0.89075,0.89099,1.00,1.00
2015.06.02 19:33:38.226,0.89075,0.89099,1.00,1.37
2015.06.02 19:33:38.328,0.89074,0.89096,1.00,1.00
2015.06.02 19:33:38.429,0.89074,0.89098,1.00,1.00
2015.06.02 19:33:39.007,0.89074,0.89099,1.50,1.00
2015.06.02 19:33:41.757,0.89081,0.89102,1.00,1.00
2015.06.02 19:33:41.858,0.89081,0.89106,1.50,1.87
2015.06.02 19:33:41.959,0.89083,0.89106,1.00,1.00
2015.06.02 19:33:42.265,0.89088,0.8911,1.50,1.12
2015.06.02 19:33:42.368,0.89088,0.89112,1.50,1.12
2015.06.02 19:33:42.469,0.89091,0.89112,1.00,1.00
2015.06.02 19:33:42.693,0.89089,0.89112,1.00,1.00
2015.06.02 19:33:44.126,0.89088,0.89112,1.50,1.50
2015.06.02 19:33:44.853,0.89088,0.89112,1.00,1.87
2015.06.02 19:33:45.513,0.89088,0.8911,1.00,1.12
2015.06.02 19:33:47.488,0.89088,0.89111,1.50,1.00
2015.06.02 19:33:48.377,0.89088,0.89111,1.50,1.37
2015.06.02 19:33:50.309,0.89092,0.89109,1.00,1.12
2015.06.02 19:33:51.832,0.89092,0.89111,1.00,1.12
2015.06.02 19:33:51.983,0.89096,0.89111,1.00,1.00
2015.06.02 19:33:52.505,0.89096,0.8911,1.00,1.00
2015.06.02 19:33:53.038,0.89096,0.89111,1.00,1.00
2015.06.02 19:34:03.145,0.89091,0.89107,1.00,1.00
2015.06.02 19:34:03.196,0.89091,0.89107,1.00,1.37
2015.06.02 19:34:03.246,0.89086,0.89107,1.00,1.87
2015.06.02 19:34:03.297,0.89082,0.89102,1.00,1.37
2015.06.02 19:34:03.795,0.89082,0.89097,1.00,1.00
2015.06.02 19:34:03.845,0.8908,0.89097,1.00,1.00
2015.06.02 19:34:03.896,0.8908,0.89099,1.00,1.00
2015.06.02 19:34:03.997,0.8908,0.89097,1.00,1.00
2015.06.02 19:34:04.320,0.89077,0.89097,1.00,1.00
2015.06.02 19:34:04.472,0.89077,0.89095,1.00,1.00
2015.06.02 19:34:05.249,0.89074,0.89095,1.00,1.00
2015.06.02 19:34:06.453,0.89077,0.89095,1.00,1.00
2015.06.02 19:34:07.001,0.89077,0.89096,1.00,1.50
2015.06.02 19:34:07.174,0.89074,0.89095,1.00,1.00
2015.06.02 19:34:07.275,0.89077,0.89095,1.00,1.00
2015.06.02 19:34:08.397,0.89077,0.89094,1.00,1.00
2015.06.02 19:34:08.598,0.89077,0.89096,1.00,1.00
2015.06.02 19:34:08.926,0.89079,0.89096,1.00,1.00
2015.06.02 19:34:09.135,0.89076,0.89096,1.00,1.00
2015.06.02 19:34:09.424,0.89078,0.89096,1.00,1.00
2015.06.02 19:34:13.098,0.89077,0.89096,1.00,1.00
2015.06.02 19:34:13.938,0.8908,0.89096,1.00,1.12
2015.06.02 19:34:15.078,0.89076,0.89096,1.00,1.12
2015.06.02 19:34:16.639,0.89079,0.89096,1.00,1.12
2015.06.02 19:34:19.158,0.89075,0.89096,1.00,1.00
2015.06.02 19:34:19.818,0.89078,0.89096,1.00,1.00
2015.06.02 19:34:20.638,0.89078,0.89099,1.00,1.12
2015.06.02 19:34:20.689,0.8908,0.89099,1.00,1.12
2015.06.02 19:34:29.796,0.8908,0.89099,1.00,1.37
2015.06.02 19:34:30.506,0.8908,0.89099,1.00,1.37
2015.06.02 19:34:32.370,0.8908,0.89098,1.00,1.37
2015.06.02 19:34:34.406,0.89078,0.89098,1.00,1.37
2015.06.02 19:34:34.457,0.89078,0.89092,1.00,1.00
2015.06.02 19:34:34.559,0.89079,0.89094,1.00,1.12
2015.06.02 19:34:35.013,0.89079,0.89097,1.00,1.87
2015.06.02 19:34:35.519,0.89079,0.89097,1.00,1.12
2015.06.02 19:34:36.057,0.89078,0.89092,1.00,1.00
2015.06.02 19:34:36.158,0.89074,0.89093,1.00,1.50
2015.06.02 19:34:36.209,0.89074,0.89093,1.00,1.37
2015.06.02 19:34:36.411,0.8907,0.89091,1.00,1.87
2015.06.02 19:34:38.226,0.8907,0.89089,1.00,1.37
2015.06.02 19:34:38.378,0.89067,0.89087,1.00,1.12
2015.06.02 19:34:39.414,0.8907,0.89087,1.00,1.50
2015.06.02 19:34:40.077,0.8907,0.89088,1.00,1.12
2015.06.02 19:34:40.656,0.8907,0.89089,1.00,1.87
2015.06.02 19:34:40.808,0.89065,0.89087,1.00,1.00
2015.06.02 19:34:40.909,0.89068,0.89087,1.00,1.00
2015.06.02 19:34:41.447,0.89068,0.89088,1.00,1.00
2015.06.02 19:34:42.723,0.89068,0.89088,1.00,1.37
2015.06.02 19:34:43.228,0.89068,0.89085,1.00,1.00
2015.06.02 19:34:43.886,0.89068,0.89086,1.00,1.00
2015.06.02 19:34:43.989,0.89068,0.89088,1.00,1.12
2015.06.02 19:34:44.866,0.89068,0.89087,1.00,1.00
2015.06.02 19:34:45.737,0.89068,0.89088,1.00,1.00
2015.06.02 19:34:46.299,0.89068,0.89087,1.00,1.00
2015.06.02 19:34:46.858,0.89068,0.89088,1.00,1.00
2015.06.02 19:34:47.444,0.89068,0.89087,1.00,1.00
2015.06.02 19:34:51.055,0.89068,0.89085,1.00,1.00
2015.06.02 19:34:51.372,0.89068,0.89087,1.00,1.50
2015.06.02 19:34:53.095,0.89068,0.89088,1.00,1.50
2015.06.02 19:34:55.184,0.89068,0.89087,1.00,1.00
2015.06.02 19:34:57.384,0.89068,0.89088,1.00,1.50
2015.06.02 19:35:04.973,0.89068,0.89089,1.00,1.12
2015.06.02 19:35:08.657,0.89069,0.89089,1.00,1.12
2015.06.02 19:35:09.158,0.8907,0.89089,1.00,1.37
2015.06.02 19:35:09.461,0.89068,0.89089,1.00,1.37
2015.06.02 19:35:10.022,0.89069,0.89088,1.00,1.00
2015.06.02 19:35:10.562,0.89069,0.89089,1.00,1.00
2015.06.02 19:35:11.106,0.89069,0.89088,1.00,1.00
2015.06.02 19:35:15.323,0.89069,0.8909,1.00,2.62
2015.06.02 19:35:15.374,0.89072,0.8909,1.00,2.62
2015.06.02 19:35:15.779,0.89072,0.89094,1.00,1.12
2015.06.02 19:35:16.025,0.89077,0.89096,1.00,1.00
2015.06.02 19:35:16.340,0.89076,0.89098,1.00,1.12
2015.06.02 19:35:16.492,0.89072,0.89097,1.50,1.12
2015.06.02 19:35:16.543,0.89076,0.89097,1.00,1.00
2015.06.02 19:35:16.846,0.89071,0.89093,1.00,1.37
2015.06.02 19:35:20.906,0.89071,0.89088,1.00,1.00
2015.06.02 19:35:21.447,0.89071,0.89087,1.00,1.00
2015.06.02 19:35:21.498,0.89066,0.89087,1.00,1.00
2015.06.02 19:35:21.649,0.89069,0.89087,1.00,1.00
2015.06.02 19:35:21.700,0.89067,0.89087,1.00,1.00
2015.06.02 19:35:22.254,0.89067,0.89086,1.00,1.00
2015.06.02 19:35:24.068,0.89063,0.89086,1.00,1.00
2015.06.02 19:35:24.227,0.89066,0.89086,1.00,1.00
2015.06.02 19:35:24.668,0.89062,0.89086,1.00,1.12
2015.06.02 19:35:24.719,0.89062,0.89084,1.00,1.00
2015.06.02 19:35:25.523,0.89062,0.89086,1.00,1.50
2015.06.02 19:35:25.573,0.89073,0.89086,1.00,1.00
2015.06.02 19:35:25.674,0.89064,0.89086,1.00,1.12
2015.06.02 19:35:27.871,0.89064,0.89087,1.00,1.12
2015.06.02 19:35:28.489,0.89068,0.89087,1.00,1.12
2015.06.02 19:35:28.792,0.89064,0.89083,1.00,1.37
2015.06.02 19:35:29.264,0.89069,0.89083,1.00,1.37
2015.06.02 19:35:29.387,0.89061,0.8908,1.00,1.12
2015.06.02 19:35:30.342,0.89068,0.89081,1.00,1.37
2015.06.02 19:35:30.537,0.8906,0.89082,1.00,1.37
2015.06.02 19:35:30.689,0.8906,0.89082,1.00,1.00
2015.06.02 19:35:30.740,0.89062,0.89082,1.00,1.00
2015.06.02 19:35:30.790,0.89062,0.89086,1.00,1.12
2015.06.02 19:35:30.942,0.8907,0.89086,1.00,1.12
2015.06.02 19:35:31.044,0.89067,0.89086,1.00,1.00
2015.06.02 19:35:31.094,0.89069,0.89088,1.00,1.00
2015.06.02 19:35:31.297,0.89069,0.8909,1.00,1.00
2015.06.02 19:35:34.173,0.89069,0.8909,1.00,2.25
2015.06.02 19:35:34.375,0.89066,0.89086,1.00,1.37
2015.06.02 19:35:35.664,0.89066,0.89086,1.00,1.75
2015.06.02 19:35:35.716,0.89063,0.89086,1.00,1.75
2015.06.02 19:35:36.108,0.89063,0.89084,1.00,1.37
2015.06.02 19:35:38.379,0.89066,0.89084,1.00,1.37
2015.06.02 19:35:38.945,0.89062,0.89084,1.00,1.37
2015.06.02 19:35:41.405,0.89062,0.89082,1.00,1.37
2015.06.02 19:35:42.478,0.89062,0.8908,1.00,1.37
2015.06.02 19:35:43.075,0.89062,0.8908,1.00,1.12
2015.06.02 19:35:43.710,0.8906,0.8908,1.00,1.12
2015.06.02 19:35:44.255,0.8906,0.8908,1.00,1.37
2015.06.02 19:35:45.193,0.8906,0.8908,1.00,1.12
2015.06.02 19:35:47.897,0.89062,0.8908,1.00,1.37
2015.06.02 19:35:48.433,0.89062,0.8908,1.00,1.12
2015.06.02 19:35:51.216,0.89062,0.8908,1.00,1.37
2015.06.02 19:35:51.267,0.8906,0.8908,1.00,1.37
2015.06.02 19:35:51.651,0.89063,0.8908,1.00,1.37
2015.06.02 19:35:51.752,0.8906,0.89083,1.00,1.37
2015.06.02 19:35:51.954,0.8906,0.89078,1.00,1.00
2015.06.02 19:35:52.257,0.89055,0.89079,1.00,1.37
2015.06.02 19:35:52.458,0.89058,0.89079,1.00,1.37
2015.06.02 19:35:52.763,0.8906,0.89081,1.00,1.37
2015.06.02 19:35:52.814,0.8906,0.89083,1.00,1.37
2015.06.02 19:35:52.915,0.8906,0.89083,1.00,1.37
2015.06.02 19:35:53.017,0.89062,0.89085,1.00,1.00
2015.06.02 19:35:53.068,0.89066,0.89087,1.00,1.87
2015.06.02 19:35:53.219,0.89069,0.89091,1.00,1.50
2015.06.02 19:35:53.422,0.89072,0.89094,1.00,1.37
2015.06.02 19:35:53.624,0.89072,0.89096,1.00,1.00
2015.06.02 19:35:53.746,0.89078,0.89096,1.00,1.00
2015.06.02 19:35:53.797,0.89078,0.891,1.00,1.87
2015.06.02 19:35:53.899,0.8908,0.891,1.00,1.87
2015.06.02 19:35:54.728,0.8908,0.891,1.00,1.87
2015.06.02 19:35:56.811,0.8908,0.89095,1.00,1.00
2015.06.02 19:35:57.118,0.89069,0.89081,1.00,1.00
2015.06.02 19:35:57.169,0.89063,0.89081,1.00,1.00
2015.06.02 19:35:57.220,0.89066,0.89078,1.00,1.00
2015.06.02 19:35:57.423,0.89063,0.89078,1.00,1.50
2015.06.02 19:35:57.686,0.89057,0.89078,1.00,1.00
2015.06.02 19:35:57.838,0.89062,0.89078,1.00,1.00
2015.06.02 19:35:57.889,0.89059,0.89078,1.00,1.00
2015.06.02 19:35:58.336,0.89059,0.89074,1.00,1.00
2015.06.02 19:35:58.387,0.89057,0.89074,1.00,1.00
2015.06.02 19:35:58.827,0.89057,0.89078,1.00,1.00
2015.06.02 19:35:58.939,0.8906,0.89078,1.00,1.00
2015.06.02 19:36:00.697,0.89064,0.89078,1.00,1.00
2015.06.02 19:36:00.979,0.8906,0.89078,1.00,1.00
2015.06.02 19:36:01.767,0.8906,0.89081,1.00,1.00
2015.06.02 19:36:01.918,0.89062,0.89081,1.00,1.00
2015.06.02 19:36:03.772,0.89062,0.89082,1.00,1.00
2015.06.02 19:36:07.916,0.89064,0.89082,1.00,1.00
2015.06.02 19:36:08.621,0.89063,0.89081,1.00,1.00
2015.06.02 19:36:09.661,0.89063,0.89082,1.00,1.00
2015.06.02 19:36:10.339,0.89062,0.89084,1.00,1.50
2015.06.02 19:36:13.672,0.8906,0.89084,1.00,1.87
2015.06.02 19:36:14.226,0.89061,0.89084,1.00,1.87
2015.06.02 19:36:15.045,0.89061,0.8908,1.00,1.00
2015.06.02 19:36:15.602,0.89061,0.89085,1.00,1.12
2015.06.02 19:36:16.187,0.89061,0.89085,1.00,1.37
2015.06.02 19:36:18.293,0.8906,0.89083,1.00,1.00
2015.06.02 19:36:22.057,0.89058,0.89083,1.00,1.50
2015.06.02 19:36:22.581,0.89058,0.89081,1.00,1.00
2015.06.02 19:36:26.545,0.89061,0.89081,1.00,1.00
2015.06.02 19:36:27.696,0.89058,0.8908,1.00,1.00
2015.06.02 19:36:28.743,0.89055,0.8908,1.50,1.50
2015.06.02 19:36:28.794,0.89059,0.8908,1.00,1.00
2015.06.02 19:36:29.889,0.89059,0.89079,1.00,1.00
2015.06.02 19:36:32.714,0.89059,0.89079,1.00,1.87
2015.06.02 19:36:32.916,0.89056,0.89077,1.00,1.87
2015.06.02 19:36:39.425,0.89059,0.89077,1.00,1.12
2015.06.02 19:36:41.024,0.89055,0.89077,1.00,1.12
2015.06.02 19:36:41.138,0.89058,0.89077,1.00,1.12
2015.06.02 19:36:48.037,0.89058,0.89078,1.00,1.12
2015.06.02 19:36:52.224,0.89055,0.89078,1.00,1.12
2015.06.02 19:36:54.837,0.89059,0.89079,1.00,1.00
2015.06.02 19:36:55.580,0.89059,0.8908,1.00,1.00
2015.06.02 19:37:00.821,0.89059,0.89079,1.00,1.00
2015.06.02 19:37:00.922,0.89059,0.89076,1.00,1.00
2015.06.02 19:37:00.973,0.89056,0.89076,1.00,1.37
2015.06.02 19:37:01.768,0.89056,0.89077,1.00,1.12
2015.06.02 19:37:03.882,0.89059,0.89079,1.00,1.37
2015.06.02 19:37:03.932,0.89054,0.89079,1.00,1.87
2015.06.02 19:37:04.166,0.89059,0.89076,1.00,1.00
2015.06.02 19:37:04.217,0.89057,0.89076,1.00,1.00
2015.06.02 19:37:04.268,0.89059,0.89076,1.00,1.00
2015.06.02 19:37:04.470,0.89055,0.89075,1.00,1.00
2015.06.02 19:37:04.588,0.89058,0.89075,1.00,1.00
2015.06.02 19:37:04.826,0.89055,0.89079,1.00,1.87
2015.06.02 19:37:05.263,0.89058,0.89079,1.00,1.87
2015.06.02 19:37:05.774,0.89058,0.89079,1.00,1.87
2015.06.02 19:37:05.825,0.89056,0.89079,1.00,1.87
2015.06.02 19:37:06.479,0.89056,0.89079,1.00,1.87
2015.06.02 19:37:07.043,0.89057,0.89079,1.00,1.87
2015.06.02 19:37:07.144,0.89059,0.89079,1.00,1.87
2015.06.02 19:37:09.971,0.89058,0.89078,1.00,1.12
2015.06.02 19:37:10.496,0.89058,0.89077,1.00,1.00
2015.06.02 19:37:13.962,0.89058,0.89078,1.00,1.12
2015.06.02 19:37:15.101,0.89055,0.89078,1.00,1.12
2015.06.02 19:37:15.152,0.89057,0.89078,1.00,1.12
2015.06.02 19:37:17.186,0.89054,0.89078,1.00,1.12
2015.06.02 19:37:17.237,0.89057,0.89078,1.00,1.12
2015.06.02 19:37:17.545,0.8906,0.89081,1.00,1.37
2015.06.02 19:37:17.596,0.89057,0.89081,1.00,1.37
2015.06.02 19:37:21.096,0.89057,0.89078,1.00,1.00
2015.06.02 19:37:21.668,0.89057,0.89079,1.00,1.87
2015.06.02 19:37:24.336,0.89057,0.89079,1.00,1.87
2015.06.02 19:37:25.438,0.89056,0.89078,1.00,1.87
2015.06.02 19:37:25.818,0.89058,0.89078,1.00,1.37
2015.06.02 19:37:26.179,0.89055,0.89077,1.00,1.00
2015.06.02 19:37:26.230,0.89057,0.89077,1.00,1.00
2015.06.02 19:37:26.695,0.8906,0.89081,1.00,1.37
2015.06.02 19:37:27.417,0.89057,0.89081,1.00,1.37
2015.06.02 19:37:27.518,0.8906,0.89081,1.00,1.37
2015.06.02 19:37:35.158,0.8906,0.89081,1.00,1.00
2015.06.02 19:37:35.691,0.8906,0.89081,1.00,1.37
2015.06.02 19:37:36.607,0.8906,0.89084,1.00,1.37
2015.06.02 19:37:42.710,0.89063,0.89084,1.00,1.37
2015.06.02 19:37:43.748,0.89061,0.89084,1.00,1.37
2015.06.02 19:37:44.331,0.89061,0.89086,1.50,1.87
2015.06.02 19:37:44.381,0.89064,0.89086,1.00,1.37
2015.06.02 19:37:44.432,0.89064,0.89086,1.00,1.12
2015.06.02 19:37:44.736,0.89068,0.89089,1.00,1.12
2015.06.02 19:37:45.040,0.89067,0.89081,1.00,1.00
2015.06.02 19:37:45.699,0.89067,0.8908,1.00,1.00
2015.06.02 19:37:47.601,0.89066,0.8908,1.00,1.00
2015.06.02 19:37:47.703,0.89062,0.89079,1.50,1.00
2015.06.02 19:37:47.905,0.89063,0.89086,1.00,1.00
2015.06.02 19:37:49.133,0.89063,0.89079,1.00,1.00
2015.06.02 19:37:49.349,0.89063,0.89086,1.00,1.00
2015.06.02 19:37:49.551,0.89063,0.8908,1.50,1.00
2015.06.02 19:37:49.950,0.89065,0.8908,1.00,1.00
2015.06.02 19:37:51.207,0.89065,0.89079,1.00,1.00
2015.06.02 19:37:51.309,0.89065,0.89087,1.00,1.12
2015.06.02 19:37:51.461,0.89063,0.89087,1.00,1.00
2015.06.02 19:37:51.633,0.89063,0.89084,1.00,1.00
2015.06.02 19:37:56.022,0.89063,0.89087,1.00,1.12
2015.06.02 19:37:56.874,0.89063,0.89085,1.00,1.00
2015.06.02 19:37:59.657,0.89066,0.89085,1.00,1.50
2015.06.02 19:37:59.859,0.89063,0.89085,1.00,1.50
2015.06.02 19:38:06.764,0.89061,0.89085,1.50,1.00
2015.06.02 19:38:06.865,0.89064,0.89085,1.00,1.00
2015.06.02 19:38:07.083,0.89064,0.89087,1.00,1.12
2015.06.02 19:38:07.134,0.89064,0.89079,1.00,1.00
2015.06.02 19:38:07.903,0.89061,0.89079,1.50,1.00
2015.06.02 19:38:08.004,0.89064,0.89079,1.00,1.00
2015.06.02 19:38:08.156,0.89061,0.89085,1.00,1.50
2015.06.02 19:38:08.358,0.89063,0.89085,1.00,1.50
2015.06.02 19:38:08.510,0.89061,0.89085,1.00,1.50
2015.06.02 19:38:11.860,0.8906,0.89085,1.00,1.50
2015.06.02 19:38:12.365,0.89061,0.89085,1.00,1.00
2015.06.02 19:38:13.314,0.89061,0.89085,1.00,1.37
2015.06.02 19:38:14.399,0.89062,0.89085,1.00,1.37
2015.06.02 19:38:18.385,0.89061,0.89083,1.00,1.00
2015.06.02 19:38:18.930,0.89061,0.89084,1.50,1.00
2015.06.02 19:38:19.031,0.89065,0.89087,1.00,1.12
2015.06.02 19:38:19.388,0.89065,0.89078,1.00,1.00
2015.06.02 19:38:19.934,0.89065,0.89077,1.00,1.00
2015.06.02 19:38:20.344,0.89063,0.89077,1.00,1.00
2015.06.02 19:38:20.894,0.89063,0.89078,1.00,1.00
2015.06.02 19:38:23.521,0.89066,0.89078,1.00,1.00
2015.06.02 19:38:23.624,0.89063,0.89078,1.00,1.00
2015.06.02 19:38:23.675,0.89067,0.89078,1.00,1.00
2015.06.02 19:38:23.776,0.89064,0.89078,1.00,1.00
2015.06.02 19:38:25.306,0.89067,0.89078,1.00,1.00
2015.06.02 19:38:25.614,0.89067,0.8908,1.00,1.00
2015.06.02 19:38:25.765,0.89067,0.89088,1.00,1.87
2015.06.02 19:38:47.853,0.89067,0.89086,1.00,1.37
2015.06.02 19:38:50.746,0.89067,0.89088,1.00,1.87
2015.06.02 19:38:51.508,0.89068,0.89088,1.00,1.87
2015.06.02 19:38:53.783,0.89064,0.89085,1.00,1.00
2015.06.02 19:38:54.323,0.89069,0.89088,1.00,1.37
2015.06.02 19:39:00.124,0.89069,0.8909,1.00,1.37
2015.06.02 19:39:11.618,0.89069,0.89089,1.00,1.87
2015.06.02 19:39:20.641,0.89069,0.89089,1.00,1.87
2015.06.02 19:39:35.829,0.89067,0.89088,1.00,1.12
2015.06.02 19:39:38.708,0.89069,0.89089,1.00,1.37
2015.06.02 19:39:39.011,0.89065,0.89089,1.00,1.37
2015.06.02 19:39:39.062,0.89063,0.89086,1.00,1.12
2015.06.02 19:39:39.113,0.89065,0.89089,1.00,1.12
2015.06.02 19:39:39.163,0.89068,0.89089,1.00,1.12
2015.06.02 19:39:39.416,0.89069,0.89094,1.00,1.00
2015.06.02 19:39:39.562,0.89071,0.89085,1.00,1.00
2015.06.02 19:39:42.495,0.89068,0.89085,1.00,1.00
2015.06.02 19:39:43.194,0.89071,0.89085,1.00,1.00
2015.06.02 19:39:45.036,0.89067,0.89085,1.00,1.00
2015.06.02 19:39:45.737,0.89071,0.89085,1.00,1.00
2015.06.02 19:39:51.448,0.89071,0.89084,1.00,1.00
2015.06.02 19:39:51.499,0.89069,0.89084,1.00,1.00
2015.06.02 19:39:52.105,0.89069,0.89083,1.00,1.00
2015.06.02 19:39:53.298,0.89069,0.89085,1.00,1.00
2015.06.02 19:39:53.550,0.89066,0.89085,1.00,1.00
2015.06.02 19:39:53.702,0.89063,0.89085,1.00,1.00
2015.06.02 19:39:53.753,0.89063,0.89087,1.00,1.00
2015.06.02 19:39:53.805,0.89067,0.89087,1.00,1.00
2015.06.02 19:39:54.058,0.89067,0.8909,1.00,1.37
2015.06.02 19:39:54.282,0.89067,0.89085,1.00,1.00
2015.06.02 19:40:02.085,0.89067,0.8909,1.00,1.87
2015.06.02 19:40:02.975,0.89067,0.89088,1.00,1.00
2015.06.02 19:40:03.513,0.8907,0.89089,1.00,1.00
2015.06.02 19:40:03.954,0.8907,0.89091,1.00,1.50
2015.06.02 19:40:09.509,0.89074,0.89091,1.00,1.00
2015.06.02 19:40:09.611,0.89074,0.89094,1.00,1.00
2015.06.02 19:40:09.915,0.89075,0.89096,1.00,1.50
2015.06.02 19:40:10.448,0.89075,0.89097,1.00,1.50
2015.06.02 19:40:13.606,0.89079,0.89097,1.00,1.00
2015.06.02 19:40:14.110,0.89079,0.89098,1.00,1.12
2015.06.02 19:40:16.719,0.89079,0.89097,1.00,1.50
2015.06.02 19:40:16.919,0.89076,0.89097,1.00,1.87
2015.06.02 19:40:16.970,0.89079,0.89097,1.00,1.50
2015.06.02 19:40:17.471,0.89079,0.89098,1.00,1.00
2015.06.02 19:40:23.437,0.89079,0.89097,1.00,1.00
2015.06.02 19:40:27.498,0.89079,0.89099,1.00,1.37
2015.06.02 19:40:31.285,0.89079,0.89099,1.00,1.12
2015.06.02 19:40:32.913,0.89079,0.89098,1.00,1.00
2015.06.02 19:40:34.863,0.89079,0.89097,1.00,1.00
2015.06.02 19:40:36.401,0.89079,0.89095,1.00,1.00
2015.06.02 19:40:36.452,0.89074,0.89095,1.00,1.50
2015.06.02 19:40:36.503,0.8907,0.89095,1.50,3.75
2015.06.02 19:40:36.655,0.89066,0.8909,1.00,1.37
2015.06.02 19:40:36.705,0.89075,0.8909,1.00,1.00
2015.06.02 19:40:36.857,0.89075,0.89095,1.00,1.00
2015.06.02 19:40:37.588,0.89075,0.891,1.50,2.62
2015.06.02 19:40:38.089,0.89075,0.89096,1.50,1.00
2015.06.02 19:40:53.985,0.89075,0.89095,1.00,1.00
2015.06.02 19:40:54.036,0.89075,0.89095,1.00,1.87
2015.06.02 19:40:54.087,0.89071,0.89095,1.00,2.62
2015.06.02 19:40:54.613,0.89071,0.89091,1.00,1.00
2015.06.02 19:40:55.775,0.89071,0.89092,1.00,1.87
2015.06.02 19:40:58.594,0.89071,0.89089,1.00,1.00
2015.06.02 19:40:58.695,0.89071,0.89091,1.00,1.00
2015.06.02 19:41:00.759,0.89071,0.89092,1.00,1.12
2015.06.02 19:41:01.994,0.89076,0.89091,1.00,1.00
2015.06.02 19:41:02.095,0.89076,0.89094,1.00,1.00
2015.06.02 19:41:02.297,0.89076,0.89097,1.00,1.37
2015.06.02 19:41:02.804,0.89076,0.89095,1.00,1.00
2015.06.02 19:41:04.932,0.89073,0.89095,1.00,1.00
2015.06.02 19:41:05.580,0.89073,0.89094,1.00,1.12
2015.06.02 19:41:06.085,0.89073,0.89095,1.00,1.50
2015.06.02 19:41:08.539,0.89073,0.89097,1.00,1.87
2015.06.02 19:41:08.592,0.89073,0.89095,1.00,1.00
2015.06.02 19:41:09.199,0.89077,0.89094,1.00,1.00
2015.06.02 19:41:09.351,0.89073,0.89094,1.00,1.00
2015.06.02 19:41:09.503,0.89072,0.8909,1.00,1.87
2015.06.02 19:41:09.554,0.89069,0.8909,1.00,1.87
2015.06.02 19:41:09.705,0.89067,0.89088,1.00,1.37
2015.06.02 19:41:10.270,0.89067,0.89088,1.00,1.12
2015.06.02 19:41:14.138,0.89067,0.89089,1.00,1.12
2015.06.02 19:41:14.441,0.89066,0.89087,1.00,1.00
2015.06.02 19:41:14.967,0.89066,0.89086,1.00,1.00
2015.06.02 19:41:15.550,0.89066,0.89087,1.00,1.50
2015.06.02 19:41:16.246,0.89066,0.89086,1.00,1.00
2015.06.02 19:41:16.544,0.8906,0.89083,1.00,1.12
2015.06.02 19:41:16.595,0.8906,0.89082,1.00,1.37
2015.06.02 19:41:16.898,0.89063,0.89079,1.00,1.00
2015.06.02 19:41:16.949,0.89063,0.89081,1.00,1.00
2015.06.02 19:41:17.252,0.89063,0.89083,1.00,1.00
2015.06.02 19:41:17.911,0.89066,0.89083,1.00,1.00
2015.06.02 19:41:18.062,0.89063,0.89083,1.00,1.00
2015.06.02 19:41:21.620,0.89067,0.89083,1.00,1.00
2015.06.02 19:41:21.857,0.89064,0.89083,1.00,1.00
2015.06.02 19:41:22.372,0.89064,0.89084,1.00,1.00
2015.06.02 19:41:22.658,0.89064,0.89086,1.00,1.50
2015.06.02 19:41:23.225,0.89061,0.89086,1.00,2.25
2015.06.02 19:41:23.927,0.89064,0.89086,1.00,1.50
2015.06.02 19:41:26.037,0.89064,0.89086,1.00,3.00
2015.06.02 19:41:26.088,0.89061,0.89086,1.00,3.75
2015.06.02 19:41:26.524,0.89058,0.8908,1.00,1.00
2015.06.02 19:41:32.151,0.89058,0.89079,1.00,1.50
2015.06.02 19:41:32.614,0.89056,0.89079,1.00,1.50
2015.06.02 19:41:33.046,0.89056,0.89078,1.00,1.37
2015.06.02 19:41:33.358,0.89055,0.89075,1.00,1.00
2015.06.02 19:41:34.632,0.89058,0.89075,1.00,1.00
2015.06.02 19:41:35.256,0.89058,0.89076,1.00,1.00
2015.06.02 19:41:36.059,0.89058,0.8908,1.00,1.37
2015.06.02 19:41:37.861,0.89058,0.89077,1.00,1.12
2015.06.02 19:41:38.416,0.89054,0.89077,1.00,1.87
2015.06.02 19:41:39.867,0.8905,0.89075,1.00,1.00
2015.06.02 19:41:49.800,0.89051,0.89075,1.00,1.00
2015.06.02 19:41:58.207,0.89052,0.89075,1.00,1.00
2015.06.02 19:41:58.258,0.89052,0.89077,1.50,1.12
2015.06.02 19:41:58.309,0.89055,0.89077,1.00,1.00
2015.06.02 19:41:58.460,0.89057,0.8908,1.00,1.00
2015.06.02 19:41:58.511,0.89057,0.89082,1.50,2.25
2015.06.02 19:41:58.612,0.89059,0.89082,1.00,1.00
2015.06.02 19:41:59.387,0.89058,0.89082,1.00,1.50
2015.06.02 19:41:59.690,0.89056,0.89078,1.00,1.00
2015.06.02 19:41:59.993,0.89052,0.89077,1.50,1.00
2015.06.02 19:42:01.497,0.89052,0.89074,1.00,1.00
2015.06.02 19:42:01.741,0.89049,0.89073,1.00,1.00
2015.06.02 19:42:02.100,0.89049,0.89071,1.00,1.00
2015.06.02 19:42:04.542,0.8905,0.89074,1.00,1.00
2015.06.02 19:42:20.559,0.89052,0.89076,1.00,1.00
2015.06.02 19:42:21.068,0.89052,0.89077,1.50,1.50
2015.06.02 19:42:21.603,0.89053,0.89077,1.00,1.00
2015.06.02 19:42:22.167,0.89054,0.89077,1.00,1.00
2015.06.02 19:42:24.782,0.89052,0.89077,1.50,1.87
2015.06.02 19:42:25.050,0.89051,0.89075,1.00,1.00
2015.06.02 19:42:25.208,0.89049,0.89074,1.00,1.00
2015.06.02 19:42:26.743,0.89049,0.89073,1.00,1.00
2015.06.02 19:42:26.794,0.89047,0.89072,1.50,1.00
2015.06.02 19:42:27.305,0.89048,0.89073,1.00,1.00
2015.06.02 19:42:27.406,0.8905,0.89073,1.00,1.00
2015.06.02 19:42:28.107,0.8905,0.89074,1.50,1.00
2015.06.02 19:42:29.860,0.89051,0.89074,1.00,1.00
2015.06.02 19:42:32.764,0.8905,0.89074,1.00,1.00
2015.06.02 19:42:33.083,0.8905,0.89069,1.00,1.12
2015.06.02 19:42:33.134,0.89045,0.89069,1.00,1.12
2015.06.02 19:42:33.186,0.89045,0.89067,1.00,1.00
2015.06.02 19:42:33.237,0.89042,0.89067,1.12,1.50
2015.06.02 19:42:33.389,0.89041,0.89065,1.00,1.00
2015.06.02 19:42:33.748,0.89044,0.89069,1.00,2.62
2015.06.02 19:42:34.068,0.89042,0.89064,1.50,1.00
2015.06.02 19:42:39.471,0.89042,0.89067,2.25,1.12
2015.06.02 19:42:40.017,0.89045,0.89067,1.00,1.00
2015.06.02 19:42:40.321,0.89049,0.89071,1.00,1.00
2015.06.02 19:42:40.455,0.8905,0.89074,1.00,1.00
2015.06.02 19:42:40.506,0.89053,0.89075,1.00,1.50
2015.06.02 19:42:40.607,0.89053,0.89077,1.00,1.00
2015.06.02 19:42:40.766,0.89053,0.89075,1.00,1.00
2015.06.02 19:42:41.673,0.89054,0.89078,1.00,1.12
2015.06.02 19:42:42.157,0.89053,0.89076,1.00,1.00
2015.06.02 19:42:44.811,0.89051,0.89075,1.00,1.00
2015.06.02 19:42:45.856,0.89051,0.89074,1.00,1.00
2015.06.02 19:42:45.958,0.89048,0.89071,1.00,1.50
2015.06.02 19:42:46.059,0.89045,0.8907,1.50,1.50
2015.06.02 19:42:46.261,0.89045,0.89068,1.00,1.00
2015.06.02 19:42:47.511,0.89046,0.89068,1.00,1.00
2015.06.02 19:42:47.612,0.89048,0.89071,1.00,1.00
2015.06.02 19:42:48.191,0.89049,0.89073,1.00,1.00
2015.06.02 19:42:50.349,0.89048,0.89071,1.00,1.00
2015.06.02 19:42:50.943,0.89049,0.89073,1.50,1.00
2015.06.02 19:42:50.994,0.89051,0.89074,1.00,1.00
2015.06.02 19:42:51.683,0.89052,0.89075,1.00,1.00
2015.06.02 19:42:57.147,0.89052,0.89077,1.00,1.50
2015.06.02 19:42:57.801,0.89053,0.89077,1.00,1.00
2015.06.02 19:43:00.597,0.89054,0.89078,1.00,1.00
2015.06.02 19:43:00.647,0.89057,0.89078,1.00,1.00
2015.06.02 19:43:00.749,0.89058,0.89081,1.00,1.00
2015.06.02 19:43:00.866,0.89058,0.89083,1.50,1.50
2015.06.02 19:43:00.968,0.89058,0.89081,1.50,1.00
2015.06.02 19:43:01.069,0.89056,0.89081,1.50,1.00
2015.06.02 19:43:01.593,0.89056,0.8908,1.00,1.00
2015.06.02 19:43:02.132,0.89056,0.89079,1.00,1.00
2015.06.02 19:43:02.537,0.89054,0.89079,1.00,1.50
2015.06.02 19:43:02.588,0.89053,0.89075,1.00,1.00
2015.06.02 19:43:03.136,0.89052,0.89075,1.00,1.00
2015.06.02 19:43:07.763,0.89051,0.89075,1.00,1.00
2015.06.02 19:43:07.915,0.89054,0.8908,1.00,1.50
2015.06.02 19:43:08.066,0.89057,0.89081,1.00,1.50
2015.06.02 19:43:08.410,0.89059,0.89083,1.00,1.00
2015.06.02 19:43:08.763,0.89062,0.89086,1.00,1.00
2015.06.02 19:43:09.066,0.8906,0.89085,2.25,1.00
2015.06.02 19:43:11.649,0.89063,0.89087,1.00,1.87
2015.06.02 19:43:11.985,0.89063,0.89085,1.00,1.00
2015.06.02 19:43:13.378,0.89063,0.89082,1.00,1.00
2015.06.02 19:43:13.711,0.8906,0.89082,1.00,1.00
2015.06.02 19:43:14.419,0.8906,0.89085,1.00,1.87
2015.06.02 19:43:14.521,0.8906,0.89083,1.00,1.00
2015.06.02 19:43:22.430,0.8906,0.89085,1.00,1.87
2015.06.02 19:43:22.739,0.89062,0.89085,1.00,1.37
2015.06.02 19:43:22.840,0.89062,0.89087,1.50,1.50
2015.06.02 19:43:22.891,0.89066,0.89087,1.00,1.00
2015.06.02 19:43:23.288,0.89066,0.8909,1.00,1.37
2015.06.02 19:43:25.100,0.89069,0.8909,1.00,1.37
2015.06.02 19:43:27.686,0.89073,0.8909,1.00,1.00
2015.06.02 19:43:27.737,0.89073,0.89092,1.00,1.00
2015.06.02 19:43:27.788,0.89068,0.89092,1.00,1.50
2015.06.02 19:43:27.839,0.89073,0.89096,1.00,1.00
2015.06.02 19:43:28.259,0.89073,0.89094,1.00,1.00
2015.06.02 19:43:36.872,0.89077,0.89097,1.00,1.00
2015.06.02 19:43:37.546,0.89077,0.89098,1.00,1.00
2015.06.02 19:43:39.771,0.89077,0.89096,1.00,1.00
2015.06.02 19:43:40.314,0.89077,0.89097,1.00,1.00
2015.06.02 19:43:42.121,0.89077,0.89099,1.00,1.00
2015.06.02 19:43:44.993,0.89077,0.891,1.00,1.50
2015.06.02 19:43:45.530,0.89077,0.89101,1.00,1.12
2015.06.02 19:43:45.912,0.89077,0.89098,1.00,1.00
2015.06.02 19:43:49.711,0.89077,0.89097,1.00,1.75
2015.06.02 19:43:49.762,0.89075,0.89097,1.00,1.75
2015.06.02 19:43:49.863,0.89071,0.89089,1.00,1.12
2015.06.02 19:43:49.914,0.89064,0.89089,1.00,1.87
2015.06.02 19:43:49.964,0.89067,0.89089,1.00,1.12
2015.06.02 19:43:51.456,0.89073,0.8909,1.00,1.50
2015.06.02 19:43:53.927,0.89076,0.8909,1.00,1.00
2015.06.02 19:43:54.127,0.8908,0.891,1.00,1.87
2015.06.02 19:43:54.629,0.8908,0.891,1.00,1.00
2015.06.02 19:43:55.168,0.8908,0.89102,1.00,1.37
2015.06.02 19:43:56.084,0.89083,0.89102,1.00,1.00
2015.06.02 19:43:56.236,0.89087,0.89108,1.00,1.37
2015.06.02 19:43:56.489,0.89083,0.89105,1.00,1.37
2015.06.02 19:43:56.539,0.8908,0.89102,1.00,1.37
2015.06.02 19:43:56.590,0.89077,0.891,1.00,1.37
2015.06.02 19:43:57.089,0.89077,0.891,1.00,1.87
2015.06.02 19:43:57.190,0.8908,0.891,1.00,1.00
2015.06.02 19:43:58.193,0.89082,0.891,1.00,1.00
2015.06.02 19:43:58.395,0.89083,0.89108,1.00,1.00
2015.06.02 19:43:58.446,0.89087,0.89108,1.00,1.00
2015.06.02 19:43:58.877,0.89087,0.89108,1.00,1.50
2015.06.02 19:43:59.079,0.89083,0.89106,1.00,2.62
2015.06.02 19:43:59.406,0.89083,0.89105,1.00,1.87
2015.06.02 19:43:59.608,0.89079,0.89105,1.50,1.12
2015.06.02 19:43:59.710,0.89083,0.89105,1.00,1.00
2015.06.02 19:44:00.012,0.89088,0.89113,1.00,2.62
2015.06.02 19:44:00.709,0.89088,0.89113,1.00,2.62
2015.06.02 19:44:01.252,0.89089,0.89111,1.00,1.37
2015.06.02 19:44:01.688,0.89084,0.89109,1.00,1.00
2015.06.02 19:44:01.790,0.89087,0.89111,1.00,1.87
2015.06.02 19:44:02.092,0.8909,0.89111,1.00,1.87
2015.06.02 19:44:03.569,0.8909,0.89109,1.00,1.00
2015.06.02 19:44:07.196,0.89086,0.89109,1.00,1.87
2015.06.02 19:44:07.298,0.89083,0.89108,1.00,1.37
2015.06.02 19:44:07.449,0.89086,0.89109,1.00,1.87
2015.06.02 19:44:07.652,0.89081,0.89105,1.00,1.12
2015.06.02 19:44:07.803,0.89084,0.89105,1.00,1.87
2015.06.02 19:44:09.777,0.89084,0.89104,1.00,1.00
2015.06.02 19:44:10.583,0.89084,0.89105,1.00,1.00
2015.06.02 19:44:10.894,0.89087,0.89105,1.00,1.00
2015.06.02 19:44:13.546,0.89084,0.89105,1.00,1.00
2015.06.02 19:44:13.597,0.89087,0.8911,1.00,1.87
2015.06.02 19:44:14.141,0.89087,0.8911,1.00,1.87
2015.06.02 19:44:14.583,0.89087,0.89105,1.00,1.00
2015.06.02 19:44:14.684,0.89087,0.8911,1.00,1.87
2015.06.02 19:44:14.836,0.89084,0.89108,1.00,1.12
2015.06.02 19:44:14.887,0.89083,0.89106,1.00,1.00
2015.06.02 19:44:15.190,0.8908,0.89103,1.00,1.00
2015.06.02 19:44:16.305,0.89078,0.89102,1.00,1.00
2015.06.02 19:44:16.608,0.89081,0.89105,1.00,1.37
2015.06.02 19:44:16.954,0.89087,0.89108,1.00,1.37
2015.06.02 19:44:18.204,0.89083,0.89108,1.50,1.87
2015.06.02 19:44:18.732,0.89083,0.89108,1.50,1.87
2015.06.02 19:44:20.649,0.89086,0.89106,1.00,1.87
2015.06.02 19:44:20.924,0.89083,0.89106,1.00,1.87
2015.06.02 19:44:21.709,0.89086,0.89106,1.00,1.37
2015.06.02 19:44:22.362,0.89085,0.89106,1.00,1.37
2015.06.02 19:44:22.413,0.89082,0.89106,1.50,1.37
2015.06.02 19:44:22.515,0.89086,0.89106,1.00,1.37
2015.06.02 19:44:23.820,0.89085,0.89105,1.50,1.00
2015.06.02 19:44:24.022,0.89083,0.89105,1.00,1.00
2015.06.02 19:44:24.224,0.89085,0.89105,1.00,1.00
2015.06.02 19:44:30.813,0.89085,0.89104,1.00,1.00
2015.06.02 19:44:30.965,0.89081,0.89104,1.00,1.12
2015.06.02 19:44:31.218,0.89081,0.89101,1.00,1.00
2015.06.02 19:44:31.269,0.89079,0.89101,1.00,1.00
2015.06.02 19:44:31.779,0.89081,0.891,1.00,1.00
2015.06.02 19:44:31.927,0.89081,0.89102,1.00,1.00
2015.06.02 19:44:32.101,0.89078,0.89102,1.00,1.37
2015.06.02 19:44:32.202,0.8908,0.89101,1.00,1.00
2015.06.02 19:44:32.303,0.8908,0.89103,1.00,1.12
2015.06.02 19:44:32.505,0.89078,0.89103,1.00,1.87
2015.06.02 19:44:32.607,0.89078,0.89101,1.00,1.00
2015.06.02 19:44:32.911,0.89081,0.89103,1.00,1.37
2015.06.02 19:44:33.012,0.89078,0.89103,1.00,1.50
2015.06.02 19:44:33.113,0.89078,0.89101,1.00,1.00
2015.06.02 19:44:33.655,0.89075,0.891,1.00,1.12
2015.06.02 19:44:33.706,0.89078,0.89101,1.00,1.87
2015.06.02 19:44:34.207,0.89078,0.89101,1.00,1.12
2015.06.02 19:44:35.762,0.89076,0.891,1.00,1.00
2015.06.02 19:44:35.813,0.89082,0.89101,1.00,1.00
2015.06.02 19:44:35.964,0.89082,0.89105,1.00,1.37
2015.06.02 19:44:36.015,0.89079,0.89104,1.50,1.12
2015.06.02 19:44:36.240,0.89083,0.89107,1.00,1.87
2015.06.02 19:44:36.895,0.89079,0.89102,1.50,1.00
2015.06.02 19:44:37.356,0.89077,0.89102,2.25,1.00
2015.06.02 19:44:38.164,0.89077,0.89099,1.50,1.00
2015.06.02 19:44:38.467,0.89079,0.89099,1.00,1.00
2015.06.02 19:44:39.840,0.89081,0.89099,1.00,1.00
2015.06.02 19:44:40.050,0.89081,0.89103,1.00,1.12
2015.06.02 19:44:41.449,0.89082,0.89103,1.00,1.00
2015.06.02 19:44:42.358,0.8908,0.89103,1.00,1.12
2015.06.02 19:44:42.460,0.89077,0.89103,1.50,1.12
2015.06.02 19:44:42.561,0.89077,0.89096,1.50,1.00
2015.06.02 19:44:42.611,0.89077,0.891,1.50,1.00
2015.06.02 19:44:42.763,0.89079,0.891,1.00,1.00
2015.06.02 19:44:42.865,0.8908,0.89103,1.00,1.00
2015.06.02 19:44:42.966,0.89075,0.891,2.25,1.00
2015.06.02 19:44:43.067,0.89074,0.89096,1.50,1.00
2015.06.02 19:44:43.168,0.89072,0.89096,1.00,1.00
2015.06.02 19:44:43.269,0.89075,0.89097,1.00,1.00
2015.06.02 19:44:43.370,0.89072,0.89096,1.00,1.00
2015.06.02 19:44:43.506,0.89072,0.89092,1.00,1.00
2015.06.02 19:44:46.827,0.89071,0.89092,1.00,1.00
2015.06.02 19:44:47.246,0.89071,0.89096,1.50,1.50
2015.06.02 19:44:47.428,0.89071,0.89093,1.00,1.00
2015.06.02 19:44:51.764,0.89073,0.89095,1.00,1.00
2015.06.02 19:44:51.916,0.89073,0.89098,1.50,1.50
2015.06.02 19:44:52.068,0.89073,0.89096,1.00,1.00
2015.06.02 19:44:53.274,0.8907,0.89095,1.50,1.00
2015.06.02 19:45:01.230,0.89071,0.89096,1.00,1.50
2015.06.02 19:45:02.151,0.89072,0.89096,1.00,1.00
2015.06.02 19:45:02.979,0.89073,0.89096,1.00,1.00
2015.06.02 19:45:03.080,0.89075,0.89099,1.00,1.00
2015.06.02 19:45:03.332,0.89075,0.89096,1.00,1.00
2015.06.02 19:45:03.383,0.89075,0.89099,1.00,1.00
2015.06.02 19:45:03.909,0.89075,0.89098,1.00,1.00
2015.06.02 19:45:04.297,0.89073,0.89098,1.50,1.50
2015.06.02 19:45:04.351,0.89073,0.89095,1.00,1.00
2015.06.02 19:45:04.855,0.89073,0.89098,1.50,1.50
2015.06.02 19:45:05.862,0.89073,0.89094,1.00,1.00
2015.06.02 19:45:06.366,0.89073,0.89095,1.00,1.00
2015.06.02 19:45:06.710,0.89079,0.89101,1.00,1.00
2015.06.02 19:45:09.003,0.89075,0.89097,1.00,1.00
2015.06.02 19:45:09.104,0.89072,0.89096,1.00,1.00
2015.06.02 19:45:09.256,0.89072,0.89092,1.00,1.00
2015.06.02 19:45:17.939,0.89072,0.89096,1.00,1.00
2015.06.02 19:45:18.091,0.89071,0.89092,1.00,1.00
2015.06.02 19:45:18.301,0.89069,0.89092,1.00,1.00
2015.06.02 19:45:18.717,0.89069,0.89094,1.50,1.00
2015.06.02 19:45:21.476,0.89069,0.89094,1.50,1.37
2015.06.02 19:45:27.906,0.89069,0.89093,1.00,1.37
2015.06.02 19:45:28.127,0.89066,0.89091,1.00,1.00
2015.06.02 19:45:36.731,0.89066,0.89089,1.00,1.00
2015.06.02 19:45:37.135,0.89064,0.89088,1.00,1.37
2015.06.02 19:45:37.236,0.89061,0.89084,1.00,1.00
2015.06.02 19:45:37.337,0.89059,0.89084,1.50,1.87
2015.06.02 19:45:37.640,0.89061,0.89083,1.00,1.12
2015.06.02 19:45:37.899,0.89059,0.89082,1.00,1.00
2015.06.02 19:45:38.229,0.89061,0.89082,1.00,1.00
2015.06.02 19:45:38.404,0.89061,0.89086,1.50,1.50
2015.06.02 19:45:42.357,0.89062,0.89086,1.00,1.00
2015.06.02 19:45:43.113,0.89065,0.89088,1.00,1.12
2015.06.02 19:45:43.214,0.89062,0.89087,1.87,1.00
2015.06.02 19:45:46.786,0.89067,0.89088,1.00,1.00
2015.06.02 19:45:49.919,0.89067,0.89087,1.00,1.00
2015.06.02 19:45:57.924,0.89067,0.89087,1.00,1.37
2015.06.02 19:45:57.975,0.89064,0.89086,1.00,1.37
2015.06.02 19:45:58.585,0.89064,0.89086,1.00,1.87
2015.06.02 19:46:00.166,0.89067,0.89086,1.00,1.87
2015.06.02 19:46:00.254,0.89064,0.89086,1.00,1.87
2015.06.02 19:46:00.554,0.89066,0.89086,1.00,1.50
2015.06.02 19:46:01.086,0.89066,0.89087,1.00,1.00
2015.06.02 19:46:02.114,0.89064,0.89087,1.00,1.12
2015.06.02 19:46:02.258,0.89066,0.89087,1.00,1.37
2015.06.02 19:46:02.388,0.89063,0.89084,1.00,1.00
2015.06.02 19:46:07.657,0.89063,0.89085,1.00,1.00
2015.06.02 19:46:08.088,0.89063,0.89087,1.00,1.12
2015.06.02 19:46:08.601,0.89064,0.89087,1.00,1.12
2015.06.02 19:46:11.167,0.89064,0.89086,1.00,1.00
2015.06.02 19:46:11.438,0.89067,0.89087,1.00,1.00
2015.06.02 19:46:14.452,0.89067,0.89087,1.00,1.37
2015.06.02 19:46:14.503,0.89064,0.89086,1.00,1.37
2015.06.02 19:46:15.355,0.89064,0.89086,1.00,1.00
2015.06.02 19:46:15.406,0.89066,0.89087,1.00,1.12
2015.06.02 19:46:18.487,0.89066,0.89087,1.00,1.87
2015.06.02 19:46:18.588,0.89064,0.89087,1.00,1.87
2015.06.02 19:46:18.812,0.89064,0.89087,1.00,1.12
2015.06.02 19:46:23.198,0.89067,0.89087,1.00,1.12
2015.06.02 19:46:23.820,0.89067,0.89086,1.00,1.12
2015.06.02 19:46:25.704,0.89064,0.89087,1.00,1.37
2015.06.02 19:46:28.736,0.89064,0.89087,1.00,1.00
2015.06.02 19:46:29.787,0.89064,0.89086,1.00,1.00
2015.06.02 19:46:32.633,0.89067,0.89086,1.00,1.00
2015.06.02 19:46:32.787,0.89064,0.89086,1.00,1.00
2015.06.02 19:46:33.207,0.89061,0.89085,1.00,1.00
2015.06.02 19:46:35.536,0.8906,0.89083,1.00,1.00
2015.06.02 19:46:35.797,0.89057,0.89082,2.62,1.00
2015.06.02 19:46:36.129,0.89057,0.89078,1.00,1.00
2015.06.02 19:46:36.456,0.89057,0.89082,1.00,1.00
2015.06.02 19:46:38.702,0.89058,0.89082,1.00,1.00
2015.06.02 19:46:39.806,0.8906,0.89084,1.00,1.00
2015.06.02 19:46:40.138,0.89058,0.89082,1.00,1.00
2015.06.02 19:46:40.756,0.89061,0.89082,1.00,1.00
2015.06.02 19:46:43.985,0.89061,0.89085,1.00,1.00
2015.06.02 19:46:45.663,0.89061,0.89082,1.00,1.00
2015.06.02 19:46:47.873,0.89061,0.89085,1.00,1.12
2015.06.02 19:46:47.974,0.89061,0.89083,1.00,1.00
2015.06.02 19:46:48.628,0.8906,0.89074,1.00,1.00
2015.06.02 19:46:48.679,0.89051,0.89074,1.00,1.00
2015.06.02 19:46:49.820,0.89051,0.89075,1.00,1.87
2015.06.02 19:47:00.586,0.89051,0.89076,1.00,1.00
2015.06.02 19:47:00.637,0.89054,0.89076,1.00,1.00
2015.06.02 19:47:01.944,0.89053,0.89076,1.50,1.00
2015.06.02 19:47:03.816,0.89054,0.89078,1.00,1.00
2015.06.02 19:47:03.866,0.89056,0.89079,1.00,1.50
2015.06.02 19:47:03.917,0.89059,0.89083,1.00,1.50
2015.06.02 19:47:04.069,0.89064,0.89085,1.00,1.00
2015.06.02 19:47:04.743,0.89067,0.89085,1.00,1.00
2015.06.02 19:47:06.774,0.89066,0.89085,1.00,1.00
2015.06.02 19:47:06.825,0.89064,0.89085,1.50,1.00
2015.06.02 19:47:11.112,0.89064,0.89089,1.50,1.37
2015.06.02 19:47:11.313,0.89062,0.89086,1.00,1.00
2015.06.02 19:47:16.817,0.89062,0.89085,1.00,1.00
2015.06.02 19:47:20.026,0.89062,0.89086,1.00,1.12
2015.06.02 19:47:20.662,0.89062,0.89084,1.00,1.00
2015.06.02 19:47:45.662,0.89061,0.89084,1.50,1.00
2015.06.02 19:47:45.763,0.89059,0.89084,1.50,1.00
2015.06.02 19:47:46.120,0.89058,0.89081,1.00,1.00
2015.06.02 19:47:46.423,0.89052,0.89075,1.00,1.00
2015.06.02 19:47:46.474,0.89052,0.89077,1.50,1.50
2015.06.02 19:47:46.983,0.89053,0.89077,1.00,1.00
2015.06.02 19:47:47.526,0.89054,0.89078,1.00,1.00
2015.06.02 19:47:47.576,0.89055,0.89076,1.37,1.00
2015.06.02 19:47:47.879,0.89063,0.89084,1.00,1.00
2015.06.02 19:47:49.838,0.89062,0.89084,1.50,1.00
2015.06.02 19:48:01.963,0.89061,0.89084,1.50,2.25
2015.06.02 19:48:02.175,0.89052,0.89075,1.00,1.37
2015.06.02 19:48:02.708,0.89052,0.89075,1.00,1.12
2015.06.02 19:48:03.495,0.89051,0.89075,1.00,1.12
2015.06.02 19:48:06.261,0.8905,0.89074,1.50,1.00
2015.06.02 19:48:09.879,0.8905,0.89075,1.50,1.87
2015.06.02 19:48:11.520,0.8905,0.89072,1.50,1.00
2015.06.02 19:48:11.742,0.8905,0.89075,1.00,2.25
2015.06.02 19:48:13.819,0.8905,0.89075,1.00,2.62
2015.06.02 19:48:16.224,0.8905,0.89075,1.00,2.62
2015.06.02 19:48:18.567,0.89049,0.89072,1.00,1.50
2015.06.02 19:48:19.127,0.89048,0.89072,1.00,1.00
2015.06.02 19:48:20.026,0.89049,0.89072,1.00,1.00
2015.06.02 19:48:20.607,0.8905,0.89072,1.00,1.00
2015.06.02 19:48:21.970,0.89055,0.89072,1.00,1.00
2015.06.02 19:48:22.071,0.89047,0.89072,1.50,1.50
2015.06.02 19:48:22.172,0.8905,0.89074,1.00,1.87
2015.06.02 19:48:22.729,0.89054,0.89074,1.00,1.00
2015.06.02 19:48:23.009,0.89052,0.89075,1.50,1.00
2015.06.02 19:48:23.111,0.89052,0.89077,1.50,1.50
2015.06.02 19:48:25.802,0.89055,0.89077,1.00,1.00
2015.06.02 19:48:25.903,0.89052,0.89076,1.50,1.00
2015.06.02 19:48:26.552,0.89052,0.89077,1.50,1.50
2015.06.02 19:48:27.749,0.89055,0.89077,1.00,1.50
2015.06.02 19:48:27.800,0.89051,0.89074,1.50,1.00
2015.06.02 19:48:33.229,0.89052,0.89076,1.00,1.50
2015.06.02 19:48:41.810,0.89053,0.89076,1.00,1.00
2015.06.02 19:48:41.860,0.89058,0.89076,1.00,1.00
2015.06.02 19:48:41.911,0.89058,0.89083,1.00,1.00
2015.06.02 19:48:41.962,0.89058,0.8908,1.00,1.00
2015.06.02 19:48:42.063,0.8906,0.89083,1.00,1.50
2015.06.02 19:48:42.164,0.89057,0.89081,1.00,1.00
2015.06.02 19:48:42.266,0.89056,0.89079,1.00,1.00
2015.06.02 19:48:42.614,0.89054,0.89078,1.00,1.00
2015.06.02 19:48:42.766,0.89051,0.89073,1.50,1.00
2015.06.02 19:48:44.783,0.89049,0.89073,1.00,1.00
2015.06.02 19:48:45.086,0.89048,0.89071,1.00,1.00
2015.06.02 19:48:47.798,0.89048,0.89073,1.50,2.25
2015.06.02 19:48:49.354,0.89048,0.89071,1.00,1.00
2015.06.02 19:48:49.405,0.89045,0.89071,1.87,1.00
2015.06.02 19:48:50.494,0.89048,0.89072,1.00,1.00
2015.06.02 19:48:58.744,0.89048,0.89071,1.00,1.00
2015.06.02 19:48:58.795,0.89045,0.89071,1.37,1.50
2015.06.02 19:49:00.538,0.89049,0.89073,1.00,1.00
2015.06.02 19:49:02.131,0.89052,0.89073,1.00,1.00
2015.06.02 19:49:02.182,0.89052,0.89077,1.50,1.50
2015.06.02 19:49:02.538,0.89055,0.8908,1.50,1.00
2015.06.02 19:49:02.942,0.89058,0.89081,1.00,1.00
2015.06.02 19:49:03.112,0.89056,0.89081,1.50,1.00
2015.06.02 19:49:04.153,0.89056,0.89079,1.00,1.00
2015.06.02 19:49:04.204,0.89054,0.89079,1.87,1.00
2015.06.02 19:49:04.577,0.89054,0.89077,1.00,1.00
2015.06.02 19:49:05.987,0.89054,0.89079,1.50,1.50
2015.06.02 19:49:09.043,0.89054,0.89076,1.00,1.00
2015.06.02 19:49:12.730,0.89054,0.89079,1.50,1.50
2015.06.02 19:49:13.254,0.89054,0.89076,1.00,1.00
2015.06.02 19:49:13.305,0.89054,0.89079,1.50,1.87
2015.06.02 19:49:13.356,0.89054,0.89073,1.00,1.00
2015.06.02 19:49:13.407,0.89052,0.89073,1.00,1.00
2015.06.02 19:49:13.514,0.89048,0.89073,1.50,1.00
2015.06.02 19:49:24.421,0.89048,0.89073,1.87,1.00
2015.06.02 19:49:24.472,0.89051,0.89073,1.00,1.00
2015.06.02 19:49:24.624,0.89054,0.89078,1.00,1.00
2015.06.02 19:49:24.926,0.89052,0.89077,1.00,1.00
2015.06.02 19:49:25.623,0.8905,0.89074,1.87,1.00
2015.06.02 19:49:25.825,0.89043,0.89068,1.00,1.00
2015.06.02 19:49:26.405,0.89043,0.89066,1.00,1.00
2015.06.02 19:49:26.603,0.89044,0.89068,1.00,1.00
2015.06.02 19:49:26.654,0.89045,0.89064,1.00,1.00
2015.06.02 19:49:26.705,0.89045,0.89066,1.00,1.00
2015.06.02 19:49:26.755,0.89048,0.89066,1.00,1.00
2015.06.02 19:49:26.806,0.89049,0.89068,1.00,1.00
2015.06.02 19:49:27.115,0.89047,0.89068,1.00,1.00
2015.06.02 19:49:27.216,0.89047,0.89071,1.00,1.00
2015.06.02 19:49:28.019,0.89048,0.89071,1.00,1.00
2015.06.02 19:49:28.653,0.89046,0.89071,1.50,1.50
2015.06.02 19:49:28.855,0.89048,0.89071,1.00,1.00
2015.06.02 19:49:30.963,0.89046,0.89071,1.50,1.50
2015.06.02 19:49:31.934,0.89046,0.89068,1.00,1.00
2015.06.02 19:49:32.137,0.89043,0.89068,1.00,1.50
2015.06.02 19:49:32.255,0.89042,0.89065,1.00,1.00
2015.06.02 19:49:32.357,0.8904,0.89065,1.50,1.50
2015.06.02 19:49:33.744,0.89041,0.89065,1.00,1.00
2015.06.02 19:49:34.895,0.89042,0.89065,1.00,1.00
2015.06.02 19:49:34.946,0.89043,0.89068,1.87,1.50
2015.06.02 19:49:35.047,0.89043,0.89068,1.50,1.50
2015.06.02 19:49:35.199,0.89046,0.89068,1.00,1.00
2015.06.02 19:49:35.513,0.89048,0.8907,1.00,1.50
2015.06.02 19:49:35.564,0.89044,0.89067,1.00,1.00
2015.06.02 19:49:36.853,0.89042,0.89067,1.50,1.12
2015.06.02 19:49:37.436,0.89044,0.89067,1.00,1.00
2015.06.02 19:49:37.639,0.89045,0.8907,1.50,1.50
2015.06.02 19:49:37.690,0.89045,0.8907,1.87,1.50
2015.06.02 19:49:37.994,0.8905,0.89075,1.50,1.00
2015.06.02 19:49:45.067,0.89049,0.89075,1.00,1.50
2015.06.02 19:49:45.380,0.89056,0.89074,1.00,1.00
2015.06.02 19:49:45.481,0.89056,0.8908,1.00,1.87
2015.06.02 19:49:45.590,0.89055,0.89071,1.00,1.00
2015.06.02 19:49:45.642,0.8905,0.89071,1.00,1.00
2015.06.02 19:49:45.693,0.89048,0.89071,1.50,1.00
2015.06.02 19:49:45.796,0.8905,0.89071,1.00,1.00
2015.06.02 19:49:45.897,0.89047,0.89071,1.00,1.00
2015.06.02 19:49:45.998,0.89051,0.89072,1.00,1.00
2015.06.02 19:49:46.200,0.89047,0.89071,1.00,1.00
2015.06.02 19:49:46.351,0.8905,0.89073,1.00,1.50
2015.06.02 19:49:46.402,0.89051,0.89075,1.00,1.00
2015.06.02 19:49:46.452,0.89051,0.8907,1.00,1.00
2015.06.02 19:49:46.615,0.89055,0.89076,1.00,1.00
2015.06.02 19:49:46.716,0.8906,0.89079,1.00,1.00
2015.06.02 19:49:46.768,0.8906,0.89085,1.50,1.50
2015.06.02 19:49:46.818,0.89063,0.89086,1.00,1.00
2015.06.02 19:49:47.339,0.89062,0.89087,1.00,1.50
2015.06.02 19:49:51.887,0.89061,0.89083,1.00,1.00
2015.06.02 19:49:51.938,0.89058,0.89083,1.00,1.50
2015.06.02 19:49:52.907,0.89058,0.89081,1.00,1.00
2015.06.02 19:49:53.059,0.89056,0.8908,1.00,1.00
2015.06.02 19:49:54.193,0.8906,0.89081,1.00,1.00
2015.06.02 19:49:54.294,0.89056,0.8908,1.00,1.00
2015.06.02 19:49:54.836,0.89055,0.89079,1.00,1.00
2015.06.02 19:49:56.370,0.89055,0.89078,1.00,1.00
2015.06.02 19:49:57.246,0.89057,0.89078,1.50,1.00
2015.06.02 19:49:57.297,0.89057,0.89082,1.50,1.00
2015.06.02 19:49:57.348,0.89059,0.89082,1.00,1.00
2015.06.02 19:49:59.709,0.8906,0.89084,1.00,1.00
2015.06.02 19:50:00.226,0.8906,0.89085,2.25,1.00
2015.06.02 19:50:03.126,0.89062,0.89085,1.00,1.00
2015.06.02 19:50:03.654,0.89062,0.89084,1.00,1.00
2015.06.02 19:50:04.988,0.8906,0.89084,1.00,1.00
2015.06.02 19:50:05.039,0.8906,0.89079,1.00,1.00
2015.06.02 19:50:05.090,0.89053,0.89078,1.00,1.50
2015.06.02 19:50:05.191,0.89057,0.89078,1.00,1.00
2015.06.02 19:50:05.292,0.89053,0.89078,1.00,2.25
2015.06.02 19:50:05.902,0.89058,0.89079,1.00,1.50
2015.06.02 19:50:05.953,0.89054,0.89079,1.50,2.25
2015.06.02 19:50:06.206,0.89054,0.89076,1.00,1.00
2015.06.02 19:50:06.358,0.8906,0.89085,1.50,1.50
2015.06.02 19:50:07.697,0.8906,0.89085,1.87,1.50
2015.06.02 19:50:07.926,0.89069,0.89092,1.00,1.00
2015.06.02 19:50:07.976,0.89067,0.89089,1.00,1.00
2015.06.02 19:50:08.238,0.89067,0.89092,1.50,1.50
2015.06.02 19:50:08.289,0.89067,0.8909,1.00,1.00
2015.06.02 19:50:09.603,0.89068,0.89092,1.00,1.37
2015.06.02 19:50:09.705,0.89061,0.89086,1.00,1.50
2015.06.02 19:50:10.411,0.8906,0.89083,1.00,1.00
2015.06.02 19:50:11.258,0.8906,0.89085,1.50,1.00
2015.06.02 19:50:11.309,0.89058,0.89081,1.00,1.00
2015.06.02 19:50:16.974,0.89063,0.89083,1.00,1.00
2015.06.02 19:50:17.076,0.89058,0.89083,1.50,1.50
2015.06.02 19:50:27.762,0.89063,0.89083,1.00,1.00
2015.06.02 19:50:27.813,0.89058,0.89082,1.50,1.00
2015.06.02 19:50:29.827,0.89058,0.89083,1.00,1.00
2015.06.02 19:50:32.571,0.89059,0.89084,1.00,1.00
2015.06.02 19:50:33.015,0.89061,0.89086,1.00,1.50
2015.06.02 19:50:33.927,0.89063,0.89086,1.00,1.00
2015.06.02 19:50:34.028,0.89064,0.89088,1.00,1.00
2015.06.02 19:50:34.231,0.89063,0.89086,1.00,1.00
2015.06.02 19:50:34.763,0.89062,0.89086,1.00,1.50
2015.06.02 19:50:39.053,0.89061,0.89086,1.00,2.62
2015.06.02 19:50:39.524,0.89061,0.89086,1.37,1.50
2015.06.02 19:50:39.827,0.89072,0.89095,1.50,1.00
2015.06.02 19:50:40.315,0.89072,0.89097,1.50,1.50
2015.06.02 19:50:44.485,0.89072,0.89095,1.50,1.00
2015.06.02 19:50:45.254,0.89072,0.89097,1.50,1.50
2015.06.02 19:50:45.415,0.89072,0.89095,1.00,1.00
2015.06.02 19:50:45.718,0.89081,0.89104,1.00,1.00
2015.06.02 19:50:46.055,0.89083,0.89103,1.00,1.00
2015.06.02 19:50:47.768,0.8908,0.89103,1.00,1.00
2015.06.02 19:50:47.819,0.8908,0.89105,1.50,1.00
2015.06.02 19:50:48.181,0.8908,0.89101,1.00,1.00
2015.06.02 19:50:48.284,0.89078,0.89101,1.00,1.00
2015.06.02 19:50:48.385,0.89078,0.89099,1.00,1.00
2015.06.02 19:50:49.533,0.89079,0.89103,1.00,1.50
2015.06.02 19:50:49.635,0.89082,0.89103,1.00,1.00
2015.06.02 19:50:50.100,0.8908,0.89103,1.00,1.00
2015.06.02 19:50:50.545,0.8908,0.89099,1.00,1.00
2015.06.02 19:50:50.596,0.89078,0.89099,1.00,1.00
2015.06.02 19:50:52.318,0.89078,0.891,1.00,1.00
2015.06.02 19:50:53.602,0.89078,0.89103,1.50,1.50
2015.06.02 19:50:53.711,0.89078,0.891,1.00,1.00
2015.06.02 19:50:58.152,0.89078,0.89103,1.50,1.50
2015.06.02 19:50:59.314,0.89078,0.89101,1.00,1.00
2015.06.02 19:51:00.293,0.89078,0.89103,1.50,1.50
2015.06.02 19:51:00.344,0.89078,0.891,1.00,1.00
2015.06.02 19:51:00.854,0.89078,0.89103,1.00,1.50
2015.06.02 19:51:11.754,0.89077,0.89099,1.00,1.00
2015.06.02 19:51:12.092,0.89077,0.89103,1.50,1.00
2015.06.02 19:51:12.251,0.89077,0.89101,1.00,1.00
2015.06.02 19:51:13.122,0.89078,0.89103,1.00,1.50
2015.06.02 19:51:13.174,0.89081,0.89105,1.00,1.00
2015.06.02 19:51:13.430,0.89082,0.89107,1.50,1.00
2015.06.02 19:51:13.532,0.89082,0.89104,1.00,1.00
2015.06.02 19:51:14.047,0.89083,0.89104,1.00,1.00
2015.06.02 19:51:14.245,0.89086,0.89109,1.00,1.00
2015.06.02 19:51:14.296,0.89086,0.89106,1.00,1.00
2015.06.02 19:51:14.397,0.89087,0.8911,1.00,1.00
2015.06.02 19:51:14.652,0.89087,0.89108,1.00,1.00
2015.06.02 19:51:14.886,0.89087,0.89111,1.00,1.00
2015.06.02 19:51:15.100,0.89087,0.89107,1.00,1.00
2015.06.02 19:51:15.151,0.89087,0.89111,1.00,1.00
2015.06.02 19:51:17.303,0.89089,0.89111,1.00,1.00
2015.06.02 19:51:17.455,0.89089,0.89113,1.00,1.00
2015.06.02 19:51:23.564,0.8909,0.89113,1.00,1.00
2015.06.02 19:51:23.907,0.89092,0.89115,1.00,1.00
2015.06.02 19:51:24.210,0.89087,0.8911,1.00,1.00
2015.06.02 19:51:24.776,0.8909,0.8911,1.00,1.00
2015.06.02 19:51:24.827,0.8909,0.89113,1.00,1.00
2015.06.02 19:51:24.877,0.89093,0.89113,1.00,1.00
2015.06.02 19:51:25.220,0.8909,0.89113,1.00,1.00
2015.06.02 19:51:25.271,0.8909,0.8911,1.00,1.00
2015.06.02 19:51:25.372,0.89091,0.89113,1.00,1.00
2015.06.02 19:51:26.871,0.89091,0.89115,1.50,1.00
2015.06.02 19:51:28.633,0.89091,0.8911,1.50,1.00
2015.06.02 19:51:28.684,0.89083,0.8911,2.25,1.50
2015.06.02 19:51:28.734,0.89088,0.8911,1.00,1.00
2015.06.02 19:51:28.836,0.89089,0.89112,1.00,1.00
2015.06.02 19:51:28.888,0.89092,0.89115,1.00,1.00
2015.06.02 19:51:30.689,0.89092,0.89117,1.50,1.50
2015.06.02 19:51:30.787,0.89094,0.89117,1.00,1.00
2015.06.02 19:51:30.841,0.89092,0.89117,1.50,1.00
2015.06.02 19:51:32.692,0.89093,0.89118,1.00,2.25
2015.06.02 19:51:34.893,0.89092,0.89117,1.50,1.75
2015.06.02 19:51:35.041,0.89085,0.89109,1.00,1.87
2015.06.02 19:51:35.583,0.89084,0.89109,1.00,1.87
2015.06.02 19:51:36.306,0.89084,0.89106,1.00,1.00
2015.06.02 19:51:44.819,0.89084,0.89105,1.00,1.00
2015.06.02 19:51:45.122,0.89081,0.89103,1.00,1.00
2015.06.02 19:51:45.621,0.89078,0.89103,1.00,1.00
2015.06.02 19:51:45.838,0.89081,0.89103,1.00,1.00
2015.06.02 19:51:47.944,0.89081,0.89106,1.00,1.87
2015.06.02 19:51:48.495,0.89082,0.89106,1.00,1.00
2015.06.02 19:51:49.052,0.89081,0.89106,1.00,1.50
2015.06.02 19:51:49.798,0.89082,0.89106,1.00,1.00
2015.06.02 19:52:00.225,0.89084,0.89108,1.00,1.37
2015.06.02 19:52:01.080,0.89082,0.89105,1.00,1.00
2015.06.02 19:52:07.330,0.89081,0.89105,1.00,1.00
2015.06.02 19:52:11.245,0.8908,0.89105,1.50,1.50
2015.06.02 19:52:14.037,0.89081,0.89105,1.00,1.00
2015.06.02 19:52:21.429,0.89081,0.89106,1.50,1.87
2015.06.02 19:52:22.377,0.89082,0.89106,1.00,1.12
2015.06.02 19:52:23.137,0.89084,0.89108,1.00,1.37
2015.06.02 19:52:23.680,0.89081,0.89105,1.00,1.00
2015.06.02 19:52:41.976,0.8908,0.89105,2.25,1.50
2015.06.02 19:52:51.320,0.8908,0.89105,1.50,1.87
2015.06.02 19:52:51.422,0.89078,0.89102,1.50,1.37
2015.06.02 19:52:52.079,0.89078,0.89102,1.00,1.12
2015.06.02 19:52:53.534,0.89078,0.89099,1.00,1.00
2015.06.02 19:52:53.636,0.89075,0.89099,1.50,1.00
2015.06.02 19:52:53.890,0.89076,0.89101,1.00,1.00
2015.06.02 19:53:00.002,0.89076,0.891,1.00,1.00
2015.06.02 19:53:01.195,0.89075,0.89098,1.00,1.00
2015.06.02 19:53:01.453,0.89073,0.89098,1.50,1.00
2015.06.02 19:53:01.604,0.89077,0.89099,1.00,1.00
2015.06.02 19:53:01.907,0.89081,0.891,1.00,1.00
2015.06.02 19:53:02.008,0.89076,0.89099,1.00,1.00
2015.06.02 19:53:02.254,0.89076,0.89101,1.00,2.62
2015.06.02 19:53:02.305,0.89076,0.89099,1.00,1.00
2015.06.02 19:53:02.731,0.89074,0.89098,1.00,1.00
2015.06.02 19:53:03.842,0.89077,0.89101,1.00,1.87
2015.06.02 19:53:04.385,0.89077,0.89101,1.00,1.12
2015.06.02 19:53:06.041,0.89076,0.89101,2.25,1.87
2015.06.02 19:53:06.363,0.89074,0.89098,1.00,1.00
2015.06.02 19:53:06.894,0.89073,0.89097,1.00,1.00
2015.06.02 19:53:07.396,0.89072,0.89097,1.50,1.50
2015.06.02 19:53:22.137,0.89072,0.89096,1.00,1.00
2015.06.02 19:53:29.877,0.89072,0.89095,1.00,1.00
2015.06.02 19:53:30.058,0.8907,0.89095,1.00,1.00
2015.06.02 19:53:33.989,0.89074,0.89095,1.00,1.00
2015.06.02 19:53:40.281,0.8907,0.89095,1.50,1.00
2015.06.02 19:53:40.383,0.89073,0.89095,1.00,1.00
2015.06.02 19:53:40.705,0.89073,0.89097,1.00,1.12
2015.06.02 19:53:41.559,0.89073,0.89099,1.00,1.87
2015.06.02 19:53:46.789,0.89074,0.89099,1.12,1.00
2015.06.02 19:53:47.179,0.89078,0.89101,1.00,1.00
2015.06.02 19:53:47.773,0.89078,0.89102,1.00,1.12
2015.06.02 19:53:48.450,0.89079,0.89103,1.00,1.00
2015.06.02 19:53:48.981,0.89078,0.89103,1.50,1.00
2015.06.02 19:53:49.320,0.89077,0.891,1.00,1.00
2015.06.02 19:53:49.371,0.89078,0.89102,1.00,1.00
2015.06.02 19:53:49.874,0.89078,0.89103,1.50,1.00
2015.06.02 19:53:51.472,0.89082,0.89103,1.00,1.00
2015.06.02 19:53:51.522,0.89078,0.89102,1.00,1.00
2015.06.02 19:53:53.688,0.89079,0.89103,1.00,1.00
2015.06.02 19:53:53.840,0.89078,0.89101,1.00,1.00
2015.06.02 19:53:54.228,0.89078,0.89103,1.50,1.00
2015.06.02 19:53:54.974,0.89078,0.89101,1.00,1.00
2015.06.02 19:53:55.253,0.89079,0.89103,1.00,1.00
2015.06.02 19:53:57.415,0.89082,0.89103,1.00,1.00
2015.06.02 19:53:57.528,0.89078,0.89102,1.00,1.00
2015.06.02 19:54:00.332,0.89079,0.89103,1.00,1.00
2015.06.02 19:54:01.456,0.89078,0.89101,1.00,1.00
2015.06.02 19:54:01.557,0.89079,0.89103,1.00,1.00
2015.06.02 19:54:05.444,0.89079,0.89102,1.00,1.00
2015.06.02 19:54:07.862,0.89082,0.89102,1.00,1.00
2015.06.02 19:54:08.013,0.89078,0.89102,1.00,1.00
2015.06.02 19:54:09.017,0.89082,0.89102,1.00,1.00
2015.06.02 19:54:09.118,0.8908,0.89102,1.00,1.00
2015.06.02 19:54:09.826,0.8908,0.89103,1.00,1.87
2015.06.02 19:54:11.940,0.89079,0.891,1.00,1.00
2015.06.02 19:54:12.091,0.89079,0.89104,1.50,1.87
2015.06.02 19:54:16.336,0.89082,0.89104,1.00,1.37
2015.06.02 19:54:16.497,0.89077,0.89102,1.50,1.00
2015.06.02 19:54:16.548,0.89079,0.89102,1.00,1.00
2015.06.02 19:54:16.599,0.89079,0.89104,1.50,1.87
2015.06.02 19:54:17.172,0.89079,0.89103,1.00,1.00
2015.06.02 19:54:17.324,0.89082,0.89104,1.00,1.00
2015.06.02 19:54:19.658,0.8908,0.89104,1.00,1.00
2015.06.02 19:54:19.760,0.89079,0.89102,1.00,1.00
2015.06.02 19:54:19.928,0.8908,0.89104,1.00,1.00
2015.06.02 19:54:21.346,0.8908,0.89104,1.00,1.37
2015.06.02 19:54:21.497,0.89077,0.89101,1.00,1.00
2015.06.02 19:54:21.798,0.89079,0.89104,1.50,1.87
2015.06.02 19:54:22.180,0.89079,0.89104,1.00,2.62
2015.06.02 19:54:22.392,0.89079,0.89104,1.50,1.87
2015.06.02 19:54:22.652,0.89079,0.89104,1.50,1.87
2015.06.02 19:54:24.755,0.89079,0.89103,1.00,1.00
2015.06.02 19:54:25.372,0.89079,0.89104,1.50,1.87
2015.06.02 19:54:27.904,0.89079,0.89103,1.00,1.37
2015.06.02 19:54:30.209,0.89079,0.89103,1.00,1.50
2015.06.02 19:54:30.260,0.89076,0.89101,2.25,1.00
2015.06.02 19:54:30.462,0.89079,0.89103,1.00,1.50
2015.06.02 19:54:31.120,0.89079,0.89104,1.00,2.62
2015.06.02 19:54:32.015,0.89079,0.89104,1.00,2.62
2015.06.02 19:54:32.209,0.89079,0.89104,1.00,2.62
2015.06.02 19:54:34.019,0.89079,0.89104,1.00,2.62
2015.06.02 19:54:34.221,0.89079,0.89104,1.00,2.62
2015.06.02 19:54:34.620,0.89079,0.89104,1.00,2.62
2015.06.02 19:54:34.721,0.89079,0.89104,1.00,2.62
2015.06.02 19:54:34.922,0.89077,0.89101,1.50,1.00
2015.06.02 19:54:36.033,0.89078,0.89104,1.00,1.87
2015.06.02 19:54:36.538,0.89079,0.89104,1.00,2.25
2015.06.02 19:54:38.687,0.89079,0.89104,1.00,2.62
2015.06.02 19:54:38.886,0.89079,0.89104,1.00,2.62
2015.06.02 19:54:40.689,0.89079,0.89104,1.00,2.62
2015.06.02 19:54:40.791,0.89077,0.89101,1.50,1.00
2015.06.02 19:54:40.913,0.89079,0.89104,1.00,2.62
2015.06.02 19:54:43.594,0.89079,0.89104,1.00,2.62
2015.06.02 19:54:46.190,0.89079,0.89104,1.00,2.62
2015.06.02 19:54:47.122,0.89077,0.89102,1.00,1.50
2015.06.02 19:54:47.273,0.8908,0.89102,1.00,1.00
2015.06.02 19:54:49.431,0.89077,0.89099,1.00,1.00
2015.06.02 19:54:49.728,0.89078,0.89102,1.00,1.00
2015.06.02 19:54:53.882,0.89079,0.89103,1.00,1.00
2015.06.02 19:54:55.882,0.89078,0.89103,1.50,1.00
2015.06.02 19:54:58.470,0.89079,0.89103,1.00,1.00
2015.06.02 19:54:58.979,0.89078,0.89103,1.50,1.00
2015.06.02 19:54:59.485,0.89079,0.89103,1.00,1.00
2015.06.02 19:55:00.031,0.89078,0.89103,1.50,1.37
2015.06.02 19:55:01.366,0.89079,0.89103,1.00,1.37
2015.06.02 19:55:02.001,0.89078,0.89103,1.00,1.12
2015.06.02 19:55:03.307,0.89079,0.89103,1.00,1.12
2015.06.02 19:55:03.907,0.89079,0.89102,1.00,1.00
2015.06.02 19:55:04.526,0.89078,0.89102,1.00,1.00
2015.06.02 19:55:07.420,0.89077,0.89102,2.25,1.50
2015.06.02 19:55:09.133,0.89078,0.89102,1.00,1.12
2015.06.02 19:55:09.641,0.89077,0.89102,2.25,1.87
2015.06.02 19:55:10.188,0.89077,0.89101,1.00,1.00
2015.06.02 19:55:11.748,0.89076,0.89099,1.00,1.00
2015.06.02 19:55:11.951,0.89072,0.89096,1.50,1.00
2015.06.02 19:55:12.512,0.89071,0.89096,1.50,1.00
2015.06.02 19:55:13.421,0.89072,0.89096,1.00,1.00
2015.06.02 19:55:17.140,0.89071,0.89095,1.00,1.87
2015.06.02 19:55:17.191,0.89069,0.89095,1.00,1.87
2015.06.02 19:55:19.660,0.89068,0.89093,2.62,1.00
2015.06.02 19:55:20.853,0.89069,0.89095,1.00,2.62
2015.06.02 19:55:21.414,0.89069,0.89095,1.00,1.87
2015.06.02 19:55:21.935,0.89069,0.89095,1.00,1.87
2015.06.02 19:55:24.863,0.89069,0.89095,1.00,1.87
2015.06.02 19:55:26.637,0.89069,0.89095,1.00,1.87
2015.06.02 19:55:26.688,0.89069,0.89091,1.00,1.00
2015.06.02 19:55:26.991,0.89066,0.89086,1.00,1.00
2015.06.02 19:55:27.394,0.8906,0.89085,2.25,1.00
2015.06.02 19:55:27.920,0.8906,0.89084,1.50,1.00
2015.06.02 19:55:28.226,0.89063,0.89084,1.00,1.00
2015.06.02 19:55:28.277,0.89065,0.8909,1.00,1.50
2015.06.02 19:55:28.378,0.89067,0.8909,1.00,1.00
2015.06.02 19:55:28.690,0.89067,0.89092,2.25,1.00
2015.06.02 19:55:30.802,0.89066,0.8909,1.00,1.00
2015.06.02 19:55:33.686,0.89065,0.8909,1.50,1.50
2015.06.02 19:55:37.839,0.89065,0.89087,1.00,1.00
2015.06.02 19:55:37.890,0.89062,0.89087,2.25,1.00
2015.06.02 19:55:37.991,0.89062,0.89085,1.00,1.00
2015.06.02 19:55:38.572,0.89061,0.89084,1.00,1.00
2015.06.02 19:55:39.329,0.89064,0.89087,1.00,1.00
2015.06.02 19:55:39.878,0.89064,0.89088,1.00,1.00
2015.06.02 19:55:40.198,0.89066,0.89091,1.00,1.50
2015.06.02 19:55:40.703,0.89067,0.89091,1.00,1.00
2015.06.02 19:55:41.207,0.89066,0.89089,1.00,1.00
2015.06.02 19:55:41.309,0.89063,0.89088,1.50,1.00
2015.06.02 19:55:41.460,0.89066,0.89089,1.00,1.00
2015.06.02 19:55:41.511,0.89062,0.89087,1.00,2.25
2015.06.02 19:55:42.041,0.89062,0.89086,1.00,1.12
2015.06.02 19:55:51.892,0.89061,0.89084,1.00,1.00
2015.06.02 19:55:52.755,0.89062,0.89087,1.00,1.50
2015.06.02 19:55:52.805,0.89064,0.89087,1.00,1.00
2015.06.02 19:55:53.145,0.89066,0.89089,1.00,1.00
2015.06.02 19:55:53.678,0.89065,0.89089,1.00,1.00
2015.06.02 19:55:54.605,0.89067,0.8909,1.00,1.00
2015.06.02 19:55:55.126,0.89067,0.89091,1.00,1.00
2015.06.02 19:55:55.659,0.89069,0.8909,1.00,1.00
2015.06.02 19:55:57.830,0.89065,0.8909,1.00,1.50
2015.06.02 19:56:00.720,0.89064,0.89088,1.00,1.00
2015.06.02 19:56:04.040,0.89067,0.8909,1.00,1.00
2015.06.02 19:56:04.091,0.89064,0.89089,1.50,1.00
2015.06.02 19:56:04.525,0.89066,0.89089,1.00,1.00
2015.06.02 19:56:05.639,0.89067,0.89089,1.00,1.00
2015.06.02 19:56:05.689,0.89068,0.89092,1.00,1.00
2015.06.02 19:56:06.360,0.89068,0.89091,1.00,1.00
2015.06.02 19:56:06.715,0.89066,0.89089,1.00,1.00
2015.06.02 19:56:07.320,0.89068,0.8909,1.00,1.00
2015.06.02 19:56:07.421,0.89068,0.89093,1.00,2.62
2015.06.02 19:56:07.717,0.89066,0.8909,1.00,1.00
2015.06.02 19:56:08.292,0.89067,0.8909,1.00,1.00
2015.06.02 19:56:09.605,0.8907,0.89093,1.00,1.00
2015.06.02 19:56:09.706,0.8907,0.89095,1.50,1.87
2015.06.02 19:56:11.359,0.8907,0.89094,1.00,1.00
2015.06.02 19:56:11.861,0.8907,0.89095,1.50,2.62
2015.06.02 19:56:26.291,0.8907,0.89094,1.00,1.00
2015.06.02 19:56:26.832,0.8907,0.89095,1.50,1.50
2015.06.02 19:56:30.608,0.89071,0.89095,1.00,1.00
2015.06.02 19:56:30.911,0.89073,0.89095,1.00,1.00
2015.06.02 19:56:30.962,0.89074,0.89098,1.00,1.00
2015.06.02 19:56:31.063,0.89074,0.89096,1.50,1.00
2015.06.02 19:56:31.246,0.89074,0.89098,1.00,1.00
2015.06.02 19:56:31.789,0.89075,0.89098,1.00,1.00
2015.06.02 19:56:34.389,0.89074,0.89098,1.50,1.00
2015.06.02 19:56:38.328,0.89077,0.891,1.00,1.00
2015.06.02 19:56:38.379,0.89075,0.891,2.25,1.50
2015.06.02 19:56:38.498,0.89077,0.89102,1.00,2.25
2015.06.02 19:56:40.623,0.89078,0.89102,1.00,1.00
2015.06.02 19:56:42.061,0.89077,0.89102,1.50,1.50
2015.06.02 19:56:44.322,0.89078,0.89102,1.00,1.50
2015.06.02 19:56:44.424,0.8908,0.89105,1.00,1.87
2015.06.02 19:56:44.721,0.89083,0.89105,1.00,1.00
2015.06.02 19:56:44.822,0.89083,0.89107,1.00,1.00
2015.06.02 19:56:45.369,0.89082,0.89107,1.50,1.50
2015.06.02 19:56:46.029,0.89082,0.89106,1.00,1.00
2015.06.02 19:56:46.648,0.89081,0.89106,1.00,1.00
2015.06.02 19:56:47.478,0.89084,0.89107,1.00,1.50
2015.06.02 19:56:47.827,0.89084,0.89105,1.00,1.00
2015.06.02 19:56:48.081,0.8908,0.89102,1.00,1.00
2015.06.02 19:56:48.233,0.89079,0.89104,1.00,1.50
2015.06.02 19:56:54.081,0.8908,0.89104,1.00,1.00
2015.06.02 19:56:54.679,0.89079,0.89104,1.00,1.50
2015.06.02 19:56:57.697,0.89082,0.89104,1.00,1.00
2015.06.02 19:56:58.039,0.89082,0.89107,2.25,1.87
2015.06.02 19:56:58.241,0.89084,0.89107,1.00,1.00
2015.06.02 19:56:58.392,0.89085,0.89109,1.00,1.00
2015.06.02 19:56:58.971,0.89085,0.8911,1.50,1.87
2015.06.02 19:57:01.199,0.89085,0.89107,1.00,1.00
2015.06.02 19:57:02.785,0.89085,0.8911,1.50,2.62
2015.06.02 19:57:07.220,0.89085,0.89108,1.00,1.00
2015.06.02 19:57:16.514,0.89085,0.8911,1.50,2.25
2015.06.02 19:57:19.087,0.89086,0.8911,1.00,1.50
2015.06.02 19:57:19.138,0.89088,0.8911,1.00,1.00
2015.06.02 19:57:19.289,0.89086,0.8911,1.00,1.50
2015.06.02 19:57:22.098,0.89085,0.8911,1.50,2.25
2015.06.02 19:57:26.052,0.89085,0.89107,1.00,1.00
2015.06.02 19:57:26.697,0.89085,0.8911,1.50,1.50
2015.06.02 19:57:28.526,0.89085,0.89109,1.00,1.00
2015.06.02 19:57:30.297,0.89084,0.89109,1.00,1.50
2015.06.02 19:57:30.398,0.89086,0.89109,1.00,1.00
2015.06.02 19:57:31.403,0.89087,0.89109,1.00,1.00
2015.06.02 19:57:33.218,0.89086,0.89109,1.00,1.00
2015.06.02 19:57:33.621,0.89086,0.89105,1.00,1.00
2015.06.02 19:57:33.722,0.89083,0.89105,1.00,1.00
2015.06.02 19:57:34.847,0.89083,0.89108,1.50,1.87
2015.06.02 19:57:36.155,0.89083,0.89105,1.00,1.00
2015.06.02 19:57:36.457,0.89088,0.89108,1.00,1.00
2015.06.02 19:57:36.508,0.89084,0.89108,1.00,1.00
2015.06.02 19:57:37.132,0.89084,0.89109,2.25,1.00
2015.06.02 19:57:37.843,0.89087,0.8911,1.00,1.12
2015.06.02 19:57:37.944,0.89084,0.89108,1.50,1.00
2015.06.02 19:57:39.727,0.89086,0.8911,1.00,1.12
2015.06.02 19:57:39.879,0.89084,0.89109,1.50,1.12
2015.06.02 19:57:41.117,0.89085,0.8911,1.00,1.87
2015.06.02 19:57:41.287,0.89085,0.8911,1.00,1.87
2015.06.02 19:57:43.387,0.89084,0.89107,1.50,1.00
2015.06.02 19:57:43.896,0.89085,0.89107,1.00,1.00
2015.06.02 19:57:45.338,0.89086,0.8911,1.00,1.12
2015.06.02 19:57:45.540,0.89088,0.89109,1.00,1.00
2015.06.02 19:57:46.045,0.89088,0.8911,1.00,1.00
2015.06.02 19:57:46.745,0.89088,0.89112,1.00,1.37
2015.06.02 19:57:50.036,0.89087,0.89112,1.50,1.37
2015.06.02 19:57:50.871,0.89087,0.8911,1.00,1.00
2015.06.02 19:57:51.023,0.89085,0.8911,1.50,1.00
2015.06.02 19:57:51.124,0.89087,0.8911,1.00,1.00
2015.06.02 19:57:51.758,0.8909,0.8911,1.00,1.00
2015.06.02 19:57:51.809,0.8909,0.89115,1.50,1.87
2015.06.02 19:57:51.859,0.89089,0.89111,1.50,1.00
2015.06.02 19:57:52.098,0.8909,0.89115,1.00,1.37
2015.06.02 19:57:54.266,0.89089,0.89113,1.50,1.00
2015.06.02 19:57:54.771,0.8909,0.89113,1.00,1.00
2015.06.02 19:57:55.352,0.89087,0.8911,1.50,1.00
2015.06.02 19:57:55.403,0.89089,0.89114,1.00,1.37
2015.06.02 19:57:55.555,0.89089,0.89111,1.00,1.00
2015.06.02 19:57:55.846,0.89089,0.89114,1.50,1.00
2015.06.02 19:57:56.218,0.89091,0.89114,1.00,1.00
2015.06.02 19:57:56.766,0.89092,0.89114,1.00,1.00
2015.06.02 19:57:57.070,0.89088,0.89111,1.00,1.00
2015.06.02 19:57:57.121,0.89088,0.89113,1.50,1.00
2015.06.02 19:57:57.738,0.89088,0.89111,1.00,1.00
2015.06.02 19:57:57.890,0.89089,0.89113,1.00,1.00
2015.06.02 19:57:58.403,0.89088,0.89113,1.50,1.00
2015.06.02 19:57:58.454,0.89088,0.89111,1.00,1.00
2015.06.02 19:57:59.224,0.8909,0.89111,1.00,1.00
2015.06.02 19:57:59.729,0.89091,0.89111,1.00,1.00
2015.06.02 19:58:00.028,0.89091,0.89115,1.50,1.37
2015.06.02 19:58:00.180,0.89091,0.89112,1.00,1.50
2015.06.02 19:58:00.483,0.89081,0.89106,1.00,1.87
2015.06.02 19:58:01.029,0.8908,0.89103,1.00,1.50
2015.06.02 19:58:02.889,0.89081,0.89104,1.00,1.00
2015.06.02 19:58:03.394,0.8908,0.89103,1.12,1.00
2015.06.02 19:58:05.280,0.8908,0.89104,1.12,1.00
2015.06.02 19:58:08.853,0.8908,0.89105,1.87,1.00
2015.06.02 19:58:09.361,0.8908,0.89101,1.50,1.00
2015.06.02 19:58:09.868,0.89078,0.89101,1.50,1.00
2015.06.02 19:58:09.969,0.89076,0.89101,1.50,1.50
2015.06.02 19:58:10.222,0.89076,0.89097,1.00,1.00
2015.06.02 19:58:10.323,0.89075,0.891,1.50,1.50
2015.06.02 19:58:10.374,0.89075,0.89097,1.00,1.00
2015.06.02 19:58:10.471,0.89072,0.89097,1.50,1.00
2015.06.02 19:58:11.009,0.89073,0.89097,1.00,1.00
2015.06.02 19:58:11.111,0.89072,0.89093,1.00,1.00
2015.06.02 19:58:12.675,0.89076,0.89101,1.00,1.87
2015.06.02 19:58:13.184,0.89077,0.89099,1.00,1.00
2015.06.02 19:58:13.285,0.89076,0.89096,1.00,1.00
2015.06.02 19:58:13.511,0.89073,0.89096,1.00,1.00
2015.06.02 19:58:13.662,0.89075,0.89099,1.00,1.00
2015.06.02 19:58:13.814,0.89073,0.89095,1.00,1.00
2015.06.02 19:58:14.477,0.8907,0.89095,1.00,1.50
2015.06.02 19:58:14.631,0.89069,0.89093,1.00,1.00
2015.06.02 19:58:15.135,0.8907,0.89093,1.00,1.00
2015.06.02 19:58:15.287,0.89068,0.89093,1.50,1.50
2015.06.02 19:58:16.203,0.89068,0.8909,1.00,1.00
2015.06.02 19:58:16.630,0.89068,0.89092,1.00,1.00
2015.06.02 19:58:17.957,0.8907,0.89095,1.00,1.00
2015.06.02 19:58:18.396,0.89072,0.89096,1.00,1.50
2015.06.02 19:58:18.945,0.89072,0.89097,1.50,1.50
2015.06.02 19:58:19.665,0.89072,0.89095,1.00,1.00
2015.06.02 19:58:21.145,0.89071,0.89095,1.50,1.00
2015.06.02 19:58:23.295,0.89074,0.89098,1.00,1.50
2015.06.02 19:58:23.346,0.89071,0.89096,2.25,1.00
2015.06.02 19:58:23.747,0.89071,0.89093,1.50,1.00
2015.06.02 19:58:23.899,0.89074,0.89098,1.00,1.00
2015.06.02 19:58:24.401,0.89073,0.89097,1.00,1.00
2015.06.02 19:58:24.868,0.89074,0.89099,1.00,1.50
2015.06.02 19:58:24.918,0.89073,0.89096,1.00,1.00
2015.06.02 19:58:25.019,0.89071,0.89096,1.50,1.50
2015.06.02 19:58:25.322,0.89071,0.89094,1.00,1.00
2015.06.02 19:58:25.524,0.89068,0.89094,1.00,1.50
2015.06.02 19:58:25.923,0.8907,0.89094,1.00,1.00
2015.06.02 19:58:26.866,0.8907,0.89095,1.50,1.50
2015.06.02 19:58:27.254,0.89068,0.89093,1.50,1.00
2015.06.02 19:58:27.775,0.89068,0.89091,1.00,1.00
2015.06.02 19:58:28.078,0.89071,0.89092,1.00,1.00
2015.06.02 19:58:28.582,0.89071,0.89096,1.50,1.50
2015.06.02 19:58:28.684,0.89071,0.89092,1.00,1.00
2015.06.02 19:58:28.988,0.89072,0.89097,1.50,1.00
2015.06.02 19:58:29.039,0.89074,0.89097,1.00,1.00
2015.06.02 19:58:29.448,0.89074,0.89094,1.00,1.00
2015.06.02 19:58:29.751,0.89071,0.89094,1.00,1.00
2015.06.02 19:58:30.546,0.89073,0.89094,1.00,1.00
2015.06.02 19:58:31.173,0.89074,0.89099,1.00,1.00
2015.06.02 19:58:31.224,0.89076,0.891,1.00,1.00
2015.06.02 19:58:31.790,0.89076,0.89099,1.00,1.00
2015.06.02 19:58:31.841,0.89076,0.89102,2.25,1.00
2015.06.02 19:58:31.892,0.89078,0.89103,1.00,1.87
2015.06.02 19:58:32.195,0.89078,0.891,1.00,1.00
2015.06.02 19:58:32.660,0.89078,0.89102,1.00,1.12
2015.06.02 19:58:32.762,0.89078,0.89099,1.00,1.00
2015.06.02 19:58:33.065,0.89076,0.89099,1.00,1.00
2015.06.02 19:58:33.851,0.89076,0.89101,1.50,1.00
2015.06.02 19:58:33.953,0.89078,0.89101,1.00,1.00
2015.06.02 19:58:34.497,0.89079,0.89103,1.00,1.00
2015.06.02 19:58:35.013,0.89078,0.89102,1.00,1.00
2015.06.02 19:58:35.363,0.89082,0.89102,1.00,1.00
2015.06.02 19:58:35.414,0.89077,0.89102,1.00,1.50
2015.06.02 19:58:35.577,0.8908,0.89103,1.00,1.00
2015.06.02 19:58:37.169,0.89078,0.891,1.00,1.00
2015.06.02 19:58:37.321,0.89076,0.891,1.00,1.00
2015.06.02 19:58:37.423,0.89078,0.89102,1.00,1.00
2015.06.02 19:58:39.181,0.89078,0.89103,1.00,2.25
2015.06.02 19:58:39.756,0.89078,0.89102,1.00,1.00
2015.06.02 19:58:40.581,0.89076,0.89099,1.00,1.00
2015.06.02 19:58:43.696,0.89077,0.89102,1.00,1.50
2015.06.02 19:58:43.747,0.89076,0.891,1.00,1.00
2015.06.02 19:58:45.237,0.89075,0.891,2.25,1.50
2015.06.02 19:58:46.317,0.89076,0.891,1.00,1.00
2015.06.02 19:58:47.202,0.89075,0.891,1.50,1.50
2015.06.02 19:58:47.505,0.89082,0.89104,1.00,1.00
2015.06.02 19:58:47.556,0.89078,0.89103,1.50,1.00
2015.06.02 19:58:47.657,0.89081,0.89104,1.00,1.00
2015.06.02 19:58:49.265,0.89078,0.89103,1.50,1.00
2015.06.02 19:58:49.367,0.89084,0.89104,1.00,1.00
2015.06.02 19:58:49.417,0.89081,0.89104,1.00,1.00
2015.06.02 19:58:49.468,0.89082,0.89107,1.00,1.50
2015.06.02 19:58:49.824,0.89087,0.89107,1.00,1.00
2015.06.02 19:58:49.925,0.89083,0.89107,1.00,1.00
2015.06.02 19:58:50.077,0.89084,0.89109,1.00,1.50
2015.06.02 19:58:51.356,0.89087,0.89109,1.00,1.00
2015.06.02 19:58:51.457,0.89083,0.89108,1.50,1.00
2015.06.02 19:58:52.008,0.89083,0.89107,1.00,1.00
2015.06.02 19:58:52.218,0.89088,0.89109,1.00,1.00
2015.06.02 19:58:52.269,0.89083,0.89107,1.00,1.00
2015.06.02 19:58:52.421,0.89084,0.89109,1.00,1.50
2015.06.02 19:58:53.345,0.89088,0.89109,1.00,1.00
2015.06.02 19:58:53.446,0.89085,0.8911,1.50,1.50
2015.06.02 19:58:53.848,0.89084,0.89107,1.00,1.00
2015.06.02 19:58:53.949,0.89082,0.89107,1.50,1.00
2015.06.02 19:58:55.241,0.89084,0.89107,1.00,1.00
2015.06.02 19:58:55.746,0.89083,0.89107,1.00,1.00
2015.06.02 19:58:58.089,0.89085,0.89108,1.00,1.00
2015.06.02 19:58:58.190,0.89085,0.8911,1.00,1.50
2015.06.02 19:58:58.291,0.89087,0.89111,1.00,1.00
2015.06.02 19:58:58.811,0.89088,0.89112,1.50,1.00
2015.06.02 19:58:59.324,0.89087,0.89112,1.00,1.00
2015.06.02 19:58:59.678,0.89086,0.8911,1.00,1.00
2015.06.02 19:59:00.267,0.89085,0.89109,1.50,1.00
2015.06.02 19:59:00.804,0.89085,0.89108,1.00,1.00
2015.06.02 19:59:01.222,0.89087,0.89111,1.00,1.00
2015.06.02 19:59:01.273,0.89085,0.89107,1.00,1.00
2015.06.02 19:59:01.424,0.89086,0.89111,1.00,1.50
2015.06.02 19:59:02.879,0.89087,0.89111,1.00,1.00
2015.06.02 19:59:03.535,0.89086,0.8911,1.00,1.00
2015.06.02 19:59:04.816,0.89084,0.89108,1.00,1.00
2015.06.02 19:59:09.318,0.89083,0.89108,2.25,1.00
2015.06.02 19:59:09.924,0.89084,0.89108,1.00,1.00
2015.06.02 19:59:10.978,0.89085,0.8911,1.00,1.00
2015.06.02 19:59:11.443,0.89087,0.89112,1.00,1.50
2015.06.02 19:59:14.576,0.89088,0.89112,1.00,1.00
2015.06.02 19:59:15.238,0.89088,0.89113,1.50,1.50
2015.06.02 19:59:15.794,0.89088,0.89108,1.00,1.00
2015.06.02 19:59:15.845,0.8909,0.89113,1.00,1.00
2015.06.02 19:59:17.019,0.89088,0.89111,1.00,1.00
2015.06.02 19:59:17.634,0.89087,0.89111,1.00,1.00
2015.06.02 19:59:20.332,0.89087,0.89107,1.00,1.00
2015.06.02 19:59:20.484,0.89085,0.89107,1.00,1.00
2015.06.02 19:59:21.374,0.89085,0.8911,1.50,1.00
2015.06.02 19:59:21.475,0.89087,0.8911,1.00,1.00
2015.06.02 19:59:21.882,0.89085,0.8911,1.00,2.25
2015.06.02 19:59:23.176,0.89085,0.89109,1.00,1.00
2015.06.02 19:59:23.718,0.89084,0.89108,1.00,1.00
2015.06.02 19:59:27.497,0.89085,0.89108,1.00,1.00
2015.06.02 19:59:29.564,0.89085,0.89105,1.00,1.12
2015.06.02 19:59:29.700,0.89079,0.89104,1.00,1.00
2015.06.02 19:59:29.751,0.89081,0.89105,1.00,2.62
2015.06.02 19:59:30.075,0.89081,0.89102,1.00,1.12
2015.06.02 19:59:30.603,0.89077,0.89102,1.50,1.50
2015.06.02 19:59:30.856,0.8908,0.89102,1.00,1.00
2015.06.02 19:59:31.473,0.89077,0.89102,1.50,1.50
2015.06.02 19:59:31.605,0.8908,0.89102,1.00,1.00
2015.06.02 19:59:32.867,0.89077,0.89101,1.00,1.00
2015.06.02 19:59:33.379,0.89076,0.89101,1.50,1.50
2015.06.02 19:59:34.952,0.89078,0.89101,1.00,1.00
2015.06.02 19:59:36.345,0.89076,0.89101,2.25,1.00
2015.06.02 19:59:36.943,0.89077,0.89101,1.00,1.00
2015.06.02 19:59:37.751,0.89076,0.89101,2.25,1.50
2015.06.02 19:59:41.935,0.89076,0.891,1.00,1.00
2015.06.02 19:59:42.880,0.89074,0.89098,1.00,1.00
2015.06.02 19:59:43.421,0.89073,0.89098,1.50,1.50
2015.06.02 19:59:43.686,0.89074,0.891,1.00,1.87
2015.06.02 19:59:44.194,0.89073,0.89098,2.25,1.00
2015.06.02 19:59:45.661,0.89075,0.89099,1.00,1.00
2015.06.02 19:59:46.197,0.89074,0.89095,1.00,1.00
2015.06.02 19:59:46.450,0.8907,0.89093,1.00,1.00
2015.06.02 19:59:46.551,0.8907,0.89095,1.50,1.00
2015.06.02 19:59:47.100,0.8907,0.89094,1.00,1.12
2015.06.02 19:59:47.201,0.8907,0.89091,1.00,1.00
2015.06.02 19:59:47.505,0.89068,0.89091,1.50,1.00
2015.06.02 19:59:47.779,0.8907,0.89094,1.00,1.00
2015.06.02 19:59:48.574,0.8907,0.89094,1.00,1.37
2015.06.02 19:59:49.117,0.89069,0.89092,1.00,1.12
2015.06.02 19:59:49.319,0.89066,0.89091,1.00,1.37
2015.06.02 19:59:49.421,0.89065,0.8909,1.50,1.00
2015.06.02 19:59:49.572,0.89068,0.89089,1.00,1.00
2015.06.02 19:59:49.674,0.89069,0.89095,1.50,1.12
2015.06.02 19:59:49.724,0.89069,0.89093,1.00,1.00
2015.06.02 19:59:49.977,0.8907,0.89095,1.00,2.62
2015.06.02 19:59:50.194,0.8907,0.89093,1.00,1.00
2015.06.02 19:59:50.505,0.89067,0.89092,1.50,1.12
2015.06.02 19:59:50.606,0.89067,0.8909,1.00,1.00
2015.06.02 19:59:51.184,0.89067,0.89092,1.50,1.12
2015.06.02 19:59:52.475,0.8907,0.89092,1.00,1.00
2015.06.02 19:59:52.714,0.89071,0.89094,1.00,1.00
2015.06.02 19:59:52.765,0.89071,0.8909,1.00,1.00
2015.06.02 19:59:53.077,0.89071,0.89087,1.00,1.00
2015.06.02 19:59:53.330,0.89068,0.89085,1.00,1.00
2015.06.02 19:59:53.431,0.89068,0.89083,1.00,1.00
2015.06.02 19:59:53.971,0.89067,0.89083,1.00,1.00
2015.06.02 19:59:54.487,0.89065,0.89083,1.00,1.00
2015.06.02 19:59:54.639,0.89065,0.8908,1.00,1.00
2015.06.02 19:59:54.939,0.89063,0.8908,1.00,1.00
2015.06.02 19:59:55.790,0.89062,0.8908,1.00,1.00
2015.06.02 19:59:55.992,0.89059,0.8908,1.87,1.00
2015.06.02 19:59:56.193,0.8906,0.89077,1.00,1.00
2015.06.02 19:59:56.250,0.8906,0.89084,1.00,1.50
2015.06.02 19:59:56.452,0.89059,0.8908,1.00,1.00
2015.06.02 19:59:56.891,0.89057,0.8908,1.00,1.00
2015.06.02 19:59:57.597,0.89061,0.8908,1.00,1.00
2015.06.02 19:59:57.899,0.89058,0.89079,1.50,1.00
2015.06.02 19:59:59.415,0.8906,0.89079,1.00,1.00
2015.06.02 19:59:59.819,0.8906,0.89085,1.37,1.00
2015.06.02 19:59:59.960,0.89067,0.89085,1.00,1.00
