2013.01.31 10:00:00.192,0.76191,0.76208,1.73,1.50
2013.01.31 10:00:01.432,0.76191,0.76208,1.73,1.50
2013.01.31 10:00:04.434,0.76191,0.76208,1.73,1.50
2013.01.31 10:00:04.972,0.76189,0.76208,1.73,1.50
2013.01.31 10:00:05.092,0.76189,0.76208,1.73,1.50
2013.01.31 10:00:05.693,0.76189,0.76208,1.73,1.50
2013.01.31 10:00:06.293,0.76192,0.76208,1.73,1.50
2013.01.31 10:00:08.403,0.76192,0.76211,3.23,3.00
2013.01.31 10:00:08.523,0.76195,0.76213,2.48,1.50
2013.01.31 10:00:08.583,0.76195,0.76215,2.48,1.50
2013.01.31 10:00:10.363,0.76198,0.76218,1.50,1.73
2013.01.31 10:00:10.422,0.76198,0.76219,2.25,1.73
2013.01.31 10:00:10.602,0.76202,0.76223,2.25,2.48
2013.01.31 10:00:12.613,0.76202,0.7622,1.50,2.48
2013.01.31 10:00:12.732,0.76196,0.76218,2.25,1.73
2013.01.31 10:00:14.554,0.76196,0.76218,1.50,2.48
2013.01.31 10:00:17.223,0.76196,0.76214,1.50,1.50
2013.01.31 10:00:17.402,0.76192,0.76214,1.73,3.38
2013.01.31 10:00:17.462,0.76192,0.76213,1.73,1.13
2013.01.31 10:00:21.373,0.76192,0.76213,2.25,1.35
2013.01.31 10:00:27.266,0.76192,0.76213,1.50,2.10
2013.01.31 10:00:28.578,0.76192,0.76213,1.50,2.10
2013.01.31 10:00:28.823,0.76189,0.76201,1.73,1.50
2013.01.31 10:00:28.944,0.76182,0.76201,1.35,1.50
2013.01.31 10:00:29.015,0.76181,0.76203,2.85,3.00
2013.01.31 10:00:29.073,0.76182,0.76203,1.73,2.25
2013.01.31 10:00:29.396,0.76182,0.76203,1.73,2.25
2013.01.31 10:00:29.762,0.76181,0.76203,3.60,2.25
2013.01.31 10:00:31.693,0.76186,0.76204,1.50,1.73
2013.01.31 10:00:32.884,0.76186,0.76205,2.25,2.48
2013.01.31 10:00:35.032,0.76186,0.76205,2.48,1.50
2013.01.31 10:00:37.793,0.76188,0.7621,1.50,3.23
2013.01.31 10:00:38.362,0.76188,0.7621,3.00,1.50
2013.01.31 10:00:38.722,0.76192,0.7621,1.73,1.50
2013.01.31 10:00:38.962,0.76194,0.76215,1.73,1.13
2013.01.31 10:00:39.393,0.76194,0.76216,2.48,2.10
2013.01.31 10:00:39.955,0.76194,0.76216,1.73,2.48
2013.01.31 10:00:41.402,0.76194,0.76216,2.48,2.48
2013.01.31 10:00:41.523,0.76199,0.76219,1.50,3.60
2013.01.31 10:00:41.702,0.76199,0.76219,1.50,3.60
2013.01.31 10:00:42.267,0.76199,0.76219,1.73,2.63
2013.01.31 10:00:42.332,0.76199,0.76219,2.48,1.88
2013.01.31 10:00:46.143,0.76199,0.76219,2.25,2.10
2013.01.31 10:00:48.362,0.76199,0.76219,1.50,2.85
2013.01.31 10:00:52.772,0.76199,0.76219,2.25,2.10
2013.01.31 10:00:54.562,0.76199,0.76219,2.25,2.48
2013.01.31 10:00:54.942,0.76199,0.76219,2.48,1.50
2013.01.31 10:00:55.063,0.76199,0.76219,3.23,1.50
2013.01.31 10:00:55.243,0.76202,0.76224,3.23,2.48
2013.01.31 10:00:55.302,0.76202,0.76224,3.23,2.48
2013.01.31 10:00:57.352,0.76202,0.76224,2.48,1.73
2013.01.31 10:00:57.902,0.76202,0.76224,1.73,2.48
2013.01.31 10:00:58.567,0.76202,0.76224,2.48,1.73
2013.01.31 10:00:58.903,0.76207,0.76227,1.50,2.85
2013.01.31 10:00:59.922,0.76207,0.76227,1.73,1.88
2013.01.31 10:01:00.044,0.76207,0.76227,2.48,1.88
2013.01.31 10:01:00.402,0.7621,0.76232,2.48,3.23
2013.01.31 10:01:00.463,0.7621,0.76232,2.48,2.48
2013.01.31 10:01:01.494,0.7621,0.76233,3.23,3.23
2013.01.31 10:01:04.394,0.7621,0.7623,1.73,1.50
2013.01.31 10:01:04.700,0.76206,0.76228,3.00,2.85
2013.01.31 10:01:05.423,0.76206,0.76228,2.25,2.85
2013.01.31 10:01:05.883,0.76206,0.76228,2.48,2.85
2013.01.31 10:01:07.173,0.76206,0.76224,1.73,1.13
2013.01.31 10:01:07.502,0.76203,0.76223,1.73,2.10
2013.01.31 10:01:09.853,0.76203,0.76223,1.73,2.85
2013.01.31 10:01:10.212,0.76203,0.76223,1.73,2.25
2013.01.31 10:01:10.272,0.76204,0.76223,1.73,1.50
2013.01.31 10:01:10.333,0.76203,0.76223,2.48,1.50
2013.01.31 10:01:10.465,0.76207,0.76227,2.48,1.88
2013.01.31 10:01:10.902,0.76207,0.76227,1.73,2.85
2013.01.31 10:01:11.934,0.76207,0.76227,2.48,2.10
2013.01.31 10:01:13.212,0.76207,0.76227,1.73,2.85
2013.01.31 10:01:13.333,0.76203,0.76223,2.48,1.73
2013.01.31 10:01:13.452,0.76203,0.76223,3.23,1.73
2013.01.31 10:01:13.782,0.76203,0.76223,2.48,1.50
2013.01.31 10:01:14.145,0.76203,0.76223,2.48,1.50
2013.01.31 10:01:15.276,0.76203,0.76223,3.23,1.73
2013.01.31 10:01:20.141,0.76203,0.76223,1.50,1.73
2013.01.31 10:01:22.842,0.76203,0.76223,1.50,2.48
2013.01.31 10:01:23.022,0.76201,0.76219,2.48,2.25
2013.01.31 10:01:23.142,0.76199,0.76219,2.25,2.48
2013.01.31 10:01:23.262,0.76199,0.76219,3.23,2.25
2013.01.31 10:01:24.945,0.76203,0.76221,1.50,2.48
2013.01.31 10:01:25.833,0.76203,0.76222,2.25,1.73
2013.01.31 10:01:27.483,0.76203,0.76222,1.50,2.48
2013.01.31 10:01:29.723,0.76203,0.76222,2.25,1.73
2013.01.31 10:01:29.942,0.76203,0.76222,1.50,1.73
2013.01.31 10:01:30.122,0.76203,0.76222,2.25,1.73
2013.01.31 10:01:32.433,0.76203,0.76222,1.50,2.48
2013.01.31 10:01:32.793,0.76203,0.76222,2.25,1.73
2013.01.31 10:01:32.972,0.76203,0.76222,2.25,1.73
2013.01.31 10:01:33.692,0.76203,0.76222,1.50,1.50
2013.01.31 10:01:34.274,0.76204,0.76227,1.50,2.48
2013.01.31 10:01:39.583,0.76205,0.76227,2.48,2.48
2013.01.31 10:01:39.702,0.76205,0.76227,2.25,2.48
2013.01.31 10:01:42.604,0.76205,0.76224,1.50,1.73
2013.01.31 10:01:46.158,0.76205,0.76223,1.50,1.73
2013.01.31 10:01:46.287,0.762,0.76218,2.25,1.73
2013.01.31 10:01:48.012,0.76197,0.76217,2.25,1.50
2013.01.31 10:01:52.482,0.76197,0.76217,2.25,2.48
2013.01.31 10:01:52.783,0.76203,0.76222,2.25,1.88
2013.01.31 10:01:52.845,0.76203,0.76226,1.50,4.73
2013.01.31 10:01:52.964,0.76203,0.76226,1.50,2.48
2013.01.31 10:01:53.084,0.76207,0.76227,1.73,2.85
2013.01.31 10:01:53.143,0.76207,0.76227,2.48,2.10
2013.01.31 10:01:53.503,0.76211,0.76233,1.50,1.50
2013.01.31 10:01:54.006,0.76211,0.76234,1.50,2.25
2013.01.31 10:01:54.133,0.76211,0.76234,2.25,1.50
2013.01.31 10:01:54.312,0.76215,0.76238,1.50,3.23
2013.01.31 10:01:54.433,0.76215,0.76238,2.25,2.25
2013.01.31 10:01:54.952,0.76215,0.76238,1.50,3.00
2013.01.31 10:01:55.313,0.76215,0.76238,2.25,1.50
2013.01.31 10:01:55.812,0.76216,0.76238,2.48,3.00
2013.01.31 10:01:56.403,0.76216,0.76238,2.48,3.23
2013.01.31 10:01:57.014,0.76216,0.76238,2.48,3.00
2013.01.31 10:01:58.622,0.76216,0.76238,2.48,3.00
2013.01.31 10:01:58.682,0.76216,0.76237,2.48,1.50
2013.01.31 10:01:58.862,0.76216,0.76235,2.48,1.35
2013.01.31 10:02:00.044,0.76211,0.7623,1.73,1.50
2013.01.31 10:02:00.107,0.7621,0.7623,1.73,1.73
2013.01.31 10:02:00.582,0.76208,0.7623,2.48,1.50
2013.01.31 10:02:00.660,0.76208,0.7623,2.48,1.73
2013.01.31 10:02:01.792,0.7621,0.76233,2.48,2.85
2013.01.31 10:02:01.852,0.7621,0.76233,2.25,2.85
2013.01.31 10:02:02.412,0.7621,0.76233,2.25,2.85
2013.01.31 10:02:02.714,0.76211,0.76233,1.50,1.88
2013.01.31 10:02:03.243,0.76213,0.76233,2.48,2.10
2013.01.31 10:02:03.482,0.76213,0.76233,3.23,1.88
2013.01.31 10:02:04.046,0.76213,0.76233,2.48,1.88
2013.01.31 10:02:06.632,0.76213,0.76233,3.23,1.88
2013.01.31 10:02:07.202,0.76213,0.76233,2.25,1.50
2013.01.31 10:02:07.262,0.76215,0.76237,3.00,1.88
2013.01.31 10:02:07.682,0.76215,0.76237,2.25,2.63
2013.01.31 10:02:08.045,0.76219,0.76241,2.25,1.50
2013.01.31 10:02:08.163,0.76219,0.76241,2.25,1.50
2013.01.31 10:02:08.283,0.76223,0.76245,1.50,1.88
2013.01.31 10:02:08.414,0.76223,0.76245,1.50,1.50
2013.01.31 10:02:09.254,0.76225,0.76245,2.25,1.50
2013.01.31 10:02:09.313,0.76225,0.76245,2.48,1.50
2013.01.31 10:02:09.942,0.76225,0.76245,2.25,1.50
2013.01.31 10:02:10.283,0.76227,0.76248,1.73,1.13
2013.01.31 10:02:10.876,0.76227,0.76249,2.25,1.50
2013.01.31 10:02:11.124,0.76231,0.76253,2.25,2.48
2013.01.31 10:02:14.143,0.76233,0.76252,1.50,1.73
2013.01.31 10:02:14.443,0.76231,0.76248,1.50,1.50
2013.01.31 10:02:14.682,0.76227,0.76248,1.73,1.50
2013.01.31 10:02:15.773,0.76227,0.76248,1.73,3.00
2013.01.31 10:02:16.073,0.76227,0.76243,1.50,1.73
2013.01.31 10:02:16.192,0.76222,0.76242,2.48,2.25
2013.01.31 10:02:16.313,0.76222,0.76242,2.48,2.25
2013.01.31 10:02:16.683,0.76222,0.76242,2.48,2.25
2013.01.31 10:02:17.613,0.76222,0.76242,2.25,2.48
2013.01.31 10:02:21.663,0.76222,0.76242,1.50,3.23
2013.01.31 10:02:22.924,0.76222,0.76242,1.50,3.23
2013.01.31 10:02:23.284,0.76218,0.76237,1.50,1.73
2013.01.31 10:02:23.343,0.76213,0.76235,2.10,2.48
2013.01.31 10:02:23.747,0.76213,0.76233,1.50,1.73
2013.01.31 10:02:24.393,0.76211,0.76232,2.48,1.73
2013.01.31 10:02:25.253,0.76211,0.76232,1.13,2.48
2013.01.31 10:02:25.492,0.76209,0.76232,2.85,1.73
2013.01.31 10:02:29.442,0.76209,0.76232,2.48,2.25
2013.01.31 10:02:30.082,0.76214,0.76233,1.50,1.73
2013.01.31 10:02:31.071,0.76214,0.76235,2.25,2.48
2013.01.31 10:02:31.464,0.76214,0.76235,2.48,2.25
2013.01.31 10:02:32.802,0.76214,0.76235,2.48,1.50
2013.01.31 10:02:32.864,0.76218,0.76237,2.25,1.50
2013.01.31 10:02:32.983,0.76218,0.7624,2.48,1.73
2013.01.31 10:02:35.415,0.76218,0.7624,2.48,1.50
2013.01.31 10:02:35.473,0.76218,0.7624,2.48,1.50
2013.01.31 10:02:35.982,0.76218,0.7624,2.48,1.73
2013.01.31 10:02:36.102,0.76218,0.7624,2.48,1.73
2013.01.31 10:02:38.363,0.76218,0.7624,2.48,1.73
2013.01.31 10:02:38.722,0.76222,0.76243,1.50,2.48
2013.01.31 10:02:38.912,0.7622,0.76239,2.25,1.73
2013.01.31 10:02:39.153,0.76219,0.76239,2.25,1.73
2013.01.31 10:02:41.497,0.76219,0.76239,2.48,1.73
2013.01.31 10:02:41.903,0.76219,0.76239,2.25,1.73
2013.01.31 10:02:42.465,0.76215,0.76236,3.23,1.73
2013.01.31 10:02:44.132,0.76216,0.76236,1.73,1.50
2013.01.31 10:02:44.192,0.76219,0.76239,1.50,2.48
2013.01.31 10:02:44.493,0.76219,0.76239,2.25,1.73
2013.01.31 10:02:47.143,0.76219,0.76239,1.50,2.48
2013.01.31 10:02:47.903,0.76219,0.76239,2.25,1.73
2013.01.31 10:02:49.024,0.76219,0.76239,3.00,1.73
2013.01.31 10:02:49.104,0.76219,0.76239,3.98,1.50
2013.01.31 10:02:49.164,0.76224,0.76245,1.73,1.73
2013.01.31 10:02:50.066,0.76224,0.76246,2.48,2.48
2013.01.31 10:02:50.453,0.76224,0.76245,1.73,1.73
2013.01.31 10:02:50.976,0.76224,0.76244,1.73,1.73
2013.01.31 10:02:51.282,0.76223,0.7624,1.50,3.23
2013.01.31 10:02:51.584,0.7622,0.7624,1.50,3.23
2013.01.31 10:02:52.993,0.7622,0.76239,1.50,1.73
2013.01.31 10:02:53.247,0.76218,0.76236,1.50,1.73
2013.01.31 10:02:53.763,0.76217,0.76236,1.50,1.73
2013.01.31 10:02:54.182,0.76212,0.76234,1.73,3.23
2013.01.31 10:02:54.302,0.76212,0.76234,2.48,2.48
2013.01.31 10:02:54.603,0.76219,0.76235,2.25,1.50
2013.01.31 10:02:54.664,0.76219,0.76239,2.48,1.73
2013.01.31 10:02:54.782,0.76219,0.76239,1.73,2.25
2013.01.31 10:02:57.113,0.76219,0.76239,1.73,2.25
2013.01.31 10:02:58.564,0.76219,0.76239,2.48,1.50
2013.01.31 10:02:58.813,0.76222,0.76244,1.73,2.25
2013.01.31 10:02:59.790,0.76222,0.76244,5.10,1.50
2013.01.31 10:03:00.417,0.76222,0.76244,2.48,2.25
2013.01.31 10:03:00.652,0.76222,0.76244,2.48,2.25
2013.01.31 10:03:02.073,0.76222,0.76244,2.48,2.25
2013.01.31 10:03:02.493,0.76228,0.76247,1.73,1.50
2013.01.31 10:03:08.513,0.76228,0.76247,1.50,2.48
2013.01.31 10:03:09.569,0.76228,0.76247,1.50,2.48
2013.01.31 10:03:10.012,0.76228,0.76247,1.73,2.48
2013.01.31 10:03:12.484,0.76228,0.76247,1.73,2.48
2013.01.31 10:03:12.542,0.76228,0.76247,1.73,3.23
2013.01.31 10:03:12.603,0.76228,0.76247,1.73,2.48
2013.01.31 10:03:12.862,0.76228,0.76247,1.73,3.23
2013.01.31 10:03:13.475,0.76228,0.76247,1.73,3.00
2013.01.31 10:03:13.724,0.76228,0.76247,1.73,2.25
2013.01.31 10:03:14.350,0.76228,0.76245,1.50,1.50
2013.01.31 10:03:14.864,0.76226,0.76244,1.73,2.25
2013.01.31 10:03:15.727,0.76224,0.76244,1.73,3.00
2013.01.31 10:03:18.704,0.76221,0.76241,1.35,1.50
2013.01.31 10:03:20.592,0.76221,0.76241,2.10,1.50
2013.01.31 10:03:23.273,0.76219,0.76239,2.48,2.25
2013.01.31 10:03:23.452,0.76216,0.76238,1.88,2.48
2013.01.31 10:03:23.753,0.76215,0.76238,2.10,2.48
2013.01.31 10:03:27.313,0.76215,0.76238,1.73,2.25
2013.01.31 10:03:28.562,0.76215,0.76238,3.23,2.25
2013.01.31 10:03:28.785,0.76215,0.76238,3.98,1.50
2013.01.31 10:03:29.424,0.76215,0.76238,3.98,1.50
2013.01.31 10:03:30.324,0.76215,0.76238,3.23,2.25
2013.01.31 10:03:33.303,0.76215,0.76238,3.23,2.48
2013.01.31 10:03:34.003,0.76215,0.76238,1.73,2.48
2013.01.31 10:03:40.503,0.76215,0.76238,1.73,2.48
2013.01.31 10:03:40.816,0.7622,0.7624,1.50,2.48
2013.01.31 10:03:41.972,0.7622,0.7624,1.73,2.25
2013.01.31 10:03:42.032,0.7622,0.7624,1.73,2.25
2013.01.31 10:03:43.015,0.7622,0.7624,1.73,2.25
2013.01.31 10:03:43.522,0.7622,0.7624,1.50,2.48
2013.01.31 10:03:44.638,0.76224,0.76242,2.10,1.73
2013.01.31 10:03:44.702,0.76224,0.76244,2.33,3.00
2013.01.31 10:03:44.763,0.76225,0.76244,1.58,2.25
2013.01.31 10:03:44.883,0.76231,0.76249,1.50,2.25
2013.01.31 10:03:45.433,0.76231,0.76253,1.73,2.48
2013.01.31 10:03:45.913,0.76231,0.76253,2.48,2.48
2013.01.31 10:03:47.723,0.76231,0.76253,2.48,2.25
2013.01.31 10:03:48.742,0.76231,0.76253,2.25,2.48
2013.01.31 10:03:49.681,0.76231,0.76253,1.50,2.48
2013.01.31 10:03:50.034,0.76231,0.76253,1.73,2.25
2013.01.31 10:03:50.283,0.76231,0.76253,2.48,2.25
2013.01.31 10:03:50.523,0.76231,0.76253,3.23,2.48
2013.01.31 10:03:50.882,0.76231,0.76253,3.23,2.48
2013.01.31 10:03:52.394,0.76231,0.76253,3.23,2.48
2013.01.31 10:03:52.513,0.76231,0.76253,2.48,2.25
2013.01.31 10:03:53.105,0.76235,0.76256,1.50,1.73
2013.01.31 10:04:01.259,0.76232,0.76252,2.48,1.50
2013.01.31 10:04:01.676,0.76232,0.76252,1.73,2.25
2013.01.31 10:04:02.266,0.76232,0.76252,1.73,2.48
2013.01.31 10:04:02.818,0.76232,0.76252,1.50,2.48
2013.01.31 10:04:05.293,0.76227,0.76249,2.10,2.25
2013.01.31 10:04:05.353,0.76227,0.76249,1.73,2.48
2013.01.31 10:04:06.173,0.76227,0.76245,1.73,1.50
2013.01.31 10:04:06.563,0.76228,0.76248,2.10,2.25
2013.01.31 10:04:07.546,0.76228,0.76248,2.10,2.25
2013.01.31 10:04:09.083,0.76234,0.76253,2.48,2.25
2013.01.31 10:04:09.382,0.76241,0.76258,1.73,1.50
2013.01.31 10:04:09.915,0.76241,0.76261,1.73,2.25
2013.01.31 10:04:10.463,0.76241,0.76261,1.73,2.48
2013.01.31 10:04:11.762,0.76237,0.76258,1.73,2.25
2013.01.31 10:04:13.432,0.76236,0.76258,2.48,1.50
2013.01.31 10:04:15.003,0.7624,0.76262,1.73,3.23
2013.01.31 10:04:15.123,0.76239,0.76257,1.73,1.50
2013.01.31 10:04:16.127,0.76237,0.76256,1.73,1.50
2013.01.31 10:04:16.373,0.76233,0.76253,1.73,2.25
2013.01.31 10:04:16.493,0.76233,0.76253,1.73,2.48
2013.01.31 10:04:16.553,0.7623,0.7625,1.73,1.50
2013.01.31 10:04:17.115,0.76229,0.7625,1.73,2.25
2013.01.31 10:04:17.849,0.76231,0.7625,3.23,1.50
2013.01.31 10:04:17.912,0.76233,0.76253,2.48,1.50
2013.01.31 10:04:18.382,0.76233,0.76253,2.48,2.25
2013.01.31 10:04:18.502,0.76233,0.76253,1.73,2.25
2013.01.31 10:04:19.062,0.76233,0.76253,1.73,2.25
2013.01.31 10:04:19.244,0.76233,0.76253,1.73,2.25
2013.01.31 10:04:22.772,0.76233,0.76253,1.73,2.48
2013.01.31 10:04:22.893,0.76233,0.76253,1.73,2.48
2013.01.31 10:04:24.344,0.76229,0.7625,2.48,1.50
2013.01.31 10:04:24.653,0.76232,0.7625,1.73,1.50
2013.01.31 10:04:25.400,0.76232,0.7625,1.73,1.50
2013.01.31 10:04:25.523,0.76229,0.7625,2.48,2.25
2013.01.31 10:04:25.762,0.76229,0.7625,2.48,2.25
2013.01.31 10:04:26.123,0.76232,0.76254,2.48,2.25
2013.01.31 10:04:30.073,0.76233,0.76254,1.35,2.25
2013.01.31 10:04:30.772,0.76233,0.76251,1.35,1.50
2013.01.31 10:04:34.392,0.76233,0.76252,2.85,1.50
2013.01.31 10:04:34.453,0.76233,0.76254,2.85,2.25
2013.01.31 10:04:34.694,0.76236,0.76254,1.73,1.50
2013.01.31 10:04:34.993,0.76238,0.76259,2.48,2.25
2013.01.31 10:04:35.114,0.76242,0.76259,1.73,1.50
2013.01.31 10:04:35.502,0.76241,0.76263,3.60,1.50
2013.01.31 10:04:37.253,0.76242,0.76263,1.73,2.25
2013.01.31 10:04:37.373,0.76242,0.76263,1.73,2.25
2013.01.31 10:04:37.493,0.76242,0.76263,1.73,2.25
2013.01.31 10:04:37.672,0.76242,0.76263,1.73,2.25
2013.01.31 10:04:38.403,0.76241,0.76263,2.48,2.25
2013.01.31 10:04:39.502,0.76242,0.76263,1.73,2.25
2013.01.31 10:04:40.254,0.76241,0.76263,2.48,2.25
2013.01.31 10:04:40.317,0.7624,0.7626,1.73,1.50
2013.01.31 10:04:40.639,0.76238,0.7626,1.73,2.25
2013.01.31 10:04:40.824,0.76238,0.7626,1.73,2.25
2013.01.31 10:04:43.673,0.76238,0.76259,1.73,1.73
2013.01.31 10:04:43.735,0.76236,0.76255,1.73,1.50
2013.01.31 10:04:44.284,0.76234,0.76251,2.48,1.50
2013.01.31 10:04:44.346,0.76234,0.76251,1.73,2.25
2013.01.31 10:04:44.793,0.76231,0.76251,2.48,1.50
2013.01.31 10:04:45.322,0.76231,0.76251,3.98,1.50
2013.01.31 10:04:49.233,0.76234,0.76251,1.73,1.50
2013.01.31 10:04:49.292,0.76234,0.76256,1.73,2.25
2013.01.31 10:04:49.412,0.76236,0.76256,1.36,2.25
2013.01.31 10:04:49.592,0.76238,0.76256,1.73,1.50
2013.01.31 10:04:51.409,0.76239,0.76261,2.48,1.50
2013.01.31 10:04:52.404,0.76239,0.76261,1.73,2.25
2013.01.31 10:04:54.953,0.76238,0.7626,2.48,1.50
2013.01.31 10:04:57.804,0.76238,0.7626,1.73,1.50
2013.01.31 10:04:57.864,0.76236,0.76256,2.85,1.50
2013.01.31 10:04:58.163,0.76231,0.76253,3.60,1.50
2013.01.31 10:04:58.703,0.76231,0.76253,1.73,2.25
2013.01.31 10:05:01.234,0.76228,0.76248,1.73,3.00
2013.01.31 10:05:01.476,0.76223,0.76245,2.85,1.50
2013.01.31 10:05:01.616,0.76223,0.76245,2.48,1.50
2013.01.31 10:05:02.196,0.76223,0.76245,2.48,1.50
2013.01.31 10:05:02.754,0.76229,0.76248,1.73,1.73
2013.01.31 10:05:03.173,0.76227,0.76245,1.73,2.25
2013.01.31 10:05:03.873,0.76225,0.76245,1.73,3.00
2013.01.31 10:05:04.302,0.76225,0.76245,1.73,3.00
2013.01.31 10:05:04.602,0.76229,0.76247,1.50,2.48
2013.01.31 10:05:05.226,0.76229,0.76249,1.73,1.73
2013.01.31 10:05:05.296,0.76233,0.76255,1.73,3.75
2013.01.31 10:05:05.413,0.76233,0.76255,1.73,3.75
2013.01.31 10:05:05.532,0.76233,0.76255,1.73,3.00
2013.01.31 10:05:05.929,0.76231,0.76251,1.73,1.50
2013.01.31 10:05:06.374,0.7623,0.76251,3.02,2.25
2013.01.31 10:05:06.533,0.7623,0.76251,2.48,2.25
2013.01.31 10:05:06.593,0.76231,0.76251,1.73,1.50
2013.01.31 10:05:06.973,0.76231,0.76251,1.73,1.50
2013.01.31 10:05:08.674,0.76234,0.76253,1.73,1.50
2013.01.31 10:05:09.193,0.76234,0.76254,1.73,2.25
2013.01.31 10:05:09.773,0.76234,0.76254,1.73,2.25
2013.01.31 10:05:09.832,0.76234,0.76254,1.73,2.48
2013.01.31 10:05:10.293,0.76234,0.76254,1.50,3.23
2013.01.31 10:05:11.052,0.76234,0.76254,2.25,2.48
2013.01.31 10:05:17.869,0.76236,0.76257,2.25,1.73
2013.01.31 10:05:18.173,0.76241,0.76257,1.50,1.73
2013.01.31 10:05:19.175,0.76241,0.76258,1.50,1.73
2013.01.31 10:05:20.463,0.76241,0.76258,1.50,1.50
2013.01.31 10:05:26.724,0.76241,0.76262,2.25,1.73
2013.01.31 10:05:26.786,0.76241,0.76263,2.48,3.23
2013.01.31 10:05:27.345,0.76245,0.76263,1.50,1.73
2013.01.31 10:05:27.934,0.76245,0.76264,2.25,1.73
2013.01.31 10:05:31.162,0.76245,0.76263,1.50,1.73
2013.01.31 10:05:32.822,0.76245,0.76263,1.50,1.73
2013.01.31 10:05:33.183,0.76245,0.76263,1.50,1.73
2013.01.31 10:05:33.244,0.76245,0.76263,1.50,1.73
2013.01.31 10:05:33.303,0.76245,0.76263,1.50,1.73
2013.01.31 10:05:34.463,0.76245,0.76261,1.50,1.73
2013.01.31 10:05:34.523,0.7624,0.76261,2.48,1.73
2013.01.31 10:05:34.883,0.7624,0.76259,2.48,1.58
2013.01.31 10:05:34.943,0.7624,0.76259,1.50,2.33
2013.01.31 10:05:35.323,0.76237,0.76258,1.73,1.73
2013.01.31 10:05:37.913,0.76237,0.76259,1.73,3.08
2013.01.31 10:05:38.875,0.76237,0.76258,1.73,1.73
2013.01.31 10:05:39.074,0.76237,0.76256,1.50,1.73
2013.01.31 10:05:39.612,0.76237,0.76256,1.73,1.73
2013.01.31 10:05:39.924,0.76234,0.76255,3.23,1.73
2013.01.31 10:05:40.163,0.76232,0.76252,1.50,3.23
2013.01.31 10:05:40.344,0.7623,0.76248,1.50,1.73
2013.01.31 10:05:40.584,0.7623,0.76251,2.85,1.50
2013.01.31 10:05:40.943,0.76239,0.76254,1.50,2.25
2013.01.31 10:05:41.006,0.76239,0.76254,1.50,1.50
2013.01.31 10:05:41.603,0.76239,0.76254,1.73,1.50
2013.01.31 10:05:41.783,0.76239,0.76258,1.50,1.73
2013.01.31 10:05:44.134,0.76237,0.76256,1.50,2.48
2013.01.31 10:05:44.514,0.76234,0.76253,1.73,1.50
2013.01.31 10:05:44.573,0.76234,0.76256,2.48,2.25
2013.01.31 10:05:44.633,0.76234,0.76256,2.48,2.25
2013.01.31 10:05:47.793,0.76237,0.76259,1.73,1.73
2013.01.31 10:05:48.302,0.76238,0.76259,1.50,2.48
2013.01.31 10:05:48.363,0.7624,0.76259,1.50,2.48
2013.01.31 10:05:48.723,0.76244,0.76262,1.50,1.73
2013.01.31 10:05:49.133,0.76244,0.76264,1.50,1.73
2013.01.31 10:05:49.194,0.76244,0.76265,2.25,1.73
2013.01.31 10:05:49.313,0.76244,0.76266,2.48,1.73
2013.01.31 10:05:49.624,0.76249,0.76265,1.50,1.73
2013.01.31 10:05:50.131,0.76249,0.76269,1.50,1.73
2013.01.31 10:05:52.353,0.76249,0.76272,2.25,4.73
2013.01.31 10:05:52.594,0.76249,0.76272,2.48,2.48
2013.01.31 10:05:52.716,0.7625,0.76272,3.23,2.48
2013.01.31 10:05:52.789,0.76255,0.76274,2.48,1.50
2013.01.31 10:05:53.284,0.76258,0.76278,1.50,1.73
2013.01.31 10:05:54.092,0.76261,0.76279,1.50,1.58
2013.01.31 10:05:54.403,0.76265,0.76285,2.25,1.35
2013.01.31 10:05:54.704,0.76266,0.76287,1.50,3.45
2013.01.31 10:05:54.824,0.76265,0.76287,3.00,2.70
2013.01.31 10:05:55.063,0.76265,0.76287,2.25,2.48
2013.01.31 10:05:55.123,0.76265,0.76285,2.25,1.35
2013.01.31 10:05:56.004,0.76265,0.76287,2.25,1.73
2013.01.31 10:05:56.355,0.76268,0.76289,2.25,1.35
2013.01.31 10:05:56.714,0.76275,0.76295,1.50,1.58
2013.01.31 10:05:56.833,0.76275,0.76296,1.50,1.73
2013.01.31 10:05:56.952,0.76273,0.76294,1.50,2.48
2013.01.31 10:05:57.508,0.7627,0.76291,1.50,1.73
2013.01.31 10:05:57.938,0.7627,0.76291,1.73,1.50
2013.01.31 10:05:59.853,0.76274,0.76295,2.10,1.73
2013.01.31 10:06:00.213,0.76288,0.76304,1.50,1.73
2013.01.31 10:06:00.337,0.76288,0.76311,2.48,2.55
2013.01.31 10:06:00.463,0.76288,0.76313,2.48,2.48
2013.01.31 10:06:01.175,0.76291,0.76314,1.73,2.48
2013.01.31 10:06:01.357,0.76296,0.76321,1.50,1.73
2013.01.31 10:06:02.033,0.76296,0.76319,1.73,1.50
2013.01.31 10:06:03.173,0.76297,0.76319,1.58,1.50
2013.01.31 10:06:03.234,0.763,0.76319,1.73,1.50
2013.01.31 10:06:03.954,0.76298,0.76323,1.73,1.50
2013.01.31 10:06:04.073,0.76298,0.76323,1.73,1.73
2013.01.31 10:06:04.984,0.76295,0.76319,1.50,1.58
2013.01.31 10:06:05.043,0.76293,0.76317,1.73,3.08
2013.01.31 10:06:05.625,0.76288,0.76314,1.73,1.73
2013.01.31 10:06:06.063,0.76288,0.76314,1.73,2.48
2013.01.31 10:06:06.184,0.76289,0.76314,1.73,1.50
2013.01.31 10:06:07.110,0.76291,0.76313,1.73,1.50
2013.01.31 10:06:07.353,0.76291,0.76317,1.73,2.33
2013.01.31 10:06:07.723,0.76291,0.76317,1.73,1.73
2013.01.31 10:06:08.263,0.76292,0.76318,2.48,2.25
2013.01.31 10:06:08.477,0.76292,0.76318,2.48,1.50
2013.01.31 10:06:09.903,0.76294,0.7632,2.48,1.73
2013.01.31 10:06:11.572,0.76296,0.76323,3.23,2.85
2013.01.31 10:06:12.443,0.76296,0.76323,1.73,2.48
2013.01.31 10:06:12.937,0.76295,0.76323,3.23,2.48
2013.01.31 10:06:13.005,0.76294,0.76323,3.98,1.73
2013.01.31 10:06:13.136,0.76296,0.76324,1.73,1.73
2013.01.31 10:06:13.205,0.76296,0.76323,1.73,1.35
2013.01.31 10:06:13.443,0.76295,0.76322,2.48,1.35
2013.01.31 10:06:13.823,0.76296,0.76322,1.73,1.73
2013.01.31 10:06:13.883,0.76296,0.76322,1.73,1.73
2013.01.31 10:06:14.003,0.76294,0.76323,3.23,1.73
2013.01.31 10:06:14.855,0.76294,0.76323,3.98,1.73
2013.01.31 10:06:15.162,0.76296,0.76323,3.23,1.73
2013.01.31 10:06:16.994,0.76299,0.76326,4.35,1.35
2013.01.31 10:06:17.822,0.76302,0.76323,2.48,1.50
2013.01.31 10:06:18.243,0.76302,0.76326,2.48,2.48
2013.01.31 10:06:18.483,0.76308,0.76324,1.50,1.73
2013.01.31 10:06:20.404,0.76306,0.76324,2.25,3.23
2013.01.31 10:06:21.333,0.76302,0.76324,2.48,2.48
2013.01.31 10:06:21.523,0.76302,0.76324,3.23,1.50
2013.01.31 10:06:22.603,0.76307,0.76326,2.25,2.48
2013.01.31 10:06:23.064,0.7631,0.7633,2.48,1.73
2013.01.31 10:06:23.183,0.7631,0.7633,2.48,1.73
2013.01.31 10:06:23.724,0.7631,0.76332,2.48,2.25
2013.01.31 10:06:24.282,0.7631,0.76332,3.15,1.50
2013.01.31 10:06:24.833,0.7631,0.76332,2.40,1.73
2013.01.31 10:06:25.364,0.7631,0.76332,2.48,2.48
2013.01.31 10:06:26.973,0.7631,0.76332,2.48,2.48
2013.01.31 10:06:27.724,0.7631,0.7633,1.73,1.73
2013.01.31 10:06:28.203,0.76307,0.76327,2.48,2.48
2013.01.31 10:06:28.737,0.76307,0.76323,1.35,1.50
2013.01.31 10:06:29.784,0.76303,0.76319,1.73,1.50
2013.01.31 10:06:31.004,0.76301,0.76319,1.35,1.50
2013.01.31 10:06:31.243,0.76301,0.76319,1.35,1.50
2013.01.31 10:06:31.514,0.76301,0.76319,1.35,1.50
2013.01.31 10:06:32.314,0.76301,0.76319,1.35,1.50
2013.01.31 10:06:33.253,0.76301,0.76319,1.35,1.73
2013.01.31 10:06:36.231,0.76301,0.76319,1.35,1.50
2013.01.31 10:06:37.244,0.76298,0.76316,1.35,1.50
2013.01.31 10:06:37.363,0.76297,0.76316,1.35,1.50
2013.01.31 10:06:37.943,0.76298,0.76316,1.13,1.50
2013.01.31 10:06:39.523,0.76298,0.76316,1.35,1.50
2013.01.31 10:06:39.664,0.76298,0.76316,1.35,1.50
2013.01.31 10:06:41.874,0.76298,0.76316,1.35,1.50
2013.01.31 10:06:42.052,0.76306,0.7632,1.35,1.50
2013.01.31 10:06:42.174,0.76306,0.7632,1.35,1.50
2013.01.31 10:06:42.293,0.76306,0.76324,1.35,1.50
2013.01.31 10:06:42.602,0.76306,0.76324,1.35,2.25
2013.01.31 10:06:43.142,0.76306,0.76324,1.35,2.25
2013.01.31 10:06:44.324,0.76306,0.76324,1.13,2.85
2013.01.31 10:06:44.443,0.76304,0.76323,1.73,3.23
2013.01.31 10:06:44.563,0.76299,0.76321,2.48,1.73
2013.01.31 10:06:46.384,0.76299,0.76321,1.73,2.48
2013.01.31 10:06:46.725,0.76296,0.76316,2.48,2.25
2013.01.31 10:06:46.903,0.76296,0.76316,1.73,2.25
2013.01.31 10:06:47.423,0.76292,0.76312,3.60,1.50
2013.01.31 10:06:58.817,0.76292,0.76312,2.85,1.50
2013.01.31 10:07:04.323,0.76292,0.76312,2.85,1.50
2013.01.31 10:07:04.683,0.76292,0.76312,2.85,1.50
2013.01.31 10:07:04.803,0.76292,0.76312,1.73,3.00
2013.01.31 10:07:05.424,0.76292,0.76312,1.73,3.38
2013.01.31 10:07:08.283,0.76289,0.76309,2.48,1.50
2013.01.31 10:07:08.526,0.76289,0.76309,1.50,2.25
2013.01.31 10:07:08.585,0.76289,0.76309,2.25,1.50
2013.01.31 10:07:08.903,0.76289,0.76309,2.48,1.50
2013.01.31 10:07:09.083,0.76289,0.76309,1.73,2.25
2013.01.31 10:07:10.906,0.76293,0.76313,2.48,3.00
2013.01.31 10:07:11.083,0.76296,0.76315,2.48,1.50
2013.01.31 10:07:11.941,0.76293,0.76314,2.10,1.50
2013.01.31 10:07:12.008,0.76293,0.7631,1.13,1.50
2013.01.31 10:07:12.562,0.76292,0.76311,2.48,1.50
2013.01.31 10:07:12.682,0.76292,0.76314,2.48,1.50
2013.01.31 10:07:13.323,0.76295,0.76314,1.35,1.50
2013.01.31 10:07:13.865,0.76296,0.76318,1.73,3.75
2013.01.31 10:07:14.794,0.76296,0.76318,2.48,3.75
2013.01.31 10:07:16.743,0.76296,0.76318,2.48,2.25
2013.01.31 10:07:17.303,0.76296,0.76318,2.48,2.25
2013.01.31 10:07:17.544,0.76296,0.76318,1.73,2.25
2013.01.31 10:07:17.754,0.76296,0.76318,1.73,3.00
2013.01.31 10:07:18.317,0.76292,0.76314,2.85,2.25
2013.01.31 10:07:23.463,0.76292,0.76314,2.85,2.25
2013.01.31 10:07:30.772,0.76292,0.76311,2.48,1.50
2013.01.31 10:07:31.639,0.76292,0.76311,1.73,2.25
2013.01.31 10:07:34.632,0.76292,0.76311,1.50,2.48
2013.01.31 10:07:34.873,0.76288,0.7631,1.73,2.48
2013.01.31 10:07:35.173,0.76288,0.76308,1.73,2.25
2013.01.31 10:07:35.413,0.76284,0.76306,2.48,1.50
2013.01.31 10:07:35.653,0.76284,0.76306,2.48,1.73
2013.01.31 10:07:35.713,0.76284,0.76306,1.73,2.48
2013.01.31 10:07:39.133,0.76284,0.76306,2.48,1.73
2013.01.31 10:07:40.943,0.76287,0.76306,1.50,1.73
2013.01.31 10:07:41.262,0.7629,0.7631,2.48,1.88
2013.01.31 10:07:41.629,0.76293,0.76315,2.48,2.25
2013.01.31 10:07:43.116,0.76293,0.76315,3.23,1.50
2013.01.31 10:07:43.700,0.76293,0.76315,3.23,1.50
2013.01.31 10:07:44.154,0.76293,0.76314,1.73,2.25
2013.01.31 10:07:44.463,0.7629,0.7631,2.48,1.50
2013.01.31 10:07:44.823,0.7629,0.7631,2.48,1.50
2013.01.31 10:07:45.597,0.7629,0.7631,3.23,1.50
2013.01.31 10:07:48.343,0.7629,0.7631,2.48,1.50
2013.01.31 10:07:48.643,0.7629,0.7631,2.48,1.50
2013.01.31 10:07:48.841,0.7629,0.7631,2.48,1.50
2013.01.31 10:07:49.804,0.7629,0.7631,2.48,1.50
2013.01.31 10:07:49.864,0.76294,0.76312,1.73,1.50
2013.01.31 10:07:50.550,0.76294,0.76316,1.73,2.48
2013.01.31 10:07:50.622,0.76294,0.76316,1.73,2.25
2013.01.31 10:07:52.407,0.76294,0.76316,2.48,1.50
2013.01.31 10:07:55.634,0.76294,0.76316,2.48,1.50
2013.01.31 10:07:55.935,0.76295,0.76316,1.73,1.50
2013.01.31 10:07:56.093,0.76299,0.76318,2.48,1.50
2013.01.31 10:07:56.213,0.76299,0.76318,2.48,1.50
2013.01.31 10:07:56.593,0.76299,0.76319,2.48,1.50
2013.01.31 10:07:57.464,0.76299,0.76319,2.48,1.50
2013.01.31 10:07:58.344,0.76299,0.76319,2.48,1.50
2013.01.31 10:07:58.524,0.76303,0.76324,1.73,2.25
2013.01.31 10:07:58.853,0.76302,0.76324,2.48,2.48
2013.01.31 10:07:59.993,0.76302,0.76324,2.48,2.48
2013.01.31 10:08:00.313,0.76299,0.76319,3.23,1.50
2013.01.31 10:08:02.482,0.76299,0.76319,2.48,1.50
2013.01.31 10:08:10.363,0.76299,0.76319,2.48,2.25
2013.01.31 10:08:10.724,0.76299,0.76319,2.25,2.48
2013.01.31 10:08:11.083,0.76299,0.76319,2.85,1.50
2013.01.31 10:08:11.146,0.76299,0.76319,2.85,1.50
2013.01.31 10:08:11.273,0.76303,0.76323,2.48,2.10
2013.01.31 10:08:11.976,0.76303,0.76323,2.48,1.73
2013.01.31 10:08:23.112,0.76303,0.76323,2.48,1.50
2013.01.31 10:08:28.203,0.76306,0.76323,1.35,1.50
2013.01.31 10:08:28.504,0.76311,0.76326,2.48,1.50
2013.01.31 10:08:28.564,0.76311,0.76333,2.48,2.25
2013.01.31 10:08:28.625,0.76311,0.76333,2.48,2.25
2013.01.31 10:08:28.923,0.76314,0.76333,2.25,2.48
2013.01.31 10:08:29.439,0.76311,0.76333,2.48,1.73
2013.01.31 10:08:36.143,0.76311,0.76333,2.85,1.73
2013.01.31 10:08:36.204,0.76311,0.76333,2.85,3.23
2013.01.31 10:08:36.383,0.76311,0.7633,1.13,1.73
2013.01.31 10:08:36.684,0.76307,0.76324,1.13,1.50
2013.01.31 10:08:41.304,0.76306,0.76324,1.35,1.50
2013.01.31 10:08:41.551,0.76306,0.76324,1.13,1.73
2013.01.31 10:08:42.094,0.76302,0.76321,1.13,1.73
2013.01.31 10:08:42.454,0.76298,0.76321,1.73,2.48
2013.01.31 10:08:42.633,0.76302,0.76321,1.35,1.50
2013.01.31 10:08:43.143,0.76303,0.76321,1.35,1.50
2013.01.31 10:08:43.203,0.76303,0.76321,1.35,1.50
2013.01.31 10:08:43.263,0.76304,0.76324,1.73,2.25
2013.01.31 10:08:43.563,0.76303,0.76324,1.35,2.25
2013.01.31 10:08:43.805,0.76307,0.76327,1.35,3.75
2013.01.31 10:08:43.923,0.7631,0.76327,2.48,1.50
2013.01.31 10:08:43.983,0.7631,0.76331,2.48,4.73
2013.01.31 10:08:44.173,0.76312,0.76331,1.35,2.48
2013.01.31 10:08:44.354,0.76312,0.76333,1.35,1.50
2013.01.31 10:08:44.903,0.76311,0.76333,1.35,1.50
2013.01.31 10:08:47.156,0.76311,0.76333,1.35,1.50
2013.01.31 10:08:47.703,0.76315,0.76333,1.73,1.50
2013.01.31 10:08:48.213,0.76313,0.76333,1.73,1.50
2013.01.31 10:08:49.074,0.76314,0.76333,1.73,1.50
2013.01.31 10:08:49.373,0.76312,0.76333,1.35,1.50
2013.01.31 10:08:50.403,0.76312,0.76333,1.35,1.50
2013.01.31 10:08:54.025,0.76311,0.76329,1.73,1.50
2013.01.31 10:08:54.147,0.76307,0.76326,1.73,1.50
2013.01.31 10:08:54.633,0.76305,0.76326,2.48,1.50
2013.01.31 10:08:55.385,0.76305,0.76326,2.48,1.73
2013.01.31 10:08:55.915,0.76305,0.76325,2.48,1.50
2013.01.31 10:08:55.973,0.76301,0.76322,2.85,1.50
2013.01.31 10:08:56.273,0.76301,0.76322,2.85,1.50
2013.01.31 10:09:01.643,0.76301,0.76322,2.85,1.50
2013.01.31 10:09:01.924,0.76304,0.76325,2.48,2.25
2013.01.31 10:09:02.501,0.76304,0.76326,2.48,1.73
2013.01.31 10:09:03.453,0.76304,0.76326,2.48,3.98
2013.01.31 10:09:03.693,0.76304,0.76325,2.48,2.85
2013.01.31 10:09:03.813,0.76304,0.76325,1.73,3.60
2013.01.31 10:09:04.466,0.76301,0.76321,2.85,1.50
2013.01.31 10:09:06.045,0.76302,0.76321,2.48,1.50
2013.01.31 10:09:06.104,0.76304,0.76326,2.48,2.25
2013.01.31 10:09:06.464,0.76304,0.76326,3.23,2.25
2013.01.31 10:09:06.663,0.76308,0.76326,1.73,2.25
2013.01.31 10:09:06.724,0.76308,0.76329,1.73,2.25
2013.01.31 10:09:11.862,0.76307,0.7632,1.73,1.50
2013.01.31 10:09:11.998,0.763,0.7632,2.48,1.50
2013.01.31 10:09:12.122,0.763,0.7632,2.48,1.50
2013.01.31 10:09:13.553,0.76301,0.7632,1.73,1.73
2013.01.31 10:09:13.613,0.76304,0.76324,2.25,1.73
2013.01.31 10:09:13.673,0.76304,0.76324,2.48,1.50
2013.01.31 10:09:13.913,0.76304,0.76324,1.73,2.25
2013.01.31 10:09:17.734,0.76304,0.76324,1.73,2.25
2013.01.31 10:09:18.343,0.76304,0.76324,2.48,1.50
2013.01.31 10:09:18.524,0.76304,0.76324,2.48,1.50
2013.01.31 10:09:18.703,0.76304,0.76324,3.23,1.50
2013.01.31 10:09:18.822,0.76308,0.7633,1.73,4.73
2013.01.31 10:09:20.125,0.76308,0.7633,2.48,1.50
2013.01.31 10:09:20.364,0.76308,0.76327,1.73,3.75
2013.01.31 10:09:20.484,0.76302,0.7632,2.48,1.50
2013.01.31 10:09:20.543,0.76304,0.7632,2.25,1.50
2013.01.31 10:09:20.603,0.76307,0.76327,1.50,2.48
2013.01.31 10:09:25.244,0.76307,0.76327,1.73,1.73
2013.01.31 10:09:25.567,0.76307,0.76327,2.48,1.50
2013.01.31 10:09:28.233,0.76307,0.76327,1.73,2.25
2013.01.31 10:09:28.293,0.76307,0.76327,1.73,1.50
2013.01.31 10:09:28.354,0.76304,0.7632,1.50,1.73
2013.01.31 10:09:28.533,0.76301,0.7632,1.35,1.50
2013.01.31 10:09:29.083,0.763,0.7632,3.23,1.50
2013.01.31 10:09:29.354,0.763,0.7632,3.23,1.50
2013.01.31 10:09:30.416,0.763,0.7632,2.48,2.25
2013.01.31 10:09:32.903,0.763,0.7632,2.48,1.50
2013.01.31 10:09:33.545,0.763,0.7632,2.48,1.73
2013.01.31 10:09:33.603,0.763,0.7632,1.73,2.48
2013.01.31 10:09:33.725,0.763,0.7632,1.73,2.25
2013.01.31 10:09:35.434,0.763,0.7632,1.73,2.48
2013.01.31 10:09:37.953,0.76296,0.76316,1.73,2.25
2013.01.31 10:09:38.074,0.76296,0.76316,1.50,2.48
2013.01.31 10:09:38.193,0.76296,0.76316,1.73,2.25
2013.01.31 10:09:38.493,0.76296,0.76316,2.48,1.50
2013.01.31 10:09:38.613,0.76296,0.76316,1.50,2.25
2013.01.31 10:09:38.733,0.7629,0.76311,3.98,2.25
2013.01.31 10:09:38.913,0.76289,0.76311,3.23,1.73
2013.01.31 10:09:39.153,0.76289,0.76311,2.48,1.73
2013.01.31 10:09:39.273,0.76289,0.76311,2.48,2.48
2013.01.31 10:09:39.603,0.76289,0.76311,2.48,1.73
2013.01.31 10:09:40.033,0.76289,0.76311,3.23,1.50
2013.01.31 10:09:40.513,0.76289,0.76311,2.85,1.73
2013.01.31 10:09:42.116,0.76289,0.76311,2.85,1.50
2013.01.31 10:09:42.802,0.76289,0.76311,2.85,1.50
2013.01.31 10:09:46.781,0.76289,0.76311,2.85,1.50
2013.01.31 10:09:47.314,0.76289,0.76311,2.85,1.50
2013.01.31 10:09:47.433,0.76289,0.76311,2.85,1.50
2013.01.31 10:09:50.583,0.76289,0.76311,1.73,2.25
2013.01.31 10:09:50.643,0.76289,0.76311,1.73,2.48
2013.01.31 10:09:50.883,0.76288,0.76305,1.73,1.50
2013.01.31 10:09:51.063,0.76285,0.76305,2.48,1.50
2013.01.31 10:09:57.056,0.76285,0.76305,2.48,1.50
2013.01.31 10:09:58.334,0.76285,0.76305,1.73,2.25
2013.01.31 10:10:00.333,0.76285,0.76305,1.73,2.48
2013.01.31 10:10:00.872,0.76285,0.76305,2.48,1.50
2013.01.31 10:10:02.193,0.76285,0.76305,2.48,1.73
2013.01.31 10:10:02.603,0.76285,0.76305,1.73,2.48
2013.01.31 10:10:03.164,0.76285,0.76304,1.50,3.00
2013.01.31 10:10:03.343,0.7628,0.76303,2.48,2.25
2013.01.31 10:10:03.894,0.76277,0.76297,2.38,2.25
2013.01.31 10:10:04.014,0.76274,0.76297,3.98,2.48
2013.01.31 10:10:04.135,0.76274,0.76297,2.48,1.73
2013.01.31 10:10:04.194,0.76274,0.76297,2.48,1.50
2013.01.31 10:10:04.743,0.76274,0.76297,4.73,1.50
2013.01.31 10:10:04.803,0.76279,0.76301,1.73,2.48
2013.01.31 10:10:06.403,0.76279,0.76301,1.73,3.23
2013.01.31 10:10:06.714,0.76279,0.76301,1.73,2.48
2013.01.31 10:10:07.464,0.76277,0.76296,1.73,1.50
2013.01.31 10:10:07.586,0.7628,0.76299,1.73,3.00
2013.01.31 10:10:07.990,0.7628,0.76299,1.73,2.25
2013.01.31 10:10:08.061,0.76283,0.76303,1.73,1.73
2013.01.31 10:10:08.494,0.76283,0.76305,1.73,3.00
2013.01.31 10:10:08.675,0.76283,0.76305,1.73,3.00
2013.01.31 10:10:09.153,0.76283,0.76304,1.73,1.73
2013.01.31 10:10:09.273,0.76283,0.76305,1.73,2.25
2013.01.31 10:10:11.865,0.76283,0.76305,1.73,3.00
2013.01.31 10:10:12.224,0.76278,0.76295,1.50,3.08
2013.01.31 10:10:12.345,0.76273,0.76293,1.73,3.00
2013.01.31 10:10:12.524,0.76273,0.76293,1.73,2.25
2013.01.31 10:10:12.973,0.76273,0.76293,1.73,2.25
2013.01.31 10:10:14.163,0.76273,0.76293,2.18,1.50
2013.01.31 10:10:14.286,0.76277,0.76297,2.48,1.50
2013.01.31 10:10:14.604,0.76277,0.76297,2.48,1.50
2013.01.31 10:10:14.845,0.76277,0.76297,2.48,1.50
2013.01.31 10:10:15.023,0.7628,0.76302,2.48,1.50
2013.01.31 10:10:15.175,0.7628,0.76302,2.48,1.50
2013.01.31 10:10:16.213,0.76281,0.76302,2.10,1.50
2013.01.31 10:10:16.994,0.76282,0.76302,1.35,1.50
2013.01.31 10:10:17.775,0.76282,0.76302,1.35,1.50
2013.01.31 10:10:19.094,0.7628,0.76302,2.48,2.48
2013.01.31 10:10:19.153,0.76279,0.76298,1.73,2.25
2013.01.31 10:10:19.405,0.76279,0.76298,1.50,2.25
2013.01.31 10:10:19.643,0.76276,0.76298,2.85,2.25
2013.01.31 10:10:22.343,0.76276,0.76298,2.85,2.25
2013.01.31 10:10:22.835,0.76276,0.76298,2.85,1.50
2013.01.31 10:10:23.134,0.76281,0.76303,2.48,1.50
2013.01.31 10:10:23.195,0.76281,0.76303,2.48,1.50
2013.01.31 10:10:24.613,0.76277,0.76299,3.23,2.25
2013.01.31 10:10:24.674,0.76277,0.76299,3.23,2.25
2013.01.31 10:10:24.794,0.76277,0.76299,3.23,2.25
2013.01.31 10:10:25.193,0.76277,0.76299,2.48,2.25
2013.01.31 10:10:26.583,0.76277,0.76299,2.48,2.25
2013.01.31 10:10:27.993,0.76277,0.76299,2.48,1.88
2013.01.31 10:10:28.173,0.76277,0.76299,2.48,1.50
2013.01.31 10:10:28.414,0.76282,0.76302,1.50,2.48
2013.01.31 10:10:28.722,0.76282,0.76302,1.73,1.50
2013.01.31 10:10:30.613,0.76282,0.76302,1.50,2.48
2013.01.31 10:10:33.675,0.76277,0.76298,1.73,2.25
2013.01.31 10:10:34.034,0.76273,0.76294,1.50,2.48
2013.01.31 10:10:34.273,0.76272,0.76294,1.73,2.48
2013.01.31 10:10:34.784,0.76272,0.76294,1.73,2.48
2013.01.31 10:10:35.133,0.76272,0.76294,1.73,2.48
2013.01.31 10:10:37.654,0.76272,0.76294,1.73,2.48
2013.01.31 10:10:37.839,0.76272,0.76294,1.73,2.48
2013.01.31 10:10:38.095,0.76272,0.76294,1.73,2.48
2013.01.31 10:10:38.214,0.76272,0.76294,1.73,2.48
2013.01.31 10:10:38.605,0.76272,0.76294,1.73,2.48
2013.01.31 10:10:39.244,0.76272,0.76294,1.73,2.48
2013.01.31 10:10:39.364,0.76272,0.76294,1.73,2.48
2013.01.31 10:10:49.647,0.76272,0.76294,1.73,4.58
2013.01.31 10:10:49.773,0.76267,0.76286,1.73,1.50
2013.01.31 10:10:50.013,0.76269,0.76289,2.48,1.50
2013.01.31 10:10:50.254,0.76269,0.76289,1.73,2.25
2013.01.31 10:10:50.434,0.76266,0.76285,1.73,1.50
2013.01.31 10:10:50.615,0.76265,0.76285,2.48,2.25
2013.01.31 10:10:50.854,0.76265,0.76285,1.50,2.48
2013.01.31 10:10:58.813,0.76261,0.76281,2.48,1.50
2013.01.31 10:11:00.733,0.76261,0.7628,2.48,1.50
2013.01.31 10:11:01.494,0.7626,0.76277,1.73,1.50
2013.01.31 10:11:03.715,0.7626,0.76277,1.73,1.50
2013.01.31 10:11:06.474,0.76259,0.76277,1.73,1.50
2013.01.31 10:11:08.255,0.76261,0.76281,2.48,1.50
2013.01.31 10:11:11.997,0.76263,0.76283,1.73,2.85
2013.01.31 10:11:13.854,0.76263,0.76283,1.73,1.13
2013.01.31 10:11:14.683,0.76263,0.76285,2.48,3.23
2013.01.31 10:11:15.045,0.76263,0.76283,1.73,1.35
2013.01.31 10:11:15.554,0.76263,0.76284,1.73,1.73
2013.01.31 10:11:15.753,0.76263,0.76284,1.50,1.73
2013.01.31 10:11:16.054,0.76263,0.76284,1.50,1.73
2013.01.31 10:11:16.113,0.76263,0.76285,2.25,2.48
2013.01.31 10:11:19.193,0.76266,0.76286,2.25,1.73
2013.01.31 10:11:19.983,0.76266,0.76288,2.48,2.48
2013.01.31 10:11:23.873,0.76266,0.7629,6.23,2.48
2013.01.31 10:11:24.463,0.76271,0.76291,1.13,1.73
2013.01.31 10:11:24.523,0.76273,0.76292,1.50,2.48
2013.01.31 10:11:24.824,0.76275,0.76295,2.25,2.48
2013.01.31 10:11:25.004,0.76275,0.76295,2.48,2.48
2013.01.31 10:11:28.129,0.76275,0.76295,1.50,2.48
2013.01.31 10:11:28.653,0.76275,0.76295,2.25,2.48
2013.01.31 10:11:29.223,0.76275,0.76295,2.25,2.48
2013.01.31 10:11:32.336,0.76275,0.76295,1.50,2.48
2013.01.31 10:11:33.684,0.76275,0.76295,1.50,3.08
2013.01.31 10:11:34.144,0.76272,0.76291,6.23,2.48
2013.01.31 10:11:34.949,0.76271,0.76291,2.63,2.48
2013.01.31 10:11:36.923,0.76271,0.76289,2.25,1.73
2013.01.31 10:11:37.164,0.76271,0.76291,2.48,2.48
2013.01.31 10:11:37.745,0.76271,0.76291,2.25,2.48
2013.01.31 10:11:38.404,0.76271,0.76289,2.25,1.73
2013.01.31 10:11:41.014,0.76271,0.76289,2.25,1.73
2013.01.31 10:11:41.254,0.76271,0.76289,2.25,2.48
2013.01.31 10:11:44.613,0.76271,0.76289,2.25,1.73
2013.01.31 10:11:45.163,0.76271,0.76291,3.23,3.08
2013.01.31 10:11:45.284,0.76271,0.76291,3.23,1.73
2013.01.31 10:11:45.604,0.76279,0.76296,1.50,1.58
2013.01.31 10:11:46.933,0.76279,0.76298,2.25,1.73
2013.01.31 10:11:47.413,0.76282,0.76302,2.25,2.10
2013.01.31 10:11:47.963,0.76282,0.76302,1.50,1.73
2013.01.31 10:11:52.607,0.76282,0.76303,1.88,2.10
2013.01.31 10:11:52.844,0.76287,0.76304,1.50,1.50
2013.01.31 10:11:53.165,0.76287,0.76307,1.50,2.70
2013.01.31 10:11:53.821,0.76287,0.76307,1.73,1.50
2013.01.31 10:11:54.123,0.76287,0.76307,1.50,2.48
2013.01.31 10:11:54.733,0.76285,0.76304,2.25,2.48
2013.01.31 10:11:55.894,0.76283,0.76304,1.73,2.25
2013.01.31 10:11:56.233,0.76283,0.76303,1.50,1.73
2013.01.31 10:11:57.874,0.76283,0.76304,2.25,3.23
2013.01.31 10:11:58.126,0.76285,0.76304,1.73,2.25
2013.01.31 10:11:58.649,0.76288,0.76308,1.50,2.48
2013.01.31 10:11:59.315,0.76288,0.76308,1.73,2.48
2013.01.31 10:12:00.134,0.76288,0.76308,1.50,2.48
2013.01.31 10:12:01.226,0.76288,0.76308,1.73,2.25
2013.01.31 10:12:02.425,0.76288,0.76308,1.73,2.85
2013.01.31 10:12:02.483,0.76286,0.76304,5.48,2.25
2013.01.31 10:12:02.603,0.76286,0.76304,3.98,2.25
2013.01.31 10:12:03.045,0.76285,0.76304,4.73,2.25
2013.01.31 10:12:04.875,0.76285,0.763,1.73,1.50
2013.01.31 10:12:05.173,0.76278,0.76298,1.73,1.50
2013.01.31 10:12:09.343,0.7628,0.76298,2.48,1.50
2013.01.31 10:12:09.585,0.76279,0.76298,2.48,1.50
2013.01.31 10:12:13.978,0.76282,0.76298,1.73,1.50
2013.01.31 10:12:15.353,0.76282,0.76298,1.73,2.25
2013.01.31 10:12:16.293,0.76281,0.76298,1.35,1.50
2013.01.31 10:12:16.354,0.76281,0.76298,1.35,1.50
2013.01.31 10:12:19.243,0.76281,0.76298,2.10,1.50
2013.01.31 10:12:19.544,0.76279,0.76298,3.23,1.50
2013.01.31 10:12:19.789,0.76276,0.76294,5.48,1.50
2013.01.31 10:12:19.915,0.76272,0.76294,4.50,2.48
2013.01.31 10:12:20.094,0.76274,0.76294,1.73,1.50
2013.01.31 10:12:20.335,0.76273,0.76294,1.50,1.73
2013.01.31 10:12:20.855,0.76272,0.76294,2.48,1.73
2013.01.31 10:12:21.065,0.76273,0.76294,1.73,1.50
2013.01.31 10:12:21.183,0.76273,0.76294,1.73,1.73
2013.01.31 10:12:21.533,0.76272,0.76294,6.23,1.50
2013.01.31 10:12:21.793,0.76272,0.76294,5.48,2.48
2013.01.31 10:12:22.424,0.76272,0.76294,2.48,1.50
2013.01.31 10:12:22.796,0.76272,0.76294,5.48,1.50
2013.01.31 10:12:23.096,0.76273,0.76294,1.73,1.50
2013.01.31 10:12:23.334,0.76272,0.76294,5.48,2.25
2013.01.31 10:12:23.473,0.76272,0.76294,6.23,1.50
2013.01.31 10:12:23.783,0.76272,0.76294,5.48,1.50
2013.01.31 10:12:24.023,0.76272,0.76294,6.23,1.50
2013.01.31 10:12:24.344,0.76272,0.76294,2.48,2.25
2013.01.31 10:12:24.553,0.76273,0.76294,1.73,1.50
2013.01.31 10:12:24.673,0.76272,0.76293,2.48,1.50
2013.01.31 10:12:25.464,0.76272,0.76293,2.48,1.50
2013.01.31 10:12:25.531,0.76272,0.76293,2.25,1.73
2013.01.31 10:12:26.083,0.76272,0.76293,2.48,2.10
2013.01.31 10:12:26.384,0.7627,0.7629,1.73,1.50
2013.01.31 10:12:26.844,0.76273,0.76293,2.48,1.88
2013.01.31 10:12:27.274,0.76273,0.76293,1.50,2.48
2013.01.31 10:12:27.394,0.76273,0.76293,1.73,2.25
2013.01.31 10:12:27.853,0.76273,0.76293,1.50,1.73
2013.01.31 10:12:28.043,0.76273,0.76293,1.73,1.50
2013.01.31 10:12:28.175,0.76273,0.76293,1.50,1.73
2013.01.31 10:12:28.593,0.76273,0.76293,1.73,1.50
2013.01.31 10:12:28.903,0.76276,0.76297,2.48,1.95
2013.01.31 10:12:29.295,0.76276,0.76298,2.48,1.50
2013.01.31 10:12:30.027,0.76276,0.76298,2.48,2.25
2013.01.31 10:12:30.603,0.76276,0.76298,2.48,2.48
2013.01.31 10:12:31.334,0.76276,0.76297,1.73,1.35
2013.01.31 10:12:31.693,0.76273,0.76293,1.73,3.23
2013.01.31 10:12:31.815,0.76273,0.76293,2.48,3.00
2013.01.31 10:12:32.445,0.76273,0.76293,2.48,2.25
2013.01.31 10:12:34.256,0.76281,0.76298,1.73,1.13
2013.01.31 10:12:34.504,0.76281,0.76301,4.73,1.50
2013.01.31 10:12:34.684,0.76286,0.76303,1.73,1.50
2013.01.31 10:12:34.984,0.76286,0.76304,1.50,1.73
2013.01.31 10:12:35.045,0.76282,0.76302,1.73,1.73
2013.01.31 10:12:35.185,0.76282,0.76302,1.73,1.73
2013.01.31 10:12:37.814,0.76282,0.76302,2.48,1.73
2013.01.31 10:12:37.915,0.76282,0.76302,2.48,1.73
2013.01.31 10:12:38.127,0.76282,0.76302,1.73,2.48
2013.01.31 10:12:39.283,0.76282,0.76302,1.73,2.48
2013.01.31 10:12:40.878,0.76282,0.76302,2.48,1.73
2013.01.31 10:12:42.325,0.76282,0.76302,1.73,2.48
2013.01.31 10:12:42.753,0.76282,0.76302,1.50,3.23
2013.01.31 10:12:43.233,0.7628,0.76299,1.13,3.23
2013.01.31 10:12:43.858,0.7628,0.76299,1.35,1.73
2013.01.31 10:12:44.043,0.7628,0.76299,1.35,2.48
2013.01.31 10:12:44.284,0.7628,0.76299,1.35,1.50
2013.01.31 10:12:46.274,0.76282,0.76304,2.48,3.60
2013.01.31 10:12:46.585,0.76282,0.76303,1.73,1.35
2013.01.31 10:12:46.974,0.76279,0.763,2.85,2.48
2013.01.31 10:12:48.195,0.7628,0.763,1.13,2.48
2013.01.31 10:12:50.225,0.7628,0.763,1.13,1.73
2013.01.31 10:12:51.384,0.7628,0.763,1.35,1.73
2013.01.31 10:12:51.665,0.7628,0.763,1.35,2.48
2013.01.31 10:12:53.876,0.7628,0.76296,1.35,1.50
2013.01.31 10:12:54.187,0.76277,0.76296,1.35,2.25
2013.01.31 10:12:54.258,0.7628,0.76296,1.13,1.50
2013.01.31 10:12:54.564,0.7628,0.76296,1.35,1.50
2013.01.31 10:12:55.065,0.76277,0.76296,1.35,1.50
2013.01.31 10:12:55.835,0.76277,0.76296,2.10,1.50
2013.01.31 10:12:56.168,0.76277,0.76296,2.10,1.50
2013.01.31 10:12:56.235,0.76277,0.76296,2.10,1.50
2013.01.31 10:13:14.064,0.7628,0.76299,1.35,3.23
2013.01.31 10:13:15.435,0.7628,0.76299,1.35,2.48
2013.01.31 10:13:15.925,0.7628,0.76299,1.35,1.73
2013.01.31 10:13:20.214,0.7628,0.76299,1.35,2.48
2013.01.31 10:13:27.926,0.76276,0.76296,2.48,1.50
2013.01.31 10:13:32.865,0.76276,0.76296,1.73,1.50
2013.01.31 10:13:33.433,0.76276,0.76296,1.73,1.50
2013.01.31 10:13:37.593,0.76274,0.76296,3.23,2.25
2013.01.31 10:13:37.875,0.76274,0.76296,3.23,1.50
2013.01.31 10:13:38.154,0.76274,0.76296,2.10,3.00
2013.01.31 10:13:38.215,0.76274,0.76296,2.10,3.23
2013.01.31 10:13:38.574,0.76273,0.76291,1.73,1.50
2013.01.31 10:13:38.694,0.76273,0.76291,2.10,1.50
2013.01.31 10:13:38.754,0.76274,0.76291,1.35,1.50
2013.01.31 10:13:39.357,0.76274,0.76294,2.10,2.25
2013.01.31 10:13:39.604,0.76274,0.76294,2.10,2.48
2013.01.31 10:13:40.073,0.76272,0.7629,1.73,1.50
2013.01.31 10:13:42.404,0.76276,0.76296,1.13,3.23
2013.01.31 10:13:52.604,0.76274,0.76296,2.85,2.85
2013.01.31 10:13:52.924,0.76274,0.76291,1.35,1.50
2013.01.31 10:13:53.283,0.76271,0.76291,2.85,2.48
2013.01.31 10:13:56.684,0.76271,0.76291,2.48,1.73
2013.01.31 10:13:56.864,0.76268,0.76287,2.85,1.50
2013.01.31 10:13:57.363,0.76267,0.76287,2.10,1.50
2013.01.31 10:13:58.893,0.76267,0.76287,2.48,1.50
2013.01.31 10:13:58.953,0.76267,0.76287,3.23,3.75
2013.01.31 10:13:59.254,0.76267,0.76287,2.63,1.73
2013.01.31 10:13:59.313,0.76267,0.76287,2.85,1.50
2013.01.31 10:14:02.655,0.76267,0.76287,3.60,2.25
2013.01.31 10:14:02.713,0.76267,0.76287,3.23,2.25
2013.01.31 10:14:05.253,0.76267,0.76287,1.88,2.48
2013.01.31 10:14:05.433,0.76267,0.76287,2.85,1.50
2013.01.31 10:14:06.474,0.76269,0.76287,1.13,1.50
2013.01.31 10:14:08.704,0.76267,0.76287,2.10,1.50
2013.01.31 10:14:09.254,0.76269,0.76287,1.13,1.50
2013.01.31 10:14:09.613,0.76267,0.76287,2.85,2.48
2013.01.31 10:14:10.014,0.76267,0.76287,2.85,2.85
2013.01.31 10:14:10.563,0.76267,0.76284,1.35,1.50
2013.01.31 10:14:10.834,0.76267,0.7628,1.35,1.50
2013.01.31 10:14:11.216,0.76261,0.7628,2.48,1.50
2013.01.31 10:14:11.347,0.7626,0.76276,8.10,1.50
2013.01.31 10:14:13.124,0.7626,0.76276,8.85,1.50
2013.01.31 10:14:13.243,0.7626,0.7628,10.35,1.50
2013.01.31 10:14:13.875,0.7626,0.7628,3.60,1.50
2013.01.31 10:14:14.414,0.7626,0.7628,3.60,1.50
2013.01.31 10:14:16.404,0.7626,0.7628,3.60,1.50
2013.01.31 10:14:16.944,0.7626,0.7628,3.60,1.50
2013.01.31 10:14:17.456,0.7626,0.76278,1.35,1.50
2013.01.31 10:14:17.904,0.7626,0.76278,1.13,1.73
2013.01.31 10:14:18.342,0.7626,0.76278,1.35,1.50
2013.01.31 10:14:18.653,0.76256,0.76278,1.35,2.25
2013.01.31 10:14:18.894,0.76257,0.76278,1.35,2.25
2013.01.31 10:14:19.164,0.76258,0.76278,1.35,2.25
2013.01.31 10:14:19.335,0.76256,0.76278,2.85,1.50
2013.01.31 10:14:21.178,0.76256,0.76278,1.73,2.25
2013.01.31 10:14:21.304,0.76256,0.76272,1.73,1.50
2013.01.31 10:14:21.545,0.76255,0.76272,1.73,1.50
2013.01.31 10:14:21.724,0.76256,0.76276,2.48,1.50
2013.01.31 10:14:22.084,0.76256,0.76276,2.48,1.50
2013.01.31 10:14:22.337,0.76256,0.76276,2.48,1.50
2013.01.31 10:14:22.463,0.76256,0.76276,2.48,1.50
2013.01.31 10:14:22.706,0.76256,0.76276,2.48,1.50
2013.01.31 10:14:23.023,0.76256,0.76276,2.48,3.00
2013.01.31 10:14:23.363,0.76255,0.76277,2.48,3.00
2013.01.31 10:14:23.424,0.76255,0.76277,2.48,2.25
2013.01.31 10:14:23.484,0.76255,0.76277,2.48,2.48
2013.01.31 10:14:23.723,0.76255,0.76277,2.48,2.48
2013.01.31 10:14:23.904,0.76255,0.76277,2.48,2.25
2013.01.31 10:14:24.144,0.76255,0.76277,2.48,2.25
2013.01.31 10:14:24.204,0.76255,0.76277,2.48,2.25
2013.01.31 10:14:24.264,0.76255,0.76277,2.48,1.50
2013.01.31 10:14:24.563,0.76255,0.76277,2.48,1.73
2013.01.31 10:14:24.685,0.76258,0.76277,1.50,1.73
2013.01.31 10:14:24.923,0.76255,0.76277,2.48,1.73
2013.01.31 10:14:25.344,0.76257,0.76277,1.73,1.50
2013.01.31 10:14:25.463,0.76255,0.76277,3.23,1.73
2013.01.31 10:14:25.709,0.76257,0.76277,1.73,1.50
2013.01.31 10:14:26.237,0.76257,0.76277,1.50,1.50
2013.01.31 10:14:26.303,0.76257,0.76277,1.73,1.50
2013.01.31 10:14:27.094,0.76261,0.76282,2.25,1.35
2013.01.31 10:14:27.413,0.76265,0.76286,1.50,2.10
2013.01.31 10:14:27.715,0.76265,0.76286,2.25,1.35
2013.01.31 10:14:27.774,0.76267,0.76286,1.73,1.35
2013.01.31 10:14:28.433,0.76267,0.76289,1.73,2.85
2013.01.31 10:14:28.555,0.7627,0.7629,1.73,2.63
2013.01.31 10:14:28.673,0.7627,0.7629,2.48,2.63
2013.01.31 10:14:29.154,0.7627,0.76287,1.73,1.13
2013.01.31 10:14:29.333,0.76266,0.76286,2.25,2.48
2013.01.31 10:14:29.454,0.76268,0.76286,1.50,1.73
2013.01.31 10:14:29.574,0.76268,0.76286,1.50,1.73
2013.01.31 10:14:29.694,0.76266,0.76286,2.25,2.48
2013.01.31 10:14:29.993,0.76267,0.76286,1.50,1.73
2013.01.31 10:14:30.114,0.76271,0.76286,1.50,1.73
2013.01.31 10:14:30.353,0.76277,0.76291,1.50,1.73
2013.01.31 10:14:30.473,0.76277,0.76291,1.50,1.73
2013.01.31 10:14:30.773,0.7628,0.76296,1.50,2.85
2013.01.31 10:14:31.014,0.7628,0.76296,1.50,1.73
2013.01.31 10:14:31.254,0.76278,0.76296,1.50,1.73
2013.01.31 10:14:31.553,0.76278,0.76296,1.50,1.73
2013.01.31 10:14:31.798,0.7628,0.76296,1.50,1.73
2013.01.31 10:14:33.083,0.7628,0.763,1.73,2.48
2013.01.31 10:14:33.411,0.7628,0.763,1.73,1.50
2013.01.31 10:14:33.949,0.76281,0.763,2.48,1.50
2013.01.31 10:14:34.024,0.76278,0.76298,2.48,1.50
2013.01.31 10:14:35.293,0.76278,0.76298,2.48,2.25
2013.01.31 10:14:35.353,0.76278,0.76298,2.48,2.25
2013.01.31 10:14:36.473,0.76281,0.76302,3.23,2.48
2013.01.31 10:14:36.594,0.76282,0.76302,1.50,2.48
2013.01.31 10:14:37.694,0.76282,0.76302,1.73,2.25
2013.01.31 10:14:38.225,0.76281,0.76302,2.48,2.25
2013.01.31 10:14:38.287,0.76281,0.76302,2.48,2.48
2013.01.31 10:14:38.594,0.76281,0.76301,1.50,1.73
2013.01.31 10:14:38.654,0.76281,0.76301,2.25,1.73
2013.01.31 10:14:38.714,0.76281,0.76301,3.23,1.73
2013.01.31 10:14:38.894,0.76281,0.76296,3.23,1.50
2013.01.31 10:14:39.014,0.76287,0.76303,1.50,1.13
2013.01.31 10:14:39.206,0.76284,0.763,1.73,1.50
2013.01.31 10:14:39.384,0.76281,0.763,2.48,2.25
2013.01.31 10:14:39.444,0.76281,0.76296,2.48,1.50
2013.01.31 10:14:40.125,0.76281,0.76296,1.73,1.50
2013.01.31 10:14:40.184,0.76281,0.76301,1.73,1.88
2013.01.31 10:14:40.304,0.76281,0.76301,1.73,1.50
2013.01.31 10:14:40.845,0.76281,0.76301,2.48,1.50
2013.01.31 10:14:41.813,0.76281,0.76301,1.73,1.50
2013.01.31 10:14:44.854,0.76285,0.76307,3.00,3.23
2013.01.31 10:14:45.034,0.76287,0.76307,1.73,1.73
2013.01.31 10:14:45.154,0.76287,0.76307,2.48,1.73
2013.01.31 10:14:45.455,0.76287,0.76307,1.73,2.85
2013.01.31 10:14:45.633,0.76278,0.76299,1.73,1.50
2013.01.31 10:14:46.473,0.76277,0.76299,3.23,1.73
2013.01.31 10:14:47.434,0.76277,0.76299,3.23,1.73
2013.01.31 10:14:47.554,0.76278,0.76299,1.73,1.50
2013.01.31 10:14:47.794,0.76277,0.76299,2.48,1.73
2013.01.31 10:14:49.814,0.76277,0.76299,2.48,3.23
2013.01.31 10:14:51.424,0.76277,0.76299,2.48,3.00
2013.01.31 10:14:52.076,0.76277,0.76299,2.48,2.25
2013.01.31 10:14:54.720,0.76278,0.76299,1.73,2.48
2013.01.31 10:14:55.604,0.76278,0.76299,1.73,2.25
2013.01.31 10:14:56.304,0.76277,0.76299,3.23,2.48
2013.01.31 10:14:56.776,0.76277,0.76298,3.23,1.73
2013.01.31 10:14:57.284,0.76278,0.76298,1.50,1.73
2013.01.31 10:14:57.714,0.76277,0.76298,3.23,1.73
2013.01.31 10:14:58.266,0.76277,0.76299,2.48,2.25
2013.01.31 10:14:58.444,0.76282,0.76301,2.25,1.50
2013.01.31 10:14:59.118,0.76282,0.76301,2.48,1.50
2013.01.31 10:15:01.267,0.76282,0.76301,1.73,1.50
2013.01.31 10:15:02.155,0.76278,0.76297,1.73,1.50
2013.01.31 10:15:02.274,0.76278,0.76295,1.50,1.50
2013.01.31 10:15:02.393,0.76274,0.76295,2.33,3.00
2013.01.31 10:15:02.955,0.76274,0.76295,2.33,3.00
2013.01.31 10:15:04.137,0.76274,0.76295,1.73,3.00
2013.01.31 10:15:04.207,0.76274,0.76295,1.73,3.00
2013.01.31 10:15:05.385,0.76274,0.76295,2.48,2.25
2013.01.31 10:15:05.884,0.76274,0.76295,2.48,2.48
2013.01.31 10:15:09.853,0.76274,0.76295,2.48,2.48
2013.01.31 10:15:10.344,0.76277,0.76295,1.35,2.48
2013.01.31 10:15:10.705,0.76284,0.76303,1.73,2.63
2013.01.31 10:15:10.767,0.76287,0.76303,2.25,1.73
2013.01.31 10:15:11.938,0.76284,0.76303,2.48,2.25
2013.01.31 10:15:12.004,0.76284,0.76303,3.23,1.50
2013.01.31 10:15:13.354,0.76289,0.76308,1.73,1.50
2013.01.31 10:15:13.414,0.76289,0.76309,2.48,2.48
2013.01.31 10:15:13.684,0.76289,0.76309,2.48,2.48
2013.01.31 10:15:13.984,0.76289,0.76309,3.98,2.25
2013.01.31 10:15:14.225,0.76289,0.76309,2.48,2.48
2013.01.31 10:15:14.765,0.76289,0.76309,3.23,1.73
2013.01.31 10:15:14.884,0.7629,0.76309,1.73,1.50
2013.01.31 10:15:14.944,0.76293,0.76312,2.48,1.50
2013.01.31 10:15:15.125,0.76293,0.76313,2.48,1.50
2013.01.31 10:15:15.373,0.76296,0.76316,2.48,6.75
2013.01.31 10:15:15.734,0.76296,0.76318,2.48,2.25
2013.01.31 10:15:16.327,0.76296,0.76318,2.48,1.50
2013.01.31 10:15:16.885,0.76303,0.76321,2.25,1.35
2013.01.31 10:15:17.184,0.76303,0.76324,2.48,1.35
2013.01.31 10:15:19.625,0.76303,0.76327,3.08,2.85
2013.01.31 10:15:19.924,0.76305,0.76326,1.73,1.50
2013.01.31 10:15:20.225,0.76307,0.76326,3.83,1.50
2013.01.31 10:15:20.586,0.76314,0.7633,1.50,1.50
2013.01.31 10:15:20.945,0.76314,0.76335,2.48,2.25
2013.01.31 10:15:21.573,0.76314,0.76335,1.73,1.50
2013.01.31 10:15:22.114,0.7632,0.76338,1.73,1.50
2013.01.31 10:15:22.173,0.7632,0.76338,1.73,1.50
2013.01.31 10:15:22.936,0.76321,0.76341,2.48,1.50
2013.01.31 10:15:22.994,0.76321,0.76343,2.48,3.00
2013.01.31 10:15:24.573,0.76324,0.76343,2.33,3.00
2013.01.31 10:15:24.933,0.76331,0.76351,2.48,2.40
2013.01.31 10:15:25.054,0.76331,0.76351,2.48,1.50
2013.01.31 10:15:25.765,0.76331,0.7635,2.48,1.50
2013.01.31 10:15:25.846,0.76327,0.76348,2.48,1.50
2013.01.31 10:15:26.810,0.76327,0.76348,3.08,1.73
2013.01.31 10:15:28.395,0.7633,0.76348,1.50,1.73
2013.01.31 10:15:30.686,0.76331,0.76351,1.73,1.73
2013.01.31 10:15:30.754,0.7633,0.76351,3.23,1.50
2013.01.31 10:15:30.935,0.76333,0.76355,2.48,2.48
2013.01.31 10:15:30.996,0.76333,0.76355,2.25,2.48
2013.01.31 10:15:31.305,0.76333,0.76355,2.48,2.10
2013.01.31 10:15:31.425,0.76333,0.76355,2.48,1.73
2013.01.31 10:15:31.484,0.76333,0.76355,2.25,2.48
2013.01.31 10:15:32.174,0.76333,0.76351,1.50,1.73
2013.01.31 10:15:32.234,0.76328,0.7635,3.23,1.50
2013.01.31 10:15:32.424,0.76328,0.7635,2.25,1.73
2013.01.31 10:15:32.964,0.76328,0.76348,1.50,3.23
2013.01.31 10:15:33.024,0.76328,0.76348,1.50,3.23
2013.01.31 10:15:33.086,0.76325,0.76345,2.25,1.73
2013.01.31 10:15:33.864,0.76325,0.76345,2.25,2.48
2013.01.31 10:15:33.924,0.76325,0.76345,2.85,2.25
2013.01.31 10:15:34.164,0.76329,0.76349,2.48,1.50
2013.01.31 10:15:34.674,0.76329,0.76349,2.48,1.73
2013.01.31 10:15:34.794,0.76329,0.76349,2.48,1.73
2013.01.31 10:15:34.914,0.76329,0.76347,2.25,3.23
2013.01.31 10:15:35.273,0.76325,0.76345,2.48,1.50
2013.01.31 10:15:37.435,0.76325,0.76345,3.23,1.50
2013.01.31 10:15:37.494,0.76325,0.76345,3.23,1.50
2013.01.31 10:15:37.555,0.76326,0.76345,1.73,1.50
2013.01.31 10:15:37.793,0.76325,0.76345,4.58,1.50
2013.01.31 10:15:37.914,0.76328,0.7635,2.48,1.88
2013.01.31 10:15:38.214,0.76328,0.7635,3.98,1.88
2013.01.31 10:15:38.526,0.76329,0.7635,2.48,1.50
2013.01.31 10:15:38.584,0.76329,0.7635,1.73,1.50
2013.01.31 10:15:38.885,0.7633,0.7635,1.73,1.50
2013.01.31 10:15:40.654,0.76333,0.76352,2.48,1.50
2013.01.31 10:15:41.284,0.76333,0.76353,2.48,1.50
2013.01.31 10:15:42.494,0.76333,0.76353,2.48,2.25
2013.01.31 10:15:43.024,0.76333,0.76353,2.48,1.50
2013.01.31 10:15:45.714,0.76338,0.76356,1.73,1.50
2013.01.31 10:15:45.894,0.76338,0.76358,2.48,1.88
2013.01.31 10:15:48.854,0.76338,0.76358,2.48,1.73
2013.01.31 10:15:48.974,0.76338,0.76358,2.48,1.88
2013.01.31 10:15:52.174,0.76338,0.76358,1.73,1.50
2013.01.31 10:15:52.684,0.76338,0.76358,1.73,2.25
2013.01.31 10:15:52.804,0.76338,0.76358,1.73,2.25
2013.01.31 10:15:53.333,0.76337,0.76358,2.48,1.13
2013.01.31 10:15:53.396,0.76337,0.76356,1.73,1.13
2013.01.31 10:15:53.585,0.76332,0.76352,1.73,3.38
2013.01.31 10:15:54.683,0.76332,0.76351,1.73,1.35
2013.01.31 10:15:57.414,0.76332,0.76352,2.48,3.23
2013.01.31 10:15:58.993,0.76332,0.76352,1.73,2.85
2013.01.31 10:15:59.113,0.76332,0.76352,1.73,2.63
2013.01.31 10:15:59.964,0.76332,0.76352,1.73,3.38
2013.01.31 10:16:00.345,0.76328,0.76347,2.48,1.13
2013.01.31 10:16:00.405,0.76328,0.76347,2.48,1.13
2013.01.31 10:16:07.914,0.76323,0.76345,1.73,2.25
2013.01.31 10:16:11.375,0.76323,0.76344,1.73,1.50
2013.01.31 10:16:11.554,0.76323,0.76341,1.50,1.13
2013.01.31 10:16:12.085,0.76319,0.76339,1.50,1.73
2013.01.31 10:16:12.144,0.76319,0.76339,2.25,1.73
2013.01.31 10:16:12.444,0.76316,0.76336,3.23,1.50
2013.01.31 10:16:14.404,0.76316,0.76336,2.48,2.25
2013.01.31 10:16:14.525,0.76316,0.76336,2.48,2.25
2013.01.31 10:16:19.793,0.76316,0.76336,2.48,2.25
2013.01.31 10:16:20.084,0.7632,0.7634,2.48,2.25
2013.01.31 10:16:20.264,0.7632,0.7634,2.48,2.25
2013.01.31 10:16:20.884,0.7632,0.7634,2.48,1.50
2013.01.31 10:16:22.161,0.76324,0.76345,3.23,1.13
2013.01.31 10:16:26.074,0.76324,0.76345,2.48,1.88
2013.01.31 10:16:26.194,0.76324,0.76345,2.48,1.88
2013.01.31 10:16:26.283,0.76324,0.76345,2.48,1.88
2013.01.31 10:16:26.344,0.76323,0.76341,2.48,1.50
2013.01.31 10:16:29.076,0.76321,0.76341,2.48,2.25
2013.01.31 10:16:30.069,0.76321,0.76341,2.48,1.50
2013.01.31 10:16:30.194,0.76321,0.76341,2.48,1.50
2013.01.31 10:16:30.317,0.76324,0.76344,2.48,1.50
2013.01.31 10:16:30.627,0.76324,0.76345,2.48,2.25
2013.01.31 10:16:30.928,0.76326,0.76345,2.22,1.50
2013.01.31 10:16:31.175,0.76328,0.76348,2.48,1.50
2013.01.31 10:16:32.743,0.76328,0.76348,1.73,3.00
2013.01.31 10:16:32.864,0.76325,0.76344,1.63,1.50
2013.01.31 10:16:35.363,0.76324,0.76343,2.16,1.13
2013.01.31 10:16:35.544,0.76319,0.76339,1.47,2.25
2013.01.31 10:16:36.369,0.76319,0.76339,1.47,1.50
2013.01.31 10:16:36.439,0.76322,0.76342,1.73,2.63
2013.01.31 10:16:36.583,0.76322,0.76342,1.73,1.88
2013.01.31 10:16:36.643,0.76322,0.76342,1.73,1.50
2013.01.31 10:16:37.424,0.76322,0.76342,1.73,2.25
2013.01.31 10:16:38.054,0.76318,0.76338,1.73,1.50
2013.01.31 10:16:40.954,0.76318,0.76338,1.73,2.25
2013.01.31 10:16:41.134,0.76318,0.76338,2.48,1.50
2013.01.31 10:16:41.434,0.76322,0.76342,2.48,1.50
2013.01.31 10:16:41.494,0.76325,0.76342,2.48,1.50
2013.01.31 10:16:41.565,0.76327,0.76347,1.73,3.75
2013.01.31 10:16:42.034,0.76327,0.76347,1.73,3.00
2013.01.31 10:16:47.844,0.76327,0.76346,1.73,1.50
2013.01.31 10:16:50.384,0.76322,0.76344,2.48,2.25
2013.01.31 10:16:50.744,0.76322,0.76344,2.48,2.48
2013.01.31 10:16:52.715,0.76319,0.76339,2.48,2.25
2013.01.31 10:16:53.020,0.76322,0.76339,1.73,1.50
2013.01.31 10:16:53.265,0.76322,0.76344,3.23,2.25
2013.01.31 10:16:53.324,0.76322,0.76344,3.88,2.25
2013.01.31 10:16:53.505,0.76322,0.76344,2.48,2.25
2013.01.31 10:16:58.644,0.76324,0.76344,1.45,2.25
2013.01.31 10:17:00.184,0.76325,0.76344,2.48,1.50
2013.01.31 10:17:07.154,0.76323,0.76338,1.73,1.50
2013.01.31 10:17:07.274,0.76316,0.76335,1.73,2.25
2013.01.31 10:17:07.454,0.7632,0.76338,1.41,1.50
2013.01.31 10:17:07.935,0.76319,0.76339,2.48,2.25
2013.01.31 10:17:11.043,0.7632,0.76339,2.48,2.25
2013.01.31 10:17:11.166,0.7632,0.76339,2.48,2.25
2013.01.31 10:17:13.464,0.7632,0.76339,2.48,2.25
2013.01.31 10:17:13.584,0.7632,0.76339,2.48,2.25
2013.01.31 10:17:39.204,0.76317,0.76337,1.73,3.00
2013.01.31 10:17:39.264,0.76317,0.76337,1.73,3.00
2013.01.31 10:17:39.504,0.76314,0.76333,2.25,2.10
2013.01.31 10:17:39.820,0.7631,0.7633,2.48,1.50
2013.01.31 10:17:39.944,0.7631,0.7633,1.73,2.25
2013.01.31 10:17:40.614,0.7631,0.7633,1.73,2.25
2013.01.31 10:17:40.983,0.76313,0.76333,1.73,1.13
2013.01.31 10:17:41.525,0.76313,0.76335,2.48,2.63
2013.01.31 10:17:41.733,0.76313,0.76335,2.48,2.25
2013.01.31 10:17:46.845,0.76313,0.76335,2.48,1.50
2013.01.31 10:17:49.340,0.76318,0.76338,2.48,1.50
2013.01.31 10:17:54.464,0.76318,0.76338,1.73,2.25
2013.01.31 10:17:54.535,0.76318,0.76338,1.73,2.25
2013.01.31 10:17:55.228,0.76313,0.76333,2.48,1.50
2013.01.31 10:18:00.654,0.76313,0.76333,2.48,1.50
2013.01.31 10:18:05.033,0.76313,0.76333,2.48,2.25
2013.01.31 10:18:05.154,0.7631,0.7633,1.73,1.50
2013.01.31 10:18:05.455,0.76316,0.76331,2.77,1.50
2013.01.31 10:18:05.814,0.76322,0.76339,2.48,1.50
2013.01.31 10:18:05.935,0.76322,0.76339,2.82,1.50
2013.01.31 10:18:05.994,0.76322,0.76339,2.82,1.50
2013.01.31 10:18:06.114,0.76322,0.76343,3.57,1.50
2013.01.31 10:18:08.214,0.76321,0.76343,2.48,2.25
2013.01.31 10:18:09.124,0.76323,0.76343,2.48,1.50
2013.01.31 10:18:09.702,0.76325,0.76347,2.48,2.25
2013.01.31 10:18:09.779,0.76333,0.76351,1.73,1.50
2013.01.31 10:18:10.302,0.76334,0.76354,2.48,2.25
2013.01.31 10:18:10.624,0.76334,0.76353,2.25,1.73
2013.01.31 10:18:10.745,0.76334,0.76353,1.50,2.48
2013.01.31 10:18:10.986,0.76334,0.76354,2.25,3.23
2013.01.31 10:18:11.045,0.76334,0.76354,2.48,2.25
2013.01.31 10:18:11.561,0.76335,0.76354,1.73,1.50
2013.01.31 10:18:12.064,0.76334,0.76354,2.48,2.25
2013.01.31 10:18:12.124,0.76334,0.76354,1.73,2.25
2013.01.31 10:18:12.244,0.76334,0.76354,1.73,2.48
2013.01.31 10:18:12.305,0.76334,0.76352,1.50,1.73
2013.01.31 10:18:12.613,0.76329,0.76349,2.48,1.50
2013.01.31 10:18:14.854,0.76333,0.76353,1.50,1.73
2013.01.31 10:18:15.214,0.76333,0.76354,1.73,2.48
2013.01.31 10:18:15.394,0.76333,0.76353,1.50,1.73
2013.01.31 10:18:28.114,0.76333,0.76355,2.25,2.48
2013.01.31 10:18:28.294,0.76333,0.76355,2.48,1.50
2013.01.31 10:18:28.354,0.76333,0.76355,1.73,2.25
2013.01.31 10:18:29.693,0.76337,0.76357,1.50,2.25
2013.01.31 10:18:29.754,0.76337,0.76359,1.50,2.85
2013.01.31 10:18:29.814,0.76337,0.76359,1.73,2.25
2013.01.31 10:18:32.574,0.76346,0.76362,1.50,1.50
2013.01.31 10:18:32.644,0.76346,0.76364,1.50,1.73
2013.01.31 10:18:32.718,0.76346,0.76365,1.50,3.00
2013.01.31 10:18:32.975,0.76346,0.76365,1.73,2.25
2013.01.31 10:18:33.215,0.76349,0.76369,1.50,3.00
2013.01.31 10:18:33.634,0.76349,0.76368,1.50,1.50
2013.01.31 10:18:34.125,0.76349,0.76368,1.50,1.50
2013.01.31 10:18:36.861,0.76349,0.76368,1.50,1.50
2013.01.31 10:18:37.415,0.76349,0.76368,1.50,1.50
2013.01.31 10:18:38.544,0.76349,0.76368,1.50,1.50
2013.01.31 10:18:39.095,0.76349,0.76369,1.50,2.48
2013.01.31 10:18:39.633,0.76349,0.76369,1.50,3.00
2013.01.31 10:18:40.144,0.76349,0.76369,1.50,3.00
2013.01.31 10:18:42.184,0.76349,0.76369,1.73,3.00
2013.01.31 10:18:42.304,0.76349,0.76369,1.73,3.00
2013.01.31 10:18:42.874,0.76349,0.76369,1.73,2.25
2013.01.31 10:18:46.976,0.76349,0.76369,2.48,1.50
2013.01.31 10:18:47.094,0.76353,0.76373,1.73,2.25
2013.01.31 10:18:47.274,0.76353,0.76373,1.73,2.25
2013.01.31 10:18:47.394,0.76353,0.76373,1.73,2.25
2013.01.31 10:18:48.145,0.76353,0.76373,1.73,3.00
2013.01.31 10:19:06.824,0.76353,0.76373,1.73,2.25
2013.01.31 10:19:06.943,0.76353,0.76373,1.73,2.25
2013.01.31 10:19:07.194,0.76354,0.76375,1.50,2.48
2013.01.31 10:19:07.384,0.76354,0.76375,1.73,2.48
2013.01.31 10:19:09.934,0.76354,0.76376,1.73,3.00
2013.01.31 10:19:10.253,0.76354,0.76376,1.73,3.00
2013.01.31 10:19:10.947,0.76354,0.76376,1.73,2.25
2013.01.31 10:19:11.364,0.76354,0.76376,2.48,2.25
2013.01.31 10:19:12.004,0.76358,0.7638,1.73,3.00
2013.01.31 10:19:12.324,0.76358,0.76379,1.73,1.73
2013.01.31 10:19:12.805,0.76355,0.76375,2.48,2.25
2013.01.31 10:19:12.984,0.76355,0.76375,1.73,3.00
2013.01.31 10:19:13.225,0.76355,0.76375,1.73,3.23
2013.01.31 10:19:13.614,0.76355,0.76375,2.48,2.48
2013.01.31 10:19:14.209,0.76355,0.76371,1.73,1.50
2013.01.31 10:19:14.514,0.76349,0.76371,2.48,2.48
2013.01.31 10:19:15.353,0.76349,0.76371,2.25,2.48
2013.01.31 10:19:15.864,0.76349,0.76371,1.73,3.23
2013.01.31 10:19:16.104,0.76349,0.76371,2.48,2.25
2013.01.31 10:19:17.834,0.76349,0.76371,2.48,2.25
2013.01.31 10:19:21.214,0.76349,0.76371,2.48,1.50
2013.01.31 10:19:21.716,0.76353,0.76374,2.48,1.73
2013.01.31 10:19:22.076,0.76355,0.76375,1.73,2.25
2013.01.31 10:19:22.464,0.76354,0.76375,1.73,2.48
2013.01.31 10:19:25.483,0.76353,0.76375,1.73,3.23
2013.01.31 10:19:26.145,0.7635,0.7637,2.48,2.48
2013.01.31 10:19:26.267,0.7635,0.76369,2.25,1.73
2013.01.31 10:19:26.624,0.7635,0.76369,1.50,2.48
2013.01.31 10:19:27.305,0.76348,0.76367,1.73,2.48
2013.01.31 10:19:27.425,0.7635,0.76369,1.73,2.48
2013.01.31 10:19:27.784,0.7635,0.7637,2.48,1.50
2013.01.31 10:19:27.844,0.76354,0.76373,2.48,2.48
2013.01.31 10:19:31.404,0.76354,0.76374,2.25,1.73
2013.01.31 10:19:31.774,0.76354,0.76373,1.50,1.73
2013.01.31 10:19:35.355,0.76351,0.76371,2.48,3.00
2013.01.31 10:19:35.534,0.76351,0.76371,1.50,3.23
2013.01.31 10:19:35.654,0.76347,0.76367,1.73,2.25
2013.01.31 10:19:36.815,0.76347,0.76367,2.48,1.50
2013.01.31 10:19:37.174,0.76356,0.76376,1.50,2.48
2013.01.31 10:19:37.294,0.76356,0.76376,2.25,3.23
2013.01.31 10:19:37.845,0.76351,0.76373,3.23,1.50
2013.01.31 10:19:39.284,0.76355,0.76373,1.73,2.25
2013.01.31 10:19:39.405,0.76355,0.76377,3.23,2.48
2013.01.31 10:19:43.125,0.76355,0.76374,2.25,1.73
2013.01.31 10:19:44.255,0.76355,0.76375,2.25,1.73
2013.01.31 10:19:44.435,0.76355,0.76376,1.73,1.73
2013.01.31 10:19:44.599,0.76355,0.76376,2.48,1.73
2013.01.31 10:19:48.824,0.76356,0.76377,1.73,2.48
2013.01.31 10:19:49.065,0.76356,0.76377,1.73,1.50
2013.01.31 10:19:50.724,0.76357,0.76377,1.73,2.25
2013.01.31 10:19:51.474,0.76355,0.76377,2.48,2.25
2013.01.31 10:19:51.833,0.76352,0.76372,2.48,1.50
2013.01.31 10:19:52.134,0.76352,0.76372,1.73,2.25
2013.01.31 10:19:52.254,0.76352,0.76372,1.73,2.25
2013.01.31 10:19:52.554,0.76351,0.76368,1.73,1.50
2013.01.31 10:19:53.103,0.76348,0.76368,3.23,1.50
2013.01.31 10:19:55.704,0.7635,0.76368,1.50,1.50
2013.01.31 10:19:59.626,0.7635,0.76368,1.73,2.25
2013.01.31 10:20:00.156,0.76348,0.76368,3.23,2.25
2013.01.31 10:20:00.410,0.76348,0.76368,2.48,2.25
2013.01.31 10:20:00.624,0.76348,0.76368,2.48,2.25
2013.01.31 10:20:01.484,0.76347,0.76365,1.73,1.50
2013.01.31 10:20:01.785,0.76343,0.76365,2.48,2.25
2013.01.31 10:20:01.964,0.76341,0.76361,3.23,1.50
2013.01.31 10:20:02.024,0.76341,0.76361,1.73,1.50
2013.01.31 10:20:02.144,0.76339,0.76361,3.23,2.25
2013.01.31 10:20:03.026,0.76341,0.76361,1.73,1.50
2013.01.31 10:20:05.584,0.76341,0.76361,1.73,1.50
2013.01.31 10:20:05.645,0.76341,0.76361,1.73,1.50
2013.01.31 10:20:11.124,0.76341,0.76361,1.73,2.25
2013.01.31 10:20:11.364,0.76339,0.7636,2.48,1.35
2013.01.31 10:20:11.838,0.76339,0.7636,2.48,1.35
2013.01.31 10:20:11.914,0.76339,0.7636,2.25,1.35
2013.01.31 10:20:15.164,0.76339,0.7636,2.25,1.35
2013.01.31 10:20:15.913,0.76339,0.7636,2.25,1.35
2013.01.31 10:20:34.964,0.76339,0.76358,2.25,1.35
2013.01.31 10:20:44.786,0.76338,0.76358,2.25,1.35
2013.01.31 10:20:45.388,0.76338,0.76358,2.25,1.35
2013.01.31 10:21:00.186,0.76338,0.76358,2.25,1.35
2013.01.31 10:21:14.654,0.76337,0.76357,3.00,2.10
2013.01.31 10:21:16.478,0.76337,0.76357,3.00,2.10
2013.01.31 10:21:19.584,0.76337,0.76357,2.25,2.10
2013.01.31 10:21:22.356,0.76337,0.76356,1.50,1.35
2013.01.31 10:21:23.394,0.76335,0.76354,1.50,2.48
2013.01.31 10:21:24.166,0.76333,0.76354,2.25,2.48
2013.01.31 10:21:24.625,0.76333,0.76354,2.25,2.48
2013.01.31 10:21:24.985,0.76337,0.76358,1.50,3.60
2013.01.31 10:21:25.535,0.76337,0.76358,1.50,4.73
2013.01.31 10:21:28.445,0.7634,0.76358,1.50,3.23
2013.01.31 10:21:28.834,0.76341,0.76358,2.25,1.35
2013.01.31 10:21:30.122,0.76342,0.76361,1.50,2.48
2013.01.31 10:21:31.815,0.76342,0.76361,1.50,2.48
2013.01.31 10:21:32.327,0.76346,0.76364,1.50,1.73
2013.01.31 10:21:33.905,0.76346,0.76364,1.50,1.73
2013.01.31 10:21:34.104,0.76346,0.76364,1.50,1.73
2013.01.31 10:21:37.124,0.76342,0.76362,3.00,2.48
2013.01.31 10:21:37.184,0.76342,0.76362,2.25,2.48
2013.01.31 10:21:37.747,0.76341,0.76363,3.00,3.23
2013.01.31 10:21:40.144,0.76342,0.76363,1.50,3.98
2013.01.31 10:21:40.705,0.76342,0.76363,1.50,3.23
2013.01.31 10:21:41.177,0.76346,0.76363,2.25,1.73
2013.01.31 10:21:41.475,0.76342,0.76362,3.00,2.48
2013.01.31 10:21:43.006,0.76342,0.76362,3.00,2.48
2013.01.31 10:21:43.524,0.76346,0.76362,1.50,2.48
2013.01.31 10:21:43.994,0.76346,0.76365,3.00,1.35
2013.01.31 10:21:48.674,0.76346,0.76364,1.50,2.85
2013.01.31 10:21:48.795,0.76342,0.76362,2.25,2.10
2013.01.31 10:21:49.296,0.76342,0.76362,2.48,2.10
2013.01.31 10:21:50.220,0.76342,0.76362,2.48,2.10
2013.01.31 10:21:50.544,0.76346,0.76366,3.00,2.48
2013.01.31 10:21:52.424,0.76346,0.76366,3.00,2.48
2013.01.31 10:22:02.784,0.76346,0.76366,3.00,2.48
2013.01.31 10:22:03.145,0.76346,0.76362,1.50,2.10
2013.01.31 10:22:03.204,0.76342,0.76362,2.25,2.10
2013.01.31 10:22:06.604,0.76341,0.76357,1.50,1.50
2013.01.31 10:22:06.905,0.76341,0.76362,3.00,2.85
2013.01.31 10:22:06.966,0.76341,0.76362,3.00,2.85
2013.01.31 10:22:07.326,0.76341,0.76359,1.50,1.73
2013.01.31 10:22:07.734,0.7634,0.76359,1.50,1.73
2013.01.31 10:22:08.471,0.76341,0.76359,1.50,1.73
2013.01.31 10:22:08.975,0.7634,0.76359,1.50,2.10
2013.01.31 10:22:12.856,0.76337,0.76359,2.25,2.85
2013.01.31 10:22:23.631,0.76337,0.76359,2.25,2.85
2013.01.31 10:22:30.364,0.76336,0.76358,3.00,2.48
2013.01.31 10:22:33.155,0.76336,0.76358,3.00,2.10
2013.01.31 10:22:33.474,0.76334,0.76353,1.50,1.73
2013.01.31 10:22:33.746,0.76333,0.76353,2.25,2.48
2013.01.31 10:22:38.655,0.76333,0.76353,2.25,3.23
2013.01.31 10:22:39.185,0.76328,0.7635,2.48,2.48
2013.01.31 10:22:39.947,0.76331,0.7635,1.50,1.73
2013.01.31 10:22:44.654,0.76328,0.7635,2.48,2.48
2013.01.31 10:22:44.714,0.76328,0.76349,2.25,1.73
2013.01.31 10:22:45.015,0.76326,0.76346,1.50,1.73
2013.01.31 10:22:45.757,0.76326,0.76346,1.50,1.73
2013.01.31 10:22:45.831,0.76326,0.76346,1.50,2.10
2013.01.31 10:22:47.664,0.76324,0.76344,2.25,1.35
2013.01.31 10:22:48.308,0.76324,0.76344,2.25,1.35
2013.01.31 10:22:52.194,0.76326,0.76346,1.50,2.10
2013.01.31 10:22:53.455,0.76326,0.76346,1.50,2.10
2013.01.31 10:22:53.995,0.76326,0.76346,1.50,2.10
2013.01.31 10:22:54.054,0.76326,0.76346,1.73,1.73
2013.01.31 10:22:54.234,0.76329,0.76349,2.25,2.48
2013.01.31 10:22:54.476,0.76331,0.76349,1.50,1.73
2013.01.31 10:22:54.725,0.76329,0.76349,2.25,2.48
2013.01.31 10:22:55.264,0.76329,0.76349,2.25,2.48
2013.01.31 10:22:56.207,0.76329,0.76349,2.25,2.48
2013.01.31 10:22:56.324,0.76329,0.76349,2.25,2.48
2013.01.31 10:22:56.848,0.76329,0.76349,2.25,2.48
2013.01.31 10:22:57.355,0.76327,0.76344,1.50,1.73
2013.01.31 10:22:57.884,0.76326,0.76344,1.50,1.73
2013.01.31 10:22:59.934,0.76326,0.76344,1.50,1.73
2013.01.31 10:23:00.644,0.76326,0.76344,1.50,1.73
2013.01.31 10:23:01.926,0.76326,0.76344,1.50,1.73
2013.01.31 10:23:02.700,0.76326,0.76344,1.50,1.73
2013.01.31 10:23:06.975,0.76328,0.76347,2.25,2.10
2013.01.31 10:23:07.284,0.76328,0.76347,2.48,1.50
2013.01.31 10:23:10.234,0.76328,0.76347,2.48,1.50
2013.01.31 10:23:17.715,0.76328,0.76347,2.48,1.50
2013.01.31 10:23:18.096,0.76332,0.76347,1.73,1.50
2013.01.31 10:23:20.205,0.76332,0.76352,1.73,1.50
2013.01.31 10:23:20.847,0.76336,0.76352,1.50,1.50
2013.01.31 10:23:21.374,0.76331,0.76352,1.73,1.50
2013.01.31 10:23:22.977,0.7633,0.76352,2.48,2.25
2013.01.31 10:23:23.505,0.7633,0.76352,2.48,2.25
2013.01.31 10:23:23.984,0.7633,0.76352,2.48,1.50
2013.01.31 10:23:24.355,0.76327,0.76347,3.60,2.25
2013.01.31 10:23:24.477,0.76327,0.76347,2.85,2.25
2013.01.31 10:23:26.555,0.76327,0.76347,2.85,1.50
2013.01.31 10:23:26.736,0.76331,0.76347,1.50,1.50
2013.01.31 10:23:28.154,0.76331,0.76347,1.73,1.50
2013.01.31 10:23:28.214,0.76331,0.76351,3.23,1.50
2013.01.31 10:23:36.924,0.76331,0.76351,3.23,1.50
2013.01.31 10:23:37.048,0.76331,0.76351,2.48,2.25
2013.01.31 10:23:37.444,0.76331,0.76351,2.48,1.50
2013.01.31 10:23:38.937,0.76337,0.76351,1.50,1.50
2013.01.31 10:23:39.065,0.76331,0.76351,3.23,1.50
2013.01.31 10:23:41.563,0.76331,0.76351,2.48,2.25
2013.01.31 10:23:41.805,0.76331,0.7635,2.48,1.50
2013.01.31 10:23:41.865,0.76326,0.76346,1.73,2.25
2013.01.31 10:23:42.104,0.76322,0.76341,1.35,2.63
2013.01.31 10:23:42.605,0.76325,0.76341,1.73,1.50
2013.01.31 10:23:43.124,0.76325,0.76342,1.73,1.50
2013.01.31 10:23:43.185,0.76325,0.76345,1.73,2.25
2013.01.31 10:23:43.944,0.76325,0.7634,1.73,1.50
2013.01.31 10:23:44.975,0.76322,0.7634,1.73,1.50
2013.01.31 10:23:46.194,0.76326,0.7634,1.50,1.50
2013.01.31 10:23:46.619,0.76326,0.76342,1.73,1.50
2013.01.31 10:23:46.685,0.76326,0.76344,1.73,1.50
2013.01.31 10:23:49.495,0.76326,0.76344,1.73,1.50
2013.01.31 10:23:56.884,0.76327,0.76344,1.73,1.50
2013.01.31 10:23:57.405,0.76327,0.76344,1.73,1.50
2013.01.31 10:24:00.905,0.76327,0.76344,1.73,1.50
2013.01.31 10:24:01.265,0.76327,0.76344,1.73,1.50
2013.01.31 10:24:06.254,0.7633,0.76347,1.73,1.50
2013.01.31 10:24:06.315,0.7633,0.76349,1.73,1.50
2013.01.31 10:24:09.066,0.76331,0.76351,3.23,1.50
2013.01.31 10:24:09.125,0.76335,0.76353,1.50,2.10
2013.01.31 10:24:09.246,0.76335,0.76353,1.73,1.88
2013.01.31 10:24:09.365,0.76341,0.76357,1.73,2.25
2013.01.31 10:24:09.424,0.76341,0.76357,1.73,1.50
2013.01.31 10:24:10.055,0.76336,0.76357,1.73,1.50
2013.01.31 10:24:14.695,0.76336,0.76353,1.73,1.50
2013.01.31 10:24:14.937,0.76332,0.76353,1.73,2.63
2013.01.31 10:24:15.345,0.76332,0.76349,1.73,1.50
2013.01.31 10:24:15.524,0.76332,0.76349,1.73,1.50
2013.01.31 10:24:16.034,0.76331,0.76349,1.73,1.50
2013.01.31 10:24:16.594,0.76331,0.76349,1.73,1.50
2013.01.31 10:24:18.845,0.76331,0.76349,1.73,1.50
2013.01.31 10:24:30.485,0.76331,0.76349,1.73,1.50
2013.01.31 10:24:30.544,0.76331,0.76351,3.23,2.25
2013.01.31 10:24:30.606,0.76331,0.76353,3.23,1.88
2013.01.31 10:24:30.845,0.76331,0.76353,3.23,2.10
2013.01.31 10:24:32.896,0.76329,0.76348,1.73,1.50
2013.01.31 10:24:36.117,0.7633,0.76348,1.73,1.50
2013.01.31 10:24:36.245,0.76329,0.76348,1.73,1.50
2013.01.31 10:24:38.434,0.76328,0.76348,2.85,1.50
2013.01.31 10:24:38.914,0.76331,0.76352,2.48,1.50
2013.01.31 10:24:40.174,0.76331,0.76353,2.48,2.48
2013.01.31 10:24:40.235,0.76331,0.76353,2.48,2.25
2013.01.31 10:24:40.595,0.76332,0.76353,1.73,1.50
2013.01.31 10:24:42.007,0.76333,0.76353,1.73,1.88
2013.01.31 10:24:42.894,0.76333,0.76353,1.73,2.25
2013.01.31 10:24:43.196,0.76325,0.76347,2.48,2.63
2013.01.31 10:24:43.755,0.76325,0.76347,2.48,1.88
2013.01.31 10:24:44.848,0.76325,0.76347,2.48,1.88
2013.01.31 10:24:48.477,0.76325,0.76347,2.48,1.88
2013.01.31 10:24:48.905,0.76325,0.76346,2.48,1.13
2013.01.31 10:24:48.965,0.76325,0.76346,2.48,1.35
2013.01.31 10:24:49.264,0.76325,0.76347,2.48,2.85
2013.01.31 10:24:49.384,0.76325,0.76347,2.48,2.85
2013.01.31 10:24:49.625,0.76325,0.76347,3.23,1.88
2013.01.31 10:24:50.084,0.76325,0.76347,2.48,2.10
2013.01.31 10:24:51.865,0.76325,0.76345,2.25,1.35
2013.01.31 10:24:52.414,0.76325,0.76346,2.48,1.50
2013.01.31 10:24:52.915,0.76325,0.76346,2.48,1.50
2013.01.31 10:24:53.474,0.76325,0.76346,2.48,1.50
2013.01.31 10:24:53.975,0.76325,0.76347,2.48,3.60
2013.01.31 10:24:55.265,0.76325,0.76346,2.48,1.50
2013.01.31 10:24:56.117,0.76325,0.76346,2.48,1.50
2013.01.31 10:24:57.936,0.76325,0.76346,2.48,1.50
2013.01.31 10:25:00.125,0.76325,0.76347,2.48,2.10
2013.01.31 10:25:00.356,0.76325,0.76347,2.48,2.10
2013.01.31 10:25:00.786,0.76326,0.76347,1.73,2.10
2013.01.31 10:25:01.684,0.76327,0.76347,1.73,2.10
2013.01.31 10:25:02.166,0.76326,0.76347,1.73,2.10
2013.01.31 10:25:02.847,0.76326,0.76347,1.73,1.88
2013.01.31 10:25:06.454,0.76329,0.76349,2.48,2.48
2013.01.31 10:25:07.002,0.76332,0.76353,2.25,1.35
2013.01.31 10:25:08.314,0.76332,0.7635,1.50,1.35
2013.01.31 10:25:08.498,0.76328,0.76348,2.48,2.25
2013.01.31 10:25:08.805,0.76333,0.7635,1.50,2.85
2013.01.31 10:25:08.865,0.76333,0.76353,1.50,3.45
2013.01.31 10:25:10.855,0.76333,0.76352,1.50,1.35
2013.01.31 10:25:11.048,0.76329,0.7635,1.73,2.10
2013.01.31 10:25:12.013,0.76328,0.7635,2.48,2.85
2013.01.31 10:25:14.155,0.76328,0.7635,2.48,2.63
2013.01.31 10:25:14.396,0.7633,0.7635,1.73,1.88
2013.01.31 10:25:19.935,0.76333,0.76353,1.50,3.38
2013.01.31 10:25:20.883,0.76333,0.76353,1.73,2.63
2013.01.31 10:25:21.925,0.76333,0.76353,1.73,2.63
2013.01.31 10:25:22.566,0.76333,0.76353,1.73,3.60
2013.01.31 10:25:22.686,0.76328,0.76348,2.48,1.50
2013.01.31 10:25:23.236,0.76328,0.76348,1.73,1.50
2013.01.31 10:25:26.836,0.76328,0.76348,1.73,2.25
2013.01.31 10:25:27.090,0.76332,0.76351,1.73,1.88
2013.01.31 10:25:36.335,0.76332,0.76351,1.73,1.88
2013.01.31 10:25:36.694,0.76332,0.76352,1.73,1.88
2013.01.31 10:25:37.245,0.76335,0.76355,2.48,1.73
2013.01.31 10:25:37.365,0.76335,0.76356,2.48,1.13
2013.01.31 10:25:39.066,0.76335,0.76356,2.48,1.13
2013.01.31 10:25:39.747,0.76335,0.76356,2.48,4.13
2013.01.31 10:25:40.252,0.76335,0.76355,2.48,1.13
2013.01.31 10:25:40.518,0.76335,0.76355,2.48,1.13
2013.01.31 10:25:41.664,0.76335,0.76354,1.73,1.13
2013.01.31 10:25:41.776,0.76335,0.76354,1.73,1.13
2013.01.31 10:25:43.186,0.76335,0.7635,1.73,1.13
2013.01.31 10:25:43.308,0.76335,0.7635,1.50,1.88
2013.01.31 10:25:45.945,0.76335,0.76347,1.50,1.13
2013.01.31 10:25:46.184,0.76332,0.76348,1.50,1.35
2013.01.31 10:25:46.850,0.76327,0.76345,1.73,1.13
2013.01.31 10:25:48.186,0.76327,0.76345,1.73,1.88
2013.01.31 10:25:49.865,0.76327,0.76346,1.73,1.35
2013.01.31 10:25:50.536,0.76327,0.76347,1.73,1.13
2013.01.31 10:25:52.697,0.76327,0.76348,1.73,1.13
2013.01.31 10:25:53.114,0.76329,0.76345,1.50,1.13
2013.01.31 10:25:55.234,0.76329,0.76345,1.50,1.88
2013.01.31 10:25:55.855,0.76329,0.76342,1.50,1.13
2013.01.31 10:25:56.214,0.76324,0.76342,1.73,2.10
2013.01.31 10:25:56.424,0.76324,0.76343,1.73,1.73
2013.01.31 10:25:56.546,0.76324,0.76344,1.73,1.50
2013.01.31 10:25:58.156,0.76324,0.76343,1.73,1.13
2013.01.31 10:25:58.335,0.76324,0.76343,1.50,2.10
2013.01.31 10:25:58.458,0.76324,0.76341,1.50,1.13
2013.01.31 10:25:58.634,0.76324,0.76343,1.50,1.35
2013.01.31 10:25:59.145,0.76324,0.76345,1.50,2.85
2013.01.31 10:25:59.324,0.76324,0.76345,1.73,1.88
2013.01.31 10:26:06.626,0.76324,0.76344,1.73,1.50
2013.01.31 10:26:06.806,0.76324,0.7634,1.50,1.88
2013.01.31 10:26:07.785,0.76322,0.7634,1.73,1.88
2013.01.31 10:26:22.916,0.76321,0.7634,2.48,1.13
2013.01.31 10:26:23.580,0.76321,0.76339,1.73,1.13
2013.01.31 10:26:24.199,0.76321,0.7634,2.48,1.13
2013.01.31 10:26:37.704,0.76321,0.76342,2.48,1.35
2013.01.31 10:26:37.825,0.76317,0.76336,4.35,1.50
2013.01.31 10:26:39.367,0.76317,0.76336,2.48,1.50
2013.01.31 10:26:40.825,0.76319,0.76337,1.50,1.13
2013.01.31 10:26:43.766,0.76314,0.76336,3.23,1.50
2013.01.31 10:26:44.005,0.76314,0.76336,2.48,1.50
2013.01.31 10:26:44.345,0.76314,0.76336,1.73,2.25
2013.01.31 10:26:46.866,0.76314,0.76336,2.48,1.50
2013.01.31 10:26:53.385,0.76314,0.76336,1.73,3.00
2013.01.31 10:26:53.805,0.76314,0.76336,1.73,1.50
2013.01.31 10:26:57.835,0.76319,0.76338,1.73,3.38
2013.01.31 10:26:58.446,0.76319,0.76338,1.73,1.13
2013.01.31 10:27:00.686,0.76323,0.76341,1.50,1.13
2013.01.31 10:27:10.165,0.76323,0.76339,1.50,1.13
2013.01.31 10:27:16.175,0.76323,0.76341,1.50,1.13
2013.01.31 10:27:16.306,0.76323,0.76342,1.73,1.13
2013.01.31 10:27:16.557,0.76323,0.76342,1.73,1.13
2013.01.31 10:27:16.615,0.76323,0.76342,1.73,1.13
2013.01.31 10:27:23.416,0.76319,0.76337,2.48,2.25
2013.01.31 10:27:23.538,0.76317,0.76337,2.48,2.25
2013.01.31 10:27:24.240,0.76316,0.76333,1.73,1.50
2013.01.31 10:27:24.340,0.76313,0.76333,2.85,1.50
2013.01.31 10:27:26.735,0.76317,0.76336,1.73,1.50
2013.01.31 10:27:26.795,0.76317,0.76339,1.73,3.38
2013.01.31 10:27:30.101,0.76317,0.76339,1.73,3.00
2013.01.31 10:27:31.936,0.76317,0.76339,2.48,2.25
2013.01.31 10:27:32.191,0.76317,0.76339,2.48,1.50
2013.01.31 10:27:33.015,0.76317,0.76339,2.48,2.25
2013.01.31 10:27:39.685,0.76317,0.76339,2.48,1.50
2013.01.31 10:27:39.806,0.76319,0.76339,2.48,1.50
2013.01.31 10:27:39.865,0.76321,0.76342,2.48,2.63
2013.01.31 10:27:40.045,0.76325,0.76344,1.73,3.38
2013.01.31 10:27:40.405,0.76325,0.76343,2.25,1.50
2013.01.31 10:27:43.756,0.76325,0.76343,1.50,2.25
2013.01.31 10:27:45.206,0.76322,0.76341,1.73,1.88
2013.01.31 10:27:46.705,0.76322,0.76341,1.73,1.50
2013.01.31 10:27:47.435,0.76322,0.76341,2.48,1.88
2013.01.31 10:27:47.637,0.76322,0.76341,2.25,2.10
2013.01.31 10:27:49.688,0.76322,0.76337,1.50,1.13
2013.01.31 10:27:49.756,0.76318,0.76337,1.73,1.13
2013.01.31 10:27:50.306,0.76314,0.76334,1.73,2.25
2013.01.31 10:27:54.215,0.76314,0.76331,1.73,1.50
2013.01.31 10:27:54.275,0.76314,0.76331,1.50,1.73
2013.01.31 10:27:54.825,0.76314,0.76333,2.25,3.23
2013.01.31 10:27:56.485,0.76314,0.76333,2.48,1.88
2013.01.31 10:27:56.545,0.76314,0.76333,2.48,1.88
2013.01.31 10:28:06.995,0.76314,0.76333,2.48,1.13
2013.01.31 10:28:07.365,0.76314,0.76334,2.48,2.25
2013.01.31 10:28:07.885,0.76314,0.76334,1.73,2.63
2013.01.31 10:28:11.362,0.76315,0.76334,1.73,1.35
2013.01.31 10:28:16.865,0.76315,0.76335,2.48,2.85
2013.01.31 10:28:17.404,0.76318,0.76339,1.73,2.48
2013.01.31 10:28:18.012,0.76318,0.76336,1.50,1.35
2013.01.31 10:28:18.566,0.76315,0.76333,1.73,1.13
2013.01.31 10:28:19.165,0.76315,0.76333,1.50,1.35
2013.01.31 10:28:25.095,0.76313,0.76332,1.73,2.10
2013.01.31 10:28:25.156,0.76313,0.76326,1.73,2.10
2013.01.31 10:28:25.335,0.76307,0.7632,1.35,1.13
2013.01.31 10:28:25.575,0.763,0.7632,2.25,3.60
2013.01.31 10:28:25.875,0.763,0.76319,1.73,1.50
2013.01.31 10:28:26.365,0.76297,0.76305,1.50,1.50
2013.01.31 10:28:26.676,0.76283,0.76305,2.48,3.75
2013.01.31 10:28:26.975,0.76281,0.76299,2.48,1.50
2013.01.31 10:28:27.175,0.76279,0.76299,3.98,1.73
2013.01.31 10:28:37.945,0.76283,0.76303,1.50,3.98
2013.01.31 10:28:38.015,0.76283,0.76303,2.25,3.23
2013.01.31 10:28:41.219,0.76283,0.76303,2.48,1.73
2013.01.31 10:28:43.495,0.76283,0.76303,2.25,3.23
2013.01.31 10:28:47.755,0.76278,0.763,3.75,1.73
2013.01.31 10:28:47.846,0.76278,0.763,3.75,1.73
2013.01.31 10:28:49.025,0.76278,0.763,3.00,1.73
2013.01.31 10:29:04.797,0.76282,0.76301,2.25,1.58
2013.01.31 10:29:06.045,0.76282,0.76302,2.25,2.48
2013.01.31 10:29:06.585,0.76286,0.76304,1.50,1.73
2013.01.31 10:29:07.321,0.76286,0.76305,2.25,1.58
2013.01.31 10:29:12.177,0.76287,0.76305,1.50,1.58
2013.01.31 10:29:12.415,0.76289,0.76309,1.50,1.73
2013.01.31 10:29:14.506,0.76289,0.7631,2.25,1.73
2013.01.31 10:29:14.581,0.76289,0.76311,3.00,4.20
2013.01.31 10:29:18.376,0.76291,0.76309,1.50,1.35
2013.01.31 10:29:18.675,0.76289,0.76307,1.50,1.50
2013.01.31 10:29:21.896,0.76289,0.76307,1.50,1.50
2013.01.31 10:29:31.017,0.76287,0.76307,3.23,2.25
2013.01.31 10:29:31.196,0.76287,0.76307,3.00,2.48
2013.01.31 10:29:31.495,0.76285,0.76306,3.00,1.58
2013.01.31 10:29:31.735,0.76282,0.76302,2.10,2.48
2013.01.31 10:29:33.659,0.76285,0.76302,1.50,1.73
2013.01.31 10:29:37.219,0.76285,0.76302,1.50,1.73
2013.01.31 10:29:38.837,0.76282,0.76301,1.50,1.35
2013.01.31 10:29:40.941,0.7628,0.76299,2.48,1.35
2013.01.31 10:29:41.125,0.7628,0.76299,2.25,1.35
2013.01.31 10:29:41.676,0.76277,0.76298,2.25,1.73
2013.01.31 10:29:42.216,0.76276,0.76298,4.50,1.73
2013.01.31 10:29:42.276,0.76278,0.76298,2.48,1.73
2013.01.31 10:29:42.515,0.7628,0.76299,1.50,1.35
2013.01.31 10:29:42.805,0.7628,0.76301,2.48,3.23
2013.01.31 10:29:52.857,0.76282,0.76301,1.50,1.35
2013.01.31 10:29:53.346,0.76281,0.76301,1.73,2.10
2013.01.31 10:29:54.455,0.76282,0.76301,1.50,1.35
2013.01.31 10:29:55.375,0.76282,0.76302,1.73,2.10
2013.01.31 10:29:58.465,0.76283,0.76302,1.13,1.73
2013.01.31 10:29:58.646,0.76286,0.76304,1.73,1.13
2013.01.31 10:29:59.212,0.76285,0.76304,1.50,1.35
2013.01.31 10:30:02.695,0.76285,0.76303,1.50,1.35
2013.01.31 10:30:02.994,0.76284,0.76301,1.50,1.73
2013.01.31 10:30:03.115,0.76284,0.76301,1.50,2.10
2013.01.31 10:30:03.295,0.76283,0.76301,1.50,1.73
2013.01.31 10:30:03.355,0.76283,0.76301,1.50,1.73
2013.01.31 10:30:03.535,0.76285,0.76301,1.50,1.50
2013.01.31 10:30:03.612,0.76285,0.76301,1.50,1.88
2013.01.31 10:30:04.075,0.76284,0.76301,1.50,1.50
2013.01.31 10:30:04.135,0.76282,0.76301,1.50,1.50
2013.01.31 10:30:04.195,0.76282,0.76301,1.50,1.88
2013.01.31 10:30:04.555,0.76284,0.76301,1.50,1.73
2013.01.31 10:30:05.060,0.76283,0.76301,1.50,1.73
2013.01.31 10:30:05.136,0.76284,0.76301,1.50,1.73
2013.01.31 10:30:05.209,0.76281,0.76301,3.23,2.10
2013.01.31 10:30:05.340,0.76281,0.76301,3.23,2.10
2013.01.31 10:30:05.409,0.76282,0.76301,1.73,1.73
2013.01.31 10:30:05.715,0.76282,0.76301,3.00,1.88
2013.01.31 10:30:05.775,0.76285,0.76303,1.50,2.48
2013.01.31 10:30:06.306,0.76285,0.76304,2.25,2.48
2013.01.31 10:30:06.425,0.76285,0.76304,2.25,2.10
2013.01.31 10:30:06.547,0.76285,0.76303,3.00,1.35
2013.01.31 10:30:06.665,0.76285,0.76304,2.25,1.73
2013.01.31 10:30:06.785,0.76285,0.76304,1.50,1.73
2013.01.31 10:30:06.965,0.76285,0.76304,3.00,2.10
2013.01.31 10:30:07.085,0.76285,0.76304,2.25,1.73
2013.01.31 10:30:07.395,0.76285,0.76304,1.50,2.10
2013.01.31 10:30:07.455,0.76285,0.76304,2.25,1.35
2013.01.31 10:30:07.695,0.76285,0.76303,1.50,1.35
2013.01.31 10:30:07.996,0.76285,0.76304,2.25,1.35
2013.01.31 10:30:08.061,0.76285,0.76304,2.25,1.35
2013.01.31 10:30:08.124,0.76285,0.76303,2.25,1.73
2013.01.31 10:30:08.535,0.76285,0.76303,1.50,1.73
2013.01.31 10:30:08.595,0.76285,0.76303,1.50,2.48
2013.01.31 10:30:08.975,0.76285,0.76303,2.25,2.10
2013.01.31 10:30:09.186,0.76285,0.76303,3.00,1.73
2013.01.31 10:30:09.548,0.76285,0.76303,2.25,1.35
2013.01.31 10:30:09.665,0.76285,0.76303,2.25,1.73
2013.01.31 10:30:10.087,0.76285,0.76303,3.00,1.35
2013.01.31 10:30:10.338,0.76285,0.76303,2.25,2.48
2013.01.31 10:30:10.456,0.76285,0.76303,2.25,1.35
2013.01.31 10:30:10.576,0.76285,0.76303,2.25,1.73
2013.01.31 10:30:10.695,0.76285,0.76303,1.50,1.73
2013.01.31 10:30:10.946,0.76285,0.76303,2.25,1.35
2013.01.31 10:30:11.067,0.76285,0.76303,3.00,1.35
2013.01.31 10:30:11.139,0.76285,0.76304,2.25,1.35
2013.01.31 10:30:11.205,0.76285,0.76304,2.25,1.73
2013.01.31 10:30:11.526,0.76284,0.76302,1.50,1.73
2013.01.31 10:30:11.685,0.76282,0.76302,1.50,2.10
2013.01.31 10:30:11.937,0.76284,0.76302,1.50,1.73
2013.01.31 10:30:12.235,0.76282,0.76302,1.50,2.10
2013.01.31 10:30:12.295,0.76282,0.76302,1.50,2.10
2013.01.31 10:30:12.657,0.76285,0.76302,1.50,2.10
2013.01.31 10:30:12.715,0.76281,0.76302,1.73,2.10
2013.01.31 10:30:12.775,0.76281,0.76302,1.73,2.10
2013.01.31 10:30:12.835,0.76283,0.76302,1.50,1.73
2013.01.31 10:30:13.087,0.76284,0.76302,1.50,1.73
2013.01.31 10:30:13.146,0.76281,0.76302,1.73,2.10
2013.01.31 10:30:13.505,0.76285,0.76302,1.50,1.73
2013.01.31 10:30:13.745,0.76281,0.76302,1.73,2.10
2013.01.31 10:30:13.806,0.76281,0.76302,1.73,2.10
2013.01.31 10:30:13.865,0.76283,0.76302,1.50,2.10
2013.01.31 10:30:14.065,0.76284,0.76302,1.50,2.10
2013.01.31 10:30:14.185,0.76283,0.76302,1.50,2.10
2013.01.31 10:30:14.245,0.76282,0.76302,1.50,2.10
2013.01.31 10:30:14.485,0.76282,0.76302,1.73,1.73
2013.01.31 10:30:14.545,0.76284,0.76302,1.50,1.73
2013.01.31 10:30:14.786,0.76282,0.76302,1.73,2.10
2013.01.31 10:30:14.905,0.76282,0.76302,1.50,1.73
2013.01.31 10:30:15.090,0.76285,0.76302,1.50,1.73
2013.01.31 10:30:15.155,0.76285,0.76302,1.50,2.10
2013.01.31 10:30:15.216,0.76282,0.76302,1.50,2.10
2013.01.31 10:30:15.290,0.76282,0.76302,1.50,2.10
2013.01.31 10:30:15.595,0.76285,0.76302,1.50,2.48
2013.01.31 10:30:15.775,0.76281,0.76302,1.73,2.48
2013.01.31 10:30:15.896,0.76283,0.76302,1.50,2.10
2013.01.31 10:30:16.075,0.76284,0.76302,1.50,2.10
2013.01.31 10:30:16.135,0.76284,0.76302,1.50,2.48
2013.01.31 10:30:16.195,0.76281,0.76302,1.73,2.48
2013.01.31 10:30:16.438,0.76282,0.76302,1.50,2.10
2013.01.31 10:30:16.566,0.76284,0.76302,1.50,2.10
2013.01.31 10:30:16.628,0.76284,0.76302,1.50,2.48
2013.01.31 10:30:16.925,0.76282,0.76302,1.50,2.10
2013.01.31 10:30:24.636,0.76284,0.76302,1.50,2.10
2013.01.31 10:30:34.328,0.76284,0.76302,1.50,1.73
2013.01.31 10:30:44.335,0.76284,0.76302,1.50,2.48
2013.01.31 10:30:44.395,0.76284,0.76302,1.50,2.85
2013.01.31 10:30:44.516,0.76281,0.76299,1.50,2.10
2013.01.31 10:30:44.848,0.76279,0.76299,1.50,2.10
2013.01.31 10:30:45.969,0.76277,0.76297,2.25,2.10
2013.01.31 10:30:46.036,0.76275,0.76295,1.50,2.48
2013.01.31 10:30:46.766,0.76273,0.76295,3.00,2.48
2013.01.31 10:30:47.006,0.76275,0.76295,1.50,2.48
2013.01.31 10:30:47.127,0.76273,0.76295,3.00,2.48
2013.01.31 10:30:47.325,0.76274,0.76295,1.50,2.85
2013.01.31 10:30:49.111,0.76275,0.76295,1.50,3.23
2013.01.31 10:30:50.085,0.76273,0.76294,3.00,1.35
2013.01.31 10:30:50.205,0.76273,0.76293,2.25,1.35
2013.01.31 10:30:50.516,0.76271,0.76291,1.50,2.10
2013.01.31 10:30:52.726,0.76272,0.76291,1.50,2.10
2013.01.31 10:30:52.846,0.76275,0.76291,1.50,2.10
2013.01.31 10:30:54.968,0.76274,0.76295,1.50,3.23
2013.01.31 10:30:55.636,0.76274,0.76295,1.50,3.23
2013.01.31 10:30:56.146,0.76274,0.76295,1.50,2.48
2013.01.31 10:30:56.406,0.76277,0.76293,1.50,1.35
2013.01.31 10:30:56.965,0.76275,0.76293,1.50,1.35
2013.01.31 10:30:59.036,0.76278,0.76293,1.50,1.13
2013.01.31 10:30:59.216,0.76279,0.76296,1.50,1.73
2013.01.31 10:31:01.248,0.76278,0.76293,1.50,1.35
2013.01.31 10:31:01.546,0.76274,0.76293,1.50,1.35
2013.01.31 10:31:02.057,0.76274,0.76293,1.50,2.10
2013.01.31 10:31:02.377,0.76277,0.76297,3.00,4.35
2013.01.31 10:31:07.851,0.7628,0.76296,2.25,2.10
2013.01.31 10:31:11.915,0.7628,0.76296,2.25,1.35
2013.01.31 10:31:13.485,0.7628,0.76297,2.25,1.35
2013.01.31 10:31:24.268,0.76278,0.76297,1.50,1.35
2013.01.31 10:31:58.656,0.76282,0.76298,1.50,1.35
2013.01.31 10:31:58.957,0.76284,0.763,1.50,1.50
2013.01.31 10:31:59.316,0.76284,0.763,1.50,1.73
2013.01.31 10:32:11.426,0.76284,0.76302,2.25,1.73
2013.01.31 10:32:11.786,0.7628,0.763,2.25,2.10
2013.01.31 10:32:12.565,0.7628,0.763,3.00,2.10
2013.01.31 10:32:33.905,0.7628,0.76301,1.50,2.48
2013.01.31 10:32:33.966,0.7628,0.76301,2.10,1.73
2013.01.31 10:32:34.326,0.76286,0.76305,1.13,1.73
2013.01.31 10:32:34.447,0.76283,0.76305,2.63,2.48
2013.01.31 10:32:34.566,0.76283,0.76305,2.63,2.48
2013.01.31 10:32:34.686,0.76283,0.76304,1.50,1.35
2013.01.31 10:32:34.929,0.76279,0.76301,2.63,2.48
2013.01.31 10:32:35.466,0.76279,0.76301,1.88,2.48
2013.01.31 10:32:40.167,0.7628,0.76301,1.13,2.48
2013.01.31 10:32:41.567,0.76281,0.76301,1.73,1.73
2013.01.31 10:32:47.446,0.76281,0.76296,1.73,1.50
2013.01.31 10:32:50.866,0.76281,0.76296,1.73,1.50
2013.01.31 10:32:50.987,0.76283,0.763,1.35,1.50
2013.01.31 10:32:51.467,0.76286,0.76305,1.73,1.50
2013.01.31 10:32:51.946,0.76278,0.76295,1.35,2.63
2013.01.31 10:32:52.188,0.76276,0.76295,1.73,2.85
2013.01.31 10:32:53.055,0.76276,0.76295,1.50,2.85
2013.01.31 10:32:53.306,0.76276,0.76295,1.50,2.85
2013.01.31 10:32:53.826,0.76274,0.76295,2.25,2.85
2013.01.31 10:32:56.617,0.76277,0.76295,1.50,2.10
2013.01.31 10:32:56.975,0.76281,0.763,1.73,2.48
2013.01.31 10:32:59.371,0.76285,0.763,1.50,1.73
2013.01.31 10:33:02.466,0.76285,0.763,1.50,1.73
2013.01.31 10:33:04.886,0.76284,0.763,1.50,1.73
2013.01.31 10:33:06.976,0.76284,0.76303,1.50,2.10
2013.01.31 10:33:08.696,0.76281,0.76301,3.23,1.35
2013.01.31 10:33:11.360,0.76286,0.76303,1.50,2.85
2013.01.31 10:33:12.844,0.76282,0.76301,1.73,1.35
2013.01.31 10:33:16.515,0.76282,0.76298,1.50,2.48
2013.01.31 10:33:34.055,0.76282,0.76298,1.50,2.48
2013.01.31 10:33:35.926,0.76285,0.76302,1.50,1.73
2013.01.31 10:33:38.116,0.76287,0.76302,1.50,1.73
2013.01.31 10:33:38.236,0.76287,0.76306,1.50,2.85
2013.01.31 10:33:38.296,0.76288,0.76306,1.50,2.10
2013.01.31 10:33:38.795,0.76287,0.76306,1.50,2.85
2013.01.31 10:33:39.105,0.76287,0.76306,1.50,2.85
2013.01.31 10:33:39.167,0.76287,0.76303,1.50,1.35
2013.01.31 10:33:39.526,0.76286,0.76301,1.50,2.10
2013.01.31 10:33:40.747,0.76282,0.763,1.50,1.35
2013.01.31 10:33:41.058,0.76282,0.763,1.73,1.13
2013.01.31 10:33:41.178,0.76282,0.763,1.73,1.13
2013.01.31 10:33:42.316,0.76282,0.763,1.50,1.35
2013.01.31 10:33:42.525,0.76282,0.763,1.73,1.13
2013.01.31 10:33:43.027,0.76287,0.76303,1.50,2.63
2013.01.31 10:33:44.787,0.76282,0.763,1.73,1.13
2013.01.31 10:33:45.886,0.76282,0.76298,1.73,1.13
2013.01.31 10:33:46.066,0.76277,0.76294,2.48,1.13
2013.01.31 10:33:47.536,0.76276,0.76294,1.73,1.13
2013.01.31 10:33:47.775,0.76276,0.76294,1.73,1.13
2013.01.31 10:33:48.337,0.76276,0.76294,2.48,1.13
2013.01.31 10:33:56.656,0.76277,0.76294,1.73,1.13
2013.01.31 10:33:57.750,0.76276,0.76294,1.73,1.13
2013.01.31 10:33:58.058,0.76275,0.76287,1.73,1.13
2013.01.31 10:33:58.117,0.76275,0.76287,1.50,1.13
2013.01.31 10:33:58.236,0.76268,0.76283,2.48,1.13
2013.01.31 10:33:58.625,0.76264,0.76282,2.48,1.13
2013.01.31 10:33:58.687,0.76264,0.76285,2.48,1.73
2013.01.31 10:33:58.746,0.76266,0.76286,1.73,2.48
2013.01.31 10:33:59.106,0.76268,0.76286,1.35,1.50
2013.01.31 10:33:59.480,0.76268,0.7629,2.85,2.25
2013.01.31 10:34:06.237,0.76271,0.7629,1.73,2.25
2013.01.31 10:34:06.811,0.76275,0.76294,2.25,1.35
2013.01.31 10:34:14.007,0.76276,0.76294,1.50,1.35
2013.01.31 10:34:19.677,0.76275,0.76295,2.25,2.48
2013.01.31 10:34:20.455,0.76277,0.76295,1.50,2.48
2013.01.31 10:34:20.576,0.76277,0.76295,1.50,1.73
2013.01.31 10:34:20.636,0.7628,0.76295,1.50,1.73
2013.01.31 10:34:20.875,0.76281,0.76299,1.50,1.35
2013.01.31 10:34:21.186,0.76281,0.763,1.50,2.85
2013.01.31 10:34:25.288,0.76281,0.763,1.50,2.85
2013.01.31 10:34:25.502,0.7628,0.763,1.50,2.85
2013.01.31 10:34:25.568,0.76278,0.763,2.48,2.85
2013.01.31 10:34:25.926,0.76278,0.76295,1.50,1.35
2013.01.31 10:34:26.105,0.76276,0.76295,1.50,1.35
2013.01.31 10:34:27.929,0.76274,0.76295,2.25,1.35
2013.01.31 10:34:28.536,0.76277,0.76294,1.50,1.73
2013.01.31 10:34:30.080,0.76274,0.76294,2.25,1.73
2013.01.31 10:34:31.615,0.76276,0.76294,1.50,1.73
2013.01.31 10:34:32.191,0.76274,0.76293,2.25,1.73
2013.01.31 10:34:32.436,0.76274,0.76293,2.25,1.35
2013.01.31 10:34:32.557,0.76276,0.76294,1.73,1.35
2013.01.31 10:34:33.996,0.76276,0.76296,1.73,2.48
2013.01.31 10:34:34.296,0.7628,0.76297,2.25,1.73
2013.01.31 10:34:34.565,0.76281,0.76298,1.50,1.35
2013.01.31 10:34:35.105,0.76281,0.76299,1.50,1.35
2013.01.31 10:34:35.868,0.76285,0.76301,1.50,1.35
2013.01.31 10:34:39.477,0.76282,0.76298,1.50,1.35
2013.01.31 10:34:47.622,0.76285,0.76301,1.50,1.35
2013.01.31 10:34:48.131,0.76286,0.76302,1.73,1.13
2013.01.31 10:34:48.208,0.76286,0.76307,1.73,2.25
2013.01.31 10:34:48.277,0.76286,0.76307,1.73,2.25
2013.01.31 10:34:48.395,0.76286,0.76307,1.73,1.50
2013.01.31 10:34:53.216,0.76286,0.76307,1.50,1.73
2013.01.31 10:34:53.557,0.76285,0.76307,2.48,2.48
2013.01.31 10:34:54.135,0.76283,0.76303,2.48,2.25
2013.01.31 10:34:54.451,0.76283,0.76303,2.25,2.48
2013.01.31 10:34:55.041,0.76282,0.76303,1.50,2.48
2013.01.31 10:34:55.816,0.76282,0.76303,1.50,1.73
2013.01.31 10:35:07.647,0.76281,0.76303,3.23,1.73
2013.01.31 10:35:08.006,0.76286,0.76306,2.25,2.25
2013.01.31 10:35:08.245,0.76287,0.76306,1.50,1.50
2013.01.31 10:35:10.435,0.76287,0.76306,1.73,1.50
2013.01.31 10:35:10.495,0.76287,0.76306,1.73,1.50
2013.01.31 10:35:11.011,0.76296,0.76314,1.50,2.10
2013.01.31 10:35:11.397,0.76296,0.76314,1.50,2.10
2013.01.31 10:35:11.963,0.76297,0.76319,2.25,3.98
2013.01.31 10:35:19.686,0.763,0.76319,2.25,3.23
2013.01.31 10:35:20.037,0.76306,0.76322,1.50,1.73
2013.01.31 10:35:20.469,0.76309,0.76326,1.50,1.73
2013.01.31 10:35:20.527,0.76311,0.76326,1.50,1.73
2013.01.31 10:35:20.585,0.76311,0.76326,1.50,1.50
2013.01.31 10:35:21.905,0.76313,0.76326,1.50,1.50
2013.01.31 10:35:22.026,0.76315,0.76329,1.50,1.50
2013.01.31 10:35:22.666,0.76315,0.7633,1.50,1.50
2013.01.31 10:35:24.627,0.76316,0.7633,1.50,1.50
2013.01.31 10:35:25.058,0.76312,0.7633,1.50,1.50
2013.01.31 10:35:25.776,0.76313,0.76332,2.25,1.88
2013.01.31 10:35:25.904,0.76316,0.76333,1.50,1.13
2013.01.31 10:35:26.206,0.76317,0.76335,1.73,2.25
2013.01.31 10:35:26.628,0.76317,0.76337,2.25,1.13
2013.01.31 10:35:26.806,0.76313,0.76331,1.73,1.50
2013.01.31 10:35:27.167,0.76309,0.76327,2.48,2.25
2013.01.31 10:35:27.815,0.76307,0.76327,3.23,2.48
2013.01.31 10:35:28.916,0.76307,0.76327,2.48,1.73
2013.01.31 10:35:28.976,0.76307,0.76327,2.48,2.10
2013.01.31 10:35:29.040,0.76307,0.76327,2.25,2.10
2013.01.31 10:35:33.786,0.76306,0.76321,1.50,1.50
2013.01.31 10:35:34.146,0.76301,0.76321,3.23,1.50
2013.01.31 10:35:37.616,0.76301,0.76318,3.23,1.50
2013.01.31 10:35:37.736,0.76301,0.76318,2.48,1.50
2013.01.31 10:35:37.976,0.76296,0.76317,1.73,1.50
2013.01.31 10:35:38.217,0.76302,0.76317,1.73,1.50
2013.01.31 10:35:38.276,0.76302,0.76321,1.73,2.10
2013.01.31 10:35:39.070,0.76301,0.76321,1.73,2.10
2013.01.31 10:35:41.366,0.76301,0.76321,1.73,1.73
2013.01.31 10:35:41.607,0.76302,0.76321,1.73,1.50
2013.01.31 10:35:42.224,0.76302,0.76321,1.73,1.50
2013.01.31 10:35:47.230,0.76302,0.76321,1.73,1.50
2013.01.31 10:35:48.137,0.76303,0.76324,2.48,1.35
2013.01.31 10:35:48.376,0.76306,0.76325,1.73,1.88
2013.01.31 10:35:48.736,0.76306,0.76325,1.73,1.50
2013.01.31 10:35:49.416,0.76306,0.76325,1.73,1.50
2013.01.31 10:36:02.947,0.76305,0.76325,1.35,2.25
2013.01.31 10:36:05.055,0.76304,0.76325,1.73,2.25
2013.01.31 10:36:07.192,0.76306,0.76325,1.73,1.50
2013.01.31 10:36:09.046,0.76306,0.76327,1.73,1.73
2013.01.31 10:36:13.126,0.76306,0.76323,2.48,1.50
2013.01.31 10:36:13.246,0.76306,0.76326,3.23,2.25
2013.01.31 10:36:13.786,0.76306,0.76326,2.48,2.25
2013.01.31 10:36:15.057,0.7631,0.7633,1.50,2.48
2013.01.31 10:36:20.656,0.7631,0.7633,2.48,2.25
2013.01.31 10:36:20.776,0.7631,0.7633,2.48,2.25
2013.01.31 10:36:25.348,0.76314,0.76334,2.25,2.48
2013.01.31 10:36:26.203,0.76314,0.76334,1.73,2.48
2013.01.31 10:36:26.273,0.76314,0.76334,1.73,2.48
2013.01.31 10:36:29.138,0.76314,0.76334,1.73,1.73
2013.01.31 10:36:29.376,0.76319,0.76339,1.73,1.35
2013.01.31 10:36:48.306,0.76319,0.7634,2.48,1.35
2013.01.31 10:36:51.710,0.76317,0.76338,3.23,2.48
2013.01.31 10:36:53.266,0.76316,0.76338,2.48,2.25
2013.01.31 10:36:53.387,0.76316,0.76338,2.48,2.48
2013.01.31 10:36:53.506,0.76316,0.76338,3.23,2.48
2013.01.31 10:36:54.387,0.76316,0.76338,2.48,2.48
2013.01.31 10:36:56.366,0.76313,0.76334,1.35,2.25
2013.01.31 10:36:56.546,0.76313,0.76334,1.35,2.48
2013.01.31 10:36:56.666,0.76312,0.76334,2.85,2.25
2013.01.31 10:37:03.046,0.76313,0.76334,1.35,2.25
2013.01.31 10:37:10.566,0.76313,0.76334,1.35,2.25
2013.01.31 10:37:17.976,0.76315,0.76337,3.23,1.73
2013.01.31 10:37:23.092,0.76315,0.76337,2.48,2.48
2013.01.31 10:37:37.949,0.76311,0.76333,2.48,2.25
2013.01.31 10:37:38.008,0.76311,0.76331,2.48,2.25
2013.01.31 10:37:38.190,0.7631,0.76328,1.73,2.25
2013.01.31 10:37:38.318,0.76311,0.76333,2.48,2.25
2013.01.31 10:37:38.686,0.76311,0.76333,2.48,2.25
2013.01.31 10:37:38.933,0.76311,0.76333,3.23,1.50
2013.01.31 10:37:47.796,0.76316,0.76337,1.73,2.10
2013.01.31 10:37:50.686,0.76315,0.76337,2.48,5.10
2013.01.31 10:37:50.807,0.76312,0.76332,1.73,1.50
2013.01.31 10:37:52.084,0.76312,0.76332,1.73,1.50
2013.01.31 10:37:58.256,0.76312,0.76332,1.35,1.50
2013.01.31 10:37:58.376,0.76312,0.76332,1.35,1.50
2013.01.31 10:37:59.767,0.7631,0.76327,1.73,1.50
2013.01.31 10:37:59.897,0.76308,0.76327,2.10,1.50
2013.01.31 10:38:03.766,0.76307,0.76327,1.73,1.73
2013.01.31 10:38:04.106,0.76307,0.76327,1.73,1.73
2013.01.31 10:38:04.466,0.76308,0.76327,1.73,1.50
2013.01.31 10:38:04.975,0.76307,0.76327,3.98,1.50
2013.01.31 10:38:06.856,0.76307,0.76327,2.48,1.73
2013.01.31 10:38:10.537,0.76307,0.76327,2.25,1.73
2013.01.31 10:38:12.211,0.76307,0.76327,2.25,1.73
2013.01.31 10:38:12.576,0.76307,0.76327,3.23,1.73
2013.01.31 10:38:16.316,0.76307,0.76327,2.25,1.73
2013.01.31 10:38:26.493,0.76307,0.76327,1.50,1.73
2013.01.31 10:38:26.677,0.76308,0.76327,1.13,1.73
2013.01.31 10:38:26.796,0.76308,0.76327,1.13,1.73
2013.01.31 10:38:27.016,0.76308,0.76327,1.13,1.73
2013.01.31 10:38:27.565,0.7631,0.7633,1.50,2.48
2013.01.31 10:38:40.477,0.7631,0.7633,3.23,1.73
2013.01.31 10:39:01.287,0.76312,0.76332,2.25,2.10
2013.01.31 10:39:11.026,0.76312,0.76331,1.50,2.10
2013.01.31 10:39:19.526,0.76311,0.76331,2.25,2.10
2013.01.31 10:39:24.988,0.76311,0.76331,2.25,2.10
2013.01.31 10:39:25.046,0.76313,0.76331,1.50,2.10
2013.01.31 10:39:26.216,0.76316,0.76336,2.25,2.10
2013.01.31 10:39:27.350,0.76316,0.76336,2.25,2.10
2013.01.31 10:39:27.607,0.7632,0.76339,1.50,2.85
2013.01.31 10:39:27.671,0.7632,0.76339,1.50,1.35
2013.01.31 10:39:27.798,0.7632,0.76339,1.50,1.35
2013.01.31 10:39:28.485,0.76317,0.76336,1.50,2.10
2013.01.31 10:39:29.027,0.76316,0.76336,3.00,2.10
2013.01.31 10:39:30.076,0.76316,0.76336,2.25,2.10
2013.01.31 10:39:30.574,0.76316,0.76336,2.25,2.10
2013.01.31 10:39:31.406,0.76316,0.76336,3.00,2.10
2013.01.31 10:39:31.527,0.76319,0.76339,1.50,1.35
2013.01.31 10:39:36.237,0.76319,0.76341,2.25,2.48
2013.01.31 10:39:39.807,0.76319,0.76338,2.25,1.35
2013.01.31 10:39:41.986,0.76319,0.76341,3.00,2.10
2013.01.31 10:39:44.290,0.76319,0.76339,1.50,1.35
2013.01.31 10:39:44.788,0.76319,0.76341,2.25,2.10
2013.01.31 10:39:47.848,0.76319,0.76339,1.50,1.35
2013.01.31 10:39:52.226,0.76318,0.76338,2.25,2.48
2013.01.31 10:39:53.728,0.76318,0.76338,3.00,1.73
2013.01.31 10:39:54.756,0.76318,0.76338,1.50,2.85
2013.01.31 10:39:54.920,0.76318,0.76338,1.50,2.85
2013.01.31 10:39:55.787,0.76316,0.76334,2.25,1.73
2013.01.31 10:39:56.409,0.76311,0.76331,2.25,2.10
2013.01.31 10:39:58.495,0.76311,0.76331,2.25,1.73
2013.01.31 10:39:58.616,0.76312,0.76331,1.50,1.73
2013.01.31 10:39:58.806,0.76311,0.76331,2.25,2.10
2013.01.31 10:39:59.607,0.76311,0.76331,2.25,2.10
2013.01.31 10:39:59.787,0.76311,0.76331,3.00,1.73
2013.01.31 10:39:59.947,0.76311,0.76331,3.00,1.73
2013.01.31 10:40:00.167,0.76311,0.76331,3.00,1.73
2013.01.31 10:40:00.346,0.76311,0.76331,3.00,1.73
2013.01.31 10:40:00.646,0.76311,0.76331,2.25,1.73
2013.01.31 10:40:00.926,0.76311,0.76331,2.25,2.10
2013.01.31 10:40:00.986,0.76311,0.76331,2.25,2.10
2013.01.31 10:40:01.106,0.76311,0.76331,2.25,2.10
2013.01.31 10:40:01.228,0.76311,0.76331,2.25,1.73
2013.01.31 10:40:01.709,0.76312,0.76331,1.50,1.73
2013.01.31 10:40:02.915,0.76316,0.76334,1.50,2.85
2013.01.31 10:40:07.357,0.76311,0.76333,2.25,3.60
2013.01.31 10:40:07.747,0.76311,0.76333,2.25,3.23
2013.01.31 10:40:07.808,0.76312,0.76333,1.50,3.23
2013.01.31 10:40:07.926,0.76311,0.76333,2.25,4.35
2013.01.31 10:40:08.497,0.76311,0.76333,2.25,3.87
2013.01.31 10:40:08.616,0.76311,0.7633,2.25,1.35
2013.01.31 10:40:08.797,0.76311,0.7633,1.50,1.35
2013.01.31 10:40:08.975,0.76307,0.76328,1.50,2.85
2013.01.31 10:40:09.036,0.76307,0.76328,1.50,2.85
2013.01.31 10:40:09.604,0.76307,0.76328,2.25,2.85
2013.01.31 10:40:09.926,0.76307,0.76328,1.50,2.85
2013.01.31 10:40:10.686,0.76307,0.76328,1.13,1.73
2013.01.31 10:40:10.927,0.76307,0.76328,1.13,1.73
2013.01.31 10:40:11.167,0.76308,0.76328,1.50,1.73
2013.01.31 10:40:11.478,0.76306,0.76328,2.25,2.10
2013.01.31 10:40:11.786,0.76309,0.76328,1.50,1.73
2013.01.31 10:40:12.296,0.76312,0.76332,1.50,2.10
2013.01.31 10:40:12.656,0.76308,0.76328,2.25,2.10
2013.01.31 10:40:12.716,0.76308,0.76328,2.25,1.73
2013.01.31 10:40:13.426,0.76308,0.76328,1.50,2.10
2013.01.31 10:40:13.666,0.76308,0.76328,2.25,2.10
2013.01.31 10:40:13.906,0.76308,0.76328,1.50,2.48
2013.01.31 10:40:14.167,0.76308,0.76328,2.25,1.73
2013.01.31 10:40:14.350,0.76308,0.76328,1.50,1.73
2013.01.31 10:40:14.477,0.76305,0.76327,1.50,2.10
2013.01.31 10:40:14.781,0.76306,0.76327,1.50,1.73
2013.01.31 10:40:14.847,0.76304,0.76327,2.48,2.48
2013.01.31 10:40:15.207,0.76305,0.76327,1.50,1.73
2013.01.31 10:40:15.567,0.76301,0.76324,3.00,1.73
2013.01.31 10:40:15.897,0.76301,0.76324,2.25,2.48
2013.01.31 10:40:16.203,0.76299,0.76323,1.50,2.10
2013.01.31 10:40:16.661,0.76299,0.76323,2.25,1.35
2013.01.31 10:40:17.909,0.76299,0.76324,3.00,2.85
2013.01.31 10:40:18.128,0.76299,0.76323,2.25,1.35
2013.01.31 10:40:18.248,0.76299,0.76323,2.25,1.35
2013.01.31 10:40:18.628,0.76299,0.76323,2.25,1.35
2013.01.31 10:40:19.208,0.76299,0.76323,1.50,3.60
2013.01.31 10:40:19.266,0.76299,0.76323,1.50,3.60
2013.01.31 10:40:19.434,0.76299,0.76323,1.50,3.60
2013.01.31 10:40:19.816,0.76299,0.76322,2.25,1.73
2013.01.31 10:40:20.117,0.76299,0.7632,1.50,2.70
2013.01.31 10:40:20.257,0.76299,0.7632,1.50,2.48
2013.01.31 10:40:20.556,0.76299,0.7632,1.50,2.48
2013.01.31 10:40:20.677,0.76299,0.7632,2.25,2.48
2013.01.31 10:40:21.096,0.76299,0.7632,1.50,2.48
2013.01.31 10:40:21.280,0.76299,0.7632,1.50,2.48
2013.01.31 10:40:21.410,0.76299,0.7632,1.50,2.48
2013.01.31 10:40:21.491,0.76299,0.7632,1.50,3.98
2013.01.31 10:40:22.006,0.76299,0.7632,2.25,2.48
2013.01.31 10:40:22.187,0.76299,0.7632,2.25,2.48
2013.01.31 10:40:22.746,0.763,0.7632,1.50,1.73
2013.01.31 10:40:23.396,0.76299,0.7632,2.25,2.48
2013.01.31 10:40:23.520,0.76299,0.7632,1.50,2.48
2013.01.31 10:40:23.650,0.76297,0.76316,1.50,1.73
2013.01.31 10:40:23.780,0.76296,0.76315,1.50,1.35
2013.01.31 10:40:24.098,0.7629,0.76312,2.25,2.48
2013.01.31 10:40:24.456,0.7629,0.76312,1.50,2.48
2013.01.31 10:40:24.696,0.7629,0.76312,2.25,2.48
2013.01.31 10:40:24.996,0.7629,0.76312,3.00,1.73
2013.01.31 10:40:25.206,0.7629,0.76312,3.00,1.73
2013.01.31 10:40:25.767,0.7629,0.76312,3.00,1.73
2013.01.31 10:40:26.287,0.7629,0.76312,2.25,1.73
2013.01.31 10:40:26.347,0.7629,0.76312,2.48,1.73
2013.01.31 10:40:27.876,0.76293,0.76312,1.50,1.73
2013.01.31 10:40:29.757,0.76291,0.76312,1.50,1.73
2013.01.31 10:40:29.996,0.76291,0.76312,1.50,1.73
2013.01.31 10:40:30.734,0.76289,0.76308,1.50,1.73
2013.01.31 10:40:31.956,0.76288,0.76308,1.88,1.73
2013.01.31 10:40:32.706,0.76287,0.76308,3.00,2.48
2013.01.31 10:40:33.166,0.7629,0.76312,1.50,1.73
2013.01.31 10:40:33.476,0.7629,0.76313,2.25,3.98
2013.01.31 10:40:33.777,0.7629,0.76313,2.25,2.48
2013.01.31 10:40:33.837,0.7629,0.76313,2.48,2.25
2013.01.31 10:40:34.349,0.76293,0.76313,1.73,1.50
2013.01.31 10:40:37.297,0.76293,0.76313,1.50,1.73
2013.01.31 10:40:38.827,0.76294,0.76315,1.50,2.48
2013.01.31 10:40:39.306,0.76294,0.76315,1.50,2.48
2013.01.31 10:40:39.439,0.76294,0.76315,2.25,1.73
2013.01.31 10:40:48.637,0.76294,0.76315,2.25,1.73
2013.01.31 10:40:51.496,0.76294,0.76315,2.25,1.73
2013.01.31 10:40:51.556,0.76294,0.76313,1.50,2.48
2013.01.31 10:40:51.616,0.76292,0.76311,1.50,1.50
2013.01.31 10:40:52.117,0.76289,0.76311,2.25,1.73
2013.01.31 10:40:52.765,0.76289,0.76311,2.25,1.73
2013.01.31 10:40:58.190,0.76289,0.76311,2.25,1.73
2013.01.31 10:40:58.317,0.76293,0.76315,2.48,2.48
2013.01.31 10:40:59.066,0.76299,0.76319,2.25,1.73
2013.01.31 10:40:59.426,0.76305,0.7632,1.50,1.73
2013.01.31 10:40:59.737,0.76305,0.76327,2.25,1.35
2013.01.31 10:40:59.856,0.76305,0.76327,2.25,1.35
2013.01.31 10:41:00.266,0.76308,0.76327,2.25,1.35
2013.01.31 10:41:00.328,0.76308,0.76328,2.25,1.73
2013.01.31 10:41:00.829,0.76312,0.76332,2.25,1.35
2013.01.31 10:41:01.137,0.76316,0.76338,2.25,3.60
2013.01.31 10:41:01.487,0.76316,0.76338,2.25,3.38
2013.01.31 10:41:02.536,0.76316,0.76338,2.25,1.20
2013.01.31 10:41:02.977,0.76316,0.76338,2.25,1.20
2013.01.31 10:41:07.726,0.76316,0.7634,2.25,2.48
2013.01.31 10:41:16.506,0.76324,0.76343,1.50,1.73
2013.01.31 10:41:16.807,0.76324,0.76343,1.50,1.73
2013.01.31 10:41:25.111,0.76324,0.76346,2.25,1.35
2013.01.31 10:41:28.633,0.76324,0.76341,1.50,1.73
2013.01.31 10:41:28.820,0.76324,0.76339,1.50,1.73
2013.01.31 10:41:29.198,0.7632,0.76338,1.50,2.48
2013.01.31 10:41:29.257,0.7632,0.76338,1.50,2.48
2013.01.31 10:41:29.616,0.7632,0.76342,2.25,1.43
2013.01.31 10:41:29.677,0.7632,0.7634,1.50,1.73
2013.01.31 10:41:29.797,0.76318,0.76338,1.73,1.73
2013.01.31 10:41:29.856,0.76318,0.76338,1.50,1.73
2013.01.31 10:41:30.396,0.76316,0.76335,1.50,1.73
2013.01.31 10:41:46.396,0.76314,0.76335,2.25,2.48
2013.01.31 10:42:02.958,0.76313,0.76333,1.50,2.48
2013.01.31 10:42:05.101,0.76305,0.76326,1.50,1.73
2013.01.31 10:42:05.426,0.76304,0.76326,2.25,2.48
2013.01.31 10:42:05.966,0.76304,0.76326,2.25,3.66
2013.01.31 10:42:06.027,0.76304,0.76326,2.25,3.23
2013.01.31 10:42:09.756,0.76304,0.76326,1.50,2.48
2013.01.31 10:42:10.159,0.76304,0.76326,2.25,1.73
2013.01.31 10:42:12.096,0.76304,0.76326,2.25,1.73
2013.01.31 10:42:13.737,0.76304,0.76326,1.50,2.48
2013.01.31 10:42:13.796,0.76304,0.76326,1.50,2.48
2013.01.31 10:42:14.359,0.76304,0.76326,1.50,2.48
2013.01.31 10:42:25.062,0.76303,0.76323,1.50,2.48
2013.01.31 10:42:28.357,0.76303,0.76323,2.25,1.73
2013.01.31 10:42:28.948,0.76303,0.76323,2.48,1.50
2013.01.31 10:42:34.767,0.76303,0.76323,3.23,1.50
2013.01.31 10:42:35.326,0.76303,0.76323,2.48,1.50
2013.01.31 10:42:35.755,0.76303,0.76323,2.48,1.50
2013.01.31 10:42:36.976,0.76303,0.76323,2.48,1.50
2013.01.31 10:42:38.317,0.76301,0.7632,1.73,1.50
2013.01.31 10:42:38.556,0.76299,0.76315,1.73,1.50
2013.01.31 10:42:38.996,0.76291,0.76311,5.34,1.50
2013.01.31 10:42:39.062,0.76291,0.76311,4.50,1.50
2013.01.31 10:42:39.127,0.76291,0.76311,3.00,2.25
2013.01.31 10:42:39.704,0.76287,0.76308,1.35,1.50
2013.01.31 10:42:53.776,0.76283,0.76303,1.73,1.50
2013.01.31 10:42:53.837,0.76283,0.76303,2.48,1.50
2013.01.31 10:42:54.386,0.76281,0.76303,3.23,2.25
2013.01.31 10:42:54.576,0.7628,0.76299,3.23,1.50
2013.01.31 10:43:01.610,0.76278,0.76299,1.73,1.50
2013.01.31 10:43:01.738,0.76278,0.76299,1.73,1.50
2013.01.31 10:43:04.688,0.76278,0.76299,1.73,1.50
2013.01.31 10:43:08.177,0.76281,0.76303,3.23,1.50
2013.01.31 10:43:08.718,0.76286,0.76303,1.73,1.50
2013.01.31 10:43:09.227,0.76286,0.76303,1.73,1.50
2013.01.31 10:43:11.109,0.76284,0.76303,1.73,1.50
2013.01.31 10:43:11.657,0.76282,0.76303,1.35,1.50
2013.01.31 10:43:12.719,0.7628,0.76298,1.73,1.50
2013.01.31 10:43:13.636,0.7628,0.76298,1.73,1.50
2013.01.31 10:43:14.028,0.76279,0.76298,1.73,1.50
2013.01.31 10:43:14.757,0.76279,0.76298,1.73,1.50
2013.01.31 10:43:15.425,0.76279,0.76298,1.73,1.50
2013.01.31 10:43:17.617,0.76279,0.76298,1.73,1.50
2013.01.31 10:43:18.147,0.7628,0.76298,1.73,1.50
2013.01.31 10:43:21.076,0.76278,0.76298,2.48,1.50
2013.01.31 10:43:21.436,0.76285,0.76298,1.73,1.50
2013.01.31 10:43:21.860,0.76282,0.76298,2.85,1.50
2013.01.31 10:43:22.006,0.76284,0.76301,2.48,1.50
2013.01.31 10:43:22.066,0.76284,0.76304,2.48,1.50
2013.01.31 10:43:23.497,0.76284,0.76304,2.48,1.50
2013.01.31 10:43:24.578,0.76284,0.76304,2.48,1.50
2013.01.31 10:43:25.127,0.76282,0.76301,1.35,1.50
2013.01.31 10:43:29.047,0.76281,0.76301,1.73,1.50
2013.01.31 10:43:29.497,0.76278,0.76299,1.73,1.50
2013.01.31 10:43:29.616,0.76278,0.76299,1.73,1.50
2013.01.31 10:43:30.227,0.76281,0.76301,2.48,1.50
2013.01.31 10:43:30.746,0.76281,0.76302,2.48,1.50
2013.01.31 10:43:31.308,0.76281,0.76302,2.48,1.50
2013.01.31 10:43:31.368,0.76279,0.76298,3.23,1.50
2013.01.31 10:43:34.487,0.76277,0.76298,3.98,1.50
2013.01.31 10:43:36.677,0.76277,0.76298,3.98,1.50
2013.01.31 10:43:38.956,0.76277,0.76298,2.48,1.50
2013.01.31 10:43:39.137,0.76275,0.76295,2.48,1.50
2013.01.31 10:43:39.497,0.7627,0.7629,1.73,1.50
2013.01.31 10:43:40.897,0.76273,0.76293,2.48,1.50
2013.01.31 10:43:41.467,0.76273,0.76293,3.23,1.50
2013.01.31 10:43:41.647,0.76274,0.76293,1.73,1.50
2013.01.31 10:43:42.187,0.76276,0.76298,2.48,2.25
2013.01.31 10:43:42.246,0.76276,0.76298,2.48,2.25
2013.01.31 10:43:42.306,0.76276,0.76298,2.48,2.25
2013.01.31 10:43:43.458,0.76276,0.76295,2.48,1.50
2013.01.31 10:43:43.817,0.76275,0.76293,1.73,1.50
2013.01.31 10:43:44.436,0.76274,0.76293,2.48,1.50
2013.01.31 10:43:45.156,0.76274,0.76293,2.48,1.50
2013.01.31 10:43:45.277,0.76274,0.76293,2.48,1.50
2013.01.31 10:43:45.577,0.76272,0.76288,1.73,1.50
2013.01.31 10:43:45.643,0.76271,0.76288,1.73,1.50
2013.01.31 10:43:47.237,0.76272,0.76288,1.73,1.50
2013.01.31 10:43:47.296,0.76271,0.76288,1.73,1.50
2013.01.31 10:43:47.841,0.76269,0.76288,1.73,1.50
2013.01.31 10:43:48.376,0.76269,0.76288,1.73,1.50
2013.01.31 10:43:53.747,0.76273,0.7629,2.48,1.50
2013.01.31 10:43:53.806,0.76273,0.76292,2.48,1.50
2013.01.31 10:44:01.056,0.76271,0.76289,1.73,1.50
2013.01.31 10:44:01.647,0.76271,0.76289,1.73,1.50
2013.01.31 10:44:01.958,0.76268,0.76289,2.48,1.50
2013.01.31 10:44:02.486,0.76269,0.76289,1.35,1.50
2013.01.31 10:44:03.647,0.76269,0.76289,1.35,1.50
2013.01.31 10:44:04.676,0.76268,0.76289,2.48,1.50
2013.01.31 10:44:04.857,0.76272,0.76292,2.48,1.50
2013.01.31 10:44:10.087,0.76272,0.76292,2.48,1.50
2013.01.31 10:44:13.958,0.76272,0.76292,2.48,1.50
2013.01.31 10:44:16.267,0.76272,0.76292,2.48,1.50
2013.01.31 10:44:16.507,0.76272,0.76292,2.48,1.50
2013.01.31 10:44:17.987,0.76272,0.76292,2.48,1.50
2013.01.31 10:44:21.138,0.76273,0.76292,1.56,1.50
2013.01.31 10:44:21.197,0.76276,0.76295,2.48,1.50
2013.01.31 10:44:21.257,0.76276,0.76298,2.48,2.25
2013.01.31 10:44:21.437,0.76278,0.76298,1.34,1.50
2013.01.31 10:44:23.140,0.7628,0.76302,2.48,1.50
2013.01.31 10:44:28.268,0.7628,0.76302,2.48,1.50
2013.01.31 10:44:28.387,0.76277,0.76297,2.48,1.50
2013.01.31 10:44:28.686,0.76277,0.76297,2.48,1.50
2013.01.31 10:44:28.926,0.76277,0.76297,2.48,1.50
2013.01.31 10:44:29.667,0.76277,0.76297,2.48,1.50
2013.01.31 10:44:30.316,0.76277,0.76297,2.48,1.50
2013.01.31 10:44:30.628,0.76277,0.76297,2.48,1.50
2013.01.31 10:44:31.017,0.76277,0.76297,2.75,1.50
2013.01.31 10:44:31.080,0.76281,0.76302,2.48,2.25
2013.01.31 10:44:32.654,0.76281,0.76302,2.48,1.50
2013.01.31 10:44:32.906,0.76284,0.76304,1.73,1.50
2013.01.31 10:44:33.538,0.76284,0.76306,2.48,1.50
2013.01.31 10:44:34.137,0.76289,0.76309,2.48,1.50
2013.01.31 10:44:34.197,0.76289,0.76309,2.48,1.50
2013.01.31 10:44:34.436,0.76289,0.76309,2.48,1.50
2013.01.31 10:44:34.498,0.76289,0.76309,2.48,2.25
2013.01.31 10:44:34.736,0.76289,0.76309,2.48,2.25
2013.01.31 10:44:35.607,0.76289,0.76309,1.73,3.00
2013.01.31 10:44:37.527,0.76289,0.76309,1.73,2.25
2013.01.31 10:44:37.586,0.76289,0.76309,1.73,2.25
2013.01.31 10:44:38.137,0.76289,0.76309,1.73,3.00
2013.01.31 10:44:40.096,0.76289,0.76309,1.73,3.00
2013.01.31 10:44:43.966,0.76289,0.76309,1.73,2.25
2013.01.31 10:44:45.496,0.76285,0.76305,2.48,1.50
2013.01.31 10:44:46.943,0.76285,0.76305,1.73,2.25
2013.01.31 10:44:47.849,0.76285,0.76305,2.48,1.50
2013.01.31 10:44:53.047,0.76281,0.76301,2.48,1.50
2013.01.31 10:44:53.168,0.7628,0.76298,1.73,1.50
2013.01.31 10:44:53.797,0.76276,0.76298,2.48,1.50
2013.01.31 10:44:53.917,0.76277,0.76298,1.41,2.25
2013.01.31 10:44:54.246,0.76276,0.76298,2.48,1.50
2013.01.31 10:44:54.367,0.76276,0.76298,2.48,2.25
2013.01.31 10:44:54.817,0.76276,0.76298,2.48,1.50
2013.01.31 10:44:55.785,0.76276,0.76298,1.73,3.00
2013.01.31 10:44:56.347,0.76273,0.76293,1.73,2.25
2013.01.31 10:45:11.856,0.76273,0.76293,1.73,2.25
2013.01.31 10:45:11.981,0.76273,0.76293,1.73,3.00
2013.01.31 10:45:14.659,0.76268,0.7629,2.48,1.50
2013.01.31 10:45:21.078,0.76268,0.7629,2.48,2.25
2013.01.31 10:45:35.101,0.76272,0.76292,1.73,2.25
2013.01.31 10:45:35.348,0.76272,0.76292,1.73,1.50
2013.01.31 10:45:38.966,0.76272,0.76292,2.40,1.50
2013.01.31 10:45:40.250,0.76272,0.76292,3.00,1.50
2013.01.31 10:45:41.703,0.76275,0.76297,2.48,2.25
2013.01.31 10:45:42.147,0.76275,0.76296,1.73,1.50
2013.01.31 10:45:46.131,0.76275,0.76297,2.48,2.25
2013.01.31 10:45:47.945,0.76275,0.76296,1.73,1.50
2013.01.31 10:45:53.439,0.76275,0.76297,2.48,2.25
2013.01.31 10:46:01.157,0.76275,0.76297,2.48,1.50
2013.01.31 10:46:01.336,0.7628,0.76299,1.73,3.00
2013.01.31 10:46:04.746,0.7628,0.76299,2.48,2.25
2013.01.31 10:46:05.116,0.76276,0.76296,2.48,1.50
2013.01.31 10:46:06.064,0.76276,0.76296,2.48,1.50
2013.01.31 10:46:06.367,0.76276,0.76296,2.48,1.50
2013.01.31 10:46:07.500,0.76276,0.76296,2.48,1.50
2013.01.31 10:46:11.923,0.76274,0.76292,2.48,1.50
2013.01.31 10:46:21.596,0.76275,0.76296,2.48,1.50
2013.01.31 10:46:22.111,0.76275,0.76296,1.73,2.25
2013.01.31 10:46:23.048,0.76273,0.76293,2.96,1.50
2013.01.31 10:46:43.228,0.76273,0.76292,1.46,1.50
2013.01.31 10:47:04.147,0.76272,0.76294,3.34,2.25
2013.01.31 10:47:12.857,0.76277,0.76296,2.13,1.50
2013.01.31 10:47:12.917,0.76277,0.76299,2.13,2.25
2013.01.31 10:47:13.526,0.76279,0.76299,1.11,2.25
2013.01.31 10:47:13.768,0.76279,0.76299,2.64,1.50
2013.01.31 10:47:14.097,0.76281,0.76299,1.34,1.50
2013.01.31 10:47:14.868,0.76281,0.76299,1.29,1.50
2013.01.31 10:47:19.964,0.76279,0.76299,4.35,1.50
2013.01.31 10:47:23.817,0.76279,0.76299,4.35,1.50
2013.01.31 10:47:23.878,0.7628,0.76299,1.73,1.50
2013.01.31 10:47:24.897,0.76282,0.76301,1.73,1.50
2013.01.31 10:47:26.009,0.76285,0.76305,1.73,2.25
2013.01.31 10:47:27.194,0.76285,0.76305,2.48,1.50
2013.01.31 10:47:31.087,0.76285,0.76305,2.48,1.50
2013.01.31 10:47:34.897,0.76288,0.76308,1.73,2.25
2013.01.31 10:47:35.018,0.76288,0.7631,1.73,2.25
2013.01.31 10:47:35.327,0.76288,0.7631,3.23,1.50
2013.01.31 10:47:35.996,0.76288,0.7631,2.48,2.25
2013.01.31 10:47:43.617,0.76288,0.7631,2.48,2.25
2013.01.31 10:47:44.306,0.76288,0.7631,1.73,3.23
2013.01.31 10:47:51.527,0.76286,0.76305,2.48,1.50
2013.01.31 10:47:51.707,0.76283,0.76305,2.48,2.25
2013.01.31 10:47:55.148,0.76283,0.76305,3.60,1.50
2013.01.31 10:48:06.489,0.76283,0.76305,3.98,1.50
2013.01.31 10:48:06.807,0.76283,0.76305,3.98,1.50
2013.01.31 10:48:12.177,0.76286,0.76306,2.48,1.50
2013.01.31 10:48:23.987,0.76286,0.76306,2.48,1.50
2013.01.31 10:48:25.714,0.76286,0.76306,2.48,1.50
2013.01.31 10:48:30.117,0.76286,0.76306,2.25,1.73
2013.01.31 10:48:30.177,0.76282,0.76302,4.35,1.50
2013.01.31 10:48:30.237,0.76282,0.76302,3.98,1.50
2013.01.31 10:48:30.358,0.76282,0.76299,3.23,1.50
2013.01.31 10:48:30.477,0.76282,0.76299,1.50,1.50
2013.01.31 10:48:31.692,0.76277,0.76299,3.60,1.50
2013.01.31 10:48:32.279,0.76277,0.76299,3.23,1.73
2013.01.31 10:48:32.467,0.76282,0.76304,1.50,3.23
2013.01.31 10:48:32.587,0.76282,0.76304,1.50,3.23
2013.01.31 10:48:32.947,0.76282,0.76304,2.25,2.48
2013.01.31 10:48:33.938,0.7628,0.763,1.73,1.73
2013.01.31 10:48:35.201,0.7628,0.763,1.73,1.73
2013.01.31 10:48:35.270,0.7628,0.763,1.73,1.73
2013.01.31 10:48:39.113,0.7628,0.763,1.73,1.73
2013.01.31 10:48:40.101,0.7628,0.763,1.73,1.73
2013.01.31 10:48:45.457,0.76278,0.763,2.48,1.73
2013.01.31 10:48:45.658,0.76278,0.763,2.48,1.73
2013.01.31 10:49:16.422,0.76276,0.76298,5.10,1.73
2013.01.31 10:49:17.199,0.76276,0.76298,5.10,1.73
2013.01.31 10:49:18.990,0.76276,0.76298,3.60,1.73
2013.01.31 10:49:19.117,0.76276,0.76298,3.23,2.48
2013.01.31 10:49:28.467,0.76273,0.76292,2.10,1.50
2013.01.31 10:49:28.776,0.76271,0.76289,1.50,2.48
2013.01.31 10:49:28.897,0.76267,0.76285,1.13,2.48
2013.01.31 10:49:29.017,0.76267,0.76285,1.13,2.48
2013.01.31 10:49:29.197,0.76265,0.76284,1.50,3.23
2013.01.31 10:49:29.257,0.7626,0.76282,2.25,1.73
2013.01.31 10:49:33.639,0.76257,0.76277,1.50,1.73
2013.01.31 10:49:33.817,0.76254,0.76274,1.73,1.50
2013.01.31 10:49:34.367,0.76252,0.76274,3.00,1.73
2013.01.31 10:49:35.336,0.76252,0.76274,2.25,1.73
2013.01.31 10:49:35.578,0.76252,0.76274,1.50,2.48
2013.01.31 10:49:36.697,0.76252,0.76274,2.25,2.48
2013.01.31 10:49:37.037,0.76252,0.76274,2.25,3.88
2013.01.31 10:49:37.457,0.76248,0.7627,2.25,2.48
2013.01.31 10:49:38.071,0.76248,0.7627,1.50,2.48
2013.01.31 10:49:38.243,0.76248,0.7627,1.50,3.61
2013.01.31 10:49:38.787,0.76243,0.76265,2.25,1.73
2013.01.31 10:49:43.899,0.76243,0.76265,2.25,1.73
2013.01.31 10:49:46.448,0.76243,0.76265,3.23,1.73
2013.01.31 10:49:46.689,0.76247,0.76269,2.25,1.73
2013.01.31 10:49:46.810,0.76247,0.76269,2.48,1.73
2013.01.31 10:49:48.246,0.76247,0.76269,2.48,1.73
2013.01.31 10:49:48.378,0.76247,0.76269,2.48,1.73
2013.01.31 10:49:48.617,0.76249,0.76269,2.48,1.50
2013.01.31 10:49:49.447,0.7625,0.76269,1.73,1.50
2013.01.31 10:49:53.919,0.7625,0.76269,1.73,1.50
2013.01.31 10:49:59.266,0.76253,0.76275,1.50,2.48
2013.01.31 10:50:00.031,0.76253,0.76275,1.50,2.48
2013.01.31 10:50:02.527,0.76253,0.76275,1.50,2.48
2013.01.31 10:50:05.047,0.76253,0.76275,2.25,1.73
2013.01.31 10:50:05.229,0.76257,0.76279,1.50,2.85
2013.01.31 10:50:05.348,0.76257,0.76279,1.50,2.48
2013.01.31 10:50:05.707,0.76263,0.76282,1.50,1.35
2013.01.31 10:50:06.067,0.76261,0.7628,2.25,1.73
2013.01.31 10:50:06.901,0.7626,0.7628,2.25,1.73
2013.01.31 10:50:07.247,0.7626,0.7628,2.25,1.58
2013.01.31 10:50:07.687,0.7626,0.7628,2.25,1.58
2013.01.31 10:50:07.867,0.76258,0.76284,1.73,1.95
2013.01.31 10:50:07.926,0.76258,0.76283,1.73,1.20
2013.01.31 10:50:07.987,0.76258,0.76283,1.50,1.20
2013.01.31 10:50:09.188,0.76257,0.76283,3.38,2.10
2013.01.31 10:50:09.788,0.76257,0.76283,2.48,1.35
2013.01.31 10:50:10.787,0.76259,0.76284,1.50,1.35
2013.01.31 10:50:15.744,0.76259,0.76284,1.88,1.35
2013.01.31 10:50:20.047,0.7626,0.76283,1.50,1.35
2013.01.31 10:50:20.634,0.7626,0.76284,1.50,1.35
2013.01.31 10:50:21.117,0.76258,0.76283,1.50,1.77
2013.01.31 10:50:21.238,0.76258,0.76282,1.50,2.89
2013.01.31 10:50:22.917,0.76257,0.76282,1.50,2.09
2013.01.31 10:50:22.979,0.76257,0.76282,1.50,1.73
2013.01.31 10:50:23.178,0.76257,0.76282,1.50,1.73
2013.01.31 10:50:23.296,0.76258,0.76287,1.73,1.73
2013.01.31 10:50:27.498,0.76258,0.76288,2.10,2.48
2013.01.31 10:50:29.267,0.76257,0.76286,2.85,1.53
2013.01.31 10:50:29.326,0.76257,0.76285,2.85,1.73
2013.01.31 10:50:29.627,0.76256,0.76281,2.10,1.73
2013.01.31 10:50:30.177,0.76252,0.76279,2.10,1.73
2013.01.31 10:50:30.927,0.76254,0.76283,1.88,1.73
2013.01.31 10:50:31.107,0.76258,0.76281,1.88,1.73
2013.01.31 10:50:35.308,0.76258,0.76285,1.13,2.33
2013.01.31 10:50:35.367,0.76256,0.76281,2.33,2.48
2013.01.31 10:50:35.666,0.76256,0.76281,1.13,3.23
2013.01.31 10:50:36.028,0.76253,0.7628,4.13,1.73
2013.01.31 10:50:41.927,0.76251,0.76277,1.73,1.73
2013.01.31 10:50:42.138,0.76249,0.76275,1.50,1.73
2013.01.31 10:51:05.148,0.76247,0.7627,1.50,2.48
2013.01.31 10:51:05.507,0.76244,0.76267,1.13,2.48
2013.01.31 10:51:05.567,0.76244,0.76267,1.13,2.48
2013.01.31 10:51:08.967,0.76244,0.76267,1.13,2.48
2013.01.31 10:51:11.738,0.76246,0.76268,1.50,2.48
2013.01.31 10:51:11.798,0.76246,0.7627,1.73,2.48
2013.01.31 10:51:15.017,0.76247,0.76272,1.73,1.73
2013.01.31 10:51:17.997,0.76246,0.76272,1.73,1.73
2013.01.31 10:51:18.737,0.76246,0.76273,1.73,1.73
2013.01.31 10:51:19.517,0.76247,0.76272,1.73,1.73
2013.01.31 10:51:41.270,0.76243,0.76272,3.23,2.48
2013.01.31 10:51:43.350,0.76243,0.76268,2.48,1.73
2013.01.31 10:51:43.469,0.76243,0.76268,2.48,1.73
2013.01.31 10:51:43.827,0.76241,0.76264,3.60,1.73
2013.01.31 10:51:44.268,0.76241,0.76264,1.35,1.50
2013.01.31 10:51:44.776,0.76241,0.76267,1.35,1.73
2013.01.31 10:51:45.027,0.76241,0.76268,1.73,2.48
2013.01.31 10:51:45.277,0.76244,0.76268,2.48,1.73
2013.01.31 10:51:45.658,0.76244,0.76269,2.48,1.73
2013.01.31 10:51:45.887,0.76244,0.76269,2.48,2.48
2013.01.31 10:51:46.009,0.76248,0.76269,1.73,1.73
2013.01.31 10:51:46.367,0.76248,0.76271,2.48,3.23
2013.01.31 10:51:53.028,0.76254,0.76272,1.50,2.48
2013.01.31 10:51:53.087,0.76254,0.76272,1.50,2.48
2013.01.31 10:51:53.268,0.76254,0.76272,2.25,2.48
2013.01.31 10:51:53.583,0.76254,0.76272,2.48,2.25
2013.01.31 10:51:55.139,0.76254,0.76273,1.73,1.50
2013.01.31 10:51:55.263,0.76254,0.76273,1.73,1.50
2013.01.31 10:51:55.578,0.76254,0.76275,2.25,2.48
2013.01.31 10:51:55.828,0.7625,0.7627,2.48,2.25
2013.01.31 10:51:56.327,0.76248,0.76264,2.48,1.50
2013.01.31 10:51:56.508,0.76244,0.76264,1.73,1.50
2013.01.31 10:51:56.748,0.76242,0.76264,2.48,2.25
2013.01.31 10:51:57.343,0.76242,0.76264,2.25,2.48
2013.01.31 10:51:59.697,0.76242,0.76264,2.48,2.25
2013.01.31 10:51:59.817,0.76242,0.76264,2.48,1.50
2013.01.31 10:52:00.367,0.76245,0.76263,2.48,1.50
2013.01.31 10:52:01.287,0.76248,0.76265,1.50,2.25
2013.01.31 10:52:03.323,0.76248,0.76268,2.25,1.35
2013.01.31 10:52:03.728,0.76248,0.76268,1.50,1.35
2013.01.31 10:52:05.308,0.76245,0.76265,2.48,2.25
2013.01.31 10:52:07.167,0.76245,0.76265,2.48,1.50
2013.01.31 10:52:08.067,0.76245,0.76265,2.48,2.25
2013.01.31 10:52:08.370,0.76241,0.76261,2.48,1.50
2013.01.31 10:52:08.429,0.76241,0.76261,2.48,2.25
2013.01.31 10:52:08.550,0.76241,0.76261,2.25,2.48
2013.01.31 10:52:09.065,0.76241,0.76258,1.50,1.73
2013.01.31 10:52:09.128,0.76237,0.76257,2.25,2.48
2013.01.31 10:52:09.822,0.76237,0.76257,2.25,2.48
2013.01.31 10:52:24.169,0.76237,0.76257,2.25,2.48
2013.01.31 10:52:24.717,0.76237,0.76257,2.25,2.48
2013.01.31 10:52:25.016,0.76237,0.76257,2.48,2.48
2013.01.31 10:52:28.288,0.76237,0.76257,2.48,2.48
2013.01.31 10:52:28.348,0.76237,0.76257,2.48,2.48
2013.01.31 10:52:28.858,0.76237,0.76257,2.48,1.50
2013.01.31 10:52:29.487,0.76239,0.76258,2.48,2.25
2013.01.31 10:52:36.229,0.76237,0.76256,2.48,1.50
2013.01.31 10:52:36.998,0.76238,0.7626,2.48,3.00
2013.01.31 10:52:38.857,0.76238,0.7626,2.48,2.25
2013.01.31 10:52:39.470,0.76242,0.76262,2.48,1.73
2013.01.31 10:52:45.357,0.76242,0.76263,2.48,2.25
2013.01.31 10:52:45.477,0.76242,0.76263,2.48,1.50
2013.01.31 10:52:47.831,0.76242,0.76263,2.48,1.50
2013.01.31 10:52:49.207,0.76242,0.76263,2.48,2.25
2013.01.31 10:52:49.747,0.76238,0.7626,2.48,1.50
2013.01.31 10:52:49.807,0.76238,0.7626,2.48,1.50
2013.01.31 10:52:50.318,0.76242,0.76264,2.48,2.48
2013.01.31 10:52:50.877,0.76242,0.76264,2.48,2.25
2013.01.31 10:52:51.411,0.76242,0.76264,2.48,1.50
2013.01.31 10:52:53.498,0.76242,0.76264,2.48,2.25
2013.01.31 10:52:54.167,0.76242,0.76264,2.48,1.50
2013.01.31 10:52:54.467,0.76242,0.76264,2.85,1.50
2013.01.31 10:52:54.818,0.76247,0.76269,2.48,2.25
2013.01.31 10:52:55.057,0.76247,0.76269,2.48,2.25
2013.01.31 10:52:55.617,0.76247,0.76269,2.48,2.25
2013.01.31 10:53:01.427,0.76247,0.76269,2.48,2.25
2013.01.31 10:53:05.938,0.76247,0.76269,2.48,2.25
2013.01.31 10:53:10.678,0.76247,0.76269,3.23,1.50
2013.01.31 10:53:11.707,0.76251,0.76273,2.48,2.25
2013.01.31 10:53:11.771,0.76251,0.76273,2.48,2.25
2013.01.31 10:53:12.317,0.76252,0.76273,1.35,1.50
2013.01.31 10:53:12.377,0.76257,0.76275,2.48,1.50
2013.01.31 10:53:12.437,0.76257,0.76277,2.48,1.50
2013.01.31 10:53:13.357,0.76257,0.76277,2.48,1.50
2013.01.31 10:53:13.479,0.76257,0.76277,2.48,1.50
2013.01.31 10:53:21.173,0.76257,0.76277,2.48,1.50
2013.01.31 10:53:28.629,0.76257,0.76277,2.48,2.48
2013.01.31 10:53:29.009,0.76257,0.76277,2.48,2.48
2013.01.31 10:53:29.248,0.76253,0.76273,2.25,2.48
2013.01.31 10:53:30.122,0.76253,0.76273,2.25,2.48
2013.01.31 10:53:30.189,0.76253,0.76273,1.50,2.48
2013.01.31 10:53:30.307,0.76253,0.76273,1.50,2.48
2013.01.31 10:53:31.659,0.76253,0.76273,2.25,2.48
2013.01.31 10:53:43.368,0.76253,0.76273,1.50,3.23
2013.01.31 10:53:49.148,0.76251,0.76271,2.25,2.48
2013.01.31 10:53:51.247,0.7625,0.76271,2.25,2.48
2013.01.31 10:53:52.749,0.7625,0.76271,2.25,2.48
2013.01.31 10:54:15.637,0.7625,0.76269,1.50,1.73
2013.01.31 10:54:15.757,0.7625,0.76268,1.50,1.73
2013.01.31 10:54:15.817,0.76247,0.76266,2.25,1.73
2013.01.31 10:54:17.607,0.76246,0.76266,2.25,1.50
2013.01.31 10:54:17.847,0.76246,0.76266,2.85,1.50
2013.01.31 10:54:23.890,0.76246,0.76266,2.25,2.48
2013.01.31 10:54:25.299,0.76246,0.76266,2.25,2.48
2013.01.31 10:54:28.379,0.76246,0.76266,2.25,2.48
2013.01.31 10:54:28.698,0.76246,0.76266,2.48,1.50
2013.01.31 10:54:44.679,0.76246,0.76266,2.48,2.25
2013.01.31 10:54:45.047,0.76246,0.76266,2.25,2.48
2013.01.31 10:54:46.956,0.76242,0.76263,2.63,2.48
2013.01.31 10:54:52.349,0.76244,0.76267,2.25,2.48
2013.01.31 10:54:52.799,0.76244,0.76267,2.25,2.48
2013.01.31 10:54:53.739,0.76244,0.76267,2.25,2.48
2013.01.31 10:54:54.258,0.76249,0.76269,2.25,4.73
2013.01.31 10:54:54.379,0.76249,0.76269,2.25,2.48
2013.01.31 10:54:54.498,0.76249,0.76269,2.25,2.48
2013.01.31 10:54:55.018,0.76249,0.76269,2.25,2.48
2013.01.31 10:54:56.087,0.76249,0.76269,2.48,2.25
2013.01.31 10:54:56.928,0.76253,0.76273,2.48,2.48
2013.01.31 10:55:01.449,0.76253,0.76273,2.25,2.48
2013.01.31 10:55:01.629,0.76253,0.76273,2.48,2.48
2013.01.31 10:55:02.219,0.76253,0.76273,2.48,2.48
2013.01.31 10:55:05.321,0.76253,0.76273,1.73,3.23
2013.01.31 10:55:05.748,0.76253,0.76273,2.25,2.48
2013.01.31 10:55:06.288,0.76253,0.76273,2.48,2.48
2013.01.31 10:55:07.997,0.76253,0.76273,2.25,3.23
2013.01.31 10:55:09.070,0.76253,0.76273,2.25,2.48
2013.01.31 10:55:09.188,0.76253,0.76273,2.48,2.48
2013.01.31 10:55:09.578,0.76256,0.76278,2.25,2.48
2013.01.31 10:55:14.413,0.76256,0.76278,2.25,2.48
2013.01.31 10:55:16.830,0.76256,0.76276,2.25,1.73
2013.01.31 10:55:18.363,0.76256,0.76278,2.25,3.23
2013.01.31 10:55:18.668,0.76255,0.76274,1.73,1.73
2013.01.31 10:55:18.729,0.76254,0.76274,1.50,1.73
2013.01.31 10:55:19.797,0.76248,0.7627,2.48,1.73
2013.01.31 10:55:22.207,0.76248,0.7627,2.48,1.73
2013.01.31 10:55:22.558,0.76248,0.7627,2.25,2.48
2013.01.31 10:55:25.137,0.76248,0.76269,1.50,1.73
2013.01.31 10:55:25.197,0.76248,0.76268,1.50,2.48
2013.01.31 10:55:25.740,0.76247,0.76266,1.50,2.48
2013.01.31 10:55:26.178,0.76244,0.76266,2.25,2.48
2013.01.31 10:55:28.689,0.76244,0.76266,2.25,2.48
2013.01.31 10:55:31.565,0.76244,0.76264,1.50,1.73
2013.01.31 10:55:35.077,0.76244,0.76266,2.25,2.48
2013.01.31 10:55:36.189,0.76244,0.76266,2.25,2.48
2013.01.31 10:55:36.748,0.7624,0.76262,2.25,2.48
2013.01.31 10:55:37.958,0.7624,0.76262,2.25,2.48
2013.01.31 10:55:38.637,0.7624,0.76262,2.25,2.48
2013.01.31 10:55:39.158,0.76237,0.76257,1.50,2.48
2013.01.31 10:55:39.397,0.76232,0.76252,2.25,2.48
2013.01.31 10:55:40.783,0.76232,0.76252,2.25,2.48
2013.01.31 10:55:41.410,0.76232,0.76252,2.25,2.48
2013.01.31 10:55:41.588,0.76232,0.76252,2.25,2.48
2013.01.31 10:55:42.201,0.76232,0.76252,2.25,2.48
2013.01.31 10:55:45.729,0.76232,0.76252,2.25,2.25
2013.01.31 10:55:46.764,0.76232,0.76252,2.25,2.48
2013.01.31 10:55:55.398,0.76232,0.76252,2.25,2.25
2013.01.31 10:55:56.468,0.76232,0.76252,2.48,2.25
2013.01.31 10:55:57.438,0.76232,0.76252,1.73,2.25
2013.01.31 10:55:57.954,0.76232,0.76252,1.50,2.25
2013.01.31 10:55:58.669,0.76232,0.76252,1.50,2.48
2013.01.31 10:55:58.789,0.76232,0.76252,1.50,2.25
2013.01.31 10:56:00.750,0.76232,0.76252,2.25,2.25
2013.01.31 10:56:03.340,0.76232,0.76252,2.48,2.25
2013.01.31 10:56:04.918,0.76232,0.76252,2.48,2.25
2013.01.31 10:56:06.188,0.76232,0.76252,2.48,2.48
2013.01.31 10:56:10.658,0.76232,0.76252,2.48,2.48
2013.01.31 10:56:14.942,0.76232,0.76252,2.48,2.48
2013.01.31 10:56:16.018,0.76232,0.76252,2.48,2.48
2013.01.31 10:56:20.108,0.76232,0.76252,2.48,2.48
2013.01.31 10:56:24.483,0.7623,0.7625,2.48,2.25
2013.01.31 10:56:30.387,0.76234,0.76254,2.48,2.25
2013.01.31 10:56:30.807,0.76234,0.76254,2.48,1.50
2013.01.31 10:56:31.089,0.76234,0.76254,2.48,2.25
2013.01.31 10:56:31.459,0.76234,0.76254,2.48,2.48
2013.01.31 10:56:32.163,0.76234,0.76254,2.48,2.48
2013.01.31 10:56:32.389,0.76237,0.76259,2.48,2.48
2013.01.31 10:56:33.680,0.76237,0.76259,1.73,3.23
2013.01.31 10:56:43.228,0.76233,0.76255,1.73,2.48
2013.01.31 10:56:43.368,0.76233,0.76255,1.50,2.48
2013.01.31 10:56:43.550,0.7623,0.7625,2.48,2.25
2013.01.31 10:56:43.668,0.7623,0.7625,2.48,2.25
2013.01.31 10:56:47.099,0.76226,0.76246,2.48,2.48
2013.01.31 10:56:48.439,0.76226,0.76246,2.25,2.48
2013.01.31 10:56:51.208,0.76234,0.76254,1.73,1.73
2013.01.31 10:56:51.688,0.76233,0.76252,2.48,2.25
2013.01.31 10:56:52.288,0.7623,0.76252,2.48,2.25
2013.01.31 10:56:52.468,0.7623,0.76252,2.48,2.25
2013.01.31 10:56:55.329,0.7623,0.76252,2.48,2.25
2013.01.31 10:56:55.699,0.7623,0.76252,2.48,2.25
2013.01.31 10:56:55.939,0.7623,0.76252,2.48,2.25
2013.01.31 10:56:59.889,0.7623,0.76252,2.48,2.25
2013.01.31 10:56:59.949,0.7623,0.7625,1.73,1.50
2013.01.31 10:57:00.515,0.76226,0.76248,2.48,2.25
2013.01.31 10:57:01.695,0.76226,0.76248,1.73,2.25
2013.01.31 10:57:01.829,0.76226,0.76248,1.73,2.25
2013.01.31 10:57:02.139,0.76226,0.76247,1.73,1.50
2013.01.31 10:57:02.658,0.76226,0.76247,1.73,1.88
2013.01.31 10:57:03.021,0.76226,0.76238,1.50,1.50
2013.01.31 10:57:03.088,0.76221,0.76238,1.50,1.50
2013.01.31 10:57:03.209,0.76221,0.76238,1.50,1.50
2013.01.31 10:57:03.391,0.76217,0.76238,2.25,3.23
2013.01.31 10:57:03.469,0.76217,0.76238,2.48,3.23
2013.01.31 10:57:03.545,0.76217,0.76238,2.48,3.23
2013.01.31 10:57:03.668,0.76217,0.76238,2.48,3.23
2013.01.31 10:57:03.728,0.76217,0.76238,2.25,3.23
2013.01.31 10:57:05.275,0.76213,0.76235,2.48,2.48
2013.01.31 10:57:06.169,0.76213,0.76235,2.48,2.25
2013.01.31 10:57:06.682,0.76213,0.76235,2.48,2.25
2013.01.31 10:57:07.241,0.76213,0.76235,2.48,2.25
2013.01.31 10:57:09.299,0.76213,0.76235,2.48,2.25
2013.01.31 10:57:16.568,0.76217,0.76238,1.50,2.48
2013.01.31 10:57:17.370,0.76217,0.76238,1.50,2.48
2013.01.31 10:57:17.909,0.76217,0.76238,1.50,2.48
2013.01.31 10:57:19.750,0.76217,0.76238,1.50,2.48
2013.01.31 10:57:19.943,0.76217,0.76238,2.25,2.48
2013.01.31 10:57:20.729,0.76217,0.76238,2.25,2.48
2013.01.31 10:57:28.337,0.76217,0.76238,2.25,2.48
2013.01.31 10:57:31.968,0.7622,0.76239,1.50,1.73
2013.01.31 10:57:32.188,0.7622,0.76242,2.25,2.48
2013.01.31 10:57:32.389,0.7622,0.76239,1.50,1.73
2013.01.31 10:57:37.221,0.7622,0.76242,2.25,2.48
2013.01.31 10:57:37.959,0.7622,0.76239,1.50,1.73
2013.01.31 10:57:38.472,0.7622,0.76242,2.25,2.48
2013.01.31 10:57:45.346,0.7622,0.76238,1.50,1.73
2013.01.31 10:57:46.918,0.7622,0.76242,2.25,2.48
2013.01.31 10:57:51.773,0.7622,0.76242,2.25,2.48
2013.01.31 10:57:52.320,0.76219,0.76241,2.25,2.48
2013.01.31 10:57:54.408,0.76219,0.76241,2.25,2.48
2013.01.31 10:57:54.758,0.76219,0.76241,2.25,2.48
2013.01.31 10:57:55.119,0.76217,0.76236,2.25,2.48
2013.01.31 10:57:55.628,0.76216,0.76236,2.25,3.98
2013.01.31 10:57:56.677,0.76216,0.76236,2.25,3.98
2013.01.31 10:57:57.331,0.76216,0.76236,2.25,3.98
2013.01.31 10:57:58.309,0.76216,0.76236,2.25,3.98
2013.01.31 10:57:58.432,0.76216,0.76236,2.25,2.25
2013.01.31 10:57:58.995,0.76216,0.76236,2.25,2.48
2013.01.31 10:58:00.249,0.76216,0.76236,2.25,2.48
2013.01.31 10:58:00.804,0.76216,0.76236,2.25,2.48
2013.01.31 10:58:02.580,0.76216,0.76236,2.25,2.25
2013.01.31 10:58:03.148,0.76216,0.76236,2.48,2.25
2013.01.31 10:58:08.870,0.76216,0.76236,2.25,2.25
2013.01.31 10:58:08.930,0.76216,0.76236,2.25,2.25
2013.01.31 10:58:09.354,0.76216,0.76236,2.25,2.25
2013.01.31 10:58:09.451,0.76216,0.76236,2.25,2.25
2013.01.31 10:58:09.879,0.76216,0.76236,2.25,2.25
2013.01.31 10:58:10.459,0.76216,0.76236,2.25,2.25
2013.01.31 10:58:10.894,0.76216,0.76236,2.25,2.25
2013.01.31 10:58:13.728,0.76218,0.76236,1.50,2.25
2013.01.31 10:58:14.030,0.76219,0.76241,2.48,2.85
2013.01.31 10:58:24.107,0.76219,0.76238,1.73,1.50
2013.01.31 10:58:26.019,0.76219,0.76241,2.48,2.48
2013.01.31 10:58:27.777,0.76219,0.76241,2.48,2.25
2013.01.31 10:58:28.210,0.76219,0.76241,2.48,2.25
2013.01.31 10:58:30.134,0.76219,0.76241,2.48,2.25
2013.01.31 10:58:34.109,0.76222,0.76242,1.73,2.48
2013.01.31 10:58:34.615,0.76222,0.76242,2.48,2.48
2013.01.31 10:58:35.168,0.76222,0.76242,2.48,2.48
2013.01.31 10:58:35.528,0.76222,0.76242,2.25,2.48
2013.01.31 10:58:35.748,0.76222,0.76242,2.48,2.48
2013.01.31 10:58:38.000,0.76226,0.76246,2.25,2.48
2013.01.31 10:58:38.061,0.76226,0.76246,2.25,2.48
2013.01.31 10:58:38.180,0.76226,0.76246,2.48,1.50
2013.01.31 10:58:38.241,0.7623,0.76251,2.48,1.73
2013.01.31 10:58:38.548,0.76235,0.76255,2.48,2.48
2013.01.31 10:58:39.369,0.76235,0.76255,2.25,2.48
2013.01.31 10:58:39.943,0.76235,0.76255,2.48,2.48
2013.01.31 10:58:40.910,0.76235,0.76255,2.48,2.48
2013.01.31 10:58:43.588,0.76238,0.76258,1.50,1.73
2013.01.31 10:58:47.228,0.76234,0.76256,2.48,2.48
2013.01.31 10:58:48.830,0.76234,0.76256,2.48,2.48
2013.01.31 10:58:49.031,0.76234,0.76256,2.48,2.25
2013.01.31 10:58:49.160,0.76234,0.76256,3.23,2.25
2013.01.31 10:58:49.699,0.76242,0.76263,1.50,1.73
2013.01.31 10:58:49.879,0.76242,0.76263,2.48,1.73
2013.01.31 10:58:50.178,0.76242,0.76263,2.48,1.73
2013.01.31 10:58:50.429,0.76242,0.76264,2.48,2.48
2013.01.31 10:58:55.031,0.76244,0.76263,1.50,3.23
2013.01.31 10:58:55.888,0.76243,0.76263,1.50,3.23
2013.01.31 10:58:56.387,0.76243,0.76263,2.25,2.48
2013.01.31 10:58:56.955,0.76243,0.76263,2.25,2.48
2013.01.31 10:58:57.022,0.76242,0.76264,2.48,3.23
2013.01.31 10:58:57.208,0.76242,0.76264,2.48,3.00
2013.01.31 10:58:57.639,0.76242,0.76264,2.48,3.00
2013.01.31 10:58:58.027,0.76248,0.76267,2.25,2.48
2013.01.31 10:58:58.664,0.76248,0.76263,1.50,1.73
2013.01.31 10:58:59.049,0.76248,0.76263,1.50,1.73
2013.01.31 10:58:59.767,0.76246,0.76265,2.25,2.48
2013.01.31 10:58:59.948,0.76242,0.76261,2.25,2.48
2013.01.31 10:59:00.636,0.76239,0.76261,2.25,2.48
2013.01.31 10:59:02.680,0.76239,0.76258,1.50,1.73
2013.01.31 10:59:04.054,0.76239,0.76261,2.25,2.48
2013.01.31 10:59:04.660,0.76239,0.76259,1.50,1.73
2013.01.31 10:59:04.719,0.76239,0.76261,2.25,2.48
2013.01.31 10:59:05.048,0.76239,0.76261,2.25,2.48
2013.01.31 10:59:06.268,0.76239,0.76258,1.50,1.73
2013.01.31 10:59:06.919,0.76239,0.76259,2.25,1.73
2013.01.31 10:59:09.611,0.76239,0.76258,1.50,1.73
2013.01.31 10:59:10.793,0.76239,0.76259,2.25,1.73
2013.01.31 10:59:11.127,0.76239,0.76258,1.50,1.73
2013.01.31 10:59:14.070,0.76238,0.76254,1.50,1.73
2013.01.31 10:59:14.129,0.76235,0.76254,1.50,1.73
2013.01.31 10:59:14.188,0.76235,0.76254,1.50,1.73
2013.01.31 10:59:14.547,0.76235,0.76254,1.50,2.48
2013.01.31 10:59:14.857,0.76232,0.76252,1.50,2.48
2013.01.31 10:59:15.489,0.76232,0.76252,1.50,2.48
2013.01.31 10:59:16.099,0.76232,0.76252,1.50,2.48
2013.01.31 10:59:18.248,0.76232,0.76252,1.50,2.48
2013.01.31 10:59:18.688,0.76239,0.76255,2.25,2.48
2013.01.31 10:59:18.868,0.76239,0.76259,2.25,3.23
2013.01.31 10:59:20.248,0.76239,0.76259,2.48,2.48
2013.01.31 10:59:20.427,0.76239,0.76259,2.48,1.73
2013.01.31 10:59:20.832,0.76239,0.76259,2.48,1.73
2013.01.31 10:59:20.899,0.76239,0.76259,2.48,1.50
2013.01.31 10:59:21.018,0.76239,0.76259,2.48,2.25
2013.01.31 10:59:21.258,0.76239,0.76258,2.25,1.73
2013.01.31 10:59:21.318,0.76239,0.76254,1.50,1.73
2013.01.31 10:59:21.439,0.76235,0.76254,2.25,1.73
2013.01.31 10:59:22.849,0.76235,0.76251,1.50,1.73
2013.01.31 10:59:23.028,0.76231,0.76251,2.25,3.23
2013.01.31 10:59:23.088,0.76231,0.76249,2.25,1.73
2013.01.31 10:59:23.449,0.76235,0.76253,2.25,1.73
2013.01.31 10:59:23.827,0.76235,0.76254,2.25,1.73
2013.01.31 10:59:24.249,0.76235,0.76254,1.73,1.50
2013.01.31 10:59:24.570,0.76235,0.76255,2.25,2.48
2013.01.31 10:59:24.868,0.76235,0.76253,1.50,1.73
2013.01.31 10:59:24.929,0.76235,0.76255,2.25,2.48
2013.01.31 10:59:24.988,0.76236,0.76255,2.25,2.48
2013.01.31 10:59:25.049,0.76238,0.76259,1.50,1.73
2013.01.31 10:59:25.837,0.76238,0.7626,2.25,2.48
2013.01.31 10:59:26.863,0.76238,0.76258,1.50,1.73
2013.01.31 10:59:27.653,0.76238,0.7626,2.25,2.48
2013.01.31 10:59:28.741,0.76238,0.76258,1.50,1.73
2013.01.31 10:59:29.141,0.76238,0.7626,2.25,2.48
2013.01.31 10:59:29.670,0.76238,0.7626,2.25,2.48
2013.01.31 10:59:30.029,0.76238,0.76259,2.25,1.73
2013.01.31 10:59:30.209,0.76243,0.76259,1.50,1.73
2013.01.31 10:59:30.718,0.76243,0.76263,2.48,2.48
2013.01.31 10:59:30.859,0.76243,0.76263,2.48,2.48
2013.01.31 10:59:30.918,0.76243,0.76263,1.73,2.48
2013.01.31 10:59:31.219,0.76243,0.76263,1.50,2.48
2013.01.31 10:59:31.337,0.76243,0.76263,1.50,2.48
2013.01.31 10:59:32.218,0.76243,0.76263,1.50,3.98
2013.01.31 10:59:32.519,0.76243,0.76263,1.50,3.98
2013.01.31 10:59:34.143,0.76243,0.76257,1.50,1.73
2013.01.31 10:59:34.268,0.76236,0.76256,3.23,2.48
2013.01.31 10:59:34.330,0.76236,0.76254,3.00,1.73
2013.01.31 10:59:34.449,0.76236,0.76253,2.25,1.50
2013.01.31 10:59:34.571,0.7624,0.76253,1.50,1.50
2013.01.31 10:59:37.988,0.76234,0.76254,2.48,1.50
2013.01.31 10:59:38.309,0.76239,0.76259,1.50,3.23
2013.01.31 10:59:38.607,0.76239,0.76259,2.48,3.23
2013.01.31 10:59:38.852,0.76242,0.76261,2.48,1.50
2013.01.31 10:59:39.388,0.76242,0.76263,2.48,1.50
2013.01.31 10:59:39.520,0.76242,0.76263,2.25,1.73
2013.01.31 10:59:40.147,0.76242,0.76263,2.25,2.10
2013.01.31 10:59:40.568,0.76242,0.76263,2.25,2.10
2013.01.31 10:59:41.329,0.76238,0.76259,1.50,1.73
2013.01.31 10:59:43.988,0.76234,0.76256,3.08,3.23
2013.01.31 10:59:44.128,0.76234,0.76254,2.85,1.73
2013.01.31 10:59:44.248,0.76238,0.76256,1.50,1.73
2013.01.31 10:59:44.458,0.76238,0.76258,1.73,1.73
2013.01.31 10:59:45.218,0.76238,0.76258,1.73,1.73
2013.01.31 10:59:45.338,0.76238,0.76258,1.50,1.73
2013.01.31 10:59:45.568,0.76238,0.76254,1.50,1.73
2013.01.31 10:59:46.299,0.76237,0.76254,1.50,1.73
2013.01.31 10:59:46.358,0.76235,0.76254,1.50,1.73
2013.01.31 10:59:46.419,0.76235,0.76254,1.50,1.73
2013.01.31 10:59:47.424,0.76235,0.76253,2.25,1.73
2013.01.31 10:59:47.968,0.76234,0.76253,2.25,1.73
2013.01.31 10:59:50.608,0.76234,0.76253,2.25,1.73
2013.01.31 10:59:50.729,0.76234,0.76253,2.25,1.73
2013.01.31 10:59:54.818,0.76231,0.76251,2.25,2.48
2013.01.31 10:59:55.218,0.76231,0.76251,2.25,2.48
2013.01.31 10:59:55.578,0.76231,0.76251,2.25,2.48
2013.01.31 10:59:59.328,0.76231,0.76251,2.25,2.48
