2013.01.22 06:00:00.239,0.74917,0.74939,2.48,2.25
2013.01.22 06:00:00.308,0.74917,0.74939,3.23,2.25
2013.01.22 06:00:00.374,0.74917,0.74939,2.48,2.25
2013.01.22 06:00:00.495,0.74915,0.74934,1.73,2.25
2013.01.22 06:00:01.074,0.74915,0.74934,2.48,2.25
2013.01.22 06:00:02.003,0.74917,0.74939,1.73,2.25
2013.01.22 06:00:04.674,0.74917,0.74939,1.73,2.48
2013.01.22 06:00:04.933,0.74917,0.74939,1.73,2.48
2013.01.22 06:00:06.063,0.74917,0.74939,2.48,2.48
2013.01.22 06:00:06.193,0.74917,0.74939,2.48,2.48
2013.01.22 06:00:06.813,0.74916,0.74934,2.48,1.50
2013.01.22 06:00:07.343,0.74915,0.74934,2.48,2.25
2013.01.22 06:00:07.652,0.74915,0.74934,2.48,1.50
2013.01.22 06:00:07.968,0.74916,0.74934,1.73,2.25
2013.01.22 06:00:08.335,0.74917,0.74939,1.73,2.25
2013.01.22 06:00:09.194,0.74917,0.74939,2.48,2.25
2013.01.22 06:00:10.924,0.74922,0.74941,2.48,2.25
2013.01.22 06:00:11.695,0.74924,0.74946,2.48,3.23
2013.01.22 06:00:12.084,0.74931,0.74946,1.50,1.73
2013.01.22 06:00:12.203,0.74931,0.7495,1.73,2.25
2013.01.22 06:00:12.743,0.74931,0.7495,2.48,1.50
2013.01.22 06:00:13.283,0.74931,0.74951,2.48,1.50
2013.01.22 06:00:14.073,0.74935,0.74955,1.50,3.60
2013.01.22 06:00:14.383,0.74935,0.74954,1.50,1.73
2013.01.22 06:00:14.623,0.74936,0.74954,1.50,1.73
2013.01.22 06:00:14.683,0.74938,0.74954,1.50,1.73
2013.01.22 06:00:15.234,0.74935,0.74955,1.50,2.10
2013.01.22 06:00:15.561,0.74935,0.74948,1.50,1.50
2013.01.22 06:00:15.623,0.74933,0.7495,1.50,2.48
2013.01.22 06:00:15.803,0.74927,0.7495,1.73,2.48
2013.01.22 06:00:16.225,0.74937,0.74953,1.50,1.73
2013.01.22 06:00:16.413,0.74937,0.74955,1.50,2.10
2013.01.22 06:00:16.993,0.7494,0.74956,1.50,1.35
2013.01.22 06:00:17.053,0.7494,0.74959,1.50,1.73
2013.01.22 06:00:17.414,0.7494,0.74958,1.50,1.73
2013.01.22 06:00:17.473,0.74936,0.74957,2.48,2.48
2013.01.22 06:00:17.533,0.74936,0.74957,2.25,2.48
2013.01.22 06:00:20.012,0.74936,0.74954,1.50,1.73
2013.01.22 06:00:20.582,0.74936,0.74957,2.25,2.48
2013.01.22 06:00:21.155,0.74936,0.74956,1.50,1.73
2013.01.22 06:00:21.483,0.74936,0.74956,1.50,1.73
2013.01.22 06:00:23.024,0.74936,0.74956,1.50,1.73
2013.01.22 06:00:23.574,0.74933,0.74954,1.73,2.48
2013.01.22 06:00:23.634,0.74933,0.74954,1.73,2.48
2013.01.22 06:00:23.993,0.74933,0.74954,1.73,2.48
2013.01.22 06:00:26.583,0.74933,0.74954,1.73,2.48
2013.01.22 06:00:26.647,0.74933,0.74954,1.73,3.23
2013.01.22 06:00:32.936,0.74931,0.7495,1.73,2.25
2013.01.22 06:00:33.319,0.7493,0.7495,1.73,2.48
2013.01.22 06:00:36.603,0.7493,0.7495,2.48,1.73
2013.01.22 06:00:36.723,0.7493,0.7495,2.48,1.50
2013.01.22 06:00:37.082,0.74937,0.74956,1.73,1.50
2013.01.22 06:00:37.142,0.74937,0.74958,2.48,1.73
2013.01.22 06:00:37.323,0.74937,0.74959,2.48,2.48
2013.01.22 06:00:37.382,0.74937,0.74959,2.48,2.48
2013.01.22 06:00:37.855,0.74942,0.74963,1.73,1.50
2013.01.22 06:00:38.394,0.74946,0.74967,1.50,1.73
2013.01.22 06:00:38.913,0.74946,0.74968,1.73,3.23
2013.01.22 06:00:39.524,0.74946,0.74968,2.48,2.48
2013.01.22 06:00:41.063,0.74946,0.74968,2.48,3.23
2013.01.22 06:00:41.364,0.74946,0.74963,1.50,1.73
2013.01.22 06:00:41.423,0.74946,0.74964,1.50,1.73
2013.01.22 06:00:43.686,0.74946,0.74964,1.50,1.73
2013.01.22 06:00:43.804,0.74942,0.74962,1.50,2.48
2013.01.22 06:00:48.163,0.74937,0.74958,2.48,2.48
2013.01.22 06:00:48.476,0.74938,0.74958,2.48,2.48
2013.01.22 06:00:50.653,0.7494,0.74962,1.50,3.23
2013.01.22 06:00:52.131,0.7494,0.74962,1.50,3.23
2013.01.22 06:00:52.254,0.7494,0.74962,1.50,3.23
2013.01.22 06:00:52.374,0.7494,0.74962,1.73,3.23
2013.01.22 06:00:52.877,0.7494,0.74962,1.50,3.23
2013.01.22 06:00:54.524,0.7494,0.74962,1.73,3.23
2013.01.22 06:00:54.863,0.7494,0.74962,2.48,2.25
2013.01.22 06:00:54.983,0.7494,0.74962,3.83,2.25
2013.01.22 06:00:56.702,0.74948,0.74969,1.73,3.23
2013.01.22 06:00:57.123,0.74952,0.74969,1.50,1.73
2013.01.22 06:00:57.444,0.74952,0.74969,1.50,1.73
2013.01.22 06:00:57.863,0.74945,0.74966,1.73,2.25
2013.01.22 06:00:57.983,0.74945,0.74966,1.73,3.23
2013.01.22 06:00:58.403,0.74949,0.74966,1.50,1.73
2013.01.22 06:01:02.393,0.74949,0.7497,1.73,3.23
2013.01.22 06:01:02.452,0.74949,0.7497,1.73,3.23
2013.01.22 06:01:02.753,0.74953,0.74974,1.73,2.48
2013.01.22 06:01:04.123,0.74953,0.74974,1.73,2.48
2013.01.22 06:01:04.183,0.7495,0.7497,1.73,2.48
2013.01.22 06:01:04.483,0.7495,0.7497,1.73,2.48
2013.01.22 06:01:04.547,0.7495,0.7497,1.73,2.25
2013.01.22 06:01:06.183,0.7495,0.7497,1.73,2.48
2013.01.22 06:01:09.193,0.74945,0.74966,1.73,2.25
2013.01.22 06:01:09.754,0.74945,0.74966,2.48,2.25
2013.01.22 06:01:09.813,0.74945,0.74966,2.48,2.25
2013.01.22 06:01:09.994,0.74945,0.74966,2.48,2.25
2013.01.22 06:01:10.523,0.74945,0.74966,1.73,2.25
2013.01.22 06:01:11.110,0.74945,0.74966,2.48,2.25
2013.01.22 06:01:11.653,0.74945,0.74966,1.73,2.48
2013.01.22 06:01:12.933,0.74945,0.74966,1.73,2.48
2013.01.22 06:01:12.993,0.74945,0.74966,1.50,2.48
2013.01.22 06:01:13.053,0.74941,0.74961,2.48,2.25
2013.01.22 06:01:13.173,0.74941,0.74961,2.48,1.50
2013.01.22 06:01:13.534,0.74941,0.74961,3.23,1.50
2013.01.22 06:01:13.813,0.74945,0.74964,1.73,2.25
2013.01.22 06:01:23.124,0.74945,0.74964,1.73,2.25
2013.01.22 06:01:25.214,0.74945,0.74964,2.48,2.25
2013.01.22 06:01:26.613,0.74948,0.74968,1.73,2.25
2013.01.22 06:01:26.673,0.74948,0.74968,1.73,1.50
2013.01.22 06:01:26.733,0.74948,0.74968,1.73,1.50
2013.01.22 06:01:27.330,0.74954,0.74973,1.50,2.63
2013.01.22 06:01:27.694,0.74947,0.74968,2.48,1.50
2013.01.22 06:01:28.343,0.74947,0.74968,1.73,1.73
2013.01.22 06:01:28.754,0.74947,0.74968,1.73,1.73
2013.01.22 06:01:31.804,0.74949,0.74968,2.25,1.73
2013.01.22 06:01:32.044,0.74954,0.74974,2.25,2.48
2013.01.22 06:01:32.163,0.74954,0.74973,2.48,2.48
2013.01.22 06:01:32.404,0.74954,0.74975,3.23,1.50
2013.01.22 06:01:34.343,0.74954,0.74975,2.48,2.25
2013.01.22 06:01:34.893,0.74954,0.74975,1.50,2.48
2013.01.22 06:01:36.693,0.74952,0.74971,2.48,1.73
2013.01.22 06:01:36.874,0.74951,0.74971,3.23,1.73
2013.01.22 06:01:37.336,0.74951,0.7497,1.50,2.48
2013.01.22 06:01:37.394,0.74947,0.74968,1.73,2.48
2013.01.22 06:01:39.103,0.74946,0.74968,1.50,2.48
2013.01.22 06:01:40.214,0.74946,0.74968,1.50,2.48
2013.01.22 06:01:41.057,0.74946,0.74968,1.73,2.48
2013.01.22 06:01:50.653,0.74946,0.74968,1.73,2.48
2013.01.22 06:01:50.963,0.74946,0.74968,1.73,2.48
2013.01.22 06:02:04.154,0.74946,0.74965,2.48,2.25
2013.01.22 06:02:35.264,0.74953,0.74969,1.50,1.73
2013.01.22 06:02:35.454,0.74953,0.74973,1.73,2.48
2013.01.22 06:02:38.812,0.74953,0.74973,1.50,3.23
2013.01.22 06:02:39.273,0.74953,0.74973,1.50,3.23
2013.01.22 06:02:41.283,0.74958,0.74975,1.50,1.73
2013.01.22 06:02:41.343,0.74958,0.74975,1.50,1.50
2013.01.22 06:02:41.403,0.74958,0.74975,1.50,1.50
2013.01.22 06:02:41.643,0.74958,0.74977,1.73,2.25
2013.01.22 06:02:41.763,0.74958,0.74977,1.73,2.25
2013.01.22 06:02:41.883,0.74962,0.74979,1.50,1.73
2013.01.22 06:02:42.002,0.74962,0.74982,1.73,2.48
2013.01.22 06:02:42.123,0.74962,0.74982,1.73,3.23
2013.01.22 06:02:42.393,0.74962,0.74982,1.73,3.23
2013.01.22 06:02:43.183,0.74954,0.74973,1.73,1.50
2013.01.22 06:02:43.303,0.74953,0.74973,1.73,1.73
2013.01.22 06:02:43.423,0.74953,0.74973,1.73,2.48
2013.01.22 06:02:43.543,0.74955,0.74975,1.50,1.73
2013.01.22 06:02:43.904,0.74955,0.74976,1.50,1.73
2013.01.22 06:02:44.400,0.7496,0.74976,1.50,1.73
2013.01.22 06:02:44.924,0.7496,0.74975,1.50,1.73
2013.01.22 06:02:45.043,0.74964,0.7498,1.50,2.10
2013.01.22 06:02:46.233,0.74961,0.74977,1.50,1.50
2013.01.22 06:02:46.474,0.74961,0.74976,1.50,1.73
2013.01.22 06:02:46.724,0.74958,0.74976,1.50,1.73
2013.01.22 06:02:46.843,0.74956,0.74974,1.50,1.73
2013.01.22 06:02:46.963,0.74953,0.74973,1.73,2.48
2013.01.22 06:02:47.584,0.74953,0.74971,1.50,1.73
2013.01.22 06:02:49.294,0.74957,0.74974,1.50,1.73
2013.01.22 06:02:49.927,0.74955,0.74973,1.50,1.73
2013.01.22 06:02:49.994,0.74952,0.74973,1.73,1.73
2013.01.22 06:02:50.233,0.74952,0.74974,2.48,3.23
2013.01.22 06:02:50.713,0.74952,0.74974,2.48,2.25
2013.01.22 06:02:51.663,0.74956,0.74977,1.73,3.23
2013.01.22 06:02:52.902,0.74956,0.74977,2.48,1.73
2013.01.22 06:02:53.023,0.74959,0.74981,1.50,2.48
2013.01.22 06:02:53.084,0.74959,0.74981,1.73,2.48
2013.01.22 06:02:53.453,0.74959,0.74981,1.73,2.25
2013.01.22 06:02:53.574,0.74959,0.74981,1.73,2.48
2013.01.22 06:02:53.784,0.74959,0.74978,1.73,1.50
2013.01.22 06:02:53.904,0.74959,0.74974,1.73,1.50
2013.01.22 06:02:54.023,0.74955,0.74974,2.10,1.50
2013.01.22 06:02:54.203,0.74955,0.74974,1.50,1.73
2013.01.22 06:02:54.333,0.74955,0.74973,1.50,1.73
2013.01.22 06:02:54.692,0.74955,0.74974,1.73,1.73
2013.01.22 06:02:55.063,0.74955,0.74974,1.50,1.73
2013.01.22 06:02:55.423,0.74956,0.74977,2.48,2.25
2013.01.22 06:02:55.483,0.74956,0.74977,2.48,1.50
2013.01.22 06:02:57.933,0.74956,0.74977,2.85,1.50
2013.01.22 06:02:58.193,0.74959,0.74981,2.48,2.25
2013.01.22 06:02:58.373,0.7496,0.74981,1.35,2.25
2013.01.22 06:02:58.936,0.74961,0.74981,1.50,1.50
2013.01.22 06:02:59.473,0.7496,0.74981,1.73,1.50
2013.01.22 06:02:59.713,0.74959,0.74981,2.48,2.25
2013.01.22 06:03:00.253,0.74959,0.74981,2.48,2.25
2013.01.22 06:03:00.373,0.74959,0.74981,2.10,2.25
2013.01.22 06:03:01.262,0.7496,0.74981,1.35,1.50
2013.01.22 06:03:01.323,0.7496,0.74981,1.35,1.50
2013.01.22 06:03:01.845,0.7496,0.74981,2.55,1.50
2013.01.22 06:03:05.413,0.74963,0.74984,2.48,1.50
2013.01.22 06:03:05.653,0.74967,0.74987,2.48,1.50
2013.01.22 06:03:05.833,0.74967,0.74987,2.85,1.50
2013.01.22 06:03:06.414,0.7497,0.74987,1.35,1.50
2013.01.22 06:03:06.746,0.74968,0.74987,1.20,1.50
2013.01.22 06:03:11.023,0.74967,0.74987,3.98,1.50
2013.01.22 06:03:11.205,0.74972,0.74992,1.73,1.50
2013.01.22 06:03:15.453,0.74971,0.74992,2.48,1.50
2013.01.22 06:03:16.003,0.7497,0.74992,3.98,2.25
2013.01.22 06:03:16.554,0.74966,0.74986,3.60,1.50
2013.01.22 06:03:16.914,0.74965,0.74982,1.50,1.50
2013.01.22 06:03:16.984,0.74958,0.74978,2.48,2.25
2013.01.22 06:03:17.044,0.74958,0.74978,2.48,2.25
2013.01.22 06:03:18.224,0.74956,0.74975,2.85,1.50
2013.01.22 06:03:18.775,0.74957,0.74979,2.48,1.50
2013.01.22 06:03:19.133,0.74962,0.74981,2.48,1.50
2013.01.22 06:03:24.074,0.74962,0.74981,2.48,1.50
2013.01.22 06:03:24.433,0.74961,0.74979,1.73,2.25
2013.01.22 06:03:24.764,0.74961,0.74979,1.73,1.50
2013.01.22 06:03:26.145,0.74961,0.74979,1.73,1.50
2013.01.22 06:03:28.216,0.7496,0.74979,2.85,1.50
2013.01.22 06:03:45.915,0.7496,0.74981,2.10,1.50
2013.01.22 06:03:50.845,0.74965,0.74985,1.73,2.48
2013.01.22 06:03:51.023,0.74966,0.74986,3.23,1.73
2013.01.22 06:03:53.046,0.74966,0.74986,2.48,1.73
2013.01.22 06:03:53.846,0.74966,0.74983,1.73,1.73
2013.01.22 06:03:54.474,0.74964,0.74983,1.35,1.50
2013.01.22 06:03:55.804,0.74964,0.74983,1.35,1.50
2013.01.22 06:03:56.043,0.7497,0.7499,1.73,1.50
2013.01.22 06:03:56.563,0.74971,0.7499,1.73,1.50
2013.01.22 06:03:57.674,0.7497,0.7499,2.48,2.25
2013.01.22 06:03:57.793,0.7497,0.7499,2.85,2.48
2013.01.22 06:03:58.213,0.74971,0.7499,2.48,1.50
2013.01.22 06:03:58.823,0.74972,0.74992,2.48,1.50
2013.01.22 06:03:59.413,0.74972,0.74994,2.48,2.48
2013.01.22 06:04:00.095,0.74972,0.74994,3.23,2.25
2013.01.22 06:04:00.596,0.74976,0.74994,1.73,1.50
2013.01.22 06:04:02.105,0.74976,0.74998,3.23,1.73
2013.01.22 06:04:02.163,0.74976,0.74998,3.60,1.50
2013.01.22 06:04:03.370,0.74976,0.74998,3.60,1.73
2013.01.22 06:04:03.495,0.74976,0.74998,3.60,1.50
2013.01.22 06:04:03.733,0.74976,0.74998,3.60,1.50
2013.01.22 06:04:03.854,0.74976,0.74998,3.60,1.50
2013.01.22 06:04:03.934,0.74976,0.74998,3.60,1.73
2013.01.22 06:04:04.064,0.74976,0.74998,3.60,1.50
2013.01.22 06:04:04.183,0.74976,0.74998,3.60,1.73
2013.01.22 06:04:04.243,0.74976,0.74995,2.85,1.50
2013.01.22 06:04:04.303,0.74974,0.74993,4.35,2.25
2013.01.22 06:04:04.614,0.74977,0.74999,1.73,2.48
2013.01.22 06:04:04.673,0.74977,0.74999,1.73,2.48
2013.01.22 06:04:04.854,0.74977,0.74999,2.48,2.48
2013.01.22 06:04:04.973,0.74977,0.74999,1.73,2.25
2013.01.22 06:04:05.093,0.74977,0.74999,2.48,2.25
2013.01.22 06:04:06.574,0.74984,0.75001,1.50,1.50
2013.01.22 06:04:06.694,0.74984,0.75004,1.73,2.25
2013.01.22 06:04:06.817,0.74984,0.75004,1.73,2.48
2013.01.22 06:04:07.114,0.74979,0.75001,1.73,1.50
2013.01.22 06:04:07.174,0.74979,0.75001,1.50,1.73
2013.01.22 06:04:07.729,0.74977,0.74997,3.00,1.50
2013.01.22 06:04:07.796,0.74975,0.74997,2.48,1.73
2013.01.22 06:04:08.885,0.74975,0.74997,1.73,2.48
2013.01.22 06:04:10.907,0.74973,0.74991,1.73,1.50
2013.01.22 06:04:12.406,0.74971,0.74991,2.48,2.25
2013.01.22 06:04:12.763,0.74979,0.74997,1.50,1.73
2013.01.22 06:04:14.733,0.74979,0.74999,2.48,2.48
2013.01.22 06:04:16.144,0.74979,0.74999,2.48,2.25
2013.01.22 06:04:16.204,0.74981,0.74999,1.73,1.50
2013.01.22 06:04:18.951,0.74984,0.75002,1.73,1.73
2013.01.22 06:04:19.021,0.74984,0.75004,2.48,2.25
2013.01.22 06:04:19.145,0.74984,0.75003,2.25,1.73
2013.01.22 06:04:19.205,0.74981,0.75,1.73,1.50
2013.01.22 06:04:19.333,0.74981,0.75,1.73,1.50
2013.01.22 06:04:22.234,0.74981,0.75,1.73,1.73
2013.01.22 06:04:23.554,0.74984,0.75003,1.73,1.50
2013.01.22 06:04:23.916,0.74986,0.75006,1.35,1.50
2013.01.22 06:04:25.313,0.74986,0.75006,2.10,1.73
2013.01.22 06:04:26.484,0.74984,0.75006,4.35,2.48
2013.01.22 06:04:27.504,0.74988,0.75009,1.73,2.48
2013.01.22 06:04:27.946,0.74988,0.75009,1.73,2.48
2013.01.22 06:04:30.155,0.74985,0.75005,1.35,2.48
2013.01.22 06:04:30.393,0.74984,0.75005,2.10,2.25
2013.01.22 06:04:30.954,0.74984,0.75005,2.10,2.25
2013.01.22 06:04:31.627,0.74986,0.75005,1.35,1.50
2013.01.22 06:04:32.034,0.74984,0.75005,2.85,2.48
2013.01.22 06:04:32.274,0.74984,0.75002,1.73,1.73
2013.01.22 06:04:32.784,0.7498,0.75001,1.73,1.50
2013.01.22 06:04:37.837,0.74981,0.75001,1.73,1.73
2013.01.22 06:04:39.784,0.74984,0.75002,1.50,1.73
2013.01.22 06:04:39.844,0.74984,0.75002,1.73,1.50
2013.01.22 06:04:40.249,0.74984,0.75004,2.48,1.50
2013.01.22 06:04:40.316,0.74984,0.75004,2.48,1.50
2013.01.22 06:04:42.233,0.74984,0.75004,2.48,1.50
2013.01.22 06:04:42.588,0.74984,0.75004,2.48,1.50
2013.01.22 06:04:44.813,0.74984,0.75004,2.48,1.50
2013.01.22 06:04:44.934,0.74984,0.75004,2.48,1.50
2013.01.22 06:04:45.244,0.74984,0.75004,1.73,2.25
2013.01.22 06:04:46.734,0.74981,0.75001,1.35,1.50
2013.01.22 06:04:46.794,0.74981,0.75001,1.35,1.50
2013.01.22 06:04:48.685,0.7498,0.75001,1.73,2.25
2013.01.22 06:04:49.424,0.7498,0.75001,1.73,2.48
2013.01.22 06:04:49.994,0.7498,0.75001,2.48,1.73
2013.01.22 06:04:51.383,0.7498,0.75001,2.48,1.73
2013.01.22 06:04:51.503,0.7498,0.75001,2.48,1.50
2013.01.22 06:04:54.993,0.74986,0.75006,2.48,1.50
2013.01.22 06:04:55.233,0.74986,0.75006,2.48,1.50
2013.01.22 06:04:55.923,0.74986,0.75006,2.48,1.50
2013.01.22 06:05:02.814,0.74986,0.75006,2.48,1.50
2013.01.22 06:05:10.233,0.7499,0.7501,1.73,2.48
2013.01.22 06:05:14.064,0.74993,0.75013,1.50,2.48
2013.01.22 06:05:14.183,0.74993,0.75014,2.48,1.73
2013.01.22 06:05:14.243,0.74993,0.75014,2.48,1.50
2013.01.22 06:05:14.552,0.74998,0.75015,2.48,1.50
2013.01.22 06:05:14.923,0.74998,0.75018,3.98,1.50
2013.01.22 06:05:15.893,0.75002,0.7502,1.73,1.50
2013.01.22 06:05:16.075,0.75002,0.75023,1.73,2.25
2013.01.22 06:05:19.043,0.75003,0.75022,2.48,1.50
2013.01.22 06:05:19.283,0.75002,0.75022,2.48,2.25
2013.01.22 06:05:19.343,0.75002,0.75022,2.48,2.48
2013.01.22 06:05:19.823,0.75002,0.75022,3.23,1.73
2013.01.22 06:05:20.363,0.75002,0.75022,3.23,1.50
2013.01.22 06:05:20.795,0.75003,0.75022,1.73,1.50
2013.01.22 06:05:21.331,0.75002,0.75022,4.35,1.50
2013.01.22 06:05:21.883,0.75009,0.75031,2.25,2.48
2013.01.22 06:05:22.424,0.75007,0.75026,1.73,1.73
2013.01.22 06:05:22.483,0.75009,0.75029,1.73,2.25
2013.01.22 06:05:22.924,0.75009,0.75031,3.23,1.50
2013.01.22 06:05:23.283,0.75009,0.75031,2.48,2.25
2013.01.22 06:05:24.014,0.75009,0.75031,2.48,2.48
2013.01.22 06:05:24.193,0.75009,0.75031,2.48,2.25
2013.01.22 06:05:24.833,0.75009,0.75031,2.85,2.25
2013.01.22 06:05:25.093,0.7501,0.75031,1.73,1.50
2013.01.22 06:05:25.629,0.75017,0.75039,2.48,2.48
2013.01.22 06:05:26.055,0.75017,0.75034,1.73,1.50
2013.01.22 06:05:26.414,0.75011,0.75029,1.73,1.50
2013.01.22 06:05:26.474,0.75011,0.75029,3.23,1.50
2013.01.22 06:05:26.984,0.75011,0.75029,2.48,1.50
2013.01.22 06:05:27.534,0.75011,0.75029,2.48,1.50
2013.01.22 06:05:28.794,0.75012,0.75032,1.73,1.50
2013.01.22 06:05:29.154,0.75012,0.75032,3.23,1.50
2013.01.22 06:05:29.214,0.75016,0.75035,1.73,2.25
2013.01.22 06:05:29.495,0.75016,0.75035,2.48,1.50
2013.01.22 06:05:29.693,0.75016,0.75035,2.48,1.50
2013.01.22 06:05:29.814,0.75016,0.75035,2.48,1.50
2013.01.22 06:05:30.284,0.75016,0.75035,3.23,1.50
2013.01.22 06:05:31.044,0.75019,0.75037,2.48,1.50
2013.01.22 06:05:31.164,0.75019,0.75039,2.48,1.50
2013.01.22 06:05:31.223,0.75023,0.75042,1.73,1.50
2013.01.22 06:05:31.927,0.75023,0.75043,1.73,2.48
2013.01.22 06:05:32.818,0.75026,0.75045,1.50,2.48
2013.01.22 06:05:33.003,0.75026,0.75048,2.48,2.85
2013.01.22 06:05:33.185,0.75026,0.75045,2.48,1.50
2013.01.22 06:05:33.543,0.75023,0.75043,1.73,2.25
2013.01.22 06:05:33.784,0.75023,0.75043,1.73,2.25
2013.01.22 06:05:34.153,0.7503,0.75046,1.50,1.35
2013.01.22 06:05:34.513,0.75034,0.75049,1.73,2.25
2013.01.22 06:05:34.989,0.7503,0.75047,1.50,1.73
2013.01.22 06:05:35.124,0.75026,0.75044,1.50,1.73
2013.01.22 06:05:35.183,0.75026,0.75044,1.50,1.73
2013.01.22 06:05:35.543,0.75026,0.75042,1.50,1.35
2013.01.22 06:05:35.828,0.75021,0.75043,2.48,2.10
2013.01.22 06:05:36.445,0.75021,0.75043,2.48,1.73
2013.01.22 06:05:36.874,0.75021,0.75043,1.73,2.48
2013.01.22 06:05:37.284,0.75021,0.75043,2.48,2.48
2013.01.22 06:05:39.264,0.75021,0.75043,2.48,2.48
2013.01.22 06:05:39.486,0.75021,0.75043,2.48,2.48
2013.01.22 06:05:39.604,0.75021,0.75043,2.48,2.25
2013.01.22 06:05:43.124,0.75021,0.75043,2.48,2.25
2013.01.22 06:05:43.567,0.75021,0.75043,2.48,2.48
2013.01.22 06:05:43.935,0.75021,0.75043,2.48,2.48
2013.01.22 06:05:44.325,0.75021,0.75043,2.48,2.48
2013.01.22 06:05:50.244,0.75021,0.75043,1.73,2.48
2013.01.22 06:05:54.954,0.75021,0.75043,1.73,2.48
2013.01.22 06:06:03.874,0.75019,0.7504,1.73,2.48
2013.01.22 06:06:04.054,0.75019,0.7504,1.73,2.25
2013.01.22 06:06:04.256,0.75019,0.7504,1.50,2.48
2013.01.22 06:06:04.634,0.75019,0.7504,1.73,2.48
2013.01.22 06:06:05.242,0.75019,0.7504,1.73,2.25
2013.01.22 06:06:16.514,0.75018,0.7504,1.73,2.48
2013.01.22 06:06:16.633,0.75018,0.7504,1.73,2.25
2013.01.22 06:06:17.714,0.75014,0.75033,3.23,1.50
2013.01.22 06:06:17.774,0.75014,0.75033,2.48,1.50
2013.01.22 06:06:17.834,0.75014,0.75033,2.48,1.50
2013.01.22 06:06:18.975,0.75014,0.75033,1.73,1.50
2013.01.22 06:06:19.819,0.75014,0.75033,1.50,1.73
2013.01.22 06:06:20.005,0.7501,0.7503,2.48,2.25
2013.01.22 06:06:20.124,0.7501,0.7503,1.73,3.23
2013.01.22 06:06:20.363,0.75008,0.75027,1.50,1.73
2013.01.22 06:06:20.925,0.75005,0.75027,2.48,1.73
2013.01.22 06:06:21.165,0.75005,0.75027,2.48,1.50
2013.01.22 06:06:21.710,0.7501,0.75029,1.50,2.48
2013.01.22 06:06:22.915,0.7501,0.75029,2.48,2.25
2013.01.22 06:06:24.833,0.7501,0.75029,2.48,2.48
2013.01.22 06:06:26.433,0.7501,0.75029,1.73,2.48
2013.01.22 06:06:26.683,0.7501,0.75029,2.48,2.48
2013.01.22 06:06:29.324,0.75012,0.75033,2.48,1.73
2013.01.22 06:06:29.503,0.75012,0.75033,2.48,1.73
2013.01.22 06:06:35.464,0.75008,0.7503,1.73,2.48
2013.01.22 06:06:35.894,0.75007,0.75026,1.73,1.50
2013.01.22 06:06:36.135,0.75004,0.75026,2.48,2.48
2013.01.22 06:06:36.739,0.75004,0.75026,1.73,2.48
2013.01.22 06:06:38.534,0.75004,0.75026,1.73,3.23
2013.01.22 06:06:52.303,0.75,0.75022,2.48,2.48
2013.01.22 06:06:56.329,0.74997,0.75018,2.48,2.25
2013.01.22 06:06:58.143,0.74997,0.75018,2.48,1.50
2013.01.22 06:07:00.745,0.74997,0.75017,1.73,1.50
2013.01.22 06:07:00.814,0.74997,0.75017,1.73,1.50
2013.01.22 06:07:00.874,0.74997,0.75017,1.73,2.25
2013.01.22 06:07:00.934,0.74997,0.75017,1.50,2.48
2013.01.22 06:07:01.134,0.74997,0.75017,1.50,3.23
2013.01.22 06:07:01.193,0.74993,0.75015,1.50,2.48
2013.01.22 06:07:01.743,0.74989,0.75011,1.73,2.25
2013.01.22 06:07:01.924,0.7499,0.75011,1.73,2.25
2013.01.22 06:07:02.304,0.74994,0.75014,2.48,2.48
2013.01.22 06:07:03.064,0.74994,0.75014,1.73,2.48
2013.01.22 06:07:03.365,0.74999,0.75015,1.50,1.73
2013.01.22 06:07:04.284,0.74999,0.75016,1.50,1.73
2013.01.22 06:07:06.034,0.74997,0.75015,1.50,2.48
2013.01.22 06:07:06.496,0.74995,0.75015,1.73,2.48
2013.01.22 06:07:11.104,0.74995,0.75015,2.48,2.48
2013.01.22 06:07:11.587,0.74995,0.75015,2.25,2.48
2013.01.22 06:07:11.763,0.74995,0.75015,2.48,2.48
2013.01.22 06:07:11.924,0.74998,0.75018,1.50,2.48
2013.01.22 06:07:12.343,0.74998,0.75016,1.50,1.73
2013.01.22 06:07:13.023,0.74998,0.75015,1.50,1.73
2013.01.22 06:07:13.424,0.74998,0.75019,1.50,3.60
2013.01.22 06:07:13.995,0.74998,0.75019,1.73,3.23
2013.01.22 06:07:14.674,0.74998,0.75019,1.73,3.00
2013.01.22 06:07:14.914,0.75002,0.75019,1.73,1.50
2013.01.22 06:07:16.734,0.75002,0.75022,1.73,2.25
2013.01.22 06:07:17.104,0.75002,0.75022,1.50,3.23
2013.01.22 06:07:18.189,0.75004,0.75022,1.50,3.23
2013.01.22 06:07:18.898,0.75005,0.75022,1.50,1.73
2013.01.22 06:07:23.935,0.75005,0.75024,1.50,1.73
2013.01.22 06:07:24.054,0.75001,0.75022,1.50,2.48
2013.01.22 06:07:24.234,0.74998,0.75017,1.50,1.35
2013.01.22 06:07:26.695,0.74998,0.75018,1.50,3.60
2013.01.22 06:07:26.754,0.74998,0.75018,1.73,3.38
2013.01.22 06:07:27.114,0.74998,0.75018,1.73,2.48
2013.01.22 06:07:27.634,0.74998,0.75016,1.50,1.73
2013.01.22 06:07:28.004,0.74998,0.75016,1.50,1.73
2013.01.22 06:07:28.395,0.75002,0.75019,1.50,1.73
2013.01.22 06:07:29.014,0.75002,0.75019,1.50,1.73
2013.01.22 06:07:29.594,0.75002,0.75019,1.50,1.73
2013.01.22 06:07:34.604,0.75002,0.75021,2.25,2.48
2013.01.22 06:07:48.744,0.75005,0.75022,1.50,1.73
2013.01.22 06:07:49.105,0.75007,0.75026,1.50,3.23
2013.01.22 06:07:50.115,0.75007,0.75026,1.50,1.73
2013.01.22 06:07:50.430,0.75007,0.75026,1.73,1.50
2013.01.22 06:07:50.554,0.75007,0.75028,1.73,1.73
2013.01.22 06:07:50.674,0.75011,0.75029,1.73,2.25
2013.01.22 06:07:51.213,0.75014,0.75034,1.50,1.73
2013.01.22 06:07:54.163,0.75014,0.75036,1.50,3.23
2013.01.22 06:07:54.284,0.7501,0.75032,1.73,2.48
2013.01.22 06:07:54.343,0.7501,0.75032,1.50,2.48
2013.01.22 06:07:54.704,0.75007,0.75027,1.50,2.48
2013.01.22 06:07:57.557,0.75002,0.75023,2.48,2.48
2013.01.22 06:07:57.848,0.75006,0.75023,1.50,2.48
2013.01.22 06:07:58.155,0.75008,0.75025,1.50,1.73
2013.01.22 06:07:58.464,0.75008,0.75025,1.50,1.73
2013.01.22 06:07:58.583,0.75008,0.75027,1.50,3.60
2013.01.22 06:07:59.165,0.75008,0.75027,1.50,1.73
2013.01.22 06:07:59.354,0.75003,0.75025,1.73,3.23
2013.01.22 06:08:01.974,0.75008,0.75025,1.50,1.73
2013.01.22 06:08:02.045,0.75008,0.75025,1.73,1.50
2013.01.22 06:08:02.224,0.75008,0.75028,1.50,2.48
2013.01.22 06:08:02.466,0.75008,0.75026,1.50,1.73
2013.01.22 06:08:03.428,0.75008,0.75028,1.50,3.23
2013.01.22 06:08:03.503,0.75008,0.75028,1.73,2.48
2013.01.22 06:08:03.683,0.75008,0.75028,1.50,2.48
2013.01.22 06:08:04.897,0.75008,0.75027,1.73,1.50
2013.01.22 06:08:06.373,0.75008,0.75028,1.73,2.48
2013.01.22 06:08:06.563,0.75011,0.7503,1.50,2.48
2013.01.22 06:08:06.924,0.75014,0.75033,1.50,3.23
2013.01.22 06:08:07.128,0.75014,0.75033,1.50,1.73
2013.01.22 06:08:07.878,0.75014,0.75034,2.25,2.48
2013.01.22 06:08:08.004,0.75014,0.75035,2.48,1.73
2013.01.22 06:08:08.064,0.75014,0.75035,1.73,1.73
2013.01.22 06:08:08.973,0.75014,0.75035,1.73,1.73
2013.01.22 06:08:10.884,0.75014,0.75035,1.73,1.73
2013.01.22 06:08:11.644,0.75014,0.75036,1.73,3.23
2013.01.22 06:08:11.875,0.75014,0.75035,1.73,1.73
2013.01.22 06:08:13.330,0.75017,0.75035,1.50,1.73
2013.01.22 06:08:13.854,0.75018,0.75037,1.50,1.73
2013.01.22 06:08:15.964,0.75018,0.75038,1.50,1.73
2013.01.22 06:08:16.024,0.75018,0.75038,1.73,1.50
2013.01.22 06:08:16.574,0.75022,0.7504,1.50,1.73
2013.01.22 06:08:17.384,0.75022,0.75042,1.73,3.23
2013.01.22 06:08:17.890,0.75022,0.75038,1.50,1.73
2013.01.22 06:08:23.223,0.75022,0.75042,2.25,3.23
2013.01.22 06:08:23.283,0.75022,0.75042,2.48,3.23
2013.01.22 06:08:23.524,0.75022,0.75042,2.48,2.25
2013.01.22 06:08:24.027,0.75022,0.75042,2.48,2.25
2013.01.22 06:08:24.708,0.75022,0.75042,2.48,2.25
2013.01.22 06:08:25.257,0.75026,0.75047,1.73,3.23
2013.01.22 06:08:25.807,0.75026,0.75046,1.50,1.73
2013.01.22 06:08:28.415,0.75023,0.75043,1.73,2.48
2013.01.22 06:08:28.594,0.75023,0.75043,1.73,2.48
2013.01.22 06:08:30.404,0.75023,0.75043,1.50,2.48
2013.01.22 06:08:30.704,0.75019,0.7504,1.50,3.23
2013.01.22 06:08:34.754,0.75019,0.75037,1.50,1.73
2013.01.22 06:08:35.064,0.75016,0.75036,1.50,2.48
2013.01.22 06:08:38.294,0.75016,0.75035,1.50,1.73
2013.01.22 06:08:38.474,0.75012,0.75032,1.73,1.73
2013.01.22 06:08:40.684,0.75012,0.75033,1.73,2.48
2013.01.22 06:08:43.225,0.75018,0.75038,1.73,2.48
2013.01.22 06:08:43.753,0.75018,0.75038,1.50,2.48
2013.01.22 06:08:44.235,0.75018,0.75036,1.73,1.35
2013.01.22 06:08:45.064,0.7502,0.75038,1.50,2.48
2013.01.22 06:08:45.624,0.75021,0.75043,1.50,3.98
2013.01.22 06:08:46.963,0.75021,0.7504,1.50,1.73
2013.01.22 06:08:47.473,0.75018,0.75038,1.73,2.25
2013.01.22 06:08:48.485,0.75018,0.75038,1.73,2.25
2013.01.22 06:08:48.605,0.75018,0.75038,1.50,2.48
2013.01.22 06:08:48.784,0.75013,0.75033,1.50,1.73
2013.01.22 06:08:51.476,0.75013,0.75033,1.73,1.73
2013.01.22 06:08:51.984,0.75013,0.75032,1.50,1.73
2013.01.22 06:08:52.804,0.75018,0.75033,1.50,1.73
2013.01.22 06:08:53.704,0.75018,0.75037,1.73,2.25
2013.01.22 06:08:55.125,0.75018,0.75037,1.50,2.48
2013.01.22 06:08:55.704,0.75018,0.75036,1.50,1.73
2013.01.22 06:08:56.165,0.75014,0.75035,1.35,2.48
2013.01.22 06:08:56.523,0.75014,0.75035,1.35,2.25
2013.01.22 06:08:59.054,0.75025,0.7504,1.50,1.73
2013.01.22 06:08:59.174,0.75025,0.75042,1.50,1.73
2013.01.22 06:09:02.535,0.75025,0.75045,1.50,2.85
2013.01.22 06:09:08.203,0.75021,0.75042,1.50,2.48
2013.01.22 06:09:11.044,0.75017,0.75039,1.73,2.48
2013.01.22 06:09:11.784,0.75017,0.75039,1.73,2.48
2013.01.22 06:09:13.705,0.75022,0.75041,1.50,2.48
2013.01.22 06:09:23.764,0.75022,0.75042,1.50,2.48
2013.01.22 06:09:24.443,0.75026,0.75044,1.50,2.48
2013.01.22 06:09:24.984,0.75023,0.75043,1.73,2.48
2013.01.22 06:09:25.176,0.75021,0.75043,1.73,2.48
2013.01.22 06:09:25.724,0.75021,0.75043,1.73,2.48
2013.01.22 06:09:28.174,0.75022,0.75043,1.50,2.48
2013.01.22 06:09:28.324,0.75026,0.75045,1.50,1.35
2013.01.22 06:09:28.987,0.75026,0.75046,1.73,2.48
2013.01.22 06:09:31.394,0.75026,0.75046,1.50,2.48
2013.01.22 06:09:31.705,0.75021,0.75043,1.73,2.48
2013.01.22 06:09:35.284,0.75019,0.75038,1.50,2.48
2013.01.22 06:09:36.555,0.75019,0.75038,1.50,2.48
2013.01.22 06:09:36.674,0.75013,0.75033,2.10,2.48
2013.01.22 06:09:37.174,0.75017,0.75035,1.50,1.73
2013.01.22 06:09:37.234,0.75017,0.75035,1.73,1.73
2013.01.22 06:09:37.665,0.75017,0.75038,1.73,2.48
2013.01.22 06:09:38.224,0.75017,0.75037,1.73,1.73
2013.01.22 06:09:38.615,0.75017,0.75037,1.73,1.73
2013.01.22 06:09:39.354,0.75017,0.75038,1.73,2.48
2013.01.22 06:09:39.704,0.7502,0.75041,1.50,2.10
2013.01.22 06:09:41.034,0.75023,0.75041,1.50,2.10
2013.01.22 06:09:41.515,0.75019,0.75039,1.50,1.73
2013.01.22 06:09:41.738,0.75019,0.75039,1.50,2.36
2013.01.22 06:09:41.924,0.75019,0.75036,1.50,1.73
2013.01.22 06:09:42.429,0.75019,0.75039,1.50,1.56
2013.01.22 06:09:47.221,0.75019,0.75038,1.50,1.73
2013.01.22 06:09:48.735,0.75019,0.75038,1.50,1.73
2013.01.22 06:09:48.854,0.75023,0.75038,1.50,1.73
2013.01.22 06:09:49.034,0.75018,0.75038,1.50,1.73
2013.01.22 06:09:51.214,0.75018,0.75038,1.50,1.73
2013.01.22 06:09:58.193,0.75018,0.75035,1.50,1.73
2013.01.22 06:09:59.800,0.75018,0.75035,1.50,1.73
2013.01.22 06:10:04.074,0.75018,0.7504,1.73,2.48
2013.01.22 06:10:04.954,0.75018,0.7504,1.73,2.48
2013.01.22 06:10:05.199,0.75018,0.7504,1.73,3.23
2013.01.22 06:10:06.223,0.75023,0.7504,1.50,1.73
2013.01.22 06:10:06.284,0.75023,0.75042,1.50,2.48
2013.01.22 06:10:07.263,0.75023,0.75042,1.50,2.48
2013.01.22 06:10:14.064,0.75024,0.7504,1.50,1.73
2013.01.22 06:10:14.185,0.75025,0.75043,1.50,1.73
2013.01.22 06:10:15.774,0.75025,0.75043,1.50,1.73
2013.01.22 06:10:17.136,0.75024,0.75041,1.50,3.23
2013.01.22 06:10:17.195,0.75022,0.75041,1.50,3.23
2013.01.22 06:10:17.934,0.75016,0.75037,2.48,1.73
2013.01.22 06:10:17.994,0.75016,0.75037,2.25,1.73
2013.01.22 06:10:18.060,0.75016,0.75036,1.50,1.73
2013.01.22 06:10:18.364,0.75015,0.75032,1.50,1.50
2013.01.22 06:10:18.485,0.75013,0.75032,1.50,3.23
2013.01.22 06:10:18.724,0.75008,0.75029,1.50,2.48
2013.01.22 06:10:18.783,0.75007,0.75024,1.50,2.48
2013.01.22 06:10:18.844,0.75005,0.75024,1.50,2.48
2013.01.22 06:10:19.503,0.75005,0.75023,1.50,1.73
2013.01.22 06:10:20.686,0.75,0.75021,1.73,1.73
2013.01.22 06:10:22.073,0.75,0.75021,2.48,1.73
2013.01.22 06:10:22.195,0.75005,0.75021,1.50,1.73
2013.01.22 06:10:22.254,0.75008,0.75021,1.50,1.73
2013.01.22 06:10:22.625,0.75008,0.75026,1.50,1.73
2013.01.22 06:10:23.179,0.75008,0.75026,1.73,1.73
2013.01.22 06:10:23.804,0.75008,0.75026,1.50,1.73
2013.01.22 06:10:24.054,0.75006,0.75025,3.00,2.48
2013.01.22 06:10:24.914,0.75006,0.75023,1.50,1.73
2013.01.22 06:10:26.226,0.75003,0.75021,1.50,1.73
2013.01.22 06:10:27.943,0.75006,0.75021,1.50,1.73
2013.01.22 06:10:29.755,0.7501,0.75023,1.50,1.73
2013.01.22 06:10:29.994,0.75005,0.75024,1.73,1.73
2013.01.22 06:10:32.964,0.75009,0.75026,1.50,1.73
2013.01.22 06:10:33.025,0.75009,0.75028,1.50,1.73
2013.01.22 06:10:38.524,0.75009,0.75028,1.73,1.73
2013.01.22 06:10:38.586,0.75016,0.75028,1.50,1.73
2013.01.22 06:10:38.884,0.75017,0.75033,1.50,1.73
2013.01.22 06:10:39.004,0.75021,0.75035,1.50,2.48
2013.01.22 06:10:41.784,0.75025,0.75037,1.50,1.73
2013.01.22 06:10:41.845,0.75025,0.75042,1.50,1.73
2013.01.22 06:10:42.624,0.75025,0.75042,1.50,1.73
2013.01.22 06:10:42.994,0.75021,0.75039,1.50,1.73
2013.01.22 06:10:44.395,0.75024,0.75043,1.50,3.23
2013.01.22 06:10:44.895,0.75025,0.75043,1.50,1.73
2013.01.22 06:10:45.134,0.75024,0.75043,1.50,1.73
2013.01.22 06:10:45.266,0.75021,0.75038,1.50,1.73
2013.01.22 06:10:53.535,0.75017,0.75036,1.73,2.48
2013.01.22 06:10:56.345,0.75017,0.75036,1.50,3.23
2013.01.22 06:10:58.324,0.75012,0.75033,1.73,2.48
2013.01.22 06:10:58.386,0.75012,0.75033,1.50,2.48
2013.01.22 06:11:00.564,0.75012,0.75031,1.73,1.50
2013.01.22 06:11:02.314,0.75012,0.75033,2.48,2.48
2013.01.22 06:11:02.674,0.75018,0.75037,1.50,3.23
2013.01.22 06:11:03.183,0.75019,0.75039,1.50,1.73
2013.01.22 06:11:03.964,0.75019,0.75041,1.73,2.48
2013.01.22 06:11:05.317,0.75019,0.75041,1.73,2.48
2013.01.22 06:11:05.617,0.75019,0.75041,1.73,2.48
2013.01.22 06:11:09.274,0.75019,0.75041,1.73,2.25
2013.01.22 06:11:09.464,0.75021,0.75041,1.35,2.48
2013.01.22 06:11:10.224,0.75019,0.75041,3.23,2.48
2013.01.22 06:11:10.584,0.75019,0.75041,1.50,2.48
2013.01.22 06:11:10.764,0.75015,0.75037,2.10,2.48
2013.01.22 06:11:16.954,0.75015,0.75037,1.73,2.48
2013.01.22 06:11:17.374,0.75011,0.75033,1.73,2.48
2013.01.22 06:11:17.886,0.75008,0.75027,1.73,2.48
2013.01.22 06:11:22.307,0.75008,0.75027,1.73,2.48
2013.01.22 06:11:22.544,0.75005,0.75023,1.50,2.25
2013.01.22 06:11:22.604,0.75004,0.75023,1.50,2.48
2013.01.22 06:11:22.965,0.75004,0.75023,1.50,2.48
2013.01.22 06:11:23.963,0.74999,0.75021,1.73,2.48
2013.01.22 06:11:26.605,0.74999,0.75021,1.73,2.48
2013.01.22 06:11:26.906,0.75004,0.75019,1.50,1.73
2013.01.22 06:11:27.443,0.75004,0.75024,1.50,2.48
2013.01.22 06:11:27.564,0.75004,0.75024,1.50,2.48
2013.01.22 06:11:27.759,0.75007,0.75026,1.50,1.73
2013.01.22 06:11:28.214,0.75007,0.75029,2.25,3.23
2013.01.22 06:11:28.453,0.75007,0.75029,2.48,3.23
2013.01.22 06:11:29.455,0.75007,0.75029,2.48,3.23
2013.01.22 06:11:29.516,0.7501,0.75029,2.48,3.00
2013.01.22 06:11:32.315,0.75014,0.75033,1.50,2.48
2013.01.22 06:11:32.641,0.75016,0.75034,1.50,1.73
2013.01.22 06:11:33.706,0.75016,0.75033,1.50,1.73
2013.01.22 06:11:37.708,0.75016,0.75034,1.73,1.50
2013.01.22 06:11:37.835,0.75016,0.75035,1.73,2.25
2013.01.22 06:11:37.895,0.75016,0.75035,1.50,2.48
2013.01.22 06:11:41.464,0.75016,0.75035,2.48,2.48
2013.01.22 06:11:41.834,0.75023,0.7504,1.50,1.73
2013.01.22 06:11:42.195,0.75023,0.7504,1.50,2.48
2013.01.22 06:11:42.434,0.75019,0.75039,1.50,1.73
2013.01.22 06:11:44.284,0.75019,0.75037,1.50,1.73
2013.01.22 06:11:44.345,0.75014,0.75036,2.48,2.48
2013.01.22 06:11:44.404,0.75014,0.75036,2.25,2.48
2013.01.22 06:11:44.464,0.75014,0.75036,1.50,2.48
2013.01.22 06:11:44.707,0.75018,0.75037,1.50,2.48
2013.01.22 06:11:45.995,0.75018,0.75037,1.50,1.73
2013.01.22 06:11:46.545,0.75018,0.75037,1.50,1.73
2013.01.22 06:11:52.035,0.75018,0.75038,1.73,1.73
2013.01.22 06:11:52.474,0.75018,0.7504,1.73,2.48
2013.01.22 06:11:52.535,0.75022,0.75042,1.50,1.73
2013.01.22 06:11:52.894,0.75018,0.75038,1.50,1.73
2013.01.22 06:11:52.954,0.75018,0.75036,1.50,1.73
2013.01.22 06:11:53.734,0.75023,0.75038,1.50,1.50
2013.01.22 06:11:55.024,0.75023,0.75043,1.50,2.48
2013.01.22 06:11:55.327,0.75023,0.7504,1.50,1.73
2013.01.22 06:11:58.104,0.75023,0.7504,1.50,1.73
2013.01.22 06:12:04.936,0.75026,0.75043,1.50,1.73
2013.01.22 06:12:05.145,0.75026,0.75043,1.50,1.73
2013.01.22 06:12:06.475,0.7503,0.75046,1.50,1.73
2013.01.22 06:12:07.025,0.7503,0.75047,1.50,1.35
2013.01.22 06:12:07.944,0.7503,0.75045,1.50,2.36
2013.01.22 06:12:08.064,0.75026,0.75045,1.50,1.73
2013.01.22 06:12:08.184,0.75029,0.75045,1.50,1.73
2013.01.22 06:12:09.505,0.75029,0.75043,1.50,1.73
2013.01.22 06:12:09.564,0.75029,0.75043,1.50,1.73
2013.01.22 06:12:10.915,0.75029,0.75043,1.50,1.73
2013.01.22 06:12:10.985,0.75025,0.75043,1.50,1.73
2013.01.22 06:12:11.344,0.75021,0.75042,1.50,1.73
2013.01.22 06:12:11.464,0.75021,0.75041,1.50,1.56
2013.01.22 06:12:11.884,0.75021,0.75038,1.50,1.73
2013.01.22 06:12:14.075,0.75021,0.7504,1.50,1.73
2013.01.22 06:12:15.876,0.75021,0.75039,1.50,1.73
2013.01.22 06:12:15.935,0.75018,0.75038,1.50,2.48
2013.01.22 06:12:15.996,0.75018,0.75038,1.73,2.48
2013.01.22 06:12:16.316,0.7502,0.75038,1.50,2.48
2013.01.22 06:12:16.644,0.7503,0.75045,1.50,1.73
2013.01.22 06:12:16.824,0.75033,0.75049,1.73,1.13
2013.01.22 06:12:17.502,0.75033,0.75055,1.73,2.48
2013.01.22 06:12:18.040,0.75033,0.75055,1.50,2.48
2013.01.22 06:12:18.545,0.75033,0.75055,1.73,2.48
2013.01.22 06:12:18.945,0.75033,0.75055,1.50,2.48
2013.01.22 06:12:19.304,0.75033,0.75053,1.50,1.73
2013.01.22 06:12:19.644,0.7503,0.75049,1.50,2.48
2013.01.22 06:12:20.174,0.7503,0.75049,1.50,2.48
2013.01.22 06:12:20.237,0.75034,0.75054,1.50,3.23
2013.01.22 06:12:21.851,0.75034,0.75055,1.73,1.73
2013.01.22 06:12:21.922,0.75034,0.75055,1.73,1.73
2013.01.22 06:12:23.674,0.75034,0.75055,1.73,1.73
2013.01.22 06:12:23.794,0.75034,0.75054,1.73,1.73
2013.01.22 06:12:24.595,0.75034,0.75056,1.73,2.25
2013.01.22 06:12:24.714,0.75039,0.75061,1.73,2.48
2013.01.22 06:12:26.042,0.75039,0.75061,1.73,3.23
2013.01.22 06:12:27.223,0.75045,0.7506,1.50,1.73
2013.01.22 06:12:27.745,0.75041,0.7506,1.73,1.73
2013.01.22 06:12:28.386,0.75045,0.7506,1.50,1.73
2013.01.22 06:12:28.564,0.75045,0.75062,1.73,1.50
2013.01.22 06:12:28.864,0.75045,0.75064,1.73,2.25
2013.01.22 06:12:29.605,0.75045,0.75064,1.73,2.25
2013.01.22 06:12:29.725,0.75045,0.75064,1.73,2.25
2013.01.22 06:12:30.175,0.7505,0.75068,1.50,2.48
2013.01.22 06:12:30.484,0.75056,0.75072,1.73,1.50
2013.01.22 06:12:31.355,0.75053,0.75073,1.73,2.25
2013.01.22 06:12:31.475,0.75053,0.75073,1.73,2.25
2013.01.22 06:12:31.595,0.75053,0.75073,1.73,2.48
2013.01.22 06:12:31.834,0.75049,0.75069,1.73,2.48
2013.01.22 06:12:32.194,0.75049,0.75069,1.73,2.25
2013.01.22 06:12:32.254,0.75049,0.75069,1.50,2.48
2013.01.22 06:12:32.556,0.75046,0.75065,1.50,2.48
2013.01.22 06:12:33.005,0.75041,0.75061,1.73,2.25
2013.01.22 06:12:33.125,0.75037,0.75057,1.73,2.48
2013.01.22 06:12:33.245,0.75037,0.75057,1.50,2.48
2013.01.22 06:12:33.364,0.75035,0.75054,3.23,2.48
2013.01.22 06:12:33.625,0.75033,0.75054,1.73,2.48
2013.01.22 06:12:33.745,0.75033,0.75054,1.73,2.25
2013.01.22 06:12:34.435,0.75037,0.75058,1.73,3.23
2013.01.22 06:12:34.498,0.75037,0.75058,2.48,3.23
2013.01.22 06:12:34.674,0.75037,0.75058,2.48,2.25
2013.01.22 06:12:35.974,0.75039,0.75058,1.73,2.25
2013.01.22 06:12:36.094,0.75036,0.75058,1.73,2.48
2013.01.22 06:12:36.214,0.75036,0.75058,1.73,2.48
2013.01.22 06:12:37.845,0.75036,0.75058,1.73,2.48
2013.01.22 06:12:38.004,0.75036,0.75056,1.73,1.73
2013.01.22 06:12:38.064,0.75036,0.75056,1.73,1.73
2013.01.22 06:12:38.406,0.75036,0.75053,1.73,1.73
2013.01.22 06:12:39.144,0.75036,0.75055,1.73,1.73
2013.01.22 06:12:39.205,0.75036,0.75058,1.73,2.25
2013.01.22 06:12:39.834,0.75036,0.75058,2.48,2.25
2013.01.22 06:12:40.260,0.75036,0.75058,1.73,3.23
2013.01.22 06:12:41.064,0.75036,0.75058,2.48,1.73
2013.01.22 06:12:41.254,0.75036,0.75058,2.48,1.50
2013.01.22 06:12:41.755,0.7504,0.7506,1.73,1.73
2013.01.22 06:12:42.114,0.75044,0.75065,1.73,1.73
2013.01.22 06:12:42.486,0.75044,0.75065,1.73,1.73
2013.01.22 06:12:42.664,0.7505,0.75065,1.73,1.50
2013.01.22 06:12:44.194,0.75046,0.75067,1.73,2.48
2013.01.22 06:12:44.316,0.75046,0.75066,1.50,1.73
2013.01.22 06:12:45.294,0.75051,0.75071,2.25,2.48
2013.01.22 06:12:45.416,0.75064,0.75081,1.50,2.25
2013.01.22 06:12:45.535,0.75064,0.75084,1.50,1.73
2013.01.22 06:12:45.594,0.75068,0.75084,1.73,1.50
2013.01.22 06:12:45.655,0.75068,0.75089,1.73,1.73
2013.01.22 06:12:46.075,0.75068,0.75089,1.73,1.73
2013.01.22 06:12:46.194,0.75068,0.7509,1.73,3.23
2013.01.22 06:12:46.434,0.75068,0.7509,1.73,3.23
2013.01.22 06:12:47.724,0.75071,0.7509,1.73,2.48
2013.01.22 06:12:47.790,0.75072,0.75094,1.50,3.38
2013.01.22 06:12:47.914,0.75074,0.75093,1.50,1.35
2013.01.22 06:12:48.284,0.75074,0.75095,1.50,1.73
2013.01.22 06:12:48.744,0.75074,0.75093,1.50,1.73
2013.01.22 06:12:48.864,0.75069,0.75093,1.73,1.73
2013.01.22 06:12:49.105,0.75069,0.75094,1.73,3.23
2013.01.22 06:12:49.285,0.75069,0.75094,1.50,3.23
2013.01.22 06:12:49.835,0.75066,0.75092,2.48,1.73
2013.01.22 06:12:49.897,0.75066,0.75092,2.48,1.73
2013.01.22 06:12:50.194,0.75066,0.75092,1.73,1.73
2013.01.22 06:12:50.836,0.75066,0.75093,1.50,1.32
2013.01.22 06:12:50.955,0.75071,0.75089,1.50,1.73
2013.01.22 06:12:51.075,0.75067,0.75086,1.50,1.73
2013.01.22 06:12:51.195,0.75067,0.75086,1.50,1.73
2013.01.22 06:12:51.855,0.75071,0.75088,1.50,1.73
2013.01.22 06:12:52.715,0.75068,0.75088,1.50,2.48
2013.01.22 06:12:54.867,0.75065,0.75084,3.00,2.48
2013.01.22 06:12:55.233,0.75065,0.75084,1.50,2.48
2013.01.22 06:12:55.664,0.75065,0.75084,1.50,2.48
2013.01.22 06:12:57.074,0.75065,0.75084,1.50,2.48
2013.01.22 06:12:58.024,0.75065,0.7508,1.50,1.35
2013.01.22 06:12:58.084,0.75059,0.7508,1.73,2.85
2013.01.22 06:12:58.207,0.75055,0.75076,1.88,2.48
2013.01.22 06:12:58.269,0.75055,0.75074,1.50,1.73
2013.01.22 06:12:58.774,0.75055,0.75072,1.50,2.13
2013.01.22 06:12:59.134,0.75052,0.75072,1.50,3.84
2013.01.22 06:12:59.374,0.75047,0.75068,1.50,1.73
2013.01.22 06:13:00.125,0.75044,0.75066,1.50,1.73
2013.01.22 06:13:00.655,0.75044,0.75063,1.50,1.73
2013.01.22 06:13:00.774,0.75039,0.75063,1.50,2.02
2013.01.22 06:13:01.014,0.75041,0.75064,1.50,2.48
2013.01.22 06:13:01.074,0.75043,0.75065,1.50,1.35
2013.01.22 06:13:01.254,0.75043,0.75067,1.73,1.73
2013.01.22 06:13:01.314,0.75043,0.75067,1.73,1.73
2013.01.22 06:13:01.434,0.75049,0.75068,1.50,3.23
2013.01.22 06:13:02.944,0.75049,0.75069,1.50,2.48
2013.01.22 06:13:04.594,0.75049,0.75069,1.50,2.48
2013.01.22 06:13:04.654,0.75054,0.75071,1.50,1.73
2013.01.22 06:13:04.774,0.75054,0.75071,1.73,1.50
2013.01.22 06:13:04.894,0.75054,0.75071,1.73,1.50
2013.01.22 06:13:05.254,0.75054,0.75076,1.73,2.48
2013.01.22 06:13:06.655,0.75058,0.75079,1.73,2.48
2013.01.22 06:13:07.314,0.75064,0.75081,1.50,1.73
2013.01.22 06:13:07.554,0.75064,0.75081,1.50,1.50
2013.01.22 06:13:07.764,0.75064,0.75084,1.73,2.25
2013.01.22 06:13:08.325,0.75064,0.75084,1.73,2.25
2013.01.22 06:13:08.486,0.75064,0.75084,1.50,2.48
2013.01.22 06:13:08.605,0.75061,0.75087,1.73,2.48
2013.01.22 06:13:08.664,0.7506,0.75089,1.73,1.73
2013.01.22 06:13:10.054,0.75063,0.7509,1.73,3.23
2013.01.22 06:13:12.014,0.75066,0.75093,1.73,1.73
2013.01.22 06:13:12.566,0.75062,0.75091,2.10,1.73
2013.01.22 06:13:13.147,0.75063,0.75092,1.73,1.73
2013.01.22 06:13:13.264,0.75066,0.75093,1.73,3.23
2013.01.22 06:13:13.505,0.75066,0.75089,3.23,2.48
2013.01.22 06:13:14.030,0.75063,0.75086,1.73,2.48
2013.01.22 06:13:14.094,0.75061,0.75086,3.23,2.48
2013.01.22 06:13:18.684,0.75061,0.75086,1.73,2.48
2013.01.22 06:13:19.047,0.75061,0.75084,1.50,2.48
2013.01.22 06:13:19.641,0.75058,0.75081,1.73,2.48
2013.01.22 06:13:20.865,0.75057,0.75078,3.23,2.48
2013.01.22 06:13:22.785,0.75055,0.75074,1.73,1.50
2013.01.22 06:13:27.555,0.75058,0.75076,1.50,1.73
2013.01.22 06:13:27.734,0.75053,0.75074,1.50,2.48
2013.01.22 06:13:28.043,0.7505,0.75071,1.50,2.48
2013.01.22 06:13:28.633,0.75049,0.75071,1.73,2.48
2013.01.22 06:13:30.745,0.75049,0.75071,1.73,2.48
2013.01.22 06:13:33.754,0.75049,0.75071,1.73,2.48
2013.01.22 06:13:34.705,0.75054,0.75073,1.50,2.48
2013.01.22 06:13:37.486,0.75049,0.75069,1.73,2.48
2013.01.22 06:13:40.557,0.75049,0.75069,1.73,2.48
2013.01.22 06:13:40.687,0.75045,0.75069,1.35,2.48
2013.01.22 06:13:40.924,0.75045,0.75068,1.35,2.48
2013.01.22 06:13:41.344,0.75042,0.75064,1.73,1.73
2013.01.22 06:13:42.845,0.75041,0.75065,2.48,2.85
2013.01.22 06:13:45.087,0.75041,0.75064,1.73,1.35
2013.01.22 06:13:45.625,0.75041,0.75065,3.23,2.48
2013.01.22 06:13:46.757,0.75041,0.75065,1.73,2.48
2013.01.22 06:13:47.574,0.75041,0.75065,1.73,3.23
2013.01.22 06:13:48.024,0.75041,0.75064,1.73,1.73
2013.01.22 06:13:48.564,0.75046,0.75065,1.50,2.48
2013.01.22 06:13:48.624,0.75042,0.75062,1.50,2.48
2013.01.22 06:13:48.684,0.75042,0.75062,1.50,2.48
2013.01.22 06:13:51.544,0.75042,0.75062,1.50,1.73
2013.01.22 06:13:51.664,0.75042,0.75062,2.48,1.73
2013.01.22 06:13:51.905,0.75042,0.75062,2.48,1.50
2013.01.22 06:13:52.595,0.75046,0.75065,1.50,2.48
2013.01.22 06:13:53.664,0.75047,0.75065,1.73,2.48
2013.01.22 06:13:53.784,0.75049,0.75071,1.73,2.48
2013.01.22 06:13:54.194,0.75049,0.75071,1.73,2.48
2013.01.22 06:13:54.674,0.75049,0.75071,2.48,2.48
2013.01.22 06:13:56.645,0.75049,0.75071,1.73,2.48
2013.01.22 06:13:58.407,0.75049,0.75071,3.23,2.48
2013.01.22 06:13:58.474,0.75053,0.75073,1.50,2.48
2013.01.22 06:13:58.535,0.75053,0.75075,1.73,2.48
2013.01.22 06:14:02.614,0.75053,0.75075,2.48,2.48
2013.01.22 06:14:02.675,0.7506,0.75078,1.13,1.73
2013.01.22 06:14:02.795,0.75063,0.75078,1.50,1.73
2013.01.22 06:14:02.914,0.75063,0.75082,1.50,2.48
2013.01.22 06:14:03.219,0.75063,0.75082,2.25,3.23
2013.01.22 06:14:03.344,0.75063,0.75082,2.48,2.25
2013.01.22 06:14:05.912,0.75063,0.75082,1.73,2.25
2013.01.22 06:14:06.095,0.75063,0.7508,1.73,2.25
2013.01.22 06:14:06.156,0.75063,0.7508,1.50,2.48
2013.01.22 06:14:06.214,0.75057,0.75079,3.98,2.25
2013.01.22 06:14:09.024,0.75057,0.75074,2.48,1.50
2013.01.22 06:14:09.085,0.75058,0.75079,2.48,2.48
2013.01.22 06:14:09.625,0.75061,0.75079,3.23,2.25
2013.01.22 06:14:09.687,0.75061,0.75079,3.23,2.25
2013.01.22 06:14:10.266,0.75063,0.75085,1.73,2.25
2013.01.22 06:14:10.995,0.75068,0.75087,1.50,3.98
2013.01.22 06:14:11.277,0.75068,0.75087,1.73,2.25
2013.01.22 06:14:11.395,0.75068,0.75087,1.73,2.48
2013.01.22 06:14:11.834,0.75068,0.75088,2.48,2.25
2013.01.22 06:14:11.954,0.75068,0.75088,3.23,2.25
2013.01.22 06:14:13.077,0.75068,0.75088,1.73,2.48
2013.01.22 06:14:13.456,0.75068,0.75088,2.48,2.25
2013.01.22 06:14:13.746,0.75071,0.75093,2.48,2.48
2013.01.22 06:14:18.865,0.75071,0.75093,1.73,2.48
2013.01.22 06:14:21.664,0.75067,0.75088,3.98,2.25
2013.01.22 06:14:22.252,0.75072,0.75091,2.48,2.25
2013.01.22 06:14:26.325,0.75072,0.75091,1.73,2.25
2013.01.22 06:14:26.984,0.75072,0.75091,1.73,2.48
2013.01.22 06:14:27.344,0.75067,0.75089,2.48,2.48
2013.01.22 06:14:27.645,0.75067,0.75089,1.73,2.48
2013.01.22 06:14:27.815,0.75067,0.75089,1.73,2.48
2013.01.22 06:14:27.875,0.75067,0.75089,1.73,2.25
2013.01.22 06:14:27.935,0.75067,0.75089,2.48,2.25
2013.01.22 06:14:47.774,0.75072,0.75092,1.73,2.25
2013.01.22 06:14:57.174,0.75071,0.75091,1.73,2.25
2013.01.22 06:14:57.294,0.75071,0.75091,1.73,2.48
2013.01.22 06:14:57.475,0.75071,0.75091,1.50,2.48
2013.01.22 06:14:57.804,0.75066,0.75086,1.73,2.25
2013.01.22 06:14:57.925,0.75066,0.75086,1.73,2.25
2013.01.22 06:14:58.053,0.75066,0.75086,1.50,2.48
2013.01.22 06:14:58.186,0.75066,0.75086,1.50,2.48
2013.01.22 06:14:58.244,0.75062,0.75083,4.73,2.25
2013.01.22 06:14:59.165,0.75066,0.75087,1.73,2.48
2013.01.22 06:14:59.224,0.75066,0.75087,1.50,2.48
2013.01.22 06:15:08.944,0.75066,0.75087,1.50,2.25
2013.01.22 06:15:11.426,0.75064,0.75085,1.50,1.35
2013.01.22 06:15:11.484,0.75064,0.75078,1.50,1.13
2013.01.22 06:15:11.546,0.75062,0.75078,1.50,1.35
2013.01.22 06:15:13.336,0.75061,0.75078,1.50,2.48
2013.01.22 06:15:14.035,0.75059,0.75078,1.73,2.25
2013.01.22 06:15:15.225,0.75061,0.75083,1.73,2.48
2013.01.22 06:15:15.871,0.75061,0.75083,1.50,2.48
2013.01.22 06:15:16.405,0.75058,0.75079,1.73,2.48
2013.01.22 06:15:16.465,0.75058,0.75079,1.73,2.48
2013.01.22 06:15:16.824,0.75061,0.75084,1.73,3.23
2013.01.22 06:15:17.334,0.75061,0.75084,1.73,3.23
2013.01.22 06:15:18.424,0.75061,0.75084,1.73,3.23
2013.01.22 06:15:19.785,0.75061,0.75081,1.50,2.48
2013.01.22 06:15:19.964,0.75058,0.75079,2.48,2.48
2013.01.22 06:15:20.465,0.75058,0.75079,1.73,2.48
2013.01.22 06:15:28.624,0.75055,0.75075,1.73,2.48
2013.01.22 06:15:29.472,0.75055,0.75075,1.73,2.48
2013.01.22 06:15:30.374,0.75055,0.75075,1.50,2.48
2013.01.22 06:15:31.905,0.75052,0.75072,2.25,2.48
2013.01.22 06:15:36.055,0.75047,0.75068,2.25,2.48
2013.01.22 06:15:36.356,0.75042,0.75063,2.25,1.73
2013.01.22 06:15:36.804,0.75042,0.75062,1.50,1.73
2013.01.22 06:15:37.385,0.75042,0.75062,2.25,1.73
2013.01.22 06:15:37.944,0.75038,0.75061,1.73,2.48
2013.01.22 06:15:38.894,0.75049,0.7506,1.50,1.73
2013.01.22 06:15:39.263,0.75048,0.7506,3.75,1.73
2013.01.22 06:15:39.847,0.75049,0.75057,1.50,2.48
2013.01.22 06:15:40.385,0.75036,0.75057,1.50,3.23
2013.01.22 06:15:44.829,0.75032,0.75053,2.25,2.25
2013.01.22 06:15:44.896,0.75043,0.75053,2.25,3.23
2013.01.22 06:15:45.214,0.75041,0.75053,3.00,3.23
2013.01.22 06:15:45.312,0.75038,0.75053,1.50,3.23
2013.01.22 06:15:45.434,0.75032,0.75053,1.50,2.48
2013.01.22 06:15:46.055,0.75032,0.75051,1.50,2.48
2013.01.22 06:15:46.114,0.75029,0.75049,1.50,3.23
2013.01.22 06:15:46.416,0.75027,0.75044,1.50,2.48
2013.01.22 06:15:46.478,0.75024,0.75044,1.73,2.48
2013.01.22 06:15:46.613,0.75024,0.75044,1.73,2.48
2013.01.22 06:15:49.345,0.75026,0.75044,1.50,2.48
2013.01.22 06:15:49.664,0.75028,0.75045,1.50,1.73
2013.01.22 06:15:51.866,0.75023,0.75045,1.73,3.23
2013.01.22 06:15:52.225,0.75023,0.75045,1.73,3.23
2013.01.22 06:15:56.550,0.75023,0.75045,1.73,2.48
2013.01.22 06:15:59.084,0.75023,0.75045,1.73,2.48
2013.01.22 06:15:59.145,0.75027,0.75046,1.50,3.23
2013.01.22 06:16:00.274,0.75027,0.75046,1.50,1.73
2013.01.22 06:16:03.808,0.75027,0.75048,1.50,3.23
2013.01.22 06:16:03.875,0.75027,0.75048,1.73,2.48
2013.01.22 06:16:03.994,0.75027,0.75048,1.50,2.48
2013.01.22 06:16:05.194,0.75027,0.75047,1.73,1.73
2013.01.22 06:16:06.466,0.75027,0.75048,2.48,1.73
2013.01.22 06:16:06.525,0.75027,0.75048,2.48,1.73
2013.01.22 06:16:06.835,0.75035,0.7505,1.50,2.48
2013.01.22 06:16:06.955,0.75035,0.7505,1.50,1.50
2013.01.22 06:16:07.075,0.75035,0.75054,1.73,2.48
2013.01.22 06:16:07.315,0.75038,0.75058,1.50,2.10
2013.01.22 06:16:07.674,0.75044,0.7506,1.50,1.73
2013.01.22 06:16:09.646,0.75042,0.7506,1.50,3.23
2013.01.22 06:16:09.765,0.75039,0.75058,1.50,1.73
2013.01.22 06:16:09.825,0.75039,0.75058,1.50,1.73
2013.01.22 06:16:09.945,0.75039,0.75059,1.50,1.73
2013.01.22 06:16:10.305,0.75043,0.75061,1.50,3.23
2013.01.22 06:16:10.365,0.75043,0.75061,1.50,3.23
2013.01.22 06:16:10.885,0.75043,0.75062,1.50,1.73
2013.01.22 06:16:12.644,0.75045,0.75062,1.50,1.73
2013.01.22 06:16:13.175,0.75046,0.75066,1.50,1.73
2013.01.22 06:16:16.678,0.75046,0.75066,1.50,1.73
2013.01.22 06:16:18.206,0.75046,0.75066,1.50,1.73
2013.01.22 06:16:18.625,0.75046,0.75064,1.50,1.73
2013.01.22 06:16:19.835,0.75046,0.75064,1.50,1.73
2013.01.22 06:16:26.674,0.75043,0.75062,1.73,1.73
2013.01.22 06:16:27.685,0.75043,0.75063,1.73,2.25
2013.01.22 06:16:28.134,0.75043,0.75063,1.73,2.25
2013.01.22 06:16:28.447,0.75041,0.75058,2.48,1.50
2013.01.22 06:16:28.754,0.75037,0.75058,2.48,2.48
2013.01.22 06:16:30.731,0.75037,0.75058,2.48,2.48
2013.01.22 06:16:35.155,0.75037,0.75058,1.73,2.48
2013.01.22 06:16:36.596,0.75037,0.75058,2.48,2.48
2013.01.22 06:16:47.794,0.75037,0.75057,1.50,1.73
2013.01.22 06:16:48.395,0.75041,0.75057,1.50,1.73
2013.01.22 06:16:48.455,0.75041,0.75057,1.50,1.73
2013.01.22 06:16:49.745,0.75044,0.7506,1.50,1.73
2013.01.22 06:16:49.805,0.75044,0.75064,1.50,1.73
2013.01.22 06:16:50.166,0.75049,0.75065,1.50,1.73
2013.01.22 06:16:50.734,0.75049,0.75068,1.50,2.10
2013.01.22 06:16:51.266,0.75049,0.75067,1.50,1.73
2013.01.22 06:16:53.045,0.75049,0.75067,1.50,1.73
2013.01.22 06:16:53.105,0.75053,0.75072,1.50,1.73
2013.01.22 06:16:53.164,0.75053,0.75072,1.50,1.73
2013.01.22 06:16:53.345,0.75056,0.75073,1.50,2.48
2013.01.22 06:16:53.408,0.75058,0.75075,1.50,1.73
2013.01.22 06:16:54.307,0.75058,0.75075,1.50,1.73
2013.01.22 06:16:55.175,0.75061,0.75075,1.50,1.73
2013.01.22 06:17:04.576,0.75061,0.75076,1.50,1.73
2013.01.22 06:17:05.307,0.75061,0.75076,1.50,2.18
2013.01.22 06:17:06.118,0.75057,0.75074,1.50,1.73
2013.01.22 06:17:07.514,0.75052,0.75074,2.25,3.23
2013.01.22 06:17:16.324,0.75052,0.75072,1.50,1.73
2013.01.22 06:17:21.987,0.75051,0.75068,1.50,2.48
2013.01.22 06:17:22.044,0.75048,0.75068,1.73,2.48
2013.01.22 06:17:22.107,0.75052,0.75071,1.50,1.35
2013.01.22 06:17:22.287,0.75048,0.75066,1.50,1.73
2013.01.22 06:17:22.346,0.75048,0.75066,1.50,1.73
2013.01.22 06:17:22.915,0.75048,0.75064,1.50,1.73
2013.01.22 06:17:28.074,0.75044,0.75063,1.50,1.73
2013.01.22 06:17:47.122,0.75044,0.75064,1.50,1.73
2013.01.22 06:17:47.245,0.75037,0.75058,3.00,2.84
2013.01.22 06:17:47.604,0.75037,0.75057,2.25,1.35
2013.01.22 06:17:47.786,0.7504,0.7506,1.73,2.48
2013.01.22 06:17:51.475,0.7504,0.75059,1.50,1.73
2013.01.22 06:17:51.595,0.7504,0.75059,1.73,1.73
2013.01.22 06:17:59.744,0.7504,0.75059,1.50,1.73
2013.01.22 06:18:00.045,0.7504,0.75054,1.50,1.50
2013.01.22 06:18:00.105,0.75035,0.75054,1.73,1.50
2013.01.22 06:18:00.165,0.75035,0.75054,1.50,1.73
2013.01.22 06:18:00.706,0.75035,0.75052,1.50,1.73
2013.01.22 06:18:00.765,0.75032,0.75052,1.50,3.23
2013.01.22 06:18:10.075,0.75027,0.75049,1.73,2.48
2013.01.22 06:18:11.306,0.75027,0.75049,1.73,3.23
2013.01.22 06:18:11.366,0.75027,0.75048,1.73,1.73
2013.01.22 06:18:12.034,0.75024,0.75045,1.73,3.23
2013.01.22 06:18:15.145,0.75024,0.75045,1.50,3.23
2013.01.22 06:18:15.565,0.75024,0.75041,1.50,2.48
2013.01.22 06:18:15.625,0.75019,0.7504,1.50,2.48
2013.01.22 06:18:15.686,0.75019,0.7504,1.50,2.48
2013.01.22 06:18:16.271,0.75018,0.75036,1.50,1.73
2013.01.22 06:18:16.669,0.75016,0.75036,1.73,2.48
2013.01.22 06:18:20.604,0.75013,0.75032,3.23,1.50
2013.01.22 06:18:21.349,0.75013,0.75032,1.73,2.25
2013.01.22 06:18:21.624,0.75013,0.75032,1.50,2.48
2013.01.22 06:18:21.745,0.75013,0.75032,1.50,3.23
2013.01.22 06:18:22.845,0.75013,0.75032,1.50,2.48
2013.01.22 06:18:24.385,0.75013,0.75035,1.50,1.73
2013.01.22 06:18:24.835,0.75013,0.75037,1.73,1.73
2013.01.22 06:18:25.866,0.75017,0.7504,1.73,1.73
2013.01.22 06:18:28.673,0.75017,0.75036,1.50,1.73
2013.01.22 06:18:36.065,0.75013,0.75032,1.50,1.73
2013.01.22 06:18:36.375,0.75017,0.75035,1.50,1.73
2013.01.22 06:18:36.897,0.75017,0.75036,1.73,1.73
2013.01.22 06:18:38.445,0.75017,0.75036,1.50,1.73
2013.01.22 06:18:40.444,0.75017,0.75035,1.73,1.73
2013.01.22 06:18:40.505,0.7502,0.75035,1.50,1.73
2013.01.22 06:18:43.435,0.7502,0.75039,1.73,1.73
2013.01.22 06:18:43.853,0.75017,0.75038,1.50,3.23
2013.01.22 06:18:50.727,0.75017,0.75037,1.73,1.73
2013.01.22 06:19:01.196,0.75017,0.75036,1.73,1.73
2013.01.22 06:19:03.606,0.75019,0.75036,1.50,1.73
2013.01.22 06:19:16.195,0.7502,0.75038,1.50,1.73
2013.01.22 06:19:16.255,0.75022,0.75038,1.50,1.73
2013.01.22 06:19:16.375,0.75022,0.75038,1.50,1.73
2013.01.22 06:19:17.705,0.75022,0.75039,1.50,1.73
2013.01.22 06:19:25.005,0.75022,0.75041,1.50,2.10
2013.01.22 06:19:31.996,0.75026,0.75042,1.50,1.73
2013.01.22 06:19:32.556,0.75026,0.75043,1.50,1.73
2013.01.22 06:19:39.606,0.75026,0.75042,1.50,1.73
2013.01.22 06:19:45.814,0.75026,0.75042,1.50,1.73
2013.01.22 06:19:50.196,0.75026,0.75044,1.50,1.73
2013.01.22 06:19:50.315,0.7503,0.75044,1.50,1.73
2013.01.22 06:19:50.995,0.75033,0.75045,1.50,1.35
2013.01.22 06:19:51.607,0.75038,0.7505,1.50,1.73
2013.01.22 06:19:51.965,0.75041,0.75055,1.50,1.35
2013.01.22 06:19:52.026,0.75041,0.75054,1.50,1.35
2013.01.22 06:19:57.325,0.7504,0.75054,1.50,1.35
2013.01.22 06:19:58.316,0.75041,0.75054,1.50,1.35
2013.01.22 06:20:07.575,0.75041,0.75055,1.50,1.73
2013.01.22 06:20:07.636,0.75046,0.75055,1.50,1.73
2013.01.22 06:20:07.995,0.75049,0.75058,1.50,1.50
2013.01.22 06:20:08.054,0.75049,0.75066,1.50,1.73
2013.01.22 06:20:08.365,0.75049,0.75066,1.50,1.73
2013.01.22 06:20:08.925,0.75049,0.75065,1.50,1.73
2013.01.22 06:20:09.369,0.75049,0.75066,1.50,1.73
2013.01.22 06:20:10.344,0.75049,0.75067,1.50,1.73
2013.01.22 06:20:11.205,0.75049,0.75065,1.50,1.73
2013.01.22 06:20:11.504,0.75049,0.75064,1.50,1.73
2013.01.22 06:20:11.625,0.75047,0.75064,1.50,1.73
2013.01.22 06:20:12.267,0.75046,0.75064,1.50,1.73
2013.01.22 06:20:21.126,0.75048,0.75064,1.50,1.73
2013.01.22 06:20:21.186,0.7505,0.75064,1.50,1.73
2013.01.22 06:20:21.365,0.75052,0.75067,1.50,1.50
2013.01.22 06:20:21.885,0.75053,0.75071,1.50,1.73
2013.01.22 06:20:23.756,0.75048,0.75067,1.50,2.48
2013.01.22 06:20:23.816,0.75045,0.75067,1.73,3.23
2013.01.22 06:20:24.455,0.75045,0.75066,1.73,1.73
2013.01.22 06:20:24.795,0.7505,0.75068,1.50,1.73
2013.01.22 06:20:32.434,0.7505,0.7507,1.50,2.48
2013.01.22 06:20:33.015,0.7505,0.7507,1.73,2.48
2013.01.22 06:20:33.425,0.7505,0.7507,1.73,2.48
2013.01.22 06:20:33.938,0.7505,0.75068,1.50,1.73
2013.01.22 06:20:41.417,0.7505,0.75068,1.50,1.73
2013.01.22 06:20:41.926,0.7505,0.7507,1.73,2.48
2013.01.22 06:20:45.725,0.75048,0.75064,1.73,2.25
2013.01.22 06:20:45.787,0.75043,0.75064,2.85,2.25
2013.01.22 06:20:46.205,0.75047,0.75067,2.25,2.48
2013.01.22 06:20:46.765,0.75047,0.75067,1.50,3.23
2013.01.22 06:21:01.625,0.75047,0.75063,1.50,1.35
2013.01.22 06:21:01.986,0.75047,0.75058,1.50,1.50
2013.01.22 06:21:02.228,0.75043,0.75061,1.50,1.73
2013.01.22 06:21:13.869,0.75043,0.75063,1.50,1.73
2013.01.22 06:21:17.191,0.75043,0.75062,1.50,1.73
2013.01.22 06:21:22.625,0.75041,0.7506,1.73,3.00
2013.01.22 06:21:23.146,0.75041,0.7506,1.73,3.23
2013.01.22 06:21:26.925,0.75039,0.75056,1.73,2.48
2013.01.22 06:21:26.986,0.75037,0.75056,1.73,2.48
2013.01.22 06:21:27.046,0.75037,0.75056,1.50,2.48
2013.01.22 06:21:27.165,0.75033,0.75053,1.50,2.25
2013.01.22 06:21:32.195,0.7503,0.75049,1.50,2.48
2013.01.22 06:21:32.435,0.75026,0.75046,3.23,1.50
2013.01.22 06:21:32.694,0.75026,0.75046,2.48,2.25
2013.01.22 06:21:33.226,0.75026,0.75046,2.48,2.25
2013.01.22 06:21:35.995,0.75026,0.75046,1.50,2.48
2013.01.22 06:21:36.476,0.75026,0.75044,1.50,1.73
2013.01.22 06:21:41.658,0.75026,0.75042,1.50,1.50
2013.01.22 06:21:41.787,0.75026,0.75042,1.73,1.50
2013.01.22 06:21:46.025,0.75022,0.75043,3.23,2.25
2013.01.22 06:21:46.675,0.75026,0.75044,1.73,2.25
2013.01.22 06:21:47.215,0.75026,0.75046,1.73,2.25
2013.01.22 06:21:47.275,0.75026,0.75046,2.48,2.25
2013.01.22 06:22:02.306,0.75026,0.75046,2.48,2.25
2013.01.22 06:22:02.545,0.75026,0.75046,2.25,2.48
2013.01.22 06:22:02.665,0.75026,0.75046,1.50,2.48
2013.01.22 06:22:05.395,0.75026,0.75046,1.73,2.25
2013.01.22 06:22:05.755,0.75029,0.7505,1.73,2.48
2013.01.22 06:22:05.942,0.75029,0.7505,2.48,2.48
2013.01.22 06:22:06.366,0.75034,0.75053,1.73,2.25
2013.01.22 06:22:07.126,0.75034,0.75053,1.73,2.48
2013.01.22 06:22:35.215,0.75033,0.75049,1.73,2.25
2013.01.22 06:22:35.455,0.75029,0.75048,1.73,1.73
2013.01.22 06:22:40.026,0.75025,0.75046,1.73,2.25
2013.01.22 06:22:42.304,0.75025,0.75046,1.73,2.48
2013.01.22 06:22:46.866,0.75025,0.75045,1.50,1.73
2013.01.22 06:22:49.675,0.75028,0.75048,1.50,1.73
2013.01.22 06:22:49.796,0.75028,0.75048,1.73,1.73
2013.01.22 06:22:50.975,0.75028,0.75047,1.50,2.48
2013.01.22 06:22:51.098,0.75024,0.75045,1.50,2.48
2013.01.22 06:22:51.825,0.7502,0.75041,1.50,2.48
2013.01.22 06:22:53.356,0.7502,0.75041,2.25,1.73
2013.01.22 06:22:56.465,0.7502,0.75041,2.25,2.48
2013.01.22 06:22:58.626,0.75021,0.75041,1.50,1.73
2013.01.22 06:22:58.686,0.75024,0.75041,1.50,1.50
2013.01.22 06:22:58.805,0.75026,0.75044,1.73,2.48
2013.01.22 06:23:19.066,0.75027,0.75049,1.50,2.48
2013.01.22 06:23:19.587,0.75023,0.75045,3.98,2.48
2013.01.22 06:23:20.675,0.75023,0.75045,2.48,2.48
2013.01.22 06:23:23.745,0.7502,0.75039,1.35,2.25
2013.01.22 06:23:23.866,0.75022,0.75039,1.73,2.25
2013.01.22 06:23:23.926,0.75019,0.75039,2.25,2.48
2013.01.22 06:23:24.409,0.75019,0.75039,1.50,2.48
2013.01.22 06:23:24.916,0.75019,0.75039,2.25,2.48
2013.01.22 06:23:24.975,0.75022,0.75043,1.50,2.48
2013.01.22 06:23:25.447,0.75022,0.75043,1.50,2.48
2013.01.22 06:23:31.505,0.75022,0.75043,2.25,1.73
2013.01.22 06:23:31.625,0.75022,0.75043,2.25,1.73
2013.01.22 06:23:34.376,0.75022,0.75043,2.48,2.48
2013.01.22 06:23:34.886,0.75025,0.75047,3.23,2.48
2013.01.22 06:23:35.446,0.75027,0.75047,1.50,2.48
2013.01.22 06:23:35.625,0.75026,0.75047,1.73,1.73
2013.01.22 06:23:36.475,0.75027,0.75047,1.50,2.48
2013.01.22 06:23:37.032,0.75026,0.75047,1.50,1.73
2013.01.22 06:23:37.596,0.75025,0.75047,3.23,1.73
2013.01.22 06:23:38.017,0.75029,0.7505,1.50,2.48
2013.01.22 06:23:41.106,0.75027,0.75046,1.13,2.48
2013.01.22 06:23:41.455,0.75026,0.75046,2.63,2.48
2013.01.22 06:23:42.061,0.75026,0.75046,1.50,2.48
2013.01.22 06:23:43.925,0.75026,0.75046,1.50,2.48
2013.01.22 06:23:45.855,0.75022,0.75042,2.25,2.48
2013.01.22 06:23:45.915,0.75022,0.75042,2.25,2.48
2013.01.22 06:23:46.216,0.75022,0.75042,1.50,2.48
2013.01.22 06:23:47.336,0.75022,0.75042,1.50,2.48
2013.01.22 06:23:48.786,0.75016,0.75037,2.25,2.48
2013.01.22 06:23:48.846,0.75016,0.75037,1.50,2.48
2013.01.22 06:23:50.015,0.75016,0.75037,3.00,2.48
2013.01.22 06:23:52.455,0.75013,0.75033,2.25,2.48
2013.01.22 06:23:53.005,0.75013,0.75033,1.50,2.48
2013.01.22 06:23:54.146,0.75013,0.75033,1.50,2.48
2013.01.22 06:23:56.275,0.75013,0.75033,1.50,2.48
2013.01.22 06:23:56.970,0.75013,0.75033,1.50,2.48
2013.01.22 06:23:57.214,0.75008,0.7503,3.98,2.48
2013.01.22 06:23:57.533,0.75012,0.7503,1.50,2.48
2013.01.22 06:23:58.374,0.7501,0.7503,1.50,2.48
2013.01.22 06:23:58.685,0.7501,0.7503,2.25,2.48
2013.01.22 06:23:58.805,0.75011,0.7503,1.35,2.25
2013.01.22 06:23:58.867,0.75012,0.7503,1.73,2.25
2013.01.22 06:24:01.288,0.75012,0.7503,1.73,2.25
2013.01.22 06:24:02.505,0.75012,0.75034,3.60,2.48
2013.01.22 06:24:02.566,0.75012,0.75034,2.63,2.48
2013.01.22 06:24:02.626,0.75012,0.75034,4.50,2.48
2013.01.22 06:24:02.805,0.75012,0.75034,3.23,2.48
2013.01.22 06:24:02.998,0.75015,0.75034,1.50,2.48
2013.01.22 06:24:03.465,0.75012,0.75034,2.48,2.48
2013.01.22 06:24:03.886,0.75012,0.75034,3.00,2.48
2013.01.22 06:24:04.065,0.75012,0.75034,3.23,2.48
2013.01.22 06:24:04.426,0.75012,0.75034,2.48,2.48
2013.01.22 06:24:04.606,0.75012,0.75034,1.50,2.48
2013.01.22 06:24:07.127,0.75011,0.75029,2.25,2.48
2013.01.22 06:24:07.663,0.75007,0.75029,3.98,2.48
2013.01.22 06:24:08.213,0.75007,0.75029,3.98,2.48
2013.01.22 06:24:18.066,0.75011,0.75033,3.00,2.48
2013.01.22 06:24:18.657,0.75012,0.75033,1.50,2.48
2013.01.22 06:24:20.427,0.75012,0.75033,1.50,2.48
2013.01.22 06:24:21.265,0.75012,0.75033,1.50,2.48
2013.01.22 06:24:21.898,0.75012,0.75033,1.50,2.48
2013.01.22 06:24:25.389,0.75011,0.75033,2.25,2.48
2013.01.22 06:24:27.535,0.75012,0.75033,1.50,2.48
2013.01.22 06:24:32.265,0.75012,0.75028,1.50,2.48
2013.01.22 06:24:32.807,0.75013,0.7503,1.50,2.48
2013.01.22 06:24:41.478,0.7501,0.75029,2.48,2.48
2013.01.22 06:24:42.247,0.75008,0.75029,2.10,2.48
2013.01.22 06:24:43.735,0.75008,0.75029,1.50,2.48
2013.01.22 06:24:44.287,0.75005,0.75025,1.35,2.48
2013.01.22 06:24:48.586,0.75004,0.75025,2.10,2.48
2013.01.22 06:24:49.019,0.75008,0.75028,1.50,2.48
2013.01.22 06:24:49.788,0.75006,0.75025,1.50,2.48
2013.01.22 06:24:49.859,0.75004,0.75025,12.00,2.48
2013.01.22 06:24:50.186,0.75004,0.75025,1.50,3.23
2013.01.22 06:24:50.505,0.75,0.75022,1.50,2.48
2013.01.22 06:24:51.003,0.74998,0.75018,1.50,2.48
2013.01.22 06:24:51.185,0.74998,0.75016,1.50,1.73
2013.01.22 06:24:51.571,0.74992,0.75014,12.00,2.48
2013.01.22 06:24:52.575,0.74989,0.75009,1.73,2.25
2013.01.22 06:24:52.636,0.74989,0.75008,1.50,1.73
2013.01.22 06:24:53.356,0.74989,0.75007,1.50,1.73
2013.01.22 06:24:55.775,0.74989,0.75007,1.50,1.73
2013.01.22 06:25:01.005,0.74989,0.75008,1.50,1.73
2013.01.22 06:25:01.305,0.74989,0.75009,1.50,2.48
2013.01.22 06:25:01.845,0.74993,0.7501,1.50,1.73
2013.01.22 06:25:01.965,0.74993,0.7501,1.50,1.73
2013.01.22 06:25:02.326,0.74995,0.75012,1.50,1.73
2013.01.22 06:25:02.865,0.74994,0.75013,1.50,3.23
2013.01.22 06:25:14.955,0.74994,0.75013,1.50,2.48
2013.01.22 06:25:22.625,0.74993,0.75015,1.50,3.23
2013.01.22 06:25:27.956,0.74993,0.75015,2.25,2.48
2013.01.22 06:25:28.075,0.74993,0.75015,2.48,2.48
2013.01.22 06:25:28.195,0.74993,0.75015,2.10,2.48
2013.01.22 06:25:28.375,0.74993,0.75015,1.50,2.48
2013.01.22 06:25:31.117,0.74993,0.75015,1.50,2.48
2013.01.22 06:25:31.978,0.74993,0.75015,1.50,2.48
2013.01.22 06:25:32.100,0.74989,0.7501,1.73,1.73
2013.01.22 06:25:32.166,0.74989,0.7501,1.50,1.73
2013.01.22 06:25:32.406,0.74986,0.75007,2.25,2.48
2013.01.22 06:25:32.465,0.74986,0.75007,2.25,2.48
2013.01.22 06:25:33.495,0.74986,0.75007,2.25,2.48
2013.01.22 06:25:34.006,0.74986,0.75007,2.25,2.48
2013.01.22 06:25:35.407,0.74986,0.75007,1.50,2.48
2013.01.22 06:25:35.766,0.74986,0.75007,2.25,2.29
2013.01.22 06:25:35.886,0.74986,0.75007,2.25,1.73
2013.01.22 06:25:36.106,0.74988,0.75007,1.50,1.73
2013.01.22 06:25:36.703,0.7499,0.75009,1.50,1.73
2013.01.22 06:25:42.405,0.74986,0.75008,2.25,2.48
2013.01.22 06:25:46.118,0.74986,0.75008,2.25,2.48
2013.01.22 06:25:46.556,0.74986,0.75008,2.25,2.48
2013.01.22 06:25:53.616,0.74986,0.75008,2.25,1.73
2013.01.22 06:25:53.735,0.74986,0.75008,3.23,1.73
2013.01.22 06:25:53.915,0.7499,0.75011,1.50,3.23
2013.01.22 06:25:54.216,0.7499,0.7501,1.50,1.73
2013.01.22 06:25:56.802,0.7499,0.75009,1.50,1.73
2013.01.22 06:26:00.177,0.7499,0.75009,2.25,1.73
2013.01.22 06:26:00.236,0.7499,0.75009,2.48,1.50
2013.01.22 06:26:00.781,0.74993,0.75015,1.73,2.48
2013.01.22 06:26:01.126,0.74993,0.75015,1.73,2.48
2013.01.22 06:26:02.546,0.74993,0.75015,2.48,2.48
2013.01.22 06:26:02.795,0.74997,0.75018,1.73,1.73
2013.01.22 06:26:02.856,0.74997,0.75018,1.73,1.73
2013.01.22 06:26:03.215,0.75001,0.75021,1.73,2.48
2013.01.22 06:26:04.215,0.75001,0.75021,2.48,2.48
2013.01.22 06:26:07.165,0.75001,0.75021,2.48,2.25
2013.01.22 06:26:10.936,0.75004,0.75026,1.73,3.23
2013.01.22 06:26:11.236,0.75009,0.75028,1.50,2.48
2013.01.22 06:26:12.256,0.75009,0.75028,1.50,2.48
2013.01.22 06:26:12.696,0.75009,0.75028,1.50,2.48
2013.01.22 06:26:12.875,0.75009,0.75028,1.73,2.25
2013.01.22 06:26:13.006,0.75009,0.75028,1.50,2.48
2013.01.22 06:26:13.246,0.75009,0.75028,3.23,1.50
2013.01.22 06:26:17.116,0.75012,0.75033,1.73,2.48
2013.01.22 06:26:17.825,0.75015,0.75033,2.25,2.48
2013.01.22 06:26:18.965,0.75015,0.75033,2.25,1.73
2013.01.22 06:26:19.145,0.75016,0.75035,2.25,1.50
2013.01.22 06:26:19.266,0.7502,0.7504,2.63,2.48
2013.01.22 06:26:19.326,0.7502,0.7504,2.85,2.25
2013.01.22 06:26:19.392,0.7502,0.7504,2.85,2.25
2013.01.22 06:26:19.635,0.75029,0.75048,3.23,2.25
2013.01.22 06:26:19.815,0.75029,0.75048,3.98,2.25
2013.01.22 06:26:19.936,0.75029,0.75048,3.98,2.25
2013.01.22 06:26:20.115,0.75029,0.75048,3.23,1.50
2013.01.22 06:26:21.265,0.75029,0.75048,3.23,1.50
2013.01.22 06:26:23.156,0.75029,0.75048,1.73,2.25
2013.01.22 06:26:26.348,0.75028,0.75048,2.48,1.50
2013.01.22 06:26:31.625,0.75028,0.75048,2.48,2.25
2013.01.22 06:26:31.806,0.75028,0.75048,1.50,2.48
2013.01.22 06:26:33.789,0.75028,0.75048,1.88,2.48
2013.01.22 06:26:35.192,0.75028,0.75048,3.75,2.48
2013.01.22 06:26:40.570,0.75029,0.75049,1.50,2.48
2013.01.22 06:26:42.821,0.75029,0.75049,1.73,2.48
2013.01.22 06:26:43.126,0.75029,0.75049,1.73,2.48
2013.01.22 06:26:47.427,0.75029,0.75049,1.73,2.48
2013.01.22 06:26:47.976,0.75027,0.75046,1.50,2.48
2013.01.22 06:26:48.525,0.75025,0.75046,2.10,2.48
2013.01.22 06:26:49.646,0.75025,0.75046,2.10,2.48
2013.01.22 06:26:50.186,0.75025,0.75046,2.10,2.48
2013.01.22 06:26:51.926,0.75025,0.75046,2.85,2.48
2013.01.22 06:26:52.046,0.75027,0.75046,1.35,2.25
2013.01.22 06:26:58.586,0.7503,0.75044,1.50,1.35
2013.01.22 06:27:04.846,0.7503,0.75044,1.50,1.35
2013.01.22 06:27:09.466,0.75033,0.75044,1.50,1.35
2013.01.22 06:27:09.816,0.75033,0.75044,1.50,1.35
2013.01.22 06:27:10.276,0.75033,0.75049,1.50,1.73
2013.01.22 06:27:10.396,0.75033,0.75049,1.50,1.73
2013.01.22 06:27:10.455,0.75033,0.75054,1.50,4.19
2013.01.22 06:27:18.835,0.75033,0.75052,1.50,1.73
2013.01.22 06:27:20.148,0.75033,0.75054,1.50,2.85
2013.01.22 06:27:20.505,0.75033,0.75052,1.50,1.47
2013.01.22 06:27:22.996,0.75033,0.75046,1.50,1.35
2013.01.22 06:27:26.696,0.75033,0.75046,1.50,1.35
2013.01.22 06:27:26.838,0.75033,0.75046,1.50,1.35
2013.01.22 06:27:29.477,0.75031,0.75046,3.00,1.35
2013.01.22 06:27:34.036,0.7503,0.75046,1.50,1.35
2013.01.22 06:27:34.095,0.75027,0.75046,1.50,1.35
2013.01.22 06:27:36.036,0.75027,0.75047,2.63,2.48
2013.01.22 06:27:36.096,0.75027,0.75047,2.63,2.48
2013.01.22 06:27:36.216,0.75028,0.75047,1.88,1.73
2013.01.22 06:27:37.135,0.75029,0.75047,1.50,1.73
2013.01.22 06:27:37.256,0.75031,0.75051,1.50,2.48
2013.01.22 06:27:37.744,0.75033,0.75054,1.50,2.85
2013.01.22 06:27:51.869,0.7503,0.75051,2.25,2.48
2013.01.22 06:27:52.372,0.7503,0.75051,2.25,2.48
2013.01.22 06:27:53.147,0.7503,0.75051,1.50,2.48
2013.01.22 06:27:53.516,0.75027,0.75047,2.25,2.48
2013.01.22 06:27:53.820,0.75028,0.75047,2.10,2.25
2013.01.22 06:27:54.217,0.75026,0.75045,1.50,2.48
2013.01.22 06:27:54.275,0.75023,0.75045,1.88,2.48
2013.01.22 06:28:05.636,0.75021,0.75035,1.35,1.50
2013.01.22 06:28:05.816,0.75019,0.75034,1.50,1.13
2013.01.22 06:28:05.876,0.75019,0.75034,1.50,1.35
2013.01.22 06:28:06.295,0.75011,0.75031,2.48,2.48
2013.01.22 06:28:06.596,0.75011,0.75031,3.23,1.73
2013.01.22 06:28:14.545,0.75006,0.75025,3.23,2.25
2013.01.22 06:28:14.609,0.75006,0.75025,3.23,2.48
2013.01.22 06:28:14.676,0.75006,0.75025,2.48,2.48
2013.01.22 06:28:14.795,0.75005,0.75022,2.25,1.73
2013.01.22 06:28:15.116,0.75005,0.75022,2.48,1.50
2013.01.22 06:28:15.356,0.75007,0.75026,1.35,1.50
2013.01.22 06:28:15.476,0.75009,0.7503,1.73,2.48
2013.01.22 06:28:15.595,0.75009,0.7503,3.23,1.73
2013.01.22 06:28:17.165,0.75009,0.7503,2.48,2.48
2013.01.22 06:28:17.735,0.75011,0.7503,1.73,1.73
2013.01.22 06:28:20.686,0.75014,0.75032,1.88,1.73
2013.01.22 06:28:20.865,0.75015,0.75037,2.48,2.48
2013.01.22 06:28:21.107,0.75015,0.75037,3.23,1.73
2013.01.22 06:28:21.466,0.75022,0.7504,2.10,1.50
2013.01.22 06:28:23.189,0.75026,0.75045,2.48,2.48
2013.01.22 06:28:23.526,0.75027,0.75045,1.35,2.25
2013.01.22 06:28:24.267,0.75034,0.7505,1.35,2.25
2013.01.22 06:28:25.686,0.75033,0.75052,2.10,2.48
2013.01.22 06:28:26.267,0.75033,0.75053,2.10,2.25
2013.01.22 06:28:26.326,0.75033,0.75053,2.10,1.50
2013.01.22 06:28:26.957,0.75033,0.75053,2.10,1.73
2013.01.22 06:28:27.327,0.75038,0.75057,1.50,1.73
2013.01.22 06:28:28.656,0.75038,0.75057,1.88,1.73
2013.01.22 06:28:28.957,0.75038,0.75058,2.10,2.25
2013.01.22 06:28:29.466,0.75038,0.75058,2.10,2.48
2013.01.22 06:28:29.856,0.75038,0.75057,1.50,1.73
2013.01.22 06:28:29.917,0.75035,0.75054,3.23,2.48
2013.01.22 06:28:30.366,0.75035,0.75054,3.60,2.25
2013.01.22 06:28:31.606,0.75038,0.75057,1.88,1.73
2013.01.22 06:28:31.726,0.75038,0.75057,2.10,1.73
2013.01.22 06:28:32.265,0.75038,0.75057,1.50,2.10
2013.01.22 06:28:32.596,0.75038,0.75057,2.10,1.50
2013.01.22 06:28:40.796,0.75034,0.75055,2.48,2.25
2013.01.22 06:28:40.856,0.75034,0.75055,1.73,2.25
2013.01.22 06:28:45.463,0.75031,0.75051,2.48,1.50
2013.01.22 06:28:49.164,0.75031,0.75051,2.48,1.50
2013.01.22 06:28:56.446,0.75031,0.75051,2.48,2.25
2013.01.22 06:29:01.536,0.75028,0.7505,3.00,2.48
2013.01.22 06:29:04.976,0.75028,0.7505,1.50,2.48
2013.01.22 06:29:05.916,0.75028,0.7505,2.25,2.48
2013.01.22 06:29:06.095,0.75028,0.7505,3.98,2.48
2013.01.22 06:29:21.336,0.7503,0.7505,1.73,2.48
2013.01.22 06:29:23.307,0.75028,0.75048,3.00,2.48
2013.01.22 06:29:25.607,0.75028,0.75048,3.00,2.48
2013.01.22 06:29:29.966,0.75025,0.75045,1.50,2.48
2013.01.22 06:29:30.507,0.75024,0.75045,1.50,3.23
2013.01.22 06:29:30.657,0.75024,0.75045,1.50,3.23
2013.01.22 06:29:42.326,0.75024,0.75035,1.50,1.73
2013.01.22 06:29:42.916,0.75016,0.75036,1.50,2.48
2013.01.22 06:29:44.452,0.75016,0.75036,1.50,2.48
2013.01.22 06:29:46.587,0.75016,0.75036,1.50,2.48
2013.01.22 06:29:49.246,0.75016,0.75036,1.50,2.48
2013.01.22 06:29:49.366,0.75011,0.75033,1.73,2.48
2013.01.22 06:29:49.726,0.75011,0.75033,1.73,2.48
2013.01.22 06:29:49.846,0.75011,0.75033,1.50,2.48
2013.01.22 06:29:50.397,0.75012,0.7503,1.73,2.25
2013.01.22 06:29:50.636,0.75012,0.75034,1.73,2.48
2013.01.22 06:29:51.175,0.75012,0.75034,1.50,2.48
2013.01.22 06:29:53.245,0.75012,0.75034,1.50,2.48
2013.01.22 06:29:53.756,0.75012,0.75034,2.25,2.48
2013.01.22 06:29:54.236,0.75012,0.75034,2.25,2.48
2013.01.22 06:29:54.606,0.75012,0.75034,1.50,2.48
2013.01.22 06:29:54.937,0.75009,0.75029,1.50,2.48
2013.01.22 06:29:55.056,0.75009,0.75029,1.50,2.48
2013.01.22 06:29:56.086,0.75006,0.75025,3.00,2.48
2013.01.22 06:30:00.458,0.75006,0.75025,1.50,2.48
2013.01.22 06:30:00.636,0.75006,0.75025,1.73,2.25
2013.01.22 06:30:01.225,0.75006,0.75025,2.48,1.50
2013.01.22 06:30:01.357,0.75006,0.75025,2.48,1.73
2013.01.22 06:30:02.827,0.75006,0.75025,1.73,2.48
2013.01.22 06:30:03.337,0.75006,0.75025,2.48,1.73
2013.01.22 06:30:05.065,0.75006,0.75025,2.48,1.50
2013.01.22 06:30:06.227,0.75006,0.75025,2.48,1.50
2013.01.22 06:30:06.767,0.75006,0.75025,1.73,2.25
2013.01.22 06:30:07.288,0.75006,0.75025,2.48,1.50
2013.01.22 06:30:07.836,0.75006,0.75025,1.73,2.25
2013.01.22 06:30:08.017,0.75006,0.75023,1.73,1.50
2013.01.22 06:30:08.694,0.75001,0.75022,2.48,1.50
2013.01.22 06:30:09.215,0.75001,0.75022,1.73,2.25
2013.01.22 06:30:09.755,0.74998,0.75018,2.70,1.50
2013.01.22 06:30:09.816,0.74998,0.75018,1.73,1.50
2013.01.22 06:30:12.945,0.74994,0.75014,3.23,1.50
2013.01.22 06:30:13.547,0.74994,0.75014,2.48,1.50
2013.01.22 06:30:14.526,0.74994,0.75014,1.73,2.25
2013.01.22 06:30:14.986,0.74994,0.75012,1.58,1.50
2013.01.22 06:30:15.106,0.74991,0.75011,1.58,1.50
2013.01.22 06:30:15.226,0.7499,0.75011,1.95,2.48
2013.01.22 06:30:15.826,0.7499,0.75011,1.73,3.23
2013.01.22 06:30:17.567,0.74986,0.75008,1.73,2.85
2013.01.22 06:30:19.166,0.74986,0.75007,1.73,1.13
2013.01.22 06:30:19.346,0.74983,0.75002,1.73,2.25
2013.01.22 06:30:19.873,0.74983,0.75002,1.73,2.25
2013.01.22 06:30:19.997,0.74983,0.75002,1.73,1.50
2013.01.22 06:30:20.865,0.74984,0.75002,1.73,1.50
2013.01.22 06:30:21.487,0.74987,0.75007,1.73,2.25
2013.01.22 06:30:22.044,0.74987,0.75006,1.50,1.73
2013.01.22 06:30:22.499,0.74987,0.75007,1.73,2.48
2013.01.22 06:30:23.016,0.74987,0.75007,1.73,2.48
2013.01.22 06:30:23.356,0.74987,0.75007,1.73,1.73
2013.01.22 06:30:23.656,0.74988,0.75007,1.73,1.50
2013.01.22 06:30:23.715,0.74988,0.75007,2.48,1.50
2013.01.22 06:30:23.775,0.7499,0.75011,1.73,2.85
2013.01.22 06:30:24.216,0.7499,0.75011,3.23,1.50
2013.01.22 06:30:24.517,0.74995,0.75015,2.48,1.50
2013.01.22 06:30:24.637,0.74997,0.75018,2.48,2.48
2013.01.22 06:30:26.216,0.75,0.7502,1.50,1.73
2013.01.22 06:30:27.166,0.75,0.75019,1.50,1.73
2013.01.22 06:30:27.467,0.74998,0.75017,1.73,1.73
2013.01.22 06:30:30.217,0.74996,0.75015,2.48,1.50
2013.01.22 06:30:30.277,0.74993,0.75015,2.48,2.48
2013.01.22 06:30:30.396,0.74993,0.75014,1.73,1.73
2013.01.22 06:30:30.528,0.74993,0.75014,1.50,1.73
2013.01.22 06:30:31.046,0.7499,0.7501,2.48,1.73
2013.01.22 06:30:31.406,0.7499,0.7501,2.48,1.73
2013.01.22 06:30:36.407,0.7499,0.7501,2.48,1.73
2013.01.22 06:30:37.587,0.7499,0.7501,1.73,2.48
2013.01.22 06:30:37.787,0.74982,0.75003,3.60,2.48
2013.01.22 06:30:37.847,0.7498,0.75,2.48,2.48
2013.01.22 06:30:37.906,0.74978,0.75,2.48,2.48
2013.01.22 06:30:38.085,0.74978,0.75,2.48,2.48
2013.01.22 06:30:38.946,0.74978,0.75,2.48,2.48
2013.01.22 06:30:39.486,0.74976,0.74996,1.73,1.73
2013.01.22 06:30:40.896,0.74976,0.75,3.00,2.48
2013.01.22 06:30:41.336,0.74976,0.74995,3.23,1.50
2013.01.22 06:30:41.396,0.7498,0.74997,1.73,1.73
2013.01.22 06:30:42.786,0.7498,0.75,1.73,2.48
2013.01.22 06:30:43.286,0.7498,0.75,2.48,1.50
2013.01.22 06:30:43.587,0.74984,0.75002,1.73,1.50
2013.01.22 06:30:43.946,0.74986,0.75006,1.73,1.50
2013.01.22 06:30:44.786,0.74989,0.75008,1.73,1.73
2013.01.22 06:30:45.168,0.74992,0.75011,1.73,2.48
2013.01.22 06:30:45.226,0.74992,0.75012,1.73,2.48
2013.01.22 06:30:45.767,0.74992,0.75012,1.73,1.73
2013.01.22 06:30:47.089,0.74992,0.75012,1.73,1.73
2013.01.22 06:30:48.048,0.74992,0.75012,1.73,2.48
2013.01.22 06:30:48.646,0.74987,0.75006,1.50,2.48
2013.01.22 06:30:52.226,0.74987,0.75006,1.73,2.48
2013.01.22 06:30:56.406,0.74987,0.75006,2.48,1.73
2013.01.22 06:30:56.777,0.7499,0.7501,2.48,1.50
2013.01.22 06:30:56.957,0.74994,0.75013,1.73,1.50
2013.01.22 06:30:57.195,0.74994,0.75013,1.73,1.50
2013.01.22 06:30:58.966,0.74994,0.75013,1.73,1.50
2013.01.22 06:30:59.146,0.74997,0.75017,1.73,1.50
2013.01.22 06:30:59.207,0.74997,0.75017,1.73,1.50
2013.01.22 06:31:01.606,0.74997,0.75017,1.73,1.50
2013.01.22 06:31:02.945,0.74997,0.75017,1.73,1.73
2013.01.22 06:31:03.493,0.74997,0.75017,1.73,1.73
2013.01.22 06:31:04.047,0.74994,0.75013,2.48,1.50
2013.01.22 06:31:04.556,0.74991,0.75011,1.73,1.50
2013.01.22 06:31:04.616,0.74991,0.75011,1.73,1.73
2013.01.22 06:31:04.737,0.74991,0.75011,1.50,1.73
2013.01.22 06:31:04.877,0.74989,0.75011,1.73,2.48
2013.01.22 06:31:05.056,0.74987,0.75006,1.73,1.73
2013.01.22 06:31:06.395,0.74987,0.75006,1.73,2.48
2013.01.22 06:31:06.736,0.74982,0.75004,2.85,2.48
2013.01.22 06:31:06.856,0.74981,0.74998,1.35,2.25
2013.01.22 06:31:07.396,0.74978,0.74998,2.48,2.25
2013.01.22 06:31:07.456,0.74978,0.74998,2.48,2.25
2013.01.22 06:31:08.877,0.74978,0.74998,2.48,2.25
2013.01.22 06:31:09.056,0.74978,0.74998,1.73,2.48
2013.01.22 06:31:09.157,0.74978,0.74998,2.48,1.73
2013.01.22 06:31:09.496,0.7498,0.74998,1.73,1.50
2013.01.22 06:31:11.006,0.74982,0.75001,2.48,1.73
2013.01.22 06:31:11.796,0.74982,0.75001,2.48,1.50
2013.01.22 06:31:11.976,0.74985,0.75005,2.48,1.50
2013.01.22 06:31:12.106,0.74985,0.75005,2.48,1.50
2013.01.22 06:31:12.665,0.74985,0.75005,3.61,1.50
2013.01.22 06:31:12.916,0.74988,0.75009,2.48,2.25
2013.01.22 06:31:14.486,0.74988,0.75009,2.48,2.25
2013.01.22 06:31:14.735,0.74988,0.75009,2.48,2.25
2013.01.22 06:31:20.098,0.74988,0.75009,2.48,2.25
2013.01.22 06:31:25.880,0.74988,0.75009,2.48,2.25
2013.01.22 06:31:28.797,0.74988,0.75009,1.73,2.25
2013.01.22 06:31:29.799,0.74988,0.75009,1.73,2.25
2013.01.22 06:31:35.056,0.74995,0.75012,1.50,1.73
2013.01.22 06:31:35.297,0.74998,0.75017,1.73,1.13
2013.01.22 06:31:35.605,0.74998,0.75019,1.73,2.48
2013.01.22 06:31:42.806,0.74998,0.75019,1.73,2.48
2013.01.22 06:31:42.930,0.74998,0.75019,1.73,3.23
2013.01.22 06:31:45.109,0.74998,0.75019,1.73,2.48
2013.01.22 06:31:46.626,0.74998,0.75019,1.73,2.48
2013.01.22 06:31:46.746,0.74998,0.75019,1.50,3.23
2013.01.22 06:31:46.966,0.74998,0.75019,1.73,3.23
2013.01.22 06:31:50.486,0.74998,0.75019,2.48,2.25
2013.01.22 06:31:50.835,0.74998,0.75019,2.48,2.25
2013.01.22 06:31:53.716,0.75001,0.75023,1.73,2.25
2013.01.22 06:31:54.135,0.75001,0.75023,3.57,2.25
2013.01.22 06:31:58.876,0.75005,0.75026,1.73,2.25
2013.01.22 06:32:03.297,0.75005,0.75025,1.50,1.73
2013.01.22 06:32:03.536,0.75002,0.75022,2.48,2.25
2013.01.22 06:32:04.242,0.75002,0.75022,2.48,2.25
2013.01.22 06:32:10.673,0.75004,0.75022,1.73,2.25
2013.01.22 06:32:11.256,0.75005,0.75027,1.73,3.00
2013.01.22 06:32:14.099,0.75005,0.75027,2.48,1.50
2013.01.22 06:32:15.197,0.75005,0.75027,1.73,2.25
2013.01.22 06:32:25.267,0.75005,0.75027,2.48,1.50
2013.01.22 06:32:28.426,0.75005,0.75027,1.73,2.25
2013.01.22 06:32:31.256,0.75007,0.75026,2.48,1.50
2013.01.22 06:32:37.306,0.75005,0.75023,1.35,1.50
2013.01.22 06:32:37.816,0.75003,0.75023,1.35,2.25
2013.01.22 06:32:38.086,0.75002,0.75023,2.10,2.25
2013.01.22 06:32:38.206,0.75004,0.75023,1.35,2.25
2013.01.22 06:32:41.446,0.75002,0.75023,2.48,2.25
2013.01.22 06:32:42.226,0.75002,0.75023,2.48,2.25
2013.01.22 06:32:45.097,0.75007,0.75023,1.73,1.50
2013.01.22 06:32:45.163,0.75008,0.75029,2.10,1.50
2013.01.22 06:32:45.526,0.75008,0.7503,2.71,2.25
2013.01.22 06:32:46.848,0.75008,0.7503,3.26,2.25
2013.01.22 06:32:49.048,0.75011,0.7503,1.73,2.25
2013.01.22 06:32:55.695,0.75012,0.75034,2.48,2.25
2013.01.22 06:32:56.006,0.75016,0.75037,1.73,2.25
2013.01.22 06:32:57.206,0.7502,0.7504,1.73,1.50
2013.01.22 06:32:57.266,0.7502,0.7504,1.73,1.50
2013.01.22 06:32:57.326,0.7502,0.75041,1.73,2.25
2013.01.22 06:33:01.306,0.75016,0.75038,2.48,2.25
2013.01.22 06:33:01.426,0.75016,0.75038,3.23,2.25
2013.01.22 06:33:01.726,0.7502,0.75041,2.48,2.25
2013.01.22 06:33:02.086,0.75023,0.75043,1.73,2.25
2013.01.22 06:33:03.838,0.75021,0.75041,1.73,2.25
2013.01.22 06:33:05.427,0.75021,0.75041,2.48,1.50
2013.01.22 06:33:06.065,0.75022,0.75041,1.73,1.50
2013.01.22 06:33:06.186,0.75024,0.75046,2.48,1.50
2013.01.22 06:33:06.466,0.75028,0.75049,1.73,2.25
2013.01.22 06:33:11.736,0.75028,0.75049,1.73,2.25
2013.01.22 06:33:12.041,0.75025,0.75044,1.50,2.48
2013.01.22 06:33:12.166,0.7502,0.75042,1.50,2.25
2013.01.22 06:33:12.286,0.7502,0.75042,1.50,2.25
2013.01.22 06:33:12.826,0.7502,0.75042,1.50,2.25
2013.01.22 06:33:13.178,0.7502,0.75042,1.50,2.25
2013.01.22 06:33:13.537,0.75024,0.75045,1.50,2.63
2013.01.22 06:33:14.046,0.75024,0.75045,1.50,2.85
2013.01.22 06:33:14.747,0.75024,0.75045,1.50,2.48
2013.01.22 06:33:16.356,0.75024,0.75045,1.73,2.25
2013.01.22 06:33:16.417,0.75029,0.75049,1.50,2.85
2013.01.22 06:33:16.986,0.75029,0.75049,1.50,2.25
2013.01.22 06:33:17.346,0.75029,0.75049,1.88,2.48
2013.01.22 06:33:18.466,0.75033,0.75054,1.13,3.23
2013.01.22 06:33:18.678,0.75033,0.75054,1.35,3.23
2013.01.22 06:33:18.898,0.75032,0.75054,2.10,3.23
2013.01.22 06:33:19.267,0.75032,0.75052,2.10,1.73
2013.01.22 06:33:19.926,0.75029,0.75049,2.48,2.25
2013.01.22 06:33:20.046,0.75032,0.75051,2.48,1.73
2013.01.22 06:33:24.368,0.75032,0.75053,1.73,2.48
2013.01.22 06:33:24.688,0.7503,0.75049,2.48,2.48
2013.01.22 06:33:24.926,0.75029,0.75049,2.25,3.23
2013.01.22 06:33:25.046,0.75029,0.75049,2.25,3.23
2013.01.22 06:33:29.288,0.75029,0.75049,2.48,2.25
2013.01.22 06:33:29.407,0.75029,0.75049,1.73,2.25
2013.01.22 06:33:29.966,0.75029,0.75049,1.50,2.48
2013.01.22 06:33:30.614,0.75029,0.75049,1.73,2.25
2013.01.22 06:33:31.506,0.75029,0.75049,1.73,2.25
2013.01.22 06:33:31.627,0.75029,0.75049,1.73,2.25
2013.01.22 06:33:32.396,0.75029,0.75049,2.48,3.00
2013.01.22 06:33:34.597,0.75029,0.75049,2.25,3.23
2013.01.22 06:33:35.340,0.75029,0.75049,1.73,2.48
2013.01.22 06:33:35.648,0.75033,0.75052,1.50,2.48
2013.01.22 06:33:37.630,0.75034,0.75052,2.25,1.73
2013.01.22 06:33:37.696,0.75036,0.75054,2.48,1.73
2013.01.22 06:33:50.877,0.75036,0.75058,1.73,2.48
2013.01.22 06:33:57.716,0.75037,0.75059,1.50,3.23
2013.01.22 06:33:59.357,0.75037,0.75059,2.10,3.23
2013.01.22 06:33:59.717,0.75044,0.75062,1.50,1.73
2013.01.22 06:34:01.217,0.75044,0.75062,1.50,1.73
2013.01.22 06:34:01.548,0.75044,0.75065,1.50,3.60
2013.01.22 06:34:02.026,0.75044,0.75065,1.73,3.23
2013.01.22 06:34:02.206,0.75044,0.75065,1.50,2.48
2013.01.22 06:34:03.327,0.75049,0.75066,1.50,2.10
2013.01.22 06:34:04.758,0.75049,0.75066,1.50,1.35
2013.01.22 06:34:05.528,0.75049,0.75066,1.50,1.35
2013.01.22 06:34:12.947,0.75044,0.75063,1.50,1.73
2013.01.22 06:34:13.067,0.75041,0.75061,1.50,2.48
2013.01.22 06:34:13.126,0.75038,0.75057,1.88,2.48
2013.01.22 06:34:13.726,0.75038,0.75057,1.50,2.48
2013.01.22 06:34:13.927,0.75038,0.75057,1.50,2.48
2013.01.22 06:34:14.558,0.75038,0.75057,1.73,2.48
2013.01.22 06:34:16.207,0.75038,0.75057,1.73,2.25
2013.01.22 06:34:17.469,0.75038,0.75057,1.73,2.25
2013.01.22 06:34:22.823,0.75038,0.75057,1.73,2.48
2013.01.22 06:34:29.566,0.75034,0.75055,4.73,2.48
2013.01.22 06:34:29.687,0.75034,0.75052,1.73,1.50
2013.01.22 06:34:30.047,0.75033,0.75054,2.10,2.48
2013.01.22 06:34:30.597,0.75033,0.75055,1.88,2.48
2013.01.22 06:34:30.777,0.75033,0.75055,2.10,2.48
2013.01.22 06:34:32.017,0.75033,0.75055,2.10,2.48
2013.01.22 06:34:37.504,0.75033,0.75055,2.85,2.48
2013.01.22 06:34:38.027,0.75033,0.75055,2.85,3.98
2013.01.22 06:34:41.977,0.75034,0.75054,2.25,2.48
2013.01.22 06:34:42.337,0.75032,0.75051,2.85,2.48
2013.01.22 06:34:43.227,0.75033,0.75054,2.10,3.23
2013.01.22 06:34:45.769,0.75033,0.75054,2.10,2.48
2013.01.22 06:34:51.656,0.75033,0.75054,2.10,2.48
2013.01.22 06:34:51.776,0.75033,0.75054,2.10,2.48
2013.01.22 06:34:52.086,0.75033,0.75051,2.10,1.73
2013.01.22 06:34:53.317,0.75029,0.75049,2.48,2.48
2013.01.22 06:34:53.576,0.75029,0.75049,1.73,2.48
2013.01.22 06:34:53.638,0.75029,0.75049,1.50,2.48
2013.01.22 06:34:54.818,0.75029,0.75049,1.50,2.48
2013.01.22 06:34:56.618,0.75029,0.75049,1.50,2.48
2013.01.22 06:35:02.478,0.75029,0.75049,1.50,2.48
2013.01.22 06:35:03.510,0.75026,0.75044,1.35,2.25
2013.01.22 06:35:09.916,0.75022,0.75044,3.60,2.25
2013.01.22 06:35:10.457,0.75022,0.75044,2.85,2.48
2013.01.22 06:35:11.176,0.75022,0.75039,1.35,1.50
2013.01.22 06:35:11.357,0.75022,0.75039,1.13,1.50
2013.01.22 06:35:11.476,0.75022,0.75037,1.13,1.50
2013.01.22 06:35:14.046,0.75022,0.75039,1.13,1.50
2013.01.22 06:35:14.106,0.75022,0.75041,1.13,1.73
2013.01.22 06:35:14.227,0.75022,0.75041,1.35,1.50
2013.01.22 06:35:14.646,0.75023,0.75044,1.73,2.25
2013.01.22 06:35:16.101,0.75023,0.75044,2.48,2.25
2013.01.22 06:35:26.577,0.75023,0.75041,1.73,1.50
2013.01.22 06:35:26.816,0.75023,0.75044,2.48,2.25
2013.01.22 06:35:27.287,0.75023,0.75044,3.60,2.25
2013.01.22 06:35:27.407,0.75025,0.75044,1.73,2.25
2013.01.22 06:35:28.458,0.75025,0.75044,1.73,2.25
2013.01.22 06:35:29.686,0.75024,0.75044,1.73,2.48
2013.01.22 06:35:30.746,0.75023,0.75044,2.85,2.48
2013.01.22 06:35:30.807,0.75023,0.75044,2.85,2.48
2013.01.22 06:35:31.327,0.75023,0.75044,2.10,2.48
2013.01.22 06:35:32.296,0.75023,0.75044,1.73,2.48
2013.01.22 06:35:33.687,0.75023,0.75044,2.48,2.48
2013.01.22 06:35:33.747,0.75025,0.75044,1.73,2.25
2013.01.22 06:35:35.447,0.75028,0.75044,1.35,1.50
2013.01.22 06:35:35.507,0.75028,0.75049,1.35,2.25
2013.01.22 06:35:35.627,0.75028,0.75049,1.35,2.25
2013.01.22 06:35:35.988,0.75027,0.75049,2.85,2.25
2013.01.22 06:35:36.108,0.75027,0.75049,2.48,2.48
2013.01.22 06:35:37.766,0.75027,0.75049,2.48,2.48
2013.01.22 06:35:40.928,0.75029,0.75049,1.73,2.25
2013.01.22 06:35:43.958,0.75029,0.75049,1.73,2.25
2013.01.22 06:35:44.137,0.75028,0.75049,1.35,2.48
2013.01.22 06:35:46.330,0.75027,0.75049,3.60,2.48
2013.01.22 06:36:01.908,0.75025,0.75045,1.73,2.25
2013.01.22 06:36:02.107,0.75025,0.75045,1.73,2.48
2013.01.22 06:36:06.207,0.75026,0.75045,1.73,2.48
2013.01.22 06:36:06.327,0.75026,0.75045,1.73,2.25
2013.01.22 06:36:07.217,0.75028,0.75049,2.48,2.48
2013.01.22 06:36:08.887,0.75029,0.75049,1.35,1.73
2013.01.22 06:36:09.197,0.75031,0.75053,2.48,2.48
2013.01.22 06:36:09.257,0.75031,0.75053,2.25,2.48
2013.01.22 06:36:09.717,0.75031,0.75053,2.48,1.73
2013.01.22 06:36:12.507,0.75031,0.75052,2.48,1.73
2013.01.22 06:36:12.688,0.75031,0.75053,2.48,2.48
2013.01.22 06:36:12.867,0.75031,0.75053,2.48,1.73
2013.01.22 06:36:12.987,0.75031,0.75052,2.48,1.50
2013.01.22 06:36:13.047,0.75031,0.75052,2.25,1.73
2013.01.22 06:36:13.167,0.75031,0.75053,2.25,3.23
2013.01.22 06:36:13.347,0.75031,0.75053,2.48,2.48
2013.01.22 06:36:22.702,0.75031,0.75047,1.73,1.50
2013.01.22 06:36:22.829,0.75032,0.7505,2.48,1.50
2013.01.22 06:36:22.888,0.75032,0.75054,2.48,2.48
2013.01.22 06:36:23.469,0.75032,0.75054,2.48,3.23
2013.01.22 06:36:23.538,0.75032,0.75054,2.25,3.23
2013.01.22 06:36:27.316,0.75034,0.75054,1.50,3.23
2013.01.22 06:36:28.026,0.75037,0.75054,1.50,1.73
2013.01.22 06:36:28.207,0.75037,0.75054,2.48,1.50
2013.01.22 06:36:28.507,0.75037,0.75059,2.48,2.48
2013.01.22 06:36:28.627,0.75037,0.75059,2.48,2.48
2013.01.22 06:36:29.476,0.75037,0.75059,2.48,2.48
2013.01.22 06:36:33.126,0.75037,0.75059,2.25,3.23
2013.01.22 06:36:33.306,0.75037,0.75059,2.25,2.48
2013.01.22 06:36:33.607,0.75037,0.75056,1.50,1.73
2013.01.22 06:36:33.786,0.75037,0.75059,1.50,2.48
2013.01.22 06:36:33.907,0.75037,0.75059,1.73,2.48
2013.01.22 06:36:34.087,0.75037,0.75059,1.73,2.48
2013.01.22 06:36:34.817,0.75037,0.75059,1.50,2.48
2013.01.22 06:36:34.876,0.75037,0.75059,3.00,2.48
2013.01.22 06:36:34.997,0.75037,0.75059,3.23,2.48
2013.01.22 06:36:41.566,0.75037,0.75059,3.23,2.48
2013.01.22 06:36:41.746,0.75037,0.75059,1.73,2.48
2013.01.22 06:36:48.887,0.75034,0.75055,2.10,1.73
2013.01.22 06:36:49.128,0.75037,0.75059,2.48,3.00
2013.01.22 06:36:54.705,0.75044,0.75061,1.50,2.25
2013.01.22 06:36:54.768,0.75045,0.75065,2.25,1.73
2013.01.22 06:36:55.327,0.75045,0.75066,2.48,3.23
2013.01.22 06:36:56.596,0.75049,0.75068,1.50,2.48
2013.01.22 06:36:58.136,0.75049,0.75069,1.73,4.50
2013.01.22 06:37:06.857,0.75046,0.75065,2.48,2.25
2013.01.22 06:37:08.347,0.75046,0.75065,2.48,1.50
2013.01.22 06:37:09.067,0.75046,0.75065,2.48,2.25
2013.01.22 06:37:09.737,0.75046,0.75065,2.48,2.48
2013.01.22 06:37:10.599,0.75046,0.75065,1.73,2.48
2013.01.22 06:37:12.989,0.75042,0.75062,2.48,1.50
2013.01.22 06:37:13.047,0.75042,0.75062,2.48,1.50
2013.01.22 06:37:13.166,0.75042,0.75062,2.48,1.50
2013.01.22 06:37:13.378,0.75042,0.75062,1.73,2.25
2013.01.22 06:37:14.837,0.75042,0.75062,2.48,1.50
2013.01.22 06:37:18.697,0.75047,0.75064,1.73,1.50
2013.01.22 06:37:18.756,0.75047,0.75065,1.73,2.25
2013.01.22 06:37:22.688,0.75051,0.75069,2.48,1.50
2013.01.22 06:37:22.752,0.75051,0.75069,2.48,1.50
2013.01.22 06:37:23.088,0.75052,0.75069,1.73,1.50
2013.01.22 06:37:23.516,0.75055,0.75075,2.48,2.25
2013.01.22 06:37:24.522,0.75055,0.7507,2.48,1.50
2013.01.22 06:37:24.826,0.75055,0.75074,2.48,2.25
2013.01.22 06:37:24.888,0.75055,0.75074,2.48,2.25
2013.01.22 06:37:25.006,0.75055,0.75071,2.48,1.50
2013.01.22 06:37:25.317,0.75055,0.75069,2.48,1.50
2013.01.22 06:37:25.437,0.75055,0.75069,2.48,1.50
2013.01.22 06:37:26.329,0.75055,0.75069,1.73,2.25
2013.01.22 06:37:27.827,0.75051,0.75069,3.98,2.25
2013.01.22 06:37:27.948,0.75051,0.75066,2.48,1.50
2013.01.22 06:37:28.187,0.75051,0.75066,2.48,1.50
2013.01.22 06:37:28.247,0.75047,0.75066,2.48,2.25
2013.01.22 06:37:28.307,0.75047,0.75066,2.48,2.25
2013.01.22 06:37:38.006,0.75047,0.75066,1.73,2.25
2013.01.22 06:37:38.066,0.75047,0.75066,1.50,3.23
2013.01.22 06:37:39.797,0.75052,0.75066,1.50,1.73
2013.01.22 06:37:40.106,0.75052,0.75067,1.50,3.23
2013.01.22 06:37:42.216,0.75052,0.75071,2.48,1.73
2013.01.22 06:37:42.583,0.75055,0.75073,1.50,1.73
2013.01.22 06:37:45.157,0.75055,0.75075,1.73,1.73
2013.01.22 06:37:45.716,0.75055,0.75075,1.73,1.73
2013.01.22 06:37:47.117,0.75053,0.75072,1.50,1.73
2013.01.22 06:37:47.177,0.75051,0.75072,1.88,1.73
2013.01.22 06:37:50.228,0.75057,0.75075,1.50,1.73
2013.01.22 06:37:50.769,0.75057,0.75075,1.50,1.73
2013.01.22 06:37:51.277,0.75057,0.75072,1.50,1.73
2013.01.22 06:37:51.656,0.75057,0.75072,1.50,1.73
2013.01.22 06:37:52.196,0.75057,0.75076,1.50,3.23
2013.01.22 06:37:55.350,0.75052,0.75072,2.63,2.48
2013.01.22 06:37:55.838,0.75047,0.75069,1.50,2.48
2013.01.22 06:37:56.350,0.75047,0.75069,1.50,2.48
2013.01.22 06:37:56.537,0.75044,0.75064,1.88,2.25
2013.01.22 06:37:57.427,0.75044,0.75064,1.50,2.25
2013.01.22 06:37:58.407,0.7504,0.75062,2.48,1.50
2013.01.22 06:37:58.590,0.7504,0.7506,2.48,1.50
2013.01.22 06:37:58.947,0.75036,0.75059,1.73,2.48
2013.01.22 06:37:59.267,0.75036,0.75054,1.73,1.50
2013.01.22 06:38:07.557,0.75037,0.75056,1.73,1.50
2013.01.22 06:38:07.677,0.7504,0.7506,1.35,1.73
2013.01.22 06:38:07.738,0.75041,0.7506,1.73,1.50
2013.01.22 06:38:08.687,0.75041,0.7506,1.73,1.50
2013.01.22 06:38:08.807,0.75041,0.7506,1.73,1.50
2013.01.22 06:38:12.608,0.75041,0.7506,1.73,1.73
2013.01.22 06:38:13.027,0.75038,0.7506,1.35,2.48
2013.01.22 06:38:13.207,0.75037,0.7506,2.10,2.48
2013.01.22 06:38:13.267,0.75037,0.7506,2.10,2.48
2013.01.22 06:38:13.954,0.75036,0.75059,2.48,1.73
2013.01.22 06:38:14.626,0.75035,0.75055,2.85,1.50
2013.01.22 06:38:19.777,0.75036,0.75055,1.73,1.50
2013.01.22 06:38:20.017,0.75035,0.75054,1.73,1.50
2013.01.22 06:38:21.600,0.75035,0.75054,1.73,1.50
2013.01.22 06:38:21.727,0.75036,0.75056,1.58,1.50
2013.01.22 06:38:21.787,0.75036,0.75059,2.33,2.25
2013.01.22 06:38:22.147,0.75041,0.75059,1.35,1.50
2013.01.22 06:38:25.029,0.75041,0.7506,2.10,1.50
2013.01.22 06:38:31.217,0.7504,0.7506,2.25,1.50
2013.01.22 06:38:35.617,0.75048,0.75062,1.50,1.50
2013.01.22 06:38:35.678,0.75048,0.75067,1.50,1.73
2013.01.22 06:38:35.738,0.75048,0.75067,1.73,1.50
2013.01.22 06:38:36.436,0.75053,0.75072,1.50,2.48
2013.01.22 06:38:36.687,0.75053,0.75072,1.50,1.50
2013.01.22 06:38:37.054,0.75053,0.75072,1.50,2.25
2013.01.22 06:38:37.608,0.75053,0.75072,1.50,1.50
2013.01.22 06:38:39.116,0.75053,0.75072,1.50,2.25
2013.01.22 06:38:44.079,0.75049,0.75068,1.73,2.25
2013.01.22 06:38:44.260,0.75047,0.75065,3.00,2.25
2013.01.22 06:38:44.449,0.75044,0.75065,1.50,2.25
2013.01.22 06:38:44.628,0.75042,0.75062,1.73,1.50
2013.01.22 06:38:45.277,0.7504,0.75062,2.48,1.73
2013.01.22 06:38:45.672,0.7504,0.75062,1.73,2.48
2013.01.22 06:38:47.066,0.75036,0.75057,2.48,1.50
2013.01.22 06:38:47.126,0.75036,0.75057,2.25,1.50
2013.01.22 06:38:47.514,0.75036,0.75057,1.50,2.25
2013.01.22 06:38:49.427,0.75034,0.75054,1.73,2.25
2013.01.22 06:38:49.547,0.75032,0.75054,2.25,2.48
2013.01.22 06:39:00.996,0.75032,0.75054,2.48,2.25
2013.01.22 06:39:12.117,0.75035,0.75055,1.50,2.25
2013.01.22 06:39:12.238,0.75038,0.75059,1.73,2.25
2013.01.22 06:39:12.815,0.75038,0.75059,1.50,2.25
2013.01.22 06:39:15.386,0.75038,0.75059,1.50,2.25
2013.01.22 06:39:16.000,0.75038,0.75059,1.73,2.25
2013.01.22 06:39:18.547,0.75043,0.75063,1.50,2.25
2013.01.22 06:39:19.837,0.75043,0.75063,1.50,1.50
2013.01.22 06:39:28.748,0.75043,0.75063,1.50,2.25
2013.01.22 06:39:29.878,0.75043,0.75063,1.88,2.25
2013.01.22 06:39:35.087,0.75043,0.75063,2.48,2.25
2013.01.22 06:39:35.447,0.7505,0.75072,1.50,2.48
2013.01.22 06:39:36.019,0.75044,0.75064,1.73,2.25
2013.01.22 06:39:36.090,0.75044,0.75064,1.50,2.48
2013.01.22 06:39:38.271,0.75048,0.75067,1.50,2.48
2013.01.22 06:39:44.927,0.75048,0.75068,1.50,2.25
2013.01.22 06:39:45.048,0.75048,0.75068,2.48,2.25
2013.01.22 06:39:45.168,0.75048,0.75068,1.88,2.25
2013.01.22 06:39:45.590,0.75042,0.75063,2.25,1.50
2013.01.22 06:39:45.717,0.75042,0.75063,1.50,1.50
2013.01.22 06:39:49.057,0.75041,0.7506,2.25,1.50
2013.01.22 06:39:50.570,0.75043,0.75062,1.50,3.00
2013.01.22 06:39:56.656,0.75039,0.75059,2.48,1.50
2013.01.22 06:39:58.749,0.75039,0.75059,1.73,2.25
2013.01.22 06:39:58.887,0.75043,0.75062,1.50,2.25
2013.01.22 06:40:04.387,0.75038,0.75059,1.73,2.25
2013.01.22 06:40:05.840,0.75042,0.75061,1.50,2.25
2013.01.22 06:40:06.221,0.75042,0.75062,1.50,1.50
2013.01.22 06:40:06.347,0.75042,0.75062,1.73,1.50
2013.01.22 06:40:07.257,0.75042,0.75062,1.50,2.25
2013.01.22 06:40:13.387,0.7504,0.75059,1.73,2.25
2013.01.22 06:40:13.508,0.75037,0.75059,1.73,2.48
2013.01.22 06:40:13.894,0.75037,0.75059,2.48,2.25
2013.01.22 06:40:14.527,0.75037,0.75056,1.73,2.48
2013.01.22 06:40:15.066,0.75037,0.75056,1.73,2.25
2013.01.22 06:40:16.700,0.75037,0.75055,1.88,2.48
2013.01.22 06:40:16.817,0.75037,0.7505,1.13,1.50
2013.01.22 06:40:16.996,0.75031,0.7505,3.23,2.25
2013.01.22 06:40:19.337,0.75031,0.7505,2.48,1.50
2013.01.22 06:40:19.897,0.75031,0.7505,2.48,2.25
2013.01.22 06:40:20.077,0.75028,0.75048,1.35,1.50
2013.01.22 06:40:20.830,0.75027,0.75048,1.73,2.25
2013.01.22 06:40:21.161,0.75026,0.75048,3.23,2.25
2013.01.22 06:40:25.448,0.75029,0.75048,1.35,2.25
2013.01.22 06:40:28.467,0.75031,0.75053,3.23,3.23
2013.01.22 06:40:28.603,0.75031,0.75053,3.79,2.25
2013.01.22 06:40:28.728,0.75036,0.75053,2.10,2.25
2013.01.22 06:40:30.437,0.75036,0.75055,1.35,1.50
2013.01.22 06:40:30.987,0.75033,0.75055,2.10,2.25
2013.01.22 06:40:31.047,0.75033,0.75055,2.10,2.48
2013.01.22 06:40:31.407,0.75031,0.7505,1.35,1.50
2013.01.22 06:40:31.587,0.75032,0.75054,2.48,1.50
2013.01.22 06:40:31.788,0.75032,0.75054,1.73,2.48
2013.01.22 06:40:31.907,0.75032,0.75054,1.73,2.48
2013.01.22 06:40:32.416,0.75029,0.7505,1.50,2.25
2013.01.22 06:40:52.668,0.7503,0.7505,1.50,2.25
2013.01.22 06:40:54.827,0.7503,0.7505,2.85,1.50
2013.01.22 06:40:55.147,0.75035,0.7505,1.13,1.50
2013.01.22 06:40:55.386,0.75035,0.75055,1.35,2.25
2013.01.22 06:40:57.487,0.75034,0.75055,1.73,2.48
2013.01.22 06:40:57.667,0.75034,0.75055,2.10,2.25
2013.01.22 06:41:01.962,0.75037,0.75059,2.48,2.48
2013.01.22 06:41:07.617,0.75037,0.75059,2.48,3.23
2013.01.22 06:41:07.920,0.75041,0.75061,2.25,1.73
2013.01.22 06:41:08.516,0.75041,0.75061,2.48,1.73
2013.01.22 06:41:13.666,0.75041,0.75061,2.48,1.50
2013.01.22 06:41:14.757,0.75046,0.75064,1.73,1.13
2013.01.22 06:41:14.941,0.75046,0.75067,2.48,3.00
2013.01.22 06:41:16.987,0.75049,0.75071,1.73,3.00
2013.01.22 06:41:18.548,0.75047,0.75067,1.73,2.25
2013.01.22 06:41:18.668,0.75046,0.75067,2.48,2.48
2013.01.22 06:41:18.848,0.75046,0.75066,3.98,1.73
2013.01.22 06:41:18.967,0.75046,0.75066,3.23,1.73
2013.01.22 06:41:22.067,0.75046,0.75066,2.48,1.73
2013.01.22 06:41:22.188,0.75046,0.75066,2.75,1.50
2013.01.22 06:41:23.517,0.75047,0.75067,1.73,2.25
2013.01.22 06:41:23.937,0.75046,0.75067,1.73,3.23
2013.01.22 06:41:27.577,0.75043,0.75063,2.48,2.25
2013.01.22 06:41:30.204,0.75047,0.75065,1.50,1.73
2013.01.22 06:41:32.937,0.75047,0.75065,1.50,1.73
2013.01.22 06:41:32.997,0.75045,0.75064,1.50,2.48
2013.01.22 06:41:33.226,0.75042,0.75064,1.73,2.48
2013.01.22 06:41:42.047,0.75042,0.75064,1.73,3.23
2013.01.22 06:41:43.918,0.75042,0.75064,1.73,3.23
2013.01.22 06:41:44.277,0.7504,0.75057,1.73,1.50
2013.01.22 06:41:44.337,0.75038,0.75057,2.48,1.73
2013.01.22 06:41:44.637,0.75038,0.75057,1.73,2.48
2013.01.22 06:41:45.637,0.75038,0.75057,1.88,2.48
2013.01.22 06:41:45.878,0.75034,0.75053,1.73,1.73
2013.01.22 06:41:45.938,0.75034,0.75053,1.73,1.50
2013.01.22 06:41:46.297,0.75034,0.75053,1.73,2.25
2013.01.22 06:41:46.417,0.75034,0.75053,1.73,2.25
2013.01.22 06:41:46.997,0.75034,0.75053,1.73,3.00
2013.01.22 06:41:48.467,0.7503,0.7505,2.10,2.48
2013.01.22 06:42:05.807,0.75027,0.75047,1.73,1.50
2013.01.22 06:42:05.867,0.7503,0.75049,1.73,2.25
2013.01.22 06:42:06.387,0.7503,0.75049,2.48,2.25
2013.01.22 06:42:19.897,0.75032,0.75049,1.73,1.50
2013.01.22 06:42:20.077,0.75033,0.75054,2.10,2.25
2013.01.22 06:42:21.237,0.75033,0.75054,1.35,2.25
2013.01.22 06:42:21.357,0.75033,0.75054,1.35,2.25
2013.01.22 06:42:27.386,0.75032,0.75054,3.60,2.25
2013.01.22 06:42:27.626,0.75034,0.75054,1.35,2.25
2013.01.22 06:42:29.333,0.75035,0.75053,1.73,1.50
2013.01.22 06:42:30.488,0.75034,0.75051,1.73,1.50
2013.01.22 06:42:30.608,0.75036,0.75051,1.73,1.50
2013.01.22 06:42:30.727,0.75036,0.75054,1.73,1.50
2013.01.22 06:42:30.907,0.75037,0.75056,2.48,1.50
2013.01.22 06:42:41.993,0.75039,0.75059,1.73,2.25
2013.01.22 06:42:49.357,0.75039,0.75061,1.73,2.25
2013.01.22 06:42:55.286,0.75035,0.75057,2.48,2.25
2013.01.22 06:43:02.508,0.75035,0.75055,1.73,2.25
2013.01.22 06:43:02.568,0.75031,0.75053,2.85,2.25
2013.01.22 06:43:03.076,0.75029,0.75048,2.10,1.50
2013.01.22 06:43:06.947,0.75029,0.75048,1.73,1.50
2013.01.22 06:43:07.178,0.75029,0.75048,1.73,2.25
2013.01.22 06:43:09.707,0.75031,0.75053,1.73,2.25
2013.01.22 06:43:09.888,0.75031,0.75053,1.73,2.25
2013.01.22 06:43:12.347,0.75031,0.75053,1.73,2.48
2013.01.22 06:43:13.128,0.75031,0.75053,1.73,3.23
2013.01.22 06:43:15.380,0.75031,0.75053,1.73,3.23
2013.01.22 06:43:18.018,0.75034,0.75053,1.73,2.25
2013.01.22 06:43:19.489,0.75039,0.75058,1.73,1.50
2013.01.22 06:43:23.176,0.75039,0.75061,1.73,3.23
2013.01.22 06:43:31.068,0.75036,0.75057,1.50,3.23
2013.01.22 06:43:31.188,0.75036,0.75057,1.50,3.23
2013.01.22 06:43:31.766,0.75032,0.75053,1.73,2.48
2013.01.22 06:43:43.326,0.75032,0.75053,2.48,2.48
2013.01.22 06:43:47.458,0.75032,0.7505,2.48,1.73
2013.01.22 06:43:52.467,0.75032,0.75049,2.25,1.73
2013.01.22 06:43:52.829,0.75032,0.75049,2.25,1.73
2013.01.22 06:43:53.037,0.75032,0.7505,1.50,1.73
2013.01.22 06:44:01.907,0.75032,0.75049,1.50,1.73
2013.01.22 06:44:01.968,0.75028,0.75049,1.73,3.23
2013.01.22 06:44:02.201,0.75028,0.75049,1.73,3.00
2013.01.22 06:44:02.331,0.75028,0.75049,1.50,3.23
2013.01.22 06:44:06.848,0.75023,0.75042,1.73,1.50
2013.01.22 06:44:09.317,0.75025,0.75047,1.50,3.23
2013.01.22 06:44:15.638,0.75025,0.75047,3.23,1.50
2013.01.22 06:44:17.078,0.75025,0.75044,2.48,2.25
2013.01.22 06:44:17.198,0.75023,0.75042,2.48,1.50
2013.01.22 06:44:18.309,0.75023,0.75042,2.48,1.50
2013.01.22 06:44:19.328,0.75023,0.75042,2.48,1.73
2013.01.22 06:44:33.387,0.75023,0.75042,1.73,2.48
2013.01.22 06:44:36.219,0.75023,0.75041,1.50,2.48
2013.01.22 06:44:36.338,0.75018,0.75039,1.73,2.48
2013.01.22 06:44:47.899,0.75017,0.75039,2.48,1.73
2013.01.22 06:44:48.018,0.75017,0.75039,4.35,1.50
2013.01.22 06:44:48.198,0.75021,0.75043,2.48,1.73
2013.01.22 06:44:48.832,0.75021,0.75043,2.48,2.48
2013.01.22 06:44:53.298,0.75021,0.75043,1.50,3.23
2013.01.22 06:44:55.398,0.75021,0.75043,1.73,3.23
2013.01.22 06:44:55.838,0.75021,0.75043,2.48,1.73
2013.01.22 06:45:06.207,0.75021,0.75043,1.73,2.48
2013.01.22 06:45:07.107,0.75021,0.75043,2.48,2.48
2013.01.22 06:45:11.188,0.75023,0.75043,1.73,2.48
2013.01.22 06:45:14.937,0.75023,0.75043,2.25,2.48
2013.01.22 06:45:15.117,0.75023,0.75043,2.48,2.25
2013.01.22 06:45:18.269,0.75023,0.75043,1.73,2.25
2013.01.22 06:45:28.572,0.75026,0.75045,1.50,2.48
2013.01.22 06:45:29.468,0.75026,0.75045,1.50,2.48
2013.01.22 06:45:36.168,0.75026,0.75045,2.25,2.48
2013.01.22 06:45:41.650,0.75026,0.75045,1.50,2.48
2013.01.22 06:45:44.228,0.75026,0.75045,1.50,2.48
2013.01.22 06:45:44.353,0.75026,0.75045,1.73,2.48
2013.01.22 06:46:00.058,0.75028,0.7505,1.73,3.23
2013.01.22 06:46:00.428,0.75028,0.7505,2.48,2.48
2013.01.22 06:46:00.489,0.75028,0.7505,1.73,2.48
2013.01.22 06:46:00.550,0.75033,0.75052,1.50,2.48
2013.01.22 06:46:01.379,0.75033,0.75053,1.88,3.23
2013.01.22 06:46:01.738,0.75038,0.7506,1.73,3.23
2013.01.22 06:46:02.077,0.75038,0.7506,2.48,3.23
2013.01.22 06:46:03.409,0.75038,0.7506,1.73,3.23
2013.01.22 06:46:03.767,0.75038,0.75053,1.50,1.73
2013.01.22 06:46:04.448,0.75035,0.75053,1.50,1.73
2013.01.22 06:46:04.728,0.75035,0.75053,1.50,1.73
2013.01.22 06:46:05.149,0.75031,0.7505,1.50,1.73
2013.01.22 06:46:05.387,0.75031,0.75051,1.73,3.23
2013.01.22 06:46:05.508,0.75031,0.75051,1.50,3.23
2013.01.22 06:46:05.568,0.75035,0.75051,1.50,1.73
2013.01.22 06:46:05.808,0.7503,0.75045,1.50,1.73
2013.01.22 06:46:05.869,0.75028,0.75045,1.50,1.73
2013.01.22 06:46:06.227,0.75027,0.75045,1.50,1.73
2013.01.22 06:46:06.859,0.75027,0.75043,1.50,1.73
2013.01.22 06:46:07.508,0.75027,0.75042,1.50,1.73
2013.01.22 06:46:07.808,0.7503,0.75049,1.50,1.73
2013.01.22 06:46:15.679,0.7503,0.75051,2.25,3.23
2013.01.22 06:46:15.738,0.7503,0.75051,2.48,2.25
2013.01.22 06:46:20.232,0.7503,0.75051,3.23,1.50
2013.01.22 06:46:20.539,0.75036,0.75053,2.48,1.50
2013.01.22 06:46:21.098,0.75036,0.75055,2.48,1.50
2013.01.22 06:46:27.998,0.75036,0.75057,1.73,3.23
2013.01.22 06:46:31.657,0.75036,0.75056,1.73,1.73
2013.01.22 06:46:31.777,0.75036,0.75056,1.73,1.73
2013.01.22 06:46:31.847,0.75036,0.75056,1.73,1.73
2013.01.22 06:46:34.209,0.75036,0.75051,1.50,1.73
2013.01.22 06:46:34.649,0.75032,0.75051,2.48,1.50
2013.01.22 06:46:40.191,0.75032,0.75051,2.48,1.73
2013.01.22 06:46:54.407,0.75032,0.75054,2.48,2.48
2013.01.22 06:46:54.589,0.75038,0.75059,2.25,1.73
2013.01.22 06:46:54.827,0.75038,0.75059,2.48,1.50
2013.01.22 06:46:54.888,0.75038,0.75059,1.50,1.73
2013.01.22 06:46:59.749,0.75038,0.75058,1.73,1.50
2013.01.22 06:47:00.500,0.75038,0.7506,1.73,3.23
2013.01.22 06:47:00.827,0.75038,0.7506,1.50,3.23
2013.01.22 06:47:14.567,0.75039,0.75057,1.50,1.73
2013.01.22 06:47:31.268,0.75039,0.7506,1.73,1.73
2013.01.22 06:47:31.343,0.75039,0.75058,1.50,1.73
2013.01.22 06:47:31.901,0.75039,0.75059,1.73,1.73
2013.01.22 06:47:33.098,0.75039,0.75059,1.73,1.73
2013.01.22 06:47:35.619,0.75042,0.7506,1.50,1.73
2013.01.22 06:47:37.998,0.75042,0.75061,1.50,1.73
2013.01.22 06:47:38.238,0.75046,0.75061,1.50,1.73
2013.01.22 06:47:39.248,0.75046,0.75067,1.50,1.73
2013.01.22 06:47:39.788,0.75046,0.75066,1.73,1.73
2013.01.22 06:47:45.149,0.75046,0.75068,2.48,3.23
2013.01.22 06:47:45.327,0.75048,0.75068,2.10,2.25
2013.01.22 06:47:45.987,0.75051,0.7507,1.50,2.48
2013.01.22 06:47:46.349,0.75048,0.75067,1.50,2.48
2013.01.22 06:47:46.877,0.75047,0.75067,1.50,2.48
2013.01.22 06:47:47.928,0.75047,0.75067,2.25,1.73
2013.01.22 06:47:48.169,0.75051,0.7507,3.23,2.25
2013.01.22 06:47:49.424,0.75051,0.7507,2.48,2.25
2013.01.22 06:47:49.492,0.75051,0.7507,2.25,2.48
2013.01.22 06:47:50.259,0.75051,0.7507,1.50,2.48
2013.01.22 06:47:50.919,0.75051,0.7507,1.50,2.48
2013.01.22 06:47:52.469,0.75051,0.7507,2.25,2.48
2013.01.22 06:47:55.315,0.75051,0.7507,2.25,2.48
2013.01.22 06:47:55.619,0.75053,0.7507,1.50,1.73
2013.01.22 06:47:55.918,0.75061,0.75079,1.50,2.48
2013.01.22 06:47:55.978,0.75057,0.75079,3.00,2.48
2013.01.22 06:47:56.038,0.75057,0.75079,3.60,2.48
2013.01.22 06:47:56.401,0.75057,0.75079,2.48,2.48
2013.01.22 06:47:56.708,0.75057,0.75079,2.25,2.48
2013.01.22 06:47:57.087,0.75057,0.75079,2.25,2.48
2013.01.22 06:47:57.268,0.75057,0.75079,2.25,2.48
2013.01.22 06:47:57.328,0.75062,0.7508,1.50,1.35
2013.01.22 06:47:57.389,0.75062,0.7508,1.50,1.35
2013.01.22 06:47:57.448,0.75062,0.7508,2.25,1.35
2013.01.22 06:47:57.807,0.75066,0.75085,2.25,2.48
2013.01.22 06:47:57.867,0.75066,0.75085,2.25,2.48
2013.01.22 06:47:58.108,0.75066,0.75085,2.25,2.48
2013.01.22 06:48:01.512,0.75069,0.75087,2.25,1.13
2013.01.22 06:48:02.087,0.75069,0.75089,2.25,2.48
2013.01.22 06:48:02.509,0.75072,0.75094,2.48,2.48
2013.01.22 06:48:02.808,0.75072,0.75094,1.50,2.48
2013.01.22 06:48:03.432,0.75069,0.7509,2.48,2.48
2013.01.22 06:48:04.248,0.75069,0.7509,1.73,2.48
2013.01.22 06:48:04.368,0.75065,0.75086,2.25,2.48
2013.01.22 06:48:04.875,0.75065,0.75086,2.25,2.48
2013.01.22 06:48:06.358,0.75062,0.75082,2.25,2.48
2013.01.22 06:48:07.347,0.75062,0.75082,2.48,2.48
2013.01.22 06:48:15.387,0.75062,0.75082,2.48,2.48
2013.01.22 06:48:17.237,0.75062,0.75082,2.48,2.48
2013.01.22 06:48:22.488,0.75062,0.75082,2.25,2.48
2013.01.22 06:48:23.097,0.75062,0.75082,2.25,2.48
2013.01.22 06:48:28.381,0.75062,0.75082,2.25,2.25
2013.01.22 06:48:29.398,0.75062,0.75082,2.25,2.48
2013.01.22 06:48:29.926,0.75062,0.75082,2.25,2.48
2013.01.22 06:48:29.988,0.75062,0.75082,2.25,2.48
2013.01.22 06:48:33.087,0.75066,0.75085,2.25,3.98
2013.01.22 06:48:33.148,0.75066,0.75085,2.25,3.98
2013.01.22 06:48:33.688,0.75066,0.75085,2.25,2.48
2013.01.22 06:48:36.608,0.75068,0.75089,2.25,1.58
2013.01.22 06:48:43.979,0.75068,0.75089,2.25,1.58
2013.01.22 06:48:44.629,0.75066,0.75085,2.25,2.48
2013.01.22 06:48:45.021,0.75065,0.75085,2.25,2.48
2013.01.22 06:48:45.489,0.75065,0.75085,2.25,2.48
2013.01.22 06:48:48.138,0.75069,0.75088,1.50,3.98
2013.01.22 06:48:48.438,0.75069,0.75088,1.50,2.48
2013.01.22 06:48:48.559,0.75069,0.75088,1.73,2.48
2013.01.22 06:48:48.947,0.75069,0.75088,1.50,2.48
2013.01.22 06:48:49.308,0.75066,0.75085,2.25,2.48
2013.01.22 06:48:51.112,0.75064,0.75085,2.25,2.48
2013.01.22 06:48:51.659,0.75064,0.75085,2.25,2.48
2013.01.22 06:48:53.048,0.75064,0.75085,2.25,2.48
2013.01.22 06:48:53.608,0.75064,0.75085,2.25,2.48
2013.01.22 06:48:54.410,0.75064,0.75085,2.25,2.25
2013.01.22 06:48:54.978,0.75061,0.75081,2.25,2.25
2013.01.22 06:48:55.180,0.75061,0.75081,2.25,2.48
2013.01.22 06:49:05.418,0.75061,0.75081,2.25,2.48
2013.01.22 06:49:10.999,0.75065,0.75083,1.50,2.48
2013.01.22 06:49:12.877,0.75065,0.75085,1.50,2.85
2013.01.22 06:49:12.937,0.75062,0.75081,2.25,2.48
2013.01.22 06:49:13.118,0.75068,0.75088,1.50,3.57
2013.01.22 06:49:13.478,0.75068,0.7509,2.25,2.25
2013.01.22 06:49:13.779,0.75068,0.7509,2.63,2.25
2013.01.22 06:49:13.897,0.75068,0.7509,2.63,2.48
2013.01.22 06:49:20.268,0.75068,0.7509,2.85,2.48
2013.01.22 06:49:22.880,0.75072,0.75093,2.48,2.48
2013.01.22 06:49:23.279,0.75072,0.75093,2.48,2.48
2013.01.22 06:49:23.399,0.75072,0.75093,2.25,2.48
2013.01.22 06:49:25.406,0.75072,0.75093,2.25,2.48
2013.01.22 06:49:26.142,0.75072,0.75093,2.25,2.48
2013.01.22 06:49:32.802,0.75072,0.75093,3.00,2.48
2013.01.22 06:49:33.508,0.75072,0.75093,2.25,2.48
2013.01.22 06:49:33.797,0.75072,0.75093,2.25,2.48
2013.01.22 06:49:36.648,0.75072,0.75093,2.25,2.48
2013.01.22 06:49:37.648,0.75072,0.75093,2.25,2.48
2013.01.22 06:49:37.878,0.75076,0.75097,1.50,2.48
2013.01.22 06:49:39.068,0.75076,0.75097,1.50,2.48
2013.01.22 06:49:41.258,0.75076,0.75097,1.50,2.48
2013.01.22 06:49:42.241,0.75076,0.75097,1.50,2.48
2013.01.22 06:49:49.369,0.75076,0.75097,1.50,2.48
2013.01.22 06:49:49.429,0.7508,0.75099,1.50,2.48
2013.01.22 06:49:49.688,0.7508,0.75101,2.25,2.48
2013.01.22 06:49:50.208,0.75083,0.75104,1.50,1.35
2013.01.22 06:49:50.585,0.75083,0.75104,1.50,2.10
2013.01.22 06:49:54.240,0.75083,0.75104,2.25,1.35
2013.01.22 06:49:54.497,0.75086,0.75105,1.50,2.48
2013.01.22 06:49:55.038,0.75087,0.75109,1.50,2.48
2013.01.22 06:49:55.427,0.75092,0.7511,1.50,1.58
2013.01.22 06:49:57.127,0.75092,0.75112,1.50,2.33
2013.01.22 06:49:58.467,0.75092,0.75112,1.73,2.48
2013.01.22 06:49:58.709,0.75096,0.75115,1.50,1.73
2013.01.22 06:49:58.768,0.75096,0.75115,2.48,1.73
2013.01.22 06:49:59.308,0.75096,0.75116,2.48,1.73
2013.01.22 06:49:59.668,0.75108,0.75122,1.50,1.50
2013.01.22 06:50:00.231,0.75103,0.75122,3.23,1.50
2013.01.22 06:50:00.778,0.75108,0.75128,1.50,2.48
2013.01.22 06:50:00.908,0.75108,0.75128,1.73,2.25
2013.01.22 06:50:01.028,0.75108,0.75128,1.50,2.48
2013.01.22 06:50:01.618,0.75108,0.75128,2.25,2.48
2013.01.22 06:50:02.038,0.75112,0.75131,2.25,3.08
2013.01.22 06:50:02.462,0.75112,0.75131,2.48,3.08
2013.01.22 06:50:02.948,0.75111,0.75131,2.25,1.73
2013.01.22 06:50:03.378,0.75107,0.75128,2.85,3.23
2013.01.22 06:50:03.439,0.75107,0.75128,2.63,3.23
2013.01.22 06:50:03.799,0.75111,0.7513,1.73,1.58
2013.01.22 06:50:04.112,0.75115,0.75135,1.50,3.83
2013.01.22 06:50:04.239,0.75115,0.75135,1.50,3.83
2013.01.22 06:50:04.434,0.75111,0.7513,3.00,2.48
2013.01.22 06:50:04.503,0.75111,0.7513,2.25,2.48
2013.01.22 06:50:04.869,0.75111,0.7513,2.25,2.48
2013.01.22 06:50:04.988,0.75111,0.7513,2.48,2.48
2013.01.22 06:50:05.595,0.75114,0.75134,1.73,2.48
2013.01.22 06:50:05.959,0.75114,0.75132,1.50,3.23
2013.01.22 06:50:06.500,0.7511,0.7513,1.50,3.23
2013.01.22 06:50:08.628,0.75108,0.75127,1.50,2.48
2013.01.22 06:50:08.868,0.75106,0.75127,2.25,2.48
2013.01.22 06:50:09.411,0.75109,0.75128,1.50,1.58
2013.01.22 06:50:09.898,0.75107,0.75127,1.50,2.48
2013.01.22 06:50:10.417,0.75107,0.75126,1.50,1.73
2013.01.22 06:50:11.243,0.75107,0.75126,1.50,2.25
2013.01.22 06:50:11.488,0.75104,0.75124,1.50,2.48
2013.01.22 06:50:11.569,0.75102,0.75124,1.50,2.48
2013.01.22 06:50:12.448,0.75102,0.75124,1.50,2.48
2013.01.22 06:50:12.627,0.75105,0.75124,1.50,2.48
2013.01.22 06:50:13.138,0.75106,0.75127,1.50,1.73
2013.01.22 06:50:13.712,0.75106,0.75127,2.25,1.73
2013.01.22 06:50:14.654,0.75106,0.75127,1.50,1.73
2013.01.22 06:50:14.959,0.7511,0.75129,1.50,1.73
2013.01.22 06:50:15.268,0.7511,0.75132,1.50,3.23
2013.01.22 06:50:16.712,0.7511,0.75132,1.50,2.48
2013.01.22 06:50:17.241,0.7511,0.75132,2.25,2.48
2013.01.22 06:50:19.039,0.75107,0.75126,2.48,2.48
2013.01.22 06:50:19.349,0.75104,0.75126,3.00,2.48
2013.01.22 06:50:19.470,0.75104,0.75126,2.25,2.48
2013.01.22 06:50:19.589,0.75104,0.75126,1.50,2.48
2013.01.22 06:50:20.128,0.75104,0.75126,3.00,1.73
2013.01.22 06:50:22.200,0.75104,0.75126,2.25,2.48
2013.01.22 06:50:24.759,0.75106,0.75126,1.50,2.48
2013.01.22 06:50:24.878,0.75109,0.7513,1.50,3.83
2013.01.22 06:50:26.897,0.75109,0.7513,1.50,3.42
2013.01.22 06:50:27.838,0.75109,0.7513,1.50,3.83
2013.01.22 06:50:29.118,0.75109,0.7513,2.25,3.08
2013.01.22 06:50:29.239,0.75109,0.7513,2.25,2.48
2013.01.22 06:50:29.420,0.75113,0.75133,1.50,2.48
2013.01.22 06:50:29.478,0.75113,0.75133,1.50,2.48
2013.01.22 06:50:31.309,0.75113,0.75133,2.25,1.73
2013.01.22 06:50:31.875,0.75113,0.75133,2.25,1.73
2013.01.22 06:50:33.479,0.75114,0.75133,2.25,1.50
2013.01.22 06:50:33.978,0.7512,0.7514,1.50,2.48
2013.01.22 06:50:34.098,0.7512,0.7514,1.50,2.48
2013.01.22 06:50:34.319,0.7512,0.7514,2.25,2.48
2013.01.22 06:50:34.859,0.7512,0.7514,2.25,2.48
2013.01.22 06:50:35.538,0.75124,0.75143,1.50,3.23
2013.01.22 06:50:35.878,0.75124,0.75143,2.25,3.23
2013.01.22 06:50:35.998,0.75124,0.75143,2.85,3.00
2013.01.22 06:50:36.238,0.75126,0.75143,1.35,1.50
2013.01.22 06:50:36.299,0.7513,0.75146,2.25,1.73
2013.01.22 06:50:36.598,0.7513,0.7515,2.48,2.48
2013.01.22 06:50:36.778,0.75134,0.75154,1.50,3.23
2013.01.22 06:50:37.261,0.75134,0.75154,2.25,3.23
2013.01.22 06:50:37.559,0.75139,0.75157,1.50,1.73
2013.01.22 06:50:37.678,0.75139,0.75157,1.50,1.73
2013.01.22 06:50:38.389,0.75139,0.75157,1.50,1.73
2013.01.22 06:50:39.408,0.75139,0.75155,1.50,1.73
2013.01.22 06:50:39.469,0.75136,0.75155,2.25,1.73
2013.01.22 06:50:39.828,0.75134,0.75154,1.73,1.73
2013.01.22 06:50:40.018,0.75134,0.75156,2.48,2.48
2013.01.22 06:50:40.258,0.75136,0.75156,1.35,1.73
2013.01.22 06:50:40.378,0.75138,0.75159,2.10,2.48
2013.01.22 06:50:40.869,0.75138,0.75159,2.10,2.48
2013.01.22 06:50:40.929,0.75138,0.75159,2.63,2.48
2013.01.22 06:50:41.349,0.75142,0.75161,1.50,3.23
2013.01.22 06:50:41.469,0.75139,0.75158,1.73,1.73
2013.01.22 06:50:41.828,0.75139,0.75158,1.50,1.73
2013.01.22 06:50:41.948,0.75139,0.75158,1.73,1.50
2013.01.22 06:50:42.129,0.75139,0.75158,1.73,1.73
2013.01.22 06:50:43.638,0.75142,0.75162,1.50,3.23
2013.01.22 06:50:44.089,0.75142,0.75161,1.50,1.73
2013.01.22 06:50:45.149,0.75142,0.75162,2.25,3.23
2013.01.22 06:50:45.208,0.75142,0.75162,2.25,2.48
2013.01.22 06:50:45.508,0.75146,0.75164,1.50,3.23
2013.01.22 06:50:45.749,0.7515,0.75168,2.48,1.73
2013.01.22 06:50:45.871,0.7515,0.75168,2.48,1.50
2013.01.22 06:50:46.420,0.75151,0.7517,1.73,2.25
2013.01.22 06:50:47.049,0.7515,0.7517,3.23,1.50
2013.01.22 06:50:47.602,0.7515,0.7517,3.23,2.25
2013.01.22 06:50:48.028,0.75157,0.75176,1.50,3.23
2013.01.22 06:50:48.596,0.75158,0.75176,1.50,1.73
2013.01.22 06:50:48.718,0.75158,0.75176,1.50,1.73
2013.01.22 06:50:49.459,0.75154,0.75177,3.23,2.48
2013.01.22 06:50:49.710,0.75154,0.75177,1.73,2.48
2013.01.22 06:50:50.249,0.75154,0.75177,2.48,2.48
2013.01.22 06:50:50.689,0.75154,0.75177,3.23,2.85
2013.01.22 06:50:51.928,0.75159,0.75178,1.50,1.73
2013.01.22 06:50:52.859,0.75159,0.75176,1.50,1.73
2013.01.22 06:50:53.230,0.75156,0.75178,2.25,3.23
2013.01.22 06:50:53.569,0.7516,0.75178,1.50,1.73
2013.01.22 06:50:54.049,0.75154,0.75176,3.00,2.48
2013.01.22 06:50:55.109,0.75154,0.75176,2.25,2.48
2013.01.22 06:50:55.560,0.75156,0.75176,1.50,2.48
2013.01.22 06:50:55.901,0.75158,0.75176,1.50,2.48
2013.01.22 06:50:55.969,0.75154,0.75175,2.25,2.48
2013.01.22 06:50:56.152,0.75154,0.75175,2.25,2.48
2013.01.22 06:50:56.340,0.7515,0.75172,2.25,2.48
2013.01.22 06:50:57.278,0.75146,0.75168,3.00,2.48
2013.01.22 06:50:57.519,0.75146,0.75168,3.00,2.48
2013.01.22 06:50:58.108,0.75146,0.75168,3.00,2.93
2013.01.22 06:50:58.408,0.75144,0.75163,2.25,1.73
2013.01.22 06:50:58.967,0.75147,0.75168,1.50,2.48
2013.01.22 06:50:59.089,0.75147,0.75168,1.50,1.73
2013.01.22 06:50:59.401,0.7515,0.75168,1.73,1.73
2013.01.22 06:50:59.518,0.7515,0.75172,3.60,2.48
2013.01.22 06:50:59.819,0.75155,0.75175,2.25,2.48
2013.01.22 06:51:00.438,0.75155,0.75175,2.25,2.48
2013.01.22 06:51:00.708,0.75153,0.75171,1.50,1.73
2013.01.22 06:51:00.888,0.75155,0.75175,1.50,2.48
2013.01.22 06:51:01.009,0.7515,0.75171,1.13,2.48
2013.01.22 06:51:01.069,0.7515,0.75171,1.13,2.48
2013.01.22 06:51:01.433,0.75149,0.75171,2.63,2.48
2013.01.22 06:51:01.618,0.75151,0.75171,1.73,2.48
2013.01.22 06:51:01.949,0.75154,0.75173,1.50,2.48
2013.01.22 06:51:02.250,0.75154,0.75173,1.50,2.48
2013.01.22 06:51:02.629,0.75151,0.7517,1.50,2.48
2013.01.22 06:51:03.149,0.7515,0.7517,1.50,3.23
2013.01.22 06:51:03.269,0.7515,0.75168,1.50,1.73
2013.01.22 06:51:03.329,0.75146,0.75166,2.63,2.48
2013.01.22 06:51:03.508,0.75146,0.75166,2.25,2.48
2013.01.22 06:51:04.189,0.75141,0.75162,1.73,2.48
2013.01.22 06:51:04.739,0.75141,0.7516,2.25,3.23
2013.01.22 06:51:04.979,0.75136,0.75155,2.25,1.73
2013.01.22 06:51:05.779,0.75134,0.75155,2.25,2.48
2013.01.22 06:51:06.228,0.75134,0.75155,1.50,2.48
2013.01.22 06:51:07.719,0.75132,0.7515,1.73,1.73
2013.01.22 06:51:07.838,0.75131,0.7515,1.73,2.48
2013.01.22 06:51:07.898,0.75131,0.7515,1.73,2.48
2013.01.22 06:51:07.958,0.75131,0.7515,1.73,2.48
2013.01.22 06:51:08.462,0.75131,0.7515,1.73,2.48
2013.01.22 06:51:08.530,0.75131,0.7515,1.73,2.48
2013.01.22 06:51:09.105,0.75133,0.75155,2.25,2.48
2013.01.22 06:51:09.732,0.75133,0.75155,2.25,2.48
2013.01.22 06:51:10.038,0.75134,0.75155,1.50,2.48
2013.01.22 06:51:10.410,0.75137,0.75159,2.25,3.08
2013.01.22 06:51:11.519,0.75137,0.75159,3.00,3.08
2013.01.22 06:51:11.638,0.75137,0.75159,3.00,3.08
2013.01.22 06:51:12.378,0.75137,0.75159,2.25,3.08
2013.01.22 06:51:12.619,0.75138,0.75159,1.50,2.48
2013.01.22 06:51:13.158,0.75142,0.75158,1.50,3.23
2013.01.22 06:51:13.217,0.7514,0.75158,1.50,3.23
2013.01.22 06:51:13.278,0.75137,0.75158,1.50,3.23
2013.01.22 06:51:14.489,0.75137,0.75158,1.50,3.23
2013.01.22 06:51:14.619,0.75137,0.75157,1.50,2.48
2013.01.22 06:51:17.389,0.75137,0.75159,2.25,3.23
2013.01.22 06:51:18.168,0.75137,0.75159,3.23,2.48
2013.01.22 06:51:18.530,0.75142,0.75162,1.73,2.48
2013.01.22 06:51:18.648,0.75142,0.75162,1.73,2.48
2013.01.22 06:51:19.199,0.75142,0.75162,2.48,2.25
2013.01.22 06:51:24.259,0.75142,0.75162,2.48,3.98
2013.01.22 06:51:24.831,0.75142,0.75162,1.50,3.98
2013.01.22 06:51:25.452,0.75142,0.75162,2.48,2.25
2013.01.22 06:51:26.227,0.75142,0.75162,1.50,2.48
2013.01.22 06:51:32.688,0.75142,0.75162,1.50,2.48
2013.01.22 06:51:33.169,0.75139,0.75158,1.88,2.48
2013.01.22 06:51:33.228,0.75143,0.75161,1.50,2.48
2013.01.22 06:51:33.288,0.75143,0.75162,1.73,2.85
2013.01.22 06:51:35.788,0.75139,0.75159,2.10,2.48
2013.01.22 06:51:36.238,0.75139,0.75158,2.10,1.73
2013.01.22 06:51:36.478,0.75133,0.75151,1.73,1.73
2013.01.22 06:51:36.598,0.75129,0.75148,3.98,1.50
2013.01.22 06:51:36.718,0.75129,0.75148,1.73,1.73
2013.01.22 06:51:37.148,0.75127,0.75148,2.85,3.23
2013.01.22 06:51:40.369,0.75127,0.75148,2.85,3.23
2013.01.22 06:51:40.878,0.75131,0.7515,2.25,1.73
2013.01.22 06:51:41.678,0.75131,0.7515,1.73,1.50
2013.01.22 06:51:42.280,0.75131,0.75151,2.48,2.48
2013.01.22 06:51:43.159,0.75135,0.75156,1.73,3.23
2013.01.22 06:51:43.338,0.75135,0.75156,2.48,3.23
2013.01.22 06:51:43.778,0.75135,0.75155,1.50,1.73
2013.01.22 06:51:48.478,0.75135,0.75152,1.50,1.73
2013.01.22 06:51:48.539,0.75132,0.75151,1.50,2.48
2013.01.22 06:51:49.078,0.75132,0.75149,1.50,1.73
2013.01.22 06:51:49.918,0.7513,0.75146,1.73,2.25
2013.01.22 06:51:50.098,0.7513,0.75149,1.73,2.25
2013.01.22 06:51:50.670,0.7513,0.75149,1.73,2.25
2013.01.22 06:51:52.009,0.7513,0.75149,1.73,2.48
2013.01.22 06:51:53.408,0.7513,0.75149,1.50,3.23
2013.01.22 06:51:55.615,0.7513,0.75147,1.50,1.73
2013.01.22 06:51:57.071,0.75128,0.75146,1.50,1.73
2013.01.22 06:51:57.707,0.75125,0.75146,2.10,1.73
2013.01.22 06:51:58.228,0.75126,0.75147,1.35,2.48
2013.01.22 06:51:58.348,0.75126,0.75147,1.35,2.48
2013.01.22 06:51:58.659,0.75125,0.75147,2.10,3.23
2013.01.22 06:51:59.540,0.75125,0.75147,2.10,3.23
2013.01.22 06:51:59.958,0.75125,0.75147,2.10,3.23
2013.01.22 06:52:02.928,0.75121,0.75143,3.23,1.50
2013.01.22 06:52:02.989,0.75121,0.75143,3.23,1.73
2013.01.22 06:52:05.192,0.75118,0.75138,1.73,3.00
2013.01.22 06:52:05.320,0.75118,0.75138,1.50,3.23
2013.01.22 06:52:05.618,0.75118,0.75138,2.25,3.23
2013.01.22 06:52:05.738,0.75118,0.75138,2.48,2.25
2013.01.22 06:52:06.528,0.75118,0.75138,2.48,2.25
2013.01.22 06:52:07.238,0.75118,0.75138,1.73,1.50
2013.01.22 06:52:07.299,0.75118,0.75137,1.73,1.73
2013.01.22 06:52:07.610,0.75108,0.75128,2.48,2.25
2013.01.22 06:52:07.968,0.75108,0.75128,1.43,1.50
2013.01.22 06:52:09.219,0.7511,0.75131,2.48,2.25
2013.01.22 06:52:10.119,0.7511,0.75131,1.73,2.25
2013.01.22 06:52:10.239,0.7511,0.75131,1.73,2.48
2013.01.22 06:52:10.499,0.7511,0.75131,1.73,2.48
2013.01.22 06:52:10.835,0.7511,0.75131,3.23,2.48
2013.01.22 06:52:10.913,0.75115,0.75134,1.73,2.48
2013.01.22 06:52:11.158,0.75118,0.75138,2.48,2.10
2013.01.22 06:52:11.278,0.75118,0.75138,2.48,1.88
2013.01.22 06:52:11.948,0.75118,0.75138,2.48,1.50
2013.01.22 06:52:12.249,0.75124,0.75144,1.73,2.25
2013.01.22 06:52:12.899,0.75124,0.75144,1.73,2.25
2013.01.22 06:52:13.479,0.75124,0.75144,1.73,2.25
2013.01.22 06:52:13.600,0.75124,0.75144,1.73,2.25
2013.01.22 06:52:15.430,0.75124,0.75144,1.73,2.25
2013.01.22 06:52:15.549,0.75124,0.75144,1.73,2.25
2013.01.22 06:52:16.208,0.75121,0.75141,1.35,1.50
2013.01.22 06:52:16.268,0.75122,0.75141,1.59,1.50
2013.01.22 06:52:16.748,0.75123,0.75144,1.73,2.25
2013.01.22 06:52:17.859,0.75122,0.7514,1.59,1.50
2013.01.22 06:52:18.159,0.75117,0.75137,1.73,1.50
2013.01.22 06:52:18.339,0.75116,0.75137,2.10,2.25
2013.01.22 06:52:18.658,0.75116,0.75137,1.73,2.48
2013.01.22 06:52:22.519,0.75115,0.75137,2.48,2.48
2013.01.22 06:52:22.639,0.75115,0.75137,3.23,2.48
2013.01.22 06:52:23.979,0.75115,0.75137,2.48,2.48
2013.01.22 06:52:24.049,0.75115,0.75137,2.48,2.25
2013.01.22 06:52:24.409,0.75124,0.75143,1.73,1.50
2013.01.22 06:52:24.769,0.75127,0.75148,2.48,1.50
2013.01.22 06:52:24.829,0.75127,0.75149,2.48,2.25
2013.01.22 06:52:26.230,0.75132,0.75151,1.36,1.50
2013.01.22 06:52:26.469,0.75135,0.75154,1.73,1.50
2013.01.22 06:52:26.589,0.75135,0.75155,1.73,2.25
2013.01.22 06:52:26.710,0.75135,0.75155,1.73,3.00
2013.01.22 06:52:26.830,0.75135,0.75154,1.73,1.50
2013.01.22 06:52:26.951,0.75135,0.75154,1.73,1.73
2013.01.22 06:52:27.499,0.75135,0.75154,2.48,1.73
2013.01.22 06:52:28.018,0.75135,0.75155,2.48,2.48
2013.01.22 06:52:28.558,0.75135,0.75154,2.48,1.73
2013.01.22 06:52:29.079,0.75135,0.75154,1.73,1.73
2013.01.22 06:52:29.323,0.75135,0.75155,1.50,3.23
2013.01.22 06:52:30.009,0.75135,0.75153,1.50,1.73
2013.01.22 06:52:30.998,0.7513,0.75151,1.73,1.73
2013.01.22 06:52:31.419,0.7513,0.75151,1.73,1.73
2013.01.22 06:52:31.978,0.75127,0.75147,3.98,1.50
2013.01.22 06:52:32.440,0.75127,0.75147,3.23,2.25
2013.01.22 06:52:32.568,0.75127,0.75147,3.23,2.48
2013.01.22 06:52:33.183,0.75127,0.75147,1.73,2.48
2013.01.22 06:52:35.019,0.75127,0.75147,2.48,2.48
2013.01.22 06:52:35.198,0.75127,0.75147,2.48,1.73
2013.01.22 06:52:35.969,0.75127,0.75147,2.25,1.73
2013.01.22 06:52:36.029,0.75127,0.75147,1.50,2.48
2013.01.22 06:52:36.388,0.75127,0.75147,1.50,2.48
2013.01.22 06:52:36.629,0.75123,0.75143,1.50,1.73
2013.01.22 06:52:36.748,0.75123,0.75143,1.50,1.73
2013.01.22 06:52:38.444,0.75119,0.75139,2.48,2.48
2013.01.22 06:52:43.049,0.75119,0.75139,2.48,2.48
2013.01.22 06:52:45.209,0.75119,0.75139,1.73,2.48
2013.01.22 06:52:46.071,0.75119,0.75139,1.73,2.25
2013.01.22 06:52:47.343,0.7512,0.75139,1.25,2.25
2013.01.22 06:52:47.899,0.75131,0.75141,1.73,1.50
2013.01.22 06:52:47.958,0.75131,0.7515,1.73,2.25
2013.01.22 06:52:48.208,0.75131,0.7515,1.73,2.25
2013.01.22 06:52:48.710,0.75131,0.7515,2.48,1.50
2013.01.22 06:52:49.347,0.75131,0.7515,1.73,2.25
2013.01.22 06:52:50.296,0.75131,0.7515,2.48,2.25
2013.01.22 06:52:51.749,0.75132,0.7515,1.73,2.25
2013.01.22 06:52:53.381,0.75133,0.75155,1.73,2.48
2013.01.22 06:52:54.349,0.75133,0.75155,1.73,2.48
2013.01.22 06:52:54.409,0.75133,0.75155,1.73,2.48
2013.01.22 06:52:55.379,0.75133,0.75155,1.50,3.23
2013.01.22 06:52:55.919,0.75133,0.75155,1.73,2.48
2013.01.22 06:52:57.464,0.75133,0.75155,1.50,2.48
2013.01.22 06:52:58.062,0.75133,0.75155,1.73,3.23
2013.01.22 06:52:59.059,0.75133,0.75155,1.73,2.48
2013.01.22 06:52:59.598,0.75133,0.75155,1.73,2.48
2013.01.22 06:52:59.959,0.75133,0.75155,1.73,3.23
2013.01.22 06:53:00.079,0.75133,0.75155,2.48,3.23
2013.01.22 06:53:00.598,0.75133,0.75155,1.73,3.00
2013.01.22 06:53:04.079,0.75132,0.7515,1.73,1.50
2013.01.22 06:53:04.139,0.75131,0.7515,3.23,1.50
2013.01.22 06:53:04.328,0.75131,0.7515,2.63,1.50
2013.01.22 06:53:08.398,0.75131,0.7515,2.25,1.73
2013.01.22 06:53:08.976,0.75131,0.7515,2.25,2.48
2013.01.22 06:53:09.554,0.75131,0.7515,1.50,2.48
2013.01.22 06:53:10.888,0.75127,0.75147,2.48,1.73
2013.01.22 06:53:12.360,0.75127,0.75147,1.73,2.48
2013.01.22 06:53:12.910,0.75127,0.75147,1.73,2.48
2013.01.22 06:53:13.029,0.75124,0.75143,1.88,1.73
2013.01.22 06:53:13.148,0.75124,0.75143,1.88,3.23
2013.01.22 06:53:13.269,0.7512,0.7514,1.73,2.48
2013.01.22 06:53:22.199,0.7512,0.75137,1.73,1.50
2013.01.22 06:53:22.258,0.75117,0.75135,1.73,1.50
2013.01.22 06:53:25.158,0.75119,0.75139,2.48,2.48
2013.01.22 06:53:34.138,0.75119,0.75139,2.48,2.25
2013.01.22 06:53:34.578,0.75123,0.75143,1.50,2.48
2013.01.22 06:53:35.249,0.75123,0.75143,1.73,1.73
2013.01.22 06:53:35.610,0.75123,0.75143,2.48,2.48
2013.01.22 06:53:36.238,0.75123,0.75143,2.48,2.48
2013.01.22 06:53:36.298,0.75123,0.75142,1.73,1.73
2013.01.22 06:53:36.808,0.75123,0.75142,1.50,1.73
2013.01.22 06:53:39.549,0.75123,0.75142,1.50,1.73
2013.01.22 06:53:39.669,0.75119,0.75138,1.73,2.48
2013.01.22 06:53:39.729,0.75119,0.75138,1.73,2.48
2013.01.22 06:53:40.329,0.75122,0.75142,1.50,3.23
2013.01.22 06:53:46.598,0.75119,0.75138,3.23,2.48
2013.01.22 06:53:51.108,0.75119,0.75138,1.73,2.25
2013.01.22 06:53:52.378,0.75119,0.75138,1.73,2.25
2013.01.22 06:53:53.330,0.75122,0.75142,2.48,1.50
2013.01.22 06:53:53.978,0.75122,0.75142,2.25,2.48
2013.01.22 06:53:54.348,0.75122,0.75142,2.48,1.50
2013.01.22 06:53:55.286,0.75122,0.75142,2.48,1.73
2013.01.22 06:53:55.469,0.75118,0.75138,2.48,1.50
2013.01.22 06:54:00.479,0.75118,0.75138,2.48,1.50
2013.01.22 06:54:00.539,0.75122,0.75143,1.73,2.25
2013.01.22 06:54:00.598,0.75122,0.75143,2.48,1.50
2013.01.22 06:54:00.900,0.75126,0.75147,2.48,3.75
2013.01.22 06:54:00.960,0.75129,0.75147,1.73,1.50
2013.01.22 06:54:01.079,0.75131,0.7515,2.48,1.50
2013.01.22 06:54:01.209,0.75135,0.75153,1.73,1.50
2013.01.22 06:54:01.268,0.75135,0.75153,1.73,1.50
2013.01.22 06:54:01.821,0.75135,0.75154,2.48,2.25
2013.01.22 06:54:02.398,0.75135,0.75154,2.48,2.48
2013.01.22 06:54:02.699,0.75135,0.75154,2.48,2.25
2013.01.22 06:54:03.471,0.75135,0.75154,2.48,2.48
2013.01.22 06:54:04.550,0.75135,0.75154,2.48,1.73
2013.01.22 06:54:04.729,0.75139,0.75158,2.48,2.48
2013.01.22 06:54:04.849,0.75139,0.75158,2.48,2.25
2013.01.22 06:54:05.089,0.75139,0.75158,1.50,3.23
2013.01.22 06:54:05.519,0.75135,0.75155,2.48,2.48
2013.01.22 06:54:07.070,0.75135,0.75155,2.25,2.48
2013.01.22 06:54:07.129,0.75135,0.75155,2.48,2.48
2013.01.22 06:54:08.139,0.75135,0.75155,1.73,3.23
2013.01.22 06:54:08.260,0.75135,0.75155,1.50,3.23
2013.01.22 06:54:09.858,0.75135,0.75155,2.25,2.48
2013.01.22 06:54:09.979,0.75135,0.75155,2.48,1.73
2013.01.22 06:54:10.220,0.75135,0.75155,2.48,1.73
2013.01.22 06:54:12.050,0.75138,0.75159,1.73,1.73
2013.01.22 06:54:13.208,0.75135,0.75156,2.48,2.25
2013.01.22 06:54:16.060,0.75135,0.75156,2.48,2.48
2013.01.22 06:54:16.359,0.75135,0.75154,1.73,1.50
2013.01.22 06:54:16.487,0.75135,0.75154,1.50,1.50
2013.01.22 06:54:16.708,0.75132,0.75151,2.48,1.50
2013.01.22 06:54:17.009,0.75132,0.75151,2.25,2.25
2013.01.22 06:54:17.368,0.75132,0.75151,2.48,1.50
2013.01.22 06:54:17.501,0.75133,0.75154,2.48,2.25
2013.01.22 06:54:17.618,0.75133,0.75154,2.48,2.25
2013.01.22 06:54:17.679,0.75138,0.75158,1.73,3.23
2013.01.22 06:54:17.799,0.75138,0.75158,1.73,3.23
2013.01.22 06:54:22.204,0.75138,0.75158,1.73,3.00
2013.01.22 06:54:24.628,0.75138,0.75158,2.48,1.50
2013.01.22 06:54:24.768,0.75138,0.75158,2.48,1.50
2013.01.22 06:54:24.889,0.75138,0.75158,2.48,1.50
2013.01.22 06:54:25.129,0.75141,0.7516,2.48,1.50
2013.01.22 06:54:25.210,0.75141,0.75162,2.48,1.50
2013.01.22 06:54:25.269,0.75145,0.75164,1.73,1.50
2013.01.22 06:54:25.628,0.75141,0.75161,2.75,1.50
2013.01.22 06:54:30.509,0.75141,0.75161,2.48,1.50
2013.01.22 06:54:30.569,0.75141,0.75161,1.73,2.25
2013.01.22 06:54:31.245,0.75141,0.75161,1.73,2.48
2013.01.22 06:54:32.819,0.75141,0.7516,1.73,1.73
2013.01.22 06:54:33.781,0.75141,0.7516,1.50,1.73
2013.01.22 06:54:36.460,0.75141,0.75158,1.50,1.73
2013.01.22 06:54:36.519,0.75136,0.75158,3.98,3.23
2013.01.22 06:54:36.579,0.75136,0.75158,3.75,3.23
2013.01.22 06:54:36.999,0.75136,0.75151,1.50,1.73
2013.01.22 06:54:40.931,0.75134,0.75151,1.50,1.73
2013.01.22 06:54:41.678,0.75133,0.75151,1.50,1.73
2013.01.22 06:54:47.540,0.75133,0.75153,1.50,2.48
2013.01.22 06:54:47.901,0.75133,0.7515,1.50,1.73
2013.01.22 06:54:48.079,0.7513,0.75148,1.50,1.73
2013.01.22 06:54:48.381,0.75124,0.75146,2.48,2.48
2013.01.22 06:54:48.499,0.75124,0.75143,1.73,1.50
2013.01.22 06:54:48.620,0.75124,0.75143,1.50,1.73
2013.01.22 06:54:49.129,0.75124,0.75143,1.50,1.73
2013.01.22 06:54:49.609,0.75127,0.75143,1.50,1.73
2013.01.22 06:54:49.968,0.7513,0.75143,1.50,1.73
2013.01.22 06:54:50.169,0.75129,0.75144,1.50,1.73
2013.01.22 06:54:51.769,0.75129,0.75149,1.50,1.73
2013.01.22 06:54:52.379,0.75129,0.75149,1.50,2.16
2013.01.22 06:54:54.732,0.75129,0.75143,1.50,1.73
2013.01.22 06:54:59.178,0.75129,0.75148,1.50,1.73
2013.01.22 06:54:59.939,0.75134,0.75151,1.50,1.73
2013.01.22 06:55:03.722,0.75134,0.75154,1.50,3.60
2013.01.22 06:55:04.179,0.75138,0.75154,1.50,1.73
2013.01.22 06:55:04.238,0.75138,0.75156,1.50,2.10
2013.01.22 06:55:04.479,0.75138,0.75158,1.73,3.23
2013.01.22 06:55:04.659,0.75141,0.75158,1.50,1.73
2013.01.22 06:55:09.209,0.75141,0.75158,1.50,1.73
2013.01.22 06:55:09.569,0.75138,0.75154,1.50,1.73
2013.01.22 06:55:09.753,0.75138,0.75154,1.50,1.73
2013.01.22 06:55:11.739,0.75138,0.75154,1.50,1.73
2013.01.22 06:55:12.058,0.75138,0.75154,1.50,1.73
2013.01.22 06:55:12.508,0.75138,0.75154,1.50,1.50
2013.01.22 06:55:13.049,0.75138,0.75154,1.50,1.50
2013.01.22 06:55:13.108,0.75135,0.75153,1.50,1.13
2013.01.22 06:55:13.289,0.75135,0.75149,1.50,1.50
2013.01.22 06:55:13.424,0.7513,0.75149,1.50,1.50
2013.01.22 06:55:13.490,0.7513,0.75149,1.50,1.73
2013.01.22 06:55:18.314,0.7513,0.75145,1.50,1.73
2013.01.22 06:55:20.088,0.7513,0.75145,1.50,1.73
2013.01.22 06:55:20.519,0.7513,0.75152,2.25,2.48
2013.01.22 06:55:20.639,0.7513,0.75152,2.48,2.48
2013.01.22 06:55:20.759,0.7513,0.75152,2.48,2.48
2013.01.22 06:55:21.107,0.75135,0.75154,1.50,1.73
2013.01.22 06:55:22.758,0.75135,0.75156,1.50,3.23
2013.01.22 06:55:23.069,0.75135,0.75154,1.50,1.73
2013.01.22 06:55:23.248,0.75135,0.75154,1.50,1.73
2013.01.22 06:55:28.219,0.75131,0.75153,2.48,1.73
2013.01.22 06:55:28.338,0.75131,0.75149,1.73,1.73
2013.01.22 06:55:28.459,0.75127,0.75147,1.50,2.48
2013.01.22 06:55:28.818,0.75127,0.75147,1.73,2.25
2013.01.22 06:55:29.058,0.75127,0.75147,1.50,2.25
2013.01.22 06:55:29.359,0.75127,0.75147,2.25,1.50
2013.01.22 06:55:29.599,0.75127,0.75147,2.48,1.50
2013.01.22 06:55:30.129,0.75127,0.75147,2.48,1.50
2013.01.22 06:55:30.260,0.75131,0.75149,1.73,2.25
2013.01.22 06:55:30.799,0.75131,0.7515,2.48,2.25
2013.01.22 06:55:30.860,0.75131,0.7515,2.48,2.25
2013.01.22 06:55:31.179,0.75132,0.7515,1.35,2.25
2013.01.22 06:55:35.410,0.75131,0.7515,1.73,2.25
2013.01.22 06:55:35.529,0.75131,0.7515,1.50,2.48
2013.01.22 06:55:35.840,0.75131,0.7515,1.50,2.48
2013.01.22 06:55:35.984,0.75131,0.7515,1.50,2.48
2013.01.22 06:55:36.230,0.75131,0.75149,1.50,1.73
2013.01.22 06:55:36.349,0.75135,0.75149,1.50,1.73
2013.01.22 06:55:36.469,0.75135,0.75152,1.50,1.73
2013.01.22 06:55:36.849,0.75135,0.75154,1.73,3.00
2013.01.22 06:55:38.240,0.75135,0.75154,1.73,2.25
2013.01.22 06:55:38.599,0.75138,0.75158,1.73,1.50
2013.01.22 06:55:38.718,0.75138,0.75158,1.73,2.25
2013.01.22 06:55:38.778,0.75138,0.75158,1.73,2.25
2013.01.22 06:55:39.769,0.75138,0.75158,2.10,2.25
2013.01.22 06:55:40.354,0.75138,0.75158,1.73,2.25
2013.01.22 06:55:42.070,0.75141,0.75161,1.73,1.73
2013.01.22 06:55:42.639,0.75141,0.75161,1.73,1.73
2013.01.22 06:55:46.859,0.75141,0.7516,2.48,1.73
2013.01.22 06:55:46.980,0.75141,0.75162,2.48,2.48
2013.01.22 06:55:50.290,0.75148,0.75164,1.73,1.50
2013.01.22 06:55:50.849,0.75148,0.75168,1.73,1.73
2013.01.22 06:55:51.398,0.75148,0.75168,1.73,1.50
2013.01.22 06:55:52.158,0.75148,0.75168,1.73,1.73
2013.01.22 06:55:52.279,0.75148,0.75166,1.73,1.50
2013.01.22 06:55:53.629,0.75153,0.75169,1.50,1.50
2013.01.22 06:55:54.158,0.75153,0.7517,1.73,1.50
2013.01.22 06:55:54.978,0.75153,0.7517,1.73,1.50
2013.01.22 06:55:55.039,0.75153,0.7517,1.73,1.50
2013.01.22 06:55:55.229,0.75153,0.75173,1.73,2.25
2013.01.22 06:55:55.479,0.75153,0.75173,1.73,2.25
2013.01.22 06:55:55.558,0.75153,0.75173,1.73,2.25
2013.01.22 06:55:55.678,0.75153,0.75173,1.73,2.25
2013.01.22 06:55:56.188,0.75153,0.75173,1.73,2.25
2013.01.22 06:55:56.579,0.75153,0.75173,1.73,2.25
2013.01.22 06:55:57.008,0.75153,0.75173,1.73,1.50
2013.01.22 06:55:58.328,0.75153,0.75173,1.73,1.50
2013.01.22 06:55:58.879,0.75156,0.75175,1.73,1.50
2013.01.22 06:56:01.150,0.75156,0.75177,1.73,3.00
2013.01.22 06:56:01.270,0.75156,0.75177,2.48,1.50
2013.01.22 06:56:01.329,0.75156,0.75177,3.09,1.50
2013.01.22 06:56:02.105,0.75161,0.75177,1.47,1.50
2013.01.22 06:56:02.170,0.75161,0.75181,2.97,2.25
2013.01.22 06:56:02.229,0.75161,0.75181,3.72,1.50
2013.01.22 06:56:02.471,0.75161,0.75181,3.23,1.50
2013.01.22 06:56:03.111,0.75161,0.75181,2.48,2.25
2013.01.22 06:56:03.470,0.75161,0.75181,1.73,2.25
2013.01.22 06:56:03.649,0.75161,0.75181,1.73,2.48
2013.01.22 06:56:03.708,0.75161,0.75179,1.73,1.73
2013.01.22 06:56:03.829,0.75157,0.75176,1.35,1.50
2013.01.22 06:56:04.139,0.75156,0.75177,2.48,1.73
2013.01.22 06:56:04.470,0.75156,0.75178,1.73,2.25
2013.01.22 06:56:04.591,0.75156,0.75178,1.73,2.48
2013.01.22 06:56:04.991,0.75156,0.75178,2.48,2.48
2013.01.22 06:56:05.061,0.75156,0.75178,1.73,2.48
2013.01.22 06:56:05.486,0.75156,0.75178,1.73,2.48
2013.01.22 06:56:06.801,0.75156,0.75178,2.48,2.48
2013.01.22 06:56:06.879,0.75156,0.75178,2.48,2.48
2013.01.22 06:56:07.532,0.75156,0.75178,1.73,3.23
2013.01.22 06:56:09.089,0.75155,0.75175,1.50,2.48
2013.01.22 06:56:09.315,0.7515,0.75167,1.35,1.50
2013.01.22 06:56:09.499,0.75146,0.75167,2.40,1.50
2013.01.22 06:56:10.000,0.75146,0.75167,1.28,1.50
2013.01.22 06:56:10.311,0.75147,0.75167,1.58,1.50
2013.01.22 06:56:10.370,0.7515,0.75169,1.58,1.50
2013.01.22 06:56:10.550,0.7515,0.75169,1.73,1.50
2013.01.22 06:56:11.072,0.7515,0.75169,1.50,1.73
2013.01.22 06:56:13.740,0.75145,0.75166,2.85,1.50
2013.01.22 06:56:14.619,0.75145,0.75164,1.35,1.50
2013.01.22 06:56:14.920,0.75141,0.7516,1.35,1.50
2013.01.22 06:56:15.219,0.75137,0.75158,2.25,1.50
2013.01.22 06:56:15.340,0.75137,0.75158,2.25,1.73
2013.01.22 06:56:15.820,0.75137,0.75157,1.50,3.23
2013.01.22 06:56:15.881,0.75133,0.75155,1.73,2.48
2013.01.22 06:56:19.621,0.75133,0.75154,1.73,1.73
2013.01.22 06:56:19.930,0.75133,0.75153,1.73,2.48
2013.01.22 06:56:20.501,0.7513,0.75151,1.73,2.48
2013.01.22 06:56:20.989,0.7513,0.75151,1.73,2.48
2013.01.22 06:56:21.099,0.7513,0.75151,1.73,2.48
2013.01.22 06:56:21.769,0.7513,0.75147,1.73,1.50
2013.01.22 06:56:21.870,0.7513,0.75151,1.73,3.23
2013.01.22 06:56:21.989,0.75128,0.75147,2.10,1.50
2013.01.22 06:56:23.118,0.75127,0.75146,2.10,1.50
2013.01.22 06:56:23.179,0.75127,0.75146,2.10,2.25
2013.01.22 06:56:24.739,0.75127,0.75147,2.10,1.50
2013.01.22 06:56:25.838,0.75131,0.75147,1.50,1.50
2013.01.22 06:56:27.709,0.75131,0.75147,1.50,2.25
2013.01.22 06:56:28.309,0.75131,0.75147,1.50,1.50
2013.01.22 06:56:29.159,0.75131,0.75149,1.50,1.73
2013.01.22 06:56:34.952,0.75131,0.75149,1.50,1.73
2013.01.22 06:56:35.589,0.75131,0.7515,1.88,1.73
2013.01.22 06:56:35.649,0.75131,0.7515,2.10,1.73
2013.01.22 06:56:35.769,0.75131,0.75153,2.85,2.48
2013.01.22 06:56:35.950,0.75131,0.75153,2.85,1.50
2013.01.22 06:56:36.500,0.75135,0.75156,1.73,1.73
2013.01.22 06:56:36.918,0.75135,0.75157,2.85,1.50
2013.01.22 06:56:38.379,0.75135,0.75157,2.85,1.73
2013.01.22 06:56:38.888,0.75135,0.75157,2.10,2.48
2013.01.22 06:56:40.429,0.75134,0.75153,1.73,3.00
2013.01.22 06:56:40.489,0.75132,0.75153,2.48,3.00
2013.01.22 06:56:40.669,0.75131,0.75149,2.25,2.25
2013.01.22 06:56:41.209,0.75133,0.75152,1.73,2.48
2013.01.22 06:56:41.729,0.75128,0.75148,2.48,2.25
2013.01.22 06:56:41.849,0.75124,0.75146,2.10,3.23
2013.01.22 06:56:48.580,0.75128,0.75146,1.50,1.73
2013.01.22 06:56:50.759,0.75128,0.75148,1.50,1.73
2013.01.22 06:56:52.959,0.75124,0.75145,2.25,2.48
2013.01.22 06:56:53.269,0.75121,0.75141,2.25,2.48
2013.01.22 06:56:53.330,0.75121,0.75141,2.25,2.48
2013.01.22 06:56:53.572,0.75121,0.75139,1.50,1.73
2013.01.22 06:56:53.881,0.75121,0.75139,1.50,1.73
2013.01.22 06:56:53.939,0.75121,0.75139,1.50,1.73
2013.01.22 06:56:54.119,0.75121,0.75139,1.50,1.73
2013.01.22 06:56:54.359,0.75121,0.75139,1.50,1.73
2013.01.22 06:56:54.919,0.75121,0.75139,1.50,1.73
2013.01.22 06:56:56.551,0.75118,0.75137,1.50,1.73
2013.01.22 06:56:56.730,0.75121,0.75139,1.50,1.73
2013.01.22 06:56:57.039,0.75121,0.75139,1.50,1.73
2013.01.22 06:56:57.580,0.75124,0.7514,1.50,1.73
2013.01.22 06:56:57.639,0.75124,0.7514,1.50,1.73
2013.01.22 06:56:58.198,0.75124,0.75142,1.50,1.73
2013.01.22 06:57:07.729,0.75124,0.75142,1.50,1.73
2013.01.22 06:57:07.909,0.75122,0.75139,1.50,1.73
2013.01.22 06:57:08.239,0.75125,0.75137,1.50,1.73
2013.01.22 06:57:08.359,0.75125,0.75141,1.50,1.73
2013.01.22 06:57:08.419,0.75127,0.75141,1.50,1.73
2013.01.22 06:57:08.779,0.7513,0.75146,1.50,1.35
2013.01.22 06:57:09.078,0.75124,0.75145,1.50,1.73
2013.01.22 06:57:09.318,0.75124,0.75145,1.50,1.73
2013.01.22 06:57:10.169,0.75124,0.75143,1.50,1.73
2013.01.22 06:57:11.419,0.75124,0.75143,1.50,1.73
2013.01.22 06:57:12.611,0.75124,0.75143,1.50,1.73
2013.01.22 06:57:13.187,0.75124,0.75141,1.50,1.73
2013.01.22 06:57:15.979,0.75124,0.75143,1.50,2.10
2013.01.22 06:57:19.439,0.75124,0.75143,1.50,2.10
2013.01.22 06:57:19.561,0.75124,0.75143,1.50,1.35
2013.01.22 06:57:19.738,0.75128,0.75145,1.50,1.73
2013.01.22 06:57:19.979,0.75126,0.75145,1.50,3.23
2013.01.22 06:57:20.218,0.75126,0.75143,1.50,1.73
2013.01.22 06:57:20.518,0.75122,0.75142,2.25,3.23
2013.01.22 06:57:22.868,0.75123,0.75142,1.50,2.48
2013.01.22 06:57:22.929,0.75126,0.75143,1.50,1.73
2013.01.22 06:57:24.639,0.75126,0.75144,1.50,1.73
2013.01.22 06:57:31.170,0.75126,0.75145,1.73,3.00
2013.01.22 06:57:31.229,0.75131,0.75145,1.50,1.50
2013.01.22 06:57:32.049,0.75131,0.75149,1.50,1.73
2013.01.22 06:57:33.251,0.75131,0.75149,1.50,1.73
2013.01.22 06:57:33.789,0.75131,0.75149,1.50,1.73
2013.01.22 06:57:35.380,0.75131,0.75148,1.50,1.73
2013.01.22 06:57:37.599,0.75128,0.75147,3.23,1.73
2013.01.22 06:57:37.721,0.75128,0.75147,1.50,2.48
2013.01.22 06:57:39.239,0.75128,0.75147,1.50,2.48
2013.01.22 06:57:39.359,0.75132,0.75149,1.50,1.73
2013.01.22 06:57:39.709,0.75132,0.75146,1.50,1.73
2013.01.22 06:57:39.829,0.75127,0.75146,1.50,1.73
2013.01.22 06:57:40.486,0.75127,0.75142,1.50,1.73
2013.01.22 06:57:40.619,0.75125,0.75142,1.50,1.73
2013.01.22 06:57:40.679,0.75122,0.75142,1.50,1.73
2013.01.22 06:57:41.923,0.75122,0.75142,1.73,1.73
2013.01.22 06:57:42.050,0.75122,0.75143,2.25,1.73
2013.01.22 06:57:42.110,0.75127,0.75143,1.50,1.73
2013.01.22 06:57:42.469,0.75127,0.75141,1.50,1.73
2013.01.22 06:57:43.159,0.75125,0.75141,1.50,1.73
2013.01.22 06:57:43.219,0.75122,0.75141,1.50,1.73
2013.01.22 06:57:44.152,0.75122,0.75141,1.50,1.73
2013.01.22 06:57:47.170,0.75122,0.75141,1.50,3.23
2013.01.22 06:57:50.749,0.75122,0.75141,1.50,1.73
2013.01.22 06:57:53.170,0.75121,0.75138,1.50,1.73
2013.01.22 06:57:53.290,0.75119,0.75138,1.50,1.73
2013.01.22 06:57:53.349,0.75119,0.75136,1.50,1.52
2013.01.22 06:57:54.099,0.75116,0.75134,3.00,1.73
2013.01.22 06:57:56.449,0.75113,0.75133,1.50,2.48
2013.01.22 06:57:56.510,0.75111,0.75133,1.50,2.48
2013.01.22 06:57:56.629,0.75111,0.75133,1.50,2.48
2013.01.22 06:57:57.289,0.75116,0.75134,1.50,3.23
2013.01.22 06:58:05.319,0.75113,0.75132,1.50,1.73
2013.01.22 06:58:06.879,0.75113,0.75132,1.50,2.48
2013.01.22 06:58:07.239,0.75113,0.75132,1.50,2.48
2013.01.22 06:58:07.420,0.75113,0.75132,1.50,2.48
2013.01.22 06:58:09.529,0.75113,0.75132,1.50,2.48
2013.01.22 06:58:10.128,0.75113,0.75132,1.73,2.48
2013.01.22 06:58:10.759,0.75109,0.75129,3.23,2.48
2013.01.22 06:58:12.020,0.75109,0.75129,3.23,2.25
2013.01.22 06:58:19.030,0.75109,0.75129,2.48,2.48
2013.01.22 06:58:24.329,0.75109,0.75129,1.50,2.48
2013.01.22 06:58:24.569,0.75109,0.75129,1.73,2.48
2013.01.22 06:58:25.929,0.75113,0.75132,1.50,2.48
2013.01.22 06:58:26.460,0.75111,0.7513,1.73,2.48
2013.01.22 06:58:26.640,0.75108,0.7513,1.73,3.23
2013.01.22 06:58:26.880,0.75108,0.75127,1.50,2.85
2013.01.22 06:58:27.001,0.75102,0.75123,2.25,2.48
2013.01.22 06:58:27.070,0.75102,0.75121,2.25,1.50
2013.01.22 06:58:27.429,0.75098,0.75116,1.73,2.48
2013.01.22 06:58:27.790,0.75095,0.75111,1.13,2.25
2013.01.22 06:58:27.909,0.75094,0.75111,1.73,2.25
2013.01.22 06:58:28.089,0.75094,0.75111,1.73,2.25
2013.01.22 06:58:28.213,0.75091,0.75111,1.50,3.23
2013.01.22 06:58:28.589,0.75087,0.75107,2.85,2.25
2013.01.22 06:58:29.261,0.75087,0.75107,2.10,2.25
2013.01.22 06:58:29.509,0.75087,0.75107,1.73,2.48
2013.01.22 06:58:30.050,0.75087,0.75107,1.73,3.23
2013.01.22 06:58:30.408,0.75087,0.75107,1.73,3.23
2013.01.22 06:58:30.889,0.75087,0.75107,1.73,2.48
2013.01.22 06:58:31.369,0.75088,0.75109,2.48,2.48
2013.01.22 06:58:31.499,0.75089,0.75109,1.35,2.25
2013.01.22 06:58:31.849,0.75092,0.75113,2.48,2.25
2013.01.22 06:58:32.777,0.75092,0.75113,2.48,2.25
2013.01.22 06:58:34.029,0.75096,0.75115,1.73,2.48
2013.01.22 06:58:34.642,0.75096,0.75115,1.73,2.48
2013.01.22 06:58:35.223,0.75096,0.75115,1.50,2.48
2013.01.22 06:58:36.690,0.75096,0.75115,2.25,2.48
2013.01.22 06:58:36.752,0.75096,0.75115,2.25,1.73
2013.01.22 06:58:37.010,0.75098,0.75115,2.25,1.73
2013.01.22 06:58:37.544,0.751,0.7512,2.25,3.23
2013.01.22 06:58:37.610,0.751,0.7512,2.25,3.23
2013.01.22 06:58:37.909,0.751,0.7512,1.50,3.23
2013.01.22 06:58:38.030,0.751,0.7512,1.50,3.23
2013.01.22 06:58:38.210,0.751,0.7512,1.73,3.23
2013.01.22 06:58:38.570,0.75098,0.75116,1.50,2.48
2013.01.22 06:58:38.690,0.75098,0.75116,1.50,2.48
2013.01.22 06:58:38.750,0.75101,0.75118,1.50,1.73
2013.01.22 06:58:39.050,0.75101,0.7512,1.50,3.98
2013.01.22 06:58:42.279,0.75101,0.7512,1.50,1.73
2013.01.22 06:58:42.880,0.75101,0.7512,2.25,1.73
2013.01.22 06:58:45.429,0.75101,0.7512,2.48,1.50
2013.01.22 06:58:46.670,0.75105,0.75123,1.50,1.73
2013.01.22 06:58:47.208,0.75105,0.75124,1.50,3.23
2013.01.22 06:58:50.409,0.75105,0.75124,1.50,3.23
2013.01.22 06:58:53.269,0.75105,0.75123,1.50,1.73
2013.01.22 06:58:53.389,0.75105,0.75123,1.50,1.73
2013.01.22 06:58:53.449,0.751,0.75119,2.48,1.50
2013.01.22 06:58:53.574,0.751,0.75119,2.25,1.73
2013.01.22 06:58:54.349,0.751,0.75118,1.50,1.73
2013.01.22 06:58:55.269,0.751,0.75118,2.25,1.73
2013.01.22 06:58:55.695,0.751,0.75118,1.50,1.73
2013.01.22 06:58:58.060,0.751,0.75118,2.25,1.73
2013.01.22 06:58:59.980,0.751,0.75119,1.50,3.23
2013.01.22 06:59:00.780,0.751,0.75119,2.48,3.23
2013.01.22 06:59:01.289,0.751,0.75119,2.48,2.25
2013.01.22 06:59:05.045,0.751,0.75119,2.48,1.50
2013.01.22 06:59:05.840,0.75103,0.75122,2.25,2.48
2013.01.22 06:59:06.119,0.75103,0.75122,1.50,1.73
2013.01.22 06:59:06.650,0.75101,0.7512,2.25,2.48
2013.01.22 06:59:06.769,0.75101,0.75119,2.25,1.73
2013.01.22 06:59:08.700,0.75101,0.7512,1.50,3.23
2013.01.22 06:59:09.889,0.75098,0.75116,1.73,2.48
2013.01.22 06:59:11.449,0.75097,0.75116,2.25,2.48
2013.01.22 06:59:15.739,0.75097,0.75116,2.48,2.48
2013.01.22 06:59:16.509,0.75097,0.75116,2.48,1.73
2013.01.22 06:59:18.439,0.75097,0.75116,1.73,2.48
2013.01.22 06:59:18.969,0.75097,0.75116,1.73,2.48
2013.01.22 06:59:19.029,0.75097,0.75116,1.73,2.48
2013.01.22 06:59:19.573,0.75097,0.75116,2.48,1.73
2013.01.22 06:59:19.937,0.75097,0.75116,2.48,2.48
2013.01.22 06:59:22.909,0.75097,0.75116,2.25,3.23
2013.01.22 06:59:25.091,0.75097,0.75116,1.50,3.23
2013.01.22 06:59:25.654,0.75097,0.75116,1.50,3.23
2013.01.22 06:59:27.339,0.75095,0.75114,1.73,2.48
2013.01.22 06:59:29.160,0.75092,0.75114,2.48,2.48
2013.01.22 06:59:33.623,0.75092,0.75114,2.48,2.48
2013.01.22 06:59:34.749,0.7509,0.75106,1.73,1.50
2013.01.22 06:59:34.870,0.75091,0.7511,2.48,2.25
2013.01.22 06:59:36.461,0.75091,0.7511,3.23,1.50
2013.01.22 06:59:37.040,0.75091,0.7511,2.48,2.25
2013.01.22 06:59:37.749,0.75091,0.7511,3.23,1.50
2013.01.22 06:59:37.809,0.75094,0.75114,2.48,1.73
2013.01.22 06:59:39.409,0.75093,0.75112,2.48,1.50
2013.01.22 06:59:39.530,0.75091,0.75112,2.48,2.48
2013.01.22 06:59:39.709,0.75091,0.75112,2.48,2.48
2013.01.22 06:59:40.009,0.75096,0.75113,1.73,3.00
2013.01.22 06:59:40.619,0.75096,0.75113,2.48,1.50
2013.01.22 06:59:40.979,0.75096,0.75113,2.25,1.73
2013.01.22 06:59:45.370,0.75096,0.75112,1.50,1.73
2013.01.22 06:59:47.380,0.75096,0.75113,2.25,1.73
2013.01.22 06:59:47.569,0.75096,0.75113,2.48,1.50
2013.01.22 06:59:47.629,0.75096,0.75115,2.48,3.23
2013.01.22 06:59:56.319,0.75096,0.75115,2.48,2.25
2013.01.22 06:59:56.689,0.75094,0.75116,3.23,2.48
2013.01.22 06:59:57.470,0.75094,0.75116,1.73,3.23
