2017.01.09 19:00:00.058,0.81639,0.8166,1.00,1.87
2017.01.09 19:00:00.209,0.81637,0.81659,1.12,1.00
2017.01.09 19:00:00.360,0.81636,0.81657,1.50,1.00
2017.01.09 19:00:00.749,0.81633,0.81655,1.00,1.75
2017.01.09 19:00:01.471,0.81634,0.81655,1.00,1.75
2017.01.09 19:00:01.721,0.81635,0.81655,1.00,1.00
2017.01.09 19:00:02.903,0.81634,0.81657,1.00,1.37
2017.01.09 19:00:02.954,0.81636,0.81655,1.00,1.00
2017.01.09 19:00:03.495,0.81637,0.81658,1.00,1.50
2017.01.09 19:00:04.330,0.81636,0.81657,1.00,1.37
2017.01.09 19:00:04.875,0.81636,0.81657,1.12,1.00
2017.01.09 19:00:05.109,0.81636,0.81659,1.12,1.12
2017.01.09 19:00:05.822,0.81637,0.81659,1.00,1.12
2017.01.09 19:00:09.483,0.81638,0.81659,1.00,1.12
2017.01.09 19:00:09.634,0.8164,0.81663,1.50,1.75
2017.01.09 19:00:09.735,0.81642,0.81663,1.00,1.50
2017.01.09 19:00:10.241,0.81642,0.81663,1.12,1.00
2017.01.09 19:00:10.393,0.8164,0.8166,1.75,1.00
2017.01.09 19:00:10.644,0.81638,0.81659,1.12,1.00
2017.01.09 19:00:11.177,0.81639,0.8166,1.00,1.12
2017.01.09 19:00:12.404,0.8164,0.8166,1.00,1.12
2017.01.09 19:00:14.764,0.81639,0.8166,1.00,1.12
2017.01.09 19:00:19.174,0.81638,0.81659,1.12,1.00
2017.01.09 19:00:19.225,0.81636,0.81657,1.75,1.00
2017.01.09 19:00:19.578,0.81635,0.81656,1.12,1.00
2017.01.09 19:00:20.180,0.81636,0.81657,1.00,1.00
2017.01.09 19:00:20.687,0.81639,0.8166,1.00,4.12
2017.01.09 19:00:20.994,0.81641,0.81662,1.00,1.00
2017.01.09 19:00:21.682,0.81642,0.81663,1.00,1.12
2017.01.09 19:00:21.779,0.81645,0.81663,1.00,1.12
2017.01.09 19:00:22.553,0.81642,0.81663,1.00,1.12
2017.01.09 19:00:24.876,0.81642,0.81662,1.00,1.00
2017.01.09 19:00:25.861,0.81641,0.81662,1.00,1.00
2017.01.09 19:00:25.911,0.81643,0.81664,1.00,1.50
2017.01.09 19:00:26.216,0.81637,0.81658,3.37,1.00
2017.01.09 19:00:26.266,0.81637,0.81658,1.00,1.00
2017.01.09 19:00:29.517,0.81638,0.81655,1.00,1.00
2017.01.09 19:00:29.618,0.81638,0.81659,1.00,1.50
2017.01.09 19:00:29.769,0.81637,0.81656,1.00,1.00
2017.01.09 19:00:30.429,0.81636,0.81656,1.00,1.50
2017.01.09 19:00:30.753,0.81635,0.81654,1.00,1.00
2017.01.09 19:00:30.904,0.81633,0.81654,1.00,1.12
2017.01.09 19:00:31.488,0.81632,0.81653,1.12,1.00
2017.01.09 19:00:31.996,0.81631,0.81652,1.50,1.00
2017.01.09 19:00:32.565,0.81633,0.81654,1.00,1.12
2017.01.09 19:00:34.219,0.81634,0.81655,1.00,1.50
2017.01.09 19:00:34.731,0.81635,0.81655,1.00,1.50
2017.01.09 19:00:35.245,0.81634,0.81655,1.00,1.50
2017.01.09 19:00:39.325,0.81633,0.81655,1.00,2.25
2017.01.09 19:00:39.893,0.81632,0.81653,1.12,1.00
2017.01.09 19:00:43.197,0.81632,0.81652,1.12,1.00
2017.01.09 19:00:43.726,0.81632,0.81653,1.12,1.00
2017.01.09 19:00:44.875,0.8163,0.81651,1.75,1.00
2017.01.09 19:00:46.562,0.8163,0.8165,1.75,1.00
2017.01.09 19:00:46.713,0.81628,0.81649,1.50,1.00
2017.01.09 19:00:49.426,0.81627,0.81648,1.75,1.00
2017.01.09 19:00:49.527,0.81627,0.81648,1.12,1.00
2017.01.09 19:00:50.204,0.81627,0.81647,1.12,1.00
2017.01.09 19:00:51.230,0.81627,0.81648,1.12,1.00
2017.01.09 19:00:53.228,0.81626,0.81647,1.50,1.00
2017.01.09 19:00:53.379,0.81629,0.81648,1.00,1.00
2017.01.09 19:00:53.896,0.81629,0.81647,1.00,1.00
2017.01.09 19:00:54.605,0.81627,0.81648,1.12,1.00
2017.01.09 19:00:55.503,0.81628,0.81649,1.00,1.12
2017.01.09 19:00:56.073,0.81626,0.81648,1.50,1.00
2017.01.09 19:00:56.224,0.81625,0.81646,1.00,1.00
2017.01.09 19:00:56.549,0.81625,0.81643,1.12,1.00
2017.01.09 19:00:57.117,0.81621,0.81642,1.50,1.00
2017.01.09 19:01:00.168,0.81617,0.81641,1.75,1.00
2017.01.09 19:01:00.236,0.81616,0.81639,3.37,1.00
2017.01.09 19:01:00.538,0.81621,0.81643,1.12,1.12
2017.01.09 19:01:01.217,0.81621,0.81642,1.12,1.00
2017.01.09 19:01:01.731,0.8162,0.81643,1.50,1.12
2017.01.09 19:01:02.525,0.81621,0.81642,1.12,1.00
2017.01.09 19:01:07.610,0.8162,0.81641,1.50,1.00
2017.01.09 19:01:08.114,0.8162,0.8164,1.00,1.00
2017.01.09 19:01:08.615,0.8162,0.81639,1.00,1.00
2017.01.09 19:01:09.130,0.8162,0.81638,1.00,1.00
2017.01.09 19:01:09.573,0.81615,0.81635,1.75,1.00
2017.01.09 19:01:09.674,0.81615,0.81635,1.50,1.00
2017.01.09 19:01:10.956,0.81615,0.81636,2.25,1.00
2017.01.09 19:01:12.208,0.81616,0.81636,1.00,1.00
2017.01.09 19:01:13.246,0.81616,0.81637,1.00,1.00
2017.01.09 19:01:13.297,0.8162,0.81637,1.00,1.00
2017.01.09 19:01:14.311,0.8162,0.81636,1.00,1.00
2017.01.09 19:01:15.316,0.8162,0.81637,1.00,1.00
2017.01.09 19:01:15.417,0.8162,0.81639,1.00,1.50
2017.01.09 19:01:17.500,0.81616,0.81637,2.25,1.00
2017.01.09 19:01:17.752,0.81616,0.81637,1.12,1.00
2017.01.09 19:01:19.716,0.8162,0.81637,1.00,1.00
2017.01.09 19:01:20.326,0.8162,0.81636,1.00,1.00
2017.01.09 19:01:32.820,0.81615,0.81636,2.25,1.50
2017.01.09 19:01:34.007,0.81615,0.81633,1.50,1.00
2017.01.09 19:01:34.643,0.81615,0.81633,1.00,1.00
2017.01.09 19:01:34.958,0.8161,0.81628,1.00,1.00
2017.01.09 19:01:35.525,0.8161,0.81629,1.50,1.00
2017.01.09 19:01:36.051,0.8161,0.81629,1.50,1.00
2017.01.09 19:01:37.122,0.81609,0.81629,1.50,1.00
2017.01.09 19:01:37.774,0.8161,0.81629,1.00,1.00
2017.01.09 19:01:38.478,0.81609,0.81629,1.50,1.50
2017.01.09 19:01:52.813,0.81609,0.8163,1.50,1.00
2017.01.09 19:01:53.299,0.81611,0.81631,1.00,1.12
2017.01.09 19:01:53.861,0.81612,0.81633,1.00,1.75
2017.01.09 19:01:55.391,0.81615,0.81633,1.00,1.37
2017.01.09 19:01:55.441,0.81615,0.81633,1.00,1.00
2017.01.09 19:01:56.043,0.81615,0.81634,1.00,1.12
2017.01.09 19:01:56.726,0.81615,0.81633,1.00,1.00
2017.01.09 19:01:56.779,0.81612,0.81633,1.00,1.00
2017.01.09 19:01:56.930,0.81612,0.81633,1.00,1.75
2017.01.09 19:01:57.592,0.81611,0.81632,1.00,1.50
2017.01.09 19:01:58.434,0.81612,0.81633,1.00,1.75
2017.01.09 19:01:58.933,0.81615,0.81633,1.00,1.75
2017.01.09 19:02:00.137,0.81611,0.81632,1.00,1.50
2017.01.09 19:02:01.065,0.8161,0.81631,1.00,1.12
2017.01.09 19:02:02.140,0.81609,0.8163,1.87,1.00
2017.01.09 19:02:04.115,0.8161,0.81631,1.00,1.12
2017.01.09 19:02:06.647,0.8161,0.8163,1.00,1.00
2017.01.09 19:02:07.553,0.8161,0.81629,1.00,1.00
2017.01.09 19:02:08.237,0.81608,0.81629,1.50,1.00
2017.01.09 19:02:08.389,0.81607,0.81628,1.00,1.00
2017.01.09 19:02:09.114,0.81606,0.81627,1.00,1.00
2017.01.09 19:02:12.120,0.81604,0.81625,1.50,1.00
2017.01.09 19:02:12.428,0.81603,0.81624,1.12,1.00
2017.01.09 19:02:12.479,0.81601,0.81622,1.75,1.00
2017.01.09 19:02:13.401,0.81602,0.81623,1.50,1.00
2017.01.09 19:02:14.776,0.81602,0.81622,1.50,1.00
2017.01.09 19:02:15.495,0.81602,0.81623,1.00,1.12
2017.01.09 19:02:16.003,0.81603,0.81623,1.00,1.12
2017.01.09 19:02:18.445,0.81602,0.81623,1.00,1.12
2017.01.09 19:02:19.445,0.81601,0.81622,1.12,1.00
2017.01.09 19:02:21.091,0.81602,0.81622,1.00,1.00
2017.01.09 19:02:21.843,0.81601,0.81622,1.12,1.00
2017.01.09 19:02:22.843,0.816,0.81621,2.25,1.00
2017.01.09 19:02:23.389,0.816,0.8162,1.50,1.00
2017.01.09 19:02:24.387,0.81599,0.81622,2.25,1.00
2017.01.09 19:02:24.509,0.81602,0.81622,1.00,1.75
2017.01.09 19:02:24.610,0.81602,0.81622,1.00,1.12
2017.01.09 19:02:25.536,0.81601,0.81622,1.00,1.12
2017.01.09 19:02:26.499,0.81601,0.81621,1.00,1.00
2017.01.09 19:02:26.878,0.816,0.81619,1.00,1.00
2017.01.09 19:02:32.866,0.816,0.81621,1.50,1.50
2017.01.09 19:02:36.270,0.81599,0.8162,1.50,1.12
2017.01.09 19:02:36.965,0.816,0.8162,1.00,1.12
2017.01.09 19:02:38.599,0.816,0.81619,1.00,1.00
2017.01.09 19:02:39.581,0.816,0.8162,1.00,1.12
2017.01.09 19:02:44.013,0.816,0.8162,1.50,1.50
2017.01.09 19:02:44.556,0.816,0.8162,1.00,1.75
2017.01.09 19:02:47.637,0.816,0.8162,1.50,1.00
2017.01.09 19:02:56.782,0.816,0.81621,1.50,1.12
2017.01.09 19:02:57.804,0.816,0.8162,1.00,1.00
2017.01.09 19:02:58.343,0.816,0.81621,1.50,1.12
2017.01.09 19:02:58.975,0.816,0.8162,1.00,1.00
2017.01.09 19:02:59.532,0.816,0.81621,1.50,1.12
2017.01.09 19:03:00.125,0.816,0.8162,1.00,1.00
2017.01.09 19:03:00.214,0.81596,0.81617,1.75,1.00
2017.01.09 19:03:00.467,0.81595,0.81616,1.50,1.00
2017.01.09 19:03:01.223,0.81596,0.81617,1.00,1.12
2017.01.09 19:03:01.856,0.81597,0.81617,1.00,1.12
2017.01.09 19:03:08.185,0.81599,0.81619,1.00,1.75
2017.01.09 19:03:08.387,0.816,0.81619,1.00,1.00
2017.01.09 19:03:11.992,0.816,0.8162,1.50,1.12
2017.01.09 19:03:12.373,0.81601,0.81622,1.50,1.00
2017.01.09 19:03:18.514,0.81602,0.81623,1.12,1.00
2017.01.09 19:03:19.852,0.81605,0.81625,1.00,2.25
2017.01.09 19:03:20.218,0.81602,0.81623,1.12,1.00
2017.01.09 19:03:20.846,0.81602,0.81622,1.12,1.00
2017.01.09 19:03:21.191,0.816,0.8162,2.25,1.00
2017.01.09 19:03:21.379,0.816,0.8162,1.00,1.00
2017.01.09 19:03:24.353,0.816,0.81619,1.00,1.00
2017.01.09 19:03:31.038,0.81598,0.81618,1.37,1.00
2017.01.09 19:03:31.189,0.81595,0.81618,2.25,1.00
2017.01.09 19:03:34.049,0.816,0.81618,1.00,1.00
2017.01.09 19:03:35.834,0.81598,0.81618,1.00,1.00
2017.01.09 19:03:36.355,0.81597,0.81618,1.00,1.00
2017.01.09 19:03:36.533,0.816,0.81618,1.00,1.00
2017.01.09 19:03:36.835,0.81602,0.81622,1.00,1.00
2017.01.09 19:03:36.886,0.81604,0.81624,1.00,1.50
2017.01.09 19:03:37.425,0.81604,0.81624,1.37,1.12
2017.01.09 19:03:37.508,0.81605,0.81626,1.87,1.00
2017.01.09 19:03:38.016,0.81605,0.81625,1.12,1.50
2017.01.09 19:03:38.701,0.81606,0.81625,1.00,1.00
2017.01.09 19:03:39.554,0.81606,0.81626,1.00,1.00
2017.01.09 19:03:40.915,0.81608,0.81628,1.00,1.37
2017.01.09 19:03:41.463,0.81608,0.81628,1.00,1.12
2017.01.09 19:03:41.970,0.81608,0.81629,1.12,1.00
2017.01.09 19:03:43.004,0.81609,0.8163,1.00,1.12
2017.01.09 19:03:43.306,0.81611,0.81631,1.00,1.50
2017.01.09 19:03:44.815,0.81608,0.81631,1.12,1.50
2017.01.09 19:03:44.865,0.81605,0.81629,1.65,1.37
2017.01.09 19:03:45.120,0.81601,0.81622,1.00,1.12
2017.01.09 19:03:45.271,0.81605,0.81622,1.00,1.12
2017.01.09 19:03:45.416,0.81601,0.81622,1.00,1.12
2017.01.09 19:03:47.076,0.81602,0.81623,1.00,1.50
2017.01.09 19:03:47.595,0.81601,0.81621,1.00,1.00
2017.01.09 19:03:51.234,0.81601,0.81622,1.00,1.12
2017.01.09 19:03:51.335,0.81604,0.81624,1.00,1.75
2017.01.09 19:03:51.762,0.81602,0.81623,1.00,1.50
2017.01.09 19:03:52.283,0.81601,0.81621,1.00,1.00
2017.01.09 19:03:53.269,0.816,0.81621,1.87,1.00
2017.01.09 19:03:53.421,0.816,0.81619,1.12,1.00
2017.01.09 19:03:54.917,0.81599,0.81619,1.00,1.12
2017.01.09 19:03:55.431,0.81598,0.81619,1.00,1.12
2017.01.09 19:03:55.742,0.81601,0.81621,1.00,1.37
2017.01.09 19:03:56.044,0.81605,0.81621,1.00,1.00
2017.01.09 19:03:56.344,0.81601,0.81621,1.00,1.50
2017.01.09 19:03:57.350,0.81601,0.81622,1.00,1.12
2017.01.09 19:03:57.451,0.816,0.8162,1.87,1.00
2017.01.09 19:03:57.753,0.81598,0.81619,1.00,1.50
2017.01.09 19:03:58.553,0.81599,0.81619,1.00,1.50
2017.01.09 19:04:00.237,0.816,0.8162,1.00,1.75
2017.01.09 19:04:00.388,0.816,0.8162,1.12,1.00
2017.01.09 19:04:08.297,0.816,0.8162,1.00,1.37
2017.01.09 19:04:11.473,0.816,0.81618,1.00,1.37
2017.01.09 19:04:11.625,0.81595,0.81615,1.00,1.00
2017.01.09 19:04:11.726,0.81599,0.81617,1.00,1.37
2017.01.09 19:04:11.931,0.81595,0.81615,1.00,1.00
2017.01.09 19:04:12.635,0.81596,0.81615,1.00,1.00
2017.01.09 19:04:12.731,0.816,0.81616,1.00,1.12
2017.01.09 19:04:14.755,0.81595,0.81614,1.00,1.00
2017.01.09 19:04:14.957,0.81595,0.81611,1.00,1.12
2017.01.09 19:04:15.479,0.81595,0.81611,1.00,1.50
2017.01.09 19:04:16.832,0.81595,0.8161,1.00,1.50
2017.01.09 19:04:17.342,0.81595,0.8161,1.00,1.75
2017.01.09 19:04:18.954,0.8159,0.8161,1.50,1.75
2017.01.09 19:04:19.005,0.81595,0.81608,1.00,1.12
2017.01.09 19:04:19.123,0.8159,0.8161,1.00,1.75
2017.01.09 19:04:19.280,0.81592,0.81612,1.00,1.75
2017.01.09 19:04:19.432,0.81592,0.81612,1.00,1.50
2017.01.09 19:04:21.160,0.81595,0.81613,1.00,2.25
2017.01.09 19:04:25.080,0.81592,0.81613,1.00,1.75
2017.01.09 19:04:26.901,0.81595,0.81613,1.00,2.25
2017.01.09 19:04:28.319,0.8159,0.81612,1.50,1.50
2017.01.09 19:04:28.421,0.8159,0.81609,1.00,1.00
2017.01.09 19:04:28.724,0.8159,0.81608,1.00,1.50
2017.01.09 19:04:29.924,0.8159,0.81606,1.00,1.00
2017.01.09 19:04:29.977,0.81585,0.81606,1.00,1.00
2017.01.09 19:04:30.173,0.81585,0.81606,1.00,1.75
2017.01.09 19:04:36.856,0.81587,0.81608,1.00,3.22
2017.01.09 19:04:37.108,0.8159,0.81609,1.00,1.75
2017.01.09 19:04:44.483,0.8159,0.8161,1.00,1.75
2017.01.09 19:04:45.375,0.81591,0.81613,1.00,2.77
2017.01.09 19:04:45.426,0.81595,0.81613,1.00,2.02
2017.01.09 19:04:45.577,0.81595,0.81614,1.00,1.75
2017.01.09 19:04:46.550,0.81592,0.81613,1.00,1.75
2017.01.09 19:04:46.634,0.81589,0.81611,1.50,1.12
2017.01.09 19:04:46.745,0.81589,0.81611,1.50,1.37
2017.01.09 19:04:47.505,0.8159,0.81611,1.00,1.75
2017.01.09 19:04:52.563,0.81587,0.81609,1.00,1.50
2017.01.09 19:04:52.758,0.81586,0.81608,1.00,1.37
2017.01.09 19:04:55.400,0.81585,0.81609,1.50,1.75
2017.01.09 19:04:59.790,0.81585,0.81603,1.00,1.00
2017.01.09 19:05:00.145,0.81584,0.81603,1.00,1.75
2017.01.09 19:05:06.114,0.81581,0.81603,1.00,1.75
2017.01.09 19:05:10.515,0.81585,0.81602,1.00,1.75
2017.01.09 19:05:16.100,0.81585,0.81603,1.00,1.37
2017.01.09 19:05:16.151,0.81585,0.81603,1.00,1.00
2017.01.09 19:05:17.873,0.81585,0.81602,1.00,1.00
2017.01.09 19:05:17.924,0.81581,0.81602,1.37,1.00
2017.01.09 19:05:27.384,0.81585,0.81602,1.00,1.00
2017.01.09 19:05:28.553,0.81585,0.81604,1.00,1.12
2017.01.09 19:05:29.103,0.81585,0.81603,1.00,1.00
2017.01.09 19:05:29.154,0.81582,0.81603,1.12,1.00
2017.01.09 19:05:29.837,0.8158,0.81602,2.25,1.00
2017.01.09 19:05:30.802,0.8158,0.81601,2.25,1.00
2017.01.09 19:05:31.279,0.81585,0.81601,1.00,1.00
2017.01.09 19:05:31.942,0.81584,0.81602,1.00,1.00
2017.01.09 19:05:32.285,0.8159,0.81604,1.00,1.50
2017.01.09 19:05:38.225,0.81585,0.81603,1.00,1.12
2017.01.09 19:05:38.525,0.8159,0.81603,1.00,1.00
2017.01.09 19:05:39.159,0.8159,0.81604,1.00,1.00
2017.01.09 19:05:40.487,0.8159,0.81605,1.00,1.00
2017.01.09 19:05:42.114,0.81585,0.81605,1.00,1.50
2017.01.09 19:05:47.077,0.81585,0.81604,1.00,1.00
2017.01.09 19:05:53.149,0.81585,0.81605,1.00,1.50
2017.01.09 19:05:53.242,0.81585,0.81604,1.00,1.37
2017.01.09 19:05:56.345,0.81585,0.81607,1.00,1.50
2017.01.09 19:05:56.395,0.81585,0.81607,1.00,1.12
2017.01.09 19:05:57.479,0.81586,0.81607,1.00,1.12
2017.01.09 19:05:58.362,0.81585,0.81607,1.50,1.12
2017.01.09 19:05:58.549,0.81585,0.81607,1.87,1.00
2017.01.09 19:05:59.054,0.81585,0.81606,1.75,1.00
2017.01.09 19:05:59.307,0.81585,0.81606,1.00,1.12
2017.01.09 19:06:00.450,0.81585,0.81605,1.00,1.00
2017.01.09 19:06:06.375,0.8159,0.81605,1.00,1.00
2017.01.09 19:06:06.677,0.81594,0.81607,1.00,1.12
2017.01.09 19:06:06.727,0.8159,0.81607,1.00,1.00
2017.01.09 19:06:07.302,0.8159,0.81608,1.00,1.00
2017.01.09 19:06:10.547,0.8159,0.81609,1.00,1.50
2017.01.09 19:06:11.551,0.8159,0.81608,1.00,1.00
2017.01.09 19:06:14.208,0.8159,0.81609,1.00,1.00
2017.01.09 19:06:14.716,0.8159,0.8161,1.00,1.87
2017.01.09 19:06:20.806,0.81595,0.8161,1.00,1.12
2017.01.09 19:06:21.237,0.8159,0.81609,1.00,1.00
2017.01.09 19:06:21.815,0.81595,0.81609,1.00,1.00
2017.01.09 19:06:21.915,0.8159,0.81609,1.00,1.00
2017.01.09 19:06:21.966,0.81594,0.81609,1.00,1.50
2017.01.09 19:06:22.396,0.81595,0.81613,1.00,1.37
2017.01.09 19:06:22.497,0.81595,0.81613,1.00,1.00
2017.01.09 19:06:23.293,0.81595,0.81614,1.00,1.50
2017.01.09 19:06:23.866,0.81595,0.81613,1.00,1.00
2017.01.09 19:06:27.747,0.81594,0.81613,1.00,1.00
2017.01.09 19:06:28.278,0.81594,0.81614,1.00,1.50
2017.01.09 19:06:29.185,0.81594,0.81613,1.00,1.00
2017.01.09 19:06:32.395,0.81594,0.81614,1.00,1.50
2017.01.09 19:06:32.496,0.81595,0.81615,1.00,1.87
2017.01.09 19:06:32.848,0.81595,0.81615,1.50,1.12
2017.01.09 19:06:33.609,0.81596,0.81615,1.00,1.12
2017.01.09 19:06:34.251,0.81594,0.81615,1.00,1.12
2017.01.09 19:06:34.834,0.81593,0.81614,1.12,1.00
2017.01.09 19:06:37.181,0.81593,0.81615,1.12,1.87
2017.01.09 19:06:37.332,0.81595,0.81615,1.00,1.87
2017.01.09 19:06:39.277,0.81596,0.81615,1.00,1.12
2017.01.09 19:06:40.193,0.81595,0.81615,1.50,1.12
2017.01.09 19:06:44.163,0.81595,0.81614,1.00,1.00
2017.01.09 19:06:44.466,0.81595,0.81614,1.00,1.37
2017.01.09 19:06:44.980,0.81595,0.81614,1.00,1.50
2017.01.09 19:06:45.586,0.81594,0.81616,1.50,2.25
2017.01.09 19:06:45.993,0.81594,0.81616,1.87,1.12
2017.01.09 19:06:51.399,0.81594,0.81614,1.12,1.00
2017.01.09 19:06:51.704,0.81595,0.81615,1.00,3.00
2017.01.09 19:06:51.775,0.81595,0.81615,1.00,1.12
2017.01.09 19:06:51.926,0.816,0.81616,1.00,1.50
2017.01.09 19:06:52.602,0.81595,0.81615,1.00,1.12
2017.01.09 19:06:53.050,0.81595,0.81612,1.00,1.00
2017.01.09 19:06:55.639,0.81595,0.81613,1.00,1.00
2017.01.09 19:06:57.894,0.81591,0.81613,1.12,1.00
2017.01.09 19:06:58.422,0.81593,0.81615,1.00,2.25
2017.01.09 19:06:58.724,0.81595,0.81615,1.00,1.00
2017.01.09 19:07:00.567,0.81593,0.81615,1.50,2.25
2017.01.09 19:07:00.618,0.81595,0.81614,1.00,1.00
2017.01.09 19:07:01.552,0.81595,0.81613,1.00,1.00
2017.01.09 19:07:01.675,0.8159,0.8161,1.37,1.00
2017.01.09 19:07:03.060,0.8159,0.8161,1.00,1.12
2017.01.09 19:07:04.252,0.8159,0.81609,1.00,1.00
2017.01.09 19:07:04.454,0.8159,0.81607,1.00,1.12
2017.01.09 19:07:08.285,0.81589,0.81609,1.00,1.75
2017.01.09 19:07:08.849,0.8159,0.81607,1.00,1.12
2017.01.09 19:07:09.386,0.81589,0.81607,1.00,1.12
2017.01.09 19:07:13.739,0.8159,0.81607,1.00,1.12
2017.01.09 19:07:22.141,0.81585,0.81605,1.50,1.00
2017.01.09 19:07:22.293,0.81583,0.81605,1.12,1.87
2017.01.09 19:07:22.343,0.81585,0.81603,1.00,1.00
2017.01.09 19:07:22.545,0.81581,0.81603,1.50,1.00
2017.01.09 19:07:22.696,0.81585,0.81603,1.00,1.00
2017.01.09 19:07:22.848,0.81581,0.81603,1.50,1.00
2017.01.09 19:07:23.853,0.81581,0.81603,1.00,1.00
2017.01.09 19:07:24.597,0.8158,0.816,1.00,1.00
2017.01.09 19:07:25.654,0.8158,0.81601,1.00,1.00
2017.01.09 19:07:25.956,0.8159,0.81605,1.00,1.00
2017.01.09 19:07:26.507,0.81585,0.81605,1.00,1.50
2017.01.09 19:07:27.521,0.81585,0.81604,1.00,1.00
2017.01.09 19:07:36.787,0.81585,0.81603,1.00,1.00
2017.01.09 19:07:40.844,0.81585,0.81604,1.00,1.00
2017.01.09 19:07:41.639,0.81585,0.81605,1.00,2.25
2017.01.09 19:07:41.773,0.81585,0.81603,1.00,1.00
2017.01.09 19:07:41.944,0.81585,0.81605,1.00,1.50
2017.01.09 19:07:46.064,0.81585,0.81603,1.00,1.00
2017.01.09 19:07:46.602,0.81585,0.81604,1.00,1.50
2017.01.09 19:07:47.594,0.8159,0.81605,1.00,1.50
2017.01.09 19:07:50.102,0.81584,0.81605,1.00,1.00
2017.01.09 19:07:50.715,0.81584,0.81604,1.00,1.00
2017.01.09 19:07:51.222,0.81584,0.81603,1.00,1.00
2017.01.09 19:07:53.960,0.81585,0.81603,1.00,1.00
2017.01.09 19:07:56.523,0.81583,0.81601,1.12,1.00
2017.01.09 19:07:57.384,0.8158,0.816,1.75,1.00
2017.01.09 19:07:57.876,0.81585,0.816,1.00,1.00
2017.01.09 19:07:59.486,0.81585,0.81601,1.00,1.00
2017.01.09 19:08:00.059,0.81585,0.816,1.00,1.00
2017.01.09 19:08:05.954,0.81585,0.81602,1.00,1.00
2017.01.09 19:08:06.644,0.81585,0.81601,1.00,1.00
2017.01.09 19:08:09.059,0.81585,0.81602,1.00,1.00
2017.01.09 19:08:10.116,0.81585,0.81601,1.00,1.00
2017.01.09 19:08:13.646,0.81582,0.81601,1.50,1.00
2017.01.09 19:08:14.171,0.81585,0.81601,1.00,1.00
2017.01.09 19:08:14.281,0.81582,0.81601,1.50,1.00
2017.01.09 19:08:14.815,0.81582,0.81601,1.00,1.00
2017.01.09 19:08:15.439,0.81583,0.81601,1.00,1.00
2017.01.09 19:08:15.943,0.81582,0.81601,1.00,1.00
2017.01.09 19:08:18.515,0.81585,0.81601,1.00,1.00
2017.01.09 19:08:18.616,0.81585,0.81604,1.00,1.50
2017.01.09 19:08:19.172,0.81585,0.81605,1.00,1.00
2017.01.09 19:08:22.371,0.81586,0.81605,1.00,1.00
2017.01.09 19:08:22.422,0.81584,0.81604,1.00,1.50
2017.01.09 19:08:22.928,0.81585,0.81604,1.00,2.25
2017.01.09 19:08:23.152,0.81582,0.81604,1.00,2.25
2017.01.09 19:08:23.202,0.81581,0.81602,1.00,1.00
2017.01.09 19:08:23.760,0.81582,0.81602,1.00,1.50
2017.01.09 19:08:25.210,0.81581,0.81601,1.00,1.00
2017.01.09 19:08:25.817,0.8158,0.816,1.50,1.00
2017.01.09 19:08:26.328,0.8158,0.81598,1.00,1.00
2017.01.09 19:08:29.054,0.8158,0.81599,1.00,1.00
2017.01.09 19:08:29.365,0.81585,0.81601,1.00,1.50
2017.01.09 19:08:29.800,0.81581,0.81599,1.00,1.00
2017.01.09 19:08:30.053,0.81585,0.81599,1.00,1.00
2017.01.09 19:08:30.933,0.81585,0.816,1.00,1.12
2017.01.09 19:08:32.997,0.81583,0.816,1.00,1.00
2017.01.09 19:08:34.393,0.81585,0.816,1.00,1.00
2017.01.09 19:08:34.610,0.81582,0.81599,1.00,1.00
2017.01.09 19:08:34.761,0.81581,0.81597,1.12,1.00
2017.01.09 19:08:36.660,0.81584,0.81597,1.00,1.00
2017.01.09 19:08:37.197,0.8158,0.81597,2.25,1.00
2017.01.09 19:08:37.298,0.8158,0.816,1.50,1.12
2017.01.09 19:08:37.499,0.81585,0.81601,1.00,2.25
2017.01.09 19:08:38.056,0.81585,0.81601,1.00,1.00
2017.01.09 19:08:40.209,0.81585,0.81602,1.00,1.87
2017.01.09 19:08:41.620,0.81585,0.81601,1.00,1.00
2017.01.09 19:08:42.455,0.81582,0.81601,1.00,1.00
2017.01.09 19:08:42.965,0.81582,0.81602,1.00,1.12
2017.01.09 19:08:43.505,0.81583,0.81603,1.00,1.87
2017.01.09 19:08:45.317,0.81585,0.81602,1.00,1.00
2017.01.09 19:08:46.515,0.81581,0.81602,1.50,1.00
2017.01.09 19:08:47.004,0.81585,0.81602,1.00,1.00
2017.01.09 19:08:49.792,0.81585,0.81603,1.00,1.00
2017.01.09 19:08:50.132,0.81585,0.81601,1.00,1.00
2017.01.09 19:08:53.179,0.81579,0.81598,1.75,1.00
2017.01.09 19:08:53.230,0.81579,0.816,2.25,1.00
2017.01.09 19:08:53.281,0.81579,0.816,1.50,1.00
2017.01.09 19:08:53.382,0.81579,0.816,1.50,1.75
2017.01.09 19:08:53.483,0.81579,0.816,1.50,1.00
2017.01.09 19:08:55.877,0.8158,0.816,1.00,1.00
2017.01.09 19:08:56.579,0.8158,0.81599,1.00,1.00
2017.01.09 19:08:56.680,0.81576,0.81597,1.75,1.50
2017.01.09 19:08:56.781,0.81575,0.81595,1.87,1.00
2017.01.09 19:08:56.832,0.81574,0.81593,1.50,1.00
2017.01.09 19:08:57.137,0.81574,0.81592,1.00,1.50
2017.01.09 19:08:57.490,0.81574,0.81593,1.00,1.12
2017.01.09 19:08:57.996,0.81574,0.81594,1.00,1.00
2017.01.09 19:08:58.527,0.81574,0.81593,1.00,1.00
2017.01.09 19:08:59.452,0.81577,0.8159,1.00,1.00
2017.01.09 19:08:59.503,0.81575,0.81595,1.50,2.25
2017.01.09 19:08:59.554,0.8158,0.81595,1.00,1.75
2017.01.09 19:08:59.634,0.81572,0.81592,1.75,1.00
2017.01.09 19:08:59.695,0.8157,0.8159,2.25,1.00
2017.01.09 19:09:00.230,0.8157,0.81588,1.00,1.50
2017.01.09 19:09:00.926,0.8157,0.81587,1.00,1.00
2017.01.09 19:09:04.465,0.8157,0.81586,1.00,1.00
2017.01.09 19:09:04.982,0.8157,0.81586,1.00,1.50
2017.01.09 19:09:05.708,0.8157,0.81586,1.00,1.00
2017.01.09 19:09:07.025,0.8157,0.81587,1.00,1.50
2017.01.09 19:09:07.195,0.81566,0.81585,1.00,1.00
2017.01.09 19:09:07.815,0.81566,0.81586,1.00,1.50
2017.01.09 19:09:07.866,0.81565,0.81583,1.12,1.00
2017.01.09 19:09:08.184,0.8157,0.81588,1.00,3.37
2017.01.09 19:09:08.235,0.8157,0.81588,1.00,1.75
2017.01.09 19:09:08.336,0.8157,0.81588,1.00,1.00
2017.01.09 19:09:08.414,0.81575,0.81588,1.00,1.00
2017.01.09 19:09:08.716,0.81575,0.81591,1.00,1.12
2017.01.09 19:09:09.315,0.8157,0.81591,1.50,1.12
2017.01.09 19:09:10.999,0.8157,0.8159,1.50,1.00
2017.01.09 19:09:11.513,0.81571,0.81591,1.00,1.12
2017.01.09 19:09:12.211,0.8157,0.81591,1.50,1.12
2017.01.09 19:09:12.262,0.8157,0.81589,1.00,1.00
2017.01.09 19:09:12.564,0.81565,0.81583,1.75,1.00
2017.01.09 19:09:12.615,0.8157,0.81585,1.00,1.00
2017.01.09 19:09:12.717,0.8157,0.81587,1.00,1.12
2017.01.09 19:09:12.942,0.8157,0.8159,1.00,1.00
2017.01.09 19:09:12.992,0.81566,0.81587,1.75,1.00
2017.01.09 19:09:13.043,0.81566,0.81587,1.00,1.50
2017.01.09 19:09:13.164,0.8157,0.8159,1.00,2.25
2017.01.09 19:09:13.847,0.81568,0.8159,1.00,1.75
2017.01.09 19:09:13.948,0.81565,0.81589,1.50,1.00
2017.01.09 19:09:13.999,0.81565,0.81587,1.50,1.00
2017.01.09 19:09:14.340,0.8157,0.81587,1.00,1.00
2017.01.09 19:09:14.956,0.8157,0.81588,1.00,1.00
2017.01.09 19:09:17.057,0.8157,0.81586,1.00,1.00
2017.01.09 19:09:18.381,0.8157,0.81587,1.00,1.00
2017.01.09 19:09:19.181,0.8157,0.81586,1.00,1.00
2017.01.09 19:09:21.067,0.8157,0.81587,1.50,1.00
2017.01.09 19:09:21.319,0.81565,0.81584,1.50,1.00
2017.01.09 19:09:21.370,0.81565,0.81586,1.50,1.00
2017.01.09 19:09:21.937,0.81565,0.81587,1.00,1.50
2017.01.09 19:09:22.111,0.81567,0.81587,1.00,2.25
2017.01.09 19:09:22.618,0.8157,0.81586,1.00,1.12
2017.01.09 19:09:27.071,0.8157,0.81591,1.00,1.12
2017.01.09 19:09:27.535,0.81575,0.81592,1.00,2.25
2017.01.09 19:09:39.854,0.8157,0.8159,1.50,1.00
2017.01.09 19:09:39.905,0.81574,0.81593,1.00,1.75
2017.01.09 19:09:40.438,0.81575,0.8159,1.00,1.00
2017.01.09 19:09:40.489,0.81575,0.81592,1.00,1.00
2017.01.09 19:09:41.176,0.81575,0.81593,1.00,1.12
2017.01.09 19:09:41.553,0.81575,0.81591,1.00,1.00
2017.01.09 19:09:44.031,0.81575,0.81594,1.00,1.50
2017.01.09 19:09:44.182,0.81575,0.81595,1.12,1.00
2017.01.09 19:09:44.584,0.81576,0.81596,1.50,1.00
2017.01.09 19:09:45.033,0.81577,0.81598,1.12,1.00
2017.01.09 19:09:45.990,0.81578,0.81598,1.00,1.00
2017.01.09 19:09:46.895,0.81576,0.81596,1.50,1.00
2017.01.09 19:09:47.590,0.81576,0.81596,1.00,1.00
2017.01.09 19:09:48.095,0.81575,0.81595,1.87,1.00
2017.01.09 19:09:50.266,0.81575,0.81596,1.87,1.00
2017.01.09 19:09:51.441,0.81575,0.81595,1.87,1.00
2017.01.09 19:09:51.982,0.81575,0.81595,1.50,1.50
2017.01.09 19:09:54.200,0.81575,0.81593,1.00,1.00
2017.01.09 19:09:54.502,0.81575,0.81592,1.00,2.25
2017.01.09 19:09:56.963,0.8157,0.81588,1.00,1.00
2017.01.09 19:09:57.512,0.8157,0.81587,1.00,1.00
2017.01.09 19:09:58.470,0.8157,0.81588,1.00,1.00
2017.01.09 19:09:59.025,0.8157,0.81589,1.50,1.00
2017.01.09 19:09:59.647,0.81574,0.81588,1.00,1.00
2017.01.09 19:09:59.798,0.81574,0.81592,1.00,1.75
2017.01.09 19:10:00.235,0.81575,0.8159,1.00,1.12
2017.01.09 19:10:00.491,0.81571,0.8159,1.00,1.12
2017.01.09 19:10:00.844,0.8157,0.8159,1.50,1.87
2017.01.09 19:10:01.535,0.8157,0.81589,1.00,1.00
2017.01.09 19:10:02.226,0.8157,0.8159,1.00,1.12
2017.01.09 19:10:02.564,0.8157,0.81585,1.00,1.00
2017.01.09 19:10:03.112,0.8157,0.81585,1.00,1.37
2017.01.09 19:10:03.162,0.81565,0.81585,1.50,1.75
2017.01.09 19:10:03.266,0.8157,0.81587,1.00,1.75
2017.01.09 19:10:03.316,0.8157,0.81587,1.00,1.12
2017.01.09 19:10:03.519,0.81566,0.81587,1.00,1.12
2017.01.09 19:10:03.671,0.81565,0.81585,1.12,1.00
2017.01.09 19:10:04.580,0.81565,0.81583,1.00,1.00
2017.01.09 19:10:04.886,0.81565,0.81581,1.00,1.00
2017.01.09 19:10:05.231,0.8157,0.81584,1.00,1.50
2017.01.09 19:10:05.617,0.81565,0.81584,1.50,1.00
2017.01.09 19:10:06.170,0.81565,0.81585,1.00,2.62
2017.01.09 19:10:07.019,0.8157,0.81585,1.00,1.87
2017.01.09 19:10:07.767,0.81565,0.81585,1.00,2.62
2017.01.09 19:10:08.056,0.8157,0.81585,1.00,1.87
2017.01.09 19:10:09.718,0.81565,0.81585,1.00,1.87
2017.01.09 19:10:10.905,0.81566,0.81586,1.00,1.50
2017.01.09 19:10:11.006,0.81568,0.81587,1.00,1.75
2017.01.09 19:10:11.158,0.81569,0.81589,1.00,2.25
2017.01.09 19:10:11.755,0.81568,0.81589,1.00,2.25
2017.01.09 19:10:11.805,0.81565,0.81586,2.25,1.00
2017.01.09 19:10:12.401,0.81564,0.81585,1.50,1.12
2017.01.09 19:10:12.624,0.81566,0.81585,1.00,1.12
2017.01.09 19:10:13.123,0.8157,0.81588,1.00,2.25
2017.01.09 19:10:13.343,0.8157,0.81588,1.00,1.00
2017.01.09 19:10:13.398,0.81566,0.81586,1.00,1.00
2017.01.09 19:10:13.449,0.81565,0.81584,1.00,1.00
2017.01.09 19:10:13.853,0.8157,0.81586,1.00,1.37
2017.01.09 19:10:14.379,0.8157,0.81586,1.00,1.00
2017.01.09 19:10:14.899,0.8157,0.81588,1.00,1.87
2017.01.09 19:10:20.381,0.8157,0.8159,1.00,1.50
2017.01.09 19:10:20.994,0.81575,0.81589,1.00,1.00
2017.01.09 19:10:21.045,0.81571,0.8159,1.00,1.12
2017.01.09 19:10:21.146,0.81573,0.81592,1.00,1.75
2017.01.09 19:10:21.264,0.81573,0.81593,1.00,1.50
2017.01.09 19:10:23.803,0.81572,0.81593,1.12,1.50
2017.01.09 19:10:24.599,0.81572,0.81593,1.00,2.25
2017.01.09 19:10:25.130,0.81571,0.81592,1.00,1.12
2017.01.09 19:10:26.084,0.81571,0.81591,1.00,1.00
2017.01.09 19:10:27.278,0.8157,0.81593,1.50,2.25
2017.01.09 19:10:27.329,0.81575,0.81593,1.00,2.25
2017.01.09 19:10:28.124,0.8157,0.8159,1.50,1.00
2017.01.09 19:10:28.251,0.8157,0.81588,1.00,1.00
2017.01.09 19:10:30.991,0.8157,0.81587,1.00,1.00
2017.01.09 19:10:33.609,0.8157,0.81586,1.00,1.00
2017.01.09 19:10:34.121,0.8157,0.81585,1.00,1.00
2017.01.09 19:10:35.035,0.8157,0.81586,1.00,1.00
2017.01.09 19:10:35.124,0.8157,0.81588,1.00,1.00
2017.01.09 19:10:35.276,0.8157,0.8159,1.00,2.25
2017.01.09 19:10:39.438,0.81571,0.8159,1.00,1.50
2017.01.09 19:10:41.087,0.8157,0.8159,1.50,1.50
2017.01.09 19:10:41.294,0.81575,0.81592,1.00,1.50
2017.01.09 19:10:41.596,0.81575,0.81587,1.00,1.00
2017.01.09 19:10:41.715,0.8157,0.81587,1.00,1.00
2017.01.09 19:10:42.237,0.8157,0.81586,1.00,1.00
2017.01.09 19:10:42.489,0.8157,0.81588,1.00,1.12
2017.01.09 19:10:42.993,0.8157,0.81587,1.00,1.00
2017.01.09 19:10:44.057,0.81574,0.81587,1.00,1.00
2017.01.09 19:10:44.108,0.8157,0.81588,1.00,1.12
2017.01.09 19:10:44.940,0.8157,0.81587,1.00,1.00
2017.01.09 19:10:45.942,0.8157,0.81588,1.00,1.12
2017.01.09 19:10:47.273,0.81575,0.8159,1.00,1.75
2017.01.09 19:10:47.525,0.8157,0.81587,1.00,1.00
2017.01.09 19:10:49.718,0.81567,0.81585,1.00,1.00
2017.01.09 19:10:49.900,0.8157,0.81585,1.00,1.00
2017.01.09 19:10:50.691,0.81565,0.81585,1.50,1.50
2017.01.09 19:10:51.193,0.81565,0.81584,1.50,1.00
2017.01.09 19:10:56.472,0.81565,0.81585,1.50,1.50
2017.01.09 19:10:57.076,0.81565,0.81583,1.50,1.00
2017.01.09 19:10:57.227,0.81566,0.81585,1.00,1.12
2017.01.09 19:10:58.101,0.81565,0.81585,1.50,1.87
2017.01.09 19:10:58.704,0.81566,0.81585,1.12,1.00
2017.01.09 19:10:59.126,0.81563,0.8158,1.75,1.00
2017.01.09 19:10:59.227,0.81564,0.81584,1.75,1.00
2017.01.09 19:10:59.277,0.81562,0.8158,1.75,1.00
2017.01.09 19:10:59.378,0.81564,0.81582,1.00,1.50
2017.01.09 19:10:59.479,0.81562,0.8158,1.50,1.00
2017.01.09 19:10:59.782,0.81555,0.81574,1.50,1.00
2017.01.09 19:11:00.259,0.8156,0.81575,1.00,1.12
2017.01.09 19:11:00.511,0.8156,0.81578,1.00,1.12
2017.01.09 19:11:00.662,0.81565,0.81578,1.00,1.12
2017.01.09 19:11:00.713,0.8156,0.8158,1.00,2.25
2017.01.09 19:11:00.764,0.81565,0.8158,1.00,1.75
2017.01.09 19:11:00.915,0.81565,0.81583,1.00,2.25
2017.01.09 19:11:01.016,0.81565,0.81583,1.00,1.50
2017.01.09 19:11:01.706,0.81565,0.81582,1.00,1.00
2017.01.09 19:11:02.297,0.8157,0.81582,1.00,1.00
2017.01.09 19:11:02.399,0.8157,0.81585,1.00,1.12
2017.01.09 19:11:02.934,0.8157,0.81586,1.00,1.00
2017.01.09 19:11:03.458,0.8157,0.81587,1.00,1.00
2017.01.09 19:11:03.978,0.8157,0.81586,1.00,1.00
2017.01.09 19:11:04.029,0.8157,0.81588,1.00,1.12
2017.01.09 19:11:04.079,0.81575,0.81586,1.00,1.37
2017.01.09 19:11:04.130,0.8157,0.81586,1.00,1.50
2017.01.09 19:11:04.231,0.81566,0.81585,1.00,1.12
2017.01.09 19:11:04.433,0.8157,0.81586,1.00,2.25
2017.01.09 19:11:04.805,0.8157,0.81583,1.00,1.12
2017.01.09 19:11:04.921,0.81565,0.81583,1.00,1.12
2017.01.09 19:11:05.275,0.81565,0.81586,1.50,1.00
2017.01.09 19:11:06.026,0.81565,0.81586,2.25,1.00
2017.01.09 19:11:06.641,0.81568,0.81588,1.00,1.12
2017.01.09 19:11:06.691,0.81566,0.81588,1.12,1.87
2017.01.09 19:11:07.285,0.81565,0.81586,1.50,1.00
2017.01.09 19:11:07.593,0.81565,0.81583,1.50,1.00
2017.01.09 19:11:07.694,0.81561,0.81583,1.00,1.87
2017.01.09 19:11:07.896,0.8156,0.81581,1.12,1.00
2017.01.09 19:11:08.839,0.8156,0.81583,1.12,1.87
2017.01.09 19:11:10.828,0.8156,0.81581,1.87,1.00
2017.01.09 19:11:11.180,0.8156,0.81583,1.87,1.12
2017.01.09 19:11:11.318,0.8156,0.81581,1.12,1.00
2017.01.09 19:11:11.830,0.8156,0.8158,1.87,1.00
2017.01.09 19:11:14.397,0.8156,0.81581,1.87,1.00
2017.01.09 19:11:14.705,0.81567,0.81586,1.00,1.50
2017.01.09 19:11:15.007,0.81567,0.81587,1.00,1.00
2017.01.09 19:11:15.125,0.81565,0.81585,2.25,1.00
2017.01.09 19:11:17.423,0.81565,0.81584,1.50,1.00
2017.01.09 19:11:19.037,0.81565,0.81583,1.50,1.00
2017.01.09 19:11:19.138,0.81561,0.81583,2.17,1.00
2017.01.09 19:11:19.456,0.81563,0.81581,1.12,1.00
2017.01.09 19:11:19.797,0.81561,0.81581,1.00,1.50
2017.01.09 19:11:19.898,0.8156,0.81578,1.00,1.00
2017.01.09 19:11:20.442,0.8156,0.81579,1.00,1.12
2017.01.09 19:11:21.404,0.8156,0.8158,1.12,1.00
2017.01.09 19:11:22.581,0.8156,0.81578,1.12,1.00
2017.01.09 19:11:23.648,0.8156,0.81579,1.12,1.00
2017.01.09 19:11:26.613,0.81563,0.81579,1.00,1.00
2017.01.09 19:11:26.663,0.81564,0.81583,1.00,1.50
2017.01.09 19:11:27.035,0.81562,0.81583,1.50,1.50
2017.01.09 19:11:30.399,0.81562,0.81582,1.50,1.00
2017.01.09 19:11:30.758,0.81562,0.8158,1.50,1.00
2017.01.09 19:11:31.128,0.8156,0.81579,1.87,1.00
2017.01.09 19:11:31.651,0.8156,0.8158,1.87,1.00
2017.01.09 19:11:32.657,0.8156,0.81578,1.12,1.00
2017.01.09 19:11:34.565,0.8156,0.81579,1.00,1.00
2017.01.09 19:11:35.103,0.8156,0.8158,1.00,1.87
2017.01.09 19:11:35.866,0.8156,0.81579,1.00,1.00
2017.01.09 19:11:36.651,0.8156,0.81578,1.00,1.00
2017.01.09 19:11:37.586,0.8156,0.8158,1.00,1.87
2017.01.09 19:11:38.073,0.81558,0.81579,1.00,1.00
2017.01.09 19:11:38.232,0.8156,0.81579,1.00,1.00
2017.01.09 19:11:38.534,0.8156,0.81576,1.00,1.00
2017.01.09 19:11:41.107,0.81559,0.81576,1.00,1.50
2017.01.09 19:11:43.930,0.8156,0.81576,1.00,1.00
2017.01.09 19:11:44.305,0.81565,0.81581,1.00,1.50
2017.01.09 19:11:45.314,0.81565,0.8158,1.00,1.00
2017.01.09 19:11:45.867,0.81565,0.81579,1.00,1.00
2017.01.09 19:11:46.003,0.8156,0.81578,1.12,1.00
2017.01.09 19:11:46.053,0.81565,0.81578,1.00,1.00
2017.01.09 19:11:46.320,0.8156,0.81579,1.12,1.00
2017.01.09 19:11:46.843,0.8156,0.8158,1.87,1.00
2017.01.09 19:11:47.175,0.81565,0.8158,1.00,1.00
2017.01.09 19:11:47.377,0.81563,0.81582,1.00,1.12
2017.01.09 19:11:49.381,0.8156,0.81583,2.25,1.50
2017.01.09 19:11:52.551,0.8156,0.8158,1.87,1.00
2017.01.09 19:11:52.853,0.8156,0.81578,1.00,1.87
2017.01.09 19:11:53.175,0.81557,0.81578,1.00,1.87
2017.01.09 19:11:53.226,0.8156,0.81576,1.00,1.00
2017.01.09 19:11:53.579,0.81557,0.81576,1.00,1.00
2017.01.09 19:11:53.780,0.8156,0.81577,1.00,1.50
2017.01.09 19:11:55.043,0.81559,0.81577,1.00,1.87
2017.01.09 19:11:55.574,0.81559,0.81579,1.00,1.50
2017.01.09 19:11:55.775,0.8156,0.8158,1.12,1.50
2017.01.09 19:11:56.027,0.81565,0.8158,1.00,1.00
2017.01.09 19:11:56.279,0.81561,0.8158,1.00,1.50
2017.01.09 19:11:57.014,0.81565,0.81581,1.00,1.00
2017.01.09 19:11:57.176,0.8156,0.81578,1.12,1.00
2017.01.09 19:11:57.403,0.8156,0.8158,1.12,1.00
2017.01.09 19:11:57.516,0.81565,0.81581,1.00,1.00
2017.01.09 19:11:57.760,0.81565,0.81584,1.00,1.00
2017.01.09 19:11:58.181,0.8156,0.8158,1.75,1.00
2017.01.09 19:11:58.433,0.81559,0.81578,1.00,1.00
2017.01.09 19:11:58.851,0.8156,0.81581,1.00,1.00
2017.01.09 19:11:59.268,0.81559,0.81579,1.00,1.50
2017.01.09 19:11:59.520,0.81555,0.81577,2.25,1.00
2017.01.09 19:11:59.621,0.81555,0.81573,1.50,1.00
2017.01.09 19:11:59.924,0.81555,0.81569,1.00,1.00
2017.01.09 19:12:00.004,0.81555,0.81571,1.00,1.00
2017.01.09 19:12:00.103,0.81555,0.81574,1.00,1.50
2017.01.09 19:12:00.354,0.81555,0.81575,1.00,1.00
2017.01.09 19:12:00.875,0.81555,0.81574,1.00,1.00
2017.01.09 19:12:01.394,0.81555,0.81571,1.00,1.00
2017.01.09 19:12:01.444,0.8155,0.8157,1.50,1.50
2017.01.09 19:12:01.536,0.8155,0.81567,1.50,1.00
2017.01.09 19:12:02.255,0.8155,0.81568,1.00,1.12
2017.01.09 19:12:03.672,0.8155,0.81571,1.50,1.50
2017.01.09 19:12:06.985,0.8155,0.81568,1.12,1.00
2017.01.09 19:12:08.903,0.81545,0.81568,2.25,1.00
2017.01.09 19:12:09.097,0.81545,0.81566,1.75,1.00
2017.01.09 19:12:09.431,0.81545,0.81564,1.12,1.00
2017.01.09 19:12:10.084,0.8155,0.81564,1.00,1.00
2017.01.09 19:12:10.988,0.8155,0.81566,1.00,1.00
2017.01.09 19:12:11.190,0.8155,0.81568,1.00,1.00
2017.01.09 19:12:11.323,0.8155,0.81571,1.00,2.25
2017.01.09 19:12:12.237,0.81551,0.8157,1.00,1.00
2017.01.09 19:12:14.500,0.8155,0.8157,1.87,1.50
2017.01.09 19:12:14.651,0.8155,0.81568,1.12,1.00
2017.01.09 19:12:15.928,0.81548,0.81568,1.12,1.00
2017.01.09 19:12:16.083,0.8155,0.81567,1.00,1.00
2017.01.09 19:12:16.703,0.8155,0.81568,1.00,1.00
2017.01.09 19:12:16.887,0.8155,0.8157,1.00,1.12
2017.01.09 19:12:17.211,0.81552,0.81572,1.00,1.00
2017.01.09 19:12:17.413,0.81554,0.81576,1.50,2.25
2017.01.09 19:12:17.615,0.81554,0.81576,2.25,1.50
2017.01.09 19:12:18.467,0.81554,0.81574,2.25,1.00
2017.01.09 19:12:18.630,0.81553,0.81572,1.00,1.50
2017.01.09 19:12:19.576,0.81553,0.81573,1.50,1.00
2017.01.09 19:12:19.627,0.81555,0.81574,1.00,1.00
2017.01.09 19:12:19.678,0.81555,0.81576,1.50,1.00
2017.01.09 19:12:20.358,0.81557,0.81577,1.00,1.00
2017.01.09 19:12:20.510,0.81557,0.81579,1.12,1.00
2017.01.09 19:12:20.896,0.81559,0.8158,1.00,1.87
2017.01.09 19:12:21.442,0.81559,0.81581,2.25,1.50
2017.01.09 19:12:21.750,0.81557,0.81579,1.75,1.50
2017.01.09 19:12:21.901,0.81557,0.81579,1.12,1.87
2017.01.09 19:12:22.279,0.81555,0.81577,2.25,1.00
2017.01.09 19:12:22.709,0.81555,0.81578,1.50,2.25
2017.01.09 19:12:22.911,0.81555,0.81578,2.25,1.50
2017.01.09 19:12:24.024,0.8156,0.81579,1.00,1.00
2017.01.09 19:12:24.527,0.81559,0.8158,1.50,1.00
2017.01.09 19:12:26.754,0.81558,0.81579,1.75,1.00
2017.01.09 19:12:27.265,0.81555,0.81576,1.75,1.00
2017.01.09 19:12:27.416,0.81555,0.81575,1.75,1.00
2017.01.09 19:12:27.941,0.8156,0.81577,1.00,1.00
2017.01.09 19:12:28.167,0.81555,0.81577,1.75,1.00
2017.01.09 19:12:28.218,0.81558,0.8158,1.00,1.50
2017.01.09 19:12:28.425,0.81559,0.81581,1.75,2.25
2017.01.09 19:12:29.011,0.8156,0.8158,1.50,1.00
2017.01.09 19:12:29.162,0.8156,0.81582,1.50,1.00
2017.01.09 19:12:29.313,0.81565,0.81584,1.00,1.50
2017.01.09 19:12:29.465,0.81561,0.81584,1.50,1.37
2017.01.09 19:12:29.900,0.81565,0.81585,1.00,1.00
2017.01.09 19:12:30.404,0.81565,0.81584,1.00,1.50
2017.01.09 19:12:32.172,0.8156,0.81583,1.75,1.00
2017.01.09 19:12:32.431,0.8156,0.8158,1.00,1.00
2017.01.09 19:12:33.573,0.8156,0.81581,1.00,1.00
2017.01.09 19:12:34.296,0.8156,0.81578,1.00,1.00
2017.01.09 19:12:34.549,0.8156,0.8158,1.00,1.00
2017.01.09 19:12:34.763,0.8156,0.81578,1.00,1.00
2017.01.09 19:12:35.299,0.8156,0.81577,1.00,1.00
2017.01.09 19:12:35.616,0.8156,0.81576,1.00,1.50
2017.01.09 19:12:35.667,0.81555,0.81576,1.00,1.50
2017.01.09 19:12:36.213,0.8156,0.81574,1.00,1.50
2017.01.09 19:12:38.361,0.8156,0.81573,1.00,1.00
2017.01.09 19:12:39.822,0.8156,0.81574,1.00,1.50
2017.01.09 19:12:40.427,0.81555,0.81574,1.00,1.50
2017.01.09 19:12:40.629,0.8156,0.81574,1.00,1.00
2017.01.09 19:12:42.203,0.8156,0.81577,1.00,1.75
2017.01.09 19:12:42.354,0.8156,0.81579,1.00,1.50
2017.01.09 19:12:42.741,0.8156,0.8158,1.00,1.00
2017.01.09 19:12:43.443,0.8156,0.81579,1.00,1.00
2017.01.09 19:12:46.129,0.8156,0.8158,1.50,1.00
2017.01.09 19:12:46.214,0.81565,0.81582,1.00,1.00
2017.01.09 19:12:46.760,0.81561,0.81582,1.12,1.00
2017.01.09 19:12:47.125,0.8156,0.8158,2.25,1.00
2017.01.09 19:12:47.646,0.8156,0.81579,1.37,1.00
2017.01.09 19:12:48.416,0.8156,0.81579,1.00,1.00
2017.01.09 19:12:48.924,0.8156,0.81578,1.00,1.00
2017.01.09 19:12:50.293,0.81561,0.81582,1.00,1.37
2017.01.09 19:12:50.394,0.81561,0.81582,1.00,1.00
2017.01.09 19:12:51.851,0.8156,0.81581,1.50,1.00
2017.01.09 19:12:52.353,0.8156,0.8158,1.00,1.00
2017.01.09 19:12:52.859,0.8156,0.81579,1.00,1.00
2017.01.09 19:12:53.108,0.81565,0.81579,1.00,1.00
2017.01.09 19:12:53.876,0.81565,0.8158,1.00,1.00
2017.01.09 19:12:59.603,0.8156,0.8158,1.00,1.50
2017.01.09 19:12:59.705,0.81562,0.81583,1.00,1.12
2017.01.09 19:13:00.096,0.81565,0.81583,1.00,1.00
2017.01.09 19:13:00.665,0.81561,0.81581,1.75,1.00
2017.01.09 19:13:00.917,0.81561,0.81581,1.37,1.00
2017.01.09 19:13:01.522,0.8156,0.8158,2.25,1.00
2017.01.09 19:13:02.598,0.8156,0.81579,1.50,1.00
2017.01.09 19:13:02.700,0.8156,0.81579,1.00,1.00
2017.01.09 19:13:03.540,0.8156,0.8158,1.00,1.00
2017.01.09 19:13:04.850,0.8156,0.81582,1.50,1.50
2017.01.09 19:13:05.334,0.81565,0.81582,1.00,1.50
2017.01.09 19:13:05.486,0.81565,0.81584,1.00,1.00
2017.01.09 19:13:06.250,0.81565,0.81585,1.00,1.12
2017.01.09 19:13:07.215,0.81565,0.81586,1.12,1.00
2017.01.09 19:13:07.763,0.81565,0.81588,1.87,2.25
2017.01.09 19:13:07.814,0.81565,0.81583,1.12,1.00
2017.01.09 19:13:07.865,0.81565,0.81585,1.12,1.00
2017.01.09 19:13:08.381,0.81565,0.81584,1.12,1.00
2017.01.09 19:13:09.329,0.81565,0.81586,1.00,1.00
2017.01.09 19:13:09.892,0.81565,0.81585,1.00,1.00
2017.01.09 19:13:15.777,0.81565,0.81587,1.12,1.12
2017.01.09 19:13:15.878,0.81568,0.81587,1.00,1.12
2017.01.09 19:13:16.404,0.81569,0.81588,1.00,1.00
2017.01.09 19:13:16.925,0.81569,0.81587,1.50,1.00
2017.01.09 19:13:17.962,0.81569,0.81588,1.50,1.00
2017.01.09 19:13:18.513,0.81569,0.81587,1.50,1.00
2017.01.09 19:13:22.461,0.81565,0.81585,1.50,1.00
2017.01.09 19:13:22.802,0.81565,0.81583,1.50,1.00
2017.01.09 19:13:23.507,0.81565,0.81583,1.00,1.00
2017.01.09 19:13:30.091,0.8156,0.81583,2.25,1.00
2017.01.09 19:13:30.430,0.81565,0.81582,1.00,1.00
2017.01.09 19:13:31.114,0.81565,0.81581,1.00,1.00
2017.01.09 19:13:33.091,0.81565,0.81582,1.00,1.00
2017.01.09 19:13:34.013,0.81565,0.81583,1.00,1.50
2017.01.09 19:13:34.551,0.81565,0.81582,1.00,1.00
2017.01.09 19:13:36.559,0.81565,0.8158,1.00,1.00
2017.01.09 19:13:37.949,0.81559,0.8158,2.25,1.00
2017.01.09 19:13:38.108,0.81565,0.8158,1.00,1.00
2017.01.09 19:13:38.703,0.81559,0.8158,1.87,1.00
2017.01.09 19:13:38.754,0.81559,0.8158,1.50,1.12
2017.01.09 19:13:39.659,0.81559,0.81579,1.00,1.00
2017.01.09 19:13:41.447,0.81559,0.81578,1.00,1.00
2017.01.09 19:13:43.612,0.81565,0.81578,1.00,1.00
2017.01.09 19:13:43.750,0.8156,0.8158,1.00,1.12
2017.01.09 19:13:43.901,0.81565,0.81582,1.00,1.37
2017.01.09 19:13:43.952,0.81565,0.81585,1.00,1.50
2017.01.09 19:13:44.053,0.81565,0.81585,1.12,1.00
2017.01.09 19:13:44.903,0.81565,0.81586,1.87,1.00
2017.01.09 19:13:47.742,0.81565,0.81584,1.12,1.00
2017.01.09 19:13:50.253,0.81565,0.81585,1.87,1.00
2017.01.09 19:13:51.132,0.81565,0.81586,1.87,1.00
2017.01.09 19:13:52.233,0.81565,0.81583,1.12,1.00
2017.01.09 19:13:52.384,0.81562,0.81582,1.00,1.00
2017.01.09 19:13:53.187,0.81561,0.81582,1.12,1.50
2017.01.09 19:13:54.190,0.81561,0.81581,1.12,1.00
2017.01.09 19:13:54.465,0.81565,0.81581,1.00,1.00
2017.01.09 19:13:54.689,0.81561,0.81581,1.12,1.00
2017.01.09 19:13:54.991,0.81564,0.8158,1.00,1.50
2017.01.09 19:14:02.664,0.81565,0.81582,1.00,1.00
2017.01.09 19:14:03.183,0.81565,0.81583,1.00,1.12
2017.01.09 19:14:04.082,0.81566,0.81587,1.00,2.25
2017.01.09 19:14:04.214,0.81566,0.81587,1.00,2.25
2017.01.09 19:14:04.876,0.81566,0.81587,1.37,1.87
2017.01.09 19:14:07.414,0.8157,0.81587,1.00,1.50
2017.01.09 19:14:07.804,0.81566,0.81587,1.50,1.50
2017.01.09 19:14:09.132,0.81565,0.81586,2.25,1.00
2017.01.09 19:14:09.319,0.81565,0.81585,1.87,1.50
2017.01.09 19:14:11.822,0.8157,0.81585,1.00,1.00
2017.01.09 19:14:11.988,0.81565,0.81586,1.12,2.25
2017.01.09 19:14:12.513,0.81565,0.81585,1.12,1.00
2017.01.09 19:14:14.394,0.81564,0.81583,2.25,1.00
2017.01.09 19:14:19.144,0.81562,0.8158,1.75,1.00
2017.01.09 19:14:19.339,0.81562,0.8158,1.00,1.50
2017.01.09 19:14:20.293,0.81562,0.81581,1.00,1.00
2017.01.09 19:14:20.495,0.81563,0.81584,1.12,1.00
2017.01.09 19:14:21.049,0.81564,0.81584,1.00,1.00
2017.01.09 19:14:21.659,0.81565,0.81584,1.00,1.00
2017.01.09 19:14:24.163,0.81564,0.81582,1.00,1.00
2017.01.09 19:14:26.232,0.81561,0.81581,1.75,1.00
2017.01.09 19:14:26.545,0.81565,0.81579,1.00,1.00
2017.01.09 19:14:26.646,0.8156,0.81579,1.00,1.00
2017.01.09 19:14:27.173,0.8156,0.81576,1.00,1.00
2017.01.09 19:14:27.227,0.81555,0.81576,1.87,1.00
2017.01.09 19:14:28.133,0.81555,0.81577,1.87,1.00
2017.01.09 19:14:30.025,0.8156,0.81579,1.00,1.37
2017.01.09 19:14:31.011,0.81559,0.81579,1.00,1.37
2017.01.09 19:14:32.604,0.8156,0.81579,1.00,1.37
2017.01.09 19:14:36.377,0.81559,0.8158,1.50,1.50
2017.01.09 19:14:36.428,0.8156,0.81583,1.00,1.75
2017.01.09 19:14:37.320,0.8156,0.81583,1.00,1.75
2017.01.09 19:14:37.371,0.81562,0.81583,1.00,1.75
2017.01.09 19:14:38.597,0.81564,0.81583,1.00,1.75
2017.01.09 19:14:39.131,0.81563,0.81583,1.00,1.75
2017.01.09 19:14:39.386,0.81563,0.81583,1.00,1.00
2017.01.09 19:14:41.615,0.81562,0.81583,1.12,1.00
2017.01.09 19:14:42.718,0.81565,0.81583,1.00,1.00
2017.01.09 19:14:47.284,0.81565,0.81584,1.00,1.12
2017.01.09 19:14:48.146,0.81565,0.81585,1.00,1.12
2017.01.09 19:14:48.691,0.81565,0.81586,1.50,1.00
2017.01.09 19:14:58.531,0.81565,0.81585,1.00,1.00
2017.01.09 19:14:59.081,0.81565,0.81584,1.00,1.00
2017.01.09 19:15:00.935,0.81564,0.81584,1.00,1.00
2017.01.09 19:15:01.098,0.81561,0.81584,1.50,1.00
2017.01.09 19:15:01.220,0.81561,0.81582,1.50,1.00
2017.01.09 19:15:01.730,0.81562,0.81583,1.12,1.00
2017.01.09 19:15:02.310,0.81561,0.81582,1.50,1.00
2017.01.09 19:15:03.313,0.81562,0.81583,1.12,1.00
2017.01.09 19:15:03.689,0.81565,0.81583,1.00,1.00
2017.01.09 19:15:04.171,0.81565,0.81585,1.00,1.12
2017.01.09 19:15:11.959,0.81565,0.81584,1.12,1.00
2017.01.09 19:15:12.009,0.8156,0.81581,2.25,1.00
2017.01.09 19:15:12.060,0.81563,0.81584,1.75,1.00
2017.01.09 19:15:12.262,0.81566,0.81586,1.00,1.50
2017.01.09 19:15:12.537,0.81566,0.81584,1.00,1.00
2017.01.09 19:15:13.115,0.81566,0.81586,1.00,1.50
2017.01.09 19:15:15.209,0.81566,0.81587,1.00,1.87
2017.01.09 19:15:16.111,0.81566,0.81586,1.00,1.00
2017.01.09 19:15:18.429,0.81566,0.81587,1.00,1.87
2017.01.09 19:15:19.022,0.81566,0.81586,1.00,1.00
2017.01.09 19:15:19.803,0.81567,0.81586,1.00,1.00
2017.01.09 19:15:22.511,0.81566,0.81586,1.12,1.00
2017.01.09 19:15:23.242,0.81564,0.81585,2.25,1.00
2017.01.09 19:15:23.343,0.81564,0.81585,1.50,1.00
2017.01.09 19:15:24.487,0.81564,0.81584,1.00,1.00
2017.01.09 19:15:25.038,0.81565,0.81583,1.00,1.12
2017.01.09 19:15:25.208,0.81561,0.8158,1.12,1.00
2017.01.09 19:15:25.501,0.81565,0.81582,1.00,1.00
2017.01.09 19:15:26.194,0.81565,0.81581,1.00,1.00
2017.01.09 19:15:26.274,0.81561,0.8158,1.12,1.00
2017.01.09 19:15:26.535,0.81564,0.81582,1.00,1.00
2017.01.09 19:15:27.287,0.81564,0.8158,1.00,1.00
2017.01.09 19:15:27.369,0.8156,0.8158,2.25,1.00
2017.01.09 19:15:27.666,0.81565,0.81581,1.00,1.00
2017.01.09 19:15:27.809,0.81562,0.81583,1.00,1.12
2017.01.09 19:15:28.196,0.81565,0.81584,1.00,1.00
2017.01.09 19:15:30.870,0.81563,0.81584,1.12,1.00
2017.01.09 19:15:32.391,0.81564,0.81584,1.00,1.00
2017.01.09 19:15:33.049,0.81563,0.81584,1.12,1.50
2017.01.09 19:15:33.780,0.81564,0.81584,1.50,1.50
2017.01.09 19:15:34.312,0.81564,0.81585,1.50,1.50
2017.01.09 19:15:38.206,0.81566,0.81585,1.00,1.00
2017.01.09 19:15:39.064,0.81565,0.81585,1.50,1.00
2017.01.09 19:15:39.591,0.81565,0.81584,1.00,1.50
2017.01.09 19:15:40.340,0.81565,0.81583,1.00,1.00
2017.01.09 19:15:46.302,0.81565,0.81584,1.00,1.00
2017.01.09 19:15:49.242,0.81565,0.81583,1.00,1.00
2017.01.09 19:15:51.552,0.81565,0.81581,1.00,1.50
2017.01.09 19:15:52.120,0.81565,0.8158,1.00,1.50
2017.01.09 19:15:52.708,0.81565,0.81582,1.00,2.25
2017.01.09 19:15:53.273,0.81565,0.8158,1.00,1.00
2017.01.09 19:15:56.375,0.81559,0.8158,1.87,1.00
2017.01.09 19:15:56.817,0.81565,0.8158,1.00,1.00
2017.01.09 19:15:59.602,0.8156,0.81578,1.00,1.00
2017.01.09 19:15:59.753,0.8156,0.81576,1.00,1.00
2017.01.09 19:16:00.390,0.8156,0.81577,1.00,1.00
2017.01.09 19:16:01.114,0.8156,0.81576,1.00,1.00
2017.01.09 19:16:03.789,0.8156,0.81579,1.00,1.12
2017.01.09 19:16:06.904,0.81561,0.8158,1.00,1.00
2017.01.09 19:16:07.522,0.81561,0.8158,1.50,1.00
2017.01.09 19:16:08.058,0.8156,0.81581,2.25,1.00
2017.01.09 19:16:08.565,0.8156,0.8158,1.75,1.00
2017.01.09 19:16:08.783,0.81561,0.81582,1.50,1.00
2017.01.09 19:16:09.291,0.81561,0.81581,1.50,1.00
2017.01.09 19:16:09.820,0.81561,0.81582,1.50,1.00
2017.01.09 19:16:10.357,0.81562,0.81583,1.12,1.00
2017.01.09 19:16:10.582,0.81561,0.81583,1.75,1.00
2017.01.09 19:16:10.683,0.81561,0.81583,1.50,1.50
2017.01.09 19:16:11.085,0.81565,0.81583,1.00,1.50
2017.01.09 19:16:11.252,0.81561,0.81583,1.50,1.50
2017.01.09 19:16:11.756,0.8156,0.81582,1.75,1.00
2017.01.09 19:16:11.907,0.81559,0.8158,1.75,1.00
2017.01.09 19:16:12.088,0.81559,0.8158,1.12,1.00
2017.01.09 19:16:12.893,0.81559,0.81579,1.12,1.00
2017.01.09 19:16:13.138,0.8156,0.81577,1.00,1.00
2017.01.09 19:16:13.302,0.81555,0.81575,1.37,1.00
2017.01.09 19:16:13.861,0.81555,0.81575,1.00,1.12
2017.01.09 19:16:14.337,0.81555,0.81573,1.00,1.00
2017.01.09 19:16:14.666,0.81555,0.8157,1.00,1.00
2017.01.09 19:16:15.303,0.81555,0.81573,1.00,1.00
2017.01.09 19:16:15.354,0.8155,0.8157,1.00,1.00
2017.01.09 19:16:15.455,0.81555,0.81571,1.00,1.50
2017.01.09 19:16:16.659,0.81555,0.81572,1.00,1.50
2017.01.09 19:16:17.096,0.81551,0.81571,1.00,1.00
2017.01.09 19:16:17.197,0.8155,0.81569,1.00,1.50
2017.01.09 19:16:17.701,0.81549,0.81569,1.50,1.12
2017.01.09 19:16:18.269,0.81549,0.8157,1.50,1.00
2017.01.09 19:16:21.318,0.8155,0.81569,1.12,1.00
2017.01.09 19:16:21.835,0.8155,0.8157,1.12,1.50
2017.01.09 19:16:22.377,0.81551,0.8157,1.00,1.00
2017.01.09 19:16:23.229,0.8155,0.8157,1.50,1.00
2017.01.09 19:16:24.087,0.8155,0.81571,1.50,1.50
2017.01.09 19:16:24.660,0.8155,0.8157,1.50,1.00
2017.01.09 19:16:26.820,0.81554,0.81571,1.00,2.25
2017.01.09 19:16:27.324,0.81554,0.8157,1.00,1.00
2017.01.09 19:16:27.456,0.8155,0.8157,1.00,1.50
2017.01.09 19:16:31.777,0.81555,0.8157,1.00,1.00
2017.01.09 19:16:32.652,0.8155,0.8157,1.00,2.25
2017.01.09 19:16:33.373,0.8155,0.8157,1.00,2.62
2017.01.09 19:16:33.900,0.8155,0.8157,1.00,3.00
2017.01.09 19:16:39.797,0.8155,0.81569,1.00,1.00
2017.01.09 19:16:40.707,0.8155,0.8157,1.00,2.62
2017.01.09 19:16:41.821,0.8155,0.81569,1.00,1.00
2017.01.09 19:16:42.660,0.8155,0.8157,1.00,2.62
2017.01.09 19:16:44.914,0.81555,0.8157,1.00,1.87
2017.01.09 19:16:45.702,0.8155,0.8157,1.00,1.12
2017.01.09 19:16:46.007,0.8155,0.81572,1.87,1.00
2017.01.09 19:16:46.126,0.8155,0.8157,1.12,1.00
2017.01.09 19:16:46.738,0.8155,0.81569,1.12,1.00
2017.01.09 19:16:51.106,0.81555,0.81572,1.00,1.50
2017.01.09 19:16:51.665,0.81554,0.81572,1.00,1.00
2017.01.09 19:16:53.361,0.81554,0.81573,1.00,1.12
2017.01.09 19:16:53.664,0.8155,0.81571,1.87,1.00
2017.01.09 19:16:53.756,0.81549,0.81569,1.50,1.00
2017.01.09 19:16:54.299,0.81549,0.81569,1.00,1.00
2017.01.09 19:16:54.859,0.81549,0.81568,1.00,1.00
2017.01.09 19:16:55.435,0.8155,0.81568,1.00,1.00
2017.01.09 19:16:56.623,0.8155,0.81569,1.00,1.00
2017.01.09 19:16:57.411,0.8155,0.81568,1.00,1.00
2017.01.09 19:16:58.773,0.8155,0.81569,1.00,1.00
2017.01.09 19:17:00.034,0.8155,0.81566,1.00,1.00
2017.01.09 19:17:00.135,0.81546,0.81566,1.50,1.00
2017.01.09 19:17:00.922,0.81545,0.81566,1.00,1.87
2017.01.09 19:17:06.088,0.8155,0.81566,1.00,1.87
2017.01.09 19:17:06.843,0.8155,0.81565,1.00,1.00
2017.01.09 19:17:07.044,0.81545,0.81565,1.50,1.00
2017.01.09 19:17:14.517,0.81545,0.81565,1.50,1.87
2017.01.09 19:17:14.911,0.8155,0.81565,1.00,2.25
2017.01.09 19:17:15.773,0.8155,0.81565,1.00,1.87
2017.01.09 19:17:15.924,0.81555,0.8157,1.00,1.87
2017.01.09 19:17:15.975,0.81555,0.8157,1.00,1.87
2017.01.09 19:17:16.126,0.81551,0.81572,1.00,1.87
2017.01.09 19:17:16.177,0.81551,0.81572,1.00,1.50
2017.01.09 19:17:16.277,0.8155,0.81569,1.12,1.50
2017.01.09 19:17:18.323,0.8155,0.81567,1.00,1.00
2017.01.09 19:17:19.614,0.81547,0.81567,1.12,1.00
2017.01.09 19:17:20.815,0.8155,0.81567,1.00,1.00
2017.01.09 19:17:20.908,0.81546,0.81567,1.50,1.00
2017.01.09 19:17:21.265,0.81545,0.81567,1.50,2.25
2017.01.09 19:17:23.660,0.81546,0.81567,1.00,1.50
2017.01.09 19:17:24.051,0.8155,0.81567,1.00,1.50
2017.01.09 19:17:24.590,0.8155,0.81567,1.00,1.00
2017.01.09 19:17:25.930,0.8155,0.81569,1.00,1.00
2017.01.09 19:17:27.037,0.81549,0.81569,1.12,1.00
2017.01.09 19:17:27.567,0.8155,0.81569,1.00,1.00
2017.01.09 19:17:28.487,0.81547,0.81569,1.75,1.50
2017.01.09 19:17:28.845,0.81547,0.81569,1.00,1.87
2017.01.09 19:17:29.982,0.81548,0.81569,1.00,1.87
2017.01.09 19:17:30.527,0.81546,0.81566,1.37,1.00
2017.01.09 19:17:30.578,0.81546,0.81566,1.00,1.00
2017.01.09 19:17:31.140,0.81545,0.81566,1.12,2.25
2017.01.09 19:17:37.522,0.8155,0.81566,1.00,1.00
2017.01.09 19:17:37.875,0.8155,0.81568,2.25,1.00
2017.01.09 19:17:38.385,0.8155,0.81567,1.00,1.00
2017.01.09 19:17:46.607,0.8155,0.8157,1.50,1.12
2017.01.09 19:17:47.769,0.81551,0.8157,1.00,1.12
2017.01.09 19:17:48.325,0.8155,0.8157,1.00,1.12
2017.01.09 19:17:50.806,0.81551,0.8157,1.00,1.12
2017.01.09 19:17:50.856,0.81553,0.81572,1.00,1.37
2017.01.09 19:17:50.907,0.81551,0.81572,1.00,1.00
2017.01.09 19:17:50.958,0.81551,0.81572,1.37,1.00
2017.01.09 19:17:51.307,0.81555,0.81572,1.00,1.00
2017.01.09 19:17:52.742,0.81555,0.81575,1.00,1.50
2017.01.09 19:17:55.016,0.81552,0.81573,1.50,1.00
2017.01.09 19:17:55.186,0.8155,0.81571,1.50,1.50
2017.01.09 19:17:56.662,0.81551,0.81572,1.00,1.50
2017.01.09 19:17:56.839,0.81548,0.81568,1.00,1.00
2017.01.09 19:17:57.141,0.81545,0.81564,1.00,1.12
2017.01.09 19:17:57.246,0.81542,0.81564,1.12,1.12
2017.01.09 19:17:58.804,0.81545,0.81562,1.00,1.00
2017.01.09 19:17:59.005,0.81541,0.8156,1.50,1.00
2017.01.09 19:17:59.805,0.81541,0.8156,1.00,1.12
2017.01.09 19:18:01.993,0.81545,0.81561,1.00,1.50
2017.01.09 19:18:02.615,0.81541,0.81561,1.00,1.50
2017.01.09 19:18:03.162,0.8154,0.81563,1.50,2.25
2017.01.09 19:18:04.315,0.81545,0.81563,1.00,2.25
2017.01.09 19:18:04.416,0.81545,0.81563,1.00,1.50
2017.01.09 19:18:05.684,0.81545,0.81562,1.00,1.00
2017.01.09 19:18:06.191,0.81545,0.81563,1.00,1.00
2017.01.09 19:18:07.672,0.81545,0.81562,1.00,1.00
2017.01.09 19:18:08.220,0.81545,0.81561,1.00,1.00
2017.01.09 19:18:09.171,0.81545,0.81562,1.00,1.00
2017.01.09 19:18:17.802,0.81542,0.8156,1.00,1.00
2017.01.09 19:18:19.630,0.8154,0.8156,2.25,1.00
2017.01.09 19:18:20.592,0.8154,0.81561,1.50,1.12
2017.01.09 19:18:27.018,0.81541,0.81562,1.00,2.25
2017.01.09 19:18:28.683,0.81542,0.81562,1.00,1.50
2017.01.09 19:18:31.952,0.81541,0.81562,1.00,2.25
2017.01.09 19:18:39.305,0.81541,0.81562,1.00,2.25
2017.01.09 19:18:39.654,0.81545,0.81565,1.00,3.00
2017.01.09 19:18:39.756,0.81545,0.81565,1.00,2.25
2017.01.09 19:18:43.099,0.81546,0.81565,1.00,1.50
2017.01.09 19:18:47.031,0.81545,0.81565,1.50,1.50
2017.01.09 19:18:48.311,0.81544,0.81562,1.00,1.00
2017.01.09 19:18:49.170,0.81545,0.81561,1.00,1.12
2017.01.09 19:18:51.940,0.8154,0.81561,1.00,1.12
2017.01.09 19:18:52.041,0.8154,0.81557,1.00,1.00
2017.01.09 19:18:55.248,0.8154,0.8156,1.00,1.37
2017.01.09 19:18:55.550,0.81545,0.81565,1.50,2.25
2017.01.09 19:18:55.690,0.81545,0.81565,1.50,1.87
2017.01.09 19:18:56.389,0.81544,0.81565,1.00,2.62
2017.01.09 19:18:57.048,0.81545,0.81565,1.00,1.87
2017.01.09 19:18:59.166,0.81544,0.81565,1.00,2.62
2017.01.09 19:19:03.521,0.81545,0.81565,1.00,1.87
2017.01.09 19:19:07.026,0.81546,0.81565,1.00,1.12
2017.01.09 19:19:07.128,0.81546,0.81567,1.00,1.12
2017.01.09 19:19:08.637,0.81547,0.8157,1.00,3.00
2017.01.09 19:19:08.838,0.81547,0.8157,1.12,1.87
2017.01.09 19:19:09.588,0.81549,0.8157,1.00,1.87
2017.01.09 19:19:12.155,0.8155,0.81571,1.00,1.87
2017.01.09 19:19:12.981,0.81547,0.81568,1.12,1.00
2017.01.09 19:19:13.488,0.81546,0.81567,1.00,1.50
2017.01.09 19:19:14.051,0.81545,0.81566,1.00,1.00
2017.01.09 19:19:17.056,0.81546,0.81567,1.00,1.50
2017.01.09 19:19:17.818,0.81548,0.81567,1.00,1.00
2017.01.09 19:19:18.120,0.8155,0.8157,1.00,2.25
2017.01.09 19:19:22.925,0.81549,0.81569,1.00,1.12
2017.01.09 19:19:23.228,0.81549,0.81566,1.00,1.12
2017.01.09 19:19:23.814,0.81546,0.81565,1.00,1.00
2017.01.09 19:19:25.703,0.81545,0.81565,1.50,1.00
2017.01.09 19:19:26.687,0.81546,0.81565,1.00,1.00
2017.01.09 19:19:31.656,0.81546,0.81567,1.00,1.87
2017.01.09 19:19:31.706,0.81549,0.81569,1.00,1.75
2017.01.09 19:19:31.915,0.81549,0.8157,1.00,2.25
2017.01.09 19:19:32.053,0.81549,0.8157,1.00,1.87
2017.01.09 19:19:32.680,0.8155,0.8157,1.00,1.12
2017.01.09 19:19:37.363,0.81548,0.81569,1.00,1.00
2017.01.09 19:19:37.445,0.81547,0.81567,1.12,1.00
2017.01.09 19:19:37.748,0.81545,0.81565,1.50,1.00
2017.01.09 19:19:38.630,0.81546,0.81565,1.00,1.00
2017.01.09 19:19:38.976,0.81548,0.81569,1.00,2.25
2017.01.09 19:19:39.173,0.8155,0.81569,1.00,1.12
2017.01.09 19:19:42.194,0.81551,0.8157,1.00,2.25
2017.01.09 19:19:42.717,0.8155,0.8157,1.50,2.25
2017.01.09 19:19:47.765,0.81546,0.81569,1.50,1.12
2017.01.09 19:19:47.816,0.81546,0.81567,1.50,1.00
2017.01.09 19:19:48.332,0.81546,0.81565,1.00,1.00
2017.01.09 19:19:53.238,0.81545,0.81565,1.50,1.00
2017.01.09 19:19:54.684,0.81545,0.81563,1.00,1.00
2017.01.09 19:19:55.561,0.81545,0.81562,1.00,1.50
2017.01.09 19:19:56.144,0.81545,0.81563,1.00,1.12
2017.01.09 19:19:56.528,0.81546,0.81565,1.00,1.00
2017.01.09 19:19:57.175,0.81545,0.81564,1.00,1.00
2017.01.09 19:19:57.797,0.81545,0.81563,1.00,1.50
2017.01.09 19:20:00.408,0.81544,0.81565,1.00,2.25
2017.01.09 19:20:00.908,0.81545,0.81563,1.00,1.00
2017.01.09 19:20:01.411,0.81545,0.81564,1.00,1.00
2017.01.09 19:20:01.987,0.81544,0.81564,1.00,1.00
2017.01.09 19:20:02.560,0.81545,0.81564,1.00,1.00
2017.01.09 19:20:03.105,0.81542,0.8156,1.50,1.00
2017.01.09 19:20:04.937,0.81541,0.8156,1.12,1.00
2017.01.09 19:20:14.089,0.8154,0.81559,1.50,1.00
2017.01.09 19:20:14.240,0.81535,0.81555,1.50,1.00
2017.01.09 19:20:15.742,0.81536,0.81555,1.00,1.00
2017.01.09 19:20:15.893,0.81538,0.81555,1.00,1.00
2017.01.09 19:20:16.089,0.81539,0.8156,1.00,2.25
2017.01.09 19:20:17.109,0.81539,0.81555,1.00,1.00
2017.01.09 19:20:17.160,0.81537,0.81555,1.00,1.00
2017.01.09 19:20:17.786,0.81538,0.81555,1.00,1.00
2017.01.09 19:20:18.045,0.81538,0.8156,1.00,1.50
2017.01.09 19:20:18.095,0.8154,0.8156,1.00,1.50
2017.01.09 19:20:18.706,0.8154,0.8156,1.50,1.00
2017.01.09 19:20:20.053,0.81541,0.8156,1.00,1.00
2017.01.09 19:20:20.906,0.81542,0.8156,1.00,1.00
2017.01.09 19:20:21.444,0.81544,0.81561,1.00,1.00
2017.01.09 19:20:21.595,0.81545,0.81564,1.00,1.00
2017.01.09 19:20:22.101,0.81546,0.81565,1.00,1.12
2017.01.09 19:20:22.635,0.81547,0.81565,1.00,1.00
2017.01.09 19:20:22.964,0.81544,0.81565,1.12,1.50
2017.01.09 19:20:23.472,0.81545,0.81565,1.00,1.00
2017.01.09 19:20:24.081,0.81544,0.81565,1.12,1.50
2017.01.09 19:20:25.500,0.81542,0.81563,1.75,1.50
2017.01.09 19:20:25.601,0.81542,0.81563,1.12,1.00
2017.01.09 19:20:26.014,0.81544,0.81564,1.00,1.50
2017.01.09 19:20:26.671,0.81545,0.81565,1.00,1.12
2017.01.09 19:20:29.500,0.81546,0.81565,1.00,1.12
2017.01.09 19:20:30.566,0.81547,0.81567,1.00,2.25
2017.01.09 19:20:32.191,0.81546,0.81567,1.00,2.25
2017.01.09 19:20:32.812,0.81545,0.81565,1.00,1.12
2017.01.09 19:20:38.694,0.81548,0.81569,1.00,1.75
2017.01.09 19:20:38.795,0.8155,0.8157,1.00,1.50
2017.01.09 19:20:39.061,0.8155,0.81568,1.00,1.00
2017.01.09 19:20:39.565,0.8155,0.81569,1.12,1.00
2017.01.09 19:20:40.221,0.8155,0.81568,1.12,1.00
2017.01.09 19:20:41.006,0.8155,0.81567,1.00,1.00
2017.01.09 19:20:41.440,0.81548,0.81569,1.00,1.87
2017.01.09 19:20:41.541,0.8155,0.81569,1.00,1.12
2017.01.09 19:20:42.114,0.8155,0.81568,1.00,1.00
2017.01.09 19:20:43.626,0.8155,0.81571,1.00,2.25
2017.01.09 19:20:43.828,0.8155,0.81571,1.50,1.00
2017.01.09 19:20:45.749,0.8155,0.81573,2.25,1.87
2017.01.09 19:20:46.640,0.81555,0.81573,1.00,1.87
2017.01.09 19:20:46.741,0.81552,0.81574,1.00,1.50
2017.01.09 19:20:46.909,0.81553,0.81573,1.50,1.50
2017.01.09 19:20:47.212,0.81552,0.81574,1.00,1.50
2017.01.09 19:20:48.052,0.81552,0.81572,1.00,1.00
2017.01.09 19:20:49.020,0.81551,0.81572,1.12,1.50
2017.01.09 19:20:52.264,0.81551,0.81571,1.12,1.00
2017.01.09 19:20:52.616,0.81549,0.8157,1.00,2.25
2017.01.09 19:20:54.917,0.81547,0.81569,1.50,1.50
2017.01.09 19:20:55.253,0.81549,0.8157,1.50,2.25
2017.01.09 19:20:56.511,0.81549,0.8156,1.50,1.00
2017.01.09 19:20:57.024,0.81549,0.81565,1.00,1.00
2017.01.09 19:21:00.819,0.81551,0.8156,1.00,1.00
2017.01.09 19:21:00.870,0.81551,0.81565,1.00,1.00
2017.01.09 19:21:00.921,0.81552,0.8157,1.00,1.00
2017.01.09 19:21:01.135,0.81553,0.81565,1.00,1.00
2017.01.09 19:21:01.658,0.81552,0.81565,1.12,1.00
2017.01.09 19:21:02.061,0.81551,0.8156,1.00,1.00
2017.01.09 19:21:02.349,0.81551,0.81565,1.00,1.00
2017.01.09 19:21:03.515,0.81549,0.81565,1.12,1.00
2017.01.09 19:21:04.191,0.81547,0.81565,1.00,1.00
2017.01.09 19:21:04.357,0.8155,0.81565,1.00,1.00
2017.01.09 19:21:04.861,0.81549,0.81565,1.00,1.00
2017.01.09 19:21:06.356,0.8155,0.81565,1.00,1.00
2017.01.09 19:21:06.551,0.8155,0.8157,1.00,1.50
2017.01.09 19:21:07.724,0.81549,0.8157,1.00,1.50
2017.01.09 19:21:08.335,0.8155,0.8157,1.00,1.50
2017.01.09 19:21:08.457,0.8155,0.81565,1.00,1.00
2017.01.09 19:21:09.015,0.81549,0.81565,1.00,1.00
2017.01.09 19:21:10.815,0.81549,0.8156,1.00,1.00
2017.01.09 19:21:12.815,0.81549,0.81565,1.00,1.00
2017.01.09 19:21:19.355,0.81548,0.81565,1.50,1.00
2017.01.09 19:21:19.456,0.81546,0.8156,1.12,1.00
2017.01.09 19:21:22.882,0.81545,0.8156,1.00,1.00
2017.01.09 19:21:33.316,0.81545,0.81555,1.00,1.00
2017.01.09 19:21:34.424,0.81544,0.81555,1.12,1.00
2017.01.09 19:21:34.525,0.81547,0.8156,1.00,1.00
2017.01.09 19:21:34.646,0.81547,0.81566,1.00,1.87
2017.01.09 19:21:34.697,0.81549,0.8156,1.00,1.00
2017.01.09 19:21:35.470,0.8155,0.8156,1.00,1.00
2017.01.09 19:21:37.822,0.81549,0.8156,1.00,1.00
2017.01.09 19:21:37.923,0.81548,0.81565,1.12,1.00
2017.01.09 19:21:37.974,0.81548,0.8156,1.12,1.00
2017.01.09 19:21:38.175,0.81549,0.81565,1.00,1.00
2017.01.09 19:21:38.703,0.8155,0.81565,1.00,1.00
2017.01.09 19:21:38.754,0.81552,0.81566,1.00,1.00
2017.01.09 19:21:39.285,0.81553,0.81565,1.00,1.00
2017.01.09 19:21:39.871,0.81552,0.81565,1.00,1.00
2017.01.09 19:21:41.101,0.81551,0.81565,1.12,1.00
2017.01.09 19:21:44.818,0.8155,0.81565,1.00,1.00
2017.01.09 19:21:47.166,0.8155,0.8156,1.00,1.00
2017.01.09 19:21:47.317,0.8155,0.81565,1.00,1.00
2017.01.09 19:21:47.852,0.81551,0.81565,1.00,1.00
2017.01.09 19:21:48.374,0.8155,0.81565,1.00,1.00
2017.01.09 19:21:48.901,0.81548,0.81566,1.50,1.00
2017.01.09 19:21:49.002,0.8155,0.8156,1.00,1.00
2017.01.09 19:21:49.053,0.81549,0.81565,1.12,1.00
2017.01.09 19:21:49.771,0.8155,0.81565,1.00,1.00
2017.01.09 19:21:51.264,0.81549,0.81565,1.12,1.00
2017.01.09 19:21:52.378,0.81547,0.8156,1.75,1.00
2017.01.09 19:21:52.580,0.81546,0.8156,1.00,1.00
2017.01.09 19:21:53.415,0.81546,0.81565,1.00,1.00
2017.01.09 19:21:54.144,0.81546,0.8156,1.00,1.00
2017.01.09 19:21:54.682,0.81543,0.8156,1.75,1.00
2017.01.09 19:22:00.314,0.81543,0.81555,1.75,1.00
2017.01.09 19:22:00.589,0.81543,0.81561,1.75,1.00
2017.01.09 19:22:02.338,0.81545,0.8156,1.12,1.00
2017.01.09 19:22:02.756,0.81543,0.81555,1.37,1.00
2017.01.09 19:22:03.446,0.81543,0.81555,1.00,1.00
2017.01.09 19:22:04.096,0.81542,0.81555,1.12,1.00
2017.01.09 19:22:04.398,0.81538,0.81555,1.50,1.00
2017.01.09 19:22:04.499,0.81537,0.81555,1.00,1.00
2017.01.09 19:22:05.006,0.81538,0.81555,1.00,1.00
2017.01.09 19:22:05.231,0.8154,0.8156,1.12,1.12
2017.01.09 19:22:05.607,0.81541,0.8156,1.37,1.00
2017.01.09 19:22:06.121,0.81541,0.8156,1.75,1.00
2017.01.09 19:22:07.996,0.81541,0.81561,1.75,1.00
2017.01.09 19:22:09.301,0.81542,0.8156,1.50,1.00
2017.01.09 19:22:12.097,0.81544,0.81556,1.00,1.00
2017.01.09 19:22:12.445,0.81544,0.81555,1.75,1.00
2017.01.09 19:22:13.806,0.81545,0.8156,1.50,1.00
2017.01.09 19:22:13.957,0.81545,0.81565,1.12,1.12
2017.01.09 19:22:14.215,0.81545,0.8156,1.00,1.00
2017.01.09 19:22:14.314,0.81545,0.81565,1.00,1.12
2017.01.09 19:22:15.009,0.81545,0.8156,1.00,1.00
2017.01.09 19:22:16.027,0.81544,0.8156,1.00,1.00
2017.01.09 19:22:16.640,0.81543,0.8156,1.12,1.00
2017.01.09 19:22:19.483,0.81541,0.81555,1.75,1.00
2017.01.09 19:22:19.703,0.81541,0.81555,1.00,1.00
2017.01.09 19:22:20.076,0.81543,0.8156,1.00,1.00
2017.01.09 19:22:21.439,0.81544,0.8156,1.00,1.00
2017.01.09 19:22:22.767,0.81545,0.8156,1.00,1.00
2017.01.09 19:22:24.696,0.81545,0.81561,1.00,1.00
2017.01.09 19:22:25.206,0.81546,0.8156,1.00,1.00
2017.01.09 19:22:26.897,0.81544,0.8156,1.00,1.00
2017.01.09 19:22:26.998,0.81542,0.81555,1.50,1.00
2017.01.09 19:22:27.325,0.81542,0.8156,1.00,1.00
2017.01.09 19:22:27.904,0.81543,0.8156,1.00,1.00
2017.01.09 19:22:29.015,0.81543,0.81555,1.00,1.00
2017.01.09 19:22:30.915,0.81543,0.81556,1.00,1.00
2017.01.09 19:22:37.316,0.81543,0.8156,1.00,1.00
2017.01.09 19:22:37.948,0.81543,0.81555,1.00,1.00
2017.01.09 19:22:38.896,0.81543,0.8156,1.00,1.00
2017.01.09 19:22:42.070,0.81542,0.8156,1.00,1.00
2017.01.09 19:22:42.498,0.8154,0.81555,1.12,1.00
2017.01.09 19:22:44.515,0.81536,0.81555,1.75,1.00
2017.01.09 19:22:44.566,0.81533,0.8155,3.15,1.00
2017.01.09 19:22:44.667,0.81533,0.8155,1.00,1.00
2017.01.09 19:22:44.769,0.81533,0.81546,1.75,1.00
2017.01.09 19:22:45.661,0.81533,0.81545,1.75,1.00
2017.01.09 19:22:50.964,0.81536,0.8155,1.87,1.00
2017.01.09 19:22:51.014,0.81539,0.81551,1.00,1.00
2017.01.09 19:22:52.681,0.81539,0.8155,1.12,1.00
2017.01.09 19:22:57.608,0.8154,0.8155,1.00,1.00
2017.01.09 19:23:01.251,0.81539,0.8155,1.12,1.00
2017.01.09 19:23:03.318,0.81539,0.81555,1.00,1.00
2017.01.09 19:23:04.874,0.8154,0.81555,1.00,1.00
2017.01.09 19:23:05.691,0.81541,0.81555,1.00,1.00
2017.01.09 19:23:05.742,0.81542,0.8156,1.00,1.50
2017.01.09 19:23:05.843,0.81542,0.8156,1.00,1.12
2017.01.09 19:23:05.894,0.81544,0.8156,1.00,1.00
2017.01.09 19:23:06.196,0.81544,0.81555,1.00,1.00
2017.01.09 19:23:08.702,0.81544,0.81556,1.00,1.00
2017.01.09 19:23:10.998,0.81544,0.81555,1.00,1.00
2017.01.09 19:23:11.581,0.81545,0.81555,1.00,1.00
2017.01.09 19:23:12.866,0.81544,0.81555,1.00,1.00
2017.01.09 19:23:13.836,0.81543,0.81555,1.12,1.00
2017.01.09 19:23:14.837,0.81544,0.81555,1.00,1.00
2017.01.09 19:23:15.450,0.81544,0.81556,1.00,1.00
2017.01.09 19:23:15.940,0.81545,0.8156,1.00,1.00
2017.01.09 19:23:16.445,0.81548,0.8156,1.00,1.00
2017.01.09 19:23:16.546,0.81546,0.8156,1.00,1.00
2017.01.09 19:23:17.522,0.81547,0.8156,1.00,1.00
2017.01.09 19:23:22.218,0.81546,0.8156,1.00,1.00
2017.01.09 19:23:24.613,0.81547,0.8156,1.00,1.00
2017.01.09 19:23:24.925,0.81549,0.8156,1.00,1.00
2017.01.09 19:23:25.763,0.81548,0.8156,1.00,1.00
2017.01.09 19:23:27.235,0.81548,0.81565,1.00,1.00
2017.01.09 19:23:27.763,0.81549,0.81565,1.00,1.00
2017.01.09 19:23:28.876,0.81549,0.8156,1.00,1.00
2017.01.09 19:23:30.007,0.81548,0.8156,1.00,1.00
2017.01.09 19:23:30.100,0.81546,0.8156,1.12,1.00
2017.01.09 19:23:31.028,0.81546,0.81555,1.00,1.00
2017.01.09 19:23:31.805,0.81547,0.81555,1.00,1.00
2017.01.09 19:23:31.856,0.81548,0.81565,1.00,1.00
2017.01.09 19:23:31.907,0.81548,0.8156,1.00,1.00
2017.01.09 19:23:32.456,0.81549,0.81565,1.00,1.00
2017.01.09 19:23:32.658,0.81551,0.81565,1.00,1.00
2017.01.09 19:23:32.967,0.81553,0.81565,1.00,1.00
2017.01.09 19:23:33.534,0.81552,0.81565,1.00,1.00
2017.01.09 19:23:39.169,0.81551,0.81565,1.00,1.00
2017.01.09 19:23:39.480,0.81553,0.81565,1.00,1.00
2017.01.09 19:23:42.251,0.81552,0.81565,1.00,1.00
2017.01.09 19:23:42.989,0.81549,0.81565,1.12,1.00
2017.01.09 19:23:43.493,0.81548,0.81565,1.00,1.00
2017.01.09 19:23:45.160,0.81548,0.81566,1.00,1.00
2017.01.09 19:23:45.412,0.8155,0.81565,1.00,1.00
2017.01.09 19:23:46.040,0.81549,0.81565,1.00,1.00
2017.01.09 19:23:47.047,0.81548,0.81565,1.00,1.00
2017.01.09 19:23:48.085,0.81549,0.81565,1.00,1.00
2017.01.09 19:23:48.642,0.8155,0.81566,1.00,1.00
2017.01.09 19:23:49.297,0.81549,0.81566,1.00,1.00
2017.01.09 19:23:49.814,0.81548,0.81566,1.00,1.00
2017.01.09 19:23:52.361,0.81548,0.81565,1.00,1.00
2017.01.09 19:23:54.511,0.81548,0.81566,1.00,1.00
2017.01.09 19:23:57.682,0.81549,0.81566,1.00,1.00
2017.01.09 19:24:06.453,0.81548,0.81565,1.12,1.00
2017.01.09 19:24:06.825,0.81554,0.81565,1.00,1.00
2017.01.09 19:24:10.814,0.81554,0.8157,1.00,1.00
2017.01.09 19:24:10.916,0.81556,0.8157,1.00,1.00
2017.01.09 19:24:12.369,0.81553,0.8157,1.75,1.00
2017.01.09 19:24:12.570,0.81551,0.81571,1.12,1.50
2017.01.09 19:24:12.671,0.81551,0.81565,1.12,1.00
2017.01.09 19:24:13.316,0.81551,0.8157,1.00,1.00
2017.01.09 19:24:13.412,0.81549,0.8157,1.00,1.50
2017.01.09 19:24:13.516,0.81549,0.81565,1.00,1.00
2017.01.09 19:24:14.364,0.81549,0.8157,1.00,1.50
2017.01.09 19:24:16.124,0.81551,0.8157,1.00,1.00
2017.01.09 19:24:17.691,0.8155,0.8157,1.00,1.00
2017.01.09 19:24:22.793,0.81551,0.8157,1.00,1.00
2017.01.09 19:24:23.436,0.81552,0.8157,1.00,1.00
2017.01.09 19:24:23.777,0.81554,0.8157,1.00,1.00
2017.01.09 19:24:28.731,0.81552,0.81571,1.75,1.00
2017.01.09 19:24:28.945,0.81552,0.81571,1.00,1.00
2017.01.09 19:24:29.844,0.81551,0.8157,1.12,1.00
2017.01.09 19:24:30.064,0.81549,0.81565,1.75,1.00
2017.01.09 19:24:30.241,0.8155,0.8157,1.00,1.87
2017.01.09 19:24:30.545,0.8155,0.81565,1.00,1.00
2017.01.09 19:24:30.892,0.81554,0.81565,1.00,1.00
2017.01.09 19:24:31.551,0.81552,0.81565,1.00,1.00
2017.01.09 19:24:34.089,0.81551,0.8157,1.12,1.00
2017.01.09 19:24:35.061,0.81552,0.8157,1.00,1.00
2017.01.09 19:24:35.730,0.81552,0.81566,1.00,1.00
2017.01.09 19:24:35.780,0.8155,0.81565,1.00,1.00
2017.01.09 19:24:43.567,0.81549,0.81565,1.00,1.00
2017.01.09 19:24:44.101,0.8155,0.81565,1.00,1.00
2017.01.09 19:24:46.623,0.81551,0.81565,1.00,1.00
2017.01.09 19:24:47.169,0.81553,0.8157,1.00,1.00
2017.01.09 19:24:47.270,0.81555,0.8157,1.00,1.00
2017.01.09 19:24:48.521,0.81554,0.8157,1.00,1.00
2017.01.09 19:24:49.532,0.81553,0.8157,1.12,1.00
2017.01.09 19:24:51.646,0.81554,0.8157,1.00,1.00
2017.01.09 19:24:51.747,0.81555,0.81575,1.00,1.12
2017.01.09 19:24:51.821,0.81555,0.8157,1.00,1.00
2017.01.09 19:24:52.326,0.81554,0.8157,1.00,1.00
2017.01.09 19:24:52.932,0.81555,0.8157,1.00,1.00
2017.01.09 19:24:54.511,0.81554,0.8157,1.00,1.00
2017.01.09 19:24:55.012,0.81553,0.8157,1.12,1.00
2017.01.09 19:24:59.069,0.81553,0.81571,1.12,1.00
2017.01.09 19:25:00.280,0.81553,0.8157,1.12,1.00
2017.01.09 19:25:01.989,0.81554,0.8157,1.00,1.00
2017.01.09 19:25:02.633,0.81554,0.81571,1.00,1.00
2017.01.09 19:25:03.296,0.81555,0.81571,1.00,1.00
2017.01.09 19:25:08.863,0.81554,0.81571,1.00,1.00
2017.01.09 19:25:11.920,0.81554,0.8157,1.00,1.00
2017.01.09 19:25:13.716,0.81555,0.8157,1.00,1.00
2017.01.09 19:25:17.812,0.81556,0.8157,1.00,1.00
2017.01.09 19:25:19.417,0.81557,0.8157,1.00,1.00
2017.01.09 19:25:19.518,0.81558,0.81575,1.00,1.00
2017.01.09 19:25:32.634,0.81557,0.81575,1.00,1.00
2017.01.09 19:25:32.772,0.81557,0.8157,1.00,1.00
2017.01.09 19:25:35.281,0.81556,0.8157,1.00,1.00
2017.01.09 19:25:35.477,0.81558,0.81575,1.00,1.00
2017.01.09 19:25:35.837,0.81556,0.8157,1.75,1.00
2017.01.09 19:25:35.988,0.81556,0.8157,1.00,1.00
2017.01.09 19:25:36.089,0.81558,0.81575,1.00,1.00
2017.01.09 19:25:36.341,0.81559,0.8157,1.00,1.00
2017.01.09 19:25:36.789,0.81556,0.8157,1.00,1.00
2017.01.09 19:25:39.172,0.81555,0.81565,1.12,1.00
2017.01.09 19:25:41.202,0.81555,0.8157,1.12,1.00
2017.01.09 19:25:41.622,0.81555,0.8157,1.75,1.00
2017.01.09 19:25:47.821,0.81558,0.8157,1.00,1.00
2017.01.09 19:25:49.400,0.81557,0.8157,1.12,1.00
2017.01.09 19:25:49.703,0.81555,0.8157,1.12,1.00
2017.01.09 19:26:07.338,0.81554,0.8157,1.12,1.00
2017.01.09 19:26:08.196,0.81553,0.8157,1.12,1.00
2017.01.09 19:26:14.225,0.81554,0.81575,1.00,1.50
2017.01.09 19:26:14.276,0.81556,0.81575,1.00,1.00
2017.01.09 19:26:14.620,0.81558,0.81575,1.00,1.00
2017.01.09 19:26:15.209,0.8156,0.81575,1.00,1.00
2017.01.09 19:26:16.145,0.81559,0.81575,1.00,1.00
2017.01.09 19:26:16.448,0.81558,0.81571,1.00,1.00
2017.01.09 19:26:16.701,0.81558,0.81575,1.00,1.00
2017.01.09 19:26:17.258,0.81559,0.81575,1.00,1.00
2017.01.09 19:26:18.262,0.81558,0.81575,1.00,1.00
2017.01.09 19:26:21.915,0.81557,0.8157,1.00,1.00
2017.01.09 19:26:22.270,0.81554,0.8157,1.00,1.00
2017.01.09 19:26:22.886,0.81553,0.8157,1.50,1.00
2017.01.09 19:26:23.875,0.81554,0.8157,1.00,1.00
2017.01.09 19:26:31.674,0.81553,0.8157,1.50,1.00
2017.01.09 19:26:31.830,0.81553,0.81565,1.00,1.00
2017.01.09 19:26:31.881,0.81551,0.81565,1.12,1.00
2017.01.09 19:26:32.284,0.81546,0.81565,1.75,1.00
2017.01.09 19:26:32.816,0.81546,0.81566,1.75,1.00
2017.01.09 19:26:33.334,0.81548,0.81565,1.12,1.00
2017.01.09 19:26:33.980,0.81549,0.81565,1.00,1.00
2017.01.09 19:26:34.492,0.8155,0.81565,1.00,1.00
2017.01.09 19:26:35.264,0.81549,0.81565,1.00,1.00
2017.01.09 19:26:35.461,0.81548,0.81561,1.12,1.00
2017.01.09 19:26:35.663,0.81546,0.8156,1.00,1.00
2017.01.09 19:26:35.915,0.81546,0.81566,1.00,2.25
2017.01.09 19:26:35.965,0.81551,0.81565,1.00,1.12
2017.01.09 19:26:36.268,0.81549,0.81565,1.12,1.00
2017.01.09 19:26:36.622,0.81547,0.8156,1.50,1.00
2017.01.09 19:26:36.723,0.81545,0.8156,1.50,1.00
2017.01.09 19:26:40.757,0.81544,0.81566,1.75,1.00
2017.01.09 19:26:41.892,0.81547,0.81566,1.00,1.00
2017.01.09 19:26:42.637,0.81547,0.81565,1.00,1.00
2017.01.09 19:26:43.150,0.81546,0.81565,1.12,1.00
2017.01.09 19:26:43.630,0.81547,0.8156,1.00,1.00
2017.01.09 19:26:43.741,0.81547,0.81565,1.00,1.00
2017.01.09 19:26:46.234,0.81548,0.81565,1.00,1.00
2017.01.09 19:26:47.789,0.81549,0.81565,1.00,1.00
2017.01.09 19:26:53.466,0.81547,0.81565,1.50,1.00
2017.01.09 19:26:53.517,0.81545,0.8156,1.75,1.00
2017.01.09 19:26:53.618,0.81545,0.8156,1.12,1.00
2017.01.09 19:26:53.669,0.81545,0.81565,1.12,1.00
2017.01.09 19:26:54.363,0.81546,0.81565,1.00,1.00
2017.01.09 19:26:58.088,0.81545,0.81565,1.12,1.00
2017.01.09 19:27:02.837,0.81547,0.81565,1.00,1.00
2017.01.09 19:27:03.361,0.81548,0.81565,1.12,1.00
2017.01.09 19:27:04.742,0.81546,0.8156,1.75,1.00
2017.01.09 19:27:05.045,0.81538,0.81555,1.00,1.00
2017.01.09 19:27:12.190,0.81539,0.81555,1.00,1.00
2017.01.09 19:27:13.063,0.81538,0.81555,1.00,1.00
2017.01.09 19:27:13.408,0.81538,0.81559,1.00,1.00
2017.01.09 19:27:13.460,0.8154,0.8156,1.00,1.50
2017.01.09 19:27:14.002,0.81541,0.8156,1.00,1.00
2017.01.09 19:27:14.882,0.81542,0.8156,1.00,1.00
2017.01.09 19:27:15.298,0.81541,0.81555,1.00,1.00
2017.01.09 19:27:15.817,0.8154,0.81555,1.00,1.00
2017.01.09 19:27:16.412,0.81539,0.81555,1.00,1.00
2017.01.09 19:27:16.733,0.81541,0.81555,1.00,1.00
2017.01.09 19:27:16.919,0.81542,0.81561,1.00,1.50
2017.01.09 19:27:17.438,0.81542,0.8156,1.00,1.00
2017.01.09 19:27:17.933,0.81542,0.81555,1.00,1.00
2017.01.09 19:27:18.691,0.81543,0.81555,1.00,1.00
2017.01.09 19:27:18.996,0.81543,0.8156,1.00,1.00
2017.01.09 19:27:20.754,0.81541,0.8156,1.00,1.00
2017.01.09 19:27:21.261,0.8154,0.8156,1.50,1.00
2017.01.09 19:27:23.988,0.8154,0.81559,1.00,1.00
2017.01.09 19:27:24.039,0.8154,0.8155,1.00,1.00
2017.01.09 19:27:24.089,0.81537,0.8155,1.12,1.00
2017.01.09 19:27:24.214,0.81537,0.81555,1.12,1.00
2017.01.09 19:27:33.317,0.81537,0.8155,1.12,1.00
2017.01.09 19:27:44.176,0.81537,0.81551,1.00,1.00
2017.01.09 19:27:44.710,0.81537,0.8155,1.00,1.00
2017.01.09 19:27:45.352,0.81538,0.8155,1.00,1.00
2017.01.09 19:27:53.921,0.81539,0.8155,1.00,1.00
2017.01.09 19:27:54.073,0.81542,0.81555,1.00,1.00
2017.01.09 19:27:54.211,0.8154,0.81555,1.00,1.00
2017.01.09 19:27:54.280,0.81537,0.8155,1.50,1.00
2017.01.09 19:27:54.355,0.81537,0.81555,1.50,1.00
2017.01.09 19:27:54.718,0.81541,0.81555,1.00,1.00
2017.01.09 19:27:55.232,0.81542,0.81555,1.00,1.00
2017.01.09 19:27:58.157,0.81543,0.81555,1.00,1.00
2017.01.09 19:27:58.431,0.81543,0.8156,1.00,1.00
2017.01.09 19:27:58.652,0.81543,0.81555,1.00,1.00
2017.01.09 19:28:00.677,0.81543,0.81556,1.00,1.00
2017.01.09 19:28:02.457,0.81543,0.81555,1.00,1.00
2017.01.09 19:28:04.153,0.81546,0.8156,1.00,1.00
2017.01.09 19:28:04.883,0.81547,0.8156,1.00,1.00
2017.01.09 19:28:07.593,0.81547,0.81561,1.00,1.00
2017.01.09 19:28:08.604,0.81547,0.8156,1.00,1.00
2017.01.09 19:28:09.683,0.81547,0.81555,1.00,1.00
2017.01.09 19:28:09.733,0.81543,0.81555,1.50,1.00
2017.01.09 19:28:10.279,0.81542,0.81555,1.00,1.00
2017.01.09 19:28:11.157,0.81543,0.81555,1.00,1.00
2017.01.09 19:28:14.457,0.81543,0.81561,1.00,1.50
2017.01.09 19:28:14.877,0.81542,0.81555,1.00,1.00
2017.01.09 19:28:15.079,0.81539,0.81555,1.00,1.00
2017.01.09 19:28:15.295,0.81541,0.81555,1.00,1.00
2017.01.09 19:28:15.930,0.81542,0.81555,1.00,1.00
2017.01.09 19:28:23.059,0.81542,0.81556,1.00,1.00
2017.01.09 19:28:24.250,0.81543,0.81556,1.00,1.00
2017.01.09 19:28:25.785,0.81539,0.81555,1.50,1.00
2017.01.09 19:28:26.545,0.81539,0.81555,1.00,1.00
2017.01.09 19:28:27.107,0.81538,0.81555,1.00,1.50
2017.01.09 19:28:27.309,0.81538,0.8155,1.00,1.00
2017.01.09 19:28:27.410,0.81535,0.81551,1.50,1.00
2017.01.09 19:28:27.931,0.81535,0.8155,1.00,1.00
2017.01.09 19:28:30.314,0.81535,0.81551,1.00,1.00
2017.01.09 19:28:31.042,0.81535,0.81545,1.00,1.00
2017.01.09 19:28:32.216,0.81534,0.81545,1.00,1.00
2017.01.09 19:28:33.117,0.81533,0.81545,1.12,1.00
2017.01.09 19:28:35.214,0.81532,0.81545,1.00,1.00
2017.01.09 19:28:37.143,0.81534,0.81545,1.00,1.00
2017.01.09 19:28:37.244,0.81532,0.81545,1.00,1.00
2017.01.09 19:28:39.900,0.81533,0.81545,1.00,1.00
2017.01.09 19:28:40.028,0.81533,0.8155,1.00,1.00
2017.01.09 19:28:40.141,0.81529,0.81549,1.37,1.00
2017.01.09 19:28:40.395,0.81529,0.81549,1.00,1.00
2017.01.09 19:28:40.482,0.81531,0.81551,1.00,2.62
2017.01.09 19:28:41.158,0.81531,0.81551,1.00,2.25
2017.01.09 19:28:42.525,0.81529,0.8155,1.00,1.12
2017.01.09 19:28:42.576,0.81529,0.81545,1.00,1.00
2017.01.09 19:28:43.439,0.8153,0.81545,1.00,1.00
2017.01.09 19:28:44.580,0.8153,0.8155,1.00,1.12
2017.01.09 19:28:45.359,0.81533,0.81551,1.00,1.50
2017.01.09 19:28:45.685,0.81535,0.8155,1.00,1.00
2017.01.09 19:28:46.365,0.81536,0.8155,1.00,1.00
2017.01.09 19:28:48.351,0.81536,0.81555,1.00,1.00
2017.01.09 19:28:48.572,0.81536,0.8155,1.00,1.00
2017.01.09 19:28:53.549,0.81536,0.81555,1.00,1.00
2017.01.09 19:28:54.104,0.81537,0.81555,1.00,1.00
2017.01.09 19:28:55.830,0.81539,0.81555,1.00,1.00
2017.01.09 19:28:56.132,0.81541,0.81555,1.00,1.00
2017.01.09 19:28:56.874,0.8154,0.81555,1.00,1.00
2017.01.09 19:28:58.906,0.81543,0.8156,1.00,1.00
2017.01.09 19:28:58.957,0.81543,0.81556,1.00,1.00
2017.01.09 19:28:59.643,0.81543,0.81555,1.00,1.00
2017.01.09 19:29:00.220,0.81542,0.81555,1.00,1.00
2017.01.09 19:29:02.206,0.81537,0.81555,2.25,1.00
2017.01.09 19:29:02.458,0.81536,0.8155,1.12,1.00
2017.01.09 19:29:02.610,0.81538,0.81555,1.00,1.00
2017.01.09 19:29:02.831,0.81536,0.81555,1.12,1.00
2017.01.09 19:29:03.386,0.81534,0.81555,1.37,1.87
2017.01.09 19:29:03.486,0.81534,0.81555,1.00,1.87
2017.01.09 19:29:06.113,0.81532,0.8155,1.00,1.00
2017.01.09 19:29:07.593,0.81533,0.8155,1.00,1.00
2017.01.09 19:29:08.439,0.81534,0.8155,1.00,1.00
2017.01.09 19:29:09.316,0.81533,0.8155,1.00,1.00
2017.01.09 19:29:09.630,0.81537,0.8155,1.00,1.00
2017.01.09 19:29:10.606,0.81535,0.8155,1.00,1.00
2017.01.09 19:29:11.159,0.81534,0.81551,1.00,1.00
2017.01.09 19:29:11.674,0.81534,0.8155,1.00,1.00
2017.01.09 19:29:12.283,0.81535,0.8155,1.00,1.00
2017.01.09 19:29:12.334,0.81537,0.8155,1.00,1.00
2017.01.09 19:29:13.322,0.81536,0.8155,1.00,1.00
2017.01.09 19:29:16.072,0.81535,0.81555,1.00,1.87
2017.01.09 19:29:16.122,0.81538,0.81555,1.00,1.12
2017.01.09 19:29:16.223,0.81536,0.81555,1.00,1.12
2017.01.09 19:29:17.104,0.81535,0.81555,1.00,1.12
2017.01.09 19:29:17.221,0.81535,0.8155,1.00,1.00
2017.01.09 19:29:17.764,0.81534,0.8155,1.00,1.00
2017.01.09 19:29:18.291,0.81533,0.8155,1.00,1.00
2017.01.09 19:29:18.451,0.81533,0.81554,1.00,1.50
2017.01.09 19:29:18.754,0.81536,0.81557,1.00,1.50
2017.01.09 19:29:19.069,0.81538,0.81559,1.00,1.50
2017.01.09 19:29:19.371,0.81538,0.81555,1.00,1.00
2017.01.09 19:29:19.726,0.8154,0.8156,1.00,1.75
2017.01.09 19:29:19.880,0.81541,0.81555,1.00,1.00
2017.01.09 19:29:20.419,0.8154,0.81556,1.00,1.00
2017.01.09 19:29:21.159,0.81541,0.81555,1.00,1.00
2017.01.09 19:29:21.810,0.8154,0.81555,1.00,1.00
2017.01.09 19:29:25.298,0.81538,0.81555,1.00,1.00
2017.01.09 19:29:25.845,0.81537,0.81555,1.00,1.00
2017.01.09 19:29:25.960,0.81539,0.81555,1.00,1.00
2017.01.09 19:29:28.388,0.8154,0.81555,1.00,1.00
2017.01.09 19:29:29.283,0.81541,0.81555,1.00,1.00
2017.01.09 19:29:31.277,0.81542,0.81555,1.00,1.00
2017.01.09 19:29:32.524,0.81541,0.81555,1.00,1.00
2017.01.09 19:29:32.826,0.81538,0.81551,1.00,1.00
2017.01.09 19:29:33.488,0.81538,0.8155,1.00,1.00
2017.01.09 19:29:34.224,0.81539,0.8155,1.00,1.00
2017.01.09 19:29:35.170,0.81539,0.81551,1.00,1.00
2017.01.09 19:29:35.855,0.81539,0.8155,1.00,1.00
2017.01.09 19:29:37.151,0.81539,0.81551,1.00,1.00
2017.01.09 19:29:37.785,0.8154,0.8155,1.00,1.00
2017.01.09 19:29:38.498,0.8154,0.81551,1.00,1.00
2017.01.09 19:29:40.186,0.81542,0.81555,1.00,1.00
2017.01.09 19:29:40.816,0.81541,0.81555,1.00,1.00
2017.01.09 19:29:41.363,0.81542,0.81555,1.00,1.00
2017.01.09 19:29:44.408,0.81541,0.81555,1.00,1.00
2017.01.09 19:29:49.836,0.81543,0.81555,1.00,1.00
2017.01.09 19:29:50.793,0.81542,0.81555,1.12,1.00
2017.01.09 19:29:55.588,0.81544,0.81555,1.00,1.00
2017.01.09 19:29:56.097,0.81543,0.81555,1.00,1.00
2017.01.09 19:29:56.629,0.81546,0.81555,1.00,1.00
2017.01.09 19:29:56.679,0.8154,0.8156,1.75,1.00
2017.01.09 19:29:56.730,0.81543,0.81555,1.00,1.00
2017.01.09 19:29:56.874,0.8154,0.81555,1.00,1.00
2017.01.09 19:29:57.678,0.81539,0.81555,1.00,1.00
2017.01.09 19:29:59.323,0.81538,0.81555,1.00,1.00
2017.01.09 19:30:00.067,0.81538,0.81556,1.00,1.00
2017.01.09 19:30:01.327,0.81539,0.81555,1.00,1.00
2017.01.09 19:30:01.427,0.81537,0.81555,1.12,1.00
2017.01.09 19:30:02.296,0.81538,0.81555,1.00,1.00
2017.01.09 19:30:02.937,0.81537,0.81555,1.12,1.00
2017.01.09 19:30:03.088,0.81535,0.8155,1.75,1.00
2017.01.09 19:30:03.189,0.81535,0.8155,1.00,1.00
2017.01.09 19:30:03.391,0.81537,0.8155,1.00,1.00
2017.01.09 19:30:03.441,0.81537,0.81555,1.00,1.00
2017.01.09 19:30:05.122,0.81538,0.81555,1.00,1.00
2017.01.09 19:30:05.939,0.81537,0.81555,1.00,1.00
2017.01.09 19:30:06.211,0.81535,0.81555,1.00,1.00
2017.01.09 19:30:07.481,0.81535,0.8155,1.00,1.00
2017.01.09 19:30:07.691,0.81533,0.8155,1.12,1.00
2017.01.09 19:30:08.613,0.81534,0.8155,1.00,1.00
2017.01.09 19:30:09.618,0.81535,0.8155,1.00,1.00
2017.01.09 19:30:10.621,0.81534,0.8155,1.00,1.00
2017.01.09 19:30:12.160,0.81534,0.81551,1.00,1.00
2017.01.09 19:30:12.218,0.8153,0.8155,1.12,1.00
2017.01.09 19:30:13.179,0.8153,0.8155,1.00,1.87
2017.01.09 19:30:13.339,0.81528,0.8155,1.00,1.87
2017.01.09 19:30:13.440,0.8153,0.8155,1.00,1.87
2017.01.09 19:30:16.563,0.81531,0.8155,1.00,1.87
2017.01.09 19:30:22.165,0.81529,0.8155,1.00,1.87
2017.01.09 19:30:22.238,0.81528,0.8154,1.00,1.00
2017.01.09 19:30:22.389,0.81526,0.8154,1.00,1.00
2017.01.09 19:30:22.458,0.81528,0.8154,1.00,1.00
2017.01.09 19:30:22.760,0.81528,0.81545,1.00,1.12
2017.01.09 19:30:23.304,0.81529,0.81545,1.00,1.00
2017.01.09 19:30:23.506,0.81526,0.81545,1.00,1.00
2017.01.09 19:30:24.425,0.81528,0.81545,1.00,1.00
2017.01.09 19:30:26.782,0.81527,0.8154,1.50,1.00
2017.01.09 19:30:27.000,0.81526,0.8154,1.12,1.00
2017.01.09 19:30:27.797,0.81527,0.8154,1.00,1.00
2017.01.09 19:30:27.848,0.81527,0.81545,1.00,1.00
2017.01.09 19:30:28.375,0.81528,0.81545,1.00,1.00
2017.01.09 19:30:29.001,0.81527,0.81545,1.00,1.00
2017.01.09 19:30:30.041,0.81527,0.81546,1.00,1.00
2017.01.09 19:30:31.278,0.81527,0.8154,1.00,1.00
2017.01.09 19:30:31.985,0.81527,0.81545,1.00,1.00
2017.01.09 19:30:33.392,0.81526,0.81545,1.00,1.00
2017.01.09 19:30:34.263,0.81526,0.8154,1.00,1.00
2017.01.09 19:30:34.536,0.81524,0.8154,1.00,1.00
2017.01.09 19:30:34.655,0.81526,0.8154,1.00,1.00
2017.01.09 19:30:38.266,0.81523,0.8154,1.12,1.00
2017.01.09 19:30:38.698,0.81523,0.81544,1.00,1.50
2017.01.09 19:30:38.962,0.81523,0.8154,1.00,1.00
2017.01.09 19:30:40.293,0.81525,0.8154,1.00,1.00
2017.01.09 19:30:40.344,0.81526,0.81544,1.00,1.00
2017.01.09 19:30:40.790,0.81526,0.81546,1.00,1.87
2017.01.09 19:30:41.681,0.81525,0.81546,1.00,2.62
2017.01.09 19:30:42.490,0.81526,0.81546,1.00,2.62
2017.01.09 19:30:42.540,0.81526,0.8154,1.00,1.00
2017.01.09 19:30:46.175,0.81525,0.8154,1.00,1.00
2017.01.09 19:30:46.720,0.81526,0.81545,1.00,1.00
2017.01.09 19:30:47.191,0.81527,0.8154,1.00,1.00
2017.01.09 19:30:47.287,0.81525,0.8154,1.00,1.00
2017.01.09 19:30:48.180,0.81526,0.8154,1.00,1.00
2017.01.09 19:30:48.280,0.81526,0.81545,1.00,1.00
2017.01.09 19:30:49.538,0.81526,0.8154,1.00,1.00
2017.01.09 19:30:50.597,0.81527,0.8154,1.00,1.00
2017.01.09 19:30:51.802,0.81529,0.8154,1.00,1.00
2017.01.09 19:30:51.891,0.8153,0.8155,1.00,1.75
2017.01.09 19:30:52.052,0.8153,0.8155,1.00,1.50
2017.01.09 19:30:54.117,0.8153,0.81545,1.00,1.00
2017.01.09 19:30:56.228,0.81529,0.81545,1.00,1.00
2017.01.09 19:30:58.619,0.81526,0.8154,1.12,1.00
2017.01.09 19:30:58.870,0.81519,0.81535,1.00,1.00
2017.01.09 19:30:59.602,0.81518,0.81535,1.00,1.00
2017.01.09 19:31:02.151,0.81518,0.81539,1.00,1.75
2017.01.09 19:31:02.506,0.81515,0.81537,1.00,1.50
2017.01.09 19:31:03.583,0.81515,0.81535,1.00,1.00
2017.01.09 19:31:03.936,0.81514,0.81534,1.00,1.50
2017.01.09 19:31:04.265,0.81511,0.81531,1.00,1.12
2017.01.09 19:31:05.292,0.8151,0.81531,1.50,1.12
2017.01.09 19:31:05.824,0.8151,0.8153,1.00,1.00
2017.01.09 19:31:06.344,0.81511,0.81532,1.00,1.50
2017.01.09 19:31:13.416,0.81512,0.81532,1.00,1.50
2017.01.09 19:31:13.948,0.81511,0.81531,1.00,1.12
2017.01.09 19:31:15.418,0.81512,0.81532,1.00,1.50
2017.01.09 19:31:19.482,0.81511,0.81532,1.00,1.50
2017.01.09 19:31:20.023,0.8151,0.81531,1.50,1.12
2017.01.09 19:31:20.534,0.8151,0.8153,1.00,1.00
2017.01.09 19:31:25.162,0.8151,0.81531,1.50,1.12
2017.01.09 19:31:25.936,0.8151,0.8153,1.00,1.00
2017.01.09 19:31:27.047,0.8151,0.81531,1.50,1.12
2017.01.09 19:31:32.395,0.81511,0.81532,1.00,2.25
2017.01.09 19:31:32.546,0.81515,0.81532,1.00,2.25
2017.01.09 19:31:34.053,0.81511,0.8153,1.00,1.00
2017.01.09 19:31:43.621,0.81512,0.8153,1.00,1.00
2017.01.09 19:31:51.442,0.81511,0.8153,1.00,1.00
2017.01.09 19:31:51.543,0.8151,0.81525,1.00,1.00
2017.01.09 19:31:51.594,0.8151,0.8153,1.00,1.50
2017.01.09 19:31:51.645,0.81508,0.81527,1.12,1.00
2017.01.09 19:31:51.947,0.8151,0.81527,1.00,1.50
2017.01.09 19:31:52.248,0.81506,0.81527,1.00,1.50
2017.01.09 19:31:52.892,0.81505,0.81525,1.00,1.00
2017.01.09 19:31:52.943,0.81507,0.81525,1.00,1.00
2017.01.09 19:31:53.246,0.81512,0.8153,1.00,1.12
2017.01.09 19:31:55.392,0.81513,0.81532,1.00,1.75
2017.01.09 19:31:58.154,0.81511,0.8153,1.00,1.12
2017.01.09 19:31:58.355,0.81509,0.81529,1.00,1.00
2017.01.09 19:31:58.406,0.81509,0.81529,1.00,1.37
2017.01.09 19:31:58.557,0.81509,0.81529,1.00,1.50
2017.01.09 19:32:00.495,0.81505,0.81525,1.87,1.00
2017.01.09 19:32:00.798,0.81505,0.81523,1.00,1.00
2017.01.09 19:32:00.848,0.81502,0.81523,1.12,1.00
2017.01.09 19:32:01.509,0.81502,0.81523,1.12,1.37
2017.01.09 19:32:01.837,0.815,0.8152,1.00,2.25
2017.01.09 19:32:02.168,0.81498,0.81518,1.00,1.50
2017.01.09 19:32:03.041,0.81497,0.81517,1.00,1.12
2017.01.09 19:32:03.545,0.81498,0.81518,1.00,1.50
2017.01.09 19:32:04.235,0.81497,0.81518,1.00,1.50
2017.01.09 19:32:04.286,0.81495,0.81516,1.12,1.00
2017.01.09 19:32:04.545,0.81492,0.81513,1.37,1.50
2017.01.09 19:32:04.596,0.8149,0.81513,3.00,1.50
2017.01.09 19:32:04.646,0.8149,0.8151,2.25,1.00
2017.01.09 19:32:04.899,0.8149,0.8151,1.00,1.50
2017.01.09 19:32:05.021,0.8149,0.8151,1.00,1.75
2017.01.09 19:32:05.354,0.81493,0.81512,1.00,2.62
2017.01.09 19:32:05.405,0.81493,0.81515,1.00,4.12
2017.01.09 19:32:05.506,0.81496,0.81515,1.00,2.62
2017.01.09 19:32:05.657,0.81496,0.81515,1.00,1.75
2017.01.09 19:32:06.019,0.81491,0.81515,1.37,2.25
2017.01.09 19:32:06.120,0.81491,0.81515,1.00,3.00
2017.01.09 19:32:06.171,0.81493,0.81515,1.00,1.75
2017.01.09 19:32:06.298,0.81493,0.81515,1.12,1.50
2017.01.09 19:32:07.082,0.8149,0.81511,1.75,1.00
2017.01.09 19:32:07.200,0.8149,0.81509,1.00,1.00
2017.01.09 19:32:07.329,0.8149,0.81509,1.00,2.25
2017.01.09 19:32:07.447,0.81485,0.81505,1.00,1.12
2017.01.09 19:32:07.817,0.8149,0.81507,1.00,1.75
2017.01.09 19:32:07.948,0.81488,0.81505,1.00,1.37
2017.01.09 19:32:07.999,0.81488,0.81505,1.00,1.00
2017.01.09 19:32:08.099,0.81486,0.81505,1.12,1.00
2017.01.09 19:32:08.532,0.8149,0.8151,1.50,1.75
2017.01.09 19:32:08.785,0.81491,0.8151,1.00,1.00
2017.01.09 19:32:09.483,0.81491,0.8151,1.50,1.00
2017.01.09 19:32:10.888,0.81489,0.8151,1.12,1.00
2017.01.09 19:32:11.582,0.81489,0.8151,1.00,1.50
2017.01.09 19:32:13.668,0.81488,0.8151,1.00,1.50
2017.01.09 19:32:14.951,0.81489,0.8151,1.00,1.50
2017.01.09 19:32:15.928,0.81492,0.8151,1.00,1.50
2017.01.09 19:32:16.194,0.81492,0.81513,1.00,1.12
2017.01.09 19:32:16.703,0.81492,0.81512,1.00,1.00
2017.01.09 19:32:17.302,0.81492,0.81515,1.00,2.25
2017.01.09 19:32:17.623,0.81491,0.8151,1.12,1.00
2017.01.09 19:32:18.384,0.81492,0.8151,1.00,1.00
2017.01.09 19:32:20.031,0.81494,0.8151,1.00,1.00
2017.01.09 19:32:23.606,0.81493,0.8151,1.00,1.00
2017.01.09 19:32:28.516,0.81494,0.8151,1.00,1.00
2017.01.09 19:32:28.566,0.81494,0.81515,1.00,2.25
2017.01.09 19:32:29.225,0.81495,0.81515,1.00,1.50
2017.01.09 19:32:38.656,0.81494,0.81515,1.00,2.25
2017.01.09 19:32:38.857,0.81494,0.81515,1.00,2.25
2017.01.09 19:32:41.796,0.81494,0.8151,1.00,1.00
2017.01.09 19:32:42.428,0.81493,0.81514,1.00,1.50
2017.01.09 19:32:43.729,0.81494,0.81514,1.00,1.50
2017.01.09 19:32:58.195,0.81495,0.8151,1.00,1.00
2017.01.09 19:32:58.576,0.81491,0.8151,1.50,1.00
2017.01.09 19:33:01.346,0.81489,0.81509,1.75,1.00
2017.01.09 19:33:01.500,0.8149,0.81508,1.00,1.00
2017.01.09 19:33:03.589,0.8149,0.81507,1.00,1.00
2017.01.09 19:33:03.690,0.81486,0.81506,1.37,1.00
2017.01.09 19:33:04.581,0.81486,0.81505,1.37,1.00
2017.01.09 19:33:08.882,0.81483,0.81504,1.75,1.00
2017.01.09 19:33:08.933,0.8149,0.81508,1.00,1.37
2017.01.09 19:33:09.259,0.81494,0.81515,1.00,4.50
2017.01.09 19:33:09.309,0.81494,0.81515,1.00,2.62
2017.01.09 19:33:09.817,0.81494,0.81514,1.00,1.00
2017.01.09 19:33:10.322,0.81493,0.81513,1.12,1.00
2017.01.09 19:33:11.559,0.81493,0.81514,1.12,1.50
2017.01.09 19:33:13.710,0.81497,0.81515,1.00,1.00
2017.01.09 19:33:14.688,0.81496,0.81515,1.12,1.00
2017.01.09 19:33:18.069,0.81492,0.81513,1.75,1.00
2017.01.09 19:33:18.415,0.81489,0.8151,1.50,1.50
2017.01.09 19:33:21.024,0.81491,0.8151,1.00,1.00
2017.01.09 19:33:22.410,0.8149,0.8151,1.12,1.00
2017.01.09 19:33:24.542,0.81492,0.8151,1.00,1.00
2017.01.09 19:33:25.419,0.81491,0.81512,1.00,1.00
2017.01.09 19:33:25.470,0.8149,0.8151,1.87,1.00
2017.01.09 19:33:25.772,0.81491,0.8151,1.75,1.00
2017.01.09 19:33:26.264,0.81491,0.81512,1.75,1.00
2017.01.09 19:33:26.424,0.81491,0.8151,1.75,1.00
2017.01.09 19:33:33.271,0.8149,0.81509,1.75,1.00
2017.01.09 19:33:33.423,0.81489,0.81509,1.50,1.00
2017.01.09 19:33:36.213,0.81488,0.81505,1.75,1.00
2017.01.09 19:33:38.216,0.8149,0.8151,1.12,1.00
2017.01.09 19:33:38.267,0.81492,0.8151,1.00,1.00
2017.01.09 19:33:38.468,0.8149,0.8151,1.12,1.00
2017.01.09 19:33:39.056,0.81488,0.81509,1.75,1.00
2017.01.09 19:33:39.340,0.81488,0.81505,1.75,1.00
2017.01.09 19:33:39.542,0.81487,0.81505,1.12,1.00
2017.01.09 19:33:45.986,0.81488,0.81505,1.00,1.00
2017.01.09 19:33:50.270,0.81487,0.81505,1.12,1.00
2017.01.09 19:33:50.371,0.81489,0.81505,1.00,1.00
2017.01.09 19:33:50.572,0.81489,0.8151,1.12,1.50
2017.01.09 19:33:50.724,0.81488,0.81508,1.50,1.00
2017.01.09 19:33:59.117,0.81487,0.81505,1.37,1.00
2017.01.09 19:33:59.170,0.81487,0.81505,1.00,1.00
2017.01.09 19:33:59.804,0.81488,0.81505,1.00,1.00
2017.01.09 19:34:01.335,0.81486,0.81505,1.12,1.00
2017.01.09 19:34:02.381,0.81486,0.81507,1.12,1.00
2017.01.09 19:34:03.035,0.81486,0.81506,1.12,1.00
2017.01.09 19:34:03.813,0.81487,0.81506,1.00,1.00
2017.01.09 19:34:04.746,0.81488,0.81506,1.00,1.00
2017.01.09 19:34:12.890,0.81487,0.81506,1.00,1.00
2017.01.09 19:34:16.643,0.81486,0.81505,1.12,1.00
2017.01.09 19:34:19.182,0.81487,0.81505,1.00,1.00
2017.01.09 19:34:20.141,0.81488,0.81505,1.00,1.00
2017.01.09 19:34:21.168,0.81489,0.81505,1.00,1.00
2017.01.09 19:34:21.698,0.81487,0.81505,1.00,1.00
2017.01.09 19:34:33.214,0.81484,0.81505,1.75,1.00
2017.01.09 19:34:33.264,0.81485,0.815,1.37,1.00
2017.01.09 19:34:33.718,0.81483,0.81501,1.00,1.00
2017.01.09 19:34:34.670,0.81481,0.81501,1.50,1.00
2017.01.09 19:34:35.318,0.8148,0.815,2.25,1.00
2017.01.09 19:34:35.413,0.81479,0.81499,1.00,1.00
2017.01.09 19:34:35.868,0.81482,0.81502,1.00,1.50
2017.01.09 19:34:36.120,0.81482,0.81503,1.50,1.00
2017.01.09 19:34:36.622,0.81484,0.81504,1.00,1.00
2017.01.09 19:34:37.233,0.81484,0.81504,1.00,1.50
2017.01.09 19:34:39.389,0.81483,0.81505,1.00,2.25
2017.01.09 19:34:41.288,0.81484,0.81505,1.00,2.25
2017.01.09 19:34:41.439,0.81486,0.81505,1.00,1.75
2017.01.09 19:34:41.602,0.81481,0.81503,1.50,1.12
2017.01.09 19:34:41.703,0.8148,0.81501,2.25,1.00
2017.01.09 19:34:41.918,0.81481,0.81502,1.00,1.00
2017.01.09 19:34:42.705,0.81481,0.81501,1.00,1.00
2017.01.09 19:34:43.097,0.81482,0.81503,1.00,1.50
2017.01.09 19:34:43.612,0.81481,0.81503,1.00,1.00
2017.01.09 19:34:43.662,0.81484,0.81505,1.00,1.37
2017.01.09 19:34:43.763,0.81484,0.81505,1.00,1.12
2017.01.09 19:34:44.272,0.81484,0.81505,1.50,1.00
2017.01.09 19:34:59.883,0.81485,0.81506,1.87,1.00
2017.01.09 19:35:00.421,0.81486,0.81505,1.00,1.00
2017.01.09 19:35:00.992,0.81487,0.8151,1.75,1.00
2017.01.09 19:35:01.810,0.81488,0.81509,1.50,1.00
2017.01.09 19:35:03.934,0.81487,0.8151,1.75,1.00
2017.01.09 19:35:04.950,0.81488,0.81509,1.50,1.00
2017.01.09 19:35:05.471,0.81486,0.81508,1.75,1.00
2017.01.09 19:35:06.045,0.81487,0.81505,1.12,1.00
2017.01.09 19:35:06.096,0.81487,0.8151,1.12,2.25
2017.01.09 19:35:06.357,0.81487,0.81505,1.12,1.00
2017.01.09 19:35:11.567,0.81484,0.81505,1.12,1.50
2017.01.09 19:35:12.172,0.81485,0.81505,1.00,1.00
2017.01.09 19:35:14.131,0.81484,0.81505,1.12,1.00
2017.01.09 19:35:19.106,0.81485,0.81505,1.00,1.00
2017.01.09 19:35:19.967,0.81484,0.81505,1.12,1.00
2017.01.09 19:35:20.682,0.81487,0.81505,1.00,1.00
2017.01.09 19:35:20.985,0.81489,0.8151,1.00,2.25
2017.01.09 19:35:21.035,0.81489,0.81505,1.00,1.00
2017.01.09 19:35:21.991,0.81488,0.8151,1.50,1.50
2017.01.09 19:35:22.041,0.81491,0.8151,1.00,1.00
2017.01.09 19:35:22.320,0.81489,0.8151,1.12,1.00
2017.01.09 19:35:23.322,0.8149,0.8151,1.00,1.00
2017.01.09 19:35:23.373,0.81491,0.81505,1.00,1.00
2017.01.09 19:35:23.474,0.81492,0.81514,1.00,1.75
2017.01.09 19:35:23.525,0.81492,0.8151,1.00,1.00
2017.01.09 19:35:23.593,0.8149,0.8151,1.00,1.00
2017.01.09 19:35:23.644,0.8149,0.81506,1.37,1.00
2017.01.09 19:35:23.895,0.81487,0.81506,1.50,1.00
2017.01.09 19:35:24.680,0.81486,0.81508,1.12,1.00
2017.01.09 19:35:24.731,0.81488,0.81509,1.00,1.12
2017.01.09 19:35:25.493,0.81489,0.8151,1.12,1.00
2017.01.09 19:35:29.121,0.81493,0.8151,1.00,1.00
2017.01.09 19:35:30.315,0.8149,0.8151,1.75,1.00
2017.01.09 19:35:30.466,0.8149,0.81514,2.25,1.00
2017.01.09 19:35:30.668,0.81491,0.8151,1.50,1.00
2017.01.09 19:35:31.194,0.81493,0.8151,1.00,1.00
2017.01.09 19:35:32.026,0.81493,0.81514,1.00,1.00
2017.01.09 19:35:33.994,0.81493,0.81515,1.00,1.87
2017.01.09 19:35:34.166,0.81493,0.8151,1.00,1.00
2017.01.09 19:35:34.470,0.81491,0.81505,1.50,1.00
2017.01.09 19:35:34.902,0.81492,0.8151,1.12,1.00
2017.01.09 19:35:35.204,0.81493,0.81514,1.00,1.00
2017.01.09 19:35:35.617,0.81493,0.81511,1.00,1.00
2017.01.09 19:35:36.148,0.81492,0.81511,1.12,1.00
2017.01.09 19:35:36.708,0.81493,0.81511,1.00,1.00
2017.01.09 19:35:37.054,0.81496,0.81511,1.00,1.00
2017.01.09 19:35:37.306,0.81496,0.81515,1.00,1.12
2017.01.09 19:35:37.357,0.81494,0.81515,1.00,1.87
2017.01.09 19:35:37.458,0.81491,0.8151,1.50,1.00
2017.01.09 19:35:38.146,0.81491,0.8151,1.00,1.00
2017.01.09 19:35:40.637,0.8149,0.8151,1.12,1.00
2017.01.09 19:35:44.818,0.81491,0.8151,1.00,1.00
2017.01.09 19:35:44.969,0.81492,0.81514,1.00,1.75
2017.01.09 19:35:45.045,0.81494,0.81515,1.12,1.87
2017.01.09 19:35:45.156,0.81494,0.81515,1.12,1.50
2017.01.09 19:35:45.800,0.81495,0.81515,1.00,1.00
2017.01.09 19:35:47.973,0.81494,0.81515,1.12,1.00
2017.01.09 19:35:48.258,0.81493,0.81511,1.50,1.00
2017.01.09 19:35:53.762,0.81494,0.8151,1.12,1.00
2017.01.09 19:35:54.045,0.81494,0.81515,1.12,1.00
2017.01.09 19:35:54.714,0.81492,0.81514,1.75,1.00
2017.01.09 19:35:55.940,0.81492,0.81513,1.75,1.00
2017.01.09 19:35:55.991,0.81491,0.8151,1.37,1.00
2017.01.09 19:35:56.142,0.81491,0.8151,1.12,1.00
2017.01.09 19:35:56.344,0.81488,0.8151,1.12,1.50
2017.01.09 19:35:57.197,0.81488,0.81509,1.12,1.00
2017.01.09 19:35:59.171,0.81488,0.8151,1.12,1.50
2017.01.09 19:36:01.118,0.81489,0.8151,1.00,1.00
2017.01.09 19:36:01.169,0.81491,0.8151,1.00,1.00
2017.01.09 19:36:05.896,0.81491,0.81505,1.00,1.00
2017.01.09 19:36:05.997,0.81491,0.8151,1.00,1.00
2017.01.09 19:36:07.031,0.81492,0.8151,1.00,1.00
2017.01.09 19:36:13.846,0.81495,0.81515,1.00,1.75
2017.01.09 19:36:14.800,0.81496,0.81515,1.00,1.75
2017.01.09 19:36:18.713,0.81495,0.81515,1.00,1.37
2017.01.09 19:36:19.116,0.81497,0.81515,1.00,1.00
2017.01.09 19:36:19.956,0.81496,0.81515,1.00,1.00
2017.01.09 19:36:20.543,0.81495,0.81515,1.00,1.00
2017.01.09 19:36:21.173,0.81493,0.81515,1.37,1.00
2017.01.09 19:36:22.149,0.81496,0.81515,1.00,1.00
2017.01.09 19:36:22.250,0.81496,0.81519,1.00,1.50
2017.01.09 19:36:22.351,0.81496,0.81515,1.00,1.00
2017.01.09 19:36:22.755,0.81494,0.81515,1.12,1.00
2017.01.09 19:36:22.919,0.81494,0.8151,1.12,1.00
2017.01.09 19:36:23.322,0.81492,0.8151,1.00,1.00
2017.01.09 19:36:23.636,0.81494,0.8151,1.00,1.00
2017.01.09 19:36:25.483,0.81494,0.8151,1.50,1.00
2017.01.09 19:36:26.428,0.81496,0.8151,1.00,1.00
2017.01.09 19:36:26.479,0.81496,0.81515,1.00,1.00
2017.01.09 19:36:27.053,0.81495,0.81515,1.12,1.00
2017.01.09 19:36:27.506,0.81493,0.8151,1.75,1.00
2017.01.09 19:36:27.852,0.81492,0.81513,1.75,1.00
2017.01.09 19:36:27.972,0.81492,0.81511,1.37,1.00
2017.01.09 19:36:28.023,0.81492,0.81513,1.00,1.12
2017.01.09 19:36:28.714,0.81492,0.8151,1.00,1.00
2017.01.09 19:36:29.218,0.81491,0.8151,1.00,1.00
2017.01.09 19:36:30.678,0.81491,0.81511,1.00,1.00
2017.01.09 19:36:31.992,0.81491,0.8151,1.00,1.00
2017.01.09 19:36:32.481,0.81487,0.81508,1.75,1.00
2017.01.09 19:36:32.553,0.81485,0.81507,2.25,1.00
2017.01.09 19:36:32.704,0.81485,0.81507,1.50,1.50
2017.01.09 19:36:33.334,0.81486,0.81508,1.00,1.75
2017.01.09 19:36:34.123,0.81487,0.81509,1.00,1.75
2017.01.09 19:36:37.534,0.8149,0.8151,1.00,1.75
2017.01.09 19:36:37.685,0.8149,0.8151,1.00,1.50
2017.01.09 19:36:38.485,0.81489,0.8151,1.00,1.50
2017.01.09 19:36:39.309,0.8149,0.8151,1.00,2.25
2017.01.09 19:36:40.859,0.8149,0.81505,1.00,1.00
2017.01.09 19:36:41.117,0.8149,0.8151,1.50,1.50
2017.01.09 19:36:42.669,0.81491,0.8151,1.00,1.50
2017.01.09 19:36:43.195,0.81492,0.8151,1.00,1.00
2017.01.09 19:36:43.740,0.81493,0.8151,1.00,1.00
2017.01.09 19:36:44.269,0.81492,0.8151,1.00,1.00
2017.01.09 19:36:44.802,0.81492,0.81514,1.00,1.75
2017.01.09 19:36:47.458,0.81489,0.8151,1.12,1.00
2017.01.09 19:36:48.223,0.8149,0.81511,1.00,1.87
2017.01.09 19:36:52.092,0.81488,0.81509,1.50,1.00
2017.01.09 19:36:52.438,0.8149,0.8151,1.87,1.00
2017.01.09 19:36:53.014,0.8149,0.8151,1.50,1.00
2017.01.09 19:36:58.200,0.81489,0.81505,1.12,1.00
2017.01.09 19:36:58.301,0.81486,0.81507,1.75,1.00
2017.01.09 19:36:58.402,0.81486,0.81505,1.12,1.00
2017.01.09 19:36:58.918,0.81485,0.81505,1.00,1.00
2017.01.09 19:36:59.252,0.81486,0.81507,1.37,1.12
2017.01.09 19:36:59.353,0.81486,0.81509,1.50,1.12
2017.01.09 19:37:00.696,0.81489,0.8151,1.00,2.25
2017.01.09 19:37:01.112,0.81487,0.81508,1.12,1.00
2017.01.09 19:37:01.624,0.81488,0.8151,1.00,1.50
2017.01.09 19:37:02.524,0.8149,0.8151,1.00,1.50
2017.01.09 19:37:05.043,0.81489,0.8151,1.00,2.25
2017.01.09 19:37:05.490,0.81491,0.81512,1.00,1.75
2017.01.09 19:37:05.691,0.81491,0.81512,1.00,1.12
2017.01.09 19:37:06.411,0.81492,0.81513,1.00,1.50
2017.01.09 19:37:07.037,0.8149,0.81511,1.00,1.50
2017.01.09 19:37:07.558,0.8149,0.8151,1.50,1.00
2017.01.09 19:37:09.003,0.81491,0.8151,1.00,1.00
2017.01.09 19:37:09.548,0.8149,0.8151,1.00,1.50
2017.01.09 19:37:10.131,0.81491,0.8151,1.00,1.00
2017.01.09 19:37:10.816,0.81492,0.8151,1.00,1.00
2017.01.09 19:37:14.270,0.81491,0.8151,1.00,1.00
2017.01.09 19:37:14.797,0.81493,0.8151,1.00,1.00
2017.01.09 19:37:19.546,0.81493,0.81513,1.00,1.50
2017.01.09 19:37:22.432,0.81492,0.81513,1.00,2.25
2017.01.09 19:37:22.483,0.8149,0.8151,1.00,1.50
2017.01.09 19:37:23.818,0.81486,0.81506,1.75,1.00
2017.01.09 19:37:24.121,0.81481,0.81502,1.75,1.00
2017.01.09 19:37:24.172,0.81486,0.81505,1.00,1.00
2017.01.09 19:37:24.273,0.81486,0.81507,1.00,1.12
2017.01.09 19:37:24.436,0.81486,0.81507,1.75,1.00
2017.01.09 19:37:27.182,0.81487,0.81508,1.50,1.50
2017.01.09 19:37:30.145,0.81488,0.81509,1.12,1.50
2017.01.09 19:37:30.668,0.81488,0.81508,1.12,1.00
2017.01.09 19:37:35.664,0.81488,0.81509,1.12,1.50
2017.01.09 19:37:36.173,0.81488,0.81508,1.12,1.00
2017.01.09 19:37:37.006,0.81488,0.81509,1.12,1.50
2017.01.09 19:37:37.535,0.81487,0.81508,1.50,1.50
2017.01.09 19:37:39.434,0.81487,0.81508,1.00,1.50
2017.01.09 19:37:40.355,0.81488,0.81508,1.00,1.00
2017.01.09 19:37:40.825,0.8149,0.8151,1.00,1.50
2017.01.09 19:37:41.595,0.8149,0.81511,1.00,2.25
2017.01.09 19:37:42.503,0.8149,0.8151,1.00,1.00
2017.01.09 19:37:45.256,0.81489,0.8151,1.12,1.50
2017.01.09 19:37:48.791,0.81492,0.8151,1.00,1.00
2017.01.09 19:37:48.997,0.81492,0.81512,1.00,1.12
2017.01.09 19:37:49.998,0.81492,0.8151,1.00,1.00
2017.01.09 19:37:52.184,0.81492,0.81512,1.00,1.12
2017.01.09 19:37:52.235,0.81494,0.81514,1.00,1.75
2017.01.09 19:37:52.286,0.81493,0.81514,1.00,1.87
2017.01.09 19:37:52.487,0.81493,0.81512,1.00,1.00
2017.01.09 19:37:52.538,0.81493,0.81514,1.00,1.87
2017.01.09 19:37:53.207,0.81492,0.81513,1.12,1.00
2017.01.09 19:37:59.115,0.8149,0.81511,2.25,1.00
2017.01.09 19:37:59.317,0.81487,0.81508,1.12,1.00
2017.01.09 19:37:59.519,0.81487,0.81507,1.00,1.50
2017.01.09 19:38:03.168,0.81485,0.81508,1.50,2.25
2017.01.09 19:38:04.934,0.81485,0.81505,1.00,1.00
2017.01.09 19:38:05.287,0.81487,0.81507,1.00,1.50
2017.01.09 19:38:06.276,0.81486,0.81507,1.00,2.25
2017.01.09 19:38:07.476,0.81485,0.81505,1.00,1.00
2017.01.09 19:38:07.887,0.81484,0.81504,1.00,1.37
2017.01.09 19:38:08.783,0.81483,0.81504,1.00,2.25
2017.01.09 19:38:10.719,0.81485,0.81505,1.00,2.25
2017.01.09 19:38:11.021,0.81487,0.81505,1.00,1.00
2017.01.09 19:38:12.163,0.81487,0.81506,1.00,1.00
2017.01.09 19:38:12.733,0.81487,0.81505,1.00,1.00
2017.01.09 19:38:12.977,0.81485,0.81505,1.00,1.50
2017.01.09 19:38:13.516,0.81484,0.81504,1.00,1.00
2017.01.09 19:38:17.813,0.81482,0.81503,1.37,1.12
2017.01.09 19:38:18.609,0.81482,0.81502,1.00,1.00
2017.01.09 19:38:19.325,0.81481,0.81502,1.00,1.50
2017.01.09 19:38:21.028,0.81481,0.815,1.00,1.00
2017.01.09 19:38:21.716,0.8148,0.815,1.12,1.00
2017.01.09 19:38:24.529,0.81477,0.81498,1.75,1.00
2017.01.09 19:38:24.731,0.8148,0.815,1.00,1.87
2017.01.09 19:38:25.222,0.81484,0.81505,1.37,2.62
2017.01.09 19:38:28.392,0.81484,0.81505,1.00,2.62
2017.01.09 19:38:28.493,0.81483,0.81503,1.00,1.00
2017.01.09 19:38:28.544,0.81484,0.81505,1.00,1.87
2017.01.09 19:38:29.449,0.81486,0.81507,1.00,1.75
2017.01.09 19:38:29.752,0.8149,0.8151,1.00,1.75
2017.01.09 19:38:29.923,0.81487,0.81505,1.12,1.00
2017.01.09 19:38:30.164,0.81486,0.81509,1.00,4.12
2017.01.09 19:38:30.315,0.81486,0.81508,1.00,1.50
2017.01.09 19:38:30.851,0.81487,0.8151,1.00,1.75
2017.01.09 19:38:31.303,0.81486,0.81505,1.00,1.00
2017.01.09 19:38:31.404,0.81484,0.81505,1.12,1.00
2017.01.09 19:38:31.505,0.81487,0.81506,1.00,1.37
2017.01.09 19:38:31.811,0.81489,0.8151,1.00,1.75
2017.01.09 19:38:31.908,0.81489,0.8151,1.00,1.37
2017.01.09 19:38:32.009,0.8149,0.8151,1.00,1.00
2017.01.09 19:38:32.223,0.81486,0.8151,1.75,1.50
2017.01.09 19:38:32.274,0.81485,0.81505,1.75,1.00
2017.01.09 19:38:32.425,0.81484,0.81505,1.50,1.00
2017.01.09 19:38:32.602,0.81485,0.81508,1.00,1.50
2017.01.09 19:38:32.652,0.81487,0.81505,1.00,1.00
2017.01.09 19:38:32.832,0.81485,0.81505,1.00,1.00
2017.01.09 19:38:33.619,0.81484,0.81505,1.50,1.00
2017.01.09 19:38:34.142,0.81485,0.81505,1.00,1.00
2017.01.09 19:38:36.439,0.81484,0.81505,1.50,1.00
2017.01.09 19:38:37.400,0.81485,0.81505,1.00,1.00
2017.01.09 19:38:39.400,0.81486,0.81505,1.00,1.00
2017.01.09 19:38:40.192,0.81485,0.81505,1.00,1.00
2017.01.09 19:38:40.723,0.81484,0.81505,1.50,1.00
2017.01.09 19:38:40.824,0.81481,0.815,1.75,1.00
2017.01.09 19:38:40.975,0.81481,0.815,1.00,1.00
2017.01.09 19:38:41.506,0.8148,0.815,1.12,1.00
2017.01.09 19:38:45.615,0.81476,0.81497,1.75,1.00
2017.01.09 19:38:45.666,0.81476,0.81497,1.12,1.00
2017.01.09 19:38:45.867,0.81475,0.81497,1.00,1.75
2017.01.09 19:38:47.579,0.81474,0.81495,1.00,1.87
2017.01.09 19:38:48.599,0.81475,0.81495,1.00,1.12
2017.01.09 19:38:48.700,0.81475,0.81498,1.87,1.12
2017.01.09 19:38:48.917,0.81475,0.81495,1.12,1.00
2017.01.09 19:38:50.759,0.81475,0.81496,1.87,1.00
2017.01.09 19:38:50.910,0.81476,0.81499,1.00,1.50
2017.01.09 19:38:50.961,0.81476,0.81496,1.00,1.00
2017.01.09 19:38:51.522,0.81475,0.81496,1.12,1.50
2017.01.09 19:38:51.825,0.81478,0.8149,1.12,1.00
2017.01.09 19:38:51.976,0.8147,0.8149,1.75,1.00
2017.01.09 19:38:52.182,0.8147,0.8149,1.50,1.12
2017.01.09 19:38:53.457,0.81471,0.8149,1.00,1.00
2017.01.09 19:38:59.100,0.81472,0.8149,1.00,1.00
2017.01.09 19:38:59.251,0.81476,0.81493,1.00,1.50
2017.01.09 19:38:59.503,0.81478,0.81498,1.00,1.87
2017.01.09 19:39:00.014,0.81478,0.81498,1.00,1.50
2017.01.09 19:39:00.115,0.81476,0.81497,1.12,1.00
2017.01.09 19:39:00.217,0.81475,0.81495,1.50,1.00
2017.01.09 19:39:00.620,0.81475,0.81493,1.00,1.00
2017.01.09 19:39:01.169,0.81473,0.81493,1.12,1.00
2017.01.09 19:39:04.415,0.81472,0.81495,1.50,1.50
2017.01.09 19:39:04.518,0.81475,0.81495,1.00,1.00
2017.01.09 19:39:05.289,0.81476,0.81497,1.00,1.50
2017.01.09 19:39:05.591,0.81478,0.81498,1.12,1.00
2017.01.09 19:39:08.693,0.81478,0.81499,1.12,1.50
2017.01.09 19:39:09.633,0.81478,0.81498,1.12,1.00
2017.01.09 19:39:13.219,0.81478,0.81497,1.12,1.00
2017.01.09 19:39:13.869,0.81477,0.81497,1.12,1.12
2017.01.09 19:39:14.514,0.81478,0.81497,1.00,1.12
2017.01.09 19:39:15.086,0.81477,0.81497,1.00,1.87
2017.01.09 19:39:15.165,0.81474,0.81495,1.12,1.00
2017.01.09 19:39:15.943,0.81475,0.81495,1.00,1.50
2017.01.09 19:39:15.994,0.81475,0.81493,1.00,1.00
2017.01.09 19:39:16.605,0.81475,0.81494,1.00,1.00
2017.01.09 19:39:17.537,0.81474,0.81493,1.12,1.00
2017.01.09 19:39:18.333,0.81475,0.81493,1.00,1.00
2017.01.09 19:39:18.384,0.81477,0.81496,1.00,1.00
2017.01.09 19:39:18.906,0.81477,0.81497,1.00,1.12
2017.01.09 19:39:19.652,0.81477,0.81496,1.00,1.00
2017.01.09 19:39:21.713,0.81476,0.81496,1.00,1.00
2017.01.09 19:39:21.816,0.81475,0.81494,1.00,1.00
2017.01.09 19:39:22.847,0.81474,0.81494,1.12,1.00
2017.01.09 19:39:23.256,0.81473,0.81492,1.50,1.00
2017.01.09 19:39:24.186,0.81473,0.81492,1.00,1.00
2017.01.09 19:39:28.682,0.81473,0.81493,1.00,1.50
2017.01.09 19:39:34.395,0.81473,0.81494,1.00,1.87
2017.01.09 19:39:34.913,0.81474,0.81495,1.00,2.25
2017.01.09 19:39:35.223,0.8147,0.8149,1.75,1.50
2017.01.09 19:39:35.475,0.81467,0.81488,1.50,1.50
2017.01.09 19:39:35.576,0.81465,0.81486,1.87,1.00
2017.01.09 19:39:36.123,0.81468,0.8149,1.00,3.00
2017.01.09 19:39:36.354,0.81468,0.8149,1.75,2.25
2017.01.09 19:39:36.405,0.81466,0.81487,1.75,1.00
2017.01.09 19:39:36.455,0.81466,0.81487,1.75,1.00
2017.01.09 19:39:36.657,0.81466,0.81485,1.00,1.00
2017.01.09 19:39:37.214,0.81466,0.81488,1.00,1.75
2017.01.09 19:39:37.466,0.81466,0.81488,1.37,1.00
2017.01.09 19:39:37.603,0.81465,0.81485,1.50,1.00
2017.01.09 19:39:37.858,0.81465,0.81484,1.00,1.00
2017.01.09 19:39:38.391,0.81465,0.81486,1.00,1.12
2017.01.09 19:39:38.447,0.81467,0.81489,1.00,3.00
2017.01.09 19:39:38.699,0.8147,0.8149,1.00,1.12
2017.01.09 19:39:39.962,0.81469,0.81485,1.00,1.00
2017.01.09 19:39:40.265,0.8147,0.8149,1.00,1.37
2017.01.09 19:39:40.366,0.81465,0.81489,2.25,1.87
2017.01.09 19:39:40.463,0.81465,0.81489,2.25,1.50
2017.01.09 19:39:40.564,0.81465,0.81488,1.00,1.75
2017.01.09 19:39:41.991,0.81465,0.81485,1.50,1.00
2017.01.09 19:39:42.193,0.8146,0.8148,1.75,1.00
2017.01.09 19:39:42.294,0.8146,0.8148,1.50,1.50
2017.01.09 19:39:42.445,0.81456,0.81479,1.75,1.00
2017.01.09 19:39:42.690,0.8146,0.81481,1.00,1.87
2017.01.09 19:39:43.201,0.8146,0.8148,1.00,1.00
2017.01.09 19:39:43.453,0.81465,0.81483,1.00,1.75
2017.01.09 19:39:45.368,0.81462,0.81482,1.00,1.50
2017.01.09 19:39:45.469,0.81465,0.81485,1.00,2.25
2017.01.09 19:39:45.570,0.81465,0.81485,1.00,2.25
2017.01.09 19:39:45.784,0.81465,0.81485,1.00,1.50
2017.01.09 19:39:48.416,0.81464,0.81485,1.87,1.00
2017.01.09 19:39:48.618,0.81466,0.81485,1.00,1.00
2017.01.09 19:39:49.507,0.81465,0.81485,1.00,1.50
2017.01.09 19:39:50.438,0.81465,0.81488,1.00,1.50
2017.01.09 19:39:50.740,0.81471,0.8149,1.00,1.75
2017.01.09 19:39:50.936,0.81471,0.8149,1.00,1.00
2017.01.09 19:39:52.193,0.81473,0.81494,1.00,1.00
2017.01.09 19:39:52.278,0.81473,0.8149,1.00,1.00
2017.01.09 19:39:52.430,0.8147,0.8149,1.00,1.00
2017.01.09 19:39:52.530,0.8147,0.8149,1.75,1.00
2017.01.09 19:39:52.680,0.8147,0.8149,1.00,1.37
2017.01.09 19:39:52.907,0.81466,0.81485,1.12,1.00
2017.01.09 19:39:53.310,0.81464,0.81485,1.00,1.50
2017.01.09 19:39:54.040,0.81468,0.81485,1.00,1.50
2017.01.09 19:39:54.292,0.81468,0.8149,1.00,1.12
2017.01.09 19:39:56.327,0.81467,0.81489,1.12,1.00
2017.01.09 19:39:56.378,0.81465,0.81486,1.75,1.00
2017.01.09 19:39:56.529,0.81464,0.81485,1.12,1.00
2017.01.09 19:39:56.732,0.81464,0.81485,1.00,1.75
2017.01.09 19:39:57.344,0.81463,0.81485,1.00,2.25
2017.01.09 19:39:57.887,0.81464,0.81485,1.00,1.75
2017.01.09 19:40:01.661,0.81465,0.81485,1.00,1.75
2017.01.09 19:40:06.383,0.81464,0.81485,1.00,1.75
2017.01.09 19:40:06.728,0.81464,0.81482,1.00,2.25
2017.01.09 19:40:06.779,0.81461,0.8148,1.00,1.12
2017.01.09 19:40:07.114,0.81462,0.81483,1.00,1.00
2017.01.09 19:40:07.514,0.81465,0.81483,1.00,1.00
2017.01.09 19:40:08.032,0.81464,0.81485,1.00,2.25
2017.01.09 19:40:08.159,0.81462,0.81484,1.00,1.12
2017.01.09 19:40:09.263,0.81461,0.81484,1.12,1.12
2017.01.09 19:40:10.448,0.81463,0.81484,1.00,1.12
2017.01.09 19:40:11.413,0.81462,0.81483,1.00,1.00
2017.01.09 19:40:13.929,0.81463,0.81483,1.00,1.00
2017.01.09 19:40:14.960,0.81463,0.81484,1.00,1.12
2017.01.09 19:40:15.935,0.81463,0.81483,1.00,1.00
2017.01.09 19:40:18.166,0.81463,0.81484,1.00,1.12
2017.01.09 19:40:19.297,0.8146,0.81483,2.25,1.00
2017.01.09 19:40:19.467,0.81465,0.81485,1.00,2.25
2017.01.09 19:40:19.568,0.81463,0.81485,1.00,2.25
2017.01.09 19:40:19.669,0.81461,0.81484,1.12,1.12
2017.01.09 19:40:19.720,0.81461,0.81481,1.12,1.00
2017.01.09 19:40:19.821,0.81462,0.81483,1.00,1.00
2017.01.09 19:40:19.902,0.81465,0.81483,1.00,1.00
2017.01.09 19:40:20.053,0.81465,0.81486,1.87,1.37
2017.01.09 19:40:20.617,0.81465,0.81486,1.87,1.00
2017.01.09 19:40:21.120,0.81466,0.81485,1.00,1.00
2017.01.09 19:40:21.627,0.81464,0.81485,1.50,1.50
2017.01.09 19:40:22.125,0.81465,0.81488,1.87,1.87
2017.01.09 19:40:22.327,0.81465,0.81485,1.12,1.00
2017.01.09 19:40:23.427,0.81465,0.81484,1.12,1.00
2017.01.09 19:40:24.824,0.81465,0.81485,1.12,1.50
2017.01.09 19:40:25.333,0.81465,0.81486,1.12,1.00
2017.01.09 19:40:26.176,0.81466,0.81487,1.00,1.00
2017.01.09 19:40:27.312,0.81465,0.81485,1.12,1.00
2017.01.09 19:40:34.626,0.81468,0.81488,1.00,1.12
2017.01.09 19:40:34.928,0.8147,0.8149,1.12,1.50
2017.01.09 19:40:36.494,0.81466,0.81485,1.75,1.00
2017.01.09 19:40:36.695,0.81463,0.81484,1.75,1.00
2017.01.09 19:40:36.860,0.81462,0.8148,1.50,1.00
2017.01.09 19:40:36.910,0.81462,0.8148,1.50,1.00
2017.01.09 19:40:37.061,0.81462,0.81482,1.50,1.00
2017.01.09 19:40:37.789,0.8146,0.81483,2.25,1.00
2017.01.09 19:40:38.353,0.81464,0.81484,1.00,1.00
2017.01.09 19:40:39.126,0.81461,0.81484,1.75,1.00
2017.01.09 19:40:39.669,0.81461,0.81483,1.75,1.00
2017.01.09 19:40:40.658,0.81461,0.81482,1.75,1.00
2017.01.09 19:40:43.114,0.8146,0.81481,2.25,1.00
2017.01.09 19:40:43.315,0.8146,0.81479,1.37,1.00
2017.01.09 19:40:43.416,0.8146,0.81478,1.12,1.00
2017.01.09 19:40:43.572,0.8146,0.8148,1.12,1.50
2017.01.09 19:40:44.692,0.8146,0.81479,1.12,1.00
2017.01.09 19:40:45.246,0.8146,0.81478,1.00,1.00
2017.01.09 19:40:45.768,0.81461,0.81481,1.00,1.37
2017.01.09 19:40:45.839,0.81461,0.81481,1.00,1.00
2017.01.09 19:40:46.465,0.8146,0.8148,1.12,1.50
2017.01.09 19:40:46.516,0.81461,0.81482,1.00,1.00
2017.01.09 19:40:46.920,0.81465,0.81483,1.00,1.00
2017.01.09 19:40:47.664,0.81465,0.81484,1.00,1.12
2017.01.09 19:40:48.338,0.81462,0.8148,1.00,1.00
2017.01.09 19:40:49.162,0.81461,0.81484,1.00,1.12
2017.01.09 19:40:49.212,0.81461,0.81482,1.00,1.00
2017.01.09 19:40:49.515,0.8146,0.8148,1.87,1.00
2017.01.09 19:41:03.542,0.81461,0.8148,1.00,1.00
2017.01.09 19:41:04.532,0.81462,0.8148,1.00,1.00
2017.01.09 19:41:04.962,0.81462,0.81482,1.00,1.00
2017.01.09 19:41:05.163,0.81459,0.8148,1.75,1.00
2017.01.09 19:41:06.227,0.81462,0.81482,1.00,1.00
2017.01.09 19:41:06.321,0.81464,0.81485,1.00,2.25
2017.01.09 19:41:06.718,0.81466,0.81485,1.00,1.00
2017.01.09 19:41:07.468,0.81465,0.81485,1.50,1.00
2017.01.09 19:41:07.905,0.81469,0.81489,1.00,1.75
2017.01.09 19:41:08.157,0.81469,0.81489,1.37,1.00
2017.01.09 19:41:08.644,0.81467,0.81489,1.12,1.12
2017.01.09 19:41:08.927,0.81466,0.81487,1.50,1.00
2017.01.09 19:41:09.230,0.81462,0.81483,1.50,1.00
2017.01.09 19:41:09.280,0.81462,0.81483,1.50,1.00
2017.01.09 19:41:09.499,0.81465,0.81485,1.00,1.00
2017.01.09 19:41:11.048,0.81466,0.81485,1.00,1.00
2017.01.09 19:41:12.516,0.81465,0.81485,1.50,1.00
2017.01.09 19:41:13.517,0.81466,0.81485,1.00,1.00
2017.01.09 19:41:14.425,0.81468,0.8149,1.00,1.75
2017.01.09 19:41:14.580,0.8147,0.8149,1.00,1.12
2017.01.09 19:41:14.795,0.81468,0.81489,1.12,1.00
2017.01.09 19:41:15.244,0.81469,0.81485,1.00,1.00
2017.01.09 19:41:15.439,0.81468,0.81489,1.12,1.00
2017.01.09 19:41:15.489,0.81465,0.81485,1.75,1.00
2017.01.09 19:41:15.781,0.81465,0.81489,1.00,1.50
2017.01.09 19:41:16.446,0.81466,0.81488,1.00,1.12
2017.01.09 19:41:16.965,0.81466,0.81487,1.00,1.00
2017.01.09 19:41:17.109,0.81463,0.81485,1.50,1.00
2017.01.09 19:41:17.612,0.81465,0.81486,1.00,1.00
2017.01.09 19:41:18.124,0.81465,0.81485,1.00,1.00
2017.01.09 19:41:21.228,0.81466,0.81485,1.00,1.00
2017.01.09 19:41:21.322,0.81464,0.81485,1.12,1.00
2017.01.09 19:41:21.489,0.81466,0.81487,1.00,1.00
2017.01.09 19:41:21.825,0.81462,0.81485,1.75,1.50
2017.01.09 19:41:22.084,0.8146,0.81483,1.00,1.50
2017.01.09 19:41:22.185,0.81462,0.81484,1.00,1.50
2017.01.09 19:41:22.655,0.81465,0.81485,1.12,1.00
2017.01.09 19:41:23.277,0.81462,0.81484,1.75,1.00
2017.01.09 19:41:23.479,0.81461,0.81483,1.50,1.00
2017.01.09 19:41:23.816,0.8146,0.81481,2.25,1.00
2017.01.09 19:41:24.875,0.8146,0.81482,2.25,1.00
2017.01.09 19:41:25.894,0.8146,0.81481,2.25,1.00
2017.01.09 19:41:26.198,0.8146,0.8148,1.00,2.25
2017.01.09 19:41:26.623,0.8146,0.8148,2.25,1.00
2017.01.09 19:41:29.388,0.81465,0.81482,1.00,1.50
2017.01.09 19:41:29.438,0.81461,0.81482,1.12,1.00
2017.01.09 19:41:29.489,0.81463,0.81482,1.00,1.00
2017.01.09 19:41:29.791,0.81461,0.8148,1.12,1.00
2017.01.09 19:41:30.504,0.8146,0.8148,1.00,1.87
2017.01.09 19:41:31.177,0.8146,0.81479,1.00,1.00
2017.01.09 19:41:31.721,0.8146,0.81478,1.00,1.00
2017.01.09 19:41:34.071,0.81458,0.81475,1.00,1.00
2017.01.09 19:41:34.655,0.8146,0.81478,1.00,1.00
2017.01.09 19:41:35.728,0.8146,0.81477,1.00,1.00
2017.01.09 19:41:36.565,0.81456,0.81475,1.50,1.00
2017.01.09 19:41:42.105,0.81453,0.81474,1.50,1.00
2017.01.09 19:41:42.155,0.81456,0.81475,1.00,1.00
2017.01.09 19:41:44.123,0.81454,0.81475,1.00,1.00
2017.01.09 19:41:45.137,0.81456,0.81475,1.00,1.00
2017.01.09 19:41:45.999,0.81457,0.81475,1.00,1.00
2017.01.09 19:41:46.720,0.81457,0.81475,1.50,1.00
2017.01.09 19:41:47.150,0.81455,0.81474,1.00,1.00
2017.01.09 19:41:47.666,0.81455,0.81473,1.00,1.00
2017.01.09 19:41:47.877,0.81455,0.81475,1.50,1.00
2017.01.09 19:41:48.387,0.81455,0.81476,1.50,1.00
2017.01.09 19:41:48.538,0.81457,0.81477,1.00,1.00
2017.01.09 19:41:48.703,0.81458,0.81479,1.00,1.00
2017.01.09 19:41:49.152,0.81457,0.81477,1.50,1.00
2017.01.09 19:41:49.741,0.81458,0.81478,1.00,1.00
2017.01.09 19:41:50.076,0.81457,0.81475,1.50,1.00
2017.01.09 19:41:50.522,0.81455,0.81475,1.50,1.00
2017.01.09 19:41:51.228,0.81455,0.8147,1.00,1.00
2017.01.09 19:41:51.956,0.81454,0.8147,1.50,1.00
2017.01.09 19:41:52.258,0.8145,0.8147,1.50,1.00
2017.01.09 19:41:53.158,0.8145,0.8147,1.00,1.00
2017.01.09 19:41:53.209,0.81452,0.8147,1.00,1.00
2017.01.09 19:41:53.729,0.81451,0.8147,1.00,1.00
2017.01.09 19:41:58.822,0.81452,0.8147,1.00,1.00
2017.01.09 19:41:59.371,0.81452,0.81471,1.00,1.12
2017.01.09 19:41:59.484,0.8145,0.81471,1.00,1.12
2017.01.09 19:42:00.037,0.8145,0.8147,1.00,1.00
2017.01.09 19:42:02.882,0.81448,0.81469,1.50,1.00
2017.01.09 19:42:02.933,0.81449,0.81465,1.12,1.00
2017.01.09 19:42:03.185,0.81447,0.81466,1.00,1.00
2017.01.09 19:42:04.716,0.81447,0.81465,1.00,1.00
2017.01.09 19:42:05.955,0.81447,0.8146,1.00,1.00
2017.01.09 19:42:06.723,0.81446,0.8146,1.00,1.00
2017.01.09 19:42:07.955,0.81446,0.81465,1.00,1.00
2017.01.09 19:42:14.919,0.81447,0.81465,1.00,1.00
2017.01.09 19:42:20.531,0.81448,0.8146,1.00,1.00
2017.01.09 19:42:20.683,0.81449,0.81466,1.00,1.00
2017.01.09 19:42:29.040,0.81449,0.81465,1.00,1.00
2017.01.09 19:42:33.278,0.81449,0.8147,1.00,1.50
2017.01.09 19:42:34.754,0.81449,0.81465,1.00,1.00
2017.01.09 19:42:34.855,0.81453,0.8147,1.00,1.00
2017.01.09 19:42:34.906,0.81455,0.81471,1.00,1.00
2017.01.09 19:42:35.566,0.81455,0.8147,1.00,1.00
2017.01.09 19:42:35.909,0.81457,0.8147,1.00,1.00
2017.01.09 19:42:36.451,0.81456,0.8147,1.00,1.00
2017.01.09 19:42:36.911,0.81454,0.8147,1.00,1.00
2017.01.09 19:42:40.773,0.81453,0.8147,1.00,1.00
2017.01.09 19:42:41.130,0.8145,0.81465,1.50,1.00
2017.01.09 19:42:41.331,0.8145,0.81465,1.00,1.00
2017.01.09 19:42:43.100,0.81453,0.81466,1.00,1.00
2017.01.09 19:42:44.039,0.81454,0.81466,1.00,1.00
2017.01.09 19:42:44.491,0.81454,0.8147,1.00,1.00
2017.01.09 19:42:48.515,0.81454,0.81466,1.00,1.00
2017.01.09 19:42:49.064,0.8145,0.81466,1.75,1.00
2017.01.09 19:42:49.115,0.8145,0.81466,1.00,1.00
2017.01.09 19:42:51.174,0.81449,0.81466,1.00,1.00
2017.01.09 19:42:57.601,0.8145,0.81466,1.00,1.00
2017.01.09 19:43:07.909,0.81452,0.81471,1.00,1.12
2017.01.09 19:43:07.959,0.81454,0.81475,1.00,2.02
2017.01.09 19:43:08.060,0.81454,0.81475,1.00,1.12
2017.01.09 19:43:09.435,0.81451,0.8147,1.75,1.00
2017.01.09 19:43:09.536,0.81449,0.8147,1.12,1.50
2017.01.09 19:43:09.637,0.81451,0.81471,1.00,1.50
2017.01.09 19:43:09.939,0.81451,0.81471,1.00,1.00
2017.01.09 19:43:10.057,0.81454,0.81475,1.00,1.50
2017.01.09 19:43:10.465,0.81456,0.81475,1.00,1.50
2017.01.09 19:43:11.178,0.81457,0.81475,1.00,1.00
2017.01.09 19:43:11.629,0.81457,0.81478,1.00,1.12
2017.01.09 19:43:12.523,0.81456,0.81477,1.00,1.00
2017.01.09 19:43:12.574,0.81455,0.81475,1.87,1.00
2017.01.09 19:43:12.924,0.81454,0.8147,1.00,1.00
2017.01.09 19:43:13.522,0.81455,0.81474,1.00,1.00
2017.01.09 19:43:14.072,0.81455,0.81473,1.00,1.00
2017.01.09 19:43:14.576,0.81453,0.8147,1.00,1.00
2017.01.09 19:43:14.754,0.81454,0.81474,1.00,1.00
2017.01.09 19:43:14.880,0.81453,0.8147,1.00,1.00
2017.01.09 19:43:18.756,0.81453,0.81474,1.00,1.00
2017.01.09 19:43:19.828,0.81454,0.81474,1.00,1.00
2017.01.09 19:43:20.929,0.81454,0.8147,1.00,1.00
2017.01.09 19:43:21.030,0.81452,0.8147,1.12,1.00
2017.01.09 19:43:21.991,0.81451,0.8147,1.00,1.00
2017.01.09 19:43:22.556,0.8145,0.8147,1.87,1.50
2017.01.09 19:43:26.230,0.8145,0.81465,1.12,1.00
2017.01.09 19:43:26.328,0.81449,0.81469,1.50,1.00
2017.01.09 19:43:26.564,0.81448,0.81468,1.00,1.12
2017.01.09 19:43:27.069,0.81449,0.81469,1.00,1.50
2017.01.09 19:43:27.248,0.8145,0.8147,1.00,1.00
2017.01.09 19:43:27.501,0.8145,0.8147,1.00,1.75
2017.01.09 19:43:27.663,0.81446,0.81467,1.12,1.00
2017.01.09 19:43:27.828,0.81446,0.81465,1.12,1.00
2017.01.09 19:43:28.893,0.81447,0.81465,1.00,1.12
2017.01.09 19:43:29.888,0.81446,0.81465,1.00,1.12
2017.01.09 19:43:31.925,0.81445,0.81465,1.00,1.12
2017.01.09 19:43:32.293,0.81443,0.81465,1.12,1.87
2017.01.09 19:43:32.344,0.81443,0.81463,1.12,1.00
2017.01.09 19:43:32.669,0.81443,0.8146,1.12,1.00
2017.01.09 19:43:33.684,0.81445,0.81465,1.00,1.87
2017.01.09 19:43:34.669,0.81446,0.81465,1.00,1.12
2017.01.09 19:43:35.141,0.81449,0.81465,1.00,1.12
2017.01.09 19:43:35.416,0.81449,0.8147,1.00,1.87
2017.01.09 19:43:35.467,0.81447,0.81469,1.12,1.00
2017.01.09 19:43:35.518,0.81447,0.81465,1.12,1.00
2017.01.09 19:43:35.720,0.81445,0.81465,1.00,1.00
2017.01.09 19:43:35.922,0.81448,0.81465,1.00,1.00
2017.01.09 19:43:36.226,0.81448,0.8147,1.00,2.25
2017.01.09 19:43:37.091,0.81449,0.8147,1.00,2.25
2017.01.09 19:43:37.636,0.8145,0.8147,1.00,1.50
2017.01.09 19:43:38.586,0.81451,0.8147,1.00,1.00
2017.01.09 19:43:39.093,0.81451,0.81471,1.00,1.50
2017.01.09 19:43:39.916,0.81451,0.8147,1.00,1.00
2017.01.09 19:43:40.295,0.81447,0.8147,1.75,1.50
2017.01.09 19:43:40.345,0.81447,0.81465,1.75,1.00
2017.01.09 19:43:40.589,0.81447,0.81465,1.00,1.00
2017.01.09 19:43:43.672,0.81448,0.81465,1.00,1.00
2017.01.09 19:43:44.021,0.81449,0.81469,1.00,1.12
2017.01.09 19:43:44.672,0.8145,0.8147,1.00,2.25
2017.01.09 19:43:45.227,0.8145,0.81465,1.00,1.00
2017.01.09 19:43:45.931,0.81449,0.81465,1.00,1.00
2017.01.09 19:43:46.442,0.81448,0.81465,1.00,1.00
2017.01.09 19:43:51.514,0.81445,0.81465,1.00,1.00
2017.01.09 19:43:51.565,0.81444,0.8146,1.12,1.00
2017.01.09 19:43:53.058,0.81443,0.8146,1.00,1.00
2017.01.09 19:43:53.707,0.81445,0.8146,1.00,1.00
2017.01.09 19:43:54.488,0.81447,0.8146,1.00,1.00
2017.01.09 19:43:54.538,0.81449,0.81465,1.00,1.50
2017.01.09 19:43:55.196,0.81449,0.81465,1.00,1.00
2017.01.09 19:44:06.446,0.81448,0.81465,1.00,1.00
2017.01.09 19:44:07.540,0.81445,0.81465,1.12,1.00
2017.01.09 19:44:07.591,0.81444,0.8146,1.50,1.00
2017.01.09 19:44:08.130,0.81444,0.8146,1.00,1.00
2017.01.09 19:44:08.502,0.81442,0.8146,1.00,1.00
2017.01.09 19:44:08.703,0.8144,0.81455,1.12,1.00
2017.01.09 19:44:08.857,0.8144,0.8146,1.00,2.25
2017.01.09 19:44:09.315,0.81443,0.8146,1.00,1.50
2017.01.09 19:44:09.466,0.81445,0.81465,1.00,1.75
2017.01.09 19:44:10.213,0.81444,0.8146,1.00,1.00
2017.01.09 19:44:15.201,0.81443,0.8146,1.00,1.00
2017.01.09 19:44:16.286,0.81444,0.8146,1.00,1.00
2017.01.09 19:44:21.301,0.81445,0.8146,1.00,1.00
2017.01.09 19:44:21.364,0.81446,0.81465,1.00,1.75
2017.01.09 19:44:21.465,0.81446,0.81465,1.00,1.12
2017.01.09 19:44:21.972,0.81444,0.81464,1.00,1.00
2017.01.09 19:44:22.848,0.81443,0.81464,1.12,1.00
2017.01.09 19:44:24.463,0.81443,0.81464,1.00,1.75
2017.01.09 19:44:26.645,0.81443,0.8146,1.00,1.00
2017.01.09 19:44:30.016,0.81443,0.81464,1.00,1.75
2017.01.09 19:44:34.103,0.81443,0.8146,1.00,1.00
2017.01.09 19:44:34.154,0.81441,0.8146,1.00,1.00
2017.01.09 19:44:34.690,0.8144,0.8146,1.00,1.87
2017.01.09 19:44:35.225,0.81439,0.8146,1.00,1.87
2017.01.09 19:44:35.276,0.81439,0.8146,1.00,2.25
2017.01.09 19:44:35.954,0.8144,0.8146,1.00,1.75
2017.01.09 19:44:36.106,0.8144,0.8146,1.00,1.12
2017.01.09 19:44:36.227,0.81442,0.8146,1.00,1.12
2017.01.09 19:44:37.349,0.81441,0.8146,1.00,1.12
2017.01.09 19:44:37.876,0.8144,0.8146,1.00,1.12
2017.01.09 19:44:38.379,0.81441,0.8146,1.00,1.12
2017.01.09 19:44:38.907,0.81442,0.8146,1.00,1.12
2017.01.09 19:44:39.811,0.81443,0.8146,1.00,1.12
2017.01.09 19:44:41.282,0.81443,0.81466,1.00,2.25
2017.01.09 19:44:41.381,0.81443,0.8146,1.00,1.00
2017.01.09 19:44:42.245,0.81444,0.8146,1.00,1.00
2017.01.09 19:44:43.856,0.81443,0.8146,1.00,1.00
2017.01.09 19:44:44.045,0.81441,0.8146,1.12,1.00
2017.01.09 19:44:44.860,0.8144,0.8146,1.00,1.00
2017.01.09 19:44:45.592,0.81442,0.8146,1.00,1.00
2017.01.09 19:44:46.007,0.81439,0.8146,1.00,1.00
2017.01.09 19:44:46.544,0.8144,0.8146,1.00,1.00
2017.01.09 19:44:49.770,0.81442,0.8146,1.00,1.00
2017.01.09 19:44:49.821,0.8144,0.8146,1.00,1.00
2017.01.09 19:44:50.034,0.81442,0.8146,1.00,1.00
2017.01.09 19:44:50.135,0.81439,0.8146,1.00,1.50
2017.01.09 19:44:50.771,0.81441,0.8146,1.00,1.00
2017.01.09 19:44:53.327,0.8144,0.8146,1.00,1.00
2017.01.09 19:44:57.572,0.81441,0.8146,1.00,1.00
2017.01.09 19:44:58.266,0.81441,0.81455,1.00,1.00
2017.01.09 19:44:58.616,0.8144,0.8145,1.00,1.00
2017.01.09 19:44:59.539,0.8144,0.81455,1.00,1.00
2017.01.09 19:45:01.762,0.81441,0.81455,1.00,1.00
2017.01.09 19:45:02.623,0.8144,0.81455,1.00,1.00
2017.01.09 19:45:02.674,0.8144,0.8145,1.00,1.00
2017.01.09 19:45:03.626,0.81439,0.81451,1.00,1.00
2017.01.09 19:45:04.087,0.81433,0.81451,1.75,1.00
2017.01.09 19:45:04.138,0.81432,0.81451,1.00,1.00
2017.01.09 19:45:04.340,0.81431,0.8145,1.00,1.50
2017.01.09 19:45:04.642,0.81435,0.8145,1.00,1.00
2017.01.09 19:45:05.335,0.81434,0.8145,1.00,1.00
2017.01.09 19:45:05.681,0.81432,0.8145,1.12,1.00
2017.01.09 19:45:06.283,0.81431,0.8145,1.00,1.00
2017.01.09 19:45:09.167,0.8143,0.8145,1.87,1.00
2017.01.09 19:45:10.136,0.81435,0.8145,1.00,1.00
2017.01.09 19:45:10.677,0.81435,0.81451,1.00,1.00
2017.01.09 19:45:11.182,0.81433,0.8145,1.00,1.00
2017.01.09 19:45:14.858,0.81433,0.81454,1.00,1.12
2017.01.09 19:45:15.022,0.81433,0.81451,1.00,1.00
2017.01.09 19:45:16.153,0.81434,0.81451,1.00,1.00
2017.01.09 19:45:16.733,0.81434,0.8145,1.00,1.00
2017.01.09 19:45:17.272,0.81433,0.8145,1.50,1.00
2017.01.09 19:45:17.574,0.81431,0.81445,1.50,1.00
2017.01.09 19:45:19.641,0.81431,0.81451,1.50,1.50
2017.01.09 19:45:20.879,0.81433,0.81451,1.00,1.00
2017.01.09 19:45:20.980,0.81433,0.81455,1.50,2.25
2017.01.09 19:45:21.131,0.81434,0.81454,1.00,1.75
2017.01.09 19:45:21.233,0.81435,0.81455,1.00,1.75
2017.01.09 19:45:21.325,0.81437,0.81455,1.00,1.37
2017.01.09 19:45:22.156,0.81438,0.81455,1.00,1.00
2017.01.09 19:45:23.399,0.81439,0.81455,1.00,1.00
2017.01.09 19:45:24.021,0.8144,0.81455,1.00,1.00
2017.01.09 19:45:24.904,0.81439,0.81455,1.50,1.00
2017.01.09 19:45:25.870,0.81439,0.8146,1.50,1.50
2017.01.09 19:45:25.921,0.81439,0.81455,1.00,1.00
2017.01.09 19:45:26.072,0.81439,0.81459,1.00,1.00
2017.01.09 19:45:26.123,0.81439,0.81455,1.00,1.00
2017.01.09 19:45:26.224,0.81438,0.81459,1.12,1.00
2017.01.09 19:45:26.369,0.81438,0.81459,1.00,1.75
2017.01.09 19:45:26.666,0.81436,0.81456,1.00,1.00
2017.01.09 19:45:27.046,0.81436,0.8145,1.00,1.00
2017.01.09 19:45:27.444,0.81438,0.81455,1.00,1.00
2017.01.09 19:45:27.745,0.8144,0.8146,1.50,1.75
2017.01.09 19:45:27.908,0.81442,0.8146,1.00,1.12
2017.01.09 19:45:28.009,0.81444,0.8146,1.00,1.12
2017.01.09 19:45:28.060,0.81444,0.81465,1.00,1.75
2017.01.09 19:45:28.111,0.81446,0.81466,1.00,1.75
2017.01.09 19:45:28.505,0.81448,0.8146,1.00,1.00
2017.01.09 19:45:28.946,0.81448,0.81465,1.00,1.00
2017.01.09 19:45:29.074,0.81448,0.8146,1.00,1.00
2017.01.09 19:45:29.415,0.81448,0.81465,1.00,1.00
2017.01.09 19:45:30.292,0.81447,0.81465,1.50,1.00
2017.01.09 19:45:30.875,0.81448,0.81465,1.00,1.00
2017.01.09 19:45:31.792,0.8145,0.81465,1.00,1.00
2017.01.09 19:45:31.874,0.81452,0.8147,1.00,1.75
2017.01.09 19:45:31.975,0.81453,0.81474,1.00,1.00
2017.01.09 19:45:32.378,0.81453,0.8147,1.00,1.00
2017.01.09 19:45:32.684,0.81446,0.81465,2.25,1.00
2017.01.09 19:45:33.725,0.81449,0.8147,1.00,1.75
2017.01.09 19:45:33.955,0.81449,0.81465,1.00,1.00
2017.01.09 19:45:35.241,0.81448,0.81465,1.50,1.00
2017.01.09 19:45:35.548,0.81453,0.8147,1.00,1.75
2017.01.09 19:45:35.700,0.81454,0.81475,1.00,2.25
2017.01.09 19:45:36.521,0.81452,0.81471,1.00,1.00
2017.01.09 19:45:37.076,0.81452,0.8147,1.00,1.00
2017.01.09 19:45:38.455,0.8145,0.8147,1.00,1.00
2017.01.09 19:45:38.506,0.81448,0.8147,1.12,1.50
2017.01.09 19:45:38.556,0.81448,0.81465,1.12,1.00
2017.01.09 19:45:38.607,0.81448,0.8147,1.12,1.50
2017.01.09 19:45:38.657,0.81448,0.81465,1.00,1.00
2017.01.09 19:45:39.075,0.81448,0.8147,1.00,2.25
2017.01.09 19:45:39.221,0.81451,0.8147,1.00,1.75
2017.01.09 19:45:39.524,0.81454,0.81471,1.00,1.00
2017.01.09 19:45:39.625,0.8145,0.8147,1.12,1.00
2017.01.09 19:45:39.776,0.81448,0.8147,1.00,2.25
2017.01.09 19:45:39.977,0.81446,0.81468,1.12,1.87
2017.01.09 19:45:40.168,0.81446,0.81468,1.00,1.87
2017.01.09 19:45:40.698,0.81445,0.81465,1.50,1.00
2017.01.09 19:45:41.076,0.8144,0.8146,1.50,1.00
2017.01.09 19:45:41.378,0.81444,0.8146,1.00,1.00
2017.01.09 19:45:42.334,0.81444,0.81463,1.00,1.00
2017.01.09 19:45:42.385,0.81445,0.8146,1.00,1.00
2017.01.09 19:45:43.369,0.81447,0.8146,1.00,1.00
2017.01.09 19:45:44.973,0.81447,0.81463,1.00,1.00
2017.01.09 19:45:45.202,0.8145,0.81463,1.00,1.00
2017.01.09 19:45:45.253,0.81447,0.81463,1.00,1.00
2017.01.09 19:45:45.304,0.81446,0.81465,1.00,1.12
2017.01.09 19:45:45.354,0.81448,0.81465,1.00,1.12
2017.01.09 19:45:45.606,0.81449,0.8147,1.00,1.00
2017.01.09 19:45:46.992,0.81449,0.8147,1.00,1.75
2017.01.09 19:45:47.911,0.81448,0.81469,1.00,1.50
2017.01.09 19:45:48.228,0.81448,0.81465,1.00,1.50
2017.01.09 19:45:48.379,0.81445,0.81465,1.00,1.50
2017.01.09 19:45:48.985,0.81444,0.81465,1.00,1.12
2017.01.09 19:45:49.186,0.81446,0.81465,1.00,1.12
2017.01.09 19:45:49.525,0.8145,0.81469,1.00,1.75
2017.01.09 19:45:49.726,0.81449,0.81471,1.00,2.25
2017.01.09 19:45:51.634,0.81448,0.8147,1.50,1.12
2017.01.09 19:45:51.684,0.81446,0.81465,1.50,1.00
2017.01.09 19:45:52.280,0.81446,0.81465,1.00,1.00
2017.01.09 19:45:52.632,0.8145,0.81469,1.00,1.75
2017.01.09 19:45:52.935,0.81452,0.8147,1.00,1.00
2017.01.09 19:45:53.428,0.81452,0.81465,1.00,1.00
2017.01.09 19:45:53.529,0.81452,0.81472,1.00,1.50
2017.01.09 19:45:53.630,0.81454,0.81472,1.00,1.50
2017.01.09 19:45:55.811,0.81455,0.81475,1.00,3.00
2017.01.09 19:45:55.861,0.81452,0.81475,1.00,2.25
2017.01.09 19:45:56.971,0.81452,0.8147,1.00,1.00
2017.01.09 19:45:58.198,0.81451,0.8147,1.00,1.00
2017.01.09 19:45:58.400,0.81451,0.81465,1.00,1.00
2017.01.09 19:45:59.199,0.81452,0.81465,1.00,1.00
2017.01.09 19:46:00.175,0.81452,0.8147,1.00,1.00
2017.01.09 19:46:00.752,0.81452,0.81465,1.00,1.00
2017.01.09 19:46:01.015,0.81452,0.81471,1.00,1.12
2017.01.09 19:46:02.123,0.81452,0.8147,1.00,1.00
2017.01.09 19:46:06.252,0.81453,0.8147,1.00,1.00
2017.01.09 19:46:08.793,0.81452,0.8147,1.00,1.00
2017.01.09 19:46:08.844,0.8145,0.8147,1.00,1.50
2017.01.09 19:46:09.045,0.81448,0.81469,1.00,1.00
2017.01.09 19:46:09.159,0.81448,0.81469,1.00,1.75
2017.01.09 19:46:10.954,0.81447,0.81468,1.00,1.50
2017.01.09 19:46:11.373,0.81446,0.8146,1.00,1.00
2017.01.09 19:46:11.956,0.81445,0.8146,1.00,1.00
2017.01.09 19:46:12.958,0.81446,0.8146,1.00,1.00
2017.01.09 19:46:14.274,0.81449,0.81465,1.00,1.75
2017.01.09 19:46:14.375,0.81449,0.81465,1.00,1.00
2017.01.09 19:46:15.258,0.8145,0.81465,1.00,1.00
2017.01.09 19:46:15.347,0.81448,0.81465,1.00,1.00
2017.01.09 19:46:20.953,0.81447,0.81465,1.00,1.00
2017.01.09 19:46:21.105,0.81446,0.8146,1.00,1.00
2017.01.09 19:46:21.422,0.81447,0.81465,1.00,1.75
2017.01.09 19:46:21.574,0.81447,0.81465,1.00,1.00
2017.01.09 19:46:25.095,0.81446,0.81465,1.00,1.00
2017.01.09 19:46:27.826,0.81446,0.81467,1.00,1.50
2017.01.09 19:46:27.927,0.81448,0.81467,1.00,1.50
2017.01.09 19:46:28.493,0.81448,0.81467,1.00,1.00
2017.01.09 19:46:29.064,0.81447,0.81467,1.00,1.50
2017.01.09 19:46:29.924,0.81447,0.81465,1.00,1.00
2017.01.09 19:46:30.452,0.81446,0.81465,1.00,1.00
2017.01.09 19:46:30.988,0.81445,0.81465,1.00,1.50
2017.01.09 19:46:35.094,0.81446,0.81465,1.00,1.00
2017.01.09 19:46:36.953,0.81444,0.81465,1.00,1.00
2017.01.09 19:46:37.914,0.81446,0.81465,1.00,1.00
2017.01.09 19:46:39.698,0.81445,0.81465,1.00,1.50
2017.01.09 19:46:42.706,0.81442,0.81462,1.12,1.00
2017.01.09 19:46:42.964,0.81438,0.81459,1.00,1.00
2017.01.09 19:46:43.099,0.81442,0.8146,1.00,1.12
2017.01.09 19:46:43.256,0.8144,0.8146,1.00,2.62
2017.01.09 19:46:43.377,0.8144,0.8146,1.00,3.00
2017.01.09 19:46:43.597,0.8144,0.8146,1.00,1.87
2017.01.09 19:46:44.126,0.81441,0.8146,1.00,1.12
2017.01.09 19:46:44.283,0.81439,0.8146,1.50,1.12
2017.01.09 19:46:44.793,0.8144,0.8146,1.00,1.87
2017.01.09 19:46:45.408,0.81439,0.8146,1.00,1.12
2017.01.09 19:46:47.491,0.81439,0.81459,1.00,1.00
2017.01.09 19:46:48.405,0.81437,0.81455,2.25,1.00
2017.01.09 19:46:48.990,0.81437,0.81455,1.00,1.00
2017.01.09 19:46:49.196,0.8144,0.81459,1.00,1.12
2017.01.09 19:46:49.992,0.81439,0.81459,1.50,1.87
2017.01.09 19:46:50.921,0.81438,0.81459,1.50,1.87
2017.01.09 19:46:51.515,0.81438,0.81455,1.00,1.00
2017.01.09 19:46:58.495,0.81437,0.81455,1.12,1.00
2017.01.09 19:46:59.137,0.81436,0.81455,1.00,1.00
2017.01.09 19:46:59.926,0.81437,0.81455,1.00,1.00
2017.01.09 19:47:00.242,0.81439,0.81455,1.00,1.00
2017.01.09 19:47:00.493,0.81437,0.81455,1.00,1.12
2017.01.09 19:47:01.601,0.81437,0.8145,1.00,1.00
2017.01.09 19:47:02.523,0.81439,0.8145,1.00,1.00
2017.01.09 19:47:03.129,0.8144,0.81455,1.00,1.00
2017.01.09 19:47:03.672,0.81438,0.81455,1.00,1.00
2017.01.09 19:47:03.723,0.81436,0.81455,1.12,1.00
2017.01.09 19:47:03.824,0.81439,0.81455,1.00,1.00
2017.01.09 19:47:04.025,0.81442,0.8146,1.00,1.50
2017.01.09 19:47:05.557,0.81441,0.8146,1.00,1.50
2017.01.09 19:47:09.778,0.8144,0.8146,1.00,2.25
2017.01.09 19:47:10.145,0.81439,0.81455,1.00,1.00
2017.01.09 19:47:14.366,0.81439,0.81459,1.00,1.75
2017.01.09 19:47:14.877,0.81439,0.81455,1.00,1.00
2017.01.09 19:47:15.230,0.81436,0.81455,1.00,1.00
2017.01.09 19:47:15.431,0.81436,0.81457,1.00,1.75
2017.01.09 19:47:15.954,0.81435,0.81456,1.00,2.25
2017.01.09 19:47:19.275,0.81434,0.81455,1.00,2.25
2017.01.09 19:47:20.403,0.81435,0.81455,1.00,2.25
2017.01.09 19:47:25.728,0.81435,0.81455,1.00,2.25
2017.01.09 19:47:25.880,0.81431,0.8145,1.00,1.00
2017.01.09 19:47:26.031,0.81431,0.8145,1.00,1.37
2017.01.09 19:47:26.438,0.81431,0.8145,1.00,1.75
2017.01.09 19:47:28.226,0.81434,0.81452,1.00,2.62
2017.01.09 19:47:28.478,0.81433,0.81455,1.00,4.12
2017.01.09 19:47:29.194,0.81432,0.8145,1.00,1.12
2017.01.09 19:47:31.576,0.81431,0.8145,1.00,1.12
2017.01.09 19:47:32.230,0.8143,0.8145,1.00,1.12
2017.01.09 19:47:33.396,0.81429,0.8145,1.00,1.87
2017.01.09 19:47:33.547,0.81428,0.81449,1.00,1.37
2017.01.09 19:47:33.871,0.81431,0.8145,1.00,1.12
2017.01.09 19:47:34.396,0.81432,0.8145,1.00,1.00
2017.01.09 19:47:35.543,0.81436,0.81455,1.00,1.75
2017.01.09 19:47:46.408,0.81435,0.81455,1.00,1.75
2017.01.09 19:47:47.409,0.81436,0.81455,1.00,1.75
2017.01.09 19:47:49.308,0.81437,0.81455,1.00,1.75
2017.01.09 19:47:49.610,0.81439,0.81459,1.00,1.50
2017.01.09 19:47:50.181,0.81442,0.8146,1.00,1.75
2017.01.09 19:47:50.653,0.8144,0.81455,1.00,1.00
2017.01.09 19:47:51.235,0.81439,0.81455,1.00,1.00
2017.01.09 19:47:51.750,0.81437,0.81455,1.00,1.00
2017.01.09 19:47:51.875,0.81434,0.8145,1.00,1.00
2017.01.09 19:47:52.423,0.81435,0.81455,1.00,1.75
2017.01.09 19:47:52.608,0.81435,0.81455,1.00,1.50
2017.01.09 19:47:53.091,0.81437,0.81455,1.00,1.50
2017.01.09 19:47:53.517,0.81437,0.8145,1.00,1.00
2017.01.09 19:47:54.875,0.81434,0.8145,1.00,1.00
2017.01.09 19:47:54.926,0.81434,0.81445,1.00,1.00
2017.01.09 19:48:00.099,0.81434,0.8145,1.00,1.00
2017.01.09 19:48:00.608,0.81432,0.8145,1.00,1.00
2017.01.09 19:48:00.733,0.81434,0.8145,1.00,1.00
2017.01.09 19:48:01.256,0.81435,0.8145,1.00,1.00
2017.01.09 19:48:01.720,0.81435,0.81445,1.00,1.00
2017.01.09 19:48:02.003,0.81434,0.8145,1.00,1.00
2017.01.09 19:48:02.666,0.81435,0.8145,1.00,1.00
2017.01.09 19:48:03.635,0.81434,0.8145,1.00,1.00
2017.01.09 19:48:05.492,0.81435,0.8145,1.00,1.00
2017.01.09 19:48:12.892,0.81436,0.8145,1.00,1.00
2017.01.09 19:48:14.371,0.8144,0.81455,1.00,1.37
2017.01.09 19:48:14.727,0.81441,0.8146,1.00,1.12
2017.01.09 19:48:14.828,0.81443,0.8146,1.00,1.12
2017.01.09 19:48:15.434,0.81444,0.8146,1.00,1.00
2017.01.09 19:48:15.741,0.81437,0.8145,1.50,1.00
2017.01.09 19:48:15.943,0.81435,0.8145,1.00,1.00
2017.01.09 19:48:16.664,0.81436,0.8145,1.00,1.00
2017.01.09 19:48:16.894,0.81438,0.8145,1.00,1.00
2017.01.09 19:48:17.915,0.81439,0.8145,1.00,1.00
2017.01.09 19:48:20.522,0.81438,0.8145,1.00,1.00
2017.01.09 19:48:24.610,0.81437,0.8145,1.00,1.00
2017.01.09 19:48:25.602,0.81436,0.8145,1.50,1.00
2017.01.09 19:48:26.622,0.81436,0.81445,1.00,1.00
2017.01.09 19:48:26.777,0.81432,0.81445,1.12,1.00
2017.01.09 19:48:27.533,0.81433,0.81445,1.00,1.00
2017.01.09 19:48:28.042,0.81434,0.81445,1.00,1.00
2017.01.09 19:48:28.093,0.81433,0.8145,1.50,1.00
2017.01.09 19:48:28.210,0.81438,0.81451,1.00,1.00
2017.01.09 19:48:28.718,0.81438,0.8145,1.50,1.00
2017.01.09 19:48:42.926,0.8144,0.8145,1.00,1.00
2017.01.09 19:48:43.802,0.8144,0.8145,1.50,1.00
2017.01.09 19:48:46.458,0.81442,0.81455,1.00,1.00
2017.01.09 19:48:46.609,0.81444,0.81455,1.50,1.00
2017.01.09 19:48:47.596,0.81444,0.81456,1.50,1.00
2017.01.09 19:48:47.954,0.81441,0.81451,1.75,1.00
2017.01.09 19:48:48.105,0.8144,0.8145,1.50,1.00
2017.01.09 19:48:48.206,0.8144,0.81455,1.50,1.00
2017.01.09 19:48:48.415,0.8144,0.8145,1.50,1.00
2017.01.09 19:48:48.649,0.8144,0.81455,1.50,1.00
2017.01.09 19:48:50.615,0.81441,0.8145,1.12,1.00
2017.01.09 19:48:51.985,0.81442,0.8145,1.00,1.00
2017.01.09 19:48:52.110,0.81443,0.81455,1.00,1.00
2017.01.09 19:48:52.212,0.81443,0.81451,1.00,1.00
2017.01.09 19:48:52.419,0.81441,0.8145,1.00,1.00
2017.01.09 19:48:52.996,0.81439,0.8145,1.50,1.00
2017.01.09 19:48:55.852,0.81435,0.81455,3.37,1.00
2017.01.09 19:48:55.904,0.81435,0.8145,3.37,1.00
2017.01.09 19:48:55.954,0.81435,0.8145,1.75,1.00
2017.01.09 19:48:59.875,0.81438,0.8145,1.00,1.00
2017.01.09 19:48:59.926,0.8144,0.81456,1.00,1.00
2017.01.09 19:49:00.678,0.8144,0.81455,1.12,1.00
2017.01.09 19:49:01.875,0.81441,0.81455,1.00,1.00
2017.01.09 19:49:02.680,0.8144,0.81455,1.12,1.00
2017.01.09 19:49:03.232,0.8144,0.81456,1.12,1.00
2017.01.09 19:49:03.599,0.81442,0.81455,1.00,1.00
2017.01.09 19:49:04.179,0.81442,0.81455,1.37,1.00
2017.01.09 19:49:04.363,0.8144,0.81455,1.50,1.00
2017.01.09 19:49:04.930,0.8144,0.81455,1.12,1.00
2017.01.09 19:49:11.894,0.81437,0.8145,1.75,1.00
2017.01.09 19:49:12.350,0.81438,0.81455,1.75,1.00
2017.01.09 19:49:17.209,0.81441,0.81455,1.00,1.00
2017.01.09 19:49:17.361,0.81441,0.81455,1.75,1.00
2017.01.09 19:49:21.076,0.8144,0.81456,1.75,1.00
2017.01.09 19:49:21.635,0.81441,0.81455,1.75,1.00
2017.01.09 19:49:24.684,0.81439,0.81455,1.00,1.00
2017.01.09 19:49:25.851,0.81438,0.81455,1.50,1.00
2017.01.09 19:49:30.789,0.81439,0.81455,1.00,1.00
2017.01.09 19:49:32.883,0.8144,0.81455,1.00,1.00
2017.01.09 19:49:34.715,0.81438,0.81455,1.50,1.00
2017.01.09 19:49:35.710,0.81439,0.81455,1.00,1.00
2017.01.09 19:49:39.913,0.81439,0.81455,1.50,1.00
2017.01.09 19:49:43.717,0.81441,0.81455,1.00,1.00
2017.01.09 19:49:43.832,0.81441,0.81455,1.37,1.00
2017.01.09 19:49:47.673,0.81443,0.81456,1.12,1.00
2017.01.09 19:49:47.723,0.81441,0.8146,1.75,1.00
2017.01.09 19:49:48.026,0.81444,0.81461,1.75,1.00
2017.01.09 19:49:49.110,0.81444,0.8146,1.75,1.00
2017.01.09 19:49:49.893,0.81444,0.81455,1.75,1.00
2017.01.09 19:49:50.191,0.81451,0.81465,1.00,1.00
2017.01.09 19:49:50.443,0.81451,0.81465,1.75,1.00
2017.01.09 19:49:52.615,0.81453,0.81465,1.50,1.00
2017.01.09 19:49:54.194,0.81454,0.8147,1.00,1.00
2017.01.09 19:49:57.297,0.81455,0.8147,1.00,1.00
2017.01.09 19:49:59.188,0.8146,0.8147,1.00,1.00
2017.01.09 19:49:59.239,0.8146,0.81475,1.00,1.00
2017.01.09 19:49:59.390,0.81464,0.81475,1.00,1.00
2017.01.09 19:50:00.819,0.81461,0.8148,1.75,1.00
2017.01.09 19:50:02.416,0.81461,0.81475,1.75,1.00
2017.01.09 19:50:02.567,0.81461,0.81475,1.12,1.00
2017.01.09 19:50:09.616,0.81459,0.81476,1.75,1.00
2017.01.09 19:50:10.153,0.81462,0.8148,1.00,1.00
2017.01.09 19:50:10.254,0.81467,0.8148,1.00,1.00
2017.01.09 19:50:10.556,0.81467,0.8148,1.75,1.00
2017.01.09 19:50:10.705,0.81467,0.8148,1.50,1.00
2017.01.09 19:50:11.399,0.81468,0.8148,1.00,1.00
2017.01.09 19:50:12.629,0.81467,0.8148,1.50,1.00
2017.01.09 19:50:14.058,0.81467,0.81481,1.00,1.00
2017.01.09 19:50:15.101,0.81467,0.81485,1.00,1.00
2017.01.09 19:50:15.454,0.81472,0.8149,1.00,1.00
2017.01.09 19:50:15.756,0.81471,0.81485,1.00,1.00
2017.01.09 19:50:16.231,0.81469,0.81485,1.00,1.00
2017.01.09 19:50:16.329,0.81469,0.8149,1.87,1.00
2017.01.09 19:50:16.430,0.8147,0.8149,1.50,1.00
2017.01.09 19:50:17.008,0.81471,0.8149,2.25,1.00
2017.01.09 19:50:20.401,0.81471,0.81485,1.75,1.00
2017.01.09 19:50:20.452,0.8147,0.8149,1.75,1.00
2017.01.09 19:50:20.502,0.81471,0.81485,1.75,1.00
2017.01.09 19:50:20.654,0.81474,0.8149,1.00,1.00
2017.01.09 19:50:20.906,0.81474,0.81491,1.37,1.00
2017.01.09 19:50:21.747,0.81476,0.8149,1.75,1.00
2017.01.09 19:50:22.381,0.81473,0.8149,1.75,1.00
2017.01.09 19:50:22.482,0.81475,0.8149,1.37,1.00
2017.01.09 19:50:22.985,0.81474,0.8149,1.00,1.00
2017.01.09 19:50:23.306,0.81471,0.81485,1.75,1.00
2017.01.09 19:50:23.615,0.81471,0.8149,1.75,1.00
2017.01.09 19:50:23.816,0.81469,0.81485,1.75,1.00
2017.01.09 19:50:23.867,0.8147,0.81485,1.50,1.00
2017.01.09 19:50:23.974,0.8147,0.8149,1.50,1.00
2017.01.09 19:50:25.870,0.81469,0.81485,1.75,1.00
2017.01.09 19:50:26.122,0.81468,0.8149,1.75,1.00
2017.01.09 19:50:30.212,0.81472,0.8149,1.00,1.00
2017.01.09 19:50:30.313,0.81472,0.8149,1.37,1.00
2017.01.09 19:50:33.612,0.81474,0.8149,1.37,1.00
2017.01.09 19:50:36.979,0.81472,0.8149,2.25,1.00
2017.01.09 19:50:41.100,0.81471,0.81485,1.75,1.00
2017.01.09 19:50:41.950,0.81472,0.81485,1.37,1.00
2017.01.09 19:50:42.683,0.81472,0.81485,1.00,1.00
2017.01.09 19:50:43.656,0.81472,0.81491,1.00,1.00
2017.01.09 19:50:45.295,0.81472,0.81485,1.00,1.00
2017.01.09 19:50:45.815,0.8147,0.81485,2.25,1.00
2017.01.09 19:50:49.215,0.8147,0.8149,2.25,1.00
2017.01.09 19:50:52.404,0.8147,0.81485,2.25,1.00
2017.01.09 19:50:52.685,0.81468,0.81485,1.37,1.00
2017.01.09 19:50:54.741,0.81467,0.81485,1.12,1.00
2017.01.09 19:50:55.437,0.81466,0.8148,1.00,1.00
2017.01.09 19:50:55.638,0.81466,0.81485,1.50,1.00
2017.01.09 19:50:56.176,0.81467,0.81485,1.00,1.00
2017.01.09 19:50:56.277,0.81467,0.81485,1.37,1.00
2017.01.09 19:50:56.404,0.81467,0.81485,1.00,1.00
2017.01.09 19:50:57.011,0.81466,0.81485,1.87,1.00
2017.01.09 19:50:57.111,0.81466,0.8148,1.12,1.00
2017.01.09 19:50:57.212,0.81465,0.81485,2.25,1.00
2017.01.09 19:50:57.757,0.81465,0.81486,2.25,1.50
2017.01.09 19:50:58.306,0.81466,0.81485,1.12,1.00
2017.01.09 19:50:58.992,0.81467,0.81485,1.00,1.00
2017.01.09 19:50:59.701,0.81466,0.81485,1.87,1.00
2017.01.09 19:51:00.212,0.81467,0.81485,1.00,1.00
2017.01.09 19:51:03.113,0.81466,0.81485,1.87,1.00
2017.01.09 19:51:04.643,0.81467,0.81485,1.00,1.00
2017.01.09 19:51:05.316,0.81467,0.81486,1.00,1.00
2017.01.09 19:51:05.876,0.81466,0.81486,1.12,1.00
2017.01.09 19:51:10.272,0.81469,0.81485,1.00,1.00
2017.01.09 19:51:10.574,0.81471,0.81485,1.00,1.00
2017.01.09 19:51:14.137,0.81471,0.8148,1.00,1.00
2017.01.09 19:51:14.238,0.81464,0.8148,1.75,1.00
2017.01.09 19:51:14.339,0.81464,0.8148,1.00,1.00
2017.01.09 19:51:15.382,0.81462,0.8148,1.12,1.00
2017.01.09 19:51:26.240,0.81463,0.81481,1.00,1.00
2017.01.09 19:51:26.294,0.81463,0.81485,1.00,1.12
2017.01.09 19:51:26.383,0.81466,0.81485,1.37,1.00
2017.01.09 19:51:27.775,0.81468,0.81485,1.00,1.00
2017.01.09 19:51:28.519,0.81468,0.8148,1.00,1.00
2017.01.09 19:51:28.929,0.8147,0.81485,1.00,1.00
2017.01.09 19:51:29.081,0.8147,0.81485,1.37,1.00
2017.01.09 19:51:31.502,0.81469,0.81486,1.75,1.00
2017.01.09 19:51:37.416,0.81471,0.81485,1.50,1.00
2017.01.09 19:51:45.369,0.81471,0.81485,1.00,1.00
2017.01.09 19:51:45.714,0.81474,0.81485,1.00,1.00
2017.01.09 19:51:46.402,0.81474,0.8149,1.00,1.00
2017.01.09 19:51:47.796,0.81474,0.81485,1.00,1.00
2017.01.09 19:51:48.134,0.81477,0.81491,1.00,1.00
2017.01.09 19:51:48.228,0.8148,0.81491,1.00,1.00
2017.01.09 19:51:48.380,0.81482,0.81495,1.00,1.00
2017.01.09 19:51:48.431,0.81479,0.81495,1.00,1.00
2017.01.09 19:51:48.754,0.81476,0.81491,1.75,1.00
2017.01.09 19:51:49.056,0.81475,0.8149,1.00,1.00
2017.01.09 19:51:50.942,0.81474,0.8149,1.00,1.00
2017.01.09 19:51:51.185,0.81472,0.81485,2.25,1.00
2017.01.09 19:51:52.173,0.81474,0.81491,1.00,1.00
2017.01.09 19:51:53.831,0.81474,0.8149,1.00,1.00
2017.01.09 19:51:55.494,0.81475,0.8149,1.00,1.00
2017.01.09 19:51:56.044,0.81475,0.8149,2.25,1.00
2017.01.09 19:52:00.564,0.81476,0.81491,1.12,1.00
2017.01.09 19:52:01.438,0.81475,0.81485,2.25,1.00
2017.01.09 19:52:01.488,0.81475,0.8149,1.50,1.00
2017.01.09 19:52:01.540,0.81475,0.81485,1.50,1.00
2017.01.09 19:52:01.757,0.81474,0.81485,1.00,1.00
2017.01.09 19:52:02.164,0.81474,0.81485,1.75,1.00
2017.01.09 19:52:02.934,0.81471,0.81486,3.37,1.00
2017.01.09 19:52:03.035,0.81471,0.8149,4.05,1.00
2017.01.09 19:52:03.086,0.81471,0.8149,2.17,1.00
2017.01.09 19:52:03.237,0.81471,0.81485,1.75,1.00
2017.01.09 19:52:03.790,0.81471,0.81485,1.00,1.00
2017.01.09 19:52:04.987,0.81472,0.81485,1.00,1.00
2017.01.09 19:52:05.772,0.81472,0.8149,1.00,1.00
2017.01.09 19:52:06.361,0.81473,0.8149,1.12,1.00
2017.01.09 19:52:08.242,0.81474,0.8149,1.00,1.00
2017.01.09 19:52:09.093,0.81473,0.8149,1.12,1.00
2017.01.09 19:52:09.225,0.8147,0.81485,1.75,1.00
2017.01.09 19:52:09.377,0.8147,0.8149,1.75,1.00
2017.01.09 19:52:09.528,0.8147,0.8149,1.12,1.00
2017.01.09 19:52:09.987,0.8147,0.81485,1.12,1.00
2017.01.09 19:52:12.374,0.81467,0.81485,1.50,1.00
2017.01.09 19:52:12.425,0.81467,0.81485,1.12,1.00
2017.01.09 19:52:13.491,0.81469,0.81485,1.00,1.00
2017.01.09 19:52:15.593,0.81468,0.81485,1.00,1.00
2017.01.09 19:52:15.826,0.81468,0.8149,1.00,1.12
2017.01.09 19:52:15.877,0.81471,0.8149,1.00,1.12
2017.01.09 19:52:16.179,0.81473,0.8149,1.00,1.00
2017.01.09 19:52:16.307,0.81473,0.81494,1.00,1.12
2017.01.09 19:52:16.388,0.81475,0.81495,1.00,1.50
2017.01.09 19:52:16.690,0.81477,0.81495,1.00,1.00
2017.01.09 19:52:17.342,0.81477,0.81496,1.00,1.00
2017.01.09 19:52:18.149,0.81478,0.81496,1.00,1.00
2017.01.09 19:52:20.741,0.81478,0.81495,1.00,1.00
2017.01.09 19:52:21.264,0.81479,0.81495,1.00,1.00
2017.01.09 19:52:23.807,0.81477,0.81495,1.50,1.00
2017.01.09 19:52:24.343,0.81478,0.81491,1.00,1.00
2017.01.09 19:52:24.444,0.81478,0.81495,1.00,1.00
2017.01.09 19:52:24.495,0.81476,0.81495,1.87,1.00
2017.01.09 19:52:24.647,0.81476,0.81496,2.25,1.00
2017.01.09 19:52:24.949,0.81477,0.8149,1.75,1.00
2017.01.09 19:52:25.050,0.81477,0.8149,1.00,1.00
2017.01.09 19:52:25.593,0.81478,0.8149,1.00,1.00
2017.01.09 19:52:25.644,0.81478,0.81495,1.00,1.00
2017.01.09 19:52:25.948,0.81477,0.8149,1.75,1.00
2017.01.09 19:52:27.831,0.81475,0.8149,2.25,1.00
2017.01.09 19:52:28.260,0.81477,0.81495,1.00,1.00
2017.01.09 19:52:29.152,0.81477,0.81495,1.50,1.00
2017.01.09 19:52:31.377,0.81477,0.8149,2.25,1.00
2017.01.09 19:52:33.158,0.81477,0.81495,1.50,1.00
2017.01.09 19:52:37.208,0.81479,0.81495,1.00,1.00
2017.01.09 19:52:38.001,0.81478,0.81495,1.12,1.00
2017.01.09 19:52:39.651,0.81477,0.8149,1.50,1.00
2017.01.09 19:52:39.944,0.81477,0.81495,1.50,1.00
2017.01.09 19:52:42.897,0.81477,0.8149,1.50,1.00
2017.01.09 19:52:43.149,0.81475,0.8149,1.12,1.00
2017.01.09 19:52:45.061,0.81472,0.8149,1.00,1.00
2017.01.09 19:52:45.580,0.81473,0.8149,1.00,1.00
2017.01.09 19:52:47.921,0.81473,0.81491,1.00,1.00
2017.01.09 19:52:49.046,0.81474,0.81491,1.00,1.00
2017.01.09 19:52:49.804,0.81474,0.8149,1.00,1.00
2017.01.09 19:52:52.139,0.81478,0.81495,1.00,1.50
2017.01.09 19:52:52.400,0.8148,0.81495,1.00,1.00
2017.01.09 19:52:52.750,0.81482,0.81495,1.50,1.00
2017.01.09 19:52:54.525,0.81479,0.81495,1.12,1.00
2017.01.09 19:52:56.505,0.81476,0.81496,1.75,1.00
2017.01.09 19:52:56.556,0.81475,0.8149,1.75,1.00
2017.01.09 19:52:56.707,0.81474,0.8149,1.75,1.00
2017.01.09 19:52:56.909,0.81473,0.8149,1.12,1.00
2017.01.09 19:52:57.740,0.81474,0.8149,1.00,1.00
2017.01.09 19:52:58.433,0.81474,0.81495,1.00,1.87
2017.01.09 19:52:58.534,0.81474,0.81491,1.00,1.00
2017.01.09 19:52:58.698,0.81474,0.81495,1.00,1.87
2017.01.09 19:52:59.242,0.81473,0.81494,1.12,1.00
2017.01.09 19:52:59.779,0.81473,0.81495,1.12,1.12
2017.01.09 19:52:59.897,0.81473,0.8149,1.12,1.00
2017.01.09 19:53:02.423,0.81473,0.81494,1.12,1.00
2017.01.09 19:53:02.638,0.81473,0.8149,1.12,1.00
2017.01.09 19:53:03.204,0.81474,0.8149,1.00,1.00
2017.01.09 19:53:03.255,0.81474,0.81495,1.00,1.87
2017.01.09 19:53:03.373,0.81477,0.81495,1.00,1.12
2017.01.09 19:53:04.346,0.81478,0.81495,1.00,1.00
2017.01.09 19:53:04.397,0.81479,0.815,1.00,2.25
2017.01.09 19:53:04.599,0.81479,0.81495,1.00,1.00
2017.01.09 19:53:09.601,0.81481,0.815,1.00,1.50
2017.01.09 19:53:09.651,0.81481,0.81496,1.00,1.00
2017.01.09 19:53:09.702,0.81481,0.815,1.00,1.12
2017.01.09 19:53:09.854,0.81481,0.81495,1.00,1.00
2017.01.09 19:53:10.897,0.81479,0.81496,1.50,1.00
2017.01.09 19:53:11.098,0.81478,0.8149,1.50,1.00
2017.01.09 19:53:11.623,0.81477,0.8149,1.00,1.00
2017.01.09 19:53:11.674,0.81475,0.8149,1.50,1.00
2017.01.09 19:53:11.876,0.81475,0.81485,1.00,1.00
2017.01.09 19:53:11.927,0.81475,0.8149,1.00,1.00
2017.01.09 19:53:12.028,0.81471,0.8149,1.75,1.00
2017.01.09 19:53:12.179,0.8147,0.8149,1.12,1.00
2017.01.09 19:53:12.816,0.8147,0.81491,1.12,1.50
2017.01.09 19:53:13.565,0.81471,0.81491,1.00,1.00
2017.01.09 19:53:13.836,0.81474,0.8149,1.37,1.00
2017.01.09 19:53:14.423,0.81474,0.81485,1.50,1.00
2017.01.09 19:53:17.151,0.81471,0.8149,1.75,1.00
2017.01.09 19:53:17.251,0.81471,0.8149,1.50,1.00
2017.01.09 19:53:21.246,0.8147,0.81485,1.75,1.00
2017.01.09 19:53:24.383,0.81474,0.8149,1.00,1.00
2017.01.09 19:53:25.031,0.81473,0.8149,1.00,1.00
2017.01.09 19:53:25.333,0.81475,0.8149,1.00,1.00
2017.01.09 19:53:26.178,0.81476,0.8149,1.00,1.00
2017.01.09 19:53:28.766,0.81475,0.8149,1.12,1.00
2017.01.09 19:53:44.683,0.81476,0.8149,1.00,1.00
2017.01.09 19:53:47.166,0.81475,0.8149,1.87,1.00
2017.01.09 19:53:50.768,0.81477,0.8149,1.00,1.00
2017.01.09 19:53:50.818,0.81475,0.81495,1.12,1.00
2017.01.09 19:53:50.919,0.81474,0.8149,2.25,1.00
2017.01.09 19:53:55.023,0.81475,0.81495,1.12,1.00
2017.01.09 19:53:58.132,0.81475,0.8149,1.12,1.00
2017.01.09 19:53:58.334,0.81479,0.81495,1.00,1.00
2017.01.09 19:54:00.835,0.81478,0.8149,1.12,1.00
2017.01.09 19:54:04.533,0.81476,0.8149,1.37,1.00
2017.01.09 19:54:05.058,0.81476,0.8149,1.00,1.00
2017.01.09 19:54:08.418,0.81477,0.81495,1.00,1.00
2017.01.09 19:54:08.764,0.81479,0.81496,1.00,1.00
2017.01.09 19:54:09.404,0.81477,0.81496,1.50,1.00
2017.01.09 19:54:09.929,0.81477,0.81495,1.50,1.00
2017.01.09 19:54:12.841,0.81479,0.81495,1.00,1.00
2017.01.09 19:54:16.318,0.81478,0.81495,1.12,1.00
2017.01.09 19:54:24.465,0.81478,0.81495,1.37,1.00
2017.01.09 19:54:30.302,0.8148,0.81495,1.00,1.00
2017.01.09 19:54:31.414,0.81478,0.81495,1.75,1.00
2017.01.09 19:54:36.116,0.81477,0.8149,1.75,1.00
2017.01.09 19:54:36.317,0.81477,0.8149,1.00,1.00
2017.01.09 19:54:37.243,0.81476,0.8149,1.12,1.00
2017.01.09 19:54:40.025,0.81475,0.81485,1.50,1.00
2017.01.09 19:54:40.634,0.81476,0.81491,1.12,1.00
2017.01.09 19:54:46.319,0.81476,0.8149,1.00,1.00
2017.01.09 19:54:47.294,0.81474,0.8149,1.12,1.00
2017.01.09 19:54:51.921,0.81473,0.81485,1.50,1.00
2017.01.09 19:54:52.022,0.8147,0.81485,1.50,1.00
2017.01.09 19:54:52.526,0.8147,0.81485,1.00,1.00
2017.01.09 19:54:53.371,0.8147,0.8149,1.00,1.00
2017.01.09 19:54:53.845,0.8147,0.81485,1.00,1.00
2017.01.09 19:54:54.059,0.81468,0.8149,1.50,1.00
2017.01.09 19:54:54.160,0.81468,0.81485,1.50,1.00
2017.01.09 19:54:55.062,0.8147,0.81485,1.00,1.00
2017.01.09 19:54:56.615,0.8147,0.81486,1.00,1.00
2017.01.09 19:54:57.473,0.81469,0.81486,1.12,1.00
2017.01.09 19:54:58.568,0.81469,0.81485,1.12,1.00
2017.01.09 19:54:59.642,0.8147,0.81485,1.00,1.00
2017.01.09 19:55:00.343,0.81471,0.81485,1.12,1.00
2017.01.09 19:55:00.681,0.81471,0.8149,1.12,1.00
2017.01.09 19:55:03.417,0.81471,0.81485,1.12,1.00
2017.01.09 19:55:04.228,0.81471,0.81486,1.00,1.00
2017.01.09 19:55:04.479,0.81471,0.8149,1.00,1.00
2017.01.09 19:55:04.530,0.81471,0.81485,1.00,1.00
2017.01.09 19:55:04.681,0.8147,0.8149,1.00,1.00
2017.01.09 19:55:04.883,0.81471,0.81485,1.00,1.00
2017.01.09 19:55:05.444,0.81471,0.8149,1.12,1.00
2017.01.09 19:55:06.426,0.81468,0.81485,3.00,1.00
2017.01.09 19:55:06.528,0.81468,0.81485,1.50,1.00
2017.01.09 19:55:06.647,0.81466,0.8148,1.50,1.00
2017.01.09 19:55:06.849,0.81465,0.81485,1.00,1.50
2017.01.09 19:55:07.050,0.81464,0.8148,1.12,1.00
2017.01.09 19:55:07.570,0.81463,0.8148,1.00,1.00
2017.01.09 19:55:09.199,0.81462,0.8148,1.00,1.00
2017.01.09 19:55:09.666,0.81462,0.8148,1.75,1.00
2017.01.09 19:55:11.204,0.81465,0.8148,1.00,1.00
2017.01.09 19:55:11.536,0.81467,0.8148,1.00,1.00
2017.01.09 19:55:11.917,0.81467,0.81485,1.00,1.00
2017.01.09 19:55:15.189,0.81466,0.8148,1.00,1.00
2017.01.09 19:55:15.239,0.81466,0.81485,1.50,1.00
2017.01.09 19:55:16.916,0.81466,0.8148,1.50,1.00
2017.01.09 19:55:18.872,0.81467,0.81485,1.00,1.00
2017.01.09 19:55:21.353,0.81467,0.81481,1.00,1.00
2017.01.09 19:55:22.073,0.81467,0.81485,1.00,1.00
2017.01.09 19:55:22.124,0.81469,0.81485,1.00,1.00
2017.01.09 19:55:22.694,0.8147,0.81485,1.12,1.00
2017.01.09 19:55:23.857,0.81472,0.81485,1.00,1.00
2017.01.09 19:55:24.771,0.81473,0.8149,1.00,1.00
2017.01.09 19:55:24.871,0.81476,0.8149,1.00,1.00
2017.01.09 19:55:25.405,0.81477,0.8149,1.12,1.00
2017.01.09 19:55:27.739,0.81477,0.81491,1.12,1.00
2017.01.09 19:55:28.529,0.81477,0.8149,1.12,1.00
2017.01.09 19:55:29.637,0.81478,0.8149,1.00,1.00
2017.01.09 19:55:31.916,0.8148,0.8149,1.00,1.00
2017.01.09 19:55:31.967,0.81483,0.81495,1.00,1.00
2017.01.09 19:55:32.118,0.81481,0.81496,1.00,1.00
2017.01.09 19:55:32.219,0.81481,0.81496,1.75,1.00
2017.01.09 19:55:32.729,0.81481,0.81495,1.75,1.00
2017.01.09 19:55:34.936,0.81484,0.815,1.00,1.00
2017.01.09 19:55:34.986,0.81484,0.815,1.37,1.00
2017.01.09 19:55:36.954,0.81483,0.81495,1.50,1.00
2017.01.09 19:55:37.005,0.81483,0.81496,1.00,1.00
2017.01.09 19:55:37.308,0.81481,0.81495,1.00,1.00
2017.01.09 19:55:37.837,0.81479,0.81495,1.12,1.00
2017.01.09 19:55:40.956,0.8148,0.81495,1.00,1.00
2017.01.09 19:55:42.091,0.81479,0.81495,1.12,1.00
2017.01.09 19:55:42.964,0.8148,0.81495,1.00,1.00
2017.01.09 19:55:43.770,0.8148,0.81496,1.00,1.00
2017.01.09 19:55:44.878,0.8148,0.81495,1.00,1.00
2017.01.09 19:55:47.045,0.81481,0.81495,1.00,1.00
2017.01.09 19:55:52.835,0.81481,0.81496,1.00,1.00
2017.01.09 19:55:53.979,0.81481,0.815,1.00,1.00
2017.01.09 19:55:54.947,0.8148,0.815,1.00,1.00
2017.01.09 19:55:57.628,0.8148,0.815,1.37,1.00
2017.01.09 19:55:59.165,0.81479,0.81495,1.75,1.00
2017.01.09 19:55:59.366,0.81479,0.81495,1.00,1.00
2017.01.09 19:55:59.913,0.81478,0.81495,1.12,1.00
2017.01.09 19:56:07.362,0.8148,0.81495,1.00,1.00
2017.01.09 19:56:07.412,0.81481,0.815,1.00,1.12
2017.01.09 19:56:08.118,0.81481,0.81495,1.00,1.00
2017.01.09 19:56:08.382,0.81478,0.81495,1.12,1.00
2017.01.09 19:56:10.541,0.81476,0.8149,1.50,1.00
2017.01.09 19:56:10.636,0.81476,0.8149,1.12,1.00
2017.01.09 19:56:11.251,0.81476,0.81495,1.00,1.00
2017.01.09 19:56:11.551,0.81476,0.8149,1.00,1.00
2017.01.09 19:56:12.507,0.81475,0.8149,1.50,1.00
2017.01.09 19:56:15.724,0.81476,0.8149,1.00,1.00
2017.01.09 19:56:15.774,0.81476,0.81495,1.00,1.00
2017.01.09 19:56:16.417,0.81475,0.81495,1.50,1.00
2017.01.09 19:56:17.517,0.81476,0.81495,1.00,1.00
2017.01.09 19:56:18.510,0.81475,0.81494,1.00,1.00
2017.01.09 19:56:18.561,0.81475,0.8149,1.00,1.00
2017.01.09 19:56:20.631,0.81475,0.81489,1.00,1.00
2017.01.09 19:56:20.952,0.81475,0.81486,1.00,1.00
2017.01.09 19:56:21.467,0.81475,0.81485,1.00,1.00
2017.01.09 19:56:21.813,0.81475,0.81481,1.00,1.00
2017.01.09 19:56:21.914,0.81475,0.81485,1.00,1.00
2017.01.09 19:56:22.274,0.81475,0.8148,1.00,1.00
2017.01.09 19:56:22.739,0.81475,0.81482,1.00,1.00
2017.01.09 19:56:22.840,0.81475,0.8148,1.00,1.00
2017.01.09 19:56:22.991,0.81475,0.81485,1.00,1.00
2017.01.09 19:56:23.073,0.81475,0.8148,1.00,1.00
2017.01.09 19:56:23.800,0.81475,0.81485,1.00,1.00
2017.01.09 19:56:23.901,0.81475,0.8149,1.00,1.50
2017.01.09 19:56:24.052,0.81475,0.81485,1.00,1.00
2017.01.09 19:56:25.948,0.81475,0.8148,1.00,1.00
2017.01.09 19:56:26.322,0.81475,0.81485,1.00,1.00
2017.01.09 19:56:27.367,0.81475,0.8148,1.00,1.00
2017.01.09 19:56:27.639,0.81475,0.81485,1.00,1.00
2017.01.09 19:56:29.368,0.81475,0.81488,1.00,1.50
2017.01.09 19:56:29.418,0.81475,0.81485,1.00,1.00
2017.01.09 19:56:31.337,0.81475,0.8149,1.00,1.12
2017.01.09 19:56:33.589,0.81475,0.81485,1.00,1.00
2017.01.09 19:56:37.206,0.81475,0.8149,1.00,1.00
2017.01.09 19:56:37.746,0.81475,0.81485,1.00,1.00
2017.01.09 19:56:37.885,0.81475,0.8149,1.00,1.00
2017.01.09 19:56:38.137,0.81475,0.81494,1.00,1.12
2017.01.09 19:56:38.463,0.81475,0.8149,1.00,1.00
2017.01.09 19:56:39.058,0.81475,0.81485,1.00,1.00
2017.01.09 19:56:45.736,0.81475,0.8148,1.00,1.00
2017.01.09 19:56:47.059,0.81475,0.81481,1.00,1.00
2017.01.09 19:56:47.591,0.81475,0.8148,1.00,1.00
2017.01.09 19:56:49.660,0.81475,0.81485,1.00,1.00
2017.01.09 19:56:50.879,0.81475,0.81482,1.00,1.00
2017.01.09 19:56:51.325,0.81475,0.81485,1.00,1.00
2017.01.09 19:56:51.375,0.81475,0.81482,1.00,1.00
2017.01.09 19:56:51.426,0.81475,0.81485,1.00,1.00
2017.01.09 19:56:51.530,0.8147,0.81485,2.62,1.00
2017.01.09 19:56:52.338,0.8147,0.81486,1.37,1.00
2017.01.09 19:56:53.197,0.8147,0.81485,1.37,1.00
2017.01.09 19:56:53.348,0.81467,0.8148,1.75,1.00
2017.01.09 19:56:53.399,0.81467,0.81485,1.75,1.00
2017.01.09 19:56:53.562,0.81469,0.8148,1.00,1.00
2017.01.09 19:56:53.663,0.81469,0.81485,1.00,1.00
2017.01.09 19:56:54.775,0.81469,0.81486,1.00,1.00
2017.01.09 19:56:54.904,0.81466,0.81481,1.75,1.00
2017.01.09 19:56:55.997,0.81466,0.8148,1.75,1.00
2017.01.09 19:56:57.155,0.81465,0.81475,1.75,1.00
2017.01.09 19:56:57.205,0.81465,0.8148,1.75,1.00
2017.01.09 19:56:57.256,0.81465,0.8148,1.00,1.00
2017.01.09 19:56:57.951,0.81464,0.8148,1.12,1.00
2017.01.09 19:56:58.196,0.81463,0.81475,1.50,1.00
2017.01.09 19:56:58.597,0.81462,0.8148,1.75,1.00
2017.01.09 19:56:59.071,0.81462,0.8148,1.00,1.00
2017.01.09 19:56:59.851,0.81461,0.8148,1.00,1.00
2017.01.09 19:57:01.202,0.81462,0.8148,1.00,1.00
2017.01.09 19:57:06.848,0.81461,0.8148,1.00,1.00
2017.01.09 19:57:06.900,0.81458,0.81475,2.25,1.00
2017.01.09 19:57:07.231,0.81462,0.81475,1.37,1.00
2017.01.09 19:57:07.897,0.81462,0.81475,1.75,1.00
2017.01.09 19:57:08.833,0.81462,0.81476,1.75,1.00
2017.01.09 19:57:10.336,0.8146,0.81481,1.75,1.00
2017.01.09 19:57:10.682,0.81462,0.81481,1.00,1.00
2017.01.09 19:57:11.496,0.81462,0.8148,1.00,1.00
2017.01.09 19:57:11.656,0.81462,0.81475,1.00,1.00
2017.01.09 19:57:11.858,0.81459,0.81475,1.50,1.00
2017.01.09 19:57:12.449,0.81459,0.81475,1.12,1.00
2017.01.09 19:57:12.967,0.8146,0.81475,1.00,1.00
2017.01.09 19:57:13.691,0.81458,0.81475,1.50,1.00
2017.01.09 19:57:14.044,0.81457,0.81475,1.00,1.00
2017.01.09 19:57:14.923,0.81458,0.81475,1.00,1.00
2017.01.09 19:57:15.543,0.81456,0.81475,1.50,1.00
2017.01.09 19:57:17.695,0.81454,0.81475,1.50,1.50
2017.01.09 19:57:17.783,0.81454,0.81475,1.12,1.50
2017.01.09 19:57:18.386,0.81453,0.81474,1.50,1.00
2017.01.09 19:57:20.774,0.81453,0.8147,1.50,1.00
2017.01.09 19:57:22.408,0.81453,0.81474,1.50,1.00
2017.01.09 19:57:23.485,0.81453,0.81471,1.50,1.00
2017.01.09 19:57:24.162,0.81453,0.8147,1.50,1.00
2017.01.09 19:57:32.031,0.81451,0.81465,1.75,1.00
2017.01.09 19:57:32.538,0.81451,0.8147,1.75,1.00
2017.01.09 19:57:33.458,0.81451,0.81465,1.75,1.00
2017.01.09 19:57:33.656,0.81451,0.8147,1.75,1.00
2017.01.09 19:57:36.935,0.81454,0.8147,1.00,1.00
2017.01.09 19:57:37.677,0.81453,0.8147,1.00,1.00
2017.01.09 19:57:38.026,0.81453,0.81465,1.00,1.00
2017.01.09 19:57:38.077,0.8145,0.81468,1.75,1.00
2017.01.09 19:57:38.128,0.81449,0.81465,1.50,1.00
2017.01.09 19:57:38.786,0.8145,0.81466,1.00,1.00
2017.01.09 19:57:39.329,0.8145,0.81465,1.00,1.00
2017.01.09 19:57:39.875,0.8145,0.8146,1.00,1.00
2017.01.09 19:57:40.318,0.8145,0.81466,1.00,1.00
2017.01.09 19:57:41.203,0.81449,0.81465,1.12,1.00
2017.01.09 19:57:41.712,0.81448,0.8146,1.50,1.00
2017.01.09 19:57:41.813,0.81451,0.81465,1.00,1.00
2017.01.09 19:57:42.058,0.81451,0.8147,1.12,1.12
2017.01.09 19:57:47.452,0.81452,0.8147,1.00,1.00
2017.01.09 19:57:47.706,0.81451,0.81465,1.12,1.00
2017.01.09 19:57:52.039,0.8145,0.8147,1.50,1.50
2017.01.09 19:57:59.369,0.8145,0.8147,1.12,1.50
2017.01.09 19:58:00.435,0.81449,0.8147,1.12,1.50
2017.01.09 19:58:00.577,0.81455,0.8147,1.00,1.00
2017.01.09 19:58:03.594,0.81452,0.8147,1.50,1.00
2017.01.09 19:58:03.645,0.81453,0.81465,1.12,1.00
2017.01.09 19:58:03.847,0.8145,0.81465,1.00,1.00
2017.01.09 19:58:03.968,0.81447,0.81465,1.37,1.00
2017.01.09 19:58:04.557,0.81447,0.81465,1.00,1.00
2017.01.09 19:58:05.817,0.81447,0.81466,1.00,1.00
2017.01.09 19:58:06.643,0.81447,0.81465,1.00,1.00
2017.01.09 19:58:09.073,0.8145,0.81465,1.00,1.00
2017.01.09 19:58:09.268,0.8145,0.8147,1.00,1.00
2017.01.09 19:58:10.245,0.81451,0.8147,1.00,1.00
2017.01.09 19:58:10.296,0.8145,0.81465,1.00,1.00
2017.01.09 19:58:10.515,0.81452,0.8147,1.00,1.00
2017.01.09 19:58:11.804,0.81451,0.8147,1.50,1.00
2017.01.09 19:58:12.807,0.81451,0.81465,1.00,1.00
2017.01.09 19:58:13.020,0.81449,0.81465,1.12,1.00
2017.01.09 19:58:13.518,0.81449,0.8146,1.12,1.00
2017.01.09 19:58:13.776,0.81447,0.81465,1.00,1.00
2017.01.09 19:58:14.287,0.81448,0.81465,1.00,1.00
2017.01.09 19:58:15.506,0.81448,0.81466,1.00,1.00
2017.01.09 19:58:17.658,0.81448,0.81465,1.00,1.00
2017.01.09 19:58:18.374,0.81449,0.81465,1.00,1.00
2017.01.09 19:58:18.754,0.81449,0.8146,1.12,1.00
2017.01.09 19:58:18.916,0.81451,0.81465,1.00,1.00
2017.01.09 19:58:19.280,0.81451,0.8147,1.50,1.00
2017.01.09 19:58:19.790,0.81451,0.8147,1.37,1.00
2017.01.09 19:58:19.894,0.81451,0.81472,1.37,1.00
2017.01.09 19:58:20.436,0.81451,0.81473,1.37,1.00
2017.01.09 19:58:20.617,0.81451,0.8147,1.37,1.00
2017.01.09 19:58:21.644,0.81452,0.81473,1.12,1.00
2017.01.09 19:58:21.746,0.81452,0.8147,1.12,1.00
2017.01.09 19:58:21.897,0.81452,0.81473,1.12,1.00
2017.01.09 19:58:22.439,0.81452,0.81472,1.12,1.00
2017.01.09 19:58:22.686,0.8145,0.8147,1.50,1.50
2017.01.09 19:58:22.823,0.8145,0.8147,1.12,1.50
2017.01.09 19:58:23.014,0.81449,0.81466,1.12,1.00
2017.01.09 19:58:23.456,0.8145,0.81469,1.00,1.00
2017.01.09 19:58:24.013,0.8145,0.81468,1.00,1.00
2017.01.09 19:58:24.064,0.81449,0.81465,1.12,1.00
2017.01.09 19:58:24.849,0.8145,0.81467,1.00,1.00
2017.01.09 19:58:25.351,0.81447,0.81465,1.00,1.00
2017.01.09 19:58:25.533,0.81445,0.81464,1.00,1.00
2017.01.09 19:58:26.134,0.81445,0.81463,1.00,1.00
2017.01.09 19:58:26.813,0.81445,0.81462,1.00,1.00
2017.01.09 19:58:26.897,0.81442,0.81462,1.87,1.00
2017.01.09 19:58:29.442,0.81442,0.81461,1.12,1.00
2017.01.09 19:58:29.543,0.8144,0.8146,1.12,1.00
2017.01.09 19:58:29.594,0.81441,0.81463,1.50,1.50
2017.01.09 19:58:30.442,0.81442,0.81462,1.50,1.12
2017.01.09 19:58:30.833,0.8144,0.81459,1.12,1.00
2017.01.09 19:58:31.708,0.8144,0.8146,1.12,1.00
2017.01.09 19:58:32.225,0.8144,0.81461,2.62,1.00
2017.01.09 19:58:32.863,0.81442,0.81463,1.00,1.50
2017.01.09 19:58:33.236,0.8144,0.81461,1.12,1.00
2017.01.09 19:58:34.147,0.8144,0.81462,1.12,1.12
2017.01.09 19:58:35.148,0.8144,0.81461,1.12,1.00
2017.01.09 19:58:35.845,0.8144,0.8146,1.87,1.00
2017.01.09 19:58:36.656,0.81441,0.81462,1.00,1.12
2017.01.09 19:58:36.981,0.81444,0.81465,1.50,1.75
2017.01.09 19:58:37.133,0.81444,0.81465,1.50,1.12
2017.01.09 19:58:37.934,0.81445,0.81465,1.00,1.12
2017.01.09 19:58:38.913,0.81444,0.81465,1.50,1.12
2017.01.09 19:58:39.265,0.81446,0.81465,1.00,1.12
2017.01.09 19:58:39.567,0.81445,0.8146,1.50,1.00
2017.01.09 19:58:40.516,0.81446,0.81465,1.12,1.00
2017.01.09 19:58:45.117,0.81444,0.81464,2.25,1.00
2017.01.09 19:58:48.177,0.81443,0.81463,1.75,1.00
2017.01.09 19:58:50.168,0.81443,0.81464,2.25,1.00
2017.01.09 19:58:50.450,0.8144,0.8146,4.12,1.00
2017.01.09 19:58:50.652,0.8144,0.8146,2.25,1.00
2017.01.09 19:58:50.703,0.81441,0.81463,1.75,1.00
2017.01.09 19:58:51.204,0.81442,0.81464,2.25,1.00
2017.01.09 19:58:52.527,0.81443,0.8146,1.12,1.00
2017.01.09 19:58:52.729,0.81442,0.81463,1.50,1.00
2017.01.09 19:58:52.943,0.81442,0.8146,2.25,1.00
2017.01.09 19:58:53.392,0.81442,0.81463,2.25,1.00
2017.01.09 19:58:53.779,0.81443,0.8146,1.12,1.00
2017.01.09 19:58:53.837,0.81443,0.81464,1.12,1.00
2017.01.09 19:58:54.056,0.81444,0.81464,1.37,1.00
2017.01.09 19:58:57.550,0.81443,0.81464,1.00,1.00
2017.01.09 19:59:00.110,0.81442,0.81457,1.00,1.00
2017.01.09 19:59:00.241,0.81439,0.81455,1.00,1.50
2017.01.09 19:59:00.342,0.81436,0.81455,1.00,1.50
2017.01.09 19:59:00.494,0.81437,0.8145,1.00,1.00
2017.01.09 19:59:00.545,0.81433,0.8145,1.00,1.50
2017.01.09 19:59:01.046,0.81432,0.8145,1.00,1.50
2017.01.09 19:59:01.596,0.81432,0.81447,1.00,1.00
2017.01.09 19:59:01.798,0.8143,0.81447,1.12,1.00
2017.01.09 19:59:02.196,0.81427,0.81447,1.12,1.00
2017.01.09 19:59:02.356,0.81427,0.81445,1.12,1.00
2017.01.09 19:59:03.113,0.81427,0.81445,1.00,1.37
2017.01.09 19:59:03.744,0.81426,0.81445,1.00,2.25
2017.01.09 19:59:04.277,0.81427,0.81445,1.00,1.87
2017.01.09 19:59:04.923,0.81427,0.81445,1.00,1.50
2017.01.09 19:59:05.692,0.81427,0.81443,1.00,1.00
2017.01.09 19:59:05.742,0.81423,0.81441,1.50,1.00
2017.01.09 19:59:05.994,0.81426,0.81445,1.00,1.50
2017.01.09 19:59:06.045,0.81427,0.81445,1.00,1.50
2017.01.09 19:59:07.073,0.81426,0.81445,1.00,1.50
2017.01.09 19:59:07.702,0.81427,0.81445,1.00,1.50
2017.01.09 19:59:08.316,0.81427,0.8144,1.00,1.00
2017.01.09 19:59:08.468,0.81423,0.8144,1.50,1.00
2017.01.09 19:59:09.206,0.81421,0.8144,1.50,1.00
2017.01.09 19:59:09.966,0.81421,0.81441,1.00,1.00
2017.01.09 19:59:10.414,0.81422,0.81445,1.00,2.25
2017.01.09 19:59:11.390,0.81421,0.81444,1.50,1.00
2017.01.09 19:59:11.477,0.81421,0.8144,2.25,1.00
2017.01.09 19:59:12.822,0.81421,0.81435,1.00,1.00
2017.01.09 19:59:13.125,0.81421,0.8144,1.00,1.00
2017.01.09 19:59:13.584,0.81421,0.81435,1.00,1.00
2017.01.09 19:59:14.667,0.81421,0.8144,1.00,1.00
2017.01.09 19:59:14.834,0.81421,0.81435,1.00,1.00
2017.01.09 19:59:15.829,0.81421,0.8144,1.00,1.00
2017.01.09 19:59:17.356,0.81421,0.81435,1.00,1.00
2017.01.09 19:59:17.608,0.81417,0.81435,2.25,1.00
2017.01.09 19:59:18.161,0.81417,0.81435,1.50,1.00
2017.01.09 19:59:18.798,0.81418,0.81435,1.00,1.00
2017.01.09 19:59:21.330,0.81417,0.81435,1.50,1.00
2017.01.09 19:59:21.834,0.81418,0.81435,1.00,1.00
2017.01.09 19:59:22.434,0.81416,0.81435,1.87,1.00
2017.01.09 19:59:22.635,0.81418,0.81435,1.00,1.00
2017.01.09 19:59:25.056,0.81417,0.81435,1.50,1.00
2017.01.09 19:59:25.878,0.81418,0.81435,1.00,1.00
2017.01.09 19:59:28.558,0.81417,0.8143,1.00,1.00
2017.01.09 19:59:28.608,0.81416,0.81435,1.12,1.00
2017.01.09 19:59:29.626,0.81417,0.81435,1.00,1.00
2017.01.09 19:59:30.134,0.81418,0.81435,1.00,1.00
2017.01.09 19:59:30.659,0.81418,0.81435,1.50,1.00
2017.01.09 19:59:37.668,0.81414,0.81435,1.75,1.50
2017.01.09 19:59:37.719,0.81414,0.81435,1.75,1.50
2017.01.09 19:59:38.264,0.81412,0.81436,2.25,1.50
2017.01.09 19:59:38.818,0.81412,0.81435,2.25,1.00
2017.01.09 19:59:39.770,0.81411,0.8143,1.75,1.00
2017.01.09 19:59:39.821,0.81411,0.8143,1.75,1.00
2017.01.09 19:59:39.872,0.8141,0.81433,2.25,1.00
2017.01.09 19:59:40.073,0.8141,0.8143,2.25,1.00
2017.01.09 19:59:40.182,0.8141,0.81433,2.25,1.00
2017.01.09 19:59:40.383,0.81412,0.81435,2.25,1.12
2017.01.09 19:59:40.992,0.81414,0.81435,1.00,1.12
2017.01.09 19:59:41.747,0.81412,0.81435,2.25,1.12
2017.01.09 19:59:42.145,0.81415,0.81435,1.50,1.12
2017.01.09 19:59:42.612,0.81418,0.81435,1.00,1.00
2017.01.09 19:59:43.435,0.81414,0.81435,1.50,1.00
2017.01.09 19:59:43.536,0.81414,0.8143,1.50,1.00
2017.01.09 19:59:43.960,0.81416,0.81435,1.00,1.00
2017.01.09 19:59:44.447,0.81416,0.8143,1.00,1.00
2017.01.09 19:59:44.778,0.81416,0.81435,1.00,1.00
2017.01.09 19:59:45.077,0.81416,0.81431,1.00,1.00
2017.01.09 19:59:45.127,0.81415,0.81435,1.87,1.00
2017.01.09 19:59:45.544,0.81416,0.8143,1.00,1.00
2017.01.09 19:59:47.041,0.81416,0.81435,1.00,1.00
2017.01.09 19:59:47.192,0.81416,0.81435,1.37,1.00
2017.01.09 19:59:48.035,0.81415,0.8143,1.75,1.00
2017.01.09 19:59:48.136,0.81415,0.81435,2.25,1.00
2017.01.09 19:59:48.237,0.81425,0.8144,1.00,1.00
2017.01.09 19:59:48.538,0.8143,0.81447,1.00,2.62
2017.01.09 19:59:48.639,0.81432,0.81454,1.75,1.00
2017.01.09 19:59:49.193,0.81432,0.81451,1.20,1.00
2017.01.09 19:59:49.294,0.81432,0.81454,1.95,1.00
2017.01.09 19:59:49.345,0.8144,0.81454,1.00,1.00
2017.01.09 19:59:49.396,0.81435,0.81454,1.50,1.00
2017.01.09 19:59:49.597,0.81435,0.81455,2.62,1.00
2017.01.09 19:59:49.705,0.81435,0.81458,3.82,1.00
2017.01.09 19:59:49.756,0.81436,0.8146,1.75,1.50
2017.01.09 19:59:49.857,0.81442,0.81464,1.00,1.50
2017.01.09 19:59:49.958,0.81442,0.81465,1.37,1.50
2017.01.09 19:59:50.080,0.81442,0.81465,2.25,1.00
2017.01.09 19:59:50.853,0.81444,0.8146,1.50,1.00
2017.01.09 19:59:50.954,0.81445,0.81465,1.37,1.00
2017.01.09 19:59:51.078,0.81444,0.8146,1.50,1.00
2017.01.09 19:59:51.405,0.81444,0.8146,1.12,1.00
2017.01.09 19:59:51.927,0.81443,0.8146,1.12,1.00
2017.01.09 19:59:52.443,0.81443,0.8146,1.75,1.00
2017.01.09 19:59:53.340,0.81446,0.81455,1.12,1.00
2017.01.09 19:59:53.390,0.81441,0.81461,1.75,1.00
2017.01.09 19:59:53.441,0.81441,0.81455,1.50,1.00
2017.01.09 19:59:53.753,0.81438,0.81455,1.75,1.00
2017.01.09 19:59:54.531,0.8144,0.8145,1.12,1.00
2017.01.09 19:59:54.643,0.8144,0.81455,1.12,1.00
2017.01.09 19:59:55.112,0.81437,0.8145,1.37,1.00
2017.01.09 19:59:55.200,0.81437,0.81455,1.00,1.00
2017.01.09 19:59:55.250,0.81434,0.81451,1.00,1.00
2017.01.09 19:59:55.502,0.81432,0.8145,1.00,1.00
2017.01.09 19:59:56.079,0.81431,0.8145,1.00,1.00
2017.01.09 19:59:56.918,0.81433,0.8145,1.00,1.00
2017.01.09 19:59:58.097,0.81431,0.8145,1.00,1.00
2017.01.09 19:59:58.148,0.81429,0.8145,1.00,1.00
2017.01.09 19:59:58.400,0.81431,0.8145,1.00,1.00
2017.01.09 19:59:58.757,0.81433,0.8145,1.00,1.00
2017.01.09 19:59:59.059,0.81433,0.81455,1.00,1.00
2017.01.09 19:59:59.124,0.81439,0.81455,1.00,1.00
2017.01.09 19:59:59.447,0.81437,0.81455,1.00,1.00
