2014.12.30 12:00:00.294,0.93435,0.93473,2.25,1.17
2014.12.30 12:00:00.879,0.9344,0.93473,1.00,1.17
2014.12.30 12:00:01.323,0.93435,0.93473,1.15,1.17
2014.12.30 12:00:01.984,0.9344,0.93473,1.00,1.17
2014.12.30 12:00:02.093,0.93435,0.93473,1.15,1.17
2014.12.30 12:00:03.243,0.9344,0.93473,1.00,1.17
2014.12.30 12:00:03.633,0.93435,0.93473,1.15,1.17
2014.12.30 12:00:04.332,0.9344,0.93473,1.00,1.17
2014.12.30 12:00:04.433,0.93435,0.93473,1.15,1.87
2014.12.30 12:00:04.886,0.9344,0.93473,1.00,1.87
2014.12.30 12:00:05.624,0.93435,0.93473,1.27,1.87
2014.12.30 12:00:06.053,0.9344,0.93473,1.00,1.87
2014.12.30 12:00:06.715,0.93435,0.93473,1.27,2.25
2014.12.30 12:00:07.532,0.93435,0.93473,1.27,1.87
2014.12.30 12:00:08.488,0.93433,0.93472,1.27,2.55
2014.12.30 12:00:08.589,0.93433,0.93472,1.15,2.55
2014.12.30 12:00:08.741,0.93432,0.93468,1.00,1.50
2014.12.30 12:00:08.792,0.9343,0.93468,2.02,1.45
2014.12.30 12:00:09.145,0.93435,0.93473,1.27,2.25
2014.12.30 12:00:10.344,0.9344,0.93473,1.00,1.15
2014.12.30 12:00:10.893,0.93435,0.93473,1.27,1.15
2014.12.30 12:00:12.103,0.9344,0.93473,1.00,1.15
2014.12.30 12:00:12.693,0.93435,0.93473,1.27,1.15
2014.12.30 12:00:13.108,0.9344,0.93473,1.00,1.15
2014.12.30 12:00:13.313,0.93435,0.93473,2.25,1.15
2014.12.30 12:00:17.214,0.93435,0.9347,1.27,1.00
2014.12.30 12:00:18.221,0.93435,0.93468,1.27,1.00
2014.12.30 12:00:18.322,0.93435,0.9347,1.27,1.00
2014.12.30 12:00:20.452,0.93435,0.93468,1.17,1.00
2014.12.30 12:00:20.553,0.93435,0.9347,1.17,1.00
2014.12.30 12:00:21.772,0.93434,0.93471,1.15,1.10
2014.12.30 12:00:23.471,0.93435,0.93471,1.00,5.55
2014.12.30 12:00:23.913,0.9343,0.93468,2.25,1.52
2014.12.30 12:00:24.064,0.93435,0.93468,1.00,1.52
2014.12.30 12:00:24.682,0.9343,0.93468,2.25,1.52
2014.12.30 12:00:25.251,0.93435,0.93468,1.00,1.27
2014.12.30 12:00:25.976,0.93435,0.93469,1.17,1.00
2014.12.30 12:00:26.077,0.93435,0.93471,1.17,1.10
2014.12.30 12:00:26.229,0.9344,0.93471,1.00,1.10
2014.12.30 12:00:26.481,0.93435,0.93471,1.55,1.10
2014.12.30 12:00:28.672,0.93437,0.93471,1.30,1.10
2014.12.30 12:00:29.441,0.93438,0.93471,1.35,1.10
2014.12.30 12:00:29.542,0.93438,0.93474,1.50,1.00
2014.12.30 12:00:30.160,0.93436,0.93474,1.50,1.37
2014.12.30 12:00:33.115,0.9344,0.93474,1.10,1.00
2014.12.30 12:00:40.558,0.9344,0.93475,1.10,1.00
2014.12.30 12:00:41.629,0.9344,0.93475,1.10,1.37
2014.12.30 12:00:49.674,0.93435,0.93474,1.87,1.12
2014.12.30 12:00:50.199,0.93435,0.93473,1.87,1.00
2014.12.30 12:00:55.194,0.93435,0.93471,1.87,1.37
2014.12.30 12:00:55.346,0.93435,0.93471,1.00,1.52
2014.12.30 12:00:55.739,0.9343,0.93467,2.25,1.00
2014.12.30 12:00:56.298,0.93435,0.93467,1.00,1.00
2014.12.30 12:00:56.601,0.93431,0.93466,1.45,1.37
2014.12.30 12:00:57.115,0.93431,0.93466,1.45,1.12
2014.12.30 12:00:58.598,0.93431,0.93465,1.45,1.00
2014.12.30 12:00:58.906,0.93422,0.9346,1.17,1.07
2014.12.30 12:00:58.957,0.9342,0.93459,1.12,1.17
2014.12.30 12:00:59.008,0.93424,0.93458,1.30,1.45
2014.12.30 12:00:59.312,0.93428,0.93455,1.30,1.00
2014.12.30 12:00:59.363,0.93427,0.9346,1.30,1.00
2014.12.30 12:00:59.817,0.93424,0.93457,1.45,1.00
2014.12.30 12:01:00.019,0.93419,0.93458,1.87,1.15
2014.12.30 12:01:00.069,0.93419,0.93453,1.87,1.00
2014.12.30 12:01:00.221,0.93416,0.93451,1.30,1.17
2014.12.30 12:01:00.523,0.93418,0.93449,1.30,1.00
2014.12.30 12:01:00.783,0.93415,0.93449,1.05,1.00
2014.12.30 12:01:01.194,0.93415,0.93445,1.30,1.00
2014.12.30 12:01:01.499,0.93419,0.93447,1.30,1.15
2014.12.30 12:01:01.549,0.93416,0.93447,1.30,1.15
2014.12.30 12:01:01.651,0.93417,0.93448,1.30,1.00
2014.12.30 12:01:01.752,0.93421,0.93451,1.30,1.17
2014.12.30 12:01:01.853,0.93421,0.93452,1.30,1.00
2014.12.30 12:01:01.954,0.93428,0.93454,1.30,1.00
2014.12.30 12:01:02.105,0.93426,0.93454,1.30,1.00
2014.12.30 12:01:02.206,0.93429,0.93456,1.30,1.17
2014.12.30 12:01:02.551,0.93428,0.93458,1.30,1.00
2014.12.30 12:01:02.832,0.9343,0.93458,1.30,1.00
2014.12.30 12:01:03.085,0.93426,0.93456,1.30,1.00
2014.12.30 12:01:03.186,0.93428,0.93456,1.30,1.00
2014.12.30 12:01:03.287,0.93426,0.93457,1.30,1.00
2014.12.30 12:01:03.338,0.9343,0.93457,1.00,1.00
2014.12.30 12:01:03.590,0.9343,0.93461,1.00,1.10
2014.12.30 12:01:03.640,0.93434,0.93461,1.00,1.10
2014.12.30 12:01:03.993,0.93435,0.93459,1.00,1.00
2014.12.30 12:01:04.097,0.9343,0.93461,1.00,1.10
2014.12.30 12:01:04.763,0.93435,0.93462,1.00,1.07
2014.12.30 12:01:05.294,0.93434,0.93463,1.00,1.17
2014.12.30 12:01:05.647,0.9343,0.93461,1.00,1.10
2014.12.30 12:01:07.036,0.93435,0.93463,1.00,1.17
2014.12.30 12:01:07.188,0.9343,0.93463,1.00,1.17
2014.12.30 12:01:07.440,0.9343,0.93463,1.10,1.00
2014.12.30 12:01:07.490,0.93435,0.93463,1.00,1.00
2014.12.30 12:01:07.743,0.93435,0.93469,1.80,1.37
2014.12.30 12:01:07.794,0.93439,0.93469,1.05,1.37
2014.12.30 12:01:07.844,0.93439,0.93469,1.05,1.00
2014.12.30 12:01:07.896,0.93441,0.93469,1.30,1.00
2014.12.30 12:01:07.946,0.93441,0.93471,1.30,1.00
2014.12.30 12:01:08.388,0.93441,0.93473,1.30,1.00
2014.12.30 12:01:08.489,0.93443,0.93473,1.30,1.00
2014.12.30 12:01:09.015,0.93442,0.93473,1.30,1.00
2014.12.30 12:01:09.066,0.9344,0.93473,1.72,1.00
2014.12.30 12:01:09.831,0.93445,0.93473,1.00,1.00
2014.12.30 12:01:09.935,0.93445,0.93476,1.00,1.17
2014.12.30 12:01:11.220,0.93442,0.93476,1.30,1.17
2014.12.30 12:01:11.573,0.93445,0.93476,1.00,1.17
2014.12.30 12:01:18.521,0.9345,0.93475,1.00,1.10
2014.12.30 12:01:18.846,0.93445,0.93475,1.00,1.10
2014.12.30 12:01:19.635,0.93445,0.93477,1.00,1.07
2014.12.30 12:01:19.685,0.93455,0.93477,1.00,1.07
2014.12.30 12:01:19.736,0.93455,0.93481,1.00,1.65
2014.12.30 12:01:19.837,0.9345,0.93481,1.00,1.17
2014.12.30 12:01:20.039,0.93455,0.93483,1.00,1.12
2014.12.30 12:01:20.464,0.9345,0.93483,1.72,1.12
2014.12.30 12:01:20.568,0.93455,0.93483,1.00,1.12
2014.12.30 12:01:21.082,0.93455,0.93483,1.00,1.37
2014.12.30 12:01:21.233,0.9345,0.9348,1.00,1.57
2014.12.30 12:01:21.485,0.9345,0.93478,1.00,1.37
2014.12.30 12:01:21.587,0.93445,0.93475,1.00,1.12
2014.12.30 12:01:22.352,0.93445,0.93475,1.00,1.07
2014.12.30 12:01:23.679,0.9345,0.93475,1.00,1.15
2014.12.30 12:01:24.094,0.93445,0.93475,1.00,1.15
2014.12.30 12:01:26.064,0.9345,0.93476,1.00,1.15
2014.12.30 12:01:26.215,0.93445,0.93476,1.72,1.15
2014.12.30 12:01:27.268,0.93448,0.93479,1.30,3.07
2014.12.30 12:01:27.369,0.93449,0.93484,1.90,3.82
2014.12.30 12:01:27.470,0.9345,0.93484,1.60,1.55
2014.12.30 12:01:27.521,0.93455,0.93484,1.00,1.55
2014.12.30 12:01:32.470,0.93454,0.93486,1.00,1.15
2014.12.30 12:01:33.431,0.9345,0.93486,1.00,1.27
2014.12.30 12:01:33.684,0.93455,0.93486,1.00,1.27
2014.12.30 12:01:35.741,0.9345,0.93486,1.00,1.27
2014.12.30 12:01:36.423,0.93455,0.93486,1.00,1.27
2014.12.30 12:01:36.525,0.9345,0.93486,1.00,1.52
2014.12.30 12:01:36.626,0.93447,0.93485,1.17,1.27
2014.12.30 12:01:36.676,0.93445,0.93483,1.80,1.65
2014.12.30 12:01:36.727,0.93445,0.93481,1.00,1.82
2014.12.30 12:01:36.778,0.93445,0.93481,1.00,1.87
2014.12.30 12:01:36.879,0.9344,0.93478,1.65,1.47
2014.12.30 12:01:36.980,0.9344,0.93474,1.15,1.00
2014.12.30 12:01:37.311,0.93445,0.93474,1.00,1.00
2014.12.30 12:01:37.412,0.9344,0.93474,1.15,1.00
2014.12.30 12:01:37.611,0.93445,0.93474,1.00,1.00
2014.12.30 12:01:37.929,0.9344,0.93474,1.15,1.00
2014.12.30 12:01:37.979,0.93445,0.93474,1.00,1.00
2014.12.30 12:01:41.084,0.93445,0.93476,1.00,1.00
2014.12.30 12:01:41.286,0.9344,0.93476,1.87,1.00
2014.12.30 12:01:41.387,0.93445,0.93476,1.00,1.00
2014.12.30 12:01:41.488,0.9344,0.93476,1.87,1.00
2014.12.30 12:01:43.212,0.93443,0.93476,1.00,1.00
2014.12.30 12:01:43.263,0.93444,0.93477,2.17,1.00
2014.12.30 12:01:43.365,0.93445,0.93481,1.87,1.00
2014.12.30 12:01:43.466,0.9345,0.93481,1.67,1.00
2014.12.30 12:01:43.718,0.93455,0.93486,1.00,1.12
2014.12.30 12:01:44.387,0.93455,0.93483,1.00,1.00
2014.12.30 12:01:44.438,0.9345,0.93483,1.87,1.00
2014.12.30 12:01:45.684,0.93454,0.93483,1.00,1.00
2014.12.30 12:01:48.061,0.93449,0.93483,1.15,1.00
2014.12.30 12:01:50.061,0.93455,0.93483,1.00,1.00
2014.12.30 12:01:50.184,0.93455,0.93485,1.00,1.00
2014.12.30 12:01:50.437,0.93455,0.93488,1.00,1.27
2014.12.30 12:01:50.740,0.9346,0.93488,1.00,1.27
2014.12.30 12:01:50.841,0.93455,0.93488,1.35,1.27
2014.12.30 12:01:51.141,0.9346,0.93488,1.00,1.27
2014.12.30 12:01:51.251,0.93455,0.93488,1.35,1.27
2014.12.30 12:01:51.711,0.9346,0.93488,1.00,1.12
2014.12.30 12:01:51.862,0.9346,0.93496,2.85,1.65
2014.12.30 12:01:51.913,0.93465,0.93496,1.00,1.15
2014.12.30 12:01:52.014,0.93465,0.93497,1.00,1.20
2014.12.30 12:01:52.065,0.93461,0.93497,1.72,1.20
2014.12.30 12:01:52.368,0.93465,0.93498,1.00,1.55
2014.12.30 12:01:52.469,0.93461,0.93498,1.72,1.55
2014.12.30 12:01:52.925,0.93464,0.93499,1.00,1.52
2014.12.30 12:01:53.440,0.93465,0.93499,1.00,1.52
2014.12.30 12:01:53.780,0.93461,0.93499,2.10,1.52
2014.12.30 12:01:54.154,0.93465,0.93498,1.00,1.27
2014.12.30 12:01:54.356,0.9346,0.93498,3.00,1.55
2014.12.30 12:01:54.662,0.93465,0.93498,1.00,1.55
2014.12.30 12:01:55.141,0.9346,0.93497,3.00,1.20
2014.12.30 12:01:55.591,0.93457,0.93494,2.70,1.00
2014.12.30 12:01:55.793,0.93455,0.93493,1.87,1.55
2014.12.30 12:01:56.297,0.93451,0.93489,2.32,1.37
2014.12.30 12:01:56.803,0.93451,0.93489,2.32,1.12
2014.12.30 12:01:57.325,0.93451,0.93489,2.32,1.37
2014.12.30 12:01:58.365,0.93451,0.93489,2.32,1.37
2014.12.30 12:01:58.516,0.9345,0.93489,1.17,1.52
2014.12.30 12:01:58.768,0.93455,0.93489,1.00,1.27
2014.12.30 12:01:58.869,0.9345,0.93489,1.17,1.27
2014.12.30 12:02:02.763,0.9345,0.93486,1.17,1.47
2014.12.30 12:02:03.438,0.93446,0.93486,4.05,1.10
2014.12.30 12:02:07.680,0.93455,0.93487,1.07,1.10
2014.12.30 12:02:07.832,0.93455,0.93493,1.55,1.15
2014.12.30 12:02:07.883,0.93456,0.93493,2.62,1.07
2014.12.30 12:02:08.034,0.93456,0.93495,3.45,1.00
2014.12.30 12:02:09.803,0.93456,0.93496,3.45,1.10
2014.12.30 12:02:10.697,0.93456,0.93496,3.07,1.47
2014.12.30 12:02:10.798,0.93456,0.93496,3.07,1.10
2014.12.30 12:02:11.728,0.93456,0.93495,4.05,1.00
2014.12.30 12:02:12.236,0.9346,0.93496,1.17,1.10
2014.12.30 12:02:12.861,0.9346,0.93496,3.00,1.10
2014.12.30 12:02:13.520,0.93465,0.93498,1.00,1.52
2014.12.30 12:02:13.581,0.9346,0.93498,3.97,1.52
2014.12.30 12:02:13.732,0.93465,0.93499,1.00,1.52
2014.12.30 12:02:14.241,0.93461,0.93499,1.65,1.52
2014.12.30 12:02:14.392,0.9346,0.93495,1.17,1.37
2014.12.30 12:02:14.853,0.9346,0.93497,1.17,1.17
2014.12.30 12:02:16.003,0.93465,0.93499,1.00,1.15
2014.12.30 12:02:16.440,0.9346,0.93499,1.27,1.15
2014.12.30 12:02:16.592,0.93464,0.93501,1.00,4.42
2014.12.30 12:02:17.360,0.93465,0.93501,1.00,3.45
2014.12.30 12:02:19.378,0.93465,0.93501,1.07,1.27
2014.12.30 12:02:19.479,0.93465,0.93501,1.17,1.10
2014.12.30 12:02:19.731,0.93466,0.93502,1.05,1.17
2014.12.30 12:02:19.782,0.9347,0.93505,1.17,1.00
2014.12.30 12:02:19.883,0.93475,0.93507,1.00,1.10
2014.12.30 12:02:19.985,0.93472,0.93507,1.00,1.10
2014.12.30 12:02:20.211,0.93475,0.93509,1.00,1.52
2014.12.30 12:02:20.421,0.9347,0.93509,1.17,1.52
2014.12.30 12:02:20.530,0.93475,0.93509,1.00,1.52
2014.12.30 12:02:21.191,0.9347,0.93509,1.27,1.52
2014.12.30 12:02:21.391,0.93475,0.93509,1.00,1.52
2014.12.30 12:02:21.642,0.93469,0.93509,2.40,1.52
2014.12.30 12:02:22.865,0.93475,0.93509,1.00,1.52
2014.12.30 12:02:23.039,0.9347,0.93509,1.27,1.52
2014.12.30 12:02:23.926,0.9347,0.93509,1.17,1.65
2014.12.30 12:02:24.128,0.9347,0.93508,1.17,1.27
2014.12.30 12:02:24.481,0.93475,0.93509,1.00,1.27
2014.12.30 12:02:24.801,0.9347,0.93509,2.02,1.27
2014.12.30 12:02:25.053,0.93475,0.93509,1.00,1.27
2014.12.30 12:02:25.557,0.9347,0.93509,3.00,1.27
2014.12.30 12:02:26.096,0.9347,0.93506,2.70,2.32
2014.12.30 12:02:26.197,0.9347,0.9351,1.95,3.45
2014.12.30 12:02:27.030,0.93475,0.9351,1.00,3.45
2014.12.30 12:02:27.131,0.9347,0.9351,1.95,3.45
2014.12.30 12:02:27.994,0.9347,0.93506,1.87,2.32
2014.12.30 12:02:28.355,0.9347,0.93506,1.87,2.32
2014.12.30 12:02:28.795,0.93475,0.93506,1.12,2.25
2014.12.30 12:02:28.846,0.93475,0.9351,1.12,1.15
2014.12.30 12:02:29.640,0.9348,0.93511,1.00,3.07
2014.12.30 12:02:29.860,0.93475,0.93511,1.00,3.07
2014.12.30 12:02:30.774,0.93474,0.9351,1.00,1.15
2014.12.30 12:02:32.313,0.93475,0.9351,1.00,1.15
2014.12.30 12:02:32.530,0.93471,0.9351,1.47,1.65
2014.12.30 12:02:32.977,0.93475,0.9351,1.00,1.15
2014.12.30 12:02:34.286,0.93471,0.9351,1.47,1.65
2014.12.30 12:02:34.387,0.93471,0.93505,1.47,2.25
2014.12.30 12:02:34.963,0.93471,0.93504,1.37,2.32
2014.12.30 12:02:35.247,0.93474,0.93509,1.00,2.32
2014.12.30 12:02:35.770,0.93475,0.93509,1.00,2.32
2014.12.30 12:02:39.026,0.93479,0.93509,1.00,2.32
2014.12.30 12:02:40.860,0.93471,0.93509,1.12,2.32
2014.12.30 12:02:41.012,0.93475,0.93509,1.00,2.32
2014.12.30 12:02:43.534,0.93471,0.93509,1.37,2.32
2014.12.30 12:02:44.128,0.93471,0.93509,1.75,2.32
2014.12.30 12:02:46.838,0.93475,0.93509,1.00,2.32
2014.12.30 12:02:47.502,0.93471,0.93509,1.12,2.32
2014.12.30 12:02:47.705,0.93475,0.93509,1.00,2.70
2014.12.30 12:02:49.039,0.93472,0.93509,1.00,2.32
2014.12.30 12:02:49.089,0.93472,0.93509,1.37,2.32
2014.12.30 12:02:49.448,0.93475,0.93511,1.00,1.17
2014.12.30 12:02:50.217,0.93472,0.93511,1.55,1.17
2014.12.30 12:02:54.390,0.93475,0.9351,1.00,1.20
2014.12.30 12:02:55.379,0.93474,0.9351,1.10,1.20
2014.12.30 12:02:55.930,0.93475,0.9351,1.00,1.45
2014.12.30 12:02:56.140,0.93474,0.93508,1.00,2.70
2014.12.30 12:02:56.291,0.9347,0.93508,1.50,3.07
2014.12.30 12:02:56.594,0.93466,0.93503,1.50,1.42
2014.12.30 12:02:56.644,0.93465,0.93503,2.25,1.42
2014.12.30 12:02:56.745,0.93465,0.93502,1.75,1.12
2014.12.30 12:02:56.998,0.93465,0.93499,1.75,1.00
2014.12.30 12:02:57.099,0.93465,0.93501,1.15,1.00
2014.12.30 12:02:57.949,0.9347,0.93503,1.00,1.57
2014.12.30 12:02:58.251,0.93475,0.93503,1.00,1.10
2014.12.30 12:02:58.459,0.9347,0.93503,1.00,1.10
2014.12.30 12:02:58.611,0.93475,0.93507,1.00,1.27
2014.12.30 12:02:59.056,0.9347,0.93507,1.00,1.27
2014.12.30 12:02:59.560,0.9347,0.93499,1.00,1.52
2014.12.30 12:03:00.013,0.93465,0.93499,1.60,1.27
2014.12.30 12:03:00.114,0.9347,0.935,1.00,1.52
2014.12.30 12:03:00.330,0.93465,0.93495,1.60,1.00
2014.12.30 12:03:00.625,0.93465,0.93495,1.60,1.07
2014.12.30 12:03:00.776,0.93461,0.93495,1.00,1.52
2014.12.30 12:03:01.028,0.93465,0.93495,1.00,2.02
2014.12.30 12:03:02.311,0.9346,0.93495,1.00,1.15
2014.12.30 12:03:02.462,0.93465,0.93495,1.00,1.15
2014.12.30 12:03:02.969,0.9346,0.93495,1.00,1.15
2014.12.30 12:03:12.121,0.93465,0.93497,1.00,2.32
2014.12.30 12:03:12.374,0.93465,0.93499,1.00,1.52
2014.12.30 12:03:16.499,0.9346,0.93501,2.02,1.65
2014.12.30 12:03:17.199,0.93465,0.93501,1.00,1.65
2014.12.30 12:03:17.706,0.93465,0.93501,1.00,2.02
2014.12.30 12:03:20.086,0.93465,0.93498,1.00,2.70
2014.12.30 12:03:20.389,0.93465,0.93495,1.00,3.45
2014.12.30 12:03:20.933,0.93464,0.93495,1.00,3.07
2014.12.30 12:03:21.454,0.93465,0.93495,1.00,2.32
2014.12.30 12:03:22.102,0.93465,0.93498,1.00,1.52
2014.12.30 12:03:23.869,0.93459,0.93499,1.52,3.45
2014.12.30 12:03:24.020,0.93465,0.93499,1.00,3.45
2014.12.30 12:03:24.530,0.93459,0.93499,1.52,3.45
2014.12.30 12:03:24.749,0.93465,0.93499,1.00,3.45
2014.12.30 12:03:24.859,0.9346,0.93499,1.27,3.45
2014.12.30 12:03:25.010,0.93465,0.93498,1.00,1.27
2014.12.30 12:03:27.294,0.9346,0.93498,1.27,1.52
2014.12.30 12:03:28.920,0.93462,0.93499,1.05,3.07
2014.12.30 12:03:29.122,0.93465,0.93502,1.55,1.15
2014.12.30 12:03:29.173,0.93469,0.93502,1.00,1.15
2014.12.30 12:03:29.324,0.93469,0.93502,1.27,1.00
2014.12.30 12:03:29.526,0.93475,0.93508,1.00,2.32
2014.12.30 12:03:29.728,0.93475,0.93511,1.10,1.15
2014.12.30 12:03:31.569,0.9348,0.93511,1.00,1.52
2014.12.30 12:03:31.788,0.93474,0.93511,1.17,1.52
2014.12.30 12:03:32.343,0.9348,0.93511,1.00,1.52
2014.12.30 12:03:32.582,0.93475,0.93511,1.10,1.52
2014.12.30 12:03:33.619,0.93475,0.93508,1.00,2.70
2014.12.30 12:03:33.921,0.9347,0.93504,1.00,2.70
2014.12.30 12:03:34.324,0.9347,0.93499,1.00,3.07
2014.12.30 12:03:34.576,0.93465,0.93495,1.00,2.32
2014.12.30 12:03:34.678,0.9346,0.93495,1.00,2.32
2014.12.30 12:03:34.779,0.93465,0.93493,1.00,1.52
2014.12.30 12:03:35.131,0.93465,0.93491,1.00,3.07
2014.12.30 12:03:35.419,0.9346,0.93491,1.00,3.45
2014.12.30 12:03:36.229,0.93455,0.93491,1.00,3.45
2014.12.30 12:03:36.299,0.93459,0.93491,1.00,3.45
2014.12.30 12:03:37.329,0.9346,0.93491,1.00,3.45
2014.12.30 12:03:41.384,0.93455,0.93491,1.00,2.70
2014.12.30 12:03:42.463,0.93459,0.93491,1.00,2.70
2014.12.30 12:03:44.358,0.9346,0.9349,1.00,1.27
2014.12.30 12:03:44.682,0.93455,0.9349,1.00,1.52
2014.12.30 12:03:44.990,0.9346,0.9349,1.00,1.52
2014.12.30 12:03:46.862,0.93455,0.9349,1.00,1.15
2014.12.30 12:03:49.169,0.9346,0.9349,1.00,1.27
2014.12.30 12:03:50.158,0.93465,0.93491,1.00,3.07
2014.12.30 12:03:52.158,0.93464,0.93491,1.00,3.07
2014.12.30 12:03:52.459,0.9346,0.93491,1.00,3.07
2014.12.30 12:03:55.177,0.9346,0.93491,1.00,1.65
2014.12.30 12:03:55.479,0.9346,0.93491,1.00,1.50
2014.12.30 12:03:55.995,0.93459,0.93491,1.00,1.37
2014.12.30 12:03:59.814,0.93459,0.93491,1.00,1.50
2014.12.30 12:04:03.993,0.93459,0.93491,1.00,1.37
2014.12.30 12:04:05.045,0.93459,0.93491,1.00,1.37
2014.12.30 12:04:05.375,0.93465,0.93491,1.00,1.37
2014.12.30 12:04:05.581,0.9346,0.93491,1.00,1.37
2014.12.30 12:04:07.010,0.9346,0.93492,1.00,1.37
2014.12.30 12:04:07.111,0.93465,0.93493,1.00,1.57
2014.12.30 12:04:07.366,0.9346,0.93494,1.00,1.52
2014.12.30 12:04:07.467,0.93465,0.93498,1.00,6.00
2014.12.30 12:04:07.518,0.93465,0.93498,1.00,1.52
2014.12.30 12:04:07.669,0.9347,0.93498,1.00,1.52
2014.12.30 12:04:07.922,0.9347,0.93502,1.00,1.52
2014.12.30 12:04:08.418,0.93464,0.93502,1.15,1.52
2014.12.30 12:04:08.787,0.9348,0.93506,1.00,2.70
2014.12.30 12:04:08.838,0.9348,0.93508,1.00,1.52
2014.12.30 12:04:08.939,0.93475,0.93508,1.00,1.50
2014.12.30 12:04:09.090,0.9348,0.93509,1.00,4.42
2014.12.30 12:04:09.191,0.93475,0.93509,1.00,4.42
2014.12.30 12:04:09.438,0.9348,0.93509,1.00,3.45
2014.12.30 12:04:10.092,0.9348,0.9351,1.00,2.70
2014.12.30 12:04:10.142,0.9348,0.93511,1.00,3.00
2014.12.30 12:04:10.428,0.93475,0.93511,1.10,3.00
2014.12.30 12:04:11.097,0.9348,0.93511,1.00,3.37
2014.12.30 12:04:11.418,0.93475,0.93509,1.10,1.50
2014.12.30 12:04:11.519,0.9348,0.93511,1.00,2.40
2014.12.30 12:04:12.228,0.9348,0.93514,1.17,2.25
2014.12.30 12:04:12.730,0.9348,0.93514,1.17,1.50
2014.12.30 12:04:12.781,0.9348,0.93513,1.17,1.47
2014.12.30 12:04:13.297,0.9348,0.93511,1.00,1.45
2014.12.30 12:04:17.135,0.93475,0.93509,1.15,1.42
2014.12.30 12:04:17.655,0.93475,0.93508,1.15,1.30
2014.12.30 12:04:18.031,0.9348,0.93508,1.00,1.30
2014.12.30 12:04:19.670,0.93475,0.93508,1.15,1.30
2014.12.30 12:04:20.308,0.93475,0.93509,1.15,1.42
2014.12.30 12:04:21.970,0.93475,0.93508,1.15,1.30
2014.12.30 12:04:22.481,0.93475,0.93509,1.15,1.42
2014.12.30 12:04:23.807,0.93475,0.93508,1.15,1.30
2014.12.30 12:04:24.062,0.9348,0.93509,1.00,1.42
2014.12.30 12:04:25.252,0.93479,0.93509,1.00,1.42
2014.12.30 12:04:25.358,0.93475,0.93509,1.15,1.42
2014.12.30 12:04:25.508,0.9348,0.9351,1.00,1.50
2014.12.30 12:04:26.189,0.9348,0.93509,1.00,1.85
2014.12.30 12:04:26.293,0.9348,0.93506,1.00,1.50
2014.12.30 12:04:26.394,0.93475,0.93503,1.00,1.35
2014.12.30 12:04:26.495,0.9347,0.93503,1.15,1.35
2014.12.30 12:04:29.028,0.93475,0.93506,1.00,3.00
2014.12.30 12:04:29.129,0.93475,0.93502,1.00,1.30
2014.12.30 12:04:29.683,0.93475,0.93504,1.00,2.10
2014.12.30 12:04:30.138,0.9347,0.93505,1.15,1.20
2014.12.30 12:04:31.113,0.9347,0.93506,1.15,1.55
2014.12.30 12:04:32.325,0.93475,0.93506,1.00,1.55
2014.12.30 12:04:32.630,0.9347,0.93506,1.15,1.55
2014.12.30 12:04:32.731,0.9347,0.93506,1.07,3.82
2014.12.30 12:04:33.366,0.9347,0.93503,1.00,1.52
2014.12.30 12:04:37.569,0.93465,0.93502,1.15,1.27
2014.12.30 12:04:38.813,0.93469,0.93502,1.00,1.27
2014.12.30 12:04:38.964,0.93469,0.93503,1.07,1.07
2014.12.30 12:04:39.065,0.93469,0.93505,1.15,1.20
2014.12.30 12:04:39.657,0.93475,0.93505,1.00,1.20
2014.12.30 12:04:39.968,0.93475,0.93505,1.00,1.55
2014.12.30 12:04:40.119,0.93469,0.93504,1.00,1.82
2014.12.30 12:04:40.472,0.93475,0.93505,1.00,1.52
2014.12.30 12:04:40.775,0.9347,0.93504,1.00,1.82
2014.12.30 12:04:41.907,0.9347,0.93501,1.00,1.20
2014.12.30 12:04:47.577,0.93465,0.93503,1.15,1.52
2014.12.30 12:04:48.062,0.9347,0.93503,1.00,1.52
2014.12.30 12:04:49.819,0.9347,0.93503,1.07,1.45
2014.12.30 12:04:50.247,0.93469,0.93505,1.35,1.52
2014.12.30 12:04:50.349,0.93475,0.93505,1.00,1.52
2014.12.30 12:04:50.554,0.9347,0.93505,1.00,1.52
2014.12.30 12:04:50.757,0.9347,0.93505,1.17,1.20
2014.12.30 12:04:51.013,0.93475,0.93505,1.00,1.20
2014.12.30 12:04:51.131,0.9347,0.93506,1.17,1.45
2014.12.30 12:04:52.248,0.9347,0.93506,1.17,1.45
2014.12.30 12:04:53.052,0.9347,0.93506,1.17,1.57
2014.12.30 12:04:57.959,0.93469,0.93504,1.45,1.35
2014.12.30 12:04:58.893,0.9347,0.93506,1.17,2.17
2014.12.30 12:04:58.995,0.9347,0.93506,1.10,3.60
2014.12.30 12:04:59.529,0.93465,0.935,2.25,1.00
2014.12.30 12:05:00.230,0.93464,0.93495,2.32,1.00
2014.12.30 12:05:00.332,0.9346,0.93495,3.07,1.00
2014.12.30 12:05:00.483,0.93459,0.93495,2.32,1.45
2014.12.30 12:05:00.534,0.93457,0.93495,1.27,1.52
2014.12.30 12:05:00.742,0.93457,0.93495,1.15,2.40
2014.12.30 12:05:00.944,0.93455,0.93494,1.87,3.45
2014.12.30 12:05:09.474,0.93453,0.9348,1.15,1.00
2014.12.30 12:05:09.625,0.93448,0.9348,2.32,1.00
2014.12.30 12:05:09.726,0.93446,0.9348,1.10,1.17
2014.12.30 12:05:09.827,0.93446,0.93485,3.07,1.65
2014.12.30 12:05:10.079,0.9345,0.93487,1.15,1.10
2014.12.30 12:05:11.782,0.93455,0.9349,1.00,1.15
2014.12.30 12:05:11.883,0.93455,0.93494,2.70,1.27
2014.12.30 12:05:11.933,0.93455,0.9349,2.32,1.00
2014.12.30 12:05:12.135,0.93455,0.93494,2.32,1.87
2014.12.30 12:05:12.186,0.93454,0.93493,2.70,2.62
2014.12.30 12:05:12.236,0.93455,0.93493,1.17,2.70
2014.12.30 12:05:16.650,0.93451,0.9349,2.62,3.07
2014.12.30 12:05:16.700,0.9345,0.93489,3.00,2.32
2014.12.30 12:05:17.184,0.9345,0.93489,3.00,2.32
2014.12.30 12:05:19.289,0.93451,0.93489,1.42,2.32
2014.12.30 12:05:19.783,0.93451,0.93489,1.42,2.32
2014.12.30 12:05:20.347,0.9345,0.93489,2.25,2.32
2014.12.30 12:05:20.982,0.9345,0.93485,1.45,2.32
2014.12.30 12:05:21.083,0.9345,0.93484,1.45,2.25
2014.12.30 12:05:21.134,0.9345,0.93489,1.52,1.15
2014.12.30 12:05:23.539,0.93455,0.93489,1.00,1.15
2014.12.30 12:05:25.189,0.9345,0.93489,1.52,1.15
2014.12.30 12:05:27.998,0.9345,0.93489,2.25,1.15
2014.12.30 12:05:29.190,0.93455,0.93491,1.00,4.87
2014.12.30 12:05:30.481,0.93455,0.93491,2.70,4.50
2014.12.30 12:05:30.532,0.93456,0.93494,1.12,1.15
2014.12.30 12:05:30.583,0.9346,0.93494,1.37,1.15
2014.12.30 12:05:30.633,0.9346,0.93496,1.52,1.15
2014.12.30 12:05:30.835,0.93461,0.93499,2.62,4.20
2014.12.30 12:05:31.712,0.93465,0.93499,1.00,2.32
2014.12.30 12:05:35.860,0.93461,0.93499,1.72,2.32
2014.12.30 12:05:36.011,0.93462,0.93499,1.42,2.32
2014.12.30 12:05:37.321,0.93463,0.93499,1.00,2.32
2014.12.30 12:05:38.235,0.93462,0.93499,1.42,2.32
2014.12.30 12:05:38.487,0.93457,0.93494,1.12,1.52
2014.12.30 12:05:38.538,0.93455,0.93488,1.00,1.15
2014.12.30 12:05:38.790,0.93448,0.93486,1.15,1.87
2014.12.30 12:05:38.981,0.93442,0.93482,1.82,1.15
2014.12.30 12:05:40.395,0.93441,0.9348,3.67,1.55
2014.12.30 12:05:40.907,0.93445,0.9348,1.17,1.27
2014.12.30 12:05:43.407,0.93441,0.9348,2.70,1.55
2014.12.30 12:05:43.916,0.93441,0.9348,2.32,1.27
2014.12.30 12:05:44.484,0.93441,0.9348,2.70,1.55
2014.12.30 12:05:44.987,0.93441,0.9348,2.32,1.17
2014.12.30 12:05:45.453,0.93439,0.9348,1.27,1.15
2014.12.30 12:05:50.578,0.93437,0.93475,3.37,2.25
2014.12.30 12:05:50.679,0.93437,0.93474,1.37,2.32
2014.12.30 12:05:51.801,0.93437,0.93477,1.52,1.45
2014.12.30 12:05:53.047,0.93437,0.93477,1.65,1.45
2014.12.30 12:06:01.590,0.93439,0.93478,3.07,1.87
2014.12.30 12:06:01.890,0.93446,0.93483,1.52,1.15
2014.12.30 12:06:02.412,0.93444,0.93485,1.52,4.80
2014.12.30 12:06:02.817,0.93447,0.93485,2.70,1.80
2014.12.30 12:06:13.080,0.9345,0.93489,1.52,1.45
2014.12.30 12:06:21.252,0.93448,0.93485,2.62,1.10
2014.12.30 12:06:23.183,0.93448,0.93485,3.07,1.10
2014.12.30 12:06:24.609,0.93449,0.93489,1.27,1.15
2014.12.30 12:06:24.911,0.93455,0.93492,3.07,1.05
2014.12.30 12:06:24.962,0.93455,0.9349,3.07,1.00
2014.12.30 12:06:25.466,0.93455,0.9349,2.70,1.00
2014.12.30 12:06:25.516,0.93455,0.93492,3.45,1.05
2014.12.30 12:06:25.808,0.93455,0.9349,2.70,1.00
2014.12.30 12:06:27.702,0.93455,0.9349,3.07,1.00
2014.12.30 12:06:28.768,0.93456,0.93491,1.65,1.00
2014.12.30 12:06:29.759,0.93456,0.9349,1.65,1.00
2014.12.30 12:06:31.188,0.93456,0.93491,1.65,1.00
2014.12.30 12:06:32.288,0.93456,0.9349,1.65,1.00
2014.12.30 12:06:39.328,0.93457,0.93491,1.52,1.00
2014.12.30 12:06:41.088,0.93457,0.9349,1.52,1.00
2014.12.30 12:06:48.133,0.93457,0.9349,1.65,1.00
2014.12.30 12:06:49.469,0.93457,0.93485,1.65,1.00
2014.12.30 12:06:50.084,0.93457,0.93485,1.52,1.00
2014.12.30 12:06:54.614,0.93457,0.93485,1.00,1.00
2014.12.30 12:06:54.765,0.93451,0.9348,2.70,1.00
2014.12.30 12:06:54.917,0.9345,0.9348,1.55,1.00
2014.12.30 12:06:55.068,0.9345,0.93486,1.55,1.00
2014.12.30 12:06:55.169,0.93451,0.9348,1.47,1.00
2014.12.30 12:06:57.050,0.93449,0.9348,1.65,1.00
2014.12.30 12:06:57.151,0.93449,0.9348,2.02,1.00
2014.12.30 12:06:57.869,0.93449,0.9348,1.65,1.00
2014.12.30 12:07:00.036,0.93448,0.93484,2.02,1.30
2014.12.30 12:07:00.544,0.93448,0.93485,2.02,1.00
2014.12.30 12:07:02.336,0.93448,0.9348,2.02,1.00
2014.12.30 12:07:02.437,0.93448,0.93485,2.02,1.00
2014.12.30 12:07:03.132,0.93448,0.9348,2.02,1.00
2014.12.30 12:07:03.234,0.93448,0.93485,2.02,1.00
2014.12.30 12:07:05.178,0.93448,0.9348,2.02,1.00
2014.12.30 12:07:05.691,0.93448,0.93481,2.25,1.00
2014.12.30 12:07:05.842,0.93447,0.93475,1.52,1.00
2014.12.30 12:07:05.944,0.93444,0.93475,1.65,1.00
2014.12.30 12:07:06.095,0.93444,0.93481,1.27,1.00
2014.12.30 12:07:06.599,0.93445,0.9348,6.97,1.00
2014.12.30 12:07:06.851,0.93446,0.93485,1.90,1.72
2014.12.30 12:07:08.724,0.93448,0.93485,1.27,1.00
2014.12.30 12:07:09.610,0.93448,0.93489,2.02,1.15
2014.12.30 12:07:09.812,0.93448,0.93485,1.65,1.00
2014.12.30 12:07:11.779,0.93448,0.93488,2.02,1.12
2014.12.30 12:07:12.253,0.93448,0.93485,1.65,1.00
2014.12.30 12:07:15.998,0.93448,0.93486,1.65,1.00
2014.12.30 12:07:16.111,0.93448,0.93488,1.65,1.12
2014.12.30 12:07:16.618,0.93448,0.93485,1.65,1.00
2014.12.30 12:07:16.944,0.93448,0.93485,1.90,1.00
2014.12.30 12:07:17.257,0.93449,0.93485,1.65,1.00
2014.12.30 12:07:17.773,0.93448,0.93485,1.52,1.00
2014.12.30 12:07:19.830,0.93446,0.93485,1.90,1.00
2014.12.30 12:07:21.576,0.93446,0.93485,4.12,1.00
2014.12.30 12:07:21.677,0.93451,0.93489,3.07,1.00
2014.12.30 12:07:22.181,0.93453,0.9349,1.90,1.00
2014.12.30 12:07:22.660,0.93454,0.9349,2.25,1.00
2014.12.30 12:07:22.711,0.93454,0.93495,2.25,2.62
2014.12.30 12:07:23.215,0.93455,0.93491,1.87,1.00
2014.12.30 12:07:23.973,0.93455,0.9349,1.87,1.00
2014.12.30 12:07:24.547,0.93455,0.93495,1.65,1.65
2014.12.30 12:07:24.900,0.93457,0.93495,1.52,1.00
2014.12.30 12:07:26.876,0.93457,0.93495,1.65,1.00
2014.12.30 12:07:27.985,0.93457,0.93496,2.02,1.00
2014.12.30 12:07:29.046,0.93457,0.93495,2.02,1.00
2014.12.30 12:07:29.840,0.93457,0.93496,2.02,1.00
2014.12.30 12:07:30.417,0.93457,0.93495,2.02,1.00
2014.12.30 12:07:34.657,0.93457,0.93496,2.02,1.00
2014.12.30 12:07:35.171,0.93457,0.93495,3.00,1.00
2014.12.30 12:07:37.889,0.93457,0.9349,2.02,1.00
2014.12.30 12:07:41.224,0.93459,0.9349,1.27,1.00
2014.12.30 12:07:41.375,0.9346,0.935,3.82,1.00
2014.12.30 12:07:41.729,0.93464,0.93495,1.45,1.00
2014.12.30 12:07:41.830,0.93464,0.935,1.45,1.00
2014.12.30 12:07:42.032,0.93463,0.93495,2.62,1.00
2014.12.30 12:07:42.137,0.93463,0.935,2.62,1.00
2014.12.30 12:07:42.389,0.93463,0.93495,2.62,1.00
2014.12.30 12:07:42.490,0.93463,0.935,1.92,1.00
2014.12.30 12:07:43.038,0.93463,0.93501,1.92,1.00
2014.12.30 12:07:43.238,0.93463,0.93495,1.92,1.00
2014.12.30 12:07:43.502,0.93463,0.935,1.92,1.00
2014.12.30 12:07:45.138,0.93463,0.93496,1.92,1.00
2014.12.30 12:07:45.652,0.93463,0.93495,1.92,1.00
2014.12.30 12:07:45.703,0.93463,0.935,1.92,1.00
2014.12.30 12:07:47.754,0.93464,0.935,1.45,1.00
2014.12.30 12:07:47.906,0.93466,0.93505,1.45,1.07
2014.12.30 12:07:47.957,0.93469,0.93505,1.57,1.00
2014.12.30 12:07:48.007,0.93469,0.935,1.57,1.00
2014.12.30 12:07:48.058,0.93469,0.935,1.27,1.00
2014.12.30 12:07:48.260,0.93466,0.935,1.00,1.37
2014.12.30 12:07:48.562,0.93456,0.9349,1.15,1.00
2014.12.30 12:07:49.068,0.93455,0.93485,3.07,1.00
2014.12.30 12:07:49.270,0.93452,0.93485,1.65,1.00
2014.12.30 12:07:49.874,0.9345,0.9348,2.70,1.00
2014.12.30 12:07:50.177,0.9345,0.93485,2.32,1.00
2014.12.30 12:07:50.635,0.9345,0.93488,3.07,1.30
2014.12.30 12:07:50.736,0.9345,0.9349,3.45,1.72
2014.12.30 12:07:50.837,0.93451,0.93485,1.15,1.00
2014.12.30 12:07:53.705,0.93451,0.93486,1.52,1.00
2014.12.30 12:07:54.240,0.93451,0.93485,1.52,1.00
2014.12.30 12:07:54.551,0.93451,0.9348,1.52,1.00
2014.12.30 12:07:54.908,0.93451,0.93485,1.52,1.00
2014.12.30 12:07:55.938,0.93452,0.9349,1.52,1.00
2014.12.30 12:07:55.988,0.93452,0.9349,1.90,1.00
2014.12.30 12:07:56.140,0.93456,0.93495,1.52,1.00
2014.12.30 12:07:56.645,0.9346,0.93495,1.47,1.00
2014.12.30 12:07:56.695,0.9346,0.93495,1.27,1.00
2014.12.30 12:07:57.207,0.9346,0.93495,3.45,1.00
2014.12.30 12:07:58.856,0.9346,0.93496,3.07,1.00
2014.12.30 12:07:59.378,0.9346,0.93495,3.07,1.00
2014.12.30 12:07:59.874,0.9346,0.93499,3.45,1.30
2014.12.30 12:08:00.507,0.9346,0.93495,3.45,1.00
2014.12.30 12:08:01.094,0.9346,0.93496,3.45,1.00
2014.12.30 12:08:01.754,0.9346,0.93495,3.45,1.00
2014.12.30 12:08:04.338,0.9346,0.93495,4.57,1.00
2014.12.30 12:08:04.389,0.93462,0.935,1.52,1.00
2014.12.30 12:08:04.440,0.93463,0.935,2.70,1.00
2014.12.30 12:08:04.746,0.93465,0.935,2.70,1.00
2014.12.30 12:08:05.612,0.93465,0.93505,2.70,1.72
2014.12.30 12:08:05.662,0.93472,0.93505,1.00,1.72
2014.12.30 12:08:05.965,0.93461,0.935,1.52,1.72
2014.12.30 12:08:06.016,0.93461,0.93495,1.52,1.00
2014.12.30 12:08:06.520,0.9346,0.93495,3.82,1.00
2014.12.30 12:08:07.037,0.9346,0.93495,3.82,1.00
2014.12.30 12:08:07.106,0.9346,0.935,3.82,1.30
2014.12.30 12:08:07.656,0.9346,0.93495,3.82,1.00
2014.12.30 12:08:08.234,0.9346,0.935,3.82,1.72
2014.12.30 12:08:10.187,0.9346,0.93495,3.82,1.00
2014.12.30 12:08:11.082,0.9346,0.93496,3.45,1.00
2014.12.30 12:08:11.605,0.9346,0.93495,2.70,1.00
2014.12.30 12:08:11.915,0.9346,0.9349,2.70,1.00
2014.12.30 12:08:12.429,0.9346,0.93491,2.70,1.00
2014.12.30 12:08:12.737,0.9346,0.93495,2.70,1.00
2014.12.30 12:08:12.839,0.9346,0.93485,2.25,1.00
2014.12.30 12:08:12.890,0.93454,0.93485,4.80,1.00
2014.12.30 12:08:13.047,0.93454,0.9349,5.55,1.00
2014.12.30 12:08:13.308,0.93456,0.93494,1.12,1.45
2014.12.30 12:08:13.359,0.93456,0.93494,1.20,1.37
2014.12.30 12:08:14.070,0.93453,0.93485,6.60,1.00
2014.12.30 12:08:14.171,0.93453,0.9349,6.60,1.00
2014.12.30 12:08:14.271,0.93454,0.93485,1.82,1.00
2014.12.30 12:08:14.740,0.93454,0.93491,1.50,1.00
2014.12.30 12:08:14.957,0.93454,0.93485,1.50,1.00
2014.12.30 12:08:15.356,0.93454,0.9349,1.50,1.00
2014.12.30 12:08:16.126,0.93456,0.93495,1.50,1.00
2014.12.30 12:08:16.689,0.93456,0.93496,2.20,1.00
2014.12.30 12:08:16.791,0.93455,0.93495,1.87,1.00
2014.12.30 12:08:16.997,0.93459,0.93495,1.67,1.00
2014.12.30 12:08:17.596,0.9346,0.93495,1.30,1.00
2014.12.30 12:08:17.647,0.9346,0.93495,1.37,1.00
2014.12.30 12:08:18.193,0.9346,0.93495,1.82,1.00
2014.12.30 12:08:21.108,0.9346,0.935,1.50,1.10
2014.12.30 12:08:21.233,0.9346,0.93495,1.50,1.00
2014.12.30 12:08:21.342,0.9346,0.935,1.45,1.10
2014.12.30 12:08:21.567,0.93459,0.93495,4.05,1.00
2014.12.30 12:08:23.961,0.93459,0.935,4.42,1.80
2014.12.30 12:08:24.062,0.9346,0.93495,2.25,1.00
2014.12.30 12:08:27.287,0.93459,0.93495,1.10,1.10
2014.12.30 12:08:29.725,0.93457,0.93495,1.52,1.10
2014.12.30 12:08:32.442,0.93457,0.93495,1.27,1.10
2014.12.30 12:08:33.347,0.93457,0.93495,1.15,1.47
2014.12.30 12:08:33.649,0.93454,0.9349,2.70,1.00
2014.12.30 12:08:36.163,0.93454,0.93485,3.30,1.00
2014.12.30 12:08:39.054,0.93454,0.93485,2.32,1.60
2014.12.30 12:08:39.105,0.93451,0.93485,1.87,1.60
2014.12.30 12:08:39.156,0.93448,0.93481,3.82,1.00
2014.12.30 12:08:39.560,0.93449,0.93485,1.82,1.60
2014.12.30 12:08:39.913,0.93453,0.9348,1.05,1.00
2014.12.30 12:08:42.967,0.93453,0.93485,1.05,1.00
2014.12.30 12:08:44.104,0.93453,0.9349,1.05,1.17
2014.12.30 12:08:44.205,0.93455,0.9349,1.30,1.17
2014.12.30 12:08:44.558,0.93453,0.93494,1.80,2.70
2014.12.30 12:08:44.869,0.93455,0.93494,1.00,2.32
2014.12.30 12:08:45.465,0.93454,0.93494,1.00,2.32
2014.12.30 12:08:46.296,0.93452,0.93494,2.62,2.32
2014.12.30 12:08:59.150,0.93453,0.9349,1.45,1.12
2014.12.30 12:09:00.128,0.93451,0.9348,2.25,1.00
2014.12.30 12:09:00.178,0.93447,0.9348,1.15,1.00
2014.12.30 12:09:00.380,0.93441,0.9348,1.15,1.00
2014.12.30 12:09:00.928,0.93441,0.93481,1.15,1.50
2014.12.30 12:09:01.465,0.93441,0.9348,1.87,1.00
2014.12.30 12:09:02.341,0.93444,0.93484,1.50,1.15
2014.12.30 12:09:02.422,0.93444,0.93484,1.50,1.15
2014.12.30 12:09:02.776,0.93445,0.9348,1.42,1.00
2014.12.30 12:09:03.123,0.93443,0.93485,1.87,1.15
2014.12.30 12:09:03.878,0.93443,0.93481,1.87,1.00
2014.12.30 12:09:03.930,0.93443,0.93481,1.82,1.00
2014.12.30 12:09:04.433,0.93443,0.93485,1.82,1.15
2014.12.30 12:09:06.785,0.93445,0.93485,2.62,1.07
2014.12.30 12:09:06.887,0.93448,0.93485,1.15,1.00
2014.12.30 12:09:07.195,0.93451,0.93492,3.37,4.27
2014.12.30 12:09:07.246,0.93451,0.93492,3.45,1.65
2014.12.30 12:09:07.806,0.93452,0.9349,1.52,1.00
2014.12.30 12:09:07.961,0.93454,0.93495,1.52,1.15
2014.12.30 12:09:08.025,0.93454,0.9349,1.52,1.00
2014.12.30 12:09:10.163,0.93451,0.93493,3.45,1.17
2014.12.30 12:09:10.365,0.93451,0.9349,3.45,1.00
2014.12.30 12:09:10.567,0.93451,0.93492,3.07,1.10
2014.12.30 12:09:11.614,0.93451,0.93492,3.07,2.55
2014.12.30 12:09:11.665,0.93451,0.93485,3.07,1.00
2014.12.30 12:09:11.766,0.9345,0.93485,1.35,1.00
2014.12.30 12:09:12.169,0.93451,0.93485,1.45,1.00
2014.12.30 12:09:12.220,0.93451,0.9349,1.45,1.50
2014.12.30 12:09:12.546,0.93452,0.93485,1.45,1.00
2014.12.30 12:09:12.647,0.93452,0.9349,1.45,1.50
2014.12.30 12:09:14.010,0.93452,0.93485,1.82,1.00
2014.12.30 12:09:14.526,0.93452,0.9349,1.82,1.00
2014.12.30 12:09:14.627,0.93454,0.9349,1.67,1.00
2014.12.30 12:09:15.235,0.93455,0.9349,1.35,1.00
2014.12.30 12:09:17.375,0.93454,0.93493,1.67,1.15
2014.12.30 12:09:17.899,0.93454,0.9349,1.67,1.00
2014.12.30 12:09:18.419,0.93455,0.93494,1.30,1.52
2014.12.30 12:09:18.940,0.93455,0.9349,1.30,1.00
2014.12.30 12:09:19.685,0.93455,0.93494,1.30,1.27
2014.12.30 12:09:20.475,0.93453,0.93494,1.12,1.27
2014.12.30 12:09:22.048,0.93455,0.93494,1.30,1.15
2014.12.30 12:09:22.884,0.93455,0.9349,1.30,1.00
2014.12.30 12:09:24.204,0.93455,0.93493,1.30,1.15
2014.12.30 12:09:26.196,0.93453,0.93493,1.12,1.15
2014.12.30 12:09:26.712,0.93454,0.93493,1.35,1.15
2014.12.30 12:09:28.219,0.93454,0.93494,3.67,1.00
2014.12.30 12:09:29.120,0.93454,0.93494,3.30,1.37
2014.12.30 12:09:29.423,0.93452,0.93485,1.55,1.00
2014.12.30 12:09:29.725,0.93451,0.9349,2.25,1.47
2014.12.30 12:09:29.927,0.93452,0.93485,1.12,1.00
2014.12.30 12:09:30.611,0.93452,0.9349,1.12,1.95
2014.12.30 12:09:31.566,0.93452,0.93485,1.12,1.00
2014.12.30 12:09:31.817,0.93452,0.9349,1.12,2.55
2014.12.30 12:09:32.126,0.93452,0.93485,1.12,1.00
2014.12.30 12:09:32.555,0.9345,0.9349,1.87,2.55
2014.12.30 12:09:32.884,0.9345,0.93485,1.45,1.00
2014.12.30 12:09:33.148,0.93454,0.9349,1.30,1.42
2014.12.30 12:09:33.672,0.93453,0.93491,1.05,2.62
2014.12.30 12:09:34.131,0.93453,0.93494,2.17,1.52
2014.12.30 12:09:36.248,0.93454,0.93495,1.67,3.45
2014.12.30 12:09:37.250,0.93455,0.93495,1.67,4.57
2014.12.30 12:09:38.572,0.93455,0.93495,1.30,4.20
2014.12.30 12:09:42.089,0.93455,0.93495,1.30,5.32
2014.12.30 12:09:42.191,0.93453,0.93489,1.05,1.37
2014.12.30 12:09:43.484,0.93452,0.93485,1.12,1.00
2014.12.30 12:09:43.681,0.93452,0.93487,1.12,1.00
2014.12.30 12:09:43.732,0.93452,0.93489,1.50,1.00
2014.12.30 12:09:43.832,0.93454,0.93493,1.37,1.42
2014.12.30 12:09:43.883,0.93454,0.93493,1.45,1.35
2014.12.30 12:09:44.560,0.93455,0.9349,1.50,1.00
2014.12.30 12:09:44.934,0.93455,0.93493,1.50,1.35
2014.12.30 12:09:45.106,0.93455,0.9349,1.50,1.00
2014.12.30 12:09:45.435,0.93454,0.93493,1.82,1.35
2014.12.30 12:09:46.241,0.93455,0.9349,1.45,1.00
2014.12.30 12:09:47.542,0.93456,0.93493,1.45,1.00
2014.12.30 12:09:55.399,0.93456,0.93494,1.82,1.00
2014.12.30 12:09:55.962,0.93457,0.93495,1.50,1.20
2014.12.30 12:09:56.945,0.93457,0.93495,1.50,1.10
2014.12.30 12:09:57.147,0.9346,0.93499,1.82,1.10
2014.12.30 12:09:57.570,0.93468,0.935,1.00,1.17
2014.12.30 12:09:57.671,0.93465,0.93505,3.67,1.50
2014.12.30 12:09:59.162,0.93466,0.93503,1.82,1.00
2014.12.30 12:09:59.363,0.93466,0.93505,1.82,1.00
2014.12.30 12:10:00.071,0.93465,0.93506,4.42,1.80
2014.12.30 12:10:00.581,0.93468,0.93505,1.45,1.00
2014.12.30 12:10:02.806,0.93468,0.935,1.82,1.00
2014.12.30 12:10:03.357,0.93468,0.93505,1.82,1.00
2014.12.30 12:10:05.737,0.93465,0.93502,3.00,1.07
2014.12.30 12:10:05.788,0.93461,0.93496,1.17,1.00
2014.12.30 12:10:06.246,0.93463,0.93495,1.37,1.00
2014.12.30 12:10:06.348,0.93463,0.935,1.45,1.00
2014.12.30 12:10:10.874,0.93462,0.93495,3.97,1.00
2014.12.30 12:10:10.925,0.93461,0.93495,1.05,1.00
2014.12.30 12:10:11.026,0.93461,0.935,1.05,1.65
2014.12.30 12:10:11.191,0.93459,0.93495,1.87,1.00
2014.12.30 12:10:12.073,0.93459,0.93497,1.45,1.00
2014.12.30 12:10:12.587,0.93459,0.93498,1.45,1.05
2014.12.30 12:10:17.327,0.93458,0.93495,1.87,1.00
2014.12.30 12:10:17.580,0.93459,0.935,1.87,1.65
2014.12.30 12:10:17.681,0.93459,0.93495,1.87,1.00
2014.12.30 12:10:18.117,0.93459,0.935,1.15,1.65
2014.12.30 12:10:18.344,0.93459,0.93495,1.87,1.00
2014.12.30 12:10:18.581,0.93459,0.935,1.15,1.65
2014.12.30 12:10:18.783,0.93459,0.93496,1.15,1.00
2014.12.30 12:10:19.292,0.93459,0.93495,1.87,1.00
2014.12.30 12:10:20.737,0.93459,0.93499,1.87,1.12
2014.12.30 12:10:20.844,0.93459,0.93499,1.87,1.87
2014.12.30 12:10:21.046,0.93453,0.9349,1.17,1.42
2014.12.30 12:10:21.097,0.93453,0.93485,1.07,1.00
2014.12.30 12:10:21.349,0.93441,0.93481,1.17,1.87
2014.12.30 12:10:39.069,0.93445,0.93483,1.30,3.07
2014.12.30 12:10:39.574,0.93444,0.93483,1.30,3.07
2014.12.30 12:10:42.174,0.93444,0.9348,1.05,1.10
2014.12.30 12:10:48.777,0.93446,0.9348,1.30,1.10
2014.12.30 12:10:49.080,0.93449,0.9348,1.12,1.00
2014.12.30 12:10:49.130,0.93449,0.93489,1.12,1.27
2014.12.30 12:10:49.653,0.93448,0.93485,1.87,1.00
2014.12.30 12:10:49.906,0.93448,0.9348,1.45,1.00
2014.12.30 12:10:52.208,0.93448,0.9348,1.37,1.00
2014.12.30 12:10:52.309,0.93444,0.9348,1.12,1.00
2014.12.30 12:10:53.735,0.93444,0.93484,1.12,2.25
2014.12.30 12:10:59.620,0.93445,0.93484,1.05,1.52
2014.12.30 12:10:59.721,0.93444,0.93475,1.12,1.00
2014.12.30 12:10:59.974,0.93434,0.9347,1.05,1.00
2014.12.30 12:11:00.125,0.93439,0.9347,1.30,1.00
2014.12.30 12:11:00.529,0.93438,0.93478,1.12,1.15
2014.12.30 12:11:01.062,0.93439,0.93475,1.05,1.00
2014.12.30 12:11:02.995,0.93436,0.93475,1.45,1.37
2014.12.30 12:11:03.097,0.93435,0.93471,1.10,1.10
2014.12.30 12:11:03.745,0.93431,0.9347,1.87,1.00
2014.12.30 12:11:03.998,0.93431,0.93465,1.45,1.00
2014.12.30 12:11:04.099,0.93431,0.9347,1.45,1.50
2014.12.30 12:11:04.200,0.93431,0.93465,1.45,1.00
2014.12.30 12:11:06.067,0.93432,0.9347,1.82,1.37
2014.12.30 12:11:06.587,0.93433,0.9347,1.82,1.00
2014.12.30 12:11:06.862,0.93433,0.93465,1.82,1.00
2014.12.30 12:11:07.995,0.93433,0.93465,2.25,1.00
2014.12.30 12:11:08.147,0.93434,0.93471,1.50,1.57
2014.12.30 12:11:08.198,0.93434,0.93471,1.50,1.57
2014.12.30 12:11:09.834,0.93433,0.93471,1.82,1.10
2014.12.30 12:11:10.377,0.93433,0.9347,1.82,1.00
2014.12.30 12:11:11.815,0.93433,0.93471,1.82,1.10
2014.12.30 12:11:12.326,0.93433,0.9347,1.82,1.00
2014.12.30 12:11:12.943,0.93434,0.9347,1.50,1.00
2014.12.30 12:11:13.813,0.93438,0.9347,1.27,1.00
2014.12.30 12:11:14.227,0.93436,0.93474,2.70,1.30
2014.12.30 12:11:14.456,0.93436,0.9347,2.70,1.00
2014.12.30 12:11:15.625,0.93436,0.93475,2.70,2.85
2014.12.30 12:11:16.437,0.93436,0.9347,2.70,1.00
2014.12.30 12:11:18.485,0.93436,0.93475,2.70,2.85
2014.12.30 12:11:19.079,0.93436,0.93475,2.32,3.22
2014.12.30 12:11:19.130,0.93434,0.93472,1.47,1.82
2014.12.30 12:11:19.231,0.93431,0.93464,1.00,1.00
2014.12.30 12:11:19.432,0.93428,0.93465,1.17,1.10
2014.12.30 12:11:19.584,0.93426,0.93465,2.62,1.10
2014.12.30 12:11:20.599,0.93426,0.9346,1.87,1.00
2014.12.30 12:11:20.901,0.93428,0.9346,2.25,1.00
2014.12.30 12:11:20.952,0.93428,0.93468,2.25,1.45
2014.12.30 12:11:21.165,0.93428,0.9346,1.87,1.00
2014.12.30 12:11:21.267,0.93427,0.93465,1.82,1.10
2014.12.30 12:11:21.620,0.93428,0.93465,1.50,1.10
2014.12.30 12:11:21.672,0.93426,0.93462,2.25,1.00
2014.12.30 12:11:21.791,0.93426,0.93467,2.25,1.87
2014.12.30 12:11:21.943,0.93427,0.9346,1.45,1.00
2014.12.30 12:11:22.582,0.93426,0.93465,1.45,1.57
2014.12.30 12:11:23.308,0.93425,0.93464,1.45,1.00
2014.12.30 12:11:23.813,0.93431,0.93465,1.00,1.10
2014.12.30 12:11:23.914,0.93426,0.93466,1.27,1.17
2014.12.30 12:11:25.441,0.93431,0.93465,1.00,1.10
2014.12.30 12:11:25.614,0.93426,0.93465,2.25,1.10
2014.12.30 12:11:31.158,0.93428,0.93468,1.55,1.15
2014.12.30 12:11:31.360,0.93428,0.93465,1.12,1.10
2014.12.30 12:11:32.223,0.93431,0.93468,1.00,1.15
2014.12.30 12:11:32.324,0.93428,0.93468,1.17,1.15
2014.12.30 12:11:34.421,0.93431,0.93466,1.00,1.17
2014.12.30 12:11:34.623,0.93428,0.93468,1.17,1.15
2014.12.30 12:11:37.132,0.93431,0.93466,1.00,1.17
2014.12.30 12:11:37.346,0.93426,0.93466,1.15,1.17
2014.12.30 12:11:37.903,0.93424,0.93463,2.32,1.00
2014.12.30 12:11:43.164,0.93427,0.93463,1.07,1.07
2014.12.30 12:11:43.214,0.93425,0.93463,1.00,1.15
2014.12.30 12:11:43.315,0.93423,0.93463,1.20,1.15
2014.12.30 12:11:43.416,0.93425,0.93465,1.00,1.15
2014.12.30 12:11:43.728,0.93425,0.9346,1.30,1.00
2014.12.30 12:11:43.779,0.93423,0.9346,1.87,1.00
2014.12.30 12:11:43.904,0.93423,0.93463,1.87,1.87
2014.12.30 12:11:44.005,0.93425,0.93464,1.30,1.15
2014.12.30 12:11:44.510,0.93424,0.93463,1.30,1.65
2014.12.30 12:11:45.036,0.93418,0.93463,4.87,1.27
2014.12.30 12:11:46.681,0.93428,0.93463,1.00,1.27
2014.12.30 12:11:46.903,0.93418,0.93467,5.85,6.37
2014.12.30 12:11:48.519,0.93422,0.9346,1.07,2.25
2014.12.30 12:11:48.721,0.93419,0.93459,1.10,1.15
2014.12.30 12:11:51.224,0.93418,0.93455,2.32,1.00
2014.12.30 12:11:51.641,0.9342,0.93459,1.82,1.00
2014.12.30 12:11:51.742,0.93423,0.9346,2.62,1.00
2014.12.30 12:11:52.146,0.93425,0.93462,1.45,1.00
2014.12.30 12:11:52.196,0.93425,0.9346,1.45,1.00
2014.12.30 12:11:53.244,0.93426,0.93461,1.45,1.00
2014.12.30 12:11:53.825,0.93426,0.9346,1.45,1.00
2014.12.30 12:11:54.369,0.93426,0.93461,1.45,1.00
2014.12.30 12:11:54.623,0.93424,0.93464,1.50,1.10
2014.12.30 12:11:55.566,0.93424,0.9346,1.50,1.00
2014.12.30 12:11:56.406,0.93429,0.9346,1.30,1.00
2014.12.30 12:11:56.457,0.93429,0.93464,1.35,1.10
2014.12.30 12:11:56.507,0.93429,0.93464,1.42,1.10
2014.12.30 12:11:56.659,0.93431,0.93469,1.45,1.10
2014.12.30 12:11:56.811,0.93433,0.93473,1.87,1.07
2014.12.30 12:11:56.862,0.93433,0.93474,1.65,1.05
2014.12.30 12:11:57.403,0.93433,0.93473,1.87,1.30
2014.12.30 12:11:58.258,0.93437,0.93475,1.10,1.17
2014.12.30 12:11:59.105,0.93436,0.93474,2.32,1.10
2014.12.30 12:11:59.614,0.93437,0.93475,2.32,1.50
2014.12.30 12:11:59.918,0.93437,0.93465,2.32,1.00
2014.12.30 12:12:00.069,0.93431,0.93465,2.70,1.00
2014.12.30 12:12:00.426,0.93431,0.9346,2.70,1.00
2014.12.30 12:12:00.880,0.93431,0.93465,2.32,1.00
2014.12.30 12:12:01.275,0.93431,0.9346,2.32,1.00
2014.12.30 12:12:01.477,0.93427,0.9346,2.32,1.00
2014.12.30 12:12:02.704,0.93429,0.93465,1.45,1.00
2014.12.30 12:12:06.879,0.93427,0.93465,2.25,3.15
2014.12.30 12:12:06.980,0.93425,0.93465,2.02,3.22
2014.12.30 12:12:07.232,0.93422,0.9346,3.82,1.00
2014.12.30 12:12:07.802,0.93424,0.93461,1.52,1.30
2014.12.30 12:12:08.256,0.93427,0.9346,2.25,1.00
2014.12.30 12:12:08.357,0.93427,0.93465,2.32,1.35
2014.12.30 12:12:08.879,0.93427,0.9346,2.70,1.00
2014.12.30 12:12:10.757,0.93427,0.93455,2.32,1.00
2014.12.30 12:12:11.320,0.93427,0.93461,2.32,1.00
2014.12.30 12:12:12.671,0.93426,0.93461,2.25,1.72
2014.12.30 12:12:12.772,0.93421,0.9346,1.52,1.00
2014.12.30 12:12:12.823,0.93421,0.93458,1.52,1.30
2014.12.30 12:12:14.315,0.93422,0.93459,1.52,1.30
2014.12.30 12:12:14.856,0.93422,0.93458,1.52,1.30
2014.12.30 12:12:16.137,0.93422,0.93456,1.52,1.00
2014.12.30 12:12:17.334,0.9342,0.93458,4.20,1.30
2014.12.30 12:12:17.565,0.9342,0.93456,3.45,1.00
2014.12.30 12:12:17.666,0.9342,0.93459,3.45,1.30
2014.12.30 12:12:17.884,0.9342,0.93455,3.45,1.00
2014.12.30 12:12:18.036,0.9342,0.93459,3.82,1.30
2014.12.30 12:12:18.188,0.93421,0.93461,1.52,2.47
2014.12.30 12:12:18.726,0.93421,0.9346,2.25,1.00
2014.12.30 12:12:23.164,0.93422,0.93455,1.27,1.00
2014.12.30 12:12:23.322,0.93422,0.9346,1.27,1.00
2014.12.30 12:12:23.909,0.93423,0.9346,1.52,1.00
2014.12.30 12:12:24.543,0.93422,0.9346,2.25,1.00
2014.12.30 12:12:25.094,0.93423,0.93461,1.82,1.00
2014.12.30 12:12:25.636,0.93425,0.9346,1.05,1.00
2014.12.30 12:12:26.926,0.93425,0.93464,1.10,2.25
2014.12.30 12:12:27.279,0.93424,0.9346,1.27,1.00
2014.12.30 12:12:27.784,0.93425,0.93464,1.10,2.25
2014.12.30 12:12:29.589,0.93424,0.9346,1.27,1.00
2014.12.30 12:12:29.874,0.93424,0.93464,2.02,1.27
2014.12.30 12:12:30.204,0.93424,0.9346,1.27,1.00
2014.12.30 12:12:30.753,0.93424,0.93461,1.27,1.00
2014.12.30 12:12:31.901,0.93424,0.9346,1.27,1.00
2014.12.30 12:12:33.228,0.93424,0.9346,2.17,1.10
2014.12.30 12:12:35.283,0.93424,0.9346,1.47,1.10
2014.12.30 12:12:35.586,0.9343,0.9346,1.27,1.00
2014.12.30 12:12:35.737,0.93431,0.93465,1.50,1.35
2014.12.30 12:12:36.284,0.9343,0.93465,1.87,1.35
2014.12.30 12:12:41.438,0.9343,0.9346,1.87,1.00
2014.12.30 12:12:42.524,0.93429,0.93461,1.87,1.00
2014.12.30 12:12:42.877,0.93429,0.93455,1.00,1.00
2014.12.30 12:12:42.927,0.93427,0.93455,1.10,1.00
2014.12.30 12:12:43.330,0.93424,0.9345,1.50,1.00
2014.12.30 12:12:43.431,0.93424,0.93455,1.45,1.00
2014.12.30 12:12:47.736,0.93426,0.9346,1.12,3.60
2014.12.30 12:12:48.243,0.93428,0.9346,1.30,3.60
2014.12.30 12:12:48.499,0.93428,0.93455,1.30,1.00
2014.12.30 12:12:48.903,0.93424,0.93455,1.30,1.00
2014.12.30 12:12:49.004,0.93422,0.93455,1.05,1.00
2014.12.30 12:12:50.209,0.93423,0.93455,1.30,1.00
2014.12.30 12:12:50.465,0.93423,0.9345,1.35,1.00
2014.12.30 12:12:50.566,0.93424,0.93455,1.30,1.00
2014.12.30 12:12:50.617,0.93426,0.93455,1.30,1.00
2014.12.30 12:12:51.126,0.93427,0.93455,1.30,1.00
2014.12.30 12:12:51.475,0.93427,0.9346,1.30,3.75
2014.12.30 12:12:52.061,0.93426,0.9346,1.30,3.75
2014.12.30 12:12:52.162,0.93424,0.93456,1.30,1.00
2014.12.30 12:12:52.777,0.93424,0.9346,1.30,3.75
2014.12.30 12:12:54.148,0.93422,0.93459,1.05,1.12
2014.12.30 12:12:54.243,0.93424,0.93459,1.30,1.12
2014.12.30 12:12:55.234,0.93423,0.93459,1.30,1.12
2014.12.30 12:12:55.723,0.93422,0.93455,1.05,1.00
2014.12.30 12:12:58.210,0.93423,0.93455,1.35,1.00
2014.12.30 12:12:58.513,0.93427,0.93455,1.05,1.00
2014.12.30 12:12:58.916,0.93425,0.9345,1.45,1.00
2014.12.30 12:12:59.023,0.93425,0.93455,1.45,1.00
2014.12.30 12:13:00.044,0.93422,0.9345,1.87,1.00
2014.12.30 12:13:00.245,0.93421,0.93455,1.45,1.00
2014.12.30 12:13:00.784,0.93422,0.9345,1.12,1.00
2014.12.30 12:13:01.116,0.93421,0.93455,1.45,1.00
2014.12.30 12:13:01.937,0.93422,0.93455,1.50,1.00
2014.12.30 12:13:02.456,0.93425,0.93455,1.30,1.00
2014.12.30 12:13:03.154,0.93424,0.93455,1.35,1.00
2014.12.30 12:13:05.936,0.93422,0.93455,1.12,1.00
2014.12.30 12:13:06.147,0.93423,0.93455,1.42,1.00
2014.12.30 12:13:06.662,0.93423,0.9346,1.42,1.77
2014.12.30 12:13:07.418,0.93425,0.93456,1.35,1.00
2014.12.30 12:13:07.823,0.93423,0.9346,1.42,1.77
2014.12.30 12:13:08.172,0.93425,0.93455,1.35,1.00
2014.12.30 12:13:08.593,0.93423,0.9346,1.42,1.77
2014.12.30 12:13:08.845,0.93425,0.93455,1.35,1.00
2014.12.30 12:13:09.363,0.93424,0.9346,1.67,1.77
2014.12.30 12:13:09.616,0.93425,0.93455,1.35,1.00
2014.12.30 12:13:10.053,0.93423,0.9346,1.42,1.77
2014.12.30 12:13:10.354,0.93426,0.93455,1.30,1.00
2014.12.30 12:13:10.903,0.93425,0.9346,1.35,1.77
2014.12.30 12:13:11.385,0.93425,0.93455,1.35,1.00
2014.12.30 12:13:11.938,0.93425,0.9346,1.35,1.77
2014.12.30 12:13:12.140,0.93425,0.93455,1.35,1.00
2014.12.30 12:13:12.553,0.93424,0.93461,1.67,1.75
2014.12.30 12:13:12.806,0.93425,0.93455,1.35,1.00
2014.12.30 12:13:13.323,0.93424,0.9346,1.67,1.77
2014.12.30 12:13:14.644,0.93425,0.93455,1.35,1.00
2014.12.30 12:13:15.596,0.93422,0.93455,1.17,1.00
2014.12.30 12:13:15.949,0.93427,0.93455,1.30,1.00
2014.12.30 12:13:16.252,0.93426,0.9345,1.30,1.00
2014.12.30 12:13:16.716,0.93424,0.9345,1.30,1.00
2014.12.30 12:13:16.817,0.93424,0.93455,1.30,1.00
2014.12.30 12:13:17.071,0.93424,0.9345,1.30,1.00
2014.12.30 12:13:18.267,0.93425,0.9345,1.30,1.00
2014.12.30 12:13:18.884,0.93427,0.9345,1.30,1.00
2014.12.30 12:13:19.037,0.93425,0.9345,1.30,1.00
2014.12.30 12:13:19.138,0.93425,0.93455,1.30,1.00
2014.12.30 12:13:19.189,0.93425,0.9345,1.30,1.00
2014.12.30 12:13:19.290,0.93425,0.93455,1.30,1.00
2014.12.30 12:13:19.799,0.93427,0.93455,1.30,1.00
2014.12.30 12:13:19.900,0.93425,0.93455,1.30,1.00
2014.12.30 12:13:20.210,0.93427,0.93455,1.30,1.00
2014.12.30 12:13:20.929,0.93427,0.93456,1.30,1.00
2014.12.30 12:13:21.555,0.93426,0.93456,1.30,1.00
2014.12.30 12:13:21.656,0.93424,0.93456,1.30,1.00
2014.12.30 12:13:22.183,0.93423,0.93456,1.30,1.00
2014.12.30 12:13:22.698,0.93422,0.93456,1.05,1.00
2014.12.30 12:13:23.626,0.9342,0.93456,1.37,1.07
2014.12.30 12:13:23.677,0.9342,0.93456,1.30,1.15
2014.12.30 12:13:23.879,0.93418,0.93455,1.30,1.17
2014.12.30 12:13:24.131,0.93417,0.93454,1.05,2.70
2014.12.30 12:13:24.181,0.93415,0.93451,1.00,2.62
2014.12.30 12:13:24.232,0.93414,0.9345,1.80,1.67
2014.12.30 12:13:24.535,0.9342,0.9345,1.30,1.00
2014.12.30 12:13:25.083,0.93418,0.9345,1.12,1.00
2014.12.30 12:13:25.841,0.93419,0.9345,1.42,1.00
2014.12.30 12:13:25.992,0.93421,0.93455,1.30,1.57
2014.12.30 12:13:26.303,0.93423,0.93455,1.30,1.10
2014.12.30 12:13:27.119,0.93423,0.9345,1.30,1.00
2014.12.30 12:13:27.221,0.93423,0.93455,1.30,1.10
2014.12.30 12:13:27.904,0.93423,0.93455,1.12,1.00
2014.12.30 12:13:34.108,0.93425,0.93455,1.30,1.00
2014.12.30 12:13:37.732,0.93426,0.93455,1.30,1.00
2014.12.30 12:13:38.536,0.93427,0.93455,1.30,1.00
2014.12.30 12:13:40.703,0.93428,0.93455,1.30,1.00
2014.12.30 12:13:40.933,0.93428,0.9346,1.30,2.10
2014.12.30 12:13:41.463,0.93427,0.9346,1.30,1.35
2014.12.30 12:13:43.563,0.93426,0.9346,1.30,1.35
2014.12.30 12:13:45.120,0.93426,0.93455,1.30,1.00
2014.12.30 12:13:47.302,0.93425,0.93455,1.35,1.00
2014.12.30 12:13:47.814,0.93424,0.93455,1.30,1.00
2014.12.30 12:13:49.819,0.93424,0.93455,1.67,1.00
2014.12.30 12:13:49.970,0.93426,0.93463,1.52,1.00
2014.12.30 12:13:50.424,0.9343,0.93465,1.30,1.17
2014.12.30 12:13:50.928,0.93428,0.93465,1.42,1.17
2014.12.30 12:13:52.592,0.93428,0.93461,1.42,1.00
2014.12.30 12:13:53.263,0.93428,0.93465,1.42,1.17
2014.12.30 12:13:55.491,0.9343,0.93465,1.30,1.17
2014.12.30 12:13:55.945,0.93431,0.93465,1.67,1.17
2014.12.30 12:13:56.261,0.93433,0.93466,1.42,1.35
2014.12.30 12:13:56.362,0.93435,0.93465,1.30,1.00
2014.12.30 12:13:57.889,0.93435,0.93469,1.30,2.92
2014.12.30 12:13:58.402,0.93435,0.93465,1.30,1.00
2014.12.30 12:14:00.393,0.93434,0.93465,1.30,1.00
2014.12.30 12:14:01.852,0.93435,0.93469,1.72,1.10
2014.12.30 12:14:02.054,0.93436,0.93475,2.62,1.00
2014.12.30 12:14:02.558,0.9344,0.93475,1.82,1.00
2014.12.30 12:14:03.165,0.9344,0.93476,1.82,1.00
2014.12.30 12:14:03.831,0.93437,0.9347,1.55,1.00
2014.12.30 12:14:04.033,0.93438,0.93476,1.75,1.20
2014.12.30 12:14:04.346,0.93439,0.93476,1.42,1.07
2014.12.30 12:14:04.854,0.93439,0.93475,4.42,1.00
2014.12.30 12:14:07.370,0.93441,0.93475,2.20,1.00
2014.12.30 12:14:07.572,0.93445,0.9348,3.67,1.00
2014.12.30 12:14:07.924,0.93445,0.93485,4.80,1.60
2014.12.30 12:14:08.026,0.93447,0.9348,1.82,1.00
2014.12.30 12:14:08.563,0.93448,0.93485,2.20,1.60
2014.12.30 12:14:08.664,0.93451,0.93488,3.67,1.00
2014.12.30 12:14:08.715,0.93451,0.9349,3.67,1.50
2014.12.30 12:14:08.917,0.93454,0.93485,1.45,1.00
2014.12.30 12:14:09.784,0.93454,0.9349,1.45,1.50
2014.12.30 12:14:09.935,0.93458,0.93494,2.25,1.07
2014.12.30 12:14:10.036,0.93465,0.935,1.30,1.17
2014.12.30 12:14:10.338,0.93462,0.93495,1.87,1.00
2014.12.30 12:14:10.641,0.93464,0.935,1.15,1.00
2014.12.30 12:14:11.408,0.93464,0.93505,1.87,1.57
2014.12.30 12:14:12.394,0.93464,0.935,1.87,1.00
2014.12.30 12:14:13.372,0.93464,0.93495,1.87,1.00
2014.12.30 12:14:13.526,0.93464,0.935,1.15,1.00
2014.12.30 12:14:16.697,0.93466,0.935,1.50,1.00
2014.12.30 12:14:18.651,0.93468,0.93495,1.47,1.00
2014.12.30 12:14:19.004,0.93464,0.935,2.25,1.00
2014.12.30 12:14:20.106,0.93464,0.93504,1.45,1.10
2014.12.30 12:14:20.461,0.93466,0.93502,1.17,1.30
2014.12.30 12:14:20.663,0.93464,0.93502,1.12,1.45
2014.12.30 12:14:22.636,0.93465,0.93504,1.30,3.30
2014.12.30 12:14:22.938,0.93465,0.93504,1.67,2.32
2014.12.30 12:14:23.039,0.93467,0.93505,1.05,1.65
2014.12.30 12:14:23.090,0.9347,0.93505,1.30,1.17
2014.12.30 12:14:24.831,0.93471,0.93509,1.30,2.32
2014.12.30 12:14:25.501,0.9347,0.93509,2.10,2.32
2014.12.30 12:14:26.117,0.93471,0.93509,1.72,2.32
2014.12.30 12:14:28.476,0.93471,0.93511,1.07,1.45
2014.12.30 12:14:40.064,0.93471,0.93512,1.45,3.30
2014.12.30 12:14:40.578,0.9347,0.9351,2.02,1.15
2014.12.30 12:14:45.050,0.93472,0.9351,2.32,1.80
2014.12.30 12:14:45.101,0.93473,0.9351,2.32,1.10
2014.12.30 12:14:45.151,0.93473,0.9351,2.32,1.17
2014.12.30 12:14:45.202,0.93471,0.9351,1.27,1.15
2014.12.30 12:14:47.719,0.93471,0.93507,1.20,1.12
2014.12.30 12:14:47.770,0.93471,0.93507,1.12,3.30
2014.12.30 12:14:48.022,0.93465,0.93503,2.25,2.32
2014.12.30 12:14:48.072,0.93462,0.93502,1.15,3.30
2014.12.30 12:14:48.123,0.93462,0.935,1.07,2.32
2014.12.30 12:14:48.173,0.93462,0.93495,1.00,1.17
2014.12.30 12:14:48.816,0.9346,0.93494,1.17,1.05
2014.12.30 12:14:51.412,0.93461,0.93497,1.05,1.45
2014.12.30 12:14:51.514,0.93461,0.93499,1.12,2.25
2014.12.30 12:14:51.615,0.9346,0.93497,2.25,1.37
2014.12.30 12:14:51.666,0.9346,0.93495,2.25,1.45
2014.12.30 12:14:57.378,0.93458,0.93487,1.15,1.30
2014.12.30 12:14:57.479,0.93452,0.93487,2.32,1.35
2014.12.30 12:14:57.530,0.93451,0.93486,2.25,1.07
2014.12.30 12:14:57.581,0.9345,0.93486,1.10,1.15
2014.12.30 12:14:57.631,0.93446,0.9348,1.52,1.72
2014.12.30 12:14:58.077,0.93445,0.93475,2.70,1.00
2014.12.30 12:14:58.733,0.93445,0.93484,2.70,1.45
2014.12.30 12:14:59.186,0.93446,0.93481,1.45,1.37
2014.12.30 12:14:59.237,0.93446,0.93481,1.37,1.45
2014.12.30 12:14:59.904,0.93446,0.93483,1.00,1.45
2014.12.30 12:15:00.005,0.93443,0.93483,1.65,1.45
2014.12.30 12:15:00.307,0.93446,0.93484,1.37,5.47
2014.12.30 12:15:00.911,0.93448,0.93487,1.52,3.67
2014.12.30 12:15:03.472,0.93448,0.93481,1.07,1.07
2014.12.30 12:15:03.523,0.93448,0.93481,1.00,1.15
2014.12.30 12:15:03.574,0.93442,0.93481,2.25,1.15
2014.12.30 12:15:03.776,0.93445,0.93483,1.55,1.15
2014.12.30 12:15:03.877,0.93445,0.9348,1.17,1.17
2014.12.30 12:15:04.427,0.93447,0.93484,1.00,2.32
2014.12.30 12:15:05.193,0.93445,0.93484,1.55,2.32
2014.12.30 12:15:05.864,0.93441,0.9348,2.32,2.32
2014.12.30 12:15:05.915,0.9344,0.93479,1.15,2.32
2014.12.30 12:15:06.425,0.93441,0.93479,1.55,2.32
2014.12.30 12:15:06.634,0.93444,0.9348,1.37,2.32
2014.12.30 12:15:06.685,0.93444,0.93483,1.45,2.32
2014.12.30 12:15:06.881,0.93447,0.93487,1.12,3.07
2014.12.30 12:15:07.134,0.9345,0.93487,1.37,1.15
2014.12.30 12:15:07.639,0.93453,0.9349,1.80,3.07
2014.12.30 12:15:07.972,0.93452,0.9349,1.15,1.17
2014.12.30 12:15:14.940,0.93455,0.93494,1.50,2.32
2014.12.30 12:15:15.092,0.93458,0.93497,1.45,2.32
2014.12.30 12:15:16.251,0.9346,0.93495,1.80,1.07
2014.12.30 12:15:16.302,0.9346,0.935,1.87,1.87
2014.12.30 12:15:17.434,0.93463,0.935,1.37,1.15
2014.12.30 12:15:17.535,0.93462,0.935,3.30,1.17
2014.12.30 12:15:18.760,0.93461,0.93499,3.07,1.07
2014.12.30 12:15:18.811,0.93461,0.93499,1.15,1.15
2014.12.30 12:15:26.172,0.93465,0.935,2.25,1.07
2014.12.30 12:15:26.223,0.93466,0.935,1.45,1.00
2014.12.30 12:15:26.273,0.93466,0.935,1.12,1.07
2014.12.30 12:15:26.324,0.93466,0.935,1.05,1.15
2014.12.30 12:15:26.598,0.93469,0.935,1.30,1.15
2014.12.30 12:15:26.749,0.93469,0.93506,1.05,1.15
2014.12.30 12:15:26.850,0.93471,0.93507,1.00,2.32
2014.12.30 12:15:27.052,0.93469,0.93506,1.10,2.32
2014.12.30 12:15:27.103,0.93471,0.93505,1.00,1.15
2014.12.30 12:15:27.204,0.93467,0.93505,1.87,1.15
2014.12.30 12:15:29.055,0.93467,0.93503,1.07,2.32
2014.12.30 12:15:29.106,0.93467,0.93503,1.00,4.50
2014.12.30 12:15:29.208,0.93468,0.93505,1.12,1.15
2014.12.30 12:15:29.359,0.93468,0.935,1.45,1.00
2014.12.30 12:15:29.410,0.93468,0.93505,4.05,1.10
2014.12.30 12:15:31.562,0.93468,0.93505,3.00,1.17
2014.12.30 12:15:31.613,0.93464,0.935,1.45,1.10
2014.12.30 12:15:31.664,0.93464,0.935,1.37,1.17
2014.12.30 12:15:31.715,0.93464,0.935,1.05,1.15
2014.12.30 12:15:34.265,0.93465,0.93502,1.30,2.32
2014.12.30 12:15:34.474,0.93465,0.93505,1.87,2.62
2014.12.30 12:15:37.590,0.93465,0.93503,1.00,4.50
2014.12.30 12:15:38.062,0.93464,0.935,1.87,1.07
2014.12.30 12:15:38.113,0.93466,0.935,1.15,1.00
2014.12.30 12:15:39.182,0.93466,0.93495,1.45,1.00
2014.12.30 12:15:39.392,0.93466,0.935,1.45,1.00
2014.12.30 12:15:39.654,0.93466,0.93495,1.45,1.00
2014.12.30 12:15:40.490,0.93465,0.93501,1.45,1.10
2014.12.30 12:15:41.671,0.93465,0.93501,1.37,1.17
2014.12.30 12:15:41.722,0.93465,0.93495,1.30,1.00
2014.12.30 12:15:42.227,0.93461,0.935,1.87,1.15
2014.12.30 12:15:43.570,0.9346,0.93495,1.45,1.00
2014.12.30 12:15:44.384,0.93463,0.93499,1.12,1.15
2014.12.30 12:15:45.807,0.93465,0.935,1.30,1.15
2014.12.30 12:15:46.110,0.93466,0.935,1.30,1.00
2014.12.30 12:15:46.621,0.93465,0.935,1.30,1.00
2014.12.30 12:15:47.149,0.93465,0.93503,1.30,1.15
2014.12.30 12:15:47.566,0.93467,0.93503,1.30,1.15
2014.12.30 12:15:48.070,0.93466,0.93502,1.30,1.17
2014.12.30 12:15:48.447,0.93468,0.93505,1.30,1.15
2014.12.30 12:15:48.498,0.93468,0.93505,1.12,1.00
2014.12.30 12:15:48.700,0.9347,0.93508,1.45,1.00
2014.12.30 12:15:49.103,0.9347,0.93505,1.45,1.00
2014.12.30 12:15:49.510,0.9347,0.93509,1.45,1.00
2014.12.30 12:15:50.022,0.93471,0.9351,1.45,1.57
2014.12.30 12:15:50.073,0.93471,0.93505,1.45,1.00
2014.12.30 12:15:50.391,0.93471,0.9351,1.45,1.57
2014.12.30 12:15:50.643,0.93471,0.93505,1.45,1.00
2014.12.30 12:15:51.310,0.93471,0.9351,1.45,1.57
2014.12.30 12:15:52.180,0.93469,0.93507,3.07,1.30
2014.12.30 12:15:52.231,0.93469,0.93507,1.10,1.45
2014.12.30 12:15:52.634,0.93465,0.93501,1.45,1.00
2014.12.30 12:15:52.952,0.93464,0.93496,2.32,1.00
2014.12.30 12:15:54.733,0.93464,0.93497,2.32,1.00
2014.12.30 12:15:54.834,0.93464,0.93499,2.32,1.00
2014.12.30 12:15:56.578,0.93464,0.93498,2.32,1.00
2014.12.30 12:15:56.679,0.93464,0.93495,2.32,1.00
2014.12.30 12:15:56.831,0.9346,0.93496,1.15,1.00
2014.12.30 12:15:57.033,0.93459,0.93494,2.70,1.00
2014.12.30 12:15:57.335,0.93459,0.93492,2.32,1.00
2014.12.30 12:15:57.923,0.93459,0.93494,2.32,1.00
2014.12.30 12:15:58.547,0.93455,0.93494,1.45,1.00
2014.12.30 12:15:58.698,0.93455,0.93492,1.50,1.00
2014.12.30 12:15:59.202,0.93455,0.93493,1.15,1.72
2014.12.30 12:15:59.506,0.93454,0.9349,3.07,1.00
2014.12.30 12:15:59.556,0.93454,0.93492,4.80,1.00
2014.12.30 12:15:59.765,0.93454,0.9349,4.05,1.00
2014.12.30 12:16:00.635,0.9346,0.93492,2.25,1.00
2014.12.30 12:16:00.786,0.9346,0.93494,1.05,1.00
2014.12.30 12:16:00.887,0.93461,0.93495,1.67,1.00
2014.12.30 12:16:01.139,0.93459,0.93496,1.87,1.00
2014.12.30 12:16:01.291,0.93459,0.93495,3.07,1.00
2014.12.30 12:16:01.442,0.9346,0.93498,3.30,1.00
2014.12.30 12:16:01.543,0.9346,0.93496,1.05,1.10
2014.12.30 12:16:01.644,0.93455,0.93494,3.67,1.00
2014.12.30 12:16:02.205,0.93455,0.93493,3.30,1.00
2014.12.30 12:16:05.971,0.9346,0.93493,2.32,1.00
2014.12.30 12:16:06.324,0.93468,0.93493,1.00,1.00
2014.12.30 12:16:06.425,0.93464,0.93493,1.45,1.00
2014.12.30 12:16:07.911,0.93463,0.93499,1.82,1.00
2014.12.30 12:16:07.962,0.93466,0.93499,2.32,1.00
2014.12.30 12:16:08.114,0.93466,0.93502,2.32,1.00
2014.12.30 12:16:08.266,0.93466,0.93504,2.32,1.00
2014.12.30 12:16:10.137,0.93473,0.93504,1.30,1.00
2014.12.30 12:16:10.440,0.93473,0.93507,1.12,1.00
2014.12.30 12:16:11.019,0.93473,0.93509,1.50,1.00
2014.12.30 12:16:12.003,0.93475,0.93509,1.42,1.00
2014.12.30 12:16:12.306,0.93476,0.9351,3.67,1.00
2014.12.30 12:16:12.659,0.93479,0.93514,1.27,1.00
2014.12.30 12:16:13.337,0.93478,0.93514,1.82,1.00
2014.12.30 12:16:13.630,0.93478,0.93512,1.82,1.00
2014.12.30 12:16:14.528,0.93477,0.93511,1.82,1.00
2014.12.30 12:16:18.220,0.93477,0.9351,1.82,1.00
2014.12.30 12:16:19.007,0.93477,0.93511,1.82,1.00
2014.12.30 12:16:20.749,0.93477,0.9351,1.82,1.00
2014.12.30 12:16:21.102,0.93476,0.93512,3.30,1.00
2014.12.30 12:16:23.647,0.93476,0.9351,3.30,1.00
2014.12.30 12:16:23.748,0.93476,0.9351,1.30,1.50
2014.12.30 12:16:23.799,0.93471,0.9351,1.80,3.75
2014.12.30 12:16:23.850,0.9347,0.93502,1.00,1.00
2014.12.30 12:16:24.371,0.93466,0.93502,1.82,1.00
2014.12.30 12:16:24.421,0.93466,0.935,1.45,1.00
2014.12.30 12:16:24.937,0.93464,0.93499,4.05,1.00
2014.12.30 12:16:26.944,0.93467,0.93502,1.45,1.00
2014.12.30 12:16:27.045,0.93469,0.93502,2.70,1.00
2014.12.30 12:16:27.146,0.93469,0.93504,4.05,1.00
2014.12.30 12:16:28.281,0.93474,0.93508,1.42,1.00
2014.12.30 12:16:28.331,0.93474,0.93508,4.05,1.00
2014.12.30 12:16:28.483,0.93476,0.93512,1.82,1.00
2014.12.30 12:16:28.584,0.93476,0.93508,1.45,1.00
2014.12.30 12:16:28.635,0.93473,0.93508,1.50,1.00
2014.12.30 12:16:28.685,0.93473,0.93506,1.50,1.00
2014.12.30 12:16:29.011,0.93469,0.93504,4.42,1.00
2014.12.30 12:16:30.898,0.93469,0.93506,3.67,1.00
2014.12.30 12:16:31.033,0.93469,0.93504,3.67,1.00
2014.12.30 12:16:31.235,0.9347,0.93506,1.45,1.00
2014.12.30 12:16:31.872,0.93469,0.93504,3.67,1.00
2014.12.30 12:16:32.228,0.93469,0.93502,2.32,1.00
2014.12.30 12:16:33.089,0.93469,0.93503,2.32,1.00
2014.12.30 12:16:33.341,0.93472,0.93505,1.82,1.00
2014.12.30 12:16:33.443,0.93472,0.93507,1.82,1.00
2014.12.30 12:16:33.952,0.93474,0.93508,1.42,1.00
2014.12.30 12:16:34.514,0.93474,0.93508,1.42,1.00
2014.12.30 12:16:35.235,0.93473,0.93508,1.12,1.00
2014.12.30 12:16:35.286,0.93473,0.93508,1.05,1.00
2014.12.30 12:16:35.538,0.93468,0.93505,3.30,1.00
2014.12.30 12:16:35.841,0.93468,0.935,2.32,1.00
2014.12.30 12:16:38.358,0.93468,0.93501,2.32,1.00
2014.12.30 12:16:44.310,0.93468,0.935,2.32,1.00
2014.12.30 12:16:44.412,0.93462,0.935,2.32,1.00
2014.12.30 12:16:44.563,0.93462,0.93495,2.32,1.00
2014.12.30 12:16:44.714,0.93457,0.93491,2.32,1.00
2014.12.30 12:16:44.765,0.93457,0.93494,2.32,1.00
2014.12.30 12:16:45.275,0.93457,0.93493,2.32,1.00
2014.12.30 12:16:47.855,0.93457,0.93492,2.32,1.00
2014.12.30 12:16:50.899,0.93457,0.93493,2.32,1.00
2014.12.30 12:16:51.009,0.93457,0.93491,2.32,1.00
2014.12.30 12:16:57.977,0.93457,0.93493,2.32,1.00
2014.12.30 12:17:00.267,0.93457,0.93491,2.32,1.00
2014.12.30 12:17:00.773,0.93457,0.93492,3.30,1.00
2014.12.30 12:17:02.163,0.93457,0.93493,2.32,1.00
2014.12.30 12:17:05.056,0.93458,0.93493,2.32,1.00
2014.12.30 12:17:06.857,0.93458,0.9349,2.32,1.00
2014.12.30 12:17:07.161,0.93463,0.93494,2.70,1.00
2014.12.30 12:17:07.212,0.93463,0.93498,2.70,1.00
2014.12.30 12:17:07.363,0.93467,0.93495,2.32,1.00
2014.12.30 12:17:07.464,0.93468,0.935,1.45,1.00
2014.12.30 12:17:07.566,0.93468,0.93503,1.45,1.00
2014.12.30 12:17:07.768,0.93467,0.93501,3.30,1.00
2014.12.30 12:17:07.869,0.93467,0.93501,1.05,1.00
2014.12.30 12:17:07.919,0.93467,0.93495,1.05,1.00
2014.12.30 12:17:08.072,0.93464,0.93499,1.50,1.00
2014.12.30 12:17:08.122,0.93464,0.93496,1.50,1.00
2014.12.30 12:17:08.635,0.93462,0.93495,2.32,1.00
2014.12.30 12:17:08.888,0.93462,0.93497,2.32,1.00
2014.12.30 12:17:09.398,0.93464,0.93498,1.45,1.00
2014.12.30 12:17:12.378,0.93464,0.935,1.15,1.00
2014.12.30 12:17:12.479,0.93462,0.93498,3.07,1.00
2014.12.30 12:17:12.681,0.93464,0.935,1.87,1.00
2014.12.30 12:17:13.971,0.93467,0.935,2.25,1.00
2014.12.30 12:17:26.473,0.93471,0.935,1.55,1.00
2014.12.30 12:17:26.574,0.93469,0.93502,1.52,1.00
2014.12.30 12:17:26.675,0.93468,0.93501,2.20,1.00
2014.12.30 12:17:27.440,0.93469,0.935,1.87,1.00
2014.12.30 12:17:27.642,0.93469,0.93502,1.82,1.00
2014.12.30 12:17:28.747,0.93469,0.93503,1.87,1.00
2014.12.30 12:17:31.653,0.9347,0.93503,2.25,1.00
2014.12.30 12:17:31.704,0.93471,0.93503,2.70,1.00
2014.12.30 12:17:31.856,0.93473,0.93505,1.52,1.00
2014.12.30 12:17:31.906,0.93476,0.93505,2.25,1.00
2014.12.30 12:17:31.958,0.93476,0.93508,2.32,1.00
2014.12.30 12:17:32.960,0.93476,0.93509,2.32,1.00
2014.12.30 12:17:36.815,0.9348,0.93512,1.27,1.00
2014.12.30 12:17:37.348,0.93479,0.93513,1.87,1.00
2014.12.30 12:17:38.056,0.93478,0.93512,1.87,1.00
2014.12.30 12:17:44.059,0.93476,0.93511,4.80,1.00
2014.12.30 12:17:44.515,0.93476,0.93509,2.32,1.00
2014.12.30 12:17:50.752,0.93476,0.93508,2.32,1.00
2014.12.30 12:17:52.137,0.93475,0.93508,2.32,1.00
2014.12.30 12:17:52.188,0.93472,0.93508,4.80,1.00
2014.12.30 12:17:55.037,0.93472,0.93507,3.30,1.00
2014.12.30 12:17:55.491,0.93472,0.93503,2.32,1.00
2014.12.30 12:17:55.825,0.93472,0.93506,2.32,1.00
2014.12.30 12:17:56.687,0.93472,0.93503,2.32,1.00
2014.12.30 12:17:57.117,0.93472,0.93506,2.32,1.00
2014.12.30 12:18:02.290,0.93473,0.93508,1.50,1.00
2014.12.30 12:18:02.828,0.93476,0.93507,1.17,1.00
2014.12.30 12:18:03.504,0.93477,0.93508,1.10,1.00
2014.12.30 12:18:04.389,0.93478,0.93508,2.32,1.00
2014.12.30 12:18:04.490,0.93473,0.93509,2.62,1.00
2014.12.30 12:18:04.541,0.93473,0.93505,1.87,1.00
2014.12.30 12:18:04.643,0.93471,0.93507,3.45,1.00
2014.12.30 12:18:04.754,0.93469,0.93505,1.65,1.50
2014.12.30 12:18:04.956,0.93467,0.93501,3.30,1.00
2014.12.30 12:18:05.471,0.93467,0.93502,3.67,1.00
2014.12.30 12:18:05.807,0.93467,0.93498,2.70,1.00
2014.12.30 12:18:06.067,0.93467,0.93501,2.70,1.00
2014.12.30 12:18:13.189,0.93471,0.93502,2.32,1.00
2014.12.30 12:18:13.758,0.93472,0.93502,2.70,1.00
2014.12.30 12:18:15.597,0.93472,0.93501,2.70,1.00
2014.12.30 12:18:16.826,0.93477,0.93501,2.32,1.00
2014.12.30 12:18:16.928,0.93479,0.93505,1.52,1.00
2014.12.30 12:18:17.029,0.93478,0.9351,3.67,1.00
2014.12.30 12:18:17.281,0.93478,0.93512,3.67,1.00
2014.12.30 12:18:17.483,0.93481,0.93513,2.70,1.00
2014.12.30 12:18:17.838,0.93483,0.93513,2.32,1.00
2014.12.30 12:18:23.350,0.93483,0.9351,2.32,1.00
2014.12.30 12:18:23.703,0.93483,0.93513,2.32,1.00
2014.12.30 12:18:24.996,0.93483,0.9351,2.32,1.00
2014.12.30 12:18:26.015,0.93483,0.93513,2.32,1.00
2014.12.30 12:18:26.314,0.93483,0.93511,2.32,1.00
2014.12.30 12:18:26.625,0.93478,0.93505,2.32,1.00
2014.12.30 12:18:26.828,0.93476,0.93505,1.05,1.50
2014.12.30 12:18:27.375,0.93471,0.93503,2.70,1.00
2014.12.30 12:18:27.701,0.93471,0.93501,2.32,1.00
2014.12.30 12:18:27.802,0.93466,0.935,2.70,1.00
2014.12.30 12:18:27.853,0.93466,0.93495,2.62,1.00
2014.12.30 12:18:27.904,0.93465,0.93495,1.50,1.00
2014.12.30 12:18:27.954,0.93468,0.93497,1.30,1.00
2014.12.30 12:18:28.056,0.93461,0.93497,3.45,1.00
2014.12.30 12:18:28.157,0.93461,0.93492,2.25,1.00
2014.12.30 12:18:28.208,0.93458,0.93492,1.45,1.00
2014.12.30 12:18:28.258,0.93458,0.9349,1.45,1.00
2014.12.30 12:18:28.568,0.93455,0.93488,3.22,1.00
2014.12.30 12:18:28.619,0.93455,0.93486,1.30,1.00
2014.12.30 12:18:28.720,0.93457,0.93483,1.30,1.00
2014.12.30 12:18:29.177,0.9346,0.93484,1.30,1.00
2014.12.30 12:18:29.918,0.93465,0.93485,1.30,1.00
2014.12.30 12:18:30.120,0.93465,0.9349,1.30,1.00
2014.12.30 12:18:30.171,0.93467,0.9349,1.30,1.00
2014.12.30 12:18:30.322,0.9347,0.93494,1.30,1.00
2014.12.30 12:18:30.373,0.93469,0.93492,1.30,1.00
2014.12.30 12:18:30.575,0.93463,0.93491,1.37,1.00
2014.12.30 12:18:30.626,0.93463,0.93491,1.30,1.00
2014.12.30 12:18:31.870,0.93461,0.93491,1.50,1.00
2014.12.30 12:18:32.427,0.9346,0.9349,1.45,1.00
2014.12.30 12:18:34.638,0.93462,0.9349,1.30,1.00
2014.12.30 12:18:35.146,0.93461,0.93491,1.50,1.00
2014.12.30 12:18:36.074,0.93462,0.93491,1.30,1.00
2014.12.30 12:18:36.587,0.93461,0.93491,1.12,1.00
2014.12.30 12:18:37.259,0.93461,0.9349,1.12,1.00
2014.12.30 12:18:38.138,0.93462,0.9349,1.35,1.00
2014.12.30 12:18:38.793,0.93463,0.9349,1.30,1.00
2014.12.30 12:18:39.247,0.93466,0.9349,1.42,1.00
2014.12.30 12:18:39.298,0.93466,0.93492,1.42,1.00
2014.12.30 12:18:39.399,0.93468,0.93498,1.00,1.00
2014.12.30 12:18:39.941,0.93469,0.93498,1.30,1.00
2014.12.30 12:18:40.659,0.93465,0.93498,1.07,1.00
2014.12.30 12:18:40.710,0.93464,0.93497,1.30,1.00
2014.12.30 12:18:40.811,0.93464,0.93492,1.30,1.00
2014.12.30 12:18:41.031,0.93466,0.93496,1.30,1.00
2014.12.30 12:18:41.553,0.93467,0.93496,1.30,1.00
2014.12.30 12:18:41.909,0.93464,0.93496,1.30,1.00
2014.12.30 12:18:42.010,0.93463,0.93494,1.67,1.10
2014.12.30 12:18:42.060,0.93463,0.93494,1.35,1.10
2014.12.30 12:18:42.111,0.9346,0.93491,1.67,1.00
2014.12.30 12:18:42.735,0.93461,0.93491,1.30,1.00
2014.12.30 12:18:43.250,0.9346,0.93491,1.30,1.00
2014.12.30 12:18:46.949,0.93457,0.93491,1.50,1.00
2014.12.30 12:18:47.151,0.93454,0.93491,1.57,1.07
2014.12.30 12:18:47.202,0.93452,0.93488,2.10,1.00
2014.12.30 12:18:47.303,0.93452,0.93486,1.67,1.00
2014.12.30 12:18:47.975,0.9345,0.93486,1.52,1.00
2014.12.30 12:18:48.648,0.9345,0.93486,1.15,1.00
2014.12.30 12:18:49.079,0.9345,0.93486,1.52,1.00
2014.12.30 12:18:50.686,0.93449,0.93485,2.02,1.00
2014.12.30 12:18:52.656,0.93449,0.93485,1.65,1.00
2014.12.30 12:18:52.957,0.93449,0.93485,1.07,1.07
2014.12.30 12:18:53.008,0.93445,0.93482,1.90,1.00
2014.12.30 12:18:53.059,0.93445,0.93482,1.82,1.07
2014.12.30 12:18:53.160,0.93445,0.93482,1.37,1.15
2014.12.30 12:18:53.362,0.93446,0.93482,2.17,1.07
2014.12.30 12:18:53.413,0.93446,0.93482,2.62,1.00
2014.12.30 12:18:53.914,0.93453,0.93482,1.00,1.00
2014.12.30 12:18:54.015,0.93446,0.93482,1.55,1.00
2014.12.30 12:18:54.116,0.93447,0.93484,1.47,1.10
2014.12.30 12:18:54.267,0.93446,0.93483,1.55,1.00
2014.12.30 12:18:54.368,0.93446,0.93483,1.55,1.00
2014.12.30 12:18:54.578,0.93446,0.93483,1.17,1.00
2014.12.30 12:18:55.086,0.93446,0.93483,1.55,1.00
2014.12.30 12:18:55.739,0.93445,0.93482,1.90,1.00
2014.12.30 12:18:56.290,0.93445,0.93482,1.52,1.00
2014.12.30 12:18:58.267,0.93445,0.93482,2.25,1.00
2014.12.30 12:18:58.368,0.93445,0.93478,1.52,1.30
2014.12.30 12:18:58.670,0.93444,0.93476,1.57,1.30
2014.12.30 12:18:59.079,0.93444,0.93475,1.12,1.30
2014.12.30 12:18:59.180,0.93445,0.93479,1.12,1.05
2014.12.30 12:18:59.588,0.93447,0.93481,1.12,1.87
2014.12.30 12:18:59.897,0.93449,0.93481,1.37,1.45
2014.12.30 12:18:59.998,0.93447,0.93481,1.87,1.45
2014.12.30 12:19:00.505,0.93447,0.9348,1.12,1.30
2014.12.30 12:19:01.136,0.93447,0.93482,1.12,1.00
2014.12.30 12:19:01.484,0.93449,0.93482,1.37,1.00
2014.12.30 12:19:07.447,0.9345,0.93486,1.52,1.30
2014.12.30 12:19:07.652,0.9345,0.93489,1.52,1.12
2014.12.30 12:19:15.249,0.93452,0.93489,3.00,1.05
2014.12.30 12:19:15.350,0.9346,0.93495,1.57,1.07
2014.12.30 12:19:15.451,0.9346,0.93495,1.10,1.07
2014.12.30 12:19:15.552,0.93457,0.93493,1.00,2.25
2014.12.30 12:19:15.704,0.93451,0.9349,1.12,1.15
2014.12.30 12:19:15.815,0.93451,0.93485,1.12,1.00
2014.12.30 12:19:16.117,0.9345,0.9349,2.62,1.15
2014.12.30 12:19:16.506,0.93451,0.9349,1.50,1.15
2014.12.30 12:19:17.910,0.93452,0.9349,1.42,1.15
2014.12.30 12:19:21.067,0.93452,0.93486,1.42,1.00
2014.12.30 12:19:21.617,0.93452,0.9349,1.42,1.15
2014.12.30 12:19:21.668,0.93452,0.9349,1.42,1.15
2014.12.30 12:19:36.206,0.93453,0.9349,1.80,1.10
2014.12.30 12:19:43.253,0.93454,0.9349,1.35,1.10
2014.12.30 12:19:43.304,0.93454,0.93485,1.35,1.00
2014.12.30 12:19:43.404,0.93453,0.9349,1.42,1.10
2014.12.30 12:19:43.556,0.93449,0.93485,1.52,1.00
2014.12.30 12:19:44.496,0.93448,0.93489,4.42,2.10
2014.12.30 12:19:47.773,0.93448,0.93489,4.42,2.10
2014.12.30 12:19:48.082,0.93448,0.93489,3.45,1.20
2014.12.30 12:19:48.593,0.93448,0.93489,1.92,1.27
2014.12.30 12:19:49.508,0.93449,0.93489,3.45,1.07
2014.12.30 12:19:49.559,0.93457,0.9349,1.67,1.50
2014.12.30 12:19:49.761,0.93454,0.93489,1.55,1.30
2014.12.30 12:19:49.812,0.93454,0.93489,1.07,1.75
2014.12.30 12:19:49.863,0.93454,0.93489,1.00,1.82
2014.12.30 12:19:49.964,0.93449,0.93489,1.27,1.82
2014.12.30 12:19:52.855,0.93447,0.93485,2.25,1.00
2014.12.30 12:19:55.716,0.93447,0.9348,2.25,1.00
2014.12.30 12:19:58.469,0.93447,0.9348,1.00,1.00
2014.12.30 12:19:59.027,0.93445,0.9348,1.47,1.00
2014.12.30 12:19:59.801,0.93444,0.93475,2.62,1.00
2014.12.30 12:20:02.519,0.93444,0.93475,2.62,1.00
2014.12.30 12:20:02.670,0.93439,0.9347,1.10,1.00
2014.12.30 12:20:02.973,0.93432,0.9347,1.27,1.10
2014.12.30 12:20:03.024,0.93436,0.9347,2.25,1.10
2014.12.30 12:20:03.125,0.93438,0.93475,3.90,1.00
2014.12.30 12:20:03.326,0.93438,0.93475,2.85,1.07
2014.12.30 12:20:03.377,0.93437,0.93475,1.30,1.15
2014.12.30 12:20:03.881,0.93436,0.93474,1.05,1.15
2014.12.30 12:20:07.108,0.93433,0.93474,1.87,1.15
2014.12.30 12:20:07.411,0.9344,0.9347,1.55,1.00
2014.12.30 12:20:08.112,0.93441,0.9347,1.42,1.00
2014.12.30 12:20:08.163,0.93441,0.93475,1.42,1.00
2014.12.30 12:20:08.213,0.93441,0.93475,1.42,1.00
2014.12.30 12:20:09.516,0.93441,0.93475,1.42,1.00
2014.12.30 12:20:10.043,0.93436,0.93475,3.67,1.00
2014.12.30 12:20:10.296,0.93435,0.93474,2.70,1.07
2014.12.30 12:20:10.346,0.93433,0.93474,3.37,1.15
2014.12.30 12:20:12.459,0.93433,0.93474,3.37,1.15
2014.12.30 12:20:12.560,0.93441,0.93475,1.45,1.00
2014.12.30 12:20:12.712,0.9344,0.93475,1.80,1.07
2014.12.30 12:20:12.763,0.93438,0.93475,1.00,1.15
2014.12.30 12:20:13.266,0.93432,0.93473,3.07,1.10
2014.12.30 12:20:13.317,0.93432,0.9347,3.07,1.00
2014.12.30 12:20:15.395,0.93432,0.9347,1.27,1.07
2014.12.30 12:20:15.446,0.93432,0.9347,1.20,1.15
2014.12.30 12:20:18.946,0.9343,0.93465,1.52,1.00
2014.12.30 12:20:19.635,0.9343,0.93466,1.52,1.00
2014.12.30 12:20:20.697,0.9343,0.93465,2.02,1.00
2014.12.30 12:20:28.058,0.93428,0.9347,2.25,1.65
2014.12.30 12:20:28.277,0.93428,0.93465,2.25,1.00
2014.12.30 12:20:28.840,0.93428,0.9347,1.52,1.65
2014.12.30 12:20:29.723,0.93428,0.93466,2.25,1.00
2014.12.30 12:20:30.697,0.93428,0.9347,2.25,1.65
2014.12.30 12:20:34.956,0.9343,0.93467,1.15,1.30
2014.12.30 12:20:35.458,0.9343,0.93468,1.27,1.12
2014.12.30 12:20:35.976,0.9343,0.93469,1.27,1.50
2014.12.30 12:20:38.161,0.93428,0.93466,1.07,1.75
2014.12.30 12:20:38.263,0.93428,0.93462,1.00,1.75
2014.12.30 12:20:38.364,0.93428,0.93457,1.00,1.00
2014.12.30 12:20:38.414,0.93421,0.93461,1.15,1.42
2014.12.30 12:20:39.420,0.93421,0.9346,1.15,1.00
2014.12.30 12:20:39.946,0.93421,0.93461,1.15,1.10
2014.12.30 12:20:41.376,0.93421,0.93461,1.07,1.17
2014.12.30 12:20:41.426,0.93421,0.93461,1.00,1.15
2014.12.30 12:20:41.941,0.9342,0.93459,1.47,1.45
2014.12.30 12:20:53.136,0.93425,0.9346,1.00,1.45
2014.12.30 12:20:53.395,0.9342,0.9346,1.47,1.45
2014.12.30 12:20:56.447,0.93419,0.9346,1.55,1.87
2014.12.30 12:20:57.920,0.93421,0.9346,1.00,1.87
2014.12.30 12:20:58.425,0.93417,0.93458,1.52,1.17
2014.12.30 12:20:59.257,0.93417,0.93458,2.40,1.17
2014.12.30 12:21:00.557,0.93424,0.93461,1.00,1.15
2014.12.30 12:21:00.660,0.93421,0.93461,1.37,1.27
2014.12.30 12:21:00.963,0.93425,0.93461,1.00,1.65
2014.12.30 12:21:01.596,0.93425,0.93461,1.00,1.27
2014.12.30 12:21:01.647,0.93425,0.93461,1.00,1.27
2014.12.30 12:21:05.145,0.93422,0.93461,1.15,1.27
2014.12.30 12:21:05.554,0.9342,0.9346,1.57,2.25
2014.12.30 12:21:05.962,0.93422,0.9346,1.00,2.70
2014.12.30 12:21:08.127,0.93419,0.9346,1.47,4.20
2014.12.30 12:21:09.767,0.93418,0.93459,1.17,2.62
2014.12.30 12:21:09.969,0.93412,0.9345,2.25,1.10
2014.12.30 12:21:10.523,0.93411,0.9345,2.25,1.20
2014.12.30 12:21:11.094,0.93415,0.9345,1.00,1.42
2014.12.30 12:21:11.868,0.9341,0.9345,1.52,1.95
2014.12.30 12:21:13.665,0.93411,0.93452,1.52,2.25
2014.12.30 12:21:13.967,0.93415,0.93454,1.37,1.15
2014.12.30 12:21:17.487,0.93412,0.93453,1.55,1.15
2014.12.30 12:21:21.111,0.93415,0.9345,1.00,1.20
2014.12.30 12:21:23.385,0.9341,0.9345,1.52,1.20
2014.12.30 12:21:24.278,0.9341,0.93449,1.52,1.30
2014.12.30 12:21:25.812,0.93415,0.93449,1.00,1.30
2014.12.30 12:21:26.875,0.93415,0.9345,1.00,2.17
2014.12.30 12:21:27.218,0.93415,0.93441,1.00,1.30
2014.12.30 12:21:27.369,0.9341,0.93441,1.00,1.45
2014.12.30 12:21:28.226,0.93405,0.93442,1.00,1.45
2014.12.30 12:21:29.469,0.93405,0.93441,1.37,1.50
2014.12.30 12:21:30.185,0.93405,0.93441,1.12,1.45
2014.12.30 12:21:30.345,0.9341,0.93441,1.00,1.45
2014.12.30 12:21:30.497,0.9341,0.93442,1.00,1.30
2014.12.30 12:21:31.000,0.9341,0.93445,1.00,2.05
2014.12.30 12:21:31.505,0.9341,0.93446,1.37,2.62
2014.12.30 12:21:31.886,0.93415,0.93446,1.00,2.62
2014.12.30 12:21:31.987,0.9341,0.93446,1.37,2.25
2014.12.30 12:21:34.078,0.9341,0.93446,1.75,2.25
2014.12.30 12:21:34.229,0.93415,0.93448,1.37,1.30
2014.12.30 12:21:34.733,0.93415,0.93451,1.37,2.25
2014.12.30 12:21:39.831,0.93415,0.93453,1.52,1.50
2014.12.30 12:21:39.932,0.93415,0.93453,1.90,1.00
2014.12.30 12:21:40.391,0.93417,0.93455,2.62,1.17
2014.12.30 12:21:40.694,0.93425,0.93457,1.37,1.00
2014.12.30 12:21:40.795,0.9343,0.93464,1.00,3.67
2014.12.30 12:21:40.896,0.9343,0.93465,1.00,2.92
2014.12.30 12:21:41.399,0.93425,0.93465,1.52,3.67
2014.12.30 12:21:41.550,0.93424,0.9346,3.45,1.00
2014.12.30 12:21:41.652,0.93422,0.9346,1.55,1.60
2014.12.30 12:21:42.156,0.9342,0.93459,1.65,1.35
2014.12.30 12:21:42.207,0.93422,0.9346,1.65,2.10
2014.12.30 12:21:42.358,0.93424,0.93463,1.47,1.65
2014.12.30 12:21:42.459,0.93425,0.93463,4.20,1.00
2014.12.30 12:21:42.510,0.93426,0.93465,2.25,2.85
2014.12.30 12:21:42.812,0.9343,0.93465,1.47,1.35
2014.12.30 12:21:43.779,0.93435,0.93468,1.00,3.00
2014.12.30 12:21:43.880,0.9343,0.93468,1.47,3.00
2014.12.30 12:21:44.088,0.93435,0.93468,1.00,3.00
2014.12.30 12:21:44.196,0.9343,0.93468,1.47,3.00
2014.12.30 12:21:44.297,0.93435,0.93468,1.00,3.00
2014.12.30 12:21:44.755,0.9343,0.93468,1.47,3.00
2014.12.30 12:21:48.657,0.9343,0.9346,1.10,2.10
2014.12.30 12:21:48.708,0.93426,0.9346,1.12,2.17
2014.12.30 12:21:49.112,0.93425,0.93462,1.37,1.15
2014.12.30 12:21:49.263,0.93425,0.93462,1.50,1.15
2014.12.30 12:21:50.357,0.9343,0.93464,1.12,1.50
2014.12.30 12:21:50.709,0.9343,0.93464,1.12,1.35
2014.12.30 12:21:51.265,0.93425,0.93464,2.40,1.35
2014.12.30 12:21:52.473,0.9343,0.93464,1.00,1.00
2014.12.30 12:21:52.574,0.9343,0.93465,1.00,1.37
2014.12.30 12:21:52.676,0.93425,0.93463,1.72,1.15
2014.12.30 12:21:52.777,0.9343,0.93463,1.00,1.15
2014.12.30 12:21:53.288,0.93429,0.93463,1.00,1.15
2014.12.30 12:21:53.849,0.9343,0.93463,1.00,1.15
2014.12.30 12:21:54.295,0.93425,0.93463,2.47,1.15
2014.12.30 12:21:54.396,0.93425,0.93463,2.10,1.15
2014.12.30 12:21:56.648,0.93425,0.93461,1.72,1.05
2014.12.30 12:21:57.035,0.93435,0.93466,1.00,2.32
2014.12.30 12:21:57.086,0.9343,0.93466,3.22,2.32
2014.12.30 12:21:57.237,0.9343,0.93469,3.22,1.45
2014.12.30 12:21:57.742,0.93432,0.9347,1.97,3.07
2014.12.30 12:21:57.945,0.93433,0.9347,1.72,3.07
2014.12.30 12:21:58.047,0.93436,0.93475,1.97,3.07
2014.12.30 12:21:58.450,0.93438,0.93472,1.30,1.45
2014.12.30 12:22:01.101,0.93435,0.9347,2.47,2.25
2014.12.30 12:22:04.618,0.93435,0.93469,1.00,2.05
2014.12.30 12:22:04.669,0.93429,0.93464,1.10,1.30
2014.12.30 12:22:04.720,0.93429,0.93464,1.00,1.45
2014.12.30 12:22:04.770,0.93426,0.93461,1.00,1.12
2014.12.30 12:22:05.302,0.93425,0.93462,1.00,1.45
2014.12.30 12:22:06.163,0.93425,0.93462,1.37,1.45
2014.12.30 12:22:06.682,0.93425,0.93465,1.00,3.07
2014.12.30 12:22:06.732,0.9343,0.93465,1.00,2.32
2014.12.30 12:22:07.245,0.93427,0.93465,1.37,3.07
2014.12.30 12:22:07.552,0.93429,0.93468,1.55,1.87
2014.12.30 12:22:08.167,0.93429,0.93464,1.55,1.30
2014.12.30 12:22:08.470,0.93425,0.9346,1.00,1.45
2014.12.30 12:22:10.074,0.93422,0.93458,1.00,1.12
2014.12.30 12:22:10.612,0.9342,0.93458,1.47,1.12
2014.12.30 12:22:11.116,0.93418,0.93456,1.52,1.30
2014.12.30 12:22:11.655,0.93419,0.93456,1.55,1.30
2014.12.30 12:22:12.109,0.93421,0.9346,1.37,1.15
2014.12.30 12:22:12.210,0.9342,0.9346,1.47,1.15
2014.12.30 12:22:12.508,0.9342,0.93462,1.95,2.70
2014.12.30 12:22:13.015,0.93425,0.93463,1.10,2.32
2014.12.30 12:22:13.066,0.93425,0.93465,1.10,1.87
2014.12.30 12:22:13.117,0.93425,0.93465,1.47,1.87
2014.12.30 12:22:14.018,0.93425,0.93465,1.57,1.15
2014.12.30 12:22:15.817,0.93425,0.93465,1.10,1.52
2014.12.30 12:22:15.867,0.93422,0.9346,1.37,1.15
2014.12.30 12:22:16.120,0.9342,0.93458,1.20,1.12
2014.12.30 12:22:16.221,0.93415,0.93455,4.57,1.00
2014.12.30 12:22:16.545,0.93416,0.93456,1.90,1.30
2014.12.30 12:22:17.081,0.9342,0.93459,1.47,1.45
2014.12.30 12:22:17.622,0.9342,0.93459,1.47,1.45
2014.12.30 12:22:17.925,0.93418,0.93456,1.65,1.60
2014.12.30 12:22:19.714,0.9342,0.93458,1.47,1.72
2014.12.30 12:22:21.834,0.9342,0.93459,2.17,2.25
2014.12.30 12:22:22.137,0.9342,0.93459,3.30,2.25
2014.12.30 12:22:22.540,0.93425,0.93459,1.47,2.10
2014.12.30 12:22:22.590,0.93425,0.93461,1.47,1.70
2014.12.30 12:22:22.943,0.9343,0.93462,1.12,2.17
2014.12.30 12:22:23.095,0.9343,0.93465,1.12,1.50
2014.12.30 12:22:23.146,0.9343,0.93465,1.27,1.35
2014.12.30 12:22:23.514,0.9343,0.93467,1.55,1.05
2014.12.30 12:22:24.124,0.9343,0.93468,1.65,2.25
2014.12.30 12:22:24.427,0.9343,0.93468,1.55,2.25
2014.12.30 12:22:24.579,0.93435,0.93468,1.00,2.25
2014.12.30 12:22:24.680,0.93435,0.93472,1.27,1.00
2014.12.30 12:22:25.659,0.93431,0.9347,3.45,1.00
2014.12.30 12:22:26.754,0.93435,0.93472,1.17,1.12
2014.12.30 12:22:27.341,0.93435,0.93472,1.17,1.37
2014.12.30 12:22:29.194,0.93431,0.9347,3.45,1.00
2014.12.30 12:22:29.703,0.93438,0.93475,1.00,1.52
2014.12.30 12:22:29.753,0.93438,0.93478,1.00,2.32
2014.12.30 12:22:30.133,0.93438,0.93478,1.37,2.32
2014.12.30 12:22:30.291,0.9344,0.93479,1.50,1.17
2014.12.30 12:22:31.461,0.93438,0.93479,2.62,1.17
2014.12.30 12:22:35.045,0.93438,0.93475,1.65,1.00
2014.12.30 12:22:35.805,0.93438,0.93479,1.65,1.17
2014.12.30 12:22:36.135,0.93437,0.93475,3.67,1.00
2014.12.30 12:22:36.685,0.93437,0.93479,2.70,1.17
2014.12.30 12:22:37.196,0.93437,0.93477,2.70,1.00
2014.12.30 12:22:37.456,0.93437,0.93475,2.70,1.00
2014.12.30 12:22:38.014,0.93437,0.93476,2.70,1.00
2014.12.30 12:22:38.635,0.93437,0.93477,2.70,1.00
2014.12.30 12:22:42.924,0.93437,0.93475,2.70,1.00
2014.12.30 12:22:43.034,0.93437,0.93477,2.70,1.00
2014.12.30 12:22:43.144,0.93437,0.93475,2.70,1.00
2014.12.30 12:22:43.253,0.93437,0.93477,2.70,1.00
2014.12.30 12:22:43.756,0.93437,0.93477,2.70,1.37
2014.12.30 12:22:44.358,0.93437,0.93476,2.32,1.72
2014.12.30 12:22:44.428,0.93435,0.93476,1.65,1.87
2014.12.30 12:22:44.479,0.93435,0.93471,1.00,2.70
2014.12.30 12:22:44.581,0.93431,0.93468,1.37,1.15
2014.12.30 12:22:45.085,0.93431,0.93471,1.00,2.70
2014.12.30 12:22:45.388,0.9343,0.93465,1.00,2.32
2014.12.30 12:22:45.439,0.93426,0.93465,1.00,2.32
2014.12.30 12:22:45.792,0.93425,0.93465,1.37,3.82
2014.12.30 12:22:45.893,0.93425,0.93465,1.72,3.07
2014.12.30 12:22:45.944,0.93428,0.93465,1.00,2.32
2014.12.30 12:22:46.247,0.9343,0.93465,1.00,2.32
2014.12.30 12:22:46.298,0.9343,0.93467,1.00,1.15
2014.12.30 12:22:48.204,0.93427,0.93465,1.52,1.10
2014.12.30 12:22:48.866,0.9343,0.93466,1.00,1.50
2014.12.30 12:22:55.511,0.9343,0.93466,1.00,3.67
2014.12.30 12:23:05.143,0.93435,0.93466,1.00,2.32
2014.12.30 12:23:05.404,0.9343,0.93466,1.00,2.32
2014.12.30 12:23:05.693,0.93435,0.93466,1.00,2.32
2014.12.30 12:23:06.252,0.9343,0.93466,1.00,2.32
2014.12.30 12:23:07.717,0.93435,0.93466,1.00,2.32
2014.12.30 12:23:08.333,0.9343,0.93466,1.00,2.32
2014.12.30 12:23:08.910,0.9343,0.93466,1.37,2.32
2014.12.30 12:23:11.303,0.93435,0.93466,1.00,2.32
2014.12.30 12:23:14.273,0.9343,0.93466,1.37,2.32
2014.12.30 12:23:16.144,0.9343,0.93469,1.37,2.32
2014.12.30 12:23:16.374,0.93435,0.93469,1.00,2.32
2014.12.30 12:23:16.803,0.9344,0.93469,1.00,2.32
2014.12.30 12:23:20.563,0.93435,0.93469,1.00,2.32
2014.12.30 12:23:20.665,0.93439,0.93469,1.00,2.32
2014.12.30 12:23:22.345,0.93435,0.93469,1.00,2.32
2014.12.30 12:23:22.523,0.93439,0.93469,1.00,2.32
2014.12.30 12:23:30.554,0.9344,0.93469,1.00,2.32
2014.12.30 12:23:34.737,0.9344,0.93474,1.00,1.87
2014.12.30 12:23:40.698,0.93445,0.93474,1.00,2.25
2014.12.30 12:23:41.663,0.9344,0.93474,1.00,2.25
2014.12.30 12:23:44.765,0.93445,0.93474,1.00,1.15
2014.12.30 12:23:49.182,0.9344,0.93474,1.00,1.15
2014.12.30 12:23:50.945,0.93445,0.93474,1.00,1.15
2014.12.30 12:23:51.097,0.93445,0.93478,1.00,1.15
2014.12.30 12:23:51.628,0.93444,0.93479,1.00,1.15
2014.12.30 12:23:52.170,0.93445,0.9348,1.00,4.42
2014.12.30 12:23:52.696,0.93444,0.93479,1.00,1.15
2014.12.30 12:23:52.797,0.9345,0.9348,1.00,3.07
2014.12.30 12:23:53.150,0.93445,0.9348,1.00,2.32
2014.12.30 12:23:53.452,0.9344,0.93478,1.00,1.15
2014.12.30 12:23:55.325,0.93436,0.93477,1.65,1.15
2014.12.30 12:23:55.893,0.9344,0.93476,1.00,1.17
2014.12.30 12:24:01.585,0.93435,0.93476,2.02,1.27
2014.12.30 12:24:02.132,0.93435,0.93474,1.27,1.00
2014.12.30 12:24:02.795,0.93435,0.93475,1.27,1.10
2014.12.30 12:24:05.172,0.93433,0.93474,3.45,1.00
2014.12.30 12:24:11.164,0.9344,0.93474,1.00,1.17
2014.12.30 12:24:11.265,0.93435,0.93474,1.27,1.17
2014.12.30 12:24:11.417,0.93431,0.93472,2.32,1.07
2014.12.30 12:24:11.467,0.9343,0.9347,1.27,1.15
2014.12.30 12:24:11.518,0.93435,0.9347,1.00,1.15
2014.12.30 12:24:11.771,0.93429,0.93469,2.10,3.07
2014.12.30 12:24:12.284,0.93425,0.93467,1.52,1.15
2014.12.30 12:24:17.302,0.9343,0.93467,1.00,1.15
2014.12.30 12:24:23.238,0.93425,0.93466,1.52,1.15
2014.12.30 12:24:23.390,0.93435,0.93466,1.00,1.15
2014.12.30 12:24:26.123,0.9343,0.93468,1.37,1.15
2014.12.30 12:24:30.172,0.93435,0.93468,1.00,1.15
2014.12.30 12:24:30.631,0.9343,0.93468,1.37,1.15
2014.12.30 12:24:30.732,0.93431,0.93468,1.12,1.00
2014.12.30 12:24:30.834,0.9343,0.93466,1.65,1.30
2014.12.30 12:24:31.087,0.9343,0.93464,1.00,1.05
2014.12.30 12:24:32.199,0.93429,0.93465,1.00,1.87
2014.12.30 12:24:32.771,0.9343,0.93465,1.00,1.87
2014.12.30 12:24:33.301,0.9343,0.93465,1.37,1.87
2014.12.30 12:24:35.255,0.9343,0.93465,1.00,1.87
2014.12.30 12:24:37.200,0.9343,0.93468,1.37,1.45
2014.12.30 12:24:37.301,0.9343,0.93469,1.52,1.17
2014.12.30 12:24:37.711,0.93435,0.93469,1.00,1.17
2014.12.30 12:24:38.174,0.9344,0.9347,1.00,1.15
2014.12.30 12:24:38.379,0.93435,0.9347,1.00,1.15
2014.12.30 12:24:38.632,0.9344,0.93469,1.00,1.17
2014.12.30 12:24:38.874,0.93435,0.93469,1.00,1.17
2014.12.30 12:24:38.925,0.9344,0.93469,1.00,1.17
2014.12.30 12:24:40.245,0.93435,0.93469,1.00,1.17
2014.12.30 12:24:40.932,0.9344,0.93469,1.00,1.17
2014.12.30 12:24:41.661,0.93435,0.93469,1.00,1.17
2014.12.30 12:24:42.668,0.93434,0.93469,1.00,1.17
2014.12.30 12:24:44.961,0.9344,0.93469,1.00,1.17
2014.12.30 12:24:46.282,0.93435,0.93469,1.00,1.17
2014.12.30 12:24:48.099,0.93435,0.93471,1.37,2.25
2014.12.30 12:24:48.401,0.93435,0.93472,1.37,1.87
2014.12.30 12:24:48.502,0.93435,0.93472,1.52,1.72
2014.12.30 12:24:48.653,0.93437,0.93476,1.55,1.87
2014.12.30 12:24:48.805,0.93435,0.93476,2.40,1.15
2014.12.30 12:24:48.906,0.93439,0.93477,1.00,1.15
2014.12.30 12:24:49.259,0.9344,0.93478,1.07,1.37
2014.12.30 12:24:49.310,0.9344,0.93478,1.17,1.30
2014.12.30 12:24:49.826,0.9344,0.9348,1.65,1.07
2014.12.30 12:24:50.636,0.9344,0.93481,1.55,1.17
2014.12.30 12:24:50.737,0.9344,0.93481,1.92,1.17
2014.12.30 12:24:50.979,0.93445,0.93484,1.52,1.17
2014.12.30 12:24:58.503,0.93443,0.93482,1.00,3.07
2014.12.30 12:24:58.553,0.93441,0.93477,1.10,1.05
2014.12.30 12:24:58.604,0.93441,0.93471,1.10,1.00
2014.12.30 12:24:58.705,0.93438,0.93477,1.52,1.05
2014.12.30 12:24:58.907,0.9344,0.93476,1.00,2.32
2014.12.30 12:24:59.260,0.93443,0.93476,1.30,2.32
2014.12.30 12:24:59.310,0.93444,0.9348,1.00,1.15
2014.12.30 12:24:59.361,0.93447,0.9348,1.30,1.15
2014.12.30 12:24:59.412,0.93449,0.93485,1.00,1.00
2014.12.30 12:24:59.463,0.93453,0.93485,1.30,1.00
2014.12.30 12:24:59.614,0.93453,0.93491,1.05,1.15
2014.12.30 12:25:00.218,0.93454,0.93494,1.00,2.92
2014.12.30 12:25:00.722,0.93453,0.93494,1.10,3.07
2014.12.30 12:25:00.924,0.9345,0.93491,1.07,2.70
2014.12.30 12:25:01.025,0.9345,0.9349,1.00,3.07
2014.12.30 12:25:01.126,0.93445,0.93486,1.15,1.17
2014.12.30 12:25:01.328,0.93444,0.93485,1.20,1.65
2014.12.30 12:25:01.429,0.93444,0.93484,1.10,1.15
2014.12.30 12:25:04.707,0.93441,0.9348,1.07,2.32
2014.12.30 12:25:04.808,0.93438,0.93476,1.80,1.15
2014.12.30 12:25:05.060,0.9344,0.93479,1.00,2.32
2014.12.30 12:25:05.212,0.9344,0.93481,1.27,1.15
2014.12.30 12:25:06.889,0.9344,0.93476,1.27,1.00
2014.12.30 12:25:06.990,0.9344,0.93481,1.27,1.27
2014.12.30 12:25:08.936,0.9344,0.93479,1.00,2.32
2014.12.30 12:25:09.037,0.93435,0.93476,1.52,1.15
2014.12.30 12:25:09.239,0.93436,0.93477,1.55,1.15
2014.12.30 12:25:09.643,0.93435,0.93478,1.27,1.15
2014.12.30 12:25:09.996,0.93439,0.93479,1.00,2.32
2014.12.30 12:25:10.097,0.93437,0.93479,1.10,3.07
2014.12.30 12:25:10.198,0.93439,0.93479,1.00,2.32
2014.12.30 12:25:10.551,0.93437,0.93479,1.80,3.07
2014.12.30 12:25:10.652,0.93439,0.93482,1.15,1.27
2014.12.30 12:25:15.547,0.93439,0.93479,1.00,2.32
2014.12.30 12:25:15.597,0.93437,0.93479,1.10,3.07
2014.12.30 12:25:15.698,0.9344,0.93479,1.00,3.45
2014.12.30 12:25:15.951,0.93434,0.93474,1.00,3.30
2014.12.30 12:25:16.153,0.93439,0.93474,1.00,2.32
2014.12.30 12:25:16.254,0.93439,0.93479,1.00,2.32
2014.12.30 12:25:17.084,0.9344,0.93479,1.00,2.32
2014.12.30 12:25:29.447,0.93441,0.93479,1.00,2.32
2014.12.30 12:25:29.548,0.93442,0.9348,1.37,2.32
2014.12.30 12:25:29.598,0.93443,0.93482,1.05,1.15
2014.12.30 12:25:29.753,0.93445,0.93483,1.00,1.15
2014.12.30 12:25:30.067,0.93447,0.93484,1.00,2.32
2014.12.30 12:25:30.118,0.93444,0.93484,1.00,2.32
2014.12.30 12:25:30.622,0.9344,0.9348,1.15,1.17
2014.12.30 12:25:31.155,0.9344,0.93478,1.65,1.30
2014.12.30 12:25:31.727,0.9344,0.93479,1.15,1.05
2014.12.30 12:25:32.377,0.93437,0.93479,1.17,2.32
2014.12.30 12:25:32.679,0.93441,0.93482,1.52,1.15
2014.12.30 12:25:33.694,0.93445,0.93484,1.00,1.15
2014.12.30 12:25:34.200,0.93444,0.93485,1.10,3.07
2014.12.30 12:25:34.707,0.93445,0.93485,1.00,3.07
2014.12.30 12:25:38.931,0.93445,0.93477,1.00,1.30
2014.12.30 12:25:39.032,0.93439,0.93477,1.50,1.45
2014.12.30 12:25:39.536,0.9344,0.9348,1.50,3.30
2014.12.30 12:25:40.347,0.93437,0.93478,1.17,1.45
2014.12.30 12:25:40.499,0.93436,0.93473,1.15,1.00
2014.12.30 12:25:40.600,0.93437,0.93478,1.17,1.45
2014.12.30 12:25:40.752,0.9344,0.93478,1.00,1.45
2014.12.30 12:25:43.963,0.9344,0.93474,1.00,1.00
2014.12.30 12:25:44.470,0.93439,0.9348,1.00,4.05
2014.12.30 12:25:47.285,0.9344,0.9348,1.00,3.30
2014.12.30 12:25:50.693,0.93436,0.93477,1.52,1.15
2014.12.30 12:25:50.895,0.93436,0.93475,1.00,4.87
2014.12.30 12:25:50.996,0.93432,0.93473,1.65,1.15
2014.12.30 12:25:51.563,0.93427,0.93468,5.25,1.00
2014.12.30 12:25:51.664,0.93429,0.9347,1.15,1.20
2014.12.30 12:25:52.123,0.93434,0.93473,1.00,1.52
2014.12.30 12:25:52.224,0.93429,0.9347,1.15,1.20
2014.12.30 12:25:53.638,0.93428,0.93469,1.27,1.00
2014.12.30 12:25:54.153,0.93429,0.9347,1.15,1.65
2014.12.30 12:25:54.405,0.93435,0.93472,1.30,1.15
2014.12.30 12:25:54.556,0.93436,0.93475,1.12,1.17
2014.12.30 12:25:57.498,0.93437,0.93477,1.42,1.15
2014.12.30 12:25:57.714,0.93437,0.93478,4.42,1.10
2014.12.30 12:26:08.521,0.93447,0.93483,1.00,3.45
2014.12.30 12:26:08.622,0.93446,0.93483,1.15,1.37
2014.12.30 12:26:08.673,0.93446,0.93483,1.15,1.00
2014.12.30 12:26:09.026,0.93452,0.93488,1.00,1.15
2014.12.30 12:26:09.228,0.93447,0.93488,2.25,1.15
2014.12.30 12:26:09.429,0.93453,0.93488,1.00,1.15
2014.12.30 12:26:09.531,0.93447,0.93488,2.25,1.15
2014.12.30 12:26:12.341,0.93449,0.93488,1.30,1.15
2014.12.30 12:26:15.151,0.93448,0.93488,1.42,1.15
2014.12.30 12:26:16.271,0.93448,0.93488,1.80,1.15
2014.12.30 12:26:22.702,0.93447,0.93488,1.17,1.15
2014.12.30 12:26:24.558,0.93447,0.93488,1.55,1.15
2014.12.30 12:26:25.379,0.93447,0.93488,1.55,1.15
2014.12.30 12:26:29.252,0.93447,0.93488,1.15,1.17
2014.12.30 12:26:29.303,0.93447,0.93488,1.15,1.17
2014.12.30 12:26:44.089,0.93447,0.93488,1.90,1.17
2014.12.30 12:26:44.190,0.93452,0.93495,1.52,1.65
2014.12.30 12:26:44.342,0.93459,0.93497,1.00,3.45
2014.12.30 12:26:44.392,0.93459,0.93497,1.15,1.10
2014.12.30 12:26:56.148,0.93462,0.93502,1.30,3.07
2014.12.30 12:27:04.399,0.93461,0.935,1.80,1.15
2014.12.30 12:27:05.097,0.93461,0.93502,1.80,1.52
2014.12.30 12:27:06.057,0.93463,0.93503,1.00,2.70
2014.12.30 12:27:06.692,0.93464,0.93503,1.30,2.70
2014.12.30 12:27:08.421,0.93463,0.93503,1.72,2.70
2014.12.30 12:27:09.212,0.93464,0.93503,1.30,2.70
2014.12.30 12:27:10.291,0.93463,0.93503,1.72,2.32
2014.12.30 12:27:10.822,0.93464,0.93503,1.35,2.32
2014.12.30 12:27:11.343,0.93464,0.93503,2.10,2.32
2014.12.30 12:27:11.856,0.93464,0.93503,1.00,2.32
2014.12.30 12:27:12.375,0.93464,0.93503,1.37,2.32
2014.12.30 12:27:12.527,0.93462,0.93502,2.70,1.30
2014.12.30 12:27:12.578,0.93462,0.93502,2.62,1.37
2014.12.30 12:27:12.628,0.93461,0.93503,1.55,3.07
2014.12.30 12:27:13.099,0.93461,0.935,1.55,1.15
2014.12.30 12:27:14.951,0.93464,0.93505,1.52,2.62
2014.12.30 12:27:32.194,0.93465,0.935,1.17,1.00
2014.12.30 12:27:32.717,0.93463,0.93501,1.52,1.72
2014.12.30 12:27:33.552,0.93463,0.93501,1.45,1.07
2014.12.30 12:27:33.703,0.9346,0.93499,1.52,1.12
2014.12.30 12:27:33.754,0.93459,0.93495,1.45,1.37
2014.12.30 12:27:33.905,0.93457,0.93495,1.20,1.87
2014.12.30 12:27:34.662,0.93456,0.93495,1.55,1.45
2014.12.30 12:27:35.166,0.93459,0.93495,1.00,1.45
2014.12.30 12:27:35.268,0.93459,0.93494,1.00,3.30
2014.12.30 12:27:35.318,0.93455,0.93494,1.00,3.30
2014.12.30 12:27:35.621,0.93453,0.93488,1.00,1.30
2014.12.30 12:27:35.722,0.93453,0.93484,1.00,1.30
2014.12.30 12:27:36.599,0.93453,0.93483,1.00,1.30
2014.12.30 12:27:37.225,0.93453,0.93484,1.00,1.30
2014.12.30 12:27:38.120,0.93453,0.93485,1.00,1.30
2014.12.30 12:27:40.410,0.93455,0.93485,1.00,1.30
2014.12.30 12:27:41.217,0.93453,0.93485,1.00,1.30
2014.12.30 12:27:47.142,0.93453,0.93483,1.00,1.30
2014.12.30 12:27:47.253,0.93453,0.93485,1.00,1.30
2014.12.30 12:27:47.354,0.93455,0.93485,1.00,1.30
2014.12.30 12:27:48.999,0.93459,0.93485,1.00,1.30
2014.12.30 12:27:52.509,0.93455,0.93485,1.00,1.30
2014.12.30 12:27:52.909,0.93455,0.93485,1.00,1.37
2014.12.30 12:27:53.211,0.9345,0.93481,1.00,1.37
2014.12.30 12:27:53.413,0.93445,0.93482,1.12,1.45
2014.12.30 12:27:58.134,0.93443,0.9348,1.00,1.45
2014.12.30 12:27:58.336,0.93443,0.9348,1.37,1.45
2014.12.30 12:28:05.845,0.93443,0.93479,1.00,1.12
2014.12.30 12:28:07.693,0.93443,0.93479,1.37,1.12
2014.12.30 12:28:14.244,0.93445,0.93479,1.12,1.05
2014.12.30 12:28:15.162,0.93444,0.93481,1.37,1.45
2014.12.30 12:28:15.465,0.93445,0.9348,1.37,1.12
2014.12.30 12:28:15.768,0.93448,0.93485,1.47,1.12
2014.12.30 12:28:15.986,0.93446,0.93484,1.15,1.05
2014.12.30 12:28:16.087,0.93447,0.93484,1.55,1.05
2014.12.30 12:28:16.385,0.93447,0.93484,1.55,1.05
2014.12.30 12:28:16.537,0.9345,0.93485,1.00,1.12
2014.12.30 12:28:16.848,0.93446,0.93485,1.37,3.30
2014.12.30 12:28:17.361,0.9345,0.93485,1.00,3.30
2014.12.30 12:28:17.616,0.93449,0.93489,1.30,3.07
2014.12.30 12:28:17.718,0.93449,0.93489,1.67,2.32
2014.12.30 12:28:18.020,0.9345,0.93489,1.87,2.32
2014.12.30 12:28:21.191,0.9345,0.93489,2.85,2.32
2014.12.30 12:28:23.040,0.9345,0.93489,1.37,2.32
2014.12.30 12:28:26.239,0.9345,0.93489,1.00,3.67
2014.12.30 12:28:26.340,0.93447,0.93485,2.02,1.12
2014.12.30 12:28:26.542,0.93449,0.93489,1.37,3.30
2014.12.30 12:28:26.794,0.93448,0.93488,1.42,1.15
2014.12.30 12:28:26.845,0.93448,0.93488,1.80,1.15
2014.12.30 12:28:27.262,0.93452,0.9349,1.52,1.30
2014.12.30 12:28:27.869,0.93452,0.93492,1.15,1.45
2014.12.30 12:28:30.149,0.9345,0.9349,1.52,1.30
2014.12.30 12:28:30.660,0.9345,0.93491,1.15,1.12
2014.12.30 12:28:30.711,0.93449,0.9349,1.20,1.80
2014.12.30 12:28:30.761,0.93449,0.9349,1.12,1.87
2014.12.30 12:28:32.411,0.93449,0.93486,1.12,2.25
2014.12.30 12:28:32.512,0.93445,0.93483,1.87,1.45
2014.12.30 12:28:32.663,0.93444,0.93483,1.20,1.45
2014.12.30 12:28:33.200,0.93445,0.93483,1.00,1.45
2014.12.30 12:28:38.888,0.93447,0.93485,1.00,2.32
2014.12.30 12:28:38.989,0.93449,0.93488,1.07,1.12
2014.12.30 12:28:40.710,0.93449,0.93485,1.07,1.37
2014.12.30 12:28:40.862,0.93446,0.93485,1.00,1.45
2014.12.30 12:28:41.013,0.93446,0.93486,2.10,2.32
2014.12.30 12:28:41.689,0.93449,0.93486,1.00,2.32
2014.12.30 12:28:41.998,0.9345,0.93489,1.55,1.45
2014.12.30 12:28:42.946,0.9345,0.93492,1.87,4.05
2014.12.30 12:29:02.182,0.9345,0.9349,1.10,2.32
2014.12.30 12:29:06.935,0.93449,0.93487,1.00,1.82
2014.12.30 12:29:07.452,0.93445,0.93486,1.27,2.25
2014.12.30 12:29:07.755,0.93446,0.93485,1.00,2.32
2014.12.30 12:29:10.759,0.93448,0.93485,1.00,3.30
2014.12.30 12:29:13.762,0.93449,0.93485,1.00,2.32
2014.12.30 12:29:15.025,0.93449,0.93488,1.00,1.45
2014.12.30 12:29:16.628,0.9345,0.93488,1.00,1.45
2014.12.30 12:29:17.289,0.93449,0.93487,1.00,1.45
2014.12.30 12:29:17.792,0.9345,0.93487,1.00,1.45
2014.12.30 12:29:18.319,0.93449,0.93487,1.00,1.45
2014.12.30 12:29:18.829,0.9345,0.93487,1.50,1.45
2014.12.30 12:29:21.128,0.93449,0.93487,1.00,1.45
2014.12.30 12:29:21.640,0.93445,0.93483,1.12,1.45
2014.12.30 12:29:21.892,0.93439,0.93477,1.10,1.17
2014.12.30 12:29:21.993,0.93439,0.9348,2.17,2.62
2014.12.30 12:29:23.592,0.93439,0.93479,2.17,1.45
2014.12.30 12:29:29.758,0.93436,0.93475,1.07,1.07
2014.12.30 12:29:29.859,0.93435,0.93474,1.10,1.15
2014.12.30 12:29:30.061,0.93433,0.93472,1.80,2.32
2014.12.30 12:29:30.212,0.93432,0.93469,1.00,1.15
2014.12.30 12:29:30.364,0.9343,0.93467,1.20,1.10
2014.12.30 12:29:34.826,0.93428,0.93459,1.15,1.00
2014.12.30 12:29:40.328,0.93427,0.93458,1.00,1.00
2014.12.30 12:29:40.861,0.93427,0.93459,1.00,1.00
2014.12.30 12:29:43.251,0.93427,0.93462,1.00,1.10
2014.12.30 12:29:43.352,0.9343,0.93462,1.00,1.10
2014.12.30 12:29:43.554,0.93427,0.93462,1.00,1.10
2014.12.30 12:29:43.705,0.93427,0.93463,1.37,1.17
2014.12.30 12:29:46.541,0.93427,0.93461,1.37,1.00
2014.12.30 12:29:48.651,0.93427,0.93467,1.37,2.32
2014.12.30 12:29:55.840,0.93427,0.93467,1.37,2.32
2014.12.30 12:29:56.151,0.93432,0.93468,1.37,2.32
2014.12.30 12:29:57.606,0.93432,0.93468,1.12,2.32
2014.12.30 12:29:58.143,0.93432,0.93468,1.37,2.32
2014.12.30 12:29:58.610,0.93432,0.93468,1.37,2.32
2014.12.30 12:29:58.811,0.93433,0.93473,1.52,3.30
2014.12.30 12:29:58.912,0.93433,0.9347,2.17,2.32
2014.12.30 12:29:59.114,0.93431,0.93469,1.47,4.05
2014.12.30 12:29:59.316,0.93435,0.93468,1.00,1.15
2014.12.30 12:30:02.610,0.93433,0.93467,1.12,1.45
2014.12.30 12:30:02.661,0.93436,0.93469,2.12,3.00
2014.12.30 12:30:02.712,0.93436,0.93469,2.62,1.00
2014.12.30 12:30:02.763,0.93449,0.93469,1.50,1.00
2014.12.30 12:30:02.864,0.93455,0.93486,1.00,2.32
2014.12.30 12:30:02.965,0.9346,0.93486,1.00,2.32
2014.12.30 12:30:03.016,0.9346,0.93487,1.00,1.15
2014.12.30 12:30:03.117,0.93454,0.93485,1.00,3.30
2014.12.30 12:30:03.167,0.93452,0.93485,1.10,3.97
2014.12.30 12:30:03.319,0.93452,0.9348,1.00,1.45
2014.12.30 12:30:03.369,0.93448,0.9348,1.00,1.45
2014.12.30 12:30:03.420,0.93455,0.93483,1.00,2.32
2014.12.30 12:30:03.521,0.93455,0.93488,1.00,2.32
2014.12.30 12:30:03.622,0.93455,0.93489,1.10,1.45
2014.12.30 12:30:03.774,0.93453,0.93487,1.07,1.12
2014.12.30 12:30:03.824,0.93453,0.93487,1.00,1.45
2014.12.30 12:30:05.849,0.93453,0.93484,1.00,1.12
2014.12.30 12:30:05.900,0.9345,0.93484,1.00,1.45
2014.12.30 12:30:06.203,0.93452,0.93484,1.00,1.45
2014.12.30 12:30:06.304,0.9345,0.93484,1.00,1.45
2014.12.30 12:30:06.858,0.93452,0.93485,1.00,3.30
2014.12.30 12:30:06.960,0.9345,0.93485,1.50,3.30
2014.12.30 12:30:07.313,0.93452,0.93485,1.00,1.12
2014.12.30 12:30:08.595,0.93452,0.9348,1.00,2.10
2014.12.30 12:30:08.797,0.93437,0.93472,1.65,1.17
2014.12.30 12:30:08.898,0.93438,0.93467,1.47,1.00
2014.12.30 12:30:08.948,0.93438,0.93467,1.17,1.00
2014.12.30 12:30:09.130,0.9344,0.93472,1.07,1.07
2014.12.30 12:30:09.181,0.93442,0.93476,1.10,1.65
2014.12.30 12:30:10.220,0.93443,0.93477,1.00,1.15
2014.12.30 12:30:10.422,0.93443,0.93472,1.00,1.00
2014.12.30 12:30:10.624,0.9344,0.93474,1.65,1.10
2014.12.30 12:30:10.979,0.9344,0.93469,1.15,1.00
2014.12.30 12:30:11.080,0.93435,0.93468,1.65,1.00
2014.12.30 12:30:11.433,0.93436,0.93464,1.17,1.30
2014.12.30 12:30:11.585,0.9343,0.93462,1.15,1.00
2014.12.30 12:30:11.687,0.9343,0.93459,1.15,1.00
2014.12.30 12:30:11.788,0.93426,0.93458,1.15,1.00
2014.12.30 12:30:11.838,0.93435,0.93458,1.00,1.00
2014.12.30 12:30:12.091,0.93435,0.93465,1.50,1.10
2014.12.30 12:30:12.580,0.9344,0.93468,1.00,1.15
2014.12.30 12:30:12.883,0.9344,0.93471,1.00,1.17
2014.12.30 12:30:13.185,0.9344,0.9347,1.37,1.10
2014.12.30 12:30:13.337,0.93445,0.93476,1.00,1.15
2014.12.30 12:30:14.375,0.9345,0.93476,1.00,1.15
2014.12.30 12:30:14.476,0.9344,0.93472,1.17,1.00
2014.12.30 12:30:14.527,0.9344,0.93471,1.80,1.07
2014.12.30 12:30:15.056,0.9344,0.93472,1.65,1.00
2014.12.30 12:30:15.258,0.9344,0.93472,1.00,1.15
2014.12.30 12:30:15.864,0.9344,0.9347,1.00,2.32
2014.12.30 12:30:15.914,0.93435,0.9347,1.00,2.32
2014.12.30 12:30:15.980,0.9344,0.9347,1.00,2.32
2014.12.30 12:30:16.772,0.93436,0.9347,1.00,2.32
2014.12.30 12:30:17.225,0.93437,0.9347,1.67,2.32
2014.12.30 12:30:17.528,0.93445,0.93474,1.00,2.32
2014.12.30 12:30:17.680,0.9344,0.93474,1.00,2.32
2014.12.30 12:30:18.844,0.93439,0.93471,1.00,1.15
2014.12.30 12:30:27.998,0.9344,0.93472,1.00,1.45
2014.12.30 12:30:31.477,0.93448,0.93473,1.37,1.72
2014.12.30 12:30:31.779,0.93451,0.93481,1.67,1.00
2014.12.30 12:30:31.982,0.9345,0.93479,1.42,1.00
2014.12.30 12:30:32.295,0.93454,0.93486,1.37,1.00
2014.12.30 12:30:32.547,0.93454,0.93486,1.67,2.85
2014.12.30 12:30:32.598,0.93454,0.93485,1.30,1.60
2014.12.30 12:30:32.900,0.93455,0.93484,1.37,1.15
2014.12.30 12:30:33.002,0.93455,0.93492,1.37,3.82
2014.12.30 12:30:33.103,0.93455,0.93488,1.00,2.25
2014.12.30 12:30:33.204,0.9345,0.93482,1.52,1.00
2014.12.30 12:30:33.305,0.93449,0.93482,1.55,1.10
2014.12.30 12:30:33.507,0.93455,0.93484,1.00,1.45
2014.12.30 12:30:33.827,0.9345,0.93485,1.47,1.72
2014.12.30 12:30:33.878,0.9345,0.93487,1.47,4.80
2014.12.30 12:30:33.979,0.93455,0.93487,1.67,1.65
2014.12.30 12:30:34.130,0.93456,0.93485,1.30,1.00
2014.12.30 12:30:34.231,0.9345,0.93485,1.10,2.62
2014.12.30 12:30:34.383,0.93455,0.93485,1.00,1.45
2014.12.30 12:30:34.484,0.93455,0.93491,1.00,2.32
2014.12.30 12:30:34.989,0.9345,0.93484,1.15,1.30
2014.12.30 12:30:35.727,0.9345,0.93485,1.15,1.72
2014.12.30 12:30:36.250,0.9345,0.93484,1.15,1.30
2014.12.30 12:30:36.792,0.93455,0.93484,1.00,1.30
2014.12.30 12:30:36.994,0.9345,0.93483,1.00,1.12
2014.12.30 12:30:37.095,0.9345,0.93482,1.00,1.45
2014.12.30 12:30:42.523,0.93445,0.93478,1.17,1.05
2014.12.30 12:30:47.199,0.93445,0.93474,1.10,1.30
2014.12.30 12:30:47.350,0.9344,0.93474,1.00,1.87
2014.12.30 12:30:47.602,0.9344,0.93472,1.00,3.30
2014.12.30 12:30:50.190,0.93434,0.93469,1.10,1.45
2014.12.30 12:30:50.695,0.93435,0.9347,1.00,1.87
2014.12.30 12:30:52.102,0.9344,0.9347,1.00,1.45
2014.12.30 12:30:52.538,0.93435,0.93468,1.00,4.87
2014.12.30 12:30:52.740,0.93435,0.93469,1.00,1.45
2014.12.30 12:30:53.193,0.9344,0.93469,1.00,1.45
2014.12.30 12:30:54.201,0.9344,0.9347,1.37,1.37
2014.12.30 12:30:54.251,0.9344,0.9347,1.37,1.30
2014.12.30 12:30:54.403,0.9345,0.93476,1.00,1.12
2014.12.30 12:30:54.454,0.9345,0.93477,1.00,1.12
2014.12.30 12:30:59.318,0.93449,0.93479,1.00,1.45
2014.12.30 12:31:00.417,0.9345,0.93481,1.00,3.30
2014.12.30 12:31:08.928,0.93445,0.93481,1.00,3.30
2014.12.30 12:31:11.007,0.9345,0.93479,1.00,1.45
2014.12.30 12:31:11.087,0.93445,0.93479,1.00,1.45
2014.12.30 12:31:15.126,0.93445,0.9348,1.10,1.87
2014.12.30 12:31:15.916,0.93445,0.93475,1.10,1.30
2014.12.30 12:31:16.433,0.93445,0.93474,1.10,1.30
2014.12.30 12:31:16.948,0.93445,0.93475,1.10,1.30
2014.12.30 12:31:18.429,0.93445,0.93476,1.10,1.30
2014.12.30 12:31:23.691,0.93445,0.93478,1.10,1.12
2014.12.30 12:31:29.678,0.9345,0.93478,1.00,1.12
2014.12.30 12:31:32.867,0.93445,0.9348,1.10,3.00
2014.12.30 12:31:34.855,0.9345,0.9348,1.00,2.25
2014.12.30 12:31:36.156,0.9345,0.9348,1.00,2.25
2014.12.30 12:31:36.864,0.93445,0.9348,1.00,3.00
2014.12.30 12:31:37.859,0.9345,0.93479,1.00,1.50
2014.12.30 12:31:41.337,0.93445,0.93479,1.00,1.50
2014.12.30 12:31:45.783,0.9345,0.93479,1.00,1.50
2014.12.30 12:31:46.087,0.93445,0.93479,1.00,1.45
2014.12.30 12:31:47.572,0.9345,0.93479,1.00,1.45
2014.12.30 12:31:49.579,0.9345,0.93477,1.00,1.10
2014.12.30 12:31:49.831,0.93455,0.93489,1.00,1.45
2014.12.30 12:31:50.688,0.9346,0.9349,1.00,2.32
2014.12.30 12:31:50.955,0.93455,0.9349,1.00,2.32
2014.12.30 12:31:51.127,0.9346,0.9349,1.00,2.32
2014.12.30 12:31:51.566,0.93455,0.9349,1.00,2.32
2014.12.30 12:31:51.718,0.9346,0.9349,1.00,2.32
2014.12.30 12:31:52.519,0.9346,0.93492,1.00,2.25
2014.12.30 12:31:52.570,0.93455,0.93488,1.17,1.00
2014.12.30 12:31:52.620,0.93455,0.93485,1.00,1.80
2014.12.30 12:31:52.923,0.93455,0.93483,1.00,1.30
2014.12.30 12:31:53.310,0.93455,0.93483,1.00,1.45
2014.12.30 12:31:56.187,0.9345,0.93483,1.00,2.25
2014.12.30 12:31:56.238,0.9345,0.93482,1.00,2.92
2014.12.30 12:31:56.440,0.93445,0.93478,1.10,1.12
2014.12.30 12:31:57.089,0.9345,0.93478,1.00,1.12
2014.12.30 12:31:57.315,0.93445,0.93479,1.10,1.87
2014.12.30 12:31:57.972,0.9345,0.93479,1.00,1.87
2014.12.30 12:31:58.057,0.93445,0.93479,1.10,1.87
2014.12.30 12:31:58.387,0.9345,0.93478,1.00,1.12
2014.12.30 12:32:01.137,0.93445,0.93477,1.10,1.05
2014.12.30 12:32:01.608,0.9345,0.93478,1.00,1.12
2014.12.30 12:32:01.709,0.93445,0.93479,1.10,1.87
2014.12.30 12:32:02.676,0.9345,0.93479,1.00,1.45
2014.12.30 12:32:02.924,0.93445,0.93479,1.10,1.45
2014.12.30 12:32:03.126,0.9345,0.93479,1.00,1.45
2014.12.30 12:32:03.584,0.93445,0.93479,1.10,1.45
2014.12.30 12:32:04.108,0.9345,0.93479,1.00,1.87
2014.12.30 12:32:04.262,0.93445,0.93479,1.10,1.87
2014.12.30 12:32:05.238,0.93449,0.9348,1.00,1.45
2014.12.30 12:32:06.008,0.9345,0.93481,1.00,1.72
2014.12.30 12:32:06.560,0.93449,0.93482,1.00,2.32
2014.12.30 12:32:07.080,0.9345,0.93482,1.00,2.32
2014.12.30 12:32:08.220,0.93455,0.93483,1.00,2.32
2014.12.30 12:32:08.271,0.93455,0.93485,1.00,1.52
2014.12.30 12:32:08.424,0.9345,0.93485,1.00,2.02
2014.12.30 12:32:10.267,0.93455,0.93484,1.00,1.17
2014.12.30 12:32:11.855,0.9345,0.93484,1.00,1.17
2014.12.30 12:32:11.906,0.9345,0.93484,1.00,3.00
2014.12.30 12:32:12.236,0.9345,0.93478,1.00,1.00
2014.12.30 12:32:13.166,0.9345,0.93477,1.00,1.00
2014.12.30 12:32:14.169,0.9345,0.93478,1.00,1.00
2014.12.30 12:32:14.676,0.9345,0.93479,1.00,1.35
2014.12.30 12:32:17.511,0.9345,0.9348,1.00,1.87
2014.12.30 12:32:19.974,0.93449,0.93479,1.00,1.65
2014.12.30 12:32:20.496,0.9345,0.93477,1.00,1.30
2014.12.30 12:32:21.075,0.9345,0.93476,1.00,1.30
2014.12.30 12:32:21.624,0.9345,0.93477,1.00,1.30
2014.12.30 12:32:22.133,0.9345,0.93476,1.00,1.30
2014.12.30 12:32:22.680,0.9345,0.93477,1.00,1.30
2014.12.30 12:32:23.137,0.93445,0.93476,1.00,1.30
2014.12.30 12:32:23.759,0.93445,0.93477,1.00,1.30
2014.12.30 12:32:24.187,0.93445,0.93475,1.00,1.30
2014.12.30 12:32:32.084,0.9344,0.93475,1.27,1.30
2014.12.30 12:32:32.135,0.9344,0.93474,1.27,1.90
2014.12.30 12:32:32.438,0.93434,0.93464,1.00,1.30
2014.12.30 12:32:32.854,0.9343,0.93464,1.15,1.30
2014.12.30 12:32:33.006,0.9343,0.93459,1.00,1.30
2014.12.30 12:32:33.517,0.93429,0.93459,1.00,1.30
2014.12.30 12:32:34.488,0.9343,0.93459,1.00,1.30
2014.12.30 12:32:34.992,0.9343,0.93461,1.00,1.30
2014.12.30 12:32:36.034,0.93435,0.93461,1.00,1.30
2014.12.30 12:32:36.084,0.93435,0.93463,1.00,1.05
2014.12.30 12:32:36.175,0.93435,0.93461,1.00,1.30
2014.12.30 12:32:36.226,0.9343,0.93461,1.00,1.30
2014.12.30 12:32:36.327,0.9343,0.93463,1.00,1.05
2014.12.30 12:32:36.837,0.9343,0.93462,1.00,1.30
2014.12.30 12:32:38.976,0.93429,0.93462,1.00,1.30
2014.12.30 12:32:39.677,0.93434,0.93462,1.00,1.30
2014.12.30 12:32:39.879,0.9343,0.93463,1.00,1.05
2014.12.30 12:32:40.677,0.9343,0.93462,1.00,1.30
2014.12.30 12:32:41.614,0.9343,0.93461,1.00,1.30
2014.12.30 12:32:42.178,0.93435,0.93461,1.00,1.30
2014.12.30 12:32:44.067,0.9343,0.93461,1.00,1.30
2014.12.30 12:32:47.966,0.9343,0.93463,1.00,1.05
2014.12.30 12:32:53.198,0.9343,0.93463,1.00,1.12
2014.12.30 12:32:53.901,0.9343,0.93463,1.00,1.45
2014.12.30 12:33:00.603,0.9343,0.93461,1.60,1.05
2014.12.30 12:33:00.906,0.93435,0.93464,1.00,1.45
2014.12.30 12:33:01.057,0.93435,0.93469,1.00,1.50
2014.12.30 12:33:01.461,0.93435,0.93465,1.00,1.30
2014.12.30 12:33:03.234,0.93435,0.93466,1.00,1.30
2014.12.30 12:33:06.165,0.93435,0.93465,1.00,1.30
2014.12.30 12:33:14.304,0.93435,0.93466,1.00,1.30
2014.12.30 12:33:15.106,0.93435,0.93465,1.00,1.30
2014.12.30 12:33:17.402,0.93435,0.93466,1.00,1.30
2014.12.30 12:33:17.910,0.93435,0.93465,1.00,1.30
2014.12.30 12:33:18.430,0.93435,0.93466,1.00,1.30
2014.12.30 12:33:21.173,0.93435,0.93466,1.00,1.12
2014.12.30 12:33:27.824,0.9343,0.93465,1.60,1.05
2014.12.30 12:33:27.875,0.9343,0.93465,1.00,1.05
2014.12.30 12:33:27.976,0.9343,0.93461,1.00,1.12
2014.12.30 12:33:28.549,0.9343,0.93459,1.00,1.30
2014.12.30 12:33:32.221,0.93424,0.93459,1.87,1.30
2014.12.30 12:33:32.784,0.93424,0.93458,1.87,1.30
2014.12.30 12:33:33.382,0.93424,0.93459,1.50,1.30
2014.12.30 12:33:33.483,0.93424,0.93455,1.00,1.30
2014.12.30 12:33:33.786,0.9343,0.93455,1.00,1.05
2014.12.30 12:33:33.888,0.93425,0.93455,1.00,1.05
2014.12.30 12:33:33.990,0.9343,0.93455,1.00,1.05
2014.12.30 12:33:34.091,0.93425,0.93455,1.00,1.05
2014.12.30 12:33:34.444,0.9343,0.93456,1.00,1.12
2014.12.30 12:33:34.673,0.93425,0.93456,1.00,1.12
2014.12.30 12:33:34.774,0.93425,0.93458,1.00,1.30
2014.12.30 12:33:35.406,0.9343,0.93458,1.00,1.30
2014.12.30 12:33:37.185,0.9343,0.93457,1.00,1.30
2014.12.30 12:33:37.904,0.9343,0.93458,1.00,1.30
2014.12.30 12:33:38.614,0.93429,0.93458,1.00,1.30
2014.12.30 12:33:40.035,0.9343,0.93458,1.00,1.30
2014.12.30 12:33:40.287,0.9343,0.93461,1.00,1.50
2014.12.30 12:33:40.439,0.93428,0.93459,1.12,1.30
2014.12.30 12:33:40.489,0.9343,0.9346,1.00,1.05
2014.12.30 12:33:40.791,0.93435,0.93466,1.00,1.45
2014.12.30 12:33:40.943,0.93436,0.93471,1.50,1.45
2014.12.30 12:33:41.044,0.9344,0.93472,1.00,1.45
2014.12.30 12:33:43.345,0.93439,0.93474,1.00,3.30
2014.12.30 12:33:43.546,0.93439,0.93475,1.87,1.12
2014.12.30 12:33:44.050,0.93439,0.93475,1.87,1.12
2014.12.30 12:33:44.682,0.93439,0.93463,1.37,1.30
2014.12.30 12:33:44.733,0.93439,0.93463,1.00,1.05
2014.12.30 12:33:44.834,0.93431,0.93466,1.57,1.37
2014.12.30 12:33:44.935,0.93435,0.93469,1.87,1.12
2014.12.30 12:33:45.036,0.93435,0.93472,2.32,1.37
2014.12.30 12:33:45.137,0.9344,0.93473,1.00,1.30
2014.12.30 12:33:45.641,0.9344,0.93474,1.00,1.05
2014.12.30 12:33:46.648,0.93438,0.93473,1.10,1.30
2014.12.30 12:33:47.414,0.93436,0.93474,1.27,1.05
2014.12.30 12:33:48.191,0.9344,0.93474,1.00,1.05
2014.12.30 12:33:49.374,0.9344,0.93476,1.00,3.67
2014.12.30 12:33:49.627,0.93435,0.93472,2.02,1.30
2014.12.30 12:33:50.134,0.93437,0.93473,1.57,1.30
2014.12.30 12:33:50.402,0.93435,0.93466,1.15,1.30
2014.12.30 12:33:50.553,0.93435,0.93469,1.00,1.45
2014.12.30 12:33:50.755,0.93435,0.93472,2.10,2.10
2014.12.30 12:33:51.058,0.9344,0.93474,1.00,2.05
2014.12.30 12:33:51.378,0.9344,0.93469,1.00,1.30
2014.12.30 12:33:51.531,0.9344,0.93471,1.00,1.05
2014.12.30 12:33:51.848,0.9344,0.93469,1.00,1.30
2014.12.30 12:33:52.050,0.9344,0.93475,1.47,1.37
2014.12.30 12:33:52.101,0.9344,0.93475,1.47,1.30
2014.12.30 12:33:52.151,0.93445,0.93477,1.00,1.37
2014.12.30 12:33:54.696,0.93444,0.93481,1.00,3.67
2014.12.30 12:33:54.847,0.93444,0.93481,1.10,1.50
2014.12.30 12:33:54.948,0.93445,0.9348,1.00,1.30
2014.12.30 12:33:55.049,0.93445,0.93477,1.50,1.30
2014.12.30 12:33:55.653,0.93444,0.93477,1.10,1.30
2014.12.30 12:33:56.807,0.93444,0.93476,1.10,1.30
2014.12.30 12:33:57.490,0.93443,0.93476,1.00,1.05
2014.12.30 12:33:58.015,0.93443,0.93475,1.00,1.30
2014.12.30 12:33:58.631,0.93443,0.93476,1.00,1.05
2014.12.30 12:34:00.181,0.93445,0.93476,1.00,1.05
2014.12.30 12:34:00.264,0.93443,0.93476,1.00,1.05
2014.12.30 12:34:02.703,0.93443,0.93475,1.00,1.30
2014.12.30 12:34:03.432,0.93443,0.93476,1.00,1.05
2014.12.30 12:34:04.354,0.93443,0.93475,1.00,1.30
2014.12.30 12:34:04.903,0.93443,0.93476,1.00,1.05
2014.12.30 12:34:06.017,0.9345,0.93479,1.00,1.45
2014.12.30 12:34:06.118,0.93445,0.93479,1.50,1.45
2014.12.30 12:34:09.388,0.93445,0.93478,1.47,1.37
2014.12.30 12:34:09.439,0.9345,0.93482,1.00,1.05
2014.12.30 12:34:09.951,0.93449,0.93484,1.37,1.45
2014.12.30 12:34:10.468,0.93447,0.93481,1.37,1.30
2014.12.30 12:34:10.834,0.93447,0.93481,1.37,1.30
2014.12.30 12:34:11.337,0.93449,0.93484,1.12,1.45
2014.12.30 12:34:11.915,0.93445,0.93482,2.55,1.05
2014.12.30 12:34:12.433,0.93447,0.93486,1.50,1.87
2014.12.30 12:34:12.724,0.93447,0.93486,1.37,1.15
2014.12.30 12:34:13.926,0.93449,0.93487,1.12,3.30
2014.12.30 12:34:14.292,0.93449,0.93487,1.20,1.12
2014.12.30 12:34:14.343,0.93449,0.93487,1.65,1.05
2014.12.30 12:34:15.201,0.93453,0.93488,1.00,1.37
2014.12.30 12:34:15.352,0.9345,0.93489,1.07,1.12
2014.12.30 12:34:20.534,0.9345,0.93485,1.07,1.30
2014.12.30 12:34:22.529,0.93449,0.93482,1.07,1.30
2014.12.30 12:34:22.630,0.93447,0.93482,1.00,1.30
2014.12.30 12:34:23.140,0.93446,0.93482,1.20,1.30
2014.12.30 12:34:23.446,0.93447,0.93485,1.37,1.87
2014.12.30 12:34:23.750,0.9345,0.93488,1.87,3.30
2014.12.30 12:34:23.821,0.9345,0.93488,2.02,1.12
2014.12.30 12:34:23.972,0.93451,0.93488,1.42,1.12
2014.12.30 12:34:24.124,0.93455,0.93488,1.00,1.12
2014.12.30 12:34:24.478,0.93451,0.93488,1.42,1.12
2014.12.30 12:34:26.064,0.93453,0.93489,1.30,1.45
2014.12.30 12:34:26.579,0.93454,0.9349,1.30,1.45
2014.12.30 12:34:27.084,0.93453,0.9349,1.00,1.45
2014.12.30 12:34:28.784,0.93453,0.93487,1.37,1.05
2014.12.30 12:34:29.805,0.93453,0.93482,1.00,1.30
2014.12.30 12:34:29.856,0.93447,0.93482,1.52,1.30
2014.12.30 12:34:29.957,0.93447,0.93479,1.52,1.00
2014.12.30 12:34:30.313,0.9345,0.93481,1.65,1.00
2014.12.30 12:34:30.970,0.9345,0.93482,2.40,1.30
2014.12.30 12:34:31.021,0.9345,0.93484,2.40,1.72
2014.12.30 12:34:31.222,0.93449,0.93482,2.02,1.30
2014.12.30 12:34:31.730,0.93449,0.93481,1.90,1.00
2014.12.30 12:34:31.831,0.93449,0.93481,1.07,1.00
2014.12.30 12:34:31.882,0.93445,0.9348,2.02,1.30
2014.12.30 12:34:32.034,0.93446,0.93481,1.47,1.30
2014.12.30 12:34:32.135,0.93446,0.93482,1.47,1.05
2014.12.30 12:34:32.186,0.9345,0.93483,1.00,1.12
2014.12.30 12:34:32.365,0.93448,0.93483,1.12,1.12
2014.12.30 12:34:32.652,0.93446,0.93482,1.10,1.05
2014.12.30 12:34:32.955,0.93446,0.9348,1.10,1.30
2014.12.30 12:34:33.106,0.93446,0.93482,1.10,1.05
2014.12.30 12:34:33.409,0.93446,0.93485,1.07,1.37
2014.12.30 12:34:33.460,0.93446,0.93485,1.15,1.30
2014.12.30 12:34:33.989,0.93446,0.93486,1.15,1.30
2014.12.30 12:34:34.429,0.93453,0.93488,1.00,1.12
2014.12.30 12:34:34.530,0.9345,0.93487,1.47,1.05
2014.12.30 12:34:34.631,0.9345,0.93485,1.20,1.30
2014.12.30 12:34:35.154,0.9345,0.93482,1.20,1.30
2014.12.30 12:34:35.856,0.9345,0.93483,1.20,1.30
2014.12.30 12:34:36.617,0.93447,0.93482,1.52,1.30
2014.12.30 12:34:36.718,0.93445,0.93485,3.45,1.30
2014.12.30 12:34:40.119,0.93445,0.93484,3.45,1.30
2014.12.30 12:34:40.624,0.93445,0.93483,2.70,1.30
2014.12.30 12:34:41.160,0.93445,0.93484,2.70,1.30
2014.12.30 12:34:42.086,0.93445,0.93485,2.70,1.35
2014.12.30 12:34:42.761,0.93445,0.93484,3.45,1.30
2014.12.30 12:34:43.434,0.93445,0.93485,3.45,1.35
2014.12.30 12:34:50.704,0.93445,0.93487,3.45,1.20
2014.12.30 12:34:51.616,0.93451,0.93489,1.00,2.25
2014.12.30 12:34:51.819,0.9345,0.9349,1.80,1.15
2014.12.30 12:34:51.870,0.93452,0.93494,1.52,1.52
2014.12.30 12:34:51.920,0.93454,0.93494,1.55,1.15
2014.12.30 12:34:52.223,0.93455,0.9349,1.10,1.00
2014.12.30 12:34:52.274,0.93455,0.9349,1.00,1.15
2014.12.30 12:34:52.425,0.93451,0.93492,1.00,1.45
2014.12.30 12:34:53.086,0.9345,0.93489,2.02,1.45
2014.12.30 12:34:53.440,0.93446,0.93485,1.52,1.30
2014.12.30 12:34:53.643,0.93447,0.93488,1.27,1.87
2014.12.30 12:34:53.945,0.93449,0.93484,2.40,1.30
2014.12.30 12:34:54.097,0.9345,0.93487,2.25,1.30
2014.12.30 12:34:54.148,0.93453,0.93487,1.07,1.30
2014.12.30 12:34:54.198,0.93454,0.93492,1.52,1.05
2014.12.30 12:34:54.501,0.93453,0.93489,2.25,1.30
2014.12.30 12:34:54.604,0.93455,0.93492,1.27,1.05
2014.12.30 12:34:59.690,0.93455,0.93491,1.65,1.30
2014.12.30 12:35:00.210,0.93456,0.93496,1.10,1.50
2014.12.30 12:35:09.013,0.93456,0.93491,1.10,1.30
2014.12.30 12:35:09.549,0.93456,0.93493,1.10,1.12
2014.12.30 12:35:10.087,0.93456,0.93491,1.10,1.30
2014.12.30 12:35:10.610,0.93457,0.93493,1.00,1.12
2014.12.30 12:35:10.919,0.93456,0.93493,1.20,1.50
2014.12.30 12:35:11.221,0.93451,0.93488,2.70,1.12
2014.12.30 12:35:11.322,0.93448,0.93488,1.52,1.45
2014.12.30 12:35:12.526,0.9345,0.93489,2.70,1.12
2014.12.30 12:35:12.628,0.93452,0.93493,1.52,1.87
2014.12.30 12:35:13.435,0.93458,0.93493,1.37,1.07
2014.12.30 12:35:13.536,0.93464,0.93495,1.30,1.65
2014.12.30 12:35:13.789,0.93457,0.93494,2.47,1.12
2014.12.30 12:35:15.104,0.93462,0.93494,1.30,1.20
2014.12.30 12:35:15.872,0.93463,0.93494,1.30,1.20
2014.12.30 12:35:19.031,0.93458,0.93494,1.45,1.20
2014.12.30 12:35:19.952,0.93456,0.93494,1.12,1.65
2014.12.30 12:35:20.052,0.93456,0.93493,1.12,1.15
2014.12.30 12:35:27.419,0.93458,0.93495,1.72,3.07
2014.12.30 12:35:27.572,0.93463,0.93495,1.35,1.17
2014.12.30 12:35:27.824,0.93464,0.93499,1.67,2.32
2014.12.30 12:35:28.177,0.93463,0.93499,1.35,2.32
2014.12.30 12:35:28.733,0.9346,0.93495,1.65,1.12
2014.12.30 12:35:28.784,0.9346,0.93495,1.57,1.45
2014.12.30 12:35:28.835,0.9346,0.93494,1.00,1.45
2014.12.30 12:35:29.137,0.93455,0.93492,1.15,1.45
2014.12.30 12:35:29.389,0.93453,0.9349,3.07,1.12
2014.12.30 12:35:29.439,0.93453,0.9349,1.17,1.45
2014.12.30 12:35:30.113,0.93455,0.93491,1.00,1.45
2014.12.30 12:35:30.316,0.93455,0.93492,1.80,2.32
2014.12.30 12:35:30.366,0.93455,0.93493,1.87,1.15
2014.12.30 12:35:31.564,0.9346,0.93494,1.00,1.15
2014.12.30 12:35:31.665,0.93455,0.93489,1.52,1.00
2014.12.30 12:35:32.168,0.93456,0.93492,1.82,1.15
2014.12.30 12:35:33.742,0.93456,0.93492,1.87,1.45
2014.12.30 12:35:34.045,0.93461,0.93499,1.75,5.92
2014.12.30 12:35:34.247,0.9347,0.93503,1.30,2.32
2014.12.30 12:35:34.566,0.93468,0.93503,1.00,2.32
2014.12.30 12:35:34.668,0.9347,0.93503,1.30,2.32
2014.12.30 12:35:34.769,0.9347,0.93506,1.05,1.45
2014.12.30 12:35:35.296,0.9347,0.93506,1.12,1.37
2014.12.30 12:35:35.347,0.93472,0.9351,2.25,1.15
2014.12.30 12:35:35.448,0.93477,0.93515,1.57,1.15
2014.12.30 12:35:35.549,0.93477,0.93515,1.57,1.15
2014.12.30 12:35:36.204,0.93477,0.93516,1.20,4.50
2014.12.30 12:35:41.038,0.93474,0.93514,1.07,2.32
2014.12.30 12:35:41.089,0.93474,0.93512,1.10,2.32
2014.12.30 12:35:42.357,0.93473,0.93512,1.45,2.32
2014.12.30 12:35:42.884,0.93473,0.93512,2.17,2.32
2014.12.30 12:35:44.907,0.93473,0.93512,2.17,2.32
2014.12.30 12:35:45.104,0.93474,0.93512,1.05,2.32
2014.12.30 12:35:45.155,0.93474,0.93516,3.30,3.67
2014.12.30 12:35:45.660,0.93478,0.93516,1.75,2.32
2014.12.30 12:35:46.074,0.93478,0.9352,4.05,3.82
2014.12.30 12:35:46.377,0.93481,0.9352,1.55,2.32
2014.12.30 12:35:46.878,0.93484,0.9352,1.35,3.30
2014.12.30 12:35:47.279,0.93484,0.9352,1.67,3.30
2014.12.30 12:35:47.481,0.93484,0.93524,1.52,4.05
2014.12.30 12:35:47.582,0.93485,0.93523,2.62,1.15
2014.12.30 12:35:47.683,0.93485,0.93524,2.25,2.32
2014.12.30 12:35:48.417,0.93487,0.93524,1.30,2.32
2014.12.30 12:35:49.035,0.93487,0.93524,1.67,2.32
2014.12.30 12:35:49.544,0.93488,0.93524,1.42,2.32
2014.12.30 12:35:49.595,0.93488,0.93525,1.87,1.15
2014.12.30 12:35:50.099,0.93489,0.93528,2.20,2.32
2014.12.30 12:35:50.200,0.93493,0.9353,2.20,1.15
2014.12.30 12:35:50.301,0.93493,0.93533,1.82,3.07
2014.12.30 12:35:50.665,0.9349,0.93527,1.42,2.32
2014.12.30 12:35:50.766,0.93492,0.93531,1.82,4.20
2014.12.30 12:35:51.018,0.9349,0.93531,3.37,2.70
2014.12.30 12:35:51.270,0.93493,0.9353,1.12,1.45
2014.12.30 12:35:51.830,0.93495,0.9353,1.00,1.45
2014.12.30 12:35:52.353,0.93492,0.9353,1.45,1.45
2014.12.30 12:35:53.557,0.93495,0.93531,1.00,3.67
2014.12.30 12:35:54.136,0.9349,0.93531,1.52,2.70
2014.12.30 12:35:55.506,0.93489,0.93528,2.25,2.32
2014.12.30 12:35:55.556,0.93489,0.93528,2.25,2.32
2014.12.30 12:36:01.905,0.93487,0.93528,1.82,2.32
2014.12.30 12:36:02.416,0.93488,0.93528,1.82,2.32
2014.12.30 12:36:02.847,0.9349,0.93528,2.55,2.32
2014.12.30 12:36:02.999,0.93492,0.93532,1.52,2.70
2014.12.30 12:36:05.663,0.93496,0.93532,1.30,3.67
2014.12.30 12:36:06.897,0.93495,0.93532,2.17,3.67
2014.12.30 12:36:09.778,0.93497,0.93532,1.30,2.32
2014.12.30 12:36:09.829,0.93497,0.93533,1.45,1.12
2014.12.30 12:36:14.580,0.935,0.93536,1.00,1.15
2014.12.30 12:36:15.357,0.93499,0.93536,1.05,1.87
2014.12.30 12:36:15.509,0.93498,0.93534,1.37,3.30
2014.12.30 12:36:15.610,0.93495,0.93532,1.72,1.45
2014.12.30 12:36:15.711,0.93495,0.93529,1.00,3.07
2014.12.30 12:36:16.013,0.93495,0.93525,1.00,2.32
2014.12.30 12:36:16.115,0.93489,0.93524,1.20,2.25
2014.12.30 12:36:16.216,0.93489,0.93526,1.15,1.17
2014.12.30 12:36:16.267,0.93488,0.93523,1.45,1.00
2014.12.30 12:36:16.317,0.93488,0.93523,1.12,1.15
2014.12.30 12:36:20.426,0.9349,0.93526,1.15,1.17
2014.12.30 12:36:22.142,0.93494,0.93526,1.00,1.17
2014.12.30 12:36:22.655,0.93491,0.93526,1.45,1.17
2014.12.30 12:36:25.993,0.93495,0.93526,1.00,1.17
2014.12.30 12:36:28.412,0.93491,0.93526,1.45,1.17
2014.12.30 12:36:40.442,0.93492,0.93528,1.45,1.17
2014.12.30 12:36:40.493,0.93492,0.93528,1.45,1.20
2014.12.30 12:36:48.785,0.93489,0.93527,5.47,1.30
2014.12.30 12:36:49.313,0.9349,0.93528,1.15,1.20
2014.12.30 12:36:53.807,0.9349,0.93528,1.65,1.20
2014.12.30 12:36:54.312,0.93491,0.93532,1.87,1.15
2014.12.30 12:36:54.866,0.93496,0.93533,1.00,4.50
2014.12.30 12:36:54.967,0.93492,0.93532,1.45,1.15
2014.12.30 12:36:56.284,0.93495,0.93533,1.00,4.50
2014.12.30 12:36:56.792,0.93493,0.93533,1.15,4.50
2014.12.30 12:36:59.027,0.93493,0.93533,2.62,4.50
2014.12.30 12:36:59.179,0.935,0.93534,1.72,1.15
2014.12.30 12:36:59.229,0.935,0.93531,2.92,1.00
2014.12.30 12:36:59.280,0.935,0.93541,2.25,3.07
2014.12.30 12:36:59.331,0.93503,0.93541,3.00,1.15
2014.12.30 12:36:59.381,0.93503,0.93544,4.05,1.15
2014.12.30 12:36:59.432,0.93507,0.93544,2.70,1.17
2014.12.30 12:36:59.483,0.9351,0.93544,1.82,1.10
2014.12.30 12:37:00.691,0.93508,0.93546,1.12,3.07
2014.12.30 12:37:00.792,0.93508,0.93546,1.05,3.07
2014.12.30 12:37:04.475,0.93506,0.93546,2.20,3.07
2014.12.30 12:37:04.577,0.93512,0.9355,1.05,3.82
2014.12.30 12:37:04.628,0.93517,0.9355,1.00,2.32
2014.12.30 12:37:04.780,0.93516,0.93555,1.15,3.07
2014.12.30 12:37:04.881,0.93516,0.93555,1.65,2.32
2014.12.30 12:37:05.152,0.93515,0.93555,1.82,2.32
2014.12.30 12:37:08.655,0.93516,0.93554,1.82,1.15
2014.12.30 12:37:08.706,0.9352,0.93554,1.37,1.17
2014.12.30 12:37:08.807,0.93518,0.93554,1.82,1.10
2014.12.30 12:37:14.158,0.93515,0.93554,4.42,2.25
2014.12.30 12:37:14.209,0.93515,0.93554,2.25,2.32
2014.12.30 12:37:14.310,0.9352,0.93552,1.00,1.15
2014.12.30 12:37:16.963,0.93515,0.93554,2.25,2.32
2014.12.30 12:37:17.064,0.9352,0.93554,1.00,2.32
2014.12.30 12:37:19.921,0.93514,0.9355,1.87,1.07
2014.12.30 12:37:19.972,0.93514,0.93549,1.80,2.25
2014.12.30 12:37:20.703,0.93514,0.93549,1.30,2.32
2014.12.30 12:37:21.216,0.93515,0.93549,1.30,2.32
2014.12.30 12:37:25.761,0.93513,0.93544,1.30,2.25
2014.12.30 12:37:25.862,0.93508,0.93544,2.47,2.32
2014.12.30 12:37:27.395,0.9351,0.9354,1.00,2.32
2014.12.30 12:37:27.697,0.93505,0.93534,1.00,2.32
2014.12.30 12:37:27.848,0.93499,0.93533,1.00,1.15
2014.12.30 12:37:28.151,0.93495,0.93531,1.87,1.15
2014.12.30 12:37:28.403,0.93494,0.9353,1.07,2.32
2014.12.30 12:37:28.454,0.93494,0.9353,1.00,2.32
2014.12.30 12:37:29.075,0.93495,0.9353,1.00,2.32
2014.12.30 12:37:33.905,0.93494,0.9353,1.00,2.32
2014.12.30 12:37:34.452,0.93495,0.93529,1.00,1.45
2014.12.30 12:37:36.482,0.93495,0.93526,1.00,2.32
2014.12.30 12:37:36.533,0.93491,0.93526,1.30,2.32
2014.12.30 12:37:37.042,0.9349,0.93525,1.00,1.45
2014.12.30 12:37:48.932,0.93487,0.93525,1.50,1.45
2014.12.30 12:37:49.921,0.9349,0.93524,1.00,1.45
2014.12.30 12:37:53.150,0.93489,0.93523,1.20,1.45
2014.12.30 12:37:54.101,0.9349,0.93522,1.00,1.12
2014.12.30 12:37:57.180,0.93485,0.93522,2.25,1.12
2014.12.30 12:37:57.230,0.93485,0.93522,2.25,1.45
2014.12.30 12:38:00.597,0.9349,0.93524,1.00,5.47
2014.12.30 12:38:01.361,0.93485,0.93522,1.57,1.45
2014.12.30 12:38:10.321,0.93489,0.9352,1.12,1.45
2014.12.30 12:38:10.574,0.9349,0.93527,2.17,2.32
2014.12.30 12:38:11.031,0.93488,0.93524,1.80,3.30
2014.12.30 12:38:11.082,0.93487,0.93523,1.30,2.32
2014.12.30 12:38:11.183,0.9349,0.93523,1.67,2.32
2014.12.30 12:38:11.452,0.93491,0.93527,1.30,3.30
2014.12.30 12:38:11.502,0.93492,0.93527,1.67,2.32
2014.12.30 12:38:11.604,0.93492,0.93527,1.30,2.32
2014.12.30 12:38:11.705,0.93491,0.93527,1.67,3.30
2014.12.30 12:38:11.906,0.93492,0.93527,1.30,2.32
2014.12.30 12:38:11.957,0.93494,0.93528,1.05,2.32
2014.12.30 12:38:12.007,0.93494,0.9353,1.42,1.45
2014.12.30 12:38:12.461,0.93494,0.93527,1.00,2.32
2014.12.30 12:38:13.012,0.93495,0.93527,1.00,2.32
2014.12.30 12:38:13.516,0.93492,0.93527,1.30,2.32
2014.12.30 12:38:14.250,0.9349,0.93526,1.05,1.45
2014.12.30 12:38:16.169,0.93491,0.93527,1.30,3.30
2014.12.30 12:38:16.824,0.93492,0.93527,1.30,3.07
2014.12.30 12:38:16.875,0.93495,0.93527,1.00,3.07
2014.12.30 12:38:17.127,0.93493,0.93527,1.30,2.32
2014.12.30 12:38:17.661,0.93491,0.93527,1.35,2.32
2014.12.30 12:38:18.983,0.9349,0.93523,1.00,2.32
2014.12.30 12:38:19.369,0.93495,0.93523,1.00,2.32
2014.12.30 12:38:19.520,0.9349,0.93523,1.12,2.32
2014.12.30 12:38:20.170,0.93495,0.93523,1.00,2.32
2014.12.30 12:38:20.402,0.9349,0.93524,1.12,3.30
2014.12.30 12:38:20.453,0.9349,0.93524,1.37,1.45
2014.12.30 12:38:20.957,0.93491,0.9353,1.82,3.30
2014.12.30 12:38:21.008,0.93495,0.9353,1.30,2.32
2014.12.30 12:38:21.311,0.93497,0.9353,1.30,2.32
2014.12.30 12:38:21.832,0.93496,0.9353,1.30,2.32
2014.12.30 12:38:21.883,0.93494,0.9353,1.35,2.32
2014.12.30 12:38:21.934,0.935,0.9353,1.00,2.32
2014.12.30 12:38:22.086,0.93495,0.9353,1.00,2.32
2014.12.30 12:38:22.187,0.935,0.9353,1.00,2.32
2014.12.30 12:38:22.288,0.93495,0.9353,1.00,3.30
2014.12.30 12:38:22.792,0.93495,0.93527,1.00,2.32
2014.12.30 12:38:23.095,0.93495,0.93522,1.00,2.32
2014.12.30 12:38:25.082,0.93495,0.93523,1.00,2.32
2014.12.30 12:38:25.384,0.935,0.93528,1.00,2.32
2014.12.30 12:38:25.435,0.935,0.93532,1.00,3.07
2014.12.30 12:38:26.292,0.935,0.93527,1.00,2.25
2014.12.30 12:38:26.695,0.93495,0.93527,1.00,2.32
2014.12.30 12:38:28.662,0.935,0.93527,1.00,2.32
2014.12.30 12:38:28.872,0.935,0.93532,1.00,3.30
2014.12.30 12:38:29.124,0.93495,0.93532,1.72,2.32
2014.12.30 12:38:33.198,0.93495,0.93528,1.00,3.30
2014.12.30 12:38:33.299,0.93492,0.93528,1.30,5.47
2014.12.30 12:38:33.400,0.93495,0.93527,1.00,1.45
2014.12.30 12:38:33.554,0.93495,0.93527,1.00,1.05
2014.12.30 12:38:34.324,0.93495,0.93528,1.00,2.32
2014.12.30 12:38:34.597,0.93505,0.93534,1.00,1.00
2014.12.30 12:38:34.698,0.93505,0.93535,1.50,2.25
2014.12.30 12:38:35.399,0.935,0.93535,1.00,3.30
2014.12.30 12:38:35.578,0.93505,0.93535,1.00,3.30
2014.12.30 12:38:36.265,0.935,0.93535,1.00,3.30
2014.12.30 12:38:36.366,0.93505,0.93535,1.00,3.30
2014.12.30 12:38:38.677,0.93504,0.93535,1.00,2.32
2014.12.30 12:38:38.728,0.93504,0.93538,1.00,1.45
2014.12.30 12:38:39.289,0.93505,0.93539,1.00,3.30
2014.12.30 12:38:39.340,0.9351,0.93539,1.00,2.32
2014.12.30 12:38:39.795,0.93505,0.93539,1.00,2.32
2014.12.30 12:38:41.045,0.93505,0.93535,1.00,2.32
2014.12.30 12:38:41.347,0.93505,0.93532,1.00,4.50
2014.12.30 12:38:41.949,0.935,0.93532,1.00,4.50
2014.12.30 12:38:43.414,0.93505,0.93532,1.00,4.50
2014.12.30 12:38:46.209,0.93505,0.93533,1.00,1.45
2014.12.30 12:38:48.161,0.93505,0.93531,1.00,2.32
2014.12.30 12:38:49.220,0.935,0.93531,1.00,3.30
2014.12.30 12:38:49.756,0.93499,0.93531,1.00,3.30
2014.12.30 12:38:50.345,0.935,0.93531,1.00,2.32
2014.12.30 12:38:51.080,0.93499,0.93531,1.00,2.32
2014.12.30 12:38:51.333,0.93496,0.93529,1.00,1.45
2014.12.30 12:38:51.864,0.93495,0.93529,1.12,1.45
2014.12.30 12:38:52.295,0.93495,0.93529,1.37,1.45
2014.12.30 12:38:52.598,0.93495,0.93531,1.50,3.30
2014.12.30 12:38:53.647,0.93495,0.93531,2.10,3.30
2014.12.30 12:38:54.179,0.935,0.93531,1.00,2.32
2014.12.30 12:38:54.931,0.935,0.93531,1.37,2.32
2014.12.30 12:38:55.191,0.935,0.93532,1.37,1.45
2014.12.30 12:38:55.707,0.935,0.93535,1.72,3.30
2014.12.30 12:38:55.758,0.93505,0.93535,1.00,3.30
2014.12.30 12:38:55.811,0.935,0.93535,1.72,3.30
2014.12.30 12:38:56.224,0.935,0.93534,1.72,1.45
2014.12.30 12:38:57.130,0.93505,0.93535,1.00,2.32
2014.12.30 12:39:06.702,0.93502,0.93535,1.00,3.30
2014.12.30 12:39:06.753,0.93497,0.93528,1.10,1.37
2014.12.30 12:39:06.954,0.93495,0.93528,1.12,1.45
2014.12.30 12:39:27.049,0.93491,0.93527,1.82,1.45
2014.12.30 12:39:27.201,0.9349,0.93525,1.47,1.45
2014.12.30 12:39:28.500,0.9349,0.93526,2.17,1.45
2014.12.30 12:39:29.809,0.9349,0.93526,2.17,1.45
2014.12.30 12:39:31.295,0.9349,0.93527,1.47,2.32
2014.12.30 12:39:33.209,0.93495,0.93527,1.00,2.32
2014.12.30 12:39:35.298,0.9349,0.93527,1.47,2.32
2014.12.30 12:39:37.110,0.9349,0.93527,1.42,3.30
2014.12.30 12:39:37.211,0.93489,0.93525,1.50,1.45
2014.12.30 12:39:45.039,0.93486,0.93521,1.52,1.30
2014.12.30 12:39:45.247,0.93486,0.93521,1.00,1.45
2014.12.30 12:39:45.921,0.9349,0.93519,1.00,1.45
2014.12.30 12:39:47.629,0.93484,0.93519,1.55,1.45
2014.12.30 12:39:48.044,0.93485,0.93523,1.82,1.15
2014.12.30 12:39:48.095,0.9349,0.93523,1.37,1.15
2014.12.30 12:39:48.403,0.93495,0.93527,1.50,4.50
2014.12.30 12:39:48.454,0.93495,0.93531,1.50,1.27
2014.12.30 12:39:48.554,0.93501,0.93536,2.17,1.15
2014.12.30 12:39:48.605,0.93501,0.93536,1.42,1.15
2014.12.30 12:39:49.008,0.93505,0.93539,1.05,2.25
2014.12.30 12:39:49.059,0.93505,0.93542,1.12,1.45
2014.12.30 12:39:49.110,0.93508,0.93543,1.30,1.15
2014.12.30 12:39:49.211,0.93506,0.93544,1.10,2.32
2014.12.30 12:39:50.250,0.93505,0.93544,1.82,2.32
2014.12.30 12:39:50.300,0.93509,0.93547,1.12,2.32
2014.12.30 12:39:50.502,0.93514,0.93548,1.07,2.32
2014.12.30 12:39:50.553,0.93514,0.93552,1.17,2.32
2014.12.30 12:39:50.855,0.93517,0.93552,1.30,3.07
2014.12.30 12:39:51.074,0.93511,0.93547,1.45,1.05
2014.12.30 12:39:51.125,0.93511,0.93547,1.37,1.12
2014.12.30 12:39:51.277,0.93517,0.93549,1.30,1.75
2014.12.30 12:39:51.328,0.93516,0.93549,1.30,1.75
2014.12.30 12:39:51.530,0.93513,0.93549,1.30,2.92
2014.12.30 12:39:51.632,0.9351,0.93549,1.65,2.92
2014.12.30 12:39:52.136,0.93512,0.93541,1.30,2.25
2014.12.30 12:39:52.187,0.93505,0.9354,1.00,2.32
2014.12.30 12:39:54.292,0.93505,0.9354,1.37,2.32
2014.12.30 12:39:54.796,0.93505,0.9354,1.12,2.32
2014.12.30 12:39:55.068,0.93505,0.93544,1.27,2.32
2014.12.30 12:39:56.240,0.93505,0.93539,1.07,1.12
2014.12.30 12:39:56.291,0.93505,0.93539,1.00,1.45
2014.12.30 12:39:56.947,0.93505,0.9354,1.75,2.25
2014.12.30 12:39:56.997,0.9351,0.93545,1.00,2.32
2014.12.30 12:39:57.048,0.9351,0.93542,1.00,2.32
2014.12.30 12:39:57.099,0.93505,0.93541,1.72,2.32
2014.12.30 12:39:57.758,0.93504,0.93539,1.10,1.45
2014.12.30 12:39:58.270,0.93505,0.93539,1.00,1.45
2014.12.30 12:40:03.198,0.93505,0.93535,1.00,2.25
2014.12.30 12:40:03.400,0.93501,0.93532,1.35,2.32
2014.12.30 12:40:03.451,0.93501,0.93536,1.35,2.32
2014.12.30 12:40:03.703,0.93505,0.93536,1.00,2.32
2014.12.30 12:40:04.903,0.93503,0.93536,1.30,2.32
2014.12.30 12:40:05.110,0.93505,0.93536,1.00,2.32
2014.12.30 12:40:10.389,0.93504,0.93536,1.35,2.32
2014.12.30 12:40:10.940,0.93505,0.93536,1.00,2.32
2014.12.30 12:40:12.065,0.93504,0.93536,1.00,2.32
2014.12.30 12:40:14.174,0.93504,0.93536,1.37,2.32
2014.12.30 12:40:14.275,0.93505,0.93536,1.00,2.32
2014.12.30 12:40:14.477,0.93505,0.93541,2.10,1.50
2014.12.30 12:40:14.931,0.9351,0.93542,1.00,2.32
2014.12.30 12:40:15.132,0.93505,0.93541,1.00,1.15
2014.12.30 12:40:15.234,0.93505,0.93537,1.00,2.25
2014.12.30 12:40:16.622,0.93505,0.93537,2.10,4.50
2014.12.30 12:40:16.672,0.93505,0.9354,2.10,2.32
2014.12.30 12:40:18.326,0.93505,0.9354,1.00,2.32
2014.12.30 12:40:18.578,0.9351,0.9354,1.00,2.32
2014.12.30 12:40:21.527,0.93505,0.9354,1.00,2.32
2014.12.30 12:40:28.760,0.93505,0.93536,1.00,2.32
2014.12.30 12:40:28.911,0.935,0.93535,1.37,1.45
2014.12.30 12:40:29.113,0.93505,0.93536,1.00,2.32
2014.12.30 12:40:29.315,0.93505,0.93538,1.00,1.45
2014.12.30 12:40:29.668,0.93505,0.9354,2.55,2.32
2014.12.30 12:40:29.718,0.93508,0.93544,1.30,2.32
2014.12.30 12:40:29.870,0.93508,0.9354,1.30,2.32
2014.12.30 12:40:29.920,0.93506,0.9354,1.00,2.32
2014.12.30 12:40:30.122,0.93506,0.93544,1.12,2.32
2014.12.30 12:40:30.324,0.9351,0.93544,1.00,2.32
2014.12.30 12:40:30.626,0.9351,0.9354,1.00,2.32
2014.12.30 12:40:30.828,0.9351,0.93544,1.00,2.32
2014.12.30 12:40:30.879,0.93506,0.93544,1.87,2.32
2014.12.30 12:40:31.759,0.93508,0.93544,1.35,3.07
2014.12.30 12:40:32.263,0.93507,0.93544,1.05,3.07
2014.12.30 12:40:32.828,0.93507,0.93544,1.42,2.32
2014.12.30 12:40:33.814,0.93507,0.93544,1.05,2.32
2014.12.30 12:40:33.865,0.93509,0.93544,1.30,2.32
2014.12.30 12:40:34.218,0.93506,0.93543,1.12,1.15
2014.12.30 12:40:35.024,0.93506,0.93542,1.50,1.15
2014.12.30 12:40:35.628,0.93505,0.93544,1.45,3.07
2014.12.30 12:40:39.832,0.93504,0.9354,2.10,2.32
2014.12.30 12:40:40.896,0.93503,0.9354,1.05,2.32
2014.12.30 12:40:43.620,0.935,0.93536,1.37,2.32
2014.12.30 12:40:43.722,0.93498,0.93536,1.65,2.32
2014.12.30 12:40:43.823,0.93495,0.93532,1.47,2.32
2014.12.30 12:40:44.125,0.93502,0.93535,1.30,1.15
2014.12.30 12:40:44.227,0.935,0.93535,1.05,1.15
2014.12.30 12:40:44.328,0.93501,0.93533,1.30,2.32
2014.12.30 12:40:44.429,0.93499,0.93533,1.30,2.32
2014.12.30 12:40:46.103,0.93497,0.93533,1.30,2.32
2014.12.30 12:40:46.639,0.93495,0.93533,2.25,2.32
2014.12.30 12:40:47.145,0.93497,0.93533,1.30,2.32
2014.12.30 12:40:48.232,0.93497,0.93534,1.37,2.32
2014.12.30 12:40:48.283,0.93496,0.93535,1.45,1.15
2014.12.30 12:40:52.380,0.93495,0.93525,1.72,2.32
2014.12.30 12:40:52.481,0.93494,0.93529,2.70,1.00
2014.12.30 12:40:52.733,0.93497,0.93533,1.82,1.87
2014.12.30 12:40:53.338,0.93497,0.93535,1.45,1.15
2014.12.30 12:40:53.389,0.93497,0.93532,1.30,2.32
2014.12.30 12:40:53.440,0.93495,0.93532,1.80,2.32
2014.12.30 12:40:53.693,0.93497,0.93532,1.30,2.32
2014.12.30 12:40:53.997,0.935,0.93536,1.00,2.32
2014.12.30 12:40:54.352,0.93495,0.9353,1.07,1.07
2014.12.30 12:40:54.402,0.93495,0.9353,1.00,1.15
2014.12.30 12:40:54.906,0.93493,0.9353,1.37,1.87
2014.12.30 12:40:55.108,0.93497,0.93531,1.30,2.32
2014.12.30 12:40:55.410,0.935,0.93531,1.00,2.32
2014.12.30 12:40:55.511,0.935,0.93536,1.00,3.67
2014.12.30 12:40:55.870,0.93503,0.93536,1.30,2.32
2014.12.30 12:40:55.971,0.935,0.93536,1.72,2.32
2014.12.30 12:40:56.173,0.93501,0.93535,1.12,1.17
2014.12.30 12:40:56.677,0.93503,0.93537,1.30,1.15
2014.12.30 12:40:56.829,0.93505,0.93539,1.00,2.32
2014.12.30 12:40:57.385,0.93505,0.93542,1.87,1.87
2014.12.30 12:40:57.435,0.93509,0.93544,1.30,2.32
2014.12.30 12:40:57.637,0.93506,0.93544,1.80,2.32
2014.12.30 12:40:57.789,0.93502,0.9354,1.37,2.32
2014.12.30 12:40:58.229,0.93505,0.9354,1.00,2.32
2014.12.30 12:40:58.280,0.935,0.9354,1.15,2.32
2014.12.30 12:40:58.503,0.9351,0.93538,1.00,1.15
2014.12.30 12:40:58.705,0.93515,0.93549,1.72,3.07
2014.12.30 12:40:58.805,0.93515,0.93552,1.80,2.32
2014.12.30 12:40:59.749,0.93511,0.93545,1.15,1.30
2014.12.30 12:40:59.800,0.93511,0.93545,1.10,1.12
2014.12.30 12:40:59.901,0.9351,0.93543,1.00,2.32
2014.12.30 12:41:00.416,0.93511,0.93543,1.30,2.32
2014.12.30 12:41:00.517,0.93511,0.93548,1.42,2.32
2014.12.30 12:41:00.821,0.93511,0.93548,1.05,2.32
2014.12.30 12:41:00.871,0.93513,0.93548,1.00,2.32
2014.12.30 12:41:01.187,0.93515,0.93548,1.00,2.32
2014.12.30 12:41:05.643,0.9351,0.93546,1.27,1.45
2014.12.30 12:41:05.920,0.9351,0.93546,2.25,1.30
2014.12.30 12:41:06.222,0.93516,0.93551,1.00,1.45
2014.12.30 12:41:06.625,0.93515,0.9355,1.37,1.45
2014.12.30 12:41:06.908,0.93515,0.9355,1.52,1.05
2014.12.30 12:41:07.009,0.93517,0.93553,1.55,1.45
2014.12.30 12:41:08.934,0.93521,0.9356,1.15,1.52
2014.12.30 12:41:09.035,0.93519,0.93553,1.37,2.32
2014.12.30 12:41:09.339,0.93524,0.93552,1.00,1.45
2014.12.30 12:41:09.389,0.9352,0.93549,1.00,1.12
2014.12.30 12:41:09.490,0.93516,0.93553,1.10,3.30
2014.12.30 12:41:09.642,0.9352,0.93553,1.00,3.30
2014.12.30 12:41:09.708,0.93514,0.93553,3.60,3.30
2014.12.30 12:41:10.258,0.9352,0.93551,1.00,1.45
2014.12.30 12:41:10.635,0.93515,0.9355,1.17,1.45
2014.12.30 12:41:14.035,0.93511,0.93545,3.45,1.30
2014.12.30 12:41:14.648,0.93511,0.9355,3.45,1.45
2014.12.30 12:41:14.699,0.93514,0.9355,1.27,1.45
2014.12.30 12:41:14.800,0.93525,0.93554,1.37,1.15
2014.12.30 12:41:14.901,0.93525,0.9356,1.70,1.45
2014.12.30 12:41:15.052,0.93529,0.93558,1.00,1.12
2014.12.30 12:41:15.559,0.93526,0.93558,2.47,1.12
2014.12.30 12:41:15.850,0.93525,0.93555,1.10,1.00
2014.12.30 12:41:15.900,0.9352,0.9355,2.25,1.00
2014.12.30 12:41:16.203,0.93521,0.93555,2.17,1.17
2014.12.30 12:41:16.304,0.93521,0.93558,3.00,1.12
2014.12.30 12:41:16.821,0.93525,0.93559,1.00,1.45
2014.12.30 12:41:17.362,0.93524,0.9356,1.42,1.12
2014.12.30 12:41:17.412,0.93524,0.9356,1.87,1.05
2014.12.30 12:41:18.440,0.93529,0.93561,1.37,1.12
2014.12.30 12:41:18.549,0.93527,0.93563,1.27,1.45
2014.12.30 12:41:19.040,0.93527,0.93563,2.40,1.45
2014.12.30 12:41:19.141,0.93535,0.93566,1.30,1.45
2014.12.30 12:41:19.343,0.93535,0.9357,1.87,1.45
2014.12.30 12:41:21.328,0.93535,0.93571,1.87,1.45
2014.12.30 12:41:22.030,0.93535,0.93571,3.00,1.45
2014.12.30 12:41:22.232,0.9354,0.93575,1.12,1.37
2014.12.30 12:41:22.485,0.93545,0.93576,1.00,1.12
2014.12.30 12:41:22.586,0.93541,0.93576,1.12,1.37
2014.12.30 12:41:22.637,0.93541,0.93576,1.12,1.30
2014.12.30 12:41:23.166,0.9354,0.93573,2.17,1.30
2014.12.30 12:41:23.217,0.9354,0.93573,1.60,1.30
2014.12.30 12:41:23.469,0.93538,0.9357,2.17,1.30
2014.12.30 12:41:23.772,0.93537,0.93568,1.37,1.30
2014.12.30 12:41:23.949,0.93536,0.93571,1.97,1.12
2014.12.30 12:41:24.453,0.93536,0.9357,1.97,1.05
2014.12.30 12:41:24.863,0.93537,0.93569,1.30,1.30
2014.12.30 12:41:25.381,0.93537,0.93571,1.30,1.12
2014.12.30 12:41:25.583,0.93545,0.93571,1.00,1.12
2014.12.30 12:41:25.734,0.93545,0.93578,2.10,1.30
2014.12.30 12:41:25.835,0.93545,0.93579,1.00,1.30
2014.12.30 12:41:25.886,0.93541,0.93579,1.45,1.30
2014.12.30 12:41:26.037,0.9354,0.93575,1.50,1.00
2014.12.30 12:41:26.138,0.93539,0.93579,2.47,1.72
2014.12.30 12:41:26.239,0.93538,0.93575,2.92,1.72
2014.12.30 12:41:26.441,0.93537,0.93575,1.72,2.62
2014.12.30 12:41:27.045,0.93537,0.93579,1.20,1.87
2014.12.30 12:41:27.749,0.93537,0.93575,1.95,1.12
2014.12.30 12:41:28.002,0.93542,0.93578,1.47,1.30
2014.12.30 12:41:28.153,0.93544,0.93578,1.45,1.30
2014.12.30 12:41:28.254,0.93544,0.93581,1.27,1.30
2014.12.30 12:41:28.355,0.93544,0.93587,1.15,1.15
2014.12.30 12:41:28.884,0.93548,0.93589,1.30,2.32
2014.12.30 12:41:29.388,0.93547,0.93584,1.05,1.05
2014.12.30 12:41:29.489,0.93546,0.93585,1.37,2.32
2014.12.30 12:41:29.859,0.9355,0.93584,1.00,2.32
2014.12.30 12:41:29.960,0.93546,0.93584,1.30,2.32
2014.12.30 12:41:30.416,0.93549,0.93584,1.30,2.32
2014.12.30 12:41:30.668,0.93555,0.93591,1.30,1.17
2014.12.30 12:41:31.172,0.93553,0.93586,1.20,1.37
2014.12.30 12:41:31.274,0.9355,0.93586,1.00,1.45
2014.12.30 12:41:31.627,0.93546,0.93583,2.47,1.30
2014.12.30 12:41:31.942,0.93546,0.93582,1.37,1.37
2014.12.30 12:41:31.996,0.93546,0.93582,1.30,1.45
2014.12.30 12:41:32.046,0.9355,0.93581,1.00,1.12
2014.12.30 12:41:32.198,0.93545,0.93582,3.07,1.45
2014.12.30 12:41:32.370,0.9355,0.93585,1.00,3.30
2014.12.30 12:41:33.578,0.93547,0.93585,1.90,4.05
2014.12.30 12:41:33.729,0.9355,0.93585,1.00,3.30
2014.12.30 12:41:35.393,0.9355,0.93585,2.47,3.07
2014.12.30 12:41:35.494,0.93555,0.93589,1.00,3.30
2014.12.30 12:41:36.200,0.9355,0.93587,1.72,1.45
2014.12.30 12:41:36.714,0.93548,0.93583,1.05,1.30
2014.12.30 12:41:37.300,0.93548,0.93583,1.05,1.30
2014.12.30 12:41:37.854,0.93547,0.93582,2.62,1.30
2014.12.30 12:41:38.006,0.93548,0.9358,1.05,1.30
2014.12.30 12:41:38.057,0.93548,0.9358,1.05,1.30
2014.12.30 12:41:38.561,0.93548,0.93578,1.30,1.30
2014.12.30 12:41:38.762,0.93545,0.93581,3.97,1.45
2014.12.30 12:41:38.813,0.93548,0.93581,2.10,1.45
2014.12.30 12:41:39.065,0.93545,0.93581,3.97,1.45
2014.12.30 12:41:41.245,0.93545,0.9358,1.72,1.20
2014.12.30 12:41:41.296,0.93545,0.93575,1.00,1.00
2014.12.30 12:41:41.346,0.93541,0.93575,1.57,1.00
2014.12.30 12:41:41.397,0.9354,0.93579,1.15,1.30
2014.12.30 12:41:41.640,0.9354,0.93579,1.60,3.30
2014.12.30 12:41:43.823,0.93546,0.93579,1.30,2.32
2014.12.30 12:41:43.924,0.9355,0.93586,1.72,2.32
2014.12.30 12:41:44.025,0.9355,0.93586,1.00,1.30
2014.12.30 12:41:44.277,0.9355,0.93584,1.00,1.30
2014.12.30 12:41:44.378,0.9355,0.93586,1.00,1.30
2014.12.30 12:41:44.479,0.9355,0.93581,1.00,1.30
2014.12.30 12:41:44.580,0.9355,0.93584,1.00,1.30
2014.12.30 12:41:44.630,0.9355,0.93584,1.00,1.45
2014.12.30 12:41:45.135,0.93551,0.93587,1.30,1.45
2014.12.30 12:41:46.363,0.9355,0.93584,1.35,1.30
2014.12.30 12:41:46.414,0.9355,0.93584,1.35,1.45
2014.12.30 12:41:46.717,0.93552,0.93589,1.30,1.45
2014.12.30 12:41:49.228,0.9355,0.93586,1.57,1.45
2014.12.30 12:41:49.782,0.93551,0.93587,1.30,3.30
2014.12.30 12:41:50.034,0.93551,0.93587,1.05,1.05
2014.12.30 12:41:50.337,0.93553,0.93589,1.30,1.45
2014.12.30 12:41:50.639,0.93551,0.93592,1.42,2.32
2014.12.30 12:41:50.690,0.93555,0.93592,1.00,2.32
2014.12.30 12:41:51.345,0.93553,0.93592,1.30,2.32
2014.12.30 12:41:51.648,0.93555,0.93592,1.00,2.32
2014.12.30 12:41:52.001,0.93551,0.93588,2.47,2.32
2014.12.30 12:41:52.052,0.93551,0.93587,1.00,1.45
2014.12.30 12:41:52.572,0.9355,0.93587,1.72,1.45
2014.12.30 12:41:53.182,0.93555,0.93587,1.00,1.45
2014.12.30 12:41:53.491,0.9355,0.93587,1.72,1.45
2014.12.30 12:41:58.038,0.93546,0.93588,1.65,4.05
2014.12.30 12:41:58.341,0.9355,0.93587,1.00,1.45
2014.12.30 12:41:58.657,0.93545,0.93587,3.60,1.45
2014.12.30 12:41:58.916,0.9355,0.93587,1.00,1.45
2014.12.30 12:41:59.017,0.93545,0.93586,3.22,1.15
2014.12.30 12:42:12.117,0.93546,0.93587,1.65,2.32
2014.12.30 12:42:12.726,0.93546,0.93586,1.57,2.32
2014.12.30 12:42:13.947,0.9355,0.93586,1.00,2.32
2014.12.30 12:42:22.012,0.93548,0.93583,1.30,1.15
2014.12.30 12:42:22.113,0.93547,0.93581,1.00,2.32
2014.12.30 12:42:22.164,0.93542,0.9358,1.00,2.32
2014.12.30 12:42:22.416,0.93547,0.9358,1.30,2.25
2014.12.30 12:42:22.466,0.93547,0.93583,1.30,1.15
2014.12.30 12:42:22.870,0.9355,0.93585,1.00,1.45
2014.12.30 12:42:24.662,0.93548,0.93585,1.72,1.45
2014.12.30 12:42:24.814,0.93548,0.93582,1.30,2.32
2014.12.30 12:42:24.864,0.93546,0.93582,1.00,4.50
2014.12.30 12:42:24.915,0.93543,0.93582,1.30,4.50
2014.12.30 12:42:25.168,0.93546,0.93582,1.30,5.47
2014.12.30 12:42:25.268,0.93543,0.93582,1.72,4.50
2014.12.30 12:42:25.622,0.93539,0.9358,2.47,1.15
2014.12.30 12:42:26.759,0.93542,0.93582,1.37,5.47
2014.12.30 12:42:27.012,0.9354,0.9358,1.72,1.15
2014.12.30 12:42:37.785,0.9354,0.93575,1.00,2.32
2014.12.30 12:42:38.189,0.93536,0.93575,2.70,2.32
2014.12.30 12:42:38.693,0.93535,0.93573,2.10,1.45
2014.12.30 12:42:39.650,0.93535,0.93573,2.10,1.45
2014.12.30 12:42:39.752,0.93537,0.93574,1.12,1.45
2014.12.30 12:42:40.466,0.93537,0.93575,1.67,2.32
2014.12.30 12:42:43.966,0.93537,0.93575,1.30,2.32
2014.12.30 12:42:44.516,0.93535,0.93571,1.37,1.12
2014.12.30 12:42:44.819,0.93532,0.93568,1.90,1.45
2014.12.30 12:42:55.651,0.93535,0.93568,1.00,1.15
2014.12.30 12:42:55.953,0.9354,0.93573,1.00,1.15
2014.12.30 12:42:56.306,0.93538,0.93574,1.30,1.45
2014.12.30 12:42:56.407,0.93535,0.93574,1.35,1.45
2014.12.30 12:42:56.457,0.9354,0.93574,1.00,1.45
2014.12.30 12:42:57.314,0.93539,0.93575,1.30,3.07
2014.12.30 12:42:57.837,0.9354,0.93574,1.00,1.15
2014.12.30 12:42:58.141,0.9354,0.93577,1.72,1.15
2014.12.30 12:42:58.494,0.93542,0.93577,1.30,1.15
2014.12.30 12:42:58.796,0.93545,0.93579,1.30,2.32
2014.12.30 12:42:59.048,0.93545,0.93581,1.35,1.15
2014.12.30 12:43:00.589,0.93546,0.93582,1.30,1.87
2014.12.30 12:43:01.093,0.93545,0.93578,1.00,1.30
2014.12.30 12:43:01.441,0.93545,0.93578,1.00,1.45
2014.12.30 12:43:13.932,0.93545,0.93579,1.97,3.30
2014.12.30 12:43:13.982,0.93545,0.93579,1.97,1.05
2014.12.30 12:43:14.033,0.9355,0.93582,1.00,1.15
2014.12.30 12:43:14.928,0.93549,0.93584,1.35,2.32
2014.12.30 12:43:17.107,0.9355,0.93584,1.00,2.32
2014.12.30 12:43:17.612,0.93547,0.93583,2.27,1.45
2014.12.30 12:43:19.844,0.9355,0.93583,1.00,1.45
2014.12.30 12:43:28.856,0.93549,0.93584,1.30,2.32
2014.12.30 12:43:29.367,0.9355,0.93584,1.35,2.32
2014.12.30 12:43:32.067,0.93549,0.93583,1.12,1.45
2014.12.30 12:43:32.574,0.9355,0.93583,1.00,1.45
2014.12.30 12:43:32.877,0.93556,0.93584,2.10,3.22
2014.12.30 12:43:32.928,0.93556,0.9359,2.47,1.45
2014.12.30 12:43:33.028,0.9356,0.93594,1.67,1.15
2014.12.30 12:43:35.107,0.93559,0.93595,1.95,1.15
2014.12.30 12:43:40.066,0.93563,0.93597,1.30,2.32
2014.12.30 12:43:40.117,0.93563,0.93598,1.35,1.10
2014.12.30 12:43:40.218,0.93561,0.93598,1.80,1.05
2014.12.30 12:43:40.621,0.93565,0.93599,1.00,1.12
2014.12.30 12:43:40.772,0.93561,0.93599,1.05,1.12
2014.12.30 12:43:41.361,0.9356,0.93599,3.60,1.12
2014.12.30 12:43:41.866,0.9356,0.93597,2.62,1.30
2014.12.30 12:43:44.066,0.9356,0.93595,1.87,1.30
2014.12.30 12:44:10.785,0.93559,0.93595,2.70,1.05
2014.12.30 12:44:11.634,0.9356,0.93596,1.30,1.12
2014.12.30 12:44:12.148,0.93559,0.93595,2.70,1.05
2014.12.30 12:44:12.736,0.93559,0.93595,3.07,1.05
2014.12.30 12:44:15.378,0.93559,0.93595,3.07,1.05
2014.12.30 12:44:15.896,0.93561,0.93595,1.35,1.10
2014.12.30 12:44:16.220,0.9356,0.93595,2.05,1.10
2014.12.30 12:44:16.422,0.93568,0.93605,1.12,2.25
2014.12.30 12:44:16.976,0.93561,0.936,1.45,1.65
2014.12.30 12:44:17.077,0.93562,0.93595,1.45,1.00
2014.12.30 12:44:17.732,0.93564,0.936,1.05,1.87
2014.12.30 12:44:19.231,0.93565,0.936,1.30,1.15
2014.12.30 12:44:21.700,0.93563,0.93601,1.12,1.15
2014.12.30 12:44:22.218,0.93565,0.93602,1.72,4.42
2014.12.30 12:44:28.055,0.93562,0.936,1.50,1.52
2014.12.30 12:44:30.205,0.93562,0.93592,1.30,2.32
2014.12.30 12:44:30.831,0.93561,0.93592,1.57,2.32
2014.12.30 12:44:37.402,0.93558,0.93592,1.00,3.07
2014.12.30 12:44:37.453,0.93555,0.93592,2.17,3.07
2014.12.30 12:44:37.504,0.93556,0.93587,1.57,2.32
2014.12.30 12:44:37.806,0.93558,0.93587,1.30,2.32
2014.12.30 12:44:38.475,0.93561,0.93587,1.30,2.32
2014.12.30 12:44:38.525,0.93561,0.93592,1.30,4.50
2014.12.30 12:44:38.576,0.93559,0.93592,1.30,4.50
2014.12.30 12:44:39.085,0.93559,0.93592,1.67,4.50
2014.12.30 12:44:39.624,0.93558,0.93592,1.37,4.50
2014.12.30 12:44:42.130,0.9356,0.93592,1.67,4.50
2014.12.30 12:44:42.231,0.9356,0.93595,1.67,2.32
2014.12.30 12:44:46.344,0.93562,0.93595,1.00,2.32
2014.12.30 12:44:46.597,0.9356,0.93592,1.00,2.32
2014.12.30 12:44:46.698,0.93558,0.93591,1.12,2.32
2014.12.30 12:44:50.115,0.93556,0.93591,1.00,2.32
2014.12.30 12:44:50.267,0.9356,0.93591,1.30,2.32
2014.12.30 12:44:50.821,0.93561,0.93591,1.30,2.32
2014.12.30 12:44:52.785,0.9356,0.93591,1.72,2.32
2014.12.30 12:44:52.995,0.9356,0.93594,1.00,2.32
2014.12.30 12:44:53.508,0.93559,0.93594,1.30,2.32
2014.12.30 12:44:54.012,0.93558,0.93594,1.30,2.32
2014.12.30 12:44:54.635,0.93559,0.93594,1.30,2.32
2014.12.30 12:44:55.139,0.93558,0.93594,1.30,2.32
2014.12.30 12:44:56.640,0.93557,0.93594,1.05,3.30
2014.12.30 12:44:57.415,0.93558,0.93594,1.30,2.32
2014.12.30 12:44:59.631,0.93558,0.9359,1.30,2.32
2014.12.30 12:44:59.945,0.93557,0.93586,1.30,2.32
2014.12.30 12:45:00.454,0.93558,0.93586,1.30,2.32
2014.12.30 12:45:00.724,0.93556,0.93586,1.30,2.32
2014.12.30 12:45:02.620,0.9356,0.93586,1.00,2.32
2014.12.30 12:45:02.868,0.93556,0.93586,1.30,2.32
2014.12.30 12:45:03.408,0.93557,0.93586,1.30,2.32
2014.12.30 12:45:03.610,0.9356,0.93586,1.00,2.32
2014.12.30 12:45:03.913,0.93557,0.93582,1.30,2.32
2014.12.30 12:45:04.166,0.93553,0.93582,1.00,2.32
2014.12.30 12:45:04.217,0.93549,0.93582,1.12,2.32
2014.12.30 12:45:04.268,0.93544,0.93578,1.00,2.32
2014.12.30 12:45:04.369,0.93544,0.93572,1.00,2.32
2014.12.30 12:45:04.470,0.93545,0.93574,1.00,2.32
2014.12.30 12:45:04.621,0.93542,0.93574,1.00,2.32
2014.12.30 12:45:04.823,0.9354,0.93574,1.30,2.32
2014.12.30 12:45:04.873,0.93539,0.93571,1.72,2.32
2014.12.30 12:45:05.125,0.93537,0.93571,1.00,2.32
2014.12.30 12:45:05.176,0.93537,0.93567,1.00,1.15
2014.12.30 12:45:05.478,0.9353,0.93561,1.00,2.32
2014.12.30 12:45:05.781,0.9353,0.93556,1.00,2.32
2014.12.30 12:45:06.033,0.93525,0.93556,1.00,2.32
2014.12.30 12:45:06.537,0.93526,0.93556,1.35,2.32
2014.12.30 12:45:06.739,0.93528,0.93556,1.30,2.32
2014.12.30 12:45:06.790,0.93528,0.93558,1.30,2.32
2014.12.30 12:45:08.891,0.9353,0.93558,1.00,2.32
2014.12.30 12:45:09.407,0.93531,0.93558,1.30,2.32
2014.12.30 12:45:12.345,0.9353,0.93558,1.30,2.32
2014.12.30 12:45:13.253,0.93533,0.93558,1.30,2.25
2014.12.30 12:45:13.304,0.93533,0.93563,1.30,2.32
2014.12.30 12:45:13.405,0.93533,0.93567,1.35,2.32
2014.12.30 12:45:13.456,0.93537,0.93567,1.30,2.32
2014.12.30 12:45:13.507,0.93537,0.93571,1.30,2.32
2014.12.30 12:45:14.808,0.93539,0.93571,1.30,2.32
2014.12.30 12:45:17.101,0.9354,0.93571,1.30,2.32
2014.12.30 12:45:17.864,0.93538,0.93571,1.30,2.32
2014.12.30 12:45:18.553,0.93533,0.9357,1.42,1.87
2014.12.30 12:45:18.756,0.93534,0.93571,1.30,2.32
2014.12.30 12:45:19.273,0.93532,0.93571,1.12,2.32
2014.12.30 12:45:20.281,0.9353,0.93567,1.80,2.32
2014.12.30 12:45:20.331,0.9353,0.93566,1.72,2.32
2014.12.30 12:45:21.170,0.93531,0.93566,1.30,2.32
2014.12.30 12:45:21.473,0.93529,0.93562,1.42,2.32
2014.12.30 12:45:21.775,0.93527,0.93559,1.67,2.32
2014.12.30 12:45:22.679,0.93525,0.93559,1.67,2.32
2014.12.30 12:45:26.458,0.93525,0.93559,1.67,2.32
2014.12.30 12:45:26.559,0.93524,0.93559,1.72,2.32
2014.12.30 12:45:26.610,0.93524,0.93557,2.47,2.32
2014.12.30 12:45:26.912,0.9353,0.93557,1.00,2.32
2014.12.30 12:45:28.340,0.9353,0.93561,1.00,2.32
2014.12.30 12:45:28.592,0.9353,0.93561,2.47,2.32
2014.12.30 12:45:28.643,0.93535,0.93565,1.37,2.32
2014.12.30 12:45:28.694,0.9354,0.93565,1.00,2.32
2014.12.30 12:45:28.745,0.9354,0.93568,1.00,2.32
2014.12.30 12:45:28.846,0.93539,0.93573,1.72,2.32
2014.12.30 12:45:28.947,0.93542,0.93573,1.00,2.32
2014.12.30 12:45:29.049,0.9354,0.93573,1.72,2.32
2014.12.30 12:45:29.099,0.93543,0.93573,1.30,2.32
2014.12.30 12:45:29.351,0.93544,0.9358,1.30,2.32
2014.12.30 12:45:29.956,0.93543,0.9358,1.05,2.32
2014.12.30 12:45:30.208,0.93542,0.93579,2.32,1.30
2014.12.30 12:45:30.719,0.93542,0.93578,2.32,1.30
2014.12.30 12:45:30.871,0.93542,0.9358,4.05,1.05
2014.12.30 12:45:32.596,0.93542,0.93578,2.32,1.37
2014.12.30 12:45:32.647,0.9354,0.93578,1.87,1.45
2014.12.30 12:45:40.732,0.93538,0.93574,3.30,1.30
2014.12.30 12:45:43.474,0.93539,0.93574,1.12,1.37
2014.12.30 12:45:43.525,0.93537,0.93573,1.45,1.12
2014.12.30 12:45:44.029,0.93534,0.93571,3.30,1.30
2014.12.30 12:45:44.643,0.93534,0.9357,2.32,1.30
2014.12.30 12:45:45.024,0.93534,0.93572,3.30,1.05
2014.12.30 12:45:46.015,0.93534,0.93571,3.30,1.30
2014.12.30 12:45:46.545,0.93534,0.9357,2.32,1.30
2014.12.30 12:45:46.596,0.93534,0.93571,1.12,1.45
2014.12.30 12:45:47.566,0.93534,0.93572,2.32,1.45
2014.12.30 12:45:47.617,0.93534,0.93572,2.32,1.12
2014.12.30 12:45:48.121,0.93536,0.93574,1.87,1.45
2014.12.30 12:45:48.223,0.93538,0.93576,1.87,2.32
2014.12.30 12:45:49.404,0.93541,0.93576,1.30,2.32
2014.12.30 12:45:49.505,0.9354,0.9358,1.45,1.45
2014.12.30 12:45:50.919,0.93542,0.93583,2.32,1.45
2014.12.30 12:45:57.559,0.93548,0.93584,1.30,2.32
2014.12.30 12:46:02.584,0.93549,0.93584,1.30,2.32
2014.12.30 12:46:05.555,0.9355,0.93584,1.30,2.32
2014.12.30 12:46:06.060,0.93549,0.93584,1.30,2.32
2014.12.30 12:46:07.243,0.93548,0.93584,1.30,3.30
2014.12.30 12:46:08.679,0.93547,0.93583,1.05,1.45
2014.12.30 12:46:11.219,0.93546,0.93583,1.12,1.45
2014.12.30 12:46:11.896,0.93546,0.93583,1.45,1.45
2014.12.30 12:46:17.054,0.93543,0.93581,1.87,1.15
2014.12.30 12:46:31.714,0.93543,0.93579,1.82,1.45
2014.12.30 12:46:32.018,0.93549,0.93585,1.50,1.87
2014.12.30 12:46:32.624,0.93549,0.93587,1.17,2.92
2014.12.30 12:46:33.084,0.93548,0.93584,1.45,4.05
2014.12.30 12:46:33.135,0.93546,0.93584,1.00,6.22
2014.12.30 12:46:33.236,0.93543,0.93584,1.82,5.47
2014.12.30 12:46:35.405,0.93545,0.9358,1.72,1.15
2014.12.30 12:46:35.456,0.93545,0.93581,2.10,1.15
2014.12.30 12:46:40.339,0.93548,0.93584,1.67,5.47
2014.12.30 12:46:44.281,0.93547,0.93583,1.67,1.45
2014.12.30 12:46:44.788,0.93549,0.93584,1.30,4.50
2014.12.30 12:46:45.116,0.93549,0.93584,1.67,4.50
2014.12.30 12:46:45.218,0.93549,0.93585,2.25,1.45
2014.12.30 12:46:46.357,0.93549,0.93585,2.62,1.45
2014.12.30 12:46:47.162,0.93549,0.93583,1.20,1.12
2014.12.30 12:46:47.674,0.93546,0.93583,1.42,1.45
2014.12.30 12:46:48.977,0.93547,0.93582,1.67,1.45
2014.12.30 12:46:53.585,0.93548,0.93584,1.30,3.30
2014.12.30 12:46:53.686,0.93548,0.9358,1.30,4.80
2014.12.30 12:46:53.736,0.93546,0.93579,1.00,2.47
2014.12.30 12:46:54.039,0.93544,0.93579,1.82,1.05
2014.12.30 12:46:54.190,0.93547,0.93583,1.42,1.72
2014.12.30 12:46:54.644,0.93551,0.93587,1.30,1.45
2014.12.30 12:47:00.663,0.93552,0.93588,1.30,2.32
2014.12.30 12:47:00.814,0.9355,0.93587,1.80,2.62
2014.12.30 12:47:00.915,0.93552,0.93588,1.30,3.30
2014.12.30 12:47:02.643,0.93553,0.93588,1.30,2.32
2014.12.30 12:47:06.195,0.93552,0.93585,1.30,1.17
2014.12.30 12:47:06.347,0.93549,0.93585,1.07,1.50
2014.12.30 12:47:06.397,0.93549,0.93581,1.00,1.37
2014.12.30 12:47:06.448,0.93546,0.93581,1.10,1.45
2014.12.30 12:47:06.651,0.93546,0.93583,1.12,3.30
2014.12.30 12:47:06.702,0.93546,0.93583,1.45,1.12
2014.12.30 12:47:07.055,0.93551,0.93587,1.30,3.07
2014.12.30 12:47:08.735,0.9355,0.93587,1.35,4.05
2014.12.30 12:47:10.485,0.93551,0.93587,1.30,2.32
2014.12.30 12:47:12.686,0.9355,0.93587,1.30,3.30
2014.12.30 12:47:14.224,0.93551,0.93587,1.30,2.32
2014.12.30 12:47:16.408,0.93548,0.93586,2.62,1.87
2014.12.30 12:47:18.709,0.93548,0.9358,1.50,1.00
2014.12.30 12:47:19.377,0.93548,0.93585,1.50,1.87
2014.12.30 12:47:27.116,0.93548,0.93585,1.12,1.15
2014.12.30 12:47:34.090,0.93548,0.93584,1.45,1.37
2014.12.30 12:47:34.141,0.9355,0.93585,1.45,1.00
2014.12.30 12:47:34.886,0.9355,0.93587,1.15,1.45
2014.12.30 12:47:53.976,0.93549,0.93586,2.55,2.32
2014.12.30 12:47:54.517,0.9355,0.93586,1.00,2.32
2014.12.30 12:47:56.877,0.93553,0.93582,1.35,2.32
2014.12.30 12:47:57.115,0.9355,0.93587,1.45,1.15
2014.12.30 12:47:59.988,0.9355,0.93586,2.10,2.32
2014.12.30 12:48:09.320,0.93549,0.93585,2.17,1.15
2014.12.30 12:48:10.551,0.93549,0.9358,1.20,1.00
2014.12.30 12:48:12.577,0.93549,0.9358,1.00,1.07
2014.12.30 12:48:12.780,0.93539,0.9357,1.17,1.00
2014.12.30 12:48:12.881,0.93537,0.93575,1.52,1.15
2014.12.30 12:48:13.386,0.93541,0.93577,1.30,2.32
2014.12.30 12:48:14.010,0.9354,0.93577,1.42,2.32
2014.12.30 12:48:14.536,0.93541,0.93577,1.30,2.32
2014.12.30 12:48:18.522,0.93541,0.93577,1.90,2.32
2014.12.30 12:48:18.624,0.93541,0.93581,3.90,1.15
2014.12.30 12:48:18.775,0.93544,0.93582,2.02,1.45
2014.12.30 12:48:19.088,0.93551,0.93583,1.30,2.32
2014.12.30 12:48:20.101,0.9355,0.93583,1.30,2.32
2014.12.30 12:48:20.642,0.93551,0.93583,1.30,2.32
2014.12.30 12:48:23.764,0.93547,0.93583,1.35,2.32
2014.12.30 12:48:24.295,0.9355,0.93584,2.17,2.32
2014.12.30 12:48:24.346,0.9355,0.93587,2.17,4.05
2014.12.30 12:48:24.598,0.9355,0.93587,1.80,2.32
2014.12.30 12:48:24.901,0.9355,0.93587,2.17,2.32
2014.12.30 12:48:25.052,0.93555,0.93591,1.72,4.05
2014.12.30 12:48:25.304,0.93557,0.93592,1.37,2.32
2014.12.30 12:48:25.355,0.93557,0.93595,1.12,3.07
2014.12.30 12:48:25.507,0.9356,0.93595,1.30,3.07
2014.12.30 12:48:26.016,0.93561,0.93595,1.30,3.07
2014.12.30 12:48:26.603,0.9356,0.93595,1.30,3.07
2014.12.30 12:48:29.576,0.93559,0.93595,1.30,3.07
2014.12.30 12:48:33.021,0.93558,0.93595,1.42,3.07
2014.12.30 12:48:43.174,0.93557,0.9359,1.12,1.47
2014.12.30 12:48:43.275,0.93555,0.9359,1.30,1.52
2014.12.30 12:48:43.426,0.93553,0.9359,1.12,2.25
2014.12.30 12:48:43.628,0.93553,0.93585,1.12,1.00
2014.12.30 12:48:44.181,0.93553,0.9359,1.12,2.25
2014.12.30 12:48:44.392,0.93553,0.93585,1.12,1.00
2014.12.30 12:48:45.394,0.93553,0.93588,1.12,1.12
2014.12.30 12:48:46.822,0.93553,0.9358,1.12,1.00
2014.12.30 12:48:47.075,0.93553,0.93586,1.30,1.15
2014.12.30 12:48:47.176,0.93549,0.93586,1.15,2.62
2014.12.30 12:48:47.227,0.93549,0.93583,1.07,2.25
2014.12.30 12:48:47.428,0.93544,0.93575,1.12,1.42
2014.12.30 12:48:47.529,0.9354,0.93575,1.52,1.42
2014.12.30 12:48:51.220,0.93542,0.93579,1.42,1.45
2014.12.30 12:48:51.723,0.93542,0.93579,1.42,1.45
2014.12.30 12:48:52.242,0.93543,0.93579,1.30,1.45
2014.12.30 12:48:57.035,0.93543,0.93575,1.30,2.17
2014.12.30 12:48:57.086,0.9354,0.93574,1.07,1.97
2014.12.30 12:48:57.187,0.93536,0.93571,1.52,1.30
2014.12.30 12:48:57.238,0.93535,0.93571,1.45,1.37
2014.12.30 12:48:57.288,0.93535,0.93566,1.00,1.05
2014.12.30 12:48:57.339,0.93531,0.93566,1.45,1.12
2014.12.30 12:48:57.390,0.93531,0.93566,1.00,1.45
2014.12.30 12:48:57.845,0.93532,0.93568,1.17,1.45
2014.12.30 12:49:00.752,0.93532,0.93567,1.27,1.30
2014.12.30 12:49:00.803,0.93535,0.93569,1.55,1.05
2014.12.30 12:49:00.904,0.9354,0.93569,1.00,1.05
2014.12.30 12:49:01.852,0.93542,0.93574,1.00,1.12
2014.12.30 12:49:03.471,0.9354,0.93574,1.10,1.12
2014.12.30 12:49:05.201,0.9354,0.93572,1.10,1.30
2014.12.30 12:49:05.891,0.93538,0.93571,1.20,1.30
2014.12.30 12:49:06.402,0.93538,0.9357,1.12,1.30
2014.12.30 12:49:06.659,0.93538,0.93572,1.37,1.05
2014.12.30 12:49:08.961,0.93538,0.93571,1.37,1.30
2014.12.30 12:49:09.631,0.93539,0.93572,1.12,1.05
2014.12.30 12:49:10.155,0.93541,0.93578,1.30,1.12
2014.12.30 12:49:10.664,0.93542,0.93578,1.00,1.12
2014.12.30 12:49:15.459,0.93542,0.93575,1.00,1.30
2014.12.30 12:49:17.410,0.93542,0.93576,1.00,1.30
2014.12.30 12:49:24.576,0.93542,0.93574,1.00,1.30
2014.12.30 12:49:24.727,0.9354,0.93574,1.57,1.30
2014.12.30 12:49:28.091,0.9354,0.93573,1.95,1.30
2014.12.30 12:49:28.611,0.9354,0.93574,1.95,1.30
2014.12.30 12:49:29.135,0.9354,0.93573,1.95,1.30
2014.12.30 12:49:29.236,0.9354,0.93575,1.95,1.30
2014.12.30 12:49:29.337,0.93542,0.93575,1.00,1.30
2014.12.30 12:49:29.959,0.93542,0.93577,1.00,1.05
2014.12.30 12:49:30.496,0.93542,0.93577,1.37,1.05
2014.12.30 12:49:31.410,0.93542,0.93575,1.20,1.30
2014.12.30 12:49:31.511,0.93541,0.93577,1.50,1.30
2014.12.30 12:49:32.005,0.93541,0.93576,1.37,1.45
2014.12.30 12:49:32.527,0.93541,0.93573,1.37,1.30
2014.12.30 12:49:33.269,0.93541,0.93572,1.37,1.30
2014.12.30 12:49:33.821,0.93541,0.93574,1.37,1.05
2014.12.30 12:49:38.081,0.93541,0.93574,1.00,1.05
2014.12.30 12:49:54.921,0.93542,0.93576,1.30,1.15
2014.12.30 12:49:55.451,0.93538,0.93576,1.80,1.87
2014.12.30 12:49:57.689,0.93542,0.93578,1.30,1.45
2014.12.30 12:50:00.971,0.93544,0.93579,1.30,2.32
2014.12.30 12:50:01.072,0.93544,0.9358,1.67,1.30
2014.12.30 12:50:01.122,0.93549,0.93586,1.30,4.50
2014.12.30 12:50:01.173,0.93549,0.93587,1.42,2.25
2014.12.30 12:50:01.983,0.93548,0.93588,1.55,1.45
2014.12.30 12:50:02.509,0.93548,0.93584,1.50,1.30
2014.12.30 12:50:03.169,0.9355,0.93584,1.37,1.30
2014.12.30 12:50:03.722,0.9355,0.93586,2.10,1.12
2014.12.30 12:50:15.372,0.9355,0.93586,2.85,1.12
2014.12.30 12:50:16.866,0.93552,0.93587,1.37,1.45
2014.12.30 12:50:17.468,0.9355,0.93586,2.10,1.12
2014.12.30 12:50:22.084,0.9355,0.93585,1.87,1.37
2014.12.30 12:50:42.131,0.9355,0.93585,2.10,1.17
2014.12.30 12:51:02.169,0.9355,0.93585,1.37,1.15
2014.12.30 12:51:11.859,0.9355,0.93584,1.12,1.45
2014.12.30 12:51:16.538,0.9355,0.93585,1.75,1.87
2014.12.30 12:51:16.639,0.9355,0.93586,2.32,1.05
2014.12.30 12:51:16.841,0.93554,0.93589,1.97,1.45
2014.12.30 12:51:17.043,0.93556,0.9359,1.72,1.00
2014.12.30 12:51:17.556,0.93557,0.9359,1.87,1.00
2014.12.30 12:51:18.085,0.93557,0.93593,1.87,1.45
2014.12.30 12:51:22.789,0.93557,0.9359,2.25,1.00
2014.12.30 12:51:25.846,0.93557,0.9359,2.25,1.00
2014.12.30 12:51:26.412,0.93557,0.93593,1.50,1.45
2014.12.30 12:51:27.001,0.93557,0.93593,1.37,1.45
2014.12.30 12:51:28.937,0.93557,0.93593,1.37,1.45
2014.12.30 12:51:31.277,0.93557,0.93593,1.37,1.45
2014.12.30 12:51:35.249,0.93557,0.9359,1.37,1.00
2014.12.30 12:51:37.284,0.93557,0.9359,1.37,1.00
2014.12.30 12:51:37.815,0.93557,0.9359,2.10,1.00
2014.12.30 12:51:38.098,0.93557,0.9359,1.72,1.12
2014.12.30 12:51:38.149,0.93557,0.93589,1.00,1.37
2014.12.30 12:51:38.351,0.93553,0.93585,1.12,1.00
2014.12.30 12:51:38.604,0.93553,0.93585,1.37,1.00
2014.12.30 12:51:40.377,0.93553,0.93585,1.12,1.00
2014.12.30 12:51:42.887,0.93552,0.93585,1.30,1.00
2014.12.30 12:51:47.799,0.93551,0.93585,2.70,1.00
2014.12.30 12:51:49.595,0.93552,0.93585,1.30,1.00
2014.12.30 12:51:49.971,0.93552,0.9358,1.30,1.00
2014.12.30 12:51:50.224,0.93547,0.9358,1.30,1.15
2014.12.30 12:51:50.677,0.93549,0.9358,1.30,1.15
2014.12.30 12:51:51.193,0.9355,0.93583,1.30,2.32
2014.12.30 12:51:51.849,0.93549,0.93583,1.30,2.32
2014.12.30 12:51:52.372,0.9355,0.93583,1.30,2.32
2014.12.30 12:51:52.749,0.93548,0.93583,1.35,2.32
2014.12.30 12:51:53.401,0.93548,0.93583,1.67,2.32
2014.12.30 12:51:55.921,0.93551,0.93583,1.30,2.32
2014.12.30 12:51:56.023,0.93551,0.93585,1.30,1.15
2014.12.30 12:51:56.124,0.93551,0.93581,1.30,1.00
2014.12.30 12:51:56.426,0.93549,0.9358,1.30,1.00
2014.12.30 12:51:56.477,0.93546,0.93582,1.10,1.35
2014.12.30 12:51:56.527,0.93546,0.93582,1.00,5.85
2014.12.30 12:51:56.628,0.93536,0.93574,1.67,1.45
2014.12.30 12:51:56.931,0.93532,0.93569,1.67,1.45
2014.12.30 12:52:00.620,0.93532,0.93571,2.05,1.45
2014.12.30 12:52:00.721,0.93534,0.93573,1.12,1.50
2014.12.30 12:52:00.772,0.93535,0.93566,1.10,1.30
2014.12.30 12:52:00.924,0.93533,0.93567,1.00,1.30
2014.12.30 12:52:01.429,0.93528,0.93567,2.25,1.30
2014.12.30 12:52:01.530,0.93528,0.93557,1.15,1.30
2014.12.30 12:52:01.631,0.93524,0.93557,1.07,1.30
2014.12.30 12:52:01.732,0.93517,0.93557,1.52,1.30
2014.12.30 12:52:02.236,0.93523,0.93563,1.30,2.32
2014.12.30 12:52:02.538,0.93526,0.93563,1.00,2.32
2014.12.30 12:52:03.080,0.93525,0.93563,1.37,2.32
2014.12.30 12:52:03.130,0.93525,0.93563,1.00,2.32
2014.12.30 12:52:03.652,0.93525,0.93563,1.37,2.32
2014.12.30 12:52:03.960,0.93525,0.93563,1.00,2.32
2014.12.30 12:52:04.485,0.93525,0.93563,1.37,2.32
2014.12.30 12:52:05.033,0.93525,0.93563,1.37,2.32
2014.12.30 12:52:06.060,0.93525,0.93563,1.37,2.32
2014.12.30 12:52:06.514,0.93522,0.93563,1.37,2.32
2014.12.30 12:52:07.099,0.93524,0.93563,1.37,2.32
2014.12.30 12:52:07.409,0.93524,0.93563,1.50,2.32
2014.12.30 12:52:08.885,0.93524,0.93563,1.50,2.32
2014.12.30 12:52:09.844,0.93524,0.93563,1.50,2.32
2014.12.30 12:52:10.147,0.93525,0.93563,1.12,2.32
2014.12.30 12:52:10.694,0.93525,0.93563,1.67,2.32
2014.12.30 12:52:13.167,0.93525,0.93563,2.10,2.32
2014.12.30 12:52:13.268,0.93524,0.93563,1.50,2.32
2014.12.30 12:52:16.702,0.93524,0.93563,1.50,2.32
2014.12.30 12:52:16.904,0.93525,0.93563,1.37,2.32
2014.12.30 12:52:17.572,0.93527,0.93563,1.00,2.32
2014.12.30 12:52:18.075,0.93524,0.93563,1.50,2.32
2014.12.30 12:52:20.313,0.93524,0.93563,2.85,2.32
2014.12.30 12:52:22.153,0.93525,0.93564,1.37,3.07
2014.12.30 12:52:22.660,0.93525,0.93564,1.37,1.15
2014.12.30 12:52:37.101,0.93524,0.93565,1.57,2.32
2014.12.30 12:52:39.070,0.93529,0.93565,1.00,2.32
2014.12.30 12:52:39.171,0.93525,0.93565,1.37,2.32
2014.12.30 12:52:39.322,0.93524,0.93565,1.95,2.32
2014.12.30 12:52:40.878,0.93531,0.93565,1.00,2.32
2014.12.30 12:52:40.979,0.93527,0.93565,1.37,2.32
2014.12.30 12:52:41.604,0.93524,0.93565,2.55,2.32
2014.12.30 12:52:42.211,0.93524,0.93565,2.92,2.32
2014.12.30 12:52:42.412,0.93524,0.93565,2.55,2.32
2014.12.30 12:52:42.935,0.93524,0.93565,1.95,2.32
2014.12.30 12:52:43.438,0.93524,0.93564,1.87,2.32
2014.12.30 12:52:44.540,0.93525,0.93564,1.12,2.32
2014.12.30 12:52:45.045,0.9352,0.93562,1.52,1.15
2014.12.30 12:52:48.114,0.93527,0.93562,1.00,1.15
2014.12.30 12:52:48.265,0.93527,0.93565,1.42,1.17
2014.12.30 12:52:48.467,0.93528,0.93569,1.67,2.32
2014.12.30 12:52:48.971,0.93531,0.93571,1.75,1.15
2014.12.30 12:53:00.290,0.93529,0.93565,1.50,1.00
2014.12.30 12:53:00.398,0.93533,0.9357,1.00,1.17
2014.12.30 12:53:00.550,0.93527,0.93566,2.70,1.00
2014.12.30 12:53:00.651,0.93525,0.93562,1.00,1.12
2014.12.30 12:53:00.701,0.93525,0.9356,1.00,2.25
2014.12.30 12:53:00.953,0.93522,0.9356,1.00,3.67
2014.12.30 12:53:01.105,0.9352,0.93559,1.72,1.45
2014.12.30 12:53:01.633,0.93517,0.93556,1.15,1.12
2014.12.30 12:53:02.476,0.93517,0.93558,2.25,1.87
2014.12.30 12:53:05.255,0.93518,0.93555,1.12,1.10
2014.12.30 12:53:05.306,0.93517,0.93554,1.20,3.22
2014.12.30 12:53:05.357,0.93514,0.93554,1.50,3.30
2014.12.30 12:53:05.660,0.93513,0.9355,1.42,1.17
2014.12.30 12:53:08.011,0.93511,0.93548,1.75,1.07
2014.12.30 12:53:09.268,0.93509,0.93548,1.37,1.45
2014.12.30 12:53:14.181,0.93508,0.93547,1.80,1.45
2014.12.30 12:53:14.800,0.93507,0.93546,2.55,1.12
2014.12.30 12:53:21.137,0.93511,0.93545,1.30,1.07
2014.12.30 12:53:21.742,0.93508,0.9354,1.05,1.10
2014.12.30 12:53:21.793,0.93506,0.9354,1.12,1.17
2014.12.30 12:53:21.844,0.93506,0.93535,1.00,1.00
2014.12.30 12:53:21.894,0.93504,0.93535,1.00,1.00
2014.12.30 12:53:22.413,0.93499,0.93535,1.65,1.00
2014.12.30 12:53:24.420,0.93505,0.93535,1.37,1.00
2014.12.30 12:53:24.471,0.93505,0.9354,1.80,1.07
2014.12.30 12:53:24.521,0.93513,0.9354,1.30,1.00
2014.12.30 12:53:24.572,0.93513,0.93545,1.67,1.07
2014.12.30 12:53:24.673,0.93512,0.93545,1.87,1.00
2014.12.30 12:53:24.824,0.93517,0.9355,1.30,1.17
2014.12.30 12:53:24.976,0.93516,0.93545,1.00,1.30
2014.12.30 12:53:25.077,0.93512,0.93545,1.65,1.30
2014.12.30 12:53:25.329,0.9351,0.93545,1.00,1.10
2014.12.30 12:53:25.849,0.93509,0.93545,1.30,1.10
2014.12.30 12:53:26.360,0.93508,0.93545,1.42,1.80
2014.12.30 12:53:26.877,0.93509,0.93545,1.30,1.10
2014.12.30 12:53:28.502,0.93508,0.93545,1.42,1.05
2014.12.30 12:53:29.198,0.93508,0.93545,1.42,1.05
2014.12.30 12:53:29.622,0.93508,0.93535,1.42,1.00
2014.12.30 12:53:31.598,0.93503,0.9353,3.67,1.00
2014.12.30 12:53:31.749,0.93503,0.93535,2.32,1.00
2014.12.30 12:53:31.951,0.93501,0.9353,1.07,1.00
2014.12.30 12:53:32.052,0.93497,0.9353,1.20,1.00
2014.12.30 12:53:32.153,0.93494,0.93525,1.07,1.00
2014.12.30 12:53:32.254,0.93489,0.93525,1.52,1.00
2014.12.30 12:53:32.405,0.93487,0.9352,1.52,1.00
2014.12.30 12:53:32.859,0.93486,0.93525,3.07,1.72
2014.12.30 12:53:33.061,0.93486,0.93527,3.07,1.05
2014.12.30 12:53:39.064,0.93488,0.93525,2.25,1.00
2014.12.30 12:53:39.367,0.93489,0.9352,1.82,1.00
2014.12.30 12:53:39.637,0.93489,0.93525,1.82,1.72
2014.12.30 12:53:40.065,0.93493,0.93525,1.30,1.00
2014.12.30 12:53:40.368,0.93495,0.93525,1.30,1.00
2014.12.30 12:53:45.010,0.93496,0.93525,1.30,1.00
2014.12.30 12:53:47.296,0.93496,0.93526,1.30,1.00
2014.12.30 12:53:50.376,0.93496,0.93525,1.30,1.00
2014.12.30 12:53:56.076,0.93495,0.93525,1.05,1.00
2014.12.30 12:53:57.101,0.93497,0.93525,1.30,1.00
2014.12.30 12:53:58.199,0.93496,0.93525,1.30,1.00
2014.12.30 12:54:00.310,0.93496,0.93525,1.67,1.00
2014.12.30 12:54:00.826,0.93498,0.93525,1.30,1.00
2014.12.30 12:54:02.168,0.93498,0.93526,1.30,1.00
2014.12.30 12:54:03.606,0.93498,0.9353,1.30,1.00
2014.12.30 12:54:04.346,0.93498,0.93525,1.30,1.00
2014.12.30 12:54:06.107,0.93498,0.9353,1.30,1.00
2014.12.30 12:54:08.559,0.93498,0.93525,1.30,1.00
2014.12.30 12:54:08.856,0.93498,0.9353,1.30,1.00
2014.12.30 12:54:09.716,0.93497,0.9353,1.30,1.00
2014.12.30 12:54:10.705,0.93498,0.9353,1.30,1.00
2014.12.30 12:54:11.106,0.93498,0.93525,1.30,1.00
2014.12.30 12:54:11.587,0.93496,0.93525,1.30,1.00
2014.12.30 12:54:11.739,0.93498,0.9353,1.30,1.00
2014.12.30 12:54:12.275,0.93497,0.9353,1.30,1.00
2014.12.30 12:54:15.118,0.93497,0.9353,1.67,1.00
2014.12.30 12:54:15.219,0.93495,0.9353,1.20,1.00
2014.12.30 12:54:15.270,0.93495,0.9352,1.20,1.00
2014.12.30 12:54:15.371,0.93491,0.93525,1.82,1.60
2014.12.30 12:54:15.881,0.93493,0.93525,2.10,1.00
2014.12.30 12:54:16.191,0.93494,0.93525,1.67,1.00
2014.12.30 12:54:17.636,0.93497,0.93525,1.30,1.00
2014.12.30 12:54:18.222,0.935,0.93525,1.30,1.00
2014.12.30 12:54:18.327,0.935,0.9353,1.30,1.00
2014.12.30 12:54:19.006,0.93501,0.9353,1.30,1.00
2014.12.30 12:54:19.513,0.935,0.9353,1.30,1.00
2014.12.30 12:54:20.605,0.93499,0.9353,1.30,1.00
2014.12.30 12:54:21.743,0.93497,0.9353,1.05,1.00
2014.12.30 12:54:21.844,0.93491,0.93525,1.87,1.00
2014.12.30 12:54:22.046,0.93491,0.93525,1.50,1.00
2014.12.30 12:54:22.348,0.93489,0.93525,2.47,1.15
2014.12.30 12:54:22.764,0.93489,0.93525,1.12,1.87
2014.12.30 12:54:28.675,0.93489,0.93525,1.67,1.15
2014.12.30 12:54:29.963,0.93489,0.93525,1.35,1.15
2014.12.30 12:54:30.064,0.93489,0.93525,2.10,1.15
2014.12.30 12:54:32.870,0.9349,0.93526,1.67,1.15
2014.12.30 12:54:32.971,0.93492,0.93526,1.42,1.00
2014.12.30 12:54:33.475,0.93493,0.93525,1.30,1.00
2014.12.30 12:54:33.936,0.93493,0.9353,1.30,1.15
2014.12.30 12:54:34.458,0.9349,0.93527,1.15,1.30
2014.12.30 12:54:34.508,0.9349,0.93525,1.15,1.00
2014.12.30 12:54:36.136,0.93489,0.93525,1.30,1.15
2014.12.30 12:54:36.493,0.93487,0.93526,2.17,1.45
2014.12.30 12:54:37.217,0.93489,0.93525,1.30,1.15
2014.12.30 12:54:37.890,0.93488,0.93525,1.30,1.87
2014.12.30 12:54:40.076,0.93489,0.93525,1.30,1.15
2014.12.30 12:54:41.116,0.93489,0.9352,1.35,1.00
2014.12.30 12:54:42.126,0.93487,0.9352,1.05,1.00
2014.12.30 12:54:42.232,0.93487,0.93525,1.42,1.87
2014.12.30 12:54:42.536,0.93489,0.9352,1.30,1.00
2014.12.30 12:54:44.165,0.93489,0.93525,1.30,1.15
2014.12.30 12:54:44.569,0.93491,0.93525,1.67,1.15
2014.12.30 12:54:45.073,0.93489,0.93525,1.45,1.15
2014.12.30 12:54:47.687,0.93489,0.9352,1.50,1.00
2014.12.30 12:54:47.839,0.93489,0.93525,1.50,1.15
2014.12.30 12:54:51.177,0.93487,0.93524,1.80,1.45
2014.12.30 12:54:51.306,0.93487,0.93524,1.42,1.45
2014.12.30 12:54:51.458,0.93488,0.93526,1.82,1.87
2014.12.30 12:54:51.978,0.93492,0.93526,1.30,1.15
2014.12.30 12:54:52.493,0.93494,0.93525,1.30,1.17
2014.12.30 12:54:53.715,0.93492,0.93526,1.30,1.15
2014.12.30 12:54:53.766,0.93492,0.93525,1.45,1.00
2014.12.30 12:54:54.170,0.93497,0.93525,1.30,1.00
2014.12.30 12:54:54.597,0.93492,0.93525,1.45,1.00
2014.12.30 12:54:54.647,0.93493,0.93525,2.32,1.00
2014.12.30 12:54:55.151,0.93495,0.93525,1.37,1.00
2014.12.30 12:54:55.202,0.93495,0.93525,1.30,1.00
2014.12.30 12:54:55.520,0.93496,0.93525,1.30,1.60
2014.12.30 12:54:55.822,0.93494,0.9352,1.05,1.00
2014.12.30 12:54:55.873,0.93494,0.93525,1.05,1.60
2014.12.30 12:54:56.024,0.93496,0.93525,1.30,1.60
2014.12.30 12:54:58.230,0.93497,0.93525,1.30,1.60
2014.12.30 12:54:59.024,0.93496,0.93526,1.30,2.10
2014.12.30 12:55:07.240,0.93495,0.93525,1.30,1.60
2014.12.30 12:55:07.875,0.93493,0.93525,1.50,1.60
2014.12.30 12:55:15.697,0.93495,0.93525,1.30,1.60
2014.12.30 12:55:16.000,0.93497,0.93525,1.35,1.60
2014.12.30 12:55:19.037,0.93495,0.93525,1.50,1.60
2014.12.30 12:55:19.766,0.93497,0.93525,1.30,1.60
2014.12.30 12:55:22.190,0.93496,0.93525,1.05,1.60
2014.12.30 12:55:22.710,0.93497,0.93526,1.30,2.85
2014.12.30 12:55:24.606,0.93496,0.93526,1.05,2.85
2014.12.30 12:55:25.000,0.93494,0.9352,1.67,1.00
2014.12.30 12:55:25.353,0.93495,0.93525,1.67,1.70
2014.12.30 12:55:25.766,0.93495,0.93525,1.35,1.10
2014.12.30 12:55:26.811,0.93496,0.93525,1.30,1.10
2014.12.30 12:55:27.396,0.93495,0.93525,1.35,1.10
2014.12.30 12:55:27.916,0.93496,0.93525,1.30,1.10
2014.12.30 12:55:29.886,0.93495,0.9353,1.35,4.42
2014.12.30 12:55:30.189,0.9349,0.93525,2.20,1.10
2014.12.30 12:55:30.290,0.93493,0.9353,1.82,1.20
2014.12.30 12:55:30.492,0.93495,0.9353,1.50,1.20
2014.12.30 12:55:30.543,0.93495,0.9353,1.50,1.20
2014.12.30 12:55:30.594,0.93495,0.93525,1.50,1.00
2014.12.30 12:55:30.645,0.93495,0.93525,1.50,1.00
2014.12.30 12:55:31.075,0.93496,0.93526,1.67,1.00
2014.12.30 12:55:31.584,0.93493,0.93525,1.82,1.00
2014.12.30 12:55:33.886,0.93492,0.9352,1.82,1.00
2014.12.30 12:55:34.141,0.93493,0.93525,1.50,1.00
2014.12.30 12:55:40.176,0.93493,0.9352,1.82,1.00
2014.12.30 12:55:40.400,0.93493,0.93525,1.82,1.00
2014.12.30 12:55:42.053,0.93493,0.93526,1.82,1.00
2014.12.30 12:55:42.646,0.93493,0.93525,1.82,1.00
2014.12.30 12:55:44.465,0.93493,0.93525,1.82,2.85
2014.12.30 12:55:44.566,0.93493,0.93525,1.30,3.00
2014.12.30 12:55:44.667,0.93492,0.9352,1.35,1.00
2014.12.30 12:55:45.171,0.93489,0.9352,1.67,1.00
2014.12.30 12:55:45.798,0.93488,0.93515,1.35,1.00
2014.12.30 12:55:46.165,0.9349,0.93515,1.30,1.00
2014.12.30 12:55:46.569,0.9349,0.9352,1.30,1.00
2014.12.30 12:55:46.771,0.9349,0.93515,1.30,1.00
2014.12.30 12:55:47.375,0.93489,0.93515,1.30,1.00
2014.12.30 12:55:47.879,0.93489,0.93515,1.67,1.00
2014.12.30 12:55:48.776,0.93489,0.93515,1.35,1.00
2014.12.30 12:55:54.687,0.93488,0.93515,1.35,1.00
2014.12.30 12:55:57.555,0.93487,0.9352,1.42,1.00
2014.12.30 12:56:00.332,0.93487,0.93515,1.42,1.00
2014.12.30 12:56:01.622,0.93487,0.9352,1.42,1.00
2014.12.30 12:56:02.168,0.93486,0.93521,1.50,1.10
2014.12.30 12:56:05.158,0.93486,0.9352,1.50,1.00
2014.12.30 12:56:06.149,0.93486,0.9352,1.50,1.17
2014.12.30 12:56:07.139,0.93485,0.93515,1.82,1.00
2014.12.30 12:56:18.695,0.93486,0.9352,1.50,1.77
2014.12.30 12:56:18.878,0.93486,0.93515,1.50,1.00
2014.12.30 12:56:19.865,0.93486,0.9352,1.50,1.77
2014.12.30 12:56:20.016,0.93486,0.93515,1.50,1.00
2014.12.30 12:56:20.832,0.93486,0.93515,1.50,1.00
2014.12.30 12:56:21.845,0.93486,0.93521,1.50,3.00
2014.12.30 12:56:22.434,0.93486,0.93521,1.50,3.00
2014.12.30 12:56:22.838,0.93486,0.93515,1.50,1.00
2014.12.30 12:56:24.307,0.93486,0.9352,1.50,1.77
2014.12.30 12:56:27.255,0.93483,0.9352,1.82,2.47
2014.12.30 12:56:27.306,0.93483,0.93519,1.67,2.92
2014.12.30 12:56:27.357,0.93483,0.93519,1.30,2.92
2014.12.30 12:56:27.609,0.93481,0.93515,2.70,1.30
2014.12.30 12:56:27.660,0.93484,0.93517,1.15,1.30
2014.12.30 12:56:27.761,0.93484,0.93515,1.27,1.30
2014.12.30 12:56:27.811,0.93484,0.93515,1.12,1.05
2014.12.30 12:56:27.912,0.93483,0.93515,1.15,1.00
2014.12.30 12:56:28.164,0.93482,0.93517,2.32,1.30
2014.12.30 12:56:28.215,0.93481,0.93517,3.07,1.37
2014.12.30 12:56:28.316,0.93481,0.93517,1.15,1.45
2014.12.30 12:56:28.856,0.93479,0.93513,1.52,1.30
2014.12.30 12:56:29.158,0.93479,0.93511,1.52,1.30
2014.12.30 12:56:29.857,0.93483,0.93518,3.00,1.37
2014.12.30 12:56:29.908,0.93483,0.93518,3.45,1.30
2014.12.30 12:56:30.976,0.93488,0.9352,1.20,1.10
2014.12.30 12:56:33.622,0.93491,0.93525,2.25,1.07
2014.12.30 12:56:33.723,0.93491,0.93525,2.32,1.00
2014.12.30 12:56:33.925,0.9349,0.93525,1.07,1.80
2014.12.30 12:56:34.026,0.93488,0.93525,1.17,1.45
2014.12.30 12:56:35.713,0.93489,0.93525,1.47,1.45
2014.12.30 12:56:36.233,0.93489,0.93525,1.47,1.45
2014.12.30 12:56:36.385,0.93485,0.93522,3.90,1.12
2014.12.30 12:56:36.889,0.93486,0.93523,2.62,1.45
2014.12.30 12:56:37.141,0.93488,0.93523,3.07,1.30
2014.12.30 12:56:37.653,0.93489,0.93524,1.65,1.30
2014.12.30 12:56:38.108,0.93489,0.93528,3.00,1.72
2014.12.30 12:56:38.259,0.93491,0.93527,2.70,1.30
2014.12.30 12:56:39.412,0.93495,0.9353,1.55,1.17
2014.12.30 12:56:39.564,0.93495,0.93531,4.20,1.30
2014.12.30 12:56:40.087,0.93497,0.9353,1.52,1.00
2014.12.30 12:56:41.206,0.93497,0.93531,1.52,1.30
2014.12.30 12:56:41.357,0.93498,0.93533,3.07,1.30
2014.12.30 12:56:41.880,0.93498,0.93534,3.07,1.30
2014.12.30 12:56:43.147,0.93498,0.93532,2.70,1.30
2014.12.30 12:56:43.340,0.93497,0.9353,1.52,1.00
2014.12.30 12:56:43.542,0.93493,0.93529,1.52,1.12
2014.12.30 12:56:43.693,0.93492,0.93526,1.52,1.30
2014.12.30 12:56:43.932,0.93492,0.93528,1.52,1.05
2014.12.30 12:56:44.083,0.93492,0.93525,1.65,1.00
2014.12.30 12:56:45.239,0.93492,0.93525,1.52,1.00
2014.12.30 12:56:47.225,0.93492,0.93525,1.90,1.00
2014.12.30 12:56:47.275,0.93492,0.93528,1.90,1.05
2014.12.30 12:56:47.645,0.93492,0.93528,1.52,1.05
2014.12.30 12:56:48.054,0.93496,0.93528,2.32,1.30
2014.12.30 12:56:48.104,0.93496,0.9353,3.45,1.30
2014.12.30 12:56:48.205,0.93496,0.93532,3.45,1.30
2014.12.30 12:56:49.285,0.93496,0.93534,3.45,1.05
2014.12.30 12:56:51.049,0.93497,0.93533,1.52,1.30
2014.12.30 12:56:53.629,0.93496,0.93533,3.82,1.30
2014.12.30 12:56:54.133,0.93496,0.93533,3.45,1.30
2014.12.30 12:56:54.465,0.93496,0.93532,1.20,1.45
2014.12.30 12:56:54.517,0.93496,0.93532,1.47,1.45
2014.12.30 12:56:54.819,0.93495,0.93525,1.55,1.00
2014.12.30 12:56:54.870,0.93495,0.9353,1.55,1.87
2014.12.30 12:56:59.630,0.93496,0.9353,1.47,1.87
2014.12.30 12:56:59.735,0.93496,0.9353,1.85,1.87
2014.12.30 12:56:59.836,0.935,0.93532,3.45,1.30
2014.12.30 12:56:59.887,0.93501,0.93532,1.10,1.30
2014.12.30 12:56:59.937,0.93501,0.9353,1.10,1.30
2014.12.30 12:57:00.191,0.93495,0.93532,1.15,1.45
2014.12.30 12:57:00.495,0.93494,0.93529,1.00,1.45
2014.12.30 12:57:00.898,0.93496,0.9353,1.17,1.12
2014.12.30 12:57:02.056,0.93497,0.93531,1.47,1.45
2014.12.30 12:57:03.395,0.93497,0.93531,1.10,1.45
2014.12.30 12:57:04.085,0.93497,0.93531,1.47,1.45
2014.12.30 12:57:05.678,0.93497,0.93531,1.47,1.45
2014.12.30 12:57:05.884,0.93497,0.93531,1.47,1.45
2014.12.30 12:57:06.281,0.93497,0.93532,1.45,1.37
2014.12.30 12:57:06.332,0.93497,0.93532,1.52,1.30
2014.12.30 12:57:07.102,0.93499,0.93533,1.52,1.05
2014.12.30 12:57:07.628,0.935,0.93532,1.55,1.30
2014.12.30 12:57:07.981,0.93501,0.93535,3.37,1.07
2014.12.30 12:57:08.485,0.93502,0.93535,1.15,1.00
2014.12.30 12:57:09.073,0.93502,0.93539,1.52,3.22
2014.12.30 12:57:09.572,0.93501,0.93538,3.45,1.05
2014.12.30 12:57:11.401,0.93501,0.93534,1.55,1.37
2014.12.30 12:57:11.451,0.93501,0.93534,1.47,1.12
2014.12.30 12:57:11.502,0.93501,0.9353,1.47,1.00
2014.12.30 12:57:11.912,0.93497,0.9353,1.82,1.00
2014.12.30 12:57:12.114,0.935,0.9353,3.07,1.00
2014.12.30 12:57:12.266,0.935,0.93533,2.70,1.30
2014.12.30 12:57:14.156,0.935,0.93531,2.32,1.30
2014.12.30 12:57:14.257,0.93499,0.9353,1.27,1.30
2014.12.30 12:57:14.779,0.93497,0.93531,1.52,1.30
2014.12.30 12:57:14.830,0.93497,0.93533,1.52,1.05
2014.12.30 12:57:15.183,0.935,0.93536,1.55,1.45
2014.12.30 12:57:15.234,0.935,0.93536,3.45,1.30
2014.12.30 12:57:15.801,0.935,0.93537,3.45,1.30
2014.12.30 12:57:21.376,0.935,0.93535,2.70,1.00
2014.12.30 12:57:21.885,0.935,0.93535,3.07,1.72
2014.12.30 12:57:22.395,0.93502,0.93535,1.50,1.00
2014.12.30 12:57:23.007,0.93502,0.93535,2.20,1.00
2014.12.30 12:57:26.114,0.93503,0.93535,1.87,1.00
2014.12.30 12:57:26.265,0.93501,0.93535,1.27,1.12
2014.12.30 12:57:26.891,0.93498,0.93532,1.15,1.30
2014.12.30 12:57:26.992,0.93494,0.93532,1.65,1.45
2014.12.30 12:57:31.177,0.93494,0.93529,1.65,1.30
2014.12.30 12:57:31.680,0.93494,0.9353,1.15,1.05
2014.12.30 12:57:31.921,0.93494,0.9353,1.17,1.80
2014.12.30 12:57:31.973,0.93494,0.93528,1.10,1.45
2014.12.30 12:57:32.024,0.93493,0.93528,1.10,3.30
2014.12.30 12:57:32.125,0.93489,0.93526,1.12,1.45
2014.12.30 12:57:32.277,0.93488,0.9352,1.20,1.72
2014.12.30 12:57:33.457,0.93488,0.9352,1.57,1.30
2014.12.30 12:57:33.558,0.93492,0.93525,1.17,1.05
2014.12.30 12:57:33.608,0.93492,0.93523,1.17,1.30
2014.12.30 12:57:33.910,0.93492,0.9352,1.00,1.30
2014.12.30 12:57:34.213,0.93489,0.93515,1.20,1.00
2014.12.30 12:57:34.680,0.93486,0.93515,1.37,1.00
2014.12.30 12:57:35.353,0.93486,0.93517,1.45,1.30
2014.12.30 12:57:35.505,0.93487,0.9352,1.15,1.00
2014.12.30 12:57:36.020,0.93489,0.93521,1.10,1.05
2014.12.30 12:57:36.784,0.93489,0.9352,1.10,1.30
2014.12.30 12:57:38.476,0.93488,0.93522,1.17,1.12
2014.12.30 12:57:38.988,0.9349,0.93522,1.00,1.12
2014.12.30 12:57:42.211,0.9349,0.93522,1.07,1.37
2014.12.30 12:57:42.519,0.9349,0.93525,1.52,1.05
2014.12.30 12:57:42.721,0.93492,0.93526,1.52,1.37
2014.12.30 12:57:42.973,0.93492,0.93527,3.07,1.30
2014.12.30 12:57:43.535,0.93494,0.93528,1.15,1.30
2014.12.30 12:57:44.057,0.93494,0.9353,2.25,1.12
2014.12.30 12:57:44.209,0.93495,0.9353,2.70,1.37
2014.12.30 12:57:44.310,0.93496,0.93531,3.45,1.57
2014.12.30 12:57:46.922,0.93496,0.9353,4.42,1.00
2014.12.30 12:57:47.526,0.93496,0.93532,4.42,1.90
2014.12.30 12:57:48.242,0.935,0.93534,1.50,2.25
2014.12.30 12:57:48.746,0.93504,0.93534,1.30,2.25
2014.12.30 12:57:49.250,0.93502,0.93534,1.67,2.25
2014.12.30 12:57:50.741,0.93502,0.93534,1.30,2.25
2014.12.30 12:57:50.942,0.93495,0.93531,1.42,1.72
2014.12.30 12:57:51.094,0.93499,0.9353,1.37,1.10
2014.12.30 12:57:57.004,0.935,0.9353,3.22,1.00
2014.12.30 12:57:57.257,0.935,0.9353,1.45,1.00
2014.12.30 12:57:57.985,0.93501,0.9353,1.05,1.00
2014.12.30 12:58:00.457,0.935,0.9353,1.30,1.00
2014.12.30 12:58:00.966,0.93499,0.9353,1.35,1.00
2014.12.30 12:58:03.099,0.93496,0.9353,2.25,1.00
2014.12.30 12:58:07.305,0.93496,0.9353,1.00,1.87
2014.12.30 12:58:07.708,0.93496,0.9353,1.37,1.87
2014.12.30 12:58:08.248,0.93496,0.9353,2.25,1.00
2014.12.30 12:58:10.920,0.93496,0.9353,2.25,1.00
2014.12.30 12:58:11.425,0.93494,0.9353,2.25,1.00
2014.12.30 12:58:14.410,0.93498,0.93525,1.35,1.00
2014.12.30 12:58:15.699,0.93497,0.93525,1.05,1.00
2014.12.30 12:58:15.901,0.93493,0.93525,1.00,1.00
2014.12.30 12:58:16.153,0.93491,0.93528,2.25,1.05
2014.12.30 12:58:16.657,0.93492,0.93527,1.10,1.30
2014.12.30 12:58:17.215,0.93492,0.93528,1.80,1.05
2014.12.30 12:58:19.699,0.93495,0.9353,1.30,1.15
2014.12.30 12:58:19.852,0.93496,0.93532,1.45,1.30
2014.12.30 12:58:19.903,0.93496,0.9353,1.45,1.00
2014.12.30 12:58:20.155,0.93494,0.93529,1.37,1.12
2014.12.30 12:58:20.665,0.93493,0.93527,1.37,1.30
2014.12.30 12:58:20.716,0.93492,0.93527,1.20,1.30
2014.12.30 12:58:21.625,0.93492,0.93527,1.47,1.30
2014.12.30 12:58:22.137,0.93492,0.93526,1.47,1.30
2014.12.30 12:58:22.598,0.93492,0.93526,1.10,1.30
2014.12.30 12:58:23.016,0.93492,0.93528,1.10,1.05
2014.12.30 12:58:23.224,0.93495,0.9353,1.35,1.15
2014.12.30 12:58:23.526,0.93495,0.93532,2.25,1.30
2014.12.30 12:58:23.840,0.93495,0.9353,2.25,1.00
2014.12.30 12:58:24.053,0.93495,0.93532,3.00,1.30
2014.12.30 12:58:24.864,0.93495,0.93533,3.00,1.30
2014.12.30 12:58:25.953,0.93497,0.93532,1.07,1.30
2014.12.30 12:58:30.146,0.93496,0.93532,1.55,1.30
2014.12.30 12:58:30.712,0.93496,0.93532,1.17,1.30
2014.12.30 12:58:30.813,0.93497,0.93533,1.75,1.30
2014.12.30 12:58:33.116,0.93497,0.93533,1.80,1.30
2014.12.30 12:58:33.520,0.93496,0.93531,1.17,1.30
2014.12.30 12:58:34.646,0.93496,0.93531,1.55,1.30
2014.12.30 12:58:35.338,0.93496,0.93531,1.92,1.30
2014.12.30 12:58:35.489,0.93502,0.93535,2.25,1.00
2014.12.30 12:58:35.641,0.93502,0.93538,1.55,1.30
2014.12.30 12:58:35.854,0.93503,0.93535,1.42,1.00
2014.12.30 12:58:36.221,0.93504,0.93535,1.82,1.00
2014.12.30 12:58:36.373,0.93504,0.9354,1.82,1.60
2014.12.30 12:58:41.188,0.93502,0.93536,1.17,1.30
2014.12.30 12:58:41.591,0.935,0.93537,1.30,1.45
2014.12.30 12:58:49.770,0.93499,0.93535,1.35,1.17
2014.12.30 12:58:50.770,0.93497,0.93533,2.25,1.30
2014.12.30 12:58:51.318,0.93497,0.93534,1.87,1.05
2014.12.30 12:58:52.973,0.93498,0.93534,1.42,1.05
2014.12.30 12:58:54.602,0.935,0.93535,1.30,1.17
2014.12.30 12:58:55.074,0.93497,0.93535,1.12,1.17
2014.12.30 12:58:55.575,0.93499,0.93535,1.30,1.87
2014.12.30 12:58:56.032,0.93501,0.93535,1.30,1.17
2014.12.30 12:58:56.700,0.935,0.93537,1.30,1.45
2014.12.30 12:58:57.503,0.93501,0.93535,1.30,1.17
2014.12.30 12:58:58.006,0.935,0.93537,1.30,1.45
2014.12.30 12:58:58.302,0.93498,0.93534,1.42,1.05
2014.12.30 12:58:58.845,0.935,0.93533,1.00,1.30
2014.12.30 12:58:58.946,0.93496,0.93533,1.45,1.30
2014.12.30 12:58:59.458,0.93497,0.93536,1.12,1.45
2014.12.30 12:58:59.609,0.93498,0.93534,3.67,1.05
2014.12.30 12:58:59.710,0.93499,0.93538,1.50,1.30
2014.12.30 12:58:59.812,0.935,0.93537,1.30,1.45
2014.12.30 12:59:00.215,0.93498,0.93533,2.25,1.30
2014.12.30 12:59:02.742,0.93501,0.93538,1.30,1.45
2014.12.30 12:59:03.246,0.935,0.93537,1.72,1.45
2014.12.30 12:59:04.181,0.93502,0.93537,1.00,1.45
2014.12.30 12:59:04.685,0.93501,0.93536,1.00,1.12
2014.12.30 12:59:05.271,0.93501,0.93534,1.00,1.30
2014.12.30 12:59:05.793,0.93501,0.93535,1.00,1.05
2014.12.30 12:59:06.332,0.93502,0.93536,1.00,1.12
2014.12.30 12:59:07.102,0.93499,0.93535,1.10,1.10
2014.12.30 12:59:08.719,0.935,0.93535,1.30,1.10
2014.12.30 12:59:08.823,0.93502,0.93535,1.30,1.10
2014.12.30 12:59:09.127,0.93502,0.93535,1.67,1.10
2014.12.30 12:59:09.229,0.93502,0.93539,1.67,1.45
2014.12.30 12:59:09.753,0.93504,0.9354,1.30,4.05
2014.12.30 12:59:10.257,0.93502,0.9354,1.67,4.05
2014.12.30 12:59:11.107,0.93502,0.9354,1.30,4.05
2014.12.30 12:59:11.661,0.93501,0.93535,1.35,1.10
2014.12.30 12:59:11.994,0.93505,0.93535,1.30,1.10
2014.12.30 12:59:12.246,0.93508,0.9354,1.30,1.00
2014.12.30 12:59:12.347,0.93505,0.9354,1.35,1.00
2014.12.30 12:59:12.650,0.93505,0.93544,2.10,2.05
2014.12.30 12:59:13.793,0.93508,0.9354,1.35,1.00
2014.12.30 12:59:14.095,0.93513,0.9354,1.30,1.00
2014.12.30 12:59:14.348,0.93513,0.93545,1.30,2.85
2014.12.30 12:59:14.980,0.93515,0.93545,1.30,2.85
2014.12.30 12:59:15.131,0.93515,0.93545,1.30,1.00
2014.12.30 12:59:15.182,0.93517,0.93545,1.30,1.00
2014.12.30 12:59:15.701,0.93516,0.93545,1.30,1.00
2014.12.30 12:59:16.722,0.93517,0.93545,1.67,1.00
2014.12.30 12:59:16.773,0.93517,0.9355,1.82,1.00
2014.12.30 12:59:18.064,0.93519,0.93555,1.42,2.40
2014.12.30 12:59:18.391,0.93519,0.9355,1.42,1.00
2014.12.30 12:59:18.636,0.93518,0.93554,1.50,1.30
2014.12.30 12:59:19.155,0.93519,0.93555,1.42,1.80
2014.12.30 12:59:20.135,0.93517,0.93554,2.25,1.30
2014.12.30 12:59:20.588,0.93517,0.93553,1.30,1.45
2014.12.30 12:59:21.858,0.93516,0.93553,1.57,1.45
2014.12.30 12:59:22.161,0.93515,0.9355,1.30,1.17
2014.12.30 12:59:22.262,0.9351,0.93545,1.00,1.30
2014.12.30 12:59:22.793,0.9351,0.93544,1.00,1.30
2014.12.30 12:59:24.879,0.9351,0.93543,1.00,1.30
2014.12.30 12:59:24.980,0.9351,0.93543,1.00,1.45
2014.12.30 12:59:25.882,0.93509,0.93545,1.30,1.15
2014.12.30 12:59:27.067,0.93507,0.93543,1.67,1.45
2014.12.30 12:59:27.168,0.93507,0.93543,1.30,1.45
2014.12.30 12:59:27.422,0.93509,0.93545,1.30,1.45
2014.12.30 12:59:27.523,0.93511,0.93547,1.30,1.30
2014.12.30 12:59:30.791,0.9351,0.93546,1.12,1.30
2014.12.30 12:59:31.487,0.93511,0.93546,1.30,1.30
2014.12.30 12:59:35.220,0.93509,0.93545,1.50,1.30
2014.12.30 12:59:35.270,0.9351,0.93545,1.57,1.30
2014.12.30 12:59:35.321,0.93514,0.9355,1.35,1.87
2014.12.30 12:59:35.674,0.93512,0.93547,1.30,1.30
2014.12.30 12:59:35.774,0.93512,0.93545,1.30,1.00
2014.12.30 12:59:36.805,0.93512,0.93547,1.30,1.30
2014.12.30 12:59:39.921,0.93512,0.93549,1.30,1.45
2014.12.30 12:59:40.191,0.93512,0.93545,1.30,1.00
2014.12.30 12:59:40.644,0.93512,0.93549,1.30,1.45
2014.12.30 12:59:40.695,0.9351,0.93549,1.50,1.45
2014.12.30 12:59:41.501,0.93514,0.93549,1.30,1.45
2014.12.30 12:59:43.791,0.93513,0.93548,1.30,1.12
2014.12.30 12:59:45.786,0.93511,0.93548,1.30,1.12
2014.12.30 12:59:46.122,0.93511,0.93547,1.67,1.30
2014.12.30 12:59:46.223,0.93511,0.93547,1.30,1.30
2014.12.30 12:59:48.158,0.93511,0.93547,1.30,1.37
2014.12.30 12:59:51.594,0.9351,0.93546,1.30,1.37
2014.12.30 12:59:51.746,0.93502,0.93539,1.12,1.05
2014.12.30 12:59:51.847,0.93505,0.9354,1.30,1.17
2014.12.30 12:59:52.364,0.93504,0.93539,1.35,1.05
2014.12.30 12:59:53.247,0.93506,0.9354,1.30,1.17
2014.12.30 12:59:53.891,0.93505,0.9354,1.30,1.17
2014.12.30 12:59:54.479,0.93506,0.93541,1.30,1.15
2014.12.30 12:59:56.019,0.93505,0.9354,1.30,1.17
2014.12.30 12:59:56.322,0.93502,0.9353,1.67,1.00
2014.12.30 12:59:56.373,0.93502,0.93535,1.67,1.07
2014.12.30 12:59:56.424,0.93505,0.93535,1.30,1.00
2014.12.30 12:59:56.575,0.93506,0.93541,1.30,1.15
2014.12.30 12:59:56.978,0.93503,0.9354,1.30,1.87
2014.12.30 12:59:57.079,0.93503,0.9354,1.30,4.05
2014.12.30 12:59:57.130,0.93499,0.93537,1.30,1.45
2014.12.30 12:59:57.332,0.93501,0.93537,1.30,1.45
2014.12.30 12:59:57.836,0.93502,0.93538,1.30,2.92
2014.12.30 12:59:58.341,0.93501,0.93538,1.30,2.92
2014.12.30 12:59:58.875,0.935,0.93538,1.30,2.92
