2014.12.03 02:00:00.018,0.92978,0.9301,1.87,2.25
2014.12.03 02:00:00.170,0.92978,0.93005,1.12,1.00
2014.12.03 02:00:00.371,0.92978,0.93005,1.30,1.10
2014.12.03 02:00:01.090,0.92977,0.93006,1.05,1.17
2014.12.03 02:00:01.711,0.92977,0.93006,1.05,1.50
2014.12.03 02:00:03.855,0.92978,0.93009,2.02,1.52
2014.12.03 02:00:04.381,0.92978,0.93009,2.10,1.52
2014.12.03 02:00:04.749,0.92978,0.9301,2.47,1.87
2014.12.03 02:00:04.800,0.92978,0.9301,2.47,1.72
2014.12.03 02:00:05.204,0.92981,0.93012,1.82,2.47
2014.12.03 02:00:05.557,0.92985,0.93012,1.87,1.00
2014.12.03 02:00:05.859,0.92987,0.93012,2.47,1.00
2014.12.03 02:00:06.607,0.92987,0.93017,2.47,1.52
2014.12.03 02:00:07.370,0.92989,0.93019,1.12,1.50
2014.12.03 02:00:08.082,0.92991,0.93015,1.05,1.00
2014.12.03 02:00:08.409,0.92986,0.93015,1.12,1.10
2014.12.03 02:00:12.079,0.92986,0.93017,4.35,3.75
2014.12.03 02:00:14.640,0.92986,0.93015,3.97,1.47
2014.12.03 02:00:15.140,0.92986,0.93015,1.17,2.17
2014.12.03 02:00:15.191,0.92984,0.93011,1.12,2.17
2014.12.03 02:00:15.242,0.92984,0.93011,1.00,2.17
2014.12.03 02:00:15.292,0.92981,0.93011,1.72,2.25
2014.12.03 02:00:15.747,0.9298,0.9301,2.10,2.40
2014.12.03 02:00:16.354,0.92979,0.93008,2.05,1.75
2014.12.03 02:00:17.289,0.92979,0.93005,2.05,1.00
2014.12.03 02:00:25.338,0.92978,0.93001,4.20,1.00
2014.12.03 02:00:25.388,0.92978,0.93001,2.10,1.00
2014.12.03 02:00:26.309,0.92978,0.93,1.30,1.00
2014.12.03 02:00:26.860,0.92978,0.93005,1.30,1.10
2014.12.03 02:00:27.376,0.92976,0.93005,1.72,1.20
2014.12.03 02:00:27.427,0.92976,0.93005,1.65,1.20
2014.12.03 02:00:32.938,0.92977,0.93008,1.95,2.70
2014.12.03 02:00:41.856,0.92975,0.93,2.17,1.00
2014.12.03 02:00:42.654,0.92975,0.93005,1.42,1.52
2014.12.03 02:00:43.607,0.92976,0.93005,1.30,1.52
2014.12.03 02:00:45.059,0.92976,0.93005,1.90,1.52
2014.12.03 02:00:46.599,0.92977,0.93,1.90,1.00
2014.12.03 02:00:47.124,0.92977,0.93,1.30,1.00
2014.12.03 02:00:47.578,0.92977,0.93004,1.30,1.27
2014.12.03 02:00:57.348,0.92978,0.93008,1.30,2.70
2014.12.03 02:01:00.660,0.92977,0.93005,1.35,1.27
2014.12.03 02:01:01.169,0.92976,0.93005,2.70,1.27
2014.12.03 02:01:07.197,0.92977,0.93006,2.05,1.37
2014.12.03 02:01:07.758,0.92978,0.93006,2.10,1.00
2014.12.03 02:01:11.038,0.92978,0.93005,2.10,1.00
2014.12.03 02:01:11.099,0.92978,0.93009,2.10,2.25
2014.12.03 02:01:11.318,0.92978,0.93005,2.10,1.00
2014.12.03 02:01:15.098,0.92979,0.93009,1.05,1.52
2014.12.03 02:01:15.606,0.92978,0.93005,2.85,1.00
2014.12.03 02:01:18.847,0.92978,0.93009,1.12,3.00
2014.12.03 02:01:22.506,0.92978,0.93009,2.10,1.82
2014.12.03 02:01:27.212,0.92979,0.9301,1.42,1.87
2014.12.03 02:01:27.817,0.9298,0.93011,1.47,4.50
2014.12.03 02:01:31.420,0.9298,0.9301,1.42,1.15
2014.12.03 02:01:33.554,0.92982,0.93011,1.30,2.40
2014.12.03 02:01:33.656,0.9298,0.9301,1.72,1.15
2014.12.03 02:01:48.761,0.92981,0.9301,2.27,1.15
2014.12.03 02:01:48.862,0.92983,0.9301,2.27,1.17
2014.12.03 02:01:49.164,0.92985,0.93015,1.95,3.07
2014.12.03 02:01:49.366,0.92989,0.93015,1.67,1.10
2014.12.03 02:01:49.819,0.92989,0.93011,1.67,1.00
2014.12.03 02:01:50.071,0.92989,0.93011,1.67,1.00
2014.12.03 02:01:50.173,0.92986,0.93011,1.15,1.00
2014.12.03 02:01:50.274,0.92983,0.9301,1.50,1.00
2014.12.03 02:01:50.375,0.92981,0.93005,1.27,1.00
2014.12.03 02:01:50.476,0.92979,0.93005,1.12,1.00
2014.12.03 02:01:50.678,0.92979,0.93005,1.30,1.10
2014.12.03 02:01:51.965,0.92978,0.93005,1.60,1.15
2014.12.03 02:01:52.066,0.92977,0.93005,1.12,1.87
2014.12.03 02:01:52.217,0.92973,0.93002,1.55,1.05
2014.12.03 02:01:52.268,0.92973,0.93,1.37,1.15
2014.12.03 02:01:52.319,0.92972,0.93,1.00,1.15
2014.12.03 02:01:52.832,0.9297,0.93,1.27,1.15
2014.12.03 02:01:53.745,0.9297,0.93,1.20,1.15
2014.12.03 02:01:54.388,0.9297,0.92999,1.12,1.45
2014.12.03 02:02:00.947,0.9297,0.93,2.10,1.15
2014.12.03 02:02:02.148,0.92971,0.93001,1.12,3.30
2014.12.03 02:02:02.699,0.92972,0.93001,1.00,3.30
2014.12.03 02:02:02.800,0.92972,0.93001,1.12,1.45
2014.12.03 02:02:03.361,0.92975,0.93001,1.00,1.45
2014.12.03 02:02:03.540,0.92975,0.93005,1.00,2.25
2014.12.03 02:02:04.373,0.92974,0.93005,1.05,1.52
2014.12.03 02:02:04.886,0.92975,0.93005,1.30,1.27
2014.12.03 02:02:05.578,0.92972,0.93004,2.25,1.45
2014.12.03 02:02:11.159,0.92975,0.93005,1.30,1.27
2014.12.03 02:02:12.689,0.92978,0.93007,1.67,2.32
2014.12.03 02:02:12.790,0.92978,0.93007,1.35,2.70
2014.12.03 02:02:12.891,0.9298,0.93009,1.00,1.52
2014.12.03 02:02:14.169,0.92977,0.93007,1.47,1.50
2014.12.03 02:02:14.440,0.92977,0.93006,2.10,1.27
2014.12.03 02:02:14.642,0.92974,0.93005,1.55,1.27
2014.12.03 02:02:15.679,0.92973,0.93005,1.82,1.15
2014.12.03 02:02:16.184,0.92972,0.93005,2.25,1.52
2014.12.03 02:02:19.532,0.92975,0.93006,2.17,1.82
2014.12.03 02:02:21.103,0.92975,0.93005,1.10,1.45
2014.12.03 02:02:24.008,0.92973,0.93005,2.17,1.45
2014.12.03 02:02:24.059,0.92973,0.93005,2.10,3.30
2014.12.03 02:02:24.577,0.92974,0.93005,1.67,3.67
2014.12.03 02:02:25.082,0.92973,0.93002,1.37,1.45
2014.12.03 02:02:27.349,0.92973,0.93005,2.10,3.67
2014.12.03 02:02:27.450,0.92973,0.93005,2.25,1.82
2014.12.03 02:02:27.651,0.92976,0.93007,1.37,1.82
2014.12.03 02:02:28.256,0.92976,0.93008,2.10,1.82
2014.12.03 02:02:44.227,0.92977,0.93004,1.00,1.12
2014.12.03 02:02:44.585,0.92973,0.93006,1.52,1.82
2014.12.03 02:02:46.109,0.92973,0.93001,1.07,1.05
2014.12.03 02:02:46.412,0.92962,0.92989,1.52,1.30
2014.12.03 02:02:46.463,0.92962,0.92989,1.55,1.30
2014.12.03 02:02:46.614,0.92963,0.92985,1.10,1.00
2014.12.03 02:02:46.766,0.92955,0.92985,2.02,1.72
2014.12.03 02:02:47.018,0.92961,0.92989,1.00,2.25
2014.12.03 02:02:47.921,0.92961,0.92989,1.37,1.15
2014.12.03 02:02:49.004,0.92961,0.92989,1.12,1.15
2014.12.03 02:02:51.810,0.9296,0.92989,1.12,2.25
2014.12.03 02:03:03.870,0.9296,0.92989,1.37,1.15
2014.12.03 02:03:11.978,0.92962,0.9299,1.00,1.50
2014.12.03 02:03:17.238,0.92962,0.92992,1.37,2.32
2014.12.03 02:03:17.339,0.92965,0.92994,1.12,1.27
2014.12.03 02:03:18.301,0.92965,0.92994,1.37,1.15
2014.12.03 02:03:19.322,0.92965,0.92995,1.12,1.52
2014.12.03 02:03:21.296,0.92964,0.92994,1.12,1.52
2014.12.03 02:03:22.418,0.92962,0.92992,1.20,2.77
2014.12.03 02:03:22.519,0.92962,0.92992,1.12,4.95
2014.12.03 02:03:23.427,0.92961,0.92992,1.00,4.42
2014.12.03 02:03:28.115,0.92962,0.92992,1.00,4.42
2014.12.03 02:03:37.355,0.92961,0.9299,1.12,1.82
2014.12.03 02:03:40.656,0.9296,0.92988,1.12,1.50
2014.12.03 02:03:41.205,0.92959,0.92989,1.12,3.67
2014.12.03 02:03:44.546,0.92959,0.92985,1.00,1.82
2014.12.03 02:03:44.747,0.92953,0.92981,1.00,1.82
2014.12.03 02:03:45.276,0.92952,0.9298,1.00,1.82
2014.12.03 02:04:15.117,0.92952,0.9298,1.60,1.52
2014.12.03 02:04:25.957,0.92952,0.9298,1.72,2.25
2014.12.03 02:04:27.757,0.92953,0.92981,1.30,1.50
2014.12.03 02:04:28.325,0.92953,0.9298,1.72,1.17
2014.12.03 02:04:46.556,0.92954,0.92982,1.72,1.50
2014.12.03 02:04:47.998,0.92954,0.92982,1.72,1.50
2014.12.03 02:04:58.154,0.92953,0.9298,1.00,1.55
2014.12.03 02:04:58.205,0.92951,0.9298,1.00,2.02
2014.12.03 02:04:58.577,0.92947,0.92975,1.45,1.17
2014.12.03 02:04:59.400,0.92946,0.92974,1.37,1.45
2014.12.03 02:05:06.624,0.92948,0.92975,1.42,1.00
2014.12.03 02:05:06.675,0.92949,0.92975,1.75,1.00
2014.12.03 02:05:06.927,0.92952,0.9298,1.50,1.80
2014.12.03 02:05:09.454,0.92955,0.9298,1.67,1.10
2014.12.03 02:05:09.606,0.92957,0.92985,1.67,1.65
2014.12.03 02:05:09.863,0.92957,0.92985,1.67,1.65
2014.12.03 02:05:09.964,0.9296,0.92988,1.50,1.00
2014.12.03 02:05:10.015,0.92963,0.92988,1.30,1.00
2014.12.03 02:05:10.374,0.92964,0.92988,1.67,1.00
2014.12.03 02:05:10.476,0.92969,0.92993,1.30,1.00
2014.12.03 02:05:10.787,0.92971,0.92995,1.30,1.17
2014.12.03 02:05:10.939,0.92972,0.92998,1.42,1.00
2014.12.03 02:05:14.466,0.92971,0.92998,1.50,1.00
2014.12.03 02:05:21.886,0.92971,0.93001,1.50,1.27
2014.12.03 02:05:29.503,0.92971,0.93001,1.27,1.52
2014.12.03 02:05:30.985,0.92971,0.93001,1.12,1.52
2014.12.03 02:05:36.734,0.92972,0.93001,1.00,1.52
2014.12.03 02:05:43.167,0.92973,0.93001,1.30,1.27
2014.12.03 02:05:43.736,0.92974,0.93001,1.30,1.27
2014.12.03 02:05:45.175,0.92971,0.93001,1.37,1.27
2014.12.03 02:05:57.543,0.92971,0.92995,1.37,1.00
2014.12.03 02:05:57.795,0.92969,0.92995,1.42,1.00
2014.12.03 02:05:57.896,0.9297,0.93,1.42,1.65
2014.12.03 02:05:58.427,0.92971,0.93,1.30,1.17
2014.12.03 02:06:00.448,0.92972,0.93,1.30,1.17
2014.12.03 02:06:02.174,0.92973,0.93,1.30,1.17
2014.12.03 02:06:03.153,0.92973,0.92996,1.30,1.00
2014.12.03 02:06:03.597,0.92972,0.93,1.30,1.17
2014.12.03 02:06:10.674,0.92972,0.93,1.67,1.87
2014.12.03 02:06:11.678,0.92972,0.93,1.67,1.17
2014.12.03 02:06:11.980,0.92971,0.92995,2.25,1.00
2014.12.03 02:06:13.273,0.92972,0.93,1.50,1.00
2014.12.03 02:06:13.713,0.92972,0.92996,1.50,1.00
2014.12.03 02:06:14.586,0.92972,0.92996,1.50,1.00
2014.12.03 02:06:15.483,0.92972,0.93001,1.50,1.80
2014.12.03 02:06:15.534,0.92972,0.93001,1.87,1.80
2014.12.03 02:06:16.035,0.92976,0.93001,1.42,1.00
2014.12.03 02:06:16.187,0.92975,0.93001,1.00,1.15
2014.12.03 02:06:16.288,0.92971,0.93001,1.42,1.15
2014.12.03 02:06:16.339,0.92971,0.93001,1.67,1.52
2014.12.03 02:06:16.440,0.9297,0.93,1.30,2.25
2014.12.03 02:06:16.642,0.92966,0.92998,1.52,1.50
2014.12.03 02:06:17.175,0.92967,0.92995,1.27,1.00
2014.12.03 02:06:18.333,0.92967,0.9299,1.27,1.00
2014.12.03 02:06:19.693,0.92967,0.92995,1.27,1.00
2014.12.03 02:06:35.654,0.92967,0.92995,1.55,1.00
2014.12.03 02:06:36.906,0.92967,0.92995,1.57,1.07
2014.12.03 02:06:44.693,0.92968,0.92995,1.67,1.17
2014.12.03 02:06:49.563,0.9297,0.92995,1.42,1.00
2014.12.03 02:06:49.867,0.9297,0.92995,1.42,1.00
2014.12.03 02:06:49.918,0.92971,0.93,1.67,4.12
2014.12.03 02:06:52.801,0.92971,0.93,2.47,3.37
2014.12.03 02:06:52.953,0.92974,0.93003,1.42,1.12
2014.12.03 02:06:53.155,0.92976,0.93004,1.82,1.00
2014.12.03 02:06:53.356,0.92977,0.93006,1.82,1.80
2014.12.03 02:06:53.659,0.92982,0.93005,1.35,1.00
2014.12.03 02:06:54.012,0.92981,0.9301,1.82,1.80
2014.12.03 02:06:54.085,0.92981,0.93005,1.82,1.00
2014.12.03 02:06:54.238,0.92979,0.93007,2.17,1.05
2014.12.03 02:06:54.943,0.92979,0.9301,1.47,1.15
2014.12.03 02:07:08.057,0.92979,0.93012,1.10,1.65
2014.12.03 02:07:08.259,0.92974,0.93009,1.52,3.75
2014.12.03 02:07:08.461,0.92971,0.93005,1.52,1.55
2014.12.03 02:07:19.091,0.92972,0.93005,2.40,1.17
2014.12.03 02:07:19.142,0.92973,0.93005,3.07,1.10
2014.12.03 02:07:19.394,0.92979,0.93007,1.42,1.95
2014.12.03 02:07:19.942,0.9298,0.93008,1.67,1.17
2014.12.03 02:07:20.841,0.9298,0.93008,1.67,1.17
2014.12.03 02:07:21.753,0.92981,0.93009,1.75,2.70
2014.12.03 02:07:22.106,0.92982,0.9301,1.42,1.87
2014.12.03 02:07:22.639,0.9298,0.93009,1.82,1.12
2014.12.03 02:07:23.230,0.9298,0.93009,1.82,1.37
2014.12.03 02:07:26.019,0.92979,0.93011,1.55,1.45
2014.12.03 02:07:26.820,0.92979,0.93011,1.57,1.27
2014.12.03 02:07:30.731,0.92979,0.93011,1.57,1.27
2014.12.03 02:07:30.781,0.92979,0.93011,1.90,1.17
2014.12.03 02:07:31.307,0.92979,0.93013,1.65,1.52
2014.12.03 02:07:31.818,0.92979,0.93013,1.52,1.52
2014.12.03 02:07:37.711,0.92979,0.93013,2.62,1.15
2014.12.03 02:07:37.963,0.92985,0.93016,1.82,1.15
2014.12.03 02:07:38.014,0.92987,0.93016,1.72,1.15
2014.12.03 02:07:38.115,0.92987,0.9302,4.80,1.00
2014.12.03 02:07:38.395,0.92992,0.9302,1.82,1.00
2014.12.03 02:07:38.859,0.92994,0.9302,1.82,1.00
2014.12.03 02:07:39.706,0.92995,0.9302,1.05,1.00
2014.12.03 02:07:39.863,0.92992,0.93015,1.82,1.00
2014.12.03 02:07:40.065,0.92992,0.9302,1.82,1.00
2014.12.03 02:07:40.519,0.92993,0.93023,1.82,1.57
2014.12.03 02:07:41.974,0.92996,0.93023,1.30,1.20
2014.12.03 02:07:42.373,0.92996,0.9302,1.30,1.00
2014.12.03 02:07:42.813,0.92994,0.93023,1.12,1.20
2014.12.03 02:07:43.247,0.92992,0.93023,1.50,2.17
2014.12.03 02:07:43.449,0.92991,0.93023,1.52,1.47
2014.12.03 02:07:44.582,0.92991,0.9302,1.52,1.00
2014.12.03 02:07:50.316,0.92992,0.93023,1.82,1.47
2014.12.03 02:07:52.373,0.92993,0.9302,1.45,2.62
2014.12.03 02:07:52.423,0.92992,0.9302,1.00,3.52
2014.12.03 02:07:52.625,0.92988,0.93015,1.82,1.00
2014.12.03 02:07:53.387,0.92989,0.9302,1.50,3.75
2014.12.03 02:07:53.891,0.92992,0.9302,1.30,2.02
2014.12.03 02:07:54.437,0.92993,0.9302,1.30,2.02
2014.12.03 02:07:54.963,0.92994,0.9302,1.30,1.55
2014.12.03 02:07:55.802,0.92993,0.9302,1.30,1.55
2014.12.03 02:07:57.564,0.92994,0.9302,1.30,1.27
2014.12.03 02:07:58.365,0.92993,0.9302,1.30,1.27
2014.12.03 02:07:58.865,0.92993,0.9302,1.50,1.00
2014.12.03 02:07:59.068,0.92993,0.9302,1.50,1.00
2014.12.03 02:07:59.603,0.92993,0.9302,1.12,1.37
2014.12.03 02:08:01.417,0.92994,0.93021,1.05,1.50
2014.12.03 02:08:01.771,0.92996,0.9302,1.30,1.00
2014.12.03 02:08:02.175,0.92997,0.93023,1.30,1.55
2014.12.03 02:08:02.226,0.93002,0.93023,1.30,1.17
2014.12.03 02:08:02.478,0.93002,0.93026,1.35,1.50
2014.12.03 02:08:02.529,0.93005,0.93026,1.30,1.50
2014.12.03 02:08:02.630,0.93005,0.9303,1.30,1.20
2014.12.03 02:08:02.681,0.93005,0.9303,1.30,1.12
2014.12.03 02:08:02.832,0.93005,0.93025,1.30,1.00
2014.12.03 02:08:03.095,0.93,0.93025,1.05,1.00
2014.12.03 02:08:03.722,0.92998,0.93025,1.05,1.10
2014.12.03 02:08:06.691,0.92995,0.93024,1.52,1.30
2014.12.03 02:08:06.742,0.92995,0.93024,1.45,1.37
2014.12.03 02:08:06.793,0.92993,0.93024,1.42,1.45
2014.12.03 02:08:07.590,0.92993,0.93024,1.42,1.82
2014.12.03 02:08:08.113,0.92993,0.9302,1.42,1.00
2014.12.03 02:08:10.313,0.92993,0.9302,1.42,1.00
2014.12.03 02:08:10.515,0.92995,0.93021,1.67,1.10
2014.12.03 02:08:10.874,0.92994,0.93025,1.90,1.87
2014.12.03 02:08:10.925,0.92994,0.93023,1.15,1.47
2014.12.03 02:08:11.228,0.9299,0.93023,1.27,2.32
2014.12.03 02:08:11.279,0.92989,0.93022,1.52,1.52
2014.12.03 02:08:12.002,0.92989,0.9302,1.52,1.17
2014.12.03 02:08:12.104,0.92994,0.9302,1.75,1.10
2014.12.03 02:08:12.257,0.92991,0.9302,1.55,1.10
2014.12.03 02:08:12.308,0.92993,0.9302,1.12,1.10
2014.12.03 02:08:12.833,0.9299,0.9302,2.25,1.20
2014.12.03 02:08:14.918,0.9299,0.93023,1.52,1.52
2014.12.03 02:08:20.220,0.92993,0.9302,1.30,1.47
2014.12.03 02:08:20.271,0.9299,0.93018,1.00,1.52
2014.12.03 02:08:20.423,0.92987,0.93018,1.45,1.52
2014.12.03 02:08:20.862,0.92988,0.93018,1.50,1.15
2014.12.03 02:08:20.964,0.92991,0.93019,1.82,1.00
2014.12.03 02:08:21.266,0.93,0.93023,1.30,1.27
2014.12.03 02:08:21.432,0.92999,0.93025,1.30,1.17
2014.12.03 02:08:23.607,0.92998,0.93025,1.30,1.17
2014.12.03 02:08:24.087,0.92997,0.93025,1.30,1.15
2014.12.03 02:08:24.238,0.92995,0.93025,1.30,2.25
2014.12.03 02:08:24.390,0.92995,0.9302,1.30,1.15
2014.12.03 02:08:24.491,0.92993,0.9302,1.30,1.27
2014.12.03 02:08:24.693,0.92993,0.9302,1.30,3.45
2014.12.03 02:08:24.794,0.92991,0.93019,1.00,1.82
2014.12.03 02:08:24.845,0.92988,0.93015,1.35,1.17
2014.12.03 02:08:24.896,0.92986,0.93015,2.10,1.15
2014.12.03 02:08:25.149,0.92981,0.93015,1.55,1.52
2014.12.03 02:08:25.351,0.92983,0.93016,1.50,2.70
2014.12.03 02:08:25.553,0.92985,0.93016,1.37,2.70
2014.12.03 02:08:25.654,0.92984,0.93018,2.25,1.52
2014.12.03 02:08:26.569,0.92984,0.93017,2.17,2.70
2014.12.03 02:08:27.205,0.92984,0.93016,1.37,2.70
2014.12.03 02:08:29.751,0.92983,0.93015,1.47,1.52
2014.12.03 02:08:30.096,0.92981,0.93013,1.50,2.32
2014.12.03 02:08:35.966,0.92981,0.93013,1.37,2.32
2014.12.03 02:08:40.703,0.92981,0.9301,1.00,3.07
2014.12.03 02:08:40.754,0.92978,0.93009,1.12,2.32
2014.12.03 02:08:40.905,0.92978,0.93008,1.37,1.27
2014.12.03 02:08:41.409,0.92978,0.93009,1.37,2.32
2014.12.03 02:08:45.354,0.9298,0.93011,1.37,3.45
2014.12.03 02:08:45.404,0.9298,0.93011,1.82,3.00
2014.12.03 02:08:45.455,0.92983,0.93011,1.80,1.10
2014.12.03 02:08:45.707,0.92988,0.93015,1.37,1.15
2014.12.03 02:08:46.453,0.92989,0.93018,1.67,1.50
2014.12.03 02:08:46.967,0.92987,0.93015,2.25,1.00
2014.12.03 02:08:47.471,0.92987,0.93015,1.50,1.00
2014.12.03 02:08:48.213,0.92987,0.93015,1.50,1.00
2014.12.03 02:08:48.724,0.92989,0.93015,1.30,1.00
2014.12.03 02:08:49.230,0.92988,0.93015,1.42,1.00
2014.12.03 02:08:54.522,0.92986,0.93015,1.45,2.10
2014.12.03 02:08:54.573,0.92986,0.93015,1.37,2.17
2014.12.03 02:08:54.624,0.92983,0.93012,1.27,1.42
2014.12.03 02:08:54.674,0.92983,0.9301,1.20,1.07
2014.12.03 02:08:55.279,0.92981,0.9301,1.55,1.17
2014.12.03 02:08:56.633,0.92981,0.93006,1.27,1.00
2014.12.03 02:08:58.512,0.92981,0.93005,1.27,1.00
2014.12.03 02:08:58.731,0.9298,0.9301,1.82,1.27
2014.12.03 02:09:02.652,0.9298,0.9301,1.75,1.27
2014.12.03 02:09:07.622,0.9298,0.93005,1.67,1.00
2014.12.03 02:09:08.132,0.9298,0.93005,1.12,1.00
2014.12.03 02:09:09.488,0.9298,0.93004,1.00,1.75
2014.12.03 02:09:09.691,0.92974,0.93004,1.00,2.70
2014.12.03 02:09:09.793,0.92971,0.93004,1.47,2.70
2014.12.03 02:09:14.967,0.92971,0.93004,1.47,2.70
2014.12.03 02:09:21.093,0.92971,0.93005,1.45,4.42
2014.12.03 02:09:21.156,0.92971,0.93005,1.52,2.25
2014.12.03 02:09:23.270,0.92971,0.93,1.52,1.00
2014.12.03 02:09:28.023,0.92969,0.93003,1.55,2.25
2014.12.03 02:09:29.989,0.92969,0.93003,1.55,2.62
2014.12.03 02:09:31.814,0.92972,0.93,1.30,1.52
2014.12.03 02:09:33.611,0.92972,0.92995,1.30,1.00
2014.12.03 02:09:35.811,0.92972,0.93,1.30,1.52
2014.12.03 02:09:36.647,0.92974,0.93,1.35,1.00
2014.12.03 02:09:36.849,0.92976,0.93004,1.12,1.12
2014.12.03 02:09:37.304,0.92976,0.93004,1.37,2.92
2014.12.03 02:09:37.405,0.92969,0.93,1.87,2.55
2014.12.03 02:09:37.607,0.92967,0.92995,2.70,1.00
2014.12.03 02:09:38.263,0.92967,0.92995,1.82,1.00
2014.12.03 02:09:38.416,0.92967,0.92995,1.82,1.12
2014.12.03 02:09:41.361,0.92969,0.92998,1.30,1.50
2014.12.03 02:09:41.870,0.92967,0.92997,2.25,1.67
2014.12.03 02:09:44.015,0.92968,0.92997,1.50,1.30
2014.12.03 02:09:44.390,0.92968,0.92995,1.50,1.00
2014.12.03 02:09:45.216,0.92968,0.92995,1.50,1.00
2014.12.03 02:09:45.380,0.92968,0.92997,1.50,1.30
2014.12.03 02:09:46.522,0.92968,0.92997,1.50,1.30
2014.12.03 02:09:47.030,0.9297,0.92999,1.67,1.50
2014.12.03 02:09:47.471,0.92971,0.92999,1.67,1.45
2014.12.03 02:09:47.723,0.9297,0.93002,1.67,1.50
2014.12.03 02:09:48.987,0.92969,0.92997,1.37,1.30
2014.12.03 02:09:49.602,0.92969,0.92998,1.37,1.12
2014.12.03 02:09:50.056,0.92969,0.92999,1.50,1.45
2014.12.03 02:09:50.461,0.92971,0.93,2.05,1.15
2014.12.03 02:09:50.563,0.92973,0.93,1.82,1.00
2014.12.03 02:09:51.142,0.92974,0.93,2.25,1.00
2014.12.03 02:09:51.971,0.92974,0.93,2.25,1.00
2014.12.03 02:09:52.560,0.92975,0.93,1.42,1.00
2014.12.03 02:09:53.683,0.92977,0.93,1.75,1.00
2014.12.03 02:09:54.036,0.92982,0.93,1.30,1.00
2014.12.03 02:09:54.300,0.92981,0.93005,1.30,1.00
2014.12.03 02:09:55.543,0.92983,0.93005,1.30,1.00
2014.12.03 02:10:00.409,0.92979,0.93005,1.50,1.00
2014.12.03 02:10:00.460,0.92979,0.93005,1.37,1.07
2014.12.03 02:10:00.511,0.92976,0.93005,1.37,1.15
2014.12.03 02:10:00.562,0.92976,0.93,1.37,1.00
2014.12.03 02:10:00.924,0.92976,0.93005,1.52,1.05
2014.12.03 02:10:01.440,0.92976,0.93,1.52,1.00
2014.12.03 02:10:02.761,0.92974,0.93003,1.52,1.30
2014.12.03 02:10:03.681,0.92974,0.93002,1.52,1.30
2014.12.03 02:10:03.832,0.92974,0.93002,1.47,1.05
2014.12.03 02:10:10.763,0.92977,0.93004,1.00,1.50
2014.12.03 02:10:11.231,0.92977,0.93,1.00,1.00
2014.12.03 02:10:12.904,0.92977,0.93003,1.12,1.12
2014.12.03 02:10:15.190,0.92977,0.93,1.12,1.00
2014.12.03 02:10:16.070,0.92977,0.93002,1.12,1.05
2014.12.03 02:10:17.001,0.92977,0.93004,1.37,1.45
2014.12.03 02:10:19.712,0.92977,0.93004,1.00,1.82
2014.12.03 02:10:19.813,0.92977,0.93,1.00,1.00
2014.12.03 02:10:19.864,0.92975,0.93,1.00,1.00
2014.12.03 02:10:19.965,0.92975,0.93,1.00,1.07
2014.12.03 02:10:20.015,0.92973,0.93,1.12,1.15
2014.12.03 02:10:20.944,0.92971,0.93001,1.37,1.52
2014.12.03 02:10:24.826,0.92971,0.93001,1.37,1.27
2014.12.03 02:10:25.012,0.92971,0.93001,1.52,1.27
2014.12.03 02:10:31.880,0.92971,0.93,1.52,1.10
2014.12.03 02:10:33.448,0.92969,0.93001,1.52,1.27
2014.12.03 02:10:39.939,0.92968,0.92995,1.52,1.00
2014.12.03 02:10:41.170,0.92968,0.93,1.65,1.10
2014.12.03 02:10:44.969,0.92969,0.93,1.52,1.00
2014.12.03 02:10:53.175,0.9297,0.93,3.82,1.00
2014.12.03 02:10:53.379,0.92974,0.93008,3.07,1.47
2014.12.03 02:10:53.581,0.92975,0.93,1.52,1.00
2014.12.03 02:10:54.138,0.92976,0.93005,1.52,1.00
2014.12.03 02:10:55.141,0.92975,0.9301,2.25,2.02
2014.12.03 02:10:56.222,0.92977,0.93005,1.52,1.00
2014.12.03 02:10:56.525,0.92979,0.9301,1.52,1.37
2014.12.03 02:10:56.832,0.92978,0.93005,2.70,1.00
2014.12.03 02:10:57.871,0.92978,0.9301,2.70,1.37
2014.12.03 02:10:58.439,0.92978,0.9301,2.70,1.37
2014.12.03 02:10:59.421,0.92976,0.9301,1.52,1.52
2014.12.03 02:11:01.434,0.92976,0.93006,1.52,1.00
2014.12.03 02:11:02.002,0.92976,0.9301,1.52,1.52
2014.12.03 02:11:03.630,0.92974,0.93005,3.37,1.00
2014.12.03 02:11:04.800,0.92978,0.93,1.50,1.00
2014.12.03 02:11:12.499,0.92978,0.93001,1.50,1.00
2014.12.03 02:11:13.382,0.92978,0.93,1.50,1.00
2014.12.03 02:11:20.420,0.92976,0.93006,1.82,1.00
2014.12.03 02:11:20.860,0.92976,0.93,1.82,1.00
2014.12.03 02:11:23.106,0.92977,0.93005,1.82,1.00
2014.12.03 02:11:24.750,0.9298,0.93005,1.45,1.00
2014.12.03 02:11:25.937,0.92981,0.93005,1.45,1.00
2014.12.03 02:11:26.290,0.9298,0.93005,1.05,1.00
2014.12.03 02:11:27.306,0.92974,0.93005,1.52,1.10
2014.12.03 02:11:27.509,0.92973,0.93,1.52,1.00
2014.12.03 02:11:27.610,0.92973,0.93005,1.52,1.47
2014.12.03 02:11:29.380,0.92972,0.93005,2.70,1.47
2014.12.03 02:11:31.679,0.92972,0.92995,2.70,1.00
2014.12.03 02:11:36.726,0.92973,0.93,1.82,1.00
2014.12.03 02:11:37.210,0.92972,0.93,1.82,1.00
2014.12.03 02:11:37.363,0.92971,0.92995,1.82,1.00
2014.12.03 02:11:40.614,0.92971,0.92995,1.50,1.00
2014.12.03 02:11:40.715,0.9297,0.92998,1.52,1.30
2014.12.03 02:11:45.000,0.9297,0.92997,1.52,1.30
2014.12.03 02:11:46.639,0.92971,0.92995,1.55,1.00
2014.12.03 02:11:46.740,0.9297,0.92997,1.52,1.30
2014.12.03 02:11:47.609,0.9297,0.92996,1.52,1.30
2014.12.03 02:11:49.589,0.9297,0.92994,1.52,1.30
2014.12.03 02:11:50.688,0.9297,0.92997,1.52,1.30
2014.12.03 02:11:50.740,0.9297,0.92997,1.52,1.30
2014.12.03 02:11:51.244,0.92971,0.92997,1.52,1.30
2014.12.03 02:11:51.902,0.92971,0.92995,1.52,1.30
2014.12.03 02:11:51.953,0.9297,0.92995,1.12,1.30
2014.12.03 02:11:53.651,0.92966,0.92991,1.52,1.00
2014.12.03 02:11:54.850,0.92966,0.9299,1.52,1.00
2014.12.03 02:11:58.974,0.92966,0.9299,1.90,1.00
2014.12.03 02:11:59.075,0.92967,0.92995,3.07,1.00
2014.12.03 02:11:59.176,0.92967,0.92995,3.82,1.00
2014.12.03 02:11:59.479,0.92969,0.9299,1.90,1.00
2014.12.03 02:12:00.259,0.92969,0.9299,1.65,1.00
2014.12.03 02:12:10.661,0.92969,0.92995,1.65,1.00
2014.12.03 02:12:10.763,0.9297,0.92995,3.07,1.00
2014.12.03 02:12:10.865,0.92971,0.93,1.65,1.00
2014.12.03 02:12:11.119,0.92973,0.93,1.65,1.00
2014.12.03 02:12:11.424,0.92973,0.92995,1.65,1.00
2014.12.03 02:12:16.092,0.92973,0.92995,1.90,1.00
2014.12.03 02:12:16.143,0.92973,0.93005,1.90,1.87
2014.12.03 02:12:16.345,0.92977,0.93,1.37,1.00
2014.12.03 02:12:17.647,0.92977,0.93,1.50,1.00
2014.12.03 02:12:18.339,0.9298,0.93,1.00,1.00
2014.12.03 02:12:19.089,0.9298,0.93005,1.00,1.72
2014.12.03 02:12:19.670,0.92979,0.93005,1.20,1.72
2014.12.03 02:12:19.858,0.92979,0.93,1.20,1.00
2014.12.03 02:12:20.345,0.92979,0.92996,1.20,1.00
2014.12.03 02:12:20.748,0.92976,0.93001,1.82,1.00
2014.12.03 02:12:20.850,0.92978,0.93001,1.50,1.00
2014.12.03 02:12:21.517,0.92979,0.93,1.47,1.00
2014.12.03 02:12:22.227,0.92979,0.93,1.47,1.00
2014.12.03 02:12:22.328,0.92979,0.93,1.47,1.00
2014.12.03 02:12:22.530,0.9298,0.93005,2.10,1.00
2014.12.03 02:12:22.631,0.92979,0.93,1.47,1.00
2014.12.03 02:12:22.934,0.92978,0.93,1.17,1.00
2014.12.03 02:12:23.085,0.92978,0.92995,1.17,1.00
2014.12.03 02:12:23.617,0.92973,0.93,1.45,1.00
2014.12.03 02:12:24.031,0.92972,0.93,1.90,1.00
2014.12.03 02:12:24.634,0.92972,0.93001,3.82,1.00
2014.12.03 02:12:24.936,0.92975,0.93001,2.40,1.00
2014.12.03 02:12:25.449,0.92975,0.93,2.40,1.00
2014.12.03 02:12:26.549,0.92976,0.93,1.15,1.00
2014.12.03 02:12:26.650,0.92976,0.93,1.07,1.07
2014.12.03 02:12:26.751,0.92969,0.92999,1.55,1.12
2014.12.03 02:12:27.463,0.92969,0.92997,1.55,1.30
2014.12.03 02:12:28.076,0.92969,0.92998,1.55,1.05
2014.12.03 02:12:29.538,0.92969,0.92995,1.55,1.00
2014.12.03 02:12:29.695,0.92969,0.92998,1.55,1.05
2014.12.03 02:12:30.200,0.9297,0.92997,1.47,1.30
2014.12.03 02:12:30.705,0.92967,0.92998,1.52,1.05
2014.12.03 02:12:30.756,0.92967,0.92996,1.55,1.12
2014.12.03 02:12:31.463,0.92967,0.92995,1.52,1.00
2014.12.03 02:12:32.858,0.92967,0.93,3.00,3.00
2014.12.03 02:12:34.512,0.92967,0.92998,3.00,1.30
2014.12.03 02:12:35.762,0.92968,0.92998,2.70,1.30
2014.12.03 02:12:35.914,0.92971,0.93,1.50,1.30
2014.12.03 02:12:36.370,0.92971,0.92998,2.77,1.30
2014.12.03 02:12:36.680,0.92967,0.9299,1.20,1.00
2014.12.03 02:12:37.158,0.92966,0.92994,2.77,1.30
2014.12.03 02:12:37.209,0.92972,0.92994,2.25,1.30
2014.12.03 02:12:37.713,0.92972,0.92995,2.25,1.10
2014.12.03 02:12:39.198,0.92971,0.92995,3.30,1.00
2014.12.03 02:12:39.578,0.92971,0.9299,2.32,1.00
2014.12.03 02:12:40.416,0.92973,0.9299,2.25,1.00
2014.12.03 02:12:40.467,0.92973,0.92995,2.25,1.00
2014.12.03 02:12:43.178,0.92973,0.9299,2.25,1.00
2014.12.03 02:12:43.699,0.92972,0.9299,2.25,1.00
2014.12.03 02:12:43.951,0.92972,0.92995,2.25,1.72
2014.12.03 02:12:44.388,0.92972,0.9299,2.25,1.00
2014.12.03 02:12:45.029,0.92971,0.9299,2.25,1.00
2014.12.03 02:12:45.608,0.92971,0.92986,2.25,1.30
2014.12.03 02:12:45.658,0.92969,0.92986,2.25,1.30
2014.12.03 02:12:46.027,0.92969,0.92984,2.25,1.30
2014.12.03 02:12:46.179,0.92963,0.92983,1.37,1.30
2014.12.03 02:12:46.230,0.92963,0.92983,1.00,1.30
2014.12.03 02:12:46.381,0.9296,0.92985,3.52,1.00
2014.12.03 02:12:46.482,0.9296,0.92983,2.77,1.30
2014.12.03 02:12:46.533,0.9296,0.92983,2.70,1.30
2014.12.03 02:12:47.142,0.9296,0.92984,2.70,1.30
2014.12.03 02:12:48.475,0.92959,0.92982,2.77,1.30
2014.12.03 02:12:50.417,0.92957,0.92983,2.02,1.30
2014.12.03 02:12:50.940,0.92957,0.92982,1.52,1.30
2014.12.03 02:12:53.388,0.92957,0.92983,1.52,1.30
2014.12.03 02:12:56.029,0.92957,0.92982,1.45,1.30
2014.12.03 02:12:56.079,0.92956,0.92982,1.37,1.30
2014.12.03 02:12:56.864,0.92953,0.92981,2.40,1.00
2014.12.03 02:12:56.915,0.92953,0.92976,2.40,1.30
2014.12.03 02:12:57.422,0.92953,0.92976,1.47,1.30
2014.12.03 02:12:57.731,0.92951,0.92973,1.90,1.30
2014.12.03 02:12:58.948,0.92951,0.92973,1.52,1.30
2014.12.03 02:12:59.463,0.92951,0.92972,1.55,1.30
2014.12.03 02:12:59.845,0.92951,0.92972,1.55,1.30
2014.12.03 02:13:00.350,0.92951,0.92973,1.55,1.30
2014.12.03 02:13:00.941,0.92951,0.92972,1.55,1.30
2014.12.03 02:13:02.737,0.92951,0.92973,1.55,1.30
2014.12.03 02:13:03.730,0.92951,0.92974,1.55,1.30
2014.12.03 02:13:04.007,0.92952,0.92972,1.20,1.30
2014.12.03 02:13:04.347,0.9295,0.9297,1.52,1.30
2014.12.03 02:13:04.910,0.92948,0.9297,1.65,1.00
2014.12.03 02:13:04.961,0.92948,0.92972,1.65,1.30
2014.12.03 02:13:05.012,0.92947,0.92971,1.52,1.30
2014.12.03 02:13:05.473,0.92949,0.92969,1.37,1.30
2014.12.03 02:13:07.891,0.92949,0.9297,1.12,1.72
2014.12.03 02:13:08.093,0.92947,0.92967,1.00,1.30
2014.12.03 02:13:08.386,0.92944,0.92966,1.12,1.30
2014.12.03 02:13:08.739,0.92943,0.92963,1.37,1.30
2014.12.03 02:13:09.247,0.92944,0.92964,1.12,1.30
2014.12.03 02:13:11.422,0.92944,0.92965,1.12,1.00
2014.12.03 02:13:12.049,0.92944,0.92964,1.12,1.30
2014.12.03 02:13:13.587,0.92944,0.92965,1.12,1.72
2014.12.03 02:13:14.100,0.92944,0.92964,1.12,1.30
2014.12.03 02:13:17.145,0.92942,0.92965,1.37,1.72
2014.12.03 02:13:20.610,0.92942,0.92965,1.37,1.72
2014.12.03 02:13:21.129,0.92942,0.92965,1.37,1.72
2014.12.03 02:13:22.119,0.92942,0.9296,1.37,1.00
2014.12.03 02:13:22.355,0.92942,0.92964,1.37,1.30
2014.12.03 02:13:22.506,0.92939,0.92964,1.27,1.30
2014.12.03 02:13:22.608,0.92939,0.9296,1.27,1.00
2014.12.03 02:13:23.687,0.92939,0.9296,1.20,1.00
2014.12.03 02:13:24.202,0.92939,0.9296,1.12,1.00
2014.12.03 02:13:25.648,0.92939,0.92955,1.12,1.00
2014.12.03 02:13:25.901,0.92938,0.9296,1.37,1.00
2014.12.03 02:13:27.650,0.92937,0.92964,1.90,1.30
2014.12.03 02:13:28.201,0.9294,0.92965,1.52,1.00
2014.12.03 02:13:29.377,0.9294,0.92966,1.52,1.30
2014.12.03 02:13:29.884,0.92941,0.92967,1.52,1.30
2014.12.03 02:13:30.481,0.92941,0.92967,1.52,1.30
2014.12.03 02:13:30.788,0.92942,0.92965,1.55,1.00
2014.12.03 02:13:30.839,0.92942,0.92968,1.55,1.30
2014.12.03 02:13:30.991,0.92942,0.9297,1.55,1.80
2014.12.03 02:13:31.395,0.92942,0.92965,1.27,1.00
2014.12.03 02:13:33.494,0.9294,0.92965,1.37,1.00
2014.12.03 02:13:34.563,0.9294,0.92965,1.37,1.00
2014.12.03 02:13:34.917,0.92943,0.92969,1.37,1.30
2014.12.03 02:13:35.338,0.92942,0.92965,1.57,1.00
2014.12.03 02:13:35.857,0.92941,0.92965,1.52,1.00
2014.12.03 02:13:37.778,0.92941,0.92966,1.52,1.00
2014.12.03 02:13:38.286,0.92941,0.92965,1.52,1.00
2014.12.03 02:13:39.432,0.92939,0.92966,1.52,1.72
2014.12.03 02:13:40.194,0.92939,0.92965,1.52,1.00
2014.12.03 02:13:40.817,0.92939,0.9296,1.52,1.00
2014.12.03 02:13:41.626,0.92939,0.92965,1.52,1.00
2014.12.03 02:13:43.321,0.92939,0.92964,1.52,1.30
2014.12.03 02:13:43.473,0.92939,0.92963,1.37,1.30
2014.12.03 02:13:43.574,0.92939,0.9296,1.37,1.00
2014.12.03 02:13:43.932,0.92937,0.9296,1.27,1.00
2014.12.03 02:13:44.184,0.9294,0.92965,1.75,1.00
2014.12.03 02:13:46.210,0.92937,0.92965,3.82,1.00
2014.12.03 02:13:55.556,0.92937,0.9297,3.82,1.00
2014.12.03 02:13:56.436,0.92939,0.92965,1.52,1.00
2014.12.03 02:13:56.878,0.92939,0.9297,1.52,1.00
2014.12.03 02:13:56.979,0.9294,0.9297,2.70,1.00
2014.12.03 02:13:57.131,0.9294,0.92976,3.82,2.25
2014.12.03 02:13:57.282,0.92944,0.92976,2.70,1.37
2014.12.03 02:13:59.913,0.92946,0.9298,1.52,2.02
2014.12.03 02:14:01.058,0.92946,0.92975,1.52,1.00
2014.12.03 02:14:02.187,0.92947,0.92975,1.20,1.10
2014.12.03 02:14:02.238,0.92947,0.92975,1.12,1.20
2014.12.03 02:14:04.217,0.92946,0.92974,1.37,1.30
2014.12.03 02:14:04.890,0.92946,0.92973,1.37,1.30
2014.12.03 02:14:06.376,0.92946,0.92972,1.37,1.30
2014.12.03 02:14:08.647,0.92946,0.9297,1.37,1.00
2014.12.03 02:14:08.949,0.92945,0.92972,1.57,1.30
2014.12.03 02:14:09.000,0.92945,0.92972,1.55,1.30
2014.12.03 02:14:09.676,0.92945,0.92972,1.52,1.30
2014.12.03 02:14:09.726,0.92945,0.92971,1.55,1.30
2014.12.03 02:14:09.928,0.92941,0.92969,1.65,1.30
2014.12.03 02:14:10.777,0.92941,0.9297,1.52,1.00
2014.12.03 02:14:11.775,0.92941,0.92971,1.52,1.30
2014.12.03 02:14:12.769,0.92941,0.92973,1.65,1.05
2014.12.03 02:14:16.456,0.92945,0.92976,1.55,1.82
2014.12.03 02:14:17.637,0.92944,0.92971,1.52,1.30
2014.12.03 02:14:17.947,0.92944,0.92965,1.52,1.00
2014.12.03 02:14:19.316,0.92944,0.92969,1.52,1.30
2014.12.03 02:14:20.584,0.92944,0.92968,1.52,1.30
2014.12.03 02:14:21.115,0.92944,0.92969,1.52,1.30
2014.12.03 02:14:22.099,0.92944,0.92969,1.52,1.30
2014.12.03 02:14:22.610,0.92948,0.9297,1.55,1.00
2014.12.03 02:14:22.660,0.92948,0.92975,1.55,1.72
2014.12.03 02:14:25.930,0.92947,0.9297,1.52,1.00
2014.12.03 02:14:29.250,0.92948,0.9297,1.55,1.00
2014.12.03 02:14:34.731,0.92948,0.9297,1.55,1.00
2014.12.03 02:14:35.198,0.92945,0.92972,1.52,1.30
2014.12.03 02:14:35.426,0.92945,0.9297,1.52,1.00
2014.12.03 02:14:35.597,0.92945,0.92972,1.52,1.30
2014.12.03 02:14:35.935,0.92944,0.9297,1.52,1.00
2014.12.03 02:14:41.095,0.92944,0.92965,1.52,1.00
2014.12.03 02:14:41.425,0.92944,0.9297,1.52,1.00
2014.12.03 02:14:41.947,0.92944,0.92971,1.52,1.00
2014.12.03 02:14:42.451,0.92944,0.9297,1.52,1.00
2014.12.03 02:14:42.974,0.92944,0.9297,1.52,1.00
2014.12.03 02:14:46.857,0.92943,0.92969,1.52,1.30
2014.12.03 02:14:48.106,0.92943,0.9297,1.52,1.72
2014.12.03 02:14:48.308,0.92944,0.92973,2.40,1.30
2014.12.03 02:14:48.359,0.92944,0.92973,2.40,1.30
2014.12.03 02:14:48.661,0.92948,0.92974,1.47,1.30
2014.12.03 02:14:49.275,0.92948,0.92974,1.47,1.30
2014.12.03 02:14:49.376,0.92947,0.9297,1.55,1.00
2014.12.03 02:14:50.076,0.92945,0.9297,1.52,1.00
2014.12.03 02:14:52.796,0.92945,0.92973,1.52,1.30
2014.12.03 02:14:55.021,0.92945,0.92974,1.52,1.30
2014.12.03 02:14:56.000,0.92945,0.92973,1.52,1.30
2014.12.03 02:15:02.959,0.92945,0.92973,2.02,1.30
2014.12.03 02:15:04.927,0.92943,0.92972,3.82,1.30
2014.12.03 02:15:05.610,0.92944,0.92974,1.90,1.30
2014.12.03 02:15:05.812,0.92947,0.92976,1.65,1.30
2014.12.03 02:15:07.560,0.92948,0.92977,1.52,1.30
2014.12.03 02:15:10.386,0.92948,0.92975,1.52,1.00
2014.12.03 02:15:15.709,0.92948,0.92975,1.52,1.00
2014.12.03 02:15:20.310,0.92948,0.92977,1.52,1.30
2014.12.03 02:15:24.462,0.92948,0.92977,1.10,1.50
2014.12.03 02:15:24.866,0.92946,0.92972,1.27,1.30
2014.12.03 02:15:28.120,0.92942,0.92973,3.82,1.30
2014.12.03 02:15:28.425,0.92946,0.92973,1.52,1.30
2014.12.03 02:15:28.577,0.92946,0.92973,1.17,1.35
2014.12.03 02:15:28.678,0.92942,0.92971,1.52,1.30
2014.12.03 02:15:29.263,0.92942,0.9297,1.52,1.72
2014.12.03 02:15:30.100,0.92941,0.92969,4.20,1.30
2014.12.03 02:15:32.103,0.92941,0.92968,3.45,1.30
2014.12.03 02:15:32.305,0.9294,0.92968,1.52,1.30
2014.12.03 02:15:34.367,0.92938,0.92968,1.90,1.30
2014.12.03 02:15:34.518,0.9294,0.9297,1.65,1.00
2014.12.03 02:15:34.570,0.92942,0.9297,2.70,1.00
2014.12.03 02:15:34.620,0.92942,0.92975,2.70,1.95
2014.12.03 02:15:34.721,0.92942,0.9297,2.70,1.00
2014.12.03 02:15:34.974,0.9294,0.92967,1.52,1.30
2014.12.03 02:15:35.500,0.92939,0.92966,1.52,1.30
2014.12.03 02:15:35.965,0.92939,0.92969,1.52,1.30
2014.12.03 02:15:38.016,0.92939,0.9297,1.52,1.30
2014.12.03 02:15:43.351,0.9294,0.9297,2.62,1.00
2014.12.03 02:15:46.600,0.9294,0.92972,3.37,1.12
2014.12.03 02:15:47.170,0.92943,0.92975,1.50,1.50
2014.12.03 02:15:47.221,0.92943,0.92975,1.82,1.42
2014.12.03 02:15:47.524,0.92943,0.92972,1.52,1.30
2014.12.03 02:15:49.566,0.92943,0.92973,1.52,1.30
2014.12.03 02:15:54.207,0.92944,0.92971,1.52,1.30
2014.12.03 02:15:56.966,0.92944,0.92974,1.52,1.30
2014.12.03 02:15:58.345,0.92944,0.9297,1.52,1.00
2014.12.03 02:16:02.201,0.92944,0.9297,1.90,1.00
2014.12.03 02:16:02.454,0.92947,0.92976,1.50,1.17
2014.12.03 02:16:03.201,0.92949,0.92975,2.25,1.00
2014.12.03 02:16:19.471,0.9295,0.9298,2.25,1.17
2014.12.03 02:16:37.712,0.9295,0.92981,1.50,1.82
2014.12.03 02:16:38.273,0.92948,0.9298,2.25,1.50
2014.12.03 02:16:38.577,0.92946,0.92975,1.12,1.82
2014.12.03 02:16:39.129,0.92943,0.92974,1.52,1.82
2014.12.03 02:16:43.912,0.92943,0.92974,1.52,1.45
2014.12.03 02:16:44.114,0.92944,0.92974,1.55,1.82
2014.12.03 02:16:58.970,0.92944,0.92973,1.37,1.50
2014.12.03 02:17:01.250,0.92944,0.92975,1.37,2.25
2014.12.03 02:17:09.932,0.92944,0.92975,1.37,2.25
2014.12.03 02:17:10.445,0.92942,0.92973,1.55,1.82
2014.12.03 02:17:12.155,0.92942,0.92971,1.07,1.50
2014.12.03 02:17:12.458,0.92939,0.92968,1.12,3.67
2014.12.03 02:17:12.644,0.92936,0.92968,1.37,3.67
2014.12.03 02:17:12.884,0.92936,0.92967,1.52,1.05
2014.12.03 02:17:13.264,0.9294,0.92968,1.37,1.12
2014.12.03 02:17:13.415,0.92941,0.92974,1.52,1.82
2014.12.03 02:17:14.041,0.92941,0.92974,1.52,1.82
2014.12.03 02:17:14.574,0.92943,0.92976,1.47,1.82
2014.12.03 02:17:16.579,0.92943,0.92976,1.47,2.25
2014.12.03 02:17:16.781,0.92942,0.92975,1.27,1.82
2014.12.03 02:17:16.882,0.92942,0.92974,1.00,4.05
2014.12.03 02:17:17.519,0.92937,0.92969,1.52,1.50
2014.12.03 02:17:20.090,0.9294,0.9297,1.55,1.15
2014.12.03 02:17:20.191,0.9294,0.9297,1.52,1.00
2014.12.03 02:17:20.929,0.9294,0.92974,1.52,2.25
2014.12.03 02:17:22.739,0.9294,0.9297,1.52,1.00
2014.12.03 02:17:23.595,0.92942,0.92974,1.52,1.82
2014.12.03 02:17:29.181,0.92941,0.92974,1.27,1.87
2014.12.03 02:17:29.334,0.9294,0.92973,1.10,1.82
2014.12.03 02:17:29.385,0.9294,0.9297,1.10,1.82
2014.12.03 02:17:32.699,0.92936,0.92968,1.65,1.05
2014.12.03 02:17:33.417,0.92937,0.92969,1.52,1.50
2014.12.03 02:17:33.518,0.92937,0.92969,1.52,1.50
2014.12.03 02:17:34.910,0.92937,0.92969,1.65,1.12
2014.12.03 02:17:35.315,0.92941,0.9297,1.37,1.15
2014.12.03 02:17:37.318,0.92941,0.9297,1.52,1.00
2014.12.03 02:17:38.681,0.92943,0.92975,1.52,1.52
2014.12.03 02:17:38.892,0.92943,0.92975,1.45,3.45
2014.12.03 02:17:39.394,0.92942,0.92974,1.37,2.70
2014.12.03 02:17:57.184,0.92943,0.92973,1.37,1.45
2014.12.03 02:17:58.946,0.92943,0.92973,1.37,1.45
2014.12.03 02:18:03.564,0.92943,0.92973,1.37,1.50
2014.12.03 02:18:04.766,0.92943,0.92972,1.37,1.50
2014.12.03 02:18:06.767,0.92942,0.9297,1.20,1.20
2014.12.03 02:18:06.818,0.92942,0.9297,1.20,1.27
2014.12.03 02:18:07.347,0.9294,0.92969,1.37,1.50
2014.12.03 02:18:07.651,0.92941,0.9297,1.37,1.15
2014.12.03 02:18:07.953,0.92942,0.92973,1.37,1.50
2014.12.03 02:18:09.459,0.92943,0.92973,1.55,1.50
2014.12.03 02:18:09.509,0.92944,0.92975,1.80,1.15
2014.12.03 02:18:09.661,0.92945,0.92978,1.52,1.82
2014.12.03 02:18:09.920,0.92946,0.92978,2.17,1.82
2014.12.03 02:18:09.971,0.92946,0.92975,1.12,1.82
2014.12.03 02:18:13.416,0.92944,0.92974,1.47,1.50
2014.12.03 02:18:18.815,0.92944,0.92971,1.37,1.15
2014.12.03 02:18:28.923,0.92942,0.92971,1.37,1.15
2014.12.03 02:18:29.449,0.92944,0.92972,1.12,3.67
2014.12.03 02:18:29.953,0.9294,0.92965,1.37,1.10
2014.12.03 02:18:30.513,0.9294,0.92965,1.50,1.10
2014.12.03 02:18:32.545,0.9294,0.92965,1.37,1.10
2014.12.03 02:18:41.956,0.92938,0.92966,1.47,1.17
2014.12.03 02:18:43.173,0.92941,0.92965,1.67,1.10
2014.12.03 02:18:44.548,0.92941,0.92965,1.67,1.17
2014.12.03 02:18:44.600,0.92941,0.92965,1.30,1.17
2014.12.03 02:18:44.701,0.9294,0.9296,1.00,1.00
2014.12.03 02:18:44.803,0.92938,0.9296,1.12,1.00
2014.12.03 02:18:44.904,0.92938,0.92965,1.12,1.15
2014.12.03 02:18:45.982,0.92938,0.9296,1.12,1.00
2014.12.03 02:18:46.312,0.92938,0.92966,1.12,1.87
2014.12.03 02:18:46.422,0.92938,0.9296,1.12,1.00
2014.12.03 02:18:47.687,0.92938,0.9296,1.37,1.00
2014.12.03 02:18:47.990,0.9294,0.92965,1.37,1.07
2014.12.03 02:18:48.040,0.9294,0.92965,1.37,1.10
2014.12.03 02:18:49.091,0.9294,0.9296,1.37,1.00
2014.12.03 02:18:49.242,0.9294,0.9296,1.00,1.00
2014.12.03 02:18:49.546,0.92938,0.92965,1.37,1.15
2014.12.03 02:18:50.050,0.92938,0.92965,1.37,1.15
2014.12.03 02:18:51.754,0.92938,0.92965,1.00,1.15
2014.12.03 02:18:51.957,0.92937,0.9296,1.12,1.00
2014.12.03 02:18:52.276,0.92932,0.92955,1.37,1.00
2014.12.03 02:18:52.377,0.92931,0.9296,1.37,1.15
2014.12.03 02:18:52.478,0.92931,0.92955,1.37,1.00
2014.12.03 02:18:52.783,0.92931,0.92955,1.50,1.00
2014.12.03 02:18:53.252,0.92932,0.9296,1.37,1.15
2014.12.03 02:18:53.768,0.92932,0.9296,1.37,1.15
2014.12.03 02:18:56.592,0.92932,0.9296,1.37,1.15
2014.12.03 02:18:56.693,0.9293,0.92955,2.17,1.00
2014.12.03 02:18:57.092,0.9293,0.9295,1.47,1.00
2014.12.03 02:18:57.321,0.92931,0.92955,1.67,1.00
2014.12.03 02:18:57.862,0.9293,0.92955,1.47,1.17
2014.12.03 02:18:58.388,0.9293,0.92955,1.47,1.17
2014.12.03 02:19:01.177,0.9293,0.92955,1.47,1.17
2014.12.03 02:19:06.373,0.9293,0.9295,1.47,1.00
2014.12.03 02:19:08.353,0.9293,0.92955,1.47,1.17
2014.12.03 02:19:14.441,0.9293,0.92955,1.47,1.17
2014.12.03 02:19:14.644,0.92932,0.92955,1.17,1.00
2014.12.03 02:19:20.454,0.92932,0.92956,1.27,1.10
2014.12.03 02:19:21.679,0.92932,0.92955,1.27,1.00
2014.12.03 02:19:22.431,0.92932,0.9296,1.27,1.15
2014.12.03 02:19:24.170,0.92932,0.92957,1.47,2.32
2014.12.03 02:19:26.158,0.92932,0.92958,1.37,2.32
2014.12.03 02:19:26.216,0.92932,0.9296,1.37,3.07
2014.12.03 02:19:27.822,0.92935,0.9296,1.00,2.32
2014.12.03 02:19:28.125,0.92937,0.92965,1.67,2.32
2014.12.03 02:19:28.327,0.92939,0.92968,1.42,3.07
2014.12.03 02:19:31.230,0.9294,0.92968,1.37,2.32
2014.12.03 02:19:32.482,0.9294,0.92965,1.37,1.15
2014.12.03 02:19:32.785,0.9294,0.92965,1.12,2.32
2014.12.03 02:19:33.216,0.92938,0.92965,1.37,2.32
2014.12.03 02:19:33.763,0.9294,0.92968,1.67,2.32
2014.12.03 02:19:35.351,0.92938,0.92968,2.62,2.32
2014.12.03 02:19:36.554,0.92938,0.92968,2.25,2.32
2014.12.03 02:19:38.189,0.92938,0.92968,2.62,2.32
2014.12.03 02:19:40.071,0.92938,0.92968,2.25,2.32
2014.12.03 02:19:40.172,0.92938,0.92965,1.45,2.32
2014.12.03 02:19:40.223,0.92935,0.92964,1.47,2.32
2014.12.03 02:19:40.425,0.92935,0.92964,1.47,2.32
2014.12.03 02:19:41.680,0.92936,0.92962,1.37,1.45
2014.12.03 02:19:42.683,0.92936,0.92962,1.00,1.45
2014.12.03 02:19:45.692,0.92936,0.92959,1.00,1.45
2014.12.03 02:19:45.944,0.92934,0.92959,1.00,1.45
2014.12.03 02:19:46.648,0.92933,0.92959,1.00,1.45
2014.12.03 02:19:47.619,0.92933,0.9296,1.37,1.45
2014.12.03 02:19:48.181,0.92931,0.9296,1.55,1.15
2014.12.03 02:19:49.025,0.92931,0.9296,1.27,1.27
2014.12.03 02:19:49.312,0.92931,0.92958,1.12,3.30
2014.12.03 02:19:51.645,0.92928,0.92954,1.10,1.45
2014.12.03 02:19:51.746,0.92923,0.92953,1.47,2.32
2014.12.03 02:19:51.847,0.92923,0.92953,1.20,2.32
2014.12.03 02:19:52.629,0.92921,0.92953,1.52,3.30
2014.12.03 02:19:52.858,0.92921,0.92953,1.52,3.67
2014.12.03 02:19:53.458,0.92921,0.92953,1.65,2.32
2014.12.03 02:19:53.559,0.92921,0.9295,1.12,2.70
2014.12.03 02:19:53.811,0.92919,0.92945,1.47,1.17
2014.12.03 02:19:53.862,0.92915,0.92945,1.52,1.15
2014.12.03 02:19:55.156,0.92914,0.92947,1.90,2.32
2014.12.03 02:19:55.432,0.92915,0.9295,3.82,3.07
2014.12.03 02:19:56.895,0.92918,0.9295,1.52,3.07
2014.12.03 02:19:57.016,0.92918,0.92948,1.47,2.32
2014.12.03 02:19:57.531,0.92913,0.92947,1.65,1.15
2014.12.03 02:20:01.284,0.92913,0.92947,1.90,1.15
2014.12.03 02:20:01.436,0.92913,0.92947,2.62,1.15
2014.12.03 02:20:01.537,0.92916,0.92949,1.90,1.15
2014.12.03 02:20:01.739,0.92918,0.92952,3.07,2.70
2014.12.03 02:20:02.598,0.92921,0.92953,1.52,2.32
2014.12.03 02:20:03.742,0.92921,0.92953,1.15,2.70
2014.12.03 02:20:03.995,0.92912,0.92945,1.52,2.25
2014.12.03 02:20:04.672,0.92912,0.9294,1.52,1.00
2014.12.03 02:20:05.210,0.92912,0.92945,1.52,1.27
2014.12.03 02:20:07.941,0.92912,0.92945,1.90,1.15
2014.12.03 02:20:08.042,0.92915,0.92945,2.70,1.17
2014.12.03 02:20:08.093,0.92915,0.92945,2.70,1.10
2014.12.03 02:20:08.840,0.92918,0.92945,2.70,1.00
2014.12.03 02:20:08.992,0.92918,0.9295,2.70,1.15
2014.12.03 02:20:09.560,0.92921,0.9295,2.70,1.17
2014.12.03 02:20:10.120,0.92921,0.9295,2.70,1.10
2014.12.03 02:20:11.035,0.9292,0.9295,2.70,1.07
2014.12.03 02:20:11.086,0.92916,0.9295,3.82,1.15
2014.12.03 02:20:11.618,0.92916,0.92945,3.07,1.00
2014.12.03 02:20:13.141,0.92916,0.92947,3.07,1.12
2014.12.03 02:20:15.561,0.92916,0.92945,3.82,1.00
2014.12.03 02:20:17.656,0.92917,0.92945,1.52,1.80
2014.12.03 02:20:17.707,0.92917,0.92945,1.55,1.87
2014.12.03 02:20:19.483,0.92916,0.92945,1.52,1.87
2014.12.03 02:20:20.116,0.92915,0.92944,2.70,1.05
2014.12.03 02:20:23.401,0.92917,0.92945,2.70,1.10
2014.12.03 02:20:23.704,0.9292,0.92945,2.70,1.00
2014.12.03 02:20:23.856,0.92922,0.9295,1.82,1.10
2014.12.03 02:20:24.172,0.92922,0.92945,1.82,1.00
2014.12.03 02:20:24.331,0.92918,0.92945,1.87,1.00
2014.12.03 02:20:24.910,0.92917,0.9294,4.42,1.00
2014.12.03 02:20:25.811,0.92916,0.9294,4.80,1.00
2014.12.03 02:20:25.862,0.92915,0.9294,1.65,1.00
2014.12.03 02:20:25.913,0.92915,0.92945,1.65,1.17
2014.12.03 02:20:27.581,0.92914,0.92943,2.70,1.30
2014.12.03 02:20:28.111,0.92914,0.92944,2.70,1.05
2014.12.03 02:20:29.745,0.92916,0.92949,3.67,1.15
2014.12.03 02:20:30.331,0.92917,0.92945,2.70,1.00
2014.12.03 02:20:35.373,0.92919,0.92945,2.70,1.00
2014.12.03 02:20:35.524,0.9292,0.9295,3.67,1.57
2014.12.03 02:20:35.827,0.9292,0.92946,3.45,1.00
2014.12.03 02:20:36.251,0.9292,0.9295,3.67,1.10
2014.12.03 02:20:36.962,0.92922,0.9295,2.70,1.10
2014.12.03 02:20:37.514,0.92923,0.9295,2.70,1.00
2014.12.03 02:20:38.389,0.92925,0.9295,2.20,1.00
2014.12.03 02:20:39.227,0.92929,0.9295,2.25,1.00
2014.12.03 02:20:40.319,0.92931,0.9295,1.15,1.00
2014.12.03 02:20:40.369,0.92931,0.92955,1.07,1.07
2014.12.03 02:20:40.470,0.92929,0.9295,1.47,1.00
2014.12.03 02:20:40.571,0.92928,0.92951,1.12,1.17
2014.12.03 02:20:40.834,0.92924,0.92951,1.47,1.15
2014.12.03 02:20:42.055,0.92924,0.92955,1.52,1.45
2014.12.03 02:20:47.253,0.92921,0.9295,3.45,1.00
2014.12.03 02:20:47.898,0.92921,0.92951,3.45,1.05
2014.12.03 02:20:48.585,0.92922,0.92954,1.52,2.70
2014.12.03 02:20:48.787,0.92921,0.92952,1.27,2.70
2014.12.03 02:20:49.304,0.92918,0.92947,1.55,1.45
2014.12.03 02:20:49.405,0.92918,0.92947,1.52,1.30
2014.12.03 02:20:49.506,0.92918,0.92945,1.52,1.30
2014.12.03 02:20:51.165,0.9292,0.92945,1.65,1.30
2014.12.03 02:20:51.266,0.9292,0.92948,1.65,1.30
2014.12.03 02:20:51.469,0.92922,0.9295,1.65,1.87
2014.12.03 02:20:51.570,0.92922,0.92949,1.52,1.12
2014.12.03 02:20:52.092,0.92922,0.92949,1.52,1.12
2014.12.03 02:20:57.118,0.92922,0.9295,1.65,1.87
2014.12.03 02:20:57.861,0.92922,0.92951,1.52,1.45
2014.12.03 02:20:58.799,0.92921,0.9295,1.65,1.15
2014.12.03 02:20:59.098,0.92922,0.9295,2.70,1.00
2014.12.03 02:21:00.993,0.92921,0.9295,1.52,1.27
2014.12.03 02:21:03.384,0.9292,0.9295,1.52,1.27
2014.12.03 02:21:03.435,0.9292,0.9295,1.27,1.52
2014.12.03 02:21:04.008,0.92918,0.92945,1.27,1.00
2014.12.03 02:21:04.490,0.92916,0.92945,1.52,1.15
2014.12.03 02:21:07.008,0.92915,0.92945,2.70,1.47
2014.12.03 02:21:07.109,0.92914,0.92945,1.52,1.52
2014.12.03 02:21:08.007,0.92915,0.92945,3.45,1.20
2014.12.03 02:21:09.251,0.92916,0.92945,1.15,2.55
2014.12.03 02:21:09.352,0.92911,0.92941,1.85,2.32
2014.12.03 02:21:09.403,0.92911,0.9294,1.52,1.10
2014.12.03 02:21:09.453,0.92911,0.92933,1.15,1.30
2014.12.03 02:21:09.504,0.92911,0.92933,1.00,1.30
2014.12.03 02:21:09.556,0.92904,0.9293,3.07,1.30
2014.12.03 02:21:09.859,0.929,0.9293,2.40,3.22
2014.12.03 02:21:09.910,0.929,0.92929,5.32,1.05
2014.12.03 02:21:10.111,0.92902,0.92933,3.07,1.12
2014.12.03 02:21:17.918,0.92905,0.92935,2.70,1.07
2014.12.03 02:21:18.019,0.92907,0.92935,1.52,1.00
2014.12.03 02:21:18.423,0.9291,0.9294,1.87,1.07
2014.12.03 02:21:18.524,0.92915,0.9294,1.12,1.10
2014.12.03 02:21:18.625,0.9291,0.9294,3.07,1.17
2014.12.03 02:21:18.726,0.9291,0.92938,1.15,1.12
2014.12.03 02:21:18.927,0.92911,0.92941,1.15,1.87
2014.12.03 02:21:19.028,0.92913,0.92941,1.45,1.17
2014.12.03 02:21:24.647,0.92914,0.92944,1.07,2.70
2014.12.03 02:21:24.698,0.92914,0.9294,1.00,1.27
2014.12.03 02:21:25.101,0.9291,0.92935,1.15,1.00
2014.12.03 02:21:25.772,0.92907,0.92938,2.32,1.50
2014.12.03 02:21:35.067,0.9291,0.92933,1.07,1.67
2014.12.03 02:21:35.118,0.9291,0.92933,1.00,1.75
2014.12.03 02:21:35.168,0.92905,0.92933,1.15,1.75
2014.12.03 02:21:35.398,0.929,0.92922,1.10,1.30
2014.12.03 02:21:35.499,0.92897,0.92925,1.52,1.37
2014.12.03 02:21:35.600,0.92898,0.92925,1.45,1.45
2014.12.03 02:21:35.751,0.92898,0.92927,1.52,1.45
2014.12.03 02:21:54.534,0.92898,0.92928,2.70,1.05
2014.12.03 02:21:54.694,0.92898,0.92928,2.70,1.12
2014.12.03 02:21:54.744,0.92897,0.92928,2.25,1.45
2014.12.03 02:22:00.679,0.92897,0.92924,1.52,1.30
2014.12.03 02:22:03.320,0.92897,0.92925,1.52,1.05
2014.12.03 02:22:17.408,0.92897,0.9293,1.90,1.45
2014.12.03 02:22:17.509,0.92898,0.9293,5.25,1.12
2014.12.03 02:22:22.239,0.92898,0.92929,5.25,1.30
2014.12.03 02:22:31.402,0.92904,0.92933,1.20,2.25
2014.12.03 02:22:31.704,0.92903,0.92931,2.70,1.30
2014.12.03 02:22:31.805,0.92902,0.92931,1.52,1.45
2014.12.03 02:22:32.911,0.92899,0.92929,1.52,1.45
2014.12.03 02:22:33.536,0.92899,0.92924,1.15,1.30
2014.12.03 02:22:34.288,0.92901,0.92929,1.17,1.12
2014.12.03 02:22:34.338,0.92901,0.92929,1.15,1.12
2014.12.03 02:22:36.005,0.92903,0.92928,1.27,1.30
2014.12.03 02:22:37.463,0.92903,0.92929,1.27,1.12
2014.12.03 02:22:39.243,0.92903,0.92929,1.57,1.12
2014.12.03 02:22:39.395,0.92903,0.92933,1.87,1.45
2014.12.03 02:22:39.446,0.92903,0.92935,1.87,2.25
2014.12.03 02:22:39.953,0.92908,0.92935,1.12,1.87
2014.12.03 02:22:40.055,0.92908,0.9293,1.12,1.00
2014.12.03 02:22:40.317,0.92906,0.92934,1.52,1.45
2014.12.03 02:22:40.619,0.92905,0.9293,1.27,1.00
2014.12.03 02:22:42.259,0.92902,0.9293,1.52,1.17
2014.12.03 02:22:51.243,0.92905,0.9293,1.00,1.87
2014.12.03 02:22:51.344,0.92903,0.92929,1.10,1.45
2014.12.03 02:23:03.925,0.92899,0.92925,1.52,1.00
2014.12.03 02:23:04.094,0.92899,0.92925,1.55,1.07
2014.12.03 02:23:04.145,0.92899,0.92925,1.47,1.15
2014.12.03 02:23:06.140,0.92898,0.92925,1.55,1.15
2014.12.03 02:23:06.954,0.92897,0.92925,1.52,1.15
2014.12.03 02:23:07.257,0.929,0.92925,1.52,1.00
2014.12.03 02:23:07.408,0.929,0.92925,1.55,1.07
2014.12.03 02:23:07.790,0.92895,0.92919,1.27,1.05
2014.12.03 02:23:07.840,0.92895,0.92919,1.20,1.05
2014.12.03 02:23:07.891,0.92893,0.92916,1.20,1.10
2014.12.03 02:23:07.992,0.9289,0.92916,1.55,1.10
2014.12.03 02:23:12.158,0.9289,0.92915,1.55,1.30
2014.12.03 02:23:13.008,0.92891,0.92916,1.20,1.05
2014.12.03 02:23:17.080,0.92891,0.92916,1.45,1.05
2014.12.03 02:23:17.131,0.92892,0.9292,2.17,1.07
2014.12.03 02:23:17.182,0.92892,0.9292,3.00,1.00
2014.12.03 02:23:17.434,0.92897,0.9292,1.00,1.07
2014.12.03 02:23:17.585,0.92892,0.9292,1.52,1.15
2014.12.03 02:23:18.305,0.92892,0.9292,1.52,1.87
2014.12.03 02:23:26.050,0.92893,0.92919,1.47,1.12
2014.12.03 02:23:26.254,0.9289,0.92912,1.00,1.05
2014.12.03 02:23:26.305,0.92888,0.92912,1.10,1.05
2014.12.03 02:23:26.355,0.92888,0.92908,1.10,1.30
2014.12.03 02:23:26.457,0.92884,0.92908,1.17,1.30
2014.12.03 02:23:26.759,0.9288,0.92908,1.55,1.45
2014.12.03 02:23:27.646,0.9288,0.92909,1.55,1.45
2014.12.03 02:23:28.183,0.9288,0.92907,1.52,1.05
2014.12.03 02:23:29.230,0.9288,0.92909,1.27,1.45
2014.12.03 02:23:29.281,0.9288,0.92909,1.27,1.45
2014.12.03 02:23:34.539,0.9288,0.9291,1.55,1.15
2014.12.03 02:23:35.116,0.9288,0.92909,1.52,1.45
2014.12.03 02:23:44.908,0.9288,0.92905,1.15,1.00
2014.12.03 02:23:45.110,0.92877,0.92905,1.15,1.27
2014.12.03 02:23:45.261,0.92876,0.92905,1.07,4.42
2014.12.03 02:23:45.312,0.92874,0.92904,1.55,1.45
2014.12.03 02:23:45.363,0.92875,0.92904,2.62,1.12
2014.12.03 02:23:45.413,0.92876,0.92905,1.45,1.17
2014.12.03 02:23:45.464,0.92876,0.92905,1.45,1.17
2014.12.03 02:23:45.514,0.92873,0.92905,2.25,2.25
2014.12.03 02:23:49.117,0.92873,0.929,1.15,1.30
2014.12.03 02:23:50.374,0.92873,0.929,1.15,1.37
2014.12.03 02:23:50.677,0.9287,0.92897,2.70,1.30
2014.12.03 02:23:51.030,0.92869,0.92898,1.27,1.45
2014.12.03 02:24:07.158,0.92868,0.92895,1.52,1.30
2014.12.03 02:24:09.908,0.92868,0.92896,1.52,1.05
2014.12.03 02:24:11.918,0.92868,0.92897,1.52,1.37
2014.12.03 02:24:12.535,0.92868,0.92897,3.45,1.30
2014.12.03 02:24:22.738,0.92868,0.92897,1.27,1.45
2014.12.03 02:24:23.040,0.92867,0.92894,1.55,1.37
2014.12.03 02:24:32.021,0.92868,0.92893,1.07,1.30
2014.12.03 02:24:33.776,0.92868,0.92892,1.15,1.30
2014.12.03 02:24:36.035,0.92868,0.92892,1.15,1.30
2014.12.03 02:24:36.086,0.92868,0.92892,1.17,1.30
2014.12.03 02:24:39.298,0.92868,0.92892,1.77,1.30
2014.12.03 02:24:39.399,0.92875,0.92899,1.00,1.45
2014.12.03 02:24:39.651,0.92873,0.92898,1.17,1.05
2014.12.03 02:24:39.803,0.92873,0.92895,1.00,1.30
2014.12.03 02:24:40.365,0.92869,0.92896,1.52,1.05
2014.12.03 02:24:40.909,0.92869,0.92895,1.52,1.30
2014.12.03 02:24:41.822,0.92869,0.92896,1.27,1.05
2014.12.03 02:24:44.256,0.92868,0.92893,1.27,1.30
2014.12.03 02:24:46.188,0.92869,0.92896,2.70,1.30
2014.12.03 02:24:46.239,0.92869,0.929,3.45,1.12
2014.12.03 02:24:46.462,0.92873,0.92902,2.70,1.12
2014.12.03 02:24:46.513,0.92873,0.92902,2.70,1.05
2014.12.03 02:24:46.564,0.92875,0.92905,2.70,1.12
2014.12.03 02:24:46.614,0.92875,0.92905,3.45,1.05
2014.12.03 02:24:46.665,0.92878,0.92906,2.70,1.05
2014.12.03 02:24:46.817,0.92879,0.92908,1.52,1.05
2014.12.03 02:24:47.341,0.92879,0.92907,1.52,1.30
2014.12.03 02:24:48.746,0.92881,0.92909,1.52,1.12
2014.12.03 02:24:49.897,0.92881,0.92909,1.52,1.30
2014.12.03 02:24:50.318,0.92882,0.92911,1.52,1.30
2014.12.03 02:24:50.975,0.92883,0.92915,1.52,1.50
2014.12.03 02:24:56.993,0.92884,0.92912,3.45,1.05
2014.12.03 02:24:58.808,0.92884,0.92913,3.45,1.30
2014.12.03 02:24:59.505,0.92884,0.92912,3.45,1.30
2014.12.03 02:25:00.055,0.92884,0.92913,3.45,1.30
2014.12.03 02:25:01.540,0.92885,0.92912,1.52,1.30
2014.12.03 02:25:01.901,0.92885,0.92912,1.27,1.37
2014.12.03 02:25:01.952,0.92885,0.92912,1.27,1.45
2014.12.03 02:25:03.269,0.92883,0.92909,1.52,1.30
2014.12.03 02:25:03.968,0.92882,0.92908,1.52,1.30
2014.12.03 02:25:06.707,0.92882,0.92907,1.52,1.30
2014.12.03 02:25:07.242,0.92882,0.92908,1.52,1.30
2014.12.03 02:25:12.007,0.9288,0.92908,3.45,1.37
2014.12.03 02:25:12.058,0.9288,0.92908,1.52,1.12
2014.12.03 02:25:15.512,0.9288,0.92905,1.15,1.30
2014.12.03 02:25:16.016,0.9288,0.92904,1.00,1.37
2014.12.03 02:25:16.522,0.92879,0.92904,1.20,1.37
2014.12.03 02:25:21.637,0.92879,0.92901,1.10,1.30
2014.12.03 02:25:23.417,0.92879,0.92902,1.10,1.30
2014.12.03 02:25:23.720,0.92879,0.92902,1.00,1.45
2014.12.03 02:25:28.615,0.92879,0.92901,1.10,1.05
2014.12.03 02:25:30.126,0.92879,0.92903,1.10,1.05
2014.12.03 02:25:55.027,0.92875,0.92896,1.52,2.10
2014.12.03 02:25:55.331,0.92855,0.92879,8.02,1.30
2014.12.03 02:25:55.684,0.92855,0.92879,1.52,1.30
2014.12.03 02:25:56.231,0.92852,0.9288,1.52,1.05
2014.12.03 02:25:57.071,0.92852,0.9288,3.45,1.05
2014.12.03 02:25:57.228,0.92855,0.92882,1.52,1.30
2014.12.03 02:26:04.088,0.92855,0.92882,1.57,1.75
2014.12.03 02:26:04.239,0.9285,0.92876,1.55,1.37
2014.12.03 02:26:04.341,0.9285,0.92869,1.17,1.30
2014.12.03 02:26:04.442,0.92845,0.92869,2.02,1.05
2014.12.03 02:26:05.486,0.92843,0.92871,1.65,1.45
2014.12.03 02:26:06.134,0.92845,0.92871,1.52,1.30
2014.12.03 02:26:09.746,0.92846,0.92872,1.52,1.05
2014.12.03 02:26:09.797,0.92846,0.92872,1.52,1.05
2014.12.03 02:26:09.948,0.92848,0.92877,1.52,1.45
2014.12.03 02:26:10.049,0.92848,0.92877,2.70,1.30
2014.12.03 02:26:10.719,0.92848,0.92879,2.70,1.37
2014.12.03 02:26:12.214,0.9285,0.92879,3.07,1.37
2014.12.03 02:26:12.265,0.92851,0.92883,3.07,1.87
2014.12.03 02:26:12.417,0.92854,0.92883,2.70,1.80
2014.12.03 02:26:12.468,0.92854,0.92883,5.62,1.30
2014.12.03 02:26:12.619,0.92854,0.92878,4.50,1.30
2014.12.03 02:26:12.916,0.92854,0.92881,4.50,1.30
2014.12.03 02:26:13.626,0.92854,0.92883,4.87,1.30
2014.12.03 02:26:16.809,0.92854,0.92883,2.70,1.37
2014.12.03 02:26:16.860,0.92851,0.92883,3.45,1.45
2014.12.03 02:26:18.834,0.92854,0.92883,2.70,1.05
2014.12.03 02:26:19.168,0.92856,0.92884,2.70,1.30
2014.12.03 02:26:19.736,0.92856,0.92883,2.70,1.30
2014.12.03 02:26:20.554,0.92856,0.92881,2.70,1.30
2014.12.03 02:26:21.651,0.92856,0.9288,2.70,1.30
2014.12.03 02:26:21.752,0.92856,0.92882,2.70,1.30
2014.12.03 02:26:24.602,0.92856,0.92882,3.07,1.30
2014.12.03 02:26:24.653,0.92859,0.92882,2.70,1.30
2014.12.03 02:26:24.704,0.92859,0.92886,3.45,1.30
2014.12.03 02:26:24.805,0.92859,0.92883,2.70,1.30
2014.12.03 02:26:24.856,0.92857,0.92883,1.52,1.30
2014.12.03 02:26:26.467,0.92855,0.92881,3.45,1.30
2014.12.03 02:26:26.781,0.92855,0.92878,2.70,1.30
2014.12.03 02:26:26.882,0.92853,0.92878,1.52,1.30
2014.12.03 02:26:27.820,0.92854,0.92878,2.32,1.30
2014.12.03 02:26:28.022,0.92855,0.9288,2.70,1.30
2014.12.03 02:26:28.187,0.92852,0.92881,3.07,1.05
2014.12.03 02:26:28.237,0.92856,0.92886,2.70,1.07
2014.12.03 02:26:28.288,0.92857,0.92886,2.70,1.10
2014.12.03 02:26:30.331,0.92857,0.92885,2.70,1.05
2014.12.03 02:26:30.583,0.92853,0.92875,3.07,1.60
2014.12.03 02:26:30.684,0.9285,0.92875,1.10,2.85
2014.12.03 02:26:30.886,0.9285,0.92874,1.12,1.15
2014.12.03 02:26:30.987,0.9285,0.92874,1.15,1.00
2014.12.03 02:26:31.052,0.9285,0.92876,1.15,1.30
2014.12.03 02:26:31.103,0.9285,0.92873,1.50,1.12
2014.12.03 02:26:31.205,0.92849,0.92876,1.65,1.12
2014.12.03 02:26:31.256,0.92849,0.92876,1.65,1.30
2014.12.03 02:26:31.627,0.9285,0.92875,1.07,1.37
2014.12.03 02:26:31.678,0.9285,0.92875,1.00,3.30
2014.12.03 02:26:31.729,0.92849,0.92863,1.50,1.30
2014.12.03 02:26:31.930,0.92845,0.92861,1.00,1.30
2014.12.03 02:26:31.981,0.92845,0.92867,1.00,1.30
2014.12.03 02:26:32.183,0.92845,0.9287,1.00,1.45
2014.12.03 02:26:32.234,0.92845,0.9287,1.07,1.37
2014.12.03 02:26:32.537,0.92848,0.92875,1.15,1.30
2014.12.03 02:26:32.839,0.92849,0.92877,1.15,1.30
2014.12.03 02:26:33.246,0.9285,0.92877,2.70,1.30
2014.12.03 02:26:33.297,0.92851,0.92879,2.70,1.30
2014.12.03 02:26:33.499,0.92853,0.92881,1.52,1.30
2014.12.03 02:26:34.006,0.92853,0.92882,1.52,1.30
2014.12.03 02:26:36.035,0.92853,0.92881,1.45,2.25
2014.12.03 02:26:36.086,0.92853,0.9288,1.00,2.32
2014.12.03 02:26:36.239,0.9285,0.92867,1.57,1.30
2014.12.03 02:26:36.390,0.9285,0.92869,1.00,1.30
2014.12.03 02:26:36.491,0.9285,0.92873,1.17,1.30
2014.12.03 02:26:37.264,0.9285,0.92874,1.17,1.05
2014.12.03 02:26:37.788,0.9285,0.92874,1.27,1.30
2014.12.03 02:26:38.091,0.92851,0.92875,3.30,1.30
2014.12.03 02:26:38.141,0.92853,0.92878,2.70,1.30
2014.12.03 02:26:38.242,0.92855,0.9288,1.52,1.30
2014.12.03 02:26:38.544,0.92854,0.9288,2.62,1.37
2014.12.03 02:26:38.595,0.92853,0.9288,1.00,1.45
2014.12.03 02:26:38.696,0.9285,0.92871,1.65,1.30
2014.12.03 02:26:38.797,0.92849,0.92869,1.10,1.30
2014.12.03 02:26:38.898,0.9285,0.92872,1.00,1.30
2014.12.03 02:26:38.949,0.9285,0.92872,1.07,1.30
2014.12.03 02:26:39.000,0.9285,0.92874,1.27,1.30
2014.12.03 02:26:39.101,0.9285,0.92876,1.52,1.30
2014.12.03 02:26:39.152,0.9285,0.92876,1.52,1.30
2014.12.03 02:26:39.678,0.9285,0.92877,3.45,1.30
2014.12.03 02:26:39.895,0.92849,0.92874,1.65,1.30
2014.12.03 02:26:39.996,0.92849,0.92869,1.17,1.30
2014.12.03 02:26:40.097,0.92849,0.92869,1.00,1.30
2014.12.03 02:26:40.148,0.9285,0.92869,1.07,1.30
2014.12.03 02:26:40.199,0.9285,0.92874,1.27,1.30
2014.12.03 02:26:40.249,0.9285,0.92874,1.27,1.30
2014.12.03 02:26:40.666,0.9285,0.92876,1.27,1.30
2014.12.03 02:26:42.176,0.9285,0.92875,1.27,1.30
2014.12.03 02:26:42.378,0.9285,0.92874,1.17,1.05
2014.12.03 02:26:42.898,0.92847,0.92876,3.07,1.37
2014.12.03 02:26:43.201,0.92848,0.92878,1.90,1.12
2014.12.03 02:26:43.252,0.92847,0.92878,3.07,1.12
2014.12.03 02:26:44.325,0.92847,0.92876,2.70,1.00
2014.12.03 02:26:44.426,0.92846,0.92875,4.05,1.05
2014.12.03 02:26:44.477,0.92846,0.92874,1.80,1.52
2014.12.03 02:26:44.628,0.9284,0.92874,4.80,1.15
2014.12.03 02:26:44.780,0.92845,0.9288,1.90,1.27
2014.12.03 02:26:44.931,0.92848,0.92878,2.70,1.12
2014.12.03 02:26:44.982,0.92848,0.92878,2.70,1.05
2014.12.03 02:26:45.184,0.9285,0.92876,1.52,1.30
2014.12.03 02:26:45.695,0.9285,0.92877,1.52,1.30
2014.12.03 02:26:47.676,0.9285,0.92876,1.52,1.30
2014.12.03 02:26:48.220,0.9285,0.92877,1.52,1.30
2014.12.03 02:26:50.470,0.9285,0.92878,1.65,1.05
2014.12.03 02:26:50.772,0.9285,0.92877,1.52,1.12
2014.12.03 02:26:50.823,0.9285,0.92877,1.45,3.30
2014.12.03 02:26:52.458,0.9285,0.92876,1.37,1.45
2014.12.03 02:26:55.685,0.92845,0.92876,2.25,1.45
2014.12.03 02:26:56.007,0.92845,0.92876,3.00,1.45
2014.12.03 02:26:56.513,0.92854,0.92883,1.75,3.30
2014.12.03 02:26:56.614,0.92855,0.92888,1.52,4.87
2014.12.03 02:26:56.715,0.92855,0.9289,1.65,1.52
2014.12.03 02:26:56.894,0.92855,0.92892,1.90,4.87
2014.12.03 02:26:58.185,0.92857,0.92887,1.90,1.45
2014.12.03 02:26:58.604,0.92857,0.92884,1.90,1.30
2014.12.03 02:27:02.614,0.92856,0.92884,1.90,1.30
2014.12.03 02:27:05.166,0.92855,0.92883,1.90,1.30
2014.12.03 02:27:06.485,0.92855,0.92884,1.90,1.30
2014.12.03 02:27:06.636,0.92855,0.92886,1.90,1.12
2014.12.03 02:27:10.017,0.92857,0.92886,1.90,1.12
2014.12.03 02:27:10.594,0.92856,0.92886,1.90,1.12
2014.12.03 02:27:12.125,0.92858,0.92889,3.07,1.37
2014.12.03 02:27:12.176,0.92859,0.92889,3.07,1.05
2014.12.03 02:27:12.777,0.9286,0.92889,1.90,1.05
2014.12.03 02:27:14.216,0.92859,0.92889,3.07,1.05
2014.12.03 02:27:17.045,0.92859,0.92888,3.07,1.30
2014.12.03 02:27:17.449,0.9286,0.92888,1.52,1.37
2014.12.03 02:27:17.761,0.92855,0.92884,1.90,1.05
2014.12.03 02:27:18.285,0.92855,0.92884,1.90,1.05
2014.12.03 02:27:19.773,0.92855,0.92885,1.90,1.12
2014.12.03 02:27:23.434,0.92855,0.92886,2.40,1.45
2014.12.03 02:27:30.845,0.92854,0.92885,1.90,1.12
2014.12.03 02:27:35.721,0.92857,0.92887,3.07,1.12
2014.12.03 02:27:45.280,0.92857,0.92885,2.70,1.30
2014.12.03 02:27:45.812,0.92857,0.92886,2.70,1.05
2014.12.03 02:27:51.125,0.92858,0.92885,1.07,1.27
2014.12.03 02:27:51.226,0.92856,0.92877,1.17,1.30
2014.12.03 02:27:51.378,0.92855,0.92877,1.00,1.30
2014.12.03 02:27:51.479,0.92855,0.92883,1.52,1.12
2014.12.03 02:27:53.764,0.9286,0.92883,1.00,1.12
2014.12.03 02:27:54.016,0.9286,0.92884,1.20,1.37
2014.12.03 02:27:54.563,0.92859,0.92884,2.02,1.30
2014.12.03 02:27:55.319,0.9286,0.92884,1.65,1.30
2014.12.03 02:27:55.420,0.9286,0.92888,1.65,1.30
2014.12.03 02:27:56.003,0.92863,0.9289,1.52,1.37
2014.12.03 02:27:56.053,0.92863,0.92891,1.52,1.30
2014.12.03 02:27:56.735,0.92863,0.92888,1.52,1.30
2014.12.03 02:27:56.836,0.92862,0.92888,1.52,1.30
2014.12.03 02:28:00.104,0.9286,0.9289,4.20,1.12
2014.12.03 02:28:00.256,0.92863,0.92894,2.70,1.12
2014.12.03 02:28:10.143,0.92864,0.92896,2.20,1.45
2014.12.03 02:28:10.269,0.92867,0.92898,2.70,1.45
2014.12.03 02:28:16.180,0.92867,0.92893,2.70,1.30
2014.12.03 02:28:16.281,0.92864,0.92895,2.25,1.45
2014.12.03 02:28:26.086,0.92863,0.92893,2.70,1.42
2014.12.03 02:28:26.187,0.92861,0.92892,2.02,1.50
2014.12.03 02:28:32.453,0.92862,0.92894,5.17,1.50
2014.12.03 02:28:32.504,0.92863,0.92894,2.70,1.50
2014.12.03 02:28:42.564,0.92867,0.92898,1.82,3.45
2014.12.03 02:28:42.665,0.92867,0.92899,1.45,2.62
2014.12.03 02:28:42.716,0.92865,0.92892,2.32,1.30
2014.12.03 02:28:42.817,0.92865,0.92894,3.45,1.30
2014.12.03 02:28:46.128,0.92864,0.9289,2.70,1.30
2014.12.03 02:28:46.179,0.92863,0.9289,1.52,1.30
2014.12.03 02:28:46.683,0.92865,0.92895,1.90,1.45
2014.12.03 02:28:47.193,0.92866,0.92898,1.87,1.45
2014.12.03 02:28:50.191,0.92866,0.92897,1.27,1.82
2014.12.03 02:28:50.242,0.92866,0.92892,1.27,1.30
2014.12.03 02:28:50.494,0.92863,0.92891,1.52,1.05
2014.12.03 02:28:50.794,0.92863,0.92895,2.62,1.45
2014.12.03 02:28:52.394,0.92865,0.92895,1.15,1.52
2014.12.03 02:28:52.445,0.92861,0.92888,1.52,1.05
2014.12.03 02:28:52.495,0.92861,0.92888,1.52,1.05
2014.12.03 02:28:58.912,0.9286,0.92888,2.40,1.05
2014.12.03 02:29:04.423,0.92862,0.92888,1.52,1.05
2014.12.03 02:29:04.952,0.92862,0.92889,1.52,1.30
2014.12.03 02:29:05.264,0.92862,0.92888,1.15,1.05
2014.12.03 02:29:05.781,0.92859,0.92886,1.52,1.30
2014.12.03 02:29:06.449,0.92861,0.92885,1.15,1.30
2014.12.03 02:29:07.614,0.92861,0.92884,1.15,1.30
2014.12.03 02:29:07.766,0.92861,0.92884,1.10,1.30
2014.12.03 02:29:09.583,0.92861,0.9288,1.10,1.00
2014.12.03 02:29:09.735,0.92856,0.92877,1.15,1.30
2014.12.03 02:29:10.242,0.92854,0.92876,1.27,1.30
2014.12.03 02:29:11.704,0.92856,0.9288,1.52,1.30
2014.12.03 02:29:11.923,0.92858,0.92882,1.00,1.30
2014.12.03 02:29:11.974,0.92861,0.92882,1.00,1.30
2014.12.03 02:29:15.633,0.9286,0.92882,1.00,1.30
2014.12.03 02:29:15.821,0.92858,0.92882,1.50,1.30
2014.12.03 02:29:20.162,0.92857,0.92882,1.27,1.30
2014.12.03 02:29:20.693,0.92857,0.92882,1.57,1.30
2014.12.03 02:29:27.628,0.92857,0.9288,1.57,1.00
2014.12.03 02:29:27.931,0.92851,0.92875,4.87,1.30
2014.12.03 02:29:29.978,0.9285,0.92875,4.20,1.30
2014.12.03 02:29:30.163,0.92852,0.92877,1.65,1.30
2014.12.03 02:29:30.642,0.92857,0.9288,1.12,1.05
2014.12.03 02:29:31.904,0.92858,0.9288,1.00,1.05
2014.12.03 02:29:32.424,0.92855,0.9288,1.55,1.05
2014.12.03 02:29:35.294,0.92855,0.9288,1.55,1.05
2014.12.03 02:29:35.445,0.92857,0.92883,1.52,1.05
2014.12.03 02:29:35.693,0.92857,0.92881,1.27,1.30
2014.12.03 02:29:36.563,0.92857,0.92882,1.27,1.30
2014.12.03 02:29:49.233,0.92856,0.9288,1.15,1.30
2014.12.03 02:29:53.413,0.92856,0.92881,1.52,1.30
2014.12.03 02:29:55.910,0.92856,0.92881,1.52,1.30
2014.12.03 02:30:00.266,0.92856,0.92881,1.10,1.12
2014.12.03 02:30:05.083,0.92855,0.9288,1.55,1.05
2014.12.03 02:30:05.185,0.92855,0.92883,1.55,1.45
2014.12.03 02:30:05.286,0.92856,0.92884,1.52,1.12
2014.12.03 02:30:08.484,0.92859,0.92885,1.27,1.30
2014.12.03 02:30:14.391,0.9286,0.92886,1.27,1.05
2014.12.03 02:30:20.123,0.9286,0.92885,1.27,1.30
2014.12.03 02:30:21.532,0.9286,0.92886,2.02,1.05
2014.12.03 02:30:21.885,0.9286,0.92887,2.02,1.05
2014.12.03 02:30:22.463,0.9286,0.92888,2.02,1.30
2014.12.03 02:30:24.943,0.9286,0.92887,2.02,1.30
2014.12.03 02:30:25.534,0.92861,0.92888,1.52,1.30
2014.12.03 02:30:25.846,0.92863,0.92886,2.70,1.30
2014.12.03 02:30:26.104,0.92862,0.92886,1.52,1.30
2014.12.03 02:30:30.373,0.92865,0.92887,1.17,1.30
2014.12.03 02:30:31.612,0.92862,0.92887,3.45,1.30
2014.12.03 02:30:32.129,0.92863,0.92887,3.45,1.30
2014.12.03 02:30:32.676,0.92863,0.92888,3.45,1.30
2014.12.03 02:30:48.702,0.92865,0.92889,2.02,1.30
2014.12.03 02:30:51.922,0.92865,0.92889,3.45,1.30
2014.12.03 02:30:59.312,0.9287,0.92891,1.17,1.30
2014.12.03 02:30:59.515,0.9287,0.92889,1.17,1.30
2014.12.03 02:31:02.023,0.92865,0.9289,3.45,1.30
2014.12.03 02:31:02.748,0.92865,0.92889,3.45,1.30
2014.12.03 02:31:03.482,0.92865,0.9289,3.45,1.30
2014.12.03 02:31:04.963,0.92867,0.9289,2.70,1.30
2014.12.03 02:31:05.013,0.92867,0.92893,2.70,1.30
2014.12.03 02:31:05.366,0.9287,0.92896,2.02,1.30
2014.12.03 02:31:08.183,0.92871,0.92895,1.52,1.30
2014.12.03 02:31:10.509,0.92872,0.92895,1.52,1.30
2014.12.03 02:31:14.245,0.92872,0.92896,1.52,1.30
2014.12.03 02:31:21.183,0.92875,0.92898,1.17,1.30
2014.12.03 02:31:23.301,0.92875,0.92899,1.17,1.30
2014.12.03 02:31:23.809,0.92873,0.92898,1.27,1.30
2014.12.03 02:31:26.002,0.92873,0.92897,1.27,1.30
2014.12.03 02:31:26.587,0.92873,0.92898,1.27,1.30
2014.12.03 02:31:35.021,0.92873,0.92898,1.10,1.37
2014.12.03 02:31:35.072,0.92873,0.9289,1.10,1.30
2014.12.03 02:31:35.224,0.92868,0.9289,1.27,1.30
2014.12.03 02:31:36.562,0.92868,0.92892,1.27,1.30
2014.12.03 02:31:37.453,0.92868,0.92893,1.55,1.30
2014.12.03 02:31:37.998,0.92871,0.92892,1.27,1.30
2014.12.03 02:31:41.432,0.92871,0.92893,1.27,1.30
2014.12.03 02:31:46.481,0.9287,0.92894,1.27,1.30
2014.12.03 02:31:46.933,0.9287,0.92894,2.02,1.05
2014.12.03 02:31:58.481,0.9287,0.92894,2.02,1.05
2014.12.03 02:31:59.400,0.92871,0.92894,1.10,1.05
2014.12.03 02:32:04.223,0.92871,0.92892,1.10,1.30
2014.12.03 02:32:05.301,0.92869,0.92891,1.15,1.30
2014.12.03 02:32:07.012,0.92868,0.92891,2.25,1.30
2014.12.03 02:32:07.832,0.92869,0.92892,1.17,1.30
2014.12.03 02:32:08.134,0.92871,0.92894,1.17,1.30
2014.12.03 02:32:08.832,0.9287,0.92892,1.15,1.30
2014.12.03 02:32:09.593,0.9287,0.92894,1.15,1.30
2014.12.03 02:32:10.284,0.92869,0.92892,1.27,1.30
2014.12.03 02:32:19.290,0.92869,0.92894,1.52,1.30
2014.12.03 02:32:20.583,0.92869,0.92893,1.15,1.30
2014.12.03 02:32:27.954,0.9287,0.92892,1.47,1.30
2014.12.03 02:32:28.747,0.9287,0.92892,1.10,1.30
2014.12.03 02:32:28.871,0.9287,0.9289,1.10,1.30
2014.12.03 02:32:29.374,0.92869,0.9289,1.00,1.30
2014.12.03 02:32:29.677,0.9286,0.9288,1.20,1.30
2014.12.03 02:32:29.728,0.9286,0.92882,1.20,1.30
2014.12.03 02:32:30.255,0.92858,0.92881,1.37,1.30
2014.12.03 02:32:30.701,0.92858,0.92878,1.37,1.30
2014.12.03 02:32:31.006,0.92857,0.92876,1.12,1.30
2014.12.03 02:32:31.324,0.92858,0.92877,1.37,1.30
2014.12.03 02:32:31.476,0.92858,0.92879,1.37,1.30
2014.12.03 02:32:32.911,0.92858,0.9288,1.37,1.30
2014.12.03 02:32:33.272,0.92858,0.92878,1.37,1.30
2014.12.03 02:32:35.155,0.92854,0.92878,1.52,1.30
2014.12.03 02:32:36.162,0.92854,0.92878,1.27,1.30
2014.12.03 02:32:37.422,0.92853,0.92876,1.27,1.30
2014.12.03 02:32:50.391,0.9285,0.92875,1.52,1.30
2014.12.03 02:32:50.989,0.9285,0.92875,1.52,1.30
2014.12.03 02:32:52.949,0.9285,0.92876,1.52,1.30
2014.12.03 02:32:53.050,0.9285,0.92878,1.52,1.30
2014.12.03 02:32:55.714,0.92852,0.92879,1.52,1.30
2014.12.03 02:33:02.624,0.92852,0.9288,1.52,1.30
2014.12.03 02:33:02.826,0.92852,0.92878,1.52,1.30
2014.12.03 02:33:03.600,0.92852,0.92877,1.52,1.30
2014.12.03 02:33:04.006,0.92852,0.92877,3.45,1.30
2014.12.03 02:33:05.276,0.92852,0.92878,3.45,1.30
2014.12.03 02:33:05.478,0.92852,0.9288,3.45,1.30
2014.12.03 02:33:05.680,0.92852,0.92878,3.45,1.30
2014.12.03 02:33:06.201,0.92852,0.92879,3.45,1.30
2014.12.03 02:33:07.115,0.92854,0.9288,1.27,1.30
2014.12.03 02:33:07.892,0.92854,0.92878,1.27,1.30
2014.12.03 02:33:07.993,0.92854,0.92878,1.20,1.30
2014.12.03 02:33:08.144,0.92854,0.92882,1.10,1.12
2014.12.03 02:33:08.295,0.92853,0.92882,1.55,1.12
2014.12.03 02:33:08.891,0.92854,0.92883,1.52,1.30
2014.12.03 02:33:13.936,0.92854,0.9288,1.52,1.30
2014.12.03 02:33:14.536,0.92854,0.9288,1.55,1.30
2014.12.03 02:33:15.099,0.92854,0.9288,1.47,1.30
2014.12.03 02:33:29.659,0.92852,0.92878,1.52,1.30
2014.12.03 02:33:30.197,0.92852,0.92878,1.52,1.30
2014.12.03 02:33:30.594,0.92852,0.92876,1.52,1.30
2014.12.03 02:33:31.463,0.92852,0.92875,1.52,1.30
2014.12.03 02:33:31.678,0.92852,0.92875,1.00,1.30
2014.12.03 02:33:31.780,0.92852,0.92871,1.00,1.30
2014.12.03 02:33:31.830,0.92847,0.92871,1.47,1.30
2014.12.03 02:33:31.881,0.92847,0.92871,1.20,1.30
2014.12.03 02:33:32.201,0.92847,0.92869,1.20,1.30
2014.12.03 02:33:32.961,0.92847,0.9287,1.20,1.30
2014.12.03 02:33:33.531,0.92847,0.92869,1.20,1.30
2014.12.03 02:33:39.252,0.92847,0.92871,1.20,1.30
2014.12.03 02:33:50.400,0.92842,0.92868,1.27,1.30
2014.12.03 02:33:50.501,0.9284,0.92867,2.02,1.30
2014.12.03 02:33:51.159,0.92837,0.92866,4.87,1.30
2014.12.03 02:33:53.409,0.92836,0.92866,1.52,1.30
2014.12.03 02:33:57.030,0.92836,0.92869,1.52,1.50
2014.12.03 02:34:10.993,0.92836,0.92866,1.52,1.30
2014.12.03 02:34:11.728,0.92836,0.92865,1.52,1.30
2014.12.03 02:34:12.365,0.92836,0.92864,1.52,1.30
2014.12.03 02:34:14.492,0.92836,0.92863,1.47,1.30
2014.12.03 02:34:18.019,0.92836,0.92863,1.52,1.30
2014.12.03 02:34:23.200,0.92835,0.92864,1.52,1.30
2014.12.03 02:34:30.231,0.92835,0.92862,1.52,1.30
2014.12.03 02:34:36.158,0.92834,0.92864,1.65,1.30
2014.12.03 02:34:40.359,0.92834,0.92863,1.65,1.30
2014.12.03 02:34:42.169,0.92834,0.92863,1.00,1.82
2014.12.03 02:34:42.219,0.92834,0.92857,1.00,1.30
2014.12.03 02:34:42.320,0.92829,0.92857,1.17,1.30
2014.12.03 02:34:42.858,0.92829,0.92859,1.17,1.12
2014.12.03 02:34:52.901,0.9283,0.92857,1.20,1.30
2014.12.03 02:34:53.409,0.92829,0.92858,1.55,1.42
2014.12.03 02:34:57.077,0.92827,0.92862,1.65,2.25
2014.12.03 02:34:59.501,0.9283,0.92856,1.47,1.30
2014.12.03 02:35:01.572,0.9283,0.92852,1.10,1.30
2014.12.03 02:35:01.835,0.92829,0.92855,1.37,1.30
2014.12.03 02:35:10.180,0.92825,0.92858,1.65,1.50
2014.12.03 02:35:10.231,0.92825,0.92858,1.65,1.50
2014.12.03 02:35:10.441,0.92824,0.92856,1.52,1.50
2014.12.03 02:35:11.151,0.92824,0.92848,2.02,1.30
2014.12.03 02:35:11.253,0.92824,0.92848,1.12,1.30
2014.12.03 02:35:11.830,0.92825,0.92848,1.00,1.30
2014.12.03 02:35:23.169,0.92818,0.92848,1.90,1.30
2014.12.03 02:35:25.366,0.92818,0.92846,1.27,1.35
2014.12.03 02:35:25.568,0.92815,0.92841,1.20,1.30
2014.12.03 02:35:26.129,0.92813,0.9284,1.52,1.30
2014.12.03 02:35:30.488,0.92813,0.92839,1.52,1.30
2014.12.03 02:35:32.473,0.92813,0.92835,1.00,1.30
2014.12.03 02:35:32.978,0.92811,0.92834,1.37,1.30
2014.12.03 02:35:33.399,0.9281,0.92836,1.00,1.12
2014.12.03 02:35:33.449,0.9281,0.92836,1.00,1.45
2014.12.03 02:35:33.500,0.92805,0.92836,1.87,1.50
2014.12.03 02:35:33.602,0.92805,0.92831,1.87,1.30
2014.12.03 02:35:34.128,0.92805,0.92834,1.87,1.45
2014.12.03 02:35:35.328,0.92805,0.92832,1.87,1.30
2014.12.03 02:35:37.018,0.92806,0.92833,1.55,1.30
2014.12.03 02:35:37.451,0.92806,0.92831,1.55,1.30
2014.12.03 02:35:38.381,0.92806,0.92833,1.55,1.30
2014.12.03 02:35:39.238,0.92806,0.92834,1.55,1.05
2014.12.03 02:35:39.641,0.92807,0.92834,1.47,1.05
2014.12.03 02:35:41.419,0.92807,0.92836,1.47,1.45
2014.12.03 02:35:41.471,0.92807,0.92836,1.37,1.45
2014.12.03 02:35:41.672,0.92806,0.92836,1.55,1.12
2014.12.03 02:35:42.364,0.92807,0.92836,1.45,1.05
2014.12.03 02:35:42.920,0.92809,0.92836,1.57,1.30
2014.12.03 02:35:43.198,0.92809,0.92838,1.57,1.50
2014.12.03 02:35:43.729,0.92807,0.92838,1.52,1.12
2014.12.03 02:35:47.745,0.92807,0.92837,1.27,1.30
2014.12.03 02:35:52.770,0.92806,0.92836,1.52,1.30
2014.12.03 02:35:53.877,0.92806,0.92837,2.25,1.30
2014.12.03 02:35:56.047,0.9281,0.92837,1.00,1.30
2014.12.03 02:35:56.200,0.9281,0.92838,1.52,1.30
2014.12.03 02:36:03.790,0.92812,0.92839,1.57,1.30
2014.12.03 02:36:05.289,0.92815,0.92839,1.00,1.30
2014.12.03 02:36:07.187,0.92815,0.9284,1.00,1.30
2014.12.03 02:36:10.941,0.92812,0.9284,1.27,2.10
2014.12.03 02:36:11.278,0.9281,0.92838,1.52,1.30
2014.12.03 02:36:15.081,0.9281,0.92822,1.15,2.10
2014.12.03 02:36:15.131,0.9281,0.92821,1.00,2.10
2014.12.03 02:36:15.232,0.92801,0.92818,1.87,1.57
2014.12.03 02:36:15.283,0.92797,0.92818,1.00,1.57
2014.12.03 02:36:15.384,0.92792,0.92818,6.52,1.57
2014.12.03 02:36:21.379,0.92795,0.92819,1.10,1.30
2014.12.03 02:36:21.530,0.92795,0.92821,1.47,1.30
2014.12.03 02:36:22.384,0.92795,0.92817,1.10,1.30
2014.12.03 02:36:22.696,0.92795,0.92808,1.00,1.00
2014.12.03 02:36:22.747,0.92795,0.92811,1.00,1.30
2014.12.03 02:36:22.798,0.92791,0.92811,1.00,1.35
2014.12.03 02:36:22.899,0.92785,0.92811,1.57,1.35
2014.12.03 02:36:23.372,0.92782,0.92813,3.82,1.05
2014.12.03 02:36:23.675,0.92786,0.92813,3.07,1.30
2014.12.03 02:36:23.726,0.92786,0.92816,3.07,1.30
2014.12.03 02:36:23.928,0.92786,0.92814,3.82,1.30
2014.12.03 02:36:24.381,0.9279,0.92819,1.52,1.05
2014.12.03 02:36:26.807,0.92787,0.92818,2.62,1.30
2014.12.03 02:36:26.908,0.9279,0.92816,1.15,1.30
2014.12.03 02:36:27.667,0.92786,0.92814,2.70,1.30
2014.12.03 02:36:27.992,0.92786,0.92817,2.70,1.90
2014.12.03 02:36:28.500,0.92786,0.92816,2.32,1.35
2014.12.03 02:36:28.651,0.92782,0.92807,1.07,1.42
2014.12.03 02:36:28.752,0.9278,0.92805,1.00,1.37
2014.12.03 02:36:29.406,0.92778,0.92806,1.37,1.45
2014.12.03 02:36:30.650,0.92778,0.92806,1.45,1.37
2014.12.03 02:36:30.751,0.92778,0.92806,1.52,1.30
2014.12.03 02:36:32.046,0.92778,0.92806,1.52,1.90
2014.12.03 02:36:32.349,0.92767,0.92788,1.07,1.67
2014.12.03 02:36:32.400,0.92767,0.92785,1.00,1.30
2014.12.03 02:36:32.451,0.92764,0.92785,6.07,1.30
2014.12.03 02:36:32.552,0.9276,0.92785,1.07,1.30
2014.12.03 02:36:32.603,0.92759,0.92785,1.10,1.30
2014.12.03 02:36:32.755,0.92759,0.92783,1.10,1.30
2014.12.03 02:36:32.817,0.9276,0.92791,1.30,2.10
2014.12.03 02:36:32.918,0.92765,0.92791,1.00,2.10
2014.12.03 02:36:32.969,0.92765,0.92792,1.00,1.45
2014.12.03 02:36:33.070,0.92765,0.92792,1.15,1.30
2014.12.03 02:36:33.490,0.92765,0.92792,1.10,1.05
2014.12.03 02:36:33.641,0.92765,0.92792,1.47,1.05
2014.12.03 02:36:34.655,0.92764,0.92792,1.55,1.05
2014.12.03 02:36:35.172,0.92764,0.92791,1.55,1.30
2014.12.03 02:36:35.794,0.92764,0.92794,2.02,1.50
2014.12.03 02:36:36.341,0.92765,0.92794,1.47,1.45
2014.12.03 02:36:36.492,0.92765,0.92792,1.20,1.05
2014.12.03 02:36:36.917,0.92765,0.92794,1.47,1.45
2014.12.03 02:36:37.177,0.92765,0.92792,1.20,1.05
2014.12.03 02:36:37.737,0.92764,0.92794,2.02,1.72
2014.12.03 02:36:38.967,0.92764,0.92793,2.02,1.50
2014.12.03 02:36:39.068,0.92764,0.92792,1.87,1.45
2014.12.03 02:36:39.626,0.92761,0.92791,1.47,1.45
2014.12.03 02:36:47.212,0.92762,0.92793,1.52,1.50
2014.12.03 02:36:48.251,0.92762,0.92793,1.52,1.12
2014.12.03 02:37:17.438,0.92765,0.92794,1.52,1.30
2014.12.03 02:37:18.049,0.92765,0.92794,1.55,1.12
2014.12.03 02:37:19.125,0.92765,0.92794,1.27,1.50
2014.12.03 02:37:19.667,0.92766,0.92796,1.47,1.82
2014.12.03 02:37:20.886,0.92765,0.92792,1.27,1.30
2014.12.03 02:37:22.977,0.92765,0.92794,1.55,1.50
2014.12.03 02:37:25.158,0.9277,0.92796,1.00,1.82
2014.12.03 02:37:25.394,0.9277,0.92796,1.00,1.05
2014.12.03 02:37:25.596,0.9277,0.92797,1.37,1.12
2014.12.03 02:37:25.899,0.9277,0.92798,1.52,1.30
2014.12.03 02:37:26.293,0.9277,0.92798,1.65,1.30
2014.12.03 02:37:26.395,0.92775,0.92805,1.50,1.55
2014.12.03 02:37:26.496,0.92778,0.92805,1.30,1.27
2014.12.03 02:37:26.698,0.92778,0.92809,1.45,1.80
2014.12.03 02:37:26.749,0.9278,0.92809,1.37,1.10
2014.12.03 02:37:27.272,0.9278,0.92813,1.87,1.72
2014.12.03 02:37:27.575,0.92781,0.92814,1.87,2.77
2014.12.03 02:37:29.490,0.92785,0.92812,1.17,1.67
2014.12.03 02:37:29.592,0.9278,0.92812,1.52,1.82
2014.12.03 02:37:30.627,0.9278,0.92812,1.52,1.82
2014.12.03 02:37:30.829,0.9278,0.92808,1.27,1.30
2014.12.03 02:37:31.432,0.9278,0.92807,1.47,1.05
2014.12.03 02:37:31.751,0.9278,0.92805,1.47,1.30
2014.12.03 02:37:32.055,0.92775,0.92802,1.52,1.30
2014.12.03 02:37:33.238,0.92775,0.92801,2.02,1.30
2014.12.03 02:37:33.289,0.92775,0.92801,1.95,1.30
2014.12.03 02:37:33.612,0.92775,0.92801,1.95,1.30
2014.12.03 02:37:35.736,0.92775,0.928,1.95,1.30
2014.12.03 02:37:35.869,0.9278,0.928,1.00,1.30
2014.12.03 02:37:36.493,0.9278,0.92801,1.00,1.30
2014.12.03 02:37:37.167,0.9278,0.928,1.00,1.30
2014.12.03 02:37:37.369,0.92775,0.92799,1.12,1.30
2014.12.03 02:37:37.941,0.92774,0.928,1.87,1.05
2014.12.03 02:37:39.048,0.92775,0.92799,1.12,1.30
2014.12.03 02:37:40.051,0.92774,0.928,1.87,1.05
2014.12.03 02:37:53.003,0.92775,0.92801,1.27,1.30
2014.12.03 02:37:53.104,0.92775,0.92801,1.27,1.30
2014.12.03 02:37:53.663,0.92774,0.92802,2.02,1.30
2014.12.03 02:37:55.007,0.92775,0.92803,1.52,1.30
2014.12.03 02:37:58.751,0.92775,0.92804,1.52,1.30
2014.12.03 02:37:59.282,0.92776,0.92804,1.52,1.30
2014.12.03 02:38:00.502,0.92776,0.92802,1.27,1.30
2014.12.03 02:38:01.028,0.92775,0.92803,2.40,1.30
2014.12.03 02:38:01.186,0.92779,0.92805,1.57,1.30
2014.12.03 02:38:01.690,0.92779,0.92805,1.27,1.30
2014.12.03 02:38:01.907,0.92779,0.92805,1.55,1.30
2014.12.03 02:38:01.958,0.92779,0.92807,1.52,1.30
2014.12.03 02:38:05.106,0.9278,0.92808,1.52,1.30
2014.12.03 02:38:05.780,0.9278,0.92807,1.52,1.30
2014.12.03 02:38:06.446,0.9278,0.92806,1.52,1.30
2014.12.03 02:38:11.045,0.9278,0.92809,1.15,1.30
2014.12.03 02:38:11.833,0.92779,0.92806,1.27,1.30
2014.12.03 02:38:12.341,0.9278,0.92807,1.27,1.30
2014.12.03 02:38:12.669,0.92781,0.92807,2.32,1.30
2014.12.03 02:38:12.720,0.92781,0.92809,2.32,1.30
2014.12.03 02:38:17.469,0.92781,0.92808,2.32,1.30
2014.12.03 02:38:17.886,0.92781,0.92807,2.32,1.67
2014.12.03 02:38:17.987,0.9278,0.92802,1.15,1.30
2014.12.03 02:38:18.038,0.9278,0.92802,1.00,1.30
2014.12.03 02:38:18.189,0.92775,0.92801,1.52,1.30
2014.12.03 02:38:18.290,0.92779,0.92802,1.00,1.30
2014.12.03 02:38:18.341,0.92779,0.92804,1.00,1.95
2014.12.03 02:38:18.442,0.92779,0.92804,1.15,1.30
2014.12.03 02:38:18.895,0.9278,0.92811,1.17,3.15
2014.12.03 02:38:18.946,0.9278,0.92811,1.15,1.57
2014.12.03 02:38:19.097,0.92778,0.92812,2.70,2.25
2014.12.03 02:38:19.148,0.92777,0.92812,1.82,2.25
2014.12.03 02:38:19.557,0.92779,0.92808,2.70,1.30
2014.12.03 02:38:21.985,0.92782,0.92812,2.70,1.67
2014.12.03 02:38:22.036,0.92782,0.92812,2.70,1.35
2014.12.03 02:38:22.137,0.92785,0.92812,2.32,1.35
2014.12.03 02:38:22.288,0.92785,0.92816,2.70,1.67
2014.12.03 02:38:22.440,0.92785,0.92816,4.20,1.30
2014.12.03 02:38:22.815,0.92785,0.92813,3.45,1.30
2014.12.03 02:38:26.707,0.92785,0.9281,3.45,1.30
2014.12.03 02:38:27.899,0.9279,0.92812,1.17,1.30
2014.12.03 02:38:28.000,0.9279,0.92814,1.17,1.30
2014.12.03 02:38:28.253,0.92785,0.92811,4.20,1.30
2014.12.03 02:38:28.454,0.9279,0.92813,1.17,1.30
2014.12.03 02:38:28.998,0.9279,0.92814,1.17,1.30
2014.12.03 02:38:29.286,0.92787,0.92814,1.55,1.30
2014.12.03 02:38:29.538,0.92785,0.92812,1.52,1.30
2014.12.03 02:38:33.168,0.92785,0.9281,1.52,1.30
2014.12.03 02:38:33.824,0.92785,0.92809,1.27,1.30
2014.12.03 02:38:34.263,0.92785,0.92809,3.45,1.30
2014.12.03 02:38:38.545,0.92785,0.9281,3.45,1.30
2014.12.03 02:38:38.596,0.92785,0.92812,3.45,1.30
2014.12.03 02:38:46.464,0.92785,0.92811,3.45,1.30
2014.12.03 02:38:47.244,0.92785,0.92812,3.45,1.30
2014.12.03 02:38:49.886,0.92785,0.92813,3.07,1.30
2014.12.03 02:38:51.304,0.92785,0.92812,3.07,1.30
2014.12.03 02:38:51.406,0.92785,0.92812,1.15,2.10
2014.12.03 02:38:51.507,0.92785,0.92809,1.10,1.35
2014.12.03 02:38:51.558,0.92785,0.92807,1.10,1.30
2014.12.03 02:38:51.876,0.92777,0.92799,1.20,1.30
2014.12.03 02:38:51.977,0.92776,0.92803,1.55,1.30
2014.12.03 02:38:52.028,0.92775,0.92803,1.52,1.90
2014.12.03 02:38:52.129,0.92772,0.92801,1.55,1.42
2014.12.03 02:38:52.180,0.92772,0.92801,1.10,1.42
2014.12.03 02:38:52.486,0.92775,0.92793,1.00,1.30
2014.12.03 02:38:52.537,0.92775,0.92796,1.00,1.30
2014.12.03 02:38:52.738,0.92775,0.92792,1.00,1.30
2014.12.03 02:38:52.889,0.9277,0.92792,1.00,1.30
2014.12.03 02:38:52.990,0.9277,0.9279,1.00,1.30
2014.12.03 02:38:53.347,0.92775,0.92789,1.00,1.30
2014.12.03 02:38:53.635,0.9277,0.92789,1.00,1.30
2014.12.03 02:38:55.530,0.9277,0.9279,1.00,1.30
2014.12.03 02:38:56.915,0.9276,0.92784,1.65,1.67
2014.12.03 02:38:57.016,0.9276,0.92784,1.50,1.67
2014.12.03 02:38:57.067,0.9276,0.9278,1.50,1.30
2014.12.03 02:38:57.369,0.9276,0.92782,1.00,1.30
2014.12.03 02:38:57.523,0.9276,0.92783,1.15,1.30
2014.12.03 02:38:57.729,0.9276,0.92783,1.10,1.30
2014.12.03 02:38:58.047,0.92756,0.92785,1.52,1.30
2014.12.03 02:38:58.618,0.92756,0.92786,1.52,1.30
2014.12.03 02:38:59.916,0.92756,0.92783,1.52,1.30
2014.12.03 02:39:00.654,0.92756,0.9278,1.52,1.30
2014.12.03 02:39:00.705,0.92756,0.9278,1.47,1.30
2014.12.03 02:39:03.996,0.92756,0.92781,1.47,1.30
2014.12.03 02:39:07.020,0.92756,0.92781,1.10,1.30
2014.12.03 02:39:07.121,0.92756,0.92781,1.00,2.20
2014.12.03 02:39:07.222,0.9275,0.92774,1.17,1.30
2014.12.03 02:39:07.274,0.9275,0.92774,1.17,1.67
2014.12.03 02:39:07.729,0.9275,0.92768,1.00,1.30
2014.12.03 02:39:08.921,0.9275,0.92766,1.00,1.30
2014.12.03 02:39:09.707,0.9275,0.92764,1.00,1.30
2014.12.03 02:39:10.027,0.9275,0.92767,1.00,1.30
2014.12.03 02:39:10.229,0.92755,0.9277,1.00,1.30
2014.12.03 02:39:10.380,0.92755,0.92772,1.00,1.30
2014.12.03 02:39:10.482,0.92755,0.92774,1.00,1.30
2014.12.03 02:39:11.008,0.92755,0.92781,1.00,1.87
2014.12.03 02:39:12.280,0.92755,0.92781,1.00,1.87
2014.12.03 02:39:12.918,0.92754,0.92777,1.00,1.67
2014.12.03 02:39:13.064,0.9275,0.92777,1.15,1.67
2014.12.03 02:39:14.836,0.92755,0.92777,1.00,1.67
2014.12.03 02:39:14.949,0.9275,0.92777,1.15,1.67
2014.12.03 02:39:18.614,0.9275,0.92777,1.15,1.30
2014.12.03 02:39:22.856,0.92755,0.92777,1.00,1.30
2014.12.03 02:39:25.604,0.9275,0.92777,1.15,1.30
2014.12.03 02:39:25.993,0.9275,0.92777,1.10,1.05
2014.12.03 02:39:26.614,0.9275,0.92775,1.10,1.30
2014.12.03 02:39:27.680,0.92745,0.92776,1.27,1.82
2014.12.03 02:39:27.730,0.92745,0.92775,1.17,1.50
2014.12.03 02:39:28.033,0.92745,0.9277,1.00,1.50
2014.12.03 02:39:29.015,0.9274,0.9277,1.52,1.50
2014.12.03 02:39:32.041,0.9274,0.9277,1.52,1.12
2014.12.03 02:39:32.192,0.9274,0.9277,1.52,1.50
2014.12.03 02:39:33.466,0.9274,0.92768,1.52,1.30
2014.12.03 02:39:33.875,0.9274,0.92767,1.00,1.50
2014.12.03 02:39:34.656,0.9274,0.92766,1.20,1.30
2014.12.03 02:39:35.011,0.9274,0.92768,1.27,1.35
2014.12.03 02:39:37.214,0.9274,0.9277,1.27,1.50
2014.12.03 02:39:37.264,0.92745,0.9277,1.00,1.50
2014.12.03 02:39:37.365,0.92745,0.92771,1.10,1.35
2014.12.03 02:39:37.416,0.92745,0.92774,1.27,1.50
2014.12.03 02:39:38.024,0.92746,0.92774,1.15,1.50
2014.12.03 02:39:40.804,0.92746,0.92772,1.15,1.67
2014.12.03 02:39:41.682,0.92745,0.92772,1.15,1.75
2014.12.03 02:39:41.732,0.92745,0.92772,1.17,1.82
2014.12.03 02:39:42.207,0.92745,0.92776,3.07,1.87
2014.12.03 02:39:43.400,0.92745,0.92777,4.42,1.50
2014.12.03 02:39:43.501,0.92747,0.92779,5.85,1.50
2014.12.03 02:39:43.914,0.9275,0.9278,1.45,1.52
2014.12.03 02:39:44.248,0.9275,0.92781,1.45,1.82
2014.12.03 02:39:44.550,0.9275,0.9278,1.15,1.82
2014.12.03 02:39:44.853,0.9275,0.92779,1.00,3.67
2014.12.03 02:39:45.209,0.92745,0.92776,1.50,4.42
2014.12.03 02:39:46.553,0.92745,0.92776,1.55,3.67
2014.12.03 02:39:46.604,0.92745,0.92776,2.02,1.50
2014.12.03 02:39:49.315,0.92746,0.92776,3.45,1.42
2014.12.03 02:39:49.416,0.92746,0.92774,1.15,1.82
2014.12.03 02:39:49.920,0.92748,0.92779,1.50,1.82
2014.12.03 02:39:50.627,0.9275,0.92779,1.00,2.70
2014.12.03 02:39:52.558,0.9275,0.92781,1.27,1.82
2014.12.03 02:39:54.365,0.9275,0.92781,1.55,1.82
2014.12.03 02:39:54.416,0.9275,0.92781,1.52,1.82
2014.12.03 02:39:54.466,0.9275,0.92782,2.25,1.12
2014.12.03 02:39:54.970,0.92755,0.92782,1.00,1.12
2014.12.03 02:39:55.600,0.92751,0.92782,1.82,2.10
2014.12.03 02:39:56.766,0.92755,0.92782,1.00,2.10
2014.12.03 02:39:57.613,0.92751,0.92782,1.82,2.10
2014.12.03 02:39:58.236,0.9275,0.92781,1.52,1.50
2014.12.03 02:39:59.054,0.9275,0.92778,1.52,1.45
2014.12.03 02:40:01.536,0.9275,0.92779,1.52,1.42
2014.12.03 02:40:01.586,0.9275,0.92779,1.52,1.42
2014.12.03 02:40:02.385,0.92749,0.92779,3.45,1.42
2014.12.03 02:40:02.486,0.9275,0.92779,1.27,1.82
2014.12.03 02:40:02.537,0.9275,0.92779,1.27,1.50
2014.12.03 02:40:03.063,0.9275,0.92779,1.52,1.50
2014.12.03 02:40:03.589,0.92753,0.92781,2.70,1.42
2014.12.03 02:40:03.640,0.92753,0.92781,2.70,1.35
2014.12.03 02:40:03.963,0.92771,0.92782,0.11,1.95
2014.12.03 02:40:07.702,0.92771,0.92782,0.11,1.30
2014.12.03 02:40:10.558,0.92771,0.92783,0.11,1.42
2014.12.03 02:40:12.065,0.92771,0.92784,0.11,1.30
2014.12.03 02:40:12.166,0.92771,0.92786,0.11,1.05
2014.12.03 02:40:12.469,0.92771,0.92789,0.11,2.70
2014.12.03 02:40:12.999,0.92771,0.92785,0.11,1.30
2014.12.03 02:40:13.628,0.92771,0.92789,0.11,1.82
2014.12.03 02:40:13.985,0.92771,0.92789,0.11,1.30
2014.12.03 02:40:14.086,0.92771,0.92795,0.11,2.02
2014.12.03 02:40:14.458,0.92771,0.92793,0.11,1.67
2014.12.03 02:40:14.986,0.92771,0.92793,0.11,1.50
2014.12.03 02:40:15.490,0.92771,0.92789,0.11,1.12
2014.12.03 02:40:15.793,0.92771,0.92787,0.11,1.50
2014.12.03 02:40:16.885,0.92771,0.92787,0.11,1.05
2014.12.03 02:40:17.484,0.92771,0.9279,0.11,1.30
2014.12.03 02:40:18.016,0.92771,0.92791,0.11,1.35
2014.12.03 02:40:18.557,0.92771,0.92793,0.11,1.82
2014.12.03 02:40:20.008,0.92771,0.92791,0.11,1.30
2014.12.03 02:40:20.775,0.92771,0.92793,0.11,1.35
2014.12.03 02:40:22.873,0.92771,0.92797,0.11,1.82
2014.12.03 02:40:23.328,0.92771,0.92797,0.19,1.50
2014.12.03 02:40:23.898,0.92771,0.92799,0.26,1.50
2014.12.03 02:40:26.441,0.92771,0.92797,0.29,1.75
2014.12.03 02:40:26.694,0.92771,0.92798,0.19,1.50
2014.12.03 02:40:26.896,0.92771,0.92803,4.46,1.82
2014.12.03 02:40:27.097,0.92773,0.92801,1.07,2.92
2014.12.03 02:40:27.198,0.92771,0.92795,0.21,1.37
2014.12.03 02:40:28.326,0.92771,0.92793,0.19,1.30
2014.12.03 02:40:28.545,0.92771,0.92801,5.84,1.10
2014.12.03 02:40:29.050,0.92771,0.928,3.54,1.00
2014.12.03 02:40:30.389,0.92772,0.92801,1.52,1.05
2014.12.03 02:40:30.926,0.92771,0.928,3.16,1.67
2014.12.03 02:40:31.380,0.92772,0.92801,1.27,1.42
2014.12.03 02:40:31.883,0.92771,0.928,3.54,1.72
2014.12.03 02:40:33.464,0.92771,0.92799,3.54,1.30
2014.12.03 02:40:35.883,0.92771,0.928,3.54,1.30
2014.12.03 02:40:36.324,0.92771,0.92798,3.54,1.30
2014.12.03 02:40:36.527,0.92771,0.92798,0.64,1.05
2014.12.03 02:40:37.031,0.92771,0.928,0.64,1.15
2014.12.03 02:40:40.441,0.92771,0.92802,4.54,1.50
2014.12.03 02:40:40.542,0.92771,0.92802,4.54,1.42
2014.12.03 02:40:42.530,0.92771,0.928,5.84,1.00
2014.12.03 02:40:42.644,0.92772,0.928,1.82,1.07
2014.12.03 02:40:42.745,0.92771,0.928,1.94,1.15
2014.12.03 02:40:47.273,0.92771,0.928,3.54,1.80
2014.12.03 02:40:47.884,0.92771,0.928,3.54,1.72
2014.12.03 02:40:50.030,0.92772,0.92805,1.82,2.25
2014.12.03 02:40:50.535,0.92772,0.92803,2.32,1.82
2014.12.03 02:40:53.480,0.92775,0.92803,2.32,1.37
2014.12.03 02:40:53.632,0.92775,0.92804,2.32,1.05
2014.12.03 02:40:55.163,0.92776,0.92806,3.45,1.37
2014.12.03 02:40:55.214,0.92777,0.92806,2.70,1.30
2014.12.03 02:40:56.283,0.92777,0.92805,2.70,1.30
2014.12.03 02:40:56.860,0.92777,0.92806,2.70,1.30
2014.12.03 02:40:57.677,0.92777,0.92806,2.32,1.37
2014.12.03 02:40:57.849,0.92776,0.92806,1.27,1.50
2014.12.03 02:40:58.001,0.92775,0.92802,2.02,1.30
2014.12.03 02:40:58.102,0.92775,0.92802,1.65,1.37
2014.12.03 02:40:59.118,0.92774,0.92799,1.27,1.30
2014.12.03 02:40:59.567,0.92775,0.92793,1.07,1.30
2014.12.03 02:40:59.618,0.92775,0.92793,1.10,1.30
2014.12.03 02:40:59.769,0.92774,0.9279,1.00,1.30
2014.12.03 02:40:59.971,0.92771,0.92788,0.21,1.30
2014.12.03 02:41:00.473,0.92771,0.92787,0.11,1.30
2014.12.03 02:41:00.887,0.92771,0.92789,0.11,1.35
2014.12.03 02:41:00.988,0.92771,0.92791,0.11,1.42
2014.12.03 02:41:01.139,0.92771,0.92793,0.21,1.30
2014.12.03 02:41:01.190,0.92771,0.92797,0.29,1.75
2014.12.03 02:41:01.291,0.92771,0.92797,0.26,1.30
2014.12.03 02:41:01.443,0.92771,0.92795,0.26,1.30
2014.12.03 02:41:01.953,0.92771,0.92797,0.26,1.30
2014.12.03 02:41:03.052,0.92771,0.92798,0.26,1.05
2014.12.03 02:41:03.578,0.92771,0.92795,0.19,1.00
2014.12.03 02:41:03.629,0.92771,0.92795,0.21,1.47
2014.12.03 02:41:03.731,0.92771,0.9279,0.11,1.30
2014.12.03 02:41:04.741,0.92771,0.92789,0.11,1.30
2014.12.03 02:41:05.512,0.92771,0.92788,0.11,1.30
2014.12.03 02:41:06.023,0.92771,0.92787,0.11,1.30
2014.12.03 02:41:06.175,0.92771,0.92793,0.29,1.30
2014.12.03 02:41:06.276,0.92771,0.92799,0.26,1.00
2014.12.03 02:41:06.378,0.92772,0.928,2.32,1.10
2014.12.03 02:41:06.680,0.92771,0.92798,0.26,1.30
2014.12.03 02:41:07.190,0.92771,0.92799,0.76,1.30
2014.12.03 02:41:08.045,0.92771,0.928,0.64,1.80
2014.12.03 02:41:10.287,0.92771,0.928,3.31,1.10
2014.12.03 02:41:10.590,0.92776,0.92805,2.70,1.00
2014.12.03 02:41:11.095,0.92776,0.92806,2.70,1.42
2014.12.03 02:41:11.436,0.92776,0.92806,2.32,1.42
2014.12.03 02:41:12.221,0.92776,0.92805,2.70,1.00
2014.12.03 02:41:13.433,0.92778,0.92806,1.15,1.05
2014.12.03 02:41:14.680,0.92777,0.92806,1.15,1.42
2014.12.03 02:41:14.993,0.92773,0.928,3.45,1.30
2014.12.03 02:41:15.195,0.92774,0.92802,1.52,1.05
2014.12.03 02:41:15.448,0.92773,0.928,3.45,1.00
2014.12.03 02:41:15.901,0.92775,0.92802,1.52,1.05
2014.12.03 02:41:20.914,0.9278,0.92805,1.00,1.45
2014.12.03 02:41:20.964,0.9278,0.92805,1.07,1.37
2014.12.03 02:41:21.015,0.9278,0.92807,1.15,1.35
2014.12.03 02:41:21.167,0.92779,0.92805,2.32,1.00
2014.12.03 02:41:21.268,0.9278,0.92807,1.15,1.35
2014.12.03 02:41:21.397,0.92779,0.92805,2.32,1.00
2014.12.03 02:41:23.448,0.9278,0.92808,1.65,1.30
2014.12.03 02:41:23.963,0.9278,0.92809,1.65,1.05
2014.12.03 02:41:25.164,0.9278,0.92808,1.15,1.30
2014.12.03 02:41:25.684,0.9278,0.92807,1.15,1.30
2014.12.03 02:41:26.242,0.9278,0.92808,1.52,1.30
2014.12.03 02:41:26.522,0.92779,0.92805,2.70,1.00
2014.12.03 02:41:27.846,0.9278,0.92808,1.52,1.30
2014.12.03 02:41:29.662,0.92785,0.92808,3.00,1.30
2014.12.03 02:41:29.713,0.92786,0.92814,1.82,1.00
2014.12.03 02:41:29.764,0.92789,0.92815,2.32,1.00
2014.12.03 02:41:29.867,0.92789,0.9282,3.67,2.02
2014.12.03 02:41:29.918,0.92789,0.92816,2.32,1.35
2014.12.03 02:41:30.019,0.92789,0.9282,3.07,1.87
2014.12.03 02:41:30.070,0.92788,0.9282,4.05,1.87
2014.12.03 02:41:30.120,0.92786,0.92817,2.70,1.50
2014.12.03 02:41:30.171,0.92789,0.92817,2.70,1.42
2014.12.03 02:41:33.504,0.92785,0.92817,2.25,1.50
2014.12.03 02:41:33.605,0.92784,0.92816,1.82,1.82
2014.12.03 02:41:38.082,0.92781,0.92811,2.32,1.35
2014.12.03 02:41:38.872,0.92781,0.92811,2.32,1.67
2014.12.03 02:41:39.024,0.92778,0.92809,2.70,1.35
2014.12.03 02:41:39.175,0.9278,0.92809,2.32,1.35
2014.12.03 02:41:39.377,0.9278,0.92812,5.47,1.35
2014.12.03 02:41:39.478,0.92784,0.92811,2.32,1.30
2014.12.03 02:41:39.680,0.92784,0.92814,2.32,1.67
2014.12.03 02:41:39.932,0.92787,0.92816,2.32,2.10
2014.12.03 02:41:40.184,0.92788,0.92817,3.67,1.00
2014.12.03 02:41:40.235,0.92793,0.92819,1.45,1.12
2014.12.03 02:41:40.386,0.92793,0.92823,1.82,1.37
2014.12.03 02:41:40.902,0.92793,0.92823,1.45,1.37
2014.12.03 02:41:47.218,0.92795,0.92823,1.50,1.12
2014.12.03 02:41:47.668,0.92797,0.92823,1.45,1.12
2014.12.03 02:41:48.207,0.92796,0.92823,2.32,1.12
2014.12.03 02:41:49.402,0.92796,0.92821,3.30,1.00
2014.12.03 02:41:49.556,0.92796,0.92823,3.30,1.12
2014.12.03 02:41:49.814,0.92796,0.92823,2.32,1.37
2014.12.03 02:41:49.915,0.92792,0.92822,2.32,1.72
2014.12.03 02:41:50.016,0.9279,0.9282,2.32,1.37
2014.12.03 02:41:50.117,0.9279,0.92819,2.32,1.97
2014.12.03 02:41:51.934,0.92793,0.92815,2.32,1.00
2014.12.03 02:41:52.053,0.92794,0.92817,1.45,1.00
2014.12.03 02:41:52.588,0.92796,0.9282,1.45,1.60
2014.12.03 02:41:52.913,0.92796,0.92822,2.32,2.47
2014.12.03 02:41:53.172,0.92796,0.92823,3.30,1.37
2014.12.03 02:41:54.018,0.92796,0.92823,3.30,1.37
2014.12.03 02:41:55.174,0.92796,0.9282,3.30,1.00
2014.12.03 02:41:55.350,0.92796,0.92823,3.30,1.37
2014.12.03 02:41:55.502,0.92797,0.92824,1.45,1.72
2014.12.03 02:41:57.371,0.92796,0.92823,2.70,1.00
2014.12.03 02:42:01.202,0.92795,0.92823,2.32,1.12
2014.12.03 02:42:01.253,0.92793,0.92823,1.50,1.12
2014.12.03 02:42:02.053,0.92793,0.9282,1.50,1.00
2014.12.03 02:42:02.440,0.92795,0.92823,2.32,1.12
2014.12.03 02:42:06.008,0.92794,0.92823,3.67,1.12
2014.12.03 02:42:06.059,0.92794,0.92823,1.82,1.12
2014.12.03 02:42:06.210,0.92793,0.92823,1.50,1.37
2014.12.03 02:42:06.875,0.92793,0.92823,1.45,1.37
2014.12.03 02:42:07.183,0.92789,0.9282,1.45,2.10
2014.12.03 02:42:07.452,0.92787,0.92818,1.82,1.50
2014.12.03 02:42:07.959,0.92787,0.92818,3.67,1.35
2014.12.03 02:42:08.463,0.92787,0.92817,2.70,1.30
2014.12.03 02:42:08.977,0.92787,0.92816,2.70,1.30
2014.12.03 02:42:23.313,0.92787,0.92817,2.70,1.35
2014.12.03 02:42:28.849,0.92788,0.92819,2.70,1.67
2014.12.03 02:42:29.661,0.92788,0.92815,2.70,1.00
2014.12.03 02:42:32.404,0.92786,0.92815,1.82,1.00
2014.12.03 02:42:35.060,0.92786,0.92818,1.82,1.42
2014.12.03 02:42:37.135,0.92785,0.92817,4.12,1.30
2014.12.03 02:42:38.065,0.92785,0.92816,3.37,1.30
2014.12.03 02:42:40.446,0.92785,0.92817,2.02,1.35
2014.12.03 02:42:41.004,0.92789,0.92817,2.32,1.30
2014.12.03 02:42:41.655,0.92789,0.92818,2.70,1.35
2014.12.03 02:42:41.958,0.92789,0.92816,2.70,1.00
2014.12.03 02:42:42.090,0.92789,0.92818,2.70,1.35
2014.12.03 02:42:46.411,0.92789,0.9282,2.32,2.10
2014.12.03 02:42:47.386,0.9279,0.92821,1.27,1.67
2014.12.03 02:42:47.785,0.9279,0.92818,1.52,1.30
2014.12.03 02:42:48.188,0.9279,0.9282,1.52,1.00
2014.12.03 02:42:48.289,0.92792,0.9282,2.32,1.00
2014.12.03 02:42:48.801,0.92792,0.92821,2.70,1.30
2014.12.03 02:42:49.236,0.9279,0.92821,2.02,1.50
2014.12.03 02:42:49.783,0.9279,0.92819,1.27,1.67
2014.12.03 02:42:50.300,0.9279,0.92817,1.27,1.30
2014.12.03 02:42:50.628,0.92788,0.92815,1.52,1.30
2014.12.03 02:42:53.641,0.92786,0.92814,3.45,1.30
2014.12.03 02:42:54.540,0.9279,0.92815,1.27,1.30
2014.12.03 02:42:54.842,0.92787,0.92813,1.52,1.30
2014.12.03 02:42:55.526,0.9279,0.92814,1.27,1.30
2014.12.03 02:43:00.571,0.9279,0.92817,1.27,1.30
2014.12.03 02:43:00.834,0.92791,0.92819,3.45,1.30
2014.12.03 02:43:01.237,0.92792,0.92817,1.52,1.30
2014.12.03 02:43:02.100,0.92791,0.92816,1.52,1.30
2014.12.03 02:43:02.151,0.92791,0.92815,1.52,1.30
2014.12.03 02:43:04.404,0.92791,0.92815,2.70,1.30
2014.12.03 02:43:04.455,0.92791,0.92817,2.70,1.30
2014.12.03 02:43:04.758,0.92791,0.92815,1.27,1.30
2014.12.03 02:43:05.232,0.92791,0.92818,1.52,1.30
2014.12.03 02:43:05.534,0.92793,0.92818,2.02,1.30
2014.12.03 02:43:06.065,0.92795,0.92819,1.27,1.30
2014.12.03 02:43:07.611,0.92795,0.92821,1.27,1.30
2014.12.03 02:43:07.962,0.92795,0.92819,1.00,1.67
2014.12.03 02:43:08.265,0.92788,0.92806,1.00,1.30
2014.12.03 02:43:08.366,0.92785,0.92806,1.00,1.30
2014.12.03 02:43:08.417,0.9278,0.92806,1.15,1.30
2014.12.03 02:43:08.518,0.92776,0.92797,1.15,1.30
2014.12.03 02:43:08.568,0.92775,0.92797,1.15,1.30
2014.12.03 02:43:08.619,0.92775,0.92797,1.07,1.30
2014.12.03 02:43:08.720,0.92775,0.928,1.07,1.30
2014.12.03 02:43:09.252,0.92775,0.92801,1.52,1.30
2014.12.03 02:43:09.302,0.92776,0.92807,1.82,1.72
2014.12.03 02:43:09.353,0.92778,0.92807,2.32,1.30
2014.12.03 02:43:09.921,0.9278,0.92809,1.15,1.30
2014.12.03 02:43:11.351,0.9278,0.9281,1.15,1.35
2014.12.03 02:43:11.896,0.9278,0.92809,1.15,1.30
2014.12.03 02:43:12.928,0.92781,0.92809,2.32,1.30
2014.12.03 02:43:15.091,0.92781,0.92811,2.32,1.67
2014.12.03 02:43:15.628,0.92781,0.92811,2.32,1.72
2014.12.03 02:43:15.679,0.92778,0.92805,1.15,1.00
2014.12.03 02:43:16.629,0.92777,0.92805,2.32,1.37
2014.12.03 02:43:23.771,0.92774,0.92804,2.70,1.67
2014.12.03 02:43:23.922,0.92774,0.928,2.70,1.00
2014.12.03 02:43:26.910,0.92774,0.92804,2.70,1.67
2014.12.03 02:43:35.270,0.92774,0.92802,2.32,1.67
2014.12.03 02:43:35.321,0.92772,0.92802,1.27,1.67
2014.12.03 02:43:35.372,0.92772,0.92796,1.15,1.30
2014.12.03 02:43:35.711,0.9277,0.92795,1.15,1.30
2014.12.03 02:43:36.445,0.9277,0.92794,1.15,1.30
2014.12.03 02:43:38.451,0.9277,0.92795,1.15,1.30
2014.12.03 02:43:39.105,0.92767,0.92796,3.45,1.30
2014.12.03 02:43:41.290,0.9277,0.92796,1.07,1.05
2014.12.03 02:43:41.341,0.9277,0.92792,1.00,1.67
2014.12.03 02:43:41.644,0.9276,0.92785,1.87,1.30
2014.12.03 02:43:41.695,0.9276,0.92785,1.52,1.30
2014.12.03 02:43:41.746,0.9276,0.92788,1.52,1.30
2014.12.03 02:43:42.286,0.9276,0.92789,1.52,1.35
2014.12.03 02:43:42.940,0.9276,0.92788,1.52,1.30
2014.12.03 02:43:43.738,0.92764,0.92788,1.00,1.30
2014.12.03 02:43:44.460,0.9276,0.92788,1.52,1.30
2014.12.03 02:43:49.869,0.92765,0.92788,1.12,1.30
2014.12.03 02:43:50.021,0.92765,0.92795,3.45,1.00
2014.12.03 02:43:50.172,0.92769,0.92798,1.12,1.30
2014.12.03 02:43:50.497,0.92769,0.92799,3.30,1.05
2014.12.03 02:43:51.295,0.9277,0.928,3.67,1.00
2014.12.03 02:43:51.511,0.92771,0.92805,1.52,2.25
2014.12.03 02:43:51.713,0.92772,0.92805,3.07,1.07
2014.12.03 02:43:51.763,0.92773,0.92805,2.70,1.00
2014.12.03 02:43:55.774,0.92774,0.92805,2.20,1.00
2014.12.03 02:43:55.925,0.92779,0.92809,1.05,1.50
2014.12.03 02:43:56.127,0.92782,0.9281,1.17,2.10
2014.12.03 02:43:56.880,0.92782,0.9281,1.17,2.10
2014.12.03 02:43:56.981,0.92779,0.92808,1.05,1.50
2014.12.03 02:43:59.202,0.92781,0.92807,1.00,1.05
2014.12.03 02:43:59.831,0.92782,0.9281,1.00,1.82
2014.12.03 02:44:00.461,0.92776,0.92807,1.52,1.05
2014.12.03 02:44:02.389,0.92775,0.92807,3.00,1.05
2014.12.03 02:44:02.996,0.92775,0.92805,2.02,1.30
2014.12.03 02:44:03.436,0.9278,0.92807,1.12,1.42
2014.12.03 02:44:03.690,0.92782,0.92807,1.00,1.05
2014.12.03 02:44:04.024,0.9278,0.92808,1.12,1.50
2014.12.03 02:44:04.155,0.9278,0.92808,1.27,1.35
2014.12.03 02:44:04.507,0.92777,0.92805,2.70,1.30
2014.12.03 02:44:04.558,0.92774,0.92805,4.87,1.30
2014.12.03 02:44:06.151,0.9278,0.92808,1.00,1.82
2014.12.03 02:44:06.455,0.92782,0.92809,1.00,1.82
2014.12.03 02:44:06.740,0.92776,0.92809,2.25,1.82
2014.12.03 02:44:07.575,0.92775,0.92805,1.52,1.30
2014.12.03 02:44:08.098,0.92775,0.92805,1.15,1.67
2014.12.03 02:44:08.600,0.9278,0.92805,1.00,1.67
2014.12.03 02:44:08.702,0.9278,0.92807,1.00,1.50
2014.12.03 02:44:15.317,0.9278,0.92808,1.00,1.87
2014.12.03 02:44:15.720,0.92775,0.92803,1.17,1.42
2014.12.03 02:44:17.526,0.92775,0.92804,1.15,1.75
2014.12.03 02:44:17.948,0.9278,0.92808,1.00,1.82
2014.12.03 02:44:18.452,0.9278,0.92809,1.00,1.82
2014.12.03 02:44:20.407,0.9278,0.9281,1.20,1.75
2014.12.03 02:44:20.559,0.9278,0.9281,1.00,1.82
2014.12.03 02:44:20.660,0.9278,0.9281,1.00,1.82
2014.12.03 02:44:24.504,0.9278,0.9281,1.00,1.82
2014.12.03 02:44:24.656,0.9278,0.92811,1.17,1.52
2014.12.03 02:44:26.546,0.92778,0.9281,1.87,1.15
2014.12.03 02:44:26.749,0.92785,0.92815,1.75,1.50
2014.12.03 02:44:26.800,0.92785,0.92815,1.75,1.10
2014.12.03 02:44:26.850,0.92785,0.92817,2.25,1.10
2014.12.03 02:44:26.901,0.92787,0.92817,2.70,1.00
2014.12.03 02:44:27.002,0.92791,0.92823,1.82,1.55
2014.12.03 02:44:27.053,0.92791,0.92823,1.82,1.20
2014.12.03 02:44:29.909,0.9279,0.92822,4.80,1.30
2014.12.03 02:44:30.260,0.9279,0.92822,4.42,1.67
2014.12.03 02:44:30.361,0.9279,0.92815,1.20,1.30
2014.12.03 02:44:31.355,0.92786,0.92816,1.52,1.05
2014.12.03 02:44:36.671,0.92786,0.92816,2.77,1.42
2014.12.03 02:44:38.092,0.92786,0.92816,3.45,1.67
2014.12.03 02:44:38.615,0.92786,0.92816,2.70,1.30
2014.12.03 02:44:39.589,0.92786,0.92817,3.67,1.35
2014.12.03 02:44:42.485,0.92786,0.92819,3.45,2.17
2014.12.03 02:44:43.520,0.92786,0.92819,3.45,1.42
2014.12.03 02:44:43.862,0.9279,0.92819,3.82,1.30
2014.12.03 02:44:43.913,0.92792,0.92824,1.82,1.50
2014.12.03 02:44:44.065,0.92794,0.92825,2.70,2.92
2014.12.03 02:44:54.071,0.92795,0.92824,1.15,2.10
2014.12.03 02:44:54.217,0.92795,0.92824,1.07,2.17
2014.12.03 02:44:54.469,0.92795,0.9282,1.07,1.30
2014.12.03 02:44:54.886,0.92795,0.9282,1.15,1.30
2014.12.03 02:44:55.037,0.92795,0.92822,1.15,1.35
2014.12.03 02:44:55.189,0.92799,0.92822,1.07,1.30
2014.12.03 02:44:55.240,0.92799,0.92827,1.07,1.47
2014.12.03 02:44:55.291,0.92799,0.92827,1.15,1.37
2014.12.03 02:44:55.712,0.92801,0.9283,1.42,1.45
2014.12.03 02:44:55.814,0.92801,0.9283,1.45,1.45
2014.12.03 02:44:57.188,0.928,0.92827,1.15,1.35
2014.12.03 02:44:57.615,0.928,0.92827,1.20,1.30
2014.12.03 02:44:58.135,0.928,0.92831,2.17,2.85
2014.12.03 02:45:00.310,0.92802,0.9283,1.45,1.37
2014.12.03 02:45:04.311,0.92802,0.9283,1.45,1.37
2014.12.03 02:45:05.851,0.92802,0.9283,1.82,1.00
2014.12.03 02:45:06.053,0.92809,0.92837,1.30,1.87
2014.12.03 02:45:06.155,0.92809,0.92837,1.82,1.35
2014.12.03 02:45:06.457,0.92811,0.92838,1.45,1.72
2014.12.03 02:45:06.740,0.92808,0.92836,1.45,1.37
2014.12.03 02:45:06.892,0.92806,0.92836,3.67,1.97
2014.12.03 02:45:07.144,0.92808,0.92835,1.82,1.00
2014.12.03 02:45:07.246,0.92808,0.92838,5.85,1.00
2014.12.03 02:45:07.347,0.92812,0.92843,2.70,1.37
2014.12.03 02:45:08.190,0.92812,0.92845,2.70,1.47
2014.12.03 02:45:08.661,0.92812,0.92843,2.70,1.37
2014.12.03 02:45:08.863,0.92812,0.92843,2.70,1.37
2014.12.03 02:45:08.964,0.92812,0.92845,2.32,1.20
2014.12.03 02:45:09.489,0.92812,0.92845,2.70,1.47
2014.12.03 02:45:10.376,0.92812,0.92845,2.32,1.47
2014.12.03 02:45:10.477,0.92812,0.92851,2.32,3.45
2014.12.03 02:45:11.031,0.92812,0.92851,2.70,3.07
2014.12.03 02:45:11.849,0.92812,0.92845,2.32,1.47
2014.12.03 02:45:15.362,0.92816,0.92847,1.45,1.00
2014.12.03 02:45:15.900,0.92818,0.92853,1.15,1.52
2014.12.03 02:45:16.257,0.92818,0.92854,3.07,1.52
2014.12.03 02:45:16.358,0.92818,0.92854,3.45,1.52
2014.12.03 02:45:16.868,0.92818,0.92853,3.45,2.25
2014.12.03 02:45:17.987,0.92818,0.92853,3.45,1.55
2014.12.03 02:45:20.060,0.92818,0.92853,2.25,1.52
2014.12.03 02:45:21.291,0.92823,0.92853,1.30,1.52
2014.12.03 02:45:21.829,0.9282,0.92854,2.25,2.25
2014.12.03 02:45:22.362,0.92819,0.9285,1.42,1.82
2014.12.03 02:45:26.292,0.92818,0.92849,1.10,4.05
2014.12.03 02:45:26.494,0.9281,0.92839,1.50,1.82
2014.12.03 02:45:26.595,0.92808,0.92837,1.45,1.42
2014.12.03 02:45:26.747,0.92804,0.92838,1.27,1.82
2014.12.03 02:45:35.151,0.9281,0.9284,1.00,3.67
2014.12.03 02:45:38.241,0.92807,0.92839,1.42,1.82
2014.12.03 02:45:41.113,0.92805,0.92839,2.25,1.82
2014.12.03 02:45:41.214,0.92805,0.92839,2.25,1.50
2014.12.03 02:45:41.647,0.92808,0.92839,3.30,1.05
2014.12.03 02:45:42.069,0.92812,0.92841,2.32,1.30
2014.12.03 02:45:43.775,0.92812,0.92841,2.32,1.67
2014.12.03 02:45:45.534,0.92812,0.9284,3.07,1.00
2014.12.03 02:45:45.635,0.92821,0.92849,1.37,1.45
2014.12.03 02:45:45.736,0.92818,0.92849,2.70,1.00
2014.12.03 02:45:45.938,0.92827,0.9285,1.37,1.00
2014.12.03 02:45:46.090,0.92822,0.9285,2.32,1.00
2014.12.03 02:45:46.191,0.92822,0.92854,2.32,1.30
2014.12.03 02:45:46.242,0.92822,0.9285,2.32,1.00
2014.12.03 02:45:46.778,0.92822,0.92854,2.32,1.30
2014.12.03 02:45:49.343,0.92822,0.92854,2.70,1.67
2014.12.03 02:45:55.872,0.92826,0.92854,2.70,1.72
2014.12.03 02:45:56.180,0.9283,0.92862,1.45,1.35
2014.12.03 02:45:56.281,0.9283,0.92862,1.45,1.72
2014.12.03 02:45:57.332,0.92829,0.92862,4.87,1.12
2014.12.03 02:46:01.119,0.92832,0.92864,1.45,2.10
2014.12.03 02:46:02.134,0.92834,0.92865,1.45,1.27
2014.12.03 02:46:02.337,0.92837,0.92866,1.37,1.07
2014.12.03 02:46:02.388,0.92837,0.92868,1.45,2.17
2014.12.03 02:46:02.511,0.92837,0.92869,1.45,2.62
2014.12.03 02:46:04.306,0.92836,0.92868,1.45,1.80
2014.12.03 02:46:06.530,0.92835,0.92868,2.70,2.17
2014.12.03 02:46:17.621,0.92836,0.92867,1.45,1.67
2014.12.03 02:46:18.136,0.92837,0.92869,1.50,2.25
2014.12.03 02:46:18.848,0.92835,0.92869,3.67,1.50
2014.12.03 02:46:23.000,0.92837,0.92869,2.70,1.67
2014.12.03 02:46:29.340,0.92837,0.92869,2.70,1.67
2014.12.03 02:46:38.654,0.92837,0.92869,2.70,1.37
2014.12.03 02:46:41.298,0.92837,0.92865,2.32,1.67
2014.12.03 02:46:41.501,0.92837,0.92866,2.32,1.67
2014.12.03 02:46:41.683,0.92834,0.92866,2.70,1.35
2014.12.03 02:46:41.734,0.92836,0.92866,2.70,1.35
2014.12.03 02:46:42.038,0.92838,0.92867,2.70,2.10
2014.12.03 02:46:42.678,0.92838,0.92867,3.30,1.37
2014.12.03 02:46:52.094,0.92839,0.92867,1.45,1.12
2014.12.03 02:46:53.865,0.92842,0.92867,2.32,1.12
2014.12.03 02:46:53.967,0.92843,0.9287,2.32,1.12
2014.12.03 02:46:57.358,0.92846,0.9287,1.45,1.00
2014.12.03 02:46:57.661,0.92847,0.92874,1.45,1.00
2014.12.03 02:46:58.150,0.92848,0.92875,2.32,1.00
2014.12.03 02:46:58.700,0.92849,0.92875,2.32,1.00
2014.12.03 02:46:59.818,0.92849,0.9287,2.32,1.00
2014.12.03 02:46:59.920,0.92846,0.9287,3.30,1.37
2014.12.03 02:47:00.021,0.92843,0.9287,1.52,1.37
2014.12.03 02:47:00.374,0.9284,0.92866,2.70,1.00
2014.12.03 02:47:01.137,0.9284,0.92865,2.70,1.00
2014.12.03 02:47:08.658,0.92841,0.92866,1.15,1.00
2014.12.03 02:47:08.910,0.92842,0.9287,4.50,1.12
2014.12.03 02:47:15.657,0.92842,0.92872,4.87,2.10
2014.12.03 02:47:16.346,0.92842,0.9287,4.87,1.00
2014.12.03 02:47:16.904,0.92842,0.92872,4.87,1.67
2014.12.03 02:47:20.850,0.92842,0.9287,5.85,1.00
2014.12.03 02:47:21.928,0.92842,0.92873,5.85,1.37
2014.12.03 02:47:23.827,0.92842,0.92873,5.85,1.37
2014.12.03 02:47:24.029,0.92839,0.92869,4.87,1.35
2014.12.03 02:47:24.130,0.92841,0.9287,1.45,1.37
2014.12.03 02:47:24.231,0.92841,0.9287,1.50,1.87
2014.12.03 02:47:24.433,0.92842,0.9287,2.70,1.12
2014.12.03 02:47:24.973,0.92843,0.92873,2.32,1.37
2014.12.03 02:47:25.488,0.92843,0.92873,2.70,1.37
2014.12.03 02:47:30.852,0.92843,0.92873,2.32,1.37
2014.12.03 02:47:36.456,0.92843,0.92873,3.67,1.12
2014.12.03 02:47:43.075,0.92844,0.92865,1.80,1.60
2014.12.03 02:47:43.126,0.92843,0.92865,1.50,1.60
2014.12.03 02:47:43.227,0.92835,0.92865,1.95,1.87
2014.12.03 02:47:43.278,0.92835,0.92858,1.95,2.10
2014.12.03 02:47:43.379,0.92834,0.92858,1.17,2.10
2014.12.03 02:47:44.698,0.92831,0.92858,1.15,2.85
2014.12.03 02:47:44.799,0.9283,0.92854,1.17,1.35
2014.12.03 02:47:45.172,0.92826,0.92854,1.15,1.67
2014.12.03 02:47:45.377,0.92826,0.92854,1.27,1.35
2014.12.03 02:47:46.191,0.92826,0.92852,1.15,1.30
2014.12.03 02:47:46.734,0.92825,0.92854,3.82,1.67
2014.12.03 02:47:47.258,0.92825,0.92855,4.20,1.95
2014.12.03 02:47:47.779,0.92827,0.92857,1.15,2.27
2014.12.03 02:47:48.098,0.92827,0.92853,2.40,1.67
2014.12.03 02:47:48.651,0.92825,0.92851,2.32,1.30
2014.12.03 02:47:49.418,0.92825,0.92852,2.32,1.35
2014.12.03 02:47:49.978,0.92825,0.92852,2.32,1.67
2014.12.03 02:47:50.779,0.92825,0.92853,2.70,1.30
2014.12.03 02:47:52.921,0.92825,0.92854,2.70,1.72
2014.12.03 02:47:54.756,0.92825,0.92855,3.45,2.70
2014.12.03 02:47:54.857,0.92828,0.92855,2.70,1.72
2014.12.03 02:47:55.015,0.9283,0.92858,1.52,1.30
2014.12.03 02:47:55.319,0.9283,0.9286,1.52,1.30
2014.12.03 02:47:56.457,0.92832,0.92861,2.70,1.30
2014.12.03 02:47:57.200,0.92831,0.92861,2.70,1.35
2014.12.03 02:47:57.787,0.92831,0.92862,3.45,1.35
2014.12.03 02:47:58.617,0.92831,0.92861,3.45,1.30
2014.12.03 02:47:59.265,0.92831,0.92861,3.45,1.67
2014.12.03 02:47:59.808,0.92831,0.92861,1.15,1.42
2014.12.03 02:47:59.859,0.92831,0.92863,1.15,2.62
2014.12.03 02:48:00.228,0.9283,0.92859,1.15,1.67
2014.12.03 02:48:00.379,0.92831,0.92859,2.32,1.67
2014.12.03 02:48:00.925,0.92832,0.92859,2.32,1.30
2014.12.03 02:48:02.316,0.92834,0.92861,2.32,1.67
2014.12.03 02:48:02.569,0.92834,0.92861,2.32,1.30
2014.12.03 02:48:02.670,0.92837,0.92862,2.32,1.00
2014.12.03 02:48:03.175,0.92838,0.92865,2.32,1.67
2014.12.03 02:48:03.556,0.92838,0.92866,2.32,2.10
2014.12.03 02:48:04.090,0.92838,0.92865,2.32,1.67
2014.12.03 02:48:04.607,0.92838,0.92865,2.32,1.37
2014.12.03 02:48:04.659,0.92838,0.92865,2.32,1.87
2014.12.03 02:48:04.760,0.92834,0.92863,4.50,1.67
2014.12.03 02:48:05.584,0.92837,0.92865,2.32,2.85
2014.12.03 02:48:05.887,0.92838,0.92865,2.32,1.87
2014.12.03 02:48:06.088,0.92841,0.92865,2.70,1.50
2014.12.03 02:48:06.341,0.92844,0.92869,2.32,1.00
2014.12.03 02:48:06.442,0.92847,0.92871,2.32,1.12
2014.12.03 02:48:06.695,0.92847,0.92874,3.45,1.00
2014.12.03 02:48:06.746,0.9285,0.92874,2.32,1.00
2014.12.03 02:48:07.049,0.92854,0.92878,2.32,1.00
2014.12.03 02:48:07.200,0.9285,0.92879,2.32,1.47
2014.12.03 02:48:07.797,0.9285,0.92879,2.32,1.47
2014.12.03 02:48:07.898,0.9285,0.9288,2.32,1.55
2014.12.03 02:48:08.440,0.9285,0.9288,2.32,2.25
2014.12.03 02:48:09.034,0.92852,0.9288,2.32,1.80
2014.12.03 02:48:09.339,0.92855,0.9288,2.32,1.00
2014.12.03 02:48:09.556,0.92855,0.92884,2.32,1.67
2014.12.03 02:48:10.099,0.92855,0.92885,2.70,1.95
2014.12.03 02:48:10.427,0.92858,0.92885,2.32,1.87
2014.12.03 02:48:10.680,0.92861,0.92887,1.45,1.37
2014.12.03 02:48:10.730,0.92861,0.92889,3.67,1.10
2014.12.03 02:48:11.033,0.92865,0.92885,2.32,1.00
2014.12.03 02:48:11.099,0.92865,0.9289,2.32,1.12
2014.12.03 02:48:11.200,0.92862,0.9289,2.32,1.12
2014.12.03 02:48:12.737,0.92865,0.9289,2.32,1.00
2014.12.03 02:48:12.889,0.92865,0.92895,2.32,2.25
2014.12.03 02:48:13.407,0.92865,0.92893,2.70,1.35
2014.12.03 02:48:13.609,0.92865,0.92893,2.32,1.67
2014.12.03 02:48:13.928,0.92867,0.92892,2.32,1.35
2014.12.03 02:48:14.313,0.92867,0.92887,2.32,2.05
2014.12.03 02:48:14.414,0.92861,0.92885,1.15,1.72
2014.12.03 02:48:14.515,0.92858,0.92888,1.10,1.45
2014.12.03 02:48:14.770,0.92851,0.92885,2.32,1.65
2014.12.03 02:48:14.821,0.92848,0.92882,3.30,1.15
2014.12.03 02:48:14.973,0.92848,0.92877,2.32,1.30
2014.12.03 02:48:15.346,0.92848,0.92877,2.32,2.10
2014.12.03 02:48:15.649,0.92835,0.92867,2.32,1.57
2014.12.03 02:48:15.962,0.92833,0.9286,2.32,1.35
2014.12.03 02:48:16.013,0.92831,0.9286,2.70,1.35
2014.12.03 02:48:16.528,0.92831,0.9286,2.32,1.37
2014.12.03 02:48:16.630,0.92831,0.9286,2.32,1.87
2014.12.03 02:48:18.622,0.92831,0.9286,2.32,1.37
2014.12.03 02:48:24.036,0.92831,0.9286,2.70,1.37
2014.12.03 02:48:24.339,0.92834,0.9286,2.32,1.00
2014.12.03 02:48:24.667,0.92836,0.9286,2.70,1.00
2014.12.03 02:48:24.768,0.92836,0.92866,2.70,1.37
2014.12.03 02:48:25.286,0.92836,0.92865,2.70,1.12
2014.12.03 02:48:26.166,0.92836,0.92863,2.70,1.30
2014.12.03 02:48:27.409,0.92838,0.92865,2.32,1.67
2014.12.03 02:48:27.510,0.92839,0.92868,2.32,1.67
2014.12.03 02:48:27.611,0.92839,0.92864,2.32,1.35
2014.12.03 02:48:32.404,0.92836,0.92867,3.45,1.82
2014.12.03 02:48:34.881,0.92836,0.92867,3.07,1.87
2014.12.03 02:48:37.227,0.92836,0.92867,3.67,1.82
2014.12.03 02:48:38.493,0.92837,0.92868,1.82,1.82
2014.12.03 02:48:47.331,0.92836,0.92867,3.45,1.82
2014.12.03 02:48:51.048,0.92836,0.92867,2.70,1.82
2014.12.03 02:48:52.892,0.92835,0.92867,6.60,1.82
2014.12.03 02:48:54.428,0.92835,0.92867,4.42,1.50
2014.12.03 02:48:54.629,0.92835,0.92867,4.42,1.50
2014.12.03 02:48:57.856,0.92835,0.92866,3.45,1.75
2014.12.03 02:48:58.542,0.92835,0.92865,2.32,1.57
2014.12.03 02:48:58.717,0.92833,0.92865,3.07,1.57
2014.12.03 02:48:58.886,0.92833,0.92865,1.52,2.25
2014.12.03 02:48:59.565,0.92833,0.92865,1.15,2.62
2014.12.03 02:49:01.354,0.92833,0.92865,1.27,2.25
2014.12.03 02:49:10.110,0.92835,0.92868,1.15,3.07
2014.12.03 02:49:17.093,0.92834,0.92865,1.87,1.52
2014.12.03 02:49:17.194,0.92834,0.92865,1.17,3.82
2014.12.03 02:49:17.447,0.92833,0.9286,1.07,1.50
2014.12.03 02:49:17.498,0.92831,0.9286,1.17,1.82
2014.12.03 02:49:20.943,0.9283,0.92859,1.87,3.07
2014.12.03 02:49:21.246,0.92828,0.92847,1.30,1.12
2014.12.03 02:49:21.297,0.92817,0.92843,2.32,1.30
2014.12.03 02:49:21.348,0.92815,0.92843,1.27,1.35
2014.12.03 02:49:21.499,0.92817,0.92848,1.50,1.45
2014.12.03 02:49:21.802,0.92815,0.92842,2.32,1.67
2014.12.03 02:49:22.258,0.9281,0.92841,2.02,1.50
2014.12.03 02:49:25.305,0.9281,0.92839,2.02,2.10
2014.12.03 02:49:25.457,0.9281,0.92835,1.80,1.87
2014.12.03 02:49:25.558,0.92807,0.92832,1.15,1.67
2014.12.03 02:49:25.659,0.92806,0.92832,1.52,1.30
2014.12.03 02:49:25.810,0.92808,0.92837,1.75,2.92
2014.12.03 02:49:25.861,0.92809,0.92838,1.52,1.12
2014.12.03 02:49:26.168,0.92809,0.92834,1.10,1.12
2014.12.03 02:49:26.471,0.92805,0.9283,1.15,1.30
2014.12.03 02:49:35.248,0.92805,0.9283,1.15,1.67
2014.12.03 02:49:36.154,0.92805,0.9283,1.15,1.35
2014.12.03 02:49:43.397,0.92805,0.92835,1.82,1.45
2014.12.03 02:49:43.448,0.92807,0.92836,2.70,2.02
2014.12.03 02:49:43.498,0.92808,0.92836,2.70,1.95
2014.12.03 02:49:46.193,0.9281,0.92839,4.42,2.10
2014.12.03 02:49:49.301,0.92811,0.92842,1.82,1.50
2014.12.03 02:50:06.935,0.92811,0.92842,1.82,1.12
2014.12.03 02:50:11.515,0.92811,0.92842,1.45,1.12
2014.12.03 02:50:12.385,0.9281,0.92842,5.17,2.10
2014.12.03 02:50:27.965,0.9281,0.9284,2.25,1.55
2014.12.03 02:50:39.045,0.92815,0.92841,1.45,1.30
2014.12.03 02:50:42.550,0.92814,0.92845,1.82,2.02
2014.12.03 02:50:43.558,0.92816,0.92845,1.37,4.20
2014.12.03 02:50:43.658,0.92816,0.9284,1.30,1.50
2014.12.03 02:50:46.986,0.92816,0.92843,1.82,1.00
2014.12.03 02:50:47.188,0.9282,0.92845,1.45,1.75
2014.12.03 02:50:47.289,0.92815,0.92843,1.20,1.82
2014.12.03 02:50:47.491,0.92815,0.92842,1.00,1.52
2014.12.03 02:50:47.895,0.92818,0.92843,1.00,2.70
2014.12.03 02:50:47.996,0.92818,0.92847,1.12,2.70
2014.12.03 02:50:48.368,0.92811,0.92841,2.70,2.07
2014.12.03 02:50:48.794,0.9282,0.92847,1.00,2.70
2014.12.03 02:50:48.896,0.9282,0.92852,1.52,3.82
2014.12.03 02:50:48.998,0.92822,0.92853,1.15,1.52
2014.12.03 02:50:49.654,0.92819,0.92845,3.07,1.72
2014.12.03 02:50:49.806,0.92815,0.92842,1.07,1.50
2014.12.03 02:50:50.009,0.92818,0.92846,1.00,2.70
2014.12.03 02:50:50.111,0.92814,0.92845,1.17,1.75
2014.12.03 02:50:50.635,0.9281,0.9284,3.82,1.42
2014.12.03 02:50:50.895,0.9281,0.9284,3.07,1.47
2014.12.03 02:50:51.422,0.9281,0.9284,3.45,1.47
2014.12.03 02:50:56.081,0.9281,0.92841,3.45,2.55
2014.12.03 02:50:56.788,0.92811,0.92841,1.52,1.42
2014.12.03 02:50:57.091,0.92811,0.92841,1.15,1.50
2014.12.03 02:50:57.859,0.92814,0.92841,2.32,1.37
2014.12.03 02:50:58.011,0.92811,0.92841,2.70,2.17
2014.12.03 02:50:58.526,0.92815,0.9284,1.37,1.82
2014.12.03 02:50:58.577,0.9281,0.92837,1.15,1.97
2014.12.03 02:50:58.628,0.9281,0.92836,1.15,1.05
2014.12.03 02:50:58.729,0.9281,0.92836,1.07,1.82
2014.12.03 02:50:58.780,0.92808,0.92833,1.12,1.05
2014.12.03 02:50:58.881,0.92806,0.9283,1.05,1.05
2014.12.03 02:50:59.032,0.92804,0.92829,1.37,1.20
2014.12.03 02:50:59.083,0.92804,0.92829,1.30,1.27
2014.12.03 02:50:59.133,0.92805,0.9283,1.00,2.25
2014.12.03 02:50:59.336,0.92802,0.92828,1.30,1.52
2014.12.03 02:50:59.845,0.92798,0.92828,1.45,1.52
2014.12.03 02:51:00.644,0.92799,0.92827,1.45,1.45
2014.12.03 02:51:00.745,0.928,0.92828,1.87,1.55
2014.12.03 02:51:03.545,0.92804,0.9283,1.12,1.80
2014.12.03 02:51:03.596,0.92804,0.9283,1.45,1.80
2014.12.03 02:51:07.204,0.92805,0.9283,1.87,1.20
2014.12.03 02:51:07.579,0.9281,0.92832,1.00,1.52
2014.12.03 02:51:07.730,0.92812,0.92835,1.30,1.17
2014.12.03 02:51:07.831,0.92814,0.9284,1.30,1.52
2014.12.03 02:51:07.983,0.92816,0.9284,1.30,1.52
2014.12.03 02:51:10.514,0.92815,0.9284,1.30,1.52
2014.12.03 02:51:10.615,0.92813,0.9284,1.30,1.52
2014.12.03 02:51:13.415,0.92813,0.9284,1.30,1.52
2014.12.03 02:51:14.874,0.92814,0.92841,1.30,1.52
2014.12.03 02:51:14.925,0.92814,0.92841,1.30,1.90
2014.12.03 02:51:14.976,0.9281,0.9284,1.45,1.90
2014.12.03 02:51:15.128,0.9281,0.92839,1.30,1.90
2014.12.03 02:51:15.343,0.92812,0.92839,1.30,1.65
2014.12.03 02:51:15.864,0.92811,0.92839,1.30,1.65
2014.12.03 02:51:16.882,0.92812,0.92839,1.30,1.65
2014.12.03 02:51:17.622,0.92812,0.92839,1.30,1.52
2014.12.03 02:51:19.623,0.92813,0.9284,1.30,2.02
2014.12.03 02:51:20.162,0.92815,0.92841,1.30,4.87
2014.12.03 02:51:21.044,0.92815,0.92843,1.30,2.70
2014.12.03 02:51:21.355,0.92815,0.92845,1.12,3.37
2014.12.03 02:51:28.398,0.92814,0.92844,1.80,3.45
2014.12.03 02:51:28.620,0.9281,0.92839,1.00,2.70
2014.12.03 02:51:29.023,0.92813,0.92839,1.30,3.45
2014.12.03 02:51:29.225,0.92812,0.92837,1.30,1.27
2014.12.03 02:51:29.749,0.92809,0.9284,1.45,1.52
2014.12.03 02:51:30.944,0.92808,0.92838,1.05,3.07
2014.12.03 02:51:32.641,0.92807,0.92835,1.45,1.12
2014.12.03 02:51:32.743,0.92811,0.92842,1.50,1.52
2014.12.03 02:51:32.945,0.92814,0.92843,1.12,1.52
2014.12.03 02:51:33.047,0.92814,0.92843,1.45,1.45
2014.12.03 02:51:34.167,0.92817,0.92846,1.37,1.65
2014.12.03 02:51:34.700,0.92822,0.92848,1.30,1.52
2014.12.03 02:51:42.944,0.9282,0.92846,1.12,1.17
2014.12.03 02:51:44.827,0.92824,0.92849,1.30,1.27
2014.12.03 02:51:44.978,0.92822,0.92849,1.50,1.10
2014.12.03 02:51:45.080,0.92824,0.92853,1.30,4.87
2014.12.03 02:51:45.181,0.92825,0.92855,1.00,1.65
2014.12.03 02:51:45.282,0.92824,0.92852,1.30,2.32
2014.12.03 02:51:45.383,0.92819,0.9285,1.87,1.15
2014.12.03 02:51:45.484,0.92822,0.9285,1.45,1.17
2014.12.03 02:51:46.550,0.92823,0.9285,2.70,1.10
2014.12.03 02:51:46.858,0.92824,0.92855,1.50,1.52
2014.12.03 02:51:47.488,0.92829,0.92855,1.45,1.20
2014.12.03 02:52:07.886,0.92828,0.92858,1.45,1.52
2014.12.03 02:52:24.637,0.92826,0.92855,1.45,1.47
2014.12.03 02:52:25.184,0.92826,0.92856,1.50,1.55
2014.12.03 02:52:27.920,0.92826,0.92856,1.50,1.55
2014.12.03 02:52:28.664,0.92826,0.92856,1.50,1.52
2014.12.03 02:52:35.952,0.92828,0.92854,1.12,1.20
2014.12.03 02:52:36.053,0.92828,0.92854,1.45,1.12
2014.12.03 02:52:36.552,0.92828,0.9285,1.45,1.00
2014.12.03 02:52:36.882,0.92828,0.92854,1.45,1.12
2014.12.03 02:52:37.073,0.92828,0.92854,1.05,1.27
2014.12.03 02:52:37.631,0.92829,0.92854,1.30,1.27
2014.12.03 02:52:41.747,0.9283,0.92854,1.30,1.27
2014.12.03 02:52:42.394,0.92831,0.92854,1.30,1.15
2014.12.03 02:52:42.495,0.92833,0.9286,1.30,3.45
2014.12.03 02:52:42.697,0.92835,0.92863,1.42,1.15
2014.12.03 02:52:42.949,0.92835,0.92865,1.75,1.27
2014.12.03 02:52:43.000,0.92835,0.92865,1.82,1.27
2014.12.03 02:52:43.968,0.92835,0.92865,1.05,3.45
2014.12.03 02:52:44.372,0.92838,0.92865,1.05,1.52
2014.12.03 02:52:49.342,0.9284,0.92865,1.30,1.52
2014.12.03 02:52:53.142,0.92838,0.92865,1.05,1.52
2014.12.03 02:52:53.693,0.92839,0.92865,1.30,1.52
2014.12.03 02:52:54.191,0.92839,0.92865,1.30,4.20
2014.12.03 02:52:55.017,0.92838,0.92865,1.30,4.20
2014.12.03 02:52:55.492,0.9284,0.92865,1.30,4.20
2014.12.03 02:52:55.694,0.9284,0.92865,1.30,1.27
2014.12.03 02:53:00.443,0.92838,0.92865,1.05,1.52
2014.12.03 02:53:00.948,0.92839,0.92865,1.30,2.02
2014.12.03 02:53:02.100,0.92837,0.92865,1.12,2.02
2014.12.03 02:53:06.125,0.92839,0.92865,1.30,2.02
2014.12.03 02:53:06.573,0.92839,0.92865,1.30,3.45
2014.12.03 02:53:07.126,0.92838,0.92865,1.30,3.45
2014.12.03 02:53:10.192,0.92839,0.92865,1.30,3.45
2014.12.03 02:53:12.282,0.9284,0.92865,1.30,3.45
2014.12.03 02:53:16.949,0.92839,0.92865,1.30,4.20
2014.12.03 02:53:17.711,0.92838,0.92865,1.30,4.20
2014.12.03 02:53:18.819,0.92839,0.92865,1.30,3.45
2014.12.03 02:53:19.227,0.92839,0.92862,1.30,2.32
2014.12.03 02:53:19.682,0.92837,0.92862,1.30,2.32
2014.12.03 02:53:39.922,0.92837,0.92863,1.30,4.87
2014.12.03 02:53:43.191,0.92836,0.92863,1.30,2.70
2014.12.03 02:53:44.221,0.92835,0.92863,1.30,2.70
2014.12.03 02:53:44.450,0.92834,0.92861,1.30,2.32
2014.12.03 02:53:45.981,0.92835,0.92861,1.30,2.32
2014.12.03 02:53:46.233,0.92837,0.92864,1.30,1.52
2014.12.03 02:53:48.951,0.92838,0.92865,1.30,4.20
2014.12.03 02:54:00.273,0.92838,0.9286,1.30,1.27
2014.12.03 02:54:00.425,0.92835,0.9286,1.30,1.15
2014.12.03 02:54:00.476,0.92835,0.92859,1.30,2.70
2014.12.03 02:54:00.527,0.92829,0.92859,1.55,2.70
2014.12.03 02:54:00.578,0.92829,0.92857,1.10,2.70
2014.12.03 02:54:01.091,0.9283,0.92855,1.30,1.52
2014.12.03 02:54:01.296,0.92831,0.92855,1.42,1.17
2014.12.03 02:54:01.347,0.92831,0.92855,1.50,1.07
2014.12.03 02:54:01.398,0.92834,0.9286,1.05,2.02
2014.12.03 02:54:01.601,0.92836,0.9286,1.30,1.65
2014.12.03 02:54:12.073,0.92835,0.92862,1.30,1.52
2014.12.03 02:54:12.604,0.92834,0.9286,1.05,1.15
2014.12.03 02:54:13.051,0.92836,0.9286,1.30,1.15
2014.12.03 02:54:16.681,0.92838,0.92864,1.30,2.70
2014.12.03 02:54:19.219,0.92842,0.92868,1.30,2.70
2014.12.03 02:54:20.863,0.9284,0.92867,1.30,1.52
2014.12.03 02:54:22.841,0.92841,0.92867,1.30,1.52
2014.12.03 02:54:22.993,0.92843,0.92867,1.30,1.52
2014.12.03 02:54:24.636,0.92844,0.92868,1.30,2.70
2014.12.03 02:54:33.401,0.9284,0.92868,1.35,2.70
2014.12.03 02:54:33.621,0.92838,0.92865,1.30,4.87
2014.12.03 02:54:34.040,0.92838,0.92866,1.30,1.52
2014.12.03 02:54:34.242,0.92836,0.92869,1.82,1.52
2014.12.03 02:54:34.394,0.92842,0.92869,1.30,1.52
2014.12.03 02:54:34.898,0.92841,0.9287,1.30,5.62
2014.12.03 02:54:34.948,0.92838,0.9287,1.50,5.62
2014.12.03 02:54:35.100,0.92838,0.9287,1.50,3.45
2014.12.03 02:54:35.151,0.92838,0.9287,1.82,1.52
2014.12.03 02:54:40.831,0.92838,0.92872,2.62,3.45
2014.12.03 02:54:40.932,0.9284,0.92872,4.05,3.07
2014.12.03 02:54:40.983,0.92841,0.92874,3.07,1.27
2014.12.03 02:54:41.033,0.92846,0.92874,1.50,1.20
2014.12.03 02:54:41.084,0.92846,0.92874,1.50,1.20
2014.12.03 02:54:45.524,0.92853,0.92875,1.30,1.27
2014.12.03 02:54:46.245,0.92853,0.92875,1.30,1.52
2014.12.03 02:54:46.781,0.92852,0.92875,1.30,1.52
2014.12.03 02:54:50.502,0.92855,0.92878,1.30,3.45
2014.12.03 02:54:51.015,0.92854,0.92878,1.30,2.70
2014.12.03 02:54:51.117,0.92852,0.92878,1.30,2.70
2014.12.03 02:54:51.218,0.92852,0.9288,1.30,4.20
2014.12.03 02:54:51.369,0.92852,0.92878,1.30,3.82
2014.12.03 02:54:51.471,0.92852,0.92876,1.05,1.15
2014.12.03 02:54:51.572,0.92852,0.92875,1.05,1.10
2014.12.03 02:54:52.027,0.92855,0.9288,1.30,1.15
2014.12.03 02:54:52.533,0.92856,0.92881,1.30,2.32
2014.12.03 02:54:52.930,0.9286,0.92884,1.30,2.70
2014.12.03 02:54:53.544,0.92859,0.92884,1.30,2.70
2014.12.03 02:54:54.842,0.9286,0.92884,1.30,2.70
2014.12.03 02:54:55.343,0.92859,0.92884,1.30,2.70
2014.12.03 02:54:55.964,0.9286,0.92884,1.30,2.70
2014.12.03 02:54:56.631,0.92861,0.92884,1.30,2.70
2014.12.03 02:54:57.160,0.9286,0.92884,1.30,2.70
2014.12.03 02:54:57.668,0.92861,0.92884,1.30,2.70
2014.12.03 02:54:59.370,0.92861,0.92885,1.30,1.52
2014.12.03 02:54:59.899,0.92862,0.92885,1.30,1.52
2014.12.03 02:55:00.068,0.9286,0.92885,1.30,1.52
2014.12.03 02:55:01.902,0.92862,0.92888,1.30,1.52
2014.12.03 02:55:02.255,0.92865,0.9289,1.30,2.70
2014.12.03 02:55:02.305,0.92865,0.9289,1.05,1.55
2014.12.03 02:55:02.841,0.92866,0.9289,1.30,1.55
2014.12.03 02:55:05.177,0.92866,0.9289,1.45,1.00
2014.12.03 02:55:05.483,0.9287,0.92895,1.05,1.55
2014.12.03 02:55:06.141,0.92871,0.92896,1.30,1.52
2014.12.03 02:55:07.064,0.92869,0.92896,1.12,1.52
2014.12.03 02:55:07.574,0.92871,0.92895,1.30,1.52
2014.12.03 02:55:07.725,0.92872,0.92897,1.30,1.52
2014.12.03 02:55:08.240,0.92873,0.92895,1.30,1.17
2014.12.03 02:55:08.911,0.92872,0.92895,1.30,1.17
2014.12.03 02:55:08.962,0.92876,0.92895,1.35,1.17
2014.12.03 02:55:09.013,0.92876,0.92897,1.35,1.10
2014.12.03 02:55:09.063,0.92878,0.929,1.30,1.15
2014.12.03 02:55:09.164,0.92878,0.92905,1.45,1.47
2014.12.03 02:55:09.215,0.92878,0.92905,1.12,1.52
2014.12.03 02:55:09.701,0.9288,0.92906,1.30,1.52
2014.12.03 02:55:10.179,0.92882,0.92907,1.30,1.27
2014.12.03 02:55:10.432,0.92882,0.92908,1.05,1.15
2014.12.03 02:55:10.483,0.92884,0.92908,1.30,1.15
2014.12.03 02:55:10.634,0.92885,0.92913,1.50,1.20
2014.12.03 02:55:10.685,0.92885,0.92913,1.42,1.27
2014.12.03 02:55:10.736,0.92885,0.92913,1.42,1.27
2014.12.03 02:55:10.803,0.9289,0.92913,1.30,1.27
2014.12.03 02:55:11.106,0.92892,0.92915,1.30,1.52
2014.12.03 02:55:11.714,0.92888,0.92915,1.30,3.45
2014.12.03 02:55:16.631,0.92887,0.9291,1.30,1.17
2014.12.03 02:55:17.849,0.92886,0.9291,1.30,1.17
2014.12.03 02:55:17.900,0.92886,0.9291,1.30,1.15
2014.12.03 02:55:18.401,0.92886,0.9291,1.30,1.15
2014.12.03 02:55:19.862,0.92885,0.9291,1.30,1.52
2014.12.03 02:55:20.811,0.92884,0.9291,1.30,1.27
2014.12.03 02:55:22.691,0.92883,0.9291,1.72,1.27
2014.12.03 02:55:26.546,0.92883,0.92912,1.67,2.70
2014.12.03 02:55:26.647,0.92886,0.92915,1.30,4.20
2014.12.03 02:55:27.161,0.92885,0.92915,1.05,3.45
2014.12.03 02:55:27.672,0.92886,0.92915,1.30,3.45
2014.12.03 02:55:28.411,0.92886,0.9291,1.30,1.15
2014.12.03 02:55:29.752,0.92886,0.9291,1.30,1.15
2014.12.03 02:55:30.492,0.92887,0.92912,1.30,2.32
2014.12.03 02:55:34.138,0.92886,0.92912,1.30,2.32
2014.12.03 02:55:35.766,0.92886,0.92915,1.42,1.52
2014.12.03 02:55:35.817,0.9289,0.92915,1.30,1.52
2014.12.03 02:55:35.968,0.9289,0.92915,1.05,1.27
2014.12.03 02:55:36.069,0.92887,0.92915,1.30,1.27
2014.12.03 02:55:36.410,0.92889,0.92915,1.30,1.27
2014.12.03 02:55:37.242,0.92887,0.92915,1.30,1.27
2014.12.03 02:55:39.731,0.92886,0.92915,1.05,1.27
2014.12.03 02:55:40.037,0.92886,0.9291,1.05,1.17
2014.12.03 02:55:40.329,0.92884,0.9291,1.30,1.52
2014.12.03 02:55:41.873,0.92884,0.92908,1.30,2.70
2014.12.03 02:55:41.974,0.92875,0.929,1.10,1.27
2014.12.03 02:55:42.686,0.92871,0.92903,1.82,4.87
2014.12.03 02:55:43.163,0.92871,0.929,1.37,2.70
2014.12.03 02:55:43.264,0.9287,0.92898,1.00,1.82
2014.12.03 02:56:06.580,0.92872,0.92896,1.00,1.45
2014.12.03 02:56:07.021,0.92868,0.92896,1.55,1.45
2014.12.03 02:56:07.172,0.92872,0.92899,1.00,3.67
2014.12.03 02:56:07.273,0.92869,0.92899,1.15,1.82
2014.12.03 02:56:15.502,0.92866,0.92897,2.70,1.15
2014.12.03 02:56:15.553,0.92864,0.92897,2.70,1.15
2014.12.03 02:56:19.652,0.92869,0.92897,1.50,1.20
2014.12.03 02:56:32.231,0.9287,0.929,3.67,1.07
2014.12.03 02:56:32.282,0.92871,0.929,2.70,1.00
2014.12.03 02:56:40.570,0.92874,0.92904,1.50,1.52
2014.12.03 02:56:46.090,0.92878,0.92907,1.30,3.45
2014.12.03 02:56:46.141,0.92878,0.92907,1.42,1.52
2014.12.03 02:56:46.191,0.92877,0.92907,1.82,1.52
2014.12.03 02:56:47.526,0.92879,0.9291,1.07,4.57
2014.12.03 02:56:47.829,0.9287,0.92896,1.00,2.70
2014.12.03 02:56:48.201,0.92865,0.92896,1.87,3.67
2014.12.03 02:56:50.589,0.92868,0.92896,1.30,2.70
2014.12.03 02:56:50.741,0.9287,0.92897,1.05,2.70
2014.12.03 02:56:50.792,0.9287,0.929,1.05,4.20
2014.12.03 02:56:50.842,0.9287,0.929,1.42,2.02
2014.12.03 02:56:50.893,0.9287,0.929,1.50,2.02
2014.12.03 02:56:51.430,0.92872,0.929,3.30,1.45
2014.12.03 02:56:52.019,0.92873,0.929,1.45,1.12
2014.12.03 02:56:53.960,0.92873,0.92903,1.50,1.55
2014.12.03 02:56:54.484,0.92873,0.92905,1.82,3.00
2014.12.03 02:56:55.448,0.92871,0.92902,3.07,1.75
2014.12.03 02:56:55.599,0.9287,0.92902,1.50,4.42
2014.12.03 02:56:56.456,0.9287,0.929,1.12,2.70
2014.12.03 02:56:56.507,0.9287,0.929,1.05,2.70
2014.12.03 02:56:56.859,0.92866,0.92896,2.47,2.70
2014.12.03 02:56:56.910,0.92866,0.92896,2.47,2.70
2014.12.03 02:56:59.171,0.92866,0.92897,1.50,2.70
2014.12.03 02:56:59.222,0.92866,0.92898,1.50,1.82
2014.12.03 02:57:01.461,0.92867,0.92895,1.37,2.70
2014.12.03 02:57:01.511,0.92866,0.92895,1.80,2.70
2014.12.03 02:57:01.562,0.92866,0.92892,1.72,2.70
2014.12.03 02:57:01.614,0.92861,0.92892,1.65,3.67
2014.12.03 02:57:01.766,0.92857,0.92888,1.87,2.70
2014.12.03 02:57:01.817,0.92856,0.92887,2.25,1.82
2014.12.03 02:57:02.241,0.92856,0.92885,1.37,2.70
2014.12.03 02:57:02.292,0.92855,0.92885,1.10,2.70
2014.12.03 02:57:02.954,0.92855,0.92882,1.00,2.70
2014.12.03 02:57:03.206,0.92852,0.92879,1.50,1.45
2014.12.03 02:57:13.170,0.92852,0.92883,1.12,3.67
2014.12.03 02:57:13.221,0.92852,0.92883,1.87,1.82
2014.12.03 02:57:13.272,0.92852,0.92883,4.05,2.25
2014.12.03 02:57:13.524,0.92852,0.92882,1.87,1.82
2014.12.03 02:57:14.028,0.92855,0.92885,1.47,2.70
2014.12.03 02:57:14.179,0.92855,0.92886,1.95,2.70
2014.12.03 02:57:14.230,0.92855,0.92887,2.02,1.82
2014.12.03 02:57:15.488,0.92853,0.92885,1.52,2.70
2014.12.03 02:57:15.538,0.92853,0.92885,1.52,2.70
2014.12.03 02:57:18.728,0.92852,0.92884,2.70,1.52
2014.12.03 02:57:24.952,0.92854,0.92885,3.67,1.17
2014.12.03 02:57:25.053,0.92855,0.92885,3.67,1.65
2014.12.03 02:57:26.169,0.92859,0.92889,1.50,1.27
2014.12.03 02:57:26.270,0.92859,0.92889,1.50,1.27
2014.12.03 02:57:29.740,0.92859,0.92891,1.45,1.65
2014.12.03 02:57:29.841,0.92858,0.92888,1.15,1.50
2014.12.03 02:57:42.398,0.92857,0.92885,1.12,1.27
2014.12.03 02:57:42.499,0.92857,0.92885,1.12,1.27
2014.12.03 02:57:50.721,0.92856,0.92887,1.50,1.27
2014.12.03 02:57:50.827,0.92856,0.92888,1.82,1.52
2014.12.03 02:57:52.128,0.92859,0.92888,1.45,1.55
2014.12.03 02:57:52.229,0.92861,0.92891,1.45,1.52
2014.12.03 02:57:52.789,0.92861,0.92891,1.50,1.52
2014.12.03 02:57:53.701,0.92861,0.92891,4.05,1.07
2014.12.03 02:57:53.954,0.92871,0.92898,1.45,1.27
2014.12.03 02:57:54.216,0.92872,0.92898,1.45,1.00
2014.12.03 02:57:55.038,0.92873,0.929,1.45,2.02
2014.12.03 02:58:08.339,0.92872,0.929,1.82,1.57
2014.12.03 02:58:08.591,0.92878,0.92902,1.05,1.10
2014.12.03 02:58:09.128,0.92879,0.92907,1.30,1.15
2014.12.03 02:58:14.540,0.92878,0.92905,1.42,1.15
2014.12.03 02:58:15.083,0.92881,0.92908,1.30,3.45
2014.12.03 02:58:15.234,0.92881,0.9291,1.12,2.02
2014.12.03 02:58:15.738,0.92884,0.92912,1.00,2.70
2014.12.03 02:58:18.863,0.92884,0.9291,1.00,2.70
2014.12.03 02:58:19.068,0.92875,0.929,1.00,1.52
2014.12.03 02:58:19.169,0.92876,0.92895,1.00,1.15
2014.12.03 02:58:19.421,0.92864,0.92892,1.00,2.32
2014.12.03 02:58:19.472,0.92864,0.92895,1.17,1.45
2014.12.03 02:58:22.329,0.92867,0.92895,1.00,1.82
2014.12.03 02:58:26.846,0.92866,0.92896,1.10,3.07
2014.12.03 02:58:26.947,0.92867,0.92891,1.00,2.62
2014.12.03 02:58:27.209,0.9286,0.9289,1.15,1.52
2014.12.03 02:58:27.787,0.9286,0.9289,3.67,1.52
2014.12.03 02:58:27.888,0.9286,0.92891,5.17,1.50
2014.12.03 02:58:29.670,0.92861,0.9289,1.17,1.20
2014.12.03 02:58:29.771,0.92859,0.9289,2.25,2.25
2014.12.03 02:58:33.992,0.92857,0.92887,1.15,1.87
2014.12.03 02:58:34.093,0.92857,0.92881,1.17,1.42
2014.12.03 02:58:35.563,0.92856,0.92883,1.15,1.82
2014.12.03 02:58:36.784,0.92852,0.92883,2.70,1.15
2014.12.03 02:58:36.886,0.92855,0.92883,3.67,1.00
2014.12.03 02:58:37.217,0.92858,0.92885,2.70,1.00
2014.12.03 02:58:37.690,0.92858,0.92887,1.82,1.15
2014.12.03 02:58:37.791,0.92858,0.92888,3.67,1.20
2014.12.03 02:58:58.001,0.92862,0.92892,1.45,1.52
2014.12.03 02:59:05.705,0.92865,0.92893,1.50,1.20
2014.12.03 02:59:06.259,0.92865,0.92897,1.45,2.62
2014.12.03 02:59:06.507,0.92862,0.92894,1.82,2.25
2014.12.03 02:59:08.519,0.92864,0.92894,1.82,1.55
2014.12.03 02:59:08.923,0.92865,0.92895,1.30,1.52
2014.12.03 02:59:08.974,0.92862,0.92893,1.45,2.62
2014.12.03 02:59:09.276,0.92857,0.92887,1.15,1.82
2014.12.03 02:59:11.604,0.92857,0.92885,1.12,1.17
2014.12.03 02:59:11.655,0.92857,0.92885,1.12,1.15
2014.12.03 02:59:13.710,0.92852,0.92885,4.42,2.70
2014.12.03 02:59:13.761,0.92852,0.92884,2.25,2.70
2014.12.03 02:59:26.020,0.92849,0.92882,2.32,1.90
2014.12.03 02:59:26.071,0.92848,0.92882,1.27,3.82
2014.12.03 02:59:27.278,0.92847,0.92879,1.82,1.52
2014.12.03 02:59:30.237,0.92846,0.92875,3.45,1.47
2014.12.03 02:59:30.757,0.92849,0.9288,4.27,2.02
2014.12.03 02:59:37.021,0.92849,0.9288,2.32,3.00
2014.12.03 02:59:37.072,0.92848,0.9288,1.50,3.00
2014.12.03 02:59:38.270,0.9285,0.92878,1.37,1.65
2014.12.03 02:59:38.320,0.92844,0.92874,1.52,1.82
2014.12.03 02:59:38.371,0.92843,0.92873,2.25,1.52
2014.12.03 02:59:38.422,0.92839,0.9287,3.00,1.27
2014.12.03 02:59:39.641,0.92838,0.9287,2.70,2.25
2014.12.03 02:59:42.218,0.92838,0.92868,1.50,1.52
2014.12.03 02:59:46.115,0.92841,0.92868,2.32,1.12
2014.12.03 02:59:46.267,0.92841,0.92872,3.67,1.52
2014.12.03 02:59:46.519,0.92843,0.92873,2.32,1.47
2014.12.03 02:59:51.472,0.92843,0.92873,2.32,1.85
2014.12.03 02:59:51.624,0.9284,0.92871,1.15,4.05
2014.12.03 02:59:52.027,0.92834,0.92865,1.65,1.45
2014.12.03 02:59:53.259,0.92837,0.92866,2.32,1.47
