2014.01.02 18:00:00.208,0.85873,0.85897,1.00,1.53
2014.01.02 18:00:00.359,0.85877,0.85897,1.00,1.45
2014.01.02 18:00:01.097,0.85876,0.85899,2.10,1.75
2014.01.02 18:00:01.148,0.85876,0.85899,2.10,1.38
2014.01.02 18:00:01.537,0.85881,0.85899,1.00,1.38
2014.01.02 18:00:02.086,0.85881,0.859,1.00,1.00
2014.01.02 18:00:02.607,0.85881,0.85899,1.00,1.00
2014.01.02 18:00:03.158,0.85881,0.85898,1.00,1.00
2014.01.02 18:00:03.309,0.85877,0.85898,1.00,1.00
2014.01.02 18:00:06.157,0.85882,0.85898,1.00,1.00
2014.01.02 18:00:06.462,0.85882,0.85896,1.00,1.00
2014.01.02 18:00:07.476,0.85877,0.85896,1.00,1.00
2014.01.02 18:00:08.136,0.85881,0.85896,1.00,1.00
2014.01.02 18:00:09.677,0.85877,0.85896,1.00,1.00
2014.01.02 18:00:09.952,0.85881,0.85896,1.00,1.00
2014.01.02 18:00:11.083,0.85881,0.85897,1.00,1.00
2014.01.02 18:00:11.234,0.85876,0.85897,1.00,1.00
2014.01.02 18:00:12.676,0.85876,0.85897,1.38,1.00
2014.01.02 18:00:13.205,0.85881,0.85897,1.13,1.00
2014.01.02 18:00:19.442,0.85881,0.85902,1.00,1.38
2014.01.02 18:00:21.914,0.85881,0.85902,1.00,1.38
2014.01.02 18:00:23.566,0.85881,0.85902,1.00,1.38
2014.01.02 18:00:23.667,0.85877,0.85902,1.38,1.38
2014.01.02 18:00:24.085,0.85881,0.85901,1.00,1.48
2014.01.02 18:00:24.136,0.85881,0.85901,1.00,1.20
2014.01.02 18:00:27.184,0.85887,0.85905,1.00,1.53
2014.01.02 18:00:27.285,0.85881,0.85907,1.13,1.13
2014.01.02 18:00:27.589,0.85875,0.85901,1.38,2.55
2014.01.02 18:00:27.640,0.85875,0.85901,1.13,2.55
2014.01.02 18:00:27.741,0.85875,0.85895,1.13,1.00
2014.01.02 18:00:28.072,0.85874,0.85894,1.38,1.18
2014.01.02 18:00:28.377,0.85874,0.85895,1.00,1.53
2014.01.02 18:00:28.478,0.85868,0.85892,1.38,1.38
2014.01.02 18:00:28.528,0.85868,0.85892,1.38,1.38
2014.01.02 18:00:28.816,0.85866,0.85891,1.88,1.38
2014.01.02 18:00:28.951,0.85866,0.85891,1.88,1.38
2014.01.02 18:00:29.535,0.85866,0.85892,1.88,1.38
2014.01.02 18:00:29.745,0.85862,0.85893,1.55,1.88
2014.01.02 18:00:30.926,0.8586,0.85892,1.53,1.58
2014.01.02 18:00:31.582,0.85861,0.85892,1.55,1.38
2014.01.02 18:00:32.815,0.85861,0.85892,1.55,1.38
2014.01.02 18:00:33.365,0.85861,0.85892,1.38,1.53
2014.01.02 18:00:34.437,0.85861,0.85892,1.38,1.53
2014.01.02 18:00:34.755,0.8586,0.85892,3.45,1.38
2014.01.02 18:00:37.621,0.85867,0.85892,1.38,1.38
2014.01.02 18:00:42.208,0.85868,0.85896,1.00,1.53
2014.01.02 18:00:42.561,0.85868,0.85894,1.00,1.53
2014.01.02 18:00:43.099,0.85868,0.85896,1.00,3.45
2014.01.02 18:00:48.957,0.85868,0.85896,1.00,2.70
2014.01.02 18:00:49.058,0.85868,0.85897,1.13,1.53
2014.01.02 18:00:49.576,0.85868,0.85898,1.00,1.53
2014.01.02 18:00:50.104,0.85867,0.85896,1.00,1.53
2014.01.02 18:00:50.894,0.85867,0.85896,1.00,1.53
2014.01.02 18:00:53.126,0.85866,0.85888,1.13,1.38
2014.01.02 18:00:53.443,0.85866,0.85888,1.00,1.38
2014.01.02 18:00:55.073,0.85862,0.85888,1.50,1.38
2014.01.02 18:00:55.625,0.85862,0.85888,1.50,1.38
2014.01.02 18:00:59.364,0.85862,0.85888,1.50,1.58
2014.01.02 18:01:00.588,0.85862,0.85886,1.50,1.38
2014.01.02 18:01:03.956,0.85862,0.85886,1.50,1.38
2014.01.02 18:01:31.516,0.85865,0.85888,1.00,1.38
2014.01.02 18:01:31.567,0.85865,0.85888,1.00,1.38
2014.01.02 18:01:31.719,0.85865,0.85888,1.00,1.38
2014.01.02 18:01:32.030,0.85868,0.85888,1.00,1.38
2014.01.02 18:01:36.074,0.85868,0.85888,1.00,1.88
2014.01.02 18:01:38.002,0.85866,0.85888,1.00,1.88
2014.01.02 18:01:44.490,0.85862,0.85888,1.50,1.88
2014.01.02 18:01:47.074,0.85862,0.85888,1.50,1.50
2014.01.02 18:01:47.316,0.85865,0.85888,2.10,1.50
2014.01.02 18:01:47.618,0.85871,0.85891,1.00,1.10
2014.01.02 18:01:48.063,0.85871,0.85893,1.00,1.23
2014.01.02 18:01:49.054,0.85871,0.85894,1.00,1.88
2014.01.02 18:01:50.043,0.85871,0.85894,1.00,1.95
2014.01.02 18:01:51.034,0.85871,0.85893,1.00,1.38
2014.01.02 18:01:51.743,0.85868,0.85888,1.00,1.38
2014.01.02 18:01:53.779,0.85872,0.85888,1.00,1.13
2014.01.02 18:01:53.880,0.85872,0.85893,1.50,2.03
2014.01.02 18:01:56.524,0.85872,0.85893,1.50,1.58
2014.01.02 18:01:57.704,0.85872,0.85893,1.50,1.58
2014.01.02 18:01:57.855,0.85872,0.85893,1.50,1.38
2014.01.02 18:01:58.606,0.85876,0.85893,1.00,1.38
2014.01.02 18:02:04.521,0.85872,0.85893,1.00,1.48
2014.01.02 18:02:06.723,0.85872,0.85893,1.00,1.48
2014.01.02 18:02:11.265,0.85873,0.85893,1.00,1.38
2014.01.02 18:02:11.672,0.85873,0.85893,1.20,1.38
2014.01.02 18:02:12.195,0.85872,0.85893,1.00,1.58
2014.01.02 18:02:19.590,0.85873,0.85893,1.00,1.38
2014.01.02 18:02:24.660,0.85876,0.85893,1.00,1.38
2014.01.02 18:02:24.762,0.85877,0.85898,1.00,1.53
2014.01.02 18:02:25.014,0.85878,0.85899,1.00,1.45
2014.01.02 18:02:25.623,0.85878,0.85899,1.00,1.53
2014.01.02 18:02:29.035,0.85878,0.85899,1.00,1.53
2014.01.02 18:02:29.086,0.85873,0.85899,1.00,1.53
2014.01.02 18:02:29.202,0.85871,0.85896,1.13,1.45
2014.01.02 18:02:29.403,0.85868,0.85895,1.00,2.70
2014.01.02 18:02:31.362,0.85868,0.85892,1.00,1.48
2014.01.02 18:02:33.120,0.85866,0.85891,1.38,1.38
2014.01.02 18:02:34.017,0.85867,0.85892,1.00,1.48
2014.01.02 18:02:36.893,0.85867,0.85894,2.85,1.53
2014.01.02 18:02:37.195,0.85877,0.85902,1.00,2.70
2014.01.02 18:02:38.064,0.85872,0.85903,1.88,1.53
2014.01.02 18:02:38.165,0.85872,0.85903,1.50,2.63
2014.01.02 18:02:38.676,0.85869,0.85898,1.38,1.53
2014.01.02 18:02:38.933,0.85869,0.85898,1.38,1.53
2014.01.02 18:02:42.878,0.85871,0.85899,1.00,2.78
2014.01.02 18:02:42.979,0.85871,0.85896,1.00,1.48
2014.01.02 18:02:43.901,0.85866,0.85893,1.13,1.48
2014.01.02 18:02:46.760,0.85867,0.85893,1.00,1.55
2014.01.02 18:02:47.607,0.85865,0.85893,1.38,1.55
2014.01.02 18:02:48.341,0.85867,0.85893,1.00,1.55
2014.01.02 18:02:50.865,0.8587,0.85893,1.00,1.55
2014.01.02 18:02:50.916,0.8587,0.85893,1.00,1.55
2014.01.02 18:02:50.966,0.85875,0.85894,1.00,1.45
2014.01.02 18:02:51.017,0.85875,0.85898,1.00,3.83
2014.01.02 18:02:51.529,0.85875,0.85898,1.00,1.53
2014.01.02 18:03:05.156,0.85875,0.85898,1.00,1.38
2014.01.02 18:03:07.559,0.8587,0.85898,1.88,1.38
2014.01.02 18:03:26.272,0.85873,0.85898,1.38,1.38
2014.01.02 18:03:26.601,0.85873,0.85898,1.13,1.13
2014.01.02 18:03:56.115,0.85872,0.85888,1.38,1.00
2014.01.02 18:03:56.317,0.85871,0.85891,1.00,1.00
2014.01.02 18:03:56.418,0.85872,0.85891,1.38,1.00
2014.01.02 18:03:56.620,0.85872,0.85897,1.38,1.00
2014.01.02 18:03:57.449,0.85872,0.85898,1.38,1.13
2014.01.02 18:04:00.928,0.85872,0.85897,1.38,1.00
2014.01.02 18:04:01.458,0.85872,0.85898,1.38,1.13
2014.01.02 18:04:04.570,0.85871,0.85897,1.38,1.00
2014.01.02 18:04:07.898,0.85871,0.85898,1.38,1.88
2014.01.02 18:04:08.683,0.85871,0.85898,1.38,2.03
2014.01.02 18:04:19.406,0.85871,0.85894,1.38,1.00
2014.01.02 18:04:20.378,0.85871,0.85895,1.38,1.00
2014.01.02 18:04:32.102,0.85871,0.85894,1.88,1.00
2014.01.02 18:04:32.634,0.85871,0.85895,1.88,1.00
2014.01.02 18:04:32.936,0.85871,0.85892,1.38,1.75
2014.01.02 18:04:33.138,0.85863,0.8589,1.38,1.18
2014.01.02 18:04:33.289,0.8586,0.85878,1.38,1.10
2014.01.02 18:04:33.440,0.85853,0.85874,1.50,1.00
2014.01.02 18:04:33.491,0.85844,0.85874,1.60,1.00
2014.01.02 18:04:33.542,0.85842,0.85868,1.53,1.00
2014.01.02 18:04:33.643,0.85842,0.85873,1.38,1.15
2014.01.02 18:04:33.951,0.85847,0.85874,1.00,1.15
2014.01.02 18:04:34.229,0.85847,0.85877,1.00,1.53
2014.01.02 18:04:35.670,0.85847,0.85877,1.00,1.53
2014.01.02 18:04:35.721,0.85849,0.85878,1.00,1.53
2014.01.02 18:04:36.092,0.85849,0.85878,1.00,1.45
2014.01.02 18:04:37.500,0.85851,0.85874,1.00,1.38
2014.01.02 18:04:39.009,0.8585,0.85874,1.00,1.38
2014.01.02 18:04:44.632,0.85846,0.85878,1.00,1.53
2014.01.02 18:04:44.863,0.85847,0.85869,1.00,1.00
2014.01.02 18:04:45.187,0.85842,0.85869,1.10,1.38
2014.01.02 18:04:48.924,0.85842,0.85869,1.20,1.38
2014.01.02 18:04:49.723,0.85848,0.85869,1.00,1.38
2014.01.02 18:04:49.825,0.85842,0.85869,1.28,1.38
2014.01.02 18:04:52.572,0.85847,0.85873,1.00,1.38
2014.01.02 18:04:55.996,0.85849,0.85868,1.00,1.38
2014.01.02 18:05:02.247,0.85846,0.85868,1.10,1.38
2014.01.02 18:05:09.393,0.85852,0.85875,1.00,1.58
2014.01.02 18:05:09.655,0.85856,0.85881,1.00,1.90
2014.01.02 18:05:09.706,0.85856,0.85881,1.38,3.45
2014.01.02 18:05:09.807,0.85852,0.85881,1.53,1.38
2014.01.02 18:05:09.908,0.85852,0.8588,1.58,1.00
2014.01.02 18:05:10.842,0.85854,0.85883,1.38,1.95
2014.01.02 18:05:26.415,0.85851,0.85869,1.00,1.38
2014.01.02 18:05:29.029,0.85851,0.85864,1.00,1.00
2014.01.02 18:05:29.157,0.85847,0.85864,1.38,1.00
2014.01.02 18:05:29.308,0.85842,0.85864,1.00,1.88
2014.01.02 18:05:29.459,0.85842,0.85862,1.00,1.08
2014.01.02 18:05:29.722,0.85836,0.8586,1.13,1.53
2014.01.02 18:05:29.942,0.85834,0.85859,1.00,1.38
2014.01.02 18:05:31.602,0.85836,0.8586,1.00,2.40
2014.01.02 18:05:31.732,0.85841,0.8586,1.38,1.28
2014.01.02 18:05:32.249,0.85841,0.85862,1.38,1.58
2014.01.02 18:05:33.263,0.85844,0.85864,1.00,2.33
2014.01.02 18:05:33.767,0.85844,0.85863,1.00,1.50
2014.01.02 18:05:34.539,0.8584,0.85864,1.38,2.25
2014.01.02 18:05:41.144,0.8584,0.85864,1.38,1.75
2014.01.02 18:05:41.295,0.85845,0.85872,1.00,1.90
2014.01.02 18:05:43.351,0.85847,0.85873,1.00,3.83
2014.01.02 18:05:43.502,0.85847,0.85873,1.00,3.83
2014.01.02 18:05:44.871,0.85847,0.85873,1.00,3.83
2014.01.02 18:05:45.562,0.85847,0.85873,1.00,3.83
2014.01.02 18:05:50.311,0.85848,0.85878,1.38,2.40
2014.01.02 18:05:51.141,0.85847,0.85875,1.38,1.85
2014.01.02 18:05:51.910,0.85847,0.8587,1.38,1.00
2014.01.02 18:05:55.549,0.85847,0.85875,1.38,1.85
2014.01.02 18:05:57.002,0.8585,0.85878,1.00,1.85
2014.01.02 18:05:57.611,0.8585,0.85878,1.00,1.85
2014.01.02 18:05:59.109,0.85851,0.85879,1.00,2.40
2014.01.02 18:05:59.210,0.85851,0.85878,1.38,1.90
2014.01.02 18:05:59.916,0.85851,0.85878,1.38,1.75
2014.01.02 18:06:04.703,0.85851,0.85877,1.38,1.75
2014.01.02 18:06:20.049,0.85851,0.85877,1.38,1.75
2014.01.02 18:06:21.575,0.85851,0.85877,1.38,1.75
2014.01.02 18:06:21.626,0.85851,0.85877,1.00,1.75
2014.01.02 18:06:21.727,0.85851,0.85874,1.00,1.35
2014.01.02 18:06:21.778,0.85847,0.85873,1.58,1.75
2014.01.02 18:06:21.829,0.85847,0.85871,1.00,1.75
2014.01.02 18:06:21.980,0.85842,0.85869,1.53,1.38
2014.01.02 18:06:31.092,0.85841,0.85868,1.00,1.48
2014.01.02 18:06:33.860,0.85852,0.85868,2.10,1.55
2014.01.02 18:06:34.164,0.85862,0.85868,1.13,1.00
2014.01.02 18:06:34.215,0.85857,0.85879,1.45,1.60
2014.01.02 18:06:34.366,0.85857,0.85875,1.00,1.38
2014.01.02 18:06:34.568,0.85857,0.85879,1.13,1.35
2014.01.02 18:06:35.108,0.85857,0.85879,1.13,1.35
2014.01.02 18:06:35.411,0.8586,0.85883,1.00,1.38
2014.01.02 18:06:35.516,0.85857,0.85883,1.88,1.50
2014.01.02 18:06:35.782,0.85859,0.85883,1.00,1.38
2014.01.02 18:06:36.027,0.85859,0.85883,1.00,1.38
2014.01.02 18:06:36.160,0.85857,0.85883,1.00,1.38
2014.01.02 18:06:36.444,0.85857,0.85883,1.00,1.38
2014.01.02 18:06:36.955,0.85859,0.85883,1.00,1.38
2014.01.02 18:06:40.881,0.85857,0.85883,1.00,1.88
2014.01.02 18:06:42.382,0.85855,0.85873,1.00,1.38
2014.01.02 18:06:42.483,0.85852,0.85873,1.00,1.38
2014.01.02 18:06:43.713,0.85847,0.85872,1.85,1.38
2014.01.02 18:06:43.814,0.85847,0.85872,1.10,1.38
2014.01.02 18:06:44.360,0.85847,0.85872,1.00,1.75
2014.01.02 18:06:46.128,0.85847,0.85873,1.38,1.38
2014.01.02 18:06:49.532,0.85844,0.85869,2.33,1.38
2014.01.02 18:06:49.633,0.85841,0.85869,1.00,1.95
2014.01.02 18:06:49.683,0.85843,0.85869,1.00,1.55
2014.01.02 18:06:50.632,0.85846,0.85869,1.00,1.53
2014.01.02 18:06:50.961,0.85843,0.85869,1.00,2.03
2014.01.02 18:06:53.561,0.8584,0.85863,1.13,1.38
2014.01.02 18:06:53.714,0.8584,0.85863,1.00,1.48
2014.01.02 18:06:53.764,0.85838,0.85863,1.00,1.55
2014.01.02 18:06:53.916,0.85842,0.85864,1.00,1.45
2014.01.02 18:06:54.117,0.85846,0.85869,1.00,1.48
2014.01.02 18:06:55.099,0.85846,0.85873,1.00,1.90
2014.01.02 18:06:55.447,0.85846,0.85872,1.38,1.53
2014.01.02 18:06:56.254,0.85846,0.85874,1.38,2.78
2014.01.02 18:07:00.489,0.85846,0.85874,1.38,2.03
2014.01.02 18:07:04.559,0.85846,0.85874,1.38,2.03
2014.01.02 18:07:05.219,0.85846,0.85874,1.38,2.03
2014.01.02 18:07:12.077,0.85852,0.85873,1.00,2.03
2014.01.02 18:07:12.921,0.85852,0.85873,1.00,2.03
2014.01.02 18:07:13.410,0.85845,0.85869,1.38,1.00
2014.01.02 18:07:13.659,0.85841,0.85868,1.75,1.38
2014.01.02 18:07:14.343,0.85841,0.85868,1.38,1.38
2014.01.02 18:07:35.469,0.85841,0.85868,1.88,1.55
2014.01.02 18:07:36.918,0.85842,0.85867,1.00,1.38
2014.01.02 18:07:37.981,0.85841,0.85868,1.13,1.38
2014.01.02 18:07:40.657,0.85842,0.85867,1.00,1.38
2014.01.02 18:07:41.308,0.85841,0.85867,1.13,1.38
2014.01.02 18:07:43.471,0.85841,0.85867,1.38,1.38
2014.01.02 18:07:48.858,0.85841,0.85867,1.13,1.88
2014.01.02 18:07:49.161,0.85836,0.85861,1.53,1.38
2014.01.02 18:08:01.868,0.85836,0.85864,1.88,1.53
2014.01.02 18:08:02.020,0.85836,0.85858,1.13,1.38
2014.01.02 18:08:11.144,0.85832,0.85858,1.38,1.38
2014.01.02 18:08:11.245,0.85832,0.85858,1.00,1.38
2014.01.02 18:08:11.752,0.85835,0.85858,1.00,1.38
2014.01.02 18:08:11.954,0.85837,0.85863,1.00,1.38
2014.01.02 18:08:12.156,0.85837,0.85863,1.00,1.38
2014.01.02 18:08:12.307,0.85835,0.85858,1.13,1.38
2014.01.02 18:08:13.052,0.85836,0.85864,1.13,1.48
2014.01.02 18:08:13.839,0.85836,0.85863,1.00,1.45
2014.01.02 18:08:14.178,0.85832,0.85858,1.38,1.38
2014.01.02 18:08:15.008,0.85832,0.85858,1.13,1.38
2014.01.02 18:08:18.088,0.85832,0.85858,1.00,1.53
2014.01.02 18:08:18.240,0.85832,0.85858,1.00,1.53
2014.01.02 18:08:23.861,0.85828,0.85854,1.13,1.38
2014.01.02 18:08:24.427,0.85828,0.85854,1.00,1.38
2014.01.02 18:08:24.846,0.85831,0.85854,1.00,1.23
2014.01.02 18:08:24.947,0.85831,0.85854,1.00,1.23
2014.01.02 18:08:25.492,0.85831,0.85854,1.38,1.23
2014.01.02 18:08:26.006,0.85831,0.85854,1.13,1.30
2014.01.02 18:08:26.519,0.85831,0.85854,1.13,1.30
2014.01.02 18:08:30.167,0.85831,0.85854,1.38,1.45
2014.01.02 18:08:32.287,0.85836,0.85855,1.00,1.38
2014.01.02 18:08:32.811,0.85836,0.85855,1.00,1.53
2014.01.02 18:08:32.861,0.85831,0.85854,1.00,1.58
2014.01.02 18:08:34.347,0.85831,0.85853,1.00,1.38
2014.01.02 18:08:34.606,0.85827,0.8585,1.13,2.03
2014.01.02 18:08:34.707,0.85827,0.85848,1.00,1.55
2014.01.02 18:08:35.062,0.85827,0.85849,1.00,1.53
2014.01.02 18:08:35.636,0.85822,0.85848,1.38,1.53
2014.01.02 18:08:36.345,0.85822,0.85848,1.38,1.53
2014.01.02 18:08:36.658,0.85822,0.85848,1.13,1.53
2014.01.02 18:08:36.809,0.85822,0.85846,1.13,1.55
2014.01.02 18:08:37.158,0.85824,0.85846,1.00,1.55
2014.01.02 18:08:37.978,0.85824,0.85846,1.00,1.55
2014.01.02 18:08:40.810,0.85821,0.85844,1.13,1.55
2014.01.02 18:08:40.890,0.85821,0.85844,1.38,1.55
2014.01.02 18:08:41.210,0.85818,0.85844,1.00,2.03
2014.01.02 18:08:41.937,0.85818,0.85843,1.13,1.53
2014.01.02 18:08:43.587,0.85818,0.85843,1.00,1.53
2014.01.02 18:08:45.267,0.85816,0.85844,1.88,2.78
2014.01.02 18:08:46.600,0.85816,0.85843,1.88,1.53
2014.01.02 18:08:46.997,0.85816,0.85844,1.88,2.78
2014.01.02 18:08:47.301,0.85822,0.85848,1.00,1.83
2014.01.02 18:08:47.402,0.85819,0.85843,1.38,1.38
2014.01.02 18:08:47.452,0.85819,0.85843,1.13,1.48
2014.01.02 18:08:48.597,0.85817,0.85843,1.38,1.45
2014.01.02 18:08:49.348,0.85819,0.85843,1.13,1.48
2014.01.02 18:08:49.650,0.85821,0.85848,1.00,5.18
2014.01.02 18:08:49.873,0.85821,0.85848,1.38,2.40
2014.01.02 18:08:50.206,0.85824,0.85848,1.00,1.75
2014.01.02 18:08:50.256,0.85822,0.85848,1.50,1.75
2014.01.02 18:08:50.357,0.85825,0.85853,1.00,1.93
2014.01.02 18:08:50.408,0.85825,0.85845,1.00,1.00
2014.01.02 18:08:50.977,0.85827,0.85853,1.00,1.75
2014.01.02 18:08:55.047,0.85827,0.85856,1.95,1.75
2014.01.02 18:08:55.488,0.8583,0.85858,1.00,1.85
2014.01.02 18:08:57.885,0.8583,0.85858,1.00,1.93
2014.01.02 18:08:59.447,0.85827,0.85857,1.00,1.93
2014.01.02 18:08:59.668,0.85831,0.85858,1.00,1.90
2014.01.02 18:08:59.930,0.85826,0.85854,1.50,1.93
2014.01.02 18:09:01.918,0.85826,0.85845,1.50,1.00
2014.01.02 18:09:03.968,0.85826,0.85845,2.10,1.00
2014.01.02 18:09:04.069,0.85831,0.85854,1.00,1.90
2014.01.02 18:09:04.170,0.85832,0.85859,1.00,1.75
2014.01.02 18:09:04.690,0.85832,0.85863,2.33,1.93
2014.01.02 18:09:08.788,0.85833,0.85859,2.10,1.75
2014.01.02 18:09:09.091,0.85839,0.85868,1.10,2.33
2014.01.02 18:09:16.098,0.8584,0.85864,1.00,1.75
2014.01.02 18:09:16.588,0.85844,0.85864,1.00,1.75
2014.01.02 18:09:16.690,0.85851,0.85871,1.00,2.70
2014.01.02 18:09:16.791,0.8585,0.85875,1.00,4.88
2014.01.02 18:09:16.891,0.85851,0.85873,1.00,1.53
2014.01.02 18:09:16.997,0.85836,0.85866,4.58,1.38
2014.01.02 18:09:17.217,0.85836,0.85867,4.58,1.38
2014.01.02 18:09:17.268,0.85836,0.85867,4.58,1.38
2014.01.02 18:09:17.319,0.85836,0.85867,2.40,1.38
2014.01.02 18:09:18.385,0.85837,0.85867,1.65,1.38
2014.01.02 18:09:20.256,0.85837,0.85867,1.65,1.38
2014.01.02 18:09:20.367,0.85837,0.85867,1.65,1.38
2014.01.02 18:09:21.147,0.85837,0.85867,1.65,1.38
2014.01.02 18:09:24.767,0.85837,0.85867,1.53,1.38
2014.01.02 18:09:26.094,0.85837,0.85867,1.65,1.38
2014.01.02 18:09:27.661,0.8584,0.8587,1.45,1.38
2014.01.02 18:09:28.285,0.8584,0.8587,1.53,1.38
2014.01.02 18:09:31.928,0.8584,0.85864,1.15,1.38
2014.01.02 18:09:32.057,0.8584,0.85864,1.00,3.45
2014.01.02 18:09:33.236,0.8584,0.85864,1.00,1.38
2014.01.02 18:09:38.817,0.8584,0.85868,1.00,1.58
2014.01.02 18:09:39.078,0.8584,0.85863,1.00,1.38
2014.01.02 18:09:39.229,0.85835,0.85863,1.15,1.38
2014.01.02 18:09:39.330,0.85834,0.85862,1.20,1.38
2014.01.02 18:09:40.453,0.85835,0.85863,1.00,1.38
2014.01.02 18:09:45.993,0.85835,0.85863,1.00,1.38
2014.01.02 18:09:48.723,0.85835,0.85863,1.00,1.38
2014.01.02 18:09:48.875,0.85833,0.85862,1.00,1.48
2014.01.02 18:09:49.297,0.85831,0.85862,1.65,1.48
2014.01.02 18:09:49.499,0.85831,0.85862,1.08,1.58
2014.01.02 18:09:49.927,0.85831,0.85858,1.00,1.38
2014.01.02 18:09:51.344,0.85829,0.85858,1.48,1.38
2014.01.02 18:09:59.276,0.85829,0.85858,1.48,1.38
2014.01.02 18:09:59.740,0.85831,0.85858,1.38,1.38
2014.01.02 18:09:59.842,0.85831,0.8586,2.03,1.38
2014.01.02 18:09:59.959,0.85831,0.8586,4.20,1.38
2014.01.02 18:10:00.344,0.85834,0.85864,1.00,1.88
2014.01.02 18:10:01.227,0.85834,0.85864,1.38,1.88
2014.01.02 18:10:03.592,0.85831,0.85859,1.38,1.53
2014.01.02 18:10:03.975,0.85832,0.85861,1.38,3.45
2014.01.02 18:10:04.236,0.85832,0.85859,1.00,1.58
2014.01.02 18:10:04.781,0.85831,0.85859,1.00,2.03
2014.01.02 18:10:05.116,0.85831,0.85859,1.00,2.03
2014.01.02 18:10:06.017,0.85829,0.85853,1.50,1.38
2014.01.02 18:10:15.581,0.85832,0.85858,1.00,1.55
2014.01.02 18:10:15.631,0.85832,0.85858,1.38,1.55
2014.01.02 18:10:19.046,0.85832,0.85858,1.65,1.38
2014.01.02 18:10:24.654,0.85835,0.85863,1.00,1.95
2014.01.02 18:10:25.139,0.85835,0.85863,1.00,1.95
2014.01.02 18:10:25.594,0.85835,0.85863,1.45,1.75
2014.01.02 18:10:28.452,0.85835,0.85863,1.58,1.75
2014.01.02 18:10:29.468,0.85835,0.85863,1.45,1.75
2014.01.02 18:10:59.767,0.85834,0.85861,1.43,1.38
2014.01.02 18:10:59.967,0.85834,0.85861,1.43,1.38
2014.01.02 18:11:00.118,0.85837,0.85861,1.75,1.38
2014.01.02 18:11:00.956,0.85837,0.85861,1.75,1.13
2014.01.02 18:11:02.409,0.85837,0.85866,2.25,1.75
2014.01.02 18:11:02.926,0.85843,0.85868,1.68,1.38
2014.01.02 18:11:04.621,0.85843,0.85868,1.68,1.38
2014.01.02 18:11:06.884,0.85843,0.85866,1.68,1.00
2014.01.02 18:11:07.546,0.85843,0.85866,1.68,1.00
2014.01.02 18:11:15.260,0.85843,0.85866,1.68,1.00
2014.01.02 18:11:15.938,0.85846,0.85866,1.38,1.00
2014.01.02 18:11:17.576,0.85846,0.85871,1.38,1.38
2014.01.02 18:11:20.235,0.85846,0.85867,1.38,1.00
2014.01.02 18:11:21.013,0.85846,0.8587,1.38,1.75
2014.01.02 18:11:42.680,0.85847,0.85871,1.13,1.75
2014.01.02 18:12:06.516,0.85847,0.85871,1.00,1.85
2014.01.02 18:12:07.164,0.85844,0.85871,1.69,1.90
2014.01.02 18:12:15.661,0.85844,0.85871,1.69,1.90
2014.01.02 18:12:40.162,0.85843,0.85867,3.04,1.00
2014.01.02 18:12:47.836,0.85848,0.85875,2.10,3.83
2014.01.02 18:12:48.372,0.85848,0.85868,2.10,1.00
2014.01.02 18:12:49.067,0.85848,0.85874,2.10,1.90
2014.01.02 18:12:54.014,0.85848,0.85874,2.10,2.40
2014.01.02 18:12:56.074,0.85848,0.85874,2.10,1.90
2014.01.02 18:12:58.284,0.85848,0.85873,2.10,3.08
2014.01.02 18:13:05.735,0.85848,0.85873,2.85,2.70
2014.01.02 18:13:06.475,0.85848,0.85874,2.10,1.53
2014.01.02 18:13:18.744,0.85846,0.85876,1.38,3.45
2014.01.02 18:13:20.113,0.85844,0.85874,1.35,1.53
2014.01.02 18:13:20.444,0.85846,0.85876,1.38,3.45
2014.01.02 18:13:24.440,0.85846,0.85876,1.38,1.55
2014.01.02 18:13:38.372,0.85851,0.85876,1.00,1.55
2014.01.02 18:13:38.524,0.85851,0.85876,1.50,1.58
2014.01.02 18:13:38.575,0.85854,0.8588,1.00,1.53
2014.01.02 18:13:38.625,0.85854,0.8588,1.00,1.53
2014.01.02 18:13:39.143,0.85854,0.85881,1.13,1.93
2014.01.02 18:13:41.563,0.85854,0.85881,1.13,1.93
2014.01.02 18:13:41.691,0.85857,0.85881,1.00,1.93
2014.01.02 18:13:42.356,0.85857,0.85881,1.00,1.93
2014.01.02 18:13:42.795,0.85854,0.8588,1.13,1.58
2014.01.02 18:13:42.997,0.85854,0.85878,1.13,1.58
2014.01.02 18:13:43.427,0.85854,0.85879,1.00,1.65
2014.01.02 18:13:43.954,0.85854,0.85881,1.38,1.90
2014.01.02 18:13:46.423,0.85854,0.8588,1.13,1.65
2014.01.02 18:13:46.484,0.85854,0.8588,1.00,1.65
2014.01.02 18:13:46.794,0.85854,0.85879,1.00,1.53
2014.01.02 18:13:46.844,0.8585,0.85875,1.00,1.65
2014.01.02 18:13:50.314,0.8585,0.85875,1.13,2.40
2014.01.02 18:13:50.364,0.85852,0.85875,1.00,2.40
2014.01.02 18:13:52.565,0.8585,0.85876,1.13,2.40
2014.01.02 18:13:52.666,0.8585,0.85876,1.00,2.40
2014.01.02 18:13:52.868,0.85847,0.8587,1.13,1.38
2014.01.02 18:13:54.843,0.85847,0.8587,1.00,1.38
2014.01.02 18:13:55.639,0.85846,0.8587,1.73,1.38
2014.01.02 18:13:58.992,0.85847,0.8587,1.00,1.38
2014.01.02 18:13:59.043,0.85847,0.8587,1.00,1.38
2014.01.02 18:14:00.199,0.85846,0.8587,2.48,1.38
2014.01.02 18:14:01.030,0.85847,0.8587,1.00,1.38
2014.01.02 18:14:01.604,0.85846,0.8587,2.48,1.48
2014.01.02 18:14:03.863,0.85846,0.8587,2.48,1.48
2014.01.02 18:14:04.532,0.85845,0.8587,2.10,1.55
2014.01.02 18:14:05.623,0.85845,0.8587,2.10,1.55
2014.01.02 18:14:13.445,0.85849,0.85873,1.00,1.90
2014.01.02 18:14:14.007,0.85849,0.85873,1.00,1.90
2014.01.02 18:14:15.211,0.85849,0.85873,1.00,1.90
2014.01.02 18:14:16.609,0.85849,0.85873,1.00,1.90
2014.01.02 18:14:34.882,0.85849,0.85873,1.00,1.90
2014.01.02 18:14:35.572,0.85852,0.85876,1.00,3.83
2014.01.02 18:14:35.878,0.85854,0.85878,1.00,1.90
2014.01.02 18:14:36.030,0.85857,0.85872,1.00,1.00
2014.01.02 18:14:36.904,0.85857,0.85883,1.00,6.00
2014.01.02 18:14:37.005,0.85854,0.85881,1.00,3.83
2014.01.02 18:14:37.106,0.85852,0.85876,1.50,1.85
2014.01.02 18:14:37.475,0.85852,0.85876,1.00,1.85
2014.01.02 18:14:37.576,0.85852,0.85876,1.00,1.85
2014.01.02 18:14:38.112,0.85852,0.85872,1.88,1.00
2014.01.02 18:14:38.213,0.85856,0.85872,1.00,1.00
2014.01.02 18:14:49.541,0.85858,0.85882,1.00,3.08
2014.01.02 18:15:01.336,0.85858,0.85882,1.00,3.08
2014.01.02 18:15:06.934,0.85858,0.85882,1.00,3.08
2014.01.02 18:15:07.338,0.85858,0.85884,1.13,2.70
2014.01.02 18:15:07.389,0.85858,0.85883,1.13,1.53
2014.01.02 18:15:08.224,0.85858,0.85883,1.00,1.53
2014.01.02 18:15:10.245,0.85858,0.85883,1.00,1.53
2014.01.02 18:15:11.426,0.85858,0.85883,1.00,1.53
2014.01.02 18:15:11.943,0.85858,0.85883,1.00,1.53
2014.01.02 18:15:12.860,0.85858,0.85883,1.00,1.53
2014.01.02 18:15:13.201,0.85858,0.85883,1.00,1.53
2014.01.02 18:15:13.722,0.85858,0.85883,1.00,1.53
2014.01.02 18:15:21.128,0.85858,0.85883,1.00,1.53
2014.01.02 18:15:21.547,0.85858,0.85883,1.00,3.83
2014.01.02 18:15:22.206,0.85858,0.85883,1.00,1.90
2014.01.02 18:15:22.742,0.85858,0.85883,1.00,1.90
2014.01.02 18:15:31.651,0.85858,0.85885,1.00,1.90
2014.01.02 18:15:31.802,0.85861,0.85887,1.00,1.90
2014.01.02 18:15:34.646,0.85861,0.85883,1.00,1.93
2014.01.02 18:15:35.830,0.85861,0.85883,1.00,1.93
2014.01.02 18:15:36.423,0.85861,0.85883,1.00,1.90
2014.01.02 18:15:39.172,0.85861,0.85884,1.00,3.83
2014.01.02 18:15:39.373,0.85861,0.85884,1.00,1.90
2014.01.02 18:15:43.361,0.85854,0.85881,1.13,1.55
2014.01.02 18:15:44.094,0.85859,0.85884,1.00,1.90
2014.01.02 18:15:45.434,0.85864,0.85884,1.00,1.75
2014.01.02 18:15:45.737,0.85864,0.85881,1.00,1.00
2014.01.02 18:15:47.462,0.85864,0.85883,1.00,1.85
2014.01.02 18:15:47.663,0.85861,0.85883,1.00,1.83
2014.01.02 18:15:47.714,0.85861,0.85883,1.00,1.83
2014.01.02 18:15:47.764,0.85857,0.85882,3.23,1.90
2014.01.02 18:15:48.317,0.85857,0.85882,3.23,1.90
2014.01.02 18:15:48.622,0.8586,0.85883,1.00,1.90
2014.01.02 18:15:48.724,0.85857,0.85883,3.98,1.90
2014.01.02 18:15:49.594,0.85858,0.85883,1.13,1.90
2014.01.02 18:15:49.772,0.85858,0.85883,1.13,1.90
2014.01.02 18:15:49.955,0.85862,0.85885,1.00,1.90
2014.01.02 18:15:50.056,0.85858,0.85883,1.13,1.93
2014.01.02 18:15:50.664,0.85858,0.85883,1.13,1.90
2014.01.02 18:15:51.629,0.85858,0.85883,1.13,1.90
2014.01.02 18:15:52.632,0.85858,0.85883,1.50,1.90
2014.01.02 18:15:54.962,0.85858,0.85879,1.00,1.45
2014.01.02 18:15:55.264,0.85861,0.85884,1.00,2.33
2014.01.02 18:15:55.315,0.85861,0.85884,1.00,2.40
2014.01.02 18:15:55.366,0.85858,0.85879,1.73,1.75
2014.01.02 18:15:55.416,0.85858,0.85879,1.00,1.75
2014.01.02 18:15:55.618,0.85858,0.85879,1.35,1.83
2014.01.02 18:15:56.140,0.85857,0.85879,1.13,1.75
2014.01.02 18:15:56.233,0.85857,0.85879,1.13,1.75
2014.01.02 18:16:00.448,0.85857,0.85879,1.73,1.90
2014.01.02 18:16:00.889,0.85857,0.85879,1.13,1.75
2014.01.02 18:16:02.144,0.85856,0.85876,1.00,1.50
2014.01.02 18:16:05.040,0.85857,0.85876,1.00,1.50
2014.01.02 18:16:05.192,0.85857,0.85878,3.23,1.93
2014.01.02 18:16:05.395,0.85857,0.85878,1.13,1.75
2014.01.02 18:16:07.621,0.85857,0.85876,2.85,1.50
2014.01.02 18:16:07.722,0.85857,0.85876,2.85,1.00
2014.01.02 18:16:07.823,0.85856,0.85876,1.50,1.00
2014.01.02 18:16:07.929,0.85856,0.85877,1.13,1.75
2014.01.02 18:16:09.113,0.85853,0.85873,2.85,1.38
2014.01.02 18:16:11.886,0.85857,0.85876,1.35,1.13
2014.01.02 18:16:12.301,0.85857,0.85873,1.30,1.00
2014.01.02 18:16:12.603,0.85853,0.85873,2.85,1.38
2014.01.02 18:16:14.170,0.85853,0.85873,2.85,1.38
2014.01.02 18:16:14.221,0.85856,0.85873,2.10,1.38
2014.01.02 18:16:14.323,0.85857,0.85877,1.00,1.75
2014.01.02 18:16:14.890,0.8586,0.85877,2.10,1.75
2014.01.02 18:16:15.344,0.85857,0.85879,2.10,1.75
2014.01.02 18:16:30.130,0.85857,0.85881,2.48,1.50
2014.01.02 18:16:36.794,0.85863,0.85884,1.00,1.75
2014.01.02 18:16:37.032,0.8586,0.85884,3.23,1.75
2014.01.02 18:16:38.713,0.8586,0.85875,2.85,1.00
2014.01.02 18:16:39.803,0.85861,0.85875,1.00,1.00
2014.01.02 18:16:40.163,0.85861,0.85884,3.23,1.38
2014.01.02 18:16:42.440,0.85862,0.85884,2.10,1.38
2014.01.02 18:16:46.068,0.85866,0.85888,1.00,1.90
2014.01.02 18:16:52.121,0.85865,0.85883,1.00,1.38
2014.01.02 18:17:01.681,0.85871,0.8589,1.60,1.90
2014.01.02 18:17:01.732,0.85871,0.8589,1.60,1.48
2014.01.02 18:17:01.833,0.8587,0.85884,1.00,1.00
2014.01.02 18:17:01.985,0.85865,0.85884,1.00,1.38
2014.01.02 18:17:04.405,0.85863,0.85884,1.30,1.88
2014.01.02 18:17:06.310,0.85872,0.85886,1.00,1.38
2014.01.02 18:17:06.461,0.85872,0.85887,1.60,1.13
2014.01.02 18:17:06.663,0.85869,0.85884,1.38,1.38
2014.01.02 18:17:06.764,0.85864,0.85884,1.35,1.38
2014.01.02 18:17:09.173,0.85867,0.85888,1.00,2.33
2014.01.02 18:17:09.822,0.85867,0.85888,1.00,2.33
2014.01.02 18:17:10.398,0.85867,0.85888,1.00,2.33
2014.01.02 18:17:25.794,0.8587,0.85888,2.10,1.95
2014.01.02 18:17:25.995,0.85872,0.85889,1.35,1.00
2014.01.02 18:17:26.147,0.85869,0.85888,1.38,1.38
2014.01.02 18:17:26.248,0.85867,0.85888,1.00,1.88
2014.01.02 18:17:32.700,0.85867,0.85888,1.00,1.95
2014.01.02 18:17:34.443,0.85867,0.85885,1.00,1.38
2014.01.02 18:17:38.685,0.85862,0.85883,3.98,1.38
2014.01.02 18:17:39.441,0.85866,0.85885,1.00,1.38
2014.01.02 18:17:52.604,0.85872,0.85888,1.00,1.88
2014.01.02 18:17:52.655,0.85872,0.85888,1.35,1.00
2014.01.02 18:17:52.907,0.8587,0.85887,1.38,1.38
2014.01.02 18:17:53.008,0.85866,0.85888,1.00,1.95
2014.01.02 18:17:54.559,0.85871,0.85888,1.00,1.95
2014.01.02 18:17:54.661,0.85871,0.85887,2.10,1.10
2014.01.02 18:17:55.554,0.85871,0.85888,1.73,1.00
2014.01.02 18:18:07.638,0.85872,0.85888,2.10,1.00
2014.01.02 18:18:09.531,0.85872,0.85892,2.48,1.10
2014.01.02 18:18:11.169,0.85874,0.85895,1.30,1.95
2014.01.02 18:18:11.371,0.85885,0.85895,2.10,1.38
2014.01.02 18:18:11.522,0.85891,0.85903,1.38,1.00
2014.01.02 18:18:11.673,0.85888,0.85911,2.48,1.75
2014.01.02 18:18:11.875,0.85892,0.85907,1.00,1.00
2014.01.02 18:18:12.077,0.85892,0.85911,1.13,1.50
2014.01.02 18:18:32.443,0.85892,0.85916,1.13,1.38
2014.01.02 18:18:34.183,0.85892,0.85916,1.00,1.58
2014.01.02 18:18:35.630,0.85892,0.85913,1.25,1.38
2014.01.02 18:18:35.782,0.85888,0.85913,1.35,1.38
2014.01.02 18:18:37.698,0.85888,0.85913,1.35,1.38
2014.01.02 18:18:41.923,0.85885,0.85908,1.00,1.38
2014.01.02 18:18:42.358,0.85885,0.85908,1.00,1.48
2014.01.02 18:18:42.561,0.85885,0.85908,1.00,1.38
2014.01.02 18:18:45.324,0.85885,0.85908,1.00,1.53
2014.01.02 18:18:45.429,0.85883,0.85908,1.13,2.03
2014.01.02 18:18:45.977,0.85883,0.85904,1.00,1.38
2014.01.02 18:18:47.488,0.85883,0.85904,1.00,1.38
2014.01.02 18:18:52.371,0.85881,0.85904,1.00,1.38
2014.01.02 18:18:52.472,0.85886,0.85904,1.00,1.38
2014.01.02 18:19:10.148,0.85886,0.8591,1.13,2.78
2014.01.02 18:19:10.199,0.85883,0.85908,2.63,1.48
2014.01.02 18:19:10.517,0.8589,0.85917,1.10,1.75
2014.01.02 18:19:12.968,0.8589,0.85917,1.10,1.75
2014.01.02 18:19:21.703,0.8589,0.85917,1.18,1.38
2014.01.02 18:19:22.054,0.8589,0.85917,1.65,1.38
2014.01.02 18:19:31.465,0.8589,0.85917,1.15,1.38
2014.01.02 18:19:31.769,0.8589,0.85913,1.15,1.38
2014.01.02 18:19:31.920,0.8589,0.85913,1.20,1.38
2014.01.02 18:19:32.774,0.8589,0.85913,1.00,1.53
2014.01.02 18:19:32.875,0.85885,0.85912,1.50,1.53
2014.01.02 18:19:43.888,0.85892,0.85912,1.00,1.00
2014.01.02 18:19:44.054,0.85892,0.85917,1.15,1.00
2014.01.02 18:19:44.104,0.8589,0.85917,1.65,1.38
2014.01.02 18:19:44.340,0.8589,0.85917,1.18,1.38
2014.01.02 18:19:44.529,0.8589,0.85917,1.10,1.38
2014.01.02 18:19:44.580,0.8589,0.85917,1.00,1.38
2014.01.02 18:19:45.250,0.85886,0.85912,1.53,1.38
2014.01.02 18:19:47.377,0.85885,0.85912,1.58,1.45
2014.01.02 18:20:13.466,0.85885,0.85912,1.00,1.53
2014.01.02 18:20:18.303,0.85885,0.85903,1.00,1.38
2014.01.02 18:20:18.605,0.85884,0.85903,1.00,1.55
2014.01.02 18:20:18.656,0.85878,0.85901,1.00,1.38
2014.01.02 18:20:18.901,0.85874,0.85901,1.00,1.38
2014.01.02 18:20:19.182,0.8587,0.85896,1.10,1.38
2014.01.02 18:20:20.366,0.8587,0.85896,1.10,1.38
2014.01.02 18:20:25.317,0.8587,0.85896,1.48,1.38
2014.01.02 18:20:25.469,0.85875,0.859,1.00,1.55
2014.01.02 18:20:26.191,0.85875,0.859,1.00,1.55
2014.01.02 18:20:27.737,0.85875,0.859,1.00,1.55
2014.01.02 18:20:40.640,0.85872,0.85894,1.00,1.38
2014.01.02 18:21:09.468,0.85867,0.85891,1.38,1.13
2014.01.02 18:21:09.520,0.85867,0.85891,1.00,1.38
2014.01.02 18:21:10.045,0.85867,0.85887,1.00,1.38
2014.01.02 18:21:11.645,0.85861,0.85887,1.00,1.38
2014.01.02 18:21:12.225,0.85861,0.85887,1.38,1.38
2014.01.02 18:21:14.887,0.85861,0.85887,1.00,1.38
2014.01.02 18:21:16.097,0.85861,0.85887,1.00,1.38
2014.01.02 18:21:23.577,0.85861,0.85887,1.00,1.38
2014.01.02 18:21:31.897,0.85861,0.85887,1.38,1.38
2014.01.02 18:21:32.797,0.85861,0.85887,1.38,1.38
2014.01.02 18:21:33.499,0.85861,0.85887,1.00,1.38
2014.01.02 18:21:33.768,0.85861,0.85887,1.13,1.38
2014.01.02 18:21:34.766,0.85861,0.85887,1.38,1.38
2014.01.02 18:21:36.105,0.85861,0.85887,1.38,1.38
2014.01.02 18:21:38.826,0.85861,0.85887,1.48,1.38
2014.01.02 18:21:41.775,0.85866,0.85891,1.13,1.38
2014.01.02 18:21:41.826,0.85866,0.85891,1.38,1.38
2014.01.02 18:21:41.927,0.85871,0.85896,1.00,1.53
2014.01.02 18:21:42.028,0.85871,0.85896,1.00,1.38
2014.01.02 18:21:44.765,0.85871,0.85896,1.00,1.38
2014.01.02 18:21:53.508,0.85871,0.85896,1.00,1.38
2014.01.02 18:21:54.127,0.85871,0.85896,1.00,1.38
2014.01.02 18:22:15.263,0.85867,0.85893,1.58,1.38
2014.01.02 18:22:15.591,0.85867,0.85889,1.48,1.00
2014.01.02 18:22:15.905,0.85867,0.85889,1.00,1.38
2014.01.02 18:22:30.724,0.85867,0.85889,1.00,1.38
2014.01.02 18:22:46.055,0.85864,0.85889,1.48,1.88
2014.01.02 18:22:46.460,0.85864,0.85889,1.95,1.88
2014.01.02 18:22:48.214,0.85864,0.85889,1.58,1.88
2014.01.02 18:23:08.706,0.85863,0.85883,1.20,1.50
2014.01.02 18:23:08.962,0.85849,0.85875,1.50,1.38
2014.01.02 18:23:09.063,0.85857,0.85875,1.00,1.38
2014.01.02 18:23:09.265,0.85857,0.85878,1.00,1.38
2014.01.02 18:23:09.316,0.85852,0.85878,1.60,1.38
2014.01.02 18:23:09.825,0.85853,0.85878,1.35,1.38
2014.01.02 18:23:10.327,0.85852,0.85878,2.25,1.38
2014.01.02 18:23:10.505,0.85852,0.85878,2.25,1.38
2014.01.02 18:23:11.935,0.85853,0.85878,1.35,1.38
2014.01.02 18:23:12.402,0.85852,0.85878,2.18,1.38
2014.01.02 18:23:12.454,0.85852,0.85878,1.00,1.38
2014.01.02 18:23:12.504,0.85852,0.85878,1.00,1.88
2014.01.02 18:23:12.555,0.85848,0.85875,1.50,1.38
2014.01.02 18:23:13.081,0.85849,0.85871,1.00,1.38
2014.01.02 18:23:13.776,0.85848,0.85871,1.00,1.38
2014.01.02 18:23:14.279,0.85849,0.85871,1.00,1.38
2014.01.02 18:23:14.804,0.85848,0.85871,1.00,1.38
2014.01.02 18:23:15.724,0.85849,0.85871,2.10,1.38
2014.01.02 18:23:16.259,0.85849,0.85871,3.23,1.38
2014.01.02 18:23:16.664,0.85849,0.85871,3.23,1.38
2014.01.02 18:23:17.293,0.8585,0.85871,1.88,1.38
2014.01.02 18:23:17.444,0.85862,0.85879,1.00,1.00
2014.01.02 18:23:17.495,0.85862,0.85882,1.50,1.00
2014.01.02 18:23:17.596,0.85863,0.85884,1.08,1.00
2014.01.02 18:23:17.646,0.85863,0.85888,1.15,1.00
2014.01.02 18:23:17.697,0.85863,0.85888,1.08,1.45
2014.01.02 18:23:17.747,0.85863,0.85888,1.00,1.53
2014.01.02 18:23:18.188,0.85858,0.85885,1.28,1.38
2014.01.02 18:23:18.289,0.85861,0.85885,1.18,1.38
2014.01.02 18:23:18.440,0.85861,0.85885,1.18,1.00
2014.01.02 18:23:18.541,0.85861,0.85885,1.15,1.00
2014.01.02 18:23:18.857,0.85858,0.85885,1.53,1.00
2014.01.02 18:23:18.958,0.85858,0.85885,1.38,1.18
2014.01.02 18:23:20.059,0.85864,0.85888,1.00,3.45
2014.01.02 18:23:21.193,0.85864,0.85888,1.08,3.38
2014.01.02 18:23:21.244,0.85864,0.85889,1.15,1.38
2014.01.02 18:23:21.379,0.85868,0.85895,1.00,1.50
2014.01.02 18:23:24.569,0.85863,0.8589,1.65,1.38
2014.01.02 18:23:26.109,0.85868,0.85895,1.00,1.38
2014.01.02 18:23:26.705,0.85868,0.85895,1.00,1.53
2014.01.02 18:23:27.322,0.85868,0.85895,1.00,1.53
2014.01.02 18:23:33.164,0.85868,0.85895,1.00,1.53
2014.01.02 18:23:35.401,0.85868,0.85883,1.00,1.38
2014.01.02 18:23:35.502,0.85865,0.85883,1.00,1.38
2014.01.02 18:23:49.755,0.85865,0.85891,1.00,1.38
2014.01.02 18:23:49.930,0.85865,0.85892,1.18,1.50
2014.01.02 18:23:49.981,0.85868,0.85894,1.00,1.75
2014.01.02 18:23:51.990,0.85864,0.85888,1.00,1.38
2014.01.02 18:23:52.091,0.85864,0.85888,1.00,1.38
2014.01.02 18:23:52.536,0.85864,0.85888,1.00,1.38
2014.01.02 18:23:53.053,0.85864,0.85888,1.00,1.38
2014.01.02 18:23:54.854,0.85866,0.85888,1.00,1.38
2014.01.02 18:23:54.954,0.85863,0.85888,1.00,1.53
2014.01.02 18:23:56.027,0.85863,0.85884,1.00,1.55
2014.01.02 18:23:57.124,0.85863,0.85884,1.00,1.38
2014.01.02 18:24:09.114,0.85863,0.85884,1.00,1.38
2014.01.02 18:24:11.863,0.85863,0.85884,1.00,1.38
2014.01.02 18:24:14.009,0.8586,0.85884,1.00,1.38
2014.01.02 18:24:15.058,0.85864,0.85884,1.00,1.38
2014.01.02 18:24:18.914,0.85863,0.85884,1.00,1.38
2014.01.02 18:24:30.793,0.85863,0.85883,1.00,1.38
2014.01.02 18:24:33.355,0.85863,0.85883,1.00,1.38
2014.01.02 18:24:33.675,0.85853,0.85879,1.00,3.45
2014.01.02 18:24:34.362,0.85853,0.85874,1.00,1.48
2014.01.02 18:24:38.359,0.85853,0.85874,1.00,1.88
2014.01.02 18:24:38.410,0.85849,0.85869,1.20,1.38
2014.01.02 18:24:38.460,0.85849,0.85869,1.00,1.38
2014.01.02 18:24:38.662,0.85845,0.85869,1.08,1.38
2014.01.02 18:24:38.813,0.85845,0.85868,1.00,1.38
2014.01.02 18:24:38.884,0.85845,0.85868,1.00,1.38
2014.01.02 18:24:39.507,0.85845,0.85868,1.00,1.38
2014.01.02 18:24:39.834,0.85847,0.85869,1.00,1.38
2014.01.02 18:24:39.885,0.85847,0.85873,1.65,2.63
2014.01.02 18:24:40.093,0.85853,0.85873,1.00,1.38
2014.01.02 18:24:40.423,0.85853,0.85873,1.00,1.38
2014.01.02 18:24:41.147,0.85853,0.85873,1.00,1.38
2014.01.02 18:24:42.404,0.85853,0.85873,1.00,1.38
2014.01.02 18:24:42.732,0.85853,0.85873,1.00,1.38
2014.01.02 18:24:46.952,0.85853,0.85879,1.00,1.38
2014.01.02 18:24:47.053,0.85853,0.85879,1.00,1.38
2014.01.02 18:24:47.463,0.85853,0.85879,1.00,1.38
2014.01.02 18:24:48.852,0.85853,0.85879,1.08,1.38
2014.01.02 18:24:49.113,0.85853,0.85879,1.15,1.38
2014.01.02 18:24:50.516,0.85853,0.85879,1.08,1.45
2014.01.02 18:24:51.070,0.85853,0.85879,1.00,1.55
2014.01.02 18:24:51.173,0.85853,0.85879,1.18,1.38
2014.01.02 18:24:51.325,0.85853,0.8588,1.53,1.38
2014.01.02 18:24:51.646,0.85859,0.85884,1.00,1.53
2014.01.02 18:24:52.210,0.85859,0.85884,1.00,1.53
2014.01.02 18:24:52.462,0.85859,0.85884,1.00,1.38
2014.01.02 18:25:01.323,0.85859,0.85884,1.00,1.45
2014.01.02 18:25:01.424,0.85862,0.85886,1.00,1.45
2014.01.02 18:25:01.676,0.85867,0.85889,1.00,1.88
2014.01.02 18:25:01.777,0.85862,0.85886,1.28,1.38
2014.01.02 18:25:02.381,0.85863,0.8589,1.00,1.38
2014.01.02 18:25:02.792,0.85863,0.8589,1.38,1.38
2014.01.02 18:25:02.893,0.85863,0.8589,1.38,1.38
2014.01.02 18:25:04.624,0.85863,0.8589,1.00,1.38
2014.01.02 18:25:11.223,0.85863,0.8589,1.38,1.38
2014.01.02 18:25:11.791,0.85863,0.8589,1.00,1.38
2014.01.02 18:25:15.186,0.85863,0.8589,1.00,1.38
2014.01.02 18:25:15.338,0.85863,0.85884,1.00,1.38
2014.01.02 18:25:15.439,0.85858,0.85884,1.10,1.48
2014.01.02 18:25:15.540,0.85853,0.8588,1.58,1.38
2014.01.02 18:25:16.750,0.85853,0.8588,1.00,1.48
2014.01.02 18:25:17.176,0.85851,0.85875,1.50,1.38
2014.01.02 18:25:17.345,0.85857,0.85875,1.00,1.38
2014.01.02 18:25:17.397,0.8586,0.85883,1.00,1.65
2014.01.02 18:25:17.498,0.8586,0.85883,1.08,1.58
2014.01.02 18:25:17.548,0.8586,0.85883,1.15,1.50
2014.01.02 18:25:17.780,0.85863,0.85886,1.18,1.38
2014.01.02 18:25:18.292,0.85863,0.8589,1.15,1.38
2014.01.02 18:25:19.088,0.85858,0.85885,1.15,1.38
2014.01.02 18:25:19.240,0.85858,0.85885,3.08,1.38
2014.01.02 18:25:19.341,0.85858,0.85885,1.18,1.38
2014.01.02 18:25:19.492,0.85858,0.85885,1.18,1.38
2014.01.02 18:25:20.363,0.85859,0.85884,1.08,1.38
2014.01.02 18:25:20.900,0.85859,0.85884,1.08,1.38
2014.01.02 18:25:21.904,0.85859,0.85884,1.08,1.38
2014.01.02 18:25:22.006,0.85853,0.8588,1.08,1.38
2014.01.02 18:25:22.056,0.85853,0.8588,1.00,1.38
2014.01.02 18:25:22.272,0.85853,0.8588,1.00,1.38
2014.01.02 18:25:22.373,0.85853,0.8588,1.00,1.38
2014.01.02 18:25:22.604,0.85853,0.8588,1.18,1.38
2014.01.02 18:25:23.663,0.85853,0.8588,1.15,1.38
2014.01.02 18:25:25.872,0.85854,0.8588,2.33,1.38
2014.01.02 18:25:26.291,0.85853,0.8588,1.15,1.38
2014.01.02 18:25:27.283,0.85859,0.85884,1.00,1.38
2014.01.02 18:25:28.062,0.85859,0.85884,1.00,1.38
2014.01.02 18:25:28.598,0.85859,0.85884,1.08,1.38
2014.01.02 18:25:30.482,0.85859,0.85884,1.08,1.38
2014.01.02 18:25:34.004,0.85859,0.85884,1.08,1.38
2014.01.02 18:25:34.155,0.85859,0.85884,1.15,1.38
2014.01.02 18:25:34.357,0.85864,0.85889,1.00,1.88
2014.01.02 18:25:35.153,0.85864,0.85889,1.10,1.88
2014.01.02 18:25:35.355,0.85864,0.85889,1.15,1.13
2014.01.02 18:25:39.063,0.85864,0.85889,1.15,1.38
2014.01.02 18:25:41.459,0.85869,0.85894,1.00,1.88
2014.01.02 18:25:45.517,0.85869,0.85894,1.08,1.38
2014.01.02 18:25:48.622,0.85869,0.85894,1.08,1.38
2014.01.02 18:25:53.054,0.85869,0.85894,1.15,1.38
2014.01.02 18:25:53.155,0.85874,0.85896,1.00,1.38
2014.01.02 18:25:53.604,0.85868,0.85895,1.18,1.38
2014.01.02 18:25:58.735,0.85868,0.85894,1.10,1.38
2014.01.02 18:25:58.785,0.85868,0.85894,1.10,1.38
2014.01.02 18:26:00.173,0.85868,0.85893,1.00,1.38
2014.01.02 18:26:03.608,0.85863,0.8589,1.15,1.38
2014.01.02 18:26:04.203,0.85863,0.8589,1.15,1.38
2014.01.02 18:26:04.304,0.85863,0.8589,1.10,1.38
2014.01.02 18:26:04.355,0.85863,0.8589,1.10,1.38
2014.01.02 18:26:04.714,0.85858,0.85885,1.18,1.38
2014.01.02 18:26:07.880,0.85858,0.85885,1.15,1.38
2014.01.02 18:26:08.173,0.85858,0.85885,1.53,1.38
2014.01.02 18:26:08.475,0.8586,0.85885,2.70,1.38
2014.01.02 18:26:09.044,0.85859,0.85885,3.45,1.38
2014.01.02 18:26:33.383,0.85859,0.85885,3.45,1.13
2014.01.02 18:26:36.212,0.85859,0.85885,3.45,1.38
2014.01.02 18:26:45.792,0.85858,0.85885,3.45,1.38
2014.01.02 18:26:46.071,0.85858,0.85885,1.18,1.38
2014.01.02 18:26:46.244,0.85858,0.85885,3.08,1.38
2014.01.02 18:26:47.911,0.8586,0.85885,2.33,1.38
2014.01.02 18:27:13.016,0.85863,0.85889,1.15,1.38
2014.01.02 18:27:13.314,0.85863,0.85889,1.18,1.38
2014.01.02 18:27:17.752,0.8586,0.85886,3.08,1.38
2014.01.02 18:27:18.282,0.8586,0.85886,3.08,1.38
2014.01.02 18:27:27.542,0.8586,0.85886,3.83,1.38
2014.01.02 18:27:27.721,0.8586,0.85886,1.15,1.38
2014.01.02 18:27:28.213,0.8586,0.85886,1.15,1.38
2014.01.02 18:27:28.263,0.8586,0.85886,1.00,1.38
2014.01.02 18:27:28.314,0.8586,0.85884,1.00,1.38
2014.01.02 18:27:28.364,0.85856,0.8588,1.08,1.38
2014.01.02 18:27:28.762,0.8585,0.85876,3.83,1.38
2014.01.02 18:27:28.863,0.8585,0.85876,3.08,1.38
2014.01.02 18:27:28.964,0.8585,0.85876,1.15,1.38
2014.01.02 18:27:29.648,0.8585,0.85876,1.15,1.38
2014.01.02 18:27:31.771,0.85851,0.85876,1.15,1.38
2014.01.02 18:27:31.822,0.85852,0.85876,1.15,1.38
2014.01.02 18:27:32.131,0.8585,0.85876,1.15,1.38
2014.01.02 18:27:32.333,0.8585,0.85876,1.65,1.38
2014.01.02 18:27:33.060,0.8585,0.85876,1.15,1.38
2014.01.02 18:27:33.370,0.8585,0.85874,1.00,1.88
2014.01.02 18:27:35.472,0.85847,0.85872,1.18,1.38
2014.01.02 18:27:35.999,0.85849,0.85874,1.00,1.88
2014.01.02 18:27:38.188,0.85849,0.85874,1.10,1.88
2014.01.02 18:27:38.813,0.85849,0.85874,1.00,1.88
2014.01.02 18:27:40.262,0.85849,0.85874,1.00,1.88
2014.01.02 18:27:41.251,0.85849,0.85874,1.00,1.38
2014.01.02 18:27:41.599,0.85849,0.85874,1.08,1.38
2014.01.02 18:27:41.700,0.85849,0.85874,1.18,1.38
2014.01.02 18:27:42.013,0.85855,0.85879,1.20,1.38
2014.01.02 18:27:43.121,0.85855,0.85879,1.20,1.88
2014.01.02 18:27:43.423,0.85855,0.85873,1.00,1.38
2014.01.02 18:27:43.625,0.8585,0.85873,1.00,1.38
2014.01.02 18:27:46.074,0.8585,0.85873,1.00,1.38
2014.01.02 18:27:46.590,0.8585,0.85874,1.08,1.38
2014.01.02 18:27:47.130,0.8585,0.85874,1.08,1.38
2014.01.02 18:27:47.231,0.8585,0.85874,1.15,1.38
2014.01.02 18:27:49.983,0.8585,0.85874,1.18,1.38
2014.01.02 18:27:50.097,0.8585,0.85874,1.00,1.53
2014.01.02 18:27:51.112,0.85844,0.8587,1.38,1.55
2014.01.02 18:27:51.213,0.85849,0.85875,1.00,2.03
2014.01.02 18:27:51.860,0.85849,0.85875,1.00,1.53
2014.01.02 18:27:53.046,0.85849,0.85875,1.08,1.45
2014.01.02 18:27:54.906,0.85849,0.85874,1.00,1.48
2014.01.02 18:28:07.504,0.85849,0.85875,1.00,1.48
2014.01.02 18:28:08.125,0.85849,0.85875,1.13,1.48
2014.01.02 18:28:18.501,0.85849,0.85875,1.38,1.48
2014.01.02 18:28:18.702,0.85854,0.8588,1.38,1.95
2014.01.02 18:28:18.955,0.85859,0.85885,1.13,1.53
2014.01.02 18:28:20.084,0.85859,0.85885,1.38,1.45
2014.01.02 18:28:26.182,0.85859,0.85884,1.00,1.55
2014.01.02 18:28:26.333,0.85854,0.8588,1.13,1.48
2014.01.02 18:28:28.951,0.85854,0.8588,1.13,1.48
2014.01.02 18:28:32.715,0.85854,0.8588,1.38,1.48
2014.01.02 18:28:33.428,0.8586,0.85884,1.00,1.53
2014.01.02 18:28:40.824,0.8586,0.85883,1.00,1.45
2014.01.02 18:28:49.287,0.85854,0.8588,1.00,1.48
2014.01.02 18:29:02.455,0.85854,0.85878,1.00,1.38
2014.01.02 18:29:07.170,0.85854,0.85878,1.10,1.38
2014.01.02 18:29:07.390,0.85854,0.8588,1.15,1.38
2014.01.02 18:29:10.993,0.85854,0.8588,1.00,1.38
2014.01.02 18:29:11.094,0.85849,0.85873,1.38,1.38
2014.01.02 18:29:11.670,0.85849,0.85873,1.38,1.38
2014.01.02 18:29:13.438,0.85849,0.85873,1.13,1.38
2014.01.02 18:29:15.639,0.85849,0.85873,1.13,1.38
2014.01.02 18:29:15.969,0.85849,0.85873,1.38,1.38
2014.01.02 18:29:16.079,0.85849,0.85873,1.38,1.38
2014.01.02 18:29:16.612,0.85849,0.85873,1.00,1.48
2014.01.02 18:29:19.379,0.85849,0.85873,1.38,1.58
2014.01.02 18:29:20.120,0.85849,0.85873,1.00,1.38
2014.01.02 18:29:21.769,0.85849,0.85873,1.38,1.38
2014.01.02 18:29:25.839,0.85849,0.85873,1.38,1.38
2014.01.02 18:29:29.299,0.85849,0.85873,1.38,1.38
2014.01.02 18:29:30.115,0.85847,0.85869,1.38,1.00
2014.01.02 18:29:32.869,0.85843,0.85869,1.38,1.38
2014.01.02 18:29:40.376,0.85847,0.85869,1.00,1.38
2014.01.02 18:29:40.578,0.85847,0.85869,1.38,1.00
2014.01.02 18:29:43.531,0.85843,0.85869,1.38,1.00
2014.01.02 18:29:43.582,0.85847,0.85873,1.38,1.48
2014.01.02 18:29:44.098,0.85847,0.85873,1.13,1.53
2014.01.02 18:29:45.048,0.85847,0.85873,1.13,1.53
2014.01.02 18:29:48.469,0.85847,0.85873,1.00,6.38
2014.01.02 18:29:48.592,0.85842,0.85868,1.50,1.53
2014.01.02 18:29:48.899,0.85837,0.85863,2.48,1.48
2014.01.02 18:29:49.051,0.85837,0.85863,1.88,1.45
2014.01.02 18:29:49.252,0.85837,0.85863,1.88,1.45
2014.01.02 18:29:49.849,0.85837,0.85863,1.88,1.45
2014.01.02 18:29:50.368,0.85837,0.85863,1.88,1.38
2014.01.02 18:29:50.750,0.85837,0.85863,1.88,1.13
2014.01.02 18:29:51.169,0.85837,0.85863,1.88,1.00
2014.01.02 18:29:52.535,0.85841,0.85863,1.38,1.00
2014.01.02 18:29:52.639,0.85843,0.85867,1.38,1.13
2014.01.02 18:29:52.740,0.85843,0.85867,1.38,1.00
2014.01.02 18:29:53.610,0.85843,0.85867,1.38,1.00
2014.01.02 18:29:55.020,0.85843,0.85867,1.38,1.13
2014.01.02 18:29:58.537,0.85843,0.85867,1.38,1.00
2014.01.02 18:29:59.585,0.85843,0.85867,1.38,1.20
2014.01.02 18:30:00.739,0.85843,0.85867,1.38,1.20
2014.01.02 18:30:01.745,0.85843,0.85867,1.38,1.28
2014.01.02 18:30:01.846,0.85839,0.85863,1.38,1.00
2014.01.02 18:30:02.164,0.85839,0.85863,1.38,1.00
2014.01.02 18:30:02.781,0.85841,0.85863,1.38,1.00
2014.01.02 18:30:04.087,0.85841,0.85863,1.38,1.00
2014.01.02 18:30:04.618,0.85841,0.85863,1.38,1.00
2014.01.02 18:30:08.768,0.85841,0.85863,1.38,1.00
2014.01.02 18:30:12.673,0.85842,0.85868,1.38,1.55
2014.01.02 18:30:15.829,0.85842,0.85868,1.38,1.55
2014.01.02 18:30:15.931,0.85841,0.85862,1.38,1.00
2014.01.02 18:30:16.481,0.85841,0.85862,1.38,1.00
2014.01.02 18:30:22.533,0.85841,0.85862,1.38,1.00
2014.01.02 18:30:23.056,0.85838,0.85862,1.38,1.00
2014.01.02 18:30:23.409,0.85843,0.85867,1.38,1.08
2014.01.02 18:30:25.170,0.85843,0.85867,1.38,1.00
2014.01.02 18:30:25.798,0.85843,0.85867,1.38,1.00
2014.01.02 18:30:39.518,0.85849,0.85874,1.00,2.03
2014.01.02 18:30:50.217,0.85849,0.85874,1.00,1.53
2014.01.02 18:30:51.220,0.8585,0.85874,1.10,1.45
2014.01.02 18:30:51.321,0.85852,0.85878,1.08,1.38
2014.01.02 18:30:51.573,0.85859,0.85884,1.00,1.38
2014.01.02 18:30:52.639,0.85859,0.85884,1.48,1.38
2014.01.02 18:30:52.898,0.85859,0.85884,1.00,1.48
2014.01.02 18:30:53.050,0.85859,0.85884,1.00,3.45
2014.01.02 18:30:53.353,0.85859,0.85884,1.38,1.45
2014.01.02 18:30:53.504,0.85859,0.85884,1.00,1.45
2014.01.02 18:30:53.655,0.85859,0.85884,1.38,1.53
2014.01.02 18:30:53.858,0.85859,0.85884,1.00,1.48
2014.01.02 18:30:53.959,0.85859,0.85884,1.15,1.38
2014.01.02 18:30:54.061,0.85859,0.85884,1.00,1.53
2014.01.02 18:30:54.213,0.85859,0.85884,1.38,1.53
2014.01.02 18:30:54.975,0.85859,0.85884,1.53,1.38
2014.01.02 18:30:55.177,0.85869,0.85894,1.00,1.58
2014.01.02 18:30:55.228,0.85873,0.85899,1.00,2.63
2014.01.02 18:30:55.541,0.85878,0.85902,1.38,1.00
2014.01.02 18:30:56.059,0.85878,0.85905,1.45,1.38
2014.01.02 18:30:59.678,0.85878,0.85905,1.58,1.38
2014.01.02 18:31:00.092,0.85881,0.85905,1.00,1.38
2014.01.02 18:31:00.639,0.85878,0.85905,1.58,1.38
2014.01.02 18:31:08.117,0.85878,0.85905,1.58,1.38
2014.01.02 18:31:16.477,0.85878,0.85905,1.20,1.38
2014.01.02 18:31:16.611,0.85878,0.85905,1.10,1.38
2014.01.02 18:31:22.323,0.85878,0.85905,1.48,1.38
2014.01.02 18:31:22.529,0.85878,0.85905,1.10,1.38
2014.01.02 18:31:28.467,0.85878,0.85905,1.20,1.38
2014.01.02 18:31:28.974,0.85878,0.85905,1.48,1.38
2014.01.02 18:31:30.872,0.85877,0.85899,1.38,1.00
2014.01.02 18:31:31.197,0.85874,0.85899,1.48,1.45
2014.01.02 18:31:31.400,0.85872,0.85896,1.50,1.38
2014.01.02 18:31:31.888,0.85872,0.85896,1.00,1.38
2014.01.02 18:31:34.084,0.85872,0.85896,1.00,1.53
2014.01.02 18:31:34.538,0.85872,0.85893,1.00,1.53
2014.01.02 18:31:34.640,0.85872,0.8589,1.00,1.58
2014.01.02 18:31:34.841,0.85855,0.8588,1.45,1.38
2014.01.02 18:31:34.944,0.85859,0.85883,1.00,1.45
2014.01.02 18:31:35.147,0.85853,0.8588,1.55,1.38
2014.01.02 18:31:35.248,0.85858,0.85885,1.00,1.53
2014.01.02 18:31:35.450,0.85854,0.85879,1.10,1.38
2014.01.02 18:31:37.728,0.85854,0.85879,1.10,1.38
2014.01.02 18:31:37.930,0.85858,0.85885,1.00,1.55
2014.01.02 18:31:38.131,0.85858,0.85885,1.08,1.08
2014.01.02 18:31:38.182,0.85858,0.85885,1.15,1.00
2014.01.02 18:31:38.233,0.85863,0.8589,1.00,1.38
2014.01.02 18:31:38.398,0.85863,0.8589,1.00,1.38
2014.01.02 18:31:38.650,0.85864,0.85889,1.00,1.38
2014.01.02 18:31:39.778,0.85864,0.85889,1.00,1.00
2014.01.02 18:31:41.027,0.85864,0.85889,1.00,1.38
2014.01.02 18:31:41.330,0.85864,0.85888,1.00,1.48
2014.01.02 18:31:41.431,0.85858,0.85885,1.00,1.38
2014.01.02 18:31:41.632,0.85854,0.85879,1.00,1.38
2014.01.02 18:31:41.733,0.85858,0.85885,1.00,1.55
2014.01.02 18:31:42.278,0.85858,0.85885,1.00,1.38
2014.01.02 18:31:46.282,0.85858,0.85885,1.00,1.38
2014.01.02 18:31:46.846,0.85858,0.85885,1.00,1.38
2014.01.02 18:31:48.987,0.85858,0.85885,1.00,1.38
2014.01.02 18:31:49.777,0.85858,0.85885,1.00,1.53
2014.01.02 18:31:50.298,0.85858,0.85885,1.00,1.38
2014.01.02 18:31:50.825,0.85858,0.85885,1.00,1.38
2014.01.02 18:31:55.807,0.85858,0.85885,1.00,1.38
2014.01.02 18:31:58.579,0.85858,0.85885,1.00,1.38
2014.01.02 18:32:08.315,0.85858,0.85885,1.00,1.38
2014.01.02 18:32:08.591,0.85854,0.85879,1.08,1.00
2014.01.02 18:32:09.245,0.85854,0.85879,1.00,1.00
2014.01.02 18:32:10.515,0.85854,0.85879,1.00,1.08
2014.01.02 18:32:10.566,0.85848,0.85875,1.10,1.00
2014.01.02 18:32:10.666,0.85848,0.85875,1.08,1.38
2014.01.02 18:32:10.969,0.85848,0.85872,1.00,3.45
2014.01.02 18:32:13.306,0.85844,0.85869,1.00,1.15
2014.01.02 18:32:13.663,0.85848,0.85874,1.00,1.55
2014.01.02 18:32:13.764,0.85848,0.85875,1.00,1.15
2014.01.02 18:32:13.867,0.85853,0.85879,1.00,5.63
2014.01.02 18:32:14.312,0.85853,0.85876,1.00,2.33
2014.01.02 18:32:14.413,0.85848,0.85875,1.00,1.53
2014.01.02 18:32:14.464,0.85848,0.85874,1.00,2.70
2014.01.02 18:32:15.436,0.85848,0.85875,1.00,4.20
2014.01.02 18:32:16.076,0.85848,0.85874,1.00,2.70
2014.01.02 18:32:18.067,0.85848,0.85875,1.00,3.83
2014.01.02 18:32:18.369,0.85854,0.85876,1.00,2.33
2014.01.02 18:32:19.584,0.85854,0.85879,1.00,5.25
2014.01.02 18:32:19.786,0.85854,0.85879,1.00,1.53
2014.01.02 18:32:20.333,0.85857,0.85879,1.00,1.38
2014.01.02 18:32:20.436,0.85858,0.8588,1.00,1.00
2014.01.02 18:32:20.638,0.85858,0.8588,1.00,1.08
2014.01.02 18:32:21.672,0.85857,0.85879,1.13,1.15
2014.01.02 18:32:22.148,0.85857,0.85879,1.13,1.15
2014.01.02 18:32:22.509,0.85854,0.85878,1.00,1.15
2014.01.02 18:32:23.067,0.85854,0.85878,1.00,4.50
2014.01.02 18:32:23.169,0.85854,0.85879,1.18,1.00
2014.01.02 18:32:23.270,0.85854,0.85879,3.08,1.00
2014.01.02 18:32:23.421,0.85858,0.85885,1.08,1.00
2014.01.02 18:32:23.525,0.85864,0.85889,1.00,1.48
2014.01.02 18:32:23.890,0.85858,0.85885,1.08,1.00
2014.01.02 18:32:23.994,0.85858,0.85885,1.00,1.48
2014.01.02 18:32:24.556,0.85854,0.85879,1.20,1.00
2014.01.02 18:32:29.429,0.85856,0.85882,1.00,1.20
2014.01.02 18:32:29.530,0.85858,0.85885,1.00,1.38
2014.01.02 18:32:29.834,0.85864,0.85889,1.10,1.08
2014.01.02 18:32:29.885,0.85864,0.85889,1.20,1.00
2014.01.02 18:32:31.835,0.85864,0.85889,1.18,1.00
2014.01.02 18:32:32.962,0.85864,0.85889,1.15,1.00
2014.01.02 18:32:33.063,0.85864,0.85889,1.00,1.15
2014.01.02 18:32:34.608,0.85867,0.85893,1.00,4.20
2014.01.02 18:32:34.911,0.85863,0.85887,1.00,1.20
2014.01.02 18:32:39.088,0.85863,0.85887,1.00,1.15
2014.01.02 18:32:41.598,0.85863,0.85887,1.00,1.10
2014.01.02 18:32:45.136,0.85863,0.85887,1.38,1.10
2014.01.02 18:32:45.237,0.85868,0.85892,1.13,1.10
2014.01.02 18:32:45.860,0.85868,0.85892,1.13,1.18
2014.01.02 18:32:46.457,0.85868,0.85892,1.00,1.55
2014.01.02 18:32:46.659,0.85868,0.85892,1.13,1.20
2014.01.02 18:32:47.174,0.85868,0.85892,1.13,1.18
2014.01.02 18:32:47.423,0.85868,0.85892,1.00,1.53
2014.01.02 18:32:47.575,0.85863,0.85887,1.00,1.53
2014.01.02 18:32:47.877,0.85858,0.85882,1.38,1.20
2014.01.02 18:32:55.984,0.85858,0.85882,1.53,1.13
2014.01.02 18:32:56.286,0.85866,0.85888,1.38,1.00
2014.01.02 18:33:01.407,0.85867,0.85893,1.38,1.28
2014.01.02 18:33:01.652,0.85872,0.85897,1.00,5.63
2014.01.02 18:33:05.166,0.85872,0.85897,1.00,5.63
2014.01.02 18:33:10.115,0.85872,0.85897,1.00,5.63
2014.01.02 18:33:28.148,0.85877,0.85898,1.00,4.88
2014.01.02 18:33:33.533,0.85874,0.85896,1.00,1.53
2014.01.02 18:33:37.048,0.85874,0.85898,1.00,3.53
2014.01.02 18:33:37.149,0.85874,0.85898,1.00,3.53
2014.01.02 18:33:38.861,0.85879,0.85901,1.00,1.38
2014.01.02 18:33:38.912,0.85879,0.85901,1.00,1.00
2014.01.02 18:33:39.063,0.85883,0.85903,1.00,1.53
2014.01.02 18:33:39.586,0.85883,0.85906,1.00,1.53
2014.01.02 18:33:42.086,0.85883,0.85907,1.00,2.70
2014.01.02 18:33:43.722,0.85883,0.85906,1.00,4.88
2014.01.02 18:33:45.302,0.85883,0.85906,1.00,5.63
2014.01.02 18:33:51.725,0.85883,0.85906,1.00,5.63
2014.01.02 18:33:52.037,0.85883,0.85902,1.00,1.53
2014.01.02 18:33:52.339,0.85883,0.85901,1.00,2.70
2014.01.02 18:33:52.949,0.85883,0.85901,1.00,2.70
2014.01.02 18:33:53.115,0.85876,0.859,1.00,1.53
2014.01.02 18:33:53.385,0.85876,0.859,1.00,1.53
2014.01.02 18:33:57.665,0.85876,0.859,1.00,1.53
2014.01.02 18:34:00.964,0.85876,0.85899,1.00,1.53
2014.01.02 18:34:01.305,0.85872,0.85897,1.38,1.18
2014.01.02 18:34:01.527,0.85877,0.85901,1.00,1.55
2014.01.02 18:34:01.628,0.85879,0.85902,1.00,2.70
2014.01.02 18:34:01.781,0.85879,0.85903,1.00,1.55
2014.01.02 18:34:03.153,0.85879,0.85902,1.00,2.70
2014.01.02 18:34:05.327,0.85876,0.85902,1.00,4.20
2014.01.02 18:34:05.378,0.85876,0.85902,1.00,3.45
2014.01.02 18:34:05.556,0.85872,0.85897,1.00,1.48
2014.01.02 18:34:06.816,0.85872,0.85896,1.00,1.53
2014.01.02 18:34:07.119,0.85867,0.85894,1.88,2.03
2014.01.02 18:34:07.321,0.85872,0.85894,1.00,1.53
2014.01.02 18:34:07.422,0.85867,0.85893,1.38,1.18
2014.01.02 18:34:07.473,0.85867,0.85893,1.00,1.55
2014.01.02 18:34:07.678,0.85872,0.85893,1.00,1.53
2014.01.02 18:34:08.745,0.85872,0.85893,1.00,1.53
2014.01.02 18:34:09.339,0.85872,0.85896,1.00,6.38
2014.01.02 18:34:12.086,0.85872,0.85896,1.00,6.38
2014.01.02 18:34:12.389,0.85866,0.8589,1.00,1.53
2014.01.02 18:34:14.154,0.85866,0.8589,1.00,1.53
2014.01.02 18:34:14.265,0.85866,0.8589,1.00,1.45
2014.01.02 18:34:14.381,0.85871,0.85892,1.00,1.53
2014.01.02 18:34:15.683,0.85871,0.85894,1.00,3.45
2014.01.02 18:34:16.149,0.85871,0.85894,1.00,3.45
2014.01.02 18:34:16.474,0.85866,0.8589,1.00,1.53
2014.01.02 18:34:16.575,0.85866,0.8589,1.00,2.03
2014.01.02 18:34:23.373,0.85866,0.8589,1.00,1.53
2014.01.02 18:34:24.275,0.85866,0.85889,1.00,2.70
2014.01.02 18:34:26.611,0.85866,0.85889,1.00,2.70
2014.01.02 18:34:27.446,0.85861,0.85885,1.00,1.55
2014.01.02 18:34:29.205,0.85861,0.85885,1.00,1.48
2014.01.02 18:34:29.360,0.85861,0.85885,1.13,1.48
2014.01.02 18:34:29.775,0.85861,0.85885,1.38,1.45
2014.01.02 18:34:29.882,0.85861,0.85885,1.38,1.45
2014.01.02 18:34:30.633,0.85861,0.85885,1.38,1.53
2014.01.02 18:34:31.138,0.85861,0.85885,1.38,1.58
2014.01.02 18:34:36.936,0.85861,0.85885,1.13,1.53
2014.01.02 18:34:37.360,0.85861,0.85885,1.38,1.48
2014.01.02 18:34:37.696,0.85861,0.85885,1.38,1.48
2014.01.02 18:34:40.908,0.85861,0.85885,1.88,1.48
2014.01.02 18:34:41.009,0.85861,0.85885,1.88,1.00
2014.01.02 18:34:41.084,0.85866,0.8589,1.00,1.28
2014.01.02 18:34:41.235,0.85866,0.8589,1.13,1.20
2014.01.02 18:34:41.336,0.85866,0.8589,1.38,1.20
2014.01.02 18:34:42.326,0.85871,0.85895,1.00,1.53
2014.01.02 18:34:43.185,0.85871,0.85895,1.00,1.53
2014.01.02 18:34:44.096,0.85871,0.85895,1.00,1.53
2014.01.02 18:34:44.834,0.85871,0.85894,1.00,3.45
2014.01.02 18:34:45.145,0.85865,0.85887,1.00,1.53
2014.01.02 18:34:46.154,0.85865,0.85887,1.00,3.45
2014.01.02 18:34:58.264,0.85865,0.85889,1.00,3.45
2014.01.02 18:34:58.703,0.85865,0.85889,1.00,1.53
2014.01.02 18:34:59.055,0.8587,0.85892,1.00,4.88
2014.01.02 18:35:00.344,0.85865,0.85891,1.00,2.03
2014.01.02 18:35:00.673,0.85865,0.8589,1.00,1.53
2014.01.02 18:35:02.302,0.85871,0.85893,1.00,1.53
2014.01.02 18:35:02.554,0.85866,0.8589,1.00,4.20
2014.01.02 18:35:08.128,0.8586,0.85886,1.38,1.55
2014.01.02 18:35:20.868,0.8586,0.85886,1.13,1.55
2014.01.02 18:35:21.374,0.8586,0.85886,1.13,1.53
2014.01.02 18:35:22.635,0.85872,0.85885,1.00,1.48
2014.01.02 18:35:22.736,0.85872,0.85885,1.00,1.00
2014.01.02 18:35:23.033,0.85872,0.85889,1.00,1.08
2014.01.02 18:35:29.756,0.85866,0.85889,1.13,1.53
2014.01.02 18:35:30.280,0.85866,0.85889,1.38,1.38
2014.01.02 18:35:30.985,0.85872,0.85889,1.00,1.38
2014.01.02 18:35:31.035,0.85872,0.85889,1.00,1.00
2014.01.02 18:35:41.538,0.85866,0.85889,1.38,1.13
2014.01.02 18:35:41.588,0.85866,0.85889,1.38,1.13
2014.01.02 18:35:41.956,0.85871,0.85889,1.00,1.13
2014.01.02 18:35:51.991,0.85871,0.85889,1.00,1.18
2014.01.02 18:35:58.699,0.85871,0.85889,1.00,1.10
2014.01.02 18:36:02.128,0.85876,0.85889,1.00,1.00
2014.01.02 18:36:02.279,0.85876,0.85893,1.00,1.00
2014.01.02 18:36:02.330,0.85871,0.85893,1.38,1.00
2014.01.02 18:36:02.431,0.85871,0.85893,1.00,1.38
2014.01.02 18:36:02.733,0.85876,0.85893,1.00,1.00
2014.01.02 18:36:02.884,0.85871,0.85893,1.00,1.38
2014.01.02 18:36:03.785,0.85871,0.85889,1.00,1.00
2014.01.02 18:36:04.324,0.85871,0.85888,1.00,1.00
2014.01.02 18:36:11.845,0.85866,0.85888,1.38,1.00
2014.01.02 18:36:11.895,0.85866,0.85888,1.13,1.38
2014.01.02 18:36:12.062,0.85862,0.85885,1.13,1.48
2014.01.02 18:36:12.149,0.85862,0.85881,1.13,1.00
2014.01.02 18:36:14.779,0.85862,0.85881,1.00,1.38
2014.01.02 18:36:14.830,0.85857,0.85881,1.50,1.45
2014.01.02 18:36:14.981,0.85857,0.85879,1.00,1.48
2014.01.02 18:36:15.401,0.85857,0.85879,1.00,1.48
2014.01.02 18:36:15.964,0.85857,0.85879,1.13,1.20
2014.01.02 18:36:19.135,0.85857,0.85879,1.38,1.20
2014.01.02 18:36:19.963,0.85857,0.85879,1.00,1.20
2014.01.02 18:36:22.106,0.85856,0.85879,1.38,1.20
2014.01.02 18:36:22.853,0.85861,0.85879,1.00,1.65
2014.01.02 18:36:23.600,0.85861,0.85879,1.00,1.00
2014.01.02 18:36:39.676,0.85856,0.85879,1.38,1.00
2014.01.02 18:36:48.143,0.85861,0.85879,1.00,1.00
2014.01.02 18:36:50.503,0.85861,0.85879,1.00,1.38
2014.01.02 18:36:53.627,0.85861,0.85879,1.00,1.00
2014.01.02 18:37:01.529,0.85861,0.85879,1.00,1.48
2014.01.02 18:37:03.885,0.85858,0.85879,1.00,1.48
2014.01.02 18:37:19.542,0.85858,0.85883,1.00,2.03
2014.01.02 18:37:19.602,0.85861,0.85883,1.00,1.53
2014.01.02 18:37:22.293,0.85861,0.85883,1.00,1.33
2014.01.02 18:37:23.064,0.85861,0.85884,1.13,1.33
2014.01.02 18:37:23.614,0.85861,0.85884,1.38,1.55
2014.01.02 18:37:23.917,0.85861,0.85883,1.00,3.45
2014.01.02 18:37:24.018,0.85861,0.85883,1.00,1.53
2014.01.02 18:37:24.068,0.85861,0.85883,1.00,1.53
2014.01.02 18:37:24.119,0.85856,0.85883,1.38,1.53
2014.01.02 18:37:24.714,0.85856,0.85879,1.88,1.00
2014.01.02 18:37:24.815,0.85861,0.85879,1.00,1.00
2014.01.02 18:37:25.168,0.85861,0.85886,1.00,4.20
2014.01.02 18:37:25.892,0.85861,0.85883,1.00,1.48
2014.01.02 18:37:26.849,0.85861,0.85885,1.00,1.53
2014.01.02 18:37:27.462,0.85861,0.85884,1.00,1.53
2014.01.02 18:37:44.183,0.85861,0.85884,1.00,1.53
2014.01.02 18:37:45.744,0.85861,0.85884,1.00,1.53
2014.01.02 18:37:46.493,0.85861,0.85884,1.00,1.53
2014.01.02 18:37:47.373,0.85861,0.85884,1.00,1.53
2014.01.02 18:37:51.292,0.85861,0.85884,1.00,5.63
2014.01.02 18:37:57.012,0.85861,0.85886,1.00,2.70
2014.01.02 18:38:01.753,0.85861,0.85883,1.00,1.45
2014.01.02 18:38:02.756,0.85861,0.85884,1.50,1.55
2014.01.02 18:38:11.643,0.85861,0.85884,1.50,1.55
2014.01.02 18:38:11.847,0.85856,0.85874,1.00,1.00
2014.01.02 18:38:12.099,0.85856,0.85874,1.00,1.48
2014.01.02 18:38:12.321,0.85853,0.85874,1.00,1.48
2014.01.02 18:38:12.422,0.85853,0.85872,1.00,1.20
2014.01.02 18:38:12.523,0.85849,0.85869,1.38,1.00
2014.01.02 18:38:12.892,0.85847,0.85869,1.38,1.00
2014.01.02 18:38:12.993,0.85847,0.85869,1.38,1.10
2014.01.02 18:38:13.311,0.85851,0.85869,1.38,1.00
2014.01.02 18:38:13.833,0.85852,0.85871,1.38,1.00
2014.01.02 18:38:13.884,0.85856,0.85871,1.38,1.00
2014.01.02 18:38:13.935,0.85856,0.85878,1.38,1.13
2014.01.02 18:38:14.477,0.85858,0.85878,1.38,1.00
2014.01.02 18:38:15.271,0.85858,0.85878,1.38,1.00
2014.01.02 18:38:17.363,0.85858,0.85878,1.38,1.00
2014.01.02 18:38:17.711,0.85856,0.85878,1.38,1.38
2014.01.02 18:38:18.682,0.85856,0.85878,1.00,1.38
2014.01.02 18:38:18.833,0.85856,0.85878,1.00,1.45
2014.01.02 18:38:18.884,0.85853,0.85873,1.13,1.00
2014.01.02 18:38:18.934,0.85853,0.85873,1.38,1.00
2014.01.02 18:38:19.035,0.85853,0.85873,1.00,1.38
2014.01.02 18:38:19.295,0.85852,0.85868,1.13,1.00
2014.01.02 18:38:21.553,0.85848,0.85868,1.38,1.00
2014.01.02 18:38:22.061,0.85847,0.85868,1.88,1.00
2014.01.02 18:38:22.213,0.85852,0.85868,1.00,1.00
2014.01.02 18:38:29.623,0.85857,0.85868,1.00,1.00
2014.01.02 18:38:29.675,0.85857,0.85872,1.00,1.00
2014.01.02 18:38:29.776,0.85857,0.85874,1.38,1.00
2014.01.02 18:38:29.877,0.85857,0.85878,1.38,1.88
2014.01.02 18:38:30.078,0.85861,0.8588,1.00,1.28
2014.01.02 18:38:30.179,0.85859,0.8588,1.00,1.20
2014.01.02 18:38:30.230,0.85859,0.85879,1.00,1.38
2014.01.02 18:38:30.331,0.85856,0.85877,1.00,1.45
2014.01.02 18:38:30.382,0.85854,0.85877,1.13,1.53
2014.01.02 18:38:30.432,0.85854,0.85877,1.38,1.53
2014.01.02 18:38:30.936,0.85852,0.85875,1.88,1.38
2014.01.02 18:38:31.552,0.85852,0.85873,1.13,1.00
2014.01.02 18:38:32.558,0.85852,0.85871,1.00,1.00
2014.01.02 18:38:32.761,0.85847,0.85869,1.38,1.00
2014.01.02 18:38:33.273,0.85847,0.85868,1.00,1.20
2014.01.02 18:38:33.374,0.85846,0.85868,1.13,1.28
2014.01.02 18:38:33.909,0.85843,0.85867,1.38,1.45
2014.01.02 18:38:39.413,0.85847,0.85871,1.00,1.38
2014.01.02 18:38:39.813,0.8585,0.85871,1.00,1.38
2014.01.02 18:38:39.977,0.8585,0.85871,1.00,1.13
2014.01.02 18:38:40.877,0.85848,0.85871,1.00,1.38
2014.01.02 18:38:41.182,0.85847,0.85871,1.50,1.55
2014.01.02 18:38:42.503,0.85847,0.85871,1.00,1.55
2014.01.02 18:38:42.654,0.85847,0.85871,1.38,1.45
2014.01.02 18:38:42.755,0.85847,0.85871,1.38,1.38
2014.01.02 18:38:43.073,0.85847,0.85871,1.88,1.38
2014.01.02 18:38:43.382,0.85847,0.85871,1.00,1.58
2014.01.02 18:38:46.742,0.85843,0.85868,1.38,1.48
2014.01.02 18:38:46.843,0.85846,0.85871,1.00,1.53
2014.01.02 18:38:47.358,0.85846,0.85871,1.00,1.38
2014.01.02 18:38:48.662,0.85846,0.85871,1.00,1.48
2014.01.02 18:38:48.974,0.85846,0.85871,1.00,1.55
2014.01.02 18:38:49.502,0.85846,0.85869,1.00,1.38
2014.01.02 18:38:51.346,0.85842,0.85866,1.10,1.38
2014.01.02 18:38:52.646,0.85842,0.85866,1.10,1.38
2014.01.02 18:38:52.748,0.85842,0.85866,1.00,1.38
2014.01.02 18:38:52.799,0.8584,0.85864,1.00,1.38
2014.01.02 18:38:52.951,0.8584,0.85863,1.00,1.38
2014.01.02 18:38:53.171,0.8584,0.85863,1.00,1.38
2014.01.02 18:38:54.858,0.85837,0.85859,1.15,1.38
2014.01.02 18:38:55.171,0.85837,0.85861,1.08,1.48
2014.01.02 18:38:55.221,0.85837,0.85861,1.00,1.38
2014.01.02 18:38:55.373,0.85837,0.85861,1.00,1.38
2014.01.02 18:38:55.525,0.85837,0.85861,1.00,1.30
2014.01.02 18:38:55.878,0.85839,0.85865,1.08,1.30
2014.01.02 18:38:55.928,0.85839,0.85865,1.20,1.30
2014.01.02 18:38:55.979,0.85839,0.85865,1.20,1.30
2014.01.02 18:38:56.505,0.85842,0.85867,1.18,1.30
2014.01.02 18:38:57.044,0.85842,0.85867,1.10,1.38
2014.01.02 18:39:00.230,0.85842,0.85867,1.00,1.38
2014.01.02 18:39:00.281,0.85838,0.85863,1.10,1.38
2014.01.02 18:39:00.534,0.85838,0.85863,1.00,1.38
2014.01.02 18:39:00.685,0.85838,0.85863,1.00,1.38
2014.01.02 18:39:01.185,0.85838,0.85863,1.00,1.38
2014.01.02 18:39:01.842,0.85838,0.85863,1.00,1.38
2014.01.02 18:39:03.209,0.85838,0.85863,1.00,1.38
2014.01.02 18:39:05.548,0.85837,0.85861,1.00,1.38
2014.01.02 18:39:05.599,0.85837,0.85861,1.00,1.38
2014.01.02 18:39:05.901,0.85832,0.85856,1.00,1.38
2014.01.02 18:39:06.024,0.85832,0.85856,1.00,1.38
2014.01.02 18:39:06.429,0.85836,0.85859,1.00,1.38
2014.01.02 18:39:06.479,0.85836,0.85859,1.13,1.38
2014.01.02 18:39:06.681,0.85836,0.85862,2.03,1.38
2014.01.02 18:39:06.997,0.85838,0.85864,1.00,1.38
2014.01.02 18:39:07.198,0.85835,0.85858,1.10,1.38
2014.01.02 18:39:07.673,0.85835,0.85858,1.00,1.38
2014.01.02 18:39:07.824,0.85835,0.85858,1.00,1.38
2014.01.02 18:39:07.925,0.85835,0.85858,1.00,1.38
2014.01.02 18:39:09.440,0.85835,0.85858,1.00,1.38
2014.01.02 18:39:09.591,0.85833,0.85858,1.00,1.88
2014.01.02 18:39:09.793,0.85833,0.85858,1.00,1.88
2014.01.02 18:39:10.752,0.85829,0.85855,1.15,1.38
2014.01.02 18:39:11.001,0.85829,0.85855,1.65,1.38
2014.01.02 18:39:11.462,0.85829,0.85855,1.10,1.38
2014.01.02 18:39:11.564,0.85829,0.85854,1.18,1.60
2014.01.02 18:39:11.835,0.85814,0.85839,1.00,1.38
2014.01.02 18:39:11.939,0.85812,0.85829,1.00,1.38
2014.01.02 18:39:11.990,0.85812,0.85829,1.38,1.00
2014.01.02 18:39:12.091,0.85815,0.85831,1.00,1.00
2014.01.02 18:39:12.192,0.85817,0.85842,1.00,4.88
2014.01.02 18:39:12.485,0.85822,0.85842,1.13,4.50
2014.01.02 18:39:12.787,0.85824,0.85847,1.48,1.38
2014.01.02 18:39:12.837,0.85824,0.85847,1.10,1.38
2014.01.02 18:39:13.156,0.85824,0.85847,1.55,1.38
2014.01.02 18:39:13.408,0.85827,0.85853,1.00,1.38
2014.01.02 18:39:13.609,0.85827,0.85853,1.38,1.00
2014.01.02 18:39:13.660,0.85829,0.85853,1.15,1.00
2014.01.02 18:39:13.811,0.85833,0.85855,1.48,1.13
2014.01.02 18:39:14.016,0.85835,0.85859,1.13,1.38
2014.01.02 18:39:14.168,0.85838,0.85863,1.50,1.00
2014.01.02 18:39:14.470,0.85841,0.85866,1.53,1.38
2014.01.02 18:39:14.994,0.85842,0.85866,1.88,1.13
2014.01.02 18:39:15.340,0.85847,0.85869,1.88,1.00
2014.01.02 18:39:15.593,0.85852,0.85876,1.38,1.38
2014.01.02 18:39:16.121,0.85852,0.85876,1.30,1.38
2014.01.02 18:39:16.872,0.85852,0.85876,1.38,1.38
2014.01.02 18:39:17.270,0.85849,0.85876,1.88,1.38
2014.01.02 18:39:17.423,0.85849,0.85876,1.88,1.38
2014.01.02 18:39:18.057,0.85849,0.85876,1.88,1.38
2014.01.02 18:39:18.363,0.85849,0.85872,1.38,1.00
2014.01.02 18:39:18.718,0.85845,0.85868,1.38,1.00
2014.01.02 18:39:19.251,0.85847,0.85868,1.38,1.00
2014.01.02 18:39:19.403,0.85847,0.85868,1.38,1.00
2014.01.02 18:39:19.471,0.85847,0.85868,1.38,1.00
2014.01.02 18:39:19.622,0.85847,0.85868,1.13,1.38
2014.01.02 18:39:19.673,0.85847,0.85863,1.13,1.00
2014.01.02 18:39:19.925,0.85844,0.85863,1.00,1.00
2014.01.02 18:39:20.313,0.85844,0.85863,1.00,1.38
2014.01.02 18:39:20.364,0.85839,0.85863,1.88,1.38
2014.01.02 18:39:20.920,0.85839,0.85863,1.88,1.38
2014.01.02 18:39:21.244,0.85841,0.85863,1.38,1.13
2014.01.02 18:39:22.111,0.85842,0.85863,1.38,1.00
2014.01.02 18:39:23.461,0.85839,0.85863,1.88,1.13
2014.01.02 18:39:23.563,0.85839,0.85863,1.88,1.38
2014.01.02 18:39:23.762,0.85839,0.85863,1.38,1.13
2014.01.02 18:39:25.841,0.85839,0.85863,1.38,1.20
2014.01.02 18:39:26.225,0.85839,0.85863,1.00,1.53
2014.01.02 18:39:26.480,0.85837,0.85859,1.13,1.28
2014.01.02 18:39:27.356,0.85831,0.85857,1.88,1.00
2014.01.02 18:39:27.569,0.85836,0.85854,1.00,1.00
2014.01.02 18:39:27.620,0.8583,0.85854,1.13,1.00
2014.01.02 18:39:27.940,0.85832,0.85854,1.38,1.00
2014.01.02 18:39:29.370,0.85832,0.85854,1.38,1.00
2014.01.02 18:39:29.892,0.85832,0.85854,1.00,1.00
2014.01.02 18:39:30.513,0.85832,0.85855,1.38,1.13
2014.01.02 18:39:30.564,0.85832,0.85855,1.38,1.00
2014.01.02 18:39:30.963,0.85832,0.85855,1.88,1.00
2014.01.02 18:39:32.755,0.85831,0.85855,1.88,1.00
2014.01.02 18:39:34.079,0.85831,0.85855,1.38,1.38
2014.01.02 18:39:34.423,0.85831,0.85855,1.38,1.38
2014.01.02 18:39:34.622,0.85831,0.85855,1.38,1.13
2014.01.02 18:39:34.734,0.85831,0.85855,1.38,1.45
2014.01.02 18:39:35.036,0.85823,0.85849,1.38,1.45
2014.01.02 18:39:35.087,0.85824,0.85849,1.38,1.53
2014.01.02 18:39:35.391,0.85823,0.85846,1.38,1.13
2014.01.02 18:39:35.511,0.85824,0.85846,1.00,1.38
2014.01.02 18:39:35.612,0.85821,0.85844,1.00,1.45
2014.01.02 18:39:35.663,0.85819,0.85846,1.88,3.45
2014.01.02 18:39:35.764,0.85822,0.85846,1.38,1.38
2014.01.02 18:39:35.865,0.85822,0.85846,1.38,1.38
2014.01.02 18:39:36.198,0.85822,0.85846,1.38,1.38
2014.01.02 18:39:36.838,0.85822,0.85846,1.38,1.38
2014.01.02 18:39:37.357,0.85822,0.85846,1.00,1.38
2014.01.02 18:39:37.863,0.85819,0.85846,1.48,1.38
2014.01.02 18:39:38.589,0.85819,0.85846,1.38,1.38
2014.01.02 18:39:39.121,0.85819,0.85846,1.38,1.38
2014.01.02 18:39:39.541,0.85821,0.85846,1.00,1.00
2014.01.02 18:39:40.421,0.85821,0.85846,1.38,1.38
2014.01.02 18:39:40.749,0.85821,0.85846,1.38,1.13
2014.01.02 18:39:41.559,0.85821,0.85846,1.38,1.13
2014.01.02 18:39:42.269,0.85821,0.85846,1.38,1.00
2014.01.02 18:39:43.404,0.85826,0.85849,1.38,1.38
2014.01.02 18:39:43.963,0.85827,0.85853,1.20,1.00
2014.01.02 18:39:44.114,0.85827,0.85853,1.18,1.00
2014.01.02 18:39:44.462,0.85829,0.85856,1.88,1.00
2014.01.02 18:39:44.512,0.85833,0.85858,1.10,1.00
2014.01.02 18:39:44.572,0.85837,0.85861,1.00,1.00
2014.01.02 18:39:44.940,0.85837,0.85861,1.00,1.38
2014.01.02 18:39:45.412,0.85837,0.85861,1.00,1.38
2014.01.02 18:39:45.462,0.85834,0.85859,1.13,1.38
2014.01.02 18:39:45.513,0.85834,0.85859,1.00,1.38
2014.01.02 18:39:45.929,0.85832,0.85853,1.38,1.00
2014.01.02 18:39:46.461,0.85832,0.85853,1.00,1.00
2014.01.02 18:39:47.681,0.85832,0.85853,1.38,1.00
2014.01.02 18:39:48.301,0.85832,0.85853,1.38,1.00
2014.01.02 18:39:48.671,0.85832,0.85853,1.38,1.00
2014.01.02 18:39:48.872,0.85833,0.85858,1.38,1.00
2014.01.02 18:39:50.956,0.85836,0.85853,1.38,1.00
2014.01.02 18:39:51.208,0.85835,0.85862,1.38,1.55
2014.01.02 18:39:51.259,0.85835,0.85862,1.00,1.45
2014.01.02 18:39:53.157,0.85832,0.85859,2.03,1.38
2014.01.02 18:39:54.741,0.85831,0.85855,1.88,1.38
2014.01.02 18:39:55.070,0.8583,0.85855,1.60,1.38
2014.01.02 18:39:56.945,0.8583,0.85855,1.60,1.38
2014.01.02 18:39:57.472,0.8583,0.85855,1.60,1.38
2014.01.02 18:39:58.067,0.85829,0.85851,2.10,1.38
2014.01.02 18:39:58.571,0.85829,0.85851,2.10,1.38
2014.01.02 18:39:58.837,0.85827,0.85851,1.13,1.38
2014.01.02 18:40:01.680,0.85827,0.85851,1.95,1.38
2014.01.02 18:40:02.212,0.85827,0.85851,2.78,1.38
2014.01.02 18:40:03.430,0.85827,0.85851,2.78,1.13
2014.01.02 18:40:03.733,0.85837,0.85859,1.10,1.38
2014.01.02 18:40:03.783,0.85837,0.85859,1.18,1.38
2014.01.02 18:40:04.288,0.85837,0.85863,1.00,1.38
2014.01.02 18:40:04.565,0.85837,0.85863,1.00,1.38
2014.01.02 18:40:05.356,0.85837,0.85863,1.88,1.38
2014.01.02 18:40:06.001,0.85837,0.85863,2.25,1.38
2014.01.02 18:40:06.441,0.85837,0.85863,1.88,1.38
2014.01.02 18:40:06.945,0.85837,0.85863,2.63,1.38
2014.01.02 18:40:07.144,0.85837,0.85863,2.63,1.38
2014.01.02 18:40:07.849,0.85838,0.85863,1.30,1.38
2014.01.02 18:40:07.899,0.85841,0.85863,1.00,1.38
2014.01.02 18:40:08.051,0.85841,0.85863,1.00,1.38
2014.01.02 18:40:10.419,0.85838,0.85863,2.10,1.38
2014.01.02 18:40:10.714,0.85838,0.85863,1.68,1.38
2014.01.02 18:40:12.120,0.85841,0.85863,1.00,1.38
2014.01.02 18:40:12.340,0.85841,0.85863,1.38,1.38
2014.01.02 18:40:14.111,0.85841,0.85863,1.38,1.00
2014.01.02 18:40:14.980,0.85841,0.85863,1.38,1.38
2014.01.02 18:40:15.590,0.85847,0.85863,1.00,1.38
2014.01.02 18:40:16.389,0.85847,0.85863,1.13,1.00
2014.01.02 18:40:16.703,0.85847,0.85865,1.13,1.00
2014.01.02 18:40:16.753,0.85847,0.85865,1.38,1.00
2014.01.02 18:40:17.056,0.85847,0.85868,1.38,1.00
2014.01.02 18:40:17.380,0.85847,0.85868,1.38,1.00
2014.01.02 18:40:17.954,0.85847,0.85868,1.38,1.00
2014.01.02 18:40:18.859,0.85847,0.85868,1.13,1.38
2014.01.02 18:40:18.919,0.85847,0.85868,1.38,1.13
2014.01.02 18:40:19.071,0.85847,0.85868,1.00,1.20
2014.01.02 18:40:19.172,0.85847,0.85868,1.38,1.00
2014.01.02 18:40:19.805,0.85847,0.85868,1.38,1.00
2014.01.02 18:40:20.330,0.85847,0.85868,1.38,1.20
2014.01.02 18:40:23.030,0.85848,0.85868,2.48,1.38
2014.01.02 18:40:23.144,0.85847,0.85868,1.00,1.38
2014.01.02 18:40:23.244,0.85847,0.85868,1.00,1.38
2014.01.02 18:40:23.547,0.85843,0.85868,2.85,1.53
2014.01.02 18:40:23.835,0.85841,0.85862,1.60,1.38
2014.01.02 18:40:25.449,0.85841,0.85862,1.60,1.38
2014.01.02 18:40:25.763,0.8584,0.85862,2.10,1.38
2014.01.02 18:40:25.814,0.85838,0.85862,1.13,1.38
2014.01.02 18:40:28.890,0.85837,0.85859,1.38,1.00
2014.01.02 18:40:29.196,0.85841,0.85862,1.38,1.00
2014.01.02 18:40:29.347,0.85841,0.85862,1.13,1.00
2014.01.02 18:40:29.849,0.85841,0.85862,1.38,1.00
2014.01.02 18:40:30.650,0.85841,0.85862,1.13,1.38
2014.01.02 18:40:31.998,0.85838,0.85862,1.73,1.55
2014.01.02 18:40:34.328,0.85842,0.85862,1.00,1.55
2014.01.02 18:40:36.590,0.85842,0.85862,1.00,1.55
2014.01.02 18:40:37.483,0.85842,0.85862,1.00,1.55
2014.01.02 18:40:37.907,0.85842,0.85862,1.00,1.53
2014.01.02 18:40:38.209,0.85834,0.85856,1.00,2.70
2014.01.02 18:40:38.310,0.85827,0.85853,1.38,3.45
2014.01.02 18:40:38.361,0.85827,0.85853,1.00,4.20
2014.01.02 18:40:38.929,0.85826,0.85848,1.00,1.55
2014.01.02 18:40:39.230,0.85823,0.85848,1.00,1.53
2014.01.02 18:40:39.548,0.85822,0.85843,1.00,1.55
2014.01.02 18:40:39.700,0.85822,0.85845,1.00,2.03
2014.01.02 18:40:41.330,0.85822,0.85845,1.00,2.03
2014.01.02 18:40:41.810,0.85818,0.85845,1.38,1.53
2014.01.02 18:40:41.959,0.85821,0.85845,1.00,1.53
2014.01.02 18:40:42.214,0.85818,0.85845,1.38,1.53
2014.01.02 18:40:42.969,0.85818,0.85845,1.00,1.53
2014.01.02 18:40:43.750,0.85818,0.85844,1.38,2.70
2014.01.02 18:40:45.704,0.85822,0.85844,1.00,2.70
2014.01.02 18:40:46.118,0.85822,0.85845,1.00,1.53
2014.01.02 18:40:46.978,0.85822,0.85845,1.00,1.53
2014.01.02 18:40:47.208,0.85826,0.85845,1.00,1.53
2014.01.02 18:40:47.360,0.85826,0.85845,1.00,1.55
2014.01.02 18:40:47.529,0.85821,0.85845,1.38,1.55
2014.01.02 18:40:47.581,0.85821,0.85845,1.13,1.53
2014.01.02 18:40:51.006,0.85821,0.85845,1.38,1.13
2014.01.02 18:40:51.057,0.85826,0.85845,1.00,1.13
2014.01.02 18:40:51.400,0.85827,0.85845,1.38,1.00
2014.01.02 18:40:52.272,0.85827,0.85848,1.38,1.20
2014.01.02 18:40:53.048,0.85827,0.85848,1.38,1.38
2014.01.02 18:40:54.308,0.85827,0.8585,1.13,1.48
2014.01.02 18:40:54.900,0.85827,0.8585,1.38,1.13
2014.01.02 18:40:57.030,0.85827,0.8585,1.38,1.38
2014.01.02 18:41:00.523,0.85829,0.85854,1.00,2.70
2014.01.02 18:41:00.674,0.85829,0.85855,1.43,1.00
2014.01.02 18:41:01.212,0.85829,0.85856,1.35,1.08
2014.01.02 18:41:01.629,0.85829,0.85856,1.35,1.53
2014.01.02 18:41:06.674,0.85832,0.85856,1.00,1.38
2014.01.02 18:41:06.724,0.85832,0.85856,1.00,1.38
2014.01.02 18:41:06.825,0.85836,0.85856,1.00,1.38
2014.01.02 18:41:07.027,0.85836,0.85856,1.00,1.38
2014.01.02 18:41:07.529,0.85836,0.85859,1.00,1.38
2014.01.02 18:41:08.381,0.85833,0.85859,1.80,1.38
2014.01.02 18:41:08.583,0.85842,0.85861,1.00,1.38
2014.01.02 18:41:08.683,0.85842,0.85861,1.00,1.38
2014.01.02 18:41:08.885,0.85837,0.85861,3.60,1.38
2014.01.02 18:41:11.637,0.85837,0.85861,4.35,1.38
2014.01.02 18:41:12.419,0.85837,0.85861,5.10,1.13
2014.01.02 18:41:12.520,0.85842,0.85866,1.00,1.38
2014.01.02 18:41:12.919,0.85842,0.85866,1.13,1.38
2014.01.02 18:41:13.074,0.85842,0.85866,1.38,1.38
2014.01.02 18:41:13.400,0.85842,0.85866,1.13,1.38
2014.01.02 18:41:13.921,0.85842,0.85866,1.38,1.38
2014.01.02 18:41:14.349,0.85844,0.85868,1.38,1.38
2014.01.02 18:41:16.245,0.85844,0.85868,1.38,1.38
2014.01.02 18:41:16.346,0.85845,0.85868,1.30,1.38
2014.01.02 18:41:16.986,0.85844,0.85868,1.38,1.13
2014.01.02 18:41:17.045,0.85844,0.85868,1.00,1.38
2014.01.02 18:41:17.386,0.85842,0.85866,1.88,1.38
2014.01.02 18:41:18.089,0.85842,0.85866,1.38,1.13
2014.01.02 18:41:20.516,0.85844,0.85871,1.38,1.55
2014.01.02 18:41:20.759,0.85844,0.85868,1.13,1.38
2014.01.02 18:41:20.961,0.85842,0.85868,2.25,1.48
2014.01.02 18:41:21.180,0.85842,0.85868,2.63,1.38
2014.01.02 18:41:25.062,0.85845,0.8587,1.13,1.38
2014.01.02 18:41:30.927,0.85847,0.8587,1.00,1.38
2014.01.02 18:41:31.078,0.85847,0.8587,4.35,1.00
2014.01.02 18:41:31.400,0.85848,0.85873,2.48,1.38
2014.01.02 18:41:35.139,0.85848,0.85873,2.48,1.38
2014.01.02 18:41:35.441,0.85852,0.85876,1.35,1.45
2014.01.02 18:41:35.492,0.85852,0.85876,1.35,1.55
2014.01.02 18:41:35.593,0.85852,0.85876,1.00,1.55
2014.01.02 18:41:36.133,0.85852,0.85876,1.00,1.38
2014.01.02 18:41:36.431,0.85846,0.85873,1.00,2.03
2014.01.02 18:41:36.481,0.85846,0.85873,1.13,2.03
2014.01.02 18:41:37.601,0.85845,0.85869,1.00,1.38
2014.01.02 18:41:38.499,0.85845,0.85869,1.38,1.38
2014.01.02 18:41:39.927,0.85845,0.85869,1.38,1.38
2014.01.02 18:41:45.342,0.85847,0.85869,1.00,1.38
2014.01.02 18:41:45.645,0.85847,0.85869,1.00,1.55
2014.01.02 18:41:45.968,0.85847,0.85869,1.00,3.38
2014.01.02 18:41:46.018,0.85847,0.85869,1.00,1.38
2014.01.02 18:41:46.914,0.85847,0.85869,1.00,1.53
2014.01.02 18:41:47.446,0.85847,0.85869,1.00,1.48
2014.01.02 18:41:48.178,0.85847,0.85869,1.00,1.48
2014.01.02 18:41:49.148,0.85847,0.85869,1.00,1.48
2014.01.02 18:41:49.198,0.85845,0.85869,1.13,1.95
2014.01.02 18:41:49.966,0.85841,0.85865,1.88,1.58
2014.01.02 18:41:51.367,0.85841,0.85865,1.88,1.28
2014.01.02 18:41:51.992,0.85841,0.85865,1.88,1.53
2014.01.02 18:42:03.599,0.85846,0.85864,1.00,1.13
2014.01.02 18:42:08.675,0.85846,0.85864,1.00,1.38
2014.01.02 18:42:13.609,0.85842,0.85864,1.38,1.38
2014.01.02 18:42:30.857,0.85842,0.85864,1.38,1.00
2014.01.02 18:42:30.908,0.85847,0.85864,1.00,1.00
2014.01.02 18:42:35.172,0.85847,0.85867,1.00,1.38
2014.01.02 18:42:35.496,0.85852,0.85871,1.00,1.38
2014.01.02 18:42:37.438,0.85852,0.8587,1.00,1.13
2014.01.02 18:42:43.097,0.85851,0.8587,1.00,1.13
2014.01.02 18:42:48.884,0.85851,0.8587,1.38,1.00
2014.01.02 18:42:49.187,0.85857,0.85875,1.00,1.00
2014.01.02 18:43:12.940,0.85862,0.85878,1.00,1.45
2014.01.02 18:43:13.091,0.85862,0.85878,1.38,1.00
2014.01.02 18:43:13.142,0.85862,0.85884,1.38,1.45
2014.01.02 18:43:13.660,0.85861,0.85884,1.38,1.00
2014.01.02 18:43:14.293,0.85861,0.85884,1.38,1.00
2014.01.02 18:43:14.497,0.85861,0.85884,1.38,1.00
2014.01.02 18:43:15.176,0.85861,0.85884,1.38,1.13
2014.01.02 18:43:16.806,0.85861,0.85884,1.38,1.13
2014.01.02 18:43:17.388,0.85861,0.85884,1.38,1.00
2014.01.02 18:43:17.466,0.85861,0.85884,1.38,1.38
2014.01.02 18:43:17.796,0.85861,0.85884,1.38,1.00
2014.01.02 18:43:17.907,0.85861,0.85884,1.38,1.13
2014.01.02 18:43:18.379,0.85861,0.85884,1.00,1.48
2014.01.02 18:43:18.905,0.85861,0.8588,1.00,1.38
2014.01.02 18:43:19.056,0.85861,0.8588,1.00,1.38
2014.01.02 18:43:19.207,0.85856,0.8588,1.38,1.38
2014.01.02 18:43:19.359,0.85856,0.8588,1.13,1.38
2014.01.02 18:43:19.867,0.85856,0.8588,1.13,1.38
2014.01.02 18:43:20.767,0.85856,0.8588,1.13,1.38
2014.01.02 18:43:20.969,0.85862,0.8588,1.00,1.38
2014.01.02 18:43:22.012,0.85862,0.8588,1.00,1.13
2014.01.02 18:43:25.377,0.85861,0.8588,1.00,1.00
2014.01.02 18:43:27.807,0.85861,0.8588,1.00,1.38
2014.01.02 18:43:34.296,0.85861,0.8588,1.00,1.48
2014.01.02 18:43:34.406,0.85861,0.8588,1.00,1.48
2014.01.02 18:43:34.516,0.85861,0.8588,1.00,1.48
2014.01.02 18:43:43.836,0.85861,0.8588,1.00,1.20
2014.01.02 18:43:43.989,0.85861,0.8588,1.38,1.00
2014.01.02 18:43:44.140,0.85867,0.85885,1.00,1.00
2014.01.02 18:43:44.191,0.85871,0.85885,1.00,1.00
2014.01.02 18:43:44.393,0.85871,0.85887,1.00,1.00
2014.01.02 18:43:45.045,0.85864,0.85887,1.73,1.00
2014.01.02 18:43:45.305,0.85864,0.85887,2.10,1.00
2014.01.02 18:43:45.407,0.85867,0.85887,2.10,1.00
2014.01.02 18:43:45.608,0.85867,0.8589,1.73,1.00
2014.01.02 18:43:46.268,0.85867,0.8589,2.10,1.00
2014.01.02 18:43:46.625,0.85869,0.85896,1.75,1.10
2014.01.02 18:43:48.676,0.85871,0.85896,1.38,1.10
2014.01.02 18:43:49.336,0.85871,0.85896,1.38,1.10
2014.01.02 18:43:51.317,0.85871,0.85896,1.38,1.00
2014.01.02 18:43:52.972,0.85876,0.85896,1.38,1.00
2014.01.02 18:43:56.816,0.85875,0.85896,1.13,1.00
2014.01.02 18:43:59.171,0.85876,0.85896,1.00,1.13
2014.01.02 18:44:00.185,0.85876,0.85896,1.00,1.38
2014.01.02 18:44:01.185,0.85876,0.85896,1.00,1.38
2014.01.02 18:44:01.336,0.85867,0.85889,1.75,1.00
2014.01.02 18:44:01.437,0.85867,0.85889,1.00,1.38
2014.01.02 18:44:02.024,0.85866,0.85888,1.35,1.38
2014.01.02 18:44:02.504,0.85866,0.85888,1.35,1.38
2014.01.02 18:44:03.584,0.85867,0.85888,1.13,1.38
2014.01.02 18:44:04.291,0.85867,0.85888,1.13,1.38
2014.01.02 18:44:04.837,0.85866,0.85889,1.50,1.38
2014.01.02 18:44:05.296,0.85867,0.85893,1.13,1.88
2014.01.02 18:44:05.830,0.85866,0.85893,3.00,1.88
2014.01.02 18:44:06.896,0.85866,0.85893,3.00,1.88
2014.01.02 18:44:07.027,0.85866,0.85893,3.00,1.88
2014.01.02 18:44:09.578,0.8587,0.85893,1.00,1.38
2014.01.02 18:44:09.628,0.85873,0.85895,2.10,1.38
2014.01.02 18:44:09.849,0.85873,0.85895,2.48,1.13
2014.01.02 18:44:10.103,0.85873,0.85895,2.48,1.38
2014.01.02 18:44:10.205,0.85874,0.85895,1.30,1.38
2014.01.02 18:44:10.725,0.85875,0.85895,1.00,1.13
2014.01.02 18:44:14.488,0.85874,0.85901,2.25,1.38
2014.01.02 18:44:17.756,0.85874,0.85901,1.88,1.38
2014.01.02 18:44:22.723,0.85874,0.85901,2.10,1.38
2014.01.02 18:44:23.026,0.85878,0.85901,1.00,1.38
2014.01.02 18:44:23.177,0.85877,0.85901,4.13,1.00
2014.01.02 18:44:24.026,0.85877,0.85901,4.13,1.00
2014.01.02 18:44:25.415,0.85878,0.85901,1.00,1.13
2014.01.02 18:44:25.466,0.85878,0.85901,1.00,1.38
2014.01.02 18:44:26.176,0.85877,0.85901,3.60,1.38
2014.01.02 18:44:27.716,0.85878,0.85901,1.00,1.38
2014.01.02 18:44:28.025,0.85877,0.85899,2.85,1.38
2014.01.02 18:44:28.558,0.85878,0.85899,1.00,1.38
2014.01.02 18:44:29.134,0.85878,0.85901,1.00,1.38
2014.01.02 18:44:29.336,0.85878,0.85903,1.38,1.38
2014.01.02 18:44:29.437,0.85878,0.85903,1.75,1.38
2014.01.02 18:44:29.795,0.85879,0.85903,1.00,1.38
2014.01.02 18:44:29.903,0.85877,0.85899,4.35,1.13
2014.01.02 18:44:30.328,0.85878,0.85899,1.38,1.38
2014.01.02 18:44:34.386,0.85877,0.85899,4.35,1.38
2014.01.02 18:44:40.507,0.85878,0.859,1.38,1.38
2014.01.02 18:44:40.759,0.85877,0.859,4.05,1.38
2014.01.02 18:44:41.976,0.85878,0.85899,1.00,1.38
2014.01.02 18:44:42.336,0.85882,0.859,2.10,1.38
2014.01.02 18:44:42.386,0.85884,0.859,1.13,1.00
2014.01.02 18:44:42.437,0.85884,0.85906,1.13,1.38
2014.01.02 18:44:42.488,0.85884,0.85906,1.00,1.13
2014.01.02 18:44:42.539,0.85884,0.85903,1.00,1.00
2014.01.02 18:44:42.589,0.85882,0.85903,1.13,1.00
2014.01.02 18:44:44.498,0.85883,0.85903,1.00,1.00
2014.01.02 18:44:45.128,0.85883,0.85903,1.00,1.38
2014.01.02 18:44:45.179,0.85881,0.85899,1.00,1.00
2014.01.02 18:44:45.734,0.8588,0.85903,1.73,1.38
2014.01.02 18:44:45.785,0.8588,0.85903,2.48,1.00
2014.01.02 18:44:47.576,0.85882,0.85903,3.00,1.00
2014.01.02 18:44:47.677,0.85882,0.85909,3.38,1.88
2014.01.02 18:44:47.778,0.85886,0.85909,1.13,1.88
2014.01.02 18:44:48.461,0.85888,0.85913,1.00,2.03
2014.01.02 18:44:49.436,0.85891,0.85913,2.10,2.03
2014.01.02 18:44:49.537,0.85891,0.85913,2.10,1.55
2014.01.02 18:44:49.638,0.85891,0.85914,3.60,1.38
2014.01.02 18:44:49.790,0.85891,0.85909,2.85,1.00
2014.01.02 18:44:49.891,0.85887,0.85909,1.43,1.13
2014.01.02 18:44:49.991,0.85887,0.85909,2.10,1.38
2014.01.02 18:44:50.545,0.85887,0.85904,1.35,1.00
2014.01.02 18:44:50.746,0.85886,0.85909,3.60,1.38
2014.01.02 18:44:53.054,0.85886,0.85904,3.60,1.00
2014.01.02 18:44:55.585,0.85886,0.85908,2.85,1.38
2014.01.02 18:44:57.185,0.85886,0.85908,2.85,1.38
2014.01.02 18:44:57.288,0.85883,0.85907,3.23,1.38
2014.01.02 18:44:57.439,0.85883,0.85903,2.10,1.38
2014.01.02 18:44:58.125,0.85881,0.85903,1.00,1.38
2014.01.02 18:44:58.326,0.85881,0.85903,1.13,1.00
2014.01.02 18:45:01.984,0.85882,0.85903,1.00,1.13
2014.01.02 18:45:03.786,0.85883,0.85908,1.00,1.38
2014.01.02 18:45:03.836,0.85885,0.8591,1.00,1.38
2014.01.02 18:45:04.775,0.85885,0.8591,1.73,1.38
2014.01.02 18:45:05.077,0.85882,0.85906,1.00,1.38
2014.01.02 18:45:05.229,0.8588,0.85902,1.00,1.38
2014.01.02 18:45:05.854,0.85878,0.85902,3.23,1.38
2014.01.02 18:45:06.645,0.85878,0.85902,3.23,1.38
2014.01.02 18:45:07.195,0.85878,0.85902,3.98,1.38
2014.01.02 18:45:10.955,0.85878,0.85902,3.98,1.38
2014.01.02 18:45:11.084,0.85879,0.85902,1.35,1.00
2014.01.02 18:45:11.285,0.85882,0.85905,1.38,1.38
2014.01.02 18:45:12.035,0.85883,0.85905,1.38,1.00
2014.01.02 18:45:12.338,0.85886,0.8591,1.38,1.38
2014.01.02 18:45:14.028,0.85886,0.8591,1.38,1.38
2014.01.02 18:45:16.764,0.85887,0.8591,1.13,1.38
2014.01.02 18:45:28.535,0.85887,0.8591,1.00,1.38
2014.01.02 18:45:29.085,0.85886,0.8591,1.00,1.38
2014.01.02 18:45:29.635,0.85887,0.85909,1.00,1.38
2014.01.02 18:45:30.185,0.85886,0.85909,1.00,1.38
2014.01.02 18:45:30.387,0.8588,0.85903,1.13,1.38
2014.01.02 18:45:30.438,0.8588,0.85903,1.13,1.38
2014.01.02 18:45:31.195,0.85881,0.85903,1.00,1.38
2014.01.02 18:45:31.446,0.85878,0.85903,1.00,1.38
2014.01.02 18:45:31.952,0.85878,0.85903,1.00,1.38
2014.01.02 18:45:32.103,0.85878,0.85903,1.13,1.38
2014.01.02 18:45:32.356,0.85878,0.85904,2.85,1.38
2014.01.02 18:45:32.406,0.8588,0.85904,1.05,1.00
2014.01.02 18:45:32.569,0.85882,0.85908,1.00,1.88
2014.01.02 18:45:33.240,0.85882,0.85908,1.00,1.80
2014.01.02 18:45:39.229,0.85882,0.85904,1.00,1.00
2014.01.02 18:45:39.993,0.85881,0.85904,1.00,1.50
2014.01.02 18:45:41.525,0.85881,0.85903,1.10,1.00
2014.01.02 18:45:42.048,0.85882,0.85903,1.00,1.00
2014.01.02 18:45:49.112,0.85881,0.85903,1.00,1.00
2014.01.02 18:45:49.163,0.85881,0.85899,1.00,1.00
2014.01.02 18:45:49.332,0.85876,0.85899,1.38,1.38
2014.01.02 18:45:49.554,0.85876,0.85899,1.00,1.38
2014.01.02 18:45:49.655,0.85873,0.85898,2.93,1.38
2014.01.02 18:45:49.857,0.85875,0.85898,1.30,1.38
2014.01.02 18:45:51.192,0.85879,0.85898,1.00,1.13
2014.01.02 18:45:51.444,0.85879,0.85903,1.38,1.20
2014.01.02 18:45:52.050,0.85882,0.85904,1.00,1.38
2014.01.02 18:45:52.697,0.85882,0.85904,1.00,1.13
2014.01.02 18:46:00.875,0.85882,0.85904,1.38,1.00
2014.01.02 18:46:02.825,0.85882,0.85904,1.38,1.00
2014.01.02 18:46:06.815,0.85882,0.85904,3.60,1.00
2014.01.02 18:46:07.454,0.85884,0.85903,1.38,1.00
2014.01.02 18:46:08.875,0.85884,0.85903,1.38,1.00
2014.01.02 18:46:10.565,0.85884,0.85908,1.38,1.48
2014.01.02 18:46:10.634,0.85884,0.85908,1.38,1.48
2014.01.02 18:46:29.185,0.85882,0.85908,1.88,1.10
2014.01.02 18:46:29.386,0.85886,0.8591,1.88,1.13
2014.01.02 18:46:29.437,0.85886,0.8591,1.88,1.13
2014.01.02 18:46:29.968,0.85891,0.8591,1.00,1.00
2014.01.02 18:46:30.472,0.85891,0.85915,1.48,1.38
2014.01.02 18:46:31.605,0.85891,0.85915,1.38,1.38
2014.01.02 18:46:33.773,0.85889,0.85913,1.38,1.00
2014.01.02 18:46:36.670,0.85891,0.85915,1.38,1.38
2014.01.02 18:46:40.773,0.85891,0.85915,1.00,1.38
2014.01.02 18:46:41.085,0.85891,0.85915,1.38,1.38
2014.01.02 18:46:42.933,0.85891,0.85915,1.38,1.13
2014.01.02 18:46:44.143,0.85891,0.85915,1.48,1.00
2014.01.02 18:46:44.988,0.85891,0.85918,1.95,1.38
2014.01.02 18:46:47.200,0.85891,0.85914,1.38,1.00
2014.01.02 18:46:59.179,0.85891,0.85918,1.88,1.38
2014.01.02 18:46:59.884,0.85896,0.85918,1.38,1.00
2014.01.02 18:47:02.037,0.85896,0.85913,1.38,1.00
2014.01.02 18:47:05.794,0.85896,0.85913,1.38,1.00
2014.01.02 18:47:06.454,0.85896,0.85913,1.38,1.00
2014.01.02 18:47:07.773,0.85896,0.85913,1.38,1.00
2014.01.02 18:47:08.581,0.85896,0.85913,1.38,1.00
2014.01.02 18:47:10.444,0.8589,0.85913,1.45,1.00
2014.01.02 18:47:10.546,0.85886,0.85913,2.03,1.00
2014.01.02 18:47:10.646,0.85891,0.85913,1.38,1.00
2014.01.02 18:47:10.750,0.85891,0.85913,1.38,1.00
2014.01.02 18:47:11.065,0.85891,0.85913,1.38,1.00
2014.01.02 18:47:11.881,0.85891,0.85913,1.38,1.00
2014.01.02 18:47:19.344,0.85887,0.85913,1.55,1.00
2014.01.02 18:47:19.873,0.85887,0.85913,1.55,1.00
2014.01.02 18:47:20.422,0.85887,0.85913,1.55,1.00
2014.01.02 18:47:21.084,0.85891,0.85913,1.38,1.00
2014.01.02 18:47:21.963,0.85891,0.85913,1.38,1.00
2014.01.02 18:47:22.626,0.85891,0.85913,1.38,1.00
2014.01.02 18:47:22.829,0.85897,0.85919,1.38,1.00
2014.01.02 18:47:23.304,0.85897,0.85919,1.38,1.00
2014.01.02 18:47:23.610,0.85892,0.85916,1.38,1.00
2014.01.02 18:47:23.934,0.85892,0.85913,1.38,1.00
2014.01.02 18:47:24.822,0.85892,0.85913,1.88,1.00
2014.01.02 18:47:25.894,0.85892,0.85913,1.38,1.00
2014.01.02 18:47:28.128,0.85892,0.85915,1.38,1.00
2014.01.02 18:47:29.151,0.85891,0.85915,1.38,1.00
2014.01.02 18:47:29.310,0.85891,0.85915,1.38,1.00
2014.01.02 18:47:42.424,0.85892,0.85915,1.38,1.13
2014.01.02 18:47:42.509,0.85892,0.85913,1.38,1.00
2014.01.02 18:47:42.894,0.85887,0.85908,2.25,1.00
2014.01.02 18:47:43.098,0.85887,0.85907,1.00,1.48
2014.01.02 18:47:43.349,0.85877,0.85903,1.48,1.00
2014.01.02 18:47:44.383,0.85877,0.85903,1.38,1.88
2014.01.02 18:47:56.045,0.85877,0.85903,1.38,1.38
2014.01.02 18:47:56.146,0.85877,0.85903,1.88,1.13
2014.01.02 18:47:56.549,0.85883,0.85907,1.00,1.38
2014.01.02 18:47:56.700,0.85883,0.85907,1.13,1.45
2014.01.02 18:47:56.805,0.85883,0.85907,1.13,1.55
2014.01.02 18:47:57.309,0.85882,0.85908,1.53,1.88
2014.01.02 18:47:57.433,0.85882,0.85908,1.53,1.88
2014.01.02 18:47:57.820,0.85887,0.85908,1.00,1.38
2014.01.02 18:47:58.331,0.85887,0.85912,1.50,1.88
2014.01.02 18:47:58.863,0.85887,0.85912,1.50,1.38
2014.01.02 18:47:59.497,0.85887,0.85912,1.50,1.38
2014.01.02 18:47:59.834,0.85884,0.8591,1.00,1.38
2014.01.02 18:47:59.885,0.85884,0.8591,1.00,1.45
2014.01.02 18:48:00.137,0.85882,0.85903,1.00,1.38
2014.01.02 18:48:01.172,0.85882,0.85903,1.00,1.38
2014.01.02 18:48:01.722,0.85882,0.85903,1.00,1.38
2014.01.02 18:48:02.972,0.85882,0.85908,1.58,1.38
2014.01.02 18:48:04.609,0.85882,0.85908,1.58,1.38
2014.01.02 18:48:05.173,0.85882,0.85908,1.50,1.38
2014.01.02 18:48:05.673,0.85886,0.85912,1.00,1.38
2014.01.02 18:48:06.329,0.85883,0.85907,1.00,1.38
2014.01.02 18:48:06.379,0.85883,0.85907,1.00,1.38
2014.01.02 18:48:07.133,0.85883,0.85907,1.00,1.38
2014.01.02 18:48:07.417,0.85887,0.85911,1.00,1.38
2014.01.02 18:48:07.580,0.85887,0.85911,1.00,1.38
2014.01.02 18:48:09.093,0.85887,0.85911,1.00,1.38
2014.01.02 18:48:09.295,0.85883,0.85907,1.00,1.38
2014.01.02 18:48:09.683,0.85883,0.85907,1.08,1.38
2014.01.02 18:48:09.845,0.85886,0.85912,1.00,1.38
2014.01.02 18:48:12.655,0.85886,0.85908,1.00,1.38
2014.01.02 18:48:13.218,0.85886,0.85908,1.00,1.38
2014.01.02 18:48:15.773,0.85886,0.85912,1.00,1.38
2014.01.02 18:48:26.662,0.85886,0.85908,1.00,1.38
2014.01.02 18:48:27.370,0.85886,0.85908,1.00,1.38
2014.01.02 18:48:31.395,0.85886,0.85908,1.00,1.38
2014.01.02 18:48:40.318,0.85886,0.85912,1.00,1.38
2014.01.02 18:48:41.991,0.85886,0.85908,1.00,1.38
2014.01.02 18:48:43.833,0.85883,0.85907,1.38,1.38
2014.01.02 18:48:45.369,0.85883,0.85907,1.00,1.38
2014.01.02 18:48:45.673,0.85877,0.85903,1.38,1.38
2014.01.02 18:48:47.912,0.85877,0.85903,1.38,1.88
2014.01.02 18:48:48.962,0.85877,0.85903,1.13,1.88
2014.01.02 18:48:49.844,0.85877,0.85903,1.38,1.88
2014.01.02 18:48:51.522,0.85877,0.85903,1.38,1.88
2014.01.02 18:48:52.884,0.85877,0.85899,1.38,1.13
2014.01.02 18:49:02.313,0.85875,0.85899,1.38,2.70
2014.01.02 18:49:02.622,0.85868,0.85893,1.75,1.00
2014.01.02 18:49:02.672,0.85868,0.85893,1.38,1.00
2014.01.02 18:49:07.640,0.85867,0.85893,1.13,1.38
2014.01.02 18:49:08.763,0.85867,0.85888,1.13,1.00
2014.01.02 18:49:09.266,0.85865,0.85888,1.38,1.08
2014.01.02 18:49:09.317,0.85865,0.85888,1.38,1.15
2014.01.02 18:49:09.945,0.85858,0.85883,1.50,1.00
2014.01.02 18:49:11.627,0.8586,0.85886,1.38,1.00
2014.01.02 18:49:22.172,0.8586,0.85886,1.38,1.00
2014.01.02 18:49:35.082,0.8586,0.85886,1.38,1.00
2014.01.02 18:49:35.233,0.8586,0.85886,1.38,1.10
2014.01.02 18:49:35.335,0.8586,0.85886,1.38,1.20
2014.01.02 18:49:35.449,0.8586,0.85886,1.38,1.20
2014.01.02 18:49:35.550,0.8586,0.85886,1.38,1.20
2014.01.02 18:49:36.290,0.8586,0.85886,1.38,1.20
2014.01.02 18:49:36.400,0.8586,0.85886,1.38,1.48
2014.01.02 18:49:36.948,0.85858,0.85882,1.38,1.00
2014.01.02 18:49:36.998,0.85858,0.85882,1.38,1.00
2014.01.02 18:49:37.280,0.85858,0.85882,1.38,1.00
2014.01.02 18:49:37.964,0.85861,0.85882,1.38,1.00
2014.01.02 18:49:38.414,0.85861,0.85885,1.88,1.10
2014.01.02 18:49:38.515,0.85861,0.85885,1.88,1.10
2014.01.02 18:49:38.767,0.85861,0.85885,1.38,1.08
2014.01.02 18:49:39.069,0.85855,0.85879,1.38,1.00
2014.01.02 18:49:40.140,0.85855,0.85879,1.38,1.00
2014.01.02 18:49:41.785,0.85852,0.85878,1.38,1.00
2014.01.02 18:49:46.850,0.85852,0.85878,1.38,1.20
2014.01.02 18:49:48.054,0.85852,0.85878,1.38,1.00
2014.01.02 18:49:49.961,0.85852,0.85878,1.00,1.88
2014.01.02 18:49:50.604,0.85847,0.85873,1.38,1.13
2014.01.02 18:49:56.118,0.85847,0.85873,1.38,1.38
2014.01.02 18:49:56.328,0.85847,0.85873,1.38,1.38
2014.01.02 18:49:59.159,0.85847,0.85873,1.38,1.38
2014.01.02 18:49:59.270,0.85847,0.85873,1.38,1.13
2014.01.02 18:49:59.813,0.85847,0.85873,1.55,1.00
2014.01.02 18:50:00.370,0.85847,0.85873,1.55,1.38
2014.01.02 18:50:01.691,0.85847,0.85873,1.38,1.00
2014.01.02 18:50:09.171,0.85847,0.85873,1.38,1.13
2014.01.02 18:50:09.431,0.85847,0.85873,1.38,1.48
2014.01.02 18:50:10.089,0.85847,0.85873,1.38,1.38
2014.01.02 18:50:11.419,0.85847,0.85873,1.38,1.13
2014.01.02 18:50:11.621,0.85847,0.85873,1.48,1.00
2014.01.02 18:50:11.671,0.85853,0.85877,1.38,1.38
2014.01.02 18:50:11.937,0.85853,0.85877,1.38,1.00
2014.01.02 18:50:12.479,0.85857,0.85883,1.00,1.55
2014.01.02 18:50:13.058,0.85857,0.85883,1.13,1.55
2014.01.02 18:50:13.570,0.85857,0.85883,1.38,1.55
2014.01.02 18:50:13.905,0.85857,0.85883,1.38,1.48
2014.01.02 18:50:14.867,0.85857,0.85883,1.38,1.48
2014.01.02 18:50:14.968,0.85857,0.85883,1.38,1.00
2014.01.02 18:50:15.170,0.85863,0.85887,1.38,1.38
2014.01.02 18:50:15.314,0.85863,0.85887,1.38,1.13
2014.01.02 18:50:15.952,0.85863,0.85887,1.38,1.00
2014.01.02 18:50:16.053,0.85867,0.85893,1.38,2.03
2014.01.02 18:50:16.205,0.85867,0.85893,1.38,1.88
2014.01.02 18:50:16.658,0.85867,0.85893,1.38,1.13
2014.01.02 18:50:16.759,0.85867,0.85893,1.38,1.38
2014.01.02 18:50:16.860,0.85872,0.85897,1.38,1.53
2014.01.02 18:50:16.961,0.85872,0.85897,1.38,1.20
2014.01.02 18:50:17.163,0.85867,0.85893,1.45,1.13
2014.01.02 18:50:17.315,0.85867,0.85893,1.38,1.20
2014.01.02 18:50:17.567,0.85867,0.85893,1.38,1.45
2014.01.02 18:50:17.617,0.85867,0.85893,1.38,1.55
2014.01.02 18:50:17.718,0.85867,0.85893,1.38,1.00
2014.01.02 18:50:18.151,0.85867,0.85893,1.38,1.00
2014.01.02 18:50:18.577,0.8587,0.85893,1.45,1.00
2014.01.02 18:50:18.681,0.85877,0.85903,1.38,1.95
2014.01.02 18:50:18.933,0.85877,0.85903,1.38,1.13
2014.01.02 18:50:19.035,0.85877,0.85903,1.38,1.15
2014.01.02 18:50:19.187,0.85877,0.85903,1.38,1.00
2014.01.02 18:50:19.489,0.85877,0.85903,1.48,1.00
2014.01.02 18:50:19.691,0.85877,0.85903,1.48,1.00
2014.01.02 18:50:19.842,0.85877,0.85903,2.03,1.50
2014.01.02 18:50:19.943,0.85877,0.85903,1.88,1.88
2014.01.02 18:50:20.396,0.85872,0.85898,1.38,1.00
2014.01.02 18:50:20.648,0.85877,0.85903,1.38,1.38
2014.01.02 18:50:20.749,0.85877,0.85903,1.13,1.48
2014.01.02 18:50:20.799,0.85877,0.85903,1.38,1.58
2014.01.02 18:50:21.352,0.85877,0.85903,1.38,1.88
2014.01.02 18:50:21.671,0.85877,0.85903,1.38,1.88
2014.01.02 18:50:22.317,0.85877,0.85903,1.38,1.88
2014.01.02 18:50:23.101,0.85877,0.85903,1.38,1.88
2014.01.02 18:50:23.436,0.85877,0.85903,1.38,1.88
2014.01.02 18:50:23.849,0.85877,0.85903,1.38,1.88
2014.01.02 18:50:24.428,0.85877,0.85903,1.38,1.88
2014.01.02 18:50:26.181,0.85877,0.85903,1.38,1.88
2014.01.02 18:50:26.520,0.85877,0.85903,1.38,1.88
2014.01.02 18:50:26.672,0.85877,0.85903,1.38,1.88
2014.01.02 18:50:27.248,0.85877,0.85903,1.38,1.88
2014.01.02 18:50:28.311,0.85877,0.85903,1.38,1.88
2014.01.02 18:50:28.470,0.85872,0.85898,2.03,1.00
2014.01.02 18:50:28.520,0.85872,0.85898,1.95,1.00
2014.01.02 18:50:28.621,0.85872,0.85898,1.88,1.38
2014.01.02 18:50:28.722,0.85872,0.85898,1.38,1.38
2014.01.02 18:50:29.253,0.85872,0.85898,1.38,1.38
2014.01.02 18:50:29.941,0.85872,0.85898,1.38,1.38
2014.01.02 18:50:32.340,0.85872,0.85898,1.38,1.48
2014.01.02 18:50:38.318,0.85872,0.85898,1.00,1.48
2014.01.02 18:50:38.520,0.85872,0.85895,1.00,2.63
2014.01.02 18:50:38.620,0.85867,0.85893,1.00,2.03
2014.01.02 18:50:38.822,0.85867,0.85893,1.38,1.45
2014.01.02 18:50:38.973,0.85867,0.85893,1.38,1.95
2014.01.02 18:50:39.275,0.85867,0.85893,1.00,1.53
2014.01.02 18:50:40.370,0.85867,0.85893,1.00,2.03
2014.01.02 18:50:43.560,0.85867,0.85893,1.00,1.53
2014.01.02 18:50:45.328,0.85862,0.85888,1.88,1.38
2014.01.02 18:50:45.379,0.85862,0.85883,1.38,1.00
2014.01.02 18:50:46.840,0.85859,0.85885,1.38,1.13
2014.01.02 18:50:47.012,0.85859,0.85885,1.38,1.28
2014.01.02 18:50:47.062,0.85859,0.85885,1.13,1.53
2014.01.02 18:50:47.951,0.85859,0.85884,1.00,1.55
2014.01.02 18:50:48.052,0.85859,0.85884,1.00,1.55
2014.01.02 18:50:48.391,0.85859,0.85879,1.00,1.38
2014.01.02 18:50:48.492,0.85859,0.85879,1.00,1.38
2014.01.02 18:50:48.644,0.85859,0.85884,1.13,1.53
2014.01.02 18:50:48.946,0.85859,0.85884,1.13,3.45
2014.01.02 18:50:49.097,0.85859,0.85884,1.13,1.53
2014.01.02 18:50:49.198,0.85859,0.85883,1.00,2.70
2014.01.02 18:50:49.299,0.85859,0.85883,1.00,2.70
2014.01.02 18:50:49.860,0.85859,0.85883,1.00,4.88
2014.01.02 18:50:50.062,0.85859,0.85883,1.00,5.63
2014.01.02 18:50:50.141,0.85859,0.85883,1.00,5.63
2014.01.02 18:50:51.350,0.85859,0.85883,1.00,5.63
2014.01.02 18:50:59.050,0.85859,0.85884,1.00,1.53
2014.01.02 18:50:59.367,0.85859,0.85879,1.00,1.53
2014.01.02 18:50:59.417,0.85852,0.85878,1.00,1.53
2014.01.02 18:50:59.539,0.85847,0.85873,1.38,1.38
2014.01.02 18:51:05.101,0.85847,0.85873,1.38,1.38
2014.01.02 18:51:06.248,0.85847,0.85873,1.13,1.38
2014.01.02 18:51:06.873,0.85847,0.85873,1.00,1.53
2014.01.02 18:51:07.226,0.85838,0.85862,1.38,1.38
2014.01.02 18:51:07.276,0.85838,0.85862,1.13,1.38
2014.01.02 18:51:07.427,0.85838,0.85862,1.38,1.13
2014.01.02 18:51:07.528,0.85838,0.85862,1.38,1.38
2014.01.02 18:51:07.831,0.85843,0.85867,1.00,1.38
2014.01.02 18:51:07.882,0.85838,0.85863,1.38,1.38
2014.01.02 18:51:08.964,0.85838,0.85863,1.38,1.38
2014.01.02 18:51:09.065,0.85838,0.85863,1.48,1.00
2014.01.02 18:51:09.116,0.85842,0.85868,1.38,1.48
2014.01.02 18:51:09.166,0.85842,0.85868,1.38,1.48
2014.01.02 18:51:09.469,0.85847,0.85873,1.00,4.20
2014.01.02 18:51:10.036,0.85847,0.85873,1.00,4.20
2014.01.02 18:51:10.086,0.85842,0.85868,1.00,1.48
2014.01.02 18:51:12.814,0.85842,0.85868,1.00,1.95
2014.01.02 18:51:14.555,0.85842,0.85863,1.00,1.38
2014.01.02 18:51:14.606,0.85837,0.85863,1.13,1.38
2014.01.02 18:51:14.657,0.85837,0.85863,1.38,1.48
2014.01.02 18:51:15.190,0.85837,0.85863,1.48,1.38
2014.01.02 18:51:15.495,0.85837,0.85863,1.00,1.45
2014.01.02 18:51:16.283,0.85837,0.85863,1.00,1.45
2014.01.02 18:51:20.733,0.85837,0.85863,1.00,1.45
2014.01.02 18:51:20.845,0.85837,0.85863,1.00,1.45
2014.01.02 18:51:22.341,0.85837,0.85863,1.00,1.45
2014.01.02 18:51:22.493,0.85837,0.85863,1.00,1.53
2014.01.02 18:51:22.796,0.85837,0.85862,1.00,2.70
2014.01.02 18:51:24.434,0.85841,0.85863,1.00,1.38
2014.01.02 18:51:24.586,0.85841,0.85863,1.00,1.38
2014.01.02 18:51:24.652,0.85841,0.85863,1.38,1.00
2014.01.02 18:51:25.170,0.85841,0.85865,1.55,1.00
2014.01.02 18:51:32.188,0.85841,0.85862,1.38,1.00
2014.01.02 18:51:33.786,0.85838,0.85862,1.38,1.00
2014.01.02 18:51:33.938,0.85838,0.85862,1.00,1.55
2014.01.02 18:51:34.101,0.85832,0.85859,1.88,1.38
2014.01.02 18:51:34.151,0.85832,0.85859,1.88,1.45
2014.01.02 18:51:35.589,0.85832,0.85859,1.88,1.45
2014.01.02 18:51:35.892,0.85838,0.85862,1.38,1.00
2014.01.02 18:51:35.993,0.85838,0.85862,1.38,1.00
2014.01.02 18:51:36.346,0.85838,0.85862,1.13,1.55
2014.01.02 18:51:36.939,0.85833,0.85859,1.38,1.38
2014.01.02 18:51:40.159,0.85833,0.85859,1.38,1.38
2014.01.02 18:51:40.462,0.85831,0.85854,1.55,1.00
2014.01.02 18:51:41.170,0.85827,0.85854,1.88,1.48
2014.01.02 18:51:41.271,0.85827,0.85854,1.88,1.20
2014.01.02 18:51:41.530,0.85827,0.85854,1.88,1.48
2014.01.02 18:51:42.812,0.85827,0.85854,1.88,1.10
2014.01.02 18:51:43.469,0.85827,0.85854,1.88,1.20
2014.01.02 18:51:46.652,0.85827,0.85854,1.88,1.20
2014.01.02 18:51:46.904,0.85827,0.85854,1.38,1.53
2014.01.02 18:51:47.685,0.85827,0.85854,1.38,1.48
2014.01.02 18:51:48.089,0.85827,0.85854,1.38,1.48
2014.01.02 18:51:48.343,0.85832,0.85858,1.00,1.53
2014.01.02 18:51:48.730,0.85828,0.85852,1.13,1.00
2014.01.02 18:51:48.881,0.85832,0.85857,1.00,1.53
2014.01.02 18:51:49.415,0.85832,0.85857,1.38,1.53
2014.01.02 18:51:50.249,0.85832,0.85857,1.38,1.38
2014.01.02 18:51:50.405,0.85832,0.85857,1.00,1.38
2014.01.02 18:51:51.746,0.85832,0.85857,1.00,1.53
2014.01.02 18:51:51.919,0.85828,0.85852,1.13,1.38
2014.01.02 18:51:52.490,0.85828,0.85852,1.00,1.38
2014.01.02 18:51:52.606,0.85828,0.85852,1.13,1.38
2014.01.02 18:51:54.832,0.85828,0.85852,1.13,1.48
2014.01.02 18:51:54.933,0.85828,0.85852,1.00,1.53
2014.01.02 18:51:55.135,0.85828,0.85852,1.00,1.48
2014.01.02 18:51:55.287,0.85828,0.85852,1.00,1.48
2014.01.02 18:51:55.600,0.85828,0.85852,1.00,1.48
2014.01.02 18:51:56.139,0.85828,0.85852,1.00,1.55
2014.01.02 18:51:56.498,0.85828,0.85852,1.00,1.53
2014.01.02 18:51:56.650,0.85823,0.85847,1.13,1.48
2014.01.02 18:51:57.686,0.85823,0.85847,1.00,1.48
2014.01.02 18:51:59.946,0.85827,0.85853,1.00,2.03
2014.01.02 18:52:02.742,0.85822,0.85848,1.13,1.38
2014.01.02 18:52:02.843,0.85822,0.85848,1.00,1.38
2014.01.02 18:52:03.190,0.85822,0.85848,1.00,1.38
2014.01.02 18:52:03.591,0.85822,0.85848,1.00,1.48
2014.01.02 18:52:03.699,0.85817,0.85843,1.00,1.38
2014.01.02 18:52:04.229,0.85817,0.85843,1.00,1.38
2014.01.02 18:52:04.764,0.85822,0.85843,1.00,1.38
2014.01.02 18:52:04.815,0.85822,0.85843,1.00,1.38
2014.01.02 18:52:04.967,0.85818,0.85842,1.38,1.13
2014.01.02 18:52:05.018,0.85818,0.85842,1.58,1.38
2014.01.02 18:52:05.630,0.85818,0.85842,1.00,1.38
2014.01.02 18:52:06.216,0.85818,0.85842,1.55,1.38
2014.01.02 18:52:07.144,0.85818,0.85842,1.18,1.38
2014.01.02 18:52:08.519,0.85818,0.85842,1.55,1.38
2014.01.02 18:52:09.278,0.85823,0.85847,1.00,1.38
2014.01.02 18:52:10.084,0.85823,0.85847,1.00,1.38
2014.01.02 18:52:10.829,0.85823,0.85847,1.00,1.38
2014.01.02 18:52:11.818,0.85823,0.85847,1.00,1.38
2014.01.02 18:52:12.668,0.85823,0.85847,1.00,1.38
2014.01.02 18:52:13.479,0.85823,0.85847,1.10,1.38
2014.01.02 18:52:13.838,0.85823,0.85847,1.10,1.38
2014.01.02 18:52:17.063,0.85823,0.85847,1.10,1.38
2014.01.02 18:52:18.588,0.85823,0.85847,1.10,1.38
2014.01.02 18:52:20.609,0.85823,0.85847,1.10,1.38
2014.01.02 18:52:20.794,0.85823,0.85847,1.10,1.38
2014.01.02 18:52:21.299,0.85823,0.85847,1.00,1.38
2014.01.02 18:52:21.360,0.85823,0.85847,1.00,1.38
2014.01.02 18:52:21.449,0.85823,0.85847,1.00,1.38
2014.01.02 18:52:21.779,0.85823,0.85847,1.00,1.38
2014.01.02 18:52:21.830,0.85817,0.85843,1.65,1.38
2014.01.02 18:52:23.454,0.85817,0.85843,1.65,1.38
2014.01.02 18:52:24.420,0.85817,0.85843,1.65,1.38
2014.01.02 18:52:24.791,0.85817,0.85843,1.65,1.38
2014.01.02 18:52:26.399,0.85817,0.85843,1.65,1.38
2014.01.02 18:52:27.315,0.85817,0.85843,1.65,1.38
2014.01.02 18:52:27.431,0.85817,0.85843,2.03,1.38
2014.01.02 18:52:28.269,0.85817,0.85843,2.03,1.38
2014.01.02 18:52:30.097,0.85817,0.85843,2.03,1.38
2014.01.02 18:52:30.286,0.85817,0.85843,1.65,1.38
2014.01.02 18:52:31.259,0.85817,0.85843,1.00,1.55
2014.01.02 18:52:31.713,0.85812,0.85837,1.38,1.38
2014.01.02 18:52:38.517,0.85812,0.85837,1.13,1.45
2014.01.02 18:52:38.770,0.85808,0.85832,1.38,1.13
2014.01.02 18:52:38.849,0.85808,0.85832,1.38,1.38
2014.01.02 18:52:39.155,0.85808,0.85832,1.38,1.38
2014.01.02 18:52:40.318,0.85808,0.85832,1.38,1.13
2014.01.02 18:52:40.938,0.85808,0.85832,1.38,1.38
2014.01.02 18:52:42.595,0.85806,0.85829,1.38,1.00
2014.01.02 18:52:42.696,0.85802,0.85829,1.95,1.38
2014.01.02 18:52:42.847,0.85802,0.85822,1.45,1.00
2014.01.02 18:52:42.948,0.85798,0.85822,3.45,1.13
2014.01.02 18:52:43.099,0.85798,0.85822,1.38,1.13
2014.01.02 18:52:43.638,0.85798,0.85822,1.45,1.38
2014.01.02 18:52:44.664,0.85798,0.85822,1.38,1.13
2014.01.02 18:52:46.758,0.85798,0.85822,1.38,1.38
2014.01.02 18:52:47.748,0.85798,0.85822,1.38,1.13
2014.01.02 18:52:49.838,0.85798,0.85822,1.38,1.38
2014.01.02 18:52:55.707,0.85798,0.85822,1.38,1.38
2014.01.02 18:52:56.010,0.85798,0.85822,1.00,1.38
2014.01.02 18:52:56.368,0.85798,0.85822,1.00,1.38
2014.01.02 18:52:56.671,0.85798,0.85822,1.00,1.38
2014.01.02 18:52:56.873,0.85798,0.85822,1.15,1.38
2014.01.02 18:52:57.376,0.85801,0.85825,1.00,1.38
2014.01.02 18:52:58.017,0.85802,0.85825,1.00,1.38
2014.01.02 18:53:00.178,0.85802,0.85825,1.00,1.38
2014.01.02 18:53:02.719,0.85804,0.85828,1.00,1.38
2014.01.02 18:53:04.144,0.85804,0.85828,1.00,1.38
2014.01.02 18:53:04.195,0.85801,0.85825,1.00,1.38
2014.01.02 18:53:04.245,0.85801,0.85825,1.00,1.38
2014.01.02 18:53:04.558,0.85801,0.85825,1.00,1.38
2014.01.02 18:53:05.012,0.85801,0.85825,1.00,1.38
2014.01.02 18:53:05.213,0.85801,0.85825,1.00,1.38
2014.01.02 18:53:05.566,0.85802,0.85825,1.00,1.38
2014.01.02 18:53:06.537,0.85803,0.85828,1.00,1.38
2014.01.02 18:53:06.739,0.85803,0.85828,1.00,1.38
2014.01.02 18:53:07.838,0.85803,0.85828,1.00,1.38
2014.01.02 18:53:08.718,0.85803,0.85828,1.00,1.38
2014.01.02 18:53:16.361,0.858,0.85826,1.28,1.38
2014.01.02 18:53:16.755,0.858,0.85826,1.53,1.38
2014.01.02 18:53:16.858,0.858,0.85826,1.28,1.38
2014.01.02 18:53:17.374,0.85804,0.85828,1.00,1.38
2014.01.02 18:53:17.588,0.85804,0.85828,1.00,1.38
2014.01.02 18:53:20.383,0.85804,0.85828,1.00,1.88
2014.01.02 18:53:20.449,0.85804,0.85828,1.00,1.88
2014.01.02 18:53:20.600,0.85804,0.85828,1.00,1.88
2014.01.02 18:53:20.888,0.85804,0.85828,1.00,1.88
2014.01.02 18:53:22.798,0.85804,0.85828,1.00,1.88
2014.01.02 18:53:25.003,0.85799,0.85823,1.08,1.38
2014.01.02 18:53:25.104,0.85799,0.85825,1.00,1.38
2014.01.02 18:53:25.329,0.85799,0.85825,1.00,1.38
2014.01.02 18:53:25.453,0.85801,0.85825,1.00,1.38
2014.01.02 18:53:26.095,0.85799,0.85825,1.00,1.30
2014.01.02 18:53:26.197,0.85799,0.85825,1.20,1.30
2014.01.02 18:53:26.502,0.85799,0.85825,1.00,1.30
2014.01.02 18:53:28.514,0.85799,0.85823,1.00,1.48
2014.01.02 18:53:28.616,0.85797,0.85821,1.50,1.38
2014.01.02 18:53:28.701,0.85797,0.85821,1.50,1.38
2014.01.02 18:53:28.921,0.85797,0.85821,1.50,1.38
2014.01.02 18:53:29.229,0.85797,0.85821,1.00,1.38
2014.01.02 18:53:30.889,0.85797,0.85821,1.00,1.38
2014.01.02 18:53:32.890,0.85797,0.85821,1.50,1.38
2014.01.02 18:53:32.941,0.85802,0.85821,1.00,1.38
2014.01.02 18:53:32.992,0.85802,0.85821,1.00,1.38
2014.01.02 18:53:33.244,0.85802,0.85827,1.00,1.38
2014.01.02 18:53:33.465,0.85802,0.85827,1.00,1.38
2014.01.02 18:53:35.068,0.85802,0.85824,1.00,1.38
2014.01.02 18:53:35.847,0.85802,0.85824,1.00,1.38
2014.01.02 18:53:36.502,0.85802,0.85824,1.00,1.38
2014.01.02 18:53:36.721,0.85798,0.85824,1.28,1.38
2014.01.02 18:53:37.297,0.85798,0.85823,1.53,1.13
2014.01.02 18:53:37.930,0.85802,0.85828,1.15,1.38
2014.01.02 18:53:39.469,0.85802,0.85828,1.28,1.38
2014.01.02 18:53:40.366,0.85802,0.85828,1.00,1.58
2014.01.02 18:53:40.698,0.85798,0.85824,1.00,1.38
2014.01.02 18:53:41.136,0.85798,0.85824,1.00,1.38
2014.01.02 18:53:42.702,0.85798,0.85819,1.00,1.38
2014.01.02 18:53:45.437,0.85798,0.85818,1.00,1.38
2014.01.02 18:53:46.050,0.85798,0.85819,1.00,1.38
2014.01.02 18:53:46.948,0.85798,0.8582,1.00,1.38
2014.01.02 18:53:47.219,0.85798,0.85819,1.00,1.38
2014.01.02 18:53:47.765,0.85798,0.85819,1.00,1.38
2014.01.02 18:53:48.183,0.85791,0.85817,1.13,1.45
2014.01.02 18:53:53.627,0.85791,0.85817,1.13,1.53
2014.01.02 18:53:53.751,0.85791,0.85817,1.38,1.53
2014.01.02 18:53:55.419,0.85797,0.85817,1.00,1.38
2014.01.02 18:53:56.057,0.85791,0.85817,1.95,1.38
2014.01.02 18:53:58.907,0.85791,0.85817,1.95,1.38
2014.01.02 18:53:58.958,0.85797,0.85817,1.00,1.38
2014.01.02 18:53:59.612,0.85797,0.85817,1.00,1.38
2014.01.02 18:54:02.429,0.85797,0.85822,1.00,2.63
2014.01.02 18:54:02.683,0.85797,0.85822,1.38,1.88
2014.01.02 18:54:02.809,0.85801,0.85822,1.00,1.88
2014.01.02 18:54:02.879,0.85796,0.85822,1.95,1.88
2014.01.02 18:54:02.980,0.85796,0.85822,1.95,1.38
2014.01.02 18:54:03.526,0.85796,0.85822,1.88,1.38
2014.01.02 18:54:04.316,0.85798,0.85825,1.38,1.38
2014.01.02 18:54:04.881,0.85798,0.85825,1.48,1.38
2014.01.02 18:54:04.986,0.85798,0.85823,1.13,1.38
2014.01.02 18:54:05.087,0.85798,0.85821,1.00,1.53
2014.01.02 18:54:05.138,0.85793,0.8582,1.13,1.58
2014.01.02 18:54:05.290,0.85792,0.85816,1.88,1.38
2014.01.02 18:54:05.636,0.85792,0.85816,1.00,1.38
2014.01.02 18:54:06.106,0.85792,0.85816,1.00,1.38
2014.01.02 18:54:07.275,0.85792,0.85816,1.00,1.38
2014.01.02 18:54:07.347,0.85792,0.85816,1.00,1.38
2014.01.02 18:54:08.558,0.85792,0.85816,1.00,1.38
2014.01.02 18:54:14.296,0.85792,0.85816,1.00,1.88
2014.01.02 18:54:18.256,0.85792,0.85816,1.00,1.88
2014.01.02 18:54:18.928,0.85792,0.85816,1.00,1.38
2014.01.02 18:54:19.446,0.85792,0.85816,1.13,1.38
2014.01.02 18:54:19.666,0.85792,0.85816,1.13,1.38
2014.01.02 18:54:20.443,0.85792,0.85816,1.38,1.38
2014.01.02 18:54:22.320,0.85796,0.8582,1.00,1.38
2014.01.02 18:54:22.494,0.85793,0.85819,1.20,1.38
2014.01.02 18:54:22.604,0.85796,0.8582,1.00,1.38
2014.01.02 18:54:23.296,0.85796,0.8582,1.00,1.38
2014.01.02 18:54:23.736,0.85796,0.8582,1.00,1.38
2014.01.02 18:54:23.956,0.85796,0.85821,1.00,1.38
2014.01.02 18:54:24.065,0.85796,0.85821,1.00,1.38
2014.01.02 18:54:24.396,0.85796,0.85821,1.00,1.38
2014.01.02 18:54:25.166,0.85796,0.85821,1.00,1.38
2014.01.02 18:54:25.386,0.85796,0.85821,1.00,1.38
2014.01.02 18:54:25.606,0.85796,0.85821,1.00,1.38
2014.01.02 18:54:25.935,0.85796,0.85821,1.00,1.38
2014.01.02 18:54:26.156,0.85796,0.85821,1.00,1.38
2014.01.02 18:54:26.375,0.85796,0.85821,1.00,1.38
2014.01.02 18:54:26.925,0.85796,0.85821,1.50,1.38
2014.01.02 18:54:27.379,0.85799,0.8582,1.00,1.38
2014.01.02 18:54:29.125,0.85799,0.8582,1.00,1.38
2014.01.02 18:54:29.896,0.85799,0.8582,1.00,1.38
2014.01.02 18:54:30.116,0.85799,0.8582,1.00,1.38
2014.01.02 18:54:30.885,0.85799,0.8582,1.00,1.38
2014.01.02 18:54:31.436,0.85799,0.8582,1.00,1.38
2014.01.02 18:54:32.097,0.85799,0.8582,1.00,1.38
2014.01.02 18:54:33.248,0.85799,0.8582,1.00,1.38
2014.01.02 18:54:34.076,0.85799,0.8582,1.00,1.38
2014.01.02 18:54:34.915,0.85799,0.85821,1.00,1.38
2014.01.02 18:54:36.237,0.85799,0.8582,1.00,1.38
2014.01.02 18:54:37.115,0.85799,0.85821,1.00,1.38
2014.01.02 18:54:37.789,0.85799,0.85821,1.00,1.38
2014.01.02 18:54:39.426,0.85799,0.8582,1.00,1.38
2014.01.02 18:54:40.006,0.85799,0.85821,1.00,1.38
2014.01.02 18:54:40.510,0.85799,0.8582,1.00,1.38
2014.01.02 18:54:40.811,0.85799,0.8582,1.00,1.38
2014.01.02 18:54:41.320,0.85799,0.85821,1.00,1.38
2014.01.02 18:54:43.606,0.85799,0.8582,1.00,1.38
2014.01.02 18:54:44.156,0.85799,0.8582,1.00,1.38
2014.01.02 18:54:44.743,0.85799,0.8582,1.00,1.38
2014.01.02 18:54:44.844,0.85799,0.85825,1.00,2.48
2014.01.02 18:54:47.274,0.85799,0.85824,1.18,1.73
2014.01.02 18:54:47.398,0.85804,0.85823,1.00,1.38
2014.01.02 18:54:47.499,0.85804,0.85823,1.00,1.38
2014.01.02 18:54:47.701,0.85804,0.8583,1.38,1.45
2014.01.02 18:54:47.802,0.85808,0.85832,1.00,1.38
2014.01.02 18:54:47.903,0.85808,0.85834,1.38,1.50
2014.01.02 18:54:48.706,0.85808,0.85834,1.38,1.38
2014.01.02 18:54:48.908,0.85808,0.85834,1.38,1.13
2014.01.02 18:54:49.345,0.85808,0.85834,1.55,1.13
2014.01.02 18:54:49.554,0.85814,0.85838,1.38,1.38
2014.01.02 18:54:50.566,0.85814,0.85838,1.00,1.38
2014.01.02 18:54:50.969,0.8581,0.85834,1.13,1.38
2014.01.02 18:54:51.881,0.8581,0.85834,1.38,1.13
2014.01.02 18:54:52.185,0.85812,0.85834,1.38,1.00
2014.01.02 18:54:52.246,0.85814,0.85839,1.38,1.38
2014.01.02 18:54:54.916,0.85814,0.8584,1.38,1.48
2014.01.02 18:55:00.250,0.85809,0.85835,1.53,1.00
2014.01.02 18:55:00.773,0.85813,0.85839,1.38,1.13
2014.01.02 18:55:03.077,0.85813,0.85839,1.38,1.88
2014.01.02 18:55:04.757,0.85813,0.85839,1.38,1.13
2014.01.02 18:55:07.677,0.85813,0.85839,1.38,1.38
2014.01.02 18:55:08.383,0.85813,0.85838,1.38,1.38
2014.01.02 18:55:08.740,0.85813,0.85838,1.38,1.38
2014.01.02 18:55:09.486,0.85813,0.85838,1.38,1.13
2014.01.02 18:55:09.587,0.85813,0.85839,1.38,1.38
2014.01.02 18:55:09.937,0.85813,0.85839,1.38,1.00
2014.01.02 18:55:11.034,0.85819,0.85843,1.38,1.38
2014.01.02 18:55:11.452,0.85819,0.85843,1.38,1.38
2014.01.02 18:55:12.557,0.85819,0.85843,1.38,1.00
2014.01.02 18:55:12.972,0.85819,0.85843,1.48,1.00
2014.01.02 18:55:13.835,0.85819,0.85843,1.48,1.00
2014.01.02 18:55:15.266,0.85819,0.85843,1.48,1.00
2014.01.02 18:55:15.623,0.85823,0.85849,1.38,1.38
2014.01.02 18:55:23.647,0.85823,0.85849,1.38,1.13
2014.01.02 18:55:23.778,0.85829,0.85853,1.00,1.48
2014.01.02 18:55:25.747,0.85829,0.85853,1.38,1.38
2014.01.02 18:55:26.331,0.85829,0.85853,1.38,1.38
2014.01.02 18:55:31.423,0.85829,0.85853,1.38,1.88
2014.01.02 18:55:31.935,0.85829,0.85853,1.38,1.88
2014.01.02 18:55:33.446,0.85829,0.85853,1.38,1.88
2014.01.02 18:55:40.200,0.85829,0.85853,1.38,1.88
2014.01.02 18:55:40.851,0.85829,0.85853,1.38,1.95
2014.01.02 18:55:47.465,0.85829,0.85853,1.38,1.95
2014.01.02 18:55:49.079,0.85829,0.85853,1.38,1.00
2014.01.02 18:55:49.405,0.85829,0.85853,1.38,1.00
2014.01.02 18:55:51.528,0.85829,0.85853,1.38,1.00
2014.01.02 18:55:51.629,0.85834,0.85858,1.38,1.38
2014.01.02 18:55:51.713,0.85834,0.85858,1.38,1.13
2014.01.02 18:55:51.965,0.85834,0.85858,1.38,1.53
2014.01.02 18:55:52.167,0.85829,0.85853,1.38,1.38
2014.01.02 18:55:52.393,0.85824,0.8585,1.38,1.38
2014.01.02 18:55:53.033,0.85824,0.8585,1.38,1.55
2014.01.02 18:55:53.337,0.85824,0.8585,1.38,1.55
2014.01.02 18:55:53.776,0.85824,0.8585,1.38,1.55
2014.01.02 18:55:54.203,0.85824,0.8585,1.13,1.55
2014.01.02 18:55:54.355,0.85824,0.8585,1.38,1.55
2014.01.02 18:55:54.455,0.85824,0.8585,1.38,1.38
2014.01.02 18:55:54.758,0.85824,0.8585,1.38,1.48
2014.01.02 18:55:55.413,0.85824,0.8585,1.13,1.45
2014.01.02 18:55:55.665,0.85824,0.8585,1.38,1.38
2014.01.02 18:55:56.209,0.85824,0.8585,1.38,1.55
2014.01.02 18:55:56.947,0.85824,0.8585,1.13,1.53
2014.01.02 18:55:57.200,0.85824,0.8585,1.38,1.55
2014.01.02 18:55:57.309,0.85824,0.8585,1.38,1.38
2014.01.02 18:55:57.762,0.85824,0.8585,1.38,1.55
2014.01.02 18:55:57.863,0.85824,0.8585,1.38,1.38
2014.01.02 18:55:58.397,0.85824,0.8585,1.38,1.48
2014.01.02 18:55:58.601,0.85824,0.8585,1.38,1.38
2014.01.02 18:55:58.819,0.85824,0.8585,1.38,1.45
2014.01.02 18:55:59.071,0.85824,0.8585,1.38,1.38
2014.01.02 18:55:59.272,0.85824,0.8585,1.13,1.53
2014.01.02 18:56:03.556,0.85824,0.8585,1.13,1.45
2014.01.02 18:56:03.657,0.85824,0.8585,1.38,1.48
2014.01.02 18:56:03.914,0.85824,0.85848,1.00,1.38
2014.01.02 18:56:04.288,0.85824,0.85848,1.00,1.48
2014.01.02 18:56:04.806,0.85824,0.85848,1.00,1.48
2014.01.02 18:56:04.865,0.85824,0.85848,1.00,1.48
2014.01.02 18:56:07.627,0.85824,0.85848,1.13,1.48
2014.01.02 18:56:07.728,0.85824,0.85848,1.13,1.48
2014.01.02 18:56:07.984,0.85824,0.85848,1.00,1.38
2014.01.02 18:56:08.085,0.85824,0.85848,1.00,1.38
2014.01.02 18:56:08.190,0.85824,0.85848,1.00,1.38
2014.01.02 18:56:10.509,0.85824,0.85848,1.13,1.53
2014.01.02 18:56:12.066,0.85824,0.8585,1.38,1.55
2014.01.02 18:56:12.268,0.85824,0.85848,1.13,1.45
2014.01.02 18:56:14.973,0.85824,0.8585,1.38,1.45
2014.01.02 18:56:15.175,0.85824,0.8585,1.00,1.45
2014.01.02 18:56:15.651,0.8582,0.85847,1.13,1.38
2014.01.02 18:56:15.752,0.85817,0.85843,1.00,1.38
2014.01.02 18:56:15.853,0.85817,0.85843,1.38,1.38
2014.01.02 18:56:15.954,0.85817,0.85843,1.38,1.48
2014.01.02 18:56:16.154,0.85817,0.85843,1.38,1.48
2014.01.02 18:56:16.705,0.85817,0.85843,1.38,1.48
2014.01.02 18:56:16.855,0.85817,0.85843,1.00,1.48
2014.01.02 18:56:17.158,0.85813,0.85838,1.13,1.13
2014.01.02 18:56:17.259,0.85813,0.85838,1.38,1.38
2014.01.02 18:56:17.855,0.85813,0.85838,1.38,1.38
2014.01.02 18:56:18.433,0.85813,0.85838,1.00,1.38
2014.01.02 18:56:33.675,0.85813,0.85838,1.38,1.53
2014.01.02 18:56:36.302,0.85813,0.85838,1.38,1.38
2014.01.02 18:57:02.838,0.85813,0.85838,1.38,1.00
2014.01.02 18:57:03.148,0.85817,0.85843,1.88,1.20
2014.01.02 18:57:04.596,0.85817,0.85843,1.88,1.38
2014.01.02 18:57:07.464,0.85817,0.85843,1.88,1.13
2014.01.02 18:57:11.821,0.85821,0.85843,1.38,1.00
2014.01.02 18:57:11.973,0.85827,0.85843,1.00,1.00
2014.01.02 18:57:12.174,0.85827,0.8585,1.00,1.45
2014.01.02 18:57:12.225,0.85824,0.8585,1.38,1.45
2014.01.02 18:57:12.915,0.85824,0.8585,1.13,1.45
2014.01.02 18:57:14.233,0.85824,0.8585,1.00,1.53
2014.01.02 18:57:16.604,0.85826,0.8585,1.00,1.53
2014.01.02 18:57:16.654,0.85826,0.8585,1.00,1.53
2014.01.02 18:57:17.219,0.85826,0.8585,1.00,1.53
2014.01.02 18:57:19.106,0.85826,0.8585,1.00,1.53
2014.01.02 18:57:19.157,0.85824,0.8585,1.00,1.53
2014.01.02 18:57:19.359,0.85824,0.8585,1.00,1.53
2014.01.02 18:57:19.904,0.85824,0.8585,1.00,1.53
2014.01.02 18:57:20.666,0.85824,0.85849,1.00,2.70
2014.01.02 18:57:20.716,0.85821,0.85843,1.38,1.38
2014.01.02 18:57:21.414,0.85821,0.85843,1.38,1.38
2014.01.02 18:57:21.665,0.85821,0.85843,1.13,1.13
2014.01.02 18:57:22.223,0.85821,0.85843,1.38,1.38
2014.01.02 18:57:22.730,0.85821,0.85843,1.13,1.20
2014.01.02 18:57:22.780,0.85821,0.85843,1.00,1.48
2014.01.02 18:57:22.881,0.85817,0.85843,1.88,1.45
2014.01.02 18:57:22.982,0.85817,0.85843,1.88,1.55
2014.01.02 18:57:23.184,0.85817,0.85843,1.88,1.55
2014.01.02 18:57:23.636,0.85817,0.85843,1.88,1.58
2014.01.02 18:57:23.686,0.85821,0.85843,1.00,1.48
2014.01.02 18:57:23.994,0.85817,0.85843,1.38,1.48
2014.01.02 18:57:24.095,0.85813,0.85838,1.38,1.38
2014.01.02 18:57:24.643,0.85813,0.85838,1.38,1.13
2014.01.02 18:57:26.348,0.85813,0.85838,1.38,1.38
2014.01.02 18:57:28.915,0.85813,0.85838,1.13,1.53
2014.01.02 18:57:29.218,0.85811,0.85833,1.00,1.48
2014.01.02 18:57:29.415,0.85807,0.85833,1.88,1.48
2014.01.02 18:57:29.616,0.85807,0.85833,1.88,1.48
2014.01.02 18:57:29.835,0.85807,0.85833,1.88,1.48
2014.01.02 18:57:30.044,0.85807,0.85833,1.88,1.48
2014.01.02 18:57:30.397,0.85807,0.85833,1.00,1.53
2014.01.02 18:57:32.024,0.85807,0.85833,1.00,1.53
2014.01.02 18:57:33.015,0.85807,0.85833,1.00,1.53
2014.01.02 18:57:33.217,0.85803,0.85827,1.38,1.13
2014.01.02 18:57:33.267,0.85803,0.85827,1.00,1.38
2014.01.02 18:57:33.570,0.85798,0.85822,1.00,1.38
2014.01.02 18:57:34.667,0.85798,0.85822,1.10,1.38
2014.01.02 18:57:34.985,0.85802,0.85822,1.00,1.38
2014.01.02 18:57:35.125,0.85802,0.85822,1.00,1.00
2014.01.02 18:57:35.427,0.85803,0.85827,1.28,1.13
2014.01.02 18:57:35.773,0.85807,0.85833,1.00,1.38
2014.01.02 18:57:35.874,0.85802,0.85828,1.18,1.38
2014.01.02 18:57:36.176,0.85798,0.85822,1.00,1.38
2014.01.02 18:57:36.227,0.85798,0.85822,1.00,1.38
2014.01.02 18:57:36.686,0.85798,0.85822,1.00,1.50
2014.01.02 18:57:36.737,0.85793,0.85817,1.00,1.38
2014.01.02 18:57:36.787,0.85793,0.85817,1.00,1.38
2014.01.02 18:57:37.601,0.85788,0.85812,1.15,1.38
2014.01.02 18:57:37.651,0.85788,0.85812,1.28,1.38
2014.01.02 18:57:38.404,0.85788,0.85812,1.15,1.38
2014.01.02 18:57:38.505,0.85788,0.85812,1.18,1.38
2014.01.02 18:57:38.994,0.85788,0.85812,1.10,1.38
2014.01.02 18:57:39.045,0.85782,0.85808,1.10,1.38
2014.01.02 18:57:39.145,0.85783,0.85808,1.53,1.13
2014.01.02 18:57:39.196,0.85788,0.85812,1.00,1.38
2014.01.02 18:57:39.861,0.85788,0.85812,1.00,1.38
2014.01.02 18:57:43.575,0.85792,0.85812,1.00,1.38
2014.01.02 18:57:44.313,0.85792,0.85812,1.00,1.38
2014.01.02 18:57:44.364,0.85788,0.85812,1.00,1.38
2014.01.02 18:57:44.414,0.85788,0.85812,1.00,1.38
2014.01.02 18:57:44.566,0.85782,0.85808,1.00,1.45
2014.01.02 18:57:45.071,0.85781,0.85802,1.00,1.38
2014.01.02 18:57:45.680,0.85781,0.85802,1.00,1.38
2014.01.02 18:57:45.737,0.85781,0.85802,1.00,1.38
2014.01.02 18:57:45.788,0.85778,0.85802,1.00,1.38
2014.01.02 18:57:46.141,0.85781,0.85802,1.00,1.38
2014.01.02 18:57:46.822,0.85781,0.85802,1.00,1.38
2014.01.02 18:57:47.053,0.85781,0.85802,1.00,1.38
2014.01.02 18:57:47.863,0.85778,0.85802,1.20,1.38
2014.01.02 18:57:47.964,0.85778,0.85802,1.00,1.38
2014.01.02 18:57:48.286,0.85781,0.85802,1.00,1.38
2014.01.02 18:57:48.442,0.85781,0.85802,1.00,1.38
2014.01.02 18:57:48.675,0.85778,0.85802,1.10,1.38
2014.01.02 18:57:49.075,0.85782,0.85802,1.00,1.38
2014.01.02 18:57:49.176,0.85782,0.85802,1.00,1.00
2014.01.02 18:57:50.243,0.85778,0.85802,1.48,1.00
2014.01.02 18:57:50.794,0.85778,0.85802,1.45,1.00
2014.01.02 18:57:52.776,0.85778,0.85802,1.45,1.00
2014.01.02 18:57:52.928,0.85779,0.85806,1.55,1.38
2014.01.02 18:57:53.029,0.85779,0.85806,1.55,1.13
2014.01.02 18:57:53.332,0.85782,0.85808,1.53,1.00
2014.01.02 18:57:53.383,0.85788,0.85812,1.38,1.38
2014.01.02 18:57:55.892,0.85788,0.85812,1.38,1.13
2014.01.02 18:57:56.459,0.85791,0.85812,1.00,1.13
2014.01.02 18:57:57.064,0.85791,0.85812,1.00,1.38
2014.01.02 18:57:57.943,0.85791,0.85812,1.00,1.13
2014.01.02 18:57:58.544,0.85792,0.85812,1.00,1.00
2014.01.02 18:57:59.094,0.85792,0.85818,1.88,1.38
2014.01.02 18:57:59.213,0.85792,0.85818,1.88,1.38
2014.01.02 18:57:59.374,0.85796,0.85818,1.00,1.38
2014.01.02 18:57:59.877,0.85796,0.85818,1.38,1.00
2014.01.02 18:58:00.420,0.85796,0.85818,1.38,1.13
2014.01.02 18:58:00.780,0.85796,0.85818,1.13,1.13
2014.01.02 18:58:01.194,0.85796,0.85818,1.38,1.13
2014.01.02 18:58:01.523,0.85796,0.85818,1.13,1.13
2014.01.02 18:58:01.993,0.85796,0.85818,1.38,1.00
2014.01.02 18:58:02.600,0.85797,0.85823,1.38,1.88
2014.01.02 18:58:03.183,0.85797,0.85823,1.88,1.38
2014.01.02 18:58:03.473,0.85797,0.85817,1.38,1.00
2014.01.02 18:58:03.700,0.85797,0.85823,1.88,1.38
2014.01.02 18:58:03.750,0.85797,0.85823,1.88,1.38
2014.01.02 18:58:03.851,0.85797,0.85823,1.88,1.38
2014.01.02 18:58:05.373,0.85797,0.85823,1.95,1.38
2014.01.02 18:58:05.874,0.85801,0.85823,1.00,1.38
2014.01.02 18:58:06.512,0.85801,0.85823,1.13,1.13
2014.01.02 18:58:11.533,0.85801,0.85823,1.38,1.13
2014.01.02 18:58:13.555,0.85801,0.85823,1.38,1.00
2014.01.02 18:58:15.641,0.85801,0.85823,1.38,1.00
2014.01.02 18:58:16.374,0.85801,0.85823,1.38,1.00
2014.01.02 18:58:18.015,0.85807,0.85828,1.00,1.53
2014.01.02 18:58:18.066,0.85807,0.85828,1.38,1.08
2014.01.02 18:58:18.116,0.85808,0.85832,1.38,2.40
2014.01.02 18:58:18.167,0.85808,0.85832,1.38,2.70
2014.01.02 18:58:18.268,0.85803,0.85827,2.03,1.00
2014.01.02 18:58:18.369,0.85802,0.85824,1.53,1.00
2014.01.02 18:58:18.571,0.85803,0.85827,1.58,1.38
2014.01.02 18:58:18.772,0.85803,0.85827,1.38,1.00
2014.01.02 18:58:19.025,0.85803,0.85827,1.58,1.38
2014.01.02 18:58:19.126,0.85802,0.85823,1.38,1.00
2014.01.02 18:58:20.986,0.85804,0.8583,1.38,1.38
2014.01.02 18:58:22.405,0.8581,0.85833,1.00,1.38
2014.01.02 18:58:23.253,0.8581,0.85834,1.00,1.38
2014.01.02 18:58:23.713,0.8581,0.85834,1.00,1.38
2014.01.02 18:58:24.592,0.8581,0.85834,1.00,1.38
2014.01.02 18:58:26.793,0.8581,0.85834,1.00,1.38
2014.01.02 18:58:26.944,0.8581,0.85834,1.00,1.38
2014.01.02 18:58:36.802,0.8581,0.85834,1.00,1.38
2014.01.02 18:58:38.562,0.8581,0.85834,1.00,1.38
2014.01.02 18:58:41.782,0.85812,0.85834,1.00,1.38
2014.01.02 18:59:06.092,0.85816,0.85834,1.00,1.58
2014.01.02 18:59:06.244,0.85816,0.85834,1.00,1.00
2014.01.02 18:59:07.748,0.85816,0.85837,1.00,1.48
2014.01.02 18:59:07.900,0.85822,0.85837,1.00,1.38
2014.01.02 18:59:08.102,0.85821,0.85837,1.00,1.00
2014.01.02 18:59:08.203,0.85821,0.85844,1.45,1.00
2014.01.02 18:59:08.930,0.85823,0.8585,1.48,1.38
2014.01.02 18:59:09.032,0.85827,0.85851,1.00,1.38
2014.01.02 18:59:09.382,0.8583,0.85854,1.00,1.45
2014.01.02 18:59:09.433,0.8583,0.85854,1.13,1.45
2014.01.02 18:59:14.893,0.8583,0.85854,1.00,1.38
2014.01.02 18:59:15.397,0.85824,0.85848,1.53,1.50
2014.01.02 18:59:15.992,0.85824,0.8585,1.38,1.38
2014.01.02 18:59:16.253,0.85828,0.85853,1.00,1.73
2014.01.02 18:59:17.123,0.85828,0.85854,1.38,1.28
2014.01.02 18:59:17.683,0.85828,0.85855,1.38,1.48
2014.01.02 18:59:20.438,0.85831,0.85855,1.38,1.00
2014.01.02 18:59:20.639,0.85828,0.85855,1.38,1.38
2014.01.02 18:59:27.321,0.85828,0.85855,1.38,1.20
2014.01.02 18:59:27.574,0.85835,0.85861,1.00,2.03
2014.01.02 18:59:27.876,0.85835,0.85861,1.38,1.48
2014.01.02 18:59:28.312,0.85835,0.85861,1.38,1.20
2014.01.02 18:59:28.842,0.85835,0.85858,1.38,1.10
2014.01.02 18:59:28.994,0.85831,0.85855,1.38,1.13
2014.01.02 18:59:29.506,0.85831,0.85855,1.38,1.28
2014.01.02 18:59:32.334,0.85831,0.85853,1.38,1.00
2014.01.02 18:59:33.155,0.85831,0.85853,1.38,1.00
2014.01.02 18:59:33.359,0.85831,0.85855,1.88,1.00
2014.01.02 18:59:33.511,0.85831,0.85855,1.88,1.00
2014.01.02 18:59:34.233,0.85835,0.85861,1.38,1.45
2014.01.02 18:59:35.071,0.85831,0.85856,1.88,1.00
2014.01.02 18:59:36.216,0.85831,0.85856,1.88,1.00
2014.01.02 18:59:36.741,0.85831,0.85856,1.88,1.00
2014.01.02 18:59:37.726,0.85835,0.85861,1.38,1.20
2014.01.02 18:59:38.266,0.85835,0.85861,1.38,1.08
2014.01.02 18:59:40.046,0.85835,0.85861,1.38,1.00
2014.01.02 18:59:40.096,0.85835,0.85861,1.38,1.13
2014.01.02 18:59:48.281,0.85839,0.85854,1.38,1.00
2014.01.02 18:59:48.533,0.85839,0.85854,1.00,1.00
2014.01.02 18:59:49.370,0.85835,0.85854,1.38,1.00
