2014.01.24 13:00:00.218,0.84678,0.84698,1.65,1.00
2014.01.24 13:00:00.719,0.84678,0.84697,1.15,1.00
2014.01.24 13:00:01.263,0.84675,0.84697,3.08,1.20
2014.01.24 13:00:01.364,0.84673,0.84689,2.33,1.00
2014.01.24 13:00:01.415,0.84672,0.84689,1.08,1.00
2014.01.24 13:00:01.516,0.84672,0.84693,1.08,1.28
2014.01.24 13:00:02.104,0.84672,0.84691,1.10,1.10
2014.01.24 13:00:05.261,0.84672,0.84694,1.08,2.40
2014.01.24 13:00:06.351,0.84672,0.84694,3.08,2.33
2014.01.24 13:00:06.402,0.84674,0.84694,1.15,2.25
2014.01.24 13:00:07.945,0.84677,0.84694,1.18,1.00
2014.01.24 13:00:08.046,0.84678,0.84698,1.15,1.00
2014.01.24 13:00:08.171,0.84675,0.84696,3.83,1.00
2014.01.24 13:00:08.322,0.84675,0.84696,1.65,1.50
2014.01.24 13:00:08.373,0.84675,0.84693,1.65,1.00
2014.01.24 13:00:08.625,0.84676,0.84695,1.15,1.00
2014.01.24 13:00:09.415,0.84675,0.84696,1.15,1.50
2014.01.24 13:00:10.374,0.84675,0.84693,1.15,1.00
2014.01.24 13:00:10.911,0.84675,0.84693,3.08,1.00
2014.01.24 13:00:12.652,0.84675,0.84693,1.15,1.00
2014.01.24 13:00:13.798,0.84672,0.84693,1.53,1.50
2014.01.24 13:00:14.100,0.8467,0.84693,2.03,1.50
2014.01.24 13:00:14.329,0.8467,0.8469,1.53,1.00
2014.01.24 13:00:14.558,0.8467,0.8469,1.53,1.00
2014.01.24 13:00:14.960,0.8467,0.8469,3.45,1.00
2014.01.24 13:00:17.180,0.84667,0.8469,2.40,1.08
2014.01.24 13:00:17.519,0.84668,0.84687,3.45,1.00
2014.01.24 13:00:19.144,0.84666,0.84687,1.53,1.00
2014.01.24 13:00:19.422,0.84668,0.84691,1.53,1.15
2014.01.24 13:00:20.592,0.84668,0.84691,3.45,1.10
2014.01.24 13:00:22.344,0.8467,0.84691,2.70,1.00
2014.01.24 13:00:22.981,0.84671,0.84691,2.70,1.00
2014.01.24 13:00:23.284,0.84674,0.84692,2.70,1.00
2014.01.24 13:00:24.737,0.84673,0.84692,5.63,1.00
2014.01.24 13:00:25.893,0.84673,0.84696,4.20,1.58
2014.01.24 13:00:25.970,0.84673,0.84693,4.20,1.00
2014.01.24 13:00:26.976,0.84676,0.84693,2.70,1.00
2014.01.24 13:00:27.278,0.84681,0.84696,2.33,1.00
2014.01.24 13:00:27.329,0.84677,0.84693,2.25,1.00
2014.01.24 13:00:27.430,0.84672,0.8469,1.28,1.00
2014.01.24 13:00:27.531,0.84669,0.84689,1.53,1.00
2014.01.24 13:00:28.159,0.84669,0.84689,1.53,1.00
2014.01.24 13:00:28.718,0.84668,0.84688,2.70,1.00
2014.01.24 13:00:29.300,0.84668,0.84685,2.70,1.00
2014.01.24 13:00:29.352,0.84665,0.84685,3.08,1.00
2014.01.24 13:00:35.419,0.84668,0.84685,1.15,1.50
2014.01.24 13:00:35.570,0.84666,0.84687,3.08,1.50
2014.01.24 13:00:42.598,0.84666,0.84685,2.70,1.00
2014.01.24 13:00:50.109,0.84666,0.84688,2.33,1.00
2014.01.24 13:00:55.640,0.84667,0.84688,1.15,1.50
2014.01.24 13:00:57.172,0.84667,0.84688,3.08,1.50
2014.01.24 13:00:59.642,0.84665,0.84684,3.83,1.00
2014.01.24 13:00:59.895,0.84659,0.84678,1.15,1.00
2014.01.24 13:01:00.637,0.84661,0.84679,1.20,1.00
2014.01.24 13:01:05.718,0.84657,0.84679,1.65,1.00
2014.01.24 13:01:06.371,0.84661,0.84679,1.00,1.00
2014.01.24 13:01:06.680,0.84661,0.8468,1.08,1.00
2014.01.24 13:01:07.404,0.84658,0.8468,3.08,1.10
2014.01.24 13:01:08.203,0.84658,0.8468,1.15,1.10
2014.01.24 13:01:08.522,0.84658,0.8468,1.15,1.48
2014.01.24 13:01:08.668,0.84658,0.84678,1.08,1.45
2014.01.24 13:01:08.870,0.84658,0.84679,1.08,1.20
2014.01.24 13:01:09.504,0.84658,0.84679,1.18,1.38
2014.01.24 13:01:10.059,0.84658,0.84679,1.18,1.13
2014.01.24 13:01:11.381,0.84658,0.84679,1.18,1.38
2014.01.24 13:01:11.432,0.84656,0.84675,1.15,1.00
2014.01.24 13:01:11.684,0.84653,0.84674,1.15,1.55
2014.01.24 13:01:11.835,0.84653,0.84676,1.20,4.20
2014.01.24 13:01:11.936,0.84653,0.84674,1.08,1.28
2014.01.24 13:01:12.415,0.84656,0.84674,1.00,1.28
2014.01.24 13:01:12.718,0.84658,0.84676,1.00,1.10
2014.01.24 13:01:13.126,0.84658,0.84678,1.15,1.10
2014.01.24 13:01:15.359,0.84658,0.84677,1.15,1.00
2014.01.24 13:01:15.991,0.84658,0.84677,1.00,1.18
2014.01.24 13:01:16.560,0.84658,0.84675,1.00,1.00
2014.01.24 13:01:16.813,0.84655,0.84675,1.58,1.58
2014.01.24 13:01:17.158,0.84655,0.84672,1.28,1.00
2014.01.24 13:01:18.042,0.84655,0.84672,1.00,1.20
2014.01.24 13:01:18.361,0.84655,0.84669,1.00,1.00
2014.01.24 13:01:18.567,0.84653,0.84669,1.00,1.00
2014.01.24 13:01:19.339,0.84648,0.84669,1.53,1.00
2014.01.24 13:01:19.440,0.84648,0.84669,1.53,1.38
2014.01.24 13:01:19.591,0.84643,0.84666,1.53,1.10
2014.01.24 13:01:19.692,0.84643,0.84666,1.53,1.20
2014.01.24 13:01:19.994,0.84641,0.84663,1.53,1.28
2014.01.24 13:01:20.095,0.84641,0.84663,1.15,1.53
2014.01.24 13:01:20.246,0.84637,0.8466,1.53,1.53
2014.01.24 13:01:20.347,0.84637,0.84657,1.20,1.45
2014.01.24 13:01:20.498,0.84637,0.84657,1.38,1.28
2014.01.24 13:01:21.770,0.84637,0.84658,1.45,1.20
2014.01.24 13:01:21.821,0.84637,0.84658,1.53,1.13
2014.01.24 13:01:22.218,0.84642,0.8466,1.38,1.20
2014.01.24 13:01:22.724,0.84643,0.84661,1.48,1.10
2014.01.24 13:01:23.673,0.84643,0.84661,1.53,1.00
2014.01.24 13:01:26.459,0.84643,0.84663,1.53,1.13
2014.01.24 13:01:26.510,0.84643,0.84663,1.53,1.00
2014.01.24 13:01:27.132,0.84643,0.84663,1.53,1.00
2014.01.24 13:01:27.661,0.84646,0.84666,1.55,1.18
2014.01.24 13:01:27.712,0.84647,0.84668,1.28,1.10
2014.01.24 13:01:28.156,0.84647,0.84668,1.55,1.20
2014.01.24 13:01:28.577,0.84649,0.8467,1.55,1.10
2014.01.24 13:01:30.100,0.84651,0.8467,1.00,1.10
2014.01.24 13:01:30.469,0.84649,0.8467,1.20,1.53
2014.01.24 13:01:40.351,0.84651,0.84672,1.00,4.20
2014.01.24 13:01:40.890,0.84649,0.84672,1.48,3.45
2014.01.24 13:01:40.950,0.84649,0.84672,1.20,3.08
2014.01.24 13:01:41.143,0.84651,0.84672,1.00,3.08
2014.01.24 13:01:41.711,0.84651,0.84669,1.00,1.28
2014.01.24 13:01:42.064,0.84651,0.8467,1.10,1.00
2014.01.24 13:01:43.192,0.84651,0.8467,1.10,1.45
2014.01.24 13:01:43.242,0.84648,0.8467,1.05,1.53
2014.01.24 13:01:43.399,0.84647,0.8467,1.55,1.53
2014.01.24 13:01:44.139,0.84647,0.8467,1.55,1.15
2014.01.24 13:01:44.250,0.84647,0.8467,1.55,1.15
2014.01.24 13:01:44.871,0.84657,0.84672,1.00,3.45
2014.01.24 13:01:44.972,0.84657,0.84676,1.00,2.03
2014.01.24 13:01:45.073,0.84653,0.84676,1.15,1.53
2014.01.24 13:01:45.434,0.84653,0.84676,1.53,2.78
2014.01.24 13:01:45.586,0.84653,0.84675,1.00,1.53
2014.01.24 13:01:46.237,0.84653,0.84675,1.13,1.53
2014.01.24 13:01:46.450,0.84653,0.84675,1.38,1.53
2014.01.24 13:01:47.989,0.84653,0.84675,1.38,1.53
2014.01.24 13:01:49.200,0.84653,0.84675,1.13,1.53
2014.01.24 13:01:50.300,0.84653,0.84675,1.48,1.53
2014.01.24 13:01:51.290,0.84653,0.84675,1.48,1.53
2014.01.24 13:01:51.620,0.84653,0.84675,1.20,1.53
2014.01.24 13:01:52.502,0.84653,0.84675,1.48,1.53
2014.01.24 13:01:53.270,0.84653,0.84674,1.20,1.55
2014.01.24 13:01:53.724,0.84653,0.84674,1.20,1.55
2014.01.24 13:01:53.864,0.84653,0.84674,1.20,1.55
2014.01.24 13:01:53.968,0.84653,0.84674,1.20,1.55
2014.01.24 13:01:54.070,0.84653,0.84674,1.10,1.55
2014.01.24 13:01:54.810,0.84653,0.84674,1.48,1.28
2014.01.24 13:01:55.271,0.84653,0.84672,1.38,1.18
2014.01.24 13:01:55.858,0.84649,0.84671,1.53,1.48
2014.01.24 13:01:55.959,0.84649,0.84671,1.45,1.55
2014.01.24 13:01:56.336,0.84647,0.84669,2.03,1.45
2014.01.24 13:01:56.386,0.84647,0.84669,2.03,1.55
2014.01.24 13:01:57.010,0.84647,0.84669,1.48,1.53
2014.01.24 13:01:57.388,0.84651,0.8467,1.13,2.03
2014.01.24 13:01:57.558,0.84651,0.8467,1.48,1.95
2014.01.24 13:01:57.664,0.84651,0.8467,1.10,1.95
2014.01.24 13:01:58.321,0.84651,0.8467,1.20,1.95
2014.01.24 13:01:58.770,0.84649,0.8467,1.38,1.53
2014.01.24 13:01:58.870,0.84649,0.8467,1.00,1.53
2014.01.24 13:01:59.022,0.84647,0.84669,1.50,2.70
2014.01.24 13:01:59.072,0.84644,0.84667,1.45,1.53
2014.01.24 13:01:59.123,0.84644,0.84667,1.45,1.53
2014.01.24 13:01:59.425,0.84644,0.84664,1.38,1.53
2014.01.24 13:01:59.784,0.84644,0.84665,1.48,1.53
2014.01.24 13:01:59.885,0.84644,0.84665,1.20,1.53
2014.01.24 13:02:00.329,0.84644,0.84665,1.20,1.53
2014.01.24 13:02:00.521,0.84644,0.84665,1.20,1.53
2014.01.24 13:02:00.631,0.84644,0.84665,1.20,1.53
2014.01.24 13:02:01.289,0.84644,0.84665,1.20,1.53
2014.01.24 13:02:04.369,0.84644,0.84665,1.48,1.53
2014.01.24 13:02:04.919,0.84644,0.84664,1.20,1.55
2014.01.24 13:02:05.927,0.84641,0.84664,1.53,2.03
2014.01.24 13:02:07.669,0.84641,0.84664,1.58,2.03
2014.01.24 13:02:09.760,0.84641,0.84664,1.58,2.03
2014.01.24 13:02:11.367,0.84641,0.84664,1.55,1.55
2014.01.24 13:02:11.418,0.84641,0.84664,1.55,1.18
2014.01.24 13:02:11.569,0.84644,0.84665,1.53,1.10
2014.01.24 13:02:11.670,0.84647,0.8467,1.53,1.18
2014.01.24 13:02:11.771,0.84652,0.84673,1.20,2.33
2014.01.24 13:02:11.822,0.84652,0.84675,1.20,2.78
2014.01.24 13:02:11.873,0.84652,0.84675,1.48,4.28
2014.01.24 13:02:12.383,0.84652,0.84674,1.38,1.53
2014.01.24 13:02:12.895,0.84652,0.84674,1.45,1.15
2014.01.24 13:02:13.478,0.8465,0.84673,1.45,1.15
2014.01.24 13:02:14.047,0.8465,0.84673,1.48,1.15
2014.01.24 13:02:14.364,0.8465,0.84672,1.38,2.33
2014.01.24 13:02:19.606,0.8465,0.84672,1.38,2.33
2014.01.24 13:02:21.319,0.8465,0.84672,1.38,2.33
2014.01.24 13:02:21.421,0.84652,0.84675,1.48,4.95
2014.01.24 13:02:21.471,0.84652,0.84675,1.48,4.95
2014.01.24 13:02:21.673,0.84649,0.84672,1.58,1.15
2014.01.24 13:02:22.532,0.84649,0.84672,1.58,1.15
2014.01.24 13:02:22.749,0.84649,0.84672,1.58,1.28
2014.01.24 13:02:23.741,0.84649,0.84672,1.58,1.28
2014.01.24 13:02:24.399,0.84649,0.84672,1.58,1.28
2014.01.24 13:02:24.779,0.84649,0.84671,1.28,1.53
2014.01.24 13:02:24.880,0.84645,0.84666,1.53,1.13
2014.01.24 13:02:25.182,0.84643,0.84664,1.48,1.15
2014.01.24 13:02:25.758,0.84643,0.84664,1.48,1.28
2014.01.24 13:02:25.859,0.84643,0.84664,1.48,1.28
2014.01.24 13:02:26.749,0.84643,0.84664,1.48,1.15
2014.01.24 13:02:27.393,0.84643,0.84664,1.53,1.10
2014.01.24 13:02:27.494,0.84647,0.84668,1.55,1.08
2014.01.24 13:02:27.646,0.8465,0.8467,1.48,1.10
2014.01.24 13:02:28.916,0.8465,0.84671,1.53,1.00
2014.01.24 13:02:30.560,0.8465,0.84671,1.53,1.00
2014.01.24 13:02:30.711,0.8465,0.84671,1.53,1.00
2014.01.24 13:02:39.920,0.8465,0.84671,1.53,1.00
2014.01.24 13:02:40.782,0.84651,0.84671,1.55,1.00
2014.01.24 13:02:41.689,0.8465,0.84671,1.53,1.00
2014.01.24 13:02:42.505,0.8465,0.84671,1.53,1.00
2014.01.24 13:02:46.734,0.8465,0.84671,1.53,1.13
2014.01.24 13:02:46.785,0.8465,0.84671,1.55,1.20
2014.01.24 13:02:47.615,0.8465,0.84671,1.10,1.53
2014.01.24 13:02:47.716,0.84642,0.84664,2.03,1.48
2014.01.24 13:02:47.817,0.84642,0.84664,1.28,1.58
2014.01.24 13:02:48.019,0.84639,0.8466,1.55,1.08
2014.01.24 13:02:48.070,0.84639,0.8466,1.20,1.18
2014.01.24 13:02:48.233,0.84641,0.8466,1.00,1.18
2014.01.24 13:02:49.143,0.84641,0.8466,1.10,1.10
2014.01.24 13:02:49.655,0.84641,0.8466,1.18,1.00
2014.01.24 13:02:50.190,0.84639,0.8466,1.20,1.08
2014.01.24 13:02:50.542,0.84639,0.8466,1.38,1.53
2014.01.24 13:02:51.131,0.84639,0.8466,1.00,1.53
2014.01.24 13:02:51.619,0.84641,0.8466,1.00,1.53
2014.01.24 13:02:52.770,0.84641,0.8466,1.00,1.53
2014.01.24 13:02:52.829,0.84641,0.8466,1.00,1.53
2014.01.24 13:02:55.687,0.84639,0.8466,1.38,1.53
2014.01.24 13:02:56.397,0.84634,0.84657,1.53,1.15
2014.01.24 13:02:56.714,0.84634,0.84657,1.38,2.03
2014.01.24 13:02:58.501,0.84634,0.84654,1.38,2.33
2014.01.24 13:02:58.702,0.84631,0.84652,1.95,1.18
2014.01.24 13:02:59.120,0.84637,0.84652,1.00,1.28
2014.01.24 13:02:59.222,0.84637,0.84652,1.00,1.20
2014.01.24 13:02:59.510,0.84637,0.8465,1.00,1.38
2014.01.24 13:02:59.929,0.84637,0.8465,1.00,1.53
2014.01.24 13:03:00.858,0.84632,0.8465,1.13,1.53
2014.01.24 13:03:00.909,0.84632,0.84648,1.00,1.08
2014.01.24 13:03:01.213,0.84632,0.8465,1.00,2.03
2014.01.24 13:03:01.264,0.84632,0.84649,1.00,2.70
2014.01.24 13:03:01.738,0.84632,0.8465,1.00,1.55
2014.01.24 13:03:02.001,0.84632,0.8465,1.00,4.13
2014.01.24 13:03:03.150,0.84632,0.84644,1.00,1.38
2014.01.24 13:03:03.406,0.84626,0.84644,1.13,1.28
2014.01.24 13:03:03.507,0.84631,0.84644,1.00,1.28
2014.01.24 13:03:03.558,0.84631,0.84644,1.00,1.28
2014.01.24 13:03:03.659,0.84626,0.84644,1.00,1.48
2014.01.24 13:03:03.760,0.84636,0.84645,1.00,1.10
2014.01.24 13:03:04.459,0.84636,0.84648,1.00,1.15
2014.01.24 13:03:04.619,0.84632,0.84648,1.38,1.15
2014.01.24 13:03:04.819,0.84637,0.84648,1.00,1.15
2014.01.24 13:03:06.102,0.84637,0.84645,1.00,1.15
2014.01.24 13:03:06.152,0.84624,0.84643,2.63,1.38
2014.01.24 13:03:06.253,0.84624,0.84638,1.60,1.38
2014.01.24 13:03:06.304,0.84624,0.84637,1.00,3.45
2014.01.24 13:03:06.459,0.84617,0.84636,1.00,1.53
2014.01.24 13:03:06.715,0.84617,0.84635,1.00,3.45
2014.01.24 13:03:07.340,0.84617,0.84635,1.38,5.63
2014.01.24 13:03:07.441,0.84621,0.84635,1.00,1.55
2014.01.24 13:03:07.593,0.84627,0.84638,1.00,2.03
2014.01.24 13:03:07.763,0.84627,0.84638,1.00,1.65
2014.01.24 13:03:07.915,0.84621,0.84638,1.38,1.15
2014.01.24 13:03:08.487,0.84621,0.84637,1.13,1.18
2014.01.24 13:03:08.650,0.84621,0.84637,1.38,1.18
2014.01.24 13:03:10.878,0.84631,0.8464,1.00,1.65
2014.01.24 13:03:11.509,0.84632,0.8464,1.00,1.28
2014.01.24 13:03:11.560,0.84626,0.8464,1.00,1.28
2014.01.24 13:03:11.661,0.84626,0.84639,1.00,1.53
2014.01.24 13:03:12.064,0.84626,0.8464,1.00,1.15
2014.01.24 13:03:12.165,0.84626,0.8464,1.00,1.18
2014.01.24 13:03:13.838,0.84617,0.8464,1.55,1.18
2014.01.24 13:03:13.939,0.84617,0.8464,1.55,1.28
2014.01.24 13:03:14.141,0.84621,0.8464,1.38,1.28
2014.01.24 13:03:31.150,0.84621,0.8464,1.38,1.28
2014.01.24 13:03:31.201,0.84621,0.8464,1.38,1.20
2014.01.24 13:03:32.730,0.84621,0.8464,1.38,1.10
2014.01.24 13:03:35.477,0.84621,0.84643,1.38,2.03
2014.01.24 13:03:36.358,0.84622,0.84643,1.38,1.53
2014.01.24 13:03:36.459,0.84627,0.84644,1.38,1.65
2014.01.24 13:03:37.221,0.84627,0.84644,1.38,1.28
2014.01.24 13:03:37.752,0.84627,0.84644,1.00,1.28
2014.01.24 13:03:37.853,0.84627,0.84644,1.00,1.28
2014.01.24 13:03:38.533,0.84627,0.84644,1.38,1.28
2014.01.24 13:03:39.059,0.84627,0.84644,1.13,1.15
2014.01.24 13:03:43.652,0.84627,0.84644,1.38,1.65
2014.01.24 13:03:44.318,0.84627,0.84644,1.00,1.28
2014.01.24 13:03:48.522,0.84632,0.84644,1.00,1.53
2014.01.24 13:03:50.247,0.84626,0.84644,1.38,1.28
2014.01.24 13:03:51.238,0.84626,0.84644,1.38,1.28
2014.01.24 13:03:51.289,0.84631,0.84648,1.00,4.20
2014.01.24 13:03:51.491,0.84631,0.8465,1.38,2.03
2014.01.24 13:03:51.592,0.84631,0.8465,1.38,1.28
2014.01.24 13:03:51.642,0.84631,0.84652,1.38,1.28
2014.01.24 13:03:51.894,0.84631,0.84651,1.00,2.03
2014.01.24 13:03:51.945,0.84631,0.84645,1.00,1.00
2014.01.24 13:03:52.248,0.84631,0.8465,1.38,2.03
2014.01.24 13:03:52.518,0.84631,0.84647,1.13,1.15
2014.01.24 13:03:52.667,0.84636,0.84647,1.00,1.15
2014.01.24 13:03:52.970,0.84632,0.84647,1.00,1.15
2014.01.24 13:03:54.993,0.84627,0.84647,1.38,1.28
2014.01.24 13:03:55.043,0.84627,0.84644,1.38,1.00
2014.01.24 13:03:55.194,0.84627,0.84644,1.13,1.15
2014.01.24 13:03:55.969,0.84627,0.84644,1.38,1.28
2014.01.24 13:03:56.377,0.84627,0.84644,1.55,1.13
2014.01.24 13:03:56.478,0.84627,0.84644,1.13,1.18
2014.01.24 13:03:57.632,0.84627,0.84644,1.13,1.18
2014.01.24 13:04:00.236,0.84627,0.84644,1.13,1.28
2014.01.24 13:04:00.287,0.84627,0.84644,1.13,1.28
2014.01.24 13:04:00.834,0.84627,0.84644,1.13,1.13
2014.01.24 13:04:02.199,0.84627,0.84644,1.38,1.00
2014.01.24 13:04:02.309,0.84627,0.84644,1.13,1.00
2014.01.24 13:04:04.067,0.84627,0.84644,1.38,1.00
2014.01.24 13:04:06.478,0.84627,0.84647,1.38,1.48
2014.01.24 13:04:06.530,0.84627,0.84647,1.38,1.10
2014.01.24 13:04:06.581,0.84628,0.84651,1.53,1.65
2014.01.24 13:04:06.732,0.84632,0.84651,1.38,1.08
2014.01.24 13:04:07.035,0.84637,0.84654,1.00,1.65
2014.01.24 13:04:07.233,0.84637,0.84654,1.00,1.65
2014.01.24 13:04:13.529,0.84637,0.84654,1.38,1.28
2014.01.24 13:04:16.607,0.84637,0.84654,1.38,1.15
2014.01.24 13:04:16.759,0.84637,0.84656,1.98,1.20
2014.01.24 13:04:16.809,0.84647,0.84661,1.00,3.45
2014.01.24 13:04:17.011,0.84647,0.84663,1.00,2.40
2014.01.24 13:04:18.930,0.84647,0.84663,1.38,1.15
2014.01.24 13:04:19.081,0.84651,0.84668,1.38,1.15
2014.01.24 13:04:19.182,0.84651,0.84671,1.38,4.20
2014.01.24 13:04:19.284,0.84651,0.84671,1.38,3.08
2014.01.24 13:04:19.650,0.84652,0.84671,1.38,1.15
2014.01.24 13:04:21.217,0.84652,0.84671,1.38,1.53
2014.01.24 13:04:24.543,0.84651,0.84671,1.38,1.28
2014.01.24 13:04:25.209,0.84651,0.84671,1.48,1.20
2014.01.24 13:04:25.310,0.84651,0.84671,1.48,1.10
2014.01.24 13:04:25.411,0.84653,0.84673,1.13,1.00
2014.01.24 13:04:25.613,0.84656,0.84676,1.45,1.08
2014.01.24 13:04:26.137,0.84656,0.84676,1.53,1.00
2014.01.24 13:04:26.709,0.84656,0.84676,1.53,1.00
2014.01.24 13:04:27.238,0.84658,0.84679,1.48,1.15
2014.01.24 13:04:27.289,0.84659,0.84679,1.38,1.15
2014.01.24 13:04:27.606,0.84667,0.84684,1.38,2.25
2014.01.24 13:04:27.657,0.84671,0.84687,1.38,1.18
2014.01.24 13:04:28.727,0.84671,0.84687,1.13,1.18
2014.01.24 13:04:29.449,0.84671,0.84687,1.38,1.18
2014.01.24 13:04:30.032,0.84671,0.84687,1.38,1.10
2014.01.24 13:04:30.678,0.84671,0.84687,1.38,1.08
2014.01.24 13:04:30.789,0.84667,0.84687,1.45,1.20
2014.01.24 13:04:31.528,0.84671,0.84692,1.88,2.70
2014.01.24 13:04:31.628,0.84671,0.84694,2.03,1.53
2014.01.24 13:04:31.780,0.84672,0.84693,1.48,1.53
2014.01.24 13:04:32.179,0.84672,0.84693,1.48,1.53
2014.01.24 13:04:32.717,0.84672,0.84693,1.38,1.53
2014.01.24 13:04:33.208,0.84668,0.84691,1.48,1.53
2014.01.24 13:04:33.309,0.84668,0.84691,1.48,1.53
2014.01.24 13:04:33.360,0.84668,0.84691,1.48,3.45
2014.01.24 13:04:34.597,0.84666,0.84688,1.38,1.28
2014.01.24 13:04:35.578,0.84672,0.84688,1.00,1.28
2014.01.24 13:04:35.845,0.84672,0.84688,1.13,1.20
2014.01.24 13:04:35.953,0.84672,0.84691,1.38,1.65
2014.01.24 13:04:36.618,0.84672,0.84691,1.38,1.48
2014.01.24 13:04:36.923,0.84672,0.84693,4.43,1.00
2014.01.24 13:04:37.430,0.84677,0.84698,1.38,1.65
2014.01.24 13:04:37.480,0.84676,0.84698,1.38,1.93
2014.01.24 13:04:37.732,0.84676,0.84698,1.38,1.90
2014.01.24 13:04:37.934,0.84676,0.84699,1.38,2.40
2014.01.24 13:04:38.486,0.84676,0.84698,1.38,1.90
2014.01.24 13:04:39.836,0.84676,0.84698,1.38,1.90
2014.01.24 13:04:39.988,0.84673,0.84694,1.38,1.65
2014.01.24 13:04:40.520,0.84673,0.84694,1.38,1.08
2014.01.24 13:04:40.927,0.84677,0.84696,1.38,1.53
2014.01.24 13:04:41.240,0.84677,0.84699,1.38,2.40
2014.01.24 13:04:42.317,0.84676,0.84699,1.38,3.15
2014.01.24 13:04:42.948,0.84676,0.84699,1.38,3.15
2014.01.24 13:04:43.619,0.84676,0.84699,1.38,3.15
2014.01.24 13:04:44.186,0.84676,0.84699,1.38,3.15
2014.01.24 13:04:44.439,0.8468,0.84701,1.00,5.33
2014.01.24 13:04:44.540,0.84676,0.84694,1.38,1.00
2014.01.24 13:04:44.742,0.84681,0.84699,1.13,3.83
2014.01.24 13:04:44.893,0.84682,0.847,1.38,1.18
2014.01.24 13:04:44.944,0.84682,0.847,1.38,1.18
2014.01.24 13:04:44.994,0.84682,0.84704,1.48,3.08
2014.01.24 13:04:45.506,0.84682,0.84704,1.55,1.90
2014.01.24 13:04:46.429,0.84685,0.84708,1.55,4.58
2014.01.24 13:04:47.495,0.84685,0.84708,1.53,2.40
2014.01.24 13:04:48.640,0.84685,0.84708,1.38,2.40
2014.01.24 13:04:49.235,0.84685,0.84708,1.13,3.15
2014.01.24 13:04:49.788,0.84682,0.84705,1.65,1.90
2014.01.24 13:04:49.838,0.84682,0.84705,1.58,1.90
2014.01.24 13:04:50.141,0.84676,0.84694,4.88,1.50
2014.01.24 13:04:50.296,0.84671,0.84694,2.63,1.58
2014.01.24 13:04:50.731,0.84671,0.84694,1.95,3.83
2014.01.24 13:04:50.782,0.8467,0.8469,1.05,1.45
2014.01.24 13:04:50.917,0.84666,0.84685,1.13,1.93
2014.01.24 13:04:51.470,0.84664,0.84683,1.38,1.00
2014.01.24 13:04:51.520,0.84664,0.84683,1.38,1.08
2014.01.24 13:04:51.959,0.84664,0.84683,1.38,1.18
2014.01.24 13:04:52.060,0.84661,0.84679,1.38,1.10
2014.01.24 13:04:52.161,0.84661,0.84679,1.38,1.58
2014.01.24 13:04:52.463,0.84661,0.84679,1.38,1.28
2014.01.24 13:04:52.665,0.84661,0.84681,1.38,2.03
2014.01.24 13:04:53.966,0.84663,0.84683,1.38,1.53
2014.01.24 13:04:54.168,0.84667,0.84682,1.13,1.00
2014.01.24 13:04:54.269,0.84672,0.84685,1.00,1.50
2014.01.24 13:04:54.957,0.84672,0.84691,1.38,2.70
2014.01.24 13:04:56.888,0.84672,0.84691,1.38,2.70
2014.01.24 13:04:58.841,0.84672,0.84691,1.13,3.08
2014.01.24 13:05:00.107,0.84672,0.84687,1.00,1.00
2014.01.24 13:05:00.409,0.84666,0.84687,1.55,1.90
2014.01.24 13:05:00.712,0.84661,0.84683,1.45,1.45
2014.01.24 13:05:01.230,0.84661,0.84683,1.88,1.53
2014.01.24 13:05:01.331,0.84667,0.84683,1.00,1.53
2014.01.24 13:05:02.229,0.84667,0.84683,1.00,1.53
2014.01.24 13:05:04.500,0.84667,0.84683,1.00,1.55
2014.01.24 13:05:04.607,0.84671,0.84683,1.00,1.55
2014.01.24 13:05:04.827,0.84667,0.84683,1.00,1.18
2014.01.24 13:05:05.184,0.84667,0.84686,1.38,1.65
2014.01.24 13:05:05.405,0.84666,0.84687,1.38,2.70
2014.01.24 13:05:05.557,0.84666,0.84687,1.00,2.70
2014.01.24 13:05:05.759,0.84666,0.84686,1.95,1.45
2014.01.24 13:05:05.810,0.84666,0.84689,2.03,1.53
2014.01.24 13:05:06.168,0.84672,0.84689,1.00,1.55
2014.01.24 13:05:06.497,0.84677,0.84692,1.08,1.88
2014.01.24 13:05:06.548,0.84677,0.84692,1.08,1.88
2014.01.24 13:05:06.793,0.84677,0.84697,1.38,1.55
2014.01.24 13:05:06.843,0.84682,0.84697,1.00,1.55
2014.01.24 13:05:09.788,0.84676,0.84697,1.53,1.55
2014.01.24 13:05:12.647,0.84682,0.84697,1.00,1.55
2014.01.24 13:05:14.134,0.84682,0.84697,1.00,1.55
2014.01.24 13:05:14.671,0.84677,0.84697,1.55,1.55
2014.01.24 13:05:15.182,0.84677,0.84697,1.28,2.03
2014.01.24 13:05:15.704,0.84677,0.84697,1.13,2.03
2014.01.24 13:05:17.940,0.84677,0.84697,1.13,2.03
2014.01.24 13:05:24.101,0.84677,0.84697,1.00,2.03
2014.01.24 13:05:24.363,0.84671,0.8469,1.00,1.53
2014.01.24 13:05:24.464,0.84666,0.84687,2.78,1.53
2014.01.24 13:05:26.837,0.84671,0.84687,1.00,1.53
2014.01.24 13:05:35.637,0.84671,0.84688,1.00,1.58
2014.01.24 13:05:35.794,0.84667,0.84685,1.00,1.55
2014.01.24 13:05:35.895,0.84667,0.84685,1.18,1.38
2014.01.24 13:05:36.212,0.84672,0.84684,1.00,1.38
2014.01.24 13:05:36.816,0.84672,0.84682,1.00,1.38
2014.01.24 13:05:37.367,0.84672,0.84682,1.00,1.38
2014.01.24 13:05:37.967,0.84672,0.84682,1.00,1.13
2014.01.24 13:05:38.169,0.84671,0.84685,1.00,1.20
2014.01.24 13:05:38.270,0.84671,0.84685,1.00,1.38
2014.01.24 13:05:38.577,0.84676,0.84685,1.38,1.00
2014.01.24 13:05:38.678,0.84681,0.84694,1.00,1.53
2014.01.24 13:05:38.779,0.84681,0.84699,1.00,1.53
2014.01.24 13:05:39.132,0.84681,0.84699,1.38,1.48
2014.01.24 13:05:39.477,0.84676,0.84699,1.15,1.95
2014.01.24 13:05:39.593,0.84676,0.84699,1.18,2.03
2014.01.24 13:05:40.069,0.84677,0.84699,1.53,1.50
2014.01.24 13:05:40.412,0.84677,0.84698,1.28,1.15
2014.01.24 13:05:40.463,0.84677,0.84699,1.28,1.58
2014.01.24 13:05:40.513,0.84677,0.84699,1.28,1.50
2014.01.24 13:05:40.941,0.84685,0.84699,2.33,1.50
2014.01.24 13:05:41.043,0.84681,0.84699,1.08,1.00
2014.01.24 13:05:42.338,0.84677,0.84699,1.53,2.03
2014.01.24 13:05:45.547,0.84682,0.84699,1.00,1.65
2014.01.24 13:05:45.676,0.84677,0.84699,1.53,1.65
2014.01.24 13:05:46.269,0.84677,0.84699,1.38,1.65
2014.01.24 13:05:47.717,0.84677,0.84699,1.38,1.65
2014.01.24 13:05:48.858,0.84677,0.84699,1.45,1.65
2014.01.24 13:05:49.427,0.84677,0.84699,1.48,1.65
2014.01.24 13:05:49.748,0.84682,0.847,1.38,1.65
2014.01.24 13:05:49.849,0.84682,0.847,1.38,1.58
2014.01.24 13:05:50.260,0.84682,0.847,1.38,1.10
2014.01.24 13:05:51.485,0.84682,0.847,1.13,1.10
2014.01.24 13:05:54.142,0.84682,0.847,1.38,1.10
2014.01.24 13:05:54.527,0.84682,0.84699,1.00,1.08
2014.01.24 13:05:58.214,0.84681,0.84698,1.00,1.15
2014.01.24 13:05:58.657,0.84676,0.84698,1.88,1.15
2014.01.24 13:05:58.758,0.84676,0.84695,1.38,1.10
2014.01.24 13:05:59.094,0.84674,0.84695,1.48,1.15
2014.01.24 13:06:03.247,0.84677,0.84695,1.38,1.15
2014.01.24 13:06:03.644,0.84682,0.84695,1.00,1.18
2014.01.24 13:06:05.116,0.84682,0.84695,1.38,1.18
2014.01.24 13:06:05.687,0.84682,0.84699,1.38,3.08
2014.01.24 13:06:05.738,0.84682,0.84699,1.38,1.15
2014.01.24 13:06:05.788,0.84687,0.84699,1.38,1.08
2014.01.24 13:06:05.839,0.84687,0.847,1.38,1.10
2014.01.24 13:06:05.940,0.84687,0.84704,1.38,1.65
2014.01.24 13:06:06.041,0.84687,0.84704,1.38,1.58
2014.01.24 13:06:06.142,0.84687,0.84704,1.38,1.58
2014.01.24 13:06:06.346,0.84687,0.84704,1.38,1.65
2014.01.24 13:06:08.257,0.84687,0.84704,1.38,1.65
2014.01.24 13:06:09.186,0.84687,0.84704,1.38,2.03
2014.01.24 13:06:11.607,0.84687,0.84703,1.38,1.15
2014.01.24 13:06:11.936,0.84687,0.84703,1.38,1.15
2014.01.24 13:06:12.087,0.84687,0.84704,1.38,1.58
2014.01.24 13:06:13.571,0.84687,0.84704,1.38,1.00
2014.01.24 13:06:13.621,0.84687,0.84704,1.38,1.00
2014.01.24 13:06:16.366,0.84692,0.84708,1.38,1.15
2014.01.24 13:06:16.669,0.84696,0.84711,1.38,1.20
2014.01.24 13:06:16.880,0.84696,0.84711,1.38,1.10
2014.01.24 13:06:16.987,0.84696,0.84711,1.00,1.20
2014.01.24 13:06:17.039,0.84692,0.84711,1.18,1.20
2014.01.24 13:06:17.089,0.84692,0.84707,1.18,1.00
2014.01.24 13:06:17.392,0.84692,0.84705,1.00,1.08
2014.01.24 13:06:17.774,0.84692,0.84705,1.00,1.15
2014.01.24 13:06:20.336,0.84687,0.84705,1.38,1.28
2014.01.24 13:06:20.839,0.84687,0.84705,1.38,2.03
2014.01.24 13:06:21.595,0.84687,0.84705,1.38,7.13
2014.01.24 13:06:23.474,0.84687,0.84705,1.00,7.13
2014.01.24 13:06:23.998,0.84687,0.84701,1.00,2.33
2014.01.24 13:06:24.547,0.84681,0.84702,1.38,1.28
2014.01.24 13:06:24.896,0.84681,0.84702,1.38,1.15
2014.01.24 13:06:26.492,0.84681,0.84701,1.38,1.15
2014.01.24 13:06:28.085,0.84681,0.84703,1.38,3.08
2014.01.24 13:06:28.186,0.84681,0.84703,1.38,1.15
2014.01.24 13:06:28.237,0.84682,0.84703,1.68,1.15
2014.01.24 13:06:28.338,0.84686,0.84705,1.38,1.15
2014.01.24 13:06:28.389,0.84686,0.84705,1.38,1.10
2014.01.24 13:06:28.490,0.84691,0.84708,1.38,1.15
2014.01.24 13:06:28.591,0.84691,0.84709,1.38,1.20
2014.01.24 13:06:28.792,0.84687,0.84709,1.53,1.20
2014.01.24 13:06:30.149,0.84687,0.84709,1.45,1.15
2014.01.24 13:06:33.545,0.84687,0.84709,1.38,1.65
2014.01.24 13:06:34.070,0.84686,0.84709,1.48,3.83
2014.01.24 13:06:35.693,0.84686,0.84709,1.48,3.83
2014.01.24 13:06:35.785,0.84686,0.84709,1.45,1.65
2014.01.24 13:06:35.937,0.84686,0.84709,1.88,1.15
2014.01.24 13:06:36.575,0.84687,0.84709,1.45,1.15
2014.01.24 13:06:36.886,0.84687,0.84709,1.45,1.15
2014.01.24 13:06:37.415,0.84687,0.84709,1.45,1.15
2014.01.24 13:06:37.465,0.84687,0.84709,1.45,1.15
2014.01.24 13:06:45.653,0.84687,0.84709,1.53,1.00
2014.01.24 13:06:46.455,0.8469,0.84711,1.58,1.15
2014.01.24 13:06:48.428,0.8469,0.84711,1.48,1.15
2014.01.24 13:06:48.535,0.8469,0.84711,1.38,1.15
2014.01.24 13:06:50.153,0.8469,0.84711,1.53,1.10
2014.01.24 13:06:50.203,0.84694,0.84713,1.38,1.15
2014.01.24 13:06:50.304,0.84694,0.84715,1.38,1.15
2014.01.24 13:06:50.833,0.84697,0.84718,1.88,1.15
2014.01.24 13:06:51.344,0.84697,0.84718,1.38,1.15
2014.01.24 13:06:52.197,0.84697,0.84718,1.38,1.15
2014.01.24 13:06:52.390,0.84697,0.84718,1.38,1.15
2014.01.24 13:06:53.183,0.84697,0.84718,1.38,2.03
2014.01.24 13:06:53.768,0.84697,0.84717,1.38,1.53
2014.01.24 13:06:53.873,0.84696,0.84713,1.38,1.20
2014.01.24 13:06:53.974,0.84692,0.84714,1.48,1.53
2014.01.24 13:06:54.292,0.84692,0.84713,1.38,1.28
2014.01.24 13:06:54.376,0.84692,0.84713,1.38,1.28
2014.01.24 13:06:54.987,0.84692,0.84713,1.38,1.28
2014.01.24 13:06:55.412,0.84692,0.84711,1.38,1.15
2014.01.24 13:06:55.513,0.84689,0.8471,1.48,1.15
2014.01.24 13:06:55.614,0.84691,0.84709,1.38,2.70
2014.01.24 13:06:56.251,0.84691,0.84709,1.38,3.08
2014.01.24 13:06:57.222,0.84691,0.84708,1.38,2.33
2014.01.24 13:06:59.512,0.84691,0.84709,1.38,3.83
2014.01.24 13:06:59.563,0.84691,0.84708,1.38,1.15
2014.01.24 13:06:59.664,0.84686,0.84704,1.38,3.08
2014.01.24 13:06:59.815,0.84682,0.847,1.38,1.65
2014.01.24 13:06:59.866,0.84682,0.847,1.38,3.83
2014.01.24 13:07:00.456,0.84683,0.847,1.38,3.08
2014.01.24 13:07:00.908,0.84682,0.84692,1.00,1.08
2014.01.24 13:07:01.212,0.84677,0.84692,1.38,1.15
2014.01.24 13:07:01.313,0.84677,0.8469,1.38,1.15
2014.01.24 13:07:01.624,0.84676,0.84689,1.13,1.15
2014.01.24 13:07:01.732,0.84671,0.84684,1.13,1.15
2014.01.24 13:07:02.085,0.84671,0.84682,1.00,1.15
2014.01.24 13:07:02.597,0.84671,0.84682,1.00,1.15
2014.01.24 13:07:02.852,0.84671,0.84682,1.00,1.18
2014.01.24 13:07:03.674,0.84671,0.84682,1.00,1.15
2014.01.24 13:07:04.589,0.84671,0.84683,1.00,1.00
2014.01.24 13:07:05.526,0.84671,0.84684,1.13,1.00
2014.01.24 13:07:05.635,0.84676,0.84685,1.00,1.10
2014.01.24 13:07:05.687,0.84672,0.84685,1.00,1.10
2014.01.24 13:07:06.320,0.84672,0.84684,1.00,1.00
2014.01.24 13:07:08.190,0.84672,0.84684,1.00,1.15
2014.01.24 13:07:08.701,0.84672,0.84681,1.00,1.38
2014.01.24 13:07:08.802,0.84667,0.84678,1.00,1.00
2014.01.24 13:07:09.105,0.84661,0.84677,1.13,1.00
2014.01.24 13:07:09.256,0.84661,0.84675,1.00,1.00
2014.01.24 13:07:09.885,0.84661,0.84676,1.00,1.00
2014.01.24 13:07:10.856,0.84667,0.84676,1.00,1.00
2014.01.24 13:07:11.189,0.84672,0.84677,1.00,1.00
2014.01.24 13:07:11.240,0.84672,0.8468,1.00,1.00
2014.01.24 13:07:11.492,0.84672,0.84682,1.00,1.00
2014.01.24 13:07:13.715,0.84667,0.84682,1.13,1.00
2014.01.24 13:07:14.283,0.84671,0.84682,1.00,1.00
2014.01.24 13:07:14.382,0.84666,0.84682,1.38,1.00
2014.01.24 13:07:14.487,0.84672,0.84682,1.00,1.00
2014.01.24 13:07:14.638,0.84657,0.84678,1.53,1.38
2014.01.24 13:07:14.790,0.84657,0.84673,1.38,1.00
2014.01.24 13:07:15.254,0.84666,0.84675,1.00,1.13
2014.01.24 13:07:16.235,0.84666,0.84676,1.00,1.20
2014.01.24 13:07:16.367,0.84662,0.84676,1.00,1.20
2014.01.24 13:07:16.468,0.84666,0.84676,1.00,1.20
2014.01.24 13:07:16.858,0.84666,0.84676,1.00,1.15
2014.01.24 13:07:17.943,0.84666,0.84676,1.00,1.08
2014.01.24 13:07:17.994,0.84666,0.84677,1.00,1.00
2014.01.24 13:07:18.045,0.84662,0.84677,1.00,1.00
2014.01.24 13:07:18.297,0.84662,0.84675,1.00,1.15
2014.01.24 13:07:20.317,0.84666,0.84676,1.00,1.15
2014.01.24 13:07:20.867,0.84662,0.84676,1.13,1.15
2014.01.24 13:07:21.820,0.84662,0.84677,1.00,1.20
2014.01.24 13:07:21.921,0.84662,0.84677,1.00,1.18
2014.01.24 13:07:22.223,0.84662,0.84679,1.38,1.10
2014.01.24 13:07:22.545,0.84671,0.84682,1.00,1.18
2014.01.24 13:07:25.197,0.84667,0.84681,1.00,1.15
2014.01.24 13:07:25.600,0.84662,0.84678,1.38,1.20
2014.01.24 13:07:25.751,0.84667,0.8468,1.13,1.10
2014.01.24 13:07:26.154,0.84672,0.8468,1.00,1.10
2014.01.24 13:07:27.415,0.84672,0.84682,1.00,1.65
2014.01.24 13:07:27.919,0.84672,0.84682,1.00,1.00
2014.01.24 13:07:28.578,0.84677,0.84686,1.00,1.65
2014.01.24 13:07:28.781,0.84677,0.84689,1.00,1.65
2014.01.24 13:07:29.023,0.84672,0.84687,1.38,1.18
2014.01.24 13:07:29.593,0.84676,0.84689,1.00,1.15
2014.01.24 13:07:31.216,0.84671,0.84689,1.38,1.15
2014.01.24 13:07:31.367,0.84671,0.84687,1.00,1.28
2014.01.24 13:07:31.418,0.84671,0.84687,1.00,5.63
2014.01.24 13:07:33.404,0.84667,0.84685,1.38,1.15
2014.01.24 13:07:33.555,0.84667,0.84683,1.38,1.15
2014.01.24 13:07:34.084,0.84667,0.84683,1.38,1.65
2014.01.24 13:07:34.390,0.84667,0.84683,1.38,1.15
2014.01.24 13:07:34.441,0.84672,0.84683,1.00,1.15
2014.01.24 13:07:35.334,0.84672,0.84683,1.00,2.03
2014.01.24 13:07:35.435,0.84666,0.8468,1.00,1.28
2014.01.24 13:07:35.536,0.84666,0.84678,1.00,1.28
2014.01.24 13:07:35.839,0.84666,0.84676,1.00,2.03
2014.01.24 13:07:36.180,0.84666,0.84675,1.00,2.70
2014.01.24 13:07:36.692,0.84658,0.84674,1.38,2.33
2014.01.24 13:07:37.154,0.84661,0.84674,1.13,2.33
2014.01.24 13:07:38.144,0.8466,0.84674,1.38,2.33
2014.01.24 13:07:38.481,0.84667,0.84676,1.00,4.58
2014.01.24 13:07:39.169,0.84661,0.84676,1.13,4.58
2014.01.24 13:07:40.674,0.84667,0.84676,1.00,4.58
2014.01.24 13:07:45.416,0.84667,0.84676,1.00,1.65
2014.01.24 13:07:46.515,0.84662,0.84676,1.00,2.03
2014.01.24 13:07:46.956,0.84667,0.84676,1.00,2.03
2014.01.24 13:07:47.208,0.84661,0.84676,1.00,2.03
2014.01.24 13:07:49.434,0.84661,0.84676,1.00,1.95
2014.01.24 13:07:51.540,0.84661,0.84676,1.00,2.03
2014.01.24 13:07:54.875,0.84666,0.84676,1.00,2.03
2014.01.24 13:07:55.439,0.84661,0.84678,1.73,2.33
2014.01.24 13:07:55.490,0.84672,0.8468,1.00,1.18
2014.01.24 13:07:55.591,0.84672,0.84682,1.00,1.10
2014.01.24 13:07:56.137,0.84672,0.84682,1.00,1.15
2014.01.24 13:07:56.784,0.84672,0.8468,1.00,1.15
2014.01.24 13:07:57.003,0.84666,0.8468,1.00,2.03
2014.01.24 13:07:57.205,0.84666,0.84678,1.00,1.28
2014.01.24 13:08:00.813,0.84666,0.84674,1.00,1.00
2014.01.24 13:08:01.663,0.84666,0.84674,1.00,1.15
2014.01.24 13:08:02.083,0.84666,0.84674,1.00,1.18
2014.01.24 13:08:07.383,0.84659,0.84674,1.38,1.18
2014.01.24 13:08:08.084,0.84666,0.84674,1.00,1.18
2014.01.24 13:08:08.185,0.84667,0.84678,1.00,1.15
2014.01.24 13:08:08.287,0.84671,0.84678,1.00,1.00
2014.01.24 13:08:08.502,0.84671,0.8468,1.00,1.15
2014.01.24 13:08:10.175,0.84675,0.84683,1.00,1.13
2014.01.24 13:08:10.276,0.84676,0.84685,1.00,1.15
2014.01.24 13:08:10.377,0.84676,0.84685,1.00,1.10
2014.01.24 13:08:10.496,0.84676,0.84685,1.00,1.15
2014.01.24 13:08:10.807,0.84674,0.84686,1.38,2.33
2014.01.24 13:08:10.857,0.84674,0.84689,1.38,3.08
2014.01.24 13:08:10.908,0.84677,0.84689,1.00,3.08
2014.01.24 13:08:11.060,0.84677,0.84689,1.00,1.15
2014.01.24 13:08:11.161,0.84677,0.84687,1.00,3.08
2014.01.24 13:08:12.341,0.84677,0.84688,1.00,2.33
2014.01.24 13:08:12.442,0.84677,0.8469,1.00,3.83
2014.01.24 13:08:20.284,0.84681,0.8469,1.00,2.33
2014.01.24 13:08:20.335,0.84681,0.84693,1.00,1.15
2014.01.24 13:08:20.385,0.84682,0.84693,1.38,1.15
2014.01.24 13:08:20.768,0.84682,0.84698,1.13,1.28
2014.01.24 13:08:21.020,0.84677,0.84696,1.38,1.15
2014.01.24 13:08:21.323,0.84673,0.84689,1.38,3.08
2014.01.24 13:08:21.433,0.84673,0.84689,1.38,3.08
2014.01.24 13:08:24.383,0.84673,0.84689,1.38,1.15
2014.01.24 13:08:24.986,0.84673,0.84691,1.38,3.08
2014.01.24 13:08:25.466,0.84673,0.84689,1.38,2.33
2014.01.24 13:08:26.157,0.84673,0.8469,1.38,2.33
2014.01.24 13:08:26.217,0.84673,0.84691,1.38,1.15
2014.01.24 13:08:26.743,0.84673,0.84691,1.13,1.28
2014.01.24 13:08:26.844,0.84667,0.8469,1.38,4.20
2014.01.24 13:08:27.154,0.84667,0.84687,1.38,2.33
2014.01.24 13:08:28.612,0.84667,0.84687,1.38,2.33
2014.01.24 13:08:28.845,0.84671,0.84689,1.38,2.33
2014.01.24 13:08:29.672,0.84671,0.8469,1.38,3.83
2014.01.24 13:08:29.729,0.84671,0.84689,1.38,1.15
2014.01.24 13:08:29.779,0.84667,0.84688,1.38,2.33
2014.01.24 13:08:30.082,0.84666,0.84685,1.38,2.33
2014.01.24 13:08:30.132,0.84666,0.84685,1.38,1.15
2014.01.24 13:08:30.233,0.84666,0.84684,1.38,2.33
2014.01.24 13:08:31.764,0.84663,0.84684,1.38,3.08
2014.01.24 13:08:32.282,0.84663,0.84684,1.38,3.08
2014.01.24 13:08:32.624,0.84663,0.84684,1.38,3.08
2014.01.24 13:08:32.927,0.84684,0.84691,1.00,1.00
2014.01.24 13:08:33.179,0.84689,0.84702,1.38,1.00
2014.01.24 13:08:33.330,0.84689,0.84712,1.38,6.00
2014.01.24 13:08:33.918,0.84692,0.84712,1.38,6.00
2014.01.24 13:08:34.175,0.84692,0.84706,1.38,1.08
2014.01.24 13:08:34.276,0.84688,0.84709,1.38,1.15
2014.01.24 13:08:34.427,0.84688,0.84709,1.38,1.15
2014.01.24 13:08:34.830,0.84691,0.84712,1.38,3.83
2014.01.24 13:08:34.931,0.84691,0.84712,1.38,1.65
2014.01.24 13:08:35.947,0.84692,0.84711,1.38,3.08
2014.01.24 13:08:36.048,0.84692,0.84712,1.38,2.40
2014.01.24 13:08:36.297,0.84692,0.8471,1.38,2.03
2014.01.24 13:08:36.348,0.84687,0.8471,1.48,2.03
2014.01.24 13:08:37.443,0.84687,0.84709,1.38,2.33
2014.01.24 13:08:37.775,0.84693,0.84709,1.38,2.33
2014.01.24 13:08:37.876,0.84693,0.84711,1.38,2.33
2014.01.24 13:08:37.977,0.84693,0.84714,1.58,1.15
2014.01.24 13:08:38.128,0.84693,0.84714,1.58,1.15
2014.01.24 13:08:38.229,0.84693,0.84714,1.48,1.15
2014.01.24 13:08:38.380,0.84695,0.84714,1.38,1.18
2014.01.24 13:08:38.481,0.84696,0.84716,1.38,1.15
2014.01.24 13:08:38.733,0.84692,0.84715,1.00,3.45
2014.01.24 13:08:38.785,0.84689,0.84706,1.00,2.25
2014.01.24 13:08:38.987,0.84687,0.84706,1.00,4.50
2014.01.24 13:08:39.138,0.84685,0.84703,1.00,2.03
2014.01.24 13:08:39.239,0.84685,0.84694,1.00,1.08
2014.01.24 13:08:39.340,0.84676,0.84694,1.35,2.33
2014.01.24 13:08:39.391,0.84674,0.84694,1.13,2.33
2014.01.24 13:08:39.542,0.84671,0.84689,1.00,1.10
2014.01.24 13:08:39.644,0.84671,0.84685,1.00,1.00
2014.01.24 13:08:39.795,0.84668,0.84688,1.20,2.25
2014.01.24 13:08:39.896,0.84671,0.84688,1.00,1.00
2014.01.24 13:08:40.198,0.8467,0.84691,1.00,3.08
2014.01.24 13:08:40.772,0.8467,0.84691,1.38,2.33
2014.01.24 13:08:41.075,0.84666,0.84684,1.00,1.15
2014.01.24 13:08:41.126,0.84666,0.84684,1.00,5.25
2014.01.24 13:08:41.518,0.84666,0.84682,1.00,2.33
2014.01.24 13:08:42.253,0.84666,0.8468,1.00,1.15
2014.01.24 13:08:42.444,0.84666,0.84683,1.00,1.15
2014.01.24 13:08:43.030,0.84666,0.84686,1.00,3.45
2014.01.24 13:08:45.145,0.8467,0.84687,1.00,1.28
2014.01.24 13:08:45.246,0.8467,0.84687,1.38,1.00
2014.01.24 13:08:45.398,0.84674,0.84693,1.00,4.88
2014.01.24 13:08:45.499,0.84674,0.84693,1.00,1.53
2014.01.24 13:08:46.654,0.84674,0.84695,1.38,6.38
2014.01.24 13:08:46.805,0.84674,0.84695,1.13,6.38
2014.01.24 13:08:47.368,0.84675,0.84695,1.00,4.50
2014.01.24 13:08:47.469,0.84682,0.84697,1.00,2.70
2014.01.24 13:08:47.771,0.84682,0.84699,1.00,2.33
2014.01.24 13:08:47.872,0.84682,0.847,1.00,1.15
2014.01.24 13:08:48.326,0.84682,0.84701,1.00,1.53
2014.01.24 13:08:48.477,0.84682,0.847,1.00,1.53
2014.01.24 13:08:48.731,0.84675,0.84698,1.15,2.03
2014.01.24 13:08:49.258,0.84675,0.84696,1.00,2.03
2014.01.24 13:08:53.094,0.84675,0.84694,1.00,3.45
2014.01.24 13:08:53.472,0.84672,0.84694,1.38,3.08
2014.01.24 13:08:53.974,0.84672,0.84694,1.13,3.45
2014.01.24 13:08:54.277,0.8467,0.84691,1.38,4.20
2014.01.24 13:08:54.973,0.8467,0.8469,1.00,2.03
2014.01.24 13:08:55.125,0.8467,0.84688,1.00,1.28
2014.01.24 13:08:56.138,0.8467,0.8469,1.13,1.53
2014.01.24 13:08:56.784,0.8467,0.8469,1.48,1.20
2014.01.24 13:08:56.886,0.84673,0.8469,1.38,1.18
2014.01.24 13:08:57.500,0.84673,0.84692,1.00,1.28
2014.01.24 13:08:58.560,0.84673,0.84692,1.10,1.10
2014.01.24 13:08:59.133,0.84673,0.84692,1.15,1.00
2014.01.24 13:09:04.284,0.84673,0.84692,1.00,1.20
2014.01.24 13:09:04.957,0.84673,0.84691,1.38,1.00
2014.01.24 13:09:05.370,0.84673,0.84691,1.13,1.18
2014.01.24 13:09:05.673,0.8467,0.84689,1.38,1.15
2014.01.24 13:09:05.976,0.84668,0.8468,1.13,2.33
2014.01.24 13:09:06.507,0.84665,0.84679,1.38,1.15
2014.01.24 13:09:06.557,0.84665,0.84679,1.13,1.15
2014.01.24 13:09:07.067,0.84665,0.84679,1.38,1.15
2014.01.24 13:09:07.504,0.84661,0.84676,1.88,1.15
2014.01.24 13:09:07.554,0.84661,0.84673,1.13,1.00
2014.01.24 13:09:07.656,0.84656,0.84671,1.88,1.10
2014.01.24 13:09:07.807,0.84656,0.84671,1.38,1.08
2014.01.24 13:09:08.110,0.84652,0.84669,1.38,2.33
2014.01.24 13:09:08.261,0.84652,0.84669,1.13,3.08
2014.01.24 13:09:08.313,0.84652,0.84666,1.00,2.33
2014.01.24 13:09:09.034,0.84652,0.84668,1.13,3.08
2014.01.24 13:09:09.136,0.84661,0.84668,1.00,1.00
2014.01.24 13:09:09.238,0.84656,0.8467,1.00,1.08
2014.01.24 13:09:09.339,0.84651,0.8467,1.35,3.08
2014.01.24 13:09:09.440,0.84649,0.84668,2.25,3.08
2014.01.24 13:09:09.854,0.84649,0.84668,1.13,3.08
2014.01.24 13:09:10.698,0.84645,0.84667,1.13,1.15
2014.01.24 13:09:10.984,0.84645,0.84665,1.13,1.15
2014.01.24 13:09:11.572,0.84645,0.84665,1.38,1.15
2014.01.24 13:09:12.613,0.84652,0.84665,1.00,1.15
2014.01.24 13:09:13.486,0.84656,0.84665,1.00,1.15
2014.01.24 13:09:13.587,0.84656,0.84668,1.00,3.08
2014.01.24 13:09:13.688,0.84656,0.8467,1.00,1.65
2014.01.24 13:09:13.847,0.84651,0.8467,1.00,1.15
2014.01.24 13:09:13.898,0.84651,0.84669,1.00,1.65
2014.01.24 13:09:14.450,0.84651,0.84667,1.00,1.10
2014.01.24 13:09:14.652,0.84651,0.84667,1.00,1.15
2014.01.24 13:09:15.173,0.84651,0.84667,1.00,1.65
2014.01.24 13:09:15.717,0.84647,0.84667,1.38,1.65
2014.01.24 13:09:16.263,0.84649,0.84667,1.00,1.10
2014.01.24 13:09:16.364,0.84657,0.84668,1.00,1.10
2014.01.24 13:09:16.415,0.84657,0.8467,1.00,1.10
2014.01.24 13:09:16.466,0.84661,0.84672,1.00,1.55
2014.01.24 13:09:16.568,0.84656,0.8467,1.00,1.10
2014.01.24 13:09:16.929,0.84662,0.84673,1.00,1.53
2014.01.24 13:09:17.030,0.84662,0.84673,1.00,1.13
2014.01.24 13:09:17.232,0.84661,0.8468,1.00,4.20
2014.01.24 13:09:17.452,0.84657,0.8468,1.58,2.03
2014.01.24 13:09:17.654,0.84661,0.8468,1.00,2.03
2014.01.24 13:09:18.359,0.84657,0.84678,1.08,1.18
2014.01.24 13:09:19.756,0.84657,0.84676,1.00,1.18
2014.01.24 13:09:20.863,0.84657,0.84676,1.00,1.15
2014.01.24 13:09:21.178,0.84654,0.84675,1.00,2.70
2014.01.24 13:09:21.278,0.84651,0.84671,1.00,1.15
2014.01.24 13:09:21.791,0.84651,0.8467,1.00,1.18
2014.01.24 13:09:21.842,0.84654,0.84672,1.00,1.15
2014.01.24 13:09:21.943,0.84651,0.84672,1.08,1.15
2014.01.24 13:09:22.044,0.84651,0.84672,1.00,1.28
2014.01.24 13:09:22.346,0.84653,0.84672,1.00,3.08
2014.01.24 13:09:22.448,0.84656,0.84672,1.00,1.18
2014.01.24 13:09:22.599,0.84654,0.84673,1.00,1.15
2014.01.24 13:09:22.750,0.84651,0.84671,1.00,1.15
2014.01.24 13:09:29.232,0.84647,0.84669,1.45,1.18
2014.01.24 13:09:29.542,0.84646,0.84662,1.00,1.10
2014.01.24 13:09:29.744,0.84639,0.84662,3.45,1.58
2014.01.24 13:09:29.845,0.84639,0.84661,1.28,1.18
2014.01.24 13:09:30.152,0.84639,0.84661,1.10,1.15
2014.01.24 13:09:30.512,0.84637,0.84655,1.53,1.00
2014.01.24 13:09:30.851,0.84637,0.8466,1.88,1.18
2014.01.24 13:09:30.952,0.84642,0.8466,1.38,1.18
2014.01.24 13:09:31.154,0.84642,0.84662,1.38,1.15
2014.01.24 13:09:31.593,0.84642,0.84659,1.38,1.00
2014.01.24 13:09:31.694,0.84642,0.84656,1.00,1.00
2014.01.24 13:09:31.745,0.84642,0.84653,1.00,1.10
2014.01.24 13:09:31.947,0.84632,0.84649,1.38,1.00
2014.01.24 13:09:32.149,0.84632,0.84649,1.38,1.00
2014.01.24 13:09:32.683,0.84632,0.84649,1.38,1.00
2014.01.24 13:09:33.210,0.84632,0.84649,1.53,1.00
2014.01.24 13:09:33.311,0.84632,0.84652,1.53,1.00
2014.01.24 13:09:35.545,0.84632,0.84652,1.53,1.00
2014.01.24 13:09:35.797,0.84633,0.84656,1.53,1.18
2014.01.24 13:09:36.100,0.84637,0.84656,1.38,1.18
2014.01.24 13:09:36.404,0.84637,0.84652,1.38,2.33
2014.01.24 13:09:36.719,0.84631,0.84649,1.38,1.15
2014.01.24 13:09:36.770,0.84629,0.84649,1.38,3.08
2014.01.24 13:09:37.118,0.84626,0.84647,1.38,3.83
2014.01.24 13:09:37.219,0.84626,0.84645,1.00,1.15
2014.01.24 13:09:37.320,0.84621,0.84644,1.38,1.15
2014.01.24 13:09:37.370,0.84621,0.84643,1.38,4.50
2014.01.24 13:09:37.572,0.84618,0.8464,1.00,1.65
2014.01.24 13:09:37.840,0.84618,0.84638,1.38,3.83
2014.01.24 13:09:38.485,0.84618,0.84638,1.13,3.08
2014.01.24 13:09:39.134,0.84618,0.84638,1.38,3.08
2014.01.24 13:09:39.348,0.84618,0.84638,1.38,1.15
2014.01.24 13:09:42.364,0.84622,0.84637,1.00,1.00
2014.01.24 13:09:42.781,0.84622,0.84637,1.38,1.00
2014.01.24 13:09:43.641,0.84621,0.8464,1.58,1.00
2014.01.24 13:09:44.185,0.84622,0.84643,1.38,1.65
2014.01.24 13:09:46.454,0.84622,0.84642,1.00,1.53
2014.01.24 13:09:46.505,0.84621,0.84638,1.20,1.10
2014.01.24 13:09:46.807,0.84613,0.84634,4.88,1.00
2014.01.24 13:09:47.198,0.84611,0.84634,2.40,1.18
2014.01.24 13:09:48.764,0.84615,0.84636,1.55,1.08
2014.01.24 13:09:48.865,0.84615,0.84636,1.53,1.00
2014.01.24 13:09:49.765,0.84622,0.84636,1.00,1.00
2014.01.24 13:09:49.866,0.84617,0.84636,1.55,1.00
2014.01.24 13:09:52.833,0.84626,0.84636,1.00,1.00
2014.01.24 13:09:52.934,0.84622,0.84636,1.00,1.00
2014.01.24 13:09:53.369,0.84617,0.84638,1.28,1.08
2014.01.24 13:09:53.571,0.84617,0.84638,1.13,1.15
2014.01.24 13:09:53.995,0.84616,0.84635,1.38,2.25
2014.01.24 13:09:54.301,0.84616,0.84633,1.00,2.33
2014.01.24 13:09:54.508,0.84611,0.84633,1.50,3.08
2014.01.24 13:09:55.631,0.84611,0.84632,1.50,2.33
2014.01.24 13:09:56.285,0.84611,0.84631,1.00,2.33
2014.01.24 13:09:56.436,0.84612,0.84632,1.00,1.15
2014.01.24 13:09:56.970,0.84611,0.84633,1.00,6.00
2014.01.24 13:09:58.452,0.84608,0.84631,1.38,1.15
2014.01.24 13:09:59.015,0.84608,0.84631,1.00,1.15
2014.01.24 13:09:59.341,0.84606,0.84625,1.13,1.20
2014.01.24 13:09:59.644,0.84602,0.8462,1.38,2.33
2014.01.24 13:09:59.966,0.84607,0.84616,1.00,1.18
2014.01.24 13:10:00.118,0.84593,0.84613,1.53,1.10
2014.01.24 13:10:00.219,0.84593,0.84609,1.00,1.08
2014.01.24 13:10:00.320,0.84591,0.84609,1.00,1.08
2014.01.24 13:10:00.905,0.84591,0.84609,1.20,1.00
2014.01.24 13:10:01.269,0.84591,0.84609,1.15,1.00
2014.01.24 13:10:01.421,0.84591,0.84609,1.10,1.10
2014.01.24 13:10:01.984,0.84591,0.84609,1.00,1.18
2014.01.24 13:10:03.173,0.84591,0.84609,1.00,1.15
2014.01.24 13:10:05.377,0.84591,0.84609,1.00,1.10
2014.01.24 13:10:05.580,0.84591,0.84609,1.00,1.15
2014.01.24 13:10:09.829,0.84591,0.84607,1.00,1.15
2014.01.24 13:10:10.876,0.84596,0.84608,1.00,2.33
2014.01.24 13:10:11.188,0.84591,0.84608,1.38,2.33
2014.01.24 13:10:11.289,0.84591,0.84608,1.00,2.33
2014.01.24 13:10:11.841,0.84591,0.84609,1.00,3.08
2014.01.24 13:10:13.385,0.84586,0.84607,1.00,1.15
2014.01.24 13:10:16.154,0.84586,0.84607,1.38,1.15
2014.01.24 13:10:16.904,0.84592,0.84607,1.00,1.15
2014.01.24 13:10:18.549,0.84592,0.84611,1.00,1.65
2014.01.24 13:10:18.600,0.84596,0.84613,1.00,2.33
2014.01.24 13:10:18.651,0.84596,0.84614,1.00,1.65
2014.01.24 13:10:18.802,0.84596,0.84614,1.13,1.18
2014.01.24 13:10:19.123,0.84596,0.84614,1.38,1.00
2014.01.24 13:10:19.673,0.84596,0.84616,1.38,1.15
2014.01.24 13:10:20.443,0.84596,0.84616,1.38,1.15
2014.01.24 13:10:21.143,0.84596,0.84616,1.38,1.15
2014.01.24 13:10:21.749,0.84596,0.84616,1.53,1.00
2014.01.24 13:10:22.204,0.84601,0.84616,1.00,1.00
2014.01.24 13:10:22.903,0.84601,0.84619,1.00,1.15
2014.01.24 13:10:22.954,0.84598,0.84619,1.13,1.15
2014.01.24 13:10:23.004,0.846,0.84621,1.00,1.65
2014.01.24 13:10:23.055,0.846,0.84621,1.08,1.58
2014.01.24 13:10:23.105,0.84602,0.84618,1.00,1.00
2014.01.24 13:10:23.408,0.84602,0.84618,1.38,1.18
2014.01.24 13:10:23.459,0.84602,0.84618,1.00,1.18
2014.01.24 13:10:23.509,0.8461,0.84618,1.00,1.18
2014.01.24 13:10:23.610,0.84611,0.8462,1.00,1.65
2014.01.24 13:10:23.712,0.84611,0.84625,1.00,1.65
2014.01.24 13:10:23.813,0.84611,0.84625,1.00,1.58
2014.01.24 13:10:24.304,0.84606,0.84625,1.20,1.08
2014.01.24 13:10:24.406,0.84612,0.84626,1.00,1.00
2014.01.24 13:10:24.457,0.84612,0.8463,1.00,1.08
2014.01.24 13:10:24.508,0.84616,0.8463,1.00,1.00
2014.01.24 13:10:24.558,0.84616,0.84633,1.00,1.08
2014.01.24 13:10:24.659,0.84616,0.84636,1.00,1.15
2014.01.24 13:10:25.292,0.84616,0.84636,1.13,1.18
2014.01.24 13:10:25.812,0.84616,0.84636,1.28,1.00
2014.01.24 13:10:25.862,0.84616,0.84634,1.18,1.00
2014.01.24 13:10:26.165,0.84616,0.8463,1.00,1.00
2014.01.24 13:10:26.467,0.84622,0.84632,1.00,1.00
2014.01.24 13:10:26.805,0.84622,0.84636,1.00,1.00
2014.01.24 13:10:27.208,0.84622,0.84641,1.38,1.15
2014.01.24 13:10:27.714,0.84623,0.84642,1.13,1.15
2014.01.24 13:10:28.683,0.84623,0.84642,1.38,1.15
2014.01.24 13:10:28.848,0.84623,0.84642,1.48,1.15
2014.01.24 13:10:28.899,0.84626,0.84642,1.00,1.18
2014.01.24 13:10:29.152,0.84631,0.84648,1.50,1.58
2014.01.24 13:10:29.353,0.84631,0.84649,1.58,1.10
2014.01.24 13:10:29.404,0.84631,0.84649,1.65,1.00
2014.01.24 13:10:29.556,0.84631,0.84649,1.58,1.10
2014.01.24 13:10:30.068,0.84631,0.84649,1.65,1.00
2014.01.24 13:10:30.320,0.84631,0.84647,1.10,1.00
2014.01.24 13:10:31.195,0.84631,0.84649,1.10,1.10
2014.01.24 13:10:31.570,0.84631,0.84647,1.10,1.00
2014.01.24 13:10:32.108,0.84631,0.84647,1.00,1.18
2014.01.24 13:10:33.422,0.84631,0.84647,1.00,1.15
2014.01.24 13:10:33.842,0.84625,0.84647,1.10,1.15
2014.01.24 13:10:34.001,0.84625,0.84646,1.00,1.15
2014.01.24 13:10:36.703,0.84626,0.84646,1.00,1.15
2014.01.24 13:10:36.854,0.84627,0.84646,1.00,1.10
2014.01.24 13:10:37.107,0.84626,0.84646,1.00,1.18
2014.01.24 13:10:37.667,0.84626,0.84646,1.00,1.15
2014.01.24 13:10:38.819,0.84623,0.84646,1.15,1.65
2014.01.24 13:10:38.920,0.84623,0.84646,1.00,1.65
2014.01.24 13:10:38.970,0.84623,0.84645,1.00,2.33
2014.01.24 13:10:39.571,0.84623,0.84644,1.00,3.08
2014.01.24 13:10:43.193,0.84622,0.84643,1.00,1.65
2014.01.24 13:10:43.294,0.84622,0.84643,1.20,1.65
2014.01.24 13:10:43.395,0.84622,0.84642,1.00,1.18
2014.01.24 13:10:43.547,0.84622,0.84643,1.10,1.10
2014.01.24 13:10:43.648,0.84622,0.84643,1.00,1.15
2014.01.24 13:10:43.988,0.84622,0.84643,1.18,1.10
2014.01.24 13:10:44.089,0.84622,0.84643,1.00,1.15
2014.01.24 13:10:44.190,0.84622,0.84643,1.00,1.15
2014.01.24 13:10:44.730,0.84623,0.84645,1.15,1.15
2014.01.24 13:10:45.283,0.84623,0.84645,1.00,1.15
2014.01.24 13:10:45.817,0.84623,0.84645,1.10,1.15
2014.01.24 13:10:50.123,0.84627,0.84645,1.00,1.15
2014.01.24 13:10:50.174,0.84627,0.84645,1.00,1.18
2014.01.24 13:10:50.275,0.84627,0.84646,1.15,1.00
2014.01.24 13:10:50.496,0.84627,0.84649,1.15,1.00
2014.01.24 13:10:51.035,0.84629,0.8465,1.15,1.00
2014.01.24 13:10:57.535,0.84631,0.8465,1.00,1.08
2014.01.24 13:10:59.030,0.84636,0.84653,1.00,1.15
2014.01.24 13:10:59.132,0.84636,0.84654,1.00,1.15
2014.01.24 13:10:59.184,0.84636,0.84654,1.10,1.10
2014.01.24 13:10:59.437,0.84632,0.84653,1.18,1.10
2014.01.24 13:10:59.812,0.84632,0.84653,1.20,1.08
2014.01.24 13:11:02.151,0.84636,0.84653,1.00,1.15
2014.01.24 13:11:02.202,0.84636,0.84653,1.00,1.00
2014.01.24 13:11:02.719,0.84636,0.84653,1.00,1.15
2014.01.24 13:11:03.025,0.84636,0.84655,1.58,1.65
2014.01.24 13:11:03.075,0.84636,0.84655,1.65,1.50
2014.01.24 13:11:03.227,0.84642,0.8466,1.00,1.13
2014.01.24 13:11:05.239,0.84642,0.8466,1.38,1.00
2014.01.24 13:11:06.012,0.84637,0.8466,1.53,1.58
2014.01.24 13:11:06.215,0.84642,0.84661,1.48,1.00
2014.01.24 13:11:06.402,0.84642,0.84661,1.48,1.00
2014.01.24 13:11:07.502,0.84642,0.84661,1.10,1.00
2014.01.24 13:11:07.553,0.8464,0.84659,1.53,1.00
2014.01.24 13:11:07.855,0.8464,0.84659,1.53,1.00
2014.01.24 13:11:08.856,0.8464,0.84659,1.15,1.00
2014.01.24 13:11:09.178,0.84642,0.84659,1.45,1.00
2014.01.24 13:11:09.940,0.84642,0.8466,1.45,1.00
2014.01.24 13:11:10.937,0.84646,0.8466,1.38,1.00
2014.01.24 13:11:11.189,0.84646,0.84663,1.38,1.00
2014.01.24 13:11:11.290,0.84646,0.84663,1.38,1.00
2014.01.24 13:11:12.462,0.84646,0.84662,1.38,1.00
2014.01.24 13:11:12.833,0.84647,0.84663,1.38,1.00
2014.01.24 13:11:13.136,0.84647,0.84666,1.38,1.20
2014.01.24 13:11:19.412,0.84647,0.84666,1.45,1.10
2014.01.24 13:11:19.931,0.84647,0.84666,1.45,1.10
2014.01.24 13:11:22.241,0.84647,0.84666,1.53,1.00
2014.01.24 13:11:22.805,0.84647,0.84667,1.53,1.50
2014.01.24 13:11:28.106,0.84651,0.8467,1.48,1.00
2014.01.24 13:11:28.307,0.84651,0.8467,1.53,1.00
2014.01.24 13:11:28.610,0.84654,0.84671,1.55,1.00
2014.01.24 13:11:28.660,0.84654,0.84674,1.53,1.00
2014.01.24 13:11:29.174,0.84654,0.84674,1.53,1.00
2014.01.24 13:11:32.681,0.84654,0.84674,1.48,1.10
2014.01.24 13:11:34.422,0.84654,0.84674,1.55,1.08
2014.01.24 13:11:36.092,0.84654,0.84673,1.38,1.18
2014.01.24 13:11:36.307,0.84652,0.84673,1.48,3.53
2014.01.24 13:11:37.124,0.84652,0.84673,1.45,1.65
2014.01.24 13:11:40.402,0.84652,0.84673,1.48,1.18
2014.01.24 13:11:41.259,0.84652,0.84673,1.55,1.08
2014.01.24 13:11:41.800,0.84652,0.84673,1.38,1.15
2014.01.24 13:11:46.023,0.84652,0.84673,1.38,1.15
2014.01.24 13:11:49.412,0.84652,0.84673,1.55,1.08
2014.01.24 13:11:49.917,0.84652,0.84673,1.38,1.15
2014.01.24 13:11:50.651,0.84647,0.84668,1.55,1.10
2014.01.24 13:11:50.752,0.84647,0.84668,1.38,1.15
2014.01.24 13:11:50.853,0.84647,0.84668,1.38,1.15
2014.01.24 13:11:50.954,0.84643,0.84666,1.48,1.15
2014.01.24 13:11:51.360,0.84643,0.84664,1.48,1.15
2014.01.24 13:11:54.661,0.84643,0.84664,1.48,1.15
2014.01.24 13:11:55.651,0.84643,0.84665,1.48,1.28
2014.01.24 13:11:55.920,0.84643,0.84664,1.48,1.15
2014.01.24 13:11:59.007,0.84641,0.84662,1.55,1.00
2014.01.24 13:11:59.310,0.84655,0.84675,1.45,1.53
2014.01.24 13:11:59.360,0.84655,0.84676,1.45,1.18
2014.01.24 13:11:59.461,0.84655,0.84676,1.45,1.20
2014.01.24 13:11:59.943,0.84657,0.8468,1.53,1.58
2014.01.24 13:12:00.251,0.84657,0.8468,1.53,1.08
2014.01.24 13:12:00.403,0.84657,0.8468,1.53,1.65
2014.01.24 13:12:02.495,0.84654,0.84676,2.70,1.00
2014.01.24 13:12:03.038,0.84653,0.84676,1.53,1.18
2014.01.24 13:12:04.220,0.84653,0.84676,1.53,1.18
2014.01.24 13:12:04.501,0.84652,0.84673,3.45,1.00
2014.01.24 13:12:04.552,0.84652,0.84673,3.45,1.00
2014.01.24 13:12:04.603,0.84652,0.84668,2.70,1.00
2014.01.24 13:12:04.704,0.84648,0.84668,2.70,1.00
2014.01.24 13:12:05.064,0.84647,0.84668,1.38,1.18
2014.01.24 13:12:05.216,0.84647,0.84668,1.53,1.20
2014.01.24 13:12:05.418,0.84647,0.84668,1.38,1.15
2014.01.24 13:12:06.671,0.84652,0.84668,2.48,1.15
2014.01.24 13:12:07.009,0.84662,0.8467,1.50,2.33
2014.01.24 13:12:07.060,0.84662,0.84673,1.50,2.33
2014.01.24 13:12:07.110,0.84662,0.84673,1.00,2.33
2014.01.24 13:12:07.161,0.84664,0.84687,1.38,1.15
2014.01.24 13:12:07.214,0.84664,0.84687,1.38,1.15
2014.01.24 13:12:07.267,0.84664,0.84687,1.58,1.20
2014.01.24 13:12:07.419,0.84664,0.84687,1.58,1.28
2014.01.24 13:12:07.470,0.84664,0.84687,1.48,2.03
2014.01.24 13:12:07.730,0.84664,0.84687,1.38,4.20
2014.01.24 13:12:07.983,0.8466,0.84683,1.53,1.18
2014.01.24 13:12:08.771,0.8466,0.84683,1.53,1.18
2014.01.24 13:12:10.371,0.84663,0.84686,1.38,1.28
2014.01.24 13:12:10.524,0.8466,0.84681,1.45,1.08
2014.01.24 13:12:10.828,0.8466,0.84681,1.38,1.10
2014.01.24 13:12:11.173,0.8466,0.84681,1.38,1.18
2014.01.24 13:12:11.836,0.8466,0.84681,1.38,1.15
2014.01.24 13:12:12.510,0.8466,0.84681,1.38,1.15
2014.01.24 13:12:12.851,0.84656,0.84675,1.38,1.15
2014.01.24 13:12:12.902,0.84656,0.84675,1.00,1.53
2014.01.24 13:12:13.002,0.84656,0.84674,1.00,2.70
2014.01.24 13:12:13.053,0.84649,0.84672,2.33,1.28
2014.01.24 13:12:13.104,0.84649,0.84671,2.25,3.08
2014.01.24 13:12:13.155,0.84649,0.84671,2.25,3.45
2014.01.24 13:12:13.256,0.84649,0.84671,1.13,3.45
2014.01.24 13:12:13.306,0.84647,0.84667,1.38,1.28
2014.01.24 13:12:13.609,0.84646,0.84664,1.00,2.33
2014.01.24 13:12:13.861,0.84643,0.84664,1.00,3.45
2014.01.24 13:12:14.040,0.84643,0.84664,1.00,1.28
2014.01.24 13:12:14.846,0.84646,0.84666,1.00,1.28
2014.01.24 13:12:14.947,0.84646,0.84666,1.88,1.18
2014.01.24 13:12:14.998,0.84647,0.84666,3.38,1.10
2014.01.24 13:12:15.100,0.84652,0.84673,1.10,1.15
2014.01.24 13:12:15.252,0.84652,0.84673,1.15,1.10
2014.01.24 13:12:15.605,0.84652,0.84673,1.38,1.00
2014.01.24 13:12:16.181,0.84652,0.84673,1.38,1.65
2014.01.24 13:12:16.231,0.84652,0.84673,1.38,2.03
2014.01.24 13:12:16.531,0.84649,0.8467,1.13,1.45
2014.01.24 13:12:17.121,0.84649,0.8467,1.38,1.53
2014.01.24 13:12:17.542,0.84649,0.84669,1.00,2.03
2014.01.24 13:12:17.643,0.84646,0.84667,1.45,1.45
2014.01.24 13:12:17.744,0.84646,0.84667,1.00,1.53
2014.01.24 13:12:17.795,0.84644,0.84665,1.13,1.55
2014.01.24 13:12:17.896,0.84646,0.84668,1.13,3.45
2014.01.24 13:12:18.201,0.84646,0.84668,1.38,3.45
2014.01.24 13:12:18.272,0.84646,0.84668,1.38,1.53
2014.01.24 13:12:18.864,0.84646,0.84668,1.38,1.55
2014.01.24 13:12:19.657,0.84646,0.84668,1.38,1.28
2014.01.24 13:12:20.230,0.84646,0.84668,1.38,1.28
2014.01.24 13:12:21.390,0.84646,0.84668,1.13,1.53
2014.01.24 13:12:22.401,0.84646,0.84668,1.38,1.53
2014.01.24 13:12:22.452,0.84646,0.84668,1.38,1.53
2014.01.24 13:12:24.030,0.84646,0.84668,1.13,1.53
2014.01.24 13:12:24.484,0.84644,0.84665,1.00,1.53
2014.01.24 13:12:25.080,0.8464,0.84662,1.38,1.53
2014.01.24 13:12:26.275,0.8464,0.84662,1.13,1.53
2014.01.24 13:12:26.577,0.84641,0.84661,1.00,1.53
2014.01.24 13:12:26.628,0.84637,0.8466,1.13,1.53
2014.01.24 13:12:26.780,0.84637,0.8466,1.38,1.53
2014.01.24 13:12:27.133,0.84642,0.84662,1.00,1.48
2014.01.24 13:12:27.285,0.84656,0.84673,1.00,1.20
2014.01.24 13:12:27.588,0.84656,0.84675,1.38,1.10
2014.01.24 13:12:27.991,0.84657,0.84678,1.00,2.03
2014.01.24 13:12:28.042,0.84654,0.84677,1.28,1.53
2014.01.24 13:12:28.603,0.84654,0.84673,1.00,1.53
2014.01.24 13:12:29.152,0.84654,0.84673,1.00,1.53
2014.01.24 13:12:29.911,0.84651,0.84672,1.38,1.53
2014.01.24 13:12:29.962,0.84651,0.84672,1.00,1.53
2014.01.24 13:12:30.469,0.84651,0.8467,1.00,1.53
2014.01.24 13:12:31.084,0.84651,0.8467,1.00,1.53
2014.01.24 13:12:32.305,0.84651,0.8467,1.00,1.53
2014.01.24 13:12:33.408,0.84657,0.8467,1.00,1.45
2014.01.24 13:12:33.509,0.84657,0.84672,1.00,1.38
2014.01.24 13:12:33.560,0.84661,0.84672,1.00,1.38
2014.01.24 13:12:33.611,0.84661,0.84672,1.00,1.00
2014.01.24 13:12:33.712,0.84657,0.84672,1.48,1.00
2014.01.24 13:12:33.763,0.84655,0.84676,1.45,1.45
2014.01.24 13:12:33.813,0.84655,0.84676,1.00,1.45
2014.01.24 13:12:34.166,0.84653,0.84673,1.38,1.20
2014.01.24 13:12:34.758,0.84653,0.84671,1.38,1.00
2014.01.24 13:12:35.282,0.84653,0.84671,1.38,1.13
2014.01.24 13:12:35.585,0.84648,0.84669,1.55,1.95
2014.01.24 13:12:36.090,0.8465,0.84668,1.38,1.15
2014.01.24 13:12:36.414,0.84652,0.84671,1.53,1.13
2014.01.24 13:12:36.465,0.84652,0.84675,1.53,2.03
2014.01.24 13:12:36.566,0.84652,0.84675,1.53,2.03
2014.01.24 13:12:37.165,0.84652,0.84672,1.55,1.48
2014.01.24 13:12:37.920,0.84652,0.84672,1.38,1.45
2014.01.24 13:12:38.594,0.84652,0.84672,1.13,1.55
2014.01.24 13:12:39.137,0.84652,0.84672,1.38,1.28
2014.01.24 13:12:41.291,0.84652,0.84672,1.20,1.45
2014.01.24 13:12:42.744,0.84652,0.84673,1.45,1.55
2014.01.24 13:12:43.963,0.84651,0.84673,1.38,2.03
2014.01.24 13:12:44.014,0.84651,0.84671,1.38,1.53
2014.01.24 13:12:44.325,0.8465,0.8467,1.38,3.45
2014.01.24 13:12:44.376,0.8465,0.8467,1.00,3.45
2014.01.24 13:12:44.477,0.84648,0.84669,1.00,1.53
2014.01.24 13:12:45.007,0.84648,0.84667,1.00,2.03
2014.01.24 13:12:45.562,0.84648,0.84667,1.00,1.53
2014.01.24 13:12:48.126,0.84648,0.84664,1.00,1.45
2014.01.24 13:12:48.177,0.84646,0.84664,1.00,1.45
2014.01.24 13:12:51.530,0.84646,0.84664,1.13,1.53
2014.01.24 13:12:51.980,0.84646,0.84664,1.38,1.15
2014.01.24 13:12:52.232,0.84652,0.84672,1.48,3.45
2014.01.24 13:12:52.283,0.84652,0.84672,1.48,1.53
2014.01.24 13:12:52.422,0.84654,0.84671,1.00,2.70
2014.01.24 13:12:52.473,0.84652,0.84671,1.50,3.45
2014.01.24 13:12:52.575,0.84647,0.84668,1.65,2.03
2014.01.24 13:12:52.627,0.84647,0.84665,1.58,2.63
2014.01.24 13:12:52.778,0.84643,0.84665,1.13,3.45
2014.01.24 13:12:52.981,0.8464,0.84663,1.38,2.03
2014.01.24 13:12:53.082,0.8464,0.84663,1.00,2.78
2014.01.24 13:12:53.600,0.84638,0.84659,1.38,2.03
2014.01.24 13:12:54.151,0.84638,0.84658,1.00,1.53
2014.01.24 13:12:54.453,0.84633,0.84653,1.20,1.48
2014.01.24 13:12:54.504,0.84633,0.84653,1.48,1.48
2014.01.24 13:12:55.029,0.84633,0.84653,1.48,1.48
2014.01.24 13:12:55.573,0.84633,0.84653,1.48,1.48
2014.01.24 13:12:58.370,0.84633,0.84653,1.53,1.48
2014.01.24 13:12:58.677,0.84637,0.84653,1.00,1.55
2014.01.24 13:12:58.809,0.84633,0.84653,1.48,1.55
2014.01.24 13:12:59.344,0.84633,0.84653,1.20,1.55
2014.01.24 13:12:59.911,0.84633,0.84653,1.10,1.55
2014.01.24 13:13:00.063,0.84631,0.84652,1.00,1.53
2014.01.24 13:13:00.114,0.84631,0.84652,1.00,1.53
2014.01.24 13:13:00.572,0.84628,0.84646,1.13,1.58
2014.01.24 13:13:00.996,0.84628,0.84646,1.13,1.20
2014.01.24 13:13:01.559,0.84626,0.84646,1.38,1.65
2014.01.24 13:13:01.661,0.84626,0.84646,1.00,2.03
2014.01.24 13:13:01.763,0.84625,0.84646,1.00,4.95
2014.01.24 13:13:01.813,0.84623,0.84644,1.10,1.15
2014.01.24 13:13:02.217,0.84623,0.84644,1.53,1.18
2014.01.24 13:13:02.322,0.84626,0.84647,1.55,1.58
2014.01.24 13:13:02.991,0.84626,0.84648,1.28,1.18
2014.01.24 13:13:03.541,0.84626,0.84648,1.55,1.18
2014.01.24 13:13:03.641,0.84628,0.84649,1.53,1.10
2014.01.24 13:13:04.143,0.84628,0.84649,1.58,1.15
2014.01.24 13:13:04.595,0.84629,0.84651,1.38,4.20
2014.01.24 13:13:05.155,0.84629,0.84649,1.38,1.15
2014.01.24 13:13:06.709,0.84626,0.84648,1.00,2.33
2014.01.24 13:13:07.489,0.84626,0.84649,1.10,4.20
2014.01.24 13:13:07.741,0.84631,0.84649,1.00,2.33
2014.01.24 13:13:07.892,0.84634,0.84653,1.00,1.15
2014.01.24 13:13:08.043,0.84634,0.84654,1.00,1.28
2014.01.24 13:13:08.144,0.84634,0.84654,1.00,3.45
2014.01.24 13:13:08.468,0.84634,0.84652,1.00,3.08
2014.01.24 13:13:08.568,0.84634,0.84652,1.00,1.15
2014.01.24 13:13:09.117,0.84634,0.84649,1.00,1.00
2014.01.24 13:13:09.775,0.84634,0.84654,1.00,1.28
2014.01.24 13:13:09.989,0.84634,0.84654,1.00,3.45
2014.01.24 13:13:10.757,0.84634,0.84654,1.00,1.15
2014.01.24 13:13:11.040,0.84634,0.84653,1.00,1.28
2014.01.24 13:13:11.151,0.84631,0.84653,1.08,2.70
2014.01.24 13:13:11.252,0.84628,0.84649,1.20,1.15
2014.01.24 13:13:11.355,0.84628,0.84649,1.10,1.15
2014.01.24 13:13:13.238,0.84628,0.84645,1.00,1.48
2014.01.24 13:13:13.888,0.84628,0.84645,1.00,1.53
2014.01.24 13:13:14.411,0.84628,0.84645,1.00,1.53
2014.01.24 13:13:14.462,0.84625,0.84643,1.00,1.45
2014.01.24 13:13:14.680,0.84625,0.84643,1.00,1.53
2014.01.24 13:13:16.400,0.84625,0.84644,1.38,1.53
2014.01.24 13:13:17.650,0.84621,0.8464,1.95,2.25
2014.01.24 13:13:17.701,0.84621,0.84639,1.13,2.40
2014.01.24 13:13:17.752,0.84616,0.84638,1.48,2.33
2014.01.24 13:13:18.146,0.84616,0.84639,1.53,1.15
2014.01.24 13:13:18.301,0.84616,0.84639,1.55,1.15
2014.01.24 13:13:19.010,0.84616,0.84639,2.03,1.15
2014.01.24 13:13:19.463,0.84616,0.84639,1.20,1.65
2014.01.24 13:13:19.997,0.84616,0.84639,1.18,1.65
2014.01.24 13:13:20.048,0.84616,0.84639,1.15,1.65
2014.01.24 13:13:21.889,0.84616,0.84639,1.08,1.65
2014.01.24 13:13:21.940,0.84616,0.84639,1.00,1.65
2014.01.24 13:13:23.849,0.84616,0.84634,1.13,1.00
2014.01.24 13:13:23.950,0.84616,0.84634,1.13,1.08
2014.01.24 13:13:24.281,0.84616,0.84633,1.00,1.45
2014.01.24 13:13:24.999,0.84616,0.84636,1.10,1.55
2014.01.24 13:13:25.302,0.84613,0.84635,1.08,1.53
2014.01.24 13:13:25.939,0.84613,0.84633,1.08,1.45
2014.01.24 13:13:28.289,0.84613,0.84634,1.08,1.55
2014.01.24 13:13:28.642,0.84617,0.84635,1.00,1.53
2014.01.24 13:13:28.946,0.84617,0.84635,1.00,1.45
2014.01.24 13:13:29.462,0.84617,0.84636,1.00,1.55
2014.01.24 13:13:29.699,0.84617,0.84639,1.00,3.45
2014.01.24 13:13:29.860,0.84617,0.84639,1.15,1.45
2014.01.24 13:13:31.423,0.84617,0.84636,1.15,1.00
2014.01.24 13:13:32.708,0.84617,0.84637,1.15,1.13
2014.01.24 13:13:33.828,0.84621,0.84637,1.00,1.00
2014.01.24 13:13:34.131,0.84634,0.8465,3.83,1.53
2014.01.24 13:13:34.182,0.84637,0.84657,2.33,1.50
2014.01.24 13:13:34.333,0.84637,0.84657,1.15,1.00
2014.01.24 13:13:34.484,0.84639,0.8466,1.18,1.20
2014.01.24 13:13:34.755,0.84639,0.84658,1.18,1.13
2014.01.24 13:13:35.058,0.84636,0.84653,1.15,1.38
2014.01.24 13:13:35.361,0.84635,0.84653,2.33,1.38
2014.01.24 13:13:35.412,0.84632,0.84653,1.53,1.00
2014.01.24 13:13:35.664,0.84635,0.84655,1.18,1.00
2014.01.24 13:13:35.714,0.84635,0.84655,3.08,1.00
2014.01.24 13:13:35.815,0.84636,0.84657,1.15,1.00
2014.01.24 13:13:36.080,0.84636,0.84657,1.18,1.00
2014.01.24 13:13:36.140,0.84636,0.84657,1.18,1.00
2014.01.24 13:13:37.224,0.84634,0.84655,5.25,1.00
2014.01.24 13:13:37.274,0.84634,0.84655,1.15,1.00
2014.01.24 13:13:39.101,0.84637,0.84658,1.65,1.10
2014.01.24 13:13:39.408,0.84637,0.84658,3.08,1.00
2014.01.24 13:13:40.492,0.84637,0.84658,1.15,1.08
2014.01.24 13:13:40.863,0.8464,0.84661,1.18,1.15
2014.01.24 13:13:40.964,0.84642,0.84662,1.65,1.00
2014.01.24 13:13:41.473,0.84642,0.84663,1.15,1.00
2014.01.24 13:13:45.474,0.84642,0.84662,1.15,1.00
2014.01.24 13:13:45.861,0.84639,0.84658,1.15,1.00
2014.01.24 13:13:45.912,0.84639,0.84658,1.15,1.50
2014.01.24 13:13:46.016,0.84639,0.84658,2.33,1.88
2014.01.24 13:13:46.167,0.84637,0.84658,1.15,1.95
2014.01.24 13:13:46.223,0.84635,0.84655,2.33,1.00
2014.01.24 13:13:46.273,0.84634,0.84655,1.15,1.00
2014.01.24 13:13:46.850,0.84634,0.84655,4.20,1.00
2014.01.24 13:13:47.002,0.84637,0.84658,1.65,2.63
2014.01.24 13:13:47.052,0.84637,0.84658,3.83,1.88
2014.01.24 13:13:47.153,0.8464,0.84658,1.20,1.00
2014.01.24 13:13:47.254,0.8464,0.84661,1.15,1.00
2014.01.24 13:13:47.558,0.8464,0.84659,1.15,1.00
2014.01.24 13:13:47.609,0.8464,0.84659,1.18,1.00
2014.01.24 13:13:47.811,0.84637,0.84656,2.33,1.00
2014.01.24 13:13:48.013,0.84633,0.84656,1.18,2.03
2014.01.24 13:13:48.417,0.84633,0.84654,1.18,1.48
2014.01.24 13:13:48.467,0.84632,0.84651,1.10,1.00
2014.01.24 13:13:50.317,0.84632,0.84651,1.10,1.08
2014.01.24 13:13:50.956,0.84632,0.84651,1.00,1.15
2014.01.24 13:13:51.922,0.84632,0.84651,1.20,1.00
2014.01.24 13:13:52.435,0.84632,0.84652,1.20,1.00
2014.01.24 13:13:53.679,0.84632,0.84652,1.10,1.38
2014.01.24 13:13:54.183,0.84632,0.84653,1.53,1.20
2014.01.24 13:13:55.973,0.84632,0.84653,3.45,1.00
2014.01.24 13:13:57.982,0.84633,0.84653,1.53,1.00
2014.01.24 13:13:58.134,0.84635,0.84655,2.70,1.00
2014.01.24 13:13:58.326,0.84637,0.84657,1.53,1.00
2014.01.24 13:13:58.578,0.84639,0.84659,1.53,1.00
2014.01.24 13:13:58.680,0.84639,0.84661,3.45,1.50
2014.01.24 13:13:58.984,0.84642,0.84664,1.53,1.10
2014.01.24 13:13:59.495,0.84642,0.84663,1.53,1.00
2014.01.24 13:14:01.199,0.84642,0.84664,2.03,1.10
2014.01.24 13:14:01.559,0.84643,0.84664,2.70,1.00
2014.01.24 13:14:01.659,0.84643,0.84664,1.53,1.00
2014.01.24 13:14:04.966,0.84644,0.84663,1.58,1.00
2014.01.24 13:14:05.339,0.84646,0.84665,1.55,1.00
2014.01.24 13:14:06.181,0.84645,0.84663,2.70,1.00
2014.01.24 13:14:06.232,0.84642,0.84663,1.53,1.00
2014.01.24 13:14:06.282,0.84641,0.84661,3.45,1.00
2014.01.24 13:14:06.333,0.8464,0.84661,3.08,1.38
2014.01.24 13:14:06.917,0.8464,0.84659,4.20,1.00
2014.01.24 13:14:07.038,0.8464,0.84661,3.83,1.88
2014.01.24 13:14:10.155,0.84642,0.84661,1.15,1.50
2014.01.24 13:14:10.703,0.84642,0.84661,3.83,1.00
2014.01.24 13:14:10.830,0.84642,0.84661,1.15,1.00
2014.01.24 13:14:16.510,0.84643,0.84664,1.15,2.03
2014.01.24 13:14:18.709,0.84643,0.84664,1.15,2.03
2014.01.24 13:14:20.589,0.84643,0.84664,1.15,1.95
2014.01.24 13:14:21.356,0.84644,0.84664,1.15,1.38
2014.01.24 13:14:21.698,0.84646,0.84664,2.33,1.38
2014.01.24 13:14:21.749,0.84645,0.84664,1.15,1.38
2014.01.24 13:14:21.800,0.84645,0.84664,2.33,1.00
2014.01.24 13:14:22.390,0.84652,0.84669,1.18,1.50
2014.01.24 13:14:22.441,0.84655,0.84671,1.10,1.00
2014.01.24 13:14:22.744,0.84655,0.84674,1.20,1.00
2014.01.24 13:14:22.795,0.84655,0.84674,3.38,1.00
2014.01.24 13:14:22.896,0.84658,0.84677,1.15,1.00
2014.01.24 13:14:22.997,0.84658,0.84677,1.28,1.00
2014.01.24 13:14:23.098,0.84658,0.8468,1.28,1.00
2014.01.24 13:14:23.912,0.84661,0.84682,1.08,1.08
2014.01.24 13:14:24.411,0.84664,0.84684,1.10,1.15
2014.01.24 13:14:24.512,0.84664,0.84684,1.18,1.00
2014.01.24 13:14:24.563,0.84664,0.84684,1.15,1.00
2014.01.24 13:14:25.101,0.84664,0.84684,1.08,1.13
2014.01.24 13:14:25.152,0.84664,0.84684,1.08,1.20
2014.01.24 13:14:25.309,0.84664,0.84684,1.08,1.45
2014.01.24 13:14:25.628,0.84662,0.84676,2.33,1.00
2014.01.24 13:14:25.679,0.84657,0.84676,5.63,1.00
2014.01.24 13:14:25.782,0.84657,0.84676,1.15,1.00
2014.01.24 13:14:26.811,0.84658,0.84677,1.15,1.00
2014.01.24 13:14:27.649,0.84658,0.84677,1.28,1.00
2014.01.24 13:14:28.165,0.84658,0.84677,1.20,1.00
2014.01.24 13:14:29.547,0.84656,0.84677,1.15,1.58
2014.01.24 13:14:29.598,0.84656,0.84673,1.18,1.00
2014.01.24 13:14:29.750,0.84652,0.84673,1.15,1.58
2014.01.24 13:14:29.851,0.84652,0.84673,1.15,1.65
2014.01.24 13:14:29.952,0.84652,0.84673,1.15,1.58
2014.01.24 13:14:30.596,0.84652,0.84671,1.15,1.00
2014.01.24 13:14:31.100,0.84653,0.84673,1.15,1.88
2014.01.24 13:14:36.642,0.84653,0.84673,1.18,1.48
2014.01.24 13:14:37.049,0.84653,0.84673,1.10,1.55
2014.01.24 13:14:37.201,0.84649,0.8467,1.18,1.38
2014.01.24 13:14:37.863,0.84649,0.84669,1.08,1.20
2014.01.24 13:14:39.492,0.84649,0.84667,1.08,1.00
2014.01.24 13:14:40.254,0.84649,0.84669,1.08,1.20
2014.01.24 13:14:40.632,0.84657,0.84669,1.00,1.00
2014.01.24 13:14:41.199,0.84657,0.8467,1.00,1.20
2014.01.24 13:14:41.451,0.84657,0.84673,1.13,1.65
2014.01.24 13:14:41.638,0.84662,0.84673,1.00,1.65
2014.01.24 13:14:41.790,0.84662,0.84675,1.00,1.00
2014.01.24 13:14:42.243,0.84662,0.84672,1.00,1.00
2014.01.24 13:14:42.294,0.84653,0.84672,1.18,1.00
2014.01.24 13:14:42.345,0.84652,0.84672,1.18,1.00
2014.01.24 13:14:42.395,0.84657,0.84672,1.00,1.00
2014.01.24 13:14:42.647,0.84654,0.84675,1.55,1.00
2014.01.24 13:14:43.043,0.84654,0.84675,1.53,1.00
2014.01.24 13:14:43.569,0.84654,0.84675,1.53,1.00
2014.01.24 13:14:43.963,0.84654,0.84675,1.53,1.45
2014.01.24 13:14:44.468,0.8465,0.84673,3.08,1.48
2014.01.24 13:14:44.519,0.8465,0.84673,1.18,1.53
2014.01.24 13:14:44.939,0.84648,0.84671,1.45,1.15
2014.01.24 13:14:45.392,0.84647,0.84668,1.58,1.15
2014.01.24 13:14:47.468,0.84647,0.84668,1.58,1.53
2014.01.24 13:14:47.543,0.84647,0.84668,1.48,3.45
2014.01.24 13:14:47.900,0.84644,0.84664,1.20,1.05
2014.01.24 13:14:48.066,0.84644,0.84663,1.00,1.13
2014.01.24 13:14:48.369,0.84641,0.8466,1.38,1.55
2014.01.24 13:14:48.913,0.84641,0.8466,1.38,1.28
2014.01.24 13:14:49.016,0.84641,0.8466,1.38,1.28
2014.01.24 13:14:50.352,0.84639,0.8466,1.38,1.53
2014.01.24 13:14:50.453,0.84639,0.8466,1.38,1.15
2014.01.24 13:14:51.083,0.84641,0.8466,1.48,1.10
2014.01.24 13:14:51.740,0.84641,0.8466,1.53,1.00
2014.01.24 13:14:51.842,0.84643,0.84663,1.53,1.10
2014.01.24 13:14:51.892,0.84643,0.84663,1.53,1.10
2014.01.24 13:14:51.993,0.84646,0.84663,1.45,1.00
2014.01.24 13:14:52.109,0.84646,0.84664,1.45,1.00
2014.01.24 13:14:53.218,0.84651,0.84664,1.38,1.00
2014.01.24 13:14:53.832,0.84651,0.84668,1.38,2.55
2014.01.24 13:14:54.438,0.84651,0.84667,1.38,1.00
2014.01.24 13:14:54.489,0.84651,0.84665,1.38,1.00
2014.01.24 13:14:54.741,0.84646,0.84666,1.55,1.50
2014.01.24 13:14:54.791,0.84646,0.84664,1.45,1.00
2014.01.24 13:14:55.298,0.84646,0.84664,1.48,1.00
2014.01.24 13:14:55.450,0.84646,0.84666,1.48,1.58
2014.01.24 13:14:55.805,0.84646,0.84666,1.38,1.65
2014.01.24 13:14:56.418,0.84651,0.84666,1.00,1.65
2014.01.24 13:14:56.779,0.84646,0.84665,1.48,1.10
2014.01.24 13:14:57.305,0.84646,0.84665,1.48,1.10
2014.01.24 13:14:58.010,0.84646,0.84665,1.38,1.08
2014.01.24 13:14:58.060,0.84646,0.84665,1.38,1.15
2014.01.24 13:14:59.598,0.84652,0.84665,1.00,1.15
2014.01.24 13:15:00.149,0.84646,0.84666,1.13,4.20
2014.01.24 13:15:00.286,0.84641,0.8466,1.28,1.13
2014.01.24 13:15:00.341,0.84641,0.8466,1.20,1.20
2014.01.24 13:15:00.492,0.84641,0.8466,1.38,1.10
2014.01.24 13:15:01.099,0.84641,0.8466,1.38,1.18
2014.01.24 13:15:01.402,0.84641,0.84657,1.00,1.18
2014.01.24 13:15:01.705,0.84641,0.84659,1.38,2.33
2014.01.24 13:15:01.856,0.84641,0.8466,1.48,1.00
2014.01.24 13:15:02.905,0.84641,0.8466,1.38,1.08
2014.01.24 13:15:03.669,0.84642,0.8466,1.38,1.18
2014.01.24 13:15:04.303,0.84642,0.8466,1.38,1.10
2014.01.24 13:15:05.025,0.84639,0.84658,1.53,1.00
2014.01.24 13:15:05.126,0.84637,0.84652,1.00,1.00
2014.01.24 13:15:05.227,0.84637,0.8465,1.00,1.08
2014.01.24 13:15:05.278,0.84633,0.8465,1.00,1.15
2014.01.24 13:15:05.329,0.84633,0.8465,1.00,1.15
2014.01.24 13:15:05.380,0.84627,0.84648,1.95,1.18
2014.01.24 13:15:05.481,0.84627,0.84644,1.45,1.10
2014.01.24 13:15:05.632,0.84622,0.84638,1.38,1.00
2014.01.24 13:15:05.733,0.84617,0.84638,1.53,1.20
2014.01.24 13:15:05.784,0.84621,0.84637,1.00,1.00
2014.01.24 13:15:06.282,0.84621,0.84637,1.00,1.15
2014.01.24 13:15:06.827,0.84622,0.84638,1.38,1.08
2014.01.24 13:15:06.929,0.84617,0.84638,2.03,1.00
2014.01.24 13:15:07.470,0.84621,0.84641,2.03,1.00
2014.01.24 13:15:07.521,0.84621,0.84641,2.03,1.00
2014.01.24 13:15:07.777,0.84626,0.84645,1.53,1.00
2014.01.24 13:15:07.830,0.84626,0.84645,1.53,1.00
2014.01.24 13:15:08.183,0.84627,0.84646,3.45,1.00
2014.01.24 13:15:08.458,0.84628,0.84649,1.53,1.00
2014.01.24 13:15:08.509,0.84631,0.84649,1.45,1.00
2014.01.24 13:15:08.660,0.84631,0.84651,4.20,1.00
2014.01.24 13:15:08.812,0.84633,0.84651,3.45,1.00
2014.01.24 13:15:08.980,0.84633,0.84654,3.45,1.00
2014.01.24 13:15:09.310,0.84631,0.84651,3.45,1.00
2014.01.24 13:15:09.513,0.84627,0.84649,1.55,1.18
2014.01.24 13:15:09.614,0.84626,0.84646,3.45,1.00
2014.01.24 13:15:09.917,0.84625,0.84646,1.53,1.00
2014.01.24 13:15:10.032,0.84625,0.84646,1.53,1.08
2014.01.24 13:15:10.580,0.84625,0.84646,1.53,1.00
2014.01.24 13:15:11.110,0.84625,0.84646,1.53,1.00
2014.01.24 13:15:11.631,0.84626,0.84646,1.53,1.00
2014.01.24 13:15:13.121,0.84626,0.84646,2.03,1.00
2014.01.24 13:15:13.587,0.84626,0.84646,1.45,1.10
2014.01.24 13:15:13.639,0.84626,0.84646,1.45,1.10
2014.01.24 13:15:14.446,0.84627,0.84646,1.53,1.00
2014.01.24 13:15:14.763,0.84628,0.84649,1.53,1.50
2014.01.24 13:15:15.158,0.84629,0.84649,2.70,1.50
2014.01.24 13:15:16.317,0.84629,0.8465,3.45,1.00
2014.01.24 13:15:16.384,0.84629,0.84652,3.45,1.58
2014.01.24 13:15:16.543,0.84629,0.84649,2.70,1.00
2014.01.24 13:15:20.911,0.84632,0.84652,1.53,1.58
2014.01.24 13:15:24.436,0.84636,0.84652,1.00,1.58
2014.01.24 13:15:24.808,0.84636,0.84654,1.00,1.00
2014.01.24 13:15:25.422,0.84636,0.84656,1.20,1.65
2014.01.24 13:15:25.623,0.84636,0.84656,1.58,1.65
2014.01.24 13:15:25.926,0.84642,0.8466,1.10,1.10
2014.01.24 13:15:26.751,0.84642,0.84657,1.00,1.00
2014.01.24 13:15:27.828,0.84641,0.84657,1.38,1.00
2014.01.24 13:15:27.879,0.84641,0.8466,1.53,1.00
2014.01.24 13:15:28.181,0.84647,0.84661,1.20,1.00
2014.01.24 13:15:38.293,0.84642,0.84661,1.53,1.00
2014.01.24 13:15:39.909,0.84642,0.84661,1.28,1.00
2014.01.24 13:15:40.060,0.84637,0.84655,1.53,1.00
2014.01.24 13:15:40.570,0.84641,0.84655,1.00,1.10
2014.01.24 13:15:41.639,0.84636,0.84655,1.48,1.18
2014.01.24 13:15:41.791,0.84636,0.84655,1.13,1.15
2014.01.24 13:15:43.194,0.84636,0.84654,1.00,2.70
2014.01.24 13:15:43.306,0.84636,0.84655,1.00,1.53
2014.01.24 13:15:43.508,0.84632,0.84653,1.45,1.53
2014.01.24 13:15:43.558,0.84632,0.84653,1.38,1.53
2014.01.24 13:15:43.861,0.84637,0.84649,1.00,1.00
2014.01.24 13:15:43.962,0.84637,0.84653,1.00,1.28
2014.01.24 13:15:45.885,0.84637,0.84653,1.00,1.10
2014.01.24 13:15:50.449,0.84637,0.84653,1.00,1.08
2014.01.24 13:15:50.801,0.84637,0.84653,1.00,1.00
2014.01.24 13:15:51.957,0.84632,0.84653,1.53,1.00
2014.01.24 13:15:55.608,0.84637,0.84653,1.00,1.00
2014.01.24 13:15:56.534,0.84632,0.84653,1.53,1.00
2014.01.24 13:15:56.688,0.84637,0.84649,1.00,1.00
2014.01.24 13:15:56.739,0.84631,0.84649,1.53,1.00
2014.01.24 13:15:56.790,0.84631,0.84649,1.28,1.00
2014.01.24 13:15:57.338,0.84631,0.84649,1.53,1.00
2014.01.24 13:15:57.922,0.84631,0.84649,1.45,1.00
2014.01.24 13:15:58.022,0.84636,0.84651,1.00,1.15
2014.01.24 13:15:58.528,0.84636,0.84651,1.00,1.00
2014.01.24 13:16:01.020,0.84632,0.84651,1.53,1.00
2014.01.24 13:16:02.295,0.84632,0.84649,1.53,1.00
2014.01.24 13:16:02.396,0.84632,0.84649,1.08,1.00
2014.01.24 13:16:02.749,0.84632,0.84646,1.00,1.00
2014.01.24 13:16:03.352,0.84631,0.84646,1.00,1.00
2014.01.24 13:16:03.403,0.84627,0.84646,1.58,1.00
2014.01.24 13:16:03.654,0.84632,0.84646,1.00,1.18
2014.01.24 13:16:04.173,0.84632,0.84646,1.00,1.18
2014.01.24 13:16:04.335,0.84632,0.84646,1.00,1.00
2014.01.24 13:16:06.805,0.84632,0.84646,1.00,1.18
2014.01.24 13:16:07.249,0.84627,0.84646,1.10,1.55
2014.01.24 13:16:07.767,0.84627,0.84646,1.00,1.53
2014.01.24 13:16:08.303,0.84627,0.84646,1.38,1.28
2014.01.24 13:16:12.403,0.84627,0.84646,1.38,2.03
2014.01.24 13:16:13.257,0.84627,0.84646,1.00,2.40
2014.01.24 13:16:13.600,0.84622,0.84643,1.38,1.15
2014.01.24 13:16:13.975,0.84627,0.84643,1.00,1.15
2014.01.24 13:16:15.198,0.84622,0.84643,1.38,1.15
2014.01.24 13:16:15.884,0.84627,0.84643,1.00,1.15
2014.01.24 13:16:16.396,0.84622,0.84639,1.38,1.00
2014.01.24 13:16:16.447,0.84622,0.84639,1.00,1.15
2014.01.24 13:16:16.699,0.84622,0.8464,1.38,1.65
2014.01.24 13:16:16.800,0.84622,0.8464,1.13,1.58
2014.01.24 13:16:17.103,0.84622,0.8464,1.00,1.15
2014.01.24 13:16:19.987,0.84622,0.84636,1.00,1.00
2014.01.24 13:16:20.504,0.84622,0.84636,1.00,1.15
2014.01.24 13:16:20.707,0.84617,0.84636,1.38,1.15
2014.01.24 13:16:27.547,0.84617,0.84636,1.38,1.15
2014.01.24 13:16:27.713,0.84617,0.84636,1.38,1.15
2014.01.24 13:16:27.865,0.84612,0.84633,1.08,1.18
2014.01.24 13:16:27.966,0.84611,0.84632,1.13,1.18
2014.01.24 13:16:28.369,0.84621,0.84628,1.00,1.00
2014.01.24 13:16:28.471,0.84622,0.84632,1.00,1.08
2014.01.24 13:16:28.572,0.84622,0.84634,1.00,1.00
2014.01.24 13:16:28.745,0.84622,0.84638,1.00,1.15
2014.01.24 13:16:28.947,0.84622,0.8464,1.00,1.15
2014.01.24 13:16:30.565,0.84626,0.8464,1.00,1.18
2014.01.24 13:16:30.767,0.84626,0.8464,1.00,1.10
2014.01.24 13:16:31.367,0.84621,0.84643,1.38,1.15
2014.01.24 13:16:31.417,0.84621,0.84639,1.13,1.08
2014.01.24 13:16:31.720,0.84621,0.84636,1.00,1.10
2014.01.24 13:16:34.527,0.84627,0.84636,1.00,1.10
2014.01.24 13:16:34.729,0.84627,0.84639,1.00,1.18
2014.01.24 13:16:36.066,0.84622,0.84639,1.13,1.18
2014.01.24 13:16:36.438,0.84626,0.84642,1.00,1.28
2014.01.24 13:16:36.539,0.84626,0.84644,1.00,1.53
2014.01.24 13:16:36.589,0.84626,0.84644,1.38,1.08
2014.01.24 13:16:37.098,0.84626,0.84644,1.38,1.08
2014.01.24 13:16:37.317,0.84626,0.84644,1.13,1.08
2014.01.24 13:16:40.303,0.84623,0.84644,1.55,1.45
2014.01.24 13:16:40.623,0.84623,0.84644,1.55,1.45
2014.01.24 13:16:42.157,0.84623,0.84644,1.55,1.45
2014.01.24 13:16:42.468,0.84623,0.84644,1.00,1.53
2014.01.24 13:16:43.920,0.84621,0.84641,1.38,1.53
2014.01.24 13:16:44.796,0.84621,0.84641,1.13,1.53
2014.01.24 13:16:44.908,0.84621,0.84641,1.13,1.53
2014.01.24 13:16:45.567,0.84621,0.84641,1.13,1.53
2014.01.24 13:16:46.024,0.84621,0.84641,1.13,1.53
2014.01.24 13:16:46.671,0.84621,0.84641,1.13,1.53
2014.01.24 13:16:46.997,0.84621,0.84641,1.58,1.58
2014.01.24 13:16:48.496,0.84626,0.84641,1.00,1.58
2014.01.24 13:16:48.698,0.84626,0.84644,1.00,1.53
2014.01.24 13:16:49.337,0.84626,0.84646,1.95,1.83
2014.01.24 13:16:49.846,0.84626,0.84646,2.03,1.50
2014.01.24 13:16:49.998,0.84626,0.84649,2.03,1.53
2014.01.24 13:16:50.099,0.84626,0.84649,2.03,1.55
2014.01.24 13:16:50.301,0.84631,0.84651,1.38,1.53
2014.01.24 13:16:50.352,0.84631,0.84651,1.48,1.53
2014.01.24 13:16:50.402,0.84636,0.84651,1.00,1.55
2014.01.24 13:16:50.705,0.84631,0.84651,1.38,1.53
2014.01.24 13:16:51.838,0.84631,0.84651,1.13,1.53
2014.01.24 13:16:56.253,0.84631,0.84651,1.13,1.58
2014.01.24 13:16:57.215,0.84631,0.84651,1.38,1.53
2014.01.24 13:16:58.107,0.84631,0.84651,1.13,1.53
2014.01.24 13:17:02.685,0.8463,0.84651,1.00,1.53
2014.01.24 13:17:03.054,0.8463,0.8465,1.00,1.55
2014.01.24 13:17:07.110,0.84627,0.84647,1.00,1.13
2014.01.24 13:17:07.212,0.84624,0.84647,1.00,4.05
2014.01.24 13:17:07.515,0.84622,0.84643,1.00,1.53
2014.01.24 13:17:08.105,0.84622,0.84642,1.00,1.53
2014.01.24 13:17:09.647,0.84622,0.84643,1.00,2.78
2014.01.24 13:17:09.748,0.84626,0.84643,1.13,2.78
2014.01.24 13:17:09.950,0.84624,0.84643,1.13,1.53
2014.01.24 13:17:13.327,0.84624,0.84641,1.00,1.53
2014.01.24 13:17:13.378,0.8462,0.84638,1.00,1.05
2014.01.24 13:17:13.480,0.84617,0.84637,1.00,2.70
2014.01.24 13:17:14.359,0.84617,0.84635,1.00,4.20
2014.01.24 13:17:14.578,0.84617,0.84636,1.13,1.53
2014.01.24 13:17:16.007,0.84617,0.84635,1.00,3.45
2014.01.24 13:17:16.857,0.84617,0.84634,1.00,4.05
2014.01.24 13:17:16.907,0.84612,0.84634,1.88,4.05
2014.01.24 13:17:17.008,0.84612,0.84633,1.88,1.53
2014.01.24 13:17:17.076,0.84612,0.84633,1.88,1.53
2014.01.24 13:17:17.589,0.84612,0.84633,1.88,1.53
2014.01.24 13:17:18.758,0.84612,0.8463,1.00,1.55
2014.01.24 13:17:19.061,0.84612,0.84628,1.00,1.53
2014.01.24 13:17:19.227,0.84612,0.84628,1.00,1.55
2014.01.24 13:17:19.379,0.84612,0.84629,1.00,2.70
2014.01.24 13:17:20.959,0.84612,0.8463,1.00,1.53
2014.01.24 13:17:21.060,0.84612,0.8463,1.13,1.53
2014.01.24 13:17:22.830,0.84612,0.84629,1.00,1.53
2014.01.24 13:17:22.934,0.84607,0.84629,1.38,1.53
2014.01.24 13:17:23.268,0.84611,0.8463,1.13,1.53
2014.01.24 13:17:23.907,0.84611,0.8463,1.13,1.53
2014.01.24 13:17:24.216,0.84611,0.8463,1.13,1.53
2014.01.24 13:17:24.430,0.84611,0.8463,1.38,1.20
2014.01.24 13:17:24.991,0.84611,0.84634,1.88,1.88
2014.01.24 13:17:25.313,0.84617,0.84634,1.00,2.63
2014.01.24 13:17:26.016,0.84617,0.84634,1.00,1.53
2014.01.24 13:17:26.572,0.84618,0.84636,1.00,1.13
2014.01.24 13:17:26.824,0.84622,0.84636,1.00,1.13
2014.01.24 13:17:27.347,0.84622,0.84636,1.00,1.13
2014.01.24 13:17:27.499,0.84622,0.84636,1.00,1.13
2014.01.24 13:17:27.650,0.84622,0.84636,1.00,1.13
2014.01.24 13:17:27.700,0.84618,0.84636,1.00,1.13
2014.01.24 13:17:27.767,0.84621,0.84636,1.00,1.13
2014.01.24 13:17:28.128,0.84618,0.84636,1.00,1.13
2014.01.24 13:17:30.266,0.84618,0.84636,1.00,1.13
2014.01.24 13:17:31.930,0.84618,0.84634,1.00,1.13
2014.01.24 13:17:31.981,0.84612,0.84633,1.95,1.05
2014.01.24 13:17:32.032,0.84612,0.84633,1.58,1.05
2014.01.24 13:17:32.741,0.84612,0.84633,1.50,1.13
2014.01.24 13:17:33.373,0.84612,0.84633,1.50,1.13
2014.01.24 13:17:33.886,0.84612,0.84633,1.50,1.13
2014.01.24 13:17:34.546,0.84612,0.84633,1.88,1.13
2014.01.24 13:17:36.246,0.84617,0.84633,1.00,1.13
2014.01.24 13:17:36.297,0.84617,0.84633,1.00,1.13
2014.01.24 13:17:36.599,0.84619,0.84637,1.00,1.83
2014.01.24 13:17:36.700,0.84617,0.84637,1.00,2.25
2014.01.24 13:17:37.245,0.84617,0.84637,1.00,2.25
2014.01.24 13:17:39.332,0.84614,0.84634,1.00,2.70
2014.01.24 13:17:39.436,0.84614,0.84634,1.00,2.70
2014.01.24 13:17:39.604,0.84614,0.84634,1.00,3.45
2014.01.24 13:17:39.776,0.84616,0.84632,1.00,1.55
2014.01.24 13:17:40.146,0.84619,0.84636,1.00,1.53
2014.01.24 13:17:42.397,0.84619,0.84636,1.00,1.38
2014.01.24 13:17:42.549,0.84619,0.8464,1.45,2.03
2014.01.24 13:17:44.135,0.84619,0.8464,1.55,1.20
2014.01.24 13:17:44.186,0.84626,0.8464,1.08,1.13
2014.01.24 13:17:44.287,0.84631,0.84648,1.38,1.13
2014.01.24 13:17:44.388,0.84635,0.84648,1.00,1.00
2014.01.24 13:17:44.439,0.84635,0.84653,1.38,1.15
2014.01.24 13:17:44.847,0.84635,0.84656,1.38,2.63
2014.01.24 13:17:45.778,0.84635,0.84656,1.28,1.88
2014.01.24 13:17:45.879,0.84632,0.84653,2.63,1.45
2014.01.24 13:17:45.930,0.8463,0.84653,1.38,3.45
2014.01.24 13:17:48.316,0.8463,0.84653,1.48,4.20
2014.01.24 13:17:48.366,0.84633,0.84653,1.38,1.53
2014.01.24 13:17:48.417,0.84633,0.84653,1.48,1.08
2014.01.24 13:17:48.468,0.84637,0.84654,1.00,1.20
2014.01.24 13:17:49.716,0.84637,0.84656,1.00,1.05
2014.01.24 13:17:49.867,0.84631,0.84653,2.70,1.38
2014.01.24 13:17:50.194,0.8463,0.84651,1.38,3.45
2014.01.24 13:17:50.813,0.84629,0.8465,1.38,1.53
2014.01.24 13:17:51.385,0.84629,0.8465,1.13,1.53
2014.01.24 13:17:52.065,0.84629,0.8465,1.38,1.53
2014.01.24 13:17:53.238,0.84629,0.8465,1.13,1.53
2014.01.24 13:17:53.886,0.84629,0.8465,1.38,1.53
2014.01.24 13:17:54.359,0.84626,0.84647,1.38,1.53
2014.01.24 13:17:55.535,0.84626,0.84647,1.38,1.53
2014.01.24 13:17:56.085,0.84626,0.84647,1.38,1.53
2014.01.24 13:17:56.525,0.84626,0.84647,1.13,1.28
2014.01.24 13:17:58.836,0.84626,0.84647,1.38,1.28
2014.01.24 13:17:59.384,0.84623,0.84644,1.53,1.00
2014.01.24 13:18:02.025,0.84623,0.84644,1.53,1.00
2014.01.24 13:18:02.527,0.8462,0.84641,2.03,1.00
2014.01.24 13:18:02.629,0.8462,0.84641,1.28,1.48
2014.01.24 13:18:02.831,0.8462,0.84641,1.08,1.55
2014.01.24 13:18:03.134,0.84617,0.84638,1.15,1.48
2014.01.24 13:18:03.185,0.84617,0.84638,1.55,1.95
2014.01.24 13:18:03.734,0.84617,0.84638,1.48,2.03
2014.01.24 13:18:03.916,0.84617,0.84638,1.48,2.03
2014.01.24 13:18:03.967,0.84617,0.84638,1.45,1.95
2014.01.24 13:18:05.931,0.84617,0.84638,1.38,1.53
2014.01.24 13:18:09.455,0.84617,0.84638,1.53,1.58
2014.01.24 13:18:12.934,0.84617,0.84638,1.53,1.28
2014.01.24 13:18:13.863,0.84617,0.84638,3.45,1.13
2014.01.24 13:18:13.913,0.84619,0.84638,2.70,1.13
2014.01.24 13:18:14.014,0.84617,0.84638,3.45,1.00
2014.01.24 13:18:14.645,0.84622,0.84641,1.18,1.45
2014.01.24 13:18:15.208,0.84619,0.84641,3.45,1.13
2014.01.24 13:18:16.457,0.84623,0.84641,1.55,1.00
2014.01.24 13:18:16.820,0.84623,0.84644,1.55,1.53
2014.01.24 13:18:17.039,0.84623,0.84644,1.55,1.53
2014.01.24 13:18:17.206,0.84623,0.84644,1.53,1.20
2014.01.24 13:18:17.671,0.84623,0.84644,1.53,1.10
2014.01.24 13:18:17.772,0.84625,0.84647,1.53,1.08
2014.01.24 13:18:17.924,0.84625,0.84648,2.03,1.28
2014.01.24 13:18:18.025,0.84625,0.84648,2.03,1.18
2014.01.24 13:18:18.219,0.84625,0.84648,4.20,1.10
2014.01.24 13:18:21.175,0.84625,0.84648,4.20,1.10
2014.01.24 13:18:21.516,0.84629,0.84648,2.70,1.00
2014.01.24 13:18:22.887,0.84627,0.84648,3.45,1.00
2014.01.24 13:18:23.584,0.84627,0.84648,3.45,1.00
2014.01.24 13:18:25.283,0.84627,0.84647,2.70,1.00
2014.01.24 13:18:26.226,0.84625,0.84647,3.45,1.00
2014.01.24 13:18:26.444,0.84627,0.84648,1.53,1.10
2014.01.24 13:18:27.105,0.84627,0.84648,1.53,1.10
2014.01.24 13:18:27.256,0.84627,0.84648,1.58,1.20
2014.01.24 13:18:27.946,0.84624,0.84645,1.53,1.00
2014.01.24 13:18:28.115,0.84624,0.84645,1.53,1.00
2014.01.24 13:18:29.669,0.84624,0.84645,1.53,1.10
2014.01.24 13:18:29.770,0.84624,0.84645,2.03,1.00
2014.01.24 13:18:30.646,0.84624,0.84645,2.03,1.00
2014.01.24 13:18:30.698,0.84629,0.8465,1.45,1.15
2014.01.24 13:18:30.799,0.84631,0.84651,1.48,1.18
2014.01.24 13:18:30.850,0.84631,0.84651,1.45,1.10
2014.01.24 13:18:30.900,0.84631,0.84651,1.53,1.00
2014.01.24 13:18:31.001,0.84631,0.84654,1.53,1.58
2014.01.24 13:18:33.615,0.84631,0.84654,1.53,1.58
2014.01.24 13:18:34.385,0.84631,0.84654,1.53,1.58
2014.01.24 13:18:34.436,0.8463,0.84651,3.45,1.00
2014.01.24 13:18:34.537,0.8463,0.84651,2.70,1.00
2014.01.24 13:18:35.459,0.84628,0.84651,1.53,1.18
2014.01.24 13:18:36.082,0.84628,0.84651,3.45,1.00
2014.01.24 13:18:36.408,0.84627,0.84648,1.55,1.10
2014.01.24 13:18:36.509,0.84627,0.84648,1.55,1.10
2014.01.24 13:18:37.136,0.84627,0.84648,1.55,1.10
2014.01.24 13:18:37.503,0.84627,0.84648,1.38,1.15
2014.01.24 13:18:37.936,0.84627,0.84645,1.38,1.00
2014.01.24 13:18:38.534,0.84627,0.84645,1.38,1.00
2014.01.24 13:18:39.209,0.84627,0.84645,1.38,1.00
2014.01.24 13:18:39.875,0.84631,0.84645,1.38,1.00
2014.01.24 13:18:40.636,0.84631,0.84645,1.38,1.00
2014.01.24 13:18:40.739,0.84631,0.84645,1.38,1.08
2014.01.24 13:18:41.050,0.84631,0.84645,1.38,1.18
2014.01.24 13:18:41.415,0.84624,0.84645,1.53,1.18
2014.01.24 13:18:41.466,0.84622,0.8464,1.53,1.00
2014.01.24 13:18:41.952,0.84622,0.8464,1.38,1.15
2014.01.24 13:18:42.658,0.84622,0.8464,1.38,1.15
2014.01.24 13:18:43.801,0.84622,0.8464,1.38,1.15
2014.01.24 13:18:44.930,0.84619,0.84639,1.38,1.15
2014.01.24 13:18:44.981,0.84617,0.84635,1.48,1.08
2014.01.24 13:18:45.283,0.8461,0.84631,1.38,1.15
2014.01.24 13:18:45.830,0.84611,0.84631,1.38,1.15
2014.01.24 13:18:46.384,0.84611,0.84631,1.38,1.15
2014.01.24 13:18:46.579,0.84611,0.84631,1.38,1.15
2014.01.24 13:18:46.819,0.84611,0.84631,1.38,1.15
2014.01.24 13:18:48.586,0.84611,0.84631,1.38,1.15
2014.01.24 13:18:49.261,0.8461,0.84631,1.38,1.15
2014.01.24 13:18:49.915,0.8461,0.84631,1.38,1.15
2014.01.24 13:18:50.016,0.8461,0.8463,1.38,3.08
2014.01.24 13:18:50.345,0.8461,0.84628,1.38,3.08
2014.01.24 13:18:50.904,0.8461,0.84628,1.38,3.08
2014.01.24 13:18:51.510,0.84607,0.84626,1.38,2.33
2014.01.24 13:18:51.561,0.84607,0.84626,1.38,2.33
2014.01.24 13:18:51.662,0.84603,0.84622,1.38,1.15
2014.01.24 13:18:51.712,0.84603,0.84622,1.38,1.15
2014.01.24 13:18:51.863,0.84601,0.84622,1.88,3.08
2014.01.24 13:18:52.595,0.84606,0.84622,1.38,3.08
2014.01.24 13:18:53.187,0.84606,0.84622,1.38,1.15
2014.01.24 13:18:53.756,0.84606,0.84622,1.38,1.15
2014.01.24 13:18:58.471,0.84602,0.84622,1.38,1.15
2014.01.24 13:18:58.724,0.84601,0.84622,1.20,1.15
2014.01.24 13:18:59.298,0.84601,0.84622,1.38,1.15
2014.01.24 13:18:59.365,0.84601,0.84622,1.38,1.15
2014.01.24 13:18:59.805,0.84601,0.84622,1.38,1.15
2014.01.24 13:19:00.356,0.84601,0.84621,1.38,1.15
2014.01.24 13:19:00.457,0.84597,0.8462,1.38,1.15
2014.01.24 13:19:00.508,0.84596,0.84619,1.10,1.53
2014.01.24 13:19:00.558,0.84596,0.84614,1.00,2.25
2014.01.24 13:19:00.609,0.84591,0.84612,2.70,1.15
2014.01.24 13:19:00.659,0.84591,0.84612,2.63,3.08
2014.01.24 13:19:00.710,0.84591,0.84608,1.50,1.15
2014.01.24 13:19:00.811,0.84591,0.84606,1.00,1.18
2014.01.24 13:19:01.114,0.84587,0.84606,1.00,3.08
2014.01.24 13:19:01.278,0.84582,0.846,1.48,1.00
2014.01.24 13:19:01.681,0.84586,0.84601,1.38,1.00
2014.01.24 13:19:01.732,0.84586,0.84604,1.38,1.00
2014.01.24 13:19:02.284,0.84586,0.84604,1.38,3.08
2014.01.24 13:19:02.437,0.84587,0.84605,1.38,1.08
2014.01.24 13:19:02.488,0.84591,0.84608,1.38,1.15
2014.01.24 13:19:02.791,0.84596,0.84609,1.38,2.33
2014.01.24 13:19:02.893,0.84592,0.84609,1.48,2.25
2014.01.24 13:19:02.994,0.84592,0.84612,1.45,1.15
2014.01.24 13:19:03.422,0.84597,0.84612,1.00,1.15
2014.01.24 13:19:03.472,0.84592,0.84612,1.48,1.08
2014.01.24 13:19:03.523,0.84592,0.84612,1.58,1.00
2014.01.24 13:19:03.573,0.84592,0.84612,1.48,1.08
2014.01.24 13:19:04.107,0.84592,0.84612,1.38,1.15
2014.01.24 13:19:10.497,0.84589,0.84612,1.38,1.15
2014.01.24 13:19:11.844,0.84589,0.84612,1.38,1.15
2014.01.24 13:19:12.604,0.84589,0.84612,1.55,1.15
2014.01.24 13:19:12.906,0.84587,0.84608,1.55,1.08
2014.01.24 13:19:13.224,0.84587,0.84608,1.55,1.08
2014.01.24 13:19:13.375,0.84587,0.84608,1.55,1.08
2014.01.24 13:19:13.587,0.84586,0.84607,1.55,1.15
2014.01.24 13:19:13.638,0.84586,0.84607,1.55,1.15
2014.01.24 13:19:13.790,0.84582,0.84604,2.03,1.15
2014.01.24 13:19:14.092,0.84586,0.84606,1.38,1.18
2014.01.24 13:19:14.143,0.84586,0.84606,1.48,1.18
2014.01.24 13:19:14.193,0.84586,0.84606,1.55,1.08
2014.01.24 13:19:14.244,0.84587,0.8461,1.55,1.15
2014.01.24 13:19:14.295,0.84587,0.8461,1.55,1.15
2014.01.24 13:19:14.396,0.84587,0.8461,1.55,1.15
2014.01.24 13:19:14.738,0.84587,0.8461,1.53,1.10
2014.01.24 13:19:16.105,0.84591,0.84607,1.38,1.10
2014.01.24 13:19:16.156,0.84591,0.84607,1.00,1.10
2014.01.24 13:19:16.207,0.84591,0.84607,1.00,1.08
2014.01.24 13:19:16.510,0.84591,0.84602,1.00,1.00
2014.01.24 13:19:16.611,0.84586,0.84602,1.38,1.08
2014.01.24 13:19:16.711,0.84586,0.84602,1.13,1.20
2014.01.24 13:19:16.762,0.84586,0.84599,1.13,1.10
2014.01.24 13:19:17.165,0.84582,0.84599,1.38,1.10
2014.01.24 13:19:17.216,0.84582,0.84597,1.38,1.00
2014.01.24 13:19:17.266,0.84582,0.84597,1.00,1.00
2014.01.24 13:19:17.986,0.84582,0.84593,1.00,1.00
2014.01.24 13:19:18.137,0.84576,0.84591,1.48,1.00
2014.01.24 13:19:18.238,0.84576,0.84591,1.48,1.00
2014.01.24 13:19:18.542,0.84571,0.84587,1.58,1.00
2014.01.24 13:19:18.594,0.84571,0.84587,1.48,1.00
2014.01.24 13:19:19.097,0.84571,0.84587,1.38,1.00
2014.01.24 13:19:19.148,0.84571,0.84587,1.38,1.00
2014.01.24 13:19:19.768,0.84571,0.84587,1.38,1.00
2014.01.24 13:19:20.279,0.84567,0.84586,2.03,1.00
2014.01.24 13:19:20.431,0.84567,0.84582,1.48,1.00
2014.01.24 13:19:20.481,0.84567,0.84582,1.10,1.00
2014.01.24 13:19:20.532,0.84562,0.84578,3.00,1.10
2014.01.24 13:19:20.622,0.84562,0.84579,1.00,1.15
2014.01.24 13:19:20.880,0.84563,0.84584,1.00,1.18
2014.01.24 13:19:20.981,0.84562,0.84578,1.08,1.10
2014.01.24 13:19:21.031,0.84562,0.84578,1.00,1.18
2014.01.24 13:19:21.082,0.84557,0.8457,1.48,1.00
2014.01.24 13:19:21.233,0.84556,0.8457,1.13,1.20
2014.01.24 13:19:21.284,0.84556,0.84568,1.13,1.00
2014.01.24 13:19:21.740,0.84548,0.84571,1.53,1.15
2014.01.24 13:19:21.841,0.84548,0.84571,1.28,1.53
2014.01.24 13:19:22.334,0.84548,0.84571,1.20,1.15
2014.01.24 13:19:22.837,0.84548,0.84571,1.53,1.10
2014.01.24 13:19:23.573,0.84548,0.84571,2.03,1.48
2014.01.24 13:19:24.239,0.84552,0.84571,1.10,1.10
2014.01.24 13:19:24.438,0.84548,0.84568,5.63,1.00
2014.01.24 13:19:25.475,0.84551,0.84571,1.28,1.38
2014.01.24 13:19:25.806,0.84552,0.84571,1.53,1.00
2014.01.24 13:19:26.354,0.84551,0.84571,1.53,1.00
2014.01.24 13:19:26.705,0.84553,0.84571,2.33,1.00
2014.01.24 13:19:26.806,0.84551,0.84571,1.15,1.00
2014.01.24 13:19:27.210,0.84554,0.84577,1.28,1.28
2014.01.24 13:19:27.311,0.84554,0.84577,1.28,1.55
2014.01.24 13:19:27.525,0.84554,0.84577,1.53,1.55
2014.01.24 13:19:27.827,0.84557,0.84577,1.28,1.20
2014.01.24 13:19:28.130,0.84558,0.84581,1.28,1.28
2014.01.24 13:19:28.232,0.84561,0.84582,1.15,1.28
2014.01.24 13:19:28.434,0.84562,0.84582,1.58,1.20
2014.01.24 13:19:28.764,0.84564,0.84585,1.58,1.15
2014.01.24 13:19:29.066,0.84564,0.84585,1.53,1.00
2014.01.24 13:19:29.405,0.84568,0.84589,1.48,1.15
2014.01.24 13:19:29.457,0.8457,0.84593,1.38,2.03
2014.01.24 13:19:29.508,0.8457,0.84593,1.38,1.15
2014.01.24 13:19:30.500,0.84571,0.84588,1.53,1.00
2014.01.24 13:19:30.645,0.84571,0.84592,2.78,1.00
2014.01.24 13:19:30.747,0.84577,0.84595,1.38,1.18
2014.01.24 13:19:30.797,0.84577,0.84595,2.03,1.10
2014.01.24 13:19:31.201,0.84581,0.84603,1.20,1.15
2014.01.24 13:19:31.302,0.84584,0.84603,1.08,1.08
2014.01.24 13:19:31.454,0.84581,0.84603,2.03,1.00
2014.01.24 13:19:31.982,0.8458,0.84603,1.53,1.08
2014.01.24 13:19:32.273,0.84579,0.846,4.20,1.00
2014.01.24 13:19:33.500,0.84581,0.846,3.45,1.00
2014.01.24 13:19:33.856,0.84583,0.84604,1.28,1.10
2014.01.24 13:19:33.957,0.84583,0.84604,1.08,1.18
2014.01.24 13:19:34.260,0.84582,0.84602,1.58,1.00
2014.01.24 13:19:34.361,0.84582,0.84602,3.45,1.00
2014.01.24 13:19:34.800,0.84582,0.84605,4.20,1.48
2014.01.24 13:19:35.153,0.84584,0.84605,2.70,1.00
2014.01.24 13:19:35.467,0.84586,0.84607,6.38,1.00
2014.01.24 13:19:35.618,0.84589,0.84611,1.53,1.20
2014.01.24 13:19:35.876,0.84588,0.84611,4.20,1.20
2014.01.24 13:19:37.611,0.84588,0.84611,1.53,1.08
2014.01.24 13:19:38.124,0.84597,0.84612,1.00,1.15
2014.01.24 13:19:38.230,0.84597,0.84612,1.00,1.00
2014.01.24 13:19:38.535,0.84593,0.84609,1.00,2.33
2014.01.24 13:19:39.093,0.84587,0.84609,1.88,2.33
2014.01.24 13:19:40.342,0.84587,0.84609,1.95,1.08
2014.01.24 13:19:40.484,0.84587,0.8461,2.03,1.10
2014.01.24 13:19:40.844,0.84587,0.8461,1.53,1.10
2014.01.24 13:19:40.996,0.84586,0.84606,1.53,1.00
2014.01.24 13:19:41.300,0.84586,0.84603,1.00,1.20
2014.01.24 13:19:41.401,0.8458,0.84603,1.65,1.20
2014.01.24 13:19:41.451,0.8458,0.84603,1.65,1.18
2014.01.24 13:19:41.756,0.84586,0.84603,1.00,1.15
2014.01.24 13:19:42.382,0.84581,0.84603,1.18,1.15
2014.01.24 13:19:43.284,0.84583,0.84605,1.00,2.33
2014.01.24 13:19:43.334,0.84583,0.84605,1.08,2.33
2014.01.24 13:19:43.486,0.84586,0.84609,1.58,1.15
2014.01.24 13:19:43.587,0.84588,0.84609,1.58,1.15
2014.01.24 13:19:43.788,0.84586,0.84609,3.53,1.15
2014.01.24 13:19:44.191,0.84589,0.84612,3.08,1.00
2014.01.24 13:19:45.700,0.84592,0.84612,1.20,1.08
2014.01.24 13:19:46.461,0.84588,0.8461,4.20,1.00
2014.01.24 13:19:47.037,0.8459,0.8461,1.15,1.00
2014.01.24 13:19:48.362,0.84589,0.84607,4.88,1.00
2014.01.24 13:19:48.564,0.84587,0.84607,2.70,1.00
2014.01.24 13:19:48.799,0.84584,0.84607,6.38,1.13
2014.01.24 13:19:49.333,0.84587,0.84607,1.45,1.08
2014.01.24 13:19:49.687,0.84591,0.84607,1.00,1.08
2014.01.24 13:19:50.201,0.84587,0.84607,1.53,1.00
2014.01.24 13:19:52.906,0.84585,0.84607,3.45,1.38
2014.01.24 13:19:53.058,0.84584,0.84607,1.53,1.45
2014.01.24 13:19:53.511,0.84582,0.84605,1.53,1.45
2014.01.24 13:19:54.087,0.84582,0.84605,3.45,1.48
2014.01.24 13:19:54.600,0.84582,0.84605,1.53,1.53
2014.01.24 13:19:55.396,0.84582,0.84605,3.45,1.48
2014.01.24 13:19:56.798,0.84582,0.846,2.70,1.00
2014.01.24 13:19:57.124,0.84576,0.84597,1.95,1.08
2014.01.24 13:19:57.225,0.84576,0.84597,1.20,1.20
2014.01.24 13:19:57.326,0.84576,0.84597,1.00,1.15
2014.01.24 13:19:57.729,0.84574,0.84597,1.28,1.55
2014.01.24 13:19:57.780,0.84581,0.84597,1.00,1.58
2014.01.24 13:19:57.881,0.84575,0.84597,1.15,1.58
2014.01.24 13:19:57.931,0.84583,0.8459,1.00,1.00
2014.01.24 13:19:58.083,0.84574,0.8459,1.00,1.00
2014.01.24 13:19:58.584,0.8457,0.84589,1.53,1.00
2014.01.24 13:19:58.943,0.8457,0.84589,1.53,1.00
2014.01.24 13:19:59.771,0.84572,0.84582,1.10,1.00
2014.01.24 13:19:59.822,0.84566,0.84582,2.03,1.00
2014.01.24 13:19:59.923,0.84566,0.84577,1.58,1.00
2014.01.24 13:19:59.974,0.84566,0.84577,1.58,1.00
2014.01.24 13:20:00.075,0.84561,0.84577,2.03,1.00
2014.01.24 13:20:00.389,0.84561,0.84577,1.38,1.00
2014.01.24 13:20:00.439,0.84564,0.84581,1.38,1.50
2014.01.24 13:20:00.490,0.84567,0.84581,1.38,1.00
2014.01.24 13:20:00.541,0.84567,0.84581,1.98,1.00
2014.01.24 13:20:00.592,0.84576,0.84587,1.38,1.08
2014.01.24 13:20:00.642,0.84576,0.84587,1.38,1.08
2014.01.24 13:20:00.693,0.84571,0.84587,1.38,1.00
2014.01.24 13:20:00.794,0.84572,0.84589,1.45,1.00
2014.01.24 13:20:00.930,0.84576,0.84589,2.48,1.00
2014.01.24 13:20:01.706,0.84572,0.84589,1.50,1.00
2014.01.24 13:20:02.009,0.84576,0.84591,1.20,1.00
2014.01.24 13:20:02.059,0.84576,0.84591,1.45,1.00
2014.01.24 13:20:02.311,0.84576,0.84595,1.53,1.00
2014.01.24 13:20:02.715,0.84577,0.84596,3.45,1.00
2014.01.24 13:20:02.917,0.84577,0.84593,1.53,1.00
2014.01.24 13:20:03.270,0.84577,0.84593,1.48,1.00
2014.01.24 13:20:03.371,0.84577,0.84593,1.55,1.00
2014.01.24 13:20:03.624,0.84577,0.84597,1.38,1.15
2014.01.24 13:20:03.725,0.84578,0.84597,2.48,1.15
2014.01.24 13:20:04.028,0.84587,0.846,1.00,1.00
2014.01.24 13:20:04.785,0.84587,0.846,1.48,1.00
2014.01.24 13:20:04.987,0.84579,0.846,1.15,1.00
2014.01.24 13:20:05.513,0.84581,0.84597,3.08,1.00
2014.01.24 13:20:05.664,0.84577,0.84597,1.15,1.00
2014.01.24 13:20:05.766,0.84577,0.84597,1.18,1.00
2014.01.24 13:20:05.934,0.84577,0.84595,1.18,1.00
2014.01.24 13:20:08.687,0.84577,0.84595,1.28,1.00
2014.01.24 13:20:08.841,0.84575,0.84597,3.45,1.00
2014.01.24 13:20:08.942,0.84575,0.84594,1.28,1.00
2014.01.24 13:20:09.348,0.84576,0.84596,1.15,1.00
2014.01.24 13:20:09.500,0.84577,0.84596,1.15,1.00
2014.01.24 13:20:09.601,0.84575,0.84596,1.15,1.00
2014.01.24 13:20:11.566,0.84577,0.84596,1.28,1.10
2014.01.24 13:20:11.717,0.84577,0.84596,3.45,1.00
2014.01.24 13:20:11.818,0.84577,0.84596,2.03,1.00
2014.01.24 13:20:12.020,0.84577,0.846,2.03,1.18
2014.01.24 13:20:12.244,0.84577,0.846,1.45,1.18
2014.01.24 13:20:12.295,0.84577,0.846,1.45,1.18
2014.01.24 13:20:12.728,0.84577,0.84599,1.00,1.15
2014.01.24 13:20:12.779,0.84575,0.84596,1.55,1.15
2014.01.24 13:20:13.104,0.84572,0.84595,1.95,1.15
2014.01.24 13:20:13.637,0.84572,0.84595,2.03,1.15
2014.01.24 13:20:15.044,0.84572,0.84595,2.03,1.08
2014.01.24 13:20:15.691,0.84572,0.84595,4.20,1.10
2014.01.24 13:20:16.595,0.84572,0.84595,4.95,1.18
2014.01.24 13:20:16.646,0.84572,0.84595,2.78,1.15
2014.01.24 13:20:19.106,0.84577,0.84595,1.00,1.15
2014.01.24 13:20:19.308,0.84577,0.84595,1.13,1.00
2014.01.24 13:20:19.511,0.84581,0.84598,1.08,1.50
2014.01.24 13:20:19.914,0.84581,0.84601,1.28,1.00
2014.01.24 13:20:20.621,0.84581,0.84601,1.53,1.00
2014.01.24 13:20:21.296,0.84581,0.84601,1.53,1.00
2014.01.24 13:20:21.346,0.84581,0.84604,4.20,1.20
2014.01.24 13:20:21.397,0.84581,0.84604,5.33,1.10
2014.01.24 13:20:21.448,0.84586,0.84607,1.45,1.15
2014.01.24 13:20:21.498,0.84586,0.84607,2.03,1.18
2014.01.24 13:20:21.700,0.84588,0.84611,1.53,1.18
2014.01.24 13:20:22.204,0.84588,0.84611,1.53,1.00
2014.01.24 13:20:22.735,0.84591,0.84612,1.53,1.00
2014.01.24 13:20:22.836,0.84592,0.84612,1.53,1.00
2014.01.24 13:20:22.887,0.84594,0.84615,1.28,1.10
2014.01.24 13:20:23.089,0.84592,0.84612,3.45,1.00
2014.01.24 13:20:23.341,0.84588,0.84609,6.00,1.00
2014.01.24 13:20:26.812,0.84591,0.84609,2.70,1.00
2014.01.24 13:20:26.863,0.84591,0.84612,4.20,1.00
2014.01.24 13:20:26.964,0.84594,0.84615,1.53,1.00
2014.01.24 13:20:27.065,0.84595,0.84615,1.53,1.00
2014.01.24 13:20:27.368,0.84596,0.84615,2.70,1.00
2014.01.24 13:20:27.419,0.84598,0.84619,1.53,1.10
2014.01.24 13:20:28.310,0.84601,0.84623,1.20,1.15
2014.01.24 13:20:28.823,0.84601,0.84623,1.13,1.15
2014.01.24 13:20:28.873,0.84601,0.84623,1.20,1.15
2014.01.24 13:20:29.404,0.84601,0.84623,1.28,1.18
2014.01.24 13:20:30.279,0.84601,0.84623,1.48,1.18
2014.01.24 13:20:30.732,0.84601,0.84624,1.38,1.15
2014.01.24 13:20:30.883,0.84601,0.84624,1.13,1.15
2014.01.24 13:20:31.523,0.84598,0.84621,1.53,1.18
2014.01.24 13:20:31.865,0.84598,0.84621,1.53,1.18
2014.01.24 13:20:32.294,0.84598,0.84621,1.53,1.18
2014.01.24 13:20:33.025,0.84598,0.84621,1.53,1.18
2014.01.24 13:20:33.670,0.84602,0.84623,1.00,1.15
2014.01.24 13:20:33.720,0.84602,0.84623,1.88,1.08
2014.01.24 13:20:33.771,0.84602,0.84623,1.95,1.10
2014.01.24 13:20:33.821,0.84605,0.84623,1.20,1.10
2014.01.24 13:20:33.963,0.84605,0.84626,2.03,1.00
2014.01.24 13:20:36.319,0.84605,0.84625,1.53,1.00
2014.01.24 13:20:36.645,0.84608,0.84629,1.28,1.00
2014.01.24 13:20:36.847,0.84608,0.84629,2.03,1.00
2014.01.24 13:20:37.190,0.84617,0.84629,1.00,1.00
2014.01.24 13:20:37.291,0.84618,0.84635,1.15,1.00
2014.01.24 13:20:37.442,0.84616,0.84635,3.08,1.00
2014.01.24 13:20:37.956,0.84617,0.84634,1.15,1.00
2014.01.24 13:20:38.345,0.84614,0.84634,1.15,1.00
2014.01.24 13:20:38.496,0.84612,0.8463,2.70,1.00
2014.01.24 13:20:38.547,0.8461,0.8463,3.45,1.00
2014.01.24 13:20:38.598,0.84613,0.8463,1.10,1.08
2014.01.24 13:20:38.649,0.84617,0.8463,1.00,1.08
2014.01.24 13:20:38.951,0.84622,0.8463,1.00,1.00
2014.01.24 13:20:39.084,0.84617,0.8463,1.00,1.00
2014.01.24 13:20:39.235,0.84621,0.8463,1.00,1.00
2014.01.24 13:20:39.413,0.84616,0.8463,1.00,1.00
2014.01.24 13:20:40.468,0.84616,0.84633,1.00,1.15
2014.01.24 13:20:40.670,0.84612,0.84633,1.18,1.53
2014.01.24 13:20:40.720,0.84612,0.84631,1.10,1.45
2014.01.24 13:20:41.023,0.84616,0.84633,1.00,1.15
2014.01.24 13:20:41.376,0.84616,0.84633,1.00,1.28
2014.01.24 13:20:41.800,0.84616,0.84632,1.00,2.18
2014.01.24 13:20:42.112,0.84611,0.84629,1.08,1.45
2014.01.24 13:20:42.319,0.84611,0.84629,1.00,1.53
2014.01.24 13:20:42.937,0.84611,0.84629,1.00,1.53
2014.01.24 13:20:43.817,0.84611,0.84629,1.00,1.53
2014.01.24 13:20:44.363,0.84606,0.84629,1.65,1.53
2014.01.24 13:20:45.027,0.84606,0.84629,1.65,1.53
2014.01.24 13:20:45.103,0.84606,0.84629,1.65,1.53
2014.01.24 13:20:45.810,0.84606,0.84629,1.58,4.20
2014.01.24 13:20:46.355,0.84603,0.84626,1.15,1.53
2014.01.24 13:20:46.657,0.84597,0.84619,1.38,5.33
2014.01.24 13:20:47.272,0.84596,0.84619,1.88,1.15
2014.01.24 13:20:47.692,0.84602,0.84621,1.38,1.65
2014.01.24 13:20:48.184,0.84602,0.84621,1.38,1.65
2014.01.24 13:20:48.846,0.84606,0.84621,1.13,1.15
2014.01.24 13:20:48.998,0.84603,0.84624,1.38,1.65
2014.01.24 13:20:49.099,0.84603,0.84624,1.48,1.18
2014.01.24 13:20:52.823,0.84604,0.84627,1.38,1.65
2014.01.24 13:20:54.733,0.84604,0.84627,1.55,1.15
2014.01.24 13:20:55.150,0.84604,0.84627,1.53,1.10
2014.01.24 13:20:57.015,0.84606,0.84627,1.28,1.10
2014.01.24 13:20:57.116,0.84606,0.84623,1.20,1.00
2014.01.24 13:20:57.526,0.84602,0.84623,2.03,1.28
2014.01.24 13:20:57.677,0.84602,0.8462,1.20,1.00
2014.01.24 13:20:58.866,0.84602,0.8462,1.58,1.00
2014.01.24 13:20:59.382,0.84602,0.8462,1.00,1.18
2014.01.24 13:20:59.635,0.84597,0.84617,1.00,1.53
2014.01.24 13:21:00.310,0.84602,0.84617,1.00,1.15
2014.01.24 13:21:00.870,0.84602,0.84617,1.00,1.08
2014.01.24 13:21:02.073,0.84597,0.84617,1.13,1.08
2014.01.24 13:21:03.591,0.84596,0.84617,2.03,1.18
2014.01.24 13:21:03.701,0.84596,0.84617,1.88,1.15
2014.01.24 13:21:04.052,0.84602,0.84617,1.00,1.15
2014.01.24 13:21:04.457,0.84596,0.84617,1.88,1.15
2014.01.24 13:21:04.558,0.84596,0.84617,1.88,1.65
2014.01.24 13:21:05.064,0.84596,0.84616,1.38,1.15
2014.01.24 13:21:05.273,0.84596,0.84616,1.53,1.00
2014.01.24 13:21:06.211,0.84596,0.84617,2.03,1.58
2014.01.24 13:21:06.567,0.84601,0.84621,1.00,3.08
2014.01.24 13:21:06.618,0.84601,0.84621,1.00,1.15
2014.01.24 13:21:06.669,0.84613,0.84621,1.00,1.15
2014.01.24 13:21:06.821,0.84616,0.84627,1.00,1.15
2014.01.24 13:21:06.922,0.84612,0.8463,1.38,1.08
2014.01.24 13:21:07.023,0.84612,0.84631,1.38,1.00
2014.01.24 13:21:07.225,0.84612,0.84629,1.38,1.00
2014.01.24 13:21:07.419,0.84612,0.84631,1.38,1.00
2014.01.24 13:21:07.683,0.8461,0.84631,1.18,1.00
2014.01.24 13:21:09.213,0.8461,0.84631,1.10,1.15
2014.01.24 13:21:12.522,0.84607,0.84628,1.20,1.15
2014.01.24 13:21:12.723,0.84609,0.84631,1.20,1.15
2014.01.24 13:21:13.177,0.84605,0.84626,1.28,1.00
2014.01.24 13:21:15.228,0.84604,0.84624,1.53,1.00
2014.01.24 13:21:15.595,0.84602,0.84624,1.53,1.00
2014.01.24 13:21:19.882,0.84604,0.84624,1.15,1.00
2014.01.24 13:21:20.637,0.84604,0.84624,3.08,1.00
2014.01.24 13:21:20.878,0.84605,0.84626,3.08,1.00
2014.01.24 13:21:20.981,0.84608,0.84629,1.53,1.10
2014.01.24 13:21:21.577,0.84609,0.84629,1.53,1.00
2014.01.24 13:21:21.779,0.84608,0.84629,2.03,1.00
2014.01.24 13:21:22.048,0.84605,0.84626,4.20,1.00
2014.01.24 13:21:23.352,0.84606,0.84626,1.15,1.00
2014.01.24 13:21:25.706,0.84607,0.8463,1.15,1.15
2014.01.24 13:21:25.807,0.84608,0.8463,1.58,1.15
2014.01.24 13:21:26.059,0.84614,0.84635,1.53,1.00
2014.01.24 13:21:26.211,0.84616,0.84635,2.70,1.00
2014.01.24 13:21:26.521,0.84618,0.84636,3.45,1.00
2014.01.24 13:21:30.927,0.84622,0.84636,1.15,1.00
2014.01.24 13:21:31.957,0.84622,0.84636,3.08,1.00
2014.01.24 13:21:32.474,0.84623,0.84636,3.08,1.00
2014.01.24 13:21:37.726,0.84622,0.84636,3.08,1.00
2014.01.24 13:21:37.776,0.84622,0.84636,1.15,1.00
2014.01.24 13:21:37.978,0.84621,0.84636,2.33,1.00
2014.01.24 13:21:38.497,0.8462,0.84636,3.45,1.00
2014.01.24 13:21:39.598,0.8462,0.8464,3.45,1.00
2014.01.24 13:21:47.244,0.84623,0.8464,1.28,1.00
2014.01.24 13:21:47.345,0.84622,0.84643,3.45,1.00
2014.01.24 13:21:47.447,0.84623,0.84639,1.28,1.00
2014.01.24 13:21:56.416,0.84625,0.84639,3.08,1.00
2014.01.24 13:21:56.467,0.84625,0.84643,3.08,1.00
2014.01.24 13:21:57.882,0.84625,0.84644,3.45,1.00
2014.01.24 13:21:57.933,0.84628,0.84644,2.70,1.00
2014.01.24 13:21:58.235,0.84629,0.84648,1.15,1.00
2014.01.24 13:21:58.336,0.84633,0.84654,1.10,1.15
2014.01.24 13:21:58.387,0.84633,0.84654,1.53,1.18
2014.01.24 13:21:58.704,0.84633,0.84654,1.53,1.00
2014.01.24 13:21:59.016,0.84636,0.84654,1.53,1.00
2014.01.24 13:21:59.068,0.84636,0.84657,1.53,1.00
2014.01.24 13:21:59.287,0.84637,0.84657,1.53,1.00
2014.01.24 13:21:59.337,0.84638,0.84659,1.53,1.00
2014.01.24 13:21:59.855,0.8464,0.84657,1.65,1.00
2014.01.24 13:22:00.007,0.84636,0.84657,3.45,1.00
2014.01.24 13:22:00.525,0.84635,0.84657,3.08,1.00
2014.01.24 13:22:01.078,0.84635,0.84657,1.53,1.00
2014.01.24 13:22:02.943,0.84634,0.84652,4.50,1.00
2014.01.24 13:22:03.094,0.84632,0.8465,1.15,1.00
2014.01.24 13:22:03.296,0.84632,0.8465,1.15,1.00
2014.01.24 13:22:03.398,0.84631,0.84654,1.53,1.20
2014.01.24 13:22:03.448,0.84638,0.84654,1.38,1.20
2014.01.24 13:22:03.753,0.84643,0.84659,1.00,4.50
2014.01.24 13:22:03.957,0.84647,0.84665,3.45,1.00
2014.01.24 13:22:04.823,0.84643,0.84665,1.53,1.00
2014.01.24 13:22:05.243,0.84644,0.84665,3.08,1.00
2014.01.24 13:22:06.146,0.84643,0.84665,1.28,1.00
2014.01.24 13:22:06.247,0.84643,0.84662,1.28,1.00
2014.01.24 13:22:06.947,0.84639,0.84662,1.53,1.08
2014.01.24 13:22:07.293,0.84638,0.84658,3.45,1.00
2014.01.24 13:22:07.662,0.84638,0.84655,2.70,1.00
2014.01.24 13:22:07.763,0.84635,0.84653,2.33,1.00
2014.01.24 13:22:07.914,0.84632,0.8465,4.88,1.00
2014.01.24 13:22:08.428,0.84631,0.8465,2.70,1.00
2014.01.24 13:22:09.209,0.84632,0.84653,1.65,1.00
2014.01.24 13:22:09.260,0.84635,0.84653,2.33,1.00
2014.01.24 13:22:09.311,0.84635,0.84656,3.83,1.00
2014.01.24 13:22:09.513,0.84635,0.84658,4.20,1.10
2014.01.24 13:22:12.556,0.84638,0.8466,1.10,1.15
2014.01.24 13:22:12.928,0.84636,0.84657,1.00,1.15
2014.01.24 13:22:16.793,0.84633,0.84656,1.15,1.18
2014.01.24 13:22:17.045,0.84632,0.84652,1.18,1.00
2014.01.24 13:22:17.096,0.84632,0.84652,1.18,1.00
2014.01.24 13:22:17.771,0.84633,0.84656,1.10,1.28
2014.01.24 13:22:18.023,0.84628,0.84651,3.45,1.08
2014.01.24 13:22:18.073,0.84628,0.84651,1.28,1.15
2014.01.24 13:22:18.194,0.84628,0.84651,1.08,1.15
2014.01.24 13:22:18.446,0.84624,0.84644,1.55,1.18
2014.01.24 13:22:19.140,0.84623,0.84644,1.38,1.15
2014.01.24 13:22:19.191,0.84623,0.84644,1.53,1.20
2014.01.24 13:22:20.443,0.84623,0.84644,1.53,1.10
2014.01.24 13:22:21.321,0.84624,0.84647,1.28,1.18
2014.01.24 13:22:21.783,0.84624,0.84647,1.28,1.15
2014.01.24 13:22:25.727,0.84624,0.84647,1.15,1.08
2014.01.24 13:22:26.031,0.84625,0.84647,1.15,1.00
2014.01.24 13:22:28.201,0.84627,0.84647,1.28,1.00
2014.01.24 13:22:28.454,0.84628,0.84649,2.03,1.00
2014.01.24 13:22:28.557,0.84628,0.84649,4.20,1.00
2014.01.24 13:22:29.753,0.84631,0.84649,2.70,1.00
2014.01.24 13:22:29.854,0.84631,0.84649,1.53,1.00
2014.01.24 13:22:29.955,0.84631,0.84653,1.53,1.08
2014.01.24 13:22:36.962,0.84631,0.84653,1.53,1.08
2014.01.24 13:22:37.115,0.84636,0.84655,3.45,1.00
2014.01.24 13:22:37.266,0.84634,0.84655,3.45,1.00
2014.01.24 13:22:37.417,0.84634,0.84655,1.15,1.00
2014.01.24 13:22:37.468,0.84634,0.84655,1.18,1.00
2014.01.24 13:22:37.518,0.84634,0.84655,1.18,1.08
2014.01.24 13:22:38.020,0.84634,0.84655,1.00,1.15
2014.01.24 13:22:44.845,0.84634,0.84655,1.20,1.15
2014.01.24 13:22:45.148,0.84639,0.84659,1.53,1.00
2014.01.24 13:22:45.401,0.8464,0.84663,1.53,1.20
2014.01.24 13:22:47.282,0.84645,0.84666,1.08,1.15
2014.01.24 13:22:47.433,0.84647,0.84669,1.28,2.03
2014.01.24 13:22:47.736,0.84646,0.84669,3.45,1.18
2014.01.24 13:22:48.293,0.84646,0.84669,3.45,1.10
2014.01.24 13:22:48.601,0.84644,0.84667,3.08,1.00
2014.01.24 13:22:49.109,0.84643,0.84666,6.38,1.00
2014.01.24 13:22:49.702,0.84646,0.84663,1.53,1.00
2014.01.24 13:22:49.889,0.84646,0.84665,1.53,1.00
2014.01.24 13:22:49.990,0.84646,0.84665,1.53,1.00
2014.01.24 13:22:50.320,0.84647,0.84667,3.45,1.00
2014.01.24 13:22:50.638,0.8465,0.84667,1.15,1.00
2014.01.24 13:22:50.688,0.8465,0.84671,3.08,1.38
2014.01.24 13:22:50.790,0.84648,0.84671,1.53,1.55
2014.01.24 13:22:51.311,0.84648,0.84671,1.53,1.38
2014.01.24 13:22:52.723,0.84648,0.84671,1.53,1.00
2014.01.24 13:22:53.563,0.84647,0.84668,4.88,1.00
2014.01.24 13:22:53.664,0.84647,0.84668,1.28,1.00
2014.01.24 13:22:53.716,0.84647,0.84668,1.15,1.38
2014.01.24 13:22:53.918,0.84644,0.84665,1.15,1.00
2014.01.24 13:22:54.153,0.84644,0.84664,1.15,1.38
2014.01.24 13:22:54.458,0.84644,0.84665,1.28,1.00
2014.01.24 13:22:55.277,0.84644,0.84665,1.28,1.08
2014.01.24 13:22:55.328,0.84644,0.84665,1.28,1.15
2014.01.24 13:22:55.838,0.84644,0.84664,1.20,1.58
2014.01.24 13:22:56.376,0.84641,0.84662,2.03,1.00
2014.01.24 13:22:56.666,0.84641,0.84662,1.15,1.38
2014.01.24 13:22:56.918,0.84637,0.84658,1.53,1.00
2014.01.24 13:22:57.019,0.84635,0.84658,1.15,1.15
2014.01.24 13:22:57.621,0.84635,0.84658,1.18,3.08
2014.01.24 13:22:57.671,0.84635,0.84658,1.20,3.45
2014.01.24 13:23:00.133,0.84634,0.84655,1.55,1.18
2014.01.24 13:23:00.845,0.84634,0.84655,1.53,1.10
2014.01.24 13:23:01.233,0.84632,0.84652,3.45,1.00
2014.01.24 13:23:01.384,0.84631,0.84652,1.53,1.00
2014.01.24 13:23:01.486,0.84629,0.84649,1.15,1.00
2014.01.24 13:23:01.587,0.84628,0.84649,1.65,1.10
2014.01.24 13:23:01.789,0.84628,0.84649,4.20,1.00
2014.01.24 13:23:02.041,0.84628,0.84649,1.15,1.00
2014.01.24 13:23:02.438,0.84631,0.84651,1.00,1.10
2014.01.24 13:23:02.589,0.8463,0.8465,2.33,1.00
2014.01.24 13:23:02.701,0.84627,0.8465,4.58,1.00
2014.01.24 13:23:05.969,0.84629,0.8465,1.15,1.00
2014.01.24 13:23:06.069,0.8463,0.8465,2.33,1.00
2014.01.24 13:23:06.512,0.84632,0.84652,1.15,1.00
2014.01.24 13:23:06.764,0.84633,0.84656,1.15,1.18
2014.01.24 13:23:07.393,0.84634,0.84656,3.08,1.00
2014.01.24 13:23:08.824,0.84634,0.84652,3.08,1.00
2014.01.24 13:23:11.251,0.84634,0.84655,3.83,1.00
2014.01.24 13:23:11.352,0.84636,0.84657,1.15,1.00
2014.01.24 13:23:11.755,0.84636,0.84657,1.15,1.20
2014.01.24 13:23:12.191,0.84636,0.84657,1.15,1.10
2014.01.24 13:23:12.493,0.84639,0.8466,1.65,1.00
2014.01.24 13:23:12.749,0.84639,0.8466,6.38,1.00
2014.01.24 13:23:13.113,0.84641,0.8466,2.33,1.00
2014.01.24 13:23:14.518,0.84639,0.8466,1.28,1.00
2014.01.24 13:23:16.000,0.84641,0.8466,2.33,1.00
2014.01.24 13:23:19.723,0.84642,0.8466,4.50,1.00
2014.01.24 13:23:20.691,0.84642,0.84658,5.25,1.00
2014.01.24 13:23:20.843,0.84639,0.8466,1.53,1.00
2014.01.24 13:23:20.944,0.8464,0.8466,2.70,1.00
2014.01.24 13:23:21.337,0.84642,0.8466,3.45,1.00
2014.01.24 13:23:24.512,0.84644,0.8466,3.08,1.00
2014.01.24 13:23:24.563,0.84644,0.84664,3.08,1.00
2014.01.24 13:23:24.866,0.84642,0.84664,3.45,1.00
2014.01.24 13:23:25.171,0.84645,0.84664,2.33,1.00
2014.01.24 13:23:25.222,0.84645,0.84666,3.08,1.13
2014.01.24 13:23:26.508,0.84643,0.84666,4.20,1.10
2014.01.24 13:23:27.012,0.84647,0.84668,1.15,1.38
2014.01.24 13:23:27.063,0.84651,0.84668,3.00,1.38
2014.01.24 13:23:27.215,0.84652,0.8467,1.28,1.00
2014.01.24 13:23:27.265,0.84655,0.84671,3.08,1.00
2014.01.24 13:23:27.316,0.84655,0.84674,3.83,1.00
2014.01.24 13:23:27.367,0.84658,0.84674,2.33,1.00
2014.01.24 13:23:27.468,0.84659,0.8468,1.15,1.00
2014.01.24 13:23:27.568,0.84666,0.84684,1.00,1.15
2014.01.24 13:23:27.770,0.84662,0.84685,2.33,1.15
2014.01.24 13:23:27.821,0.84662,0.84685,1.65,1.18
2014.01.24 13:23:28.124,0.84665,0.84686,1.15,1.95
2014.01.24 13:23:28.656,0.84665,0.84686,1.15,1.95
2014.01.24 13:23:29.959,0.84665,0.84686,1.15,1.95
2014.01.24 13:23:30.262,0.84657,0.84678,1.18,1.00
2014.01.24 13:23:30.363,0.84657,0.84678,1.15,1.00
2014.01.24 13:23:30.615,0.8466,0.84682,1.65,1.10
2014.01.24 13:23:30.665,0.84661,0.84683,2.33,1.00
2014.01.24 13:23:30.968,0.84663,0.84683,2.33,1.50
2014.01.24 13:23:31.248,0.84661,0.84683,1.15,2.63
2014.01.24 13:23:31.572,0.8466,0.84683,1.15,1.88
2014.01.24 13:23:31.673,0.84661,0.84683,1.15,1.50
2014.01.24 13:23:31.998,0.84663,0.84683,1.65,1.00
2014.01.24 13:23:32.328,0.84667,0.84687,1.15,1.00
2014.01.24 13:23:32.630,0.84667,0.84689,1.18,1.53
2014.01.24 13:23:32.731,0.84667,0.84689,1.18,1.53
2014.01.24 13:23:32.882,0.84666,0.84685,1.10,1.55
2014.01.24 13:23:33.591,0.84662,0.84685,1.15,2.03
2014.01.24 13:23:33.840,0.84664,0.84685,2.33,1.95
2014.01.24 13:23:33.941,0.84667,0.84688,1.15,1.38
2014.01.24 13:23:34.143,0.84666,0.84689,1.15,2.03
2014.01.24 13:23:34.244,0.84666,0.84689,1.15,2.03
2014.01.24 13:23:34.995,0.84666,0.84688,1.15,1.38
2014.01.24 13:23:35.540,0.84666,0.84688,1.15,1.38
2014.01.24 13:23:36.020,0.84664,0.84686,5.25,1.38
2014.01.24 13:23:36.674,0.84664,0.84686,5.25,1.38
2014.01.24 13:23:38.962,0.84664,0.84686,5.25,1.13
2014.01.24 13:23:39.281,0.84664,0.84686,5.25,1.38
2014.01.24 13:23:39.483,0.84663,0.84686,1.15,1.38
2014.01.24 13:23:39.735,0.84667,0.84685,1.08,1.38
2014.01.24 13:23:40.037,0.8467,0.84687,1.15,1.38
2014.01.24 13:23:40.563,0.8467,0.84689,1.15,1.38
2014.01.24 13:23:41.784,0.8467,0.84689,1.15,1.38
2014.01.24 13:23:41.936,0.8467,0.84689,1.15,1.88
2014.01.24 13:23:42.470,0.8467,0.84689,1.15,1.88
2014.01.24 13:23:43.027,0.8467,0.84689,1.15,1.88
2014.01.24 13:23:43.179,0.8467,0.84686,1.10,1.00
2014.01.24 13:23:43.889,0.8467,0.84686,1.08,1.00
2014.01.24 13:23:44.144,0.84666,0.84688,1.65,1.38
2014.01.24 13:23:44.295,0.84669,0.84688,1.18,1.38
2014.01.24 13:23:44.856,0.84666,0.84684,1.15,1.00
2014.01.24 13:23:48.151,0.84669,0.84684,1.18,1.00
2014.01.24 13:23:48.252,0.84672,0.84693,1.15,1.10
2014.01.24 13:23:48.353,0.84673,0.84693,2.33,1.00
2014.01.24 13:23:48.454,0.84677,0.84699,1.18,2.55
2014.01.24 13:23:48.593,0.84677,0.84699,1.15,1.80
2014.01.24 13:23:48.695,0.84677,0.84699,3.08,1.73
2014.01.24 13:23:49.020,0.84677,0.84699,3.08,1.73
2014.01.24 13:23:49.551,0.84677,0.84699,3.08,1.73
2014.01.24 13:23:50.682,0.84679,0.84699,1.15,1.00
2014.01.24 13:23:50.734,0.8468,0.84702,1.18,1.00
2014.01.24 13:23:51.072,0.84682,0.84705,1.15,1.28
2014.01.24 13:23:51.275,0.84681,0.84701,1.15,1.00
2014.01.24 13:23:51.427,0.8468,0.84701,1.08,1.18
2014.01.24 13:23:51.529,0.8468,0.84701,1.15,1.10
2014.01.24 13:23:51.731,0.84683,0.84706,1.10,1.53
2014.01.24 13:23:51.832,0.84683,0.84706,1.15,1.53
2014.01.24 13:23:51.983,0.84683,0.84706,1.20,1.53
2014.01.24 13:23:52.085,0.84683,0.84706,1.18,1.55
2014.01.24 13:23:52.200,0.84683,0.84706,1.15,1.55
2014.01.24 13:23:52.851,0.84686,0.84709,1.15,3.53
2014.01.24 13:23:53.285,0.84684,0.84705,1.15,1.13
2014.01.24 13:23:53.386,0.84687,0.84708,1.18,1.00
2014.01.24 13:23:53.700,0.84691,0.84713,1.15,1.50
2014.01.24 13:23:54.231,0.84691,0.84714,1.15,1.88
2014.01.24 13:23:54.753,0.84691,0.84714,1.15,1.75
2014.01.24 13:23:54.905,0.84688,0.84709,3.08,1.13
2014.01.24 13:23:55.056,0.84686,0.84709,1.65,1.38
2014.01.24 13:23:55.107,0.84686,0.84709,1.65,1.38
2014.01.24 13:23:55.409,0.84685,0.84705,1.15,1.38
2014.01.24 13:23:55.460,0.84685,0.84705,1.15,1.38
2014.01.24 13:23:55.828,0.84685,0.84705,1.15,1.38
2014.01.24 13:23:57.537,0.84684,0.84705,3.08,1.38
2014.01.24 13:23:57.740,0.84684,0.84705,1.15,1.45
2014.01.24 13:23:57.790,0.84684,0.84705,3.08,1.48
2014.01.24 13:23:57.942,0.84684,0.84705,1.15,1.55
2014.01.24 13:23:58.638,0.84684,0.84705,1.15,1.38
2014.01.24 13:23:59.161,0.84684,0.84705,1.15,1.38
2014.01.24 13:23:59.751,0.84684,0.84705,1.15,1.38
2014.01.24 13:24:01.127,0.84684,0.84705,1.15,1.38
2014.01.24 13:24:01.727,0.84684,0.84705,1.15,1.55
2014.01.24 13:24:02.230,0.84684,0.84705,1.15,1.18
2014.01.24 13:24:02.281,0.84687,0.84708,1.08,1.18
2014.01.24 13:24:05.112,0.84684,0.84706,3.08,1.10
2014.01.24 13:24:05.749,0.84685,0.84706,2.33,1.00
2014.01.24 13:24:06.230,0.84683,0.84706,1.65,1.00
2014.01.24 13:24:07.999,0.84686,0.84709,1.18,1.28
2014.01.24 13:24:08.100,0.8469,0.84711,1.58,1.45
2014.01.24 13:24:08.201,0.8469,0.84711,1.15,1.38
2014.01.24 13:24:08.302,0.84691,0.84711,2.33,1.38
2014.01.24 13:24:08.812,0.84691,0.84711,3.08,1.13
2014.01.24 13:24:09.861,0.84691,0.84711,3.08,1.38
2014.01.24 13:24:11.790,0.84691,0.84711,3.08,1.00
2014.01.24 13:24:16.598,0.84693,0.84714,1.15,1.38
2014.01.24 13:24:16.699,0.84696,0.84717,1.10,1.15
2014.01.24 13:24:16.750,0.84696,0.84717,1.18,1.00
2014.01.24 13:24:16.851,0.84697,0.84717,1.15,1.00
2014.01.24 13:24:17.317,0.84697,0.84717,2.33,1.00
2014.01.24 13:24:17.829,0.84696,0.84717,3.08,1.00
2014.01.24 13:24:19.793,0.84699,0.8472,1.15,1.20
2014.01.24 13:24:19.894,0.847,0.8472,2.33,1.13
2014.01.24 13:24:22.091,0.847,0.84723,1.15,1.48
2014.01.24 13:24:22.394,0.84699,0.84718,2.33,1.38
2014.01.24 13:24:22.545,0.84696,0.84718,3.83,1.00
2014.01.24 13:24:23.060,0.84699,0.8472,1.15,1.28
2014.01.24 13:24:23.161,0.84701,0.8472,1.18,1.08
2014.01.24 13:24:23.211,0.84702,0.84723,1.15,1.13
2014.01.24 13:24:23.262,0.84702,0.84723,1.65,1.13
2014.01.24 13:24:23.564,0.84707,0.84725,1.65,1.00
2014.01.24 13:24:23.867,0.8471,0.84725,2.33,1.00
2014.01.24 13:24:24.637,0.84707,0.84725,3.83,1.00
2014.01.24 13:24:24.738,0.84707,0.84729,3.08,1.00
2014.01.24 13:24:25.324,0.84709,0.84729,1.15,1.00
2014.01.24 13:24:25.811,0.84708,0.84725,2.33,1.00
2014.01.24 13:24:25.861,0.84705,0.84725,3.08,1.00
2014.01.24 13:24:26.071,0.84704,0.84725,1.15,1.00
2014.01.24 13:24:27.071,0.84704,0.84725,3.83,1.00
2014.01.24 13:24:29.421,0.84704,0.84725,1.65,1.00
2014.01.24 13:24:29.773,0.84702,0.84722,1.18,1.00
2014.01.24 13:24:29.874,0.84702,0.84722,1.15,1.00
2014.01.24 13:24:30.088,0.84699,0.8472,1.28,1.00
2014.01.24 13:24:30.139,0.84699,0.84716,1.15,1.00
2014.01.24 13:24:30.310,0.84696,0.84716,1.10,1.18
2014.01.24 13:24:31.725,0.84695,0.84716,1.00,1.15
2014.01.24 13:24:32.271,0.84691,0.84714,2.40,1.15
2014.01.24 13:24:34.425,0.8469,0.84711,1.15,1.38
2014.01.24 13:24:34.526,0.84688,0.84711,1.18,1.53
2014.01.24 13:24:35.148,0.84688,0.84711,1.18,1.45
2014.01.24 13:24:35.742,0.84688,0.84711,1.20,1.53
2014.01.24 13:24:37.149,0.84687,0.84708,1.08,1.18
2014.01.24 13:24:37.735,0.84687,0.84708,1.10,1.15
2014.01.24 13:24:38.590,0.8469,0.84711,1.00,3.45
2014.01.24 13:24:38.691,0.8469,0.84711,1.10,1.15
2014.01.24 13:24:38.792,0.84691,0.84711,1.15,1.10
2014.01.24 13:24:39.095,0.84692,0.84711,3.08,1.00
2014.01.24 13:24:39.146,0.84692,0.84713,4.58,1.00
2014.01.24 13:24:43.440,0.84697,0.84718,1.10,1.28
2014.01.24 13:24:43.491,0.84697,0.84718,1.15,1.00
2014.01.24 13:24:44.061,0.84702,0.84718,1.00,1.00
2014.01.24 13:24:49.489,0.84702,0.84718,1.00,1.38
2014.01.24 13:24:49.691,0.84691,0.84712,2.40,1.00
2014.01.24 13:24:49.792,0.84691,0.84712,1.65,1.45
2014.01.24 13:24:49.842,0.84691,0.84712,1.65,1.45
2014.01.24 13:24:50.372,0.84691,0.8471,1.18,1.00
2014.01.24 13:24:50.684,0.84696,0.8471,1.00,1.00
2014.01.24 13:24:51.003,0.84696,0.84713,1.00,1.10
2014.01.24 13:24:51.106,0.84696,0.84713,1.08,1.00
2014.01.24 13:24:51.157,0.84696,0.84717,1.15,1.50
2014.01.24 13:24:51.209,0.84702,0.84717,1.00,1.50
2014.01.24 13:24:51.260,0.84702,0.8472,1.00,1.10
2014.01.24 13:24:51.361,0.84702,0.8472,1.15,1.00
2014.01.24 13:24:51.714,0.84699,0.8472,1.15,1.10
2014.01.24 13:24:51.815,0.84697,0.84718,3.83,1.00
2014.01.24 13:24:53.749,0.84697,0.84716,1.15,1.00
2014.01.24 13:24:53.983,0.84697,0.84716,1.15,1.00
2014.01.24 13:24:54.186,0.84697,0.84716,1.15,1.00
2014.01.24 13:24:54.395,0.84697,0.84716,1.08,1.00
2014.01.24 13:24:54.697,0.84697,0.84715,1.10,1.00
2014.01.24 13:24:54.849,0.84691,0.84712,4.20,1.00
2014.01.24 13:24:54.899,0.84691,0.84712,1.65,1.00
2014.01.24 13:24:55.001,0.84692,0.84712,1.15,1.00
2014.01.24 13:24:55.246,0.84692,0.84712,1.18,1.00
2014.01.24 13:24:55.450,0.84692,0.84712,1.15,1.00
2014.01.24 13:24:55.501,0.84694,0.84715,1.18,1.00
2014.01.24 13:24:55.602,0.8469,0.84713,3.08,1.00
2014.01.24 13:24:55.653,0.8469,0.84713,1.15,1.20
2014.01.24 13:24:55.979,0.84693,0.84716,1.15,1.10
2014.01.24 13:24:56.163,0.84693,0.84716,1.15,1.10
2014.01.24 13:24:56.767,0.84693,0.84716,3.08,1.10
2014.01.24 13:25:00.140,0.84696,0.84716,2.33,1.00
2014.01.24 13:25:00.241,0.847,0.84719,1.08,1.10
2014.01.24 13:25:00.442,0.847,0.84719,1.00,1.08
2014.01.24 13:25:00.924,0.847,0.84721,1.00,1.15
2014.01.24 13:25:01.638,0.847,0.84721,1.00,1.18
2014.01.24 13:25:02.356,0.847,0.84721,1.15,1.20
2014.01.24 13:25:03.217,0.847,0.84721,1.08,3.83
2014.01.24 13:25:03.767,0.847,0.84719,1.00,1.15
2014.01.24 13:25:04.092,0.847,0.84718,1.00,2.33
2014.01.24 13:25:04.193,0.84696,0.84717,1.38,2.33
2014.01.24 13:25:04.670,0.84695,0.84718,1.20,3.08
2014.01.24 13:25:05.218,0.84695,0.84717,1.13,3.08
2014.01.24 13:25:10.263,0.84692,0.84715,1.38,3.08
2014.01.24 13:25:10.415,0.84692,0.84715,1.00,3.08
2014.01.24 13:25:10.517,0.84692,0.84712,1.00,4.50
2014.01.24 13:25:10.567,0.8469,0.84711,1.13,1.15
2014.01.24 13:25:11.052,0.8469,0.84709,1.00,2.33
2014.01.24 13:25:14.528,0.84687,0.84708,1.00,1.15
2014.01.24 13:25:14.629,0.84687,0.847,1.00,2.25
2014.01.24 13:25:14.730,0.84681,0.84698,1.50,2.33
2014.01.24 13:25:14.881,0.84681,0.84696,1.50,2.33
2014.01.24 13:25:15.284,0.84677,0.84696,1.50,2.33
2014.01.24 13:25:15.335,0.84677,0.84699,1.00,1.15
2014.01.24 13:25:15.486,0.84679,0.847,1.00,1.15
2014.01.24 13:25:16.228,0.84681,0.847,1.00,1.15
2014.01.24 13:25:16.329,0.84681,0.847,1.00,1.15
2014.01.24 13:25:16.678,0.84679,0.847,1.18,1.53
2014.01.24 13:25:16.830,0.84677,0.847,1.00,4.20
2014.01.24 13:25:17.655,0.84677,0.84699,1.00,1.53
2014.01.24 13:25:17.706,0.84677,0.84699,1.00,1.53
2014.01.24 13:25:18.396,0.84677,0.84699,1.00,3.45
2014.01.24 13:25:18.701,0.84677,0.84697,1.00,1.53
2014.01.24 13:25:19.003,0.84676,0.84696,1.13,3.08
2014.01.24 13:25:19.054,0.84676,0.84696,1.13,1.15
2014.01.24 13:25:20.596,0.84677,0.84696,1.00,1.15
2014.01.24 13:25:20.647,0.84679,0.84697,1.00,1.15
2014.01.24 13:25:20.798,0.84679,0.84698,1.00,1.15
2014.01.24 13:25:21.018,0.84682,0.84698,1.00,1.15
2014.01.24 13:25:21.557,0.84682,0.847,1.00,1.15
2014.01.24 13:25:22.252,0.84682,0.84701,1.00,1.15
2014.01.24 13:25:23.230,0.8468,0.84701,1.00,1.15
2014.01.24 13:25:23.334,0.84682,0.84701,1.00,3.08
2014.01.24 13:25:23.563,0.84682,0.84702,1.10,1.18
2014.01.24 13:25:23.765,0.84681,0.84701,1.50,2.33
2014.01.24 13:25:24.619,0.84679,0.847,1.00,1.15
2014.01.24 13:25:25.144,0.84679,0.847,1.00,6.75
2014.01.24 13:25:26.619,0.84674,0.84695,1.10,1.18
2014.01.24 13:25:27.049,0.84671,0.84692,1.15,1.20
2014.01.24 13:25:27.920,0.84672,0.84689,1.00,1.18
2014.01.24 13:25:28.758,0.84672,0.84689,1.00,1.20
2014.01.24 13:25:28.974,0.84668,0.84689,1.28,1.10
2014.01.24 13:25:29.187,0.84672,0.84689,1.00,1.10
2014.01.24 13:25:29.707,0.84672,0.84687,1.00,1.50
2014.01.24 13:25:29.858,0.84664,0.84685,1.45,1.08
2014.01.24 13:25:29.909,0.84664,0.84685,1.55,1.00
2014.01.24 13:25:29.959,0.84664,0.84685,1.55,1.08
2014.01.24 13:25:30.010,0.84664,0.84685,1.18,1.65
2014.01.24 13:25:30.060,0.84664,0.84685,1.10,3.83
2014.01.24 13:25:31.580,0.84666,0.84685,1.00,3.83
2014.01.24 13:25:31.798,0.84662,0.84683,1.48,1.15
2014.01.24 13:25:32.569,0.84667,0.84683,1.00,1.15
2014.01.24 13:25:33.674,0.84667,0.84683,1.00,1.15
2014.01.24 13:25:33.978,0.84667,0.84679,1.00,1.00
2014.01.24 13:25:34.129,0.84662,0.84679,1.38,1.00
2014.01.24 13:25:34.180,0.84662,0.84683,1.50,1.28
2014.01.24 13:25:34.341,0.84662,0.84683,1.65,1.20
2014.01.24 13:25:34.648,0.84667,0.84683,1.00,1.10
2014.01.24 13:25:35.380,0.84667,0.84683,1.08,1.00
2014.01.24 13:25:35.881,0.84667,0.84683,1.10,1.00
2014.01.24 13:25:36.862,0.84664,0.84683,1.18,1.00
2014.01.24 13:25:37.064,0.84662,0.84683,2.03,1.00
2014.01.24 13:25:37.600,0.84663,0.84686,1.48,1.15
2014.01.24 13:25:37.650,0.84666,0.84686,1.00,1.15
2014.01.24 13:25:38.099,0.84666,0.84686,1.10,1.10
2014.01.24 13:25:38.200,0.84676,0.84686,1.00,1.00
2014.01.24 13:25:38.301,0.84676,0.8469,1.00,1.08
2014.01.24 13:25:38.502,0.84676,0.84693,1.00,1.08
2014.01.24 13:25:38.553,0.84672,0.84693,1.15,1.00
2014.01.24 13:25:38.603,0.84672,0.84693,1.58,1.08
2014.01.24 13:25:38.969,0.84672,0.84693,3.08,1.00
2014.01.24 13:25:39.478,0.84672,0.84693,1.15,1.00
2014.01.24 13:25:40.148,0.84672,0.84693,1.15,1.00
2014.01.24 13:25:40.573,0.84672,0.84693,1.15,1.00
2014.01.24 13:25:43.338,0.84675,0.84696,1.18,1.10
2014.01.24 13:25:43.540,0.84681,0.847,1.15,1.38
2014.01.24 13:25:44.076,0.84681,0.84701,1.53,1.00
2014.01.24 13:25:44.227,0.84686,0.84705,1.00,1.20
2014.01.24 13:25:44.429,0.84688,0.84705,1.00,1.20
2014.01.24 13:25:44.873,0.84689,0.84707,2.33,1.00
2014.01.24 13:25:45.282,0.84692,0.84707,2.33,1.00
2014.01.24 13:25:45.333,0.84692,0.8471,2.33,1.00
2014.01.24 13:25:45.479,0.84692,0.8471,1.15,1.00
2014.01.24 13:25:45.632,0.84687,0.84707,3.08,1.00
2014.01.24 13:25:45.733,0.84687,0.84707,1.53,1.00
2014.01.24 13:25:46.263,0.84687,0.84707,1.15,1.00
2014.01.24 13:25:46.782,0.84696,0.8471,1.38,1.58
2014.01.24 13:25:46.833,0.84696,0.8471,1.38,1.00
2014.01.24 13:25:46.934,0.84697,0.84717,1.53,1.00
2014.01.24 13:25:46.985,0.84701,0.84717,1.00,1.00
2014.01.24 13:25:47.086,0.84701,0.8472,1.20,1.00
2014.01.24 13:25:47.137,0.847,0.8472,3.08,1.00
2014.01.24 13:25:47.669,0.847,0.84721,1.53,1.00
2014.01.24 13:25:48.129,0.84701,0.84721,2.70,1.00
2014.01.24 13:25:49.709,0.84701,0.84721,2.70,1.00
2014.01.24 13:25:50.058,0.847,0.84719,2.70,1.00
2014.01.24 13:25:50.577,0.84698,0.84719,1.55,1.10
2014.01.24 13:25:50.678,0.84698,0.84719,1.18,1.10
2014.01.24 13:25:50.829,0.84698,0.84719,1.20,1.08
2014.01.24 13:25:51.701,0.84697,0.84716,1.20,1.00
2014.01.24 13:25:52.135,0.84697,0.84716,3.83,1.00
2014.01.24 13:25:52.973,0.84697,0.84716,1.65,1.00
2014.01.24 13:25:53.074,0.84697,0.84716,1.15,1.00
2014.01.24 13:25:54.194,0.84697,0.84716,1.18,1.00
2014.01.24 13:25:54.245,0.847,0.84721,1.18,1.15
2014.01.24 13:25:54.333,0.847,0.84721,1.18,1.08
2014.01.24 13:25:54.384,0.84702,0.84723,1.15,1.00
2014.01.24 13:25:54.609,0.84707,0.84723,1.00,1.00
2014.01.24 13:25:54.932,0.84702,0.84722,1.20,1.00
2014.01.24 13:25:54.983,0.84702,0.84722,1.10,1.10
2014.01.24 13:25:55.193,0.84702,0.84722,1.13,1.08
2014.01.24 13:25:55.695,0.84698,0.84719,1.53,1.00
2014.01.24 13:25:58.598,0.84698,0.84719,1.53,1.00
2014.01.24 13:25:58.956,0.847,0.84721,1.28,1.15
2014.01.24 13:25:59.314,0.84702,0.84721,1.00,1.15
2014.01.24 13:25:59.417,0.84705,0.84726,1.00,1.15
2014.01.24 13:25:59.568,0.84705,0.84726,1.00,2.40
2014.01.24 13:26:00.107,0.84705,0.84726,1.00,1.15
2014.01.24 13:26:00.529,0.84705,0.84726,1.10,1.15
2014.01.24 13:26:02.401,0.84705,0.84726,1.00,1.18
2014.01.24 13:26:02.595,0.84708,0.84727,1.00,1.15
2014.01.24 13:26:03.262,0.84708,0.84726,1.00,1.15
2014.01.24 13:26:03.887,0.84708,0.84726,1.00,1.15
2014.01.24 13:26:05.681,0.84705,0.84728,1.00,1.15
2014.01.24 13:26:05.731,0.84705,0.84725,1.00,1.15
2014.01.24 13:26:06.113,0.84702,0.84722,1.00,1.15
2014.01.24 13:26:06.164,0.84702,0.84722,1.00,1.15
2014.01.24 13:26:06.617,0.84702,0.84724,1.00,1.15
2014.01.24 13:26:08.040,0.84702,0.8472,1.00,1.15
2014.01.24 13:26:08.090,0.847,0.8472,1.00,1.15
2014.01.24 13:26:08.141,0.847,0.84719,1.00,2.33
2014.01.24 13:26:09.578,0.847,0.84722,1.00,1.65
2014.01.24 13:26:10.594,0.84702,0.84722,1.00,1.15
2014.01.24 13:26:12.284,0.84702,0.84723,1.00,1.65
2014.01.24 13:26:12.862,0.84702,0.84723,1.00,1.15
2014.01.24 13:26:13.990,0.84702,0.84723,1.00,1.65
2014.01.24 13:26:14.420,0.84702,0.84722,1.00,2.33
2014.01.24 13:26:14.847,0.84702,0.84723,1.00,1.65
2014.01.24 13:26:15.225,0.84702,0.84722,1.00,2.33
2014.01.24 13:26:16.474,0.84702,0.84721,1.00,2.33
2014.01.24 13:26:16.626,0.84702,0.84723,1.00,6.00
2014.01.24 13:26:19.290,0.84702,0.84724,1.00,2.33
2014.01.24 13:26:19.391,0.84706,0.84724,1.00,2.33
2014.01.24 13:26:21.162,0.84702,0.84724,1.00,3.08
2014.01.24 13:26:21.414,0.84698,0.84721,1.10,1.15
2014.01.24 13:26:21.756,0.84698,0.84721,1.53,1.15
2014.01.24 13:26:21.857,0.84704,0.84726,1.00,2.33
2014.01.24 13:26:21.976,0.84704,0.84727,1.10,1.15
2014.01.24 13:26:24.604,0.84703,0.84724,1.13,1.15
2014.01.24 13:26:25.240,0.84703,0.84724,1.13,1.15
2014.01.24 13:26:25.391,0.84703,0.84724,1.13,3.83
2014.01.24 13:26:26.425,0.84697,0.84718,1.53,1.00
2014.01.24 13:26:26.677,0.84697,0.84718,1.38,1.18
2014.01.24 13:26:26.806,0.84697,0.84718,1.38,3.08
2014.01.24 13:26:27.016,0.84693,0.84716,1.00,1.15
2014.01.24 13:26:27.517,0.84691,0.84714,2.78,1.15
2014.01.24 13:26:27.567,0.84691,0.84714,2.78,1.08
2014.01.24 13:26:28.108,0.84691,0.84714,4.95,1.10
2014.01.24 13:26:30.619,0.84695,0.84716,1.15,1.08
2014.01.24 13:26:30.670,0.84695,0.84716,1.15,1.10
2014.01.24 13:26:31.229,0.84695,0.84716,3.08,1.00
2014.01.24 13:26:34.297,0.84698,0.84721,1.15,1.18
2014.01.24 13:26:45.548,0.84698,0.84721,1.18,1.15
2014.01.24 13:26:48.469,0.84698,0.84721,1.15,1.20
2014.01.24 13:26:48.917,0.84698,0.84721,1.15,1.15
2014.01.24 13:26:49.357,0.84698,0.84721,1.15,1.08
2014.01.24 13:27:00.351,0.84701,0.84722,1.15,1.10
2014.01.24 13:27:00.502,0.84704,0.84725,1.65,1.00
2014.01.24 13:27:00.675,0.84704,0.84725,3.83,1.00
2014.01.24 13:27:00.726,0.84706,0.84727,1.15,1.00
2014.01.24 13:27:03.846,0.84706,0.84727,1.65,1.00
2014.01.24 13:27:06.318,0.84707,0.8473,1.15,1.00
2014.01.24 13:27:09.206,0.84708,0.8473,2.33,1.00
2014.01.24 13:27:09.509,0.84712,0.84732,1.15,1.00
2014.01.24 13:27:10.628,0.84713,0.84736,1.15,1.00
2014.01.24 13:27:11.502,0.84714,0.84736,3.08,1.00
2014.01.24 13:27:13.149,0.84716,0.84736,2.33,1.00
2014.01.24 13:27:13.251,0.84718,0.84739,1.15,1.00
2014.01.24 13:27:13.482,0.84716,0.84739,1.15,1.00
2014.01.24 13:27:14.772,0.84717,0.84739,3.08,1.00
2014.01.24 13:27:15.139,0.8472,0.84741,1.65,1.00
2014.01.24 13:27:15.592,0.8472,0.84741,1.15,1.20
2014.01.24 13:27:18.322,0.8472,0.84741,1.18,1.18
2014.01.24 13:27:18.730,0.8472,0.84741,1.15,1.10
2014.01.24 13:27:19.410,0.8472,0.84741,1.15,1.00
2014.01.24 13:27:19.907,0.8472,0.84738,1.15,1.00
2014.01.24 13:27:20.210,0.84712,0.84734,1.50,2.33
2014.01.24 13:27:20.312,0.84712,0.84735,1.15,1.20
2014.01.24 13:27:20.738,0.84713,0.84735,2.33,1.10
2014.01.24 13:27:22.316,0.84712,0.84735,1.15,1.00
2014.01.24 13:27:24.828,0.84716,0.84737,1.20,1.15
2014.01.24 13:27:24.929,0.84716,0.84737,1.15,1.00
2014.01.24 13:27:25.899,0.84716,0.84737,3.08,1.00
2014.01.24 13:27:26.152,0.84718,0.84741,1.15,1.08
2014.01.24 13:27:26.327,0.8472,0.84743,1.08,1.08
2014.01.24 13:27:26.849,0.8472,0.84743,1.15,1.18
2014.01.24 13:27:28.657,0.8472,0.84743,1.20,1.15
2014.01.24 13:27:30.476,0.8472,0.84743,1.15,1.20
2014.01.24 13:27:31.241,0.8472,0.84743,1.15,1.18
2014.01.24 13:27:31.815,0.8472,0.84743,1.15,1.15
2014.01.24 13:27:34.295,0.84718,0.84741,1.08,1.18
2014.01.24 13:27:34.346,0.84718,0.84741,1.10,1.15
2014.01.24 13:27:34.906,0.84713,0.84733,3.45,1.00
2014.01.24 13:27:35.110,0.84713,0.84734,1.28,1.65
2014.01.24 13:27:35.465,0.84713,0.84734,1.13,3.08
2014.01.24 13:27:36.458,0.84713,0.84734,1.13,1.15
2014.01.24 13:27:41.148,0.8471,0.84731,1.15,1.18
2014.01.24 13:27:41.450,0.84707,0.84724,2.33,1.00
2014.01.24 13:27:41.602,0.84703,0.84724,1.08,1.18
2014.01.24 13:27:42.038,0.84703,0.84724,1.15,1.00
2014.01.24 13:27:42.088,0.84703,0.84724,1.08,1.08
2014.01.24 13:27:42.189,0.84703,0.84724,1.00,1.15
2014.01.24 13:27:42.240,0.84703,0.84724,1.53,1.18
2014.01.24 13:27:47.713,0.84702,0.84723,3.08,1.13
2014.01.24 13:27:48.035,0.84704,0.84725,1.15,1.00
2014.01.24 13:27:48.692,0.84704,0.84725,1.15,1.10
2014.01.24 13:27:49.130,0.84702,0.84723,2.33,1.00
2014.01.24 13:27:49.238,0.84704,0.84725,1.00,1.15
2014.01.24 13:27:49.895,0.847,0.84723,1.53,1.18
2014.01.24 13:27:50.003,0.847,0.84723,1.53,1.18
2014.01.24 13:27:51.647,0.847,0.84719,1.55,1.00
2014.01.24 13:27:51.697,0.847,0.84719,1.08,1.08
2014.01.24 13:27:52.201,0.847,0.84719,1.10,1.10
2014.01.24 13:27:52.403,0.84698,0.84719,1.10,2.03
2014.01.24 13:27:52.800,0.84695,0.84713,1.20,1.10
2014.01.24 13:27:53.441,0.84695,0.84713,1.48,1.10
2014.01.24 13:27:53.770,0.84695,0.84713,1.38,1.15
2014.01.24 13:27:54.516,0.84695,0.84713,1.38,1.15
2014.01.24 13:27:55.035,0.84695,0.84714,1.13,2.33
2014.01.24 13:27:55.338,0.84707,0.84725,1.08,1.08
2014.01.24 13:27:55.388,0.84701,0.84721,1.88,1.18
2014.01.24 13:27:55.439,0.847,0.84721,1.53,2.40
2014.01.24 13:27:55.489,0.84697,0.84716,3.08,1.13
2014.01.24 13:27:55.594,0.84697,0.84716,1.18,1.88
2014.01.24 13:27:55.645,0.84697,0.84716,1.08,1.58
2014.01.24 13:27:55.947,0.84697,0.84712,1.00,1.15
2014.01.24 13:27:56.150,0.84693,0.84714,1.38,1.15
2014.01.24 13:27:56.202,0.84693,0.84714,1.38,1.15
2014.01.24 13:27:56.303,0.84699,0.8472,1.13,1.15
2014.01.24 13:27:56.354,0.84699,0.8472,1.20,1.15
2014.01.24 13:27:56.454,0.84699,0.8472,1.00,1.08
2014.01.24 13:27:56.971,0.84699,0.8472,1.48,1.65
2014.01.24 13:27:59.737,0.84699,0.8472,1.45,1.18
2014.01.24 13:27:59.788,0.84701,0.84724,1.00,1.15
2014.01.24 13:27:59.996,0.84701,0.84722,1.00,2.33
2014.01.24 13:28:03.295,0.84698,0.84721,1.13,1.15
2014.01.24 13:28:03.345,0.84698,0.8472,1.13,2.33
2014.01.24 13:28:03.648,0.84695,0.84715,1.38,1.15
2014.01.24 13:28:03.967,0.84698,0.84715,1.00,2.33
2014.01.24 13:28:04.226,0.84698,0.84717,1.00,2.33
2014.01.24 13:28:04.277,0.84698,0.84719,1.00,1.65
2014.01.24 13:28:04.808,0.84695,0.84716,1.58,1.15
2014.01.24 13:28:05.216,0.84695,0.84716,1.48,1.15
2014.01.24 13:28:05.539,0.84695,0.84715,1.00,1.15
2014.01.24 13:28:06.070,0.84695,0.84715,1.38,1.15
2014.01.24 13:28:06.592,0.84695,0.84715,1.13,1.15
2014.01.24 13:28:08.672,0.84692,0.84715,1.38,1.15
2014.01.24 13:28:09.184,0.84692,0.84715,1.38,1.15
2014.01.24 13:28:10.083,0.84692,0.84715,1.45,1.15
2014.01.24 13:28:10.134,0.84692,0.84715,1.53,1.15
2014.01.24 13:28:11.247,0.84692,0.84715,1.53,1.15
2014.01.24 13:28:11.557,0.84692,0.84715,1.20,1.15
2014.01.24 13:28:13.127,0.84692,0.84715,1.45,1.15
2014.01.24 13:28:14.226,0.84692,0.84715,1.20,1.15
2014.01.24 13:28:15.877,0.84692,0.84715,1.45,1.15
2014.01.24 13:28:16.975,0.84692,0.84715,1.20,1.15
2014.01.24 13:28:20.625,0.84692,0.84715,1.45,1.15
2014.01.24 13:28:22.166,0.84692,0.84715,1.45,1.15
2014.01.24 13:28:24.146,0.84692,0.84715,1.45,1.15
2014.01.24 13:28:24.696,0.84692,0.84715,1.20,1.15
2014.01.24 13:28:29.008,0.84692,0.84715,1.45,1.15
2014.01.24 13:28:29.656,0.84692,0.84715,1.53,1.15
2014.01.24 13:28:30.196,0.84695,0.84716,1.48,1.15
2014.01.24 13:28:31.186,0.84695,0.84716,1.48,1.15
2014.01.24 13:28:31.565,0.84695,0.84716,1.55,1.10
2014.01.24 13:28:31.740,0.84695,0.84716,1.28,1.08
2014.01.24 13:28:32.266,0.84695,0.84716,1.28,1.00
2014.01.24 13:28:32.581,0.84693,0.84714,1.53,1.00
2014.01.24 13:28:32.894,0.84693,0.84714,1.53,1.20
2014.01.24 13:28:33.940,0.84693,0.84714,1.20,1.18
2014.01.24 13:28:34.484,0.84693,0.84714,1.00,1.18
2014.01.24 13:28:36.302,0.84693,0.84714,1.38,1.18
2014.01.24 13:28:37.012,0.84693,0.84714,1.55,1.10
2014.01.24 13:28:37.416,0.84696,0.84714,1.00,1.10
2014.01.24 13:28:40.595,0.84693,0.84714,1.18,1.10
2014.01.24 13:28:46.045,0.84693,0.84714,1.55,1.10
2014.01.24 13:28:46.146,0.84696,0.84716,1.15,1.00
2014.01.24 13:28:46.348,0.847,0.84723,1.20,1.15
2014.01.24 13:28:46.885,0.847,0.84723,1.28,1.18
2014.01.24 13:28:49.513,0.84704,0.84725,1.10,1.15
2014.01.24 13:28:50.016,0.84704,0.84725,1.20,1.15
2014.01.24 13:28:50.340,0.84704,0.84725,1.15,1.10
2014.01.24 13:28:50.542,0.84706,0.84729,1.15,1.28
2014.01.24 13:28:54.537,0.84706,0.84729,1.45,1.18
2014.01.24 13:28:55.592,0.84706,0.84729,1.38,1.15
2014.01.24 13:28:56.095,0.84706,0.84729,1.15,1.15
2014.01.24 13:28:58.485,0.84706,0.84729,1.08,1.15
2014.01.24 13:28:58.853,0.84706,0.84727,1.00,1.15
2014.01.24 13:28:59.359,0.84706,0.84727,1.00,1.15
2014.01.24 13:29:00.741,0.84703,0.84726,1.55,1.15
2014.01.24 13:29:01.264,0.84703,0.84726,1.55,1.15
2014.01.24 13:29:01.807,0.84705,0.84728,1.00,1.15
2014.01.24 13:29:03.765,0.84705,0.84725,1.00,1.15
2014.01.24 13:29:05.554,0.84705,0.84725,1.00,4.50
2014.01.24 13:29:05.655,0.84703,0.84724,1.00,1.15
2014.01.24 13:29:06.211,0.84703,0.84722,1.00,3.08
2014.01.24 13:29:06.726,0.847,0.84721,1.00,1.15
2014.01.24 13:29:07.482,0.847,0.84721,1.00,3.83
2014.01.24 13:29:10.346,0.84697,0.8472,1.10,1.15
2014.01.24 13:29:10.879,0.84697,0.84719,1.00,1.28
2014.01.24 13:29:12.548,0.84697,0.84717,1.00,1.15
2014.01.24 13:29:14.556,0.84695,0.84716,1.00,1.15
2014.01.24 13:29:15.096,0.84695,0.84716,1.15,1.00
2014.01.24 13:29:15.694,0.84695,0.84716,1.00,1.15
2014.01.24 13:29:16.302,0.84697,0.84716,1.00,1.15
2014.01.24 13:29:16.604,0.84706,0.84728,1.00,3.08
2014.01.24 13:29:16.655,0.84703,0.84726,1.10,1.15
2014.01.24 13:29:16.908,0.84703,0.84725,1.50,3.45
2014.01.24 13:29:19.965,0.84703,0.84726,1.10,1.53
2014.01.24 13:29:21.031,0.84703,0.84725,1.00,2.33
2014.01.24 13:29:22.597,0.84707,0.84725,1.00,2.33
2014.01.24 13:29:22.699,0.84712,0.84726,1.00,1.00
2014.01.24 13:29:22.809,0.84712,0.8473,1.10,1.38
2014.01.24 13:29:22.964,0.84712,0.8473,1.20,1.13
2014.01.24 13:29:23.134,0.84712,0.8473,1.15,1.38
2014.01.24 13:29:23.464,0.84709,0.8473,1.15,1.95
2014.01.24 13:29:23.565,0.84707,0.84727,1.10,1.53
2014.01.24 13:29:24.094,0.84706,0.84727,1.00,2.03
2014.01.24 13:29:24.784,0.84704,0.84725,1.28,1.15
2014.01.24 13:29:24.985,0.847,0.84721,1.28,1.10
2014.01.24 13:29:25.138,0.847,0.84721,1.20,1.15
2014.01.24 13:29:25.450,0.84702,0.84721,1.00,1.15
2014.01.24 13:29:25.874,0.847,0.84721,1.28,1.15
2014.01.24 13:29:29.725,0.84696,0.84719,1.53,1.00
2014.01.24 13:29:29.876,0.84696,0.84719,1.28,1.18
2014.01.24 13:29:30.151,0.84695,0.84716,1.28,1.00
2014.01.24 13:29:30.572,0.84695,0.84716,1.13,1.15
2014.01.24 13:29:31.176,0.84695,0.84716,1.13,3.08
2014.01.24 13:29:31.705,0.84695,0.84716,1.38,3.08
2014.01.24 13:29:32.266,0.84695,0.84716,1.00,3.08
2014.01.24 13:29:32.925,0.84695,0.84716,1.38,3.08
2014.01.24 13:29:33.447,0.84697,0.84716,1.00,3.08
2014.01.24 13:29:33.755,0.84707,0.84716,1.00,3.08
2014.01.24 13:29:33.857,0.84711,0.84719,1.00,1.15
2014.01.24 13:29:34.018,0.84702,0.84721,1.00,2.70
2014.01.24 13:29:34.124,0.84706,0.84721,1.00,2.33
2014.01.24 13:29:34.495,0.84706,0.84723,1.00,5.25
2014.01.24 13:29:36.247,0.84702,0.84723,1.38,5.25
2014.01.24 13:29:36.567,0.84707,0.84723,1.00,1.15
2014.01.24 13:29:37.514,0.84707,0.84723,1.00,1.15
2014.01.24 13:29:38.303,0.84711,0.84723,1.00,1.15
2014.01.24 13:29:38.505,0.84711,0.84727,1.38,1.10
2014.01.24 13:29:38.707,0.84706,0.84727,2.40,1.00
2014.01.24 13:29:38.995,0.84706,0.84727,1.95,1.45
2014.01.24 13:29:39.444,0.84706,0.84727,1.95,1.53
2014.01.24 13:29:39.966,0.84706,0.84725,1.10,1.53
2014.01.24 13:29:40.168,0.84702,0.84723,1.00,1.15
2014.01.24 13:29:40.378,0.84702,0.84723,1.08,1.08
2014.01.24 13:29:40.530,0.84711,0.84725,1.00,1.13
2014.01.24 13:29:40.631,0.84705,0.84726,1.28,1.48
2014.01.24 13:29:40.732,0.84702,0.84723,1.20,1.15
2014.01.24 13:29:40.833,0.84702,0.84723,1.00,1.15
2014.01.24 13:29:42.243,0.84702,0.84722,1.38,1.15
2014.01.24 13:29:42.745,0.84702,0.84722,1.38,1.28
2014.01.24 13:29:42.962,0.84707,0.84723,1.00,3.45
2014.01.24 13:29:43.013,0.84707,0.84723,1.13,1.15
2014.01.24 13:29:43.525,0.84707,0.84723,1.13,3.08
2014.01.24 13:29:44.701,0.84706,0.84723,1.38,3.08
2014.01.24 13:29:45.054,0.84717,0.84726,1.00,1.00
2014.01.24 13:29:45.155,0.84709,0.84726,2.70,1.00
2014.01.24 13:29:45.307,0.84706,0.84726,1.53,1.38
2014.01.24 13:29:45.758,0.84707,0.84726,1.10,1.55
2014.01.24 13:29:45.809,0.84707,0.84722,1.10,1.00
2014.01.24 13:29:47.126,0.84716,0.84722,1.00,1.00
2014.01.24 13:29:47.228,0.84716,0.84725,1.00,1.38
2014.01.24 13:29:47.480,0.84712,0.84725,1.00,1.48
2014.01.24 13:29:47.531,0.84712,0.84722,1.00,1.00
2014.01.24 13:29:47.581,0.84707,0.84722,1.00,1.00
2014.01.24 13:29:51.928,0.84707,0.84722,1.00,1.08
2014.01.24 13:29:52.551,0.84707,0.84722,1.00,1.00
2014.01.24 13:29:53.064,0.84702,0.84722,1.00,1.20
2014.01.24 13:29:53.165,0.84702,0.8472,1.00,1.00
2014.01.24 13:29:54.035,0.84699,0.8472,1.15,1.00
2014.01.24 13:29:54.337,0.84696,0.84717,4.20,1.00
2014.01.24 13:29:54.873,0.84702,0.84717,1.00,1.00
2014.01.24 13:29:55.793,0.84706,0.84717,1.00,1.00
2014.01.24 13:29:56.343,0.84702,0.84717,1.00,1.00
2014.01.24 13:29:57.004,0.84697,0.84717,1.38,1.00
2014.01.24 13:29:57.291,0.84697,0.84717,1.38,1.00
2014.01.24 13:30:00.708,0.84697,0.84717,1.38,1.00
2014.01.24 13:30:00.893,0.84697,0.84717,1.38,1.00
2014.01.24 13:30:01.224,0.84697,0.84717,1.38,1.00
2014.01.24 13:30:01.771,0.84697,0.84717,1.38,1.00
2014.01.24 13:30:02.658,0.84697,0.84717,1.38,1.00
2014.01.24 13:30:02.709,0.847,0.84721,1.38,1.13
2014.01.24 13:30:02.810,0.847,0.84721,1.00,1.38
2014.01.24 13:30:02.862,0.84698,0.84721,1.00,1.38
2014.01.24 13:30:02.963,0.84706,0.84724,1.00,2.25
2014.01.24 13:30:03.064,0.84704,0.84725,1.00,1.50
2014.01.24 13:30:03.165,0.84708,0.84729,1.00,1.38
2014.01.24 13:30:03.317,0.84722,0.84733,1.00,1.13
2014.01.24 13:30:03.477,0.84722,0.84735,1.00,1.00
2014.01.24 13:30:03.679,0.84722,0.84738,1.00,1.00
2014.01.24 13:30:04.196,0.84717,0.84738,1.00,1.00
2014.01.24 13:30:04.486,0.84717,0.84738,1.38,1.00
2014.01.24 13:30:05.918,0.84717,0.84738,1.13,1.00
2014.01.24 13:30:06.329,0.84722,0.84745,1.00,1.38
2014.01.24 13:30:06.632,0.84731,0.84749,1.00,1.00
2014.01.24 13:30:06.682,0.84732,0.84754,1.00,1.50
2014.01.24 13:30:06.733,0.84737,0.84754,1.00,1.00
2014.01.24 13:30:06.784,0.84737,0.84758,1.00,1.38
2014.01.24 13:30:06.885,0.84741,0.84762,1.00,1.38
2014.01.24 13:30:06.935,0.84741,0.84762,1.00,1.00
2014.01.24 13:30:08.228,0.84741,0.84762,1.38,1.00
2014.01.24 13:30:08.279,0.84744,0.84765,1.38,1.00
2014.01.24 13:30:08.380,0.84758,0.84772,1.00,1.00
2014.01.24 13:30:08.531,0.84753,0.84776,1.00,1.38
2014.01.24 13:30:08.735,0.84756,0.84779,1.00,1.50
2014.01.24 13:30:08.937,0.84758,0.84781,1.00,1.50
2014.01.24 13:30:09.415,0.84754,0.84786,1.00,1.00
2014.01.24 13:30:11.186,0.84754,0.84778,1.00,1.00
2014.01.24 13:30:11.495,0.84759,0.84778,1.00,1.00
2014.01.24 13:30:11.596,0.84759,0.8478,1.00,1.00
2014.01.24 13:30:13.200,0.84759,0.8478,1.38,1.00
2014.01.24 13:30:15.628,0.84759,0.8478,1.00,1.00
2014.01.24 13:30:15.679,0.84757,0.84778,1.00,1.00
2014.01.24 13:30:15.881,0.84753,0.84776,1.13,1.00
2014.01.24 13:30:17.089,0.84753,0.84776,1.20,1.10
2014.01.24 13:30:17.804,0.84753,0.84776,1.08,1.18
2014.01.24 13:30:17.855,0.84753,0.84776,1.10,1.15
2014.01.24 13:30:17.905,0.84753,0.84776,1.18,1.15
2014.01.24 13:30:18.169,0.84753,0.84776,1.53,1.00
2014.01.24 13:30:18.777,0.84753,0.84776,1.53,1.08
2014.01.24 13:30:19.395,0.84753,0.84776,1.28,1.15
2014.01.24 13:30:22.686,0.84756,0.84776,1.08,1.08
2014.01.24 13:30:23.215,0.84755,0.84776,1.15,1.00
2014.01.24 13:30:24.146,0.84756,0.84776,3.45,1.00
2014.01.24 13:30:24.655,0.84757,0.84778,1.28,1.00
2014.01.24 13:30:26.716,0.84757,0.84778,1.13,1.00
2014.01.24 13:30:27.014,0.84757,0.84778,1.20,1.00
2014.01.24 13:30:27.332,0.84759,0.84778,1.15,1.00
2014.01.24 13:30:27.748,0.84757,0.84778,1.15,1.00
2014.01.24 13:30:28.101,0.84758,0.84778,1.15,1.00
2014.01.24 13:30:28.598,0.8476,0.84778,1.15,1.00
2014.01.24 13:30:29.175,0.8476,0.84778,1.15,1.00
2014.01.24 13:30:29.703,0.84759,0.84778,1.15,1.00
2014.01.24 13:30:30.546,0.84757,0.84778,1.15,1.00
2014.01.24 13:30:30.873,0.84757,0.84778,1.18,1.18
2014.01.24 13:30:31.330,0.84757,0.84778,1.15,1.00
2014.01.24 13:30:33.175,0.84757,0.84778,1.15,1.00
2014.01.24 13:30:33.791,0.84757,0.84778,1.15,1.10
2014.01.24 13:30:34.661,0.84757,0.84778,1.15,1.10
2014.01.24 13:30:35.193,0.84757,0.84778,1.18,1.10
2014.01.24 13:30:35.244,0.84757,0.84778,1.18,1.18
2014.01.24 13:30:36.145,0.84753,0.84776,3.45,1.00
2014.01.24 13:30:36.196,0.84753,0.84768,3.00,1.00
2014.01.24 13:30:36.246,0.8475,0.84768,1.15,1.00
2014.01.24 13:30:36.347,0.8475,0.84768,1.10,1.00
2014.01.24 13:30:36.499,0.84748,0.84768,1.10,1.00
2014.01.24 13:30:36.549,0.84748,0.84768,1.00,1.15
2014.01.24 13:30:40.095,0.84748,0.84763,1.00,1.00
2014.01.24 13:30:40.397,0.84737,0.84756,2.03,2.70
2014.01.24 13:30:40.700,0.84734,0.84755,1.00,1.13
2014.01.24 13:30:41.586,0.84741,0.84755,1.00,1.13
2014.01.24 13:30:41.687,0.84741,0.84757,1.00,1.15
2014.01.24 13:30:41.788,0.84741,0.84758,1.00,1.18
2014.01.24 13:30:41.889,0.84737,0.84758,1.45,1.20
2014.01.24 13:30:41.990,0.84741,0.8476,1.38,2.03
2014.01.24 13:30:43.044,0.84741,0.84762,1.95,1.65
2014.01.24 13:30:43.245,0.84739,0.84759,1.18,1.48
2014.01.24 13:30:43.786,0.84739,0.84759,1.00,1.15
2014.01.24 13:30:45.565,0.84739,0.84754,1.00,1.00
2014.01.24 13:30:45.868,0.84732,0.84748,1.00,2.03
2014.01.24 13:30:46.221,0.84722,0.84742,1.10,1.15
2014.01.24 13:30:46.795,0.84719,0.84742,1.18,1.15
2014.01.24 13:30:46.976,0.84719,0.84742,1.15,1.08
2014.01.24 13:30:47.873,0.84718,0.84737,2.33,1.00
2014.01.24 13:30:47.974,0.84716,0.84737,2.33,1.00
2014.01.24 13:30:48.025,0.84716,0.84734,2.33,1.00
2014.01.24 13:30:48.132,0.84713,0.84734,2.33,1.00
2014.01.24 13:30:48.238,0.84712,0.84734,1.15,1.08
2014.01.24 13:30:49.627,0.84721,0.84734,1.00,1.08
2014.01.24 13:30:50.209,0.84721,0.84734,1.00,1.00
2014.01.24 13:30:50.310,0.84717,0.84734,1.00,1.00
2014.01.24 13:30:50.952,0.84713,0.84734,1.15,1.00
2014.01.24 13:30:51.677,0.84717,0.84734,1.00,1.00
2014.01.24 13:30:52.333,0.84713,0.84734,1.15,1.00
2014.01.24 13:30:52.630,0.84711,0.84732,1.15,1.00
2014.01.24 13:30:52.933,0.84707,0.84728,1.65,1.00
2014.01.24 13:30:53.345,0.84707,0.84728,1.18,1.10
2014.01.24 13:30:53.396,0.84707,0.84728,1.20,1.20
2014.01.24 13:30:54.244,0.84707,0.84728,1.18,1.20
2014.01.24 13:30:54.575,0.84707,0.84728,1.00,1.15
2014.01.24 13:30:54.687,0.84703,0.84724,1.15,1.00
2014.01.24 13:30:55.044,0.84703,0.84724,1.15,1.00
2014.01.24 13:30:55.413,0.84703,0.84724,1.15,1.00
2014.01.24 13:30:56.031,0.84703,0.84724,2.03,1.00
2014.01.24 13:30:56.658,0.84703,0.84724,3.83,1.00
2014.01.24 13:30:57.835,0.84703,0.84724,1.65,1.00
2014.01.24 13:30:58.203,0.84706,0.84728,1.55,1.08
2014.01.24 13:30:58.304,0.84709,0.84732,1.28,1.18
2014.01.24 13:30:58.519,0.84711,0.84734,1.65,1.08
2014.01.24 13:30:58.620,0.84711,0.84734,3.08,1.00
2014.01.24 13:30:58.671,0.84711,0.84734,3.08,1.08
2014.01.24 13:30:58.721,0.84714,0.84735,1.00,1.15
2014.01.24 13:30:59.503,0.84714,0.84735,1.10,1.10
2014.01.24 13:31:00.395,0.84714,0.84735,1.00,1.15
2014.01.24 13:31:00.749,0.84714,0.84735,1.10,1.10
2014.01.24 13:31:00.799,0.84714,0.84735,1.10,1.08
2014.01.24 13:31:01.051,0.84711,0.84734,1.10,1.15
2014.01.24 13:31:01.152,0.84711,0.84734,1.10,3.08
2014.01.24 13:31:01.253,0.84711,0.84734,1.08,1.15
2014.01.24 13:31:01.354,0.84711,0.84734,1.15,1.15
2014.01.24 13:31:01.863,0.84711,0.84734,1.65,1.08
2014.01.24 13:31:02.165,0.84711,0.84731,1.00,1.15
2014.01.24 13:31:02.357,0.84711,0.84731,1.38,1.18
2014.01.24 13:31:02.725,0.84711,0.84731,1.48,1.08
2014.01.24 13:31:03.810,0.84711,0.84731,1.55,1.00
2014.01.24 13:31:04.315,0.84712,0.84732,1.45,1.10
2014.01.24 13:31:04.456,0.84712,0.84732,1.20,1.10
2014.01.24 13:31:04.886,0.84716,0.84732,1.00,1.10
2014.01.24 13:31:05.239,0.84712,0.84733,2.03,1.18
2014.01.24 13:31:05.705,0.84712,0.84733,2.03,1.08
2014.01.24 13:31:06.530,0.84712,0.84733,2.03,1.00
2014.01.24 13:31:07.456,0.84712,0.84733,2.03,1.00
2014.01.24 13:31:07.771,0.84712,0.84733,2.03,1.00
2014.01.24 13:31:07.886,0.84716,0.84737,1.38,1.15
2014.01.24 13:31:08.116,0.84717,0.8474,1.53,1.15
2014.01.24 13:31:08.765,0.84717,0.8474,1.53,1.15
2014.01.24 13:31:08.815,0.84717,0.84731,1.45,1.13
2014.01.24 13:31:08.917,0.84716,0.84731,1.00,2.10
2014.01.24 13:31:08.967,0.84713,0.84722,1.08,1.00
2014.01.24 13:31:09.119,0.84701,0.84722,2.48,1.00
2014.01.24 13:31:09.270,0.84701,0.84722,2.03,1.15
2014.01.24 13:31:09.572,0.84701,0.84722,1.48,3.08
2014.01.24 13:31:10.138,0.84701,0.84722,1.00,3.83
2014.01.24 13:31:11.478,0.84696,0.84714,1.08,1.08
2014.01.24 13:31:11.599,0.84691,0.8471,1.08,1.10
2014.01.24 13:31:11.700,0.84687,0.84706,1.95,1.00
2014.01.24 13:31:11.751,0.84685,0.84706,1.53,1.10
2014.01.24 13:31:12.106,0.84689,0.8471,1.38,1.15
2014.01.24 13:31:12.406,0.84689,0.8471,1.55,1.15
2014.01.24 13:31:12.558,0.84689,0.8471,1.55,1.15
2014.01.24 13:31:12.659,0.84685,0.84708,3.08,1.40
2014.01.24 13:31:12.709,0.84685,0.84705,2.33,1.00
2014.01.24 13:31:12.861,0.84682,0.84704,1.13,3.08
2014.01.24 13:31:13.374,0.8468,0.84703,1.45,1.15
2014.01.24 13:31:13.525,0.8468,0.84703,1.58,1.15
2014.01.24 13:31:13.988,0.8468,0.84703,1.20,1.15
2014.01.24 13:31:14.345,0.8468,0.84703,1.10,1.15
2014.01.24 13:31:14.554,0.8468,0.84703,1.20,1.15
2014.01.24 13:31:15.100,0.8468,0.84703,1.10,3.08
2014.01.24 13:31:16.446,0.8468,0.84701,1.00,2.33
2014.01.24 13:31:17.150,0.8468,0.84702,1.00,1.15
2014.01.24 13:31:18.085,0.8468,0.84703,1.10,1.65
2014.01.24 13:31:18.362,0.8468,0.84703,1.08,1.15
2014.01.24 13:31:18.957,0.84682,0.84703,1.15,1.10
2014.01.24 13:31:19.290,0.84682,0.84703,1.18,1.28
2014.01.24 13:31:19.594,0.84677,0.84698,1.50,1.18
2014.01.24 13:31:19.745,0.84671,0.84694,3.08,1.00
2014.01.24 13:31:20.064,0.84671,0.84694,1.15,1.08
2014.01.24 13:31:20.366,0.84674,0.84694,1.15,1.00
2014.01.24 13:31:22.278,0.84674,0.84697,1.65,1.00
2014.01.24 13:31:23.145,0.84678,0.84701,1.20,1.15
2014.01.24 13:31:23.247,0.84681,0.84703,1.18,1.18
2014.01.24 13:31:23.650,0.84683,0.84704,2.33,1.00
2014.01.24 13:31:23.801,0.84684,0.84704,1.15,1.00
2014.01.24 13:31:24.363,0.84684,0.84706,1.15,1.15
2014.01.24 13:31:24.414,0.84684,0.84706,1.15,1.10
2014.01.24 13:31:25.309,0.84684,0.84706,1.08,1.15
2014.01.24 13:31:26.952,0.84682,0.84703,1.20,1.15
2014.01.24 13:31:27.103,0.84678,0.84699,2.40,1.00
2014.01.24 13:31:27.406,0.84678,0.84699,1.20,1.10
2014.01.24 13:31:27.535,0.84676,0.84696,1.53,1.00
2014.01.24 13:31:27.884,0.84675,0.84696,1.15,1.38
2014.01.24 13:31:28.036,0.84675,0.84695,1.10,2.55
2014.01.24 13:31:28.187,0.84673,0.84693,1.10,1.88
2014.01.24 13:31:28.782,0.84672,0.84693,1.18,1.88
2014.01.24 13:31:28.883,0.84677,0.84693,1.00,1.15
2014.01.24 13:31:29.036,0.84677,0.84693,1.00,1.00
2014.01.24 13:31:29.086,0.84677,0.84693,1.08,1.00
2014.01.24 13:31:29.757,0.84677,0.84695,1.18,1.00
2014.01.24 13:31:29.909,0.84678,0.84688,1.08,2.10
2014.01.24 13:31:30.102,0.84667,0.8468,1.50,1.13
2014.01.24 13:31:30.208,0.84664,0.8468,1.10,1.38
2014.01.24 13:31:30.716,0.84662,0.8468,1.15,1.50
2014.01.24 13:31:30.986,0.84662,0.8468,1.10,3.60
2014.01.24 13:31:31.087,0.8466,0.84679,1.15,1.35
2014.01.24 13:31:31.303,0.8466,0.84679,1.15,1.35
2014.01.24 13:31:31.451,0.8466,0.8468,3.08,3.60
2014.01.24 13:31:31.745,0.84662,0.8468,1.15,3.60
2014.01.24 13:31:32.357,0.84667,0.8468,1.00,2.85
2014.01.24 13:31:32.408,0.84667,0.84683,1.00,1.48
2014.01.24 13:31:32.660,0.84667,0.84686,1.18,1.00
2014.01.24 13:31:32.711,0.84667,0.84686,1.18,1.00
2014.01.24 13:31:33.247,0.84668,0.84686,1.15,1.00
2014.01.24 13:31:33.736,0.84671,0.84687,1.15,1.00
2014.01.24 13:31:33.787,0.84671,0.8469,1.15,1.00
2014.01.24 13:31:34.150,0.84671,0.84692,1.65,1.00
2014.01.24 13:31:34.385,0.84672,0.84691,2.33,1.00
2014.01.24 13:31:34.508,0.84671,0.84691,1.15,1.00
2014.01.24 13:31:34.913,0.84671,0.84688,1.15,1.00
2014.01.24 13:31:35.266,0.84668,0.84688,1.18,1.00
2014.01.24 13:31:35.469,0.84668,0.84688,1.15,1.00
2014.01.24 13:31:35.916,0.84676,0.84689,1.00,1.00
2014.01.24 13:31:36.118,0.84678,0.84695,1.15,1.00
2014.01.24 13:31:36.233,0.84678,0.84697,1.18,1.00
2014.01.24 13:31:37.255,0.84675,0.84696,1.65,1.00
2014.01.24 13:31:37.306,0.84675,0.84694,1.15,1.00
2014.01.24 13:31:37.357,0.84675,0.84694,1.15,1.00
2014.01.24 13:31:37.856,0.84675,0.84696,1.15,1.50
2014.01.24 13:31:37.922,0.84676,0.84696,1.15,1.50
2014.01.24 13:31:38.244,0.8468,0.84697,1.15,1.00
2014.01.24 13:31:38.295,0.8468,0.84701,1.15,1.00
2014.01.24 13:31:38.558,0.8468,0.84699,1.08,1.00
2014.01.24 13:31:38.608,0.8468,0.84699,1.00,1.00
2014.01.24 13:31:38.911,0.8468,0.84701,1.15,1.10
2014.01.24 13:31:40.849,0.84683,0.84701,2.25,1.00
2014.01.24 13:31:40.949,0.84681,0.84701,2.33,1.00
2014.01.24 13:31:41.050,0.84681,0.84701,1.15,1.00
2014.01.24 13:31:41.101,0.84681,0.84701,3.08,1.00
2014.01.24 13:31:41.202,0.84681,0.84704,3.83,1.10
2014.01.24 13:31:41.303,0.84685,0.84706,1.18,1.65
2014.01.24 13:31:41.757,0.84688,0.84709,1.18,1.00
2014.01.24 13:31:41.858,0.84687,0.84698,1.08,1.00
2014.01.24 13:31:42.060,0.84678,0.84694,1.45,1.20
2014.01.24 13:31:42.161,0.84678,0.84694,1.00,1.68
2014.01.24 13:31:42.212,0.84672,0.84692,1.15,1.88
2014.01.24 13:31:42.312,0.84672,0.84689,1.08,1.45
2014.01.24 13:31:42.859,0.84672,0.84689,1.08,1.45
2014.01.24 13:31:42.960,0.84677,0.84689,1.00,1.13
2014.01.24 13:31:43.162,0.84672,0.84692,1.20,2.03
2014.01.24 13:31:43.394,0.84676,0.84692,1.00,1.65
2014.01.24 13:31:43.495,0.84676,0.84692,1.00,1.65
2014.01.24 13:31:43.747,0.84677,0.84695,1.13,1.15
2014.01.24 13:31:43.848,0.84677,0.84695,1.13,1.15
2014.01.24 13:31:44.512,0.84677,0.84695,1.38,1.18
2014.01.24 13:31:44.777,0.84677,0.84699,1.53,1.15
2014.01.24 13:31:46.455,0.84677,0.84699,1.53,1.65
2014.01.24 13:31:48.258,0.84681,0.84699,1.38,1.08
2014.01.24 13:31:48.309,0.84681,0.84699,1.48,1.00
2014.01.24 13:31:48.360,0.84681,0.84701,1.55,1.10
2014.01.24 13:31:48.461,0.84681,0.84704,2.03,1.08
2014.01.24 13:31:49.613,0.84681,0.84704,2.03,1.65
2014.01.24 13:31:49.715,0.84681,0.84704,1.95,1.65
2014.01.24 13:31:50.017,0.84681,0.847,1.00,1.18
2014.01.24 13:31:50.554,0.84679,0.847,1.10,1.65
2014.01.24 13:31:50.847,0.84677,0.84698,1.15,1.08
2014.01.24 13:31:51.384,0.84677,0.84698,1.38,1.65
2014.01.24 13:31:51.485,0.84677,0.84698,1.55,1.58
2014.01.24 13:31:53.426,0.8468,0.84701,1.00,1.65
2014.01.24 13:31:53.527,0.8468,0.84701,1.15,1.65
2014.01.24 13:31:54.176,0.84682,0.84701,1.00,1.20
2014.01.24 13:31:55.364,0.84687,0.84704,1.00,1.15
2014.01.24 13:31:57.105,0.84681,0.84704,1.65,1.65
2014.01.24 13:31:57.217,0.84687,0.84704,1.00,1.65
2014.01.24 13:32:01.109,0.84684,0.84705,1.00,1.15
2014.01.24 13:32:01.311,0.84682,0.84703,1.00,3.08
2014.01.24 13:32:01.614,0.84679,0.847,1.20,1.18
2014.01.24 13:32:01.981,0.84677,0.84698,1.38,1.15
2014.01.24 13:32:03.365,0.84677,0.84698,1.55,1.10
2014.01.24 13:32:03.930,0.84677,0.84698,1.55,1.10
2014.01.24 13:32:04.816,0.84681,0.84698,1.38,1.00
2014.01.24 13:32:04.866,0.84681,0.84703,1.38,1.15
2014.01.24 13:32:04.917,0.84687,0.84703,1.00,1.18
2014.01.24 13:32:05.380,0.84687,0.847,1.00,1.00
2014.01.24 13:32:05.483,0.8468,0.847,4.88,1.00
2014.01.24 13:32:05.584,0.84679,0.847,1.53,1.20
2014.01.24 13:32:05.685,0.84679,0.847,1.53,1.20
2014.01.24 13:32:06.038,0.84682,0.847,1.53,1.00
2014.01.24 13:32:06.485,0.84682,0.84702,1.53,1.00
2014.01.24 13:32:08.524,0.84682,0.84702,1.53,1.00
2014.01.24 13:32:10.766,0.84687,0.84706,1.38,1.15
2014.01.24 13:32:11.120,0.84687,0.84702,1.38,1.00
2014.01.24 13:32:11.423,0.84692,0.84702,1.13,1.00
2014.01.24 13:32:11.726,0.84696,0.84707,1.00,1.08
2014.01.24 13:32:11.880,0.84696,0.84709,1.00,1.00
2014.01.24 13:32:12.031,0.84696,0.84712,1.00,1.08
2014.01.24 13:32:12.082,0.84692,0.8471,1.15,1.00
2014.01.24 13:32:12.183,0.84692,0.8471,1.20,1.00
2014.01.24 13:32:12.687,0.84691,0.84711,1.00,1.53
2014.01.24 13:32:13.198,0.84691,0.84708,1.00,1.10
2014.01.24 13:32:15.150,0.84691,0.84705,1.00,1.00
2014.01.24 13:32:15.201,0.84687,0.84705,1.00,1.00
2014.01.24 13:32:15.364,0.84687,0.84707,1.00,1.10
2014.01.24 13:32:15.616,0.84691,0.84709,1.00,2.03
2014.01.24 13:32:16.175,0.84691,0.84709,1.18,1.00
2014.01.24 13:32:16.517,0.84688,0.84709,1.00,1.65
2014.01.24 13:32:17.488,0.84688,0.84708,1.15,1.10
2014.01.24 13:32:18.347,0.84688,0.84704,1.10,1.00
2014.01.24 13:32:18.703,0.84687,0.84703,1.08,1.00
2014.01.24 13:32:18.905,0.84693,0.84713,1.08,1.08
2014.01.24 13:32:19.057,0.84692,0.84712,1.10,1.18
2014.01.24 13:32:19.108,0.84688,0.84712,3.45,1.10
2014.01.24 13:32:19.310,0.84689,0.84712,1.65,1.15
2014.01.24 13:32:19.361,0.84686,0.84706,2.33,1.00
2014.01.24 13:32:19.462,0.84684,0.84706,1.70,1.08
2014.01.24 13:32:19.564,0.84683,0.84703,1.15,1.00
2014.01.24 13:32:19.906,0.84681,0.84702,1.10,1.08
2014.01.24 13:32:20.008,0.84678,0.84701,1.08,1.53
2014.01.24 13:32:20.159,0.84675,0.84698,1.15,1.65
2014.01.24 13:32:20.260,0.84675,0.84698,1.10,1.65
2014.01.24 13:32:22.716,0.84673,0.84696,1.65,1.08
2014.01.24 13:32:23.018,0.84673,0.84696,6.00,1.00
2014.01.24 13:32:23.999,0.84673,0.84696,1.15,1.00
2014.01.24 13:32:24.301,0.84672,0.84692,1.15,1.00
2014.01.24 13:32:24.452,0.84672,0.84692,1.00,1.15
2014.01.24 13:32:25.725,0.84672,0.84686,1.00,1.00
2014.01.24 13:32:26.055,0.84667,0.84686,1.53,1.00
2014.01.24 13:32:26.739,0.84667,0.84685,1.45,1.00
2014.01.24 13:32:27.734,0.84664,0.84685,1.53,1.58
2014.01.24 13:32:28.036,0.84666,0.84683,1.48,1.00
2014.01.24 13:32:28.288,0.84672,0.84688,1.38,1.00
2014.01.24 13:32:28.667,0.84672,0.84688,1.38,1.00
2014.01.24 13:32:29.702,0.84672,0.84688,1.38,1.00
2014.01.24 13:32:29.951,0.84667,0.84688,1.08,1.08
2014.01.24 13:32:30.003,0.84667,0.84686,1.10,1.10
2014.01.24 13:32:30.054,0.84664,0.84685,1.00,1.15
2014.01.24 13:32:30.258,0.84656,0.84677,1.18,1.08
2014.01.24 13:32:30.359,0.84656,0.84677,1.10,1.08
2014.01.24 13:32:30.510,0.84652,0.84676,1.65,1.15
2014.01.24 13:32:30.611,0.84652,0.84676,1.58,1.15
2014.01.24 13:32:30.712,0.84652,0.84676,1.65,1.15
2014.01.24 13:32:30.864,0.84652,0.84676,1.15,1.15
2014.01.24 13:32:30.914,0.84656,0.84676,1.00,1.15
2014.01.24 13:32:31.066,0.84656,0.84676,1.18,1.18
2014.01.24 13:32:31.469,0.84656,0.84676,1.08,1.00
2014.01.24 13:32:31.771,0.84657,0.84676,3.08,1.00
2014.01.24 13:32:31.822,0.84657,0.84679,3.08,1.00
2014.01.24 13:32:32.876,0.84657,0.84678,2.33,1.00
2014.01.24 13:32:33.027,0.84654,0.84675,1.15,1.00
2014.01.24 13:32:33.229,0.84656,0.84675,1.15,1.00
2014.01.24 13:32:33.431,0.84658,0.84679,1.15,1.20
2014.01.24 13:32:33.782,0.84658,0.84679,1.15,1.00
2014.01.24 13:32:33.862,0.84658,0.84679,1.15,1.10
2014.01.24 13:32:34.662,0.84658,0.84679,1.18,1.10
2014.01.24 13:32:34.769,0.84658,0.84679,1.15,1.10
2014.01.24 13:32:34.971,0.84664,0.84687,1.20,1.15
2014.01.24 13:32:35.072,0.84664,0.84687,1.18,1.18
2014.01.24 13:32:37.163,0.84664,0.84687,1.15,1.20
2014.01.24 13:32:37.513,0.84667,0.84687,1.53,1.00
2014.01.24 13:32:38.283,0.84667,0.8469,1.53,1.18
2014.01.24 13:32:38.586,0.84665,0.84686,2.33,1.00
2014.01.24 13:32:38.725,0.84663,0.84686,1.65,1.10
2014.01.24 13:32:39.143,0.84667,0.8469,1.15,1.18
2014.01.24 13:32:39.452,0.84672,0.84692,1.18,1.08
2014.01.24 13:32:39.503,0.84672,0.84692,1.15,1.10
2014.01.24 13:32:39.614,0.84672,0.84692,1.00,1.10
2014.01.24 13:32:40.893,0.84672,0.84692,1.00,1.53
2014.01.24 13:32:40.944,0.84669,0.84692,1.20,1.53
2014.01.24 13:32:41.045,0.84667,0.8469,1.65,1.15
2014.01.24 13:32:42.226,0.84667,0.84689,1.15,1.13
2014.01.24 13:32:42.377,0.84667,0.8469,1.18,1.53
2014.01.24 13:32:42.529,0.84667,0.8469,1.18,1.18
2014.01.24 13:32:42.754,0.8467,0.84691,1.15,1.00
2014.01.24 13:32:43.315,0.8467,0.84691,1.08,1.08
2014.01.24 13:32:45.084,0.84672,0.84691,1.00,1.08
2014.01.24 13:32:45.387,0.84672,0.84691,1.15,1.00
2014.01.24 13:32:45.488,0.84672,0.84691,1.00,1.00
2014.01.24 13:32:48.768,0.84672,0.84691,1.00,1.15
2014.01.24 13:32:52.642,0.84672,0.84691,1.18,1.10
2014.01.24 13:32:52.711,0.84672,0.84691,1.18,1.00
2014.01.24 13:32:55.348,0.84673,0.84691,3.08,1.00
2014.01.24 13:32:55.872,0.84672,0.84691,3.08,1.00
2014.01.24 13:32:56.807,0.84672,0.84691,1.15,1.00
2014.01.24 13:32:57.093,0.84669,0.84688,2.33,1.00
2014.01.24 13:32:57.244,0.84671,0.84688,1.10,1.00
2014.01.24 13:32:57.547,0.84667,0.84688,1.10,1.15
2014.01.24 13:32:57.648,0.84668,0.84688,2.33,1.00
2014.01.24 13:32:57.749,0.84667,0.84688,1.65,1.13
2014.01.24 13:32:59.010,0.84667,0.8469,1.65,1.28
2014.01.24 13:32:59.727,0.84667,0.8469,4.20,1.08
2014.01.24 13:32:59.778,0.84669,0.8469,3.45,1.00
2014.01.24 13:33:00.402,0.84671,0.84693,1.15,1.08
2014.01.24 13:33:00.503,0.84675,0.84694,1.15,1.00
2014.01.24 13:33:00.881,0.84675,0.84694,1.15,1.00
2014.01.24 13:33:01.083,0.84675,0.84694,1.18,1.00
2014.01.24 13:33:01.317,0.84675,0.84694,2.33,1.00
2014.01.24 13:33:01.844,0.84675,0.84695,2.33,1.00
2014.01.24 13:33:03.041,0.84674,0.84695,1.18,1.08
2014.01.24 13:33:03.096,0.84674,0.84695,1.20,1.15
2014.01.24 13:33:04.296,0.84674,0.84695,1.18,1.08
2014.01.24 13:33:04.804,0.84674,0.84695,1.15,1.00
2014.01.24 13:33:05.184,0.84674,0.84695,1.15,1.38
2014.01.24 13:33:05.523,0.84674,0.84695,1.15,1.00
2014.01.24 13:33:07.143,0.84671,0.84692,6.00,1.00
2014.01.24 13:33:07.244,0.84671,0.84692,1.65,1.10
2014.01.24 13:33:07.497,0.84668,0.84689,6.00,1.00
2014.01.24 13:33:07.649,0.84668,0.84689,1.15,1.08
2014.01.24 13:33:08.163,0.84668,0.84689,1.18,1.08
2014.01.24 13:33:09.263,0.84665,0.84686,3.08,1.00
2014.01.24 13:33:11.265,0.84671,0.84686,1.00,1.00
2014.01.24 13:33:11.417,0.84674,0.84693,1.28,1.00
2014.01.24 13:33:11.467,0.84678,0.84698,2.25,1.08
2014.01.24 13:33:11.518,0.84678,0.84698,2.33,1.00
2014.01.24 13:33:11.619,0.84678,0.84698,1.15,1.00
2014.01.24 13:33:18.833,0.8468,0.84701,1.10,1.10
2014.01.24 13:33:18.884,0.8468,0.84701,1.18,1.10
2014.01.24 13:33:18.985,0.84682,0.84705,1.15,1.15
2014.01.24 13:33:19.503,0.84682,0.84705,1.15,1.28
2014.01.24 13:33:20.162,0.84684,0.84707,1.18,1.18
2014.01.24 13:33:20.269,0.84684,0.84707,1.10,1.15
2014.01.24 13:33:20.319,0.84684,0.84707,1.18,1.08
2014.01.24 13:33:20.420,0.84684,0.84707,1.15,1.20
2014.01.24 13:33:20.471,0.84682,0.84703,3.08,1.00
2014.01.24 13:33:20.622,0.84682,0.84703,1.15,1.10
2014.01.24 13:33:21.651,0.84684,0.84703,1.15,1.10
2014.01.24 13:33:21.816,0.84682,0.84703,1.15,1.00
2014.01.24 13:33:22.069,0.84682,0.84703,1.08,1.08
2014.01.24 13:33:22.129,0.84682,0.84703,1.10,1.15
2014.01.24 13:33:22.923,0.84681,0.847,1.15,1.10
2014.01.24 13:33:23.424,0.84681,0.847,1.15,1.00
2014.01.24 13:33:23.775,0.84682,0.847,1.15,1.00
2014.01.24 13:33:25.303,0.84679,0.847,3.08,1.00
2014.01.24 13:33:25.475,0.84679,0.847,1.15,1.00
2014.01.24 13:33:30.364,0.8468,0.847,2.33,1.00
2014.01.24 13:33:34.440,0.84681,0.847,3.08,1.00
2014.01.24 13:33:36.783,0.8468,0.847,1.15,1.00
2014.01.24 13:33:38.425,0.8468,0.847,1.15,1.10
2014.01.24 13:33:39.284,0.84679,0.847,1.10,1.18
2014.01.24 13:33:40.383,0.84676,0.84694,1.15,1.00
2014.01.24 13:33:40.525,0.84673,0.84694,1.48,1.15
2014.01.24 13:33:40.577,0.84673,0.84694,1.10,1.15
2014.01.24 13:33:40.832,0.84669,0.84692,1.18,1.15
2014.01.24 13:33:41.185,0.84667,0.84689,1.15,1.08
2014.01.24 13:33:41.804,0.84667,0.84689,1.08,1.18
2014.01.24 13:33:42.885,0.84667,0.84689,3.08,1.00
2014.01.24 13:33:43.693,0.84671,0.84693,1.15,1.15
2014.01.24 13:33:43.794,0.84671,0.84693,1.15,1.10
2014.01.24 13:33:44.320,0.84671,0.84693,6.00,1.00
2014.01.24 13:33:44.370,0.84673,0.84697,1.15,1.28
2014.01.24 13:33:46.167,0.84673,0.84697,1.15,1.15
2014.01.24 13:33:46.695,0.84673,0.84697,1.15,1.15
2014.01.24 13:33:46.897,0.84673,0.84696,1.00,1.15
2014.01.24 13:33:47.681,0.84672,0.84693,1.10,1.18
2014.01.24 13:33:48.002,0.8467,0.84691,1.10,1.15
2014.01.24 13:33:48.304,0.84664,0.84687,1.00,6.00
2014.01.24 13:33:48.863,0.84664,0.84687,1.18,1.15
2014.01.24 13:33:50.288,0.84662,0.84683,1.65,1.08
2014.01.24 13:33:50.339,0.84662,0.84683,1.58,1.18
2014.01.24 13:33:51.968,0.84662,0.84683,1.58,1.15
2014.01.24 13:33:52.504,0.84662,0.84682,1.00,1.15
2014.01.24 13:33:54.779,0.84662,0.84679,1.00,1.18
2014.01.24 13:33:54.931,0.84656,0.84677,1.53,1.10
2014.01.24 13:33:55.032,0.84654,0.84677,1.08,1.18
2014.01.24 13:33:55.083,0.84654,0.84677,1.00,1.15
2014.01.24 13:33:55.303,0.84654,0.84677,1.18,1.18
2014.01.24 13:33:57.373,0.84654,0.84677,1.20,1.18
2014.01.24 13:33:58.973,0.84651,0.84672,1.53,1.00
2014.01.24 13:33:59.074,0.84652,0.84674,1.53,1.20
2014.01.24 13:33:59.124,0.84652,0.84674,1.53,1.00
2014.01.24 13:33:59.477,0.84652,0.84674,2.03,1.18
2014.01.24 13:33:59.815,0.8465,0.84671,1.48,1.18
2014.01.24 13:34:00.337,0.8465,0.84671,1.48,1.18
2014.01.24 13:34:00.904,0.84652,0.84671,1.00,1.18
2014.01.24 13:34:02.553,0.84652,0.84671,1.28,1.00
2014.01.24 13:34:05.450,0.84652,0.84675,2.03,1.15
2014.01.24 13:34:05.501,0.84652,0.84675,2.03,1.08
2014.01.24 13:34:05.873,0.84652,0.84675,2.03,1.15
2014.01.24 13:34:07.210,0.84656,0.84675,1.00,1.15
2014.01.24 13:34:09.262,0.84652,0.84675,1.65,1.15
2014.01.24 13:34:09.363,0.84652,0.84675,1.65,3.08
2014.01.24 13:34:09.746,0.84652,0.84666,1.00,1.00
2014.01.24 13:34:09.847,0.84646,0.84666,1.15,1.00
2014.01.24 13:34:09.948,0.84644,0.84666,1.08,1.18
2014.01.24 13:34:09.999,0.84645,0.84666,3.00,1.10
2014.01.24 13:34:11.143,0.84652,0.84666,1.00,1.00
2014.01.24 13:34:12.639,0.84651,0.84671,1.15,1.00
2014.01.24 13:34:13.148,0.84651,0.84671,1.00,1.15
2014.01.24 13:34:13.401,0.84653,0.84669,1.08,1.00
2014.01.24 13:34:13.502,0.84652,0.84668,1.00,1.00
2014.01.24 13:34:13.553,0.84661,0.84668,1.00,1.00
2014.01.24 13:34:14.654,0.84649,0.84668,3.08,1.00
2014.01.24 13:34:14.806,0.84647,0.84668,3.08,1.00
2014.01.24 13:34:14.857,0.84647,0.84668,1.15,1.08
2014.01.24 13:34:14.907,0.84647,0.84668,1.08,1.18
2014.01.24 13:34:16.326,0.84645,0.84663,1.10,1.10
2014.01.24 13:34:17.061,0.84643,0.84662,1.53,1.00
2014.01.24 13:34:17.587,0.84645,0.84667,1.48,1.15
2014.01.24 13:34:17.889,0.84642,0.84662,3.08,1.00
2014.01.24 13:34:18.091,0.84638,0.84661,1.53,1.10
2014.01.24 13:34:19.130,0.84638,0.84661,1.15,1.10
2014.01.24 13:34:19.647,0.84638,0.84661,1.28,1.48
2014.01.24 13:34:19.894,0.84637,0.84657,1.53,1.00
2014.01.24 13:34:21.887,0.84639,0.84657,2.70,1.00
2014.01.24 13:34:22.088,0.84642,0.84659,1.28,1.00
2014.01.24 13:34:26.905,0.84643,0.84658,1.15,1.00
2014.01.24 13:34:27.006,0.84646,0.84658,1.00,1.00
2014.01.24 13:34:27.338,0.84645,0.8466,3.08,1.00
2014.01.24 13:34:28.452,0.84648,0.8466,4.50,1.00
2014.01.24 13:34:28.553,0.84648,0.84662,4.50,1.00
2014.01.24 13:34:28.755,0.84652,0.84662,2.33,1.00
2014.01.24 13:34:28.806,0.84652,0.8467,3.08,1.00
2014.01.24 13:34:29.085,0.8465,0.8467,2.33,1.00
2014.01.24 13:34:29.137,0.84648,0.8467,2.33,1.00
2014.01.24 13:34:31.813,0.84647,0.8467,4.58,1.00
2014.01.24 13:34:31.864,0.84647,0.84666,3.08,1.00
2014.01.24 13:34:32.168,0.84646,0.84663,4.50,1.00
2014.01.24 13:34:32.319,0.84647,0.84668,1.28,1.00
2014.01.24 13:34:32.369,0.84648,0.84668,4.50,1.00
2014.01.24 13:34:32.728,0.84649,0.84672,6.00,1.50
2014.01.24 13:34:33.598,0.84649,0.84672,1.65,1.00
2014.01.24 13:34:36.050,0.84653,0.84674,1.18,1.58
2014.01.24 13:34:36.101,0.84653,0.84674,1.15,1.58
2014.01.24 13:34:36.461,0.84654,0.84674,1.15,1.50
2014.01.24 13:34:37.773,0.84653,0.84674,1.15,1.00
2014.01.24 13:34:39.830,0.84653,0.84674,1.20,1.20
2014.01.24 13:34:40.034,0.84653,0.84672,1.20,1.00
2014.01.24 13:34:41.351,0.84653,0.84672,1.18,1.00
2014.01.24 13:34:41.452,0.84653,0.84674,1.08,1.58
2014.01.24 13:34:41.553,0.84653,0.84674,1.18,1.58
2014.01.24 13:34:41.604,0.84666,0.84674,1.00,1.58
2014.01.24 13:34:41.755,0.84667,0.84679,1.00,1.00
2014.01.24 13:34:42.161,0.8466,0.84678,1.53,1.00
2014.01.24 13:34:42.212,0.8466,0.84678,1.50,1.15
2014.01.24 13:34:42.540,0.84655,0.84676,1.15,1.20
2014.01.24 13:34:43.273,0.84656,0.84676,1.00,1.65
2014.01.24 13:34:43.324,0.84656,0.84676,1.00,1.65
2014.01.24 13:34:43.852,0.84655,0.84676,1.18,1.15
2014.01.24 13:34:44.397,0.84661,0.84676,1.13,1.08
2014.01.24 13:34:44.447,0.84661,0.84676,1.13,1.00
2014.01.24 13:34:44.655,0.84661,0.84676,1.45,1.00
2014.01.24 13:34:44.807,0.84667,0.84682,1.38,1.00
2014.01.24 13:34:44.909,0.84667,0.84684,1.45,1.00
2014.01.24 13:34:44.959,0.84667,0.84684,1.55,1.00
2014.01.24 13:34:45.010,0.84667,0.84686,1.55,1.50
2014.01.24 13:34:45.212,0.84671,0.84688,1.13,1.10
2014.01.24 13:34:45.777,0.84671,0.84688,1.38,1.00
2014.01.24 13:34:47.271,0.84672,0.84688,1.38,1.00
2014.01.24 13:34:47.540,0.84672,0.8469,1.48,1.13
2014.01.24 13:34:47.591,0.84672,0.8469,1.48,1.00
2014.01.24 13:34:47.893,0.84677,0.84693,1.48,1.00
2014.01.24 13:34:48.531,0.84677,0.84697,1.48,2.03
2014.01.24 13:34:48.911,0.84673,0.84697,1.53,2.03
2014.01.24 13:34:49.462,0.84673,0.84694,1.53,1.38
2014.01.24 13:34:49.981,0.84673,0.84692,1.53,1.00
2014.01.24 13:34:50.233,0.84676,0.84691,1.38,1.00
2014.01.24 13:34:50.515,0.84676,0.84693,1.58,1.50
2014.01.24 13:34:51.032,0.84676,0.84693,1.55,1.00
2014.01.24 13:34:51.083,0.84676,0.84691,1.48,1.00
2014.01.24 13:34:51.185,0.84676,0.84691,1.00,1.00
2014.01.24 13:34:52.611,0.84676,0.84691,1.00,1.88
2014.01.24 13:34:52.662,0.84671,0.84691,1.55,1.88
2014.01.24 13:34:53.210,0.84671,0.84689,1.20,1.58
2014.01.24 13:34:53.500,0.84676,0.84689,1.00,1.58
2014.01.24 13:34:53.743,0.84676,0.84693,1.00,1.58
2014.01.24 13:34:54.426,0.84676,0.84689,1.00,1.00
2014.01.24 13:34:55.181,0.84671,0.84689,1.20,1.20
2014.01.24 13:34:55.792,0.84671,0.84689,1.48,1.10
2014.01.24 13:34:56.511,0.84671,0.84688,1.48,1.00
2014.01.24 13:34:56.712,0.84666,0.84686,3.45,1.00
2014.01.24 13:34:56.813,0.84666,0.84686,1.55,1.95
2014.01.24 13:34:57.306,0.84666,0.84684,1.48,1.00
2014.01.24 13:34:57.911,0.84666,0.84684,1.55,1.00
2014.01.24 13:35:00.318,0.84666,0.84684,1.55,1.00
2014.01.24 13:35:00.508,0.84671,0.84687,1.13,1.13
2014.01.24 13:35:00.559,0.84671,0.8469,1.55,1.00
2014.01.24 13:35:00.862,0.84671,0.8469,1.38,1.65
2014.01.24 13:35:01.450,0.84671,0.84689,1.13,1.88
2014.01.24 13:35:01.511,0.84671,0.84689,1.38,1.88
2014.01.24 13:35:02.611,0.84671,0.84689,1.48,1.00
2014.01.24 13:35:02.914,0.84671,0.84689,1.10,1.95
2014.01.24 13:35:03.229,0.84677,0.84689,1.00,1.38
2014.01.24 13:35:03.395,0.84677,0.84689,1.00,1.38
2014.01.24 13:35:04.911,0.84677,0.84689,1.00,1.28
2014.01.24 13:35:05.445,0.84677,0.84689,1.00,1.53
2014.01.24 13:35:07.221,0.84677,0.84689,1.00,1.28
2014.01.24 13:35:09.641,0.84677,0.8469,1.00,1.48
2014.01.24 13:35:10.017,0.84677,0.84693,1.00,1.80
2014.01.24 13:35:10.546,0.84677,0.84693,1.00,1.80
2014.01.24 13:35:10.647,0.84677,0.84693,1.15,1.73
2014.01.24 13:35:10.798,0.84677,0.84693,1.00,1.80
2014.01.24 13:35:12.201,0.84681,0.84693,1.00,1.73
2014.01.24 13:35:12.302,0.84681,0.84693,1.00,1.00
2014.01.24 13:35:12.353,0.84686,0.84696,1.00,1.00
2014.01.24 13:35:12.504,0.84686,0.84698,1.00,1.50
2014.01.24 13:35:12.601,0.84686,0.84702,1.00,1.38
2014.01.24 13:35:14.087,0.84686,0.84702,1.00,1.38
2014.01.24 13:35:14.389,0.84686,0.84696,1.00,1.13
2014.01.24 13:35:14.621,0.84681,0.84699,1.00,1.55
2014.01.24 13:35:15.128,0.84681,0.84698,1.00,1.48
2014.01.24 13:35:15.179,0.84681,0.84698,1.00,1.20
2014.01.24 13:35:16.831,0.84681,0.84699,1.55,1.00
2014.01.24 13:35:17.083,0.84687,0.84704,1.00,1.58
2014.01.24 13:35:17.703,0.84687,0.84704,1.08,1.50
2014.01.24 13:35:18.339,0.84687,0.84704,1.00,1.50
2014.01.24 13:35:18.875,0.84687,0.84703,1.10,1.00
2014.01.24 13:35:19.664,0.84687,0.84703,1.18,1.00
2014.01.24 13:35:20.971,0.84687,0.84703,1.18,1.38
2014.01.24 13:35:21.902,0.84687,0.84703,1.15,1.38
2014.01.24 13:35:22.507,0.84687,0.84703,1.15,1.38
2014.01.24 13:35:23.171,0.84687,0.84703,1.15,1.00
2014.01.24 13:35:24.560,0.84687,0.84704,1.15,1.13
2014.01.24 13:35:26.405,0.84687,0.84706,1.53,1.88
2014.01.24 13:35:26.456,0.84687,0.84706,3.45,1.13
2014.01.24 13:35:26.868,0.84691,0.8471,1.53,1.00
2014.01.24 13:35:27.020,0.84692,0.8471,1.53,1.00
2014.01.24 13:35:27.323,0.84702,0.84715,1.00,1.50
2014.01.24 13:35:28.508,0.84697,0.84715,1.53,1.13
2014.01.24 13:35:29.550,0.84697,0.84715,1.15,1.38
2014.01.24 13:35:30.101,0.84697,0.84715,1.53,1.00
2014.01.24 13:35:30.151,0.84702,0.84715,1.00,1.00
2014.01.24 13:35:30.202,0.84702,0.84717,1.00,1.50
2014.01.24 13:35:30.253,0.84696,0.84717,2.78,1.88
2014.01.24 13:35:30.461,0.84702,0.84716,1.00,1.13
2014.01.24 13:35:31.669,0.84696,0.84717,4.20,1.88
2014.01.24 13:35:32.456,0.84698,0.84719,2.03,1.13
2014.01.24 13:35:32.959,0.84698,0.84719,2.03,1.13
2014.01.24 13:35:34.216,0.84701,0.8472,1.28,1.38
2014.01.24 13:35:34.552,0.84701,0.8472,5.63,1.13
2014.01.24 13:35:34.991,0.84702,0.84723,2.70,1.38
2014.01.24 13:35:35.293,0.84701,0.84722,3.45,1.38
2014.01.24 13:35:35.394,0.84701,0.84721,1.55,1.48
2014.01.24 13:35:36.012,0.84698,0.84719,3.45,1.38
2014.01.24 13:35:36.391,0.84701,0.8472,1.55,1.00
2014.01.24 13:35:36.642,0.84702,0.84723,1.53,1.00
2014.01.24 13:35:36.744,0.84704,0.84724,1.53,1.00
2014.01.24 13:35:37.046,0.84706,0.84725,1.53,1.00
2014.01.24 13:35:37.248,0.84706,0.84725,1.48,1.65
2014.01.24 13:35:37.897,0.84703,0.84724,3.45,1.00
2014.01.24 13:35:38.314,0.84706,0.84727,2.03,1.65
2014.01.24 13:35:38.364,0.84706,0.84727,2.03,1.50
2014.01.24 13:35:41.015,0.84706,0.84726,2.03,1.00
2014.01.24 13:35:41.442,0.84706,0.84726,1.88,1.15
2014.01.24 13:35:41.650,0.84706,0.84726,2.03,1.10
2014.01.24 13:35:42.179,0.84706,0.84726,1.95,1.18
2014.01.24 13:35:42.893,0.84706,0.84726,2.03,1.00
2014.01.24 13:35:43.928,0.84706,0.84726,1.95,1.08
2014.01.24 13:35:44.474,0.84706,0.84726,2.03,1.00
2014.01.24 13:35:44.982,0.84706,0.84726,2.03,1.00
2014.01.24 13:35:47.199,0.84706,0.84727,1.55,1.00
2014.01.24 13:35:47.250,0.84706,0.84727,1.28,1.48
2014.01.24 13:35:47.351,0.84706,0.84725,1.20,1.45
2014.01.24 13:35:47.885,0.84706,0.84724,1.53,1.00
2014.01.24 13:35:47.986,0.84706,0.84726,1.53,1.50
2014.01.24 13:35:48.207,0.84706,0.84726,1.28,1.88
2014.01.24 13:35:48.510,0.84706,0.84726,1.28,1.88
2014.01.24 13:35:48.561,0.84706,0.84726,1.28,1.88
2014.01.24 13:35:48.763,0.84706,0.84726,2.03,1.88
2014.01.24 13:35:48.915,0.84707,0.84726,1.15,1.38
2014.01.24 13:35:48.965,0.84707,0.84727,1.15,1.38
2014.01.24 13:35:49.117,0.84706,0.84726,1.28,1.13
2014.01.24 13:35:49.413,0.84708,0.84727,1.28,1.38
2014.01.24 13:35:49.564,0.84706,0.84727,2.03,1.38
2014.01.24 13:35:49.883,0.84707,0.84727,4.88,1.38
2014.01.24 13:35:51.064,0.84706,0.84726,2.03,1.13
2014.01.24 13:35:51.266,0.84707,0.84724,1.08,1.13
2014.01.24 13:35:51.316,0.84705,0.84724,1.15,1.13
2014.01.24 13:35:53.665,0.84703,0.84724,3.45,1.00
2014.01.24 13:35:54.204,0.84706,0.84725,2.78,1.00
2014.01.24 13:35:54.521,0.84706,0.84725,1.65,1.00
2014.01.24 13:35:54.676,0.84706,0.84725,1.15,1.00
2014.01.24 13:35:54.877,0.84704,0.84723,1.53,1.00
2014.01.24 13:35:55.110,0.84704,0.84725,1.53,1.13
2014.01.24 13:35:55.161,0.8471,0.84725,2.25,1.13
2014.01.24 13:35:55.444,0.84717,0.84728,1.00,1.00
2014.01.24 13:35:55.833,0.84708,0.84728,1.28,1.38
2014.01.24 13:35:55.934,0.84711,0.84726,2.70,1.00
2014.01.24 13:35:56.085,0.84711,0.84732,1.15,1.38
2014.01.24 13:35:56.136,0.84712,0.84732,2.33,1.38
2014.01.24 13:35:56.440,0.84727,0.84736,1.00,1.00
2014.01.24 13:35:56.541,0.84727,0.8474,1.00,1.00
2014.01.24 13:35:56.642,0.84731,0.84747,1.50,2.33
2014.01.24 13:35:56.793,0.84733,0.84752,2.33,1.50
2014.01.24 13:35:57.096,0.84735,0.84753,3.08,1.00
2014.01.24 13:35:57.297,0.84736,0.84756,3.08,1.00
2014.01.24 13:35:57.650,0.84738,0.84756,3.08,1.00
2014.01.24 13:35:57.751,0.84738,0.84758,2.33,1.50
2014.01.24 13:35:57.802,0.84736,0.84758,6.00,1.50
2014.01.24 13:35:57.853,0.84739,0.84758,3.08,1.00
2014.01.24 13:35:58.054,0.8474,0.8476,1.15,1.50
2014.01.24 13:35:58.206,0.8474,0.84758,1.28,1.00
2014.01.24 13:35:58.613,0.84741,0.84755,1.15,1.00
2014.01.24 13:35:58.825,0.84739,0.84759,5.25,1.00
2014.01.24 13:35:58.978,0.84741,0.8476,5.25,1.00
2014.01.24 13:35:59.281,0.84742,0.84758,1.15,1.00
2014.01.24 13:35:59.603,0.84745,0.84758,1.15,1.00
2014.01.24 13:36:02.484,0.84742,0.84758,1.15,1.00
2014.01.24 13:36:02.585,0.8474,0.84758,1.18,1.00
2014.01.24 13:36:04.190,0.84739,0.84758,2.33,1.00
2014.01.24 13:36:04.241,0.84741,0.8476,1.65,1.00
2014.01.24 13:36:05.991,0.84741,0.84758,1.65,1.00
2014.01.24 13:36:06.294,0.84743,0.84759,3.08,1.00
2014.01.24 13:36:06.445,0.84741,0.84759,6.38,1.00
2014.01.24 13:36:11.149,0.84743,0.84758,1.15,1.00
2014.01.24 13:36:11.710,0.84741,0.84759,3.83,1.00
2014.01.24 13:36:14.339,0.84741,0.84758,3.83,1.00
2014.01.24 13:36:14.558,0.84741,0.84762,3.83,1.00
2014.01.24 13:36:15.075,0.84743,0.84763,1.15,1.00
2014.01.24 13:36:17.791,0.84743,0.84761,1.15,1.00
2014.01.24 13:36:17.892,0.84741,0.84761,1.15,1.00
2014.01.24 13:36:17.993,0.84741,0.84761,1.00,1.18
2014.01.24 13:36:18.094,0.84741,0.84757,1.00,1.00
2014.01.24 13:36:19.529,0.84741,0.84754,1.00,1.00
2014.01.24 13:36:19.631,0.84735,0.84752,1.15,1.00
2014.01.24 13:36:19.782,0.84735,0.84752,1.15,1.00
2014.01.24 13:36:19.941,0.84735,0.84752,1.65,1.00
2014.01.24 13:36:20.390,0.84735,0.84752,3.83,1.00
2014.01.24 13:36:21.421,0.84736,0.84752,3.08,1.00
2014.01.24 13:36:22.171,0.84736,0.84751,2.33,1.00
2014.01.24 13:36:22.693,0.84735,0.84751,2.33,1.00
2014.01.24 13:36:24.815,0.84733,0.84751,1.15,1.00
2014.01.24 13:36:25.999,0.84732,0.84749,5.25,1.00
2014.01.24 13:36:26.548,0.84731,0.84746,3.08,1.00
2014.01.24 13:36:26.800,0.84729,0.84746,1.65,1.00
2014.01.24 13:36:27.099,0.84729,0.84751,1.65,1.00
2014.01.24 13:36:27.200,0.84734,0.84751,2.33,1.00
2014.01.24 13:36:27.894,0.8474,0.84752,1.00,1.00
2014.01.24 13:36:29.160,0.84734,0.84752,3.83,1.00
2014.01.24 13:36:31.188,0.84734,0.84751,3.08,1.00
2014.01.24 13:36:31.502,0.84734,0.84751,1.15,1.00
2014.01.24 13:36:32.005,0.84732,0.8475,2.33,1.00
2014.01.24 13:36:33.338,0.8473,0.8475,3.83,1.00
2014.01.24 13:36:35.387,0.8473,0.84748,3.08,1.00
2014.01.24 13:36:38.680,0.84729,0.84745,1.15,1.00
2014.01.24 13:36:39.022,0.84725,0.84742,1.53,1.00
2014.01.24 13:36:39.073,0.84723,0.8474,1.53,1.00
2014.01.24 13:36:39.124,0.84721,0.8474,1.15,1.00
2014.01.24 13:36:39.174,0.84718,0.84736,2.70,1.00
2014.01.24 13:36:39.477,0.8471,0.84724,1.10,1.13
2014.01.24 13:36:39.578,0.84706,0.84724,1.28,1.13
2014.01.24 13:36:39.891,0.84706,0.84724,1.28,1.13
2014.01.24 13:36:40.151,0.84706,0.84724,1.28,1.13
2014.01.24 13:36:41.061,0.84706,0.84723,1.20,1.00
2014.01.24 13:36:41.112,0.84706,0.84723,1.00,1.88
2014.01.24 13:36:41.414,0.84701,0.84719,3.45,1.00
2014.01.24 13:36:41.515,0.84702,0.84723,1.65,1.20
2014.01.24 13:36:41.616,0.84706,0.84722,1.08,1.00
2014.01.24 13:36:41.943,0.84702,0.84722,5.63,1.88
2014.01.24 13:36:42.044,0.84702,0.84721,1.28,1.38
2014.01.24 13:36:42.094,0.84702,0.84721,3.45,1.38
2014.01.24 13:36:42.196,0.84702,0.84721,2.03,1.13
2014.01.24 13:36:42.513,0.84707,0.84722,1.58,1.00
2014.01.24 13:36:42.614,0.84707,0.84724,1.58,1.50
2014.01.24 13:36:42.887,0.84707,0.84724,1.58,1.50
2014.01.24 13:36:43.088,0.84706,0.84723,1.53,1.00
2014.01.24 13:36:43.190,0.84706,0.84723,1.28,1.00
2014.01.24 13:36:43.714,0.84706,0.84724,1.53,1.00
2014.01.24 13:36:44.069,0.84706,0.84724,1.53,1.00
2014.01.24 13:36:45.973,0.84706,0.84724,1.53,1.00
2014.01.24 13:36:46.493,0.84706,0.84724,1.53,1.00
2014.01.24 13:36:46.695,0.84706,0.84726,1.90,1.00
2014.01.24 13:36:46.796,0.84706,0.84724,1.90,1.00
2014.01.24 13:36:46.948,0.84712,0.84728,1.13,1.50
2014.01.24 13:36:47.301,0.84712,0.84728,1.38,1.00
2014.01.24 13:36:47.351,0.84712,0.8473,1.38,1.50
2014.01.24 13:36:47.984,0.84712,0.8473,1.55,1.50
2014.01.24 13:36:49.350,0.84717,0.8473,1.00,1.00
2014.01.24 13:36:49.574,0.84711,0.8473,1.53,1.00
2014.01.24 13:36:50.401,0.84716,0.8473,1.00,1.88
2014.01.24 13:36:51.018,0.84712,0.8473,1.55,1.00
2014.01.24 13:36:54.499,0.84712,0.8473,1.20,1.88
2014.01.24 13:36:54.928,0.84712,0.84728,1.20,1.00
2014.01.24 13:36:55.478,0.84712,0.8473,1.20,1.13
2014.01.24 13:36:55.529,0.84712,0.8473,1.45,1.00
2014.01.24 13:36:55.832,0.84726,0.84742,3.45,1.00
2014.01.24 13:36:56.135,0.8473,0.84745,2.70,1.00
2014.01.24 13:36:56.185,0.84728,0.84745,2.33,1.00
2014.01.24 13:36:56.728,0.84727,0.84745,3.45,1.00
2014.01.24 13:36:57.240,0.84727,0.84744,3.45,1.00
2014.01.24 13:36:57.291,0.84727,0.84744,1.53,1.00
2014.01.24 13:36:57.398,0.84727,0.84744,1.53,1.00
2014.01.24 13:36:57.728,0.84727,0.84742,1.45,1.00
2014.01.24 13:36:59.421,0.84727,0.84742,1.00,1.00
2014.01.24 13:36:59.970,0.84721,0.84739,3.45,1.00
2014.01.24 13:37:00.223,0.84721,0.84736,1.48,1.00
2014.01.24 13:37:00.655,0.84721,0.84736,1.48,1.00
2014.01.24 13:37:01.071,0.84721,0.84739,1.53,1.00
2014.01.24 13:37:03.160,0.84721,0.84739,1.53,1.00
2014.01.24 13:37:03.489,0.84721,0.84739,1.53,1.00
2014.01.24 13:37:05.311,0.84721,0.84741,1.53,1.50
2014.01.24 13:37:05.362,0.84726,0.84741,1.38,1.50
2014.01.24 13:37:05.664,0.84726,0.84744,1.55,1.00
2014.01.24 13:37:05.765,0.84726,0.84745,1.53,1.00
2014.01.24 13:37:05.866,0.84726,0.84745,1.55,1.00
2014.01.24 13:37:07.499,0.84729,0.84747,1.53,1.50
2014.01.24 13:37:07.549,0.84729,0.84747,1.53,1.50
2014.01.24 13:37:07.701,0.84731,0.84749,1.53,1.00
2014.01.24 13:37:07.802,0.84731,0.84749,1.53,1.00
2014.01.24 13:37:08.107,0.84732,0.84749,2.70,1.00
2014.01.24 13:37:08.635,0.84731,0.84748,1.55,1.00
2014.01.24 13:37:08.686,0.84731,0.84748,1.55,1.00
2014.01.24 13:37:10.088,0.84731,0.84748,1.10,1.50
2014.01.24 13:37:10.510,0.84731,0.84746,1.10,1.00
2014.01.24 13:37:11.023,0.84731,0.84745,1.00,1.00
2014.01.24 13:37:11.074,0.84731,0.84747,1.00,1.10
2014.01.24 13:37:11.125,0.84731,0.84747,1.38,1.00
2014.01.24 13:37:11.427,0.84746,0.84753,1.38,1.10
2014.01.24 13:37:11.528,0.84746,0.84753,1.38,1.18
2014.01.24 13:37:11.579,0.84746,0.84761,1.38,4.50
2014.01.24 13:37:11.680,0.84746,0.8476,1.38,1.00
2014.01.24 13:37:12.115,0.84746,0.8476,1.38,1.00
2014.01.24 13:37:12.218,0.84746,0.8476,1.00,1.00
2014.01.24 13:37:12.470,0.84741,0.8476,1.88,1.10
2014.01.24 13:37:12.520,0.84746,0.8476,1.00,1.10
2014.01.24 13:37:19.584,0.84746,0.84759,1.00,1.00
2014.01.24 13:37:19.685,0.84741,0.84758,1.58,1.00
2014.01.24 13:37:19.838,0.84741,0.84758,1.38,1.13
2014.01.24 13:37:20.490,0.84741,0.84759,1.38,1.10
2014.01.24 13:37:21.018,0.84741,0.84759,1.38,1.00
2014.01.24 13:37:21.533,0.84741,0.8476,1.55,1.00
2014.01.24 13:37:21.584,0.84741,0.8476,1.55,1.00
2014.01.24 13:37:22.229,0.84741,0.8476,1.53,1.00
2014.01.24 13:37:22.942,0.84741,0.84761,1.53,1.88
2014.01.24 13:37:23.251,0.8475,0.84764,1.55,1.00
2014.01.24 13:37:23.352,0.8475,0.84771,1.53,1.00
2014.01.24 13:37:24.131,0.8475,0.84771,4.20,1.00
2014.01.24 13:37:24.451,0.84754,0.84772,1.53,1.00
2014.01.24 13:37:24.954,0.84754,0.84772,1.53,1.00
2014.01.24 13:37:27.213,0.84754,0.8477,1.15,1.00
2014.01.24 13:37:27.263,0.84752,0.8477,1.10,1.00
2014.01.24 13:37:27.314,0.84748,0.84766,1.53,1.00
2014.01.24 13:37:27.365,0.84748,0.84766,1.10,1.00
2014.01.24 13:37:27.567,0.84745,0.84766,1.28,1.08
2014.01.24 13:37:28.118,0.84745,0.84766,1.55,1.18
2014.01.24 13:37:28.652,0.84745,0.84766,1.55,1.10
2014.01.24 13:37:28.904,0.84748,0.84767,3.45,1.00
2014.01.24 13:37:29.156,0.8475,0.8477,1.28,1.00
2014.01.24 13:37:29.207,0.84748,0.84769,1.53,1.00
2014.01.24 13:37:29.358,0.84749,0.84769,2.70,1.00
2014.01.24 13:37:29.668,0.84751,0.8477,3.45,1.00
2014.01.24 13:37:29.718,0.84752,0.84772,1.53,1.50
2014.01.24 13:37:32.349,0.84753,0.84772,1.58,1.00
2014.01.24 13:37:34.467,0.84753,0.84772,1.58,1.00
2014.01.24 13:37:35.008,0.84751,0.84772,1.53,1.00
2014.01.24 13:37:35.531,0.84752,0.84773,1.53,1.20
2014.01.24 13:37:35.688,0.84753,0.84773,2.70,1.00
2014.01.24 13:37:35.935,0.84751,0.84773,2.03,1.00
2014.01.24 13:37:36.423,0.84751,0.84771,1.53,1.00
2014.01.24 13:37:36.776,0.84752,0.84773,2.03,1.50
2014.01.24 13:37:37.326,0.84752,0.84773,2.03,1.50
2014.01.24 13:37:38.758,0.84752,0.84773,1.53,1.50
2014.01.24 13:37:39.335,0.84752,0.84773,1.53,1.50
2014.01.24 13:37:39.967,0.84752,0.84773,1.53,1.50
2014.01.24 13:37:40.588,0.84752,0.84773,1.53,1.50
2014.01.24 13:37:44.036,0.84749,0.8477,3.45,1.00
2014.01.24 13:37:44.086,0.84749,0.8477,3.45,1.00
2014.01.24 13:37:44.238,0.84749,0.8477,1.38,1.00
2014.01.24 13:37:44.339,0.84747,0.84768,2.03,1.10
2014.01.24 13:37:44.798,0.84749,0.8477,2.70,1.00
2014.01.24 13:37:44.899,0.84748,0.8477,1.53,1.00
2014.01.24 13:37:45.000,0.84747,0.8477,2.03,1.18
2014.01.24 13:37:45.152,0.84747,0.8477,1.53,1.10
2014.01.24 13:37:45.353,0.84756,0.8477,1.00,1.10
2014.01.24 13:37:45.455,0.84756,0.84774,1.00,1.15
2014.01.24 13:37:45.556,0.84756,0.84774,1.00,1.00
2014.01.24 13:37:45.606,0.84758,0.84775,1.00,1.10
2014.01.24 13:37:45.657,0.84758,0.84781,1.15,2.03
2014.01.24 13:37:45.808,0.8476,0.84781,1.15,1.00
2014.01.24 13:37:45.859,0.8476,0.84783,1.15,1.10
2014.01.24 13:37:46.010,0.84762,0.84783,1.15,1.00
2014.01.24 13:37:46.369,0.8476,0.84781,3.08,1.00
2014.01.24 13:37:46.872,0.84763,0.84779,1.15,1.00
2014.01.24 13:37:47.074,0.84767,0.84787,2.33,1.00
2014.01.24 13:37:47.427,0.84765,0.84783,1.15,1.00
2014.01.24 13:37:47.529,0.84765,0.84783,1.15,1.00
2014.01.24 13:37:47.682,0.84765,0.84784,1.15,1.00
2014.01.24 13:37:47.884,0.84765,0.84786,1.65,1.00
2014.01.24 13:37:48.574,0.84765,0.84786,6.00,1.00
2014.01.24 13:37:49.089,0.84765,0.84785,4.50,1.00
2014.01.24 13:37:51.590,0.84765,0.84784,3.08,1.00
2014.01.24 13:37:51.819,0.84765,0.84786,3.08,1.00
2014.01.24 13:37:54.987,0.84769,0.84787,1.08,1.00
2014.01.24 13:37:55.253,0.84769,0.84784,1.08,1.00
2014.01.24 13:37:55.304,0.84769,0.84784,1.10,1.00
2014.01.24 13:37:58.115,0.84769,0.84783,1.00,1.00
2014.01.24 13:37:58.166,0.84765,0.84783,1.15,1.00
2014.01.24 13:37:58.267,0.84767,0.84783,1.08,1.00
2014.01.24 13:37:58.721,0.8477,0.84782,1.08,1.00
2014.01.24 13:37:58.772,0.8477,0.84788,1.15,1.00
2014.01.24 13:37:59.075,0.84773,0.84792,1.28,1.00
2014.01.24 13:38:01.147,0.84773,0.84789,1.28,1.00
2014.01.24 13:38:02.247,0.84773,0.84791,1.15,1.00
2014.01.24 13:38:02.552,0.84769,0.8479,1.28,1.10
2014.01.24 13:38:02.688,0.84769,0.84787,1.28,1.00
2014.01.24 13:38:03.395,0.84771,0.84791,1.18,1.18
2014.01.24 13:38:03.919,0.84769,0.84789,1.20,1.10
2014.01.24 13:38:03.977,0.84769,0.84789,1.13,1.20
2014.01.24 13:38:04.078,0.84772,0.84789,1.00,1.10
2014.01.24 13:38:04.557,0.84772,0.84789,1.15,1.00
2014.01.24 13:38:05.101,0.84776,0.84789,1.08,1.00
2014.01.24 13:38:05.151,0.84776,0.84793,1.08,1.00
2014.01.24 13:38:05.202,0.84776,0.84793,1.15,1.00
2014.01.24 13:38:05.253,0.84776,0.84796,1.15,1.08
2014.01.24 13:38:05.840,0.84776,0.84796,3.08,1.00
2014.01.24 13:38:06.101,0.84776,0.84796,1.18,1.00
2014.01.24 13:38:06.202,0.8478,0.84796,1.00,1.00
2014.01.24 13:38:06.504,0.8478,0.84797,1.15,1.00
2014.01.24 13:38:06.756,0.8478,0.84797,1.10,1.10
2014.01.24 13:38:07.386,0.84777,0.84797,2.03,1.00
2014.01.24 13:38:07.931,0.84777,0.84797,2.03,1.20
2014.01.24 13:38:08.109,0.84788,0.848,1.00,1.00
2014.01.24 13:38:08.260,0.84795,0.84801,1.00,1.00
2014.01.24 13:38:08.361,0.84784,0.84801,4.50,1.00
2014.01.24 13:38:08.412,0.84784,0.84805,2.33,1.50
2014.01.24 13:38:08.513,0.84783,0.84803,2.70,1.00
2014.01.24 13:38:08.816,0.84797,0.84806,1.00,1.00
2014.01.24 13:38:08.917,0.84784,0.84803,2.70,1.00
2014.01.24 13:38:09.015,0.84783,0.84803,2.63,1.08
2014.01.24 13:38:09.066,0.84782,0.84803,1.38,1.15
2014.01.24 13:38:09.117,0.84793,0.84803,1.00,1.15
2014.01.24 13:38:09.167,0.84796,0.84803,1.00,1.00
2014.01.24 13:38:09.268,0.84796,0.84807,1.00,1.58
2014.01.24 13:38:09.319,0.84784,0.84807,4.20,1.58
2014.01.24 13:38:09.471,0.84782,0.84805,3.45,1.10
2014.01.24 13:38:09.775,0.84796,0.84807,1.00,1.20
2014.01.24 13:38:10.027,0.84782,0.84802,1.58,1.58
2014.01.24 13:38:10.128,0.84795,0.84802,1.00,1.00
2014.01.24 13:38:10.179,0.84797,0.84803,1.00,1.00
2014.01.24 13:38:10.431,0.84795,0.84815,1.10,1.69
2014.01.24 13:38:10.532,0.84792,0.84815,1.20,1.28
2014.01.24 13:38:10.582,0.84792,0.84815,1.10,3.45
2014.01.24 13:38:10.834,0.84792,0.84815,1.28,1.18
2014.01.24 13:38:10.885,0.84794,0.84815,2.33,1.10
2014.01.24 13:38:11.187,0.84802,0.84817,1.00,1.48
2014.01.24 13:38:11.723,0.84802,0.84817,1.28,1.00
2014.01.24 13:38:12.310,0.84802,0.84817,1.20,1.00
2014.01.24 13:38:15.506,0.84802,0.84817,1.58,1.00
2014.01.24 13:38:15.808,0.84807,0.8482,1.00,1.13
2014.01.24 13:38:16.640,0.84801,0.8482,1.55,1.13
2014.01.24 13:38:16.743,0.84807,0.84823,1.00,1.48
2014.01.24 13:38:17.272,0.84807,0.84823,1.18,1.00
2014.01.24 13:38:17.848,0.84807,0.84823,1.00,1.00
2014.01.24 13:38:18.159,0.84812,0.84827,1.00,1.88
2014.01.24 13:38:18.411,0.84812,0.84829,1.55,1.00
2014.01.24 13:38:19.055,0.84812,0.84831,1.38,1.53
2014.01.24 13:38:19.817,0.84812,0.84831,1.38,1.58
2014.01.24 13:38:20.607,0.84812,0.84831,1.38,1.53
2014.01.24 13:38:20.910,0.84816,0.84832,1.38,1.15
2014.01.24 13:38:21.260,0.84813,0.84832,5.25,1.00
2014.01.24 13:38:21.362,0.84822,0.84832,1.00,1.18
2014.01.24 13:38:21.564,0.84822,0.84832,1.00,1.20
2014.01.24 13:38:21.917,0.84811,0.84832,1.65,1.00
2014.01.24 13:38:22.018,0.84808,0.84829,3.45,1.00
2014.01.24 13:38:22.119,0.84807,0.84829,1.88,1.15
2014.01.24 13:38:22.170,0.84807,0.84822,1.13,1.00
2014.01.24 13:38:22.379,0.84801,0.84822,1.50,1.15
2014.01.24 13:38:22.480,0.84801,0.84818,1.00,1.00
2014.01.24 13:38:22.682,0.84795,0.84816,1.18,1.15
2014.01.24 13:38:22.848,0.84795,0.84815,1.00,1.15
2014.01.24 13:38:23.220,0.84795,0.84816,1.00,1.15
2014.01.24 13:38:23.820,0.84797,0.84818,1.00,2.33
2014.01.24 13:38:24.022,0.84796,0.84817,1.18,1.10
2014.01.24 13:38:24.319,0.84798,0.84821,1.18,1.15
2014.01.24 13:38:24.658,0.84816,0.84823,1.00,1.00
2014.01.24 13:38:24.760,0.84816,0.84827,1.00,1.13
2014.01.24 13:38:25.016,0.84809,0.84826,2.33,1.00
2014.01.24 13:38:25.069,0.84807,0.84826,2.33,1.00
2014.01.24 13:38:25.120,0.84806,0.84823,2.25,1.00
2014.01.24 13:38:25.171,0.848,0.84823,3.83,1.00
2014.01.24 13:38:25.323,0.848,0.84823,1.15,1.08
2014.01.24 13:38:25.424,0.848,0.84823,1.18,1.15
2014.01.24 13:38:25.525,0.848,0.84823,1.18,1.18
2014.01.24 13:38:25.576,0.84797,0.8482,1.65,1.20
2014.01.24 13:38:25.677,0.84799,0.84818,1.15,1.00
2014.01.24 13:38:25.828,0.84795,0.84818,1.15,1.00
2014.01.24 13:38:26.315,0.84797,0.84818,1.08,1.08
2014.01.24 13:38:26.567,0.84816,0.84825,1.08,1.00
2014.01.24 13:38:26.967,0.84822,0.84829,1.00,1.00
2014.01.24 13:38:27.533,0.84822,0.84834,1.00,1.20
2014.01.24 13:38:27.886,0.84827,0.84835,1.00,1.00
2014.01.24 13:38:27.987,0.84821,0.84839,1.13,2.03
2014.01.24 13:38:28.038,0.84821,0.84839,1.38,2.03
2014.01.24 13:38:28.088,0.84821,0.84839,1.38,2.03
2014.01.24 13:38:28.397,0.84821,0.84839,1.13,1.20
2014.01.24 13:38:28.898,0.84821,0.84839,1.18,1.38
2014.01.24 13:38:29.384,0.84821,0.84837,1.00,1.38
2014.01.24 13:38:30.877,0.84821,0.84837,1.38,1.58
2014.01.24 13:38:31.424,0.84821,0.84837,1.00,1.58
2014.01.24 13:38:32.240,0.84821,0.84833,1.00,1.00
2014.01.24 13:38:32.493,0.84816,0.84833,1.38,1.00
2014.01.24 13:38:32.594,0.84816,0.84831,1.38,1.00
2014.01.24 13:38:32.900,0.84812,0.84825,1.00,1.38
2014.01.24 13:38:33.001,0.84812,0.84825,1.00,1.13
2014.01.24 13:38:33.052,0.84807,0.84823,1.13,1.00
2014.01.24 13:38:33.153,0.84812,0.84823,1.00,1.00
2014.01.24 13:38:33.796,0.84812,0.84826,1.00,1.18
2014.01.24 13:38:33.998,0.84812,0.84826,1.00,1.00
2014.01.24 13:38:34.548,0.84812,0.84827,1.13,1.00
2014.01.24 13:38:34.649,0.84812,0.84829,1.38,1.20
2014.01.24 13:38:34.699,0.84817,0.84829,1.00,1.20
2014.01.24 13:38:35.575,0.84811,0.84829,1.38,1.58
2014.01.24 13:38:35.726,0.84811,0.84826,1.38,1.00
2014.01.24 13:38:35.989,0.84807,0.84825,1.80,1.00
2014.01.24 13:38:36.090,0.84807,0.84824,1.45,1.00
2014.01.24 13:38:36.292,0.84807,0.84824,1.45,1.08
2014.01.24 13:38:36.648,0.84807,0.84822,1.00,1.15
2014.01.24 13:38:37.117,0.84812,0.84821,1.00,1.15
2014.01.24 13:38:37.218,0.84812,0.84821,1.00,1.00
2014.01.24 13:38:37.320,0.84812,0.84825,1.00,1.08
2014.01.24 13:38:37.421,0.84806,0.84825,1.48,1.08
2014.01.24 13:38:37.471,0.84806,0.84821,1.48,1.00
2014.01.24 13:38:37.836,0.84806,0.84823,1.38,1.00
2014.01.24 13:38:38.415,0.84806,0.84822,1.38,1.00
2014.01.24 13:38:38.953,0.84806,0.84823,1.38,1.00
2014.01.24 13:38:39.547,0.84806,0.84824,1.55,1.00
2014.01.24 13:38:39.793,0.84806,0.84825,1.48,1.95
2014.01.24 13:38:40.045,0.84806,0.84822,1.48,1.00
2014.01.24 13:38:40.347,0.84806,0.84819,1.48,1.00
2014.01.24 13:38:40.448,0.84806,0.84824,1.58,1.00
2014.01.24 13:38:40.600,0.84819,0.84827,1.00,1.08
2014.01.24 13:38:40.712,0.84821,0.84831,1.38,2.33
2014.01.24 13:38:40.813,0.84821,0.84833,1.38,1.15
2014.01.24 13:38:40.913,0.84821,0.84833,1.00,1.00
2014.01.24 13:38:41.145,0.84816,0.84833,1.58,1.00
2014.01.24 13:38:41.246,0.84816,0.84833,1.58,1.13
2014.01.24 13:38:41.671,0.84811,0.84832,1.53,1.00
2014.01.24 13:38:41.823,0.84811,0.84832,1.45,1.15
2014.01.24 13:38:42.138,0.84817,0.8483,1.00,1.00
2014.01.24 13:38:42.683,0.84817,0.84833,1.38,1.65
2014.01.24 13:38:42.784,0.84817,0.84833,1.13,1.65
2014.01.24 13:38:42.977,0.84817,0.84833,1.38,1.65
2014.01.24 13:38:43.886,0.84817,0.84831,1.38,1.10
2014.01.24 13:38:44.399,0.84817,0.84831,1.00,1.10
2014.01.24 13:38:47.785,0.84812,0.84832,1.45,1.08
2014.01.24 13:38:48.268,0.84816,0.84832,1.73,1.00
2014.01.24 13:38:48.419,0.84818,0.84837,2.03,1.00
2014.01.24 13:38:48.470,0.84818,0.84837,1.53,1.00
2014.01.24 13:38:48.887,0.84818,0.84837,1.53,1.00
2014.01.24 13:38:49.582,0.84818,0.84837,1.45,1.20
2014.01.24 13:38:49.683,0.84818,0.84834,1.00,1.38
2014.01.24 13:38:50.193,0.84815,0.84834,1.48,1.18
2014.01.24 13:38:51.757,0.84817,0.84834,1.13,1.10
2014.01.24 13:38:52.212,0.84817,0.8483,1.00,1.00
2014.01.24 13:38:52.264,0.84813,0.8483,1.48,1.00
2014.01.24 13:38:53.338,0.84812,0.8483,1.55,1.00
2014.01.24 13:38:53.859,0.84817,0.84831,1.00,1.00
2014.01.24 13:38:54.163,0.84817,0.84834,2.03,1.00
2014.01.24 13:38:54.314,0.84817,0.84836,2.03,1.00
2014.01.24 13:38:54.616,0.84822,0.84839,1.13,1.58
2014.01.24 13:38:55.347,0.84822,0.84839,1.13,1.55
2014.01.24 13:38:55.448,0.84817,0.84836,1.58,1.13
2014.01.24 13:38:55.763,0.84816,0.84834,1.53,1.00
2014.01.24 13:38:56.102,0.84816,0.84834,1.53,1.00
2014.01.24 13:38:56.859,0.84816,0.84834,1.53,1.00
2014.01.24 13:38:57.457,0.84816,0.84834,1.53,1.00
2014.01.24 13:38:57.760,0.84811,0.84831,1.88,1.00
2014.01.24 13:38:57.962,0.84811,0.84831,1.30,1.53
2014.01.24 13:38:58.164,0.84807,0.84827,1.55,1.00
2014.01.24 13:38:58.365,0.84808,0.8483,4.05,1.00
2014.01.24 13:38:58.870,0.84807,0.84829,3.45,1.50
2014.01.24 13:38:58.920,0.84807,0.84829,3.45,1.50
2014.01.24 13:38:59.223,0.84812,0.84833,1.48,1.18
2014.01.24 13:38:59.456,0.84812,0.84834,1.53,1.00
2014.01.24 13:38:59.809,0.84822,0.84836,1.00,1.58
2014.01.24 13:39:00.123,0.84822,0.84838,1.20,1.00
2014.01.24 13:39:01.899,0.84817,0.84837,3.45,1.00
2014.01.24 13:39:02.051,0.84817,0.84837,1.48,1.58
2014.01.24 13:39:02.252,0.84822,0.8484,1.55,1.00
2014.01.24 13:39:02.667,0.84822,0.84839,1.55,1.00
2014.01.24 13:39:03.134,0.84822,0.84839,1.00,1.38
2014.01.24 13:39:03.483,0.84817,0.84835,1.53,1.00
2014.01.24 13:39:03.901,0.84817,0.84835,1.53,1.00
2014.01.24 13:39:04.447,0.84817,0.84833,1.53,1.00
2014.01.24 13:39:04.748,0.84817,0.84833,1.48,1.00
2014.01.24 13:39:05.289,0.84817,0.84833,1.48,1.00
2014.01.24 13:39:05.767,0.84817,0.84833,1.48,1.00
2014.01.24 13:39:06.101,0.84817,0.84833,1.48,1.00
2014.01.24 13:39:07.093,0.84817,0.84835,1.55,1.00
2014.01.24 13:39:07.788,0.84817,0.84836,1.55,1.00
2014.01.24 13:39:08.063,0.84817,0.84837,1.55,1.20
2014.01.24 13:39:08.377,0.84817,0.84836,1.55,1.00
2014.01.24 13:39:08.884,0.84817,0.84836,1.38,1.08
2014.01.24 13:39:09.638,0.84817,0.84835,1.38,1.00
2014.01.24 13:39:10.197,0.84817,0.84835,1.38,1.08
2014.01.24 13:39:10.707,0.84817,0.84833,1.38,1.00
2014.01.24 13:39:12.045,0.84817,0.84833,1.38,1.00
2014.01.24 13:39:12.147,0.84817,0.84831,1.00,1.00
2014.01.24 13:39:12.824,0.84817,0.84832,1.38,1.00
2014.01.24 13:39:12.925,0.84817,0.84834,1.48,1.50
2014.01.24 13:39:14.036,0.84817,0.84834,1.13,1.50
2014.01.24 13:39:14.428,0.84812,0.84833,1.15,1.38
2014.01.24 13:39:14.897,0.84812,0.84829,1.18,1.00
2014.01.24 13:39:15.320,0.84812,0.8483,1.18,1.00
2014.01.24 13:39:18.278,0.84812,0.84829,1.28,1.00
2014.01.24 13:39:18.430,0.84812,0.84829,1.10,1.38
2014.01.24 13:39:18.531,0.84807,0.84827,3.45,1.88
2014.01.24 13:39:19.059,0.84806,0.84827,3.08,1.88
2014.01.24 13:39:21.281,0.84806,0.84827,1.15,1.88
2014.01.24 13:39:22.386,0.84806,0.84825,1.15,1.38
2014.01.24 13:39:22.514,0.84806,0.84825,1.15,1.38
2014.01.24 13:39:22.615,0.84806,0.84825,1.18,1.38
2014.01.24 13:39:23.153,0.84804,0.84825,2.70,1.38
2014.01.24 13:39:23.826,0.84807,0.84826,1.15,1.38
2014.01.24 13:39:27.189,0.84807,0.84826,1.15,1.38
2014.01.24 13:39:28.324,0.84807,0.84826,1.10,1.45
2014.01.24 13:39:29.199,0.84807,0.84826,1.10,1.45
2014.01.24 13:39:29.755,0.84807,0.84829,1.48,1.15
2014.01.24 13:39:30.048,0.84806,0.84827,1.13,1.15
2014.01.24 13:39:30.101,0.84806,0.84827,1.13,1.18
2014.01.24 13:39:30.203,0.84807,0.84827,1.00,1.15
2014.01.24 13:39:30.505,0.84799,0.8482,1.53,1.00
2014.01.24 13:39:30.808,0.84804,0.84823,1.15,1.00
2014.01.24 13:39:31.335,0.84805,0.84823,1.55,1.00
2014.01.24 13:39:31.436,0.84805,0.84824,1.53,1.00
2014.01.24 13:39:31.737,0.84806,0.84825,3.45,1.00
2014.01.24 13:39:31.888,0.84806,0.84825,1.53,1.00
2014.01.24 13:39:32.409,0.84806,0.84825,1.55,1.00
2014.01.24 13:39:33.060,0.84806,0.84825,1.53,1.00
2014.01.24 13:39:33.646,0.84804,0.84818,2.33,1.13
2014.01.24 13:39:33.697,0.848,0.84818,4.50,1.13
2014.01.24 13:39:33.798,0.84797,0.84818,1.15,1.38
2014.01.24 13:39:33.849,0.84797,0.84815,1.28,1.00
2014.01.24 13:39:33.900,0.84797,0.84815,1.28,1.00
2014.01.24 13:39:34.102,0.84797,0.84813,1.20,1.00
2014.01.24 13:39:38.245,0.84793,0.84812,1.53,1.00
2014.01.24 13:39:38.895,0.84793,0.84812,1.53,1.00
2014.01.24 13:39:40.216,0.84793,0.84812,1.53,1.00
2014.01.24 13:39:40.470,0.84796,0.84814,1.53,1.00
2014.01.24 13:39:40.571,0.848,0.84814,1.53,1.00
2014.01.24 13:39:40.823,0.84801,0.8482,3.45,1.00
2014.01.24 13:39:41.025,0.84801,0.84823,6.38,1.00
2014.01.24 13:39:43.626,0.84802,0.84823,1.53,1.00
2014.01.24 13:39:44.855,0.84802,0.84823,1.53,1.00
2014.01.24 13:39:45.130,0.84811,0.84827,1.45,1.00
2014.01.24 13:39:45.231,0.84811,0.84829,1.88,1.10
2014.01.24 13:39:45.281,0.84811,0.84828,1.88,2.33
2014.01.24 13:39:45.382,0.84808,0.84827,1.00,1.53
2014.01.24 13:39:45.937,0.84807,0.84825,1.15,1.00
2014.01.24 13:39:46.458,0.84807,0.84825,1.10,1.00
2014.01.24 13:39:47.256,0.84804,0.84825,1.28,1.08
2014.01.24 13:39:47.306,0.84802,0.8482,1.53,1.00
2014.01.24 13:39:47.994,0.84802,0.8482,1.38,1.10
2014.01.24 13:39:48.305,0.84802,0.84824,1.53,1.15
2014.01.24 13:39:48.457,0.84804,0.84826,1.53,1.15
2014.01.24 13:39:48.659,0.84804,0.84826,1.53,1.00
2014.01.24 13:39:48.862,0.84802,0.84823,6.38,1.00
2014.01.24 13:39:49.063,0.84802,0.84823,1.55,1.08
2014.01.24 13:39:49.424,0.84802,0.84823,1.55,1.10
2014.01.24 13:39:49.771,0.84807,0.84826,1.38,1.15
2014.01.24 13:39:55.116,0.84807,0.84826,1.38,1.15
2014.01.24 13:39:55.446,0.84807,0.84826,1.00,1.15
2014.01.24 13:39:55.818,0.84807,0.84826,1.13,1.15
2014.01.24 13:39:58.356,0.84807,0.84826,1.00,3.45
2014.01.24 13:39:58.458,0.84802,0.84822,1.00,1.53
2014.01.24 13:39:58.508,0.84802,0.84819,1.00,1.08
2014.01.24 13:39:58.559,0.84796,0.84819,1.65,1.15
2014.01.24 13:39:59.185,0.84796,0.84817,1.55,1.10
2014.01.24 13:40:00.416,0.84796,0.84817,1.45,1.18
2014.01.24 13:40:01.188,0.84796,0.84817,1.55,1.18
2014.01.24 13:40:01.714,0.84796,0.84817,1.38,1.15
2014.01.24 13:40:01.850,0.84796,0.84817,1.13,1.28
2014.01.24 13:40:01.901,0.84796,0.84817,1.13,1.28
2014.01.24 13:40:02.204,0.84801,0.84817,1.00,1.10
2014.01.24 13:40:02.728,0.84796,0.84817,1.55,1.10
2014.01.24 13:40:03.257,0.84796,0.84817,1.55,1.10
2014.01.24 13:40:05.355,0.84793,0.84817,4.05,1.18
2014.01.24 13:40:06.028,0.84793,0.84817,1.88,1.15
2014.01.24 13:40:07.570,0.84793,0.84817,4.05,1.15
2014.01.24 13:40:09.888,0.84793,0.84817,1.53,1.20
2014.01.24 13:40:10.191,0.84789,0.84811,1.53,1.10
2014.01.24 13:40:10.498,0.84789,0.84811,1.53,1.15
2014.01.24 13:40:14.026,0.84789,0.84811,1.53,1.15
2014.01.24 13:40:22.546,0.84791,0.84811,1.45,1.08
2014.01.24 13:40:23.179,0.84791,0.84811,1.45,1.00
2014.01.24 13:40:23.497,0.84789,0.84811,1.55,1.00
2014.01.24 13:40:23.547,0.84789,0.84811,1.38,1.15
2014.01.24 13:40:24.315,0.84787,0.84809,2.25,1.10
2014.01.24 13:40:25.154,0.84786,0.84809,2.03,1.10
2014.01.24 13:40:26.346,0.84786,0.84809,2.03,1.10
2014.01.24 13:40:26.499,0.84786,0.84809,1.93,1.15
2014.01.24 13:40:27.016,0.84786,0.84809,1.93,1.15
2014.01.24 13:40:28.875,0.84786,0.84809,1.93,1.15
2014.01.24 13:40:29.895,0.84786,0.84809,1.93,1.15
2014.01.24 13:40:31.529,0.84786,0.84809,1.55,1.15
2014.01.24 13:40:33.145,0.84786,0.84807,1.45,1.18
2014.01.24 13:40:33.196,0.84784,0.84806,1.53,1.15
2014.01.24 13:40:33.297,0.8478,0.84802,5.25,1.00
2014.01.24 13:40:33.888,0.84779,0.84802,2.25,1.08
2014.01.24 13:40:34.955,0.84783,0.84805,1.45,1.15
2014.01.24 13:40:35.258,0.84783,0.84804,3.45,1.00
2014.01.24 13:40:35.765,0.84783,0.84804,3.45,1.00
2014.01.24 13:40:36.019,0.84785,0.84809,1.53,1.65
2014.01.24 13:40:36.275,0.84785,0.84809,5.18,1.08
2014.01.24 13:40:36.376,0.84785,0.84809,7.35,1.00
2014.01.24 13:40:39.427,0.84786,0.84809,1.53,1.00
2014.01.24 13:40:41.847,0.84789,0.84811,2.70,1.00
2014.01.24 13:40:42.346,0.84789,0.84811,2.70,1.00
2014.01.24 13:40:42.821,0.84792,0.84814,1.53,1.00
2014.01.24 13:40:43.358,0.84793,0.84813,2.70,1.00
2014.01.24 13:40:43.598,0.84792,0.84816,4.20,1.18
2014.01.24 13:40:43.699,0.84792,0.84816,4.95,1.18
2014.01.24 13:40:44.026,0.84794,0.84816,2.70,1.50
2014.01.24 13:40:44.127,0.84797,0.84818,1.53,1.50
2014.01.24 13:40:44.228,0.84797,0.84818,1.53,1.00
2014.01.24 13:40:44.329,0.84797,0.84818,2.03,1.00
2014.01.24 13:40:44.852,0.84797,0.84818,1.53,1.00
2014.01.24 13:40:45.406,0.84797,0.84818,1.53,1.00
2014.01.24 13:40:45.456,0.84797,0.84818,1.53,1.00
2014.01.24 13:40:46.128,0.84798,0.84818,5.63,1.00
2014.01.24 13:40:46.229,0.84797,0.84818,4.95,1.00
2014.01.24 13:40:46.875,0.84797,0.84818,2.03,1.00
2014.01.24 13:40:50.676,0.848,0.84821,1.28,1.18
2014.01.24 13:40:50.727,0.84802,0.84821,1.48,1.10
2014.01.24 13:40:50.828,0.84803,0.84824,1.53,1.58
2014.01.24 13:40:51.707,0.84803,0.84824,1.53,1.58
2014.01.24 13:40:51.908,0.84803,0.84824,1.53,1.20
2014.01.24 13:40:52.256,0.84803,0.84824,1.53,1.13
2014.01.24 13:40:52.576,0.84803,0.84824,5.63,1.00
2014.01.24 13:40:52.927,0.84812,0.84827,1.00,1.00
2014.01.24 13:40:53.028,0.84812,0.84834,1.18,1.18
2014.01.24 13:40:53.079,0.84817,0.84837,1.00,2.33
2014.01.24 13:40:53.130,0.84822,0.84838,1.00,1.65
2014.01.24 13:40:53.483,0.84822,0.84843,1.50,1.53
2014.01.24 13:40:53.533,0.84822,0.84836,1.00,1.00
2014.01.24 13:40:53.786,0.84813,0.84834,1.28,1.00
2014.01.24 13:40:53.994,0.84813,0.84834,1.15,1.10
2014.01.24 13:40:54.388,0.84813,0.84834,2.70,1.00
2014.01.24 13:40:55.451,0.84812,0.84834,2.03,1.00
2014.01.24 13:40:55.502,0.84816,0.84837,1.00,1.15
2014.01.24 13:40:55.553,0.84816,0.84837,1.08,1.08
2014.01.24 13:40:55.896,0.84816,0.84837,1.28,1.00
2014.01.24 13:40:57.968,0.84818,0.84837,2.33,1.00
2014.01.24 13:40:58.312,0.84821,0.84837,3.08,1.00
2014.01.24 13:40:59.110,0.84821,0.84841,3.08,1.13
2014.01.24 13:41:00.159,0.84821,0.8484,2.33,1.00
2014.01.24 13:41:00.210,0.8482,0.84838,1.20,1.00
2014.01.24 13:41:00.311,0.84817,0.84838,1.18,1.15
2014.01.24 13:41:00.613,0.84817,0.84836,1.18,1.00
2014.01.24 13:41:00.927,0.84819,0.84836,2.33,1.00
2014.01.24 13:41:01.457,0.8482,0.84836,2.33,1.00
2014.01.24 13:41:02.028,0.84819,0.84836,2.33,1.00
2014.01.24 13:41:02.079,0.84818,0.84836,1.15,1.00
2014.01.24 13:41:02.956,0.84818,0.84836,3.08,1.00
2014.01.24 13:41:05.173,0.84818,0.84836,3.08,1.38
2014.01.24 13:41:07.135,0.84818,0.84836,3.08,1.00
2014.01.24 13:41:08.675,0.84818,0.84836,2.33,1.38
2014.01.24 13:41:08.794,0.84818,0.84836,2.33,1.38
2014.01.24 13:41:09.165,0.84816,0.84836,1.15,1.38
2014.01.24 13:41:10.462,0.84816,0.84836,1.15,1.00
2014.01.24 13:41:16.876,0.84817,0.84836,2.70,1.00
2014.01.24 13:41:16.926,0.84821,0.84841,1.15,1.95
2014.01.24 13:41:17.027,0.84821,0.84843,3.08,1.88
2014.01.24 13:41:17.331,0.84823,0.84843,2.33,1.38
2014.01.24 13:41:17.382,0.84822,0.84843,1.15,1.38
2014.01.24 13:41:17.484,0.8482,0.84841,1.15,1.00
2014.01.24 13:41:18.018,0.84819,0.84841,4.50,1.38
2014.01.24 13:41:18.177,0.84819,0.84841,2.25,1.45
2014.01.24 13:41:18.228,0.84817,0.84837,1.18,1.38
2014.01.24 13:41:18.329,0.84816,0.84837,1.10,1.55
2014.01.24 13:41:18.481,0.84816,0.84837,1.18,1.08
2014.01.24 13:41:18.532,0.84816,0.84837,1.15,1.00
2014.01.24 13:41:18.835,0.84818,0.84839,3.83,1.00
2014.01.24 13:41:19.374,0.84822,0.8484,1.15,1.50
2014.01.24 13:41:19.525,0.84822,0.84842,1.15,1.00
2014.01.24 13:41:19.908,0.84822,0.84842,1.53,1.00
2014.01.24 13:41:20.010,0.84823,0.84846,3.45,1.65
2014.01.24 13:41:20.111,0.84827,0.84846,1.45,1.00
2014.01.24 13:41:20.212,0.84827,0.84848,1.18,1.58
2014.01.24 13:41:20.313,0.84831,0.84852,1.08,1.58
2014.01.24 13:41:20.364,0.84831,0.84852,1.65,1.50
2014.01.24 13:41:20.619,0.84831,0.84852,2.78,1.58
2014.01.24 13:41:20.720,0.84831,0.84852,1.58,2.03
2014.01.24 13:41:20.872,0.84827,0.84849,1.53,1.08
2014.01.24 13:41:21.176,0.84832,0.84852,2.33,1.00
2014.01.24 13:41:21.684,0.84834,0.84852,1.15,1.00
2014.01.24 13:41:22.167,0.84831,0.84852,2.33,1.00
2014.01.24 13:41:22.217,0.84829,0.84848,5.63,1.00
2014.01.24 13:41:22.318,0.84827,0.84848,1.15,1.00
2014.01.24 13:41:22.756,0.84827,0.84846,1.08,1.00
2014.01.24 13:41:22.807,0.84823,0.84846,1.15,1.00
2014.01.24 13:41:22.857,0.84822,0.84842,3.08,1.00
2014.01.24 13:41:22.958,0.84826,0.84847,1.15,1.00
2014.01.24 13:41:23.059,0.84826,0.84845,1.20,1.00
2014.01.24 13:41:23.394,0.8482,0.8484,1.53,1.00
2014.01.24 13:41:23.696,0.84821,0.8484,2.33,1.00
2014.01.24 13:41:25.100,0.84819,0.8484,2.33,1.00
2014.01.24 13:41:27.535,0.84818,0.8484,3.83,1.00
2014.01.24 13:41:27.586,0.84818,0.8484,1.65,1.00
2014.01.24 13:41:28.075,0.84818,0.8484,3.83,1.00
2014.01.24 13:41:29.015,0.84818,0.84838,3.08,1.00
2014.01.24 13:41:29.116,0.8482,0.84841,2.33,1.00
2014.01.24 13:41:29.640,0.8482,0.84841,2.33,1.38
2014.01.24 13:41:29.741,0.84819,0.84838,1.15,1.38
2014.01.24 13:41:32.068,0.84819,0.84838,1.15,1.00
2014.01.24 13:41:32.635,0.84818,0.84837,2.33,1.13
2014.01.24 13:41:32.887,0.84817,0.84837,1.15,1.00
2014.01.24 13:41:32.995,0.84817,0.84837,1.15,1.38
2014.01.24 13:41:33.692,0.84814,0.84833,1.28,1.00
2014.01.24 13:41:33.743,0.84814,0.84832,1.28,1.38
2014.01.24 13:41:34.045,0.84807,0.84828,3.45,1.00
2014.01.24 13:41:34.563,0.84806,0.84828,1.28,1.95
2014.01.24 13:41:34.614,0.84803,0.84824,3.45,1.00
2014.01.24 13:41:37.409,0.84803,0.84824,1.53,1.00
2014.01.24 13:41:37.818,0.84804,0.84828,1.65,1.53
2014.01.24 13:41:37.922,0.84804,0.84827,3.83,1.58
2014.01.24 13:41:38.445,0.84804,0.84828,3.83,1.20
2014.01.24 13:41:40.199,0.84806,0.84828,1.15,1.08
2014.01.24 13:41:40.502,0.84809,0.8483,2.70,1.00
2014.01.24 13:41:40.653,0.84811,0.84832,2.03,1.10
2014.01.24 13:41:40.754,0.84813,0.84832,3.45,1.00
2014.01.24 13:41:40.805,0.84814,0.84834,2.70,1.00
2014.01.24 13:41:40.867,0.84816,0.84836,1.15,1.13
2014.01.24 13:41:43.005,0.84816,0.84835,1.15,1.00
2014.01.24 13:41:43.155,0.84816,0.84835,3.83,1.00
2014.01.24 13:41:43.732,0.84822,0.84836,1.00,1.00
2014.01.24 13:41:43.934,0.84823,0.84842,1.08,1.55
2014.01.24 13:41:44.165,0.84823,0.84842,1.08,1.10
2014.01.24 13:41:45.254,0.84823,0.84841,1.08,1.00
2014.01.24 13:41:45.804,0.84821,0.8484,1.15,1.00
2014.01.24 13:41:46.162,0.84822,0.84843,1.55,1.00
2014.01.24 13:41:47.141,0.84825,0.84845,1.28,1.00
2014.01.24 13:41:47.278,0.84827,0.84845,2.25,1.00
2014.01.24 13:41:47.379,0.84826,0.84845,1.15,1.00
2014.01.24 13:41:47.586,0.84826,0.84844,1.10,1.13
2014.01.24 13:41:47.638,0.84823,0.84844,1.18,1.13
2014.01.24 13:41:47.691,0.84823,0.84844,1.18,1.38
2014.01.24 13:41:48.015,0.8482,0.84843,1.15,1.95
2014.01.24 13:41:48.634,0.84819,0.8484,3.83,1.38
2014.01.24 13:41:48.691,0.84819,0.8484,3.83,1.00
2014.01.24 13:41:48.802,0.84819,0.8484,3.08,1.38
2014.01.24 13:41:48.954,0.84816,0.84837,3.08,1.13
2014.01.24 13:41:49.054,0.84816,0.84837,1.15,1.13
2014.01.24 13:41:49.805,0.84816,0.84837,1.15,1.38
2014.01.24 13:41:50.670,0.84816,0.84837,1.28,1.45
2014.01.24 13:41:50.721,0.84816,0.84837,1.28,1.53
2014.01.24 13:41:51.225,0.84816,0.84837,1.28,1.53
2014.01.24 13:41:51.329,0.84818,0.8484,1.38,1.53
2014.01.24 13:41:51.380,0.84818,0.8484,1.38,1.53
2014.01.24 13:41:51.430,0.84818,0.84841,1.45,2.03
2014.01.24 13:41:52.935,0.84818,0.84841,1.55,2.03
2014.01.24 13:41:53.155,0.84818,0.84841,1.55,2.03
2014.01.24 13:41:53.927,0.84818,0.84841,1.28,2.03
2014.01.24 13:41:54.618,0.84818,0.84841,1.38,2.03
2014.01.24 13:41:54.721,0.84818,0.84841,1.00,2.03
2014.01.24 13:41:55.229,0.84818,0.84841,1.15,2.03
2014.01.24 13:41:56.592,0.84818,0.8484,1.08,1.53
2014.01.24 13:41:56.894,0.84814,0.84835,1.48,1.55
2014.01.24 13:41:57.266,0.84819,0.84838,1.88,2.03
2014.01.24 13:41:57.507,0.84823,0.84843,1.53,1.13
2014.01.24 13:41:57.558,0.84823,0.84843,1.28,1.38
2014.01.24 13:41:57.860,0.84821,0.84838,1.00,1.58
2014.01.24 13:41:58.011,0.84821,0.84838,1.00,1.28
2014.01.24 13:41:58.062,0.84818,0.84839,1.58,1.53
2014.01.24 13:41:58.264,0.84818,0.84839,1.00,1.53
2014.01.24 13:41:58.794,0.84818,0.84839,1.20,1.53
2014.01.24 13:41:59.214,0.84818,0.84839,1.20,2.03
2014.01.24 13:41:59.745,0.84816,0.84837,1.38,1.53
2014.01.24 13:42:00.302,0.84818,0.8484,1.38,1.53
2014.01.24 13:42:01.303,0.84818,0.8484,1.00,2.03
2014.01.24 13:42:01.627,0.84818,0.8484,1.38,1.53
2014.01.24 13:42:02.164,0.84815,0.84837,1.55,1.45
2014.01.24 13:42:02.315,0.84815,0.84837,1.55,1.45
2014.01.24 13:42:02.416,0.84815,0.84837,1.55,1.53
2014.01.24 13:42:02.954,0.84813,0.84835,2.70,1.10
2014.01.24 13:42:03.509,0.84815,0.84838,1.53,2.03
2014.01.24 13:42:03.914,0.84815,0.84834,1.53,1.00
2014.01.24 13:42:04.673,0.84815,0.84838,1.53,2.03
2014.01.24 13:42:04.774,0.84815,0.84838,1.53,2.03
2014.01.24 13:42:05.618,0.84815,0.84834,1.48,1.00
2014.01.24 13:42:06.544,0.84815,0.84838,1.48,2.03
2014.01.24 13:42:06.645,0.84815,0.84838,1.48,4.95
2014.01.24 13:42:06.696,0.84815,0.84838,1.13,6.38
2014.01.24 13:42:06.898,0.84816,0.84834,1.38,1.15
2014.01.24 13:42:07.196,0.84809,0.8483,1.53,1.00
2014.01.24 13:42:09.088,0.84809,0.8483,1.53,1.00
2014.01.24 13:42:10.985,0.84809,0.8483,1.53,1.00
2014.01.24 13:42:11.375,0.84807,0.84827,3.45,1.00
2014.01.24 13:42:11.476,0.84806,0.84827,2.03,1.00
2014.01.24 13:42:12.096,0.84806,0.84827,2.03,1.00
2014.01.24 13:42:12.755,0.84806,0.84827,2.03,1.00
2014.01.24 13:42:14.768,0.84806,0.84825,1.53,1.00
2014.01.24 13:42:14.869,0.84806,0.84825,1.53,1.00
2014.01.24 13:42:14.920,0.84806,0.84827,2.03,1.10
2014.01.24 13:42:15.462,0.84806,0.8483,4.20,1.18
2014.01.24 13:42:15.712,0.84806,0.8483,4.20,1.18
2014.01.24 13:42:18.460,0.84806,0.8483,4.20,1.18
2014.01.24 13:42:19.547,0.84806,0.84826,1.55,1.00
2014.01.24 13:42:19.748,0.84802,0.84823,4.58,1.00
2014.01.24 13:42:19.799,0.84802,0.84823,4.58,1.00
2014.01.24 13:42:20.494,0.84802,0.84823,2.40,1.18
2014.01.24 13:42:21.105,0.84802,0.84823,2.03,1.00
2014.01.24 13:42:21.817,0.84802,0.84823,2.03,1.08
2014.01.24 13:42:22.475,0.84802,0.84823,2.03,1.15
2014.01.24 13:42:22.729,0.84807,0.84823,1.13,1.10
2014.01.24 13:42:22.976,0.84807,0.84826,1.38,1.20
2014.01.24 13:42:23.187,0.84811,0.84826,1.00,1.20
2014.01.24 13:42:23.593,0.84807,0.84826,1.38,1.20
2014.01.24 13:42:23.814,0.84812,0.84826,1.00,1.20
2014.01.24 13:42:25.724,0.84812,0.8483,1.00,1.15
2014.01.24 13:42:25.825,0.84812,0.84831,1.00,1.28
2014.01.24 13:42:25.875,0.84812,0.84831,1.00,1.28
2014.01.24 13:42:26.015,0.84809,0.84831,1.00,1.53
2014.01.24 13:42:26.563,0.84812,0.84831,1.00,1.53
2014.01.24 13:42:26.895,0.84809,0.84831,1.00,1.53
2014.01.24 13:42:27.047,0.84809,0.8483,1.38,1.53
2014.01.24 13:42:27.148,0.84807,0.84828,1.15,1.20
2014.01.24 13:42:27.249,0.84807,0.84827,1.15,1.08
2014.01.24 13:42:27.556,0.84812,0.84829,1.00,1.18
2014.01.24 13:42:27.858,0.84822,0.84828,1.00,1.00
2014.01.24 13:42:27.909,0.84822,0.84841,1.00,1.65
2014.01.24 13:42:28.112,0.84818,0.84841,1.15,1.15
2014.01.24 13:42:28.163,0.84818,0.84841,1.15,1.00
2014.01.24 13:42:28.756,0.84822,0.84843,1.58,1.18
2014.01.24 13:42:30.905,0.84822,0.84843,1.00,1.18
2014.01.24 13:42:36.772,0.84818,0.84842,1.15,1.15
2014.01.24 13:42:37.294,0.84818,0.84842,1.08,1.15
2014.01.24 13:42:37.500,0.84818,0.8484,1.15,1.20
2014.01.24 13:42:37.843,0.84818,0.84842,1.18,3.15
2014.01.24 13:42:38.732,0.84818,0.84842,1.18,4.58
2014.01.24 13:42:40.290,0.84816,0.84837,1.08,1.18
2014.01.24 13:42:40.341,0.84816,0.84837,1.00,1.15
2014.01.24 13:42:40.863,0.84814,0.84835,1.18,1.10
2014.01.24 13:42:43.174,0.84811,0.84832,1.65,1.00
2014.01.24 13:42:43.477,0.8481,0.8483,2.33,1.20
2014.01.24 13:42:43.528,0.84807,0.8483,1.15,1.28
2014.01.24 13:42:43.629,0.84807,0.8483,1.15,1.28
2014.01.24 13:42:45.310,0.84807,0.8483,1.15,1.08
2014.01.24 13:42:45.361,0.8481,0.84832,1.15,1.48
2014.01.24 13:42:45.563,0.84812,0.84836,1.65,1.95
2014.01.24 13:42:47.893,0.84811,0.84831,2.33,1.00
2014.01.24 13:42:48.095,0.84808,0.84831,1.15,1.20
2014.01.24 13:42:49.351,0.84808,0.84831,3.08,1.20
2014.01.24 13:42:49.503,0.84814,0.84834,1.18,1.10
2014.01.24 13:42:49.655,0.84814,0.84835,1.15,1.00
2014.01.24 13:42:50.163,0.84816,0.84835,1.10,1.18
2014.01.24 13:42:50.264,0.84817,0.8484,1.18,1.18
2014.01.24 13:42:50.315,0.84821,0.84841,1.00,1.15
2014.01.24 13:42:50.517,0.84821,0.84842,1.18,1.08
2014.01.24 13:42:50.568,0.84818,0.84839,3.08,1.00
2014.01.24 13:42:50.618,0.84818,0.84839,1.15,1.00
2014.01.24 13:42:50.824,0.84819,0.84839,2.33,1.00
2014.01.24 13:42:50.875,0.84821,0.84842,1.15,1.48
2014.01.24 13:42:51.444,0.84821,0.84842,1.15,1.10
2014.01.24 13:42:52.530,0.84821,0.84842,1.15,1.10
2014.01.24 13:42:53.074,0.84821,0.84842,3.08,1.00
2014.01.24 13:42:53.256,0.84821,0.84842,1.15,1.00
2014.01.24 13:42:54.164,0.84823,0.84844,1.08,1.08
2014.01.24 13:42:54.265,0.84826,0.84846,1.00,1.15
2014.01.24 13:42:54.315,0.84826,0.84847,1.10,1.10
2014.01.24 13:42:54.416,0.84826,0.84847,1.18,1.10
2014.01.24 13:42:54.747,0.84826,0.84847,1.00,1.53
2014.01.24 13:42:54.850,0.84823,0.84845,1.10,1.53
2014.01.24 13:42:56.090,0.84823,0.84845,1.15,1.38
2014.01.24 13:42:56.524,0.84823,0.84845,3.83,1.00
2014.01.24 13:42:58.177,0.84823,0.84843,3.83,1.00
2014.01.24 13:42:58.480,0.84823,0.84841,2.33,1.38
2014.01.24 13:42:58.590,0.8482,0.84841,1.15,1.38
2014.01.24 13:42:59.660,0.8482,0.84841,1.15,1.48
2014.01.24 13:43:00.256,0.8482,0.84841,1.20,1.53
2014.01.24 13:43:04.133,0.8482,0.84841,1.20,1.53
2014.01.24 13:43:04.648,0.8482,0.84841,1.20,1.53
2014.01.24 13:43:05.929,0.8482,0.84841,1.00,1.53
2014.01.24 13:43:06.886,0.8482,0.84841,1.00,2.03
2014.01.24 13:43:06.937,0.84816,0.8484,1.53,1.28
2014.01.24 13:43:07.038,0.84819,0.84843,1.00,3.53
2014.01.24 13:43:13.193,0.84819,0.84843,1.18,3.53
2014.01.24 13:43:13.297,0.84824,0.84843,1.00,1.55
2014.01.24 13:43:13.723,0.84824,0.84844,1.15,1.00
2014.01.24 13:43:15.377,0.84826,0.84844,1.00,1.13
2014.01.24 13:43:16.997,0.84826,0.84843,1.15,1.00
2014.01.24 13:43:17.199,0.84834,0.84849,1.00,1.00
2014.01.24 13:43:17.250,0.84832,0.84853,1.00,2.03
2014.01.24 13:43:17.418,0.84829,0.8485,1.20,1.15
2014.01.24 13:43:18.252,0.84832,0.84853,1.00,1.15
2014.01.24 13:43:18.812,0.84832,0.84853,1.00,1.15
2014.01.24 13:43:21.794,0.84832,0.84853,1.00,1.15
2014.01.24 13:43:22.813,0.84832,0.84852,1.00,2.33
2014.01.24 13:43:23.131,0.84832,0.8485,1.00,2.33
2014.01.24 13:43:23.897,0.84828,0.84848,1.00,1.15
2014.01.24 13:43:24.048,0.84827,0.84848,1.18,1.20
2014.01.24 13:43:24.627,0.84827,0.84848,1.18,1.95
2014.01.24 13:43:25.158,0.8483,0.84851,1.00,2.40
2014.01.24 13:43:25.658,0.8483,0.84851,1.20,2.40
2014.01.24 13:43:25.967,0.84831,0.84854,1.00,1.15
2014.01.24 13:43:26.068,0.84831,0.84854,1.15,1.15
2014.01.24 13:43:26.169,0.84831,0.84854,1.15,1.08
2014.01.24 13:43:27.081,0.84831,0.84854,2.03,1.00
2014.01.24 13:43:27.383,0.84831,0.8485,2.03,1.00
2014.01.24 13:43:27.484,0.84828,0.84849,3.45,1.00
2014.01.24 13:43:27.665,0.84827,0.84849,1.28,1.00
2014.01.24 13:43:27.932,0.84829,0.84852,1.28,1.10
2014.01.24 13:43:28.033,0.84834,0.84857,1.18,1.15
2014.01.24 13:43:28.134,0.84834,0.84857,1.15,1.15
2014.01.24 13:43:28.387,0.84839,0.84858,1.00,1.15
2014.01.24 13:43:33.120,0.84839,0.84858,1.00,1.00
2014.01.24 13:43:33.221,0.84842,0.84858,1.00,1.00
2014.01.24 13:43:33.695,0.84842,0.84862,1.00,1.15
2014.01.24 13:43:37.192,0.84842,0.84861,1.00,1.28
2014.01.24 13:43:37.625,0.84842,0.84863,1.00,1.15
2014.01.24 13:43:37.742,0.84845,0.84866,1.00,2.03
2014.01.24 13:43:37.842,0.84845,0.84866,1.00,1.28
2014.01.24 13:43:38.044,0.84845,0.84864,1.00,1.28
2014.01.24 13:43:38.904,0.84845,0.84862,1.00,1.28
2014.01.24 13:43:38.955,0.8484,0.84862,1.00,1.53
2014.01.24 13:43:39.590,0.84843,0.84862,1.00,1.53
2014.01.24 13:43:40.412,0.84843,0.84862,1.10,1.20
2014.01.24 13:43:40.741,0.84843,0.84862,1.08,1.20
2014.01.24 13:43:41.004,0.84846,0.84867,1.15,1.00
2014.01.24 13:43:41.212,0.84846,0.84867,1.20,1.20
2014.01.24 13:43:41.382,0.84846,0.84867,1.20,1.58
2014.01.24 13:43:41.714,0.84846,0.84867,1.20,1.28
2014.01.24 13:43:42.372,0.84846,0.84867,1.20,2.03
2014.01.24 13:43:43.095,0.84848,0.84867,1.00,1.58
2014.01.24 13:43:43.297,0.84848,0.84869,1.00,1.15
2014.01.24 13:43:43.348,0.84855,0.84869,1.00,1.15
2014.01.24 13:43:43.398,0.84855,0.84869,1.00,1.10
2014.01.24 13:43:43.449,0.84851,0.84869,1.00,1.10
2014.01.24 13:43:43.802,0.84848,0.84869,1.10,1.15
2014.01.24 13:43:45.580,0.84846,0.84867,1.00,1.15
2014.01.24 13:43:45.782,0.84849,0.84869,1.00,1.15
2014.01.24 13:43:47.456,0.84849,0.84869,1.00,1.15
2014.01.24 13:43:49.374,0.8485,0.84869,1.00,1.15
2014.01.24 13:43:52.064,0.8485,0.84868,1.00,2.33
2014.01.24 13:44:00.103,0.8485,0.84868,1.00,1.53
2014.01.24 13:44:00.494,0.84848,0.84869,1.00,2.03
2014.01.24 13:44:00.617,0.84845,0.84867,1.08,1.28
2014.01.24 13:44:02.142,0.84843,0.84864,1.15,1.00
2014.01.24 13:44:02.293,0.84843,0.84864,1.15,1.20
2014.01.24 13:44:02.344,0.84843,0.84864,1.08,1.28
2014.01.24 13:44:02.394,0.8484,0.84863,1.18,1.15
2014.01.24 13:44:02.866,0.8484,0.84863,1.15,1.08
2014.01.24 13:44:03.589,0.8484,0.84863,1.15,1.15
2014.01.24 13:44:03.640,0.8484,0.84863,1.15,1.15
2014.01.24 13:44:06.226,0.84843,0.84864,1.00,1.15
2014.01.24 13:44:06.529,0.84845,0.84867,1.08,1.28
2014.01.24 13:44:07.303,0.84843,0.84864,1.08,1.18
2014.01.24 13:44:07.821,0.84845,0.84867,1.00,4.20
2014.01.24 13:44:09.282,0.84845,0.84867,1.18,1.18
2014.01.24 13:44:10.793,0.84845,0.84867,1.18,1.10
2014.01.24 13:44:12.581,0.84845,0.84867,1.18,1.28
2014.01.24 13:44:12.782,0.84844,0.84865,2.33,1.13
2014.01.24 13:44:12.985,0.84842,0.84865,1.15,1.10
2014.01.24 13:44:13.540,0.84841,0.84865,1.15,1.20
2014.01.24 13:44:14.990,0.84841,0.84865,1.15,1.15
2014.01.24 13:44:16.565,0.8484,0.84861,1.15,1.00
2014.01.24 13:44:16.868,0.84849,0.84867,1.00,1.55
2014.01.24 13:44:16.969,0.84849,0.84867,1.15,1.00
2014.01.24 13:44:17.070,0.84849,0.8487,1.15,1.13
2014.01.24 13:44:17.234,0.84853,0.8487,1.00,1.13
2014.01.24 13:44:17.552,0.84855,0.84872,1.65,1.00
2014.01.24 13:44:17.854,0.84862,0.84881,1.00,2.70
2014.01.24 13:44:18.107,0.84872,0.8489,2.18,1.20
2014.01.24 13:44:18.157,0.84878,0.8489,1.00,1.20
2014.01.24 13:44:18.297,0.84883,0.84904,1.15,1.38
2014.01.24 13:44:18.401,0.84887,0.8491,1.20,1.53
2014.01.24 13:44:18.452,0.84887,0.8491,1.18,1.53
2014.01.24 13:44:18.755,0.84884,0.84904,2.33,1.00
2014.01.24 13:44:18.957,0.84882,0.84904,4.58,1.00
2014.01.24 13:44:19.158,0.84891,0.84909,1.13,1.15
2014.01.24 13:44:19.461,0.84896,0.84918,2.33,1.38
2014.01.24 13:44:19.512,0.84896,0.84918,2.33,1.00
2014.01.24 13:44:19.613,0.84898,0.84921,1.15,2.03
2014.01.24 13:44:19.770,0.84895,0.84921,3.08,1.55
2014.01.24 13:44:19.821,0.84895,0.84921,1.15,1.53
2014.01.24 13:44:19.922,0.84895,0.84921,1.15,3.08
2014.01.24 13:44:20.073,0.84895,0.84922,1.15,1.53
2014.01.24 13:44:20.124,0.84898,0.84922,2.25,1.53
2014.01.24 13:44:20.641,0.84898,0.84923,2.33,1.28
2014.01.24 13:44:21.081,0.84896,0.84923,2.33,1.28
2014.01.24 13:44:22.077,0.84898,0.84923,3.08,1.55
2014.01.24 13:44:22.380,0.84904,0.84923,1.15,1.38
2014.01.24 13:44:22.922,0.84902,0.84924,2.70,1.45
2014.01.24 13:44:22.973,0.849,0.84924,1.53,1.53
2014.01.24 13:44:23.175,0.84899,0.8492,1.38,1.53
2014.01.24 13:44:23.225,0.84899,0.8492,1.00,1.53
2014.01.24 13:44:23.699,0.849,0.84921,1.38,2.70
2014.01.24 13:44:24.251,0.849,0.84921,1.13,2.70
2014.01.24 13:44:24.764,0.84895,0.84918,1.53,1.18
2014.01.24 13:44:26.721,0.84895,0.84918,1.53,1.55
2014.01.24 13:44:27.383,0.84895,0.84918,1.48,3.45
2014.01.24 13:44:27.713,0.84894,0.84915,1.38,1.45
2014.01.24 13:44:28.569,0.84891,0.84911,1.88,2.33
2014.01.24 13:44:28.720,0.84892,0.84908,1.00,1.18
2014.01.24 13:44:28.841,0.84885,0.84908,1.55,1.18
2014.01.24 13:44:28.943,0.84884,0.84905,1.15,1.00
2014.01.24 13:44:29.043,0.84884,0.84905,1.10,1.10
2014.01.24 13:44:29.144,0.84884,0.84904,1.00,2.70
2014.01.24 13:44:29.397,0.8488,0.84901,1.00,1.65
2014.01.24 13:44:29.447,0.8488,0.84899,1.00,2.33
2014.01.24 13:44:29.498,0.84876,0.84897,1.10,1.15
2014.01.24 13:44:29.549,0.84876,0.84897,1.00,3.08
2014.01.24 13:44:29.599,0.84874,0.84895,1.10,1.15
2014.01.24 13:44:29.650,0.84874,0.84895,1.00,3.08
2014.01.24 13:44:33.897,0.84874,0.84893,1.00,1.28
2014.01.24 13:44:37.233,0.8487,0.84893,1.08,2.03
2014.01.24 13:44:37.284,0.8487,0.84893,1.15,2.03
2014.01.24 13:44:37.334,0.8487,0.84893,1.08,2.03
2014.01.24 13:44:37.980,0.8487,0.84893,1.00,2.03
2014.01.24 13:44:38.486,0.8487,0.84892,1.00,3.45
2014.01.24 13:44:38.586,0.84867,0.8489,1.65,1.28
2014.01.24 13:44:40.931,0.84867,0.8489,1.65,1.15
2014.01.24 13:44:40.982,0.84867,0.8489,1.65,1.15
2014.01.24 13:44:41.083,0.84867,0.8489,1.65,1.10
2014.01.24 13:44:42.139,0.8487,0.84893,1.15,2.03
2014.01.24 13:44:42.833,0.8487,0.84893,1.15,2.03
2014.01.24 13:44:43.444,0.8487,0.84893,1.08,2.03
2014.01.24 13:44:43.600,0.8487,0.84893,1.15,1.95
2014.01.24 13:44:43.651,0.8487,0.84893,1.15,1.95
2014.01.24 13:44:44.314,0.8487,0.84893,1.15,1.95
2014.01.24 13:44:44.961,0.8487,0.84893,1.15,1.88
2014.01.24 13:44:45.631,0.8487,0.84893,1.65,1.38
2014.01.24 13:44:46.071,0.8487,0.84893,1.65,1.38
2014.01.24 13:44:46.951,0.8487,0.84893,1.65,1.00
2014.01.24 13:44:48.922,0.8487,0.84893,1.15,1.58
2014.01.24 13:44:49.431,0.8487,0.84893,1.65,1.00
2014.01.24 13:44:49.532,0.8487,0.84893,1.15,1.48
2014.01.24 13:44:49.876,0.8487,0.8489,1.15,1.38
2014.01.24 13:44:51.170,0.8487,0.8489,1.15,1.13
2014.01.24 13:44:52.915,0.8487,0.84889,1.15,1.00
2014.01.24 13:44:53.531,0.8487,0.84891,1.15,1.38
2014.01.24 13:44:54.223,0.8487,0.84891,1.15,1.38
2014.01.24 13:44:54.764,0.8487,0.84891,1.15,1.38
2014.01.24 13:44:55.160,0.8487,0.84889,1.18,1.13
2014.01.24 13:44:55.699,0.84874,0.84892,1.00,1.18
2014.01.24 13:44:56.025,0.84882,0.84899,1.00,1.15
2014.01.24 13:44:56.332,0.84877,0.84894,1.53,1.00
2014.01.24 13:44:56.484,0.84877,0.84894,1.53,1.00
2014.01.24 13:44:56.997,0.84877,0.84894,1.10,1.00
2014.01.24 13:44:57.493,0.84873,0.84894,1.53,1.10
2014.01.24 13:44:57.875,0.84874,0.84895,1.28,1.20
2014.01.24 13:44:58.177,0.84877,0.84897,1.53,1.00
2014.01.24 13:44:58.480,0.84876,0.84897,4.20,1.38
2014.01.24 13:44:59.011,0.84876,0.84897,4.20,1.38
2014.01.24 13:44:59.344,0.84876,0.84897,1.53,1.38
2014.01.24 13:45:00.374,0.84876,0.84897,1.53,1.00
2014.01.24 13:45:01.000,0.84876,0.84897,1.53,1.13
2014.01.24 13:45:02.272,0.84877,0.849,1.53,1.65
2014.01.24 13:45:02.323,0.84881,0.849,1.38,1.65
2014.01.24 13:45:02.374,0.84881,0.849,1.45,1.58
2014.01.24 13:45:02.626,0.84882,0.84902,1.53,1.13
2014.01.24 13:45:02.973,0.84887,0.84905,1.38,1.08
2014.01.24 13:45:03.329,0.84882,0.84905,1.88,1.55
2014.01.24 13:45:04.185,0.84882,0.84905,1.80,1.53
2014.01.24 13:45:04.498,0.84881,0.84902,3.98,1.28
2014.01.24 13:45:05.835,0.84882,0.84902,1.05,1.28
2014.01.24 13:45:05.937,0.84882,0.84902,1.13,1.20
2014.01.24 13:45:07.363,0.84882,0.84902,1.13,1.10
2014.01.24 13:45:08.683,0.84882,0.84902,1.13,1.20
2014.01.24 13:45:09.586,0.84882,0.84902,1.13,1.48
2014.01.24 13:45:11.443,0.84882,0.84902,1.13,1.10
2014.01.24 13:45:11.769,0.84897,0.84904,2.10,1.00
2014.01.24 13:45:11.922,0.84898,0.84909,1.05,1.00
2014.01.24 13:45:12.023,0.84897,0.84917,3.38,1.38
2014.01.24 13:45:12.124,0.84897,0.84917,3.30,1.45
2014.01.24 13:45:12.231,0.84898,0.84917,1.30,1.45
2014.01.24 13:45:12.653,0.84897,0.84917,1.55,1.38
2014.01.24 13:45:13.249,0.84897,0.84917,1.28,1.58
2014.01.24 13:45:13.581,0.84897,0.84911,1.00,1.38
2014.01.24 13:45:14.083,0.84897,0.84914,1.00,1.48
2014.01.24 13:45:14.385,0.84902,0.84916,1.00,1.45
2014.01.24 13:45:14.436,0.84902,0.84916,1.00,1.48
2014.01.24 13:45:14.486,0.84906,0.8492,1.00,1.45
2014.01.24 13:45:15.083,0.84906,0.84923,1.00,1.45
2014.01.24 13:45:15.792,0.84906,0.84923,1.00,1.53
2014.01.24 13:45:16.438,0.84902,0.84921,1.10,1.13
2014.01.24 13:45:16.640,0.84902,0.84919,1.00,1.38
2014.01.24 13:45:16.741,0.84902,0.84919,1.00,1.38
2014.01.24 13:45:16.868,0.84902,0.84919,1.00,1.48
2014.01.24 13:45:17.292,0.84902,0.84918,1.00,1.48
2014.01.24 13:45:17.343,0.84907,0.84923,1.00,3.83
2014.01.24 13:45:17.394,0.84907,0.84923,1.00,1.93
2014.01.24 13:45:17.445,0.84912,0.84924,1.00,1.55
2014.01.24 13:45:17.546,0.84906,0.84924,1.08,1.38
2014.01.24 13:45:17.653,0.84912,0.84924,1.00,1.38
2014.01.24 13:45:18.153,0.84912,0.84927,1.00,1.45
2014.01.24 13:45:19.185,0.84912,0.84927,1.00,1.48
2014.01.24 13:45:21.498,0.84907,0.84927,1.18,1.48
2014.01.24 13:45:21.600,0.84902,0.84925,4.20,2.18
2014.01.24 13:45:21.701,0.84902,0.84923,1.95,1.08
2014.01.24 13:45:21.891,0.84902,0.84922,1.38,1.48
2014.01.24 13:45:22.244,0.84902,0.84922,1.38,1.20
2014.01.24 13:45:23.762,0.84902,0.84922,1.45,1.13
2014.01.24 13:45:23.914,0.84902,0.84922,1.55,1.28
2014.01.24 13:45:24.617,0.84902,0.84922,1.55,1.18
2014.01.24 13:45:25.123,0.84907,0.84925,1.38,1.55
2014.01.24 13:45:25.526,0.84907,0.84928,1.53,1.20
2014.01.24 13:45:25.766,0.84912,0.84928,1.00,1.20
2014.01.24 13:45:26.438,0.84912,0.84928,1.00,1.38
2014.01.24 13:45:27.493,0.84912,0.84928,1.00,1.10
2014.01.24 13:45:27.796,0.84912,0.8493,1.38,1.00
2014.01.24 13:45:28.098,0.84927,0.84936,1.00,1.13
2014.01.24 13:45:28.200,0.84918,0.84932,1.15,1.00
2014.01.24 13:45:28.301,0.84913,0.84931,1.20,1.00
2014.01.24 13:45:28.352,0.84913,0.84934,1.20,1.15
2014.01.24 13:45:28.403,0.84913,0.84934,1.20,1.53
2014.01.24 13:45:28.908,0.84912,0.84932,1.00,1.15
2014.01.24 13:45:29.405,0.84911,0.84925,1.00,1.00
2014.01.24 13:45:29.607,0.84901,0.84921,1.53,1.00
2014.01.24 13:45:29.708,0.84901,0.84921,2.03,1.00
2014.01.24 13:45:30.104,0.84901,0.84919,1.28,1.00
2014.01.24 13:45:30.155,0.84898,0.84919,1.15,1.38
2014.01.24 13:45:30.256,0.84896,0.84916,1.00,1.53
2014.01.24 13:45:30.357,0.84892,0.84909,1.10,1.10
2014.01.24 13:45:30.508,0.84888,0.84909,1.55,1.10
2014.01.24 13:45:30.834,0.84892,0.84909,1.38,1.10
2014.01.24 13:45:30.935,0.84892,0.84912,1.45,1.08
2014.01.24 13:45:31.036,0.84892,0.84914,1.95,1.15
2014.01.24 13:45:31.137,0.84892,0.84915,2.03,1.15
2014.01.24 13:45:31.490,0.84892,0.84915,2.03,1.15
2014.01.24 13:45:32.023,0.84892,0.84915,2.03,1.18
2014.01.24 13:45:32.441,0.84892,0.84915,2.03,1.18
2014.01.24 13:45:33.038,0.84896,0.84915,1.38,1.18
2014.01.24 13:45:34.081,0.84896,0.84915,1.38,1.18
2014.01.24 13:45:34.664,0.84896,0.84915,1.00,1.18
2014.01.24 13:45:35.035,0.84896,0.84915,1.38,1.18
2014.01.24 13:45:35.803,0.84896,0.84915,1.38,1.18
2014.01.24 13:45:36.952,0.84896,0.84915,1.38,1.18
2014.01.24 13:45:37.277,0.84901,0.84922,1.58,1.65
2014.01.24 13:45:37.327,0.84901,0.84922,1.58,1.15
2014.01.24 13:45:37.529,0.84904,0.84925,1.48,1.18
2014.01.24 13:45:37.846,0.84906,0.84929,1.28,1.65
2014.01.24 13:45:38.048,0.84907,0.84929,3.45,1.00
2014.01.24 13:45:38.350,0.84909,0.84931,3.08,1.00
2014.01.24 13:45:42.555,0.84911,0.84934,1.28,1.15
2014.01.24 13:45:42.960,0.84911,0.84934,4.20,1.10
2014.01.24 13:45:44.060,0.84911,0.84934,2.03,1.08
2014.01.24 13:45:45.010,0.84911,0.84934,1.65,1.15
2014.01.24 13:45:45.529,0.84911,0.84934,2.03,1.08
2014.01.24 13:45:45.875,0.84911,0.84934,1.15,1.45
2014.01.24 13:45:47.227,0.84909,0.84932,1.53,2.03
2014.01.24 13:45:48.282,0.84909,0.84932,4.20,1.95
2014.01.24 13:45:48.438,0.84909,0.84932,1.53,1.88
2014.01.24 13:45:49.382,0.84909,0.84932,1.53,1.88
2014.01.24 13:45:49.783,0.84912,0.84932,1.15,1.00
2014.01.24 13:45:50.122,0.84907,0.84928,1.28,1.00
2014.01.24 13:45:51.291,0.84907,0.84928,1.53,1.00
2014.01.24 13:45:53.131,0.84908,0.84931,1.53,1.18
2014.01.24 13:45:53.681,0.84912,0.84931,1.48,1.00
2014.01.24 13:45:54.492,0.84912,0.84931,1.48,1.00
2014.01.24 13:45:54.728,0.84916,0.84931,1.00,1.00
2014.01.24 13:45:56.243,0.84916,0.84931,1.00,1.15
2014.01.24 13:45:56.881,0.84911,0.84931,1.48,1.15
2014.01.24 13:45:57.579,0.84911,0.84931,1.48,1.15
2014.01.24 13:45:57.630,0.84911,0.84928,1.00,1.08
2014.01.24 13:45:57.782,0.84906,0.84925,1.45,1.00
2014.01.24 13:45:57.833,0.84906,0.84925,1.38,1.08
2014.01.24 13:45:57.984,0.84901,0.84924,2.03,3.08
2014.01.24 13:45:58.831,0.84901,0.84924,1.95,3.08
2014.01.24 13:45:59.290,0.84901,0.84924,1.95,3.08
2014.01.24 13:45:59.393,0.84901,0.84924,1.95,3.08
2014.01.24 13:45:59.490,0.84901,0.84924,1.95,3.08
2014.01.24 13:45:59.711,0.84901,0.84924,1.95,3.08
2014.01.24 13:45:59.962,0.84901,0.84924,1.95,3.08
2014.01.24 13:46:00.481,0.84901,0.84924,1.95,3.08
2014.01.24 13:46:00.687,0.84905,0.84926,1.00,1.15
2014.01.24 13:46:01.198,0.84905,0.84926,1.00,3.83
2014.01.24 13:46:02.342,0.84905,0.84925,1.00,2.33
2014.01.24 13:46:02.594,0.84902,0.84924,1.00,1.15
2014.01.24 13:46:03.324,0.84902,0.84925,1.00,2.03
2014.01.24 13:46:04.203,0.84902,0.84923,1.00,1.28
2014.01.24 13:46:04.645,0.84902,0.84921,1.00,2.33
2014.01.24 13:46:05.223,0.849,0.84921,1.13,3.08
2014.01.24 13:46:05.889,0.849,0.84921,1.38,3.08
2014.01.24 13:46:06.040,0.849,0.84921,1.45,1.15
2014.01.24 13:46:06.091,0.849,0.84921,1.53,1.18
2014.01.24 13:46:06.620,0.849,0.84921,1.53,1.18
2014.01.24 13:46:08.171,0.849,0.84921,1.53,1.18
2014.01.24 13:46:08.676,0.849,0.84921,4.20,1.00
2014.01.24 13:46:08.978,0.84897,0.84918,3.45,1.00
2014.01.24 13:46:09.230,0.84901,0.84921,1.15,1.00
2014.01.24 13:46:09.381,0.84902,0.84922,3.45,1.50
2014.01.24 13:46:09.634,0.84905,0.84926,3.45,1.00
2014.01.24 13:46:09.836,0.84907,0.8493,1.53,1.13
2014.01.24 13:46:10.347,0.8491,0.84933,1.18,1.53
2014.01.24 13:46:10.962,0.8491,0.84933,1.20,3.45
2014.01.24 13:46:11.504,0.84906,0.84929,1.15,1.65
2014.01.24 13:46:11.555,0.84906,0.84929,1.15,1.65
2014.01.24 13:46:11.656,0.84906,0.84929,1.10,3.83
2014.01.24 13:46:11.970,0.84908,0.84931,1.20,3.08
2014.01.24 13:46:12.072,0.84908,0.84931,1.53,1.15
2014.01.24 13:46:12.536,0.84911,0.84934,1.95,1.15
2014.01.24 13:46:12.853,0.8492,0.84943,1.53,1.18
2014.01.24 13:46:13.381,0.84923,0.84944,1.15,1.10
2014.01.24 13:46:14.153,0.84926,0.84944,1.15,1.00
2014.01.24 13:46:14.254,0.84926,0.84948,1.28,1.08
2014.01.24 13:46:14.305,0.84926,0.84948,2.70,1.00
2014.01.24 13:46:14.611,0.84926,0.84947,1.28,1.18
2014.01.24 13:46:15.031,0.84929,0.8495,1.20,1.20
2014.01.24 13:46:15.232,0.84926,0.84947,1.53,1.00
2014.01.24 13:46:15.334,0.84928,0.84951,1.53,1.15
2014.01.24 13:46:15.436,0.8493,0.84953,1.45,1.15
2014.01.24 13:46:15.588,0.84937,0.84958,1.18,1.00
2014.01.24 13:46:15.739,0.84937,0.84958,1.15,1.00
2014.01.24 13:46:16.042,0.84937,0.84956,2.03,1.00
2014.01.24 13:46:16.093,0.84941,0.84962,1.10,1.15
2014.01.24 13:46:16.446,0.84939,0.84962,1.00,4.20
2014.01.24 13:46:16.698,0.84939,0.84962,1.38,1.15
2014.01.24 13:46:17.202,0.84939,0.84962,1.53,1.15
2014.01.24 13:46:18.009,0.84939,0.84962,1.53,1.10
2014.01.24 13:46:18.550,0.84939,0.84962,1.53,1.08
2014.01.24 13:46:19.064,0.84942,0.84963,1.13,1.65
2014.01.24 13:46:19.540,0.84942,0.84963,1.13,1.18
2014.01.24 13:46:20.085,0.84939,0.8496,1.10,1.08
2014.01.24 13:46:20.388,0.84937,0.84958,1.38,1.15
2014.01.24 13:46:20.841,0.84937,0.84958,1.48,1.15
2014.01.24 13:46:21.093,0.84939,0.8496,1.48,1.55
2014.01.24 13:46:21.144,0.84939,0.8496,1.55,1.45
2014.01.24 13:46:21.195,0.84939,0.8496,1.53,1.00
2014.01.24 13:46:21.360,0.84938,0.84957,2.70,1.00
2014.01.24 13:46:21.539,0.84936,0.84955,1.53,1.00
2014.01.24 13:46:21.640,0.84934,0.84955,1.53,1.00
2014.01.24 13:46:21.943,0.84936,0.84958,1.55,1.20
2014.01.24 13:46:22.641,0.84936,0.84958,1.55,1.48
2014.01.24 13:46:23.701,0.84936,0.84956,1.55,1.00
2014.01.24 13:46:23.802,0.84936,0.84956,1.48,1.15
2014.01.24 13:46:23.954,0.84929,0.84952,2.03,1.38
2014.01.24 13:46:24.501,0.84929,0.84952,3.45,1.48
2014.01.24 13:46:25.167,0.84929,0.84952,3.45,1.48
2014.01.24 13:46:25.592,0.84933,0.84954,1.15,1.38
2014.01.24 13:46:25.899,0.84933,0.84954,1.18,1.53
2014.01.24 13:46:26.152,0.84935,0.84957,1.20,1.53
2014.01.24 13:46:26.253,0.84935,0.84957,1.28,1.20
2014.01.24 13:46:26.556,0.84936,0.84958,1.28,1.38
2014.01.24 13:46:26.881,0.84936,0.84958,1.53,1.00
2014.01.24 13:46:27.844,0.84937,0.84958,3.45,1.00
2014.01.24 13:46:27.895,0.84941,0.84963,1.15,1.28
2014.01.24 13:46:28.096,0.84942,0.84961,2.70,1.00
2014.01.24 13:46:28.248,0.84941,0.84961,1.28,1.00
2014.01.24 13:46:28.399,0.84942,0.84965,1.53,1.95
2014.01.24 13:46:28.450,0.84944,0.84965,1.15,1.00
2014.01.24 13:46:28.752,0.84944,0.84967,6.38,1.00
2014.01.24 13:46:29.382,0.84947,0.84967,2.33,1.00
2014.01.24 13:46:29.583,0.84948,0.84969,3.45,1.00
2014.01.24 13:46:29.634,0.84948,0.84969,1.28,1.00
2014.01.24 13:46:30.171,0.84948,0.84969,1.28,1.38
2014.01.24 13:46:31.269,0.84946,0.84969,3.38,4.20
2014.01.24 13:46:31.521,0.84949,0.84972,1.13,3.45
2014.01.24 13:46:31.622,0.84949,0.84972,1.13,1.45
2014.01.24 13:46:32.590,0.84949,0.84972,1.18,1.55
2014.01.24 13:46:33.139,0.84949,0.84972,1.18,1.55
2014.01.24 13:46:33.652,0.84952,0.84972,1.55,1.08
2014.01.24 13:46:33.753,0.84952,0.84973,2.03,1.20
2014.01.24 13:46:33.803,0.84952,0.84973,1.65,1.48
2014.01.24 13:46:34.055,0.84949,0.84972,1.15,1.45
2014.01.24 13:46:34.232,0.84949,0.84972,1.15,1.53
2014.01.24 13:46:34.802,0.84949,0.84972,1.18,1.53
2014.01.24 13:46:35.054,0.84944,0.84965,1.65,1.58
2014.01.24 13:46:35.155,0.84944,0.84965,1.18,1.20
2014.01.24 13:46:35.832,0.84946,0.84965,1.15,1.00
2014.01.24 13:46:37.103,0.84946,0.84965,1.53,1.00
2014.01.24 13:46:37.621,0.84946,0.84969,7.88,1.13
2014.01.24 13:46:38.209,0.84951,0.84971,1.18,1.00
2014.01.24 13:46:38.512,0.84952,0.84971,2.33,1.00
2014.01.24 13:46:38.612,0.84953,0.84974,1.15,1.13
2014.01.24 13:46:38.997,0.84952,0.84974,1.15,1.55
2014.01.24 13:46:39.047,0.84952,0.8497,1.15,1.00
2014.01.24 13:46:39.148,0.8495,0.8497,1.15,1.00
2014.01.24 13:46:39.199,0.8495,0.8497,1.18,1.48
2014.01.24 13:46:39.527,0.84947,0.8497,1.65,1.48
2014.01.24 13:46:39.628,0.84947,0.8497,1.65,1.48
2014.01.24 13:46:39.730,0.84951,0.84972,1.08,1.55
2014.01.24 13:46:39.781,0.84951,0.84972,1.15,1.48
2014.01.24 13:46:40.321,0.84951,0.84971,2.33,1.13
2014.01.24 13:46:40.422,0.84949,0.84971,1.28,1.13
2014.01.24 13:46:40.472,0.84949,0.84971,1.15,1.38
2014.01.24 13:46:40.814,0.84949,0.84971,1.15,1.38
2014.01.24 13:46:41.069,0.84948,0.84971,1.00,2.03
2014.01.24 13:46:41.120,0.84948,0.84971,1.08,1.95
2014.01.24 13:46:41.425,0.84948,0.84971,1.15,2.03
2014.01.24 13:46:41.771,0.84949,0.84971,2.33,1.38
2014.01.24 13:46:42.055,0.84948,0.84971,1.15,1.48
2014.01.24 13:46:42.158,0.84948,0.84971,3.08,1.38
2014.01.24 13:46:42.562,0.84948,0.84971,1.15,2.03
2014.01.24 13:46:43.533,0.84948,0.84971,1.18,2.03
2014.01.24 13:46:44.309,0.84948,0.84971,1.18,2.03
2014.01.24 13:46:46.251,0.84945,0.84968,1.15,1.48
2014.01.24 13:46:46.466,0.84945,0.84968,3.08,1.95
2014.01.24 13:46:48.851,0.84948,0.84969,1.15,1.48
2014.01.24 13:46:48.952,0.84948,0.84969,2.03,1.10
2014.01.24 13:46:49.003,0.84949,0.84971,1.20,1.08
2014.01.24 13:46:49.205,0.84951,0.84974,1.18,2.78
2014.01.24 13:46:49.306,0.84951,0.84974,1.20,4.95
2014.01.24 13:46:49.615,0.84947,0.84967,1.45,1.08
2014.01.24 13:46:49.991,0.84947,0.84967,1.08,1.38
2014.01.24 13:46:50.536,0.84947,0.84967,1.15,1.38
2014.01.24 13:46:50.602,0.84947,0.84967,1.15,1.45
2014.01.24 13:46:50.703,0.84947,0.84967,1.18,1.55
2014.01.24 13:46:51.005,0.84947,0.84965,1.08,1.38
2014.01.24 13:46:51.599,0.84947,0.84963,1.00,1.00
2014.01.24 13:46:51.927,0.84945,0.84963,1.20,1.00
2014.01.24 13:46:52.179,0.84942,0.84962,1.10,1.00
2014.01.24 13:46:52.472,0.84942,0.84962,1.10,1.18
2014.01.24 13:46:53.898,0.84942,0.84962,1.18,1.08
2014.01.24 13:46:53.948,0.84942,0.84962,1.15,1.10
2014.01.24 13:46:55.185,0.84942,0.84961,1.15,1.00
2014.01.24 13:46:55.881,0.84942,0.84961,1.10,1.10
2014.01.24 13:46:55.982,0.84942,0.84963,1.55,1.10
2014.01.24 13:46:56.290,0.8494,0.84961,1.53,1.00
2014.01.24 13:46:56.812,0.84941,0.84962,1.53,1.00
2014.01.24 13:46:57.219,0.84941,0.84962,2.78,1.00
2014.01.24 13:46:57.776,0.84942,0.84962,2.70,1.00
2014.01.24 13:46:58.347,0.84947,0.84965,1.20,1.00
2014.01.24 13:46:58.902,0.84947,0.84965,1.48,1.00
2014.01.24 13:46:59.511,0.84942,0.84965,4.95,1.00
2014.01.24 13:46:59.782,0.84942,0.84961,2.70,1.00
2014.01.24 13:46:59.833,0.8494,0.84961,4.20,1.00
2014.01.24 13:47:00.310,0.84941,0.84959,3.45,1.00
2014.01.24 13:47:00.361,0.84938,0.84959,2.03,1.00
2014.01.24 13:47:00.902,0.84938,0.84959,2.03,1.00
2014.01.24 13:47:01.429,0.84936,0.84956,2.70,1.00
2014.01.24 13:47:05.479,0.84937,0.84954,1.53,1.00
2014.01.24 13:47:06.626,0.84939,0.84954,1.53,1.00
2014.01.24 13:47:06.988,0.84935,0.84954,3.45,1.00
2014.01.24 13:47:07.235,0.84937,0.84954,4.20,1.00
2014.01.24 13:47:07.336,0.8494,0.84958,3.45,1.00
2014.01.24 13:47:07.438,0.84944,0.84963,1.55,1.00
2014.01.24 13:47:07.489,0.84944,0.84965,1.55,1.88
2014.01.24 13:47:07.811,0.84944,0.84965,1.53,1.28
2014.01.24 13:47:07.962,0.84944,0.84965,1.15,1.58
2014.01.24 13:47:08.275,0.8494,0.84958,4.50,1.00
2014.01.24 13:47:08.430,0.84936,0.84958,1.53,1.00
2014.01.24 13:47:09.048,0.84937,0.84958,1.53,1.00
2014.01.24 13:47:09.099,0.84939,0.8496,1.53,1.00
2014.01.24 13:47:09.352,0.84941,0.8496,2.70,1.00
2014.01.24 13:47:09.681,0.84941,0.84964,4.20,1.10
2014.01.24 13:47:10.235,0.84941,0.84964,4.95,1.10
2014.01.24 13:47:11.052,0.84942,0.84964,2.70,1.00
2014.01.24 13:47:11.647,0.84942,0.84964,2.70,1.00
2014.01.24 13:47:12.328,0.84946,0.84964,1.55,1.00
2014.01.24 13:47:12.429,0.84946,0.84966,1.55,1.10
2014.01.24 13:47:12.870,0.84946,0.84966,1.45,1.08
2014.01.24 13:47:13.623,0.84943,0.84966,1.55,1.15
2014.01.24 13:47:15.090,0.84943,0.84966,1.55,1.15
2014.01.24 13:47:15.191,0.84943,0.84966,1.55,1.15
2014.01.24 13:47:16.070,0.84946,0.84966,1.38,1.65
2014.01.24 13:47:17.960,0.84943,0.84964,1.53,1.10
2014.01.24 13:47:18.952,0.84941,0.84964,1.53,1.10
2014.01.24 13:47:19.005,0.84941,0.84964,1.53,1.08
2014.01.24 13:47:19.175,0.84941,0.84964,1.55,1.15
2014.01.24 13:47:19.998,0.84941,0.84964,1.48,1.15
2014.01.24 13:47:20.559,0.84941,0.84964,1.48,1.15
2014.01.24 13:47:21.615,0.84941,0.84964,1.38,3.08
2014.01.24 13:47:21.817,0.84937,0.8496,1.53,1.55
2014.01.24 13:47:21.867,0.84937,0.8496,1.55,1.53
2014.01.24 13:47:22.183,0.84938,0.84959,1.45,1.18
2014.01.24 13:47:22.698,0.84938,0.84959,1.45,1.18
2014.01.24 13:47:23.082,0.8494,0.84963,1.45,2.78
2014.01.24 13:47:23.247,0.84937,0.8496,2.03,1.08
2014.01.24 13:47:23.298,0.84937,0.8496,2.03,1.15
2014.01.24 13:47:23.449,0.84935,0.84956,1.45,1.08
2014.01.24 13:47:23.651,0.84932,0.84955,1.53,1.18
2014.01.24 13:47:23.970,0.84932,0.84955,1.53,1.18
2014.01.24 13:47:24.298,0.84932,0.84954,1.38,2.33
2014.01.24 13:47:24.616,0.84932,0.84955,1.48,1.15
2014.01.24 13:47:25.134,0.84932,0.84955,1.48,1.15
2014.01.24 13:47:25.185,0.84932,0.84955,1.48,1.53
2014.01.24 13:47:25.840,0.84932,0.84955,1.48,1.53
2014.01.24 13:47:27.502,0.84935,0.84956,1.13,2.03
2014.01.24 13:47:27.553,0.84935,0.84956,1.13,4.20
2014.01.24 13:47:27.887,0.84935,0.84956,1.38,4.20
2014.01.24 13:47:29.282,0.84932,0.84954,1.48,1.53
2014.01.24 13:47:29.627,0.84932,0.84953,1.38,1.53
2014.01.24 13:47:30.382,0.84932,0.8495,1.38,2.33
2014.01.24 13:47:30.543,0.84932,0.84951,1.38,1.15
2014.01.24 13:47:30.645,0.84932,0.8495,1.38,2.33
2014.01.24 13:47:31.130,0.84932,0.84952,1.38,3.45
2014.01.24 13:47:31.293,0.84932,0.8495,1.38,2.33
2014.01.24 13:47:32.210,0.84932,0.8495,1.38,2.70
2014.01.24 13:47:32.412,0.84932,0.84952,1.38,3.45
2014.01.24 13:47:33.326,0.84932,0.84952,1.38,2.70
2014.01.24 13:47:33.527,0.84932,0.84955,1.38,1.53
2014.01.24 13:47:34.086,0.84932,0.84955,1.38,2.03
2014.01.24 13:47:34.620,0.84932,0.84955,1.45,1.53
2014.01.24 13:47:34.721,0.84936,0.84954,1.13,2.70
2014.01.24 13:47:34.822,0.84936,0.84955,1.13,1.53
2014.01.24 13:47:35.331,0.84936,0.84956,1.13,1.53
2014.01.24 13:47:36.018,0.84935,0.84955,1.38,1.53
2014.01.24 13:47:36.820,0.84935,0.84955,1.38,2.70
2014.01.24 13:47:37.385,0.84935,0.84955,1.38,2.70
2014.01.24 13:47:37.812,0.84935,0.84955,1.38,2.70
2014.01.24 13:47:38.539,0.84935,0.84955,1.38,2.70
2014.01.24 13:47:38.891,0.84937,0.84958,1.13,6.38
2014.01.24 13:47:39.679,0.84937,0.84957,1.38,3.45
2014.01.24 13:47:39.790,0.84937,0.84957,1.38,3.45
2014.01.24 13:47:39.941,0.84937,0.84958,1.38,1.53
2014.01.24 13:47:40.450,0.84937,0.84958,1.38,1.28
2014.01.24 13:47:40.938,0.8494,0.8496,1.38,1.15
2014.01.24 13:47:41.247,0.84937,0.84958,1.53,1.10
2014.01.24 13:47:41.936,0.84937,0.84958,1.58,1.15
2014.01.24 13:47:42.286,0.84939,0.84962,1.45,1.15
2014.01.24 13:47:42.588,0.84942,0.84963,1.38,3.08
2014.01.24 13:47:42.841,0.84947,0.84966,1.38,1.18
2014.01.24 13:47:43.028,0.84947,0.84966,1.38,1.18
2014.01.24 13:47:44.204,0.84947,0.84964,1.38,1.00
2014.01.24 13:47:44.990,0.84947,0.84964,1.38,1.00
2014.01.24 13:47:45.091,0.84947,0.84962,1.38,1.00
2014.01.24 13:47:45.393,0.84946,0.84962,1.38,1.15
2014.01.24 13:47:45.692,0.84946,0.84962,1.38,1.10
2014.01.24 13:47:46.334,0.84947,0.84962,1.38,1.10
2014.01.24 13:47:46.489,0.84951,0.84962,1.00,1.10
2014.01.24 13:47:47.068,0.84957,0.84962,1.00,1.10
2014.01.24 13:47:47.271,0.84952,0.84962,1.00,1.00
2014.01.24 13:47:48.954,0.84937,0.84954,1.58,1.08
2014.01.24 13:47:49.005,0.84937,0.84954,1.50,1.15
2014.01.24 13:47:49.055,0.84937,0.8495,1.00,1.00
2014.01.24 13:47:49.207,0.8493,0.8495,1.08,1.00
2014.01.24 13:47:49.408,0.84929,0.8495,1.10,1.58
2014.01.24 13:47:49.661,0.84927,0.84948,1.00,1.15
2014.01.24 13:47:50.146,0.84927,0.84948,1.00,1.15
2014.01.24 13:47:52.792,0.84927,0.84948,1.08,1.15
2014.01.24 13:47:53.311,0.84927,0.84947,1.00,1.15
2014.01.24 13:47:53.614,0.84918,0.84939,1.00,2.70
2014.01.24 13:47:54.190,0.84917,0.84938,1.00,1.15
2014.01.24 13:47:54.712,0.84917,0.84937,1.00,2.03
2014.01.24 13:47:55.606,0.84917,0.84936,1.00,1.15
2014.01.24 13:47:55.911,0.84911,0.84932,1.00,3.45
2014.01.24 13:47:55.962,0.84911,0.8493,1.00,2.33
2014.01.24 13:47:56.165,0.84913,0.84934,1.00,4.20
2014.01.24 13:47:56.316,0.84916,0.84934,1.00,1.53
2014.01.24 13:47:56.568,0.84911,0.84931,1.00,1.15
2014.01.24 13:47:56.720,0.84911,0.84929,1.00,1.15
2014.01.24 13:47:57.114,0.84911,0.84927,1.00,2.33
2014.01.24 13:47:57.215,0.84909,0.84927,1.00,5.25
2014.01.24 13:47:57.687,0.84909,0.8493,1.00,7.88
2014.01.24 13:47:57.839,0.84909,0.84928,1.00,2.33
2014.01.24 13:48:03.449,0.84906,0.84927,1.00,1.28
2014.01.24 13:48:03.499,0.84906,0.84925,1.00,3.08
2014.01.24 13:48:03.550,0.84901,0.84924,1.18,1.15
2014.01.24 13:48:03.853,0.84901,0.84923,1.00,2.70
2014.01.24 13:48:04.379,0.84899,0.84922,1.18,1.53
2014.01.24 13:48:10.475,0.84897,0.84918,1.65,1.48
2014.01.24 13:48:10.777,0.84895,0.84912,2.33,1.00
2014.01.24 13:48:10.929,0.84892,0.84912,2.33,1.00
2014.01.24 13:48:11.080,0.84891,0.84912,1.15,1.00
2014.01.24 13:48:11.131,0.84891,0.84912,3.83,1.00
2014.01.24 13:48:11.904,0.84891,0.84912,1.15,1.00
2014.01.24 13:48:14.332,0.84894,0.84915,1.18,1.15
2014.01.24 13:48:14.668,0.84897,0.84918,1.00,3.08
2014.01.24 13:48:14.870,0.84897,0.84918,1.15,1.00
2014.01.24 13:48:15.448,0.84897,0.84918,1.15,1.00
2014.01.24 13:48:15.639,0.84901,0.84922,1.08,1.38
2014.01.24 13:48:15.691,0.84906,0.84922,1.00,1.00
2014.01.24 13:48:15.793,0.84906,0.84926,1.10,1.15
2014.01.24 13:48:15.894,0.84908,0.8493,2.25,1.08
2014.01.24 13:48:15.945,0.84908,0.8493,2.33,1.00
2014.01.24 13:48:18.327,0.84909,0.8493,2.33,1.00
2014.01.24 13:48:18.560,0.84907,0.8493,6.38,1.00
2014.01.24 13:48:18.711,0.84907,0.8493,2.03,1.18
2014.01.24 13:48:18.762,0.84908,0.8493,2.33,1.10
2014.01.24 13:48:20.358,0.84908,0.8493,1.18,1.18
2014.01.24 13:48:20.560,0.84907,0.8493,1.15,1.00
2014.01.24 13:48:21.474,0.84906,0.84927,2.63,1.00
2014.01.24 13:48:21.575,0.84904,0.84927,6.00,1.00
2014.01.24 13:48:21.726,0.84907,0.84928,1.20,1.00
2014.01.24 13:48:23.332,0.8491,0.84931,1.15,1.10
2014.01.24 13:48:23.433,0.8491,0.84931,1.15,1.00
2014.01.24 13:48:23.862,0.8491,0.84931,1.08,1.08
2014.01.24 13:48:23.963,0.84907,0.84928,1.15,1.08
2014.01.24 13:48:24.165,0.84908,0.84928,1.28,1.00
2014.01.24 13:48:24.570,0.84909,0.84932,1.15,1.65
2014.01.24 13:48:26.043,0.84909,0.84932,1.10,1.65
2014.01.24 13:48:26.199,0.84904,0.84927,1.28,1.18
2014.01.24 13:48:26.300,0.84907,0.84928,1.10,1.10
2014.01.24 13:48:26.406,0.84907,0.84928,1.15,1.10
2014.01.24 13:48:26.507,0.84907,0.84928,1.20,1.20
2014.01.24 13:48:26.608,0.84907,0.84928,1.10,1.15
2014.01.24 13:48:26.961,0.84902,0.84925,1.53,1.15
2014.01.24 13:48:27.379,0.84902,0.84925,4.20,1.10
2014.01.24 13:48:27.770,0.84906,0.84929,1.65,1.18
2014.01.24 13:48:30.068,0.84912,0.84929,1.00,1.08
2014.01.24 13:48:30.119,0.84912,0.84932,1.00,1.15
2014.01.24 13:48:30.625,0.84909,0.84931,1.08,3.08
2014.01.24 13:48:30.676,0.84909,0.84931,1.00,5.25
2014.01.24 13:48:30.777,0.84909,0.84931,1.20,1.65
2014.01.24 13:48:31.886,0.84904,0.84922,2.33,1.00
2014.01.24 13:48:31.987,0.84904,0.84925,1.15,1.00
2014.01.24 13:48:32.088,0.84904,0.84925,1.10,1.10
2014.01.24 13:48:32.139,0.84904,0.84925,1.10,1.18
2014.01.24 13:48:34.285,0.84904,0.84924,1.00,1.15
2014.01.24 13:48:34.824,0.84904,0.84924,1.00,3.08
2014.01.24 13:48:34.985,0.84904,0.84924,1.00,1.15
2014.01.24 13:48:35.521,0.84904,0.84924,1.00,1.15
2014.01.24 13:48:39.265,0.84904,0.84924,1.00,1.65
2014.01.24 13:48:43.873,0.84899,0.84922,1.28,1.15
2014.01.24 13:48:43.974,0.84902,0.84925,1.08,1.65
2014.01.24 13:48:44.125,0.849,0.84923,1.28,1.10
2014.01.24 13:48:44.345,0.849,0.84923,1.15,1.18
2014.01.24 13:48:44.894,0.84901,0.8492,1.15,1.00
2014.01.24 13:48:46.517,0.84902,0.84923,3.08,1.00
2014.01.24 13:48:46.657,0.84903,0.84926,1.15,1.58
2014.01.24 13:48:46.860,0.84904,0.84926,2.33,1.00
2014.01.24 13:48:47.185,0.84906,0.84926,3.08,1.00
2014.01.24 13:48:47.499,0.84905,0.84926,1.15,1.00
2014.01.24 13:48:48.147,0.84904,0.84922,1.18,1.00
2014.01.24 13:48:55.368,0.84903,0.84926,1.15,1.18
2014.01.24 13:48:56.894,0.84907,0.84928,1.00,1.15
2014.01.24 13:48:57.043,0.84907,0.84928,1.10,1.18
2014.01.24 13:48:57.103,0.84913,0.84933,1.00,1.15
2014.01.24 13:48:57.304,0.84913,0.84934,1.10,1.18
2014.01.24 13:48:57.455,0.84913,0.84934,1.15,1.10
2014.01.24 13:48:57.797,0.84913,0.84934,1.10,1.15
2014.01.24 13:48:58.822,0.84913,0.84934,1.08,1.18
2014.01.24 13:48:59.150,0.84918,0.84934,3.00,1.00
2014.01.24 13:48:59.483,0.84918,0.84931,3.08,1.00
2014.01.24 13:49:00.051,0.84916,0.84931,2.33,1.00
2014.01.24 13:49:00.698,0.84918,0.84931,2.33,1.00
2014.01.24 13:49:00.849,0.84916,0.84931,2.33,1.00
2014.01.24 13:49:01.301,0.84912,0.84931,5.25,1.00
2014.01.24 13:49:01.352,0.84912,0.84931,1.15,1.38
2014.01.24 13:49:01.453,0.8491,0.8492,1.08,1.00
2014.01.24 13:49:01.504,0.84904,0.8492,1.15,1.00
2014.01.24 13:49:01.605,0.84904,0.8492,3.83,1.00
2014.01.24 13:49:01.758,0.84902,0.84923,4.50,1.00
2014.01.24 13:49:01.809,0.84902,0.84923,1.15,1.00
2014.01.24 13:49:01.910,0.84904,0.84924,1.15,1.00
2014.01.24 13:49:03.827,0.84903,0.84921,2.33,1.00
2014.01.24 13:49:03.983,0.849,0.84921,1.15,1.00
2014.01.24 13:49:04.861,0.84898,0.84919,2.33,1.00
2014.01.24 13:49:05.290,0.84897,0.84915,2.33,1.00
2014.01.24 13:49:05.592,0.84911,0.84923,1.10,1.13
2014.01.24 13:49:05.743,0.84911,0.84927,1.28,1.13
2014.01.24 13:49:05.945,0.84916,0.84927,1.00,1.13
2014.01.24 13:49:06.902,0.84912,0.84927,1.53,1.00
2014.01.24 13:49:07.275,0.84912,0.84927,3.45,1.00
2014.01.24 13:49:07.577,0.84926,0.84938,1.28,1.00
2014.01.24 13:49:08.167,0.84926,0.84938,1.15,1.00
2014.01.24 13:49:08.851,0.84926,0.84938,1.15,1.00
2014.01.24 13:49:09.557,0.84931,0.84938,1.00,1.00
2014.01.24 13:49:12.872,0.84924,0.84938,2.33,1.00
2014.01.24 13:49:12.973,0.84921,0.84937,1.15,1.00
2014.01.24 13:49:13.124,0.84916,0.84937,1.53,1.10
2014.01.24 13:49:13.175,0.84916,0.84939,2.03,1.18
2014.01.24 13:49:13.327,0.84922,0.84939,1.38,1.00
2014.01.24 13:49:13.528,0.84928,0.84945,1.00,1.65
2014.01.24 13:49:13.881,0.84923,0.84946,1.53,1.58
2014.01.24 13:49:13.932,0.84923,0.84946,1.53,1.58
2014.01.24 13:49:13.983,0.84927,0.84946,1.10,1.38
2014.01.24 13:49:14.493,0.84923,0.84946,1.55,1.53
2014.01.24 13:49:14.971,0.84923,0.84946,1.48,3.45
2014.01.24 13:49:15.387,0.84927,0.84946,1.00,2.63
2014.01.24 13:49:15.438,0.84927,0.84947,1.00,1.55
2014.01.24 13:49:15.489,0.84932,0.84945,1.00,1.00
2014.01.24 13:49:15.641,0.84927,0.8495,1.55,1.65
2014.01.24 13:49:16.052,0.84931,0.84951,1.48,1.10
2014.01.24 13:49:16.797,0.84931,0.84951,1.53,1.00
2014.01.24 13:49:16.899,0.84931,0.84951,1.15,1.00
2014.01.24 13:49:17.280,0.84932,0.84954,1.10,1.15
2014.01.24 13:49:17.788,0.84932,0.8495,1.00,1.15
2014.01.24 13:49:17.839,0.84928,0.8495,1.10,1.15
2014.01.24 13:49:17.890,0.84928,0.8495,1.10,1.15
2014.01.24 13:49:18.453,0.84928,0.8495,1.00,3.45
2014.01.24 13:49:18.962,0.84928,0.84949,1.00,2.70
2014.01.24 13:49:19.347,0.84923,0.84944,1.18,1.10
2014.01.24 13:49:19.398,0.84923,0.84944,1.10,1.10
2014.01.24 13:49:19.671,0.84925,0.84946,1.00,1.15
2014.01.24 13:49:20.844,0.84925,0.84946,1.00,3.08
2014.01.24 13:49:22.816,0.84925,0.84943,1.00,3.08
2014.01.24 13:49:27.425,0.84925,0.84941,1.00,1.15
2014.01.24 13:49:27.476,0.84922,0.84941,1.00,3.08
2014.01.24 13:49:27.526,0.84922,0.84938,1.00,3.08
2014.01.24 13:49:27.627,0.84914,0.84935,1.60,3.83
2014.01.24 13:49:27.728,0.84917,0.84934,1.00,3.08
2014.01.24 13:49:32.868,0.84914,0.84933,1.00,2.70
2014.01.24 13:49:32.969,0.84914,0.84929,1.00,1.53
2014.01.24 13:49:33.020,0.8491,0.84929,1.00,1.53
2014.01.24 13:49:33.070,0.8491,0.84927,1.00,1.28
2014.01.24 13:49:33.372,0.8491,0.84926,1.00,2.33
2014.01.24 13:49:34.429,0.84907,0.84926,1.00,2.33
2014.01.24 13:49:34.530,0.84902,0.84919,1.18,1.00
2014.01.24 13:49:34.580,0.84902,0.84919,1.10,1.08
2014.01.24 13:49:34.681,0.849,0.84921,1.00,3.83
2014.01.24 13:49:34.782,0.84897,0.84918,1.00,2.33
2014.01.24 13:49:35.228,0.84897,0.84915,1.00,2.33
2014.01.24 13:49:35.380,0.84896,0.84918,1.00,2.33
2014.01.24 13:49:36.132,0.84896,0.84917,1.00,2.33
2014.01.24 13:49:36.275,0.84894,0.84917,1.00,3.08
2014.01.24 13:49:36.980,0.84894,0.84917,1.10,1.15
2014.01.24 13:49:37.132,0.84894,0.84917,1.15,1.18
2014.01.24 13:49:38.226,0.84897,0.84918,1.15,1.10
2014.01.24 13:49:38.874,0.84897,0.84918,1.15,1.00
2014.01.24 13:49:38.925,0.849,0.84921,1.18,1.10
2014.01.24 13:49:39.495,0.849,0.84921,1.15,1.00
2014.01.24 13:49:40.297,0.84901,0.84921,1.10,1.10
2014.01.24 13:49:42.260,0.84901,0.84921,1.15,1.00
2014.01.24 13:49:42.595,0.84906,0.84927,1.00,1.15
2014.01.24 13:49:42.696,0.84907,0.8493,1.15,2.40
2014.01.24 13:49:42.999,0.84911,0.84931,1.15,1.10
2014.01.24 13:49:43.655,0.8491,0.84931,1.18,1.10
2014.01.24 13:49:43.706,0.8491,0.84931,1.20,1.15
2014.01.24 13:49:47.713,0.8491,0.84929,1.10,1.08
2014.01.24 13:49:47.914,0.8491,0.84931,1.00,1.15
2014.01.24 13:49:48.438,0.8491,0.8493,1.00,2.33
2014.01.24 13:49:48.489,0.84906,0.84929,1.58,1.08
2014.01.24 13:49:48.641,0.84906,0.84929,1.15,1.15
2014.01.24 13:49:48.770,0.84906,0.84929,1.15,1.65
2014.01.24 13:49:49.073,0.84902,0.84923,1.15,1.00
2014.01.24 13:49:49.123,0.84902,0.84923,1.15,1.00
2014.01.24 13:49:49.476,0.84905,0.84926,1.18,1.10
2014.01.24 13:49:50.962,0.84905,0.84926,1.00,1.15
2014.01.24 13:49:51.115,0.84905,0.84926,1.15,1.00
2014.01.24 13:49:51.943,0.84905,0.84926,1.18,1.08
2014.01.24 13:49:52.518,0.84901,0.84924,3.08,1.10
2014.01.24 13:49:52.903,0.84908,0.84929,1.00,3.83
2014.01.24 13:49:52.954,0.84908,0.84929,1.10,1.15
2014.01.24 13:49:53.210,0.84906,0.84927,3.08,1.00
2014.01.24 13:49:53.311,0.84906,0.84927,1.18,1.00
2014.01.24 13:49:57.210,0.84906,0.84927,1.20,1.08
2014.01.24 13:49:58.375,0.84903,0.84924,1.18,1.15
2014.01.24 13:49:58.877,0.84903,0.84924,1.18,1.15
2014.01.24 13:50:00.898,0.84903,0.84924,1.08,1.15
2014.01.24 13:50:00.999,0.84903,0.84924,1.00,1.15
2014.01.24 13:50:02.805,0.84903,0.84924,1.08,1.15
2014.01.24 13:50:02.957,0.84903,0.84924,1.15,1.00
2014.01.24 13:50:06.766,0.84906,0.84927,1.20,1.08
2014.01.24 13:50:07.114,0.84906,0.84927,1.18,1.08
2014.01.24 13:50:07.674,0.84909,0.8493,1.00,1.53
2014.01.24 13:50:08.346,0.84909,0.84932,1.28,1.15
2014.01.24 13:50:08.777,0.84909,0.84932,1.13,1.65
2014.01.24 13:50:09.642,0.84907,0.8493,1.10,1.15
2014.01.24 13:50:11.063,0.8491,0.84931,1.00,1.15
2014.01.24 13:50:11.472,0.84907,0.84929,1.08,1.15
2014.01.24 13:50:12.029,0.84906,0.84929,1.10,4.20
2014.01.24 13:50:12.631,0.84906,0.84927,1.00,2.33
2014.01.24 13:50:16.223,0.84906,0.84928,1.00,1.65
2014.01.24 13:50:19.696,0.84907,0.84929,1.00,3.08
2014.01.24 13:50:20.173,0.84907,0.84929,1.00,1.15
2014.01.24 13:50:20.703,0.84906,0.84929,1.20,1.15
2014.01.24 13:50:23.468,0.84906,0.84929,1.10,1.15
2014.01.24 13:50:24.155,0.84909,0.8493,1.00,3.08
2014.01.24 13:50:24.257,0.84909,0.8493,1.00,1.18
2014.01.24 13:50:24.715,0.84909,0.8493,1.00,3.08
2014.01.24 13:50:24.817,0.84909,0.8493,1.20,1.15
2014.01.24 13:50:27.078,0.84909,0.8493,1.18,1.08
2014.01.24 13:50:27.129,0.84912,0.84933,1.10,1.15
2014.01.24 13:50:27.432,0.84917,0.84935,1.00,2.33
2014.01.24 13:50:27.634,0.84917,0.84938,1.00,1.15
2014.01.24 13:50:27.743,0.84917,0.84936,1.00,1.15
2014.01.24 13:50:28.729,0.84917,0.84934,1.00,1.15
2014.01.24 13:50:29.092,0.84917,0.84932,1.00,3.08
2014.01.24 13:50:31.369,0.84917,0.84933,1.00,2.33
2014.01.24 13:50:31.470,0.84917,0.84936,1.00,2.33
2014.01.24 13:50:31.571,0.84917,0.84933,1.00,1.15
2014.01.24 13:50:40.987,0.84917,0.84937,1.00,3.08
2014.01.24 13:50:41.613,0.84919,0.84937,1.00,3.08
2014.01.24 13:50:47.006,0.84919,0.8494,1.00,1.15
2014.01.24 13:50:47.109,0.84919,0.84938,1.00,3.08
2014.01.24 13:50:48.428,0.84919,0.8494,1.00,1.15
2014.01.24 13:50:49.177,0.84919,0.8494,1.10,1.15
2014.01.24 13:50:49.228,0.84923,0.84942,1.00,2.70
2014.01.24 13:50:49.535,0.84927,0.84944,1.00,1.15
2014.01.24 13:50:49.586,0.84927,0.84944,1.00,1.15
2014.01.24 13:50:53.842,0.84927,0.84944,1.00,1.18
2014.01.24 13:50:54.425,0.84927,0.84944,1.00,1.10
2014.01.24 13:50:54.614,0.84927,0.84944,1.00,1.08
2014.01.24 13:50:55.506,0.84923,0.84944,1.10,1.15
2014.01.24 13:50:55.808,0.84922,0.84942,1.00,1.55
2014.01.24 13:50:56.319,0.84921,0.84942,1.10,1.53
2014.01.24 13:50:56.420,0.84918,0.84938,1.10,1.28
2014.01.24 13:50:56.521,0.84918,0.84938,1.00,1.53
2014.01.24 13:50:57.227,0.84918,0.84938,1.00,1.53
2014.01.24 13:50:57.277,0.84915,0.84936,1.00,1.53
2014.01.24 13:50:57.378,0.84915,0.84936,1.00,3.45
2014.01.24 13:50:58.925,0.84916,0.84936,1.00,6.38
2014.01.24 13:50:59.465,0.84915,0.84936,1.00,4.20
2014.01.24 13:51:01.330,0.84912,0.84935,1.28,2.03
2014.01.24 13:51:01.840,0.84912,0.84935,1.00,3.45
2014.01.24 13:51:02.675,0.84912,0.84934,1.00,2.70
2014.01.24 13:51:04.530,0.84912,0.84935,1.10,1.53
2014.01.24 13:51:06.669,0.84912,0.84934,1.00,2.70
2014.01.24 13:51:09.505,0.84912,0.84935,1.00,3.45
2014.01.24 13:51:09.556,0.84912,0.84935,1.00,1.53
2014.01.24 13:51:09.765,0.84917,0.84935,1.00,1.53
2014.01.24 13:51:09.913,0.84912,0.84935,1.00,1.53
2014.01.24 13:51:10.537,0.84912,0.84935,1.00,2.03
2014.01.24 13:51:12.157,0.84912,0.84935,1.00,1.53
2014.01.24 13:51:12.817,0.84912,0.84935,1.00,1.53
2014.01.24 13:51:13.147,0.84912,0.84935,1.00,3.45
2014.01.24 13:51:19.001,0.84912,0.84935,1.08,2.03
2014.01.24 13:51:19.688,0.84912,0.84935,1.15,1.55
2014.01.24 13:51:20.547,0.84917,0.84935,1.00,1.55
2014.01.24 13:51:20.657,0.84912,0.84935,1.65,1.55
2014.01.24 13:51:21.006,0.84912,0.84935,1.50,1.53
2014.01.24 13:51:22.446,0.84912,0.84933,1.50,2.70
2014.01.24 13:51:25.103,0.84911,0.84932,1.00,1.53
2014.01.24 13:51:25.204,0.84911,0.84932,1.00,1.53
2014.01.24 13:51:27.824,0.84907,0.84929,1.08,1.55
2014.01.24 13:51:27.875,0.84907,0.84929,1.00,1.53
2014.01.24 13:51:28.190,0.84907,0.84925,1.00,1.38
2014.01.24 13:51:28.716,0.84907,0.84925,1.00,1.28
2014.01.24 13:51:29.454,0.84904,0.84925,1.10,1.55
2014.01.24 13:51:29.505,0.84904,0.84925,1.10,1.55
2014.01.24 13:51:30.344,0.84902,0.84921,1.00,1.55
2014.01.24 13:51:30.768,0.84902,0.84921,1.10,1.20
2014.01.24 13:51:30.970,0.84902,0.84919,1.20,1.00
2014.01.24 13:51:32.348,0.84902,0.84919,1.48,1.00
2014.01.24 13:51:32.752,0.84907,0.84919,1.00,1.00
2014.01.24 13:51:32.803,0.84907,0.84926,1.00,3.08
2014.01.24 13:51:32.854,0.84907,0.84922,1.00,2.33
2014.01.24 13:51:32.905,0.84905,0.84922,1.00,2.33
2014.01.24 13:51:33.311,0.84905,0.84926,1.00,1.53
2014.01.24 13:51:33.893,0.84902,0.84923,1.28,1.10
2014.01.24 13:51:34.417,0.84904,0.84927,1.00,1.53
2014.01.24 13:51:34.883,0.84904,0.84925,1.00,2.70
2014.01.24 13:51:35.034,0.84904,0.84927,1.00,3.08
2014.01.24 13:51:35.365,0.84902,0.84923,1.00,1.53
2014.01.24 13:51:35.500,0.84905,0.84926,1.00,1.53
2014.01.24 13:51:35.802,0.84908,0.84928,1.00,2.70
2014.01.24 13:51:36.910,0.84905,0.84928,1.00,1.53
2014.01.24 13:51:37.011,0.84901,0.84924,1.15,1.38
2014.01.24 13:51:40.894,0.84908,0.84925,1.00,1.53
2014.01.24 13:51:43.230,0.84906,0.84926,1.00,1.53
2014.01.24 13:51:43.442,0.84903,0.84924,1.00,1.53
2014.01.24 13:51:44.013,0.84902,0.84923,1.00,6.38
2014.01.24 13:51:44.075,0.849,0.84923,1.00,6.38
2014.01.24 13:51:45.716,0.849,0.84921,1.00,3.45
2014.01.24 13:51:46.324,0.849,0.84918,1.00,3.45
2014.01.24 13:51:46.425,0.84897,0.84913,1.00,1.20
2014.01.24 13:51:46.526,0.84892,0.84912,1.53,1.50
2014.01.24 13:51:46.577,0.84892,0.8491,1.53,1.50
2014.01.24 13:51:46.729,0.84885,0.84906,1.20,1.48
2014.01.24 13:51:46.779,0.84885,0.84906,1.13,1.53
2014.01.24 13:51:47.281,0.84885,0.84906,1.38,1.15
2014.01.24 13:51:47.806,0.84885,0.84906,1.13,1.53
2014.01.24 13:51:48.925,0.84882,0.84903,2.03,1.45
2014.01.24 13:51:49.227,0.84885,0.84904,1.55,1.10
2014.01.24 13:51:49.379,0.84885,0.84906,1.53,1.00
2014.01.24 13:51:49.480,0.84885,0.84906,1.13,1.55
2014.01.24 13:51:49.846,0.84886,0.84906,1.20,1.28
2014.01.24 13:51:50.149,0.84885,0.84906,1.10,1.53
2014.01.24 13:51:50.612,0.84885,0.84906,1.00,3.45
2014.01.24 13:51:51.570,0.84882,0.84905,1.38,2.78
2014.01.24 13:51:51.671,0.84875,0.84895,3.45,1.13
2014.01.24 13:51:52.045,0.84872,0.8489,1.00,3.45
2014.01.24 13:51:52.426,0.84872,0.84892,1.00,1.15
2014.01.24 13:51:52.685,0.84869,0.84892,1.08,1.28
2014.01.24 13:51:55.065,0.84869,0.84891,1.00,2.70
2014.01.24 13:51:55.381,0.84869,0.84889,1.00,3.45
2014.01.24 13:51:55.955,0.84868,0.84889,1.00,3.45
2014.01.24 13:51:56.283,0.84864,0.84887,1.28,2.03
2014.01.24 13:51:56.384,0.84864,0.84886,1.08,2.70
2014.01.24 13:51:56.789,0.84864,0.84884,1.00,2.70
2014.01.24 13:51:56.941,0.84861,0.84883,1.10,1.15
2014.01.24 13:51:58.121,0.84861,0.84882,1.00,2.70
2014.01.24 13:52:07.693,0.8486,0.84881,1.00,1.15
2014.01.24 13:52:07.945,0.84856,0.84877,1.10,1.55
2014.01.24 13:52:08.046,0.84867,0.84881,1.00,3.45
2014.01.24 13:52:08.198,0.84865,0.84881,1.00,4.58
2014.01.24 13:52:08.299,0.84865,0.84879,1.00,2.33
2014.01.24 13:52:08.450,0.84866,0.84882,1.00,1.08
2014.01.24 13:52:08.551,0.84866,0.84889,1.10,4.58
2014.01.24 13:52:09.354,0.84866,0.84886,1.00,1.65
2014.01.24 13:52:09.406,0.84866,0.84885,1.00,2.33
2014.01.24 13:52:09.514,0.84863,0.84886,1.08,2.40
2014.01.24 13:52:09.615,0.84863,0.84885,1.00,2.33
2014.01.24 13:52:09.918,0.84862,0.84878,1.00,1.00
2014.01.24 13:52:10.069,0.84856,0.84878,1.00,1.15
2014.01.24 13:52:10.170,0.84856,0.84876,1.00,1.15
2014.01.24 13:52:10.619,0.84854,0.84874,1.00,1.15
2014.01.24 13:52:10.720,0.84854,0.84874,1.00,1.15
2014.01.24 13:52:12.244,0.84852,0.84871,1.10,1.18
2014.01.24 13:52:12.497,0.84852,0.84869,1.00,1.18
2014.01.24 13:52:12.598,0.84848,0.84869,1.08,1.15
2014.01.24 13:52:12.699,0.84848,0.84869,1.10,1.58
2014.01.24 13:52:13.048,0.84849,0.84869,1.08,1.08
2014.01.24 13:52:13.572,0.84849,0.8487,1.08,1.65
2014.01.24 13:52:14.092,0.84849,0.8487,1.00,1.65
2014.01.24 13:52:14.395,0.84852,0.84873,1.00,1.15
2014.01.24 13:52:14.546,0.84852,0.84873,1.28,1.00
2014.01.24 13:52:15.208,0.84852,0.84873,1.28,1.20
2014.01.24 13:52:16.131,0.84852,0.84873,1.53,1.00
2014.01.24 13:52:16.963,0.8485,0.8487,3.08,1.00
2014.01.24 13:52:17.114,0.84848,0.84866,1.08,1.00
2014.01.24 13:52:17.215,0.84843,0.84866,1.15,1.18
2014.01.24 13:52:17.404,0.84845,0.84866,2.70,1.00
2014.01.24 13:52:17.956,0.84849,0.84866,2.33,1.00
2014.01.24 13:52:18.107,0.84846,0.84866,3.45,1.00
2014.01.24 13:52:18.309,0.84849,0.84866,3.08,1.00
2014.01.24 13:52:18.650,0.84845,0.84866,1.53,1.00
2014.01.24 13:52:19.514,0.84844,0.84866,1.53,1.00
2014.01.24 13:52:20.480,0.84846,0.84866,2.33,1.00
2014.01.24 13:52:20.581,0.84845,0.84866,1.28,1.00
2014.01.24 13:52:21.650,0.84846,0.84866,2.70,1.00
2014.01.24 13:52:27.666,0.84847,0.84868,2.03,1.00
2014.01.24 13:52:27.717,0.84848,0.84868,2.70,1.00
2014.01.24 13:52:27.868,0.84845,0.84868,1.53,1.00
2014.01.24 13:52:28.936,0.84845,0.84868,2.03,1.00
2014.01.24 13:52:29.038,0.84848,0.84868,2.70,1.00
2014.01.24 13:52:29.139,0.84846,0.84868,2.70,1.00
2014.01.24 13:52:29.815,0.84845,0.84868,1.53,1.08
2014.01.24 13:52:29.865,0.84844,0.84865,1.28,1.00
2014.01.24 13:52:31.196,0.84844,0.84865,3.45,1.00
2014.01.24 13:52:31.873,0.84845,0.84865,2.70,1.00
2014.01.24 13:52:32.606,0.84846,0.84868,2.70,1.10
2014.01.24 13:52:33.115,0.84845,0.84868,4.20,1.00
2014.01.24 13:52:33.376,0.84845,0.84864,3.45,1.50
2014.01.24 13:52:33.686,0.84844,0.84862,1.48,1.10
2014.01.24 13:52:34.237,0.84844,0.84862,1.48,1.10
2014.01.24 13:52:34.357,0.84844,0.84865,1.48,1.28
2014.01.24 13:52:34.559,0.84844,0.84865,1.55,1.08
2014.01.24 13:52:34.610,0.84844,0.84865,3.45,1.00
2014.01.24 13:52:35.697,0.84844,0.84865,1.15,1.00
2014.01.24 13:52:35.874,0.84844,0.84865,1.15,1.00
2014.01.24 13:52:37.726,0.84844,0.84865,1.15,1.38
2014.01.24 13:52:37.877,0.84838,0.8486,1.28,1.13
2014.01.24 13:52:37.928,0.84839,0.8486,2.33,1.13
2014.01.24 13:52:38.079,0.84841,0.84863,1.00,2.70
2014.01.24 13:52:38.654,0.84841,0.84853,1.00,1.08
2014.01.24 13:52:38.966,0.84835,0.84854,1.38,2.33
2014.01.24 13:52:39.017,0.84835,0.84856,1.38,6.38
2014.01.24 13:52:39.168,0.84837,0.84856,1.13,1.15
2014.01.24 13:52:39.219,0.84839,0.84857,1.00,1.15
2014.01.24 13:52:40.615,0.84839,0.8486,1.00,3.45
2014.01.24 13:52:40.716,0.84839,0.8486,1.00,1.28
2014.01.24 13:52:42.166,0.84839,0.8486,1.28,1.15
2014.01.24 13:52:43.480,0.84842,0.84862,1.00,1.28
2014.01.24 13:52:44.583,0.84838,0.84861,1.53,1.10
2014.01.24 13:52:44.886,0.84838,0.84861,1.53,1.18
2014.01.24 13:52:46.927,0.84838,0.84861,1.15,1.48
2014.01.24 13:52:47.555,0.84838,0.84861,1.15,1.55
2014.01.24 13:52:48.765,0.84838,0.84861,1.15,1.55
2014.01.24 13:52:48.816,0.84838,0.84861,1.08,1.55
2014.01.24 13:52:48.867,0.84836,0.84857,1.15,1.38
2014.01.24 13:52:48.968,0.84836,0.84857,1.18,1.45
2014.01.24 13:52:49.018,0.84836,0.84857,1.10,1.53
2014.01.24 13:52:49.511,0.84832,0.84855,1.18,1.55
2014.01.24 13:52:49.768,0.84832,0.84855,1.15,1.55
2014.01.24 13:52:50.181,0.84832,0.84855,1.18,1.53
2014.01.24 13:52:50.507,0.84831,0.84852,1.18,1.45
2014.01.24 13:52:50.874,0.84831,0.84852,1.18,1.08
2014.01.24 13:52:51.500,0.84831,0.84852,1.18,1.00
2014.01.24 13:52:54.088,0.84831,0.84852,1.18,1.13
2014.01.24 13:52:56.654,0.84831,0.84852,1.15,1.00
2014.01.24 13:52:57.273,0.84831,0.84852,1.15,1.38
2014.01.24 13:52:58.974,0.84829,0.84849,4.50,1.00
2014.01.24 13:52:59.277,0.84823,0.84846,1.10,3.45
2014.01.24 13:53:01.494,0.84822,0.84842,1.13,1.28
2014.01.24 13:53:01.796,0.84837,0.84842,1.00,1.00
2014.01.24 13:53:01.847,0.84837,0.8485,1.00,1.15
2014.01.24 13:53:01.897,0.84842,0.8485,1.00,1.08
2014.01.24 13:53:01.948,0.84842,0.84855,1.00,1.13
2014.01.24 13:53:01.999,0.84845,0.84856,1.00,3.68
2014.01.24 13:53:02.100,0.84847,0.84856,1.00,1.00
2014.01.24 13:53:02.151,0.84841,0.84856,1.38,1.00
2014.01.24 13:53:02.656,0.84841,0.84856,1.00,1.00
2014.01.24 13:53:02.757,0.84841,0.84861,1.48,1.08
2014.01.24 13:53:03.074,0.84847,0.84858,1.00,1.00
2014.01.24 13:53:04.243,0.84847,0.84864,1.00,1.15
2014.01.24 13:53:04.344,0.84847,0.84863,1.00,2.33
2014.01.24 13:53:04.491,0.84842,0.84862,1.00,1.15
2014.01.24 13:53:04.592,0.84837,0.84859,1.10,1.15
2014.01.24 13:53:04.795,0.84836,0.84857,1.00,1.15
2014.01.24 13:53:04.896,0.84836,0.84857,1.10,1.18
2014.01.24 13:53:04.947,0.84842,0.84857,1.00,1.18
2014.01.24 13:53:05.250,0.8484,0.84857,1.00,1.15
2014.01.24 13:53:05.452,0.8484,0.84857,1.00,3.08
2014.01.24 13:53:05.502,0.84836,0.84857,1.00,3.08
2014.01.24 13:53:07.696,0.84834,0.84855,1.10,1.65
2014.01.24 13:53:07.999,0.84837,0.84856,1.00,2.33
2014.01.24 13:53:08.100,0.84837,0.84857,1.00,1.20
2014.01.24 13:53:08.202,0.84837,0.84858,1.00,1.15
2014.01.24 13:53:08.253,0.84839,0.8486,1.00,2.70
2014.01.24 13:53:08.657,0.84839,0.84857,1.00,1.28
2014.01.24 13:53:09.163,0.84839,0.8486,1.00,2.70
2014.01.24 13:53:09.343,0.84844,0.84863,1.00,2.70
2014.01.24 13:53:09.444,0.84844,0.84865,1.00,1.28
2014.01.24 13:53:10.939,0.84844,0.84865,1.00,1.53
2014.01.24 13:53:11.040,0.84844,0.84864,1.00,2.70
2014.01.24 13:53:11.774,0.84844,0.84863,1.00,2.33
2014.01.24 13:53:13.166,0.84844,0.84865,1.00,2.78
2014.01.24 13:53:14.737,0.84848,0.84867,1.00,1.15
2014.01.24 13:53:14.838,0.84848,0.84868,1.20,1.00
2014.01.24 13:53:14.890,0.84852,0.84868,1.00,1.00
2014.01.24 13:53:15.092,0.84852,0.84875,1.00,1.53
2014.01.24 13:53:15.888,0.84852,0.84874,1.00,2.70
2014.01.24 13:53:16.365,0.84848,0.84871,1.15,1.28
2014.01.24 13:53:16.416,0.84848,0.84871,1.00,3.83
2014.01.24 13:53:16.935,0.84846,0.84867,1.18,1.28
2014.01.24 13:53:19.718,0.84846,0.84867,1.10,1.53
2014.01.24 13:53:19.920,0.84843,0.84866,1.15,1.53
2014.01.24 13:53:20.122,0.8484,0.84863,1.15,1.20
2014.01.24 13:53:20.173,0.8484,0.84863,1.15,1.45
2014.01.24 13:53:20.475,0.84841,0.84863,1.08,1.45
2014.01.24 13:53:20.526,0.8484,0.84863,1.10,1.53
2014.01.24 13:53:20.790,0.8484,0.84863,1.10,1.53
2014.01.24 13:53:22.054,0.8484,0.84863,1.10,1.53
2014.01.24 13:53:22.105,0.8484,0.84863,1.00,3.45
2014.01.24 13:53:23.254,0.8484,0.84863,1.08,1.53
2014.01.24 13:53:23.845,0.84844,0.84864,1.00,3.45
2014.01.24 13:53:24.047,0.84846,0.84864,1.00,1.18
2014.01.24 13:53:24.455,0.84846,0.84869,1.00,1.15
2014.01.24 13:53:24.556,0.84846,0.84869,1.15,1.15
2014.01.24 13:53:26.613,0.8485,0.84871,1.00,3.45
2014.01.24 13:53:29.245,0.84847,0.84868,1.00,1.53
2014.01.24 13:53:30.442,0.84847,0.84868,1.08,1.55
2014.01.24 13:53:31.103,0.84847,0.84868,1.15,1.58
2014.01.24 13:53:31.663,0.84847,0.84868,1.15,1.28
2014.01.24 13:53:32.203,0.84849,0.8487,1.00,1.53
2014.01.24 13:53:32.439,0.84846,0.84869,1.18,1.53
2014.01.24 13:53:32.540,0.84846,0.84869,1.10,1.53
2014.01.24 13:53:32.763,0.84846,0.84869,1.18,1.53
2014.01.24 13:53:33.402,0.84847,0.84869,1.08,1.53
2014.01.24 13:53:34.852,0.84846,0.84869,1.15,1.53
2014.01.24 13:53:35.924,0.84846,0.84869,1.00,1.53
2014.01.24 13:53:44.574,0.84846,0.84869,1.00,2.78
2014.01.24 13:53:44.625,0.84846,0.84867,1.00,2.70
2014.01.24 13:53:44.733,0.84843,0.84866,1.08,1.53
2014.01.24 13:53:48.424,0.84843,0.84863,1.00,1.08
2014.01.24 13:53:48.776,0.84841,0.84859,1.10,1.08
2014.01.24 13:53:49.850,0.84838,0.84859,1.18,1.15
2014.01.24 13:53:50.437,0.84838,0.84858,1.10,1.18
2014.01.24 13:53:51.121,0.84835,0.84855,1.08,1.20
2014.01.24 13:53:51.172,0.84835,0.84855,1.10,1.18
2014.01.24 13:53:51.384,0.84835,0.84855,1.00,1.15
2014.01.24 13:53:52.060,0.84835,0.84855,1.10,1.18
2014.01.24 13:53:52.442,0.84837,0.84856,1.00,1.15
2014.01.24 13:53:52.593,0.84837,0.84856,1.20,1.00
2014.01.24 13:53:52.872,0.84837,0.84853,1.20,1.00
2014.01.24 13:53:58.083,0.84834,0.84853,1.15,1.00
2014.01.24 13:53:58.185,0.84834,0.84852,1.00,1.10
2014.01.24 13:53:58.714,0.84836,0.84851,1.00,1.00
2014.01.24 13:53:58.966,0.84836,0.84854,1.00,1.00
2014.01.24 13:53:59.693,0.84836,0.84853,1.18,1.00
2014.01.24 13:54:01.529,0.84836,0.84853,1.00,1.00
2014.01.24 13:54:01.794,0.84836,0.84855,1.00,1.10
2014.01.24 13:54:02.004,0.84836,0.84853,1.00,1.00
2014.01.24 13:54:02.525,0.84831,0.84853,1.15,1.15
2014.01.24 13:54:02.626,0.8483,0.84851,1.00,1.15
2014.01.24 13:54:02.929,0.8483,0.84847,1.00,1.15
2014.01.24 13:54:03.224,0.84827,0.84848,1.00,6.75
2014.01.24 13:54:03.275,0.84827,0.84848,1.00,2.40
2014.01.24 13:54:04.556,0.84827,0.84847,1.00,1.15
2014.01.24 13:54:05.219,0.84827,0.84845,1.00,2.33
2014.01.24 13:54:05.320,0.84822,0.84843,1.00,2.33
2014.01.24 13:54:05.994,0.8482,0.84839,1.10,1.08
2014.01.24 13:54:06.420,0.84817,0.84838,1.10,1.15
2014.01.24 13:54:06.924,0.84817,0.84839,1.10,1.18
2014.01.24 13:54:06.975,0.84817,0.84839,1.00,1.15
2014.01.24 13:54:07.720,0.84821,0.8484,1.00,1.15
2014.01.24 13:54:20.079,0.84821,0.84839,1.00,2.33
2014.01.24 13:54:21.623,0.84818,0.84839,1.00,3.83
2014.01.24 13:54:21.729,0.84814,0.84837,1.00,3.08
2014.01.24 13:54:21.830,0.84814,0.84835,1.00,5.25
2014.01.24 13:54:22.370,0.84813,0.84834,1.00,1.15
2014.01.24 13:54:22.471,0.84808,0.84831,1.08,1.15
2014.01.24 13:54:22.572,0.84808,0.8483,1.00,4.50
2014.01.24 13:54:22.678,0.84808,0.84831,1.00,1.65
2014.01.24 13:54:22.780,0.84807,0.84828,1.00,1.15
2014.01.24 13:54:23.082,0.84807,0.84826,1.00,3.08
2014.01.24 13:54:24.020,0.84806,0.84824,1.00,1.15
2014.01.24 13:54:24.272,0.84801,0.84822,1.00,1.15
2014.01.24 13:54:24.574,0.84801,0.8482,1.00,2.33
2014.01.24 13:54:24.675,0.84797,0.84817,1.00,1.15
2014.01.24 13:54:24.776,0.84797,0.84817,1.00,1.15
2014.01.24 13:54:25.102,0.84797,0.84816,1.00,3.08
2014.01.24 13:54:26.827,0.84797,0.84817,1.00,2.33
2014.01.24 13:54:27.372,0.84797,0.84818,1.00,5.25
2014.01.24 13:54:28.760,0.84797,0.84819,1.00,1.15
2014.01.24 13:54:28.900,0.84797,0.84816,1.00,1.15
2014.01.24 13:54:29.170,0.84795,0.84816,1.00,1.65
2014.01.24 13:54:29.744,0.84791,0.84814,2.03,1.65
2014.01.24 13:54:29.794,0.84791,0.84814,1.88,3.83
2014.01.24 13:54:30.344,0.84791,0.84812,1.50,1.15
2014.01.24 13:54:33.454,0.84792,0.84812,1.00,2.03
2014.01.24 13:54:36.190,0.84792,0.84814,1.13,2.03
2014.01.24 13:54:36.291,0.84792,0.84814,1.58,1.15
2014.01.24 13:54:36.630,0.84797,0.84819,1.38,1.15
2014.01.24 13:54:38.845,0.84802,0.84819,1.00,1.15
2014.01.24 13:54:39.098,0.84799,0.84819,1.38,1.15
2014.01.24 13:54:39.199,0.84802,0.84819,1.00,1.15
2014.01.24 13:54:39.524,0.84799,0.8482,1.13,1.15
2014.01.24 13:54:40.054,0.84799,0.84819,1.00,1.15
2014.01.24 13:54:41.082,0.84802,0.84819,1.00,1.15
2014.01.24 13:54:41.743,0.84799,0.84819,1.00,1.15
2014.01.24 13:54:44.463,0.84797,0.84819,1.18,2.03
2014.01.24 13:54:44.615,0.84797,0.8481,1.00,1.10
2014.01.24 13:54:44.953,0.84796,0.8481,1.00,1.28
2014.01.24 13:54:45.442,0.84789,0.84808,1.00,1.08
2014.01.24 13:54:45.594,0.84785,0.84806,1.00,1.15
2014.01.24 13:54:48.825,0.84785,0.84806,1.10,1.18
2014.01.24 13:54:49.093,0.84785,0.84806,1.00,1.53
2014.01.24 13:54:49.614,0.84786,0.84806,1.00,1.53
2014.01.24 13:54:49.816,0.84788,0.84809,1.00,2.03
2014.01.24 13:54:50.074,0.84788,0.84808,1.00,2.33
2014.01.24 13:54:50.225,0.84788,0.84809,1.00,1.15
2014.01.24 13:54:50.276,0.84788,0.84809,1.00,1.15
2014.01.24 13:54:50.531,0.8479,0.84812,1.08,2.70
2014.01.24 13:54:50.834,0.84803,0.84821,1.00,2.70
2014.01.24 13:54:53.371,0.84803,0.84822,1.00,3.45
2014.01.24 13:54:53.472,0.84803,0.84822,1.00,1.28
2014.01.24 13:54:53.919,0.84805,0.84822,1.00,1.15
2014.01.24 13:54:55.373,0.84801,0.8482,1.00,1.15
2014.01.24 13:54:55.474,0.84798,0.84819,1.00,1.15
2014.01.24 13:54:55.682,0.84802,0.84819,1.00,1.15
2014.01.24 13:54:55.783,0.84802,0.84821,1.00,1.65
2014.01.24 13:54:55.833,0.84809,0.84821,1.00,1.18
2014.01.24 13:54:55.884,0.84809,0.84825,1.00,2.70
2014.01.24 13:54:56.089,0.84809,0.84827,1.00,1.15
2014.01.24 13:54:56.139,0.84811,0.84827,1.00,1.15
2014.01.24 13:54:56.190,0.84811,0.84827,1.00,1.18
2014.01.24 13:54:57.832,0.84811,0.84831,1.50,1.15
2014.01.24 13:55:00.851,0.84809,0.84831,1.00,1.15
2014.01.24 13:55:01.273,0.84808,0.84829,1.10,3.83
2014.01.24 13:55:06.790,0.84808,0.84828,1.00,2.33
2014.01.24 13:55:07.093,0.84808,0.84825,1.00,3.08
2014.01.24 13:55:07.685,0.84804,0.84823,1.00,3.08
2014.01.24 13:55:07.786,0.84804,0.84825,1.00,3.08
2014.01.24 13:55:08.342,0.84803,0.84824,1.00,3.83
2014.01.24 13:55:09.362,0.84799,0.84819,1.00,1.10
2014.01.24 13:55:09.492,0.84799,0.84819,1.00,3.08
2014.01.24 13:55:10.036,0.84799,0.84818,1.00,2.33
2014.01.24 13:55:10.238,0.84796,0.84818,1.00,2.33
2014.01.24 13:55:10.781,0.84797,0.84814,1.00,3.83
2014.01.24 13:55:10.882,0.84793,0.84811,1.00,1.15
2014.01.24 13:55:10.933,0.84793,0.84811,1.00,1.15
2014.01.24 13:55:10.984,0.8479,0.84809,1.00,1.15
2014.01.24 13:55:11.085,0.8479,0.84809,1.00,1.15
2014.01.24 13:55:11.422,0.8479,0.84807,1.00,2.33
2014.01.24 13:55:11.638,0.8479,0.84809,1.00,5.25
2014.01.24 13:55:12.845,0.84793,0.84809,1.00,2.33
2014.01.24 13:55:12.947,0.84793,0.84811,1.00,3.08
2014.01.24 13:55:12.997,0.84796,0.84811,1.00,1.15
2014.01.24 13:55:13.048,0.84796,0.84814,1.00,1.15
2014.01.24 13:55:13.569,0.84796,0.84815,1.00,2.78
2014.01.24 13:55:13.670,0.84794,0.8481,1.00,2.25
2014.01.24 13:55:13.771,0.84792,0.8481,1.00,2.33
2014.01.24 13:55:14.335,0.84792,0.84809,1.00,2.70
2014.01.24 13:55:14.957,0.84788,0.84809,1.00,2.70
2014.01.24 13:55:15.399,0.84793,0.84809,1.00,1.28
2014.01.24 13:55:15.900,0.84793,0.84809,1.00,1.53
2014.01.24 13:55:15.951,0.8479,0.84809,1.00,1.53
2014.01.24 13:55:16.052,0.8479,0.84808,1.00,2.70
2014.01.24 13:55:16.153,0.8479,0.84806,1.00,1.10
2014.01.24 13:55:16.254,0.8479,0.84806,1.00,1.15
2014.01.24 13:55:16.759,0.8479,0.84806,1.00,1.15
2014.01.24 13:55:16.920,0.84788,0.84807,1.00,2.70
2014.01.24 13:55:18.354,0.84788,0.84806,1.00,1.53
2014.01.24 13:55:19.114,0.84791,0.84809,1.00,4.20
2014.01.24 13:55:19.165,0.84791,0.84809,1.00,1.53
2014.01.24 13:55:20.518,0.84791,0.84811,1.00,1.15
2014.01.24 13:55:21.128,0.84791,0.84811,1.00,1.15
2014.01.24 13:55:22.525,0.84791,0.8481,1.00,1.28
2014.01.24 13:55:23.498,0.84791,0.8481,1.00,4.20
2014.01.24 13:55:23.549,0.84787,0.84807,1.08,1.53
2014.01.24 13:55:24.067,0.84787,0.84807,1.00,1.53
2014.01.24 13:55:25.091,0.84789,0.84807,1.00,1.15
2014.01.24 13:55:25.142,0.84789,0.84807,1.00,1.15
2014.01.24 13:55:25.492,0.84787,0.84807,1.00,1.15
2014.01.24 13:55:25.645,0.84783,0.84804,1.18,1.08
2014.01.24 13:55:25.695,0.84783,0.84804,1.20,1.15
2014.01.24 13:55:25.746,0.84783,0.84804,1.10,1.15
2014.01.24 13:55:26.295,0.84783,0.84804,1.00,1.15
2014.01.24 13:55:26.497,0.84785,0.84806,1.00,1.15
2014.01.24 13:55:26.598,0.84787,0.84806,1.00,1.15
2014.01.24 13:55:27.661,0.84787,0.84808,1.00,1.15
2014.01.24 13:55:33.231,0.84789,0.8481,1.00,4.58
2014.01.24 13:55:33.282,0.84789,0.8481,1.10,1.65
2014.01.24 13:55:33.383,0.84787,0.84808,1.50,1.15
2014.01.24 13:55:33.686,0.84791,0.84806,1.00,1.15
2014.01.24 13:55:33.737,0.84787,0.84806,1.50,3.08
2014.01.24 13:55:34.143,0.84783,0.84805,1.10,1.15
2014.01.24 13:55:34.245,0.84783,0.84804,1.00,3.08
2014.01.24 13:55:34.791,0.84781,0.84802,1.10,2.33
2014.01.24 13:55:34.942,0.84777,0.84798,1.20,1.15
2014.01.24 13:55:35.043,0.84777,0.84798,1.00,1.15
2014.01.24 13:55:35.365,0.84777,0.84796,1.00,2.33
2014.01.24 13:55:37.026,0.84777,0.84798,1.00,1.28
2014.01.24 13:55:37.077,0.84773,0.84796,1.08,1.65
2014.01.24 13:55:37.178,0.84773,0.84794,1.00,1.28
2014.01.24 13:55:37.581,0.84773,0.84792,1.00,3.08
2014.01.24 13:55:37.954,0.8477,0.84791,1.00,1.15
2014.01.24 13:55:38.042,0.8477,0.8479,1.00,2.33
2014.01.24 13:55:38.144,0.84768,0.8479,1.00,2.33
2014.01.24 13:55:39.001,0.84768,0.84788,1.00,1.15
2014.01.24 13:55:40.607,0.8477,0.84789,1.00,2.33
2014.01.24 13:55:40.759,0.8477,0.84791,1.13,1.15
2014.01.24 13:55:40.860,0.84772,0.84793,1.00,6.75
2014.01.24 13:55:42.070,0.84774,0.84793,1.00,5.25
2014.01.24 13:55:42.388,0.84777,0.84793,1.00,2.33
2014.01.24 13:55:42.489,0.84777,0.84795,1.50,3.08
2014.01.24 13:55:43.241,0.84777,0.84798,1.50,1.65
2014.01.24 13:55:44.736,0.84774,0.84792,1.38,3.45
2014.01.24 13:55:45.039,0.84781,0.84789,1.00,1.00
2014.01.24 13:55:45.241,0.84781,0.84797,1.00,2.25
2014.01.24 13:55:45.292,0.84781,0.84798,1.00,1.08
2014.01.24 13:55:45.927,0.84777,0.84798,1.08,1.08
2014.01.24 13:55:46.259,0.84777,0.84798,1.10,1.95
2014.01.24 13:55:46.460,0.84773,0.84794,1.20,1.15
2014.01.24 13:55:46.511,0.84773,0.84794,1.00,1.15
2014.01.24 13:55:46.943,0.84773,0.84794,1.20,1.20
2014.01.24 13:55:47.044,0.84773,0.84794,1.20,1.18
2014.01.24 13:55:48.354,0.84773,0.84794,1.00,3.08
2014.01.24 13:55:48.772,0.8477,0.84793,1.18,1.15
2014.01.24 13:55:49.074,0.84775,0.84793,1.00,1.15
2014.01.24 13:55:49.292,0.84773,0.84794,1.00,3.08
2014.01.24 13:55:49.494,0.84773,0.84791,1.00,1.15
2014.01.24 13:55:49.958,0.84771,0.8479,1.00,2.33
2014.01.24 13:55:50.506,0.84771,0.84792,1.00,3.08
2014.01.24 13:55:50.657,0.84771,0.84792,1.00,1.15
2014.01.24 13:55:51.307,0.84771,0.84792,1.00,1.15
2014.01.24 13:55:51.358,0.84771,0.84792,1.00,3.08
2014.01.24 13:55:51.669,0.84771,0.84792,1.00,1.15
2014.01.24 13:55:52.074,0.84771,0.84792,1.00,1.15
2014.01.24 13:55:55.963,0.84771,0.84791,1.00,3.08
2014.01.24 13:55:56.101,0.84767,0.84788,1.10,1.15
2014.01.24 13:56:00.171,0.84769,0.84791,1.00,3.45
2014.01.24 13:56:01.994,0.84769,0.84792,1.00,4.58
2014.01.24 13:56:02.539,0.84769,0.84792,1.00,1.65
2014.01.24 13:56:06.279,0.84769,0.84792,1.15,1.65
2014.01.24 13:56:06.380,0.84772,0.84794,1.15,1.10
2014.01.24 13:56:06.481,0.84775,0.84795,1.15,1.00
2014.01.24 13:56:06.784,0.84778,0.84799,1.65,1.10
2014.01.24 13:56:06.835,0.84778,0.84799,3.83,1.00
2014.01.24 13:56:09.198,0.8478,0.84799,1.15,1.00
2014.01.24 13:56:10.056,0.84781,0.84799,2.33,1.00
2014.01.24 13:56:10.107,0.84783,0.84803,3.08,1.00
2014.01.24 13:56:10.524,0.84785,0.84804,3.08,1.00
2014.01.24 13:56:12.572,0.84781,0.84804,1.53,1.00
2014.01.24 13:56:12.862,0.8478,0.84801,1.15,1.00
2014.01.24 13:56:13.345,0.84783,0.84803,2.33,1.38
2014.01.24 13:56:13.598,0.84784,0.84803,1.15,1.38
2014.01.24 13:56:13.699,0.84784,0.84807,1.08,2.03
2014.01.24 13:56:13.800,0.84784,0.84807,1.15,1.95
2014.01.24 13:56:14.096,0.84787,0.84808,1.15,1.38
2014.01.24 13:56:14.248,0.84787,0.8481,1.15,1.00
2014.01.24 13:56:14.298,0.84792,0.84811,1.00,1.10
2014.01.24 13:56:14.601,0.84792,0.84815,1.18,1.15
2014.01.24 13:56:15.240,0.84795,0.84814,1.00,1.18
2014.01.24 13:56:15.543,0.84797,0.84817,1.00,2.33
2014.01.24 13:56:15.744,0.84798,0.84818,1.00,1.15
2014.01.24 13:56:15.846,0.84798,0.84818,1.00,1.15
2014.01.24 13:56:16.348,0.84798,0.84819,1.18,1.15
2014.01.24 13:56:17.226,0.84794,0.84813,2.33,1.00
2014.01.24 13:56:17.277,0.84792,0.84813,1.15,1.00
2014.01.24 13:56:17.531,0.84792,0.84813,1.18,1.00
2014.01.24 13:56:18.182,0.8479,0.84813,1.18,1.65
2014.01.24 13:56:18.877,0.84787,0.84807,1.28,1.00
2014.01.24 13:56:19.199,0.84787,0.84802,1.15,1.00
2014.01.24 13:56:20.817,0.84785,0.84802,1.15,1.00
2014.01.24 13:56:20.918,0.84783,0.84802,1.15,1.00
2014.01.24 13:56:21.020,0.84782,0.84802,1.15,1.00
2014.01.24 13:56:21.222,0.84778,0.848,2.33,1.10
2014.01.24 13:56:21.323,0.84777,0.848,1.28,1.58
2014.01.24 13:56:22.022,0.84777,0.848,3.08,1.00
2014.01.24 13:56:22.431,0.84781,0.84802,1.65,1.10
2014.01.24 13:56:22.932,0.84781,0.84802,2.03,1.00
2014.01.24 13:56:24.431,0.84781,0.84802,1.15,1.00
2014.01.24 13:56:26.952,0.84781,0.84802,1.20,1.20
2014.01.24 13:56:27.137,0.84781,0.84802,1.18,1.10
2014.01.24 13:56:27.701,0.84781,0.84802,1.08,1.18
2014.01.24 13:56:28.041,0.84782,0.84805,1.15,2.25
2014.01.24 13:56:28.109,0.84782,0.84805,1.18,2.33
2014.01.24 13:56:28.159,0.84782,0.84805,1.20,2.40
2014.01.24 13:56:31.393,0.84783,0.84805,2.33,1.50
2014.01.24 13:56:31.544,0.84782,0.84805,1.15,1.65
2014.01.24 13:56:33.223,0.84785,0.84805,1.08,1.08
2014.01.24 13:56:33.273,0.84785,0.84806,1.15,1.00
2014.01.24 13:56:33.324,0.84789,0.84806,1.00,1.00
2014.01.24 13:56:33.526,0.84789,0.8481,1.15,1.00
2014.01.24 13:56:33.778,0.84791,0.84812,1.18,1.00
2014.01.24 13:56:34.481,0.84791,0.84811,1.18,1.00
2014.01.24 13:56:34.853,0.84789,0.84807,1.00,1.20
2014.01.24 13:56:34.904,0.84785,0.84807,1.15,1.20
2014.01.24 13:56:35.398,0.84784,0.84807,1.18,1.65
2014.01.24 13:56:36.055,0.84784,0.84807,1.18,1.65
2014.01.24 13:56:36.207,0.84784,0.84807,1.15,1.65
2014.01.24 13:56:36.912,0.84786,0.84808,1.08,1.15
2014.01.24 13:56:37.013,0.84786,0.84808,1.15,1.08
2014.01.24 13:56:37.164,0.8479,0.84809,1.00,1.20
2014.01.24 13:56:37.467,0.84786,0.84806,1.15,1.00
2014.01.24 13:56:37.518,0.84783,0.84806,1.15,1.00
2014.01.24 13:56:37.569,0.84783,0.84806,1.15,1.08
2014.01.24 13:56:37.670,0.84783,0.84806,1.65,1.58
2014.01.24 13:56:37.771,0.84783,0.84806,1.15,1.58
2014.01.24 13:56:38.073,0.8479,0.84807,1.10,1.00
2014.01.24 13:56:38.124,0.8479,0.8481,1.08,1.10
2014.01.24 13:56:38.331,0.84787,0.84808,4.20,1.00
2014.01.24 13:56:38.483,0.84787,0.84808,1.65,1.00
2014.01.24 13:56:39.189,0.84787,0.84808,1.15,1.08
2014.01.24 13:56:39.760,0.84784,0.84807,1.28,1.08
2014.01.24 13:56:40.587,0.8479,0.84811,1.00,3.83
2014.01.24 13:56:40.637,0.8479,0.84811,1.10,1.65
2014.01.24 13:56:40.688,0.8479,0.84811,1.20,1.65
2014.01.24 13:56:41.209,0.8479,0.84809,1.20,1.00
2014.01.24 13:56:41.311,0.8479,0.84809,1.20,1.38
2014.01.24 13:56:41.412,0.84786,0.84807,1.00,1.53
2014.01.24 13:56:41.595,0.84783,0.84806,1.18,1.28
2014.01.24 13:56:41.645,0.84783,0.84806,1.10,1.28
2014.01.24 13:56:41.746,0.84783,0.84804,1.18,1.10
2014.01.24 13:56:42.724,0.84783,0.84804,1.10,1.15
2014.01.24 13:56:43.692,0.84782,0.84804,2.03,1.08
2014.01.24 13:56:44.021,0.84787,0.84805,1.65,1.00
2014.01.24 13:56:44.071,0.84787,0.84808,1.65,1.18
2014.01.24 13:56:44.122,0.84787,0.84808,1.65,1.18
2014.01.24 13:56:44.720,0.84785,0.84808,1.18,1.65
2014.01.24 13:56:45.176,0.84785,0.84806,1.00,1.15
2014.01.24 13:56:45.681,0.84785,0.84805,1.00,1.18
2014.01.24 13:56:45.983,0.84787,0.84808,1.88,1.15
2014.01.24 13:56:46.188,0.84785,0.84806,1.18,1.15
2014.01.24 13:56:46.238,0.84785,0.84806,1.15,1.10
2014.01.24 13:56:46.390,0.84781,0.84802,2.03,1.00
2014.01.24 13:56:46.546,0.84781,0.84802,4.20,1.00
2014.01.24 13:56:46.597,0.84785,0.84805,1.08,1.08
2014.01.24 13:56:47.032,0.84787,0.84808,1.20,1.20
2014.01.24 13:56:47.825,0.84787,0.84808,1.18,1.20
2014.01.24 13:56:48.731,0.84787,0.84808,2.03,1.00
2014.01.24 13:56:49.033,0.84789,0.84811,2.70,1.50
2014.01.24 13:56:49.820,0.84788,0.84811,1.53,1.58
2014.01.24 13:56:49.953,0.84788,0.84811,1.53,1.65
2014.01.24 13:56:52.341,0.84789,0.84811,1.53,1.00
2014.01.24 13:56:53.227,0.84788,0.84809,1.53,1.00
2014.01.24 13:56:53.529,0.84786,0.84807,4.20,1.00
2014.01.24 13:56:53.731,0.84786,0.84806,1.00,1.18
2014.01.24 13:56:53.782,0.84783,0.84804,1.08,1.08
2014.01.24 13:56:54.085,0.84781,0.84802,1.18,1.08
2014.01.24 13:56:54.135,0.84781,0.84802,1.10,1.15
2014.01.24 13:56:55.045,0.84777,0.848,1.18,1.58
2014.01.24 13:56:55.095,0.84775,0.84796,1.53,1.00
2014.01.24 13:56:55.146,0.84775,0.84796,1.15,1.10
2014.01.24 13:56:55.297,0.84772,0.84792,2.03,1.00
2014.01.24 13:56:55.600,0.84772,0.84792,1.08,1.08
2014.01.24 13:56:55.932,0.84772,0.84791,1.00,1.08
2014.01.24 13:56:56.525,0.84772,0.84788,1.00,1.00
2014.01.24 13:56:56.626,0.8477,0.84788,1.00,1.10
2014.01.24 13:56:57.041,0.8477,0.84788,1.18,1.00
2014.01.24 13:56:57.142,0.84771,0.84791,1.18,1.58
2014.01.24 13:56:57.811,0.8477,0.84791,1.18,1.58
2014.01.24 13:56:58.046,0.8477,0.84788,1.10,1.00
2014.01.24 13:56:58.500,0.8477,0.8479,1.10,1.10
2014.01.24 13:56:59.126,0.8477,0.84788,1.10,1.00
2014.01.24 13:57:00.321,0.84767,0.84788,2.03,1.58
2014.01.24 13:57:00.573,0.84763,0.84785,1.53,1.08
2014.01.24 13:57:01.232,0.84763,0.84783,1.55,1.00
2014.01.24 13:57:01.763,0.84763,0.84783,1.20,1.08
2014.01.24 13:57:02.996,0.84763,0.84783,1.08,1.10
2014.01.24 13:57:03.147,0.84763,0.84782,1.10,1.00
2014.01.24 13:57:03.948,0.84763,0.84783,1.10,1.00
2014.01.24 13:57:03.999,0.84763,0.84781,1.10,1.10
2014.01.24 13:57:04.320,0.84761,0.84779,1.15,1.00
2014.01.24 13:57:04.422,0.84761,0.84779,1.00,1.10
2014.01.24 13:57:05.229,0.84758,0.84779,1.10,1.10
2014.01.24 13:57:05.431,0.84758,0.84778,1.10,1.18
2014.01.24 13:57:05.532,0.84756,0.84775,1.50,1.10
2014.01.24 13:57:05.936,0.84757,0.84777,1.20,1.20
2014.01.24 13:57:06.037,0.84757,0.84777,1.00,1.15
2014.01.24 13:57:06.540,0.84755,0.84775,1.18,1.10
2014.01.24 13:57:07.239,0.84755,0.84775,1.20,1.08
2014.01.24 13:57:08.354,0.84756,0.84775,1.00,1.18
2014.01.24 13:57:08.558,0.84756,0.84775,1.10,1.10
2014.01.24 13:57:08.659,0.84756,0.84775,1.15,1.00
2014.01.24 13:57:11.660,0.84756,0.84774,1.53,1.00
2014.01.24 13:57:12.803,0.84755,0.84774,1.53,1.00
2014.01.24 13:57:13.055,0.84755,0.84773,1.55,1.00
2014.01.24 13:57:13.156,0.84755,0.84773,1.53,1.00
2014.01.24 13:57:13.935,0.84755,0.84773,1.28,1.00
2014.01.24 13:57:13.986,0.84755,0.84776,1.28,1.00
2014.01.24 13:57:15.231,0.84755,0.84776,1.28,1.10
2014.01.24 13:57:15.521,0.84755,0.84775,1.28,1.00
2014.01.24 13:57:21.226,0.84755,0.84775,1.28,1.00
2014.01.24 13:57:22.203,0.84756,0.84775,1.45,1.10
2014.01.24 13:57:22.510,0.84759,0.84779,1.08,1.08
2014.01.24 13:57:22.561,0.84759,0.84779,1.15,1.00
2014.01.24 13:57:23.411,0.84759,0.84779,3.08,1.00
2014.01.24 13:57:23.722,0.84762,0.84779,2.03,1.00
2014.01.24 13:57:23.773,0.84762,0.84782,1.65,1.00
2014.01.24 13:57:31.503,0.84765,0.84782,1.15,1.00
2014.01.24 13:57:32.111,0.84766,0.84782,1.15,1.00
2014.01.24 13:57:32.363,0.84773,0.84788,1.00,1.00
2014.01.24 13:57:32.556,0.84773,0.84788,1.08,1.00
2014.01.24 13:57:35.631,0.84775,0.84788,1.10,1.00
2014.01.24 13:57:37.051,0.84768,0.84788,1.55,1.10
2014.01.24 13:57:37.102,0.84768,0.84786,1.28,1.00
2014.01.24 13:57:37.253,0.84768,0.84786,1.10,1.10
2014.01.24 13:57:37.304,0.84768,0.84784,1.10,1.00
2014.01.24 13:57:40.021,0.84765,0.84784,1.65,1.00
2014.01.24 13:57:40.341,0.84764,0.84784,1.18,1.00
2014.01.24 13:57:40.393,0.84764,0.84782,1.18,1.00
2014.01.24 13:57:40.943,0.84764,0.84782,1.15,1.00
2014.01.24 13:57:41.471,0.84764,0.84782,4.20,1.00
2014.01.24 13:57:41.802,0.84767,0.84787,3.83,1.13
2014.01.24 13:57:41.853,0.8477,0.84787,1.10,1.13
2014.01.24 13:57:42.105,0.84772,0.84787,1.00,1.18
2014.01.24 13:57:42.485,0.84772,0.84789,1.38,1.15
2014.01.24 13:57:43.146,0.84772,0.84789,1.00,1.15
2014.01.24 13:57:43.799,0.84772,0.84788,1.00,1.00
2014.01.24 13:57:44.332,0.84767,0.84788,1.53,1.00
2014.01.24 13:57:45.111,0.84767,0.84788,3.45,1.00
2014.01.24 13:57:45.213,0.8477,0.8479,1.15,1.00
2014.01.24 13:57:45.743,0.8477,0.84789,1.08,1.10
2014.01.24 13:57:46.260,0.84767,0.84788,1.95,1.18
2014.01.24 13:57:46.841,0.84769,0.84788,1.00,1.10
2014.01.24 13:57:47.377,0.84769,0.84789,1.38,1.18
2014.01.24 13:57:47.909,0.84771,0.8479,1.00,1.15
2014.01.24 13:57:48.272,0.84769,0.84789,1.00,2.33
2014.01.24 13:57:48.323,0.84767,0.84789,1.50,2.33
2014.01.24 13:57:48.858,0.84767,0.84785,1.50,1.15
2014.01.24 13:57:48.960,0.84767,0.84785,1.50,1.00
2014.01.24 13:57:50.049,0.84767,0.84786,1.50,1.20
2014.01.24 13:57:50.880,0.84767,0.84786,1.00,1.18
2014.01.24 13:57:51.980,0.84767,0.84787,1.10,1.15
2014.01.24 13:57:52.282,0.84769,0.84789,1.18,1.10
2014.01.24 13:57:52.621,0.84771,0.84787,1.10,1.08
2014.01.24 13:57:52.671,0.84767,0.84787,1.50,1.15
2014.01.24 13:57:52.976,0.84772,0.84784,1.00,1.15
2014.01.24 13:57:53.328,0.84766,0.84785,1.38,1.15
2014.01.24 13:57:57.591,0.84771,0.84785,1.00,1.15
2014.01.24 13:57:57.811,0.84766,0.84785,1.38,1.15
2014.01.24 13:57:58.074,0.84766,0.84782,1.38,1.15
2014.01.24 13:57:58.205,0.84766,0.84782,1.38,1.15
2014.01.24 13:57:59.170,0.84766,0.84785,1.38,3.83
2014.01.24 13:58:00.257,0.84766,0.84785,1.38,1.65
2014.01.24 13:58:02.580,0.84766,0.84785,1.38,1.65
2014.01.24 13:58:02.890,0.84772,0.84785,1.00,1.65
2014.01.24 13:58:03.193,0.84772,0.84781,1.00,1.00
2014.01.24 13:58:03.243,0.84762,0.84781,1.00,1.00
2014.01.24 13:58:03.294,0.84762,0.84776,1.00,1.00
2014.01.24 13:58:03.596,0.8476,0.84774,1.00,2.33
2014.01.24 13:58:03.647,0.84756,0.84774,1.50,2.33
2014.01.24 13:58:04.141,0.84753,0.84774,1.00,2.33
2014.01.24 13:58:04.393,0.84746,0.84767,2.33,1.00
2014.01.24 13:58:04.504,0.84744,0.84767,1.88,1.18
2014.01.24 13:58:04.822,0.84748,0.84771,1.38,3.08
2014.01.24 13:58:04.923,0.84748,0.84771,1.53,1.15
2014.01.24 13:58:05.958,0.84747,0.84768,1.28,1.08
2014.01.24 13:58:06.009,0.84747,0.84768,1.20,1.15
2014.01.24 13:58:07.320,0.84747,0.8477,1.48,3.83
2014.01.24 13:58:07.721,0.84747,0.8477,1.53,1.18
2014.01.24 13:58:09.453,0.84747,0.8477,1.53,1.18
2014.01.24 13:58:09.953,0.84747,0.8477,1.45,1.15
2014.01.24 13:58:13.287,0.84746,0.84768,1.55,1.15
2014.01.24 13:58:13.489,0.84743,0.84764,1.55,1.08
2014.01.24 13:58:13.539,0.84743,0.84764,1.48,1.15
2014.01.24 13:58:14.579,0.84743,0.84764,1.48,1.15
2014.01.24 13:58:15.069,0.84743,0.84764,1.48,1.15
2014.01.24 13:58:15.649,0.84745,0.84766,1.13,3.83
2014.01.24 13:58:18.911,0.84742,0.84765,1.18,2.40
2014.01.24 13:58:19.062,0.84739,0.84762,1.15,1.28
2014.01.24 13:58:19.339,0.84739,0.84761,1.08,2.03
2014.01.24 13:58:19.648,0.84739,0.8476,1.00,3.08
2014.01.24 13:58:19.768,0.84737,0.84758,1.00,1.15
2014.01.24 13:58:22.880,0.84737,0.84758,1.38,1.15
2014.01.24 13:58:23.490,0.84737,0.84758,1.13,1.15
2014.01.24 13:58:23.591,0.84737,0.84758,1.95,1.18
2014.01.24 13:58:23.641,0.84737,0.84755,1.20,1.00
2014.01.24 13:58:25.550,0.84737,0.84757,1.00,3.08
2014.01.24 13:58:25.802,0.84736,0.84755,1.00,1.15
2014.01.24 13:58:26.561,0.84736,0.84759,1.88,5.25
2014.01.24 13:58:26.729,0.8474,0.84759,1.00,2.33
2014.01.24 13:58:26.780,0.8474,0.84761,1.00,3.08
2014.01.24 13:58:28.401,0.84741,0.84761,1.00,2.33
2014.01.24 13:58:28.553,0.84742,0.84763,1.38,1.65
2014.01.24 13:58:30.082,0.84742,0.84763,1.13,1.15
2014.01.24 13:58:32.940,0.84742,0.84764,1.38,1.15
2014.01.24 13:58:32.991,0.84745,0.84766,1.28,1.00
2014.01.24 13:58:33.091,0.84747,0.84767,1.88,1.15
2014.01.24 13:58:33.394,0.84745,0.84766,1.10,1.15
2014.01.24 13:58:33.646,0.84746,0.84761,1.00,1.00
2014.01.24 13:58:33.697,0.84741,0.84761,1.55,1.50
2014.01.24 13:58:33.798,0.84747,0.84761,1.00,1.50
2014.01.24 13:58:34.191,0.84747,0.84759,1.00,4.50
2014.01.24 13:58:34.347,0.84742,0.84759,1.38,4.50
2014.01.24 13:58:34.710,0.84738,0.84758,1.38,1.15
2014.01.24 13:58:35.270,0.84738,0.84758,1.00,1.15
2014.01.24 13:58:35.371,0.84735,0.84758,1.28,1.15
2014.01.24 13:58:35.472,0.84735,0.84756,1.00,3.83
2014.01.24 13:58:35.627,0.84732,0.84753,1.20,1.15
2014.01.24 13:58:35.686,0.84732,0.84753,1.13,1.15
2014.01.24 13:58:36.230,0.84732,0.84753,1.38,1.15
2014.01.24 13:58:36.569,0.84731,0.84753,1.95,1.18
2014.01.24 13:58:36.670,0.84737,0.84755,1.38,1.18
2014.01.24 13:58:36.782,0.84737,0.84757,1.38,1.15
2014.01.24 13:58:37.325,0.84737,0.84757,1.38,1.15
2014.01.24 13:58:40.982,0.84737,0.84757,1.38,1.15
2014.01.24 13:58:41.486,0.84732,0.84755,1.55,1.15
2014.01.24 13:58:42.644,0.84732,0.84755,1.48,1.15
2014.01.24 13:58:43.049,0.84732,0.84755,1.38,1.65
2014.01.24 13:58:43.637,0.84732,0.84755,1.38,1.65
2014.01.24 13:58:43.738,0.84732,0.84755,1.38,1.65
2014.01.24 13:58:44.364,0.84732,0.84755,1.38,1.15
2014.01.24 13:58:45.140,0.84732,0.84755,1.13,1.15
2014.01.24 13:58:45.524,0.84731,0.84751,1.38,1.15
2014.01.24 13:58:45.839,0.84731,0.8475,1.00,1.15
2014.01.24 13:58:46.315,0.84731,0.84751,1.00,1.15
2014.01.24 13:58:46.536,0.84733,0.84753,1.00,3.08
2014.01.24 13:58:47.095,0.84733,0.84754,1.00,4.20
2014.01.24 13:58:47.146,0.84733,0.84754,1.00,1.28
2014.01.24 13:58:47.780,0.84733,0.84754,1.00,1.28
2014.01.24 13:58:50.309,0.84733,0.84754,1.13,1.15
2014.01.24 13:58:51.758,0.84733,0.84754,1.28,1.20
2014.01.24 13:58:52.517,0.84733,0.84754,1.10,1.15
2014.01.24 13:58:53.133,0.84733,0.84754,1.18,1.18
2014.01.24 13:58:53.184,0.84733,0.84754,1.15,1.20
2014.01.24 13:58:53.388,0.84733,0.84754,1.15,1.00
2014.01.24 13:58:53.439,0.84734,0.84756,1.15,1.20
2014.01.24 13:58:53.590,0.84734,0.84757,1.15,1.00
2014.01.24 13:58:55.532,0.84733,0.84754,3.83,1.00
2014.01.24 13:58:55.583,0.84733,0.84754,1.15,1.10
2014.01.24 13:58:55.741,0.84731,0.84752,2.70,1.00
2014.01.24 13:58:55.792,0.84729,0.84752,1.53,1.00
2014.01.24 13:58:56.099,0.84733,0.84754,1.18,1.08
2014.01.24 13:58:56.333,0.84734,0.84757,1.15,1.15
2014.01.24 13:58:57.330,0.84736,0.84757,1.15,1.00
2014.01.24 13:58:59.103,0.84736,0.84757,1.08,1.18
2014.01.24 13:59:01.234,0.84734,0.84757,1.00,1.15
2014.01.24 13:59:01.336,0.84734,0.84755,1.00,3.08
2014.01.24 13:59:01.393,0.84731,0.84754,1.08,1.15
2014.01.24 13:59:01.708,0.84729,0.8475,1.08,1.18
2014.01.24 13:59:02.600,0.84726,0.84747,1.65,1.00
2014.01.24 13:59:02.803,0.84726,0.84747,2.03,1.10
2014.01.24 13:59:02.904,0.84729,0.8475,1.00,1.15
2014.01.24 13:59:03.232,0.84729,0.8475,1.18,1.08
2014.01.24 13:59:03.550,0.84736,0.84754,1.10,1.00
2014.01.24 13:59:03.870,0.84742,0.84757,1.00,1.00
2014.01.24 13:59:05.578,0.84742,0.84759,1.00,1.00
2014.01.24 13:59:06.419,0.84742,0.84759,1.08,1.00
2014.01.24 13:59:06.745,0.84747,0.84759,1.00,1.00
2014.01.24 13:59:07.082,0.84747,0.84762,1.00,1.00
2014.01.24 13:59:10.019,0.84751,0.84762,1.00,1.00
2014.01.24 13:59:10.070,0.84751,0.84765,1.00,1.00
2014.01.24 13:59:10.610,0.84752,0.84765,1.00,1.00
2014.01.24 13:59:12.834,0.84752,0.84767,1.00,1.00
2014.01.24 13:59:12.885,0.84756,0.84767,1.00,1.00
2014.01.24 13:59:13.187,0.84751,0.84767,1.10,1.00
2014.01.24 13:59:13.850,0.84751,0.84767,1.00,1.08
2014.01.24 13:59:14.253,0.84751,0.8477,1.00,1.18
2014.01.24 13:59:15.542,0.84751,0.84767,1.00,1.00
2014.01.24 13:59:16.348,0.84751,0.84767,1.38,1.00
2014.01.24 13:59:16.449,0.84752,0.84769,1.20,1.00
2014.01.24 13:59:16.974,0.84752,0.84769,1.28,1.00
2014.01.24 13:59:17.182,0.84756,0.84769,1.00,1.00
2014.01.24 13:59:18.828,0.84752,0.84769,1.00,1.00
2014.01.24 13:59:18.879,0.84752,0.84767,1.00,1.00
2014.01.24 13:59:19.985,0.84752,0.84767,1.38,1.00
2014.01.24 13:59:20.186,0.84751,0.84767,1.48,1.00
2014.01.24 13:59:20.720,0.84751,0.84767,1.38,1.00
2014.01.24 13:59:21.228,0.84751,0.84767,1.13,1.00
2014.01.24 13:59:22.336,0.84751,0.84767,1.00,1.18
2014.01.24 13:59:22.677,0.84751,0.84767,1.00,1.15
2014.01.24 13:59:23.220,0.84749,0.84767,1.38,1.15
2014.01.24 13:59:23.522,0.84746,0.84762,1.38,1.18
2014.01.24 13:59:23.792,0.84746,0.84762,1.13,1.00
2014.01.24 13:59:24.033,0.84746,0.84764,1.38,1.00
2014.01.24 13:59:24.140,0.84746,0.84764,1.38,1.00
2014.01.24 13:59:24.477,0.84746,0.84764,1.38,1.15
2014.01.24 13:59:25.371,0.84746,0.84762,1.13,1.10
2014.01.24 13:59:25.729,0.84746,0.84762,1.13,1.15
2014.01.24 13:59:26.607,0.84746,0.84762,1.38,1.15
2014.01.24 13:59:26.759,0.84746,0.84764,1.38,1.15
2014.01.24 13:59:26.860,0.84746,0.84764,1.38,1.10
2014.01.24 13:59:26.910,0.84746,0.84761,1.38,1.00
2014.01.24 13:59:27.374,0.84742,0.84761,1.58,1.00
2014.01.24 13:59:27.891,0.84742,0.84761,1.48,1.08
2014.01.24 13:59:28.458,0.84742,0.84761,1.38,1.18
2014.01.24 13:59:29.405,0.84742,0.84761,1.38,1.18
2014.01.24 13:59:30.189,0.84742,0.84761,1.38,1.15
2014.01.24 13:59:30.738,0.84742,0.84758,1.38,1.10
2014.01.24 13:59:33.420,0.84742,0.84758,1.13,1.00
2014.01.24 13:59:33.939,0.84742,0.84758,1.13,1.18
2014.01.24 13:59:35.589,0.84742,0.84754,1.00,1.00
2014.01.24 13:59:35.639,0.84737,0.84754,1.45,1.00
2014.01.24 13:59:35.690,0.84737,0.84757,1.45,1.08
2014.01.24 13:59:35.741,0.84742,0.84757,1.00,1.08
2014.01.24 13:59:36.923,0.84742,0.84757,1.00,1.00
2014.01.24 13:59:38.898,0.84742,0.84757,1.00,1.08
2014.01.24 13:59:39.428,0.84742,0.84754,1.00,1.00
2014.01.24 13:59:40.080,0.84742,0.84758,1.00,1.53
2014.01.24 13:59:40.383,0.84742,0.84758,1.08,1.00
2014.01.24 13:59:40.535,0.84742,0.84758,1.00,1.20
2014.01.24 13:59:40.707,0.84738,0.84758,1.00,1.28
2014.01.24 13:59:41.447,0.84737,0.84755,1.00,1.10
2014.01.24 13:59:41.502,0.84732,0.84752,1.53,1.00
2014.01.24 13:59:41.754,0.84732,0.84752,1.28,1.00
2014.01.24 13:59:41.855,0.84732,0.84752,1.20,1.08
2014.01.24 13:59:44.599,0.84732,0.84749,1.38,1.10
2014.01.24 13:59:44.963,0.8473,0.84749,1.28,1.48
2014.01.24 13:59:45.525,0.84728,0.84749,1.58,1.53
2014.01.24 13:59:46.709,0.84728,0.84749,1.58,1.53
2014.01.24 13:59:47.030,0.84728,0.84749,1.00,1.53
2014.01.24 13:59:47.569,0.84728,0.84749,1.13,1.53
2014.01.24 13:59:47.872,0.84728,0.84749,1.15,1.50
2014.01.24 13:59:48.018,0.84728,0.84749,1.15,1.00
2014.01.24 13:59:48.630,0.84728,0.84749,1.15,1.10
2014.01.24 13:59:48.932,0.84724,0.84745,1.18,1.00
2014.01.24 13:59:48.983,0.84724,0.84745,1.18,1.20
2014.01.24 13:59:49.436,0.84721,0.84742,3.08,1.00
2014.01.24 13:59:49.988,0.84721,0.84742,1.15,1.00
2014.01.24 13:59:50.499,0.8472,0.84741,1.65,1.00
2014.01.24 13:59:51.295,0.84718,0.84741,1.15,1.08
2014.01.24 13:59:51.602,0.84736,0.84741,1.00,1.00
2014.01.24 13:59:51.753,0.84736,0.84745,1.00,1.00
2014.01.24 13:59:51.905,0.84725,0.84745,1.08,1.08
2014.01.24 13:59:51.955,0.84725,0.84739,1.00,1.00
2014.01.24 13:59:52.157,0.84718,0.84739,1.20,1.18
2014.01.24 13:59:52.669,0.84718,0.84739,1.10,1.15
2014.01.24 13:59:57.300,0.84718,0.84739,1.28,1.20
2014.01.24 13:59:57.525,0.84724,0.84747,1.20,1.65
2014.01.24 13:59:57.920,0.84724,0.84746,1.10,1.15
2014.01.24 13:59:58.453,0.84724,0.84747,1.18,1.15
2014.01.24 13:59:59.987,0.84721,0.84742,1.15,1.00
