2010.05.06 19:00:00.031,0.63015,0.631,1.00,1.00
2010.05.06 19:00:00.375,0.63005,0.63085,1.00,1.00
2010.05.06 19:00:01.539,0.6302,0.6309,1.00,1.00
2010.05.06 19:00:02.716,0.6307,0.6309,1.00,1.00
2010.05.06 19:00:03.023,0.6307,0.63155,1.00,1.00
2010.05.06 19:00:03.528,0.6307,0.6315,1.00,1.00
2010.05.06 19:00:03.869,0.63075,0.63155,1.00,1.00
2010.05.06 19:00:04.207,0.63075,0.6316,1.00,1.00
2010.05.06 19:00:05.022,0.63065,0.63145,1.00,1.00
2010.05.06 19:00:05.344,0.6305,0.63145,1.00,1.00
2010.05.06 19:00:06.149,0.63085,0.6315,1.00,1.00
2010.05.06 19:00:06.487,0.6308,0.63165,1.00,1.00
2010.05.06 19:00:06.806,0.6307,0.63155,1.70,1.00
2010.05.06 19:00:07.528,0.63085,0.6317,1.00,1.00
2010.05.06 19:00:07.865,0.63045,0.63175,1.00,2.40
2010.05.06 19:00:08.204,0.63045,0.63165,1.00,1.00
2010.05.06 19:00:08.691,0.63045,0.6316,1.60,1.00
2010.05.06 19:00:09.039,0.63035,0.6315,1.60,1.00
2010.05.06 19:00:10.197,0.63035,0.6315,1.00,1.00
2010.05.06 19:00:10.537,0.63035,0.6315,1.60,1.00
2010.05.06 19:00:10.880,0.63035,0.63145,1.60,1.00
2010.05.06 19:00:11.355,0.63035,0.63145,1.00,1.00
2010.05.06 19:00:11.700,0.63025,0.63145,1.00,1.00
2010.05.06 19:00:12.036,0.6303,0.63135,1.70,1.00
2010.05.06 19:00:12.354,0.63045,0.63145,1.00,1.00
2010.05.06 19:00:13.129,0.63045,0.63145,1.00,1.00
2010.05.06 19:00:13.465,0.63045,0.6316,1.00,1.00
2010.05.06 19:00:14.232,0.6305,0.6316,1.00,1.00
2010.05.06 19:00:14.517,0.63045,0.63145,1.00,1.00
2010.05.06 19:00:14.947,0.63045,0.6315,1.00,2.40
2010.05.06 19:00:15.413,0.63015,0.6314,1.60,1.00
2010.05.06 19:00:15.758,0.6301,0.6314,1.00,1.00
2010.05.06 19:00:16.533,0.6301,0.63145,3.20,1.60
2010.05.06 19:00:16.893,0.63015,0.6315,3.20,1.00
2010.05.06 19:00:17.237,0.63025,0.63155,1.00,1.60
2010.05.06 19:00:18.139,0.63005,0.63145,1.00,1.00
2010.05.06 19:00:18.475,0.63005,0.63135,1.00,2.40
2010.05.06 19:00:19.225,0.63005,0.6313,1.00,1.60
2010.05.06 19:00:19.568,0.6302,0.6311,1.00,1.00
2010.05.06 19:00:19.908,0.6302,0.6312,1.00,1.00
2010.05.06 19:00:20.825,0.63025,0.6313,1.00,1.00
2010.05.06 19:00:21.661,0.63025,0.63115,1.00,1.00
2010.05.06 19:00:23.432,0.63005,0.63105,1.00,1.00
2010.05.06 19:00:23.717,0.6301,0.6309,1.00,1.00
2010.05.06 19:00:24.775,0.6301,0.6309,1.00,1.00
2010.05.06 19:00:25.416,0.63005,0.63085,1.00,1.00
2010.05.06 19:00:26.515,0.62995,0.6307,1.00,1.00
2010.05.06 19:00:26.855,0.6299,0.6309,1.00,1.00
2010.05.06 19:00:27.776,0.6299,0.63075,1.00,1.00
2010.05.06 19:00:29.283,0.62985,0.63075,1.00,1.00
2010.05.06 19:00:29.796,0.62985,0.6307,1.00,1.00
2010.05.06 19:00:30.477,0.62975,0.63065,1.00,1.00
2010.05.06 19:00:31.236,0.62965,0.6306,1.00,1.00
2010.05.06 19:00:31.577,0.62955,0.6304,1.00,1.00
2010.05.06 19:00:32.687,0.6295,0.6304,1.00,1.00
2010.05.06 19:00:33.018,0.6294,0.63045,1.00,1.00
2010.05.06 19:00:33.355,0.62945,0.63045,1.00,1.00
2010.05.06 19:00:33.695,0.6297,0.63055,1.00,1.00
2010.05.06 19:00:34.484,0.6295,0.63055,1.00,1.00
2010.05.06 19:00:34.734,0.6295,0.63045,1.00,1.00
2010.05.06 19:00:35.748,0.6293,0.63035,1.00,1.00
2010.05.06 19:00:36.087,0.62925,0.63035,1.00,1.00
2010.05.06 19:00:36.931,0.6293,0.6303,1.00,1.00
2010.05.06 19:00:37.283,0.6293,0.63025,1.00,1.00
2010.05.06 19:00:38.076,0.62945,0.63035,1.00,1.00
2010.05.06 19:00:38.416,0.62945,0.63035,1.00,1.00
2010.05.06 19:00:39.237,0.62945,0.6303,1.00,1.00
2010.05.06 19:00:39.919,0.62945,0.63035,1.00,1.00
2010.05.06 19:00:41.027,0.6293,0.6302,1.00,1.00
2010.05.06 19:00:41.366,0.62935,0.6302,1.00,1.00
2010.05.06 19:00:42.178,0.6293,0.6302,1.00,1.00
2010.05.06 19:00:42.457,0.6294,0.63025,1.00,1.00
2010.05.06 19:00:42.737,0.6295,0.6303,1.00,1.00
2010.05.06 19:00:43.467,0.6294,0.6303,1.00,1.00
2010.05.06 19:00:43.805,0.6294,0.6303,1.00,1.00
2010.05.06 19:00:44.144,0.6294,0.63025,1.00,1.00
2010.05.06 19:00:44.914,0.6293,0.63015,1.00,1.00
2010.05.06 19:00:45.224,0.62925,0.6301,1.00,1.00
2010.05.06 19:00:46.317,0.6292,0.63005,1.00,1.00
2010.05.06 19:00:46.656,0.6292,0.63005,1.00,1.00
2010.05.06 19:00:46.994,0.6292,0.63005,1.00,1.00
2010.05.06 19:00:47.478,0.62915,0.63005,1.00,1.00
2010.05.06 19:00:47.818,0.62925,0.63005,1.00,1.00
2010.05.06 19:00:48.156,0.62925,0.62985,1.00,1.00
2010.05.06 19:00:48.647,0.629,0.62985,1.60,1.00
2010.05.06 19:00:49.013,0.62885,0.62965,1.00,1.00
2010.05.06 19:00:49.357,0.62875,0.6296,1.00,1.00
2010.05.06 19:00:50.145,0.62865,0.62965,1.00,1.00
2010.05.06 19:00:51.615,0.62865,0.62965,1.00,1.00
2010.05.06 19:00:51.904,0.62865,0.62955,1.00,1.00
2010.05.06 19:00:52.183,0.62865,0.62965,1.00,1.00
2010.05.06 19:00:53.028,0.62875,0.62965,1.00,1.00
2010.05.06 19:00:53.367,0.6288,0.62965,1.00,1.00
2010.05.06 19:00:54.226,0.62875,0.6295,1.00,1.00
2010.05.06 19:00:54.565,0.6286,0.6295,1.00,1.00
2010.05.06 19:00:55.389,0.62845,0.6295,1.00,1.00
2010.05.06 19:00:55.727,0.6285,0.62945,1.00,1.00
2010.05.06 19:00:56.064,0.6285,0.6293,1.00,1.00
2010.05.06 19:00:56.878,0.62845,0.6293,1.00,1.00
2010.05.06 19:00:58.384,0.62845,0.62915,1.00,1.00
2010.05.06 19:00:58.726,0.62845,0.6292,1.00,1.00
2010.05.06 19:00:59.015,0.6284,0.6293,1.00,1.00
2010.05.06 19:00:59.761,0.62845,0.62945,1.00,1.00
2010.05.06 19:01:00.027,0.62855,0.6294,1.00,1.00
2010.05.06 19:01:00.305,0.6286,0.62955,1.00,1.00
2010.05.06 19:01:00.578,0.6286,0.62965,1.00,1.00
2010.05.06 19:01:01.069,0.6286,0.6297,1.00,1.00
2010.05.06 19:01:01.406,0.6288,0.6297,1.00,1.00
2010.05.06 19:01:03.750,0.629,0.6297,1.00,1.00
2010.05.06 19:01:04.100,0.629,0.62985,1.00,1.00
2010.05.06 19:01:04.445,0.6288,0.62985,1.00,1.00
2010.05.06 19:01:05.255,0.6287,0.6297,1.00,1.00
2010.05.06 19:01:05.598,0.6287,0.6293,1.00,1.60
2010.05.06 19:01:05.936,0.6287,0.6295,1.00,1.60
2010.05.06 19:01:06.725,0.6286,0.6299,1.00,1.00
2010.05.06 19:01:07.064,0.6287,0.62995,1.00,1.00
2010.05.06 19:01:07.736,0.6287,0.6297,1.00,1.00
2010.05.06 19:01:08.076,0.62865,0.6297,1.00,1.00
2010.05.06 19:01:09.866,0.62875,0.62995,1.00,1.60
2010.05.06 19:01:10.506,0.62865,0.6299,1.00,1.00
2010.05.06 19:01:10.676,0.62865,0.6299,1.00,1.00
2010.05.06 19:01:11.015,0.6286,0.6298,1.00,1.00
2010.05.06 19:01:11.801,0.62875,0.62955,1.00,2.40
2010.05.06 19:01:12.144,0.6284,0.6295,1.00,1.60
2010.05.06 19:01:12.485,0.62835,0.62945,1.00,1.00
2010.05.06 19:01:13.300,0.6283,0.62965,1.00,1.00
2010.05.06 19:01:13.628,0.62845,0.62965,2.40,1.00
2010.05.06 19:01:13.948,0.6285,0.62985,1.70,1.60
2010.05.06 19:01:14.707,0.6286,0.62985,3.20,1.00
2010.05.06 19:01:15.044,0.62865,0.6299,1.00,1.60
2010.05.06 19:01:15.817,0.62875,0.62965,1.00,1.00
2010.05.06 19:01:16.158,0.6284,0.62945,1.00,1.00
2010.05.06 19:01:16.929,0.6285,0.6294,1.00,1.00
2010.05.06 19:01:17.247,0.6284,0.62925,1.00,1.00
2010.05.06 19:01:18.755,0.6284,0.6295,1.00,1.00
2010.05.06 19:01:19.436,0.6284,0.6295,1.00,1.00
2010.05.06 19:01:20.256,0.62835,0.6295,1.00,4.10
2010.05.06 19:01:20.569,0.62835,0.6294,1.00,1.00
2010.05.06 19:01:20.875,0.62825,0.6294,1.00,1.00
2010.05.06 19:01:21.965,0.62825,0.6294,1.00,1.00
2010.05.06 19:01:22.292,0.62825,0.6294,1.00,1.70
2010.05.06 19:01:22.778,0.62825,0.62935,1.00,1.00
2010.05.06 19:01:23.575,0.6283,0.6295,1.00,1.60
2010.05.06 19:01:24.276,0.6284,0.6295,1.00,1.60
2010.05.06 19:01:24.619,0.6284,0.6295,1.00,1.00
2010.05.06 19:01:24.954,0.6284,0.6295,1.00,1.60
2010.05.06 19:01:25.649,0.62835,0.6295,1.00,1.60
2010.05.06 19:01:25.988,0.6284,0.62945,1.00,1.00
2010.05.06 19:01:26.327,0.62825,0.62935,1.00,1.00
2010.05.06 19:01:26.664,0.6283,0.6293,1.00,1.00
2010.05.06 19:01:27.644,0.62835,0.6293,1.00,1.00
2010.05.06 19:01:28.735,0.62825,0.6293,1.00,1.00
2010.05.06 19:01:29.075,0.6284,0.6293,1.00,3.20
2010.05.06 19:01:29.418,0.6282,0.6293,1.00,1.60
2010.05.06 19:01:30.198,0.62795,0.6292,1.00,1.00
2010.05.06 19:01:30.536,0.6279,0.6291,1.00,1.00
2010.05.06 19:01:31.010,0.6279,0.6291,1.60,1.00
2010.05.06 19:01:31.336,0.62795,0.62905,1.00,2.40
2010.05.06 19:01:31.677,0.6278,0.62895,1.00,1.00
2010.05.06 19:01:32.189,0.62795,0.62895,1.00,1.00
2010.05.06 19:01:32.532,0.6279,0.6291,3.20,1.00
2010.05.06 19:01:32.877,0.62815,0.6291,1.00,1.00
2010.05.06 19:01:33.999,0.62815,0.62905,1.00,1.00
2010.05.06 19:01:34.295,0.62815,0.6292,1.00,1.00
2010.05.06 19:01:34.596,0.62805,0.6291,1.00,1.00
2010.05.06 19:01:35.355,0.6281,0.6291,1.00,1.00
2010.05.06 19:01:35.694,0.6282,0.62905,1.00,1.00
2010.05.06 19:01:36.628,0.62815,0.629,1.00,1.00
2010.05.06 19:01:37.885,0.6281,0.6291,1.00,1.70
2010.05.06 19:01:38.234,0.6278,0.6288,2.40,1.00
2010.05.06 19:01:38.575,0.6275,0.6287,1.00,1.60
2010.05.06 19:01:38.874,0.62735,0.6286,1.00,3.20
2010.05.06 19:01:39.613,0.62725,0.62855,1.00,1.00
2010.05.06 19:01:39.903,0.6272,0.62855,1.00,1.60
2010.05.06 19:01:40.223,0.6272,0.6285,1.00,1.00
2010.05.06 19:01:41.964,0.6271,0.62845,1.00,1.00
2010.05.06 19:01:42.785,0.62755,0.6287,2.40,1.00
2010.05.06 19:01:43.606,0.6276,0.6287,1.00,1.00
2010.05.06 19:01:43.886,0.62765,0.6287,1.00,1.00
2010.05.06 19:01:46.804,0.62765,0.6287,1.00,1.00
2010.05.06 19:01:48.228,0.62795,0.629,1.00,1.60
2010.05.06 19:01:48.534,0.62795,0.62905,1.00,1.00
2010.05.06 19:01:49.039,0.62805,0.62905,1.00,1.00
2010.05.06 19:01:49.346,0.62805,0.62935,1.00,1.00
2010.05.06 19:01:49.684,0.6281,0.62935,1.00,1.00
2010.05.06 19:01:50.817,0.62815,0.62935,1.00,1.00
2010.05.06 19:01:51.157,0.6283,0.6295,1.60,1.00
2010.05.06 19:01:51.494,0.62845,0.6297,1.00,1.00
2010.05.06 19:01:52.306,0.62855,0.6296,1.00,1.60
2010.05.06 19:01:52.645,0.62855,0.6296,1.00,1.00
2010.05.06 19:01:52.864,0.62875,0.62965,1.00,1.00
2010.05.06 19:01:54.094,0.62865,0.62975,1.00,1.00
2010.05.06 19:01:54.434,0.62865,0.62975,1.60,1.00
2010.05.06 19:01:54.944,0.62865,0.6297,1.60,1.00
2010.05.06 19:01:55.288,0.62875,0.62975,1.00,1.00
2010.05.06 19:01:55.626,0.6289,0.6299,1.00,1.00
2010.05.06 19:01:56.447,0.6289,0.62995,1.00,1.60
2010.05.06 19:01:56.788,0.629,0.62995,1.00,1.00
2010.05.06 19:01:57.564,0.62905,0.62995,1.00,1.00
2010.05.06 19:01:57.921,0.62905,0.63005,1.00,1.00
2010.05.06 19:01:58.576,0.629,0.63005,1.00,1.00
2010.05.06 19:01:59.358,0.62905,0.62985,1.00,1.00
2010.05.06 19:01:59.676,0.62905,0.62975,1.00,1.00
2010.05.06 19:02:00.323,0.62885,0.62975,1.00,1.00
2010.05.06 19:02:00.652,0.62845,0.6296,1.60,1.00
2010.05.06 19:02:00.996,0.62845,0.62975,1.60,2.50
2010.05.06 19:02:01.686,0.62845,0.62965,1.00,1.00
2010.05.06 19:02:02.025,0.62845,0.62955,1.00,1.00
2010.05.06 19:02:02.366,0.62835,0.6296,2.50,1.00
2010.05.06 19:02:03.372,0.62845,0.6296,1.00,1.00
2010.05.06 19:02:03.707,0.6285,0.62955,1.00,1.00
2010.05.06 19:02:04.474,0.62835,0.6293,1.00,1.00
2010.05.06 19:02:05.714,0.62835,0.6292,1.00,1.00
2010.05.06 19:02:06.055,0.6284,0.6292,1.00,1.00
2010.05.06 19:02:07.206,0.62835,0.6295,1.00,2.50
2010.05.06 19:02:07.545,0.6282,0.62945,1.60,3.30
2010.05.06 19:02:08.084,0.6282,0.62945,1.00,4.10
2010.05.06 19:02:08.431,0.6281,0.6294,1.00,1.00
2010.05.06 19:02:09.218,0.6281,0.6294,1.60,1.70
2010.05.06 19:02:09.579,0.6281,0.62935,1.00,1.00
2010.05.06 19:02:09.916,0.6282,0.6291,1.00,1.00
2010.05.06 19:02:10.715,0.6282,0.62925,1.00,1.00
2010.05.06 19:02:11.057,0.6284,0.6296,1.00,1.00
2010.05.06 19:02:11.397,0.6284,0.62965,1.00,2.50
2010.05.06 19:02:12.294,0.62845,0.62955,1.00,1.00
2010.05.06 19:02:12.625,0.62845,0.62945,1.00,1.00
2010.05.06 19:02:13.434,0.6283,0.62945,1.00,1.00
2010.05.06 19:02:14.114,0.6283,0.62935,1.00,1.00
2010.05.06 19:02:14.826,0.62835,0.62925,1.00,1.00
2010.05.06 19:02:15.105,0.6285,0.6294,1.00,1.60
2010.05.06 19:02:15.625,0.6285,0.6294,1.00,1.60
2010.05.06 19:02:15.967,0.6288,0.6295,1.00,1.00
2010.05.06 19:02:16.308,0.6291,0.62975,1.00,1.00
2010.05.06 19:02:16.780,0.6291,0.62995,1.00,1.00
2010.05.06 19:02:17.149,0.629,0.62985,1.00,1.00
2010.05.06 19:02:17.498,0.6288,0.62995,1.00,2.40
2010.05.06 19:02:18.340,0.62865,0.62975,1.60,1.00
2010.05.06 19:02:20.353,0.6289,0.63,1.00,1.00
2010.05.06 19:02:21.034,0.62895,0.63,1.00,1.00
2010.05.06 19:02:21.286,0.62885,0.62995,1.00,1.00
2010.05.06 19:02:21.625,0.62885,0.62965,1.00,1.00
2010.05.06 19:02:22.417,0.62875,0.6296,1.00,1.00
2010.05.06 19:02:22.679,0.62885,0.6298,1.00,1.00
2010.05.06 19:02:23.376,0.6289,0.62985,1.00,1.00
2010.05.06 19:02:23.633,0.6289,0.6298,1.00,1.00
2010.05.06 19:02:25.174,0.629,0.62985,1.00,1.00
2010.05.06 19:02:25.514,0.629,0.62995,1.00,1.00
2010.05.06 19:02:26.389,0.62905,0.63,1.00,1.00
2010.05.06 19:02:27.543,0.6292,0.6301,1.00,1.00
2010.05.06 19:02:28.767,0.6293,0.63015,1.00,1.00
2010.05.06 19:02:29.108,0.62935,0.6302,1.00,1.00
2010.05.06 19:02:30.245,0.62955,0.6304,1.00,1.00
2010.05.06 19:02:30.584,0.62955,0.63045,1.00,1.00
2010.05.06 19:02:31.767,0.6297,0.6306,1.00,1.00
2010.05.06 19:02:32.106,0.62955,0.6306,1.00,1.00
2010.05.06 19:02:32.334,0.62975,0.6306,1.00,1.00
2010.05.06 19:02:32.563,0.62965,0.63055,1.00,1.00
2010.05.06 19:02:33.254,0.62975,0.63065,1.00,1.00
2010.05.06 19:02:33.594,0.6295,0.6305,1.00,1.00
2010.05.06 19:02:34.460,0.62955,0.6305,1.00,1.00
2010.05.06 19:02:34.727,0.62955,0.6306,1.00,1.00
2010.05.06 19:02:36.035,0.62955,0.63045,1.00,1.00
2010.05.06 19:02:36.929,0.62955,0.6304,1.00,1.00
2010.05.06 19:02:38.359,0.6294,0.6304,1.00,1.00
2010.05.06 19:02:38.648,0.62915,0.6299,1.00,1.00
2010.05.06 19:02:38.979,0.62905,0.6298,1.00,1.00
2010.05.06 19:02:39.441,0.62895,0.6298,1.00,1.00
2010.05.06 19:02:39.768,0.629,0.62985,1.00,1.00
2010.05.06 19:02:41.318,0.6292,0.62995,1.00,1.00
2010.05.06 19:02:41.655,0.62925,0.62995,1.00,1.00
2010.05.06 19:02:41.996,0.6293,0.63005,1.00,1.00
2010.05.06 19:02:42.737,0.62955,0.6303,1.00,1.00
2010.05.06 19:02:43.008,0.6296,0.6303,1.00,1.00
2010.05.06 19:02:43.743,0.62965,0.6304,1.00,1.00
2010.05.06 19:02:44.068,0.6296,0.63035,1.00,1.00
2010.05.06 19:02:44.406,0.62985,0.63065,1.00,1.00
2010.05.06 19:02:45.215,0.62995,0.63085,2.40,1.00
2010.05.06 19:02:45.554,0.63015,0.63095,2.40,1.00
2010.05.06 19:02:46.268,0.63025,0.63115,2.40,1.00
2010.05.06 19:02:46.608,0.63045,0.63165,1.00,1.00
2010.05.06 19:02:46.945,0.63045,0.6316,1.00,1.00
2010.05.06 19:02:47.454,0.63045,0.63145,1.00,1.00
2010.05.06 19:02:47.789,0.63065,0.63145,1.00,1.00
2010.05.06 19:02:48.128,0.63055,0.63135,1.00,1.00
2010.05.06 19:02:48.864,0.6307,0.63155,1.00,1.00
2010.05.06 19:02:49.208,0.63045,0.6314,1.00,1.00
2010.05.06 19:02:49.545,0.63045,0.63145,1.00,1.00
2010.05.06 19:02:50.322,0.63045,0.6315,1.00,1.00
2010.05.06 19:02:50.667,0.63075,0.63165,1.00,1.00
2010.05.06 19:02:51.008,0.6306,0.63155,1.00,1.00
2010.05.06 19:02:51.926,0.63055,0.6314,1.00,1.00
2010.05.06 19:02:52.217,0.63075,0.63155,1.00,1.00
2010.05.06 19:02:52.424,0.6306,0.63155,1.00,1.00
2010.05.06 19:02:52.637,0.6306,0.63145,1.00,1.00
2010.05.06 19:02:53.318,0.63045,0.63125,1.00,1.00
2010.05.06 19:02:53.658,0.6304,0.6312,1.00,1.00
2010.05.06 19:02:54.716,0.6304,0.63115,1.00,1.00
2010.05.06 19:02:54.985,0.63045,0.63125,1.00,1.00
2010.05.06 19:02:55.835,0.6306,0.63155,1.00,1.00
2010.05.06 19:02:56.178,0.63075,0.6315,1.00,1.00
2010.05.06 19:02:56.964,0.6305,0.6314,1.00,1.00
2010.05.06 19:02:57.653,0.63055,0.6315,1.00,1.00
2010.05.06 19:02:58.617,0.6308,0.6316,1.00,1.00
2010.05.06 19:02:58.864,0.6308,0.6317,1.00,1.00
2010.05.06 19:02:59.986,0.63105,0.632,1.00,1.00
2010.05.06 19:03:00.713,0.63105,0.63195,1.00,1.00
2010.05.06 19:03:01.347,0.63095,0.63185,1.00,1.00
2010.05.06 19:03:01.687,0.6313,0.6321,1.00,1.00
2010.05.06 19:03:02.172,0.63135,0.63215,1.00,1.00
2010.05.06 19:03:02.685,0.63135,0.63225,1.00,1.00
2010.05.06 19:03:03.034,0.63115,0.63215,1.00,1.00
2010.05.06 19:03:03.777,0.63125,0.63225,1.00,1.00
2010.05.06 19:03:04.345,0.63135,0.6323,1.00,1.00
2010.05.06 19:03:04.678,0.6314,0.63235,1.00,1.00
2010.05.06 19:03:05.655,0.6315,0.6323,1.00,1.00
2010.05.06 19:03:05.994,0.63155,0.6323,1.00,1.00
2010.05.06 19:03:07.404,0.6317,0.63235,1.00,1.00
2010.05.06 19:03:07.694,0.6318,0.6326,1.00,1.00
2010.05.06 19:03:08.445,0.63185,0.63275,1.00,1.00
2010.05.06 19:03:08.785,0.63195,0.63275,1.00,1.00
2010.05.06 19:03:09.126,0.63195,0.6329,1.00,1.00
2010.05.06 19:03:09.635,0.63195,0.6328,1.00,1.00
2010.05.06 19:03:09.960,0.63205,0.6329,1.00,1.00
2010.05.06 19:03:10.286,0.63205,0.63295,1.00,1.00
2010.05.06 19:03:11.048,0.63215,0.63305,1.00,1.00
2010.05.06 19:03:11.386,0.6321,0.633,1.00,1.00
2010.05.06 19:03:11.726,0.6323,0.63315,1.00,1.00
2010.05.06 19:03:12.239,0.63235,0.63315,1.00,1.00
2010.05.06 19:03:12.585,0.6323,0.6331,1.00,1.00
2010.05.06 19:03:13.709,0.6324,0.63325,1.00,1.00
2010.05.06 19:03:14.386,0.6324,0.6333,1.00,1.00
2010.05.06 19:03:16.905,0.6323,0.63355,1.00,1.00
2010.05.06 19:03:17.532,0.63245,0.63355,1.00,1.00
2010.05.06 19:03:17.881,0.6327,0.63395,1.00,1.00
2010.05.06 19:03:18.226,0.6327,0.634,3.20,1.00
2010.05.06 19:03:18.564,0.63275,0.634,1.00,1.00
2010.05.06 19:03:19.366,0.63275,0.6341,4.00,1.00
2010.05.06 19:03:19.705,0.6328,0.63405,1.60,1.00
2010.05.06 19:03:20.422,0.63285,0.6341,1.00,1.60
2010.05.06 19:03:21.694,0.63285,0.6341,3.20,1.00
2010.05.06 19:03:21.964,0.63305,0.6342,1.00,1.00
2010.05.06 19:03:22.235,0.633,0.6342,1.60,1.00
2010.05.06 19:03:22.796,0.633,0.63425,1.00,1.60
2010.05.06 19:03:23.145,0.63295,0.6341,1.00,1.00
2010.05.06 19:03:23.901,0.63285,0.6338,1.00,1.00
2010.05.06 19:03:24.243,0.63275,0.63345,1.00,1.00
2010.05.06 19:03:24.589,0.6325,0.63305,1.00,1.00
2010.05.06 19:03:25.403,0.63195,0.63275,1.00,1.00
2010.05.06 19:03:25.746,0.6319,0.6326,1.00,2.40
2010.05.06 19:03:26.230,0.6319,0.6326,1.00,3.20
2010.05.06 19:03:26.567,0.63125,0.63255,1.00,1.00
2010.05.06 19:03:26.909,0.63135,0.63255,1.60,1.00
2010.05.06 19:03:27.681,0.63135,0.6327,2.40,1.00
2010.05.06 19:03:28.025,0.63145,0.63275,1.00,2.40
2010.05.06 19:03:28.364,0.6313,0.63265,1.00,1.00
2010.05.06 19:03:29.115,0.6313,0.63255,1.00,1.00
2010.05.06 19:03:29.414,0.63125,0.6325,1.00,1.60
2010.05.06 19:03:30.245,0.63025,0.63245,2.40,3.20
2010.05.06 19:03:30.586,0.63055,0.6324,1.00,1.00
2010.05.06 19:03:30.924,0.63065,0.63255,1.00,1.00
2010.05.06 19:03:31.391,0.6308,0.63245,1.00,1.00
2010.05.06 19:03:31.738,0.63095,0.63195,1.00,1.00
2010.05.06 19:03:32.006,0.63135,0.6324,1.60,1.00
2010.05.06 19:03:32.738,0.6314,0.6326,1.00,1.00
2010.05.06 19:03:33.080,0.63075,0.63215,3.20,2.40
2010.05.06 19:03:33.426,0.6308,0.6321,1.60,1.00
2010.05.06 19:03:33.908,0.63085,0.6321,1.00,1.00
2010.05.06 19:03:34.592,0.63085,0.6322,1.00,2.40
2010.05.06 19:03:35.376,0.6309,0.63215,1.00,1.00
2010.05.06 19:03:35.713,0.6309,0.63215,1.00,3.20
2010.05.06 19:03:36.555,0.63075,0.6321,3.20,1.00
2010.05.06 19:03:36.895,0.63125,0.63205,1.00,1.00
2010.05.06 19:03:37.726,0.63155,0.6322,1.00,1.00
2010.05.06 19:03:38.064,0.63145,0.63275,1.00,1.00
2010.05.06 19:03:38.408,0.6315,0.63275,1.00,3.20
2010.05.06 19:03:39.206,0.6314,0.6325,1.00,1.00
2010.05.06 19:03:39.548,0.63145,0.63245,1.00,1.00
2010.05.06 19:03:40.364,0.6315,0.6327,3.20,1.00
2010.05.06 19:03:40.706,0.63155,0.6328,1.00,2.40
2010.05.06 19:03:41.044,0.63155,0.63275,1.00,2.40
2010.05.06 19:03:41.825,0.63175,0.6327,1.00,1.00
2010.05.06 19:03:42.990,0.63175,0.63265,1.00,1.00
2010.05.06 19:03:43.314,0.63175,0.6327,1.00,1.00
2010.05.06 19:03:43.634,0.63175,0.63275,1.00,1.60
2010.05.06 19:03:44.418,0.63195,0.6328,1.00,1.00
2010.05.06 19:03:44.709,0.63215,0.63285,1.00,1.00
2010.05.06 19:03:44.995,0.63215,0.6329,1.00,1.00
2010.05.06 19:03:45.714,0.6324,0.63325,1.00,1.60
2010.05.06 19:03:46.054,0.63255,0.63335,1.00,2.40
2010.05.06 19:03:46.976,0.63255,0.63355,1.00,1.00
2010.05.06 19:03:47.318,0.63255,0.6336,1.00,1.00
2010.05.06 19:03:47.835,0.6324,0.6336,1.60,1.00
2010.05.06 19:03:48.184,0.63255,0.63365,1.00,1.60
2010.05.06 19:03:48.948,0.6324,0.6336,1.60,1.00
2010.05.06 19:03:49.287,0.6324,0.63335,1.60,1.00
2010.05.06 19:03:49.626,0.63265,0.63365,1.00,1.00
2010.05.06 19:03:50.413,0.63245,0.63365,1.00,1.00
2010.05.06 19:03:50.753,0.63245,0.63375,1.00,4.00
2010.05.06 19:03:51.094,0.63245,0.63365,1.00,2.40
2010.05.06 19:03:51.904,0.63235,0.6336,1.00,1.00
2010.05.06 19:03:52.244,0.63235,0.6336,1.60,1.00
2010.05.06 19:03:52.534,0.63255,0.6338,1.00,1.00
2010.05.06 19:03:53.286,0.6323,0.63355,1.60,1.00
2010.05.06 19:03:53.597,0.6323,0.63355,1.00,3.20
2010.05.06 19:03:53.903,0.6323,0.6335,1.00,2.40
2010.05.06 19:03:54.370,0.6323,0.6335,1.00,3.20
2010.05.06 19:03:54.716,0.6321,0.6338,1.00,1.00
2010.05.06 19:03:55.055,0.632,0.6337,1.00,1.00
2010.05.06 19:03:55.844,0.63255,0.63425,1.00,1.00
2010.05.06 19:03:56.184,0.63255,0.6343,1.00,1.00
2010.05.06 19:03:57.024,0.63255,0.63405,1.00,1.00
2010.05.06 19:03:57.365,0.63275,0.63425,1.00,1.00
2010.05.06 19:03:57.706,0.63265,0.6341,1.00,1.00
2010.05.06 19:03:58.497,0.63285,0.63425,1.00,1.00
2010.05.06 19:03:58.835,0.63285,0.63435,1.00,1.00
2010.05.06 19:03:59.676,0.633,0.63425,1.00,1.00
2010.05.06 19:04:00.014,0.633,0.6344,1.00,1.00
2010.05.06 19:04:00.806,0.633,0.6345,1.00,1.00
2010.05.06 19:04:01.124,0.633,0.6344,1.00,1.00
2010.05.06 19:04:01.455,0.6329,0.6342,1.00,1.00
2010.05.06 19:04:02.510,0.6328,0.63395,1.00,1.00
2010.05.06 19:04:02.747,0.6327,0.63395,1.00,1.00
2010.05.06 19:04:03.058,0.63255,0.63395,1.00,1.00
2010.05.06 19:04:04.034,0.6324,0.6347,1.00,1.00
2010.05.06 19:04:04.378,0.63305,0.63445,1.00,1.00
2010.05.06 19:04:05.047,0.63305,0.6345,1.00,1.00
2010.05.06 19:04:05.546,0.6329,0.6345,1.00,1.00
2010.05.06 19:04:05.837,0.63295,0.6345,1.00,1.00
2010.05.06 19:04:06.575,0.63305,0.6345,1.00,1.00
2010.05.06 19:04:09.427,0.6331,0.6346,1.00,1.00
2010.05.06 19:04:09.765,0.63325,0.63465,1.00,1.00
2010.05.06 19:04:10.626,0.63335,0.63465,1.00,1.00
2010.05.06 19:04:12.154,0.6334,0.6347,1.00,1.00
2010.05.06 19:04:12.436,0.6336,0.6347,1.00,1.00
2010.05.06 19:04:13.488,0.633,0.63475,1.00,1.00
2010.05.06 19:04:13.819,0.63325,0.6345,1.00,1.00
2010.05.06 19:04:14.442,0.6333,0.6345,1.00,1.00
2010.05.06 19:04:15.130,0.6334,0.63455,1.00,1.00
2010.05.06 19:04:16.271,0.63325,0.63445,1.00,1.00
2010.05.06 19:04:17.076,0.63325,0.6344,1.00,1.00
2010.05.06 19:04:17.420,0.6337,0.63475,1.00,1.00
2010.05.06 19:04:17.767,0.63375,0.6348,1.00,1.00
2010.05.06 19:04:18.556,0.63395,0.63495,1.00,1.00
2010.05.06 19:04:19.225,0.63395,0.6349,1.00,1.00
2010.05.06 19:04:20.605,0.63385,0.6349,1.00,1.00
2010.05.06 19:04:21.377,0.63365,0.63485,1.00,1.00
2010.05.06 19:04:22.807,0.6338,0.63495,1.60,1.60
2010.05.06 19:04:23.115,0.6336,0.63485,1.00,1.00
2010.05.06 19:04:23.887,0.63385,0.63505,1.00,1.00
2010.05.06 19:04:26.044,0.63375,0.63495,1.00,1.00
2010.05.06 19:04:26.855,0.6335,0.6347,1.00,1.00
2010.05.06 19:04:28.296,0.6332,0.6346,1.00,1.00
2010.05.06 19:04:28.595,0.63315,0.63455,1.00,1.00
2010.05.06 19:04:29.554,0.6333,0.63445,1.00,1.00
2010.05.06 19:04:30.996,0.6333,0.6345,1.00,1.00
2010.05.06 19:04:32.844,0.63325,0.6345,1.00,1.00
2010.05.06 19:04:33.646,0.63295,0.6345,1.00,1.00
2010.05.06 19:04:33.985,0.63315,0.6345,1.00,1.00
2010.05.06 19:04:35.496,0.63315,0.6344,1.00,1.00
2010.05.06 19:04:36.284,0.6331,0.63425,1.00,1.00
2010.05.06 19:04:36.624,0.6331,0.63415,1.00,1.00
2010.05.06 19:04:37.471,0.6331,0.63405,1.00,1.00
2010.05.06 19:04:37.757,0.6332,0.63405,1.00,1.00
2010.05.06 19:04:38.501,0.6334,0.6342,1.00,1.60
2010.05.06 19:04:38.828,0.63325,0.6342,1.00,1.00
2010.05.06 19:04:39.147,0.63305,0.63415,1.60,1.00
2010.05.06 19:04:40.206,0.6333,0.6342,1.00,1.00
2010.05.06 19:04:40.550,0.63335,0.6343,1.00,1.60
2010.05.06 19:04:41.295,0.63335,0.63425,1.00,1.00
2010.05.06 19:04:41.637,0.63355,0.63445,1.00,1.00
2010.05.06 19:04:42.455,0.6335,0.63445,1.00,1.00
2010.05.06 19:04:42.811,0.63335,0.63445,1.60,1.00
2010.05.06 19:04:43.138,0.63345,0.63455,1.60,1.00
2010.05.06 19:04:43.932,0.63355,0.63465,1.00,1.00
2010.05.06 19:04:44.229,0.6334,0.6346,1.00,1.00
2010.05.06 19:04:44.520,0.6334,0.6347,1.00,1.00
2010.05.06 19:04:45.256,0.6334,0.6346,1.00,1.00
2010.05.06 19:04:45.553,0.63345,0.63465,1.00,1.00
2010.05.06 19:04:46.238,0.6335,0.6347,1.00,1.60
2010.05.06 19:04:46.748,0.63345,0.63465,1.60,1.00
2010.05.06 19:04:47.090,0.6333,0.6346,1.00,1.00
2010.05.06 19:04:47.425,0.6333,0.63455,1.00,1.00
2010.05.06 19:04:48.175,0.6334,0.6346,1.00,1.60
2010.05.06 19:04:48.434,0.63335,0.63455,1.00,1.00
2010.05.06 19:04:48.755,0.6333,0.63435,1.60,1.60
2010.05.06 19:04:49.075,0.6336,0.6344,1.00,1.00
2010.05.06 19:04:49.564,0.63355,0.63435,1.00,1.00
2010.05.06 19:04:49.828,0.6336,0.63435,1.00,1.00
2010.05.06 19:04:51.076,0.63335,0.6343,1.00,1.00
2010.05.06 19:04:51.415,0.6333,0.6343,1.60,1.00
2010.05.06 19:04:52.199,0.6333,0.6343,1.00,1.00
2010.05.06 19:04:52.539,0.63345,0.6343,1.00,1.00
2010.05.06 19:04:52.845,0.6333,0.6343,1.00,1.60
2010.05.06 19:04:53.157,0.6336,0.63435,1.00,1.00
2010.05.06 19:04:53.916,0.6333,0.6343,1.00,1.00
2010.05.06 19:04:54.255,0.6336,0.63435,1.00,1.00
2010.05.06 19:04:54.597,0.6333,0.6343,1.00,1.00
2010.05.06 19:04:55.443,0.63355,0.6343,1.00,1.00
2010.05.06 19:04:55.788,0.6335,0.6343,1.00,1.00
2010.05.06 19:04:56.118,0.63345,0.6342,1.00,1.00
2010.05.06 19:04:56.917,0.63335,0.6342,1.00,1.00
2010.05.06 19:04:57.264,0.63345,0.6342,1.00,1.00
2010.05.06 19:04:57.848,0.63335,0.6342,1.00,1.00
2010.05.06 19:04:58.028,0.6335,0.63425,1.00,1.00
2010.05.06 19:04:58.368,0.6332,0.63415,1.00,1.00
2010.05.06 19:04:59.171,0.63325,0.63415,1.00,1.60
2010.05.06 19:04:59.517,0.63305,0.63405,1.00,2.50
2010.05.06 19:04:59.856,0.63275,0.634,1.70,2.40
2010.05.06 19:05:00.755,0.63275,0.63375,1.00,1.00
2010.05.06 19:05:01.600,0.63285,0.6337,1.00,1.00
2010.05.06 19:05:02.787,0.6328,0.63355,1.00,1.00
2010.05.06 19:05:03.706,0.63285,0.6337,1.00,1.00
2010.05.06 19:05:04.350,0.6329,0.6337,1.00,1.00
2010.05.06 19:05:07.106,0.63295,0.6338,1.00,1.00
2010.05.06 19:05:08.001,0.63295,0.6339,1.60,1.00
2010.05.06 19:05:08.476,0.63305,0.6339,1.00,1.00
2010.05.06 19:05:08.816,0.6331,0.63395,1.00,1.00
2010.05.06 19:05:09.596,0.633,0.63385,1.60,1.00
2010.05.06 19:05:09.854,0.63305,0.6339,1.00,1.00
2010.05.06 19:05:10.674,0.633,0.63385,1.00,1.00
2010.05.06 19:05:11.017,0.63305,0.6339,1.60,1.60
2010.05.06 19:05:11.851,0.63335,0.6339,1.00,1.00
2010.05.06 19:05:12.195,0.63325,0.63425,1.00,1.00
2010.05.06 19:05:12.534,0.6332,0.63405,1.00,1.00
2010.05.06 19:05:13.324,0.6332,0.634,1.00,1.00
2010.05.06 19:05:13.670,0.6332,0.63405,1.00,1.00
2010.05.06 19:05:15.015,0.63325,0.63405,1.00,1.00
2010.05.06 19:05:16.056,0.63325,0.63405,1.60,1.00
2010.05.06 19:05:16.766,0.63315,0.634,1.00,1.00
2010.05.06 19:05:17.528,0.633,0.634,1.00,1.00
2010.05.06 19:05:17.834,0.6329,0.63395,1.00,1.00
2010.05.06 19:05:18.145,0.6328,0.63395,1.60,1.00
2010.05.06 19:05:18.927,0.63275,0.63385,2.40,1.00
2010.05.06 19:05:19.544,0.63275,0.6338,1.00,1.00
2010.05.06 19:05:20.348,0.63265,0.63375,1.60,1.00
2010.05.06 19:05:20.944,0.63265,0.63375,1.00,1.00
2010.05.06 19:05:22.388,0.6326,0.63365,1.00,1.60
2010.05.06 19:05:23.746,0.6326,0.6337,2.40,1.60
2010.05.06 19:05:24.426,0.6325,0.6336,1.60,1.00
2010.05.06 19:05:25.331,0.6323,0.63345,1.60,1.00
2010.05.06 19:05:25.657,0.63235,0.6335,1.00,1.60
2010.05.06 19:05:25.936,0.63235,0.63345,1.00,1.00
2010.05.06 19:05:26.680,0.6323,0.6335,2.40,1.00
2010.05.06 19:05:27.016,0.6323,0.63345,1.60,1.00
2010.05.06 19:05:27.344,0.6323,0.63345,1.00,1.00
2010.05.06 19:05:27.980,0.6323,0.63345,1.60,1.00
2010.05.06 19:05:28.217,0.63225,0.63345,1.00,1.00
2010.05.06 19:05:28.455,0.63225,0.63345,1.00,1.60
2010.05.06 19:05:28.695,0.63225,0.63335,1.00,1.00
2010.05.06 19:05:28.936,0.6326,0.63385,1.00,1.00
2010.05.06 19:05:29.737,0.6327,0.6339,4.00,1.00
2010.05.06 19:05:30.076,0.63275,0.6339,1.00,1.00
2010.05.06 19:05:31.056,0.6327,0.6338,1.00,1.00
2010.05.06 19:05:31.395,0.6326,0.6338,1.60,1.60
2010.05.06 19:05:32.114,0.6326,0.6338,1.00,1.60
2010.05.06 19:05:32.448,0.6326,0.6338,1.60,1.00
2010.05.06 19:05:32.776,0.6326,0.63375,1.00,1.00
2010.05.06 19:05:33.855,0.6326,0.6337,1.00,1.00
2010.05.06 19:05:34.198,0.63255,0.6337,1.60,1.00
2010.05.06 19:05:35.355,0.63265,0.63385,2.40,1.00
2010.05.06 19:05:35.694,0.63265,0.63395,1.00,3.20
2010.05.06 19:05:36.437,0.6326,0.63385,1.00,3.20
2010.05.06 19:05:36.725,0.63255,0.6338,1.00,1.00
2010.05.06 19:05:38.193,0.63255,0.6338,1.00,1.60
2010.05.06 19:05:38.438,0.63255,0.63375,2.40,1.00
2010.05.06 19:05:38.678,0.63285,0.63375,1.00,1.00
2010.05.06 19:05:39.742,0.6328,0.63385,1.00,1.60
2010.05.06 19:05:41.804,0.633,0.63385,1.00,1.60
2010.05.06 19:05:42.657,0.63295,0.63375,1.00,1.00
2010.05.06 19:05:42.936,0.6329,0.6337,1.00,1.00
2010.05.06 19:05:44.846,0.633,0.63385,1.00,1.00
2010.05.06 19:05:45.157,0.63275,0.6337,1.00,1.00
2010.05.06 19:05:46.105,0.6327,0.63365,1.00,1.00
2010.05.06 19:05:46.444,0.63275,0.63385,1.00,1.00
2010.05.06 19:05:47.251,0.63275,0.6337,1.00,1.00
2010.05.06 19:05:47.598,0.6328,0.63375,1.00,1.60
2010.05.06 19:05:48.751,0.63285,0.63375,1.00,1.00
2010.05.06 19:05:49.076,0.63285,0.6337,1.00,1.00
2010.05.06 19:05:49.406,0.63285,0.6338,1.00,1.60
2010.05.06 19:05:50.179,0.63295,0.63385,1.00,1.00
2010.05.06 19:05:51.327,0.63315,0.63415,1.00,1.00
2010.05.06 19:05:51.666,0.6333,0.63415,1.00,1.00
2010.05.06 19:05:52.007,0.63335,0.6343,1.00,1.00
2010.05.06 19:05:52.835,0.63295,0.6341,1.00,1.00
2010.05.06 19:05:53.149,0.63285,0.6338,1.00,1.00
2010.05.06 19:05:54.239,0.63285,0.63395,1.00,1.00
2010.05.06 19:05:54.578,0.63285,0.6339,1.00,1.00
2010.05.06 19:05:55.421,0.63305,0.634,1.00,1.00
2010.05.06 19:05:55.758,0.6331,0.63415,1.00,1.00
2010.05.06 19:05:56.098,0.6331,0.63405,1.00,1.00
2010.05.06 19:05:56.908,0.6331,0.634,1.00,1.00
2010.05.06 19:05:57.217,0.633,0.634,1.00,1.00
2010.05.06 19:05:58.057,0.6331,0.634,1.00,1.00
2010.05.06 19:05:58.724,0.63315,0.63405,1.00,1.00
2010.05.06 19:05:59.546,0.6332,0.6341,1.00,1.00
2010.05.06 19:05:59.885,0.63315,0.63405,1.00,1.00
2010.05.06 19:06:00.225,0.63325,0.63425,1.00,1.00
2010.05.06 19:06:01.036,0.6334,0.6343,1.00,1.60
2010.05.06 19:06:02.518,0.63335,0.63435,1.00,1.00
2010.05.06 19:06:02.855,0.6334,0.6344,1.00,1.60
2010.05.06 19:06:03.484,0.6333,0.63435,1.00,1.00
2010.05.06 19:06:03.797,0.6334,0.6346,1.00,1.00
2010.05.06 19:06:04.105,0.63345,0.6347,1.00,1.60
2010.05.06 19:06:05.113,0.6335,0.6347,1.00,1.00
2010.05.06 19:06:05.334,0.63335,0.63465,1.60,2.40
2010.05.06 19:06:05.704,0.63335,0.6346,1.00,1.60
2010.05.06 19:06:05.923,0.63335,0.6346,1.00,3.20
2010.05.06 19:06:06.582,0.63335,0.6346,1.00,4.00
2010.05.06 19:06:06.850,0.6337,0.6346,1.00,1.00
2010.05.06 19:06:07.970,0.6337,0.6345,1.00,1.00
2010.05.06 19:06:10.776,0.63365,0.63445,1.00,1.00
2010.05.06 19:06:12.107,0.63335,0.6342,1.00,1.00
2010.05.06 19:06:12.871,0.6332,0.63395,1.00,1.00
2010.05.06 19:06:13.221,0.63305,0.6339,1.00,1.00
2010.05.06 19:06:13.566,0.63305,0.63385,1.00,1.00
2010.05.06 19:06:14.129,0.633,0.6338,1.00,1.00
2010.05.06 19:06:14.468,0.6329,0.6337,1.00,1.00
2010.05.06 19:06:14.806,0.6327,0.63345,1.00,1.60
2010.05.06 19:06:15.318,0.6327,0.6334,1.00,1.60
2010.05.06 19:06:15.667,0.6324,0.63315,1.00,1.60
2010.05.06 19:06:16.008,0.63235,0.6331,1.00,1.00
2010.05.06 19:06:16.817,0.6323,0.633,1.00,1.00
2010.05.06 19:06:17.156,0.6324,0.6331,1.00,1.00
2010.05.06 19:06:17.697,0.63235,0.6331,1.00,1.00
2010.05.06 19:06:18.027,0.63245,0.63325,1.00,1.00
2010.05.06 19:06:18.356,0.63255,0.63335,1.00,1.00
2010.05.06 19:06:19.129,0.6327,0.6335,1.00,1.00
2010.05.06 19:06:19.807,0.63265,0.63345,1.00,1.00
2010.05.06 19:06:20.597,0.6326,0.6334,1.00,1.00
2010.05.06 19:06:20.936,0.6326,0.63335,1.00,1.00
2010.05.06 19:06:23.078,0.63265,0.63355,1.00,1.00
2010.05.06 19:06:23.415,0.63275,0.6337,1.00,1.60
2010.05.06 19:06:23.756,0.6327,0.6337,1.00,1.00
2010.05.06 19:06:24.956,0.63275,0.6337,1.00,1.00
2010.05.06 19:06:25.779,0.63285,0.63385,1.00,1.60
2010.05.06 19:06:26.116,0.63285,0.63385,1.00,1.00
2010.05.06 19:06:26.887,0.63285,0.63385,1.60,1.00
2010.05.06 19:06:27.225,0.6328,0.63375,1.60,1.00
2010.05.06 19:06:27.564,0.6329,0.63385,1.60,1.00
2010.05.06 19:06:28.336,0.6329,0.63385,2.40,1.00
2010.05.06 19:06:29.367,0.633,0.6339,1.00,1.00
2010.05.06 19:06:34.155,0.633,0.63385,1.00,1.00
2010.05.06 19:06:35.628,0.63305,0.6339,1.00,1.00
2010.05.06 19:06:35.965,0.633,0.6339,1.00,1.00
2010.05.06 19:06:36.253,0.633,0.63385,1.00,1.00
2010.05.06 19:06:37.574,0.63305,0.63385,1.00,1.00
2010.05.06 19:06:37.835,0.633,0.63385,1.00,1.00
2010.05.06 19:06:38.313,0.633,0.6339,1.60,1.00
2010.05.06 19:06:38.656,0.6329,0.6336,1.00,1.00
2010.05.06 19:06:38.995,0.63265,0.63355,1.00,1.00
2010.05.06 19:06:39.788,0.63265,0.6335,1.00,1.00
2010.05.06 19:06:40.128,0.6325,0.6333,1.00,1.00
2010.05.06 19:06:40.465,0.63235,0.6332,1.00,1.00
2010.05.06 19:06:40.756,0.6323,0.6333,1.00,1.00
2010.05.06 19:06:41.487,0.63245,0.6334,1.00,1.00
2010.05.06 19:06:42.166,0.63235,0.6333,1.00,1.00
2010.05.06 19:06:43.784,0.63235,0.6333,1.60,1.00
2010.05.06 19:06:44.472,0.6323,0.6332,1.60,1.00
2010.05.06 19:06:44.837,0.6322,0.63315,2.40,1.00
2010.05.06 19:06:45.176,0.63225,0.63325,1.00,1.00
2010.05.06 19:06:45.983,0.6323,0.63335,1.00,1.00
2010.05.06 19:06:46.327,0.6323,0.63335,1.60,1.00
2010.05.06 19:06:47.432,0.6322,0.6332,2.40,1.00
2010.05.06 19:06:47.736,0.6324,0.63335,1.00,1.00
2010.05.06 19:06:48.721,0.6323,0.6332,1.60,1.00
2010.05.06 19:06:49.066,0.63235,0.63335,1.00,1.00
2010.05.06 19:06:49.747,0.6324,0.63335,1.00,1.00
2010.05.06 19:06:50.548,0.6324,0.63335,1.60,1.00
2010.05.06 19:06:51.682,0.6324,0.63335,1.00,1.00
2010.05.06 19:06:51.998,0.6322,0.6332,2.40,1.00
2010.05.06 19:06:53.275,0.63215,0.63305,1.00,1.00
2010.05.06 19:06:53.555,0.6321,0.63305,1.00,1.00
2010.05.06 19:06:54.279,0.63205,0.63305,1.00,1.00
2010.05.06 19:06:54.614,0.63205,0.6331,1.00,1.60
2010.05.06 19:06:54.954,0.63215,0.63315,1.60,1.00
2010.05.06 19:06:55.295,0.63225,0.63305,1.00,1.00
2010.05.06 19:06:56.098,0.63225,0.63305,1.60,1.00
2010.05.06 19:06:56.736,0.63235,0.6331,1.60,1.00
2010.05.06 19:06:57.537,0.6325,0.63325,1.00,1.00
2010.05.06 19:06:58.765,0.6325,0.6333,1.60,1.00
2010.05.06 19:06:59.446,0.63245,0.6333,1.60,1.00
2010.05.06 19:07:00.459,0.63245,0.6331,1.00,1.00
2010.05.06 19:07:00.798,0.63255,0.63365,1.00,1.60
2010.05.06 19:07:01.137,0.63285,0.63365,1.00,1.00
2010.05.06 19:07:01.917,0.63295,0.6337,1.00,1.00
2010.05.06 19:07:02.184,0.6328,0.6337,1.00,1.00
2010.05.06 19:07:02.454,0.63275,0.63365,1.00,1.00
2010.05.06 19:07:03.198,0.63275,0.6339,1.00,1.00
2010.05.06 19:07:03.536,0.6328,0.6339,1.00,1.00
2010.05.06 19:07:05.070,0.6325,0.63375,1.00,3.20
2010.05.06 19:07:05.421,0.6325,0.6337,1.00,1.00
2010.05.06 19:07:06.216,0.6325,0.63345,1.00,1.00
2010.05.06 19:07:06.555,0.63245,0.63325,1.00,1.00
2010.05.06 19:07:06.894,0.63235,0.6331,1.00,1.00
2010.05.06 19:07:08.383,0.63235,0.633,1.00,1.00
2010.05.06 19:07:09.313,0.63235,0.63325,1.00,1.00
2010.05.06 19:07:09.621,0.63225,0.63325,1.00,1.00
2010.05.06 19:07:09.927,0.6324,0.6331,1.00,1.00
2010.05.06 19:07:10.687,0.63245,0.6331,1.00,1.00
2010.05.06 19:07:11.028,0.63245,0.63315,1.00,1.00
2010.05.06 19:07:11.364,0.6324,0.63295,1.00,1.00
2010.05.06 19:07:11.849,0.6324,0.63315,1.00,1.00
2010.05.06 19:07:12.174,0.6326,0.63315,1.00,1.00
2010.05.06 19:07:12.517,0.6327,0.63315,1.00,1.00
2010.05.06 19:07:13.009,0.63275,0.63315,1.00,1.00
2010.05.06 19:07:13.348,0.6327,0.6336,1.00,1.00
2010.05.06 19:07:13.686,0.63235,0.6336,1.00,1.00
2010.05.06 19:07:14.324,0.63235,0.63365,1.00,1.00
2010.05.06 19:07:14.634,0.6323,0.6336,1.00,1.60
2010.05.06 19:07:15.545,0.6323,0.6336,3.20,1.00
2010.05.06 19:07:15.885,0.63245,0.63375,1.00,1.00
2010.05.06 19:07:16.223,0.63245,0.6337,1.00,2.40
2010.05.06 19:07:16.564,0.6323,0.63355,1.00,1.00
2010.05.06 19:07:17.390,0.63235,0.6336,1.00,3.20
2010.05.06 19:07:17.727,0.6323,0.63355,1.00,1.00
2010.05.06 19:07:18.463,0.6323,0.63355,1.00,3.20
2010.05.06 19:07:18.718,0.63225,0.6335,1.00,1.00
2010.05.06 19:07:19.053,0.63225,0.6335,1.00,1.60
2010.05.06 19:07:20.523,0.6322,0.63345,1.00,1.00
2010.05.06 19:07:23.454,0.6322,0.63345,1.00,2.40
2010.05.06 19:07:23.696,0.6321,0.6334,1.00,1.00
2010.05.06 19:07:23.946,0.6321,0.63335,1.00,1.00
2010.05.06 19:07:24.664,0.63225,0.6335,1.00,1.00
2010.05.06 19:07:25.004,0.6321,0.6334,1.00,1.00
2010.05.06 19:07:25.344,0.6322,0.63345,1.00,1.00
2010.05.06 19:07:26.255,0.6323,0.63355,1.00,3.20
2010.05.06 19:07:26.595,0.6322,0.6335,1.00,1.60
2010.05.06 19:07:27.225,0.6322,0.6335,1.00,3.20
2010.05.06 19:07:27.527,0.63225,0.6335,1.00,1.60
2010.05.06 19:07:27.826,0.63225,0.63345,2.40,1.00
2010.05.06 19:07:28.644,0.6324,0.6336,1.00,2.40
2010.05.06 19:07:28.986,0.63225,0.6335,1.00,1.00
2010.05.06 19:07:30.031,0.6321,0.63335,2.40,1.00
2010.05.06 19:07:30.376,0.6321,0.6334,3.20,1.00
2010.05.06 19:07:30.714,0.6321,0.63335,1.00,1.00
2010.05.06 19:07:31.493,0.63205,0.63315,1.00,1.00
2010.05.06 19:07:31.850,0.6322,0.6331,1.00,1.00
2010.05.06 19:07:32.185,0.6322,0.6333,1.00,1.00
2010.05.06 19:07:32.918,0.6322,0.63325,1.00,1.00
2010.05.06 19:07:33.236,0.6322,0.63335,1.00,1.00
2010.05.06 19:07:33.565,0.6322,0.6334,1.00,1.60
2010.05.06 19:07:34.621,0.63235,0.63345,1.00,1.00
2010.05.06 19:07:35.541,0.63235,0.6335,1.00,2.40
2010.05.06 19:07:35.885,0.63225,0.63345,1.00,1.00
2010.05.06 19:07:36.565,0.63235,0.63345,1.00,1.00
2010.05.06 19:07:37.375,0.63245,0.63345,1.00,1.00
2010.05.06 19:07:37.714,0.63245,0.63355,1.00,1.60
2010.05.06 19:07:38.677,0.6325,0.6336,1.00,1.60
2010.05.06 19:07:39.264,0.6325,0.6336,1.00,1.00
2010.05.06 19:07:39.875,0.63265,0.63365,1.00,1.00
2010.05.06 19:07:40.107,0.63265,0.63385,1.00,1.00
2010.05.06 19:07:41.307,0.63305,0.63395,1.00,1.00
2010.05.06 19:07:41.643,0.63305,0.6341,1.00,1.00
2010.05.06 19:07:42.165,0.6331,0.6341,1.00,1.00
2010.05.06 19:07:42.514,0.63315,0.63425,1.00,1.00
2010.05.06 19:07:42.855,0.6332,0.6342,1.00,1.00
2010.05.06 19:07:43.629,0.6333,0.63425,1.00,1.00
2010.05.06 19:07:43.985,0.63335,0.63435,1.00,1.60
2010.05.06 19:07:44.326,0.6333,0.63435,1.00,1.00
2010.05.06 19:07:44.914,0.63325,0.63435,1.00,1.60
2010.05.06 19:07:45.648,0.6333,0.6343,1.00,1.00
2010.05.06 19:07:45.916,0.6333,0.63435,1.00,1.00
2010.05.06 19:07:46.848,0.6333,0.63435,1.00,1.60
2010.05.06 19:07:48.317,0.6333,0.63435,1.00,2.40
2010.05.06 19:07:48.657,0.6333,0.63425,1.00,1.00
2010.05.06 19:07:48.905,0.6333,0.6343,1.00,1.60
2010.05.06 19:07:49.405,0.6333,0.6343,1.00,1.00
2010.05.06 19:07:49.667,0.6333,0.63435,1.00,1.60
2010.05.06 19:07:51.155,0.6334,0.63435,1.00,1.00
2010.05.06 19:07:51.515,0.63335,0.63435,1.00,1.00
2010.05.06 19:07:51.976,0.6334,0.63435,1.00,1.00
2010.05.06 19:07:53.016,0.63345,0.6344,1.00,1.00
2010.05.06 19:07:56.315,0.6336,0.6346,1.00,1.00
2010.05.06 19:07:57.271,0.63365,0.6347,1.00,1.00
2010.05.06 19:07:57.608,0.6339,0.63475,2.40,1.00
2010.05.06 19:07:57.924,0.6343,0.6349,1.00,1.00
2010.05.06 19:07:58.413,0.6343,0.63475,1.00,1.00
2010.05.06 19:07:58.757,0.6336,0.6347,1.00,1.60
2010.05.06 19:07:59.539,0.6336,0.63475,1.00,1.00
2010.05.06 19:07:59.879,0.6337,0.6347,1.00,1.00
2010.05.06 19:08:00.218,0.6337,0.6348,1.00,1.60
2010.05.06 19:08:01.059,0.6344,0.63505,1.00,1.00
2010.05.06 19:08:02.381,0.6344,0.6351,1.00,1.00
2010.05.06 19:08:02.630,0.63385,0.63485,1.00,1.00
2010.05.06 19:08:03.000,0.63385,0.6348,1.00,1.00
2010.05.06 19:08:03.249,0.63375,0.6348,1.00,1.00
2010.05.06 19:08:04.309,0.6335,0.63465,1.00,1.00
2010.05.06 19:08:04.625,0.63355,0.63465,1.00,1.60
2010.05.06 19:08:05.620,0.63345,0.63465,1.00,4.00
2010.05.06 19:08:06.105,0.6333,0.63455,1.00,4.80
2010.05.06 19:08:06.445,0.6335,0.6345,1.00,1.00
2010.05.06 19:08:08.222,0.6337,0.63455,1.00,1.00
2010.05.06 19:08:08.485,0.63375,0.6346,1.00,1.00
2010.05.06 19:08:09.265,0.63375,0.6346,1.00,1.00
2010.05.06 19:08:10.067,0.63415,0.6347,1.00,1.00
2010.05.06 19:08:10.407,0.63415,0.63495,1.00,1.00
2010.05.06 19:08:11.188,0.6342,0.635,1.00,1.00
2010.05.06 19:08:12.480,0.6343,0.635,1.00,1.00
2010.05.06 19:08:12.821,0.6343,0.635,1.00,1.00
2010.05.06 19:08:13.886,0.6343,0.63505,1.00,1.00
2010.05.06 19:08:14.565,0.63425,0.635,1.00,1.00
2010.05.06 19:08:15.371,0.6343,0.63495,1.00,1.00
2010.05.06 19:08:15.707,0.6343,0.635,1.00,1.00
2010.05.06 19:08:16.538,0.63455,0.63505,1.00,1.00
2010.05.06 19:08:16.876,0.63455,0.6353,1.00,1.00
2010.05.06 19:08:17.707,0.6347,0.6354,1.00,1.00
2010.05.06 19:08:18.384,0.6347,0.63535,1.00,1.00
2010.05.06 19:08:18.685,0.63465,0.6353,1.00,1.00
2010.05.06 19:08:19.524,0.63475,0.6354,1.00,1.00
2010.05.06 19:08:19.747,0.63475,0.63545,1.00,1.00
2010.05.06 19:08:19.966,0.63475,0.6355,1.00,1.00
2010.05.06 19:08:20.568,0.63475,0.6355,1.00,1.00
2010.05.06 19:08:20.784,0.63475,0.63545,1.00,1.00
2010.05.06 19:08:22.117,0.6347,0.63545,1.00,1.00
2010.05.06 19:08:22.613,0.63485,0.6355,1.00,1.00
2010.05.06 19:08:23.061,0.63475,0.6355,1.00,1.00
2010.05.06 19:08:23.372,0.63465,0.63545,1.00,1.60
2010.05.06 19:08:23.798,0.6347,0.63545,1.00,1.00
2010.05.06 19:08:24.233,0.63475,0.63555,1.00,1.60
2010.05.06 19:08:24.577,0.6347,0.63555,1.60,1.00
2010.05.06 19:08:24.916,0.635,0.6357,1.00,1.00
2010.05.06 19:08:25.826,0.6351,0.63595,1.00,1.00
2010.05.06 19:08:26.165,0.63505,0.63595,1.00,1.00
2010.05.06 19:08:26.504,0.635,0.6358,1.00,1.00
2010.05.06 19:08:27.295,0.6351,0.63585,1.00,1.00
2010.05.06 19:08:27.634,0.63515,0.6359,1.00,1.00
2010.05.06 19:08:28.397,0.63515,0.63585,1.00,1.00
2010.05.06 19:08:28.675,0.6351,0.6359,1.00,1.00
2010.05.06 19:08:29.016,0.6352,0.636,1.00,1.00
2010.05.06 19:08:29.802,0.6352,0.63595,1.00,1.00
2010.05.06 19:08:30.114,0.6352,0.6359,1.00,1.00
2010.05.06 19:08:30.425,0.6351,0.6359,1.00,1.00
2010.05.06 19:08:31.554,0.63505,0.6359,1.00,1.00
2010.05.06 19:08:31.875,0.63525,0.63595,1.00,1.00
2010.05.06 19:08:32.406,0.63515,0.63595,1.00,1.00
2010.05.06 19:08:32.757,0.6352,0.63595,1.00,1.00
2010.05.06 19:08:33.099,0.6352,0.636,1.00,1.60
2010.05.06 19:08:34.173,0.63515,0.63595,1.00,1.00
2010.05.06 19:08:34.436,0.6352,0.63595,1.00,1.00
2010.05.06 19:08:35.884,0.6352,0.63595,1.00,1.60
2010.05.06 19:08:36.215,0.63515,0.6359,1.00,1.00
2010.05.06 19:08:37.062,0.63525,0.636,1.00,1.00
2010.05.06 19:08:37.661,0.6353,0.636,1.00,1.00
2010.05.06 19:08:38.924,0.6353,0.636,1.00,1.00
2010.05.06 19:08:39.254,0.6352,0.6359,1.00,1.00
2010.05.06 19:08:40.089,0.63515,0.6359,1.00,1.00
2010.05.06 19:08:40.386,0.6352,0.63595,1.00,1.00
2010.05.06 19:08:40.685,0.6352,0.63595,1.00,1.00
2010.05.06 19:08:41.438,0.63525,0.636,1.00,1.00
2010.05.06 19:08:41.776,0.6353,0.6363,1.00,1.00
2010.05.06 19:08:42.116,0.6353,0.63635,1.00,1.00
2010.05.06 19:08:42.966,0.63525,0.63645,1.00,1.60
2010.05.06 19:08:43.646,0.6353,0.63645,1.00,1.60
2010.05.06 19:08:44.218,0.63525,0.63645,1.00,1.60
2010.05.06 19:08:44.508,0.63525,0.63635,1.00,1.00
2010.05.06 19:08:44.847,0.63525,0.63625,1.00,1.00
2010.05.06 19:08:45.968,0.6354,0.63615,1.00,1.00
2010.05.06 19:08:46.304,0.6355,0.6363,1.00,1.60
2010.05.06 19:08:46.644,0.6355,0.6363,1.00,1.00
2010.05.06 19:08:48.706,0.6354,0.6363,1.00,1.00
2010.05.06 19:08:48.925,0.6354,0.6362,1.00,1.00
2010.05.06 19:08:49.144,0.6354,0.63615,1.00,1.00
2010.05.06 19:08:50.695,0.63555,0.63635,1.00,1.00
2010.05.06 19:08:51.546,0.6357,0.63645,1.00,1.00
2010.05.06 19:08:52.225,0.6358,0.63655,1.00,1.60
2010.05.06 19:08:52.707,0.6359,0.63655,1.00,1.00
2010.05.06 19:08:53.047,0.63595,0.6367,1.00,1.60
2010.05.06 19:08:53.388,0.636,0.6367,1.00,1.00
2010.05.06 19:08:54.071,0.63605,0.63675,1.00,1.00
2010.05.06 19:08:54.418,0.6363,0.637,1.00,1.00
2010.05.06 19:08:54.758,0.6362,0.63695,1.00,1.00
2010.05.06 19:08:55.512,0.63645,0.6372,1.00,1.00
2010.05.06 19:08:55.857,0.63645,0.63725,1.00,1.00
2010.05.06 19:08:56.196,0.6365,0.63735,1.00,1.60
2010.05.06 19:08:56.937,0.6365,0.63735,1.00,1.00
2010.05.06 19:08:57.228,0.63675,0.6375,1.00,1.00
2010.05.06 19:08:58.306,0.63665,0.6374,1.00,1.00
2010.05.06 19:08:58.625,0.6366,0.63735,1.00,1.00
2010.05.06 19:08:58.946,0.6367,0.6374,1.00,1.00
2010.05.06 19:08:59.705,0.63665,0.6375,1.00,1.60
2010.05.06 19:09:00.025,0.63675,0.63735,1.00,1.00
2010.05.06 19:09:00.345,0.6367,0.63745,1.00,1.00
2010.05.06 19:09:01.136,0.6366,0.63735,1.00,1.00
2010.05.06 19:09:01.477,0.6366,0.63735,1.60,1.00
2010.05.06 19:09:02.319,0.6366,0.6373,1.00,1.00
2010.05.06 19:09:02.656,0.6368,0.6376,1.00,1.00
2010.05.06 19:09:04.218,0.63675,0.63755,1.00,1.00
2010.05.06 19:09:04.294,0.6368,0.63755,1.00,1.00
2010.05.06 19:09:04.946,0.6369,0.6376,1.00,1.00
2010.05.06 19:09:05.019,0.6369,0.63765,1.00,1.00
2010.05.06 19:09:06.026,0.637,0.6377,1.00,1.60
2010.05.06 19:09:06.371,0.63695,0.6376,1.00,1.00
2010.05.06 19:09:07.438,0.6369,0.6376,1.00,1.00
2010.05.06 19:09:07.935,0.6369,0.63765,1.00,1.60
2010.05.06 19:09:08.629,0.6369,0.63765,1.00,1.00
2010.05.06 19:09:08.909,0.6369,0.63755,1.00,1.00
2010.05.06 19:09:09.186,0.6369,0.63765,1.00,1.00
2010.05.06 19:09:09.937,0.6367,0.6375,1.00,1.00
2010.05.06 19:09:10.274,0.63665,0.6375,1.00,1.00
2010.05.06 19:09:11.049,0.63665,0.63745,1.00,1.00
2010.05.06 19:09:11.387,0.63655,0.63735,1.00,1.00
2010.05.06 19:09:12.176,0.63655,0.63745,1.00,1.00
2010.05.06 19:09:12.517,0.6366,0.63735,1.00,1.00
2010.05.06 19:09:12.857,0.63675,0.63755,1.00,1.60
2010.05.06 19:09:13.517,0.6366,0.63755,1.00,1.00
2010.05.06 19:09:13.828,0.6366,0.63745,1.00,1.00
2010.05.06 19:09:14.135,0.63665,0.63745,1.00,1.00
2010.05.06 19:09:14.699,0.6367,0.6375,1.00,1.00
2010.05.06 19:09:15.036,0.63655,0.63745,1.00,1.00
2010.05.06 19:09:15.376,0.6367,0.63745,1.00,1.00
2010.05.06 19:09:16.227,0.63665,0.6375,1.00,1.00
2010.05.06 19:09:16.564,0.63675,0.6375,1.00,1.00
2010.05.06 19:09:17.198,0.63675,0.6375,1.00,1.00
2010.05.06 19:09:17.539,0.63685,0.63755,1.00,1.00
2010.05.06 19:09:18.329,0.6368,0.63745,1.00,1.00
2010.05.06 19:09:18.692,0.6367,0.63745,1.00,1.00
2010.05.06 19:09:19.007,0.6368,0.63755,1.00,1.00
2010.05.06 19:09:19.472,0.63685,0.63755,1.00,1.00
2010.05.06 19:09:19.820,0.63695,0.6377,1.00,1.00
2010.05.06 19:09:20.155,0.63685,0.6377,1.00,1.00
2010.05.06 19:09:20.821,0.6368,0.63755,1.00,1.00
2010.05.06 19:09:21.157,0.63685,0.6375,1.00,1.00
2010.05.06 19:09:21.495,0.6368,0.6375,1.00,1.00
2010.05.06 19:09:21.837,0.63665,0.6374,1.00,1.00
2010.05.06 19:09:22.627,0.63675,0.63745,1.00,1.00
2010.05.06 19:09:22.966,0.6368,0.6375,1.00,1.00
2010.05.06 19:09:23.727,0.63665,0.63735,1.00,1.00
2010.05.06 19:09:23.985,0.6367,0.6374,1.00,1.00
2010.05.06 19:09:24.625,0.63675,0.63735,1.00,1.00
2010.05.06 19:09:24.977,0.6366,0.63725,1.00,1.00
2010.05.06 19:09:26.062,0.63655,0.6372,1.00,1.00
2010.05.06 19:09:27.235,0.63665,0.63735,1.00,1.00
2010.05.06 19:09:27.575,0.6367,0.63735,1.00,1.00
2010.05.06 19:09:28.674,0.6367,0.6373,1.00,1.00
2010.05.06 19:09:28.966,0.6366,0.6373,1.00,1.00
2010.05.06 19:09:29.271,0.6366,0.63725,1.00,1.00
2010.05.06 19:09:30.325,0.6366,0.6373,1.00,1.00
2010.05.06 19:09:31.663,0.63675,0.6374,1.00,1.00
2010.05.06 19:09:32.005,0.63675,0.6374,1.00,1.00
2010.05.06 19:09:32.814,0.6366,0.6374,1.00,1.00
2010.05.06 19:09:33.034,0.6366,0.63725,1.00,1.00
2010.05.06 19:09:35.071,0.6367,0.6375,1.00,1.00
2010.05.06 19:09:35.400,0.6368,0.6375,1.00,1.00
2010.05.06 19:09:35.729,0.63675,0.6375,1.00,1.00
2010.05.06 19:09:36.558,0.6367,0.63735,1.00,1.00
2010.05.06 19:09:36.896,0.63685,0.63755,1.00,1.00
2010.05.06 19:09:37.692,0.63685,0.63765,1.00,1.70
2010.05.06 19:09:38.005,0.63685,0.63765,1.00,1.00
2010.05.06 19:09:38.742,0.6369,0.63765,1.00,1.00
2010.05.06 19:09:39.096,0.6369,0.6376,1.00,1.00
2010.05.06 19:09:39.437,0.63705,0.6378,1.00,1.60
2010.05.06 19:09:40.214,0.6371,0.6378,1.00,1.00
2010.05.06 19:09:40.568,0.6371,0.63775,1.00,1.00
2010.05.06 19:09:42.194,0.6371,0.63785,1.00,1.00
2010.05.06 19:09:42.945,0.6372,0.63785,1.00,1.00
2010.05.06 19:09:43.266,0.63735,0.63805,1.00,1.70
2010.05.06 19:09:43.537,0.6372,0.63805,1.00,2.50
2010.05.06 19:09:44.250,0.63725,0.638,1.00,1.00
2010.05.06 19:09:44.586,0.63725,0.63795,1.00,1.00
2010.05.06 19:09:46.106,0.63725,0.6379,1.00,1.00
2010.05.06 19:09:46.444,0.63725,0.63795,1.00,1.00
2010.05.06 19:09:46.912,0.63725,0.6379,1.00,1.00
2010.05.06 19:09:47.257,0.6372,0.63785,1.00,1.00
2010.05.06 19:09:47.596,0.63735,0.63815,1.00,1.00
2010.05.06 19:09:47.855,0.63745,0.6382,1.00,1.00
2010.05.06 19:09:48.367,0.63765,0.63835,1.00,1.00
2010.05.06 19:09:48.626,0.63755,0.63845,1.00,1.00
2010.05.06 19:09:48.973,0.6375,0.63835,1.00,1.00
2010.05.06 19:09:50.006,0.63755,0.6383,1.00,1.00
2010.05.06 19:09:50.325,0.6375,0.6383,1.00,1.00
2010.05.06 19:09:51.136,0.6375,0.63825,1.00,1.00
2010.05.06 19:09:52.150,0.6375,0.6383,1.00,1.00
2010.05.06 19:09:52.426,0.6375,0.6382,1.00,1.00
2010.05.06 19:09:53.198,0.6375,0.63835,1.00,1.00
2010.05.06 19:09:53.555,0.6376,0.6383,1.00,1.00
2010.05.06 19:09:53.898,0.6376,0.63835,1.00,1.00
2010.05.06 19:09:54.238,0.63755,0.6384,1.00,1.00
2010.05.06 19:09:55.211,0.63755,0.63825,1.00,1.00
2010.05.06 19:09:55.459,0.6376,0.63835,1.00,1.00
2010.05.06 19:09:55.695,0.6376,0.6384,1.00,1.00
2010.05.06 19:09:56.386,0.6376,0.63835,1.00,1.00
2010.05.06 19:09:58.654,0.6376,0.63825,1.00,1.00
2010.05.06 19:09:58.998,0.63755,0.6382,1.00,1.00
2010.05.06 19:09:59.336,0.6375,0.6382,1.00,1.00
2010.05.06 19:10:00.216,0.63755,0.6383,1.00,1.00
2010.05.06 19:10:00.554,0.6376,0.63835,1.00,1.00
2010.05.06 19:10:01.251,0.63775,0.63835,1.00,1.00
2010.05.06 19:10:01.598,0.6376,0.6383,1.00,1.00
2010.05.06 19:10:03.030,0.63775,0.6384,1.00,1.00
2010.05.06 19:10:03.656,0.63795,0.63865,1.00,1.00
2010.05.06 19:10:04.415,0.63795,0.6387,1.00,1.00
2010.05.06 19:10:04.726,0.638,0.6387,1.00,1.00
2010.05.06 19:10:05.035,0.63805,0.63875,1.00,1.00
2010.05.06 19:10:05.493,0.638,0.63875,1.00,1.00
2010.05.06 19:10:05.789,0.63805,0.63875,1.00,1.00
2010.05.06 19:10:06.075,0.63805,0.63885,1.00,1.00
2010.05.06 19:10:06.823,0.63825,0.6389,1.00,1.00
2010.05.06 19:10:07.172,0.6381,0.63885,1.00,1.00
2010.05.06 19:10:07.520,0.63805,0.6388,1.00,1.00
2010.05.06 19:10:08.333,0.6378,0.63855,1.00,1.00
2010.05.06 19:10:08.665,0.63765,0.6385,1.00,1.00
2010.05.06 19:10:09.827,0.6375,0.63835,1.00,1.00
2010.05.06 19:10:10.166,0.63745,0.6383,1.00,1.00
2010.05.06 19:10:10.980,0.6375,0.63825,1.00,1.00
2010.05.06 19:10:12.156,0.6373,0.63815,1.60,1.00
2010.05.06 19:10:12.496,0.63715,0.638,1.00,1.00
2010.05.06 19:10:12.807,0.6371,0.638,1.00,1.00
2010.05.06 19:10:13.557,0.63715,0.638,1.00,1.00
2010.05.06 19:10:14.788,0.637,0.63785,1.00,1.00
2010.05.06 19:10:15.126,0.63725,0.63805,1.00,1.00
2010.05.06 19:10:16.075,0.6372,0.638,1.00,1.00
2010.05.06 19:10:16.418,0.6373,0.63825,1.00,1.60
2010.05.06 19:10:17.223,0.6373,0.6382,1.00,1.00
2010.05.06 19:10:17.528,0.6375,0.63825,1.00,1.00
2010.05.06 19:10:18.300,0.63745,0.6383,1.00,1.60
2010.05.06 19:10:18.638,0.63795,0.63855,1.00,1.00
2010.05.06 19:10:18.978,0.63795,0.63865,1.00,1.00
2010.05.06 19:10:19.756,0.63805,0.63885,1.00,1.60
2010.05.06 19:10:21.247,0.63805,0.6388,1.00,1.00
2010.05.06 19:10:21.870,0.6381,0.6388,1.00,1.00
2010.05.06 19:10:22.634,0.6381,0.63885,1.00,1.00
2010.05.06 19:10:22.915,0.6381,0.6389,1.00,1.00
2010.05.06 19:10:23.196,0.63815,0.6389,1.00,1.00
2010.05.06 19:10:23.921,0.6382,0.63895,1.00,1.00
2010.05.06 19:10:24.267,0.63825,0.63895,2.00,2.80
2010.05.06 19:10:24.605,0.6383,0.63895,2.00,1.00
2010.05.06 19:10:26.035,0.63825,0.63895,2.00,2.80
2010.05.06 19:10:26.896,0.63815,0.63885,2.00,1.00
2010.05.06 19:10:27.234,0.6381,0.63885,2.80,1.00
2010.05.06 19:10:28.647,0.6382,0.6389,2.00,1.00
2010.05.06 19:10:29.124,0.63805,0.6387,2.00,1.00
2010.05.06 19:10:29.367,0.63805,0.63875,2.00,2.00
2010.05.06 19:10:30.077,0.638,0.6388,2.80,1.00
2010.05.06 19:10:30.418,0.638,0.6388,1.00,1.00
2010.05.06 19:10:30.755,0.638,0.6388,2.80,1.00
2010.05.06 19:10:31.978,0.6382,0.639,2.00,3.70
2010.05.06 19:10:32.164,0.63825,0.639,2.80,1.60
2010.05.06 19:10:32.354,0.63825,0.639,2.00,1.00
2010.05.06 19:10:32.857,0.63805,0.63875,2.00,2.00
2010.05.06 19:10:33.049,0.63795,0.63885,2.00,2.00
2010.05.06 19:10:33.386,0.63795,0.6388,2.80,1.00
2010.05.06 19:10:33.725,0.6379,0.6388,1.00,1.00
2010.05.06 19:10:34.553,0.63785,0.63865,2.00,2.00
2010.05.06 19:10:34.897,0.63795,0.6387,1.00,2.00
2010.05.06 19:10:35.237,0.63795,0.63865,1.00,2.00
2010.05.06 19:10:36.057,0.6377,0.6385,1.00,2.00
2010.05.06 19:10:36.735,0.6378,0.6386,1.00,1.00
2010.05.06 19:10:37.250,0.63775,0.63855,1.00,2.00
2010.05.06 19:10:37.587,0.6379,0.6387,1.00,2.00
2010.05.06 19:10:38.738,0.6379,0.63875,1.00,1.00
2010.05.06 19:10:38.954,0.63795,0.63875,1.00,2.10
2010.05.06 19:10:39.175,0.63795,0.63865,1.00,2.00
2010.05.06 19:10:39.676,0.63795,0.63875,1.00,2.00
2010.05.06 19:10:39.896,0.63795,0.6387,1.00,2.00
2010.05.06 19:10:42.372,0.63795,0.6386,1.00,1.00
2010.05.06 19:10:43.326,0.6379,0.6386,1.00,2.80
2010.05.06 19:10:43.596,0.63795,0.6386,1.00,1.00
2010.05.06 19:10:44.583,0.63785,0.63855,1.00,1.00
2010.05.06 19:10:44.928,0.63785,0.6385,1.00,1.00
2010.05.06 19:10:46.108,0.63785,0.63855,1.00,1.00
2010.05.06 19:10:52.114,0.63785,0.6385,1.00,1.00
2010.05.06 19:10:52.456,0.63785,0.63855,1.00,1.00
2010.05.06 19:10:53.157,0.63795,0.63865,1.00,1.00
2010.05.06 19:10:53.401,0.6378,0.63845,1.00,1.00
2010.05.06 19:10:53.646,0.63775,0.63845,2.00,2.80
2010.05.06 19:10:55.111,0.6378,0.63845,2.00,1.00
2010.05.06 19:10:55.435,0.63775,0.63845,2.00,1.00
2010.05.06 19:10:55.756,0.6377,0.6384,2.80,2.80
2010.05.06 19:10:56.586,0.63755,0.63825,1.00,1.00
2010.05.06 19:10:56.926,0.63755,0.63825,2.00,1.00
2010.05.06 19:10:58.000,0.6377,0.6384,2.00,2.80
2010.05.06 19:10:58.205,0.63755,0.6382,2.00,1.00
2010.05.06 19:10:58.987,0.63755,0.63825,1.00,1.00
2010.05.06 19:10:59.555,0.63755,0.63815,1.00,1.00
2010.05.06 19:11:00.458,0.63745,0.6382,2.80,1.00
2010.05.06 19:11:01.572,0.63755,0.6382,2.00,1.00
2010.05.06 19:11:01.920,0.63745,0.6382,2.80,1.00
2010.05.06 19:11:03.298,0.6374,0.6381,2.80,1.00
2010.05.06 19:11:04.421,0.6374,0.6381,1.00,1.00
2010.05.06 19:11:04.755,0.6374,0.6381,2.80,1.00
2010.05.06 19:11:05.199,0.6374,0.6381,2.00,1.00
2010.05.06 19:11:06.039,0.6374,0.6379,2.00,1.00
2010.05.06 19:11:06.379,0.63725,0.63795,2.00,1.00
2010.05.06 19:11:06.718,0.6373,0.638,2.00,2.80
2010.05.06 19:11:07.538,0.6373,0.638,2.00,1.00
2010.05.06 19:11:09.366,0.6373,0.638,2.00,1.00
2010.05.06 19:11:09.705,0.63725,0.638,2.80,2.80
2010.05.06 19:11:10.547,0.6374,0.63795,2.00,1.00
2010.05.06 19:11:10.796,0.6372,0.6379,2.00,2.00
2010.05.06 19:11:11.045,0.6372,0.6379,2.00,2.10
2010.05.06 19:11:11.285,0.6372,0.6379,2.80,2.00
2010.05.06 19:11:11.985,0.6369,0.63775,2.00,2.00
2010.05.06 19:11:12.665,0.6369,0.6377,2.00,2.00
2010.05.06 19:11:13.466,0.63695,0.6377,2.00,2.00
2010.05.06 19:11:13.700,0.637,0.63775,2.00,2.10
2010.05.06 19:11:14.266,0.63695,0.6377,2.00,2.10
2010.05.06 19:11:15.295,0.63695,0.63765,2.00,1.00
2010.05.06 19:11:15.524,0.6372,0.6377,2.00,1.00
2010.05.06 19:11:16.024,0.6372,0.63785,2.00,1.00
2010.05.06 19:11:16.258,0.6372,0.6379,2.00,2.10
2010.05.06 19:11:16.596,0.6372,0.63795,2.00,2.10
2010.05.06 19:11:16.937,0.6371,0.6377,2.00,1.00
2010.05.06 19:11:17.424,0.637,0.6377,2.00,1.00
2010.05.06 19:11:17.770,0.637,0.63775,2.00,2.00
2010.05.06 19:11:18.107,0.6371,0.63785,2.00,2.10
2010.05.06 19:11:18.920,0.6371,0.63785,2.00,2.00
2010.05.06 19:11:19.260,0.637,0.63775,2.00,2.00
2010.05.06 19:11:19.596,0.63695,0.6377,2.00,2.00
2010.05.06 19:11:20.594,0.63715,0.63775,2.00,1.00
2010.05.06 19:11:20.828,0.63705,0.63775,2.00,1.00
2010.05.06 19:11:21.516,0.6371,0.6378,2.00,1.00
2010.05.06 19:11:21.755,0.6371,0.63785,1.00,2.80
2010.05.06 19:11:22.535,0.63705,0.63775,2.00,2.80
2010.05.06 19:11:22.887,0.637,0.63765,1.00,1.00
2010.05.06 19:11:23.145,0.637,0.63765,2.00,1.00
2010.05.06 19:11:23.700,0.63705,0.63765,2.00,1.00
2010.05.06 19:11:24.023,0.63715,0.63785,2.00,1.00
2010.05.06 19:11:24.338,0.6371,0.6378,2.00,1.00
2010.05.06 19:11:25.104,0.63715,0.63785,2.00,1.00
2010.05.06 19:11:25.447,0.6371,0.6378,2.00,1.00
2010.05.06 19:11:26.593,0.6371,0.63775,1.00,1.00
2010.05.06 19:11:26.943,0.63705,0.63775,2.80,1.00
2010.05.06 19:11:27.663,0.63705,0.6376,1.00,1.00
2010.05.06 19:11:27.971,0.63685,0.63755,2.80,1.00
2010.05.06 19:11:29.047,0.63685,0.6375,2.00,1.00
2010.05.06 19:11:29.386,0.63685,0.6375,2.80,1.00
2010.05.06 19:11:29.725,0.63685,0.6375,1.00,2.00
2010.05.06 19:11:30.516,0.63685,0.6376,1.00,1.00
2010.05.06 19:11:30.856,0.6368,0.6375,2.00,2.80
2010.05.06 19:11:31.165,0.63685,0.6375,1.00,1.00
2010.05.06 19:11:31.931,0.63685,0.6375,2.00,1.00
2010.05.06 19:11:32.616,0.6368,0.6375,2.00,2.80
2010.05.06 19:11:33.255,0.63685,0.6375,2.00,1.00
2010.05.06 19:11:35.017,0.6368,0.6375,2.00,2.80
2010.05.06 19:11:36.087,0.63675,0.63745,2.00,2.80
2010.05.06 19:11:36.426,0.6369,0.6375,2.00,1.00
2010.05.06 19:11:36.765,0.6369,0.63755,2.00,1.00
2010.05.06 19:11:37.105,0.6369,0.6376,2.00,2.80
2010.05.06 19:11:37.654,0.63685,0.6376,2.00,1.00
2010.05.06 19:11:38.314,0.63685,0.63755,2.00,1.00
2010.05.06 19:11:40.746,0.6369,0.63755,2.00,1.00
2010.05.06 19:11:41.579,0.6368,0.63755,2.00,2.00
2010.05.06 19:11:41.916,0.6368,0.6375,2.00,1.00
2010.05.06 19:11:42.408,0.6368,0.6376,2.00,1.60
2010.05.06 19:11:42.747,0.63675,0.63745,2.00,2.00
2010.05.06 19:11:43.378,0.63675,0.6375,2.00,2.00
2010.05.06 19:11:43.955,0.6368,0.63755,2.00,1.00
2010.05.06 19:11:44.298,0.63675,0.63755,2.00,1.60
2010.05.06 19:11:44.638,0.63675,0.63745,2.00,2.00
2010.05.06 19:11:44.896,0.6367,0.63745,2.00,2.80
2010.05.06 19:11:45.597,0.63675,0.63745,2.00,1.00
2010.05.06 19:11:45.857,0.63685,0.63755,2.00,1.00
2010.05.06 19:11:46.635,0.63685,0.6376,2.00,1.60
2010.05.06 19:11:46.957,0.63695,0.6376,2.00,1.00
2010.05.06 19:11:47.276,0.637,0.63765,2.00,1.00
2010.05.06 19:11:47.758,0.637,0.63765,2.00,1.60
2010.05.06 19:11:48.095,0.6369,0.6376,2.00,1.00
2010.05.06 19:11:48.435,0.63685,0.6376,2.00,1.60
2010.05.06 19:11:49.238,0.63685,0.63755,2.00,2.80
2010.05.06 19:11:50.694,0.6368,0.6375,2.00,2.80
2010.05.06 19:11:51.356,0.6369,0.6376,2.00,3.60
2010.05.06 19:11:52.555,0.63685,0.6376,2.00,3.60
2010.05.06 19:11:52.897,0.63685,0.6376,2.00,1.60
2010.05.06 19:11:53.717,0.6368,0.63755,2.00,2.80
2010.05.06 19:11:53.985,0.6368,0.6375,2.00,1.00
2010.05.06 19:11:55.006,0.6367,0.6374,2.00,1.60
2010.05.06 19:11:55.315,0.6367,0.6374,2.00,1.00
2010.05.06 19:11:56.038,0.63655,0.63725,2.00,1.00
2010.05.06 19:11:56.379,0.63645,0.6372,2.00,1.00
2010.05.06 19:11:57.530,0.63655,0.6372,2.00,1.00
2010.05.06 19:11:57.868,0.63645,0.63715,2.00,2.80
2010.05.06 19:11:58.208,0.63645,0.6371,2.00,1.00
2010.05.06 19:11:59.150,0.6364,0.63705,2.00,1.00
2010.05.06 19:11:59.406,0.6363,0.6369,1.00,2.00
2010.05.06 19:11:59.749,0.6361,0.63685,2.10,2.00
2010.05.06 19:12:00.537,0.6361,0.63685,2.00,2.10
2010.05.06 19:12:01.272,0.636,0.63675,2.00,2.00
2010.05.06 19:12:01.620,0.6361,0.63685,2.00,2.00
2010.05.06 19:12:01.958,0.6361,0.63685,2.00,2.80
2010.05.06 19:12:02.747,0.6362,0.63685,2.00,1.00
2010.05.06 19:12:03.084,0.6361,0.63685,2.00,1.00
2010.05.06 19:12:04.584,0.63605,0.63685,1.00,1.00
2010.05.06 19:12:04.854,0.63605,0.6368,2.00,1.00
2010.05.06 19:12:05.616,0.63605,0.6368,1.00,1.00
2010.05.06 19:12:05.955,0.63605,0.63665,2.00,1.00
2010.05.06 19:12:06.295,0.63595,0.6367,2.00,1.00
2010.05.06 19:12:07.138,0.63585,0.63655,2.00,1.00
2010.05.06 19:12:07.817,0.6358,0.63655,2.00,1.00
2010.05.06 19:12:08.596,0.63575,0.63645,2.00,1.00
2010.05.06 19:12:09.448,0.63575,0.63645,2.00,1.60
2010.05.06 19:12:09.777,0.63575,0.63645,1.00,1.00
2010.05.06 19:12:10.105,0.6356,0.6364,1.00,1.60
2010.05.06 19:12:10.906,0.6356,0.6363,1.00,1.60
2010.05.06 19:12:12.420,0.63565,0.6363,1.00,1.60
2010.05.06 19:12:12.767,0.6356,0.6363,1.00,1.00
2010.05.06 19:12:13.105,0.63565,0.6363,1.00,1.00
2010.05.06 19:12:13.803,0.63565,0.6363,1.00,1.60
2010.05.06 19:12:14.103,0.6356,0.6363,1.00,1.00
2010.05.06 19:12:14.312,0.6356,0.6363,1.00,1.60
2010.05.06 19:12:15.195,0.63555,0.63625,1.00,1.00
2010.05.06 19:12:15.537,0.63555,0.63625,1.00,1.60
2010.05.06 19:12:16.011,0.63555,0.63625,1.00,1.00
2010.05.06 19:12:16.382,0.6357,0.63635,1.00,1.60
2010.05.06 19:12:16.728,0.6358,0.6365,1.00,1.60
2010.05.06 19:12:17.068,0.6358,0.6365,1.00,1.00
2010.05.06 19:12:17.822,0.6359,0.63655,1.00,1.00
2010.05.06 19:12:18.169,0.6361,0.63665,1.00,1.60
2010.05.06 19:12:18.507,0.63615,0.6368,1.00,1.60
2010.05.06 19:12:19.216,0.63575,0.6368,1.00,1.00
2010.05.06 19:12:19.458,0.6359,0.6367,1.00,1.40
2010.05.06 19:12:19.796,0.63575,0.63645,1.00,1.00
2010.05.06 19:12:20.135,0.6357,0.63645,1.00,1.00
2010.05.06 19:12:22.135,0.6357,0.6364,1.00,1.00
2010.05.06 19:12:22.475,0.63565,0.6363,1.00,1.00
2010.05.06 19:12:23.278,0.6357,0.6364,1.00,1.00
2010.05.06 19:12:24.687,0.63575,0.6365,1.00,1.00
2010.05.06 19:12:25.025,0.6357,0.63645,1.00,1.00
2010.05.06 19:12:25.366,0.6358,0.63645,1.00,1.00
2010.05.06 19:12:26.134,0.63575,0.63635,1.00,1.00
2010.05.06 19:12:26.477,0.6357,0.63635,1.00,1.00
2010.05.06 19:12:27.786,0.6356,0.6362,1.00,1.00
2010.05.06 19:12:28.035,0.6355,0.6361,1.00,1.00
2010.05.06 19:12:29.077,0.63545,0.6361,1.00,1.00
2010.05.06 19:12:29.907,0.63545,0.6361,1.00,1.60
2010.05.06 19:12:31.087,0.6355,0.6361,1.00,1.00
2010.05.06 19:12:31.428,0.63545,0.6361,1.00,1.60
2010.05.06 19:12:31.767,0.6355,0.6361,1.00,1.00
2010.05.06 19:12:32.106,0.63545,0.6361,1.00,1.00
2010.05.06 19:12:32.901,0.6354,0.63605,1.00,1.00
2010.05.06 19:12:33.169,0.6354,0.6361,1.00,1.60
2010.05.06 19:12:33.425,0.6354,0.63605,1.00,1.00
2010.05.06 19:12:33.685,0.63495,0.63595,1.40,1.60
2010.05.06 19:12:34.415,0.63485,0.63585,1.60,1.00
2010.05.06 19:12:34.734,0.63485,0.6359,1.00,1.00
2010.05.06 19:12:35.648,0.6342,0.6359,1.00,1.00
2010.05.06 19:12:35.985,0.6341,0.63585,1.00,2.40
2010.05.06 19:12:36.796,0.6342,0.63575,1.00,1.00
2010.05.06 19:12:37.124,0.6343,0.63575,1.00,1.00
2010.05.06 19:12:37.444,0.63475,0.63565,1.00,1.00
2010.05.06 19:12:38.296,0.63495,0.6358,1.00,1.00
2010.05.06 19:12:38.638,0.6349,0.6358,1.00,1.00
2010.05.06 19:12:38.887,0.63495,0.6358,1.00,1.00
2010.05.06 19:12:39.815,0.635,0.63585,1.00,1.00
2010.05.06 19:12:41.387,0.63515,0.636,1.00,1.60
2010.05.06 19:12:42.159,0.63515,0.63605,1.00,1.00
2010.05.06 19:12:42.507,0.6352,0.63605,1.00,1.00
2010.05.06 19:12:42.848,0.6352,0.6362,1.00,1.00
2010.05.06 19:12:43.343,0.6352,0.63625,1.00,1.60
2010.05.06 19:12:43.579,0.6353,0.63645,1.00,1.00
2010.05.06 19:12:44.990,0.63545,0.6361,1.00,1.00
2010.05.06 19:12:45.425,0.6355,0.63615,1.00,1.00
2010.05.06 19:12:45.645,0.63545,0.6362,1.00,1.00
2010.05.06 19:12:46.350,0.6357,0.6362,1.00,1.00
2010.05.06 19:12:46.684,0.6361,0.6365,1.60,1.00
2010.05.06 19:12:47.027,0.63625,0.6368,1.00,1.00
2010.05.06 19:12:47.841,0.6362,0.6371,1.00,1.60
2010.05.06 19:12:48.186,0.6362,0.6371,1.00,1.00
2010.05.06 19:12:48.993,0.6364,0.63705,1.00,1.00
2010.05.06 19:12:49.277,0.6363,0.63695,1.00,1.00
2010.05.06 19:12:49.978,0.6363,0.6368,1.00,1.00
2010.05.06 19:12:50.316,0.6361,0.6368,1.00,1.00
2010.05.06 19:12:50.657,0.636,0.6367,1.00,1.00
2010.05.06 19:12:51.727,0.6364,0.6371,1.00,1.60
2010.05.06 19:12:52.070,0.6364,0.63715,1.00,1.00
2010.05.06 19:12:52.490,0.6364,0.6372,1.00,1.60
2010.05.06 19:12:52.944,0.6364,0.6372,1.00,1.00
2010.05.06 19:12:53.290,0.6364,0.6372,1.00,1.60
2010.05.06 19:12:53.641,0.6364,0.63715,1.00,1.00
2010.05.06 19:12:54.154,0.6364,0.6372,1.00,1.60
2010.05.06 19:12:54.468,0.63645,0.63725,3.90,1.00
2010.05.06 19:12:54.775,0.6368,0.63735,1.00,1.60
2010.05.06 19:12:55.574,0.63675,0.6373,1.00,1.00
2010.05.06 19:12:56.655,0.6365,0.63725,1.00,1.00
2010.05.06 19:12:56.996,0.63645,0.63725,3.80,1.00
2010.05.06 19:12:57.336,0.63645,0.6373,3.80,1.00
2010.05.06 19:12:57.676,0.63645,0.63735,3.80,3.20
2010.05.06 19:12:58.467,0.6366,0.63735,1.00,1.00
2010.05.06 19:12:58.807,0.6365,0.6374,1.60,3.20
2010.05.06 19:12:59.115,0.6365,0.6374,1.60,2.40
2010.05.06 19:12:59.609,0.6365,0.6374,1.00,2.40
2010.05.06 19:12:59.918,0.6366,0.63745,1.00,3.20
2010.05.06 19:13:00.263,0.63655,0.6373,1.00,2.40
2010.05.06 19:13:01.030,0.63655,0.6374,1.00,3.20
2010.05.06 19:13:01.350,0.6364,0.6373,1.40,3.20
2010.05.06 19:13:01.665,0.6364,0.6373,3.80,3.20
2010.05.06 19:13:02.153,0.63645,0.6373,1.00,3.20
2010.05.06 19:13:02.499,0.63645,0.63715,1.00,2.40
2010.05.06 19:13:02.842,0.6363,0.6371,1.00,2.40
2010.05.06 19:13:03.628,0.6363,0.63705,1.00,3.20
2010.05.06 19:13:03.966,0.6363,0.63705,1.00,1.00
2010.05.06 19:13:04.306,0.6363,0.6371,1.00,1.00
2010.05.06 19:13:04.791,0.6363,0.6371,1.00,1.60
2010.05.06 19:13:05.129,0.63625,0.63705,1.00,1.00
2010.05.06 19:13:05.466,0.6362,0.63705,1.00,1.60
2010.05.06 19:13:05.806,0.6362,0.63705,1.00,3.20
2010.05.06 19:13:06.587,0.63615,0.63695,1.00,1.00
2010.05.06 19:13:06.926,0.63615,0.637,3.80,1.00
2010.05.06 19:13:07.266,0.6362,0.63705,1.00,1.60
2010.05.06 19:13:07.722,0.6362,0.63705,1.00,3.20
2010.05.06 19:13:07.986,0.636,0.63685,1.00,3.20
2010.05.06 19:13:08.255,0.6359,0.63675,1.40,1.00
2010.05.06 19:13:09.026,0.6362,0.637,1.00,2.40
2010.05.06 19:13:09.346,0.63635,0.6371,1.00,1.60
2010.05.06 19:13:09.667,0.63635,0.63715,1.00,2.40
2010.05.06 19:13:09.985,0.63635,0.63715,1.00,1.00
2010.05.06 19:13:10.816,0.6365,0.63725,1.00,1.00
2010.05.06 19:13:11.137,0.6363,0.63715,2.20,1.00
2010.05.06 19:13:11.385,0.6363,0.63715,1.40,1.00
2010.05.06 19:13:12.396,0.6362,0.6371,2.20,4.00
2010.05.06 19:13:12.735,0.63615,0.637,1.40,2.40
2010.05.06 19:13:13.075,0.63615,0.6369,1.00,3.00
2010.05.06 19:13:13.736,0.63595,0.6368,1.00,1.00
2010.05.06 19:13:14.067,0.6356,0.63625,1.00,1.00
2010.05.06 19:13:14.394,0.6356,0.63625,1.00,2.40
2010.05.06 19:13:14.903,0.6355,0.63625,1.00,2.40
2010.05.06 19:13:15.238,0.63535,0.6363,3.20,2.40
2010.05.06 19:13:15.565,0.63545,0.63635,3.20,1.00
2010.05.06 19:13:16.352,0.6354,0.6363,3.20,1.00
2010.05.06 19:13:16.698,0.63545,0.6363,1.00,1.00
2010.05.06 19:13:17.016,0.6355,0.6363,1.00,1.00
2010.05.06 19:13:17.895,0.63545,0.6363,4.00,1.00
2010.05.06 19:13:18.217,0.6355,0.6364,1.00,3.20
2010.05.06 19:13:19.978,0.63545,0.63635,3.20,1.60
2010.05.06 19:13:20.165,0.6355,0.63635,1.00,1.60
2010.05.06 19:13:20.736,0.63565,0.63635,1.00,1.00
2010.05.06 19:13:21.377,0.63565,0.63655,1.00,3.20
2010.05.06 19:13:22.351,0.6359,0.6366,1.00,1.60
2010.05.06 19:13:22.702,0.63615,0.6367,1.00,3.20
2010.05.06 19:13:23.047,0.63615,0.63675,1.00,1.00
2010.05.06 19:13:23.839,0.63585,0.63645,1.00,1.60
2010.05.06 19:13:24.177,0.6356,0.63635,1.00,1.00
2010.05.06 19:13:24.514,0.6356,0.63635,1.00,3.20
2010.05.06 19:13:25.352,0.6355,0.6362,1.00,3.20
2010.05.06 19:13:25.698,0.6353,0.636,1.00,1.00
2010.05.06 19:13:26.036,0.63525,0.63595,1.00,1.00
2010.05.06 19:13:26.820,0.63525,0.636,1.40,1.00
2010.05.06 19:13:27.157,0.6353,0.63605,1.00,1.40
2010.05.06 19:13:28.294,0.6353,0.63605,1.00,1.00
2010.05.06 19:13:28.561,0.6355,0.6361,1.00,1.00
2010.05.06 19:13:28.825,0.6355,0.63615,1.00,1.60
2010.05.06 19:13:29.399,0.6355,0.63615,1.00,1.00
2010.05.06 19:13:29.688,0.63555,0.6362,1.00,1.60
2010.05.06 19:13:30.430,0.63565,0.6362,1.00,1.00
2010.05.06 19:13:30.767,0.63575,0.63625,1.00,1.00
2010.05.06 19:13:31.108,0.63575,0.6363,1.00,3.20
2010.05.06 19:13:32.135,0.63575,0.6363,1.00,1.60
2010.05.06 19:13:32.475,0.6358,0.6363,1.00,1.60
2010.05.06 19:13:33.326,0.6357,0.6363,1.00,1.00
2010.05.06 19:13:33.666,0.63585,0.63635,1.00,1.00
2010.05.06 19:13:34.007,0.63565,0.6361,1.00,1.60
2010.05.06 19:13:34.808,0.6355,0.63615,1.00,2.40
2010.05.06 19:13:35.146,0.63545,0.63615,1.00,1.00
2010.05.06 19:13:35.932,0.6358,0.63645,1.00,1.00
2010.05.06 19:13:36.235,0.6358,0.6365,1.00,3.20
2010.05.06 19:13:37.158,0.6359,0.63655,1.00,1.00
2010.05.06 19:13:37.479,0.6359,0.6366,1.00,1.60
2010.05.06 19:13:37.806,0.636,0.6366,1.00,1.00
2010.05.06 19:13:38.135,0.6359,0.6366,1.00,1.00
2010.05.06 19:13:38.455,0.63585,0.6366,1.00,1.60
2010.05.06 19:13:38.943,0.63585,0.6366,1.00,4.00
2010.05.06 19:13:39.147,0.63575,0.6364,1.00,1.00
2010.05.06 19:13:39.357,0.6357,0.6364,1.00,2.40
2010.05.06 19:13:39.566,0.6356,0.6364,1.00,2.40
2010.05.06 19:13:40.049,0.6356,0.63635,1.00,1.60
2010.05.06 19:13:40.394,0.6356,0.6363,1.00,3.20
2010.05.06 19:13:41.879,0.6356,0.63625,1.00,1.00
2010.05.06 19:13:42.157,0.6357,0.6363,1.00,1.60
2010.05.06 19:13:43.228,0.63585,0.63645,1.00,1.00
2010.05.06 19:13:43.545,0.63575,0.6365,1.00,1.00
2010.05.06 19:13:44.068,0.63575,0.6364,1.00,1.00
2010.05.06 19:13:44.748,0.6358,0.63645,1.00,1.00
2010.05.06 19:13:45.796,0.6358,0.63655,1.00,3.20
2010.05.06 19:13:46.106,0.63595,0.6366,1.00,1.00
2010.05.06 19:13:46.415,0.636,0.6366,1.00,1.00
2010.05.06 19:13:47.219,0.63615,0.63685,1.00,1.00
2010.05.06 19:13:47.557,0.6361,0.6368,1.00,1.00
2010.05.06 19:13:48.700,0.63615,0.63685,1.00,1.00
2010.05.06 19:13:49.035,0.63615,0.6369,1.00,4.80
2010.05.06 19:13:49.841,0.6361,0.63675,1.00,1.00
2010.05.06 19:13:50.166,0.636,0.6368,1.00,3.20
2010.05.06 19:13:50.681,0.63595,0.6368,1.40,2.40
2010.05.06 19:13:50.982,0.6359,0.63655,1.40,1.00
2010.05.06 19:13:51.279,0.63595,0.63655,1.00,1.00
2010.05.06 19:13:52.038,0.63595,0.6366,1.00,3.20
2010.05.06 19:13:52.375,0.63595,0.6366,1.00,4.00
2010.05.06 19:13:53.916,0.636,0.6366,1.00,3.20
2010.05.06 19:13:54.120,0.63605,0.6366,1.00,1.00
2010.05.06 19:13:54.307,0.63605,0.63665,1.00,1.00
2010.05.06 19:13:54.944,0.63605,0.6367,1.00,1.00
2010.05.06 19:13:55.286,0.63615,0.63665,1.00,1.00
2010.05.06 19:13:55.625,0.63615,0.6367,1.00,1.00
2010.05.06 19:13:56.761,0.63605,0.6366,1.00,1.00
2010.05.06 19:13:57.653,0.63605,0.6366,1.00,1.00
2010.05.06 19:13:57.962,0.63605,0.6366,1.00,1.00
2010.05.06 19:13:58.615,0.63605,0.6367,1.00,1.00
2010.05.06 19:13:58.805,0.63605,0.6367,1.00,1.00
2010.05.06 19:14:00.811,0.6362,0.6368,1.00,1.00
2010.05.06 19:14:00.995,0.6363,0.63685,1.00,1.00
2010.05.06 19:14:01.180,0.6363,0.63685,1.00,1.00
2010.05.06 19:14:01.765,0.6363,0.6368,1.00,1.00
2010.05.06 19:14:02.287,0.6363,0.63685,1.00,1.00
2010.05.06 19:14:03.076,0.63645,0.6371,1.00,1.70
2010.05.06 19:14:03.416,0.63655,0.63725,1.00,1.00
2010.05.06 19:14:04.238,0.6366,0.6372,1.00,1.00
2010.05.06 19:14:04.576,0.6368,0.6373,1.00,1.00
2010.05.06 19:14:04.916,0.637,0.63755,1.00,1.00
2010.05.06 19:14:05.412,0.63695,0.63755,1.00,1.60
2010.05.06 19:14:05.759,0.63685,0.63775,3.80,1.00
2010.05.06 19:14:06.098,0.6369,0.6378,1.00,4.00
2010.05.06 19:14:06.966,0.6369,0.6378,1.60,3.20
2010.05.06 19:14:07.310,0.637,0.63785,1.00,2.40
2010.05.06 19:14:07.648,0.63715,0.63785,1.00,1.00
2010.05.06 19:14:08.498,0.6371,0.63785,1.00,1.00
2010.05.06 19:14:09.455,0.63715,0.6379,1.00,2.40
2010.05.06 19:14:10.215,0.63715,0.6379,1.00,1.60
2010.05.06 19:14:11.024,0.6371,0.63785,1.00,1.00
2010.05.06 19:14:12.045,0.63715,0.63785,1.00,1.00
2010.05.06 19:14:12.632,0.63735,0.63795,1.00,1.00
2010.05.06 19:14:12.979,0.6373,0.63815,2.20,1.00
2010.05.06 19:14:13.315,0.63735,0.63815,1.00,1.00
2010.05.06 19:14:13.585,0.63735,0.63815,1.00,1.00
2010.05.06 19:14:14.589,0.63735,0.6382,1.00,1.60
2010.05.06 19:14:14.856,0.63735,0.63825,3.80,2.40
2010.05.06 19:14:15.125,0.63735,0.63825,3.80,1.00
2010.05.06 19:14:15.912,0.63735,0.6382,3.80,1.00
2010.05.06 19:14:16.239,0.63735,0.6382,1.00,4.00
2010.05.06 19:14:16.565,0.63755,0.6382,1.00,1.60
2010.05.06 19:14:17.059,0.63755,0.6382,1.00,1.00
2010.05.06 19:14:17.399,0.63755,0.6383,1.00,4.80
2010.05.06 19:14:17.738,0.63755,0.6383,1.00,1.00
2010.05.06 19:14:18.349,0.63755,0.63835,1.00,4.00
2010.05.06 19:14:18.607,0.6378,0.6384,1.00,1.60
2010.05.06 19:14:19.206,0.6378,0.6384,1.00,1.00
2010.05.06 19:14:19.996,0.6378,0.63845,1.00,4.80
2010.05.06 19:14:20.326,0.63775,0.63835,1.00,1.00
2010.05.06 19:14:20.656,0.63775,0.6384,1.00,4.80
2010.05.06 19:14:21.137,0.6376,0.6384,1.00,4.80
2010.05.06 19:14:21.469,0.6377,0.63835,1.00,1.00
2010.05.06 19:14:21.795,0.6377,0.6384,1.00,4.00
2010.05.06 19:14:23.915,0.6377,0.63835,1.00,1.00
2010.05.06 19:14:24.120,0.63775,0.63835,1.00,1.60
2010.05.06 19:14:24.319,0.6377,0.63835,1.00,1.00
2010.05.06 19:14:24.969,0.6376,0.63835,1.00,2.40
2010.05.06 19:14:25.309,0.6376,0.6382,1.00,1.00
2010.05.06 19:14:25.607,0.6376,0.63825,1.00,1.00
2010.05.06 19:14:26.342,0.63765,0.6383,1.00,1.00
2010.05.06 19:14:26.650,0.63765,0.63835,1.00,4.00
2010.05.06 19:14:26.986,0.63775,0.63835,1.00,1.60
2010.05.06 19:14:27.329,0.63755,0.6383,1.00,1.60
2010.05.06 19:14:27.868,0.63755,0.6383,1.00,1.00
2010.05.06 19:14:28.227,0.6375,0.63825,1.00,1.60
2010.05.06 19:14:28.569,0.63755,0.6382,1.00,1.00
2010.05.06 19:14:28.747,0.6375,0.6381,1.00,1.00
2010.05.06 19:14:29.556,0.6375,0.63805,1.00,1.00
2010.05.06 19:14:29.896,0.63765,0.6381,1.00,1.00
2010.05.06 19:14:30.236,0.63755,0.63815,1.00,2.50
2010.05.06 19:14:30.779,0.63755,0.63815,1.00,1.00
2010.05.06 19:14:31.089,0.6375,0.6382,1.00,2.50
2010.05.06 19:14:32.184,0.63755,0.6382,1.00,2.50
2010.05.06 19:14:32.991,0.63755,0.63825,1.00,2.40
2010.05.06 19:14:33.871,0.6377,0.63825,1.00,2.40
2010.05.06 19:14:33.983,0.6377,0.6383,1.00,4.00
2010.05.06 19:14:35.644,0.6376,0.6383,1.00,4.80
2010.05.06 19:14:35.868,0.6376,0.6381,1.00,1.00
2010.05.06 19:14:37.099,0.63755,0.6382,1.00,1.60
2010.05.06 19:14:38.832,0.63765,0.6382,1.00,1.00
2010.05.06 19:14:39.336,0.63765,0.63825,1.00,1.00
2010.05.06 19:14:39.566,0.63765,0.63835,1.00,4.00
2010.05.06 19:14:39.797,0.63765,0.63835,1.00,2.40
2010.05.06 19:14:41.075,0.63765,0.63835,1.00,1.60
2010.05.06 19:14:41.375,0.6378,0.63865,1.00,3.20
2010.05.06 19:14:41.682,0.6378,0.63865,1.00,1.00
2010.05.06 19:14:42.836,0.63785,0.6387,1.00,1.60
2010.05.06 19:14:43.631,0.63785,0.6387,1.00,1.00
2010.05.06 19:14:43.709,0.63795,0.63875,1.00,1.00
2010.05.06 19:14:43.786,0.63795,0.6388,2.40,1.00
2010.05.06 19:14:44.128,0.6381,0.6389,2.40,1.00
2010.05.06 19:14:44.927,0.6381,0.6391,3.20,3.20
2010.05.06 19:14:45.255,0.6381,0.63905,1.00,2.40
2010.05.06 19:14:45.586,0.6381,0.639,1.00,1.60
2010.05.06 19:14:45.916,0.63805,0.639,1.00,3.20
2010.05.06 19:14:46.695,0.6381,0.639,1.00,1.00
2010.05.06 19:14:47.647,0.6381,0.63905,1.60,1.60
2010.05.06 19:14:47.959,0.6384,0.6391,1.00,1.00
2010.05.06 19:14:48.739,0.6382,0.63895,1.60,1.00
2010.05.06 19:14:48.905,0.6382,0.6389,1.00,1.00
2010.05.06 19:14:49.224,0.63815,0.6389,3.20,1.00
2010.05.06 19:14:51.419,0.63815,0.6389,2.40,1.00
2010.05.06 19:14:51.762,0.6382,0.63895,1.60,1.00
2010.05.06 19:14:52.856,0.63815,0.6389,3.20,1.00
2010.05.06 19:14:53.395,0.63815,0.6389,1.00,1.00
2010.05.06 19:14:53.919,0.63815,0.63885,1.00,1.00
2010.05.06 19:14:55.713,0.63825,0.63895,1.00,1.00
2010.05.06 19:14:57.141,0.63825,0.6389,1.00,1.00
2010.05.06 19:14:57.479,0.63825,0.639,3.20,1.00
2010.05.06 19:14:57.819,0.63825,0.63895,1.00,1.00
2010.05.06 19:14:58.947,0.6383,0.63895,1.00,1.00
2010.05.06 19:14:59.286,0.63825,0.63895,1.00,1.00
2010.05.06 19:14:59.536,0.63825,0.63895,2.40,1.00
2010.05.06 19:15:00.022,0.63825,0.639,2.40,1.60
2010.05.06 19:15:00.280,0.6382,0.6389,1.60,1.00
2010.05.06 19:15:01.206,0.6383,0.6389,1.00,1.00
2010.05.06 19:15:01.548,0.6383,0.63905,1.60,1.00
2010.05.06 19:15:02.379,0.63845,0.6392,2.40,1.00
2010.05.06 19:15:02.670,0.6385,0.63925,1.00,1.60
2010.05.06 19:15:02.957,0.6385,0.63925,1.60,1.60
2010.05.06 19:15:03.439,0.6385,0.63925,1.00,1.60
2010.05.06 19:15:03.779,0.6385,0.6392,1.00,1.00
2010.05.06 19:15:04.117,0.63845,0.6392,1.60,1.00
2010.05.06 19:15:05.591,0.639,0.63935,1.00,1.00
2010.05.06 19:15:06.367,0.639,0.6395,1.00,1.00
2010.05.06 19:15:06.675,0.6391,0.63965,1.00,1.70
2010.05.06 19:15:07.016,0.6389,0.63955,1.00,1.00
2010.05.06 19:15:07.853,0.6393,0.6397,1.00,1.00
2010.05.06 19:15:08.999,0.63935,0.63975,1.00,1.00
2010.05.06 19:15:09.321,0.6393,0.6399,1.00,1.00
2010.05.06 19:15:09.907,0.63925,0.63995,1.00,1.60
2010.05.06 19:15:10.638,0.63925,0.63995,1.00,2.40
2010.05.06 19:15:11.319,0.6393,0.6399,1.00,1.00
2010.05.06 19:15:12.138,0.6392,0.6399,1.00,1.00
2010.05.06 19:15:12.461,0.63905,0.6398,1.00,1.00
2010.05.06 19:15:13.218,0.63905,0.6397,3.00,1.00
2010.05.06 19:15:13.556,0.63935,0.63975,1.00,1.00
2010.05.06 19:15:14.336,0.6392,0.6398,1.00,1.00
2010.05.06 19:15:14.680,0.63915,0.6397,1.00,1.00
2010.05.06 19:15:15.830,0.63915,0.6398,1.00,1.00
2010.05.06 19:15:16.170,0.63905,0.6397,1.00,1.00
2010.05.06 19:15:16.507,0.63905,0.63965,1.00,1.00
2010.05.06 19:15:18.674,0.63905,0.63965,1.00,1.00
2010.05.06 19:15:18.958,0.6389,0.63965,1.40,1.00
2010.05.06 19:15:19.235,0.639,0.63965,1.00,1.00
2010.05.06 19:15:19.988,0.63895,0.6396,1.00,1.00
2010.05.06 19:15:20.296,0.63895,0.63935,1.00,1.00
2010.05.06 19:15:20.609,0.63875,0.63935,1.40,1.00
2010.05.06 19:15:21.406,0.63885,0.6395,1.00,2.40
2010.05.06 19:15:21.747,0.63875,0.63945,2.40,1.00
2010.05.06 19:15:22.299,0.63885,0.63945,2.40,1.00
2010.05.06 19:15:22.646,0.639,0.63975,3.20,1.00
2010.05.06 19:15:22.990,0.6391,0.6398,3.20,1.00
2010.05.06 19:15:23.753,0.6391,0.64,3.20,1.60
2010.05.06 19:15:24.088,0.63905,0.6398,1.00,1.00
2010.05.06 19:15:24.427,0.639,0.63985,1.00,3.20
2010.05.06 19:15:25.227,0.6389,0.6398,1.60,1.60
2010.05.06 19:15:26.070,0.6389,0.6397,1.00,2.40
2010.05.06 19:15:26.371,0.63865,0.6394,1.00,1.00
2010.05.06 19:15:26.677,0.63865,0.6394,1.40,1.00
2010.05.06 19:15:27.791,0.63845,0.6391,1.40,1.00
2010.05.06 19:15:28.086,0.63845,0.6391,1.00,1.00
2010.05.06 19:15:29.148,0.6385,0.6392,1.00,1.00
2010.05.06 19:15:29.456,0.63845,0.6391,1.00,1.00
2010.05.06 19:15:30.538,0.6385,0.63915,1.00,1.00
2010.05.06 19:15:30.882,0.6384,0.639,1.00,1.00
2010.05.06 19:15:31.228,0.63835,0.639,1.00,1.00
2010.05.06 19:15:32.266,0.6383,0.639,1.00,1.60
2010.05.06 19:15:32.545,0.6383,0.63895,1.00,1.00
2010.05.06 19:15:33.855,0.63825,0.6389,1.40,1.00
2010.05.06 19:15:34.046,0.63825,0.6389,1.00,1.00
2010.05.06 19:15:35.845,0.63825,0.6389,1.00,1.00
2010.05.06 19:15:37.053,0.63825,0.63895,1.00,1.60
2010.05.06 19:15:37.396,0.63825,0.63895,1.40,1.00
2010.05.06 19:15:37.737,0.6384,0.63915,1.00,1.00
2010.05.06 19:15:38.539,0.6387,0.63925,1.00,1.60
2010.05.06 19:15:38.769,0.63855,0.6394,3.00,1.00
2010.05.06 19:15:38.998,0.6386,0.6392,3.00,1.00
2010.05.06 19:15:39.716,0.63885,0.6394,1.00,1.00
2010.05.06 19:15:40.055,0.63885,0.6395,1.00,1.00
2010.05.06 19:15:40.835,0.639,0.63965,1.00,1.00
2010.05.06 19:15:41.185,0.6391,0.63995,1.20,1.00
2010.05.06 19:15:41.526,0.6392,0.63995,1.00,1.00
2010.05.06 19:15:42.057,0.6392,0.64005,2.80,1.00
2010.05.06 19:15:42.402,0.63925,0.6399,1.00,1.00
2010.05.06 19:15:42.749,0.63915,0.63995,1.00,3.20
2010.05.06 19:15:43.545,0.6391,0.6399,1.00,1.00
2010.05.06 19:15:43.891,0.6391,0.63995,1.00,1.00
2010.05.06 19:15:44.611,0.6391,0.6399,1.00,1.00
2010.05.06 19:15:44.840,0.63905,0.6398,1.00,1.00
2010.05.06 19:15:45.068,0.6391,0.6399,1.00,1.00
2010.05.06 19:15:45.699,0.63905,0.63965,3.20,1.00
2010.05.06 19:15:46.038,0.63895,0.63965,1.00,1.00
2010.05.06 19:15:46.374,0.63895,0.63965,1.00,1.00
2010.05.06 19:15:47.151,0.63885,0.6395,1.00,1.00
2010.05.06 19:15:47.836,0.63885,0.63955,1.00,1.00
2010.05.06 19:15:48.181,0.63895,0.63965,1.00,1.00
2010.05.06 19:15:48.965,0.63895,0.63985,4.00,1.60
2010.05.06 19:15:49.306,0.63895,0.63985,3.60,1.60
2010.05.06 19:15:49.764,0.6391,0.63985,1.00,1.00
2010.05.06 19:15:50.066,0.63905,0.6399,2.40,1.00
2010.05.06 19:15:50.407,0.6391,0.6399,1.00,1.00
2010.05.06 19:15:51.088,0.6391,0.6399,2.40,1.00
2010.05.06 19:15:51.429,0.63935,0.64025,3.20,1.00
2010.05.06 19:15:51.767,0.63935,0.64025,1.60,3.20
2010.05.06 19:15:52.601,0.6394,0.6402,1.00,1.00
2010.05.06 19:15:52.939,0.63945,0.6402,1.00,1.00
2010.05.06 19:15:53.280,0.63945,0.6403,3.20,1.00
2010.05.06 19:15:54.081,0.63945,0.6403,1.00,1.60
2010.05.06 19:15:54.415,0.63945,0.6403,1.00,2.40
2010.05.06 19:15:54.749,0.63945,0.64035,3.20,3.20
2010.05.06 19:15:55.247,0.63945,0.6403,2.40,1.00
2010.05.06 19:15:55.595,0.6394,0.6402,1.00,1.00
2010.05.06 19:15:55.880,0.6394,0.64025,4.00,1.00
2010.05.06 19:15:56.597,0.63945,0.6402,2.40,1.00
2010.05.06 19:15:56.939,0.6395,0.6403,1.60,1.00
2010.05.06 19:15:57.282,0.6398,0.64035,1.00,1.00
2010.05.06 19:15:58.089,0.63955,0.6403,1.00,1.00
2010.05.06 19:15:58.427,0.63965,0.6403,1.00,1.00
2010.05.06 19:15:59.567,0.63965,0.6403,1.00,1.60
2010.05.06 19:15:59.897,0.6397,0.64035,1.00,1.60
2010.05.06 19:16:00.240,0.63955,0.64025,1.00,1.00
2010.05.06 19:16:01.787,0.63955,0.64015,1.00,1.00
2010.05.06 19:16:02.686,0.63955,0.6402,1.00,2.40
2010.05.06 19:16:03.156,0.63955,0.6402,1.00,1.00
2010.05.06 19:16:03.700,0.63965,0.64025,1.00,1.60
2010.05.06 19:16:04.031,0.6397,0.64035,1.00,1.00
2010.05.06 19:16:04.356,0.63985,0.64035,1.00,1.00
2010.05.06 19:16:04.675,0.63985,0.64045,1.00,3.20
2010.05.06 19:16:05.455,0.6399,0.64065,1.00,3.20
2010.05.06 19:16:06.324,0.6399,0.64065,1.00,1.60
2010.05.06 19:16:06.668,0.64,0.6407,1.00,1.00
2010.05.06 19:16:07.007,0.64,0.64075,1.00,3.20
2010.05.06 19:16:08.148,0.6399,0.64055,1.00,1.00
2010.05.06 19:16:09.713,0.63985,0.64055,1.40,1.00
2010.05.06 19:16:10.049,0.6398,0.64055,1.00,1.50
2010.05.06 19:16:10.390,0.6398,0.6405,1.40,1.00
2010.05.06 19:16:11.229,0.6397,0.64035,1.00,1.00
2010.05.06 19:16:11.567,0.63965,0.6403,1.00,1.00
2010.05.06 19:16:12.708,0.6397,0.64035,1.00,1.00
2010.05.06 19:16:13.048,0.6397,0.6404,1.00,1.00
2010.05.06 19:16:13.880,0.6397,0.64035,1.00,1.00
2010.05.06 19:16:15.246,0.63965,0.64025,1.00,1.00
2010.05.06 19:16:15.936,0.6392,0.63995,3.80,1.00
2010.05.06 19:16:16.146,0.6392,0.6399,1.00,1.00
2010.05.06 19:16:16.486,0.63915,0.6399,3.20,1.00
2010.05.06 19:16:17.288,0.6393,0.64,1.00,1.00
2010.05.06 19:16:17.875,0.6393,0.64,1.00,1.60
2010.05.06 19:16:18.656,0.6392,0.64,1.00,1.60
2010.05.06 19:16:18.856,0.6392,0.63995,1.00,1.00
2010.05.06 19:16:19.037,0.63925,0.64,1.00,1.60
2010.05.06 19:16:20.895,0.63925,0.63995,1.00,1.00
2010.05.06 19:16:22.039,0.63935,0.64,1.00,1.60
2010.05.06 19:16:22.157,0.6394,0.64005,1.00,1.00
2010.05.06 19:16:22.599,0.63935,0.64,1.00,1.00
2010.05.06 19:16:23.236,0.63925,0.6399,1.00,1.00
2010.05.06 19:16:23.575,0.63915,0.64,2.80,1.00
2010.05.06 19:16:23.916,0.63925,0.64,2.40,1.00
2010.05.06 19:16:24.777,0.63925,0.64015,1.00,1.60
2010.05.06 19:16:25.115,0.6392,0.6401,1.00,2.40
2010.05.06 19:16:25.915,0.63915,0.64005,1.00,3.20
2010.05.06 19:16:26.235,0.6391,0.64005,3.20,3.20
2010.05.06 19:16:26.735,0.6391,0.64005,1.60,3.20
2010.05.06 19:16:27.078,0.63915,0.64,2.40,1.00
2010.05.06 19:16:28.156,0.6392,0.64005,1.00,1.60
2010.05.06 19:16:28.488,0.6392,0.6401,3.20,1.00
2010.05.06 19:16:28.816,0.63925,0.6401,1.00,1.00
2010.05.06 19:16:29.580,0.63925,0.63975,1.00,1.00
2010.05.06 19:16:29.913,0.639,0.63975,3.20,1.00
2010.05.06 19:16:30.246,0.63905,0.6398,3.20,1.00
2010.05.06 19:16:30.905,0.6391,0.6398,1.00,1.00
2010.05.06 19:16:31.789,0.63915,0.63985,1.00,1.00
2010.05.06 19:16:31.957,0.63915,0.63985,2.40,1.00
2010.05.06 19:16:32.568,0.6392,0.63995,1.00,1.00
2010.05.06 19:16:32.740,0.6392,0.63995,1.60,1.00
2010.05.06 19:16:33.552,0.63925,0.63995,1.00,1.00
2010.05.06 19:16:33.903,0.63925,0.64005,3.20,1.00
2010.05.06 19:16:34.238,0.6393,0.64005,1.60,1.00
2010.05.06 19:16:35.032,0.6393,0.63995,1.00,1.00
2010.05.06 19:16:35.377,0.6392,0.63995,1.60,1.00
2010.05.06 19:16:36.056,0.6392,0.64,3.20,1.60
2010.05.06 19:16:36.827,0.63925,0.63995,1.00,1.00
2010.05.06 19:16:37.187,0.6393,0.64005,1.60,1.00
2010.05.06 19:16:37.377,0.6393,0.64,1.00,1.00
2010.05.06 19:16:37.568,0.6393,0.64,1.00,1.60
2010.05.06 19:16:38.138,0.63925,0.64,1.00,1.60
2010.05.06 19:16:38.326,0.6392,0.64,3.20,1.60
2010.05.06 19:16:38.668,0.63925,0.64,2.40,1.60
2010.05.06 19:16:39.008,0.63935,0.6401,1.00,1.00
2010.05.06 19:16:39.768,0.6394,0.64015,1.60,1.00
2010.05.06 19:16:43.326,0.63955,0.64025,1.60,1.00
2010.05.06 19:16:43.930,0.63955,0.6402,1.00,1.00
2010.05.06 19:16:44.160,0.6394,0.64015,1.60,1.00
2010.05.06 19:16:46.306,0.6394,0.6401,1.00,1.00
2010.05.06 19:16:47.384,0.6394,0.64015,1.60,1.00
2010.05.06 19:16:47.629,0.63945,0.64015,1.00,1.00
2010.05.06 19:16:47.866,0.63945,0.6402,1.00,1.00
2010.05.06 19:16:48.339,0.63945,0.6404,2.20,1.00
2010.05.06 19:16:48.576,0.63965,0.6405,1.00,3.20
2010.05.06 19:16:48.916,0.63955,0.64045,3.20,2.40
2010.05.06 19:16:49.255,0.6395,0.64045,3.20,3.20
2010.05.06 19:16:49.595,0.6395,0.6404,1.00,1.60
2010.05.06 19:16:50.348,0.63935,0.64025,2.40,1.60
2010.05.06 19:16:50.628,0.63935,0.6402,1.00,1.00
2010.05.06 19:16:50.958,0.6394,0.6403,1.60,3.20
2010.05.06 19:16:51.287,0.63945,0.64035,1.60,3.20
2010.05.06 19:16:52.062,0.63955,0.6404,1.00,1.60
2010.05.06 19:16:52.686,0.63945,0.6403,3.20,1.00
2010.05.06 19:16:53.447,0.63945,0.6403,1.00,3.20
2010.05.06 19:16:53.755,0.63945,0.64025,1.00,1.60
2010.05.06 19:16:54.418,0.63935,0.64025,1.60,3.20
2010.05.06 19:16:58.176,0.63945,0.64035,3.20,1.60
2010.05.06 19:16:59.508,0.63945,0.64035,3.20,1.00
2010.05.06 19:16:59.747,0.6395,0.64035,1.00,1.00
2010.05.06 19:16:59.985,0.6395,0.64035,1.00,3.20
2010.05.06 19:17:00.776,0.6396,0.6403,1.00,1.00
2010.05.06 19:17:01.455,0.6396,0.6405,1.60,1.60
2010.05.06 19:17:04.065,0.6396,0.6405,1.60,3.20
2010.05.06 19:17:05.867,0.6396,0.6405,1.60,1.60
2010.05.06 19:17:09.264,0.63955,0.64045,3.20,1.00
2010.05.06 19:17:10.145,0.6396,0.64045,1.60,1.00
2010.05.06 19:17:10.828,0.6399,0.6405,1.60,1.00
2010.05.06 19:17:11.067,0.64005,0.6407,2.40,1.00
2010.05.06 19:17:11.307,0.64015,0.6407,1.60,1.00
2010.05.06 19:17:11.991,0.6403,0.6407,1.60,1.00
2010.05.06 19:17:12.338,0.64035,0.64105,1.00,1.00
2010.05.06 19:17:13.141,0.64,0.6411,1.60,1.20
2010.05.06 19:17:13.491,0.63995,0.6409,1.20,1.60
2010.05.06 19:17:13.836,0.63995,0.6409,1.80,1.60
2010.05.06 19:17:14.570,0.63995,0.64085,3.00,1.00
2010.05.06 19:17:14.915,0.64005,0.64085,1.00,1.60
2010.05.06 19:17:15.508,0.64005,0.6409,1.00,1.00
2010.05.06 19:17:15.765,0.64,0.6409,1.60,3.20
2010.05.06 19:17:16.468,0.6401,0.641,1.40,3.20
2010.05.06 19:17:16.807,0.6401,0.641,3.80,3.20
2010.05.06 19:17:17.487,0.6401,0.641,3.80,1.00
2010.05.06 19:17:18.280,0.6401,0.6409,3.80,1.00
2010.05.06 19:17:19.211,0.6401,0.6409,1.40,1.00
2010.05.06 19:17:19.668,0.6401,0.64095,2.20,1.60
2010.05.06 19:17:20.458,0.64015,0.641,1.00,1.00
2010.05.06 19:17:20.756,0.64015,0.641,1.00,1.60
2010.05.06 19:17:21.540,0.6402,0.641,1.00,1.60
2010.05.06 19:17:21.877,0.6401,0.6409,1.00,1.00
2010.05.06 19:17:22.218,0.6401,0.641,1.60,3.20
2010.05.06 19:17:23.040,0.6401,0.641,1.60,4.00
2010.05.06 19:17:23.377,0.6401,0.64085,1.60,1.00
2010.05.06 19:17:23.720,0.64,0.64085,1.00,1.00
2010.05.06 19:17:27.036,0.63995,0.64075,2.40,1.00
2010.05.06 19:17:27.216,0.6399,0.64075,1.00,2.40
2010.05.06 19:17:28.019,0.6399,0.64075,2.20,1.00
2010.05.06 19:17:28.358,0.6399,0.6408,2.20,1.00
2010.05.06 19:17:28.806,0.64,0.64085,1.00,1.00
2010.05.06 19:17:29.035,0.64,0.64085,1.00,1.60
2010.05.06 19:17:29.615,0.64,0.64085,3.20,1.00
2010.05.06 19:17:29.881,0.64005,0.6409,1.00,1.00
2010.05.06 19:17:30.147,0.6401,0.64095,1.00,1.60
2010.05.06 19:17:30.416,0.64015,0.641,3.20,1.00
2010.05.06 19:17:30.687,0.6402,0.64105,1.00,1.60
2010.05.06 19:17:33.977,0.64015,0.64105,1.60,1.60
2010.05.06 19:17:35.102,0.6402,0.64105,1.00,1.00
2010.05.06 19:17:35.449,0.64025,0.6411,1.00,1.00
2010.05.06 19:17:36.272,0.64025,0.64115,3.20,2.40
2010.05.06 19:17:36.619,0.64025,0.64115,3.20,1.60
2010.05.06 19:17:37.661,0.6403,0.64115,3.20,1.00
2010.05.06 19:17:37.910,0.6403,0.64115,1.60,1.00
2010.05.06 19:17:38.407,0.64035,0.6412,1.00,1.00
2010.05.06 19:17:38.945,0.64035,0.6412,1.60,1.60
2010.05.06 19:17:39.419,0.64035,0.6412,3.20,1.60
2010.05.06 19:17:39.720,0.64035,0.64125,3.20,3.20
2010.05.06 19:17:39.974,0.64035,0.6412,3.20,1.00
2010.05.06 19:17:40.229,0.64035,0.64125,3.20,3.20
2010.05.06 19:17:41.200,0.6404,0.64125,1.00,1.00
2010.05.06 19:17:41.522,0.6404,0.6413,3.20,2.40
2010.05.06 19:17:41.847,0.6404,0.6413,3.20,1.60
2010.05.06 19:17:42.166,0.6404,0.6413,3.20,3.20
2010.05.06 19:17:42.720,0.6404,0.6413,3.20,1.60
2010.05.06 19:17:43.057,0.64045,0.64135,3.20,2.40
2010.05.06 19:17:43.144,0.64045,0.64135,3.20,1.60
2010.05.06 19:17:43.386,0.64045,0.64135,3.20,2.40
2010.05.06 19:17:43.734,0.64045,0.64135,3.20,1.60
2010.05.06 19:17:43.975,0.64045,0.6413,3.20,1.00
2010.05.06 19:17:44.925,0.6404,0.64125,1.60,1.00
2010.05.06 19:17:45.268,0.6404,0.64125,4.00,1.00
2010.05.06 19:17:45.530,0.6405,0.64135,1.00,1.60
2010.05.06 19:17:46.145,0.6405,0.64135,1.40,1.00
2010.05.06 19:17:46.414,0.6406,0.6414,1.00,1.00
2010.05.06 19:17:47.186,0.64065,0.64145,1.00,1.00
2010.05.06 19:17:47.500,0.6407,0.64145,1.00,1.00
2010.05.06 19:17:47.839,0.64065,0.6415,1.00,3.20
2010.05.06 19:17:48.302,0.6406,0.6415,2.20,3.20
2010.05.06 19:17:48.651,0.64075,0.6415,1.00,1.00
2010.05.06 19:17:49.225,0.64075,0.64155,1.00,3.20
2010.05.06 19:17:50.287,0.64065,0.64155,4.80,3.20
2010.05.06 19:17:50.597,0.6407,0.64155,1.00,3.20
2010.05.06 19:17:50.907,0.64075,0.6415,1.00,1.00
2010.05.06 19:17:51.680,0.64075,0.6416,1.00,3.20
2010.05.06 19:17:53.666,0.64075,0.64155,1.00,1.00
2010.05.06 19:17:54.005,0.64075,0.6416,1.00,3.20
2010.05.06 19:17:54.750,0.64075,0.6416,1.00,1.60
2010.05.06 19:17:55.096,0.6408,0.6417,2.20,1.60
2010.05.06 19:17:55.427,0.6408,0.6417,3.80,1.60
2010.05.06 19:17:55.767,0.64125,0.6418,1.00,1.00
2010.05.06 19:17:56.344,0.64125,0.64185,1.00,1.60
2010.05.06 19:17:56.703,0.64125,0.6419,1.00,2.40
2010.05.06 19:17:57.050,0.64135,0.64195,1.00,1.60
2010.05.06 19:17:57.387,0.64125,0.6419,1.00,1.00
2010.05.06 19:17:58.048,0.6413,0.6419,1.00,1.00
2010.05.06 19:17:58.269,0.64145,0.642,1.00,1.60
2010.05.06 19:17:58.487,0.64145,0.642,1.00,1.00
2010.05.06 19:17:59.458,0.6415,0.642,1.00,1.00
2010.05.06 19:18:00.137,0.64145,0.64205,1.00,1.00
2010.05.06 19:18:01.279,0.64155,0.64205,1.00,1.00
2010.05.06 19:18:01.927,0.64145,0.64205,1.00,1.00
2010.05.06 19:18:02.231,0.64145,0.6421,1.00,1.00
2010.05.06 19:18:02.529,0.64155,0.64215,1.00,3.20
2010.05.06 19:18:04.056,0.64155,0.6421,1.00,1.00
2010.05.06 19:18:04.685,0.64155,0.6421,1.00,1.60
2010.05.06 19:18:04.998,0.64165,0.64215,1.00,1.00
2010.05.06 19:18:06.668,0.64165,0.6422,1.00,3.20
2010.05.06 19:18:07.480,0.64165,0.64215,1.00,1.00
2010.05.06 19:18:07.818,0.64175,0.6422,1.00,1.00
2010.05.06 19:18:08.596,0.64165,0.6422,1.00,1.00
2010.05.06 19:18:08.899,0.64175,0.64225,1.00,1.00
2010.05.06 19:18:09.510,0.64175,0.64225,1.00,3.20
2010.05.06 19:18:10.300,0.64165,0.6422,1.00,2.40
2010.05.06 19:18:10.587,0.64165,0.64215,1.00,1.00
2010.05.06 19:18:10.877,0.64175,0.64215,1.00,1.00
2010.05.06 19:18:11.630,0.6417,0.6422,1.00,1.00
2010.05.06 19:18:11.967,0.6418,0.6422,1.00,1.00
2010.05.06 19:18:12.307,0.64185,0.64245,1.00,1.60
2010.05.06 19:18:13.159,0.6419,0.6425,1.00,1.00
2010.05.06 19:18:13.496,0.64195,0.6425,1.00,1.00
2010.05.06 19:18:13.706,0.6419,0.6425,1.00,1.60
2010.05.06 19:18:14.216,0.6419,0.6425,1.00,3.20
2010.05.06 19:18:14.435,0.642,0.6425,1.00,1.00
2010.05.06 19:18:15.107,0.64215,0.6425,1.00,1.00
2010.05.06 19:18:15.450,0.64215,0.6427,1.00,1.60
2010.05.06 19:18:15.788,0.64225,0.6427,1.00,1.00
2010.05.06 19:18:16.588,0.64225,0.64275,1.00,3.20
2010.05.06 19:18:17.266,0.64215,0.64275,1.00,3.20
2010.05.06 19:18:18.090,0.64205,0.6427,1.00,3.20
2010.05.06 19:18:18.290,0.64215,0.6427,1.00,1.00
2010.05.06 19:18:18.488,0.64205,0.64265,1.00,2.40
2010.05.06 19:18:19.297,0.6419,0.6425,1.00,1.00
2010.05.06 19:18:19.636,0.64185,0.64245,1.00,2.40
2010.05.06 19:18:20.424,0.64185,0.6424,1.00,1.00
2010.05.06 19:18:21.107,0.642,0.6424,1.00,1.00
2010.05.06 19:18:21.907,0.64185,0.64245,1.00,1.00
2010.05.06 19:18:22.237,0.64195,0.6425,1.00,1.00
2010.05.06 19:18:22.567,0.64185,0.6425,1.00,1.60
2010.05.06 19:18:23.387,0.64175,0.6423,1.00,1.00
2010.05.06 19:18:23.727,0.6417,0.6423,1.00,1.00
2010.05.06 19:18:23.936,0.64175,0.64245,1.00,1.00
2010.05.06 19:18:24.636,0.6417,0.6424,1.00,1.00
2010.05.06 19:18:24.838,0.6417,0.64245,1.00,1.70
2010.05.06 19:18:26.014,0.64165,0.6424,1.00,1.00
2010.05.06 19:18:26.309,0.64165,0.64235,1.00,1.50
2010.05.06 19:18:27.062,0.64165,0.64235,1.00,3.90
2010.05.06 19:18:27.416,0.642,0.64225,1.00,1.00
2010.05.06 19:18:28.520,0.6419,0.64265,1.00,1.00
2010.05.06 19:18:29.679,0.64195,0.6427,1.00,1.00
2010.05.06 19:18:30.018,0.64195,0.6427,1.00,1.00
2010.05.06 19:18:30.359,0.64195,0.64265,1.00,1.00
2010.05.06 19:18:31.147,0.6418,0.6426,1.00,1.40
2010.05.06 19:18:31.486,0.6418,0.6425,1.00,1.00
2010.05.06 19:18:32.205,0.64165,0.64245,1.00,1.40
2010.05.06 19:18:32.529,0.64165,0.64235,1.00,1.00
2010.05.06 19:18:32.848,0.64155,0.6423,1.00,1.00
2010.05.06 19:18:33.598,0.64155,0.6423,1.00,1.60
2010.05.06 19:18:33.836,0.6416,0.6423,1.00,1.40
2010.05.06 19:18:34.076,0.6416,0.6423,1.00,1.00
2010.05.06 19:18:34.850,0.6412,0.64205,1.00,1.40
2010.05.06 19:18:35.186,0.6412,0.6419,1.00,1.00
2010.05.06 19:18:36.258,0.641,0.6419,1.00,1.00
2010.05.06 19:18:37.689,0.64105,0.64205,1.00,1.60
2010.05.06 19:18:38.027,0.641,0.642,1.40,1.00
2010.05.06 19:18:38.368,0.64115,0.6421,1.00,1.60
2010.05.06 19:18:39.172,0.64115,0.64205,1.00,1.00
2010.05.06 19:18:39.518,0.64115,0.6421,1.00,1.00
2010.05.06 19:18:39.806,0.64115,0.64205,1.00,1.00
2010.05.06 19:18:40.866,0.641,0.642,1.40,1.00
2010.05.06 19:18:41.189,0.641,0.64195,1.00,1.00
2010.05.06 19:18:41.968,0.6411,0.64195,1.00,1.00
2010.05.06 19:18:42.285,0.6411,0.642,1.40,1.00
2010.05.06 19:18:43.368,0.64115,0.64205,1.00,1.00
2010.05.06 19:18:44.720,0.6411,0.64195,1.00,1.00
2010.05.06 19:18:45.297,0.64115,0.6421,1.00,2.20
2010.05.06 19:18:45.769,0.6412,0.6421,1.00,1.60
2010.05.06 19:18:46.108,0.64115,0.6421,1.00,1.00
2010.05.06 19:18:46.446,0.64115,0.64205,1.00,1.00
2010.05.06 19:18:47.287,0.6411,0.642,1.40,1.00
2010.05.06 19:18:47.626,0.6412,0.642,1.00,1.00
2010.05.06 19:18:47.967,0.6412,0.64205,1.00,1.00
2010.05.06 19:18:48.756,0.64115,0.64205,1.00,1.00
2010.05.06 19:18:50.189,0.64115,0.6421,1.00,1.00
2010.05.06 19:18:50.515,0.64115,0.64205,1.00,1.00
2010.05.06 19:18:50.835,0.64115,0.6421,1.00,1.00
2010.05.06 19:18:51.576,0.64095,0.64195,1.40,1.00
2010.05.06 19:18:51.867,0.64095,0.6419,1.00,3.60
2010.05.06 19:18:52.485,0.64095,0.6418,1.00,1.00
2010.05.06 19:18:52.822,0.6409,0.64185,1.00,1.00
2010.05.06 19:18:53.167,0.641,0.64185,1.00,1.00
2010.05.06 19:18:54.012,0.64085,0.6418,1.00,1.00
2010.05.06 19:18:54.360,0.641,0.64185,1.00,1.20
2010.05.06 19:18:55.146,0.64095,0.64185,1.00,1.20
2010.05.06 19:18:55.397,0.6408,0.64185,1.00,1.60
2010.05.06 19:18:57.736,0.64075,0.64175,1.00,1.00
2010.05.06 19:18:58.095,0.64065,0.64165,1.00,3.20
2010.05.06 19:18:58.439,0.64065,0.6416,1.00,1.00
2010.05.06 19:18:59.434,0.64065,0.64165,1.00,1.60
2010.05.06 19:18:59.747,0.64055,0.64145,1.00,1.00
2010.05.06 19:19:00.057,0.64045,0.64125,1.00,1.00
2010.05.06 19:19:00.837,0.64055,0.6413,1.00,1.00
2010.05.06 19:19:01.178,0.6404,0.64115,1.00,1.00
2010.05.06 19:19:02.315,0.64015,0.641,1.20,1.00
2010.05.06 19:19:02.550,0.63995,0.6411,1.00,2.40
2010.05.06 19:19:02.775,0.63995,0.6411,1.00,1.00
2010.05.06 19:19:03.647,0.63985,0.64085,1.00,1.20
2010.05.06 19:19:03.985,0.63965,0.6408,1.20,1.00
2010.05.06 19:19:04.326,0.63975,0.6408,1.00,1.00
2010.05.06 19:19:04.904,0.63985,0.64075,1.00,1.00
2010.05.06 19:19:05.254,0.64,0.64095,1.00,1.00
2010.05.06 19:19:05.597,0.64,0.641,1.40,1.00
2010.05.06 19:19:06.317,0.6401,0.641,1.00,1.00
2010.05.06 19:19:06.606,0.6401,0.6411,1.00,1.60
2010.05.06 19:19:06.906,0.64015,0.6411,1.00,1.60
2010.05.06 19:19:07.196,0.64015,0.64105,1.00,1.00
2010.05.06 19:19:07.914,0.64,0.6409,1.00,1.00
2010.05.06 19:19:08.248,0.63995,0.64095,1.00,1.60
2010.05.06 19:19:08.895,0.63995,0.64095,1.00,2.40
2010.05.06 19:19:09.657,0.63995,0.6409,1.00,1.00
2010.05.06 19:19:11.179,0.63995,0.64095,1.00,1.60
2010.05.06 19:19:12.559,0.63995,0.6407,1.00,1.00
2010.05.06 19:19:12.847,0.63995,0.64065,1.00,1.00
2010.05.06 19:19:13.139,0.64,0.6407,1.00,1.00
2010.05.06 19:19:14.396,0.6398,0.64055,1.00,1.00
2010.05.06 19:19:14.657,0.6398,0.6406,1.00,1.00
2010.05.06 19:19:15.356,0.6398,0.64055,1.00,1.00
2010.05.06 19:19:15.686,0.63975,0.6405,1.00,1.00
2010.05.06 19:19:16.906,0.6398,0.64055,1.00,1.00
2010.05.06 19:19:18.397,0.63975,0.6405,1.00,1.00
2010.05.06 19:19:18.746,0.63955,0.6404,1.00,1.00
2010.05.06 19:19:19.231,0.63945,0.64045,1.00,1.00
2010.05.06 19:19:19.412,0.63945,0.64015,1.00,1.00
2010.05.06 19:19:19.758,0.63935,0.64015,1.40,1.20
2010.05.06 19:19:20.514,0.63935,0.64015,1.00,1.00
2010.05.06 19:19:20.830,0.6394,0.6401,1.00,1.00
2010.05.06 19:19:21.137,0.6393,0.64,1.00,1.00
2010.05.06 19:19:21.977,0.6393,0.64005,1.00,1.00
2010.05.06 19:19:22.322,0.63935,0.64,1.00,1.00
2010.05.06 19:19:23.118,0.63935,0.6405,1.40,1.20
2010.05.06 19:19:23.459,0.6394,0.6404,1.00,1.60
2010.05.06 19:19:23.798,0.6395,0.64055,1.00,1.00
2010.05.06 19:19:24.056,0.6395,0.6405,1.00,1.00
2010.05.06 19:19:24.317,0.6396,0.6405,1.00,1.00
2010.05.06 19:19:25.038,0.63935,0.6404,1.00,1.00
2010.05.06 19:19:25.379,0.63935,0.6403,1.00,1.00
2010.05.06 19:19:26.194,0.6394,0.6401,1.00,1.00
2010.05.06 19:19:26.500,0.6392,0.6399,1.00,1.00
2010.05.06 19:19:27.265,0.6391,0.63975,1.00,1.00
2010.05.06 19:19:27.607,0.63905,0.6398,1.00,1.00
2010.05.06 19:19:28.286,0.6391,0.6399,1.00,1.00
2010.05.06 19:19:29.096,0.63905,0.6398,1.00,1.00
2010.05.06 19:19:30.469,0.63925,0.63995,1.00,1.00
2010.05.06 19:19:30.727,0.63925,0.63995,1.00,1.00
2010.05.06 19:19:30.987,0.63925,0.63995,1.00,1.00
2010.05.06 19:19:31.720,0.6393,0.63995,1.00,1.00
2010.05.06 19:19:32.017,0.6393,0.64,1.00,1.00
2010.05.06 19:19:33.570,0.6393,0.63995,1.00,1.00
2010.05.06 19:19:33.908,0.63935,0.63995,1.00,1.00
2010.05.06 19:19:34.107,0.63935,0.64,1.00,1.00
2010.05.06 19:19:34.307,0.6393,0.63995,1.00,1.00
2010.05.06 19:19:36.733,0.63925,0.63995,1.00,1.00
2010.05.06 19:19:37.030,0.63925,0.63975,1.00,1.00
2010.05.06 19:19:37.526,0.63925,0.6398,1.00,1.00
2010.05.06 19:19:38.163,0.63925,0.63975,1.00,1.00
2010.05.06 19:19:38.485,0.6398,0.6403,1.00,1.60
2010.05.06 19:19:38.798,0.6398,0.6403,1.00,1.30
2010.05.06 19:19:39.573,0.6398,0.6403,1.00,1.00
2010.05.06 19:19:39.869,0.63975,0.64035,1.00,1.00
2010.05.06 19:19:40.920,0.63975,0.6403,1.00,1.00
2010.05.06 19:19:41.597,0.6397,0.6402,1.00,1.00
2010.05.06 19:19:42.394,0.6397,0.6401,1.00,1.00
2010.05.06 19:19:42.746,0.6398,0.64025,1.00,1.00
2010.05.06 19:19:43.358,0.6399,0.6404,1.00,1.00
2010.05.06 19:19:44.268,0.6399,0.6403,1.00,1.00
2010.05.06 19:19:44.577,0.6398,0.6402,1.00,1.00
2010.05.06 19:19:45.399,0.63955,0.63995,1.00,1.00
2010.05.06 19:19:45.669,0.63945,0.63985,1.00,1.00
2010.05.06 19:19:46.185,0.63945,0.6398,1.00,1.00
2010.05.06 19:19:46.539,0.6393,0.63985,1.00,1.00
2010.05.06 19:19:47.678,0.6393,0.6399,1.00,1.00
2010.05.06 19:19:48.017,0.6394,0.6399,1.00,1.00
2010.05.06 19:19:48.358,0.6395,0.6399,1.00,1.00
2010.05.06 19:19:49.460,0.63915,0.6398,1.40,1.00
2010.05.06 19:19:49.737,0.63915,0.63975,1.00,1.00
2010.05.06 19:19:50.436,0.63915,0.6398,1.00,1.00
2010.05.06 19:19:50.676,0.639,0.63955,1.00,1.00
2010.05.06 19:19:50.916,0.639,0.63965,1.00,1.00
2010.05.06 19:19:51.670,0.63905,0.63965,1.00,1.00
2010.05.06 19:19:52.007,0.639,0.63965,1.00,1.00
2010.05.06 19:19:52.349,0.639,0.6396,1.00,1.00
2010.05.06 19:19:53.196,0.639,0.63965,1.00,1.00
2010.05.06 19:19:53.530,0.6389,0.6396,1.00,1.00
2010.05.06 19:19:54.289,0.6389,0.6395,1.00,1.00
2010.05.06 19:19:54.620,0.639,0.63965,1.00,1.00
2010.05.06 19:19:54.957,0.639,0.63945,1.00,1.00
2010.05.06 19:19:56.098,0.639,0.6396,1.00,1.00
2010.05.06 19:19:56.871,0.639,0.63945,1.00,1.00
2010.05.06 19:19:57.193,0.63895,0.63935,1.00,1.00
2010.05.06 19:19:57.540,0.63885,0.6395,1.00,1.00
2010.05.06 19:19:58.142,0.63875,0.6395,1.00,1.00
2010.05.06 19:19:58.490,0.63885,0.6392,1.00,1.00
2010.05.06 19:19:58.830,0.63855,0.63895,1.00,1.00
2010.05.06 19:19:59.447,0.6385,0.63895,1.10,1.00
2010.05.06 19:19:59.699,0.6386,0.639,1.00,1.00
2010.05.06 19:19:59.946,0.6385,0.63905,1.00,1.00
2010.05.06 19:20:00.597,0.6386,0.6391,1.00,1.00
2010.05.06 19:20:00.941,0.6386,0.63905,1.00,1.00
2010.05.06 19:20:01.278,0.6386,0.639,1.00,1.00
2010.05.06 19:20:02.267,0.6385,0.6391,1.00,1.00
2010.05.06 19:20:02.608,0.63825,0.6389,1.00,1.00
2010.05.06 19:20:03.100,0.63825,0.6389,1.00,2.00
2010.05.06 19:20:03.439,0.63805,0.63905,1.00,1.00
2010.05.06 19:20:03.776,0.6381,0.63905,4.40,1.00
2010.05.06 19:20:04.116,0.63815,0.6393,1.60,1.00
2010.05.06 19:20:04.583,0.63815,0.63935,3.20,1.00
2010.05.06 19:20:04.929,0.6382,0.6393,1.00,1.00
2010.05.06 19:20:05.605,0.6382,0.6392,1.20,1.00
2010.05.06 19:20:05.948,0.6382,0.6393,1.00,1.00
2010.05.06 19:20:06.458,0.6382,0.63925,1.20,1.00
2010.05.06 19:20:06.618,0.6382,0.63915,1.00,1.00
2010.05.06 19:20:06.780,0.6382,0.63925,1.00,1.00
2010.05.06 19:20:06.936,0.63815,0.63925,1.00,1.00
2010.05.06 19:20:07.538,0.6382,0.63935,1.60,1.00
2010.05.06 19:20:07.876,0.63825,0.63935,1.00,1.00
2010.05.06 19:20:08.219,0.63815,0.6392,1.00,1.00
2010.05.06 19:20:09.309,0.63805,0.63885,1.00,1.00
2010.05.06 19:20:09.597,0.638,0.63885,1.40,1.00
2010.05.06 19:20:10.417,0.63795,0.6384,1.00,1.00
2010.05.06 19:20:10.758,0.6379,0.63845,1.00,1.00
2010.05.06 19:20:11.573,0.6379,0.6384,1.00,1.00
2010.05.06 19:20:11.921,0.6379,0.63845,1.00,1.00
2010.05.06 19:20:12.977,0.63785,0.6383,1.00,1.00
2010.05.06 19:20:13.276,0.63805,0.6385,1.00,1.00
2010.05.06 19:20:13.539,0.63815,0.63875,1.00,1.00
2010.05.06 19:20:14.263,0.6378,0.6385,1.00,1.00
2010.05.06 19:20:14.549,0.63775,0.63815,1.30,1.00
2010.05.06 19:20:14.838,0.63775,0.63815,1.00,1.00
2010.05.06 19:20:15.849,0.6378,0.63825,1.00,1.00
2010.05.06 19:20:16.177,0.63775,0.63815,1.00,1.00
2010.05.06 19:20:16.506,0.63765,0.63815,1.00,1.00
2010.05.06 19:20:17.298,0.63765,0.6381,1.00,1.00
2010.05.06 19:20:17.639,0.63765,0.63815,1.00,1.00
2010.05.06 19:20:18.389,0.6378,0.63825,1.00,1.00
2010.05.06 19:20:19.017,0.63765,0.63815,1.00,1.00
2010.05.06 19:20:19.336,0.63765,0.6381,1.00,1.00
2010.05.06 19:20:20.207,0.63755,0.63805,1.00,1.00
2010.05.06 19:20:20.526,0.63725,0.63795,1.00,2.00
2010.05.06 19:20:21.223,0.6371,0.63795,2.00,1.00
2010.05.06 19:20:21.568,0.63755,0.6383,1.00,1.00
2010.05.06 19:20:21.911,0.63755,0.63825,1.00,1.00
2010.05.06 19:20:22.998,0.6376,0.6383,1.00,1.40
2010.05.06 19:20:24.111,0.6375,0.63795,1.00,1.00
2010.05.06 19:20:24.677,0.6374,0.6379,1.00,1.00
2010.05.06 19:20:25.462,0.63745,0.6379,1.00,1.00
2010.05.06 19:20:25.742,0.6374,0.6379,1.00,1.00
2010.05.06 19:20:26.021,0.63735,0.63785,1.00,1.00
2010.05.06 19:20:26.761,0.63735,0.63785,1.00,1.00
2010.05.06 19:20:27.104,0.6375,0.638,1.00,1.00
2010.05.06 19:20:28.276,0.6377,0.6382,1.00,1.00
2010.05.06 19:20:28.623,0.63785,0.6383,1.00,1.00
2010.05.06 19:20:29.432,0.63785,0.6383,1.00,1.60
2010.05.06 19:20:29.780,0.63785,0.63835,1.00,1.00
2010.05.06 19:20:30.880,0.63785,0.63845,1.00,1.00
2010.05.06 19:20:31.219,0.6381,0.6385,1.00,1.00
2010.05.06 19:20:31.496,0.63815,0.6386,1.00,1.00
2010.05.06 19:20:31.769,0.6382,0.63865,1.00,1.00
2010.05.06 19:20:32.521,0.63825,0.63865,1.00,1.00
2010.05.06 19:20:32.817,0.6383,0.6387,1.00,1.00
2010.05.06 19:20:33.117,0.6382,0.63855,1.00,1.00
2010.05.06 19:20:33.685,0.6381,0.63855,1.00,1.00
2010.05.06 19:20:33.980,0.63815,0.63855,1.00,1.00
2010.05.06 19:20:34.937,0.6384,0.6387,1.00,1.00
2010.05.06 19:20:35.757,0.6385,0.639,1.00,1.00
2010.05.06 19:20:36.097,0.63825,0.6387,1.00,1.00
2010.05.06 19:20:36.794,0.6382,0.63865,1.00,1.00
2010.05.06 19:20:37.108,0.6385,0.6389,1.00,1.00
2010.05.06 19:20:37.737,0.6384,0.63885,1.00,1.00
2010.05.06 19:20:38.460,0.63845,0.63885,1.00,1.00
2010.05.06 19:20:38.807,0.63845,0.6388,1.00,1.00
2010.05.06 19:20:39.151,0.6385,0.63885,1.00,1.00
2010.05.06 19:20:40.017,0.6384,0.63885,1.00,1.00
2010.05.06 19:20:40.226,0.6384,0.63875,1.00,1.00
2010.05.06 19:20:40.566,0.6384,0.6388,1.00,1.00
2010.05.06 19:20:41.061,0.6384,0.63875,1.00,1.00
2010.05.06 19:20:41.397,0.63825,0.63875,1.00,1.00
2010.05.06 19:20:41.739,0.63825,0.63865,1.00,1.00
2010.05.06 19:20:42.528,0.63815,0.6386,1.00,1.00
2010.05.06 19:20:42.868,0.6382,0.6386,1.00,1.00
2010.05.06 19:20:43.967,0.63815,0.6386,1.00,1.00
2010.05.06 19:20:44.218,0.63815,0.63855,1.00,1.00
2010.05.06 19:20:44.944,0.6381,0.63845,1.00,1.00
2010.05.06 19:20:45.289,0.6382,0.6386,1.00,1.00
2010.05.06 19:20:46.069,0.6383,0.63865,1.00,1.00
2010.05.06 19:20:46.400,0.6379,0.63835,1.00,1.00
2010.05.06 19:20:47.494,0.638,0.63835,1.00,1.00
2010.05.06 19:20:48.177,0.6378,0.63825,1.00,1.00
2010.05.06 19:20:48.459,0.6377,0.6382,1.00,1.00
2010.05.06 19:20:49.205,0.63765,0.6382,1.00,1.00
2010.05.06 19:20:50.376,0.63765,0.63815,1.00,1.00
2010.05.06 19:20:50.698,0.6377,0.63815,1.00,1.00
2010.05.06 19:20:51.028,0.63765,0.6381,1.00,1.00
2010.05.06 19:20:52.139,0.6375,0.638,1.00,1.00
2010.05.06 19:20:52.481,0.6374,0.638,1.00,1.00
2010.05.06 19:20:53.276,0.63745,0.6379,1.00,1.00
2010.05.06 19:20:53.626,0.6374,0.6379,1.00,1.00
2010.05.06 19:20:53.970,0.6375,0.63795,1.00,1.00
2010.05.06 19:20:55.446,0.6375,0.638,1.00,1.00
2010.05.06 19:20:56.278,0.63735,0.63785,1.00,1.00
2010.05.06 19:20:58.227,0.63735,0.6379,1.00,1.00
2010.05.06 19:20:59.038,0.63735,0.63785,1.00,1.00
2010.05.06 19:21:00.826,0.6375,0.638,1.00,1.00
2010.05.06 19:21:01.600,0.63745,0.63775,1.00,1.00
2010.05.06 19:21:01.875,0.6374,0.63775,1.00,1.00
2010.05.06 19:21:03.907,0.63745,0.63775,1.00,1.00
2010.05.06 19:21:04.542,0.6374,0.63775,1.00,1.00
2010.05.06 19:21:05.078,0.6374,0.6377,1.00,1.00
2010.05.06 19:21:05.369,0.6374,0.63775,1.00,1.00
2010.05.06 19:21:06.098,0.6373,0.6377,1.00,1.00
2010.05.06 19:21:06.437,0.63735,0.63765,1.00,1.00
2010.05.06 19:21:08.156,0.63735,0.6377,1.00,1.00
2010.05.06 19:21:08.948,0.63725,0.63755,1.00,1.00
2010.05.06 19:21:09.267,0.6373,0.6376,1.00,1.00
2010.05.06 19:21:10.243,0.6372,0.6375,1.00,1.00
2010.05.06 19:21:10.591,0.63735,0.6378,1.00,1.00
2010.05.06 19:21:10.930,0.6374,0.63775,1.00,1.00
2010.05.06 19:21:11.594,0.63745,0.6377,1.00,1.00
2010.05.06 19:21:11.951,0.6373,0.6376,1.00,1.00
2010.05.06 19:21:13.069,0.63725,0.63755,1.00,1.00
2010.05.06 19:21:13.407,0.63725,0.6375,1.00,1.00
2010.05.06 19:21:14.254,0.63695,0.63725,1.00,1.00
2010.05.06 19:21:14.506,0.63675,0.6378,1.00,2.40
2010.05.06 19:21:14.756,0.63675,0.63725,1.00,1.00
2010.05.06 19:21:15.499,0.6356,0.63715,1.00,1.00
2010.05.06 19:21:15.837,0.6356,0.6366,1.00,1.00
2010.05.06 19:21:16.176,0.63585,0.63665,1.00,1.60
2010.05.06 19:21:16.959,0.63555,0.6368,1.00,1.00
2010.05.06 19:21:17.277,0.6356,0.63685,1.00,1.00
2010.05.06 19:21:18.029,0.6355,0.6369,1.00,1.00
2010.05.06 19:21:18.346,0.6355,0.63685,2.80,2.40
2010.05.06 19:21:18.726,0.63555,0.63685,1.00,3.20
2010.05.06 19:21:19.217,0.63555,0.6368,1.00,1.00
2010.05.06 19:21:19.559,0.6357,0.6369,1.60,1.00
2010.05.06 19:21:20.331,0.63575,0.6367,1.00,1.00
2010.05.06 19:21:20.660,0.63555,0.63685,1.00,1.00
2010.05.06 19:21:21.315,0.63555,0.63685,1.00,3.20
2010.05.06 19:21:21.812,0.6359,0.63685,1.60,3.20
2010.05.06 19:21:22.159,0.6359,0.6368,2.40,1.00
2010.05.06 19:21:22.504,0.6359,0.63685,1.60,1.00
2010.05.06 19:21:23.506,0.63595,0.6368,1.00,1.00
2010.05.06 19:21:23.756,0.63585,0.6371,1.00,1.00
2010.05.06 19:21:24.015,0.63575,0.6371,1.00,1.60
2010.05.06 19:21:24.732,0.63585,0.6367,1.00,1.00
2010.05.06 19:21:25.069,0.63595,0.63675,1.00,1.00
2010.05.06 19:21:25.900,0.6358,0.6367,1.60,1.00
2010.05.06 19:21:26.239,0.63615,0.6367,1.00,1.00
2010.05.06 19:21:27.021,0.63615,0.63665,1.00,1.00
2010.05.06 19:21:27.366,0.6364,0.63675,1.00,1.00
2010.05.06 19:21:28.461,0.6363,0.6366,1.00,1.00
2010.05.06 19:21:28.783,0.63595,0.63655,1.00,1.00
2010.05.06 19:21:29.216,0.63595,0.6365,1.00,1.00
2010.05.06 19:21:30.198,0.63585,0.6365,1.00,1.00
2010.05.06 19:21:30.496,0.63595,0.63645,1.00,1.00
2010.05.06 19:21:31.537,0.6359,0.6364,1.00,1.00
2010.05.06 19:21:31.866,0.63595,0.63645,1.00,1.00
2010.05.06 19:21:32.751,0.63595,0.6363,1.00,1.00
2010.05.06 19:21:33.911,0.6359,0.6363,1.00,1.00
2010.05.06 19:21:34.189,0.63615,0.6366,1.00,1.00
2010.05.06 19:21:34.471,0.63625,0.63665,1.00,1.00
2010.05.06 19:21:35.499,0.6364,0.6366,1.00,1.00
2010.05.06 19:21:35.837,0.6364,0.63685,1.00,1.00
2010.05.06 19:21:36.667,0.6365,0.63685,1.00,1.00
2010.05.06 19:21:37.007,0.6364,0.6369,1.00,1.00
2010.05.06 19:21:37.347,0.6364,0.6369,1.00,1.00
2010.05.06 19:21:38.150,0.63635,0.6369,1.00,1.00
2010.05.06 19:21:38.487,0.6364,0.63695,1.00,1.00
2010.05.06 19:21:38.996,0.63635,0.63695,1.00,1.00
2010.05.06 19:21:39.323,0.6362,0.6368,1.00,1.00
2010.05.06 19:21:39.650,0.6362,0.6367,1.00,1.00
2010.05.06 19:21:40.423,0.6362,0.63675,1.00,1.00
2010.05.06 19:21:40.740,0.6363,0.6368,1.00,1.00
2010.05.06 19:21:41.309,0.63615,0.63665,1.00,1.00
2010.05.06 19:21:42.698,0.6362,0.63665,1.00,1.00
2010.05.06 19:21:44.097,0.6364,0.63665,1.00,1.00
2010.05.06 19:21:44.982,0.6365,0.63725,1.00,1.00
2010.05.06 19:21:45.331,0.6363,0.6373,1.00,1.00
2010.05.06 19:21:45.671,0.63645,0.6375,1.00,1.00
2010.05.06 19:21:46.464,0.6367,0.63715,1.00,1.00
2010.05.06 19:21:47.147,0.6367,0.6371,1.00,1.00
2010.05.06 19:21:47.979,0.63645,0.63695,1.00,1.00
2010.05.06 19:21:48.216,0.6364,0.63695,1.00,1.00
2010.05.06 19:21:48.446,0.63645,0.637,1.00,1.00
2010.05.06 19:21:49.159,0.6365,0.6371,1.00,1.00
2010.05.06 19:21:49.836,0.63655,0.63715,1.00,1.00
2010.05.06 19:21:50.649,0.63645,0.63695,1.00,1.00
2010.05.06 19:21:50.968,0.63645,0.63705,1.00,1.00
2010.05.06 19:21:52.107,0.63655,0.6371,1.00,1.00
2010.05.06 19:21:53.270,0.6364,0.63705,1.00,1.00
2010.05.06 19:21:55.046,0.6364,0.6371,1.00,1.00
2010.05.06 19:21:55.851,0.6364,0.637,1.00,1.00
2010.05.06 19:21:56.589,0.6364,0.63715,1.40,1.00
2010.05.06 19:21:57.412,0.6365,0.6375,1.80,1.00
2010.05.06 19:21:57.760,0.63675,0.63745,1.00,1.00
2010.05.06 19:21:58.100,0.6366,0.6373,1.00,1.00
2010.05.06 19:21:58.903,0.63675,0.6374,1.00,1.00
2010.05.06 19:21:59.248,0.63685,0.6375,1.00,1.00
2010.05.06 19:21:59.993,0.63685,0.63745,1.00,1.00
2010.05.06 19:22:00.248,0.6369,0.63745,1.00,1.00
2010.05.06 19:22:01.376,0.6367,0.63735,1.00,1.00
2010.05.06 19:22:01.707,0.6368,0.6374,1.00,1.00
2010.05.06 19:22:03.437,0.6368,0.63735,1.00,1.00
2010.05.06 19:22:05.443,0.6368,0.6374,1.00,1.00
2010.05.06 19:22:05.793,0.63705,0.6376,1.00,1.00
2010.05.06 19:22:06.139,0.63695,0.6375,1.00,1.00
2010.05.06 19:22:08.897,0.6368,0.6374,1.00,1.00
2010.05.06 19:22:09.646,0.6367,0.63725,1.00,1.00
2010.05.06 19:22:10.467,0.6368,0.6373,1.00,1.00
2010.05.06 19:22:11.186,0.6368,0.63735,1.00,1.00
2010.05.06 19:22:11.528,0.63645,0.63705,1.00,1.00
2010.05.06 19:22:12.300,0.63645,0.637,1.00,1.00
2010.05.06 19:22:12.618,0.63655,0.63715,1.00,1.00
2010.05.06 19:22:14.429,0.6366,0.63715,1.00,1.00
2010.05.06 19:22:15.538,0.63665,0.6372,1.00,1.00
2010.05.06 19:22:15.876,0.6366,0.6372,1.00,1.00
2010.05.06 19:22:16.462,0.6367,0.63725,1.00,1.00
2010.05.06 19:22:16.800,0.63665,0.6372,1.00,1.00
2010.05.06 19:22:17.561,0.6366,0.63715,1.00,1.00
2010.05.06 19:22:17.938,0.6367,0.63725,1.00,1.00
2010.05.06 19:22:19.140,0.63635,0.63715,1.00,1.00
2010.05.06 19:22:19.469,0.63635,0.63695,1.00,1.00
2010.05.06 19:22:20.060,0.6362,0.63685,1.00,1.00
2010.05.06 19:22:20.349,0.63625,0.6369,1.00,1.00
2010.05.06 19:22:21.766,0.6362,0.63685,1.00,1.00
2010.05.06 19:22:23.019,0.6362,0.63675,1.00,1.00
2010.05.06 19:22:23.356,0.63625,0.63685,1.00,1.00
2010.05.06 19:22:24.139,0.6362,0.63685,1.00,1.00
2010.05.06 19:22:24.479,0.6363,0.6369,1.00,1.00
2010.05.06 19:22:25.514,0.63635,0.6369,1.00,1.00
2010.05.06 19:22:25.838,0.63635,0.637,1.00,1.00
2010.05.06 19:22:26.168,0.63645,0.63705,1.00,1.00
2010.05.06 19:22:27.196,0.63655,0.6371,1.00,1.00
2010.05.06 19:22:27.876,0.6365,0.6371,1.00,1.00
2010.05.06 19:22:28.553,0.63645,0.6371,1.00,1.00
2010.05.06 19:22:28.900,0.6368,0.63735,1.00,1.00
2010.05.06 19:22:29.149,0.63685,0.63735,1.00,1.00
2010.05.06 19:22:29.871,0.6369,0.6374,1.00,1.00
2010.05.06 19:22:30.122,0.63695,0.6375,1.00,1.00
2010.05.06 19:22:30.913,0.6371,0.63765,1.00,1.00
2010.05.06 19:22:31.240,0.6371,0.6378,1.00,1.00
2010.05.06 19:22:32.687,0.6371,0.63795,1.00,1.00
2010.05.06 19:22:33.029,0.6374,0.63795,1.00,1.00
2010.05.06 19:22:33.806,0.6375,0.638,1.00,1.00
2010.05.06 19:22:34.155,0.6376,0.63815,1.00,1.00
2010.05.06 19:22:34.499,0.6377,0.63825,1.00,1.00
2010.05.06 19:22:36.167,0.6378,0.6384,1.00,1.00
2010.05.06 19:22:36.947,0.638,0.63855,1.00,1.00
2010.05.06 19:22:37.517,0.63795,0.6385,1.00,1.00
2010.05.06 19:22:38.259,0.638,0.63855,1.00,1.00
2010.05.06 19:22:38.937,0.6381,0.63865,1.00,1.00
2010.05.06 19:22:39.807,0.63785,0.63855,1.00,1.00
2010.05.06 19:22:40.838,0.6378,0.63845,1.00,1.00
2010.05.06 19:22:41.130,0.6374,0.63805,1.00,1.00
2010.05.06 19:22:41.883,0.6374,0.6378,1.00,1.00
2010.05.06 19:22:42.229,0.6368,0.63775,1.00,1.10
2010.05.06 19:22:42.567,0.63665,0.63775,1.00,1.00
2010.05.06 19:22:42.907,0.6365,0.6376,1.00,1.00
2010.05.06 19:22:44.012,0.63645,0.6374,1.60,1.00
2010.05.06 19:22:44.277,0.63645,0.6374,1.00,1.00
2010.05.06 19:22:44.547,0.63655,0.6373,1.00,1.00
2010.05.06 19:22:45.269,0.6364,0.63705,1.00,1.00
2010.05.06 19:22:46.157,0.6364,0.637,1.00,1.00
2010.05.06 19:22:47.176,0.63645,0.637,1.00,1.00
2010.05.06 19:22:47.982,0.6357,0.6367,1.00,1.00
2010.05.06 19:22:48.329,0.63565,0.6367,2.40,1.00
2010.05.06 19:22:49.089,0.6357,0.63675,1.20,1.00
2010.05.06 19:22:49.390,0.6359,0.63675,1.00,1.00
2010.05.06 19:22:49.660,0.63605,0.6368,1.00,1.00
2010.05.06 19:22:50.351,0.63615,0.63685,1.00,1.00
2010.05.06 19:22:50.945,0.6362,0.6369,1.00,1.00
2010.05.06 19:22:51.734,0.6363,0.63725,1.00,1.00
2010.05.06 19:22:52.083,0.6363,0.63735,1.20,1.00
2010.05.06 19:22:52.399,0.63675,0.6374,1.00,1.00
2010.05.06 19:22:53.154,0.63675,0.63745,1.00,1.00
2010.05.06 19:22:53.501,0.6369,0.63755,1.00,1.00
2010.05.06 19:22:53.841,0.6369,0.63785,1.00,1.00
2010.05.06 19:22:54.178,0.6369,0.63785,1.00,1.00
2010.05.06 19:22:54.930,0.63695,0.63785,1.00,1.00
2010.05.06 19:22:55.249,0.6371,0.63785,1.00,1.00
2010.05.06 19:22:56.330,0.63725,0.6379,1.00,1.00
2010.05.06 19:22:57.360,0.6373,0.6379,1.00,1.00
2010.05.06 19:22:57.698,0.6378,0.63825,1.60,1.00
2010.05.06 19:22:58.038,0.6375,0.63825,1.00,1.00
2010.05.06 19:22:58.849,0.63755,0.6386,1.00,1.00
2010.05.06 19:22:59.188,0.63785,0.6386,1.00,1.00
2010.05.06 19:23:00.638,0.6381,0.63895,1.00,1.00
2010.05.06 19:23:00.888,0.63805,0.63905,3.20,1.00
2010.05.06 19:23:01.470,0.6382,0.63905,1.00,1.00
2010.05.06 19:23:01.807,0.6381,0.63915,2.80,1.00
2010.05.06 19:23:02.146,0.6382,0.63935,1.00,1.00
2010.05.06 19:23:02.475,0.6381,0.63935,1.00,1.00
2010.05.06 19:23:03.256,0.6381,0.63935,1.00,1.20
2010.05.06 19:23:03.595,0.6381,0.63935,1.20,1.00
2010.05.06 19:23:03.895,0.63815,0.6394,1.00,1.60
2010.05.06 19:23:04.678,0.63815,0.6394,1.00,1.00
2010.05.06 19:23:05.255,0.63815,0.6394,1.00,1.60
2010.05.06 19:23:05.741,0.63815,0.6394,1.00,2.40
2010.05.06 19:23:06.068,0.6381,0.6393,1.00,2.40
2010.05.06 19:23:06.396,0.638,0.63925,1.00,1.00
2010.05.06 19:23:07.907,0.638,0.63925,1.00,3.20
2010.05.06 19:23:08.687,0.63795,0.6392,1.00,2.40
2010.05.06 19:23:09.027,0.6379,0.63915,1.00,1.00
2010.05.06 19:23:09.277,0.63785,0.639,1.00,1.00
2010.05.06 19:23:10.227,0.63785,0.639,1.00,1.00
2010.05.06 19:23:11.975,0.63785,0.639,1.20,1.00
2010.05.06 19:23:13.636,0.6379,0.63905,1.00,1.00
2010.05.06 19:23:16.318,0.63775,0.6386,1.00,1.00
2010.05.06 19:23:19.668,0.63765,0.6386,1.40,1.00
2010.05.06 19:23:20.469,0.63775,0.6386,1.00,1.00
2010.05.06 19:23:20.807,0.63765,0.6386,1.00,1.00
2010.05.06 19:23:21.147,0.63765,0.6386,1.40,1.00
2010.05.06 19:23:21.949,0.63765,0.63855,1.00,1.00
2010.05.06 19:23:23.028,0.6377,0.63855,1.00,1.00
2010.05.06 19:23:23.342,0.63775,0.63855,1.00,1.00
2010.05.06 19:23:23.649,0.63765,0.63855,1.00,1.00
2010.05.06 19:23:24.638,0.6376,0.63855,1.00,1.00
2010.05.06 19:23:24.976,0.6375,0.6385,1.00,1.00
2010.05.06 19:23:25.528,0.6375,0.63855,1.00,1.00
2010.05.06 19:23:25.890,0.6375,0.6385,1.00,1.00
2010.05.06 19:23:27.373,0.63745,0.63825,1.00,1.00
2010.05.06 19:23:27.721,0.63735,0.63815,1.00,1.00
2010.05.06 19:23:28.209,0.63735,0.6381,1.00,1.00
2010.05.06 19:23:28.554,0.63725,0.63805,1.00,1.00
2010.05.06 19:23:28.899,0.6373,0.63805,1.00,1.00
2010.05.06 19:23:29.737,0.6373,0.638,1.00,1.00
2010.05.06 19:23:31.437,0.63725,0.63795,1.00,1.00
2010.05.06 19:23:31.716,0.63735,0.6381,1.00,1.00
2010.05.06 19:23:31.999,0.6375,0.6382,1.00,1.00
2010.05.06 19:23:32.738,0.6376,0.6384,1.00,1.00
2010.05.06 19:23:33.078,0.6376,0.63835,1.00,1.00
2010.05.06 19:23:33.978,0.63755,0.63835,1.00,1.00
2010.05.06 19:23:35.128,0.6377,0.63855,1.00,1.00
2010.05.06 19:23:36.312,0.63765,0.63855,1.00,1.00
2010.05.06 19:23:36.647,0.6376,0.6384,1.40,1.00
2010.05.06 19:23:36.978,0.63755,0.6384,1.40,1.00
2010.05.06 19:23:37.779,0.63755,0.6383,1.00,1.00
2010.05.06 19:23:39.476,0.63755,0.6382,1.00,1.00
2010.05.06 19:23:40.330,0.6377,0.6384,1.00,1.00
2010.05.06 19:23:40.928,0.6376,0.63835,1.00,1.00
2010.05.06 19:23:41.677,0.63765,0.6384,1.00,1.00
2010.05.06 19:23:42.017,0.63765,0.63835,1.00,1.00
2010.05.06 19:23:42.585,0.63765,0.6384,1.00,1.00
2010.05.06 19:23:42.931,0.6377,0.6385,1.00,1.00
2010.05.06 19:23:43.268,0.63765,0.6385,1.00,1.00
2010.05.06 19:23:44.200,0.6376,0.63835,1.00,1.00
2010.05.06 19:23:45.758,0.6376,0.6383,1.00,1.00
2010.05.06 19:23:46.416,0.6376,0.6383,1.00,1.00
2010.05.06 19:23:47.199,0.6376,0.6385,1.00,1.00
2010.05.06 19:23:47.529,0.6377,0.6385,1.00,1.00
2010.05.06 19:23:48.721,0.63775,0.6385,1.00,1.00
2010.05.06 19:23:49.059,0.63775,0.6386,1.00,1.00
2010.05.06 19:23:49.788,0.6378,0.6386,1.00,1.00
2010.05.06 19:23:50.059,0.638,0.6387,1.00,1.00
2010.05.06 19:23:51.049,0.6382,0.63885,1.00,1.00
2010.05.06 19:23:51.387,0.63815,0.6388,1.00,1.00
2010.05.06 19:23:51.997,0.6382,0.63885,1.00,1.00
2010.05.06 19:23:52.347,0.63845,0.63905,1.00,1.00
2010.05.06 19:23:52.692,0.63835,0.63915,1.00,1.00
2010.05.06 19:23:53.477,0.63835,0.63925,1.00,1.00
2010.05.06 19:23:53.821,0.6384,0.63935,2.00,1.00
2010.05.06 19:23:54.610,0.6384,0.63935,1.00,1.00
2010.05.06 19:23:54.963,0.6384,0.63945,2.40,1.00
2010.05.06 19:23:55.309,0.6384,0.6396,1.00,1.00
2010.05.06 19:23:56.085,0.63875,0.6396,1.00,1.00
2010.05.06 19:23:56.399,0.63865,0.6397,2.40,1.00
2010.05.06 19:23:56.739,0.63885,0.6398,1.00,1.00
2010.05.06 19:23:57.529,0.63875,0.6394,1.40,1.00
2010.05.06 19:23:57.869,0.63875,0.63965,1.00,1.00
2010.05.06 19:23:58.392,0.6387,0.63965,1.00,1.00
2010.05.06 19:23:58.734,0.63855,0.6395,1.60,1.00
2010.05.06 19:23:59.082,0.6386,0.63945,1.00,1.20
2010.05.06 19:23:59.560,0.6386,0.63945,1.00,1.00
2010.05.06 19:23:59.903,0.6383,0.6392,1.00,1.00
2010.05.06 19:24:00.249,0.6383,0.63915,1.00,1.00
2010.05.06 19:24:01.048,0.63835,0.639,1.00,1.00
2010.05.06 19:24:01.387,0.63835,0.63895,1.00,1.00
2010.05.06 19:24:02.232,0.6383,0.63895,1.00,1.00
2010.05.06 19:24:02.570,0.6383,0.63895,1.00,1.00
2010.05.06 19:24:02.908,0.63835,0.63895,1.00,1.00
2010.05.06 19:24:04.198,0.63835,0.639,1.00,1.00
2010.05.06 19:24:05.034,0.6384,0.639,1.00,1.00
2010.05.06 19:24:05.569,0.63835,0.63895,1.00,1.00
2010.05.06 19:24:05.900,0.63825,0.6389,1.00,1.00
2010.05.06 19:24:06.708,0.63815,0.6388,1.00,1.00
2010.05.06 19:24:06.966,0.63825,0.6389,1.00,1.00
2010.05.06 19:24:07.729,0.6382,0.6389,1.00,1.00
2010.05.06 19:24:08.066,0.6382,0.63885,1.00,1.00
2010.05.06 19:24:08.408,0.63815,0.6388,1.00,1.00
2010.05.06 19:24:09.239,0.6382,0.63885,1.00,1.00
2010.05.06 19:24:10.729,0.63825,0.6389,1.00,1.00
2010.05.06 19:24:11.066,0.6382,0.63885,1.00,1.00
2010.05.06 19:24:12.452,0.63825,0.63885,1.00,1.00
2010.05.06 19:24:12.721,0.63825,0.63885,1.00,1.00
2010.05.06 19:24:12.978,0.63825,0.63885,1.00,1.00
2010.05.06 19:24:13.788,0.63825,0.6389,1.00,1.00
2010.05.06 19:24:15.470,0.63815,0.6387,1.00,1.00
2010.05.06 19:24:16.211,0.63805,0.63865,1.00,1.00
2010.05.06 19:24:16.563,0.63795,0.6385,1.00,1.00
2010.05.06 19:24:16.909,0.638,0.63855,1.00,1.00
2010.05.06 19:24:17.419,0.63795,0.63855,1.00,1.00
2010.05.06 19:24:17.759,0.63785,0.6385,1.00,1.00
2010.05.06 19:24:18.096,0.6378,0.63845,1.00,1.00
2010.05.06 19:24:18.437,0.6378,0.6384,1.00,1.00
2010.05.06 19:24:19.264,0.6379,0.63885,1.00,1.00
2010.05.06 19:24:19.611,0.63785,0.6388,1.00,1.00
2010.05.06 19:24:19.837,0.63785,0.63885,1.00,1.00
2010.05.06 19:24:20.720,0.6381,0.63885,1.00,1.00
2010.05.06 19:24:21.018,0.63795,0.63885,1.00,1.00
2010.05.06 19:24:21.321,0.63805,0.6389,1.00,1.00
2010.05.06 19:24:21.944,0.63805,0.63875,1.00,1.00
2010.05.06 19:24:22.211,0.63805,0.63865,1.00,1.00
2010.05.06 19:24:22.466,0.63805,0.6387,1.00,1.00
2010.05.06 19:24:22.728,0.638,0.63865,1.00,1.00
2010.05.06 19:24:23.575,0.63805,0.6387,1.00,1.00
2010.05.06 19:24:23.919,0.638,0.63865,1.00,1.00
2010.05.06 19:24:24.259,0.6384,0.63875,1.00,1.00
2010.05.06 19:24:25.051,0.638,0.63865,1.00,1.00
2010.05.06 19:24:25.848,0.638,0.6387,1.00,1.00
2010.05.06 19:24:26.773,0.63805,0.63895,1.00,2.20
2010.05.06 19:24:27.117,0.63805,0.63895,1.00,1.00
2010.05.06 19:24:28.119,0.63795,0.63885,1.00,1.00
2010.05.06 19:24:28.457,0.6379,0.63875,1.00,1.00
2010.05.06 19:24:28.797,0.6379,0.63885,1.00,1.00
2010.05.06 19:24:30.219,0.63785,0.63855,1.00,1.40
2010.05.06 19:24:30.896,0.63785,0.63855,1.00,1.50
2010.05.06 19:24:31.579,0.6379,0.6385,1.00,1.00
2010.05.06 19:24:32.433,0.63775,0.63835,1.00,1.00
2010.05.06 19:24:32.781,0.63775,0.6384,1.00,1.00
2010.05.06 19:24:33.540,0.63765,0.63825,1.00,1.00
2010.05.06 19:24:33.899,0.6377,0.63825,1.00,1.00
2010.05.06 19:24:34.239,0.6377,0.63835,1.00,1.00
2010.05.06 19:24:34.949,0.63765,0.63835,1.00,1.00
2010.05.06 19:24:35.220,0.6378,0.6387,1.00,1.00
2010.05.06 19:24:35.558,0.63785,0.63865,1.00,1.00
2010.05.06 19:24:36.542,0.6379,0.6388,1.00,1.00
2010.05.06 19:24:36.820,0.6379,0.63885,1.00,1.20
2010.05.06 19:24:37.589,0.6379,0.6389,1.00,1.00
2010.05.06 19:24:38.267,0.6379,0.6388,1.00,1.00
2010.05.06 19:24:39.068,0.6378,0.6384,1.00,1.00
2010.05.06 19:24:39.396,0.6378,0.6388,1.00,1.00
2010.05.06 19:24:40.539,0.6378,0.63875,1.00,1.00
2010.05.06 19:24:42.029,0.6378,0.6388,1.00,1.00
2010.05.06 19:24:43.537,0.6379,0.6388,1.00,1.00
2010.05.06 19:24:44.282,0.6378,0.6388,1.00,1.00
2010.05.06 19:24:47.267,0.63785,0.63875,1.00,1.00
2010.05.06 19:24:47.569,0.63785,0.6388,1.00,1.00
2010.05.06 19:24:48.699,0.6379,0.63885,1.00,1.00
2010.05.06 19:24:51.517,0.638,0.6389,1.00,1.00
2010.05.06 19:24:51.836,0.638,0.639,1.00,1.00
2010.05.06 19:24:52.849,0.63785,0.6389,1.00,1.60
2010.05.06 19:24:54.246,0.6379,0.63895,1.00,1.00
2010.05.06 19:24:54.556,0.6379,0.639,1.00,1.00
2010.05.06 19:24:55.382,0.6379,0.63905,1.00,1.00
2010.05.06 19:24:55.721,0.6379,0.63905,1.00,1.00
2010.05.06 19:24:56.062,0.6379,0.6391,1.00,1.60
2010.05.06 19:24:56.910,0.6379,0.63905,1.00,1.00
2010.05.06 19:24:57.249,0.6379,0.6391,1.00,2.20
2010.05.06 19:24:58.039,0.6379,0.63905,1.00,1.00
2010.05.06 19:24:58.380,0.6379,0.6391,1.00,1.60
2010.05.06 19:24:58.979,0.6379,0.639,1.00,1.00
2010.05.06 19:24:59.933,0.63805,0.63915,1.00,1.00
2010.05.06 19:25:00.149,0.63805,0.6391,1.00,1.00
2010.05.06 19:25:00.366,0.6381,0.63895,1.00,1.00
2010.05.06 19:25:01.517,0.6381,0.6389,1.00,1.00
2010.05.06 19:25:01.859,0.63805,0.63885,1.00,1.00
2010.05.06 19:25:03.203,0.6377,0.63855,1.00,1.00
2010.05.06 19:25:03.449,0.6377,0.6385,1.00,1.00
2010.05.06 19:25:03.920,0.63775,0.63855,1.00,1.00
2010.05.06 19:25:04.169,0.63765,0.6385,1.00,1.00
2010.05.06 19:25:06.148,0.6377,0.6385,1.00,1.00
2010.05.06 19:25:07.753,0.6376,0.6385,1.00,1.00
2010.05.06 19:25:08.038,0.6377,0.6384,1.00,1.00
2010.05.06 19:25:08.751,0.6376,0.6383,1.00,1.00
2010.05.06 19:25:09.072,0.63765,0.6383,1.00,1.00
2010.05.06 19:25:09.390,0.63765,0.63825,1.00,1.00
2010.05.06 19:25:10.184,0.63755,0.63825,1.00,1.00
2010.05.06 19:25:10.449,0.63755,0.6381,1.00,1.00
2010.05.06 19:25:10.718,0.6375,0.63805,1.00,1.00
2010.05.06 19:25:12.915,0.6375,0.6381,1.00,1.00
2010.05.06 19:25:14.374,0.63735,0.6381,1.00,1.00
2010.05.06 19:25:14.687,0.6373,0.638,1.00,1.00
2010.05.06 19:25:15.472,0.63705,0.6379,1.00,1.00
2010.05.06 19:25:15.842,0.63675,0.6377,1.20,1.00
2010.05.06 19:25:16.182,0.63675,0.63775,1.00,1.00
2010.05.06 19:25:16.959,0.63675,0.63775,1.00,1.00
2010.05.06 19:25:17.296,0.63675,0.63775,1.00,1.00
2010.05.06 19:25:17.636,0.63675,0.63775,1.00,1.00
2010.05.06 19:25:18.322,0.63675,0.6378,1.00,1.00
2010.05.06 19:25:18.546,0.63675,0.63775,1.00,1.00
2010.05.06 19:25:19.427,0.63675,0.6378,1.00,1.00
2010.05.06 19:25:20.064,0.63675,0.6378,1.00,1.00
2010.05.06 19:25:20.406,0.63675,0.6378,1.00,1.00
2010.05.06 19:25:21.273,0.6367,0.6377,1.00,1.00
2010.05.06 19:25:21.617,0.6367,0.63775,1.00,1.00
2010.05.06 19:25:22.340,0.63665,0.63765,1.60,1.00
2010.05.06 19:25:22.678,0.6369,0.6377,1.00,1.00
2010.05.06 19:25:23.018,0.6368,0.6379,3.10,2.40
2010.05.06 19:25:23.827,0.6369,0.63795,1.00,1.00
2010.05.06 19:25:24.168,0.6371,0.6381,1.00,1.00
2010.05.06 19:25:24.942,0.63705,0.6381,1.00,1.00
2010.05.06 19:25:25.216,0.637,0.6381,1.00,1.00
2010.05.06 19:25:25.487,0.637,0.6381,1.00,1.00
2010.05.06 19:25:26.298,0.6371,0.63785,1.00,1.00
2010.05.06 19:25:26.635,0.6372,0.63785,1.00,1.00
2010.05.06 19:25:28.178,0.63715,0.6378,1.00,1.00
2010.05.06 19:25:29.289,0.63735,0.638,1.00,1.00
2010.05.06 19:25:29.507,0.63745,0.638,1.00,1.00
2010.05.06 19:25:29.726,0.63745,0.63815,1.00,1.00
2010.05.06 19:25:30.400,0.63745,0.6381,1.00,1.00
2010.05.06 19:25:31.077,0.6375,0.63815,1.00,1.00
2010.05.06 19:25:31.948,0.6377,0.63825,1.00,1.00
2010.05.06 19:25:33.307,0.63795,0.6385,1.00,1.00
2010.05.06 19:25:34.326,0.63785,0.63845,1.00,1.00
2010.05.06 19:25:34.617,0.63785,0.6384,1.00,1.00
2010.05.06 19:25:34.917,0.6377,0.6384,1.00,1.00
2010.05.06 19:25:35.425,0.63755,0.63825,1.00,1.00
2010.05.06 19:25:35.770,0.63755,0.6382,1.00,1.00
2010.05.06 19:25:36.113,0.63775,0.6383,1.00,1.00
2010.05.06 19:25:36.918,0.6378,0.63835,1.00,1.00
2010.05.06 19:25:38.780,0.6378,0.6383,1.00,1.00
2010.05.06 19:25:39.578,0.6378,0.63835,1.00,1.00
2010.05.06 19:25:41.017,0.63775,0.63835,1.00,1.00
2010.05.06 19:25:41.356,0.63775,0.6383,1.00,1.00
2010.05.06 19:25:42.148,0.6375,0.6382,1.00,1.00
2010.05.06 19:25:42.488,0.63745,0.63815,1.00,1.00
2010.05.06 19:25:43.299,0.6371,0.63775,1.00,1.00
2010.05.06 19:25:44.798,0.6371,0.63765,1.00,1.00
2010.05.06 19:25:44.996,0.63695,0.6375,1.00,1.00
2010.05.06 19:25:45.188,0.637,0.63755,1.00,1.00
2010.05.06 19:25:46.227,0.637,0.6375,1.00,1.00
2010.05.06 19:25:46.567,0.637,0.63755,1.00,1.00
2010.05.06 19:25:47.363,0.63705,0.63755,1.00,1.00
2010.05.06 19:25:47.647,0.6371,0.63765,1.00,1.00
2010.05.06 19:25:47.938,0.63715,0.6377,1.00,1.00
2010.05.06 19:25:51.449,0.6372,0.6377,1.00,1.00
2010.05.06 19:25:53.459,0.63715,0.6377,1.00,1.00
2010.05.06 19:25:54.479,0.63715,0.6377,1.00,1.00
2010.05.06 19:25:57.800,0.637,0.6376,1.00,1.00
2010.05.06 19:25:58.523,0.63715,0.6377,1.00,1.00
2010.05.06 19:26:00.100,0.637,0.63755,1.00,1.00
2010.05.06 19:26:00.398,0.6369,0.63755,1.00,1.00
2010.05.06 19:26:01.205,0.63685,0.63755,1.00,1.00
2010.05.06 19:26:01.550,0.63685,0.6374,1.00,1.00
2010.05.06 19:26:02.547,0.63695,0.63745,1.00,1.00
2010.05.06 19:26:02.887,0.6369,0.6375,1.00,1.00
2010.05.06 19:26:04.008,0.6371,0.6376,1.00,1.00
2010.05.06 19:26:05.159,0.6369,0.63755,1.00,1.00
2010.05.06 19:26:05.488,0.637,0.6376,1.00,1.00
2010.05.06 19:26:06.197,0.6369,0.63755,1.00,1.00
2010.05.06 19:26:06.541,0.63685,0.6374,1.00,1.00
2010.05.06 19:26:06.852,0.63675,0.63735,1.00,1.00
2010.05.06 19:26:07.339,0.6368,0.6374,1.00,1.00
2010.05.06 19:26:07.654,0.63675,0.6373,1.00,1.00
2010.05.06 19:26:10.037,0.63675,0.63725,1.00,1.00
2010.05.06 19:26:10.778,0.63695,0.63745,1.00,1.00
2010.05.06 19:26:11.068,0.63695,0.63755,1.00,1.00
2010.05.06 19:26:11.927,0.63695,0.63755,1.00,1.00
2010.05.06 19:26:12.578,0.637,0.6375,1.00,1.00
2010.05.06 19:26:13.141,0.637,0.63755,1.00,1.00
2010.05.06 19:26:13.451,0.637,0.63765,1.00,1.00
2010.05.06 19:26:13.801,0.6372,0.63775,1.00,1.00
2010.05.06 19:26:14.275,0.6372,0.63765,1.00,1.00
2010.05.06 19:26:14.612,0.63735,0.63785,1.00,1.00
2010.05.06 19:26:16.669,0.6373,0.63785,1.00,1.00
2010.05.06 19:26:17.167,0.6373,0.63785,1.00,1.00
2010.05.06 19:26:17.470,0.63735,0.63795,1.00,1.00
2010.05.06 19:26:20.015,0.6374,0.638,1.00,1.00
2010.05.06 19:26:20.360,0.6371,0.63765,1.00,1.00
2010.05.06 19:26:21.306,0.63705,0.6376,1.00,1.00
2010.05.06 19:26:21.530,0.63675,0.6373,1.00,1.00
2010.05.06 19:26:21.871,0.63685,0.63735,1.00,1.00
2010.05.06 19:26:22.754,0.6368,0.63735,1.00,1.00
2010.05.06 19:26:23.097,0.6369,0.6374,1.00,1.00
2010.05.06 19:26:23.438,0.6371,0.6376,1.00,1.00
2010.05.06 19:26:23.959,0.6371,0.6376,1.00,1.00
2010.05.06 19:26:24.301,0.6373,0.63775,1.00,1.00
2010.05.06 19:26:25.053,0.6373,0.6378,1.00,1.00
2010.05.06 19:26:25.739,0.637,0.6376,1.00,1.00
2010.05.06 19:26:26.526,0.6371,0.63765,1.00,1.00
2010.05.06 19:26:26.851,0.6371,0.6377,1.00,1.00
2010.05.06 19:26:27.170,0.6371,0.63765,1.00,1.00
2010.05.06 19:26:27.951,0.63715,0.6376,1.00,1.00
2010.05.06 19:26:28.291,0.6367,0.6374,1.00,1.00
2010.05.06 19:26:28.629,0.6366,0.6376,1.00,1.60
2010.05.06 19:26:29.410,0.63645,0.63745,1.00,1.00
2010.05.06 19:26:29.735,0.63645,0.63765,1.00,1.00
2010.05.06 19:26:30.057,0.6365,0.63765,1.00,1.00
2010.05.06 19:26:30.847,0.6372,0.6378,1.00,1.00
2010.05.06 19:26:31.168,0.6371,0.63785,1.00,1.00
2010.05.06 19:26:31.991,0.6372,0.6379,1.00,1.00
2010.05.06 19:26:32.327,0.63715,0.63785,1.00,1.00
2010.05.06 19:26:32.667,0.6372,0.6379,1.00,1.00
2010.05.06 19:26:33.747,0.6371,0.63785,1.00,1.00
2010.05.06 19:26:34.948,0.63695,0.63775,1.00,1.00
2010.05.06 19:26:35.272,0.6369,0.6375,1.30,1.00
2010.05.06 19:26:35.967,0.63685,0.6375,1.10,1.00
2010.05.06 19:26:36.268,0.63685,0.6375,1.00,1.00
2010.05.06 19:26:36.567,0.6369,0.6375,1.00,1.00
2010.05.06 19:26:37.373,0.6368,0.6374,1.00,1.00
2010.05.06 19:26:37.707,0.6368,0.6373,1.00,1.00
2010.05.06 19:26:38.847,0.63705,0.6374,1.00,1.00
2010.05.06 19:26:39.187,0.63675,0.63735,1.00,1.00
2010.05.06 19:26:39.711,0.63675,0.6373,1.00,1.00
2010.05.06 19:26:40.051,0.6367,0.6373,1.00,1.00
2010.05.06 19:26:40.388,0.6367,0.6373,1.00,1.00
2010.05.06 19:26:41.172,0.6367,0.63725,1.00,1.00
2010.05.06 19:26:43.696,0.6367,0.6373,1.00,1.00
2010.05.06 19:26:44.178,0.63675,0.6373,1.00,1.00
2010.05.06 19:26:44.519,0.6366,0.63725,1.00,1.00
2010.05.06 19:26:44.856,0.6366,0.6371,1.00,1.00
2010.05.06 19:26:45.489,0.63655,0.6371,1.00,1.00
2010.05.06 19:26:45.845,0.6365,0.63705,1.00,1.00
2010.05.06 19:26:47.298,0.63655,0.637,1.00,1.00
2010.05.06 19:26:47.639,0.63655,0.6368,1.00,1.00
2010.05.06 19:26:47.897,0.63615,0.6368,1.00,1.00
2010.05.06 19:26:48.649,0.63595,0.6366,1.00,1.60
2010.05.06 19:26:48.988,0.6355,0.63635,1.00,1.00
2010.05.06 19:26:49.490,0.63555,0.63635,1.00,1.00
2010.05.06 19:26:49.836,0.6352,0.6363,1.00,1.00
2010.05.06 19:26:50.178,0.6351,0.6363,1.20,1.00
2010.05.06 19:26:50.675,0.6352,0.6363,1.00,1.00
2010.05.06 19:26:51.030,0.63515,0.6364,1.00,2.00
2010.05.06 19:26:51.367,0.63515,0.63635,1.00,1.00
2010.05.06 19:26:52.503,0.6352,0.6364,1.00,1.00
2010.05.06 19:26:54.509,0.63535,0.63645,1.00,1.00
2010.05.06 19:26:55.014,0.6353,0.63645,1.00,1.00
2010.05.06 19:26:55.362,0.63555,0.63655,1.00,1.00
2010.05.06 19:26:56.152,0.63585,0.63655,1.00,1.00
2010.05.06 19:26:56.497,0.636,0.63685,1.00,1.00
2010.05.06 19:26:56.841,0.63605,0.63685,1.00,1.00
2010.05.06 19:27:00.479,0.63595,0.6368,1.00,1.00
2010.05.06 19:27:01.888,0.6359,0.63675,1.00,1.00
2010.05.06 19:27:04.088,0.6362,0.63695,1.00,1.00
2010.05.06 19:27:04.858,0.6362,0.63705,1.00,1.00
2010.05.06 19:27:05.098,0.63635,0.63705,1.00,1.00
2010.05.06 19:27:05.337,0.63635,0.6371,1.00,1.00
2010.05.06 19:27:06.338,0.6364,0.637,1.00,1.00
2010.05.06 19:27:08.485,0.63655,0.6371,1.00,1.00
2010.05.06 19:27:11.117,0.63655,0.6372,1.00,1.00
2010.05.06 19:27:11.459,0.6365,0.63715,1.00,1.00
2010.05.06 19:27:12.279,0.6365,0.6371,1.00,1.00
2010.05.06 19:27:13.928,0.63655,0.6371,1.00,1.00
2010.05.06 19:27:14.253,0.6364,0.637,1.00,1.00
2010.05.06 19:27:14.500,0.6364,0.63695,1.00,1.00
2010.05.06 19:27:16.059,0.63635,0.6369,1.00,1.00
2010.05.06 19:27:17.688,0.6364,0.63695,1.00,1.00
2010.05.06 19:27:19.969,0.6365,0.63705,1.00,1.00
2010.05.06 19:27:20.309,0.63655,0.6371,1.00,1.00
2010.05.06 19:27:20.962,0.6365,0.63705,1.00,1.00
2010.05.06 19:27:21.252,0.63635,0.6369,1.00,1.00
2010.05.06 19:27:22.253,0.6364,0.63695,1.00,1.00
2010.05.06 19:27:22.590,0.6365,0.63705,1.00,1.00
2010.05.06 19:27:22.899,0.63645,0.637,1.00,1.00
2010.05.06 19:27:25.008,0.63655,0.6371,1.00,1.00
2010.05.06 19:27:26.662,0.63645,0.637,1.00,1.00
2010.05.06 19:27:29.442,0.6364,0.63695,1.00,1.00
2010.05.06 19:27:29.659,0.6364,0.6371,1.00,1.00
2010.05.06 19:27:30.351,0.63675,0.6373,1.00,1.00
2010.05.06 19:27:30.688,0.63685,0.6373,1.00,1.00
2010.05.06 19:27:32.049,0.63675,0.63725,1.00,1.00
2010.05.06 19:27:32.388,0.63675,0.6372,1.00,1.00
2010.05.06 19:27:33.519,0.6367,0.63715,1.00,1.00
2010.05.06 19:27:34.640,0.6367,0.6372,1.00,1.00
2010.05.06 19:27:34.920,0.63655,0.63725,1.00,1.00
2010.05.06 19:27:35.191,0.63665,0.63725,1.00,1.00
2010.05.06 19:27:35.876,0.63655,0.63725,1.00,1.00
2010.05.06 19:27:36.130,0.63655,0.63735,1.00,1.00
2010.05.06 19:27:36.470,0.6366,0.6374,1.00,1.00
2010.05.06 19:27:37.369,0.6366,0.63735,1.00,1.00
2010.05.06 19:27:38.541,0.63645,0.6373,1.00,1.00
2010.05.06 19:27:40.008,0.63645,0.6373,1.00,1.00
2010.05.06 19:27:40.626,0.63645,0.6373,1.00,1.00
2010.05.06 19:27:41.633,0.6365,0.63725,1.00,1.00
2010.05.06 19:27:42.495,0.63635,0.63715,1.00,1.00
2010.05.06 19:27:42.714,0.6364,0.63715,1.00,1.00
2010.05.06 19:27:43.060,0.63635,0.63705,1.00,1.00
2010.05.06 19:27:43.975,0.6363,0.63705,1.00,1.00
2010.05.06 19:27:44.657,0.6363,0.637,1.00,1.00
2010.05.06 19:27:45.447,0.63635,0.63705,1.00,1.00
2010.05.06 19:27:45.788,0.63615,0.63675,1.00,1.00
2010.05.06 19:27:46.067,0.63615,0.6367,1.00,1.00
2010.05.06 19:27:46.798,0.63615,0.6368,1.00,1.00
2010.05.06 19:27:48.625,0.6361,0.6368,1.00,1.00
2010.05.06 19:27:48.949,0.63615,0.6368,1.00,1.00
2010.05.06 19:27:50.192,0.6362,0.6369,1.00,1.00
2010.05.06 19:27:50.287,0.6361,0.6368,1.00,1.00
2010.05.06 19:27:50.466,0.6361,0.6368,1.00,1.00
2010.05.06 19:27:51.051,0.63605,0.63665,1.00,1.00
2010.05.06 19:27:51.146,0.63605,0.6368,1.00,1.00
2010.05.06 19:27:51.826,0.636,0.6368,1.00,1.00
2010.05.06 19:27:52.527,0.6361,0.6368,1.00,1.00
2010.05.06 19:27:52.737,0.63605,0.6368,1.00,1.00
2010.05.06 19:27:54.207,0.63625,0.63695,1.00,1.00
2010.05.06 19:27:54.886,0.63625,0.6369,1.00,1.00
2010.05.06 19:27:55.510,0.6361,0.6369,1.00,1.00
2010.05.06 19:27:55.744,0.63605,0.6367,1.00,1.00
2010.05.06 19:27:56.060,0.63595,0.63665,1.00,1.00
2010.05.06 19:27:56.380,0.63595,0.63665,1.00,1.00
2010.05.06 19:27:57.647,0.636,0.63665,1.00,1.00
2010.05.06 19:27:57.926,0.63595,0.63665,1.00,1.00
2010.05.06 19:28:00.521,0.63595,0.6366,1.00,1.00
2010.05.06 19:28:00.761,0.636,0.63665,1.00,1.00
2010.05.06 19:28:00.999,0.63595,0.6366,1.00,1.00
2010.05.06 19:28:03.460,0.6359,0.6366,1.00,1.00
2010.05.06 19:28:04.210,0.6359,0.63665,1.00,1.00
2010.05.06 19:28:04.553,0.63595,0.63675,1.00,1.00
2010.05.06 19:28:04.899,0.63595,0.6367,1.00,1.00
2010.05.06 19:28:05.690,0.63595,0.63675,1.00,1.00
2010.05.06 19:28:06.050,0.63605,0.63675,1.00,1.00
2010.05.06 19:28:06.391,0.636,0.63675,1.00,1.00
2010.05.06 19:28:07.497,0.6359,0.63675,1.00,1.00
2010.05.06 19:28:07.780,0.6361,0.637,1.00,1.00
2010.05.06 19:28:08.508,0.6361,0.6368,1.00,1.00
2010.05.06 19:28:08.819,0.63605,0.63685,1.00,1.00
2010.05.06 19:28:09.129,0.6363,0.6372,1.60,1.00
2010.05.06 19:28:09.873,0.63625,0.63735,1.00,1.60
2010.05.06 19:28:10.223,0.63625,0.6371,1.00,1.00
2010.05.06 19:28:10.569,0.6362,0.6371,1.00,1.00
2010.05.06 19:28:10.909,0.63605,0.637,1.00,1.00
2010.05.06 19:28:11.486,0.636,0.63675,2.10,1.00
2010.05.06 19:28:11.832,0.6364,0.63745,1.00,1.00
2010.05.06 19:28:12.169,0.63635,0.6372,1.00,1.00
2010.05.06 19:28:12.907,0.6362,0.63715,1.20,1.00
2010.05.06 19:28:13.200,0.6361,0.63685,1.00,1.00
2010.05.06 19:28:13.539,0.63615,0.63685,1.00,1.00
2010.05.06 19:28:14.025,0.63615,0.63685,1.00,1.00
2010.05.06 19:28:14.372,0.6361,0.6368,1.00,1.00
2010.05.06 19:28:14.707,0.6362,0.6369,1.00,1.00
2010.05.06 19:28:15.048,0.63635,0.6369,1.00,1.00
2010.05.06 19:28:15.528,0.63635,0.63705,1.00,1.00
2010.05.06 19:28:15.875,0.6363,0.63705,1.00,1.00
2010.05.06 19:28:16.418,0.6363,0.63695,1.00,1.00
2010.05.06 19:28:17.123,0.6363,0.6369,1.00,1.00
2010.05.06 19:28:17.474,0.63635,0.63695,1.00,1.00
2010.05.06 19:28:18.860,0.63635,0.63695,1.00,1.00
2010.05.06 19:28:19.087,0.63635,0.63695,1.00,1.00
2010.05.06 19:28:19.317,0.6364,0.63695,1.00,1.00
2010.05.06 19:28:19.792,0.6364,0.63705,1.00,1.00
2010.05.06 19:28:20.025,0.6365,0.6375,1.00,1.00
2010.05.06 19:28:20.370,0.6365,0.6375,2.00,1.00
2010.05.06 19:28:21.198,0.6365,0.6374,1.00,1.00
2010.05.06 19:28:21.538,0.6365,0.63745,1.00,1.00
2010.05.06 19:28:22.331,0.6365,0.6375,1.60,1.00
2010.05.06 19:28:22.619,0.6366,0.63755,1.00,1.00
2010.05.06 19:28:23.196,0.6366,0.63755,1.60,1.00
2010.05.06 19:28:23.981,0.6367,0.63785,1.60,1.40
2010.05.06 19:28:24.318,0.6367,0.6379,1.60,1.00
2010.05.06 19:28:24.657,0.63675,0.63795,1.00,1.00
2010.05.06 19:28:25.499,0.63675,0.63795,1.00,1.00
2010.05.06 19:28:26.749,0.6368,0.63805,1.60,1.00
2010.05.06 19:28:26.926,0.6368,0.63805,3.20,1.00
2010.05.06 19:28:27.267,0.63685,0.63805,1.00,1.00
2010.05.06 19:28:28.618,0.6369,0.6381,2.40,1.00
2010.05.06 19:28:28.806,0.6369,0.6381,4.00,1.00
2010.05.06 19:28:29.497,0.63695,0.63815,1.00,1.00
2010.05.06 19:28:29.836,0.63695,0.63815,1.60,1.00
2010.05.06 19:28:30.176,0.637,0.63815,1.00,1.00
2010.05.06 19:28:31.138,0.6372,0.63835,1.00,1.00
2010.05.06 19:28:32.499,0.6372,0.6383,1.00,1.00
2010.05.06 19:28:34.058,0.6372,0.63835,1.00,1.00
2010.05.06 19:28:35.185,0.6371,0.6381,1.00,1.00
2010.05.06 19:28:35.499,0.63695,0.638,1.00,1.00
2010.05.06 19:28:35.808,0.6369,0.638,1.00,1.00
2010.05.06 19:28:38.027,0.637,0.638,1.00,1.00
2010.05.06 19:28:38.718,0.63685,0.63785,1.00,1.00
2010.05.06 19:28:39.106,0.63685,0.6379,1.00,1.00
2010.05.06 19:28:41.662,0.63685,0.63785,1.00,1.00
2010.05.06 19:28:41.946,0.63685,0.6378,1.00,1.00
2010.05.06 19:28:42.226,0.63685,0.63795,1.20,1.00
2010.05.06 19:28:43.961,0.63695,0.63795,1.00,1.00
2010.05.06 19:28:46.471,0.63705,0.6382,1.20,1.00
2010.05.06 19:28:46.761,0.6371,0.6383,1.20,1.00
2010.05.06 19:28:47.038,0.6371,0.6382,1.00,1.00
2010.05.06 19:28:48.407,0.63695,0.6381,1.20,1.00
2010.05.06 19:28:48.676,0.63695,0.63805,1.20,1.00
2010.05.06 19:28:48.946,0.63695,0.6381,2.00,1.00
2010.05.06 19:28:49.438,0.63695,0.6381,3.60,1.00
2010.05.06 19:28:49.699,0.637,0.63805,1.00,1.00
2010.05.06 19:28:50.377,0.63695,0.63805,1.00,1.00
2010.05.06 19:28:51.259,0.637,0.6381,1.00,1.00
2010.05.06 19:28:51.598,0.63705,0.6381,1.00,1.00
2010.05.06 19:28:51.857,0.63705,0.63815,1.00,1.00
2010.05.06 19:28:52.835,0.63705,0.63815,2.00,1.00
2010.05.06 19:28:53.137,0.637,0.63815,1.00,1.00
2010.05.06 19:28:53.447,0.6369,0.638,1.00,1.00
2010.05.06 19:28:54.268,0.63705,0.63815,2.00,1.00
2010.05.06 19:28:54.541,0.63705,0.63815,1.00,1.00
2010.05.06 19:28:55.821,0.63695,0.638,1.00,1.00
2010.05.06 19:28:56.116,0.6369,0.638,1.00,1.00
2010.05.06 19:28:56.698,0.63695,0.638,1.00,1.00
2010.05.06 19:28:57.507,0.6369,0.63805,1.20,1.00
2010.05.06 19:28:57.737,0.63695,0.63805,1.00,1.00
2010.05.06 19:28:58.740,0.63695,0.638,1.00,1.00
2010.05.06 19:28:59.342,0.6369,0.63805,1.20,1.00
2010.05.06 19:28:59.614,0.63695,0.63805,1.00,1.00
2010.05.06 19:29:00.140,0.63695,0.63805,1.20,1.00
2010.05.06 19:29:00.820,0.63695,0.63805,2.00,1.00
2010.05.06 19:29:01.125,0.637,0.6381,1.00,1.00
2010.05.06 19:29:02.527,0.63685,0.6379,1.00,1.00
2010.05.06 19:29:02.861,0.63695,0.6381,1.00,3.80
2010.05.06 19:29:03.189,0.63695,0.63815,1.00,2.00
2010.05.06 19:29:03.848,0.63695,0.63825,1.00,1.00
2010.05.06 19:29:04.188,0.637,0.63825,1.00,1.60
2010.05.06 19:29:04.527,0.63705,0.6383,1.00,1.00
2010.05.06 19:29:05.257,0.6372,0.6384,1.00,1.00
2010.05.06 19:29:05.545,0.63725,0.6385,1.00,1.60
2010.05.06 19:29:06.539,0.6373,0.63855,1.00,1.60
2010.05.06 19:29:08.697,0.6373,0.63855,1.00,3.20
2010.05.06 19:29:09.372,0.6373,0.6385,1.00,1.40
2010.05.06 19:29:09.708,0.6373,0.6385,1.00,1.00
2010.05.06 19:29:09.916,0.63725,0.6385,1.00,1.60
2010.05.06 19:29:11.166,0.6374,0.6385,1.00,1.00
2010.05.06 19:29:11.946,0.6374,0.63855,1.00,1.20
2010.05.06 19:29:12.297,0.6374,0.6386,1.20,1.00
2010.05.06 19:29:12.636,0.63745,0.6386,1.00,1.00
2010.05.06 19:29:13.532,0.6377,0.6386,1.00,2.40
2010.05.06 19:29:13.868,0.6377,0.6386,1.60,3.20
2010.05.06 19:29:14.690,0.63775,0.6386,1.00,1.00
2010.05.06 19:29:15.028,0.6378,0.6386,2.40,1.00
2010.05.06 19:29:16.098,0.6379,0.63875,1.00,1.00
2010.05.06 19:29:17.997,0.6379,0.6387,1.00,2.40
2010.05.06 19:29:18.787,0.63775,0.6386,2.40,1.00
2010.05.06 19:29:19.127,0.63775,0.63865,3.20,3.20
2010.05.06 19:29:19.659,0.6378,0.63865,1.00,2.40
2010.05.06 19:29:19.955,0.6378,0.63865,1.00,1.00
2010.05.06 19:29:20.250,0.6378,0.63865,2.40,1.00
2010.05.06 19:29:20.908,0.6378,0.63865,3.20,1.00
2010.05.06 19:29:21.226,0.63785,0.6387,2.40,1.00
2010.05.06 19:29:21.568,0.63785,0.63875,2.40,1.60
2010.05.06 19:29:22.230,0.63785,0.63875,1.00,3.20
2010.05.06 19:29:22.479,0.6377,0.6386,1.60,3.20
2010.05.06 19:29:24.025,0.6377,0.63855,1.00,1.00
2010.05.06 19:29:24.368,0.63765,0.63855,3.20,3.20
2010.05.06 19:29:24.817,0.6377,0.63855,1.00,2.40
2010.05.06 19:29:25.501,0.6377,0.6386,1.60,3.20
2010.05.06 19:29:25.811,0.63775,0.6386,3.20,1.00
2010.05.06 19:29:26.518,0.63775,0.63865,2.40,3.20
2010.05.06 19:29:26.815,0.6377,0.6386,1.60,3.20
2010.05.06 19:29:27.838,0.6377,0.63855,1.60,1.00
2010.05.06 19:29:28.178,0.63765,0.63855,3.20,3.20
2010.05.06 19:29:29.685,0.63765,0.63855,3.20,1.60
2010.05.06 19:29:30.030,0.6377,0.63855,1.00,1.60
2010.05.06 19:29:30.913,0.63765,0.6385,2.40,1.00
2010.05.06 19:29:31.116,0.6376,0.6385,1.60,3.20
2010.05.06 19:29:31.448,0.63755,0.63845,3.20,1.60
2010.05.06 19:29:32.249,0.63755,0.63845,1.60,3.20
2010.05.06 19:29:32.591,0.6376,0.63845,1.60,1.00
2010.05.06 19:29:32.929,0.6376,0.63845,3.20,1.00
2010.05.06 19:29:33.563,0.63765,0.6385,1.00,1.00
2010.05.06 19:29:34.213,0.63765,0.6385,3.20,1.00
2010.05.06 19:29:34.538,0.63765,0.63855,3.20,1.60
2010.05.06 19:29:35.629,0.63765,0.6385,1.00,3.20
2010.05.06 19:29:35.928,0.6376,0.6385,1.60,3.20
2010.05.06 19:29:36.908,0.63765,0.6385,1.00,1.60
2010.05.06 19:29:37.587,0.63765,0.63855,2.40,3.20
2010.05.06 19:29:38.116,0.63765,0.63855,1.00,3.20
2010.05.06 19:29:38.485,0.63775,0.63865,1.60,3.20
2010.05.06 19:29:39.805,0.63775,0.63865,3.20,1.60
2010.05.06 19:29:40.008,0.63785,0.63875,3.20,3.20
2010.05.06 19:29:40.686,0.6379,0.63875,1.00,3.20
2010.05.06 19:29:41.329,0.6379,0.63875,1.00,1.00
2010.05.06 19:29:44.867,0.6379,0.63875,2.40,1.00
2010.05.06 19:29:45.177,0.6379,0.63885,3.20,3.20
2010.05.06 19:29:45.497,0.63795,0.63885,3.20,3.20
2010.05.06 19:29:46.088,0.638,0.63885,1.60,1.60
2010.05.06 19:29:46.421,0.63805,0.6389,1.00,1.60
2010.05.06 19:29:46.748,0.63805,0.63895,1.60,3.20
2010.05.06 19:29:47.760,0.63805,0.6389,1.00,2.40
2010.05.06 19:29:48.013,0.63805,0.6389,1.60,1.00
2010.05.06 19:29:48.737,0.63805,0.6389,2.40,1.00
2010.05.06 19:29:49.076,0.6381,0.639,3.20,1.60
2010.05.06 19:29:50.440,0.63815,0.63905,3.20,1.00
2010.05.06 19:29:50.669,0.6382,0.63905,1.00,1.00
2010.05.06 19:29:51.320,0.6382,0.6391,1.00,1.60
2010.05.06 19:29:51.662,0.63825,0.6391,1.00,1.60
2010.05.06 19:29:51.998,0.63825,0.6391,1.00,1.00
2010.05.06 19:29:52.656,0.63825,0.63915,1.00,3.20
2010.05.06 19:29:54.689,0.63825,0.6391,1.00,2.40
2010.05.06 19:29:54.946,0.6382,0.6391,1.60,3.20
2010.05.06 19:29:55.006,0.6382,0.6391,1.60,1.60
2010.05.06 19:29:55.186,0.6382,0.6391,1.60,1.00
2010.05.06 19:29:55.425,0.6382,0.6391,3.20,1.00
2010.05.06 19:29:55.546,0.63825,0.6391,1.00,1.00
2010.05.06 19:29:56.056,0.63825,0.6391,2.40,1.00
2010.05.06 19:29:56.338,0.63825,0.6391,1.60,1.00
2010.05.06 19:29:56.621,0.63825,0.63915,1.60,3.20
2010.05.06 19:29:58.009,0.6382,0.6391,1.60,1.00
2010.05.06 19:29:58.687,0.6382,0.6391,3.20,1.00
2010.05.06 19:29:59.490,0.63815,0.6391,3.20,3.20
2010.05.06 19:29:59.688,0.63815,0.639,1.00,1.00
2010.05.06 19:29:59.888,0.6381,0.639,1.60,1.00
2010.05.06 19:30:00.571,0.6381,0.639,1.00,3.20
2010.05.06 19:30:01.247,0.6381,0.639,3.20,1.00
2010.05.06 19:30:02.049,0.6382,0.6391,3.20,1.60
2010.05.06 19:30:02.387,0.63825,0.6391,1.00,1.00
2010.05.06 19:30:03.550,0.6382,0.63905,1.00,1.00
2010.05.06 19:30:03.887,0.6383,0.63915,1.00,1.00
2010.05.06 19:30:04.229,0.6383,0.63915,1.60,1.00
2010.05.06 19:30:04.726,0.6383,0.6392,1.60,1.60
2010.05.06 19:30:05.072,0.6383,0.63915,1.00,1.00
2010.05.06 19:30:05.241,0.6383,0.6391,1.00,1.00
2010.05.06 19:30:05.410,0.6382,0.6391,1.00,1.60
2010.05.06 19:30:06.069,0.63815,0.639,1.00,4.00
2010.05.06 19:30:06.410,0.63805,0.6389,3.20,1.00
2010.05.06 19:30:07.230,0.6381,0.6389,1.00,1.00
2010.05.06 19:30:07.837,0.6381,0.6389,1.00,1.60
2010.05.06 19:30:08.639,0.6382,0.63895,1.60,1.00
2010.05.06 19:30:08.984,0.63825,0.63895,2.40,1.00
2010.05.06 19:30:09.922,0.6383,0.63925,2.40,3.20
2010.05.06 19:30:10.199,0.63835,0.63925,3.20,1.00
2010.05.06 19:30:10.477,0.6384,0.63925,1.00,1.00
2010.05.06 19:30:10.747,0.6384,0.6393,1.00,1.60
2010.05.06 19:30:11.808,0.6384,0.6393,1.60,1.60
2010.05.06 19:30:13.368,0.63845,0.63935,1.00,2.40
2010.05.06 19:30:13.630,0.63845,0.6393,1.00,1.00
2010.05.06 19:30:13.889,0.63845,0.6393,3.20,1.00
2010.05.06 19:30:15.157,0.6385,0.6394,3.20,1.60
2010.05.06 19:30:15.356,0.6385,0.63945,3.20,3.20
2010.05.06 19:30:16.170,0.6385,0.6394,3.20,1.60
2010.05.06 19:30:16.516,0.6387,0.63945,1.60,1.60
2010.05.06 19:30:16.861,0.6387,0.63955,2.40,1.00
2010.05.06 19:30:17.388,0.6387,0.6396,3.20,1.00
2010.05.06 19:30:17.744,0.63885,0.63965,1.00,1.00
2010.05.06 19:30:18.093,0.6389,0.63975,1.00,1.00
2010.05.06 19:30:18.861,0.6389,0.6398,3.20,1.60
2010.05.06 19:30:19.201,0.63905,0.6399,1.00,1.00
2010.05.06 19:30:20.329,0.63905,0.63995,3.20,1.00
2010.05.06 19:30:20.683,0.6391,0.63995,1.00,1.60
2010.05.06 19:30:21.895,0.6391,0.63985,1.00,1.60
2010.05.06 19:30:22.188,0.6389,0.6398,1.00,3.20
2010.05.06 19:30:23.221,0.6389,0.63975,1.00,1.60
2010.05.06 19:30:23.559,0.63885,0.6397,3.20,1.00
2010.05.06 19:30:23.899,0.63875,0.6396,1.00,2.40
2010.05.06 19:30:24.239,0.6387,0.6396,1.60,3.20
2010.05.06 19:30:25.031,0.63875,0.6396,1.00,1.00
2010.05.06 19:30:25.368,0.6387,0.6396,1.00,1.00
2010.05.06 19:30:25.718,0.6387,0.6396,1.00,3.20
2010.05.06 19:30:26.867,0.63865,0.63945,1.00,1.00
2010.05.06 19:30:27.564,0.6386,0.63945,3.20,1.20
2010.05.06 19:30:27.840,0.6386,0.6394,1.60,1.20
2010.05.06 19:30:28.109,0.63865,0.6394,1.00,1.20
2010.05.06 19:30:28.917,0.63855,0.63935,2.50,1.00
2010.05.06 19:30:29.257,0.63855,0.63925,1.00,1.00
2010.05.06 19:30:29.597,0.63845,0.6392,1.00,1.00
2010.05.06 19:30:30.407,0.63835,0.6392,1.60,1.00
2010.05.06 19:30:32.106,0.6384,0.6392,2.40,1.00
2010.05.06 19:30:32.910,0.63845,0.63925,1.60,1.00
2010.05.06 19:30:33.247,0.63845,0.63925,1.60,1.40
2010.05.06 19:30:34.379,0.63845,0.6393,2.40,2.80
2010.05.06 19:30:34.841,0.63845,0.63925,2.80,1.00
2010.05.06 19:30:35.631,0.6385,0.63935,1.00,1.60
2010.05.06 19:30:35.969,0.63845,0.63935,3.20,5.60
2010.05.06 19:30:37.633,0.6385,0.63935,1.70,3.60
2010.05.06 19:30:37.889,0.6386,0.63935,1.00,1.00
2010.05.06 19:30:38.550,0.6386,0.63935,2.90,1.00
2010.05.06 19:30:38.879,0.6386,0.63945,3.20,2.80
2010.05.06 19:30:39.676,0.6386,0.63945,3.70,2.00
2010.05.06 19:30:40.638,0.63875,0.6395,4.10,1.00
2010.05.06 19:30:40.948,0.6388,0.6395,1.00,1.00
2010.05.06 19:30:41.767,0.6388,0.63945,1.00,1.00
2010.05.06 19:30:42.109,0.63875,0.6395,1.00,2.40
2010.05.06 19:30:42.448,0.6387,0.6395,1.00,2.40
2010.05.06 19:30:43.247,0.6387,0.6395,1.00,2.80
2010.05.06 19:30:43.588,0.6387,0.6395,2.50,2.00
2010.05.06 19:30:44.116,0.6387,0.6395,2.10,2.00
2010.05.06 19:30:44.467,0.6394,0.6396,1.00,1.00
2010.05.06 19:30:44.817,0.63935,0.6396,1.60,1.00
2010.05.06 19:30:45.611,0.6392,0.6399,2.70,1.60
2010.05.06 19:30:46.291,0.6392,0.6399,1.00,1.60
2010.05.06 19:30:46.790,0.63925,0.6399,1.00,1.00
2010.05.06 19:30:47.133,0.6392,0.6399,2.00,1.00
2010.05.06 19:30:47.479,0.6392,0.6399,1.00,3.20
2010.05.06 19:30:48.283,0.63935,0.63995,1.00,1.00
2010.05.06 19:30:48.630,0.6394,0.64015,2.10,1.00
2010.05.06 19:30:48.969,0.63945,0.64015,2.10,1.00
2010.05.06 19:30:49.790,0.63955,0.64025,2.10,4.00
2010.05.06 19:30:50.130,0.6396,0.64025,1.00,1.00
2010.05.06 19:30:50.632,0.63955,0.64025,1.60,1.00
2010.05.06 19:30:50.930,0.63955,0.64015,1.00,2.40
2010.05.06 19:30:51.229,0.63965,0.6401,1.00,1.00
2010.05.06 19:30:52.011,0.6395,0.6401,2.00,1.00
2010.05.06 19:30:52.480,0.6395,0.64025,2.00,3.30
2010.05.06 19:30:53.288,0.6395,0.6402,2.00,1.00
2010.05.06 19:30:53.629,0.63945,0.64015,1.00,3.70
2010.05.06 19:30:53.969,0.63945,0.6401,1.00,1.00
2010.05.06 19:30:54.466,0.63945,0.6401,1.00,1.60
2010.05.06 19:30:55.088,0.6394,0.6401,2.10,1.70
2010.05.06 19:30:56.178,0.6394,0.6401,1.00,1.70
2010.05.06 19:30:59.092,0.6393,0.6399,1.00,2.40
2010.05.06 19:30:59.428,0.6393,0.6399,1.00,4.80
2010.05.06 19:30:59.939,0.6392,0.6399,1.00,4.80
2010.05.06 19:31:00.267,0.6391,0.63985,1.00,1.00
2010.05.06 19:31:00.590,0.63915,0.63985,1.00,1.00
2010.05.06 19:31:01.332,0.63915,0.6399,1.00,1.60
2010.05.06 19:31:01.668,0.63915,0.63985,1.00,2.40
2010.05.06 19:31:02.655,0.63915,0.63985,1.00,2.00
2010.05.06 19:31:03.493,0.6391,0.6398,1.00,1.00
2010.05.06 19:31:04.339,0.6392,0.63985,1.00,2.10
2010.05.06 19:31:04.644,0.63915,0.63985,1.00,2.00
2010.05.06 19:31:05.340,0.63915,0.63985,1.00,2.80
2010.05.06 19:31:05.659,0.6392,0.63985,1.00,2.80
2010.05.06 19:31:07.261,0.6392,0.63975,1.00,1.00
2010.05.06 19:31:07.598,0.63915,0.63975,1.00,1.00
2010.05.06 19:31:08.888,0.63905,0.6397,2.00,1.00
2010.05.06 19:31:09.410,0.63905,0.6397,1.60,1.00
2010.05.06 19:31:09.751,0.6389,0.6396,2.60,1.00
2010.05.06 19:31:09.999,0.6389,0.6396,1.00,2.00
2010.05.06 19:31:10.711,0.6388,0.6395,1.00,1.00
2010.05.06 19:31:10.990,0.63875,0.63945,1.00,2.10
2010.05.06 19:31:11.267,0.63875,0.63945,1.00,2.10
2010.05.06 19:31:12.020,0.63875,0.63935,1.00,1.00
2010.05.06 19:31:12.357,0.6388,0.63935,1.00,1.00
2010.05.06 19:31:13.090,0.63875,0.63935,1.00,1.00
2010.05.06 19:31:13.428,0.6387,0.6393,1.00,2.10
2010.05.06 19:31:13.767,0.63865,0.63925,1.00,2.00
2010.05.06 19:31:14.602,0.6386,0.6392,1.00,1.00
2010.05.06 19:31:16.101,0.63865,0.63925,1.00,1.00
2010.05.06 19:31:16.758,0.63865,0.6393,1.00,4.40
2010.05.06 19:31:17.535,0.63865,0.6393,2.10,1.00
2010.05.06 19:31:17.857,0.6387,0.6393,1.00,1.00
2010.05.06 19:31:18.956,0.63875,0.6394,1.00,1.30
2010.05.06 19:31:19.249,0.6388,0.63935,1.00,1.00
2010.05.06 19:31:19.550,0.63875,0.63935,1.00,1.00
2010.05.06 19:31:20.297,0.63865,0.63935,2.10,1.00
2010.05.06 19:31:21.315,0.6387,0.63935,1.00,1.00
2010.05.06 19:31:21.670,0.63875,0.63935,1.00,1.00
2010.05.06 19:31:23.148,0.63875,0.6394,1.00,1.00
2010.05.06 19:31:23.506,0.6388,0.63935,1.00,1.00
2010.05.06 19:31:24.230,0.6388,0.6394,1.00,1.00
2010.05.06 19:31:24.480,0.6388,0.63945,1.00,1.00
2010.05.06 19:31:24.820,0.63875,0.63945,2.00,1.00
2010.05.06 19:31:25.298,0.63875,0.63945,1.60,1.00
2010.05.06 19:31:25.640,0.6384,0.63925,1.20,3.20
2010.05.06 19:31:25.978,0.6384,0.6392,2.00,2.30
2010.05.06 19:31:26.652,0.63835,0.63915,1.60,1.60
2010.05.06 19:31:26.960,0.6387,0.6392,1.00,2.40
2010.05.06 19:31:28.095,0.63875,0.63925,3.60,1.00
2010.05.06 19:31:28.440,0.63875,0.6393,3.60,1.70
2010.05.06 19:31:28.777,0.6388,0.6393,3.60,1.00
2010.05.06 19:31:29.578,0.6388,0.6393,3.60,1.00
2010.05.06 19:31:31.499,0.6389,0.63935,1.00,1.00
2010.05.06 19:31:31.768,0.6389,0.6394,3.60,1.00
2010.05.06 19:31:32.642,0.63895,0.63945,1.00,1.60
2010.05.06 19:31:32.889,0.63885,0.63945,4.40,1.00
2010.05.06 19:31:33.597,0.6389,0.6395,1.00,1.60
2010.05.06 19:31:33.940,0.63895,0.63955,1.00,4.00
2010.05.06 19:31:34.281,0.63895,0.63955,2.00,1.60
2010.05.06 19:31:35.097,0.63895,0.6396,3.60,4.10
2010.05.06 19:31:35.810,0.63895,0.6396,2.00,4.10
2010.05.06 19:31:36.808,0.63905,0.6396,1.00,3.20
2010.05.06 19:31:37.107,0.6391,0.6396,1.00,1.00
2010.05.06 19:31:37.615,0.6391,0.6396,1.60,1.00
2010.05.06 19:31:37.926,0.63905,0.63975,1.00,1.60
2010.05.06 19:31:40.530,0.639,0.6397,2.00,1.60
2010.05.06 19:31:40.829,0.63895,0.6397,2.00,2.40
2010.05.06 19:31:41.126,0.63895,0.63965,2.00,1.00
2010.05.06 19:31:42.048,0.639,0.63965,1.00,1.00
2010.05.06 19:31:42.387,0.63885,0.6396,1.00,1.00
2010.05.06 19:31:42.647,0.6388,0.6396,1.00,4.80
2010.05.06 19:31:43.381,0.63875,0.6396,1.00,1.60
2010.05.06 19:31:43.639,0.63875,0.6396,1.20,2.40
2010.05.06 19:31:44.561,0.63875,0.63965,1.00,3.20
2010.05.06 19:31:44.900,0.63875,0.6396,1.00,2.40
2010.05.06 19:31:45.690,0.63875,0.6396,1.00,3.20
2010.05.06 19:31:45.971,0.63875,0.6396,1.00,4.00
2010.05.06 19:31:46.248,0.6387,0.6396,2.40,3.20
2010.05.06 19:31:47.099,0.6387,0.63955,1.00,1.00
2010.05.06 19:31:47.437,0.6387,0.63955,1.00,1.60
2010.05.06 19:31:47.913,0.6387,0.63955,1.00,1.00
2010.05.06 19:31:49.376,0.6387,0.63955,1.20,1.00
2010.05.06 19:31:50.068,0.6387,0.63955,1.00,1.00
2010.05.06 19:31:50.931,0.6387,0.63955,3.20,1.00
2010.05.06 19:31:51.250,0.6388,0.6396,1.00,1.00
2010.05.06 19:31:52.348,0.63885,0.6397,1.00,3.20
2010.05.06 19:31:52.667,0.6388,0.6397,1.60,3.20
2010.05.06 19:31:53.490,0.6388,0.6397,1.60,2.40
2010.05.06 19:31:53.793,0.6389,0.63975,1.00,1.00
2010.05.06 19:31:55.112,0.6389,0.63975,1.00,1.60
2010.05.06 19:31:58.326,0.63885,0.6397,1.00,1.00
2010.05.06 19:31:58.988,0.6388,0.6397,1.60,3.20
2010.05.06 19:31:59.780,0.63875,0.63965,3.20,3.20
2010.05.06 19:32:00.846,0.63875,0.6396,3.20,1.00
2010.05.06 19:32:01.107,0.63875,0.6396,1.00,1.00
2010.05.06 19:32:01.787,0.6388,0.6396,1.00,1.00
2010.05.06 19:32:02.530,0.63875,0.63965,3.20,1.00
2010.05.06 19:32:02.821,0.63875,0.63965,1.60,1.60
2010.05.06 19:32:03.567,0.63875,0.63965,1.00,3.20
2010.05.06 19:32:03.868,0.6387,0.6396,1.00,2.40
2010.05.06 19:32:04.211,0.6387,0.6396,1.00,1.60
2010.05.06 19:32:04.770,0.6387,0.6396,3.20,2.40
2010.05.06 19:32:05.129,0.63905,0.6398,1.00,1.00
2010.05.06 19:32:06.254,0.63905,0.6399,1.60,1.00
2010.05.06 19:32:06.598,0.63905,0.6399,1.00,1.60
2010.05.06 19:32:07.383,0.63905,0.6399,1.60,1.60
2010.05.06 19:32:07.730,0.63905,0.63995,3.20,3.20
2010.05.06 19:32:09.131,0.63905,0.63995,3.20,1.00
2010.05.06 19:32:09.419,0.6391,0.6399,1.00,2.40
2010.05.06 19:32:09.710,0.63905,0.6399,1.00,2.40
2010.05.06 19:32:10.196,0.639,0.63985,1.00,1.00
2010.05.06 19:32:10.511,0.63895,0.6398,1.00,2.40
2010.05.06 19:32:10.844,0.6389,0.6398,1.00,3.20
2010.05.06 19:32:11.678,0.63885,0.63975,3.20,1.60
2010.05.06 19:32:12.822,0.6389,0.63975,1.60,1.00
2010.05.06 19:32:13.164,0.63925,0.64005,1.00,1.00
2010.05.06 19:32:14.242,0.63925,0.64005,1.00,3.20
2010.05.06 19:32:14.534,0.6392,0.64005,1.00,3.20
2010.05.06 19:32:14.880,0.6394,0.64,1.00,1.00
2010.05.06 19:32:15.580,0.63955,0.64015,1.00,2.40
2010.05.06 19:32:15.843,0.63945,0.6402,1.00,1.00
2010.05.06 19:32:16.107,0.63935,0.6402,1.60,1.00
2010.05.06 19:32:16.368,0.6395,0.64015,1.00,1.00
2010.05.06 19:32:16.630,0.63945,0.6401,1.00,1.00
2010.05.06 19:32:17.451,0.6392,0.63995,1.00,1.00
2010.05.06 19:32:17.796,0.63935,0.64,1.00,1.00
2010.05.06 19:32:18.518,0.6394,0.64,1.00,1.00
2010.05.06 19:32:18.820,0.63955,0.64025,1.00,1.00
2010.05.06 19:32:19.117,0.6394,0.64005,1.00,1.00
2010.05.06 19:32:19.763,0.6392,0.64005,1.00,2.40
2010.05.06 19:32:20.080,0.6392,0.64005,1.70,1.00
2010.05.06 19:32:21.211,0.63925,0.63995,1.00,2.40
2010.05.06 19:32:21.552,0.63925,0.64,1.00,3.20
2010.05.06 19:32:23.037,0.63925,0.64,1.00,4.10
2010.05.06 19:32:23.656,0.6393,0.64,1.00,4.00
2010.05.06 19:32:24.260,0.6393,0.64,1.00,4.10
2010.05.06 19:32:24.407,0.63925,0.64,1.00,4.10
2010.05.06 19:32:24.777,0.6393,0.63995,1.00,1.00
2010.05.06 19:32:25.360,0.63925,0.63995,1.00,1.70
2010.05.06 19:32:25.521,0.6392,0.6399,1.00,1.60
2010.05.06 19:32:27.930,0.6392,0.6399,1.00,4.10
2010.05.06 19:32:28.911,0.6392,0.63985,1.00,1.60
2010.05.06 19:32:29.249,0.6392,0.63985,1.00,2.40
2010.05.06 19:32:29.591,0.6392,0.6398,1.00,1.00
2010.05.06 19:32:29.929,0.63915,0.6398,1.00,1.00
2010.05.06 19:32:31.227,0.6392,0.6398,1.00,3.20
2010.05.06 19:32:31.882,0.6391,0.6398,1.00,3.20
2010.05.06 19:32:32.120,0.6391,0.6398,1.00,3.30
2010.05.06 19:32:33.267,0.6391,0.63975,1.00,1.60
2010.05.06 19:32:33.917,0.639,0.6397,1.00,1.00
2010.05.06 19:32:34.728,0.63905,0.63975,1.00,1.00
2010.05.06 19:32:34.991,0.63905,0.63975,1.00,4.10
2010.05.06 19:32:36.040,0.63905,0.6397,1.00,1.60
2010.05.06 19:32:38.980,0.63895,0.63965,1.00,1.00
2010.05.06 19:32:39.308,0.639,0.63965,1.00,1.00
2010.05.06 19:32:40.179,0.6389,0.63965,1.00,1.00
2010.05.06 19:32:40.450,0.63875,0.6396,1.00,1.00
2010.05.06 19:32:40.717,0.63875,0.6396,1.00,1.60
2010.05.06 19:32:41.723,0.63875,0.6396,1.00,1.60
2010.05.06 19:32:42.012,0.63875,0.63955,1.00,1.60
2010.05.06 19:32:42.290,0.63875,0.63955,1.00,1.00
2010.05.06 19:32:43.769,0.63875,0.6395,1.00,1.00
2010.05.06 19:32:44.589,0.63885,0.63965,1.00,3.20
2010.05.06 19:32:44.931,0.63875,0.6396,1.00,4.00
2010.05.06 19:32:45.909,0.63875,0.63955,1.00,2.40
2010.05.06 19:32:47.065,0.6388,0.63955,1.00,3.20
2010.05.06 19:32:47.229,0.63885,0.63965,1.00,2.40
2010.05.06 19:32:47.388,0.63885,0.63965,1.00,3.20
2010.05.06 19:32:48.030,0.6388,0.63965,1.00,3.20
2010.05.06 19:32:48.187,0.6388,0.63965,1.00,4.00
2010.05.06 19:32:49.320,0.6388,0.6396,1.00,1.00
2010.05.06 19:32:50.484,0.63875,0.6396,1.00,1.00
2010.05.06 19:32:50.809,0.63875,0.6396,1.00,3.20
2010.05.06 19:32:51.126,0.63875,0.63955,1.00,1.00
2010.05.06 19:32:51.449,0.63875,0.63955,1.00,3.20
2010.05.06 19:32:51.768,0.63875,0.63955,1.00,4.00
2010.05.06 19:32:52.067,0.63875,0.63955,1.00,3.20
2010.05.06 19:32:53.002,0.63875,0.63955,1.00,1.00
2010.05.06 19:32:54.746,0.6388,0.63955,1.00,1.00
2010.05.06 19:32:55.528,0.6388,0.6396,1.00,2.40
2010.05.06 19:32:55.868,0.6388,0.6396,1.00,4.00
2010.05.06 19:32:58.839,0.6387,0.63955,1.00,3.20
2010.05.06 19:32:59.179,0.63875,0.63955,1.00,3.20
2010.05.06 19:32:59.659,0.63875,0.63955,1.00,1.00
2010.05.06 19:33:00.001,0.63875,0.63955,1.00,4.00
2010.05.06 19:33:01.139,0.6386,0.63945,1.00,3.20
2010.05.06 19:33:01.417,0.63865,0.63945,1.00,1.00
2010.05.06 19:33:01.757,0.6388,0.6395,1.00,1.60
2010.05.06 19:33:02.549,0.6388,0.63955,1.00,1.00
2010.05.06 19:33:03.358,0.63885,0.63965,1.00,1.60
2010.05.06 19:33:04.070,0.63885,0.6397,1.00,4.00
2010.05.06 19:33:04.298,0.63885,0.6397,3.20,1.00
2010.05.06 19:33:04.622,0.63885,0.63965,3.20,1.00
2010.05.06 19:33:05.258,0.63885,0.6397,3.20,1.00
2010.05.06 19:33:05.588,0.63885,0.6397,3.30,1.00
2010.05.06 19:33:07.107,0.6389,0.6397,1.00,1.00
2010.05.06 19:33:07.448,0.63895,0.6397,1.00,1.00
2010.05.06 19:33:08.960,0.63885,0.6397,1.00,1.00
2010.05.06 19:33:09.256,0.63885,0.63965,1.00,1.00
2010.05.06 19:33:12.507,0.6389,0.63965,1.00,1.00
2010.05.06 19:33:12.860,0.6389,0.63965,1.00,1.00
2010.05.06 19:33:13.068,0.63895,0.63985,3.20,1.60
2010.05.06 19:33:14.208,0.63895,0.63975,1.00,1.00
2010.05.06 19:33:15.638,0.63895,0.6396,1.00,1.00
2010.05.06 19:33:15.978,0.6389,0.63965,1.00,1.00
2010.05.06 19:33:16.455,0.63885,0.63965,1.00,1.00
2010.05.06 19:33:16.800,0.63885,0.63965,3.20,1.00
2010.05.06 19:33:17.138,0.63885,0.6397,3.20,1.00
2010.05.06 19:33:18.201,0.63875,0.6395,1.00,1.00
2010.05.06 19:33:19.713,0.6387,0.63955,1.60,1.00
2010.05.06 19:33:20.058,0.6387,0.63945,1.00,1.00
2010.05.06 19:33:20.397,0.63865,0.63945,3.20,1.00
2010.05.06 19:33:21.181,0.63865,0.63945,1.00,1.00
2010.05.06 19:33:21.486,0.63865,0.63945,3.20,1.00
2010.05.06 19:33:22.710,0.63875,0.6396,3.20,1.00
2010.05.06 19:33:23.048,0.6388,0.63955,1.60,1.00
2010.05.06 19:33:24.539,0.63885,0.63965,1.00,1.60
2010.05.06 19:33:25.388,0.63875,0.6395,3.20,1.00
2010.05.06 19:33:25.727,0.63875,0.6395,1.00,1.00
2010.05.06 19:33:26.069,0.6387,0.63935,1.00,1.00
2010.05.06 19:33:26.583,0.63865,0.63935,1.60,1.00
2010.05.06 19:33:26.897,0.6386,0.63935,1.00,1.00
2010.05.06 19:33:27.207,0.6386,0.63945,1.00,1.00
2010.05.06 19:33:27.518,0.6387,0.63955,1.00,1.60
2010.05.06 19:33:28.001,0.6387,0.63955,2.40,1.60
2010.05.06 19:33:28.329,0.6389,0.6396,1.00,1.00
2010.05.06 19:33:28.658,0.6389,0.6398,1.60,2.40
2010.05.06 19:33:28.989,0.63895,0.6397,1.00,1.00
2010.05.06 19:33:30.637,0.6389,0.63965,1.00,1.00
2010.05.06 19:33:31.767,0.63885,0.63965,1.60,1.00
2010.05.06 19:33:33.539,0.63885,0.63965,3.20,1.00
2010.05.06 19:33:33.800,0.6389,0.63965,1.00,1.00
2010.05.06 19:33:37.458,0.6389,0.6397,1.00,1.00
2010.05.06 19:33:38.204,0.6389,0.6398,1.60,3.20
2010.05.06 19:33:38.512,0.63915,0.63995,3.20,1.00
2010.05.06 19:33:38.820,0.6392,0.63995,1.00,1.00
2010.05.06 19:33:39.159,0.63915,0.63985,1.00,1.00
2010.05.06 19:33:39.961,0.6391,0.6399,1.60,1.00
2010.05.06 19:33:43.720,0.6391,0.6398,1.60,1.00
2010.05.06 19:33:43.829,0.6391,0.63985,3.20,1.00
2010.05.06 19:33:44.496,0.6391,0.63985,1.60,1.00
2010.05.06 19:33:45.177,0.6391,0.63995,1.60,1.60
2010.05.06 19:33:45.899,0.6391,0.63985,1.60,1.00
2010.05.06 19:33:47.095,0.63905,0.63985,3.20,1.00
2010.05.06 19:33:47.441,0.639,0.63985,1.60,1.00
2010.05.06 19:33:48.677,0.63905,0.6399,1.20,2.40
2010.05.06 19:33:49.230,0.6392,0.6399,1.00,1.00
2010.05.06 19:33:49.570,0.6393,0.6401,1.00,1.00
2010.05.06 19:33:50.207,0.63925,0.6401,3.20,1.00
2010.05.06 19:33:53.200,0.6394,0.6401,1.00,1.00
2010.05.06 19:33:53.541,0.6395,0.64025,1.00,1.00
2010.05.06 19:33:53.880,0.63945,0.64025,3.20,1.00
2010.05.06 19:33:54.930,0.63945,0.6403,3.20,1.00
2010.05.06 19:33:55.239,0.63945,0.6403,1.00,1.60
2010.05.06 19:33:56.177,0.63945,0.64025,1.00,1.00
2010.05.06 19:33:57.018,0.63945,0.6402,1.00,1.00
2010.05.06 19:33:57.298,0.63945,0.64025,1.00,1.00
2010.05.06 19:33:59.819,0.6394,0.6402,1.00,1.00
2010.05.06 19:34:00.158,0.6394,0.64025,1.60,1.00
2010.05.06 19:34:01.293,0.63935,0.64015,1.00,1.00
2010.05.06 19:34:02.017,0.63935,0.64015,2.40,1.00
2010.05.06 19:34:02.699,0.63955,0.64035,1.00,1.00
2010.05.06 19:34:03.039,0.6395,0.64025,1.00,1.00
2010.05.06 19:34:03.380,0.63945,0.64025,1.00,1.00
2010.05.06 19:34:03.720,0.63935,0.64015,1.60,1.00
2010.05.06 19:34:04.838,0.6393,0.64015,2.40,1.60
2010.05.06 19:34:05.127,0.63925,0.64015,4.10,2.40
2010.05.06 19:34:06.089,0.63915,0.6399,1.00,1.00
2010.05.06 19:34:06.279,0.639,0.63975,1.00,1.00
2010.05.06 19:34:06.647,0.639,0.63985,1.60,1.60
2010.05.06 19:34:07.771,0.63895,0.63975,4.00,1.00
2010.05.06 19:34:08.110,0.63895,0.63975,3.20,1.00
2010.05.06 19:34:08.714,0.639,0.63985,1.60,1.60
2010.05.06 19:34:09.040,0.639,0.6399,3.20,2.40
2010.05.06 19:34:09.360,0.6392,0.6399,1.60,1.60
2010.05.06 19:34:09.677,0.63925,0.6399,1.00,1.00
2010.05.06 19:34:10.165,0.63925,0.6401,1.00,1.60
2010.05.06 19:34:11.507,0.6392,0.64005,3.20,1.00
2010.05.06 19:34:11.626,0.6392,0.64005,1.60,1.00
2010.05.06 19:34:12.565,0.63915,0.6399,1.60,1.00
2010.05.06 19:34:12.908,0.639,0.6399,1.60,4.00
2010.05.06 19:34:14.031,0.63915,0.64,3.20,1.00
2010.05.06 19:34:14.647,0.63915,0.64005,3.20,3.20
2010.05.06 19:34:15.179,0.63915,0.64005,3.20,1.60
2010.05.06 19:34:15.474,0.6394,0.6401,1.00,1.00
2010.05.06 19:34:15.769,0.63945,0.64025,1.00,1.60
2010.05.06 19:34:17.156,0.6396,0.6402,1.00,1.00
2010.05.06 19:34:18.132,0.63965,0.64025,1.00,1.00
2010.05.06 19:34:18.398,0.63965,0.6403,1.00,1.00
2010.05.06 19:34:19.080,0.63955,0.64025,1.00,1.00
2010.05.06 19:34:19.881,0.6395,0.6402,1.00,1.00
2010.05.06 19:34:20.220,0.63955,0.6402,1.00,1.00
2010.05.06 19:34:20.767,0.63945,0.6401,1.00,1.00
2010.05.06 19:34:20.888,0.63945,0.64005,1.00,1.00
2010.05.06 19:34:21.387,0.63935,0.64005,1.00,1.00
2010.05.06 19:34:21.701,0.63935,0.64005,1.00,1.60
2010.05.06 19:34:22.009,0.63925,0.6401,1.00,2.40
2010.05.06 19:34:22.757,0.63925,0.6401,1.00,2.40
2010.05.06 19:34:23.110,0.63945,0.6402,1.00,2.50
2010.05.06 19:34:23.450,0.63935,0.6401,1.00,1.60
2010.05.06 19:34:23.787,0.63935,0.6401,1.00,2.40
2010.05.06 19:34:24.632,0.63935,0.6401,1.00,1.60
2010.05.06 19:34:27.248,0.6394,0.6401,1.00,1.60
2010.05.06 19:34:27.557,0.63955,0.6403,1.00,3.30
2010.05.06 19:34:28.308,0.63965,0.6403,1.00,1.00
2010.05.06 19:34:31.431,0.63965,0.6402,1.00,1.00
2010.05.06 19:34:33.878,0.6397,0.64035,1.00,1.00
2010.05.06 19:34:34.579,0.6396,0.64015,1.00,1.00
2010.05.06 19:34:34.838,0.6397,0.64015,1.00,1.00
2010.05.06 19:34:35.178,0.6396,0.64015,1.00,1.00
2010.05.06 19:34:35.699,0.63965,0.64015,1.00,1.00
2010.05.06 19:34:35.950,0.63965,0.6402,1.00,1.00
2010.05.06 19:34:38.110,0.63965,0.64035,1.00,1.00
2010.05.06 19:34:38.535,0.6398,0.64035,1.00,1.00
2010.05.06 19:34:38.867,0.6399,0.64045,1.00,2.40
2010.05.06 19:34:39.384,0.6399,0.6404,1.00,1.00
2010.05.06 19:34:40.080,0.6397,0.6404,1.00,1.00
2010.05.06 19:34:40.581,0.6397,0.6403,1.00,1.00
2010.05.06 19:34:40.901,0.63975,0.64025,1.00,1.00
2010.05.06 19:34:41.228,0.6398,0.64025,1.00,1.00
2010.05.06 19:34:41.557,0.6398,0.64035,1.00,1.00
2010.05.06 19:34:42.315,0.6399,0.6405,1.00,1.00
2010.05.06 19:34:42.612,0.63985,0.6405,1.00,1.00
2010.05.06 19:34:42.907,0.6399,0.6405,1.00,1.00
2010.05.06 19:34:43.670,0.64,0.6405,1.00,1.00
2010.05.06 19:34:44.688,0.63985,0.6404,1.00,1.00
2010.05.06 19:34:45.529,0.6399,0.6404,1.00,1.00
2010.05.06 19:34:45.806,0.6398,0.64045,1.00,1.00
2010.05.06 19:34:46.068,0.6398,0.64035,1.00,1.00
2010.05.06 19:34:46.811,0.6398,0.64035,1.00,1.00
2010.05.06 19:34:47.147,0.6398,0.6403,1.00,1.00
2010.05.06 19:34:47.489,0.63975,0.6403,1.00,1.00
2010.05.06 19:34:48.301,0.63975,0.64025,1.00,1.00
2010.05.06 19:34:49.751,0.63955,0.6401,1.00,1.00
2010.05.06 19:34:50.088,0.63945,0.6401,1.00,1.00
2010.05.06 19:34:53.008,0.63945,0.6401,3.20,1.00
2010.05.06 19:34:53.168,0.6395,0.64025,1.00,1.00
2010.05.06 19:34:53.327,0.6395,0.64035,1.00,1.60
2010.05.06 19:34:54.119,0.63955,0.6402,3.30,1.00
2010.05.06 19:34:55.981,0.6396,0.6402,1.00,1.00
2010.05.06 19:34:56.317,0.63955,0.6402,3.30,1.00
2010.05.06 19:34:56.800,0.6396,0.6402,1.00,1.00
2010.05.06 19:34:57.138,0.6396,0.64025,3.30,1.00
2010.05.06 19:34:57.718,0.63965,0.64025,1.60,1.00
2010.05.06 19:34:57.921,0.63965,0.64025,1.00,1.00
2010.05.06 19:34:58.527,0.6396,0.6402,1.60,1.00
2010.05.06 19:34:58.871,0.63975,0.64045,1.00,1.00
2010.05.06 19:34:59.858,0.63975,0.6405,1.00,1.00
2010.05.06 19:35:00.193,0.63965,0.6403,3.30,1.00
2010.05.06 19:35:00.518,0.63965,0.6402,1.00,1.00
2010.05.06 19:35:01.040,0.6396,0.6402,1.00,1.00
2010.05.06 19:35:01.381,0.63955,0.6402,3.30,1.00
2010.05.06 19:35:04.137,0.63955,0.64015,3.30,1.00
2010.05.06 19:35:05.265,0.6396,0.64015,1.60,1.00
2010.05.06 19:35:05.420,0.63965,0.6404,1.00,1.00
2010.05.06 19:35:06.084,0.6398,0.6404,1.00,1.00
2010.05.06 19:35:07.598,0.6397,0.6403,1.60,1.00
2010.05.06 19:35:07.788,0.6396,0.6403,1.70,1.00
2010.05.06 19:35:08.334,0.63965,0.6403,2.00,1.00
2010.05.06 19:35:08.621,0.6397,0.64045,1.60,1.00
2010.05.06 19:35:08.908,0.6398,0.64045,1.00,1.00
2010.05.06 19:35:09.917,0.63985,0.64045,1.00,1.00
2010.05.06 19:35:10.258,0.63985,0.64045,1.00,1.00
2010.05.06 19:35:10.745,0.6398,0.6404,1.00,1.00
2010.05.06 19:35:11.096,0.6395,0.6401,1.00,1.00
2010.05.06 19:35:12.899,0.6395,0.64005,1.00,1.00
2010.05.06 19:35:13.862,0.63945,0.6401,1.00,1.00
2010.05.06 19:35:14.179,0.6395,0.6402,1.00,1.00
2010.05.06 19:35:14.521,0.63965,0.6402,1.00,1.00
2010.05.06 19:35:15.321,0.63965,0.64025,1.00,1.00
2010.05.06 19:35:15.657,0.63975,0.64025,1.00,1.00
2010.05.06 19:35:16.768,0.6398,0.64025,1.00,1.00
2010.05.06 19:35:17.909,0.6398,0.6403,1.00,1.00
2010.05.06 19:35:18.704,0.6398,0.64035,1.00,1.00
2010.05.06 19:35:19.021,0.6398,0.6403,1.00,1.00
2010.05.06 19:35:19.638,0.63975,0.6403,1.00,1.00
2010.05.06 19:35:20.429,0.6396,0.64025,1.00,1.00
2010.05.06 19:35:20.767,0.6397,0.64035,1.00,1.00
2010.05.06 19:35:21.591,0.63955,0.6403,1.00,1.00
2010.05.06 19:35:21.930,0.63955,0.6403,1.00,1.00
2010.05.06 19:35:22.861,0.6396,0.6403,1.00,1.00
2010.05.06 19:35:23.200,0.63975,0.64035,1.00,1.00
2010.05.06 19:35:23.961,0.6396,0.64035,1.00,1.00
2010.05.06 19:35:24.261,0.6397,0.64035,1.00,1.00
2010.05.06 19:35:24.559,0.6396,0.6403,1.00,1.00
2010.05.06 19:35:25.642,0.6397,0.64035,1.00,1.00
2010.05.06 19:35:25.980,0.63975,0.6404,1.00,1.00
2010.05.06 19:35:27.125,0.63975,0.64045,1.00,1.00
2010.05.06 19:35:27.589,0.6398,0.64045,1.00,1.00
2010.05.06 19:35:28.824,0.63965,0.64035,1.00,1.00
2010.05.06 19:35:29.170,0.6397,0.64035,1.00,1.00
2010.05.06 19:35:30.469,0.63975,0.6404,1.00,1.00
2010.05.06 19:35:31.223,0.63975,0.64045,1.00,1.00
2010.05.06 19:35:31.749,0.6398,0.64045,1.00,1.00
2010.05.06 19:35:33.060,0.6397,0.6404,1.00,1.60
2010.05.06 19:35:33.399,0.6397,0.6404,1.00,1.00
2010.05.06 19:35:34.688,0.63975,0.6404,1.00,1.00
2010.05.06 19:35:35.534,0.6398,0.6404,1.00,1.00
2010.05.06 19:35:35.798,0.63985,0.64045,1.00,1.00
2010.05.06 19:35:36.340,0.6399,0.64055,1.00,1.70
2010.05.06 19:35:37.104,0.63995,0.6406,1.00,1.00
2010.05.06 19:35:37.449,0.64,0.64065,1.00,1.00
2010.05.06 19:35:37.790,0.6399,0.6406,1.00,1.00
2010.05.06 19:35:38.897,0.64005,0.6406,1.00,1.00
2010.05.06 19:35:39.207,0.6399,0.6406,1.00,1.00
2010.05.06 19:35:41.531,0.63995,0.6406,1.00,1.00
2010.05.06 19:35:43.819,0.6401,0.6407,1.00,1.00
2010.05.06 19:35:44.140,0.64005,0.6407,1.00,1.00
2010.05.06 19:35:44.481,0.64,0.64065,1.00,1.00
2010.05.06 19:35:44.966,0.64005,0.64065,1.00,1.00
2010.05.06 19:35:45.221,0.64005,0.64075,1.00,1.00
2010.05.06 19:35:45.469,0.6401,0.64075,1.00,1.00
2010.05.06 19:35:45.718,0.6401,0.64075,1.00,1.00
2010.05.06 19:35:46.489,0.64005,0.64075,1.00,1.00
2010.05.06 19:35:46.829,0.64005,0.64075,1.00,1.70
2010.05.06 19:35:47.169,0.64005,0.64075,1.00,1.60
2010.05.06 19:35:47.972,0.6402,0.6409,1.00,1.00
2010.05.06 19:35:48.310,0.64025,0.6409,1.00,1.00
2010.05.06 19:35:49.153,0.6402,0.6409,1.00,1.00
2010.05.06 19:35:49.502,0.64025,0.6409,1.00,1.00
2010.05.06 19:35:50.989,0.64025,0.64085,1.00,1.00
2010.05.06 19:35:51.299,0.6402,0.64085,1.00,1.00
2010.05.06 19:35:52.301,0.64025,0.64085,1.00,1.00
2010.05.06 19:35:52.743,0.6402,0.64075,1.00,1.00
2010.05.06 19:35:53.462,0.6403,0.6409,1.00,1.00
2010.05.06 19:35:53.807,0.6402,0.64085,1.00,1.00
2010.05.06 19:35:54.415,0.6402,0.64085,1.00,1.00
2010.05.06 19:35:55.102,0.64025,0.6409,1.00,1.00
2010.05.06 19:35:56.021,0.64025,0.641,1.00,1.60
2010.05.06 19:35:57.016,0.64035,0.641,1.00,1.60
2010.05.06 19:35:57.364,0.64035,0.64105,1.00,2.50
2010.05.06 19:35:58.829,0.64035,0.64095,1.00,1.00
2010.05.06 19:35:59.173,0.6403,0.64085,1.00,1.00
2010.05.06 19:35:59.936,0.64035,0.641,1.00,1.00
2010.05.06 19:36:00.254,0.6402,0.6409,1.00,1.00
2010.05.06 19:36:00.569,0.64015,0.64095,1.00,1.70
2010.05.06 19:36:01.069,0.6402,0.6409,1.00,1.00
2010.05.06 19:36:01.404,0.64025,0.6409,1.00,1.00
2010.05.06 19:36:01.708,0.6402,0.64085,1.00,1.00
2010.05.06 19:36:02.015,0.6402,0.6409,1.00,1.70
2010.05.06 19:36:02.768,0.6401,0.64075,1.00,1.00
2010.05.06 19:36:03.113,0.6401,0.64075,1.00,1.00
2010.05.06 19:36:04.491,0.64015,0.6408,1.00,1.60
2010.05.06 19:36:04.659,0.6401,0.64075,1.00,1.00
2010.05.06 19:36:04.828,0.64015,0.6408,1.00,1.00
2010.05.06 19:36:04.999,0.6401,0.6408,1.00,1.00
2010.05.06 19:36:05.471,0.64015,0.64085,1.00,2.40
2010.05.06 19:36:05.650,0.64015,0.64085,1.00,1.00
2010.05.06 19:36:05.992,0.6402,0.6409,1.00,1.00
2010.05.06 19:36:06.330,0.6403,0.6409,1.00,1.00
2010.05.06 19:36:07.033,0.64025,0.6409,1.00,1.00
2010.05.06 19:36:07.373,0.64035,0.64095,1.00,1.00
2010.05.06 19:36:09.003,0.6404,0.641,1.00,1.70
2010.05.06 19:36:09.311,0.64045,0.6411,1.00,2.40
2010.05.06 19:36:09.811,0.6405,0.6411,1.00,1.70
2010.05.06 19:36:10.275,0.6405,0.6411,1.00,1.00
2010.05.06 19:36:10.529,0.6406,0.6411,1.00,1.00
2010.05.06 19:36:10.868,0.64055,0.64115,1.00,1.70
2010.05.06 19:36:11.783,0.6405,0.6411,1.00,1.00
2010.05.06 19:36:14.380,0.6405,0.6411,1.00,1.00
2010.05.06 19:36:14.675,0.64045,0.6411,1.00,1.00
2010.05.06 19:36:14.934,0.6405,0.6411,1.00,1.00
2010.05.06 19:36:16.723,0.64045,0.64105,1.00,1.00
2010.05.06 19:36:17.077,0.6405,0.6411,1.00,1.00
2010.05.06 19:36:18.047,0.64045,0.6411,1.00,1.00
2010.05.06 19:36:18.375,0.64045,0.64105,1.00,1.00
2010.05.06 19:36:19.020,0.6406,0.6411,1.00,1.00
2010.05.06 19:36:19.778,0.6406,0.64115,1.00,1.00
2010.05.06 19:36:20.132,0.64055,0.6411,1.00,1.00
2010.05.06 19:36:20.882,0.6405,0.6411,1.00,1.00
2010.05.06 19:36:21.119,0.6405,0.64105,1.00,1.00
2010.05.06 19:36:21.460,0.6405,0.64105,1.00,1.00
2010.05.06 19:36:22.941,0.64045,0.641,1.00,1.00
2010.05.06 19:36:25.318,0.64035,0.6409,1.00,1.00
2010.05.06 19:36:25.661,0.6403,0.64085,1.00,1.00
2010.05.06 19:36:27.024,0.6404,0.64095,1.00,1.00
2010.05.06 19:36:28.059,0.6403,0.64095,1.00,1.00
2010.05.06 19:36:28.390,0.6403,0.641,1.00,1.00
2010.05.06 19:36:28.708,0.64035,0.641,1.00,1.00
2010.05.06 19:36:29.455,0.64035,0.64095,1.00,1.00
2010.05.06 19:36:29.775,0.64015,0.6409,1.00,1.00
2010.05.06 19:36:30.546,0.6401,0.6409,1.60,1.00
2010.05.06 19:36:30.892,0.64015,0.6409,1.00,1.00
2010.05.06 19:36:31.230,0.6401,0.64085,1.00,1.00
2010.05.06 19:36:32.007,0.64015,0.64085,1.00,1.00
2010.05.06 19:36:32.692,0.6402,0.6409,1.00,1.00
2010.05.06 19:36:33.463,0.6402,0.64075,1.00,1.00
2010.05.06 19:36:33.760,0.6401,0.6407,1.00,1.00
2010.05.06 19:36:34.099,0.64005,0.6407,1.00,1.00
2010.05.06 19:36:34.833,0.6401,0.6407,1.00,1.00
2010.05.06 19:36:35.102,0.6401,0.64075,1.70,1.00
2010.05.06 19:36:35.370,0.64015,0.6408,2.40,1.00
2010.05.06 19:36:35.873,0.64015,0.6407,2.40,1.00
2010.05.06 19:36:36.214,0.64015,0.64095,1.00,1.00
2010.05.06 19:36:36.561,0.6402,0.641,2.40,1.60
2010.05.06 19:36:37.372,0.64025,0.64095,1.00,1.00
2010.05.06 19:36:38.049,0.6402,0.64095,1.60,1.00
2010.05.06 19:36:41.069,0.6403,0.64105,1.00,1.00
2010.05.06 19:36:43.186,0.64025,0.64095,1.00,1.00
2010.05.06 19:36:43.462,0.6402,0.6409,1.00,1.00
2010.05.06 19:36:43.720,0.6402,0.64105,1.00,1.60
2010.05.06 19:36:44.440,0.64025,0.64105,1.00,1.00
2010.05.06 19:36:45.849,0.64025,0.641,1.00,1.00
2010.05.06 19:36:46.310,0.64025,0.641,1.60,1.00
2010.05.06 19:36:46.537,0.64025,0.64105,3.20,1.00
2010.05.06 19:36:47.077,0.64025,0.6411,4.10,1.00
2010.05.06 19:36:47.425,0.6403,0.64105,1.00,1.00
2010.05.06 19:36:47.774,0.64035,0.64115,1.00,1.00
2010.05.06 19:36:48.472,0.6404,0.6412,1.00,1.60
2010.05.06 19:36:48.736,0.64045,0.6412,1.00,1.00
2010.05.06 19:36:49.078,0.64045,0.6412,3.20,1.00
2010.05.06 19:36:51.581,0.6405,0.64135,1.60,1.00
2010.05.06 19:36:51.923,0.64055,0.64135,1.60,1.00
2010.05.06 19:36:54.197,0.64055,0.64125,1.00,1.00
2010.05.06 19:36:54.489,0.64045,0.64125,1.00,1.00
2010.05.06 19:36:54.812,0.64045,0.6413,2.40,1.00
2010.05.06 19:36:55.587,0.6405,0.6412,1.00,1.00
2010.05.06 19:36:55.914,0.64045,0.64115,1.00,1.00
2010.05.06 19:36:56.735,0.64055,0.6413,1.00,1.60
2010.05.06 19:36:57.084,0.64065,0.6413,2.50,1.00
2010.05.06 19:36:57.881,0.6407,0.6413,1.00,1.00
2010.05.06 19:36:58.230,0.6406,0.6413,1.00,1.00
2010.05.06 19:36:58.572,0.6406,0.6412,1.00,1.00
2010.05.06 19:36:59.151,0.64055,0.6412,1.00,1.00
2010.05.06 19:36:59.495,0.6406,0.6413,1.00,1.00
2010.05.06 19:36:59.831,0.64075,0.6415,1.00,1.60
2010.05.06 19:37:00.573,0.64075,0.6415,1.00,1.00
2010.05.06 19:37:00.917,0.64095,0.6416,1.00,1.00
2010.05.06 19:37:01.254,0.64095,0.64165,1.00,1.00
2010.05.06 19:37:02.083,0.64105,0.64165,1.00,1.00
2010.05.06 19:37:03.521,0.64095,0.6416,1.00,1.00
2010.05.06 19:37:03.862,0.6409,0.6416,1.00,1.00
2010.05.06 19:37:04.929,0.6408,0.64145,1.00,1.00
2010.05.06 19:37:06.128,0.64095,0.64145,1.00,1.00
2010.05.06 19:37:06.472,0.64095,0.6415,1.00,1.00
2010.05.06 19:37:07.521,0.6409,0.6416,1.00,1.00
2010.05.06 19:37:07.804,0.64075,0.6414,1.00,1.00
2010.05.06 19:37:08.512,0.64075,0.64135,1.00,1.00
2010.05.06 19:37:08.837,0.6407,0.6414,1.60,1.00
2010.05.06 19:37:09.165,0.6407,0.64125,1.60,1.00
2010.05.06 19:37:09.935,0.6406,0.64125,1.00,1.00
2010.05.06 19:37:10.284,0.64055,0.6411,1.00,1.00
2010.05.06 19:37:10.632,0.6405,0.6411,3.30,1.00
2010.05.06 19:37:10.973,0.64055,0.6412,1.00,1.00
2010.05.06 19:37:11.725,0.64055,0.6412,1.00,1.00
2010.05.06 19:37:12.031,0.6405,0.64115,1.00,1.00
2010.05.06 19:37:12.943,0.6404,0.64115,1.00,1.00
2010.05.06 19:37:13.275,0.64035,0.6411,1.00,1.00
2010.05.06 19:37:14.067,0.64025,0.641,1.00,1.00
2010.05.06 19:37:14.325,0.6401,0.6408,2.40,1.00
2010.05.06 19:37:14.580,0.6401,0.64075,1.00,1.00
2010.05.06 19:37:14.839,0.64,0.6407,1.00,1.00
2010.05.06 19:37:15.569,0.63985,0.64055,1.00,1.00
2010.05.06 19:37:15.910,0.6398,0.64055,1.00,1.00
2010.05.06 19:37:16.250,0.63975,0.6404,1.00,1.00
2010.05.06 19:37:17.070,0.63965,0.6404,1.00,1.00
2010.05.06 19:37:18.177,0.63965,0.64035,1.00,1.00
2010.05.06 19:37:20.130,0.6396,0.64035,1.00,1.00
2010.05.06 19:37:20.443,0.6396,0.64035,2.40,1.00
2010.05.06 19:37:21.221,0.63965,0.6404,1.60,1.00
2010.05.06 19:37:23.081,0.63965,0.6404,1.00,1.00
2010.05.06 19:37:23.839,0.6396,0.6404,3.20,1.00
2010.05.06 19:37:24.062,0.63965,0.64045,1.00,1.00
2010.05.06 19:37:24.283,0.6397,0.6405,1.70,1.00
2010.05.06 19:37:25.057,0.63975,0.6405,1.00,1.00
2010.05.06 19:37:25.415,0.6398,0.6406,1.70,1.00
2010.05.06 19:37:27.032,0.64,0.6406,1.00,1.00
2010.05.06 19:37:27.319,0.6401,0.64065,1.00,1.00
2010.05.06 19:37:28.072,0.64025,0.64075,1.00,1.00
2010.05.06 19:37:28.364,0.6402,0.64085,1.00,1.00
2010.05.06 19:37:29.479,0.64005,0.64085,1.00,1.00
2010.05.06 19:37:29.793,0.63995,0.64075,3.20,1.00
2010.05.06 19:37:30.098,0.63995,0.64085,3.20,1.00
2010.05.06 19:37:30.536,0.6401,0.6408,1.00,1.00
2010.05.06 19:37:31.220,0.64025,0.64085,1.00,1.00
2010.05.06 19:37:31.559,0.64025,0.6409,1.00,1.70
2010.05.06 19:37:31.898,0.6402,0.6409,1.00,1.00
2010.05.06 19:37:32.607,0.6402,0.64095,1.00,4.10
2010.05.06 19:37:32.843,0.64025,0.64095,1.00,4.10
2010.05.06 19:37:33.070,0.64025,0.64095,1.00,4.00
2010.05.06 19:37:33.300,0.6402,0.64095,1.00,2.40
2010.05.06 19:37:34.001,0.64025,0.641,1.00,1.00
2010.05.06 19:37:34.343,0.6403,0.641,1.00,1.00
2010.05.06 19:37:36.119,0.64035,0.641,1.00,1.00
2010.05.06 19:37:36.619,0.64035,0.64105,1.00,1.60
2010.05.06 19:37:37.740,0.6404,0.64105,1.00,1.00
2010.05.06 19:37:38.426,0.6404,0.6411,1.00,2.50
2010.05.06 19:37:38.602,0.6405,0.6411,1.00,1.00
2010.05.06 19:37:38.761,0.6405,0.64115,1.00,4.00
2010.05.06 19:37:38.918,0.6405,0.64115,1.00,1.60
2010.05.06 19:37:39.700,0.64045,0.64115,1.00,4.00
2010.05.06 19:37:40.780,0.6405,0.64115,1.00,4.00
2010.05.06 19:37:41.048,0.6405,0.64115,1.00,1.60
2010.05.06 19:37:41.829,0.64045,0.64115,1.00,4.00
2010.05.06 19:37:43.390,0.6404,0.6411,1.00,1.70
2010.05.06 19:37:43.938,0.6404,0.6411,1.00,1.00
2010.05.06 19:37:44.218,0.6403,0.64115,1.70,1.00
2010.05.06 19:37:45.569,0.64045,0.64135,1.60,1.00
2010.05.06 19:37:45.706,0.6408,0.6417,1.00,3.20
2010.05.06 19:37:45.821,0.6408,0.6417,1.60,2.40
2010.05.06 19:37:45.932,0.6408,0.64165,3.20,1.00
2010.05.06 19:37:46.571,0.64085,0.6417,2.40,1.00
2010.05.06 19:37:46.909,0.6409,0.64175,1.00,1.00
2010.05.06 19:37:47.249,0.64085,0.6417,1.00,1.00
2010.05.06 19:37:48.503,0.6409,0.64175,1.00,2.40
2010.05.06 19:37:48.812,0.6409,0.64175,1.00,3.60
2010.05.06 19:37:49.613,0.6407,0.64135,1.00,1.00
2010.05.06 19:37:49.939,0.64065,0.64135,3.20,1.00
2010.05.06 19:37:50.268,0.64065,0.64135,1.00,1.00
2010.05.06 19:37:51.054,0.6406,0.64135,1.00,1.00
2010.05.06 19:37:51.243,0.64045,0.64125,3.20,1.00
2010.05.06 19:37:51.609,0.64045,0.64095,1.00,1.00
2010.05.06 19:37:52.429,0.64025,0.64095,1.60,1.00
2010.05.06 19:37:52.774,0.64025,0.64085,1.00,1.00
2010.05.06 19:37:53.584,0.64,0.64065,1.00,1.00
2010.05.06 19:37:55.112,0.64015,0.6407,1.60,1.00
2010.05.06 19:37:55.484,0.6402,0.64105,1.00,1.00
2010.05.06 19:37:55.679,0.6402,0.6408,1.00,1.00
2010.05.06 19:37:55.870,0.63995,0.64065,1.00,1.00
2010.05.06 19:37:56.990,0.64,0.64075,3.20,1.00
2010.05.06 19:37:57.670,0.64,0.64055,1.00,1.00
2010.05.06 19:37:58.402,0.63985,0.64055,1.00,1.00
2010.05.06 19:37:59.149,0.63995,0.64055,1.00,1.00
2010.05.06 19:37:59.379,0.64,0.6409,2.40,2.00
2010.05.06 19:37:59.992,0.64,0.6409,1.00,1.60
2010.05.06 19:38:00.334,0.64025,0.6409,1.00,1.00
2010.05.06 19:38:00.685,0.6404,0.641,1.00,1.60
2010.05.06 19:38:01.451,0.6404,0.64105,1.00,1.00
2010.05.06 19:38:01.814,0.6405,0.64115,1.00,1.00
2010.05.06 19:38:02.620,0.6405,0.6411,1.70,1.00
2010.05.06 19:38:03.184,0.64055,0.6411,1.00,1.00
2010.05.06 19:38:03.373,0.6407,0.64135,1.60,1.00
2010.05.06 19:38:03.885,0.64075,0.64125,1.00,1.00
2010.05.06 19:38:04.868,0.64075,0.64135,1.00,1.00
2010.05.06 19:38:05.226,0.64075,0.6413,1.00,1.10
2010.05.06 19:38:06.029,0.64075,0.6413,1.00,1.00
2010.05.06 19:38:06.337,0.64075,0.64125,1.00,1.00
2010.05.06 19:38:06.643,0.64075,0.64125,1.00,1.00
2010.05.06 19:38:07.372,0.64075,0.6413,1.00,1.10
2010.05.06 19:38:07.705,0.64075,0.6413,1.00,1.00
2010.05.06 19:38:08.529,0.64075,0.6413,3.30,1.00
2010.05.06 19:38:09.204,0.64075,0.64135,3.30,1.00
2010.05.06 19:38:09.859,0.6408,0.6414,1.00,1.20
2010.05.06 19:38:10.189,0.64085,0.6414,1.00,1.00
2010.05.06 19:38:10.896,0.6408,0.64155,1.00,1.00
2010.05.06 19:38:11.072,0.6408,0.6415,1.00,1.00
2010.05.06 19:38:12.072,0.64085,0.6415,1.00,1.00
2010.05.06 19:38:12.412,0.6408,0.64145,1.00,1.00
2010.05.06 19:38:14.760,0.64075,0.64135,1.00,1.00
2010.05.06 19:38:15.113,0.6408,0.64145,1.00,1.00
2010.05.06 19:38:15.462,0.64085,0.64145,1.00,1.00
2010.05.06 19:38:16.627,0.64095,0.64165,1.00,1.00
2010.05.06 19:38:17.651,0.64105,0.64165,1.00,1.00
2010.05.06 19:38:18.675,0.6411,0.64165,1.00,1.00
2010.05.06 19:38:19.880,0.64095,0.6417,1.00,1.00
2010.05.06 19:38:21.125,0.641,0.64165,1.00,1.00
2010.05.06 19:38:21.490,0.64095,0.6416,1.00,1.00
2010.05.06 19:38:21.839,0.64095,0.64155,1.00,1.00
2010.05.06 19:38:22.539,0.64095,0.64155,1.00,1.00
2010.05.06 19:38:22.777,0.6409,0.64155,1.00,1.00
2010.05.06 19:38:23.012,0.64095,0.6415,1.00,1.00
2010.05.06 19:38:24.142,0.641,0.64155,1.00,1.00
2010.05.06 19:38:24.482,0.64095,0.6415,1.00,1.00
2010.05.06 19:38:25.317,0.64105,0.6416,1.00,1.00
2010.05.06 19:38:25.651,0.6409,0.64145,1.00,1.00
2010.05.06 19:38:26.635,0.64075,0.64145,1.00,1.00
2010.05.06 19:38:27.367,0.6407,0.64145,1.00,1.00
2010.05.06 19:38:27.712,0.6407,0.64155,1.60,1.60
2010.05.06 19:38:28.826,0.64075,0.64155,1.00,1.00
2010.05.06 19:38:29.177,0.6407,0.64155,2.50,2.40
2010.05.06 19:38:29.522,0.64075,0.6416,1.00,1.00
2010.05.06 19:38:30.325,0.64075,0.64155,1.00,3.20
2010.05.06 19:38:31.853,0.64075,0.64155,1.00,1.00
2010.05.06 19:38:32.202,0.64085,0.64165,1.00,2.90
2010.05.06 19:38:32.452,0.64095,0.64165,1.00,1.00
2010.05.06 19:38:33.203,0.64095,0.6417,1.00,1.00
2010.05.06 19:38:33.539,0.641,0.6418,1.00,4.10
2010.05.06 19:38:35.030,0.64105,0.6418,1.00,4.10
2010.05.06 19:38:38.025,0.641,0.6417,1.00,1.00
2010.05.06 19:38:39.588,0.64105,0.64175,1.00,1.60
2010.05.06 19:38:39.928,0.6411,0.64175,1.00,1.60
2010.05.06 19:38:40.849,0.641,0.6417,1.00,1.00
2010.05.06 19:38:41.203,0.64105,0.64175,1.00,1.00
2010.05.06 19:38:41.900,0.6411,0.6418,1.00,3.30
2010.05.06 19:38:42.126,0.64115,0.64185,1.00,3.30
2010.05.06 19:38:42.338,0.64115,0.64185,1.00,1.70
2010.05.06 19:38:45.058,0.64115,0.64185,1.00,1.00
2010.05.06 19:38:46.968,0.64115,0.64185,1.00,1.70
2010.05.06 19:38:47.918,0.6411,0.6418,1.00,1.00
2010.05.06 19:38:48.040,0.6411,0.6418,1.00,1.00
2010.05.06 19:38:48.829,0.64105,0.6418,1.00,1.00
2010.05.06 19:38:49.142,0.64105,0.64175,1.00,1.00
2010.05.06 19:38:49.923,0.641,0.6417,1.00,1.00
2010.05.06 19:38:50.243,0.6411,0.6418,1.00,1.70
2010.05.06 19:38:50.589,0.64105,0.64175,1.00,1.00
2010.05.06 19:38:52.187,0.6411,0.6418,1.00,1.70
2010.05.06 19:38:52.507,0.64115,0.6418,1.00,1.60
2010.05.06 19:38:52.789,0.64115,0.6418,1.00,1.70
2010.05.06 19:38:53.782,0.64115,0.64175,1.00,1.00
2010.05.06 19:38:55.114,0.6411,0.6417,1.00,1.00
2010.05.06 19:38:55.800,0.6411,0.64165,1.00,1.00
2010.05.06 19:38:57.285,0.6411,0.64185,1.00,1.00
2010.05.06 19:38:57.648,0.64115,0.64185,1.00,1.00
2010.05.06 19:38:58.869,0.6411,0.6418,1.00,1.00
2010.05.06 19:38:59.213,0.64115,0.6419,1.00,2.40
2010.05.06 19:38:59.381,0.64115,0.6419,1.00,1.00
2010.05.06 19:39:00.169,0.64105,0.64165,1.00,1.00
2010.05.06 19:39:00.347,0.6409,0.6417,1.60,1.00
2010.05.06 19:39:00.694,0.6409,0.6418,1.60,4.00
2010.05.06 19:39:01.519,0.64085,0.64175,3.20,1.00
2010.05.06 19:39:01.834,0.6408,0.64155,1.00,1.00
2010.05.06 19:39:02.141,0.6408,0.64165,1.00,3.20
2010.05.06 19:39:03.048,0.6408,0.6416,1.00,1.00
2010.05.06 19:39:03.571,0.64085,0.6417,1.00,3.20
2010.05.06 19:39:03.901,0.6408,0.64165,1.00,1.00
2010.05.06 19:39:04.867,0.64075,0.64165,3.20,1.00
2010.05.06 19:39:06.264,0.6408,0.64165,1.00,1.60
2010.05.06 19:39:06.481,0.64075,0.6416,1.00,1.60
2010.05.06 19:39:06.851,0.6407,0.6416,1.60,2.00
2010.05.06 19:39:07.500,0.6407,0.6416,1.60,1.60
2010.05.06 19:39:07.843,0.64065,0.64155,3.20,2.00
2010.05.06 19:39:08.181,0.6407,0.64155,1.00,1.00
2010.05.06 19:39:08.984,0.64065,0.6415,2.40,1.00
2010.05.06 19:39:09.331,0.6405,0.64125,1.00,1.00
2010.05.06 19:39:09.828,0.6405,0.64125,1.60,1.00
2010.05.06 19:39:10.847,0.64055,0.64125,1.00,1.00
2010.05.06 19:39:11.660,0.6406,0.64135,1.00,1.00
2010.05.06 19:39:11.979,0.6406,0.64135,2.40,1.00
2010.05.06 19:39:12.741,0.64065,0.64135,2.40,1.00
2010.05.06 19:39:13.050,0.6407,0.64125,1.00,1.00
2010.05.06 19:39:13.371,0.64065,0.6413,1.00,1.00
2010.05.06 19:39:14.489,0.64065,0.6413,1.00,1.00
2010.05.06 19:39:15.435,0.64065,0.64125,1.00,1.00
2010.05.06 19:39:15.782,0.64065,0.6414,1.00,1.00
2010.05.06 19:39:16.576,0.64075,0.6415,2.40,1.00
2010.05.06 19:39:16.923,0.6408,0.6417,3.20,2.00
2010.05.06 19:39:17.261,0.6408,0.6417,1.60,1.60
2010.05.06 19:39:17.829,0.64085,0.6417,1.00,1.00
2010.05.06 19:39:18.572,0.6408,0.64165,1.00,1.40
2010.05.06 19:39:18.820,0.6408,0.64165,1.00,1.00
2010.05.06 19:39:19.067,0.6408,0.64155,1.00,1.00
2010.05.06 19:39:19.311,0.64075,0.6415,1.00,1.00
2010.05.06 19:39:20.089,0.64055,0.6412,3.30,1.00
2010.05.06 19:39:20.768,0.64055,0.6412,3.30,1.00
2010.05.06 19:39:21.998,0.64055,0.6412,3.30,1.00
2010.05.06 19:39:23.096,0.6406,0.6412,1.00,1.00
2010.05.06 19:39:23.433,0.64055,0.64115,1.00,1.00
2010.05.06 19:39:25.000,0.64055,0.64115,1.00,1.00
2010.05.06 19:39:25.638,0.6406,0.6412,1.00,1.00
2010.05.06 19:39:25.870,0.64065,0.6412,1.00,1.00
2010.05.06 19:39:26.651,0.6406,0.6412,1.70,1.00
2010.05.06 19:39:26.989,0.64065,0.64125,1.00,1.00
2010.05.06 19:39:28.154,0.6407,0.64125,1.00,1.00
2010.05.06 19:39:28.508,0.64065,0.64125,1.00,1.00
2010.05.06 19:39:29.295,0.64065,0.6413,3.30,1.00
2010.05.06 19:39:29.623,0.6407,0.6413,1.00,1.00
2010.05.06 19:39:29.913,0.64065,0.6413,1.00,1.00
2010.05.06 19:39:30.648,0.64065,0.6413,3.30,1.00
2010.05.06 19:39:30.994,0.6407,0.6413,1.00,1.00
2010.05.06 19:39:34.059,0.6407,0.64135,1.00,1.00
2010.05.06 19:39:36.265,0.6407,0.64125,1.00,1.00
2010.05.06 19:39:36.481,0.6407,0.6413,1.00,1.00
2010.05.06 19:39:37.138,0.6406,0.6413,1.70,1.00
2010.05.06 19:39:37.351,0.64065,0.6413,1.00,1.00
2010.05.06 19:39:37.693,0.6407,0.6413,1.00,1.00
2010.05.06 19:39:38.763,0.6407,0.6413,1.60,1.00
2010.05.06 19:39:39.289,0.6407,0.64135,1.70,1.00
2010.05.06 19:39:40.076,0.6407,0.64125,1.00,1.00
2010.05.06 19:39:40.430,0.6406,0.6412,1.00,1.00
2010.05.06 19:39:41.084,0.6406,0.6412,1.00,1.00
2010.05.06 19:39:41.710,0.64055,0.6412,1.00,1.00
2010.05.06 19:39:42.454,0.64055,0.64125,2.50,1.00
2010.05.06 19:39:42.803,0.64065,0.64125,1.00,1.00
2010.05.06 19:39:43.290,0.64065,0.64125,1.00,1.00
2010.05.06 19:39:44.253,0.6403,0.64115,3.20,1.00
2010.05.06 19:39:44.592,0.6403,0.641,1.00,1.00
2010.05.06 19:39:45.312,0.6403,0.64115,1.00,1.60
2010.05.06 19:39:45.591,0.64025,0.641,4.00,1.00
2010.05.06 19:39:45.928,0.64025,0.64115,4.00,4.00
2010.05.06 19:39:46.804,0.64015,0.64095,1.00,1.00
2010.05.06 19:39:47.150,0.6401,0.6408,1.60,1.00
2010.05.06 19:39:47.496,0.64005,0.6407,1.00,1.00
2010.05.06 19:39:48.314,0.64005,0.64075,1.00,1.00
2010.05.06 19:39:48.650,0.64005,0.64075,3.20,1.00
2010.05.06 19:39:50.347,0.64005,0.64085,3.20,1.00
2010.05.06 19:39:51.070,0.64005,0.6408,1.00,1.00
2010.05.06 19:39:51.415,0.64005,0.64085,3.20,1.10
2010.05.06 19:39:51.626,0.64005,0.6408,1.00,1.00
2010.05.06 19:39:51.830,0.64015,0.64085,1.00,1.00
2010.05.06 19:39:52.469,0.64015,0.64085,1.00,1.00
2010.05.06 19:39:52.669,0.6401,0.6408,1.00,1.00
2010.05.06 19:39:53.024,0.6401,0.6407,1.00,1.00
2010.05.06 19:39:53.370,0.64005,0.6407,1.00,1.00
2010.05.06 19:39:53.946,0.64015,0.6408,1.00,1.00
2010.05.06 19:39:54.291,0.64025,0.641,3.20,1.00
2010.05.06 19:39:54.631,0.64025,0.641,4.00,1.00
2010.05.06 19:39:55.733,0.6403,0.64105,1.00,1.00
2010.05.06 19:39:56.132,0.6403,0.64105,1.00,1.00
2010.05.06 19:39:57.050,0.64025,0.6409,1.00,1.00
2010.05.06 19:39:57.388,0.6402,0.6409,1.00,1.00
2010.05.06 19:39:58.121,0.64025,0.64095,1.00,1.00
2010.05.06 19:39:58.466,0.64025,0.641,1.00,1.00
2010.05.06 19:39:58.811,0.64025,0.641,1.00,1.00
2010.05.06 19:39:59.613,0.6402,0.6409,1.70,1.00
2010.05.06 19:39:59.954,0.64025,0.64095,1.00,1.00
2010.05.06 19:40:01.059,0.6403,0.641,1.00,1.00
2010.05.06 19:40:01.379,0.6403,0.641,1.00,1.00
2010.05.06 19:40:02.127,0.6403,0.641,1.70,1.00
2010.05.06 19:40:03.784,0.6403,0.6409,1.00,1.00
2010.05.06 19:40:04.024,0.6402,0.6409,1.00,1.00
2010.05.06 19:40:05.338,0.64015,0.64085,1.00,1.00
2010.05.06 19:40:05.684,0.6402,0.6409,1.00,1.00
2010.05.06 19:40:07.167,0.64025,0.64095,1.00,1.00
2010.05.06 19:40:07.396,0.6402,0.6409,2.50,1.00
2010.05.06 19:40:07.623,0.64025,0.64095,1.00,1.00
2010.05.06 19:40:08.302,0.6403,0.641,1.00,2.10
2010.05.06 19:40:08.640,0.64035,0.641,1.00,1.60
2010.05.06 19:40:09.163,0.6403,0.641,1.00,1.70
2010.05.06 19:40:09.507,0.6402,0.641,1.00,1.00
2010.05.06 19:40:09.854,0.6403,0.64105,1.00,1.00
2010.05.06 19:40:10.641,0.64025,0.6411,1.00,1.00
2010.05.06 19:40:10.994,0.64015,0.641,3.30,1.00
2010.05.06 19:40:11.340,0.64015,0.641,3.20,1.00
2010.05.06 19:40:11.684,0.6402,0.64105,1.00,1.00
2010.05.06 19:40:12.493,0.64025,0.6411,1.00,3.60
2010.05.06 19:40:12.840,0.64025,0.641,3.20,1.00
2010.05.06 19:40:13.670,0.6403,0.64105,1.60,1.00
2010.05.06 19:40:14.013,0.6403,0.6411,1.60,1.00
2010.05.06 19:40:14.837,0.6404,0.6412,1.00,1.00
2010.05.06 19:40:15.165,0.6404,0.6412,1.00,1.00
2010.05.06 19:40:15.979,0.64045,0.6412,1.00,1.00
2010.05.06 19:40:16.324,0.6405,0.6413,1.00,1.00
2010.05.06 19:40:16.690,0.6405,0.64135,1.00,1.20
2010.05.06 19:40:17.138,0.6405,0.6413,1.00,1.00
2010.05.06 19:40:17.477,0.64045,0.64135,3.20,1.00
2010.05.06 19:40:17.828,0.64045,0.64135,1.00,4.00
2010.05.06 19:40:18.387,0.64045,0.6413,1.00,1.00
2010.05.06 19:40:18.744,0.6404,0.64125,4.00,1.00
2010.05.06 19:40:19.083,0.64045,0.6413,1.00,1.00
2010.05.06 19:40:19.686,0.64045,0.6413,1.00,2.00
2010.05.06 19:40:20.025,0.6404,0.6413,4.00,1.20
2010.05.06 19:40:20.364,0.64045,0.6413,1.00,2.40
2010.05.06 19:40:20.834,0.6404,0.6413,1.60,3.20
2010.05.06 19:40:21.192,0.64055,0.6414,1.00,1.00
2010.05.06 19:40:21.869,0.64055,0.6414,1.00,3.60
2010.05.06 19:40:22.668,0.6405,0.6414,3.20,2.00
2010.05.06 19:40:23.012,0.6405,0.6414,1.60,3.60
2010.05.06 19:40:23.274,0.6405,0.6414,1.60,1.00
2010.05.06 19:40:23.824,0.6405,0.64135,1.60,1.00
2010.05.06 19:40:24.094,0.6405,0.64125,1.60,1.00
2010.05.06 19:40:24.443,0.6405,0.6413,1.00,1.00
2010.05.06 19:40:24.779,0.6405,0.6413,1.00,1.20
2010.05.06 19:40:25.578,0.6404,0.6412,1.00,1.00
2010.05.06 19:40:25.883,0.64035,0.6411,1.60,1.00
2010.05.06 19:40:26.635,0.6403,0.64115,1.60,2.40
2010.05.06 19:40:26.989,0.64015,0.64095,1.00,1.00
2010.05.06 19:40:27.333,0.64005,0.6409,1.60,1.00
2010.05.06 19:40:28.172,0.64015,0.64095,1.00,1.00
2010.05.06 19:40:28.514,0.64015,0.64095,1.60,1.00
2010.05.06 19:40:29.320,0.64015,0.64105,2.40,2.40
2010.05.06 19:40:29.663,0.64025,0.641,1.00,1.00
2010.05.06 19:40:30.458,0.64025,0.6411,3.20,1.00
2010.05.06 19:40:30.796,0.64025,0.64115,3.20,3.60
2010.05.06 19:40:31.480,0.64025,0.64115,3.20,3.20
2010.05.06 19:40:32.284,0.6403,0.64115,4.00,1.00
2010.05.06 19:40:32.550,0.64035,0.6412,4.00,1.00
2010.05.06 19:40:32.811,0.6404,0.6413,1.60,2.40
2010.05.06 19:40:33.533,0.6404,0.6413,4.00,2.40
2010.05.06 19:40:33.863,0.64045,0.64125,2.40,1.00
2010.05.06 19:40:34.664,0.64045,0.6413,2.40,1.00
2010.05.06 19:40:35.019,0.64035,0.64105,1.00,1.00
2010.05.06 19:40:35.359,0.64025,0.64105,1.60,1.00
2010.05.06 19:40:36.210,0.64025,0.64105,2.40,1.00
2010.05.06 19:40:36.549,0.6403,0.64115,1.60,1.00
2010.05.06 19:40:36.889,0.6403,0.64115,2.40,1.00
2010.05.06 19:40:38.539,0.6404,0.6412,1.00,1.00
2010.05.06 19:40:38.849,0.64045,0.64125,1.00,2.40
2010.05.06 19:40:39.304,0.64045,0.64125,1.00,1.60
2010.05.06 19:40:39.615,0.64045,0.6413,1.00,3.20
2010.05.06 19:40:39.913,0.64045,0.64125,1.00,1.00
2010.05.06 19:40:40.618,0.64045,0.6413,1.00,2.00
2010.05.06 19:40:40.963,0.6406,0.64135,2.40,1.60
2010.05.06 19:40:41.710,0.6406,0.6414,2.40,1.00
2010.05.06 19:40:42.014,0.6408,0.64155,2.40,1.00
2010.05.06 19:40:42.322,0.6408,0.64165,1.00,1.00
2010.05.06 19:40:43.093,0.6408,0.6417,1.60,3.20
2010.05.06 19:40:43.433,0.6408,0.64165,1.60,1.00
2010.05.06 19:40:44.324,0.64075,0.6416,1.60,1.00
2010.05.06 19:40:44.671,0.6408,0.6416,1.00,1.00
2010.05.06 19:40:45.035,0.64075,0.64165,1.60,1.20
2010.05.06 19:40:45.605,0.64075,0.6416,1.60,1.00
2010.05.06 19:40:45.921,0.64075,0.64165,1.60,1.20
2010.05.06 19:40:46.242,0.64075,0.64165,3.20,2.00
2010.05.06 19:40:47.024,0.6408,0.64165,1.00,1.00
2010.05.06 19:40:47.374,0.6408,0.6416,1.00,1.00
2010.05.06 19:40:47.727,0.64065,0.64145,3.20,1.00
2010.05.06 19:40:48.544,0.64065,0.64145,1.00,1.00
2010.05.06 19:40:48.822,0.64065,0.64145,1.00,1.00
2010.05.06 19:40:49.578,0.64045,0.6413,1.00,1.00
2010.05.06 19:40:49.927,0.64045,0.6413,1.60,1.20
2010.05.06 19:40:50.740,0.64045,0.6413,3.20,1.00
2010.05.06 19:40:51.091,0.6405,0.64135,4.00,1.00
2010.05.06 19:40:51.431,0.64055,0.6414,2.40,1.00
2010.05.06 19:40:51.770,0.64055,0.6414,3.20,1.00
2010.05.06 19:40:52.583,0.6406,0.64145,1.60,1.00
2010.05.06 19:40:55.591,0.6406,0.64145,1.00,3.20
2010.05.06 19:40:55.928,0.64055,0.64145,3.20,4.00
2010.05.06 19:40:56.719,0.64055,0.6414,4.00,1.00
2010.05.06 19:40:58.698,0.6406,0.64145,1.00,1.20
2010.05.06 19:40:59.216,0.6406,0.64145,1.00,2.00
2010.05.06 19:41:01.481,0.6406,0.64145,1.00,3.60
2010.05.06 19:41:01.754,0.64055,0.6414,4.00,1.00
2010.05.06 19:41:02.568,0.6406,0.64145,1.00,1.20
2010.05.06 19:41:02.925,0.64065,0.6414,1.00,1.00
2010.05.06 19:41:03.271,0.64065,0.64145,1.00,1.20
2010.05.06 19:41:03.608,0.64055,0.64145,4.00,2.00
2010.05.06 19:41:04.372,0.64055,0.64145,4.00,1.20
2010.05.06 19:41:04.720,0.6407,0.6415,1.00,1.00
2010.05.06 19:41:06.743,0.6407,0.6415,1.00,1.60
2010.05.06 19:41:07.020,0.6407,0.6415,1.00,1.60
2010.05.06 19:41:07.299,0.6407,0.6415,1.00,1.60
2010.05.06 19:41:08.467,0.64065,0.6415,1.00,4.00
2010.05.06 19:41:08.710,0.6406,0.6415,1.00,4.00
2010.05.06 19:41:09.446,0.64065,0.6415,1.00,4.00
2010.05.06 19:41:09.689,0.64065,0.6415,1.00,4.00
2010.05.06 19:41:10.559,0.64065,0.6415,1.00,4.00
2010.05.06 19:41:10.899,0.64065,0.6415,1.00,3.20
2010.05.06 19:41:11.692,0.6407,0.6415,2.40,1.00
2010.05.06 19:41:11.990,0.64075,0.6416,1.60,1.60
2010.05.06 19:41:12.289,0.64075,0.64165,3.20,2.40
2010.05.06 19:41:13.070,0.6409,0.64165,1.00,1.00
2010.05.06 19:41:13.652,0.64095,0.64175,1.40,1.00
2010.05.06 19:41:13.942,0.6409,0.64165,2.20,1.00
2010.05.06 19:41:14.771,0.6409,0.64165,1.00,1.00
2010.05.06 19:41:15.112,0.6409,0.64165,1.00,1.00
2010.05.06 19:41:15.831,0.64085,0.64155,1.00,1.00
2010.05.06 19:41:16.096,0.6407,0.6414,1.00,1.00
2010.05.06 19:41:17.231,0.64075,0.6414,1.00,1.00
2010.05.06 19:41:17.450,0.64075,0.64145,1.00,1.00
2010.05.06 19:41:17.669,0.6407,0.6415,3.30,1.00
2010.05.06 19:41:17.889,0.6408,0.64155,1.00,1.00
2010.05.06 19:41:18.558,0.64065,0.64145,2.40,1.00
2010.05.06 19:41:18.917,0.64065,0.64145,3.20,1.00
2010.05.06 19:41:19.264,0.64065,0.64135,3.20,1.00
2010.05.06 19:41:19.895,0.64065,0.64135,1.00,1.00
2010.05.06 19:41:20.243,0.6406,0.64135,1.00,1.00
2010.05.06 19:41:21.883,0.64055,0.6413,1.00,1.00
2010.05.06 19:41:22.238,0.64055,0.6413,1.00,1.00
2010.05.06 19:41:22.423,0.64055,0.6413,2.50,1.00
2010.05.06 19:41:22.992,0.64055,0.6413,4.10,1.00
2010.05.06 19:41:23.185,0.64055,0.64115,1.00,1.00
2010.05.06 19:41:23.373,0.64055,0.64105,1.00,1.00
2010.05.06 19:41:24.186,0.64045,0.64105,1.00,1.00
2010.05.06 19:41:24.536,0.6405,0.64105,1.00,1.00
2010.05.06 19:41:25.663,0.6406,0.64105,1.00,1.00
2010.05.06 19:41:26.005,0.6405,0.64125,1.00,1.00
2010.05.06 19:41:26.350,0.6405,0.64125,1.00,1.00
2010.05.06 19:41:27.128,0.6406,0.64125,1.00,1.00
2010.05.06 19:41:27.474,0.6405,0.64125,1.70,1.00
2010.05.06 19:41:27.822,0.6405,0.6412,1.00,1.00
2010.05.06 19:41:28.558,0.6406,0.6413,1.00,1.00
2010.05.06 19:41:28.839,0.6405,0.64115,1.00,1.00
2010.05.06 19:41:29.140,0.64045,0.64115,1.60,1.00
2010.05.06 19:41:30.208,0.64045,0.64115,1.70,1.00
2010.05.06 19:41:30.539,0.64045,0.6411,1.00,1.00
2010.05.06 19:41:30.868,0.64045,0.6411,1.00,1.00
2010.05.06 19:41:31.849,0.6405,0.64115,1.00,1.00
2010.05.06 19:41:32.118,0.64045,0.64115,1.00,1.00
2010.05.06 19:41:32.389,0.64045,0.64115,1.00,1.00
2010.05.06 19:41:33.060,0.64055,0.6412,1.00,1.00
2010.05.06 19:41:33.680,0.6405,0.64125,1.00,1.00
2010.05.06 19:41:33.860,0.6405,0.64115,3.30,1.00
2010.05.06 19:41:34.040,0.6405,0.64115,1.70,1.00
2010.05.06 19:41:34.389,0.6405,0.64105,1.00,1.00
2010.05.06 19:41:35.732,0.64045,0.64105,1.00,1.00
2010.05.06 19:41:36.200,0.64045,0.6411,1.00,1.00
2010.05.06 19:41:37.202,0.6415,0.64155,1.00,10.00
2010.05.06 19:41:37.470,0.64105,0.64165,9.60,1.00
2010.05.06 19:41:37.743,0.6408,0.64165,1.00,1.00
2010.05.06 19:41:38.009,0.6408,0.6416,1.00,1.20
2010.05.06 19:41:38.641,0.64075,0.6416,1.00,1.60
2010.05.06 19:41:38.984,0.6408,0.6414,1.00,1.00
2010.05.06 19:41:39.330,0.6408,0.64145,1.00,1.00
2010.05.06 19:41:39.622,0.6408,0.64145,1.00,1.00
2010.05.06 19:41:40.410,0.6407,0.64115,1.00,1.00
2010.05.06 19:41:40.740,0.6404,0.64115,1.00,1.00
2010.05.06 19:41:41.501,0.6403,0.64115,1.00,1.00
2010.05.06 19:41:41.820,0.6403,0.6412,3.20,1.00
2010.05.06 19:41:42.136,0.64035,0.6412,1.00,1.00
2010.05.06 19:41:42.986,0.64035,0.64115,1.00,1.00
2010.05.06 19:41:44.167,0.64045,0.6412,2.40,1.00
2010.05.06 19:41:44.513,0.6405,0.64135,3.20,1.00
2010.05.06 19:41:45.293,0.64055,0.64135,3.20,1.00
2010.05.06 19:41:47.555,0.6405,0.6411,1.70,1.00
2010.05.06 19:41:49.818,0.6405,0.64115,1.70,1.00
2010.05.06 19:41:50.492,0.6405,0.6411,1.70,1.00
2010.05.06 19:41:52.318,0.64055,0.6411,1.00,1.00
2010.05.06 19:41:52.852,0.6405,0.64115,1.70,1.00
2010.05.06 19:41:53.137,0.64055,0.64115,1.00,1.00
2010.05.06 19:41:53.419,0.6407,0.6415,1.00,1.00
2010.05.06 19:41:54.717,0.6408,0.6415,1.00,1.00
2010.05.06 19:41:55.025,0.6408,0.6415,1.00,1.60
2010.05.06 19:41:55.747,0.64065,0.6414,1.00,1.00
2010.05.06 19:41:56.033,0.64055,0.6414,1.00,3.20
2010.05.06 19:41:56.359,0.6405,0.6414,2.50,4.00
2010.05.06 19:41:57.152,0.64055,0.6414,1.00,4.00
2010.05.06 19:41:57.439,0.6406,0.6414,1.00,1.00
2010.05.06 19:41:59.494,0.6406,0.64145,4.10,1.00
2010.05.06 19:42:00.684,0.6406,0.6414,1.60,1.00
2010.05.06 19:42:02.036,0.6406,0.6414,1.00,1.00
2010.05.06 19:42:02.303,0.64055,0.6414,3.20,1.00
2010.05.06 19:42:04.773,0.64055,0.6414,1.00,1.60
2010.05.06 19:42:06.046,0.6406,0.6414,1.60,1.00
2010.05.06 19:42:06.235,0.64065,0.64145,1.60,1.00
2010.05.06 19:42:07.382,0.64065,0.64145,1.70,1.00
2010.05.06 19:42:09.343,0.64075,0.64145,1.00,1.00
2010.05.06 19:42:10.479,0.6407,0.64145,1.00,1.00
2010.05.06 19:42:12.147,0.64075,0.64145,1.00,1.00
2010.05.06 19:42:15.144,0.64065,0.64145,1.70,1.00
2010.05.06 19:42:15.317,0.6407,0.64145,1.00,1.00
2010.05.06 19:42:15.483,0.64075,0.64145,1.00,1.00
2010.05.06 19:42:16.604,0.64075,0.6415,1.00,1.00
2010.05.06 19:42:16.951,0.64075,0.6415,1.70,1.00
2010.05.06 19:42:17.790,0.64075,0.64155,1.70,1.00
2010.05.06 19:42:18.130,0.64085,0.64145,1.00,1.00
2010.05.06 19:42:18.477,0.64075,0.6415,1.00,1.00
2010.05.06 19:42:20.055,0.6408,0.64155,1.00,1.00
2010.05.06 19:42:20.241,0.6408,0.64155,1.00,1.00
2010.05.06 19:42:20.874,0.6408,0.64155,1.00,1.00
2010.05.06 19:42:21.561,0.64085,0.64155,1.00,1.00
2010.05.06 19:42:21.899,0.64085,0.64155,1.00,1.00
2010.05.06 19:42:22.588,0.6409,0.64155,1.00,1.00
2010.05.06 19:42:22.931,0.6409,0.6416,1.00,1.00
2010.05.06 19:42:25.448,0.6409,0.6417,2.50,1.00
2010.05.06 19:42:26.710,0.6409,0.6417,2.50,1.00
2010.05.06 19:42:27.338,0.6409,0.64165,1.70,1.00
2010.05.06 19:42:28.322,0.64085,0.6416,4.10,1.00
2010.05.06 19:42:28.662,0.64085,0.64165,4.10,1.00
2010.05.06 19:42:29.132,0.64085,0.64165,4.10,1.00
2010.05.06 19:42:29.337,0.64085,0.64165,4.00,1.00
2010.05.06 19:42:29.978,0.64085,0.6416,1.00,1.00
2010.05.06 19:42:30.312,0.64085,0.64165,4.10,1.00
2010.05.06 19:42:31.752,0.6409,0.64165,1.00,1.00
2010.05.06 19:42:32.298,0.64095,0.64165,1.00,1.00
2010.05.06 19:42:32.509,0.64095,0.6417,1.70,1.00
2010.05.06 19:42:33.203,0.64095,0.6417,1.00,1.00
2010.05.06 19:42:33.467,0.64095,0.6417,1.00,1.00
2010.05.06 19:42:33.992,0.64095,0.6418,1.70,2.10
2010.05.06 19:42:34.470,0.641,0.6418,1.00,1.30
2010.05.06 19:42:34.814,0.641,0.6417,1.00,1.00
2010.05.06 19:42:35.163,0.6409,0.6417,1.00,1.00
2010.05.06 19:42:35.956,0.6409,0.64155,1.00,1.00
2010.05.06 19:42:36.301,0.6408,0.64155,1.60,1.00
2010.05.06 19:42:37.078,0.6408,0.64155,1.60,1.00
2010.05.06 19:42:37.135,0.6408,0.64155,1.70,1.00
2010.05.06 19:42:37.482,0.64085,0.6416,1.70,1.00
2010.05.06 19:42:39.922,0.64085,0.6416,1.60,1.00
2010.05.06 19:42:40.378,0.64085,0.64155,1.00,1.00
2010.05.06 19:42:41.343,0.64085,0.64155,1.00,1.00
2010.05.06 19:42:41.618,0.64085,0.64155,1.00,1.00
2010.05.06 19:42:42.639,0.64085,0.64155,1.00,1.00
2010.05.06 19:42:42.979,0.64085,0.6416,1.70,1.00
2010.05.06 19:42:44.691,0.64085,0.64155,1.60,1.00
2010.05.06 19:42:45.492,0.64085,0.64155,1.00,1.00
2010.05.06 19:42:46.758,0.6409,0.64155,1.00,1.00
2010.05.06 19:42:47.414,0.6409,0.64165,1.00,1.00
2010.05.06 19:42:47.590,0.6409,0.6417,2.50,1.00
2010.05.06 19:42:47.773,0.6409,0.64165,1.70,1.00
2010.05.06 19:42:48.563,0.6409,0.64165,1.00,1.00
2010.05.06 19:42:48.904,0.6409,0.64165,1.00,1.00
2010.05.06 19:42:49.253,0.6409,0.6417,2.50,1.00
2010.05.06 19:42:49.870,0.6409,0.6417,4.10,1.00
2010.05.06 19:42:50.203,0.6409,0.64165,1.70,1.00
2010.05.06 19:42:50.996,0.6409,0.6417,1.70,1.00
2010.05.06 19:42:51.348,0.6409,0.64165,1.00,1.00
2010.05.06 19:42:51.688,0.64085,0.64165,4.10,1.00
2010.05.06 19:42:55.272,0.6409,0.64165,1.00,1.00
2010.05.06 19:42:55.520,0.6409,0.6416,1.00,1.00
2010.05.06 19:42:55.771,0.64085,0.64155,1.00,1.00
2010.05.06 19:42:56.366,0.64075,0.6415,1.00,1.00
2010.05.06 19:42:56.684,0.6407,0.6415,4.10,1.00
2010.05.06 19:42:56.999,0.6407,0.64145,1.60,1.00
2010.05.06 19:42:57.311,0.6407,0.6414,1.60,1.00
2010.05.06 19:42:58.432,0.64065,0.64135,3.30,1.00
2010.05.06 19:42:59.073,0.64065,0.6413,1.70,1.00
2010.05.06 19:42:59.850,0.6407,0.6414,1.00,1.00
2010.05.06 19:43:02.082,0.6407,0.6414,1.70,1.00
2010.05.06 19:43:03.400,0.6408,0.6415,1.00,1.00
2010.05.06 19:43:04.341,0.64075,0.6415,1.60,1.00
2010.05.06 19:43:04.956,0.64075,0.64145,1.00,1.00
2010.05.06 19:43:05.701,0.6408,0.6415,1.00,1.00
2010.05.06 19:43:08.758,0.64075,0.64145,3.30,1.00
2010.05.06 19:43:10.774,0.6408,0.6415,1.70,1.00
2010.05.06 19:43:11.120,0.6409,0.6415,1.00,1.00
2010.05.06 19:43:11.688,0.641,0.6419,2.40,1.00
2010.05.06 19:43:11.750,0.64105,0.6419,1.00,1.00
2010.05.06 19:43:12.095,0.6411,0.64195,1.00,1.00
2010.05.06 19:43:12.439,0.6411,0.642,1.60,3.20
2010.05.06 19:43:13.494,0.64115,0.642,1.00,1.00
2010.05.06 19:43:13.753,0.64115,0.64205,3.20,1.60
2010.05.06 19:43:14.013,0.6412,0.64205,1.00,1.00
2010.05.06 19:43:14.812,0.64125,0.6421,3.20,1.00
2010.05.06 19:43:14.992,0.64125,0.64215,3.20,1.60
2010.05.06 19:43:15.170,0.6413,0.64215,1.00,1.60
2010.05.06 19:43:15.529,0.6413,0.64215,1.60,1.00
2010.05.06 19:43:17.847,0.641,0.64175,1.00,1.00
2010.05.06 19:43:18.411,0.64125,0.64215,3.20,1.60
2010.05.06 19:43:18.640,0.64125,0.64215,3.20,1.20
2010.05.06 19:43:19.362,0.6413,0.64215,1.00,1.00
2010.05.06 19:43:21.330,0.6413,0.6422,3.20,3.20
2010.05.06 19:43:21.929,0.6413,0.64215,1.00,1.00
2010.05.06 19:43:22.198,0.6413,0.64215,1.00,1.60
2010.05.06 19:43:22.931,0.64125,0.6417,1.00,1.00
2010.05.06 19:43:23.176,0.64095,0.6417,1.00,1.00
2010.05.06 19:43:23.412,0.641,0.64175,1.60,1.00
2010.05.06 19:43:24.236,0.64105,0.64175,1.00,1.00
2010.05.06 19:43:24.583,0.64105,0.6418,1.00,1.00
2010.05.06 19:43:24.920,0.64105,0.6417,1.00,1.00
2010.05.06 19:43:25.385,0.64125,0.6417,1.00,1.00
2010.05.06 19:43:25.734,0.6414,0.64225,1.60,1.00
2010.05.06 19:43:26.079,0.6414,0.64225,3.20,1.00
2010.05.06 19:43:26.300,0.64145,0.6423,1.00,1.60
2010.05.06 19:43:26.519,0.6415,0.64235,1.00,1.60
2010.05.06 19:43:26.739,0.6415,0.6424,1.00,3.20
2010.05.06 19:43:27.277,0.64145,0.6421,2.40,1.00
2010.05.06 19:43:27.545,0.6413,0.64215,1.00,1.60
2010.05.06 19:43:28.878,0.641,0.64175,1.00,1.00
2010.05.06 19:43:29.224,0.64095,0.6417,1.00,1.00
2010.05.06 19:43:30.021,0.64105,0.64175,1.00,1.00
2010.05.06 19:43:30.362,0.64105,0.6418,1.00,2.00
2010.05.06 19:43:30.701,0.641,0.64175,1.00,1.00
2010.05.06 19:43:31.489,0.64105,0.64175,9.60,1.00
2010.05.06 19:43:32.145,0.64115,0.642,1.00,1.00
2010.05.06 19:43:33.115,0.64115,0.64205,1.00,3.20
2010.05.06 19:43:33.453,0.6412,0.64205,1.00,3.20
2010.05.06 19:43:33.780,0.6412,0.642,1.00,1.00
2010.05.06 19:43:34.110,0.64115,0.642,3.20,1.00
2010.05.06 19:43:35.050,0.641,0.64165,1.00,1.00
2010.05.06 19:43:35.391,0.64105,0.64165,1.00,1.00
2010.05.06 19:43:35.732,0.64115,0.64165,1.00,1.00
2010.05.06 19:43:36.482,0.64105,0.6416,1.00,1.00
2010.05.06 19:43:36.783,0.64105,0.6416,1.00,1.00
2010.05.06 19:43:37.079,0.64105,0.6416,1.00,1.00
2010.05.06 19:43:37.659,0.6411,0.6416,1.00,1.00
2010.05.06 19:43:37.975,0.6411,0.64165,1.00,1.00
2010.05.06 19:43:38.289,0.64105,0.6416,1.00,1.00
2010.05.06 19:43:38.601,0.641,0.64155,1.00,1.00
2010.05.06 19:43:39.478,0.64105,0.6416,1.00,1.00
2010.05.06 19:43:39.832,0.6411,0.6416,1.00,1.00
2010.05.06 19:43:40.461,0.6411,0.64165,1.00,1.00
2010.05.06 19:43:40.714,0.6406,0.6414,1.00,1.00
2010.05.06 19:43:41.636,0.6406,0.6414,1.00,1.00
2010.05.06 19:43:41.996,0.64065,0.6413,1.00,1.00
2010.05.06 19:43:42.786,0.6406,0.64125,1.00,1.00
2010.05.06 19:43:43.120,0.6406,0.64135,2.40,1.00
2010.05.06 19:43:43.443,0.64065,0.6415,3.20,1.00
2010.05.06 19:43:44.478,0.6407,0.6415,1.00,1.00
2010.05.06 19:43:45.711,0.6407,0.6415,3.20,1.00
2010.05.06 19:43:46.390,0.64065,0.6415,3.20,1.00
2010.05.06 19:43:49.721,0.64065,0.64145,1.00,1.00
2010.05.06 19:43:51.034,0.6407,0.64145,1.00,1.00
2010.05.06 19:43:51.121,0.6407,0.6415,1.00,1.20
2010.05.06 19:43:51.323,0.6407,0.6415,1.00,1.00
2010.05.06 19:43:51.952,0.6407,0.6415,3.20,1.00
2010.05.06 19:43:52.289,0.6407,0.64145,1.00,1.00
2010.05.06 19:43:52.971,0.64065,0.64145,3.20,1.00
2010.05.06 19:43:53.777,0.64075,0.6415,2.40,1.00
2010.05.06 19:43:54.121,0.64075,0.6415,1.00,1.00
2010.05.06 19:43:54.605,0.6407,0.6415,2.40,1.40
2010.05.06 19:43:54.934,0.64075,0.64155,1.60,1.00
2010.05.06 19:43:55.255,0.6408,0.64165,1.60,3.20
2010.05.06 19:43:56.010,0.6408,0.64165,3.20,1.60
2010.05.06 19:43:56.356,0.64085,0.6416,1.00,1.00
2010.05.06 19:43:57.823,0.64095,0.64175,3.20,1.00
2010.05.06 19:43:58.112,0.641,0.64185,2.40,1.60
2010.05.06 19:43:58.558,0.64105,0.64185,1.00,1.00
2010.05.06 19:43:58.901,0.64105,0.64185,1.00,1.00
2010.05.06 19:43:59.240,0.64105,0.6418,1.00,1.00
2010.05.06 19:43:59.580,0.64095,0.64175,1.00,1.00
2010.05.06 19:44:00.197,0.64095,0.6418,1.00,1.20
2010.05.06 19:44:00.545,0.64095,0.64175,3.20,1.00
2010.05.06 19:44:00.892,0.64095,0.6418,3.20,1.00
2010.05.06 19:44:02.509,0.64095,0.64185,4.00,1.20
2010.05.06 19:44:02.758,0.64115,0.64185,2.40,1.60
2010.05.06 19:44:03.049,0.64125,0.64215,1.60,3.20
2010.05.06 19:44:03.815,0.64125,0.64215,3.20,1.00
2010.05.06 19:44:04.008,0.6413,0.64215,1.00,1.00
2010.05.06 19:44:04.200,0.6413,0.6422,3.20,1.00
2010.05.06 19:44:04.390,0.6413,0.64215,1.00,1.00
2010.05.06 19:44:05.393,0.64135,0.6422,1.00,1.00
2010.05.06 19:44:05.727,0.6414,0.64225,2.40,1.00
2010.05.06 19:44:06.490,0.64145,0.6423,1.00,1.60
2010.05.06 19:44:08.197,0.64145,0.6423,2.40,1.60
2010.05.06 19:44:08.542,0.64145,0.64235,1.00,3.20
2010.05.06 19:44:08.883,0.6414,0.6423,1.00,1.00
2010.05.06 19:44:09.630,0.6414,0.6423,3.20,1.60
2010.05.06 19:44:09.932,0.6414,0.6423,1.60,3.20
2010.05.06 19:44:11.653,0.6414,0.64235,1.60,1.00
2010.05.06 19:44:11.991,0.6414,0.6423,1.60,1.00
2010.05.06 19:44:12.710,0.64145,0.64235,1.00,2.40
2010.05.06 19:44:12.949,0.64145,0.64235,1.00,1.00
2010.05.06 19:44:13.661,0.6415,0.6424,1.00,3.20
2010.05.06 19:44:14.258,0.6415,0.6424,1.00,3.60
2010.05.06 19:44:14.912,0.6415,0.64225,1.00,1.00
2010.05.06 19:44:15.253,0.64115,0.642,1.00,2.00
2010.05.06 19:44:15.591,0.6411,0.642,1.00,1.00
2010.05.06 19:44:15.903,0.6411,0.642,3.20,1.00
2010.05.06 19:44:16.662,0.6411,0.642,1.60,1.20
2010.05.06 19:44:16.939,0.6411,0.642,1.60,2.00
2010.05.06 19:44:17.719,0.64105,0.64195,3.20,1.60
2010.05.06 19:44:18.066,0.64105,0.64195,1.00,3.20
2010.05.06 19:44:18.415,0.64105,0.6419,1.00,1.00
2010.05.06 19:44:19.476,0.64105,0.6419,1.00,2.40
2010.05.06 19:44:19.781,0.6411,0.64185,1.00,1.00
2010.05.06 19:44:20.081,0.6412,0.64195,1.00,2.80
2010.05.06 19:44:20.559,0.64105,0.64195,1.00,3.20
2010.05.06 19:44:20.908,0.64105,0.64195,1.60,1.60
2010.05.06 19:44:21.250,0.641,0.64185,1.00,2.40
2010.05.06 19:44:21.589,0.641,0.64185,1.00,3.20
2010.05.06 19:44:22.410,0.64105,0.64195,3.20,1.00
2010.05.06 19:44:22.752,0.6411,0.64195,1.00,3.20
2010.05.06 19:44:23.321,0.64105,0.6418,1.00,2.40
2010.05.06 19:44:23.634,0.6409,0.64175,1.00,1.00
2010.05.06 19:44:23.951,0.6409,0.64175,1.60,1.00
2010.05.06 19:44:25.407,0.64085,0.64175,3.20,2.40
2010.05.06 19:44:25.633,0.64085,0.6417,1.00,3.20
2010.05.06 19:44:26.303,0.6408,0.6417,1.00,4.00
2010.05.06 19:44:26.642,0.6408,0.6417,1.60,4.00
2010.05.06 19:44:26.981,0.64085,0.64175,3.20,1.60
2010.05.06 19:44:27.319,0.64085,0.64175,3.20,1.00
2010.05.06 19:44:27.628,0.6409,0.64175,1.00,1.00
2010.05.06 19:44:33.814,0.6409,0.64175,3.20,1.00
2010.05.06 19:44:33.960,0.6409,0.6418,4.00,1.00
2010.05.06 19:44:34.101,0.64095,0.64185,1.00,3.20
2010.05.06 19:44:34.242,0.64095,0.64185,3.20,1.00
2010.05.06 19:44:35.308,0.641,0.64185,1.00,1.00
2010.05.06 19:44:36.901,0.64105,0.64195,1.60,1.60
2010.05.06 19:44:37.348,0.64105,0.64195,3.20,1.60
2010.05.06 19:44:38.989,0.64105,0.64195,2.40,1.60
2010.05.06 19:44:39.190,0.641,0.6419,3.20,1.00
2010.05.06 19:44:39.381,0.64105,0.6419,1.00,1.00
2010.05.06 19:44:41.855,0.64105,0.6419,1.60,1.00
2010.05.06 19:44:42.138,0.6411,0.64195,1.00,1.00
2010.05.06 19:44:43.429,0.64105,0.64195,3.20,1.60
2010.05.06 19:44:47.555,0.64105,0.64195,2.40,1.60
2010.05.06 19:44:47.818,0.64105,0.64195,1.00,3.20
2010.05.06 19:44:48.098,0.64105,0.6419,1.00,1.00
2010.05.06 19:44:48.544,0.64105,0.6419,1.00,1.60
2010.05.06 19:44:49.138,0.641,0.6419,1.60,2.40
2010.05.06 19:44:49.588,0.641,0.6419,1.60,3.20
2010.05.06 19:44:50.922,0.64105,0.6419,1.00,1.00
2010.05.06 19:44:51.194,0.641,0.64185,2.40,1.00
2010.05.06 19:44:51.472,0.64095,0.64185,1.60,3.20
2010.05.06 19:44:52.318,0.641,0.64185,1.60,2.40
2010.05.06 19:44:52.970,0.641,0.6419,3.20,1.00
2010.05.06 19:44:53.303,0.64105,0.6418,1.00,1.00
2010.05.06 19:44:53.601,0.64095,0.6418,3.20,1.00
2010.05.06 19:44:54.354,0.641,0.6418,1.60,1.00
2010.05.06 19:44:54.617,0.64105,0.64185,4.00,1.00
2010.05.06 19:44:56.131,0.6412,0.64195,1.00,1.00
2010.05.06 19:44:56.469,0.64115,0.64195,3.20,1.00
2010.05.06 19:45:02.958,0.64115,0.642,3.20,1.00
2010.05.06 19:45:03.700,0.64115,0.64195,2.40,1.00
2010.05.06 19:45:03.972,0.64115,0.64195,1.00,1.00
2010.05.06 19:45:04.244,0.64115,0.6419,1.00,1.00
2010.05.06 19:45:07.148,0.64115,0.64195,1.00,1.00
2010.05.06 19:45:08.457,0.64115,0.64195,1.60,1.00
2010.05.06 19:45:08.810,0.64115,0.642,3.20,1.00
2010.05.06 19:45:09.162,0.64115,0.6419,3.20,1.00
2010.05.06 19:45:09.334,0.6411,0.6419,3.20,1.00
2010.05.06 19:45:10.070,0.64115,0.642,1.60,1.00
2010.05.06 19:45:10.412,0.64115,0.64195,1.60,1.00
2010.05.06 19:45:10.750,0.64115,0.6419,1.00,1.00
2010.05.06 19:45:12.883,0.64115,0.64195,1.00,1.00
2010.05.06 19:45:13.818,0.64115,0.64195,1.00,1.00
2010.05.06 19:45:14.552,0.6411,0.64185,1.00,1.00
2010.05.06 19:45:15.326,0.6409,0.64175,1.00,2.40
2010.05.06 19:45:15.623,0.6409,0.64175,1.00,3.20
2010.05.06 19:45:18.121,0.6409,0.6417,1.00,2.40
2010.05.06 19:45:18.466,0.64075,0.64165,3.20,3.20
2010.05.06 19:45:19.849,0.6407,0.6416,1.60,4.00
2010.05.06 19:45:20.101,0.64065,0.6415,3.20,1.00
2010.05.06 19:45:22.401,0.6407,0.64155,1.00,2.40
2010.05.06 19:45:24.309,0.6407,0.64155,3.20,1.00
2010.05.06 19:45:25.085,0.6407,0.64155,1.00,1.00
2010.05.06 19:45:25.311,0.6407,0.64155,1.00,1.00
2010.05.06 19:45:25.612,0.64075,0.6416,1.00,1.70
2010.05.06 19:45:26.379,0.64075,0.6416,4.00,1.70
2010.05.06 19:45:26.722,0.64075,0.6416,4.00,1.00
2010.05.06 19:45:27.058,0.6409,0.64165,1.00,1.60
2010.05.06 19:45:27.773,0.6409,0.6418,7.60,1.00
2010.05.06 19:45:28.094,0.641,0.6419,3.20,1.00
2010.05.06 19:45:28.403,0.64105,0.64195,1.60,3.20
2010.05.06 19:45:29.817,0.6411,0.64195,1.00,1.00
2010.05.06 19:45:30.167,0.6411,0.642,1.00,3.20
2010.05.06 19:45:31.042,0.64115,0.642,3.20,1.00
2010.05.06 19:45:31.329,0.6412,0.64205,1.00,1.00
2010.05.06 19:45:34.760,0.6412,0.6421,3.20,1.00
2010.05.06 19:45:35.080,0.64135,0.6421,2.40,1.00
2010.05.06 19:45:35.582,0.6413,0.6421,2.40,1.00
2010.05.06 19:45:35.909,0.6413,0.6422,1.00,3.20
2010.05.06 19:45:36.255,0.6413,0.64215,1.00,1.00
2010.05.06 19:45:37.271,0.64125,0.64215,1.60,3.20
2010.05.06 19:45:38.482,0.6413,0.64215,1.00,1.00
2010.05.06 19:45:38.809,0.6413,0.6422,1.60,1.60
2010.05.06 19:45:39.138,0.6413,0.6422,3.20,1.60
2010.05.06 19:45:40.322,0.6413,0.64215,1.00,1.00
2010.05.06 19:45:40.560,0.6413,0.6422,3.20,1.60
2010.05.06 19:45:40.800,0.6413,0.64215,1.00,1.60
2010.05.06 19:45:41.038,0.64125,0.64215,3.20,3.20
2010.05.06 19:45:42.950,0.64135,0.64215,1.00,2.40
2010.05.06 19:45:43.744,0.64135,0.64225,3.20,3.20
2010.05.06 19:45:44.432,0.64135,0.6422,1.00,1.00
2010.05.06 19:45:45.938,0.64135,0.6422,1.00,3.20
2010.05.06 19:45:46.230,0.6413,0.64215,1.00,1.00
2010.05.06 19:45:46.568,0.6413,0.64215,1.00,3.20
2010.05.06 19:45:47.350,0.64125,0.64215,1.00,3.20
2010.05.06 19:45:48.911,0.6413,0.64215,1.00,1.00
2010.05.06 19:45:49.230,0.64125,0.6421,1.00,1.00
2010.05.06 19:45:49.989,0.64135,0.64215,1.00,1.00
2010.05.06 19:45:50.332,0.6414,0.64225,1.60,1.00
2010.05.06 19:45:50.673,0.6414,0.64225,1.00,1.00
2010.05.06 19:45:51.551,0.64205,0.64225,9.60,1.00
2010.05.06 19:45:51.889,0.642,0.64245,1.00,1.00
2010.05.06 19:45:52.709,0.64185,0.6427,2.40,1.00
2010.05.06 19:45:53.040,0.64185,0.6427,3.20,1.00
2010.05.06 19:45:54.151,0.6418,0.6427,3.20,1.00
2010.05.06 19:45:55.653,0.64165,0.64255,1.00,1.60
2010.05.06 19:45:55.992,0.64165,0.6425,1.00,1.00
2010.05.06 19:45:56.956,0.6416,0.6425,1.60,3.20
2010.05.06 19:45:57.193,0.6418,0.6427,1.60,3.20
2010.05.06 19:45:58.677,0.6417,0.6426,1.60,1.00
2010.05.06 19:45:59.019,0.6417,0.6426,1.60,3.20
2010.05.06 19:45:59.685,0.6417,0.6426,1.00,3.20
2010.05.06 19:46:00.037,0.6416,0.6425,3.20,1.00
2010.05.06 19:46:00.383,0.64175,0.64255,1.00,1.00
2010.05.06 19:46:01.207,0.64165,0.64255,1.60,1.00
2010.05.06 19:46:01.553,0.6417,0.6426,3.20,1.60
2010.05.06 19:46:02.149,0.64165,0.64255,3.20,1.00
2010.05.06 19:46:03.116,0.6416,0.6425,3.20,1.60
2010.05.06 19:46:03.379,0.6416,0.64245,1.60,1.00
2010.05.06 19:46:05.615,0.64155,0.64245,1.60,1.60
2010.05.06 19:46:05.770,0.64155,0.64245,1.60,3.20
2010.05.06 19:46:06.267,0.64155,0.6424,1.60,1.00
2010.05.06 19:46:06.438,0.6415,0.6423,1.00,2.40
2010.05.06 19:46:06.785,0.6414,0.64225,3.20,1.00
2010.05.06 19:46:07.557,0.64145,0.6423,1.00,3.20
2010.05.06 19:46:07.908,0.6414,0.6423,1.60,4.00
2010.05.06 19:46:09.029,0.6414,0.64225,1.60,1.60
2010.05.06 19:46:09.370,0.6414,0.64225,1.00,1.00
2010.05.06 19:46:09.709,0.6414,0.64225,1.60,1.00
2010.05.06 19:46:11.270,0.64145,0.6423,1.00,1.00
2010.05.06 19:46:13.780,0.6414,0.6423,3.20,1.60
2010.05.06 19:46:14.052,0.6414,0.6423,1.60,3.20
2010.05.06 19:46:15.731,0.64135,0.64225,1.60,2.40
2010.05.06 19:46:16.436,0.6413,0.6421,1.60,1.00
2010.05.06 19:46:16.694,0.6411,0.64185,1.70,1.00
2010.05.06 19:46:18.671,0.64115,0.6419,1.00,1.00
2010.05.06 19:46:19.443,0.6412,0.64195,1.00,1.00
2010.05.06 19:46:20.903,0.6413,0.64205,1.00,1.00
2010.05.06 19:46:21.579,0.6413,0.6421,1.00,1.00
2010.05.06 19:46:22.404,0.6413,0.64205,1.00,1.00
2010.05.06 19:46:22.751,0.6413,0.642,1.00,1.00
2010.05.06 19:46:23.082,0.6413,0.64205,3.30,1.00
2010.05.06 19:46:23.842,0.6413,0.64205,4.10,1.00
2010.05.06 19:46:24.102,0.6413,0.64205,4.10,1.00
2010.05.06 19:46:24.362,0.6413,0.64205,4.10,1.00
2010.05.06 19:46:24.714,0.6414,0.6421,1.00,1.00
2010.05.06 19:46:25.368,0.64135,0.64215,2.50,1.00
2010.05.06 19:46:25.711,0.6414,0.64215,1.70,1.00
2010.05.06 19:46:26.051,0.6415,0.64225,1.00,1.00
2010.05.06 19:46:26.371,0.64145,0.6421,1.60,1.00
2010.05.06 19:46:26.881,0.64145,0.6421,1.00,1.00
2010.05.06 19:46:27.223,0.6415,0.64225,1.00,1.00
2010.05.06 19:46:27.485,0.64145,0.6422,1.00,1.00
2010.05.06 19:46:27.750,0.6415,0.64225,1.00,1.00
2010.05.06 19:46:29.054,0.64155,0.64225,1.00,1.00
2010.05.06 19:46:30.969,0.6416,0.6423,1.00,1.00
2010.05.06 19:46:32.830,0.64165,0.64235,1.00,1.00
2010.05.06 19:46:33.043,0.64165,0.64235,1.00,1.00
2010.05.06 19:46:33.250,0.64165,0.64235,1.00,1.00
2010.05.06 19:46:34.064,0.6417,0.6424,1.00,1.00
2010.05.06 19:46:34.400,0.6417,0.64245,1.00,1.00
2010.05.06 19:46:35.725,0.64175,0.64245,1.00,1.00
2010.05.06 19:46:36.069,0.6417,0.6424,2.50,1.00
2010.05.06 19:46:36.661,0.64175,0.64245,1.00,1.00
2010.05.06 19:46:36.888,0.6418,0.6425,1.00,1.00
2010.05.06 19:46:37.401,0.64185,0.6425,1.00,1.00
2010.05.06 19:46:37.675,0.6418,0.6425,1.00,1.00
2010.05.06 19:46:37.973,0.6419,0.6425,1.00,1.00
2010.05.06 19:46:38.292,0.6419,0.6426,1.00,1.70
2010.05.06 19:46:39.050,0.6419,0.6426,1.00,1.00
2010.05.06 19:46:39.339,0.64185,0.64255,1.00,1.00
2010.05.06 19:46:42.109,0.6419,0.64255,1.00,1.00
2010.05.06 19:46:42.450,0.64185,0.64255,1.00,1.00
2010.05.06 19:46:43.288,0.64185,0.6425,1.00,1.00
2010.05.06 19:46:48.107,0.64185,0.64255,1.00,1.00
2010.05.06 19:46:48.363,0.6418,0.6425,1.00,1.00
2010.05.06 19:46:49.049,0.6418,0.6425,1.00,1.00
2010.05.06 19:46:51.418,0.64185,0.6425,1.00,1.00
2010.05.06 19:46:53.012,0.64185,0.6426,1.00,1.00
2010.05.06 19:46:53.273,0.64185,0.6426,1.00,1.00
2010.05.06 19:46:53.803,0.64185,0.6426,1.70,1.00
2010.05.06 19:46:54.105,0.6419,0.64265,1.00,1.00
2010.05.06 19:46:55.211,0.64185,0.6426,1.00,1.00
2010.05.06 19:46:55.553,0.6419,0.6426,1.00,1.00
2010.05.06 19:46:55.859,0.64185,0.64255,1.00,1.00
2010.05.06 19:46:56.613,0.6419,0.6426,1.00,1.00
2010.05.06 19:46:56.941,0.64185,0.64255,1.00,1.00
2010.05.06 19:46:57.620,0.6418,0.6425,1.00,1.00
2010.05.06 19:46:58.433,0.6418,0.6425,1.00,1.00
2010.05.06 19:46:59.106,0.64175,0.64245,4.10,1.00
2010.05.06 19:46:59.887,0.6418,0.6425,1.00,1.00
2010.05.06 19:47:02.628,0.64175,0.64245,1.00,1.00
2010.05.06 19:47:03.432,0.6418,0.6425,1.00,1.00
2010.05.06 19:47:03.593,0.6419,0.6425,1.00,1.00
2010.05.06 19:47:03.750,0.6419,0.64255,1.00,1.00
2010.05.06 19:47:05.593,0.6419,0.64255,1.00,1.00
2010.05.06 19:47:06.109,0.64195,0.64265,1.00,1.70
2010.05.06 19:47:06.249,0.64195,0.64265,1.00,1.00
2010.05.06 19:47:07.166,0.6419,0.6426,1.00,1.00
2010.05.06 19:47:08.294,0.64185,0.6425,1.00,1.00
2010.05.06 19:47:08.650,0.6419,0.6426,1.00,1.00
2010.05.06 19:47:08.993,0.64185,0.64245,1.00,1.00
2010.05.06 19:47:09.720,0.6418,0.64245,1.00,1.00
2010.05.06 19:47:09.976,0.6418,0.6424,1.00,1.00
2010.05.06 19:47:10.324,0.6418,0.64245,1.00,1.00
2010.05.06 19:47:11.458,0.64175,0.6424,1.00,1.00
2010.05.06 19:47:14.079,0.6417,0.6424,1.00,1.00
2010.05.06 19:47:15.180,0.64165,0.64235,1.00,1.00
2010.05.06 19:47:16.664,0.64165,0.6424,1.00,1.00
2010.05.06 19:47:17.419,0.64165,0.64235,1.00,1.00
2010.05.06 19:47:17.682,0.64165,0.6424,1.00,1.00
2010.05.06 19:47:19.549,0.6417,0.6424,1.00,1.00
2010.05.06 19:47:21.685,0.64175,0.64245,1.00,1.00
2010.05.06 19:47:24.529,0.6417,0.64245,1.00,1.00
2010.05.06 19:47:24.729,0.6418,0.64245,1.00,1.00
2010.05.06 19:47:24.779,0.6418,0.6425,1.00,1.70
2010.05.06 19:47:25.318,0.6418,0.64255,1.00,1.70
2010.05.06 19:47:25.371,0.6418,0.64255,1.00,1.00
2010.05.06 19:47:25.423,0.6418,0.64255,1.00,1.00
2010.05.06 19:47:25.469,0.6418,0.6426,1.00,1.60
2010.05.06 19:47:26.272,0.6418,0.6426,1.70,1.00
2010.05.06 19:47:26.610,0.6418,0.64245,1.00,1.00
2010.05.06 19:47:26.890,0.64175,0.64245,1.00,1.00
2010.05.06 19:47:28.425,0.64175,0.64245,1.00,1.00
2010.05.06 19:47:29.439,0.6418,0.6425,1.00,1.00
2010.05.06 19:47:31.439,0.6418,0.6425,1.00,1.00
2010.05.06 19:47:31.779,0.6418,0.64255,1.00,1.00
2010.05.06 19:47:32.951,0.64175,0.64245,2.40,1.00
2010.05.06 19:47:34.559,0.64185,0.64255,1.00,1.00
2010.05.06 19:47:35.352,0.6419,0.6426,1.00,1.00
2010.05.06 19:47:37.127,0.6419,0.6426,1.00,1.00
2010.05.06 19:47:37.390,0.6419,0.6426,1.00,1.00
2010.05.06 19:47:37.519,0.6419,0.64255,1.00,1.00
2010.05.06 19:47:38.112,0.6419,0.6426,1.00,1.00
2010.05.06 19:47:38.453,0.6419,0.6426,1.00,1.00
2010.05.06 19:47:38.790,0.6418,0.64255,1.00,1.00
2010.05.06 19:47:39.367,0.6418,0.64255,1.00,1.00
2010.05.06 19:47:39.661,0.64185,0.64255,1.00,1.00
2010.05.06 19:47:39.942,0.6419,0.64255,1.00,1.00
2010.05.06 19:47:40.642,0.6419,0.6426,1.00,1.00
2010.05.06 19:47:40.988,0.64195,0.64265,1.00,1.00
2010.05.06 19:47:41.333,0.6419,0.6426,1.00,1.00
2010.05.06 19:47:41.805,0.6419,0.6426,1.00,1.00
2010.05.06 19:47:42.821,0.64185,0.64255,1.70,1.00
2010.05.06 19:47:43.643,0.6418,0.6425,1.70,1.00
2010.05.06 19:47:43.983,0.6418,0.64255,1.00,1.00
2010.05.06 19:47:44.260,0.6418,0.64255,1.00,1.00
2010.05.06 19:47:44.759,0.6418,0.6426,1.70,1.00
2010.05.06 19:47:45.047,0.6418,0.6425,1.00,1.00
2010.05.06 19:47:45.396,0.64185,0.64255,1.00,1.00
2010.05.06 19:47:46.178,0.64185,0.64255,1.70,1.00
2010.05.06 19:47:46.526,0.6419,0.6426,1.00,1.00
2010.05.06 19:47:47.680,0.64185,0.64255,2.50,1.00
2010.05.06 19:47:48.024,0.64185,0.64265,2.50,1.00
2010.05.06 19:47:48.361,0.6419,0.64265,2.40,1.00
2010.05.06 19:47:49.589,0.642,0.6428,1.00,1.00
2010.05.06 19:47:49.853,0.642,0.6428,1.70,1.00
2010.05.06 19:47:50.790,0.642,0.6428,1.70,1.00
2010.05.06 19:47:51.535,0.64205,0.6428,1.00,1.00
2010.05.06 19:47:52.353,0.64205,0.6428,1.70,1.00
2010.05.06 19:47:52.662,0.64225,0.64285,2.00,1.00
2010.05.06 19:47:53.418,0.64225,0.6431,1.60,1.00
2010.05.06 19:47:53.724,0.6424,0.64325,1.00,1.00
2010.05.06 19:47:55.341,0.64235,0.64325,3.20,3.20
2010.05.06 19:47:57.540,0.64235,0.64325,3.20,1.00
2010.05.06 19:47:57.830,0.6424,0.64325,1.00,1.00
2010.05.06 19:47:58.654,0.64245,0.6433,1.00,1.00
2010.05.06 19:47:59.869,0.6424,0.6433,3.20,1.60
2010.05.06 19:48:00.279,0.64245,0.64335,1.60,3.20
2010.05.06 19:48:00.969,0.6425,0.64335,1.00,1.00
2010.05.06 19:48:01.161,0.64255,0.6434,1.60,1.00
2010.05.06 19:48:02.520,0.64245,0.64335,3.20,1.00
2010.05.06 19:48:02.822,0.64245,0.6434,3.20,3.20
2010.05.06 19:48:03.329,0.6425,0.64335,1.00,1.00
2010.05.06 19:48:03.676,0.6425,0.64335,1.60,1.00
2010.05.06 19:48:05.460,0.6425,0.6434,1.60,1.60
2010.05.06 19:48:06.702,0.64255,0.64345,1.60,3.20
2010.05.06 19:48:07.048,0.6426,0.64345,1.60,1.00
2010.05.06 19:48:08.356,0.64255,0.6434,1.60,1.00
2010.05.06 19:48:09.691,0.64255,0.64345,3.20,1.60
2010.05.06 19:48:11.880,0.6425,0.6434,1.60,1.60
2010.05.06 19:48:12.668,0.6425,0.6434,1.60,1.00
2010.05.06 19:48:13.026,0.64255,0.6434,1.00,1.00
2010.05.06 19:48:14.899,0.6426,0.6434,1.00,1.00
2010.05.06 19:48:15.141,0.64265,0.6435,1.60,1.60
2010.05.06 19:48:15.637,0.64265,0.6435,1.00,2.40
2010.05.06 19:48:15.962,0.6426,0.6435,3.20,3.20
2010.05.06 19:48:16.280,0.6427,0.6435,1.00,1.00
2010.05.06 19:48:17.058,0.64275,0.64355,1.00,1.00
2010.05.06 19:48:17.403,0.64275,0.64365,1.60,3.20
2010.05.06 19:48:20.492,0.6428,0.6437,3.20,1.00
2010.05.06 19:48:20.810,0.64285,0.6437,1.60,1.00
2010.05.06 19:48:21.512,0.64285,0.64375,1.60,1.60
2010.05.06 19:48:22.190,0.6428,0.6437,3.20,1.00
2010.05.06 19:48:23.019,0.6428,0.64355,1.00,2.40
2010.05.06 19:48:23.364,0.64265,0.6435,1.00,1.00
2010.05.06 19:48:24.182,0.64275,0.6435,2.40,1.00
2010.05.06 19:48:24.526,0.64275,0.6437,3.20,3.20
2010.05.06 19:48:24.870,0.6428,0.6437,1.00,3.20
2010.05.06 19:48:25.662,0.64285,0.6437,1.00,1.00
2010.05.06 19:48:25.998,0.6428,0.6437,1.60,1.60
2010.05.06 19:48:26.340,0.6428,0.6437,3.20,1.00
2010.05.06 19:48:26.681,0.6429,0.64375,1.00,1.00
2010.05.06 19:48:27.139,0.6429,0.64375,1.00,2.40
2010.05.06 19:48:27.737,0.64275,0.64365,1.00,3.20
2010.05.06 19:48:27.962,0.6427,0.64355,1.00,1.00
2010.05.06 19:48:28.689,0.6428,0.64365,2.40,1.00
2010.05.06 19:48:29.032,0.64285,0.64365,1.00,1.00
2010.05.06 19:48:29.951,0.6428,0.6437,1.60,3.20
2010.05.06 19:48:31.268,0.6428,0.64365,1.00,1.00
2010.05.06 19:48:31.604,0.64275,0.64365,3.20,1.00
2010.05.06 19:48:33.081,0.64285,0.64365,1.60,1.00
2010.05.06 19:48:33.412,0.6429,0.64375,2.40,1.00
2010.05.06 19:48:34.203,0.6429,0.6438,3.20,1.00
2010.05.06 19:48:35.616,0.64295,0.6438,1.00,1.00
2010.05.06 19:48:35.890,0.64295,0.6438,1.60,1.00
2010.05.06 19:48:36.381,0.64295,0.64385,1.60,3.20
2010.05.06 19:48:37.796,0.64295,0.64385,3.20,1.00
2010.05.06 19:48:38.152,0.643,0.64385,1.00,1.00
2010.05.06 19:48:38.493,0.6429,0.6438,1.60,1.00
2010.05.06 19:48:39.265,0.64295,0.6438,1.00,1.00
2010.05.06 19:48:39.612,0.64305,0.64385,1.00,1.00
2010.05.06 19:48:39.952,0.64305,0.64395,1.00,4.00
2010.05.06 19:48:40.241,0.64305,0.64395,1.00,3.20
2010.05.06 19:48:40.995,0.64305,0.64395,3.20,1.00
2010.05.06 19:48:41.290,0.6448,0.64565,2.00,9.60
2010.05.06 19:48:42.095,0.6439,0.64485,2.40,2.40
2010.05.06 19:48:42.445,0.64405,0.6449,2.40,1.60
2010.05.06 19:48:43.482,0.64415,0.64505,1.00,4.00
2010.05.06 19:48:43.820,0.64415,0.6449,1.00,2.40
2010.05.06 19:48:44.658,0.64405,0.64485,1.00,1.00
2010.05.06 19:48:45.004,0.644,0.64485,1.00,1.00
2010.05.06 19:48:46.014,0.6442,0.64485,1.00,1.00
2010.05.06 19:48:46.360,0.6442,0.64495,1.00,1.00
2010.05.06 19:48:47.161,0.6443,0.645,1.00,1.00
2010.05.06 19:48:47.510,0.6444,0.64505,1.00,1.00
2010.05.06 19:48:47.854,0.6445,0.6452,1.00,3.30
2010.05.06 19:48:48.655,0.6444,0.64515,1.00,1.00
2010.05.06 19:48:49.454,0.6445,0.64515,1.00,1.00
2010.05.06 19:48:49.809,0.64465,0.64535,1.00,1.00
2010.05.06 19:48:51.012,0.64465,0.64535,1.00,1.60
2010.05.06 19:48:52.484,0.64465,0.64535,1.00,1.00
2010.05.06 19:48:52.753,0.64485,0.6454,1.00,1.00
2010.05.06 19:48:53.021,0.64485,0.6454,1.00,1.60
2010.05.06 19:48:53.743,0.64485,0.6456,1.00,1.00
2010.05.06 19:48:54.081,0.64485,0.64565,1.00,1.00
2010.05.06 19:48:54.671,0.6449,0.6457,1.00,1.60
2010.05.06 19:48:55.016,0.6448,0.64555,1.00,1.00
2010.05.06 19:48:55.364,0.6448,0.6456,1.00,1.00
2010.05.06 19:48:58.734,0.6448,0.6456,1.00,1.00
2010.05.06 19:48:59.040,0.6452,0.6456,1.00,1.00
2010.05.06 19:48:59.361,0.64485,0.6456,1.00,1.00
2010.05.06 19:48:59.680,0.64485,0.6456,1.00,1.00
2010.05.06 19:49:00.473,0.64485,0.64545,1.00,1.00
2010.05.06 19:49:00.810,0.64475,0.64545,1.00,1.00
2010.05.06 19:49:01.150,0.6447,0.6454,1.00,1.00
2010.05.06 19:49:01.974,0.6447,0.6454,1.00,1.00
2010.05.06 19:49:03.320,0.64475,0.6454,1.00,1.00
2010.05.06 19:49:03.887,0.64465,0.64525,1.00,1.00
2010.05.06 19:49:04.343,0.6446,0.6453,1.70,1.00
2010.05.06 19:49:04.617,0.6446,0.64525,1.00,1.00
2010.05.06 19:49:05.170,0.64465,0.64535,1.00,1.00
2010.05.06 19:49:05.873,0.6446,0.6453,1.00,1.00
2010.05.06 19:49:06.233,0.6446,0.6453,1.00,1.00
2010.05.06 19:49:06.570,0.64455,0.64525,1.60,1.00
2010.05.06 19:49:06.916,0.64455,0.64525,1.00,1.00
2010.05.06 19:49:07.719,0.6446,0.64535,2.50,1.00
2010.05.06 19:49:07.959,0.64465,0.64535,1.00,1.00
2010.05.06 19:49:08.700,0.64465,0.6454,1.00,1.00
2010.05.06 19:49:08.954,0.64465,0.64535,1.70,1.00
2010.05.06 19:49:10.107,0.6446,0.64525,2.40,1.00
2010.05.06 19:49:10.392,0.6446,0.64525,1.60,1.00
2010.05.06 19:49:12.113,0.6446,0.64525,1.00,1.00
2010.05.06 19:49:13.224,0.6445,0.6452,1.00,1.00
2010.05.06 19:49:14.695,0.64445,0.64515,1.00,1.00
2010.05.06 19:49:15.038,0.6444,0.64515,1.00,1.00
2010.05.06 19:49:15.816,0.64445,0.64515,1.00,1.00
2010.05.06 19:49:16.164,0.64445,0.6452,1.00,1.70
2010.05.06 19:49:16.500,0.64445,0.6452,1.00,1.00
2010.05.06 19:49:17.286,0.6444,0.6451,1.60,1.00
2010.05.06 19:49:17.634,0.6444,0.64505,1.00,1.00
2010.05.06 19:49:17.962,0.6444,0.64515,1.00,2.50
2010.05.06 19:49:18.761,0.6444,0.6451,1.00,1.00
2010.05.06 19:49:19.094,0.6444,0.64515,1.00,1.00
2010.05.06 19:49:19.421,0.64435,0.64505,2.50,1.00
2010.05.06 19:49:19.901,0.6444,0.64515,1.00,1.00
2010.05.06 19:49:20.253,0.6444,0.6451,1.00,1.00
2010.05.06 19:49:20.598,0.6444,0.6451,1.00,1.00
2010.05.06 19:49:21.398,0.64445,0.64515,1.00,1.00
2010.05.06 19:49:21.744,0.6444,0.6451,1.00,1.00
2010.05.06 19:49:22.095,0.6444,0.6451,1.00,1.00
2010.05.06 19:49:22.850,0.64455,0.64525,2.40,1.00
2010.05.06 19:49:23.154,0.64455,0.6455,3.20,3.20
2010.05.06 19:49:23.951,0.6446,0.64545,1.00,1.00
2010.05.06 19:49:24.304,0.6449,0.64545,1.20,1.00
2010.05.06 19:49:24.612,0.64485,0.64555,2.80,1.00
2010.05.06 19:49:25.412,0.645,0.64585,2.40,1.00
2010.05.06 19:49:25.753,0.64515,0.6458,1.00,2.40
2010.05.06 19:49:26.533,0.64515,0.6459,9.60,1.00
2010.05.06 19:49:26.879,0.64505,0.6459,3.20,1.00
2010.05.06 19:49:27.222,0.64505,0.6459,1.00,1.00
2010.05.06 19:49:28.005,0.645,0.6459,1.60,3.20
2010.05.06 19:49:29.532,0.6452,0.6459,1.00,1.00
2010.05.06 19:49:29.809,0.6452,0.64605,1.00,1.00
2010.05.06 19:49:30.592,0.6452,0.64605,1.60,1.00
2010.05.06 19:49:33.756,0.6452,0.6461,3.20,1.60
2010.05.06 19:49:34.380,0.6452,0.6461,1.00,3.20
2010.05.06 19:49:35.121,0.64525,0.64615,3.20,1.60
2010.05.06 19:49:35.449,0.6453,0.6462,2.40,1.00
2010.05.06 19:49:36.242,0.64525,0.6461,1.00,1.00
2010.05.06 19:49:36.579,0.6453,0.6462,1.00,3.20
2010.05.06 19:49:37.361,0.64535,0.6462,1.00,2.40
2010.05.06 19:49:37.708,0.64525,0.64615,3.20,3.20
2010.05.06 19:49:38.056,0.64525,0.6461,1.00,1.00
2010.05.06 19:49:38.868,0.64525,0.64615,3.20,3.20
2010.05.06 19:49:39.203,0.6453,0.64615,1.00,1.00
2010.05.06 19:49:39.542,0.6453,0.6462,1.60,1.00
2010.05.06 19:49:40.364,0.64525,0.6461,1.00,1.60
2010.05.06 19:49:40.700,0.6452,0.64605,1.00,1.00
2010.05.06 19:49:41.472,0.6452,0.64605,1.60,1.00
2010.05.06 19:49:41.759,0.6451,0.6458,1.00,1.60
2010.05.06 19:49:42.103,0.64505,0.64585,1.00,1.00
2010.05.06 19:49:42.891,0.64495,0.64585,1.60,3.20
2010.05.06 19:49:43.229,0.6449,0.6458,1.60,3.20
2010.05.06 19:49:44.310,0.6449,0.6458,4.00,1.00
2010.05.06 19:49:44.651,0.64495,0.6458,3.20,1.00
2010.05.06 19:49:45.174,0.64495,0.6458,4.00,1.00
2010.05.06 19:49:45.533,0.645,0.6458,1.00,1.60
2010.05.06 19:49:45.873,0.64495,0.6458,1.00,3.20
2010.05.06 19:49:46.657,0.6449,0.64575,1.60,1.00
2010.05.06 19:49:47.008,0.6449,0.64575,1.00,3.20
2010.05.06 19:49:48.074,0.64485,0.64575,3.20,3.20
2010.05.06 19:49:49.479,0.64485,0.64575,1.00,3.20
2010.05.06 19:49:49.704,0.6448,0.64565,1.60,1.00
2010.05.06 19:49:50.982,0.6448,0.6457,1.00,1.60
2010.05.06 19:49:51.324,0.6448,0.64565,1.00,1.00
2010.05.06 19:49:51.666,0.6448,0.6457,2.40,3.20
2010.05.06 19:49:52.463,0.64485,0.6457,1.00,1.60
2010.05.06 19:49:53.804,0.64495,0.6457,1.00,1.00
2010.05.06 19:49:54.107,0.6449,0.6458,2.40,1.60
2010.05.06 19:49:54.691,0.6449,0.6458,1.60,4.00
2010.05.06 19:49:55.439,0.6449,0.64575,1.60,3.20
2010.05.06 19:49:55.781,0.6449,0.6458,2.40,3.20
2010.05.06 19:49:56.975,0.64495,0.6458,1.00,3.20
2010.05.06 19:49:57.531,0.6452,0.6458,1.00,1.00
2010.05.06 19:49:58.022,0.6452,0.64585,1.00,1.00
2010.05.06 19:49:58.950,0.64515,0.64585,1.00,1.00
2010.05.06 19:49:59.654,0.64515,0.64585,1.00,1.00
2010.05.06 19:49:59.862,0.6452,0.6459,1.00,1.00
2010.05.06 19:50:00.073,0.6452,0.64585,1.00,1.00
2010.05.06 19:50:00.613,0.64515,0.64585,1.00,1.00
2010.05.06 19:50:00.958,0.64515,0.6459,1.00,1.00
2010.05.06 19:50:02.090,0.6452,0.64585,1.00,1.00
2010.05.06 19:50:02.434,0.6451,0.64575,1.00,1.00
2010.05.06 19:50:02.784,0.6451,0.6457,1.00,1.00
2010.05.06 19:50:03.833,0.64515,0.64575,1.00,1.00
2010.05.06 19:50:04.100,0.64515,0.64575,1.00,1.00
2010.05.06 19:50:05.234,0.6451,0.6457,1.60,1.00
2010.05.06 19:50:05.465,0.6451,0.64565,1.60,1.00
2010.05.06 19:50:06.132,0.6451,0.64565,1.60,1.00
2010.05.06 19:50:06.492,0.64485,0.6454,1.00,1.00
2010.05.06 19:50:06.831,0.6447,0.6454,1.00,1.00
2010.05.06 19:50:07.171,0.64465,0.6454,1.00,1.00
2010.05.06 19:50:07.657,0.64465,0.64535,1.00,1.00
2010.05.06 19:50:08.007,0.6445,0.64535,1.00,1.00
2010.05.06 19:50:08.353,0.64455,0.6454,1.00,1.40
2010.05.06 19:50:08.653,0.64455,0.6454,1.00,1.00
2010.05.06 19:50:09.481,0.64445,0.64535,1.00,1.00
2010.05.06 19:50:10.022,0.64445,0.6453,1.00,1.00
2010.05.06 19:50:10.771,0.64455,0.6453,1.00,1.00
2010.05.06 19:50:11.110,0.6446,0.6454,1.00,1.00
2010.05.06 19:50:11.451,0.6446,0.6454,1.20,1.00
2010.05.06 19:50:12.214,0.6446,0.64535,1.20,1.00
2010.05.06 19:50:12.553,0.6446,0.64535,1.00,1.00
2010.05.06 19:50:16.552,0.64455,0.64535,1.00,1.00
2010.05.06 19:50:16.752,0.6445,0.6452,1.00,1.00
2010.05.06 19:50:16.950,0.6445,0.64515,1.00,1.00
2010.05.06 19:50:18.164,0.6444,0.6451,1.00,1.00
2010.05.06 19:50:18.985,0.64485,0.6453,1.00,1.00
2010.05.06 19:50:19.330,0.6449,0.64565,1.00,1.00
2010.05.06 19:50:20.151,0.6445,0.6457,2.00,1.00
2010.05.06 19:50:20.496,0.64455,0.6457,1.00,1.00
2010.05.06 19:50:20.842,0.6445,0.64575,1.00,1.00
2010.05.06 19:50:21.605,0.64455,0.64575,1.00,1.00
2010.05.06 19:50:21.941,0.64455,0.64575,1.20,1.00
2010.05.06 19:50:23.414,0.6447,0.64585,4.40,1.00
2010.05.06 19:50:23.749,0.6447,0.64595,5.90,1.00
2010.05.06 19:50:24.459,0.64475,0.64595,1.00,1.00
2010.05.06 19:50:24.773,0.64475,0.646,1.00,1.60
2010.05.06 19:50:25.521,0.64475,0.64565,1.00,1.00
2010.05.06 19:50:25.861,0.64455,0.6457,1.00,1.00
2010.05.06 19:50:26.200,0.64455,0.64575,3.20,1.00
2010.05.06 19:50:26.853,0.64455,0.6457,3.20,1.00
2010.05.06 19:50:27.194,0.64455,0.64565,1.00,1.00
2010.05.06 19:50:27.533,0.64455,0.6457,1.00,1.10
2010.05.06 19:50:27.874,0.64435,0.6455,1.00,1.00
2010.05.06 19:50:28.685,0.64415,0.6453,1.00,1.00
2010.05.06 19:50:29.031,0.64415,0.64535,1.00,1.00
2010.05.06 19:50:29.340,0.6441,0.64535,1.00,2.80
2010.05.06 19:50:30.016,0.6441,0.64535,1.00,4.40
2010.05.06 19:50:30.303,0.644,0.64515,1.00,1.20
2010.05.06 19:50:30.859,0.64395,0.64515,1.00,1.00
2010.05.06 19:50:31.140,0.644,0.64525,2.40,1.70
2010.05.06 19:50:31.967,0.6441,0.6452,1.00,1.00
2010.05.06 19:50:33.391,0.64385,0.6448,1.00,1.00
2010.05.06 19:50:33.653,0.64385,0.64475,1.00,1.00
2010.05.06 19:50:34.171,0.64385,0.64475,1.00,1.00
2010.05.06 19:50:34.903,0.64385,0.6448,1.00,1.00
2010.05.06 19:50:35.580,0.64385,0.64485,1.00,1.00
2010.05.06 19:50:36.453,0.6442,0.64485,1.00,1.00
2010.05.06 19:50:37.222,0.6442,0.64485,1.00,1.00
2010.05.06 19:50:37.502,0.6443,0.6449,1.00,1.00
2010.05.06 19:50:39.713,0.64425,0.64485,1.00,1.00
2010.05.06 19:50:42.301,0.6443,0.6449,1.00,1.00
2010.05.06 19:50:42.631,0.6445,0.64515,1.00,1.00
2010.05.06 19:50:42.971,0.6445,0.64515,1.00,1.00
2010.05.06 19:50:44.023,0.64455,0.6451,1.00,1.00
2010.05.06 19:50:44.352,0.64425,0.64465,1.00,1.00
2010.05.06 19:50:44.681,0.64425,0.64475,1.00,1.00
2010.05.06 19:50:46.913,0.64425,0.64475,1.00,1.00
2010.05.06 19:50:47.243,0.6442,0.6447,1.00,1.00
2010.05.06 19:50:48.074,0.64435,0.64485,1.00,1.00
2010.05.06 19:50:48.413,0.6443,0.64485,1.00,1.00
2010.05.06 19:50:49.184,0.644,0.6446,1.60,1.00
2010.05.06 19:50:49.474,0.64425,0.64485,1.00,1.00
2010.05.06 19:50:50.613,0.6442,0.64485,1.00,1.00
2010.05.06 19:50:50.953,0.6442,0.64485,1.00,1.00
2010.05.06 19:50:51.282,0.6443,0.6449,1.00,1.00
2010.05.06 19:50:52.064,0.6444,0.6449,1.00,1.00
2010.05.06 19:50:52.415,0.6443,0.6449,1.00,1.00
2010.05.06 19:50:54.203,0.64435,0.6454,1.20,1.00
2010.05.06 19:50:54.350,0.64435,0.6454,1.00,1.00
2010.05.06 19:50:54.500,0.6443,0.64555,1.80,1.30
2010.05.06 19:50:54.649,0.6443,0.6453,1.40,1.00
2010.05.06 19:50:54.801,0.64415,0.64535,1.00,1.10
2010.05.06 19:50:55.622,0.6441,0.6452,1.00,1.20
2010.05.06 19:50:55.961,0.64405,0.6452,1.00,1.20
2010.05.06 19:50:56.302,0.64435,0.6451,1.00,1.00
2010.05.06 19:50:56.640,0.64435,0.6451,2.00,1.00
2010.05.06 19:50:57.440,0.64435,0.6451,1.00,1.00
2010.05.06 19:50:57.860,0.6444,0.6451,1.00,1.00
2010.05.06 19:50:59.461,0.6444,0.6451,1.00,1.00
2010.05.06 19:50:59.999,0.6443,0.64495,1.00,1.00
2010.05.06 19:51:00.660,0.6444,0.6451,1.00,1.00
2010.05.06 19:51:01.001,0.6444,0.64505,1.00,1.00
2010.05.06 19:51:01.341,0.64445,0.6451,1.00,1.00
2010.05.06 19:51:02.856,0.64445,0.6451,1.00,1.00
2010.05.06 19:51:03.182,0.64445,0.6451,1.00,1.00
2010.05.06 19:51:03.957,0.64455,0.6452,1.00,1.00
2010.05.06 19:51:04.300,0.64455,0.6452,1.00,1.00
2010.05.06 19:51:04.640,0.6445,0.64515,1.00,1.00
2010.05.06 19:51:05.802,0.6448,0.64525,1.00,9.60
2010.05.06 19:51:06.144,0.6448,0.6453,1.00,1.00
2010.05.06 19:51:06.922,0.64465,0.64515,1.00,1.00
2010.05.06 19:51:08.456,0.6447,0.64525,1.00,1.00
2010.05.06 19:51:08.689,0.64465,0.6452,1.00,1.00
2010.05.06 19:51:08.913,0.64465,0.64515,1.00,1.00
2010.05.06 19:51:09.800,0.6448,0.64525,1.00,1.00
2010.05.06 19:51:10.487,0.64465,0.64525,1.00,1.00
2010.05.06 19:51:11.386,0.64485,0.6453,1.00,1.00
2010.05.06 19:51:11.734,0.64485,0.6453,1.00,1.00
2010.05.06 19:51:12.882,0.64485,0.64505,1.00,1.00
2010.05.06 19:51:13.165,0.64445,0.6449,4.80,1.00
2010.05.06 19:51:13.441,0.64435,0.64485,1.00,1.00
2010.05.06 19:51:14.762,0.64445,0.64495,1.00,1.00
2010.05.06 19:51:14.981,0.64445,0.64495,1.00,1.00
2010.05.06 19:51:15.490,0.6445,0.64495,1.00,1.00
2010.05.06 19:51:18.519,0.6445,0.64505,1.00,1.00
2010.05.06 19:51:19.552,0.6445,0.645,1.00,1.00
2010.05.06 19:51:19.871,0.6445,0.64495,1.00,1.00
2010.05.06 19:51:20.900,0.6446,0.6451,1.00,1.00
2010.05.06 19:51:21.248,0.6445,0.6451,1.00,1.00
2010.05.06 19:51:22.001,0.6445,0.64495,1.00,1.00
2010.05.06 19:51:22.344,0.6439,0.64475,1.60,1.00
2010.05.06 19:51:22.681,0.6439,0.6447,1.00,11.20
2010.05.06 19:51:23.455,0.64375,0.6446,2.40,9.60
2010.05.06 19:51:23.784,0.6437,0.64455,1.00,10.40
2010.05.06 19:51:24.112,0.6437,0.64455,1.00,5.60
2010.05.06 19:51:25.037,0.64375,0.6446,3.20,4.80
2010.05.06 19:51:25.263,0.6438,0.6447,4.00,11.20
2010.05.06 19:51:25.478,0.6439,0.6447,1.00,11.20
2010.05.06 19:51:25.699,0.6439,0.6447,1.00,10.40
2010.05.06 19:51:26.822,0.64405,0.6448,1.00,1.00
2010.05.06 19:51:28.360,0.64405,0.64475,1.00,1.60
2010.05.06 19:51:29.075,0.644,0.64475,2.10,1.00
2010.05.06 19:51:29.395,0.64405,0.6448,1.00,12.80
2010.05.06 19:51:30.488,0.64405,0.6448,1.00,1.00
2010.05.06 19:51:30.815,0.64405,0.6447,1.00,2.40
2010.05.06 19:51:31.143,0.6439,0.64465,1.00,12.00
2010.05.06 19:51:31.890,0.6439,0.64465,1.00,12.80
2010.05.06 19:51:32.234,0.64395,0.6446,1.00,1.00
2010.05.06 19:51:32.571,0.64395,0.6447,1.00,3.20
2010.05.06 19:51:33.406,0.644,0.64465,1.00,9.60
2010.05.06 19:51:33.756,0.64385,0.64455,1.00,1.00
2010.05.06 19:51:34.501,0.64385,0.64455,1.00,10.40
2010.05.06 19:51:34.796,0.6438,0.64445,1.00,1.00
2010.05.06 19:51:35.094,0.64385,0.64445,1.00,1.00
2010.05.06 19:51:35.838,0.64385,0.64445,8.80,1.00
2010.05.06 19:51:35.865,0.6439,0.6446,1.00,4.80
2010.05.06 19:51:36.216,0.64395,0.6448,2.40,1.00
2010.05.06 19:51:36.560,0.64395,0.64485,3.20,1.00
2010.05.06 19:51:37.635,0.64395,0.64455,1.00,1.00
2010.05.06 19:51:37.980,0.6439,0.64455,1.00,1.00
2010.05.06 19:51:39.159,0.6439,0.6446,1.00,1.00
2010.05.06 19:51:42.438,0.64395,0.6446,1.00,1.00
2010.05.06 19:51:42.782,0.64395,0.6446,1.00,1.00
2010.05.06 19:51:43.862,0.64395,0.64465,1.00,1.00
2010.05.06 19:51:44.160,0.644,0.64465,1.00,1.00
2010.05.06 19:51:44.928,0.644,0.64465,1.00,1.00
2010.05.06 19:51:46.191,0.644,0.64465,1.00,1.00
2010.05.06 19:51:46.534,0.64395,0.6446,1.00,1.00
2010.05.06 19:51:46.883,0.64385,0.6446,2.40,1.00
2010.05.06 19:51:47.675,0.6439,0.6446,1.00,10.40
2010.05.06 19:51:48.023,0.64375,0.64455,1.00,1.60
2010.05.06 19:51:48.362,0.64375,0.64455,1.00,8.80
2010.05.06 19:51:48.845,0.64375,0.64455,1.00,4.00
2010.05.06 19:51:49.144,0.64385,0.64455,1.00,4.00
2010.05.06 19:51:50.404,0.64385,0.64455,1.00,3.20
2010.05.06 19:51:50.695,0.64395,0.64465,1.00,4.80
2010.05.06 19:51:50.994,0.6439,0.64435,4.80,1.00
2010.05.06 19:51:51.279,0.64385,0.64435,1.00,1.00
2010.05.06 19:51:51.572,0.6439,0.64435,1.00,1.00
2010.05.06 19:51:52.379,0.644,0.64485,1.00,3.20
2010.05.06 19:51:52.723,0.644,0.64485,1.00,1.00
2010.05.06 19:51:53.455,0.644,0.6449,3.20,1.00
2010.05.06 19:51:54.064,0.64385,0.64435,1.00,1.00
2010.05.06 19:51:54.385,0.6438,0.6443,1.00,1.00
2010.05.06 19:51:54.894,0.64375,0.6443,1.00,1.00
2010.05.06 19:51:55.177,0.64355,0.6443,1.00,1.00
2010.05.06 19:51:56.727,0.64355,0.6443,1.30,1.00
2010.05.06 19:51:57.468,0.64355,0.6443,2.00,1.00
2010.05.06 19:51:58.320,0.6437,0.6443,1.00,1.00
2010.05.06 19:51:58.575,0.64355,0.6441,1.60,1.00
2010.05.06 19:51:58.823,0.64355,0.6441,1.00,1.00
2010.05.06 19:51:59.070,0.64355,0.64415,1.00,1.00
2010.05.06 19:52:00.594,0.6436,0.64415,1.00,1.00
2010.05.06 19:52:00.998,0.64355,0.6442,1.00,1.00
2010.05.06 19:52:01.199,0.64355,0.6442,1.00,1.00
2010.05.06 19:52:02.032,0.6437,0.6443,1.00,1.00
2010.05.06 19:52:02.715,0.64375,0.64455,1.00,1.60
2010.05.06 19:52:03.355,0.64375,0.64465,1.00,1.00
2010.05.06 19:52:03.708,0.64385,0.64465,9.60,1.00
2010.05.06 19:52:04.249,0.64385,0.6447,9.60,3.20
2010.05.06 19:52:04.520,0.64385,0.6447,10.40,1.00
2010.05.06 19:52:05.902,0.6439,0.6447,4.80,1.00
2010.05.06 19:52:07.294,0.6439,0.64475,9.60,1.60
2010.05.06 19:52:07.519,0.6439,0.64475,4.80,1.60
2010.05.06 19:52:07.749,0.6439,0.64475,5.60,1.60
2010.05.06 19:52:07.979,0.6439,0.64475,1.00,1.60
2010.05.06 19:52:08.869,0.6439,0.64475,1.60,1.00
2010.05.06 19:52:09.210,0.6439,0.64435,1.00,1.00
2010.05.06 19:52:10.249,0.64385,0.64445,1.00,1.00
2010.05.06 19:52:12.265,0.6439,0.64445,1.00,1.00
2010.05.06 19:52:13.887,0.64375,0.6444,1.60,1.00
2010.05.06 19:52:14.143,0.64375,0.6444,1.00,1.00
2010.05.06 19:52:15.353,0.6437,0.64425,1.00,1.00
2010.05.06 19:52:17.360,0.64375,0.64435,1.00,1.00
2010.05.06 19:52:17.690,0.64385,0.6444,1.00,1.00
2010.05.06 19:52:18.802,0.64385,0.6442,1.00,1.00
2010.05.06 19:52:19.070,0.64355,0.6443,1.00,10.50
2010.05.06 19:52:19.340,0.6435,0.6443,3.00,1.00
2010.05.06 19:52:20.164,0.64355,0.6443,2.10,1.00
2010.05.06 19:52:20.810,0.64365,0.64425,1.30,1.00
2010.05.06 19:52:21.139,0.64365,0.6443,1.30,1.00
2010.05.06 19:52:21.987,0.64365,0.64445,1.00,9.60
2010.05.06 19:52:22.228,0.64375,0.64445,1.00,10.40
2010.05.06 19:52:22.461,0.64375,0.64445,1.60,5.60
2010.05.06 19:52:23.283,0.6438,0.6444,1.00,1.00
2010.05.06 19:52:23.571,0.64375,0.6444,1.60,9.70
2010.05.06 19:52:24.082,0.6437,0.6444,1.00,4.90
2010.05.06 19:52:24.430,0.64375,0.6443,1.00,1.00
2010.05.06 19:52:24.777,0.64355,0.64425,1.00,1.00
2010.05.06 19:52:25.542,0.64355,0.64435,1.00,10.40
2010.05.06 19:52:25.878,0.6435,0.64435,4.40,1.00
2010.05.06 19:52:26.218,0.64355,0.64435,2.00,1.00
2010.05.06 19:52:27.332,0.64355,0.64435,2.00,1.00
2010.05.06 19:52:27.686,0.64365,0.6444,1.30,10.40
2010.05.06 19:52:27.927,0.64365,0.64445,4.40,1.00
2010.05.06 19:52:28.622,0.64395,0.64455,3.20,10.50
2010.05.06 19:52:28.960,0.6439,0.64455,3.30,10.50
2010.05.06 19:52:29.981,0.6439,0.64455,3.30,5.70
2010.05.06 19:52:30.165,0.64395,0.64455,1.00,10.40
2010.05.06 19:52:30.353,0.6439,0.6445,2.40,1.00
2010.05.06 19:52:30.530,0.6439,0.64445,1.00,1.00
2010.05.06 19:52:30.712,0.6439,0.64445,2.50,1.00
2010.05.06 19:52:31.338,0.64395,0.6445,1.00,5.60
2010.05.06 19:52:31.682,0.64395,0.6445,2.50,1.00
2010.05.06 19:52:33.437,0.6439,0.6444,1.00,1.00
2010.05.06 19:52:33.641,0.6439,0.6444,1.00,1.00
2010.05.06 19:52:33.850,0.6439,0.6444,1.20,1.00
2010.05.06 19:52:34.875,0.6439,0.64445,1.20,1.00
2010.05.06 19:52:35.220,0.6439,0.64445,2.70,1.00
2010.05.06 19:52:35.559,0.64395,0.64445,1.00,1.00
2010.05.06 19:52:36.092,0.64395,0.64445,1.00,1.00
2010.05.06 19:52:36.431,0.64395,0.6445,1.00,1.00
2010.05.06 19:52:37.059,0.64395,0.6445,1.00,1.00
2010.05.06 19:52:37.311,0.644,0.64455,2.70,1.00
2010.05.06 19:52:38.001,0.64405,0.6447,1.00,9.60
2010.05.06 19:52:38.255,0.6441,0.64475,2.40,1.00
2010.05.06 19:52:38.513,0.6441,0.64475,2.70,1.00
2010.05.06 19:52:38.764,0.64415,0.64475,2.40,1.00
2010.05.06 19:52:39.561,0.6443,0.64515,4.80,3.20
2010.05.06 19:52:39.899,0.6443,0.64515,4.80,1.60
2010.05.06 19:52:40.239,0.6443,0.64515,9.60,1.60
2010.05.06 19:52:41.291,0.6443,0.6452,4.80,3.20
2010.05.06 19:52:42.639,0.6443,0.6452,9.60,3.20
2010.05.06 19:52:44.384,0.64435,0.6452,1.00,1.00
2010.05.06 19:52:44.721,0.64435,0.6452,1.00,4.80
2010.05.06 19:52:45.571,0.64425,0.6452,1.60,11.20
2010.05.06 19:52:48.818,0.64425,0.6452,1.00,11.20
2010.05.06 19:52:49.620,0.6442,0.6452,1.60,11.20
2010.05.06 19:52:50.702,0.64425,0.64515,1.00,10.40
2010.05.06 19:52:51.041,0.64425,0.64515,1.60,1.00
2010.05.06 19:52:51.381,0.6443,0.64515,1.00,1.00
2010.05.06 19:52:54.601,0.64425,0.64515,1.60,12.80
2010.05.06 19:52:54.943,0.6442,0.64505,1.60,1.00
2010.05.06 19:52:56.062,0.6442,0.6451,1.60,10.40
2010.05.06 19:52:56.911,0.64425,0.6451,1.00,1.00
2010.05.06 19:52:58.063,0.64425,0.6451,3.20,1.00
2010.05.06 19:52:58.403,0.6443,0.64515,1.60,1.00
2010.05.06 19:52:59.040,0.6443,0.6452,1.60,3.20
2010.05.06 19:52:59.844,0.6443,0.64505,1.00,2.40
2010.05.06 19:53:00.162,0.6442,0.64505,1.00,7.20
2010.05.06 19:53:00.859,0.6441,0.64505,3.20,12.80
2010.05.06 19:53:01.184,0.6441,0.645,1.00,12.80
2010.05.06 19:53:01.963,0.6441,0.645,3.20,10.40
2010.05.06 19:53:02.300,0.6441,0.645,3.20,11.20
2010.05.06 19:53:02.639,0.6441,0.645,4.00,11.20
2010.05.06 19:53:02.984,0.6442,0.64505,1.60,6.40
2010.05.06 19:53:03.792,0.6442,0.6451,3.20,1.00
2010.05.06 19:53:04.130,0.6442,0.64505,1.00,1.00
2010.05.06 19:53:04.670,0.64425,0.6451,1.00,1.60
2010.05.06 19:53:05.667,0.64425,0.64505,1.00,1.00
2010.05.06 19:53:05.892,0.64415,0.64505,8.00,1.60
2010.05.06 19:53:06.109,0.64415,0.64505,3.20,1.60
2010.05.06 19:53:07.592,0.64415,0.645,1.00,1.00
2010.05.06 19:53:07.819,0.64415,0.645,1.60,1.00
2010.05.06 19:53:08.418,0.64415,0.645,1.60,1.60
2010.05.06 19:53:08.996,0.6442,0.64505,1.00,3.20
2010.05.06 19:53:09.803,0.6442,0.64505,2.40,1.00
2010.05.06 19:53:11.580,0.6442,0.6451,1.60,1.60
2010.05.06 19:53:11.763,0.6442,0.64505,1.60,1.00
2010.05.06 19:53:13.085,0.6443,0.64505,1.00,1.00
2010.05.06 19:53:13.432,0.64425,0.64515,1.60,12.80
2010.05.06 19:53:14.548,0.64425,0.6451,1.60,3.20
2010.05.06 19:53:14.894,0.64425,0.64515,1.60,12.80
2010.05.06 19:53:15.121,0.64425,0.6451,1.00,1.00
2010.05.06 19:53:15.605,0.6442,0.64505,3.20,1.00
2010.05.06 19:53:15.842,0.6442,0.64505,1.60,1.00
2010.05.06 19:53:16.180,0.6442,0.64505,1.00,1.60
2010.05.06 19:53:17.014,0.64415,0.645,2.40,1.00
2010.05.06 19:53:18.449,0.64415,0.645,1.60,5.60
2010.05.06 19:53:18.720,0.6441,0.6449,1.00,1.00
2010.05.06 19:53:19.551,0.64405,0.6449,1.60,12.80
2010.05.06 19:53:19.719,0.64405,0.64485,1.00,1.00
2010.05.06 19:53:21.483,0.64405,0.64485,1.00,3.20
2010.05.06 19:53:21.690,0.6441,0.64485,1.00,2.40
2010.05.06 19:53:21.899,0.6441,0.64495,1.00,1.60
2010.05.06 19:53:22.110,0.6441,0.6449,1.00,1.00
2010.05.06 19:53:22.595,0.64405,0.6449,1.00,1.00
2010.05.06 19:53:22.876,0.64405,0.64485,1.00,1.00
2010.05.06 19:53:23.705,0.6441,0.6449,1.00,1.00
2010.05.06 19:53:24.496,0.6441,0.64495,1.00,3.20
2010.05.06 19:53:24.827,0.6441,0.64495,1.60,1.00
2010.05.06 19:53:26.133,0.64415,0.645,1.00,6.40
2010.05.06 19:53:26.472,0.64415,0.645,1.00,1.60
2010.05.06 19:53:27.617,0.6442,0.64505,1.00,3.20
2010.05.06 19:53:29.071,0.64415,0.6449,1.60,1.60
2010.05.06 19:53:29.202,0.64405,0.6449,1.00,12.00
2010.05.06 19:53:29.330,0.64405,0.6449,1.00,5.60
2010.05.06 19:53:29.461,0.64405,0.6449,1.60,5.60
2010.05.06 19:53:29.589,0.64405,0.64495,1.60,3.20
2010.05.06 19:53:29.719,0.64405,0.64495,2.40,3.20
2010.05.06 19:53:30.626,0.64405,0.64495,4.00,1.00
2010.05.06 19:53:30.971,0.6441,0.64495,1.00,1.00
2010.05.06 19:53:31.312,0.6441,0.64495,1.60,1.00
2010.05.06 19:53:32.440,0.6441,0.64495,1.00,1.60
2010.05.06 19:53:33.459,0.6441,0.64495,1.00,11.20
2010.05.06 19:53:33.770,0.6441,0.64495,1.00,1.60
2010.05.06 19:53:34.224,0.6441,0.64495,1.60,1.00
2010.05.06 19:53:34.554,0.6441,0.64495,2.40,1.00
2010.05.06 19:53:34.996,0.64415,0.64495,1.00,1.00
2010.05.06 19:53:35.666,0.64415,0.645,1.60,10.40
2010.05.06 19:53:36.014,0.64415,0.64485,1.00,10.40
2010.05.06 19:53:36.806,0.64395,0.6448,1.60,9.60
2010.05.06 19:53:37.154,0.64395,0.6448,1.60,10.40
2010.05.06 19:53:37.491,0.64395,0.6448,1.60,5.60
2010.05.06 19:53:37.833,0.644,0.64485,1.00,5.60
2010.05.06 19:53:38.644,0.64405,0.64495,1.60,3.20
2010.05.06 19:53:38.979,0.64405,0.64495,4.00,3.20
2010.05.06 19:53:39.510,0.6441,0.64495,1.00,3.20
2010.05.06 19:53:40.013,0.6441,0.64495,1.00,1.60
2010.05.06 19:53:40.280,0.6441,0.64495,4.00,1.00
2010.05.06 19:53:40.546,0.64415,0.64505,1.00,13.60
2010.05.06 19:53:40.813,0.64415,0.64505,3.20,13.60
2010.05.06 19:53:41.569,0.64395,0.64485,3.20,6.40
2010.05.06 19:53:41.912,0.644,0.64485,1.60,5.60
2010.05.06 19:53:42.686,0.644,0.64485,1.60,4.80
2010.05.06 19:53:43.032,0.64405,0.6449,6.40,2.40
2010.05.06 19:53:43.373,0.644,0.64485,1.00,1.00
2010.05.06 19:53:44.195,0.64395,0.64485,3.20,11.20
2010.05.06 19:53:44.519,0.64395,0.64485,3.20,6.40
2010.05.06 19:53:44.840,0.64395,0.64485,3.20,13.60
2010.05.06 19:53:45.169,0.64395,0.6448,1.00,3.20
2010.05.06 19:53:45.630,0.6439,0.6448,1.60,4.00
2010.05.06 19:53:45.974,0.6439,0.6447,1.60,1.00
2010.05.06 19:53:46.220,0.64385,0.6447,1.00,1.60
2010.05.06 19:53:47.125,0.64385,0.6447,3.20,1.00
2010.05.06 19:53:47.472,0.64385,0.6447,1.00,5.60
2010.05.06 19:53:47.811,0.64385,0.6447,1.00,1.00
2010.05.06 19:53:48.323,0.64385,0.6447,1.00,1.60
2010.05.06 19:53:48.665,0.6438,0.6447,1.00,12.00
2010.05.06 19:53:49.015,0.6439,0.6447,1.00,1.60
2010.05.06 19:53:49.822,0.64385,0.64465,1.60,1.00
2010.05.06 19:53:50.093,0.6439,0.6447,1.00,1.60
2010.05.06 19:53:50.862,0.6439,0.6447,2.40,1.60
2010.05.06 19:53:51.205,0.64395,0.6448,3.20,1.60
2010.05.06 19:53:51.543,0.644,0.64485,2.40,1.60
2010.05.06 19:53:52.311,0.644,0.64485,1.60,1.00
2010.05.06 19:53:52.655,0.6441,0.645,1.00,1.00
2010.05.06 19:53:52.992,0.6441,0.645,1.00,1.00
2010.05.06 19:53:53.783,0.6442,0.64495,1.00,1.00
2010.05.06 19:53:54.126,0.6442,0.6452,9.60,1.00
2010.05.06 19:53:54.461,0.64415,0.6451,10.70,1.00
2010.05.06 19:53:55.290,0.6442,0.6452,4.80,5.60
2010.05.06 19:53:55.535,0.6441,0.6451,9.60,1.00
2010.05.06 19:53:56.448,0.64405,0.64505,1.00,10.40
2010.05.06 19:53:56.795,0.64395,0.645,10.80,9.60
2010.05.06 19:53:57.618,0.64415,0.6452,9.60,10.40
2010.05.06 19:53:57.960,0.6441,0.64515,10.80,9.60
2010.05.06 19:53:58.931,0.64405,0.64505,4.80,9.60
2010.05.06 19:53:59.729,0.64415,0.64515,9.60,4.80
2010.05.06 19:54:00.272,0.64415,0.64515,10.00,4.80
2010.05.06 19:54:01.337,0.6442,0.64525,9.60,10.40
2010.05.06 19:54:01.652,0.6442,0.6452,9.60,1.00
2010.05.06 19:54:02.610,0.6442,0.64515,9.60,1.00
2010.05.06 19:54:02.953,0.6442,0.6452,4.80,5.60
2010.05.06 19:54:03.292,0.6441,0.64485,1.20,1.00
2010.05.06 19:54:04.092,0.64395,0.6448,10.50,1.00
2010.05.06 19:54:04.430,0.644,0.6449,10.50,1.00
2010.05.06 19:54:05.228,0.64405,0.6449,9.60,1.00
2010.05.06 19:54:06.612,0.64405,0.6449,9.70,1.00
2010.05.06 19:54:07.432,0.6442,0.6449,1.00,1.00
2010.05.06 19:54:07.721,0.64415,0.64495,1.00,1.00
2010.05.06 19:54:08.061,0.6441,0.64495,5.70,1.00
2010.05.06 19:54:08.553,0.6441,0.64495,10.50,1.00
2010.05.06 19:54:08.793,0.6441,0.64495,1.00,1.00
2010.05.06 19:54:09.490,0.64415,0.64495,1.00,1.00
2010.05.06 19:54:09.730,0.6441,0.64495,10.50,1.00
2010.05.06 19:54:10.512,0.6441,0.64495,5.70,1.00
2010.05.06 19:54:12.549,0.6441,0.64495,10.50,1.00
2010.05.06 19:54:13.745,0.6441,0.64495,5.70,1.00
2010.05.06 19:54:14.091,0.6441,0.64495,10.50,1.00
2010.05.06 19:54:16.765,0.6441,0.64495,1.00,1.00
2010.05.06 19:54:17.111,0.64405,0.6449,9.70,1.00
2010.05.06 19:54:19.407,0.6441,0.64495,1.00,1.00
2010.05.06 19:54:20.095,0.64405,0.64495,10.50,1.00
2010.05.06 19:54:23.318,0.64415,0.64495,1.00,1.00
2010.05.06 19:54:23.504,0.64435,0.645,1.00,1.00
2010.05.06 19:54:24.582,0.64435,0.645,1.00,1.00
2010.05.06 19:54:24.920,0.6444,0.645,1.00,1.00
2010.05.06 19:54:25.660,0.64445,0.645,1.00,1.00
2010.05.06 19:54:26.643,0.6444,0.64495,1.00,1.00
2010.05.06 19:54:26.882,0.64445,0.64495,1.00,1.00
2010.05.06 19:54:27.113,0.64445,0.64495,1.00,1.00
2010.05.06 19:54:27.344,0.6444,0.64495,1.00,1.00
2010.05.06 19:54:28.033,0.6444,0.64475,1.00,1.00
2010.05.06 19:54:28.372,0.64435,0.6447,1.00,1.00
2010.05.06 19:54:30.274,0.6444,0.6447,1.00,1.00
2010.05.06 19:54:31.160,0.6444,0.6449,1.00,1.00
2010.05.06 19:54:31.484,0.6444,0.64495,1.00,1.00
2010.05.06 19:54:32.263,0.6446,0.6449,1.00,1.00
2010.05.06 19:54:32.607,0.64455,0.64495,1.00,1.00
2010.05.06 19:54:32.952,0.64445,0.6449,1.00,1.00
2010.05.06 19:54:33.655,0.6447,0.645,1.00,1.00
2010.05.06 19:54:33.992,0.64425,0.64485,1.40,1.00
2010.05.06 19:54:34.332,0.64415,0.64485,10.00,1.00
2010.05.06 19:54:34.846,0.64415,0.64485,10.80,1.00
2010.05.06 19:54:35.395,0.6442,0.64485,4.80,1.00
2010.05.06 19:54:37.200,0.6442,0.64485,9.60,1.00
2010.05.06 19:54:38.500,0.64425,0.645,1.00,1.00
2010.05.06 19:54:39.064,0.6443,0.64495,9.60,1.00
2010.05.06 19:54:39.401,0.64425,0.6449,4.80,1.00
2010.05.06 19:54:40.476,0.64425,0.6449,9.60,1.00
2010.05.06 19:54:40.825,0.64425,0.6446,1.00,1.00
2010.05.06 19:54:42.284,0.6443,0.6447,1.00,1.00
2010.05.06 19:54:42.622,0.64425,0.6447,1.00,1.00
2010.05.06 19:54:43.133,0.64425,0.64465,1.00,1.00
2010.05.06 19:54:43.443,0.64425,0.64465,1.00,1.00
2010.05.06 19:54:44.239,0.6443,0.64465,1.00,1.00
2010.05.06 19:54:44.589,0.64425,0.6447,1.00,1.00
2010.05.06 19:54:45.986,0.6443,0.6447,1.00,1.00
2010.05.06 19:54:48.035,0.64425,0.64465,1.00,1.00
2010.05.06 19:54:49.012,0.64425,0.6447,1.00,1.00
2010.05.06 19:54:49.715,0.6443,0.6447,1.00,1.00
2010.05.06 19:54:51.081,0.64425,0.6447,1.00,1.00
2010.05.06 19:54:51.410,0.64425,0.64475,1.00,1.00
2010.05.06 19:54:52.245,0.6447,0.6451,1.00,1.00
2010.05.06 19:54:52.582,0.6446,0.645,1.00,1.00
2010.05.06 19:54:53.377,0.6446,0.64475,1.00,1.00
2010.05.06 19:54:53.724,0.6442,0.64475,1.00,1.00
2010.05.06 19:54:55.441,0.64425,0.6448,1.00,1.00
2010.05.06 19:54:55.702,0.64435,0.6449,1.00,1.00
2010.05.06 19:54:56.406,0.64435,0.6449,1.20,1.00
2010.05.06 19:54:57.693,0.64435,0.64495,1.00,1.00
2010.05.06 19:54:58.506,0.6444,0.64495,1.00,1.00
2010.05.06 19:54:58.863,0.64435,0.64495,1.00,1.00
2010.05.06 19:55:00.323,0.64435,0.64495,1.00,1.00
2010.05.06 19:55:00.667,0.6443,0.64495,1.00,1.00
2010.05.06 19:55:04.206,0.6443,0.64495,1.20,1.00
2010.05.06 19:55:04.480,0.6443,0.64495,1.00,1.00
2010.05.06 19:55:05.019,0.6443,0.6449,1.00,1.00
2010.05.06 19:55:06.479,0.6443,0.6449,1.00,1.00
2010.05.06 19:55:06.620,0.64425,0.6449,2.70,1.00
2010.05.06 19:55:06.768,0.6443,0.6449,1.00,1.00
2010.05.06 19:55:07.860,0.64435,0.6449,1.00,1.00
2010.05.06 19:55:08.202,0.64435,0.64495,1.00,1.00
2010.05.06 19:55:08.541,0.6443,0.6449,1.00,1.00
2010.05.06 19:55:09.236,0.64435,0.64495,1.00,1.00
2010.05.06 19:55:09.582,0.64435,0.64495,1.00,1.00
2010.05.06 19:55:10.049,0.64435,0.64495,1.00,1.00
2010.05.06 19:55:11.368,0.64425,0.64485,1.30,1.00
2010.05.06 19:55:11.953,0.64425,0.64495,1.30,1.00
2010.05.06 19:55:12.732,0.64425,0.64495,1.00,1.00
2010.05.06 19:55:13.412,0.6443,0.64495,1.00,1.00
2010.05.06 19:55:14.881,0.64435,0.645,1.00,1.00
2010.05.06 19:55:18.270,0.6444,0.645,1.00,1.00
2010.05.06 19:55:19.060,0.64435,0.645,1.00,1.00
2010.05.06 19:55:20.091,0.64435,0.645,1.00,1.00
2010.05.06 19:55:20.431,0.6443,0.645,1.00,1.00
2010.05.06 19:55:20.683,0.64425,0.645,1.00,1.00
2010.05.06 19:55:20.934,0.6443,0.64485,1.00,1.00
2010.05.06 19:55:23.414,0.64405,0.6447,1.00,1.00
2010.05.06 19:55:23.565,0.6441,0.6447,1.00,1.00
2010.05.06 19:55:23.713,0.6442,0.64485,1.00,1.00
2010.05.06 19:55:24.325,0.6442,0.6448,1.00,1.00
2010.05.06 19:55:24.811,0.64415,0.6448,1.00,1.00
2010.05.06 19:55:25.152,0.64425,0.64485,1.00,1.00
2010.05.06 19:55:26.211,0.64415,0.6448,1.00,1.00
2010.05.06 19:55:26.491,0.6443,0.6449,1.00,1.00
2010.05.06 19:55:27.051,0.6442,0.6448,1.00,1.00
2010.05.06 19:55:29.001,0.64425,0.64485,1.00,1.00
2010.05.06 19:55:30.035,0.64425,0.64485,1.00,1.00
2010.05.06 19:55:30.281,0.64425,0.64485,1.00,1.00
2010.05.06 19:55:31.224,0.6443,0.64485,1.00,1.00
2010.05.06 19:55:31.559,0.64425,0.64485,1.00,1.00
2010.05.06 19:55:32.523,0.6442,0.6448,1.00,1.00
2010.05.06 19:55:32.865,0.64415,0.6448,1.00,1.00
2010.05.06 19:55:34.000,0.6441,0.6447,1.00,1.00
2010.05.06 19:55:34.673,0.64415,0.64475,1.00,1.00
2010.05.06 19:55:35.001,0.64405,0.64475,1.00,1.00
2010.05.06 19:55:35.495,0.64405,0.64465,1.00,1.00
2010.05.06 19:55:35.725,0.6441,0.64465,1.00,1.00
2010.05.06 19:55:36.151,0.64405,0.64465,1.00,1.00
2010.05.06 19:55:37.760,0.6441,0.6447,1.00,1.00
2010.05.06 19:55:39.140,0.64415,0.6447,1.00,1.00
2010.05.06 19:55:39.252,0.64415,0.6447,1.00,1.00
2010.05.06 19:55:40.231,0.6441,0.6447,1.00,1.00
2010.05.06 19:55:40.577,0.64405,0.6447,1.00,1.00
2010.05.06 19:55:41.844,0.6441,0.6447,1.00,1.00
2010.05.06 19:55:42.521,0.6442,0.64475,1.00,1.00
2010.05.06 19:55:43.068,0.6442,0.6448,1.00,1.00
2010.05.06 19:55:43.962,0.64415,0.64475,1.00,1.00
2010.05.06 19:55:44.815,0.64415,0.6447,1.00,1.00
2010.05.06 19:55:45.945,0.644,0.64465,1.00,1.00
2010.05.06 19:55:46.286,0.644,0.6445,1.00,1.00
2010.05.06 19:55:46.626,0.64395,0.6446,1.00,1.00
2010.05.06 19:55:47.324,0.64395,0.64455,1.00,1.00
2010.05.06 19:55:47.598,0.644,0.6446,1.00,1.00
2010.05.06 19:55:48.202,0.64405,0.6446,1.00,1.00
2010.05.06 19:55:49.317,0.644,0.6446,1.00,1.00
2010.05.06 19:55:49.642,0.64395,0.64455,1.00,1.00
2010.05.06 19:55:50.427,0.644,0.64455,1.00,1.00
2010.05.06 19:55:50.775,0.64395,0.64455,1.00,1.00
2010.05.06 19:55:52.830,0.644,0.6446,1.00,1.00
2010.05.06 19:55:55.452,0.644,0.64465,1.00,1.00
2010.05.06 19:55:55.793,0.644,0.64465,1.00,1.00
2010.05.06 19:55:57.304,0.64395,0.6446,1.00,1.00
2010.05.06 19:55:58.869,0.644,0.6446,1.00,1.00
2010.05.06 19:55:59.139,0.64395,0.6446,1.00,1.00
2010.05.06 19:56:00.115,0.64395,0.64455,1.00,1.00
2010.05.06 19:56:02.449,0.644,0.64455,1.00,1.00
2010.05.06 19:56:04.045,0.644,0.6446,1.00,1.00
2010.05.06 19:56:04.922,0.64405,0.64465,1.00,1.00
2010.05.06 19:56:07.547,0.64405,0.6447,1.00,1.00
2010.05.06 19:56:10.788,0.64405,0.64465,1.00,1.00
2010.05.06 19:56:12.400,0.64395,0.64465,1.00,1.00
2010.05.06 19:56:13.211,0.64395,0.64455,1.00,1.00
2010.05.06 19:56:15.450,0.6439,0.64455,1.00,1.00
2010.05.06 19:56:15.681,0.6439,0.6445,1.00,1.00
2010.05.06 19:56:17.430,0.64385,0.6445,1.00,1.00
2010.05.06 19:56:18.025,0.64385,0.64445,1.00,1.00
2010.05.06 19:56:18.950,0.6439,0.64445,1.00,1.00
2010.05.06 19:56:22.370,0.64395,0.6445,1.00,1.00
2010.05.06 19:56:22.627,0.6439,0.6445,1.00,1.00
2010.05.06 19:56:23.523,0.64365,0.6443,1.00,1.00
2010.05.06 19:56:23.859,0.64355,0.6443,1.00,1.00
2010.05.06 19:56:25.959,0.64345,0.6443,10.50,1.00
2010.05.06 19:56:26.190,0.64345,0.6443,10.70,1.00
2010.05.06 19:56:30.280,0.6435,0.64435,1.00,1.00
2010.05.06 19:56:30.659,0.64345,0.64435,11.00,1.00
2010.05.06 19:56:33.641,0.64345,0.6444,11.80,1.00
2010.05.06 19:56:34.528,0.6435,0.6444,10.50,1.00
2010.05.06 19:56:35.600,0.6435,0.64435,10.50,1.00
2010.05.06 19:56:36.641,0.64345,0.6444,11.80,1.00
2010.05.06 19:56:36.971,0.64345,0.6444,11.80,1.00
2010.05.06 19:56:37.192,0.64345,0.6444,11.80,1.00
2010.05.06 19:56:39.402,0.6435,0.6444,5.70,1.00
2010.05.06 19:56:41.144,0.6435,0.64435,5.70,1.00
2010.05.06 19:56:41.424,0.64345,0.6444,11.80,1.00
2010.05.06 19:56:44.199,0.64355,0.6444,9.60,1.00
2010.05.06 19:56:44.725,0.64355,0.6444,9.70,1.00
2010.05.06 19:56:45.503,0.64355,0.6444,9.60,1.00
2010.05.06 19:56:49.344,0.64355,0.6444,9.60,5.60
2010.05.06 19:56:50.412,0.64355,0.6444,9.60,10.40
2010.05.06 19:56:50.751,0.64355,0.6444,9.60,5.60
2010.05.06 19:56:51.090,0.64355,0.6443,9.60,1.00
2010.05.06 19:56:52.109,0.64345,0.6443,9.60,1.00
2010.05.06 19:56:52.431,0.6434,0.64425,10.40,1.00
2010.05.06 19:56:53.213,0.6435,0.64425,4.80,1.00
2010.05.06 19:56:53.483,0.6435,0.6443,9.60,1.00
2010.05.06 19:56:54.010,0.6435,0.64425,9.60,1.00
2010.05.06 19:56:55.755,0.64345,0.64425,9.60,1.00
2010.05.06 19:56:56.141,0.6435,0.6443,4.90,1.00
2010.05.06 19:56:56.340,0.6435,0.6444,10.50,1.00
2010.05.06 19:56:56.891,0.64355,0.64425,9.60,1.00
2010.05.06 19:56:57.233,0.64345,0.64425,9.60,1.00
2010.05.06 19:56:57.561,0.64345,0.64425,9.60,1.00
2010.05.06 19:57:00.433,0.6436,0.6443,4.80,1.00
2010.05.06 19:57:00.760,0.64355,0.6443,9.60,1.00
2010.05.06 19:57:01.731,0.6435,0.6443,9.60,1.00
2010.05.06 19:57:02.330,0.64345,0.64425,9.60,1.00
2010.05.06 19:57:03.053,0.64345,0.64425,9.60,1.00
2010.05.06 19:57:03.401,0.6434,0.6442,9.60,1.00
2010.05.06 19:57:05.430,0.6434,0.64415,9.60,1.00
2010.05.06 19:57:05.680,0.64335,0.64415,9.70,1.00
2010.05.06 19:57:05.930,0.64345,0.64425,4.80,1.00
2010.05.06 19:57:06.488,0.64345,0.6442,4.80,1.00
2010.05.06 19:57:06.767,0.64345,0.64415,4.80,1.00
2010.05.06 19:57:07.066,0.64335,0.64415,9.60,1.00
2010.05.06 19:57:07.853,0.6434,0.64425,9.60,1.00
2010.05.06 19:57:09.404,0.64345,0.64425,9.60,1.00
2010.05.06 19:57:10.915,0.64345,0.6443,10.50,1.00
2010.05.06 19:57:11.532,0.6435,0.64425,9.60,1.00
2010.05.06 19:57:12.552,0.6435,0.6443,9.60,1.00
2010.05.06 19:57:12.851,0.64345,0.64425,9.80,1.00
2010.05.06 19:57:13.566,0.6435,0.64425,9.60,1.00
2010.05.06 19:57:14.239,0.64345,0.64425,9.80,1.00
2010.05.06 19:57:15.384,0.64335,0.6441,9.60,1.00
2010.05.06 19:57:16.465,0.64335,0.6441,9.60,1.00
2010.05.06 19:57:17.645,0.64345,0.6442,9.60,1.00
2010.05.06 19:57:17.994,0.6434,0.6442,11.40,1.00
2010.05.06 19:57:18.569,0.64345,0.6442,9.80,1.00
2010.05.06 19:57:18.732,0.6434,0.6442,11.40,1.00
2010.05.06 19:57:19.496,0.6434,0.6442,11.30,1.00
2010.05.06 19:57:19.662,0.64335,0.6442,12.80,1.00
2010.05.06 19:57:20.000,0.64325,0.6441,11.80,1.00
2010.05.06 19:57:20.341,0.6433,0.6441,10.50,1.00
2010.05.06 19:57:21.150,0.64335,0.64405,4.80,1.00
2010.05.06 19:57:21.493,0.6433,0.64405,9.70,1.00
2010.05.06 19:57:22.329,0.64325,0.644,4.80,1.00
2010.05.06 19:57:22.672,0.64325,0.644,9.60,1.00
2010.05.06 19:57:24.290,0.6431,0.64385,10.40,1.00
2010.05.06 19:57:24.592,0.6432,0.6439,1.50,1.00
2010.05.06 19:57:24.890,0.64325,0.644,9.70,1.00
2010.05.06 19:57:26.502,0.6432,0.644,10.60,1.00
2010.05.06 19:57:27.182,0.6432,0.644,9.60,1.00
2010.05.06 19:57:27.522,0.64325,0.6436,4.80,1.00
2010.05.06 19:57:28.318,0.6429,0.6434,1.00,1.00
2010.05.06 19:57:28.666,0.64285,0.6434,1.00,1.00
2010.05.06 19:57:29.812,0.6429,0.64345,1.00,1.00
2010.05.06 19:57:30.810,0.6427,0.64345,11.80,1.00
2010.05.06 19:57:31.096,0.6422,0.643,10.50,1.00
2010.05.06 19:57:31.382,0.64225,0.643,9.60,1.00
2010.05.06 19:57:32.141,0.64235,0.643,1.00,1.00
2010.05.06 19:57:32.484,0.6423,0.643,12.50,1.00
2010.05.06 19:57:32.822,0.6424,0.6431,7.80,1.00
2010.05.06 19:57:33.994,0.64255,0.64315,1.00,1.00
2010.05.06 19:57:34.332,0.6425,0.64325,10.40,1.00
2010.05.06 19:57:34.663,0.6425,0.6431,1.00,1.00
2010.05.06 19:57:35.454,0.6424,0.643,1.00,1.00
2010.05.06 19:57:37.117,0.6423,0.64295,1.00,1.00
2010.05.06 19:57:37.303,0.64215,0.64295,11.00,1.00
2010.05.06 19:57:37.490,0.64215,0.6429,11.00,1.00
2010.05.06 19:57:37.975,0.6422,0.6429,9.90,1.00
2010.05.06 19:57:38.149,0.6422,0.643,10.60,1.00
2010.05.06 19:57:38.832,0.64225,0.643,9.80,1.00
2010.05.06 19:57:39.645,0.64225,0.64305,10.60,1.00
2010.05.06 19:57:40.801,0.64225,0.643,9.80,1.00
2010.05.06 19:57:41.145,0.64215,0.64295,9.60,1.00
2010.05.06 19:57:41.480,0.64215,0.64295,9.60,1.00
2010.05.06 19:57:44.222,0.6422,0.643,4.80,1.00
2010.05.06 19:57:45.006,0.64215,0.64295,9.60,1.00
2010.05.06 19:57:47.536,0.64215,0.6429,9.60,1.00
2010.05.06 19:57:47.811,0.64205,0.6429,9.90,1.00
2010.05.06 19:57:48.511,0.64215,0.6429,9.60,1.00
2010.05.06 19:57:48.804,0.64215,0.64275,9.60,2.10
2010.05.06 19:57:49.087,0.64215,0.64285,9.60,1.00
2010.05.06 19:57:50.108,0.6421,0.64285,9.60,1.00
2010.05.06 19:57:51.712,0.64215,0.64295,4.80,1.00
2010.05.06 19:57:52.057,0.64235,0.643,9.60,1.00
2010.05.06 19:57:52.804,0.6424,0.64305,4.80,1.00
2010.05.06 19:57:53.104,0.6424,0.64305,9.60,1.00
2010.05.06 19:57:54.763,0.6424,0.643,4.80,1.00
2010.05.06 19:57:55.092,0.64225,0.643,9.60,1.00
2010.05.06 19:57:55.914,0.6422,0.643,4.80,1.00
2010.05.06 19:57:57.006,0.6421,0.643,9.60,1.00
2010.05.06 19:57:57.337,0.64215,0.643,9.60,1.00
2010.05.06 19:57:57.660,0.6421,0.643,9.60,5.60
2010.05.06 19:57:58.816,0.64215,0.64305,9.60,1.00
2010.05.06 19:57:59.163,0.6422,0.6431,9.60,1.00
2010.05.06 19:58:00.129,0.6423,0.6431,9.60,1.00
2010.05.06 19:58:00.814,0.6423,0.64315,9.60,1.00
2010.05.06 19:58:01.682,0.64235,0.64315,9.60,1.00
2010.05.06 19:58:02.034,0.64235,0.64315,9.60,1.00
2010.05.06 19:58:03.180,0.6423,0.64315,9.60,1.00
2010.05.06 19:58:04.541,0.6424,0.64315,9.60,1.00
2010.05.06 19:58:06.050,0.6424,0.64315,4.80,1.00
2010.05.06 19:58:06.736,0.6423,0.64295,9.60,1.00
2010.05.06 19:58:08.806,0.6423,0.64305,9.90,1.00
2010.05.06 19:58:09.046,0.64235,0.64305,5.00,1.00
2010.05.06 19:58:09.744,0.64235,0.64315,10.50,1.00
2010.05.06 19:58:10.422,0.64245,0.6433,9.60,1.00
2010.05.06 19:58:11.262,0.64245,0.64325,9.60,1.00
2010.05.06 19:58:11.943,0.64245,0.64325,4.80,5.60
2010.05.06 19:58:12.416,0.6424,0.64325,9.60,5.60
2010.05.06 19:58:13.104,0.6423,0.6432,9.60,1.00
2010.05.06 19:58:14.236,0.64235,0.6432,9.60,1.00
2010.05.06 19:58:14.496,0.6424,0.64325,9.60,1.00
2010.05.06 19:58:14.753,0.6424,0.6433,9.60,10.40
2010.05.06 19:58:15.011,0.64235,0.6433,9.60,10.40
2010.05.06 19:58:15.611,0.6424,0.6433,9.60,10.40
2010.05.06 19:58:15.930,0.6423,0.6432,9.60,10.40
2010.05.06 19:58:16.237,0.64225,0.64315,9.60,10.40
2010.05.06 19:58:16.995,0.6423,0.64315,4.80,5.60
2010.05.06 19:58:17.337,0.6422,0.6428,1.00,1.00
2010.05.06 19:58:18.483,0.64215,0.6428,1.00,1.00
2010.05.06 19:58:18.825,0.64225,0.64315,9.60,11.20
2010.05.06 19:58:19.172,0.64225,0.64315,9.60,10.40
2010.05.06 19:58:24.041,0.6423,0.64315,9.60,4.80
2010.05.06 19:58:24.645,0.6423,0.6432,9.60,10.40
2010.05.06 19:58:24.989,0.64195,0.64285,9.60,10.40
2010.05.06 19:58:25.323,0.6419,0.6428,9.60,4.80
2010.05.06 19:58:27.255,0.642,0.64285,4.80,10.40
2010.05.06 19:58:27.539,0.642,0.64285,4.80,9.60
2010.05.06 19:58:28.691,0.642,0.6428,4.80,1.00
2010.05.06 19:58:29.037,0.64185,0.6427,4.80,9.60
2010.05.06 19:58:29.381,0.6418,0.6427,10.10,4.80
2010.05.06 19:58:29.721,0.6418,0.6427,10.10,9.60
2010.05.06 19:58:30.326,0.64185,0.64275,9.60,1.00
2010.05.06 19:58:30.514,0.6418,0.6427,9.60,4.80
2010.05.06 19:58:31.519,0.64185,0.64275,9.60,5.60
2010.05.06 19:58:31.860,0.6419,0.64275,9.60,1.00
2010.05.06 19:58:32.204,0.6419,0.6427,4.80,1.00
2010.05.06 19:58:32.541,0.64185,0.6427,9.60,10.40
2010.05.06 19:58:33.018,0.64185,0.6427,9.50,10.40
2010.05.06 19:58:33.372,0.64185,0.6427,9.40,5.60
2010.05.06 19:58:33.714,0.6418,0.6427,9.40,10.40
2010.05.06 19:58:34.017,0.64175,0.64265,9.40,10.40
2010.05.06 19:58:34.774,0.64185,0.6427,9.40,10.40
2010.05.06 19:58:36.715,0.6418,0.64265,9.40,5.60
2010.05.06 19:58:38.582,0.6417,0.64255,9.40,4.80
2010.05.06 19:58:38.842,0.64165,0.6425,9.40,5.60
2010.05.06 19:58:39.101,0.6416,0.6425,9.40,10.40
2010.05.06 19:58:39.700,0.64155,0.64245,9.40,9.60
2010.05.06 19:58:40.488,0.64155,0.64245,9.40,4.80
2010.05.06 19:58:40.691,0.64155,0.64245,9.40,9.60
2010.05.06 19:58:40.891,0.64155,0.6425,9.40,9.60
2010.05.06 19:58:41.089,0.6416,0.6425,9.40,9.60
2010.05.06 19:58:41.492,0.64155,0.64245,9.40,9.60
2010.05.06 19:58:41.830,0.64155,0.64245,9.60,9.60
2010.05.06 19:58:42.744,0.64145,0.6421,1.00,1.00
2010.05.06 19:58:43.731,0.64145,0.6421,1.00,1.00
2010.05.06 19:58:44.043,0.64145,0.6421,1.00,1.00
2010.05.06 19:58:44.351,0.6414,0.6415,4.80,1.00
2010.05.06 19:58:44.661,0.6414,0.64155,4.80,1.00
2010.05.06 19:58:45.337,0.64115,0.64155,9.60,2.00
2010.05.06 19:58:45.682,0.6411,0.64155,9.60,1.00
2010.05.06 19:58:46.579,0.6411,0.6413,9.60,1.00
2010.05.06 19:58:47.618,0.6411,0.6413,9.60,1.00
2010.05.06 19:58:48.343,0.6412,0.6413,4.80,1.00
2010.05.06 19:58:48.929,0.6412,0.6413,9.60,1.00
2010.05.06 19:58:49.289,0.64135,0.6414,9.60,1.00
2010.05.06 19:58:49.572,0.64135,0.64145,9.60,1.00
2010.05.06 19:58:51.009,0.64135,0.64145,9.60,1.00
2010.05.06 19:58:51.726,0.6417,0.64235,9.60,1.00
2010.05.06 19:58:52.068,0.6419,0.64255,4.80,1.00
2010.05.06 19:58:52.402,0.64185,0.64255,9.60,1.00
2010.05.06 19:58:52.743,0.6419,0.64255,4.80,1.00
2010.05.06 19:58:53.702,0.6419,0.64255,4.80,1.00
2010.05.06 19:58:54.047,0.642,0.6426,4.80,1.00
2010.05.06 19:58:54.313,0.64195,0.6426,4.80,1.00
2010.05.06 19:58:55.036,0.64185,0.6426,4.80,1.00
2010.05.06 19:58:55.384,0.64185,0.6427,4.80,1.00
2010.05.06 19:58:56.167,0.64185,0.6427,4.80,1.00
2010.05.06 19:58:56.523,0.6417,0.6426,4.80,9.60
2010.05.06 19:58:58.293,0.6416,0.6425,9.60,1.00
2010.05.06 19:58:58.553,0.64185,0.64255,10.80,1.00
2010.05.06 19:58:59.221,0.64185,0.6425,1.30,1.00
2010.05.06 19:59:00.050,0.64175,0.6425,10.80,1.00
2010.05.06 19:59:00.330,0.64175,0.6425,10.90,1.00
2010.05.06 19:59:00.623,0.64175,0.6425,11.00,1.00
2010.05.06 19:59:01.334,0.6418,0.64245,4.90,1.00
2010.05.06 19:59:01.921,0.6418,0.64245,1.00,1.00
2010.05.06 19:59:02.091,0.64165,0.6424,10.40,1.00
2010.05.06 19:59:02.262,0.6416,0.6424,4.80,1.00
2010.05.06 19:59:02.600,0.6415,0.6424,9.60,1.00
2010.05.06 19:59:04.042,0.6415,0.6424,9.60,5.60
2010.05.06 19:59:04.668,0.64165,0.6424,1.30,10.40
2010.05.06 19:59:05.015,0.6417,0.6425,10.80,1.00
2010.05.06 19:59:06.434,0.6417,0.64245,4.80,1.00
2010.05.06 19:59:06.773,0.64165,0.64225,4.80,2.10
2010.05.06 19:59:06.981,0.64145,0.64215,4.80,4.80
2010.05.06 19:59:07.190,0.64125,0.64215,9.60,10.00
2010.05.06 19:59:07.402,0.64125,0.64215,4.80,10.00
2010.05.06 19:59:08.181,0.64125,0.6419,1.00,1.00
2010.05.06 19:59:08.501,0.6412,0.6418,10.40,1.60
2010.05.06 19:59:08.821,0.64115,0.64185,12.80,1.60
2010.05.06 19:59:09.298,0.64115,0.6418,12.80,1.00
2010.05.06 19:59:09.614,0.64115,0.6418,12.80,1.00
2010.05.06 19:59:10.290,0.64115,0.64185,11.20,1.00
2010.05.06 19:59:11.110,0.6413,0.64185,9.60,1.00
2010.05.06 19:59:11.452,0.6413,0.64225,9.60,9.60
2010.05.06 19:59:12.232,0.6411,0.642,9.60,9.60
2010.05.06 19:59:12.487,0.64115,0.642,4.80,4.80
2010.05.06 19:59:13.285,0.6412,0.64205,4.80,4.80
2010.05.06 19:59:13.650,0.64105,0.642,9.60,9.60
2010.05.06 19:59:13.995,0.6411,0.642,4.80,4.80
2010.05.06 19:59:14.771,0.6411,0.64205,9.60,9.60
2010.05.06 19:59:15.119,0.64105,0.642,9.60,9.60
2010.05.06 19:59:16.987,0.64115,0.64205,9.60,9.60
2010.05.06 19:59:18.368,0.6411,0.642,9.60,9.60
2010.05.06 19:59:19.051,0.64105,0.64205,9.60,9.60
2010.05.06 19:59:22.069,0.6411,0.6419,4.80,4.80
2010.05.06 19:59:22.412,0.64105,0.6419,9.60,9.60
2010.05.06 19:59:23.743,0.64115,0.6419,1.00,1.00
2010.05.06 19:59:24.891,0.64115,0.64195,1.30,5.70
2010.05.06 19:59:25.231,0.64115,0.64195,10.80,1.00
2010.05.06 19:59:26.010,0.6412,0.64195,1.30,1.00
2010.05.06 19:59:26.351,0.6412,0.64195,1.00,1.00
2010.05.06 19:59:26.691,0.64115,0.64195,1.00,5.70
2010.05.06 19:59:27.030,0.6412,0.64195,1.00,1.00
2010.05.06 19:59:27.709,0.6412,0.64195,1.00,1.00
2010.05.06 19:59:28.402,0.6414,0.6422,4.80,1.00
2010.05.06 19:59:28.830,0.6414,0.64225,4.80,9.60
2010.05.06 19:59:29.260,0.64135,0.6423,9.60,4.80
2010.05.06 19:59:30.716,0.64135,0.6423,9.60,10.40
2010.05.06 19:59:31.967,0.6412,0.642,10.40,1.00
2010.05.06 19:59:32.314,0.64115,0.6419,9.60,1.00
2010.05.06 19:59:32.931,0.64115,0.64185,4.80,1.00
2010.05.06 19:59:33.275,0.641,0.64185,9.60,1.00
2010.05.06 19:59:33.622,0.6412,0.64195,10.40,1.00
2010.05.06 19:59:34.947,0.6412,0.64195,10.40,1.00
2010.05.06 19:59:35.720,0.6412,0.64195,10.50,1.00
2010.05.06 19:59:36.375,0.6412,0.64195,1.00,1.00
2010.05.06 19:59:36.703,0.64115,0.64195,1.00,5.70
2010.05.06 19:59:37.032,0.6411,0.64195,11.00,1.00
2010.05.06 19:59:37.861,0.64115,0.6419,1.00,1.00
2010.05.06 19:59:39.641,0.6411,0.64185,1.10,1.00
2010.05.06 19:59:42.755,0.64125,0.64185,1.00,1.00
2010.05.06 19:59:43.001,0.6412,0.64195,1.90,1.00
2010.05.06 19:59:43.503,0.64115,0.6419,10.70,1.00
2010.05.06 19:59:44.231,0.6412,0.64195,1.10,1.00
2010.05.06 19:59:44.573,0.64125,0.64195,1.00,1.00
2010.05.06 19:59:45.135,0.64125,0.642,1.00,5.70
2010.05.06 19:59:45.451,0.6412,0.64195,5.90,1.00
2010.05.06 19:59:45.771,0.6412,0.6419,5.70,1.00
2010.05.06 19:59:46.092,0.64125,0.64195,1.00,4.90
2010.05.06 19:59:46.855,0.6412,0.6419,1.00,1.00
2010.05.06 19:59:49.799,0.64115,0.64185,1.00,1.00
2010.05.06 19:59:50.141,0.6411,0.64185,5.90,1.00
2010.05.06 19:59:50.630,0.64115,0.6419,1.00,1.00
2010.05.06 19:59:50.998,0.6411,0.64185,5.90,1.00
2010.05.06 19:59:56.311,0.6411,0.6418,1.00,1.00
2010.05.06 19:59:59.186,0.6411,0.64185,1.10,1.00
