2011.09.14 09:00:00.658,0.62967,0.62983,2.25,1.50
2011.09.14 09:00:02.056,0.62968,0.62983,2.25,1.50
2011.09.14 09:00:02.838,0.62968,0.62978,2.25,1.50
2011.09.14 09:00:02.961,0.62949,0.62977,2.25,1.50
2011.09.14 09:00:03.419,0.62957,0.62974,2.25,1.50
2011.09.14 09:00:03.757,0.62957,0.62969,2.25,2.25
2011.09.14 09:00:04.000,0.62947,0.62965,2.25,1.50
2011.09.14 09:00:04.582,0.62947,0.62965,2.25,3.00
2011.09.14 09:00:05.163,0.62947,0.62956,2.25,1.50
2011.09.14 09:00:07.213,0.62937,0.6296,2.25,1.50
2011.09.14 09:00:07.657,0.62937,0.62956,2.25,1.50
2011.09.14 09:00:09.480,0.62937,0.62953,2.25,1.50
2011.09.14 09:00:21.195,0.62937,0.62956,2.25,1.50
2011.09.14 09:00:22.346,0.62938,0.62956,2.25,1.50
2011.09.14 09:00:24.375,0.62947,0.62956,2.25,1.50
2011.09.14 09:00:24.497,0.62937,0.6296,2.25,1.50
2011.09.14 09:00:25.678,0.62937,0.6296,2.25,3.00
2011.09.14 09:00:30.069,0.62948,0.62956,2.25,1.50
2011.09.14 09:00:31.458,0.62931,0.62953,2.63,1.50
2011.09.14 09:00:32.189,0.62948,0.62954,2.25,1.50
2011.09.14 09:00:32.307,0.62928,0.62953,3.00,1.50
2011.09.14 09:00:32.427,0.62923,0.62951,1.50,1.50
2011.09.14 09:00:32.548,0.62922,0.62948,1.50,1.50
2011.09.14 09:00:32.890,0.62917,0.62942,1.50,1.50
2011.09.14 09:00:33.229,0.62917,0.62939,1.50,1.50
2011.09.14 09:00:33.844,0.62911,0.62937,1.50,1.50
2011.09.14 09:00:35.348,0.62906,0.62934,1.50,1.50
2011.09.14 09:00:36.077,0.62902,0.62924,2.25,2.25
2011.09.14 09:00:36.205,0.62892,0.62918,1.50,1.50
2011.09.14 09:00:36.548,0.62887,0.62911,2.25,1.50
2011.09.14 09:00:36.669,0.62872,0.62898,1.50,1.50
2011.09.14 09:00:36.787,0.62877,0.62903,1.50,1.50
2011.09.14 09:00:36.910,0.62886,0.62914,1.50,2.10
2011.09.14 09:00:37.027,0.62894,0.6292,1.50,2.10
2011.09.14 09:00:37.371,0.62874,0.62898,1.50,1.50
2011.09.14 09:00:37.802,0.62868,0.62893,1.50,1.50
2011.09.14 09:00:37.933,0.62867,0.62893,1.50,1.50
2011.09.14 09:00:38.269,0.62863,0.62892,1.50,1.50
2011.09.14 09:00:38.387,0.62863,0.62889,1.50,1.50
2011.09.14 09:00:38.508,0.62859,0.62885,1.50,1.50
2011.09.14 09:00:40.949,0.62862,0.6289,1.50,1.50
2011.09.14 09:00:42.847,0.62869,0.62894,1.50,1.35
2011.09.14 09:00:43.188,0.62872,0.62898,1.50,1.35
2011.09.14 09:00:43.982,0.62868,0.62893,1.50,1.35
2011.09.14 09:00:44.614,0.62887,0.62906,2.25,2.25
2011.09.14 09:00:44.946,0.62887,0.6291,2.25,1.50
2011.09.14 09:00:45.175,0.62897,0.62919,2.25,1.50
2011.09.14 09:00:45.628,0.62897,0.62921,3.00,1.35
2011.09.14 09:00:48.135,0.62895,0.62921,1.50,2.85
2011.09.14 09:00:48.848,0.62892,0.62917,1.50,1.35
2011.09.14 09:00:52.461,0.62892,0.62916,1.50,1.50
2011.09.14 09:00:53.469,0.62898,0.62918,2.25,1.50
2011.09.14 09:00:54.838,0.62892,0.62918,1.50,1.35
2011.09.14 09:00:55.915,0.62891,0.62916,1.50,1.95
2011.09.14 09:01:01.001,0.62896,0.62921,1.50,1.35
2011.09.14 09:01:01.446,0.62893,0.62921,1.50,1.35
2011.09.14 09:01:01.568,0.62892,0.62918,1.50,1.50
2011.09.14 09:01:02.659,0.62892,0.62917,1.50,1.50
2011.09.14 09:01:03.240,0.62888,0.62912,3.00,1.13
2011.09.14 09:01:03.817,0.62888,0.62915,3.00,1.50
2011.09.14 09:01:08.073,0.62888,0.62916,4.50,1.50
2011.09.14 09:01:08.647,0.62892,0.62918,1.50,1.50
2011.09.14 09:01:08.988,0.62897,0.62918,2.25,1.50
2011.09.14 09:01:09.105,0.62897,0.62919,3.00,1.13
2011.09.14 09:01:09.609,0.62897,0.62921,3.00,1.13
2011.09.14 09:01:11.655,0.62897,0.62921,3.00,1.50
2011.09.14 09:01:12.107,0.62897,0.6292,3.00,1.13
2011.09.14 09:01:12.666,0.62897,0.6292,3.00,1.13
2011.09.14 09:01:17.539,0.62899,0.62927,1.50,3.75
2011.09.14 09:01:17.875,0.62904,0.6293,1.50,1.50
2011.09.14 09:01:26.447,0.62908,0.62932,1.50,2.10
2011.09.14 09:01:26.899,0.62908,0.62934,1.50,1.35
2011.09.14 09:01:37.468,0.62903,0.6293,1.50,1.35
2011.09.14 09:01:37.808,0.62902,0.62931,1.50,1.35
2011.09.14 09:01:37.930,0.62899,0.62931,1.50,3.23
2011.09.14 09:01:38.050,0.62897,0.62932,3.00,2.10
2011.09.14 09:01:38.169,0.62897,0.62932,2.25,2.10
2011.09.14 09:01:38.800,0.62897,0.62932,2.25,1.50
2011.09.14 09:01:39.767,0.62897,0.62931,2.25,1.50
2011.09.14 09:01:40.286,0.62897,0.62932,2.25,1.50
2011.09.14 09:01:41.416,0.62898,0.62932,2.25,6.23
2011.09.14 09:01:42.974,0.62898,0.62927,2.25,1.50
2011.09.14 09:01:44.655,0.62898,0.62926,2.25,1.50
2011.09.14 09:01:45.527,0.62898,0.62927,2.25,1.88
2011.09.14 09:01:46.088,0.62898,0.62926,2.25,1.50
2011.09.14 09:01:46.820,0.62898,0.62926,2.25,2.48
2011.09.14 09:01:47.311,0.62889,0.62926,1.50,2.48
2011.09.14 09:01:47.538,0.62889,0.62922,2.25,1.13
2011.09.14 09:01:47.656,0.62887,0.62923,2.25,3.98
2011.09.14 09:01:49.247,0.62892,0.62918,1.50,1.50
2011.09.14 09:01:50.128,0.62898,0.62918,2.25,1.50
2011.09.14 09:01:50.468,0.62892,0.62915,1.50,1.35
2011.09.14 09:01:50.589,0.62888,0.62913,3.00,1.50
2011.09.14 09:01:50.706,0.62888,0.62915,3.00,2.10
2011.09.14 09:01:50.829,0.62898,0.62915,2.25,1.50
2011.09.14 09:01:51.330,0.62898,0.62918,2.25,1.50
2011.09.14 09:01:51.422,0.62898,0.62921,2.25,1.13
2011.09.14 09:01:52.416,0.62898,0.62922,2.63,1.13
2011.09.14 09:01:53.200,0.629,0.62924,1.50,1.13
2011.09.14 09:01:53.822,0.629,0.62922,1.50,3.00
2011.09.14 09:01:53.937,0.62895,0.6292,1.50,1.13
2011.09.14 09:01:54.169,0.62895,0.62923,1.50,2.10
2011.09.14 09:01:54.291,0.62899,0.62926,1.35,3.75
2011.09.14 09:01:54.409,0.62905,0.62926,1.13,1.50
2011.09.14 09:01:54.639,0.62907,0.62935,2.10,2.25
2011.09.14 09:01:54.756,0.62908,0.62936,1.50,3.00
2011.09.14 09:01:54.881,0.62912,0.62937,1.50,1.50
2011.09.14 09:01:55.218,0.62914,0.6294,1.13,1.50
2011.09.14 09:01:55.685,0.62927,0.6294,2.25,1.50
2011.09.14 09:01:57.329,0.62918,0.6294,2.63,1.50
2011.09.14 09:01:58.919,0.62927,0.6294,2.25,1.50
2011.09.14 09:01:59.226,0.62927,0.62943,2.25,1.50
2011.09.14 09:01:59.676,0.62918,0.62943,1.13,3.75
2011.09.14 09:01:59.909,0.62917,0.62941,3.75,1.50
2011.09.14 09:02:00.280,0.62917,0.62936,2.25,1.50
2011.09.14 09:02:00.835,0.62918,0.62936,2.25,1.50
2011.09.14 09:02:01.838,0.62918,0.62935,2.25,2.25
2011.09.14 09:02:01.960,0.62907,0.62931,3.38,1.13
2011.09.14 09:02:02.297,0.62917,0.62932,2.25,1.50
2011.09.14 09:02:02.636,0.62907,0.62932,3.38,1.50
2011.09.14 09:02:03.197,0.62918,0.62924,2.25,2.25
2011.09.14 09:02:03.321,0.62898,0.62924,1.50,2.25
2011.09.14 09:02:03.437,0.62897,0.62922,3.00,2.25
2011.09.14 09:02:03.779,0.62897,0.62911,3.00,1.50
2011.09.14 09:02:04.127,0.62877,0.62903,3.75,1.50
2011.09.14 09:02:04.892,0.62877,0.629,1.50,1.50
2011.09.14 09:02:05.327,0.62874,0.62902,1.50,2.25
2011.09.14 09:02:05.672,0.62874,0.62897,1.50,1.50
2011.09.14 09:02:05.788,0.62874,0.62899,1.50,1.50
2011.09.14 09:02:05.912,0.62872,0.62899,1.50,1.50
2011.09.14 09:02:07.791,0.62873,0.62899,1.50,1.50
2011.09.14 09:02:08.306,0.62872,0.62899,1.50,1.50
2011.09.14 09:02:08.981,0.62871,0.62897,1.50,1.50
2011.09.14 09:02:09.580,0.62873,0.62903,3.00,2.25
2011.09.14 09:02:09.698,0.62879,0.62907,1.50,3.00
2011.09.14 09:02:10.484,0.62875,0.62903,1.50,1.50
2011.09.14 09:02:11.170,0.62871,0.62897,1.50,1.50
2011.09.14 09:02:11.507,0.62875,0.62897,1.50,1.50
2011.09.14 09:02:11.851,0.62877,0.62897,1.50,1.50
2011.09.14 09:02:12.191,0.62886,0.62914,1.50,1.50
2011.09.14 09:02:12.842,0.62892,0.62918,1.50,1.50
2011.09.14 09:02:13.397,0.62897,0.62924,2.25,2.25
2011.09.14 09:02:13.630,0.62905,0.62931,1.50,2.25
2011.09.14 09:02:14.079,0.62908,0.62934,1.50,1.50
2011.09.14 09:02:14.578,0.62913,0.62939,1.50,2.25
2011.09.14 09:02:15.149,0.62912,0.6294,1.50,1.50
2011.09.14 09:02:19.195,0.62912,0.62936,1.50,1.50
2011.09.14 09:02:19.323,0.62909,0.62935,1.50,1.50
2011.09.14 09:02:19.445,0.62909,0.62934,1.50,1.35
2011.09.14 09:02:19.570,0.62899,0.62927,1.50,1.50
2011.09.14 09:02:21.312,0.62895,0.62923,1.50,1.50
2011.09.14 09:02:25.424,0.629,0.62925,1.50,1.50
2011.09.14 09:02:25.574,0.62904,0.6293,1.50,1.50
2011.09.14 09:02:26.696,0.62905,0.62934,1.50,1.50
2011.09.14 09:02:26.817,0.62908,0.62934,1.50,1.50
2011.09.14 09:02:28.288,0.62903,0.62931,1.50,1.50
2011.09.14 09:02:28.410,0.62899,0.62927,1.50,1.50
2011.09.14 09:02:28.746,0.62903,0.62931,1.50,2.25
2011.09.14 09:02:29.772,0.629,0.62926,1.50,3.00
2011.09.14 09:02:30.218,0.62898,0.62923,2.25,1.50
2011.09.14 09:02:30.776,0.62895,0.62923,1.50,1.50
2011.09.14 09:02:30.896,0.62892,0.62918,1.50,1.50
2011.09.14 09:02:31.878,0.62888,0.62915,3.00,1.50
2011.09.14 09:02:34.361,0.62879,0.62904,1.50,2.25
2011.09.14 09:02:34.696,0.62887,0.62897,2.25,1.50
2011.09.14 09:02:34.818,0.62888,0.62902,2.25,1.50
2011.09.14 09:02:35.378,0.62887,0.62902,2.25,1.50
2011.09.14 09:02:36.185,0.62887,0.62907,2.25,1.88
2011.09.14 09:02:36.747,0.62888,0.62907,2.25,1.50
2011.09.14 09:02:38.288,0.62888,0.62911,2.63,1.50
2011.09.14 09:02:38.520,0.6289,0.62914,1.13,1.50
2011.09.14 09:02:38.638,0.62898,0.62914,2.25,1.50
2011.09.14 09:02:38.977,0.62888,0.62914,3.75,1.50
2011.09.14 09:02:39.099,0.62888,0.62911,2.25,1.50
2011.09.14 09:02:39.789,0.62888,0.62906,2.25,1.50
2011.09.14 09:02:40.018,0.6288,0.62906,1.50,1.50
2011.09.14 09:02:40.466,0.62878,0.62903,3.00,1.50
2011.09.14 09:02:40.940,0.62878,0.62899,2.25,1.50
2011.09.14 09:02:41.386,0.62878,0.62902,2.25,1.50
2011.09.14 09:02:49.748,0.62878,0.62901,2.25,1.50
2011.09.14 09:02:50.087,0.62888,0.62899,2.25,1.50
2011.09.14 09:02:50.209,0.62888,0.62903,2.25,1.50
2011.09.14 09:02:50.550,0.62888,0.62906,2.25,1.50
2011.09.14 09:02:52.647,0.6288,0.62906,1.50,1.50
2011.09.14 09:02:54.716,0.62877,0.62904,3.00,1.50
2011.09.14 09:02:54.837,0.62877,0.62902,3.00,1.50
2011.09.14 09:02:55.401,0.62888,0.62908,2.25,1.50
2011.09.14 09:02:58.165,0.6288,0.62908,1.50,1.50
2011.09.14 09:02:58.397,0.62878,0.62899,2.25,1.50
2011.09.14 09:03:02.218,0.62878,0.62898,2.25,1.50
2011.09.14 09:03:02.338,0.62869,0.62893,1.50,1.35
2011.09.14 09:03:02.459,0.62864,0.62892,1.50,2.10
2011.09.14 09:03:02.576,0.62868,0.62892,2.25,2.10
2011.09.14 09:03:03.250,0.62868,0.6289,2.25,1.50
2011.09.14 09:03:03.645,0.62868,0.62886,2.25,1.35
2011.09.14 09:03:03.989,0.62859,0.62883,2.25,1.35
2011.09.14 09:03:04.107,0.62853,0.62881,2.25,1.50
2011.09.14 09:03:04.226,0.62851,0.62877,1.50,1.50
2011.09.14 09:03:04.707,0.62848,0.62877,3.75,1.50
2011.09.14 09:03:04.833,0.62848,0.62873,3.00,1.50
2011.09.14 09:03:07.788,0.62851,0.62877,1.50,1.50
2011.09.14 09:03:10.217,0.62854,0.62881,1.50,2.25
2011.09.14 09:03:11.540,0.62859,0.62885,1.50,2.70
2011.09.14 09:03:14.258,0.62857,0.62885,1.50,4.20
2011.09.14 09:03:14.378,0.62855,0.62881,1.50,1.50
2011.09.14 09:03:21.107,0.62851,0.62877,1.50,1.50
2011.09.14 09:03:22.249,0.62848,0.6287,3.75,1.13
2011.09.14 09:03:22.369,0.62848,0.6287,3.00,1.13
2011.09.14 09:03:23.263,0.62858,0.6287,2.10,1.13
2011.09.14 09:03:23.380,0.62858,0.62873,2.10,1.88
2011.09.14 09:03:23.500,0.62853,0.62875,1.50,1.58
2011.09.14 09:03:24.256,0.62851,0.62873,1.50,2.48
2011.09.14 09:03:24.377,0.6285,0.62873,1.50,2.48
2011.09.14 09:03:25.770,0.62853,0.62876,1.50,3.00
2011.09.14 09:03:27.958,0.62853,0.62875,1.50,1.35
2011.09.14 09:03:29.397,0.62853,0.62876,1.50,1.35
2011.09.14 09:03:30.177,0.6285,0.62874,1.50,1.73
2011.09.14 09:03:31.919,0.6285,0.62874,1.50,1.73
2011.09.14 09:03:36.821,0.62848,0.6287,1.50,1.13
2011.09.14 09:03:36.937,0.62847,0.6287,3.00,1.13
2011.09.14 09:03:37.167,0.62845,0.6287,1.50,1.35
2011.09.14 09:03:37.396,0.6284,0.62868,1.50,2.10
2011.09.14 09:03:41.116,0.6284,0.62861,1.50,2.10
2011.09.14 09:03:41.455,0.62838,0.62861,3.00,2.10
2011.09.14 09:03:45.000,0.62838,0.62859,2.25,1.50
2011.09.14 09:03:45.337,0.62838,0.62863,3.00,1.50
2011.09.14 09:03:45.948,0.62838,0.62862,3.00,1.35
2011.09.14 09:03:49.101,0.62838,0.62862,3.75,1.35
2011.09.14 09:03:49.675,0.62841,0.62865,1.50,2.10
2011.09.14 09:04:00.950,0.62845,0.62865,1.50,2.10
2011.09.14 09:04:07.250,0.62845,0.62869,1.50,1.35
2011.09.14 09:04:11.655,0.62845,0.62869,1.50,1.73
2011.09.14 09:04:12.107,0.62838,0.62866,3.00,4.88
2011.09.14 09:04:12.225,0.62838,0.62861,2.25,1.50
2011.09.14 09:04:13.094,0.6284,0.62866,1.50,1.50
2011.09.14 09:04:41.017,0.62844,0.6287,1.50,1.50
2011.09.14 09:04:41.469,0.62857,0.6287,2.25,1.50
2011.09.14 09:04:41.591,0.62857,0.62871,2.63,1.50
2011.09.14 09:04:42.630,0.62845,0.62871,1.50,3.00
2011.09.14 09:04:44.188,0.62849,0.62875,1.50,1.50
2011.09.14 09:04:48.746,0.62852,0.6288,1.50,1.50
2011.09.14 09:04:51.539,0.62849,0.62875,1.50,1.50
2011.09.14 09:04:52.408,0.62849,0.62874,1.50,1.13
2011.09.14 09:04:52.532,0.62845,0.62873,1.50,1.13
2011.09.14 09:04:52.649,0.62845,0.62871,1.50,1.50
2011.09.14 09:04:54.457,0.62841,0.62867,1.50,1.50
2011.09.14 09:05:02.170,0.62845,0.62871,1.50,3.00
2011.09.14 09:05:05.108,0.62848,0.62871,1.50,1.50
2011.09.14 09:05:05.924,0.62848,0.62872,1.50,1.50
2011.09.14 09:05:06.044,0.62848,0.62876,1.50,1.50
2011.09.14 09:05:06.269,0.62845,0.62874,1.50,2.25
2011.09.14 09:05:06.389,0.62845,0.62871,1.50,1.50
2011.09.14 09:05:06.836,0.6284,0.62868,1.50,1.50
2011.09.14 09:05:09.478,0.62838,0.62859,3.00,2.10
2011.09.14 09:05:09.597,0.62834,0.62856,2.25,1.13
2011.09.14 09:05:09.719,0.62834,0.62858,2.25,1.50
2011.09.14 09:05:09.841,0.62829,0.62855,1.50,1.50
2011.09.14 09:05:09.964,0.62829,0.62854,1.50,1.35
2011.09.14 09:05:10.903,0.62829,0.62855,1.50,1.50
2011.09.14 09:05:11.018,0.62833,0.62859,1.50,2.10
2011.09.14 09:05:30.036,0.62837,0.62863,1.50,1.50
2011.09.14 09:05:31.407,0.62836,0.62853,1.50,1.35
2011.09.14 09:05:31.528,0.62827,0.62847,2.25,1.50
2011.09.14 09:05:31.646,0.62824,0.62846,2.25,1.50
2011.09.14 09:05:31.766,0.62826,0.62847,2.10,1.50
2011.09.14 09:05:31.887,0.6283,0.62856,1.50,2.25
2011.09.14 09:05:32.006,0.6283,0.62852,1.50,1.50
2011.09.14 09:05:32.128,0.62838,0.62863,1.50,2.85
2011.09.14 09:05:32.798,0.62838,0.62861,1.50,1.50
2011.09.14 09:05:33.364,0.62841,0.62861,1.50,1.50
2011.09.14 09:05:33.492,0.62841,0.62866,1.50,2.10
2011.09.14 09:05:35.246,0.62841,0.62861,1.50,1.50
2011.09.14 09:05:35.909,0.62841,0.62862,1.50,1.50
2011.09.14 09:05:36.468,0.62841,0.62861,1.50,1.50
2011.09.14 09:05:37.416,0.62841,0.62862,1.50,1.50
2011.09.14 09:05:37.554,0.62837,0.62861,1.50,1.50
2011.09.14 09:05:38.107,0.62841,0.62861,1.50,1.50
2011.09.14 09:05:38.559,0.62841,0.62867,1.50,2.10
2011.09.14 09:05:38.790,0.62841,0.62869,1.50,1.50
2011.09.14 09:05:40.720,0.62841,0.6287,3.00,1.50
2011.09.14 09:05:41.277,0.62845,0.62871,1.50,1.50
2011.09.14 09:05:42.000,0.62845,0.62871,1.50,3.00
2011.09.14 09:05:42.968,0.62842,0.62867,1.50,3.00
2011.09.14 09:05:43.746,0.62838,0.62864,1.50,1.50
2011.09.14 09:05:44.924,0.62842,0.62867,1.50,2.63
2011.09.14 09:05:45.959,0.62842,0.62867,1.50,2.25
2011.09.14 09:05:46.813,0.62842,0.62866,1.50,1.50
2011.09.14 09:05:47.756,0.62842,0.62867,1.50,2.63
2011.09.14 09:05:48.316,0.62842,0.62866,1.50,1.50
2011.09.14 09:05:49.149,0.62842,0.62866,1.50,2.25
2011.09.14 09:05:49.267,0.62842,0.62866,1.50,1.50
2011.09.14 09:05:49.719,0.62837,0.62865,1.50,1.88
2011.09.14 09:05:59.516,0.62839,0.62865,1.13,1.50
2011.09.14 09:05:59.858,0.62848,0.6287,2.25,1.50
2011.09.14 09:06:00.306,0.62848,0.62872,3.75,2.48
2011.09.14 09:06:00.976,0.62848,0.62873,3.75,1.73
2011.09.14 09:06:01.427,0.62852,0.62874,1.50,1.73
2011.09.14 09:06:02.408,0.62852,0.62876,1.50,3.23
2011.09.14 09:06:05.556,0.62857,0.62876,2.25,1.13
2011.09.14 09:06:05.787,0.62852,0.62876,1.50,1.13
2011.09.14 09:06:09.825,0.62852,0.62876,1.50,1.88
2011.09.14 09:06:11.487,0.62852,0.62876,1.50,1.13
2011.09.14 09:06:16.796,0.62852,0.62876,1.50,1.13
2011.09.14 09:06:17.246,0.62852,0.62876,1.50,1.50
2011.09.14 09:06:20.548,0.62852,0.62876,1.50,1.13
2011.09.14 09:06:21.737,0.62852,0.62876,1.50,1.13
2011.09.14 09:06:22.967,0.62852,0.62876,1.50,1.13
2011.09.14 09:06:23.433,0.62852,0.62876,1.50,1.13
2011.09.14 09:06:23.548,0.62857,0.62876,2.25,1.13
2011.09.14 09:06:23.889,0.62852,0.62876,1.50,1.50
2011.09.14 09:06:25.616,0.62852,0.62876,1.50,1.13
2011.09.14 09:06:26.300,0.62857,0.62876,2.25,1.13
2011.09.14 09:06:26.855,0.62857,0.62876,2.25,1.13
2011.09.14 09:06:27.770,0.62857,0.62876,2.25,1.13
2011.09.14 09:06:28.431,0.62857,0.62876,2.25,1.13
2011.09.14 09:06:30.841,0.62857,0.62876,2.25,1.13
2011.09.14 09:06:31.426,0.62857,0.62875,2.25,1.13
2011.09.14 09:06:31.544,0.62857,0.62874,2.25,1.50
2011.09.14 09:06:33.567,0.62848,0.62874,1.50,1.88
2011.09.14 09:06:36.965,0.62848,0.62872,1.50,1.13
2011.09.14 09:06:38.367,0.62848,0.62872,1.50,1.13
2011.09.14 09:06:39.908,0.62858,0.62873,2.25,1.13
2011.09.14 09:06:40.028,0.62848,0.62873,3.75,1.13
2011.09.14 09:06:43.279,0.62851,0.62876,1.50,1.88
2011.09.14 09:06:44.355,0.62851,0.62877,1.50,2.63
2011.09.14 09:06:45.478,0.62851,0.62877,1.50,2.63
2011.09.14 09:06:48.000,0.62851,0.62876,1.50,1.88
2011.09.14 09:06:48.232,0.62851,0.62877,1.88,2.25
2011.09.14 09:06:48.766,0.62861,0.62885,1.50,1.13
2011.09.14 09:06:49.110,0.62865,0.6289,1.50,1.35
2011.09.14 09:06:49.447,0.62865,0.62894,1.50,1.50
2011.09.14 09:06:49.566,0.62868,0.62896,1.50,3.00
2011.09.14 09:07:02.042,0.62867,0.62895,1.50,2.25
2011.09.14 09:07:02.593,0.62862,0.62886,1.50,2.25
2011.09.14 09:07:02.711,0.6286,0.62886,1.50,1.50
2011.09.14 09:07:04.556,0.6286,0.62886,1.50,1.50
2011.09.14 09:07:05.456,0.6286,0.62886,1.50,2.63
2011.09.14 09:07:05.796,0.6286,0.62886,1.50,1.13
2011.09.14 09:07:06.850,0.62868,0.62886,2.25,1.13
2011.09.14 09:07:07.406,0.62868,0.62886,2.25,2.63
2011.09.14 09:07:09.001,0.62868,0.62886,2.25,1.13
2011.09.14 09:07:10.267,0.62868,0.62889,2.25,1.73
2011.09.14 09:07:12.398,0.62864,0.62886,1.50,1.50
2011.09.14 09:07:12.520,0.62864,0.62887,1.50,1.13
2011.09.14 09:07:13.047,0.62868,0.62889,2.25,1.73
2011.09.14 09:07:14.077,0.62868,0.62889,2.25,2.10
2011.09.14 09:07:14.533,0.62864,0.62889,1.50,1.50
2011.09.14 09:07:14.655,0.62868,0.62892,1.50,2.85
2011.09.14 09:07:15.469,0.62868,0.62896,1.50,3.75
2011.09.14 09:07:19.739,0.62868,0.62898,3.00,1.50
2011.09.14 09:07:19.858,0.62873,0.62899,1.50,2.63
2011.09.14 09:07:21.967,0.62873,0.62898,1.50,1.13
2011.09.14 09:07:22.418,0.62878,0.62898,2.25,1.13
2011.09.14 09:07:22.964,0.62878,0.62898,2.25,1.13
2011.09.14 09:07:24.069,0.62878,0.62902,3.00,4.73
2011.09.14 09:07:24.976,0.62878,0.62902,3.00,3.75
2011.09.14 09:07:25.320,0.62881,0.62906,1.50,1.35
2011.09.14 09:07:27.556,0.62881,0.62907,1.50,1.50
2011.09.14 09:07:28.127,0.62877,0.62903,3.00,1.50
2011.09.14 09:07:28.597,0.6288,0.62906,1.50,1.50
2011.09.14 09:07:29.706,0.6288,0.629,1.50,1.35
2011.09.14 09:07:29.829,0.62877,0.62897,2.25,1.13
2011.09.14 09:07:29.948,0.62874,0.629,2.10,1.50
2011.09.14 09:07:30.069,0.62877,0.629,2.25,1.50
2011.09.14 09:07:30.187,0.62877,0.62904,3.75,1.35
2011.09.14 09:07:30.748,0.62878,0.62905,2.25,1.35
2011.09.14 09:07:31.412,0.62881,0.62909,1.50,1.50
2011.09.14 09:07:33.069,0.62881,0.62911,3.00,2.48
2011.09.14 09:07:33.190,0.62885,0.62911,1.50,1.73
2011.09.14 09:07:37.676,0.62885,0.62911,1.50,1.73
2011.09.14 09:07:38.237,0.62885,0.62911,1.50,2.48
2011.09.14 09:07:38.689,0.62885,0.62911,1.50,1.35
2011.09.14 09:07:39.138,0.62889,0.62917,1.50,1.50
2011.09.14 09:07:39.699,0.62889,0.62914,1.50,1.13
2011.09.14 09:07:40.158,0.62889,0.62917,1.50,1.50
2011.09.14 09:07:41.047,0.62894,0.62919,1.50,1.73
2011.09.14 09:07:44.507,0.62894,0.6292,3.00,1.50
2011.09.14 09:07:44.956,0.62897,0.62925,1.50,1.50
2011.09.14 09:07:45.190,0.62902,0.62928,1.50,1.50
2011.09.14 09:07:45.858,0.62905,0.62933,1.50,2.10
2011.09.14 09:07:45.979,0.62905,0.62931,1.50,1.13
2011.09.14 09:07:46.209,0.62905,0.62933,1.50,3.75
2011.09.14 09:07:46.722,0.6291,0.62936,1.50,1.50
2011.09.14 09:07:47.891,0.6291,0.62934,1.50,1.50
2011.09.14 09:07:48.340,0.62905,0.62929,1.50,1.13
2011.09.14 09:07:48.459,0.62903,0.62929,1.50,1.13
2011.09.14 09:07:48.822,0.62903,0.62927,1.50,1.13
2011.09.14 09:07:50.678,0.62903,0.62927,1.50,1.13
2011.09.14 09:07:50.800,0.62907,0.62929,2.25,1.13
2011.09.14 09:07:51.433,0.62907,0.62929,2.25,1.13
2011.09.14 09:07:51.798,0.62903,0.62929,1.50,2.85
2011.09.14 09:07:52.508,0.62903,0.62929,1.50,1.73
2011.09.14 09:07:52.627,0.62903,0.62929,1.50,1.50
2011.09.14 09:07:55.700,0.62903,0.62926,1.50,1.13
2011.09.14 09:07:56.059,0.62903,0.62926,1.50,1.50
2011.09.14 09:07:57.066,0.629,0.62925,1.50,1.13
2011.09.14 09:08:01.181,0.629,0.62926,1.50,2.25
2011.09.14 09:08:01.410,0.62904,0.62929,1.50,1.73
2011.09.14 09:08:01.533,0.62904,0.62929,1.50,1.13
2011.09.14 09:08:02.504,0.62905,0.62934,1.50,1.50
2011.09.14 09:08:02.619,0.62908,0.62934,1.50,1.50
2011.09.14 09:08:02.849,0.62909,0.62932,2.25,1.13
2011.09.14 09:08:03.681,0.62908,0.62932,1.50,1.13
2011.09.14 09:08:05.589,0.62908,0.62932,1.50,1.13
2011.09.14 09:08:09.956,0.62905,0.62929,1.50,1.13
2011.09.14 09:08:10.077,0.62903,0.62929,1.50,1.13
2011.09.14 09:08:14.257,0.62911,0.62936,1.50,2.25
2011.09.14 09:08:14.355,0.62916,0.62942,1.50,1.50
2011.09.14 09:08:14.912,0.62924,0.6295,1.50,1.50
2011.09.14 09:08:15.358,0.62927,0.62953,1.50,3.38
2011.09.14 09:08:18.844,0.62932,0.62957,1.50,1.13
2011.09.14 09:08:19.179,0.62932,0.62953,1.50,2.25
2011.09.14 09:08:20.670,0.62927,0.62953,1.50,3.00
2011.09.14 09:08:22.140,0.62927,0.62952,1.50,1.13
2011.09.14 09:08:22.481,0.62924,0.6295,1.50,1.50
2011.09.14 09:08:23.042,0.62922,0.6295,1.50,3.00
2011.09.14 09:08:23.458,0.6292,0.62946,1.50,1.50
2011.09.14 09:08:23.677,0.6292,0.62942,1.50,2.63
2011.09.14 09:08:23.909,0.6292,0.62942,1.50,2.25
2011.09.14 09:08:24.029,0.62918,0.6294,3.00,1.35
2011.09.14 09:08:24.147,0.62915,0.6294,1.50,1.35
2011.09.14 09:08:24.269,0.62911,0.62937,1.50,2.10
2011.09.14 09:08:26.700,0.62908,0.62936,2.25,1.50
2011.09.14 09:08:26.823,0.62907,0.62933,1.50,1.50
2011.09.14 09:08:28.009,0.62908,0.62937,1.50,1.50
2011.09.14 09:08:28.361,0.6291,0.62938,1.50,1.50
2011.09.14 09:08:29.565,0.62907,0.62935,2.25,1.50
2011.09.14 09:08:29.686,0.62906,0.62934,1.50,1.50
2011.09.14 09:08:30.748,0.62903,0.62931,2.25,1.50
2011.09.14 09:08:30.869,0.62901,0.62929,1.50,1.50
2011.09.14 09:08:30.987,0.62901,0.62922,1.50,2.25
2011.09.14 09:08:31.443,0.62899,0.62922,2.25,3.00
2011.09.14 09:08:31.778,0.62894,0.62922,1.50,3.00
2011.09.14 09:08:31.898,0.62892,0.6292,1.50,1.50
2011.09.14 09:08:32.238,0.62889,0.62915,1.50,1.50
2011.09.14 09:08:33.187,0.62889,0.62918,1.50,1.50
2011.09.14 09:08:33.306,0.62892,0.6292,1.50,1.50
2011.09.14 09:08:39.807,0.62888,0.62918,3.00,1.50
2011.09.14 09:08:40.150,0.62888,0.62912,3.38,3.00
2011.09.14 09:08:40.490,0.62884,0.62912,3.00,3.75
2011.09.14 09:08:41.145,0.62881,0.6291,2.10,1.50
2011.09.14 09:08:41.265,0.62881,0.62907,2.10,1.50
2011.09.14 09:08:41.832,0.62884,0.62912,1.50,1.50
2011.09.14 09:08:42.280,0.62881,0.62907,1.50,1.50
2011.09.14 09:08:44.621,0.62877,0.62905,2.25,1.50
2011.09.14 09:08:44.743,0.62874,0.629,2.25,1.50
2011.09.14 09:08:44.973,0.62869,0.62895,1.50,1.50
2011.09.14 09:08:45.533,0.62865,0.62891,1.50,1.50
2011.09.14 09:08:46.011,0.62865,0.62891,1.50,1.50
2011.09.14 09:08:46.463,0.62869,0.62893,1.50,2.25
2011.09.14 09:08:46.799,0.62873,0.62899,1.50,1.50
2011.09.14 09:08:47.341,0.62876,0.62901,1.50,1.50
2011.09.14 09:08:48.509,0.62881,0.62901,1.50,1.50
2011.09.14 09:08:48.630,0.62887,0.62913,1.50,1.50
2011.09.14 09:08:49.688,0.62882,0.6291,1.50,1.50
2011.09.14 09:08:50.578,0.62878,0.62906,1.50,1.50
2011.09.14 09:08:50.810,0.62875,0.62901,1.50,1.50
2011.09.14 09:08:51.829,0.62879,0.62905,1.50,1.50
2011.09.14 09:08:53.427,0.62875,0.62901,1.50,1.50
2011.09.14 09:08:54.621,0.62879,0.62907,1.50,1.50
2011.09.14 09:08:58.153,0.62884,0.6291,1.50,1.50
2011.09.14 09:09:00.228,0.62888,0.62914,1.50,1.50
2011.09.14 09:09:00.569,0.62884,0.62913,1.50,1.50
2011.09.14 09:09:00.689,0.62884,0.6291,1.50,1.50
2011.09.14 09:09:02.340,0.62878,0.62906,1.50,3.00
2011.09.14 09:09:02.456,0.62876,0.62902,1.50,1.50
2011.09.14 09:09:03.612,0.62879,0.62907,1.50,1.50
2011.09.14 09:09:05.869,0.62885,0.62911,1.50,1.50
2011.09.14 09:09:06.651,0.6288,0.6291,3.00,1.50
2011.09.14 09:09:06.989,0.6288,0.62908,1.50,1.50
2011.09.14 09:09:07.338,0.62884,0.62912,1.50,3.00
2011.09.14 09:09:08.226,0.62881,0.62909,3.00,1.50
2011.09.14 09:09:08.346,0.62881,0.62907,1.50,1.50
2011.09.14 09:09:17.557,0.62884,0.62911,1.50,2.25
2011.09.14 09:09:24.079,0.62885,0.62911,2.25,1.50
2011.09.14 09:09:24.205,0.62888,0.62916,1.50,1.50
2011.09.14 09:09:24.959,0.62888,0.62913,1.50,1.50
2011.09.14 09:09:25.082,0.62881,0.62902,1.50,3.00
2011.09.14 09:09:25.310,0.62881,0.62907,1.50,2.25
2011.09.14 09:09:25.430,0.62881,0.62907,1.50,1.50
2011.09.14 09:09:25.658,0.62881,0.62902,1.50,2.25
2011.09.14 09:09:25.887,0.62881,0.62907,1.50,2.25
2011.09.14 09:09:27.390,0.62885,0.62913,1.50,1.50
2011.09.14 09:09:28.827,0.62883,0.62912,1.50,3.00
2011.09.14 09:09:29.238,0.62882,0.62908,1.50,1.50
2011.09.14 09:09:30.217,0.62885,0.62912,1.50,3.00
2011.09.14 09:09:30.559,0.62882,0.62908,1.50,1.50
2011.09.14 09:09:31.932,0.62877,0.62903,1.50,1.50
2011.09.14 09:09:35.548,0.62873,0.62899,1.50,1.50
2011.09.14 09:09:38.798,0.6288,0.62905,1.50,1.50
2011.09.14 09:09:38.917,0.62888,0.6291,2.25,1.50
2011.09.14 09:09:40.041,0.62888,0.62912,3.38,3.00
2011.09.14 09:09:45.925,0.62888,0.62912,3.00,3.75
2011.09.14 09:09:46.158,0.62884,0.62896,1.50,1.58
2011.09.14 09:09:46.498,0.6287,0.62895,1.50,1.73
2011.09.14 09:09:46.836,0.62866,0.62894,1.50,2.10
2011.09.14 09:09:48.525,0.62867,0.62895,3.00,1.50
2011.09.14 09:09:48.748,0.62867,0.62893,1.50,1.50
2011.09.14 09:09:53.486,0.62867,0.62891,1.50,1.50
2011.09.14 09:09:54.045,0.62867,0.62892,1.50,1.35
2011.09.14 09:09:55.080,0.62867,0.62893,1.50,1.35
2011.09.14 09:09:55.701,0.62871,0.62897,1.50,1.50
2011.09.14 09:09:55.928,0.62885,0.62902,1.50,1.50
2011.09.14 09:09:56.158,0.62885,0.6291,1.50,2.10
2011.09.14 09:09:56.717,0.62885,0.62906,1.50,1.50
2011.09.14 09:09:56.839,0.62885,0.62911,1.50,1.50
2011.09.14 09:09:56.959,0.62889,0.62916,1.50,1.50
2011.09.14 09:09:57.787,0.6289,0.62918,2.25,1.50
2011.09.14 09:09:58.019,0.62897,0.62923,1.50,1.50
2011.09.14 09:09:58.360,0.62893,0.62921,1.50,1.50
2011.09.14 09:10:01.958,0.62895,0.62925,1.50,3.00
2011.09.14 09:10:02.292,0.62897,0.62923,1.50,3.00
2011.09.14 09:10:04.376,0.62893,0.62921,1.50,1.50
2011.09.14 09:10:05.160,0.62893,0.62918,1.50,1.50
2011.09.14 09:10:05.407,0.62883,0.62903,3.00,2.25
2011.09.14 09:10:05.749,0.62887,0.62913,1.50,1.50
2011.09.14 09:10:05.868,0.62888,0.62918,1.50,3.00
2011.09.14 09:10:06.291,0.6289,0.62918,1.50,1.50
2011.09.14 09:10:09.024,0.62886,0.62914,1.50,1.50
2011.09.14 09:10:10.092,0.62883,0.62911,2.25,1.50
2011.09.14 09:10:10.209,0.62882,0.6291,1.50,1.50
2011.09.14 09:10:18.158,0.62886,0.62914,1.50,1.50
2011.09.14 09:10:19.642,0.6289,0.62915,1.88,1.13
2011.09.14 09:10:19.977,0.6289,0.62912,1.50,2.25
2011.09.14 09:10:21.260,0.62884,0.62901,2.25,1.13
2011.09.14 09:10:21.377,0.62882,0.62903,1.50,2.63
2011.09.14 09:10:21.498,0.62882,0.62903,1.88,2.25
2011.09.14 09:10:21.617,0.62885,0.62906,1.50,1.50
2011.09.14 09:10:21.847,0.62885,0.62911,1.50,1.13
2011.09.14 09:10:23.151,0.62883,0.62907,1.50,3.60
2011.09.14 09:10:23.275,0.62877,0.62902,3.75,1.13
2011.09.14 09:10:24.640,0.6288,0.62903,1.13,3.00
2011.09.14 09:10:24.867,0.62883,0.62906,1.13,1.50
2011.09.14 09:10:24.987,0.62885,0.62907,1.50,1.13
2011.09.14 09:10:25.578,0.62887,0.62911,1.50,1.73
2011.09.14 09:10:26.344,0.62887,0.62912,1.50,2.25
2011.09.14 09:10:26.898,0.62887,0.62912,1.50,3.00
2011.09.14 09:10:30.430,0.62887,0.62912,1.50,3.75
2011.09.14 09:10:30.766,0.62879,0.62903,1.50,3.38
2011.09.14 09:10:31.329,0.62881,0.62902,1.73,2.25
2011.09.14 09:10:32.078,0.62881,0.62905,1.35,1.50
2011.09.14 09:10:32.198,0.62882,0.6291,1.50,2.10
2011.09.14 09:10:34.309,0.62884,0.62913,1.50,3.75
2011.09.14 09:10:34.834,0.62887,0.62913,1.50,3.75
2011.09.14 09:10:34.970,0.62891,0.62917,1.50,1.50
2011.09.14 09:10:35.640,0.62895,0.62921,1.50,3.00
2011.09.14 09:10:41.128,0.6289,0.6292,3.00,1.50
2011.09.14 09:10:41.500,0.6289,0.62918,1.50,1.50
2011.09.14 09:10:42.580,0.62895,0.62921,1.50,1.50
2011.09.14 09:10:44.241,0.62891,0.62916,2.25,1.50
2011.09.14 09:10:44.358,0.62889,0.62911,1.50,1.13
2011.09.14 09:10:44.478,0.62886,0.62911,1.50,1.13
2011.09.14 09:10:44.598,0.62884,0.6291,1.13,1.13
2011.09.14 09:10:44.716,0.62882,0.62908,1.13,1.50
2011.09.14 09:10:46.863,0.62895,0.62912,2.10,1.50
2011.09.14 09:10:46.979,0.6289,0.62912,1.13,1.50
2011.09.14 09:10:47.208,0.62892,0.62917,1.50,2.10
2011.09.14 09:10:47.438,0.62892,0.6292,1.50,1.50
2011.09.14 09:10:47.777,0.62894,0.62922,1.50,1.35
2011.09.14 09:10:47.896,0.62896,0.62924,1.50,1.50
2011.09.14 09:10:50.167,0.62892,0.6292,1.50,1.50
2011.09.14 09:10:50.396,0.62897,0.62923,1.50,1.50
2011.09.14 09:10:51.948,0.62901,0.62926,1.50,2.25
2011.09.14 09:10:55.126,0.62897,0.62925,3.00,1.50
2011.09.14 09:10:55.246,0.62897,0.62923,1.50,1.50
2011.09.14 09:10:58.580,0.62894,0.62919,2.25,1.50
2011.09.14 09:10:59.466,0.62895,0.62919,1.13,1.50
2011.09.14 09:11:00.246,0.62898,0.62923,1.13,3.00
2011.09.14 09:11:09.846,0.62898,0.62923,1.13,3.38
2011.09.14 09:11:11.669,0.62898,0.62923,1.13,3.00
2011.09.14 09:11:12.266,0.62897,0.62922,3.00,2.25
2011.09.14 09:11:12.866,0.62897,0.62921,3.00,1.50
2011.09.14 09:11:13.207,0.62892,0.62916,2.25,1.13
2011.09.14 09:11:13.326,0.6289,0.62913,1.13,2.25
2011.09.14 09:11:13.447,0.6289,0.62912,1.13,2.25
2011.09.14 09:11:13.678,0.62887,0.62912,1.13,3.75
2011.09.14 09:11:13.798,0.62884,0.62911,1.50,2.25
2011.09.14 09:11:15.777,0.62887,0.62912,1.50,4.50
2011.09.14 09:11:15.898,0.62889,0.62911,1.50,1.50
2011.09.14 09:11:16.129,0.62889,0.62915,1.50,1.50
2011.09.14 09:11:16.247,0.62889,0.62912,1.50,2.25
2011.09.14 09:11:19.760,0.62885,0.62912,1.50,3.00
2011.09.14 09:11:20.423,0.62881,0.62907,1.50,1.35
2011.09.14 09:11:20.758,0.62877,0.62892,1.50,2.25
2011.09.14 09:11:20.876,0.62873,0.62892,1.50,2.25
2011.09.14 09:11:21.217,0.62868,0.62893,1.50,2.25
2011.09.14 09:11:21.559,0.62865,0.62891,1.50,1.50
2011.09.14 09:11:21.898,0.62868,0.62896,1.50,1.50
2011.09.14 09:11:23.154,0.62866,0.62896,1.50,3.00
2011.09.14 09:11:23.269,0.62865,0.62891,1.50,1.50
2011.09.14 09:11:31.819,0.62865,0.62894,1.50,1.50
2011.09.14 09:11:31.937,0.62869,0.62895,1.50,1.50
2011.09.14 09:11:32.717,0.62869,0.62892,1.50,2.25
2011.09.14 09:11:33.059,0.62862,0.6289,1.50,1.50
2011.09.14 09:11:34.055,0.62864,0.62892,2.25,3.75
2011.09.14 09:11:34.167,0.62868,0.62895,3.00,1.50
2011.09.14 09:11:35.127,0.62865,0.62895,1.50,3.00
2011.09.14 09:11:35.247,0.62864,0.6289,1.50,1.50
2011.09.14 09:11:39.018,0.62864,0.62884,1.50,1.35
2011.09.14 09:11:39.138,0.62858,0.62884,1.50,2.10
2011.09.14 09:11:39.258,0.62857,0.62884,1.50,2.10
2011.09.14 09:11:40.113,0.62851,0.62879,2.25,1.50
2011.09.14 09:11:40.228,0.6285,0.62878,1.50,1.50
2011.09.14 09:11:41.010,0.62855,0.62881,1.50,1.50
2011.09.14 09:11:42.238,0.62853,0.62875,1.50,1.13
2011.09.14 09:11:42.618,0.6285,0.62873,1.50,2.63
2011.09.14 09:11:42.743,0.62846,0.62872,1.50,3.98
2011.09.14 09:11:43.186,0.62846,0.62873,1.50,3.00
2011.09.14 09:11:43.534,0.62851,0.62879,1.50,1.50
2011.09.14 09:11:44.091,0.62848,0.62877,1.50,1.50
2011.09.14 09:11:44.208,0.62848,0.62874,1.50,1.50
2011.09.14 09:11:47.089,0.62848,0.62877,1.50,1.50
2011.09.14 09:11:47.554,0.62847,0.62875,3.00,1.13
2011.09.14 09:11:47.671,0.62847,0.62872,1.50,1.13
2011.09.14 09:11:48.229,0.62847,0.62875,1.50,1.50
2011.09.14 09:11:48.571,0.62851,0.62877,1.50,2.25
2011.09.14 09:11:48.910,0.62856,0.62882,1.50,3.75
2011.09.14 09:11:54.742,0.62856,0.6288,1.50,1.50
2011.09.14 09:11:54.858,0.62856,0.62882,1.50,5.25
2011.09.14 09:11:57.897,0.62852,0.62879,2.25,2.25
2011.09.14 09:11:58.017,0.62848,0.6287,3.00,1.73
2011.09.14 09:11:58.138,0.62845,0.62863,1.50,2.25
2011.09.14 09:11:58.369,0.62848,0.62873,5.10,1.50
2011.09.14 09:11:58.733,0.62851,0.62877,1.50,3.00
2011.09.14 09:11:59.869,0.62854,0.62881,1.50,2.25
2011.09.14 09:12:00.318,0.62851,0.6288,1.50,1.50
2011.09.14 09:12:00.438,0.62851,0.62877,1.50,1.50
2011.09.14 09:12:01.190,0.62854,0.62882,1.50,5.25
2011.09.14 09:12:03.859,0.62859,0.62882,1.50,2.25
2011.09.14 09:12:04.314,0.62859,0.62888,1.50,1.50
2011.09.14 09:12:04.431,0.62863,0.62889,1.50,1.50
2011.09.14 09:12:04.550,0.62865,0.62893,2.25,1.50
2011.09.14 09:12:04.668,0.6287,0.62895,1.50,1.50
2011.09.14 09:12:04.789,0.6287,0.62896,1.50,1.50
2011.09.14 09:12:10.129,0.62873,0.62901,1.50,3.00
2011.09.14 09:12:10.798,0.62875,0.62905,1.50,2.25
2011.09.14 09:12:10.917,0.62878,0.62906,1.50,1.50
2011.09.14 09:12:25.729,0.62871,0.62897,1.50,1.50
2011.09.14 09:12:26.067,0.62866,0.62893,1.50,3.00
2011.09.14 09:12:27.332,0.6287,0.629,3.00,1.50
2011.09.14 09:12:27.448,0.62874,0.62902,1.50,3.00
2011.09.14 09:12:27.980,0.62871,0.62897,1.50,1.50
2011.09.14 09:12:30.199,0.62867,0.62893,1.50,1.50
2011.09.14 09:12:35.840,0.62862,0.6289,1.50,1.50
2011.09.14 09:12:36.513,0.62862,0.62887,1.50,1.50
2011.09.14 09:12:36.635,0.62859,0.62884,2.25,1.50
2011.09.14 09:12:37.189,0.62858,0.62886,1.50,1.50
2011.09.14 09:12:39.508,0.62855,0.62884,1.50,1.50
2011.09.14 09:12:39.629,0.62855,0.62881,1.50,1.50
2011.09.14 09:12:44.356,0.6286,0.62886,1.50,3.00
2011.09.14 09:12:50.001,0.6286,0.62882,1.50,1.35
2011.09.14 09:12:50.118,0.62852,0.62872,1.50,2.63
2011.09.14 09:12:50.349,0.62849,0.62872,1.50,2.63
2011.09.14 09:12:52.333,0.62853,0.62881,1.50,1.50
2011.09.14 09:12:54.300,0.62858,0.62884,1.50,1.50
2011.09.14 09:13:01.438,0.62852,0.6288,1.50,1.50
2011.09.14 09:13:01.777,0.62849,0.62875,1.50,1.50
2011.09.14 09:13:04.220,0.62852,0.6288,1.50,1.50
2011.09.14 09:13:07.890,0.62848,0.62876,1.50,1.50
2011.09.14 09:13:08.562,0.62848,0.62874,1.50,1.50
2011.09.14 09:13:10.248,0.62848,0.62876,1.50,1.50
2011.09.14 09:13:13.581,0.62853,0.62879,1.50,1.50
2011.09.14 09:13:27.472,0.62849,0.62875,1.50,1.50
2011.09.14 09:13:28.801,0.62851,0.62879,1.50,3.00
2011.09.14 09:13:28.922,0.62853,0.62879,1.50,1.50
2011.09.14 09:13:29.040,0.62859,0.62882,1.50,1.50
2011.09.14 09:13:29.380,0.62861,0.62883,1.50,2.25
2011.09.14 09:13:31.457,0.62861,0.62876,1.50,1.13
2011.09.14 09:13:31.687,0.62855,0.62872,1.50,2.25
2011.09.14 09:13:32.389,0.62849,0.62872,1.50,2.25
2011.09.14 09:13:32.728,0.62855,0.62872,1.50,2.25
2011.09.14 09:13:32.848,0.62856,0.62877,1.13,1.50
2011.09.14 09:13:33.079,0.6286,0.62877,1.13,1.50
2011.09.14 09:13:33.200,0.62864,0.6289,1.50,1.50
2011.09.14 09:13:33.431,0.6287,0.62892,1.50,1.50
2011.09.14 09:13:33.988,0.6287,0.62893,1.50,2.25
2011.09.14 09:13:37.318,0.62866,0.62892,1.50,1.50
2011.09.14 09:13:37.438,0.62866,0.6289,1.50,2.10
2011.09.14 09:13:37.667,0.62861,0.62886,1.50,1.35
2011.09.14 09:13:37.900,0.62858,0.62884,1.50,1.50
2011.09.14 09:13:44.857,0.62854,0.62879,1.50,1.50
2011.09.14 09:13:45.417,0.62854,0.6288,1.50,1.50
2011.09.14 09:13:45.760,0.62858,0.62884,1.50,1.50
2011.09.14 09:13:48.509,0.62854,0.6288,2.25,1.35
2011.09.14 09:13:48.629,0.6285,0.62873,1.50,2.63
2011.09.14 09:13:54.205,0.62852,0.62872,1.13,1.50
2011.09.14 09:13:54.329,0.62854,0.62872,1.50,1.50
2011.09.14 09:13:54.450,0.62854,0.6288,1.50,1.50
2011.09.14 09:13:55.539,0.62857,0.62885,1.50,1.50
2011.09.14 09:14:37.567,0.62856,0.62882,1.50,1.50
2011.09.14 09:14:38.105,0.62853,0.62881,1.50,1.50
2011.09.14 09:14:45.610,0.6285,0.62876,1.50,1.50
2011.09.14 09:14:46.387,0.62851,0.6288,1.50,1.50
2011.09.14 09:14:46.881,0.62854,0.6288,1.50,1.50
2011.09.14 09:14:47.108,0.62855,0.62884,1.50,1.50
2011.09.14 09:14:47.226,0.62858,0.62884,1.50,1.50
2011.09.14 09:14:57.000,0.62853,0.62881,1.50,1.50
2011.09.14 09:14:58.068,0.6285,0.62876,1.50,1.50
2011.09.14 09:15:15.480,0.62854,0.6288,1.50,1.50
2011.09.14 09:15:28.729,0.6285,0.62878,3.00,1.50
2011.09.14 09:15:29.215,0.6285,0.62876,1.50,1.50
2011.09.14 09:15:30.433,0.62851,0.62876,1.50,1.50
2011.09.14 09:15:30.550,0.62858,0.6288,3.75,1.50
2011.09.14 09:15:30.778,0.62859,0.62884,2.25,1.50
2011.09.14 09:15:31.007,0.62859,0.62884,1.50,1.50
2011.09.14 09:15:31.346,0.62852,0.62877,2.25,2.25
2011.09.14 09:15:31.924,0.6284,0.62866,1.50,1.35
2011.09.14 09:15:32.258,0.62835,0.62862,1.50,3.00
2011.09.14 09:15:32.597,0.62832,0.62858,1.50,1.50
2011.09.14 09:15:37.869,0.62828,0.62854,1.50,1.50
2011.09.14 09:15:43.949,0.6283,0.62858,1.50,2.25
2011.09.14 09:15:44.068,0.62831,0.62859,1.50,1.50
2011.09.14 09:15:44.409,0.62838,0.62862,1.50,3.00
2011.09.14 09:15:45.599,0.62839,0.62867,1.50,1.50
2011.09.14 09:15:49.827,0.62839,0.62862,1.50,2.25
2011.09.14 09:15:51.002,0.62839,0.62867,1.50,1.50
2011.09.14 09:15:51.343,0.62843,0.62871,1.50,1.50
2011.09.14 09:16:09.180,0.62841,0.62871,1.50,3.00
2011.09.14 09:16:09.552,0.6284,0.62866,1.50,1.50
2011.09.14 09:16:12.072,0.62844,0.6287,1.50,1.50
2011.09.14 09:16:17.749,0.6284,0.62866,1.50,1.50
2011.09.14 09:16:22.979,0.62836,0.62862,1.50,1.50
2011.09.14 09:16:23.652,0.62839,0.62867,1.50,1.50
2011.09.14 09:16:32.396,0.62858,0.62867,2.25,1.50
2011.09.14 09:16:32.518,0.62858,0.62871,2.25,1.50
2011.09.14 09:16:32.639,0.62858,0.62873,2.25,1.50
2011.09.14 09:16:32.759,0.62858,0.62873,2.25,1.50
2011.09.14 09:16:32.877,0.62849,0.62869,1.50,1.50
2011.09.14 09:16:32.999,0.62844,0.62869,2.85,1.50
2011.09.14 09:16:33.509,0.62838,0.62866,3.60,1.50
2011.09.14 09:16:33.848,0.62839,0.62865,1.50,2.25
2011.09.14 09:16:34.541,0.62835,0.6286,2.85,1.50
2011.09.14 09:16:36.033,0.62838,0.62865,1.35,1.50
2011.09.14 09:16:39.262,0.6284,0.62865,1.88,1.50
2011.09.14 09:16:39.376,0.62841,0.62866,1.13,1.50
2011.09.14 09:16:39.827,0.6284,0.62868,2.25,3.00
2011.09.14 09:16:39.952,0.62838,0.62865,4.50,1.50
2011.09.14 09:16:41.073,0.6284,0.62865,1.13,1.50
2011.09.14 09:16:41.189,0.62841,0.62866,1.13,1.50
2011.09.14 09:16:41.729,0.62844,0.62868,1.13,1.50
2011.09.14 09:16:52.296,0.62842,0.62868,1.50,2.10
2011.09.14 09:16:52.643,0.62839,0.62865,2.25,1.50
2011.09.14 09:16:56.814,0.62843,0.62869,1.13,1.88
2011.09.14 09:17:07.559,0.62843,0.62869,1.13,1.50
2011.09.14 09:17:11.571,0.62842,0.62869,1.88,1.88
2011.09.14 09:17:12.800,0.62846,0.62872,1.13,1.13
2011.09.14 09:17:12.922,0.62848,0.62872,3.75,2.63
2011.09.14 09:17:13.039,0.62844,0.6287,1.50,1.88
2011.09.14 09:17:13.159,0.62847,0.6287,2.25,1.50
2011.09.14 09:17:15.350,0.62845,0.6287,1.13,1.88
2011.09.14 09:17:17.347,0.62847,0.6287,2.25,1.50
2011.09.14 09:17:17.901,0.62844,0.6287,1.88,1.50
2011.09.14 09:17:18.022,0.62848,0.6287,2.25,1.50
2011.09.14 09:17:18.587,0.62848,0.6287,2.63,1.50
2011.09.14 09:17:18.709,0.62849,0.62872,1.50,2.63
2011.09.14 09:17:18.830,0.62848,0.62871,2.25,1.88
2011.09.14 09:17:19.500,0.62847,0.62871,1.13,1.88
2011.09.14 09:17:20.132,0.6285,0.62873,1.13,2.25
2011.09.14 09:17:21.398,0.6285,0.62873,1.13,2.25
2011.09.14 09:17:21.960,0.6285,0.62876,1.13,1.50
2011.09.14 09:17:24.728,0.62853,0.62876,2.85,1.50
2011.09.14 09:17:24.957,0.62858,0.62878,2.63,1.50
2011.09.14 09:17:25.078,0.62858,0.6288,2.63,1.50
2011.09.14 09:17:25.419,0.62858,0.62878,2.25,1.13
2011.09.14 09:17:25.649,0.62852,0.62876,1.73,1.13
2011.09.14 09:17:26.981,0.62864,0.62881,1.13,1.35
2011.09.14 09:17:27.427,0.62868,0.62885,2.25,1.50
2011.09.14 09:17:27.854,0.62868,0.62888,2.63,1.50
2011.09.14 09:17:27.973,0.62864,0.62887,1.35,2.25
2011.09.14 09:17:28.089,0.62859,0.62883,1.50,1.50
2011.09.14 09:17:28.317,0.62858,0.62884,1.35,1.50
2011.09.14 09:17:28.876,0.6286,0.62886,1.50,1.50
2011.09.14 09:17:29.729,0.6286,0.62888,3.00,1.50
2011.09.14 09:17:29.847,0.62864,0.6289,1.50,1.50
2011.09.14 09:17:30.409,0.62862,0.6289,1.50,3.00
2011.09.14 09:17:30.526,0.6286,0.62886,1.50,1.50
2011.09.14 09:17:31.781,0.62863,0.62891,1.50,1.50
2011.09.14 09:17:37.749,0.62863,0.62888,1.50,1.50
2011.09.14 09:17:38.542,0.6286,0.62883,1.50,2.63
2011.09.14 09:17:39.519,0.62868,0.62886,2.10,1.50
2011.09.14 09:17:40.030,0.62878,0.62891,2.25,2.85
2011.09.14 09:17:40.169,0.62861,0.62883,1.50,2.25
2011.09.14 09:17:40.291,0.62861,0.62887,1.50,1.50
2011.09.14 09:17:40.738,0.62863,0.62891,1.50,4.20
2011.09.14 09:17:40.858,0.62865,0.62891,1.50,2.70
2011.09.14 09:17:41.087,0.62868,0.62891,1.50,1.20
2011.09.14 09:17:44.091,0.62868,0.62892,1.50,2.25
2011.09.14 09:17:47.106,0.62865,0.62891,1.50,1.50
2011.09.14 09:17:50.970,0.62869,0.62892,1.50,3.23
2011.09.14 09:17:51.640,0.62869,0.62892,1.50,2.63
2011.09.14 09:17:51.978,0.62869,0.62883,1.50,2.25
2011.09.14 09:17:52.099,0.62869,0.62892,1.50,3.23
2011.09.14 09:17:52.658,0.62869,0.62892,1.50,2.63
2011.09.14 09:17:53.618,0.62869,0.62892,1.50,2.25
2011.09.14 09:17:53.847,0.62869,0.62892,3.00,2.25
2011.09.14 09:17:56.788,0.62873,0.62892,1.50,2.63
2011.09.14 09:17:57.957,0.62873,0.62892,1.50,2.25
2011.09.14 09:17:59.972,0.62877,0.62901,1.50,2.10
2011.09.14 09:18:00.197,0.62872,0.62892,1.50,2.25
2011.09.14 09:18:00.321,0.62872,0.62898,1.50,1.13
2011.09.14 09:18:00.436,0.62872,0.62892,1.50,2.25
2011.09.14 09:18:02.418,0.62879,0.62892,1.50,2.25
2011.09.14 09:18:02.648,0.62879,0.62902,1.50,1.88
2011.09.14 09:18:02.767,0.62879,0.62902,1.50,2.63
2011.09.14 09:18:07.643,0.62879,0.62902,1.50,2.63
2011.09.14 09:18:09.397,0.62882,0.62902,1.50,2.63
2011.09.14 09:18:09.519,0.62882,0.62906,1.50,3.23
2011.09.14 09:18:10.080,0.62895,0.62913,1.50,3.00
2011.09.14 09:18:10.199,0.62895,0.62921,1.50,2.25
2011.09.14 09:18:10.538,0.629,0.62921,1.50,1.50
2011.09.14 09:18:10.657,0.629,0.62923,1.50,2.25
2011.09.14 09:18:10.997,0.62895,0.62923,1.50,3.75
2011.09.14 09:18:18.238,0.62899,0.62922,1.50,2.25
2011.09.14 09:18:20.067,0.62895,0.62922,3.00,3.00
2011.09.14 09:18:20.187,0.62895,0.62921,1.50,1.50
2011.09.14 09:18:39.230,0.62895,0.62919,1.50,1.35
2011.09.14 09:18:39.349,0.6289,0.62917,1.50,1.35
2011.09.14 09:18:39.469,0.62887,0.62915,1.50,2.25
2011.09.14 09:18:39.587,0.62885,0.62911,1.50,1.50
2011.09.14 09:18:43.809,0.62882,0.62911,1.50,1.50
2011.09.14 09:18:44.069,0.62878,0.62903,1.50,1.50
2011.09.14 09:18:50.869,0.6288,0.62905,1.50,1.50
2011.09.14 09:18:54.508,0.62877,0.62902,1.50,1.50
2011.09.14 09:18:58.761,0.62879,0.62907,3.00,2.25
2011.09.14 09:18:58.882,0.62883,0.62906,1.50,1.50
2011.09.14 09:18:58.998,0.62881,0.62906,1.50,1.50
2011.09.14 09:19:03.489,0.62877,0.62903,1.50,1.50
2011.09.14 09:19:05.899,0.62873,0.62899,1.50,1.50
2011.09.14 09:19:06.899,0.62876,0.62902,1.50,1.50
2011.09.14 09:19:07.890,0.62876,0.62902,1.50,1.50
2011.09.14 09:19:12.098,0.62872,0.62897,1.50,1.50
2011.09.14 09:19:12.450,0.62868,0.62896,1.50,1.50
2011.09.14 09:19:12.691,0.62868,0.62893,1.50,2.63
2011.09.14 09:19:13.252,0.62865,0.62891,1.50,1.50
2011.09.14 09:19:16.551,0.62867,0.62892,1.50,3.00
2011.09.14 09:19:16.888,0.62869,0.62892,1.50,2.25
2011.09.14 09:19:17.468,0.62869,0.62893,1.88,2.25
2011.09.14 09:19:17.808,0.62874,0.62893,1.50,2.25
2011.09.14 09:19:21.918,0.62874,0.62899,1.50,1.73
2011.09.14 09:19:22.488,0.62874,0.62899,1.50,1.73
2011.09.14 09:19:24.301,0.62877,0.62899,2.25,1.73
2011.09.14 09:19:24.993,0.62878,0.62902,1.50,4.95
2011.09.14 09:19:27.337,0.62888,0.62907,3.00,1.50
2011.09.14 09:19:27.460,0.62892,0.62917,1.35,3.60
2011.09.14 09:19:27.581,0.62896,0.62917,1.50,1.50
2011.09.14 09:19:27.919,0.62901,0.62921,1.50,2.10
2011.09.14 09:19:29.790,0.62901,0.62927,1.50,1.50
2011.09.14 09:19:32.194,0.62901,0.62926,1.50,1.50
2011.09.14 09:19:34.368,0.62897,0.62923,1.50,1.50
2011.09.14 09:19:35.792,0.62893,0.62919,1.50,1.50
2011.09.14 09:19:53.931,0.62888,0.62914,1.50,1.50
2011.09.14 09:19:56.368,0.62889,0.62918,1.50,1.50
2011.09.14 09:19:56.487,0.62892,0.62918,1.50,1.50
2011.09.14 09:19:58.533,0.62887,0.6291,2.25,1.50
2011.09.14 09:19:58.870,0.62884,0.62907,1.50,1.50
2011.09.14 09:19:58.995,0.62875,0.62903,1.50,1.50
2011.09.14 09:20:03.239,0.62869,0.62898,1.50,1.50
2011.09.14 09:20:03.361,0.62868,0.62894,2.25,1.50
2011.09.14 09:20:03.928,0.62868,0.62892,1.50,1.50
2011.09.14 09:20:04.051,0.62863,0.62891,1.50,3.00
2011.09.14 09:20:04.172,0.62865,0.62891,1.50,2.25
2011.09.14 09:20:04.290,0.62867,0.62892,1.50,1.50
2011.09.14 09:20:04.520,0.62869,0.62891,1.50,1.50
2011.09.14 09:20:04.640,0.62872,0.629,1.50,1.50
2011.09.14 09:20:15.597,0.62877,0.62903,1.50,3.75
2011.09.14 09:20:17.041,0.62881,0.62907,1.50,1.50
2011.09.14 09:20:22.648,0.62885,0.62911,1.50,2.25
2011.09.14 09:20:28.210,0.62882,0.6291,2.25,1.50
2011.09.14 09:20:28.439,0.62881,0.62909,1.50,1.50
2011.09.14 09:20:31.578,0.62877,0.62905,3.75,1.50
2011.09.14 09:20:31.698,0.62877,0.62907,5.25,1.50
2011.09.14 09:20:31.817,0.62881,0.62909,1.50,1.50
2011.09.14 09:20:32.877,0.62877,0.62905,3.75,1.50
2011.09.14 09:20:35.046,0.62874,0.629,1.50,1.50
2011.09.14 09:20:36.329,0.62877,0.62905,1.50,1.50
2011.09.14 09:20:38.889,0.62874,0.62902,3.00,1.50
2011.09.14 09:20:39.009,0.62874,0.629,1.50,1.50
2011.09.14 09:20:40.757,0.62872,0.629,1.50,3.00
2011.09.14 09:20:40.879,0.6287,0.62896,1.50,1.50
2011.09.14 09:20:46.911,0.62873,0.62901,1.50,1.50
2011.09.14 09:20:51.858,0.6287,0.62897,1.50,1.50
2011.09.14 09:20:52.870,0.62871,0.62901,1.50,3.00
2011.09.14 09:20:53.322,0.62873,0.62901,1.50,1.50
2011.09.14 09:20:53.891,0.6287,0.62896,2.25,1.50
2011.09.14 09:20:54.419,0.6287,0.62899,2.25,1.50
2011.09.14 09:20:54.537,0.62874,0.629,1.50,1.50
2011.09.14 09:20:59.270,0.6287,0.62899,1.50,1.50
2011.09.14 09:20:59.387,0.6287,0.62896,1.50,1.50
2011.09.14 09:21:00.889,0.62872,0.629,1.50,1.50
2011.09.14 09:21:02.062,0.6287,0.62895,1.50,1.50
2011.09.14 09:21:07.728,0.62873,0.62899,1.50,1.50
2011.09.14 09:21:21.157,0.62878,0.62903,3.00,1.50
2011.09.14 09:21:22.039,0.62879,0.62907,1.50,2.25
2011.09.14 09:21:22.269,0.62882,0.6291,1.50,1.50
2011.09.14 09:21:22.720,0.62874,0.62902,1.50,1.50
2011.09.14 09:21:23.259,0.62878,0.62906,1.50,1.50
2011.09.14 09:21:26.929,0.62877,0.62906,3.00,3.00
2011.09.14 09:21:27.513,0.62877,0.62902,2.25,1.50
2011.09.14 09:21:31.978,0.62877,0.62906,3.00,2.25
2011.09.14 09:21:32.097,0.62879,0.62907,1.50,1.50
2011.09.14 09:21:32.999,0.62877,0.62902,3.00,1.50
2011.09.14 09:21:36.208,0.62879,0.62907,1.50,1.50
2011.09.14 09:21:41.652,0.62883,0.62911,1.50,1.50
2011.09.14 09:21:41.879,0.62879,0.62907,1.50,1.50
2011.09.14 09:21:43.621,0.62879,0.62907,3.00,1.50
2011.09.14 09:21:44.570,0.62881,0.62906,1.50,1.50
2011.09.14 09:21:45.129,0.6288,0.62906,1.50,1.50
2011.09.14 09:21:47.859,0.6288,0.6291,3.00,1.50
2011.09.14 09:21:47.979,0.62885,0.62911,1.50,1.50
2011.09.14 09:21:51.479,0.62881,0.62907,1.50,1.50
2011.09.14 09:21:53.140,0.62884,0.62912,1.50,1.50
2011.09.14 09:21:58.440,0.62888,0.62916,1.50,1.50
2011.09.14 09:21:59.239,0.62885,0.62911,1.50,1.50
2011.09.14 09:21:59.581,0.62881,0.62907,1.50,1.50
2011.09.14 09:22:02.150,0.62877,0.62903,3.75,1.50
2011.09.14 09:22:10.052,0.62874,0.629,2.25,1.50
2011.09.14 09:22:10.388,0.62874,0.629,1.50,1.50
2011.09.14 09:22:10.510,0.62872,0.629,1.50,1.50
2011.09.14 09:22:11.957,0.62874,0.62904,1.50,3.00
2011.09.14 09:22:12.297,0.62876,0.62904,1.50,1.50
2011.09.14 09:22:13.251,0.62872,0.629,1.50,1.50
2011.09.14 09:22:14.071,0.62874,0.62903,1.50,1.50
2011.09.14 09:22:14.187,0.62877,0.62903,1.50,1.50
2011.09.14 09:22:14.642,0.62875,0.62903,1.50,3.00
2011.09.14 09:22:14.761,0.62871,0.62899,1.50,2.25
2011.09.14 09:22:15.313,0.62868,0.62896,3.75,1.50
2011.09.14 09:22:17.188,0.62867,0.62891,3.38,1.50
2011.09.14 09:22:19.969,0.62867,0.6289,3.00,1.13
2011.09.14 09:22:21.638,0.62867,0.62889,3.00,1.13
2011.09.14 09:22:21.757,0.62867,0.62888,2.25,1.13
2011.09.14 09:22:22.109,0.62853,0.62878,1.50,1.35
2011.09.14 09:22:22.780,0.62851,0.62878,1.50,1.35
2011.09.14 09:22:23.683,0.62848,0.62873,2.25,1.50
2011.09.14 09:22:24.238,0.62843,0.62871,3.75,1.50
2011.09.14 09:22:24.358,0.62843,0.62869,2.25,1.50
2011.09.14 09:22:29.548,0.62846,0.62872,1.50,1.50
2011.09.14 09:22:30.701,0.6285,0.62878,1.50,1.50
2011.09.14 09:22:31.489,0.62847,0.62875,2.25,1.50
2011.09.14 09:22:31.608,0.62846,0.62872,1.50,1.50
2011.09.14 09:22:32.071,0.62847,0.62875,2.25,1.50
2011.09.14 09:22:32.360,0.6285,0.62878,1.50,1.50
2011.09.14 09:22:34.660,0.62847,0.62873,1.50,1.50
2011.09.14 09:22:36.858,0.6285,0.62878,1.50,1.50
2011.09.14 09:22:42.278,0.62845,0.62873,1.50,1.50
2011.09.14 09:22:44.038,0.62846,0.62874,2.25,1.50
2011.09.14 09:22:44.633,0.6285,0.62876,1.50,1.50
2011.09.14 09:22:49.271,0.62854,0.62879,1.50,1.50
2011.09.14 09:22:50.629,0.62848,0.62874,1.50,1.50
2011.09.14 09:22:51.557,0.6285,0.62878,1.50,3.00
2011.09.14 09:22:51.681,0.62852,0.62878,1.50,1.50
2011.09.14 09:22:52.329,0.62847,0.62875,1.50,1.50
2011.09.14 09:23:01.389,0.62853,0.62879,1.50,1.50
2011.09.14 09:23:02.080,0.62846,0.62874,1.50,1.50
2011.09.14 09:23:11.251,0.62864,0.62877,1.13,2.25
2011.09.14 09:23:11.370,0.62867,0.62882,3.00,1.50
2011.09.14 09:23:11.492,0.62867,0.62887,3.00,1.13
2011.09.14 09:23:11.721,0.62856,0.62883,2.25,3.00
2011.09.14 09:23:11.841,0.62851,0.62872,1.50,2.25
2011.09.14 09:23:12.667,0.62855,0.62881,1.50,2.25
2011.09.14 09:23:13.284,0.62864,0.62882,1.13,2.25
2011.09.14 09:23:13.398,0.62867,0.62887,2.25,1.50
2011.09.14 09:23:13.519,0.62862,0.62882,1.50,2.25
2011.09.14 09:23:13.968,0.62859,0.62882,1.50,2.25
2011.09.14 09:23:14.198,0.62863,0.62882,1.13,2.25
2011.09.14 09:23:14.428,0.62868,0.62888,2.25,1.50
2011.09.14 09:23:14.550,0.62868,0.62877,2.25,2.10
2011.09.14 09:23:14.669,0.62859,0.62879,2.25,2.10
2011.09.14 09:23:14.899,0.62854,0.62874,1.50,2.10
2011.09.14 09:23:15.241,0.62854,0.62877,1.50,2.10
2011.09.14 09:23:16.834,0.62845,0.62875,1.50,2.25
2011.09.14 09:23:16.955,0.62844,0.62871,2.85,1.50
2011.09.14 09:23:17.839,0.62845,0.62874,1.50,1.50
2011.09.14 09:23:18.259,0.62848,0.62874,1.50,1.50
2011.09.14 09:23:18.881,0.62844,0.6287,1.50,1.50
2011.09.14 09:23:19.430,0.62858,0.6287,2.10,1.50
2011.09.14 09:23:19.774,0.62863,0.62877,1.35,1.50
2011.09.14 09:23:19.889,0.62869,0.62895,1.50,1.50
2011.09.14 09:23:20.015,0.62874,0.62904,3.00,1.50
2011.09.14 09:23:20.348,0.6288,0.6291,1.50,3.00
2011.09.14 09:23:20.794,0.62872,0.62901,1.50,1.50
2011.09.14 09:23:21.028,0.62875,0.62901,1.50,1.50
2011.09.14 09:23:21.477,0.62877,0.62905,2.25,1.50
2011.09.14 09:23:21.598,0.6288,0.62908,1.50,1.50
2011.09.14 09:23:22.050,0.62881,0.62909,2.25,1.50
2011.09.14 09:23:22.390,0.62883,0.62907,1.50,1.50
2011.09.14 09:23:22.732,0.62898,0.62905,2.25,1.50
2011.09.14 09:23:22.853,0.62888,0.62909,1.50,1.50
2011.09.14 09:23:22.970,0.62888,0.62914,2.25,1.50
2011.09.14 09:23:23.544,0.62883,0.62909,1.50,1.50
2011.09.14 09:23:24.160,0.62886,0.62909,2.10,1.50
2011.09.14 09:23:24.501,0.62897,0.62909,2.25,1.50
2011.09.14 09:23:24.620,0.62889,0.62909,1.50,1.50
2011.09.14 09:23:24.852,0.62883,0.62909,1.35,1.50
2011.09.14 09:23:25.319,0.62881,0.62904,2.10,1.50
2011.09.14 09:23:25.551,0.62879,0.62903,2.25,2.85
2011.09.14 09:23:26.027,0.62878,0.629,1.50,1.35
2011.09.14 09:23:26.159,0.62869,0.62896,2.25,1.50
2011.09.14 09:23:31.540,0.62873,0.62899,1.50,1.50
2011.09.14 09:23:32.050,0.62878,0.62899,2.25,1.50
2011.09.14 09:23:32.179,0.62864,0.6289,1.50,1.50
2011.09.14 09:23:33.170,0.62866,0.6289,1.50,1.50
2011.09.14 09:23:33.289,0.62873,0.62898,1.50,1.50
2011.09.14 09:23:33.412,0.62878,0.62898,2.25,1.50
2011.09.14 09:23:33.862,0.62868,0.62892,2.25,3.00
2011.09.14 09:23:33.980,0.62868,0.62887,1.50,1.50
2011.09.14 09:23:34.100,0.62861,0.62887,2.25,1.50
2011.09.14 09:23:36.283,0.62866,0.6289,1.50,1.50
2011.09.14 09:23:36.401,0.62866,0.62892,1.50,3.75
2011.09.14 09:23:37.290,0.62871,0.62893,1.13,3.00
2011.09.14 09:23:40.038,0.62871,0.62893,1.13,3.75
2011.09.14 09:23:40.379,0.62867,0.6289,4.35,1.50
2011.09.14 09:23:41.033,0.62867,0.62891,3.75,2.10
2011.09.14 09:23:42.738,0.62861,0.62883,3.00,2.25
2011.09.14 09:23:42.858,0.62861,0.62883,1.50,2.25
2011.09.14 09:23:42.978,0.62863,0.62883,1.13,2.25
2011.09.14 09:23:43.098,0.62865,0.6289,1.13,1.13
2011.09.14 09:23:44.270,0.62867,0.62892,1.73,1.50
2011.09.14 09:23:45.484,0.62868,0.62892,4.73,2.25
2011.09.14 09:23:48.200,0.62868,0.62892,1.50,2.25
2011.09.14 09:23:48.931,0.62869,0.62893,1.88,3.23
2011.09.14 09:23:49.598,0.62869,0.62892,1.50,2.25
2011.09.14 09:23:51.443,0.6287,0.62892,1.50,2.25
2011.09.14 09:23:51.780,0.62878,0.62895,2.25,1.50
2011.09.14 09:23:51.900,0.62869,0.62892,1.50,2.25
2011.09.14 09:23:52.811,0.6287,0.62892,1.13,2.25
2011.09.14 09:23:54.407,0.62869,0.62892,1.88,2.25
2011.09.14 09:23:54.529,0.62868,0.6289,2.63,1.50
2011.09.14 09:23:59.172,0.62869,0.62896,1.35,3.00
2011.09.14 09:24:08.419,0.62867,0.62891,2.10,1.50
2011.09.14 09:24:12.232,0.62869,0.62895,2.10,1.50
2011.09.14 09:24:13.801,0.62873,0.62897,1.50,1.35
2011.09.14 09:24:18.389,0.62875,0.62899,1.13,1.50
2011.09.14 09:24:18.733,0.62877,0.62899,2.63,1.50
2011.09.14 09:24:19.305,0.62884,0.62903,1.35,3.00
2011.09.14 09:24:19.393,0.62892,0.62913,1.50,2.25
2011.09.14 09:24:19.510,0.62892,0.62917,1.50,1.50
2011.09.14 09:24:19.743,0.62896,0.62921,1.50,2.25
2011.09.14 09:24:20.499,0.629,0.62926,1.50,1.50
2011.09.14 09:24:23.771,0.62896,0.62922,1.50,1.50
2011.09.14 09:24:29.040,0.6289,0.62916,1.50,1.50
2011.09.14 09:24:34.702,0.62891,0.6292,1.50,1.50
2011.09.14 09:24:34.820,0.62889,0.62917,2.48,1.50
2011.09.14 09:24:39.278,0.62886,0.62911,1.35,1.50
2011.09.14 09:24:40.688,0.62885,0.62911,2.25,1.50
2011.09.14 09:24:40.920,0.62889,0.62912,1.50,2.25
2011.09.14 09:24:41.147,0.62885,0.62912,1.50,3.00
2011.09.14 09:24:41.267,0.62885,0.62911,1.50,1.13
2011.09.14 09:24:41.829,0.62884,0.62908,1.13,1.50
2011.09.14 09:24:44.380,0.62885,0.62911,1.50,1.13
2011.09.14 09:24:44.499,0.62885,0.62912,1.50,3.00
2011.09.14 09:24:45.003,0.6289,0.62912,1.50,2.25
2011.09.14 09:24:48.298,0.62892,0.62912,1.13,2.25
2011.09.14 09:24:48.531,0.6289,0.62913,1.50,2.25
2011.09.14 09:24:49.109,0.62891,0.62916,1.13,1.50
2011.09.14 09:24:50.691,0.62894,0.62919,1.50,1.13
2011.09.14 09:24:55.720,0.62895,0.6292,1.35,1.50
2011.09.14 09:24:55.841,0.62897,0.62925,1.50,1.50
2011.09.14 09:24:55.958,0.62902,0.62927,1.50,1.88
2011.09.14 09:24:56.518,0.62902,0.62929,1.50,1.35
2011.09.14 09:24:57.021,0.62907,0.62932,1.13,3.38
2011.09.14 09:24:57.697,0.6291,0.62932,1.50,2.63
2011.09.14 09:25:00.753,0.62917,0.62942,1.50,1.35
2011.09.14 09:25:00.870,0.62919,0.62943,1.50,2.63
2011.09.14 09:25:01.098,0.62919,0.62947,1.50,3.00
2011.09.14 09:25:01.443,0.62927,0.62953,1.50,3.75
2011.09.14 09:25:02.001,0.6293,0.62958,1.50,1.50
2011.09.14 09:25:02.687,0.62934,0.62962,1.50,1.50
2011.09.14 09:25:06.788,0.62937,0.62965,1.50,3.00
2011.09.14 09:25:06.909,0.62939,0.62965,1.50,1.50
2011.09.14 09:25:09.069,0.62943,0.62969,1.50,1.50
2011.09.14 09:25:10.965,0.62943,0.62971,3.00,1.50
2011.09.14 09:25:11.088,0.62946,0.62974,1.50,1.50
2011.09.14 09:25:12.638,0.62948,0.62976,1.50,1.50
2011.09.14 09:25:13.101,0.62951,0.62977,1.50,1.50
2011.09.14 09:25:19.700,0.62955,0.62981,1.50,1.50
2011.09.14 09:25:20.038,0.6295,0.62978,1.50,1.50
2011.09.14 09:25:24.767,0.62951,0.62979,2.25,1.50
2011.09.14 09:25:25.343,0.62954,0.62981,1.50,2.25
2011.09.14 09:25:26.182,0.62952,0.62979,1.50,1.50
2011.09.14 09:25:26.298,0.62942,0.62961,1.50,1.13
2011.09.14 09:25:26.419,0.62944,0.62952,1.13,2.25
2011.09.14 09:25:26.541,0.62948,0.62966,2.25,1.50
2011.09.14 09:25:26.768,0.62948,0.62973,3.00,1.50
2011.09.14 09:25:26.892,0.62951,0.62977,2.25,2.25
2011.09.14 09:25:27.008,0.62954,0.62982,1.50,3.75
2011.09.14 09:25:31.501,0.62959,0.62982,1.50,2.25
2011.09.14 09:25:32.937,0.6296,0.62982,1.50,2.25
2011.09.14 09:25:33.277,0.62963,0.62982,1.50,2.25
2011.09.14 09:25:34.431,0.62955,0.62982,2.25,3.00
2011.09.14 09:25:34.552,0.62954,0.62979,1.50,1.13
2011.09.14 09:25:34.891,0.62954,0.62972,1.50,2.25
2011.09.14 09:25:38.722,0.62954,0.62979,1.50,1.73
2011.09.14 09:25:40.770,0.62954,0.62982,1.50,5.10
2011.09.14 09:25:41.225,0.62954,0.62982,3.00,3.60
2011.09.14 09:25:42.111,0.62955,0.62981,1.50,1.50
2011.09.14 09:25:45.205,0.6295,0.6298,3.00,1.50
2011.09.14 09:25:45.323,0.6295,0.62976,1.50,1.50
2011.09.14 09:25:49.172,0.62949,0.62975,2.63,2.25
2011.09.14 09:25:49.400,0.62948,0.62971,3.75,1.50
2011.09.14 09:25:50.141,0.62942,0.62966,1.13,1.50
2011.09.14 09:25:50.359,0.62938,0.62956,3.00,1.50
2011.09.14 09:25:51.159,0.62937,0.62957,3.38,1.50
2011.09.14 09:25:51.698,0.62938,0.62957,1.13,1.50
2011.09.14 09:25:52.158,0.6294,0.62957,1.50,1.50
2011.09.14 09:25:52.391,0.62957,0.62972,2.63,1.50
2011.09.14 09:25:52.512,0.62957,0.6297,2.25,1.50
2011.09.14 09:25:52.932,0.62949,0.6297,1.50,1.50
2011.09.14 09:25:53.056,0.62944,0.62964,2.10,1.50
2011.09.14 09:25:53.390,0.62957,0.62978,2.63,1.50
2011.09.14 09:25:53.510,0.62957,0.62967,2.25,1.35
2011.09.14 09:25:53.628,0.62948,0.62967,1.50,1.35
2011.09.14 09:25:53.860,0.6294,0.62965,2.10,1.50
2011.09.14 09:25:54.199,0.62954,0.62972,2.10,2.25
2011.09.14 09:25:54.319,0.62957,0.62978,2.63,1.50
2011.09.14 09:25:54.660,0.62957,0.62979,2.25,1.50
2011.09.14 09:25:54.783,0.62957,0.62972,2.25,1.35
2011.09.14 09:25:54.905,0.62949,0.62972,2.25,3.60
2011.09.14 09:25:55.024,0.62949,0.62971,1.88,1.50
2011.09.14 09:25:55.561,0.62943,0.62971,2.10,2.10
2011.09.14 09:25:55.677,0.62943,0.62969,1.35,1.50
2011.09.14 09:25:56.019,0.62941,0.62966,2.85,1.50
2011.09.14 09:25:57.664,0.62944,0.6297,1.50,1.50
2011.09.14 09:25:57.999,0.62944,0.6297,2.25,1.50
2011.09.14 09:25:58.808,0.62942,0.62972,3.00,1.50
2011.09.14 09:25:58.929,0.62947,0.62973,1.50,3.75
2011.09.14 09:25:59.609,0.62941,0.62969,1.88,1.50
2011.09.14 09:26:01.589,0.62946,0.62972,1.50,1.50
2011.09.14 09:26:15.832,0.62942,0.6297,3.00,1.50
2011.09.14 09:26:15.951,0.62942,0.62968,1.50,1.50
2011.09.14 09:26:20.751,0.62942,0.62967,1.50,1.13
2011.09.14 09:26:20.984,0.62942,0.62967,1.50,1.50
2011.09.14 09:26:21.750,0.62947,0.62973,1.50,3.75
2011.09.14 09:26:22.092,0.62942,0.6297,1.50,1.50
2011.09.14 09:26:23.962,0.62946,0.62974,1.50,1.50
2011.09.14 09:26:24.075,0.62956,0.62982,1.50,1.50
2011.09.14 09:26:24.519,0.62957,0.62987,1.50,3.00
2011.09.14 09:26:24.861,0.62959,0.62987,1.50,1.50
2011.09.14 09:26:25.644,0.62963,0.62987,1.50,1.50
2011.09.14 09:26:25.983,0.62964,0.6299,3.00,1.50
2011.09.14 09:26:29.949,0.62967,0.62995,1.50,1.50
2011.09.14 09:26:31.661,0.62972,0.62998,1.50,1.50
2011.09.14 09:26:36.703,0.62967,0.62995,1.50,1.50
2011.09.14 09:26:37.368,0.62964,0.62991,2.25,1.50
2011.09.14 09:26:38.996,0.62958,0.62983,3.00,1.50
2011.09.14 09:26:39.329,0.62962,0.62987,1.50,1.50
2011.09.14 09:26:42.947,0.62969,0.62986,1.50,1.50
2011.09.14 09:26:43.061,0.62964,0.62984,1.50,1.13
2011.09.14 09:26:43.179,0.62964,0.62975,1.50,1.50
2011.09.14 09:26:43.303,0.62957,0.62975,2.25,1.50
2011.09.14 09:26:43.420,0.62957,0.62975,3.60,1.50
2011.09.14 09:26:43.656,0.62958,0.62981,3.75,1.13
2011.09.14 09:26:44.225,0.62959,0.62983,2.63,3.00
2011.09.14 09:26:44.674,0.62965,0.62989,2.10,1.50
2011.09.14 09:26:45.228,0.62969,0.62989,1.50,1.50
2011.09.14 09:26:46.230,0.62968,0.62989,1.50,1.50
2011.09.14 09:26:46.349,0.62964,0.62989,2.25,1.50
2011.09.14 09:26:46.690,0.62974,0.63001,1.50,2.25
2011.09.14 09:26:47.297,0.62977,0.63002,1.50,1.50
2011.09.14 09:26:47.620,0.62968,0.62991,1.50,1.50
2011.09.14 09:26:47.741,0.62974,0.63002,1.50,3.75
2011.09.14 09:26:48.082,0.62973,0.63001,3.00,2.85
2011.09.14 09:26:48.419,0.62969,0.6299,1.50,1.50
2011.09.14 09:26:48.673,0.62971,0.62999,1.50,1.50
2011.09.14 09:26:48.790,0.62977,0.62999,3.60,1.50
2011.09.14 09:26:49.020,0.62977,0.62995,2.25,1.50
2011.09.14 09:26:49.142,0.62974,0.62997,2.25,1.35
2011.09.14 09:26:49.259,0.62969,0.62996,2.25,1.35
2011.09.14 09:26:49.381,0.62967,0.62992,1.35,1.50
2011.09.14 09:26:49.774,0.62966,0.62991,1.50,1.50
2011.09.14 09:26:49.894,0.62964,0.62988,2.25,1.50
2011.09.14 09:26:50.229,0.62968,0.62994,1.50,1.50
2011.09.14 09:26:50.568,0.6297,0.62994,1.50,1.50
2011.09.14 09:26:50.688,0.6297,0.62998,2.25,1.50
2011.09.14 09:26:50.812,0.62977,0.62993,2.25,1.50
2011.09.14 09:26:50.933,0.62968,0.62993,2.25,1.50
2011.09.14 09:26:51.491,0.62974,0.62995,1.88,1.50
2011.09.14 09:26:52.092,0.62978,0.62998,2.25,1.50
2011.09.14 09:26:52.549,0.62973,0.62998,1.13,1.50
2011.09.14 09:26:52.670,0.6297,0.62998,2.25,1.50
2011.09.14 09:26:52.902,0.62969,0.62994,2.25,1.50
2011.09.14 09:26:53.459,0.62966,0.62994,1.50,1.50
2011.09.14 09:26:58.888,0.62969,0.62994,1.50,1.50
2011.09.14 09:26:59.448,0.62968,0.62994,2.25,1.50
2011.09.14 09:27:00.018,0.62969,0.62994,1.50,1.50
2011.09.14 09:27:00.682,0.62968,0.62994,2.25,1.50
2011.09.14 09:27:06.920,0.62964,0.62992,3.00,2.25
2011.09.14 09:27:07.042,0.62961,0.62989,1.50,1.50
2011.09.14 09:27:16.440,0.62959,0.62989,1.50,3.00
2011.09.14 09:27:16.559,0.62959,0.62985,2.25,1.50
2011.09.14 09:27:17.012,0.62959,0.62981,1.50,1.13
2011.09.14 09:27:17.498,0.62955,0.62981,1.13,1.88
2011.09.14 09:27:18.741,0.62953,0.6298,1.50,1.35
2011.09.14 09:27:18.971,0.62951,0.6298,1.50,1.35
2011.09.14 09:27:19.095,0.62949,0.62977,1.50,1.50
2011.09.14 09:27:20.566,0.62948,0.62972,3.38,3.00
2011.09.14 09:27:21.229,0.62948,0.62972,3.38,3.00
2011.09.14 09:27:21.459,0.62951,0.62972,1.13,2.25
2011.09.14 09:27:22.018,0.62949,0.62972,1.50,2.25
2011.09.14 09:27:22.249,0.6295,0.62977,1.35,1.50
2011.09.14 09:27:29.857,0.62951,0.62977,1.50,1.50
2011.09.14 09:27:29.992,0.62952,0.6298,1.50,1.50
2011.09.14 09:27:30.110,0.62954,0.6298,1.50,1.50
2011.09.14 09:27:30.450,0.62957,0.6298,3.00,1.50
2011.09.14 09:27:30.572,0.62959,0.62985,1.13,1.50
2011.09.14 09:27:30.689,0.62959,0.62985,1.13,1.50
2011.09.14 09:27:30.811,0.6296,0.62989,1.13,3.00
2011.09.14 09:27:30.929,0.62963,0.62989,1.50,1.50
2011.09.14 09:27:31.050,0.62964,0.62993,1.50,3.00
2011.09.14 09:27:31.446,0.62963,0.62991,1.50,1.50
2011.09.14 09:27:36.162,0.62968,0.62993,1.50,3.00
2011.09.14 09:27:44.771,0.62968,0.62992,1.50,1.13
2011.09.14 09:27:45.325,0.6296,0.62986,1.50,1.50
2011.09.14 09:27:46.884,0.6296,0.62982,1.50,2.25
2011.09.14 09:27:47.115,0.62957,0.62982,1.50,3.00
2011.09.14 09:27:47.346,0.62955,0.62983,1.50,1.50
2011.09.14 09:27:48.120,0.62952,0.62978,1.50,1.50
2011.09.14 09:27:50.748,0.62956,0.62982,1.50,3.75
2011.09.14 09:27:51.969,0.62951,0.62979,1.50,1.50
2011.09.14 09:27:54.653,0.62947,0.62975,3.75,1.50
2011.09.14 09:27:58.995,0.62943,0.62971,3.00,1.50
2011.09.14 09:27:59.330,0.62944,0.62969,1.50,2.25
2011.09.14 09:27:59.453,0.62939,0.62966,2.25,1.50
2011.09.14 09:27:59.681,0.62941,0.62966,1.50,1.50
2011.09.14 09:27:59.909,0.62938,0.62966,1.50,1.50
2011.09.14 09:28:03.823,0.62939,0.62967,4.50,1.50
2011.09.14 09:28:04.378,0.62943,0.62969,1.50,1.50
2011.09.14 09:28:05.939,0.62939,0.62967,3.75,1.50
2011.09.14 09:28:06.279,0.62939,0.62962,1.50,1.50
2011.09.14 09:28:06.399,0.62934,0.62962,1.50,1.50
2011.09.14 09:28:07.049,0.62933,0.62962,3.00,3.00
2011.09.14 09:28:07.390,0.62936,0.62962,1.50,1.50
2011.09.14 09:28:12.320,0.6294,0.62966,1.50,1.50
2011.09.14 09:28:13.099,0.62937,0.62962,3.00,1.50
2011.09.14 09:28:20.719,0.62937,0.62965,4.35,1.50
2011.09.14 09:28:20.852,0.62939,0.62967,3.00,1.50
2011.09.14 09:28:25.270,0.62941,0.62967,1.50,1.50
2011.09.14 09:28:25.939,0.62939,0.62967,3.00,1.50
2011.09.14 09:28:31.208,0.62939,0.62965,2.25,1.50
2011.09.14 09:28:31.550,0.62939,0.62963,1.50,1.50
2011.09.14 09:28:32.148,0.62938,0.62963,2.25,1.50
2011.09.14 09:28:32.922,0.62939,0.62963,1.50,1.50
2011.09.14 09:28:33.888,0.62938,0.62963,2.25,1.50
2011.09.14 09:28:36.428,0.62939,0.62963,1.50,1.50
2011.09.14 09:28:37.283,0.62938,0.62963,2.25,1.50
2011.09.14 09:28:37.514,0.6294,0.62966,1.50,1.50
2011.09.14 09:28:40.090,0.62938,0.62966,2.25,1.50
2011.09.14 09:28:40.208,0.62938,0.62963,1.50,1.50
2011.09.14 09:28:41.909,0.62939,0.62963,1.50,1.50
2011.09.14 09:28:43.119,0.62938,0.62963,1.50,1.50
2011.09.14 09:28:44.001,0.62939,0.62963,1.50,1.50
2011.09.14 09:28:44.559,0.62938,0.62963,1.50,1.50
2011.09.14 09:28:50.989,0.62938,0.62952,1.50,2.25
2011.09.14 09:28:51.330,0.62931,0.62952,1.50,2.25
2011.09.14 09:28:51.671,0.6293,0.62958,2.10,1.50
2011.09.14 09:28:52.341,0.62929,0.62953,1.50,1.50
2011.09.14 09:28:52.911,0.62928,0.62953,4.50,1.50
2011.09.14 09:28:53.258,0.62923,0.6295,2.25,1.50
2011.09.14 09:28:59.388,0.62924,0.6295,1.13,1.50
2011.09.14 09:28:59.949,0.62927,0.6295,2.25,1.50
2011.09.14 09:29:01.109,0.62928,0.6295,2.25,1.50
2011.09.14 09:29:04.129,0.62923,0.6295,2.25,1.50
2011.09.14 09:29:04.248,0.62924,0.6295,1.50,1.50
2011.09.14 09:29:07.604,0.62923,0.6295,2.25,1.50
2011.09.14 09:29:08.924,0.62926,0.62954,1.50,1.50
2011.09.14 09:29:09.371,0.62926,0.62952,1.50,1.50
2011.09.14 09:29:09.488,0.62924,0.62949,1.50,1.50
2011.09.14 09:29:11.689,0.62923,0.62945,2.10,1.50
2011.09.14 09:29:12.270,0.62924,0.62945,1.50,1.50
2011.09.14 09:29:13.340,0.62923,0.62945,2.48,1.50
2011.09.14 09:29:14.013,0.62924,0.62945,1.50,1.50
2011.09.14 09:29:14.541,0.62921,0.62945,1.35,1.50
2011.09.14 09:29:17.708,0.6292,0.62945,1.13,1.50
2011.09.14 09:29:19.564,0.62919,0.62943,2.63,1.88
2011.09.14 09:29:19.680,0.62917,0.62941,3.00,1.88
2011.09.14 09:29:26.181,0.62912,0.62939,1.88,1.88
2011.09.14 09:29:26.298,0.62912,0.62938,1.88,1.50
2011.09.14 09:29:27.255,0.62908,0.62931,5.25,1.35
2011.09.14 09:29:27.589,0.62908,0.62929,1.50,1.50
2011.09.14 09:29:27.711,0.62904,0.62929,1.13,1.50
2011.09.14 09:29:29.260,0.62901,0.62925,1.13,1.50
2011.09.14 09:29:31.216,0.62901,0.62923,1.13,3.60
2011.09.14 09:29:31.334,0.62899,0.62923,1.50,3.60
2011.09.14 09:29:31.454,0.62895,0.62922,2.25,1.35
2011.09.14 09:29:31.575,0.62889,0.62914,1.73,1.50
2011.09.14 09:29:31.910,0.62884,0.6291,1.50,1.50
2011.09.14 09:29:32.250,0.62888,0.6291,2.25,1.50
2011.09.14 09:29:32.370,0.62887,0.62912,1.50,3.00
2011.09.14 09:29:33.659,0.6289,0.62912,1.50,3.00
2011.09.14 09:29:34.167,0.62887,0.62908,3.23,1.50
2011.09.14 09:29:34.526,0.6289,0.62913,1.13,3.00
2011.09.14 09:29:34.644,0.62898,0.62915,2.25,1.50
2011.09.14 09:29:34.873,0.62898,0.62918,2.63,1.50
2011.09.14 09:29:35.690,0.62901,0.62922,1.13,3.00
2011.09.14 09:29:35.813,0.62901,0.62925,1.13,1.50
2011.09.14 09:29:35.930,0.629,0.62925,1.35,1.50
2011.09.14 09:29:36.054,0.62899,0.62922,1.50,2.10
2011.09.14 09:29:36.169,0.62895,0.6292,1.13,1.50
2011.09.14 09:29:39.908,0.62897,0.6292,2.25,1.50
2011.09.14 09:29:43.460,0.62898,0.62924,1.50,1.50
2011.09.14 09:30:04.570,0.62898,0.62922,4.13,2.25
2011.09.14 09:30:04.911,0.62898,0.62921,2.63,1.50
2011.09.14 09:30:05.468,0.62898,0.62921,2.63,1.50
2011.09.14 09:30:07.531,0.62898,0.6292,2.25,1.13
2011.09.14 09:30:08.084,0.62898,0.62921,2.63,1.50
2011.09.14 09:30:16.037,0.62898,0.62921,2.25,1.50
2011.09.14 09:30:16.381,0.62899,0.62921,2.10,1.50
2011.09.14 09:30:16.830,0.629,0.62922,1.35,1.50
2011.09.14 09:30:17.392,0.62902,0.6293,1.50,1.50
2011.09.14 09:30:21.393,0.62904,0.6293,1.50,1.50
2011.09.14 09:30:21.508,0.62908,0.62934,3.00,1.50
2011.09.14 09:30:21.863,0.62909,0.62934,1.50,1.50
2011.09.14 09:30:22.090,0.62912,0.62938,1.13,1.50
2011.09.14 09:30:23.811,0.62915,0.62939,1.13,1.50
2011.09.14 09:30:24.375,0.62915,0.62941,1.88,1.88
2011.09.14 09:30:27.330,0.62917,0.62939,1.50,1.13
2011.09.14 09:30:29.680,0.62916,0.62939,1.50,1.13
2011.09.14 09:31:07.851,0.62918,0.62942,3.38,3.00
2011.09.14 09:31:08.300,0.62921,0.62942,1.73,2.25
2011.09.14 09:31:08.640,0.62927,0.62947,2.85,1.13
2011.09.14 09:31:09.201,0.62927,0.6295,3.23,1.50
2011.09.14 09:31:09.649,0.62928,0.62953,1.73,3.75
2011.09.14 09:31:10.190,0.62929,0.62953,1.13,3.75
2011.09.14 09:31:12.199,0.62927,0.62953,4.35,1.50
2011.09.14 09:31:12.779,0.62927,0.6296,2.85,1.35
2011.09.14 09:31:17.234,0.62927,0.62963,3.00,3.00
2011.09.14 09:31:17.752,0.62927,0.62963,3.00,3.00
2011.09.14 09:31:18.318,0.62928,0.62963,1.13,3.00
2011.09.14 09:31:18.548,0.62928,0.62963,1.88,3.00
2011.09.14 09:31:19.100,0.62928,0.62963,2.63,3.00
2011.09.14 09:31:20.159,0.62928,0.62963,1.88,3.00
2011.09.14 09:31:23.646,0.62929,0.62963,1.50,3.00
2011.09.14 09:31:23.979,0.62929,0.62963,2.25,3.00
2011.09.14 09:31:24.619,0.6294,0.62963,1.50,3.00
2011.09.14 09:31:24.960,0.62941,0.62969,1.50,1.50
2011.09.14 09:31:26.592,0.62946,0.62973,1.50,3.00
2011.09.14 09:31:27.151,0.62943,0.62969,1.50,1.50
2011.09.14 09:31:31.264,0.62946,0.62974,1.50,1.50
2011.09.14 09:31:31.604,0.62952,0.62978,1.50,1.50
2011.09.14 09:31:38.151,0.62956,0.62982,1.50,1.50
2011.09.14 09:31:44.369,0.62952,0.6298,2.25,1.50
2011.09.14 09:31:44.488,0.62951,0.62979,1.50,1.50
2011.09.14 09:31:46.329,0.62956,0.62982,1.50,3.75
2011.09.14 09:31:46.560,0.62954,0.62982,1.50,5.25
2011.09.14 09:31:46.679,0.62951,0.62979,1.50,1.50
2011.09.14 09:31:47.143,0.62951,0.62981,3.00,1.50
2011.09.14 09:31:47.261,0.62955,0.62982,1.50,3.00
2011.09.14 09:31:51.552,0.62959,0.62987,1.50,1.50
2011.09.14 09:31:53.185,0.62963,0.62991,1.50,1.50
2011.09.14 09:31:53.936,0.62968,0.62994,3.75,1.50
2011.09.14 09:31:54.303,0.62974,0.62994,1.50,1.50
2011.09.14 09:31:54.828,0.62973,0.62994,1.50,1.50
2011.09.14 09:31:56.073,0.62974,0.62994,1.50,1.50
2011.09.14 09:31:57.001,0.62973,0.62994,1.50,1.50
2011.09.14 09:31:57.591,0.62974,0.62994,1.50,1.50
2011.09.14 09:32:00.342,0.62973,0.62994,1.50,1.50
2011.09.14 09:32:01.271,0.62974,0.62994,1.50,1.50
2011.09.14 09:32:02.491,0.62973,0.62994,1.50,1.50
2011.09.14 09:32:03.285,0.62974,0.62994,1.50,1.50
2011.09.14 09:32:03.923,0.62973,0.62994,1.50,1.50
2011.09.14 09:32:04.359,0.62969,0.62994,2.25,1.50
2011.09.14 09:32:08.760,0.62973,0.62999,1.50,1.50
2011.09.14 09:32:10.730,0.62969,0.62996,2.25,1.50
2011.09.14 09:32:11.323,0.62969,0.62997,3.75,1.50
2011.09.14 09:32:11.880,0.62972,0.63,2.25,1.50
2011.09.14 09:32:12.002,0.62977,0.63003,1.50,1.50
2011.09.14 09:32:12.472,0.6298,0.63008,1.50,1.50
2011.09.14 09:32:17.875,0.62985,0.63011,1.50,1.50
2011.09.14 09:32:18.211,0.62988,0.63011,3.23,1.50
2011.09.14 09:32:18.330,0.6299,0.63016,1.13,1.50
2011.09.14 09:32:18.452,0.62995,0.63021,1.50,3.00
2011.09.14 09:32:18.574,0.62999,0.63026,2.25,3.00
2011.09.14 09:32:18.694,0.63,0.63026,1.50,1.50
2011.09.14 09:32:19.847,0.63001,0.63031,1.50,3.00
2011.09.14 09:32:20.179,0.63003,0.63031,1.50,1.50
2011.09.14 09:32:20.882,0.63006,0.63034,2.25,1.50
2011.09.14 09:32:21.118,0.63013,0.63041,1.50,1.50
2011.09.14 09:32:21.959,0.63016,0.63044,1.50,2.25
2011.09.14 09:32:22.079,0.63017,0.63045,1.50,1.50
2011.09.14 09:32:23.441,0.63019,0.63048,1.50,1.50
2011.09.14 09:32:23.933,0.63022,0.63048,1.50,1.50
2011.09.14 09:32:24.572,0.63018,0.63046,3.75,1.50
2011.09.14 09:32:24.693,0.63019,0.63046,2.25,3.00
2011.09.14 09:32:24.813,0.63018,0.6304,1.50,1.50
2011.09.14 09:32:24.930,0.63014,0.63032,1.50,2.25
2011.09.14 09:32:25.051,0.63014,0.6304,1.50,2.10
2011.09.14 09:32:25.281,0.63014,0.63032,1.50,2.25
2011.09.14 09:32:25.841,0.6301,0.63033,1.50,2.25
2011.09.14 09:32:26.072,0.63013,0.6304,1.35,1.50
2011.09.14 09:32:26.191,0.63014,0.6304,1.50,1.50
2011.09.14 09:32:29.423,0.6301,0.63036,1.50,1.50
2011.09.14 09:32:30.091,0.63008,0.63036,3.00,3.00
2011.09.14 09:32:30.212,0.63008,0.63032,2.25,1.50
2011.09.14 09:32:31.078,0.63002,0.63028,1.50,1.50
2011.09.14 09:32:31.631,0.62998,0.63024,1.50,1.50
2011.09.14 09:32:33.293,0.62994,0.63022,2.25,1.50
2011.09.14 09:32:33.413,0.62992,0.6302,1.50,1.50
2011.09.14 09:32:35.262,0.62995,0.63023,1.50,3.00
2011.09.14 09:32:35.382,0.62997,0.63023,1.50,1.50
2011.09.14 09:32:35.503,0.62998,0.63027,1.50,1.50
2011.09.14 09:32:35.621,0.63001,0.63027,1.50,1.50
2011.09.14 09:32:41.425,0.62998,0.63027,1.50,1.50
2011.09.14 09:32:41.547,0.62997,0.63023,1.50,1.50
2011.09.14 09:32:41.663,0.62993,0.63019,1.50,1.50
2011.09.14 09:32:43.671,0.62989,0.63016,2.25,1.50
2011.09.14 09:32:43.785,0.62985,0.63011,2.25,1.50
2011.09.14 09:32:48.170,0.62987,0.63015,1.50,3.00
2011.09.14 09:32:48.291,0.62989,0.63015,1.50,1.50
2011.09.14 09:32:48.863,0.62992,0.6302,1.50,1.50
2011.09.14 09:32:50.093,0.62998,0.63024,1.50,1.50
2011.09.14 09:32:50.873,0.63002,0.63028,1.50,1.50
2011.09.14 09:32:58.264,0.62997,0.63025,4.50,1.50
2011.09.14 09:33:01.074,0.63,0.63028,1.50,3.00
2011.09.14 09:33:01.192,0.63002,0.63028,1.50,1.50
2011.09.14 09:33:08.943,0.63004,0.63028,1.13,1.50
2011.09.14 09:33:09.614,0.63004,0.63028,1.50,1.50
2011.09.14 09:33:09.739,0.62999,0.63023,2.25,3.00
2011.09.14 09:33:12.161,0.62998,0.63022,1.50,3.75
2011.09.14 09:33:12.503,0.62994,0.63013,1.50,2.25
2011.09.14 09:33:13.642,0.62989,0.63013,1.50,2.25
2011.09.14 09:33:15.394,0.62984,0.6301,3.00,1.50
2011.09.14 09:33:17.217,0.62981,0.6301,1.50,1.50
2011.09.14 09:33:17.334,0.6298,0.63006,1.50,1.50
2011.09.14 09:33:20.559,0.62976,0.63002,1.50,1.50
2011.09.14 09:33:21.562,0.62976,0.63001,1.50,1.50
2011.09.14 09:33:21.903,0.62971,0.62982,3.00,2.25
2011.09.14 09:33:22.293,0.62971,0.62982,1.50,2.25
2011.09.14 09:33:23.473,0.62971,0.62993,1.50,2.63
2011.09.14 09:33:25.382,0.62969,0.62993,1.13,3.38
2011.09.14 09:33:26.275,0.62968,0.62992,2.63,2.25
2011.09.14 09:33:26.503,0.62964,0.62983,2.63,2.25
2011.09.14 09:33:29.914,0.62965,0.62983,1.35,2.25
2011.09.14 09:33:30.141,0.62968,0.62992,2.63,2.25
2011.09.14 09:33:30.263,0.62968,0.62992,2.25,2.63
2011.09.14 09:33:30.382,0.62963,0.62983,2.48,2.25
2011.09.14 09:33:30.616,0.62967,0.62993,2.63,2.25
2011.09.14 09:33:31.434,0.62964,0.62973,1.35,2.25
2011.09.14 09:33:31.553,0.62963,0.62973,2.25,2.25
2011.09.14 09:33:31.785,0.62959,0.62991,2.10,1.50
2011.09.14 09:33:31.903,0.62959,0.62992,2.10,4.35
2011.09.14 09:33:32.025,0.62958,0.62992,2.63,3.75
2011.09.14 09:33:32.146,0.62959,0.62992,2.25,2.25
2011.09.14 09:33:32.484,0.62971,0.62992,1.50,2.25
2011.09.14 09:33:34.595,0.62971,0.62999,1.50,1.50
2011.09.14 09:33:41.061,0.62972,0.63,2.25,1.50
2011.09.14 09:33:41.621,0.62976,0.63002,1.50,3.75
2011.09.14 09:33:44.964,0.62976,0.62995,1.50,1.35
2011.09.14 09:33:45.081,0.62968,0.62993,3.75,1.50
2011.09.14 09:33:45.202,0.62968,0.62983,1.88,2.25
2011.09.14 09:33:45.322,0.62968,0.62992,4.13,2.25
2011.09.14 09:33:45.551,0.62972,0.62992,1.50,2.25
2011.09.14 09:33:47.136,0.62976,0.62992,1.50,2.25
2011.09.14 09:33:47.494,0.62976,0.63001,1.50,2.25
2011.09.14 09:33:53.142,0.62978,0.63002,1.50,1.13
2011.09.14 09:33:53.262,0.62979,0.63003,1.50,2.63
2011.09.14 09:33:54.241,0.62979,0.63003,1.50,2.25
2011.09.14 09:33:54.583,0.62986,0.63011,1.50,2.25
2011.09.14 09:33:58.383,0.6299,0.63012,1.50,1.50
2011.09.14 09:33:58.721,0.6299,0.63016,1.50,3.00
2011.09.14 09:33:59.394,0.62993,0.63017,1.50,1.50
2011.09.14 09:34:03.741,0.62993,0.63016,1.50,1.50
2011.09.14 09:34:05.684,0.62993,0.63017,1.50,1.50
2011.09.14 09:34:06.135,0.62998,0.63021,1.50,3.23
2011.09.14 09:34:06.254,0.62998,0.63022,1.50,2.25
2011.09.14 09:34:06.373,0.63002,0.63021,1.50,1.50
2011.09.14 09:34:06.492,0.63002,0.63028,1.50,1.50
2011.09.14 09:34:06.890,0.63005,0.63031,1.50,2.25
2011.09.14 09:34:07.674,0.6301,0.63032,1.50,1.50
2011.09.14 09:34:07.791,0.6301,0.63036,1.50,2.25
2011.09.14 09:34:08.244,0.6301,0.63034,1.50,1.50
2011.09.14 09:34:08.365,0.6301,0.63036,1.50,1.50
2011.09.14 09:34:08.593,0.6301,0.63039,1.50,1.50
2011.09.14 09:34:08.713,0.63014,0.6304,1.50,1.50
2011.09.14 09:34:12.133,0.63005,0.63033,1.50,1.50
2011.09.14 09:34:12.486,0.63001,0.63031,3.00,1.50
2011.09.14 09:34:12.606,0.63001,0.63029,1.50,1.50
2011.09.14 09:34:15.314,0.63006,0.63032,1.50,1.50
2011.09.14 09:34:15.651,0.6301,0.63036,1.50,1.50
2011.09.14 09:34:18.032,0.63012,0.6304,1.50,3.00
2011.09.14 09:34:18.152,0.63014,0.6304,1.50,1.50
2011.09.14 09:34:22.722,0.6301,0.63038,3.00,1.50
2011.09.14 09:34:22.844,0.6301,0.63036,1.50,1.50
2011.09.14 09:34:23.403,0.63011,0.63041,1.50,3.00
2011.09.14 09:34:23.634,0.63013,0.63041,1.50,1.50
2011.09.14 09:34:33.691,0.63017,0.63042,1.50,2.25
2011.09.14 09:34:34.143,0.63016,0.63042,1.50,3.00
2011.09.14 09:34:34.702,0.63013,0.63041,1.50,1.50
2011.09.14 09:34:35.483,0.63013,0.63041,3.00,2.25
2011.09.14 09:34:36.105,0.63017,0.63045,1.50,1.50
2011.09.14 09:34:39.874,0.63013,0.63041,1.50,1.50
2011.09.14 09:34:42.956,0.6301,0.63036,1.50,1.50
2011.09.14 09:34:45.728,0.63012,0.6304,1.50,3.00
2011.09.14 09:34:45.847,0.63014,0.6304,1.50,1.50
2011.09.14 09:34:46.403,0.6301,0.63038,2.25,1.50
2011.09.14 09:34:46.529,0.63009,0.63037,1.50,1.50
2011.09.14 09:34:48.054,0.63009,0.63032,1.88,2.25
2011.09.14 09:34:48.807,0.63009,0.63037,1.50,1.50
2011.09.14 09:34:49.032,0.63006,0.63032,1.50,1.50
2011.09.14 09:34:52.263,0.63007,0.63035,3.00,1.50
2011.09.14 09:34:52.382,0.6301,0.63036,1.50,1.50
2011.09.14 09:35:01.453,0.6301,0.63038,3.00,1.50
2011.09.14 09:35:01.820,0.63013,0.63041,1.50,1.50
2011.09.14 09:35:02.563,0.63008,0.63036,1.50,1.50
2011.09.14 09:35:09.240,0.6301,0.6304,1.50,3.00
2011.09.14 09:35:09.357,0.63012,0.6304,1.50,1.50
2011.09.14 09:35:16.834,0.63007,0.63035,1.50,1.50
2011.09.14 09:35:17.503,0.63012,0.6304,1.50,1.50
2011.09.14 09:35:20.123,0.63009,0.63035,1.50,1.50
2011.09.14 09:35:20.866,0.63013,0.63039,1.50,1.50
2011.09.14 09:35:21.632,0.63011,0.63039,1.50,3.00
2011.09.14 09:35:21.753,0.63009,0.63033,1.50,3.00
2011.09.14 09:35:23.047,0.63012,0.6304,1.50,1.50
2011.09.14 09:35:26.714,0.63015,0.63042,1.13,3.75
2011.09.14 09:35:27.713,0.63018,0.63042,2.63,3.75
2011.09.14 09:35:28.163,0.63021,0.63042,1.13,3.00
2011.09.14 09:35:28.724,0.63018,0.63043,1.50,3.00
2011.09.14 09:35:31.381,0.63021,0.63042,1.13,2.25
2011.09.14 09:35:31.964,0.63021,0.63046,1.50,1.50
2011.09.14 09:35:32.192,0.63025,0.63049,1.13,1.50
2011.09.14 09:35:33.664,0.63026,0.63051,1.88,1.13
2011.09.14 09:35:38.021,0.63026,0.63052,1.50,3.38
2011.09.14 09:35:39.226,0.63024,0.63043,1.13,2.25
2011.09.14 09:35:45.843,0.63025,0.63043,1.50,2.25
2011.09.14 09:35:46.416,0.63024,0.63043,1.13,2.25
2011.09.14 09:35:47.199,0.63025,0.63043,1.50,2.25
2011.09.14 09:35:47.533,0.63025,0.63049,1.13,1.50
2011.09.14 09:35:47.654,0.63027,0.63051,1.50,1.13
2011.09.14 09:35:48.387,0.63029,0.63053,1.50,3.75
2011.09.14 09:35:48.722,0.63053,0.6307,2.10,1.50
2011.09.14 09:35:49.065,0.63057,0.6307,2.10,1.50
2011.09.14 09:35:49.535,0.63041,0.63066,2.10,1.35
2011.09.14 09:35:49.652,0.63037,0.63062,1.35,1.50
2011.09.14 09:35:49.992,0.63034,0.63058,2.25,2.25
2011.09.14 09:35:50.115,0.63029,0.63052,1.50,3.75
2011.09.14 09:35:50.563,0.63028,0.63048,2.25,1.50
2011.09.14 09:35:50.684,0.63024,0.63048,1.13,1.50
2011.09.14 09:35:50.917,0.63022,0.63047,2.63,1.13
2011.09.14 09:35:51.033,0.63022,0.63042,1.13,2.25
2011.09.14 09:35:51.503,0.6304,0.63047,1.50,1.13
2011.09.14 09:35:51.626,0.6303,0.63054,1.13,1.13
2011.09.14 09:35:52.185,0.63024,0.6305,3.00,1.50
2011.09.14 09:35:52.962,0.63028,0.63049,2.10,1.13
2011.09.14 09:35:53.086,0.63034,0.63056,1.13,2.25
2011.09.14 09:35:53.567,0.63028,0.63053,1.13,3.75
2011.09.14 09:35:54.012,0.63027,0.63053,3.75,3.75
2011.09.14 09:35:54.250,0.63023,0.63048,1.13,1.13
2011.09.14 09:35:54.367,0.63023,0.63048,1.13,1.88
2011.09.14 09:35:54.485,0.63019,0.63046,3.00,1.50
2011.09.14 09:35:54.607,0.63018,0.6304,1.50,1.50
2011.09.14 09:35:54.945,0.63015,0.6304,1.50,1.50
2011.09.14 09:35:55.063,0.63015,0.6304,1.50,1.50
2011.09.14 09:35:57.647,0.63021,0.63044,1.13,1.50
2011.09.14 09:35:59.745,0.63025,0.6305,2.10,1.50
2011.09.14 09:36:00.195,0.63029,0.63054,2.48,1.50
2011.09.14 09:36:00.754,0.63028,0.63054,3.75,1.50
2011.09.14 09:36:00.874,0.63024,0.63049,1.35,1.50
2011.09.14 09:36:01.446,0.63032,0.63052,1.50,2.25
2011.09.14 09:36:01.565,0.63037,0.63058,2.63,1.50
2011.09.14 09:36:01.795,0.63037,0.63054,2.25,1.50
2011.09.14 09:36:02.233,0.63029,0.63053,2.25,3.00
2011.09.14 09:36:02.356,0.63021,0.63046,1.50,1.50
2011.09.14 09:36:02.911,0.6302,0.63046,2.10,1.50
2011.09.14 09:36:06.865,0.63021,0.63046,1.50,1.50
2011.09.14 09:36:07.424,0.63021,0.63046,1.50,1.50
2011.09.14 09:36:10.832,0.63021,0.63046,1.50,1.50
2011.09.14 09:36:22.663,0.6302,0.63046,2.10,1.50
2011.09.14 09:36:23.002,0.6302,0.63043,1.50,2.63
2011.09.14 09:36:23.232,0.6302,0.63043,1.50,3.38
2011.09.14 09:36:23.897,0.63017,0.63043,3.38,4.13
2011.09.14 09:36:31.284,0.63018,0.63043,2.85,3.75
2011.09.14 09:36:31.404,0.63018,0.63043,4.73,1.50
2011.09.14 09:36:31.525,0.63018,0.63043,3.38,1.50
2011.09.14 09:36:32.416,0.63018,0.63038,2.63,2.10
2011.09.14 09:36:32.647,0.63012,0.63036,1.50,1.35
2011.09.14 09:36:32.768,0.63008,0.63036,3.00,1.35
2011.09.14 09:36:32.888,0.63009,0.63034,1.50,1.50
2011.09.14 09:36:33.524,0.63003,0.63029,1.50,1.50
2011.09.14 09:36:39.676,0.62999,0.63024,2.25,1.50
2011.09.14 09:36:41.586,0.63002,0.63028,2.25,1.50
2011.09.14 09:36:41.925,0.63006,0.63032,1.50,1.50
2011.09.14 09:36:42.815,0.63009,0.63037,1.50,1.50
2011.09.14 09:36:44.236,0.63005,0.63033,1.50,1.50
2011.09.14 09:36:47.127,0.63002,0.63031,1.50,1.50
2011.09.14 09:36:47.506,0.63002,0.63028,1.50,1.50
2011.09.14 09:36:57.923,0.62999,0.63025,2.25,1.50
2011.09.14 09:36:59.861,0.63003,0.63025,1.50,1.50
2011.09.14 09:37:00.814,0.63004,0.63025,1.50,1.50
2011.09.14 09:37:01.534,0.62999,0.63025,2.25,1.50
2011.09.14 09:37:03.371,0.62998,0.63022,4.50,1.50
2011.09.14 09:37:03.493,0.62998,0.63021,3.75,1.50
2011.09.14 09:37:06.486,0.62998,0.63021,4.13,1.50
2011.09.14 09:37:07.668,0.62999,0.63021,1.88,1.50
2011.09.14 09:37:07.786,0.63001,0.63026,1.13,1.50
2011.09.14 09:37:08.014,0.62999,0.63022,2.25,2.25
2011.09.14 09:37:15.935,0.63001,0.63022,1.13,2.25
2011.09.14 09:37:16.492,0.63001,0.63026,1.73,1.50
2011.09.14 09:37:19.288,0.63004,0.63029,1.13,1.13
2011.09.14 09:37:19.532,0.63008,0.6303,2.63,1.50
2011.09.14 09:37:19.658,0.63009,0.63032,1.13,3.00
2011.09.14 09:37:21.401,0.63009,0.63032,1.13,3.00
2011.09.14 09:37:25.003,0.63011,0.63038,1.35,1.50
2011.09.14 09:37:25.127,0.63013,0.63039,1.50,1.50
2011.09.14 09:37:29.535,0.63009,0.63035,3.00,1.50
2011.09.14 09:37:32.682,0.63009,0.63034,1.50,1.13
2011.09.14 09:37:33.243,0.63008,0.63032,1.13,3.38
2011.09.14 09:37:33.783,0.63007,0.63031,1.13,1.50
2011.09.14 09:37:37.313,0.63007,0.63031,1.13,1.50
2011.09.14 09:37:41.283,0.63009,0.63031,1.50,1.50
2011.09.14 09:37:41.866,0.63008,0.63031,1.50,1.50
2011.09.14 09:37:42.423,0.63008,0.63031,4.35,1.50
2011.09.14 09:37:55.995,0.63009,0.63032,2.48,2.25
2011.09.14 09:38:16.361,0.6301,0.63033,1.35,3.38
2011.09.14 09:38:22.159,0.6301,0.63033,1.35,3.38
2011.09.14 09:38:22.283,0.63007,0.63023,2.48,2.25
2011.09.14 09:38:22.409,0.63009,0.63032,1.73,3.00
2011.09.14 09:38:22.532,0.6301,0.63032,1.13,2.25
2011.09.14 09:38:35.013,0.63008,0.63032,3.38,3.00
2011.09.14 09:38:35.571,0.63008,0.63032,2.63,3.75
2011.09.14 09:38:38.263,0.63005,0.6303,1.13,1.13
2011.09.14 09:38:40.044,0.63002,0.63028,3.23,1.50
2011.09.14 09:38:40.567,0.63,0.63022,1.88,2.25
2011.09.14 09:38:40.901,0.62994,0.63019,3.38,1.50
2011.09.14 09:38:41.026,0.62993,0.63016,1.50,1.50
2011.09.14 09:38:41.144,0.6299,0.63013,1.73,2.25
2011.09.14 09:38:41.376,0.6299,0.63013,1.35,3.00
2011.09.14 09:38:41.603,0.62985,0.6301,1.50,1.35
2011.09.14 09:38:41.945,0.62985,0.63009,1.13,1.13
2011.09.14 09:38:42.177,0.62981,0.63007,1.50,1.50
2011.09.14 09:38:42.703,0.62979,0.63007,3.00,3.00
2011.09.14 09:39:06.291,0.62981,0.63007,1.50,1.50
2011.09.14 09:39:09.163,0.62985,0.63011,1.50,3.00
2011.09.14 09:39:10.193,0.62981,0.63009,2.25,1.50
2011.09.14 09:39:10.305,0.6298,0.63008,1.50,1.50
2011.09.14 09:39:42.776,0.6298,0.63005,1.50,1.13
2011.09.14 09:39:42.896,0.62976,0.63002,1.50,1.50
2011.09.14 09:39:43.015,0.62979,0.63007,1.50,2.25
2011.09.14 09:39:48.515,0.62981,0.63011,1.50,4.50
2011.09.14 09:39:49.057,0.62983,0.63011,1.50,3.00
2011.09.14 09:39:51.782,0.6298,0.63006,1.50,1.50
2011.09.14 09:39:55.382,0.6298,0.63006,1.50,1.50
2011.09.14 09:39:55.502,0.6298,0.63004,1.50,1.13
2011.09.14 09:40:00.872,0.6298,0.63006,1.50,2.25
2011.09.14 09:40:01.323,0.6298,0.63002,1.50,2.63
2011.09.14 09:40:02.446,0.6298,0.63006,1.50,1.50
2011.09.14 09:40:08.532,0.6298,0.63008,3.00,1.50
2011.09.14 09:40:08.653,0.62983,0.63011,1.50,1.50
2011.09.14 09:40:20.024,0.62989,0.63013,1.13,3.75
2011.09.14 09:40:20.152,0.62989,0.63015,1.88,1.50
2011.09.14 09:40:20.387,0.62992,0.63017,1.88,1.13
2011.09.14 09:40:25.050,0.62994,0.63017,1.50,1.13
2011.09.14 09:40:25.167,0.62995,0.63021,1.50,1.13
2011.09.14 09:40:26.882,0.62995,0.63023,1.50,5.70
2011.09.14 09:40:27.555,0.62995,0.63023,3.60,3.00
2011.09.14 09:40:28.016,0.63003,0.63031,1.50,3.00
2011.09.14 09:40:30.308,0.63008,0.63031,1.50,1.50
2011.09.14 09:40:31.342,0.63008,0.63033,1.50,3.00
2011.09.14 09:40:32.438,0.63004,0.6303,1.50,1.50
2011.09.14 09:40:32.774,0.63009,0.63031,1.50,1.50
2011.09.14 09:40:33.383,0.63005,0.63031,1.50,3.00
2011.09.14 09:40:38.954,0.63,0.63028,1.50,1.50
2011.09.14 09:40:44.483,0.63,0.63025,1.50,1.13
2011.09.14 09:40:44.605,0.62996,0.63021,1.50,1.13
2011.09.14 09:40:56.333,0.62996,0.63026,3.00,3.00
2011.09.14 09:40:56.672,0.63001,0.63026,1.50,2.25
2011.09.14 09:41:03.257,0.62997,0.63023,1.50,1.50
2011.09.14 09:41:08.374,0.63001,0.63027,1.50,1.50
2011.09.14 09:41:15.152,0.62997,0.63023,3.75,1.50
2011.09.14 09:41:27.379,0.62995,0.63022,1.35,1.50
2011.09.14 09:41:27.492,0.62994,0.6302,1.35,1.50
2011.09.14 09:41:40.824,0.62992,0.6302,1.50,1.50
2011.09.14 09:41:44.274,0.62999,0.63024,1.13,1.50
2011.09.14 09:41:44.616,0.62999,0.63024,1.13,1.50
2011.09.14 09:41:59.636,0.62998,0.6302,2.63,1.50
2011.09.14 09:42:00.199,0.62998,0.63015,2.25,1.50
2011.09.14 09:42:00.538,0.62985,0.63011,1.73,1.50
2011.09.14 09:42:00.987,0.62983,0.63011,1.50,1.50
2011.09.14 09:42:01.322,0.6298,0.63007,1.35,1.50
2011.09.14 09:42:01.663,0.62984,0.6301,1.50,1.50
2011.09.14 09:42:24.253,0.62979,0.63005,3.00,1.50
2011.09.14 09:42:45.388,0.6298,0.63005,1.50,1.50
2011.09.14 09:42:45.617,0.62985,0.6301,1.13,1.88
2011.09.14 09:42:46.442,0.62985,0.6301,1.35,1.50
2011.09.14 09:42:46.786,0.62986,0.63014,2.10,1.50
2011.09.14 09:42:47.476,0.62991,0.63017,1.50,1.50
2011.09.14 09:42:59.020,0.62986,0.63011,1.50,1.13
2011.09.14 09:43:01.512,0.62985,0.63009,1.88,1.13
2011.09.14 09:43:02.072,0.62987,0.6301,2.63,1.50
2011.09.14 09:43:06.345,0.62985,0.6301,1.13,1.88
2011.09.14 09:43:10.113,0.62985,0.6301,1.13,1.50
2011.09.14 09:43:10.476,0.62982,0.6301,2.10,1.50
2011.09.14 09:43:29.989,0.62979,0.63007,2.25,1.50
2011.09.14 09:43:30.104,0.62978,0.63006,1.50,1.50
2011.09.14 09:43:30.618,0.62978,0.63001,2.63,1.50
2011.09.14 09:43:32.243,0.62977,0.63001,1.13,1.50
2011.09.14 09:43:36.733,0.62978,0.63001,2.25,1.50
2011.09.14 09:43:36.853,0.62971,0.62997,2.10,1.50
2011.09.14 09:43:37.744,0.62972,0.62997,1.50,1.50
2011.09.14 09:43:38.082,0.62978,0.63,2.63,1.50
2011.09.14 09:43:38.202,0.62978,0.63001,2.63,1.50
2011.09.14 09:43:43.922,0.62975,0.63001,1.88,1.88
2011.09.14 09:43:44.753,0.62976,0.63001,1.73,1.50
2011.09.14 09:43:47.272,0.62975,0.63001,1.50,1.50
2011.09.14 09:43:47.392,0.62976,0.63001,1.13,1.50
2011.09.14 09:43:52.997,0.62978,0.63001,1.50,1.50
2011.09.14 09:43:53.114,0.6298,0.63003,1.13,2.25
2011.09.14 09:43:54.006,0.62985,0.63003,1.73,2.25
2011.09.14 09:43:54.124,0.62985,0.63009,1.73,1.50
2011.09.14 09:43:54.246,0.62989,0.63011,1.13,1.50
2011.09.14 09:43:54.363,0.62989,0.63012,1.13,3.00
2011.09.14 09:43:54.483,0.62988,0.63012,3.00,3.38
2011.09.14 09:44:04.990,0.62989,0.63013,1.13,3.75
2011.09.14 09:44:10.474,0.62989,0.63013,1.13,3.75
2011.09.14 09:44:11.032,0.62989,0.63013,1.73,3.75
2011.09.14 09:44:11.817,0.6299,0.63013,1.35,3.00
2011.09.14 09:44:12.153,0.62992,0.63013,2.85,2.25
2011.09.14 09:44:12.273,0.62992,0.63017,2.85,1.50
2011.09.14 09:44:12.504,0.63,0.63022,1.50,2.25
2011.09.14 09:44:12.842,0.63003,0.63022,1.50,2.25
2011.09.14 09:44:14.138,0.63003,0.63031,1.50,1.50
2011.09.14 09:44:14.802,0.63008,0.63033,1.50,3.00
2011.09.14 09:44:17.893,0.63012,0.63033,1.50,2.25
2011.09.14 09:44:18.780,0.63012,0.63038,1.50,1.50
2011.09.14 09:44:28.103,0.63007,0.63035,3.75,1.50
2011.09.14 09:44:41.645,0.63009,0.63032,1.88,2.25
2011.09.14 09:44:41.985,0.63007,0.63032,1.50,3.00
2011.09.14 09:44:42.968,0.63003,0.63031,1.50,1.50
2011.09.14 09:44:56.186,0.63006,0.63031,1.13,1.50
2011.09.14 09:44:56.713,0.63008,0.63031,2.25,1.50
2011.09.14 09:44:58.123,0.63008,0.63032,3.00,3.00
2011.09.14 09:45:00.463,0.6301,0.63034,1.50,1.13
2011.09.14 09:45:01.130,0.63012,0.63038,1.50,2.25
2011.09.14 09:45:01.709,0.63008,0.63037,1.50,1.50
2011.09.14 09:45:01.823,0.63008,0.63034,1.50,1.50
2011.09.14 09:45:06.817,0.63011,0.63036,1.50,1.13
2011.09.14 09:45:07.142,0.63011,0.63032,1.50,2.25
2011.09.14 09:45:07.933,0.63009,0.63032,1.13,3.00
2011.09.14 09:45:09.983,0.63004,0.63032,5.25,1.50
2011.09.14 09:45:10.105,0.63004,0.6303,1.50,2.10
2011.09.14 09:45:10.334,0.63,0.63029,1.50,1.50
2011.09.14 09:45:10.453,0.63,0.63026,1.50,1.50
2011.09.14 09:45:16.437,0.62996,0.63024,2.25,1.50
2011.09.14 09:45:16.556,0.62995,0.63021,1.50,1.13
2011.09.14 09:45:16.932,0.62995,0.63012,1.50,2.25
2011.09.14 09:45:17.723,0.62995,0.63021,1.50,1.13
2011.09.14 09:45:18.087,0.62995,0.63012,1.50,2.25
2011.09.14 09:45:18.863,0.62995,0.63021,1.50,1.73
2011.09.14 09:45:19.206,0.62995,0.63012,1.50,2.25
2011.09.14 09:45:20.413,0.62995,0.63021,1.50,1.73
2011.09.14 09:45:21.086,0.62999,0.63022,1.50,2.85
2011.09.14 09:45:21.643,0.62999,0.63022,1.50,2.25
2011.09.14 09:45:21.766,0.62999,0.63026,1.50,1.35
2011.09.14 09:45:25.366,0.62995,0.63023,1.50,1.50
2011.09.14 09:45:30.143,0.62994,0.63018,1.50,1.50
2011.09.14 09:45:30.756,0.62988,0.63012,3.00,2.63
2011.09.14 09:45:30.887,0.62988,0.63012,3.00,2.63
2011.09.14 09:45:33.349,0.62988,0.63009,2.25,1.13
2011.09.14 09:45:33.466,0.62983,0.6301,1.88,1.13
2011.09.14 09:45:33.583,0.62988,0.6301,2.25,1.13
2011.09.14 09:45:34.436,0.62988,0.63012,3.00,3.23
2011.09.14 09:45:34.995,0.62988,0.63012,3.00,2.63
2011.09.14 09:45:35.812,0.62988,0.63008,2.25,1.13
2011.09.14 09:45:36.711,0.62988,0.63011,3.75,1.73
2011.09.14 09:45:37.275,0.62988,0.63012,3.75,4.73
2011.09.14 09:45:40.495,0.62988,0.63012,3.75,3.98
2011.09.14 09:45:41.157,0.62988,0.63012,3.75,4.35
2011.09.14 09:45:41.493,0.62988,0.63012,1.50,1.73
2011.09.14 09:45:41.612,0.62988,0.63012,1.50,1.73
2011.09.14 09:45:43.193,0.62988,0.63011,3.75,1.13
2011.09.14 09:45:43.315,0.62988,0.63009,2.25,1.88
2011.09.14 09:45:43.433,0.62984,0.63009,1.50,1.88
2011.09.14 09:45:44.353,0.62985,0.63009,1.13,1.13
2011.09.14 09:45:44.476,0.62987,0.63009,2.25,1.13
2011.09.14 09:45:45.084,0.62989,0.63013,1.50,4.73
2011.09.14 09:45:45.666,0.62989,0.63013,1.50,4.73
2011.09.14 09:45:47.365,0.62987,0.6301,2.25,1.13
2011.09.14 09:45:47.885,0.6298,0.63002,2.25,2.25
2011.09.14 09:45:48.011,0.62968,0.6299,1.50,1.35
2011.09.14 09:45:48.246,0.62964,0.62989,2.25,1.50
2011.09.14 09:45:48.474,0.62952,0.62978,1.50,1.50
2011.09.14 09:45:49.040,0.62947,0.62974,3.75,1.50
2011.09.14 09:45:51.916,0.62947,0.62968,2.25,1.50
2011.09.14 09:45:52.254,0.62948,0.62972,3.00,3.00
2011.09.14 09:46:01.036,0.62948,0.62968,3.00,1.13
2011.09.14 09:46:01.374,0.62941,0.62967,1.13,1.50
2011.09.14 09:46:01.817,0.62942,0.62967,1.13,1.50
2011.09.14 09:46:01.937,0.62947,0.6297,2.25,1.50
2011.09.14 09:46:04.769,0.62947,0.6297,2.63,3.00
2011.09.14 09:46:04.886,0.62942,0.62966,1.13,1.50
2011.09.14 09:46:05.005,0.62947,0.62971,2.63,1.50
2011.09.14 09:46:09.203,0.62946,0.62969,1.50,1.13
2011.09.14 09:46:09.903,0.62948,0.62971,2.25,1.50
2011.09.14 09:46:12.206,0.62949,0.62972,1.13,3.00
2011.09.14 09:46:12.434,0.62951,0.62976,1.88,1.13
2011.09.14 09:46:12.969,0.62968,0.62979,2.25,1.50
2011.09.14 09:46:13.193,0.62968,0.62982,2.25,1.50
2011.09.14 09:46:13.313,0.62968,0.6299,2.25,1.13
2011.09.14 09:46:14.479,0.62967,0.62991,2.25,1.50
2011.09.14 09:46:15.215,0.62967,0.62984,2.25,1.13
2011.09.14 09:46:15.444,0.62959,0.62983,3.00,3.38
2011.09.14 09:46:16.007,0.62961,0.62983,1.50,2.25
2011.09.14 09:46:16.125,0.62961,0.62986,1.50,1.88
2011.09.14 09:46:18.220,0.62961,0.62986,1.50,1.13
2011.09.14 09:46:18.334,0.62961,0.62983,1.50,2.25
2011.09.14 09:46:18.782,0.62961,0.62986,1.88,1.13
2011.09.14 09:46:22.323,0.62961,0.62986,1.50,1.13
2011.09.14 09:46:22.553,0.62962,0.62983,1.13,2.25
2011.09.14 09:46:22.673,0.62962,0.62987,1.13,1.88
2011.09.14 09:46:29.451,0.62957,0.62981,2.25,1.50
2011.09.14 09:46:29.794,0.62959,0.62982,1.13,3.00
2011.09.14 09:46:31.896,0.62958,0.62982,3.75,3.38
2011.09.14 09:46:32.700,0.62958,0.62982,3.00,2.63
2011.09.14 09:46:34.493,0.62958,0.62982,3.00,2.25
2011.09.14 09:46:36.807,0.62958,0.6298,2.25,1.13
2011.09.14 09:46:36.926,0.62955,0.6298,1.13,1.13
2011.09.14 09:46:38.460,0.62957,0.62981,2.25,1.88
2011.09.14 09:46:38.578,0.62957,0.62982,3.75,1.13
2011.09.14 09:46:39.135,0.62957,0.62983,3.75,3.38
2011.09.14 09:46:39.500,0.62963,0.62983,1.50,2.63
2011.09.14 09:46:39.833,0.62963,0.62989,1.50,1.50
2011.09.14 09:46:40.674,0.62963,0.6299,3.00,1.35
2011.09.14 09:46:41.235,0.62966,0.62991,1.50,1.35
2011.09.14 09:46:42.754,0.62966,0.62982,1.50,2.63
2011.09.14 09:46:43.095,0.62962,0.62982,1.50,2.63
2011.09.14 09:46:44.220,0.62959,0.62982,1.50,2.63
2011.09.14 09:46:45.443,0.62959,0.62982,1.50,2.63
2011.09.14 09:46:46.443,0.62959,0.62982,1.50,2.63
2011.09.14 09:46:47.405,0.62958,0.62981,2.25,1.88
2011.09.14 09:46:47.854,0.6295,0.62978,1.50,1.50
2011.09.14 09:46:51.508,0.62947,0.62975,2.25,1.50
2011.09.14 09:46:51.629,0.62944,0.62972,1.50,1.50
2011.09.14 09:46:51.859,0.62946,0.62972,1.50,2.25
2011.09.14 09:46:52.585,0.62942,0.6297,1.50,1.50
2011.09.14 09:46:57.995,0.62942,0.62967,1.50,1.13
2011.09.14 09:46:58.876,0.62937,0.62961,1.50,1.13
2011.09.14 09:46:59.213,0.62937,0.62963,4.13,3.75
2011.09.14 09:47:03.243,0.62938,0.62961,3.00,1.13
2011.09.14 09:47:04.024,0.62937,0.62961,1.50,1.13
2011.09.14 09:47:04.479,0.62941,0.62962,1.50,2.25
2011.09.14 09:47:04.596,0.62941,0.62967,1.50,1.50
2011.09.14 09:47:06.164,0.62941,0.62966,1.50,1.13
2011.09.14 09:47:07.644,0.62938,0.6296,2.25,1.13
2011.09.14 09:47:07.763,0.62935,0.6296,1.50,1.13
2011.09.14 09:47:08.655,0.62937,0.62961,2.63,1.50
2011.09.14 09:47:09.216,0.62938,0.62963,1.50,3.38
2011.09.14 09:47:09.662,0.62937,0.62962,2.63,1.88
2011.09.14 09:47:09.892,0.6294,0.62963,1.50,2.63
2011.09.14 09:47:11.003,0.62937,0.6296,2.63,1.50
2011.09.14 09:47:11.234,0.62938,0.62963,1.50,3.38
2011.09.14 09:47:11.866,0.62938,0.62962,3.75,2.63
2011.09.14 09:47:12.353,0.62938,0.62962,3.00,3.38
2011.09.14 09:47:15.014,0.62938,0.62962,3.00,3.75
2011.09.14 09:47:15.353,0.6294,0.62964,1.13,1.50
2011.09.14 09:47:16.014,0.62942,0.62969,1.13,1.50
2011.09.14 09:47:16.357,0.62946,0.62972,1.50,1.50
2011.09.14 09:47:16.815,0.62948,0.62974,3.00,1.50
2011.09.14 09:47:17.158,0.62949,0.62977,1.50,1.50
2011.09.14 09:47:19.686,0.62949,0.62973,1.50,2.25
2011.09.14 09:47:20.914,0.62949,0.62977,1.50,1.50
2011.09.14 09:47:26.506,0.62949,0.62972,1.50,2.25
2011.09.14 09:47:26.845,0.62945,0.62972,1.50,3.00
2011.09.14 09:47:26.973,0.62949,0.62972,1.50,2.25
2011.09.14 09:47:27.092,0.62949,0.62977,1.50,1.50
2011.09.14 09:47:28.695,0.62952,0.6298,1.50,2.25
2011.09.14 09:47:28.814,0.62953,0.62981,1.50,1.50
2011.09.14 09:47:30.176,0.6295,0.62976,1.50,1.13
2011.09.14 09:47:30.745,0.6295,0.62973,1.50,2.25
2011.09.14 09:47:30.869,0.62953,0.6298,1.50,1.35
2011.09.14 09:47:31.423,0.62953,0.62979,1.50,1.13
2011.09.14 09:47:31.544,0.62953,0.62973,1.50,2.25
2011.09.14 09:47:32.973,0.62949,0.62973,1.50,2.25
2011.09.14 09:47:33.964,0.62949,0.62973,1.50,2.63
2011.09.14 09:47:34.612,0.62947,0.62973,1.50,3.00
2011.09.14 09:47:35.508,0.62952,0.62973,1.50,2.25
2011.09.14 09:47:37.256,0.62958,0.62978,1.35,1.50
2011.09.14 09:47:37.485,0.62957,0.62978,1.50,2.25
2011.09.14 09:47:37.606,0.62962,0.62978,1.35,2.25
2011.09.14 09:47:37.725,0.62962,0.62984,1.35,1.50
2011.09.14 09:47:37.844,0.62959,0.62987,1.50,1.50
2011.09.14 09:47:43.046,0.62964,0.62991,1.13,1.50
2011.09.14 09:47:46.689,0.62966,0.62991,1.13,1.50
2011.09.14 09:47:52.813,0.62966,0.62991,1.13,1.50
2011.09.14 09:47:56.079,0.62968,0.62991,2.25,1.50
2011.09.14 09:47:57.078,0.62968,0.62985,2.25,1.50
2011.09.14 09:47:57.568,0.62961,0.62985,1.13,1.50
2011.09.14 09:47:57.793,0.62965,0.62987,1.13,1.50
2011.09.14 09:47:57.915,0.62962,0.62989,1.13,2.25
2011.09.14 09:47:59.582,0.62961,0.62986,1.13,1.50
2011.09.14 09:48:00.713,0.62961,0.62986,1.13,1.50
2011.09.14 09:48:03.067,0.62967,0.6299,2.25,1.50
2011.09.14 09:48:03.297,0.62967,0.6299,2.63,1.50
2011.09.14 09:48:04.075,0.62969,0.62993,1.13,3.00
2011.09.14 09:48:05.237,0.62969,0.62993,1.73,3.00
2011.09.14 09:48:05.359,0.62971,0.62993,1.35,2.25
2011.09.14 09:48:05.696,0.62977,0.62996,1.35,2.25
2011.09.14 09:48:06.222,0.62978,0.63003,1.35,1.50
2011.09.14 09:48:06.356,0.62984,0.63003,1.50,2.25
2011.09.14 09:48:06.480,0.62984,0.63011,1.50,1.50
2011.09.14 09:48:06.706,0.62989,0.63015,1.50,2.10
2011.09.14 09:48:24.973,0.62993,0.63019,1.50,1.50
2011.09.14 09:48:25.850,0.62994,0.63023,1.50,3.75
2011.09.14 09:48:25.974,0.62997,0.63023,1.50,3.75
2011.09.14 09:48:27.405,0.62995,0.63023,1.50,5.25
2011.09.14 09:48:27.525,0.62993,0.63019,1.50,1.50
2011.09.14 09:48:28.331,0.62996,0.63023,1.50,3.00
2011.09.14 09:48:35.518,0.63,0.63022,2.10,3.00
2011.09.14 09:48:35.748,0.63002,0.63027,1.13,1.13
2011.09.14 09:48:37.077,0.63002,0.63028,1.13,1.50
2011.09.14 09:48:37.601,0.63004,0.6303,1.88,1.13
2011.09.14 09:48:38.083,0.63008,0.63031,2.25,1.13
2011.09.14 09:48:39.359,0.63008,0.6303,2.25,1.13
2011.09.14 09:48:39.585,0.63004,0.6303,1.50,1.13
2011.09.14 09:48:42.372,0.63004,0.6303,1.50,1.13
2011.09.14 09:48:42.716,0.63001,0.63028,1.73,2.48
2011.09.14 09:48:46.455,0.63,0.63023,1.50,2.48
2011.09.14 09:48:46.687,0.62997,0.63019,2.25,1.13
2011.09.14 09:48:47.025,0.62994,0.63018,3.00,1.73
2011.09.14 09:48:47.255,0.62991,0.63015,1.13,1.13
2011.09.14 09:48:47.737,0.6299,0.63014,1.50,1.13
2011.09.14 09:48:48.074,0.62979,0.63003,1.50,2.63
2011.09.14 09:48:48.963,0.62975,0.63001,1.50,1.13
2011.09.14 09:48:49.458,0.62975,0.62987,1.50,1.50
2011.09.14 09:48:50.572,0.62949,0.62982,3.00,2.25
2011.09.14 09:48:50.698,0.62948,0.62982,3.75,2.25
2011.09.14 09:48:50.817,0.62949,0.6298,1.50,2.10
2011.09.14 09:48:50.936,0.62939,0.6298,2.25,2.10
2011.09.14 09:48:51.495,0.62959,0.62982,2.10,1.50
2011.09.14 09:48:51.844,0.62963,0.62983,1.50,2.10
2011.09.14 09:48:52.428,0.62967,0.62991,2.25,3.00
2011.09.14 09:48:52.986,0.62968,0.62991,2.25,1.50
2011.09.14 09:48:55.424,0.62967,0.62991,2.25,1.50
2011.09.14 09:48:55.546,0.62968,0.62996,1.50,1.50
2011.09.14 09:48:55.774,0.62968,0.62998,3.00,1.50
2011.09.14 09:48:55.898,0.62972,0.63,1.50,1.50
2011.09.14 09:48:57.125,0.62969,0.62995,1.50,1.13
2011.09.14 09:48:57.247,0.62969,0.62993,1.50,1.13
2011.09.14 09:48:57.916,0.62967,0.62992,2.63,1.50
2011.09.14 09:49:02.783,0.62967,0.62992,2.85,1.50
2011.09.14 09:49:03.016,0.62965,0.62992,2.25,3.98
2011.09.14 09:49:03.249,0.62969,0.62992,1.50,2.85
2011.09.14 09:49:03.805,0.62969,0.62995,1.50,1.50
2011.09.14 09:49:05.108,0.62971,0.62999,1.50,2.25
2011.09.14 09:49:05.225,0.62973,0.63001,1.50,1.50
2011.09.14 09:49:09.105,0.62977,0.63002,1.50,3.00
2011.09.14 09:49:11.506,0.62974,0.63002,2.25,3.75
2011.09.14 09:49:11.624,0.62973,0.63001,1.50,1.50
2011.09.14 09:49:20.375,0.62973,0.62999,1.50,1.13
2011.09.14 09:49:21.208,0.62974,0.62999,1.13,1.13
2011.09.14 09:49:21.324,0.62973,0.62999,1.50,1.13
2011.09.14 09:49:21.775,0.62973,0.62999,1.50,1.13
2011.09.14 09:49:23.673,0.62973,0.62999,1.50,1.13
2011.09.14 09:49:24.956,0.62973,0.62999,1.50,1.13
2011.09.14 09:49:25.513,0.62973,0.62999,1.50,1.13
2011.09.14 09:49:26.716,0.62973,0.62999,1.50,1.13
2011.09.14 09:49:28.856,0.62973,0.62999,1.88,1.13
2011.09.14 09:49:30.413,0.62973,0.62999,1.50,1.50
2011.09.14 09:49:30.534,0.62973,0.62995,1.50,2.10
2011.09.14 09:49:30.656,0.62969,0.62994,1.50,1.35
2011.09.14 09:49:30.886,0.62969,0.62996,1.50,2.25
2011.09.14 09:49:31.490,0.62969,0.62993,1.50,2.25
2011.09.14 09:49:32.044,0.62969,0.62996,1.50,2.25
2011.09.14 09:49:38.806,0.62972,0.63,1.50,2.25
2011.09.14 09:49:38.928,0.62973,0.63001,1.50,3.00
2011.09.14 09:49:39.762,0.62974,0.62999,1.13,1.13
2011.09.14 09:49:40.106,0.62978,0.63002,1.50,1.50
2011.09.14 09:49:40.755,0.6298,0.63006,1.13,1.50
2011.09.14 09:49:40.879,0.62983,0.63008,1.88,1.13
2011.09.14 09:49:41.473,0.62983,0.63008,1.88,1.13
2011.09.14 09:49:41.948,0.62984,0.63009,1.13,2.10
2011.09.14 09:49:42.177,0.62986,0.63012,1.88,4.13
2011.09.14 09:49:42.734,0.62988,0.63013,1.13,3.60
2011.09.14 09:49:43.074,0.62991,0.63017,1.50,1.50
2011.09.14 09:49:43.527,0.62991,0.63013,1.50,2.25
2011.09.14 09:49:44.319,0.62991,0.63017,1.50,1.50
2011.09.14 09:49:49.103,0.62994,0.63021,1.50,2.25
2011.09.14 09:49:50.015,0.62991,0.6302,1.50,1.50
2011.09.14 09:49:50.134,0.62991,0.63017,1.50,1.50
2011.09.14 09:49:50.694,0.62991,0.63015,1.50,1.13
2011.09.14 09:49:51.592,0.62991,0.63012,1.50,2.25
2011.09.14 09:49:51.711,0.62987,0.63012,1.50,3.00
2011.09.14 09:49:54.955,0.62984,0.63013,1.50,3.75
2011.09.14 09:49:55.074,0.62982,0.6301,1.50,1.50
2011.09.14 09:49:55.746,0.62982,0.63008,1.50,1.13
2011.09.14 09:49:55.868,0.6298,0.63004,1.13,1.13
2011.09.14 09:49:56.383,0.62979,0.63002,1.13,2.25
2011.09.14 09:49:57.603,0.62978,0.63002,3.75,2.63
2011.09.14 09:50:01.133,0.62978,0.63002,3.75,2.63
2011.09.14 09:50:03.255,0.62978,0.62997,3.00,2.10
2011.09.14 09:50:03.375,0.62974,0.62997,1.50,2.10
2011.09.14 09:50:03.494,0.62974,0.62993,1.50,2.63
2011.09.14 09:50:03.618,0.62971,0.62993,1.50,2.63
2011.09.14 09:50:03.845,0.62967,0.62991,3.75,1.73
2011.09.14 09:50:03.966,0.62967,0.6299,3.00,1.13
2011.09.14 09:50:04.309,0.62962,0.62982,1.50,2.85
2011.09.14 09:50:04.650,0.62954,0.62973,1.50,2.25
2011.09.14 09:50:05.081,0.62954,0.6298,1.50,2.25
2011.09.14 09:50:07.550,0.62954,0.62978,1.50,1.13
2011.09.14 09:50:07.883,0.62954,0.62973,1.50,2.25
2011.09.14 09:50:13.435,0.62951,0.62973,1.50,2.25
2011.09.14 09:50:13.556,0.6295,0.62973,1.50,2.85
2011.09.14 09:50:15.573,0.6295,0.62976,1.50,1.50
2011.09.14 09:50:16.363,0.62951,0.62981,1.50,3.00
2011.09.14 09:50:16.500,0.62955,0.62981,1.50,1.50
2011.09.14 09:50:17.995,0.62955,0.62982,3.00,3.00
2011.09.14 09:50:18.116,0.62958,0.62986,1.50,3.00
2011.09.14 09:50:30.076,0.62962,0.62987,1.50,1.50
2011.09.14 09:50:31.084,0.62962,0.62986,1.50,1.50
2011.09.14 09:50:31.733,0.62962,0.62987,1.50,1.50
2011.09.14 09:50:32.627,0.62962,0.62988,1.50,1.35
2011.09.14 09:50:39.024,0.62963,0.6299,2.25,1.35
2011.09.14 09:50:39.476,0.62967,0.62992,1.50,3.00
2011.09.14 09:50:40.379,0.62962,0.6299,1.50,1.50
2011.09.14 09:50:42.863,0.62963,0.62991,2.25,1.50
2011.09.14 09:50:43.575,0.62966,0.62994,1.50,1.50
2011.09.14 09:50:44.737,0.62969,0.62994,1.13,1.50
2011.09.14 09:50:44.855,0.62972,0.62996,1.13,1.50
2011.09.14 09:50:44.976,0.62971,0.62997,1.50,1.50
2011.09.14 09:50:45.318,0.62972,0.63002,1.50,3.00
2011.09.14 09:50:45.879,0.62974,0.63002,1.50,1.50
2011.09.14 09:50:46.107,0.62978,0.63006,1.50,1.50
2011.09.14 09:50:48.625,0.62977,0.63,2.25,1.13
2011.09.14 09:50:48.744,0.62977,0.63,2.25,1.50
2011.09.14 09:50:48.976,0.62975,0.63001,1.50,1.50
2011.09.14 09:50:49.094,0.62979,0.63005,1.50,1.50
2011.09.14 09:50:49.437,0.62983,0.63008,1.50,1.13
2011.09.14 09:50:49.776,0.62983,0.63007,1.50,1.13
2011.09.14 09:50:50.226,0.62983,0.63009,1.50,1.50
2011.09.14 09:50:50.760,0.62986,0.63013,1.50,3.00
2011.09.14 09:50:52.497,0.62986,0.63011,1.50,1.50
2011.09.14 09:50:52.836,0.62982,0.63007,1.88,1.13
2011.09.14 09:50:55.683,0.62979,0.63004,1.50,1.13
2011.09.14 09:50:56.026,0.62977,0.63,3.00,1.13
2011.09.14 09:50:58.775,0.62978,0.63003,1.50,2.85
2011.09.14 09:50:58.893,0.62978,0.63006,1.50,3.00
2011.09.14 09:50:59.514,0.62977,0.62999,1.50,1.13
2011.09.14 09:51:00.286,0.62974,0.62999,1.50,1.13
2011.09.14 09:51:05.463,0.62974,0.62999,1.50,1.13
2011.09.14 09:51:05.695,0.62971,0.62995,1.50,1.13
2011.09.14 09:51:06.329,0.62968,0.62994,3.75,1.13
2011.09.14 09:51:06.443,0.62968,0.62993,3.00,1.50
2011.09.14 09:51:06.968,0.62968,0.62995,3.00,1.50
2011.09.14 09:51:07.305,0.62968,0.6299,1.50,1.35
2011.09.14 09:51:07.426,0.62966,0.62992,1.50,1.50
2011.09.14 09:51:07.983,0.62968,0.62992,1.13,1.50
2011.09.14 09:51:08.664,0.62969,0.62995,1.88,1.73
2011.09.14 09:51:11.045,0.62969,0.62995,1.50,1.13
2011.09.14 09:51:11.723,0.62971,0.62997,1.35,1.50
2011.09.14 09:51:11.846,0.62973,0.63001,1.50,3.00
2011.09.14 09:51:12.399,0.62979,0.63005,1.50,1.50
2011.09.14 09:51:21.692,0.6298,0.63005,1.13,1.50
2011.09.14 09:51:21.923,0.62983,0.63008,1.13,1.13
2011.09.14 09:51:22.953,0.62988,0.63008,2.25,1.13
2011.09.14 09:51:26.320,0.62982,0.63008,1.88,1.73
2011.09.14 09:51:26.435,0.62984,0.6301,1.35,1.50
2011.09.14 09:51:26.993,0.62982,0.63008,1.88,1.73
2011.09.14 09:51:27.783,0.62982,0.6301,1.50,1.50
2011.09.14 09:51:28.129,0.62987,0.63013,1.50,3.75
2011.09.14 09:51:28.469,0.6299,0.63015,1.88,1.13
2011.09.14 09:51:28.810,0.62995,0.63021,1.50,3.75
2011.09.14 09:51:30.314,0.62998,0.63021,2.25,1.50
2011.09.14 09:51:35.017,0.62998,0.63021,2.63,1.50
2011.09.14 09:51:37.974,0.62998,0.63021,2.25,1.50
2011.09.14 09:51:38.533,0.62995,0.63021,1.50,1.50
2011.09.14 09:51:45.117,0.62998,0.63024,1.88,1.13
2011.09.14 09:51:46.373,0.62997,0.63021,3.38,1.50
2011.09.14 09:51:46.924,0.62997,0.63021,3.38,1.50
2011.09.14 09:51:47.395,0.62998,0.63023,3.75,1.13
2011.09.14 09:51:47.733,0.63001,0.63026,3.23,1.88
2011.09.14 09:51:48.184,0.63001,0.63026,3.23,1.50
2011.09.14 09:51:48.307,0.63005,0.63029,1.13,1.50
2011.09.14 09:51:48.782,0.63008,0.63027,2.25,1.13
2011.09.14 09:51:48.921,0.63002,0.63027,1.50,1.13
2011.09.14 09:51:49.035,0.63,0.63026,1.13,1.88
2011.09.14 09:51:49.743,0.63,0.63026,1.13,1.50
2011.09.14 09:51:50.083,0.63007,0.63026,2.25,1.50
2011.09.14 09:51:50.535,0.62999,0.63024,3.38,3.23
2011.09.14 09:51:52.865,0.62999,0.63025,1.13,1.13
2011.09.14 09:51:53.537,0.63,0.63026,1.50,1.50
2011.09.14 09:51:53.873,0.62998,0.63023,1.50,3.00
2011.09.14 09:51:54.238,0.62997,0.63019,3.00,1.13
2011.09.14 09:51:54.362,0.6299,0.63013,1.50,2.85
2011.09.14 09:51:54.694,0.62984,0.63004,2.25,2.48
2011.09.14 09:51:55.260,0.62983,0.63002,1.50,2.25
2011.09.14 09:51:55.610,0.62986,0.63002,1.88,2.25
2011.09.14 09:51:55.724,0.62987,0.63012,3.00,2.63
2011.09.14 09:51:55.846,0.62987,0.63012,3.00,2.25
2011.09.14 09:51:56.503,0.62994,0.63017,1.50,1.50
2011.09.14 09:51:56.637,0.62999,0.63023,1.50,2.63
2011.09.14 09:51:56.759,0.62999,0.63023,1.50,2.63
2011.09.14 09:51:57.094,0.63,0.63025,1.13,1.50
2011.09.14 09:51:57.327,0.63003,0.63027,1.50,1.13
2011.09.14 09:51:58.373,0.63003,0.63027,1.50,1.50
2011.09.14 09:51:58.942,0.63001,0.63026,1.13,1.88
2011.09.14 09:51:59.396,0.63003,0.63029,1.50,1.50
2011.09.14 09:52:00.379,0.63003,0.63028,1.50,1.50
2011.09.14 09:52:00.715,0.62998,0.63024,1.50,2.10
2011.09.14 09:52:01.358,0.63,0.63027,1.13,1.73
2011.09.14 09:52:01.482,0.63002,0.63027,1.50,1.13
2011.09.14 09:52:03.170,0.63002,0.63026,1.50,1.13
2011.09.14 09:52:03.506,0.62997,0.63021,2.63,1.50
2011.09.14 09:52:04.126,0.6299,0.63013,3.00,2.63
2011.09.14 09:52:04.245,0.6299,0.63013,1.50,2.63
2011.09.14 09:52:08.796,0.6299,0.63013,1.50,2.25
2011.09.14 09:52:08.914,0.6299,0.63016,1.50,1.50
2011.09.14 09:52:09.147,0.62996,0.63022,1.50,1.50
2011.09.14 09:52:10.099,0.63,0.63026,1.50,1.50
2011.09.14 09:52:12.276,0.63004,0.6303,1.50,1.50
2011.09.14 09:52:16.712,0.63,0.63028,2.25,1.50
2011.09.14 09:52:16.824,0.62999,0.63027,1.50,1.50
2011.09.14 09:52:21.327,0.63009,0.63034,1.88,1.50
2011.09.14 09:52:21.665,0.63018,0.63037,2.25,1.13
2011.09.14 09:52:33.666,0.63018,0.63044,4.50,1.50
2011.09.14 09:52:34.455,0.6302,0.63047,1.50,1.35
2011.09.14 09:52:37.094,0.63023,0.63051,1.50,2.25
2011.09.14 09:52:37.330,0.63024,0.63052,1.50,1.50
2011.09.14 09:52:38.698,0.63029,0.63053,1.50,1.50
2011.09.14 09:52:55.675,0.63028,0.63056,1.50,3.00
2011.09.14 09:52:57.718,0.63033,0.63059,1.50,1.50
2011.09.14 09:52:58.054,0.63033,0.63061,1.50,2.25
2011.09.14 09:52:59.648,0.63036,0.63062,1.50,4.50
2011.09.14 09:53:00.228,0.63033,0.63059,1.50,1.50
2011.09.14 09:53:11.294,0.63029,0.63057,3.00,1.50
2011.09.14 09:53:11.413,0.63029,0.63055,1.50,1.50
2011.09.14 09:53:12.324,0.63024,0.63052,3.00,1.50
2011.09.14 09:53:20.810,0.6302,0.63048,1.50,1.50
2011.09.14 09:53:23.088,0.63025,0.63051,1.50,1.50
2011.09.14 09:53:29.907,0.63021,0.6305,1.50,1.50
2011.09.14 09:53:30.025,0.63021,0.63047,1.50,1.50
2011.09.14 09:53:30.666,0.63025,0.63051,1.50,3.00
2011.09.14 09:53:36.795,0.63021,0.63047,1.50,1.50
2011.09.14 09:53:45.014,0.63017,0.63045,3.00,1.50
2011.09.14 09:53:45.135,0.63017,0.63043,1.50,1.50
2011.09.14 09:53:46.605,0.63021,0.63047,1.50,1.50
2011.09.14 09:54:03.547,0.63017,0.63045,3.00,1.50
2011.09.14 09:54:03.670,0.63017,0.63043,1.50,1.50
2011.09.14 09:54:07.732,0.63013,0.63041,3.00,1.50
2011.09.14 09:54:07.847,0.63013,0.63039,1.50,1.50
2011.09.14 09:54:11.533,0.6301,0.63039,1.50,1.50
2011.09.14 09:54:11.655,0.63009,0.63035,3.00,1.50
2011.09.14 09:54:14.555,0.63004,0.63032,1.50,1.50
2011.09.14 09:54:15.601,0.63001,0.63031,1.50,2.25
2011.09.14 09:54:15.716,0.62999,0.63027,1.50,1.50
2011.09.14 09:54:16.346,0.62998,0.63021,2.25,1.50
2011.09.14 09:54:16.687,0.62979,0.63007,1.50,1.50
2011.09.14 09:54:16.806,0.62978,0.63001,1.50,1.50
2011.09.14 09:54:17.367,0.62979,0.63005,1.50,1.50
2011.09.14 09:54:18.392,0.62982,0.6301,1.50,1.50
2011.09.14 09:54:18.614,0.62987,0.63013,1.50,1.50
2011.09.14 09:54:22.215,0.6299,0.63018,1.50,1.50
2011.09.14 09:54:22.668,0.62989,0.63013,2.25,1.50
2011.09.14 09:54:25.837,0.62991,0.63017,1.50,3.00
2011.09.14 09:54:26.510,0.62998,0.63017,2.25,1.50
2011.09.14 09:54:28.385,0.62998,0.63022,3.38,3.00
2011.09.14 09:54:28.614,0.62998,0.63022,3.38,3.00
2011.09.14 09:54:28.845,0.62998,0.63024,3.38,1.88
2011.09.14 09:54:29.518,0.62998,0.63022,3.00,1.13
2011.09.14 09:54:29.854,0.62997,0.6302,2.25,1.50
2011.09.14 09:54:31.736,0.62998,0.63023,1.13,3.00
2011.09.14 09:54:33.557,0.62997,0.63022,3.38,1.13
2011.09.14 09:54:40.137,0.63,0.63028,1.50,1.50
2011.09.14 09:54:40.806,0.63005,0.63031,1.50,1.88
2011.09.14 09:54:50.575,0.63008,0.63033,1.50,3.98
2011.09.14 09:54:50.695,0.63008,0.63033,1.50,3.00
2011.09.14 09:54:52.781,0.63008,0.63033,1.50,3.38
2011.09.14 09:54:54.664,0.63008,0.63033,1.50,4.50
2011.09.14 09:54:55.206,0.63004,0.63022,2.25,2.25
2011.09.14 09:54:55.326,0.63001,0.63022,1.50,2.25
2011.09.14 09:54:56.153,0.63001,0.63022,1.50,2.63
2011.09.14 09:54:56.718,0.62998,0.63022,3.00,3.98
2011.09.14 09:54:59.473,0.62998,0.63022,3.60,3.00
2011.09.14 09:54:59.838,0.63,0.63022,2.25,2.25
2011.09.14 09:54:59.962,0.63005,0.63031,1.50,1.50
2011.09.14 09:55:02.928,0.63006,0.63031,1.50,1.50
2011.09.14 09:55:03.049,0.63011,0.63033,1.13,1.50
2011.09.14 09:55:03.169,0.63018,0.63036,2.25,1.50
2011.09.14 09:55:03.506,0.63011,0.63036,1.13,1.50
2011.09.14 09:55:04.174,0.63011,0.63036,1.13,1.50
2011.09.14 09:55:04.995,0.63011,0.63037,1.50,1.13
2011.09.14 09:55:05.125,0.63014,0.63039,1.73,1.88
2011.09.14 09:55:05.354,0.63018,0.63039,2.25,1.88
2011.09.14 09:55:06.345,0.63014,0.63038,1.35,1.13
2011.09.14 09:55:07.123,0.63014,0.63038,1.35,1.13
2011.09.14 09:55:08.586,0.63017,0.6304,2.25,1.13
2011.09.14 09:55:09.143,0.63016,0.63042,1.50,3.75
2011.09.14 09:55:11.186,0.63016,0.63042,1.50,3.38
2011.09.14 09:55:11.316,0.63016,0.63042,1.50,3.38
2011.09.14 09:55:11.791,0.63014,0.63038,1.35,1.13
2011.09.14 09:55:15.840,0.63014,0.63037,1.35,1.88
2011.09.14 09:55:15.960,0.63008,0.63032,4.50,3.38
2011.09.14 09:55:16.318,0.63009,0.63032,1.50,3.38
2011.09.14 09:55:16.778,0.63016,0.63032,1.50,2.25
2011.09.14 09:55:16.896,0.63016,0.63041,1.50,2.25
2011.09.14 09:55:17.016,0.6302,0.63042,1.50,1.50
2011.09.14 09:55:17.133,0.6302,0.63047,1.50,2.25
2011.09.14 09:55:17.588,0.63017,0.63043,1.50,1.50
2011.09.14 09:55:18.507,0.63017,0.63041,1.50,1.13
2011.09.14 09:55:18.858,0.63012,0.6304,1.50,1.50
2011.09.14 09:55:20.547,0.63013,0.63041,2.25,3.38
2011.09.14 09:55:21.360,0.63016,0.63041,1.50,3.38
2011.09.14 09:55:21.598,0.63016,0.63041,1.50,1.13
2011.09.14 09:55:23.166,0.63016,0.63041,1.50,2.63
2011.09.14 09:55:24.050,0.63016,0.63041,1.50,3.23
2011.09.14 09:55:24.275,0.63013,0.63039,1.50,2.10
2011.09.14 09:55:24.725,0.63018,0.63042,1.50,2.25
2011.09.14 09:55:25.284,0.63018,0.63042,1.50,2.63
2011.09.14 09:55:25.623,0.63018,0.63042,1.50,2.63
2011.09.14 09:55:28.166,0.63018,0.63042,1.50,2.63
2011.09.14 09:55:28.286,0.63013,0.63041,1.50,1.88
2011.09.14 09:55:47.354,0.63016,0.63042,1.50,3.00
2011.09.14 09:55:47.697,0.63021,0.63047,1.50,1.50
2011.09.14 09:55:48.236,0.63021,0.63049,1.50,1.50
2011.09.14 09:55:48.795,0.63024,0.63047,1.50,1.13
2011.09.14 09:55:49.244,0.63023,0.63042,2.25,2.25
2011.09.14 09:55:49.364,0.63023,0.63047,2.25,1.13
2011.09.14 09:55:49.705,0.63026,0.63052,1.50,2.10
2011.09.14 09:55:50.045,0.63027,0.63056,1.50,1.50
2011.09.14 09:55:50.166,0.6303,0.63056,1.50,1.50
2011.09.14 09:55:50.616,0.63033,0.63061,1.50,2.10
2011.09.14 09:55:51.789,0.63038,0.63062,1.50,2.25
2011.09.14 09:55:55.323,0.63038,0.63062,3.00,2.25
2011.09.14 09:56:00.370,0.63041,0.63066,1.50,1.88
2011.09.14 09:56:01.767,0.63036,0.63062,1.50,3.00
2011.09.14 09:56:06.276,0.63041,0.63062,1.50,2.25
2011.09.14 09:56:06.838,0.63041,0.63066,1.50,3.00
2011.09.14 09:56:07.322,0.63045,0.63071,1.50,3.00
2011.09.14 09:56:07.441,0.6305,0.63074,1.13,1.50
2011.09.14 09:56:07.554,0.6305,0.63076,1.13,1.50
2011.09.14 09:56:08.405,0.6305,0.63076,1.13,1.50
2011.09.14 09:56:10.016,0.63053,0.63077,1.50,1.13
2011.09.14 09:56:17.569,0.63058,0.63079,3.00,1.13
2011.09.14 09:56:17.805,0.63058,0.63082,3.00,3.98
2011.09.14 09:56:19.355,0.63058,0.63082,3.38,3.38
2011.09.14 09:56:19.477,0.63061,0.63082,1.13,2.25
2011.09.14 09:56:19.948,0.63063,0.63088,1.50,1.13
2011.09.14 09:56:20.447,0.63063,0.63089,1.50,1.13
2011.09.14 09:56:21.186,0.63063,0.63088,1.50,1.13
2011.09.14 09:56:22.786,0.63063,0.63088,1.50,1.13
2011.09.14 09:56:23.797,0.63063,0.63087,1.50,1.13
2011.09.14 09:56:23.918,0.63061,0.63085,1.50,1.50
2011.09.14 09:56:24.043,0.63059,0.63083,2.25,1.50
2011.09.14 09:56:24.385,0.63058,0.63081,2.25,1.50
2011.09.14 09:56:25.125,0.63052,0.63073,1.50,2.63
2011.09.14 09:56:25.255,0.63047,0.63069,3.75,1.35
2011.09.14 09:56:25.379,0.63046,0.63062,1.50,2.25
2011.09.14 09:56:25.496,0.63046,0.63071,1.50,3.00
2011.09.14 09:56:25.731,0.63038,0.63066,3.75,1.50
2011.09.14 09:56:25.958,0.63045,0.6307,1.13,1.88
2011.09.14 09:56:26.516,0.63042,0.63063,1.50,2.63
2011.09.14 09:56:27.197,0.63042,0.63063,1.50,3.23
2011.09.14 09:56:27.320,0.63041,0.63063,1.50,2.85
2011.09.14 09:56:27.880,0.63037,0.63062,1.50,1.35
2011.09.14 09:56:28.392,0.63037,0.63063,1.50,1.50
2011.09.14 09:56:28.619,0.6304,0.63068,1.50,2.48
2011.09.14 09:56:29.890,0.63037,0.63063,1.50,2.10
2011.09.14 09:56:35.206,0.63037,0.63065,3.00,1.50
2011.09.14 09:56:35.329,0.6304,0.63066,1.50,2.25
2011.09.14 09:56:35.556,0.63036,0.63064,1.50,1.50
2011.09.14 09:56:40.894,0.6303,0.63058,1.50,1.50
2011.09.14 09:56:43.187,0.63036,0.63061,1.13,1.50
2011.09.14 09:56:44.496,0.63039,0.63064,1.50,1.13
2011.09.14 09:56:44.834,0.63039,0.63064,1.50,1.13
2011.09.14 09:56:44.957,0.63037,0.63061,3.00,1.13
2011.09.14 09:56:48.815,0.63039,0.63063,1.50,2.63
2011.09.14 09:56:50.133,0.63039,0.63063,1.50,2.63
2011.09.14 09:56:50.673,0.6304,0.63063,1.50,2.63
2011.09.14 09:56:50.790,0.63043,0.63069,1.50,2.10
2011.09.14 09:56:52.009,0.63043,0.63068,1.50,2.25
2011.09.14 09:56:52.675,0.63038,0.63063,1.88,1.13
2011.09.14 09:56:53.133,0.63037,0.63062,2.25,1.50
2011.09.14 09:56:53.368,0.63038,0.63065,1.50,1.13
2011.09.14 09:56:53.595,0.63034,0.63062,1.50,1.50
2011.09.14 09:56:54.092,0.63032,0.63062,1.50,3.00
2011.09.14 09:56:54.454,0.63031,0.63057,1.50,1.50
2011.09.14 09:56:54.583,0.63028,0.63056,3.00,1.50
2011.09.14 09:56:54.710,0.63036,0.63062,1.50,3.60
2011.09.14 09:56:54.828,0.63033,0.63059,1.50,1.50
2011.09.14 09:56:55.386,0.63033,0.63057,1.50,1.13
2011.09.14 09:56:55.613,0.63029,0.63055,1.50,1.50
2011.09.14 09:56:57.931,0.63025,0.63053,2.25,1.50
2011.09.14 09:56:58.048,0.63024,0.63051,1.50,2.25
2011.09.14 09:56:58.426,0.63028,0.63051,1.50,1.50
2011.09.14 09:56:58.985,0.63028,0.63052,1.50,1.50
2011.09.14 09:56:59.804,0.63028,0.63056,1.50,1.50
2011.09.14 09:57:01.224,0.63033,0.63057,1.50,2.25
2011.09.14 09:57:02.306,0.63033,0.63056,1.50,1.50
2011.09.14 09:57:02.767,0.63028,0.63054,3.75,1.50
2011.09.14 09:57:04.584,0.63031,0.63056,1.50,1.50
2011.09.14 09:57:05.213,0.63031,0.63057,1.50,2.25
2011.09.14 09:57:05.938,0.63031,0.63056,1.50,1.50
2011.09.14 09:57:06.635,0.63036,0.63056,1.50,1.50
2011.09.14 09:57:07.195,0.63036,0.63057,1.50,1.50
2011.09.14 09:57:07.871,0.63036,0.63061,1.50,1.13
2011.09.14 09:57:11.496,0.63036,0.63061,1.50,1.50
2011.09.14 09:57:11.618,0.6304,0.63063,1.50,2.25
2011.09.14 09:57:12.286,0.6304,0.63063,1.50,2.63
2011.09.14 09:57:12.850,0.6304,0.63061,1.50,1.50
2011.09.14 09:57:13.500,0.6304,0.63062,1.50,1.88
2011.09.14 09:57:14.280,0.6304,0.63062,1.50,1.88
2011.09.14 09:57:14.840,0.6304,0.63062,1.50,1.88
2011.09.14 09:57:19.733,0.63036,0.6306,1.50,1.13
2011.09.14 09:57:22.938,0.63036,0.6306,1.50,1.50
2011.09.14 09:57:23.172,0.63032,0.63052,1.50,2.63
2011.09.14 09:57:25.572,0.63032,0.63057,1.50,3.00
2011.09.14 09:57:30.984,0.63036,0.63062,1.50,5.10
2011.09.14 09:57:32.788,0.63034,0.63062,1.50,5.10
2011.09.14 09:57:32.904,0.63032,0.6306,1.50,1.50
2011.09.14 09:57:40.805,0.63032,0.63056,1.50,1.50
2011.09.14 09:57:41.904,0.63032,0.63057,1.50,1.50
2011.09.14 09:57:43.797,0.63032,0.63056,1.50,1.50
2011.09.14 09:57:44.377,0.63032,0.63057,1.50,1.50
2011.09.14 09:57:44.953,0.63032,0.63056,1.50,1.50
2011.09.14 09:57:45.587,0.63032,0.63057,1.50,1.50
2011.09.14 09:57:46.034,0.63036,0.63056,1.50,1.50
2011.09.14 09:57:46.490,0.63036,0.63061,1.50,2.25
2011.09.14 09:57:46.828,0.63036,0.63061,1.50,2.63
2011.09.14 09:57:47.230,0.63038,0.63061,3.00,2.25
2011.09.14 09:57:48.689,0.63033,0.63061,3.00,1.50
2011.09.14 09:57:48.806,0.63033,0.63057,1.50,1.50
2011.09.14 09:57:49.657,0.63033,0.63056,1.50,1.50
2011.09.14 09:57:50.213,0.63033,0.63057,1.50,1.50
2011.09.14 09:57:50.777,0.63033,0.63059,1.50,1.50
2011.09.14 09:57:51.989,0.63028,0.63056,1.50,1.50
2011.09.14 09:57:52.549,0.63028,0.63052,3.00,3.00
2011.09.14 09:57:53.025,0.63025,0.63053,2.25,1.50
2011.09.14 09:57:53.257,0.63025,0.63051,1.50,1.50
2011.09.14 09:57:53.377,0.63028,0.63051,2.25,1.50
2011.09.14 09:57:53.715,0.63028,0.63051,3.00,1.50
2011.09.14 09:57:54.055,0.63031,0.63056,1.13,3.00
2011.09.14 09:57:54.877,0.63034,0.63059,1.13,1.88
2011.09.14 09:58:00.477,0.63037,0.63059,2.25,1.88
2011.09.14 09:58:01.037,0.63033,0.63059,1.50,2.10
2011.09.14 09:58:01.159,0.63029,0.63055,1.50,1.50
2011.09.14 09:58:01.496,0.63029,0.63052,1.50,2.25
2011.09.14 09:58:06.924,0.63029,0.63052,1.50,2.63
2011.09.14 09:58:07.736,0.63028,0.63049,2.25,1.13
2011.09.14 09:58:07.966,0.6302,0.63042,1.50,2.25
2011.09.14 09:58:09.978,0.6302,0.63042,1.50,2.63
2011.09.14 09:58:10.097,0.6302,0.63042,1.50,2.63
2011.09.14 09:58:10.635,0.63018,0.63041,3.00,1.13
2011.09.14 09:58:12.422,0.63018,0.63041,3.00,1.13
2011.09.14 09:58:12.765,0.6302,0.63046,1.50,3.75
2011.09.14 09:58:25.864,0.6302,0.63043,1.50,2.25
2011.09.14 09:58:36.536,0.63016,0.63043,1.50,3.00
2011.09.14 09:58:39.753,0.63019,0.63047,1.50,3.00
2011.09.14 09:58:39.875,0.63021,0.63047,1.50,1.50
2011.09.14 09:58:53.828,0.63022,0.63051,1.50,1.13
2011.09.14 09:58:53.944,0.6302,0.63048,1.50,1.50
2011.09.14 09:59:01.674,0.63025,0.63051,1.50,1.50
2011.09.14 09:59:04.116,0.6302,0.6305,3.00,1.50
2011.09.14 09:59:04.448,0.6302,0.63048,1.50,1.50
2011.09.14 09:59:05.060,0.63025,0.63051,1.50,1.50
2011.09.14 09:59:05.627,0.63021,0.63047,1.50,1.50
2011.09.14 09:59:13.365,0.63025,0.63051,1.50,1.50
2011.09.14 09:59:28.066,0.63021,0.63047,2.25,1.50
2011.09.14 09:59:30.107,0.63022,0.63051,1.50,1.50
2011.09.14 09:59:30.226,0.63025,0.63051,1.50,1.50
2011.09.14 09:59:36.486,0.63029,0.63055,1.50,1.50
2011.09.14 09:59:37.387,0.63034,0.63056,1.13,2.25
2011.09.14 09:59:37.504,0.63034,0.63059,1.13,1.50
2011.09.14 09:59:39.080,0.63038,0.63059,2.25,1.50
2011.09.14 09:59:39.415,0.63038,0.63064,3.00,1.50
2011.09.14 09:59:44.076,0.63041,0.63067,1.50,1.50
2011.09.14 09:59:45.526,0.63045,0.63071,1.50,1.50
2011.09.14 09:59:46.976,0.63045,0.63073,3.00,1.50
2011.09.14 09:59:47.096,0.63049,0.63075,1.50,1.50
2011.09.14 09:59:52.783,0.63049,0.63072,1.50,2.25
2011.09.14 09:59:54.968,0.63049,0.63075,1.50,1.50
2011.09.14 09:59:59.586,0.63049,0.63072,1.50,2.25
