2013.08.22 09:00:00.029,0.77143,0.77164,2.25,1.13
2013.08.22 09:00:00.209,0.77143,0.77159,1.50,1.13
2013.08.22 09:00:00.329,0.7714,0.77159,1.50,1.13
2013.08.22 09:00:00.448,0.77138,0.77158,1.50,1.50
2013.08.22 09:00:00.748,0.77131,0.77153,1.50,1.13
2013.08.22 09:00:01.290,0.77131,0.77152,1.50,1.13
2013.08.22 09:00:01.883,0.77131,0.77153,1.50,1.13
2013.08.22 09:00:03.590,0.77131,0.77154,2.63,2.07
2013.08.22 09:00:04.939,0.77131,0.77151,1.13,1.50
2013.08.22 09:00:05.059,0.77131,0.77152,1.13,1.32
2013.08.22 09:00:05.419,0.77131,0.77153,2.07,2.25
2013.08.22 09:00:06.333,0.77131,0.77153,1.32,1.50
2013.08.22 09:00:06.840,0.77131,0.77152,1.32,1.50
2013.08.22 09:00:07.174,0.77131,0.77152,1.32,1.50
2013.08.22 09:00:08.388,0.77131,0.77152,1.13,1.50
2013.08.22 09:00:09.298,0.77131,0.77152,1.13,1.50
2013.08.22 09:00:09.418,0.77131,0.77152,1.13,1.50
2013.08.22 09:00:10.826,0.77131,0.77152,1.32,1.50
2013.08.22 09:00:11.068,0.77131,0.77154,1.32,2.07
2013.08.22 09:00:11.154,0.77131,0.77154,1.32,2.07
2013.08.22 09:00:12.138,0.77131,0.77151,1.13,1.88
2013.08.22 09:00:12.258,0.77131,0.77149,1.13,1.13
2013.08.22 09:00:12.878,0.77131,0.77149,1.13,2.63
2013.08.22 09:00:13.187,0.77127,0.77148,1.32,2.63
2013.08.22 09:00:13.738,0.77127,0.77148,1.32,2.25
2013.08.22 09:00:14.039,0.77142,0.77158,1.13,1.50
2013.08.22 09:00:14.458,0.7714,0.77155,1.13,1.50
2013.08.22 09:00:14.518,0.77137,0.77155,1.13,1.50
2013.08.22 09:00:14.938,0.77136,0.77156,2.07,1.50
2013.08.22 09:00:15.580,0.77137,0.77159,2.63,1.13
2013.08.22 09:00:15.698,0.77137,0.77159,2.63,1.13
2013.08.22 09:00:15.998,0.77142,0.77162,1.13,1.13
2013.08.22 09:00:16.358,0.77142,0.77162,1.13,1.13
2013.08.22 09:00:16.983,0.77142,0.77162,1.13,1.13
2013.08.22 09:00:17.328,0.77137,0.77159,2.07,1.13
2013.08.22 09:00:17.629,0.77138,0.77158,2.82,2.25
2013.08.22 09:00:17.868,0.77137,0.77157,2.07,1.13
2013.08.22 09:00:18.408,0.77136,0.77156,2.07,1.88
2013.08.22 09:00:18.928,0.77138,0.77156,1.13,1.88
2013.08.22 09:00:19.140,0.77138,0.77156,2.25,1.88
2013.08.22 09:00:19.200,0.77139,0.77156,1.50,1.88
2013.08.22 09:00:19.440,0.7714,0.77159,1.13,1.13
2013.08.22 09:00:19.798,0.77142,0.77163,1.69,1.88
2013.08.22 09:00:20.399,0.77139,0.7715,1.69,1.50
2013.08.22 09:00:20.517,0.77132,0.77151,2.25,2.85
2013.08.22 09:00:20.578,0.77125,0.77147,2.25,1.50
2013.08.22 09:00:20.697,0.77125,0.77147,1.50,1.50
2013.08.22 09:00:20.818,0.77126,0.77146,3.19,1.13
2013.08.22 09:00:20.878,0.77127,0.77149,1.69,1.13
2013.08.22 09:00:20.997,0.77127,0.77149,1.69,1.13
2013.08.22 09:00:21.241,0.77126,0.77146,1.88,1.50
2013.08.22 09:00:21.300,0.77125,0.77146,1.50,1.50
2013.08.22 09:00:21.657,0.77125,0.77143,1.13,1.13
2013.08.22 09:00:22.077,0.77125,0.77147,1.13,3.19
2013.08.22 09:00:22.198,0.77124,0.77147,2.25,2.07
2013.08.22 09:00:22.378,0.77127,0.77147,1.13,1.50
2013.08.22 09:00:22.680,0.77132,0.7715,1.13,1.13
2013.08.22 09:00:22.740,0.77131,0.77152,1.88,1.13
2013.08.22 09:00:23.351,0.77131,0.77152,1.88,1.13
2013.08.22 09:00:23.425,0.77132,0.77151,1.13,1.13
2013.08.22 09:00:23.849,0.77131,0.77151,1.13,1.13
2013.08.22 09:00:24.028,0.77124,0.77144,1.50,1.13
2013.08.22 09:00:24.088,0.7712,0.77143,2.44,1.88
2013.08.22 09:00:24.207,0.77117,0.77141,2.25,1.13
2013.08.22 09:00:24.447,0.77118,0.77139,1.50,1.50
2013.08.22 09:00:24.748,0.77114,0.77136,3.38,1.88
2013.08.22 09:00:24.808,0.77114,0.77136,1.13,1.13
2013.08.22 09:00:24.927,0.77115,0.77134,1.50,1.13
2013.08.22 09:00:25.228,0.77113,0.77134,1.50,1.32
2013.08.22 09:00:25.588,0.77114,0.77134,1.50,1.32
2013.08.22 09:00:26.145,0.77117,0.77134,1.50,1.32
2013.08.22 09:00:27.103,0.77117,0.77134,1.50,1.13
2013.08.22 09:00:27.428,0.77113,0.77131,1.50,1.88
2013.08.22 09:00:27.608,0.77112,0.7713,1.50,1.13
2013.08.22 09:00:27.728,0.77107,0.77129,2.25,1.50
2013.08.22 09:00:27.788,0.7711,0.77129,1.50,1.50
2013.08.22 09:00:28.049,0.77115,0.77133,1.50,1.13
2013.08.22 09:00:28.229,0.77111,0.77133,1.50,1.13
2013.08.22 09:00:28.350,0.77109,0.77133,1.50,1.13
2013.08.22 09:00:28.889,0.77109,0.77133,1.50,1.88
2013.08.22 09:00:29.008,0.7711,0.77133,1.50,1.88
2013.08.22 09:00:29.367,0.77115,0.77133,1.50,1.88
2013.08.22 09:00:29.547,0.77114,0.77133,1.50,1.88
2013.08.22 09:00:29.728,0.77115,0.77133,1.50,1.88
2013.08.22 09:00:30.398,0.77113,0.77133,1.50,1.88
2013.08.22 09:00:30.591,0.77113,0.77133,1.50,1.88
2013.08.22 09:00:32.158,0.77113,0.77133,1.50,1.50
2013.08.22 09:00:32.608,0.77113,0.77132,1.50,1.13
2013.08.22 09:00:32.849,0.77111,0.7713,1.50,1.13
2013.08.22 09:00:32.968,0.77114,0.7713,1.50,1.13
2013.08.22 09:00:33.434,0.77112,0.77132,1.50,1.13
2013.08.22 09:00:33.508,0.77112,0.77129,1.50,1.13
2013.08.22 09:00:33.748,0.77111,0.77129,1.50,1.13
2013.08.22 09:00:33.808,0.77107,0.77129,1.69,1.13
2013.08.22 09:00:33.869,0.77107,0.77129,1.50,1.32
2013.08.22 09:00:34.228,0.77105,0.77128,1.50,1.32
2013.08.22 09:00:34.288,0.77106,0.77129,1.50,1.32
2013.08.22 09:00:34.468,0.77105,0.77129,2.25,2.82
2013.08.22 09:00:35.004,0.77107,0.77128,1.50,1.13
2013.08.22 09:00:35.589,0.77109,0.7713,1.50,1.13
2013.08.22 09:00:35.769,0.77109,0.77131,3.00,1.13
2013.08.22 09:00:35.888,0.77111,0.77131,1.50,1.13
2013.08.22 09:00:36.460,0.77111,0.77131,1.50,1.13
2013.08.22 09:00:36.809,0.77109,0.77131,1.50,2.07
2013.08.22 09:00:37.358,0.77108,0.77131,3.00,2.07
2013.08.22 09:00:37.598,0.7711,0.77131,2.25,1.32
2013.08.22 09:00:37.958,0.77113,0.77131,1.50,1.32
2013.08.22 09:00:38.237,0.77113,0.77131,1.50,1.32
2013.08.22 09:00:38.357,0.77112,0.77133,1.50,1.32
2013.08.22 09:00:38.419,0.77114,0.77133,1.50,1.32
2013.08.22 09:00:38.687,0.77112,0.77133,1.50,2.07
2013.08.22 09:00:38.748,0.77113,0.77133,1.50,1.32
2013.08.22 09:00:39.429,0.77116,0.77133,1.50,1.13
2013.08.22 09:00:40.083,0.77112,0.77133,1.50,1.88
2013.08.22 09:00:40.638,0.77113,0.77133,1.50,2.07
2013.08.22 09:00:42.398,0.77114,0.77133,1.50,1.88
2013.08.22 09:00:42.638,0.77115,0.77136,2.63,1.69
2013.08.22 09:00:42.758,0.77117,0.77136,1.50,1.32
2013.08.22 09:00:43.289,0.77117,0.77138,1.50,2.07
2013.08.22 09:00:44.758,0.77117,0.77135,1.50,1.50
2013.08.22 09:00:45.117,0.7712,0.77135,1.50,1.50
2013.08.22 09:00:45.657,0.77116,0.77137,1.50,1.32
2013.08.22 09:00:47.239,0.77118,0.7714,1.50,1.69
2013.08.22 09:00:49.287,0.77113,0.77138,2.44,3.57
2013.08.22 09:00:49.868,0.77115,0.77138,1.50,3.19
2013.08.22 09:00:50.428,0.77117,0.77138,2.25,1.32
2013.08.22 09:00:51.408,0.77117,0.77139,1.50,2.44
2013.08.22 09:00:51.469,0.77117,0.77139,1.50,2.44
2013.08.22 09:00:55.868,0.77116,0.77139,1.50,1.69
2013.08.22 09:00:56.379,0.77118,0.77138,1.50,1.32
2013.08.22 09:00:56.738,0.77118,0.77138,1.50,1.32
2013.08.22 09:00:56.918,0.77118,0.77138,1.50,1.32
2013.08.22 09:00:57.819,0.77115,0.77138,2.25,1.32
2013.08.22 09:00:58.257,0.77113,0.77138,1.50,2.07
2013.08.22 09:00:58.498,0.77112,0.77136,3.00,1.32
2013.08.22 09:00:58.557,0.77112,0.77136,3.00,2.07
2013.08.22 09:00:58.918,0.7711,0.77132,1.50,1.32
2013.08.22 09:00:59.698,0.77114,0.77135,1.13,1.69
2013.08.22 09:00:59.818,0.77116,0.77136,1.13,1.13
2013.08.22 09:00:59.939,0.77119,0.77138,1.88,1.69
2013.08.22 09:01:00.119,0.77122,0.7714,1.13,1.13
2013.08.22 09:01:00.238,0.77124,0.77142,1.50,1.50
2013.08.22 09:01:00.298,0.77126,0.77147,1.50,1.32
2013.08.22 09:01:00.358,0.77127,0.77148,1.50,1.13
2013.08.22 09:01:00.478,0.77132,0.77153,1.50,2.44
2013.08.22 09:01:00.538,0.77132,0.77151,2.44,1.50
2013.08.22 09:01:00.717,0.77132,0.77152,2.44,1.50
2013.08.22 09:01:00.778,0.77132,0.77153,3.19,1.13
2013.08.22 09:01:01.198,0.77134,0.77155,2.44,1.13
2013.08.22 09:01:01.928,0.77135,0.77156,1.69,1.13
2013.08.22 09:01:03.008,0.77136,0.77155,3.19,1.88
2013.08.22 09:01:03.188,0.77137,0.77157,1.69,1.13
2013.08.22 09:01:03.728,0.77139,0.7716,1.69,1.13
2013.08.22 09:01:03.908,0.77139,0.77158,1.50,1.50
2013.08.22 09:01:04.089,0.77136,0.77158,1.50,2.25
2013.08.22 09:01:04.148,0.77134,0.77157,1.69,1.50
2013.08.22 09:01:04.638,0.77135,0.77158,1.50,2.63
2013.08.22 09:01:05.297,0.77135,0.77158,1.50,3.00
2013.08.22 09:01:05.857,0.7713,0.77153,2.44,1.88
2013.08.22 09:01:07.828,0.7713,0.77153,2.44,1.88
2013.08.22 09:01:08.138,0.77129,0.77153,1.69,2.63
2013.08.22 09:01:08.538,0.77125,0.77146,2.44,1.50
2013.08.22 09:01:08.859,0.77123,0.77145,2.44,1.13
2013.08.22 09:01:09.037,0.77122,0.77145,1.69,1.13
2013.08.22 09:01:11.248,0.77122,0.77143,1.69,1.13
2013.08.22 09:01:14.210,0.77121,0.77143,2.44,1.13
2013.08.22 09:01:14.757,0.77121,0.77143,1.69,1.13
2013.08.22 09:01:18.399,0.7712,0.77143,2.44,2.63
2013.08.22 09:01:18.938,0.77121,0.77143,1.69,1.13
2013.08.22 09:01:20.368,0.7712,0.77143,2.44,2.25
2013.08.22 09:01:20.891,0.77121,0.77143,1.69,1.13
2013.08.22 09:01:22.668,0.7712,0.77143,2.44,2.25
2013.08.22 09:01:23.028,0.77118,0.77142,1.69,1.50
2013.08.22 09:01:23.567,0.7712,0.77143,1.69,1.50
2013.08.22 09:01:24.148,0.7712,0.77142,1.69,1.13
2013.08.22 09:01:24.208,0.7712,0.77141,1.50,2.25
2013.08.22 09:01:24.268,0.77117,0.77139,2.44,1.50
2013.08.22 09:01:24.328,0.77117,0.77139,2.44,1.50
2013.08.22 09:01:24.627,0.77113,0.77137,3.94,1.50
2013.08.22 09:01:24.868,0.77115,0.77137,1.69,1.13
2013.08.22 09:01:25.427,0.77116,0.77138,1.50,1.13
2013.08.22 09:01:26.193,0.77117,0.77139,1.50,1.50
2013.08.22 09:01:26.738,0.77116,0.77139,1.50,2.25
2013.08.22 09:01:26.798,0.77115,0.77138,1.69,1.13
2013.08.22 09:01:27.337,0.77115,0.77138,1.69,1.88
2013.08.22 09:01:27.889,0.77115,0.77138,2.44,1.88
2013.08.22 09:01:28.831,0.77115,0.77136,1.69,1.13
2013.08.22 09:01:30.469,0.77116,0.77137,1.69,1.13
2013.08.22 09:01:32.568,0.77116,0.77137,3.94,1.13
2013.08.22 09:01:32.689,0.77117,0.77137,1.69,1.13
2013.08.22 09:01:32.810,0.77117,0.77137,1.69,1.13
2013.08.22 09:01:32.989,0.77114,0.77137,3.19,1.13
2013.08.22 09:01:33.468,0.77116,0.7714,2.44,2.25
2013.08.22 09:01:34.101,0.77116,0.77139,1.69,1.50
2013.08.22 09:01:36.999,0.77116,0.77139,2.82,2.25
2013.08.22 09:01:37.179,0.77118,0.77141,1.88,1.50
2013.08.22 09:01:37.700,0.77117,0.7714,2.07,2.25
2013.08.22 09:01:37.838,0.77118,0.7714,1.32,2.25
2013.08.22 09:01:38.768,0.77118,0.7714,2.07,2.25
2013.08.22 09:01:40.771,0.77118,0.7714,2.44,1.88
2013.08.22 09:01:41.579,0.77118,0.7714,1.69,1.88
2013.08.22 09:01:42.209,0.77118,0.77138,2.44,1.13
2013.08.22 09:01:42.268,0.77118,0.77138,1.69,1.13
2013.08.22 09:01:43.738,0.77118,0.77139,1.69,1.13
2013.08.22 09:01:43.858,0.77118,0.77142,3.57,2.25
2013.08.22 09:01:43.918,0.77122,0.77142,1.88,2.25
2013.08.22 09:01:43.978,0.77123,0.77143,1.13,1.50
2013.08.22 09:01:44.098,0.77123,0.77144,2.44,1.88
2013.08.22 09:01:44.218,0.77123,0.77144,3.19,1.13
2013.08.22 09:01:44.757,0.77123,0.77144,2.44,1.13
2013.08.22 09:01:45.063,0.77121,0.77142,1.50,1.13
2013.08.22 09:01:45.130,0.77119,0.7714,1.69,1.13
2013.08.22 09:01:45.431,0.77118,0.77138,2.25,3.75
2013.08.22 09:01:45.489,0.77116,0.77136,1.88,1.50
2013.08.22 09:01:45.669,0.77112,0.77135,2.25,1.13
2013.08.22 09:01:45.729,0.77112,0.77134,1.50,1.50
2013.08.22 09:01:45.790,0.77111,0.77134,2.25,1.50
2013.08.22 09:01:45.908,0.77109,0.77133,1.13,1.50
2013.08.22 09:01:46.659,0.77109,0.77132,2.63,1.13
2013.08.22 09:01:47.090,0.77109,0.77132,2.25,2.07
2013.08.22 09:01:47.268,0.77106,0.77128,2.25,1.13
2013.08.22 09:01:47.388,0.77106,0.77128,1.50,1.13
2013.08.22 09:01:47.921,0.77104,0.77126,1.13,1.13
2013.08.22 09:01:48.439,0.77105,0.77128,1.13,1.13
2013.08.22 09:01:48.738,0.77104,0.77128,1.50,1.13
2013.08.22 09:01:48.977,0.77109,0.77128,1.50,1.13
2013.08.22 09:01:49.158,0.77107,0.77131,1.50,1.69
2013.08.22 09:01:49.817,0.77106,0.77127,1.50,1.13
2013.08.22 09:01:50.768,0.77108,0.77129,1.50,1.88
2013.08.22 09:01:50.830,0.7711,0.77129,1.50,1.88
2013.08.22 09:01:51.009,0.7711,0.77129,1.50,1.13
2013.08.22 09:01:51.719,0.77108,0.77129,1.13,1.13
2013.08.22 09:01:52.305,0.77107,0.77129,3.57,1.13
2013.08.22 09:01:52.818,0.77108,0.77129,1.88,1.13
2013.08.22 09:01:53.388,0.77108,0.77129,1.88,1.13
2013.08.22 09:01:53.609,0.7711,0.7713,1.50,1.13
2013.08.22 09:01:53.670,0.7711,0.77132,1.50,1.69
2013.08.22 09:01:54.960,0.77109,0.77132,3.19,1.69
2013.08.22 09:01:55.017,0.77109,0.77132,2.44,1.69
2013.08.22 09:01:55.214,0.7711,0.77132,1.13,1.69
2013.08.22 09:01:55.285,0.7711,0.77132,1.13,1.69
2013.08.22 09:01:55.353,0.77112,0.77133,1.13,1.32
2013.08.22 09:01:55.866,0.77115,0.77135,1.13,1.88
2013.08.22 09:01:56.368,0.77114,0.77138,2.63,1.69
2013.08.22 09:01:57.380,0.77115,0.77136,1.13,1.13
2013.08.22 09:01:58.738,0.77114,0.77136,3.00,1.13
2013.08.22 09:01:59.038,0.77114,0.77134,1.50,1.13
2013.08.22 09:02:00.754,0.77113,0.77134,2.63,1.13
2013.08.22 09:02:01.138,0.77113,0.77134,2.25,1.13
2013.08.22 09:02:01.198,0.77112,0.7713,1.69,1.13
2013.08.22 09:02:01.258,0.77111,0.7713,1.88,1.13
2013.08.22 09:02:01.378,0.7711,0.7713,1.13,1.13
2013.08.22 09:02:01.498,0.7711,0.77133,1.88,2.82
2013.08.22 09:02:01.618,0.77109,0.77131,1.13,1.13
2013.08.22 09:02:01.918,0.77111,0.77134,1.88,3.19
2013.08.22 09:02:01.978,0.77111,0.77134,1.88,3.00
2013.08.22 09:02:02.098,0.77111,0.77135,1.88,1.88
2013.08.22 09:02:03.299,0.77114,0.77137,1.50,1.32
2013.08.22 09:02:03.374,0.77114,0.77137,1.50,1.32
2013.08.22 09:02:05.248,0.77114,0.77137,1.50,1.13
2013.08.22 09:02:05.803,0.77115,0.77137,1.50,1.32
2013.08.22 09:02:05.988,0.77119,0.7714,1.50,1.69
2013.08.22 09:02:07.072,0.77119,0.77141,1.50,1.69
2013.08.22 09:02:08.181,0.77119,0.77141,1.50,1.69
2013.08.22 09:02:11.608,0.77122,0.77146,1.50,1.69
2013.08.22 09:02:11.667,0.77122,0.77146,1.50,1.69
2013.08.22 09:02:11.728,0.77124,0.77145,1.50,1.13
2013.08.22 09:02:12.158,0.77124,0.77145,1.50,1.69
2013.08.22 09:02:12.949,0.77122,0.77145,1.50,1.69
2013.08.22 09:02:13.816,0.77122,0.77147,1.50,1.69
2013.08.22 09:02:14.117,0.77122,0.77145,2.25,2.07
2013.08.22 09:02:14.618,0.77122,0.77145,3.00,1.32
2013.08.22 09:02:14.678,0.77122,0.77145,1.88,1.69
2013.08.22 09:02:14.743,0.77122,0.77144,1.50,1.13
2013.08.22 09:02:15.048,0.7712,0.77141,1.50,1.13
2013.08.22 09:02:15.228,0.7712,0.77142,3.00,1.32
2013.08.22 09:02:15.420,0.77122,0.77144,2.63,1.88
2013.08.22 09:02:16.151,0.77124,0.77146,1.50,1.69
2013.08.22 09:02:16.337,0.77125,0.77149,1.50,3.19
2013.08.22 09:02:19.350,0.77125,0.77149,1.50,3.19
2013.08.22 09:02:19.772,0.77125,0.77149,2.25,2.44
2013.08.22 09:02:22.208,0.77125,0.77144,1.50,1.13
2013.08.22 09:02:22.388,0.77122,0.7714,2.63,1.13
2013.08.22 09:02:22.688,0.7712,0.77139,1.13,1.69
2013.08.22 09:02:22.748,0.77119,0.77139,1.88,1.69
2013.08.22 09:02:22.868,0.77119,0.77141,2.63,2.07
2013.08.22 09:02:24.958,0.7712,0.7714,1.13,1.32
2013.08.22 09:02:25.468,0.7712,0.77139,1.13,1.50
2013.08.22 09:02:26.658,0.7712,0.77139,1.13,1.50
2013.08.22 09:02:26.807,0.77118,0.7714,2.63,1.69
2013.08.22 09:02:27.320,0.77119,0.77139,1.13,1.13
2013.08.22 09:02:28.088,0.7712,0.77139,1.13,1.13
2013.08.22 09:02:29.738,0.77119,0.77139,1.50,1.32
2013.08.22 09:02:30.889,0.77119,0.77139,1.13,1.32
2013.08.22 09:02:31.288,0.77122,0.77141,1.13,1.32
2013.08.22 09:02:31.409,0.77122,0.77141,1.13,1.13
2013.08.22 09:02:31.768,0.77117,0.77136,2.25,1.88
2013.08.22 09:02:31.828,0.77116,0.77134,1.50,1.13
2013.08.22 09:02:31.947,0.77112,0.77134,1.50,1.13
2013.08.22 09:02:32.508,0.77114,0.77131,1.50,1.13
2013.08.22 09:02:33.224,0.77114,0.77131,1.50,1.13
2013.08.22 09:02:33.670,0.77114,0.77131,1.50,1.13
2013.08.22 09:02:34.607,0.77113,0.77134,2.25,1.32
2013.08.22 09:02:35.047,0.77114,0.77134,1.50,1.32
2013.08.22 09:02:35.998,0.77115,0.77138,2.25,2.07
2013.08.22 09:02:36.058,0.77116,0.77138,1.13,2.07
2013.08.22 09:02:36.118,0.77116,0.77138,1.50,2.07
2013.08.22 09:02:36.358,0.77122,0.7714,1.50,1.32
2013.08.22 09:02:36.907,0.77122,0.77139,1.50,1.88
2013.08.22 09:02:37.027,0.77121,0.77139,1.50,1.88
2013.08.22 09:02:37.088,0.77119,0.77139,1.50,3.19
2013.08.22 09:02:37.569,0.77122,0.77139,1.50,1.32
2013.08.22 09:02:38.179,0.7712,0.7714,1.50,1.32
2013.08.22 09:02:38.699,0.77122,0.7714,1.50,1.32
2013.08.22 09:02:42.281,0.77122,0.77142,1.50,1.32
2013.08.22 09:02:43.709,0.77121,0.77142,1.50,1.32
2013.08.22 09:02:44.128,0.77121,0.77142,2.25,1.32
2013.08.22 09:02:44.428,0.77119,0.7714,1.13,2.07
2013.08.22 09:02:44.830,0.77117,0.77137,1.13,1.50
2013.08.22 09:02:46.212,0.77115,0.77137,1.88,1.50
2013.08.22 09:02:46.338,0.77113,0.77134,1.13,1.50
2013.08.22 09:02:46.878,0.77115,0.77136,1.13,2.07
2013.08.22 09:02:49.638,0.77114,0.77136,1.32,1.50
2013.08.22 09:02:50.639,0.77115,0.77138,1.50,1.32
2013.08.22 09:02:51.584,0.77115,0.77137,1.50,1.32
2013.08.22 09:02:52.258,0.77116,0.77139,1.13,2.44
2013.08.22 09:02:52.497,0.77117,0.77139,1.13,2.07
2013.08.22 09:02:52.919,0.77124,0.77138,1.13,1.13
2013.08.22 09:02:53.217,0.77124,0.77147,2.63,3.19
2013.08.22 09:02:53.339,0.77123,0.77145,2.25,1.32
2013.08.22 09:02:53.398,0.77121,0.77143,1.50,1.13
2013.08.22 09:02:53.878,0.77119,0.77142,1.13,1.50
2013.08.22 09:02:55.163,0.77117,0.77142,2.25,1.69
2013.08.22 09:02:56.269,0.77117,0.77142,2.25,1.69
2013.08.22 09:02:56.471,0.77117,0.77142,2.25,2.44
2013.08.22 09:02:56.830,0.77117,0.77137,2.25,1.69
2013.08.22 09:02:57.251,0.77116,0.77137,1.50,1.69
2013.08.22 09:02:57.769,0.77116,0.77137,1.50,1.69
2013.08.22 09:02:58.088,0.77115,0.77137,1.13,2.44
2013.08.22 09:02:58.599,0.77113,0.77135,1.50,2.07
2013.08.22 09:02:58.958,0.77109,0.77133,1.88,3.94
2013.08.22 09:02:59.487,0.77109,0.77131,1.13,1.32
2013.08.22 09:02:59.848,0.77108,0.77129,1.50,1.32
2013.08.22 09:03:00.409,0.77109,0.77129,1.50,2.07
2013.08.22 09:03:00.589,0.77108,0.7713,1.50,2.07
2013.08.22 09:03:00.649,0.77108,0.7713,2.25,2.07
2013.08.22 09:03:01.068,0.7711,0.77134,2.25,3.19
2013.08.22 09:03:01.591,0.7711,0.77131,2.25,1.32
2013.08.22 09:03:02.358,0.77111,0.77133,1.88,1.69
2013.08.22 09:03:02.718,0.77111,0.77133,1.88,1.69
2013.08.22 09:03:02.778,0.77111,0.77133,1.88,1.69
2013.08.22 09:03:03.209,0.77111,0.77133,1.88,1.69
2013.08.22 09:03:03.758,0.77111,0.77133,1.88,1.69
2013.08.22 09:03:03.818,0.77111,0.77133,1.88,1.69
2013.08.22 09:03:05.109,0.77111,0.77133,1.88,1.69
2013.08.22 09:03:05.648,0.77109,0.7713,1.13,1.32
2013.08.22 09:03:06.198,0.77106,0.77124,1.13,1.50
2013.08.22 09:03:06.438,0.77101,0.77123,1.13,3.75
2013.08.22 09:03:06.558,0.77101,0.77121,1.13,1.32
2013.08.22 09:03:07.099,0.77101,0.77123,1.13,2.07
2013.08.22 09:03:07.458,0.77103,0.77124,1.13,1.32
2013.08.22 09:03:07.518,0.77103,0.77125,1.88,1.32
2013.08.22 09:03:07.638,0.77103,0.77126,1.50,1.32
2013.08.22 09:03:07.698,0.77103,0.77126,1.50,1.13
2013.08.22 09:03:07.881,0.77102,0.77125,1.50,1.32
2013.08.22 09:03:08.242,0.77101,0.77122,1.50,1.88
2013.08.22 09:03:08.875,0.77099,0.77119,1.32,1.50
2013.08.22 09:03:08.950,0.77098,0.77117,1.50,1.13
2013.08.22 09:03:09.308,0.77095,0.77117,1.50,2.44
2013.08.22 09:03:09.718,0.77095,0.77116,1.50,1.69
2013.08.22 09:03:10.078,0.77097,0.77118,1.50,1.69
2013.08.22 09:03:10.199,0.77096,0.77117,1.50,1.50
2013.08.22 09:03:10.379,0.77095,0.77109,1.50,2.10
2013.08.22 09:03:10.500,0.77093,0.77109,1.50,2.10
2013.08.22 09:03:10.558,0.7709,0.77109,1.50,2.10
2013.08.22 09:03:10.739,0.77087,0.77108,1.88,1.13
2013.08.22 09:03:11.100,0.77087,0.77109,1.50,1.32
2013.08.22 09:03:11.522,0.77084,0.77106,2.25,1.13
2013.08.22 09:03:11.588,0.77082,0.77103,1.32,1.13
2013.08.22 09:03:11.648,0.77082,0.77103,1.32,1.13
2013.08.22 09:03:11.708,0.77083,0.77104,1.50,1.88
2013.08.22 09:03:11.948,0.77081,0.77103,1.88,1.13
2013.08.22 09:03:12.008,0.77081,0.77103,1.50,1.13
2013.08.22 09:03:12.408,0.77083,0.77106,1.50,2.07
2013.08.22 09:03:13.118,0.77083,0.77106,1.50,2.07
2013.08.22 09:03:13.478,0.77083,0.77106,1.50,2.07
2013.08.22 09:03:13.898,0.77083,0.77107,1.50,2.44
2013.08.22 09:03:14.378,0.77081,0.77102,2.63,1.13
2013.08.22 09:03:14.500,0.77082,0.77104,1.50,1.13
2013.08.22 09:03:15.047,0.77084,0.77102,1.50,1.13
2013.08.22 09:03:15.433,0.77083,0.77102,1.50,1.13
2013.08.22 09:03:16.078,0.77083,0.771,1.50,1.13
2013.08.22 09:03:16.198,0.77082,0.771,2.25,1.13
2013.08.22 09:03:16.738,0.77084,0.77102,1.50,1.13
2013.08.22 09:03:17.248,0.77083,0.77102,1.50,1.13
2013.08.22 09:03:17.308,0.77084,0.77102,1.88,1.13
2013.08.22 09:03:17.368,0.77084,0.77102,2.63,1.13
2013.08.22 09:03:17.939,0.77085,0.77106,1.50,1.69
2013.08.22 09:03:18.058,0.77083,0.77104,1.88,1.13
2013.08.22 09:03:18.118,0.77081,0.77102,1.50,1.13
2013.08.22 09:03:18.180,0.77081,0.77102,1.50,1.13
2013.08.22 09:03:18.297,0.77081,0.77102,1.50,1.13
2013.08.22 09:03:18.670,0.7708,0.77102,1.69,1.13
2013.08.22 09:03:18.988,0.7708,0.77102,1.69,1.13
2013.08.22 09:03:19.737,0.77081,0.77103,2.25,1.32
2013.08.22 09:03:20.398,0.77081,0.77103,2.25,1.32
2013.08.22 09:03:20.928,0.7708,0.77101,2.25,1.13
2013.08.22 09:03:21.288,0.77077,0.77101,2.25,1.88
2013.08.22 09:03:21.528,0.77077,0.77097,1.50,1.13
2013.08.22 09:03:21.708,0.77072,0.77094,1.32,1.88
2013.08.22 09:03:21.828,0.77072,0.77093,1.32,1.13
2013.08.22 09:03:22.358,0.77072,0.77091,1.13,1.50
2013.08.22 09:03:22.478,0.77075,0.77091,1.13,1.50
2013.08.22 09:03:22.598,0.77072,0.77094,1.32,1.50
2013.08.22 09:03:23.609,0.77072,0.77094,1.32,1.88
2013.08.22 09:03:23.968,0.77068,0.77089,2.63,1.13
2013.08.22 09:03:24.669,0.7707,0.77088,1.13,1.13
2013.08.22 09:03:25.432,0.7707,0.77088,1.13,1.13
2013.08.22 09:03:25.668,0.77067,0.77088,2.44,1.13
2013.08.22 09:03:25.788,0.77067,0.77088,1.50,1.13
2013.08.22 09:03:26.328,0.77067,0.77088,2.63,1.69
2013.08.22 09:03:27.527,0.77067,0.77088,2.25,1.69
2013.08.22 09:03:27.648,0.77067,0.77088,2.25,1.69
2013.08.22 09:03:28.199,0.77066,0.77087,1.50,1.69
2013.08.22 09:03:28.889,0.77066,0.77087,1.50,1.69
2013.08.22 09:03:29.520,0.77066,0.77084,1.88,1.13
2013.08.22 09:03:29.758,0.77065,0.77084,1.88,1.13
2013.08.22 09:03:30.618,0.77066,0.77087,1.50,1.69
2013.08.22 09:03:31.040,0.77066,0.77087,1.88,1.69
2013.08.22 09:03:31.257,0.77066,0.77087,1.50,1.69
2013.08.22 09:03:31.760,0.77066,0.77089,2.25,3.19
2013.08.22 09:03:31.819,0.77066,0.77089,1.50,3.19
2013.08.22 09:03:31.940,0.77064,0.77087,1.50,1.32
2013.08.22 09:03:32.474,0.77064,0.77085,1.50,1.50
2013.08.22 09:03:32.539,0.77059,0.77082,2.07,1.13
2013.08.22 09:03:32.718,0.7706,0.77082,1.13,1.13
2013.08.22 09:03:32.838,0.77061,0.77083,1.50,1.50
2013.08.22 09:03:33.240,0.77061,0.77083,1.50,1.50
2013.08.22 09:03:33.549,0.77061,0.77071,1.50,1.13
2013.08.22 09:03:33.729,0.77059,0.77075,2.25,1.50
2013.08.22 09:03:33.789,0.77054,0.77075,1.13,2.44
2013.08.22 09:03:33.908,0.77051,0.77075,2.63,2.44
2013.08.22 09:03:34.029,0.77051,0.77075,2.63,2.44
2013.08.22 09:03:34.448,0.77049,0.77073,2.07,3.00
2013.08.22 09:03:34.568,0.77049,0.77073,1.50,3.19
2013.08.22 09:03:34.928,0.7705,0.77073,1.13,1.69
2013.08.22 09:03:35.469,0.77051,0.77073,1.13,1.69
2013.08.22 09:03:36.028,0.77052,0.77073,1.13,1.50
2013.08.22 09:03:36.389,0.77049,0.7707,1.13,1.13
2013.08.22 09:03:36.954,0.77049,0.7707,1.13,1.13
2013.08.22 09:03:37.228,0.77049,0.7707,1.13,1.13
2013.08.22 09:03:37.648,0.77047,0.77069,1.13,1.88
2013.08.22 09:03:37.949,0.77048,0.77067,1.13,1.13
2013.08.22 09:03:38.128,0.77048,0.77069,1.13,1.13
2013.08.22 09:03:38.648,0.77048,0.77069,1.13,1.13
2013.08.22 09:03:40.448,0.77048,0.77069,1.13,1.88
2013.08.22 09:03:40.988,0.77048,0.77067,1.13,1.13
2013.08.22 09:03:41.288,0.77051,0.77069,1.13,1.32
2013.08.22 09:03:41.408,0.77051,0.7707,1.13,1.13
2013.08.22 09:03:41.768,0.77054,0.77073,1.13,1.13
2013.08.22 09:03:42.188,0.77055,0.77077,1.13,1.69
2013.08.22 09:03:42.308,0.77057,0.77078,1.50,1.50
2013.08.22 09:03:42.728,0.77057,0.7708,1.50,1.50
2013.08.22 09:03:42.788,0.77058,0.77083,1.50,1.50
2013.08.22 09:03:43.088,0.77058,0.7708,1.50,1.50
2013.08.22 09:03:43.396,0.77059,0.77082,2.25,1.50
2013.08.22 09:03:46.099,0.77059,0.77082,1.50,2.25
2013.08.22 09:03:46.458,0.77052,0.77073,1.32,1.13
2013.08.22 09:03:46.818,0.7705,0.77071,1.32,1.13
2013.08.22 09:03:47.368,0.77049,0.77071,1.69,1.13
2013.08.22 09:03:48.739,0.77049,0.77071,2.07,1.13
2013.08.22 09:03:48.859,0.7705,0.77072,1.32,1.50
2013.08.22 09:03:48.978,0.7705,0.77073,2.82,1.50
2013.08.22 09:03:49.508,0.7705,0.77073,2.82,1.69
2013.08.22 09:03:49.774,0.7705,0.77073,2.82,1.69
2013.08.22 09:03:50.169,0.7705,0.77073,2.44,2.07
2013.08.22 09:03:50.228,0.7705,0.77073,2.44,2.07
2013.08.22 09:03:50.668,0.7705,0.77073,2.82,2.07
2013.08.22 09:03:50.939,0.7705,0.77073,2.82,2.07
2013.08.22 09:03:51.429,0.7705,0.77073,2.82,2.07
2013.08.22 09:03:51.968,0.7705,0.77073,2.82,2.07
2013.08.22 09:03:52.909,0.77051,0.77072,1.50,1.13
2013.08.22 09:03:53.428,0.77051,0.77072,1.50,1.13
2013.08.22 09:03:54.969,0.77051,0.77072,1.50,1.13
2013.08.22 09:03:55.289,0.77051,0.77072,2.25,1.13
2013.08.22 09:03:55.348,0.77054,0.77077,1.50,3.00
2013.08.22 09:03:55.528,0.77054,0.77077,2.25,1.50
2013.08.22 09:03:55.850,0.77054,0.77077,2.25,1.88
2013.08.22 09:03:56.108,0.77052,0.77074,2.07,1.13
2013.08.22 09:03:56.168,0.77052,0.77073,2.07,1.13
2013.08.22 09:03:56.468,0.77053,0.77077,1.50,1.32
2013.08.22 09:03:57.371,0.77055,0.77077,1.50,1.32
2013.08.22 09:03:57.917,0.77055,0.77077,1.50,1.32
2013.08.22 09:03:59.418,0.77056,0.77079,1.88,1.32
2013.08.22 09:03:59.719,0.77059,0.7708,1.50,1.32
2013.08.22 09:04:00.079,0.77059,0.77083,1.50,2.44
2013.08.22 09:04:00.370,0.77058,0.77083,1.50,3.19
2013.08.22 09:04:00.570,0.77058,0.77083,1.50,3.94
2013.08.22 09:04:00.928,0.77057,0.77078,1.50,1.32
2013.08.22 09:04:01.348,0.77058,0.77078,1.50,1.13
2013.08.22 09:04:01.468,0.77062,0.7708,1.88,1.88
2013.08.22 09:04:01.948,0.77065,0.77086,1.50,1.32
2013.08.22 09:04:03.208,0.77066,0.77089,2.25,2.07
2013.08.22 09:04:03.568,0.77066,0.77089,1.50,2.07
2013.08.22 09:04:04.426,0.77064,0.77088,2.25,1.32
2013.08.22 09:04:05.098,0.77064,0.77088,2.25,1.32
2013.08.22 09:04:05.858,0.77067,0.7709,2.25,1.32
2013.08.22 09:04:06.398,0.77067,0.7709,2.25,1.32
2013.08.22 09:04:06.528,0.77067,0.7709,2.25,1.32
2013.08.22 09:04:07.048,0.77067,0.77088,1.50,1.32
2013.08.22 09:04:07.528,0.77067,0.77089,1.50,1.32
2013.08.22 09:04:07.648,0.77064,0.77086,2.25,1.13
2013.08.22 09:04:07.709,0.77062,0.77086,1.69,1.50
2013.08.22 09:04:08.069,0.77063,0.77086,1.13,1.69
2013.08.22 09:04:08.498,0.77066,0.77089,1.50,2.07
2013.08.22 09:04:08.678,0.77066,0.7709,3.38,2.07
2013.08.22 09:04:09.239,0.77068,0.7709,1.88,1.32
2013.08.22 09:04:09.748,0.77068,0.7709,1.50,1.32
2013.08.22 09:04:09.928,0.7707,0.77092,1.13,2.29
2013.08.22 09:04:10.169,0.77072,0.77092,1.50,1.54
2013.08.22 09:04:10.289,0.77072,0.77094,1.50,1.50
2013.08.22 09:04:10.407,0.77071,0.77094,1.13,1.69
2013.08.22 09:04:10.588,0.77071,0.77094,1.88,2.25
2013.08.22 09:04:11.203,0.77071,0.77095,2.63,2.07
2013.08.22 09:04:11.698,0.77071,0.77095,3.38,2.07
2013.08.22 09:04:11.818,0.77073,0.77095,1.13,1.32
2013.08.22 09:04:12.059,0.77076,0.77096,1.50,1.13
2013.08.22 09:04:12.563,0.77076,0.77099,2.55,2.44
2013.08.22 09:04:13.088,0.77076,0.77086,2.55,2.10
2013.08.22 09:04:13.329,0.77069,0.77083,2.25,1.13
2013.08.22 09:04:13.388,0.77065,0.77083,1.50,1.13
2013.08.22 09:04:13.448,0.77065,0.77086,1.88,1.69
2013.08.22 09:04:13.569,0.77067,0.7709,2.25,1.13
2013.08.22 09:04:13.688,0.77074,0.77091,1.13,1.88
2013.08.22 09:04:13.868,0.77072,0.77094,1.32,1.32
2013.08.22 09:04:14.108,0.77071,0.77092,2.25,1.13
2013.08.22 09:04:14.168,0.77067,0.7709,2.25,1.13
2013.08.22 09:04:14.228,0.77066,0.7709,2.44,2.63
2013.08.22 09:04:14.768,0.77062,0.77085,1.32,1.13
2013.08.22 09:04:15.488,0.77062,0.77084,1.69,1.13
2013.08.22 09:04:16.028,0.77061,0.77085,2.25,1.88
2013.08.22 09:04:16.328,0.77062,0.77085,1.13,1.88
2013.08.22 09:04:16.630,0.77069,0.77091,1.50,1.32
2013.08.22 09:04:17.169,0.77068,0.77092,1.88,2.44
2013.08.22 09:04:17.230,0.77069,0.77091,1.50,1.50
2013.08.22 09:04:17.292,0.77069,0.77091,2.25,1.50
2013.08.22 09:04:17.598,0.77066,0.77089,1.32,1.13
2013.08.22 09:04:18.118,0.77067,0.77091,1.13,1.13
2013.08.22 09:04:18.748,0.77067,0.77088,1.13,1.13
2013.08.22 09:04:19.218,0.7707,0.77089,1.13,1.13
2013.08.22 09:04:19.955,0.77067,0.77088,1.88,1.13
2013.08.22 09:04:20.078,0.77067,0.77089,1.13,1.13
2013.08.22 09:04:20.198,0.77068,0.77089,1.13,1.13
2013.08.22 09:04:20.868,0.77072,0.77091,1.13,1.88
2013.08.22 09:04:21.228,0.77074,0.77095,1.32,1.13
2013.08.22 09:04:21.288,0.77076,0.77096,1.13,1.32
2013.08.22 09:04:21.528,0.77077,0.77097,1.13,2.07
2013.08.22 09:04:22.089,0.77081,0.771,1.13,1.88
2013.08.22 09:04:22.448,0.77088,0.77109,1.50,1.50
2013.08.22 09:04:22.688,0.77088,0.77111,1.50,2.07
2013.08.22 09:04:22.808,0.77086,0.77109,1.50,2.44
2013.08.22 09:04:22.928,0.77086,0.77108,1.50,1.32
2013.08.22 09:04:23.708,0.77086,0.77106,1.50,1.32
2013.08.22 09:04:23.768,0.77083,0.77104,1.13,1.13
2013.08.22 09:04:23.828,0.77081,0.77103,2.25,1.32
2013.08.22 09:04:24.269,0.77078,0.771,1.13,1.32
2013.08.22 09:04:24.639,0.77079,0.771,1.50,1.32
2013.08.22 09:04:25.128,0.77082,0.77101,1.13,1.13
2013.08.22 09:04:25.428,0.77083,0.77104,1.50,1.32
2013.08.22 09:04:25.488,0.77085,0.77104,1.13,1.32
2013.08.22 09:04:25.669,0.77085,0.77107,1.13,1.69
2013.08.22 09:04:25.791,0.77085,0.77109,2.44,2.07
2013.08.22 09:04:26.028,0.77085,0.77106,1.50,1.13
2013.08.22 09:04:26.208,0.77088,0.77111,1.50,2.07
2013.08.22 09:04:26.572,0.77089,0.77111,1.50,1.32
2013.08.22 09:04:26.629,0.7709,0.77112,2.25,1.32
2013.08.22 09:04:27.049,0.7709,0.77113,1.50,1.13
2013.08.22 09:04:27.229,0.77089,0.77109,1.50,1.13
2013.08.22 09:04:27.288,0.77089,0.77109,1.50,1.13
2013.08.22 09:04:27.409,0.77087,0.77106,1.50,1.13
2013.08.22 09:04:27.469,0.77087,0.77106,1.50,1.13
2013.08.22 09:04:27.528,0.77086,0.77106,1.50,1.13
2013.08.22 09:04:27.648,0.77086,0.77107,1.50,1.13
2013.08.22 09:04:28.470,0.77086,0.77106,1.50,1.13
2013.08.22 09:04:28.968,0.77085,0.77106,1.50,1.32
2013.08.22 09:04:29.613,0.77086,0.77109,1.50,3.19
2013.08.22 09:04:29.678,0.77086,0.77109,1.88,3.19
2013.08.22 09:04:29.799,0.77086,0.77109,1.50,3.19
2013.08.22 09:04:30.221,0.77084,0.77105,1.50,1.32
2013.08.22 09:04:30.281,0.77083,0.77104,1.50,1.32
2013.08.22 09:04:30.588,0.77081,0.77103,1.13,1.32
2013.08.22 09:04:30.708,0.77081,0.77104,1.50,1.32
2013.08.22 09:04:30.769,0.77082,0.77103,1.13,2.07
2013.08.22 09:04:30.889,0.77081,0.77103,1.13,2.07
2013.08.22 09:04:31.128,0.77084,0.77106,1.13,2.44
2013.08.22 09:04:31.248,0.77084,0.77106,1.13,2.44
2013.08.22 09:04:31.608,0.77084,0.77107,1.88,2.07
2013.08.22 09:04:32.248,0.77084,0.77107,1.69,2.07
2013.08.22 09:04:32.309,0.77084,0.77107,1.50,2.07
2013.08.22 09:04:32.428,0.77084,0.77107,1.88,2.07
2013.08.22 09:04:32.548,0.77082,0.77106,2.63,2.82
2013.08.22 09:04:32.668,0.77082,0.77106,2.63,2.82
2013.08.22 09:04:32.728,0.77082,0.77106,2.63,2.82
2013.08.22 09:04:33.028,0.77082,0.77103,1.88,1.32
2013.08.22 09:04:33.088,0.77082,0.77101,1.13,1.32
2013.08.22 09:04:33.508,0.7708,0.77103,1.13,1.69
2013.08.22 09:04:33.628,0.77079,0.77101,1.69,1.32
2013.08.22 09:04:33.689,0.77077,0.77101,2.44,1.32
2013.08.22 09:04:33.928,0.77077,0.77099,1.13,1.32
2013.08.22 09:04:34.541,0.77077,0.77101,1.88,1.32
2013.08.22 09:04:34.617,0.77077,0.77101,1.13,1.32
2013.08.22 09:04:34.738,0.77076,0.77098,2.63,1.13
2013.08.22 09:04:35.289,0.77076,0.77098,1.13,1.88
2013.08.22 09:04:36.778,0.77076,0.77096,1.13,1.88
2013.08.22 09:04:37.318,0.77076,0.77096,1.13,1.13
2013.08.22 09:04:37.878,0.77076,0.77094,1.13,1.13
2013.08.22 09:04:38.443,0.77076,0.77094,1.13,1.13
2013.08.22 09:04:38.618,0.77072,0.77091,1.32,1.13
2013.08.22 09:04:38.678,0.77072,0.77091,1.32,1.13
2013.08.22 09:04:38.988,0.77075,0.77091,1.13,1.13
2013.08.22 09:04:40.559,0.77075,0.77093,1.13,1.13
2013.08.22 09:04:41.431,0.77076,0.77096,1.13,1.32
2013.08.22 09:04:41.708,0.77073,0.77093,1.13,1.13
2013.08.22 09:04:41.769,0.77073,0.77093,1.13,1.13
2013.08.22 09:04:42.308,0.77074,0.77095,1.13,1.50
2013.08.22 09:04:44.088,0.77074,0.77095,1.13,1.50
2013.08.22 09:04:44.441,0.77075,0.77095,1.13,1.13
2013.08.22 09:04:44.500,0.77077,0.77095,1.13,1.13
2013.08.22 09:04:44.678,0.77075,0.77098,1.13,1.13
2013.08.22 09:04:44.798,0.77075,0.77098,1.13,1.88
2013.08.22 09:04:45.158,0.77078,0.77098,1.13,1.13
2013.08.22 09:04:45.721,0.77078,0.77098,1.13,1.13
2013.08.22 09:04:50.888,0.77081,0.77098,1.13,1.50
2013.08.22 09:04:51.069,0.77085,0.77101,1.13,1.13
2013.08.22 09:04:51.188,0.77086,0.77104,1.13,1.13
2013.08.22 09:04:51.739,0.77086,0.77104,1.50,1.13
2013.08.22 09:04:51.859,0.77086,0.77108,2.25,1.13
2013.08.22 09:04:51.979,0.77091,0.7711,1.13,1.50
2013.08.22 09:04:52.098,0.77091,0.77113,1.13,2.44
2013.08.22 09:04:52.218,0.77092,0.77112,1.13,1.32
2013.08.22 09:04:52.398,0.77091,0.77112,1.88,1.88
2013.08.22 09:04:52.638,0.77091,0.77112,1.88,1.50
2013.08.22 09:04:53.178,0.77097,0.77114,1.13,2.07
2013.08.22 09:04:53.989,0.77096,0.77111,1.50,1.13
2013.08.22 09:04:54.529,0.77096,0.77114,1.13,2.44
2013.08.22 09:04:55.063,0.77096,0.77114,1.13,1.88
2013.08.22 09:04:55.608,0.77095,0.77114,1.50,2.25
2013.08.22 09:04:55.908,0.77093,0.77111,1.13,1.50
2013.08.22 09:04:56.391,0.77094,0.77112,1.13,2.25
2013.08.22 09:04:56.630,0.77097,0.77117,1.13,1.32
2013.08.22 09:04:56.988,0.771,0.7712,1.13,1.69
2013.08.22 09:04:57.517,0.77101,0.77121,1.13,2.44
2013.08.22 09:04:57.968,0.77101,0.77121,1.13,2.44
2013.08.22 09:04:58.571,0.771,0.7712,1.50,1.69
2013.08.22 09:04:59.038,0.77101,0.77119,1.13,1.32
2013.08.22 09:04:59.158,0.77101,0.77119,1.13,1.32
2013.08.22 09:04:59.278,0.77101,0.77121,1.13,1.69
2013.08.22 09:04:59.818,0.77101,0.77122,1.13,1.32
2013.08.22 09:05:00.131,0.77101,0.77122,1.13,1.32
2013.08.22 09:05:00.249,0.77101,0.77121,1.13,1.32
2013.08.22 09:05:00.371,0.77101,0.77121,1.13,1.32
2013.08.22 09:05:00.698,0.77101,0.77121,1.13,1.32
2013.08.22 09:05:00.898,0.77101,0.77121,1.13,1.32
2013.08.22 09:05:01.199,0.77102,0.77121,1.13,1.13
2013.08.22 09:05:01.438,0.77101,0.77124,2.63,2.82
2013.08.22 09:05:01.822,0.77101,0.77123,2.63,1.32
2013.08.22 09:05:02.368,0.77101,0.77124,2.63,3.19
2013.08.22 09:05:02.908,0.77103,0.77124,1.13,2.07
2013.08.22 09:05:02.972,0.77103,0.77124,1.50,1.69
2013.08.22 09:05:03.328,0.77103,0.77125,1.50,2.07
2013.08.22 09:05:03.638,0.77101,0.77124,1.13,2.44
2013.08.22 09:05:03.758,0.77102,0.77124,1.13,2.82
2013.08.22 09:05:03.879,0.77104,0.77124,1.50,2.44
2013.08.22 09:05:04.179,0.77107,0.77128,1.13,2.63
2013.08.22 09:05:04.299,0.77107,0.77128,1.88,1.50
2013.08.22 09:05:04.659,0.77107,0.77128,1.88,1.13
2013.08.22 09:05:05.299,0.77108,0.77128,1.88,1.88
2013.08.22 09:05:05.380,0.77108,0.77128,1.88,1.88
2013.08.22 09:05:06.070,0.77108,0.77128,1.88,1.88
2013.08.22 09:05:06.308,0.77112,0.77132,1.13,1.69
2013.08.22 09:05:06.428,0.77112,0.77132,1.13,1.50
2013.08.22 09:05:06.549,0.77113,0.77133,1.13,1.50
2013.08.22 09:05:06.609,0.77113,0.77133,1.50,1.50
2013.08.22 09:05:06.728,0.77115,0.77133,1.88,1.50
2013.08.22 09:05:06.848,0.77117,0.77137,1.13,2.07
2013.08.22 09:05:07.149,0.77116,0.77134,1.13,1.50
2013.08.22 09:05:07.268,0.77112,0.77133,1.50,1.13
2013.08.22 09:05:07.449,0.77109,0.7713,1.50,1.50
2013.08.22 09:05:07.628,0.77108,0.77128,1.13,1.13
2013.08.22 09:05:08.250,0.77108,0.77128,1.13,1.88
2013.08.22 09:05:08.577,0.77108,0.77128,1.88,1.13
2013.08.22 09:05:09.349,0.77109,0.77128,1.13,1.13
2013.08.22 09:05:09.868,0.77108,0.77128,1.88,1.13
2013.08.22 09:05:10.160,0.77111,0.7713,1.13,2.07
2013.08.22 09:05:10.401,0.77113,0.77131,1.13,1.32
2013.08.22 09:05:10.458,0.77113,0.77131,1.13,1.32
2013.08.22 09:05:10.698,0.77111,0.77133,1.50,1.32
2013.08.22 09:05:11.058,0.7711,0.77128,1.13,1.13
2013.08.22 09:05:11.599,0.7711,0.77131,1.13,1.32
2013.08.22 09:05:11.778,0.77111,0.77129,1.13,1.13
2013.08.22 09:05:12.468,0.77111,0.77131,1.13,1.88
2013.08.22 09:05:12.988,0.77111,0.77133,1.13,2.07
2013.08.22 09:05:13.108,0.77115,0.77133,1.13,1.32
2013.08.22 09:05:13.523,0.77115,0.77135,1.13,1.13
2013.08.22 09:05:14.748,0.77114,0.77136,1.13,2.44
2013.08.22 09:05:14.868,0.77112,0.77134,1.13,1.13
2013.08.22 09:05:14.988,0.77112,0.77135,1.50,1.13
2013.08.22 09:05:15.348,0.77111,0.77131,1.50,1.13
2013.08.22 09:05:15.768,0.77111,0.77128,1.50,1.13
2013.08.22 09:05:15.828,0.77107,0.77128,1.50,1.13
2013.08.22 09:05:16.525,0.77107,0.77129,1.50,1.88
2013.08.22 09:05:17.148,0.77107,0.77128,1.50,1.13
2013.08.22 09:05:17.448,0.77103,0.77125,1.50,1.13
2013.08.22 09:05:17.989,0.77103,0.77124,1.50,1.13
2013.08.22 09:05:18.718,0.77103,0.77123,1.50,1.13
2013.08.22 09:05:18.900,0.77102,0.77122,1.50,1.13
2013.08.22 09:05:19.458,0.77102,0.77122,1.50,1.13
2013.08.22 09:05:19.518,0.77102,0.77122,1.50,1.13
2013.08.22 09:05:19.698,0.771,0.77122,1.50,1.13
2013.08.22 09:05:19.819,0.771,0.77122,1.50,1.88
2013.08.22 09:05:19.879,0.77099,0.77122,2.63,1.50
2013.08.22 09:05:19.998,0.77099,0.77123,1.88,2.63
2013.08.22 09:05:20.119,0.77102,0.77123,1.13,1.88
2013.08.22 09:05:20.538,0.77098,0.77123,1.69,1.88
2013.08.22 09:05:20.598,0.77098,0.77122,1.50,1.13
2013.08.22 09:05:21.138,0.771,0.77119,1.13,2.63
2013.08.22 09:05:21.438,0.77097,0.77121,2.07,2.25
2013.08.22 09:05:21.558,0.77102,0.77123,1.13,1.13
2013.08.22 09:05:22.098,0.77101,0.77123,1.88,1.13
2013.08.22 09:05:22.617,0.77102,0.77124,1.13,2.25
2013.08.22 09:05:22.938,0.77102,0.77123,1.13,1.13
2013.08.22 09:05:23.719,0.77101,0.77121,1.50,1.13
2013.08.22 09:05:24.079,0.77099,0.77119,1.13,1.13
2013.08.22 09:05:24.139,0.77099,0.77119,1.13,1.13
2013.08.22 09:05:24.318,0.77099,0.77119,1.50,1.50
2013.08.22 09:05:24.498,0.77101,0.77119,1.50,1.50
2013.08.22 09:05:25.052,0.77102,0.77123,1.50,1.32
2013.08.22 09:05:25.109,0.77102,0.77124,1.50,2.63
2013.08.22 09:05:25.288,0.77103,0.77124,1.50,1.88
2013.08.22 09:05:25.805,0.77105,0.77125,1.50,1.50
2013.08.22 09:05:26.110,0.77104,0.77123,1.50,1.50
2013.08.22 09:05:26.411,0.77105,0.77127,1.50,1.88
2013.08.22 09:05:26.649,0.77108,0.77128,1.88,1.13
2013.08.22 09:05:27.150,0.77108,0.77128,1.88,1.13
2013.08.22 09:05:27.761,0.77108,0.77128,1.88,1.88
2013.08.22 09:05:28.368,0.77109,0.77128,1.13,1.50
2013.08.22 09:05:28.488,0.77109,0.77127,1.13,1.50
2013.08.22 09:05:28.548,0.77109,0.77128,1.13,1.88
2013.08.22 09:05:28.728,0.77109,0.77127,1.50,1.13
2013.08.22 09:05:29.252,0.7711,0.7713,1.13,1.13
2013.08.22 09:05:30.758,0.7711,0.77131,1.13,1.13
2013.08.22 09:05:31.303,0.7711,0.77131,1.13,1.13
2013.08.22 09:05:32.638,0.77111,0.77131,2.63,2.63
2013.08.22 09:05:32.818,0.77113,0.77133,1.50,1.13
2013.08.22 09:05:32.939,0.77114,0.77136,1.50,2.63
2013.08.22 09:05:32.999,0.77114,0.77137,1.50,1.88
2013.08.22 09:05:33.119,0.77115,0.77138,1.50,1.50
2013.08.22 09:05:33.180,0.77121,0.77139,1.88,1.50
2013.08.22 09:05:33.359,0.77126,0.77147,1.50,1.50
2013.08.22 09:05:33.418,0.77129,0.77151,1.13,2.25
2013.08.22 09:05:33.658,0.77132,0.77153,1.50,2.63
2013.08.22 09:05:34.018,0.77136,0.77155,3.00,1.13
2013.08.22 09:05:34.138,0.77139,0.77161,1.50,1.50
2013.08.22 09:05:34.329,0.77136,0.77159,2.44,1.50
2013.08.22 09:05:34.808,0.77133,0.77158,1.50,1.50
2013.08.22 09:05:36.208,0.77133,0.77158,1.50,1.13
2013.08.22 09:05:38.688,0.77132,0.77156,2.25,1.13
2013.08.22 09:05:38.808,0.77132,0.77155,2.25,1.13
2013.08.22 09:05:39.110,0.77124,0.77147,3.19,1.50
2013.08.22 09:05:39.230,0.77124,0.77147,2.44,1.50
2013.08.22 09:05:39.769,0.77125,0.77148,1.50,1.13
2013.08.22 09:05:40.302,0.77125,0.77148,1.50,1.13
2013.08.22 09:05:40.478,0.77121,0.77145,2.63,2.25
2013.08.22 09:05:41.020,0.77121,0.77143,1.50,1.13
2013.08.22 09:05:41.558,0.7712,0.77143,1.50,2.63
2013.08.22 09:05:42.097,0.7712,0.77143,1.88,2.25
2013.08.22 09:05:43.508,0.7712,0.77143,1.88,1.50
2013.08.22 09:05:43.567,0.77121,0.77144,1.50,1.50
2013.08.22 09:05:43.868,0.7712,0.77141,2.25,1.88
2013.08.22 09:05:44.228,0.77121,0.77143,1.13,1.50
2013.08.22 09:05:45.888,0.7712,0.77143,1.50,1.88
2013.08.22 09:05:46.689,0.77121,0.77143,1.50,1.13
2013.08.22 09:05:47.720,0.77122,0.77144,1.13,1.50
2013.08.22 09:05:47.958,0.77123,0.77146,1.13,1.50
2013.08.22 09:05:48.139,0.77125,0.77148,1.13,1.69
2013.08.22 09:05:48.658,0.77126,0.77148,1.13,1.50
2013.08.22 09:05:49.761,0.77125,0.77149,1.13,3.75
2013.08.22 09:05:49.879,0.77124,0.77148,1.13,3.19
2013.08.22 09:05:49.999,0.77122,0.77145,1.13,1.50
2013.08.22 09:05:50.712,0.77122,0.77145,1.13,2.25
2013.08.22 09:05:50.828,0.77121,0.77143,1.13,1.50
2013.08.22 09:05:50.949,0.77118,0.77142,2.07,1.50
2013.08.22 09:05:51.368,0.77117,0.77141,1.88,1.50
2013.08.22 09:05:52.048,0.77117,0.77141,1.88,1.50
2013.08.22 09:05:53.558,0.77117,0.77141,1.88,1.50
2013.08.22 09:05:54.038,0.77118,0.77142,1.13,1.69
2013.08.22 09:05:56.228,0.77117,0.77141,1.88,1.50
2013.08.22 09:05:56.778,0.7712,0.77142,1.50,1.50
2013.08.22 09:05:56.838,0.77121,0.77144,3.00,1.69
2013.08.22 09:05:57.199,0.77127,0.77147,1.88,1.13
2013.08.22 09:05:57.498,0.7713,0.77152,2.25,1.50
2013.08.22 09:05:58.017,0.77131,0.77156,1.50,1.69
2013.08.22 09:05:58.198,0.77128,0.77151,1.88,2.25
2013.08.22 09:05:58.439,0.77128,0.77151,1.88,2.25
2013.08.22 09:05:58.558,0.77126,0.77151,2.07,2.25
2013.08.22 09:05:58.859,0.77127,0.77152,1.88,1.50
2013.08.22 09:05:59.218,0.77125,0.77147,1.13,1.50
2013.08.22 09:05:59.339,0.77126,0.77148,1.13,1.50
2013.08.22 09:05:59.899,0.77126,0.77148,1.13,1.50
2013.08.22 09:06:00.679,0.77126,0.77149,1.88,1.13
2013.08.22 09:06:01.308,0.77126,0.77149,1.50,1.88
2013.08.22 09:06:01.618,0.77127,0.7715,1.50,1.50
2013.08.22 09:06:01.929,0.77127,0.77149,1.50,1.13
2013.08.22 09:06:02.408,0.77125,0.77148,1.88,1.50
2013.08.22 09:06:02.852,0.77126,0.77148,1.13,1.50
2013.08.22 09:06:02.918,0.77126,0.77148,1.13,1.50
2013.08.22 09:06:03.038,0.77126,0.77149,1.88,1.88
2013.08.22 09:06:03.579,0.77126,0.77149,1.50,1.88
2013.08.22 09:06:04.122,0.77126,0.77149,1.88,1.88
2013.08.22 09:06:04.658,0.77126,0.77148,1.88,1.50
2013.08.22 09:06:04.859,0.77125,0.77147,1.13,1.50
2013.08.22 09:06:09.398,0.77124,0.77145,1.13,1.50
2013.08.22 09:06:12.308,0.77122,0.77145,1.13,2.25
2013.08.22 09:06:12.368,0.77124,0.77145,1.13,2.25
2013.08.22 09:06:13.948,0.77124,0.77147,1.13,2.25
2013.08.22 09:06:14.398,0.77125,0.77147,1.50,1.50
2013.08.22 09:06:14.458,0.77128,0.7715,1.50,1.50
2013.08.22 09:06:14.578,0.77129,0.77151,1.13,1.50
2013.08.22 09:06:14.698,0.7713,0.77153,1.88,1.88
2013.08.22 09:06:15.920,0.7713,0.77153,1.88,3.38
2013.08.22 09:06:16.039,0.7713,0.77151,1.88,2.25
2013.08.22 09:06:16.619,0.77127,0.77147,1.13,1.50
2013.08.22 09:06:16.685,0.77127,0.77145,1.13,1.50
2013.08.22 09:06:17.228,0.77125,0.77145,1.13,1.50
2013.08.22 09:06:21.840,0.77124,0.77146,1.50,1.50
2013.08.22 09:06:22.138,0.77125,0.77149,1.88,2.25
2013.08.22 09:06:23.070,0.77131,0.7715,1.50,1.50
2013.08.22 09:06:23.429,0.77138,0.77161,1.13,1.50
2013.08.22 09:06:23.608,0.7714,0.77164,1.50,1.88
2013.08.22 09:06:23.730,0.77141,0.77165,2.25,1.88
2013.08.22 09:06:24.284,0.77141,0.77165,2.63,1.50
2013.08.22 09:06:24.660,0.77143,0.77165,1.13,2.63
2013.08.22 09:06:24.719,0.77143,0.77165,1.13,1.50
2013.08.22 09:06:26.838,0.77144,0.77167,1.13,2.25
2013.08.22 09:06:27.018,0.77143,0.77167,2.63,3.00
2013.08.22 09:06:27.219,0.77143,0.77167,2.63,3.00
2013.08.22 09:06:27.518,0.77143,0.77166,1.88,3.57
2013.08.22 09:06:27.990,0.77142,0.77162,1.13,1.13
2013.08.22 09:06:28.339,0.77141,0.77162,1.50,1.13
2013.08.22 09:06:28.459,0.77141,0.77162,1.50,1.50
2013.08.22 09:06:28.878,0.7714,0.77161,1.13,1.50
2013.08.22 09:06:28.960,0.77139,0.77161,1.13,1.50
2013.08.22 09:06:29.854,0.7714,0.7716,1.13,1.50
2013.08.22 09:06:30.728,0.7714,0.7716,1.13,1.50
2013.08.22 09:06:31.238,0.7714,0.77159,1.13,2.63
2013.08.22 09:06:32.338,0.7714,0.7716,1.13,1.50
2013.08.22 09:06:33.191,0.77141,0.7716,1.13,1.13
2013.08.22 09:06:34.038,0.77151,0.77162,1.13,1.88
2013.08.22 09:06:34.098,0.77151,0.77163,1.13,1.50
2013.08.22 09:06:34.160,0.77151,0.77166,1.13,2.44
2013.08.22 09:06:34.218,0.77151,0.77169,1.13,1.13
2013.08.22 09:06:34.278,0.77148,0.77169,1.88,1.50
2013.08.22 09:06:34.398,0.77151,0.77169,1.13,1.50
2013.08.22 09:06:34.698,0.77151,0.77169,1.13,1.13
2013.08.22 09:06:35.348,0.77151,0.77171,1.13,1.35
2013.08.22 09:06:35.910,0.77151,0.77171,1.13,2.25
2013.08.22 09:06:36.125,0.7715,0.77171,1.13,2.25
2013.08.22 09:06:36.677,0.77149,0.7717,1.13,1.13
2013.08.22 09:06:37.858,0.77151,0.77171,1.13,2.07
2013.08.22 09:06:38.536,0.77151,0.7717,1.13,1.69
2013.08.22 09:06:39.086,0.77151,0.77169,1.13,1.50
2013.08.22 09:06:39.640,0.77151,0.77168,1.13,1.50
2013.08.22 09:06:40.738,0.77151,0.77168,1.13,1.50
2013.08.22 09:06:41.279,0.77153,0.77172,1.13,3.00
2013.08.22 09:06:41.339,0.77156,0.77173,1.13,1.50
2013.08.22 09:06:41.519,0.77152,0.77173,1.13,2.25
2013.08.22 09:06:41.638,0.77152,0.77172,1.13,2.25
2013.08.22 09:06:41.939,0.77153,0.77173,1.13,3.00
2013.08.22 09:06:42.000,0.77155,0.77174,1.13,1.69
2013.08.22 09:06:42.119,0.77151,0.77174,1.13,1.50
2013.08.22 09:06:42.179,0.7715,0.77169,1.50,1.13
2013.08.22 09:06:42.241,0.7715,0.77166,1.50,2.63
2013.08.22 09:06:42.539,0.77143,0.77162,1.13,1.50
2013.08.22 09:06:42.598,0.77143,0.77162,1.13,1.50
2013.08.22 09:06:42.997,0.77151,0.77164,1.13,1.50
2013.08.22 09:06:43.078,0.77152,0.77172,1.13,1.69
2013.08.22 09:06:43.139,0.77152,0.77173,1.13,1.69
2013.08.22 09:06:43.199,0.77149,0.77172,1.13,1.69
2013.08.22 09:06:43.261,0.77149,0.77171,1.13,1.50
2013.08.22 09:06:43.379,0.77151,0.7717,1.13,1.50
2013.08.22 09:06:43.738,0.77151,0.7717,1.13,1.50
2013.08.22 09:06:44.529,0.77151,0.77173,1.13,1.69
2013.08.22 09:06:44.888,0.77151,0.77173,1.88,1.69
2013.08.22 09:06:47.140,0.77151,0.77173,1.88,1.32
2013.08.22 09:06:47.680,0.77151,0.77173,1.13,1.50
2013.08.22 09:06:48.029,0.77151,0.77173,1.13,1.50
2013.08.22 09:06:48.330,0.77161,0.77173,1.13,2.25
2013.08.22 09:06:48.690,0.77161,0.7718,1.13,1.50
2013.08.22 09:06:48.929,0.77161,0.77182,1.13,1.50
2013.08.22 09:06:49.671,0.77161,0.77183,1.13,3.00
2013.08.22 09:06:49.849,0.77157,0.77181,2.07,2.25
2013.08.22 09:06:49.969,0.77157,0.77179,1.13,1.50
2013.08.22 09:06:50.100,0.77156,0.77178,1.13,1.50
2013.08.22 09:06:50.160,0.77159,0.77178,1.13,1.50
2013.08.22 09:06:50.698,0.77162,0.7718,1.13,1.50
2013.08.22 09:06:50.950,0.77157,0.77179,1.13,1.50
2013.08.22 09:06:51.429,0.77156,0.77179,2.63,2.82
2013.08.22 09:06:52.089,0.77156,0.77175,1.13,1.88
2013.08.22 09:06:53.168,0.77156,0.77174,1.13,1.13
2013.08.22 09:06:53.598,0.77156,0.77172,1.13,1.50
2013.08.22 09:06:55.228,0.77157,0.77175,1.88,2.25
2013.08.22 09:06:55.289,0.77157,0.77177,1.88,1.88
2013.08.22 09:06:55.348,0.77157,0.77177,1.13,1.88
2013.08.22 09:06:56.012,0.77157,0.77176,1.13,1.88
2013.08.22 09:06:57.149,0.77157,0.77176,1.13,1.50
2013.08.22 09:06:57.208,0.77157,0.77176,1.13,1.50
2013.08.22 09:06:57.918,0.77157,0.77176,1.13,2.25
2013.08.22 09:06:58.219,0.77157,0.77177,1.13,2.25
2013.08.22 09:06:58.460,0.77159,0.7718,1.13,1.50
2013.08.22 09:06:58.579,0.77159,0.7718,1.13,1.50
2013.08.22 09:06:58.819,0.77162,0.77182,1.13,1.50
2013.08.22 09:06:58.998,0.77162,0.77183,1.13,1.50
2013.08.22 09:06:59.249,0.7716,0.77183,2.48,1.50
2013.08.22 09:07:00.021,0.77162,0.77182,1.13,1.50
2013.08.22 09:07:00.200,0.7716,0.77177,1.13,1.50
2013.08.22 09:07:00.378,0.77156,0.77176,1.13,3.00
2013.08.22 09:07:00.679,0.77156,0.77171,1.13,1.50
2013.08.22 09:07:00.981,0.77151,0.7717,1.13,1.50
2013.08.22 09:07:01.040,0.77151,0.77167,1.13,3.00
2013.08.22 09:07:01.220,0.77147,0.77164,1.50,1.50
2013.08.22 09:07:01.400,0.77145,0.7716,1.50,2.25
2013.08.22 09:07:01.460,0.77136,0.77159,1.88,1.50
2013.08.22 09:07:01.520,0.77136,0.77159,1.88,2.25
2013.08.22 09:07:01.639,0.77136,0.77159,1.50,3.00
2013.08.22 09:07:01.699,0.77134,0.77154,1.50,1.50
2013.08.22 09:07:01.759,0.77133,0.77154,1.13,2.25
2013.08.22 09:07:01.880,0.77132,0.77153,1.13,1.50
2013.08.22 09:07:02.431,0.77129,0.77153,1.88,1.50
2013.08.22 09:07:02.748,0.77132,0.77153,1.13,1.50
2013.08.22 09:07:02.869,0.77132,0.77153,1.13,1.50
2013.08.22 09:07:03.048,0.77136,0.77153,1.13,1.50
2013.08.22 09:07:03.288,0.77134,0.77155,1.13,1.50
2013.08.22 09:07:03.708,0.77136,0.77157,1.13,1.50
2013.08.22 09:07:04.018,0.77136,0.77157,1.13,1.50
2013.08.22 09:07:04.138,0.77136,0.77159,1.13,1.88
2013.08.22 09:07:04.729,0.77136,0.77159,1.13,1.88
2013.08.22 09:07:04.969,0.77138,0.7716,1.13,1.13
2013.08.22 09:07:05.778,0.77139,0.77159,1.13,1.88
2013.08.22 09:07:06.019,0.77138,0.77159,1.13,1.13
2013.08.22 09:07:06.559,0.77137,0.77156,1.13,1.50
2013.08.22 09:07:06.918,0.7714,0.77158,1.13,1.50
2013.08.22 09:07:07.199,0.77137,0.77158,1.13,2.25
2013.08.22 09:07:07.258,0.77137,0.77155,1.13,1.50
2013.08.22 09:07:07.759,0.77137,0.77153,1.13,1.50
2013.08.22 09:07:08.128,0.77137,0.77153,1.13,1.50
2013.08.22 09:07:08.249,0.77137,0.77155,1.13,1.50
2013.08.22 09:07:08.823,0.77137,0.77155,1.13,1.50
2013.08.22 09:07:09.179,0.77137,0.77152,1.13,1.50
2013.08.22 09:07:09.359,0.77137,0.77155,1.13,1.50
2013.08.22 09:07:09.798,0.77137,0.77155,1.13,1.50
2013.08.22 09:07:09.918,0.77137,0.77156,1.13,1.50
2013.08.22 09:07:10.398,0.77137,0.77159,1.13,1.69
2013.08.22 09:07:10.459,0.77137,0.77159,1.13,1.50
2013.08.22 09:07:10.521,0.77137,0.77156,1.13,1.50
2013.08.22 09:07:10.878,0.77141,0.77161,1.13,3.19
2013.08.22 09:07:10.938,0.77141,0.77161,1.13,1.50
2013.08.22 09:07:11.191,0.77141,0.77161,1.13,1.50
2013.08.22 09:07:11.681,0.77141,0.7716,1.13,1.50
2013.08.22 09:07:12.088,0.7714,0.7716,1.13,1.50
2013.08.22 09:07:12.598,0.7714,0.77158,1.13,2.25
2013.08.22 09:07:12.659,0.77139,0.77155,1.13,2.25
2013.08.22 09:07:13.208,0.77141,0.77156,1.13,2.25
2013.08.22 09:07:13.329,0.77141,0.77158,1.13,1.50
2013.08.22 09:07:13.707,0.77136,0.77158,1.13,1.50
2013.08.22 09:07:14.368,0.77136,0.77158,1.13,1.88
2013.08.22 09:07:14.968,0.77136,0.77158,1.13,1.50
2013.08.22 09:07:15.328,0.77137,0.77158,1.13,2.25
2013.08.22 09:07:15.389,0.77138,0.77162,1.13,1.50
2013.08.22 09:07:15.928,0.77136,0.77161,2.07,2.25
2013.08.22 09:07:16.048,0.77136,0.77161,2.07,1.50
2013.08.22 09:07:16.608,0.77136,0.77158,1.32,1.50
2013.08.22 09:07:16.968,0.77133,0.77153,1.13,1.50
2013.08.22 09:07:18.998,0.7713,0.77153,1.32,1.50
2013.08.22 09:07:19.178,0.7713,0.7715,1.32,1.50
2013.08.22 09:07:19.869,0.77132,0.7715,1.13,1.50
2013.08.22 09:07:20.680,0.77132,0.7715,1.13,1.50
2013.08.22 09:07:22.729,0.77127,0.77147,1.32,1.50
2013.08.22 09:07:22.849,0.77127,0.77147,1.13,1.50
2013.08.22 09:07:22.969,0.77127,0.77146,1.13,1.50
2013.08.22 09:07:23.089,0.77126,0.77146,1.13,1.50
2013.08.22 09:07:23.150,0.77126,0.77144,1.13,1.50
2013.08.22 09:07:24.110,0.77122,0.77144,1.88,1.50
2013.08.22 09:07:24.290,0.77122,0.77144,1.88,1.50
2013.08.22 09:07:24.588,0.77122,0.7714,1.13,1.50
2013.08.22 09:07:24.949,0.77125,0.77144,1.13,1.50
2013.08.22 09:07:25.429,0.77126,0.77143,1.13,3.00
2013.08.22 09:07:26.558,0.77121,0.7714,1.13,1.50
2013.08.22 09:07:26.618,0.77121,0.77139,1.13,1.50
2013.08.22 09:07:26.679,0.77121,0.77141,1.13,1.50
2013.08.22 09:07:27.099,0.77127,0.77141,1.13,1.50
2013.08.22 09:07:27.338,0.77129,0.77148,1.13,1.50
2013.08.22 09:07:27.578,0.77126,0.77147,1.13,1.50
2013.08.22 09:07:27.700,0.77126,0.77147,2.07,1.50
2013.08.22 09:07:28.239,0.77131,0.77146,1.13,1.50
2013.08.22 09:07:28.359,0.77131,0.77147,1.13,1.50
2013.08.22 09:07:28.779,0.77131,0.77146,1.13,1.50
2013.08.22 09:07:29.542,0.77132,0.77146,1.13,1.50
2013.08.22 09:07:31.377,0.77132,0.77146,1.13,1.50
2013.08.22 09:07:31.678,0.77126,0.77145,1.13,2.25
2013.08.22 09:07:31.738,0.77126,0.77145,1.13,2.25
2013.08.22 09:07:31.860,0.77126,0.77145,1.13,1.50
2013.08.22 09:07:31.921,0.77123,0.77138,1.50,1.50
2013.08.22 09:07:31.981,0.77123,0.77138,1.13,1.50
2013.08.22 09:07:32.158,0.77122,0.77138,1.13,1.50
2013.08.22 09:07:32.473,0.77121,0.77139,2.25,1.50
2013.08.22 09:07:32.590,0.77121,0.77144,1.50,1.50
2013.08.22 09:07:32.708,0.77121,0.77144,1.13,1.50
2013.08.22 09:07:32.948,0.77121,0.7714,1.13,1.50
2013.08.22 09:07:33.188,0.77121,0.7714,1.13,1.50
2013.08.22 09:07:33.728,0.77114,0.77136,3.38,1.13
2013.08.22 09:07:33.908,0.77116,0.77134,1.13,1.50
2013.08.22 09:07:34.461,0.77115,0.77134,1.13,1.50
2013.08.22 09:07:34.520,0.77115,0.77134,1.13,1.50
2013.08.22 09:07:34.580,0.77115,0.77137,1.88,1.88
2013.08.22 09:07:34.698,0.77114,0.77135,2.25,1.50
2013.08.22 09:07:35.239,0.7711,0.77132,1.50,1.50
2013.08.22 09:07:35.418,0.77108,0.77131,1.69,3.00
2013.08.22 09:07:35.599,0.77107,0.77128,1.13,1.50
2013.08.22 09:07:35.959,0.77105,0.77123,1.13,1.50
2013.08.22 09:07:36.078,0.77105,0.77123,1.13,1.50
2013.08.22 09:07:36.199,0.77105,0.77122,1.13,1.50
2013.08.22 09:07:36.600,0.77106,0.77123,1.13,1.50
2013.08.22 09:07:36.900,0.77106,0.77126,1.13,1.50
2013.08.22 09:07:37.679,0.77102,0.77122,2.07,1.13
2013.08.22 09:07:37.800,0.77102,0.77123,1.88,2.63
2013.08.22 09:07:38.282,0.77097,0.77116,1.13,1.50
2013.08.22 09:07:38.640,0.77087,0.77107,1.13,1.50
2013.08.22 09:07:38.699,0.77085,0.77107,1.50,3.00
2013.08.22 09:07:39.238,0.77086,0.77105,1.13,1.50
2013.08.22 09:07:39.778,0.77082,0.77105,2.63,1.50
2013.08.22 09:07:39.838,0.77082,0.77105,1.88,1.50
2013.08.22 09:07:40.018,0.77087,0.77107,1.13,1.50
2013.08.22 09:07:40.422,0.77087,0.77107,1.13,1.50
2013.08.22 09:07:40.668,0.77087,0.77108,1.13,1.50
2013.08.22 09:07:40.848,0.77086,0.77107,1.13,2.25
2013.08.22 09:07:41.369,0.77087,0.77103,1.13,1.50
2013.08.22 09:07:41.428,0.77086,0.77104,1.13,1.50
2013.08.22 09:07:41.729,0.77086,0.77104,1.13,2.25
2013.08.22 09:07:41.908,0.77086,0.77105,1.13,1.50
2013.08.22 09:07:42.467,0.77086,0.77104,1.13,1.50
2013.08.22 09:07:42.529,0.77086,0.77104,1.13,2.25
2013.08.22 09:07:43.090,0.77086,0.77102,1.13,1.50
2013.08.22 09:07:43.628,0.77086,0.77102,1.13,1.50
2013.08.22 09:07:43.688,0.77086,0.771,1.13,1.50
2013.08.22 09:07:43.749,0.77086,0.77102,1.13,1.50
2013.08.22 09:07:44.048,0.77082,0.77101,1.13,1.50
2013.08.22 09:07:44.228,0.77082,0.77101,1.13,2.25
2013.08.22 09:07:44.409,0.77082,0.771,1.13,1.50
2013.08.22 09:07:44.769,0.77082,0.77098,1.13,2.25
2013.08.22 09:07:44.948,0.77082,0.77101,1.13,2.25
2013.08.22 09:07:45.598,0.77082,0.771,1.13,1.50
2013.08.22 09:07:45.658,0.77081,0.771,1.13,3.00
2013.08.22 09:07:46.559,0.77081,0.77097,1.13,1.50
2013.08.22 09:07:46.681,0.77081,0.77098,1.13,1.50
2013.08.22 09:07:46.918,0.77079,0.77096,1.13,1.13
2013.08.22 09:07:47.290,0.77076,0.77096,1.13,1.13
2013.08.22 09:07:48.879,0.77076,0.77097,1.88,1.13
2013.08.22 09:07:49.119,0.77076,0.77098,1.88,1.50
2013.08.22 09:07:49.426,0.7708,0.77096,1.13,1.50
2013.08.22 09:07:50.461,0.77081,0.77093,1.13,1.50
2013.08.22 09:07:51.129,0.77077,0.77091,1.13,1.50
2013.08.22 09:07:51.308,0.77074,0.77089,1.13,1.13
2013.08.22 09:07:53.120,0.77073,0.77089,1.13,1.50
2013.08.22 09:07:54.810,0.77071,0.7709,1.13,1.13
2013.08.22 09:07:54.929,0.77072,0.77092,1.13,1.13
2013.08.22 09:07:55.179,0.7708,0.77094,1.50,1.50
2013.08.22 09:07:55.359,0.77083,0.77104,1.50,1.50
2013.08.22 09:07:55.599,0.77085,0.77107,1.50,1.50
2013.08.22 09:07:56.139,0.77085,0.77108,1.50,2.25
2013.08.22 09:07:56.319,0.77083,0.77106,1.50,1.50
2013.08.22 09:07:56.988,0.77086,0.77106,1.13,1.50
2013.08.22 09:07:57.571,0.77086,0.77108,1.13,1.50
2013.08.22 09:07:59.872,0.77084,0.77108,1.50,1.50
2013.08.22 09:08:00.229,0.77083,0.77104,1.13,1.50
2013.08.22 09:08:00.408,0.77084,0.77107,1.50,1.69
2013.08.22 09:08:00.469,0.77086,0.7711,2.25,2.82
2013.08.22 09:08:00.588,0.77086,0.7711,3.00,2.07
2013.08.22 09:08:00.648,0.77086,0.7711,3.00,2.82
2013.08.22 09:08:00.970,0.77088,0.77111,1.50,2.07
2013.08.22 09:08:01.238,0.77087,0.7711,1.88,1.88
2013.08.22 09:08:01.478,0.77088,0.77111,1.50,1.32
2013.08.22 09:08:01.928,0.77088,0.7711,1.50,2.07
2013.08.22 09:08:03.030,0.77086,0.7711,2.25,2.07
2013.08.22 09:08:03.469,0.77088,0.77111,1.50,2.44
2013.08.22 09:08:03.865,0.77087,0.7711,1.50,1.13
2013.08.22 09:08:04.228,0.77085,0.77109,1.50,1.69
2013.08.22 09:08:05.171,0.77087,0.77109,1.50,1.69
2013.08.22 09:08:05.899,0.77085,0.7711,1.50,2.07
2013.08.22 09:08:06.138,0.77084,0.7711,2.25,4.32
2013.08.22 09:08:06.801,0.77082,0.77107,1.88,1.50
2013.08.22 09:08:07.369,0.77084,0.77107,1.50,1.13
2013.08.22 09:08:07.608,0.7708,0.77103,2.25,1.50
2013.08.22 09:08:07.849,0.77078,0.77102,1.88,1.50
2013.08.22 09:08:07.909,0.77077,0.77101,2.25,1.13
2013.08.22 09:08:07.969,0.77077,0.771,2.25,1.50
2013.08.22 09:08:08.368,0.77075,0.77097,1.13,1.50
2013.08.22 09:08:08.669,0.77072,0.77096,2.63,1.50
2013.08.22 09:08:09.398,0.77072,0.7709,1.88,1.50
2013.08.22 09:08:09.699,0.7707,0.7709,1.13,1.50
2013.08.22 09:08:09.883,0.7707,0.77095,1.88,1.50
2013.08.22 09:08:10.130,0.7707,0.77095,1.88,1.50
2013.08.22 09:08:10.679,0.77072,0.77096,1.50,1.69
2013.08.22 09:08:10.739,0.77071,0.77096,2.25,1.69
2013.08.22 09:08:10.800,0.77072,0.77096,1.50,1.69
2013.08.22 09:08:11.039,0.77072,0.77095,1.50,1.50
2013.08.22 09:08:11.099,0.77072,0.77096,1.50,1.50
2013.08.22 09:08:11.699,0.77074,0.77096,1.50,1.50
2013.08.22 09:08:12.200,0.77076,0.771,2.25,2.44
2013.08.22 09:08:12.749,0.77077,0.77101,1.50,1.32
2013.08.22 09:08:14.388,0.77076,0.77099,1.13,1.69
2013.08.22 09:08:14.728,0.77081,0.77099,1.13,1.69
2013.08.22 09:08:14.908,0.77081,0.77101,1.13,1.50
2013.08.22 09:08:15.089,0.77081,0.77101,1.13,1.50
2013.08.22 09:08:15.328,0.77081,0.77103,1.13,1.50
2013.08.22 09:08:15.828,0.77081,0.77103,1.13,1.50
2013.08.22 09:08:16.289,0.77079,0.77101,1.13,2.25
2013.08.22 09:08:16.408,0.77076,0.77098,1.13,1.88
2013.08.22 09:08:16.588,0.77082,0.771,1.13,1.13
2013.08.22 09:08:17.253,0.77082,0.77101,1.13,1.13
2013.08.22 09:08:18.698,0.77082,0.77102,1.13,1.88
2013.08.22 09:08:19.118,0.77081,0.77104,1.13,2.44
2013.08.22 09:08:19.178,0.77081,0.77101,1.13,1.50
2013.08.22 09:08:19.478,0.77082,0.77105,1.50,1.32
2013.08.22 09:08:19.599,0.77082,0.77104,1.13,2.07
2013.08.22 09:08:19.779,0.77082,0.77104,1.88,1.32
2013.08.22 09:08:21.339,0.77082,0.77103,1.13,2.25
2013.08.22 09:08:21.749,0.77082,0.77105,1.13,1.69
2013.08.22 09:08:22.109,0.77082,0.77104,1.13,1.32
2013.08.22 09:08:22.419,0.77082,0.77106,1.13,2.07
2013.08.22 09:08:22.728,0.77082,0.77101,1.13,1.50
2013.08.22 09:08:22.848,0.77082,0.77103,1.13,1.50
2013.08.22 09:08:23.440,0.77082,0.77103,1.13,1.50
2013.08.22 09:08:24.068,0.77082,0.77103,1.13,1.50
2013.08.22 09:08:24.558,0.77082,0.77103,1.13,1.50
2013.08.22 09:08:25.108,0.77079,0.77102,1.13,1.88
2013.08.22 09:08:25.288,0.77079,0.77101,1.13,1.88
2013.08.22 09:08:25.468,0.77078,0.77099,1.13,1.69
2013.08.22 09:08:25.829,0.77076,0.77098,1.13,1.50
2013.08.22 09:08:26.068,0.77076,0.77097,1.13,1.50
2013.08.22 09:08:26.373,0.77073,0.77095,1.50,1.50
2013.08.22 09:08:26.878,0.77073,0.77095,1.50,1.50
2013.08.22 09:08:27.985,0.77076,0.77097,1.13,1.50
2013.08.22 09:08:28.060,0.77076,0.77099,1.13,2.07
2013.08.22 09:08:28.179,0.77075,0.77095,1.50,1.13
2013.08.22 09:08:28.298,0.7707,0.77093,2.63,2.25
2013.08.22 09:08:28.478,0.77072,0.77096,1.88,1.88
2013.08.22 09:08:28.959,0.77079,0.77099,1.13,1.69
2013.08.22 09:08:29.079,0.77079,0.771,1.13,1.69
2013.08.22 09:08:29.199,0.77079,0.77101,1.88,1.50
2013.08.22 09:08:29.319,0.77081,0.77101,1.13,1.88
2013.08.22 09:08:29.619,0.77078,0.77101,1.13,1.32
2013.08.22 09:08:30.038,0.7708,0.77102,1.13,1.69
2013.08.22 09:08:30.398,0.77082,0.77104,1.88,1.69
2013.08.22 09:08:30.992,0.77082,0.77104,1.88,1.69
2013.08.22 09:08:31.684,0.77082,0.77104,1.88,1.69
2013.08.22 09:08:32.208,0.77082,0.77105,2.63,2.44
2013.08.22 09:08:32.758,0.77082,0.77105,2.63,2.44
2013.08.22 09:08:33.979,0.77088,0.77108,1.13,1.69
2013.08.22 09:08:34.039,0.77088,0.77108,1.13,1.69
2013.08.22 09:08:34.159,0.77091,0.77108,1.13,1.50
2013.08.22 09:08:34.519,0.77096,0.77117,2.63,1.50
2013.08.22 09:08:34.580,0.77097,0.7712,1.50,2.44
2013.08.22 09:08:35.890,0.77096,0.77117,1.50,1.50
2013.08.22 09:08:36.248,0.77097,0.77117,1.13,1.50
2013.08.22 09:08:36.369,0.771,0.7712,1.13,2.44
2013.08.22 09:08:36.611,0.77102,0.77124,1.13,2.25
2013.08.22 09:08:36.671,0.77104,0.77124,1.13,1.50
2013.08.22 09:08:37.030,0.77103,0.77127,1.69,1.50
2013.08.22 09:08:37.149,0.77106,0.77129,1.13,2.25
2013.08.22 09:08:37.209,0.77105,0.77128,1.50,2.25
2013.08.22 09:08:37.329,0.77104,0.77126,1.50,2.25
2013.08.22 09:08:37.390,0.77104,0.77126,1.50,1.50
2013.08.22 09:08:37.449,0.77104,0.77125,1.13,1.50
2013.08.22 09:08:37.808,0.77105,0.77128,1.88,3.00
2013.08.22 09:08:37.991,0.7711,0.7713,1.13,1.13
2013.08.22 09:08:38.289,0.77112,0.77134,1.13,2.25
2013.08.22 09:08:38.470,0.77112,0.77134,1.50,1.69
2013.08.22 09:08:38.807,0.77114,0.77135,1.13,1.69
2013.08.22 09:08:39.069,0.77114,0.77137,2.25,2.25
2013.08.22 09:08:39.191,0.77117,0.77139,1.13,1.50
2013.08.22 09:08:39.549,0.7712,0.77142,1.88,1.50
2013.08.22 09:08:39.669,0.77122,0.77143,1.13,1.50
2013.08.22 09:08:40.029,0.77124,0.77145,1.13,1.69
2013.08.22 09:08:40.149,0.77123,0.77144,1.50,1.69
2013.08.22 09:08:40.389,0.77123,0.77145,1.50,1.69
2013.08.22 09:08:40.691,0.77124,0.77148,1.13,2.44
2013.08.22 09:08:41.108,0.77125,0.77145,1.13,1.50
2013.08.22 09:08:41.170,0.77122,0.77145,2.63,2.25
2013.08.22 09:08:41.293,0.77123,0.77147,2.07,1.50
2013.08.22 09:08:41.349,0.77124,0.77148,1.69,3.00
2013.08.22 09:08:41.409,0.77123,0.77147,1.32,1.50
2013.08.22 09:08:41.769,0.77126,0.77146,1.13,1.50
2013.08.22 09:08:42.368,0.77126,0.77148,2.44,1.50
2013.08.22 09:08:43.600,0.77127,0.77149,1.32,3.00
2013.08.22 09:08:43.940,0.77127,0.77147,1.32,2.25
2013.08.22 09:08:44.299,0.7712,0.77134,2.44,1.50
2013.08.22 09:08:44.360,0.77114,0.77134,2.07,1.50
2013.08.22 09:08:44.659,0.77112,0.77133,2.07,1.88
2013.08.22 09:08:45.206,0.77112,0.77133,2.07,1.88
2013.08.22 09:08:45.920,0.77113,0.77133,1.32,1.13
2013.08.22 09:08:46.158,0.77112,0.77131,1.13,1.50
2013.08.22 09:08:46.339,0.77104,0.77124,1.32,1.88
2013.08.22 09:08:46.401,0.77106,0.77126,1.13,2.63
2013.08.22 09:08:46.460,0.77106,0.77127,1.13,1.88
2013.08.22 09:08:46.758,0.77109,0.77129,2.07,1.88
2013.08.22 09:08:46.878,0.77109,0.77129,1.69,1.88
2013.08.22 09:08:46.998,0.77106,0.77128,2.82,1.13
2013.08.22 09:08:47.178,0.77106,0.77126,2.44,3.38
2013.08.22 09:08:47.539,0.77107,0.77126,1.32,1.50
2013.08.22 09:08:47.718,0.77111,0.7713,1.13,1.50
2013.08.22 09:08:47.899,0.77111,0.77134,2.07,2.25
2013.08.22 09:08:48.858,0.77109,0.77133,1.69,1.88
2013.08.22 09:08:48.979,0.77108,0.77131,2.44,1.50
2013.08.22 09:08:49.039,0.77107,0.77132,2.82,2.25
2013.08.22 09:08:49.380,0.77108,0.77132,2.07,2.25
2013.08.22 09:08:49.500,0.77111,0.77132,1.50,2.25
2013.08.22 09:08:49.924,0.77113,0.77135,1.50,1.50
2013.08.22 09:08:50.472,0.77112,0.77137,2.44,3.00
2013.08.22 09:08:50.650,0.77111,0.77136,1.69,1.50
2013.08.22 09:08:51.188,0.7711,0.77133,1.32,1.50
2013.08.22 09:08:51.600,0.77112,0.77136,1.32,2.25
2013.08.22 09:08:51.719,0.77112,0.77136,1.32,2.25
2013.08.22 09:08:52.270,0.77112,0.77137,2.82,1.50
2013.08.22 09:08:52.332,0.77112,0.77137,2.07,2.25
2013.08.22 09:08:52.758,0.77113,0.77137,1.69,2.25
2013.08.22 09:08:53.749,0.77112,0.77135,2.07,1.50
2013.08.22 09:08:54.109,0.77108,0.77132,2.07,1.50
2013.08.22 09:08:54.169,0.77108,0.77132,1.13,1.50
2013.08.22 09:08:54.709,0.77109,0.77132,1.69,1.50
2013.08.22 09:08:54.980,0.77111,0.77133,1.88,1.50
2013.08.22 09:08:55.282,0.77114,0.77136,1.13,1.50
2013.08.22 09:08:55.698,0.77113,0.77136,1.50,1.50
2013.08.22 09:08:56.194,0.77112,0.77133,1.50,1.13
2013.08.22 09:08:56.263,0.77109,0.77131,1.50,1.13
2013.08.22 09:08:56.319,0.77107,0.77131,1.69,2.63
2013.08.22 09:08:56.379,0.77106,0.77129,2.07,1.50
2013.08.22 09:08:57.378,0.77105,0.77128,1.88,1.13
2013.08.22 09:08:57.559,0.77095,0.77115,2.25,1.13
2013.08.22 09:08:57.622,0.77095,0.77115,1.88,1.13
2013.08.22 09:08:57.741,0.77095,0.77115,1.13,1.13
2013.08.22 09:08:58.101,0.77093,0.77111,1.13,1.13
2013.08.22 09:08:58.671,0.77096,0.77114,1.13,1.50
2013.08.22 09:08:58.791,0.77096,0.77116,1.13,1.50
2013.08.22 09:08:59.029,0.77097,0.77115,1.13,1.13
2013.08.22 09:08:59.391,0.77096,0.77115,1.13,1.13
2013.08.22 09:08:59.451,0.77097,0.77116,1.13,1.50
2013.08.22 09:08:59.570,0.77097,0.77118,1.13,4.32
2013.08.22 09:08:59.643,0.77097,0.77118,1.13,5.82
2013.08.22 09:08:59.971,0.77095,0.77115,1.13,1.88
2013.08.22 09:09:00.479,0.77093,0.77115,1.13,1.88
2013.08.22 09:09:01.023,0.77097,0.77119,2.63,2.07
2013.08.22 09:09:01.094,0.771,0.7712,1.13,1.32
2013.08.22 09:09:01.539,0.77099,0.7712,1.50,1.13
2013.08.22 09:09:02.124,0.77099,0.7712,1.50,1.13
2013.08.22 09:09:02.181,0.77099,0.7712,1.88,1.13
2013.08.22 09:09:02.719,0.77098,0.7712,1.13,1.13
2013.08.22 09:09:03.259,0.77099,0.77118,1.88,1.88
2013.08.22 09:09:03.320,0.77098,0.77117,1.13,1.13
2013.08.22 09:09:03.838,0.77098,0.77117,1.13,1.13
2013.08.22 09:09:03.898,0.77099,0.77117,1.50,1.13
2013.08.22 09:09:04.078,0.77099,0.7712,1.50,1.13
2013.08.22 09:09:04.589,0.771,0.77122,2.63,1.13
2013.08.22 09:09:05.808,0.771,0.77122,2.63,1.13
2013.08.22 09:09:06.561,0.77101,0.77122,1.13,1.88
2013.08.22 09:09:06.918,0.77098,0.77122,1.88,3.00
2013.08.22 09:09:06.978,0.77098,0.77118,1.13,1.88
2013.08.22 09:09:07.041,0.77097,0.77116,1.13,1.13
2013.08.22 09:09:07.399,0.77092,0.77112,2.25,1.50
2013.08.22 09:09:07.458,0.77092,0.77113,3.00,1.50
2013.08.22 09:09:07.638,0.77095,0.77116,1.13,2.25
2013.08.22 09:09:07.998,0.77093,0.77113,1.13,1.50
2013.08.22 09:09:08.178,0.77089,0.77113,2.10,1.50
2013.08.22 09:09:08.738,0.77093,0.77117,1.13,2.25
2013.08.22 09:09:09.318,0.77094,0.77116,1.13,1.50
2013.08.22 09:09:10.428,0.77094,0.77118,1.13,2.25
2013.08.22 09:09:10.798,0.77094,0.77118,1.13,2.25
2013.08.22 09:09:11.039,0.77093,0.77118,1.88,2.25
2013.08.22 09:09:11.348,0.77092,0.77114,1.13,1.50
2013.08.22 09:09:11.659,0.77092,0.77112,1.13,1.50
2013.08.22 09:09:11.840,0.77091,0.77112,1.13,2.63
2013.08.22 09:09:12.411,0.77092,0.7711,1.13,1.88
2013.08.22 09:09:12.651,0.77096,0.77114,1.13,3.38
2013.08.22 09:09:12.949,0.77096,0.77116,1.13,1.13
2013.08.22 09:09:13.713,0.77096,0.77117,1.13,2.25
2013.08.22 09:09:15.909,0.77093,0.77115,3.00,1.50
2013.08.22 09:09:16.269,0.77097,0.77117,1.13,1.50
2013.08.22 09:09:16.389,0.77098,0.77118,1.13,1.50
2013.08.22 09:09:16.569,0.77101,0.77121,1.13,1.13
2013.08.22 09:09:16.628,0.77106,0.77121,1.13,1.13
2013.08.22 09:09:16.869,0.77106,0.77124,1.13,2.07
2013.08.22 09:09:17.419,0.77106,0.77124,1.13,1.32
2013.08.22 09:09:18.019,0.77105,0.77124,1.13,2.07
2013.08.22 09:09:18.498,0.77106,0.77123,1.13,1.13
2013.08.22 09:09:18.561,0.77106,0.77125,1.13,1.13
2013.08.22 09:09:18.919,0.77101,0.77118,2.25,1.13
2013.08.22 09:09:18.978,0.77099,0.77118,1.50,1.13
2013.08.22 09:09:19.038,0.77099,0.77118,3.00,1.13
2013.08.22 09:09:19.159,0.77095,0.77114,1.50,1.13
2013.08.22 09:09:19.219,0.77096,0.77114,1.13,1.13
2013.08.22 09:09:19.876,0.77092,0.77114,1.88,1.50
2013.08.22 09:09:20.179,0.77091,0.77109,1.13,1.88
2013.08.22 09:09:20.358,0.77085,0.77104,1.13,1.13
2013.08.22 09:09:20.419,0.77083,0.77101,1.13,1.13
2013.08.22 09:09:20.479,0.77081,0.77101,1.50,1.50
2013.08.22 09:09:20.839,0.77079,0.77102,1.50,1.50
2013.08.22 09:09:21.349,0.77075,0.77098,2.63,3.00
2013.08.22 09:09:21.709,0.77077,0.77099,1.50,1.88
2013.08.22 09:09:21.828,0.77077,0.771,1.50,1.69
2013.08.22 09:09:21.888,0.77075,0.77098,1.88,1.50
2013.08.22 09:09:22.008,0.77077,0.771,1.50,2.44
2013.08.22 09:09:22.369,0.77076,0.77099,2.25,1.13
2013.08.22 09:09:22.429,0.77076,0.77099,2.25,1.88
2013.08.22 09:09:22.488,0.77076,0.77099,1.50,1.13
2013.08.22 09:09:23.019,0.77075,0.77098,3.38,1.50
2013.08.22 09:09:23.079,0.77077,0.77099,2.25,1.13
2013.08.22 09:09:23.638,0.77079,0.77101,1.50,2.44
2013.08.22 09:09:24.489,0.7708,0.77101,1.50,1.69
2013.08.22 09:09:24.868,0.77079,0.77101,1.50,2.44
2013.08.22 09:09:27.469,0.77079,0.77097,1.50,1.13
2013.08.22 09:09:27.829,0.77076,0.77092,1.50,1.13
2013.08.22 09:09:27.948,0.77075,0.77097,1.50,2.07
2013.08.22 09:09:28.159,0.77074,0.77096,2.25,2.44
2013.08.22 09:09:28.698,0.77074,0.77094,1.50,1.50
2013.08.22 09:09:29.514,0.77074,0.77094,1.50,1.88
2013.08.22 09:09:29.910,0.77073,0.77091,1.50,1.13
2013.08.22 09:09:30.099,0.77072,0.77092,1.50,1.13
2013.08.22 09:09:30.638,0.77072,0.77091,1.50,1.13
2013.08.22 09:09:30.759,0.77073,0.77095,1.50,1.50
2013.08.22 09:09:30.819,0.77073,0.77095,1.88,1.50
2013.08.22 09:09:31.120,0.77073,0.77096,1.50,1.13
2013.08.22 09:09:31.479,0.77073,0.77096,2.25,1.88
2013.08.22 09:09:31.668,0.77076,0.77096,1.50,1.13
2013.08.22 09:09:31.908,0.77077,0.77096,1.50,1.32
2013.08.22 09:09:32.389,0.77072,0.77094,1.50,1.13
2013.08.22 09:09:32.629,0.77066,0.77088,1.88,2.25
2013.08.22 09:09:32.689,0.77067,0.77088,2.25,1.88
2013.08.22 09:09:32.869,0.77071,0.77093,1.50,2.07
2013.08.22 09:09:32.988,0.77068,0.77087,1.50,1.13
2013.08.22 09:09:33.109,0.77067,0.77087,1.88,1.13
2013.08.22 09:09:33.658,0.77067,0.77088,1.50,1.13
2013.08.22 09:09:34.018,0.77067,0.77088,2.25,1.13
2013.08.22 09:09:34.319,0.77072,0.77091,1.50,1.13
2013.08.22 09:09:34.379,0.77072,0.77093,1.50,2.07
2013.08.22 09:09:34.439,0.77075,0.77093,1.13,2.07
2013.08.22 09:09:34.619,0.7708,0.77102,1.50,1.32
2013.08.22 09:09:34.739,0.77083,0.77102,1.50,1.32
2013.08.22 09:09:34.799,0.77083,0.77105,1.50,1.32
2013.08.22 09:09:34.859,0.77087,0.77105,1.50,1.32
2013.08.22 09:09:35.301,0.77087,0.77106,2.25,1.50
2013.08.22 09:09:35.839,0.77084,0.77106,1.50,1.50
2013.08.22 09:09:36.198,0.77087,0.77106,1.50,1.50
2013.08.22 09:09:36.502,0.77087,0.77108,1.50,2.82
2013.08.22 09:09:36.619,0.77085,0.77106,1.50,4.32
2013.08.22 09:09:36.739,0.77081,0.77103,1.50,1.13
2013.08.22 09:09:36.859,0.77082,0.77104,1.50,1.32
2013.08.22 09:09:37.218,0.77082,0.77104,1.50,1.32
2013.08.22 09:09:37.399,0.7708,0.77103,1.50,2.07
2013.08.22 09:09:37.918,0.77081,0.77103,1.50,1.32
2013.08.22 09:09:37.978,0.77081,0.77103,1.50,1.32
2013.08.22 09:09:38.159,0.77078,0.771,1.50,1.13
2013.08.22 09:09:38.398,0.77081,0.77101,1.50,1.69
2013.08.22 09:09:38.759,0.7708,0.77103,1.50,1.32
2013.08.22 09:09:39.269,0.7708,0.77102,1.50,2.07
2013.08.22 09:09:39.391,0.77081,0.77102,1.50,2.07
2013.08.22 09:09:40.356,0.77081,0.77102,1.50,2.07
2013.08.22 09:09:40.480,0.77081,0.77102,1.50,2.07
2013.08.22 09:09:40.809,0.77077,0.77096,1.13,1.50
2013.08.22 09:09:40.870,0.77075,0.77096,1.13,2.25
2013.08.22 09:09:40.932,0.77074,0.77093,1.50,1.50
2013.08.22 09:09:41.058,0.77072,0.77093,1.13,3.00
2013.08.22 09:09:41.119,0.77072,0.77093,1.13,2.25
2013.08.22 09:09:41.179,0.77073,0.77093,1.13,1.88
2013.08.22 09:09:41.790,0.77072,0.77095,1.13,1.13
2013.08.22 09:09:42.168,0.77074,0.77096,1.13,2.82
2013.08.22 09:09:42.291,0.77074,0.77091,1.13,1.50
2013.08.22 09:09:42.470,0.7707,0.77093,1.88,1.32
2013.08.22 09:09:42.590,0.77072,0.77094,1.13,1.50
2013.08.22 09:09:42.649,0.77072,0.77095,1.88,1.88
2013.08.22 09:09:42.950,0.77077,0.77099,1.50,1.32
2013.08.22 09:09:43.309,0.77081,0.77103,1.50,1.88
2013.08.22 09:09:43.610,0.77079,0.77101,1.50,1.13
2013.08.22 09:09:44.048,0.77081,0.77101,1.50,1.13
2013.08.22 09:09:44.579,0.77079,0.77099,1.50,1.13
2013.08.22 09:09:44.938,0.77082,0.77102,2.25,1.13
2013.08.22 09:09:45.318,0.7708,0.77102,2.25,1.13
2013.08.22 09:09:45.608,0.7708,0.77102,2.25,1.13
2013.08.22 09:09:45.668,0.77082,0.77103,1.50,1.13
2013.08.22 09:09:45.908,0.77086,0.77106,1.50,1.88
2013.08.22 09:09:46.458,0.77086,0.77106,1.50,1.88
2013.08.22 09:09:46.820,0.77091,0.77107,1.50,1.50
2013.08.22 09:09:47.059,0.77093,0.77111,1.50,1.13
2013.08.22 09:09:47.179,0.77093,0.77111,1.50,1.13
2013.08.22 09:09:47.419,0.77093,0.77117,1.50,1.88
2013.08.22 09:09:47.479,0.77093,0.77117,1.50,1.50
2013.08.22 09:09:49.161,0.77094,0.77117,1.50,1.50
2013.08.22 09:09:49.219,0.77095,0.77117,1.50,1.50
2013.08.22 09:09:49.339,0.77097,0.77119,1.50,1.13
2013.08.22 09:09:49.458,0.77097,0.7712,1.50,2.07
2013.08.22 09:09:50.010,0.77097,0.7712,1.50,2.07
2013.08.22 09:09:50.200,0.77097,0.7712,1.50,2.07
2013.08.22 09:09:51.129,0.77097,0.7712,1.50,1.88
2013.08.22 09:09:52.129,0.77097,0.77118,1.50,1.50
2013.08.22 09:09:53.130,0.77096,0.77115,1.50,1.13
2013.08.22 09:09:53.309,0.77097,0.77117,1.13,1.88
2013.08.22 09:09:53.610,0.77104,0.77123,2.25,1.13
2013.08.22 09:09:53.679,0.77107,0.77123,2.25,1.13
2013.08.22 09:09:53.859,0.77109,0.77128,1.50,1.50
2013.08.22 09:09:54.110,0.77106,0.77128,1.50,1.50
2013.08.22 09:09:54.171,0.77106,0.77128,1.50,1.50
2013.08.22 09:09:54.290,0.77107,0.77129,1.50,1.50
2013.08.22 09:09:54.529,0.77106,0.77129,1.50,1.50
2013.08.22 09:09:54.649,0.77106,0.77129,1.50,1.50
2013.08.22 09:09:55.069,0.77109,0.77131,1.50,1.50
2013.08.22 09:09:55.608,0.77111,0.77134,1.50,1.50
2013.08.22 09:09:56.148,0.77111,0.77136,2.25,1.50
2013.08.22 09:09:56.269,0.77112,0.77136,1.50,1.50
2013.08.22 09:09:56.449,0.77114,0.77138,1.50,1.50
2013.08.22 09:09:56.928,0.77116,0.77139,2.25,2.25
2013.08.22 09:09:58.020,0.77114,0.77136,1.50,1.50
2013.08.22 09:09:58.079,0.77113,0.77136,2.25,1.50
2013.08.22 09:09:58.139,0.77114,0.77137,1.50,1.50
2013.08.22 09:09:58.499,0.77114,0.77138,1.50,2.25
2013.08.22 09:09:59.359,0.77116,0.77138,1.13,2.25
2013.08.22 09:09:59.542,0.77117,0.77136,1.13,1.50
2013.08.22 09:09:59.899,0.77095,0.77117,1.50,1.13
2013.08.22 09:09:59.959,0.77096,0.77116,1.50,1.13
2013.08.22 09:10:00.258,0.77094,0.77116,1.50,1.50
2013.08.22 09:10:00.532,0.77094,0.77114,1.50,2.25
2013.08.22 09:10:00.590,0.77091,0.77115,4.13,1.50
2013.08.22 09:10:00.649,0.77091,0.77115,2.25,2.25
2013.08.22 09:10:00.710,0.77093,0.77115,1.50,1.50
2013.08.22 09:10:01.976,0.77093,0.77115,1.50,1.69
2013.08.22 09:10:03.239,0.77093,0.77114,1.50,1.69
2013.08.22 09:10:03.541,0.77091,0.77108,1.50,1.88
2013.08.22 09:10:03.659,0.77087,0.77108,1.50,1.50
2013.08.22 09:10:03.849,0.77087,0.77108,2.25,1.50
2013.08.22 09:10:03.969,0.7709,0.77111,1.50,1.32
2013.08.22 09:10:04.210,0.77092,0.77112,1.50,1.88
2013.08.22 09:10:04.569,0.77093,0.77112,1.50,2.63
2013.08.22 09:10:04.918,0.77095,0.77112,1.50,3.00
2013.08.22 09:10:05.102,0.77096,0.77116,1.50,1.13
2013.08.22 09:10:05.172,0.77097,0.77116,1.50,1.13
2013.08.22 09:10:05.473,0.77101,0.77118,1.50,1.13
2013.08.22 09:10:05.533,0.77101,0.77121,1.50,1.50
2013.08.22 09:10:05.602,0.77102,0.77123,1.50,1.50
2013.08.22 09:10:05.719,0.77105,0.77124,1.50,1.13
2013.08.22 09:10:05.838,0.77107,0.77127,1.50,1.32
2013.08.22 09:10:05.960,0.77107,0.77127,1.50,1.32
2013.08.22 09:10:06.481,0.77107,0.77126,1.50,1.32
2013.08.22 09:10:07.371,0.77107,0.77127,1.50,2.07
2013.08.22 09:10:08.600,0.77107,0.77126,1.50,1.50
2013.08.22 09:10:08.958,0.77105,0.77126,1.50,1.50
2013.08.22 09:10:10.141,0.77105,0.77126,1.50,2.25
2013.08.22 09:10:10.501,0.77103,0.77126,1.50,2.25
2013.08.22 09:10:12.939,0.77103,0.77126,1.69,1.50
2013.08.22 09:10:14.128,0.77103,0.77121,2.25,1.13
2013.08.22 09:10:14.310,0.77097,0.77116,1.88,1.13
2013.08.22 09:10:14.370,0.77097,0.77114,1.13,1.13
2013.08.22 09:10:14.433,0.77095,0.77114,1.88,1.50
2013.08.22 09:10:14.789,0.77097,0.77114,1.13,1.50
2013.08.22 09:10:14.865,0.77096,0.77113,1.13,1.13
2013.08.22 09:10:16.230,0.77097,0.77118,1.13,1.50
2013.08.22 09:10:16.812,0.77097,0.77118,1.13,1.50
2013.08.22 09:10:18.188,0.77093,0.77117,1.32,1.50
2013.08.22 09:10:18.731,0.77097,0.77118,1.13,1.50
2013.08.22 09:10:19.232,0.77097,0.77118,1.13,1.13
2013.08.22 09:10:20.838,0.77096,0.77118,1.13,2.25
2013.08.22 09:10:20.899,0.77098,0.77117,1.50,1.13
2013.08.22 09:10:21.019,0.77095,0.77118,1.88,1.50
2013.08.22 09:10:21.558,0.77095,0.77114,1.13,1.13
2013.08.22 09:10:22.240,0.77095,0.77116,1.13,1.50
2013.08.22 09:10:22.751,0.77096,0.77118,1.88,2.25
2013.08.22 09:10:23.440,0.77097,0.77118,1.13,2.25
2013.08.22 09:10:24.618,0.77097,0.77118,1.13,2.63
2013.08.22 09:10:24.739,0.77094,0.77115,1.13,1.13
2013.08.22 09:10:25.281,0.77092,0.77115,1.13,1.50
2013.08.22 09:10:25.811,0.77094,0.77116,1.13,1.50
2013.08.22 09:10:28.129,0.77096,0.77116,1.88,1.50
2013.08.22 09:10:28.309,0.77097,0.77118,1.13,1.50
2013.08.22 09:10:28.500,0.77097,0.77118,1.13,1.50
2013.08.22 09:10:29.349,0.77099,0.77119,1.50,1.88
2013.08.22 09:10:29.872,0.77099,0.77119,1.88,1.88
2013.08.22 09:10:30.349,0.77097,0.77113,1.50,1.13
2013.08.22 09:10:30.411,0.77096,0.77113,1.50,1.50
2013.08.22 09:10:30.609,0.77093,0.77113,1.50,1.50
2013.08.22 09:10:30.788,0.77093,0.7711,1.50,1.13
2013.08.22 09:10:31.152,0.77093,0.77113,1.50,1.50
2013.08.22 09:10:32.331,0.77095,0.77113,1.69,1.13
2013.08.22 09:10:32.689,0.77096,0.77113,1.88,1.13
2013.08.22 09:10:32.809,0.77095,0.77113,1.69,1.13
2013.08.22 09:10:33.171,0.77096,0.77113,3.00,1.13
2013.08.22 09:10:33.709,0.77096,0.77113,1.88,1.50
2013.08.22 09:10:34.219,0.77094,0.77113,2.82,1.50
2013.08.22 09:10:35.128,0.77094,0.77107,1.88,1.13
2013.08.22 09:10:35.189,0.7709,0.77103,1.32,1.13
2013.08.22 09:10:35.248,0.77085,0.77103,1.39,1.13
2013.08.22 09:10:35.368,0.77084,0.77105,3.19,1.50
2013.08.22 09:10:35.489,0.77085,0.77106,2.44,1.13
2013.08.22 09:10:35.550,0.77086,0.77108,2.07,1.13
2013.08.22 09:10:35.969,0.77087,0.77111,2.07,1.50
2013.08.22 09:10:36.209,0.77089,0.77113,1.13,1.50
2013.08.22 09:10:36.799,0.77089,0.77111,1.13,1.50
2013.08.22 09:10:36.858,0.77087,0.77109,2.07,1.50
2013.08.22 09:10:36.981,0.77087,0.77107,1.13,1.50
2013.08.22 09:10:37.100,0.77087,0.77109,1.88,1.50
2013.08.22 09:10:37.698,0.77087,0.77109,1.13,1.50
2013.08.22 09:10:37.979,0.77086,0.77106,1.69,1.50
2013.08.22 09:10:38.161,0.77083,0.77105,1.50,1.13
2013.08.22 09:10:38.281,0.77082,0.77103,1.50,1.50
2013.08.22 09:10:38.460,0.77079,0.77103,1.69,2.25
2013.08.22 09:10:41.068,0.7708,0.77103,2.07,2.25
2013.08.22 09:10:41.129,0.77081,0.77103,1.88,1.50
2013.08.22 09:10:41.669,0.77077,0.77097,2.07,1.13
2013.08.22 09:10:41.971,0.77072,0.77089,1.50,1.13
2013.08.22 09:10:42.269,0.77068,0.77084,1.50,1.50
2013.08.22 09:10:42.779,0.77067,0.77084,1.88,1.50
2013.08.22 09:10:43.278,0.77069,0.77083,1.50,1.13
2013.08.22 09:10:43.339,0.7707,0.77083,1.50,1.13
2013.08.22 09:10:44.169,0.77071,0.77084,1.50,1.50
2013.08.22 09:10:44.530,0.7707,0.77093,2.25,1.50
2013.08.22 09:10:44.769,0.77073,0.77092,1.50,1.13
2013.08.22 09:10:45.309,0.77069,0.77092,2.63,1.50
2013.08.22 09:10:45.368,0.77068,0.77092,1.32,2.25
2013.08.22 09:10:46.730,0.77068,0.77092,1.32,1.50
2013.08.22 09:10:47.049,0.77068,0.77092,1.32,1.13
2013.08.22 09:10:47.610,0.77071,0.77094,2.07,2.25
2013.08.22 09:10:51.729,0.7707,0.77092,1.13,1.13
2013.08.22 09:10:51.909,0.77067,0.77091,2.25,2.25
2013.08.22 09:10:52.169,0.77066,0.77089,3.19,1.50
2013.08.22 09:10:52.831,0.77068,0.77091,1.50,1.50
2013.08.22 09:10:53.580,0.77066,0.77089,1.69,1.50
2013.08.22 09:10:53.638,0.77066,0.77089,1.69,2.25
2013.08.22 09:10:54.163,0.77068,0.77089,1.50,1.50
2013.08.22 09:10:54.289,0.77071,0.77092,1.50,1.13
2013.08.22 09:10:54.771,0.77071,0.7709,1.50,1.13
2013.08.22 09:10:54.950,0.77064,0.77086,2.10,1.50
2013.08.22 09:10:55.250,0.77066,0.77085,1.13,2.25
2013.08.22 09:10:55.609,0.77057,0.77077,1.88,1.13
2013.08.22 09:10:55.789,0.77057,0.77079,1.88,2.25
2013.08.22 09:10:55.970,0.77061,0.77079,1.13,1.88
2013.08.22 09:10:56.529,0.77057,0.77079,1.88,1.13
2013.08.22 09:10:56.709,0.77057,0.77079,1.88,1.50
2013.08.22 09:10:57.296,0.77056,0.77079,1.88,2.44
2013.08.22 09:10:57.894,0.77056,0.77078,1.88,1.13
2013.08.22 09:10:58.199,0.77051,0.77071,3.38,1.13
2013.08.22 09:10:58.259,0.77051,0.77071,1.88,1.13
2013.08.22 09:10:58.378,0.77052,0.77071,1.13,1.13
2013.08.22 09:10:58.439,0.77051,0.77072,1.13,2.25
2013.08.22 09:10:58.499,0.77051,0.77072,1.13,1.88
2013.08.22 09:10:58.678,0.77051,0.77071,1.88,1.13
2013.08.22 09:10:58.928,0.77051,0.77071,1.88,1.50
2013.08.22 09:11:00.660,0.77048,0.7707,1.13,1.50
2013.08.22 09:11:01.318,0.77048,0.7707,1.13,1.50
2013.08.22 09:11:01.798,0.77048,0.7707,1.13,1.50
2013.08.22 09:11:02.924,0.77052,0.77071,1.13,3.00
2013.08.22 09:11:03.310,0.77049,0.77071,1.13,2.25
2013.08.22 09:11:03.686,0.77051,0.77072,1.13,1.50
2013.08.22 09:11:03.757,0.77049,0.77072,1.13,1.13
2013.08.22 09:11:03.942,0.77048,0.77071,1.13,3.00
2013.08.22 09:11:04.011,0.77046,0.77071,2.63,4.50
2013.08.22 09:11:04.189,0.77046,0.77068,1.13,1.88
2013.08.22 09:11:04.690,0.77045,0.77066,1.13,1.88
2013.08.22 09:11:05.219,0.77045,0.77064,1.13,1.13
2013.08.22 09:11:05.579,0.77047,0.77068,1.13,2.63
2013.08.22 09:11:06.130,0.77047,0.77068,1.13,1.88
2013.08.22 09:11:06.489,0.77047,0.77068,1.13,2.25
2013.08.22 09:11:06.970,0.77044,0.77065,1.13,1.88
2013.08.22 09:11:07.030,0.77044,0.77063,1.13,1.50
2013.08.22 09:11:07.868,0.77044,0.77062,1.13,1.50
2013.08.22 09:11:08.895,0.77044,0.77062,1.13,1.50
2013.08.22 09:11:09.259,0.77042,0.77063,1.50,2.63
2013.08.22 09:11:09.853,0.77042,0.77063,1.50,2.63
2013.08.22 09:11:11.129,0.77044,0.77063,1.13,2.25
2013.08.22 09:11:13.279,0.77041,0.77065,3.00,1.13
2013.08.22 09:11:13.789,0.77041,0.77065,3.00,1.13
2013.08.22 09:11:14.278,0.77041,0.77065,2.25,1.13
2013.08.22 09:11:14.410,0.77038,0.77061,2.07,1.50
2013.08.22 09:11:15.016,0.77036,0.77058,1.50,1.50
2013.08.22 09:11:15.079,0.77036,0.77058,1.50,1.88
2013.08.22 09:11:16.840,0.77035,0.77055,2.25,1.13
2013.08.22 09:11:17.199,0.77031,0.77052,1.13,1.13
2013.08.22 09:11:18.219,0.7703,0.77051,1.13,1.50
2013.08.22 09:11:18.279,0.7703,0.77051,1.13,2.25
2013.08.22 09:11:18.461,0.7703,0.77051,1.13,1.50
2013.08.22 09:11:18.638,0.77032,0.77052,1.13,1.50
2013.08.22 09:11:18.700,0.77032,0.77052,1.13,1.13
2013.08.22 09:11:19.059,0.77035,0.77056,1.13,1.88
2013.08.22 09:11:20.360,0.77037,0.77056,1.13,1.13
2013.08.22 09:11:20.631,0.77035,0.77056,1.13,1.88
2013.08.22 09:11:20.818,0.77035,0.77055,1.13,1.13
2013.08.22 09:11:21.434,0.77035,0.77054,1.13,1.13
2013.08.22 09:11:21.739,0.77033,0.77053,1.13,1.13
2013.08.22 09:11:22.120,0.77032,0.77054,1.13,1.88
2013.08.22 09:11:22.300,0.77032,0.77054,1.88,1.50
2013.08.22 09:11:22.539,0.77036,0.77055,1.13,1.13
2013.08.22 09:11:22.718,0.77036,0.77057,1.13,1.13
2013.08.22 09:11:23.219,0.77038,0.77057,1.13,1.13
2013.08.22 09:11:23.768,0.77036,0.77057,1.88,1.13
2013.08.22 09:11:24.148,0.77038,0.77057,1.13,1.13
2013.08.22 09:11:24.739,0.77041,0.77059,1.50,1.13
2013.08.22 09:11:25.589,0.77036,0.77055,1.50,1.13
2013.08.22 09:11:25.949,0.77039,0.7706,2.63,1.13
2013.08.22 09:11:26.429,0.77043,0.7706,2.25,1.13
2013.08.22 09:11:26.680,0.77045,0.77065,1.13,1.88
2013.08.22 09:11:26.918,0.77045,0.77065,1.13,1.50
2013.08.22 09:11:26.979,0.7705,0.77068,1.13,1.50
2013.08.22 09:11:27.580,0.77052,0.77073,2.63,3.00
2013.08.22 09:11:27.640,0.77052,0.77073,1.13,1.50
2013.08.22 09:11:28.128,0.77052,0.77071,1.13,1.50
2013.08.22 09:11:28.309,0.77052,0.77073,1.13,1.88
2013.08.22 09:11:28.371,0.77052,0.77073,1.13,1.88
2013.08.22 09:11:28.922,0.77053,0.77073,1.13,1.13
2013.08.22 09:11:29.853,0.77053,0.77071,1.13,1.13
2013.08.22 09:11:29.980,0.7705,0.77069,1.88,1.50
2013.08.22 09:11:30.218,0.7705,0.77069,1.50,1.50
2013.08.22 09:11:30.519,0.7705,0.77069,1.88,1.50
2013.08.22 09:11:30.579,0.7705,0.77067,2.63,1.13
2013.08.22 09:11:30.639,0.77049,0.77069,1.13,1.50
2013.08.22 09:11:30.879,0.7705,0.77068,1.88,1.13
2013.08.22 09:11:31.438,0.7705,0.77069,1.88,1.50
2013.08.22 09:11:32.958,0.7705,0.77066,1.88,1.13
2013.08.22 09:11:33.139,0.77048,0.77065,1.88,1.13
2013.08.22 09:11:33.379,0.77047,0.77066,1.13,1.13
2013.08.22 09:11:33.918,0.77047,0.77063,1.13,1.13
2013.08.22 09:11:35.669,0.77047,0.77063,1.13,1.50
2013.08.22 09:11:35.909,0.77045,0.77063,1.13,1.13
2013.08.22 09:11:36.525,0.77045,0.77063,1.13,1.13
2013.08.22 09:11:38.010,0.77045,0.77062,1.13,1.13
2013.08.22 09:11:38.921,0.77044,0.77061,2.25,1.13
2013.08.22 09:11:38.980,0.77045,0.77063,2.10,1.13
2013.08.22 09:11:39.040,0.77048,0.77067,1.13,1.13
2013.08.22 09:11:39.219,0.77049,0.77069,1.50,2.25
2013.08.22 09:11:39.278,0.77049,0.77072,1.50,1.88
2013.08.22 09:11:39.578,0.77054,0.77074,1.13,1.50
2013.08.22 09:11:39.698,0.77055,0.77074,1.13,1.50
2013.08.22 09:11:39.999,0.77058,0.77078,1.50,2.25
2013.08.22 09:11:40.508,0.77058,0.77081,3.38,1.88
2013.08.22 09:11:40.749,0.77059,0.77083,2.63,1.69
2013.08.22 09:11:40.929,0.7706,0.77084,2.63,2.07
2013.08.22 09:11:41.229,0.77058,0.77081,2.63,1.13
2013.08.22 09:11:41.289,0.77059,0.77082,2.25,2.25
2013.08.22 09:11:41.349,0.77059,0.77081,2.25,1.13
2013.08.22 09:11:41.899,0.77059,0.77081,1.88,1.13
2013.08.22 09:11:42.729,0.7706,0.77082,1.88,1.13
2013.08.22 09:11:42.908,0.7706,0.77083,1.88,1.50
2013.08.22 09:11:43.427,0.77063,0.77086,2.63,2.25
2013.08.22 09:11:43.740,0.77067,0.77089,1.50,1.88
2013.08.22 09:11:43.859,0.77067,0.77089,1.50,1.13
2013.08.22 09:11:43.918,0.77068,0.7709,2.25,1.32
2013.08.22 09:11:44.339,0.77071,0.77093,1.50,1.50
2013.08.22 09:11:44.399,0.77071,0.77093,1.88,1.50
2013.08.22 09:11:44.459,0.77073,0.77095,1.13,1.50
2013.08.22 09:11:44.580,0.77074,0.77098,2.25,2.25
2013.08.22 09:11:44.759,0.77074,0.77098,2.25,1.88
2013.08.22 09:11:45.049,0.77074,0.77098,2.25,2.63
2013.08.22 09:11:45.360,0.77074,0.77098,2.25,2.25
2013.08.22 09:11:45.669,0.77073,0.77089,1.50,1.50
2013.08.22 09:11:45.789,0.77067,0.77088,2.25,1.50
2013.08.22 09:11:46.031,0.77067,0.77088,1.32,1.50
2013.08.22 09:11:46.590,0.77069,0.77088,2.07,1.50
2013.08.22 09:11:46.740,0.77069,0.77092,2.07,1.88
2013.08.22 09:11:47.329,0.77071,0.77093,1.69,1.13
2013.08.22 09:11:47.870,0.7707,0.77092,1.32,1.13
2013.08.22 09:11:48.406,0.77072,0.77093,1.13,1.13
2013.08.22 09:11:50.399,0.77073,0.77092,1.13,1.13
2013.08.22 09:11:50.699,0.7707,0.77091,1.13,1.50
2013.08.22 09:11:50.879,0.77068,0.77089,1.13,1.13
2013.08.22 09:11:51.331,0.77075,0.77093,1.50,1.13
2013.08.22 09:11:51.451,0.77086,0.77096,1.13,1.50
2013.08.22 09:11:51.570,0.77086,0.77107,1.13,2.25
2013.08.22 09:11:51.630,0.77086,0.77109,1.88,1.88
2013.08.22 09:11:51.750,0.77088,0.77108,1.50,1.13
2013.08.22 09:11:51.930,0.77089,0.77111,1.88,1.50
2013.08.22 09:11:51.989,0.7709,0.77111,1.50,1.50
2013.08.22 09:11:52.110,0.7709,0.77114,3.38,1.50
2013.08.22 09:11:52.229,0.77092,0.77116,2.63,2.25
2013.08.22 09:11:52.409,0.77092,0.77116,2.63,2.25
2013.08.22 09:11:52.589,0.77092,0.77116,2.63,4.50
2013.08.22 09:11:53.802,0.7709,0.77113,1.50,1.50
2013.08.22 09:11:54.043,0.77087,0.77111,1.50,1.88
2013.08.22 09:11:54.162,0.77086,0.77108,1.50,1.88
2013.08.22 09:11:54.280,0.77085,0.77108,1.50,1.88
2013.08.22 09:11:54.859,0.77085,0.77108,2.25,1.88
2013.08.22 09:11:54.919,0.77085,0.77108,2.25,1.50
2013.08.22 09:11:55.424,0.77087,0.7711,2.25,1.50
2013.08.22 09:11:56.618,0.77087,0.77109,1.50,1.88
2013.08.22 09:11:56.919,0.77085,0.77108,1.50,1.13
2013.08.22 09:11:57.919,0.77085,0.77108,1.50,1.50
2013.08.22 09:11:58.468,0.77085,0.77108,1.50,1.50
2013.08.22 09:11:58.590,0.77086,0.77108,1.50,1.50
2013.08.22 09:11:58.649,0.77086,0.77108,1.50,1.13
2013.08.22 09:11:59.340,0.77092,0.77111,1.13,1.88
2013.08.22 09:11:59.702,0.77096,0.77113,1.13,1.88
2013.08.22 09:11:59.939,0.77095,0.77116,1.13,1.13
2013.08.22 09:12:00.479,0.77097,0.77118,1.13,1.88
2013.08.22 09:12:00.600,0.77097,0.77118,1.13,1.88
2013.08.22 09:12:00.829,0.77097,0.77118,1.13,2.25
2013.08.22 09:12:01.148,0.7709,0.77113,1.69,2.25
2013.08.22 09:12:02.559,0.7709,0.77113,1.13,1.69
2013.08.22 09:12:02.681,0.77089,0.77113,1.50,2.07
2013.08.22 09:12:03.098,0.77088,0.77111,1.88,1.88
2013.08.22 09:12:04.179,0.77088,0.7711,1.88,1.13
2013.08.22 09:12:05.189,0.7709,0.7711,1.13,1.13
2013.08.22 09:12:05.549,0.771,0.7712,1.13,1.13
2013.08.22 09:12:05.608,0.77101,0.7712,1.13,1.13
2013.08.22 09:12:06.260,0.77101,0.7712,1.13,1.13
2013.08.22 09:12:06.799,0.77101,0.7712,1.13,1.13
2013.08.22 09:12:07.365,0.77101,0.77121,1.13,1.13
2013.08.22 09:12:07.521,0.77101,0.77121,1.13,1.13
2013.08.22 09:12:07.700,0.77101,0.77123,1.88,1.13
2013.08.22 09:12:07.939,0.77102,0.77124,1.50,1.69
2013.08.22 09:12:09.019,0.77101,0.77125,1.50,2.63
2013.08.22 09:12:09.159,0.771,0.77123,1.13,1.50
2013.08.22 09:12:09.807,0.77103,0.77121,1.50,1.50
2013.08.22 09:12:09.882,0.77098,0.77121,1.88,3.00
2013.08.22 09:12:10.180,0.77097,0.7712,1.88,1.50
2013.08.22 09:12:10.499,0.77098,0.77121,1.13,3.75
2013.08.22 09:12:10.809,0.77105,0.77123,1.13,1.88
2013.08.22 09:12:10.929,0.771,0.7712,1.88,1.13
2013.08.22 09:12:11.049,0.77101,0.7712,2.25,1.13
2013.08.22 09:12:11.229,0.77104,0.77126,1.88,1.32
2013.08.22 09:12:11.350,0.77107,0.77128,1.50,2.82
2013.08.22 09:12:11.409,0.77107,0.77128,1.50,1.88
2013.08.22 09:12:12.580,0.77107,0.77126,1.50,1.88
2013.08.22 09:12:12.879,0.77103,0.77126,1.50,1.88
2013.08.22 09:12:13.380,0.77103,0.77125,1.50,1.13
2013.08.22 09:12:14.049,0.77101,0.77124,2.25,1.50
2013.08.22 09:12:14.598,0.77101,0.77123,1.13,1.50
2013.08.22 09:12:15.197,0.77101,0.77123,1.88,1.50
2013.08.22 09:12:15.909,0.77102,0.77125,1.50,1.88
2013.08.22 09:12:15.969,0.77102,0.77125,2.25,1.13
2013.08.22 09:12:18.619,0.77102,0.77125,2.63,1.13
2013.08.22 09:12:19.152,0.77102,0.77124,1.50,1.50
2013.08.22 09:12:19.628,0.77102,0.77125,1.50,1.32
2013.08.22 09:12:19.809,0.77102,0.77127,4.13,1.88
2013.08.22 09:12:21.549,0.77102,0.77125,4.13,1.13
2013.08.22 09:12:22.171,0.77102,0.77125,2.63,1.88
2013.08.22 09:12:23.870,0.77102,0.77125,3.00,1.13
2013.08.22 09:12:24.401,0.77102,0.77125,1.50,1.88
2013.08.22 09:12:24.461,0.771,0.77124,1.13,2.25
2013.08.22 09:12:24.640,0.77099,0.77122,1.50,2.63
2013.08.22 09:12:24.879,0.77096,0.77119,3.00,1.50
2013.08.22 09:12:25.370,0.77096,0.77118,1.50,1.50
2013.08.22 09:12:25.959,0.77097,0.77118,1.50,1.50
2013.08.22 09:12:26.320,0.77106,0.77123,1.50,3.00
2013.08.22 09:12:26.379,0.77106,0.77125,1.50,1.50
2013.08.22 09:12:26.440,0.77103,0.77125,2.25,1.50
2013.08.22 09:12:26.679,0.77105,0.77129,1.50,2.63
2013.08.22 09:12:26.799,0.77104,0.77127,1.50,1.50
2013.08.22 09:12:27.159,0.77101,0.77123,1.50,1.50
2013.08.22 09:12:27.279,0.77099,0.77123,2.25,1.50
2013.08.22 09:12:27.400,0.77099,0.7712,2.25,1.13
2013.08.22 09:12:27.464,0.77097,0.7712,1.50,1.13
2013.08.22 09:12:27.589,0.77094,0.77118,1.50,1.50
2013.08.22 09:12:28.568,0.77096,0.77119,1.50,1.50
2013.08.22 09:12:29.590,0.77094,0.77118,1.50,2.44
2013.08.22 09:12:29.651,0.77092,0.77116,3.38,1.50
2013.08.22 09:12:29.830,0.77093,0.77114,1.13,2.25
2013.08.22 09:12:30.189,0.77092,0.7711,1.50,1.50
2013.08.22 09:12:30.370,0.77088,0.7711,1.13,1.50
2013.08.22 09:12:30.431,0.77088,0.77108,1.13,1.50
2013.08.22 09:12:30.489,0.77087,0.77108,1.88,1.50
2013.08.22 09:12:30.998,0.77087,0.77108,1.13,1.50
2013.08.22 09:12:31.539,0.77088,0.77108,1.13,1.50
2013.08.22 09:12:32.880,0.77086,0.77107,1.13,1.50
2013.08.22 09:12:32.999,0.77085,0.77107,1.13,1.50
2013.08.22 09:12:33.119,0.77085,0.77107,1.13,2.25
2013.08.22 09:12:33.719,0.77086,0.77104,1.13,1.50
2013.08.22 09:12:34.199,0.77085,0.77106,1.13,1.50
2013.08.22 09:12:34.800,0.77085,0.77106,1.13,1.50
2013.08.22 09:12:35.355,0.77084,0.77106,1.88,1.50
2013.08.22 09:12:36.879,0.77085,0.77109,1.13,1.69
2013.08.22 09:12:37.060,0.77088,0.77109,1.13,1.50
2013.08.22 09:12:37.244,0.7709,0.77114,1.88,1.13
2013.08.22 09:12:37.312,0.77092,0.77114,1.50,1.13
2013.08.22 09:12:37.852,0.77092,0.77116,1.50,1.32
2013.08.22 09:12:39.959,0.77092,0.77116,3.38,2.07
2013.08.22 09:12:43.239,0.77093,0.77114,1.50,1.13
2013.08.22 09:12:43.419,0.77088,0.77109,1.50,1.50
2013.08.22 09:12:43.841,0.77086,0.77109,2.25,1.50
2013.08.22 09:12:44.389,0.77086,0.77109,3.00,2.25
2013.08.22 09:12:44.449,0.77086,0.77109,4.13,2.25
2013.08.22 09:12:44.510,0.7709,0.77113,1.88,1.50
2013.08.22 09:12:44.749,0.77092,0.77114,1.50,1.88
2013.08.22 09:12:45.899,0.77093,0.77116,1.50,1.13
2013.08.22 09:12:53.869,0.7709,0.77114,1.88,2.63
2013.08.22 09:13:04.166,0.77092,0.77114,1.13,2.63
2013.08.22 09:13:08.382,0.77091,0.77114,1.50,1.88
2013.08.22 09:13:10.939,0.77091,0.77113,1.50,1.88
2013.08.22 09:13:11.299,0.77088,0.77107,1.13,1.50
2013.08.22 09:13:11.954,0.77087,0.77107,1.13,1.50
2013.08.22 09:13:13.149,0.77087,0.77107,1.13,2.25
2013.08.22 09:13:13.540,0.77087,0.77106,1.13,1.50
2013.08.22 09:13:15.472,0.77086,0.77104,2.63,1.50
2013.08.22 09:13:15.710,0.77084,0.77102,1.13,1.50
2013.08.22 09:13:16.189,0.77083,0.77103,1.13,1.50
2013.08.22 09:13:16.249,0.77083,0.77103,1.13,1.50
2013.08.22 09:13:17.388,0.77083,0.77103,1.13,1.50
2013.08.22 09:13:17.569,0.77084,0.77105,1.13,1.50
2013.08.22 09:13:17.989,0.77084,0.77105,1.50,1.50
2013.08.22 09:13:18.950,0.77086,0.77102,1.50,1.50
2013.08.22 09:13:22.040,0.77085,0.77102,1.13,1.50
2013.08.22 09:13:22.339,0.77077,0.771,3.38,1.50
2013.08.22 09:13:22.399,0.77077,0.771,3.38,1.50
2013.08.22 09:13:22.459,0.77077,0.77098,2.63,2.25
2013.08.22 09:13:22.533,0.77077,0.771,2.63,1.50
2013.08.22 09:13:23.039,0.77077,0.771,2.63,2.25
2013.08.22 09:13:23.600,0.77077,0.771,2.63,2.25
2013.08.22 09:13:26.669,0.77077,0.77099,1.88,1.50
2013.08.22 09:13:27.948,0.77077,0.771,1.88,2.25
2013.08.22 09:13:28.412,0.77076,0.77098,1.50,2.25
2013.08.22 09:13:28.470,0.77074,0.77098,2.63,3.19
2013.08.22 09:13:28.829,0.77072,0.77094,1.88,1.50
2013.08.22 09:13:31.959,0.77076,0.77094,1.13,1.50
2013.08.22 09:13:32.091,0.77076,0.77097,1.13,1.50
2013.08.22 09:13:32.151,0.77077,0.771,1.13,3.00
2013.08.22 09:13:32.209,0.77077,0.77101,1.13,3.38
2013.08.22 09:13:32.740,0.77077,0.77102,1.88,1.50
2013.08.22 09:13:32.859,0.77078,0.77102,1.88,3.00
2013.08.22 09:13:33.219,0.77076,0.77096,1.13,1.50
2013.08.22 09:13:33.399,0.77073,0.77094,1.88,1.50
2013.08.22 09:13:33.459,0.77073,0.77094,1.88,1.50
2013.08.22 09:13:34.093,0.77073,0.77094,1.13,1.50
2013.08.22 09:13:35.109,0.77073,0.77094,1.13,1.50
2013.08.22 09:13:35.469,0.77076,0.77098,1.13,1.50
2013.08.22 09:13:37.230,0.77077,0.77099,1.88,1.13
2013.08.22 09:13:39.622,0.77078,0.77099,1.13,1.13
2013.08.22 09:13:39.801,0.77079,0.77103,1.88,2.44
2013.08.22 09:13:40.039,0.77082,0.77105,1.50,2.82
2013.08.22 09:13:40.339,0.77079,0.77102,1.88,1.50
2013.08.22 09:13:40.400,0.77079,0.77102,1.88,1.50
2013.08.22 09:13:40.819,0.77084,0.77105,1.13,1.50
2013.08.22 09:13:40.879,0.77083,0.77107,1.13,1.69
2013.08.22 09:13:40.941,0.77084,0.77107,1.50,1.69
2013.08.22 09:13:41.640,0.77085,0.77106,1.13,1.13
2013.08.22 09:13:42.189,0.77086,0.77108,1.13,2.44
2013.08.22 09:13:42.249,0.77086,0.77109,1.88,2.82
2013.08.22 09:13:42.369,0.77087,0.7711,1.13,1.69
2013.08.22 09:13:42.669,0.77091,0.77113,1.13,2.44
2013.08.22 09:13:42.849,0.77092,0.77113,1.50,1.13
2013.08.22 09:13:42.909,0.77094,0.77115,1.50,1.32
2013.08.22 09:13:42.969,0.77094,0.77117,1.50,1.69
2013.08.22 09:13:43.579,0.77093,0.77115,1.13,1.50
2013.08.22 09:13:44.783,0.77091,0.77115,3.57,2.44
2013.08.22 09:13:45.400,0.77092,0.77115,1.13,2.44
2013.08.22 09:13:46.026,0.77093,0.77115,1.13,1.69
2013.08.22 09:13:46.449,0.77093,0.77115,1.13,1.32
2013.08.22 09:13:47.010,0.77092,0.77113,1.50,1.13
2013.08.22 09:13:49.239,0.77091,0.77113,1.88,1.88
2013.08.22 09:13:49.749,0.77091,0.77113,1.13,1.13
2013.08.22 09:13:50.109,0.77089,0.77109,1.50,1.13
2013.08.22 09:13:54.859,0.77089,0.77113,1.50,2.44
2013.08.22 09:13:55.519,0.7709,0.77113,3.00,2.82
2013.08.22 09:14:00.010,0.77092,0.77113,1.50,2.44
2013.08.22 09:14:01.099,0.77088,0.77108,1.50,1.13
2013.08.22 09:14:01.160,0.77087,0.77108,2.25,1.13
2013.08.22 09:14:01.399,0.77087,0.77108,1.50,1.13
2013.08.22 09:14:01.579,0.77084,0.77108,3.00,2.07
2013.08.22 09:14:01.699,0.77084,0.77108,2.25,2.07
2013.08.22 09:14:02.190,0.77084,0.77108,2.25,2.07
2013.08.22 09:14:05.499,0.77083,0.77104,1.50,1.13
2013.08.22 09:14:05.690,0.77082,0.77104,1.50,1.13
2013.08.22 09:14:08.859,0.77082,0.77104,1.50,2.07
2013.08.22 09:14:10.049,0.7708,0.77104,3.75,1.50
2013.08.22 09:14:12.879,0.7708,0.77104,1.50,2.25
2013.08.22 09:14:14.009,0.7708,0.77104,1.50,2.25
2013.08.22 09:14:14.189,0.7708,0.77104,3.00,1.50
2013.08.22 09:14:15.582,0.77082,0.77104,1.50,1.69
2013.08.22 09:14:16.099,0.77082,0.77104,1.50,1.13
2013.08.22 09:14:18.421,0.77083,0.77104,2.25,1.32
2013.08.22 09:14:18.780,0.77084,0.77104,1.50,1.13
2013.08.22 09:14:19.339,0.77083,0.77106,1.50,1.50
2013.08.22 09:14:19.400,0.77083,0.77107,2.25,1.50
2013.08.22 09:14:19.701,0.77087,0.77099,2.25,1.13
2013.08.22 09:14:19.821,0.77082,0.77099,1.50,1.13
2013.08.22 09:14:19.882,0.7708,0.77099,1.50,1.13
2013.08.22 09:14:20.119,0.77077,0.77099,2.25,1.13
2013.08.22 09:14:20.999,0.77075,0.77099,1.50,1.88
2013.08.22 09:14:21.539,0.77078,0.77101,1.50,2.82
2013.08.22 09:14:22.409,0.77076,0.771,2.25,2.07
2013.08.22 09:14:22.899,0.77078,0.771,1.50,1.13
2013.08.22 09:14:23.909,0.7708,0.77101,1.50,1.13
2013.08.22 09:14:24.421,0.77078,0.77098,1.50,1.13
2013.08.22 09:14:24.600,0.77077,0.77098,1.50,1.13
2013.08.22 09:14:25.139,0.77078,0.77098,1.50,1.13
2013.08.22 09:14:25.381,0.77078,0.77101,3.00,1.32
2013.08.22 09:14:26.279,0.77078,0.771,1.50,1.13
2013.08.22 09:14:27.011,0.77077,0.771,3.00,1.13
2013.08.22 09:14:27.560,0.77077,0.77101,3.75,1.13
2013.08.22 09:14:27.620,0.77079,0.77103,2.25,1.88
2013.08.22 09:14:27.860,0.77081,0.77105,1.50,1.69
2013.08.22 09:14:27.920,0.77083,0.77106,1.13,2.44
2013.08.22 09:14:28.039,0.77083,0.77108,2.63,1.13
2013.08.22 09:14:28.160,0.77085,0.77109,3.75,2.63
2013.08.22 09:14:29.819,0.77085,0.77108,2.25,1.13
2013.08.22 09:14:29.879,0.77085,0.77108,1.50,1.13
2013.08.22 09:14:30.553,0.77085,0.77108,1.88,1.13
2013.08.22 09:14:30.849,0.77087,0.77109,1.50,1.88
2013.08.22 09:14:31.512,0.77085,0.77108,1.88,1.13
2013.08.22 09:14:31.630,0.77085,0.77106,1.13,1.50
2013.08.22 09:14:31.749,0.77081,0.77105,2.07,1.88
2013.08.22 09:14:31.869,0.77081,0.77104,1.13,3.00
2013.08.22 09:14:31.930,0.7708,0.77103,1.88,1.50
2013.08.22 09:14:32.111,0.7708,0.77101,1.88,1.50
2013.08.22 09:14:32.778,0.7708,0.77102,1.13,1.13
2013.08.22 09:14:33.150,0.7708,0.77101,1.13,1.50
2013.08.22 09:14:34.379,0.7708,0.77101,1.13,1.50
2013.08.22 09:14:35.029,0.7708,0.77101,1.88,1.50
2013.08.22 09:14:36.834,0.7708,0.77101,1.88,1.50
2013.08.22 09:14:39.640,0.77081,0.77103,1.13,1.32
2013.08.22 09:14:39.819,0.77083,0.77103,1.50,1.13
2013.08.22 09:14:40.342,0.77083,0.77102,1.50,1.13
2013.08.22 09:14:46.809,0.77082,0.77102,1.13,1.88
2013.08.22 09:14:46.869,0.7708,0.77102,1.13,1.13
2013.08.22 09:14:46.930,0.77082,0.77102,1.13,1.13
2013.08.22 09:14:47.591,0.77084,0.77104,1.50,1.50
2013.08.22 09:14:48.521,0.77084,0.77104,1.50,1.50
2013.08.22 09:14:48.879,0.77088,0.77107,1.50,1.69
2013.08.22 09:14:49.881,0.77088,0.77108,1.50,1.69
2013.08.22 09:14:50.240,0.77087,0.77111,2.25,3.00
2013.08.22 09:14:50.971,0.77087,0.77111,1.88,2.44
2013.08.22 09:14:53.820,0.77086,0.77108,1.13,1.50
2013.08.22 09:14:54.749,0.77086,0.77108,1.88,1.50
2013.08.22 09:14:55.099,0.77086,0.77108,2.25,1.50
2013.08.22 09:14:55.279,0.77084,0.77107,2.25,3.19
2013.08.22 09:14:55.399,0.77083,0.77105,1.50,2.44
2013.08.22 09:14:55.520,0.77081,0.77103,1.13,1.69
2013.08.22 09:14:56.599,0.77081,0.77102,1.13,2.44
2013.08.22 09:14:57.400,0.77081,0.77102,1.13,1.69
2013.08.22 09:14:57.819,0.77083,0.77103,1.88,1.32
2013.08.22 09:14:58.401,0.77083,0.77103,1.88,1.32
2013.08.22 09:14:59.380,0.77083,0.77104,1.50,1.32
2013.08.22 09:14:59.929,0.77083,0.77104,1.50,2.82
2013.08.22 09:15:00.722,0.77083,0.77104,1.50,2.82
2013.08.22 09:15:02.619,0.77083,0.77104,1.50,2.07
2013.08.22 09:15:03.150,0.77083,0.77102,1.50,1.50
2013.08.22 09:15:03.679,0.77084,0.77104,1.50,1.32
2013.08.22 09:15:04.222,0.77083,0.77104,2.25,1.32
2013.08.22 09:15:04.883,0.77083,0.77104,2.25,1.32
2013.08.22 09:15:05.399,0.77081,0.77103,1.50,1.13
2013.08.22 09:15:05.940,0.77082,0.77104,2.25,1.32
2013.08.22 09:15:06.189,0.77081,0.77104,2.25,1.32
2013.08.22 09:15:06.489,0.7708,0.77103,1.88,2.82
2013.08.22 09:15:06.730,0.77078,0.77099,1.88,1.50
2013.08.22 09:15:07.282,0.77078,0.77098,1.13,2.63
2013.08.22 09:15:10.879,0.77077,0.77098,1.88,2.82
2013.08.22 09:15:10.999,0.77077,0.77095,1.13,1.50
2013.08.22 09:15:11.359,0.77066,0.77082,1.50,1.13
2013.08.22 09:15:11.419,0.77062,0.77082,1.50,1.88
2013.08.22 09:15:11.720,0.77056,0.77079,2.25,1.69
2013.08.22 09:15:11.899,0.77055,0.77078,1.50,2.82
2013.08.22 09:15:11.959,0.77054,0.77077,1.50,1.50
2013.08.22 09:15:12.079,0.77052,0.77075,3.00,1.50
2013.08.22 09:15:12.380,0.7705,0.77072,1.50,1.13
2013.08.22 09:15:12.699,0.77053,0.77076,1.50,3.19
2013.08.22 09:15:13.261,0.77053,0.77076,1.50,2.44
2013.08.22 09:15:13.381,0.7705,0.77072,1.50,1.50
2013.08.22 09:15:13.930,0.77051,0.77074,1.50,1.69
2013.08.22 09:15:14.506,0.77051,0.77072,1.50,1.50
2013.08.22 09:15:14.584,0.77054,0.77076,1.50,1.69
2013.08.22 09:15:14.652,0.77054,0.77076,1.50,1.69
2013.08.22 09:15:15.209,0.77054,0.77077,1.50,2.82
2013.08.22 09:15:17.939,0.77054,0.77076,1.50,1.69
2013.08.22 09:15:18.504,0.77054,0.77073,1.50,1.69
2013.08.22 09:15:19.701,0.77054,0.77073,1.50,1.69
2013.08.22 09:15:19.879,0.77057,0.77077,2.25,2.44
2013.08.22 09:15:20.239,0.7706,0.77077,1.50,1.50
2013.08.22 09:15:20.299,0.7706,0.77079,1.50,2.07
2013.08.22 09:15:20.719,0.77058,0.77079,1.50,2.07
2013.08.22 09:15:21.259,0.77059,0.77079,1.50,1.69
2013.08.22 09:15:21.439,0.77059,0.7708,1.50,1.32
2013.08.22 09:15:21.499,0.7706,0.7708,1.50,1.32
2013.08.22 09:15:21.679,0.77062,0.77082,1.50,1.50
2013.08.22 09:15:21.799,0.77062,0.77085,2.25,2.25
2013.08.22 09:15:21.919,0.77063,0.77085,2.25,1.50
2013.08.22 09:15:21.979,0.77066,0.77087,1.88,1.50
2013.08.22 09:15:22.039,0.77069,0.77091,2.25,1.13
2013.08.22 09:15:22.099,0.7707,0.77091,1.50,1.13
2013.08.22 09:15:22.219,0.77073,0.77095,2.25,1.69
2013.08.22 09:15:22.749,0.77076,0.77096,1.50,1.50
2013.08.22 09:15:23.259,0.77076,0.77099,1.50,3.57
2013.08.22 09:15:26.859,0.77076,0.77099,1.50,2.82
2013.08.22 09:15:27.434,0.77077,0.77099,1.50,2.07
2013.08.22 09:15:27.964,0.77077,0.77099,1.50,2.07
2013.08.22 09:15:28.219,0.77077,0.77096,1.50,1.50
2013.08.22 09:15:29.970,0.77078,0.77097,1.50,1.69
2013.08.22 09:15:32.010,0.7708,0.77099,1.50,1.69
2013.08.22 09:15:33.710,0.7708,0.77099,1.50,1.69
2013.08.22 09:15:34.119,0.77076,0.77099,2.25,1.69
2013.08.22 09:15:34.479,0.77076,0.771,1.50,1.69
2013.08.22 09:15:34.539,0.77074,0.77095,1.50,1.50
2013.08.22 09:15:34.659,0.77074,0.77095,1.50,1.50
2013.08.22 09:15:34.899,0.77069,0.77092,2.25,2.82
2013.08.22 09:15:34.959,0.77067,0.77092,1.50,2.82
2013.08.22 09:15:37.429,0.77069,0.77091,1.13,2.07
2013.08.22 09:15:37.609,0.77073,0.77094,2.25,1.13
2013.08.22 09:15:37.669,0.77073,0.77094,1.50,1.13
2013.08.22 09:15:37.849,0.7707,0.77091,1.50,1.50
2013.08.22 09:15:40.239,0.7707,0.77092,3.00,1.32
2013.08.22 09:15:40.359,0.77072,0.77094,4.50,1.32
2013.08.22 09:15:40.482,0.77073,0.77095,1.50,1.32
2013.08.22 09:15:40.602,0.77075,0.77095,2.25,1.13
2013.08.22 09:15:40.722,0.77077,0.77097,1.50,1.69
2013.08.22 09:15:41.649,0.77077,0.77098,1.50,1.69
2013.08.22 09:15:41.890,0.77079,0.77096,1.50,1.13
2013.08.22 09:15:42.249,0.77071,0.77083,1.13,1.13
2013.08.22 09:15:42.609,0.77066,0.77079,2.25,1.13
2013.08.22 09:15:42.669,0.77062,0.77071,1.20,1.13
2013.08.22 09:15:42.850,0.7706,0.77074,3.00,1.50
2013.08.22 09:15:42.909,0.77059,0.77074,1.50,1.13
2013.08.22 09:15:42.969,0.7706,0.77078,1.50,1.32
2013.08.22 09:15:43.090,0.7706,0.77078,1.50,1.13
2013.08.22 09:15:43.210,0.77066,0.77083,1.50,2.44
2013.08.22 09:15:43.270,0.77066,0.77083,1.50,2.25
2013.08.22 09:15:43.749,0.77069,0.77088,1.50,1.13
2013.08.22 09:15:44.850,0.77071,0.77085,1.50,1.13
2013.08.22 09:15:44.909,0.77073,0.77089,1.50,1.50
2013.08.22 09:15:44.969,0.77073,0.77091,1.50,1.50
2013.08.22 09:15:45.149,0.77073,0.77091,1.50,1.13
2013.08.22 09:15:45.679,0.77075,0.77091,1.50,1.13
2013.08.22 09:15:46.680,0.77071,0.77091,1.50,1.69
2013.08.22 09:15:46.740,0.77068,0.77089,3.00,1.50
2013.08.22 09:15:46.801,0.77067,0.77089,1.50,1.69
2013.08.22 09:15:47.111,0.7707,0.77089,1.50,2.44
2013.08.22 09:15:47.230,0.77067,0.77088,1.50,2.07
2013.08.22 09:15:47.599,0.77067,0.77086,1.50,1.50
2013.08.22 09:15:48.294,0.77066,0.77084,1.50,1.13
2013.08.22 09:15:49.460,0.77066,0.77089,2.25,2.82
2013.08.22 09:15:49.520,0.77067,0.77089,1.50,1.69
2013.08.22 09:15:49.821,0.77067,0.77088,3.00,1.50
2013.08.22 09:15:50.119,0.77065,0.77088,1.88,1.32
2013.08.22 09:15:50.240,0.77064,0.77086,2.07,1.88
2013.08.22 09:15:50.480,0.77064,0.77085,2.07,1.50
2013.08.22 09:15:50.719,0.77063,0.77085,1.50,1.50
2013.08.22 09:15:51.252,0.77061,0.77084,3.00,1.50
2013.08.22 09:15:51.609,0.77062,0.77084,1.50,1.50
2013.08.22 09:15:51.789,0.77064,0.77086,1.13,2.07
2013.08.22 09:15:51.969,0.77066,0.77088,1.50,1.13
2013.08.22 09:15:52.919,0.77063,0.77086,1.69,1.13
2013.08.22 09:15:52.979,0.77063,0.77087,3.19,2.07
2013.08.22 09:15:53.099,0.77064,0.77086,1.50,1.13
2013.08.22 09:15:53.719,0.77064,0.77087,2.63,1.32
2013.08.22 09:15:54.739,0.77066,0.77088,1.13,1.32
2013.08.22 09:15:55.040,0.77069,0.77088,1.50,1.13
2013.08.22 09:16:01.909,0.77069,0.7709,1.50,1.32
2013.08.22 09:16:02.829,0.77069,0.7709,1.50,1.32
2013.08.22 09:16:03.659,0.77072,0.77094,1.50,1.32
2013.08.22 09:16:03.720,0.77074,0.77095,1.50,2.25
2013.08.22 09:16:03.779,0.77075,0.77098,1.50,1.32
2013.08.22 09:16:03.959,0.77077,0.77099,2.25,1.32
2013.08.22 09:16:04.859,0.77078,0.77098,1.50,1.13
2013.08.22 09:16:04.979,0.77076,0.77097,1.50,1.32
2013.08.22 09:16:05.039,0.77076,0.77096,1.50,1.69
2013.08.22 09:16:05.219,0.77073,0.77092,1.50,1.69
2013.08.22 09:16:05.339,0.7707,0.7709,1.50,1.13
2013.08.22 09:16:05.459,0.7707,0.77092,3.75,1.32
2013.08.22 09:16:05.700,0.77071,0.77094,2.25,1.69
2013.08.22 09:16:05.999,0.77072,0.77097,2.25,2.82
2013.08.22 09:16:06.540,0.77074,0.77097,1.50,2.07
2013.08.22 09:16:06.730,0.77072,0.77094,1.50,3.00
2013.08.22 09:16:06.791,0.77072,0.77091,1.50,1.13
2013.08.22 09:16:06.850,0.77068,0.7709,1.50,1.50
2013.08.22 09:16:07.110,0.77068,0.77089,1.50,1.13
2013.08.22 09:16:07.470,0.77065,0.77083,2.25,1.13
2013.08.22 09:16:08.040,0.77064,0.77083,1.50,1.13
2013.08.22 09:16:09.059,0.77062,0.77083,2.44,1.13
2013.08.22 09:16:10.019,0.7706,0.7708,2.82,1.13
2013.08.22 09:16:10.141,0.7706,0.77079,1.13,1.50
2013.08.22 09:16:10.261,0.77057,0.77077,1.50,1.13
2013.08.22 09:16:10.380,0.77056,0.77074,1.13,1.50
2013.08.22 09:16:10.561,0.77051,0.77072,1.13,1.50
2013.08.22 09:16:10.620,0.77051,0.77071,1.13,1.50
2013.08.22 09:16:10.679,0.77048,0.77067,1.69,1.13
2013.08.22 09:16:10.920,0.77045,0.77066,1.32,1.50
2013.08.22 09:16:10.979,0.77046,0.77067,1.13,1.88
2013.08.22 09:16:11.539,0.77047,0.77068,1.88,1.88
2013.08.22 09:16:11.659,0.7705,0.77072,1.50,2.07
2013.08.22 09:16:11.840,0.7705,0.77073,2.25,1.69
2013.08.22 09:16:11.900,0.77052,0.77074,1.50,1.32
2013.08.22 09:16:15.600,0.77052,0.77074,1.50,2.44
2013.08.22 09:16:15.919,0.77053,0.77074,2.25,1.32
2013.08.22 09:16:16.540,0.77051,0.77074,2.25,1.69
2013.08.22 09:16:18.254,0.77051,0.7707,2.25,1.50
2013.08.22 09:16:18.560,0.77049,0.77066,1.50,1.69
2013.08.22 09:16:18.619,0.77047,0.77065,1.13,1.50
2013.08.22 09:16:18.680,0.77046,0.77065,1.13,1.50
2013.08.22 09:16:18.979,0.77046,0.77064,1.13,1.50
2013.08.22 09:16:19.099,0.77046,0.77065,1.13,1.50
2013.08.22 09:16:19.590,0.77057,0.77065,1.35,1.88
2013.08.22 09:16:19.949,0.77073,0.7709,1.13,2.25
2013.08.22 09:16:20.069,0.77078,0.77098,1.13,3.19
2013.08.22 09:16:20.129,0.77078,0.77095,1.13,1.50
2013.08.22 09:16:20.190,0.77082,0.77099,1.13,1.50
2013.08.22 09:16:20.250,0.77082,0.77101,1.13,1.50
2013.08.22 09:16:20.309,0.77081,0.77106,1.13,1.69
2013.08.22 09:16:20.430,0.77084,0.77109,1.50,1.69
2013.08.22 09:16:20.789,0.77089,0.7711,2.25,2.25
2013.08.22 09:16:20.850,0.77089,0.77113,1.50,1.50
2013.08.22 09:16:21.389,0.77089,0.77115,2.63,1.50
2013.08.22 09:16:21.532,0.77089,0.77115,2.63,1.50
2013.08.22 09:16:21.892,0.77089,0.77114,3.38,1.50
2013.08.22 09:16:22.251,0.77086,0.77101,1.50,1.50
2013.08.22 09:16:22.310,0.77083,0.77101,1.13,1.50
2013.08.22 09:16:22.429,0.77083,0.77103,1.13,1.13
2013.08.22 09:16:22.911,0.77084,0.77103,1.13,1.69
2013.08.22 09:16:23.210,0.77084,0.77108,1.13,1.50
2013.08.22 09:16:23.389,0.77083,0.77105,1.13,1.50
2013.08.22 09:16:23.883,0.77084,0.77106,1.13,1.50
2013.08.22 09:16:24.430,0.77082,0.77103,1.88,1.50
2013.08.22 09:16:24.969,0.77084,0.77105,1.50,1.13
2013.08.22 09:16:25.533,0.77082,0.77103,1.13,1.88
2013.08.22 09:16:26.711,0.77082,0.77103,1.13,1.50
2013.08.22 09:16:26.831,0.77082,0.77099,1.13,1.50
2013.08.22 09:16:27.190,0.77077,0.77098,1.32,1.50
2013.08.22 09:16:27.509,0.77077,0.771,2.07,1.69
2013.08.22 09:16:27.631,0.77078,0.77102,2.82,1.88
2013.08.22 09:16:28.179,0.77081,0.77102,1.13,1.13
2013.08.22 09:16:28.690,0.77076,0.77096,1.32,1.13
2013.08.22 09:16:29.230,0.77076,0.77096,1.32,1.13
2013.08.22 09:16:29.711,0.77076,0.77096,1.32,1.13
2013.08.22 09:16:30.779,0.77076,0.77094,1.32,1.13
2013.08.22 09:16:31.139,0.77075,0.77094,1.13,1.13
2013.08.22 09:16:31.379,0.77072,0.77094,1.88,1.13
2013.08.22 09:16:31.679,0.77072,0.77089,1.13,1.13
2013.08.22 09:16:32.229,0.77068,0.77089,1.32,1.13
2013.08.22 09:16:33.740,0.77069,0.77088,1.13,1.13
2013.08.22 09:16:37.129,0.77067,0.77087,1.13,1.50
2013.08.22 09:16:37.189,0.77066,0.77084,1.13,1.13
2013.08.22 09:16:37.429,0.77066,0.77084,2.25,1.32
2013.08.22 09:16:37.549,0.77066,0.77084,1.50,1.32
2013.08.22 09:16:37.609,0.77066,0.77085,1.88,1.32
2013.08.22 09:16:37.729,0.77066,0.77086,1.88,1.32
2013.08.22 09:16:38.270,0.77067,0.77086,1.13,1.50
2013.08.22 09:16:38.510,0.77067,0.77088,2.63,1.13
2013.08.22 09:16:39.259,0.77067,0.77091,2.63,2.82
2013.08.22 09:16:39.439,0.77071,0.77091,1.13,1.50
2013.08.22 09:16:39.499,0.77071,0.77091,1.13,1.50
2013.08.22 09:16:39.679,0.77071,0.77093,2.63,2.07
2013.08.22 09:16:39.920,0.77076,0.77097,1.13,2.44
2013.08.22 09:16:40.159,0.77076,0.77099,1.88,1.50
2013.08.22 09:16:40.580,0.77077,0.771,2.63,1.69
2013.08.22 09:16:42.039,0.77079,0.77102,1.88,1.69
2013.08.22 09:16:42.574,0.77079,0.77102,1.88,1.69
2013.08.22 09:16:42.889,0.77078,0.77101,2.25,1.50
2013.08.22 09:16:42.949,0.7708,0.77104,2.63,2.44
2013.08.22 09:16:43.190,0.77085,0.77105,1.13,1.50
2013.08.22 09:16:43.552,0.77089,0.77109,1.13,1.50
2013.08.22 09:16:43.671,0.77087,0.7711,2.25,2.44
2013.08.22 09:16:44.230,0.77086,0.77109,2.07,1.50
2013.08.22 09:16:44.799,0.77087,0.77109,1.13,1.50
2013.08.22 09:16:44.979,0.77086,0.77108,1.13,1.50
2013.08.22 09:16:45.280,0.77081,0.77098,1.50,1.50
2013.08.22 09:16:45.519,0.77076,0.77096,1.69,1.50
2013.08.22 09:16:45.579,0.77075,0.77096,1.50,1.50
2013.08.22 09:16:45.820,0.77075,0.77098,1.88,1.50
2013.08.22 09:16:45.999,0.77075,0.771,2.63,1.50
2013.08.22 09:16:46.119,0.77081,0.771,1.13,1.50
2013.08.22 09:16:46.459,0.77084,0.771,1.50,2.25
2013.08.22 09:16:46.580,0.77081,0.77097,1.13,2.25
2013.08.22 09:16:46.710,0.77081,0.77096,1.13,1.50
2013.08.22 09:16:47.750,0.77081,0.77094,1.13,1.50
2013.08.22 09:16:49.180,0.77077,0.77093,1.50,1.50
2013.08.22 09:16:49.239,0.77072,0.77093,1.50,1.50
2013.08.22 09:16:49.299,0.7707,0.77093,1.13,1.50
2013.08.22 09:16:49.662,0.77074,0.7709,1.13,1.50
2013.08.22 09:16:49.901,0.77076,0.77094,1.50,1.50
2013.08.22 09:16:53.629,0.77075,0.77094,1.50,1.50
2013.08.22 09:16:53.749,0.77073,0.77094,2.63,2.25
2013.08.22 09:16:54.158,0.77074,0.77091,1.13,1.50
2013.08.22 09:16:54.802,0.77075,0.77093,1.50,2.25
2013.08.22 09:16:54.878,0.77076,0.77094,1.50,1.50
2013.08.22 09:16:55.611,0.77076,0.77094,1.50,1.88
2013.08.22 09:16:55.729,0.77071,0.77091,1.88,1.50
2013.08.22 09:16:55.852,0.7707,0.77093,1.13,1.88
2013.08.22 09:16:56.089,0.77069,0.77093,2.07,2.44
2013.08.22 09:17:03.849,0.77071,0.77093,1.13,1.32
2013.08.22 09:17:04.639,0.77072,0.77094,1.50,2.44
2013.08.22 09:17:04.999,0.77081,0.77098,1.50,1.50
2013.08.22 09:17:05.059,0.77081,0.77101,1.50,1.50
2013.08.22 09:17:05.379,0.77082,0.77102,1.50,1.50
2013.08.22 09:17:05.619,0.77085,0.77105,1.50,1.69
2013.08.22 09:17:06.630,0.77086,0.77107,1.50,1.88
2013.08.22 09:17:08.381,0.77085,0.77107,1.50,1.50
2013.08.22 09:17:08.819,0.77085,0.77105,1.50,1.50
2013.08.22 09:17:09.189,0.77085,0.77107,2.25,1.50
2013.08.22 09:17:09.800,0.77085,0.77106,1.50,1.50
2013.08.22 09:17:13.820,0.77086,0.77107,1.50,1.50
2013.08.22 09:17:14.180,0.77083,0.77107,3.00,1.69
2013.08.22 09:17:14.239,0.77083,0.77107,3.75,1.69
2013.08.22 09:17:14.600,0.77086,0.77105,1.13,1.50
2013.08.22 09:17:15.131,0.77086,0.77108,1.88,2.44
2013.08.22 09:17:15.609,0.77087,0.77106,1.50,1.88
2013.08.22 09:17:16.209,0.77087,0.77106,2.25,1.88
2013.08.22 09:17:16.331,0.77088,0.77111,2.25,1.13
2013.08.22 09:17:17.246,0.77091,0.77111,1.50,1.13
2013.08.22 09:17:18.250,0.77091,0.77111,1.50,1.88
2013.08.22 09:17:18.609,0.7709,0.77109,1.50,1.13
2013.08.22 09:17:18.670,0.7709,0.77109,1.50,1.13
2013.08.22 09:17:19.089,0.7709,0.77111,1.50,1.13
2013.08.22 09:17:20.551,0.7709,0.77111,1.50,1.13
2013.08.22 09:17:20.911,0.77086,0.77105,1.50,1.13
2013.08.22 09:17:21.560,0.77086,0.77106,1.50,1.13
2013.08.22 09:17:22.071,0.77086,0.77106,1.50,1.13
2013.08.22 09:17:22.578,0.77086,0.77106,1.50,1.13
2013.08.22 09:17:23.010,0.77086,0.77109,1.50,2.07
2013.08.22 09:17:25.430,0.77086,0.77107,1.50,2.07
2013.08.22 09:17:25.491,0.77086,0.77107,1.50,2.07
2013.08.22 09:17:26.231,0.77086,0.77105,1.50,1.88
2013.08.22 09:17:26.801,0.77086,0.77107,1.50,2.07
2013.08.22 09:17:27.829,0.77086,0.77107,1.50,1.69
2013.08.22 09:17:28.680,0.77086,0.77107,1.50,1.69
2013.08.22 09:17:29.611,0.77086,0.77107,1.50,1.69
2013.08.22 09:17:30.651,0.77086,0.77107,1.50,1.50
2013.08.22 09:17:32.341,0.77086,0.77107,1.50,1.50
2013.08.22 09:17:32.950,0.77086,0.77107,1.50,1.50
2013.08.22 09:17:33.601,0.77086,0.77107,1.50,1.50
2013.08.22 09:17:34.249,0.77086,0.77107,1.50,1.50
2013.08.22 09:17:34.609,0.7709,0.77109,1.50,1.50
2013.08.22 09:17:35.350,0.7709,0.77109,1.50,2.25
2013.08.22 09:17:35.789,0.77089,0.77107,1.50,1.50
2013.08.22 09:17:35.849,0.77088,0.77107,1.50,1.50
2013.08.22 09:17:36.771,0.77088,0.77107,1.50,1.50
2013.08.22 09:17:37.371,0.77088,0.77107,1.50,1.50
2013.08.22 09:17:37.975,0.77086,0.77107,1.50,1.50
2013.08.22 09:17:38.390,0.77087,0.77107,1.50,1.50
2013.08.22 09:17:38.510,0.77093,0.7711,1.50,1.50
2013.08.22 09:17:39.310,0.7709,0.7711,1.50,1.50
2013.08.22 09:17:44.019,0.77092,0.7711,1.50,1.50
2013.08.22 09:17:44.500,0.77093,0.7711,1.50,1.50
2013.08.22 09:17:44.621,0.77093,0.77113,1.50,1.50
2013.08.22 09:17:44.679,0.77093,0.77116,2.25,1.69
2013.08.22 09:17:44.740,0.77093,0.77116,1.50,2.44
2013.08.22 09:17:44.919,0.77094,0.77116,2.25,1.69
2013.08.22 09:17:45.429,0.77094,0.77113,1.50,1.50
2013.08.22 09:17:46.182,0.77093,0.77113,1.50,1.50
2013.08.22 09:17:48.619,0.77093,0.77113,1.50,1.50
2013.08.22 09:17:49.799,0.77094,0.77113,1.50,1.50
2013.08.22 09:17:50.530,0.77093,0.77113,1.50,1.50
2013.08.22 09:17:51.579,0.77093,0.77113,1.50,1.50
2013.08.22 09:17:51.939,0.77097,0.77113,1.50,1.50
2013.08.22 09:17:52.511,0.77098,0.77113,1.50,1.50
2013.08.22 09:17:52.819,0.77096,0.77113,1.50,1.50
2013.08.22 09:17:53.429,0.77096,0.77113,1.50,1.50
2013.08.22 09:17:54.200,0.77096,0.77113,1.50,1.50
2013.08.22 09:17:54.809,0.77097,0.77113,2.25,1.50
2013.08.22 09:17:54.869,0.77098,0.77113,1.50,1.50
2013.08.22 09:17:55.049,0.77097,0.77113,1.50,1.50
2013.08.22 09:17:55.589,0.77097,0.77113,1.50,1.50
2013.08.22 09:17:56.639,0.77096,0.77116,1.88,1.50
2013.08.22 09:17:56.759,0.77097,0.77116,1.50,1.50
2013.08.22 09:17:57.059,0.77099,0.77119,1.13,1.50
2013.08.22 09:17:57.179,0.771,0.77123,1.88,2.44
2013.08.22 09:17:57.582,0.77101,0.77123,1.88,1.50
2013.08.22 09:17:57.715,0.77103,0.77126,2.25,1.50
2013.08.22 09:17:58.079,0.77102,0.77124,1.50,1.13
2013.08.22 09:17:58.439,0.77097,0.77115,1.13,1.13
2013.08.22 09:17:59.831,0.77096,0.77115,1.13,1.13
2013.08.22 09:18:00.550,0.77093,0.7711,1.13,1.13
2013.08.22 09:18:01.200,0.77093,0.7711,1.13,1.13
2013.08.22 09:18:01.769,0.77093,0.77112,1.13,1.13
2013.08.22 09:18:01.829,0.77093,0.77111,1.13,1.13
2013.08.22 09:18:02.259,0.77096,0.77111,1.50,1.13
2013.08.22 09:18:03.269,0.77094,0.77113,4.13,1.13
2013.08.22 09:18:03.780,0.77096,0.77113,1.88,1.13
2013.08.22 09:18:03.962,0.77094,0.77111,1.13,1.13
2013.08.22 09:18:04.509,0.77096,0.77111,1.13,1.13
2013.08.22 09:18:05.129,0.77096,0.77114,1.13,1.13
2013.08.22 09:18:05.674,0.77093,0.77114,1.13,1.13
2013.08.22 09:18:06.519,0.77096,0.77114,1.13,1.13
2013.08.22 09:18:07.729,0.77096,0.77115,1.13,1.50
2013.08.22 09:18:10.609,0.77096,0.77114,1.13,1.13
2013.08.22 09:18:17.900,0.77097,0.77118,1.13,2.44
2013.08.22 09:18:18.020,0.77099,0.77118,1.88,1.50
2013.08.22 09:18:18.379,0.77104,0.7712,1.50,1.50
2013.08.22 09:18:18.442,0.77104,0.77121,1.50,1.50
2013.08.22 09:18:18.620,0.77104,0.77125,2.25,1.50
2013.08.22 09:18:19.130,0.77104,0.77123,1.88,1.50
2013.08.22 09:18:19.489,0.77104,0.77123,2.25,1.50
2013.08.22 09:18:21.270,0.77104,0.77122,1.88,1.50
2013.08.22 09:18:21.570,0.77102,0.77121,2.25,2.82
2013.08.22 09:18:21.630,0.77102,0.77121,1.50,2.82
2013.08.22 09:18:22.243,0.77101,0.77119,1.88,1.50
2013.08.22 09:18:22.692,0.77103,0.77119,1.50,1.50
2013.08.22 09:18:23.561,0.77104,0.77119,1.50,1.50
2013.08.22 09:18:23.742,0.77104,0.77121,1.50,1.50
2013.08.22 09:18:24.389,0.77103,0.77122,1.50,1.50
2013.08.22 09:18:25.669,0.77104,0.77122,1.50,1.50
2013.08.22 09:18:26.484,0.77104,0.77122,1.50,1.50
2013.08.22 09:18:27.259,0.77103,0.77122,1.50,1.50
2013.08.22 09:18:28.730,0.77103,0.77122,1.50,1.50
2013.08.22 09:18:29.240,0.77103,0.77122,1.50,1.50
2013.08.22 09:18:30.461,0.77103,0.77122,1.50,1.88
2013.08.22 09:18:30.940,0.77104,0.77121,1.50,1.50
2013.08.22 09:18:31.303,0.77103,0.77119,1.50,1.13
2013.08.22 09:18:31.601,0.77091,0.77112,1.32,1.50
2013.08.22 09:18:31.839,0.7709,0.77109,1.13,1.50
2013.08.22 09:18:32.260,0.77086,0.77107,1.88,1.13
2013.08.22 09:18:32.379,0.77086,0.77105,1.13,1.50
2013.08.22 09:18:32.440,0.77084,0.77104,1.50,1.50
2013.08.22 09:18:32.500,0.77081,0.77102,2.25,1.50
2013.08.22 09:18:32.859,0.77081,0.771,1.13,1.88
2013.08.22 09:18:33.403,0.77081,0.771,1.13,1.88
2013.08.22 09:18:33.932,0.77081,0.771,1.13,1.88
2013.08.22 09:18:35.249,0.77081,0.771,1.13,1.50
2013.08.22 09:18:35.816,0.77081,0.771,1.13,1.50
2013.08.22 09:18:36.350,0.77082,0.77099,1.13,1.50
2013.08.22 09:18:36.710,0.77083,0.77099,1.50,1.50
2013.08.22 09:18:37.344,0.77084,0.771,1.50,1.50
2013.08.22 09:18:38.089,0.77084,0.771,1.50,1.88
2013.08.22 09:18:38.622,0.77084,0.77097,1.50,1.50
2013.08.22 09:18:39.131,0.77084,0.771,1.50,1.50
2013.08.22 09:18:39.657,0.77084,0.771,1.50,1.50
2013.08.22 09:18:40.179,0.77083,0.771,1.88,1.50
2013.08.22 09:18:41.490,0.77083,0.771,1.88,1.50
2013.08.22 09:18:41.749,0.77083,0.77101,1.88,1.13
2013.08.22 09:18:42.686,0.77083,0.77101,1.88,1.13
2013.08.22 09:18:43.239,0.77084,0.77102,1.13,1.50
2013.08.22 09:18:43.302,0.77084,0.77103,1.13,1.69
2013.08.22 09:18:44.420,0.77084,0.77103,1.13,2.07
2013.08.22 09:18:45.224,0.77084,0.77103,1.13,1.50
2013.08.22 09:18:45.839,0.77084,0.77103,1.13,1.50
2013.08.22 09:18:47.156,0.77084,0.77101,1.88,1.50
2013.08.22 09:18:47.462,0.77084,0.77101,1.13,3.00
2013.08.22 09:18:47.820,0.77076,0.77089,1.50,1.13
2013.08.22 09:18:48.179,0.77075,0.77082,1.50,1.13
2013.08.22 09:18:48.419,0.77069,0.77081,1.50,2.63
2013.08.22 09:18:48.720,0.77067,0.7708,1.50,1.13
2013.08.22 09:18:48.899,0.77063,0.7708,1.50,1.13
2013.08.22 09:18:49.079,0.77059,0.7708,2.63,1.88
2013.08.22 09:18:49.500,0.77059,0.77079,1.13,1.13
2013.08.22 09:18:49.621,0.77058,0.77078,1.32,1.50
2013.08.22 09:18:49.740,0.77058,0.77078,1.32,1.50
2013.08.22 09:18:50.041,0.77063,0.77079,1.13,1.50
2013.08.22 09:18:50.280,0.77063,0.77082,1.13,1.69
2013.08.22 09:18:50.340,0.77064,0.77082,1.13,1.69
2013.08.22 09:18:50.459,0.77064,0.77083,1.13,1.50
2013.08.22 09:18:51.910,0.77064,0.77084,1.13,1.32
2013.08.22 09:18:52.439,0.77064,0.77083,1.13,3.00
2013.08.22 09:18:52.559,0.77063,0.77082,1.88,1.13
2013.08.22 09:18:53.429,0.77064,0.77083,1.13,1.50
2013.08.22 09:18:53.791,0.77063,0.77082,1.88,1.13
2013.08.22 09:18:54.089,0.77072,0.77091,1.13,1.88
2013.08.22 09:18:54.329,0.77069,0.77089,2.63,1.13
2013.08.22 09:18:54.848,0.77069,0.77088,1.13,1.50
2013.08.22 09:18:54.970,0.77068,0.77093,1.88,4.69
2013.08.22 09:18:55.031,0.77072,0.77093,1.13,1.69
2013.08.22 09:18:55.210,0.77072,0.77092,1.13,1.50
2013.08.22 09:18:55.329,0.77069,0.77092,1.13,1.69
2013.08.22 09:18:55.389,0.77069,0.77088,1.13,1.50
2013.08.22 09:18:55.774,0.77071,0.7709,1.13,1.50
2013.08.22 09:18:55.900,0.77074,0.77094,1.50,2.07
2013.08.22 09:18:55.961,0.77078,0.77094,1.13,1.32
2013.08.22 09:18:56.080,0.77077,0.77096,1.13,1.50
2013.08.22 09:18:56.140,0.77077,0.77097,1.13,1.50
2013.08.22 09:18:56.259,0.77081,0.77101,1.13,1.50
2013.08.22 09:18:56.799,0.77078,0.77098,1.88,1.50
2013.08.22 09:18:57.110,0.7708,0.77096,1.13,1.50
2013.08.22 09:18:57.731,0.7708,0.77096,1.13,2.25
2013.08.22 09:18:58.706,0.7708,0.77096,1.13,1.50
2013.08.22 09:18:59.029,0.7708,0.77093,1.13,1.50
2013.08.22 09:18:59.590,0.77079,0.77095,1.13,1.50
2013.08.22 09:18:59.945,0.77079,0.77095,1.50,1.50
2013.08.22 09:19:00.499,0.77078,0.77094,1.88,1.50
2013.08.22 09:19:01.020,0.77079,0.77092,1.50,1.50
2013.08.22 09:19:01.080,0.77076,0.77092,1.13,2.25
2013.08.22 09:19:01.200,0.77073,0.7709,2.63,1.50
2013.08.22 09:19:01.886,0.77077,0.77091,1.50,1.50
2013.08.22 09:19:02.130,0.77077,0.77093,1.50,2.44
2013.08.22 09:19:02.420,0.77078,0.77092,1.50,1.50
2013.08.22 09:19:02.659,0.77078,0.77095,1.50,1.69
2013.08.22 09:19:02.719,0.77078,0.77094,1.50,1.50
2013.08.22 09:19:03.680,0.77077,0.77093,1.50,1.50
2013.08.22 09:19:04.041,0.77078,0.77093,1.50,3.19
2013.08.22 09:19:04.160,0.77078,0.77095,1.50,1.32
2013.08.22 09:19:04.220,0.77078,0.77093,1.50,1.50
2013.08.22 09:19:04.581,0.77073,0.7709,1.88,1.50
2013.08.22 09:19:04.700,0.77075,0.77091,1.13,1.50
2013.08.22 09:19:05.240,0.77075,0.77091,1.13,1.50
2013.08.22 09:19:05.909,0.77075,0.77091,1.13,1.50
2013.08.22 09:19:06.251,0.77076,0.77091,1.13,3.19
2013.08.22 09:19:06.550,0.77071,0.77088,1.13,1.50
2013.08.22 09:19:07.000,0.77073,0.77089,1.88,1.50
2013.08.22 09:19:07.120,0.77073,0.77091,3.00,2.25
2013.08.22 09:19:07.180,0.77081,0.77094,1.13,1.50
2013.08.22 09:19:07.300,0.77088,0.77101,1.13,2.44
2013.08.22 09:19:07.421,0.77088,0.7711,1.88,1.50
2013.08.22 09:19:07.660,0.77094,0.77112,1.13,1.13
2013.08.22 09:19:07.959,0.77096,0.77119,2.25,2.44
2013.08.22 09:19:08.200,0.771,0.77119,1.13,1.50
2013.08.22 09:19:08.320,0.771,0.77124,2.63,3.94
2013.08.22 09:19:08.379,0.77102,0.77124,1.50,1.69
2013.08.22 09:19:08.559,0.77102,0.77124,1.50,1.69
2013.08.22 09:19:09.351,0.77102,0.77124,1.13,1.69
2013.08.22 09:19:09.660,0.77094,0.77116,1.88,1.13
2013.08.22 09:19:09.720,0.77094,0.77115,1.13,1.50
2013.08.22 09:19:10.433,0.7709,0.77113,1.13,2.44
2013.08.22 09:19:10.979,0.7709,0.77113,1.13,2.44
2013.08.22 09:19:11.040,0.7709,0.77113,1.13,2.44
2013.08.22 09:19:11.279,0.77093,0.77113,1.13,1.69
2013.08.22 09:19:11.809,0.77093,0.77113,1.88,1.50
2013.08.22 09:19:12.111,0.77093,0.77112,1.88,1.50
2013.08.22 09:19:12.469,0.77094,0.77113,1.88,2.25
2013.08.22 09:19:12.661,0.77094,0.77113,1.88,2.25
2013.08.22 09:19:13.431,0.77095,0.77113,1.13,2.25
2013.08.22 09:19:13.988,0.77095,0.77113,1.13,2.25
2013.08.22 09:19:14.899,0.77095,0.77113,1.13,2.25
2013.08.22 09:19:15.211,0.77099,0.77113,1.13,1.50
2013.08.22 09:19:15.511,0.77106,0.77121,1.13,1.50
2013.08.22 09:19:15.632,0.77106,0.77122,1.13,1.50
2013.08.22 09:19:16.190,0.77106,0.77124,1.13,1.50
2013.08.22 09:19:16.833,0.77106,0.77124,1.13,1.50
2013.08.22 09:19:17.130,0.77104,0.77126,2.07,1.50
2013.08.22 09:19:17.690,0.77105,0.77128,1.13,2.07
2013.08.22 09:19:19.279,0.77105,0.77128,1.13,2.82
2013.08.22 09:19:19.916,0.77107,0.77128,1.13,2.07
2013.08.22 09:19:21.511,0.77105,0.77128,1.13,1.69
2013.08.22 09:19:22.610,0.77105,0.77125,1.88,1.50
2013.08.22 09:19:22.735,0.77102,0.77122,1.13,2.25
2013.08.22 09:19:22.863,0.77098,0.77117,1.88,1.50
2013.08.22 09:19:22.919,0.77098,0.77117,1.88,2.25
2013.08.22 09:19:23.552,0.77094,0.77115,2.07,1.50
2013.08.22 09:19:24.119,0.77094,0.77115,2.07,1.50
2013.08.22 09:19:25.029,0.77095,0.77115,1.32,1.50
2013.08.22 09:19:25.330,0.77097,0.77112,1.13,1.50
2013.08.22 09:19:25.390,0.77097,0.77116,1.13,1.50
2013.08.22 09:19:25.510,0.77097,0.77118,1.32,1.50
2013.08.22 09:19:25.749,0.77097,0.77116,2.07,1.50
2013.08.22 09:19:25.930,0.77096,0.77114,1.13,1.50
2013.08.22 09:19:26.109,0.77095,0.77117,1.13,2.07
2013.08.22 09:19:26.229,0.77097,0.7712,1.88,1.69
2013.08.22 09:19:26.469,0.77102,0.77122,1.13,1.50
2013.08.22 09:19:27.111,0.77103,0.77123,1.50,1.50
2013.08.22 09:19:27.899,0.77104,0.77127,2.63,1.32
2013.08.22 09:19:28.459,0.77104,0.77127,2.82,1.13
2013.08.22 09:19:28.999,0.77104,0.77127,2.07,1.13
2013.08.22 09:19:29.303,0.77107,0.77131,1.50,3.75
2013.08.22 09:19:29.363,0.77108,0.77133,1.69,2.25
2013.08.22 09:19:29.420,0.77111,0.77133,1.13,1.50
2013.08.22 09:19:29.602,0.77114,0.77137,2.63,2.25
2013.08.22 09:19:29.661,0.77116,0.77137,1.13,2.25
2013.08.22 09:19:29.721,0.77117,0.77138,1.13,2.25
2013.08.22 09:19:29.901,0.77117,0.7714,1.50,1.32
2013.08.22 09:19:30.021,0.77119,0.7714,1.13,1.50
2013.08.22 09:19:30.380,0.77121,0.77138,1.13,1.50
2013.08.22 09:19:30.500,0.77121,0.77141,1.50,2.25
2013.08.22 09:19:30.561,0.77121,0.77146,2.25,1.50
2013.08.22 09:19:31.269,0.77122,0.77146,1.13,1.50
2013.08.22 09:19:31.810,0.77121,0.77142,1.13,2.25
2013.08.22 09:19:32.169,0.77118,0.77138,1.13,1.50
2013.08.22 09:19:32.692,0.77118,0.77138,1.13,1.50
2013.08.22 09:19:34.095,0.77116,0.77138,2.44,1.50
2013.08.22 09:19:34.810,0.77116,0.77138,2.44,1.50
2013.08.22 09:19:35.332,0.77116,0.77138,1.69,1.50
2013.08.22 09:19:36.181,0.77121,0.77138,1.13,1.50
2013.08.22 09:19:36.240,0.77122,0.77139,1.13,2.25
2013.08.22 09:19:36.299,0.77122,0.77141,1.13,1.50
2013.08.22 09:19:37.680,0.77122,0.77142,1.13,1.69
2013.08.22 09:19:38.189,0.77122,0.77142,2.25,1.69
2013.08.22 09:19:39.460,0.77122,0.77141,1.50,1.50
2013.08.22 09:19:39.519,0.77122,0.7714,1.50,1.50
2013.08.22 09:19:40.059,0.77121,0.77138,1.13,1.50
2013.08.22 09:19:40.187,0.77114,0.77137,3.57,1.88
2013.08.22 09:19:40.250,0.77114,0.77137,1.13,1.88
2013.08.22 09:19:40.309,0.77112,0.77135,1.32,1.50
2013.08.22 09:19:40.650,0.77112,0.77131,1.32,1.50
2013.08.22 09:19:40.970,0.77114,0.77131,1.50,1.50
2013.08.22 09:19:41.030,0.77114,0.77133,1.50,1.50
2013.08.22 09:19:41.090,0.77114,0.77133,1.50,1.50
2013.08.22 09:19:41.150,0.77117,0.77135,1.13,1.50
2013.08.22 09:19:41.210,0.77118,0.77135,1.88,1.50
2013.08.22 09:19:41.570,0.7712,0.77135,1.13,1.50
2013.08.22 09:19:41.630,0.77119,0.77134,1.50,1.50
2013.08.22 09:19:41.810,0.77114,0.77133,1.69,1.50
2013.08.22 09:19:41.869,0.77114,0.77132,1.50,1.50
2013.08.22 09:19:42.229,0.77115,0.7713,1.13,1.50
2013.08.22 09:19:42.600,0.77114,0.7713,1.50,1.50
2013.08.22 09:19:42.839,0.77114,0.7713,1.50,1.50
2013.08.22 09:19:43.389,0.77114,0.77133,1.13,2.44
2013.08.22 09:19:44.040,0.77116,0.77133,1.13,1.69
2013.08.22 09:19:44.600,0.77115,0.77133,1.13,1.69
2013.08.22 09:19:45.172,0.77115,0.77133,1.13,1.69
2013.08.22 09:19:45.230,0.77115,0.77133,1.13,1.69
2013.08.22 09:19:46.791,0.77116,0.77133,1.13,1.50
2013.08.22 09:19:47.550,0.77118,0.77135,1.50,2.25
2013.08.22 09:19:48.085,0.77114,0.77135,1.13,2.25
2013.08.22 09:19:48.379,0.77116,0.77135,1.13,1.50
2013.08.22 09:19:49.523,0.77116,0.77135,1.13,1.50
2013.08.22 09:19:49.673,0.77116,0.77135,1.13,1.50
2013.08.22 09:19:49.980,0.77115,0.77134,1.13,2.44
2013.08.22 09:19:50.341,0.77115,0.77132,1.13,1.50
2013.08.22 09:19:51.329,0.77115,0.7713,1.13,1.50
2013.08.22 09:19:51.449,0.77115,0.77133,1.13,1.50
2013.08.22 09:19:51.999,0.77115,0.77134,1.13,2.25
2013.08.22 09:19:52.180,0.77115,0.77132,1.13,1.50
2013.08.22 09:19:52.639,0.77116,0.77132,1.50,1.50
2013.08.22 09:19:54.210,0.77115,0.77132,1.13,1.50
2013.08.22 09:19:54.723,0.77115,0.77132,1.13,1.50
2013.08.22 09:19:55.549,0.77115,0.77132,1.13,1.50
2013.08.22 09:19:56.146,0.77115,0.77132,1.13,1.50
2013.08.22 09:19:56.390,0.77114,0.77132,1.88,2.25
2013.08.22 09:19:56.510,0.77115,0.77131,1.13,1.50
2013.08.22 09:19:56.813,0.77113,0.77126,1.50,1.50
2013.08.22 09:19:57.059,0.77113,0.77128,1.50,2.25
2013.08.22 09:19:57.241,0.77113,0.77127,1.50,1.50
2013.08.22 09:19:57.599,0.77109,0.77125,1.88,1.50
2013.08.22 09:19:58.099,0.77108,0.77125,1.88,1.50
2013.08.22 09:19:58.220,0.77109,0.77125,1.50,1.50
2013.08.22 09:19:58.459,0.77105,0.77123,1.13,1.50
2013.08.22 09:19:58.650,0.77105,0.77122,1.13,1.50
2013.08.22 09:19:59.159,0.77105,0.77122,1.13,1.50
2013.08.22 09:19:59.690,0.77105,0.77122,1.13,1.50
2013.08.22 09:19:59.869,0.77104,0.77124,1.13,1.88
2013.08.22 09:20:00.370,0.77104,0.77124,1.13,1.50
2013.08.22 09:20:00.550,0.77104,0.77122,1.50,1.13
2013.08.22 09:20:00.609,0.77104,0.77122,1.50,1.88
2013.08.22 09:20:00.732,0.77099,0.77119,2.25,2.44
2013.08.22 09:20:00.850,0.77098,0.77119,1.88,2.44
2013.08.22 09:20:00.971,0.77098,0.77116,1.50,1.50
2013.08.22 09:20:01.765,0.77099,0.77116,1.50,1.50
2013.08.22 09:20:02.333,0.77099,0.77115,1.50,1.50
2013.08.22 09:20:02.411,0.77101,0.77119,1.88,1.50
2013.08.22 09:20:02.530,0.77103,0.7712,1.13,1.50
2013.08.22 09:20:02.890,0.77108,0.77121,1.50,3.00
2013.08.22 09:20:02.950,0.77109,0.77123,1.50,1.50
2013.08.22 09:20:03.500,0.77104,0.77123,1.13,2.25
2013.08.22 09:20:03.559,0.77104,0.77122,1.13,1.50
2013.08.22 09:20:03.740,0.77103,0.7712,1.50,1.50
2013.08.22 09:20:03.981,0.77101,0.7712,1.13,2.25
2013.08.22 09:20:04.160,0.77104,0.77117,1.50,1.50
2013.08.22 09:20:04.640,0.77105,0.77121,1.13,2.44
2013.08.22 09:20:05.231,0.77105,0.77121,1.13,1.69
2013.08.22 09:20:06.329,0.77105,0.77121,1.13,1.50
2013.08.22 09:20:06.830,0.77105,0.77124,1.13,3.00
2013.08.22 09:20:06.891,0.77105,0.77124,1.13,1.50
2013.08.22 09:20:07.921,0.77104,0.77123,1.50,1.13
2013.08.22 09:20:07.980,0.77102,0.77122,1.88,1.13
2013.08.22 09:20:08.040,0.77102,0.77121,1.88,2.25
2013.08.22 09:20:08.400,0.77099,0.77118,1.88,1.50
2013.08.22 09:20:08.759,0.77098,0.77119,1.50,1.69
2013.08.22 09:20:08.942,0.77099,0.7712,1.88,1.69
2013.08.22 09:20:09.305,0.77104,0.77122,1.50,1.69
2013.08.22 09:20:09.731,0.77103,0.77123,1.88,1.69
2013.08.22 09:20:10.238,0.77104,0.77124,1.88,1.69
2013.08.22 09:20:10.302,0.77104,0.7712,1.88,1.50
2013.08.22 09:20:10.659,0.77109,0.77125,1.50,2.25
2013.08.22 09:20:10.780,0.77108,0.77127,1.50,1.50
2013.08.22 09:20:11.409,0.77109,0.77127,1.50,1.50
2013.08.22 09:20:12.583,0.77108,0.77127,1.50,1.50
2013.08.22 09:20:12.763,0.77109,0.77123,1.50,1.50
2013.08.22 09:20:12.940,0.77105,0.77121,1.50,2.25
2013.08.22 09:20:13.061,0.77105,0.77119,1.50,1.50
2013.08.22 09:20:13.242,0.77103,0.77118,1.88,1.50
2013.08.22 09:20:14.590,0.77103,0.77118,1.88,1.50
2013.08.22 09:20:15.320,0.77103,0.77118,1.88,1.50
2013.08.22 09:20:16.750,0.77103,0.77118,1.88,1.50
2013.08.22 09:20:16.810,0.77104,0.77118,1.50,1.50
2013.08.22 09:20:17.514,0.77103,0.77118,1.88,1.50
2013.08.22 09:20:19.010,0.77103,0.77118,1.13,1.50
2013.08.22 09:20:19.550,0.77104,0.77118,1.50,1.50
2013.08.22 09:20:20.530,0.77105,0.77118,1.50,1.50
2013.08.22 09:20:20.710,0.77104,0.77119,1.13,1.50
2013.08.22 09:20:20.831,0.77103,0.77124,1.50,1.50
2013.08.22 09:20:20.891,0.77109,0.77124,1.50,2.25
2013.08.22 09:20:21.193,0.77109,0.77119,1.50,1.50
2013.08.22 09:20:21.251,0.77108,0.77119,1.50,1.50
2013.08.22 09:20:21.312,0.77109,0.77119,1.50,1.50
2013.08.22 09:20:21.551,0.77114,0.77125,1.50,1.50
2013.08.22 09:20:21.670,0.77113,0.77126,1.50,1.50
2013.08.22 09:20:22.432,0.7711,0.77127,1.13,1.50
2013.08.22 09:20:22.490,0.7711,0.77126,1.13,1.50
2013.08.22 09:20:22.789,0.77108,0.77124,1.13,2.25
2013.08.22 09:20:23.029,0.77107,0.77123,1.88,1.50
2013.08.22 09:20:23.980,0.77105,0.77123,1.13,1.50
2013.08.22 09:20:24.539,0.77104,0.77122,1.88,3.00
2013.08.22 09:20:25.206,0.77104,0.7712,1.88,1.50
2013.08.22 09:20:25.389,0.77104,0.77121,1.13,1.50
2013.08.22 09:20:25.635,0.77106,0.77121,1.50,1.50
2013.08.22 09:20:26.241,0.77109,0.77121,1.50,1.50
2013.08.22 09:20:26.711,0.77109,0.77123,1.50,2.25
2013.08.22 09:20:28.051,0.77108,0.77123,1.50,2.25
2013.08.22 09:20:28.554,0.77104,0.77123,1.88,2.25
2013.08.22 09:20:28.763,0.77104,0.77123,1.88,2.25
2013.08.22 09:20:29.221,0.77104,0.77123,1.88,2.25
2013.08.22 09:20:29.732,0.77104,0.77123,2.07,1.50
2013.08.22 09:20:30.258,0.77108,0.77123,1.50,1.50
2013.08.22 09:20:30.800,0.77109,0.77124,1.50,1.50
2013.08.22 09:20:30.860,0.77109,0.77124,1.88,1.50
2013.08.22 09:20:31.401,0.77111,0.77125,1.13,1.50
2013.08.22 09:20:31.700,0.77112,0.77129,1.50,1.50
2013.08.22 09:20:32.254,0.77112,0.77129,1.50,1.50
2013.08.22 09:20:33.490,0.77113,0.77128,1.13,1.50
2013.08.22 09:20:33.550,0.77112,0.77127,1.88,1.50
2013.08.22 09:20:34.100,0.77112,0.77124,1.50,1.50
2013.08.22 09:20:34.712,0.77112,0.77126,1.50,1.50
2013.08.22 09:20:37.160,0.77112,0.77126,1.50,1.50
2013.08.22 09:20:37.969,0.77111,0.77126,1.50,1.50
2013.08.22 09:20:44.260,0.77108,0.77126,2.44,1.50
2013.08.22 09:20:44.504,0.77106,0.77123,1.88,1.50
2013.08.22 09:20:44.571,0.77106,0.77126,1.88,2.25
2013.08.22 09:20:44.994,0.77106,0.77127,1.88,1.50
2013.08.22 09:20:45.121,0.77107,0.77131,1.13,3.94
2013.08.22 09:20:45.180,0.77109,0.77131,1.13,3.19
2013.08.22 09:20:45.641,0.77107,0.7713,2.07,2.25
2013.08.22 09:20:46.000,0.77104,0.77123,3.19,1.50
2013.08.22 09:20:46.301,0.77104,0.77122,1.50,1.50
2013.08.22 09:20:46.600,0.77102,0.77122,1.32,2.25
2013.08.22 09:20:46.840,0.77098,0.77119,1.69,3.00
2013.08.22 09:20:47.020,0.77097,0.77118,2.82,1.50
2013.08.22 09:20:50.070,0.77097,0.77118,2.82,1.50
2013.08.22 09:20:50.791,0.77097,0.77119,2.82,3.00
2013.08.22 09:20:50.909,0.77097,0.77119,3.57,1.50
2013.08.22 09:20:53.741,0.77098,0.77119,1.50,2.25
2013.08.22 09:20:53.859,0.77097,0.77116,2.25,2.25
2013.08.22 09:20:53.920,0.77096,0.77115,1.50,1.50
2013.08.22 09:20:54.039,0.77092,0.77115,2.44,2.25
2013.08.22 09:20:54.100,0.77091,0.77113,1.69,1.50
2013.08.22 09:20:54.520,0.77094,0.77115,1.50,2.25
2013.08.22 09:20:54.879,0.77095,0.77115,1.88,1.50
2013.08.22 09:20:55.182,0.77095,0.77114,1.13,1.50
2013.08.22 09:20:56.030,0.77095,0.77116,2.25,1.50
2013.08.22 09:20:56.090,0.77095,0.77116,1.13,1.50
2013.08.22 09:20:56.271,0.77096,0.77121,1.50,2.07
2013.08.22 09:20:57.939,0.77095,0.77117,1.88,1.50
2013.08.22 09:20:58.962,0.77094,0.77117,1.13,1.50
2013.08.22 09:20:59.479,0.77094,0.77117,1.13,1.50
2013.08.22 09:20:59.720,0.77099,0.77123,1.13,2.44
2013.08.22 09:20:59.779,0.77099,0.77123,1.88,2.44
2013.08.22 09:21:02.639,0.77102,0.77124,1.50,1.69
2013.08.22 09:21:02.940,0.77108,0.7713,1.50,1.32
2013.08.22 09:21:03.471,0.77108,0.77131,1.50,2.44
2013.08.22 09:21:05.569,0.77109,0.77133,1.50,2.44
2013.08.22 09:21:06.389,0.77109,0.77133,1.50,2.44
2013.08.22 09:21:06.749,0.77111,0.77133,1.50,1.69
2013.08.22 09:21:06.809,0.77111,0.77134,1.50,1.88
2013.08.22 09:21:07.459,0.77113,0.77134,1.88,1.50
2013.08.22 09:21:07.961,0.77114,0.77136,1.50,2.44
2013.08.22 09:21:08.919,0.77112,0.77134,1.13,1.50
2013.08.22 09:21:10.962,0.77109,0.77134,1.88,2.44
2013.08.22 09:21:11.299,0.77109,0.77134,1.88,2.82
2013.08.22 09:21:11.830,0.77111,0.77134,1.13,2.07
2013.08.22 09:21:13.939,0.77109,0.77134,1.50,2.44
2013.08.22 09:21:14.641,0.7711,0.77132,1.13,1.50
2013.08.22 09:21:15.080,0.77109,0.77132,1.32,1.50
2013.08.22 09:21:17.820,0.77108,0.77131,2.63,1.50
2013.08.22 09:21:17.880,0.77108,0.77132,1.88,1.50
2013.08.22 09:21:18.340,0.77109,0.77133,1.88,1.50
2013.08.22 09:21:24.706,0.77109,0.77133,1.69,1.88
2013.08.22 09:21:25.069,0.77107,0.77131,1.69,1.50
2013.08.22 09:21:25.839,0.77108,0.77132,1.13,1.50
2013.08.22 09:21:26.179,0.77107,0.7713,1.62,1.50
2013.08.22 09:21:26.908,0.77107,0.7713,1.69,1.50
2013.08.22 09:21:28.491,0.77106,0.7713,3.75,3.00
2013.08.22 09:21:28.919,0.77106,0.7713,3.75,1.50
2013.08.22 09:21:30.831,0.77107,0.7713,2.07,1.50
2013.08.22 09:21:30.890,0.77108,0.77132,1.50,1.50
2013.08.22 09:21:30.950,0.77109,0.77132,1.50,1.50
2013.08.22 09:21:31.010,0.77109,0.77132,1.88,1.50
2013.08.22 09:21:31.310,0.7711,0.77134,1.88,2.25
2013.08.22 09:21:31.490,0.77113,0.77134,1.50,1.50
2013.08.22 09:21:32.011,0.77113,0.77136,3.38,1.13
2013.08.22 09:21:32.739,0.77113,0.77136,3.38,1.13
2013.08.22 09:21:33.749,0.77113,0.77133,2.63,1.13
2013.08.22 09:21:34.393,0.77113,0.77133,1.88,1.13
2013.08.22 09:21:35.611,0.77113,0.77133,1.13,1.13
2013.08.22 09:21:37.014,0.77113,0.77133,1.13,1.13
2013.08.22 09:21:37.623,0.77113,0.77133,1.88,1.13
2013.08.22 09:21:38.344,0.77113,0.77134,1.13,1.88
2013.08.22 09:21:38.581,0.77113,0.77133,2.07,1.13
2013.08.22 09:21:42.192,0.77113,0.77136,1.13,1.32
2013.08.22 09:21:42.250,0.77113,0.77136,1.13,1.32
2013.08.22 09:21:42.610,0.77112,0.77132,1.50,2.25
2013.08.22 09:21:42.790,0.77112,0.77129,1.69,1.50
2013.08.22 09:21:43.240,0.77112,0.77132,1.69,1.50
2013.08.22 09:21:44.726,0.77112,0.77132,1.69,1.50
2013.08.22 09:21:56.711,0.77112,0.77133,1.50,2.25
2013.08.22 09:22:02.782,0.77116,0.77133,1.13,1.50
2013.08.22 09:22:02.960,0.77116,0.77136,1.13,1.88
2013.08.22 09:22:03.539,0.77116,0.77136,1.13,1.88
2013.08.22 09:22:04.040,0.77116,0.77135,1.13,1.13
2013.08.22 09:22:04.752,0.77116,0.77136,1.13,1.50
2013.08.22 09:22:05.300,0.77116,0.77136,1.50,1.69
2013.08.22 09:22:06.352,0.77116,0.77135,1.50,1.13
2013.08.22 09:22:06.947,0.77116,0.77134,1.13,1.50
2013.08.22 09:22:07.070,0.77113,0.77134,1.32,3.00
2013.08.22 09:22:07.310,0.77111,0.77129,1.13,1.50
2013.08.22 09:22:07.611,0.77105,0.77129,1.32,1.50
2013.08.22 09:22:08.049,0.77107,0.77132,3.19,1.50
2013.08.22 09:22:08.540,0.77108,0.77132,2.07,1.50
2013.08.22 09:22:10.430,0.77112,0.77131,1.13,1.69
2013.08.22 09:22:10.491,0.77109,0.77127,1.50,1.50
2013.08.22 09:22:10.670,0.77108,0.77126,1.13,3.75
2013.08.22 09:22:10.849,0.77106,0.77123,1.13,1.50
2013.08.22 09:22:11.562,0.77106,0.77123,1.13,1.50
2013.08.22 09:22:11.800,0.77102,0.77123,1.50,2.25
2013.08.22 09:22:11.929,0.77102,0.77123,1.50,2.25
2013.08.22 09:22:18.970,0.77101,0.77124,2.25,2.25
2013.08.22 09:22:20.539,0.77101,0.77124,2.25,3.00
2013.08.22 09:22:20.720,0.77101,0.77122,2.25,1.50
2013.08.22 09:22:21.190,0.77101,0.7712,1.88,1.50
2013.08.22 09:22:21.370,0.771,0.77119,1.13,1.50
2013.08.22 09:22:23.970,0.77097,0.77118,2.44,1.50
2013.08.22 09:22:24.209,0.77097,0.77118,1.50,3.00
2013.08.22 09:22:24.329,0.77097,0.77115,1.50,1.50
2013.08.22 09:22:24.890,0.77097,0.77114,1.13,1.50
2013.08.22 09:22:25.571,0.77097,0.77116,1.50,1.50
2013.08.22 09:22:25.630,0.77097,0.77117,1.50,1.50
2013.08.22 09:22:25.929,0.77097,0.77115,1.50,1.50
2013.08.22 09:22:26.456,0.77097,0.77116,1.13,1.50
2013.08.22 09:22:27.622,0.77097,0.77115,1.13,1.50
2013.08.22 09:22:29.290,0.77097,0.77116,1.50,1.50
2013.08.22 09:22:29.639,0.77097,0.77116,1.50,1.50
2013.08.22 09:22:30.310,0.77097,0.77116,1.50,1.50
2013.08.22 09:22:31.199,0.77097,0.77116,1.50,1.50
2013.08.22 09:22:31.501,0.77094,0.77114,2.82,1.50
2013.08.22 09:22:31.921,0.77092,0.77114,2.07,3.00
2013.08.22 09:22:31.981,0.77091,0.77114,2.63,1.50
2013.08.22 09:22:32.162,0.77092,0.77113,1.13,1.50
2013.08.22 09:22:32.281,0.77092,0.77113,1.13,1.50
2013.08.22 09:22:32.341,0.77089,0.77113,2.25,3.00
2013.08.22 09:22:32.710,0.77089,0.77112,1.50,2.25
2013.08.22 09:22:33.073,0.77088,0.77107,2.25,1.50
2013.08.22 09:22:33.581,0.77088,0.77107,1.50,1.50
2013.08.22 09:22:35.219,0.77089,0.77107,1.50,1.50
2013.08.22 09:22:35.948,0.77089,0.77107,1.50,1.50
2013.08.22 09:22:39.941,0.7709,0.77107,1.13,1.50
2013.08.22 09:22:40.280,0.77087,0.77107,1.69,1.50
2013.08.22 09:22:41.631,0.77087,0.77108,1.50,1.69
2013.08.22 09:22:48.219,0.77086,0.77108,2.07,1.50
2013.08.22 09:22:54.170,0.77088,0.77108,1.13,1.50
2013.08.22 09:22:56.499,0.77086,0.77108,1.88,1.50
2013.08.22 09:22:57.151,0.77086,0.77108,1.88,1.50
2013.08.22 09:22:58.741,0.77086,0.77108,1.88,1.88
2013.08.22 09:22:59.245,0.77086,0.77108,1.88,1.50
2013.08.22 09:23:01.061,0.77086,0.77108,1.88,1.50
2013.08.22 09:23:01.180,0.77086,0.77108,1.88,1.50
2013.08.22 09:23:01.599,0.77088,0.77109,1.88,1.50
2013.08.22 09:23:01.980,0.77088,0.77109,1.32,1.50
2013.08.22 09:23:02.522,0.77086,0.77109,2.07,2.25
2013.08.22 09:23:03.061,0.77086,0.77109,2.07,1.50
2013.08.22 09:23:03.181,0.77086,0.77109,1.69,1.88
2013.08.22 09:23:03.540,0.77082,0.77104,2.44,1.88
2013.08.22 09:23:04.176,0.7708,0.77103,1.69,1.88
2013.08.22 09:23:04.711,0.77081,0.77104,1.32,4.13
2013.08.22 09:23:05.140,0.77081,0.77102,1.32,1.50
2013.08.22 09:23:05.993,0.77081,0.77102,1.13,1.88
2013.08.22 09:23:06.580,0.77077,0.77099,2.07,1.13
2013.08.22 09:23:07.559,0.77077,0.77099,1.32,1.50
2013.08.22 09:23:08.545,0.77077,0.77099,1.32,1.50
2013.08.22 09:23:10.019,0.77077,0.77099,2.07,1.88
2013.08.22 09:23:11.751,0.77077,0.77099,1.13,1.88
2013.08.22 09:23:12.291,0.77076,0.77095,1.13,1.50
2013.08.22 09:23:12.590,0.77074,0.77097,2.07,1.13
2013.08.22 09:23:12.891,0.77076,0.77098,1.88,2.07
2013.08.22 09:23:12.955,0.77076,0.77098,1.88,1.88
2013.08.22 09:23:13.022,0.77077,0.77098,1.50,1.88
2013.08.22 09:23:13.682,0.77078,0.77098,1.13,1.50
2013.08.22 09:23:14.054,0.77079,0.77098,1.13,1.50
2013.08.22 09:23:15.691,0.77079,0.77098,1.13,1.50
2013.08.22 09:23:16.340,0.77078,0.77098,1.88,1.50
2013.08.22 09:23:18.490,0.77078,0.77098,1.88,1.50
2013.08.22 09:23:18.982,0.77076,0.77098,2.07,1.50
2013.08.22 09:23:25.119,0.77076,0.77098,1.32,2.25
2013.08.22 09:23:25.627,0.77074,0.77095,2.82,1.50
2013.08.22 09:23:30.470,0.77076,0.77098,1.88,1.50
2013.08.22 09:23:30.769,0.77075,0.77097,1.88,1.50
2013.08.22 09:23:31.070,0.77074,0.77096,2.63,2.25
2013.08.22 09:23:31.482,0.77074,0.77096,2.63,2.25
2013.08.22 09:23:32.361,0.77076,0.77096,1.13,1.50
2013.08.22 09:23:32.911,0.77076,0.77096,1.13,2.25
2013.08.22 09:23:33.390,0.77074,0.77094,1.50,1.50
2013.08.22 09:23:33.510,0.77068,0.7709,1.69,1.50
2013.08.22 09:23:33.570,0.77068,0.7709,1.50,2.25
2013.08.22 09:23:33.690,0.77065,0.77088,1.88,2.25
2013.08.22 09:23:33.749,0.77062,0.77086,2.07,1.50
2013.08.22 09:23:34.280,0.77063,0.77086,1.32,1.50
2013.08.22 09:23:34.650,0.77067,0.7709,1.13,1.50
2013.08.22 09:23:35.827,0.77067,0.7709,1.88,1.88
2013.08.22 09:23:37.522,0.77067,0.7709,1.88,1.88
2013.08.22 09:23:38.021,0.77069,0.77088,3.00,1.13
2013.08.22 09:23:38.322,0.77069,0.77088,1.32,2.63
2013.08.22 09:23:38.383,0.77068,0.77088,2.07,1.13
2013.08.22 09:23:38.680,0.77073,0.77095,1.32,2.25
2013.08.22 09:23:38.740,0.77077,0.77096,1.88,1.13
2013.08.22 09:23:39.100,0.77091,0.77098,2.25,1.50
2013.08.22 09:23:39.400,0.77094,0.771,1.50,3.00
2013.08.22 09:23:39.700,0.77089,0.771,1.32,3.00
2013.08.22 09:23:39.820,0.77084,0.77104,3.57,1.50
2013.08.22 09:23:40.001,0.77085,0.77103,1.13,1.50
2013.08.22 09:23:40.360,0.77084,0.77105,1.32,1.50
2013.08.22 09:23:40.420,0.77084,0.77105,1.32,1.50
2013.08.22 09:23:40.761,0.77083,0.77101,2.07,1.50
2013.08.22 09:23:41.490,0.77083,0.771,1.32,1.50
2013.08.22 09:23:42.210,0.77083,0.771,1.32,1.50
2013.08.22 09:23:42.570,0.77082,0.77099,1.32,1.50
2013.08.22 09:23:42.931,0.77079,0.77097,2.25,1.50
2013.08.22 09:23:42.990,0.77076,0.77097,2.82,3.00
2013.08.22 09:23:43.052,0.77076,0.77094,1.88,1.50
2013.08.22 09:23:43.531,0.77076,0.77093,1.13,2.25
2013.08.22 09:23:43.710,0.77072,0.77088,1.13,1.50
2013.08.22 09:23:43.950,0.77072,0.77085,1.13,1.50
2013.08.22 09:23:44.500,0.77073,0.77085,1.13,1.50
2013.08.22 09:23:44.802,0.77076,0.77085,1.13,1.50
2013.08.22 09:23:44.925,0.77079,0.77088,1.88,1.50
2013.08.22 09:23:45.322,0.77078,0.77097,2.07,1.50
2013.08.22 09:23:45.440,0.77077,0.77095,1.13,1.50
2013.08.22 09:23:45.982,0.77077,0.77095,1.13,2.25
2013.08.22 09:23:46.100,0.77077,0.77092,1.13,1.50
2013.08.22 09:23:46.728,0.77077,0.77092,1.13,1.50
2013.08.22 09:23:47.029,0.77072,0.77081,1.13,2.25
2013.08.22 09:23:47.090,0.77057,0.77076,1.13,1.13
2013.08.22 09:23:47.270,0.77054,0.77074,1.13,1.13
2013.08.22 09:23:47.510,0.77053,0.77071,2.25,1.50
2013.08.22 09:23:47.631,0.77054,0.77072,1.13,1.50
2013.08.22 09:23:47.690,0.7705,0.77072,1.32,1.50
2013.08.22 09:23:48.110,0.77049,0.77073,2.07,1.50
2013.08.22 09:23:48.240,0.77049,0.77073,1.32,2.25
2013.08.22 09:23:48.660,0.77051,0.7707,1.13,1.50
2013.08.22 09:23:49.080,0.7705,0.77072,1.13,1.88
2013.08.22 09:23:49.320,0.77049,0.77068,1.88,1.50
2013.08.22 09:23:49.922,0.7705,0.77068,1.13,1.50
2013.08.22 09:23:50.461,0.77049,0.77069,1.88,1.13
2013.08.22 09:23:50.780,0.77049,0.77068,1.13,3.00
2013.08.22 09:23:50.900,0.77049,0.77068,1.88,1.50
2013.08.22 09:23:50.960,0.77049,0.77068,1.13,1.13
2013.08.22 09:23:51.020,0.77045,0.77068,1.13,1.88
2013.08.22 09:23:51.380,0.77043,0.77065,1.88,1.50
2013.08.22 09:23:51.840,0.77042,0.77065,2.44,3.75
2013.08.22 09:23:52.260,0.77042,0.77064,1.69,2.25
2013.08.22 09:23:52.440,0.77044,0.77065,2.07,1.50
2013.08.22 09:23:52.980,0.77044,0.77067,2.07,1.50
2013.08.22 09:23:53.101,0.77046,0.77065,1.32,1.50
2013.08.22 09:23:53.280,0.77046,0.77066,1.32,1.50
2013.08.22 09:23:53.551,0.77046,0.77066,1.32,1.50
2013.08.22 09:23:53.790,0.77046,0.77069,2.07,2.44
2013.08.22 09:23:54.210,0.77049,0.77068,1.13,2.25
2013.08.22 09:23:54.390,0.77049,0.77069,1.13,1.50
2013.08.22 09:23:55.200,0.77049,0.77069,1.13,2.63
2013.08.22 09:23:55.320,0.77044,0.77067,2.82,1.50
2013.08.22 09:23:55.980,0.77044,0.77067,2.07,1.50
2013.08.22 09:23:56.520,0.77045,0.77069,1.32,2.63
2013.08.22 09:23:57.037,0.77045,0.77068,1.32,1.13
2013.08.22 09:23:57.395,0.77045,0.77066,1.32,1.50
2013.08.22 09:23:57.722,0.77045,0.77066,1.32,1.50
2013.08.22 09:23:58.327,0.77044,0.77068,2.07,1.50
2013.08.22 09:23:58.630,0.77047,0.77068,1.32,2.25
2013.08.22 09:24:00.810,0.77046,0.77068,1.32,2.63
2013.08.22 09:24:01.490,0.77044,0.77068,2.82,2.25
2013.08.22 09:24:01.731,0.77044,0.77065,1.32,1.50
2013.08.22 09:24:02.091,0.77044,0.77062,3.57,1.50
2013.08.22 09:24:04.052,0.77044,0.77062,2.07,2.25
2013.08.22 09:24:04.410,0.7704,0.7706,1.32,2.25
2013.08.22 09:24:04.470,0.7704,0.7706,1.32,2.25
2013.08.22 09:24:04.710,0.77039,0.77058,3.38,1.50
2013.08.22 09:24:05.010,0.77039,0.77058,1.88,1.50
2013.08.22 09:24:05.210,0.7704,0.77058,1.13,1.50
2013.08.22 09:24:05.708,0.77039,0.77055,1.88,1.50
2013.08.22 09:24:05.893,0.77038,0.77052,1.13,1.50
2013.08.22 09:24:06.191,0.77038,0.77058,1.13,1.69
2013.08.22 09:24:07.366,0.77039,0.77058,1.13,1.69
2013.08.22 09:24:09.715,0.77039,0.77058,1.13,1.69
2013.08.22 09:24:10.011,0.77038,0.77059,1.88,1.50
2013.08.22 09:24:10.310,0.77039,0.77058,1.88,1.50
2013.08.22 09:24:10.721,0.77039,0.77057,1.88,1.50
2013.08.22 09:24:12.362,0.7704,0.77057,1.13,1.50
2013.08.22 09:24:12.425,0.77039,0.77057,1.13,1.50
2013.08.22 09:24:13.343,0.77039,0.77055,1.13,1.50
2013.08.22 09:24:13.641,0.77034,0.77052,1.13,1.50
2013.08.22 09:24:13.701,0.77036,0.77052,1.13,1.50
2013.08.22 09:24:13.880,0.77036,0.77054,1.13,1.50
2013.08.22 09:24:14.060,0.77034,0.77054,1.32,1.50
2013.08.22 09:24:14.480,0.77033,0.77054,2.07,1.50
2013.08.22 09:24:14.989,0.77032,0.77053,1.32,2.25
2013.08.22 09:24:15.201,0.77032,0.77053,1.32,2.25
2013.08.22 09:24:16.570,0.77032,0.77055,3.57,2.44
2013.08.22 09:24:17.020,0.77037,0.77058,1.13,2.44
2013.08.22 09:24:17.412,0.77037,0.77058,1.88,2.44
2013.08.22 09:24:17.471,0.77037,0.77058,1.88,2.25
2013.08.22 09:24:17.530,0.77037,0.77058,1.88,3.38
2013.08.22 09:24:17.590,0.77036,0.77056,2.82,3.00
2013.08.22 09:24:17.830,0.77036,0.77056,1.13,1.69
2013.08.22 09:24:17.891,0.77036,0.77057,1.13,2.82
2013.08.22 09:24:18.430,0.77037,0.77058,1.13,1.50
2013.08.22 09:24:20.980,0.77036,0.77058,1.88,1.88
2013.08.22 09:24:22.090,0.77036,0.77059,1.88,2.82
2013.08.22 09:24:22.400,0.77036,0.77057,1.88,1.50
2013.08.22 09:24:22.520,0.77033,0.77053,1.32,1.13
2013.08.22 09:24:22.700,0.77033,0.77053,1.13,1.88
2013.08.22 09:24:22.880,0.7703,0.77051,1.88,1.13
2013.08.22 09:24:27.760,0.7703,0.77053,1.13,1.50
2013.08.22 09:24:28.870,0.77031,0.77053,1.13,1.50
2013.08.22 09:24:29.488,0.77031,0.77053,1.13,1.50
2013.08.22 09:24:29.563,0.77034,0.77056,1.13,1.13
2013.08.22 09:24:30.921,0.77035,0.77057,1.13,1.50
2013.08.22 09:24:31.460,0.77033,0.77057,1.32,1.50
2013.08.22 09:24:32.923,0.77033,0.77057,1.32,1.50
2013.08.22 09:24:33.491,0.77034,0.77057,1.32,1.50
2013.08.22 09:24:34.132,0.77034,0.77057,1.32,1.50
2013.08.22 09:24:34.400,0.77038,0.7706,1.88,1.69
2013.08.22 09:24:34.911,0.77038,0.7706,1.88,1.69
2013.08.22 09:24:35.769,0.77034,0.77057,2.82,1.50
2013.08.22 09:24:37.130,0.77036,0.7706,1.88,1.69
2013.08.22 09:24:37.253,0.77036,0.7706,1.13,3.75
2013.08.22 09:24:37.610,0.77034,0.77056,1.13,2.07
2013.08.22 09:24:37.910,0.77031,0.77053,1.13,1.69
2013.08.22 09:24:38.501,0.7703,0.77054,1.88,2.44
2013.08.22 09:24:38.891,0.7703,0.77054,2.07,2.25
2013.08.22 09:24:39.724,0.7703,0.77054,2.07,2.25
2013.08.22 09:24:40.251,0.77032,0.77054,1.13,1.50
2013.08.22 09:24:40.800,0.77033,0.77054,1.13,1.50
2013.08.22 09:24:41.740,0.77033,0.77054,1.13,1.50
2013.08.22 09:24:42.712,0.77033,0.77054,1.13,1.50
2013.08.22 09:24:43.071,0.77033,0.77055,1.13,1.50
2013.08.22 09:24:43.501,0.77035,0.77058,1.13,1.50
2013.08.22 09:24:43.620,0.77035,0.77058,1.13,1.50
2013.08.22 09:24:43.860,0.77038,0.77059,1.13,2.25
2013.08.22 09:24:44.402,0.77038,0.77059,1.13,1.50
2013.08.22 09:24:44.521,0.77038,0.77059,1.13,1.50
2013.08.22 09:24:45.300,0.77038,0.7706,1.13,1.69
2013.08.22 09:24:45.661,0.77042,0.77063,1.13,2.25
2013.08.22 09:24:45.842,0.77042,0.77063,1.13,1.50
2013.08.22 09:24:45.960,0.77041,0.77063,1.32,1.50
2013.08.22 09:24:46.160,0.7704,0.77063,1.32,2.44
2013.08.22 09:24:46.401,0.77037,0.77061,2.25,1.69
2013.08.22 09:24:46.960,0.77035,0.77059,1.32,2.25
2013.08.22 09:24:47.520,0.77035,0.77059,1.32,2.25
2013.08.22 09:24:47.830,0.77038,0.7706,1.13,1.50
2013.08.22 09:24:47.950,0.7704,0.77063,1.13,2.44
2013.08.22 09:24:50.011,0.77038,0.77062,2.07,1.69
2013.08.22 09:24:50.070,0.77038,0.77062,2.07,3.19
2013.08.22 09:24:50.190,0.77036,0.77059,2.25,2.63
2013.08.22 09:24:50.490,0.77034,0.77055,1.13,2.07
2013.08.22 09:24:50.670,0.77032,0.77054,1.13,1.69
2013.08.22 09:24:51.450,0.77033,0.77054,1.13,1.50
2013.08.22 09:24:51.571,0.77033,0.77054,1.13,1.69
2013.08.22 09:24:51.930,0.77037,0.77059,1.88,1.50
2013.08.22 09:24:52.291,0.77039,0.77061,1.13,1.13
2013.08.22 09:24:52.493,0.77039,0.77061,1.13,1.13
2013.08.22 09:24:53.500,0.77039,0.77063,1.13,1.69
2013.08.22 09:24:54.152,0.7704,0.77064,1.88,3.19
2013.08.22 09:24:54.916,0.7704,0.7706,1.13,1.13
2013.08.22 09:24:54.980,0.77037,0.7706,1.50,1.13
2013.08.22 09:24:55.821,0.77037,0.7706,2.25,2.07
2013.08.22 09:24:56.180,0.77043,0.7706,1.50,1.13
2013.08.22 09:24:56.623,0.77043,0.77063,1.50,2.07
2013.08.22 09:24:57.018,0.7704,0.77064,1.50,2.25
2013.08.22 09:24:58.293,0.7704,0.77064,1.50,2.25
2013.08.22 09:24:58.832,0.77039,0.77063,1.88,2.44
2013.08.22 09:24:59.371,0.7704,0.77062,1.50,1.50
2013.08.22 09:24:59.671,0.77046,0.77067,1.50,1.69
2013.08.22 09:25:00.412,0.77047,0.77068,1.50,1.50
2013.08.22 09:25:00.471,0.77049,0.77071,1.88,1.50
2013.08.22 09:25:00.773,0.77054,0.77076,2.25,1.50
2013.08.22 09:25:00.891,0.77056,0.77078,1.50,1.50
2013.08.22 09:25:01.510,0.77054,0.77078,2.25,2.25
2013.08.22 09:25:01.570,0.77053,0.77077,2.25,1.50
2013.08.22 09:25:02.581,0.77053,0.77077,2.25,1.50
2013.08.22 09:25:03.092,0.77053,0.77077,3.00,1.50
2013.08.22 09:25:03.701,0.77053,0.77077,3.00,1.50
2013.08.22 09:25:03.880,0.77051,0.77075,2.44,1.50
2013.08.22 09:25:04.240,0.77052,0.77072,1.50,2.25
2013.08.22 09:25:04.300,0.77052,0.77074,1.50,1.50
2013.08.22 09:25:04.786,0.77053,0.77077,2.25,2.25
2013.08.22 09:25:04.971,0.77054,0.77077,1.50,1.50
2013.08.22 09:25:05.501,0.77053,0.77077,2.25,1.50
2013.08.22 09:25:06.144,0.77054,0.77074,1.50,1.50
2013.08.22 09:25:06.706,0.77053,0.77074,1.50,1.50
2013.08.22 09:25:07.540,0.77053,0.77074,1.50,1.50
2013.08.22 09:25:08.730,0.77053,0.77074,1.50,1.50
2013.08.22 09:25:09.270,0.77056,0.77074,1.13,1.50
2013.08.22 09:25:09.910,0.77053,0.77074,1.50,2.25
2013.08.22 09:25:10.090,0.7705,0.77072,1.88,2.25
2013.08.22 09:25:10.150,0.77049,0.77072,1.50,2.25
2013.08.22 09:25:10.270,0.77048,0.77072,2.25,3.75
2013.08.22 09:25:10.863,0.77047,0.7707,2.25,1.50
2013.08.22 09:25:11.380,0.77048,0.77072,1.50,1.50
2013.08.22 09:25:16.602,0.7705,0.77074,1.50,1.50
2013.08.22 09:25:16.841,0.77049,0.77073,1.50,2.25
2013.08.22 09:25:16.960,0.77048,0.77072,3.00,1.50
2013.08.22 09:25:20.810,0.77049,0.77073,1.50,2.25
2013.08.22 09:25:20.931,0.77049,0.77073,3.75,1.50
2013.08.22 09:25:23.383,0.77052,0.77074,1.13,1.50
2013.08.22 09:25:23.501,0.77056,0.77077,1.50,2.25
2013.08.22 09:25:23.561,0.77056,0.77077,3.75,1.50
2013.08.22 09:25:23.622,0.77058,0.7708,1.50,1.50
2013.08.22 09:25:24.205,0.77058,0.77081,1.50,1.50
2013.08.22 09:25:25.910,0.77059,0.77082,1.50,1.50
2013.08.22 09:25:27.882,0.77059,0.77082,1.50,1.50
2013.08.22 09:25:28.240,0.77056,0.77078,1.50,1.50
2013.08.22 09:25:28.930,0.77056,0.77078,1.50,1.50
2013.08.22 09:25:29.430,0.77057,0.77081,1.50,2.25
2013.08.22 09:25:29.850,0.77052,0.77076,2.44,1.50
2013.08.22 09:25:29.970,0.77052,0.77076,1.50,1.50
2013.08.22 09:25:30.151,0.77051,0.77074,1.50,2.25
2013.08.22 09:25:30.330,0.77049,0.77073,1.50,3.00
2013.08.22 09:25:30.390,0.77048,0.77072,1.88,1.50
2013.08.22 09:25:30.946,0.77049,0.77073,1.88,2.44
2013.08.22 09:25:31.250,0.77052,0.77077,1.50,1.69
2013.08.22 09:25:31.790,0.77053,0.77077,2.25,1.69
2013.08.22 09:25:32.171,0.77054,0.77077,1.50,2.44
2013.08.22 09:25:32.350,0.77054,0.77076,1.50,1.50
2013.08.22 09:25:32.710,0.7705,0.77073,1.88,1.50
2013.08.22 09:25:33.642,0.77051,0.77075,1.13,1.50
2013.08.22 09:25:34.440,0.77051,0.77071,1.13,1.88
2013.08.22 09:25:34.623,0.77049,0.77071,1.13,2.07
2013.08.22 09:25:34.859,0.77047,0.7707,1.50,3.00
2013.08.22 09:25:35.870,0.77047,0.7707,3.75,2.07
2013.08.22 09:25:35.990,0.77049,0.77071,1.50,1.88
2013.08.22 09:25:36.110,0.77049,0.77071,1.50,2.63
2013.08.22 09:25:36.350,0.77049,0.77071,1.50,1.32
2013.08.22 09:25:37.611,0.77049,0.77071,1.50,2.07
2013.08.22 09:25:38.650,0.77049,0.7707,1.50,1.13
2013.08.22 09:25:38.770,0.77044,0.77066,2.07,1.13
2013.08.22 09:25:38.891,0.77042,0.77064,2.07,1.13
2013.08.22 09:25:39.190,0.77045,0.77066,1.13,1.32
2013.08.22 09:25:39.250,0.77045,0.77067,1.13,1.50
2013.08.22 09:25:39.311,0.77047,0.77069,2.63,2.44
2013.08.22 09:25:39.669,0.77048,0.77071,2.25,1.32
2013.08.22 09:25:39.850,0.77051,0.77072,1.50,1.32
2013.08.22 09:25:41.291,0.77051,0.77072,1.50,1.32
2013.08.22 09:25:44.157,0.77052,0.77073,1.50,1.32
2013.08.22 09:25:44.500,0.77052,0.77072,1.50,1.32
2013.08.22 09:25:44.620,0.77051,0.77072,1.50,1.13
2013.08.22 09:25:45.911,0.7705,0.77072,1.88,1.88
2013.08.22 09:25:46.950,0.7705,0.77069,1.13,1.50
2013.08.22 09:25:47.921,0.7705,0.77072,1.13,1.32
2013.08.22 09:25:49.031,0.7705,0.77073,1.13,2.07
2013.08.22 09:25:49.862,0.77051,0.77073,2.25,1.32
2013.08.22 09:25:53.940,0.7705,0.77073,1.50,2.25
2013.08.22 09:25:54.497,0.7705,0.77073,1.50,1.88
2013.08.22 09:25:54.560,0.7705,0.77073,1.50,1.88
2013.08.22 09:25:58.841,0.77052,0.77073,2.25,1.88
2013.08.22 09:25:59.200,0.7705,0.77073,1.69,1.13
2013.08.22 09:26:03.773,0.7705,0.77073,1.50,1.32
2013.08.22 09:26:04.434,0.7705,0.77073,1.50,1.32
2013.08.22 09:26:04.505,0.7705,0.77073,1.50,1.32
2013.08.22 09:26:07.391,0.77049,0.77068,1.50,1.13
2013.08.22 09:26:07.571,0.77047,0.77068,1.50,1.32
2013.08.22 09:26:07.631,0.77045,0.77068,1.50,2.82
2013.08.22 09:26:09.561,0.77042,0.77065,1.50,1.32
2013.08.22 09:26:10.412,0.77042,0.77066,1.88,2.44
2013.08.22 09:26:11.090,0.77042,0.77066,1.88,2.44
2013.08.22 09:26:11.850,0.77042,0.77066,1.88,1.69
2013.08.22 09:26:11.910,0.77043,0.77067,1.50,1.69
2013.08.22 09:26:12.030,0.77044,0.77067,1.88,1.69
2013.08.22 09:26:12.280,0.77046,0.77068,2.25,1.69
2013.08.22 09:26:12.730,0.77046,0.77068,1.50,1.50
2013.08.22 09:26:12.911,0.77049,0.77068,1.50,1.50
2013.08.22 09:26:12.971,0.77049,0.77069,1.50,1.13
2013.08.22 09:26:13.510,0.77049,0.77069,1.88,1.32
2013.08.22 09:26:13.630,0.77047,0.77069,1.88,2.07
2013.08.22 09:26:14.051,0.77047,0.77069,1.50,2.44
2013.08.22 09:26:14.110,0.77044,0.77068,1.50,1.32
2013.08.22 09:26:14.660,0.77043,0.77067,1.88,2.44
2013.08.22 09:26:15.061,0.77043,0.77065,1.88,1.50
2013.08.22 09:26:16.850,0.77043,0.77066,1.88,1.50
2013.08.22 09:26:16.910,0.77044,0.77066,1.88,1.50
2013.08.22 09:26:17.571,0.77043,0.77068,1.13,3.19
2013.08.22 09:26:17.930,0.77048,0.77064,1.50,1.50
2013.08.22 09:26:18.050,0.77048,0.77068,1.50,1.13
2013.08.22 09:26:18.109,0.77048,0.77071,1.13,1.69
2013.08.22 09:26:18.850,0.77049,0.7707,1.13,1.13
2013.08.22 09:26:18.910,0.77049,0.7707,1.13,1.13
2013.08.22 09:26:19.720,0.77047,0.77069,1.50,1.32
2013.08.22 09:26:20.752,0.77047,0.7707,2.25,2.07
2013.08.22 09:26:20.810,0.77048,0.7707,1.13,1.32
2013.08.22 09:26:20.870,0.77049,0.77071,1.88,2.07
2013.08.22 09:26:21.052,0.77052,0.77073,1.13,1.69
2013.08.22 09:26:21.371,0.77057,0.77076,1.13,3.57
2013.08.22 09:26:21.554,0.77057,0.77078,1.13,2.07
2013.08.22 09:26:21.920,0.77056,0.77077,1.13,1.69
2013.08.22 09:26:22.472,0.77054,0.77078,1.13,2.25
2013.08.22 09:26:23.010,0.77055,0.77078,1.13,1.50
2013.08.22 09:26:23.680,0.77056,0.77079,1.50,2.44
2013.08.22 09:26:23.860,0.77058,0.7708,1.13,1.50
2013.08.22 09:26:25.850,0.77058,0.77081,2.44,1.50
2013.08.22 09:26:25.970,0.7706,0.77084,1.50,2.44
2013.08.22 09:26:26.090,0.77061,0.77084,1.50,2.44
2013.08.22 09:26:26.450,0.77067,0.77085,1.13,1.69
2013.08.22 09:26:26.810,0.77065,0.77088,1.13,2.44
2013.08.22 09:26:26.870,0.77064,0.77087,1.13,1.69
2013.08.22 09:26:26.931,0.77064,0.77087,1.13,1.69
2013.08.22 09:26:27.290,0.77064,0.77086,1.13,2.25
2013.08.22 09:26:27.801,0.77063,0.77085,2.44,1.50
2013.08.22 09:26:27.860,0.77065,0.77088,1.32,2.25
2013.08.22 09:26:28.432,0.77067,0.77088,1.13,1.50
2013.08.22 09:26:28.960,0.77067,0.7709,1.88,2.25
2013.08.22 09:26:29.841,0.77067,0.7709,1.88,2.25
2013.08.22 09:26:29.960,0.77065,0.77088,1.32,2.25
2013.08.22 09:26:30.021,0.77064,0.77086,1.13,2.25
2013.08.22 09:26:30.201,0.77062,0.77083,2.22,1.50
2013.08.22 09:26:30.441,0.77057,0.77081,4.09,1.50
2013.08.22 09:26:30.980,0.7706,0.77081,1.09,1.50
2013.08.22 09:26:33.043,0.77061,0.77081,1.13,1.50
2013.08.22 09:26:33.280,0.77063,0.77083,1.13,1.50
2013.08.22 09:26:33.400,0.77061,0.77084,1.50,1.69
2013.08.22 09:26:34.415,0.7706,0.77083,2.07,1.50
2013.08.22 09:26:34.470,0.77061,0.77083,1.69,1.50
2013.08.22 09:26:34.772,0.77063,0.77084,1.13,2.25
2013.08.22 09:26:34.831,0.77061,0.77084,1.32,2.25
2013.08.22 09:26:35.467,0.7706,0.77084,1.13,3.19
2013.08.22 09:26:35.603,0.77058,0.77082,1.69,1.50
2013.08.22 09:26:35.920,0.77058,0.77082,2.07,1.50
2013.08.22 09:26:36.220,0.77059,0.77084,4.32,1.50
2013.08.22 09:26:36.400,0.77061,0.77085,2.07,1.69
2013.08.22 09:26:36.460,0.77061,0.77085,2.07,1.50
2013.08.22 09:26:37.126,0.77063,0.77087,1.13,2.44
2013.08.22 09:26:37.641,0.77063,0.77085,1.69,1.50
2013.08.22 09:26:37.822,0.77063,0.77085,1.69,1.50
2013.08.22 09:26:38.000,0.77066,0.77088,1.13,1.69
2013.08.22 09:26:39.091,0.77065,0.77086,1.13,1.50
2013.08.22 09:26:39.642,0.77065,0.77086,1.13,1.50
2013.08.22 09:26:39.852,0.77065,0.77086,1.13,1.50
2013.08.22 09:26:40.890,0.77065,0.77086,1.13,1.50
2013.08.22 09:26:41.018,0.77067,0.77088,1.13,3.00
2013.08.22 09:26:41.690,0.77067,0.77086,1.13,1.69
2013.08.22 09:26:42.010,0.77066,0.77084,1.13,1.50
2013.08.22 09:26:42.696,0.77061,0.77083,1.13,1.13
2013.08.22 09:26:43.100,0.77061,0.77083,1.13,1.13
2013.08.22 09:26:43.282,0.77062,0.77084,1.13,2.63
2013.08.22 09:26:43.400,0.77062,0.77084,1.13,1.88
2013.08.22 09:26:44.050,0.77062,0.77084,1.50,1.50
2013.08.22 09:26:44.410,0.77066,0.77088,1.13,1.50
2013.08.22 09:26:44.470,0.77066,0.77089,1.13,2.44
2013.08.22 09:26:45.011,0.77068,0.77089,1.13,1.69
2013.08.22 09:26:45.624,0.77066,0.77089,2.07,1.50
2013.08.22 09:26:46.840,0.77067,0.7709,1.13,1.50
2013.08.22 09:26:47.778,0.77067,0.77091,1.88,2.07
2013.08.22 09:26:47.840,0.77067,0.7709,1.88,1.50
2013.08.22 09:26:48.672,0.77067,0.7709,1.50,1.50
2013.08.22 09:26:48.980,0.77068,0.77091,1.50,1.88
2013.08.22 09:26:50.162,0.77069,0.77091,1.13,2.25
2013.08.22 09:26:50.350,0.77066,0.77089,1.88,2.07
2013.08.22 09:26:50.472,0.77066,0.77087,1.88,1.13
2013.08.22 09:26:50.830,0.77064,0.77087,1.13,3.19
2013.08.22 09:26:51.190,0.7706,0.77082,1.32,1.13
2013.08.22 09:26:51.250,0.77061,0.77083,1.32,1.13
2013.08.22 09:26:51.430,0.77061,0.77083,1.32,1.13
2013.08.22 09:26:52.009,0.77061,0.77084,1.32,2.25
2013.08.22 09:26:52.699,0.77061,0.77084,1.69,2.25
2013.08.22 09:26:53.215,0.77063,0.77084,1.13,1.50
2013.08.22 09:26:55.490,0.77063,0.77084,1.13,1.50
2013.08.22 09:26:56.020,0.77062,0.77084,1.13,1.50
2013.08.22 09:26:56.811,0.77063,0.77086,1.50,1.69
2013.08.22 09:26:57.730,0.77066,0.77086,1.13,1.69
2013.08.22 09:26:57.850,0.77066,0.77089,1.13,2.44
2013.08.22 09:26:58.090,0.77068,0.7709,1.13,1.50
2013.08.22 09:27:00.121,0.7707,0.77093,1.50,1.69
2013.08.22 09:27:01.733,0.77072,0.77093,1.13,1.50
2013.08.22 09:27:02.031,0.77069,0.77093,1.13,1.50
2013.08.22 09:27:05.677,0.77068,0.77089,1.32,1.88
2013.08.22 09:27:05.860,0.77069,0.77089,1.69,1.13
2013.08.22 09:27:05.920,0.77069,0.77089,1.13,1.13
2013.08.22 09:27:07.210,0.77069,0.7709,1.13,1.32
2013.08.22 09:27:07.581,0.7707,0.77091,1.50,1.50
2013.08.22 09:27:07.702,0.77072,0.77094,2.25,2.44
2013.08.22 09:27:08.010,0.77073,0.77094,1.50,1.13
2013.08.22 09:27:08.640,0.77073,0.77095,1.13,2.07
2013.08.22 09:27:08.702,0.77072,0.77095,1.88,2.82
2013.08.22 09:27:08.764,0.77072,0.77095,1.88,2.44
2013.08.22 09:27:09.850,0.77074,0.77097,1.50,2.44
2013.08.22 09:27:10.612,0.77074,0.77097,1.13,1.69
2013.08.22 09:27:12.621,0.77074,0.77097,1.13,1.69
2013.08.22 09:27:12.932,0.77072,0.77095,1.88,2.25
2013.08.22 09:27:13.687,0.77072,0.77095,1.88,2.25
2013.08.22 09:27:13.823,0.77072,0.77095,2.07,2.63
2013.08.22 09:27:14.580,0.77072,0.77094,2.07,1.13
2013.08.22 09:27:15.720,0.77073,0.77098,1.13,1.69
2013.08.22 09:27:15.890,0.77073,0.77098,1.13,1.69
2013.08.22 09:27:16.320,0.77076,0.77099,1.88,3.00
2013.08.22 09:27:18.550,0.77076,0.77099,1.88,2.44
2013.08.22 09:27:18.670,0.77076,0.77099,1.13,3.19
2013.08.22 09:27:20.150,0.77074,0.77097,1.88,1.69
2013.08.22 09:27:20.510,0.77071,0.77094,1.32,3.00
2013.08.22 09:27:20.930,0.77073,0.77095,1.13,1.50
2013.08.22 09:27:20.990,0.77073,0.77094,1.13,1.13
2013.08.22 09:27:21.291,0.77072,0.77089,1.13,1.13
2013.08.22 09:27:22.280,0.7707,0.77091,1.13,1.13
2013.08.22 09:27:22.830,0.7707,0.77092,1.88,1.50
2013.08.22 09:27:24.290,0.77072,0.77093,1.13,1.88
2013.08.22 09:27:24.470,0.77071,0.77092,1.32,1.13
2013.08.22 09:27:25.177,0.7707,0.7709,2.07,1.13
2013.08.22 09:27:25.481,0.7707,0.77089,1.13,1.13
2013.08.22 09:27:26.810,0.7707,0.77089,1.88,1.13
2013.08.22 09:27:27.571,0.7707,0.77088,1.13,1.13
2013.08.22 09:27:28.650,0.7707,0.77088,1.13,1.13
2013.08.22 09:27:29.961,0.77069,0.77088,1.88,1.13
2013.08.22 09:27:30.230,0.7707,0.77088,1.13,1.13
2013.08.22 09:27:30.550,0.77071,0.7709,1.13,1.13
2013.08.22 09:27:30.870,0.77071,0.7709,1.88,1.13
2013.08.22 09:27:33.430,0.77071,0.77086,1.13,1.13
2013.08.22 09:27:33.551,0.77067,0.77084,1.13,1.50
2013.08.22 09:27:33.614,0.77063,0.77083,2.63,3.00
2013.08.22 09:27:33.743,0.77062,0.7708,1.50,1.13
2013.08.22 09:27:33.982,0.7706,0.77079,1.13,1.13
2013.08.22 09:27:38.760,0.77058,0.77079,2.07,1.13
2013.08.22 09:27:40.240,0.77058,0.77081,2.82,2.25
2013.08.22 09:27:40.660,0.77062,0.77086,1.88,2.07
2013.08.22 09:27:41.240,0.77062,0.77086,1.88,2.07
2013.08.22 09:27:44.322,0.77062,0.77086,1.88,2.82
2013.08.22 09:27:44.740,0.7706,0.77083,1.13,1.13
2013.08.22 09:27:45.991,0.77059,0.77083,1.32,2.25
2013.08.22 09:27:47.070,0.77059,0.77082,1.13,1.50
2013.08.22 09:27:49.820,0.77059,0.77082,1.13,1.69
2013.08.22 09:27:49.880,0.77058,0.77082,1.50,2.07
2013.08.22 09:27:50.180,0.77055,0.77076,1.13,1.13
2013.08.22 09:27:50.541,0.77052,0.77075,1.69,2.25
2013.08.22 09:27:51.861,0.77055,0.77076,1.88,1.13
2013.08.22 09:27:55.442,0.77055,0.77073,2.63,1.13
2013.08.22 09:27:55.980,0.77057,0.77075,1.50,1.13
2013.08.22 09:27:56.163,0.77055,0.77074,1.88,1.13
2013.08.22 09:27:57.203,0.77055,0.77073,1.88,1.50
2013.08.22 09:27:57.980,0.77053,0.77073,1.13,1.50
2013.08.22 09:27:59.954,0.77054,0.77073,1.13,1.88
2013.08.22 09:28:00.441,0.77054,0.77073,1.13,1.50
2013.08.22 09:28:00.950,0.77054,0.77073,1.13,1.50
2013.08.22 09:28:06.670,0.77056,0.77074,2.63,1.50
2013.08.22 09:28:06.971,0.7706,0.77076,1.13,1.50
2013.08.22 09:28:07.210,0.77062,0.77079,1.13,1.50
2013.08.22 09:28:09.471,0.7706,0.77079,1.13,1.88
2013.08.22 09:28:09.531,0.77059,0.77078,1.32,1.50
2013.08.22 09:28:09.591,0.77055,0.77078,1.13,2.07
2013.08.22 09:28:09.731,0.77055,0.77074,1.13,1.13
2013.08.22 09:28:12.382,0.77053,0.77074,1.13,1.50
2013.08.22 09:28:12.742,0.77053,0.77074,1.13,2.07
2013.08.22 09:28:13.100,0.77052,0.77074,1.13,1.69
2013.08.22 09:28:13.161,0.77055,0.77074,1.13,1.69
2013.08.22 09:28:14.590,0.77055,0.77074,1.13,1.69
2013.08.22 09:28:14.830,0.77053,0.77074,1.13,1.69
2013.08.22 09:28:15.364,0.77055,0.77074,1.88,2.07
2013.08.22 09:28:17.641,0.77055,0.77074,1.88,2.07
2013.08.22 09:28:17.760,0.77053,0.77071,1.13,1.13
2013.08.22 09:28:18.002,0.77048,0.77069,1.13,1.50
2013.08.22 09:28:19.601,0.77049,0.77069,1.50,1.50
2013.08.22 09:28:19.840,0.77049,0.77067,1.50,1.13
2013.08.22 09:28:20.360,0.77046,0.77067,1.88,1.13
2013.08.22 09:28:21.000,0.77046,0.77066,1.50,1.13
2013.08.22 09:28:21.960,0.77046,0.77066,1.88,1.13
2013.08.22 09:28:26.601,0.77047,0.77069,1.13,2.07
2013.08.22 09:28:27.239,0.77047,0.77068,1.13,1.32
2013.08.22 09:28:27.780,0.77047,0.77069,1.13,1.69
2013.08.22 09:28:28.428,0.77047,0.77069,1.13,1.69
2013.08.22 09:28:35.061,0.77049,0.77069,1.13,1.50
2013.08.22 09:28:35.361,0.77052,0.77069,1.88,1.50
2013.08.22 09:28:35.901,0.77049,0.77069,1.88,1.69
2013.08.22 09:28:36.448,0.77052,0.7707,1.13,1.50
2013.08.22 09:28:36.511,0.77052,0.7707,1.13,1.50
2013.08.22 09:28:36.870,0.77054,0.77073,1.13,1.69
2013.08.22 09:28:37.681,0.77054,0.77073,1.13,1.69
2013.08.22 09:28:38.100,0.77058,0.77073,1.13,1.50
2013.08.22 09:28:38.810,0.77058,0.77073,1.13,1.50
2013.08.22 09:28:39.644,0.77058,0.77073,1.13,1.50
2013.08.22 09:28:40.680,0.77058,0.77074,1.13,1.50
2013.08.22 09:28:41.740,0.77058,0.77074,1.13,1.50
2013.08.22 09:28:45.051,0.77058,0.77079,1.13,1.69
2013.08.22 09:28:45.602,0.77058,0.77078,1.32,1.88
2013.08.22 09:28:46.660,0.7706,0.77078,1.13,1.88
2013.08.22 09:28:47.575,0.7706,0.77078,1.13,1.50
2013.08.22 09:28:48.651,0.7706,0.77078,1.13,1.69
2013.08.22 09:28:48.830,0.7706,0.77078,1.13,1.50
2013.08.22 09:28:49.880,0.7706,0.77078,1.13,1.50
2013.08.22 09:28:50.450,0.7706,0.77076,1.13,1.50
2013.08.22 09:28:50.630,0.7706,0.77078,1.13,1.50
2013.08.22 09:28:51.970,0.7706,0.77078,1.13,1.50
2013.08.22 09:28:57.131,0.7706,0.77078,1.13,1.50
2013.08.22 09:28:57.361,0.77064,0.77078,1.13,1.50
2013.08.22 09:28:57.761,0.77067,0.77078,2.25,1.50
2013.08.22 09:28:57.880,0.7707,0.77083,1.13,1.50
2013.08.22 09:28:57.940,0.7707,0.77083,1.13,1.50
2013.08.22 09:28:59.241,0.77068,0.77083,1.13,1.50
2013.08.22 09:28:59.900,0.77068,0.77083,1.13,1.50
2013.08.22 09:29:01.093,0.77068,0.77083,1.13,1.50
2013.08.22 09:29:02.617,0.77067,0.77082,1.50,1.50
2013.08.22 09:29:02.683,0.77067,0.77082,1.13,1.50
2013.08.22 09:29:02.802,0.77064,0.7708,1.13,1.50
2013.08.22 09:29:02.862,0.77062,0.7708,1.13,1.50
2013.08.22 09:29:03.474,0.7706,0.77078,2.07,1.50
2013.08.22 09:29:05.713,0.7706,0.77078,2.07,1.50
2013.08.22 09:29:12.594,0.7706,0.77077,1.88,1.50
2013.08.22 09:29:13.121,0.7706,0.77076,1.88,1.50
2013.08.22 09:29:13.481,0.77063,0.77084,1.88,2.44
2013.08.22 09:29:13.662,0.77067,0.77084,1.13,1.50
2013.08.22 09:29:13.721,0.77068,0.77087,1.13,1.50
2013.08.22 09:29:13.900,0.77068,0.77087,1.88,1.50
2013.08.22 09:29:14.202,0.77068,0.77087,1.88,1.50
2013.08.22 09:29:14.441,0.77068,0.77086,1.13,1.50
2013.08.22 09:29:14.770,0.77068,0.77086,1.88,1.50
2013.08.22 09:29:15.190,0.77065,0.77084,2.63,1.50
2013.08.22 09:29:15.953,0.77068,0.77086,1.13,1.50
2013.08.22 09:29:18.540,0.7707,0.77086,1.13,1.50
2013.08.22 09:29:20.341,0.7707,0.77089,1.88,1.50
2013.08.22 09:29:23.682,0.7707,0.77089,1.88,1.50
2013.08.22 09:29:24.787,0.7707,0.77089,1.88,1.50
2013.08.22 09:29:26.722,0.7707,0.77089,1.88,1.50
2013.08.22 09:29:30.430,0.77072,0.77089,1.13,1.50
2013.08.22 09:29:30.490,0.77072,0.77089,1.13,1.50
2013.08.22 09:29:30.770,0.77073,0.77089,1.13,1.50
2013.08.22 09:29:34.101,0.7707,0.77089,1.13,1.50
2013.08.22 09:29:34.701,0.77068,0.77083,1.13,1.50
2013.08.22 09:29:35.031,0.77068,0.77083,1.88,1.50
2013.08.22 09:29:35.614,0.77068,0.77083,1.13,1.50
2013.08.22 09:29:36.790,0.77071,0.77083,1.13,1.50
2013.08.22 09:29:36.850,0.77069,0.77083,1.13,1.50
2013.08.22 09:29:37.650,0.7707,0.77085,1.88,1.50
2013.08.22 09:29:39.540,0.7707,0.77085,1.88,1.50
2013.08.22 09:29:40.080,0.77073,0.77086,1.13,1.50
2013.08.22 09:29:40.940,0.77071,0.77086,1.13,1.50
2013.08.22 09:29:41.300,0.77067,0.77083,1.13,1.50
2013.08.22 09:29:41.541,0.77071,0.77091,1.88,1.50
2013.08.22 09:29:41.600,0.77072,0.77093,1.50,1.69
2013.08.22 09:29:41.781,0.77073,0.77094,1.50,1.50
2013.08.22 09:29:42.321,0.77075,0.77098,1.50,2.44
2013.08.22 09:29:47.011,0.77076,0.77098,1.50,2.44
2013.08.22 09:29:47.250,0.77078,0.77098,1.50,1.69
2013.08.22 09:29:47.370,0.77076,0.77098,2.25,1.69
2013.08.22 09:29:48.760,0.77077,0.77098,1.50,1.69
2013.08.22 09:29:49.710,0.77075,0.77098,2.25,2.44
2013.08.22 09:29:53.381,0.77077,0.77098,1.50,1.50
2013.08.22 09:29:53.620,0.77079,0.771,2.25,1.50
2013.08.22 09:29:54.249,0.7708,0.77103,2.63,3.57
2013.08.22 09:29:55.810,0.7708,0.77103,2.63,3.57
2013.08.22 09:29:56.372,0.77079,0.77101,1.13,1.50
2013.08.22 09:29:56.923,0.77081,0.77103,1.13,2.82
2013.08.22 09:29:57.788,0.77081,0.77103,1.13,2.82
2013.08.22 09:29:58.300,0.77082,0.77103,1.13,2.82
2013.08.22 09:29:59.580,0.77082,0.77103,1.13,2.82
2013.08.22 09:30:00.130,0.77082,0.77103,1.13,2.44
2013.08.22 09:30:00.460,0.77078,0.77098,1.50,1.50
2013.08.22 09:30:00.520,0.77077,0.77096,1.50,1.50
2013.08.22 09:30:00.701,0.77075,0.77095,1.50,1.69
2013.08.22 09:30:00.762,0.77071,0.77095,1.13,2.44
2013.08.22 09:30:01.263,0.77071,0.77094,1.13,1.69
2013.08.22 09:30:01.753,0.77069,0.77091,2.63,1.50
2013.08.22 09:30:02.054,0.77069,0.77089,1.13,2.25
2013.08.22 09:30:02.648,0.77065,0.77086,1.32,1.88
2013.08.22 09:30:03.792,0.77063,0.77086,2.07,1.50
2013.08.22 09:30:04.124,0.77063,0.77086,2.07,1.50
2013.08.22 09:30:05.151,0.77064,0.77086,1.88,1.50
2013.08.22 09:30:06.254,0.77064,0.77086,1.88,1.50
2013.08.22 09:30:08.913,0.77065,0.77087,1.69,1.69
2013.08.22 09:30:09.150,0.7707,0.77091,1.32,1.88
2013.08.22 09:30:09.403,0.77069,0.77091,2.82,1.50
2013.08.22 09:30:10.060,0.7707,0.77091,1.32,1.50
2013.08.22 09:30:12.321,0.77071,0.77094,1.50,3.57
2013.08.22 09:30:13.642,0.77072,0.77094,1.50,1.69
2013.08.22 09:30:14.224,0.77072,0.77094,1.50,1.69
2013.08.22 09:30:14.534,0.77074,0.77088,1.50,1.50
2013.08.22 09:30:17.353,0.77073,0.77088,1.50,1.69
2013.08.22 09:30:17.711,0.77075,0.77094,1.50,1.69
2013.08.22 09:30:17.831,0.77075,0.77094,1.50,1.69
2013.08.22 09:30:19.553,0.77077,0.77097,1.50,1.32
2013.08.22 09:30:19.733,0.77079,0.77099,1.50,1.69
2013.08.22 09:30:21.462,0.77079,0.77099,1.50,1.69
2013.08.22 09:30:21.840,0.77081,0.771,1.50,1.32
2013.08.22 09:30:21.961,0.77079,0.77099,1.50,1.69
2013.08.22 09:30:22.682,0.77079,0.77097,1.50,1.13
2013.08.22 09:30:22.923,0.77078,0.77098,1.50,1.32
2013.08.22 09:30:23.101,0.77079,0.77099,2.25,1.13
2013.08.22 09:30:23.641,0.77081,0.77098,1.50,1.50
2013.08.22 09:30:23.702,0.77081,0.77098,1.50,1.50
2013.08.22 09:30:23.762,0.77082,0.77098,1.13,1.50
2013.08.22 09:30:24.122,0.77083,0.77103,1.50,1.69
2013.08.22 09:30:24.631,0.77086,0.77103,1.13,1.69
2013.08.22 09:30:24.691,0.77086,0.77103,1.13,1.50
2013.08.22 09:30:24.871,0.77088,0.77108,1.50,2.07
2013.08.22 09:30:25.381,0.77088,0.77108,1.50,1.32
2013.08.22 09:30:27.770,0.77088,0.77103,1.50,1.50
2013.08.22 09:30:28.230,0.77089,0.77103,1.50,1.50
2013.08.22 09:30:31.304,0.77088,0.77108,1.50,1.50
2013.08.22 09:30:31.421,0.77086,0.77108,1.50,2.25
2013.08.22 09:30:31.600,0.77086,0.77108,1.50,2.25
2013.08.22 09:30:32.052,0.77088,0.77108,1.50,2.25
2013.08.22 09:30:32.412,0.77091,0.77108,1.50,1.50
2013.08.22 09:30:33.002,0.77089,0.77108,1.50,1.50
2013.08.22 09:30:33.662,0.77089,0.77104,1.50,1.50
2013.08.22 09:30:34.200,0.7709,0.77109,1.50,1.50
2013.08.22 09:30:38.241,0.7709,0.77104,1.50,1.50
2013.08.22 09:30:38.734,0.77093,0.77113,1.50,1.69
2013.08.22 09:30:39.042,0.77095,0.77114,1.50,1.50
2013.08.22 09:30:39.402,0.771,0.77114,1.50,1.50
2013.08.22 09:30:39.461,0.771,0.77114,1.50,1.50
2013.08.22 09:30:39.580,0.77096,0.77114,2.25,1.50
2013.08.22 09:30:40.333,0.77096,0.77114,1.50,1.50
2013.08.22 09:30:40.966,0.77092,0.77114,1.50,1.50
2013.08.22 09:30:44.160,0.77093,0.77114,1.13,1.69
2013.08.22 09:30:44.678,0.77092,0.77114,1.88,1.69
2013.08.22 09:30:45.785,0.77092,0.77114,1.88,1.69
2013.08.22 09:30:45.841,0.77093,0.77114,1.13,1.69
2013.08.22 09:30:45.961,0.77092,0.77114,1.50,1.69
2013.08.22 09:30:47.127,0.77093,0.77114,1.13,1.69
2013.08.22 09:30:48.555,0.77095,0.77114,1.88,1.69
2013.08.22 09:30:48.860,0.77099,0.77114,1.50,1.50
2013.08.22 09:30:48.920,0.77099,0.77114,1.50,1.50
2013.08.22 09:30:49.601,0.77097,0.77114,1.50,1.50
2013.08.22 09:30:53.952,0.77097,0.77114,1.50,1.50
2013.08.22 09:30:54.661,0.77096,0.77114,1.88,1.50
2013.08.22 09:30:54.961,0.771,0.77114,1.50,1.50
2013.08.22 09:30:56.934,0.77098,0.77114,1.50,1.50
2013.08.22 09:30:57.001,0.77096,0.77114,1.50,1.69
2013.08.22 09:30:57.182,0.77096,0.77114,1.50,1.69
2013.08.22 09:30:57.244,0.77096,0.77114,1.50,1.69
2013.08.22 09:30:57.372,0.77096,0.77114,1.50,1.69
2013.08.22 09:30:57.611,0.771,0.77115,1.50,1.50
2013.08.22 09:30:58.128,0.771,0.77119,1.88,1.50
2013.08.22 09:30:58.792,0.771,0.77119,1.88,1.50
2013.08.22 09:31:00.002,0.771,0.7712,1.88,1.88
2013.08.22 09:31:00.397,0.771,0.7712,1.88,1.88
2013.08.22 09:31:00.782,0.771,0.7712,1.88,1.88
2013.08.22 09:31:01.142,0.77101,0.7712,1.50,1.13
2013.08.22 09:31:01.263,0.77101,0.77124,1.50,1.50
2013.08.22 09:31:01.321,0.77102,0.77124,1.13,1.50
2013.08.22 09:31:01.441,0.77107,0.7713,1.50,2.44
2013.08.22 09:31:01.622,0.7711,0.77133,1.50,3.00
2013.08.22 09:31:01.932,0.7711,0.77133,1.50,3.00
2013.08.22 09:31:02.571,0.7711,0.77133,1.50,3.00
2013.08.22 09:31:02.911,0.77108,0.77131,1.50,1.50
2013.08.22 09:31:03.152,0.77108,0.77129,1.50,1.50
2013.08.22 09:31:03.691,0.77105,0.77128,1.50,1.50
2013.08.22 09:31:03.751,0.77105,0.77128,1.50,3.00
2013.08.22 09:31:03.992,0.77107,0.77128,1.50,1.50
2013.08.22 09:31:04.571,0.77106,0.77129,1.50,1.50
2013.08.22 09:31:04.961,0.77106,0.77128,1.50,1.50
2013.08.22 09:31:05.501,0.77106,0.77129,1.50,1.69
2013.08.22 09:31:06.821,0.77105,0.77128,1.50,1.50
2013.08.22 09:31:07.381,0.77105,0.77128,1.13,1.50
2013.08.22 09:31:12.231,0.77106,0.77129,1.50,1.50
2013.08.22 09:31:13.011,0.77106,0.7713,3.00,1.50
2013.08.22 09:31:13.071,0.77109,0.77132,1.50,1.50
2013.08.22 09:31:13.432,0.77108,0.77131,1.50,2.25
2013.08.22 09:31:15.800,0.77108,0.77131,2.25,1.50
2013.08.22 09:31:15.861,0.7711,0.77132,1.50,1.50
2013.08.22 09:31:22.080,0.7711,0.77132,1.50,1.69
2013.08.22 09:31:24.381,0.7711,0.77132,1.50,1.69
2013.08.22 09:31:26.301,0.77111,0.77134,2.25,2.44
2013.08.22 09:31:26.601,0.77112,0.77134,1.50,1.50
2013.08.22 09:31:27.081,0.77114,0.77136,3.00,1.69
2013.08.22 09:31:31.111,0.77116,0.77138,1.50,1.88
2013.08.22 09:31:31.691,0.77116,0.77138,1.50,1.13
2013.08.22 09:31:33.052,0.77116,0.77138,1.50,1.13
2013.08.22 09:31:33.110,0.77116,0.77138,1.50,1.32
2013.08.22 09:31:37.432,0.77116,0.77138,1.50,1.13
2013.08.22 09:31:37.911,0.77118,0.77138,1.50,1.13
2013.08.22 09:31:38.232,0.77115,0.77138,2.25,1.13
2013.08.22 09:31:39.471,0.77113,0.77138,2.07,2.82
2013.08.22 09:31:39.831,0.77115,0.77138,1.50,1.32
2013.08.22 09:31:40.382,0.77114,0.77138,1.88,1.32
2013.08.22 09:31:40.751,0.77114,0.77138,1.13,2.82
2013.08.22 09:31:41.185,0.77115,0.77138,1.50,2.07
2013.08.22 09:31:41.817,0.77116,0.77139,1.50,1.69
2013.08.22 09:31:42.353,0.77118,0.7714,1.50,1.50
2013.08.22 09:31:42.711,0.77119,0.77143,1.88,1.50
2013.08.22 09:31:42.891,0.7712,0.77143,1.13,1.50
2013.08.22 09:31:43.451,0.7712,0.77143,1.13,1.50
2013.08.22 09:31:44.743,0.7712,0.77143,1.13,1.50
2013.08.22 09:31:44.861,0.77119,0.77141,1.32,1.50
2013.08.22 09:31:45.461,0.77118,0.7714,1.13,1.50
2013.08.22 09:31:46.022,0.77124,0.77143,1.13,1.50
2013.08.22 09:31:51.481,0.77123,0.7714,1.50,1.50
2013.08.22 09:31:53.911,0.77124,0.77143,1.13,1.69
2013.08.22 09:31:54.461,0.77124,0.77143,1.13,1.69
2013.08.22 09:31:54.975,0.77124,0.77143,1.13,1.69
2013.08.22 09:31:56.421,0.77124,0.77144,1.13,2.07
2013.08.22 09:31:58.900,0.77124,0.77144,1.13,2.07
2013.08.22 09:32:02.701,0.77124,0.77144,1.88,1.69
2013.08.22 09:32:04.106,0.77124,0.77144,1.88,1.69
2013.08.22 09:32:04.661,0.77124,0.77144,1.88,1.69
2013.08.22 09:32:05.021,0.77131,0.77149,1.13,2.07
2013.08.22 09:32:06.632,0.77131,0.77149,1.88,2.07
2013.08.22 09:32:07.712,0.77131,0.77149,1.88,1.69
2013.08.22 09:32:07.982,0.77133,0.77151,1.88,1.69
2013.08.22 09:32:10.806,0.77133,0.77153,1.88,1.32
2013.08.22 09:32:11.341,0.77131,0.77152,1.13,1.69
2013.08.22 09:32:11.461,0.77129,0.77152,1.88,2.44
2013.08.22 09:32:11.701,0.77129,0.77152,2.63,2.44
2013.08.22 09:32:11.881,0.77129,0.77149,1.13,1.13
2013.08.22 09:32:12.450,0.77127,0.77148,1.13,1.88
2013.08.22 09:32:12.961,0.77126,0.77147,1.13,1.88
2013.08.22 09:32:15.382,0.77126,0.77147,1.13,1.13
2013.08.22 09:32:17.711,0.77127,0.77145,1.13,1.13
2013.08.22 09:32:18.152,0.77127,0.77145,1.13,1.13
2013.08.22 09:32:18.391,0.77126,0.77143,1.13,1.50
2013.08.22 09:32:18.931,0.77125,0.77143,1.13,1.88
2013.08.22 09:32:19.291,0.77124,0.77137,1.50,1.50
2013.08.22 09:32:20.220,0.77122,0.77137,2.25,1.50
2013.08.22 09:32:20.341,0.77123,0.7714,1.50,1.13
2013.08.22 09:32:20.541,0.77123,0.77138,1.50,1.50
2013.08.22 09:32:21.252,0.77122,0.77138,2.63,1.50
2013.08.22 09:32:22.080,0.77123,0.77139,1.50,1.50
2013.08.22 09:32:22.224,0.77124,0.77139,1.50,1.50
2013.08.22 09:32:23.291,0.77124,0.77139,1.50,1.50
2013.08.22 09:32:24.107,0.77124,0.7714,1.50,1.50
2013.08.22 09:32:25.296,0.77124,0.7714,1.50,1.50
2013.08.22 09:32:25.871,0.77126,0.7714,1.50,1.50
2013.08.22 09:32:26.051,0.77129,0.77146,1.13,2.07
2013.08.22 09:32:26.324,0.77131,0.77146,1.88,1.50
2013.08.22 09:32:27.100,0.77131,0.77144,1.50,1.50
2013.08.22 09:32:27.161,0.77127,0.77144,1.50,1.50
2013.08.22 09:32:27.281,0.77129,0.77144,1.50,1.50
2013.08.22 09:32:27.581,0.77128,0.77145,1.88,1.50
2013.08.22 09:32:27.881,0.77134,0.77146,1.50,1.50
2013.08.22 09:32:28.081,0.77133,0.77147,1.50,1.50
2013.08.22 09:32:28.633,0.77133,0.77147,1.50,1.50
2013.08.22 09:32:28.691,0.77131,0.77147,1.13,1.50
2013.08.22 09:32:31.560,0.77131,0.77147,1.13,2.25
2013.08.22 09:32:31.621,0.77131,0.77146,1.13,1.50
2013.08.22 09:32:31.982,0.77129,0.77147,1.88,1.13
2013.08.22 09:32:32.221,0.77129,0.7715,1.13,2.07
2013.08.22 09:32:32.661,0.77126,0.77147,1.50,1.88
2013.08.22 09:32:32.782,0.77126,0.77146,1.50,1.69
2013.08.22 09:32:32.961,0.77124,0.77143,1.88,1.50
2013.08.22 09:32:33.321,0.77125,0.7714,1.13,1.50
2013.08.22 09:32:33.890,0.77125,0.77144,1.13,1.50
2013.08.22 09:32:35.901,0.77125,0.77141,1.13,1.50
2013.08.22 09:48:25.862,0.77136,0.77157,1.13,1.50
2013.08.22 09:48:26.042,0.77136,0.77158,1.13,2.25
2013.08.22 09:48:28.864,0.77136,0.77158,1.13,2.25
2013.08.22 09:48:29.652,0.77137,0.77158,1.13,1.50
2013.08.22 09:48:30.943,0.77138,0.77159,1.13,2.63
2013.08.22 09:48:32.032,0.77136,0.77158,1.88,1.50
2013.08.22 09:48:38.132,0.77138,0.77159,1.13,2.63
2013.08.22 09:48:38.826,0.77138,0.77158,1.88,1.13
2013.08.22 09:48:40.242,0.77143,0.77162,1.13,1.13
2013.08.22 09:48:40.782,0.77143,0.77162,1.13,1.13
2013.08.22 09:48:42.974,0.77142,0.77162,1.13,1.13
2013.08.22 09:48:43.212,0.7714,0.77161,1.88,1.13
2013.08.22 09:48:43.452,0.7714,0.77162,1.13,2.07
2013.08.22 09:48:44.003,0.77141,0.77162,1.88,1.13
2013.08.22 09:48:44.122,0.77139,0.7716,1.13,1.50
2013.08.22 09:48:44.542,0.77137,0.77159,1.88,1.88
2013.08.22 09:48:44.603,0.77137,0.77159,1.13,3.38
2013.08.22 09:48:46.294,0.77136,0.77157,1.13,1.13
2013.08.22 09:48:47.522,0.77136,0.77158,1.69,1.13
2013.08.22 09:48:47.582,0.77136,0.77159,2.44,2.63
2013.08.22 09:48:47.762,0.77138,0.7716,1.13,1.69
2013.08.22 09:48:48.165,0.7714,0.77162,1.13,1.32
2013.08.22 09:48:48.236,0.7714,0.77164,1.88,2.07
2013.08.22 09:48:48.353,0.7714,0.77163,1.13,1.32
2013.08.22 09:48:49.362,0.77142,0.77162,1.13,1.13
2013.08.22 09:48:49.903,0.77142,0.77163,1.13,1.69
2013.08.22 09:48:54.584,0.77139,0.77161,1.13,1.13
2013.08.22 09:48:55.012,0.77136,0.7716,2.07,3.00
2013.08.22 09:48:55.372,0.77136,0.77155,1.88,1.13
2013.08.22 09:48:55.552,0.77133,0.77154,1.13,1.13
2013.08.22 09:48:55.673,0.77133,0.77155,1.13,1.13
2013.08.22 09:48:56.193,0.77135,0.77156,1.13,1.13
2013.08.22 09:48:56.740,0.77134,0.77155,1.13,1.32
2013.08.22 09:48:57.292,0.77134,0.77155,1.13,1.32
2013.08.22 09:48:57.612,0.77135,0.77156,1.13,1.32
2013.08.22 09:48:57.733,0.77136,0.77157,1.88,1.32
2013.08.22 09:48:57.792,0.77137,0.77158,1.13,1.32
2013.08.22 09:48:58.405,0.77133,0.77157,1.13,2.07
2013.08.22 09:49:00.532,0.77135,0.77154,1.13,1.13
2013.08.22 09:49:00.832,0.77133,0.77154,1.13,1.13
2013.08.22 09:49:01.364,0.77133,0.77155,1.13,1.13
2013.08.22 09:49:03.010,0.77133,0.77154,1.13,1.13
2013.08.22 09:49:03.378,0.77132,0.77154,1.69,1.13
2013.08.22 09:49:03.685,0.77131,0.77153,1.13,1.50
2013.08.22 09:49:04.462,0.77132,0.77154,1.13,1.50
2013.08.22 09:49:04.642,0.77132,0.77156,1.88,2.82
2013.08.22 09:49:05.842,0.77132,0.77155,1.13,1.50
2013.08.22 09:49:06.969,0.77132,0.77155,1.13,1.50
2013.08.22 09:49:07.112,0.77132,0.77155,1.13,1.50
2013.08.22 09:49:07.655,0.77132,0.77155,1.13,1.50
2013.08.22 09:49:11.937,0.77132,0.77155,1.13,1.50
2013.08.22 09:49:12.124,0.77135,0.77156,1.13,1.50
2013.08.22 09:49:12.183,0.77135,0.77158,1.13,2.44
2013.08.22 09:49:12.257,0.77135,0.77158,1.13,1.69
2013.08.22 09:49:13.296,0.77136,0.77158,1.13,1.88
2013.08.22 09:49:13.535,0.77135,0.77157,1.13,1.50
2013.08.22 09:49:13.893,0.77132,0.77155,1.13,1.50
2013.08.22 09:49:14.593,0.77132,0.77155,1.13,1.50
2013.08.22 09:49:14.952,0.77133,0.77157,1.13,1.50
2013.08.22 09:49:18.552,0.77133,0.77155,1.32,1.50
2013.08.22 09:49:18.612,0.77132,0.77155,2.07,1.50
2013.08.22 09:49:18.733,0.77132,0.77155,1.88,1.13
2013.08.22 09:49:18.794,0.77132,0.77155,1.88,1.88
2013.08.22 09:49:24.032,0.77129,0.77153,2.07,2.25
2013.08.22 09:49:24.232,0.77131,0.77153,1.69,1.50
2013.08.22 09:49:24.662,0.77136,0.77156,1.13,1.88
2013.08.22 09:49:28.575,0.77136,0.77157,1.13,1.32
2013.08.22 09:49:29.533,0.77136,0.77158,1.13,2.07
2013.08.22 09:49:30.074,0.77136,0.77158,1.13,2.07
2013.08.22 09:49:30.193,0.77136,0.77158,1.13,1.69
2013.08.22 09:49:30.382,0.77142,0.7716,1.13,1.13
2013.08.22 09:49:30.563,0.77142,0.77163,1.13,1.13
2013.08.22 09:49:31.574,0.77142,0.77163,1.32,2.63
2013.08.22 09:49:31.762,0.77142,0.77163,1.32,1.88
2013.08.22 09:49:32.165,0.77142,0.77163,1.13,1.88
2013.08.22 09:49:34.042,0.77142,0.7716,1.13,1.13
2013.08.22 09:49:34.282,0.77137,0.77159,2.07,1.13
2013.08.22 09:49:34.633,0.77133,0.77155,1.69,1.50
2013.08.22 09:49:34.812,0.77131,0.77154,1.69,1.50
2013.08.22 09:49:35.643,0.77135,0.77154,1.13,1.50
2013.08.22 09:49:36.004,0.77142,0.77157,1.13,1.50
2013.08.22 09:49:36.123,0.77142,0.77163,1.13,1.50
2013.08.22 09:49:36.602,0.77142,0.77165,2.07,1.88
2013.08.22 09:49:36.723,0.77142,0.77165,2.44,1.50
2013.08.22 09:49:37.262,0.77143,0.77167,2.82,1.88
2013.08.22 09:49:39.256,0.77144,0.77164,1.32,1.50
2013.08.22 09:49:39.642,0.77143,0.77164,1.32,1.50
2013.08.22 09:49:40.182,0.77141,0.77162,1.32,1.50
2013.08.22 09:49:40.742,0.7714,0.77161,2.07,1.50
2013.08.22 09:49:42.153,0.77138,0.7716,1.32,1.50
2013.08.22 09:49:42.214,0.77137,0.77157,1.69,1.13
2013.08.22 09:49:42.562,0.77137,0.77156,1.69,1.88
2013.08.22 09:49:42.742,0.77134,0.77156,2.44,1.88
2013.08.22 09:49:43.162,0.77136,0.77157,2.07,1.13
2013.08.22 09:49:43.222,0.77137,0.77159,1.32,1.88
2013.08.22 09:49:43.841,0.77137,0.77159,1.32,1.88
2013.08.22 09:49:45.140,0.77137,0.77159,1.32,1.88
2013.08.22 09:49:47.003,0.77137,0.7716,2.07,1.13
2013.08.22 09:49:47.772,0.77137,0.7716,2.82,1.13
2013.08.22 09:49:48.274,0.77137,0.7716,2.82,1.13
2013.08.22 09:49:49.353,0.77137,0.7716,2.07,1.13
2013.08.22 09:49:55.983,0.77141,0.77161,1.32,1.50
2013.08.22 09:49:56.342,0.77146,0.77165,1.69,3.00
2013.08.22 09:49:56.402,0.77146,0.77166,1.69,1.13
2013.08.22 09:49:56.924,0.77146,0.77166,1.69,1.50
2013.08.22 09:49:57.456,0.77146,0.77166,1.69,1.50
2013.08.22 09:50:00.862,0.77146,0.77168,1.50,1.88
2013.08.22 09:50:02.096,0.77148,0.77168,1.32,1.88
2013.08.22 09:50:03.901,0.77147,0.77168,1.32,1.88
2013.08.22 09:50:04.234,0.77147,0.77168,1.32,1.88
2013.08.22 09:50:04.755,0.77148,0.77168,1.32,1.13
2013.08.22 09:50:05.772,0.77148,0.77168,1.32,1.13
2013.08.22 09:50:06.408,0.77149,0.7717,1.32,1.13
2013.08.22 09:50:08.802,0.77148,0.77171,1.32,1.50
2013.08.22 09:50:09.361,0.77149,0.77173,2.07,2.25
2013.08.22 09:50:09.485,0.77152,0.77173,1.13,1.88
2013.08.22 09:50:09.794,0.77156,0.77175,1.32,1.88
2013.08.22 09:50:12.158,0.77155,0.77175,1.32,1.13
2013.08.22 09:50:13.543,0.77155,0.77175,1.32,1.13
2013.08.22 09:50:14.213,0.77156,0.77177,1.32,2.25
2013.08.22 09:50:14.514,0.7716,0.77179,1.32,1.13
2013.08.22 09:50:14.933,0.77159,0.77179,1.32,1.88
2013.08.22 09:50:14.993,0.77158,0.77178,1.32,1.13
2013.08.22 09:50:15.054,0.77157,0.77178,1.69,1.13
2013.08.22 09:50:15.173,0.77157,0.77177,2.07,1.13
2013.08.22 09:50:15.248,0.77157,0.77175,1.32,1.88
2013.08.22 09:50:15.374,0.77157,0.77175,1.32,2.63
2013.08.22 09:50:15.734,0.77152,0.77169,2.44,1.13
2013.08.22 09:50:15.854,0.77152,0.77169,2.44,1.13
2013.08.22 09:50:15.973,0.77147,0.77168,1.69,1.88
2013.08.22 09:50:16.094,0.77144,0.77165,1.69,1.13
2013.08.22 09:50:16.158,0.77143,0.77163,2.82,1.50
2013.08.22 09:50:16.343,0.77145,0.77163,1.69,1.50
2013.08.22 09:50:16.404,0.77145,0.77166,1.32,2.63
2013.08.22 09:50:16.464,0.77145,0.77166,2.07,2.63
2013.08.22 09:50:16.945,0.77146,0.7717,2.82,3.00
2013.08.22 09:50:17.063,0.77147,0.7717,2.44,2.25
2013.08.22 09:50:18.468,0.77144,0.77164,1.69,2.63
2013.08.22 09:50:19.023,0.77141,0.77164,2.44,2.63
2013.08.22 09:50:19.812,0.7714,0.77164,1.69,2.63
2013.08.22 09:50:20.562,0.7714,0.77164,1.69,2.63
2013.08.22 09:50:20.682,0.77142,0.77164,1.50,1.13
2013.08.22 09:50:21.489,0.77142,0.77166,2.63,2.63
2013.08.22 09:50:21.613,0.77145,0.77167,3.00,1.88
2013.08.22 09:50:21.734,0.77148,0.77168,1.50,1.13
2013.08.22 09:50:22.105,0.77144,0.77168,2.44,1.13
2013.08.22 09:50:22.643,0.77144,0.77166,1.32,1.88
2013.08.22 09:50:22.763,0.77143,0.77165,1.32,1.13
2013.08.22 09:50:23.062,0.77142,0.77166,1.69,1.88
2013.08.22 09:50:23.190,0.77142,0.77165,1.69,1.13
2013.08.22 09:50:24.694,0.77142,0.77164,1.69,1.13
2013.08.22 09:50:25.523,0.77139,0.77162,1.69,1.13
2013.08.22 09:50:27.904,0.7714,0.77162,1.69,1.13
2013.08.22 09:50:28.434,0.77139,0.77162,2.44,1.13
2013.08.22 09:50:29.047,0.77139,0.77163,1.69,1.50
2013.08.22 09:50:29.842,0.7714,0.77164,1.69,1.50
2013.08.22 09:50:30.604,0.77142,0.77164,1.69,1.50
2013.08.22 09:50:30.903,0.77146,0.77169,1.50,1.50
2013.08.22 09:50:32.214,0.77146,0.7717,1.69,1.50
2013.08.22 09:50:32.272,0.77148,0.77171,1.50,2.63
2013.08.22 09:50:32.692,0.77148,0.77171,1.69,2.25
2013.08.22 09:50:32.752,0.77148,0.77171,1.69,1.88
2013.08.22 09:50:32.812,0.77147,0.77171,1.69,3.38
2013.08.22 09:50:33.172,0.77147,0.7717,2.44,1.50
2013.08.22 09:50:33.554,0.77146,0.77168,2.07,1.50
2013.08.22 09:50:33.892,0.77146,0.77167,1.32,1.50
2013.08.22 09:50:34.433,0.77146,0.77166,1.13,1.88
2013.08.22 09:50:34.673,0.77143,0.77163,1.69,1.50
2013.08.22 09:50:34.795,0.77141,0.77162,1.88,1.13
2013.08.22 09:50:34.974,0.77139,0.77162,2.63,2.25
2013.08.22 09:50:35.273,0.77139,0.77163,1.88,1.13
2013.08.22 09:50:36.233,0.77142,0.77164,1.50,1.32
2013.08.22 09:50:36.353,0.7714,0.77162,1.13,1.50
2013.08.22 09:50:36.413,0.77138,0.7716,1.50,1.13
2013.08.22 09:50:36.473,0.77135,0.77158,1.50,2.25
2013.08.22 09:50:36.593,0.77133,0.77156,1.69,2.25
2013.08.22 09:50:36.892,0.77132,0.77155,1.88,1.32
2013.08.22 09:50:37.073,0.77133,0.77156,2.07,1.88
2013.08.22 09:50:37.492,0.77135,0.77156,1.13,1.13
2013.08.22 09:50:37.913,0.77132,0.77153,1.13,1.88
2013.08.22 09:50:38.272,0.77132,0.7715,1.13,1.50
2013.08.22 09:50:38.573,0.77132,0.7715,1.13,2.25
2013.08.22 09:50:38.932,0.77131,0.77148,1.13,1.50
2013.08.22 09:50:39.112,0.77129,0.7715,1.50,1.50
2013.08.22 09:50:39.565,0.77127,0.7715,1.32,1.50
2013.08.22 09:50:40.107,0.77129,0.77151,1.13,1.50
2013.08.22 09:50:43.083,0.77129,0.77151,1.13,1.50
2013.08.22 09:50:43.443,0.7713,0.77153,2.07,1.88
2013.08.22 09:50:43.623,0.7713,0.77153,2.07,1.50
2013.08.22 09:50:44.423,0.7713,0.77153,2.07,1.50
2013.08.22 09:50:44.483,0.77134,0.77156,1.50,1.88
2013.08.22 09:50:44.784,0.77135,0.77155,1.88,1.13
2013.08.22 09:50:45.322,0.77132,0.77155,1.32,2.07
2013.08.22 09:50:45.924,0.77135,0.77155,1.88,1.13
2013.08.22 09:50:46.042,0.77137,0.77158,1.13,2.07
2013.08.22 09:50:46.284,0.77135,0.77156,1.13,1.13
2013.08.22 09:50:46.699,0.77133,0.77156,1.32,1.88
2013.08.22 09:50:47.243,0.77134,0.77155,1.13,1.32
2013.08.22 09:50:47.934,0.77136,0.77157,1.13,1.32
2013.08.22 09:50:48.055,0.77136,0.77157,1.13,1.32
2013.08.22 09:50:48.172,0.77136,0.77157,1.13,1.32
2013.08.22 09:50:48.293,0.77136,0.77157,1.13,1.32
2013.08.22 09:50:48.353,0.77136,0.77157,1.13,1.32
2013.08.22 09:50:48.894,0.77136,0.77156,1.13,1.32
2013.08.22 09:50:50.712,0.77136,0.77157,1.13,2.07
2013.08.22 09:50:51.232,0.77133,0.77156,2.07,2.07
2013.08.22 09:50:51.953,0.77132,0.77153,1.32,1.13
2013.08.22 09:50:52.192,0.77129,0.77152,3.57,2.63
2013.08.22 09:50:52.313,0.77129,0.77149,1.32,1.50
2013.08.22 09:50:52.613,0.77127,0.77148,2.82,2.25
2013.08.22 09:50:52.732,0.77125,0.77148,1.32,3.38
2013.08.22 09:50:53.345,0.77124,0.77148,2.07,2.25
2013.08.22 09:50:53.913,0.77126,0.7715,2.82,2.63
2013.08.22 09:50:54.744,0.77126,0.7715,3.57,1.88
2013.08.22 09:50:56.793,0.77126,0.7715,3.57,2.25
2013.08.22 09:50:56.974,0.77129,0.77151,2.44,1.50
2013.08.22 09:50:57.153,0.77132,0.77153,1.69,1.50
2013.08.22 09:50:57.333,0.77134,0.77156,2.44,1.50
2013.08.22 09:50:57.452,0.77135,0.77159,1.69,2.25
2013.08.22 09:50:57.974,0.77134,0.77156,1.50,1.50
2013.08.22 09:50:58.892,0.77134,0.77158,3.00,1.50
2013.08.22 09:50:59.312,0.77134,0.77158,2.25,2.25
2013.08.22 09:50:59.503,0.77133,0.77156,1.50,3.75
2013.08.22 09:50:59.862,0.7713,0.77153,1.50,2.25
2013.08.22 09:51:04.255,0.7713,0.77153,1.50,1.50
2013.08.22 09:51:08.243,0.77129,0.77153,1.32,2.25
2013.08.22 09:51:15.254,0.77127,0.77151,2.63,2.25
2013.08.22 09:51:15.314,0.77128,0.77151,1.50,1.50
2013.08.22 09:51:15.432,0.77127,0.77151,2.63,1.88
2013.08.22 09:51:15.793,0.77129,0.77152,1.50,1.88
2013.08.22 09:51:16.018,0.77129,0.77153,1.50,1.88
2013.08.22 09:51:17.023,0.77129,0.77152,1.50,1.13
2013.08.22 09:51:17.589,0.7713,0.77153,1.88,1.13
2013.08.22 09:51:18.344,0.77131,0.77153,1.13,1.88
2013.08.22 09:51:18.884,0.7713,0.77151,1.13,1.13
2013.08.22 09:51:19.423,0.77129,0.7715,1.13,1.50
2013.08.22 09:51:19.884,0.77127,0.7715,1.13,1.50
2013.08.22 09:51:19.958,0.77125,0.77146,1.13,1.88
2013.08.22 09:51:20.204,0.77122,0.77145,2.63,1.50
2013.08.22 09:51:21.589,0.77121,0.77144,2.63,1.88
2013.08.22 09:51:22.854,0.77122,0.77145,1.50,1.13
2013.08.22 09:51:23.468,0.77122,0.77144,1.50,1.13
2013.08.22 09:51:24.158,0.77122,0.77144,1.50,1.50
2013.08.22 09:51:25.295,0.77122,0.77143,1.50,1.50
2013.08.22 09:51:25.655,0.77116,0.77135,1.13,1.50
2013.08.22 09:51:25.714,0.77115,0.77135,1.50,3.00
2013.08.22 09:51:26.134,0.77112,0.77132,2.25,1.50
2013.08.22 09:51:26.252,0.77112,0.77132,1.13,2.25
2013.08.22 09:51:26.313,0.77112,0.77132,1.13,3.75
2013.08.22 09:51:26.634,0.77111,0.77128,1.50,1.50
2013.08.22 09:51:26.995,0.77111,0.77131,1.50,1.50
2013.08.22 09:51:27.174,0.77112,0.77132,1.50,1.50
2013.08.22 09:51:27.593,0.7711,0.77131,1.50,1.50
2013.08.22 09:51:27.953,0.77109,0.77127,1.50,1.50
2013.08.22 09:51:28.103,0.77107,0.77127,1.88,1.50
2013.08.22 09:51:28.403,0.77106,0.77127,1.50,1.50
2013.08.22 09:51:28.823,0.77105,0.77123,1.13,1.50
2013.08.22 09:51:29.183,0.77094,0.77109,1.50,2.63
2013.08.22 09:51:29.303,0.77085,0.77109,1.50,2.82
2013.08.22 09:51:29.363,0.77086,0.77109,2.25,2.07
2013.08.22 09:51:29.542,0.77085,0.7711,1.50,1.50
2013.08.22 09:51:29.662,0.77086,0.7711,1.50,1.50
2013.08.22 09:51:29.723,0.77088,0.77111,2.25,1.50
2013.08.22 09:51:29.782,0.7709,0.77114,1.50,3.00
2013.08.22 09:51:29.963,0.7709,0.77113,1.50,1.50
2013.08.22 09:51:30.324,0.77095,0.7712,1.50,2.25
2013.08.22 09:51:31.884,0.77094,0.77118,1.50,3.00
2013.08.22 09:51:32.004,0.77091,0.77115,1.50,2.25
2013.08.22 09:51:32.243,0.77091,0.77113,1.50,2.25
2013.08.22 09:51:32.603,0.77091,0.77116,2.25,2.44
2013.08.22 09:51:32.663,0.77091,0.77114,1.50,1.50
2013.08.22 09:51:32.903,0.77091,0.77115,3.00,1.50
2013.08.22 09:51:33.852,0.77092,0.77117,1.50,2.25
2013.08.22 09:51:33.912,0.77093,0.77118,1.50,1.50
2013.08.22 09:51:34.462,0.77096,0.7712,1.50,2.25
2013.08.22 09:51:34.582,0.77096,0.77121,2.25,1.50
2013.08.22 09:51:34.883,0.771,0.77122,1.50,1.50
2013.08.22 09:51:35.443,0.77101,0.77126,2.25,2.25
2013.08.22 09:51:35.770,0.771,0.77124,1.50,2.25
2013.08.22 09:51:36.493,0.771,0.77122,1.50,1.50
2013.08.22 09:51:36.852,0.77098,0.7712,2.25,1.50
2013.08.22 09:51:37.363,0.77098,0.7712,1.50,1.50
2013.08.22 09:51:37.603,0.77095,0.77119,1.69,1.50
2013.08.22 09:51:38.522,0.77097,0.7712,1.50,2.25
2013.08.22 09:51:45.333,0.77095,0.77117,2.07,1.50
2013.08.22 09:51:45.573,0.77097,0.7712,1.69,2.25
2013.08.22 09:51:45.812,0.77095,0.77118,1.32,1.50
2013.08.22 09:51:46.726,0.77094,0.77117,2.44,1.13
2013.08.22 09:51:46.784,0.77094,0.77117,2.44,1.13
2013.08.22 09:51:46.904,0.77095,0.77116,1.50,1.13
2013.08.22 09:51:47.143,0.77091,0.77113,1.69,1.50
2013.08.22 09:51:47.683,0.77091,0.77116,1.69,2.25
2013.08.22 09:51:47.862,0.77091,0.77116,1.69,2.25
2013.08.22 09:51:48.313,0.7709,0.77113,3.19,1.50
2013.08.22 09:51:48.832,0.7709,0.77111,1.69,1.50
2013.08.22 09:51:49.203,0.77089,0.77111,1.69,1.50
2013.08.22 09:51:52.743,0.77089,0.77111,1.32,1.50
2013.08.22 09:51:53.105,0.77094,0.77114,1.69,1.50
2013.08.22 09:51:53.653,0.77095,0.77118,1.69,3.00
2013.08.22 09:51:53.714,0.77095,0.77119,1.69,2.25
2013.08.22 09:51:55.579,0.77094,0.77117,1.69,1.50
2013.08.22 09:51:56.315,0.77094,0.77117,2.44,1.50
2013.08.22 09:51:56.852,0.77098,0.77118,2.07,2.63
2013.08.22 09:51:57.033,0.77097,0.77117,1.32,1.50
2013.08.22 09:51:57.213,0.77093,0.77114,2.07,1.50
2013.08.22 09:51:57.575,0.77099,0.7712,1.32,1.50
2013.08.22 09:51:57.832,0.77099,0.7712,1.32,1.50
2013.08.22 09:51:59.562,0.771,0.77122,1.32,1.50
2013.08.22 09:52:00.047,0.77102,0.77124,2.44,1.50
2013.08.22 09:52:00.355,0.77106,0.77124,1.69,1.50
2013.08.22 09:52:00.715,0.7711,0.77126,2.44,1.50
2013.08.22 09:52:00.834,0.77111,0.77128,1.69,1.50
2013.08.22 09:52:01.073,0.77112,0.77131,1.32,1.50
2013.08.22 09:52:01.494,0.77111,0.77133,1.69,4.88
2013.08.22 09:52:01.735,0.77111,0.77129,1.69,3.00
2013.08.22 09:52:02.257,0.7711,0.77126,1.32,1.50
2013.08.22 09:52:02.712,0.7711,0.77126,1.32,1.50
2013.08.22 09:52:03.193,0.7711,0.77126,1.32,1.50
2013.08.22 09:52:03.732,0.7711,0.77126,1.13,1.50
2013.08.22 09:52:04.239,0.7711,0.77128,1.13,1.13
2013.08.22 09:52:04.662,0.7711,0.77129,1.50,1.13
2013.08.22 09:52:05.432,0.7711,0.7713,1.50,1.88
2013.08.22 09:52:06.158,0.7711,0.7713,1.50,1.88
2013.08.22 09:52:06.282,0.7711,0.7713,1.13,1.88
2013.08.22 09:52:07.566,0.7711,0.7713,1.32,1.88
2013.08.22 09:52:08.776,0.7711,0.77128,1.32,3.00
2013.08.22 09:52:09.014,0.7711,0.77129,1.32,1.50
2013.08.22 09:52:09.075,0.7711,0.7713,2.07,1.88
2013.08.22 09:52:11.104,0.77112,0.7713,1.13,1.13
2013.08.22 09:52:11.223,0.77112,0.77132,1.32,1.13
2013.08.22 09:52:11.639,0.77111,0.77132,2.07,1.13
2013.08.22 09:52:11.763,0.77111,0.77132,2.07,1.13
2013.08.22 09:52:12.408,0.77112,0.77132,1.69,1.13
2013.08.22 09:52:12.628,0.77112,0.77132,1.69,1.13
2013.08.22 09:52:12.993,0.77109,0.77131,1.69,1.13
2013.08.22 09:52:13.234,0.77107,0.77129,2.07,1.50
2013.08.22 09:52:13.533,0.77108,0.77132,1.69,1.50
2013.08.22 09:52:13.833,0.77107,0.77127,1.69,1.50
2013.08.22 09:52:13.952,0.77108,0.7713,1.69,1.50
2013.08.22 09:52:14.192,0.7711,0.7713,1.69,1.50
2013.08.22 09:52:14.743,0.77111,0.77132,1.69,1.50
2013.08.22 09:52:14.983,0.77111,0.77133,1.69,1.50
2013.08.22 09:52:15.042,0.77112,0.77133,1.69,1.50
2013.08.22 09:52:16.824,0.77112,0.77135,2.44,1.50
2013.08.22 09:52:17.562,0.77112,0.77135,4.32,1.50
2013.08.22 09:52:19.933,0.77112,0.77133,1.69,1.50
2013.08.22 09:52:20.053,0.77112,0.77133,1.69,1.50
2013.08.22 09:52:20.115,0.77111,0.77133,2.07,2.25
2013.08.22 09:52:20.474,0.77108,0.77128,1.32,1.50
2013.08.22 09:52:20.915,0.77111,0.7713,1.13,2.25
2013.08.22 09:52:20.974,0.77111,0.7713,1.13,1.50
2013.08.22 09:52:21.216,0.77112,0.77134,2.82,1.50
2013.08.22 09:52:21.335,0.77113,0.77137,1.69,1.13
2013.08.22 09:52:21.592,0.77112,0.77135,2.82,1.13
2013.08.22 09:52:21.892,0.77111,0.77134,2.07,1.50
2013.08.22 09:52:22.253,0.77113,0.77135,1.32,1.50
2013.08.22 09:52:22.553,0.77116,0.77137,1.50,1.13
2013.08.22 09:52:22.863,0.77114,0.77138,2.44,1.13
2013.08.22 09:52:23.402,0.77112,0.77136,2.44,1.88
2013.08.22 09:52:23.904,0.77111,0.77134,1.69,1.50
2013.08.22 09:52:26.583,0.77112,0.77134,2.44,1.13
2013.08.22 09:52:26.943,0.77112,0.77133,1.69,1.13
2013.08.22 09:52:27.370,0.77113,0.77134,1.69,1.13
2013.08.22 09:52:27.494,0.77113,0.77134,1.69,1.13
2013.08.22 09:52:28.043,0.77115,0.77136,1.69,1.88
2013.08.22 09:52:28.613,0.77115,0.77136,1.69,1.88
2013.08.22 09:52:29.162,0.77115,0.77136,1.69,1.13
2013.08.22 09:52:29.710,0.77116,0.77138,2.44,1.13
2013.08.22 09:52:30.234,0.77116,0.77139,2.44,2.25
2013.08.22 09:52:30.773,0.77118,0.77141,2.07,1.13
2013.08.22 09:52:30.833,0.77118,0.77141,2.44,1.13
2013.08.22 09:52:31.278,0.77118,0.7714,1.69,1.13
2013.08.22 09:52:31.834,0.77119,0.7714,1.69,1.13
2013.08.22 09:52:32.253,0.77121,0.77143,1.32,1.88
2013.08.22 09:52:32.434,0.77122,0.77145,1.32,1.50
2013.08.22 09:52:32.649,0.77122,0.77145,1.32,1.50
2013.08.22 09:52:32.892,0.77121,0.77145,2.44,1.50
2013.08.22 09:52:33.574,0.77121,0.77145,2.82,2.25
2013.08.22 09:52:35.273,0.77121,0.77143,2.07,1.88
2013.08.22 09:52:36.972,0.77123,0.77145,1.32,1.88
2013.08.22 09:52:37.528,0.77124,0.77144,1.69,1.50
2013.08.22 09:52:38.292,0.77121,0.77144,2.07,3.38
2013.08.22 09:52:39.192,0.77123,0.77144,1.69,1.88
2013.08.22 09:52:39.494,0.77124,0.77143,1.69,1.50
2013.08.22 09:52:39.552,0.77124,0.77143,1.69,1.50
2013.08.22 09:52:40.393,0.77124,0.77144,1.69,1.13
2013.08.22 09:52:40.932,0.77122,0.77143,1.69,2.63
2013.08.22 09:52:41.927,0.77122,0.77144,1.69,3.75
2013.08.22 09:52:42.053,0.7712,0.77142,1.69,1.50
2013.08.22 09:52:42.113,0.77119,0.77141,2.07,1.50
2013.08.22 09:52:42.233,0.77118,0.77139,1.32,1.50
2013.08.22 09:52:42.353,0.77116,0.77139,1.32,2.25
2013.08.22 09:52:43.563,0.77115,0.77136,1.69,1.13
2013.08.22 09:52:44.082,0.77114,0.77136,1.69,1.13
2013.08.22 09:52:44.442,0.7711,0.77131,1.69,1.13
2013.08.22 09:52:45.583,0.77111,0.77134,1.32,2.25
2013.08.22 09:52:47.623,0.7711,0.77133,2.07,2.63
2013.08.22 09:52:48.175,0.77109,0.77133,2.07,3.38
2013.08.22 09:52:48.896,0.7711,0.77133,1.32,3.38
2013.08.22 09:52:49.433,0.77111,0.77133,2.07,2.63
2013.08.22 09:52:49.733,0.77113,0.77135,1.69,1.13
2013.08.22 09:52:50.646,0.77111,0.77135,2.82,1.88
2013.08.22 09:52:51.152,0.77111,0.77132,1.69,1.50
2013.08.22 09:52:52.413,0.77111,0.77132,1.69,1.50
2013.08.22 09:52:52.713,0.77108,0.77129,1.32,1.50
2013.08.22 09:52:52.773,0.77108,0.77129,1.32,1.50
2013.08.22 09:52:52.834,0.77107,0.77129,2.44,1.50
2013.08.22 09:52:53.334,0.77107,0.77129,2.44,1.88
2013.08.22 09:52:53.410,0.77107,0.77128,1.32,1.50
2013.08.22 09:52:54.273,0.77104,0.77128,2.82,2.25
2013.08.22 09:52:54.633,0.77102,0.77123,1.32,1.88
2013.08.22 09:52:54.753,0.77102,0.77125,1.69,1.13
2013.08.22 09:52:54.933,0.77101,0.77124,2.44,1.13
2013.08.22 09:52:55.173,0.77101,0.77123,1.69,1.13
2013.08.22 09:52:55.933,0.77098,0.77122,1.69,2.25
2013.08.22 09:52:56.473,0.77097,0.7712,1.69,1.13
2013.08.22 09:52:57.563,0.77098,0.77122,1.69,1.50
2013.08.22 09:52:58.174,0.77099,0.77123,1.69,3.38
2013.08.22 09:52:58.593,0.77099,0.77122,1.69,1.50
2013.08.22 09:52:58.713,0.77099,0.77123,1.69,2.25
2013.08.22 09:52:59.479,0.77098,0.77122,2.82,1.50
2013.08.22 09:52:59.773,0.77098,0.77121,2.44,1.50
2013.08.22 09:53:00.734,0.77098,0.77121,2.44,2.25
2013.08.22 09:53:00.913,0.77097,0.77121,1.69,1.50
2013.08.22 09:53:01.093,0.77096,0.7712,2.07,3.00
2013.08.22 09:53:02.357,0.77097,0.77118,1.32,1.50
2013.08.22 09:53:03.212,0.77097,0.7712,1.32,1.50
2013.08.22 09:53:03.334,0.77097,0.77121,1.32,1.50
2013.08.22 09:53:03.394,0.77098,0.77121,1.88,1.50
2013.08.22 09:53:03.573,0.77102,0.77123,1.50,2.25
2013.08.22 09:53:04.122,0.77102,0.77125,2.07,1.88
2013.08.22 09:53:04.383,0.77103,0.77124,1.32,1.50
2013.08.22 09:53:04.704,0.77102,0.77123,1.69,1.50
2013.08.22 09:53:05.062,0.77101,0.77123,1.69,1.50
2013.08.22 09:53:05.782,0.77102,0.77123,3.19,1.50
2013.08.22 09:53:05.843,0.77103,0.77125,2.44,1.13
2013.08.22 09:53:06.374,0.77103,0.77125,1.69,2.25
2013.08.22 09:53:06.736,0.77097,0.77121,2.07,1.50
2013.08.22 09:53:06.914,0.77096,0.77117,1.69,1.13
2013.08.22 09:53:07.035,0.77093,0.77116,1.69,1.50
2013.08.22 09:53:07.575,0.77094,0.77115,1.69,1.50
2013.08.22 09:53:09.413,0.77095,0.77115,1.32,1.50
2013.08.22 09:53:09.773,0.77094,0.77116,1.69,2.25
2013.08.22 09:53:09.834,0.77094,0.77116,1.69,3.75
2013.08.22 09:53:10.852,0.77095,0.77117,1.32,1.50
2013.08.22 09:53:11.366,0.77095,0.77117,2.07,1.50
2013.08.22 09:53:11.624,0.77095,0.77117,1.69,1.50
2013.08.22 09:53:11.743,0.77095,0.77119,1.69,1.50
2013.08.22 09:53:11.984,0.771,0.77121,2.07,1.50
2013.08.22 09:53:12.044,0.771,0.77123,2.07,1.50
2013.08.22 09:53:12.163,0.771,0.77123,1.69,1.50
2013.08.22 09:53:12.344,0.77098,0.7712,2.07,2.25
2013.08.22 09:53:12.796,0.77097,0.77117,2.07,1.50
2013.08.22 09:53:12.870,0.77097,0.77116,1.32,1.50
2013.08.22 09:53:13.255,0.77095,0.77118,1.32,1.50
2013.08.22 09:53:13.793,0.77097,0.77118,1.32,1.50
2013.08.22 09:53:15.494,0.77097,0.77118,1.32,1.50
2013.08.22 09:53:16.053,0.77097,0.77118,1.32,1.50
2013.08.22 09:53:16.293,0.77097,0.77118,1.32,1.50
2013.08.22 09:53:16.353,0.77097,0.77119,1.32,1.50
2013.08.22 09:53:16.734,0.77096,0.77119,1.32,1.50
2013.08.22 09:53:17.433,0.77097,0.77119,2.07,1.50
2013.08.22 09:53:17.797,0.77097,0.77118,2.07,1.50
2013.08.22 09:53:19.593,0.77098,0.7712,1.32,1.50
2013.08.22 09:53:19.955,0.77106,0.77123,1.13,1.50
2013.08.22 09:53:20.313,0.77102,0.77125,2.44,1.50
2013.08.22 09:53:20.840,0.77103,0.77125,2.07,1.50
2013.08.22 09:53:21.513,0.77103,0.77125,2.82,1.50
2013.08.22 09:53:21.633,0.77104,0.77125,1.69,1.50
2013.08.22 09:53:21.693,0.77104,0.77125,1.69,1.50
2013.08.22 09:53:22.389,0.77107,0.77128,1.69,2.25
2013.08.22 09:53:22.704,0.77105,0.77126,1.50,1.50
2013.08.22 09:53:22.764,0.77105,0.77126,1.50,1.50
2013.08.22 09:53:22.883,0.77102,0.77122,1.32,1.50
2013.08.22 09:53:23.124,0.77099,0.77121,1.32,1.50
2013.08.22 09:53:23.244,0.771,0.77118,1.13,1.50
2013.08.22 09:53:23.603,0.77096,0.77115,1.13,1.50
2013.08.22 09:53:24.168,0.77099,0.77122,1.50,1.88
2013.08.22 09:53:24.238,0.77101,0.77123,1.50,2.82
2013.08.22 09:53:24.364,0.77097,0.7712,2.07,1.13
2013.08.22 09:53:24.683,0.77098,0.7712,1.13,1.13
2013.08.22 09:53:24.993,0.77099,0.77123,4.13,2.07
2013.08.22 09:53:25.173,0.77101,0.77123,1.50,1.32
2013.08.22 09:53:25.233,0.77102,0.77123,1.50,1.13
2013.08.22 09:53:25.773,0.77104,0.77123,1.50,1.13
2013.08.22 09:53:25.892,0.771,0.77123,2.25,1.13
2013.08.22 09:53:26.745,0.77099,0.77122,1.50,1.13
2013.08.22 09:53:26.863,0.77098,0.77122,2.63,1.13
2013.08.22 09:53:26.923,0.77098,0.77122,1.13,1.13
2013.08.22 09:53:26.983,0.77098,0.77122,1.13,1.13
2013.08.22 09:53:27.423,0.77099,0.77122,1.88,1.88
2013.08.22 09:53:28.557,0.77101,0.77122,1.50,1.88
2013.08.22 09:53:29.082,0.77101,0.77123,1.50,1.13
2013.08.22 09:53:29.814,0.77101,0.77124,1.50,3.19
2013.08.22 09:53:30.053,0.77101,0.77124,1.88,2.25
2013.08.22 09:53:30.173,0.77099,0.77122,1.13,1.13
2013.08.22 09:53:30.853,0.77099,0.77122,1.13,1.88
2013.08.22 09:53:31.297,0.77102,0.77123,1.13,1.88
2013.08.22 09:53:31.544,0.77101,0.77122,1.50,1.13
2013.08.22 09:53:31.673,0.77099,0.77122,1.13,1.13
2013.08.22 09:53:32.990,0.77099,0.77121,1.13,1.13
2013.08.22 09:53:33.355,0.77099,0.77121,1.50,1.32
2013.08.22 09:53:33.914,0.77102,0.77121,1.13,1.13
2013.08.22 09:53:35.353,0.77103,0.77121,1.13,1.13
2013.08.22 09:53:35.593,0.77105,0.77123,1.88,1.13
2013.08.22 09:53:36.012,0.77106,0.77123,1.50,1.13
2013.08.22 09:53:36.354,0.77105,0.77123,1.50,1.13
2013.08.22 09:53:36.944,0.77105,0.77122,1.50,1.13
2013.08.22 09:53:37.182,0.77099,0.77121,1.13,1.13
2013.08.22 09:53:37.824,0.77098,0.77121,1.32,2.82
2013.08.22 09:53:38.183,0.77097,0.77121,2.44,2.07
2013.08.22 09:53:38.423,0.77096,0.77118,1.88,1.50
2013.08.22 09:53:38.543,0.77097,0.7712,1.13,5.07
2013.08.22 09:53:38.603,0.77096,0.77119,2.63,1.13
2013.08.22 09:53:39.356,0.77096,0.77119,2.63,1.88
2013.08.22 09:53:40.523,0.77096,0.77119,1.88,2.63
2013.08.22 09:53:40.883,0.77094,0.77115,1.50,1.13
2013.08.22 09:53:41.003,0.77094,0.77116,1.50,1.50
2013.08.22 09:53:41.243,0.77097,0.77117,1.50,2.44
2013.08.22 09:53:41.774,0.77099,0.77116,1.50,1.13
2013.08.22 09:53:42.096,0.77103,0.77119,1.50,1.50
2013.08.22 09:53:42.573,0.77101,0.77119,3.38,1.13
2013.08.22 09:53:42.693,0.77101,0.77118,3.00,1.13
2013.08.22 09:53:43.232,0.77101,0.77117,2.25,1.50
2013.08.22 09:53:43.853,0.77101,0.77117,1.50,1.50
2013.08.22 09:53:44.033,0.77101,0.77119,1.50,1.13
2013.08.22 09:53:44.562,0.77102,0.77119,1.50,1.13
2013.08.22 09:53:46.144,0.77102,0.77119,1.50,1.13
2013.08.22 09:53:47.154,0.77102,0.7712,1.50,1.13
2013.08.22 09:53:47.593,0.77106,0.77121,1.13,1.13
2013.08.22 09:53:47.833,0.77107,0.77124,1.13,1.13
2013.08.22 09:53:48.073,0.77108,0.77125,1.88,1.13
2013.08.22 09:53:48.339,0.77109,0.77126,1.50,1.88
2013.08.22 09:53:48.893,0.7711,0.77127,1.50,1.88
2013.08.22 09:53:49.436,0.7711,0.77128,1.88,1.50
2013.08.22 09:53:49.504,0.77111,0.77134,1.88,1.50
2013.08.22 09:53:49.744,0.77115,0.77138,1.50,1.50
2013.08.22 09:53:50.083,0.77114,0.77137,1.50,1.50
2013.08.22 09:53:50.515,0.77112,0.77135,3.00,1.50
2013.08.22 09:53:51.233,0.77112,0.77135,2.63,1.50
2013.08.22 09:53:51.293,0.77113,0.77135,1.13,1.50
2013.08.22 09:53:51.535,0.77116,0.77138,1.50,1.50
2013.08.22 09:53:51.594,0.77116,0.77138,1.50,1.13
2013.08.22 09:53:51.656,0.77114,0.77136,1.50,1.50
2013.08.22 09:53:51.774,0.77111,0.77136,4.13,2.25
2013.08.22 09:53:51.834,0.77111,0.77134,4.13,1.50
2013.08.22 09:53:51.894,0.77111,0.77134,3.00,2.25
2013.08.22 09:53:52.253,0.7711,0.77134,1.50,2.44
2013.08.22 09:53:52.313,0.77108,0.77132,1.88,1.50
2013.08.22 09:53:52.389,0.77109,0.77133,1.50,1.50
2013.08.22 09:53:53.015,0.77109,0.77133,3.38,1.50
2013.08.22 09:53:53.984,0.77111,0.77133,1.13,2.25
2013.08.22 09:53:54.356,0.77112,0.77135,1.13,1.50
2013.08.22 09:53:54.593,0.77113,0.77135,1.50,1.50
2013.08.22 09:53:54.954,0.77119,0.77139,1.50,1.50
2013.08.22 09:53:56.633,0.77119,0.7714,1.50,1.13
2013.08.22 09:53:57.096,0.7712,0.7714,1.50,1.13
2013.08.22 09:53:57.454,0.77124,0.77147,1.50,2.82
2013.08.22 09:53:57.755,0.77127,0.77147,2.25,1.13
2013.08.22 09:53:57.818,0.77128,0.77147,1.50,1.13
2013.08.22 09:53:58.113,0.77127,0.77147,1.50,1.13
2013.08.22 09:53:58.173,0.77127,0.77147,1.50,1.50
2013.08.22 09:53:58.687,0.77127,0.77147,1.50,1.13
2013.08.22 09:54:00.134,0.77124,0.77146,1.50,2.07
2013.08.22 09:54:00.674,0.77123,0.77144,1.50,2.07
2013.08.22 09:54:00.996,0.77123,0.77142,1.50,1.13
2013.08.22 09:54:01.494,0.77123,0.77144,1.50,1.69
2013.08.22 09:54:01.734,0.77125,0.77147,1.50,1.32
2013.08.22 09:54:01.914,0.77124,0.77147,2.25,1.13
2013.08.22 09:54:01.973,0.77127,0.77147,1.50,1.13
2013.08.22 09:54:02.333,0.77132,0.77149,1.50,1.50
2013.08.22 09:54:03.245,0.77131,0.77149,2.25,1.13
2013.08.22 09:54:03.366,0.77128,0.77149,1.50,1.13
2013.08.22 09:54:03.484,0.77127,0.77149,2.25,1.13
2013.08.22 09:54:04.018,0.77127,0.77149,2.25,1.69
2013.08.22 09:54:04.563,0.77127,0.77149,1.50,1.69
2013.08.22 09:54:04.624,0.7713,0.77149,1.50,1.69
2013.08.22 09:54:04.744,0.77129,0.77149,1.50,1.69
2013.08.22 09:54:05.273,0.77127,0.77147,1.50,1.50
2013.08.22 09:54:05.393,0.77125,0.77147,1.50,1.88
2013.08.22 09:54:05.453,0.77125,0.77147,1.50,1.88
2013.08.22 09:54:05.512,0.77125,0.77145,1.50,1.13
2013.08.22 09:54:06.043,0.77123,0.77145,1.50,1.13
2013.08.22 09:54:06.603,0.77125,0.77145,1.50,1.13
2013.08.22 09:54:10.802,0.77123,0.77144,1.50,1.50
2013.08.22 09:54:12.333,0.7712,0.77144,1.50,3.00
2013.08.22 09:54:12.696,0.77117,0.77141,1.88,1.50
2013.08.22 09:54:12.813,0.77117,0.7714,1.13,1.50
2013.08.22 09:54:13.173,0.77118,0.77142,1.50,2.25
2013.08.22 09:54:13.776,0.7712,0.77142,1.50,1.50
2013.08.22 09:54:14.133,0.77125,0.77144,1.50,1.50
2013.08.22 09:54:14.635,0.77125,0.77145,1.50,1.50
2013.08.22 09:54:14.993,0.77126,0.77149,2.25,1.50
2013.08.22 09:54:15.113,0.77128,0.77149,3.00,1.50
2013.08.22 09:54:16.133,0.77127,0.77151,1.50,3.19
2013.08.22 09:54:16.252,0.77125,0.77149,1.50,2.44
2013.08.22 09:54:16.774,0.77125,0.77149,1.88,2.25
2013.08.22 09:54:16.853,0.77125,0.77149,1.88,1.50
2013.08.22 09:54:17.195,0.7713,0.77151,2.25,3.00
2013.08.22 09:54:17.254,0.77132,0.77151,1.50,1.50
2013.08.22 09:54:17.315,0.77136,0.77151,1.50,1.50
2013.08.22 09:54:17.623,0.77136,0.77158,1.50,1.32
2013.08.22 09:54:17.682,0.77134,0.77158,1.50,2.82
2013.08.22 09:54:17.743,0.77132,0.77156,3.94,2.25
2013.08.22 09:54:18.107,0.77132,0.77154,1.13,1.50
2013.08.22 09:54:18.162,0.77132,0.77154,1.13,1.50
2013.08.22 09:54:18.283,0.77132,0.77153,1.13,2.25
2013.08.22 09:54:18.403,0.77128,0.77151,3.19,1.50
2013.08.22 09:54:18.763,0.77126,0.77149,1.50,1.50
2013.08.22 09:54:19.157,0.77126,0.77146,1.13,1.50
2013.08.22 09:54:19.693,0.77124,0.77146,1.32,1.50
2013.08.22 09:54:20.323,0.77124,0.77146,1.32,1.50
2013.08.22 09:54:20.803,0.77124,0.77145,2.07,1.50
2013.08.22 09:54:21.193,0.77124,0.77145,2.07,1.50
2013.08.22 09:54:21.493,0.77122,0.77143,1.50,2.63
2013.08.22 09:54:22.230,0.77122,0.77141,1.50,1.50
2013.08.22 09:54:22.533,0.77122,0.77145,1.50,1.50
2013.08.22 09:54:23.074,0.77121,0.77142,1.69,1.50
2013.08.22 09:54:24.834,0.77119,0.77142,3.19,1.50
2013.08.22 09:54:24.893,0.7712,0.77141,1.13,1.50
2013.08.22 09:54:26.253,0.77122,0.77144,1.50,1.50
2013.08.22 09:54:26.793,0.77121,0.77143,1.32,1.50
2013.08.22 09:54:27.513,0.77122,0.77143,1.50,1.50
2013.08.22 09:54:28.813,0.77122,0.77142,1.50,1.13
2013.08.22 09:54:28.873,0.7712,0.77142,2.07,1.88
2013.08.22 09:54:29.904,0.7712,0.77144,3.57,1.13
2013.08.22 09:54:29.963,0.77121,0.77144,1.69,1.13
2013.08.22 09:54:30.528,0.7712,0.77143,3.19,1.13
2013.08.22 09:54:30.823,0.77118,0.77143,2.44,1.88
2013.08.22 09:54:31.163,0.77118,0.77143,1.69,1.88
2013.08.22 09:54:31.825,0.77118,0.77142,1.32,2.63
2013.08.22 09:54:32.683,0.77118,0.77141,1.32,1.13
2013.08.22 09:54:35.114,0.77118,0.77141,1.69,1.13
2013.08.22 09:54:35.295,0.77133,0.77151,1.13,1.88
2013.08.22 09:54:35.354,0.77132,0.77151,1.13,1.13
2013.08.22 09:54:35.714,0.77131,0.77152,1.13,1.13
2013.08.22 09:54:36.073,0.77131,0.77154,1.88,1.32
2013.08.22 09:54:37.243,0.77132,0.77152,1.50,2.25
2013.08.22 09:54:37.363,0.7713,0.77152,1.50,2.44
2013.08.22 09:54:39.193,0.7713,0.77152,1.50,2.07
2013.08.22 09:54:39.732,0.77129,0.77149,1.13,1.32
2013.08.22 09:54:40.713,0.77129,0.7715,1.13,1.32
2013.08.22 09:54:41.073,0.77125,0.77146,2.25,2.25
2013.08.22 09:54:41.394,0.77122,0.77145,2.25,1.88
2013.08.22 09:54:41.902,0.77124,0.77143,1.50,1.50
2013.08.22 09:54:42.724,0.77124,0.77143,1.50,1.50
2013.08.22 09:54:43.294,0.77124,0.77143,1.50,1.69
2013.08.22 09:54:44.826,0.77124,0.77143,1.50,1.50
2013.08.22 09:54:45.064,0.77125,0.77146,1.50,1.32
2013.08.22 09:54:45.614,0.77125,0.77147,1.50,2.07
2013.08.22 09:54:46.153,0.77127,0.77149,1.13,2.44
2013.08.22 09:54:46.273,0.77127,0.77149,2.63,1.69
2013.08.22 09:54:46.454,0.77132,0.77151,1.13,1.50
2013.08.22 09:54:46.574,0.77133,0.77153,1.13,1.32
2013.08.22 09:54:46.813,0.77133,0.77155,1.13,1.32
2013.08.22 09:54:47.902,0.77134,0.77156,1.13,1.32
2013.08.22 09:54:48.983,0.77132,0.77155,1.50,1.13
2013.08.22 09:54:49.102,0.77132,0.77155,1.50,1.32
2013.08.22 09:54:49.643,0.77131,0.77153,1.32,1.50
2013.08.22 09:54:50.304,0.7713,0.77152,1.69,1.13
2013.08.22 09:54:50.783,0.7713,0.77152,1.50,2.07
2013.08.22 09:54:51.383,0.77129,0.77152,1.13,2.07
2013.08.22 09:54:51.503,0.77131,0.77153,1.50,2.07
2013.08.22 09:54:52.043,0.77131,0.77155,2.07,1.32
2013.08.22 09:54:52.374,0.77132,0.77155,1.32,1.32
2013.08.22 09:54:52.743,0.77131,0.77155,1.69,1.32
2013.08.22 09:54:53.368,0.77128,0.77147,1.50,1.13
2013.08.22 09:54:53.623,0.77127,0.77147,2.25,1.13
2013.08.22 09:54:56.334,0.77125,0.77146,2.63,1.13
2013.08.22 09:54:56.693,0.77126,0.77147,1.50,1.88
2013.08.22 09:54:57.233,0.77123,0.77143,1.13,1.13
2013.08.22 09:54:58.817,0.77124,0.77143,1.13,1.13
2013.08.22 09:54:59.375,0.77127,0.77143,1.13,1.13
2013.08.22 09:55:00.413,0.77127,0.77144,1.13,2.63
2013.08.22 09:55:00.967,0.77121,0.7714,1.13,2.25
2013.08.22 09:55:01.095,0.77124,0.77139,1.50,1.13
2013.08.22 09:55:01.153,0.77124,0.77139,1.50,1.13
2013.08.22 09:55:01.214,0.77124,0.77142,1.13,1.13
2013.08.22 09:55:01.397,0.77127,0.77143,1.13,1.13
2013.08.22 09:55:01.993,0.7712,0.77144,1.88,2.82
2013.08.22 09:55:02.053,0.7712,0.77143,1.88,2.44
2013.08.22 09:55:02.173,0.77122,0.77141,1.13,3.57
2013.08.22 09:55:02.973,0.77122,0.77143,1.13,1.32
2013.08.22 09:55:03.093,0.77123,0.77143,1.13,1.32
2013.08.22 09:55:03.657,0.77125,0.77144,1.13,1.13
2013.08.22 09:55:04.383,0.77125,0.77144,1.13,1.13
2013.08.22 09:55:04.562,0.77121,0.77141,1.13,1.13
2013.08.22 09:55:04.623,0.77125,0.77141,1.13,1.13
2013.08.22 09:55:05.422,0.77121,0.77141,1.13,2.07
2013.08.22 09:55:05.693,0.77121,0.7714,1.13,1.13
2013.08.22 09:55:05.932,0.77121,0.77139,1.13,1.32
2013.08.22 09:55:05.993,0.77121,0.77139,1.13,1.32
2013.08.22 09:55:06.713,0.77122,0.7714,1.13,1.50
2013.08.22 09:55:06.833,0.77122,0.77141,1.13,1.32
2013.08.22 09:55:07.903,0.77125,0.77143,1.13,1.50
2013.08.22 09:55:08.467,0.77125,0.77146,1.13,2.07
2013.08.22 09:55:09.015,0.77126,0.77146,1.13,1.69
2013.08.22 09:55:09.450,0.77126,0.77148,1.13,1.69
2013.08.22 09:55:09.694,0.77126,0.77149,1.13,1.50
2013.08.22 09:55:10.173,0.77127,0.77151,1.32,1.32
2013.08.22 09:55:10.233,0.77128,0.77152,1.13,2.44
2013.08.22 09:55:10.724,0.77131,0.77154,1.88,1.69
2013.08.22 09:55:10.904,0.77133,0.77156,1.50,1.50
2013.08.22 09:55:13.996,0.77134,0.77155,1.50,1.13
2013.08.22 09:55:14.556,0.77134,0.77156,1.88,1.50
2013.08.22 09:55:15.034,0.77137,0.7716,1.50,1.69
2013.08.22 09:55:15.583,0.77137,0.7716,1.50,1.69
2013.08.22 09:55:16.504,0.77137,0.7716,1.50,1.69
2013.08.22 09:55:16.853,0.77138,0.7716,1.50,1.50
2013.08.22 09:55:17.153,0.77141,0.77163,1.50,1.50
2013.08.22 09:55:17.613,0.77141,0.77164,1.88,1.13
2013.08.22 09:55:18.084,0.77142,0.77164,1.13,2.25
2013.08.22 09:55:18.626,0.77142,0.77164,1.13,1.88
2013.08.22 09:55:18.863,0.77139,0.77162,2.82,2.63
2013.08.22 09:55:19.163,0.7714,0.77162,1.13,1.88
2013.08.22 09:55:19.743,0.7714,0.77158,1.13,1.50
2013.08.22 09:55:19.803,0.77141,0.7716,1.13,1.50
2013.08.22 09:55:19.863,0.77141,0.77161,1.13,1.69
2013.08.22 09:55:20.413,0.77141,0.77161,1.13,1.69
2013.08.22 09:55:20.942,0.7714,0.7716,1.13,1.13
2013.08.22 09:55:21.302,0.77141,0.77158,1.13,1.13
2013.08.22 09:55:21.483,0.77137,0.77158,1.13,1.13
2013.08.22 09:55:21.547,0.77137,0.77157,1.13,1.50
2013.08.22 09:55:21.903,0.77132,0.77153,1.13,1.50
2013.08.22 09:55:22.219,0.77132,0.77152,1.13,2.63
2013.08.22 09:55:22.523,0.77133,0.77152,1.13,1.13
2013.08.22 09:55:22.585,0.77136,0.77152,1.13,1.88
2013.08.22 09:55:22.703,0.77134,0.77152,1.13,1.13
2013.08.22 09:55:23.233,0.77133,0.77153,1.13,1.13
2013.08.22 09:55:23.412,0.77134,0.77153,1.88,1.13
2013.08.22 09:55:23.728,0.77135,0.77153,1.13,1.13
2013.08.22 09:55:24.173,0.77136,0.77158,1.13,1.32
2013.08.22 09:55:24.534,0.77137,0.77159,1.13,2.07
2013.08.22 09:55:25.063,0.77138,0.77159,1.13,2.07
2013.08.22 09:55:26.794,0.77133,0.77153,1.50,1.32
2013.08.22 09:55:27.264,0.77131,0.7715,1.13,1.69
2013.08.22 09:55:27.834,0.77131,0.77149,1.13,1.13
2013.08.22 09:55:28.340,0.77132,0.7715,1.13,2.07
2013.08.22 09:55:29.333,0.77131,0.7715,1.13,2.07
2013.08.22 09:55:30.083,0.77131,0.7715,1.13,1.32
2013.08.22 09:55:30.573,0.77131,0.77152,1.13,2.07
2013.08.22 09:55:30.714,0.77134,0.77152,1.13,1.69
2013.08.22 09:55:31.133,0.77131,0.77151,1.13,1.88
2013.08.22 09:55:31.434,0.77136,0.77151,1.13,1.50
2013.08.22 09:55:31.553,0.77136,0.77153,1.13,1.50
2013.08.22 09:55:32.304,0.77136,0.77156,1.13,1.69
2013.08.22 09:55:32.423,0.77136,0.77155,1.13,1.69
2013.08.22 09:55:34.174,0.77137,0.77155,1.13,1.69
2013.08.22 09:55:34.973,0.77137,0.77155,1.13,1.69
2013.08.22 09:55:35.574,0.77137,0.77156,1.13,2.25
2013.08.22 09:55:35.824,0.77137,0.77157,1.13,1.32
2013.08.22 09:55:36.424,0.77137,0.77157,1.13,1.32
2013.08.22 09:55:36.865,0.77137,0.77154,1.13,1.50
2013.08.22 09:55:37.174,0.77137,0.77153,1.13,1.50
2013.08.22 09:55:37.688,0.77137,0.77153,1.13,1.50
2013.08.22 09:55:37.827,0.77137,0.77155,1.13,1.50
2013.08.22 09:55:38.077,0.77137,0.77157,1.13,1.69
2013.08.22 09:55:38.135,0.77137,0.77157,1.13,1.69
2013.08.22 09:55:38.376,0.77137,0.7716,1.13,2.82
2013.08.22 09:55:38.494,0.77137,0.77158,1.13,1.50
2013.08.22 09:55:39.013,0.77137,0.77156,1.13,1.50
2013.08.22 09:55:39.718,0.77137,0.77156,1.13,1.50
2013.08.22 09:55:39.844,0.77135,0.77155,1.13,1.50
2013.08.22 09:55:39.904,0.77134,0.77154,1.13,1.88
2013.08.22 09:55:39.963,0.77132,0.77154,1.13,1.88
2013.08.22 09:55:40.143,0.77132,0.77149,1.13,1.50
2013.08.22 09:55:40.503,0.77131,0.77147,1.13,1.50
2013.08.22 09:55:41.144,0.77127,0.77147,1.13,1.50
2013.08.22 09:55:41.683,0.77132,0.77147,1.13,1.50
2013.08.22 09:55:41.802,0.77132,0.7715,1.13,1.50
2013.08.22 09:55:42.475,0.77132,0.7715,1.13,1.88
2013.08.22 09:55:42.536,0.77132,0.77153,1.13,1.32
2013.08.22 09:55:42.594,0.77132,0.77153,1.13,1.32
2013.08.22 09:55:42.773,0.77132,0.77152,1.13,1.13
2013.08.22 09:55:42.833,0.77132,0.77151,1.13,1.50
2013.08.22 09:55:43.024,0.77132,0.77151,1.13,1.50
2013.08.22 09:55:44.213,0.77131,0.77149,1.13,1.88
2013.08.22 09:55:44.333,0.77127,0.77148,1.13,1.50
2013.08.22 09:55:44.573,0.77128,0.77147,1.13,1.50
2013.08.22 09:55:45.054,0.77127,0.77148,1.13,3.38
2013.08.22 09:55:45.593,0.77129,0.77148,1.13,2.25
2013.08.22 09:55:46.149,0.77128,0.77148,1.13,1.13
2013.08.22 09:55:46.354,0.77128,0.77149,1.13,2.07
2013.08.22 09:55:46.866,0.77128,0.77149,1.13,2.44
2013.08.22 09:55:47.345,0.77124,0.77148,2.07,1.50
2013.08.22 09:55:47.963,0.77124,0.77148,1.32,2.63
2013.08.22 09:55:48.456,0.77123,0.77144,1.69,1.88
2013.08.22 09:55:48.963,0.77123,0.77144,1.69,1.50
2013.08.22 09:55:49.263,0.77131,0.77147,1.13,1.50
2013.08.22 09:55:49.504,0.77126,0.77143,1.88,1.50
2013.08.22 09:55:49.863,0.77127,0.77141,1.13,1.50
2013.08.22 09:55:50.223,0.77124,0.77138,1.50,2.25
2013.08.22 09:55:50.404,0.77123,0.77137,1.50,1.50
2013.08.22 09:55:50.703,0.7712,0.77135,1.13,1.50
2013.08.22 09:55:50.884,0.77122,0.77138,1.13,1.13
2013.08.22 09:55:51.004,0.77122,0.77138,1.50,1.13
2013.08.22 09:55:51.183,0.77123,0.77138,1.50,1.13
2013.08.22 09:55:51.484,0.77124,0.7714,1.50,1.32
2013.08.22 09:55:53.624,0.77124,0.7714,1.50,1.13
2013.08.22 09:55:53.743,0.77121,0.7714,1.13,1.13
2013.08.22 09:55:54.793,0.77121,0.77139,1.13,1.88
2013.08.22 09:55:55.401,0.7712,0.77138,1.13,1.13
2013.08.22 09:55:57.053,0.77119,0.77138,1.50,1.13
2013.08.22 09:55:57.173,0.77119,0.77137,1.50,1.88
2013.08.22 09:55:57.293,0.77115,0.77134,1.13,1.13
2013.08.22 09:55:57.485,0.77115,0.77134,1.13,1.50
2013.08.22 09:55:58.915,0.77114,0.77136,1.32,1.88
2013.08.22 09:55:59.705,0.77114,0.77135,1.32,1.13
2013.08.22 09:56:01.055,0.77117,0.77136,1.13,1.13
2013.08.22 09:56:04.146,0.77117,0.77136,1.13,1.13
2013.08.22 09:56:04.453,0.77117,0.77138,2.07,1.50
2013.08.22 09:56:04.993,0.77118,0.77138,1.32,1.50
2013.08.22 09:56:05.628,0.7712,0.7714,1.88,1.13
2013.08.22 09:56:06.015,0.77119,0.77138,1.88,1.13
2013.08.22 09:56:06.256,0.77117,0.77138,1.13,1.13
2013.08.22 09:56:06.673,0.77119,0.7714,1.13,1.69
2013.08.22 09:56:07.037,0.77122,0.77141,1.13,1.88
2013.08.22 09:56:07.829,0.77119,0.77139,1.13,2.63
2013.08.22 09:56:07.893,0.77117,0.77139,1.32,2.63
2013.08.22 09:56:08.074,0.77117,0.77137,1.13,1.50
2013.08.22 09:56:08.983,0.77116,0.77136,1.13,1.88
2013.08.22 09:56:09.293,0.77112,0.77133,1.32,1.50
2013.08.22 09:56:09.625,0.77114,0.77135,1.32,2.25
2013.08.22 09:56:09.685,0.77117,0.77135,1.13,1.50
2013.08.22 09:56:09.806,0.77117,0.77137,1.13,1.50
2013.08.22 09:56:11.114,0.77113,0.77137,2.82,2.25
2013.08.22 09:56:13.133,0.77117,0.77137,1.88,1.88
2013.08.22 09:56:13.383,0.77117,0.77137,1.88,2.63
2013.08.22 09:56:14.440,0.77117,0.77137,1.88,2.63
2013.08.22 09:56:15.267,0.77117,0.77137,1.88,1.88
2013.08.22 09:56:15.813,0.77117,0.77135,1.13,1.13
2013.08.22 09:56:16.437,0.77117,0.77134,1.13,1.13
2013.08.22 09:56:16.993,0.77117,0.77135,1.13,1.50
2013.08.22 09:56:17.053,0.77117,0.77137,1.88,2.82
2013.08.22 09:56:17.234,0.7712,0.77139,1.13,2.07
2013.08.22 09:56:17.656,0.77117,0.77136,1.13,1.13
2013.08.22 09:56:18.013,0.77116,0.77134,1.88,1.50
2013.08.22 09:56:18.133,0.77119,0.77139,1.88,2.63
2013.08.22 09:56:18.553,0.77121,0.77139,1.13,2.25
2013.08.22 09:56:18.913,0.77122,0.77141,1.13,2.63
2013.08.22 09:56:19.093,0.77121,0.77142,1.88,1.69
2013.08.22 09:56:20.123,0.77121,0.77142,2.63,1.32
2013.08.22 09:56:20.654,0.77121,0.77144,2.63,2.07
2013.08.22 09:56:21.244,0.77124,0.77144,1.13,1.13
2013.08.22 09:56:22.104,0.77124,0.77145,1.88,1.69
2013.08.22 09:56:22.284,0.77127,0.77147,1.13,1.88
2013.08.22 09:56:22.643,0.77126,0.77144,1.13,1.13
2013.08.22 09:56:23.193,0.77124,0.77144,1.13,1.69
2013.08.22 09:56:24.732,0.77124,0.77144,1.13,1.69
2013.08.22 09:56:26.583,0.77122,0.7714,1.50,1.13
2013.08.22 09:56:26.704,0.77118,0.77138,1.13,1.50
2013.08.22 09:56:26.883,0.77117,0.77136,1.13,1.88
2013.08.22 09:56:27.973,0.77115,0.77136,1.13,1.13
2013.08.22 09:56:32.707,0.77115,0.77134,1.13,1.13
2013.08.22 09:56:33.493,0.77115,0.77134,1.13,1.13
2013.08.22 09:56:36.056,0.77114,0.77134,1.13,1.88
2013.08.22 09:56:36.828,0.77116,0.77134,1.13,1.13
2013.08.22 09:56:37.243,0.77116,0.77136,1.13,2.25
2013.08.22 09:56:37.483,0.77119,0.77138,1.13,1.88
2013.08.22 09:56:37.543,0.77119,0.77138,1.13,1.13
2013.08.22 09:56:37.603,0.77121,0.7714,1.13,2.82
2013.08.22 09:56:38.145,0.77123,0.7714,1.13,1.50
2013.08.22 09:56:38.695,0.77124,0.77141,1.88,2.25
2013.08.22 09:56:39.577,0.77124,0.7714,1.50,1.13
2013.08.22 09:56:40.123,0.77123,0.7714,1.50,1.13
2013.08.22 09:56:40.304,0.77118,0.77136,2.07,1.13
2013.08.22 09:56:40.424,0.77119,0.77137,1.13,1.50
2013.08.22 09:56:40.783,0.7712,0.77137,1.13,1.50
2013.08.22 09:56:41.084,0.77116,0.77136,1.69,2.63
2013.08.22 09:56:41.143,0.77116,0.77135,1.69,1.13
2013.08.22 09:56:41.263,0.77115,0.77132,1.88,1.50
2013.08.22 09:56:41.633,0.77114,0.77132,1.88,1.88
2013.08.22 09:56:42.473,0.77114,0.77132,1.88,1.88
2013.08.22 09:56:42.587,0.77114,0.77132,1.13,1.88
2013.08.22 09:56:43.054,0.77113,0.77132,1.13,1.50
2013.08.22 09:56:43.445,0.77114,0.77132,1.13,1.50
2013.08.22 09:56:43.965,0.77113,0.77132,1.88,1.50
2013.08.22 09:56:44.083,0.77114,0.77135,1.88,2.07
2013.08.22 09:56:45.753,0.77114,0.77135,1.13,1.50
2013.08.22 09:56:48.473,0.77117,0.77136,1.13,1.69
2013.08.22 09:56:50.234,0.77114,0.77135,1.13,1.50
2013.08.22 09:56:51.223,0.77113,0.77133,1.88,2.25
2013.08.22 09:56:51.463,0.77113,0.77134,1.13,1.50
2013.08.22 09:56:51.823,0.77112,0.77133,2.07,2.25
2013.08.22 09:56:52.335,0.77112,0.77133,2.07,2.25
2013.08.22 09:56:53.116,0.77115,0.77133,1.13,1.50
2013.08.22 09:56:53.647,0.77115,0.77133,1.13,1.50
2013.08.22 09:56:54.283,0.77116,0.77136,1.13,1.50
2013.08.22 09:56:54.825,0.77118,0.77139,1.13,3.57
2013.08.22 09:56:55.410,0.77118,0.7714,1.13,1.69
2013.08.22 09:56:55.933,0.77118,0.7714,1.13,1.69
2013.08.22 09:56:56.653,0.77118,0.77139,1.13,1.32
2013.08.22 09:56:57.965,0.77117,0.77139,1.13,1.69
2013.08.22 09:56:59.514,0.77117,0.77139,1.13,1.69
2013.08.22 09:57:00.055,0.77121,0.77139,1.32,1.50
2013.08.22 09:57:00.175,0.77121,0.77143,1.13,2.07
2013.08.22 09:57:00.849,0.77119,0.77142,1.13,2.07
2013.08.22 09:57:01.676,0.77119,0.77141,1.13,1.69
2013.08.22 09:57:01.794,0.77119,0.77138,1.13,1.50
2013.08.22 09:57:02.353,0.77118,0.7714,1.13,2.07
2013.08.22 09:57:03.133,0.77119,0.7714,1.13,2.07
2013.08.22 09:57:03.662,0.77118,0.7714,1.13,2.07
2013.08.22 09:57:03.933,0.77122,0.7714,1.13,1.69
2013.08.22 09:57:04.173,0.77122,0.77144,1.13,1.32
2013.08.22 09:57:04.294,0.77126,0.77145,1.13,1.69
2013.08.22 09:57:04.413,0.77126,0.77146,1.13,1.69
2013.08.22 09:57:05.223,0.77126,0.77146,1.13,2.07
2013.08.22 09:57:05.464,0.77126,0.77146,1.13,2.82
2013.08.22 09:57:06.005,0.77126,0.77146,1.13,1.50
2013.08.22 09:57:06.653,0.77126,0.77146,1.13,1.50
2013.08.22 09:57:06.975,0.77127,0.77146,1.13,1.13
2013.08.22 09:57:08.914,0.77122,0.77145,2.07,2.25
2013.08.22 09:57:08.973,0.77122,0.77143,1.88,1.32
2013.08.22 09:57:09.213,0.77121,0.77144,1.32,2.07
2013.08.22 09:57:09.574,0.77123,0.77145,2.07,1.69
2013.08.22 09:57:09.753,0.77121,0.77145,2.07,2.07
2013.08.22 09:57:10.073,0.77119,0.77139,1.13,1.88
2013.08.22 09:57:10.254,0.77124,0.77138,1.13,1.50
2013.08.22 09:57:10.373,0.77124,0.77142,1.13,1.50
2013.08.22 09:57:10.555,0.77124,0.77143,1.13,1.50
2013.08.22 09:57:11.073,0.77124,0.77144,1.88,1.50
2013.08.22 09:57:11.753,0.77127,0.77144,1.13,1.50
2013.08.22 09:57:12.054,0.77124,0.77144,1.13,1.50
2013.08.22 09:57:12.233,0.77122,0.77143,1.13,1.50
2013.08.22 09:57:12.294,0.77122,0.77141,1.88,1.13
2013.08.22 09:57:12.474,0.77121,0.77138,1.13,1.13
2013.08.22 09:57:12.534,0.77118,0.77138,1.88,3.38
2013.08.22 09:57:12.654,0.77117,0.77137,1.32,1.13
2013.08.22 09:57:13.134,0.77116,0.77132,1.13,1.13
2013.08.22 09:57:13.314,0.77113,0.77132,1.13,1.50
2013.08.22 09:57:13.375,0.77117,0.77133,1.13,1.13
2013.08.22 09:57:13.613,0.77117,0.77135,1.13,1.50
2013.08.22 09:57:13.733,0.77117,0.77136,1.13,1.69
2013.08.22 09:57:13.913,0.77117,0.77136,1.13,1.32
2013.08.22 09:57:14.513,0.77117,0.77137,1.13,1.69
2013.08.22 09:57:14.824,0.77117,0.77137,1.13,3.57
2013.08.22 09:57:15.183,0.77114,0.77132,1.13,1.13
2013.08.22 09:57:15.306,0.77114,0.77134,2.82,1.50
2013.08.22 09:57:15.365,0.77115,0.77135,1.13,1.13
2013.08.22 09:57:15.484,0.77117,0.77137,1.13,1.13
2013.08.22 09:57:16.603,0.77117,0.77135,1.13,1.13
2013.08.22 09:57:17.435,0.77115,0.77133,1.13,1.88
2013.08.22 09:57:17.703,0.77115,0.77134,1.13,1.69
2013.08.22 09:57:18.245,0.77119,0.7714,1.13,2.82
2013.08.22 09:57:19.363,0.77119,0.77136,1.88,1.13
2013.08.22 09:57:19.543,0.77114,0.77133,1.13,1.13
2013.08.22 09:57:19.733,0.77118,0.77136,1.88,1.50
2013.08.22 09:57:20.034,0.7712,0.7714,1.50,1.32
2013.08.22 09:57:20.213,0.77122,0.7714,1.13,1.32
2013.08.22 09:57:20.273,0.77122,0.7714,1.13,1.32
2013.08.22 09:57:21.133,0.77121,0.77138,1.13,1.88
2013.08.22 09:57:21.714,0.77121,0.77138,1.13,1.50
2013.08.22 09:57:22.230,0.77119,0.77138,2.63,1.69
2013.08.22 09:57:23.054,0.77119,0.77136,3.38,1.50
2013.08.22 09:57:23.173,0.77116,0.7713,1.88,1.50
2013.08.22 09:57:23.293,0.77114,0.77129,3.00,1.88
2013.08.22 09:57:23.414,0.77112,0.77129,1.88,1.13
2013.08.22 09:57:23.653,0.77112,0.7713,1.88,2.07
2013.08.22 09:57:23.715,0.77112,0.7713,1.13,1.32
2013.08.22 09:57:24.253,0.77113,0.77131,1.13,2.07
2013.08.22 09:57:24.785,0.77113,0.77131,1.13,2.07
2013.08.22 09:57:25.473,0.77113,0.77131,1.13,2.07
2013.08.22 09:57:26.014,0.77111,0.77131,1.13,2.82
2013.08.22 09:57:27.244,0.77111,0.77131,1.13,2.07
2013.08.22 09:57:27.734,0.7711,0.7713,1.88,1.32
2013.08.22 09:57:28.273,0.7711,0.77129,1.13,1.32
2013.08.22 09:57:30.173,0.77111,0.77129,1.13,1.32
2013.08.22 09:57:31.973,0.77111,0.7713,1.13,1.32
2013.08.22 09:57:33.341,0.77111,0.77127,1.13,1.50
2013.08.22 09:57:34.133,0.77111,0.77127,1.13,1.50
2013.08.22 09:57:34.791,0.77111,0.77127,1.13,1.50
2013.08.22 09:57:35.784,0.77111,0.7713,1.13,1.32
2013.08.22 09:57:36.226,0.77113,0.77136,1.13,1.50
2013.08.22 09:57:36.353,0.77117,0.77137,1.50,3.19
2013.08.22 09:57:41.485,0.77117,0.77135,1.50,1.13
2013.08.22 09:57:42.425,0.77117,0.77135,1.50,1.13
2013.08.22 09:57:43.334,0.77117,0.77134,1.50,1.50
2013.08.22 09:57:43.633,0.7711,0.77129,1.88,1.13
2013.08.22 09:57:45.213,0.7711,0.7713,1.13,1.32
2013.08.22 09:57:45.393,0.7711,0.77131,1.88,1.69
2013.08.22 09:57:45.823,0.77113,0.77134,1.13,1.50
2013.08.22 09:57:48.614,0.77113,0.77134,1.13,1.50
2013.08.22 09:57:49.265,0.77112,0.77134,1.13,1.50
2013.08.22 09:57:49.796,0.77115,0.77136,1.88,1.88
2013.08.22 09:57:50.313,0.77115,0.77136,1.88,1.13
2013.08.22 09:57:50.776,0.77113,0.77135,1.50,1.69
2013.08.22 09:57:50.903,0.77113,0.77133,1.13,2.44
2013.08.22 09:57:50.963,0.7711,0.77132,1.88,2.07
2013.08.22 09:57:51.083,0.77114,0.77133,1.13,1.88
2013.08.22 09:57:51.263,0.77112,0.77135,2.25,1.50
2013.08.22 09:57:51.323,0.77114,0.77135,1.50,2.25
2013.08.22 09:57:51.504,0.77113,0.77136,2.63,2.44
2013.08.22 09:57:52.233,0.77114,0.77136,2.25,1.32
2013.08.22 09:57:52.972,0.77115,0.77136,1.13,2.82
2013.08.22 09:57:53.673,0.77116,0.77126,1.13,1.13
2013.08.22 09:57:53.914,0.7711,0.7713,1.13,1.13
2013.08.22 09:57:54.034,0.77114,0.7713,1.50,1.50
2013.08.22 09:57:54.154,0.77117,0.77135,1.50,2.25
2013.08.22 09:57:54.214,0.77119,0.77133,1.50,1.13
2013.08.22 09:57:54.274,0.77115,0.77133,2.25,1.13
2013.08.22 09:57:54.453,0.77118,0.77138,1.50,1.69
2013.08.22 09:57:54.814,0.77122,0.77143,3.00,1.50
2013.08.22 09:57:54.875,0.77122,0.77144,2.25,1.50
2013.08.22 09:57:54.993,0.77122,0.77145,2.25,1.13
2013.08.22 09:57:55.233,0.77123,0.77144,1.88,1.50
2013.08.22 09:57:55.413,0.77124,0.77146,1.50,1.13
2013.08.22 09:57:55.653,0.77124,0.77148,1.88,1.50
2013.08.22 09:57:55.895,0.77127,0.77147,2.25,1.50
2013.08.22 09:57:56.255,0.77132,0.77149,1.50,1.50
2013.08.22 09:57:56.314,0.77132,0.77152,1.50,2.25
2013.08.22 09:57:56.616,0.77132,0.77152,1.50,3.00
2013.08.22 09:57:56.914,0.77129,0.77149,1.13,2.25
2013.08.22 09:57:56.973,0.77128,0.77146,1.50,1.50
2013.08.22 09:57:57.513,0.77123,0.77144,3.57,1.50
2013.08.22 09:57:57.573,0.77123,0.77144,3.38,1.50
2013.08.22 09:57:57.693,0.77122,0.77141,2.25,1.50
2013.08.22 09:57:58.053,0.77122,0.7714,1.50,1.50
2013.08.22 09:57:58.554,0.77123,0.7714,1.50,1.50
2013.08.22 09:57:58.973,0.77119,0.7714,1.69,1.13
2013.08.22 09:57:59.093,0.77118,0.77139,1.50,1.13
2013.08.22 09:57:59.393,0.77118,0.77137,1.50,1.50
2013.08.22 09:57:59.633,0.77114,0.77136,1.13,2.25
2013.08.22 09:58:00.593,0.77113,0.77134,1.69,1.50
2013.08.22 09:58:01.853,0.77115,0.77133,1.13,1.50
2013.08.22 09:58:01.913,0.77115,0.77135,1.13,1.50
2013.08.22 09:58:02.373,0.77115,0.77134,1.13,1.50
2013.08.22 09:58:03.930,0.77115,0.77134,1.13,1.50
2013.08.22 09:58:04.434,0.77114,0.77134,1.50,2.25
2013.08.22 09:58:04.955,0.77114,0.77134,1.50,2.25
2013.08.22 09:58:05.934,0.77113,0.77134,1.50,1.88
2013.08.22 09:58:06.784,0.77113,0.77134,1.50,1.13
2013.08.22 09:58:07.436,0.77112,0.77132,1.13,1.13
2013.08.22 09:58:07.793,0.77109,0.77127,1.88,1.13
2013.08.22 09:58:08.346,0.77109,0.77128,1.13,1.13
2013.08.22 09:58:08.464,0.77107,0.77127,2.07,1.13
2013.08.22 09:58:09.013,0.77107,0.77127,1.88,1.13
2013.08.22 09:58:09.803,0.77109,0.77128,1.13,1.88
2013.08.22 09:58:09.983,0.7711,0.77128,1.50,1.88
2013.08.22 09:58:10.689,0.77111,0.7713,1.50,1.13
2013.08.22 09:58:11.293,0.77111,0.7713,1.50,1.13
2013.08.22 09:58:14.043,0.77111,0.77131,1.50,1.50
2013.08.22 09:58:14.224,0.77113,0.77134,1.88,1.50
2013.08.22 09:58:14.637,0.77115,0.77135,1.88,1.13
2013.08.22 09:58:15.365,0.77118,0.77135,1.13,1.13
2013.08.22 09:58:15.914,0.7712,0.77137,1.13,1.13
2013.08.22 09:58:15.975,0.7712,0.77141,1.13,1.50
2013.08.22 09:58:16.094,0.7712,0.77142,1.13,1.69
2013.08.22 09:58:16.335,0.77123,0.77143,1.50,2.07
2013.08.22 09:58:16.685,0.77123,0.77145,1.88,1.13
2013.08.22 09:58:16.744,0.77123,0.77146,1.88,2.25
2013.08.22 09:58:16.805,0.77125,0.77147,1.88,1.50
2013.08.22 09:58:16.984,0.77129,0.77153,2.25,2.25
2013.08.22 09:58:17.043,0.77132,0.77153,1.50,1.50
2013.08.22 09:58:17.293,0.7713,0.77153,1.50,1.88
2013.08.22 09:58:17.413,0.7713,0.77152,1.50,1.50
2013.08.22 09:58:17.473,0.77127,0.77151,1.50,1.50
2013.08.22 09:58:17.653,0.77126,0.77148,1.50,1.50
2013.08.22 09:58:17.833,0.77124,0.77147,1.50,1.13
2013.08.22 09:58:17.893,0.77125,0.77146,1.50,1.13
2013.08.22 09:58:19.037,0.77125,0.77146,1.50,1.50
2013.08.22 09:58:19.393,0.77122,0.77144,1.50,1.13
2013.08.22 09:58:19.865,0.77122,0.77143,1.50,1.13
2013.08.22 09:58:20.104,0.77116,0.77137,1.13,1.50
2013.08.22 09:58:20.168,0.77114,0.77137,2.07,1.50
2013.08.22 09:58:21.246,0.77114,0.77134,1.13,1.13
2013.08.22 09:58:23.043,0.77114,0.77134,2.07,1.13
2013.08.22 09:58:24.353,0.77118,0.77135,1.50,1.13
2013.08.22 09:58:24.843,0.77116,0.77133,1.50,1.13
2013.08.22 09:58:24.903,0.77114,0.77133,1.50,1.13
2013.08.22 09:58:25.023,0.77114,0.77133,1.88,1.13
2013.08.22 09:58:27.923,0.77115,0.77131,1.13,1.13
2013.08.22 09:58:28.043,0.77115,0.77134,1.13,2.07
2013.08.22 09:58:28.643,0.77115,0.77134,1.13,1.88
2013.08.22 09:58:29.185,0.77117,0.77134,1.50,1.13
2013.08.22 09:58:29.790,0.77117,0.77134,1.50,1.13
2013.08.22 09:58:30.964,0.77117,0.77134,1.50,1.13
2013.08.22 09:58:31.407,0.77117,0.77134,1.50,1.13
2013.08.22 09:58:31.703,0.77114,0.77134,2.07,1.13
2013.08.22 09:58:34.824,0.77113,0.77134,1.13,1.88
2013.08.22 09:58:34.884,0.77113,0.77131,1.13,1.13
2013.08.22 09:58:34.945,0.77112,0.77129,1.13,1.13
2013.08.22 09:58:36.226,0.7711,0.7713,1.32,1.13
2013.08.22 09:58:36.892,0.7711,0.7713,1.32,1.13
2013.08.22 09:58:42.653,0.77112,0.7713,1.13,1.13
2013.08.22 09:58:42.715,0.77112,0.7713,1.13,1.13
2013.08.22 09:58:42.774,0.7711,0.77122,1.50,1.13
2013.08.22 09:58:42.953,0.77103,0.77121,1.13,1.13
2013.08.22 09:58:43.434,0.77097,0.77118,1.50,1.13
2013.08.22 09:58:43.794,0.77097,0.77116,2.63,1.13
2013.08.22 09:58:43.854,0.77097,0.77116,1.50,1.13
2013.08.22 09:58:43.974,0.77093,0.77111,1.13,1.88
2013.08.22 09:58:44.034,0.77092,0.77111,1.13,1.88
2013.08.22 09:58:44.093,0.77091,0.77108,1.32,1.13
2013.08.22 09:58:45.064,0.77091,0.77108,1.32,1.13
2013.08.22 09:58:47.464,0.77092,0.77113,1.88,1.13
2013.08.22 09:58:48.036,0.77092,0.77114,1.13,1.88
2013.08.22 09:58:48.154,0.77099,0.77116,1.13,1.50
2013.08.22 09:58:48.215,0.77099,0.77117,1.13,1.13
2013.08.22 09:58:48.393,0.77099,0.77117,1.13,1.88
2013.08.22 09:58:48.634,0.7709,0.77108,1.13,1.13
2013.08.22 09:58:48.694,0.77087,0.77108,1.88,1.13
2013.08.22 09:58:48.754,0.77087,0.77108,1.13,1.13
2013.08.22 09:58:49.235,0.77087,0.77108,1.13,1.13
2013.08.22 09:58:49.593,0.7709,0.77109,2.07,1.13
2013.08.22 09:58:50.154,0.7709,0.77111,2.07,1.13
2013.08.22 09:58:55.810,0.7709,0.77111,2.25,1.13
2013.08.22 09:58:56.139,0.7709,0.77106,1.50,1.13
2013.08.22 09:58:56.694,0.77084,0.77106,1.32,1.13
2013.08.22 09:59:00.354,0.77084,0.77105,1.32,1.13
2013.08.22 09:59:00.593,0.77082,0.77104,2.07,1.88
2013.08.22 09:59:01.023,0.77084,0.77104,1.13,1.50
2013.08.22 09:59:02.634,0.77085,0.77105,1.88,1.13
2013.08.22 09:59:03.424,0.77087,0.77106,1.13,1.13
2013.08.22 09:59:03.543,0.77087,0.77107,1.13,1.13
2013.08.22 09:59:03.603,0.77085,0.77107,1.88,1.88
2013.08.22 09:59:05.513,0.77091,0.77109,1.13,1.32
2013.08.22 09:59:05.633,0.77092,0.77111,1.13,2.07
2013.08.22 09:59:05.993,0.77094,0.77112,1.50,1.50
2013.08.22 09:59:06.173,0.77091,0.77112,1.50,1.69
2013.08.22 09:59:06.644,0.7709,0.77108,2.44,1.13
2013.08.22 09:59:06.707,0.7709,0.77108,2.44,1.13
2013.08.22 09:59:06.955,0.77092,0.77108,1.50,1.13
2013.08.22 09:59:07.193,0.77087,0.77108,2.82,1.13
2013.08.22 09:59:08.273,0.77087,0.77108,3.57,1.13
2013.08.22 09:59:08.901,0.77087,0.77108,3.19,1.13
2013.08.22 09:59:10.470,0.77088,0.77108,1.32,1.13
2013.08.22 09:59:10.783,0.77089,0.77108,3.38,1.13
2013.08.22 09:59:11.225,0.77092,0.77108,1.50,1.13
2013.08.22 09:59:11.525,0.77088,0.77107,1.50,1.13
2013.08.22 09:59:11.584,0.77087,0.77104,1.50,1.13
2013.08.22 09:59:12.013,0.77085,0.77104,2.25,1.13
2013.08.22 09:59:13.399,0.77085,0.77104,3.00,1.13
2013.08.22 09:59:14.180,0.77085,0.77104,2.25,1.13
2013.08.22 09:59:14.684,0.77085,0.77101,1.50,1.13
2013.08.22 09:59:15.806,0.77084,0.77101,2.25,1.13
2013.08.22 09:59:29.093,0.77084,0.77106,3.19,1.88
2013.08.22 09:59:29.584,0.77087,0.77107,1.13,1.32
2013.08.22 09:59:29.643,0.77087,0.77107,2.63,1.32
2013.08.22 09:59:30.183,0.77091,0.77112,1.50,1.88
2013.08.22 09:59:30.724,0.77089,0.77109,1.50,1.13
2013.08.22 09:59:31.044,0.77092,0.77111,2.63,1.13
2013.08.22 09:59:31.103,0.77093,0.77111,1.50,1.13
2013.08.22 09:59:31.283,0.77095,0.77111,1.50,1.13
2013.08.22 09:59:34.235,0.77095,0.77114,1.50,2.25
2013.08.22 09:59:35.124,0.77093,0.77111,1.88,1.13
2013.08.22 09:59:35.462,0.77091,0.77114,2.44,3.00
2013.08.22 09:59:36.084,0.77091,0.77113,2.44,2.25
2013.08.22 09:59:36.660,0.77091,0.77114,1.69,3.19
2013.08.22 09:59:38.953,0.77091,0.77114,2.07,4.32
2013.08.22 09:59:39.757,0.77091,0.77114,2.07,2.44
2013.08.22 09:59:40.685,0.77091,0.77114,2.07,2.44
2013.08.22 09:59:41.174,0.77096,0.77114,1.88,1.32
2013.08.22 09:59:42.191,0.77096,0.77116,1.88,2.07
2013.08.22 09:59:42.694,0.77096,0.77114,1.50,1.13
2013.08.22 09:59:43.203,0.77096,0.77113,1.50,1.13
2013.08.22 09:59:43.744,0.77093,0.77113,2.25,1.13
2013.08.22 09:59:44.766,0.77092,0.77113,3.57,1.88
2013.08.22 09:59:44.872,0.77092,0.77113,3.19,1.88
2013.08.22 09:59:45.745,0.77092,0.77112,2.44,1.13
2013.08.22 09:59:46.113,0.77091,0.77111,2.82,1.88
2013.08.22 09:59:46.643,0.77091,0.77111,2.07,1.88
2013.08.22 09:59:49.303,0.77091,0.77112,1.69,1.13
2013.08.22 09:59:49.423,0.7709,0.77111,1.13,1.88
2013.08.22 09:59:49.723,0.77085,0.77107,2.07,1.50
2013.08.22 09:59:49.843,0.77085,0.77105,2.07,1.13
2013.08.22 09:59:51.633,0.77084,0.77105,2.07,2.63
2013.08.22 09:59:51.693,0.77082,0.77104,1.32,1.13
2013.08.22 09:59:52.585,0.77082,0.77105,2.07,2.07
2013.08.22 09:59:52.703,0.77088,0.77105,1.13,1.13
2013.08.22 09:59:53.263,0.77091,0.77111,1.13,1.88
2013.08.22 09:59:53.564,0.77089,0.77109,1.13,1.13
2013.08.22 09:59:53.864,0.77086,0.77107,1.13,1.13
2013.08.22 09:59:54.381,0.77086,0.77107,1.13,1.88
2013.08.22 09:59:55.117,0.77088,0.77106,1.13,1.13
2013.08.22 09:59:55.668,0.7709,0.77111,1.13,2.63
2013.08.22 09:59:55.793,0.77087,0.77107,1.32,1.13
2013.08.22 09:59:55.914,0.77086,0.77106,2.07,1.13
2013.08.22 09:59:56.153,0.77084,0.77103,1.32,1.13
2013.08.22 09:59:56.213,0.77084,0.77101,1.32,1.13
2013.08.22 09:59:56.333,0.77082,0.77098,1.32,1.13
2013.08.22 09:59:56.454,0.77081,0.77098,1.32,1.13
2013.08.22 09:59:56.984,0.77081,0.771,1.32,1.13
2013.08.22 09:59:57.344,0.77081,0.77102,2.63,1.88
2013.08.22 09:59:57.463,0.77083,0.77104,1.13,1.88
2013.08.22 09:59:57.773,0.77083,0.77104,1.88,1.13
2013.08.22 09:59:59.314,0.77083,0.771,1.88,1.13
2013.08.22 09:59:59.434,0.7708,0.77098,2.07,1.13
