2018.02.09 06:00:00.116,0.78554,0.78566,1.69,2.44
2018.02.09 06:00:00.167,0.78556,0.78566,1.00,1.50
2018.02.09 06:00:00.473,0.78559,0.78568,1.50,1.00
2018.02.09 06:00:00.524,0.7856,0.7857,1.00,1.12
2018.02.09 06:00:00.686,0.78561,0.78572,1.25,1.25
2018.02.09 06:00:01.005,0.78561,0.78571,1.00,1.44
2018.02.09 06:00:01.514,0.78561,0.78572,1.00,2.06
2018.02.09 06:00:01.758,0.7856,0.7857,1.00,1.00
2018.02.09 06:00:02.284,0.78561,0.78572,1.50,2.25
2018.02.09 06:00:02.672,0.78562,0.78573,1.00,1.25
2018.02.09 06:00:02.789,0.78564,0.78573,1.00,1.25
2018.02.09 06:00:03.231,0.78564,0.78575,1.50,2.62
2018.02.09 06:00:03.282,0.78566,0.78576,1.00,2.44
2018.02.09 06:00:03.384,0.78564,0.78576,1.50,3.94
2018.02.09 06:00:03.928,0.78564,0.78575,1.50,1.50
2018.02.09 06:00:04.247,0.78565,0.78576,1.25,1.69
2018.02.09 06:00:04.781,0.78566,0.78577,1.50,1.88
2018.02.09 06:00:05.329,0.78566,0.78577,1.50,1.69
2018.02.09 06:00:05.834,0.78567,0.78578,1.00,2.25
2018.02.09 06:00:06.363,0.78567,0.78578,1.00,1.12
2018.02.09 06:00:07.373,0.78567,0.78578,1.63,1.25
2018.02.09 06:00:07.526,0.78571,0.78579,1.00,1.00
2018.02.09 06:00:07.578,0.78571,0.78582,1.69,2.06
2018.02.09 06:00:07.629,0.78573,0.78582,1.50,1.31
2018.02.09 06:00:08.111,0.78575,0.78585,1.69,1.00
2018.02.09 06:00:08.265,0.78577,0.78588,1.25,3.19
2018.02.09 06:00:08.317,0.78579,0.78588,1.50,1.25
2018.02.09 06:00:08.470,0.7858,0.7859,1.00,1.25
2018.02.09 06:00:08.674,0.78585,0.78594,1.00,1.25
2018.02.09 06:00:08.777,0.78586,0.78596,1.00,1.00
2018.02.09 06:00:08.996,0.78587,0.78598,1.00,1.50
2018.02.09 06:00:09.544,0.78588,0.78598,1.00,1.50
2018.02.09 06:00:09.696,0.7859,0.786,1.00,1.88
2018.02.09 06:00:09.949,0.78588,0.78599,1.12,1.25
2018.02.09 06:00:10.471,0.7859,0.786,1.00,2.25
2018.02.09 06:00:10.686,0.78586,0.78596,1.00,1.50
2018.02.09 06:00:10.737,0.78584,0.78593,1.50,1.00
2018.02.09 06:00:11.525,0.78583,0.78594,1.00,1.25
2018.02.09 06:00:12.064,0.78582,0.78592,1.00,1.25
2018.02.09 06:00:12.268,0.78582,0.78594,1.50,1.69
2018.02.09 06:00:12.658,0.78582,0.78591,1.00,1.00
2018.02.09 06:00:13.187,0.78581,0.78591,1.12,1.00
2018.02.09 06:00:14.115,0.78582,0.7859,1.00,1.69
2018.02.09 06:00:14.166,0.78578,0.78588,1.00,1.50
2018.02.09 06:00:16.174,0.78577,0.78588,1.00,1.50
2018.02.09 06:00:16.422,0.78576,0.78586,1.50,1.00
2018.02.09 06:00:16.523,0.78574,0.78585,1.00,1.00
2018.02.09 06:00:16.690,0.78576,0.78585,1.00,1.00
2018.02.09 06:00:17.050,0.78577,0.78587,1.00,1.00
2018.02.09 06:00:17.600,0.78576,0.78586,1.00,1.69
2018.02.09 06:00:19.179,0.78575,0.78586,1.00,2.81
2018.02.09 06:00:19.983,0.78572,0.7858,1.00,1.25
2018.02.09 06:00:20.086,0.78569,0.78579,1.69,1.00
2018.02.09 06:00:20.137,0.78571,0.78576,1.00,1.00
2018.02.09 06:00:20.445,0.78567,0.78576,1.00,1.00
2018.02.09 06:00:20.971,0.78566,0.78575,1.50,1.00
2018.02.09 06:00:21.022,0.78565,0.78573,1.00,1.00
2018.02.09 06:00:21.174,0.78561,0.78571,1.25,1.00
2018.02.09 06:00:21.225,0.7856,0.78569,1.50,1.00
2018.02.09 06:00:21.773,0.78559,0.78569,1.50,1.00
2018.02.09 06:00:22.700,0.78559,0.78571,1.50,2.81
2018.02.09 06:00:23.243,0.78559,0.7857,1.69,1.00
2018.02.09 06:00:26.069,0.78559,0.78569,1.00,1.00
2018.02.09 06:00:26.120,0.78557,0.78568,2.25,1.25
2018.02.09 06:00:26.222,0.78555,0.78567,2.25,2.44
2018.02.09 06:00:28.310,0.78556,0.78567,1.25,1.50
2018.02.09 06:00:28.723,0.78558,0.78569,1.00,3.75
2018.02.09 06:00:29.264,0.78558,0.78569,1.00,1.50
2018.02.09 06:00:29.571,0.78562,0.78573,1.00,3.00
2018.02.09 06:00:30.090,0.78561,0.78572,1.00,1.69
2018.02.09 06:00:32.875,0.7856,0.78572,1.50,3.94
2018.02.09 06:00:33.477,0.7856,0.78571,1.00,1.00
2018.02.09 06:00:34.029,0.7856,0.78572,1.50,3.19
2018.02.09 06:00:34.436,0.78561,0.7857,1.00,1.00
2018.02.09 06:00:34.589,0.78561,0.78572,1.00,1.69
2018.02.09 06:00:34.869,0.78563,0.78572,1.00,1.00
2018.02.09 06:00:35.350,0.78563,0.78574,1.00,1.69
2018.02.09 06:00:37.146,0.78564,0.78574,1.00,1.00
2018.02.09 06:00:37.248,0.78562,0.78573,2.62,1.88
2018.02.09 06:00:37.778,0.78563,0.78572,1.00,1.00
2018.02.09 06:00:38.304,0.78563,0.78573,1.00,1.13
2018.02.09 06:00:39.704,0.78563,0.78574,1.25,1.25
2018.02.09 06:00:40.377,0.78563,0.78573,1.25,1.00
2018.02.09 06:00:40.921,0.78562,0.78572,1.00,2.44
2018.02.09 06:00:41.109,0.7856,0.78572,2.44,2.63
2018.02.09 06:00:41.312,0.7856,0.78568,1.00,1.00
2018.02.09 06:00:41.413,0.78557,0.78567,1.69,1.50
2018.02.09 06:00:41.616,0.78555,0.78566,2.06,1.25
2018.02.09 06:00:42.669,0.78555,0.78567,2.62,2.44
2018.02.09 06:00:43.198,0.78555,0.78566,2.06,1.25
2018.02.09 06:00:44.567,0.78555,0.78565,1.87,1.00
2018.02.09 06:00:45.104,0.78555,0.78567,3.37,2.63
2018.02.09 06:00:45.651,0.78556,0.78567,1.25,1.69
2018.02.09 06:00:46.246,0.78557,0.78568,1.50,1.88
2018.02.09 06:00:51.298,0.78557,0.78567,1.00,1.44
2018.02.09 06:00:51.562,0.78553,0.78564,2.63,1.00
2018.02.09 06:00:51.672,0.78555,0.78564,1.00,1.00
2018.02.09 06:00:52.012,0.78553,0.78562,1.00,1.25
2018.02.09 06:00:53.594,0.78553,0.7856,1.00,1.00
2018.02.09 06:00:53.696,0.78546,0.78556,1.00,1.88
2018.02.09 06:00:54.207,0.78545,0.78555,1.12,1.25
2018.02.09 06:00:54.975,0.78547,0.78556,1.00,1.88
2018.02.09 06:00:56.328,0.78547,0.78557,1.00,2.44
2018.02.09 06:00:58.369,0.78545,0.78557,1.87,2.63
2018.02.09 06:00:58.891,0.78545,0.78556,2.81,1.00
2018.02.09 06:00:59.095,0.78547,0.78557,1.00,1.00
2018.02.09 06:00:59.402,0.78549,0.78559,1.00,1.88
2018.02.09 06:01:00.268,0.78549,0.78559,1.00,1.69
2018.02.09 06:01:00.669,0.78551,0.7856,1.00,1.88
2018.02.09 06:01:01.287,0.78548,0.78559,3.00,1.00
2018.02.09 06:01:01.783,0.7855,0.78561,1.25,1.00
2018.02.09 06:01:01.936,0.78552,0.78563,1.00,1.69
2018.02.09 06:01:02.273,0.7855,0.7856,1.25,1.00
2018.02.09 06:01:02.785,0.7855,0.78559,1.00,1.25
2018.02.09 06:01:03.050,0.78548,0.78558,1.25,1.00
2018.02.09 06:01:03.395,0.78549,0.78558,1.44,1.00
2018.02.09 06:01:03.927,0.78549,0.78558,1.25,1.00
2018.02.09 06:01:05.050,0.78549,0.7856,1.88,1.12
2018.02.09 06:01:05.469,0.78548,0.78557,1.00,1.00
2018.02.09 06:01:06.745,0.78549,0.78559,1.88,1.00
2018.02.09 06:01:06.848,0.7855,0.78561,1.88,1.00
2018.02.09 06:01:06.950,0.78551,0.78561,1.44,1.00
2018.02.09 06:01:08.201,0.7855,0.78561,1.88,1.50
2018.02.09 06:01:09.366,0.78551,0.78563,1.88,2.81
2018.02.09 06:01:10.032,0.78551,0.78562,1.88,1.00
2018.02.09 06:01:10.635,0.78551,0.78563,2.63,2.81
2018.02.09 06:01:11.166,0.78551,0.78561,1.00,1.88
2018.02.09 06:01:11.217,0.78549,0.7856,2.44,1.00
2018.02.09 06:01:13.129,0.78552,0.78561,1.44,2.25
2018.02.09 06:01:13.230,0.78553,0.78565,2.63,3.37
2018.02.09 06:01:13.433,0.78556,0.78567,1.50,1.69
2018.02.09 06:01:14.239,0.78558,0.78569,1.00,3.00
2018.02.09 06:01:14.746,0.78558,0.78569,1.50,2.06
2018.02.09 06:01:15.999,0.78559,0.78569,1.50,1.87
2018.02.09 06:01:16.309,0.78568,0.78578,1.00,1.37
2018.02.09 06:01:16.412,0.78568,0.78579,2.63,1.00
2018.02.09 06:01:16.942,0.7857,0.78581,1.00,1.50
2018.02.09 06:01:17.466,0.7857,0.78581,1.00,1.31
2018.02.09 06:01:18.338,0.78573,0.78583,1.00,1.25
2018.02.09 06:01:19.088,0.78573,0.78584,1.69,1.31
2018.02.09 06:01:20.458,0.78573,0.78584,2.63,1.00
2018.02.09 06:01:21.168,0.78573,0.78584,1.69,1.00
2018.02.09 06:01:23.931,0.78573,0.78582,1.00,1.25
2018.02.09 06:01:24.033,0.7857,0.7858,2.25,1.00
2018.02.09 06:01:24.137,0.78568,0.7858,2.44,2.62
2018.02.09 06:01:24.239,0.78568,0.78578,1.25,1.00
2018.02.09 06:01:25.941,0.78569,0.78578,1.00,1.00
2018.02.09 06:01:26.830,0.78569,0.7858,1.50,2.06
2018.02.09 06:01:27.598,0.7857,0.78582,1.50,3.19
2018.02.09 06:01:29.195,0.78571,0.78582,1.00,1.69
2018.02.09 06:01:29.741,0.78572,0.78584,1.50,4.69
2018.02.09 06:01:30.287,0.78571,0.78582,1.50,1.69
2018.02.09 06:01:30.944,0.78571,0.78581,1.00,1.00
2018.02.09 06:01:31.391,0.78572,0.78583,1.50,2.06
2018.02.09 06:01:32.010,0.78573,0.78584,1.50,1.25
2018.02.09 06:01:32.571,0.78573,0.78585,1.50,1.50
2018.02.09 06:01:33.076,0.78573,0.78584,1.00,1.00
2018.02.09 06:01:33.127,0.78572,0.78582,1.00,1.87
2018.02.09 06:01:33.586,0.7857,0.7858,1.50,1.00
2018.02.09 06:01:34.896,0.78569,0.7858,1.50,1.00
2018.02.09 06:01:43.079,0.78572,0.78583,1.00,3.94
2018.02.09 06:01:43.184,0.7857,0.78582,2.25,2.06
2018.02.09 06:01:43.395,0.78572,0.78583,1.50,3.94
2018.02.09 06:01:45.592,0.78572,0.78581,1.00,1.00
2018.02.09 06:01:45.644,0.7857,0.78581,1.00,1.00
2018.02.09 06:01:46.193,0.78569,0.78581,2.25,1.69
2018.02.09 06:01:46.399,0.78571,0.78582,1.50,1.12
2018.02.09 06:01:46.725,0.78574,0.78584,1.00,1.25
2018.02.09 06:01:46.776,0.78572,0.78583,1.87,1.69
2018.02.09 06:01:47.294,0.78572,0.78582,1.00,1.25
2018.02.09 06:01:47.854,0.78572,0.78583,1.00,1.25
2018.02.09 06:01:48.496,0.78573,0.78584,1.50,1.25
2018.02.09 06:01:49.013,0.78574,0.78585,1.00,2.44
2018.02.09 06:01:50.610,0.78573,0.78585,1.50,2.44
2018.02.09 06:01:51.155,0.78574,0.78585,1.00,1.25
2018.02.09 06:01:52.380,0.78576,0.78586,1.00,2.81
2018.02.09 06:01:52.431,0.78574,0.78585,1.50,1.25
2018.02.09 06:01:52.635,0.78572,0.78584,2.62,2.44
2018.02.09 06:01:52.833,0.78572,0.78582,2.62,1.00
2018.02.09 06:01:53.165,0.78569,0.78578,1.00,1.00
2018.02.09 06:01:53.715,0.78568,0.78578,1.50,1.00
2018.02.09 06:01:54.450,0.78568,0.7858,3.00,2.62
2018.02.09 06:01:54.501,0.7857,0.7858,1.00,1.87
2018.02.09 06:01:54.804,0.78568,0.78578,1.50,1.00
2018.02.09 06:01:54.855,0.78568,0.7858,2.25,2.81
2018.02.09 06:01:54.906,0.78569,0.78578,1.00,1.00
2018.02.09 06:01:54.957,0.78569,0.7858,2.25,1.12
2018.02.09 06:01:55.531,0.7857,0.7858,1.00,1.12
2018.02.09 06:01:56.791,0.78568,0.78578,1.00,1.00
2018.02.09 06:01:57.298,0.78567,0.78578,1.00,1.00
2018.02.09 06:01:57.621,0.78569,0.7858,1.50,2.62
2018.02.09 06:02:02.264,0.78567,0.78579,2.25,2.44
2018.02.09 06:02:02.873,0.78567,0.78578,1.50,1.00
2018.02.09 06:02:03.413,0.78568,0.78579,1.00,1.69
2018.02.09 06:02:04.294,0.78569,0.7858,1.00,2.62
2018.02.09 06:02:05.239,0.78569,0.78579,1.00,1.25
2018.02.09 06:02:05.546,0.78567,0.78578,1.50,1.69
2018.02.09 06:02:07.689,0.78567,0.78577,2.25,1.00
2018.02.09 06:02:08.216,0.78567,0.78575,1.00,1.00
2018.02.09 06:02:08.268,0.78565,0.78575,1.50,1.00
2018.02.09 06:02:08.320,0.78565,0.78577,1.50,2.81
2018.02.09 06:02:08.423,0.78567,0.78577,1.00,2.06
2018.02.09 06:02:08.985,0.78567,0.78576,1.50,1.00
2018.02.09 06:02:09.088,0.78564,0.78574,1.00,1.00
2018.02.09 06:02:09.603,0.78562,0.78573,1.50,1.00
2018.02.09 06:02:10.962,0.78561,0.78573,1.87,3.19
2018.02.09 06:02:11.015,0.7856,0.78571,1.69,1.00
2018.02.09 06:02:11.733,0.78561,0.78571,1.00,1.00
2018.02.09 06:02:12.473,0.78562,0.78573,2.44,1.00
2018.02.09 06:02:13.418,0.78562,0.78572,1.69,1.00
2018.02.09 06:02:13.954,0.78561,0.78572,1.12,1.00
2018.02.09 06:02:19.378,0.7856,0.78569,1.00,1.00
2018.02.09 06:02:19.595,0.78557,0.78567,1.25,1.00
2018.02.09 06:02:19.885,0.78559,0.7857,1.50,1.88
2018.02.09 06:02:20.434,0.78559,0.7857,1.69,1.00
2018.02.09 06:02:20.777,0.78557,0.78567,1.00,1.00
2018.02.09 06:02:21.083,0.78559,0.78568,1.00,1.12
2018.02.09 06:02:21.468,0.78556,0.78567,1.00,1.50
2018.02.09 06:02:21.519,0.78555,0.78565,2.25,1.00
2018.02.09 06:02:22.674,0.78557,0.78566,1.00,1.00
2018.02.09 06:02:22.877,0.78558,0.78568,1.00,1.12
2018.02.09 06:02:23.388,0.78558,0.78567,1.00,1.00
2018.02.09 06:02:23.946,0.78557,0.78567,1.00,1.00
2018.02.09 06:02:26.161,0.78556,0.78565,1.00,1.00
2018.02.09 06:02:27.905,0.78555,0.78564,1.00,1.00
2018.02.09 06:02:29.065,0.78554,0.78564,1.00,1.00
2018.02.09 06:02:29.621,0.78552,0.78564,2.25,2.44
2018.02.09 06:02:29.673,0.78553,0.78561,1.00,1.00
2018.02.09 06:02:29.724,0.78553,0.78563,1.00,1.50
2018.02.09 06:02:29.972,0.78552,0.7856,1.00,1.00
2018.02.09 06:02:30.227,0.78549,0.78559,1.00,1.50
2018.02.09 06:02:30.483,0.78549,0.78557,1.00,1.00
2018.02.09 06:02:31.026,0.78548,0.78557,1.69,1.00
2018.02.09 06:02:31.552,0.78549,0.7856,1.00,1.00
2018.02.09 06:02:32.573,0.78549,0.78558,1.00,1.00
2018.02.09 06:02:32.962,0.78551,0.7856,1.00,1.00
2018.02.09 06:02:33.484,0.78551,0.78559,1.00,1.00
2018.02.09 06:02:33.535,0.78549,0.78559,1.69,1.00
2018.02.09 06:02:34.314,0.7855,0.78559,1.00,1.00
2018.02.09 06:02:39.390,0.7855,0.78561,1.50,1.00
2018.02.09 06:02:40.613,0.78551,0.78561,1.00,1.00
2018.02.09 06:02:42.297,0.7855,0.78561,1.50,1.69
2018.02.09 06:02:42.936,0.7855,0.7856,1.00,1.00
2018.02.09 06:02:44.977,0.78549,0.7856,1.69,1.00
2018.02.09 06:02:45.295,0.78547,0.78558,2.62,1.00
2018.02.09 06:02:47.049,0.78547,0.78557,1.00,1.50
2018.02.09 06:02:48.374,0.78545,0.78557,4.12,1.50
2018.02.09 06:02:50.488,0.78545,0.78556,2.62,1.00
2018.02.09 06:02:50.539,0.78544,0.78554,2.25,1.00
2018.02.09 06:02:50.642,0.78543,0.78554,1.00,1.00
2018.02.09 06:02:50.693,0.78542,0.78552,1.25,1.00
2018.02.09 06:02:51.243,0.78543,0.78552,1.00,1.00
2018.02.09 06:02:52.971,0.78542,0.78552,1.00,1.00
2018.02.09 06:02:54.467,0.78543,0.78552,1.00,1.00
2018.02.09 06:02:54.518,0.78543,0.78554,1.69,1.50
2018.02.09 06:02:54.570,0.78546,0.78556,1.25,3.00
2018.02.09 06:02:54.724,0.78548,0.78558,1.00,1.12
2018.02.09 06:02:55.263,0.78549,0.78559,1.00,1.00
2018.02.09 06:02:55.845,0.78548,0.78559,1.00,1.00
2018.02.09 06:02:56.687,0.78547,0.78559,1.50,2.44
2018.02.09 06:03:00.431,0.78547,0.78556,1.00,1.00
2018.02.09 06:03:01.007,0.78546,0.78556,1.50,1.00
2018.02.09 06:03:01.617,0.78545,0.78555,1.00,1.50
2018.02.09 06:03:02.047,0.78543,0.78555,3.00,3.37
2018.02.09 06:03:02.551,0.78543,0.78554,1.00,1.50
2018.02.09 06:03:02.834,0.78542,0.78552,1.00,1.00
2018.02.09 06:03:05.336,0.7854,0.78552,4.69,1.00
2018.02.09 06:03:06.132,0.7854,0.78551,3.00,1.00
2018.02.09 06:03:07.173,0.7854,0.78552,3.75,1.69
2018.02.09 06:03:08.431,0.7854,0.78551,3.00,1.00
2018.02.09 06:03:10.599,0.7854,0.78552,3.75,1.69
2018.02.09 06:03:12.340,0.7854,0.78551,2.25,1.25
2018.02.09 06:03:12.855,0.7854,0.7855,1.50,1.00
2018.02.09 06:03:13.763,0.78539,0.78549,1.00,1.00
2018.02.09 06:03:14.070,0.78537,0.78545,1.00,1.00
2018.02.09 06:03:14.784,0.78537,0.78543,1.00,1.00
2018.02.09 06:03:14.835,0.78535,0.78543,1.00,1.00
2018.02.09 06:03:15.402,0.78534,0.78543,1.00,1.00
2018.02.09 06:03:15.886,0.78532,0.78543,1.00,1.69
2018.02.09 06:03:15.937,0.78532,0.7854,1.00,1.00
2018.02.09 06:03:16.547,0.78531,0.7854,1.00,1.00
2018.02.09 06:03:17.019,0.78532,0.78542,1.00,1.00
2018.02.09 06:03:17.932,0.78534,0.78544,1.00,1.69
2018.02.09 06:03:18.236,0.78536,0.78545,1.00,1.00
2018.02.09 06:03:21.295,0.78538,0.78545,1.50,1.00
2018.02.09 06:03:21.397,0.78541,0.78551,1.00,2.44
2018.02.09 06:03:23.244,0.78542,0.78553,1.69,1.00
2018.02.09 06:03:23.400,0.78544,0.78556,2.25,3.19
2018.02.09 06:03:23.451,0.78545,0.78556,1.00,1.50
2018.02.09 06:03:23.983,0.78544,0.78556,3.19,2.25
2018.02.09 06:03:24.118,0.78544,0.78554,1.50,1.00
2018.02.09 06:03:24.697,0.78543,0.78554,1.12,2.44
2018.02.09 06:03:25.287,0.78544,0.78554,2.44,1.00
2018.02.09 06:03:25.817,0.78545,0.78554,1.00,1.00
2018.02.09 06:03:26.423,0.78544,0.78554,2.44,1.00
2018.02.09 06:03:29.401,0.78545,0.78555,1.00,1.00
2018.02.09 06:03:29.946,0.78545,0.78556,1.50,1.00
2018.02.09 06:03:36.014,0.78545,0.78555,1.00,1.00
2018.02.09 06:03:36.529,0.78544,0.78555,2.44,1.00
2018.02.09 06:03:37.030,0.78545,0.78555,1.00,1.00
2018.02.09 06:03:38.656,0.78546,0.78555,1.00,1.00
2018.02.09 06:03:39.218,0.78546,0.78556,1.00,1.87
2018.02.09 06:03:39.896,0.78545,0.78556,1.50,1.87
2018.02.09 06:03:40.882,0.78546,0.78556,1.00,1.87
2018.02.09 06:03:41.699,0.78545,0.78556,1.50,1.87
2018.02.09 06:03:45.860,0.78545,0.78554,1.00,1.00
2018.02.09 06:03:46.615,0.78544,0.78553,1.00,1.00
2018.02.09 06:03:49.611,0.78542,0.78553,3.56,1.00
2018.02.09 06:03:49.713,0.78544,0.78553,1.00,1.12
2018.02.09 06:03:49.866,0.78544,0.78555,1.69,2.25
2018.02.09 06:03:51.336,0.78543,0.78554,1.69,1.00
2018.02.09 06:03:51.438,0.78542,0.78551,3.56,1.00
2018.02.09 06:03:59.209,0.78542,0.78553,3.19,1.00
2018.02.09 06:04:00.339,0.78544,0.78553,1.50,1.00
2018.02.09 06:04:00.391,0.78544,0.78555,2.25,2.62
2018.02.09 06:04:00.983,0.78545,0.78555,1.00,1.00
2018.02.09 06:04:01.504,0.78544,0.78555,1.87,3.00
2018.02.09 06:04:02.155,0.78544,0.78554,1.87,1.00
2018.02.09 06:04:02.344,0.78542,0.78553,3.94,1.00
2018.02.09 06:04:09.530,0.78544,0.78553,1.00,1.00
2018.02.09 06:04:10.076,0.78544,0.78554,1.00,1.00
2018.02.09 06:04:12.251,0.78547,0.78555,1.00,1.50
2018.02.09 06:04:12.507,0.78547,0.78557,1.00,2.44
2018.02.09 06:04:13.826,0.78547,0.78555,1.00,1.50
2018.02.09 06:04:14.335,0.78546,0.78554,1.12,1.00
2018.02.09 06:04:21.286,0.78546,0.78556,1.00,1.00
2018.02.09 06:04:26.421,0.78546,0.78557,1.00,3.94
2018.02.09 06:04:27.234,0.78546,0.78556,1.00,1.00
2018.02.09 06:04:29.314,0.78545,0.78556,1.50,1.00
2018.02.09 06:04:31.242,0.78545,0.78555,1.00,1.00
2018.02.09 06:04:32.730,0.78545,0.78556,1.00,1.25
2018.02.09 06:04:35.379,0.78545,0.78555,1.00,1.00
2018.02.09 06:04:37.325,0.78545,0.78556,1.00,1.25
2018.02.09 06:04:37.376,0.78547,0.78556,1.00,1.25
2018.02.09 06:04:38.889,0.78547,0.78555,1.00,1.00
2018.02.09 06:04:39.036,0.78545,0.78555,1.00,1.00
2018.02.09 06:04:40.646,0.78545,0.78556,1.00,1.69
2018.02.09 06:04:43.468,0.78547,0.78556,1.00,1.00
2018.02.09 06:04:43.988,0.78547,0.78557,1.00,1.69
2018.02.09 06:04:44.410,0.7855,0.78557,1.00,1.00
2018.02.09 06:04:44.461,0.7855,0.78559,1.00,1.69
2018.02.09 06:04:44.519,0.78552,0.78559,1.00,1.69
2018.02.09 06:04:45.351,0.7855,0.78559,1.12,1.25
2018.02.09 06:04:47.715,0.78549,0.78559,1.00,1.25
2018.02.09 06:04:49.003,0.78549,0.7856,1.00,2.44
2018.02.09 06:04:51.725,0.7855,0.7856,1.00,1.00
2018.02.09 06:04:52.258,0.7855,0.78561,1.50,1.50
2018.02.09 06:04:53.592,0.78552,0.78561,1.00,1.00
2018.02.09 06:04:53.889,0.78553,0.78563,1.50,1.50
2018.02.09 06:04:53.993,0.78555,0.78563,1.00,1.00
2018.02.09 06:04:54.045,0.78555,0.78565,1.00,1.25
2018.02.09 06:04:54.781,0.78555,0.78564,1.00,1.50
2018.02.09 06:04:56.159,0.78555,0.78565,1.00,1.00
2018.02.09 06:04:56.731,0.78561,0.78569,1.69,1.00
2018.02.09 06:04:56.937,0.7857,0.78579,1.00,1.50
2018.02.09 06:04:59.630,0.78568,0.78578,1.12,1.69
2018.02.09 06:04:59.732,0.78566,0.78578,3.19,2.44
2018.02.09 06:05:00.880,0.78566,0.78576,2.25,1.00
2018.02.09 06:05:01.416,0.78566,0.78577,1.50,1.50
2018.02.09 06:05:02.811,0.78566,0.78576,1.00,1.00
2018.02.09 06:05:03.397,0.78566,0.78575,1.00,1.25
2018.02.09 06:05:03.954,0.78566,0.78576,1.00,1.25
2018.02.09 06:05:04.474,0.78565,0.78574,1.12,1.00
2018.02.09 06:05:04.780,0.78563,0.78574,2.44,1.00
2018.02.09 06:05:08.518,0.78564,0.78574,1.25,1.00
2018.02.09 06:05:09.064,0.78565,0.78575,1.00,1.00
2018.02.09 06:05:11.030,0.78562,0.78573,1.12,1.69
2018.02.09 06:05:11.284,0.78565,0.78574,1.00,1.50
2018.02.09 06:05:12.464,0.78565,0.78575,1.00,1.00
2018.02.09 06:05:12.770,0.7857,0.78581,1.00,1.31
2018.02.09 06:05:12.821,0.78574,0.78582,1.00,1.00
2018.02.09 06:05:13.367,0.78574,0.78583,1.00,1.25
2018.02.09 06:05:13.875,0.78574,0.78584,1.00,1.00
2018.02.09 06:05:14.398,0.78574,0.78585,1.00,2.44
2018.02.09 06:05:15.132,0.78574,0.78584,1.00,1.00
2018.02.09 06:05:17.141,0.78576,0.78585,1.00,1.69
2018.02.09 06:05:17.706,0.78576,0.78586,1.00,1.69
2018.02.09 06:05:18.348,0.78576,0.78585,1.00,1.00
2018.02.09 06:05:18.399,0.78574,0.78584,1.00,1.00
2018.02.09 06:05:23.523,0.78574,0.78585,1.00,1.69
2018.02.09 06:05:25.178,0.78574,0.78584,1.00,1.00
2018.02.09 06:05:32.730,0.78574,0.78585,1.50,1.00
2018.02.09 06:05:34.086,0.78574,0.78586,2.25,2.44
2018.02.09 06:05:39.825,0.78576,0.78586,1.00,1.00
2018.02.09 06:05:40.029,0.78574,0.78586,3.19,2.25
2018.02.09 06:05:40.682,0.78575,0.78586,1.25,1.50
2018.02.09 06:05:41.345,0.78576,0.78586,1.00,1.00
2018.02.09 06:05:43.333,0.78576,0.78588,2.25,3.94
2018.02.09 06:05:43.513,0.78578,0.78589,1.00,2.44
2018.02.09 06:05:44.216,0.78577,0.78588,1.50,1.00
2018.02.09 06:05:46.225,0.78578,0.78588,1.00,1.00
2018.02.09 06:05:47.922,0.78577,0.78588,2.44,1.00
2018.02.09 06:05:48.670,0.78578,0.78588,1.00,1.00
2018.02.09 06:05:51.122,0.78577,0.78588,1.50,1.50
2018.02.09 06:05:57.496,0.78577,0.78586,1.00,1.00
2018.02.09 06:05:57.752,0.78575,0.78586,2.25,1.00
2018.02.09 06:06:00.296,0.78576,0.78587,1.00,1.69
2018.02.09 06:06:02.218,0.78575,0.78586,2.25,1.00
2018.02.09 06:06:03.062,0.78577,0.78587,1.00,2.44
2018.02.09 06:06:03.932,0.78577,0.78586,1.00,1.25
2018.02.09 06:06:04.668,0.78577,0.78585,1.00,1.00
2018.02.09 06:06:05.347,0.78578,0.78585,1.00,1.00
2018.02.09 06:06:06.360,0.78578,0.78584,1.00,1.00
2018.02.09 06:06:07.241,0.78584,0.78588,1.00,1.00
2018.02.09 06:06:07.293,0.78584,0.78591,1.12,1.50
2018.02.09 06:06:07.344,0.78587,0.78593,1.00,1.00
2018.02.09 06:06:10.207,0.78587,0.78594,1.00,2.44
2018.02.09 06:06:10.933,0.78586,0.78591,1.00,1.25
2018.02.09 06:06:11.036,0.78581,0.78587,1.00,1.00
2018.02.09 06:06:11.432,0.78579,0.78587,1.12,1.00
2018.02.09 06:06:12.922,0.78579,0.78586,1.12,1.00
2018.02.09 06:06:14.247,0.78579,0.78587,1.12,1.69
2018.02.09 06:06:14.349,0.78581,0.78589,1.00,1.69
2018.02.09 06:06:14.924,0.78581,0.7859,1.00,2.25
2018.02.09 06:06:15.427,0.78581,0.78589,1.00,1.00
2018.02.09 06:06:17.252,0.78581,0.78588,1.00,1.25
2018.02.09 06:06:17.753,0.78581,0.78589,1.00,1.25
2018.02.09 06:06:21.580,0.78581,0.78588,1.00,1.00
2018.02.09 06:06:23.092,0.78581,0.78589,1.00,1.25
2018.02.09 06:06:23.627,0.78582,0.78588,1.00,1.25
2018.02.09 06:06:24.172,0.78582,0.78589,1.00,1.69
2018.02.09 06:06:25.689,0.78582,0.7859,1.00,2.44
2018.02.09 06:06:26.241,0.78582,0.78589,1.00,1.00
2018.02.09 06:06:26.847,0.78582,0.7859,1.00,1.69
2018.02.09 06:06:27.155,0.78585,0.78593,1.00,1.00
2018.02.09 06:06:27.914,0.78585,0.78594,1.00,2.44
2018.02.09 06:06:28.957,0.78585,0.78593,1.00,1.00
2018.02.09 06:06:31.299,0.78585,0.78592,1.00,1.00
2018.02.09 06:06:31.733,0.78587,0.78593,1.69,1.00
2018.02.09 06:06:32.051,0.78589,0.78595,1.00,1.69
2018.02.09 06:06:32.361,0.78589,0.78593,1.00,1.00
2018.02.09 06:06:32.919,0.78585,0.78593,1.00,1.00
2018.02.09 06:06:33.022,0.78583,0.7859,1.50,1.00
2018.02.09 06:06:33.530,0.78583,0.78591,1.50,1.00
2018.02.09 06:06:35.349,0.78583,0.78591,1.00,1.50
2018.02.09 06:06:36.373,0.78583,0.7859,1.00,1.00
2018.02.09 06:06:37.217,0.78583,0.78591,1.00,1.69
2018.02.09 06:06:37.921,0.78583,0.7859,1.00,1.00
2018.02.09 06:06:42.041,0.78583,0.78591,1.00,1.69
2018.02.09 06:06:47.891,0.78582,0.78589,1.00,1.50
2018.02.09 06:06:49.235,0.78582,0.78588,1.00,1.00
2018.02.09 06:06:49.863,0.78583,0.7859,1.50,1.00
2018.02.09 06:06:49.915,0.78587,0.78593,1.00,1.00
2018.02.09 06:06:49.966,0.78586,0.78595,1.00,1.25
2018.02.09 06:06:50.018,0.78588,0.78596,1.00,1.69
2018.02.09 06:06:50.121,0.78588,0.78597,1.87,2.44
2018.02.09 06:06:50.172,0.78592,0.78598,1.00,1.19
2018.02.09 06:06:50.354,0.7859,0.78597,1.12,1.25
2018.02.09 06:06:51.087,0.78589,0.78597,1.00,1.25
2018.02.09 06:06:51.925,0.78589,0.78599,1.00,1.25
2018.02.09 06:06:52.899,0.78592,0.786,1.00,2.44
2018.02.09 06:06:53.416,0.78592,0.78599,1.00,1.00
2018.02.09 06:06:54.433,0.78592,0.786,1.00,1.00
2018.02.09 06:06:55.111,0.78592,0.78601,1.00,1.00
2018.02.09 06:06:56.573,0.78592,0.78602,1.00,1.50
2018.02.09 06:07:02.569,0.78592,0.78601,1.00,1.00
2018.02.09 06:07:02.620,0.7859,0.78601,1.12,1.00
2018.02.09 06:07:02.925,0.78589,0.78599,1.00,1.00
2018.02.09 06:07:08.744,0.78589,0.78598,1.00,1.25
2018.02.09 06:07:10.668,0.78589,0.786,1.00,2.44
2018.02.09 06:07:11.150,0.78591,0.78599,1.00,1.00
2018.02.09 06:07:11.835,0.78591,0.786,1.00,1.69
2018.02.09 06:07:13.885,0.78592,0.786,1.00,1.25
2018.02.09 06:07:15.246,0.78592,0.78599,1.00,1.00
2018.02.09 06:07:15.297,0.78592,0.78601,1.00,2.44
2018.02.09 06:07:18.581,0.78592,0.78602,1.00,2.44
2018.02.09 06:07:24.424,0.78592,0.78602,1.87,1.00
2018.02.09 06:07:24.973,0.78595,0.78603,1.00,1.69
2018.02.09 06:07:26.477,0.78593,0.78603,1.50,1.69
2018.02.09 06:07:30.248,0.78593,0.78602,1.50,1.00
2018.02.09 06:07:30.911,0.78593,0.78602,1.00,1.69
2018.02.09 06:07:34.476,0.78593,0.78601,1.00,1.00
2018.02.09 06:07:34.680,0.78591,0.78601,1.12,1.25
2018.02.09 06:07:37.856,0.78591,0.78602,1.12,2.44
2018.02.09 06:07:39.698,0.78591,0.78601,1.87,1.00
2018.02.09 06:07:42.223,0.78591,0.78602,2.62,1.69
2018.02.09 06:07:43.466,0.78592,0.78602,1.00,1.69
2018.02.09 06:07:46.536,0.78591,0.78602,2.62,1.69
2018.02.09 06:07:49.813,0.78592,0.78602,1.00,1.25
2018.02.09 06:07:54.089,0.78592,0.78601,1.00,1.00
2018.02.09 06:07:55.224,0.78592,0.78602,1.50,1.69
2018.02.09 06:07:56.143,0.78592,0.78601,1.00,1.25
2018.02.09 06:07:56.696,0.78592,0.786,1.00,1.00
2018.02.09 06:08:02.040,0.78592,0.78601,1.00,1.69
2018.02.09 06:08:03.430,0.78592,0.78602,1.00,2.44
2018.02.09 06:08:09.630,0.78594,0.78602,1.00,1.25
2018.02.09 06:08:12.203,0.78594,0.78601,1.00,1.00
2018.02.09 06:08:12.796,0.78594,0.78602,1.00,1.69
2018.02.09 06:08:15.408,0.78594,0.78601,1.00,1.00
2018.02.09 06:08:17.006,0.78594,0.78602,1.00,1.69
2018.02.09 06:08:17.713,0.78592,0.78601,1.00,1.25
2018.02.09 06:08:21.248,0.78592,0.786,1.00,1.25
2018.02.09 06:08:22.964,0.78592,0.78599,1.00,1.00
2018.02.09 06:08:24.613,0.78592,0.786,1.00,1.00
2018.02.09 06:08:25.823,0.78592,0.78599,1.00,1.00
2018.02.09 06:08:33.329,0.78591,0.78599,1.12,1.25
2018.02.09 06:08:35.037,0.78588,0.78599,2.25,2.25
2018.02.09 06:08:35.089,0.78587,0.78596,1.00,1.25
2018.02.09 06:08:35.406,0.78585,0.78594,1.00,1.50
2018.02.09 06:08:35.736,0.78581,0.78587,1.75,1.35
2018.02.09 06:08:35.955,0.78575,0.78584,1.00,1.00
2018.02.09 06:08:36.108,0.78578,0.78585,1.00,1.00
2018.02.09 06:08:36.616,0.78579,0.78587,1.00,1.00
2018.02.09 06:08:38.727,0.78581,0.78589,1.00,1.00
2018.02.09 06:08:39.338,0.78581,0.7859,1.00,1.00
2018.02.09 06:08:40.713,0.78583,0.7859,1.00,1.00
2018.02.09 06:08:40.883,0.78583,0.78592,1.87,1.00
2018.02.09 06:08:41.468,0.78583,0.78593,1.87,1.00
2018.02.09 06:08:43.290,0.78583,0.78592,1.87,1.00
2018.02.09 06:08:44.902,0.78585,0.78592,1.00,1.00
2018.02.09 06:08:45.316,0.78587,0.78593,1.00,1.00
2018.02.09 06:08:46.578,0.78587,0.78594,1.00,1.50
2018.02.09 06:08:51.689,0.78584,0.78588,1.50,1.00
2018.02.09 06:08:51.741,0.78581,0.78586,1.50,1.19
2018.02.09 06:08:51.793,0.78579,0.78584,1.00,1.69
2018.02.09 06:08:51.846,0.78574,0.78578,1.00,1.25
2018.02.09 06:08:51.897,0.7857,0.78578,1.50,1.25
2018.02.09 06:08:52.420,0.78571,0.78578,1.00,1.88
2018.02.09 06:08:53.648,0.78571,0.7858,1.00,1.69
2018.02.09 06:08:53.838,0.78573,0.78581,1.00,1.00
2018.02.09 06:08:54.196,0.78573,0.78583,1.00,1.13
2018.02.09 06:08:55.161,0.78572,0.78583,2.06,1.88
2018.02.09 06:08:55.772,0.78572,0.78582,2.06,1.00
2018.02.09 06:08:57.954,0.78572,0.78583,2.06,1.88
2018.02.09 06:08:58.461,0.78572,0.78582,2.06,1.00
2018.02.09 06:08:59.247,0.78572,0.78583,2.06,1.88
2018.02.09 06:09:00.273,0.78572,0.78582,1.12,1.44
2018.02.09 06:09:01.745,0.78572,0.78582,1.12,1.25
2018.02.09 06:09:02.254,0.78572,0.78581,1.87,1.13
2018.02.09 06:09:03.262,0.78574,0.78582,1.00,1.88
2018.02.09 06:09:03.566,0.78574,0.78581,1.00,1.44
2018.02.09 06:09:04.519,0.78574,0.78582,1.00,1.88
2018.02.09 06:09:05.468,0.78574,0.78582,1.00,1.25
2018.02.09 06:09:08.753,0.78572,0.78582,1.87,1.88
2018.02.09 06:09:09.871,0.78572,0.78581,1.87,1.00
2018.02.09 06:09:15.849,0.78572,0.78582,1.87,1.00
2018.02.09 06:09:15.961,0.78575,0.78585,1.25,1.00
2018.02.09 06:09:16.293,0.78579,0.78587,1.00,1.00
2018.02.09 06:09:16.820,0.78579,0.78586,1.00,1.00
2018.02.09 06:09:17.376,0.78579,0.78587,1.00,1.00
2018.02.09 06:09:17.891,0.78579,0.78588,1.00,1.13
2018.02.09 06:09:19.431,0.78578,0.78588,1.12,1.88
2018.02.09 06:09:21.186,0.78578,0.78587,1.12,1.88
2018.02.09 06:09:21.994,0.78576,0.78584,1.50,1.44
2018.02.09 06:09:22.708,0.78574,0.78583,1.50,1.25
2018.02.09 06:09:23.861,0.78574,0.78584,1.50,1.69
2018.02.09 06:09:24.371,0.78579,0.78585,1.00,1.00
2018.02.09 06:09:24.874,0.78577,0.78586,2.25,1.25
2018.02.09 06:09:25.863,0.78577,0.78585,2.25,1.00
2018.02.09 06:09:27.414,0.78579,0.78586,1.00,1.25
2018.02.09 06:09:27.771,0.7858,0.78588,1.00,1.00
2018.02.09 06:09:27.823,0.78581,0.7859,1.44,1.50
2018.02.09 06:09:28.151,0.78586,0.78594,1.00,1.69
2018.02.09 06:09:32.532,0.78586,0.78595,1.00,1.00
2018.02.09 06:09:32.857,0.78584,0.78592,1.00,1.69
2018.02.09 06:09:33.938,0.78585,0.78593,1.00,1.00
2018.02.09 06:09:34.489,0.78585,0.78594,1.00,1.00
2018.02.09 06:09:35.180,0.78585,0.78595,1.00,1.88
2018.02.09 06:09:36.139,0.78587,0.78596,1.00,1.00
2018.02.09 06:09:36.394,0.78589,0.78599,1.00,1.88
2018.02.09 06:09:37.818,0.78589,0.78601,2.63,3.38
2018.02.09 06:09:38.242,0.78592,0.78601,1.00,1.44
2018.02.09 06:09:38.895,0.78592,0.78602,1.00,1.88
2018.02.09 06:09:39.708,0.78592,0.78602,1.00,1.69
2018.02.09 06:09:42.587,0.78592,0.78602,1.00,1.88
2018.02.09 06:09:43.314,0.78592,0.78602,1.00,1.25
2018.02.09 06:09:44.616,0.78592,0.78601,1.00,1.00
2018.02.09 06:09:47.467,0.7859,0.78601,1.31,1.00
2018.02.09 06:09:52.715,0.78592,0.78601,1.00,1.88
2018.02.09 06:09:55.659,0.78593,0.78601,1.00,1.25
2018.02.09 06:10:01.745,0.78591,0.78601,1.00,1.88
2018.02.09 06:10:04.206,0.78591,0.78602,1.00,1.25
2018.02.09 06:10:04.257,0.78593,0.78603,1.00,2.63
2018.02.09 06:10:05.451,0.78594,0.78603,1.00,1.50
2018.02.09 06:10:05.973,0.78594,0.78605,1.00,1.88
2018.02.09 06:10:18.537,0.78594,0.78605,1.00,1.69
2018.02.09 06:10:24.521,0.78594,0.78604,1.00,1.00
2018.02.09 06:10:25.024,0.78594,0.78604,1.00,1.88
2018.02.09 06:10:27.561,0.78594,0.78604,1.00,1.69
2018.02.09 06:10:28.237,0.78596,0.78604,1.00,1.00
2018.02.09 06:10:30.923,0.78598,0.78604,1.00,1.00
2018.02.09 06:10:31.024,0.78598,0.78607,1.00,1.00
2018.02.09 06:10:31.177,0.78601,0.78608,1.00,1.25
2018.02.09 06:10:34.696,0.78602,0.78609,1.00,1.00
2018.02.09 06:10:34.798,0.78604,0.78612,1.00,1.00
2018.02.09 06:10:35.577,0.78604,0.78613,1.00,1.25
2018.02.09 06:10:38.598,0.78604,0.78612,1.00,1.00
2018.02.09 06:10:39.256,0.78602,0.78612,1.12,1.69
2018.02.09 06:10:39.460,0.78602,0.7861,1.12,1.00
2018.02.09 06:10:39.972,0.78601,0.7861,1.00,1.00
2018.02.09 06:10:40.276,0.78601,0.78612,1.00,2.44
2018.02.09 06:10:41.787,0.78601,0.78611,1.00,1.00
2018.02.09 06:10:42.619,0.78601,0.7861,1.00,1.00
2018.02.09 06:10:43.695,0.78599,0.7861,1.50,1.69
2018.02.09 06:10:44.494,0.78599,0.78609,1.50,1.00
2018.02.09 06:10:46.045,0.78599,0.7861,1.50,1.69
2018.02.09 06:10:47.165,0.78599,0.78611,3.75,2.44
2018.02.09 06:10:47.792,0.786,0.7861,1.00,1.00
2018.02.09 06:10:48.301,0.786,0.78611,1.00,1.69
2018.02.09 06:10:48.808,0.78601,0.78611,1.00,1.50
2018.02.09 06:10:49.917,0.78602,0.78612,1.00,1.69
2018.02.09 06:10:50.274,0.78605,0.78614,1.00,1.00
2018.02.09 06:10:50.376,0.78605,0.78616,1.00,1.69
2018.02.09 06:10:51.960,0.78606,0.78616,1.00,1.25
2018.02.09 06:10:52.369,0.78608,0.78617,1.00,1.00
2018.02.09 06:10:52.524,0.78609,0.78619,1.00,1.00
2018.02.09 06:10:52.575,0.7861,0.78621,1.00,4.31
2018.02.09 06:10:52.678,0.78613,0.78621,1.00,1.12
2018.02.09 06:10:52.729,0.78613,0.78624,1.00,3.19
2018.02.09 06:10:53.231,0.78614,0.78624,1.00,1.69
2018.02.09 06:10:53.685,0.78614,0.78625,1.00,2.44
2018.02.09 06:10:53.787,0.78616,0.78625,1.00,1.00
2018.02.09 06:10:53.839,0.78616,0.78627,1.00,3.19
2018.02.09 06:10:54.466,0.78616,0.78626,1.00,1.00
2018.02.09 06:10:55.826,0.78616,0.78625,1.00,1.25
2018.02.09 06:10:57.735,0.78616,0.78626,1.00,1.25
2018.02.09 06:10:58.449,0.78617,0.78626,1.00,1.00
2018.02.09 06:10:58.994,0.78616,0.78626,1.00,1.00
2018.02.09 06:10:59.165,0.78614,0.78625,1.87,1.25
2018.02.09 06:11:00.751,0.78614,0.78624,1.12,1.00
2018.02.09 06:11:01.223,0.78612,0.78624,1.87,2.44
2018.02.09 06:11:01.749,0.78612,0.78623,1.87,1.00
2018.02.09 06:11:02.472,0.78612,0.78622,1.12,1.00
2018.02.09 06:11:03.316,0.78611,0.78621,1.50,1.00
2018.02.09 06:11:04.796,0.78611,0.78622,1.50,2.44
2018.02.09 06:11:05.983,0.78611,0.78621,1.50,1.25
2018.02.09 06:11:09.310,0.78611,0.78622,1.00,2.44
2018.02.09 06:11:10.031,0.78611,0.78621,1.00,1.00
2018.02.09 06:11:11.233,0.78611,0.78622,1.69,1.50
2018.02.09 06:11:11.334,0.78612,0.78624,1.50,3.56
2018.02.09 06:11:11.918,0.78612,0.78623,1.00,1.00
2018.02.09 06:11:12.916,0.78612,0.78622,1.50,1.25
2018.02.09 06:11:14.389,0.78612,0.78621,1.00,1.25
2018.02.09 06:11:16.015,0.78609,0.7862,1.87,1.25
2018.02.09 06:11:16.351,0.78609,0.78618,1.87,1.00
2018.02.09 06:11:16.867,0.7861,0.78619,1.00,1.25
2018.02.09 06:11:17.394,0.7861,0.78618,1.00,1.25
2018.02.09 06:11:18.148,0.78608,0.78617,1.00,1.00
2018.02.09 06:11:21.578,0.78606,0.78617,3.00,1.25
2018.02.09 06:11:22.629,0.78608,0.78617,1.00,1.25
2018.02.09 06:11:23.540,0.78607,0.78614,1.12,1.25
2018.02.09 06:11:24.229,0.78606,0.78613,1.50,1.00
2018.02.09 06:11:24.280,0.78608,0.78615,1.00,1.25
2018.02.09 06:11:26.467,0.78608,0.78616,1.00,1.69
2018.02.09 06:11:27.006,0.78608,0.78615,1.00,1.00
2018.02.09 06:11:30.083,0.78606,0.78614,2.25,1.25
2018.02.09 06:11:30.660,0.78606,0.78614,1.00,1.25
2018.02.09 06:11:30.988,0.78608,0.78616,1.00,1.25
2018.02.09 06:11:33.980,0.78609,0.78617,1.00,1.69
2018.02.09 06:11:38.931,0.78609,0.78618,1.00,1.69
2018.02.09 06:11:39.238,0.78613,0.78621,1.00,1.25
2018.02.09 06:11:40.955,0.78613,0.78622,1.00,2.44
2018.02.09 06:11:41.432,0.78614,0.78624,1.00,1.69
2018.02.09 06:11:41.534,0.78616,0.78623,1.00,1.00
2018.02.09 06:11:42.327,0.78616,0.78625,1.00,2.44
2018.02.09 06:11:47.290,0.78618,0.78625,1.00,1.50
2018.02.09 06:11:48.695,0.78618,0.78626,1.00,1.50
2018.02.09 06:11:49.411,0.78619,0.78626,1.00,1.50
2018.02.09 06:11:53.199,0.78619,0.78627,1.12,1.69
2018.02.09 06:11:53.522,0.78621,0.78629,1.00,1.00
2018.02.09 06:11:53.970,0.78623,0.78633,1.00,1.00
2018.02.09 06:11:54.022,0.78626,0.78634,1.00,1.00
2018.02.09 06:11:54.362,0.78628,0.78636,1.00,1.19
2018.02.09 06:11:54.871,0.78628,0.78636,1.00,1.25
2018.02.09 06:11:55.381,0.78628,0.78637,1.00,1.69
2018.02.09 06:11:55.586,0.78633,0.78643,1.12,1.00
2018.02.09 06:11:55.637,0.78637,0.78645,1.00,1.00
2018.02.09 06:11:55.944,0.78641,0.78649,1.00,1.69
2018.02.09 06:11:56.422,0.78639,0.78648,1.87,1.00
2018.02.09 06:11:59.763,0.78638,0.78648,1.00,1.25
2018.02.09 06:12:00.329,0.78637,0.78647,1.00,1.00
2018.02.09 06:12:01.317,0.78635,0.78639,1.00,1.25
2018.02.09 06:12:01.420,0.78628,0.78637,1.00,1.50
2018.02.09 06:12:01.471,0.78626,0.78635,1.00,1.25
2018.02.09 06:12:01.573,0.78623,0.78634,1.50,1.00
2018.02.09 06:12:01.841,0.78625,0.78634,1.00,1.00
2018.02.09 06:12:03.839,0.78623,0.78634,1.00,1.69
2018.02.09 06:12:04.789,0.78622,0.78634,2.44,2.25
2018.02.09 06:12:05.089,0.78622,0.78632,1.00,1.50
2018.02.09 06:12:05.292,0.78618,0.78629,1.25,1.00
2018.02.09 06:12:05.899,0.78619,0.78629,1.00,1.00
2018.02.09 06:12:06.442,0.7862,0.78629,1.00,1.00
2018.02.09 06:12:08.770,0.78618,0.78629,1.69,1.00
2018.02.09 06:12:08.821,0.78618,0.78624,1.00,1.00
2018.02.09 06:12:08.975,0.78609,0.78618,1.50,1.25
2018.02.09 06:12:10.818,0.78609,0.78619,1.00,1.25
2018.02.09 06:12:10.871,0.78612,0.7862,1.00,1.00
2018.02.09 06:12:11.663,0.78613,0.78621,1.00,1.69
2018.02.09 06:12:13.236,0.7861,0.78621,1.50,1.50
2018.02.09 06:12:15.342,0.7861,0.7862,1.50,1.00
2018.02.09 06:12:16.425,0.7861,0.78619,1.50,1.00
2018.02.09 06:12:18.306,0.7861,0.7862,1.50,1.69
2018.02.09 06:12:18.991,0.7861,0.78621,1.50,1.69
2018.02.09 06:12:19.652,0.7861,0.7862,1.50,1.25
2018.02.09 06:12:20.352,0.7861,0.78619,1.50,1.25
2018.02.09 06:12:20.981,0.78608,0.78619,2.25,1.50
2018.02.09 06:12:21.858,0.7861,0.78619,1.00,1.69
2018.02.09 06:12:22.412,0.78608,0.78619,2.25,1.25
2018.02.09 06:12:25.605,0.78608,0.7862,3.75,2.44
2018.02.09 06:12:25.657,0.78612,0.78622,1.00,2.44
2018.02.09 06:12:26.021,0.78609,0.7862,1.87,1.50
2018.02.09 06:12:26.337,0.78611,0.7862,1.50,1.00
2018.02.09 06:12:26.964,0.78613,0.78621,1.00,1.25
2018.02.09 06:12:27.980,0.78612,0.7862,1.12,1.25
2018.02.09 06:12:29.487,0.78612,0.78621,1.12,1.25
2018.02.09 06:12:29.844,0.78612,0.78623,1.12,3.19
2018.02.09 06:12:29.895,0.78614,0.78623,1.00,1.00
2018.02.09 06:12:30.440,0.78614,0.78624,1.00,2.44
2018.02.09 06:12:30.756,0.7861,0.7862,1.50,1.50
2018.02.09 06:12:31.263,0.78608,0.78619,2.25,1.00
2018.02.09 06:12:32.008,0.78608,0.78618,2.25,1.00
2018.02.09 06:12:32.581,0.78608,0.78619,2.25,1.00
2018.02.09 06:12:33.082,0.78608,0.7862,3.19,2.44
2018.02.09 06:12:34.942,0.78608,0.78619,2.25,1.00
2018.02.09 06:12:36.053,0.78608,0.78618,2.25,1.00
2018.02.09 06:12:36.360,0.78607,0.78616,1.00,1.25
2018.02.09 06:12:36.872,0.78607,0.78615,1.00,1.00
2018.02.09 06:12:40.347,0.78607,0.78616,1.00,1.69
2018.02.09 06:12:42.970,0.78607,0.78617,1.00,3.00
2018.02.09 06:12:43.304,0.78609,0.78617,1.00,1.00
2018.02.09 06:12:44.056,0.78607,0.78617,1.00,1.25
2018.02.09 06:12:45.666,0.78607,0.78616,1.00,1.00
2018.02.09 06:12:47.057,0.78607,0.78617,1.00,1.69
2018.02.09 06:12:50.137,0.78603,0.78611,1.00,1.69
2018.02.09 06:12:50.188,0.786,0.78609,3.00,1.00
2018.02.09 06:12:51.320,0.786,0.78608,1.00,1.00
2018.02.09 06:12:53.518,0.786,0.78609,1.00,1.25
2018.02.09 06:12:55.909,0.786,0.78608,1.00,1.00
2018.02.09 06:12:56.329,0.78598,0.78608,1.00,1.25
2018.02.09 06:12:59.211,0.78597,0.78607,1.00,1.25
2018.02.09 06:12:59.415,0.78597,0.78605,1.00,1.25
2018.02.09 06:12:59.517,0.78595,0.78604,1.00,1.00
2018.02.09 06:13:00.065,0.78595,0.78605,1.00,1.69
2018.02.09 06:13:00.672,0.78596,0.78606,1.00,1.25
2018.02.09 06:13:03.502,0.78596,0.78605,1.00,1.00
2018.02.09 06:13:05.946,0.78595,0.78604,1.00,1.25
2018.02.09 06:13:07.263,0.78595,0.78605,1.00,1.25
2018.02.09 06:13:09.841,0.78597,0.78606,1.00,1.25
2018.02.09 06:13:10.045,0.78595,0.78605,1.12,1.25
2018.02.09 06:13:10.574,0.78595,0.78604,1.00,1.69
2018.02.09 06:13:11.216,0.78593,0.78603,1.12,1.25
2018.02.09 06:13:11.756,0.78592,0.78601,1.50,1.00
2018.02.09 06:13:11.860,0.7859,0.786,1.12,1.25
2018.02.09 06:13:12.370,0.7859,0.78599,1.00,1.25
2018.02.09 06:13:12.799,0.7859,0.78601,1.12,2.44
2018.02.09 06:13:12.850,0.78592,0.78601,1.00,1.25
2018.02.09 06:13:13.508,0.78592,0.78602,1.00,1.25
2018.02.09 06:13:15.514,0.78592,0.78601,1.00,1.00
2018.02.09 06:13:17.001,0.7859,0.786,1.87,1.25
2018.02.09 06:13:17.462,0.78588,0.78597,1.00,1.00
2018.02.09 06:13:17.773,0.78584,0.78594,1.25,1.00
2018.02.09 06:13:18.250,0.78587,0.78596,1.00,1.00
2018.02.09 06:13:27.521,0.78585,0.78596,1.00,1.69
2018.02.09 06:13:33.633,0.78587,0.78598,1.00,1.00
2018.02.09 06:13:34.409,0.78587,0.78599,2.25,2.44
2018.02.09 06:13:40.819,0.78587,0.78598,2.44,1.00
2018.02.09 06:13:41.343,0.78585,0.78597,3.75,1.69
2018.02.09 06:13:48.774,0.78585,0.78597,3.19,2.44
2018.02.09 06:13:49.118,0.78575,0.78586,1.50,1.00
2018.02.09 06:13:50.836,0.78575,0.78587,1.69,1.50
2018.02.09 06:13:53.109,0.78575,0.78586,1.00,1.00
2018.02.09 06:13:55.426,0.78575,0.78587,1.69,2.44
2018.02.09 06:13:58.087,0.78575,0.78586,1.25,1.00
2018.02.09 06:14:00.001,0.78575,0.78587,1.69,1.69
2018.02.09 06:14:00.836,0.78576,0.78587,1.00,1.25
2018.02.09 06:14:03.368,0.78577,0.78588,1.00,1.31
2018.02.09 06:14:06.634,0.78577,0.78589,1.69,2.44
2018.02.09 06:14:09.113,0.78578,0.78589,1.00,1.50
2018.02.09 06:14:09.457,0.7858,0.78591,1.25,1.00
2018.02.09 06:14:11.309,0.78579,0.78591,1.87,1.69
2018.02.09 06:14:13.230,0.78579,0.78589,1.87,1.00
2018.02.09 06:14:16.404,0.78579,0.7859,1.87,1.00
2018.02.09 06:14:19.579,0.78579,0.78588,1.87,1.00
2018.02.09 06:14:22.360,0.78577,0.78588,1.50,1.69
2018.02.09 06:14:23.814,0.78577,0.78587,1.50,1.00
2018.02.09 06:14:29.856,0.78578,0.78589,1.00,1.69
2018.02.09 06:14:30.210,0.78578,0.78587,1.00,1.00
2018.02.09 06:14:30.621,0.78576,0.78586,1.00,1.00
2018.02.09 06:14:33.772,0.78576,0.78588,2.44,1.69
2018.02.09 06:14:34.423,0.78576,0.78587,1.50,1.25
2018.02.09 06:14:35.122,0.78576,0.78588,3.19,1.50
2018.02.09 06:14:35.173,0.78578,0.78588,1.00,1.25
2018.02.09 06:14:35.514,0.7858,0.7859,1.00,1.19
2018.02.09 06:14:36.122,0.7858,0.7859,1.00,1.25
2018.02.09 06:14:36.496,0.78578,0.78589,1.12,1.25
2018.02.09 06:14:36.599,0.78577,0.78587,1.50,1.00
2018.02.09 06:14:38.152,0.78577,0.78588,1.50,1.69
2018.02.09 06:14:40.741,0.78578,0.78589,1.00,2.06
2018.02.09 06:14:41.236,0.7858,0.7859,1.00,1.25
2018.02.09 06:14:42.495,0.78578,0.78589,1.12,1.00
2018.02.09 06:14:45.941,0.78578,0.7859,2.25,2.06
2018.02.09 06:14:46.633,0.78579,0.7859,1.50,1.12
2018.02.09 06:14:47.031,0.78582,0.78591,1.00,1.00
2018.02.09 06:14:47.197,0.78582,0.78593,1.50,2.81
2018.02.09 06:14:47.946,0.78583,0.78594,1.00,1.00
2018.02.09 06:14:50.948,0.78585,0.78595,2.25,1.00
2018.02.09 06:14:51.255,0.78587,0.78596,1.00,1.00
2018.02.09 06:14:51.578,0.78585,0.78594,1.50,1.00
2018.02.09 06:14:54.187,0.78585,0.78596,1.50,1.00
2018.02.09 06:14:54.290,0.78587,0.78597,1.00,1.25
2018.02.09 06:14:54.604,0.78585,0.78596,2.25,1.00
2018.02.09 06:14:55.211,0.78586,0.78596,1.00,1.00
2018.02.09 06:14:55.722,0.78587,0.78598,1.00,2.25
2018.02.09 06:14:56.384,0.78586,0.78597,1.31,1.00
2018.02.09 06:14:57.854,0.78588,0.78598,1.00,1.00
2018.02.09 06:14:58.522,0.78587,0.78597,1.25,1.00
2018.02.09 06:14:58.827,0.78589,0.78598,1.00,1.00
2018.02.09 06:15:00.273,0.78587,0.78598,1.25,1.50
2018.02.09 06:15:00.807,0.78585,0.78596,1.25,1.00
2018.02.09 06:15:01.164,0.78583,0.78594,2.81,1.00
2018.02.09 06:15:01.740,0.78583,0.78593,1.00,1.00
2018.02.09 06:15:02.454,0.78581,0.78592,1.00,1.25
2018.02.09 06:15:02.998,0.78581,0.78591,1.00,1.00
2018.02.09 06:15:03.547,0.78579,0.7859,1.50,1.25
2018.02.09 06:15:03.750,0.78579,0.78588,1.00,1.00
2018.02.09 06:15:05.293,0.78579,0.78589,1.00,1.69
2018.02.09 06:15:10.253,0.78579,0.78591,2.44,2.06
2018.02.09 06:15:10.799,0.7858,0.78591,1.25,1.12
2018.02.09 06:15:11.449,0.78579,0.78591,3.19,2.06
2018.02.09 06:15:11.683,0.78579,0.78589,1.50,1.00
2018.02.09 06:15:13.964,0.78579,0.7859,1.50,1.25
2018.02.09 06:15:14.702,0.78579,0.78589,1.00,1.69
2018.02.09 06:15:16.219,0.78577,0.78587,1.50,1.50
2018.02.09 06:15:16.573,0.78574,0.78586,3.56,1.69
2018.02.09 06:15:18.813,0.78574,0.78585,1.50,1.25
2018.02.09 06:15:19.369,0.78574,0.78584,1.50,1.00
2018.02.09 06:15:19.896,0.78573,0.78584,1.50,1.00
2018.02.09 06:15:21.874,0.78574,0.78585,1.00,2.44
2018.02.09 06:15:23.354,0.78575,0.78586,1.50,1.31
2018.02.09 06:15:23.997,0.78576,0.78586,1.00,1.31
2018.02.09 06:15:24.884,0.78577,0.78588,1.00,1.25
2018.02.09 06:15:25.478,0.78576,0.78587,1.87,1.69
2018.02.09 06:15:26.263,0.78577,0.78588,1.50,1.00
2018.02.09 06:15:26.796,0.78577,0.78587,1.00,1.00
2018.02.09 06:15:27.586,0.78577,0.78588,1.69,1.00
2018.02.09 06:15:28.123,0.78575,0.78587,2.44,2.25
2018.02.09 06:15:29.386,0.78575,0.78586,1.50,1.25
2018.02.09 06:15:31.186,0.78574,0.78585,2.25,1.69
2018.02.09 06:15:31.699,0.78574,0.78584,1.00,1.00
2018.02.09 06:15:32.179,0.78572,0.78583,1.87,1.00
2018.02.09 06:15:32.333,0.78571,0.7858,1.00,1.00
2018.02.09 06:15:32.867,0.78571,0.78582,1.50,2.25
2018.02.09 06:15:33.351,0.78569,0.7858,2.44,1.00
2018.02.09 06:15:35.890,0.78571,0.7858,1.25,1.00
2018.02.09 06:15:36.496,0.78571,0.78581,1.25,1.12
2018.02.09 06:15:36.754,0.78572,0.78583,1.00,1.69
2018.02.09 06:15:37.075,0.78575,0.78585,1.00,1.69
2018.02.09 06:15:38.502,0.78575,0.78586,1.00,1.00
2018.02.09 06:15:39.513,0.78575,0.78587,1.69,3.19
2018.02.09 06:15:39.820,0.78575,0.78585,1.00,1.00
2018.02.09 06:15:40.458,0.78575,0.78584,1.00,1.00
2018.02.09 06:15:44.613,0.78575,0.78583,1.00,1.00
2018.02.09 06:15:45.129,0.78574,0.78582,1.00,1.25
2018.02.09 06:15:45.448,0.78576,0.78584,1.00,1.69
2018.02.09 06:15:45.754,0.78574,0.78583,1.00,1.69
2018.02.09 06:15:47.055,0.78576,0.78583,1.00,1.00
2018.02.09 06:15:47.359,0.78578,0.78583,1.00,1.00
2018.02.09 06:15:47.932,0.78578,0.78584,1.00,1.00
2018.02.09 06:15:48.259,0.78582,0.78586,1.00,1.00
2018.02.09 06:15:49.846,0.78582,0.78586,1.50,1.00
2018.02.09 06:15:50.316,0.78584,0.78588,1.00,1.25
2018.02.09 06:15:51.456,0.78584,0.78588,1.00,1.00
2018.02.09 06:15:51.561,0.78586,0.7859,1.00,1.00
2018.02.09 06:15:51.612,0.78586,0.78592,1.00,1.00
2018.02.09 06:15:51.765,0.78587,0.78594,1.00,1.69
2018.02.09 06:15:52.268,0.7859,0.78595,1.00,1.00
2018.02.09 06:15:52.586,0.78592,0.78597,1.00,1.00
2018.02.09 06:15:56.510,0.78592,0.78596,1.00,1.00
2018.02.09 06:15:56.562,0.78592,0.78599,1.00,1.50
2018.02.09 06:15:56.817,0.78594,0.78599,1.00,1.00
2018.02.09 06:15:57.385,0.78595,0.786,1.00,1.00
2018.02.09 06:15:57.927,0.78592,0.78599,1.00,1.69
2018.02.09 06:15:59.037,0.78592,0.786,1.00,1.69
2018.02.09 06:15:59.520,0.78592,0.78598,1.00,1.25
2018.02.09 06:15:59.622,0.78589,0.78598,1.00,1.25
2018.02.09 06:16:00.355,0.78589,0.78597,1.00,1.00
2018.02.09 06:16:00.796,0.78588,0.78595,1.00,1.00
2018.02.09 06:16:00.847,0.78586,0.78594,1.00,1.25
2018.02.09 06:16:04.124,0.78586,0.78595,1.50,1.00
2018.02.09 06:16:04.226,0.78588,0.78597,1.00,1.69
2018.02.09 06:16:04.749,0.78589,0.78598,1.00,1.25
2018.02.09 06:16:05.054,0.78591,0.786,1.00,1.19
2018.02.09 06:16:05.574,0.78591,0.786,1.00,1.25
2018.02.09 06:16:07.177,0.78591,0.78601,1.00,1.69
2018.02.09 06:16:09.500,0.78592,0.78601,1.00,1.69
2018.02.09 06:16:10.648,0.78591,0.78599,1.00,1.00
2018.02.09 06:16:10.902,0.78591,0.78602,2.25,2.25
2018.02.09 06:16:10.954,0.78593,0.78602,1.00,2.25
2018.02.09 06:16:11.305,0.78599,0.78606,1.50,1.25
2018.02.09 06:16:11.819,0.78599,0.78607,1.50,1.50
2018.02.09 06:16:21.540,0.78599,0.78608,1.50,1.00
2018.02.09 06:16:26.927,0.78599,0.78607,1.50,1.00
2018.02.09 06:16:27.233,0.78601,0.78607,1.00,1.00
2018.02.09 06:16:27.789,0.78601,0.78608,1.00,1.25
2018.02.09 06:16:28.952,0.78601,0.78607,1.00,1.00
2018.02.09 06:16:32.410,0.78601,0.78609,1.00,2.44
2018.02.09 06:16:33.385,0.78601,0.78607,1.00,1.00
2018.02.09 06:16:35.442,0.78601,0.78608,1.00,1.25
2018.02.09 06:16:36.770,0.78601,0.78607,1.00,1.00
2018.02.09 06:16:45.152,0.78601,0.78608,1.00,1.25
2018.02.09 06:16:47.095,0.78601,0.78607,1.00,1.00
2018.02.09 06:16:47.146,0.78598,0.78607,1.00,1.00
2018.02.09 06:16:47.610,0.78598,0.78605,1.00,1.00
2018.02.09 06:16:48.266,0.78598,0.78604,1.00,1.25
2018.02.09 06:16:48.858,0.78598,0.78605,1.00,1.25
2018.02.09 06:16:49.587,0.78598,0.78604,1.00,1.25
2018.02.09 06:16:50.196,0.78598,0.78603,1.00,1.00
2018.02.09 06:16:51.560,0.78598,0.78604,1.00,1.25
2018.02.09 06:16:52.909,0.78598,0.78603,1.00,1.00
2018.02.09 06:16:53.941,0.78598,0.78605,1.00,1.25
2018.02.09 06:16:54.443,0.78599,0.78607,1.00,1.69
2018.02.09 06:16:54.994,0.78599,0.78607,1.00,1.69
2018.02.09 06:16:55.533,0.78599,0.78606,1.00,1.25
2018.02.09 06:17:01.402,0.78599,0.78605,1.00,1.25
2018.02.09 06:17:01.944,0.78599,0.78604,1.00,1.00
2018.02.09 06:17:02.501,0.78599,0.78605,1.00,1.25
2018.02.09 06:17:02.881,0.78597,0.78605,1.00,1.25
2018.02.09 06:17:13.590,0.78597,0.78603,1.00,1.25
2018.02.09 06:17:14.837,0.78597,0.78602,1.00,1.00
2018.02.09 06:17:16.666,0.78594,0.78602,1.00,1.25
2018.02.09 06:17:20.234,0.78594,0.78601,1.00,1.00
2018.02.09 06:17:20.778,0.78594,0.78602,1.00,1.25
2018.02.09 06:17:21.033,0.78593,0.786,1.00,1.25
2018.02.09 06:17:21.085,0.78591,0.786,1.00,1.69
2018.02.09 06:17:21.136,0.78591,0.78598,1.00,1.25
2018.02.09 06:17:21.652,0.78591,0.78599,1.00,1.00
2018.02.09 06:17:22.311,0.78591,0.786,1.00,1.25
2018.02.09 06:17:24.514,0.78591,0.78599,1.00,1.25
2018.02.09 06:17:28.274,0.78591,0.786,1.00,1.25
2018.02.09 06:17:28.923,0.78593,0.78603,1.00,2.81
2018.02.09 06:17:29.140,0.78593,0.78601,1.00,1.00
2018.02.09 06:17:30.269,0.78593,0.78602,1.00,1.25
2018.02.09 06:17:30.573,0.78595,0.78604,1.00,1.50
2018.02.09 06:17:31.350,0.78595,0.78605,1.00,1.25
2018.02.09 06:17:32.014,0.78595,0.78604,1.00,1.00
2018.02.09 06:17:32.809,0.78595,0.78603,1.00,1.00
2018.02.09 06:17:33.328,0.78595,0.78602,1.00,1.00
2018.02.09 06:17:34.995,0.78595,0.78601,1.00,1.00
2018.02.09 06:17:36.377,0.78595,0.78602,1.00,1.25
2018.02.09 06:17:36.912,0.78594,0.78601,1.00,1.00
2018.02.09 06:17:40.305,0.78594,0.78602,1.00,1.69
2018.02.09 06:17:40.867,0.78594,0.78601,1.00,1.25
2018.02.09 06:17:41.833,0.78594,0.78602,1.00,1.25
2018.02.09 06:17:44.013,0.78594,0.78603,1.00,2.81
2018.02.09 06:17:50.555,0.78594,0.78602,1.00,1.00
2018.02.09 06:17:51.945,0.78594,0.78603,1.00,2.44
2018.02.09 06:17:56.538,0.78594,0.78602,1.00,1.00
2018.02.09 06:17:57.027,0.78594,0.786,1.00,1.50
2018.02.09 06:18:02.390,0.78594,0.78599,1.00,1.00
2018.02.09 06:18:02.441,0.78591,0.78597,1.00,1.50
2018.02.09 06:18:02.543,0.78589,0.78597,1.00,1.50
2018.02.09 06:18:02.909,0.78593,0.78602,1.00,2.44
2018.02.09 06:18:03.316,0.78594,0.78604,1.00,1.00
2018.02.09 06:18:04.298,0.78594,0.78603,1.00,1.00
2018.02.09 06:18:04.350,0.78594,0.78601,1.00,1.00
2018.02.09 06:18:06.627,0.78594,0.78602,1.00,1.25
2018.02.09 06:18:07.181,0.78594,0.78603,1.00,1.69
2018.02.09 06:18:09.510,0.78594,0.78602,1.00,1.00
2018.02.09 06:18:11.978,0.78594,0.78603,1.00,1.69
2018.02.09 06:18:14.123,0.78594,0.78604,1.50,1.69
2018.02.09 06:18:14.703,0.78594,0.78603,1.00,1.00
2018.02.09 06:18:16.570,0.78594,0.78602,1.00,1.25
2018.02.09 06:18:18.059,0.78594,0.78603,1.00,1.25
2018.02.09 06:18:18.732,0.78594,0.78602,1.00,1.00
2018.02.09 06:18:19.271,0.78594,0.78601,1.00,1.25
2018.02.09 06:18:19.822,0.78594,0.78602,1.00,1.50
2018.02.09 06:18:21.420,0.78594,0.78601,1.00,1.00
2018.02.09 06:18:23.053,0.78592,0.786,1.00,1.25
2018.02.09 06:18:23.585,0.78592,0.78599,1.00,1.25
2018.02.09 06:18:24.040,0.78592,0.78601,1.00,3.19
2018.02.09 06:18:25.259,0.78592,0.78602,1.00,2.44
2018.02.09 06:18:25.842,0.78592,0.78603,1.50,1.31
2018.02.09 06:18:35.241,0.78592,0.78604,2.44,2.62
2018.02.09 06:18:35.394,0.78595,0.78604,1.00,1.12
2018.02.09 06:18:35.901,0.78595,0.78603,1.00,1.25
2018.02.09 06:18:36.655,0.78595,0.78604,1.00,2.06
2018.02.09 06:18:38.084,0.78595,0.78605,1.00,2.44
2018.02.09 06:18:38.594,0.78595,0.78604,1.00,1.00
2018.02.09 06:18:38.924,0.78593,0.786,1.00,1.00
2018.02.09 06:18:38.976,0.78591,0.78601,1.00,1.69
2018.02.09 06:18:42.808,0.78591,0.786,1.00,1.00
2018.02.09 06:18:43.420,0.78591,0.78599,1.00,1.00
2018.02.09 06:18:44.431,0.78591,0.78598,1.00,1.00
2018.02.09 06:18:45.060,0.78591,0.78599,1.00,1.00
2018.02.09 06:18:48.582,0.78589,0.78598,1.00,1.00
2018.02.09 06:18:51.369,0.78587,0.78595,1.00,1.00
2018.02.09 06:18:51.676,0.78585,0.78593,1.00,1.00
2018.02.09 06:18:53.018,0.78585,0.78594,1.00,1.12
2018.02.09 06:18:54.631,0.78585,0.78592,1.00,1.00
2018.02.09 06:18:56.374,0.78585,0.78593,1.00,1.69
2018.02.09 06:19:02.198,0.78585,0.78594,1.00,3.56
2018.02.09 06:19:03.564,0.78585,0.78593,1.00,1.00
2018.02.09 06:19:06.143,0.78582,0.78593,1.50,1.69
2018.02.09 06:19:06.748,0.78582,0.78592,1.50,1.25
2018.02.09 06:19:07.259,0.78582,0.78591,1.00,1.69
2018.02.09 06:19:07.871,0.7858,0.78591,1.00,1.69
2018.02.09 06:19:07.923,0.78579,0.78589,1.12,1.00
2018.02.09 06:19:08.922,0.78579,0.78588,1.00,1.00
2018.02.09 06:19:13.955,0.78579,0.78587,1.00,1.00
2018.02.09 06:19:17.721,0.78577,0.78587,1.00,1.50
2018.02.09 06:19:18.279,0.78577,0.78588,1.50,2.25
2018.02.09 06:19:20.843,0.78577,0.78587,1.25,1.00
2018.02.09 06:19:21.345,0.78577,0.78586,1.00,1.00
2018.02.09 06:19:22.280,0.78577,0.78585,1.00,1.00
2018.02.09 06:19:22.406,0.78575,0.78585,1.50,1.00
2018.02.09 06:19:23.107,0.78576,0.78586,1.25,1.50
2018.02.09 06:19:25.868,0.78575,0.78586,1.69,1.50
2018.02.09 06:19:27.366,0.78576,0.78586,1.25,1.50
2018.02.09 06:19:30.424,0.78575,0.78586,1.50,1.50
2018.02.09 06:19:31.290,0.78575,0.78586,1.69,1.12
2018.02.09 06:19:33.408,0.78576,0.78586,1.25,1.00
2018.02.09 06:19:34.018,0.78577,0.78586,1.69,1.00
2018.02.09 06:19:36.412,0.78577,0.78587,1.69,1.50
2018.02.09 06:19:39.532,0.78576,0.78587,1.00,1.69
2018.02.09 06:19:39.634,0.78574,0.78584,1.00,1.00
2018.02.09 06:19:39.686,0.78572,0.78584,1.69,1.69
2018.02.09 06:19:41.754,0.78572,0.78583,1.50,1.00
2018.02.09 06:19:43.254,0.78573,0.78583,1.00,1.00
2018.02.09 06:19:46.791,0.78572,0.78583,1.69,1.00
2018.02.09 06:19:47.386,0.78572,0.78584,1.69,1.69
2018.02.09 06:19:47.889,0.78572,0.78583,1.69,1.00
2018.02.09 06:19:49.186,0.78573,0.78583,1.00,1.00
2018.02.09 06:19:50.846,0.78572,0.78583,1.69,1.00
2018.02.09 06:20:00.448,0.78572,0.78584,1.00,1.69
2018.02.09 06:20:00.875,0.78574,0.78585,1.69,1.12
2018.02.09 06:20:01.220,0.78576,0.78585,1.00,1.87
2018.02.09 06:20:02.964,0.78576,0.78587,1.25,1.50
2018.02.09 06:20:03.574,0.78577,0.78587,1.00,1.50
2018.02.09 06:20:05.849,0.78576,0.78587,1.25,1.50
2018.02.09 06:20:09.164,0.78575,0.78587,1.69,1.50
2018.02.09 06:20:09.756,0.78576,0.78587,1.00,1.50
2018.02.09 06:20:09.910,0.78574,0.78585,4.31,1.00
2018.02.09 06:20:11.264,0.78572,0.7858,1.00,1.00
2018.02.09 06:20:11.367,0.78569,0.7858,1.00,1.00
2018.02.09 06:20:11.418,0.78569,0.78578,1.00,1.00
2018.02.09 06:20:11.470,0.78566,0.78578,2.25,1.69
2018.02.09 06:20:11.572,0.78566,0.78576,1.00,1.50
2018.02.09 06:20:11.827,0.78564,0.78575,1.12,1.00
2018.02.09 06:20:13.761,0.78563,0.78574,1.50,1.00
2018.02.09 06:20:22.022,0.78562,0.78574,2.44,1.50
2018.02.09 06:20:22.074,0.78562,0.78571,1.00,1.00
2018.02.09 06:20:22.353,0.7856,0.78571,1.25,1.00
2018.02.09 06:20:22.404,0.78559,0.78569,1.25,1.00
2018.02.09 06:20:23.004,0.78558,0.78569,3.56,1.00
2018.02.09 06:20:23.591,0.78559,0.78569,1.00,1.00
2018.02.09 06:20:24.120,0.78558,0.7857,3.00,2.44
2018.02.09 06:20:25.945,0.78561,0.78571,1.00,1.19
2018.02.09 06:20:26.095,0.78561,0.78572,1.00,1.69
2018.02.09 06:20:26.614,0.78562,0.78572,1.00,1.00
2018.02.09 06:20:26.888,0.78563,0.78574,1.12,1.25
2018.02.09 06:20:26.939,0.78564,0.78576,1.69,1.50
2018.02.09 06:20:27.041,0.78563,0.78574,1.87,1.00
2018.02.09 06:20:27.142,0.78561,0.78573,2.25,1.69
2018.02.09 06:20:27.244,0.78566,0.78576,1.00,1.50
2018.02.09 06:20:27.565,0.78569,0.78578,1.00,1.00
2018.02.09 06:20:28.402,0.78567,0.78577,1.12,1.00
2018.02.09 06:20:31.137,0.78567,0.78579,1.87,1.69
2018.02.09 06:20:32.453,0.78566,0.78577,1.00,1.69
2018.02.09 06:20:32.759,0.78564,0.78575,3.56,1.00
2018.02.09 06:20:36.683,0.78565,0.78575,1.25,1.00
2018.02.09 06:20:37.637,0.78564,0.78575,2.81,1.00
2018.02.09 06:20:41.694,0.78562,0.78573,2.00,1.00
2018.02.09 06:20:41.747,0.78562,0.78573,1.25,1.00
2018.02.09 06:20:42.265,0.78563,0.78574,1.69,1.87
2018.02.09 06:20:44.927,0.78565,0.78574,1.50,1.00
2018.02.09 06:20:51.314,0.78563,0.78574,2.81,1.00
2018.02.09 06:21:05.857,0.78561,0.78573,3.56,1.50
2018.02.09 06:21:06.514,0.78561,0.78572,1.00,2.25
2018.02.09 06:21:07.846,0.78561,0.78571,1.00,1.00
2018.02.09 06:21:07.897,0.78559,0.7857,2.06,1.00
2018.02.09 06:21:16.436,0.7856,0.78571,1.00,1.69
2018.02.09 06:21:16.792,0.78559,0.78569,1.12,1.00
2018.02.09 06:21:22.545,0.78564,0.78574,1.00,2.62
2018.02.09 06:21:22.872,0.78568,0.7858,2.44,2.44
2018.02.09 06:21:23.414,0.78569,0.7858,1.50,1.69
2018.02.09 06:21:24.264,0.78568,0.7858,2.44,2.44
2018.02.09 06:21:25.072,0.78569,0.7858,1.25,1.50
2018.02.09 06:21:25.553,0.78574,0.78582,1.00,1.00
2018.02.09 06:21:25.604,0.78573,0.78584,1.00,3.56
2018.02.09 06:21:25.758,0.78572,0.78581,1.25,1.00
2018.02.09 06:21:26.633,0.78571,0.78581,1.69,1.00
2018.02.09 06:21:28.797,0.78573,0.78583,1.00,1.00
2018.02.09 06:21:29.958,0.78574,0.78586,1.50,1.69
2018.02.09 06:21:30.063,0.78576,0.78587,1.00,2.81
2018.02.09 06:21:30.905,0.78577,0.78588,1.25,1.50
2018.02.09 06:21:30.957,0.78578,0.78589,1.00,1.50
2018.02.09 06:21:33.051,0.7858,0.7859,1.00,1.00
2018.02.09 06:21:33.751,0.7858,0.78591,1.00,2.81
2018.02.09 06:21:36.521,0.7858,0.7859,1.00,1.00
2018.02.09 06:21:36.573,0.78577,0.78588,1.00,1.25
2018.02.09 06:21:38.262,0.7858,0.7859,1.00,1.50
2018.02.09 06:21:38.775,0.7858,0.78591,1.25,1.12
2018.02.09 06:21:41.397,0.78579,0.78591,1.69,1.12
2018.02.09 06:21:41.734,0.78581,0.78591,1.00,1.00
2018.02.09 06:21:42.214,0.78584,0.78595,1.69,1.00
2018.02.09 06:21:42.319,0.78587,0.78597,1.25,1.87
2018.02.09 06:21:42.421,0.78589,0.786,1.00,1.69
2018.02.09 06:21:44.768,0.7859,0.786,1.00,1.00
2018.02.09 06:21:46.308,0.7859,0.78601,1.50,1.12
2018.02.09 06:21:47.028,0.78591,0.78601,1.00,1.12
2018.02.09 06:21:48.102,0.7859,0.78601,1.69,1.12
2018.02.09 06:21:48.381,0.78588,0.786,1.69,1.00
2018.02.09 06:21:50.448,0.78586,0.78598,2.44,1.00
2018.02.09 06:21:50.754,0.78583,0.78594,1.25,1.00
2018.02.09 06:21:51.300,0.78584,0.78594,1.00,1.00
2018.02.09 06:21:51.968,0.78584,0.78596,1.69,1.50
2018.02.09 06:21:52.276,0.78586,0.78597,1.50,1.00
2018.02.09 06:22:00.649,0.78586,0.78597,1.00,2.44
2018.02.09 06:22:00.701,0.78584,0.78595,1.00,1.00
2018.02.09 06:22:01.460,0.78585,0.78595,1.00,1.00
2018.02.09 06:22:02.058,0.78586,0.78596,1.00,1.00
2018.02.09 06:22:03.418,0.78585,0.78596,1.69,1.00
2018.02.09 06:22:06.116,0.78586,0.78596,1.25,1.00
2018.02.09 06:22:06.569,0.78589,0.78598,1.00,1.50
2018.02.09 06:22:07.142,0.78589,0.78599,1.25,1.00
2018.02.09 06:22:07.703,0.78587,0.78598,1.31,1.00
2018.02.09 06:22:07.805,0.78589,0.78598,1.00,1.00
2018.02.09 06:22:08.522,0.78588,0.78598,1.25,1.00
2018.02.09 06:22:08.853,0.78586,0.78598,1.69,1.50
2018.02.09 06:22:10.292,0.78587,0.78598,1.00,1.50
2018.02.09 06:22:10.827,0.78586,0.78598,1.69,1.50
2018.02.09 06:22:11.336,0.78587,0.78598,1.25,1.00
2018.02.09 06:22:17.491,0.78589,0.78598,1.25,1.00
2018.02.09 06:22:17.594,0.7859,0.786,1.00,1.00
2018.02.09 06:22:21.145,0.78589,0.786,1.69,1.00
2018.02.09 06:22:25.421,0.7859,0.786,1.00,1.00
2018.02.09 06:22:25.945,0.78591,0.78601,1.25,1.00
2018.02.09 06:22:26.854,0.78591,0.78601,1.62,1.00
2018.02.09 06:22:26.905,0.78593,0.78603,1.00,1.00
2018.02.09 06:22:27.437,0.78593,0.78604,1.00,1.69
2018.02.09 06:22:28.096,0.78594,0.78604,1.00,1.25
2018.02.09 06:22:28.249,0.78596,0.78605,1.50,1.25
2018.02.09 06:22:28.555,0.78603,0.78612,2.25,1.25
2018.02.09 06:22:28.606,0.78603,0.78612,1.87,1.25
2018.02.09 06:22:30.480,0.78602,0.78612,1.50,1.13
2018.02.09 06:22:31.640,0.78603,0.78612,1.00,2.63
2018.02.09 06:22:32.279,0.78602,0.78612,1.50,2.44
2018.02.09 06:22:33.172,0.78602,0.78611,1.00,1.44
2018.02.09 06:22:33.706,0.78601,0.78611,1.00,1.44
2018.02.09 06:22:35.844,0.78601,0.78609,1.00,1.00
2018.02.09 06:22:37.391,0.78601,0.7861,1.00,1.25
2018.02.09 06:22:37.647,0.78603,0.78613,1.12,1.25
2018.02.09 06:22:38.076,0.78607,0.78616,1.00,1.00
2018.02.09 06:22:38.314,0.78605,0.78615,1.00,1.13
2018.02.09 06:22:41.470,0.78603,0.78613,1.12,1.13
2018.02.09 06:22:58.307,0.78601,0.78613,1.69,2.63
2018.02.09 06:22:58.823,0.78601,0.78612,1.00,1.00
2018.02.09 06:23:00.688,0.78601,0.78611,1.00,1.13
2018.02.09 06:23:00.994,0.786,0.7861,1.00,1.44
2018.02.09 06:23:10.858,0.78602,0.78611,1.00,1.69
2018.02.09 06:23:11.378,0.78602,0.78613,1.00,1.88
2018.02.09 06:23:13.043,0.78604,0.78613,1.00,1.88
2018.02.09 06:23:15.259,0.78604,0.78613,1.00,1.25
2018.02.09 06:23:18.364,0.78604,0.78613,1.00,1.88
2018.02.09 06:23:18.943,0.78604,0.78613,1.00,1.00
2018.02.09 06:23:20.165,0.78606,0.78614,1.00,1.44
2018.02.09 06:23:20.318,0.78607,0.78617,1.00,3.38
2018.02.09 06:23:20.534,0.78609,0.78618,1.00,1.25
2018.02.09 06:23:20.686,0.78607,0.78618,1.31,1.25
2018.02.09 06:23:22.737,0.7861,0.78618,2.19,1.00
2018.02.09 06:23:22.789,0.78614,0.78621,1.00,1.00
2018.02.09 06:23:22.890,0.78616,0.78626,1.00,1.00
2018.02.09 06:23:22.941,0.78618,0.78626,1.00,1.00
2018.02.09 06:23:23.043,0.78618,0.78628,1.50,1.25
2018.02.09 06:23:23.732,0.78618,0.78629,1.69,1.25
2018.02.09 06:23:26.794,0.78617,0.78628,1.75,1.44
2018.02.09 06:23:26.845,0.78617,0.78628,1.12,1.44
2018.02.09 06:23:27.405,0.78618,0.78629,1.00,1.88
2018.02.09 06:23:28.014,0.78618,0.78629,1.00,1.88
2018.02.09 06:23:29.690,0.78617,0.78628,1.12,1.13
2018.02.09 06:23:30.279,0.78618,0.78629,1.00,1.88
2018.02.09 06:23:30.983,0.78618,0.78629,1.25,1.25
2018.02.09 06:23:31.193,0.78621,0.7863,1.00,1.25
2018.02.09 06:23:33.781,0.78621,0.78631,1.00,1.25
2018.02.09 06:23:34.297,0.78621,0.78631,1.50,1.25
2018.02.09 06:23:35.950,0.78621,0.78631,1.50,1.88
2018.02.09 06:23:39.999,0.78619,0.7863,2.06,1.13
2018.02.09 06:23:40.555,0.78619,0.78629,1.87,1.00
2018.02.09 06:23:41.187,0.78618,0.78629,1.50,1.44
2018.02.09 06:23:42.037,0.78618,0.78627,1.50,1.00
2018.02.09 06:23:42.140,0.78616,0.78628,2.44,1.44
2018.02.09 06:23:50.765,0.78618,0.78629,1.00,1.88
2018.02.09 06:23:56.366,0.78621,0.78631,1.12,1.00
2018.02.09 06:23:56.900,0.78621,0.78632,1.12,1.88
2018.02.09 06:23:57.417,0.78621,0.78632,1.12,1.88
2018.02.09 06:24:01.421,0.78619,0.7863,2.44,1.00
2018.02.09 06:24:01.473,0.78619,0.78631,1.00,1.38
2018.02.09 06:24:11.316,0.78617,0.78629,3.19,1.88
2018.02.09 06:24:11.891,0.78619,0.7863,1.25,1.88
2018.02.09 06:24:11.943,0.78622,0.78631,1.69,1.00
2018.02.09 06:24:12.097,0.78626,0.78636,1.31,1.25
2018.02.09 06:24:12.262,0.78624,0.78634,3.00,1.44
2018.02.09 06:24:12.316,0.78624,0.78634,1.50,1.44
2018.02.09 06:24:13.487,0.78623,0.78632,1.12,1.44
2018.02.09 06:24:13.588,0.7862,0.78631,1.12,1.13
2018.02.09 06:24:14.172,0.7862,0.7863,1.12,1.00
2018.02.09 06:24:14.808,0.7862,0.78631,1.12,1.25
2018.02.09 06:24:15.414,0.78622,0.78635,1.44,4.13
2018.02.09 06:24:15.767,0.78624,0.78637,1.44,3.00
2018.02.09 06:24:16.751,0.78625,0.78637,1.13,2.06
2018.02.09 06:24:21.457,0.78626,0.78638,1.44,1.88
2018.02.09 06:24:22.341,0.78626,0.78638,1.44,1.69
2018.02.09 06:24:24.700,0.78628,0.78639,1.00,1.69
2018.02.09 06:24:25.229,0.78627,0.78639,1.88,1.13
2018.02.09 06:24:25.756,0.78628,0.78639,1.00,1.25
2018.02.09 06:24:26.322,0.78627,0.78639,1.25,1.13
2018.02.09 06:24:26.628,0.78629,0.7864,1.00,4.50
2018.02.09 06:24:28.355,0.78627,0.78638,1.00,1.44
2018.02.09 06:24:31.200,0.78627,0.78636,1.00,1.44
2018.02.09 06:24:31.330,0.78625,0.78636,1.31,1.44
2018.02.09 06:24:38.524,0.78623,0.78633,1.50,1.25
2018.02.09 06:24:38.830,0.78622,0.78632,1.00,1.25
2018.02.09 06:24:39.347,0.78622,0.78632,1.00,1.44
2018.02.09 06:24:41.299,0.78621,0.78632,1.00,1.88
2018.02.09 06:24:43.212,0.78625,0.78635,1.00,1.25
2018.02.09 06:24:43.518,0.78629,0.78638,1.00,1.69
2018.02.09 06:24:43.831,0.78631,0.78641,1.00,2.63
2018.02.09 06:24:44.231,0.78632,0.78643,1.50,1.88
2018.02.09 06:24:44.282,0.78634,0.78643,1.00,1.44
2018.02.09 06:24:45.314,0.78632,0.78641,2.25,1.44
2018.02.09 06:24:46.058,0.78632,0.78641,1.50,1.44
2018.02.09 06:24:51.079,0.7863,0.78641,1.87,1.88
2018.02.09 06:25:00.068,0.7863,0.78641,1.50,1.25
2018.02.09 06:25:02.654,0.7863,0.78641,3.38,1.00
2018.02.09 06:25:02.706,0.78632,0.78641,1.44,1.00
2018.02.09 06:25:03.475,0.78631,0.78641,1.88,1.00
2018.02.09 06:25:07.752,0.7863,0.78641,3.38,1.00
2018.02.09 06:25:08.502,0.7863,0.78642,1.69,3.00
2018.02.09 06:25:09.151,0.78632,0.78642,1.00,1.44
2018.02.09 06:25:09.912,0.78632,0.78641,1.00,1.44
2018.02.09 06:25:12.615,0.78632,0.78642,1.00,1.25
2018.02.09 06:25:13.132,0.78634,0.78643,1.00,1.88
2018.02.09 06:25:14.325,0.78634,0.78642,1.00,1.44
2018.02.09 06:25:20.391,0.78634,0.78643,1.00,1.88
2018.02.09 06:25:21.773,0.78632,0.78643,1.50,1.88
2018.02.09 06:25:23.498,0.78632,0.78643,1.50,1.69
2018.02.09 06:25:26.406,0.78632,0.78642,1.87,1.00
2018.02.09 06:25:27.061,0.78632,0.78642,1.12,1.44
2018.02.09 06:25:29.224,0.78632,0.78642,1.12,1.25
2018.02.09 06:25:30.246,0.78632,0.78643,2.06,1.69
2018.02.09 06:25:32.406,0.78634,0.78643,1.00,1.25
2018.02.09 06:25:33.001,0.78634,0.78645,1.50,1.88
2018.02.09 06:25:33.661,0.78634,0.78645,1.69,1.69
2018.02.09 06:25:34.247,0.78634,0.78644,1.00,1.44
2018.02.09 06:25:35.912,0.78634,0.78645,1.00,1.88
2018.02.09 06:25:38.336,0.78634,0.78645,1.00,1.69
2018.02.09 06:25:38.842,0.78634,0.78645,1.00,1.88
2018.02.09 06:25:39.499,0.78634,0.78645,2.25,1.25
2018.02.09 06:25:43.858,0.78634,0.78646,3.75,1.88
2018.02.09 06:25:51.566,0.78635,0.78647,1.25,4.13
2018.02.09 06:26:00.372,0.78634,0.78644,1.88,1.00
2018.02.09 06:26:02.743,0.78634,0.78644,1.25,1.25
2018.02.09 06:26:02.794,0.78632,0.78643,1.69,1.00
2018.02.09 06:26:05.744,0.78632,0.78641,1.00,1.00
2018.02.09 06:26:06.832,0.78629,0.7864,1.88,1.00
2018.02.09 06:26:09.563,0.78629,0.7864,1.69,1.00
2018.02.09 06:26:22.613,0.78629,0.7864,1.88,1.25
2018.02.09 06:26:23.273,0.78629,0.7864,1.25,1.88
2018.02.09 06:26:25.645,0.78629,0.78639,1.25,1.00
2018.02.09 06:26:28.754,0.78629,0.78637,1.00,1.00
2018.02.09 06:26:29.281,0.78627,0.78637,1.88,1.00
2018.02.09 06:26:29.938,0.78627,0.78637,1.88,1.00
2018.02.09 06:26:31.022,0.78627,0.78635,1.13,1.00
2018.02.09 06:26:31.619,0.78627,0.78636,1.13,1.00
2018.02.09 06:26:39.219,0.78626,0.78636,1.25,1.00
2018.02.09 06:26:40.540,0.78627,0.78636,1.00,1.00
2018.02.09 06:26:41.591,0.78626,0.78636,1.88,1.00
2018.02.09 06:26:43.991,0.78627,0.78636,1.00,1.00
2018.02.09 06:26:44.043,0.78627,0.78638,1.88,1.00
2018.02.09 06:26:44.561,0.78626,0.78638,2.25,2.63
2018.02.09 06:26:47.678,0.78626,0.78638,2.06,2.63
2018.02.09 06:26:48.906,0.78627,0.78638,1.00,1.69
2018.02.09 06:26:49.534,0.78626,0.78638,2.25,2.44
2018.02.09 06:27:00.049,0.78626,0.78637,1.31,1.00
2018.02.09 06:27:00.757,0.78626,0.78638,2.06,2.63
2018.02.09 06:27:01.391,0.78627,0.78638,1.44,1.69
2018.02.09 06:27:02.269,0.78627,0.78638,1.25,1.50
2018.02.09 06:27:02.952,0.78627,0.78638,1.44,1.69
2018.02.09 06:27:04.004,0.78626,0.78638,1.50,2.63
2018.02.09 06:27:04.057,0.78628,0.78638,1.69,1.25
2018.02.09 06:27:04.484,0.78626,0.78638,1.69,2.63
2018.02.09 06:27:04.587,0.78627,0.78638,1.44,1.69
2018.02.09 06:27:12.482,0.78628,0.78639,2.44,1.00
2018.02.09 06:27:21.784,0.78629,0.7864,1.00,1.88
2018.02.09 06:27:22.734,0.78629,0.78635,1.00,1.00
2018.02.09 06:27:22.786,0.78624,0.78631,1.00,1.00
2018.02.09 06:27:22.837,0.78621,0.78629,1.00,1.00
2018.02.09 06:27:22.939,0.78619,0.78627,1.25,1.00
2018.02.09 06:27:23.542,0.78617,0.78627,1.88,1.00
2018.02.09 06:27:26.535,0.78619,0.78627,1.44,1.00
2018.02.09 06:27:26.587,0.7862,0.78629,1.13,1.12
2018.02.09 06:27:29.647,0.78618,0.78629,1.69,1.12
2018.02.09 06:27:29.799,0.78617,0.78627,1.69,1.00
2018.02.09 06:27:30.635,0.78618,0.78627,1.00,1.00
2018.02.09 06:27:30.941,0.78615,0.78624,1.25,1.00
2018.02.09 06:27:31.490,0.78615,0.78626,1.25,1.50
2018.02.09 06:27:32.234,0.78616,0.78626,1.00,1.50
2018.02.09 06:27:32.833,0.78615,0.78626,1.25,1.50
2018.02.09 06:27:34.728,0.78617,0.78626,1.00,1.50
2018.02.09 06:27:34.779,0.78618,0.78627,1.00,1.50
2018.02.09 06:27:35.298,0.78617,0.78626,1.25,1.00
2018.02.09 06:27:36.395,0.78618,0.78626,1.00,1.00
2018.02.09 06:27:37.142,0.78617,0.78626,1.00,1.00
2018.02.09 06:27:37.961,0.78615,0.78626,1.19,1.00
2018.02.09 06:27:40.233,0.78617,0.78626,1.25,1.00
2018.02.09 06:27:40.773,0.78618,0.78626,1.25,1.00
2018.02.09 06:27:43.023,0.78618,0.78628,1.25,1.87
2018.02.09 06:27:48.922,0.78619,0.78628,1.00,1.12
2018.02.09 06:27:49.072,0.7862,0.78631,1.25,1.00
2018.02.09 06:27:49.579,0.78621,0.78632,2.44,1.12
2018.02.09 06:27:54.338,0.78621,0.78629,1.25,1.00
2018.02.09 06:27:54.440,0.78619,0.78629,1.00,1.00
2018.02.09 06:27:54.492,0.78617,0.78625,1.69,1.00
2018.02.09 06:27:54.645,0.78613,0.78622,1.25,1.00
2018.02.09 06:27:55.154,0.78615,0.78623,1.25,1.12
2018.02.09 06:27:55.256,0.78616,0.78626,1.00,1.12
2018.02.09 06:27:55.786,0.78617,0.78629,2.44,1.69
2018.02.09 06:27:56.367,0.78618,0.78629,1.25,1.00
2018.02.09 06:28:06.544,0.78619,0.78629,1.00,1.00
2018.02.09 06:28:06.797,0.78621,0.78631,1.00,1.50
2018.02.09 06:28:06.899,0.78623,0.78633,1.00,1.69
2018.02.09 06:28:07.828,0.78623,0.78634,1.00,1.50
2018.02.09 06:28:23.872,0.78623,0.78633,1.25,1.00
2018.02.09 06:28:25.388,0.78623,0.78635,1.69,2.81
2018.02.09 06:28:25.777,0.78627,0.78635,1.00,1.00
2018.02.09 06:28:25.829,0.78627,0.78638,1.50,1.69
2018.02.09 06:28:26.348,0.78628,0.78638,1.00,1.00
2018.02.09 06:28:26.949,0.78627,0.78638,2.44,1.00
2018.02.09 06:28:41.613,0.78627,0.78637,1.50,1.00
2018.02.09 06:28:42.012,0.78628,0.78639,1.00,2.44
2018.02.09 06:28:51.891,0.78629,0.78639,1.25,1.00
2018.02.09 06:28:53.772,0.7863,0.7864,1.00,1.50
2018.02.09 06:28:53.921,0.78632,0.78642,1.50,1.00
2018.02.09 06:28:54.076,0.78633,0.78644,1.25,2.25
2018.02.09 06:28:56.206,0.78632,0.78644,1.69,2.44
2018.02.09 06:28:56.408,0.78632,0.78642,1.25,1.00
2018.02.09 06:28:58.309,0.78632,0.78642,1.44,1.00
2018.02.09 06:28:58.824,0.78631,0.78642,1.88,1.12
2018.02.09 06:28:59.502,0.78631,0.78642,1.69,1.12
2018.02.09 06:29:01.619,0.7863,0.7864,1.44,1.00
2018.02.09 06:29:04.857,0.78629,0.78639,1.25,1.00
2018.02.09 06:29:05.062,0.78627,0.78636,1.69,1.00
2018.02.09 06:29:05.585,0.78625,0.78636,1.44,1.00
2018.02.09 06:29:09.077,0.78625,0.78634,1.25,1.00
2018.02.09 06:29:10.220,0.78626,0.78634,1.00,1.00
2018.02.09 06:29:12.279,0.78625,0.78634,1.25,1.00
2018.02.09 06:29:12.806,0.78624,0.78634,1.25,1.00
2018.02.09 06:29:13.702,0.78623,0.78634,2.81,1.00
2018.02.09 06:29:14.268,0.78624,0.78634,1.00,1.00
2018.02.09 06:29:15.325,0.78623,0.78632,1.69,1.00
2018.02.09 06:29:16.373,0.78623,0.78634,1.69,1.87
2018.02.09 06:29:17.189,0.78624,0.78634,1.00,1.12
2018.02.09 06:29:19.605,0.78623,0.78634,1.69,1.12
2018.02.09 06:29:28.533,0.78624,0.78634,1.00,1.12
2018.02.09 06:29:28.589,0.78626,0.78635,1.25,1.50
2018.02.09 06:29:29.140,0.78625,0.78635,1.69,1.00
2018.02.09 06:29:29.293,0.78624,0.78635,1.69,1.00
2018.02.09 06:29:30.021,0.78624,0.78634,1.00,1.00
2018.02.09 06:29:34.661,0.78625,0.78634,1.00,1.00
2018.02.09 06:29:36.068,0.78624,0.78634,1.69,1.00
2018.02.09 06:29:36.621,0.78623,0.78634,1.69,1.00
2018.02.09 06:29:39.962,0.78624,0.78635,1.50,1.25
2018.02.09 06:29:40.636,0.78624,0.78636,2.44,2.44
2018.02.09 06:29:45.192,0.78627,0.78638,2.44,2.62
2018.02.09 06:29:45.771,0.78628,0.78639,1.25,1.50
2018.02.09 06:29:59.169,0.78629,0.78639,1.69,1.00
2018.02.09 06:29:59.723,0.78628,0.78639,1.25,1.00
2018.02.09 06:30:00.227,0.78629,0.78639,1.00,1.00
2018.02.09 06:30:00.740,0.78629,0.7864,1.00,1.69
2018.02.09 06:30:05.159,0.78631,0.78641,1.00,1.00
2018.02.09 06:30:05.670,0.78631,0.78642,1.00,2.44
2018.02.09 06:30:06.541,0.78631,0.78641,1.00,1.00
2018.02.09 06:30:07.776,0.78629,0.7864,3.00,1.69
2018.02.09 06:30:07.879,0.78626,0.78637,1.69,1.00
2018.02.09 06:30:08.133,0.78624,0.78636,3.37,2.44
2018.02.09 06:30:13.446,0.78624,0.78633,1.25,1.00
2018.02.09 06:30:13.501,0.78622,0.78633,1.00,2.44
2018.02.09 06:30:13.552,0.78621,0.78631,1.50,1.50
2018.02.09 06:30:15.180,0.78621,0.78633,3.00,2.44
2018.02.09 06:30:15.600,0.78623,0.78633,1.00,1.25
2018.02.09 06:30:16.441,0.78623,0.78632,1.00,1.25
2018.02.09 06:30:18.249,0.78623,0.78631,1.00,1.00
2018.02.09 06:30:18.301,0.7862,0.78631,1.87,1.25
2018.02.09 06:30:21.098,0.78621,0.78632,1.00,1.50
2018.02.09 06:30:21.150,0.78626,0.78633,1.00,1.00
2018.02.09 06:30:21.203,0.78626,0.78635,1.00,1.50
2018.02.09 06:30:21.341,0.78627,0.78637,1.00,1.00
2018.02.09 06:30:21.899,0.78628,0.78638,1.00,1.25
2018.02.09 06:30:22.251,0.7863,0.7864,1.00,1.00
2018.02.09 06:30:22.766,0.78631,0.7864,1.00,1.00
2018.02.09 06:30:23.768,0.78629,0.7864,1.00,3.19
2018.02.09 06:30:24.339,0.78629,0.78639,1.00,1.00
2018.02.09 06:30:25.010,0.78629,0.7864,1.00,2.44
2018.02.09 06:30:25.365,0.78628,0.78638,1.25,1.00
2018.02.09 06:30:26.437,0.7863,0.78638,1.00,1.00
2018.02.09 06:30:26.641,0.7863,0.7864,1.00,1.69
2018.02.09 06:30:27.287,0.7863,0.78641,1.00,1.25
2018.02.09 06:30:27.852,0.7863,0.78642,1.50,2.44
2018.02.09 06:30:28.375,0.7863,0.78641,1.00,1.00
2018.02.09 06:30:30.463,0.7863,0.78639,1.00,1.00
2018.02.09 06:30:30.719,0.78623,0.78633,1.00,1.25
2018.02.09 06:30:30.923,0.78625,0.78634,1.00,1.00
2018.02.09 06:30:34.751,0.78623,0.78634,2.06,1.50
2018.02.09 06:30:36.788,0.78624,0.78634,1.00,1.00
2018.02.09 06:30:37.842,0.78626,0.78634,1.00,1.00
2018.02.09 06:30:39.352,0.78624,0.78634,2.44,1.00
2018.02.09 06:30:39.970,0.78625,0.78634,1.00,1.00
2018.02.09 06:30:40.860,0.78624,0.78634,1.50,1.00
2018.02.09 06:30:41.058,0.7862,0.7863,1.00,1.00
2018.02.09 06:30:42.727,0.7862,0.78631,1.00,1.50
2018.02.09 06:30:46.389,0.78623,0.78631,1.00,1.00
2018.02.09 06:30:46.492,0.78625,0.78636,1.00,1.87
2018.02.09 06:30:46.543,0.78628,0.78637,1.00,1.69
2018.02.09 06:30:47.107,0.78628,0.78637,1.00,1.25
2018.02.09 06:30:47.877,0.7863,0.78638,1.00,1.69
2018.02.09 06:30:50.210,0.7863,0.78639,1.00,1.25
2018.02.09 06:30:50.415,0.7863,0.78641,1.50,1.25
2018.02.09 06:30:51.371,0.7863,0.78642,1.69,3.94
2018.02.09 06:30:51.944,0.7863,0.78641,1.00,1.25
2018.02.09 06:30:53.515,0.7863,0.78642,1.50,3.19
2018.02.09 06:30:58.201,0.78632,0.78642,1.00,2.44
2018.02.09 06:30:59.785,0.78635,0.78643,1.00,1.00
2018.02.09 06:30:59.836,0.78636,0.78645,1.69,1.12
2018.02.09 06:30:59.887,0.78636,0.78647,1.69,1.50
2018.02.09 06:30:59.938,0.78638,0.78648,1.00,1.50
2018.02.09 06:31:00.040,0.78636,0.78648,2.44,2.25
2018.02.09 06:31:01.085,0.78638,0.78648,1.50,1.00
2018.02.09 06:31:02.270,0.78638,0.78649,1.69,1.00
2018.02.09 06:31:03.311,0.78639,0.78649,1.00,1.00
2018.02.09 06:31:05.502,0.7864,0.78649,1.00,1.00
2018.02.09 06:31:07.196,0.78639,0.78649,1.69,1.00
2018.02.09 06:31:07.790,0.7864,0.78649,1.00,1.00
2018.02.09 06:31:10.249,0.7864,0.7865,1.50,1.00
2018.02.09 06:31:10.596,0.78642,0.78652,1.00,1.25
2018.02.09 06:31:12.761,0.78642,0.78653,1.00,2.06
2018.02.09 06:31:17.177,0.78644,0.78653,1.00,1.00
2018.02.09 06:31:17.732,0.78644,0.78654,1.00,1.69
2018.02.09 06:31:23.540,0.78644,0.78653,1.00,1.00
2018.02.09 06:31:24.339,0.78644,0.78654,1.00,1.25
2018.02.09 06:31:25.739,0.78646,0.78655,1.00,1.69
2018.02.09 06:31:25.944,0.78646,0.78657,1.00,4.31
2018.02.09 06:31:29.679,0.78648,0.78658,1.00,1.00
2018.02.09 06:31:29.986,0.78652,0.78661,1.00,1.25
2018.02.09 06:31:32.875,0.7865,0.78657,1.87,1.25
2018.02.09 06:31:32.929,0.78646,0.78657,1.00,1.25
2018.02.09 06:31:33.667,0.78646,0.78656,1.00,1.25
2018.02.09 06:31:38.105,0.78646,0.78655,1.00,1.25
2018.02.09 06:31:42.684,0.78646,0.78654,1.00,1.00
2018.02.09 06:31:43.256,0.78644,0.78654,1.50,1.00
2018.02.09 06:31:44.097,0.78644,0.78652,1.50,1.00
2018.02.09 06:31:44.728,0.78644,0.78652,1.00,1.25
2018.02.09 06:31:47.591,0.78642,0.78652,1.12,1.25
2018.02.09 06:31:47.693,0.78641,0.7865,1.00,1.00
2018.02.09 06:31:53.069,0.78641,0.78651,1.00,1.50
2018.02.09 06:31:55.441,0.78643,0.78653,1.00,2.44
2018.02.09 06:31:59.245,0.78646,0.78653,1.00,1.00
2018.02.09 06:31:59.782,0.78646,0.78654,1.00,1.00
2018.02.09 06:32:08.732,0.78647,0.78654,1.00,1.00
2018.02.09 06:32:09.176,0.78647,0.78657,1.00,3.94
2018.02.09 06:32:10.951,0.78647,0.78656,1.00,1.00
2018.02.09 06:32:12.228,0.78647,0.78655,1.00,1.00
2018.02.09 06:32:12.990,0.78647,0.78656,1.00,1.25
2018.02.09 06:32:26.083,0.78646,0.78656,1.00,1.25
2018.02.09 06:32:26.442,0.7865,0.78659,1.00,1.69
2018.02.09 06:32:26.809,0.78652,0.7866,1.00,1.00
2018.02.09 06:32:27.796,0.7865,0.7866,2.25,1.00
2018.02.09 06:32:29.574,0.7865,0.78662,3.00,2.44
2018.02.09 06:32:31.764,0.78652,0.78662,1.00,1.69
2018.02.09 06:32:35.577,0.78652,0.78663,1.50,1.00
2018.02.09 06:32:40.163,0.78652,0.78661,1.00,1.00
2018.02.09 06:32:40.770,0.78651,0.78661,1.12,1.25
2018.02.09 06:32:45.120,0.78651,0.7866,1.12,1.00
2018.02.09 06:32:47.659,0.78651,0.78661,1.12,1.25
2018.02.09 06:32:50.749,0.78651,0.7866,1.12,1.00
2018.02.09 06:32:52.420,0.78651,0.78661,1.00,1.25
2018.02.09 06:32:53.620,0.78653,0.78662,1.00,1.25
2018.02.09 06:32:54.588,0.78653,0.78663,1.00,1.69
2018.02.09 06:33:00.678,0.78653,0.78662,1.00,1.00
2018.02.09 06:33:03.378,0.78653,0.78663,1.00,1.25
2018.02.09 06:33:04.101,0.78653,0.78664,1.00,3.56
2018.02.09 06:33:04.407,0.78657,0.78666,1.87,1.00
2018.02.09 06:33:06.223,0.78657,0.78667,1.87,1.00
2018.02.09 06:33:06.769,0.78657,0.78668,1.87,1.69
2018.02.09 06:33:09.537,0.7866,0.78668,1.00,1.00
2018.02.09 06:33:13.453,0.78658,0.78666,1.00,1.25
2018.02.09 06:33:13.789,0.78656,0.78664,1.00,1.00
2018.02.09 06:33:13.948,0.78654,0.78664,1.12,1.00
2018.02.09 06:33:19.459,0.78654,0.78663,1.12,1.00
2018.02.09 06:33:21.200,0.78654,0.78664,1.12,1.25
2018.02.09 06:33:23.554,0.78654,0.78663,1.12,1.00
2018.02.09 06:33:25.543,0.78655,0.78666,1.25,1.50
2018.02.09 06:33:25.830,0.78657,0.78668,1.00,1.69
2018.02.09 06:33:26.524,0.78657,0.78668,1.00,2.44
2018.02.09 06:33:28.504,0.78657,0.78666,1.00,1.25
2018.02.09 06:33:28.761,0.78643,0.78654,1.00,2.44
2018.02.09 06:33:28.812,0.78643,0.78651,1.00,1.00
2018.02.09 06:33:28.914,0.78641,0.7865,1.00,1.00
2018.02.09 06:33:28.966,0.78639,0.7865,1.25,1.50
2018.02.09 06:33:29.529,0.78638,0.7865,2.44,1.69
2018.02.09 06:33:30.065,0.78638,0.78649,1.50,1.25
2018.02.09 06:33:32.513,0.78638,0.78646,1.00,1.00
2018.02.09 06:33:32.615,0.78635,0.78646,1.00,1.50
2018.02.09 06:33:32.970,0.78632,0.78644,1.50,1.69
2018.02.09 06:33:33.663,0.78632,0.78643,1.00,1.25
2018.02.09 06:33:36.351,0.78632,0.78642,1.00,1.00
2018.02.09 06:33:36.476,0.78635,0.78644,1.00,1.00
2018.02.09 06:33:36.577,0.78635,0.78646,1.00,1.25
2018.02.09 06:33:38.313,0.78633,0.78645,2.25,1.69
2018.02.09 06:33:38.415,0.78633,0.78643,1.00,1.25
2018.02.09 06:33:38.466,0.78631,0.78643,2.06,1.69
2018.02.09 06:33:38.671,0.78631,0.78641,1.12,1.00
2018.02.09 06:33:39.390,0.78629,0.78639,1.50,1.00
2018.02.09 06:33:39.544,0.78627,0.78638,1.12,1.69
2018.02.09 06:33:40.076,0.78627,0.78637,1.12,1.25
2018.02.09 06:33:41.114,0.78627,0.78638,2.06,1.00
2018.02.09 06:33:41.245,0.78628,0.7864,2.44,2.44
2018.02.09 06:33:42.868,0.78628,0.78639,2.25,1.00
2018.02.09 06:33:48.468,0.78628,0.7864,3.00,1.69
2018.02.09 06:33:53.877,0.78632,0.78643,1.50,1.00
2018.02.09 06:33:54.180,0.78638,0.78649,1.00,2.44
2018.02.09 06:33:54.497,0.78641,0.78652,1.00,1.69
2018.02.09 06:33:57.765,0.78645,0.78654,1.00,1.00
2018.02.09 06:33:57.918,0.78646,0.78656,1.00,1.69
2018.02.09 06:34:00.465,0.78648,0.78658,1.00,2.44
2018.02.09 06:34:00.770,0.78647,0.78656,1.00,1.00
2018.02.09 06:34:01.153,0.78645,0.78656,1.00,3.19
2018.02.09 06:34:02.865,0.78645,0.78653,1.00,1.25
2018.02.09 06:34:02.917,0.78645,0.78655,1.00,1.00
2018.02.09 06:34:03.019,0.78648,0.78655,1.00,1.00
2018.02.09 06:34:03.070,0.78648,0.78658,1.00,1.12
2018.02.09 06:34:03.122,0.7865,0.78658,1.00,1.12
2018.02.09 06:34:06.780,0.7865,0.7866,1.00,2.44
2018.02.09 06:34:06.832,0.78652,0.7866,1.00,1.00
2018.02.09 06:34:07.038,0.78652,0.78662,1.00,1.25
2018.02.09 06:34:11.412,0.78652,0.78663,1.00,2.44
2018.02.09 06:34:12.136,0.78652,0.78662,1.00,1.00
2018.02.09 06:34:12.796,0.78652,0.78663,1.00,3.19
2018.02.09 06:34:13.457,0.78652,0.78662,1.00,1.25
2018.02.09 06:34:16.377,0.7865,0.78662,2.25,1.69
2018.02.09 06:34:20.446,0.78652,0.78662,1.00,1.00
2018.02.09 06:34:20.919,0.7865,0.78661,1.50,1.00
2018.02.09 06:34:21.461,0.78656,0.78664,1.00,1.50
2018.02.09 06:34:21.700,0.78652,0.78661,1.25,1.00
2018.02.09 06:34:21.824,0.78652,0.78664,1.69,1.50
2018.02.09 06:34:21.926,0.78652,0.78661,1.25,1.00
2018.02.09 06:34:22.079,0.78652,0.78663,1.00,2.62
2018.02.09 06:34:22.130,0.78653,0.78661,1.00,1.00
2018.02.09 06:34:22.233,0.78651,0.78661,1.69,1.00
2018.02.09 06:34:22.386,0.78651,0.78663,1.25,1.87
2018.02.09 06:34:22.437,0.78651,0.78661,1.69,1.00
2018.02.09 06:34:23.296,0.7865,0.7866,1.00,2.06
2018.02.09 06:34:23.615,0.78647,0.78657,1.00,1.50
2018.02.09 06:34:27.661,0.78646,0.78657,2.06,1.00
2018.02.09 06:34:27.994,0.78644,0.78654,1.69,1.00
2018.02.09 06:34:28.045,0.78642,0.78654,2.44,1.69
2018.02.09 06:34:28.096,0.78641,0.78652,1.87,1.50
2018.02.09 06:34:28.401,0.78639,0.7865,1.69,1.00
2018.02.09 06:34:29.032,0.7864,0.7865,1.25,1.00
2018.02.09 06:34:29.938,0.78639,0.7865,1.50,1.00
2018.02.09 06:34:31.646,0.78638,0.78648,1.00,1.00
2018.02.09 06:34:32.153,0.7864,0.7865,1.25,1.00
2018.02.09 06:34:32.357,0.78641,0.78652,1.00,1.12
2018.02.09 06:34:35.184,0.7864,0.7865,1.69,1.00
2018.02.09 06:34:36.581,0.78641,0.78652,1.50,1.12
2018.02.09 06:34:37.107,0.78641,0.78653,2.62,1.69
2018.02.09 06:34:37.158,0.78643,0.78652,1.00,1.25
2018.02.09 06:34:37.259,0.78643,0.78654,1.00,1.69
2018.02.09 06:34:38.930,0.78643,0.78653,1.00,1.00
2018.02.09 06:34:39.479,0.78642,0.78653,1.25,1.00
2018.02.09 06:34:39.968,0.78644,0.78654,1.00,1.69
2018.02.09 06:34:41.955,0.78642,0.78652,1.50,1.00
2018.02.09 06:34:42.529,0.78641,0.78652,1.12,1.50
2018.02.09 06:34:43.447,0.78641,0.78651,1.12,1.00
2018.02.09 06:34:44.084,0.78642,0.78652,1.00,1.25
2018.02.09 06:34:45.221,0.78642,0.78651,1.00,1.00
2018.02.09 06:34:45.774,0.78641,0.78651,1.12,1.25
2018.02.09 06:34:46.561,0.78641,0.78652,1.12,1.69
2018.02.09 06:34:46.920,0.78644,0.78653,1.00,1.25
2018.02.09 06:34:47.518,0.78644,0.78654,1.00,1.69
2018.02.09 06:34:52.762,0.78645,0.78656,1.50,1.12
2018.02.09 06:34:52.915,0.78648,0.78658,1.00,2.44
2018.02.09 06:34:53.482,0.78649,0.78658,1.00,1.25
2018.02.09 06:34:54.705,0.78649,0.7866,1.00,1.88
2018.02.09 06:34:55.053,0.78652,0.78661,1.00,1.44
2018.02.09 06:34:55.952,0.7865,0.78661,1.50,1.44
2018.02.09 06:34:56.535,0.7865,0.7866,1.00,1.13
2018.02.09 06:34:57.122,0.78651,0.78662,1.00,2.25
2018.02.09 06:34:57.344,0.78654,0.78665,1.69,1.25
2018.02.09 06:35:00.872,0.78654,0.78664,1.00,1.44
2018.02.09 06:35:01.405,0.78653,0.78663,1.00,1.88
2018.02.09 06:35:01.456,0.78651,0.78663,1.88,1.25
2018.02.09 06:35:01.558,0.78653,0.78664,1.00,3.00
2018.02.09 06:35:02.349,0.78653,0.78664,1.00,2.81
2018.02.09 06:35:03.467,0.78651,0.78663,1.69,1.00
2018.02.09 06:35:03.974,0.78653,0.78664,1.00,2.81
2018.02.09 06:35:04.177,0.78651,0.78663,1.69,1.00
2018.02.09 06:35:04.279,0.78653,0.78664,1.00,3.56
2018.02.09 06:35:06.824,0.78652,0.78663,1.87,1.00
2018.02.09 06:35:07.375,0.78651,0.78662,1.00,1.00
2018.02.09 06:35:09.385,0.78649,0.78659,1.50,1.50
2018.02.09 06:35:09.488,0.78646,0.78657,2.25,1.00
2018.02.09 06:35:09.592,0.78644,0.78655,2.62,1.00
2018.02.09 06:35:09.899,0.78641,0.7865,1.00,1.25
2018.02.09 06:35:11.084,0.78641,0.78652,1.00,1.25
2018.02.09 06:35:11.394,0.7864,0.7865,1.12,1.00
2018.02.09 06:35:11.915,0.78639,0.78651,4.69,1.00
2018.02.09 06:35:13.149,0.78642,0.78653,1.25,3.00
2018.02.09 06:35:13.201,0.7864,0.78652,2.06,1.50
2018.02.09 06:35:13.507,0.78639,0.7865,2.25,1.69
2018.02.09 06:35:13.806,0.78636,0.78647,1.00,1.50
2018.02.09 06:35:14.421,0.78637,0.78648,1.00,1.12
2018.02.09 06:35:15.629,0.78637,0.78649,1.69,1.69
2018.02.09 06:35:16.318,0.78637,0.78647,1.00,1.25
2018.02.09 06:35:18.903,0.78637,0.78646,1.00,1.00
2018.02.09 06:35:19.445,0.78637,0.78648,1.00,1.25
2018.02.09 06:35:22.573,0.78637,0.78649,1.00,2.44
2018.02.09 06:35:23.095,0.78637,0.78648,1.00,1.00
2018.02.09 06:35:24.685,0.78639,0.78649,1.00,1.69
2018.02.09 06:35:24.980,0.78636,0.78648,2.06,1.50
2018.02.09 06:35:25.436,0.78638,0.78649,1.00,2.44
2018.02.09 06:35:25.990,0.7864,0.7865,1.00,1.00
2018.02.09 06:35:26.144,0.78642,0.78653,2.25,1.00
2018.02.09 06:35:26.422,0.7864,0.78652,2.44,1.50
2018.02.09 06:35:26.929,0.7864,0.78651,1.50,1.00
2018.02.09 06:35:27.641,0.7864,0.78652,2.25,1.69
2018.02.09 06:35:27.796,0.78642,0.78653,1.00,1.25
2018.02.09 06:35:28.377,0.78642,0.78654,1.50,2.81
2018.02.09 06:35:28.888,0.78642,0.78653,1.50,1.00
2018.02.09 06:35:29.571,0.78643,0.78654,1.25,1.87
2018.02.09 06:35:30.080,0.78644,0.78654,1.00,1.00
2018.02.09 06:35:33.582,0.78644,0.78656,1.50,2.44
2018.02.09 06:35:33.684,0.78646,0.78655,1.00,1.00
2018.02.09 06:35:33.787,0.78647,0.78658,1.00,2.44
2018.02.09 06:35:37.541,0.78647,0.78656,1.00,1.25
2018.02.09 06:35:38.451,0.78647,0.78657,1.00,1.25
2018.02.09 06:35:38.813,0.78649,0.78658,1.00,1.00
2018.02.09 06:35:39.359,0.78649,0.78659,1.00,1.25
2018.02.09 06:35:39.411,0.7865,0.78661,1.00,1.00
2018.02.09 06:35:40.134,0.78651,0.78662,1.12,1.50
2018.02.09 06:35:40.554,0.78651,0.7866,1.12,1.00
2018.02.09 06:35:41.083,0.7865,0.78659,1.00,1.25
2018.02.09 06:35:45.171,0.78651,0.78661,1.00,1.00
2018.02.09 06:35:45.296,0.78652,0.78663,1.00,2.81
2018.02.09 06:35:53.835,0.78654,0.78663,1.00,1.00
2018.02.09 06:35:53.886,0.78654,0.78665,1.00,1.50
2018.02.09 06:35:54.407,0.78655,0.78665,1.25,1.00
2018.02.09 06:35:58.123,0.78653,0.78664,2.25,1.25
2018.02.09 06:35:58.682,0.78653,0.78663,1.00,1.50
2018.02.09 06:35:59.220,0.78652,0.78662,1.00,1.25
2018.02.09 06:36:00.162,0.78652,0.78663,1.25,1.50
2018.02.09 06:36:00.213,0.78654,0.78665,1.00,2.25
2018.02.09 06:36:00.741,0.78654,0.78666,1.69,2.06
2018.02.09 06:36:01.301,0.78655,0.78666,1.00,1.31
2018.02.09 06:36:02.690,0.78655,0.78666,1.50,1.00
2018.02.09 06:36:02.744,0.78657,0.78669,1.69,3.19
2018.02.09 06:36:03.280,0.78657,0.78668,1.00,1.25
2018.02.09 06:36:04.405,0.78657,0.78667,1.00,1.25
2018.02.09 06:36:05.676,0.78657,0.78668,1.00,1.25
2018.02.09 06:36:07.517,0.78659,0.78669,1.00,1.50
2018.02.09 06:36:08.039,0.78659,0.78668,1.00,1.25
2018.02.09 06:36:08.142,0.78659,0.7867,1.50,1.12
2018.02.09 06:36:08.498,0.7866,0.78672,2.25,1.69
2018.02.09 06:36:09.144,0.78661,0.78672,1.00,1.00
2018.02.09 06:36:09.714,0.7866,0.78671,2.25,1.00
2018.02.09 06:36:10.223,0.78659,0.7867,1.12,1.69
2018.02.09 06:36:11.317,0.7866,0.7867,1.00,1.25
2018.02.09 06:36:11.721,0.78663,0.78673,1.00,2.06
2018.02.09 06:36:12.052,0.78663,0.78671,1.00,1.00
2018.02.09 06:36:12.637,0.78661,0.7867,1.50,1.25
2018.02.09 06:36:15.927,0.78661,0.78671,1.50,1.25
2018.02.09 06:36:16.461,0.78661,0.78672,1.00,1.19
2018.02.09 06:36:16.992,0.78661,0.78672,1.00,1.25
2018.02.09 06:36:17.514,0.78661,0.78673,1.50,2.81
2018.02.09 06:36:17.834,0.78663,0.78675,1.50,3.19
2018.02.09 06:36:18.309,0.78665,0.78675,1.00,1.00
2018.02.09 06:36:18.564,0.78667,0.78678,1.00,1.50
2018.02.09 06:36:19.097,0.78668,0.78678,1.00,1.00
2018.02.09 06:36:21.853,0.78665,0.78676,1.87,1.44
2018.02.09 06:36:22.109,0.78667,0.78678,1.25,1.69
2018.02.09 06:36:22.476,0.78667,0.78676,1.50,1.00
2018.02.09 06:36:22.578,0.78665,0.78676,2.06,1.50
2018.02.09 06:36:23.061,0.78665,0.78675,1.12,1.44
2018.02.09 06:36:23.214,0.78663,0.78674,1.25,1.88
2018.02.09 06:36:24.055,0.78663,0.78673,1.00,1.44
2018.02.09 06:36:24.474,0.7866,0.78669,1.00,1.00
2018.02.09 06:36:26.398,0.78658,0.78669,2.06,1.00
2018.02.09 06:36:27.378,0.78659,0.7867,1.00,1.13
2018.02.09 06:36:27.933,0.78658,0.78669,2.06,1.44
2018.02.09 06:36:29.906,0.78658,0.7867,3.00,2.63
2018.02.09 06:36:30.531,0.78658,0.78669,2.81,1.25
2018.02.09 06:36:30.881,0.7866,0.7867,1.00,1.25
2018.02.09 06:36:31.542,0.7866,0.78672,2.44,2.81
2018.02.09 06:36:32.053,0.78661,0.78672,1.00,2.06
2018.02.09 06:36:32.594,0.7866,0.78671,1.69,1.00
2018.02.09 06:36:33.131,0.78663,0.78673,1.00,1.88
2018.02.09 06:36:34.312,0.78661,0.78672,1.31,1.25
2018.02.09 06:36:34.981,0.78663,0.78673,1.25,1.00
2018.02.09 06:36:35.134,0.78664,0.78675,1.00,1.69
2018.02.09 06:36:36.527,0.78662,0.78673,1.69,1.25
2018.02.09 06:36:36.952,0.78662,0.78672,1.50,1.44
2018.02.09 06:36:40.162,0.78662,0.78673,1.00,1.44
2018.02.09 06:36:40.715,0.78662,0.78674,1.88,3.38
2018.02.09 06:36:42.982,0.78665,0.78675,1.00,1.88
2018.02.09 06:36:43.034,0.78665,0.78676,1.25,2.44
2018.02.09 06:36:43.209,0.78667,0.78678,1.00,1.88
2018.02.09 06:36:43.745,0.78667,0.78678,1.88,1.25
2018.02.09 06:36:45.113,0.78666,0.78677,2.25,1.25
2018.02.09 06:36:46.733,0.78666,0.78677,1.69,1.31
2018.02.09 06:36:47.040,0.78668,0.78678,1.00,1.00
2018.02.09 06:36:48.765,0.78667,0.78676,1.00,1.13
2018.02.09 06:36:49.345,0.78666,0.78675,1.00,1.25
2018.02.09 06:36:51.850,0.78664,0.78674,1.87,1.44
2018.02.09 06:36:52.356,0.78665,0.78674,1.00,1.25
2018.02.09 06:36:53.071,0.78664,0.78674,1.12,1.13
2018.02.09 06:36:53.668,0.78662,0.78673,1.19,1.88
2018.02.09 06:36:54.043,0.78666,0.78672,1.00,1.00
2018.02.09 06:36:54.146,0.78664,0.78672,1.12,1.00
2018.02.09 06:36:58.258,0.78664,0.78673,1.12,1.13
2018.02.09 06:37:01.448,0.78666,0.78674,1.00,1.44
2018.02.09 06:37:01.983,0.78666,0.78674,1.00,1.13
2018.02.09 06:37:03.416,0.78666,0.78673,1.00,1.00
2018.02.09 06:37:03.467,0.78664,0.78673,1.00,1.13
2018.02.09 06:37:03.859,0.78666,0.78674,1.00,1.13
2018.02.09 06:37:04.277,0.78668,0.78677,1.00,2.44
2018.02.09 06:37:04.971,0.78669,0.78679,1.00,1.88
2018.02.09 06:37:05.181,0.78671,0.78679,1.00,1.00
2018.02.09 06:37:05.232,0.78671,0.78681,1.00,2.44
2018.02.09 06:37:05.284,0.78673,0.78681,1.00,1.25
2018.02.09 06:37:05.437,0.78669,0.7868,1.31,1.88
2018.02.09 06:37:05.540,0.78668,0.78678,1.50,1.25
2018.02.09 06:37:05.885,0.78672,0.78683,1.87,1.00
2018.02.09 06:37:05.936,0.78672,0.78681,1.87,1.25
2018.02.09 06:37:06.243,0.78674,0.78683,1.00,1.69
2018.02.09 06:37:06.550,0.78671,0.78679,1.00,1.13
2018.02.09 06:37:08.471,0.78669,0.7868,1.12,1.88
2018.02.09 06:37:10.081,0.78672,0.7868,1.00,1.00
2018.02.09 06:37:10.629,0.78672,0.78681,1.00,1.00
2018.02.09 06:37:13.292,0.78672,0.78681,1.00,1.44
2018.02.09 06:37:19.167,0.7867,0.78679,1.12,1.44
2018.02.09 06:37:19.713,0.78669,0.78679,1.00,1.25
2018.02.09 06:37:20.277,0.78669,0.7868,1.00,2.44
2018.02.09 06:37:20.615,0.78669,0.78679,1.00,1.44
2018.02.09 06:37:22.481,0.78669,0.78679,1.00,1.25
2018.02.09 06:37:23.159,0.78669,0.78677,1.00,1.00
2018.02.09 06:37:23.261,0.78667,0.78677,1.12,1.25
2018.02.09 06:37:23.503,0.78667,0.78676,1.12,1.44
2018.02.09 06:37:23.657,0.78664,0.78675,1.31,1.88
2018.02.09 06:37:24.394,0.78664,0.78675,1.31,1.88
2018.02.09 06:37:29.108,0.78661,0.78672,2.00,1.88
2018.02.09 06:37:29.222,0.78661,0.78672,1.25,1.88
2018.02.09 06:37:29.274,0.78664,0.78673,1.00,1.31
2018.02.09 06:37:29.427,0.78666,0.78676,1.00,1.69
2018.02.09 06:37:29.478,0.78668,0.78678,1.00,3.38
2018.02.09 06:37:31.213,0.78668,0.78678,1.00,1.88
2018.02.09 06:37:33.915,0.78674,0.78679,1.00,1.00
2018.02.09 06:37:34.017,0.78673,0.78681,1.00,1.25
2018.02.09 06:37:34.068,0.78671,0.78678,1.00,1.25
2018.02.09 06:37:34.120,0.78668,0.78678,1.00,1.25
2018.02.09 06:37:34.711,0.78668,0.7868,3.38,1.69
2018.02.09 06:37:35.216,0.7867,0.7868,1.50,1.00
2018.02.09 06:37:35.520,0.78668,0.78678,3.00,1.00
2018.02.09 06:37:35.673,0.78667,0.78678,1.69,1.00
2018.02.09 06:37:35.980,0.78665,0.78676,2.06,1.69
2018.02.09 06:37:36.726,0.78666,0.78676,1.44,1.00
2018.02.09 06:37:36.828,0.78667,0.78678,3.38,1.50
2018.02.09 06:37:38.420,0.78669,0.78679,1.50,1.00
2018.02.09 06:37:39.111,0.7867,0.7868,1.88,1.00
2018.02.09 06:37:39.817,0.78671,0.7868,1.00,1.00
2018.02.09 06:37:40.038,0.78671,0.78683,1.88,3.94
2018.02.09 06:37:40.241,0.78673,0.78685,2.63,1.31
2018.02.09 06:37:40.907,0.78673,0.78685,1.69,2.25
2018.02.09 06:37:43.451,0.78673,0.78684,1.50,1.44
2018.02.09 06:37:52.843,0.78673,0.78682,1.00,1.25
2018.02.09 06:37:53.047,0.78671,0.78682,1.12,1.69
2018.02.09 06:37:53.379,0.78669,0.78679,1.00,1.25
2018.02.09 06:37:53.955,0.78668,0.78678,1.25,1.00
2018.02.09 06:37:55.573,0.78667,0.78678,1.69,1.88
2018.02.09 06:37:56.400,0.78666,0.78676,2.63,1.00
2018.02.09 06:38:06.222,0.78666,0.78676,1.00,1.88
2018.02.09 06:38:06.324,0.78664,0.78674,1.00,1.50
2018.02.09 06:38:06.755,0.78662,0.78673,1.25,2.06
2018.02.09 06:38:14.082,0.78663,0.78673,1.00,1.12
2018.02.09 06:38:14.133,0.78664,0.78675,1.13,1.00
2018.02.09 06:38:14.928,0.78665,0.78675,1.00,1.00
2018.02.09 06:38:16.955,0.78664,0.78675,1.13,1.00
2018.02.09 06:38:17.629,0.78663,0.78675,2.63,1.88
2018.02.09 06:38:18.864,0.78663,0.78675,2.63,1.25
2018.02.09 06:38:20.587,0.78663,0.78675,2.44,1.00
2018.02.09 06:38:20.767,0.78661,0.78672,3.00,1.69
2018.02.09 06:38:20.974,0.78659,0.7867,1.87,1.50
2018.02.09 06:38:21.526,0.78659,0.78669,1.12,1.25
2018.02.09 06:38:22.794,0.78658,0.78667,1.00,1.44
2018.02.09 06:38:23.152,0.78656,0.78667,1.00,1.88
2018.02.09 06:38:24.059,0.78656,0.78667,1.88,1.00
2018.02.09 06:38:24.987,0.78658,0.78669,1.00,1.88
2018.02.09 06:38:28.438,0.78659,0.78669,1.25,1.00
2018.02.09 06:38:28.541,0.78661,0.78672,1.88,1.00
2018.02.09 06:38:28.952,0.78663,0.78674,1.00,2.06
2018.02.09 06:38:29.054,0.78661,0.7867,1.00,1.00
2018.02.09 06:38:29.277,0.78654,0.78665,1.00,1.44
2018.02.09 06:38:29.748,0.78651,0.78663,3.38,1.50
2018.02.09 06:38:31.188,0.78653,0.78663,1.00,1.00
2018.02.09 06:38:31.727,0.78653,0.78664,1.00,1.13
2018.02.09 06:38:33.109,0.78653,0.78665,1.88,2.63
2018.02.09 06:38:33.615,0.78653,0.78664,1.00,1.13
2018.02.09 06:38:34.467,0.7865,0.78661,1.25,1.00
2018.02.09 06:38:35.166,0.7865,0.7866,1.00,1.13
2018.02.09 06:38:35.925,0.7865,0.78659,1.00,1.13
2018.02.09 06:38:36.483,0.78648,0.78659,1.69,1.88
2018.02.09 06:38:39.084,0.7865,0.78662,1.69,2.63
2018.02.09 06:38:39.421,0.78652,0.78664,1.88,3.38
2018.02.09 06:38:40.355,0.78655,0.78663,1.25,1.00
2018.02.09 06:38:40.458,0.78656,0.78665,1.00,1.50
2018.02.09 06:38:43.467,0.78655,0.78665,1.13,1.00
2018.02.09 06:38:51.506,0.78655,0.78665,1.38,1.00
2018.02.09 06:38:52.057,0.78656,0.78666,1.44,1.00
2018.02.09 06:38:53.095,0.78656,0.78666,1.25,1.00
2018.02.09 06:38:58.527,0.78655,0.78666,1.69,1.00
2018.02.09 06:38:59.007,0.78657,0.78666,1.00,1.00
2018.02.09 06:39:04.231,0.78655,0.78664,1.50,1.25
2018.02.09 06:39:04.769,0.78655,0.78665,1.00,1.13
2018.02.09 06:39:05.188,0.78653,0.78663,1.69,1.00
2018.02.09 06:39:06.989,0.78653,0.78663,1.00,1.88
2018.02.09 06:39:08.158,0.78652,0.78663,1.25,1.88
2018.02.09 06:39:08.732,0.78651,0.78662,1.69,1.63
2018.02.09 06:39:09.037,0.7865,0.78659,1.69,1.00
2018.02.09 06:39:11.315,0.7865,0.78661,1.25,2.62
2018.02.09 06:39:12.298,0.78649,0.78661,3.38,2.25
2018.02.09 06:39:12.859,0.7865,0.78661,1.25,1.31
2018.02.09 06:39:17.763,0.78652,0.78662,1.00,1.00
2018.02.09 06:39:21.040,0.78653,0.78662,1.00,1.00
2018.02.09 06:39:21.091,0.78654,0.78665,1.00,1.88
2018.02.09 06:39:21.609,0.78654,0.78665,1.88,1.00
2018.02.09 06:39:22.233,0.78654,0.78666,2.63,1.69
2018.02.09 06:39:23.883,0.78656,0.78667,1.00,3.00
2018.02.09 06:39:24.540,0.78656,0.78667,1.88,1.87
2018.02.09 06:39:24.929,0.78655,0.78665,1.25,1.00
2018.02.09 06:39:28.528,0.78654,0.78665,1.69,1.00
2018.02.09 06:39:29.519,0.78655,0.78665,1.00,1.00
2018.02.09 06:39:30.033,0.78655,0.78667,1.00,3.00
2018.02.09 06:39:33.748,0.78655,0.78665,1.00,1.00
2018.02.09 06:39:34.516,0.78654,0.78664,1.50,1.00
2018.02.09 06:39:45.602,0.78655,0.78664,1.25,1.00
2018.02.09 06:39:45.912,0.78662,0.78669,1.00,1.00
2018.02.09 06:39:45.964,0.7866,0.78672,2.06,1.50
2018.02.09 06:39:46.468,0.7866,0.78672,2.25,1.69
2018.02.09 06:39:49.128,0.78662,0.78673,1.88,1.00
2018.02.09 06:39:49.180,0.78664,0.78675,1.50,1.31
2018.02.09 06:39:49.333,0.78666,0.78676,1.25,1.69
2018.02.09 06:39:49.856,0.78665,0.78676,1.88,1.25
2018.02.09 06:39:50.710,0.78665,0.78676,1.00,1.88
2018.02.09 06:39:51.043,0.78664,0.78673,1.00,1.00
2018.02.09 06:39:51.315,0.78662,0.78672,1.50,1.25
2018.02.09 06:39:51.670,0.7866,0.78671,1.25,1.88
2018.02.09 06:39:52.457,0.7866,0.78669,1.25,1.00
2018.02.09 06:39:53.986,0.78658,0.78669,2.25,1.00
2018.02.09 06:39:55.524,0.78657,0.78667,1.44,1.00
2018.02.09 06:39:56.072,0.78656,0.78667,1.44,1.69
2018.02.09 06:39:56.381,0.78654,0.78664,1.31,1.25
2018.02.09 06:39:56.758,0.78652,0.78662,1.25,1.00
2018.02.09 06:39:57.065,0.7865,0.78658,1.25,1.00
2018.02.09 06:39:57.269,0.7865,0.7866,1.25,1.00
2018.02.09 06:39:57.803,0.7865,0.78661,2.44,1.87
2018.02.09 06:39:58.331,0.7865,0.7866,1.25,1.50
2018.02.09 06:39:58.901,0.78653,0.78663,1.00,3.38
2018.02.09 06:39:58.953,0.78653,0.78663,1.00,1.50
2018.02.09 06:39:59.170,0.78654,0.78665,2.63,1.00
2018.02.09 06:39:59.715,0.78654,0.78663,1.88,1.00
2018.02.09 06:40:00.437,0.78654,0.78662,1.25,1.00
2018.02.09 06:40:00.943,0.78652,0.78662,1.88,1.00
2018.02.09 06:40:01.486,0.78654,0.78662,1.00,1.00
2018.02.09 06:40:02.037,0.78653,0.78662,1.13,1.00
2018.02.09 06:40:06.991,0.78652,0.78662,1.25,1.87
2018.02.09 06:40:07.328,0.7865,0.78659,1.44,1.00
2018.02.09 06:40:07.431,0.78652,0.78661,1.00,1.00
2018.02.09 06:40:07.989,0.78653,0.78661,1.44,1.00
2018.02.09 06:40:08.153,0.78652,0.78661,1.25,1.00
2018.02.09 06:40:09.697,0.78651,0.78661,1.69,1.00
2018.02.09 06:40:11.887,0.78652,0.78661,1.00,1.00
2018.02.09 06:40:11.938,0.78653,0.78664,2.63,1.25
2018.02.09 06:40:15.558,0.78653,0.78664,1.69,2.44
2018.02.09 06:40:15.609,0.78653,0.78662,1.00,1.00
2018.02.09 06:40:15.911,0.78652,0.78659,1.25,1.00
2018.02.09 06:40:17.679,0.78651,0.78661,1.88,1.87
2018.02.09 06:40:20.154,0.78651,0.78661,1.25,1.87
2018.02.09 06:40:20.332,0.78656,0.78664,1.44,1.00
2018.02.09 06:40:20.858,0.78656,0.78667,1.44,3.19
2018.02.09 06:40:21.469,0.78655,0.78667,1.88,3.94
2018.02.09 06:40:22.008,0.78654,0.78665,2.63,1.12
2018.02.09 06:40:22.352,0.78654,0.78663,1.00,1.00
2018.02.09 06:40:23.055,0.78652,0.78663,2.44,1.25
2018.02.09 06:40:25.618,0.78652,0.78661,1.88,1.00
2018.02.09 06:40:27.257,0.7865,0.7866,1.00,1.44
2018.02.09 06:40:27.358,0.78648,0.78659,1.25,2.81
2018.02.09 06:40:27.460,0.78648,0.78657,1.25,1.00
2018.02.09 06:40:28.177,0.78646,0.78657,1.88,1.00
2018.02.09 06:40:28.761,0.78646,0.78657,1.69,1.50
2018.02.09 06:40:30.064,0.78647,0.78657,1.25,1.50
2018.02.09 06:40:30.268,0.78649,0.7866,1.69,1.50
2018.02.09 06:40:30.925,0.78648,0.78658,1.00,1.00
2018.02.09 06:40:31.305,0.78646,0.78658,2.44,1.69
2018.02.09 06:40:31.356,0.78646,0.78656,1.25,1.00
2018.02.09 06:40:31.509,0.78642,0.78653,1.87,1.00
2018.02.09 06:40:31.560,0.78641,0.78651,3.19,1.00
2018.02.09 06:40:32.162,0.78641,0.78651,1.25,1.00
2018.02.09 06:40:33.582,0.78643,0.78651,1.00,1.00
2018.02.09 06:40:33.785,0.78643,0.78653,1.00,1.00
2018.02.09 06:40:37.653,0.78645,0.78653,1.00,1.00
2018.02.09 06:40:37.705,0.78646,0.78656,1.25,3.00
2018.02.09 06:40:37.858,0.78647,0.78657,1.00,1.00
2018.02.09 06:40:38.507,0.78648,0.78658,1.00,1.87
2018.02.09 06:40:39.190,0.78649,0.78658,1.25,1.50
2018.02.09 06:40:40.045,0.7865,0.78658,1.00,1.00
2018.02.09 06:40:40.096,0.78653,0.78663,1.00,3.37
2018.02.09 06:40:42.520,0.78656,0.78666,1.00,1.50
2018.02.09 06:40:42.621,0.78657,0.78668,1.25,2.25
2018.02.09 06:40:42.722,0.78659,0.78669,1.00,1.87
2018.02.09 06:40:43.248,0.78658,0.78668,1.25,1.00
2018.02.09 06:40:43.809,0.78657,0.78668,1.00,1.69
2018.02.09 06:40:44.562,0.78657,0.78667,1.00,1.00
2018.02.09 06:40:47.327,0.78657,0.78666,1.00,1.00
2018.02.09 06:40:47.378,0.78658,0.78668,1.25,1.00
2018.02.09 06:40:47.429,0.7866,0.7867,1.69,1.00
2018.02.09 06:40:47.481,0.78661,0.78672,1.25,1.00
2018.02.09 06:40:47.983,0.78662,0.78672,1.25,1.00
2018.02.09 06:40:48.719,0.78662,0.78673,1.00,2.06
2018.02.09 06:40:50.468,0.78663,0.78675,1.50,3.19
2018.02.09 06:40:50.570,0.78665,0.78675,1.00,1.50
2018.02.09 06:40:50.621,0.78663,0.78675,1.69,1.50
2018.02.09 06:40:50.749,0.78665,0.78675,1.25,1.00
2018.02.09 06:40:51.001,0.78667,0.78678,1.00,1.50
2018.02.09 06:40:51.608,0.78668,0.78678,1.25,1.00
2018.02.09 06:40:52.103,0.78673,0.78678,1.00,1.00
2018.02.09 06:40:52.155,0.78673,0.78683,1.25,1.00
2018.02.09 06:40:52.532,0.78674,0.78686,1.69,3.19
2018.02.09 06:40:53.045,0.78675,0.78686,1.69,1.00
2018.02.09 06:40:53.702,0.78678,0.78686,1.00,1.00
2018.02.09 06:40:54.278,0.78677,0.78686,1.25,1.00
2018.02.09 06:40:57.990,0.78678,0.78686,1.25,1.00
2018.02.09 06:40:58.093,0.78678,0.78689,2.44,1.00
2018.02.09 06:40:58.703,0.78679,0.78689,1.25,1.00
2018.02.09 06:41:01.382,0.7868,0.78689,1.25,1.00
2018.02.09 06:41:01.434,0.78681,0.78691,1.25,1.12
2018.02.09 06:41:01.953,0.78682,0.78691,1.25,1.00
2018.02.09 06:41:02.170,0.78682,0.78694,1.69,2.81
2018.02.09 06:41:03.100,0.78682,0.78692,1.25,1.00
2018.02.09 06:41:03.151,0.78682,0.78694,1.69,1.87
2018.02.09 06:41:04.072,0.78681,0.78692,2.44,1.00
2018.02.09 06:41:04.398,0.78679,0.7869,2.44,1.00
2018.02.09 06:41:07.853,0.78677,0.78687,1.50,1.00
2018.02.09 06:41:08.533,0.78676,0.78687,1.00,1.50
2018.02.09 06:41:11.333,0.78676,0.78685,1.00,1.00
2018.02.09 06:41:11.640,0.78674,0.78685,2.06,1.00
2018.02.09 06:41:12.161,0.78673,0.78684,1.25,1.00
2018.02.09 06:41:14.419,0.78673,0.78682,1.25,1.00
2018.02.09 06:41:15.040,0.78673,0.78684,1.00,1.69
2018.02.09 06:41:16.082,0.78672,0.78684,2.44,1.50
2018.02.09 06:41:21.162,0.78671,0.78681,1.50,1.00
2018.02.09 06:41:21.740,0.78672,0.78681,1.25,1.50
2018.02.09 06:41:27.805,0.78671,0.78681,1.25,1.00
2018.02.09 06:41:30.840,0.78671,0.78682,2.44,1.12
2018.02.09 06:41:31.485,0.78672,0.78682,1.00,1.12
2018.02.09 06:41:32.019,0.78671,0.78682,2.44,1.12
2018.02.09 06:41:33.772,0.7867,0.78678,1.00,1.00
2018.02.09 06:41:33.824,0.78668,0.78678,2.44,1.00
2018.02.09 06:41:45.961,0.78671,0.7868,1.69,1.00
2018.02.09 06:41:46.012,0.78671,0.78682,1.00,2.44
2018.02.09 06:41:47.458,0.78671,0.78682,1.00,2.81
2018.02.09 06:41:47.979,0.78671,0.78681,1.19,1.00
2018.02.09 06:41:48.081,0.7867,0.78681,1.00,1.69
2018.02.09 06:41:48.132,0.78669,0.78679,2.44,1.00
2018.02.09 06:41:50.939,0.78669,0.78679,1.69,1.00
2018.02.09 06:41:51.722,0.7867,0.78681,1.00,1.50
2018.02.09 06:41:52.384,0.78669,0.7868,1.69,1.12
2018.02.09 06:41:52.689,0.78669,0.78678,1.00,1.00
2018.02.09 06:41:53.241,0.78668,0.78678,1.69,1.00
2018.02.09 06:41:53.926,0.78669,0.78678,1.25,1.00
2018.02.09 06:41:54.788,0.78671,0.78678,1.00,1.00
2018.02.09 06:41:55.096,0.78675,0.78682,1.00,1.00
2018.02.09 06:41:55.964,0.78673,0.78682,1.00,1.00
2018.02.09 06:41:58.705,0.78673,0.78679,1.00,1.00
2018.02.09 06:41:59.348,0.78673,0.78678,1.00,1.00
2018.02.09 06:41:59.987,0.78672,0.78678,1.00,1.00
2018.02.09 06:42:00.370,0.78669,0.78675,1.00,1.00
2018.02.09 06:42:00.572,0.78667,0.78675,1.69,1.00
2018.02.09 06:42:03.341,0.78668,0.78675,1.25,1.00
2018.02.09 06:42:04.427,0.78667,0.78677,1.69,1.50
2018.02.09 06:42:05.009,0.78667,0.78675,1.50,1.00
2018.02.09 06:42:05.214,0.78668,0.78677,1.25,1.00
2018.02.09 06:42:05.504,0.78669,0.7868,1.25,2.25
2018.02.09 06:42:08.508,0.78668,0.7868,1.69,2.25
2018.02.09 06:42:12.577,0.78667,0.78676,1.00,1.00
2018.02.09 06:42:12.882,0.78667,0.78672,1.00,1.00
2018.02.09 06:42:13.128,0.78664,0.78671,1.25,1.00
2018.02.09 06:42:13.180,0.78663,0.78667,1.00,1.00
2018.02.09 06:42:13.282,0.7866,0.78667,1.69,1.00
2018.02.09 06:42:13.435,0.78662,0.78669,1.38,1.00
2018.02.09 06:42:13.576,0.78662,0.78671,1.88,1.87
2018.02.09 06:42:13.766,0.7866,0.78671,1.44,1.87
2018.02.09 06:42:13.817,0.7866,0.78666,1.44,1.00
2018.02.09 06:42:13.869,0.78658,0.78666,1.88,1.00
2018.02.09 06:42:18.388,0.78657,0.78666,1.44,1.00
2018.02.09 06:42:19.170,0.78656,0.78666,1.88,1.00
2018.02.09 06:42:25.072,0.78657,0.78664,1.25,1.00
2018.02.09 06:42:27.243,0.78655,0.78664,1.88,1.00
2018.02.09 06:42:31.722,0.78657,0.78666,1.44,1.00
2018.02.09 06:42:33.706,0.78656,0.78666,2.63,1.00
2018.02.09 06:42:34.014,0.78656,0.78664,1.44,1.00
2018.02.09 06:42:34.116,0.78655,0.78666,1.25,1.00
2018.02.09 06:42:34.275,0.78649,0.78659,1.69,1.00
2018.02.09 06:42:34.786,0.7865,0.78661,1.88,1.00
2018.02.09 06:42:35.093,0.78656,0.78667,1.00,3.75
2018.02.09 06:42:35.398,0.78659,0.78668,1.44,1.12
2018.02.09 06:42:35.707,0.78661,0.78672,1.50,1.50
2018.02.09 06:42:35.946,0.78659,0.78668,1.50,1.00
2018.02.09 06:42:36.100,0.78654,0.78664,1.00,1.87
2018.02.09 06:42:36.203,0.78656,0.78665,1.00,2.25
2018.02.09 06:42:36.305,0.78656,0.78667,1.69,1.12
2018.02.09 06:42:36.848,0.78657,0.78666,1.44,1.00
2018.02.09 06:42:36.900,0.78658,0.78668,1.00,1.00
2018.02.09 06:42:37.104,0.7866,0.78669,1.88,1.12
2018.02.09 06:42:37.156,0.7866,0.78671,3.38,1.00
2018.02.09 06:42:37.207,0.7866,0.78669,1.50,1.25
2018.02.09 06:42:37.598,0.78662,0.78671,1.00,1.00
2018.02.09 06:42:38.628,0.78661,0.78671,2.44,1.00
2018.02.09 06:42:39.435,0.78662,0.78671,1.00,1.00
2018.02.09 06:42:39.984,0.78663,0.78671,1.00,1.00
2018.02.09 06:42:40.621,0.78662,0.78671,1.00,1.00
2018.02.09 06:42:40.876,0.7866,0.78671,1.00,1.88
2018.02.09 06:42:41.084,0.78661,0.78671,1.88,1.00
2018.02.09 06:42:41.307,0.7866,0.78671,1.25,2.44
2018.02.09 06:42:41.847,0.78659,0.78671,3.56,2.63
2018.02.09 06:42:42.493,0.78659,0.78669,2.62,1.00
2018.02.09 06:42:44.104,0.78658,0.78669,1.00,2.63
2018.02.09 06:42:44.747,0.78658,0.78669,1.00,2.25
2018.02.09 06:42:45.098,0.78658,0.78666,1.00,1.00
2018.02.09 06:42:45.204,0.78658,0.78669,1.00,1.69
2018.02.09 06:42:45.668,0.78656,0.78664,1.12,1.00
2018.02.09 06:42:45.885,0.78653,0.78662,1.00,1.25
2018.02.09 06:42:45.936,0.78655,0.78663,1.25,1.00
2018.02.09 06:42:45.986,0.78655,0.78666,1.25,2.44
2018.02.09 06:42:46.521,0.78656,0.78666,1.00,2.44
2018.02.09 06:42:47.597,0.78655,0.78665,1.00,1.25
2018.02.09 06:42:48.233,0.78654,0.78666,2.25,2.63
2018.02.09 06:42:49.536,0.78656,0.78666,1.00,2.44
2018.02.09 06:42:49.639,0.78653,0.78664,1.87,1.69
2018.02.09 06:42:49.918,0.78654,0.78666,1.50,3.19
2018.02.09 06:42:50.117,0.78656,0.78666,1.00,1.69
2018.02.09 06:42:50.780,0.78657,0.78666,1.00,1.00
2018.02.09 06:42:51.357,0.78656,0.78666,1.00,1.00
2018.02.09 06:42:51.908,0.78655,0.78666,1.25,1.00
2018.02.09 06:42:52.535,0.78656,0.78666,1.00,1.00
2018.02.09 06:42:53.554,0.78654,0.78663,1.50,1.00
2018.02.09 06:42:54.200,0.78653,0.78663,1.25,1.00
2018.02.09 06:42:57.685,0.78653,0.78662,1.00,1.00
2018.02.09 06:42:59.660,0.78653,0.78662,1.00,1.88
2018.02.09 06:43:00.813,0.78651,0.78662,1.50,1.69
2018.02.09 06:43:01.869,0.78651,0.78661,1.00,1.00
2018.02.09 06:43:01.920,0.78651,0.78659,1.00,1.00
2018.02.09 06:43:02.341,0.78651,0.78661,1.00,2.06
2018.02.09 06:43:04.679,0.78651,0.78662,3.38,1.25
2018.02.09 06:43:11.462,0.78653,0.78664,2.25,1.31
2018.02.09 06:43:11.966,0.78654,0.78665,1.00,1.88
2018.02.09 06:43:13.877,0.78654,0.78661,1.00,1.25
2018.02.09 06:43:13.980,0.78649,0.78657,1.50,1.00
2018.02.09 06:43:14.032,0.78647,0.78657,2.25,1.00
2018.02.09 06:43:14.185,0.78649,0.78657,1.00,1.00
2018.02.09 06:43:14.236,0.78649,0.78659,1.50,1.25
2018.02.09 06:43:14.750,0.78652,0.78661,1.00,1.19
2018.02.09 06:43:16.868,0.7865,0.78661,1.69,1.19
2018.02.09 06:43:17.405,0.78651,0.7866,1.00,1.13
2018.02.09 06:43:17.506,0.7865,0.78659,1.00,1.88
2018.02.09 06:43:17.938,0.78648,0.78658,1.50,1.00
2018.02.09 06:43:17.990,0.78645,0.78655,2.25,1.69
2018.02.09 06:43:18.093,0.78643,0.78653,1.50,1.00
2018.02.09 06:43:18.329,0.78643,0.7865,1.00,1.00
2018.02.09 06:43:18.482,0.78641,0.78651,1.87,1.00
2018.02.09 06:43:18.585,0.78641,0.78649,1.12,1.50
2018.02.09 06:43:18.687,0.78639,0.78648,1.69,1.00
2018.02.09 06:43:22.760,0.7864,0.78649,1.69,1.00
2018.02.09 06:43:23.365,0.7864,0.7865,2.44,1.00
2018.02.09 06:43:23.988,0.78641,0.7865,1.25,1.00
2018.02.09 06:43:24.040,0.7864,0.78648,1.00,1.00
2018.02.09 06:43:24.091,0.78638,0.78648,1.69,1.00
2018.02.09 06:43:24.143,0.78637,0.78645,1.00,1.00
2018.02.09 06:43:24.717,0.78636,0.78645,1.50,1.00
2018.02.09 06:43:28.360,0.78637,0.78645,1.50,1.00
2018.02.09 06:43:28.412,0.78636,0.78647,1.50,1.50
2018.02.09 06:43:28.463,0.78636,0.78645,2.44,1.00
2018.02.09 06:43:28.673,0.78634,0.78644,2.44,1.00
2018.02.09 06:43:28.776,0.78632,0.78643,2.44,1.00
2018.02.09 06:43:29.246,0.78634,0.78644,1.50,1.00
2018.02.09 06:43:29.788,0.78635,0.78646,1.00,1.50
2018.02.09 06:43:29.940,0.78634,0.78644,1.50,1.50
2018.02.09 06:43:30.263,0.78632,0.78641,1.50,1.00
2018.02.09 06:43:34.559,0.7863,0.78637,1.50,1.00
2018.02.09 06:43:34.662,0.78627,0.78635,1.00,1.00
2018.02.09 06:43:34.868,0.78627,0.78637,1.00,1.69
2018.02.09 06:43:35.390,0.78627,0.78636,1.00,1.00
2018.02.09 06:43:37.649,0.78627,0.78635,1.00,1.00
2018.02.09 06:43:37.853,0.78624,0.78633,1.50,1.00
2018.02.09 06:43:38.006,0.78626,0.78634,1.00,1.00
2018.02.09 06:43:38.642,0.78626,0.78635,1.00,1.00
2018.02.09 06:43:39.742,0.78624,0.78633,1.69,1.00
2018.02.09 06:43:40.295,0.78624,0.78632,1.69,1.00
2018.02.09 06:43:43.143,0.78625,0.78634,1.88,1.00
2018.02.09 06:43:46.611,0.78625,0.78635,1.13,1.00
2018.02.09 06:43:47.144,0.78624,0.78634,4.13,1.00
2018.02.09 06:43:47.682,0.78623,0.78632,1.31,1.00
2018.02.09 06:43:48.066,0.78626,0.78635,1.00,1.00
2018.02.09 06:43:49.096,0.78626,0.78636,1.00,1.25
2018.02.09 06:43:52.280,0.78626,0.78631,1.12,1.00
2018.02.09 06:43:52.383,0.78623,0.78634,3.94,1.00
2018.02.09 06:43:52.435,0.78623,0.78633,1.00,1.00
2018.02.09 06:43:52.588,0.78624,0.78633,1.44,1.00
2018.02.09 06:43:52.640,0.78623,0.78633,3.38,1.00
2018.02.09 06:43:52.691,0.78626,0.78636,1.00,3.00
2018.02.09 06:43:53.268,0.78626,0.78636,1.00,1.00
2018.02.09 06:43:54.386,0.78626,0.78637,1.25,1.25
2018.02.09 06:43:56.806,0.78628,0.78638,1.88,1.00
2018.02.09 06:43:56.908,0.78631,0.78642,1.00,1.69
2018.02.09 06:43:59.319,0.78631,0.78641,1.00,1.00
2018.02.09 06:43:59.590,0.78632,0.78643,1.00,2.44
2018.02.09 06:44:00.247,0.78633,0.78644,1.25,2.25
2018.02.09 06:44:00.782,0.78633,0.78644,1.25,2.06
2018.02.09 06:44:01.163,0.78633,0.78643,1.00,1.88
2018.02.09 06:44:01.632,0.78632,0.78641,1.00,1.44
2018.02.09 06:44:01.785,0.78624,0.78633,1.31,1.00
2018.02.09 06:44:01.938,0.78624,0.78631,1.00,1.00
2018.02.09 06:44:02.450,0.78622,0.78631,1.88,1.00
2018.02.09 06:44:02.717,0.78622,0.78633,1.00,2.44
2018.02.09 06:44:03.495,0.78622,0.78633,1.88,1.69
2018.02.09 06:44:04.543,0.78623,0.78634,1.69,1.69
2018.02.09 06:44:06.029,0.78622,0.7863,1.00,1.00
2018.02.09 06:44:06.132,0.7862,0.7863,1.25,1.00
2018.02.09 06:44:06.184,0.7862,0.78628,1.00,1.00
2018.02.09 06:44:06.235,0.78618,0.78628,1.25,1.00
2018.02.09 06:44:08.861,0.78618,0.78626,1.25,1.00
2018.02.09 06:44:08.995,0.78616,0.78626,1.69,1.00
2018.02.09 06:44:09.047,0.78621,0.78629,1.00,1.00
2018.02.09 06:44:09.201,0.78623,0.78632,1.00,1.00
2018.02.09 06:44:09.710,0.78622,0.78633,1.50,1.69
2018.02.09 06:44:10.584,0.78622,0.78633,1.88,1.25
2018.02.09 06:44:11.853,0.78623,0.78632,1.50,1.00
2018.02.09 06:44:12.355,0.78623,0.78633,1.50,1.25
2018.02.09 06:44:14.104,0.78623,0.78633,2.63,1.00
2018.02.09 06:44:14.749,0.78626,0.78634,1.00,1.00
2018.02.09 06:44:14.800,0.78628,0.78637,1.00,1.87
2018.02.09 06:44:15.316,0.78628,0.78638,1.50,1.25
2018.02.09 06:44:16.768,0.78626,0.78637,1.25,2.25
2018.02.09 06:44:16.819,0.78626,0.78635,1.00,1.88
2018.02.09 06:44:17.137,0.78622,0.78632,1.00,1.50
2018.02.09 06:44:18.823,0.78623,0.78632,1.00,1.00
2018.02.09 06:44:19.755,0.78622,0.78632,2.63,1.00
2018.02.09 06:44:19.903,0.78623,0.78632,1.44,1.00
2018.02.09 06:44:21.986,0.78624,0.78634,1.25,1.00
2018.02.09 06:44:24.122,0.78627,0.78635,1.00,1.00
2018.02.09 06:44:24.174,0.78627,0.78637,1.50,1.25
2018.02.09 06:44:25.025,0.78627,0.78638,1.50,1.69
2018.02.09 06:44:29.931,0.78627,0.78638,2.63,1.50
2018.02.09 06:44:29.983,0.78629,0.78638,1.88,1.00
2018.02.09 06:44:30.036,0.7863,0.7864,2.63,1.12
2018.02.09 06:44:30.139,0.78632,0.78641,1.25,1.00
2018.02.09 06:44:31.367,0.78632,0.78642,1.25,1.00
2018.02.09 06:44:33.778,0.78632,0.78643,1.25,3.00
2018.02.09 06:44:34.084,0.78632,0.78641,1.00,2.63
2018.02.09 06:44:37.353,0.78632,0.78643,1.00,2.81
2018.02.09 06:44:39.709,0.78632,0.7864,1.00,1.88
2018.02.09 06:44:39.812,0.78629,0.78639,1.87,1.13
2018.02.09 06:44:42.162,0.78629,0.78637,1.00,1.25
2018.02.09 06:44:42.477,0.78625,0.78633,1.00,1.25
2018.02.09 06:44:44.142,0.78625,0.78634,1.00,1.12
2018.02.09 06:44:44.405,0.78628,0.78639,2.25,1.13
2018.02.09 06:44:44.507,0.78628,0.78636,1.50,1.00
2018.02.09 06:44:44.661,0.78624,0.78633,1.00,1.13
2018.02.09 06:44:51.232,0.78624,0.78635,1.00,2.25
2018.02.09 06:44:51.437,0.78624,0.78633,1.00,1.00
2018.02.09 06:44:52.957,0.78624,0.78631,1.00,1.50
2018.02.09 06:44:53.009,0.78621,0.7863,1.00,1.00
2018.02.09 06:44:53.845,0.78621,0.78629,1.00,1.00
2018.02.09 06:44:56.255,0.78621,0.7863,1.00,1.50
2018.02.09 06:44:56.408,0.78619,0.78627,1.00,1.00
2018.02.09 06:44:56.723,0.78625,0.78632,1.00,1.00
2018.02.09 06:44:56.825,0.78626,0.78634,1.00,1.00
2018.02.09 06:44:57.265,0.78624,0.78634,1.87,1.00
2018.02.09 06:44:57.317,0.78625,0.78632,1.00,1.00
2018.02.09 06:44:57.368,0.78623,0.78632,1.00,1.00
2018.02.09 06:44:57.999,0.78623,0.78631,1.00,1.00
2018.02.09 06:44:58.558,0.7862,0.7863,1.12,1.00
2018.02.09 06:44:59.077,0.7862,0.78629,1.50,1.00
2018.02.09 06:44:59.690,0.7862,0.7863,1.50,1.00
2018.02.09 06:45:00.329,0.7862,0.78631,1.50,1.12
2018.02.09 06:45:00.858,0.7862,0.7863,1.00,1.00
2018.02.09 06:45:02.568,0.78624,0.78632,1.00,1.00
2018.02.09 06:45:02.621,0.78624,0.78634,1.50,1.00
2018.02.09 06:45:03.132,0.78624,0.78635,2.25,1.00
2018.02.09 06:45:04.032,0.78624,0.78633,1.00,1.00
2018.02.09 06:45:05.524,0.78624,0.78634,1.00,1.00
2018.02.09 06:45:06.713,0.78624,0.78633,1.00,1.00
2018.02.09 06:45:08.109,0.78624,0.78634,1.00,1.00
2018.02.09 06:45:25.392,0.78626,0.78636,1.00,1.50
2018.02.09 06:45:25.698,0.78625,0.78632,1.00,1.00
2018.02.09 06:45:26.305,0.78624,0.78632,1.25,1.00
2018.02.09 06:45:26.514,0.78627,0.78637,1.44,1.00
2018.02.09 06:45:27.143,0.78628,0.78638,1.25,1.31
2018.02.09 06:45:28.043,0.78628,0.78637,1.25,1.00
2018.02.09 06:45:29.288,0.78627,0.78637,1.69,1.00
2018.02.09 06:45:34.001,0.78627,0.78638,1.50,1.87
2018.02.09 06:45:34.205,0.78633,0.78641,1.00,2.62
2018.02.09 06:45:34.256,0.78635,0.78644,1.00,1.50
2018.02.09 06:45:34.359,0.78635,0.78646,1.00,3.19
2018.02.09 06:45:34.876,0.78636,0.78648,2.81,3.38
2018.02.09 06:45:35.118,0.78636,0.78648,3.00,3.38
2018.02.09 06:45:35.627,0.78637,0.78648,1.00,2.44
2018.02.09 06:45:45.909,0.78638,0.78648,1.00,1.69
2018.02.09 06:45:47.658,0.78639,0.78648,1.00,1.69
2018.02.09 06:45:47.853,0.78638,0.78644,1.00,1.25
2018.02.09 06:45:47.905,0.78636,0.78644,1.00,1.25
2018.02.09 06:45:48.291,0.78633,0.78642,1.50,1.25
2018.02.09 06:45:50.183,0.78633,0.78644,2.44,1.25
2018.02.09 06:45:50.234,0.78635,0.78644,1.00,1.25
2018.02.09 06:45:50.854,0.78636,0.78646,1.00,1.88
2018.02.09 06:45:50.956,0.78636,0.78647,3.00,1.69
2018.02.09 06:45:51.570,0.78637,0.78647,1.00,1.25
2018.02.09 06:45:51.897,0.78639,0.7865,1.25,1.88
2018.02.09 06:45:52.204,0.78641,0.78651,1.25,1.25
2018.02.09 06:45:53.163,0.7864,0.7865,1.12,1.88
2018.02.09 06:45:53.266,0.78638,0.78649,3.94,1.13
2018.02.09 06:45:53.503,0.7864,0.78651,1.25,2.25
2018.02.09 06:45:54.214,0.7864,0.78652,2.63,3.19
2018.02.09 06:45:57.506,0.78641,0.78652,1.44,1.69
2018.02.09 06:45:59.876,0.7864,0.78651,2.06,1.50
2018.02.09 06:45:59.928,0.7864,0.78649,1.12,1.25
2018.02.09 06:45:59.980,0.78638,0.78648,1.50,1.00
2018.02.09 06:46:00.489,0.78637,0.78648,2.44,1.00
2018.02.09 06:46:02.302,0.78637,0.78647,1.50,1.00
2018.02.09 06:46:06.141,0.78635,0.78645,1.50,1.69
2018.02.09 06:46:06.192,0.78633,0.78644,2.81,1.50
2018.02.09 06:46:09.722,0.78633,0.78643,1.00,1.00
2018.02.09 06:46:09.774,0.78631,0.78642,2.62,1.50
2018.02.09 06:46:10.461,0.7863,0.78641,1.50,1.25
2018.02.09 06:46:14.368,0.7863,0.78642,2.25,3.56
2018.02.09 06:46:17.253,0.7863,0.7864,1.50,1.00
2018.02.09 06:46:17.557,0.78626,0.78636,2.44,1.00
2018.02.09 06:46:19.012,0.78625,0.78636,2.44,1.00
2018.02.09 06:46:22.638,0.78625,0.78635,1.00,1.00
2018.02.09 06:46:22.689,0.78622,0.78633,1.50,1.50
2018.02.09 06:46:23.265,0.78623,0.78633,1.00,1.00
2018.02.09 06:46:23.454,0.78621,0.78631,1.69,1.00
2018.02.09 06:46:23.811,0.78621,0.78633,3.00,1.69
2018.02.09 06:46:24.916,0.78622,0.78633,1.00,1.00
2018.02.09 06:46:26.562,0.78622,0.78632,1.00,1.00
2018.02.09 06:46:26.714,0.7862,0.78631,1.12,3.19
2018.02.09 06:46:27.395,0.7862,0.7863,1.00,1.25
2018.02.09 06:46:29.398,0.7862,0.78631,1.00,2.81
2018.02.09 06:46:30.023,0.7862,0.7863,1.00,1.00
2018.02.09 06:46:31.136,0.78621,0.78631,1.00,1.00
2018.02.09 06:46:31.261,0.78623,0.78634,1.00,1.00
2018.02.09 06:46:31.877,0.78623,0.78635,1.50,3.19
2018.02.09 06:46:33.245,0.78624,0.78635,1.00,2.44
2018.02.09 06:46:35.598,0.78626,0.78635,1.50,1.00
2018.02.09 06:46:35.650,0.78627,0.78637,1.00,1.00
2018.02.09 06:46:35.752,0.78628,0.7864,1.50,3.94
2018.02.09 06:46:36.420,0.78628,0.78638,1.00,1.00
2018.02.09 06:46:37.488,0.78629,0.78638,1.69,1.00
2018.02.09 06:46:37.692,0.7863,0.7864,1.00,1.00
2018.02.09 06:46:38.298,0.78629,0.7864,2.44,1.00
2018.02.09 06:46:38.554,0.78631,0.7864,1.25,1.00
2018.02.09 06:46:39.059,0.7863,0.78641,3.19,1.00
2018.02.09 06:46:40.539,0.78631,0.78642,1.00,1.12
2018.02.09 06:46:40.844,0.78635,0.78645,1.00,1.00
2018.02.09 06:46:42.633,0.78633,0.78643,1.50,1.00
2018.02.09 06:46:42.953,0.78631,0.78641,1.50,1.00
2018.02.09 06:46:46.710,0.78632,0.78641,1.00,1.00
2018.02.09 06:46:46.864,0.78635,0.78645,1.00,1.50
2018.02.09 06:46:47.513,0.78634,0.78645,1.00,2.25
2018.02.09 06:46:48.426,0.78633,0.78645,2.25,2.44
2018.02.09 06:46:48.979,0.78633,0.78644,2.25,1.00
2018.02.09 06:46:49.422,0.78632,0.78641,1.00,1.00
2018.02.09 06:46:49.473,0.78633,0.78643,1.00,1.12
2018.02.09 06:46:49.651,0.78631,0.78642,1.50,1.50
2018.02.09 06:46:52.042,0.78631,0.78641,1.50,1.00
2018.02.09 06:46:52.552,0.78629,0.7864,1.50,1.69
2018.02.09 06:46:59.777,0.78628,0.78636,1.12,1.00
2018.02.09 06:47:00.287,0.78629,0.7864,1.00,3.19
2018.02.09 06:47:00.865,0.78628,0.7864,2.44,2.25
2018.02.09 06:47:01.651,0.78628,0.78639,1.69,1.00
2018.02.09 06:47:01.702,0.78627,0.78637,2.81,1.00
2018.02.09 06:47:02.269,0.78628,0.78637,1.25,1.00
2018.02.09 06:47:02.321,0.78628,0.78639,1.69,1.50
2018.02.09 06:47:04.748,0.78628,0.78638,1.50,1.69
2018.02.09 06:47:04.799,0.78626,0.78635,1.00,1.00
2018.02.09 06:47:04.850,0.78624,0.78635,1.69,1.00
2018.02.09 06:47:04.901,0.78624,0.78633,1.69,1.00
2018.02.09 06:47:05.448,0.78625,0.78634,1.69,1.50
2018.02.09 06:47:05.499,0.78626,0.78635,1.00,1.00
2018.02.09 06:47:06.016,0.78627,0.78635,1.00,1.00
2018.02.09 06:47:06.957,0.78626,0.78635,1.69,1.00
2018.02.09 06:47:08.688,0.78625,0.78635,2.44,1.00
2018.02.09 06:47:08.740,0.78625,0.78632,1.00,1.00
2018.02.09 06:47:08.843,0.78624,0.78635,1.69,1.50
2018.02.09 06:47:08.997,0.78622,0.78632,2.44,1.00
2018.02.09 06:47:11.025,0.78623,0.78632,1.25,1.00
2018.02.09 06:47:11.353,0.78622,0.7863,1.00,1.00
2018.02.09 06:47:12.091,0.78622,0.78632,1.50,1.50
2018.02.09 06:47:12.246,0.78625,0.78636,1.25,1.50
2018.02.09 06:47:12.298,0.78627,0.78636,1.00,1.00
2018.02.09 06:47:12.809,0.78628,0.78636,1.25,1.00
2018.02.09 06:47:13.413,0.78628,0.78638,1.69,2.25
2018.02.09 06:47:13.569,0.7863,0.7864,1.00,1.00
2018.02.09 06:47:13.824,0.78632,0.7864,1.00,1.00
2018.02.09 06:47:14.091,0.7863,0.78639,1.50,1.00
2018.02.09 06:47:14.509,0.7863,0.78641,1.69,1.87
2018.02.09 06:47:15.442,0.78629,0.78639,1.69,1.00
2018.02.09 06:47:16.531,0.78629,0.78638,1.69,1.00
2018.02.09 06:47:16.848,0.78628,0.78636,1.00,1.50
2018.02.09 06:47:16.900,0.78626,0.78638,3.19,3.00
2018.02.09 06:47:16.952,0.78627,0.78638,1.50,1.12
2018.02.09 06:47:17.003,0.78627,0.78636,1.50,1.00
2018.02.09 06:47:17.317,0.78626,0.78634,1.25,1.00
2018.02.09 06:47:17.758,0.78627,0.78636,1.00,1.50
2018.02.09 06:47:18.280,0.78625,0.78633,1.00,1.00
2018.02.09 06:47:18.673,0.78623,0.78633,2.44,1.00
2018.02.09 06:47:19.520,0.78626,0.78636,1.25,1.75
2018.02.09 06:47:19.571,0.78626,0.78637,1.69,1.50
2018.02.09 06:47:20.101,0.78627,0.78637,1.00,1.00
2018.02.09 06:47:21.549,0.78628,0.78637,1.00,1.00
2018.02.09 06:47:22.055,0.78629,0.78637,1.69,1.00
2018.02.09 06:47:22.259,0.78626,0.78637,2.44,1.50
2018.02.09 06:47:23.464,0.78627,0.78637,1.19,1.00
2018.02.09 06:47:23.566,0.78626,0.78637,2.44,1.00
2018.02.09 06:47:23.668,0.78626,0.78635,1.69,1.00
2018.02.09 06:47:27.788,0.78627,0.78637,1.69,1.00
2018.02.09 06:47:28.101,0.78629,0.78638,1.00,1.12
2018.02.09 06:47:28.261,0.7863,0.78641,2.25,1.00
2018.02.09 06:47:28.563,0.78628,0.78635,1.12,1.00
2018.02.09 06:47:28.665,0.78624,0.78635,3.19,1.12
2018.02.09 06:47:28.818,0.78624,0.78632,1.69,1.00
2018.02.09 06:47:29.124,0.78622,0.7863,1.00,1.00
2018.02.09 06:47:29.907,0.78622,0.78632,1.00,1.50
2018.02.09 06:47:32.749,0.78623,0.78632,1.00,1.50
2018.02.09 06:47:32.851,0.78623,0.78634,2.44,1.12
2018.02.09 06:47:32.903,0.78625,0.78633,1.00,1.00
2018.02.09 06:47:32.954,0.78623,0.78634,1.69,1.00
2018.02.09 06:47:33.585,0.78624,0.78634,1.00,1.00
2018.02.09 06:47:35.009,0.78623,0.78632,1.00,1.00
2018.02.09 06:47:35.265,0.78621,0.78632,2.44,1.00
2018.02.09 06:47:37.675,0.78622,0.78632,1.50,1.50
2018.02.09 06:47:37.726,0.78623,0.78633,1.69,1.87
2018.02.09 06:47:38.029,0.78622,0.7863,1.25,1.00
2018.02.09 06:47:38.438,0.78621,0.78628,1.00,1.00
2018.02.09 06:47:38.577,0.78618,0.78626,1.00,1.00
2018.02.09 06:47:38.730,0.78621,0.78629,1.25,1.12
2018.02.09 06:47:38.833,0.78624,0.78634,1.00,1.50
2018.02.09 06:47:39.218,0.78626,0.78635,1.00,1.00
2018.02.09 06:47:39.689,0.78625,0.78632,1.25,1.00
2018.02.09 06:47:39.987,0.78623,0.78632,1.69,1.00
2018.02.09 06:47:40.232,0.78622,0.7863,1.00,1.00
2018.02.09 06:47:40.450,0.7862,0.78629,2.44,1.00
2018.02.09 06:47:42.418,0.78619,0.78629,1.69,1.00
2018.02.09 06:47:42.926,0.78622,0.78631,1.00,1.50
2018.02.09 06:47:43.028,0.78622,0.78634,3.94,1.50
2018.02.09 06:47:43.574,0.78623,0.78634,1.00,1.00
2018.02.09 06:47:44.690,0.78624,0.78635,3.19,2.62
2018.02.09 06:47:48.560,0.78625,0.78636,3.19,1.00
2018.02.09 06:47:49.117,0.78626,0.78636,1.00,1.00
2018.02.09 06:47:49.676,0.78625,0.78635,1.00,1.00
2018.02.09 06:47:54.533,0.78625,0.78637,2.25,1.69
2018.02.09 06:47:55.393,0.78625,0.78635,1.50,1.00
2018.02.09 06:47:55.697,0.7863,0.7864,1.00,1.50
2018.02.09 06:47:57.133,0.78631,0.7864,1.50,1.00
2018.02.09 06:47:57.810,0.78632,0.7864,1.25,1.00
2018.02.09 06:47:59.569,0.78631,0.7864,1.25,1.00
2018.02.09 06:48:00.136,0.7863,0.78638,1.19,1.00
2018.02.09 06:48:00.239,0.78625,0.78634,2.25,1.00
2018.02.09 06:48:00.443,0.78623,0.78634,1.50,1.00
2018.02.09 06:48:01.233,0.78623,0.78632,1.00,1.00
2018.02.09 06:48:02.931,0.78623,0.78634,1.50,2.44
2018.02.09 06:48:03.462,0.78624,0.78635,1.50,1.31
2018.02.09 06:48:05.005,0.78625,0.78635,1.00,1.31
2018.02.09 06:48:06.938,0.78624,0.78635,1.50,1.12
2018.02.09 06:48:07.668,0.78624,0.78636,2.25,3.19
2018.02.09 06:48:08.200,0.78624,0.78634,1.50,1.00
2018.02.09 06:48:11.145,0.78624,0.78632,1.00,1.00
2018.02.09 06:48:11.197,0.78621,0.78632,2.62,1.50
2018.02.09 06:48:11.249,0.78619,0.78629,2.44,1.00
2018.02.09 06:48:11.767,0.78617,0.78629,3.19,1.87
2018.02.09 06:48:12.181,0.78617,0.78627,1.69,1.00
2018.02.09 06:48:12.718,0.78617,0.78627,1.69,1.00
2018.02.09 06:48:13.015,0.7862,0.78631,1.50,1.00
2018.02.09 06:48:13.738,0.78619,0.78629,1.00,1.00
2018.02.09 06:48:13.840,0.78616,0.78627,2.06,1.50
2018.02.09 06:48:14.259,0.78618,0.78628,1.00,2.25
2018.02.09 06:48:14.789,0.78617,0.78628,1.69,2.25
2018.02.09 06:48:16.843,0.78621,0.7863,1.50,2.62
2018.02.09 06:48:16.944,0.78622,0.78633,1.25,1.50
2018.02.09 06:48:18.457,0.78625,0.78636,1.50,2.25
2018.02.09 06:48:18.994,0.78621,0.78628,1.00,1.00
2018.02.09 06:48:20.161,0.78621,0.78631,3.19,1.75
2018.02.09 06:48:20.212,0.78623,0.78633,1.00,2.25
2018.02.09 06:48:20.728,0.78622,0.78633,1.69,1.50
2018.02.09 06:48:20.830,0.78622,0.78631,1.00,1.00
2018.02.09 06:48:20.984,0.78624,0.78634,1.00,1.00
2018.02.09 06:48:22.007,0.78624,0.7863,1.00,1.00
2018.02.09 06:48:22.058,0.7862,0.78628,2.25,1.00
2018.02.09 06:48:22.110,0.78618,0.78628,2.44,1.00
2018.02.09 06:48:22.162,0.78618,0.78628,1.00,1.75
2018.02.09 06:48:22.937,0.78617,0.78625,1.00,1.00
2018.02.09 06:48:23.665,0.78617,0.78627,1.50,1.50
2018.02.09 06:48:23.829,0.7862,0.7863,1.00,1.00
2018.02.09 06:48:24.496,0.78619,0.7863,2.44,1.00
2018.02.09 06:48:25.235,0.7862,0.7863,1.50,1.00
2018.02.09 06:48:25.925,0.78621,0.78632,1.00,1.50
2018.02.09 06:48:26.533,0.7862,0.78632,3.19,1.50
2018.02.09 06:48:29.179,0.7862,0.7863,2.25,1.00
2018.02.09 06:48:32.050,0.78618,0.7863,3.94,1.50
2018.02.09 06:48:32.636,0.78619,0.7863,1.00,1.69
2018.02.09 06:48:36.391,0.78619,0.78628,1.00,1.00
2018.02.09 06:48:37.019,0.78618,0.78628,3.19,1.00
2018.02.09 06:48:44.508,0.78618,0.78629,3.94,1.12
2018.02.09 06:48:49.475,0.78616,0.78627,3.75,1.69
2018.02.09 06:48:49.781,0.78613,0.78624,1.00,2.44
2018.02.09 06:48:50.087,0.78613,0.78622,1.00,1.12
2018.02.09 06:48:51.199,0.78614,0.78622,1.00,1.12
2018.02.09 06:48:51.250,0.78614,0.78624,1.00,1.50
2018.02.09 06:48:51.794,0.78614,0.78625,1.00,1.00
2018.02.09 06:48:52.728,0.78614,0.78624,1.00,1.00
2018.02.09 06:48:52.780,0.78614,0.78622,1.00,1.00
2018.02.09 06:48:53.286,0.78613,0.78621,1.00,1.00
2018.02.09 06:48:55.388,0.7861,0.78621,2.44,1.00
2018.02.09 06:48:55.440,0.78609,0.78616,1.00,1.00
2018.02.09 06:48:55.542,0.78605,0.78614,1.00,1.00
2018.02.09 06:48:55.695,0.78605,0.78612,1.00,1.00
2018.02.09 06:48:57.148,0.78605,0.78613,1.00,1.00
2018.02.09 06:48:57.455,0.78605,0.78615,1.00,1.00
2018.02.09 06:48:58.927,0.78604,0.78612,1.00,1.00
2018.02.09 06:48:59.093,0.78599,0.7861,1.00,1.87
2018.02.09 06:48:59.145,0.78597,0.78607,1.00,2.44
2018.02.09 06:48:59.452,0.78602,0.78613,3.00,1.50
2018.02.09 06:49:00.108,0.78601,0.78612,1.00,2.62
2018.02.09 06:49:01.136,0.78602,0.78612,1.50,1.12
2018.02.09 06:49:01.187,0.78602,0.78614,3.00,2.44
2018.02.09 06:49:01.719,0.78603,0.78614,1.50,1.00
2018.02.09 06:49:01.774,0.78605,0.78615,1.00,1.12
2018.02.09 06:49:01.875,0.78606,0.78617,1.00,2.44
2018.02.09 06:49:02.028,0.78604,0.78613,1.00,1.00
2018.02.09 06:49:02.333,0.78607,0.78618,3.19,1.00
2018.02.09 06:49:03.117,0.78608,0.78618,1.00,1.00
2018.02.09 06:49:06.428,0.78608,0.78619,1.50,1.12
2018.02.09 06:49:08.450,0.78608,0.78618,1.69,1.00
2018.02.09 06:49:08.974,0.78607,0.78618,3.19,1.00
2018.02.09 06:49:09.279,0.78606,0.78615,1.50,1.00
2018.02.09 06:49:10.429,0.78605,0.78615,1.69,1.00
2018.02.09 06:49:10.640,0.78603,0.78614,2.44,1.00
2018.02.09 06:49:12.371,0.78603,0.78612,1.00,1.00
2018.02.09 06:49:12.690,0.78597,0.78608,1.50,2.44
2018.02.09 06:49:12.742,0.78597,0.78608,1.50,1.00
2018.02.09 06:49:12.895,0.78596,0.78606,1.00,1.69
2018.02.09 06:49:13.497,0.78595,0.78605,1.00,1.00
2018.02.09 06:49:15.850,0.78593,0.78604,1.50,1.50
2018.02.09 06:49:16.362,0.78594,0.78605,1.00,1.50
2018.02.09 06:49:19.858,0.78594,0.78604,1.00,1.00
2018.02.09 06:49:20.380,0.78593,0.78604,1.00,1.69
2018.02.09 06:49:24.736,0.78594,0.78604,1.00,1.69
2018.02.09 06:49:24.940,0.78595,0.78606,1.00,2.81
2018.02.09 06:49:25.578,0.78596,0.78607,2.44,1.00
2018.02.09 06:49:25.853,0.78595,0.78604,1.50,1.00
2018.02.09 06:49:25.988,0.78593,0.78604,1.50,1.69
2018.02.09 06:49:27.950,0.78591,0.78601,1.87,1.25
2018.02.09 06:49:28.257,0.78594,0.78604,1.00,1.50
2018.02.09 06:49:30.034,0.78592,0.78603,1.50,1.69
2018.02.09 06:49:30.567,0.78591,0.78602,1.87,2.44
2018.02.09 06:49:32.741,0.78591,0.78601,1.12,1.00
2018.02.09 06:49:36.454,0.78589,0.78599,3.19,1.00
2018.02.09 06:49:36.506,0.78588,0.78599,1.50,1.00
2018.02.09 06:49:36.659,0.78588,0.78597,1.00,1.00
2018.02.09 06:49:37.212,0.78587,0.78597,1.00,1.00
2018.02.09 06:49:37.756,0.78586,0.78597,2.25,1.50
2018.02.09 06:49:39.467,0.78588,0.78598,1.00,1.00
2018.02.09 06:49:40.014,0.78588,0.78599,1.50,1.69
2018.02.09 06:49:41.076,0.78589,0.78599,1.00,1.00
2018.02.09 06:49:42.526,0.7859,0.78599,1.00,1.00
2018.02.09 06:49:45.230,0.78591,0.78602,1.50,1.50
2018.02.09 06:49:45.281,0.78593,0.78604,1.00,2.81
2018.02.09 06:49:45.798,0.78593,0.78604,2.25,1.87
2018.02.09 06:49:48.087,0.78594,0.78604,1.00,1.87
2018.02.09 06:49:48.434,0.78598,0.78609,1.00,1.50
2018.02.09 06:49:49.859,0.78598,0.7861,1.50,3.19
2018.02.09 06:49:51.281,0.78599,0.7861,1.25,2.25
2018.02.09 06:49:51.896,0.78598,0.7861,2.44,3.00
2018.02.09 06:49:56.760,0.78598,0.78609,1.69,1.00
2018.02.09 06:49:56.812,0.78596,0.78608,3.75,3.19
2018.02.09 06:49:56.965,0.78596,0.78605,1.00,1.00
2018.02.09 06:49:58.937,0.78594,0.78605,3.19,1.00
2018.02.09 06:49:59.472,0.78595,0.78606,1.69,1.12
2018.02.09 06:50:00.759,0.78596,0.78607,1.00,3.00
2018.02.09 06:50:02.310,0.78598,0.78609,1.69,1.00
2018.02.09 06:50:02.832,0.78597,0.78608,1.87,1.00
2018.02.09 06:50:03.186,0.78596,0.786,1.50,1.00
2018.02.09 06:50:03.289,0.78594,0.78599,1.00,1.00
2018.02.09 06:50:03.393,0.78591,0.78595,1.00,1.00
2018.02.09 06:50:03.496,0.78581,0.78588,3.19,1.00
2018.02.09 06:50:04.329,0.7858,0.78588,1.69,1.00
2018.02.09 06:50:04.486,0.78582,0.78588,1.00,1.00
2018.02.09 06:50:06.331,0.78583,0.78589,1.00,1.12
2018.02.09 06:50:06.433,0.78583,0.78591,1.69,1.00
2018.02.09 06:50:08.389,0.78582,0.78589,1.00,1.00
2018.02.09 06:50:08.570,0.78579,0.78589,2.44,1.12
2018.02.09 06:50:09.143,0.78579,0.78587,1.50,1.00
2018.02.09 06:50:10.190,0.7858,0.78587,1.25,1.00
2018.02.09 06:50:10.497,0.78578,0.78585,1.00,1.00
2018.02.09 06:50:10.730,0.78576,0.78584,1.00,1.00
2018.02.09 06:50:11.261,0.78576,0.78584,1.88,1.00
2018.02.09 06:50:11.364,0.78576,0.78586,1.88,1.87
2018.02.09 06:50:12.448,0.78578,0.78586,1.00,1.12
2018.02.09 06:50:12.658,0.78581,0.78588,1.25,1.00
2018.02.09 06:50:12.760,0.78581,0.78591,1.25,1.00
2018.02.09 06:50:13.121,0.7858,0.78588,1.00,1.00
2018.02.09 06:50:13.459,0.78577,0.78586,1.88,1.00
2018.02.09 06:50:14.332,0.78576,0.78585,1.38,1.00
2018.02.09 06:50:14.383,0.78576,0.78585,1.25,1.00
2018.02.09 06:50:14.887,0.78574,0.78583,1.69,1.12
2018.02.09 06:50:15.199,0.78573,0.78581,1.88,1.00
2018.02.09 06:50:15.518,0.78573,0.78579,1.00,1.00
2018.02.09 06:50:16.037,0.78573,0.78579,1.88,1.00
2018.02.09 06:50:16.292,0.78574,0.78581,1.25,1.00
2018.02.09 06:50:16.839,0.78573,0.78581,1.25,1.00
2018.02.09 06:50:17.820,0.78571,0.7858,1.44,1.12
2018.02.09 06:50:18.604,0.78571,0.78581,1.88,1.00
2018.02.09 06:50:20.309,0.78571,0.78583,2.63,2.44
2018.02.09 06:50:20.832,0.7857,0.78581,1.44,1.50
2018.02.09 06:50:21.337,0.78569,0.7858,1.88,1.00
2018.02.09 06:50:21.850,0.78571,0.78581,1.00,1.50
2018.02.09 06:50:22.512,0.7857,0.78579,2.63,1.00
2018.02.09 06:50:23.037,0.78568,0.78576,1.25,1.00
2018.02.09 06:50:23.574,0.78566,0.78576,2.63,1.00
2018.02.09 06:50:25.010,0.78567,0.78576,1.38,1.00
2018.02.09 06:50:25.196,0.78571,0.7858,1.44,1.50
2018.02.09 06:50:26.224,0.78572,0.78581,1.13,1.12
2018.02.09 06:50:27.001,0.78571,0.7858,1.88,1.00
2018.02.09 06:50:27.154,0.78571,0.78578,1.25,1.00
2018.02.09 06:50:27.206,0.78571,0.7858,1.25,1.00
2018.02.09 06:50:27.257,0.78572,0.7858,1.44,1.00
2018.02.09 06:50:27.309,0.7857,0.7858,1.44,1.00
2018.02.09 06:50:27.361,0.78568,0.78577,1.38,1.00
2018.02.09 06:50:27.412,0.78567,0.78577,2.25,1.00
2018.02.09 06:50:28.246,0.78567,0.78577,1.25,1.00
2018.02.09 06:50:28.654,0.78566,0.78574,1.44,1.00
2018.02.09 06:50:28.972,0.78564,0.78574,1.88,1.00
2018.02.09 06:50:30.588,0.78563,0.78572,1.88,1.00
2018.02.09 06:50:31.138,0.78563,0.78572,1.44,1.12
2018.02.09 06:50:33.232,0.78562,0.78569,1.44,1.00
2018.02.09 06:50:33.283,0.78561,0.78569,1.50,1.00
2018.02.09 06:50:33.334,0.78561,0.78567,1.00,1.00
2018.02.09 06:50:33.385,0.78558,0.78567,2.63,1.00
2018.02.09 06:50:33.437,0.78558,0.78565,2.63,1.00
2018.02.09 06:50:33.829,0.78559,0.78567,1.38,2.25
2018.02.09 06:50:33.932,0.78559,0.78567,1.25,1.00
2018.02.09 06:50:34.263,0.78559,0.78569,1.88,1.12
2018.02.09 06:50:34.452,0.7856,0.78569,1.44,1.12
2018.02.09 06:50:34.976,0.78559,0.78569,1.44,1.12
2018.02.09 06:50:35.390,0.78558,0.78565,1.88,1.00
2018.02.09 06:50:35.933,0.78556,0.78561,1.00,1.00
2018.02.09 06:50:35.984,0.78554,0.78563,1.88,1.50
2018.02.09 06:50:36.035,0.78553,0.78561,1.25,1.00
2018.02.09 06:50:36.187,0.78551,0.78561,1.00,1.00
2018.02.09 06:50:36.331,0.7855,0.78558,1.12,1.00
2018.02.09 06:50:36.536,0.78544,0.78554,1.25,1.50
2018.02.09 06:50:37.055,0.78544,0.78554,1.44,1.00
2018.02.09 06:50:39.813,0.78546,0.78554,1.44,1.00
2018.02.09 06:50:39.915,0.78547,0.78556,1.13,1.00
2018.02.09 06:50:40.464,0.78546,0.78556,1.25,1.00
2018.02.09 06:50:41.001,0.78544,0.78555,1.88,1.50
2018.02.09 06:50:47.438,0.78546,0.78555,1.00,2.62
2018.02.09 06:50:47.490,0.78547,0.78555,1.44,1.12
2018.02.09 06:50:47.592,0.78548,0.78558,1.13,1.50
2018.02.09 06:50:49.388,0.78549,0.78558,1.44,1.00
2018.02.09 06:50:50.072,0.78546,0.78555,1.69,1.00
2018.02.09 06:50:50.201,0.78544,0.78553,2.63,1.00
2018.02.09 06:50:52.015,0.78544,0.78555,1.44,3.19
2018.02.09 06:50:53.782,0.78543,0.78554,2.63,1.12
2018.02.09 06:50:55.102,0.78544,0.78555,1.13,1.50
2018.02.09 06:50:55.413,0.78549,0.78558,1.00,1.00
2018.02.09 06:50:55.926,0.78548,0.78558,1.13,1.00
2018.02.09 06:50:56.510,0.78548,0.78559,2.63,1.00
2018.02.09 06:50:58.846,0.78549,0.78558,1.00,1.00
2018.02.09 06:50:59.058,0.7855,0.7856,1.00,1.00
2018.02.09 06:50:59.511,0.78557,0.78566,1.85,1.50
2018.02.09 06:50:59.613,0.7856,0.78568,1.25,1.00
2018.02.09 06:50:59.665,0.78562,0.78573,1.25,4.69
2018.02.09 06:50:59.818,0.7856,0.78572,2.44,2.63
2018.02.09 06:51:00.183,0.78561,0.78569,1.00,1.00
2018.02.09 06:51:00.743,0.7856,0.78567,1.00,1.00
2018.02.09 06:51:00.895,0.78557,0.78567,1.00,1.50
2018.02.09 06:51:04.895,0.78557,0.78567,1.88,1.00
2018.02.09 06:51:05.548,0.78559,0.78567,1.00,1.00
2018.02.09 06:51:07.280,0.7856,0.78567,1.00,1.00
2018.02.09 06:51:07.500,0.7856,0.78569,1.50,1.12
2018.02.09 06:51:07.552,0.78562,0.7857,1.00,1.50
2018.02.09 06:51:07.654,0.78562,0.78571,1.00,1.31
2018.02.09 06:51:08.319,0.78563,0.78571,1.00,1.12
2018.02.09 06:51:09.612,0.78564,0.78571,1.00,1.12
2018.02.09 06:51:09.714,0.78566,0.78573,1.25,1.00
2018.02.09 06:51:09.817,0.78567,0.78576,1.25,1.50
2018.02.09 06:51:10.072,0.78565,0.78576,1.25,1.50
2018.02.09 06:51:10.589,0.78566,0.78576,1.00,1.00
2018.02.09 06:51:11.173,0.78567,0.78576,1.00,1.00
2018.02.09 06:51:12.069,0.78568,0.78576,1.00,1.00
2018.02.09 06:51:13.539,0.78568,0.78577,1.00,1.00
2018.02.09 06:51:13.642,0.78571,0.78579,1.69,1.00
2018.02.09 06:51:13.745,0.78571,0.78582,2.06,1.00
2018.02.09 06:51:13.797,0.78569,0.7858,4.69,1.50
2018.02.09 06:51:14.067,0.78569,0.78579,1.25,1.00
2018.02.09 06:51:14.545,0.78569,0.78577,1.25,1.00
2018.02.09 06:51:15.150,0.78568,0.78577,1.25,1.00
2018.02.09 06:51:15.642,0.78566,0.78576,1.00,1.00
2018.02.09 06:51:15.968,0.78567,0.78578,1.25,1.50
2018.02.09 06:51:16.590,0.78568,0.78579,1.69,1.00
2018.02.09 06:51:18.738,0.7857,0.7858,1.25,1.50
2018.02.09 06:51:19.045,0.78572,0.78582,1.25,2.25
2018.02.09 06:51:19.096,0.7857,0.78581,1.25,1.12
2018.02.09 06:51:20.414,0.78575,0.78582,1.00,1.50
2018.02.09 06:51:20.466,0.78575,0.78584,1.00,1.00
2018.02.09 06:51:20.620,0.78577,0.78585,1.00,1.00
2018.02.09 06:51:21.199,0.78576,0.78586,1.25,1.12
2018.02.09 06:51:22.296,0.78576,0.78585,1.25,1.00
2018.02.09 06:51:23.642,0.78575,0.78585,1.25,1.00
2018.02.09 06:51:24.050,0.78573,0.78583,1.69,1.00
2018.02.09 06:51:24.626,0.78574,0.78583,1.25,1.00
2018.02.09 06:51:25.697,0.78573,0.78583,1.25,1.12
2018.02.09 06:51:26.910,0.78574,0.78583,1.00,1.12
2018.02.09 06:51:27.295,0.78573,0.78581,1.25,1.00
2018.02.09 06:51:27.531,0.78574,0.78583,1.00,1.12
2018.02.09 06:51:28.460,0.78574,0.78583,1.19,1.12
2018.02.09 06:51:28.563,0.78577,0.78586,1.00,1.00
2018.02.09 06:51:29.650,0.78578,0.78587,1.25,1.12
2018.02.09 06:51:30.101,0.78577,0.78585,1.25,1.00
2018.02.09 06:51:30.744,0.78578,0.78587,1.00,1.12
2018.02.09 06:51:30.846,0.7858,0.78588,1.25,1.50
2018.02.09 06:51:31.352,0.7858,0.78588,1.25,1.00
2018.02.09 06:51:31.454,0.78577,0.78586,1.69,1.00
2018.02.09 06:51:31.967,0.78578,0.78586,1.69,1.00
2018.02.09 06:51:32.577,0.78577,0.78586,1.69,1.00
2018.02.09 06:51:33.288,0.78581,0.78588,1.00,2.25
2018.02.09 06:51:33.390,0.78581,0.78589,1.25,1.00
2018.02.09 06:51:33.644,0.78583,0.78592,1.00,2.62
2018.02.09 06:51:33.766,0.78585,0.78593,1.00,1.00
2018.02.09 06:51:33.818,0.78585,0.78595,1.00,1.12
2018.02.09 06:51:34.358,0.78585,0.78596,3.19,1.00
2018.02.09 06:51:35.329,0.78585,0.78594,2.25,1.00
2018.02.09 06:51:35.592,0.78583,0.78594,3.19,1.00
2018.02.09 06:51:36.417,0.78586,0.78594,1.25,1.00
2018.02.09 06:51:36.825,0.78588,0.78595,1.00,1.12
2018.02.09 06:51:37.443,0.78587,0.78595,1.25,1.12
2018.02.09 06:51:38.081,0.78587,0.78597,1.25,1.50
2018.02.09 06:51:39.655,0.78588,0.78597,1.00,1.00
2018.02.09 06:51:39.860,0.78586,0.78595,1.69,1.00
2018.02.09 06:51:39.963,0.78587,0.78597,1.25,1.00
2018.02.09 06:51:40.065,0.78586,0.78595,1.19,1.00
2018.02.09 06:51:40.617,0.78586,0.78595,1.25,1.00
2018.02.09 06:51:41.510,0.78584,0.78593,2.06,1.00
2018.02.09 06:51:42.180,0.78583,0.78593,1.25,1.00
2018.02.09 06:51:43.333,0.78584,0.78593,1.00,1.50
2018.02.09 06:51:43.681,0.78587,0.78596,1.00,1.00
2018.02.09 06:51:44.224,0.78586,0.78596,1.25,1.00
2018.02.09 06:51:44.838,0.78586,0.78597,1.25,1.50
2018.02.09 06:51:45.506,0.78584,0.78595,2.81,1.50
2018.02.09 06:51:46.091,0.78584,0.78594,1.25,1.00
2018.02.09 06:51:46.397,0.78583,0.78592,1.00,1.00
2018.02.09 06:51:47.712,0.78583,0.78594,1.25,1.50
2018.02.09 06:51:48.377,0.78585,0.78595,1.00,1.87
2018.02.09 06:51:49.057,0.78585,0.78596,1.69,1.00
2018.02.09 06:51:49.492,0.78588,0.78597,1.25,1.50
2018.02.09 06:51:50.481,0.78587,0.78597,1.00,1.50
2018.02.09 06:51:50.811,0.78585,0.78595,1.69,1.00
2018.02.09 06:51:51.336,0.78586,0.78595,1.69,1.00
2018.02.09 06:51:52.065,0.78587,0.78595,1.00,1.00
2018.02.09 06:51:52.521,0.78596,0.786,1.00,1.00
2018.02.09 06:51:52.624,0.78595,0.78605,1.00,3.56
2018.02.09 06:51:52.727,0.78592,0.78601,1.00,1.00
2018.02.09 06:51:53.034,0.78583,0.78594,1.19,1.50
2018.02.09 06:51:53.546,0.78582,0.78591,1.00,1.00
2018.02.09 06:51:53.700,0.7858,0.78591,2.44,1.00
2018.02.09 06:51:53.802,0.78582,0.78591,1.25,1.00
2018.02.09 06:51:54.393,0.78583,0.78593,1.00,1.50
2018.02.09 06:51:55.047,0.78584,0.78593,1.00,1.50
2018.02.09 06:51:55.590,0.78583,0.78593,1.00,1.00
2018.02.09 06:51:56.100,0.78582,0.78593,1.25,1.50
2018.02.09 06:51:56.557,0.78581,0.7859,1.00,1.00
2018.02.09 06:51:56.991,0.78582,0.78593,1.50,1.50
2018.02.09 06:51:58.942,0.78583,0.78593,1.25,1.00
2018.02.09 06:51:59.096,0.78586,0.78597,1.25,2.62
2018.02.09 06:51:59.678,0.78587,0.78597,1.00,1.12
2018.02.09 06:52:00.217,0.78589,0.78597,1.00,1.12
2018.02.09 06:52:00.320,0.7859,0.78599,1.00,1.00
2018.02.09 06:52:00.825,0.78589,0.78599,1.25,1.00
2018.02.09 06:52:01.457,0.78588,0.78599,1.69,1.00
2018.02.09 06:52:01.897,0.7859,0.78599,1.00,1.00
2018.02.09 06:52:02.231,0.78593,0.78602,1.69,1.00
2018.02.09 06:52:02.573,0.78595,0.78605,1.69,1.00
2018.02.09 06:52:03.084,0.78593,0.78602,1.69,1.00
2018.02.09 06:52:03.441,0.78591,0.78601,1.69,1.00
2018.02.09 06:52:03.569,0.7859,0.78598,1.00,1.00
2018.02.09 06:52:04.027,0.7859,0.786,1.00,1.00
2018.02.09 06:52:04.449,0.78592,0.786,1.25,1.00
2018.02.09 06:52:05.183,0.78593,0.78602,1.25,1.50
2018.02.09 06:52:05.668,0.78591,0.786,1.50,1.00
2018.02.09 06:52:05.719,0.78589,0.78597,1.50,1.00
2018.02.09 06:52:05.975,0.78587,0.78596,1.00,1.00
2018.02.09 06:52:06.571,0.78586,0.78596,1.25,1.00
2018.02.09 06:52:07.094,0.78585,0.78597,2.44,2.62
2018.02.09 06:52:07.163,0.78587,0.78597,1.25,1.87
2018.02.09 06:52:08.445,0.78585,0.78595,1.00,1.00
2018.02.09 06:52:09.044,0.78584,0.78595,1.25,1.50
2018.02.09 06:52:11.296,0.78583,0.78594,2.62,1.00
2018.02.09 06:52:11.891,0.78584,0.78595,1.69,1.00
2018.02.09 06:52:12.407,0.78584,0.78592,1.69,1.00
2018.02.09 06:52:12.509,0.78585,0.78594,1.25,1.00
2018.02.09 06:52:14.477,0.78587,0.78596,1.25,1.00
2018.02.09 06:52:15.038,0.78588,0.78596,1.00,1.00
2018.02.09 06:52:15.418,0.78586,0.78595,1.00,1.00
2018.02.09 06:52:15.990,0.78585,0.78595,2.44,1.00
2018.02.09 06:52:17.023,0.78586,0.78596,1.00,1.12
2018.02.09 06:52:17.687,0.78587,0.78598,1.00,2.81
2018.02.09 06:52:17.980,0.78589,0.78598,1.50,1.12
2018.02.09 06:52:18.031,0.7859,0.78601,1.25,1.50
2018.02.09 06:52:18.650,0.78591,0.78601,1.25,1.00
2018.02.09 06:52:18.702,0.78589,0.78598,2.25,1.00
2018.02.09 06:52:21.341,0.7859,0.78598,1.00,1.12
2018.02.09 06:52:21.443,0.7859,0.786,1.00,1.50
2018.02.09 06:52:22.057,0.78591,0.786,1.25,1.00
2018.02.09 06:52:23.061,0.78592,0.786,1.00,1.00
2018.02.09 06:52:26.044,0.78591,0.786,1.00,1.00
2018.02.09 06:52:26.953,0.78592,0.786,1.00,1.00
2018.02.09 06:52:30.443,0.78593,0.786,1.25,1.00
2018.02.09 06:52:32.851,0.78592,0.786,1.00,1.00
2018.02.09 06:52:36.376,0.78592,0.78601,1.00,1.00
2018.02.09 06:52:37.037,0.78591,0.78601,1.25,1.00
2018.02.09 06:52:40.028,0.7859,0.78601,3.19,1.00
2018.02.09 06:52:40.294,0.78589,0.78598,1.00,1.00
2018.02.09 06:52:40.818,0.78588,0.78598,1.00,1.00
2018.02.09 06:52:45.148,0.7859,0.78598,1.25,1.00
2018.02.09 06:52:45.251,0.78591,0.78601,1.00,2.25
2018.02.09 06:52:45.302,0.78589,0.78599,1.50,1.00
2018.02.09 06:52:45.649,0.78588,0.78597,1.25,1.00
2018.02.09 06:52:46.847,0.78589,0.78597,1.25,1.00
2018.02.09 06:52:47.179,0.78591,0.78599,1.25,1.50
2018.02.09 06:52:47.492,0.78591,0.78601,1.25,1.50
2018.02.09 06:52:47.750,0.78591,0.78599,1.25,1.00
2018.02.09 06:52:49.366,0.78592,0.78599,1.00,1.00
2018.02.09 06:52:49.520,0.78595,0.78603,1.25,1.00
2018.02.09 06:52:49.622,0.78593,0.78603,1.25,1.00
2018.02.09 06:52:49.673,0.78592,0.78601,1.19,1.00
2018.02.09 06:52:49.724,0.78591,0.78601,1.69,1.00
2018.02.09 06:52:49.826,0.78591,0.78599,1.25,1.00
2018.02.09 06:52:50.554,0.78589,0.78597,1.19,1.00
2018.02.09 06:52:50.606,0.78588,0.78597,1.00,1.00
2018.02.09 06:52:51.125,0.78587,0.78597,1.69,2.62
2018.02.09 06:52:52.245,0.78588,0.78597,1.00,2.62
2018.02.09 06:52:52.893,0.78589,0.78597,1.00,1.12
2018.02.09 06:52:56.417,0.78589,0.78598,1.25,1.00
2018.02.09 06:52:57.103,0.78589,0.78599,1.25,1.50
2018.02.09 06:52:58.569,0.7859,0.78599,1.00,1.50
2018.02.09 06:52:59.363,0.78588,0.78599,1.69,1.00
2018.02.09 06:52:59.415,0.78588,0.78597,1.69,1.00
2018.02.09 06:52:59.517,0.7859,0.786,1.69,1.12
2018.02.09 06:52:59.671,0.78591,0.78603,3.19,1.12
2018.02.09 06:52:59.725,0.78593,0.78603,1.00,1.12
2018.02.09 06:53:00.043,0.78595,0.78604,1.25,1.00
2018.02.09 06:53:00.353,0.78594,0.78603,1.00,1.50
2018.02.09 06:53:00.404,0.78592,0.78601,1.69,1.00
2018.02.09 06:53:00.935,0.78591,0.78601,1.69,1.00
2018.02.09 06:53:04.404,0.78593,0.78601,1.00,1.00
2018.02.09 06:53:04.456,0.78591,0.78601,3.00,1.00
2018.02.09 06:53:05.052,0.78592,0.78601,1.00,1.00
2018.02.09 06:53:05.154,0.78592,0.78603,1.25,1.50
2018.02.09 06:53:05.771,0.78591,0.78603,3.19,2.81
2018.02.09 06:53:05.874,0.78594,0.78603,1.00,1.12
2018.02.09 06:53:05.986,0.78594,0.78605,1.00,3.19
2018.02.09 06:53:06.510,0.78593,0.78605,3.19,3.94
2018.02.09 06:53:06.767,0.78594,0.78605,1.19,3.00
2018.02.09 06:53:06.934,0.78592,0.78603,1.69,1.87
2018.02.09 06:53:07.688,0.78593,0.78603,1.00,2.62
2018.02.09 06:53:08.304,0.78592,0.78603,1.25,2.62
2018.02.09 06:53:08.557,0.78591,0.786,2.44,1.00
2018.02.09 06:53:09.787,0.78592,0.786,1.00,1.00
2018.02.09 06:53:14.969,0.7859,0.78598,1.00,1.00
2018.02.09 06:53:15.298,0.78589,0.78596,1.00,1.00
2018.02.09 06:53:15.897,0.78588,0.78596,1.25,1.00
2018.02.09 06:53:20.227,0.78587,0.78596,1.69,1.00
2018.02.09 06:53:20.280,0.78587,0.78598,1.69,1.50
2018.02.09 06:53:20.946,0.78588,0.78598,1.25,1.00
2018.02.09 06:53:21.048,0.7859,0.786,1.25,2.25
2018.02.09 06:53:21.671,0.78591,0.786,1.25,1.00
2018.02.09 06:53:22.498,0.7859,0.786,1.69,1.00
2018.02.09 06:53:22.855,0.78591,0.78599,1.44,1.12
2018.02.09 06:53:23.109,0.7859,0.78599,1.69,1.12
2018.02.09 06:53:23.372,0.78591,0.78598,1.44,1.00
2018.02.09 06:53:23.954,0.78591,0.786,1.44,3.00
2018.02.09 06:53:25.412,0.7859,0.78597,1.25,1.00
2018.02.09 06:53:26.263,0.78589,0.786,1.44,3.94
2018.02.09 06:53:28.164,0.78589,0.786,1.44,2.44
2018.02.09 06:53:29.733,0.78591,0.786,1.44,1.50
2018.02.09 06:53:30.190,0.7859,0.786,2.44,1.00
2018.02.09 06:53:32.356,0.78591,0.786,1.00,1.00
2018.02.09 06:53:32.787,0.78592,0.78602,1.25,1.12
2018.02.09 06:53:33.605,0.78593,0.78603,1.00,1.00
2018.02.09 06:53:33.970,0.78594,0.78603,1.88,1.00
2018.02.09 06:53:35.407,0.78594,0.78602,1.44,1.00
2018.02.09 06:53:35.838,0.78593,0.78602,1.25,1.00
2018.02.09 06:53:36.257,0.7859,0.78602,3.56,2.44
2018.02.09 06:53:36.309,0.7859,0.786,2.06,1.00
2018.02.09 06:53:36.712,0.78588,0.78598,1.69,1.00
2018.02.09 06:53:42.694,0.78589,0.78598,1.00,1.00
2018.02.09 06:53:43.551,0.78589,0.78598,1.44,1.00
2018.02.09 06:53:44.409,0.78589,0.78598,1.25,1.00
2018.02.09 06:53:44.511,0.78589,0.786,1.69,1.00
2018.02.09 06:53:45.198,0.78589,0.78601,2.63,3.75
2018.02.09 06:53:45.492,0.78587,0.78597,1.25,1.00
2018.02.09 06:53:46.010,0.78587,0.78598,1.00,1.87
2018.02.09 06:53:46.540,0.78586,0.78596,2.25,1.00
2018.02.09 06:53:46.853,0.78588,0.78598,1.44,1.12
2018.02.09 06:53:47.157,0.78584,0.7859,1.50,1.00
2018.02.09 06:53:47.208,0.78582,0.7859,1.00,1.00
2018.02.09 06:53:47.259,0.7858,0.7859,1.25,1.00
2018.02.09 06:53:50.783,0.7858,0.78589,1.25,1.00
2018.02.09 06:53:51.544,0.78577,0.78587,1.00,1.00
2018.02.09 06:53:51.596,0.78577,0.78585,1.00,1.00
2018.02.09 06:53:51.748,0.78572,0.78582,1.69,1.00
2018.02.09 06:53:51.870,0.78573,0.78584,1.00,2.25
2018.02.09 06:53:52.095,0.78575,0.78584,1.13,1.50
2018.02.09 06:53:52.658,0.78576,0.78584,1.00,1.00
2018.02.09 06:53:52.811,0.78578,0.78588,1.00,2.06
2018.02.09 06:53:52.862,0.78576,0.78588,1.88,2.81
2018.02.09 06:53:52.914,0.78579,0.78588,1.44,1.12
2018.02.09 06:53:53.496,0.7858,0.78589,1.00,1.00
2018.02.09 06:53:54.926,0.78579,0.78589,1.88,1.00
2018.02.09 06:53:55.949,0.7858,0.78589,1.00,1.00
2018.02.09 06:53:56.421,0.7858,0.78591,1.50,1.31
2018.02.09 06:54:00.086,0.78582,0.78591,1.44,1.00
2018.02.09 06:54:00.137,0.78584,0.78593,1.00,1.31
2018.02.09 06:54:00.343,0.78581,0.78588,1.00,1.00
2018.02.09 06:54:00.562,0.78581,0.78592,1.25,3.00
2018.02.09 06:54:01.481,0.78581,0.7859,1.00,1.00
2018.02.09 06:54:01.584,0.78579,0.7859,2.06,1.50
2018.02.09 06:54:02.125,0.7858,0.78589,1.00,1.00
2018.02.09 06:54:02.818,0.7858,0.7859,1.00,1.88
2018.02.09 06:54:03.357,0.7858,0.7859,1.00,2.25
2018.02.09 06:54:03.409,0.78577,0.78588,1.00,1.69
2018.02.09 06:54:03.722,0.78578,0.78588,1.44,1.00
2018.02.09 06:54:04.241,0.78579,0.78589,1.13,1.12
2018.02.09 06:54:04.832,0.78578,0.78588,1.88,1.00
2018.02.09 06:54:06.347,0.78578,0.78588,1.69,1.00
2018.02.09 06:54:24.936,0.78579,0.78588,1.00,1.00
2018.02.09 06:54:29.221,0.78581,0.7859,1.44,1.87
2018.02.09 06:54:29.736,0.78581,0.78591,1.25,1.00
2018.02.09 06:54:30.295,0.78581,0.78591,1.44,1.00
2018.02.09 06:54:32.667,0.7858,0.78588,1.00,1.00
2018.02.09 06:54:33.267,0.78579,0.78588,1.25,1.00
2018.02.09 06:54:33.651,0.78579,0.7859,1.69,1.00
2018.02.09 06:54:33.754,0.7858,0.7859,1.44,1.00
2018.02.09 06:54:35.805,0.78582,0.7859,1.00,1.00
2018.02.09 06:54:36.802,0.78583,0.7859,1.13,1.00
2018.02.09 06:54:36.854,0.78584,0.78593,1.44,2.25
2018.02.09 06:54:37.363,0.78585,0.78595,1.13,3.00
2018.02.09 06:54:37.922,0.78586,0.78595,1.00,2.25
2018.02.09 06:54:39.796,0.78585,0.78595,1.25,2.25
2018.02.09 06:54:42.356,0.78585,0.78595,1.13,1.00
2018.02.09 06:54:42.509,0.78586,0.78595,1.88,1.00
2018.02.09 06:54:42.992,0.78587,0.78598,1.25,2.44
2018.02.09 06:54:43.640,0.78589,0.78598,1.25,1.50
2018.02.09 06:54:43.880,0.7859,0.786,1.00,1.50
2018.02.09 06:54:43.932,0.78588,0.78598,2.63,1.00
2018.02.09 06:54:44.239,0.78586,0.78595,1.44,1.00
2018.02.09 06:54:44.806,0.78586,0.78596,1.00,1.00
2018.02.09 06:54:45.151,0.78587,0.78598,3.38,1.00
2018.02.09 06:54:47.589,0.78589,0.78598,1.00,1.00
2018.02.09 06:54:48.154,0.78588,0.78598,1.88,1.00
2018.02.09 06:54:48.694,0.78587,0.78597,1.25,1.31
2018.02.09 06:54:49.521,0.78586,0.78597,2.44,1.31
2018.02.09 06:54:50.147,0.78587,0.78597,1.50,1.12
2018.02.09 06:54:50.801,0.78587,0.78598,2.25,1.25
2018.02.09 06:54:51.458,0.78588,0.78598,1.25,1.25
2018.02.09 06:54:53.041,0.78588,0.78599,2.63,1.00
2018.02.09 06:54:53.550,0.78589,0.78599,1.00,1.00
2018.02.09 06:54:54.083,0.78587,0.78598,1.88,1.00
2018.02.09 06:54:55.045,0.78587,0.78598,1.25,2.63
2018.02.09 06:54:56.052,0.78586,0.78596,1.25,1.00
2018.02.09 06:54:56.663,0.78585,0.78595,1.25,1.00
2018.02.09 06:55:05.369,0.78584,0.78594,1.88,1.00
2018.02.09 06:55:06.221,0.78586,0.78595,1.00,1.50
2018.02.09 06:55:06.322,0.78587,0.78597,1.13,1.87
2018.02.09 06:55:06.967,0.78586,0.78596,1.44,1.50
2018.02.09 06:55:07.310,0.78584,0.78594,2.63,1.00
2018.02.09 06:55:07.361,0.78584,0.78594,1.69,1.50
2018.02.09 06:55:07.925,0.78584,0.78594,1.88,1.50
2018.02.09 06:55:11.013,0.78584,0.78594,1.25,1.50
2018.02.09 06:55:11.693,0.78584,0.78593,1.25,1.00
2018.02.09 06:55:12.199,0.78582,0.78592,1.19,1.50
2018.02.09 06:55:12.403,0.7858,0.78591,1.88,1.50
2018.02.09 06:55:12.986,0.7858,0.7859,1.88,1.00
2018.02.09 06:55:13.602,0.7858,0.78591,1.88,1.50
2018.02.09 06:55:16.642,0.7858,0.7859,1.00,1.25
2018.02.09 06:55:17.014,0.78578,0.78589,1.69,1.00
2018.02.09 06:55:17.115,0.7858,0.7859,1.69,1.50
2018.02.09 06:55:17.268,0.78581,0.78592,3.19,1.00
2018.02.09 06:55:17.829,0.78581,0.78591,1.88,1.00
2018.02.09 06:55:19.028,0.78582,0.78592,1.00,1.25
2018.02.09 06:55:20.030,0.78582,0.78592,1.88,1.00
2018.02.09 06:55:20.310,0.78583,0.78594,1.13,1.50
2018.02.09 06:55:20.413,0.78585,0.78594,1.25,1.00
2018.02.09 06:55:20.464,0.78585,0.78596,1.25,2.44
2018.02.09 06:55:21.034,0.78584,0.78594,1.12,1.25
2018.02.09 06:55:21.340,0.78582,0.78592,1.44,1.00
2018.02.09 06:55:21.972,0.78582,0.78592,1.25,1.00
2018.02.09 06:55:23.447,0.78582,0.78593,1.88,1.00
2018.02.09 06:55:23.869,0.78584,0.78594,2.63,1.00
2018.02.09 06:55:25.985,0.78584,0.78596,3.00,2.44
2018.02.09 06:55:27.496,0.78585,0.78596,1.44,2.25
2018.02.09 06:55:29.474,0.78582,0.78589,1.50,1.00
2018.02.09 06:55:29.526,0.78579,0.78589,1.69,1.12
2018.02.09 06:55:29.628,0.78579,0.78586,1.00,1.00
2018.02.09 06:55:29.731,0.7858,0.78589,1.25,1.12
2018.02.09 06:55:30.252,0.78579,0.7859,2.63,1.00
2018.02.09 06:55:30.416,0.78582,0.78592,1.00,2.06
2018.02.09 06:55:30.569,0.78584,0.78595,1.00,2.44
2018.02.09 06:55:30.671,0.78585,0.78594,1.44,1.00
2018.02.09 06:55:31.696,0.78585,0.78594,1.25,1.00
2018.02.09 06:55:34.204,0.78586,0.78596,1.88,1.12
2018.02.09 06:55:34.713,0.78588,0.78597,1.88,1.00
2018.02.09 06:55:34.816,0.7859,0.786,1.88,1.00
2018.02.09 06:55:35.505,0.78591,0.78601,1.25,1.50
2018.02.09 06:55:37.260,0.78588,0.78599,3.00,1.88
2018.02.09 06:55:37.412,0.78587,0.78597,1.50,1.00
2018.02.09 06:55:42.813,0.78587,0.78596,1.50,1.00
2018.02.09 06:55:43.771,0.78587,0.78595,1.00,1.00
2018.02.09 06:55:44.417,0.78585,0.78595,2.44,1.00
2018.02.09 06:55:45.422,0.78587,0.78595,1.00,1.00
2018.02.09 06:55:46.071,0.78587,0.78596,1.00,1.00
2018.02.09 06:55:47.702,0.78587,0.78597,1.25,1.50
2018.02.09 06:55:47.856,0.78589,0.78598,1.00,1.00
2018.02.09 06:55:47.908,0.78587,0.78598,1.88,1.00
2018.02.09 06:55:48.107,0.78589,0.78598,1.25,1.00
2018.02.09 06:55:48.463,0.7859,0.786,1.00,1.00
2018.02.09 06:55:48.971,0.78592,0.78601,1.00,1.50
2018.02.09 06:55:49.074,0.78592,0.78603,1.88,2.25
2018.02.09 06:55:49.278,0.7859,0.78601,4.13,1.00
2018.02.09 06:55:50.114,0.78593,0.78603,1.44,1.87
2018.02.09 06:55:50.420,0.7859,0.78599,1.44,1.00
2018.02.09 06:55:50.756,0.78592,0.78602,1.88,1.50
2018.02.09 06:55:51.213,0.78594,0.78604,1.00,1.00
2018.02.09 06:55:51.315,0.78596,0.78606,1.13,1.87
2018.02.09 06:55:51.983,0.78598,0.78609,1.88,2.44
2018.02.09 06:55:52.308,0.786,0.78611,1.38,1.87
2018.02.09 06:55:52.633,0.78597,0.78607,1.00,1.13
2018.02.09 06:55:52.786,0.78595,0.78606,1.00,2.44
2018.02.09 06:55:52.888,0.78597,0.78608,1.50,1.31
2018.02.09 06:55:53.452,0.78598,0.78609,1.50,1.44
2018.02.09 06:55:53.991,0.78598,0.78609,1.69,1.25
2018.02.09 06:55:56.422,0.78597,0.78608,1.50,1.00
2018.02.09 06:55:57.267,0.78599,0.78609,1.25,1.00
2018.02.09 06:55:57.968,0.78598,0.78609,2.44,1.00
2018.02.09 06:55:58.547,0.78598,0.78609,1.50,1.88
2018.02.09 06:55:58.649,0.78596,0.78607,1.25,1.50
2018.02.09 06:55:58.700,0.78596,0.78605,1.25,1.00
2018.02.09 06:55:59.223,0.78597,0.78607,1.44,1.50
2018.02.09 06:55:59.487,0.78598,0.78609,1.88,1.00
2018.02.09 06:55:59.974,0.78601,0.78609,1.44,1.00
2018.02.09 06:56:00.075,0.78601,0.78612,1.44,3.00
2018.02.09 06:56:00.126,0.78606,0.78612,1.00,1.00
2018.02.09 06:56:00.177,0.78606,0.78616,1.00,1.25
2018.02.09 06:56:00.820,0.78606,0.78615,1.00,1.00
2018.02.09 06:56:01.074,0.78608,0.78616,1.88,1.00
2018.02.09 06:56:01.126,0.78609,0.78618,1.25,1.00
2018.02.09 06:56:01.351,0.7861,0.7862,1.69,1.00
2018.02.09 06:56:01.606,0.78608,0.78617,1.00,1.25
2018.02.09 06:56:01.710,0.78604,0.78615,1.69,2.62
2018.02.09 06:56:01.761,0.78603,0.78615,3.19,3.56
2018.02.09 06:56:01.813,0.78603,0.78613,1.25,1.00
2018.02.09 06:56:02.114,0.78602,0.78611,1.44,1.00
2018.02.09 06:56:02.920,0.78604,0.78611,1.00,1.00
2018.02.09 06:56:02.971,0.78604,0.78614,1.44,1.50
2018.02.09 06:56:04.191,0.78606,0.78614,1.00,1.00
2018.02.09 06:56:04.351,0.78607,0.78617,1.25,1.00
2018.02.09 06:56:07.069,0.78604,0.78615,2.25,1.00
2018.02.09 06:56:07.586,0.78604,0.78615,1.88,1.00
2018.02.09 06:56:08.750,0.78603,0.78613,1.88,1.00
2018.02.09 06:56:09.279,0.78602,0.78612,1.44,2.62
2018.02.09 06:56:11.260,0.78601,0.78611,1.88,1.00
2018.02.09 06:56:11.587,0.78599,0.78609,1.44,1.00
2018.02.09 06:56:12.141,0.786,0.7861,1.13,1.00
2018.02.09 06:56:12.652,0.78599,0.78611,2.63,1.50
2018.02.09 06:56:13.166,0.78601,0.78611,1.00,1.00
2018.02.09 06:56:13.523,0.78602,0.78614,1.69,3.19
2018.02.09 06:56:13.852,0.78601,0.78612,1.25,1.00
2018.02.09 06:56:14.169,0.78597,0.78609,1.88,1.00
2018.02.09 06:56:14.724,0.78597,0.78608,1.88,1.00
2018.02.09 06:56:15.252,0.78598,0.78609,1.13,1.00
2018.02.09 06:56:15.849,0.78598,0.78609,1.44,1.00
2018.02.09 06:56:16.360,0.786,0.78611,1.25,1.88
2018.02.09 06:56:16.751,0.786,0.78608,1.25,1.00
2018.02.09 06:56:17.407,0.78599,0.78608,1.25,1.00
2018.02.09 06:56:17.661,0.78601,0.78612,1.25,1.25
2018.02.09 06:56:17.762,0.786,0.7861,1.44,1.00
2018.02.09 06:56:18.912,0.78601,0.78611,1.13,1.00
2018.02.09 06:56:19.460,0.78601,0.78612,1.13,1.00
2018.02.09 06:56:20.799,0.78602,0.78613,1.00,1.50
2018.02.09 06:56:21.105,0.78605,0.78615,1.25,1.00
2018.02.09 06:56:21.636,0.78606,0.78615,1.00,1.00
2018.02.09 06:56:22.169,0.78605,0.78615,1.13,1.00
2018.02.09 06:56:22.859,0.78605,0.78616,1.13,1.50
2018.02.09 06:56:23.416,0.78607,0.78616,1.00,1.00
2018.02.09 06:56:23.621,0.78604,0.78616,2.63,2.63
2018.02.09 06:56:23.723,0.78604,0.78614,1.44,1.00
2018.02.09 06:56:23.824,0.78603,0.78614,1.00,1.44
2018.02.09 06:56:24.506,0.78603,0.78613,1.44,1.00
2018.02.09 06:56:25.219,0.78602,0.78613,1.44,1.00
2018.02.09 06:56:27.467,0.78602,0.78614,1.88,1.88
2018.02.09 06:56:30.497,0.78602,0.78613,1.44,1.00
2018.02.09 06:56:31.037,0.78604,0.78613,1.00,1.00
2018.02.09 06:56:31.785,0.78604,0.78614,1.00,1.00
2018.02.09 06:56:32.445,0.78604,0.78614,1.44,1.00
2018.02.09 06:56:34.632,0.78605,0.78617,1.88,3.38
2018.02.09 06:56:35.189,0.78606,0.78616,1.00,1.50
2018.02.09 06:56:37.323,0.78608,0.78616,1.00,1.00
2018.02.09 06:56:37.425,0.78607,0.78618,2.63,1.25
2018.02.09 06:56:40.015,0.78607,0.78617,1.25,1.00
2018.02.09 06:56:41.133,0.78609,0.78618,1.44,1.00
2018.02.09 06:56:41.235,0.78611,0.78622,1.00,1.25
2018.02.09 06:56:41.582,0.7861,0.7862,1.12,1.25
2018.02.09 06:56:42.075,0.78608,0.78618,1.88,1.00
2018.02.09 06:56:42.603,0.78608,0.78617,1.25,1.00
2018.02.09 06:56:44.618,0.78607,0.78618,1.44,1.87
2018.02.09 06:56:45.130,0.78609,0.78618,1.00,1.12
2018.02.09 06:56:45.620,0.7861,0.7862,1.25,1.00
2018.02.09 06:56:47.353,0.78609,0.7862,1.25,1.25
2018.02.09 06:56:47.707,0.78611,0.7862,1.25,1.00
2018.02.09 06:56:47.859,0.78609,0.78621,2.44,1.87
2018.02.09 06:56:48.385,0.78611,0.78622,1.44,2.44
2018.02.09 06:56:48.743,0.7861,0.78619,1.25,1.00
2018.02.09 06:56:48.983,0.78607,0.78618,1.88,1.12
2018.02.09 06:56:56.541,0.78609,0.78618,1.00,1.00
2018.02.09 06:56:57.082,0.78608,0.78619,1.25,1.00
2018.02.09 06:56:57.284,0.7861,0.78619,2.06,1.00
2018.02.09 06:56:57.386,0.78613,0.78623,1.00,1.50
2018.02.09 06:56:57.488,0.78615,0.78625,1.25,1.00
2018.02.09 06:56:58.401,0.78614,0.78624,1.19,1.50
2018.02.09 06:56:58.553,0.7861,0.78621,1.44,1.12
2018.02.09 06:56:58.806,0.78608,0.7862,3.19,1.88
2018.02.09 06:56:59.205,0.78608,0.78618,1.25,1.00
2018.02.09 06:56:59.512,0.78609,0.78619,1.44,1.00
2018.02.09 06:57:00.778,0.78607,0.78619,2.25,1.00
2018.02.09 06:57:01.440,0.78607,0.78618,1.50,1.00
2018.02.09 06:57:05.585,0.78611,0.7862,1.44,2.25
2018.02.09 06:57:05.637,0.78611,0.7862,1.44,1.00
2018.02.09 06:57:05.738,0.78613,0.78622,1.00,2.06
2018.02.09 06:57:05.839,0.78615,0.78626,1.00,3.00
2018.02.09 06:57:06.043,0.78613,0.78624,1.25,1.00
2018.02.09 06:57:06.564,0.78612,0.78623,1.88,1.00
2018.02.09 06:57:06.770,0.78614,0.78625,2.25,1.25
2018.02.09 06:57:08.240,0.78615,0.78626,1.00,1.25
2018.02.09 06:57:08.977,0.78614,0.78625,2.25,1.00
2018.02.09 06:57:09.532,0.78614,0.78624,2.25,1.00
2018.02.09 06:57:10.114,0.78614,0.78623,2.25,1.00
2018.02.09 06:57:10.432,0.78612,0.78623,1.00,1.88
2018.02.09 06:57:10.965,0.78612,0.78622,1.88,1.00
2018.02.09 06:57:12.079,0.78612,0.78623,1.88,1.25
2018.02.09 06:57:12.812,0.78612,0.78623,1.69,1.25
2018.02.09 06:57:16.308,0.78612,0.78622,1.25,1.00
2018.02.09 06:57:17.895,0.78613,0.78622,1.00,1.00
2018.02.09 06:57:17.947,0.78614,0.78625,1.69,2.44
2018.02.09 06:57:17.998,0.78616,0.78625,1.00,2.25
2018.02.09 06:57:18.050,0.78616,0.78626,1.88,2.25
2018.02.09 06:57:18.254,0.78614,0.78625,1.69,1.69
2018.02.09 06:57:18.356,0.78615,0.78625,1.44,1.00
2018.02.09 06:57:18.657,0.78612,0.78621,1.44,1.00
2018.02.09 06:57:19.485,0.78612,0.78621,1.25,1.00
2018.02.09 06:57:22.820,0.78611,0.78622,1.25,1.50
2018.02.09 06:57:23.154,0.78612,0.78623,1.44,1.69
2018.02.09 06:57:23.413,0.78611,0.78623,2.44,2.63
2018.02.09 06:57:23.464,0.78612,0.78623,1.44,1.69
2018.02.09 06:57:24.407,0.78612,0.78623,1.25,1.69
2018.02.09 06:57:24.956,0.78613,0.78624,1.00,3.00
2018.02.09 06:57:25.462,0.78613,0.78624,1.88,1.00
2018.02.09 06:57:26.047,0.78615,0.78625,1.00,1.13
2018.02.09 06:57:26.524,0.78617,0.78627,1.00,1.00
2018.02.09 06:57:26.678,0.78621,0.78632,1.69,1.25
2018.02.09 06:57:29.360,0.78622,0.78633,1.00,3.38
2018.02.09 06:57:30.796,0.78621,0.78632,1.69,1.13
2018.02.09 06:57:32.081,0.78621,0.78633,2.63,3.19
2018.02.09 06:57:34.686,0.78622,0.78633,1.00,2.63
2018.02.09 06:57:34.977,0.78624,0.78634,1.50,1.87
2018.02.09 06:57:35.797,0.78623,0.78633,1.25,1.00
2018.02.09 06:57:39.198,0.78622,0.78632,1.88,1.00
2018.02.09 06:57:40.758,0.78624,0.78632,1.00,1.00
2018.02.09 06:57:42.002,0.78624,0.78633,1.50,1.00
2018.02.09 06:57:42.053,0.78625,0.78635,1.50,2.06
2018.02.09 06:57:42.154,0.78626,0.78636,1.44,1.00
2018.02.09 06:57:42.692,0.78626,0.78635,1.44,1.00
2018.02.09 06:57:43.393,0.78626,0.78635,1.25,1.00
2018.02.09 06:57:43.739,0.78623,0.78634,1.50,1.00
2018.02.09 06:57:43.790,0.78622,0.78632,3.19,1.00
2018.02.09 06:57:44.031,0.78621,0.78632,1.25,2.25
2018.02.09 06:57:44.563,0.78622,0.78632,1.00,2.25
2018.02.09 06:57:44.716,0.78623,0.78632,1.44,1.00
2018.02.09 06:57:44.819,0.78624,0.78634,1.25,1.00
2018.02.09 06:57:45.353,0.78624,0.78635,1.25,1.69
2018.02.09 06:57:46.132,0.78623,0.78633,1.88,1.00
2018.02.09 06:57:46.626,0.78622,0.78633,2.06,1.69
2018.02.09 06:57:47.120,0.78624,0.78634,1.00,1.00
2018.02.09 06:57:47.713,0.78622,0.78633,3.75,1.25
2018.02.09 06:57:49.127,0.78622,0.78633,2.81,1.50
2018.02.09 06:57:49.712,0.78623,0.78633,1.00,1.00
2018.02.09 06:57:51.191,0.78623,0.78627,1.00,1.00
2018.02.09 06:57:51.242,0.7862,0.78627,1.88,1.00
2018.02.09 06:57:51.343,0.78617,0.78627,2.63,1.00
2018.02.09 06:57:51.394,0.78618,0.78625,1.25,1.00
2018.02.09 06:57:51.651,0.78616,0.78624,1.50,1.12
2018.02.09 06:57:52.367,0.78615,0.78624,1.50,1.12
2018.02.09 06:57:52.418,0.78615,0.78622,1.50,1.00
2018.02.09 06:57:52.949,0.78616,0.78622,1.00,1.00
2018.02.09 06:57:55.258,0.78615,0.78622,1.69,1.00
2018.02.09 06:57:55.808,0.78614,0.78622,2.44,1.00
2018.02.09 06:57:56.086,0.78616,0.78625,1.25,1.00
2018.02.09 06:57:56.188,0.78618,0.78625,1.00,1.00
2018.02.09 06:57:56.392,0.78616,0.78625,2.44,1.00
2018.02.09 06:57:59.267,0.78614,0.78624,1.50,1.50
2018.02.09 06:57:59.370,0.78612,0.78623,1.50,1.25
2018.02.09 06:57:59.478,0.78612,0.78621,1.00,1.00
2018.02.09 06:57:59.998,0.78611,0.78621,2.44,1.00
2018.02.09 06:58:00.768,0.78612,0.78621,1.25,1.00
2018.02.09 06:58:01.300,0.78613,0.78621,1.25,1.00
2018.02.09 06:58:01.823,0.78613,0.78622,1.25,1.00
2018.02.09 06:58:02.324,0.78612,0.78622,1.25,1.00
2018.02.09 06:58:02.833,0.78611,0.78621,1.69,1.50
2018.02.09 06:58:03.336,0.78612,0.78621,1.00,1.00
2018.02.09 06:58:06.377,0.78611,0.78619,1.50,1.00
2018.02.09 06:58:06.530,0.78611,0.78621,1.69,1.12
2018.02.09 06:58:07.131,0.78612,0.78621,1.00,1.00
2018.02.09 06:58:16.424,0.78612,0.78622,1.00,1.00
2018.02.09 06:58:16.861,0.78611,0.7862,1.00,1.00
2018.02.09 06:58:17.064,0.78608,0.78619,3.19,1.00
2018.02.09 06:58:18.338,0.78607,0.78617,1.69,1.00
2018.02.09 06:58:23.409,0.78607,0.78615,1.00,1.00
2018.02.09 06:58:23.512,0.78607,0.78617,1.50,1.12
2018.02.09 06:58:24.136,0.78607,0.78618,3.00,1.50
2018.02.09 06:58:25.439,0.78608,0.78618,1.00,1.50
2018.02.09 06:58:26.124,0.78607,0.78618,3.19,1.50
2018.02.09 06:58:26.723,0.78605,0.78615,2.44,1.00
2018.02.09 06:58:26.775,0.78602,0.78613,1.69,1.00
2018.02.09 06:58:26.877,0.78602,0.78611,1.00,1.00
2018.02.09 06:58:26.929,0.786,0.78612,2.81,2.44
2018.02.09 06:58:27.523,0.786,0.78611,2.81,1.00
2018.02.09 06:58:28.047,0.786,0.78612,3.56,2.44
2018.02.09 06:58:28.922,0.78601,0.78612,1.00,1.50
2018.02.09 06:58:30.576,0.78601,0.78611,1.25,1.00
2018.02.09 06:58:33.478,0.78601,0.78611,1.44,1.00
2018.02.09 06:58:35.059,0.78601,0.78612,1.88,1.50
2018.02.09 06:58:36.410,0.78601,0.7861,1.88,1.00
2018.02.09 06:58:39.097,0.786,0.7861,1.25,1.00
2018.02.09 06:58:39.148,0.78599,0.78608,2.63,1.00
2018.02.09 06:58:39.786,0.78598,0.78607,1.44,1.00
2018.02.09 06:58:42.758,0.78599,0.78608,1.13,1.12
2018.02.09 06:58:44.306,0.786,0.78608,1.44,1.12
2018.02.09 06:58:51.366,0.78601,0.7861,1.13,1.00
2018.02.09 06:58:51.942,0.78602,0.78611,1.00,1.87
2018.02.09 06:58:53.332,0.78602,0.78611,1.44,1.87
2018.02.09 06:58:53.849,0.78602,0.78611,1.25,1.87
2018.02.09 06:58:54.878,0.78603,0.78611,1.44,1.00
2018.02.09 06:58:54.930,0.78603,0.78614,1.88,1.25
2018.02.09 06:58:55.930,0.78604,0.78616,2.44,4.50
2018.02.09 06:58:56.084,0.78606,0.78616,1.00,3.75
2018.02.09 06:58:56.587,0.78606,0.78616,1.44,2.25
2018.02.09 06:58:56.689,0.78608,0.78618,2.63,1.00
2018.02.09 06:58:56.793,0.7861,0.78621,2.44,2.06
2018.02.09 06:58:57.880,0.7861,0.7862,1.69,1.00
2018.02.09 06:58:58.874,0.78609,0.7862,1.69,1.00
2018.02.09 06:58:59.027,0.78611,0.78621,1.25,1.12
2018.02.09 06:58:59.390,0.78612,0.78623,2.25,2.44
2018.02.09 06:58:59.917,0.78611,0.78622,1.25,1.25
2018.02.09 06:59:01.298,0.7861,0.78622,2.81,2.44
2018.02.09 06:59:01.906,0.7861,0.78621,2.25,1.00
2018.02.09 06:59:02.571,0.7861,0.78621,2.06,1.00
2018.02.09 06:59:02.622,0.78612,0.78622,1.00,1.00
2018.02.09 06:59:03.131,0.78612,0.78623,1.69,2.25
2018.02.09 06:59:03.463,0.78614,0.78624,1.88,1.00
2018.02.09 06:59:04.033,0.78614,0.78625,2.63,1.25
2018.02.09 06:59:06.184,0.78615,0.78625,1.00,1.00
2018.02.09 06:59:10.555,0.78614,0.78625,1.88,1.00
2018.02.09 06:59:11.077,0.78617,0.78625,1.00,1.00
2018.02.09 06:59:14.982,0.78617,0.78626,1.00,1.00
2018.02.09 06:59:16.202,0.78618,0.78626,1.00,1.00
2018.02.09 06:59:17.435,0.78628,0.78633,1.00,1.50
2018.02.09 06:59:17.638,0.78637,0.78643,1.00,1.00
2018.02.09 06:59:17.790,0.78637,0.78645,1.00,1.50
2018.02.09 06:59:18.327,0.78636,0.78645,1.00,1.00
2018.02.09 06:59:20.588,0.78635,0.78645,1.50,1.00
2018.02.09 06:59:20.693,0.78634,0.78642,1.00,1.00
2018.02.09 06:59:21.435,0.78633,0.78642,1.00,1.00
2018.02.09 06:59:27.570,0.7863,0.78642,1.50,2.81
2018.02.09 06:59:27.621,0.7863,0.78639,1.00,1.00
2018.02.09 06:59:29.077,0.78629,0.78639,1.00,1.50
2018.02.09 06:59:29.584,0.78629,0.78638,1.00,1.00
2018.02.09 06:59:30.439,0.78627,0.78638,1.00,1.00
2018.02.09 06:59:31.042,0.78627,0.78637,1.00,1.00
2018.02.09 06:59:31.240,0.78625,0.78636,1.87,1.00
2018.02.09 06:59:31.392,0.78629,0.78638,1.00,1.00
2018.02.09 06:59:31.631,0.78634,0.78644,1.00,1.50
2018.02.09 06:59:32.116,0.78632,0.78643,1.00,1.00
2018.02.09 06:59:32.442,0.78634,0.78644,1.00,1.12
2018.02.09 06:59:32.596,0.78635,0.78646,1.50,1.00
2018.02.09 06:59:33.106,0.78635,0.78647,1.50,1.50
2018.02.09 06:59:34.682,0.78637,0.78648,1.00,1.87
2018.02.09 06:59:34.733,0.78635,0.78647,1.50,1.00
2018.02.09 06:59:34.784,0.78637,0.78648,1.00,1.12
2018.02.09 06:59:34.887,0.78635,0.78647,1.50,1.00
2018.02.09 06:59:35.133,0.78637,0.78649,1.12,2.25
2018.02.09 06:59:35.672,0.78637,0.78648,1.12,1.00
2018.02.09 06:59:36.232,0.78637,0.78649,1.12,1.50
2018.02.09 06:59:36.546,0.78639,0.7865,1.00,2.25
2018.02.09 06:59:37.233,0.78639,0.78649,1.00,1.00
2018.02.09 06:59:39.542,0.78637,0.78648,1.87,1.00
2018.02.09 06:59:40.170,0.78637,0.78647,1.12,1.00
2018.02.09 06:59:42.801,0.7864,0.7865,1.00,1.00
2018.02.09 06:59:42.953,0.78641,0.78653,2.25,1.50
2018.02.09 06:59:43.792,0.78643,0.78653,1.00,1.00
2018.02.09 06:59:44.472,0.78643,0.78652,1.00,1.00
2018.02.09 06:59:47.541,0.78643,0.78653,1.00,1.00
2018.02.09 06:59:48.214,0.78643,0.78652,1.00,1.00
2018.02.09 06:59:49.407,0.78644,0.78653,1.00,1.00
2018.02.09 06:59:49.747,0.78647,0.78656,1.00,1.00
2018.02.09 06:59:50.251,0.78647,0.78657,1.00,1.50
2018.02.09 06:59:51.491,0.78647,0.78656,1.00,1.00
2018.02.09 06:59:51.835,0.78643,0.78652,3.00,1.00
2018.02.09 06:59:53.608,0.7864,0.78651,1.50,1.50
2018.02.09 06:59:53.710,0.7864,0.78649,1.00,1.00
2018.02.09 06:59:54.989,0.78637,0.78648,1.50,1.00
2018.02.09 06:59:55.528,0.78638,0.78649,1.00,1.50
2018.02.09 06:59:56.119,0.78641,0.78652,1.00,2.62
2018.02.09 06:59:58.336,0.78648,0.78653,1.00,1.50
2018.02.09 06:59:58.438,0.78656,0.78664,1.50,1.00
2018.02.09 06:59:58.540,0.78656,0.78667,1.50,1.50
2018.02.09 06:59:59.117,0.78656,0.78667,1.50,1.50
2018.02.09 06:59:59.383,0.78658,0.78667,1.00,1.00
2018.02.09 06:59:59.537,0.7866,0.78671,1.00,2.25
2018.02.09 06:59:59.990,0.78663,0.78674,1.87,1.50
