2015.10.26 15:00:01.110,0.82035,0.82058,1.37,1.37
2015.10.26 15:00:01.165,0.82032,0.82057,1.12,1.75
2015.10.26 15:00:01.679,0.8203,0.82053,1.50,1.00
2015.10.26 15:00:01.831,0.82028,0.82052,1.75,1.37
2015.10.26 15:00:02.335,0.82027,0.82052,1.75,1.50
2015.10.26 15:00:02.747,0.82027,0.82049,1.75,1.00
2015.10.26 15:00:02.899,0.82025,0.82049,1.50,2.25
2015.10.26 15:00:06.139,0.82022,0.82047,1.75,1.00
2015.10.26 15:00:06.793,0.82021,0.82046,1.75,1.12
2015.10.26 15:00:06.844,0.82021,0.82045,1.75,1.12
2015.10.26 15:00:08.842,0.82022,0.82046,1.50,1.12
2015.10.26 15:00:09.995,0.82025,0.8205,1.75,1.37
2015.10.26 15:00:10.046,0.82028,0.82051,1.00,1.00
2015.10.26 15:00:10.148,0.82028,0.82049,1.00,1.00
2015.10.26 15:00:10.686,0.82028,0.82051,1.00,1.00
2015.10.26 15:00:11.215,0.82028,0.82052,1.00,1.00
2015.10.26 15:00:15.826,0.82028,0.82051,1.00,1.50
2015.10.26 15:00:16.183,0.82024,0.8205,1.75,1.87
2015.10.26 15:00:16.234,0.82024,0.8205,1.50,2.77
2015.10.26 15:00:17.395,0.82021,0.82046,1.75,1.37
2015.10.26 15:00:17.445,0.82021,0.82046,1.50,1.75
2015.10.26 15:00:17.597,0.8202,0.82047,2.25,1.75
2015.10.26 15:00:17.849,0.82021,0.82045,1.00,1.50
2015.10.26 15:00:22.332,0.82018,0.82044,1.50,2.25
2015.10.26 15:00:22.862,0.8202,0.82045,1.00,2.25
2015.10.26 15:00:22.963,0.82025,0.82051,2.25,1.75
2015.10.26 15:00:23.517,0.82028,0.82054,1.00,2.25
2015.10.26 15:00:23.669,0.82029,0.82054,1.12,1.75
2015.10.26 15:00:31.143,0.82025,0.82049,1.75,1.00
2015.10.26 15:00:31.648,0.82026,0.8205,1.75,1.00
2015.10.26 15:00:32.803,0.82026,0.82051,1.75,1.12
2015.10.26 15:00:34.208,0.82025,0.8205,2.25,1.00
2015.10.26 15:00:35.074,0.8203,0.82052,1.00,1.50
2015.10.26 15:00:40.265,0.8203,0.82052,1.00,1.75
2015.10.26 15:00:43.501,0.82027,0.82052,1.50,1.75
2015.10.26 15:00:43.784,0.8203,0.82052,1.00,1.75
2015.10.26 15:00:45.370,0.82029,0.82053,1.00,1.75
2015.10.26 15:00:46.138,0.8203,0.82053,1.00,1.75
2015.10.26 15:00:48.249,0.8203,0.82049,1.00,1.75
2015.10.26 15:00:48.300,0.82025,0.82049,1.50,1.75
2015.10.26 15:00:50.099,0.8203,0.82052,1.00,2.25
2015.10.26 15:00:50.352,0.82025,0.82051,2.25,1.50
2015.10.26 15:00:52.489,0.82022,0.82049,2.25,1.75
2015.10.26 15:00:53.172,0.82024,0.8205,1.00,2.25
2015.10.26 15:00:53.843,0.82022,0.82046,1.50,1.50
2015.10.26 15:00:58.818,0.82025,0.8205,1.00,2.85
2015.10.26 15:00:59.782,0.82025,0.8205,1.37,2.85
2015.10.26 15:00:59.832,0.82024,0.8205,1.75,2.85
2015.10.26 15:01:00.588,0.82021,0.82047,2.25,1.00
2015.10.26 15:01:01.008,0.82026,0.82051,1.75,1.72
2015.10.26 15:01:01.529,0.82028,0.82055,1.50,2.25
2015.10.26 15:01:03.825,0.8203,0.82055,1.00,2.25
2015.10.26 15:01:04.332,0.82026,0.82053,1.75,1.75
2015.10.26 15:01:05.732,0.82026,0.82049,1.50,1.00
2015.10.26 15:01:06.646,0.82026,0.82048,1.00,1.00
2015.10.26 15:01:06.697,0.82025,0.82048,1.37,1.37
2015.10.26 15:01:06.950,0.82025,0.82049,1.75,1.50
2015.10.26 15:01:07.304,0.82027,0.82051,1.37,1.50
2015.10.26 15:01:07.760,0.82027,0.82051,1.75,1.12
2015.10.26 15:01:11.341,0.8203,0.82053,1.00,1.75
2015.10.26 15:01:14.111,0.82029,0.82055,1.12,1.75
2015.10.26 15:01:14.163,0.82029,0.82055,1.75,1.75
2015.10.26 15:01:15.438,0.82035,0.82055,1.12,1.00
2015.10.26 15:01:15.489,0.82035,0.82058,1.12,1.50
2015.10.26 15:01:15.838,0.82039,0.82062,1.00,2.25
2015.10.26 15:01:15.990,0.82035,0.82061,2.62,1.75
2015.10.26 15:01:16.993,0.8204,0.82061,1.00,1.75
2015.10.26 15:01:17.750,0.82035,0.82061,2.62,1.75
2015.10.26 15:01:21.586,0.82032,0.82055,1.00,1.00
2015.10.26 15:01:22.381,0.82033,0.82055,1.00,1.00
2015.10.26 15:01:22.995,0.82032,0.82055,1.00,1.00
2015.10.26 15:01:24.078,0.82032,0.82058,1.75,2.25
2015.10.26 15:01:24.951,0.82032,0.82057,1.50,1.75
2015.10.26 15:01:30.202,0.82034,0.82052,1.00,1.00
2015.10.26 15:01:31.148,0.82033,0.82052,1.12,1.00
2015.10.26 15:01:35.521,0.82034,0.82058,1.00,1.75
2015.10.26 15:01:35.739,0.82036,0.82059,1.00,1.75
2015.10.26 15:01:35.941,0.82044,0.82069,1.87,1.75
2015.10.26 15:01:35.992,0.82046,0.82071,1.00,1.75
2015.10.26 15:01:36.144,0.82047,0.82072,1.75,2.25
2015.10.26 15:01:37.283,0.82047,0.82072,1.37,1.50
2015.10.26 15:01:37.809,0.82046,0.82069,1.00,1.00
2015.10.26 15:01:47.097,0.82047,0.82069,1.00,1.00
2015.10.26 15:01:47.250,0.82045,0.82069,1.50,1.00
2015.10.26 15:01:47.977,0.82046,0.82069,1.00,1.00
2015.10.26 15:01:48.634,0.82045,0.82069,1.50,1.00
2015.10.26 15:01:49.434,0.82046,0.82069,1.00,1.00
2015.10.26 15:01:51.876,0.82045,0.82069,1.50,1.00
2015.10.26 15:01:52.534,0.82046,0.82069,1.00,1.00
2015.10.26 15:01:55.146,0.8205,0.82072,1.00,1.00
2015.10.26 15:01:55.500,0.82051,0.82077,1.37,1.75
2015.10.26 15:01:55.601,0.82051,0.82077,1.50,1.75
2015.10.26 15:01:56.117,0.82053,0.82081,2.25,2.25
2015.10.26 15:01:56.636,0.82051,0.82079,3.00,1.75
2015.10.26 15:01:57.093,0.82052,0.8208,1.50,2.25
2015.10.26 15:01:57.144,0.82052,0.8208,1.75,2.25
2015.10.26 15:02:01.411,0.82056,0.82082,1.00,1.75
2015.10.26 15:02:01.464,0.82059,0.82083,1.50,1.50
2015.10.26 15:02:01.666,0.82062,0.82088,1.00,1.75
2015.10.26 15:02:01.969,0.8206,0.82087,1.50,3.00
2015.10.26 15:02:03.830,0.82065,0.82085,1.00,1.75
2015.10.26 15:02:03.931,0.82065,0.82086,1.00,1.75
2015.10.26 15:02:04.606,0.82061,0.82086,1.12,1.75
2015.10.26 15:02:04.808,0.82059,0.82087,1.87,1.75
2015.10.26 15:02:04.859,0.82059,0.82087,1.50,3.00
2015.10.26 15:02:05.556,0.82058,0.82086,1.87,1.75
2015.10.26 15:02:07.817,0.8206,0.82085,1.00,1.75
2015.10.26 15:02:07.918,0.82057,0.82084,1.50,2.25
2015.10.26 15:02:09.643,0.82058,0.82084,1.75,1.75
2015.10.26 15:02:10.148,0.82061,0.82087,1.00,1.75
2015.10.26 15:02:10.350,0.82063,0.82089,1.00,1.35
2015.10.26 15:02:10.452,0.82063,0.82089,1.12,1.35
2015.10.26 15:02:11.247,0.82064,0.82089,1.00,1.35
2015.10.26 15:02:12.410,0.82063,0.82089,1.12,1.35
2015.10.26 15:02:12.949,0.82062,0.8209,1.75,2.85
2015.10.26 15:02:14.251,0.82063,0.82086,1.00,1.00
2015.10.26 15:02:14.853,0.82062,0.82086,1.00,1.00
2015.10.26 15:02:19.566,0.82063,0.82086,1.00,1.00
2015.10.26 15:02:23.097,0.82062,0.82086,2.25,1.00
2015.10.26 15:02:25.857,0.82065,0.82086,1.00,1.00
2015.10.26 15:02:25.928,0.82062,0.82086,2.25,1.00
2015.10.26 15:02:27.706,0.82063,0.82086,1.00,1.00
2015.10.26 15:02:28.782,0.82065,0.82086,1.00,1.00
2015.10.26 15:02:29.034,0.82065,0.8209,2.25,1.35
2015.10.26 15:02:30.063,0.82066,0.82095,1.75,2.25
2015.10.26 15:02:34.320,0.82065,0.82092,2.25,2.25
2015.10.26 15:02:34.371,0.82065,0.82092,3.00,1.75
2015.10.26 15:02:35.816,0.82067,0.82094,1.00,2.25
2015.10.26 15:02:35.918,0.82067,0.82094,2.25,1.75
2015.10.26 15:02:44.333,0.8207,0.82095,1.00,1.75
2015.10.26 15:02:45.508,0.82069,0.82095,1.12,1.75
2015.10.26 15:02:46.013,0.8207,0.82095,1.00,1.75
2015.10.26 15:02:47.415,0.82069,0.82095,1.12,1.75
2015.10.26 15:02:48.886,0.8207,0.82095,1.00,1.75
2015.10.26 15:02:50.490,0.82068,0.82095,1.37,1.75
2015.10.26 15:02:52.353,0.82065,0.8209,2.25,1.00
2015.10.26 15:02:52.404,0.82065,0.8209,1.37,1.37
2015.10.26 15:02:52.454,0.82065,0.82089,1.00,1.75
2015.10.26 15:02:52.505,0.82061,0.82084,1.75,1.00
2015.10.26 15:02:52.808,0.82059,0.82083,1.00,1.75
2015.10.26 15:02:53.235,0.82057,0.82083,1.12,1.75
2015.10.26 15:02:53.537,0.8206,0.82083,1.00,1.75
2015.10.26 15:02:59.509,0.82058,0.82083,1.00,1.75
2015.10.26 15:02:59.610,0.82056,0.82083,1.50,1.75
2015.10.26 15:03:00.167,0.82057,0.82084,1.50,3.00
2015.10.26 15:03:00.485,0.8206,0.82084,1.00,2.25
2015.10.26 15:03:07.078,0.82061,0.82084,1.00,3.00
2015.10.26 15:03:07.180,0.82064,0.82088,1.00,1.35
2015.10.26 15:03:07.281,0.82065,0.82089,1.00,1.75
2015.10.26 15:03:07.764,0.82069,0.82092,1.00,1.75
2015.10.26 15:03:08.433,0.82065,0.82089,1.75,1.12
2015.10.26 15:03:09.110,0.8206,0.82084,1.00,1.75
2015.10.26 15:03:16.896,0.82059,0.82084,1.00,1.75
2015.10.26 15:03:18.052,0.82058,0.82084,1.12,1.75
2015.10.26 15:03:18.825,0.8206,0.82084,1.00,1.75
2015.10.26 15:03:21.925,0.82062,0.82086,1.00,1.75
2015.10.26 15:03:21.977,0.82062,0.82088,1.50,1.75
2015.10.26 15:03:22.601,0.82063,0.82089,1.00,1.75
2015.10.26 15:03:24.491,0.82064,0.8209,1.00,2.25
2015.10.26 15:03:24.593,0.82064,0.82091,1.12,2.25
2015.10.26 15:03:27.695,0.82065,0.8209,1.00,1.75
2015.10.26 15:03:27.998,0.82067,0.82094,1.12,2.25
2015.10.26 15:03:40.207,0.82068,0.82095,1.00,3.00
2015.10.26 15:03:40.711,0.82069,0.82095,1.00,1.75
2015.10.26 15:03:41.512,0.82069,0.82095,1.87,1.75
2015.10.26 15:03:41.714,0.82071,0.82095,1.00,1.75
2015.10.26 15:03:42.875,0.82072,0.82098,1.00,2.25
2015.10.26 15:03:42.926,0.82074,0.82099,1.50,1.75
2015.10.26 15:03:43.028,0.82079,0.821,1.50,1.00
2015.10.26 15:03:43.130,0.82079,0.82102,1.50,1.30
2015.10.26 15:03:43.692,0.82079,0.82106,1.00,1.75
2015.10.26 15:03:43.743,0.82079,0.82106,1.75,2.25
2015.10.26 15:03:44.249,0.82077,0.82104,1.87,1.75
2015.10.26 15:03:44.504,0.82075,0.821,1.37,1.75
2015.10.26 15:03:44.941,0.82075,0.82099,1.50,1.75
2015.10.26 15:03:45.554,0.82074,0.82099,1.00,1.75
2015.10.26 15:03:46.190,0.82075,0.821,1.50,1.75
2015.10.26 15:03:46.948,0.82075,0.82101,2.25,1.75
2015.10.26 15:03:47.743,0.82078,0.82102,1.00,1.35
2015.10.26 15:03:48.248,0.82077,0.82102,1.75,1.35
2015.10.26 15:03:48.725,0.82076,0.82103,2.25,2.25
2015.10.26 15:03:48.927,0.82076,0.82102,1.37,1.75
2015.10.26 15:03:48.977,0.82076,0.82102,1.12,1.75
2015.10.26 15:03:49.498,0.82077,0.82102,1.00,1.75
2015.10.26 15:03:51.350,0.82075,0.82094,1.00,1.00
2015.10.26 15:03:52.442,0.82075,0.82096,1.00,1.75
2015.10.26 15:03:53.314,0.8207,0.82096,1.50,1.75
2015.10.26 15:03:54.448,0.8207,0.82093,1.00,1.75
2015.10.26 15:04:01.686,0.82067,0.82091,1.00,1.75
2015.10.26 15:04:01.787,0.8207,0.82091,1.00,1.75
2015.10.26 15:04:04.066,0.8207,0.82092,1.00,1.75
2015.10.26 15:04:04.458,0.82066,0.82092,1.00,3.00
2015.10.26 15:04:05.244,0.82065,0.8209,1.50,1.75
2015.10.26 15:04:05.547,0.82067,0.82092,1.00,3.00
2015.10.26 15:04:05.869,0.8207,0.82092,1.00,3.00
2015.10.26 15:04:06.434,0.8207,0.82093,1.00,1.75
2015.10.26 15:04:06.934,0.8207,0.82094,1.00,2.10
2015.10.26 15:04:07.841,0.82069,0.82094,1.00,2.10
2015.10.26 15:04:08.221,0.82068,0.82092,1.00,1.75
2015.10.26 15:04:08.272,0.82066,0.82091,1.50,1.35
2015.10.26 15:04:08.323,0.82068,0.82091,1.00,1.35
2015.10.26 15:04:08.424,0.82065,0.82091,1.87,1.35
2015.10.26 15:04:08.525,0.82066,0.82091,1.12,1.75
2015.10.26 15:04:08.828,0.82065,0.82091,1.50,3.00
2015.10.26 15:04:11.342,0.82066,0.82092,1.00,1.75
2015.10.26 15:04:11.393,0.82066,0.82088,1.00,1.00
2015.10.26 15:04:11.903,0.82067,0.82088,1.00,1.00
2015.10.26 15:04:12.056,0.8207,0.82088,1.00,1.00
2015.10.26 15:04:12.880,0.8207,0.82093,1.00,1.75
2015.10.26 15:04:13.146,0.82073,0.82095,1.00,1.75
2015.10.26 15:04:13.824,0.8207,0.82098,1.50,3.00
2015.10.26 15:04:17.677,0.82071,0.82097,1.00,1.75
2015.10.26 15:04:18.605,0.8207,0.82094,1.50,1.75
2015.10.26 15:04:20.205,0.82071,0.82097,1.50,1.75
2015.10.26 15:04:23.307,0.82067,0.82093,1.50,1.75
2015.10.26 15:04:24.648,0.82065,0.82091,1.87,1.75
2015.10.26 15:04:25.150,0.82066,0.82093,1.00,1.75
2015.10.26 15:04:25.675,0.82065,0.82091,1.87,1.75
2015.10.26 15:04:26.550,0.82067,0.82093,1.00,1.75
2015.10.26 15:04:27.056,0.82068,0.82093,1.00,1.75
2015.10.26 15:04:27.587,0.82069,0.82093,1.00,1.75
2015.10.26 15:04:28.092,0.82068,0.82094,1.00,3.00
2015.10.26 15:04:28.643,0.82067,0.82094,1.50,3.00
2015.10.26 15:04:29.193,0.82066,0.82092,1.00,1.75
2015.10.26 15:04:29.740,0.82067,0.82092,1.00,1.75
2015.10.26 15:04:33.354,0.8207,0.82093,1.00,1.75
2015.10.26 15:04:33.990,0.8207,0.82093,1.00,1.75
2015.10.26 15:04:34.042,0.8207,0.82093,1.00,1.75
2015.10.26 15:04:35.413,0.82075,0.82096,1.00,2.25
2015.10.26 15:04:35.616,0.82075,0.82096,1.00,2.25
2015.10.26 15:04:37.275,0.82075,0.82096,1.00,1.75
2015.10.26 15:04:37.579,0.8207,0.82093,1.00,1.75
2015.10.26 15:04:38.512,0.82066,0.82092,1.00,1.75
2015.10.26 15:04:39.017,0.82067,0.82093,1.50,1.75
2015.10.26 15:04:39.337,0.8207,0.82095,1.00,2.85
2015.10.26 15:04:41.346,0.82071,0.82094,1.00,1.75
2015.10.26 15:04:41.498,0.82071,0.82097,1.50,1.75
2015.10.26 15:04:41.955,0.82075,0.821,1.00,1.75
2015.10.26 15:04:42.006,0.82075,0.82098,1.00,1.00
2015.10.26 15:04:44.519,0.82072,0.82099,1.50,2.25
2015.10.26 15:04:47.393,0.8207,0.82095,1.87,1.75
2015.10.26 15:04:47.446,0.8207,0.82095,1.50,1.75
2015.10.26 15:04:47.984,0.82071,0.82094,1.00,1.75
2015.10.26 15:04:48.490,0.82072,0.82097,1.00,1.75
2015.10.26 15:04:48.876,0.82072,0.82097,1.12,1.75
2015.10.26 15:04:50.623,0.82072,0.82097,1.87,1.75
2015.10.26 15:04:51.128,0.82074,0.82097,1.50,1.50
2015.10.26 15:05:05.977,0.82071,0.82097,1.75,1.50
2015.10.26 15:05:06.180,0.8207,0.82094,2.25,1.00
2015.10.26 15:05:10.782,0.82072,0.82094,1.00,1.00
2015.10.26 15:05:11.257,0.82073,0.82096,1.50,1.12
2015.10.26 15:05:11.560,0.82073,0.82094,1.50,1.00
2015.10.26 15:05:11.611,0.82073,0.82096,1.50,1.12
2015.10.26 15:05:14.436,0.82072,0.82096,1.37,1.50
2015.10.26 15:05:14.486,0.82072,0.82094,1.00,1.50
2015.10.26 15:05:15.036,0.82071,0.82093,1.12,1.12
2015.10.26 15:05:15.987,0.82069,0.82092,1.75,1.00
2015.10.26 15:05:17.616,0.8207,0.82093,1.50,1.12
2015.10.26 15:05:20.933,0.82072,0.82096,1.00,1.75
2015.10.26 15:05:21.290,0.82072,0.82096,1.50,1.12
2015.10.26 15:05:21.968,0.8207,0.82095,2.25,1.00
2015.10.26 15:05:22.379,0.8207,0.82093,1.37,1.12
2015.10.26 15:05:24.276,0.82069,0.82093,1.37,1.50
2015.10.26 15:05:24.326,0.82067,0.82093,1.12,1.75
2015.10.26 15:05:24.885,0.82068,0.82092,1.00,1.75
2015.10.26 15:05:25.396,0.82066,0.82092,1.50,1.75
2015.10.26 15:05:26.286,0.82068,0.82093,1.00,1.75
2015.10.26 15:05:27.404,0.82067,0.82092,1.12,1.75
2015.10.26 15:05:27.944,0.82068,0.82092,1.00,1.75
2015.10.26 15:05:28.583,0.82067,0.82092,1.12,1.75
2015.10.26 15:05:29.232,0.82068,0.82092,1.00,1.75
2015.10.26 15:05:30.853,0.82067,0.82092,1.12,1.75
2015.10.26 15:05:31.062,0.82067,0.82092,1.50,1.37
2015.10.26 15:05:31.113,0.8207,0.82092,1.00,1.00
2015.10.26 15:05:31.733,0.8207,0.82093,1.00,1.00
2015.10.26 15:05:32.672,0.82068,0.82092,1.37,1.37
2015.10.26 15:05:32.722,0.82067,0.82092,1.50,1.75
2015.10.26 15:05:34.873,0.82069,0.82091,1.00,1.50
2015.10.26 15:05:35.630,0.8207,0.82093,1.00,1.75
2015.10.26 15:05:42.886,0.82069,0.82092,1.00,1.75
2015.10.26 15:05:43.426,0.8207,0.82095,1.37,1.75
2015.10.26 15:05:43.477,0.8207,0.82095,1.50,1.75
2015.10.26 15:05:43.579,0.82075,0.82095,1.00,1.75
2015.10.26 15:05:44.107,0.8207,0.82095,1.50,2.25
2015.10.26 15:05:44.836,0.8207,0.82093,1.12,1.87
2015.10.26 15:05:45.817,0.82071,0.82096,1.00,1.75
2015.10.26 15:05:46.302,0.82071,0.82096,1.12,1.75
2015.10.26 15:05:49.151,0.82071,0.82095,1.00,1.75
2015.10.26 15:05:49.665,0.8207,0.82094,1.50,1.75
2015.10.26 15:05:50.779,0.8207,0.82094,1.87,1.75
2015.10.26 15:05:50.830,0.82072,0.82095,1.00,1.75
2015.10.26 15:05:51.350,0.82075,0.82095,1.00,1.75
2015.10.26 15:06:03.555,0.8208,0.82097,1.00,1.75
2015.10.26 15:06:03.656,0.8208,0.82099,1.00,1.75
2015.10.26 15:06:03.757,0.8208,0.821,1.00,1.50
2015.10.26 15:06:04.461,0.82079,0.82101,1.00,1.75
2015.10.26 15:06:04.562,0.82075,0.82099,2.25,1.72
2015.10.26 15:06:04.663,0.82075,0.82098,1.12,1.35
2015.10.26 15:06:04.916,0.8208,0.82096,1.00,1.00
2015.10.26 15:06:05.423,0.8208,0.82095,1.00,1.00
2015.10.26 15:06:05.877,0.82075,0.82095,1.00,1.00
2015.10.26 15:06:06.818,0.82075,0.82095,1.00,1.75
2015.10.26 15:06:06.969,0.82075,0.82096,1.00,1.00
2015.10.26 15:06:07.332,0.8207,0.82095,1.87,1.35
2015.10.26 15:06:12.007,0.82067,0.82092,1.50,1.37
2015.10.26 15:06:12.513,0.82066,0.82091,1.50,1.75
2015.10.26 15:06:13.612,0.8207,0.82092,1.00,1.75
2015.10.26 15:06:13.814,0.82067,0.82092,1.12,1.75
2015.10.26 15:06:24.654,0.82065,0.82088,1.50,1.37
2015.10.26 15:06:25.851,0.82062,0.82087,1.75,1.50
2015.10.26 15:06:34.164,0.82061,0.82087,1.75,1.50
2015.10.26 15:06:34.215,0.82061,0.82087,1.50,1.75
2015.10.26 15:06:36.354,0.82063,0.82087,1.00,2.10
2015.10.26 15:06:37.773,0.82064,0.82089,1.87,1.75
2015.10.26 15:06:37.824,0.82064,0.82089,2.25,1.75
2015.10.26 15:06:40.602,0.8207,0.82093,1.00,2.10
2015.10.26 15:06:42.091,0.82071,0.82095,1.00,1.75
2015.10.26 15:06:45.270,0.82076,0.82099,1.00,1.75
2015.10.26 15:06:45.623,0.82075,0.82097,1.50,1.75
2015.10.26 15:06:45.724,0.82075,0.82096,1.50,1.00
2015.10.26 15:06:45.927,0.82075,0.82098,1.50,1.75
2015.10.26 15:06:47.318,0.82077,0.82099,1.00,1.75
2015.10.26 15:06:47.571,0.82075,0.82098,1.00,1.75
2015.10.26 15:06:48.635,0.82075,0.82099,1.50,1.75
2015.10.26 15:06:49.068,0.82079,0.82102,1.00,1.75
2015.10.26 15:06:49.648,0.82076,0.82098,1.00,1.75
2015.10.26 15:06:50.173,0.82077,0.82099,1.00,3.00
2015.10.26 15:06:51.060,0.82076,0.82099,1.00,3.00
2015.10.26 15:06:51.266,0.82074,0.82097,1.50,1.75
2015.10.26 15:06:52.600,0.82076,0.82097,1.00,1.75
2015.10.26 15:06:54.263,0.82075,0.82098,1.50,1.75
2015.10.26 15:06:54.565,0.82077,0.82098,1.00,1.75
2015.10.26 15:06:55.169,0.82075,0.82098,1.00,1.75
2015.10.26 15:06:55.642,0.82075,0.82099,1.00,1.75
2015.10.26 15:06:57.784,0.82074,0.82098,1.00,1.75
2015.10.26 15:06:58.359,0.82073,0.82094,1.00,1.75
2015.10.26 15:07:00.530,0.82074,0.82095,1.00,1.75
2015.10.26 15:07:03.501,0.82073,0.82095,1.00,1.75
2015.10.26 15:07:04.125,0.82071,0.82093,1.00,3.75
2015.10.26 15:07:04.478,0.82073,0.82094,1.00,1.75
2015.10.26 15:07:05.702,0.82072,0.82093,1.00,1.75
2015.10.26 15:07:06.205,0.82071,0.82091,1.00,1.75
2015.10.26 15:07:07.314,0.8207,0.8209,1.00,1.75
2015.10.26 15:07:07.910,0.82067,0.82091,1.00,1.75
2015.10.26 15:07:08.387,0.82071,0.82091,1.00,1.75
2015.10.26 15:07:08.664,0.82069,0.82092,1.00,1.75
2015.10.26 15:07:13.013,0.82066,0.8209,1.50,1.75
2015.10.26 15:07:14.783,0.82066,0.82091,1.37,2.25
2015.10.26 15:07:14.935,0.82065,0.8209,1.00,1.75
2015.10.26 15:07:15.340,0.82061,0.82083,1.50,1.12
2015.10.26 15:07:15.721,0.82062,0.82084,1.00,1.75
2015.10.26 15:07:16.910,0.8206,0.82081,1.00,1.75
2015.10.26 15:07:18.463,0.82057,0.82079,1.00,1.75
2015.10.26 15:07:20.003,0.82052,0.82078,1.50,1.75
2015.10.26 15:07:22.908,0.82055,0.82078,1.00,1.75
2015.10.26 15:07:23.110,0.82051,0.82077,1.00,1.75
2015.10.26 15:07:23.707,0.82055,0.82078,1.00,2.25
2015.10.26 15:07:24.953,0.82055,0.8208,1.12,1.75
2015.10.26 15:07:28.810,0.82056,0.82082,1.50,1.75
2015.10.26 15:07:30.223,0.82057,0.82082,1.00,1.75
2015.10.26 15:07:30.422,0.82055,0.82082,1.87,1.75
2015.10.26 15:07:30.474,0.8206,0.82082,1.00,1.75
2015.10.26 15:07:30.929,0.8206,0.82083,1.00,2.25
2015.10.26 15:07:31.349,0.82057,0.82082,1.50,1.75
2015.10.26 15:07:35.651,0.8206,0.82081,1.00,1.50
2015.10.26 15:07:37.857,0.82055,0.82082,1.75,2.25
2015.10.26 15:07:38.371,0.82059,0.82082,1.00,1.75
2015.10.26 15:07:40.371,0.82055,0.82082,2.25,1.75
2015.10.26 15:07:40.845,0.8206,0.82083,1.00,1.75
2015.10.26 15:07:41.491,0.82057,0.82084,1.50,2.25
2015.10.26 15:07:41.783,0.8206,0.82084,1.00,2.25
2015.10.26 15:07:43.913,0.82065,0.82083,1.00,1.75
2015.10.26 15:07:43.963,0.82065,0.82083,1.00,1.37
2015.10.26 15:07:44.065,0.82065,0.8209,1.75,1.12
2015.10.26 15:07:50.122,0.82064,0.82089,2.25,1.00
2015.10.26 15:07:52.756,0.82067,0.8209,1.50,1.12
2015.10.26 15:08:03.016,0.82066,0.82091,1.50,1.12
2015.10.26 15:08:03.522,0.82068,0.82092,1.00,2.10
2015.10.26 15:08:04.265,0.82066,0.82091,1.50,1.12
2015.10.26 15:08:12.826,0.82066,0.8209,1.50,1.00
2015.10.26 15:08:13.315,0.82064,0.82089,1.50,1.37
2015.10.26 15:08:13.518,0.82065,0.82089,1.75,1.12
2015.10.26 15:08:13.619,0.82069,0.82091,1.00,1.75
2015.10.26 15:08:14.350,0.82069,0.82089,1.00,1.37
2015.10.26 15:08:14.451,0.82065,0.82089,1.00,2.25
2015.10.26 15:08:14.603,0.8207,0.82089,1.00,1.75
2015.10.26 15:08:16.145,0.82065,0.8209,1.00,1.75
2015.10.26 15:08:17.094,0.8207,0.8209,1.00,1.75
2015.10.26 15:08:25.160,0.82069,0.8209,1.00,1.75
2015.10.26 15:08:25.793,0.8207,0.82091,1.00,1.75
2015.10.26 15:08:26.047,0.82065,0.82089,1.00,2.25
2015.10.26 15:08:28.090,0.8207,0.82089,1.00,1.75
2015.10.26 15:08:30.159,0.8207,0.82089,1.00,1.75
2015.10.26 15:08:30.312,0.82064,0.82086,1.12,1.67
2015.10.26 15:08:30.851,0.82065,0.82087,1.00,2.25
2015.10.26 15:08:33.569,0.82065,0.82082,1.00,1.12
2015.10.26 15:08:33.624,0.82056,0.82081,1.75,1.00
2015.10.26 15:08:33.675,0.82056,0.82081,1.75,1.37
2015.10.26 15:08:33.776,0.82054,0.8208,2.25,1.50
2015.10.26 15:08:38.356,0.8206,0.8208,1.00,1.50
2015.10.26 15:08:43.287,0.82059,0.82083,1.00,2.25
2015.10.26 15:08:44.106,0.82059,0.82083,1.37,1.75
2015.10.26 15:08:44.696,0.82064,0.82084,1.00,2.25
2015.10.26 15:08:46.759,0.82066,0.8209,1.12,1.75
2015.10.26 15:08:48.704,0.82066,0.82093,1.87,1.75
2015.10.26 15:08:48.754,0.82066,0.82093,2.25,1.75
2015.10.26 15:08:49.272,0.8207,0.82092,1.00,1.50
2015.10.26 15:08:50.626,0.82075,0.82095,1.00,1.37
2015.10.26 15:08:50.676,0.82075,0.82096,1.00,1.50
2015.10.26 15:08:51.529,0.82072,0.82097,1.12,1.75
2015.10.26 15:08:51.915,0.82074,0.82098,1.50,1.75
2015.10.26 15:08:51.966,0.82074,0.82098,2.25,1.50
2015.10.26 15:08:52.263,0.82075,0.821,1.50,1.37
2015.10.26 15:08:52.314,0.82075,0.82101,1.75,1.50
2015.10.26 15:08:53.509,0.8208,0.82101,1.00,1.50
2015.10.26 15:08:53.610,0.82075,0.82101,1.75,1.50
2015.10.26 15:08:53.831,0.8208,0.82101,1.00,1.50
2015.10.26 15:08:54.034,0.8208,0.82103,1.75,1.12
2015.10.26 15:08:56.396,0.82081,0.82105,1.75,1.00
2015.10.26 15:08:57.368,0.82081,0.82106,1.75,1.12
2015.10.26 15:08:58.076,0.82083,0.82108,1.75,1.37
2015.10.26 15:08:58.128,0.82085,0.82108,2.25,1.00
2015.10.26 15:08:58.656,0.82087,0.82112,1.50,1.75
2015.10.26 15:09:00.822,0.82088,0.82113,1.75,1.50
2015.10.26 15:09:01.906,0.82087,0.82111,1.75,1.00
2015.10.26 15:09:02.209,0.82087,0.82113,1.12,1.75
2015.10.26 15:09:12.033,0.82081,0.82108,1.75,1.75
2015.10.26 15:09:12.539,0.8208,0.82105,1.75,1.00
2015.10.26 15:09:12.741,0.8208,0.82105,1.50,1.75
2015.10.26 15:09:14.525,0.82078,0.82103,1.50,1.50
2015.10.26 15:09:14.576,0.82078,0.82103,1.50,1.75
2015.10.26 15:09:19.472,0.8208,0.82102,1.00,1.75
2015.10.26 15:09:25.260,0.8208,0.821,1.00,1.50
2015.10.26 15:09:25.312,0.82075,0.82101,1.12,2.25
2015.10.26 15:09:26.566,0.82081,0.82106,1.12,1.75
2015.10.26 15:09:26.870,0.82082,0.82107,1.75,1.50
2015.10.26 15:09:28.129,0.82082,0.82108,1.37,1.75
2015.10.26 15:09:28.281,0.82081,0.82106,1.12,1.75
2015.10.26 15:09:31.097,0.82083,0.82108,1.00,1.75
2015.10.26 15:09:31.400,0.82085,0.82108,1.00,1.75
2015.10.26 15:09:32.006,0.82085,0.82109,1.87,1.50
2015.10.26 15:09:32.498,0.8209,0.82112,1.00,1.75
2015.10.26 15:09:32.600,0.8209,0.8211,1.00,1.00
2015.10.26 15:09:33.054,0.82091,0.82116,1.37,3.60
2015.10.26 15:09:33.105,0.82091,0.82113,1.75,1.35
2015.10.26 15:09:33.307,0.82091,0.82116,1.75,1.50
2015.10.26 15:09:37.732,0.82094,0.82118,1.00,1.75
2015.10.26 15:09:38.248,0.82095,0.82117,1.00,1.75
2015.10.26 15:09:38.636,0.8209,0.82117,3.75,1.75
2015.10.26 15:09:38.988,0.8209,0.82117,1.87,2.25
2015.10.26 15:09:39.039,0.8209,0.82116,1.12,1.75
2015.10.26 15:09:40.288,0.8209,0.82116,1.50,1.50
2015.10.26 15:09:40.339,0.8209,0.82116,1.75,1.50
2015.10.26 15:09:40.598,0.82095,0.82117,1.00,1.75
2015.10.26 15:09:40.699,0.82093,0.82117,1.75,1.12
2015.10.26 15:09:53.898,0.82096,0.82122,1.50,1.72
2015.10.26 15:09:53.949,0.82097,0.82124,2.25,1.75
2015.10.26 15:09:56.731,0.82097,0.82121,1.75,1.00
2015.10.26 15:09:56.882,0.82096,0.8212,1.00,1.00
2015.10.26 15:09:58.318,0.82096,0.82121,1.50,1.37
2015.10.26 15:09:59.208,0.82099,0.82121,1.00,1.00
2015.10.26 15:10:00.285,0.82099,0.82122,1.00,1.50
2015.10.26 15:10:00.663,0.82095,0.8212,2.25,1.75
2015.10.26 15:10:01.949,0.821,0.82123,1.00,2.25
2015.10.26 15:10:02.505,0.821,0.82123,1.50,1.50
2015.10.26 15:10:02.656,0.82096,0.82121,1.37,1.50
2015.10.26 15:10:02.707,0.821,0.82123,1.00,1.50
2015.10.26 15:10:03.185,0.82097,0.82124,2.25,1.75
2015.10.26 15:10:03.994,0.821,0.82124,2.25,1.37
2015.10.26 15:10:04.095,0.821,0.82124,1.75,1.00
2015.10.26 15:10:04.938,0.821,0.82127,2.25,2.25
2015.10.26 15:10:08.971,0.82106,0.82128,1.00,1.75
2015.10.26 15:10:09.382,0.82109,0.82131,1.50,1.00
2015.10.26 15:10:09.438,0.82109,0.82131,2.25,1.00
2015.10.26 15:10:10.195,0.8211,0.82136,2.25,1.50
2015.10.26 15:10:10.300,0.8211,0.82135,1.37,2.10
2015.10.26 15:10:10.763,0.8211,0.82134,1.12,1.75
2015.10.26 15:10:10.918,0.82109,0.82135,1.75,1.72
2015.10.26 15:10:11.019,0.82109,0.82135,1.75,1.87
2015.10.26 15:10:11.070,0.82109,0.82132,1.75,1.00
2015.10.26 15:10:11.121,0.82109,0.82132,1.75,1.00
2015.10.26 15:10:11.954,0.82109,0.82132,1.37,1.37
2015.10.26 15:10:12.005,0.82109,0.82132,1.00,1.75
2015.10.26 15:10:12.523,0.82103,0.8213,1.75,2.25
2015.10.26 15:10:12.624,0.82105,0.82128,1.50,1.50
2015.10.26 15:10:21.191,0.8211,0.8213,1.00,1.75
2015.10.26 15:10:22.025,0.8211,0.82133,1.00,1.75
2015.10.26 15:10:22.631,0.82109,0.82134,1.12,1.75
2015.10.26 15:10:25.590,0.8211,0.82134,1.00,2.25
2015.10.26 15:10:26.800,0.82109,0.82134,1.12,1.75
2015.10.26 15:10:27.308,0.8211,0.82134,1.00,1.75
2015.10.26 15:10:28.445,0.8211,0.82129,1.00,1.12
2015.10.26 15:10:28.546,0.82105,0.82129,1.00,1.50
2015.10.26 15:10:29.806,0.82105,0.82128,1.00,1.00
2015.10.26 15:10:31.599,0.82105,0.82129,1.00,1.00
2015.10.26 15:10:38.817,0.82105,0.82131,2.25,1.87
2015.10.26 15:10:38.885,0.8211,0.82135,1.12,1.75
2015.10.26 15:10:39.037,0.8211,0.82135,2.25,1.37
2015.10.26 15:10:41.788,0.8211,0.82132,1.37,1.00
2015.10.26 15:10:41.839,0.8211,0.82132,1.12,1.12
2015.10.26 15:10:41.941,0.8211,0.8213,1.12,1.00
2015.10.26 15:10:42.387,0.82109,0.82132,1.37,1.12
2015.10.26 15:10:44.374,0.82105,0.82132,3.00,1.75
2015.10.26 15:10:45.647,0.8211,0.82133,1.00,1.75
2015.10.26 15:10:45.799,0.8211,0.82134,1.12,1.75
2015.10.26 15:10:50.963,0.8211,0.82138,1.37,2.25
2015.10.26 15:10:51.557,0.8211,0.82138,1.75,1.75
2015.10.26 15:10:51.812,0.82115,0.8214,1.12,1.75
2015.10.26 15:10:55.723,0.8211,0.82136,1.75,1.00
2015.10.26 15:10:56.151,0.8211,0.82136,1.75,2.25
2015.10.26 15:10:56.818,0.8211,0.82133,1.75,1.00
2015.10.26 15:11:00.234,0.8211,0.82136,1.75,1.75
2015.10.26 15:11:00.390,0.82115,0.82136,1.00,1.75
2015.10.26 15:11:01.232,0.82114,0.82141,1.50,1.75
2015.10.26 15:11:01.737,0.82115,0.82139,1.00,1.75
2015.10.26 15:11:02.350,0.82118,0.82142,1.00,3.00
2015.10.26 15:11:02.401,0.82118,0.82144,1.00,1.75
2015.10.26 15:11:02.452,0.8212,0.82144,1.00,1.75
2015.10.26 15:11:02.503,0.8212,0.82144,1.12,1.75
2015.10.26 15:11:09.000,0.8212,0.82145,1.87,1.50
2015.10.26 15:11:09.051,0.8212,0.82145,2.25,1.12
2015.10.26 15:11:09.152,0.82125,0.82148,1.00,1.75
2015.10.26 15:11:09.631,0.82125,0.82149,1.50,1.50
2015.10.26 15:11:10.161,0.8212,0.82147,3.00,1.00
2015.10.26 15:11:11.424,0.82121,0.82148,1.75,1.12
2015.10.26 15:11:14.050,0.8212,0.82147,3.00,1.00
2015.10.26 15:11:17.975,0.82125,0.82146,1.50,1.00
2015.10.26 15:11:19.998,0.82125,0.82147,1.50,1.00
2015.10.26 15:11:20.504,0.82125,0.82151,2.25,1.75
2015.10.26 15:11:20.939,0.82127,0.82154,1.50,1.75
2015.10.26 15:11:21.458,0.8213,0.82153,1.00,2.25
2015.10.26 15:11:21.761,0.8213,0.82155,1.75,1.75
2015.10.26 15:11:24.923,0.82126,0.82154,1.75,1.50
2015.10.26 15:11:24.974,0.82126,0.82152,1.75,1.50
2015.10.26 15:11:27.434,0.82125,0.8215,1.75,1.00
2015.10.26 15:11:27.847,0.82125,0.82151,1.75,1.75
2015.10.26 15:11:29.236,0.82125,0.82151,2.25,1.50
2015.10.26 15:11:29.287,0.82126,0.82151,1.75,1.12
2015.10.26 15:11:31.511,0.8213,0.82153,1.00,1.75
2015.10.26 15:11:32.861,0.8213,0.82151,1.00,1.75
2015.10.26 15:11:32.912,0.82125,0.82151,2.25,1.75
2015.10.26 15:11:33.063,0.82125,0.82151,1.00,1.75
2015.10.26 15:11:34.045,0.82124,0.8215,1.12,2.25
2015.10.26 15:11:34.470,0.82125,0.82147,1.00,2.25
2015.10.26 15:11:34.723,0.8212,0.82143,1.75,1.12
2015.10.26 15:11:35.274,0.82125,0.82147,1.12,1.12
2015.10.26 15:11:39.325,0.8212,0.82146,1.75,1.00
2015.10.26 15:11:39.697,0.82121,0.82145,1.00,1.50
2015.10.26 15:11:39.748,0.8212,0.82144,1.00,1.75
2015.10.26 15:11:41.040,0.82116,0.82143,1.50,1.75
2015.10.26 15:11:41.091,0.82115,0.82142,2.25,1.75
2015.10.26 15:11:44.188,0.82117,0.82144,1.75,2.25
2015.10.26 15:11:44.727,0.8212,0.82144,1.00,1.75
2015.10.26 15:11:51.070,0.8212,0.82144,1.87,1.37
2015.10.26 15:11:51.121,0.82125,0.82146,1.00,1.00
2015.10.26 15:11:53.639,0.82122,0.82146,1.00,1.00
2015.10.26 15:11:54.091,0.82125,0.82146,1.00,1.00
2015.10.26 15:11:55.124,0.82122,0.82146,1.00,1.00
2015.10.26 15:11:55.857,0.82122,0.82145,1.00,1.00
2015.10.26 15:11:55.908,0.8212,0.82145,1.00,1.75
2015.10.26 15:11:56.645,0.82121,0.82148,1.00,2.25
2015.10.26 15:11:56.948,0.82124,0.82149,1.75,1.50
2015.10.26 15:11:57.837,0.8213,0.8215,1.00,1.75
2015.10.26 15:11:59.014,0.82126,0.82153,1.87,1.75
2015.10.26 15:11:59.338,0.8213,0.82152,1.00,1.75
2015.10.26 15:12:00.387,0.82125,0.82148,1.50,1.12
2015.10.26 15:12:00.924,0.82125,0.82147,1.50,1.00
2015.10.26 15:12:01.448,0.82121,0.82148,1.75,1.12
2015.10.26 15:12:01.886,0.8212,0.82145,2.25,1.00
2015.10.26 15:12:03.443,0.82125,0.82147,1.50,1.00
2015.10.26 15:12:03.998,0.82125,0.82148,1.50,1.12
2015.10.26 15:12:05.947,0.82121,0.82148,1.75,2.25
2015.10.26 15:12:07.139,0.8212,0.82145,1.12,1.75
2015.10.26 15:12:09.755,0.8212,0.82146,1.00,3.00
2015.10.26 15:12:13.624,0.8212,0.82141,1.00,2.25
2015.10.26 15:12:13.675,0.82115,0.82141,1.50,2.25
2015.10.26 15:12:14.079,0.8212,0.8214,1.00,1.75
2015.10.26 15:12:15.100,0.82115,0.82141,1.50,1.75
2015.10.26 15:12:15.726,0.8212,0.82141,1.00,1.75
2015.10.26 15:12:16.871,0.82116,0.82141,1.00,1.75
2015.10.26 15:12:17.188,0.8212,0.82142,1.00,1.75
2015.10.26 15:12:18.264,0.82113,0.8213,1.00,1.00
2015.10.26 15:12:18.365,0.8211,0.82129,1.00,1.75
2015.10.26 15:12:19.574,0.8211,0.82132,1.00,1.75
2015.10.26 15:12:22.808,0.82109,0.82133,1.00,2.25
2015.10.26 15:12:24.750,0.8211,0.82134,1.00,1.75
2015.10.26 15:12:24.903,0.8211,0.82136,1.50,1.75
2015.10.26 15:12:26.312,0.82115,0.82137,1.00,1.75
2015.10.26 15:12:27.470,0.82115,0.82139,1.12,1.75
2015.10.26 15:12:27.722,0.82117,0.82141,1.00,1.35
2015.10.26 15:12:27.874,0.8212,0.82144,1.12,1.35
2015.10.26 15:12:29.227,0.82122,0.82147,1.00,1.75
2015.10.26 15:12:29.530,0.82125,0.82148,1.00,1.75
2015.10.26 15:12:34.128,0.8212,0.82145,1.12,1.75
2015.10.26 15:12:34.179,0.8212,0.82145,1.00,2.25
2015.10.26 15:12:38.838,0.82119,0.82144,1.00,1.75
2015.10.26 15:12:39.848,0.8212,0.82144,1.00,1.75
2015.10.26 15:12:44.513,0.8212,0.82135,1.00,1.00
2015.10.26 15:12:44.616,0.8212,0.82141,1.12,1.00
2015.10.26 15:12:45.226,0.82118,0.82144,1.75,1.75
2015.10.26 15:12:50.946,0.82118,0.82141,1.75,1.12
2015.10.26 15:12:56.716,0.82122,0.82146,1.00,1.75
2015.10.26 15:12:56.772,0.8212,0.82146,1.12,2.25
2015.10.26 15:12:58.063,0.82121,0.82143,1.00,1.75
2015.10.26 15:12:58.667,0.82121,0.82143,1.50,1.00
2015.10.26 15:12:58.768,0.82125,0.82146,1.00,1.75
2015.10.26 15:12:59.498,0.82125,0.82148,1.12,2.25
2015.10.26 15:12:59.650,0.82125,0.82147,1.00,1.75
2015.10.26 15:12:59.751,0.82125,0.82148,1.12,1.50
2015.10.26 15:13:00.355,0.82128,0.82152,1.50,1.75
2015.10.26 15:13:01.384,0.82125,0.82146,1.00,2.25
2015.10.26 15:13:03.826,0.8212,0.82145,1.87,1.50
2015.10.26 15:13:04.430,0.8212,0.82142,1.37,1.00
2015.10.26 15:13:04.531,0.8212,0.82143,1.37,2.25
2015.10.26 15:13:04.633,0.82116,0.82143,1.87,3.00
2015.10.26 15:13:11.140,0.82117,0.82141,1.00,1.75
2015.10.26 15:13:11.695,0.82116,0.82141,1.12,1.75
2015.10.26 15:13:12.723,0.82117,0.82141,1.00,1.75
2015.10.26 15:13:14.975,0.82116,0.82141,1.12,1.75
2015.10.26 15:13:16.560,0.82117,0.82142,1.00,1.75
2015.10.26 15:13:20.037,0.82116,0.82141,1.12,1.75
2015.10.26 15:13:20.805,0.82117,0.82141,1.00,1.75
2015.10.26 15:13:21.434,0.82116,0.82141,1.12,1.75
2015.10.26 15:13:21.845,0.82118,0.82143,1.00,2.25
2015.10.26 15:13:22.197,0.8212,0.82142,1.00,1.75
2015.10.26 15:13:26.551,0.82116,0.82141,1.50,1.75
2015.10.26 15:13:31.307,0.82115,0.82138,1.00,1.75
2015.10.26 15:13:31.459,0.82115,0.82139,1.75,1.12
2015.10.26 15:13:32.001,0.82115,0.82138,1.75,1.00
2015.10.26 15:13:32.254,0.82114,0.82137,1.50,1.37
2015.10.26 15:13:32.715,0.82109,0.82136,2.25,1.87
2015.10.26 15:13:33.220,0.82111,0.82135,1.75,1.00
2015.10.26 15:13:34.210,0.8211,0.82135,1.75,1.87
2015.10.26 15:13:34.261,0.8211,0.82135,1.75,2.25
2015.10.26 15:13:40.546,0.82114,0.82139,1.00,1.75
2015.10.26 15:13:40.647,0.82114,0.8214,1.75,2.25
2015.10.26 15:13:58.119,0.82113,0.82138,1.50,2.25
2015.10.26 15:13:58.170,0.82113,0.82138,1.50,2.25
2015.10.26 15:14:00.723,0.82116,0.82138,1.37,1.37
2015.10.26 15:14:00.774,0.82116,0.82141,1.37,1.50
2015.10.26 15:14:05.656,0.8212,0.82141,1.00,1.50
2015.10.26 15:14:07.342,0.82115,0.82141,3.00,1.50
2015.10.26 15:14:08.367,0.8212,0.82141,1.00,1.50
2015.10.26 15:14:13.243,0.82114,0.8213,1.00,1.75
2015.10.26 15:14:13.294,0.8211,0.82132,1.00,2.25
2015.10.26 15:14:13.801,0.82109,0.8213,1.00,2.25
2015.10.26 15:14:14.390,0.8211,0.82128,1.00,1.50
2015.10.26 15:14:14.542,0.82105,0.82128,1.87,1.50
2015.10.26 15:14:14.969,0.82105,0.82126,1.12,1.37
2015.10.26 15:14:15.638,0.82105,0.82124,1.00,1.37
2015.10.26 15:14:15.941,0.82105,0.82123,1.00,1.75
2015.10.26 15:14:24.000,0.82105,0.82123,1.00,1.00
2015.10.26 15:14:26.168,0.82105,0.82125,1.00,1.12
2015.10.26 15:14:26.981,0.82105,0.82125,1.00,1.50
2015.10.26 15:14:27.486,0.82105,0.82123,1.00,1.50
2015.10.26 15:14:28.947,0.8211,0.82125,1.00,1.12
2015.10.26 15:14:29.626,0.82104,0.82125,1.00,1.12
2015.10.26 15:14:30.307,0.8211,0.82125,1.00,1.12
2015.10.26 15:14:31.393,0.8211,0.82132,1.00,2.25
2015.10.26 15:14:31.696,0.8211,0.82135,1.75,1.12
2015.10.26 15:14:31.797,0.82111,0.82135,1.75,1.00
2015.10.26 15:14:32.221,0.82115,0.8214,1.37,2.25
2015.10.26 15:14:33.939,0.82115,0.82139,1.37,1.75
2015.10.26 15:14:34.477,0.82115,0.82139,1.00,1.75
2015.10.26 15:14:34.730,0.82115,0.82139,2.25,1.00
2015.10.26 15:14:35.292,0.8211,0.82132,1.00,1.50
2015.10.26 15:14:35.504,0.8211,0.82132,1.00,1.50
2015.10.26 15:14:35.605,0.8211,0.82132,1.00,1.75
2015.10.26 15:14:36.660,0.8211,0.82131,1.00,1.75
2015.10.26 15:14:37.172,0.82109,0.82131,1.00,1.75
2015.10.26 15:14:37.899,0.82109,0.82128,1.00,1.75
2015.10.26 15:14:37.952,0.82105,0.82128,1.00,1.75
2015.10.26 15:14:48.881,0.82105,0.82126,1.00,1.75
2015.10.26 15:14:53.166,0.82101,0.82123,1.00,1.75
2015.10.26 15:14:53.957,0.821,0.82123,1.00,1.75
2015.10.26 15:14:57.052,0.821,0.82118,1.00,1.50
2015.10.26 15:14:57.254,0.8209,0.82112,1.00,1.37
2015.10.26 15:14:57.557,0.82087,0.82112,1.50,1.97
2015.10.26 15:14:58.297,0.82087,0.82112,2.25,1.87
2015.10.26 15:14:59.520,0.82091,0.82115,1.75,1.50
2015.10.26 15:15:04.118,0.82095,0.82114,1.00,1.37
2015.10.26 15:15:04.639,0.82095,0.82116,1.00,1.12
2015.10.26 15:15:04.790,0.82095,0.82115,1.00,1.37
2015.10.26 15:15:05.605,0.82095,0.82114,1.00,1.50
2015.10.26 15:15:05.917,0.82091,0.82113,1.12,1.12
2015.10.26 15:15:06.127,0.82095,0.82114,1.00,1.50
2015.10.26 15:15:09.948,0.82095,0.82116,1.00,1.12
2015.10.26 15:15:10.049,0.82095,0.82116,1.00,1.75
2015.10.26 15:15:10.632,0.82095,0.82113,1.00,1.00
2015.10.26 15:15:11.289,0.82095,0.82112,1.00,1.00
2015.10.26 15:15:11.339,0.8209,0.82112,1.12,1.00
2015.10.26 15:15:11.390,0.8209,0.82114,1.12,1.12
2015.10.26 15:15:11.961,0.82091,0.82114,1.00,1.12
2015.10.26 15:15:15.517,0.82095,0.82115,1.00,1.50
2015.10.26 15:15:18.153,0.8209,0.82115,1.87,2.25
2015.10.26 15:15:18.305,0.8209,0.82108,1.12,2.47
2015.10.26 15:15:18.406,0.82086,0.82104,1.00,1.30
2015.10.26 15:15:18.508,0.82085,0.82102,1.12,1.00
2015.10.26 15:15:18.609,0.82081,0.82102,1.00,1.37
2015.10.26 15:15:19.522,0.8208,0.821,1.00,1.50
2015.10.26 15:15:29.377,0.82079,0.82101,1.00,2.25
2015.10.26 15:15:29.579,0.82076,0.82101,1.50,2.10
2015.10.26 15:15:30.561,0.82077,0.82102,1.75,2.47
2015.10.26 15:15:31.421,0.82077,0.821,1.75,1.00
2015.10.26 15:15:31.929,0.82078,0.82102,2.25,1.12
2015.10.26 15:15:32.334,0.82076,0.82102,1.75,1.00
2015.10.26 15:15:33.277,0.82079,0.82102,1.00,1.00
2015.10.26 15:15:33.832,0.82079,0.82103,1.00,1.50
2015.10.26 15:15:34.345,0.82079,0.82102,1.00,1.00
2015.10.26 15:15:34.933,0.82079,0.82103,1.00,1.50
2015.10.26 15:15:36.656,0.82079,0.82102,1.00,1.00
2015.10.26 15:15:37.333,0.82079,0.82103,1.00,2.25
2015.10.26 15:15:38.854,0.82079,0.82102,1.00,1.00
2015.10.26 15:15:39.470,0.82079,0.82103,1.00,1.50
2015.10.26 15:15:40.511,0.8208,0.82103,1.00,1.50
2015.10.26 15:15:41.411,0.82079,0.82103,1.00,1.50
2015.10.26 15:15:41.966,0.82079,0.82102,1.00,1.00
2015.10.26 15:15:43.069,0.82079,0.82103,1.00,1.50
2015.10.26 15:15:43.659,0.82079,0.82102,1.00,1.00
2015.10.26 15:15:44.837,0.82079,0.82103,1.00,1.50
2015.10.26 15:15:53.177,0.82079,0.82102,1.00,1.00
2015.10.26 15:15:53.731,0.82078,0.82102,1.75,1.50
2015.10.26 15:15:57.444,0.82082,0.82107,1.00,1.75
2015.10.26 15:15:57.985,0.82081,0.82105,1.00,1.75
2015.10.26 15:16:00.205,0.8208,0.82105,1.87,1.75
2015.10.26 15:16:01.144,0.82081,0.82105,1.00,1.75
2015.10.26 15:16:01.863,0.82083,0.82105,1.00,1.75
2015.10.26 15:16:01.914,0.82083,0.82106,1.00,1.75
2015.10.26 15:16:01.965,0.82083,0.82106,1.37,1.37
2015.10.26 15:16:02.066,0.82085,0.82109,1.12,1.50
2015.10.26 15:16:03.149,0.82086,0.82109,1.37,1.00
2015.10.26 15:16:04.128,0.8209,0.82113,1.00,1.75
2015.10.26 15:16:04.672,0.82089,0.82114,1.00,1.75
2015.10.26 15:16:05.180,0.82088,0.82112,1.12,1.75
2015.10.26 15:16:07.719,0.82089,0.82113,1.00,1.75
2015.10.26 15:16:08.348,0.8209,0.82114,1.00,1.75
2015.10.26 15:16:10.075,0.82089,0.82115,1.00,1.75
2015.10.26 15:16:10.865,0.82088,0.82113,1.50,3.00
2015.10.26 15:16:10.974,0.82085,0.8211,2.25,1.75
2015.10.26 15:16:11.379,0.82082,0.82107,1.72,2.25
2015.10.26 15:16:12.119,0.82081,0.82108,1.72,1.75
2015.10.26 15:16:12.653,0.82083,0.82108,1.00,1.75
2015.10.26 15:16:13.833,0.8208,0.82106,1.87,2.25
2015.10.26 15:16:15.520,0.82081,0.82105,1.00,2.25
2015.10.26 15:16:17.288,0.82079,0.82104,1.00,1.75
2015.10.26 15:16:17.782,0.82081,0.82105,1.00,3.00
2015.10.26 15:16:19.065,0.8208,0.82105,1.00,1.75
2015.10.26 15:16:19.476,0.82084,0.82108,1.00,2.25
2015.10.26 15:16:19.527,0.82084,0.82109,1.00,3.00
2015.10.26 15:16:20.452,0.82081,0.82106,1.00,1.75
2015.10.26 15:16:20.977,0.8208,0.82106,2.62,1.75
2015.10.26 15:16:21.507,0.82081,0.82105,1.00,1.75
2015.10.26 15:16:21.810,0.8208,0.82105,1.00,2.25
2015.10.26 15:16:22.417,0.82078,0.82103,1.50,1.75
2015.10.26 15:16:23.075,0.82077,0.82103,1.12,1.75
2015.10.26 15:16:24.101,0.82078,0.82103,1.12,1.75
2015.10.26 15:16:24.151,0.8208,0.82105,1.00,3.00
2015.10.26 15:16:24.655,0.82078,0.82102,1.50,1.50
2015.10.26 15:16:24.958,0.82081,0.82105,1.50,1.75
2015.10.26 15:16:27.791,0.8208,0.82105,1.00,1.75
2015.10.26 15:16:27.892,0.8208,0.82105,1.75,1.50
2015.10.26 15:16:28.698,0.82084,0.8211,1.37,2.25
2015.10.26 15:16:28.757,0.82084,0.8211,1.50,2.25
2015.10.26 15:16:31.429,0.82086,0.8211,1.00,2.25
2015.10.26 15:16:35.037,0.82084,0.82109,2.25,1.75
2015.10.26 15:16:36.125,0.82083,0.82105,1.87,1.37
2015.10.26 15:16:36.570,0.82081,0.82105,1.87,1.75
2015.10.26 15:16:37.114,0.82082,0.82105,1.00,1.75
2015.10.26 15:16:37.317,0.82082,0.821,1.00,1.00
2015.10.26 15:16:38.152,0.82081,0.821,1.87,1.00
2015.10.26 15:16:39.657,0.82081,0.82105,1.87,1.75
2015.10.26 15:16:39.708,0.82082,0.82105,1.00,1.75
2015.10.26 15:16:40.281,0.82081,0.821,1.00,1.12
2015.10.26 15:16:41.097,0.8208,0.821,1.00,1.12
2015.10.26 15:16:41.677,0.82081,0.821,1.00,1.12
2015.10.26 15:16:41.887,0.82079,0.821,1.87,1.12
2015.10.26 15:16:44.413,0.82081,0.821,1.00,1.12
2015.10.26 15:16:44.917,0.8208,0.821,1.00,1.12
2015.10.26 15:16:45.759,0.82079,0.821,1.87,1.12
2015.10.26 15:16:46.326,0.8208,0.821,1.00,1.12
2015.10.26 15:16:47.823,0.82079,0.821,1.12,1.12
2015.10.26 15:16:48.459,0.8208,0.821,1.00,1.12
2015.10.26 15:16:49.989,0.82081,0.82105,1.00,1.75
2015.10.26 15:16:50.501,0.82083,0.82105,1.00,1.75
2015.10.26 15:16:51.030,0.82082,0.82105,1.00,1.75
2015.10.26 15:16:52.467,0.8208,0.82105,2.25,1.75
2015.10.26 15:16:53.049,0.82082,0.82105,1.00,1.75
2015.10.26 15:16:54.415,0.82082,0.82095,1.00,1.37
2015.10.26 15:16:54.465,0.82068,0.82091,2.25,1.00
2015.10.26 15:16:54.566,0.82068,0.82091,1.37,1.37
2015.10.26 15:16:54.617,0.82066,0.82091,1.87,2.25
2015.10.26 15:16:58.470,0.82065,0.8209,1.12,1.75
2015.10.26 15:16:59.086,0.82062,0.82087,1.12,1.75
2015.10.26 15:16:59.732,0.82061,0.82086,1.00,1.75
2015.10.26 15:16:59.884,0.8206,0.82085,1.50,1.75
2015.10.26 15:17:00.428,0.82059,0.82084,1.00,2.25
2015.10.26 15:17:00.934,0.82058,0.82082,1.00,1.75
2015.10.26 15:17:02.274,0.82057,0.82082,1.12,2.25
2015.10.26 15:17:02.906,0.82055,0.82081,1.87,1.75
2015.10.26 15:17:03.632,0.82055,0.82079,1.00,1.75
2015.10.26 15:17:05.542,0.82057,0.8208,1.00,1.75
2015.10.26 15:17:05.643,0.82058,0.8208,1.00,1.37
2015.10.26 15:17:06.635,0.82056,0.82081,1.37,2.25
2015.10.26 15:17:06.898,0.82056,0.8208,1.00,1.37
2015.10.26 15:17:07.284,0.82054,0.82074,1.50,1.00
2015.10.26 15:17:07.867,0.82054,0.82075,1.00,1.50
2015.10.26 15:17:08.355,0.82054,0.82076,1.50,1.12
2015.10.26 15:17:09.911,0.82054,0.82075,1.50,1.00
2015.10.26 15:17:10.414,0.82053,0.82074,1.75,1.00
2015.10.26 15:17:12.585,0.82053,0.82075,1.75,1.00
2015.10.26 15:17:13.089,0.82053,0.8208,1.75,1.75
2015.10.26 15:17:15.457,0.82062,0.82082,1.00,1.00
2015.10.26 15:17:15.558,0.82061,0.82085,1.50,1.50
2015.10.26 15:17:16.011,0.82061,0.82085,1.12,1.50
2015.10.26 15:17:16.112,0.82059,0.82085,1.00,1.75
2015.10.26 15:17:16.999,0.82057,0.82081,1.50,1.50
2015.10.26 15:17:17.353,0.8206,0.82084,1.00,1.75
2015.10.26 15:17:18.234,0.82061,0.82084,1.00,1.75
2015.10.26 15:17:18.739,0.8206,0.82083,1.00,1.75
2015.10.26 15:17:18.992,0.82057,0.82081,1.50,1.50
2015.10.26 15:17:20.094,0.8206,0.82085,1.00,3.00
2015.10.26 15:17:20.650,0.82058,0.82084,1.12,1.75
2015.10.26 15:17:21.024,0.8206,0.82085,1.00,2.25
2015.10.26 15:17:21.667,0.82059,0.82081,1.00,1.50
2015.10.26 15:17:22.710,0.82058,0.82081,1.12,1.50
2015.10.26 15:17:23.365,0.82059,0.82084,1.00,1.75
2015.10.26 15:17:24.388,0.82059,0.82085,1.37,2.25
2015.10.26 15:17:24.438,0.82059,0.82085,1.75,2.25
2015.10.26 15:17:25.340,0.82062,0.82086,1.00,2.25
2015.10.26 15:17:25.880,0.82063,0.82087,1.00,1.75
2015.10.26 15:17:26.233,0.82065,0.8209,1.00,2.25
2015.10.26 15:17:26.653,0.82065,0.8209,1.87,2.25
2015.10.26 15:17:27.162,0.82066,0.8209,1.00,1.75
2015.10.26 15:17:27.693,0.82064,0.8209,1.50,2.25
2015.10.26 15:17:28.654,0.82064,0.82086,1.50,1.00
2015.10.26 15:17:28.705,0.82062,0.82086,1.72,1.37
2015.10.26 15:17:28.755,0.82062,0.82086,1.35,1.75
2015.10.26 15:17:30.095,0.82063,0.82088,1.50,1.75
2015.10.26 15:17:30.499,0.8206,0.82085,2.25,1.75
2015.10.26 15:17:33.288,0.82062,0.82087,1.00,3.00
2015.10.26 15:17:33.754,0.82061,0.82085,1.00,1.75
2015.10.26 15:17:34.453,0.82058,0.82084,1.87,1.75
2015.10.26 15:17:34.706,0.8206,0.82085,1.00,2.25
2015.10.26 15:17:35.054,0.82058,0.82084,1.87,1.75
2015.10.26 15:17:35.155,0.8206,0.82085,1.00,3.00
2015.10.26 15:17:35.900,0.8206,0.82084,1.00,1.75
2015.10.26 15:17:35.951,0.82057,0.82082,1.00,1.75
2015.10.26 15:17:36.452,0.82058,0.82082,1.00,1.75
2015.10.26 15:17:36.553,0.82056,0.82081,1.00,1.75
2015.10.26 15:17:36.705,0.82058,0.82082,1.00,1.75
2015.10.26 15:17:36.806,0.82056,0.82081,1.00,1.75
2015.10.26 15:17:37.337,0.82055,0.8208,2.62,1.75
2015.10.26 15:17:37.388,0.82057,0.82082,1.00,3.00
2015.10.26 15:17:39.658,0.82056,0.82082,1.00,2.25
2015.10.26 15:17:40.169,0.82057,0.82082,1.00,3.00
2015.10.26 15:17:43.843,0.82055,0.82081,2.62,1.75
2015.10.26 15:17:46.122,0.82059,0.82082,1.00,1.75
2015.10.26 15:17:46.324,0.8206,0.82083,1.00,1.75
2015.10.26 15:17:46.828,0.82061,0.82085,1.00,1.75
2015.10.26 15:17:47.363,0.8206,0.82086,1.00,1.75
2015.10.26 15:17:48.122,0.82062,0.82086,1.00,1.75
2015.10.26 15:17:49.058,0.8206,0.82086,1.50,2.25
2015.10.26 15:17:55.251,0.82059,0.82085,1.12,1.75
2015.10.26 15:17:56.731,0.82058,0.82082,1.37,1.75
2015.10.26 15:17:57.265,0.82058,0.82082,1.00,1.75
2015.10.26 15:17:57.794,0.82057,0.82082,1.12,2.25
2015.10.26 15:17:59.694,0.82058,0.82082,1.00,1.75
2015.10.26 15:18:00.671,0.82059,0.82084,1.12,2.25
2015.10.26 15:18:01.348,0.8206,0.82084,1.00,1.75
2015.10.26 15:18:02.178,0.82059,0.82084,1.12,2.25
2015.10.26 15:18:02.731,0.8206,0.82084,1.00,1.75
2015.10.26 15:18:03.881,0.82059,0.82084,1.12,2.25
2015.10.26 15:18:05.853,0.8206,0.82084,1.00,1.75
2015.10.26 15:18:06.354,0.82059,0.82084,1.12,2.25
2015.10.26 15:18:11.759,0.8206,0.82084,1.00,1.75
2015.10.26 15:18:12.264,0.82059,0.82082,1.12,1.50
2015.10.26 15:18:12.786,0.8206,0.82085,1.00,1.75
2015.10.26 15:18:13.104,0.82063,0.82085,1.00,1.75
2015.10.26 15:18:13.154,0.82063,0.82085,1.00,1.50
2015.10.26 15:18:13.306,0.82061,0.82082,1.50,1.00
2015.10.26 15:18:14.094,0.82059,0.8208,1.75,1.00
2015.10.26 15:18:14.195,0.82059,0.8208,1.12,1.00
2015.10.26 15:18:14.624,0.82068,0.82087,1.00,1.35
2015.10.26 15:18:14.675,0.82068,0.82088,1.50,1.00
2015.10.26 15:18:14.726,0.82068,0.82094,1.50,2.02
2015.10.26 15:18:15.821,0.8207,0.82095,1.00,1.75
2015.10.26 15:18:16.765,0.82069,0.82095,1.12,1.75
2015.10.26 15:18:17.288,0.82071,0.82096,1.50,1.75
2015.10.26 15:18:17.863,0.82075,0.821,1.00,1.75
2015.10.26 15:18:17.913,0.82073,0.821,1.50,2.25
2015.10.26 15:18:18.065,0.82073,0.82098,1.12,1.75
2015.10.26 15:18:18.368,0.82068,0.82094,1.50,1.37
2015.10.26 15:18:18.419,0.82068,0.82094,1.12,1.75
2015.10.26 15:18:30.499,0.82063,0.8209,2.25,2.25
2015.10.26 15:18:32.989,0.82066,0.8209,1.37,1.50
2015.10.26 15:18:33.040,0.82066,0.8209,1.75,1.12
2015.10.26 15:18:33.562,0.82065,0.82089,1.75,1.00
2015.10.26 15:18:34.136,0.82067,0.82093,1.50,1.75
2015.10.26 15:18:34.922,0.82067,0.82091,1.00,1.75
2015.10.26 15:18:34.973,0.82064,0.82091,2.25,2.25
2015.10.26 15:18:35.387,0.82067,0.82091,1.00,1.75
2015.10.26 15:18:35.489,0.82064,0.82091,2.25,2.25
2015.10.26 15:18:36.921,0.82066,0.8209,1.00,1.75
2015.10.26 15:18:37.382,0.82069,0.82094,1.00,3.75
2015.10.26 15:18:37.902,0.82068,0.82093,1.00,1.75
2015.10.26 15:18:38.278,0.82067,0.82092,1.50,1.75
2015.10.26 15:18:40.226,0.82069,0.8209,1.00,1.12
2015.10.26 15:18:40.428,0.8207,0.82096,1.50,2.25
2015.10.26 15:18:42.867,0.82072,0.82097,1.00,2.25
2015.10.26 15:18:43.221,0.82071,0.82093,1.00,1.50
2015.10.26 15:18:43.424,0.82063,0.82085,1.50,1.00
2015.10.26 15:18:43.474,0.82063,0.82082,1.50,1.00
2015.10.26 15:18:44.051,0.82059,0.82077,1.00,1.00
2015.10.26 15:18:44.578,0.82057,0.82078,1.87,1.00
2015.10.26 15:18:44.780,0.82058,0.8208,1.12,1.12
2015.10.26 15:18:45.237,0.82058,0.8208,1.75,1.00
2015.10.26 15:18:45.750,0.8206,0.82081,1.37,1.00
2015.10.26 15:18:47.199,0.82061,0.8208,1.87,1.00
2015.10.26 15:18:47.770,0.82061,0.82082,1.12,1.00
2015.10.26 15:18:48.304,0.82062,0.82082,1.00,1.00
2015.10.26 15:18:49.160,0.82063,0.82082,1.00,1.00
2015.10.26 15:18:49.661,0.82062,0.82081,1.00,1.00
2015.10.26 15:18:50.397,0.82061,0.82083,1.12,1.12
2015.10.26 15:18:51.025,0.82061,0.82082,1.12,1.00
2015.10.26 15:18:51.736,0.82061,0.82083,1.12,1.12
2015.10.26 15:18:52.121,0.82063,0.82083,1.00,1.12
2015.10.26 15:18:52.424,0.82069,0.82082,1.12,1.00
2015.10.26 15:18:52.479,0.82069,0.82088,1.50,1.00
2015.10.26 15:18:52.580,0.82069,0.8209,1.50,1.00
2015.10.26 15:18:53.677,0.82067,0.82086,1.75,1.00
2015.10.26 15:18:53.879,0.82062,0.82081,1.50,1.00
2015.10.26 15:18:53.981,0.82062,0.82083,1.50,1.00
2015.10.26 15:18:54.083,0.8206,0.82081,1.75,1.00
2015.10.26 15:18:54.438,0.82059,0.82079,1.75,1.00
2015.10.26 15:18:55.679,0.82057,0.82079,1.75,1.00
2015.10.26 15:18:56.178,0.82057,0.82081,1.75,1.12
2015.10.26 15:18:56.959,0.82058,0.8208,1.75,1.00
2015.10.26 15:18:57.654,0.82058,0.82081,1.75,1.12
2015.10.26 15:18:57.859,0.82059,0.82081,1.50,1.00
2015.10.26 15:18:57.960,0.82061,0.82083,2.25,1.00
2015.10.26 15:19:00.441,0.8206,0.82079,1.75,1.00
2015.10.26 15:19:00.492,0.82058,0.82078,1.75,1.00
2015.10.26 15:19:04.971,0.82055,0.82077,2.25,1.00
2015.10.26 15:19:07.304,0.82055,0.82078,2.25,1.00
2015.10.26 15:19:07.984,0.82055,0.82077,2.25,1.00
2015.10.26 15:19:10.367,0.82057,0.82078,2.25,1.00
2015.10.26 15:19:13.461,0.82056,0.82079,1.75,1.00
2015.10.26 15:19:14.221,0.82056,0.82078,2.25,1.00
2015.10.26 15:19:14.726,0.82056,0.82077,2.25,1.00
2015.10.26 15:19:16.194,0.82056,0.82078,2.25,1.00
2015.10.26 15:19:16.997,0.82056,0.82077,2.25,1.00
2015.10.26 15:19:17.617,0.82056,0.82078,2.25,1.00
2015.10.26 15:19:18.157,0.82056,0.82078,2.25,1.00
2015.10.26 15:19:18.766,0.82056,0.82077,2.25,1.00
2015.10.26 15:19:19.380,0.82056,0.82079,2.25,1.00
2015.10.26 15:19:19.919,0.82056,0.82078,2.25,1.00
2015.10.26 15:19:20.039,0.82056,0.8208,2.25,1.00
2015.10.26 15:19:21.500,0.82058,0.82082,1.50,1.37
2015.10.26 15:19:21.726,0.82057,0.82078,1.75,1.00
2015.10.26 15:19:22.301,0.82056,0.82078,1.50,1.00
2015.10.26 15:19:22.800,0.8206,0.82084,1.37,1.37
2015.10.26 15:19:22.851,0.8206,0.82084,1.75,1.00
2015.10.26 15:19:23.154,0.82064,0.82086,1.75,1.00
2015.10.26 15:19:23.813,0.82063,0.82085,2.25,1.00
2015.10.26 15:19:24.267,0.82062,0.82085,1.00,1.50
2015.10.26 15:19:24.368,0.82062,0.82082,1.00,1.00
2015.10.26 15:19:24.671,0.82055,0.82077,2.25,1.00
2015.10.26 15:19:25.794,0.82053,0.82076,1.75,1.00
2015.10.26 15:19:26.347,0.82054,0.82077,2.25,1.00
2015.10.26 15:19:27.220,0.82054,0.82076,2.25,1.00
2015.10.26 15:19:28.641,0.82056,0.82076,2.10,1.00
2015.10.26 15:19:28.692,0.82056,0.82078,2.25,1.00
2015.10.26 15:19:28.995,0.82056,0.82081,1.75,1.00
2015.10.26 15:19:29.096,0.82056,0.82078,1.75,1.00
2015.10.26 15:19:29.299,0.82059,0.82081,1.50,1.00
2015.10.26 15:19:29.350,0.8206,0.82081,1.37,1.00
2015.10.26 15:19:29.401,0.8206,0.82086,3.00,2.25
2015.10.26 15:19:29.452,0.8206,0.82086,3.00,1.87
2015.10.26 15:19:29.981,0.82063,0.82085,1.75,1.00
2015.10.26 15:19:30.032,0.82063,0.82085,1.75,1.50
2015.10.26 15:19:30.537,0.82064,0.82085,1.75,1.00
2015.10.26 15:19:31.295,0.8206,0.82085,1.75,1.50
2015.10.26 15:19:31.346,0.82059,0.82081,1.75,1.00
2015.10.26 15:19:31.909,0.82057,0.8208,2.25,1.00
2015.10.26 15:19:32.011,0.82057,0.82079,1.75,1.00
2015.10.26 15:19:32.062,0.82057,0.82077,1.75,1.00
2015.10.26 15:19:32.625,0.82058,0.82078,1.75,1.00
2015.10.26 15:19:32.939,0.82058,0.82082,1.75,1.12
2015.10.26 15:19:33.041,0.82059,0.82079,1.75,1.00
2015.10.26 15:19:33.293,0.82058,0.82078,2.25,1.00
2015.10.26 15:19:38.306,0.82059,0.8208,1.37,1.00
2015.10.26 15:19:38.559,0.82059,0.82078,1.87,1.00
2015.10.26 15:19:39.599,0.82058,0.82077,1.50,1.00
2015.10.26 15:19:40.090,0.82056,0.82075,1.75,1.00
2015.10.26 15:19:40.141,0.82056,0.82075,1.50,1.00
2015.10.26 15:19:40.192,0.82056,0.82076,1.12,1.00
2015.10.26 15:19:41.513,0.82055,0.82078,1.50,1.12
2015.10.26 15:19:42.362,0.82054,0.82078,2.25,1.00
2015.10.26 15:19:42.514,0.8206,0.82084,1.75,1.12
2015.10.26 15:19:42.565,0.8206,0.82084,1.75,1.00
2015.10.26 15:19:42.868,0.8206,0.82081,1.75,1.00
2015.10.26 15:19:43.070,0.82061,0.82084,1.75,1.00
2015.10.26 15:19:44.283,0.8206,0.82085,2.25,1.50
2015.10.26 15:19:44.884,0.82062,0.82084,1.75,1.00
2015.10.26 15:19:44.941,0.82061,0.82084,1.75,1.00
2015.10.26 15:19:45.230,0.82061,0.82082,1.75,1.00
2015.10.26 15:19:45.736,0.8206,0.82083,1.75,1.00
2015.10.26 15:19:46.338,0.8206,0.82084,2.25,1.00
2015.10.26 15:19:46.861,0.8206,0.82083,1.75,1.37
2015.10.26 15:19:47.578,0.8206,0.82082,1.50,1.12
2015.10.26 15:19:48.116,0.82059,0.82081,1.75,1.00
2015.10.26 15:19:48.863,0.82057,0.8208,1.75,1.00
2015.10.26 15:19:48.964,0.82057,0.8208,1.50,1.00
2015.10.26 15:19:51.854,0.82057,0.8208,1.00,1.00
2015.10.26 15:19:52.057,0.82057,0.82078,1.00,1.00
2015.10.26 15:19:52.360,0.82054,0.82074,1.00,1.50
2015.10.26 15:19:53.127,0.82054,0.82071,1.00,1.37
2015.10.26 15:19:54.565,0.82047,0.8207,2.10,1.00
2015.10.26 15:19:54.919,0.82047,0.82068,1.00,1.00
2015.10.26 15:19:55.678,0.82047,0.8207,1.00,1.50
2015.10.26 15:19:55.830,0.82047,0.82072,1.50,1.87
2015.10.26 15:19:55.881,0.82047,0.82072,1.75,1.87
2015.10.26 15:19:56.412,0.82047,0.82071,2.25,1.00
2015.10.26 15:19:57.227,0.8205,0.82073,1.12,1.50
2015.10.26 15:19:58.443,0.8205,0.82071,1.12,1.00
2015.10.26 15:19:58.957,0.82048,0.8207,1.75,1.00
2015.10.26 15:19:59.666,0.82047,0.82069,1.37,1.00
2015.10.26 15:19:59.717,0.82046,0.82067,2.25,1.00
2015.10.26 15:20:00.232,0.82046,0.82068,2.25,1.00
2015.10.26 15:20:01.402,0.82048,0.8207,1.37,1.12
2015.10.26 15:20:01.453,0.8205,0.82072,1.12,1.12
2015.10.26 15:20:02.641,0.8205,0.82074,1.50,1.37
2015.10.26 15:20:02.701,0.82052,0.82074,1.00,1.00
2015.10.26 15:20:04.000,0.82052,0.82073,1.00,1.00
2015.10.26 15:20:05.246,0.8205,0.82071,1.37,1.00
2015.10.26 15:20:05.297,0.82047,0.82072,2.25,1.12
2015.10.26 15:20:05.399,0.82048,0.8207,1.75,1.00
2015.10.26 15:20:05.936,0.82047,0.82071,1.75,1.00
2015.10.26 15:20:06.556,0.82047,0.8207,1.75,1.00
2015.10.26 15:20:06.611,0.82045,0.82068,1.75,1.12
2015.10.26 15:20:07.596,0.82048,0.8207,1.00,1.75
2015.10.26 15:20:08.098,0.82046,0.82072,2.25,1.75
2015.10.26 15:20:08.600,0.82048,0.82072,1.00,1.75
2015.10.26 15:20:11.663,0.82047,0.8207,1.12,1.75
2015.10.26 15:20:13.713,0.82048,0.8207,1.00,1.75
2015.10.26 15:20:15.627,0.8205,0.82074,1.12,1.75
2015.10.26 15:20:16.384,0.82048,0.82071,1.75,1.00
2015.10.26 15:20:17.006,0.82047,0.8207,1.12,1.50
2015.10.26 15:20:18.610,0.82048,0.82071,1.00,1.75
2015.10.26 15:20:19.342,0.82049,0.82069,1.00,1.12
2015.10.26 15:20:19.857,0.82046,0.82069,1.50,1.12
2015.10.26 15:20:19.908,0.82045,0.82068,1.37,1.37
2015.10.26 15:20:19.958,0.82045,0.82067,1.00,1.00
2015.10.26 15:20:20.648,0.82044,0.82067,1.50,1.00
2015.10.26 15:20:21.175,0.82045,0.82067,1.00,1.00
2015.10.26 15:20:21.679,0.82044,0.82067,1.50,1.00
2015.10.26 15:20:23.648,0.82044,0.82066,1.00,1.00
2015.10.26 15:20:23.699,0.82043,0.82066,1.75,1.00
2015.10.26 15:20:24.244,0.82043,0.82067,1.75,1.00
2015.10.26 15:20:25.648,0.82043,0.82068,2.25,1.00
2015.10.26 15:20:29.471,0.82044,0.82066,1.75,1.00
2015.10.26 15:20:31.322,0.82043,0.82067,2.25,1.00
2015.10.26 15:20:34.082,0.82044,0.82068,1.75,1.00
2015.10.26 15:20:34.385,0.82047,0.82066,1.12,1.00
2015.10.26 15:20:34.844,0.82047,0.82068,1.12,1.00
2015.10.26 15:20:35.547,0.82047,0.82066,1.12,1.00
2015.10.26 15:20:35.723,0.82047,0.82068,1.12,1.00
2015.10.26 15:20:37.413,0.82044,0.82067,1.75,1.00
2015.10.26 15:20:37.514,0.82044,0.82065,1.12,1.12
2015.10.26 15:20:37.716,0.82041,0.82064,1.12,1.37
2015.10.26 15:20:39.334,0.82042,0.82066,1.75,1.12
2015.10.26 15:20:39.792,0.82041,0.82064,1.75,1.00
2015.10.26 15:20:40.379,0.82041,0.82065,1.75,1.00
2015.10.26 15:20:41.376,0.82042,0.82066,1.75,1.12
2015.10.26 15:20:42.762,0.82044,0.82068,1.75,1.00
2015.10.26 15:20:43.065,0.82043,0.82066,1.50,1.12
2015.10.26 15:20:44.516,0.82043,0.82065,1.50,1.00
2015.10.26 15:20:45.055,0.82043,0.82067,2.25,1.50
2015.10.26 15:20:45.541,0.82045,0.82068,1.37,1.37
2015.10.26 15:20:45.593,0.82045,0.82068,2.25,1.00
2015.10.26 15:20:46.129,0.82045,0.82069,3.00,1.12
2015.10.26 15:20:46.534,0.82045,0.82066,1.75,1.00
2015.10.26 15:20:46.635,0.82045,0.82066,1.12,1.12
2015.10.26 15:20:47.381,0.82042,0.82065,1.75,1.00
2015.10.26 15:20:51.942,0.8204,0.82063,2.25,1.00
2015.10.26 15:20:52.043,0.8204,0.82062,1.50,1.12
2015.10.26 15:20:52.718,0.8204,0.82061,1.50,1.00
2015.10.26 15:20:52.979,0.82037,0.82061,1.50,1.50
2015.10.26 15:20:54.234,0.82039,0.82065,1.00,2.25
2015.10.26 15:20:54.739,0.8204,0.82063,1.50,1.75
2015.10.26 15:20:55.751,0.82043,0.82062,1.00,1.00
2015.10.26 15:20:55.955,0.82041,0.82064,1.12,1.37
2015.10.26 15:20:56.461,0.8204,0.82062,1.37,1.00
2015.10.26 15:20:57.036,0.8204,0.82064,1.37,1.37
2015.10.26 15:20:57.339,0.82038,0.82062,1.50,1.37
2015.10.26 15:20:57.843,0.82038,0.82063,1.87,1.75
2015.10.26 15:20:58.387,0.8204,0.82064,1.00,1.75
2015.10.26 15:20:58.895,0.82041,0.82064,1.00,1.75
2015.10.26 15:20:59.097,0.8204,0.82064,1.00,1.50
2015.10.26 15:20:59.308,0.82039,0.82064,1.37,1.50
2015.10.26 15:20:59.713,0.82039,0.82055,1.00,1.50
2015.10.26 15:20:59.764,0.8203,0.82055,2.25,2.25
2015.10.26 15:21:00.017,0.82029,0.82054,1.75,1.37
2015.10.26 15:21:00.068,0.82029,0.82053,2.25,1.50
2015.10.26 15:21:00.270,0.82029,0.8205,2.25,1.00
2015.10.26 15:21:00.371,0.82029,0.82052,1.50,1.12
2015.10.26 15:21:00.883,0.82027,0.82051,1.37,1.37
2015.10.26 15:21:00.935,0.82027,0.82051,1.12,1.75
2015.10.26 15:21:02.828,0.82025,0.82047,1.75,1.00
2015.10.26 15:21:02.980,0.82025,0.82047,1.00,1.50
2015.10.26 15:21:04.104,0.82025,0.82045,1.00,1.00
2015.10.26 15:21:04.836,0.82024,0.82046,1.00,1.75
2015.10.26 15:21:05.349,0.82023,0.82045,1.00,1.75
2015.10.26 15:21:06.739,0.82022,0.82046,1.50,1.75
2015.10.26 15:21:08.181,0.82021,0.82047,1.87,1.75
2015.10.26 15:21:08.485,0.82023,0.82045,1.00,1.75
2015.10.26 15:21:08.536,0.8202,0.82045,1.50,1.75
2015.10.26 15:21:09.045,0.82022,0.82045,1.00,1.75
2015.10.26 15:21:09.550,0.8202,0.82045,3.00,1.75
2015.10.26 15:21:10.334,0.82022,0.82047,1.00,1.75
2015.10.26 15:21:10.485,0.82024,0.82048,1.00,1.75
2015.10.26 15:21:10.912,0.82021,0.82046,1.87,1.75
2015.10.26 15:21:14.892,0.82023,0.82048,1.00,2.25
2015.10.26 15:21:14.993,0.82024,0.82047,1.50,1.00
2015.10.26 15:21:15.043,0.82024,0.82049,1.50,1.37
2015.10.26 15:21:15.094,0.82027,0.82049,1.12,1.12
2015.10.26 15:21:15.865,0.82025,0.82048,1.75,1.00
2015.10.26 15:21:16.741,0.82026,0.82052,1.50,2.25
2015.10.26 15:21:17.672,0.82026,0.82048,1.50,1.00
2015.10.26 15:21:19.041,0.82024,0.82049,3.00,1.12
2015.10.26 15:21:19.266,0.82024,0.82047,2.25,1.00
2015.10.26 15:21:19.772,0.82024,0.82048,2.25,1.00
2015.10.26 15:21:20.326,0.82024,0.82047,2.25,1.00
2015.10.26 15:21:21.027,0.82024,0.82048,2.25,1.00
2015.10.26 15:21:23.263,0.82024,0.82049,3.00,1.12
2015.10.26 15:21:23.807,0.82024,0.82048,2.25,1.00
2015.10.26 15:21:24.360,0.82025,0.82049,1.75,1.12
2015.10.26 15:21:24.729,0.82028,0.82049,1.37,1.12
2015.10.26 15:21:25.245,0.82028,0.82051,1.75,1.00
2015.10.26 15:21:25.988,0.82028,0.8205,1.75,1.00
2015.10.26 15:21:26.298,0.82031,0.82051,1.75,1.00
2015.10.26 15:21:26.501,0.82029,0.82052,1.75,1.00
2015.10.26 15:21:27.577,0.82029,0.82055,1.75,1.00
2015.10.26 15:21:28.083,0.8203,0.82054,1.75,1.00
2015.10.26 15:21:28.386,0.8203,0.82052,1.75,1.00
2015.10.26 15:21:29.831,0.8203,0.82054,1.75,1.00
2015.10.26 15:21:30.415,0.8203,0.82051,1.75,1.00
2015.10.26 15:21:30.919,0.8203,0.8205,1.75,1.00
2015.10.26 15:21:31.324,0.82029,0.8205,1.75,1.00
2015.10.26 15:21:31.846,0.82026,0.82051,2.25,1.00
2015.10.26 15:21:31.948,0.82026,0.82048,2.25,1.00
2015.10.26 15:21:32.453,0.82027,0.82049,1.75,1.00
2015.10.26 15:21:33.294,0.82025,0.8205,1.75,1.50
2015.10.26 15:21:33.344,0.82028,0.8205,1.00,1.50
2015.10.26 15:21:33.849,0.82028,0.82049,1.00,1.00
2015.10.26 15:21:34.659,0.82028,0.8205,1.00,1.50
2015.10.26 15:21:36.058,0.82028,0.82049,1.00,1.00
2015.10.26 15:21:36.604,0.82028,0.82048,1.00,1.00
2015.10.26 15:21:36.655,0.82028,0.8205,1.00,1.50
2015.10.26 15:21:37.807,0.82028,0.82049,1.00,1.00
2015.10.26 15:21:38.338,0.82028,0.8205,1.50,1.00
2015.10.26 15:21:39.126,0.82028,0.82052,1.50,1.50
2015.10.26 15:21:39.328,0.82028,0.8205,1.50,1.00
2015.10.26 15:21:40.594,0.82032,0.82055,1.37,1.37
2015.10.26 15:21:40.645,0.82032,0.82055,1.75,1.00
2015.10.26 15:21:40.746,0.82035,0.82059,1.75,1.12
2015.10.26 15:21:41.262,0.82035,0.82058,1.75,1.00
2015.10.26 15:21:43.922,0.82032,0.82056,1.75,1.00
2015.10.26 15:21:44.376,0.82032,0.82056,1.75,1.12
2015.10.26 15:21:44.687,0.82036,0.82059,1.00,1.00
2015.10.26 15:21:44.789,0.82036,0.82055,1.00,1.00
2015.10.26 15:21:45.294,0.82032,0.82054,1.75,1.00
2015.10.26 15:21:45.345,0.82031,0.82054,2.25,1.00
2015.10.26 15:21:48.094,0.82031,0.82053,1.75,1.00
2015.10.26 15:21:48.602,0.8203,0.82054,1.75,1.00
2015.10.26 15:21:49.663,0.82031,0.82053,1.75,1.00
2015.10.26 15:21:50.062,0.82029,0.82052,1.75,1.00
2015.10.26 15:21:50.611,0.8203,0.82051,1.50,1.00
2015.10.26 15:21:51.132,0.8203,0.82052,1.50,1.00
2015.10.26 15:21:51.799,0.82026,0.82051,2.25,1.00
2015.10.26 15:21:51.850,0.82027,0.82049,1.75,1.00
2015.10.26 15:21:52.002,0.82025,0.82049,1.75,1.12
2015.10.26 15:21:52.456,0.82028,0.82051,1.37,1.37
2015.10.26 15:21:52.507,0.82029,0.82052,1.50,1.12
2015.10.26 15:21:53.716,0.82028,0.82051,2.25,1.00
2015.10.26 15:21:54.947,0.82029,0.82052,1.50,1.12
2015.10.26 15:21:56.257,0.82031,0.82052,1.00,1.12
2015.10.26 15:21:56.459,0.82033,0.82053,1.00,1.50
2015.10.26 15:21:56.975,0.82031,0.82052,1.00,1.12
2015.10.26 15:21:57.308,0.8203,0.82055,1.75,1.87
2015.10.26 15:21:57.837,0.82031,0.82055,1.75,1.87
2015.10.26 15:21:58.710,0.82035,0.82055,1.50,1.00
2015.10.26 15:21:59.215,0.82037,0.82055,1.00,1.00
2015.10.26 15:21:59.266,0.82037,0.82058,1.00,1.12
2015.10.26 15:21:59.877,0.82037,0.82058,1.75,1.00
2015.10.26 15:22:01.207,0.82036,0.82057,1.75,1.00
2015.10.26 15:22:01.410,0.82034,0.82057,2.25,1.00
2015.10.26 15:22:01.914,0.82035,0.82056,1.50,1.00
2015.10.26 15:22:01.965,0.82035,0.82058,1.75,1.12
2015.10.26 15:22:02.512,0.82034,0.82055,1.75,1.00
2015.10.26 15:22:02.916,0.82031,0.82055,3.00,1.00
2015.10.26 15:22:03.689,0.82037,0.82055,1.00,1.00
2015.10.26 15:22:04.231,0.82033,0.82055,1.75,1.00
2015.10.26 15:22:06.052,0.82031,0.82054,1.75,1.00
2015.10.26 15:22:06.498,0.82028,0.82054,2.25,1.00
2015.10.26 15:22:08.462,0.82028,0.82053,2.25,1.00
2015.10.26 15:22:10.299,0.82029,0.82054,2.25,1.00
2015.10.26 15:22:10.804,0.82029,0.82053,1.75,1.00
2015.10.26 15:22:11.290,0.8203,0.82055,2.25,1.87
2015.10.26 15:22:11.746,0.82031,0.82053,1.75,1.00
2015.10.26 15:22:12.856,0.82034,0.82055,1.00,1.12
2015.10.26 15:22:12.907,0.82034,0.82059,1.87,1.37
2015.10.26 15:22:12.958,0.82036,0.8206,1.50,1.50
2015.10.26 15:22:13.819,0.82036,0.8206,2.25,1.00
2015.10.26 15:22:14.530,0.82037,0.8206,1.75,1.00
2015.10.26 15:22:15.466,0.82036,0.8206,1.75,1.00
2015.10.26 15:22:16.952,0.82036,0.82061,1.75,1.00
2015.10.26 15:22:17.610,0.82036,0.8206,1.75,1.00
2015.10.26 15:22:21.182,0.82035,0.82059,1.75,1.00
2015.10.26 15:22:22.752,0.82035,0.8206,2.25,1.50
2015.10.26 15:22:23.291,0.82035,0.82059,1.75,1.00
2015.10.26 15:22:24.093,0.82035,0.8206,2.25,1.00
2015.10.26 15:22:24.803,0.82036,0.82059,1.75,1.00
2015.10.26 15:22:25.639,0.82036,0.8206,1.75,1.00
2015.10.26 15:22:30.401,0.82035,0.82061,1.75,1.50
2015.10.26 15:22:30.699,0.82035,0.82059,1.75,1.00
2015.10.26 15:22:31.877,0.82033,0.82058,1.75,1.12
2015.10.26 15:22:32.029,0.82029,0.8205,1.00,1.00
2015.10.26 15:22:32.252,0.82026,0.82049,1.50,1.50
2015.10.26 15:22:33.046,0.82026,0.82048,1.00,1.00
2015.10.26 15:22:33.925,0.82026,0.82047,1.00,1.00
2015.10.26 15:22:34.300,0.82026,0.82049,1.00,1.50
2015.10.26 15:22:34.830,0.82026,0.82048,1.00,1.00
2015.10.26 15:22:36.437,0.82026,0.82049,1.00,1.50
2015.10.26 15:22:38.942,0.82027,0.8205,1.37,1.37
2015.10.26 15:22:38.993,0.82027,0.82051,2.25,1.12
2015.10.26 15:22:39.497,0.8203,0.82052,1.00,1.50
2015.10.26 15:22:40.561,0.82029,0.82051,1.12,1.12
2015.10.26 15:22:41.993,0.82029,0.82049,1.12,1.00
2015.10.26 15:22:42.397,0.82026,0.82051,2.25,1.12
2015.10.26 15:22:43.433,0.8203,0.82051,1.50,1.12
2015.10.26 15:22:44.693,0.82028,0.82052,1.50,1.50
2015.10.26 15:22:45.200,0.82028,0.8205,1.50,1.00
2015.10.26 15:22:45.746,0.82028,0.82051,1.50,1.12
2015.10.26 15:22:49.557,0.82031,0.82055,1.00,1.75
2015.10.26 15:22:49.658,0.82031,0.82056,1.75,1.50
2015.10.26 15:22:50.216,0.82031,0.82054,1.75,1.00
2015.10.26 15:22:51.974,0.82029,0.82053,1.75,1.00
2015.10.26 15:22:52.795,0.82029,0.82052,1.50,1.00
2015.10.26 15:22:52.846,0.82028,0.82052,1.75,1.12
2015.10.26 15:22:53.185,0.82028,0.8205,1.75,1.00
2015.10.26 15:22:53.286,0.82028,0.82052,1.75,1.12
2015.10.26 15:22:53.797,0.82028,0.82051,1.75,1.00
2015.10.26 15:22:54.572,0.82028,0.82053,1.75,1.37
2015.10.26 15:22:55.149,0.82029,0.82051,1.50,1.00
2015.10.26 15:22:55.650,0.82029,0.82052,1.50,1.12
2015.10.26 15:22:56.791,0.82029,0.82051,1.50,1.00
2015.10.26 15:22:59.423,0.82028,0.82053,1.75,1.37
2015.10.26 15:22:59.524,0.82029,0.82054,3.00,1.12
2015.10.26 15:23:00.029,0.82029,0.82053,1.75,1.00
2015.10.26 15:23:00.680,0.82028,0.82051,1.75,1.00
2015.10.26 15:23:00.735,0.82028,0.82051,1.75,1.00
2015.10.26 15:23:01.240,0.82028,0.8205,1.75,1.00
2015.10.26 15:23:01.814,0.82028,0.82051,1.75,1.00
2015.10.26 15:23:03.572,0.82026,0.8205,1.75,1.12
2015.10.26 15:23:06.288,0.82029,0.82053,1.00,1.75
2015.10.26 15:23:06.339,0.82029,0.82053,1.75,1.12
2015.10.26 15:23:09.254,0.8203,0.82052,1.50,1.00
2015.10.26 15:23:09.305,0.82027,0.8205,2.25,1.00
2015.10.26 15:23:09.859,0.82027,0.82051,1.75,1.00
2015.10.26 15:23:12.036,0.82028,0.82053,1.75,1.12
2015.10.26 15:23:12.559,0.82029,0.82052,1.75,1.00
2015.10.26 15:23:13.064,0.82028,0.82051,1.75,1.00
2015.10.26 15:23:13.936,0.82027,0.82052,3.00,1.00
2015.10.26 15:23:14.497,0.82027,0.82051,2.25,1.00
2015.10.26 15:23:15.432,0.82025,0.8205,2.25,1.50
2015.10.26 15:23:16.868,0.82025,0.82049,1.75,1.00
2015.10.26 15:23:17.411,0.82025,0.8205,2.25,1.50
2015.10.26 15:23:17.762,0.82025,0.8205,1.75,2.62
2015.10.26 15:23:18.295,0.82025,0.82049,1.75,1.00
2015.10.26 15:23:19.120,0.82025,0.8205,2.25,1.87
2015.10.26 15:23:19.782,0.82026,0.8205,2.25,1.50
2015.10.26 15:23:20.288,0.8203,0.82051,1.50,1.00
2015.10.26 15:23:21.179,0.82029,0.8205,1.75,1.00
2015.10.26 15:23:21.229,0.82029,0.82052,2.25,1.00
2015.10.26 15:23:22.183,0.82029,0.82051,1.75,1.00
2015.10.26 15:23:22.748,0.82031,0.82052,1.12,1.00
2015.10.26 15:23:23.282,0.82029,0.82054,1.75,1.50
2015.10.26 15:23:23.484,0.82034,0.82053,1.00,1.12
2015.10.26 15:23:23.636,0.82034,0.82055,1.50,1.00
2015.10.26 15:23:24.090,0.82031,0.82051,1.12,1.00
2015.10.26 15:23:25.990,0.82029,0.8205,1.75,1.00
2015.10.26 15:23:26.499,0.82029,0.82051,1.75,1.00
2015.10.26 15:23:27.435,0.8203,0.82052,1.50,1.00
2015.10.26 15:23:28.380,0.8203,0.82053,1.50,1.12
2015.10.26 15:23:29.987,0.8203,0.82054,2.25,1.00
2015.10.26 15:23:30.421,0.82027,0.8205,2.25,1.00
2015.10.26 15:23:30.526,0.82027,0.82046,1.00,1.00
2015.10.26 15:23:31.143,0.82026,0.82046,1.00,1.00
2015.10.26 15:23:31.194,0.82026,0.82048,1.50,1.00
2015.10.26 15:23:31.245,0.82026,0.82046,1.50,1.00
2015.10.26 15:23:31.714,0.82026,0.82048,1.50,1.00
2015.10.26 15:23:33.186,0.82026,0.8205,2.25,1.12
2015.10.26 15:23:33.710,0.82029,0.8205,1.75,1.00
2015.10.26 15:23:33.962,0.82032,0.82052,1.00,1.00
2015.10.26 15:23:34.063,0.82032,0.82052,1.37,1.00
2015.10.26 15:23:34.572,0.82027,0.82051,1.75,1.00
2015.10.26 15:23:34.724,0.82027,0.82049,1.75,1.00
2015.10.26 15:23:37.059,0.82025,0.8205,3.75,1.00
2015.10.26 15:23:37.110,0.82025,0.8205,2.25,1.12
2015.10.26 15:23:37.161,0.82025,0.82047,1.75,1.00
2015.10.26 15:23:37.262,0.82026,0.82049,1.75,1.00
2015.10.26 15:23:37.821,0.82027,0.8205,1.50,1.87
2015.10.26 15:23:38.176,0.82027,0.82048,1.50,1.00
2015.10.26 15:23:38.475,0.82025,0.8205,1.75,1.12
2015.10.26 15:23:39.865,0.82026,0.8205,1.75,1.12
2015.10.26 15:23:39.916,0.82028,0.82053,1.75,1.00
2015.10.26 15:23:40.901,0.82031,0.82055,2.25,1.12
2015.10.26 15:23:41.002,0.82034,0.82055,1.87,1.12
2015.10.26 15:23:41.104,0.82034,0.82059,3.00,1.75
2015.10.26 15:23:41.167,0.82038,0.82059,1.00,1.75
2015.10.26 15:23:41.218,0.82038,0.82059,1.50,1.00
2015.10.26 15:23:41.755,0.82035,0.82058,1.75,1.00
2015.10.26 15:23:43.297,0.82035,0.82059,1.75,1.00
2015.10.26 15:23:43.911,0.82035,0.82058,1.75,1.00
2015.10.26 15:23:44.503,0.82035,0.82059,1.75,1.00
2015.10.26 15:23:44.743,0.82035,0.82057,1.75,1.00
2015.10.26 15:23:45.248,0.82034,0.82057,1.50,1.12
2015.10.26 15:23:45.820,0.82033,0.82056,1.75,1.00
2015.10.26 15:23:46.423,0.82032,0.82055,1.75,1.00
2015.10.26 15:23:47.540,0.82031,0.82054,1.75,1.00
2015.10.26 15:23:47.729,0.82031,0.82054,1.75,1.12
2015.10.26 15:23:48.231,0.82031,0.82053,1.75,1.00
2015.10.26 15:23:49.034,0.82031,0.82055,1.75,1.50
2015.10.26 15:24:02.798,0.82033,0.82053,1.12,1.00
2015.10.26 15:24:03.403,0.82033,0.82054,1.12,1.12
2015.10.26 15:24:04.289,0.82033,0.82055,1.50,1.37
2015.10.26 15:24:05.033,0.82033,0.82055,1.75,1.00
2015.10.26 15:24:09.257,0.82033,0.82056,1.75,1.12
2015.10.26 15:24:10.795,0.82033,0.82055,1.75,1.00
2015.10.26 15:24:12.962,0.82034,0.82057,1.50,1.50
2015.10.26 15:24:13.495,0.82034,0.82059,1.75,1.12
2015.10.26 15:24:14.004,0.82034,0.82058,2.25,1.00
2015.10.26 15:24:14.824,0.82035,0.8206,1.75,1.50
2015.10.26 15:24:14.875,0.82037,0.8206,1.75,1.00
2015.10.26 15:24:15.416,0.82038,0.82062,1.75,1.12
2015.10.26 15:24:16.461,0.82038,0.82061,1.75,1.00
2015.10.26 15:24:16.962,0.82038,0.82062,1.75,1.12
2015.10.26 15:24:18.972,0.82037,0.82061,1.75,1.00
2015.10.26 15:24:20.484,0.82037,0.82062,2.25,1.12
2015.10.26 15:24:21.606,0.82037,0.82061,1.75,1.00
2015.10.26 15:24:22.250,0.82037,0.82062,2.25,1.12
2015.10.26 15:24:22.452,0.82038,0.82063,1.75,1.00
2015.10.26 15:24:22.990,0.82037,0.82062,2.25,1.00
2015.10.26 15:24:23.464,0.82037,0.82064,1.75,1.87
2015.10.26 15:24:24.002,0.82038,0.82063,3.00,1.00
2015.10.26 15:24:24.532,0.82038,0.82062,1.75,1.00
2015.10.26 15:24:25.257,0.82038,0.82061,1.75,1.00
2015.10.26 15:24:25.781,0.82038,0.82062,1.75,1.00
2015.10.26 15:24:26.211,0.82038,0.8206,2.25,1.00
2015.10.26 15:24:27.345,0.82036,0.82059,1.75,1.00
2015.10.26 15:24:29.076,0.82037,0.8206,2.25,1.00
2015.10.26 15:24:29.870,0.82037,0.82058,1.75,1.00
2015.10.26 15:24:30.191,0.82037,0.8206,1.75,1.00
2015.10.26 15:24:30.824,0.82037,0.82059,1.75,1.00
2015.10.26 15:24:32.598,0.82037,0.82061,1.75,1.00
2015.10.26 15:24:33.155,0.82038,0.82062,1.75,1.00
2015.10.26 15:24:33.796,0.82043,0.82063,1.12,1.00
2015.10.26 15:24:34.360,0.82042,0.82062,1.50,1.00
2015.10.26 15:24:35.254,0.8204,0.82063,2.25,1.00
2015.10.26 15:24:35.843,0.8204,0.82064,2.25,1.12
2015.10.26 15:24:36.096,0.8204,0.82062,2.25,1.00
2015.10.26 15:24:36.589,0.8204,0.82064,2.25,1.12
2015.10.26 15:24:36.858,0.8204,0.82064,2.25,1.00
2015.10.26 15:24:37.111,0.82044,0.82066,1.50,1.00
2015.10.26 15:24:37.162,0.82044,0.82066,2.25,1.00
2015.10.26 15:24:37.213,0.82044,0.82068,2.25,1.00
2015.10.26 15:24:37.666,0.82046,0.82068,1.75,1.00
2015.10.26 15:24:37.720,0.8205,0.8207,1.00,1.50
2015.10.26 15:24:38.320,0.8205,0.82069,1.00,1.00
2015.10.26 15:24:38.426,0.8205,0.82066,1.00,1.00
2015.10.26 15:24:38.578,0.82047,0.82066,1.50,1.00
2015.10.26 15:24:39.105,0.82044,0.82067,1.75,1.00
2015.10.26 15:24:39.680,0.82044,0.82068,2.25,1.00
2015.10.26 15:24:40.374,0.82046,0.8207,1.75,1.00
2015.10.26 15:24:40.425,0.82048,0.82073,1.75,2.25
2015.10.26 15:24:40.476,0.82048,0.82073,1.75,1.87
2015.10.26 15:24:40.729,0.82051,0.82076,1.50,1.37
2015.10.26 15:24:40.881,0.82052,0.82077,1.37,1.12
2015.10.26 15:24:41.401,0.82053,0.82078,2.25,1.00
2015.10.26 15:24:41.709,0.82056,0.82077,1.75,1.00
2015.10.26 15:24:42.969,0.82054,0.82078,1.75,1.00
2015.10.26 15:24:43.913,0.82054,0.82077,1.75,1.00
2015.10.26 15:24:44.326,0.82053,0.82076,1.75,1.00
2015.10.26 15:24:45.791,0.82051,0.82074,1.75,1.00
2015.10.26 15:24:47.169,0.82051,0.82075,2.25,1.00
2015.10.26 15:24:47.677,0.82051,0.82074,2.25,1.00
2015.10.26 15:24:48.195,0.82052,0.82073,1.00,1.00
2015.10.26 15:24:48.633,0.82052,0.82071,1.00,1.00
2015.10.26 15:24:49.137,0.82052,0.82072,1.00,1.00
2015.10.26 15:24:50.051,0.82052,0.82073,1.00,1.00
2015.10.26 15:24:50.556,0.82052,0.82072,1.00,1.00
2015.10.26 15:24:51.296,0.82052,0.82073,1.00,1.00
2015.10.26 15:24:51.599,0.82051,0.82076,3.00,1.00
2015.10.26 15:24:53.122,0.82053,0.82077,1.75,1.50
2015.10.26 15:24:53.443,0.82055,0.82078,1.75,1.00
2015.10.26 15:24:54.477,0.82055,0.82077,1.75,1.00
2015.10.26 15:24:55.606,0.82055,0.82078,2.25,1.00
2015.10.26 15:24:56.113,0.82056,0.82079,1.75,1.00
2015.10.26 15:24:56.973,0.82056,0.8208,1.75,1.12
2015.10.26 15:24:57.800,0.82056,0.82079,1.75,1.00
2015.10.26 15:25:00.047,0.82057,0.8208,1.50,1.87
2015.10.26 15:25:00.626,0.82057,0.82079,1.50,1.00
2015.10.26 15:25:02.192,0.82057,0.8208,1.50,1.87
2015.10.26 15:25:02.904,0.82056,0.82079,1.75,1.00
2015.10.26 15:25:03.411,0.82056,0.82078,1.75,1.00
2015.10.26 15:25:04.655,0.82054,0.82077,1.75,1.00
2015.10.26 15:25:05.009,0.82053,0.82075,1.50,1.00
2015.10.26 15:25:05.060,0.82053,0.82075,1.50,1.00
2015.10.26 15:25:05.834,0.82053,0.82076,2.25,1.12
2015.10.26 15:25:06.774,0.82053,0.82074,1.50,1.00
2015.10.26 15:25:07.313,0.82051,0.82073,1.75,1.00
2015.10.26 15:25:07.827,0.8205,0.82074,1.75,1.00
2015.10.26 15:25:08.668,0.82052,0.82075,1.75,1.00
2015.10.26 15:25:09.906,0.82056,0.82076,1.00,1.12
2015.10.26 15:25:10.058,0.82053,0.82077,2.25,1.50
2015.10.26 15:25:10.514,0.82056,0.82079,1.00,1.75
2015.10.26 15:25:10.565,0.82056,0.82079,1.50,1.12
2015.10.26 15:25:13.365,0.8206,0.82084,1.00,1.75
2015.10.26 15:25:13.466,0.8206,0.82084,1.50,1.50
2015.10.26 15:25:14.023,0.82062,0.82084,1.00,1.50
2015.10.26 15:25:17.070,0.82064,0.82085,1.00,1.00
2015.10.26 15:25:17.575,0.82064,0.82086,1.50,1.00
2015.10.26 15:25:19.550,0.82064,0.82087,1.50,1.00
2015.10.26 15:25:20.322,0.82065,0.82088,1.00,1.00
2015.10.26 15:25:20.625,0.82066,0.82089,2.25,1.00
2015.10.26 15:25:23.298,0.82068,0.8209,1.50,1.00
2015.10.26 15:25:23.622,0.82071,0.82093,1.37,1.00
2015.10.26 15:25:24.168,0.82071,0.82094,1.37,1.12
2015.10.26 15:25:24.484,0.82071,0.82092,1.75,1.00
2015.10.26 15:25:26.448,0.82071,0.82093,1.75,1.00
2015.10.26 15:25:27.878,0.82071,0.82094,1.75,1.00
2015.10.26 15:25:30.364,0.82074,0.82095,1.37,1.00
2015.10.26 15:25:30.718,0.82074,0.82096,1.75,1.00
2015.10.26 15:25:31.109,0.82076,0.82098,1.75,1.00
2015.10.26 15:25:31.941,0.82076,0.82097,1.75,1.00
2015.10.26 15:25:32.484,0.82076,0.82098,1.75,1.00
2015.10.26 15:25:32.985,0.82076,0.82097,1.75,1.00
2015.10.26 15:25:33.504,0.82075,0.82098,1.75,1.00
2015.10.26 15:25:34.008,0.82076,0.82099,1.75,1.00
2015.10.26 15:25:34.657,0.82075,0.82098,1.75,1.00
2015.10.26 15:25:34.707,0.82074,0.82096,1.75,1.00
2015.10.26 15:25:34.960,0.82073,0.82095,1.75,1.00
2015.10.26 15:25:35.061,0.82074,0.82097,1.50,1.12
2015.10.26 15:25:35.314,0.82075,0.82098,1.75,1.00
2015.10.26 15:25:36.384,0.82065,0.82086,1.75,1.00
2015.10.26 15:25:36.486,0.82066,0.82088,1.75,1.00
2015.10.26 15:25:36.803,0.82065,0.82086,1.75,1.00
2015.10.26 15:25:36.955,0.82065,0.82086,1.12,1.00
2015.10.26 15:25:39.465,0.82066,0.82084,1.00,1.00
2015.10.26 15:25:39.768,0.82063,0.82085,1.00,2.25
2015.10.26 15:25:40.021,0.82063,0.82085,1.75,1.00
2015.10.26 15:25:41.085,0.82064,0.82086,1.50,1.12
2015.10.26 15:25:41.837,0.82065,0.82087,1.50,1.00
2015.10.26 15:25:42.377,0.82067,0.82088,1.12,1.00
2015.10.26 15:25:43.246,0.82068,0.82089,1.00,1.12
2015.10.26 15:25:43.768,0.82067,0.82088,1.12,1.00
2015.10.26 15:25:45.059,0.82066,0.82087,1.37,1.00
2015.10.26 15:25:45.864,0.82067,0.8209,1.12,1.87
2015.10.26 15:25:46.369,0.82067,0.82088,1.12,1.00
2015.10.26 15:25:47.799,0.82068,0.8209,1.00,1.87
2015.10.26 15:25:47.850,0.82068,0.8209,1.75,1.50
2015.10.26 15:25:48.456,0.82071,0.8209,1.00,1.00
2015.10.26 15:25:49.142,0.82069,0.82091,1.50,1.00
2015.10.26 15:25:49.446,0.82069,0.82089,1.50,1.00
2015.10.26 15:25:50.028,0.82069,0.82088,1.50,1.00
2015.10.26 15:25:50.130,0.82068,0.8209,1.75,1.00
2015.10.26 15:25:50.648,0.82073,0.82092,1.12,1.00
2015.10.26 15:25:50.800,0.82073,0.82094,1.12,1.12
2015.10.26 15:25:51.103,0.82072,0.82092,1.50,1.00
2015.10.26 15:25:51.941,0.82072,0.82091,1.50,1.00
2015.10.26 15:25:52.395,0.82069,0.8209,1.12,1.00
2015.10.26 15:25:55.027,0.82068,0.82092,1.75,1.00
2015.10.26 15:25:56.413,0.82071,0.82091,1.50,1.00
2015.10.26 15:25:56.925,0.82071,0.82093,1.50,1.00
2015.10.26 15:25:58.058,0.82071,0.82094,1.50,1.12
2015.10.26 15:25:58.369,0.82073,0.82093,1.75,1.00
2015.10.26 15:25:59.237,0.82073,0.82094,1.75,1.00
2015.10.26 15:26:01.142,0.82073,0.82095,1.75,1.00
2015.10.26 15:26:02.212,0.82073,0.82094,1.75,1.00
2015.10.26 15:26:02.890,0.82073,0.82095,1.75,1.00
2015.10.26 15:26:03.364,0.82077,0.82099,1.00,1.75
2015.10.26 15:26:04.094,0.82077,0.82096,1.00,1.00
2015.10.26 15:26:04.957,0.82077,0.82098,1.00,1.50
2015.10.26 15:26:05.279,0.82075,0.82095,1.12,1.00
2015.10.26 15:26:06.947,0.82072,0.8209,1.75,1.00
2015.10.26 15:26:06.998,0.82072,0.8209,1.50,1.00
2015.10.26 15:26:07.619,0.82074,0.82095,1.00,1.50
2015.10.26 15:26:07.820,0.82074,0.82096,1.50,1.00
2015.10.26 15:26:09.488,0.82074,0.82095,1.50,1.00
2015.10.26 15:26:11.228,0.82074,0.82096,1.50,1.50
2015.10.26 15:26:12.869,0.82074,0.82094,1.50,1.00
2015.10.26 15:26:13.121,0.82072,0.82094,1.12,1.12
2015.10.26 15:26:14.315,0.82071,0.82092,1.50,1.00
2015.10.26 15:26:14.825,0.82071,0.82093,1.50,1.00
2015.10.26 15:26:15.503,0.82071,0.82092,1.50,1.00
2015.10.26 15:26:19.152,0.82071,0.82093,1.50,1.00
2015.10.26 15:26:20.727,0.82071,0.82094,1.50,1.12
2015.10.26 15:26:21.030,0.82071,0.82092,1.50,1.00
2015.10.26 15:26:22.641,0.8207,0.82092,1.37,1.37
2015.10.26 15:26:23.175,0.8207,0.82091,1.00,1.12
2015.10.26 15:26:26.198,0.82069,0.82091,1.12,1.12
2015.10.26 15:26:27.172,0.8207,0.82092,1.00,1.50
2015.10.26 15:26:27.703,0.82069,0.8209,1.12,1.00
2015.10.26 15:26:28.208,0.8207,0.82091,1.00,1.12
2015.10.26 15:26:29.686,0.82068,0.82091,1.50,1.87
2015.10.26 15:26:30.987,0.82068,0.8209,1.50,1.00
2015.10.26 15:26:32.345,0.82069,0.82092,1.12,1.50
2015.10.26 15:26:34.369,0.82068,0.82093,1.50,1.37
2015.10.26 15:26:34.470,0.8207,0.82095,1.75,2.25
2015.10.26 15:26:34.673,0.82074,0.82095,1.00,2.25
2015.10.26 15:26:35.209,0.82073,0.82095,1.00,2.25
2015.10.26 15:26:36.454,0.82074,0.82095,1.00,2.25
2015.10.26 15:26:38.067,0.82074,0.82095,1.37,1.87
2015.10.26 15:26:38.168,0.82075,0.82097,1.12,1.12
2015.10.26 15:26:38.270,0.82075,0.82097,1.37,1.00
2015.10.26 15:26:39.058,0.82077,0.82096,1.00,1.00
2015.10.26 15:26:39.560,0.82077,0.82095,1.00,1.00
2015.10.26 15:26:39.813,0.82077,0.82098,1.50,1.00
2015.10.26 15:26:40.464,0.82077,0.82099,1.50,1.00
2015.10.26 15:26:40.951,0.82077,0.82095,1.00,1.00
2015.10.26 15:26:42.884,0.82077,0.82099,1.50,1.00
2015.10.26 15:26:44.658,0.82078,0.82099,1.00,1.00
2015.10.26 15:26:44.810,0.82078,0.821,1.37,1.12
2015.10.26 15:26:45.988,0.8208,0.82103,1.75,1.12
2015.10.26 15:26:47.031,0.82083,0.82107,1.50,2.25
2015.10.26 15:26:47.082,0.82087,0.82105,1.00,1.00
2015.10.26 15:26:47.707,0.82087,0.82108,1.00,1.00
2015.10.26 15:26:48.449,0.82078,0.82095,3.75,1.00
2015.10.26 15:26:48.601,0.8208,0.82096,1.00,1.00
2015.10.26 15:26:49.637,0.8208,0.821,1.00,1.00
2015.10.26 15:26:49.840,0.8208,0.82102,1.00,1.50
2015.10.26 15:26:50.521,0.8208,0.82101,1.00,1.00
2015.10.26 15:26:50.947,0.8208,0.82103,1.00,1.00
2015.10.26 15:26:51.452,0.8208,0.82102,1.00,1.00
2015.10.26 15:26:51.977,0.8208,0.82103,1.00,1.00
2015.10.26 15:26:52.922,0.82077,0.82102,1.50,1.75
2015.10.26 15:26:53.225,0.82073,0.82097,1.75,1.00
2015.10.26 15:26:53.734,0.82074,0.82096,1.75,1.00
2015.10.26 15:26:54.169,0.82074,0.82096,1.50,1.00
2015.10.26 15:26:54.900,0.82074,0.82095,1.50,1.00
2015.10.26 15:26:55.632,0.82072,0.82096,1.75,1.00
2015.10.26 15:26:56.137,0.82072,0.82095,1.75,1.00
2015.10.26 15:26:56.686,0.82072,0.82096,1.75,1.00
2015.10.26 15:26:57.242,0.82072,0.82095,1.75,1.00
2015.10.26 15:26:58.246,0.82074,0.82096,1.50,1.00
2015.10.26 15:26:58.878,0.82074,0.82097,1.50,1.12
2015.10.26 15:26:59.870,0.82074,0.82095,1.50,1.00
2015.10.26 15:27:00.456,0.82073,0.82094,1.75,1.00
2015.10.26 15:27:00.507,0.82073,0.82094,1.00,1.12
2015.10.26 15:27:01.011,0.8207,0.82095,2.25,1.50
2015.10.26 15:27:04.368,0.82073,0.82095,1.00,1.50
2015.10.26 15:27:04.930,0.82074,0.82096,1.50,1.00
2015.10.26 15:27:05.234,0.82074,0.82094,1.50,1.00
2015.10.26 15:27:05.866,0.82074,0.82095,1.50,1.00
2015.10.26 15:27:06.390,0.82074,0.82096,1.50,1.00
2015.10.26 15:27:06.744,0.82072,0.82097,1.12,1.75
2015.10.26 15:27:10.355,0.82068,0.82094,1.50,2.25
2015.10.26 15:27:13.699,0.82066,0.8209,1.75,1.00
2015.10.26 15:27:14.002,0.82063,0.82088,1.75,1.12
2015.10.26 15:27:14.867,0.8207,0.82092,1.12,1.37
2015.10.26 15:27:14.918,0.8207,0.82092,1.50,1.12
2015.10.26 15:27:16.263,0.82069,0.82091,1.75,1.00
2015.10.26 15:27:16.768,0.82068,0.82093,1.75,1.50
2015.10.26 15:27:18.748,0.82065,0.82092,1.75,2.25
2015.10.26 15:27:18.799,0.82065,0.82092,1.75,2.25
2015.10.26 15:27:21.617,0.82064,0.82087,1.75,1.00
2015.10.26 15:27:21.919,0.82064,0.82087,1.12,1.75
2015.10.26 15:27:37.044,0.82063,0.82087,1.00,1.75
2015.10.26 15:27:39.737,0.82064,0.82088,1.00,1.75
2015.10.26 15:27:42.873,0.82063,0.82088,1.00,1.75
2015.10.26 15:27:46.379,0.82062,0.82085,1.12,1.50
2015.10.26 15:27:47.066,0.82064,0.82085,1.00,1.50
2015.10.26 15:27:47.928,0.82063,0.82085,1.00,2.25
2015.10.26 15:27:48.968,0.82062,0.82085,1.12,2.25
2015.10.26 15:27:50.227,0.82061,0.82085,1.00,1.75
2015.10.26 15:27:50.750,0.8206,0.82084,1.00,1.75
2015.10.26 15:27:52.409,0.82061,0.82085,1.00,1.75
2015.10.26 15:27:55.155,0.82058,0.82084,1.50,1.75
2015.10.26 15:27:55.265,0.82058,0.82085,2.10,3.00
2015.10.26 15:27:55.568,0.82065,0.8209,2.25,2.25
2015.10.26 15:27:55.973,0.82068,0.8209,2.25,1.50
2015.10.26 15:27:56.352,0.82073,0.82095,1.00,1.50
2015.10.26 15:27:56.407,0.82072,0.82095,1.50,1.50
2015.10.26 15:27:56.609,0.82075,0.82095,1.00,1.50
2015.10.26 15:27:57.115,0.82074,0.82095,1.00,1.50
2015.10.26 15:27:57.595,0.8207,0.82092,1.00,1.50
2015.10.26 15:27:58.101,0.82068,0.82093,1.50,1.75
2015.10.26 15:28:00.583,0.82071,0.82096,1.00,1.75
2015.10.26 15:28:00.685,0.82073,0.82097,1.00,1.75
2015.10.26 15:28:01.248,0.82071,0.82095,1.50,1.50
2015.10.26 15:28:03.677,0.82069,0.82093,1.12,1.75
2015.10.26 15:28:06.387,0.8207,0.82094,1.00,1.75
2015.10.26 15:28:08.184,0.82069,0.82094,1.12,1.75
2015.10.26 15:28:09.250,0.8207,0.82095,1.00,1.75
2015.10.26 15:28:09.760,0.82069,0.82095,1.87,1.75
2015.10.26 15:28:10.648,0.82071,0.82095,1.00,2.25
2015.10.26 15:28:13.307,0.82068,0.82094,1.50,1.75
2015.10.26 15:28:15.930,0.82066,0.82089,1.00,1.00
2015.10.26 15:28:17.868,0.82067,0.82089,1.00,1.00
2015.10.26 15:28:19.711,0.82066,0.82089,1.00,1.50
2015.10.26 15:28:21.415,0.82067,0.82089,1.00,1.00
2015.10.26 15:28:21.957,0.82066,0.82089,1.00,1.00
2015.10.26 15:28:23.765,0.82065,0.82089,1.50,1.50
2015.10.26 15:28:24.352,0.82065,0.82088,1.00,1.00
2015.10.26 15:28:25.879,0.82065,0.82089,1.50,1.50
2015.10.26 15:28:26.385,0.82065,0.82088,1.50,1.00
2015.10.26 15:28:26.912,0.82065,0.82089,1.50,1.50
2015.10.26 15:28:29.736,0.82065,0.82088,1.00,1.00
2015.10.26 15:28:29.938,0.82067,0.82089,1.00,1.00
2015.10.26 15:28:30.413,0.82069,0.82093,1.12,1.75
2015.10.26 15:28:42.826,0.82068,0.8209,1.50,1.00
2015.10.26 15:28:43.333,0.82067,0.82091,1.75,1.12
2015.10.26 15:28:44.552,0.82067,0.82091,1.12,1.75
2015.10.26 15:28:44.857,0.82069,0.82093,1.00,1.75
2015.10.26 15:28:45.740,0.82068,0.82091,1.00,1.75
2015.10.26 15:28:46.681,0.82066,0.8209,1.50,1.75
2015.10.26 15:28:53.232,0.82068,0.82093,1.00,1.75
2015.10.26 15:28:53.735,0.82067,0.82091,1.12,1.75
2015.10.26 15:28:56.535,0.82068,0.82091,1.00,1.00
2015.10.26 15:28:57.363,0.82068,0.8209,1.00,1.00
2015.10.26 15:28:57.868,0.82068,0.82091,1.00,1.00
2015.10.26 15:28:58.295,0.82065,0.8209,1.87,1.50
2015.10.26 15:29:02.640,0.82061,0.82088,1.75,1.75
2015.10.26 15:29:07.820,0.82058,0.82085,2.25,3.00
2015.10.26 15:29:09.146,0.8206,0.82086,1.75,1.50
2015.10.26 15:29:13.432,0.82059,0.82085,1.50,3.00
2015.10.26 15:29:18.609,0.82058,0.8208,1.75,1.00
2015.10.26 15:29:19.129,0.82056,0.82081,1.75,1.00
2015.10.26 15:29:19.715,0.82056,0.82082,1.75,1.12
2015.10.26 15:29:20.400,0.82056,0.82081,1.75,1.00
2015.10.26 15:29:20.919,0.82056,0.8208,1.75,1.00
2015.10.26 15:29:21.502,0.82056,0.82081,1.75,1.00
2015.10.26 15:29:22.033,0.82057,0.82083,2.25,1.50
2015.10.26 15:29:25.793,0.82057,0.82081,1.75,1.00
2015.10.26 15:29:26.342,0.82056,0.82082,1.75,1.12
2015.10.26 15:29:31.917,0.82057,0.8208,2.25,1.00
2015.10.26 15:29:32.120,0.82058,0.82084,1.75,1.75
2015.10.26 15:29:32.475,0.82058,0.8208,1.75,1.00
2015.10.26 15:29:32.576,0.82058,0.82082,1.75,1.12
2015.10.26 15:29:40.221,0.82056,0.82081,1.75,1.00
2015.10.26 15:29:40.475,0.82057,0.82082,1.00,1.75
2015.10.26 15:29:40.678,0.82054,0.82075,1.12,1.00
2015.10.26 15:29:40.728,0.82054,0.82067,1.12,1.00
2015.10.26 15:29:40.779,0.82048,0.82067,1.50,1.00
2015.10.26 15:29:40.932,0.82048,0.82069,1.50,1.00
2015.10.26 15:29:41.315,0.82048,0.82067,1.50,1.00
2015.10.26 15:29:41.366,0.82042,0.82067,1.75,1.50
2015.10.26 15:29:41.468,0.82044,0.82067,2.25,1.00
2015.10.26 15:29:41.519,0.82044,0.82069,2.25,1.12
2015.10.26 15:29:42.856,0.82048,0.82073,1.00,1.75
2015.10.26 15:29:42.907,0.82048,0.82074,2.25,1.50
2015.10.26 15:29:43.210,0.82054,0.82075,1.12,1.00
2015.10.26 15:29:43.466,0.82055,0.82081,2.25,1.50
2015.10.26 15:29:46.765,0.82055,0.82079,1.75,1.00
2015.10.26 15:29:47.881,0.82056,0.8208,1.75,1.12
2015.10.26 15:29:49.573,0.82056,0.82079,1.75,1.00
2015.10.26 15:29:50.109,0.82055,0.82082,2.25,2.25
2015.10.26 15:29:51.324,0.82056,0.82081,1.50,1.75
2015.10.26 15:29:51.832,0.82053,0.82075,1.50,1.00
2015.10.26 15:29:52.559,0.82055,0.82077,1.12,1.37
2015.10.26 15:29:54.357,0.82052,0.82072,1.75,1.00
2015.10.26 15:29:54.408,0.8205,0.82072,3.00,1.00
2015.10.26 15:29:54.459,0.8205,0.82074,2.25,1.00
2015.10.26 15:29:55.306,0.82053,0.82076,1.75,1.50
2015.10.26 15:29:55.408,0.82053,0.82076,1.50,2.25
2015.10.26 15:29:55.712,0.82053,0.82074,1.00,1.00
2015.10.26 15:29:56.015,0.82049,0.82072,1.75,1.00
2015.10.26 15:29:56.705,0.82049,0.82074,2.25,1.50
2015.10.26 15:29:57.141,0.82052,0.82076,1.75,2.25
2015.10.26 15:29:58.542,0.82055,0.8208,1.00,1.75
2015.10.26 15:29:58.744,0.82055,0.82079,1.50,1.50
2015.10.26 15:29:59.703,0.82054,0.82078,1.00,1.75
2015.10.26 15:30:00.006,0.82058,0.8208,1.50,1.00
2015.10.26 15:30:00.157,0.82058,0.82083,1.50,1.37
2015.10.26 15:30:00.846,0.82061,0.82085,1.00,1.75
2015.10.26 15:30:00.897,0.82063,0.82085,1.00,1.75
2015.10.26 15:30:01.149,0.82061,0.82085,1.00,1.75
2015.10.26 15:30:01.452,0.82061,0.82085,1.75,1.12
2015.10.26 15:30:06.479,0.82059,0.82084,2.25,1.00
2015.10.26 15:30:07.034,0.82059,0.82085,2.25,1.12
2015.10.26 15:30:14.428,0.8206,0.82083,1.75,1.00
2015.10.26 15:30:14.933,0.82059,0.82084,1.75,1.00
2015.10.26 15:30:16.145,0.82059,0.82084,2.25,1.75
2015.10.26 15:30:16.448,0.82058,0.8208,2.25,1.00
2015.10.26 15:30:16.954,0.82056,0.82081,2.25,1.00
2015.10.26 15:30:17.338,0.82056,0.82081,1.87,1.50
2015.10.26 15:30:20.892,0.82058,0.82083,1.75,1.75
2015.10.26 15:30:21.993,0.82058,0.8208,1.00,1.37
2015.10.26 15:30:22.503,0.82055,0.8208,1.50,1.37
2015.10.26 15:30:23.327,0.82058,0.82083,1.37,1.75
2015.10.26 15:30:23.378,0.82058,0.82083,1.75,1.75
2015.10.26 15:30:24.980,0.82057,0.8208,1.75,1.00
2015.10.26 15:30:26.413,0.82057,0.8208,1.12,1.50
2015.10.26 15:30:27.755,0.82058,0.82082,1.00,1.75
2015.10.26 15:30:27.806,0.82058,0.82083,2.25,1.75
2015.10.26 15:30:29.143,0.82057,0.8208,1.75,1.00
2015.10.26 15:30:29.648,0.82057,0.82081,1.75,1.12
2015.10.26 15:30:30.493,0.82057,0.8208,1.75,1.00
2015.10.26 15:30:30.544,0.82057,0.8208,1.12,1.50
2015.10.26 15:30:33.655,0.82058,0.8208,1.00,1.50
2015.10.26 15:30:35.315,0.82061,0.82085,1.50,2.10
2015.10.26 15:30:35.979,0.82061,0.82084,1.00,1.00
2015.10.26 15:30:36.131,0.82058,0.82083,2.25,1.75
2015.10.26 15:30:45.040,0.82058,0.82083,1.00,1.75
2015.10.26 15:30:45.545,0.82057,0.8208,1.12,1.50
2015.10.26 15:30:46.421,0.82057,0.8208,1.75,1.00
2015.10.26 15:30:51.631,0.82058,0.82083,2.25,1.75
2015.10.26 15:30:52.406,0.82058,0.8208,1.75,1.00
2015.10.26 15:30:52.922,0.82057,0.82082,2.25,1.50
2015.10.26 15:30:54.952,0.8206,0.82085,1.75,3.00
2015.10.26 15:30:55.628,0.82063,0.82085,1.00,1.50
2015.10.26 15:30:56.138,0.82064,0.82085,1.00,1.50
2015.10.26 15:30:56.643,0.82062,0.82085,1.12,1.50
2015.10.26 15:30:57.651,0.82064,0.82085,2.25,1.00
2015.10.26 15:30:58.106,0.82065,0.8209,1.12,2.85
2015.10.26 15:30:58.156,0.82067,0.8209,1.00,2.85
2015.10.26 15:31:00.253,0.82066,0.8209,1.00,2.85
2015.10.26 15:31:00.972,0.82073,0.8209,1.12,1.35
2015.10.26 15:31:01.074,0.82073,0.82098,1.12,2.25
2015.10.26 15:31:01.917,0.82074,0.82099,1.00,1.75
2015.10.26 15:31:02.592,0.82073,0.82098,1.12,1.75
2015.10.26 15:31:06.755,0.82074,0.82099,1.00,2.25
2015.10.26 15:31:07.397,0.82073,0.82098,1.12,1.75
2015.10.26 15:31:10.691,0.82074,0.82097,1.00,1.75
2015.10.26 15:31:11.326,0.82071,0.82096,2.25,1.50
2015.10.26 15:31:11.868,0.82074,0.82097,1.00,1.75
2015.10.26 15:31:12.369,0.82072,0.82097,1.50,1.75
2015.10.26 15:31:15.171,0.82074,0.82098,1.00,1.75
2015.10.26 15:31:15.783,0.82072,0.82098,2.25,2.25
2015.10.26 15:31:16.788,0.82076,0.82098,1.00,1.75
2015.10.26 15:31:16.889,0.82075,0.82098,1.75,1.00
2015.10.26 15:31:17.618,0.82078,0.821,1.12,1.50
2015.10.26 15:31:19.901,0.82078,0.82102,1.75,1.30
2015.10.26 15:31:19.951,0.82082,0.82102,1.00,1.30
2015.10.26 15:31:20.857,0.82084,0.82105,1.12,1.72
2015.10.26 15:31:20.908,0.82084,0.8211,1.50,2.25
2015.10.26 15:31:21.913,0.82083,0.82106,2.25,1.00
2015.10.26 15:31:22.814,0.8208,0.82107,2.25,1.75
2015.10.26 15:31:26.240,0.82082,0.82106,1.00,1.75
2015.10.26 15:31:26.989,0.82081,0.82108,1.12,1.75
2015.10.26 15:31:27.292,0.82083,0.82109,1.12,2.25
2015.10.26 15:31:27.343,0.82084,0.82109,1.12,1.75
2015.10.26 15:31:39.111,0.82085,0.8211,1.00,1.75
2015.10.26 15:31:39.634,0.82084,0.8211,1.87,1.75
2015.10.26 15:31:41.952,0.82085,0.8211,1.00,2.25
2015.10.26 15:31:43.634,0.82086,0.8211,1.00,2.25
2015.10.26 15:31:44.504,0.82085,0.8211,1.12,1.75
2015.10.26 15:31:45.122,0.82086,0.82111,1.00,1.75
2015.10.26 15:31:45.657,0.82085,0.8211,1.12,1.75
2015.10.26 15:31:46.924,0.82086,0.82111,1.00,1.75
2015.10.26 15:31:48.824,0.82087,0.82112,1.50,1.35
2015.10.26 15:31:48.975,0.82092,0.82115,1.00,1.75
2015.10.26 15:31:49.178,0.82093,0.82117,1.00,2.25
2015.10.26 15:31:53.255,0.82093,0.8212,2.25,3.00
2015.10.26 15:31:53.306,0.82095,0.8212,1.75,2.25
2015.10.26 15:31:58.417,0.821,0.8212,1.00,1.50
2015.10.26 15:31:58.468,0.82101,0.82125,1.12,1.75
2015.10.26 15:31:58.570,0.82101,0.82125,1.50,1.37
2015.10.26 15:31:58.621,0.82101,0.82125,2.25,1.12
2015.10.26 15:31:59.793,0.821,0.82118,1.37,1.12
2015.10.26 15:31:59.844,0.82093,0.82118,1.75,1.12
2015.10.26 15:31:59.995,0.82093,0.82116,1.12,1.50
2015.10.26 15:32:00.248,0.82088,0.82113,1.75,1.50
2015.10.26 15:32:02.327,0.82091,0.82115,1.00,1.75
2015.10.26 15:32:02.429,0.82092,0.82115,1.50,1.50
2015.10.26 15:32:02.731,0.82093,0.82115,1.75,1.00
2015.10.26 15:32:02.832,0.82093,0.82117,1.75,1.12
2015.10.26 15:32:10.150,0.82092,0.82116,1.75,1.00
2015.10.26 15:32:11.785,0.82092,0.82117,2.25,1.12
2015.10.26 15:32:13.419,0.82092,0.82115,2.25,1.00
2015.10.26 15:32:15.630,0.82091,0.82115,1.00,1.50
2015.10.26 15:32:17.352,0.82091,0.82114,1.00,1.00
2015.10.26 15:32:17.946,0.82091,0.82115,1.00,2.25
2015.10.26 15:32:18.698,0.82092,0.82115,1.00,1.50
2015.10.26 15:32:20.590,0.82093,0.82115,1.00,1.50
2015.10.26 15:32:21.153,0.82092,0.82115,1.00,1.00
2015.10.26 15:32:21.658,0.82093,0.82115,1.50,1.00
2015.10.26 15:32:21.708,0.82095,0.82115,1.00,1.00
2015.10.26 15:32:22.062,0.82093,0.82115,1.50,1.00
2015.10.26 15:32:22.582,0.82094,0.82115,1.00,1.00
2015.10.26 15:32:24.601,0.82093,0.82115,1.50,1.50
2015.10.26 15:32:25.672,0.82094,0.82115,1.00,1.00
2015.10.26 15:32:25.723,0.82092,0.82115,1.50,1.00
2015.10.26 15:32:26.305,0.82091,0.82115,1.50,1.00
2015.10.26 15:32:27.647,0.82092,0.82115,1.00,1.00
2015.10.26 15:32:28.159,0.82093,0.82115,1.00,1.00
2015.10.26 15:32:28.876,0.82092,0.82115,1.00,1.00
2015.10.26 15:32:29.725,0.82091,0.82115,1.50,1.50
2015.10.26 15:32:30.461,0.82092,0.82115,1.00,1.50
2015.10.26 15:32:30.986,0.82092,0.82115,1.12,1.50
2015.10.26 15:32:32.729,0.82093,0.82115,1.00,1.50
2015.10.26 15:32:33.233,0.82092,0.82115,1.87,1.50
2015.10.26 15:32:33.784,0.82093,0.82115,1.00,1.50
2015.10.26 15:32:34.289,0.82092,0.82115,1.12,1.50
2015.10.26 15:32:39.817,0.82091,0.82115,2.62,1.50
2015.10.26 15:32:40.330,0.82092,0.82115,1.00,1.75
2015.10.26 15:32:40.870,0.82093,0.82115,1.00,1.75
2015.10.26 15:32:43.949,0.82092,0.82115,1.00,1.75
2015.10.26 15:32:44.478,0.82091,0.82115,1.00,1.75
2015.10.26 15:32:45.818,0.8209,0.82115,1.87,1.75
2015.10.26 15:32:53.094,0.82088,0.82113,1.00,1.75
2015.10.26 15:32:53.607,0.82087,0.82112,1.87,1.75
2015.10.26 15:32:54.697,0.82088,0.82113,1.00,1.75
2015.10.26 15:32:55.204,0.82089,0.82115,1.00,3.00
2015.10.26 15:32:55.513,0.82091,0.82115,1.00,2.25
2015.10.26 15:32:56.715,0.82092,0.82115,1.00,2.25
2015.10.26 15:32:57.556,0.82089,0.82114,1.00,2.25
2015.10.26 15:32:58.020,0.82089,0.82113,1.00,1.75
2015.10.26 15:32:58.071,0.82087,0.8211,1.00,1.50
2015.10.26 15:32:58.373,0.82084,0.8211,1.12,1.75
2015.10.26 15:32:58.752,0.82089,0.8211,1.00,1.75
2015.10.26 15:32:59.282,0.82087,0.82111,1.00,1.75
2015.10.26 15:32:59.383,0.82085,0.8211,1.00,1.75
2015.10.26 15:32:59.585,0.82087,0.8211,1.00,1.75
2015.10.26 15:33:00.698,0.82089,0.8211,1.00,1.75
2015.10.26 15:33:00.799,0.82087,0.8211,1.00,1.75
2015.10.26 15:33:00.900,0.82087,0.8211,1.12,1.75
2015.10.26 15:33:01.240,0.82087,0.8211,1.00,1.75
2015.10.26 15:33:01.903,0.82086,0.8211,1.00,1.75
2015.10.26 15:33:02.446,0.82085,0.8211,1.50,1.75
2015.10.26 15:33:03.316,0.82086,0.8211,1.00,1.75
2015.10.26 15:33:04.456,0.82085,0.8211,1.50,2.25
2015.10.26 15:33:05.094,0.82086,0.8211,1.00,1.75
2015.10.26 15:33:09.285,0.82087,0.8211,1.00,1.75
2015.10.26 15:33:09.821,0.82086,0.8211,1.00,2.25
2015.10.26 15:33:10.426,0.82087,0.8211,1.00,1.75
2015.10.26 15:33:10.577,0.82087,0.82108,1.12,1.00
2015.10.26 15:33:14.159,0.82086,0.8211,1.87,1.75
2015.10.26 15:33:14.921,0.82088,0.82107,1.00,1.00
2015.10.26 15:33:15.124,0.82086,0.82107,1.00,1.00
2015.10.26 15:33:16.139,0.82085,0.82107,1.00,1.00
2015.10.26 15:33:16.672,0.82086,0.82107,1.00,1.00
2015.10.26 15:33:17.189,0.82088,0.82107,1.00,1.00
2015.10.26 15:33:17.603,0.82086,0.8211,1.37,1.87
2015.10.26 15:33:17.704,0.82085,0.8211,1.87,1.87
2015.10.26 15:33:18.986,0.82089,0.82112,1.00,1.75
2015.10.26 15:33:19.391,0.82091,0.82114,1.00,2.25
2015.10.26 15:33:19.441,0.82091,0.82115,1.00,1.75
2015.10.26 15:33:19.708,0.82096,0.82115,1.00,1.75
2015.10.26 15:33:19.759,0.82096,0.82115,1.00,1.75
2015.10.26 15:33:20.570,0.82097,0.8212,1.00,2.25
2015.10.26 15:33:21.086,0.82097,0.82121,1.00,2.25
2015.10.26 15:33:21.137,0.82097,0.82122,1.00,1.75
2015.10.26 15:33:22.290,0.82095,0.8212,1.50,1.75
2015.10.26 15:33:22.905,0.82096,0.82118,1.00,1.75
2015.10.26 15:33:23.539,0.82095,0.82119,1.00,1.75
2015.10.26 15:33:24.196,0.82094,0.82118,1.00,1.75
2015.10.26 15:33:24.776,0.82094,0.82118,1.00,1.75
2015.10.26 15:33:28.063,0.82095,0.82117,1.00,1.75
2015.10.26 15:33:28.836,0.82096,0.82118,1.00,1.75
2015.10.26 15:33:32.447,0.82099,0.82119,1.00,3.00
2015.10.26 15:33:32.498,0.82099,0.82122,1.00,3.00
2015.10.26 15:33:32.788,0.82097,0.82122,1.00,3.00
2015.10.26 15:33:33.315,0.82096,0.82121,1.00,1.75
2015.10.26 15:33:34.299,0.82095,0.82113,1.00,1.00
2015.10.26 15:33:34.753,0.82097,0.82121,1.00,2.25
2015.10.26 15:33:34.804,0.82097,0.82122,1.00,3.00
2015.10.26 15:33:34.855,0.82095,0.82121,1.00,1.75
2015.10.26 15:33:35.108,0.82092,0.82115,2.25,1.30
2015.10.26 15:33:35.159,0.82092,0.82111,1.37,1.00
2015.10.26 15:33:35.210,0.82091,0.82111,1.00,1.00
2015.10.26 15:33:35.744,0.8209,0.8211,1.50,1.00
2015.10.26 15:33:35.795,0.8209,0.82115,1.50,2.25
2015.10.26 15:33:35.846,0.8209,0.82115,1.12,2.25
2015.10.26 15:33:35.998,0.82093,0.82115,1.00,1.12
2015.10.26 15:33:36.100,0.82091,0.8211,1.87,1.00
2015.10.26 15:33:36.353,0.82087,0.8211,1.37,1.37
2015.10.26 15:33:36.404,0.82085,0.8211,2.25,1.75
2015.10.26 15:33:37.038,0.82084,0.82105,1.75,1.00
2015.10.26 15:33:37.500,0.82081,0.82105,2.25,1.50
2015.10.26 15:33:40.442,0.8208,0.82104,1.12,1.50
2015.10.26 15:33:40.937,0.82078,0.821,1.50,1.00
2015.10.26 15:33:42.222,0.82081,0.821,1.00,1.00
2015.10.26 15:33:42.374,0.82082,0.82105,1.00,1.75
2015.10.26 15:33:43.427,0.82083,0.82105,1.00,1.75
2015.10.26 15:33:43.931,0.82082,0.82105,1.00,1.75
2015.10.26 15:33:44.801,0.82082,0.82105,1.37,1.50
2015.10.26 15:33:45.318,0.8208,0.82105,1.75,1.87
2015.10.26 15:33:47.892,0.8208,0.821,2.25,1.00
2015.10.26 15:33:48.098,0.8208,0.82106,2.25,3.60
2015.10.26 15:33:50.645,0.8208,0.82105,1.12,3.00
2015.10.26 15:33:51.673,0.82082,0.82107,1.00,1.75
2015.10.26 15:33:52.019,0.82084,0.82109,1.00,3.00
2015.10.26 15:33:52.440,0.82085,0.82109,1.00,1.75
2015.10.26 15:33:54.009,0.82083,0.82107,1.12,1.75
2015.10.26 15:33:54.530,0.82084,0.82108,1.00,1.75
2015.10.26 15:33:55.638,0.82085,0.82108,1.00,1.75
2015.10.26 15:33:56.194,0.82086,0.82108,1.00,1.75
2015.10.26 15:33:57.009,0.82085,0.82108,1.00,1.75
2015.10.26 15:33:58.928,0.82084,0.82107,1.00,1.75
2015.10.26 15:33:59.576,0.82085,0.82107,1.00,1.75
2015.10.26 15:33:59.999,0.82083,0.82107,1.12,1.75
2015.10.26 15:34:01.806,0.82085,0.82108,1.00,1.75
2015.10.26 15:34:03.169,0.82084,0.82108,1.00,1.75
2015.10.26 15:34:03.695,0.82083,0.82108,1.87,1.75
2015.10.26 15:34:03.998,0.82085,0.82109,1.00,1.75
2015.10.26 15:34:04.515,0.82084,0.82109,1.50,1.75
2015.10.26 15:34:04.819,0.82087,0.82109,1.00,1.75
2015.10.26 15:34:10.487,0.82086,0.82109,1.00,1.75
2015.10.26 15:34:11.133,0.82087,0.82112,1.00,2.25
2015.10.26 15:34:13.336,0.82086,0.82111,1.00,2.25
2015.10.26 15:34:14.370,0.82087,0.82111,1.00,1.75
2015.10.26 15:34:14.623,0.82087,0.82112,1.12,1.75
2015.10.26 15:34:15.192,0.82086,0.82111,1.12,2.25
2015.10.26 15:34:15.686,0.82086,0.82107,1.00,1.50
2015.10.26 15:34:16.209,0.82085,0.82107,1.00,1.75
2015.10.26 15:34:17.453,0.82086,0.82107,1.00,1.75
2015.10.26 15:34:18.068,0.82085,0.8211,1.00,2.25
2015.10.26 15:34:19.061,0.82086,0.8211,1.00,2.25
2015.10.26 15:34:20.741,0.82084,0.8211,1.00,2.25
2015.10.26 15:34:21.044,0.82086,0.8211,1.00,2.25
2015.10.26 15:34:23.038,0.82085,0.8211,1.00,1.75
2015.10.26 15:34:23.911,0.82082,0.82108,1.00,1.75
2015.10.26 15:34:24.365,0.82084,0.82108,1.00,1.75
2015.10.26 15:34:25.809,0.82083,0.82108,1.00,1.75
2015.10.26 15:34:27.070,0.82082,0.82107,1.00,2.25
2015.10.26 15:34:27.631,0.82083,0.82106,1.00,1.75
2015.10.26 15:34:28.782,0.82083,0.82105,1.00,1.75
2015.10.26 15:34:28.833,0.8208,0.82105,1.00,1.75
2015.10.26 15:34:29.249,0.82079,0.82102,1.00,1.50
2015.10.26 15:34:29.401,0.82076,0.82102,1.00,1.75
2015.10.26 15:34:29.512,0.82078,0.82102,1.00,1.75
2015.10.26 15:34:30.619,0.82079,0.82102,1.00,1.75
2015.10.26 15:34:32.074,0.8208,0.82102,1.00,1.75
2015.10.26 15:34:33.045,0.82079,0.82104,1.00,2.25
2015.10.26 15:34:34.040,0.8208,0.82104,1.00,1.75
2015.10.26 15:34:34.456,0.8208,0.82104,1.00,1.75
2015.10.26 15:34:35.239,0.82081,0.82104,1.00,1.75
2015.10.26 15:34:37.112,0.82082,0.82105,1.00,1.75
2015.10.26 15:34:38.819,0.8208,0.82104,1.00,1.75
2015.10.26 15:34:39.407,0.82081,0.82104,1.00,1.75
2015.10.26 15:34:40.863,0.82079,0.82106,1.00,2.25
2015.10.26 15:34:41.063,0.82081,0.82106,1.00,2.25
2015.10.26 15:34:42.396,0.82078,0.82105,1.87,3.00
2015.10.26 15:34:42.598,0.8208,0.82104,1.00,2.25
2015.10.26 15:34:43.297,0.82079,0.82104,1.00,3.00
2015.10.26 15:34:43.619,0.8208,0.82103,1.00,1.75
2015.10.26 15:34:43.721,0.82078,0.82103,1.00,1.75
2015.10.26 15:34:44.438,0.82081,0.82103,1.00,1.75
2015.10.26 15:34:44.842,0.82079,0.82103,1.00,1.75
2015.10.26 15:34:45.719,0.8208,0.82103,1.00,1.75
2015.10.26 15:34:46.223,0.82079,0.82105,1.00,3.00
2015.10.26 15:34:47.000,0.82078,0.82104,1.50,2.25
2015.10.26 15:34:47.454,0.82076,0.82101,1.00,1.75
2015.10.26 15:34:47.756,0.82078,0.82102,1.00,3.00
2015.10.26 15:34:48.651,0.82077,0.82102,1.00,3.75
2015.10.26 15:34:49.236,0.82077,0.82102,1.00,2.25
2015.10.26 15:34:50.136,0.82078,0.82102,1.00,1.75
2015.10.26 15:34:50.956,0.82079,0.82102,1.00,1.75
2015.10.26 15:34:52.620,0.82077,0.82102,1.00,1.75
2015.10.26 15:34:53.258,0.82079,0.82102,1.00,1.75
2015.10.26 15:34:53.770,0.82078,0.82103,1.00,2.25
2015.10.26 15:34:54.271,0.82079,0.82103,1.00,1.75
2015.10.26 15:34:55.320,0.82078,0.82102,1.00,1.75
2015.10.26 15:34:55.723,0.82075,0.821,1.12,1.75
2015.10.26 15:34:55.825,0.82077,0.821,1.00,1.75
2015.10.26 15:34:56.252,0.82079,0.82102,1.00,1.75
2015.10.26 15:34:56.931,0.82078,0.82101,1.00,1.75
2015.10.26 15:34:57.449,0.82077,0.82101,1.00,1.75
2015.10.26 15:34:57.917,0.82079,0.82102,1.00,1.75
2015.10.26 15:34:59.004,0.82078,0.82103,1.00,2.25
2015.10.26 15:34:59.544,0.82079,0.82103,1.00,1.75
2015.10.26 15:35:01.065,0.82078,0.82103,1.00,2.25
2015.10.26 15:35:01.616,0.82079,0.82103,1.00,1.75
2015.10.26 15:35:02.578,0.82077,0.82103,1.00,2.25
2015.10.26 15:35:02.780,0.82079,0.82104,1.00,2.25
2015.10.26 15:35:03.285,0.8208,0.82104,1.00,1.75
2015.10.26 15:35:03.908,0.82082,0.82104,1.00,1.75
2015.10.26 15:35:03.959,0.82082,0.82106,1.00,1.75
2015.10.26 15:35:04.473,0.82081,0.82107,1.00,3.75
2015.10.26 15:35:05.247,0.82082,0.82107,1.00,3.75
2015.10.26 15:35:05.840,0.82081,0.82107,1.00,3.00
2015.10.26 15:35:06.381,0.8208,0.82107,1.50,2.25
2015.10.26 15:35:06.812,0.82082,0.82107,1.00,2.25
2015.10.26 15:35:06.863,0.82083,0.82108,1.00,2.25
2015.10.26 15:35:07.370,0.82082,0.82106,1.00,1.75
2015.10.26 15:35:07.946,0.82081,0.82106,1.87,1.75
2015.10.26 15:35:07.997,0.82083,0.82106,1.00,1.75
2015.10.26 15:35:08.250,0.82083,0.82106,1.12,1.50
2015.10.26 15:35:11.392,0.82084,0.82106,1.00,2.25
2015.10.26 15:35:11.898,0.82082,0.82105,1.50,1.12
2015.10.26 15:35:15.751,0.82084,0.82107,1.00,2.10
2015.10.26 15:35:16.962,0.82082,0.82107,1.50,2.10
2015.10.26 15:35:20.688,0.82084,0.82106,1.00,1.50
2015.10.26 15:35:21.797,0.82082,0.82105,1.50,1.12
2015.10.26 15:35:24.407,0.82081,0.82105,1.00,1.75
2015.10.26 15:35:24.959,0.82082,0.82106,1.00,1.75
2015.10.26 15:35:25.476,0.82083,0.82106,1.00,1.75
2015.10.26 15:35:28.878,0.82083,0.82107,1.12,2.10
2015.10.26 15:35:29.385,0.82083,0.82107,1.12,2.10
2015.10.26 15:35:30.589,0.82084,0.82107,1.00,2.10
2015.10.26 15:35:31.142,0.82083,0.82107,1.12,2.10
2015.10.26 15:35:32.457,0.82084,0.82107,1.00,2.10
2015.10.26 15:35:33.715,0.82083,0.82105,1.00,2.25
2015.10.26 15:35:33.766,0.82081,0.82105,1.00,2.25
2015.10.26 15:35:34.472,0.82082,0.82105,1.00,2.25
2015.10.26 15:35:35.311,0.82081,0.82105,1.00,2.25
2015.10.26 15:35:41.281,0.82083,0.82105,1.00,1.75
2015.10.26 15:35:42.038,0.82081,0.82105,1.00,1.75
2015.10.26 15:35:42.544,0.8208,0.82105,1.87,3.00
2015.10.26 15:35:43.240,0.82079,0.82101,1.50,1.00
2015.10.26 15:35:43.789,0.8208,0.82102,1.12,1.12
2015.10.26 15:35:45.035,0.82084,0.82104,1.12,1.00
2015.10.26 15:35:45.086,0.82084,0.82109,1.12,2.62
2015.10.26 15:35:45.137,0.8209,0.82109,1.00,1.12
2015.10.26 15:35:45.340,0.82092,0.82115,1.00,2.10
2015.10.26 15:35:45.441,0.82087,0.82109,1.00,1.50
2015.10.26 15:35:45.543,0.82085,0.82109,3.00,1.50
2015.10.26 15:35:45.645,0.8209,0.82109,1.00,1.75
2015.10.26 15:35:45.848,0.8209,0.82114,1.00,2.25
2015.10.26 15:35:46.429,0.82091,0.82116,1.00,1.75
2015.10.26 15:35:46.892,0.82089,0.82114,1.12,2.25
2015.10.26 15:35:47.798,0.8209,0.82114,1.00,1.75
2015.10.26 15:35:49.862,0.82091,0.82113,1.00,1.50
2015.10.26 15:35:50.401,0.82092,0.82113,1.00,1.50
2015.10.26 15:35:50.916,0.82091,0.82115,1.00,2.25
2015.10.26 15:35:51.170,0.82087,0.82112,1.50,1.37
2015.10.26 15:35:51.271,0.82086,0.8211,1.12,1.75
2015.10.26 15:35:56.595,0.82089,0.82111,1.00,1.75
2015.10.26 15:35:56.898,0.82091,0.82114,1.00,1.75
2015.10.26 15:35:57.556,0.8209,0.82114,1.00,1.75
2015.10.26 15:35:58.088,0.82085,0.82108,1.00,2.25
2015.10.26 15:35:58.444,0.8208,0.82104,2.25,1.00
2015.10.26 15:35:59.437,0.82079,0.82104,1.75,1.60
2015.10.26 15:36:00.163,0.8208,0.82103,1.12,2.85
2015.10.26 15:36:00.742,0.82081,0.82103,1.00,2.10
2015.10.26 15:36:01.608,0.8208,0.82103,1.87,2.10
2015.10.26 15:36:02.132,0.82081,0.82103,1.00,1.67
2015.10.26 15:36:03.161,0.8208,0.82103,1.87,2.10
2015.10.26 15:36:03.262,0.82082,0.82103,1.00,1.67
2015.10.26 15:36:03.872,0.82083,0.82104,1.00,1.60
2015.10.26 15:36:04.389,0.82081,0.82104,1.50,1.60
2015.10.26 15:36:10.438,0.82083,0.82106,1.00,1.72
2015.10.26 15:36:10.938,0.82083,0.82106,1.00,1.12
2015.10.26 15:36:10.989,0.82085,0.82106,1.00,1.12
2015.10.26 15:36:11.191,0.82085,0.82108,2.25,1.30
2015.10.26 15:36:12.527,0.82087,0.8211,1.00,1.75
2015.10.26 15:36:12.848,0.82088,0.82113,1.50,1.75
2015.10.26 15:36:16.038,0.82085,0.82108,1.75,1.35
2015.10.26 15:36:16.089,0.82083,0.82107,1.50,1.00
2015.10.26 15:36:16.190,0.8208,0.82102,1.50,1.00
2015.10.26 15:36:16.853,0.82078,0.82101,1.00,1.00
2015.10.26 15:36:17.260,0.8208,0.82102,1.00,1.50
2015.10.26 15:36:18.742,0.82078,0.82102,1.00,1.50
2015.10.26 15:36:19.349,0.82078,0.82101,1.00,1.00
2015.10.26 15:36:20.121,0.82078,0.82102,1.00,1.50
2015.10.26 15:36:21.709,0.82079,0.82102,1.00,1.50
2015.10.26 15:36:22.163,0.82081,0.82102,1.00,1.00
2015.10.26 15:36:22.466,0.82085,0.82106,1.00,1.75
2015.10.26 15:36:22.917,0.82081,0.82107,2.25,1.75
2015.10.26 15:36:22.968,0.82085,0.82107,1.00,1.75
2015.10.26 15:36:23.069,0.82081,0.82105,1.50,1.50
2015.10.26 15:36:24.513,0.82085,0.82105,1.00,1.50
2015.10.26 15:36:25.266,0.82084,0.82107,1.00,1.75
2015.10.26 15:36:25.518,0.82084,0.8211,3.00,1.75
2015.10.26 15:36:27.245,0.82086,0.82111,1.00,1.75
2015.10.26 15:36:27.346,0.82086,0.82111,1.50,1.37
2015.10.26 15:36:30.669,0.82084,0.82108,1.75,1.00
2015.10.26 15:36:30.771,0.82083,0.82108,1.75,1.50
2015.10.26 15:36:32.941,0.82082,0.82107,1.50,1.75
2015.10.26 15:36:35.054,0.8208,0.82106,1.87,1.75
2015.10.26 15:36:35.706,0.82081,0.82106,1.00,1.75
2015.10.26 15:36:36.255,0.8208,0.82106,1.12,1.75
2015.10.26 15:36:37.165,0.82078,0.821,1.50,1.00
2015.10.26 15:36:37.368,0.82076,0.821,1.50,1.00
2015.10.26 15:36:37.469,0.82076,0.82101,1.00,2.25
2015.10.26 15:36:38.388,0.82075,0.82101,1.50,3.00
2015.10.26 15:36:40.321,0.8208,0.821,1.00,1.75
2015.10.26 15:36:40.374,0.82075,0.821,1.50,1.75
2015.10.26 15:36:40.879,0.82076,0.82101,1.50,1.75
2015.10.26 15:36:42.582,0.82076,0.82099,1.00,1.75
2015.10.26 15:36:43.193,0.82075,0.82099,1.00,1.75
2015.10.26 15:36:45.684,0.82072,0.82097,1.12,1.75
2015.10.26 15:36:46.729,0.82073,0.82098,1.00,2.25
2015.10.26 15:36:47.082,0.82075,0.82099,1.00,1.75
2015.10.26 15:36:47.385,0.8208,0.82101,1.00,2.25
2015.10.26 15:36:47.758,0.82075,0.821,2.25,1.75
2015.10.26 15:36:49.810,0.82074,0.82099,1.00,1.75
2015.10.26 15:36:51.161,0.82073,0.82098,1.00,1.75
2015.10.26 15:36:53.416,0.82072,0.82098,1.12,1.75
2015.10.26 15:36:54.094,0.82073,0.82098,1.00,1.75
2015.10.26 15:36:55.964,0.8207,0.82094,2.25,1.50
2015.10.26 15:36:59.719,0.8207,0.82095,1.50,1.75
2015.10.26 15:37:02.266,0.82071,0.82097,1.00,1.75
2015.10.26 15:37:02.922,0.8207,0.82097,2.25,1.75
2015.10.26 15:37:04.888,0.82071,0.82096,1.00,1.75
2015.10.26 15:37:05.392,0.8207,0.82095,2.25,1.75
2015.10.26 15:37:07.376,0.82071,0.82095,1.00,1.75
2015.10.26 15:37:07.534,0.82071,0.82096,2.25,1.75
2015.10.26 15:37:09.406,0.82075,0.82098,1.00,1.75
2015.10.26 15:37:13.585,0.82076,0.82098,1.00,1.75
2015.10.26 15:37:13.636,0.82075,0.82098,1.12,1.50
2015.10.26 15:37:21.143,0.82075,0.82096,1.87,1.00
2015.10.26 15:37:21.649,0.82075,0.82098,1.87,1.50
2015.10.26 15:37:25.951,0.82068,0.8209,1.67,2.25
2015.10.26 15:37:26.053,0.82065,0.82089,2.25,1.00
2015.10.26 15:37:26.205,0.82065,0.82087,1.50,1.00
2015.10.26 15:37:26.508,0.8206,0.82084,1.50,1.50
2015.10.26 15:37:27.530,0.82062,0.82085,1.00,1.75
2015.10.26 15:37:27.833,0.82064,0.8209,1.50,1.75
2015.10.26 15:37:28.994,0.82066,0.82091,1.37,2.25
2015.10.26 15:37:29.095,0.82065,0.8209,2.25,1.50
2015.10.26 15:37:30.424,0.82066,0.82093,2.25,2.25
2015.10.26 15:37:30.475,0.82066,0.82093,2.25,2.25
2015.10.26 15:37:33.344,0.82067,0.82091,1.75,1.00
2015.10.26 15:37:34.013,0.82066,0.82091,1.75,1.87
2015.10.26 15:37:34.064,0.82066,0.82091,1.75,2.25
2015.10.26 15:37:34.267,0.82065,0.82088,1.75,1.00
2015.10.26 15:37:35.062,0.82062,0.82087,2.10,1.00
2015.10.26 15:37:35.113,0.82064,0.82087,1.00,1.75
2015.10.26 15:37:35.619,0.82065,0.82088,1.50,1.75
2015.10.26 15:37:36.874,0.82066,0.82091,1.00,2.25
2015.10.26 15:37:39.636,0.82065,0.8209,1.50,1.75
2015.10.26 15:37:52.635,0.82066,0.82091,1.00,3.00
2015.10.26 15:37:54.606,0.82067,0.82092,1.00,2.25
2015.10.26 15:37:55.147,0.82066,0.82092,1.00,1.75
2015.10.26 15:37:56.102,0.82067,0.82092,1.00,1.75
2015.10.26 15:37:59.198,0.82068,0.82093,1.00,3.75
2015.10.26 15:37:59.249,0.82068,0.82093,1.00,2.25
2015.10.26 15:38:00.330,0.82067,0.82092,1.50,1.75
2015.10.26 15:38:00.828,0.82065,0.8209,2.62,1.75
2015.10.26 15:38:01.333,0.82065,0.8209,1.00,1.75
2015.10.26 15:38:05.499,0.82062,0.82086,2.25,1.50
2015.10.26 15:38:06.684,0.8206,0.82086,2.25,1.75
2015.10.26 15:38:07.195,0.82059,0.82085,1.12,1.75
2015.10.26 15:38:07.623,0.82058,0.82082,1.35,1.75
2015.10.26 15:38:08.126,0.82056,0.82082,1.87,1.75
2015.10.26 15:38:09.063,0.82056,0.82081,1.00,1.75
2015.10.26 15:38:09.590,0.82055,0.82081,2.25,1.75
2015.10.26 15:38:10.986,0.82056,0.82081,1.00,1.75
2015.10.26 15:38:11.945,0.82057,0.82082,1.00,1.75
2015.10.26 15:38:15.079,0.82057,0.82082,1.12,1.75
2015.10.26 15:38:20.058,0.82055,0.82078,1.75,1.00
2015.10.26 15:38:20.751,0.82057,0.8208,1.12,1.50
2015.10.26 15:38:21.216,0.82059,0.82081,1.00,1.75
2015.10.26 15:38:22.461,0.8206,0.82083,1.00,1.75
2015.10.26 15:38:25.790,0.82059,0.82083,1.00,1.75
2015.10.26 15:38:28.933,0.82058,0.82082,1.00,1.75
2015.10.26 15:38:30.104,0.82059,0.82082,1.00,1.75
2015.10.26 15:38:30.652,0.82058,0.82082,1.00,1.75
2015.10.26 15:38:31.754,0.82056,0.82081,1.50,1.75
2015.10.26 15:38:33.078,0.82062,0.82085,1.50,1.50
2015.10.26 15:38:34.557,0.8206,0.82085,1.12,1.75
2015.10.26 15:38:37.557,0.82056,0.8208,1.37,1.00
2015.10.26 15:38:37.608,0.82056,0.8208,1.87,1.37
2015.10.26 15:38:41.538,0.82058,0.82083,1.75,1.50
2015.10.26 15:38:42.229,0.82058,0.82083,1.37,1.50
2015.10.26 15:38:42.280,0.82057,0.82083,1.50,1.75
2015.10.26 15:38:43.298,0.82055,0.82081,1.50,1.75
2015.10.26 15:38:43.551,0.82058,0.82081,1.00,1.75
2015.10.26 15:38:43.754,0.82056,0.82081,1.12,1.75
2015.10.26 15:38:43.957,0.82053,0.82078,1.00,1.75
2015.10.26 15:38:44.489,0.82052,0.82079,1.12,2.25
2015.10.26 15:38:44.998,0.82053,0.82078,1.00,1.75
2015.10.26 15:38:45.796,0.82052,0.82077,1.87,1.75
2015.10.26 15:38:46.300,0.82053,0.82078,1.00,2.25
2015.10.26 15:38:48.074,0.82052,0.82078,1.12,2.25
2015.10.26 15:38:51.545,0.8205,0.82075,1.37,1.50
2015.10.26 15:38:52.253,0.8205,0.82072,1.00,1.50
2015.10.26 15:38:54.417,0.82053,0.82075,1.00,1.75
2015.10.26 15:38:54.619,0.82056,0.82079,1.00,1.75
2015.10.26 15:38:55.130,0.82057,0.82081,1.00,1.75
2015.10.26 15:38:55.840,0.82056,0.82081,1.00,1.75
2015.10.26 15:38:56.547,0.82055,0.82081,1.00,2.25
2015.10.26 15:38:57.052,0.82056,0.8208,1.00,1.75
2015.10.26 15:38:59.956,0.82058,0.8208,1.00,1.75
2015.10.26 15:39:00.208,0.82059,0.82085,1.12,3.00
2015.10.26 15:39:00.833,0.82061,0.82085,1.00,1.75
2015.10.26 15:39:01.703,0.8206,0.82085,1.50,1.75
2015.10.26 15:39:03.613,0.82059,0.82084,1.12,1.75
2015.10.26 15:39:04.154,0.8206,0.82084,1.50,1.75
2015.10.26 15:39:04.869,0.82062,0.82086,1.00,1.75
2015.10.26 15:39:05.372,0.82063,0.82088,1.00,3.00
2015.10.26 15:39:06.245,0.82061,0.82087,1.50,1.75
2015.10.26 15:39:06.298,0.82061,0.82088,2.25,2.25
2015.10.26 15:39:09.004,0.8206,0.82086,1.12,1.75
2015.10.26 15:39:12.265,0.82061,0.82086,1.00,1.75
2015.10.26 15:39:12.719,0.82064,0.8209,1.12,2.25
2015.10.26 15:39:14.033,0.8206,0.82086,3.00,1.75
2015.10.26 15:39:15.975,0.82063,0.82087,1.00,1.75
2015.10.26 15:39:16.511,0.82062,0.82087,1.00,1.75
2015.10.26 15:39:18.803,0.82062,0.82089,1.37,2.25
2015.10.26 15:39:18.855,0.82063,0.82087,1.00,1.00
2015.10.26 15:39:24.113,0.82064,0.82087,1.00,1.00
2015.10.26 15:39:24.740,0.82067,0.82089,1.50,1.00
2015.10.26 15:39:24.792,0.82067,0.82091,1.50,1.00
2015.10.26 15:39:25.980,0.82062,0.82087,2.25,1.12
2015.10.26 15:39:26.132,0.8206,0.82083,1.00,1.75
2015.10.26 15:39:26.384,0.82057,0.82081,1.37,1.50
2015.10.26 15:39:26.435,0.82055,0.82081,1.12,2.25
2015.10.26 15:39:32.247,0.82056,0.82081,1.00,1.75
2015.10.26 15:39:32.797,0.82055,0.82079,1.12,1.75
2015.10.26 15:39:37.077,0.82053,0.82079,1.00,3.00
2015.10.26 15:39:39.003,0.82052,0.82077,1.12,1.75
2015.10.26 15:39:39.407,0.82055,0.8208,1.00,1.75
2015.10.26 15:39:39.772,0.82053,0.8208,1.75,1.50
2015.10.26 15:39:45.394,0.82054,0.8208,1.37,1.75
2015.10.26 15:39:45.495,0.82054,0.82079,1.12,1.75
2015.10.26 15:39:49.898,0.82055,0.82079,1.00,1.75
2015.10.26 15:39:50.443,0.82054,0.82079,1.12,2.25
2015.10.26 15:39:50.544,0.82052,0.82079,1.37,1.75
2015.10.26 15:39:50.595,0.82052,0.82079,1.00,1.75
2015.10.26 15:39:51.265,0.82054,0.82077,1.00,1.75
2015.10.26 15:39:51.794,0.82053,0.82077,1.00,1.75
2015.10.26 15:39:52.577,0.82055,0.82077,1.00,1.75
2015.10.26 15:39:53.013,0.82054,0.82078,1.12,1.75
2015.10.26 15:39:58.558,0.82055,0.82079,1.00,1.75
2015.10.26 15:39:59.243,0.82054,0.8208,1.87,1.75
2015.10.26 15:40:00.164,0.82055,0.8208,1.12,1.75
2015.10.26 15:40:00.215,0.82055,0.8208,1.50,1.75
2015.10.26 15:40:01.744,0.82057,0.8208,1.00,1.75
2015.10.26 15:40:02.975,0.82058,0.82084,1.12,1.75
2015.10.26 15:40:03.026,0.82058,0.82084,1.50,1.75
2015.10.26 15:40:05.604,0.8206,0.82086,1.00,2.25
2015.10.26 15:40:06.603,0.82059,0.82085,1.12,1.75
2015.10.26 15:40:08.322,0.8206,0.82086,1.00,1.75
2015.10.26 15:40:09.341,0.82061,0.82086,1.00,1.75
2015.10.26 15:40:09.775,0.82064,0.82089,1.00,1.75
2015.10.26 15:40:10.325,0.82063,0.82089,1.12,2.25
2015.10.26 15:40:15.170,0.8206,0.82085,1.37,2.25
2015.10.26 15:40:15.271,0.8206,0.82085,1.12,2.25
2015.10.26 15:40:16.692,0.82061,0.82086,1.00,2.25
2015.10.26 15:40:17.219,0.82059,0.82083,1.50,1.50
2015.10.26 15:40:19.331,0.82061,0.82086,1.00,2.25
2015.10.26 15:40:19.387,0.82059,0.82084,1.87,1.75
2015.10.26 15:40:23.302,0.82061,0.82085,1.00,1.50
2015.10.26 15:40:23.404,0.82061,0.82085,1.12,1.50
2015.10.26 15:40:23.455,0.82063,0.82085,1.00,1.50
2015.10.26 15:40:24.207,0.82062,0.82088,1.00,2.25
2015.10.26 15:40:24.988,0.8206,0.82086,1.37,1.75
2015.10.26 15:40:26.164,0.82062,0.82086,1.00,1.75
2015.10.26 15:40:27.718,0.82064,0.82086,1.00,1.75
2015.10.26 15:40:28.282,0.82062,0.82086,1.00,1.75
2015.10.26 15:40:29.278,0.82061,0.82086,1.12,1.75
2015.10.26 15:40:31.713,0.82065,0.82086,1.00,1.37
2015.10.26 15:40:31.764,0.82065,0.82088,1.00,1.75
2015.10.26 15:40:32.017,0.82066,0.82091,1.50,1.75
2015.10.26 15:40:35.064,0.82068,0.82094,1.50,1.75
2015.10.26 15:40:35.506,0.82069,0.82095,1.37,2.25
2015.10.26 15:40:35.556,0.82069,0.82095,1.50,2.25
2015.10.26 15:40:37.970,0.82071,0.82096,1.00,2.25
2015.10.26 15:40:39.283,0.8207,0.82095,1.87,1.75
2015.10.26 15:40:39.486,0.82072,0.82096,1.00,1.75
2015.10.26 15:40:40.052,0.82073,0.82096,1.00,1.75
2015.10.26 15:40:40.523,0.82071,0.82096,1.00,2.25
2015.10.26 15:40:42.005,0.8207,0.82096,1.87,1.75
2015.10.26 15:40:42.513,0.82071,0.82096,1.00,1.75
2015.10.26 15:40:46.332,0.8207,0.82092,1.12,1.12
2015.10.26 15:40:51.046,0.82072,0.82095,1.00,1.75
2015.10.26 15:40:51.379,0.82069,0.82095,1.50,2.25
2015.10.26 15:40:51.904,0.82069,0.82093,1.50,1.75
2015.10.26 15:40:52.438,0.82067,0.82093,1.50,2.25
2015.10.26 15:40:52.491,0.82067,0.82092,1.12,1.75
2015.10.26 15:40:54.448,0.82068,0.82093,1.00,1.75
2015.10.26 15:40:54.967,0.82067,0.82093,1.12,2.25
2015.10.26 15:40:56.476,0.82068,0.82092,1.00,1.75
2015.10.26 15:40:56.989,0.82069,0.82094,1.00,2.25
2015.10.26 15:40:57.090,0.82067,0.82093,1.87,1.75
2015.10.26 15:40:57.242,0.82067,0.82092,1.00,2.25
2015.10.26 15:40:57.343,0.82064,0.8209,2.25,1.75
2015.10.26 15:40:57.922,0.82065,0.82089,1.50,1.75
2015.10.26 15:40:58.281,0.82068,0.8209,1.00,2.25
2015.10.26 15:41:00.260,0.82066,0.82091,1.12,1.35
2015.10.26 15:41:01.262,0.82066,0.82091,1.00,1.75
2015.10.26 15:41:01.739,0.82063,0.82089,1.00,1.75
2015.10.26 15:41:01.851,0.82061,0.82087,1.12,1.75
2015.10.26 15:41:02.318,0.82064,0.82087,1.00,1.75
2015.10.26 15:41:02.824,0.82063,0.82087,1.12,1.50
2015.10.26 15:41:03.622,0.82065,0.82087,1.00,1.50
2015.10.26 15:41:03.673,0.82065,0.8209,1.12,1.75
2015.10.26 15:41:04.300,0.82065,0.82089,1.12,1.50
2015.10.26 15:41:05.058,0.82066,0.82089,1.00,1.50
2015.10.26 15:41:05.643,0.82067,0.82091,1.00,1.75
2015.10.26 15:41:06.721,0.82063,0.82087,1.37,1.37
2015.10.26 15:41:06.772,0.82062,0.82086,1.12,1.75
2015.10.26 15:41:06.974,0.82066,0.82088,1.00,1.75
2015.10.26 15:41:07.126,0.82066,0.82089,1.00,1.75
2015.10.26 15:41:07.899,0.82067,0.82089,1.00,1.75
2015.10.26 15:41:08.000,0.82065,0.82089,1.12,1.75
2015.10.26 15:41:13.608,0.82062,0.82088,1.50,1.75
2015.10.26 15:41:14.119,0.82061,0.82087,1.12,1.75
2015.10.26 15:41:14.844,0.82062,0.82087,1.00,1.75
2015.10.26 15:41:15.375,0.82061,0.82087,1.12,2.25
2015.10.26 15:41:20.295,0.82064,0.82085,1.00,1.75
2015.10.26 15:41:20.548,0.82064,0.82089,1.75,1.75
2015.10.26 15:41:21.405,0.82067,0.8209,1.00,2.25
2015.10.26 15:41:22.004,0.82066,0.82092,1.12,2.25
2015.10.26 15:41:22.538,0.82067,0.82092,1.00,1.75
2015.10.26 15:41:23.153,0.82066,0.82092,1.12,1.75
2015.10.26 15:41:23.255,0.82068,0.82092,1.00,1.75
2015.10.26 15:41:24.012,0.82067,0.82093,1.00,1.75
2015.10.26 15:41:24.687,0.82067,0.82093,1.50,1.75
2015.10.26 15:41:26.457,0.82069,0.82093,1.00,1.75
2015.10.26 15:41:26.710,0.8207,0.82094,2.25,1.00
2015.10.26 15:41:30.390,0.82071,0.82094,1.00,1.00
2015.10.26 15:41:30.921,0.8207,0.82094,3.00,1.00
2015.10.26 15:41:35.202,0.82068,0.82092,1.12,1.75
2015.10.26 15:41:35.304,0.82066,0.82092,1.75,1.12
2015.10.26 15:41:35.506,0.82067,0.82086,1.00,1.00
2015.10.26 15:41:35.557,0.82063,0.82086,2.25,1.00
2015.10.26 15:41:36.104,0.82066,0.8209,1.12,2.25
2015.10.26 15:41:36.608,0.82067,0.8209,1.00,1.50
2015.10.26 15:41:37.753,0.82068,0.82092,1.00,1.75
2015.10.26 15:41:37.813,0.82071,0.82094,1.00,1.35
2015.10.26 15:41:38.379,0.82072,0.82097,1.00,1.75
2015.10.26 15:41:39.274,0.82071,0.82097,1.00,2.25
2015.10.26 15:41:39.851,0.82073,0.82097,1.00,1.75
2015.10.26 15:41:40.004,0.82075,0.82099,1.00,1.75
2015.10.26 15:41:41.195,0.82076,0.821,1.00,1.75
2015.10.26 15:41:42.201,0.82075,0.82101,1.00,2.25
2015.10.26 15:41:46.012,0.82076,0.82101,1.00,1.75
2015.10.26 15:41:47.712,0.82074,0.821,1.00,2.25
2015.10.26 15:41:47.813,0.82077,0.82101,1.00,1.75
2015.10.26 15:41:48.690,0.82077,0.82101,1.00,1.75
2015.10.26 15:41:49.219,0.82078,0.82101,1.00,1.75
2015.10.26 15:41:50.976,0.82079,0.82103,1.00,1.75
2015.10.26 15:41:51.077,0.82079,0.82105,1.12,1.75
2015.10.26 15:41:52.282,0.8208,0.82106,1.00,3.00
2015.10.26 15:41:52.894,0.82079,0.82105,1.12,2.25
2015.10.26 15:41:55.596,0.8208,0.82104,1.00,1.75
2015.10.26 15:41:56.157,0.82079,0.82104,1.12,1.75
2015.10.26 15:42:01.203,0.8208,0.82105,1.00,1.75
2015.10.26 15:42:03.919,0.82081,0.82106,1.00,1.75
2015.10.26 15:42:03.970,0.82081,0.82106,1.12,1.75
2015.10.26 15:42:04.997,0.82079,0.82105,1.12,1.75
2015.10.26 15:42:07.392,0.82081,0.82105,1.00,1.75
2015.10.26 15:42:08.063,0.8208,0.82105,1.00,1.75
2015.10.26 15:42:09.243,0.82079,0.82104,1.12,1.75
2015.10.26 15:42:09.546,0.82078,0.82104,1.00,1.75
2015.10.26 15:42:09.596,0.82076,0.82103,1.12,1.75
2015.10.26 15:42:12.010,0.82077,0.82103,1.00,3.00
2015.10.26 15:42:13.440,0.82076,0.82101,1.12,1.75
2015.10.26 15:42:14.347,0.82078,0.82103,1.00,1.75
2015.10.26 15:42:14.499,0.82079,0.82104,1.12,1.75
2015.10.26 15:42:16.512,0.8208,0.82105,1.00,1.75
2015.10.26 15:42:16.715,0.82079,0.82105,1.75,2.25
2015.10.26 15:42:18.051,0.82082,0.82108,1.00,2.25
2015.10.26 15:42:18.592,0.82083,0.82108,1.50,1.75
2015.10.26 15:42:22.794,0.8208,0.82106,1.50,1.50
2015.10.26 15:42:22.846,0.8208,0.82106,1.50,1.75
2015.10.26 15:42:24.427,0.82082,0.82107,1.00,1.75
2015.10.26 15:42:25.398,0.82084,0.8211,1.00,2.25
2015.10.26 15:42:25.551,0.82084,0.82107,1.00,1.00
2015.10.26 15:42:26.057,0.82087,0.82107,1.00,1.00
2015.10.26 15:42:26.584,0.82088,0.82112,1.00,1.75
2015.10.26 15:42:27.722,0.82086,0.82111,1.50,1.75
2015.10.26 15:42:28.499,0.82088,0.82112,1.00,1.75
2015.10.26 15:42:29.003,0.82085,0.82111,1.75,1.75
2015.10.26 15:42:33.402,0.82083,0.82108,1.75,1.00
2015.10.26 15:42:34.969,0.82085,0.82109,1.75,1.12
2015.10.26 15:42:42.227,0.82088,0.8211,1.00,1.50
2015.10.26 15:42:42.729,0.82087,0.8211,1.12,1.50
2015.10.26 15:42:43.632,0.82088,0.8211,1.00,1.50
2015.10.26 15:42:44.135,0.82087,0.82109,1.12,1.12
2015.10.26 15:42:44.438,0.82087,0.82107,1.50,1.00
2015.10.26 15:42:45.374,0.82084,0.82109,1.50,1.75
2015.10.26 15:42:49.972,0.82082,0.82105,1.75,1.00
2015.10.26 15:42:50.260,0.82082,0.82106,1.50,1.75
2015.10.26 15:42:53.715,0.82084,0.82108,1.00,1.75
2015.10.26 15:42:53.766,0.82085,0.82108,1.00,1.00
2015.10.26 15:42:54.387,0.82085,0.82109,1.50,1.50
2015.10.26 15:42:58.192,0.82085,0.82108,1.50,1.00
2015.10.26 15:42:59.337,0.82085,0.82106,1.50,1.00
2015.10.26 15:42:59.649,0.82084,0.82106,1.00,1.75
2015.10.26 15:42:59.751,0.82081,0.82106,1.50,1.75
2015.10.26 15:43:00.449,0.82083,0.82107,1.00,1.75
2015.10.26 15:43:01.004,0.82081,0.82105,1.50,1.50
2015.10.26 15:43:01.915,0.82082,0.82107,1.75,1.12
2015.10.26 15:43:02.218,0.82083,0.82105,1.75,1.00
2015.10.26 15:43:02.637,0.82083,0.82109,2.25,1.75
2015.10.26 15:43:06.431,0.82084,0.82109,1.75,1.00
2015.10.26 15:43:07.342,0.82086,0.82108,1.37,1.37
2015.10.26 15:43:07.400,0.82083,0.82108,2.25,1.50
2015.10.26 15:43:07.653,0.82083,0.82105,1.75,1.00
2015.10.26 15:43:07.704,0.82083,0.82105,1.00,1.50
2015.10.26 15:43:08.797,0.82082,0.82105,1.12,1.50
2015.10.26 15:43:08.999,0.82081,0.82105,1.00,1.75
2015.10.26 15:43:10.146,0.82081,0.82105,1.37,1.37
2015.10.26 15:43:12.600,0.8208,0.82103,1.50,1.00
2015.10.26 15:43:13.127,0.8208,0.82102,1.50,1.00
2015.10.26 15:43:13.228,0.8208,0.82105,1.50,1.37
2015.10.26 15:43:14.127,0.8208,0.82103,1.50,1.00
2015.10.26 15:43:14.655,0.8208,0.82104,1.50,1.12
2015.10.26 15:43:15.219,0.8208,0.82103,1.50,1.00
2015.10.26 15:43:16.653,0.8208,0.82103,1.12,1.37
2015.10.26 15:43:18.454,0.82079,0.82101,1.12,1.12
2015.10.26 15:43:19.224,0.82077,0.821,1.75,1.00
2015.10.26 15:43:21.635,0.82077,0.82101,1.75,1.12
2015.10.26 15:43:21.980,0.82076,0.82098,1.75,1.00
2015.10.26 15:43:22.039,0.82076,0.821,1.75,1.00
2015.10.26 15:43:25.679,0.82077,0.82102,1.75,1.50
2015.10.26 15:43:26.435,0.82079,0.82104,1.75,1.12
2015.10.26 15:43:27.127,0.82079,0.82103,1.75,1.00
2015.10.26 15:43:27.784,0.8208,0.82102,1.75,1.00
2015.10.26 15:43:28.360,0.82079,0.82103,2.25,1.00
2015.10.26 15:43:29.316,0.82079,0.82102,2.25,1.00
2015.10.26 15:43:30.357,0.82078,0.82104,1.75,1.12
2015.10.26 15:43:30.665,0.82084,0.82105,1.00,1.00
2015.10.26 15:43:30.867,0.82084,0.82107,1.00,1.50
2015.10.26 15:43:31.612,0.82084,0.82105,1.00,1.00
2015.10.26 15:43:33.182,0.82084,0.82106,1.00,1.00
2015.10.26 15:43:35.817,0.82084,0.82105,1.00,1.00
2015.10.26 15:43:36.278,0.82084,0.82107,1.00,1.50
2015.10.26 15:43:37.817,0.82084,0.82106,1.00,1.00
2015.10.26 15:43:38.321,0.82084,0.82107,1.00,1.50
2015.10.26 15:43:38.853,0.82084,0.82106,1.00,1.00
2015.10.26 15:43:39.357,0.82084,0.82105,1.00,1.00
2015.10.26 15:43:40.327,0.82084,0.82104,1.00,1.00
2015.10.26 15:43:41.346,0.82084,0.82105,1.00,1.00
2015.10.26 15:43:42.696,0.82084,0.82107,1.00,1.50
2015.10.26 15:43:43.203,0.82084,0.82105,1.00,1.00
2015.10.26 15:43:43.406,0.82081,0.82106,1.50,1.75
2015.10.26 15:43:44.401,0.8208,0.82103,1.75,1.00
2015.10.26 15:43:44.907,0.8208,0.82105,1.75,1.50
2015.10.26 15:43:51.053,0.82083,0.82108,1.00,1.75
2015.10.26 15:43:51.154,0.82082,0.82107,2.25,1.12
2015.10.26 15:43:56.137,0.82086,0.82108,1.75,1.00
2015.10.26 15:43:56.187,0.82085,0.82112,2.25,1.75
2015.10.26 15:43:58.827,0.82089,0.82112,1.00,1.75
2015.10.26 15:43:58.879,0.82089,0.82112,1.75,1.00
2015.10.26 15:43:59.383,0.8209,0.82113,1.50,1.12
2015.10.26 15:43:59.738,0.82093,0.82115,1.50,1.12
2015.10.26 15:44:00.817,0.82093,0.82117,1.75,1.00
2015.10.26 15:44:01.321,0.82094,0.82119,1.75,1.50
2015.10.26 15:44:01.916,0.82094,0.8212,2.25,2.62
2015.10.26 15:44:02.118,0.82094,0.8212,1.75,1.75
2015.10.26 15:44:02.219,0.82097,0.8212,1.75,1.12
2015.10.26 15:44:04.299,0.82097,0.82119,1.75,1.00
2015.10.26 15:44:04.763,0.82092,0.82118,2.02,1.12
2015.10.26 15:44:05.066,0.82093,0.82116,1.75,1.00
2015.10.26 15:44:05.571,0.82093,0.82117,1.75,1.00
2015.10.26 15:44:06.115,0.82096,0.82121,1.75,1.50
2015.10.26 15:44:15.300,0.82096,0.8212,1.50,1.37
2015.10.26 15:44:15.404,0.82096,0.82122,2.25,1.50
2015.10.26 15:44:15.878,0.82096,0.82119,1.50,1.00
2015.10.26 15:44:16.383,0.82095,0.82119,1.50,1.00
2015.10.26 15:44:17.845,0.82095,0.82118,1.00,1.00
2015.10.26 15:44:18.395,0.82095,0.82119,1.00,1.50
2015.10.26 15:44:19.122,0.82096,0.82119,1.00,1.00
2015.10.26 15:44:19.982,0.82097,0.82119,1.00,1.00
2015.10.26 15:44:20.608,0.82096,0.82119,2.25,1.00
2015.10.26 15:44:24.314,0.82097,0.82119,1.50,1.00
2015.10.26 15:44:26.167,0.82099,0.82119,1.00,1.00
2015.10.26 15:44:26.337,0.821,0.82125,1.12,2.25
2015.10.26 15:44:26.608,0.82102,0.82126,1.00,1.75
2015.10.26 15:44:26.718,0.821,0.82126,1.12,1.75
2015.10.26 15:44:27.115,0.82102,0.82126,1.00,1.75
2015.10.26 15:44:27.948,0.82101,0.82127,1.00,2.25
2015.10.26 15:44:28.596,0.82103,0.82128,1.00,2.25
2015.10.26 15:44:29.101,0.82102,0.82127,1.00,1.75
2015.10.26 15:44:29.650,0.82101,0.82127,1.50,1.75
2015.10.26 15:44:30.237,0.82102,0.82128,1.00,2.25
2015.10.26 15:44:30.885,0.82101,0.82127,1.50,1.75
2015.10.26 15:44:31.407,0.82098,0.82124,1.75,1.75
2015.10.26 15:44:40.491,0.82095,0.82121,2.25,1.00
2015.10.26 15:44:40.643,0.82095,0.8212,1.75,1.50
2015.10.26 15:44:52.994,0.82097,0.82123,1.75,3.00
2015.10.26 15:44:54.559,0.821,0.82125,1.75,1.87
2015.10.26 15:44:56.547,0.82104,0.82129,1.00,3.00
2015.10.26 15:44:56.605,0.82104,0.82129,2.25,1.87
2015.10.26 15:44:57.386,0.82104,0.82128,1.75,1.00
2015.10.26 15:44:57.690,0.82103,0.82127,1.50,1.50
2015.10.26 15:45:03.489,0.82102,0.82128,1.75,1.00
2015.10.26 15:45:03.641,0.82103,0.82128,1.50,1.75
2015.10.26 15:45:05.020,0.821,0.82125,3.75,1.00
2015.10.26 15:45:05.475,0.82098,0.82123,2.25,1.00
2015.10.26 15:45:05.526,0.82098,0.82123,2.25,1.12
2015.10.26 15:45:06.287,0.82097,0.82122,2.25,1.00
2015.10.26 15:45:06.798,0.82098,0.82123,1.75,1.12
2015.10.26 15:45:07.725,0.82099,0.82123,1.12,1.75
2015.10.26 15:45:09.487,0.821,0.82125,1.50,1.75
2015.10.26 15:45:11.965,0.82099,0.82124,1.87,1.75
2015.10.26 15:45:16.064,0.82099,0.82123,1.00,2.25
2015.10.26 15:45:16.115,0.82096,0.82121,1.87,1.75
2015.10.26 15:45:25.583,0.82093,0.82117,1.75,1.00
2015.10.26 15:45:25.684,0.82093,0.82117,1.50,1.75
2015.10.26 15:45:27.965,0.82094,0.82119,2.25,1.12
2015.10.26 15:45:29.464,0.82093,0.82118,1.75,1.37
2015.10.26 15:45:29.514,0.82091,0.82117,2.25,1.50
2015.10.26 15:45:31.667,0.8209,0.82115,2.25,1.00
2015.10.26 15:45:32.217,0.82091,0.82117,1.75,2.25
2015.10.26 15:45:32.711,0.82091,0.82115,1.50,1.37
2015.10.26 15:45:32.762,0.82091,0.82116,1.87,2.25
2015.10.26 15:45:33.272,0.82093,0.82116,1.00,1.75
2015.10.26 15:45:33.614,0.8209,0.82115,1.50,1.75
2015.10.26 15:45:35.573,0.82092,0.82117,1.00,1.75
2015.10.26 15:45:36.080,0.8209,0.82115,3.00,1.75
2015.10.26 15:45:37.147,0.82092,0.82117,1.00,1.75
2015.10.26 15:45:38.107,0.82092,0.82118,1.37,1.75
2015.10.26 15:45:38.158,0.82092,0.82118,1.75,1.75
2015.10.26 15:45:40.116,0.82092,0.82117,1.37,1.50
2015.10.26 15:45:40.167,0.8209,0.82114,1.50,1.50
2015.10.26 15:45:40.722,0.82089,0.82114,1.50,1.50
2015.10.26 15:45:41.850,0.82089,0.82113,1.12,1.75
2015.10.26 15:45:44.639,0.8209,0.82113,1.00,1.75
2015.10.26 15:45:45.209,0.82088,0.82113,1.50,1.75
2015.10.26 15:45:46.601,0.82091,0.82115,1.00,1.75
2015.10.26 15:45:46.702,0.82091,0.82117,1.12,1.75
2015.10.26 15:45:47.370,0.82088,0.82114,2.25,1.75
2015.10.26 15:45:47.421,0.82088,0.82113,1.50,1.75
2015.10.26 15:45:48.247,0.8209,0.82113,1.00,1.75
2015.10.26 15:45:48.349,0.82092,0.82116,1.00,1.75
2015.10.26 15:45:48.878,0.8209,0.82115,1.50,1.75
2015.10.26 15:45:49.080,0.8209,0.82115,1.37,1.75
2015.10.26 15:45:49.131,0.82089,0.82115,1.12,2.25
2015.10.26 15:45:52.092,0.8209,0.82116,1.00,3.00
2015.10.26 15:45:53.128,0.82089,0.82114,1.12,2.25
2015.10.26 15:45:53.749,0.8209,0.82116,1.00,2.25
2015.10.26 15:45:53.851,0.8209,0.82116,1.75,2.25
2015.10.26 15:45:54.472,0.82088,0.82112,1.75,1.00
2015.10.26 15:45:54.523,0.82086,0.82107,1.50,1.00
2015.10.26 15:45:54.574,0.82086,0.82107,1.50,1.00
2015.10.26 15:45:54.625,0.82086,0.82107,1.37,1.37
2015.10.26 15:45:54.676,0.82081,0.82103,1.12,1.12
2015.10.26 15:45:54.829,0.8208,0.82103,1.37,2.85
2015.10.26 15:45:54.880,0.82076,0.821,1.75,1.12
2015.10.26 15:45:54.981,0.82075,0.82098,1.75,1.00
2015.10.26 15:45:55.506,0.82075,0.82099,1.75,1.00
2015.10.26 15:45:55.993,0.82075,0.82096,1.75,1.00
2015.10.26 15:45:56.145,0.82074,0.82097,1.37,1.12
2015.10.26 15:45:56.196,0.82074,0.82097,1.37,1.50
2015.10.26 15:45:56.732,0.82075,0.82094,1.00,1.12
2015.10.26 15:45:57.143,0.82075,0.82095,1.00,1.75
2015.10.26 15:45:57.621,0.82075,0.82097,1.00,1.75
2015.10.26 15:46:06.470,0.82072,0.82094,1.12,1.50
2015.10.26 15:46:10.618,0.82074,0.82094,1.00,1.50
2015.10.26 15:46:11.787,0.82074,0.82099,1.12,1.75
2015.10.26 15:46:11.838,0.82074,0.82099,1.12,1.75
2015.10.26 15:46:14.109,0.82075,0.82096,1.00,1.12
2015.10.26 15:46:14.750,0.82075,0.82095,1.00,1.00
2015.10.26 15:46:15.883,0.82074,0.82095,1.00,1.37
2015.10.26 15:46:16.408,0.82073,0.82095,1.00,1.75
2015.10.26 15:46:18.656,0.8207,0.82093,1.20,1.37
2015.10.26 15:46:19.186,0.82069,0.82092,1.12,1.75
2015.10.26 15:46:20.574,0.82069,0.82089,1.12,1.00
2015.10.26 15:46:21.141,0.8207,0.82089,1.00,1.37
2015.10.26 15:46:22.868,0.82067,0.8209,1.00,1.50
2015.10.26 15:46:23.411,0.82066,0.82091,1.12,1.75
2015.10.26 15:46:24.075,0.8207,0.82091,1.00,1.75
2015.10.26 15:46:25.803,0.82068,0.82092,1.00,1.75
2015.10.26 15:46:25.905,0.8207,0.82092,1.00,1.75
2015.10.26 15:46:26.323,0.82068,0.82091,1.00,1.75
2015.10.26 15:46:27.528,0.82069,0.82092,1.00,1.75
2015.10.26 15:46:27.933,0.8207,0.82091,1.00,1.37
2015.10.26 15:46:28.286,0.82069,0.82092,1.00,1.50
2015.10.26 15:46:28.830,0.82069,0.82091,1.00,1.00
2015.10.26 15:46:28.932,0.82068,0.82088,1.00,1.00
2015.10.26 15:46:29.185,0.8206,0.82083,1.12,1.75
2015.10.26 15:46:29.779,0.82061,0.82082,1.00,1.75
2015.10.26 15:46:30.293,0.82056,0.82082,1.12,2.25
2015.10.26 15:46:30.495,0.82059,0.8208,1.00,1.75
2015.10.26 15:46:31.620,0.8206,0.82081,1.00,1.75
2015.10.26 15:46:32.150,0.82055,0.82081,1.50,1.75
2015.10.26 15:46:32.703,0.82057,0.82081,1.00,1.75
2015.10.26 15:46:33.204,0.82056,0.82078,1.12,1.12
2015.10.26 15:46:33.255,0.8206,0.82078,1.00,1.12
2015.10.26 15:46:34.137,0.8206,0.82078,1.00,1.37
2015.10.26 15:46:34.190,0.82055,0.82078,1.00,1.75
2015.10.26 15:46:34.598,0.82052,0.82077,1.50,1.75
2015.10.26 15:46:35.430,0.82055,0.82078,1.00,2.25
2015.10.26 15:46:35.648,0.82051,0.82076,1.75,1.50
2015.10.26 15:46:43.997,0.82054,0.82079,1.00,2.25
2015.10.26 15:46:44.099,0.82055,0.82079,2.25,1.75
2015.10.26 15:46:50.137,0.82054,0.82077,1.00,1.75
2015.10.26 15:46:50.667,0.82055,0.82076,1.00,1.50
2015.10.26 15:46:51.642,0.82051,0.82076,1.75,1.50
2015.10.26 15:46:51.845,0.82055,0.82077,1.00,1.75
2015.10.26 15:46:54.032,0.82053,0.82075,1.12,1.12
2015.10.26 15:46:54.448,0.82053,0.82075,1.00,1.37
2015.10.26 15:46:54.599,0.8205,0.82071,1.00,1.12
2015.10.26 15:46:56.142,0.8205,0.82074,1.37,1.37
2015.10.26 15:46:56.193,0.8205,0.82074,1.75,1.12
2015.10.26 15:46:56.597,0.82055,0.82075,1.00,1.50
2015.10.26 15:46:56.699,0.82052,0.82078,1.12,1.75
2015.10.26 15:46:56.749,0.82052,0.82078,1.50,1.37
2015.10.26 15:46:56.800,0.82053,0.82078,1.75,1.12
2015.10.26 15:46:57.183,0.82055,0.82081,2.25,2.10
2015.10.26 15:46:57.234,0.82056,0.82082,1.75,1.87
2015.10.26 15:46:57.741,0.82058,0.8208,1.75,1.00
2015.10.26 15:46:57.792,0.82058,0.82083,1.75,1.00
2015.10.26 15:46:58.901,0.8207,0.82085,2.25,1.00
2015.10.26 15:46:58.952,0.8207,0.82093,2.25,1.12
2015.10.26 15:46:59.003,0.8207,0.82091,1.50,1.00
2015.10.26 15:46:59.508,0.8207,0.82092,1.50,1.00
2015.10.26 15:47:00.084,0.8207,0.82094,1.50,3.00
2015.10.26 15:47:08.569,0.8207,0.82092,1.50,1.00
2015.10.26 15:47:10.773,0.8207,0.82093,1.50,1.87
2015.10.26 15:47:11.684,0.8207,0.82093,1.75,1.12
2015.10.26 15:47:12.378,0.8207,0.82093,1.75,1.00
2015.10.26 15:47:16.587,0.8207,0.82092,1.75,1.00
2015.10.26 15:47:17.053,0.8207,0.82093,1.50,1.50
2015.10.26 15:47:17.584,0.8207,0.82091,1.50,1.00
2015.10.26 15:47:18.567,0.8207,0.82093,1.50,2.25
2015.10.26 15:47:21.634,0.82065,0.8209,2.25,1.00
2015.10.26 15:47:24.410,0.82065,0.82091,2.25,1.00
2015.10.26 15:47:25.267,0.82065,0.82091,2.25,1.37
2015.10.26 15:47:25.899,0.82065,0.82089,1.75,1.00
2015.10.26 15:47:27.936,0.82065,0.8209,1.75,1.12
2015.10.26 15:47:28.494,0.82065,0.82089,1.75,1.00
2015.10.26 15:47:29.787,0.82065,0.8209,1.75,1.12
2015.10.26 15:47:32.621,0.82065,0.82089,1.75,1.00
2015.10.26 15:47:35.826,0.82065,0.82089,1.75,1.60
2015.10.26 15:47:36.284,0.82065,0.82087,1.12,1.30
2015.10.26 15:47:39.783,0.8206,0.82086,2.25,1.00
2015.10.26 15:47:45.112,0.82061,0.82087,1.75,1.72
2015.10.26 15:47:45.779,0.8206,0.82086,2.25,1.00
2015.10.26 15:47:46.242,0.8206,0.82086,2.25,3.00
2015.10.26 15:47:47.188,0.8206,0.82083,1.75,1.00
2015.10.26 15:47:48.573,0.8206,0.82082,1.75,1.00
2015.10.26 15:47:49.064,0.8206,0.8208,1.12,1.00
2015.10.26 15:47:49.856,0.8206,0.82081,1.12,1.12
2015.10.26 15:47:52.141,0.8206,0.82084,1.75,1.00
2015.10.26 15:47:54.205,0.8206,0.82085,1.75,1.12
2015.10.26 15:47:55.424,0.8206,0.82084,1.75,1.00
2015.10.26 15:47:55.828,0.8206,0.82084,1.75,1.87
2015.10.26 15:47:56.131,0.82072,0.82094,1.00,1.75
2015.10.26 15:47:56.182,0.82072,0.82092,1.00,1.12
2015.10.26 15:47:56.334,0.8207,0.82094,1.12,2.25
2015.10.26 15:47:56.930,0.82071,0.82094,1.00,1.75
2015.10.26 15:47:58.372,0.8207,0.82094,1.12,1.75
2015.10.26 15:47:58.879,0.82071,0.82094,1.00,1.75
2015.10.26 15:47:59.412,0.8207,0.82095,1.12,1.75
2015.10.26 15:47:59.996,0.82071,0.82093,1.00,1.50
2015.10.26 15:48:00.535,0.8207,0.82095,1.12,3.00
2015.10.26 15:48:05.536,0.82068,0.82094,1.37,1.75
2015.10.26 15:48:06.066,0.82067,0.82091,1.12,1.75
2015.10.26 15:48:07.119,0.82069,0.82093,1.00,1.75
2015.10.26 15:48:09.278,0.82068,0.82094,1.00,1.75
2015.10.26 15:48:11.303,0.82069,0.82094,1.00,1.75
2015.10.26 15:48:11.404,0.82067,0.82092,1.12,1.75
2015.10.26 15:48:12.059,0.82068,0.8209,1.00,1.50
2015.10.26 15:48:12.766,0.82067,0.82093,1.12,2.25
2015.10.26 15:48:12.918,0.82069,0.82093,1.00,2.25
2015.10.26 15:48:14.370,0.8207,0.82093,1.00,1.75
2015.10.26 15:48:16.393,0.82071,0.82098,1.87,2.25
2015.10.26 15:48:18.640,0.82072,0.82097,1.00,2.25
2015.10.26 15:48:19.155,0.82071,0.82097,1.12,1.75
2015.10.26 15:48:19.995,0.82072,0.82097,1.00,1.75
2015.10.26 15:48:20.501,0.82071,0.82097,1.12,2.25
2015.10.26 15:48:21.857,0.82072,0.82097,1.00,1.75
2015.10.26 15:48:22.008,0.82072,0.82097,1.50,1.75
2015.10.26 15:48:23.378,0.82074,0.821,1.00,2.25
2015.10.26 15:48:24.572,0.82075,0.82099,1.00,1.75
2015.10.26 15:48:25.083,0.82075,0.82101,1.37,1.75
2015.10.26 15:48:25.509,0.82075,0.82101,1.75,1.75
2015.10.26 15:48:26.027,0.82074,0.82098,1.75,1.00
2015.10.26 15:48:27.359,0.82074,0.821,1.75,2.25
2015.10.26 15:48:28.688,0.82069,0.82095,1.75,1.00
2015.10.26 15:48:28.992,0.82075,0.82099,1.37,1.50
2015.10.26 15:48:29.043,0.82076,0.82099,1.00,1.50
2015.10.26 15:48:30.689,0.82076,0.82098,1.00,1.00
2015.10.26 15:48:31.339,0.82075,0.82101,2.25,1.37
2015.10.26 15:48:31.390,0.82075,0.82101,2.25,1.12
2015.10.26 15:48:39.016,0.82079,0.82102,1.00,1.00
2015.10.26 15:48:43.583,0.82081,0.82106,1.75,1.75
2015.10.26 15:48:44.162,0.82081,0.82106,1.37,1.75
2015.10.26 15:48:44.686,0.82081,0.82105,1.50,1.75
2015.10.26 15:48:47.275,0.82078,0.82104,2.25,1.75
2015.10.26 15:48:50.940,0.82082,0.82108,1.50,2.25
2015.10.26 15:49:04.076,0.8208,0.82104,1.75,1.00
2015.10.26 15:49:04.579,0.82078,0.82106,2.25,3.00
2015.10.26 15:49:05.277,0.8208,0.82104,1.75,1.00
2015.10.26 15:49:06.187,0.8208,0.82104,1.37,1.37
2015.10.26 15:49:06.239,0.82078,0.82105,2.25,1.75
2015.10.26 15:49:07.391,0.82081,0.82104,1.00,1.75
2015.10.26 15:49:09.768,0.82081,0.82106,1.37,1.75
2015.10.26 15:49:10.315,0.82081,0.82108,1.75,1.75
2015.10.26 15:49:12.383,0.82085,0.82108,1.00,1.50
2015.10.26 15:49:12.930,0.82084,0.82108,1.00,1.50
2015.10.26 15:49:13.912,0.82084,0.82107,1.00,1.00
2015.10.26 15:49:14.415,0.82085,0.82108,1.00,1.00
2015.10.26 15:49:16.944,0.82084,0.82108,2.25,1.00
2015.10.26 15:49:17.584,0.82085,0.82108,1.00,1.00
2015.10.26 15:49:19.355,0.82084,0.82107,1.00,1.00
2015.10.26 15:49:19.903,0.82084,0.82108,1.00,1.00
2015.10.26 15:49:26.837,0.82084,0.82107,1.00,1.00
2015.10.26 15:49:27.341,0.82084,0.82108,1.00,1.50
2015.10.26 15:49:28.189,0.82085,0.82108,1.00,1.00
2015.10.26 15:49:37.754,0.82085,0.82109,1.00,2.25
2015.10.26 15:49:44.227,0.82085,0.82109,1.50,1.50
2015.10.26 15:49:53.482,0.82081,0.82105,1.75,1.00
2015.10.26 15:49:53.773,0.8208,0.82104,1.50,1.50
2015.10.26 15:49:53.824,0.8208,0.82102,1.00,1.00
2015.10.26 15:49:54.128,0.82079,0.82103,1.12,1.75
2015.10.26 15:49:55.816,0.82078,0.82101,1.37,1.75
2015.10.26 15:49:56.236,0.82077,0.82102,1.00,2.25
2015.10.26 15:49:57.123,0.82078,0.82102,1.00,1.75
2015.10.26 15:49:57.637,0.82075,0.82098,1.50,1.12
2015.10.26 15:49:59.463,0.82074,0.82097,1.37,1.37
2015.10.26 15:49:59.517,0.82072,0.82098,2.25,2.25
2015.10.26 15:50:00.965,0.82074,0.82098,1.00,1.75
2015.10.26 15:50:02.796,0.82072,0.82098,2.25,1.75
2015.10.26 15:50:03.101,0.82075,0.82101,1.00,2.25
2015.10.26 15:50:03.889,0.82074,0.82097,1.00,1.75
2015.10.26 15:50:08.423,0.82073,0.82098,1.12,1.75
2015.10.26 15:50:08.898,0.82076,0.82099,1.00,1.75
2015.10.26 15:50:11.397,0.82075,0.82098,1.00,1.75
2015.10.26 15:50:12.250,0.82076,0.82101,1.00,2.25
2015.10.26 15:50:12.351,0.82076,0.82101,1.12,1.75
2015.10.26 15:50:12.402,0.82078,0.821,1.00,1.50
2015.10.26 15:50:12.708,0.82076,0.821,1.12,1.50
2015.10.26 15:50:13.214,0.82077,0.82101,1.00,2.25
2015.10.26 15:50:13.760,0.82075,0.82099,1.37,1.37
2015.10.26 15:50:15.527,0.82075,0.82099,1.00,1.75
2015.10.26 15:50:15.831,0.82073,0.82097,1.00,1.75
2015.10.26 15:50:16.523,0.82074,0.82096,1.00,1.75
2015.10.26 15:50:18.231,0.82075,0.821,1.50,1.75
2015.10.26 15:50:22.959,0.82076,0.82101,1.00,2.25
2015.10.26 15:50:23.464,0.82077,0.82102,1.00,2.25
2015.10.26 15:50:23.986,0.82078,0.82103,1.00,3.75
2015.10.26 15:50:24.357,0.82078,0.82103,1.00,2.25
2015.10.26 15:50:31.871,0.82077,0.82102,1.87,1.75
2015.10.26 15:50:33.640,0.82078,0.82102,1.00,1.75
2015.10.26 15:50:36.468,0.82079,0.82102,1.00,1.75
2015.10.26 15:50:38.226,0.8208,0.82102,1.00,2.25
2015.10.26 15:50:38.668,0.82082,0.82105,1.00,1.75
2015.10.26 15:50:39.082,0.82082,0.82106,1.37,1.50
2015.10.26 15:50:52.784,0.82084,0.82109,1.00,3.00
2015.10.26 15:50:54.395,0.82085,0.82109,1.00,1.75
2015.10.26 15:50:55.022,0.82083,0.82107,1.50,1.50
2015.10.26 15:50:55.526,0.82085,0.82108,1.00,1.75
2015.10.26 15:50:56.306,0.82084,0.82108,1.12,1.75
2015.10.26 15:51:03.896,0.82085,0.8211,1.00,1.75
2015.10.26 15:51:03.997,0.82085,0.8211,1.75,2.25
2015.10.26 15:51:06.498,0.82083,0.82108,2.25,1.37
2015.10.26 15:51:06.911,0.82083,0.82108,1.50,2.25
2015.10.26 15:51:08.730,0.82084,0.82108,1.75,1.12
2015.10.26 15:51:09.209,0.82084,0.82109,1.00,3.00
2015.10.26 15:51:10.488,0.82086,0.82111,1.37,2.25
2015.10.26 15:51:11.026,0.82087,0.82111,1.12,1.75
2015.10.26 15:51:12.599,0.82088,0.82113,1.00,2.25
2015.10.26 15:51:13.144,0.82087,0.82111,1.87,1.75
2015.10.26 15:51:14.424,0.82088,0.82112,1.00,1.75
2015.10.26 15:51:17.327,0.82088,0.82113,1.87,1.75
2015.10.26 15:51:17.428,0.82088,0.82113,2.25,1.75
2015.10.26 15:51:18.340,0.82089,0.82112,1.37,1.75
2015.10.26 15:51:18.915,0.8209,0.82112,1.00,1.75
2015.10.26 15:51:19.721,0.82089,0.82112,1.00,1.75
2015.10.26 15:51:22.765,0.8209,0.82112,1.00,1.75
2015.10.26 15:51:25.529,0.8209,0.82115,1.12,2.25
2015.10.26 15:51:41.247,0.82093,0.82115,1.00,2.25
2015.10.26 15:51:41.500,0.82089,0.82114,1.50,1.75
2015.10.26 15:51:41.550,0.82089,0.82114,1.50,1.37
2015.10.26 15:51:41.601,0.82089,0.82115,2.25,1.87
2015.10.26 15:51:42.158,0.82089,0.82113,2.25,1.37
2015.10.26 15:51:42.209,0.8209,0.82113,1.12,1.50
2015.10.26 15:51:45.476,0.82093,0.82115,1.12,1.37
2015.10.26 15:51:45.527,0.82093,0.82116,1.50,1.12
2015.10.26 15:51:51.380,0.82093,0.82114,1.50,1.00
2015.10.26 15:51:52.087,0.82093,0.82119,2.25,1.75
2015.10.26 15:51:52.853,0.82096,0.8212,1.12,1.75
2015.10.26 15:51:52.904,0.82096,0.8212,1.12,1.75
2015.10.26 15:51:55.916,0.82093,0.82117,2.25,1.00
2015.10.26 15:51:55.967,0.82093,0.82117,2.25,1.37
2015.10.26 15:51:56.018,0.82093,0.82119,1.87,1.75
2015.10.26 15:51:56.441,0.82093,0.82117,1.50,1.75
2015.10.26 15:51:56.493,0.8209,0.82114,1.00,1.75
2015.10.26 15:51:57.251,0.82088,0.82114,2.25,2.25
2015.10.26 15:51:57.754,0.82092,0.82114,1.00,1.75
2015.10.26 15:51:57.919,0.82093,0.82116,1.12,1.50
2015.10.26 15:51:58.474,0.82091,0.82117,1.87,3.00
2015.10.26 15:51:58.950,0.8209,0.82115,1.87,2.25
2015.10.26 15:52:04.635,0.82089,0.82115,1.87,3.00
2015.10.26 15:52:05.812,0.82089,0.82114,1.50,1.75
2015.10.26 15:52:09.352,0.82088,0.82112,1.00,1.75
2015.10.26 15:52:09.656,0.8209,0.82113,1.00,2.25
2015.10.26 15:52:09.707,0.82087,0.82111,1.50,1.75
2015.10.26 15:52:10.013,0.82085,0.82109,1.00,1.75
2015.10.26 15:52:11.210,0.82088,0.82109,1.00,1.75
2015.10.26 15:52:11.513,0.82088,0.82113,1.50,1.75
2015.10.26 15:52:13.349,0.82088,0.82113,1.00,2.25
2015.10.26 15:52:13.772,0.82088,0.82113,1.00,2.25
2015.10.26 15:52:15.456,0.82086,0.82112,2.25,1.75
2015.10.26 15:52:19.543,0.82085,0.82109,1.50,2.25
2015.10.26 15:52:20.318,0.82085,0.82109,1.87,1.50
2015.10.26 15:52:20.369,0.82086,0.82109,1.00,1.50
2015.10.26 15:52:20.875,0.82087,0.82109,1.00,1.00
2015.10.26 15:52:21.441,0.82091,0.82112,1.00,1.00
2015.10.26 15:52:21.846,0.82091,0.82112,1.00,1.75
2015.10.26 15:52:22.313,0.82087,0.82111,1.12,1.75
2015.10.26 15:52:22.579,0.8209,0.82111,1.00,1.75
2015.10.26 15:52:23.331,0.82087,0.82111,1.12,1.75
2015.10.26 15:52:23.833,0.82088,0.82111,1.00,1.75
2015.10.26 15:52:24.810,0.8209,0.82113,1.12,1.50
2015.10.26 15:52:25.336,0.8209,0.82112,1.00,1.37
2015.10.26 15:52:25.797,0.82086,0.82112,1.87,2.25
2015.10.26 15:52:25.949,0.82089,0.82112,1.00,1.75
2015.10.26 15:52:26.867,0.8209,0.82114,1.00,2.25
2015.10.26 15:52:28.167,0.8209,0.82115,1.00,2.25
2015.10.26 15:52:28.456,0.82092,0.82115,1.00,1.75
2015.10.26 15:52:30.665,0.8209,0.82115,2.25,1.75
2015.10.26 15:52:31.174,0.82093,0.82116,1.00,1.00
2015.10.26 15:52:31.326,0.82093,0.82114,1.00,1.00
2015.10.26 15:52:31.630,0.82091,0.82114,1.00,1.75
2015.10.26 15:52:32.493,0.8209,0.82113,1.12,1.50
2015.10.26 15:52:34.011,0.82091,0.82114,1.00,1.75
2015.10.26 15:52:35.251,0.8209,0.82113,1.12,2.25
2015.10.26 15:52:35.692,0.8209,0.82112,1.12,1.50
2015.10.26 15:52:36.103,0.82086,0.82111,1.00,2.25
2015.10.26 15:52:36.557,0.82086,0.8211,1.37,1.75
2015.10.26 15:52:37.079,0.82088,0.82113,1.00,1.75
2015.10.26 15:52:37.821,0.82089,0.82112,1.00,1.75
2015.10.26 15:52:37.872,0.82089,0.82111,1.50,1.00
2015.10.26 15:52:38.591,0.82091,0.82113,1.00,1.50
2015.10.26 15:52:38.642,0.82089,0.82107,1.00,1.00
2015.10.26 15:52:38.693,0.82085,0.82107,1.00,1.50
2015.10.26 15:52:38.895,0.82085,0.82108,1.50,1.75
2015.10.26 15:52:39.097,0.82088,0.82113,1.12,2.25
2015.10.26 15:52:39.249,0.82089,0.82108,1.87,1.00
2015.10.26 15:52:40.079,0.82092,0.82108,1.00,1.00
2015.10.26 15:52:40.130,0.82092,0.82112,1.00,1.12
2015.10.26 15:52:40.536,0.8209,0.82111,1.87,1.00
2015.10.26 15:52:41.356,0.82089,0.8211,1.00,1.75
2015.10.26 15:52:41.407,0.82086,0.82106,1.00,1.12
2015.10.26 15:52:41.963,0.82088,0.8211,1.00,1.75
2015.10.26 15:52:42.064,0.82088,0.82112,1.12,1.75
2015.10.26 15:52:42.115,0.8209,0.82113,1.00,2.25
2015.10.26 15:52:42.217,0.82088,0.8211,1.12,1.12
2015.10.26 15:52:42.833,0.82091,0.82114,1.00,2.25
2015.10.26 15:52:43.762,0.8209,0.82112,1.00,1.75
2015.10.26 15:52:46.804,0.82092,0.82115,1.00,2.25
2015.10.26 15:52:47.108,0.82092,0.82113,1.00,1.50
2015.10.26 15:52:48.896,0.82089,0.82113,1.75,2.25
2015.10.26 15:52:51.938,0.82092,0.82114,1.00,1.75
2015.10.26 15:52:52.445,0.82091,0.82113,1.12,2.25
2015.10.26 15:52:53.307,0.82091,0.82113,1.75,1.00
2015.10.26 15:52:53.359,0.82091,0.82116,1.75,4.35
2015.10.26 15:52:53.460,0.82091,0.82113,1.75,1.00
2015.10.26 15:52:53.563,0.82091,0.82116,1.75,4.35
2015.10.26 15:52:54.584,0.82091,0.82112,1.75,1.00
2015.10.26 15:52:54.703,0.82091,0.82116,1.75,4.35
2015.10.26 15:52:56.675,0.82091,0.82114,1.75,1.00
2015.10.26 15:52:58.282,0.8209,0.82113,1.75,1.00
2015.10.26 15:52:58.983,0.8209,0.82114,1.75,1.00
2015.10.26 15:52:59.730,0.8209,0.82113,2.25,1.00
2015.10.26 15:52:59.781,0.8209,0.82115,2.25,1.12
2015.10.26 15:53:02.357,0.82094,0.82116,1.00,1.67
2015.10.26 15:53:03.503,0.82094,0.82116,1.37,1.72
2015.10.26 15:53:04.163,0.82092,0.82117,1.75,1.60
2015.10.26 15:53:13.102,0.82093,0.82119,2.25,1.87
2015.10.26 15:53:13.153,0.82095,0.82119,1.75,1.00
2015.10.26 15:53:13.204,0.82097,0.82121,1.75,1.00
2015.10.26 15:53:13.456,0.82104,0.82129,1.00,3.75
2015.10.26 15:53:13.557,0.82105,0.8213,1.35,3.00
2015.10.26 15:53:13.659,0.8211,0.82131,1.00,1.75
2015.10.26 15:53:14.698,0.82109,0.82129,1.00,1.00
2015.10.26 15:53:14.749,0.82109,0.82131,1.00,1.00
2015.10.26 15:53:15.284,0.82109,0.82132,1.00,1.00
2015.10.26 15:53:15.857,0.82105,0.82128,2.25,1.12
2015.10.26 15:53:18.261,0.82105,0.82126,1.00,1.12
2015.10.26 15:53:18.802,0.82103,0.82126,1.50,1.12
2015.10.26 15:53:19.304,0.82105,0.82127,1.00,1.50
2015.10.26 15:53:20.474,0.82105,0.82125,1.00,1.00
2015.10.26 15:53:21.043,0.82105,0.82126,1.00,1.12
2015.10.26 15:53:21.562,0.82105,0.82125,1.00,1.00
2015.10.26 15:53:22.133,0.82105,0.82128,1.00,1.75
2015.10.26 15:53:24.978,0.82107,0.8213,1.00,1.75
2015.10.26 15:53:25.079,0.82107,0.82132,1.75,1.87
2015.10.26 15:53:26.020,0.8211,0.8213,1.12,1.00
2015.10.26 15:53:26.542,0.8211,0.82131,1.12,1.00
2015.10.26 15:53:26.893,0.8211,0.82129,1.12,1.00
2015.10.26 15:53:27.457,0.8211,0.8213,1.12,1.00
2015.10.26 15:53:27.736,0.8211,0.82132,1.12,1.12
2015.10.26 15:53:28.273,0.82107,0.82131,1.75,1.00
2015.10.26 15:53:29.021,0.82107,0.82132,1.75,1.12
2015.10.26 15:53:32.767,0.82107,0.82131,1.75,1.00
2015.10.26 15:53:33.639,0.82107,0.82132,1.75,1.12
2015.10.26 15:53:36.540,0.82106,0.82131,1.75,1.00
2015.10.26 15:53:37.382,0.82106,0.8213,1.75,1.00
2015.10.26 15:53:37.685,0.82105,0.8213,2.25,1.50
2015.10.26 15:53:38.768,0.82106,0.82128,1.75,1.00
2015.10.26 15:53:39.360,0.82106,0.82131,1.75,2.25
2015.10.26 15:53:46.321,0.82106,0.82128,1.75,1.00
2015.10.26 15:53:46.880,0.82107,0.82132,2.25,1.75
2015.10.26 15:53:47.031,0.82108,0.82134,1.75,1.75
2015.10.26 15:53:47.795,0.82106,0.82131,2.25,1.00
2015.10.26 15:53:47.853,0.82108,0.82129,1.75,1.00
2015.10.26 15:53:48.005,0.82108,0.82132,1.75,1.87
2015.10.26 15:53:48.511,0.82108,0.82131,1.75,1.00
2015.10.26 15:53:49.931,0.82108,0.8213,1.75,1.00
2015.10.26 15:53:50.336,0.82107,0.8213,1.12,1.50
2015.10.26 15:53:50.991,0.82107,0.82128,1.12,1.00
2015.10.26 15:53:51.613,0.82105,0.8213,1.75,1.50
2015.10.26 15:53:53.731,0.82106,0.82128,1.50,1.00
2015.10.26 15:53:54.253,0.82107,0.8213,1.12,1.50
2015.10.26 15:53:54.354,0.82107,0.8213,1.75,1.00
2015.10.26 15:53:54.884,0.82107,0.82132,2.25,1.37
2015.10.26 15:53:55.447,0.82109,0.82133,1.75,1.00
2015.10.26 15:53:56.251,0.82109,0.82132,1.75,1.00
2015.10.26 15:54:01.786,0.82107,0.82131,1.75,1.00
2015.10.26 15:54:02.606,0.82108,0.82133,2.25,1.00
2015.10.26 15:54:04.594,0.8211,0.82132,1.75,1.00
2015.10.26 15:54:05.119,0.8211,0.82133,1.75,1.00
2015.10.26 15:54:05.271,0.82109,0.82131,1.75,1.00
2015.10.26 15:54:05.804,0.82108,0.8213,1.50,1.50
2015.10.26 15:54:07.507,0.82105,0.82128,1.75,1.00
2015.10.26 15:54:07.558,0.82105,0.82127,1.50,1.00
2015.10.26 15:54:08.087,0.82105,0.82126,1.50,1.00
2015.10.26 15:54:08.710,0.82105,0.82127,1.50,1.00
2015.10.26 15:54:09.341,0.82105,0.82128,1.50,1.12
2015.10.26 15:54:10.848,0.82104,0.82128,1.75,1.00
2015.10.26 15:54:11.349,0.82104,0.82129,1.75,1.00
2015.10.26 15:54:11.888,0.82103,0.82128,1.75,1.00
2015.10.26 15:54:12.418,0.82103,0.82127,1.75,1.00
2015.10.26 15:54:13.682,0.82103,0.82128,1.75,1.00
2015.10.26 15:54:15.197,0.82104,0.82129,1.75,1.00
2015.10.26 15:54:16.480,0.82104,0.8213,2.25,2.25
2015.10.26 15:54:17.006,0.82104,0.82129,1.75,1.00
2015.10.26 15:54:23.487,0.82103,0.82128,2.25,1.00
2015.10.26 15:54:23.991,0.82105,0.8213,1.75,1.50
2015.10.26 15:54:25.284,0.82105,0.82131,3.00,1.87
2015.10.26 15:54:25.740,0.82105,0.82128,2.25,1.00
2015.10.26 15:54:26.563,0.82103,0.82128,1.75,1.00
2015.10.26 15:54:28.902,0.82103,0.82129,2.25,1.00
2015.10.26 15:54:29.828,0.82103,0.82128,1.75,1.00
2015.10.26 15:54:30.139,0.82103,0.8213,1.75,1.87
2015.10.26 15:54:30.548,0.82103,0.82128,2.25,1.00
2015.10.26 15:54:30.989,0.82104,0.8213,1.75,1.87
2015.10.26 15:54:31.870,0.82103,0.82129,2.25,1.00
2015.10.26 15:54:32.678,0.82104,0.8213,2.25,2.62
2015.10.26 15:54:33.250,0.82104,0.82129,2.25,1.00
2015.10.26 15:54:33.780,0.82105,0.8213,1.75,1.87
2015.10.26 15:54:34.083,0.82104,0.82128,1.75,1.00
2015.10.26 15:54:34.665,0.82104,0.82127,1.75,1.00
2015.10.26 15:54:34.772,0.82104,0.82129,1.75,1.50
2015.10.26 15:54:35.169,0.82104,0.82127,1.75,1.00
2015.10.26 15:54:35.742,0.82104,0.82128,1.75,1.00
2015.10.26 15:54:36.606,0.82101,0.82124,2.25,1.00
2015.10.26 15:54:36.657,0.82099,0.82124,2.25,1.00
2015.10.26 15:54:36.809,0.82099,0.82124,1.75,1.50
2015.10.26 15:54:38.157,0.821,0.82125,1.75,1.12
2015.10.26 15:54:38.612,0.82099,0.82123,1.75,1.00
2015.10.26 15:54:40.013,0.82098,0.82124,2.25,2.25
2015.10.26 15:54:41.133,0.82098,0.82123,1.75,1.00
2015.10.26 15:54:45.184,0.821,0.82124,1.75,1.00
2015.10.26 15:54:45.688,0.821,0.82125,1.75,1.12
2015.10.26 15:54:46.619,0.821,0.82124,1.75,1.00
2015.10.26 15:54:47.146,0.821,0.82123,1.75,1.00
2015.10.26 15:54:49.567,0.82099,0.82122,1.75,1.00
2015.10.26 15:54:50.669,0.82098,0.82121,1.75,1.00
2015.10.26 15:54:51.146,0.821,0.82123,1.75,1.00
2015.10.26 15:54:51.733,0.821,0.82124,2.25,1.35
2015.10.26 15:54:55.949,0.821,0.82124,2.25,1.30
2015.10.26 15:54:57.138,0.821,0.82125,1.75,1.60
2015.10.26 15:54:57.491,0.82102,0.82121,1.75,1.00
2015.10.26 15:54:57.743,0.82115,0.82132,1.00,1.12
2015.10.26 15:54:57.844,0.8211,0.82133,2.10,2.25
2015.10.26 15:54:58.241,0.82115,0.82133,1.00,2.25
2015.10.26 15:54:58.604,0.8211,0.82133,2.10,1.50
2015.10.26 15:54:59.059,0.82108,0.82132,1.12,1.12
2015.10.26 15:54:59.977,0.8211,0.82134,1.00,1.75
2015.10.26 15:55:02.781,0.8211,0.82131,1.00,1.00
2015.10.26 15:55:03.282,0.8211,0.82132,1.00,1.12
2015.10.26 15:55:06.824,0.82111,0.82133,1.00,1.50
2015.10.26 15:55:07.327,0.82108,0.82134,1.12,2.25
2015.10.26 15:55:08.010,0.82109,0.82133,1.00,1.50
2015.10.26 15:55:08.162,0.82109,0.82133,1.00,1.75
2015.10.26 15:55:08.712,0.82104,0.82129,1.75,1.00
2015.10.26 15:55:10.533,0.82104,0.82122,1.75,1.00
2015.10.26 15:55:10.590,0.821,0.82122,1.00,1.37
2015.10.26 15:55:11.096,0.82097,0.82121,1.50,1.12
2015.10.26 15:55:12.284,0.82098,0.82122,1.97,1.37
2015.10.26 15:55:12.486,0.82105,0.82128,1.87,1.50
2015.10.26 15:55:12.587,0.82106,0.82125,1.00,1.00
2015.10.26 15:55:12.739,0.821,0.82121,1.12,1.00
2015.10.26 15:55:12.943,0.82095,0.82119,1.75,1.00
2015.10.26 15:55:13.561,0.82095,0.8212,2.25,1.50
2015.10.26 15:55:13.713,0.82098,0.82122,1.75,1.12
2015.10.26 15:55:14.876,0.82102,0.82126,1.00,1.75
2015.10.26 15:55:15.503,0.82101,0.82124,1.00,1.75
2015.10.26 15:55:16.391,0.82098,0.82119,1.00,1.00
2015.10.26 15:55:16.901,0.82097,0.82119,1.50,1.00
2015.10.26 15:55:17.406,0.82098,0.82119,1.00,1.00
2015.10.26 15:55:18.000,0.82098,0.82122,1.50,1.50
2015.10.26 15:55:21.581,0.82097,0.8212,2.25,1.00
2015.10.26 15:55:22.100,0.82097,0.82121,1.75,1.12
2015.10.26 15:55:22.808,0.82097,0.8212,1.75,1.00
2015.10.26 15:55:23.706,0.82097,0.82122,2.25,1.50
2015.10.26 15:55:24.510,0.821,0.82125,1.00,3.00
2015.10.26 15:55:26.630,0.82098,0.82124,1.50,2.25
2015.10.26 15:55:26.898,0.82096,0.82122,1.87,1.75
2015.10.26 15:55:27.464,0.82098,0.82121,1.00,2.25
2015.10.26 15:55:27.666,0.82095,0.82122,2.25,1.75
2015.10.26 15:55:27.767,0.82098,0.82122,1.00,2.25
2015.10.26 15:55:27.919,0.82098,0.82122,1.37,1.37
2015.10.26 15:55:33.745,0.82097,0.82123,1.87,2.25
2015.10.26 15:55:34.048,0.82099,0.82123,1.00,1.75
2015.10.26 15:55:34.212,0.82097,0.82123,1.87,2.25
2015.10.26 15:55:36.313,0.82099,0.82123,1.00,1.75
2015.10.26 15:55:37.221,0.82099,0.82123,1.12,1.75
2015.10.26 15:55:38.666,0.82101,0.82125,1.50,1.50
2015.10.26 15:55:40.222,0.82102,0.82126,1.00,1.75
2015.10.26 15:55:40.476,0.82102,0.82126,1.12,1.50
2015.10.26 15:55:42.155,0.82103,0.82126,1.50,1.50
2015.10.26 15:55:42.706,0.82102,0.82127,1.12,2.25
2015.10.26 15:55:43.160,0.82105,0.82128,1.00,2.25
2015.10.26 15:55:43.710,0.82104,0.82128,1.00,1.75
2015.10.26 15:55:43.963,0.82102,0.82128,1.87,2.25
2015.10.26 15:55:44.165,0.82104,0.82128,1.00,1.75
2015.10.26 15:55:46.121,0.82103,0.82128,1.50,1.75
2015.10.26 15:55:46.636,0.82104,0.82127,1.00,1.75
2015.10.26 15:55:47.433,0.82103,0.82127,1.00,1.75
2015.10.26 15:55:48.772,0.82101,0.82127,1.37,2.25
2015.10.26 15:55:50.030,0.82103,0.82127,1.00,2.25
2015.10.26 15:55:50.537,0.82102,0.82126,1.12,1.50
2015.10.26 15:55:51.051,0.82103,0.82126,1.00,1.50
2015.10.26 15:55:51.656,0.82102,0.82126,1.12,1.50
2015.10.26 15:55:52.947,0.82103,0.82126,1.00,1.50
2015.10.26 15:55:53.773,0.82103,0.82126,1.37,1.12
2015.10.26 15:55:54.304,0.82106,0.8213,1.00,1.75
2015.10.26 15:55:54.623,0.82108,0.8213,1.00,1.75
2015.10.26 15:55:54.725,0.82106,0.8213,1.00,1.75
2015.10.26 15:55:55.720,0.82108,0.8213,1.00,1.75
2015.10.26 15:55:56.349,0.82107,0.82131,1.00,1.75
2015.10.26 15:55:56.862,0.82108,0.82131,1.00,1.75
2015.10.26 15:55:58.033,0.82107,0.82131,1.00,1.75
2015.10.26 15:55:59.002,0.82106,0.8213,1.00,1.75
2015.10.26 15:55:59.530,0.82105,0.82128,1.12,1.50
2015.10.26 15:56:00.241,0.82103,0.82126,1.00,1.75
2015.10.26 15:56:00.751,0.82099,0.82125,2.25,3.00
2015.10.26 15:56:01.054,0.82099,0.82124,1.87,1.75
2015.10.26 15:56:03.411,0.821,0.82124,1.00,1.75
2015.10.26 15:56:04.209,0.82101,0.82126,1.00,1.75
2015.10.26 15:56:05.310,0.82099,0.82124,2.62,2.25
2015.10.26 15:56:08.767,0.82097,0.82121,1.37,1.50
2015.10.26 15:56:08.818,0.82097,0.8212,1.00,1.75
2015.10.26 15:56:09.385,0.82095,0.8212,3.00,2.25
2015.10.26 15:56:24.302,0.82095,0.82119,1.12,3.00
2015.10.26 15:56:26.411,0.82096,0.8212,1.00,1.75
2015.10.26 15:56:27.232,0.82095,0.82117,1.50,1.75
2015.10.26 15:56:27.291,0.82091,0.82116,2.25,1.75
2015.10.26 15:56:27.824,0.82093,0.82117,1.00,1.75
2015.10.26 15:56:28.777,0.82092,0.82117,1.12,2.25
2015.10.26 15:56:32.677,0.82093,0.82118,1.00,1.75
2015.10.26 15:56:33.179,0.82094,0.82119,1.12,1.75
2015.10.26 15:56:33.715,0.82095,0.82119,1.50,1.75
2015.10.26 15:56:34.336,0.82091,0.82117,2.25,2.25
2015.10.26 15:56:42.517,0.82095,0.82119,1.00,1.75
2015.10.26 15:56:43.083,0.82094,0.8212,1.87,2.25
2015.10.26 15:56:48.161,0.82095,0.82118,1.00,1.75
2015.10.26 15:56:48.566,0.82092,0.82117,1.12,1.75
2015.10.26 15:56:50.277,0.82093,0.82118,1.00,2.25
2015.10.26 15:56:50.782,0.8209,0.82116,2.25,2.25
2015.10.26 15:56:55.323,0.82093,0.82117,1.00,1.75
2015.10.26 15:56:56.136,0.82092,0.82117,1.12,1.75
2015.10.26 15:56:56.439,0.82095,0.82119,1.00,1.75
2015.10.26 15:56:56.944,0.82094,0.82119,1.50,1.75
2015.10.26 15:56:57.580,0.82092,0.82117,1.12,1.75
2015.10.26 15:56:58.105,0.82093,0.82117,1.50,1.75
2015.10.26 15:56:59.053,0.82091,0.82117,2.25,2.25
2015.10.26 15:57:01.054,0.82086,0.82107,1.00,1.75
2015.10.26 15:57:01.105,0.82082,0.82107,1.50,1.75
2015.10.26 15:57:01.308,0.82084,0.82106,1.00,2.25
2015.10.26 15:57:01.409,0.82082,0.82107,1.50,1.75
2015.10.26 15:57:07.366,0.82081,0.82105,1.12,2.25
2015.10.26 15:57:07.949,0.82082,0.82108,1.00,2.25
2015.10.26 15:57:08.473,0.82083,0.82107,1.00,1.75
2015.10.26 15:57:09.303,0.82082,0.82107,1.00,2.25
2015.10.26 15:57:09.807,0.82083,0.82107,1.00,2.25
2015.10.26 15:57:10.434,0.82082,0.82107,1.00,2.25
2015.10.26 15:57:11.335,0.8208,0.82103,1.00,1.75
2015.10.26 15:57:15.185,0.82078,0.82103,1.12,2.25
2015.10.26 15:57:15.749,0.82076,0.82101,1.87,1.75
2015.10.26 15:57:16.682,0.82077,0.82102,1.00,2.25
2015.10.26 15:57:17.216,0.82076,0.82102,1.87,2.25
2015.10.26 15:57:24.027,0.82076,0.82101,1.00,2.25
2015.10.26 15:57:26.064,0.82077,0.82102,1.00,3.75
2015.10.26 15:57:28.832,0.82077,0.821,1.12,1.50
2015.10.26 15:57:31.963,0.82081,0.82105,1.00,2.25
2015.10.26 15:57:32.064,0.82084,0.82105,1.50,1.00
2015.10.26 15:57:32.165,0.82085,0.82107,1.50,1.00
2015.10.26 15:57:33.138,0.82088,0.8211,1.12,1.12
2015.10.26 15:57:33.452,0.8209,0.82111,1.00,1.50
2015.10.26 15:57:34.719,0.82088,0.82111,1.12,1.50
2015.10.26 15:57:35.705,0.82085,0.82108,2.25,1.00
2015.10.26 15:57:35.756,0.82085,0.82108,2.25,1.50
2015.10.26 15:57:36.487,0.82089,0.82111,1.00,1.50
2015.10.26 15:57:37.542,0.8209,0.82113,1.00,1.75
2015.10.26 15:57:38.047,0.82089,0.82113,1.50,1.75
2015.10.26 15:57:38.817,0.82088,0.82111,1.12,1.50
2015.10.26 15:57:39.686,0.8209,0.82111,1.00,1.50
2015.10.26 15:57:41.893,0.8209,0.82114,1.87,1.37
2015.10.26 15:57:42.109,0.82094,0.82116,1.00,2.25
2015.10.26 15:57:42.160,0.82094,0.82116,1.12,1.12
2015.10.26 15:57:43.350,0.82095,0.82118,1.00,2.25
2015.10.26 15:57:43.401,0.82095,0.82118,1.75,1.00
2015.10.26 15:57:43.856,0.82095,0.82116,1.75,1.00
2015.10.26 15:57:44.577,0.82095,0.82116,1.00,1.12
2015.10.26 15:57:44.830,0.82091,0.82114,1.75,1.00
2015.10.26 15:57:44.881,0.82091,0.82114,1.12,1.50
2015.10.26 15:57:46.424,0.82095,0.82114,1.00,1.50
2015.10.26 15:57:47.068,0.82095,0.82117,1.00,1.50
2015.10.26 15:57:50.010,0.82094,0.82117,1.87,1.50
2015.10.26 15:57:50.384,0.82092,0.82116,1.00,2.25
2015.10.26 15:57:50.485,0.82087,0.82112,1.12,2.25
2015.10.26 15:57:51.222,0.82087,0.82108,1.12,1.00
2015.10.26 15:57:51.625,0.82085,0.82109,1.12,1.75
2015.10.26 15:57:52.502,0.82087,0.8211,1.00,1.75
2015.10.26 15:57:53.985,0.82085,0.82109,1.87,1.75
2015.10.26 15:57:54.037,0.82085,0.82109,2.25,1.12
2015.10.26 15:57:55.935,0.82088,0.8211,1.00,1.50
2015.10.26 15:57:56.786,0.82085,0.8211,3.00,1.50
2015.10.26 15:57:56.938,0.82086,0.82109,1.00,1.75
2015.10.26 15:58:01.315,0.82087,0.8211,1.00,1.75
2015.10.26 15:58:02.159,0.82084,0.82108,1.50,1.75
2015.10.26 15:58:02.211,0.82084,0.82107,1.00,1.75
2015.10.26 15:58:02.721,0.82084,0.82108,1.37,1.75
2015.10.26 15:58:02.772,0.82084,0.82108,1.50,1.50
2015.10.26 15:58:03.842,0.82086,0.82107,1.00,1.12
2015.10.26 15:58:05.121,0.8209,0.82109,1.00,1.00
2015.10.26 15:58:05.232,0.8209,0.82114,2.85,1.50
2015.10.26 15:58:05.738,0.82092,0.82115,1.00,1.75
2015.10.26 15:58:06.324,0.82094,0.82116,1.00,1.75
2015.10.26 15:58:06.838,0.82094,0.82117,1.12,1.50
2015.10.26 15:58:07.551,0.82095,0.82117,1.00,1.50
2015.10.26 15:58:07.609,0.82092,0.82116,1.12,1.75
2015.10.26 15:58:08.834,0.82094,0.82119,1.00,2.25
2015.10.26 15:58:09.553,0.82093,0.82118,1.00,1.75
2015.10.26 15:58:10.288,0.82091,0.82117,2.25,1.75
2015.10.26 15:58:11.064,0.8209,0.82114,1.00,1.75
2015.10.26 15:58:11.534,0.82096,0.82119,1.00,3.00
2015.10.26 15:58:11.585,0.82096,0.82119,1.00,1.75
2015.10.26 15:58:11.788,0.821,0.82121,1.00,1.75
2015.10.26 15:58:12.873,0.82098,0.82122,1.00,1.75
2015.10.26 15:58:13.431,0.82097,0.8212,1.12,1.75
2015.10.26 15:58:14.869,0.821,0.8212,1.00,1.75
2015.10.26 15:58:15.087,0.82097,0.8212,1.12,1.75
2015.10.26 15:58:15.137,0.82097,0.8212,1.00,1.75
2015.10.26 15:58:15.642,0.821,0.82119,1.00,1.75
2015.10.26 15:58:16.118,0.82096,0.82119,1.35,1.75
2015.10.26 15:58:17.360,0.82095,0.8212,1.00,3.00
2015.10.26 15:58:17.943,0.82096,0.82122,1.00,3.00
2015.10.26 15:58:18.621,0.82098,0.82122,1.00,1.75
2015.10.26 15:58:18.672,0.82098,0.82122,1.00,1.75
2015.10.26 15:58:20.517,0.821,0.82123,1.00,2.25
2015.10.26 15:58:20.819,0.82098,0.82121,1.00,1.75
2015.10.26 15:58:21.467,0.82097,0.82121,1.00,3.00
2015.10.26 15:58:21.518,0.82095,0.82119,1.00,1.75
2015.10.26 15:58:23.264,0.82095,0.82121,1.50,3.00
2015.10.26 15:58:23.315,0.82095,0.82118,1.00,1.00
2015.10.26 15:58:26.527,0.82095,0.82118,1.60,1.00
2015.10.26 15:58:26.578,0.821,0.8212,1.00,1.12
2015.10.26 15:58:26.679,0.821,0.82122,1.50,1.87
2015.10.26 15:58:26.882,0.82101,0.8212,1.00,1.12
2015.10.26 15:58:26.932,0.82095,0.82119,1.75,1.00
2015.10.26 15:58:26.983,0.82095,0.82119,1.12,1.75
2015.10.26 15:58:27.485,0.82097,0.82119,1.12,1.12
2015.10.26 15:58:28.192,0.821,0.82122,1.00,1.75
2015.10.26 15:58:28.783,0.82097,0.82122,1.12,2.25
2015.10.26 15:58:30.570,0.82098,0.82123,1.00,1.75
2015.10.26 15:58:30.621,0.821,0.82123,1.00,1.75
2015.10.26 15:58:31.829,0.821,0.82122,1.12,1.50
2015.10.26 15:58:31.880,0.82097,0.82122,1.75,1.12
2015.10.26 15:58:33.436,0.82097,0.82121,1.75,1.00
2015.10.26 15:58:33.943,0.82101,0.82124,1.00,1.75
2015.10.26 15:58:34.661,0.82103,0.82126,1.00,1.50
2015.10.26 15:58:35.165,0.82102,0.82126,1.50,1.50
2015.10.26 15:58:35.316,0.82103,0.82129,2.25,1.87
2015.10.26 15:58:37.156,0.82103,0.82127,1.75,1.00
2015.10.26 15:58:37.715,0.82105,0.82128,1.37,1.12
2015.10.26 15:58:38.119,0.82105,0.82129,1.00,2.25
2015.10.26 15:58:38.321,0.82105,0.82129,1.50,1.50
2015.10.26 15:58:38.872,0.82106,0.82128,1.00,1.37
2015.10.26 15:58:39.578,0.82107,0.82126,1.00,1.00
2015.10.26 15:58:39.730,0.82105,0.82126,1.50,1.00
2015.10.26 15:58:40.259,0.82106,0.82129,1.00,1.75
2015.10.26 15:58:40.784,0.82105,0.82128,1.00,1.75
2015.10.26 15:58:43.078,0.821,0.82125,1.87,2.25
2015.10.26 15:58:43.444,0.82102,0.82125,1.00,1.75
2015.10.26 15:58:44.049,0.82105,0.82126,1.00,1.75
2015.10.26 15:58:44.521,0.82102,0.82125,1.00,1.75
2015.10.26 15:58:45.944,0.82105,0.82126,1.00,1.75
2015.10.26 15:58:46.355,0.82103,0.82128,1.00,2.25
2015.10.26 15:58:46.406,0.82101,0.82127,1.50,1.75
2015.10.26 15:58:47.757,0.82111,0.82137,1.50,2.25
2015.10.26 15:58:48.637,0.82115,0.82137,1.00,2.25
2015.10.26 15:58:50.973,0.82111,0.82135,1.50,2.25
2015.10.26 15:58:51.327,0.82115,0.82136,1.00,1.75
2015.10.26 15:58:53.507,0.82112,0.82136,1.12,1.75
2015.10.26 15:58:54.638,0.8211,0.82135,1.87,2.25
2015.10.26 15:58:54.739,0.8211,0.82135,1.87,2.25
2015.10.26 15:58:55.143,0.8211,0.8213,1.00,1.50
2015.10.26 15:58:58.320,0.82107,0.8213,1.12,1.50
2015.10.26 15:58:59.348,0.82109,0.8213,1.00,1.50
2015.10.26 15:58:59.652,0.8212,0.82131,1.00,1.00
2015.10.26 15:58:59.702,0.8212,0.82134,1.00,1.00
2015.10.26 15:58:59.854,0.82116,0.82135,1.00,1.00
2015.10.26 15:59:00.410,0.82114,0.82135,1.50,1.35
2015.10.26 15:59:00.466,0.8211,0.8213,1.00,2.85
2015.10.26 15:59:00.632,0.82105,0.82129,1.12,1.75
2015.10.26 15:59:01.046,0.8211,0.8213,1.00,2.10
2015.10.26 15:59:02.039,0.82105,0.82127,1.12,1.12
2015.10.26 15:59:02.141,0.82105,0.82127,1.00,1.37
2015.10.26 15:59:04.382,0.82103,0.82125,1.00,1.00
2015.10.26 15:59:04.995,0.82104,0.82125,1.00,1.00
2015.10.26 15:59:05.505,0.82103,0.82125,1.50,1.00
2015.10.26 15:59:05.928,0.82105,0.82128,1.00,1.00
2015.10.26 15:59:06.459,0.82105,0.82129,1.00,1.50
2015.10.26 15:59:06.762,0.82111,0.82129,1.00,1.00
2015.10.26 15:59:06.863,0.82113,0.82135,1.00,1.75
2015.10.26 15:59:07.299,0.82113,0.82139,2.25,2.25
2015.10.26 15:59:07.663,0.8211,0.82135,3.00,1.50
2015.10.26 15:59:08.175,0.82112,0.82136,1.75,1.00
2015.10.26 15:59:08.683,0.82112,0.82135,1.75,1.00
2015.10.26 15:59:09.219,0.82112,0.82136,1.75,1.00
2015.10.26 15:59:10.619,0.82113,0.82137,1.75,1.12
2015.10.26 15:59:10.927,0.82115,0.82137,1.00,1.75
2015.10.26 15:59:11.179,0.82112,0.82137,1.12,2.25
2015.10.26 15:59:11.482,0.8211,0.82134,1.12,1.75
2015.10.26 15:59:12.403,0.82106,0.8213,1.75,1.00
2015.10.26 15:59:12.858,0.8211,0.82132,1.00,1.50
2015.10.26 15:59:13.371,0.82107,0.82131,1.00,1.75
2015.10.26 15:59:13.473,0.82104,0.82126,1.75,1.00
2015.10.26 15:59:13.675,0.82098,0.82122,1.75,1.50
2015.10.26 15:59:14.780,0.82101,0.82122,1.00,1.50
2015.10.26 15:59:14.983,0.82102,0.82126,1.00,1.00
2015.10.26 15:59:15.034,0.82102,0.82125,1.60,1.00
2015.10.26 15:59:15.337,0.8211,0.82131,1.00,1.75
2015.10.26 15:59:15.388,0.8211,0.82131,1.00,1.12
2015.10.26 15:59:16.106,0.82107,0.82131,1.75,1.12
2015.10.26 15:59:16.637,0.8211,0.82132,1.00,1.50
2015.10.26 15:59:17.154,0.82108,0.8213,1.50,1.00
2015.10.26 15:59:18.233,0.82107,0.82131,1.75,1.12
2015.10.26 15:59:19.028,0.82105,0.82129,1.75,2.25
2015.10.26 15:59:19.129,0.82105,0.82129,1.75,2.25
2015.10.26 15:59:22.147,0.82106,0.82129,1.75,1.00
2015.10.26 15:59:22.400,0.82101,0.82128,1.75,2.25
2015.10.26 15:59:22.502,0.821,0.82125,2.25,2.25
2015.10.26 15:59:22.837,0.821,0.82122,1.75,1.50
2015.10.26 15:59:22.938,0.82097,0.82122,1.75,1.75
2015.10.26 15:59:23.441,0.821,0.82122,1.00,1.75
2015.10.26 15:59:24.014,0.82097,0.82122,1.75,2.25
2015.10.26 15:59:25.148,0.821,0.82122,1.00,1.75
2015.10.26 15:59:26.006,0.82096,0.82122,2.25,1.75
2015.10.26 15:59:26.551,0.821,0.82122,1.00,2.25
2015.10.26 15:59:27.418,0.82097,0.82122,1.75,1.75
2015.10.26 15:59:29.436,0.82095,0.82118,1.50,1.12
2015.10.26 15:59:29.638,0.82093,0.82117,1.50,1.75
2015.10.26 15:59:29.991,0.82095,0.82119,1.37,1.75
2015.10.26 15:59:30.042,0.82095,0.82119,1.50,1.50
2015.10.26 15:59:30.819,0.82097,0.82122,1.00,2.25
2015.10.26 15:59:31.990,0.82096,0.8212,1.12,1.75
2015.10.26 15:59:32.595,0.82095,0.82117,1.50,1.00
2015.10.26 15:59:32.646,0.82095,0.82117,1.00,1.75
2015.10.26 15:59:33.667,0.8209,0.82115,1.75,1.12
2015.10.26 15:59:38.086,0.82095,0.82119,1.50,1.75
2015.10.26 15:59:38.610,0.82097,0.82121,1.00,1.75
2015.10.26 15:59:39.121,0.82096,0.82121,1.12,1.75
2015.10.26 15:59:39.518,0.82096,0.82121,1.75,1.50
2015.10.26 15:59:39.720,0.82104,0.82124,1.00,1.75
2015.10.26 15:59:39.872,0.82105,0.82125,2.25,1.00
2015.10.26 15:59:39.923,0.82105,0.82127,2.25,1.35
2015.10.26 15:59:40.024,0.82103,0.82125,1.75,1.00
2015.10.26 15:59:40.075,0.82104,0.82125,1.12,1.00
2015.10.26 15:59:40.649,0.82102,0.82127,1.00,1.75
2015.10.26 15:59:41.165,0.82101,0.82124,1.12,1.50
2015.10.26 15:59:42.010,0.82098,0.82122,1.75,1.00
2015.10.26 15:59:42.062,0.82097,0.82122,2.25,1.75
2015.10.26 15:59:42.717,0.82099,0.82123,1.00,1.75
2015.10.26 15:59:43.718,0.821,0.82123,1.00,1.75
2015.10.26 15:59:44.243,0.82101,0.82125,1.00,1.75
2015.10.26 15:59:45.013,0.82099,0.82125,1.00,2.25
2015.10.26 15:59:45.550,0.821,0.82123,1.00,1.75
2015.10.26 15:59:45.601,0.82098,0.82123,1.12,1.75
2015.10.26 15:59:46.604,0.821,0.82123,1.00,1.75
2015.10.26 15:59:46.705,0.82098,0.82123,1.12,1.75
2015.10.26 15:59:46.907,0.821,0.82123,1.00,1.75
2015.10.26 15:59:47.114,0.82098,0.82122,1.12,1.75
2015.10.26 15:59:47.822,0.821,0.82123,1.00,2.25
2015.10.26 15:59:48.911,0.82098,0.82123,1.87,1.75
2015.10.26 15:59:49.012,0.821,0.82123,1.00,1.75
2015.10.26 15:59:49.114,0.82098,0.82121,1.12,1.50
2015.10.26 15:59:49.419,0.82096,0.82118,1.75,1.00
2015.10.26 15:59:49.471,0.82093,0.82117,1.75,1.87
2015.10.26 15:59:49.572,0.82093,0.82115,1.00,1.75
2015.10.26 15:59:50.207,0.82094,0.82116,1.50,1.75
2015.10.26 15:59:50.259,0.82095,0.8212,1.50,1.75
2015.10.26 15:59:52.440,0.82097,0.8212,1.00,1.75
2015.10.26 15:59:52.952,0.82109,0.82123,1.00,1.75
2015.10.26 15:59:53.456,0.8211,0.82122,1.00,1.75
2015.10.26 15:59:53.759,0.82104,0.82121,1.00,1.75
2015.10.26 15:59:54.657,0.821,0.82122,1.00,1.75
2015.10.26 15:59:54.758,0.82101,0.82123,1.37,1.37
2015.10.26 15:59:54.809,0.82102,0.82123,1.50,1.00
2015.10.26 15:59:54.860,0.82103,0.82123,1.37,1.00
2015.10.26 15:59:55.164,0.82105,0.82127,1.37,1.00
2015.10.26 15:59:55.845,0.82105,0.82126,1.00,1.00
2015.10.26 15:59:55.896,0.82105,0.82128,2.25,1.12
2015.10.26 15:59:57.212,0.8211,0.8213,1.00,3.75
2015.10.26 15:59:57.515,0.82115,0.82129,1.00,2.25
2015.10.26 15:59:58.020,0.82115,0.82131,1.00,1.12
2015.10.26 15:59:59.003,0.82115,0.8213,1.00,1.50
2015.10.26 15:59:59.154,0.8211,0.82129,1.00,1.50
2015.10.26 15:59:59.205,0.8211,0.82127,1.00,1.00
2015.10.26 15:59:59.709,0.82105,0.82125,1.00,1.00
