2017.12.15 19:00:05.348,0.78803,0.78811,1.00,1.00
2017.12.15 19:00:39.569,0.78802,0.78812,1.44,1.00
2017.12.15 19:00:46.460,0.78802,0.78812,1.25,1.50
2017.12.15 19:00:46.511,0.78802,0.78812,1.25,1.50
2017.12.15 19:00:50.207,0.78802,0.7881,1.25,1.00
2017.12.15 19:00:56.932,0.788,0.78809,1.25,1.87
2017.12.15 19:00:57.858,0.78799,0.7881,3.04,1.50
2017.12.15 19:00:58.688,0.78799,0.78809,1.50,1.00
2017.12.15 19:01:00.120,0.78799,0.7881,2.44,1.00
2017.12.15 19:01:00.171,0.78799,0.78809,1.25,1.87
2017.12.15 19:01:00.274,0.78798,0.78804,1.00,1.25
2017.12.15 19:01:00.325,0.78798,0.78802,1.00,1.00
2017.12.15 19:01:00.377,0.78791,0.788,1.69,1.00
2017.12.15 19:01:00.790,0.78791,0.78802,2.44,1.50
2017.12.15 19:01:00.841,0.78791,0.788,1.69,1.00
2017.12.15 19:01:01.675,0.7879,0.788,1.25,1.00
2017.12.15 19:01:04.135,0.78789,0.788,1.87,1.00
2017.12.15 19:01:06.196,0.7879,0.788,1.00,1.00
2017.12.15 19:01:08.411,0.7879,0.788,1.44,1.00
2017.12.15 19:01:20.660,0.78791,0.78802,1.44,1.87
2017.12.15 19:01:27.096,0.78792,0.78802,1.44,1.12
2017.12.15 19:01:28.645,0.78793,0.78803,1.25,1.25
2017.12.15 19:01:29.547,0.78793,0.78802,1.25,1.00
2017.12.15 19:01:49.282,0.7879,0.78801,2.85,1.50
2017.12.15 19:01:49.452,0.78787,0.78797,1.24,1.00
2017.12.15 19:01:49.859,0.78786,0.78795,1.00,1.00
2017.12.15 19:01:50.189,0.78788,0.78796,1.00,2.06
2017.12.15 19:01:51.902,0.78789,0.78796,1.00,1.12
2017.12.15 19:01:53.995,0.7879,0.78796,1.00,1.12
2017.12.15 19:01:54.658,0.7879,0.78797,1.00,1.69
2017.12.15 19:01:56.190,0.78791,0.78797,1.00,1.25
2017.12.15 19:01:57.420,0.78793,0.78799,1.00,1.25
2017.12.15 19:01:58.716,0.78792,0.78799,1.00,1.50
2017.12.15 19:01:59.395,0.78791,0.78798,1.00,1.69
2017.12.15 19:02:08.488,0.78791,0.78799,1.00,1.31
2017.12.15 19:02:10.141,0.78791,0.78798,1.00,1.00
2017.12.15 19:02:13.485,0.78793,0.78798,1.00,1.00
2017.12.15 19:02:13.536,0.78793,0.788,1.00,1.69
2017.12.15 19:02:13.813,0.78792,0.78798,1.00,1.00
2017.12.15 19:02:14.519,0.78791,0.78798,1.00,1.00
2017.12.15 19:02:15.498,0.7879,0.78798,1.00,1.69
2017.12.15 19:02:18.969,0.78791,0.78798,1.00,1.69
2017.12.15 19:02:22.744,0.78791,0.78799,1.00,1.31
2017.12.15 19:02:23.866,0.78791,0.78798,1.00,1.00
2017.12.15 19:02:32.200,0.7879,0.78798,1.00,1.69
2017.12.15 19:02:40.160,0.78791,0.78798,1.00,1.69
2017.12.15 19:02:45.175,0.78792,0.78798,1.00,1.00
2017.12.15 19:02:47.879,0.78794,0.78799,1.00,1.12
2017.12.15 19:02:47.931,0.78794,0.78801,1.00,1.00
2017.12.15 19:02:48.836,0.78793,0.78801,1.00,1.69
2017.12.15 19:02:52.016,0.78793,0.788,1.00,1.00
2017.12.15 19:02:54.325,0.78793,0.78799,1.00,1.00
2017.12.15 19:02:54.896,0.78792,0.78799,1.00,1.87
2017.12.15 19:02:54.948,0.78791,0.78797,1.00,1.00
2017.12.15 19:02:59.328,0.78792,0.78797,1.00,1.00
2017.12.15 19:03:00.191,0.78792,0.78799,1.00,1.25
2017.12.15 19:03:00.641,0.7879,0.78798,1.50,1.25
2017.12.15 19:03:00.799,0.78789,0.78796,1.00,1.19
2017.12.15 19:03:00.955,0.78793,0.788,1.00,1.25
2017.12.15 19:03:01.841,0.78794,0.78801,1.00,1.12
2017.12.15 19:03:02.367,0.78794,0.78802,1.00,1.25
2017.12.15 19:03:02.927,0.78795,0.78802,1.00,1.25
2017.12.15 19:03:03.857,0.78795,0.78803,1.00,1.25
2017.12.15 19:03:04.516,0.78795,0.78802,1.00,1.00
2017.12.15 19:03:05.097,0.78796,0.78803,1.00,1.25
2017.12.15 19:03:06.750,0.78795,0.78803,1.00,1.25
2017.12.15 19:03:07.332,0.78796,0.78803,1.00,1.25
2017.12.15 19:03:07.384,0.78798,0.78806,1.00,1.00
2017.12.15 19:03:07.486,0.78797,0.78804,1.00,1.25
2017.12.15 19:03:08.070,0.78798,0.78805,1.00,1.19
2017.12.15 19:03:08.614,0.78798,0.78805,1.00,1.25
2017.12.15 19:03:11.253,0.78798,0.78805,1.00,1.31
2017.12.15 19:03:12.075,0.78798,0.78805,1.00,1.69
2017.12.15 19:03:13.183,0.78798,0.78804,1.00,1.00
2017.12.15 19:03:13.764,0.78797,0.78804,1.00,1.50
2017.12.15 19:03:18.172,0.78796,0.78804,1.00,1.87
2017.12.15 19:03:19.780,0.78795,0.78802,1.00,1.25
2017.12.15 19:03:20.764,0.78794,0.78802,1.00,2.25
2017.12.15 19:03:22.515,0.78793,0.78801,1.00,1.87
2017.12.15 19:03:23.143,0.78794,0.78801,1.00,2.06
2017.12.15 19:03:23.689,0.78793,0.788,1.00,1.25
2017.12.15 19:03:23.998,0.78794,0.78802,1.00,2.85
2017.12.15 19:03:24.537,0.78794,0.78801,1.00,1.25
2017.12.15 19:03:26.593,0.78795,0.78802,1.00,1.31
2017.12.15 19:03:27.097,0.78794,0.78802,1.00,1.31
2017.12.15 19:03:27.250,0.78793,0.788,1.00,1.00
2017.12.15 19:03:27.905,0.78794,0.78802,1.00,3.37
2017.12.15 19:03:28.486,0.78794,0.78801,1.00,1.12
2017.12.15 19:03:30.039,0.78795,0.78802,1.00,2.44
2017.12.15 19:03:30.686,0.78794,0.78802,1.00,2.62
2017.12.15 19:03:31.839,0.78795,0.78802,1.00,2.44
2017.12.15 19:03:32.400,0.78794,0.78802,1.00,2.44
2017.12.15 19:03:33.085,0.78794,0.78801,1.00,1.00
2017.12.15 19:03:34.606,0.78793,0.78801,1.00,2.06
2017.12.15 19:03:36.587,0.78793,0.788,1.00,1.25
2017.12.15 19:03:38.178,0.78793,0.78801,1.00,1.87
2017.12.15 19:03:40.334,0.78794,0.78802,1.00,3.79
2017.12.15 19:03:40.887,0.78794,0.78801,1.00,1.00
2017.12.15 19:03:46.516,0.78793,0.78801,1.00,1.25
2017.12.15 19:03:49.072,0.78793,0.788,1.00,1.00
2017.12.15 19:03:49.953,0.78793,0.78801,1.00,1.25
2017.12.15 19:03:53.157,0.78794,0.78801,1.00,1.25
2017.12.15 19:03:57.224,0.78791,0.78799,1.00,1.25
2017.12.15 19:03:57.276,0.7879,0.78796,1.00,1.00
2017.12.15 19:03:57.780,0.78789,0.78796,1.00,1.69
2017.12.15 19:03:58.640,0.78788,0.78796,1.00,2.44
2017.12.15 19:03:59.507,0.78789,0.78796,1.00,1.25
2017.12.15 19:04:02.238,0.78788,0.78796,1.00,1.25
2017.12.15 19:04:02.743,0.78788,0.78795,1.00,1.00
2017.12.15 19:04:03.287,0.78789,0.78796,1.00,1.25
2017.12.15 19:04:07.890,0.78789,0.78797,1.00,1.12
2017.12.15 19:04:08.595,0.78789,0.78797,1.00,1.19
2017.12.15 19:04:09.857,0.78789,0.78797,1.00,1.25
2017.12.15 19:04:10.933,0.78789,0.78796,1.00,1.00
2017.12.15 19:04:12.856,0.78788,0.78796,1.00,1.25
2017.12.15 19:04:13.635,0.78789,0.78796,1.00,1.25
2017.12.15 19:04:14.282,0.78789,0.78795,1.00,1.00
2017.12.15 19:04:15.018,0.78789,0.78796,1.00,1.00
2017.12.15 19:04:15.738,0.7879,0.78797,1.00,1.25
2017.12.15 19:04:16.328,0.78789,0.78797,1.00,1.25
2017.12.15 19:04:18.637,0.7879,0.78797,1.00,1.25
2017.12.15 19:04:19.185,0.78789,0.78797,1.00,1.25
2017.12.15 19:04:24.794,0.78792,0.78799,1.00,2.25
2017.12.15 19:04:32.823,0.78791,0.78799,1.00,1.87
2017.12.15 19:04:33.212,0.7879,0.78797,1.00,1.25
2017.12.15 19:04:36.472,0.78789,0.78797,1.00,1.54
2017.12.15 19:04:37.338,0.78788,0.78795,1.00,1.25
2017.12.15 19:04:37.643,0.78784,0.78791,1.00,1.00
2017.12.15 19:04:38.194,0.78783,0.7879,1.00,1.00
2017.12.15 19:04:38.695,0.78782,0.78789,1.00,1.25
2017.12.15 19:04:38.900,0.78783,0.78791,1.00,1.25
2017.12.15 19:04:39.379,0.78786,0.78793,1.00,1.69
2017.12.15 19:04:39.983,0.78787,0.78794,1.00,1.25
2017.12.15 19:04:40.626,0.78788,0.78794,1.00,1.00
2017.12.15 19:04:41.184,0.78788,0.78795,1.00,1.69
2017.12.15 19:04:41.499,0.7879,0.78795,1.00,1.00
2017.12.15 19:04:41.550,0.7879,0.78797,1.00,1.25
2017.12.15 19:04:46.082,0.78791,0.78797,1.00,1.00
2017.12.15 19:04:50.207,0.78791,0.78798,1.00,2.62
2017.12.15 19:04:53.277,0.7879,0.78798,1.00,2.62
2017.12.15 19:04:55.471,0.7879,0.78797,1.00,1.00
2017.12.15 19:04:57.106,0.7879,0.78798,1.00,2.62
2017.12.15 19:05:00.014,0.78788,0.78795,1.00,1.12
2017.12.15 19:05:00.168,0.78783,0.78791,1.00,1.87
2017.12.15 19:05:00.728,0.78784,0.78791,1.00,1.87
2017.12.15 19:05:22.286,0.78784,0.78792,1.00,2.06
2017.12.15 19:05:22.779,0.78786,0.78793,1.00,1.25
2017.12.15 19:05:23.085,0.78784,0.78791,1.00,1.25
2017.12.15 19:05:23.917,0.78784,0.78792,1.00,1.69
2017.12.15 19:05:25.501,0.78784,0.78791,1.00,1.00
2017.12.15 19:05:27.248,0.78784,0.78792,1.00,1.69
2017.12.15 19:05:30.114,0.78784,0.78791,1.00,1.00
2017.12.15 19:05:30.722,0.78783,0.78791,1.00,1.12
2017.12.15 19:05:32.171,0.78784,0.78791,1.00,1.25
2017.12.15 19:05:37.482,0.78782,0.78791,1.00,1.25
2017.12.15 19:05:37.634,0.78783,0.78793,1.00,1.25
2017.12.15 19:05:38.983,0.78783,0.78793,1.50,1.44
2017.12.15 19:05:39.187,0.78781,0.78791,1.50,1.25
2017.12.15 19:05:42.800,0.78781,0.78791,1.50,1.44
2017.12.15 19:05:43.355,0.78781,0.78791,1.50,1.25
2017.12.15 19:05:54.320,0.7878,0.78791,1.50,1.69
2017.12.15 19:06:04.725,0.78783,0.78793,1.00,2.44
2017.12.15 19:06:05.283,0.78783,0.78791,1.00,1.25
2017.12.15 19:06:06.129,0.78783,0.7879,1.00,1.00
2017.12.15 19:06:06.180,0.7878,0.7879,1.50,1.00
2017.12.15 19:06:09.444,0.7878,0.78791,1.50,1.69
2017.12.15 19:06:09.979,0.78782,0.78792,1.00,1.25
2017.12.15 19:06:10.682,0.78782,0.78793,1.00,1.69
2017.12.15 19:06:14.964,0.78782,0.78792,1.00,1.00
2017.12.15 19:06:15.538,0.78782,0.78791,1.00,1.25
2017.12.15 19:06:16.988,0.78782,0.78793,1.00,1.87
2017.12.15 19:06:17.513,0.78783,0.78793,1.00,1.87
2017.12.15 19:06:18.951,0.78783,0.78792,1.00,1.25
2017.12.15 19:06:20.642,0.78783,0.78793,1.00,1.69
2017.12.15 19:06:25.056,0.78783,0.78792,1.00,1.25
2017.12.15 19:06:27.666,0.78783,0.78793,1.00,1.69
2017.12.15 19:06:28.823,0.78783,0.78792,1.00,1.00
2017.12.15 19:06:29.673,0.78783,0.78793,1.00,1.69
2017.12.15 19:06:30.208,0.78783,0.78792,1.00,1.25
2017.12.15 19:06:31.376,0.78783,0.78791,1.00,1.00
2017.12.15 19:06:34.200,0.78782,0.78791,1.00,1.25
2017.12.15 19:06:42.215,0.78783,0.78793,1.00,1.25
2017.12.15 19:06:43.167,0.78784,0.78794,1.50,1.25
2017.12.15 19:06:44.090,0.78784,0.78795,2.62,1.00
2017.12.15 19:06:44.627,0.78785,0.78796,1.12,1.25
2017.12.15 19:06:44.910,0.78784,0.78794,1.50,1.25
2017.12.15 19:06:45.355,0.78784,0.7879,1.50,1.00
2017.12.15 19:06:45.457,0.78781,0.78789,1.50,1.00
2017.12.15 19:06:45.610,0.78778,0.78788,1.50,1.00
2017.12.15 19:06:45.932,0.78778,0.78786,1.00,1.00
2017.12.15 19:06:46.507,0.78778,0.78787,1.00,1.25
2017.12.15 19:06:50.964,0.78778,0.78788,1.00,1.69
2017.12.15 19:06:52.178,0.78779,0.78789,1.00,1.25
2017.12.15 19:06:54.727,0.78779,0.78788,1.00,1.25
2017.12.15 19:06:55.686,0.78778,0.78788,1.87,1.25
2017.12.15 19:07:01.394,0.78778,0.78787,1.50,1.25
2017.12.15 19:07:04.126,0.78778,0.78786,1.00,1.25
2017.12.15 19:07:04.646,0.78777,0.78785,1.00,1.25
2017.12.15 19:07:07.940,0.78776,0.78785,1.87,1.25
2017.12.15 19:07:11.282,0.78777,0.78785,1.00,1.25
2017.12.15 19:07:14.769,0.78777,0.78786,1.50,1.25
2017.12.15 19:07:26.598,0.78777,0.78787,1.50,1.25
2017.12.15 19:07:28.167,0.78777,0.78786,1.50,1.25
2017.12.15 19:07:36.268,0.78777,0.78785,1.00,1.25
2017.12.15 19:07:37.228,0.78773,0.78783,1.50,1.25
2017.12.15 19:07:37.872,0.78773,0.78782,1.50,1.00
2017.12.15 19:07:40.414,0.78773,0.78783,1.00,1.69
2017.12.15 19:07:41.237,0.78773,0.78782,1.00,1.25
2017.12.15 19:07:46.735,0.78773,0.78783,1.00,1.69
2017.12.15 19:07:47.247,0.78773,0.78782,1.00,1.25
2017.12.15 19:07:53.659,0.78773,0.78781,1.00,1.00
2017.12.15 19:07:54.180,0.78772,0.78781,1.12,1.00
2017.12.15 19:07:55.801,0.78772,0.78782,1.00,1.25
2017.12.15 19:07:56.484,0.78772,0.78782,1.00,1.19
2017.12.15 19:07:58.025,0.78772,0.78782,1.00,1.25
2017.12.15 19:08:04.208,0.78778,0.78784,1.00,1.12
2017.12.15 19:08:04.310,0.78782,0.78789,1.00,1.00
2017.12.15 19:08:04.361,0.78782,0.78791,1.00,1.25
2017.12.15 19:08:09.837,0.78784,0.78791,1.00,1.00
2017.12.15 19:08:15.823,0.78782,0.78789,1.50,1.25
2017.12.15 19:08:15.981,0.78781,0.78788,1.00,1.00
2017.12.15 19:08:16.032,0.78782,0.78791,1.00,1.25
2017.12.15 19:08:18.134,0.78782,0.78792,1.12,1.12
2017.12.15 19:08:20.792,0.78782,0.78791,1.87,1.00
2017.12.15 19:08:21.312,0.78781,0.78791,1.00,1.00
2017.12.15 19:08:23.769,0.78781,0.78792,1.00,1.69
2017.12.15 19:08:25.552,0.78781,0.78791,1.00,1.00
2017.12.15 19:08:26.084,0.78782,0.78792,1.00,1.25
2017.12.15 19:08:26.291,0.78786,0.78791,1.00,1.69
2017.12.15 19:08:26.343,0.78783,0.78792,1.12,1.19
2017.12.15 19:08:26.509,0.78785,0.78794,1.00,1.69
2017.12.15 19:08:27.238,0.78786,0.78794,1.00,1.12
2017.12.15 19:08:27.432,0.78789,0.78796,1.00,1.62
2017.12.15 19:08:27.942,0.78789,0.78797,1.00,1.44
2017.12.15 19:08:28.506,0.7879,0.78797,1.00,1.44
2017.12.15 19:08:29.878,0.78789,0.78797,1.00,1.44
2017.12.15 19:08:35.797,0.78789,0.78796,1.00,1.44
2017.12.15 19:08:35.848,0.78786,0.78796,1.12,1.44
2017.12.15 19:08:36.393,0.78787,0.78796,1.00,1.44
2017.12.15 19:08:37.160,0.78787,0.78798,1.69,1.25
2017.12.15 19:08:37.211,0.78789,0.78799,1.00,1.50
2017.12.15 19:08:37.785,0.78789,0.788,1.50,1.44
2017.12.15 19:08:45.720,0.78789,0.788,1.69,1.25
2017.12.15 19:08:46.285,0.78792,0.78801,1.00,1.25
2017.12.15 19:08:49.770,0.78792,0.788,1.00,1.00
2017.12.15 19:08:57.453,0.78792,0.78801,1.00,1.69
2017.12.15 19:09:04.763,0.78791,0.78801,1.50,1.25
2017.12.15 19:09:05.333,0.78792,0.78801,1.00,1.25
2017.12.15 19:09:07.039,0.78792,0.788,1.00,1.00
2017.12.15 19:09:10.487,0.78792,0.78796,1.00,1.25
2017.12.15 19:09:10.590,0.78787,0.78796,1.50,1.25
2017.12.15 19:09:10.845,0.78788,0.78798,1.00,1.25
2017.12.15 19:09:14.147,0.78788,0.78797,1.00,1.00
2017.12.15 19:09:15.621,0.78791,0.78802,1.00,3.00
2017.12.15 19:09:16.132,0.7879,0.78802,2.62,2.62
2017.12.15 19:09:16.649,0.7879,0.78802,2.81,2.62
2017.12.15 19:09:20.200,0.7879,0.78796,1.00,1.25
2017.12.15 19:09:20.251,0.78787,0.78795,1.50,1.00
2017.12.15 19:09:20.302,0.78786,0.78795,1.50,1.00
2017.12.15 19:09:23.886,0.78788,0.78797,1.00,1.12
2017.12.15 19:09:24.226,0.78786,0.78795,1.50,1.00
2017.12.15 19:09:25.119,0.78786,0.78797,1.00,1.87
2017.12.15 19:09:25.596,0.78788,0.78797,1.00,1.44
2017.12.15 19:09:26.122,0.78788,0.78798,1.00,1.25
2017.12.15 19:09:26.266,0.78786,0.78798,2.44,1.69
2017.12.15 19:09:26.367,0.78789,0.78798,1.00,1.25
2017.12.15 19:09:27.260,0.78789,0.78794,1.00,1.00
2017.12.15 19:09:27.311,0.78784,0.78794,1.50,1.00
2017.12.15 19:09:27.515,0.78785,0.78796,1.00,1.69
2017.12.15 19:09:27.618,0.78788,0.78797,1.00,1.19
2017.12.15 19:09:28.318,0.78787,0.78796,1.00,1.25
2017.12.15 19:09:30.188,0.78787,0.78795,1.00,1.25
2017.12.15 19:09:30.721,0.78787,0.78796,1.00,1.25
2017.12.15 19:09:33.717,0.78788,0.78796,1.00,1.00
2017.12.15 19:09:34.860,0.78788,0.78797,1.00,1.25
2017.12.15 19:09:38.273,0.78788,0.78796,1.00,1.00
2017.12.15 19:09:38.921,0.78788,0.78797,1.00,1.25
2017.12.15 19:09:39.591,0.78788,0.78796,1.00,1.00
2017.12.15 19:09:39.746,0.78788,0.78799,1.50,1.87
2017.12.15 19:09:39.797,0.7879,0.78801,1.00,3.37
2017.12.15 19:09:40.146,0.78783,0.78793,1.00,1.19
2017.12.15 19:09:40.248,0.78785,0.78795,1.12,1.00
2017.12.15 19:09:40.350,0.78788,0.78797,1.50,1.44
2017.12.15 19:09:41.838,0.78788,0.78797,1.50,1.25
2017.12.15 19:09:42.196,0.78788,0.78799,1.50,1.69
2017.12.15 19:09:42.595,0.78788,0.78799,1.87,1.69
2017.12.15 19:09:43.142,0.78791,0.78799,1.50,1.25
2017.12.15 19:09:43.193,0.78789,0.78799,1.50,1.25
2017.12.15 19:09:43.478,0.78789,0.78797,1.00,1.25
2017.12.15 19:09:43.581,0.78789,0.78799,1.00,1.00
2017.12.15 19:09:43.633,0.78791,0.788,1.00,1.00
2017.12.15 19:09:43.837,0.78785,0.78795,1.00,1.69
2017.12.15 19:09:44.911,0.78785,0.78794,1.00,1.00
2017.12.15 19:09:45.415,0.78785,0.78794,1.00,1.19
2017.12.15 19:09:45.844,0.78787,0.78796,1.00,1.31
2017.12.15 19:09:46.367,0.78788,0.78797,1.00,1.19
2017.12.15 19:09:47.131,0.78788,0.78797,1.00,1.25
2017.12.15 19:09:49.270,0.78788,0.78798,1.50,1.00
2017.12.15 19:09:49.876,0.78788,0.78799,2.25,1.25
2017.12.15 19:09:51.038,0.78788,0.788,3.19,1.69
2017.12.15 19:09:52.107,0.78788,0.78797,2.25,1.00
2017.12.15 19:09:52.762,0.78788,0.78798,1.50,1.25
2017.12.15 19:09:57.493,0.7879,0.788,1.00,1.69
2017.12.15 19:09:58.120,0.78791,0.788,1.00,1.25
2017.12.15 19:10:00.777,0.78791,0.78802,1.00,1.69
2017.12.15 19:10:02.786,0.78792,0.78802,1.50,1.25
2017.12.15 19:10:04.102,0.78792,0.78801,1.50,1.12
2017.12.15 19:10:04.661,0.78791,0.78801,1.50,1.44
2017.12.15 19:10:05.339,0.78791,0.78801,1.50,1.12
2017.12.15 19:10:05.923,0.78791,0.78799,1.00,1.25
2017.12.15 19:10:05.979,0.78789,0.78799,1.50,1.12
2017.12.15 19:10:06.738,0.78789,0.788,1.50,1.12
2017.12.15 19:10:07.708,0.78791,0.78801,1.00,1.87
2017.12.15 19:10:10.043,0.78791,0.788,1.00,1.00
2017.12.15 19:10:10.350,0.788,0.78811,1.44,1.00
2017.12.15 19:10:10.401,0.78801,0.78813,1.87,2.06
2017.12.15 19:10:10.548,0.78806,0.78816,1.50,1.25
2017.12.15 19:10:11.075,0.78806,0.78817,1.50,1.25
2017.12.15 19:10:11.394,0.78806,0.78815,1.50,1.00
2017.12.15 19:10:11.770,0.78804,0.78814,1.00,1.44
2017.12.15 19:10:12.381,0.78804,0.78812,1.00,1.00
2017.12.15 19:10:12.533,0.78802,0.78812,1.50,1.00
2017.12.15 19:10:13.061,0.78801,0.78811,1.00,1.69
2017.12.15 19:10:13.316,0.78802,0.78813,1.00,1.69
2017.12.15 19:10:17.592,0.78802,0.78813,1.00,1.87
2017.12.15 19:10:23.163,0.78802,0.78813,1.00,1.87
2017.12.15 19:10:23.744,0.78802,0.78813,1.00,2.06
2017.12.15 19:10:24.227,0.78801,0.7881,1.50,1.25
2017.12.15 19:10:25.498,0.78801,0.78811,1.00,1.00
2017.12.15 19:10:26.080,0.78801,0.7881,1.12,1.00
2017.12.15 19:10:28.694,0.78801,0.78811,1.12,1.25
2017.12.15 19:10:30.143,0.78801,0.78812,1.87,1.25
2017.12.15 19:10:30.675,0.78802,0.78812,1.00,1.25
2017.12.15 19:10:36.404,0.78802,0.78811,1.00,1.25
2017.12.15 19:10:41.114,0.78802,0.78812,1.00,1.31
2017.12.15 19:10:42.534,0.78802,0.78811,1.00,1.00
2017.12.15 19:10:50.044,0.78802,0.78812,1.00,1.31
2017.12.15 19:10:50.210,0.788,0.78812,2.25,2.06
2017.12.15 19:10:54.001,0.788,0.78811,2.25,1.00
2017.12.15 19:10:54.688,0.788,0.78812,2.44,2.06
2017.12.15 19:11:00.829,0.788,0.78811,1.50,1.25
2017.12.15 19:11:02.421,0.788,0.78812,2.44,2.06
2017.12.15 19:11:04.424,0.788,0.78811,2.25,1.25
2017.12.15 19:11:09.102,0.788,0.78811,2.62,1.00
2017.12.15 19:11:10.158,0.78802,0.78811,1.50,1.00
2017.12.15 19:11:12.578,0.78802,0.78807,1.50,1.25
2017.12.15 19:11:12.680,0.78797,0.78806,1.00,1.69
2017.12.15 19:11:13.027,0.78795,0.78806,1.50,1.69
2017.12.15 19:11:13.642,0.78795,0.78802,1.00,1.00
2017.12.15 19:11:13.854,0.78792,0.78802,1.50,1.00
2017.12.15 19:11:15.152,0.78792,0.78801,1.00,1.00
2017.12.15 19:11:18.627,0.78793,0.78804,1.00,2.81
2017.12.15 19:11:20.416,0.78794,0.78804,1.00,1.00
2017.12.15 19:11:20.955,0.78793,0.78803,1.00,1.00
2017.12.15 19:11:22.042,0.78792,0.78803,1.12,1.69
2017.12.15 19:11:22.843,0.78792,0.78802,1.00,1.00
2017.12.15 19:11:22.895,0.78788,0.78799,1.69,1.87
2017.12.15 19:11:23.402,0.78788,0.78797,1.00,1.00
2017.12.15 19:11:24.097,0.78788,0.78796,1.00,1.25
2017.12.15 19:11:24.200,0.78786,0.78795,1.00,1.00
2017.12.15 19:11:26.874,0.78786,0.78796,1.00,1.25
2017.12.15 19:11:27.973,0.78785,0.78796,2.44,1.69
2017.12.15 19:11:28.240,0.78787,0.78796,1.00,1.00
2017.12.15 19:11:28.762,0.78786,0.78796,1.25,1.00
2017.12.15 19:11:29.462,0.78786,0.78796,1.87,1.00
2017.12.15 19:11:30.145,0.78786,0.78796,1.69,1.00
2017.12.15 19:11:30.674,0.78786,0.78797,2.44,1.25
2017.12.15 19:11:32.096,0.78786,0.78795,1.25,1.00
2017.12.15 19:11:32.611,0.78785,0.78795,1.25,1.00
2017.12.15 19:11:38.006,0.78786,0.78795,1.69,1.00
2017.12.15 19:11:38.057,0.78786,0.78797,1.69,2.06
2017.12.15 19:11:39.124,0.78786,0.78797,1.87,1.12
2017.12.15 19:11:39.651,0.78786,0.78797,1.25,2.06
2017.12.15 19:11:41.094,0.78786,0.78797,1.87,1.12
2017.12.15 19:11:45.220,0.78786,0.78797,1.69,2.06
2017.12.15 19:11:46.177,0.78786,0.78797,1.87,1.12
2017.12.15 19:11:48.232,0.78786,0.78797,1.25,2.06
2017.12.15 19:11:49.229,0.78788,0.78797,1.00,1.00
2017.12.15 19:11:52.787,0.78788,0.78795,1.00,1.25
2017.12.15 19:11:53.056,0.78786,0.78795,1.00,1.25
2017.12.15 19:11:54.322,0.78785,0.78795,1.50,1.00
2017.12.15 19:12:05.696,0.78786,0.78795,1.00,1.25
2017.12.15 19:12:05.971,0.78788,0.78798,1.44,1.00
2017.12.15 19:12:06.360,0.78793,0.78803,1.00,1.37
2017.12.15 19:12:06.997,0.78792,0.78802,1.00,1.00
2017.12.15 19:12:07.843,0.78792,0.78801,1.00,1.25
2017.12.15 19:12:07.996,0.78789,0.788,2.25,1.69
2017.12.15 19:12:09.865,0.78789,0.78799,1.50,1.25
2017.12.15 19:12:13.103,0.78789,0.788,1.50,2.44
2017.12.15 19:12:13.656,0.78789,0.78799,1.50,1.25
2017.12.15 19:12:15.640,0.78789,0.78798,1.50,1.25
2017.12.15 19:12:18.542,0.78789,0.788,1.50,1.69
2017.12.15 19:12:20.615,0.78789,0.788,2.62,1.69
2017.12.15 19:12:20.717,0.78792,0.788,1.00,1.25
2017.12.15 19:12:28.052,0.7879,0.78799,1.00,1.25
2017.12.15 19:12:31.633,0.78789,0.78799,1.00,1.25
2017.12.15 19:12:34.533,0.78789,0.78798,1.00,1.00
2017.12.15 19:12:38.055,0.78789,0.78797,1.00,1.00
2017.12.15 19:12:38.758,0.78789,0.78795,1.00,1.00
2017.12.15 19:12:38.912,0.78789,0.78797,1.00,1.25
2017.12.15 19:12:39.360,0.78787,0.78797,1.50,1.25
2017.12.15 19:12:39.513,0.78789,0.78797,1.00,1.25
2017.12.15 19:12:40.029,0.78789,0.78799,1.00,1.25
2017.12.15 19:12:40.795,0.7879,0.78799,1.00,1.25
2017.12.15 19:12:40.846,0.7879,0.78801,1.00,2.06
2017.12.15 19:12:41.372,0.7879,0.788,1.50,1.00
2017.12.15 19:12:43.630,0.7879,0.78799,1.50,1.00
2017.12.15 19:12:44.086,0.78792,0.788,1.00,1.25
2017.12.15 19:12:44.599,0.78792,0.78799,1.00,1.00
2017.12.15 19:12:45.363,0.78792,0.78801,1.00,2.06
2017.12.15 19:12:46.535,0.78792,0.78802,1.00,1.25
2017.12.15 19:12:49.626,0.78792,0.78803,2.25,1.50
2017.12.15 19:12:49.995,0.78794,0.78804,1.00,1.69
2017.12.15 19:12:50.323,0.78797,0.78806,1.00,1.25
2017.12.15 19:12:50.624,0.78797,0.78804,1.00,1.00
2017.12.15 19:12:50.962,0.78797,0.78807,1.00,2.44
2017.12.15 19:12:51.115,0.788,0.7881,2.25,1.25
2017.12.15 19:12:51.868,0.788,0.78808,1.00,1.25
2017.12.15 19:12:52.372,0.78798,0.78807,1.00,1.25
2017.12.15 19:12:52.732,0.78801,0.78808,1.50,1.00
2017.12.15 19:12:53.784,0.78801,0.78807,1.00,1.25
2017.12.15 19:12:54.229,0.78799,0.78806,1.00,1.00
2017.12.15 19:12:54.922,0.78799,0.78808,1.00,1.19
2017.12.15 19:12:55.441,0.78799,0.78808,1.00,1.25
2017.12.15 19:12:59.080,0.78799,0.78809,1.00,1.25
2017.12.15 19:12:59.250,0.78798,0.78807,1.87,1.69
2017.12.15 19:12:59.762,0.78799,0.78806,1.00,1.00
2017.12.15 19:13:00.378,0.78798,0.78805,1.12,1.00
2017.12.15 19:13:00.482,0.78798,0.78807,1.12,1.25
2017.12.15 19:13:02.576,0.78798,0.78808,1.00,1.31
2017.12.15 19:13:03.091,0.78798,0.78807,1.00,1.00
2017.12.15 19:13:03.624,0.78798,0.78808,1.00,1.25
2017.12.15 19:13:04.150,0.78798,0.78807,1.00,1.00
2017.12.15 19:13:05.290,0.78798,0.78808,1.00,1.25
2017.12.15 19:13:06.420,0.78799,0.78809,1.00,1.12
2017.12.15 19:13:09.804,0.78799,0.7881,1.12,1.12
2017.12.15 19:13:15.440,0.78799,0.78809,1.87,1.00
2017.12.15 19:13:17.275,0.78799,0.7881,1.87,1.12
2017.12.15 19:13:17.860,0.78799,0.78809,1.00,1.50
2017.12.15 19:13:18.363,0.78798,0.78808,1.00,1.25
2017.12.15 19:13:19.659,0.78798,0.78809,1.00,1.87
2017.12.15 19:13:21.736,0.78799,0.78808,1.25,1.00
2017.12.15 19:13:21.838,0.78799,0.78806,1.50,1.00
2017.12.15 19:13:22.371,0.78799,0.78807,1.00,1.25
2017.12.15 19:13:23.830,0.78798,0.78806,1.00,1.25
2017.12.15 19:13:25.701,0.78797,0.78806,1.50,1.25
2017.12.15 19:13:26.039,0.788,0.78807,1.00,1.25
2017.12.15 19:13:26.611,0.78798,0.78807,1.50,1.25
2017.12.15 19:13:26.888,0.78798,0.78809,1.50,1.25
2017.12.15 19:13:27.868,0.78799,0.78809,1.00,1.19
2017.12.15 19:13:29.021,0.78799,0.78809,1.00,1.25
2017.12.15 19:13:29.933,0.78799,0.78808,1.50,1.00
2017.12.15 19:13:30.090,0.788,0.7881,1.00,1.25
2017.12.15 19:13:30.141,0.78802,0.7881,1.00,1.25
2017.12.15 19:13:30.723,0.78802,0.78811,1.00,1.25
2017.12.15 19:13:31.066,0.78799,0.78807,1.00,1.00
2017.12.15 19:13:31.611,0.78799,0.78808,1.00,1.25
2017.12.15 19:13:32.153,0.78799,0.78809,1.00,1.69
2017.12.15 19:13:33.186,0.78799,0.78807,1.00,1.00
2017.12.15 19:13:33.589,0.78799,0.78809,1.00,2.06
2017.12.15 19:13:34.323,0.78799,0.78806,1.50,1.19
2017.12.15 19:13:34.374,0.78798,0.78807,1.00,1.25
2017.12.15 19:13:34.764,0.78799,0.7881,2.44,1.25
2017.12.15 19:13:34.866,0.78802,0.7881,1.00,1.25
2017.12.15 19:13:35.932,0.78802,0.78811,1.00,1.00
2017.12.15 19:13:36.892,0.78802,0.78812,1.00,1.25
2017.12.15 19:13:37.197,0.78802,0.7881,1.00,1.25
2017.12.15 19:13:41.452,0.78802,0.78811,1.00,1.25
2017.12.15 19:13:41.994,0.78802,0.7881,1.00,1.25
2017.12.15 19:13:42.548,0.78802,0.78811,1.00,1.25
2017.12.15 19:13:43.466,0.78803,0.78811,1.00,1.25
2017.12.15 19:13:45.133,0.78803,0.78814,1.00,1.69
2017.12.15 19:13:45.185,0.78807,0.78815,1.00,2.06
2017.12.15 19:13:45.911,0.78806,0.78814,1.50,1.25
2017.12.15 19:13:49.165,0.78804,0.78814,1.00,1.25
2017.12.15 19:13:54.297,0.78805,0.78814,1.00,1.25
2017.12.15 19:13:55.323,0.78805,0.78812,1.00,1.00
2017.12.15 19:13:57.153,0.78804,0.78811,1.00,1.00
2017.12.15 19:13:57.338,0.78802,0.7881,1.00,1.25
2017.12.15 19:13:58.504,0.78802,0.78811,1.00,1.25
2017.12.15 19:13:59.280,0.78802,0.7881,1.00,1.25
2017.12.15 19:14:00.534,0.788,0.7881,3.00,1.25
2017.12.15 19:14:01.637,0.788,0.78809,1.87,1.25
2017.12.15 19:14:02.181,0.788,0.78809,1.50,1.25
2017.12.15 19:14:03.706,0.788,0.78808,1.00,1.25
2017.12.15 19:14:03.868,0.78799,0.78806,1.00,1.25
2017.12.15 19:14:03.970,0.78797,0.78806,1.50,1.25
2017.12.15 19:14:04.514,0.78798,0.78807,1.00,1.69
2017.12.15 19:14:05.308,0.78797,0.78805,1.00,1.25
2017.12.15 19:14:05.755,0.78799,0.78808,1.00,1.25
2017.12.15 19:14:07.089,0.78801,0.78808,1.00,1.00
2017.12.15 19:14:07.140,0.78801,0.78811,1.00,1.00
2017.12.15 19:14:07.841,0.78802,0.78812,1.00,1.00
2017.12.15 19:14:08.955,0.788,0.78812,3.04,1.69
2017.12.15 19:14:09.799,0.78801,0.78812,1.00,1.69
2017.12.15 19:14:09.851,0.788,0.7881,1.00,2.06
2017.12.15 19:14:10.171,0.78797,0.78808,3.37,1.69
2017.12.15 19:14:10.466,0.78799,0.78808,1.00,1.00
2017.12.15 19:14:10.518,0.78797,0.78808,2.44,1.50
2017.12.15 19:14:11.057,0.78799,0.7881,1.50,1.19
2017.12.15 19:14:11.818,0.78799,0.7881,1.00,1.25
2017.12.15 19:14:12.419,0.78799,0.78811,2.62,2.06
2017.12.15 19:14:12.964,0.78799,0.78809,1.50,1.25
2017.12.15 19:14:14.880,0.78798,0.78809,2.81,1.69
2017.12.15 19:14:20.116,0.78799,0.78809,1.25,1.00
2017.12.15 19:14:20.465,0.78804,0.78815,2.06,1.25
2017.12.15 19:14:21.110,0.78806,0.78817,1.50,1.50
2017.12.15 19:14:21.264,0.78803,0.78814,2.44,1.00
2017.12.15 19:14:21.719,0.78809,0.78817,1.00,1.12
2017.12.15 19:14:21.884,0.78806,0.78816,1.50,1.69
2017.12.15 19:14:21.935,0.78805,0.78815,1.87,1.00
2017.12.15 19:14:22.459,0.78805,0.78816,1.87,1.69
2017.12.15 19:14:22.612,0.78807,0.78818,1.25,3.00
2017.12.15 19:14:23.148,0.78806,0.78816,1.50,1.00
2017.12.15 19:14:23.536,0.78809,0.78819,1.00,2.44
2017.12.15 19:14:23.587,0.7881,0.7882,1.00,1.87
2017.12.15 19:14:24.421,0.78808,0.78819,1.69,1.00
2017.12.15 19:14:24.944,0.7881,0.78819,1.00,1.19
2017.12.15 19:14:24.995,0.78808,0.78819,3.00,1.25
2017.12.15 19:14:25.046,0.78809,0.78816,1.00,1.00
2017.12.15 19:14:25.305,0.78802,0.78813,1.25,1.00
2017.12.15 19:14:25.357,0.78804,0.78813,1.00,1.00
2017.12.15 19:14:25.509,0.78801,0.78812,3.00,1.00
2017.12.15 19:14:26.086,0.78801,0.78812,2.81,1.25
2017.12.15 19:14:26.189,0.78801,0.7881,1.87,1.00
2017.12.15 19:14:26.335,0.78799,0.78809,1.00,1.00
2017.12.15 19:14:30.202,0.78799,0.7881,1.69,1.50
2017.12.15 19:14:30.304,0.78801,0.78812,1.00,2.44
2017.12.15 19:14:30.841,0.78801,0.78812,1.87,1.69
2017.12.15 19:14:32.274,0.78802,0.78813,1.00,1.25
2017.12.15 19:14:32.580,0.78804,0.78813,1.00,1.00
2017.12.15 19:14:38.022,0.78803,0.78812,1.00,1.50
2017.12.15 19:14:38.074,0.78801,0.78811,1.50,1.00
2017.12.15 19:14:40.470,0.78801,0.7881,1.00,1.25
2017.12.15 19:14:41.374,0.788,0.7881,1.00,1.69
2017.12.15 19:14:42.247,0.78799,0.78808,1.50,1.00
2017.12.15 19:14:44.595,0.78799,0.78809,1.50,1.25
2017.12.15 19:14:49.255,0.78799,0.7881,1.50,1.69
2017.12.15 19:14:49.911,0.788,0.7881,1.50,1.25
2017.12.15 19:14:51.430,0.788,0.78811,1.87,1.25
2017.12.15 19:14:51.745,0.78802,0.78812,1.00,1.25
2017.12.15 19:14:52.902,0.78804,0.78814,1.00,1.25
2017.12.15 19:14:53.981,0.78803,0.78814,1.12,1.69
2017.12.15 19:14:56.374,0.78803,0.78812,1.00,1.69
2017.12.15 19:14:56.476,0.78801,0.78811,1.00,1.00
2017.12.15 19:14:56.793,0.78802,0.78814,2.44,3.19
2017.12.15 19:14:57.328,0.78803,0.78814,2.25,1.69
2017.12.15 19:15:05.415,0.78805,0.78814,1.00,1.00
2017.12.15 19:15:05.466,0.78807,0.78818,1.00,3.37
2017.12.15 19:15:06.284,0.78807,0.78817,1.00,1.25
2017.12.15 19:15:06.909,0.78807,0.78817,1.00,1.44
2017.12.15 19:15:07.450,0.78807,0.78818,1.00,2.62
2017.12.15 19:15:19.010,0.78807,0.78818,1.00,2.62
2017.12.15 19:15:21.136,0.78814,0.78819,1.00,1.00
2017.12.15 19:15:21.187,0.78812,0.78821,1.25,1.50
2017.12.15 19:15:21.239,0.78812,0.78823,1.69,1.00
2017.12.15 19:15:21.340,0.78814,0.78823,1.00,1.00
2017.12.15 19:15:21.443,0.78811,0.78822,2.25,1.69
2017.12.15 19:15:21.564,0.78811,0.78822,1.00,2.62
2017.12.15 19:15:21.616,0.78807,0.78817,1.69,1.00
2017.12.15 19:15:21.719,0.78809,0.78819,1.00,1.50
2017.12.15 19:15:21.821,0.78805,0.78817,3.37,1.50
2017.12.15 19:15:22.432,0.78807,0.78817,1.00,1.00
2017.12.15 19:15:22.485,0.78806,0.78815,1.12,1.12
2017.12.15 19:15:22.898,0.78807,0.78817,1.12,1.00
2017.12.15 19:15:23.580,0.78807,0.78817,1.87,1.00
2017.12.15 19:15:25.637,0.78807,0.78817,1.25,1.00
2017.12.15 19:15:26.255,0.78808,0.78817,1.00,1.00
2017.12.15 19:15:27.365,0.78808,0.78817,1.44,1.00
2017.12.15 19:15:28.665,0.78808,0.78817,1.25,1.00
2017.12.15 19:15:28.819,0.78807,0.78815,1.25,1.00
2017.12.15 19:15:28.870,0.78806,0.78817,1.87,1.00
2017.12.15 19:15:32.224,0.78807,0.78817,1.87,1.00
2017.12.15 19:15:32.493,0.78809,0.78817,1.44,1.00
2017.12.15 19:15:32.595,0.78811,0.78819,1.00,1.00
2017.12.15 19:15:32.986,0.78809,0.78818,1.00,1.00
2017.12.15 19:15:33.088,0.78808,0.78816,1.00,1.00
2017.12.15 19:15:33.491,0.7881,0.78819,1.00,1.12
2017.12.15 19:15:33.593,0.7881,0.78821,1.44,1.00
2017.12.15 19:15:34.115,0.78812,0.78821,1.00,1.00
2017.12.15 19:15:35.601,0.78813,0.78823,1.44,1.12
2017.12.15 19:15:37.702,0.78813,0.78823,1.12,1.12
2017.12.15 19:15:38.586,0.78814,0.78823,1.87,1.12
2017.12.15 19:15:39.581,0.78815,0.78823,1.00,1.12
2017.12.15 19:15:40.291,0.78815,0.78825,1.50,1.12
2017.12.15 19:15:51.060,0.78814,0.78825,1.87,1.12
2017.12.15 19:15:51.113,0.78814,0.78823,1.00,1.00
2017.12.15 19:15:51.479,0.78813,0.78821,1.25,1.00
2017.12.15 19:15:54.040,0.78812,0.78821,1.69,1.00
2017.12.15 19:15:54.635,0.78813,0.78821,1.00,1.00
2017.12.15 19:15:56.214,0.78814,0.78824,1.00,1.50
2017.12.15 19:15:58.129,0.78815,0.78825,1.87,1.12
2017.12.15 19:15:58.880,0.78816,0.78825,1.25,1.12
2017.12.15 19:15:58.931,0.78816,0.78827,1.25,1.00
2017.12.15 19:15:59.469,0.78817,0.78827,1.12,1.00
2017.12.15 19:16:00.009,0.78816,0.78827,1.69,1.00
2017.12.15 19:16:07.707,0.78816,0.78827,2.62,1.00
2017.12.15 19:16:07.759,0.78817,0.78827,1.00,1.00
2017.12.15 19:16:07.810,0.78818,0.78823,1.00,1.50
2017.12.15 19:16:07.861,0.78814,0.78823,2.25,1.00
2017.12.15 19:16:07.913,0.78813,0.78823,1.25,1.00
2017.12.15 19:16:08.066,0.78814,0.78823,1.44,1.12
2017.12.15 19:16:08.367,0.78811,0.78819,2.62,1.00
2017.12.15 19:16:09.036,0.78811,0.78821,2.62,1.12
2017.12.15 19:16:09.189,0.78812,0.78823,1.12,1.12
2017.12.15 19:16:09.611,0.78815,0.78823,1.25,1.00
2017.12.15 19:16:09.714,0.78815,0.78825,1.25,1.12
2017.12.15 19:16:11.757,0.78815,0.78825,1.87,1.12
2017.12.15 19:16:12.520,0.78815,0.78825,1.87,1.12
2017.12.15 19:16:21.199,0.78815,0.78825,1.44,1.12
2017.12.15 19:16:23.874,0.78815,0.78825,1.12,1.12
2017.12.15 19:16:27.065,0.78814,0.78823,1.00,1.00
2017.12.15 19:16:28.141,0.78813,0.78823,2.62,1.00
2017.12.15 19:16:30.190,0.78813,0.78825,3.75,3.19
2017.12.15 19:16:30.822,0.78814,0.78825,1.69,1.25
2017.12.15 19:16:31.365,0.78814,0.78825,2.25,1.00
2017.12.15 19:16:32.302,0.78815,0.78826,2.44,1.25
2017.12.15 19:16:50.221,0.78815,0.78825,1.25,1.00
2017.12.15 19:16:55.588,0.78814,0.78824,2.25,1.25
2017.12.15 19:16:56.262,0.78814,0.78825,2.44,1.25
2017.12.15 19:16:56.874,0.78814,0.78825,2.62,1.50
2017.12.15 19:17:03.323,0.78814,0.78825,2.44,1.69
2017.12.15 19:17:04.116,0.78814,0.78824,1.69,1.00
2017.12.15 19:17:04.269,0.78811,0.78823,2.62,2.06
2017.12.15 19:17:05.914,0.78813,0.78823,1.25,1.00
2017.12.15 19:17:07.014,0.78811,0.78822,2.62,1.00
2017.12.15 19:17:11.017,0.78811,0.78821,1.87,1.00
2017.12.15 19:17:11.632,0.78812,0.78822,1.25,1.00
2017.12.15 19:17:12.828,0.78811,0.78821,2.62,1.00
2017.12.15 19:17:13.025,0.78816,0.78826,1.87,1.00
2017.12.15 19:17:13.382,0.78819,0.78829,1.12,2.25
2017.12.15 19:17:13.556,0.78819,0.78829,1.25,1.00
2017.12.15 19:17:14.391,0.78819,0.78829,1.44,1.00
2017.12.15 19:17:15.963,0.78819,0.78829,1.69,1.00
2017.12.15 19:17:16.935,0.7882,0.78829,1.25,1.00
2017.12.15 19:17:17.485,0.78819,0.78829,1.69,1.00
2017.12.15 19:17:18.188,0.78819,0.78828,1.00,1.00
2017.12.15 19:17:18.394,0.78819,0.7883,2.62,1.25
2017.12.15 19:17:18.821,0.78818,0.78829,2.81,1.69
2017.12.15 19:17:19.737,0.78818,0.78828,1.25,1.50
2017.12.15 19:17:22.238,0.78818,0.78826,1.00,1.69
2017.12.15 19:17:22.291,0.78815,0.78826,3.94,1.69
2017.12.15 19:17:23.160,0.78815,0.78826,2.62,1.69
2017.12.15 19:17:23.871,0.78815,0.78826,2.81,1.50
2017.12.15 19:17:26.159,0.78815,0.78825,1.69,1.25
2017.12.15 19:17:28.380,0.78815,0.78826,2.44,1.69
2017.12.15 19:17:29.406,0.78815,0.78826,3.56,1.69
2017.12.15 19:17:30.077,0.78818,0.78828,1.12,1.00
2017.12.15 19:17:30.128,0.78819,0.7883,2.62,1.25
2017.12.15 19:17:30.942,0.78819,0.78829,3.37,1.00
2017.12.15 19:17:34.188,0.78819,0.78826,1.00,1.00
2017.12.15 19:17:34.240,0.78817,0.78826,1.50,1.00
2017.12.15 19:17:34.448,0.78818,0.78828,1.00,1.69
2017.12.15 19:17:35.148,0.78819,0.7883,3.37,1.25
2017.12.15 19:17:38.981,0.78819,0.78829,2.25,1.00
2017.12.15 19:17:39.663,0.7882,0.78829,1.50,1.00
2017.12.15 19:17:40.279,0.78819,0.7883,3.37,1.31
2017.12.15 19:17:48.812,0.7882,0.7883,1.00,1.12
2017.12.15 19:17:50.721,0.7882,0.78831,2.25,1.69
2017.12.15 19:17:50.878,0.78822,0.78832,1.00,1.12
2017.12.15 19:17:51.410,0.7882,0.78831,2.25,1.69
2017.12.15 19:17:52.542,0.7882,0.7883,2.25,1.00
2017.12.15 19:17:53.931,0.7882,0.78829,1.50,1.00
2017.12.15 19:17:55.300,0.7882,0.78831,2.25,1.25
2017.12.15 19:17:55.845,0.7882,0.78829,2.25,1.00
2017.12.15 19:17:56.514,0.7882,0.7883,1.50,1.25
2017.12.15 19:17:57.044,0.7882,0.78829,1.50,1.00
2017.12.15 19:18:00.767,0.7882,0.7883,1.00,1.69
2017.12.15 19:18:01.299,0.78817,0.78826,1.50,1.00
2017.12.15 19:18:02.149,0.78817,0.78825,1.00,1.25
2017.12.15 19:18:02.302,0.78814,0.78824,1.50,1.25
2017.12.15 19:18:02.851,0.78814,0.78823,1.00,1.69
2017.12.15 19:18:03.054,0.78812,0.78822,1.50,1.25
2017.12.15 19:18:07.221,0.78813,0.78822,1.00,1.25
2017.12.15 19:18:09.017,0.78812,0.78821,1.00,1.25
2017.12.15 19:18:09.568,0.78812,0.78822,1.50,1.25
2017.12.15 19:18:10.308,0.78812,0.78821,1.50,1.00
2017.12.15 19:18:10.460,0.78811,0.78818,1.50,1.00
2017.12.15 19:18:10.614,0.78809,0.78818,1.00,1.00
2017.12.15 19:18:10.716,0.78812,0.7882,1.00,1.12
2017.12.15 19:18:11.393,0.78812,0.78822,2.25,1.19
2017.12.15 19:18:11.901,0.78812,0.78822,2.25,1.25
2017.12.15 19:18:13.263,0.78812,0.78821,1.50,1.25
2017.12.15 19:18:13.677,0.78808,0.78817,2.25,1.50
2017.12.15 19:18:14.206,0.78807,0.78816,1.00,1.69
2017.12.15 19:18:14.665,0.78809,0.78819,2.47,1.00
2017.12.15 19:18:14.818,0.7881,0.78821,1.25,1.69
2017.12.15 19:18:15.330,0.7881,0.7882,1.69,1.00
2017.12.15 19:18:15.606,0.7881,0.78818,1.00,1.25
2017.12.15 19:18:16.133,0.7881,0.78819,1.00,1.00
2017.12.15 19:18:16.372,0.7881,0.78821,1.69,1.00
2017.12.15 19:18:16.564,0.7881,0.78819,1.00,1.00
2017.12.15 19:18:17.263,0.78809,0.78819,1.00,1.50
2017.12.15 19:18:17.877,0.78808,0.78819,1.25,2.44
2017.12.15 19:18:18.498,0.78808,0.78818,1.00,1.25
2017.12.15 19:18:20.830,0.78808,0.78817,1.00,1.00
2017.12.15 19:18:20.931,0.78808,0.7882,1.69,2.81
2017.12.15 19:18:21.034,0.7881,0.7882,1.00,2.06
2017.12.15 19:18:21.533,0.78809,0.78818,1.00,1.00
2017.12.15 19:18:24.719,0.78808,0.78818,2.25,1.00
2017.12.15 19:18:28.000,0.78808,0.78819,2.25,1.25
2017.12.15 19:18:29.362,0.78809,0.78819,1.00,1.25
2017.12.15 19:18:29.917,0.7881,0.7882,1.69,1.12
2017.12.15 19:18:32.461,0.78809,0.78818,1.69,1.00
2017.12.15 19:18:33.464,0.7881,0.7882,1.69,1.12
2017.12.15 19:18:34.222,0.78811,0.7882,1.00,1.12
2017.12.15 19:18:35.205,0.7881,0.7882,1.00,1.12
2017.12.15 19:18:37.583,0.78809,0.78818,1.12,1.25
2017.12.15 19:18:38.098,0.78808,0.78816,1.00,1.00
2017.12.15 19:18:38.149,0.78806,0.78816,1.00,1.00
2017.12.15 19:18:39.682,0.78806,0.78814,1.00,1.00
2017.12.15 19:18:39.784,0.78804,0.78813,1.00,1.00
2017.12.15 19:18:40.477,0.78804,0.78814,1.87,1.00
2017.12.15 19:18:40.817,0.78804,0.78812,1.25,1.00
2017.12.15 19:18:40.868,0.78803,0.78814,2.62,1.00
2017.12.15 19:18:41.628,0.78803,0.78814,2.62,1.00
2017.12.15 19:18:42.393,0.78804,0.78814,1.69,1.00
2017.12.15 19:18:48.380,0.78805,0.78814,1.00,1.00
2017.12.15 19:18:48.988,0.78805,0.78815,1.50,1.00
2017.12.15 19:18:52.380,0.78804,0.78815,2.62,1.12
2017.12.15 19:18:56.776,0.78804,0.78814,1.69,1.25
2017.12.15 19:18:57.911,0.78805,0.78814,1.00,1.25
2017.12.15 19:19:01.172,0.78805,0.78815,1.00,1.25
2017.12.15 19:19:04.803,0.78805,0.78816,1.69,1.25
2017.12.15 19:19:06.560,0.78805,0.78815,1.00,1.25
2017.12.15 19:19:08.072,0.78804,0.78814,1.00,1.00
2017.12.15 19:19:12.272,0.78807,0.78815,1.25,1.12
2017.12.15 19:19:12.374,0.78808,0.78819,1.00,2.62
2017.12.15 19:19:13.085,0.78808,0.78817,1.50,1.25
2017.12.15 19:19:13.205,0.78808,0.78815,1.00,1.00
2017.12.15 19:19:13.256,0.78806,0.78815,1.00,1.00
2017.12.15 19:19:14.571,0.78807,0.78816,1.00,1.00
2017.12.15 19:19:15.131,0.78807,0.78818,1.00,1.87
2017.12.15 19:19:15.820,0.78807,0.78818,1.00,1.87
2017.12.15 19:19:16.808,0.78807,0.78818,1.00,2.25
2017.12.15 19:19:18.101,0.78806,0.78816,1.00,1.00
2017.12.15 19:19:27.666,0.78806,0.78814,1.00,1.00
2017.12.15 19:19:27.767,0.78803,0.78814,2.62,1.50
2017.12.15 19:19:34.392,0.78804,0.78814,1.00,1.00
2017.12.15 19:19:34.494,0.78805,0.78816,1.69,1.25
2017.12.15 19:19:40.061,0.78806,0.78816,1.00,1.00
2017.12.15 19:19:42.778,0.78805,0.78816,2.62,1.00
2017.12.15 19:19:45.128,0.78806,0.78816,1.00,1.00
2017.12.15 19:19:46.211,0.78805,0.78816,2.62,1.00
2017.12.15 19:19:48.572,0.78806,0.78816,1.00,1.00
2017.12.15 19:19:49.123,0.78805,0.78816,2.62,1.00
2017.12.15 19:19:54.192,0.78806,0.78816,1.00,1.00
2017.12.15 19:19:55.083,0.78806,0.78815,1.00,1.69
2017.12.15 19:19:55.134,0.78804,0.78815,2.06,1.69
2017.12.15 19:19:56.322,0.78804,0.78816,3.00,2.44
2017.12.15 19:19:56.534,0.78807,0.78817,1.00,1.69
2017.12.15 19:19:58.008,0.78807,0.78816,1.00,1.00
2017.12.15 19:19:59.356,0.78807,0.78817,1.00,1.69
2017.12.15 19:20:02.899,0.78807,0.78816,1.00,1.00
2017.12.15 19:20:06.902,0.78807,0.78814,1.00,1.00
2017.12.15 19:20:07.063,0.78804,0.78814,1.00,2.25
2017.12.15 19:20:07.216,0.78804,0.78812,1.00,1.00
2017.12.15 19:20:07.472,0.78804,0.78814,1.25,1.12
2017.12.15 19:20:08.576,0.78804,0.78813,1.00,1.00
2017.12.15 19:20:09.092,0.78804,0.78812,1.00,1.00
2017.12.15 19:20:10.392,0.78804,0.78813,1.00,1.50
2017.12.15 19:20:14.212,0.78803,0.78813,1.69,1.00
2017.12.15 19:20:17.466,0.78805,0.78813,1.00,1.00
2017.12.15 19:20:18.123,0.78805,0.78814,1.25,1.00
2017.12.15 19:20:18.484,0.78802,0.78813,1.25,2.44
2017.12.15 19:20:18.998,0.78802,0.78812,1.69,1.00
2017.12.15 19:20:21.962,0.78802,0.78812,2.29,1.00
2017.12.15 19:20:22.013,0.78805,0.78814,1.35,1.87
2017.12.15 19:20:22.116,0.78805,0.78816,1.54,1.50
2017.12.15 19:20:22.268,0.78805,0.78814,1.00,1.00
2017.12.15 19:20:22.833,0.78803,0.78814,1.19,1.50
2017.12.15 19:20:23.603,0.78803,0.78814,1.25,1.50
2017.12.15 19:20:25.050,0.78804,0.78814,1.00,1.25
2017.12.15 19:20:25.153,0.78802,0.78813,3.00,1.69
2017.12.15 19:20:25.256,0.78804,0.78813,1.00,1.00
2017.12.15 19:20:25.359,0.78804,0.78815,1.69,1.87
2017.12.15 19:20:26.576,0.78806,0.78815,1.00,1.00
2017.12.15 19:20:26.628,0.78808,0.78818,2.44,1.00
2017.12.15 19:20:26.882,0.78808,0.78816,1.00,1.00
2017.12.15 19:20:26.934,0.78805,0.78816,1.69,1.00
2017.12.15 19:20:27.868,0.78808,0.78816,1.25,1.00
2017.12.15 19:20:27.970,0.78809,0.78819,1.31,1.25
2017.12.15 19:20:28.860,0.7881,0.78819,1.00,1.25
2017.12.15 19:20:29.703,0.7881,0.78816,1.00,1.25
2017.12.15 19:20:29.754,0.78808,0.78817,1.69,1.00
2017.12.15 19:20:29.805,0.78808,0.78819,1.69,1.50
2017.12.15 19:20:31.544,0.7881,0.78819,1.25,1.00
2017.12.15 19:20:31.597,0.78811,0.78822,1.50,1.87
2017.12.15 19:20:36.342,0.78812,0.78822,1.25,1.00
2017.12.15 19:20:38.016,0.78811,0.78822,2.44,1.00
2017.12.15 19:20:38.067,0.78811,0.78819,1.00,1.00
2017.12.15 19:20:39.187,0.78809,0.78819,1.00,1.00
2017.12.15 19:20:39.695,0.7881,0.78819,1.00,1.00
2017.12.15 19:20:40.329,0.7881,0.78821,1.50,2.25
2017.12.15 19:20:41.980,0.7881,0.7882,1.25,1.00
2017.12.15 19:20:42.031,0.78809,0.78818,1.50,1.00
2017.12.15 19:20:42.588,0.78808,0.78818,1.69,1.00
2017.12.15 19:20:44.034,0.78807,0.78818,1.12,1.12
2017.12.15 19:20:48.541,0.78807,0.78818,1.44,1.12
2017.12.15 19:20:49.328,0.78808,0.78818,1.44,1.12
2017.12.15 19:20:50.015,0.78808,0.78818,1.12,1.12
2017.12.15 19:20:53.232,0.78807,0.78816,1.25,1.00
2017.12.15 19:20:54.375,0.78806,0.78817,3.37,1.50
2017.12.15 19:20:54.707,0.78805,0.78815,1.25,1.12
2017.12.15 19:20:55.255,0.78806,0.78815,1.00,1.12
2017.12.15 19:20:57.979,0.78807,0.78816,1.00,1.50
2017.12.15 19:20:59.230,0.78808,0.78818,1.25,1.00
2017.12.15 19:20:59.960,0.78807,0.78818,2.44,1.00
2017.12.15 19:21:01.186,0.78806,0.78816,1.00,1.00
2017.12.15 19:21:02.011,0.78807,0.78816,1.25,1.00
2017.12.15 19:21:02.063,0.78807,0.78818,1.87,1.50
2017.12.15 19:21:02.114,0.78807,0.78816,1.50,1.00
2017.12.15 19:21:02.859,0.78806,0.78816,1.00,1.25
2017.12.15 19:21:06.530,0.78806,0.78817,1.50,2.62
2017.12.15 19:21:06.961,0.78808,0.78819,1.00,2.62
2017.12.15 19:21:08.454,0.78807,0.78818,1.31,1.00
2017.12.15 19:21:10.282,0.78807,0.78819,2.06,2.44
2017.12.15 19:21:10.907,0.78807,0.78818,1.12,1.25
2017.12.15 19:21:14.912,0.78807,0.78817,1.50,1.69
2017.12.15 19:21:15.214,0.78807,0.78815,1.00,1.00
2017.12.15 19:21:15.382,0.78807,0.78817,1.00,1.00
2017.12.15 19:21:20.254,0.78807,0.78815,1.00,1.00
2017.12.15 19:21:20.357,0.78804,0.78815,2.44,1.87
2017.12.15 19:21:21.268,0.78805,0.78815,1.25,1.00
2017.12.15 19:21:21.370,0.78806,0.78817,1.25,2.06
2017.12.15 19:21:22.591,0.78807,0.78817,1.25,1.00
2017.12.15 19:21:29.804,0.78807,0.78819,3.19,2.06
2017.12.15 19:21:31.776,0.78807,0.78818,2.25,1.25
2017.12.15 19:21:33.872,0.78807,0.78816,1.00,1.69
2017.12.15 19:21:34.921,0.78807,0.78815,1.00,1.00
2017.12.15 19:21:38.990,0.78807,0.78814,1.00,1.25
2017.12.15 19:21:39.041,0.78805,0.78814,1.00,1.25
2017.12.15 19:21:39.980,0.78805,0.78815,1.00,2.06
2017.12.15 19:21:45.605,0.78805,0.78814,1.00,1.12
2017.12.15 19:21:46.198,0.78805,0.78815,1.00,2.06
2017.12.15 19:21:53.895,0.78805,0.78814,1.00,1.00
2017.12.15 19:21:54.409,0.78804,0.78815,1.00,2.06
2017.12.15 19:21:57.182,0.78804,0.78814,1.00,1.00
2017.12.15 19:21:57.233,0.78804,0.78812,1.00,1.69
2017.12.15 19:21:57.284,0.78801,0.78812,3.75,1.19
2017.12.15 19:21:57.387,0.78803,0.78814,2.44,1.25
2017.12.15 19:21:57.489,0.78805,0.78814,1.00,1.25
2017.12.15 19:21:58.325,0.78805,0.78815,1.00,2.06
2017.12.15 19:22:00.701,0.78805,0.78814,1.00,1.00
2017.12.15 19:22:01.501,0.78805,0.78815,1.00,1.00
2017.12.15 19:22:04.476,0.78805,0.78816,2.25,2.47
2017.12.15 19:22:05.933,0.78805,0.78815,1.50,1.25
2017.12.15 19:22:10.354,0.78805,0.78816,1.50,1.69
2017.12.15 19:22:12.497,0.78805,0.78815,1.50,1.00
2017.12.15 19:22:17.974,0.78805,0.78814,1.00,1.00
2017.12.15 19:22:18.296,0.78801,0.78811,1.37,1.00
2017.12.15 19:22:23.890,0.78801,0.78811,1.12,1.00
2017.12.15 19:22:31.071,0.788,0.78808,1.50,1.25
2017.12.15 19:22:31.263,0.78796,0.78806,1.25,1.00
2017.12.15 19:22:31.762,0.788,0.78808,1.00,1.00
2017.12.15 19:22:31.915,0.78802,0.78811,1.00,1.13
2017.12.15 19:22:32.252,0.78804,0.78813,1.00,2.63
2017.12.15 19:22:33.000,0.78803,0.78813,1.00,2.63
2017.12.15 19:22:34.573,0.78803,0.78813,1.69,1.25
2017.12.15 19:22:35.432,0.78805,0.78813,1.00,1.25
2017.12.15 19:22:35.685,0.78803,0.78812,1.00,1.25
2017.12.15 19:22:36.323,0.78803,0.78813,1.00,1.69
2017.12.15 19:22:36.871,0.78802,0.78813,1.25,1.88
2017.12.15 19:22:37.148,0.788,0.7881,1.25,1.00
2017.12.15 19:22:37.707,0.78799,0.78809,3.00,1.00
2017.12.15 19:22:39.160,0.78799,0.78809,1.69,1.00
2017.12.15 19:22:39.992,0.788,0.78809,1.00,1.00
2017.12.15 19:22:40.145,0.78801,0.78812,1.69,2.63
2017.12.15 19:22:40.885,0.78802,0.78812,1.00,1.44
2017.12.15 19:22:41.902,0.78802,0.78812,1.50,1.25
2017.12.15 19:22:43.143,0.788,0.78811,1.44,1.12
2017.12.15 19:22:47.325,0.78802,0.78811,1.44,1.12
2017.12.15 19:22:48.191,0.78801,0.78811,2.63,1.00
2017.12.15 19:22:49.124,0.78801,0.78812,2.63,1.25
2017.12.15 19:22:49.684,0.78803,0.78812,1.44,1.00
2017.12.15 19:22:50.719,0.78804,0.78814,1.13,1.00
2017.12.15 19:22:56.574,0.78805,0.78814,1.00,1.00
2017.12.15 19:22:57.772,0.78804,0.78812,1.00,1.44
2017.12.15 19:22:57.823,0.78802,0.78811,2.25,1.25
2017.12.15 19:22:58.374,0.78801,0.78811,1.69,1.25
2017.12.15 19:22:59.421,0.78801,0.78812,2.81,2.44
2017.12.15 19:23:00.062,0.78803,0.78812,1.00,1.69
2017.12.15 19:23:00.818,0.78802,0.78812,1.00,1.69
2017.12.15 19:23:04.135,0.78801,0.78811,3.38,1.00
2017.12.15 19:23:04.663,0.78801,0.78811,1.69,1.44
2017.12.15 19:23:06.173,0.78801,0.78811,2.44,1.25
2017.12.15 19:23:06.692,0.78802,0.78812,1.00,2.06
2017.12.15 19:23:07.180,0.78805,0.78814,1.25,2.25
2017.12.15 19:23:07.767,0.78806,0.78816,1.00,1.56
2017.12.15 19:23:07.981,0.7881,0.78821,1.25,2.81
2017.12.15 19:23:08.134,0.78812,0.78821,1.00,2.44
2017.12.15 19:23:08.296,0.7881,0.78821,2.06,2.44
2017.12.15 19:23:09.343,0.7881,0.78821,2.25,1.44
2017.12.15 19:23:09.496,0.78812,0.78821,1.00,1.56
2017.12.15 19:23:09.804,0.7881,0.7882,1.31,1.63
2017.12.15 19:23:10.345,0.78811,0.78821,1.00,2.25
2017.12.15 19:23:12.566,0.78811,0.78821,1.00,1.81
2017.12.15 19:23:12.720,0.78813,0.78823,1.00,1.63
2017.12.15 19:23:14.166,0.78812,0.78821,1.00,1.81
2017.12.15 19:23:14.336,0.7881,0.7882,1.00,1.63
2017.12.15 19:23:17.443,0.78809,0.78819,1.00,1.38
2017.12.15 19:23:22.884,0.78808,0.78819,2.44,1.38
2017.12.15 19:23:24.162,0.78809,0.78819,1.00,1.38
2017.12.15 19:23:30.030,0.78808,0.78819,2.44,1.38
2017.12.15 19:23:32.890,0.78809,0.7882,1.00,3.00
2017.12.15 19:23:38.382,0.78811,0.7882,1.25,1.00
2017.12.15 19:23:38.558,0.78812,0.78822,1.00,1.13
2017.12.15 19:23:40.341,0.78811,0.78822,4.88,1.13
2017.12.15 19:23:45.213,0.78812,0.78822,1.00,1.13
2017.12.15 19:23:45.265,0.78814,0.78822,1.13,1.00
2017.12.15 19:23:45.835,0.78813,0.78825,1.88,4.31
2017.12.15 19:23:46.431,0.78815,0.78824,1.25,1.19
2017.12.15 19:23:46.584,0.78815,0.78826,2.63,2.81
2017.12.15 19:23:47.279,0.78815,0.78825,1.00,3.19
2017.12.15 19:23:47.783,0.78813,0.78825,1.44,3.94
2017.12.15 19:23:48.821,0.78813,0.78825,1.25,3.94
2017.12.15 19:23:52.928,0.78813,0.78823,1.69,1.63
2017.12.15 19:23:53.450,0.78811,0.78822,1.44,1.38
2017.12.15 19:23:54.330,0.78812,0.78822,1.69,1.25
2017.12.15 19:24:02.517,0.78812,0.78823,2.63,2.06
2017.12.15 19:24:17.516,0.78811,0.78822,1.69,1.38
2017.12.15 19:24:21.127,0.78812,0.78822,1.00,1.38
2017.12.15 19:24:21.660,0.78813,0.78822,1.00,1.44
2017.12.15 19:24:22.992,0.78811,0.78822,1.69,1.38
2017.12.15 19:24:26.871,0.78813,0.78822,1.00,1.38
2017.12.15 19:24:29.993,0.78811,0.78822,2.63,1.44
2017.12.15 19:24:31.744,0.78811,0.78821,1.00,1.69
2017.12.15 19:24:32.191,0.78811,0.78822,1.88,2.63
2017.12.15 19:24:32.399,0.78811,0.7882,1.31,1.44
2017.12.15 19:24:32.552,0.78807,0.78816,1.50,1.00
2017.12.15 19:24:32.603,0.78807,0.78812,1.00,1.00
2017.12.15 19:24:32.655,0.78803,0.78809,1.00,1.00
2017.12.15 19:24:32.756,0.78799,0.78809,1.50,1.00
2017.12.15 19:24:33.401,0.78799,0.7881,2.44,1.50
2017.12.15 19:24:35.294,0.788,0.78811,1.00,1.31
2017.12.15 19:24:37.216,0.78799,0.78808,1.50,1.25
2017.12.15 19:24:37.449,0.78797,0.78807,1.00,1.25
2017.12.15 19:24:38.248,0.78797,0.78808,1.00,1.69
2017.12.15 19:24:39.027,0.78797,0.78807,1.00,1.25
2017.12.15 19:24:39.534,0.78795,0.78806,3.19,1.25
2017.12.15 19:24:40.705,0.78795,0.78807,3.94,1.69
2017.12.15 19:24:41.674,0.788,0.78809,1.00,1.12
2017.12.15 19:24:42.197,0.78799,0.7881,1.00,1.87
2017.12.15 19:24:43.920,0.78798,0.78809,1.00,1.50
2017.12.15 19:24:44.828,0.78798,0.78809,1.00,1.50
2017.12.15 19:24:45.451,0.78798,0.78807,1.25,1.00
2017.12.15 19:24:45.980,0.78798,0.78808,1.69,1.00
2017.12.15 19:24:46.526,0.78799,0.78808,2.44,1.00
2017.12.15 19:24:47.580,0.788,0.7881,1.00,1.50
2017.12.15 19:24:47.683,0.78802,0.78812,1.00,1.00
2017.12.15 19:24:48.285,0.78802,0.78813,3.19,1.00
2017.12.15 19:24:54.241,0.78802,0.78811,1.69,1.00
2017.12.15 19:24:55.420,0.78805,0.78811,2.29,1.00
2017.12.15 19:24:55.523,0.78811,0.78818,1.00,1.00
2017.12.15 19:24:55.574,0.78806,0.78815,1.12,1.00
2017.12.15 19:24:55.715,0.78808,0.78818,1.00,2.25
2017.12.15 19:24:56.020,0.78807,0.78813,1.00,1.00
2017.12.15 19:24:56.071,0.78803,0.78813,1.50,1.00
2017.12.15 19:25:01.576,0.78803,0.78813,2.62,1.00
2017.12.15 19:25:02.105,0.78803,0.78813,2.62,1.00
2017.12.15 19:25:04.473,0.78803,0.78811,1.00,1.00
2017.12.15 19:25:04.524,0.788,0.78811,1.25,1.00
2017.12.15 19:25:04.626,0.78801,0.78812,1.87,1.00
2017.12.15 19:25:05.275,0.78801,0.78812,2.62,1.00
2017.12.15 19:25:05.590,0.78803,0.78814,2.44,1.00
2017.12.15 19:25:10.111,0.78805,0.78815,1.00,1.12
2017.12.15 19:25:11.461,0.78802,0.78814,3.56,1.00
2017.12.15 19:25:12.794,0.78802,0.78812,3.00,1.00
2017.12.15 19:25:13.302,0.78803,0.78812,1.00,1.00
2017.12.15 19:25:15.546,0.78802,0.78812,2.62,1.00
2017.12.15 19:25:16.864,0.78803,0.78812,1.00,1.00
2017.12.15 19:25:22.704,0.78802,0.78812,1.69,1.00
2017.12.15 19:25:23.886,0.78802,0.7881,1.00,1.00
2017.12.15 19:25:24.685,0.78801,0.7881,1.69,1.00
2017.12.15 19:25:30.196,0.788,0.7881,1.25,1.00
2017.12.15 19:25:30.301,0.78796,0.78807,1.87,1.87
2017.12.15 19:25:31.895,0.78797,0.78807,1.00,1.87
2017.12.15 19:25:32.396,0.78796,0.78807,3.00,1.00
2017.12.15 19:25:36.764,0.78797,0.78807,1.00,1.00
2017.12.15 19:25:37.424,0.78796,0.78807,2.81,1.00
2017.12.15 19:25:42.915,0.78797,0.78807,1.00,1.00
2017.12.15 19:25:48.030,0.78797,0.78808,1.69,1.00
2017.12.15 19:25:48.790,0.78798,0.78808,1.25,1.00
2017.12.15 19:25:49.755,0.78797,0.78808,1.69,1.00
2017.12.15 19:25:50.294,0.78798,0.78808,1.00,1.00
2017.12.15 19:25:51.642,0.78797,0.78808,1.69,1.00
2017.12.15 19:25:52.890,0.78798,0.78808,1.00,1.00
2017.12.15 19:25:53.922,0.78797,0.78808,1.69,1.50
2017.12.15 19:25:55.131,0.78797,0.78806,1.25,1.00
2017.12.15 19:25:55.698,0.78798,0.78806,1.00,1.00
2017.12.15 19:25:56.533,0.78796,0.78807,2.44,1.87
2017.12.15 19:25:57.727,0.78796,0.78807,2.44,1.87
2017.12.15 19:25:58.279,0.78797,0.78807,1.25,1.87
2017.12.15 19:26:01.675,0.78796,0.78806,1.00,1.69
2017.12.15 19:26:06.812,0.78795,0.78806,1.87,1.12
2017.12.15 19:26:10.638,0.78796,0.78806,1.00,1.87
2017.12.15 19:26:11.412,0.78797,0.78806,1.00,1.50
2017.12.15 19:26:12.543,0.78799,0.78807,1.00,1.12
2017.12.15 19:26:12.731,0.78799,0.7881,1.69,1.00
2017.12.15 19:26:13.281,0.788,0.7881,1.00,1.00
2017.12.15 19:26:13.828,0.78799,0.78809,1.00,1.00
2017.12.15 19:26:14.081,0.78801,0.7881,1.00,1.00
2017.12.15 19:26:14.292,0.78801,0.78812,1.69,1.00
2017.12.15 19:26:15.726,0.78801,0.78812,2.44,1.37
2017.12.15 19:26:16.262,0.78801,0.7881,1.69,1.00
2017.12.15 19:26:17.135,0.78802,0.7881,1.00,1.00
2017.12.15 19:26:17.237,0.78802,0.78813,2.25,1.00
2017.12.15 19:26:17.981,0.78803,0.78813,1.00,1.00
2017.12.15 19:26:19.184,0.78804,0.78813,1.25,1.00
2017.12.15 19:26:19.788,0.78804,0.78815,1.25,1.50
2017.12.15 19:26:22.862,0.78804,0.78815,1.25,1.12
2017.12.15 19:26:23.921,0.78803,0.78815,3.19,1.12
2017.12.15 19:26:28.650,0.78803,0.78813,1.50,1.00
2017.12.15 19:26:29.545,0.78803,0.78812,1.50,1.00
2017.12.15 19:26:29.890,0.78801,0.7881,1.00,1.00
2017.12.15 19:26:40.046,0.78802,0.78813,1.69,1.87
2017.12.15 19:26:40.615,0.78803,0.78814,1.25,1.50
2017.12.15 19:26:42.168,0.78802,0.78814,2.44,1.50
2017.12.15 19:26:43.200,0.78802,0.78814,2.81,1.00
2017.12.15 19:26:44.734,0.78803,0.78814,1.00,1.00
2017.12.15 19:26:58.272,0.78803,0.78813,1.00,1.00
2017.12.15 19:26:59.381,0.78803,0.78813,1.00,1.60
2017.12.15 19:26:59.433,0.78801,0.78811,1.50,2.29
2017.12.15 19:26:59.535,0.78801,0.78809,1.00,1.00
2017.12.15 19:26:59.638,0.78798,0.78809,2.44,1.00
2017.12.15 19:27:03.119,0.78798,0.78809,2.44,1.37
2017.12.15 19:27:03.276,0.78795,0.78804,1.50,1.00
2017.12.15 19:27:03.379,0.78792,0.78802,1.87,1.00
2017.12.15 19:27:03.481,0.78793,0.78804,1.00,1.31
2017.12.15 19:27:03.997,0.78792,0.78803,1.25,1.50
2017.12.15 19:27:10.157,0.78792,0.78801,1.00,1.25
2017.12.15 19:27:10.996,0.78792,0.78802,1.00,1.25
2017.12.15 19:27:25.644,0.78789,0.788,1.50,1.00
2017.12.15 19:27:34.234,0.78791,0.788,1.00,1.00
2017.12.15 19:27:34.387,0.78793,0.78805,2.29,1.50
2017.12.15 19:27:35.260,0.78794,0.78805,1.00,1.69
2017.12.15 19:27:36.574,0.78794,0.78804,1.00,1.00
2017.12.15 19:27:36.677,0.78794,0.78802,1.00,1.00
2017.12.15 19:27:36.728,0.78791,0.78802,2.44,1.00
2017.12.15 19:27:38.476,0.78792,0.78804,1.00,3.75
2017.12.15 19:27:42.777,0.78791,0.78801,1.69,1.00
2017.12.15 19:27:43.099,0.78795,0.78804,1.00,1.50
2017.12.15 19:27:43.641,0.78795,0.78804,1.00,1.00
2017.12.15 19:27:47.340,0.78796,0.78804,1.25,1.00
2017.12.15 19:27:50.093,0.78796,0.78806,1.25,1.00
2017.12.15 19:27:58.366,0.78798,0.78808,1.00,2.44
2017.12.15 19:27:58.469,0.78796,0.78808,2.44,1.69
2017.12.15 19:27:59.011,0.78797,0.78808,1.00,1.69
2017.12.15 19:27:59.935,0.78796,0.78808,2.44,2.44
2017.12.15 19:28:04.130,0.78796,0.78805,1.00,1.00
2017.12.15 19:28:04.232,0.78794,0.78805,2.44,1.00
2017.12.15 19:28:07.483,0.78794,0.78803,1.00,1.69
2017.12.15 19:28:07.535,0.78792,0.78803,1.12,1.69
2017.12.15 19:28:07.587,0.78792,0.78801,1.00,1.00
2017.12.15 19:28:07.638,0.7879,0.78801,3.19,1.00
2017.12.15 19:28:08.230,0.78791,0.78801,1.00,1.00
2017.12.15 19:28:23.093,0.7879,0.78801,1.87,1.12
2017.12.15 19:28:23.601,0.78791,0.78801,1.00,1.12
2017.12.15 19:28:23.927,0.78791,0.78798,1.00,1.00
2017.12.15 19:28:23.977,0.78787,0.78798,3.19,1.00
2017.12.15 19:28:24.191,0.78788,0.78798,1.44,1.00
2017.12.15 19:28:26.153,0.7879,0.78801,1.25,1.69
2017.12.15 19:28:26.256,0.78792,0.78801,1.00,1.00
2017.12.15 19:28:26.404,0.78793,0.78804,3.19,1.00
2017.12.15 19:28:29.196,0.78794,0.78806,2.62,2.25
2017.12.15 19:28:30.156,0.78796,0.78806,1.00,1.69
2017.12.15 19:28:30.510,0.78793,0.78803,1.00,1.00
2017.12.15 19:28:31.067,0.78792,0.78801,1.00,1.00
2017.12.15 19:28:31.605,0.7879,0.78799,1.25,1.00
2017.12.15 19:28:32.631,0.78791,0.78799,1.00,1.00
2017.12.15 19:28:34.293,0.78791,0.78802,1.25,1.50
2017.12.15 19:28:34.796,0.7879,0.78802,1.25,3.56
2017.12.15 19:28:40.539,0.78789,0.788,2.25,1.00
2017.12.15 19:28:41.142,0.7879,0.788,1.00,1.00
2017.12.15 19:28:43.737,0.78791,0.78802,1.00,1.50
2017.12.15 19:28:46.652,0.78794,0.78804,1.00,1.00
2017.12.15 19:28:47.166,0.78794,0.78805,1.69,1.00
2017.12.15 19:28:49.552,0.78792,0.78803,1.50,1.69
2017.12.15 19:28:49.900,0.78795,0.78804,1.00,1.00
2017.12.15 19:28:50.274,0.78793,0.78802,1.25,1.12
2017.12.15 19:28:50.626,0.78795,0.78804,1.00,1.00
2017.12.15 19:28:52.886,0.78795,0.78806,1.00,2.29
2017.12.15 19:28:53.257,0.78794,0.78803,1.12,1.00
2017.12.15 19:28:54.023,0.78793,0.78803,1.69,1.00
2017.12.15 19:28:57.650,0.78794,0.78806,3.41,2.25
2017.12.15 19:28:58.152,0.78795,0.78805,1.00,1.00
2017.12.15 19:28:58.750,0.78795,0.78806,1.00,2.25
2017.12.15 19:29:00.505,0.78795,0.78806,1.00,1.87
2017.12.15 19:29:01.059,0.78795,0.78806,1.00,2.62
2017.12.15 19:29:12.610,0.78795,0.78804,1.00,1.00
2017.12.15 19:29:12.662,0.78793,0.78804,1.69,1.00
2017.12.15 19:29:12.713,0.78795,0.78804,1.00,1.50
2017.12.15 19:29:13.230,0.78794,0.78804,1.00,1.50
2017.12.15 19:29:14.617,0.78793,0.78804,1.69,1.00
2017.12.15 19:29:14.951,0.78795,0.78806,1.00,2.44
2017.12.15 19:29:16.108,0.78795,0.78804,1.00,1.00
2017.12.15 19:29:18.781,0.78795,0.78805,1.00,1.25
2017.12.15 19:29:20.204,0.78795,0.78804,1.00,1.00
2017.12.15 19:29:20.733,0.78795,0.78805,1.00,1.25
2017.12.15 19:29:22.739,0.78795,0.78806,1.00,1.69
2017.12.15 19:29:24.102,0.78795,0.78805,1.00,1.00
2017.12.15 19:29:27.530,0.78795,0.78806,1.00,1.69
2017.12.15 19:29:56.282,0.78795,0.78805,1.00,1.00
2017.12.15 19:29:57.793,0.78795,0.78806,1.00,2.44
2017.12.15 19:29:58.242,0.78795,0.78804,1.00,1.00
2017.12.15 19:30:00.183,0.78795,0.78803,1.00,1.25
2017.12.15 19:30:00.572,0.78792,0.788,1.00,1.00
2017.12.15 19:30:01.406,0.78792,0.78802,1.69,1.00
2017.12.15 19:30:01.458,0.78795,0.78805,1.00,1.69
2017.12.15 19:30:01.780,0.78796,0.78807,1.87,1.00
2017.12.15 19:30:01.831,0.78798,0.78808,1.00,2.81
2017.12.15 19:30:02.184,0.78798,0.78806,1.00,1.00
2017.12.15 19:30:02.286,0.78798,0.78808,1.00,1.31
2017.12.15 19:30:20.361,0.78799,0.78809,1.50,1.25
2017.12.15 19:30:22.999,0.78799,0.78808,1.00,1.25
2017.12.15 19:30:23.051,0.78799,0.78806,1.00,1.00
2017.12.15 19:30:23.102,0.78797,0.78806,1.00,1.00
2017.12.15 19:30:23.305,0.78799,0.78809,1.00,2.25
2017.12.15 19:30:23.859,0.78798,0.78809,1.25,1.00
2017.12.15 19:30:26.356,0.78797,0.78809,3.56,1.69
2017.12.15 19:30:29.514,0.78797,0.78808,2.62,1.25
2017.12.15 19:30:30.192,0.78797,0.78806,1.00,1.00
2017.12.15 19:30:36.282,0.78798,0.78806,1.00,1.00
2017.12.15 19:30:36.333,0.78799,0.7881,3.00,2.62
2017.12.15 19:30:51.656,0.788,0.78809,1.00,1.00
2017.12.15 19:30:51.758,0.78799,0.78811,2.44,1.87
2017.12.15 19:30:52.271,0.788,0.78811,1.50,1.00
2017.12.15 19:30:56.735,0.78801,0.78811,1.00,1.00
2017.12.15 19:30:56.939,0.78803,0.78812,1.00,1.00
2017.12.15 19:30:57.722,0.78802,0.78812,1.69,1.00
2017.12.15 19:30:58.257,0.78803,0.78812,1.00,1.00
2017.12.15 19:30:58.921,0.78802,0.78812,1.50,1.00
2017.12.15 19:31:00.040,0.78803,0.78812,1.00,1.00
2017.12.15 19:31:00.870,0.78802,0.78812,1.69,1.00
2017.12.15 19:31:02.153,0.78803,0.78812,1.50,1.00
2017.12.15 19:31:14.323,0.78803,0.78813,1.00,1.00
2017.12.15 19:31:20.339,0.78802,0.78812,1.50,1.00
2017.12.15 19:31:28.501,0.78801,0.78812,2.44,1.00
2017.12.15 19:31:30.792,0.78802,0.78812,1.00,1.50
2017.12.15 19:31:36.001,0.78803,0.78812,1.00,1.00
2017.12.15 19:31:36.052,0.78803,0.78814,1.50,1.25
2017.12.15 19:31:43.489,0.78803,0.78808,1.00,1.25
2017.12.15 19:31:43.540,0.78796,0.78806,1.87,1.35
2017.12.15 19:31:43.611,0.78794,0.78805,1.50,1.00
2017.12.15 19:31:44.818,0.78795,0.78804,1.00,1.25
2017.12.15 19:31:44.869,0.78793,0.78804,2.44,1.25
2017.12.15 19:31:45.123,0.78793,0.78802,1.69,1.00
2017.12.15 19:31:46.170,0.78794,0.78804,1.00,1.69
2017.12.15 19:31:46.895,0.78794,0.78805,1.69,1.50
2017.12.15 19:31:48.473,0.78795,0.78804,1.54,1.00
2017.12.15 19:31:48.525,0.78796,0.78807,1.00,3.00
2017.12.15 19:31:55.143,0.78797,0.78809,1.87,1.00
2017.12.15 19:32:01.885,0.78798,0.78809,1.00,1.00
2017.12.15 19:32:05.428,0.78797,0.78808,1.50,1.00
2017.12.15 19:32:06.043,0.78797,0.78807,1.50,1.25
2017.12.15 19:32:10.020,0.78798,0.78807,1.00,1.25
2017.12.15 19:32:11.604,0.78798,0.78808,1.50,1.25
2017.12.15 19:32:12.343,0.78798,0.78809,1.50,2.44
2017.12.15 19:32:17.746,0.78798,0.78808,1.50,1.25
2017.12.15 19:32:19.279,0.78798,0.78809,1.69,1.69
2017.12.15 19:32:20.121,0.78802,0.78811,1.87,1.00
2017.12.15 19:32:20.223,0.78803,0.78814,1.00,3.56
2017.12.15 19:32:21.161,0.78803,0.78813,1.00,1.00
2017.12.15 19:32:22.042,0.78802,0.78813,1.00,2.44
2017.12.15 19:32:23.581,0.78802,0.78811,1.00,1.00
2017.12.15 19:32:25.324,0.78802,0.78813,1.00,1.69
2017.12.15 19:32:26.583,0.78802,0.78812,1.00,1.00
2017.12.15 19:32:28.366,0.78802,0.78811,1.00,1.25
2017.12.15 19:32:31.479,0.788,0.78811,1.50,1.69
2017.12.15 19:32:32.734,0.788,0.7881,1.00,1.00
2017.12.15 19:32:34.525,0.788,0.78808,1.00,1.25
2017.12.15 19:32:34.576,0.78797,0.78808,3.56,1.69
2017.12.15 19:32:35.129,0.78797,0.78808,2.06,1.69
2017.12.15 19:32:40.151,0.788,0.7881,1.00,2.25
2017.12.15 19:32:40.253,0.788,0.78811,1.00,1.69
2017.12.15 19:32:51.559,0.788,0.78809,1.00,1.50
2017.12.15 19:32:52.262,0.78799,0.78808,1.00,1.00
2017.12.15 19:32:54.207,0.78798,0.78808,1.00,1.00
2017.12.15 19:32:55.713,0.78797,0.78808,3.19,1.50
2017.12.15 19:32:57.083,0.78798,0.78809,2.44,1.25
2017.12.15 19:32:57.403,0.788,0.78811,1.25,1.69
2017.12.15 19:32:58.855,0.788,0.7881,1.25,1.00
2017.12.15 19:33:01.572,0.788,0.78811,1.69,1.69
2017.12.15 19:33:02.140,0.788,0.7881,1.00,1.25
2017.12.15 19:33:03.317,0.788,0.78807,1.00,1.00
2017.12.15 19:33:03.470,0.78793,0.78804,2.25,1.69
2017.12.15 19:33:03.574,0.78793,0.78803,1.87,1.00
2017.12.15 19:33:03.778,0.78795,0.78806,1.50,3.38
2017.12.15 19:33:03.829,0.78797,0.78806,1.00,2.63
2017.12.15 19:33:04.513,0.78796,0.78806,1.00,1.88
2017.12.15 19:33:06.299,0.78795,0.78802,1.00,1.44
2017.12.15 19:33:06.401,0.78792,0.78801,1.00,1.25
2017.12.15 19:33:06.950,0.78791,0.78802,1.69,2.25
2017.12.15 19:33:07.584,0.78792,0.788,1.00,1.44
2017.12.15 19:33:07.783,0.78792,0.78802,1.00,2.63
2017.12.15 19:33:07.936,0.7879,0.78801,1.44,1.88
2017.12.15 19:33:08.038,0.78789,0.78799,2.06,1.25
2017.12.15 19:33:09.142,0.78789,0.78798,1.87,1.44
2017.12.15 19:33:10.039,0.78789,0.78798,1.50,1.25
2017.12.15 19:33:13.764,0.78789,0.78796,1.00,1.19
2017.12.15 19:33:13.815,0.78787,0.78796,1.00,1.25
2017.12.15 19:33:14.088,0.78787,0.78798,1.88,1.31
2017.12.15 19:33:16.978,0.78786,0.78797,3.38,1.88
2017.12.15 19:33:18.185,0.78788,0.78797,1.00,1.00
2017.12.15 19:33:19.240,0.78788,0.78797,1.44,1.00
2017.12.15 19:33:20.164,0.78786,0.78797,4.13,1.88
2017.12.15 19:33:20.633,0.78786,0.78794,1.00,1.13
2017.12.15 19:33:20.735,0.78784,0.78794,1.25,2.06
2017.12.15 19:33:21.286,0.78783,0.78793,1.88,1.00
2017.12.15 19:33:21.817,0.78783,0.78793,1.88,1.00
2017.12.15 19:33:23.155,0.78784,0.78794,1.00,2.06
2017.12.15 19:33:24.117,0.78783,0.78794,1.88,2.81
2017.12.15 19:33:29.787,0.78782,0.78791,1.25,1.25
2017.12.15 19:33:29.990,0.78783,0.78793,1.00,1.13
2017.12.15 19:33:30.513,0.78782,0.78793,3.38,1.88
2017.12.15 19:33:36.040,0.78783,0.78793,1.44,1.25
2017.12.15 19:33:38.159,0.78783,0.78793,1.25,1.25
2017.12.15 19:33:41.321,0.78786,0.78795,1.00,1.25
2017.12.15 19:33:41.709,0.7878,0.7879,2.44,1.12
2017.12.15 19:33:44.983,0.78783,0.78791,1.00,1.50
2017.12.15 19:33:45.178,0.78781,0.78791,1.69,1.00
2017.12.15 19:33:46.339,0.78782,0.78791,1.00,1.25
2017.12.15 19:33:46.998,0.78781,0.78792,2.44,1.25
2017.12.15 19:33:47.998,0.78781,0.78792,2.25,1.44
2017.12.15 19:33:50.020,0.78781,0.78791,1.50,1.44
2017.12.15 19:33:50.828,0.78781,0.78791,1.50,1.25
2017.12.15 19:33:52.221,0.7878,0.78791,2.62,1.87
2017.12.15 19:33:52.755,0.7878,0.78791,2.25,1.87
2017.12.15 19:33:54.068,0.78781,0.78791,1.69,1.00
2017.12.15 19:33:54.975,0.78782,0.78791,1.25,1.00
2017.12.15 19:33:55.958,0.78782,0.78793,1.25,2.25
2017.12.15 19:33:56.485,0.78784,0.78793,1.50,1.12
2017.12.15 19:33:57.013,0.78783,0.78794,2.44,1.69
2017.12.15 19:33:57.647,0.78784,0.78794,1.00,1.69
2017.12.15 19:33:58.553,0.78783,0.78794,1.69,1.87
2017.12.15 19:34:01.937,0.78782,0.78792,1.00,1.44
2017.12.15 19:34:02.243,0.78779,0.78789,1.50,1.19
2017.12.15 19:34:02.782,0.78779,0.78789,1.00,1.00
2017.12.15 19:34:03.315,0.78778,0.78788,2.44,1.00
2017.12.15 19:34:04.079,0.78779,0.78789,1.00,1.69
2017.12.15 19:34:04.403,0.78781,0.78791,1.00,1.25
2017.12.15 19:34:05.314,0.78782,0.78791,1.00,1.25
2017.12.15 19:34:05.825,0.78781,0.78791,1.25,1.00
2017.12.15 19:34:06.424,0.78782,0.78791,1.25,1.00
2017.12.15 19:34:07.425,0.78781,0.78791,1.69,1.00
2017.12.15 19:34:08.401,0.78782,0.78791,1.00,1.00
2017.12.15 19:34:09.136,0.78782,0.78793,1.69,1.69
2017.12.15 19:34:09.651,0.78782,0.78793,2.44,1.69
2017.12.15 19:34:10.374,0.78781,0.78792,1.69,1.25
2017.12.15 19:34:11.012,0.78782,0.78792,1.00,1.25
2017.12.15 19:34:11.638,0.7878,0.7879,1.25,1.25
2017.12.15 19:34:12.087,0.78778,0.78788,1.69,1.00
2017.12.15 19:34:18.006,0.78779,0.78788,1.00,1.25
2017.12.15 19:34:18.110,0.7878,0.7879,1.25,1.69
2017.12.15 19:34:18.772,0.78781,0.7879,1.00,1.00
2017.12.15 19:34:19.300,0.7878,0.7879,1.69,1.00
2017.12.15 19:34:21.756,0.78781,0.7879,1.00,1.00
2017.12.15 19:34:22.643,0.78781,0.78791,1.25,1.31
2017.12.15 19:34:23.329,0.7878,0.7879,1.69,1.00
2017.12.15 19:34:23.940,0.78781,0.7879,1.00,1.00
2017.12.15 19:34:26.688,0.78781,0.78791,1.25,1.12
2017.12.15 19:34:29.515,0.7878,0.78791,2.81,1.31
2017.12.15 19:34:30.020,0.78781,0.78791,1.00,1.31
2017.12.15 19:34:30.672,0.78782,0.78791,1.00,1.25
2017.12.15 19:34:31.843,0.78783,0.78791,1.00,1.00
2017.12.15 19:34:33.027,0.7878,0.78791,1.50,1.87
2017.12.15 19:34:33.405,0.7878,0.78788,1.00,1.00
2017.12.15 19:34:34.210,0.78778,0.78788,1.00,1.00
2017.12.15 19:34:35.155,0.78778,0.78789,1.00,1.69
2017.12.15 19:34:37.966,0.78778,0.78788,1.00,1.00
2017.12.15 19:34:38.779,0.78778,0.78789,1.50,1.69
2017.12.15 19:34:39.520,0.78778,0.78788,1.00,1.00
2017.12.15 19:34:40.866,0.78778,0.78789,1.50,1.69
2017.12.15 19:34:41.416,0.78779,0.78789,1.25,1.00
2017.12.15 19:34:42.147,0.7878,0.78791,1.25,2.44
2017.12.15 19:34:42.780,0.78781,0.78792,1.25,2.25
2017.12.15 19:34:43.314,0.78781,0.78791,1.00,1.00
2017.12.15 19:34:44.044,0.7878,0.78791,1.69,1.69
2017.12.15 19:34:48.959,0.7878,0.7879,1.00,1.00
2017.12.15 19:34:49.509,0.78779,0.78789,1.00,1.69
2017.12.15 19:34:50.059,0.78778,0.78789,1.69,1.69
2017.12.15 19:34:52.242,0.78778,0.78788,1.00,1.25
2017.12.15 19:34:54.022,0.78778,0.78789,1.50,2.44
2017.12.15 19:34:55.054,0.78779,0.78789,1.25,1.00
2017.12.15 19:34:55.646,0.78778,0.78788,1.00,1.00
2017.12.15 19:34:58.225,0.78778,0.78789,1.00,2.44
2017.12.15 19:34:59.026,0.78778,0.78788,1.00,1.00
2017.12.15 19:35:00.323,0.78778,0.78789,1.69,1.69
2017.12.15 19:35:10.097,0.78778,0.78788,1.50,1.00
2017.12.15 19:35:16.900,0.78778,0.78787,1.00,1.25
2017.12.15 19:35:17.582,0.78778,0.78788,1.50,1.87
2017.12.15 19:35:18.210,0.78778,0.78787,1.00,1.12
2017.12.15 19:35:18.918,0.78776,0.78787,2.06,1.25
2017.12.15 19:35:19.565,0.78776,0.78787,2.06,1.00
2017.12.15 19:35:20.154,0.78776,0.78786,1.00,1.25
2017.12.15 19:35:24.410,0.78778,0.78789,2.06,2.44
2017.12.15 19:35:26.785,0.78781,0.7879,1.00,1.35
2017.12.15 19:35:31.367,0.78781,0.78789,1.00,1.00
2017.12.15 19:35:31.471,0.78779,0.78789,1.50,1.12
2017.12.15 19:35:33.005,0.78781,0.78789,1.00,1.12
2017.12.15 19:35:33.207,0.78779,0.78788,1.00,1.12
2017.12.15 19:35:45.870,0.78779,0.78789,1.00,1.54
2017.12.15 19:35:46.469,0.7878,0.78789,1.00,1.54
2017.12.15 19:35:47.523,0.7878,0.78789,1.00,1.72
2017.12.15 19:35:49.437,0.7878,0.78787,1.00,1.00
2017.12.15 19:35:49.488,0.78778,0.78787,1.00,1.44
2017.12.15 19:35:49.539,0.7878,0.78789,1.00,1.87
2017.12.15 19:35:51.626,0.7878,0.78789,1.00,1.25
2017.12.15 19:35:53.182,0.7878,0.78789,1.00,1.44
2017.12.15 19:35:54.327,0.78778,0.78788,1.00,1.25
2017.12.15 19:36:10.111,0.78779,0.78789,1.00,1.44
2017.12.15 19:36:14.330,0.7878,0.78789,1.00,1.44
2017.12.15 19:36:18.342,0.7878,0.78789,1.00,1.25
2017.12.15 19:36:25.117,0.7878,0.78788,1.00,1.12
2017.12.15 19:36:25.892,0.7878,0.78788,1.50,1.44
2017.12.15 19:36:26.611,0.7878,0.78788,1.00,1.25
2017.12.15 19:36:27.170,0.7878,0.78788,1.00,1.44
2017.12.15 19:36:27.943,0.78784,0.78792,1.00,1.87
2017.12.15 19:36:28.947,0.78784,0.78792,1.00,1.25
2017.12.15 19:36:33.046,0.78784,0.78792,1.00,1.44
2017.12.15 19:36:36.785,0.78784,0.78792,1.00,1.25
2017.12.15 19:36:45.555,0.78784,0.78793,1.00,1.12
2017.12.15 19:36:47.616,0.78784,0.78793,1.00,1.44
2017.12.15 19:36:49.548,0.78784,0.78793,1.00,1.25
2017.12.15 19:36:52.078,0.78784,0.78792,1.00,1.00
2017.12.15 19:36:57.499,0.78784,0.78795,3.00,2.47
2017.12.15 19:36:58.208,0.78787,0.78796,1.00,1.87
2017.12.15 19:36:58.892,0.78786,0.78794,1.87,1.44
2017.12.15 19:37:00.795,0.78784,0.78792,1.50,1.72
2017.12.15 19:37:01.414,0.78783,0.78791,1.00,1.12
2017.12.15 19:37:03.238,0.78784,0.78792,1.00,1.05
2017.12.15 19:37:08.259,0.78784,0.78793,2.25,1.25
2017.12.15 19:37:14.350,0.78784,0.78793,2.25,1.44
2017.12.15 19:37:23.238,0.78784,0.78793,2.25,1.25
2017.12.15 19:37:24.220,0.78784,0.78793,1.50,1.44
2017.12.15 19:37:26.151,0.78783,0.78792,1.50,1.25
2017.12.15 19:37:26.991,0.78784,0.78792,1.00,1.25
2017.12.15 19:37:29.407,0.78783,0.78792,1.50,1.25
2017.12.15 19:37:30.714,0.78784,0.78792,1.00,1.25
2017.12.15 19:37:33.026,0.78783,0.78792,1.50,1.25
2017.12.15 19:37:36.747,0.78784,0.78792,1.00,1.25
2017.12.15 19:37:39.907,0.78783,0.78794,2.25,1.44
2017.12.15 19:37:40.569,0.78784,0.78794,1.00,1.44
2017.12.15 19:37:41.581,0.78784,0.78793,1.00,1.44
2017.12.15 19:37:43.690,0.78783,0.78793,1.50,1.44
2017.12.15 19:37:45.160,0.78783,0.78793,1.50,1.25
2017.12.15 19:37:49.833,0.78784,0.78793,1.00,1.25
2017.12.15 19:37:53.992,0.78785,0.78795,1.00,1.25
2017.12.15 19:37:54.287,0.78787,0.78796,1.00,1.72
2017.12.15 19:37:55.597,0.78786,0.78796,1.50,1.44
2017.12.15 19:37:55.913,0.78789,0.78796,1.00,1.25
2017.12.15 19:37:56.310,0.78787,0.78796,1.00,1.25
2017.12.15 19:37:57.763,0.78787,0.78795,1.50,1.00
2017.12.15 19:38:04.087,0.78786,0.78795,1.00,1.12
2017.12.15 19:38:04.664,0.78787,0.78795,1.00,1.12
2017.12.15 19:38:05.693,0.78787,0.78794,1.00,1.12
2017.12.15 19:38:05.744,0.78785,0.78794,1.00,1.12
2017.12.15 19:38:06.563,0.78784,0.78795,2.25,1.69
2017.12.15 19:38:07.287,0.78785,0.78795,1.00,1.25
2017.12.15 19:38:09.128,0.78787,0.78796,1.00,1.25
2017.12.15 19:38:17.857,0.78786,0.78795,1.00,1.00
2017.12.15 19:38:18.386,0.78785,0.78794,1.00,1.00
2017.12.15 19:38:18.947,0.78785,0.78793,1.00,1.00
2017.12.15 19:38:19.491,0.78784,0.78793,1.00,2.44
2017.12.15 19:38:21.701,0.78784,0.78792,1.00,1.00
2017.12.15 19:38:21.970,0.78782,0.78791,1.50,1.25
2017.12.15 19:38:22.773,0.78783,0.78793,1.00,1.69
2017.12.15 19:38:23.327,0.78783,0.78793,1.00,1.50
2017.12.15 19:38:27.357,0.78783,0.78794,1.00,2.44
2017.12.15 19:38:28.600,0.78785,0.78794,1.69,1.00
2017.12.15 19:38:28.953,0.78787,0.78796,1.00,1.00
2017.12.15 19:38:29.499,0.78787,0.78797,1.00,1.88
2017.12.15 19:38:37.442,0.78788,0.78797,1.25,1.00
2017.12.15 19:38:37.951,0.78788,0.78799,3.19,1.69
2017.12.15 19:38:38.287,0.7879,0.78801,2.25,2.06
2017.12.15 19:38:39.320,0.7879,0.78799,1.00,1.38
2017.12.15 19:38:40.135,0.78789,0.78799,1.25,2.06
2017.12.15 19:38:41.198,0.78788,0.78799,1.88,1.88
2017.12.15 19:38:43.345,0.78788,0.78797,1.00,1.88
2017.12.15 19:38:43.447,0.78786,0.78797,2.44,2.81
2017.12.15 19:38:44.553,0.78786,0.78797,1.37,2.62
2017.12.15 19:38:45.171,0.78788,0.78797,1.50,1.69
2017.12.15 19:38:48.695,0.78788,0.78797,1.50,1.87
2017.12.15 19:38:54.327,0.78786,0.78797,1.50,2.25
2017.12.15 19:39:02.819,0.78786,0.78797,3.00,1.69
2017.12.15 19:39:03.809,0.78786,0.78796,2.25,1.00
2017.12.15 19:39:04.205,0.78785,0.78793,1.00,1.44
2017.12.15 19:39:04.307,0.78783,0.78793,1.00,1.25
2017.12.15 19:39:04.921,0.78784,0.78792,1.00,1.00
2017.12.15 19:39:05.736,0.78782,0.78789,1.00,1.25
2017.12.15 19:39:05.946,0.78782,0.78791,1.00,1.25
2017.12.15 19:39:07.090,0.78782,0.78792,1.00,1.25
2017.12.15 19:39:10.399,0.7878,0.78792,3.19,1.69
2017.12.15 19:39:14.417,0.78781,0.78791,1.12,1.25
2017.12.15 19:39:14.931,0.78781,0.7879,1.00,1.25
2017.12.15 19:39:15.674,0.7878,0.7879,1.00,1.25
2017.12.15 19:39:16.461,0.78781,0.7879,1.00,1.12
2017.12.15 19:39:19.887,0.7878,0.7879,1.00,1.12
2017.12.15 19:39:20.736,0.7878,0.78791,1.00,1.12
2017.12.15 19:39:21.594,0.7878,0.7879,1.00,1.00
2017.12.15 19:39:22.216,0.78779,0.78789,1.50,1.25
2017.12.15 19:39:22.745,0.78778,0.78789,1.50,1.25
2017.12.15 19:39:23.502,0.78779,0.78789,1.00,1.25
2017.12.15 19:39:24.029,0.78779,0.78788,1.00,1.00
2017.12.15 19:39:24.622,0.78779,0.78789,1.00,1.12
2017.12.15 19:39:28.558,0.78779,0.7879,1.00,1.87
2017.12.15 19:39:37.794,0.78782,0.78793,1.00,2.44
2017.12.15 19:39:38.424,0.78782,0.78793,1.50,4.13
2017.12.15 19:39:39.310,0.78781,0.78791,1.25,1.00
2017.12.15 19:39:41.103,0.7878,0.78791,1.50,2.06
2017.12.15 19:39:42.296,0.7878,0.78791,1.00,2.81
2017.12.15 19:39:42.532,0.78781,0.78791,1.25,1.50
2017.12.15 19:39:43.522,0.7878,0.78791,1.69,1.50
2017.12.15 19:39:47.721,0.7878,0.78791,2.63,2.06
2017.12.15 19:39:49.448,0.7878,0.78789,1.69,1.00
2017.12.15 19:39:50.022,0.7878,0.7879,1.25,1.00
2017.12.15 19:39:50.553,0.7878,0.7879,1.00,1.31
2017.12.15 19:39:54.314,0.78779,0.7879,1.69,3.00
2017.12.15 19:39:58.666,0.7878,0.7879,1.00,1.00
2017.12.15 19:39:59.277,0.78779,0.7879,1.69,4.13
2017.12.15 19:39:59.379,0.78781,0.7879,1.00,2.25
2017.12.15 19:39:59.430,0.78779,0.7879,2.06,2.85
2017.12.15 19:39:59.481,0.78777,0.78787,4.88,1.13
2017.12.15 19:39:59.852,0.78776,0.78786,1.00,1.50
2017.12.15 19:40:00.264,0.78777,0.78787,1.00,1.00
2017.12.15 19:40:00.366,0.78779,0.7879,1.50,1.87
2017.12.15 19:40:00.917,0.7878,0.78791,2.06,2.06
2017.12.15 19:40:01.235,0.78782,0.78791,1.00,2.06
2017.12.15 19:40:01.890,0.78782,0.7879,1.00,1.44
2017.12.15 19:40:02.042,0.7878,0.7879,1.12,1.44
2017.12.15 19:40:02.347,0.78782,0.78791,1.00,2.06
2017.12.15 19:40:03.058,0.78781,0.78791,1.00,1.87
2017.12.15 19:40:03.630,0.78782,0.78791,1.00,2.06
2017.12.15 19:40:05.469,0.78781,0.78791,1.00,1.87
2017.12.15 19:40:06.871,0.78782,0.78791,1.00,2.06
2017.12.15 19:40:09.827,0.78782,0.78793,1.31,1.31
2017.12.15 19:40:10.584,0.78782,0.78792,2.06,1.00
2017.12.15 19:40:13.394,0.78782,0.78794,3.00,2.81
2017.12.15 19:40:18.359,0.78783,0.78794,1.25,3.41
2017.12.15 19:40:18.461,0.7878,0.78791,3.19,1.63
2017.12.15 19:40:19.085,0.78781,0.78791,1.00,1.50
2017.12.15 19:40:19.853,0.78781,0.78792,1.50,2.81
2017.12.15 19:40:20.769,0.7878,0.78791,2.63,1.31
2017.12.15 19:40:20.820,0.78782,0.78793,2.06,1.50
2017.12.15 19:40:21.126,0.78784,0.78795,1.69,3.19
2017.12.15 19:40:22.136,0.78784,0.78792,1.00,1.00
2017.12.15 19:40:22.696,0.78784,0.78793,1.00,1.31
2017.12.15 19:40:23.571,0.78784,0.78795,3.00,3.00
2017.12.15 19:40:24.330,0.78784,0.78793,2.25,1.00
2017.12.15 19:40:24.839,0.78784,0.78794,1.00,3.60
2017.12.15 19:40:25.428,0.78784,0.78794,1.87,1.31
2017.12.15 19:40:29.689,0.78784,0.78793,1.12,1.63
2017.12.15 19:40:31.793,0.78782,0.78792,2.06,1.44
2017.12.15 19:40:34.167,0.78781,0.78789,1.12,1.13
2017.12.15 19:40:34.489,0.78779,0.78786,1.00,1.44
2017.12.15 19:40:34.540,0.78776,0.78784,1.00,1.25
2017.12.15 19:40:35.125,0.78776,0.78785,1.00,1.31
2017.12.15 19:40:36.592,0.78776,0.78785,1.00,1.31
2017.12.15 19:40:37.922,0.78775,0.78785,1.25,2.06
2017.12.15 19:40:37.973,0.78775,0.78784,1.00,1.38
2017.12.15 19:40:38.563,0.78775,0.78783,1.00,1.13
2017.12.15 19:40:39.175,0.78775,0.78782,1.00,1.00
2017.12.15 19:40:39.935,0.78775,0.78783,1.00,1.13
2017.12.15 19:40:43.540,0.78775,0.78783,1.00,1.44
2017.12.15 19:40:45.817,0.78775,0.78783,1.00,1.00
2017.12.15 19:40:48.470,0.78775,0.78782,1.00,1.81
2017.12.15 19:40:48.572,0.78772,0.7878,1.00,1.31
2017.12.15 19:40:49.375,0.78772,0.7878,1.50,1.00
2017.12.15 19:40:49.805,0.78773,0.78783,1.88,1.50
2017.12.15 19:40:50.545,0.78772,0.78783,1.69,1.88
2017.12.15 19:40:51.070,0.78773,0.78783,1.25,1.50
2017.12.15 19:40:52.447,0.78772,0.78783,1.69,2.63
2017.12.15 19:40:53.423,0.78773,0.78783,1.00,2.63
2017.12.15 19:40:55.803,0.78774,0.78783,1.00,1.00
2017.12.15 19:40:56.572,0.78776,0.78785,1.00,1.00
2017.12.15 19:40:57.149,0.78777,0.78785,1.00,1.00
2017.12.15 19:41:02.581,0.78775,0.78784,2.25,2.06
2017.12.15 19:41:03.552,0.78775,0.78783,1.00,1.25
2017.12.15 19:41:24.927,0.78776,0.78784,1.25,1.00
2017.12.15 19:41:25.456,0.78777,0.78785,1.00,1.25
2017.12.15 19:41:25.787,0.78778,0.78785,1.44,1.00
2017.12.15 19:41:25.889,0.78782,0.78791,1.31,1.00
2017.12.15 19:41:26.292,0.78781,0.7879,1.25,1.00
2017.12.15 19:41:26.343,0.7878,0.78788,1.00,1.00
2017.12.15 19:41:26.926,0.78779,0.78787,1.50,1.00
2017.12.15 19:41:30.992,0.78777,0.78787,2.85,1.00
2017.12.15 19:41:31.200,0.78779,0.78787,1.00,1.00
2017.12.15 19:41:32.637,0.78779,0.78788,1.00,1.50
2017.12.15 19:41:50.066,0.78778,0.78788,1.00,1.50
2017.12.15 19:41:52.462,0.78778,0.78787,1.00,1.00
2017.12.15 19:41:52.974,0.78779,0.78787,1.00,1.00
2017.12.15 19:41:53.279,0.78779,0.78789,1.25,1.00
2017.12.15 19:41:53.790,0.7878,0.78789,1.00,1.00
2017.12.15 19:41:55.915,0.7878,0.7879,1.00,1.00
2017.12.15 19:41:57.120,0.78781,0.78791,1.00,2.10
2017.12.15 19:41:57.720,0.7878,0.78791,2.44,2.10
2017.12.15 19:42:09.707,0.78781,0.78791,1.00,2.10
2017.12.15 19:42:10.213,0.78781,0.7879,1.00,1.00
2017.12.15 19:42:10.736,0.7878,0.78788,1.12,1.00
2017.12.15 19:42:10.787,0.78778,0.78788,1.00,1.50
2017.12.15 19:42:11.362,0.78778,0.78787,1.00,1.00
2017.12.15 19:42:15.653,0.7878,0.78787,1.00,1.00
2017.12.15 19:42:15.705,0.78778,0.78787,1.12,1.00
2017.12.15 19:42:16.224,0.78777,0.78788,2.44,1.50
2017.12.15 19:42:17.602,0.78778,0.78786,1.00,1.00
2017.12.15 19:42:18.478,0.78778,0.78787,1.00,1.00
2017.12.15 19:42:20.019,0.78777,0.78787,3.00,1.00
2017.12.15 19:42:23.151,0.78777,0.78786,1.69,1.00
2017.12.15 19:42:23.771,0.78778,0.78786,1.00,1.00
2017.12.15 19:42:27.650,0.78777,0.78786,1.69,1.00
2017.12.15 19:42:32.601,0.78776,0.78785,1.19,1.00
2017.12.15 19:42:32.806,0.78778,0.78788,1.25,1.69
2017.12.15 19:42:33.017,0.78779,0.7879,1.25,2.44
2017.12.15 19:42:33.583,0.78779,0.7879,1.25,1.69
2017.12.15 19:42:33.635,0.78779,0.78788,1.00,1.00
2017.12.15 19:42:35.330,0.78779,0.78788,1.87,1.00
2017.12.15 19:42:35.433,0.78781,0.78791,3.04,1.00
2017.12.15 19:42:35.535,0.78782,0.78793,1.87,1.00
2017.12.15 19:42:36.237,0.78784,0.78794,1.00,1.69
2017.12.15 19:42:37.852,0.78785,0.78794,1.25,1.00
2017.12.15 19:42:38.541,0.78786,0.78796,1.00,2.44
2017.12.15 19:42:38.847,0.78789,0.78798,1.00,2.25
2017.12.15 19:42:39.314,0.78789,0.78796,1.00,1.00
2017.12.15 19:42:39.365,0.78786,0.78796,1.00,1.00
2017.12.15 19:42:40.721,0.78787,0.78797,1.00,1.25
2017.12.15 19:42:44.119,0.78787,0.78798,2.44,1.69
2017.12.15 19:42:44.374,0.7879,0.788,1.00,1.25
2017.12.15 19:42:46.179,0.7879,0.78798,1.00,1.25
2017.12.15 19:42:46.798,0.78789,0.78798,1.00,1.25
2017.12.15 19:42:49.212,0.78789,0.78799,1.50,1.00
2017.12.15 19:42:49.718,0.78789,0.78799,1.00,2.62
2017.12.15 19:42:52.178,0.7879,0.788,1.25,1.00
2017.12.15 19:42:52.229,0.78792,0.788,1.00,1.00
2017.12.15 19:42:53.157,0.78792,0.78801,1.00,1.00
2017.12.15 19:42:55.825,0.78792,0.78802,1.00,1.69
2017.12.15 19:43:01.113,0.78793,0.78802,1.12,1.00
2017.12.15 19:43:02.191,0.78796,0.78804,1.00,1.87
2017.12.15 19:43:05.902,0.78796,0.78805,1.00,1.00
2017.12.15 19:43:07.036,0.78795,0.78803,1.87,1.38
2017.12.15 19:43:07.189,0.78791,0.788,3.75,1.00
2017.12.15 19:43:07.291,0.78789,0.788,1.88,1.13
2017.12.15 19:43:07.560,0.78788,0.78798,1.00,2.63
2017.12.15 19:43:07.892,0.78788,0.78797,1.00,2.81
2017.12.15 19:43:12.487,0.78785,0.78796,2.25,2.06
2017.12.15 19:43:14.208,0.78785,0.78796,1.69,3.00
2017.12.15 19:43:15.371,0.78787,0.78797,1.00,3.00
2017.12.15 19:43:16.085,0.78788,0.78798,1.00,2.25
2017.12.15 19:43:17.249,0.78786,0.78796,1.25,1.25
2017.12.15 19:43:18.453,0.78787,0.78797,1.00,3.75
2017.12.15 19:43:18.605,0.78787,0.78799,2.63,3.56
2017.12.15 19:43:18.758,0.7879,0.78801,1.88,1.69
2017.12.15 19:43:20.868,0.78791,0.78802,1.88,1.69
2017.12.15 19:43:22.665,0.78791,0.78801,1.25,1.00
2017.12.15 19:43:23.467,0.78791,0.78802,1.25,3.38
2017.12.15 19:43:25.958,0.78791,0.78801,1.69,1.00
2017.12.15 19:43:27.950,0.78791,0.78802,1.69,3.38
2017.12.15 19:43:28.347,0.78793,0.78802,1.00,3.38
2017.12.15 19:43:28.879,0.78792,0.78802,1.25,1.69
2017.12.15 19:43:39.462,0.78794,0.78802,1.00,1.25
2017.12.15 19:43:40.137,0.78793,0.78802,1.00,1.25
2017.12.15 19:43:50.143,0.78794,0.78804,1.25,1.69
2017.12.15 19:43:50.652,0.78795,0.78804,1.00,2.63
2017.12.15 19:43:52.723,0.78794,0.78804,1.00,3.00
2017.12.15 19:43:53.031,0.78792,0.78802,2.44,1.25
2017.12.15 19:43:53.336,0.78795,0.78804,1.00,2.63
2017.12.15 19:43:57.973,0.78795,0.78804,1.50,1.13
2017.12.15 19:43:59.116,0.78795,0.78803,1.00,1.44
2017.12.15 19:43:59.631,0.78794,0.78803,1.00,1.44
2017.12.15 19:44:02.080,0.78793,0.78802,1.87,1.25
2017.12.15 19:44:02.722,0.78793,0.78802,2.06,1.13
2017.12.15 19:44:03.256,0.78793,0.78802,1.00,1.13
2017.12.15 19:44:03.817,0.78794,0.78804,1.00,1.31
2017.12.15 19:44:03.919,0.78797,0.78807,1.00,3.56
2017.12.15 19:44:04.422,0.78798,0.78807,1.00,2.06
2017.12.15 19:44:05.627,0.78796,0.78807,1.25,2.06
2017.12.15 19:44:07.091,0.78797,0.78807,1.00,1.88
2017.12.15 19:44:07.657,0.78798,0.78807,1.12,1.63
2017.12.15 19:44:09.083,0.78798,0.78808,1.31,1.50
2017.12.15 19:44:10.561,0.78798,0.78808,1.12,1.25
2017.12.15 19:44:19.391,0.78798,0.78809,1.12,1.25
2017.12.15 19:44:19.906,0.78797,0.78808,3.19,1.88
2017.12.15 19:44:20.912,0.78797,0.78808,3.38,1.38
2017.12.15 19:44:23.038,0.78798,0.78809,1.12,2.06
2017.12.15 19:44:23.844,0.78798,0.7881,2.25,2.63
2017.12.15 19:44:24.511,0.788,0.78811,1.00,3.75
2017.12.15 19:44:40.862,0.78802,0.78811,1.50,1.25
2017.12.15 19:44:41.555,0.78803,0.78813,1.00,2.44
2017.12.15 19:44:42.940,0.78803,0.78813,1.00,1.50
2017.12.15 19:44:43.772,0.78802,0.78809,1.12,1.50
2017.12.15 19:44:43.874,0.78798,0.78809,3.19,1.50
2017.12.15 19:44:44.129,0.788,0.78811,1.00,2.44
2017.12.15 19:44:44.725,0.78799,0.78811,1.88,2.06
2017.12.15 19:44:45.097,0.78801,0.78812,1.69,3.56
2017.12.15 19:44:59.834,0.78803,0.78813,1.00,1.38
2017.12.15 19:45:00.038,0.78804,0.78814,1.00,2.25
2017.12.15 19:45:00.568,0.78803,0.78813,1.25,1.25
2017.12.15 19:45:00.619,0.78803,0.78813,1.25,1.38
2017.12.15 19:45:00.743,0.78803,0.78813,1.25,1.25
2017.12.15 19:45:01.296,0.78803,0.78814,1.25,2.63
2017.12.15 19:45:01.897,0.78803,0.78814,1.25,2.63
2017.12.15 19:45:02.658,0.78803,0.78813,1.31,1.31
2017.12.15 19:45:03.366,0.78803,0.78812,1.25,1.13
2017.12.15 19:45:14.613,0.78803,0.78811,1.00,1.31
2017.12.15 19:45:14.884,0.78793,0.78802,1.44,1.00
2017.12.15 19:45:20.024,0.78797,0.78805,1.00,1.25
2017.12.15 19:45:20.617,0.78796,0.78805,1.25,1.25
2017.12.15 19:45:21.357,0.78795,0.78805,1.25,1.69
2017.12.15 19:45:22.509,0.78794,0.78803,1.25,1.00
2017.12.15 19:45:22.661,0.78794,0.78805,2.25,1.88
2017.12.15 19:45:23.192,0.78794,0.78805,1.25,2.63
2017.12.15 19:45:23.344,0.78795,0.78805,1.31,2.63
2017.12.15 19:45:24.024,0.78795,0.78805,1.25,1.69
2017.12.15 19:45:28.052,0.78795,0.78805,1.25,2.25
2017.12.15 19:45:28.360,0.78793,0.78802,2.25,1.00
2017.12.15 19:45:31.283,0.78795,0.78802,1.00,1.00
2017.12.15 19:45:33.015,0.78794,0.78803,1.31,1.25
2017.12.15 19:45:43.074,0.78793,0.78803,1.13,1.88
2017.12.15 19:45:43.630,0.78793,0.78802,1.13,1.00
2017.12.15 19:45:44.908,0.78792,0.78801,1.31,1.25
2017.12.15 19:45:45.263,0.78794,0.78804,1.00,2.63
2017.12.15 19:45:45.416,0.78796,0.78805,1.00,1.12
2017.12.15 19:45:45.757,0.78798,0.78806,1.00,1.31
2017.12.15 19:45:45.960,0.78792,0.78802,1.00,1.00
2017.12.15 19:45:46.464,0.78793,0.78802,1.00,1.00
2017.12.15 19:45:47.768,0.78793,0.78802,1.00,1.44
2017.12.15 19:45:53.129,0.78792,0.78802,1.00,1.25
2017.12.15 19:45:53.638,0.78793,0.78802,1.00,1.13
2017.12.15 19:46:00.348,0.78792,0.78802,3.00,1.00
2017.12.15 19:46:00.947,0.78792,0.78801,1.00,1.25
2017.12.15 19:46:04.400,0.78792,0.78802,1.00,1.69
2017.12.15 19:46:09.237,0.78792,0.78801,1.00,1.00
2017.12.15 19:46:13.859,0.78792,0.78802,1.00,1.25
2017.12.15 19:46:15.372,0.78792,0.78801,1.00,1.00
2017.12.15 19:46:20.692,0.78795,0.78803,1.00,1.00
2017.12.15 19:46:20.745,0.78795,0.78806,2.81,1.69
2017.12.15 19:46:22.228,0.78795,0.78805,2.62,1.00
2017.12.15 19:46:24.290,0.78795,0.78806,1.87,1.69
2017.12.15 19:46:24.799,0.78795,0.78804,1.00,1.44
2017.12.15 19:46:25.336,0.78795,0.78805,2.06,1.69
2017.12.15 19:46:26.326,0.78795,0.78806,3.56,1.88
2017.12.15 19:46:27.693,0.78797,0.78806,1.00,1.88
2017.12.15 19:46:28.259,0.78796,0.78805,1.25,1.25
2017.12.15 19:46:33.058,0.78796,0.78804,1.00,1.00
2017.12.15 19:46:33.623,0.78796,0.78804,1.00,1.44
2017.12.15 19:46:34.410,0.78796,0.78805,1.00,1.44
2017.12.15 19:46:37.086,0.78795,0.78805,2.25,1.44
2017.12.15 19:46:39.333,0.78795,0.78805,1.50,1.69
2017.12.15 19:46:42.927,0.78796,0.78806,1.00,2.06
2017.12.15 19:46:44.660,0.78795,0.78806,1.50,2.81
2017.12.15 19:46:45.298,0.78795,0.78804,1.00,2.06
2017.12.15 19:46:45.494,0.78793,0.78804,2.44,3.00
2017.12.15 19:46:46.471,0.78792,0.788,1.00,1.00
2017.12.15 19:46:47.256,0.78791,0.788,1.00,1.00
2017.12.15 19:46:48.659,0.7879,0.788,1.50,1.00
2017.12.15 19:46:51.126,0.7879,0.78801,2.25,2.25
2017.12.15 19:46:51.646,0.78791,0.78802,1.25,2.25
2017.12.15 19:46:53.001,0.78791,0.78802,1.00,1.87
2017.12.15 19:46:53.334,0.7879,0.78799,1.50,1.25
2017.12.15 19:46:58.962,0.78792,0.78801,1.00,1.25
2017.12.15 19:47:01.045,0.78792,0.788,1.00,1.44
2017.12.15 19:47:03.178,0.78792,0.78801,1.00,1.44
2017.12.15 19:47:07.459,0.78789,0.78799,1.00,1.25
2017.12.15 19:47:08.304,0.7879,0.788,1.00,1.31
2017.12.15 19:47:14.495,0.78791,0.78801,1.00,3.00
2017.12.15 19:47:25.406,0.78791,0.78799,1.00,1.44
2017.12.15 19:47:26.660,0.78791,0.788,1.00,1.44
2017.12.15 19:47:26.898,0.78789,0.788,1.25,1.44
2017.12.15 19:47:27.279,0.78791,0.788,1.00,1.25
2017.12.15 19:47:27.817,0.78791,0.78799,1.00,1.13
2017.12.15 19:47:28.322,0.78789,0.78799,1.69,1.13
2017.12.15 19:47:28.525,0.78789,0.78798,1.50,1.44
2017.12.15 19:47:29.053,0.78789,0.78798,1.00,1.69
2017.12.15 19:47:34.346,0.78788,0.78797,1.44,1.13
2017.12.15 19:47:39.158,0.78791,0.78798,1.00,1.00
2017.12.15 19:47:39.209,0.78793,0.78802,1.50,1.50
2017.12.15 19:47:39.261,0.78795,0.78804,1.12,1.81
2017.12.15 19:47:39.771,0.78796,0.78803,1.00,1.50
2017.12.15 19:47:40.566,0.78795,0.78803,1.87,1.31
2017.12.15 19:47:42.215,0.78793,0.78802,1.12,1.19
2017.12.15 19:47:45.573,0.78794,0.78802,1.00,1.19
2017.12.15 19:47:46.371,0.78793,0.78804,2.06,3.56
2017.12.15 19:47:54.167,0.78791,0.78801,1.50,1.13
2017.12.15 19:47:59.145,0.78793,0.78803,1.00,1.69
2017.12.15 19:48:00.233,0.78794,0.78802,1.00,1.00
2017.12.15 19:48:00.743,0.78793,0.78803,1.88,1.25
2017.12.15 19:48:02.077,0.78793,0.78801,1.50,1.00
2017.12.15 19:48:02.717,0.78791,0.78801,2.63,1.25
2017.12.15 19:48:04.640,0.78791,0.78802,1.69,2.25
2017.12.15 19:48:05.412,0.78791,0.788,1.00,1.44
2017.12.15 19:48:05.633,0.78791,0.78801,1.25,1.25
2017.12.15 19:48:06.217,0.78792,0.78802,1.00,1.88
2017.12.15 19:48:07.200,0.78791,0.78801,1.00,1.00
2017.12.15 19:48:07.749,0.78792,0.78802,1.00,1.44
2017.12.15 19:48:08.278,0.78793,0.78802,1.00,1.13
2017.12.15 19:48:08.808,0.78793,0.78801,1.00,1.25
2017.12.15 19:48:09.878,0.78793,0.78803,1.00,1.88
2017.12.15 19:48:10.451,0.78793,0.78803,1.00,1.25
2017.12.15 19:48:23.051,0.78791,0.78802,1.69,2.63
2017.12.15 19:48:24.078,0.78788,0.78798,2.06,1.44
2017.12.15 19:48:24.642,0.78789,0.78798,1.00,1.13
2017.12.15 19:48:25.501,0.7879,0.78798,1.00,1.13
2017.12.15 19:48:25.785,0.78788,0.78798,1.88,1.44
2017.12.15 19:48:27.479,0.78787,0.78798,1.69,1.44
2017.12.15 19:48:30.191,0.78788,0.78798,1.00,1.44
2017.12.15 19:48:31.734,0.78788,0.78797,1.00,1.88
2017.12.15 19:48:32.258,0.78785,0.78795,2.63,1.00
2017.12.15 19:48:33.274,0.78786,0.78797,1.56,2.63
2017.12.15 19:48:35.997,0.78787,0.78797,1.31,1.88
2017.12.15 19:48:37.770,0.78787,0.78797,1.25,1.88
2017.12.15 19:48:41.408,0.78787,0.78797,1.31,1.88
2017.12.15 19:48:50.017,0.78787,0.78797,1.63,1.25
2017.12.15 19:48:51.125,0.78788,0.78795,1.44,1.00
2017.12.15 19:48:53.045,0.78788,0.78795,1.00,1.00
2017.12.15 19:48:53.096,0.78786,0.78795,1.25,1.00
2017.12.15 19:48:53.300,0.78787,0.78797,1.00,1.31
2017.12.15 19:48:53.858,0.78788,0.78798,1.00,1.88
2017.12.15 19:48:58.303,0.78787,0.78797,1.12,1.13
2017.12.15 19:48:58.811,0.78786,0.78796,2.25,1.00
2017.12.15 19:48:59.398,0.78788,0.78796,1.50,1.13
2017.12.15 19:48:59.938,0.78786,0.78796,2.63,1.13
2017.12.15 19:49:02.197,0.78789,0.78798,1.69,1.00
2017.12.15 19:49:02.299,0.78791,0.78802,1.69,2.25
2017.12.15 19:49:03.122,0.78792,0.78802,1.00,3.00
2017.12.15 19:49:03.887,0.78791,0.78802,2.44,3.19
2017.12.15 19:49:04.687,0.7879,0.788,1.25,1.50
2017.12.15 19:49:05.205,0.78789,0.78799,1.12,2.25
2017.12.15 19:49:05.746,0.78789,0.78798,1.00,1.00
2017.12.15 19:49:06.122,0.78787,0.78798,4.16,2.81
2017.12.15 19:49:09.660,0.78788,0.78798,1.00,1.25
2017.12.15 19:49:10.182,0.78789,0.78798,1.25,1.00
2017.12.15 19:49:11.325,0.78788,0.788,3.23,2.44
2017.12.15 19:49:11.904,0.78791,0.78798,1.00,1.00
2017.12.15 19:49:12.006,0.78788,0.78799,2.29,1.13
2017.12.15 19:49:15.272,0.7879,0.78798,1.00,1.00
2017.12.15 19:49:15.789,0.7879,0.78799,1.00,1.13
2017.12.15 19:49:23.082,0.78786,0.78795,1.69,1.00
2017.12.15 19:49:23.134,0.78785,0.78795,1.13,1.31
2017.12.15 19:49:23.438,0.78788,0.78797,1.00,1.88
2017.12.15 19:49:24.063,0.78785,0.78796,4.88,1.25
2017.12.15 19:49:24.216,0.78788,0.78797,1.00,1.88
2017.12.15 19:49:25.988,0.78788,0.78797,1.88,1.00
2017.12.15 19:49:26.293,0.78791,0.788,1.50,1.25
2017.12.15 19:49:26.754,0.78792,0.78802,1.69,1.69
2017.12.15 19:49:27.093,0.78792,0.788,1.50,1.00
2017.12.15 19:49:27.637,0.78791,0.78801,1.50,1.44
2017.12.15 19:49:28.737,0.78791,0.78802,2.06,2.63
2017.12.15 19:49:29.596,0.78793,0.78802,1.00,2.63
2017.12.15 19:49:30.166,0.78792,0.78802,1.25,2.63
2017.12.15 19:49:39.704,0.78792,0.788,1.00,1.00
2017.12.15 19:49:41.133,0.78792,0.788,1.00,1.88
2017.12.15 19:49:41.637,0.78791,0.788,1.00,1.88
2017.12.15 19:49:42.159,0.78793,0.788,1.00,1.25
2017.12.15 19:49:42.261,0.7879,0.788,1.38,1.25
2017.12.15 19:49:42.775,0.78792,0.788,1.00,1.25
2017.12.15 19:49:43.316,0.78791,0.788,1.00,1.88
2017.12.15 19:49:47.113,0.7879,0.788,1.25,1.25
2017.12.15 19:49:47.669,0.78792,0.788,1.00,1.88
2017.12.15 19:49:47.954,0.7879,0.78799,1.00,1.00
2017.12.15 19:49:48.459,0.7879,0.788,1.00,2.63
2017.12.15 19:49:48.510,0.78792,0.788,1.00,1.88
2017.12.15 19:49:49.044,0.78791,0.788,1.00,1.25
2017.12.15 19:49:50.166,0.7879,0.78799,1.00,1.00
2017.12.15 19:49:51.186,0.78789,0.78799,1.88,1.88
2017.12.15 19:49:53.079,0.78791,0.788,1.25,2.44
2017.12.15 19:49:53.834,0.78789,0.788,2.25,1.88
2017.12.15 19:49:54.139,0.78788,0.78799,1.88,2.63
2017.12.15 19:49:55.073,0.78791,0.78799,1.00,1.88
2017.12.15 19:49:55.749,0.7879,0.78799,1.00,1.88
2017.12.15 19:49:57.047,0.7879,0.78799,1.00,1.69
2017.12.15 19:49:58.323,0.78792,0.788,1.00,1.25
2017.12.15 19:49:59.278,0.78791,0.788,1.13,1.88
2017.12.15 19:50:00.324,0.78793,0.788,1.00,1.25
2017.12.15 19:50:00.875,0.78792,0.788,1.00,1.25
2017.12.15 19:50:02.396,0.78792,0.78801,1.31,1.88
2017.12.15 19:50:05.083,0.78791,0.78799,1.44,1.25
2017.12.15 19:50:05.187,0.7879,0.78798,1.69,1.13
2017.12.15 19:50:05.887,0.7879,0.78799,2.25,1.44
2017.12.15 19:50:06.453,0.7879,0.78798,1.25,1.13
2017.12.15 19:50:07.034,0.7879,0.788,1.69,1.88
2017.12.15 19:50:08.459,0.7879,0.78798,1.25,1.13
2017.12.15 19:50:09.070,0.7879,0.78797,1.25,1.13
2017.12.15 19:50:13.854,0.78789,0.78798,1.50,1.13
2017.12.15 19:50:14.615,0.78791,0.78798,1.00,1.13
2017.12.15 19:50:15.598,0.7879,0.78798,1.25,1.13
2017.12.15 19:50:20.457,0.78789,0.78797,1.50,1.00
2017.12.15 19:50:21.100,0.7879,0.78798,1.25,1.13
2017.12.15 19:50:23.124,0.78788,0.78798,1.75,1.25
2017.12.15 19:50:23.877,0.78791,0.78799,1.31,2.25
2017.12.15 19:50:23.929,0.78793,0.788,1.00,1.69
2017.12.15 19:50:24.181,0.78789,0.78799,1.25,1.25
2017.12.15 19:50:24.233,0.78791,0.78798,1.25,1.25
2017.12.15 19:50:24.866,0.78791,0.788,1.00,1.88
2017.12.15 19:50:25.459,0.78791,0.788,1.00,1.25
2017.12.15 19:50:28.413,0.7879,0.788,1.25,1.88
2017.12.15 19:50:31.985,0.7879,0.78799,1.00,1.00
2017.12.15 19:50:33.148,0.7879,0.788,1.00,2.63
2017.12.15 19:50:34.735,0.7879,0.78799,1.00,1.00
2017.12.15 19:50:36.307,0.7879,0.78799,1.00,1.44
2017.12.15 19:50:37.160,0.7879,0.78799,1.00,1.25
2017.12.15 19:50:38.231,0.78788,0.78799,2.44,1.69
2017.12.15 19:50:38.779,0.7879,0.78799,1.00,1.69
2017.12.15 19:50:39.772,0.78789,0.78799,1.00,1.13
2017.12.15 19:50:46.934,0.78789,0.78798,1.00,1.00
2017.12.15 19:50:47.761,0.7879,0.78799,1.00,1.88
2017.12.15 19:50:48.346,0.78789,0.78799,1.00,1.88
2017.12.15 19:50:49.967,0.78791,0.78799,1.00,1.13
2017.12.15 19:50:51.260,0.7879,0.78799,1.31,1.25
2017.12.15 19:50:53.369,0.78791,0.78799,1.00,1.50
2017.12.15 19:50:53.622,0.78789,0.78799,1.00,2.63
2017.12.15 19:50:54.198,0.78788,0.78799,3.00,2.63
2017.12.15 19:50:54.383,0.7879,0.78799,1.00,1.88
2017.12.15 19:50:57.387,0.78792,0.78801,1.13,2.44
2017.12.15 19:50:59.240,0.78792,0.78802,1.00,1.69
2017.12.15 19:51:00.706,0.78791,0.78799,1.00,1.00
2017.12.15 19:51:00.758,0.78789,0.78799,1.31,1.50
2017.12.15 19:51:01.280,0.7879,0.78798,1.00,1.25
2017.12.15 19:51:01.599,0.78792,0.78798,1.00,1.00
2017.12.15 19:51:01.820,0.7879,0.78798,1.13,1.00
2017.12.15 19:51:03.796,0.78791,0.78798,1.00,1.13
2017.12.15 19:51:04.289,0.78792,0.788,1.00,1.69
2017.12.15 19:51:04.952,0.78791,0.78801,1.88,1.88
2017.12.15 19:51:05.670,0.78791,0.78801,1.25,1.88
2017.12.15 19:51:08.918,0.78793,0.78802,1.00,2.63
2017.12.15 19:51:09.443,0.78793,0.78802,1.25,1.69
2017.12.15 19:51:09.980,0.78792,0.78802,1.25,2.63
2017.12.15 19:51:12.026,0.78794,0.78803,2.06,1.25
2017.12.15 19:51:12.665,0.78794,0.78804,1.87,1.88
2017.12.15 19:51:13.612,0.78794,0.78804,2.25,1.00
2017.12.15 19:51:14.215,0.78795,0.78804,1.00,1.88
2017.12.15 19:51:14.794,0.78795,0.78805,1.00,1.88
2017.12.15 19:51:15.481,0.78796,0.78805,1.50,1.88
2017.12.15 19:51:16.213,0.78795,0.78805,1.50,1.88
2017.12.15 19:51:19.795,0.78795,0.78805,2.06,1.44
2017.12.15 19:51:20.322,0.78796,0.78806,1.13,2.63
2017.12.15 19:51:21.431,0.78798,0.78807,1.00,2.25
2017.12.15 19:51:22.089,0.78797,0.78808,2.63,1.88
2017.12.15 19:51:22.592,0.78798,0.78808,1.00,1.88
2017.12.15 19:51:23.141,0.78797,0.78808,1.69,1.88
2017.12.15 19:51:23.988,0.78798,0.78808,1.00,1.88
2017.12.15 19:51:24.301,0.78797,0.78806,1.69,1.44
2017.12.15 19:51:27.193,0.78799,0.78807,1.00,1.25
2017.12.15 19:51:27.960,0.78798,0.78807,2.25,1.25
2017.12.15 19:51:34.083,0.788,0.78809,1.25,1.69
2017.12.15 19:51:34.388,0.78802,0.78811,1.00,1.88
2017.12.15 19:51:34.728,0.78801,0.78809,1.00,1.44
2017.12.15 19:51:34.962,0.78801,0.78811,1.69,1.88
2017.12.15 19:51:35.848,0.78799,0.78808,2.63,1.00
2017.12.15 19:51:36.352,0.78799,0.78808,1.25,1.44
2017.12.15 19:51:37.396,0.78799,0.78808,1.25,1.25
2017.12.15 19:51:41.881,0.788,0.78808,1.00,1.13
2017.12.15 19:51:42.391,0.78799,0.78808,1.25,1.13
2017.12.15 19:51:44.655,0.788,0.7881,1.50,1.69
2017.12.15 19:51:45.249,0.788,0.78811,2.81,1.88
2017.12.15 19:51:45.796,0.788,0.78811,4.31,1.25
2017.12.15 19:51:46.770,0.788,0.7881,2.81,1.44
2017.12.15 19:51:49.753,0.788,0.7881,2.06,1.13
2017.12.15 19:51:50.838,0.788,0.7881,1.69,2.63
2017.12.15 19:51:51.171,0.78799,0.78808,1.31,1.44
2017.12.15 19:51:51.675,0.788,0.78808,1.00,1.13
2017.12.15 19:51:52.214,0.78798,0.78808,2.06,1.38
2017.12.15 19:51:53.140,0.78798,0.78807,1.00,1.13
2017.12.15 19:51:54.382,0.78797,0.78807,1.25,1.25
2017.12.15 19:51:54.916,0.788,0.78808,1.00,1.00
2017.12.15 19:51:55.324,0.78802,0.7881,1.00,1.25
2017.12.15 19:52:07.485,0.78801,0.78811,1.87,1.88
2017.12.15 19:52:08.015,0.78799,0.7881,2.44,1.13
2017.12.15 19:52:08.067,0.78802,0.7881,1.00,1.13
2017.12.15 19:52:15.204,0.78802,0.78811,1.00,1.25
2017.12.15 19:52:15.306,0.78803,0.78813,1.00,1.25
2017.12.15 19:52:15.493,0.78803,0.78814,1.25,2.25
2017.12.15 19:52:15.595,0.78799,0.78809,1.00,1.44
2017.12.15 19:52:16.103,0.788,0.78809,1.00,2.63
2017.12.15 19:52:16.187,0.78798,0.78809,1.69,2.63
2017.12.15 19:52:17.360,0.78802,0.7881,1.00,1.88
2017.12.15 19:52:18.166,0.78802,0.78808,1.00,1.00
2017.12.15 19:52:18.712,0.78801,0.7881,1.00,1.25
2017.12.15 19:52:19.250,0.78801,0.78811,3.00,1.69
2017.12.15 19:52:20.762,0.78803,0.78812,1.00,1.31
2017.12.15 19:52:21.955,0.78803,0.78811,1.37,1.25
2017.12.15 19:52:22.262,0.78801,0.78811,2.25,1.88
2017.12.15 19:52:22.944,0.78803,0.78811,1.00,2.06
2017.12.15 19:52:23.096,0.78805,0.78813,1.00,2.44
2017.12.15 19:52:23.606,0.78803,0.78811,1.12,1.25
2017.12.15 19:52:27.372,0.78803,0.78809,1.00,1.13
2017.12.15 19:52:27.917,0.78804,0.78811,1.00,2.81
2017.12.15 19:52:28.627,0.78804,0.78812,1.00,1.25
2017.12.15 19:52:28.781,0.78805,0.7881,1.00,1.00
2017.12.15 19:52:28.833,0.78803,0.7881,1.00,1.00
2017.12.15 19:52:28.884,0.78801,0.78809,1.00,1.44
2017.12.15 19:52:28.986,0.78799,0.78809,1.50,1.44
2017.12.15 19:52:29.138,0.78801,0.78809,1.00,1.44
2017.12.15 19:52:30.107,0.78799,0.78808,1.50,1.13
2017.12.15 19:52:30.263,0.78805,0.78812,1.00,1.69
2017.12.15 19:52:30.314,0.78805,0.78814,1.00,2.06
2017.12.15 19:52:31.235,0.78805,0.78814,1.12,1.69
2017.12.15 19:52:35.251,0.78808,0.78814,1.00,1.25
2017.12.15 19:52:35.757,0.78807,0.78814,1.00,1.00
2017.12.15 19:52:36.535,0.78808,0.78814,1.00,1.00
2017.12.15 19:52:38.610,0.78808,0.78815,1.00,1.88
2017.12.15 19:52:44.026,0.78809,0.78815,1.00,1.00
2017.12.15 19:52:45.699,0.78808,0.78815,1.00,1.00
2017.12.15 19:52:46.871,0.78807,0.78815,1.00,1.88
2017.12.15 19:52:48.673,0.78809,0.78816,1.00,1.88
2017.12.15 19:52:49.189,0.78808,0.78814,1.00,1.00
2017.12.15 19:52:49.931,0.78808,0.78815,1.00,2.06
2017.12.15 19:52:51.771,0.78809,0.78816,1.00,1.13
2017.12.15 19:53:03.557,0.78808,0.78814,1.00,1.00
2017.12.15 19:53:03.608,0.78806,0.78814,1.00,1.88
2017.12.15 19:53:04.316,0.78805,0.78813,1.00,1.00
2017.12.15 19:53:04.663,0.78807,0.78815,1.00,1.88
2017.12.15 19:53:05.904,0.78808,0.78815,1.00,1.25
2017.12.15 19:53:06.612,0.78809,0.78817,1.00,1.88
2017.12.15 19:53:06.917,0.78811,0.78818,1.00,1.69
2017.12.15 19:53:08.989,0.7881,0.78818,1.00,2.44
2017.12.15 19:53:09.511,0.78811,0.78818,1.00,2.63
2017.12.15 19:53:10.805,0.7881,0.78818,1.00,1.69
2017.12.15 19:53:11.361,0.78811,0.78818,1.00,1.25
2017.12.15 19:53:13.410,0.7881,0.78818,1.00,1.13
2017.12.15 19:53:14.271,0.78811,0.78818,1.00,1.25
2017.12.15 19:53:15.521,0.78812,0.7882,1.00,2.63
2017.12.15 19:53:22.844,0.78813,0.7882,1.00,1.44
2017.12.15 19:53:23.144,0.78811,0.78818,1.00,1.00
2017.12.15 19:53:23.868,0.78811,0.78819,1.00,1.88
2017.12.15 19:53:24.235,0.78811,0.78817,1.00,1.00
2017.12.15 19:53:24.388,0.78811,0.78819,1.00,1.88
2017.12.15 19:53:25.290,0.78812,0.78819,1.00,1.13
2017.12.15 19:53:31.526,0.78811,0.78819,1.00,2.63
2017.12.15 19:53:32.092,0.78812,0.7882,1.00,2.63
2017.12.15 19:53:32.642,0.78811,0.78819,1.00,3.75
2017.12.15 19:53:35.446,0.78812,0.78818,1.00,1.00
2017.12.15 19:53:36.065,0.78812,0.78819,1.00,1.13
2017.12.15 19:53:40.454,0.7881,0.78818,1.00,1.60
2017.12.15 19:53:40.663,0.78807,0.78815,1.00,1.50
2017.12.15 19:53:40.717,0.78808,0.78813,1.00,1.00
2017.12.15 19:53:40.819,0.78808,0.78815,1.00,1.00
2017.12.15 19:53:41.455,0.78807,0.78815,1.00,1.13
2017.12.15 19:53:41.506,0.78807,0.78815,1.00,2.25
2017.12.15 19:53:42.032,0.78806,0.78814,1.00,1.88
2017.12.15 19:53:42.608,0.78807,0.78814,1.00,1.13
2017.12.15 19:53:43.110,0.78806,0.78814,1.00,3.38
2017.12.15 19:53:44.151,0.78807,0.78814,1.00,1.88
2017.12.15 19:53:46.211,0.78806,0.78814,1.00,2.81
2017.12.15 19:53:47.610,0.78807,0.78814,1.00,2.63
2017.12.15 19:53:50.051,0.78808,0.78814,1.00,1.50
2017.12.15 19:53:50.561,0.78809,0.78816,1.00,1.31
2017.12.15 19:53:56.334,0.78808,0.78815,1.00,1.25
2017.12.15 19:53:57.073,0.78809,0.78816,1.00,1.50
2017.12.15 19:54:01.818,0.7881,0.78817,1.00,1.44
2017.12.15 19:54:02.785,0.7881,0.78814,1.00,1.00
2017.12.15 19:54:03.020,0.7881,0.78818,1.00,3.56
2017.12.15 19:54:04.660,0.78809,0.78814,1.00,1.25
2017.12.15 19:54:10.063,0.78807,0.78815,1.00,2.06
2017.12.15 19:54:10.581,0.78806,0.78814,1.00,1.31
2017.12.15 19:54:11.089,0.78807,0.78815,1.00,3.19
2017.12.15 19:54:12.130,0.78806,0.78813,1.00,1.25
2017.12.15 19:54:14.191,0.78807,0.78813,1.00,1.25
2017.12.15 19:54:15.475,0.78808,0.78815,1.00,1.69
2017.12.15 19:54:16.009,0.78808,0.78814,1.00,1.00
2017.12.15 19:54:19.191,0.78807,0.78814,1.00,1.00
2017.12.15 19:54:19.408,0.78806,0.78812,1.12,1.00
2017.12.15 19:54:19.511,0.78804,0.78811,1.00,1.31
2017.12.15 19:54:19.917,0.78806,0.78813,1.00,1.31
2017.12.15 19:54:22.703,0.78807,0.78814,1.00,1.44
2017.12.15 19:54:27.737,0.78808,0.78814,1.00,1.25
2017.12.15 19:54:28.798,0.78807,0.78814,1.00,1.25
2017.12.15 19:54:30.280,0.78808,0.78814,1.00,1.25
2017.12.15 19:54:32.928,0.78811,0.78817,1.00,1.44
2017.12.15 19:54:33.275,0.78808,0.78815,1.00,1.00
2017.12.15 19:54:33.377,0.78805,0.78813,1.50,1.00
2017.12.15 19:54:33.784,0.78807,0.78814,1.00,1.25
2017.12.15 19:54:34.269,0.78805,0.78813,1.00,1.00
2017.12.15 19:54:34.840,0.78807,0.78815,1.00,2.63
2017.12.15 19:54:35.392,0.78809,0.78816,1.00,1.25
2017.12.15 19:54:35.926,0.7881,0.78817,1.00,1.44
2017.12.15 19:54:36.934,0.78809,0.78816,1.00,1.25
2017.12.15 19:54:37.470,0.7881,0.78817,1.00,1.88
2017.12.15 19:54:37.777,0.78807,0.78815,1.50,1.88
2017.12.15 19:54:38.294,0.78808,0.78816,1.00,2.63
2017.12.15 19:54:41.901,0.78807,0.78815,1.69,1.25
2017.12.15 19:54:42.196,0.78809,0.78816,1.00,1.69
2017.12.15 19:54:44.251,0.7881,0.78817,1.00,3.00
2017.12.15 19:54:45.858,0.78808,0.78816,1.00,1.25
2017.12.15 19:54:47.485,0.78809,0.78817,1.00,2.63
2017.12.15 19:54:48.017,0.7881,0.78818,1.00,2.63
2017.12.15 19:54:50.404,0.78808,0.78815,1.00,1.88
2017.12.15 19:54:50.609,0.78804,0.78812,1.00,2.25
2017.12.15 19:54:50.661,0.78804,0.78812,1.00,1.88
2017.12.15 19:54:50.865,0.78805,0.78812,1.00,1.25
2017.12.15 19:54:51.308,0.78803,0.78811,1.00,1.44
2017.12.15 19:54:52.100,0.78803,0.78809,1.00,1.00
2017.12.15 19:54:53.123,0.78803,0.7881,1.00,1.69
2017.12.15 19:54:57.093,0.78804,0.78811,1.00,1.44
2017.12.15 19:54:57.667,0.78805,0.78811,1.00,1.00
2017.12.15 19:54:58.257,0.78806,0.78811,1.00,1.00
2017.12.15 19:55:00.742,0.78805,0.78811,1.00,1.00
2017.12.15 19:55:04.302,0.78806,0.78812,1.00,1.25
2017.12.15 19:55:07.499,0.78804,0.7881,1.00,1.00
2017.12.15 19:55:08.124,0.78805,0.78811,1.00,1.25
2017.12.15 19:55:09.410,0.78805,0.78812,1.00,1.13
2017.12.15 19:55:09.949,0.78805,0.78811,1.00,1.00
2017.12.15 19:55:10.581,0.78805,0.78812,1.00,1.13
2017.12.15 19:55:11.610,0.78805,0.78811,1.00,1.00
2017.12.15 19:55:12.631,0.78804,0.78811,1.00,1.50
2017.12.15 19:55:13.795,0.78805,0.78811,1.00,1.13
2017.12.15 19:55:15.180,0.78806,0.78812,1.00,1.88
2017.12.15 19:55:16.271,0.78806,0.78812,1.00,1.69
2017.12.15 19:55:26.614,0.78805,0.7881,1.00,1.00
2017.12.15 19:55:26.665,0.78803,0.7881,1.00,1.88
2017.12.15 19:55:26.768,0.78805,0.78811,1.00,1.25
2017.12.15 19:55:26.872,0.78807,0.78814,1.00,1.31
2017.12.15 19:55:27.417,0.78808,0.78815,1.00,1.69
2017.12.15 19:55:31.194,0.78808,0.78816,2.25,1.88
2017.12.15 19:55:31.853,0.7881,0.78816,1.00,1.88
2017.12.15 19:55:33.574,0.7881,0.78817,1.00,3.23
2017.12.15 19:55:34.323,0.78809,0.78817,1.00,2.48
2017.12.15 19:55:36.108,0.78808,0.78816,1.50,1.13
2017.12.15 19:55:37.068,0.78807,0.78815,2.25,1.50
2017.12.15 19:55:37.119,0.78805,0.78813,3.75,1.44
2017.12.15 19:55:37.374,0.78802,0.7881,1.50,1.44
2017.12.15 19:55:37.536,0.78804,0.78811,1.00,1.44
2017.12.15 19:55:39.426,0.78806,0.78814,1.00,3.38
2017.12.15 19:55:39.477,0.78811,0.78816,1.00,1.25
2017.12.15 19:55:41.254,0.7881,0.78814,1.00,1.00
2017.12.15 19:55:41.305,0.7881,0.78818,1.00,2.44
2017.12.15 19:55:41.813,0.78809,0.78815,1.00,1.00
2017.12.15 19:55:42.427,0.78809,0.78816,1.50,1.25
2017.12.15 19:55:42.581,0.78809,0.78814,1.00,1.00
2017.12.15 19:55:43.152,0.7881,0.78815,1.12,1.00
2017.12.15 19:55:46.297,0.78809,0.78816,2.25,1.88
2017.12.15 19:55:47.059,0.78809,0.78814,1.50,1.00
2017.12.15 19:55:47.561,0.78809,0.78815,1.50,1.00
2017.12.15 19:55:50.012,0.78809,0.78816,1.50,1.69
2017.12.15 19:55:50.551,0.78808,0.78816,1.50,1.13
2017.12.15 19:55:51.312,0.78809,0.78816,1.00,1.31
2017.12.15 19:55:53.289,0.7881,0.78815,1.00,1.00
2017.12.15 19:55:53.825,0.78809,0.78816,1.00,1.31
2017.12.15 19:55:55.071,0.78809,0.78814,1.00,1.00
2017.12.15 19:55:55.580,0.78808,0.78816,1.50,1.87
2017.12.15 19:55:55.954,0.78805,0.78813,1.00,1.31
2017.12.15 19:55:57.030,0.78806,0.78813,1.00,1.00
2017.12.15 19:55:57.437,0.78809,0.78815,1.00,2.44
2017.12.15 19:55:58.517,0.7881,0.78817,1.00,1.88
2017.12.15 19:55:59.403,0.78809,0.78817,1.00,2.63
2017.12.15 19:56:00.289,0.78807,0.78815,1.00,1.44
2017.12.15 19:56:00.643,0.78805,0.78813,1.00,1.44
2017.12.15 19:56:02.103,0.78806,0.78814,1.00,1.63
2017.12.15 19:56:03.110,0.78806,0.78814,1.00,1.44
2017.12.15 19:56:03.801,0.78807,0.78815,1.00,1.44
2017.12.15 19:56:05.232,0.78809,0.78817,1.00,3.38
2017.12.15 19:56:05.796,0.78809,0.78817,1.00,1.44
2017.12.15 19:56:07.215,0.7881,0.78817,1.00,2.63
2017.12.15 19:56:08.159,0.78809,0.78817,1.00,2.63
2017.12.15 19:56:09.788,0.7881,0.78817,1.00,1.25
2017.12.15 19:56:12.198,0.7881,0.78816,1.00,1.31
2017.12.15 19:56:12.300,0.78808,0.78816,1.00,1.69
2017.12.15 19:56:13.673,0.78808,0.78814,1.00,1.00
2017.12.15 19:56:14.297,0.78809,0.78816,1.00,2.06
2017.12.15 19:56:16.893,0.78808,0.78816,1.00,2.06
2017.12.15 19:56:17.585,0.78807,0.78815,1.00,2.06
2017.12.15 19:56:20.583,0.78808,0.78815,1.00,1.31
2017.12.15 19:56:22.157,0.78808,0.78813,1.00,1.00
2017.12.15 19:56:22.587,0.78808,0.78816,1.00,1.87
2017.12.15 19:56:23.079,0.78806,0.78814,1.50,1.00
2017.12.15 19:56:23.592,0.78806,0.78813,1.00,1.25
2017.12.15 19:56:24.115,0.78807,0.78814,1.00,2.25
2017.12.15 19:56:24.884,0.78808,0.78815,1.00,2.44
2017.12.15 19:56:24.935,0.78809,0.78815,1.00,1.25
2017.12.15 19:56:26.001,0.78808,0.78816,1.00,3.00
2017.12.15 19:56:27.903,0.78809,0.78816,1.00,2.06
2017.12.15 19:56:28.896,0.78809,0.78816,1.00,2.06
2017.12.15 19:56:29.435,0.78808,0.78816,1.00,3.75
2017.12.15 19:56:31.277,0.78808,0.78814,1.00,1.25
2017.12.15 19:56:33.124,0.78808,0.78816,1.00,3.00
2017.12.15 19:56:33.882,0.78807,0.78815,1.00,1.25
2017.12.15 19:56:34.660,0.78807,0.78814,1.00,1.00
2017.12.15 19:56:35.613,0.78808,0.78814,1.00,1.00
2017.12.15 19:56:36.077,0.78806,0.78812,1.00,1.00
2017.12.15 19:56:36.180,0.78807,0.78814,1.00,1.13
2017.12.15 19:56:37.036,0.78808,0.78815,1.00,1.13
2017.12.15 19:56:53.398,0.7881,0.78816,1.00,1.25
2017.12.15 19:56:54.121,0.7881,0.78815,1.00,1.00
2017.12.15 19:56:54.712,0.78809,0.78816,1.00,1.31
2017.12.15 19:57:03.313,0.78809,0.78815,1.50,1.00
2017.12.15 19:57:04.110,0.78809,0.78816,1.50,1.25
2017.12.15 19:57:05.356,0.78807,0.78814,2.25,1.25
2017.12.15 19:57:05.607,0.78809,0.78817,1.00,1.69
2017.12.15 19:57:07.112,0.78808,0.78816,1.50,1.69
2017.12.15 19:57:07.164,0.78809,0.78814,1.00,1.00
2017.12.15 19:57:07.359,0.78809,0.78816,1.00,1.13
2017.12.15 19:57:08.071,0.7881,0.78816,1.00,1.13
2017.12.15 19:57:08.573,0.78811,0.78816,1.00,1.00
2017.12.15 19:57:09.731,0.7881,0.78816,1.00,1.00
2017.12.15 19:57:12.182,0.78809,0.78816,1.50,1.00
2017.12.15 19:57:15.299,0.78807,0.78816,1.12,1.00
2017.12.15 19:57:15.985,0.78807,0.78814,1.12,1.00
2017.12.15 19:57:16.323,0.78807,0.78816,1.12,1.69
2017.12.15 19:57:17.998,0.78807,0.78817,1.00,1.25
2017.12.15 19:57:18.050,0.78807,0.78815,1.00,1.00
2017.12.15 19:57:18.246,0.78804,0.78813,1.00,1.25
2017.12.15 19:57:19.198,0.78802,0.78811,2.06,1.13
2017.12.15 19:57:19.552,0.78802,0.78812,1.88,1.13
2017.12.15 19:57:20.098,0.78804,0.78813,2.06,1.88
2017.12.15 19:57:20.622,0.78804,0.78813,2.06,1.25
2017.12.15 19:57:23.761,0.78804,0.78813,1.50,1.88
2017.12.15 19:57:24.301,0.78803,0.78813,1.88,1.13
2017.12.15 19:57:25.583,0.78805,0.78813,1.00,1.13
2017.12.15 19:57:26.056,0.7881,0.78819,1.00,1.88
2017.12.15 19:57:26.327,0.7881,0.78817,1.00,1.00
2017.12.15 19:57:27.552,0.78808,0.78817,1.87,1.25
2017.12.15 19:57:29.734,0.78806,0.78815,1.69,1.13
2017.12.15 19:57:29.937,0.78804,0.78815,1.00,2.81
2017.12.15 19:57:30.038,0.78805,0.78813,1.00,1.00
2017.12.15 19:57:30.191,0.78805,0.78815,1.00,2.63
2017.12.15 19:57:30.292,0.78807,0.78816,1.44,1.69
2017.12.15 19:57:30.950,0.78809,0.78817,1.00,1.25
2017.12.15 19:57:31.484,0.78808,0.78816,1.31,1.00
2017.12.15 19:57:44.039,0.78808,0.78814,1.00,1.00
2017.12.15 19:57:44.196,0.78805,0.78814,1.69,1.00
2017.12.15 19:57:44.399,0.78803,0.78813,1.00,1.25
2017.12.15 19:57:44.924,0.78804,0.78814,1.00,1.50
2017.12.15 19:57:45.279,0.78806,0.78815,1.00,1.88
2017.12.15 19:57:45.381,0.78806,0.78815,1.00,1.69
2017.12.15 19:57:47.203,0.78805,0.78815,1.13,1.88
2017.12.15 19:57:47.740,0.78807,0.78815,1.00,1.00
2017.12.15 19:57:48.361,0.78807,0.78816,1.00,1.25
2017.12.15 19:57:49.196,0.78806,0.78816,1.50,1.25
2017.12.15 19:57:51.337,0.78805,0.78815,1.50,1.00
2017.12.15 19:57:52.157,0.78805,0.78815,1.50,1.44
2017.12.15 19:57:52.801,0.78805,0.78815,2.25,1.25
2017.12.15 19:57:56.890,0.78807,0.78815,1.00,1.25
2017.12.15 19:57:59.541,0.78806,0.78815,1.56,1.50
2017.12.15 19:57:59.593,0.78806,0.78815,1.25,1.88
2017.12.15 19:58:00.269,0.78807,0.78815,1.00,1.00
2017.12.15 19:58:00.811,0.78806,0.78815,1.31,1.88
2017.12.15 19:58:02.559,0.78806,0.78815,1.25,1.00
2017.12.15 19:58:04.098,0.78801,0.78812,1.38,2.25
2017.12.15 19:58:09.242,0.78802,0.78811,1.31,1.00
2017.12.15 19:58:09.293,0.78801,0.78809,1.00,1.00
2017.12.15 19:58:09.880,0.78802,0.78811,1.25,1.44
2017.12.15 19:58:14.423,0.78801,0.78812,2.06,1.88
2017.12.15 19:58:15.116,0.78801,0.78812,2.06,1.88
2017.12.15 19:58:15.269,0.78803,0.78813,1.81,1.25
2017.12.15 19:58:15.841,0.78804,0.78815,1.31,2.63
2017.12.15 19:58:15.892,0.78805,0.78816,2.06,2.63
2017.12.15 19:58:18.151,0.78805,0.78816,3.56,1.25
2017.12.15 19:58:18.464,0.78806,0.78816,2.25,1.25
2017.12.15 19:58:20.821,0.78808,0.78818,1.31,1.00
2017.12.15 19:58:20.925,0.78807,0.78817,1.13,1.88
2017.12.15 19:58:21.683,0.78807,0.78815,1.13,1.00
2017.12.15 19:58:21.785,0.78809,0.78818,1.31,1.31
2017.12.15 19:58:22.304,0.78809,0.78818,1.63,1.25
2017.12.15 19:58:22.769,0.78809,0.78819,1.25,2.63
2017.12.15 19:58:23.415,0.78807,0.78818,1.50,1.88
2017.12.15 19:58:23.466,0.7881,0.78818,1.00,1.69
2017.12.15 19:58:23.568,0.78808,0.78818,1.13,1.31
2017.12.15 19:58:24.390,0.7881,0.78819,1.00,1.44
2017.12.15 19:58:24.906,0.78809,0.78819,2.06,1.25
2017.12.15 19:58:28.867,0.78809,0.78819,1.25,1.25
2017.12.15 19:58:29.709,0.7881,0.7882,1.00,1.44
2017.12.15 19:58:30.520,0.7881,0.7882,1.00,1.25
2017.12.15 19:58:37.742,0.78808,0.78817,1.50,1.44
2017.12.15 19:58:37.916,0.78806,0.78816,1.25,1.88
2017.12.15 19:58:43.012,0.78807,0.78816,1.00,1.25
2017.12.15 19:58:44.426,0.78807,0.78817,1.00,1.88
2017.12.15 19:58:45.280,0.78807,0.78817,1.31,1.13
2017.12.15 19:58:45.938,0.78807,0.78817,1.25,1.13
2017.12.15 19:58:46.903,0.78807,0.78818,2.25,2.81
2017.12.15 19:58:47.228,0.78807,0.78817,2.25,1.44
2017.12.15 19:58:47.330,0.78804,0.78814,1.25,1.25
2017.12.15 19:58:48.422,0.78804,0.78812,1.00,1.13
2017.12.15 19:58:48.474,0.78801,0.78812,1.69,1.88
2017.12.15 19:58:49.020,0.78802,0.78812,1.00,2.63
2017.12.15 19:58:50.292,0.78801,0.78812,2.06,2.63
2017.12.15 19:58:52.920,0.78801,0.78812,1.88,1.88
2017.12.15 19:58:53.556,0.78804,0.78812,1.00,1.69
2017.12.15 19:58:53.608,0.78801,0.78812,1.88,1.88
2017.12.15 19:58:54.140,0.78801,0.78811,1.00,1.69
2017.12.15 19:58:55.807,0.78801,0.78811,1.50,1.44
2017.12.15 19:58:57.614,0.78799,0.78807,1.31,1.00
2017.12.15 19:58:58.127,0.78799,0.78808,1.69,1.13
2017.12.15 19:58:58.231,0.78797,0.78807,1.25,1.00
2017.12.15 19:58:58.912,0.78796,0.78807,2.25,2.63
2017.12.15 19:58:58.965,0.78795,0.78805,1.69,1.00
2017.12.15 19:58:59.813,0.78795,0.78805,1.88,1.88
2017.12.15 19:59:00.263,0.78795,0.78805,1.75,1.25
2017.12.15 19:59:00.570,0.78797,0.78807,1.56,1.25
2017.12.15 19:59:02.512,0.78799,0.78809,2.44,1.00
2017.12.15 19:59:03.025,0.788,0.78809,1.25,1.00
2017.12.15 19:59:03.535,0.78799,0.78809,1.00,1.69
2017.12.15 19:59:04.047,0.78799,0.78809,2.06,1.25
2017.12.15 19:59:04.583,0.788,0.7881,2.06,1.25
2017.12.15 19:59:06.065,0.788,0.78809,1.25,1.44
2017.12.15 19:59:06.797,0.788,0.7881,1.25,1.88
2017.12.15 19:59:07.304,0.78798,0.7881,2.44,2.63
2017.12.15 19:59:08.119,0.78798,0.78809,2.44,1.00
2017.12.15 19:59:08.652,0.78798,0.7881,1.69,3.38
2017.12.15 19:59:10.540,0.78797,0.78808,3.37,1.00
2017.12.15 19:59:10.860,0.78798,0.7881,1.50,2.44
2017.12.15 19:59:11.393,0.78798,0.7881,1.50,2.63
2017.12.15 19:59:14.713,0.788,0.78811,1.44,3.75
2017.12.15 19:59:15.450,0.788,0.7881,1.25,1.44
2017.12.15 19:59:17.101,0.78801,0.7881,1.00,1.44
2017.12.15 19:59:17.701,0.78799,0.7881,1.31,1.88
2017.12.15 19:59:18.213,0.78801,0.78811,1.00,1.88
2017.12.15 19:59:18.729,0.78799,0.7881,1.31,1.88
2017.12.15 19:59:22.154,0.78799,0.78811,1.25,3.38
2017.12.15 19:59:23.130,0.78799,0.78811,1.44,3.38
2017.12.15 19:59:27.835,0.78799,0.7881,1.25,1.44
2017.12.15 19:59:28.837,0.78798,0.78808,1.25,1.44
2017.12.15 19:59:29.421,0.78798,0.78809,2.06,1.88
2017.12.15 19:59:30.767,0.78799,0.78809,1.44,1.88
2017.12.15 19:59:31.163,0.78801,0.78811,1.63,1.25
2017.12.15 19:59:31.724,0.78801,0.78813,3.38,1.88
2017.12.15 19:59:32.091,0.78801,0.78812,2.06,2.25
2017.12.15 19:59:33.058,0.78801,0.78812,3.19,1.88
2017.12.15 19:59:34.109,0.78801,0.78812,3.19,1.25
2017.12.15 19:59:34.537,0.78802,0.78813,1.44,2.63
2017.12.15 19:59:35.911,0.78804,0.78814,1.69,1.00
2017.12.15 19:59:36.013,0.78807,0.78816,1.00,1.25
2017.12.15 19:59:36.317,0.78807,0.78815,1.00,1.44
2017.12.15 19:59:36.836,0.78807,0.78816,1.00,1.88
2017.12.15 19:59:37.144,0.78807,0.78817,1.50,1.25
2017.12.15 19:59:38.102,0.78806,0.78815,1.12,1.00
2017.12.15 19:59:40.097,0.78805,0.78813,1.50,1.00
2017.12.15 19:59:40.654,0.78805,0.78814,1.00,1.00
2017.12.15 19:59:42.161,0.78804,0.78812,1.00,1.00
2017.12.15 19:59:42.522,0.78802,0.78811,1.50,1.00
2017.12.15 19:59:43.053,0.78802,0.78813,1.50,2.44
2017.12.15 19:59:43.794,0.78802,0.78813,2.62,1.25
2017.12.15 19:59:44.192,0.78804,0.78814,1.00,1.69
2017.12.15 19:59:44.670,0.78805,0.78816,1.00,2.44
2017.12.15 19:59:45.209,0.78805,0.78816,1.12,1.00
2017.12.15 19:59:45.312,0.78807,0.78817,1.00,2.44
2017.12.15 19:59:46.369,0.78807,0.78817,1.00,2.44
2017.12.15 19:59:46.902,0.78807,0.78817,1.00,1.69
2017.12.15 19:59:47.463,0.78807,0.78817,1.50,1.69
2017.12.15 19:59:48.077,0.78807,0.78818,1.00,2.44
2017.12.15 19:59:50.882,0.78807,0.78818,1.00,2.44
2017.12.15 19:59:51.765,0.78808,0.78818,1.00,1.25
2017.12.15 19:59:52.275,0.78807,0.78818,1.25,1.50
2017.12.15 19:59:53.545,0.78808,0.78819,1.69,1.87
2017.12.15 19:59:54.062,0.78807,0.78818,1.00,1.25
2017.12.15 19:59:54.367,0.78807,0.78816,1.25,1.00
2017.12.15 19:59:54.688,0.78808,0.78818,1.25,1.00
2017.12.15 19:59:54.790,0.78807,0.78816,1.00,1.00
2017.12.15 19:59:54.892,0.78807,0.78818,1.00,1.25
2017.12.15 19:59:55.095,0.78809,0.78819,1.00,1.69
2017.12.15 19:59:56.091,0.78809,0.78818,1.00,1.25
2017.12.15 19:59:56.640,0.78809,0.78819,1.00,1.69
2017.12.15 19:59:57.010,0.78808,0.78817,1.00,1.00
2017.12.15 19:59:57.112,0.78809,0.78819,1.00,1.25
2017.12.15 19:59:57.633,0.78808,0.78818,1.00,2.44
2017.12.15 19:59:58.257,0.78808,0.78819,1.00,1.25
2017.12.15 19:59:58.462,0.78808,0.78817,1.00,1.00
2017.12.15 19:59:58.615,0.78808,0.78819,1.00,1.25
2017.12.15 19:59:59.206,0.78808,0.78818,1.50,1.00
2017.12.15 19:59:59.763,0.78807,0.78817,1.50,1.25
