2012.11.05 21:00:00.165,0.66228,0.66246,0.60,0.23
2012.11.05 21:00:00.345,0.66232,0.66247,0.23,1.50
2012.11.05 21:00:00.525,0.66232,0.66249,1.73,1.50
2012.11.05 21:00:01.066,0.66232,0.6625,1.73,1.73
2012.11.05 21:00:02.714,0.66233,0.6625,0.23,1.50
2012.11.05 21:00:03.284,0.66232,0.6625,1.73,1.73
2012.11.05 21:00:06.848,0.66234,0.6625,1.50,0.23
2012.11.05 21:00:07.025,0.66235,0.66255,0.60,1.73
2012.11.05 21:00:07.536,0.66236,0.66255,0.75,1.73
2012.11.05 21:00:07.595,0.66238,0.66255,0.23,1.50
2012.11.05 21:00:07.856,0.66236,0.66254,0.23,0.23
2012.11.05 21:00:09.214,0.66236,0.66253,0.23,0.75
2012.11.05 21:00:09.334,0.66235,0.6625,0.38,0.23
2012.11.05 21:00:09.634,0.66236,0.66254,0.23,0.23
2012.11.05 21:00:11.616,0.66236,0.66244,0.23,1.50
2012.11.05 21:00:11.826,0.66224,0.66238,1.50,0.23
2012.11.05 21:00:11.885,0.66229,0.66238,1.50,0.23
2012.11.05 21:00:12.065,0.66229,0.66246,1.50,0.75
2012.11.05 21:00:12.125,0.66229,0.66249,1.50,1.50
2012.11.05 21:00:13.827,0.66229,0.66247,1.50,0.23
2012.11.05 21:00:14.815,0.6623,0.66248,0.23,0.23
2012.11.05 21:00:15.417,0.66231,0.66248,1.50,0.23
2012.11.05 21:00:20.285,0.6623,0.66248,0.23,2.48
2012.11.05 21:00:20.717,0.66226,0.66241,1.50,0.23
2012.11.05 21:00:22.255,0.66225,0.66236,0.38,0.23
2012.11.05 21:00:27.217,0.66223,0.66236,1.50,0.23
2012.11.05 21:00:27.949,0.66222,0.66236,0.38,0.23
2012.11.05 21:00:34.154,0.66222,0.6624,2.48,0.23
2012.11.05 21:00:38.616,0.66222,0.66232,1.50,0.38
2012.11.05 21:00:39.141,0.66218,0.66228,1.50,0.23
2012.11.05 21:00:46.615,0.66214,0.66228,1.50,0.23
2012.11.05 21:00:49.415,0.66212,0.66228,1.50,0.23
2012.11.05 21:00:49.535,0.6621,0.66228,0.23,0.23
2012.11.05 21:00:51.535,0.66211,0.66228,1.50,0.23
2012.11.05 21:00:51.601,0.66213,0.66228,1.50,0.23
2012.11.05 21:01:03.185,0.66217,0.66228,1.50,0.23
2012.11.05 21:01:03.245,0.66217,0.66236,1.50,2.25
2012.11.05 21:01:17.475,0.66222,0.66239,1.50,0.23
2012.11.05 21:01:17.595,0.66222,0.66242,1.50,1.50
2012.11.05 21:01:26.965,0.66222,0.6624,1.50,1.50
2012.11.05 21:01:27.025,0.66218,0.66238,1.50,1.50
2012.11.05 21:01:43.056,0.66218,0.66234,1.50,1.50
2012.11.05 21:01:43.115,0.66214,0.66232,1.73,1.50
2012.11.05 21:01:47.857,0.66218,0.66234,1.50,1.50
2012.11.05 21:01:47.975,0.66218,0.66236,1.50,1.50
2012.11.05 21:02:31.265,0.66218,0.66235,1.50,0.38
2012.11.05 21:02:31.791,0.66218,0.66232,1.50,0.23
2012.11.05 21:02:42.679,0.66218,0.66235,1.50,0.60
2012.11.05 21:02:47.206,0.66218,0.66233,1.50,0.23
2012.11.05 21:02:47.385,0.66216,0.66232,1.50,1.50
2012.11.05 21:02:47.685,0.66214,0.66232,1.50,1.50
2012.11.05 21:03:07.375,0.66214,0.66233,1.50,0.23
2012.11.05 21:03:09.355,0.66216,0.66234,0.23,1.73
2012.11.05 21:03:14.925,0.66216,0.66229,0.23,1.50
2012.11.05 21:03:18.026,0.66216,0.66234,0.23,1.73
2012.11.05 21:03:22.316,0.66219,0.66234,1.50,0.23
2012.11.05 21:03:22.377,0.6622,0.66237,0.23,1.50
2012.11.05 21:03:22.992,0.66221,0.66237,0.23,1.50
2012.11.05 21:03:42.334,0.66221,0.6624,0.23,3.00
2012.11.05 21:03:52.435,0.66222,0.6624,0.75,1.50
2012.11.05 21:03:53.050,0.66221,0.6624,0.23,1.50
2012.11.05 21:04:03.405,0.66222,0.6624,1.50,1.50
2012.11.05 21:04:24.454,0.6622,0.6624,2.48,1.50
2012.11.05 21:04:45.259,0.66219,0.66239,2.48,1.50
2012.11.05 21:04:48.265,0.66221,0.66239,1.35,1.50
2012.11.05 21:04:48.385,0.66224,0.66244,1.73,1.50
2012.11.05 21:05:08.555,0.66223,0.66241,2.10,1.50
2012.11.05 21:05:28.435,0.66223,0.66243,2.10,1.50
2012.11.05 21:05:50.135,0.66225,0.66243,1.50,1.73
2012.11.05 21:05:50.195,0.66222,0.66239,1.50,1.73
2012.11.05 21:05:57.475,0.66223,0.66243,1.50,2.48
2012.11.05 21:05:57.536,0.66223,0.66243,1.73,2.25
2012.11.05 21:05:58.025,0.66223,0.66243,2.10,1.50
2012.11.05 21:06:00.592,0.66223,0.66243,2.10,2.25
2012.11.05 21:06:00.937,0.66219,0.66237,1.73,1.50
2012.11.05 21:06:01.232,0.66219,0.66237,1.50,1.73
2012.11.05 21:06:02.755,0.66219,0.66237,1.50,2.10
2012.11.05 21:06:07.664,0.66219,0.66237,1.50,1.73
2012.11.05 21:06:07.844,0.66219,0.66237,1.50,1.73
2012.11.05 21:06:13.464,0.66219,0.66237,1.73,1.50
2012.11.05 21:06:13.584,0.66219,0.66237,1.50,1.73
2012.11.05 21:06:18.324,0.66219,0.66237,1.50,1.73
2012.11.05 21:06:20.453,0.6622,0.66237,1.13,1.73
2012.11.05 21:06:20.574,0.66222,0.66242,2.48,1.73
2012.11.05 21:06:22.925,0.66222,0.66242,1.73,2.48
2012.11.05 21:06:23.104,0.66218,0.66235,1.50,1.73
2012.11.05 21:06:23.163,0.66214,0.66234,1.73,1.50
2012.11.05 21:06:23.284,0.66214,0.66234,1.73,1.50
2012.11.05 21:06:24.124,0.66218,0.66238,1.50,1.50
2012.11.05 21:06:24.584,0.66218,0.66238,1.50,2.10
2012.11.05 21:06:24.944,0.66218,0.66238,1.50,2.63
2012.11.05 21:06:25.004,0.66218,0.66238,1.50,2.85
2012.11.05 21:06:25.264,0.66218,0.66238,1.50,1.50
2012.11.05 21:06:25.994,0.66218,0.66238,1.50,2.10
2012.11.05 21:06:26.174,0.66216,0.66233,1.73,1.50
2012.11.05 21:06:26.293,0.66219,0.66236,1.50,1.50
2012.11.05 21:06:26.354,0.66219,0.66239,1.50,1.50
2012.11.05 21:06:31.444,0.66219,0.66236,1.50,1.50
2012.11.05 21:06:31.504,0.66215,0.66235,1.50,1.50
2012.11.05 21:06:38.434,0.66215,0.66231,1.50,1.50
2012.11.05 21:06:38.614,0.66209,0.66229,2.48,1.50
2012.11.05 21:06:47.645,0.66213,0.66231,1.50,1.50
2012.11.05 21:06:47.768,0.66213,0.66233,1.50,1.50
2012.11.05 21:06:50.795,0.66212,0.66228,1.50,1.50
2012.11.05 21:06:50.914,0.6621,0.66228,1.50,1.50
2012.11.05 21:06:52.274,0.6621,0.66228,1.73,1.50
2012.11.05 21:06:52.782,0.6621,0.66228,1.50,1.50
2012.11.05 21:06:56.684,0.66214,0.6623,1.50,1.50
2012.11.05 21:06:56.745,0.66214,0.66234,1.50,1.73
2012.11.05 21:06:56.984,0.66218,0.66236,1.50,1.73
2012.11.05 21:06:57.770,0.66218,0.66238,1.50,2.85
2012.11.05 21:07:02.885,0.66218,0.66233,1.50,1.50
2012.11.05 21:07:02.944,0.66213,0.66231,1.50,1.73
2012.11.05 21:07:03.564,0.66213,0.66231,1.73,1.50
2012.11.05 21:07:03.894,0.66217,0.66233,1.50,2.10
2012.11.05 21:07:24.154,0.66217,0.66235,2.25,1.73
2012.11.05 21:07:24.414,0.66219,0.66237,1.50,1.73
2012.11.05 21:07:24.774,0.66222,0.66242,1.50,2.10
2012.11.05 21:07:24.955,0.66222,0.66242,1.50,2.10
2012.11.05 21:07:28.614,0.66222,0.66242,1.50,1.73
2012.11.05 21:07:28.734,0.66222,0.66242,1.73,1.73
2012.11.05 21:07:53.464,0.66222,0.66242,2.10,1.50
2012.11.05 21:07:57.484,0.66222,0.66242,2.85,1.50
2012.11.05 21:07:57.544,0.66227,0.66247,2.48,1.50
2012.11.05 21:08:18.563,0.66228,0.66248,1.73,1.88
2012.11.05 21:08:34.684,0.66228,0.66248,1.50,2.85
2012.11.05 21:08:35.805,0.66228,0.66248,1.50,3.23
2012.11.05 21:08:35.986,0.66222,0.6624,1.50,1.73
2012.11.05 21:08:36.168,0.6622,0.66236,1.50,1.50
2012.11.05 21:08:36.227,0.66217,0.66236,1.35,1.73
2012.11.05 21:08:36.424,0.66217,0.66236,1.35,1.73
2012.11.05 21:08:36.935,0.66216,0.66236,2.85,1.50
2012.11.05 21:08:44.335,0.66221,0.66238,1.73,1.50
2012.11.05 21:08:44.838,0.66221,0.66239,1.73,1.50
2012.11.05 21:08:45.974,0.66221,0.66239,1.73,1.50
2012.11.05 21:08:56.555,0.66221,0.66239,1.73,1.50
2012.11.05 21:09:10.574,0.66219,0.66239,2.10,1.73
2012.11.05 21:09:10.877,0.66219,0.66239,1.88,2.48
2012.11.05 21:09:12.386,0.66214,0.66231,2.48,1.50
2012.11.05 21:09:15.374,0.66216,0.66234,2.10,1.73
2012.11.05 21:09:30.844,0.66216,0.66236,2.10,1.73
2012.11.05 21:09:41.444,0.6622,0.66238,1.50,1.73
2012.11.05 21:09:41.504,0.6622,0.66238,1.50,1.73
2012.11.05 21:09:41.844,0.6622,0.66238,1.50,1.50
2012.11.05 21:09:42.824,0.66222,0.66238,1.50,1.50
2012.11.05 21:09:42.896,0.66224,0.66242,1.73,1.73
2012.11.05 21:09:55.664,0.66224,0.66242,2.85,1.73
2012.11.05 21:09:55.844,0.66229,0.66247,1.50,1.73
2012.11.05 21:10:00.194,0.66225,0.66242,1.73,1.50
2012.11.05 21:10:00.375,0.66225,0.66242,1.73,1.50
2012.11.05 21:10:00.674,0.66225,0.66242,1.73,1.50
2012.11.05 21:10:00.977,0.66228,0.66246,1.73,1.73
2012.11.05 21:10:06.734,0.66228,0.66246,1.73,1.50
2012.11.05 21:10:21.044,0.66229,0.66249,1.73,1.50
2012.11.05 21:10:33.778,0.66231,0.66249,1.50,1.50
2012.11.05 21:10:34.097,0.66234,0.66252,1.73,1.50
2012.11.05 21:10:57.454,0.66234,0.66252,1.73,1.50
2012.11.05 21:11:16.445,0.66234,0.66252,2.85,1.50
2012.11.05 21:11:16.565,0.66239,0.66257,1.73,1.50
2012.11.05 21:11:37.445,0.66238,0.66256,1.73,1.50
2012.11.05 21:11:46.685,0.66234,0.66254,1.35,1.50
2012.11.05 21:11:47.175,0.66233,0.66254,2.10,1.50
2012.11.05 21:11:48.055,0.66233,0.66254,2.10,2.25
2012.11.05 21:11:48.505,0.66238,0.66256,1.58,1.50
2012.11.05 21:11:54.464,0.66241,0.66261,1.73,1.73
2012.11.05 21:11:54.524,0.66241,0.66261,1.73,1.50
2012.11.05 21:11:54.854,0.66241,0.66261,2.70,1.50
2012.11.05 21:11:55.460,0.66241,0.66261,1.73,1.50
2012.11.05 21:12:01.465,0.66241,0.66261,1.73,1.88
2012.11.05 21:12:01.585,0.66237,0.66254,1.35,1.50
2012.11.05 21:12:02.020,0.66237,0.66254,1.35,1.50
2012.11.05 21:12:02.734,0.66236,0.66254,1.73,1.50
2012.11.05 21:12:22.384,0.66233,0.66252,2.10,1.50
2012.11.05 21:12:24.166,0.66233,0.6625,2.10,1.50
2012.11.05 21:12:24.655,0.66229,0.66249,1.73,1.50
2012.11.05 21:12:27.674,0.66228,0.66243,1.73,1.50
2012.11.05 21:12:27.855,0.66223,0.66243,1.73,1.50
2012.11.05 21:12:39.603,0.66223,0.66243,1.73,1.50
2012.11.05 21:12:44.325,0.66223,0.66243,2.35,1.50
2012.11.05 21:12:44.444,0.66229,0.66247,1.73,1.50
2012.11.05 21:12:44.547,0.66229,0.66247,1.73,1.50
2012.11.05 21:12:44.665,0.66226,0.66244,2.10,1.50
2012.11.05 21:13:01.255,0.66225,0.66244,1.50,1.50
2012.11.05 21:13:01.614,0.66221,0.66241,1.73,1.50
2012.11.05 21:13:12.345,0.66221,0.66241,1.73,1.50
2012.11.05 21:13:12.663,0.66226,0.66243,1.50,1.50
2012.11.05 21:13:13.183,0.66226,0.66244,1.50,1.50
2012.11.05 21:13:16.944,0.66221,0.66241,1.73,1.50
2012.11.05 21:13:17.064,0.66221,0.66241,1.73,1.50
2012.11.05 21:13:57.425,0.66222,0.6624,1.73,1.50
2012.11.05 21:14:01.719,0.66219,0.66235,1.73,1.50
2012.11.05 21:14:01.785,0.66217,0.66235,1.50,1.50
2012.11.05 21:14:12.124,0.66217,0.66235,1.50,1.88
2012.11.05 21:14:12.545,0.66211,0.66231,1.73,1.50
2012.11.05 21:14:16.465,0.66211,0.66231,1.73,2.25
2012.11.05 21:14:17.115,0.66211,0.66231,1.50,2.48
2012.11.05 21:14:22.335,0.66211,0.66231,1.73,1.50
2012.11.05 21:14:27.726,0.66211,0.66231,2.48,1.50
2012.11.05 21:14:33.444,0.66214,0.66232,1.73,1.50
2012.11.05 21:14:44.505,0.66214,0.66232,1.73,1.50
2012.11.05 21:14:50.925,0.66214,0.66232,1.73,1.50
2012.11.05 21:14:51.045,0.66217,0.66235,1.73,1.50
2012.11.05 21:14:51.105,0.66217,0.66237,1.73,1.88
2012.11.05 21:14:55.556,0.66217,0.66237,1.50,1.73
2012.11.05 21:14:55.875,0.66217,0.66237,1.73,1.88
2012.11.05 21:15:03.585,0.66217,0.66237,1.73,2.10
2012.11.05 21:15:03.645,0.66214,0.66232,1.73,1.50
2012.11.05 21:15:09.575,0.66217,0.66237,1.73,2.10
2012.11.05 21:15:09.635,0.66217,0.66237,1.73,1.88
2012.11.05 21:15:09.956,0.66222,0.66241,1.73,1.35
2012.11.05 21:15:13.014,0.66222,0.66241,1.50,1.35
2012.11.05 21:15:13.805,0.66222,0.66241,1.73,1.13
2012.11.05 21:15:15.038,0.66226,0.66242,1.50,1.13
2012.11.05 21:15:15.635,0.66222,0.66242,1.73,2.63
2012.11.05 21:15:22.154,0.66227,0.66242,1.50,1.13
2012.11.05 21:15:24.345,0.66222,0.66242,1.73,2.63
2012.11.05 21:15:26.423,0.66222,0.66241,1.73,1.35
2012.11.05 21:15:26.605,0.66222,0.66242,1.73,2.10
2012.11.05 21:15:44.456,0.66223,0.66243,1.50,2.10
2012.11.05 21:16:05.374,0.66221,0.66241,3.23,2.10
2012.11.05 21:17:03.001,0.6622,0.66236,1.73,1.50
2012.11.05 21:17:23.355,0.6622,0.66238,1.73,1.50
2012.11.05 21:17:36.906,0.66224,0.66241,1.50,2.10
2012.11.05 21:17:42.598,0.66224,0.66242,1.50,2.10
2012.11.05 21:17:42.655,0.66224,0.66242,1.50,1.88
2012.11.05 21:17:43.016,0.66228,0.66244,1.50,1.73
2012.11.05 21:17:43.435,0.66228,0.66246,1.73,1.50
2012.11.05 21:17:43.936,0.66233,0.66249,1.50,2.10
2012.11.05 21:17:44.115,0.66233,0.66253,1.73,1.88
2012.11.05 21:17:44.535,0.66233,0.66253,1.73,2.10
2012.11.05 21:17:44.785,0.66233,0.66253,1.73,1.88
2012.11.05 21:17:47.006,0.66233,0.6625,1.73,1.50
2012.11.05 21:17:47.066,0.66229,0.66249,2.10,1.50
2012.11.05 21:17:47.679,0.66229,0.66249,1.73,1.88
2012.11.05 21:17:47.747,0.66229,0.66249,1.73,2.10
2012.11.05 21:17:48.586,0.66229,0.66245,1.73,1.50
2012.11.05 21:17:48.645,0.66225,0.66243,1.73,1.50
2012.11.05 21:18:01.805,0.66226,0.66243,1.20,1.50
2012.11.05 21:18:09.419,0.66228,0.66245,1.95,1.50
2012.11.05 21:18:10.122,0.66228,0.66246,1.95,1.50
2012.11.05 21:18:23.767,0.66228,0.66246,2.10,1.50
2012.11.05 21:18:33.099,0.66226,0.66246,2.85,1.50
2012.11.05 21:18:50.580,0.66229,0.66246,1.73,1.50
2012.11.05 21:18:50.652,0.66231,0.66249,2.70,1.50
2012.11.05 21:18:51.370,0.66235,0.66252,1.73,1.73
2012.11.05 21:18:51.665,0.66235,0.66253,2.10,1.50
2012.11.05 21:19:10.125,0.66235,0.66253,2.10,1.50
2012.11.05 21:19:21.146,0.66235,0.66253,2.10,1.50
2012.11.05 21:19:24.888,0.66235,0.66253,1.73,1.50
2012.11.05 21:19:24.947,0.66235,0.66253,1.73,1.88
2012.11.05 21:19:25.299,0.66231,0.66249,1.50,1.73
2012.11.05 21:19:35.525,0.66234,0.66252,1.50,1.73
2012.11.05 21:19:35.585,0.66234,0.66254,1.73,1.50
2012.11.05 21:20:17.475,0.66236,0.66256,1.50,1.50
2012.11.05 21:20:38.455,0.66235,0.66255,1.50,1.50
2012.11.05 21:20:58.425,0.66234,0.66254,1.73,1.50
2012.11.05 21:21:19.433,0.66236,0.66254,1.50,1.50
2012.11.05 21:22:19.510,0.66221,0.66267,1.36,1.17
2012.11.05 21:22:22.457,0.66234,0.66254,1.50,1.50
2012.11.05 21:22:40.355,0.66234,0.66254,1.50,1.73
2012.11.05 21:22:40.935,0.6623,0.6625,1.50,1.50
2012.11.05 21:22:44.026,0.66232,0.6625,1.50,1.50
2012.11.05 21:22:44.086,0.66234,0.66254,1.50,1.73
2012.11.05 21:22:46.185,0.66234,0.66254,1.50,2.48
2012.11.05 21:22:58.317,0.66234,0.66254,2.25,1.73
2012.11.05 21:22:58.576,0.66239,0.66257,1.50,1.50
2012.11.05 21:22:58.917,0.66241,0.66257,1.50,1.50
2012.11.05 21:22:59.266,0.66243,0.66261,1.50,1.88
2012.11.05 21:23:11.865,0.66238,0.66258,2.48,1.50
2012.11.05 21:23:20.776,0.66238,0.66258,1.50,1.50
2012.11.05 21:23:20.955,0.66234,0.66254,1.50,1.50
2012.11.05 21:23:28.405,0.66234,0.66254,2.25,1.50
2012.11.05 21:23:28.466,0.66239,0.66257,1.50,1.50
2012.11.05 21:23:47.868,0.66239,0.66257,2.25,1.50
2012.11.05 21:23:48.046,0.66243,0.66261,1.50,1.73
2012.11.05 21:23:51.566,0.66235,0.66253,1.73,1.50
2012.11.05 21:23:51.685,0.66235,0.66253,1.50,1.50
2012.11.05 21:24:11.800,0.66233,0.66252,1.50,1.50
2012.11.05 21:24:12.518,0.66232,0.66252,1.50,1.50
2012.11.05 21:24:32.438,0.66233,0.66252,1.50,1.50
2012.11.05 21:24:32.496,0.66235,0.66253,1.50,1.50
2012.11.05 21:25:14.365,0.66233,0.66252,1.50,1.50
2012.11.05 21:25:14.983,0.66232,0.66252,1.50,1.50
2012.11.05 21:25:17.864,0.6623,0.66247,2.25,1.50
2012.11.05 21:25:20.036,0.66229,0.66247,1.50,1.50
2012.11.05 21:25:20.255,0.66229,0.66247,2.25,1.50
2012.11.05 21:25:38.399,0.66229,0.66249,2.25,1.50
2012.11.05 21:25:39.165,0.66229,0.6625,2.25,1.50
2012.11.05 21:26:12.326,0.66233,0.6625,1.50,1.50
2012.11.05 21:26:12.390,0.66235,0.66255,1.50,1.50
2012.11.05 21:26:12.846,0.6624,0.66257,1.50,1.50
2012.11.05 21:26:13.528,0.6624,0.6626,1.50,1.50
2012.11.05 21:26:24.987,0.66237,0.66255,2.48,1.50
2012.11.05 21:26:46.486,0.66238,0.66255,1.50,1.50
2012.11.05 21:26:46.558,0.66241,0.66259,1.50,1.50
2012.11.05 21:26:47.356,0.66241,0.66257,1.50,1.50
2012.11.05 21:26:47.416,0.66237,0.66255,1.50,1.50
2012.11.05 21:27:07.477,0.66239,0.66257,1.50,1.50
2012.11.05 21:28:07.661,0.66226,0.66266,1.20,1.35
2012.11.05 21:28:29.377,0.66237,0.66255,1.50,1.50
2012.11.05 21:28:35.106,0.66237,0.66255,1.73,1.50
2012.11.05 21:28:41.299,0.66241,0.66259,1.50,1.50
2012.11.05 21:29:01.516,0.66241,0.66261,1.50,1.50
2012.11.05 21:29:15.806,0.66244,0.66261,1.50,1.50
2012.11.05 21:29:16.136,0.66246,0.66264,1.50,2.48
2012.11.05 21:29:36.396,0.66244,0.66262,1.50,1.73
2012.11.05 21:29:56.446,0.66245,0.66263,1.50,2.48
2012.11.05 21:30:02.486,0.66246,0.66268,1.50,2.48
2012.11.05 21:30:03.276,0.66246,0.66268,1.50,2.10
2012.11.05 21:30:23.486,0.66247,0.66265,1.50,1.73
2012.11.05 21:30:26.147,0.66251,0.66267,1.50,1.73
2012.11.05 21:30:28.176,0.6625,0.66269,3.00,2.85
2012.11.05 21:30:31.136,0.66252,0.66269,1.50,1.35
2012.11.05 21:30:32.366,0.66249,0.66269,1.50,1.35
2012.11.05 21:30:51.627,0.66249,0.6627,1.88,2.48
2012.11.05 21:30:51.747,0.66255,0.66276,1.50,2.10
2012.11.05 21:30:51.987,0.66252,0.66273,1.50,2.48
2012.11.05 21:31:02.201,0.66253,0.66273,1.50,2.48
2012.11.05 21:31:02.256,0.66255,0.66277,1.50,2.48
2012.11.05 21:31:22.347,0.66254,0.66276,1.50,2.48
2012.11.05 21:32:04.374,0.66255,0.66278,1.50,3.98
2012.11.05 21:32:25.417,0.66258,0.6628,1.50,4.35
2012.11.05 21:32:52.704,0.66258,0.66278,1.50,2.48
2012.11.05 21:33:01.646,0.66259,0.66278,1.50,1.73
2012.11.05 21:33:02.213,0.6626,0.66283,1.50,2.48
2012.11.05 21:33:03.056,0.6626,0.66283,1.50,2.10
2012.11.05 21:33:03.296,0.66262,0.66283,1.50,2.10
2012.11.05 21:33:03.654,0.66265,0.66284,1.50,1.35
2012.11.05 21:33:03.897,0.6626,0.66281,1.50,2.10
2012.11.05 21:33:12.314,0.66264,0.66283,1.50,2.10
2012.11.05 21:33:19.028,0.66259,0.66278,1.50,1.35
2012.11.05 21:33:19.237,0.66259,0.66281,1.50,1.73
2012.11.05 21:33:19.297,0.66263,0.66285,1.50,1.73
2012.11.05 21:33:20.198,0.66263,0.66285,1.50,2.48
2012.11.05 21:33:20.647,0.66263,0.66284,1.50,1.59
2012.11.05 21:33:39.487,0.66261,0.66279,1.50,1.35
2012.11.05 21:34:16.507,0.66261,0.66281,1.50,1.73
2012.11.05 21:34:16.567,0.66265,0.66285,1.50,1.73
2012.11.05 21:34:16.927,0.66259,0.66279,1.50,1.73
2012.11.05 21:34:26.840,0.66259,0.66279,1.50,1.73
2012.11.05 21:34:27.017,0.66263,0.66282,1.50,1.41
2012.11.05 21:34:27.257,0.66261,0.66278,1.50,1.35
2012.11.05 21:34:27.896,0.6626,0.66278,1.50,1.35
2012.11.05 21:34:32.717,0.66263,0.66282,1.50,1.63
2012.11.05 21:34:32.781,0.66263,0.66285,1.50,2.48
2012.11.05 21:34:32.838,0.66263,0.66285,1.50,1.73
2012.11.05 21:34:53.506,0.66264,0.66285,1.50,1.73
2012.11.05 21:34:59.757,0.66267,0.66287,1.50,1.73
2012.11.05 21:35:05.169,0.66273,0.66294,1.50,2.22
2012.11.05 21:35:05.288,0.66273,0.66294,1.50,1.73
2012.11.05 21:35:05.407,0.66276,0.66297,1.50,2.10
2012.11.05 21:35:05.527,0.66276,0.66299,1.50,1.73
2012.11.05 21:35:06.049,0.66275,0.66293,1.50,1.35
2012.11.05 21:35:06.248,0.66275,0.66295,1.50,2.10
2012.11.05 21:35:26.008,0.66276,0.66299,1.50,3.23
2012.11.05 21:35:29.298,0.66281,0.66301,1.50,2.48
2012.11.05 21:35:31.057,0.66281,0.66298,1.50,1.35
2012.11.05 21:35:31.237,0.66278,0.66298,1.50,2.10
2012.11.05 21:35:31.357,0.66278,0.66298,1.50,2.10
2012.11.05 21:35:31.757,0.6628,0.66302,1.50,1.73
2012.11.05 21:35:45.667,0.6628,0.66301,2.25,1.73
2012.11.05 21:35:45.787,0.66288,0.66308,1.50,1.73
2012.11.05 21:35:45.847,0.6629,0.66308,1.50,1.73
2012.11.05 21:35:46.027,0.66291,0.66312,1.50,1.50
2012.11.05 21:35:46.227,0.66295,0.66313,1.50,1.13
2012.11.05 21:35:53.777,0.66291,0.66312,1.50,1.50
2012.11.05 21:35:57.357,0.66295,0.66315,1.50,1.73
2012.11.05 21:36:12.757,0.66295,0.66315,1.50,2.48
2012.11.05 21:36:12.859,0.66295,0.66315,1.50,1.73
2012.11.05 21:36:12.978,0.66295,0.66313,1.50,1.50
2012.11.05 21:36:13.699,0.66292,0.6631,1.50,1.50
2012.11.05 21:36:21.747,0.66287,0.66307,1.73,1.50
2012.11.05 21:36:21.867,0.66284,0.66302,1.50,1.50
2012.11.05 21:36:22.918,0.66287,0.66308,1.50,1.50
2012.11.05 21:36:23.468,0.66279,0.66299,1.73,1.50
2012.11.05 21:36:23.528,0.66279,0.66299,1.50,1.50
2012.11.05 21:36:23.767,0.66282,0.66299,1.50,1.50
2012.11.05 21:36:23.827,0.66284,0.66302,1.50,1.50
2012.11.05 21:36:24.068,0.66288,0.66306,1.50,1.50
2012.11.05 21:36:25.517,0.66288,0.66306,1.50,1.73
2012.11.05 21:36:25.578,0.66283,0.66303,1.50,1.50
2012.11.05 21:36:29.817,0.66283,0.66303,1.50,1.73
2012.11.05 21:36:36.138,0.66282,0.66299,1.50,1.73
2012.11.05 21:36:36.599,0.66279,0.66299,1.50,1.73
2012.11.05 21:36:54.080,0.66279,0.66299,1.50,1.73
2012.11.05 21:37:01.888,0.66279,0.66299,1.88,1.73
2012.11.05 21:37:02.246,0.66283,0.66303,1.50,1.73
2012.11.05 21:37:08.009,0.66282,0.66299,1.50,1.73
2012.11.05 21:37:08.068,0.66279,0.66299,1.50,1.73
2012.11.05 21:37:08.248,0.6628,0.66299,1.13,1.73
2012.11.05 21:37:08.367,0.66283,0.66302,1.73,1.73
2012.11.05 21:37:28.334,0.66284,0.66302,1.50,1.73
2012.11.05 21:37:48.697,0.66282,0.66302,1.73,1.73
2012.11.05 21:38:15.129,0.66282,0.66303,2.10,1.73
2012.11.05 21:38:15.248,0.66284,0.66303,1.20,1.50
2012.11.05 21:38:15.427,0.66288,0.66306,1.50,1.73
2012.11.05 21:38:16.807,0.66288,0.66306,1.73,1.50
2012.11.05 21:38:20.578,0.66292,0.6631,1.50,1.50
2012.11.05 21:38:21.098,0.66292,0.6631,1.50,2.25
2012.11.05 21:38:21.157,0.66292,0.66309,1.50,1.13
2012.11.05 21:38:21.337,0.66287,0.66305,1.73,1.88
2012.11.05 21:38:21.757,0.66287,0.66305,1.50,2.10
2012.11.05 21:38:22.298,0.66291,0.66311,1.50,1.73
2012.11.05 21:38:23.697,0.66287,0.66305,2.70,1.50
2012.11.05 21:38:23.817,0.66287,0.66305,1.50,1.50
2012.11.05 21:38:24.508,0.66287,0.66305,2.85,1.50
2012.11.05 21:38:28.277,0.66287,0.66305,4.95,1.50
2012.11.05 21:38:28.398,0.66292,0.6631,1.73,1.50
2012.11.05 21:38:31.027,0.66292,0.6631,1.50,1.50
2012.11.05 21:38:32.237,0.66288,0.66306,1.73,1.50
2012.11.05 21:38:32.297,0.66288,0.66306,1.50,1.50
2012.11.05 21:38:33.383,0.66288,0.66306,1.50,2.25
2012.11.05 21:38:33.717,0.66283,0.66301,1.50,2.10
2012.11.05 21:38:35.297,0.66279,0.66297,1.50,1.73
2012.11.05 21:38:35.357,0.66275,0.66293,1.88,1.50
2012.11.05 21:38:35.537,0.66275,0.66293,1.50,2.10
2012.11.05 21:38:37.048,0.66271,0.66289,1.50,1.50
2012.11.05 21:38:37.577,0.66271,0.66289,2.48,1.50
2012.11.05 21:38:37.937,0.66271,0.66289,1.73,1.50
2012.11.05 21:38:38.488,0.66271,0.66289,2.48,1.50
2012.11.05 21:38:38.629,0.66274,0.66292,1.50,1.73
2012.11.05 21:38:39.150,0.66274,0.66294,1.50,2.10
2012.11.05 21:38:39.327,0.66274,0.66294,1.73,2.10
2012.11.05 21:38:39.698,0.66276,0.66294,1.13,1.73
2012.11.05 21:38:39.937,0.66278,0.66299,1.73,1.73
2012.11.05 21:38:40.957,0.66278,0.66299,2.48,1.73
2012.11.05 21:38:41.462,0.66282,0.66302,1.73,1.50
2012.11.05 21:38:41.977,0.66286,0.66302,1.35,1.50
2012.11.05 21:38:42.097,0.66288,0.66306,2.10,1.50
2012.11.05 21:38:42.731,0.66288,0.66306,2.10,1.50
2012.11.05 21:38:43.949,0.66288,0.66306,2.85,1.50
2012.11.05 21:38:44.067,0.66292,0.6631,2.48,1.50
2012.11.05 21:38:46.937,0.66292,0.66308,1.73,1.50
2012.11.05 21:38:47.298,0.66291,0.66306,1.35,1.50
2012.11.05 21:38:47.867,0.66291,0.66311,2.85,1.50
2012.11.05 21:38:48.707,0.6629,0.66306,1.73,1.50
2012.11.05 21:38:48.827,0.66286,0.66306,1.73,1.73
2012.11.05 21:38:49.067,0.66286,0.66306,2.48,1.50
2012.11.05 21:38:50.958,0.66286,0.66303,1.73,1.50
2012.11.05 21:38:51.018,0.66283,0.66301,1.88,1.73
2012.11.05 21:38:52.287,0.66283,0.66301,1.88,1.73
2012.11.05 21:38:52.527,0.66277,0.66297,1.73,1.73
2012.11.05 21:38:52.887,0.66277,0.66297,1.50,1.73
2012.11.05 21:38:55.408,0.66273,0.66293,2.10,1.73
2012.11.05 21:38:56.288,0.66273,0.66291,1.50,1.73
2012.11.05 21:38:56.349,0.66269,0.66289,1.73,1.50
2012.11.05 21:38:56.468,0.66269,0.66286,1.73,1.50
2012.11.05 21:38:56.528,0.66265,0.66285,2.10,1.50
2012.11.05 21:38:57.847,0.66268,0.66285,1.73,1.50
2012.11.05 21:38:57.907,0.66271,0.66289,1.73,1.73
2012.11.05 21:38:58.458,0.66271,0.66289,1.50,1.73
2012.11.05 21:38:58.837,0.66271,0.66289,1.73,1.73
2012.11.05 21:38:59.047,0.66271,0.66287,1.73,1.50
2012.11.05 21:38:59.167,0.66266,0.66286,2.10,1.73
2012.11.05 21:38:59.818,0.66266,0.66286,2.85,1.50
2012.11.05 21:38:59.878,0.66271,0.66289,1.50,1.50
2012.11.05 21:39:01.411,0.66271,0.66287,1.50,1.50
2012.11.05 21:39:01.587,0.66266,0.66286,1.73,1.73
2012.11.05 21:39:02.008,0.66266,0.66286,2.48,1.50
2012.11.05 21:39:02.827,0.66271,0.66289,1.50,1.50
2012.11.05 21:39:03.007,0.66271,0.66289,1.50,1.73
2012.11.05 21:39:03.187,0.66266,0.66286,1.73,1.73
2012.11.05 21:39:04.039,0.66266,0.66286,1.50,1.73
2012.11.05 21:39:05.486,0.66262,0.66282,1.73,1.50
2012.11.05 21:39:12.158,0.6626,0.66277,1.73,1.50
2012.11.05 21:39:12.566,0.66256,0.66277,2.25,1.73
2012.11.05 21:39:19.068,0.66256,0.66277,1.73,1.73
2012.11.05 21:39:32.507,0.66258,0.66276,1.73,1.50
2012.11.05 21:39:49.408,0.66258,0.66276,1.73,1.50
2012.11.05 21:39:53.367,0.66259,0.66279,1.73,1.50
2012.11.05 21:40:16.001,0.66259,0.66279,1.73,1.73
2012.11.05 21:40:26.407,0.66259,0.66279,1.73,1.50
2012.11.05 21:40:34.527,0.6626,0.6628,1.73,1.50
2012.11.05 21:41:03.267,0.6626,0.66278,1.73,1.50
2012.11.05 21:41:03.447,0.66256,0.66277,1.73,1.50
2012.11.05 21:41:26.008,0.66256,0.66277,1.50,1.73
2012.11.05 21:41:26.128,0.66252,0.66273,1.73,1.50
2012.11.05 21:42:26.198,0.66244,0.66281,2.17,1.35
2012.11.05 21:42:35.376,0.66253,0.66282,1.35,1.35
2012.11.05 21:42:35.437,0.66257,0.66277,2.48,1.73
2012.11.05 21:42:37.799,0.66257,0.66277,2.48,1.50
2012.11.05 21:42:41.528,0.66256,0.66273,1.73,1.50
2012.11.05 21:42:41.649,0.66256,0.66275,1.50,1.73
2012.11.05 21:42:41.828,0.66252,0.66273,1.73,1.50
2012.11.05 21:42:56.907,0.66252,0.66273,2.48,1.50
2012.11.05 21:42:57.359,0.6625,0.66268,2.85,1.50
2012.11.05 21:42:57.848,0.6625,0.66268,2.85,1.50
2012.11.05 21:43:17.487,0.66252,0.66272,1.73,1.50
2012.11.05 21:43:26.399,0.66251,0.66268,2.48,1.50
2012.11.05 21:43:26.577,0.66248,0.66268,1.50,1.73
2012.11.05 21:43:27.309,0.66247,0.66264,1.73,1.50
2012.11.05 21:43:54.827,0.66246,0.66264,2.25,1.73
2012.11.05 21:43:55.388,0.66246,0.66264,1.50,1.73
2012.11.05 21:44:01.738,0.66246,0.66264,1.50,1.73
2012.11.05 21:44:02.538,0.66243,0.66266,1.73,1.73
2012.11.05 21:44:05.660,0.66241,0.66266,3.08,1.73
2012.11.05 21:44:05.718,0.66247,0.66268,2.25,1.73
2012.11.05 21:44:05.838,0.66249,0.66274,1.32,1.50
2012.11.05 21:44:06.138,0.66247,0.66274,2.48,1.73
2012.11.05 21:44:14.537,0.66247,0.66274,2.48,1.73
2012.11.05 21:44:22.408,0.66247,0.66274,2.48,1.73
2012.11.05 21:44:41.538,0.66247,0.66273,2.48,1.73
2012.11.05 21:44:42.438,0.66247,0.66273,1.73,1.73
2012.11.05 21:44:42.498,0.66245,0.6627,1.73,1.50
2012.11.05 21:44:42.558,0.66243,0.6627,1.50,1.73
2012.11.05 21:44:42.618,0.66241,0.66264,1.50,1.50
2012.11.05 21:44:42.677,0.66239,0.66264,1.50,1.50
2012.11.05 21:44:42.797,0.66236,0.66261,1.50,1.50
2012.11.05 21:44:43.621,0.66235,0.66261,1.50,1.50
2012.11.05 21:44:43.928,0.66231,0.66256,1.50,1.50
2012.11.05 21:44:45.322,0.6622,0.66271,1.56,1.54
2012.11.05 21:45:15.460,0.6622,0.66271,1.56,2.29
2012.11.05 21:45:19.508,0.66232,0.66266,1.50,1.73
2012.11.05 21:45:20.377,0.66232,0.66266,1.50,1.73
2012.11.05 21:45:28.699,0.66232,0.66266,2.48,1.73
2012.11.05 21:45:28.818,0.66246,0.6628,2.48,2.48
2012.11.05 21:45:28.877,0.66243,0.66276,2.48,1.50
2012.11.05 21:45:28.998,0.66246,0.6628,2.48,2.48
2012.11.05 21:45:30.428,0.66246,0.6628,2.48,1.73
2012.11.05 21:45:30.939,0.66248,0.66279,1.50,1.50
2012.11.05 21:45:31.258,0.66251,0.66276,1.50,1.50
2012.11.05 21:45:31.779,0.66251,0.66274,1.50,1.50
2012.11.05 21:45:31.838,0.66247,0.66272,1.50,1.50
2012.11.05 21:45:33.547,0.66247,0.66272,1.50,1.73
2012.11.05 21:45:35.769,0.66242,0.66269,1.50,1.73
2012.11.05 21:45:36.318,0.66242,0.66269,1.50,2.48
2012.11.05 21:45:39.448,0.66242,0.66269,1.50,1.73
2012.11.05 21:45:43.738,0.66242,0.66269,2.25,1.73
2012.11.05 21:45:44.531,0.66238,0.66265,2.48,1.50
2012.11.05 21:45:46.669,0.66238,0.66265,2.48,2.25
2012.11.05 21:45:46.787,0.66233,0.6626,2.48,2.10
2012.11.05 21:45:47.728,0.66233,0.66259,1.50,1.35
2012.11.05 21:45:48.232,0.66231,0.66255,1.35,1.73
2012.11.05 21:45:51.630,0.66231,0.66255,1.35,1.73
2012.11.05 21:45:51.808,0.66235,0.6626,2.48,2.10
2012.11.05 21:46:02.208,0.66235,0.6626,2.48,2.10
2012.11.05 21:46:05.848,0.66229,0.66256,2.10,1.88
2012.11.05 21:46:05.915,0.66229,0.66256,2.10,2.10
2012.11.05 21:46:08.079,0.66233,0.66258,2.48,2.10
2012.11.05 21:46:09.680,0.66233,0.66259,1.73,2.10
2012.11.05 21:46:13.529,0.66233,0.66259,2.48,2.10
2012.11.05 21:46:23.228,0.66233,0.6626,1.73,1.73
2012.11.05 21:46:23.348,0.66244,0.66264,1.50,1.35
2012.11.05 21:46:23.528,0.66242,0.66266,1.50,2.48
2012.11.05 21:46:24.034,0.66241,0.66266,1.50,2.48
2012.11.05 21:46:29.948,0.66241,0.66266,2.25,2.48
2012.11.05 21:46:30.008,0.66245,0.66268,1.73,1.50
2012.11.05 21:46:30.068,0.66245,0.6627,1.73,1.50
2012.11.05 21:46:30.568,0.66247,0.6627,1.50,1.50
2012.11.05 21:46:30.627,0.66249,0.66274,1.50,1.50
2012.11.05 21:46:51.407,0.66247,0.66274,3.00,1.50
2012.11.05 21:47:03.609,0.66247,0.66274,1.50,1.73
2012.11.05 21:47:07.228,0.66247,0.6627,1.50,1.73
2012.11.05 21:47:07.288,0.66241,0.66268,2.25,1.73
2012.11.05 21:47:07.847,0.66241,0.66268,1.50,1.73
2012.11.05 21:47:17.340,0.66241,0.66268,2.25,1.73
2012.11.05 21:47:25.147,0.66239,0.66264,2.25,1.50
2012.11.05 21:47:25.207,0.66239,0.66264,1.50,1.50
2012.11.05 21:47:25.267,0.66237,0.66264,2.48,1.50
2012.11.05 21:48:06.367,0.66237,0.66262,2.25,1.50
2012.11.05 21:48:16.361,0.6624,0.66265,1.50,1.50
2012.11.05 21:48:17.207,0.6624,0.66266,1.50,1.50
2012.11.05 21:48:19.299,0.66236,0.66263,2.25,1.50
2012.11.05 21:48:22.767,0.66238,0.66263,1.50,1.50
2012.11.05 21:48:22.908,0.66239,0.66267,1.50,1.50
2012.11.05 21:48:40.238,0.66239,0.66267,1.73,1.50
2012.11.05 21:48:40.638,0.66244,0.66268,1.50,1.50
2012.11.05 21:48:40.700,0.66244,0.66271,1.50,1.50
2012.11.05 21:48:56.950,0.66244,0.66269,1.50,1.50
2012.11.05 21:48:57.068,0.6624,0.66268,1.73,1.50
2012.11.05 21:48:58.579,0.66243,0.66268,1.50,1.50
2012.11.05 21:48:58.639,0.66244,0.66271,1.50,1.50
2012.11.05 21:48:58.698,0.66243,0.66268,1.50,1.50
2012.11.05 21:48:58.758,0.6624,0.66268,1.73,1.50
2012.11.05 21:49:00.049,0.66243,0.66268,1.50,1.50
2012.11.05 21:49:00.108,0.66244,0.66272,1.50,1.50
2012.11.05 21:49:01.681,0.66243,0.66267,1.50,1.50
2012.11.05 21:49:02.250,0.66242,0.66267,1.50,1.50
2012.11.05 21:49:05.568,0.66244,0.66272,1.50,1.50
2012.11.05 21:49:13.939,0.6624,0.66268,1.50,1.50
2012.11.05 21:49:30.358,0.66243,0.66268,1.50,1.50
2012.11.05 21:49:30.689,0.66245,0.6627,1.50,1.50
2012.11.05 21:49:51.508,0.66242,0.66267,1.50,1.50
2012.11.05 21:50:00.228,0.66243,0.66267,1.50,1.50
2012.11.05 21:50:00.288,0.66245,0.66271,1.50,1.50
2012.11.05 21:50:00.408,0.66248,0.66275,1.50,1.50
2012.11.05 21:50:11.008,0.66248,0.66272,1.50,1.50
2012.11.05 21:50:11.188,0.66245,0.6627,1.50,1.50
2012.11.05 21:50:26.880,0.66245,0.6627,2.25,1.50
2012.11.05 21:50:26.998,0.66251,0.66275,1.35,1.50
2012.11.05 21:50:30.948,0.66254,0.66275,1.13,1.50
2012.11.05 21:50:31.198,0.66254,0.66278,1.35,2.10
2012.11.05 21:50:33.288,0.66252,0.66278,2.10,2.10
2012.11.05 21:50:33.618,0.66254,0.66278,1.13,2.10
2012.11.05 21:50:33.798,0.66254,0.66278,1.35,2.10
2012.11.05 21:50:34.148,0.66252,0.66278,2.85,2.85
2012.11.05 21:50:34.269,0.66255,0.66278,1.50,1.35
2012.11.05 21:50:34.927,0.66252,0.66277,2.63,1.73
2012.11.05 21:50:36.198,0.66254,0.66277,1.13,1.73
2012.11.05 21:50:36.500,0.66269,0.66286,1.50,1.50
2012.11.05 21:50:36.679,0.66269,0.66293,1.50,1.50
2012.11.05 21:50:36.799,0.66269,0.66296,1.50,2.48
2012.11.05 21:50:36.978,0.66266,0.66292,1.50,2.48
2012.11.05 21:50:37.535,0.66266,0.66292,1.50,2.48
2012.11.05 21:50:37.599,0.66266,0.66292,2.25,1.73
2012.11.05 21:50:37.788,0.66266,0.66292,2.25,1.73
2012.11.05 21:50:37.969,0.66262,0.66288,1.50,2.48
2012.11.05 21:50:38.148,0.66257,0.66284,1.50,1.73
2012.11.05 21:50:38.488,0.66253,0.66281,1.50,1.50
2012.11.05 21:50:38.552,0.66253,0.66281,1.50,1.73
2012.11.05 21:50:39.418,0.66253,0.66281,1.50,2.48
2012.11.05 21:50:39.808,0.66251,0.66276,1.50,2.48
2012.11.05 21:50:39.869,0.66251,0.66276,1.50,2.48
2012.11.05 21:50:41.419,0.66251,0.66274,1.50,2.82
2012.11.05 21:50:41.538,0.66243,0.66268,2.10,2.25
2012.11.05 21:50:41.659,0.66246,0.66272,1.50,2.48
2012.11.05 21:50:41.958,0.66246,0.66272,2.25,1.73
2012.11.05 21:50:42.719,0.6625,0.66272,1.13,1.73
2012.11.05 21:50:42.779,0.6625,0.66277,2.85,1.50
2012.11.05 21:50:42.912,0.66254,0.66273,1.73,1.13
2012.11.05 21:50:43.088,0.66251,0.66276,1.50,2.48
2012.11.05 21:50:43.508,0.66251,0.66276,1.50,2.48
2012.11.05 21:50:43.748,0.66247,0.66272,2.48,1.50
2012.11.05 21:50:43.809,0.66249,0.66277,2.25,1.73
2012.11.05 21:50:43.868,0.66249,0.66277,1.50,2.10
2012.11.05 21:50:44.050,0.66249,0.66268,1.50,1.13
2012.11.05 21:50:44.430,0.66243,0.66268,1.88,2.85
2012.11.05 21:50:44.739,0.66249,0.66268,1.13,1.73
2012.11.05 21:50:44.859,0.66249,0.6627,1.13,1.50
2012.11.05 21:50:44.918,0.66246,0.6627,2.10,2.25
2012.11.05 21:50:45.218,0.66243,0.66268,1.50,2.85
2012.11.05 21:50:45.278,0.66245,0.66268,1.50,2.85
2012.11.05 21:50:45.338,0.66243,0.66268,1.50,2.85
2012.11.05 21:50:45.398,0.66243,0.66268,2.25,2.48
2012.11.05 21:50:45.586,0.66249,0.66268,1.13,1.50
2012.11.05 21:50:45.648,0.66243,0.66268,3.45,1.88
2012.11.05 21:50:45.709,0.66243,0.66268,2.48,2.10
2012.11.05 21:50:45.889,0.66246,0.66269,1.50,1.35
2012.11.05 21:50:45.948,0.66244,0.66268,1.50,2.10
2012.11.05 21:50:46.209,0.66249,0.66268,1.13,1.73
2012.11.05 21:50:46.748,0.66249,0.66272,1.13,1.73
2012.11.05 21:50:47.111,0.66247,0.66272,1.88,2.48
2012.11.05 21:50:47.288,0.66247,0.66269,1.50,1.13
2012.11.05 21:50:47.409,0.66243,0.66268,1.50,2.10
2012.11.05 21:50:47.468,0.66243,0.66268,1.50,1.50
2012.11.05 21:50:47.588,0.66247,0.66272,1.50,2.48
2012.11.05 21:50:48.398,0.66247,0.66272,2.25,1.73
2012.11.05 21:50:48.578,0.66252,0.66277,1.88,1.73
2012.11.05 21:50:50.374,0.66256,0.66279,1.50,2.85
2012.11.05 21:50:50.444,0.66256,0.66281,2.25,2.10
2012.11.05 21:50:50.849,0.66256,0.66281,2.25,2.10
2012.11.05 21:50:51.028,0.66261,0.66286,1.13,2.10
2012.11.05 21:50:52.559,0.66256,0.66282,1.73,1.50
2012.11.05 21:50:53.067,0.66262,0.66286,1.35,2.10
2012.11.05 21:50:53.338,0.66259,0.66286,1.88,2.85
2012.11.05 21:50:53.639,0.66262,0.66286,1.13,2.10
2012.11.05 21:50:53.989,0.66259,0.66286,1.88,2.85
2012.11.05 21:50:55.539,0.66261,0.66286,1.35,2.10
2012.11.05 21:50:55.598,0.66264,0.66287,1.50,2.10
2012.11.05 21:50:55.659,0.66264,0.66289,1.73,2.85
2012.11.05 21:50:56.178,0.66264,0.66285,1.73,1.35
2012.11.05 21:50:56.848,0.66259,0.66284,2.10,2.48
2012.11.05 21:50:57.930,0.66259,0.66284,2.85,1.73
2012.11.05 21:50:58.050,0.66262,0.66288,1.73,2.10
2012.11.05 21:50:58.709,0.66262,0.66288,1.50,2.10
2012.11.05 21:50:59.528,0.66264,0.66288,1.50,2.10
2012.11.05 21:50:59.648,0.66266,0.66289,1.50,1.35
2012.11.05 21:51:00.608,0.66261,0.66289,2.48,2.85
2012.11.05 21:51:01.619,0.66259,0.66285,1.35,2.10
2012.11.05 21:51:07.199,0.66258,0.66285,2.10,2.85
2012.11.05 21:51:07.318,0.66254,0.66281,1.50,1.73
2012.11.05 21:51:07.913,0.66252,0.66276,1.50,1.50
2012.11.05 21:51:08.268,0.66251,0.66276,1.50,1.73
2012.11.05 21:51:08.979,0.66249,0.66269,1.50,1.13
2012.11.05 21:51:09.099,0.66246,0.66269,1.50,1.35
2012.11.05 21:51:11.009,0.66245,0.66269,1.50,2.85
2012.11.05 21:51:11.069,0.66242,0.66269,1.88,2.85
2012.11.05 21:51:12.138,0.66243,0.66269,1.13,2.10
2012.11.05 21:51:12.259,0.66243,0.66269,1.35,2.10
2012.11.05 21:51:12.620,0.66243,0.66269,1.35,2.10
2012.11.05 21:51:12.798,0.6625,0.6627,1.35,1.50
2012.11.05 21:51:12.919,0.66249,0.6627,1.50,2.10
2012.11.05 21:51:13.039,0.66246,0.66273,2.25,3.23
2012.11.05 21:51:13.479,0.66246,0.66273,2.25,2.48
2012.11.05 21:51:13.599,0.66246,0.66273,2.48,2.48
2012.11.05 21:51:13.899,0.6625,0.66273,1.13,1.73
2012.11.05 21:51:14.329,0.6625,0.66277,1.35,2.10
2012.11.05 21:51:14.469,0.66254,0.66278,2.25,2.10
2012.11.05 21:51:14.648,0.66254,0.6628,2.48,2.10
2012.11.05 21:51:14.899,0.66256,0.6628,1.35,1.73
2012.11.05 21:51:15.026,0.66257,0.66282,2.10,1.73
2012.11.05 21:51:15.568,0.66258,0.66285,1.35,2.10
2012.11.05 21:51:15.928,0.66258,0.66285,1.35,2.10
2012.11.05 21:51:16.110,0.66266,0.66285,1.35,1.50
2012.11.05 21:51:16.348,0.66266,0.66288,1.35,1.50
2012.11.05 21:51:16.868,0.66266,0.66292,1.35,2.10
2012.11.05 21:51:17.318,0.66266,0.66292,1.35,1.88
2012.11.05 21:51:17.439,0.66272,0.66292,1.35,1.50
2012.11.05 21:51:17.569,0.66274,0.66299,2.48,1.50
2012.11.05 21:51:17.688,0.66274,0.66299,2.48,1.50
2012.11.05 21:51:17.809,0.66277,0.66304,2.48,1.50
2012.11.05 21:51:18.978,0.66277,0.66304,1.73,1.50
2012.11.05 21:51:19.198,0.66279,0.66304,2.25,1.50
2012.11.05 21:51:19.262,0.66281,0.66308,2.25,1.50
2012.11.05 21:51:19.538,0.66281,0.66306,1.50,1.50
2012.11.05 21:51:19.748,0.66281,0.66308,1.50,1.50
2012.11.05 21:51:19.883,0.66278,0.66304,1.73,1.50
2012.11.05 21:51:20.510,0.66269,0.66308,2.48,1.73
2012.11.05 21:51:24.408,0.66276,0.66308,1.35,1.73
2012.11.05 21:51:24.721,0.66278,0.66313,1.35,1.35
2012.11.05 21:51:26.759,0.66268,0.66314,2.48,2.48
2012.11.05 21:51:28.219,0.66278,0.66313,1.13,1.35
2012.11.05 21:51:28.528,0.66278,0.66313,1.35,1.35
2012.11.05 21:51:29.166,0.66278,0.66313,1.35,1.35
2012.11.05 21:51:29.489,0.66272,0.66299,1.41,1.13
2012.11.05 21:51:29.549,0.66269,0.66299,1.88,1.35
2012.11.05 21:51:29.674,0.66269,0.66303,1.88,1.03
2012.11.05 21:51:29.919,0.66277,0.66308,1.13,1.41
2012.11.05 21:51:29.978,0.66273,0.66308,2.25,1.41
2012.11.05 21:51:30.048,0.6628,0.66305,1.50,2.16
2012.11.05 21:51:30.109,0.66275,0.66302,2.25,1.73
2012.11.05 21:51:30.168,0.66275,0.66302,2.48,1.50
2012.11.05 21:51:30.350,0.66275,0.66302,2.48,1.50
2012.11.05 21:51:31.158,0.66275,0.66302,2.48,2.25
2012.11.05 21:51:31.488,0.66271,0.66296,1.50,2.85
2012.11.05 21:51:31.791,0.66271,0.66295,1.50,1.50
2012.11.05 21:51:31.939,0.66269,0.66293,1.50,2.48
2012.11.05 21:51:32.347,0.66266,0.66293,1.50,2.48
2012.11.05 21:51:32.588,0.66271,0.66296,1.50,1.73
2012.11.05 21:51:32.828,0.66276,0.66301,1.50,1.50
2012.11.05 21:51:33.600,0.66276,0.66301,1.50,2.25
2012.11.05 21:51:33.718,0.66271,0.66296,1.50,1.13
2012.11.05 21:51:33.779,0.66271,0.66296,1.50,1.35
2012.11.05 21:51:34.334,0.66271,0.66298,2.25,2.10
2012.11.05 21:51:34.769,0.66267,0.66294,1.50,2.48
2012.11.05 21:51:35.439,0.66267,0.66291,1.50,2.48
2012.11.05 21:51:35.499,0.66263,0.66288,1.50,1.35
2012.11.05 21:51:35.619,0.66263,0.66288,1.50,1.35
2012.11.05 21:51:36.519,0.66263,0.66289,1.50,1.45
2012.11.05 21:51:36.638,0.66259,0.66284,1.50,2.48
2012.11.05 21:51:37.141,0.66259,0.66284,1.50,2.48
2012.11.05 21:51:37.678,0.66259,0.66284,1.50,2.48
2012.11.05 21:51:37.738,0.66257,0.66277,1.50,1.50
2012.11.05 21:51:37.799,0.66252,0.66277,1.50,1.50
2012.11.05 21:51:37.858,0.66252,0.66277,1.50,1.73
2012.11.05 21:51:38.650,0.66252,0.66277,1.50,2.48
2012.11.05 21:51:38.768,0.6625,0.66272,1.50,1.35
2012.11.05 21:51:38.828,0.66241,0.66272,2.48,1.35
2012.11.05 21:51:39.408,0.66241,0.66275,3.23,1.41
2012.11.05 21:51:39.709,0.66244,0.66272,1.50,1.35
2012.11.05 21:51:40.076,0.66236,0.6627,1.35,1.23
2012.11.05 21:51:40.676,0.66236,0.66271,1.35,1.23
2012.11.05 21:51:41.439,0.66239,0.66274,1.35,1.60
2012.11.05 21:51:41.499,0.6624,0.66274,2.91,1.35
2012.11.05 21:51:42.204,0.66245,0.66277,2.48,1.73
2012.11.05 21:51:42.274,0.66246,0.66273,2.25,2.10
2012.11.05 21:51:42.650,0.6625,0.66276,2.48,3.23
2012.11.05 21:51:43.204,0.6625,0.66274,1.73,1.35
2012.11.05 21:51:46.398,0.66247,0.66272,2.48,2.10
2012.11.05 21:51:46.518,0.66248,0.66272,1.35,1.50
2012.11.05 21:51:46.586,0.6625,0.66274,2.48,1.50
2012.11.05 21:51:46.999,0.6625,0.66276,2.48,1.73
2012.11.05 21:51:47.179,0.6625,0.66276,1.73,2.48
2012.11.05 21:51:47.299,0.6625,0.66276,1.50,2.48
2012.11.05 21:51:47.958,0.6625,0.66276,2.25,1.73
2012.11.05 21:51:48.078,0.6625,0.66276,2.48,1.73
2012.11.05 21:51:51.269,0.66256,0.66281,1.35,1.50
2012.11.05 21:51:51.334,0.66263,0.66283,1.73,1.50
2012.11.05 21:51:51.399,0.66263,0.6629,1.73,2.48
2012.11.05 21:51:51.958,0.66263,0.6629,1.73,2.48
2012.11.05 21:51:52.018,0.66263,0.6629,1.73,2.48
2012.11.05 21:51:52.138,0.66263,0.6629,1.73,1.73
2012.11.05 21:51:54.008,0.66263,0.6629,2.48,1.50
2012.11.05 21:51:55.178,0.66263,0.6629,2.85,1.50
2012.11.05 21:51:55.359,0.66269,0.66296,2.48,1.73
2012.11.05 21:51:59.819,0.66274,0.66299,1.73,1.50
2012.11.05 21:52:00.058,0.66274,0.66299,1.50,2.48
2012.11.05 21:52:00.715,0.6627,0.66295,2.48,1.50
2012.11.05 21:52:01.070,0.66266,0.66292,2.48,1.73
2012.11.05 21:52:02.860,0.66266,0.66292,2.48,1.73
2012.11.05 21:52:03.099,0.6627,0.66295,2.48,1.50
2012.11.05 21:52:03.278,0.6627,0.66295,1.50,2.48
2012.11.05 21:52:03.648,0.6627,0.66295,2.25,1.73
2012.11.05 21:52:03.828,0.6627,0.66295,2.48,1.50
2012.11.05 21:52:04.028,0.6627,0.66295,1.73,2.48
2012.11.05 21:52:04.348,0.6627,0.66295,2.48,1.73
2012.11.05 21:52:04.842,0.66268,0.66291,1.73,2.25
2012.11.05 21:52:04.914,0.66268,0.66295,2.48,1.50
2012.11.05 21:52:04.979,0.66268,0.66295,1.73,2.25
2012.11.05 21:52:05.039,0.66268,0.66295,1.50,2.48
2012.11.05 21:52:05.098,0.66265,0.6629,1.50,2.48
2012.11.05 21:52:05.390,0.66265,0.6629,2.25,1.73
2012.11.05 21:52:05.571,0.66268,0.66295,2.48,1.73
2012.11.05 21:52:06.928,0.66268,0.66295,1.73,2.48
2012.11.05 21:52:07.229,0.66265,0.6629,1.50,2.25
2012.11.05 21:52:08.140,0.66265,0.6629,1.50,2.25
2012.11.05 21:52:08.378,0.66263,0.66286,1.50,2.48
2012.11.05 21:52:08.749,0.66261,0.66286,1.50,2.48
2012.11.05 21:52:09.085,0.66261,0.66286,1.50,1.73
2012.11.05 21:52:09.388,0.66261,0.66286,2.25,1.50
2012.11.05 21:52:09.568,0.66267,0.66292,2.25,1.73
2012.11.05 21:52:09.630,0.66267,0.66292,2.48,1.50
2012.11.05 21:52:10.448,0.66267,0.66292,2.48,1.50
2012.11.05 21:52:10.569,0.6627,0.66298,2.48,1.50
2012.11.05 21:52:12.870,0.6627,0.66298,2.48,1.50
2012.11.05 21:52:12.928,0.66275,0.66301,2.25,1.50
2012.11.05 21:52:12.989,0.66278,0.66306,2.25,1.50
2012.11.05 21:52:14.129,0.66282,0.66309,1.50,2.25
2012.11.05 21:52:17.659,0.66284,0.66309,1.50,2.25
2012.11.05 21:52:18.018,0.66291,0.66316,1.50,2.25
2012.11.05 21:52:18.629,0.66291,0.66316,2.25,1.50
2012.11.05 21:52:18.688,0.66291,0.66316,1.50,1.50
2012.11.05 21:52:18.929,0.66291,0.66315,1.50,1.13
2012.11.05 21:52:19.049,0.66288,0.66312,1.50,2.25
2012.11.05 21:52:19.599,0.66287,0.66312,1.50,2.25
2012.11.05 21:52:19.659,0.66287,0.66312,1.50,1.50
2012.11.05 21:52:19.959,0.6629,0.66315,2.25,1.50
2012.11.05 21:52:20.018,0.6629,0.66317,2.25,1.50
2012.11.05 21:52:21.850,0.6629,0.66317,1.50,2.25
2012.11.05 21:52:22.368,0.66288,0.66312,1.50,2.25
2012.11.05 21:52:22.900,0.66287,0.66312,2.25,1.50
2012.11.05 21:52:22.959,0.66291,0.66315,2.25,1.73
2012.11.05 21:52:23.530,0.66291,0.66316,2.25,1.50
2012.11.05 21:52:24.169,0.66289,0.6631,1.50,2.25
2012.11.05 21:52:24.228,0.66282,0.6631,2.48,2.25
2012.11.05 21:52:24.349,0.66282,0.6631,2.25,2.48
2012.11.05 21:52:24.669,0.66282,0.6631,2.25,1.73
2012.11.05 21:52:24.791,0.6629,0.66318,2.25,1.50
2012.11.05 21:52:27.130,0.6629,0.66318,2.25,1.50
2012.11.05 21:52:27.368,0.66295,0.6632,2.25,1.50
2012.11.05 21:52:28.899,0.66295,0.6632,1.50,2.25
2012.11.05 21:52:28.959,0.66292,0.6631,1.50,2.25
2012.11.05 21:52:29.078,0.66285,0.6631,1.50,2.25
2012.11.05 21:52:29.199,0.66288,0.66313,2.63,1.50
2012.11.05 21:52:29.259,0.66288,0.66315,2.63,1.73
2012.11.05 21:52:29.498,0.66288,0.66315,1.50,2.48
2012.11.05 21:52:30.000,0.66287,0.66311,1.50,1.50
2012.11.05 21:52:30.059,0.66284,0.66311,1.50,1.50
2012.11.05 21:52:30.630,0.66284,0.66311,1.50,2.25
2012.11.05 21:52:31.278,0.66284,0.66308,1.50,1.50
2012.11.05 21:52:31.342,0.66281,0.66306,2.25,1.50
2012.11.05 21:52:32.999,0.66279,0.66303,1.50,1.50
2012.11.05 21:52:33.488,0.66276,0.66303,2.25,1.50
2012.11.05 21:52:33.980,0.66276,0.66303,1.50,2.25
2012.11.05 21:52:34.039,0.66272,0.66299,1.50,2.25
2012.11.05 21:52:35.958,0.66276,0.66301,2.25,1.50
2012.11.05 21:52:36.019,0.66276,0.66303,2.25,1.50
2012.11.05 21:52:37.990,0.6628,0.66307,2.25,1.50
2012.11.05 21:52:38.439,0.6628,0.66307,2.25,2.48
2012.11.05 21:52:38.558,0.66275,0.66302,2.25,1.50
2012.11.05 21:52:41.339,0.66273,0.66298,2.25,1.50
2012.11.05 21:52:41.668,0.66271,0.66298,2.63,1.50
2012.11.05 21:52:41.729,0.66277,0.663,2.25,1.50
2012.11.05 21:52:41.789,0.66277,0.66302,2.25,1.50
2012.11.05 21:52:42.208,0.66282,0.66304,2.25,1.50
2012.11.05 21:52:42.269,0.66282,0.66307,2.25,1.50
2012.11.05 21:52:42.388,0.66285,0.66309,2.25,1.50
2012.11.05 21:52:42.453,0.66285,0.66312,2.25,1.88
2012.11.05 21:52:43.808,0.66283,0.66307,2.25,1.50
2012.11.05 21:52:44.178,0.66282,0.66307,1.50,1.50
2012.11.05 21:52:44.298,0.66282,0.66305,1.50,1.50
2012.11.05 21:52:44.358,0.66276,0.66303,2.25,1.50
2012.11.05 21:52:45.398,0.66276,0.66303,2.25,2.10
2012.11.05 21:52:46.910,0.66277,0.66303,1.13,1.50
2012.11.05 21:52:47.218,0.66284,0.66311,2.25,1.50
2012.11.05 21:52:49.028,0.66288,0.66315,2.25,1.50
2012.11.05 21:52:49.149,0.66288,0.66315,1.50,2.25
2012.11.05 21:52:49.388,0.66285,0.6631,1.73,1.50
2012.11.05 21:52:49.568,0.66281,0.66306,1.50,1.50
2012.11.05 21:52:50.311,0.66281,0.66305,1.50,1.50
2012.11.05 21:52:50.368,0.66276,0.66303,2.25,1.50
2012.11.05 21:52:50.948,0.66281,0.66305,1.50,1.50
2012.11.05 21:52:51.009,0.66281,0.66308,1.50,1.50
2012.11.05 21:52:51.489,0.66281,0.66306,1.50,1.50
2012.11.05 21:52:51.848,0.66278,0.66303,1.50,1.50
2012.11.05 21:52:53.519,0.6628,0.66309,1.50,2.48
2012.11.05 21:52:55.160,0.6628,0.66309,1.88,2.25
2012.11.05 21:52:55.510,0.66284,0.66312,1.73,2.25
2012.11.05 21:52:55.742,0.66284,0.66312,2.48,1.50
2012.11.05 21:52:55.858,0.66284,0.66312,2.48,1.50
2012.11.05 21:52:56.058,0.66291,0.66314,2.25,1.50
2012.11.05 21:52:56.399,0.66291,0.66319,2.25,2.25
2012.11.05 21:52:56.889,0.66291,0.66319,2.48,2.25
2012.11.05 21:52:57.129,0.663,0.66326,2.25,2.25
2012.11.05 21:52:57.611,0.663,0.66326,1.50,1.50
2012.11.05 21:52:59.719,0.663,0.66326,1.50,2.25
2012.11.05 21:52:59.908,0.66296,0.66322,1.50,1.50
2012.11.05 21:53:00.698,0.66296,0.66322,1.50,2.25
2012.11.05 21:53:00.878,0.66291,0.66319,1.50,2.25
2012.11.05 21:53:04.529,0.66294,0.66319,1.50,2.25
2012.11.05 21:53:05.054,0.66295,0.66322,1.50,2.48
2012.11.05 21:53:05.471,0.66292,0.66318,1.50,2.25
2012.11.05 21:53:05.649,0.6629,0.66315,2.25,1.50
2012.11.05 21:53:05.769,0.66293,0.66318,1.50,1.50
2012.11.05 21:53:06.381,0.66295,0.66321,1.50,1.50
2012.11.05 21:53:06.438,0.66295,0.66323,1.50,2.25
2012.11.05 21:53:11.479,0.66295,0.66323,1.50,2.63
2012.11.05 21:53:11.599,0.66291,0.66319,1.50,2.25
2012.11.05 21:53:12.350,0.66291,0.66319,2.25,1.50
2012.11.05 21:53:12.888,0.66293,0.66319,1.50,1.50
2012.11.05 21:53:13.009,0.66296,0.66322,1.50,1.50
2012.11.05 21:53:17.249,0.66296,0.66322,1.50,2.48
2012.11.05 21:53:17.309,0.66291,0.66319,1.50,2.25
2012.11.05 21:53:20.428,0.66291,0.66319,1.50,2.25
2012.11.05 21:53:20.930,0.66291,0.66319,2.25,1.50
2012.11.05 21:53:21.358,0.66296,0.66322,1.50,1.50
2012.11.05 21:53:27.239,0.66296,0.66322,2.25,1.50
2012.11.05 21:53:27.358,0.663,0.66326,1.50,1.50
2012.11.05 21:53:44.379,0.66296,0.66322,1.50,1.50
2012.11.05 21:53:46.679,0.66294,0.66318,1.50,1.50
2012.11.05 21:53:46.738,0.66292,0.66318,1.50,1.50
2012.11.05 21:53:47.559,0.6629,0.66314,2.25,1.50
2012.11.05 21:53:47.739,0.66291,0.66317,2.25,1.50
2012.11.05 21:53:47.969,0.66294,0.6632,1.50,1.50
2012.11.05 21:53:48.569,0.66294,0.66321,1.50,1.50
2012.11.05 21:53:51.198,0.66294,0.66321,2.25,1.50
2012.11.05 21:53:51.440,0.66291,0.66317,2.25,1.50
2012.11.05 21:53:53.629,0.66295,0.66321,1.50,1.50
2012.11.05 21:53:53.740,0.66295,0.66319,1.50,1.50
2012.11.05 21:53:53.798,0.66289,0.66318,2.48,1.50
2012.11.05 21:53:54.039,0.66294,0.66321,1.50,1.50
2012.11.05 21:53:54.461,0.66298,0.66324,1.50,1.50
2012.11.05 21:53:55.139,0.66298,0.66322,1.50,1.50
2012.11.05 21:53:55.459,0.66294,0.6632,1.73,1.50
2012.11.05 21:53:57.019,0.66294,0.6632,2.48,1.50
2012.11.05 21:53:58.849,0.66294,0.6632,1.50,1.50
2012.11.05 21:53:59.371,0.66294,0.6632,2.25,1.50
2012.11.05 21:53:59.989,0.66294,0.6632,1.50,1.50
2012.11.05 21:54:00.670,0.66292,0.66317,1.50,1.50
2012.11.05 21:54:01.199,0.6629,0.66317,2.48,1.50
2012.11.05 21:54:01.549,0.66287,0.66313,1.73,1.50
2012.11.05 21:54:04.218,0.66285,0.66309,2.25,1.50
2012.11.05 21:54:13.160,0.66284,0.66309,2.25,1.50
2012.11.05 21:54:14.219,0.66284,0.66309,1.50,2.25
2012.11.05 21:54:14.279,0.6628,0.66305,1.50,1.50
2012.11.05 21:54:14.339,0.6628,0.66298,1.50,1.50
2012.11.05 21:54:14.398,0.66269,0.66297,1.50,1.50
2012.11.05 21:54:16.370,0.66269,0.66297,1.50,2.25
2012.11.05 21:54:16.489,0.66264,0.6629,1.50,1.58
2012.11.05 21:54:17.170,0.66261,0.66286,1.50,2.48
2012.11.05 21:54:18.169,0.66261,0.66286,1.50,1.73
2012.11.05 21:54:18.409,0.66263,0.66286,1.50,1.50
2012.11.05 21:54:18.469,0.66264,0.66291,1.50,2.85
2012.11.05 21:54:21.100,0.66264,0.66291,1.50,2.85
2012.11.05 21:54:21.349,0.6626,0.66287,1.50,2.25
2012.11.05 21:54:26.600,0.6626,0.66287,1.50,1.73
2012.11.05 21:54:26.779,0.66264,0.66291,1.50,1.73
2012.11.05 21:54:27.549,0.66264,0.66291,1.50,1.50
2012.11.05 21:54:28.919,0.66264,0.6629,1.50,1.13
2012.11.05 21:54:29.499,0.66261,0.66286,1.50,2.48
2012.11.05 21:54:34.208,0.66261,0.66286,1.50,1.73
2012.11.05 21:54:40.515,0.66263,0.66288,1.50,2.25
2012.11.05 21:54:40.760,0.66259,0.66285,1.50,1.50
2012.11.05 21:54:40.940,0.66259,0.66285,2.25,1.50
2012.11.05 21:54:41.179,0.66259,0.66285,1.50,2.25
2012.11.05 21:54:42.000,0.66259,0.66285,2.25,1.50
2012.11.05 21:54:43.379,0.66259,0.66285,2.25,1.50
2012.11.05 21:54:43.500,0.66262,0.6629,1.50,1.73
2012.11.05 21:55:00.149,0.66262,0.6629,2.25,2.48
2012.11.05 21:55:09.209,0.66256,0.66297,1.13,2.10
2012.11.05 21:55:09.329,0.66257,0.66297,2.48,1.35
2012.11.05 21:55:09.620,0.66257,0.66298,2.48,1.35
2012.11.05 21:55:09.738,0.66257,0.66301,2.48,1.73
2012.11.05 21:55:10.648,0.66257,0.66311,2.48,1.09
2012.11.05 21:55:10.769,0.66258,0.66313,1.43,1.28
2012.11.05 21:55:11.378,0.66258,0.66315,1.43,2.48
2012.11.05 21:55:11.498,0.66257,0.66293,2.25,1.35
2012.11.05 21:55:27.219,0.6626,0.66302,1.50,2.48
2012.11.05 21:55:29.970,0.6626,0.66302,2.25,2.48
2012.11.05 21:55:33.548,0.66262,0.66303,1.50,2.77
2012.11.05 21:55:54.548,0.66259,0.66303,2.25,2.77
2012.11.05 21:56:01.890,0.66259,0.66303,1.50,3.13
2012.11.05 21:56:14.618,0.66258,0.66298,3.00,2.48
2012.11.05 21:56:17.968,0.66249,0.66291,2.48,2.48
2012.11.05 21:56:18.889,0.66249,0.66291,2.48,1.73
2012.11.05 21:56:19.138,0.66258,0.66298,2.48,2.25
2012.11.05 21:56:19.398,0.66258,0.66298,1.73,2.25
2012.11.05 21:56:19.518,0.66258,0.66298,1.50,2.48
2012.11.05 21:56:21.360,0.66258,0.66296,2.25,1.29
2012.11.05 21:56:21.598,0.66258,0.66298,2.25,2.48
2012.11.05 21:56:21.966,0.66258,0.66298,2.25,2.48
2012.11.05 21:56:22.028,0.66258,0.66298,2.48,2.48
2012.11.05 21:56:22.149,0.66258,0.66298,2.48,2.48
2012.11.05 21:56:26.420,0.66258,0.66298,1.50,2.48
2012.11.05 21:56:26.538,0.66251,0.66291,2.25,2.48
2012.11.05 21:56:27.958,0.66251,0.66291,2.25,1.73
2012.11.05 21:56:28.084,0.66257,0.66298,2.48,2.48
2012.11.05 21:56:28.208,0.66257,0.66297,2.25,1.36
2012.11.05 21:56:28.518,0.66257,0.66297,2.25,1.36
2012.11.05 21:56:28.949,0.66257,0.66298,2.48,2.48
2012.11.05 21:56:29.431,0.66265,0.66305,2.25,2.48
2012.11.05 21:56:30.600,0.66265,0.66305,2.48,1.73
2012.11.05 21:56:30.848,0.66272,0.66312,2.48,1.73
2012.11.05 21:56:31.150,0.66272,0.66312,1.73,2.48
2012.11.05 21:56:31.268,0.6627,0.66304,1.50,3.98
2012.11.05 21:56:31.653,0.66265,0.66304,2.25,3.98
2012.11.05 21:56:32.968,0.66265,0.66303,2.25,3.23
2012.11.05 21:56:33.028,0.66265,0.66303,2.48,3.23
2012.11.05 21:56:33.148,0.66265,0.66305,2.48,2.48
2012.11.05 21:56:34.158,0.66265,0.66305,2.25,1.73
2012.11.05 21:56:34.338,0.66265,0.66305,2.48,1.50
2012.11.05 21:56:34.641,0.66273,0.66313,2.48,2.48
2012.11.05 21:56:34.879,0.66273,0.66313,1.73,2.48
2012.11.05 21:56:35.059,0.66271,0.66303,1.50,3.23
2012.11.05 21:56:35.118,0.66264,0.66303,2.25,3.98
2012.11.05 21:56:44.218,0.66264,0.66303,2.25,3.98
2012.11.05 21:56:44.338,0.66264,0.66306,2.48,2.48
2012.11.05 21:56:45.600,0.66264,0.66306,2.48,1.73
2012.11.05 21:56:45.778,0.66271,0.66313,2.48,2.48
2012.11.05 21:56:46.958,0.66271,0.66313,1.73,2.48
2012.11.05 21:56:47.149,0.66262,0.66309,1.50,2.48
2012.11.05 21:56:48.125,0.66262,0.66309,2.25,2.48
2012.11.05 21:56:48.769,0.66262,0.66309,2.48,2.48
2012.11.05 21:56:49.159,0.6626,0.66296,1.50,1.61
2012.11.05 21:56:49.218,0.66253,0.66295,1.50,2.48
2012.11.05 21:56:49.789,0.66253,0.66293,1.50,1.29
2012.11.05 21:56:51.370,0.66253,0.66293,1.50,1.29
2012.11.05 21:56:51.428,0.66251,0.66288,1.50,2.48
2012.11.05 21:56:51.548,0.66246,0.66288,2.48,2.48
2012.11.05 21:56:52.468,0.66246,0.66288,2.25,2.48
2012.11.05 21:56:52.589,0.66246,0.66288,2.48,2.48
2012.11.05 21:56:52.888,0.66253,0.66294,2.25,3.23
2012.11.05 21:56:53.128,0.66253,0.66294,2.48,3.23
2012.11.05 21:56:54.489,0.66253,0.66294,2.48,2.48
2012.11.05 21:56:54.548,0.66253,0.66294,2.48,2.48
2012.11.05 21:56:56.650,0.66259,0.66301,2.48,2.48
2012.11.05 21:57:02.748,0.66259,0.663,1.50,1.56
2012.11.05 21:57:02.808,0.66254,0.66293,1.50,3.02
2012.11.05 21:57:03.728,0.66254,0.66293,2.25,2.27
2012.11.05 21:57:03.788,0.66254,0.66293,2.48,1.50
2012.11.05 21:57:03.968,0.66254,0.66293,1.73,2.25
2012.11.05 21:57:04.029,0.66254,0.66292,1.50,1.50
2012.11.05 21:57:04.369,0.66254,0.66292,1.50,1.50
2012.11.05 21:57:05.464,0.66254,0.66291,2.25,1.59
2012.11.05 21:57:05.530,0.66254,0.66293,2.25,2.48
2012.11.05 21:57:05.670,0.66254,0.66293,1.50,2.48
2012.11.05 21:57:06.683,0.66254,0.66291,1.50,1.23
2012.11.05 21:57:06.798,0.66252,0.66287,1.50,2.48
2012.11.05 21:57:06.858,0.66247,0.66287,2.25,2.48
2012.11.05 21:57:08.248,0.66247,0.66287,1.50,2.48
2012.11.05 21:57:08.815,0.66247,0.66287,1.50,2.48
2012.11.05 21:57:08.878,0.66247,0.66287,2.25,1.73
2012.11.05 21:57:09.058,0.66254,0.6629,2.25,2.48
2012.11.05 21:57:10.998,0.66254,0.66293,2.25,2.48
2012.11.05 21:57:20.616,0.66254,0.66293,2.25,2.48
2012.11.05 21:57:22.577,0.66254,0.66293,2.25,2.48
2012.11.05 21:57:22.636,0.66254,0.66293,2.25,2.48
2012.11.05 21:57:22.938,0.66254,0.66293,1.50,2.48
2012.11.05 21:57:23.117,0.66246,0.66288,2.25,2.48
2012.11.05 21:57:23.177,0.66246,0.66288,2.25,2.48
2012.11.05 21:57:23.236,0.66246,0.66288,2.48,2.48
2012.11.05 21:57:25.027,0.66246,0.66288,2.25,2.91
2012.11.05 21:57:25.207,0.66246,0.66288,2.48,2.48
2012.11.05 21:57:26.076,0.66246,0.66288,2.25,2.48
2012.11.05 21:57:26.317,0.66246,0.66288,2.25,2.48
2012.11.05 21:57:30.866,0.66246,0.66288,2.48,2.48
2012.11.05 21:57:32.106,0.66246,0.66288,2.48,2.48
2012.11.05 21:57:32.757,0.66255,0.66295,2.25,2.48
2012.11.05 21:57:33.026,0.66255,0.66295,2.48,2.48
2012.11.05 21:57:34.076,0.66255,0.66295,2.48,2.48
2012.11.05 21:57:50.167,0.66255,0.66295,2.25,2.48
2012.11.05 21:58:00.687,0.66251,0.66291,2.48,2.48
2012.11.05 21:58:07.597,0.66251,0.66291,1.73,2.48
2012.11.05 21:58:07.736,0.66251,0.66291,1.50,2.48
2012.11.05 21:58:09.358,0.66251,0.6629,1.50,1.73
2012.11.05 21:58:09.861,0.66251,0.66288,1.50,1.56
2012.11.05 21:58:10.529,0.66251,0.6629,1.50,1.73
2012.11.05 21:58:12.721,0.66252,0.66291,1.50,3.23
2012.11.05 21:58:12.836,0.66252,0.66291,1.50,3.98
2012.11.05 21:58:14.646,0.66252,0.66291,1.50,4.73
2012.11.05 21:58:15.166,0.66252,0.66291,1.50,3.98
2012.11.05 21:58:33.410,0.6625,0.66288,1.50,2.48
2012.11.05 21:58:33.466,0.66246,0.66288,2.48,2.48
2012.11.05 21:58:37.916,0.66246,0.66288,1.73,2.48
2012.11.05 21:58:38.532,0.66246,0.66283,1.50,1.73
2012.11.05 21:58:39.977,0.66246,0.66288,2.25,2.88
2012.11.05 21:58:40.096,0.66246,0.66288,2.48,2.48
2012.11.05 21:59:00.186,0.66246,0.66288,2.48,1.73
2012.11.05 21:59:00.306,0.66253,0.66291,2.48,1.73
2012.11.05 21:59:04.833,0.66253,0.66283,1.50,0.75
2012.11.05 21:59:05.546,0.66247,0.6628,0.75,0.23
2012.11.05 21:59:06.656,0.66247,0.66278,0.75,0.23
2012.11.05 21:59:14.606,0.66247,0.66281,0.75,0.23
2012.11.05 21:59:22.107,0.66252,0.66281,1.50,0.23
2012.11.05 21:59:22.607,0.66252,0.66285,2.25,0.23
2012.11.05 21:59:22.738,0.66252,0.6628,1.50,0.23
2012.11.05 21:59:22.858,0.66252,0.66282,1.50,0.23
2012.11.05 21:59:22.976,0.66249,0.66282,1.50,0.23
2012.11.05 21:59:23.036,0.66247,0.66282,0.98,0.23
2012.11.05 21:59:23.286,0.66251,0.66282,0.75,0.23
2012.11.05 21:59:23.408,0.66247,0.66282,0.23,0.23
2012.11.05 21:59:23.586,0.66256,0.66282,0.75,0.23
2012.11.05 21:59:23.819,0.66256,0.66285,0.75,1.50
2012.11.05 21:59:24.145,0.66256,0.66282,0.75,0.23
2012.11.05 21:59:24.206,0.66251,0.66282,1.50,0.23
2012.11.05 21:59:30.316,0.66245,0.66279,1.50,0.23
2012.11.05 21:59:31.967,0.66247,0.66279,0.75,0.23
2012.11.05 21:59:32.506,0.66246,0.66279,0.75,0.23
2012.11.05 21:59:32.816,0.66246,0.66276,0.75,0.23
2012.11.05 21:59:33.265,0.66241,0.66276,0.75,0.23
2012.11.05 21:59:33.326,0.66241,0.66273,0.75,0.23
2012.11.05 21:59:33.739,0.66237,0.66273,1.50,0.23
2012.11.05 21:59:34.462,0.66242,0.66273,0.75,0.23
2012.11.05 21:59:38.754,0.66237,0.66273,1.50,0.23
2012.11.05 21:59:53.386,0.66239,0.66273,1.50,0.23
2012.11.05 21:59:57.986,0.66242,0.66273,2.25,0.23
2012.11.05 21:59:58.046,0.66242,0.66289,2.48,1.50
