2013.12.11 09:00:00.388,0.84849,0.84866,1.00,1.13
2013.12.11 09:00:00.639,0.84851,0.84866,1.00,1.30
2013.12.11 09:00:00.740,0.84849,0.84866,1.10,1.38
2013.12.11 09:00:01.484,0.84849,0.84866,1.00,1.45
2013.12.11 09:00:02.128,0.84849,0.84866,1.00,1.13
2013.12.11 09:00:02.644,0.84849,0.84866,1.00,1.13
2013.12.11 09:00:03.247,0.84849,0.84866,1.00,1.13
2013.12.11 09:00:04.269,0.84849,0.84866,1.00,1.13
2013.12.11 09:00:04.918,0.84849,0.84866,1.00,1.38
2013.12.11 09:00:05.170,0.84845,0.84864,1.00,1.00
2013.12.11 09:00:05.706,0.84845,0.84864,1.00,6.76
2013.12.11 09:00:06.319,0.84845,0.84864,1.00,4.08
2013.12.11 09:00:06.370,0.84845,0.84864,1.00,1.53
2013.12.11 09:00:09.776,0.84845,0.84865,1.10,1.50
2013.12.11 09:00:10.028,0.84845,0.84865,1.18,1.30
2013.12.11 09:00:10.555,0.84845,0.84868,1.15,1.90
2013.12.11 09:00:10.845,0.84845,0.84868,1.28,1.90
2013.12.11 09:00:11.308,0.8485,0.84869,1.00,1.90
2013.12.11 09:00:11.596,0.8485,0.84869,1.00,1.00
2013.12.11 09:00:11.747,0.8485,0.84871,1.15,1.45
2013.12.11 09:00:12.053,0.84854,0.84875,1.00,1.90
2013.12.11 09:00:14.084,0.84854,0.84874,1.00,1.00
2013.12.11 09:00:14.400,0.84851,0.84872,1.00,7.38
2013.12.11 09:00:14.616,0.84847,0.8487,1.20,3.03
2013.12.11 09:00:14.716,0.84847,0.8487,1.20,3.03
2013.12.11 09:00:15.267,0.84847,0.8487,1.00,4.46
2013.12.11 09:00:15.817,0.84847,0.8487,1.08,3.03
2013.12.11 09:00:15.985,0.84847,0.8487,1.08,4.95
2013.12.11 09:00:16.237,0.84845,0.8487,1.00,6.38
2013.12.11 09:00:18.449,0.84845,0.84869,1.28,4.46
2013.12.11 09:00:19.208,0.84849,0.84869,1.00,3.83
2013.12.11 09:00:19.858,0.84845,0.84868,1.28,2.40
2013.12.11 09:00:20.384,0.84845,0.84865,1.00,6.38
2013.12.11 09:00:21.587,0.84845,0.84863,1.00,1.00
2013.12.11 09:00:21.856,0.84841,0.84862,1.00,3.46
2013.12.11 09:00:22.376,0.84841,0.84862,1.88,3.45
2013.12.11 09:00:22.610,0.84841,0.84862,2.03,1.58
2013.12.11 09:00:22.710,0.84842,0.84864,1.90,1.58
2013.12.11 09:00:23.016,0.84851,0.84869,1.13,1.10
2013.12.11 09:00:24.060,0.84853,0.84874,1.38,4.20
2013.12.11 09:00:24.161,0.84853,0.84874,1.58,2.03
2013.12.11 09:00:24.262,0.84853,0.84874,1.20,2.03
2013.12.11 09:00:24.312,0.84853,0.84874,1.18,1.95
2013.12.11 09:00:24.685,0.84853,0.84874,1.53,2.20
2013.12.11 09:00:25.338,0.84853,0.84874,1.53,1.95
2013.12.11 09:00:25.389,0.84853,0.84874,1.53,1.95
2013.12.11 09:00:25.591,0.84853,0.84874,1.53,1.58
2013.12.11 09:00:25.692,0.84853,0.84874,1.53,1.58
2013.12.11 09:00:26.239,0.84853,0.84874,1.53,1.58
2013.12.11 09:00:26.339,0.84853,0.84874,1.53,1.95
2013.12.11 09:00:28.644,0.84853,0.84874,1.53,1.95
2013.12.11 09:00:28.865,0.84853,0.84874,1.53,1.95
2013.12.11 09:00:31.133,0.84853,0.84874,3.45,1.88
2013.12.11 09:00:32.968,0.84857,0.84878,1.53,1.00
2013.12.11 09:00:33.070,0.84859,0.84878,1.53,1.00
2013.12.11 09:00:33.372,0.84863,0.84878,2.70,1.00
2013.12.11 09:00:33.523,0.84862,0.84878,1.53,1.00
2013.12.11 09:00:35.036,0.84862,0.84878,1.38,1.00
2013.12.11 09:00:35.397,0.84859,0.84878,1.53,1.00
2013.12.11 09:00:35.448,0.84859,0.84878,1.53,1.00
2013.12.11 09:00:35.703,0.84856,0.84878,1.15,1.38
2013.12.11 09:00:36.450,0.84856,0.84878,1.15,1.38
2013.12.11 09:00:37.116,0.84856,0.84878,1.28,1.00
2013.12.11 09:00:37.314,0.84856,0.84873,1.28,1.00
2013.12.11 09:00:37.465,0.84854,0.84873,1.28,1.00
2013.12.11 09:00:38.010,0.84854,0.84873,1.00,1.00
2013.12.11 09:00:39.295,0.84854,0.84869,1.00,1.00
2013.12.11 09:00:39.563,0.84857,0.84878,2.03,1.20
2013.12.11 09:00:39.765,0.84857,0.84879,1.53,1.88
2013.12.11 09:00:40.071,0.84862,0.84879,1.53,1.00
2013.12.11 09:00:40.420,0.84862,0.84879,1.53,1.00
2013.12.11 09:00:40.723,0.84864,0.84879,1.53,1.00
2013.12.11 09:00:40.975,0.84864,0.84884,1.53,1.00
2013.12.11 09:00:41.498,0.84865,0.84884,1.45,1.00
2013.12.11 09:00:42.312,0.84864,0.84884,1.53,1.00
2013.12.11 09:00:42.615,0.84864,0.84884,1.53,1.13
2013.12.11 09:00:43.127,0.84864,0.84884,3.45,1.13
2013.12.11 09:00:44.507,0.84866,0.84884,1.53,1.00
2013.12.11 09:00:44.608,0.84868,0.84889,1.53,1.50
2013.12.11 09:00:44.709,0.84869,0.84889,1.53,1.00
2013.12.11 09:00:44.961,0.84871,0.84889,1.53,1.00
2013.12.11 09:00:45.521,0.84871,0.84889,1.53,1.00
2013.12.11 09:00:47.162,0.84871,0.84889,1.53,1.00
2013.12.11 09:00:47.263,0.84871,0.84889,1.48,1.00
2013.12.11 09:00:47.364,0.84871,0.84889,1.20,1.00
2013.12.11 09:00:47.896,0.84871,0.84889,1.28,1.00
2013.12.11 09:00:48.379,0.84871,0.84893,1.53,1.65
2013.12.11 09:00:48.483,0.84871,0.84894,1.53,1.28
2013.12.11 09:00:48.787,0.84879,0.84897,1.05,2.63
2013.12.11 09:00:48.837,0.84879,0.84899,1.13,1.85
2013.12.11 09:00:49.367,0.84879,0.84899,1.33,1.00
2013.12.11 09:00:50.092,0.84879,0.84899,1.20,1.00
2013.12.11 09:00:50.552,0.84879,0.84899,1.10,1.38
2013.12.11 09:00:50.862,0.84879,0.84899,1.53,1.13
2013.12.11 09:00:51.191,0.8488,0.84899,2.70,1.00
2013.12.11 09:00:52.318,0.8488,0.849,2.70,1.13
2013.12.11 09:00:53.085,0.84879,0.849,2.03,1.00
2013.12.11 09:00:54.256,0.84879,0.849,2.03,1.13
2013.12.11 09:00:54.667,0.84879,0.849,2.03,1.38
2013.12.11 09:00:54.973,0.84879,0.84899,1.48,1.00
2013.12.11 09:00:55.276,0.84876,0.84888,1.00,1.00
2013.12.11 09:00:55.594,0.84876,0.84889,1.00,1.20
2013.12.11 09:00:55.796,0.84871,0.84889,1.48,1.10
2013.12.11 09:00:56.334,0.84871,0.84893,1.10,1.15
2013.12.11 09:00:56.663,0.84868,0.84892,1.45,4.11
2013.12.11 09:00:56.714,0.84868,0.84891,1.48,3.33
2013.12.11 09:00:57.117,0.84868,0.84891,1.48,4.08
2013.12.11 09:00:57.424,0.84868,0.84891,1.48,4.08
2013.12.11 09:00:57.475,0.84868,0.84891,1.53,1.00
2013.12.11 09:00:58.093,0.84868,0.84891,1.53,1.00
2013.12.11 09:00:58.245,0.84868,0.84891,1.55,1.15
2013.12.11 09:00:58.525,0.84868,0.84891,1.55,1.15
2013.12.11 09:00:59.159,0.84868,0.84891,1.38,4.20
2013.12.11 09:01:00.174,0.84871,0.8489,1.00,3.03
2013.12.11 09:01:00.326,0.84871,0.8489,1.13,1.18
2013.12.11 09:01:00.639,0.84868,0.8489,1.55,1.10
2013.12.11 09:01:00.690,0.84868,0.84889,1.45,1.00
2013.12.11 09:01:01.011,0.84868,0.84887,1.00,3.33
2013.12.11 09:01:02.530,0.84861,0.84887,1.55,4.95
2013.12.11 09:01:02.705,0.84861,0.84885,1.55,2.78
2013.12.11 09:01:02.857,0.84861,0.84885,1.38,7.13
2013.12.11 09:01:02.958,0.84861,0.84885,1.00,6.38
2013.12.11 09:01:03.189,0.84861,0.84885,1.38,7.13
2013.12.11 09:01:03.290,0.84861,0.84885,1.53,2.78
2013.12.11 09:01:03.489,0.84865,0.84885,1.38,1.15
2013.12.11 09:01:03.590,0.84865,0.84886,1.53,1.20
2013.12.11 09:01:03.741,0.8487,0.84891,1.00,1.53
2013.12.11 09:01:03.943,0.8487,0.8489,1.00,4.21
2013.12.11 09:01:04.245,0.8487,0.84888,1.00,5.63
2013.12.11 09:01:04.296,0.84866,0.84888,1.13,6.38
2013.12.11 09:01:04.347,0.84866,0.84888,1.13,1.15
2013.12.11 09:01:04.786,0.84866,0.84887,1.00,4.08
2013.12.11 09:01:06.003,0.84866,0.84886,1.00,5.26
2013.12.11 09:01:08.515,0.84866,0.84884,1.00,5.26
2013.12.11 09:01:08.666,0.8486,0.84884,1.13,7.13
2013.12.11 09:01:08.868,0.8486,0.84883,1.13,7.13
2013.12.11 09:01:09.625,0.8486,0.84879,1.00,3.33
2013.12.11 09:01:09.961,0.84858,0.84877,1.00,5.50
2013.12.11 09:01:10.621,0.84858,0.84879,1.00,1.53
2013.12.11 09:01:12.225,0.84858,0.84879,1.00,1.15
2013.12.11 09:01:12.755,0.84858,0.84879,1.00,1.15
2013.12.11 09:01:15.415,0.84858,0.84879,1.20,1.18
2013.12.11 09:01:15.466,0.84858,0.84879,1.28,1.10
2013.12.11 09:01:15.826,0.84862,0.84885,1.28,1.65
2013.12.11 09:01:15.977,0.84866,0.84887,1.00,1.15
2013.12.11 09:01:16.873,0.84866,0.84887,1.00,1.00
2013.12.11 09:01:19.404,0.84866,0.84887,1.00,1.15
2013.12.11 09:01:19.593,0.84866,0.84887,1.10,1.18
2013.12.11 09:01:20.836,0.84866,0.84887,1.10,1.00
2013.12.11 09:01:25.501,0.84866,0.84887,1.10,1.55
2013.12.11 09:01:27.612,0.84866,0.84887,1.00,1.18
2013.12.11 09:01:27.914,0.84866,0.84884,1.00,1.00
2013.12.11 09:01:27.965,0.84863,0.84884,1.00,2.28
2013.12.11 09:01:28.496,0.84863,0.84882,1.00,2.31
2013.12.11 09:01:32.924,0.84863,0.84884,1.00,2.03
2013.12.11 09:01:33.481,0.84863,0.84884,1.18,1.18
2013.12.11 09:01:34.236,0.84865,0.84884,1.00,1.18
2013.12.11 09:01:37.492,0.84865,0.84884,1.10,1.10
2013.12.11 09:01:41.388,0.84865,0.84887,1.00,2.70
2013.12.11 09:01:42.987,0.84865,0.84884,1.00,1.00
2013.12.11 09:01:43.532,0.84865,0.84884,1.00,2.33
2013.12.11 09:01:43.688,0.84863,0.84884,1.00,3.83
2013.12.11 09:01:43.739,0.84863,0.84884,1.10,2.78
2013.12.11 09:01:43.962,0.84863,0.84884,1.00,4.96
2013.12.11 09:01:44.824,0.84863,0.84884,1.00,4.83
2013.12.11 09:01:45.348,0.84863,0.84883,1.00,1.00
2013.12.11 09:01:46.205,0.84863,0.84882,1.00,3.71
2013.12.11 09:01:46.426,0.84857,0.8488,1.28,2.28
2013.12.11 09:01:47.541,0.84857,0.8488,1.10,3.03
2013.12.11 09:01:47.642,0.84857,0.84879,1.00,1.13
2013.12.11 09:01:47.945,0.84854,0.84877,1.10,4.45
2013.12.11 09:01:47.996,0.84854,0.84877,1.08,2.28
2013.12.11 09:01:48.607,0.84854,0.84877,1.15,1.00
2013.12.11 09:01:49.132,0.84854,0.84877,1.15,1.15
2013.12.11 09:01:49.918,0.84858,0.84879,1.00,1.53
2013.12.11 09:01:51.465,0.84858,0.84879,1.00,2.70
2013.12.11 09:01:52.151,0.84858,0.84879,1.00,3.45
2013.12.11 09:01:52.252,0.84858,0.84879,1.38,1.15
2013.12.11 09:01:52.800,0.84858,0.84879,1.28,1.08
2013.12.11 09:01:54.424,0.84858,0.84881,1.53,1.08
2013.12.11 09:01:56.465,0.84862,0.84883,1.00,1.53
2013.12.11 09:01:57.008,0.84862,0.84881,1.00,3.33
2013.12.11 09:01:57.784,0.84862,0.84883,1.00,1.15
2013.12.11 09:01:58.339,0.84862,0.84883,1.08,1.18
2013.12.11 09:01:58.849,0.84862,0.84883,1.00,1.28
2013.12.11 09:01:59.344,0.84862,0.84882,1.00,4.46
2013.12.11 09:02:00.635,0.84862,0.84882,1.00,1.00
2013.12.11 09:02:01.202,0.84862,0.84883,1.00,1.15
2013.12.11 09:02:02.294,0.84862,0.84883,1.00,3.08
2013.12.11 09:02:03.163,0.84862,0.84883,1.00,1.15
2013.12.11 09:02:04.648,0.84862,0.84883,1.00,1.00
2013.12.11 09:02:04.800,0.84862,0.84882,1.00,3.33
2013.12.11 09:02:06.174,0.84862,0.84882,1.00,1.00
2013.12.11 09:02:06.524,0.84862,0.84883,1.28,1.65
2013.12.11 09:02:06.704,0.84862,0.84883,1.53,1.58
2013.12.11 09:02:06.756,0.84862,0.84883,1.53,1.50
2013.12.11 09:02:07.364,0.84862,0.84883,1.28,1.50
2013.12.11 09:02:07.482,0.84862,0.84883,1.28,1.58
2013.12.11 09:02:07.989,0.84862,0.84883,1.20,1.65
2013.12.11 09:02:10.444,0.84862,0.84883,1.45,1.65
2013.12.11 09:02:10.903,0.84862,0.84883,1.53,1.08
2013.12.11 09:02:11.004,0.84862,0.84883,1.53,1.10
2013.12.11 09:02:11.794,0.84862,0.84883,1.28,1.58
2013.12.11 09:02:11.977,0.84862,0.84883,1.20,1.65
2013.12.11 09:02:12.563,0.84862,0.84883,1.58,1.65
2013.12.11 09:02:12.768,0.84862,0.84883,2.03,1.15
2013.12.11 09:02:13.078,0.84874,0.84894,1.20,1.20
2013.12.11 09:02:13.237,0.84874,0.84894,1.65,1.20
2013.12.11 09:02:13.540,0.8487,0.84888,1.18,1.00
2013.12.11 09:02:13.642,0.84869,0.84888,1.38,1.15
2013.12.11 09:02:14.005,0.84866,0.84888,1.65,1.15
2013.12.11 09:02:14.056,0.84866,0.84888,1.65,1.00
2013.12.11 09:02:14.187,0.84866,0.84888,2.03,1.00
2013.12.11 09:02:14.414,0.84871,0.84893,1.13,1.15
2013.12.11 09:02:14.631,0.84871,0.84893,1.05,1.15
2013.12.11 09:02:15.187,0.84868,0.84893,1.95,1.20
2013.12.11 09:02:15.702,0.84868,0.84893,2.03,1.20
2013.12.11 09:02:15.972,0.84869,0.84893,1.58,1.20
2013.12.11 09:02:16.351,0.84868,0.84892,2.03,3.33
2013.12.11 09:02:18.503,0.84868,0.84888,1.18,1.00
2013.12.11 09:02:18.605,0.84868,0.84888,1.18,1.18
2013.12.11 09:02:18.759,0.84868,0.84888,1.10,1.18
2013.12.11 09:02:19.011,0.84868,0.84889,1.00,1.65
2013.12.11 09:02:19.112,0.84868,0.84889,1.00,3.83
2013.12.11 09:02:19.213,0.84868,0.84889,1.00,1.65
2013.12.11 09:02:19.733,0.84868,0.84889,1.00,1.65
2013.12.11 09:02:21.543,0.84868,0.84889,1.18,1.65
2013.12.11 09:02:21.767,0.84871,0.84889,1.00,1.15
2013.12.11 09:02:25.460,0.84871,0.84893,1.00,2.33
2013.12.11 09:02:25.511,0.84871,0.84894,1.00,1.65
2013.12.11 09:02:25.685,0.84871,0.84893,1.00,1.00
2013.12.11 09:02:39.254,0.84871,0.84893,1.08,1.15
2013.12.11 09:02:39.803,0.84871,0.84893,1.15,1.00
2013.12.11 09:02:41.294,0.84871,0.84894,1.28,1.65
2013.12.11 09:02:41.372,0.84871,0.84894,1.28,1.00
2013.12.11 09:02:43.022,0.84871,0.84894,1.15,1.65
2013.12.11 09:02:43.174,0.84871,0.84894,1.15,1.00
2013.12.11 09:02:43.285,0.84871,0.84894,1.15,1.20
2013.12.11 09:02:43.464,0.84871,0.84894,1.15,1.00
2013.12.11 09:02:43.683,0.84871,0.84894,1.15,1.20
2013.12.11 09:02:44.121,0.84871,0.84893,1.15,1.00
2013.12.11 09:02:44.932,0.84871,0.84894,1.15,1.65
2013.12.11 09:02:45.258,0.84871,0.84893,1.15,1.00
2013.12.11 09:02:46.612,0.84871,0.84893,1.18,1.00
2013.12.11 09:02:46.987,0.84871,0.84888,1.00,1.00
2013.12.11 09:02:47.623,0.84867,0.84888,1.15,1.00
2013.12.11 09:02:47.674,0.84867,0.84888,1.15,1.10
2013.12.11 09:02:48.122,0.84872,0.84888,1.00,1.10
2013.12.11 09:02:48.344,0.84872,0.84893,1.10,2.03
2013.12.11 09:02:48.495,0.84867,0.84892,3.08,3.40
2013.12.11 09:02:48.763,0.84867,0.8489,1.08,2.31
2013.12.11 09:02:50.603,0.84865,0.8489,1.15,1.20
2013.12.11 09:02:50.654,0.84868,0.84891,1.15,1.53
2013.12.11 09:02:51.213,0.84866,0.84889,1.15,2.28
2013.12.11 09:02:51.314,0.84866,0.84889,1.18,3.41
2013.12.11 09:02:51.415,0.84866,0.84887,1.00,3.63
2013.12.11 09:02:51.721,0.84861,0.84883,1.08,1.00
2013.12.11 09:02:51.993,0.84861,0.84883,1.08,1.18
2013.12.11 09:02:52.635,0.84861,0.84883,2.03,1.00
2013.12.11 09:02:55.383,0.84861,0.84883,1.15,1.00
2013.12.11 09:02:55.484,0.84859,0.84881,1.00,6.25
2013.12.11 09:02:55.585,0.84857,0.8488,1.00,1.00
2013.12.11 09:02:55.686,0.84856,0.84879,1.48,3.33
2013.12.11 09:02:56.039,0.8486,0.84879,2.70,1.00
2013.12.11 09:02:56.090,0.8486,0.84881,3.45,1.00
2013.12.11 09:02:56.287,0.84862,0.84884,1.28,1.08
2013.12.11 09:02:59.449,0.84862,0.84884,1.53,1.08
2013.12.11 09:02:59.500,0.84862,0.84885,3.45,1.10
2013.12.11 09:02:59.903,0.84868,0.84888,1.48,1.08
2013.12.11 09:02:59.953,0.84868,0.84888,1.55,1.10
2013.12.11 09:03:01.780,0.84868,0.84888,1.00,1.15
2013.12.11 09:03:02.166,0.84865,0.84888,1.08,2.03
2013.12.11 09:03:02.418,0.84861,0.84888,1.53,4.95
2013.12.11 09:03:02.519,0.84861,0.84885,1.45,4.95
2013.12.11 09:03:02.922,0.84866,0.84885,1.00,4.20
2013.12.11 09:03:02.972,0.84866,0.84885,1.55,1.00
2013.12.11 09:03:03.073,0.84866,0.84889,2.03,1.15
2013.12.11 09:03:03.262,0.84866,0.84889,2.03,1.15
2013.12.11 09:03:03.523,0.84866,0.84889,1.55,1.15
2013.12.11 09:03:04.793,0.84866,0.84889,1.55,1.15
2013.12.11 09:03:05.462,0.84866,0.84889,1.15,1.28
2013.12.11 09:03:08.335,0.84866,0.84888,1.28,1.00
2013.12.11 09:03:08.819,0.84866,0.84887,1.10,2.28
2013.12.11 09:03:09.363,0.84863,0.84887,1.53,2.20
2013.12.11 09:03:09.686,0.84863,0.84887,1.53,2.28
2013.12.11 09:03:10.162,0.84863,0.84887,1.53,1.18
2013.12.11 09:03:10.314,0.84863,0.84887,1.20,1.15
2013.12.11 09:03:10.467,0.84863,0.84887,1.45,1.15
2013.12.11 09:03:16.461,0.84863,0.84887,1.48,2.28
2013.12.11 09:03:17.673,0.84863,0.84887,1.10,1.28
2013.12.11 09:03:18.333,0.84863,0.84887,1.48,1.28
2013.12.11 09:03:19.614,0.84863,0.84887,1.45,1.28
2013.12.11 09:03:20.119,0.84863,0.84887,1.53,1.28
2013.12.11 09:03:21.276,0.84868,0.84889,1.00,2.03
2013.12.11 09:03:23.933,0.84868,0.84888,1.00,3.71
2013.12.11 09:03:27.248,0.84863,0.84888,1.58,6.38
2013.12.11 09:03:28.292,0.84863,0.84887,1.48,4.21
2013.12.11 09:03:30.069,0.84863,0.84886,1.38,6.38
2013.12.11 09:03:30.811,0.84863,0.84886,1.38,2.03
2013.12.11 09:03:30.912,0.84863,0.84886,1.13,3.83
2013.12.11 09:03:33.422,0.84864,0.84886,1.00,6.38
2013.12.11 09:03:35.711,0.84864,0.84886,1.13,4.08
2013.12.11 09:03:36.564,0.84864,0.84885,1.00,6.25
2013.12.11 09:03:37.214,0.84864,0.84885,1.00,1.15
2013.12.11 09:03:40.253,0.84861,0.84885,1.38,1.15
2013.12.11 09:03:42.641,0.84861,0.84885,1.53,1.20
2013.12.11 09:03:42.966,0.84861,0.84884,1.48,3.33
2013.12.11 09:03:46.109,0.84863,0.84884,1.05,1.15
2013.12.11 09:03:46.831,0.84863,0.84884,1.38,2.65
2013.12.11 09:03:54.596,0.84863,0.84884,1.58,1.20
2013.12.11 09:03:55.012,0.84858,0.84884,6.38,1.00
2013.12.11 09:03:55.873,0.84858,0.84884,6.30,1.00
2013.12.11 09:03:56.176,0.84858,0.84884,2.03,7.00
2013.12.11 09:04:00.921,0.84858,0.84882,1.38,3.33
2013.12.11 09:04:01.022,0.84858,0.84882,1.05,5.50
2013.12.11 09:04:10.865,0.84858,0.8488,1.00,4.51
2013.12.11 09:04:11.220,0.84858,0.84877,1.00,4.51
2013.12.11 09:04:11.430,0.84855,0.84877,1.50,6.01
2013.12.11 09:04:22.052,0.84855,0.84877,1.08,3.33
2013.12.11 09:04:22.103,0.84855,0.84877,1.15,1.18
2013.12.11 09:04:24.019,0.84855,0.84877,1.08,1.18
2013.12.11 09:04:24.630,0.84855,0.84877,1.00,1.15
2013.12.11 09:04:25.344,0.84855,0.84877,1.58,1.15
2013.12.11 09:04:32.162,0.84858,0.84879,1.00,3.08
2013.12.11 09:04:32.263,0.84858,0.84879,1.20,1.15
2013.12.11 09:04:32.752,0.84858,0.84879,1.10,1.15
2013.12.11 09:04:33.383,0.84854,0.84879,2.03,1.15
2013.12.11 09:04:35.192,0.84854,0.84879,2.03,1.15
2013.12.11 09:04:35.719,0.84856,0.84879,1.58,1.15
2013.12.11 09:04:36.034,0.84857,0.84879,2.70,1.00
2013.12.11 09:04:36.084,0.84856,0.84879,2.03,1.00
2013.12.11 09:04:36.135,0.84856,0.84879,2.03,1.00
2013.12.11 09:04:38.255,0.84856,0.84879,1.53,1.18
2013.12.11 09:04:39.111,0.84856,0.84879,1.53,1.00
2013.12.11 09:04:39.650,0.84856,0.84879,1.53,1.00
2013.12.11 09:04:41.991,0.84856,0.84879,1.53,1.00
2013.12.11 09:04:56.630,0.84856,0.84879,4.20,1.00
2013.12.11 09:05:00.090,0.84856,0.84879,1.28,1.00
2013.12.11 09:05:01.209,0.84861,0.8488,1.00,1.18
2013.12.11 09:05:01.310,0.84859,0.8488,1.65,1.00
2013.12.11 09:05:01.664,0.84862,0.8488,1.55,1.00
2013.12.11 09:05:05.940,0.84862,0.8488,1.55,1.00
2013.12.11 09:05:08.264,0.84859,0.8488,1.18,1.10
2013.12.11 09:05:08.319,0.84859,0.8488,1.08,1.18
2013.12.11 09:05:08.575,0.84856,0.8488,1.18,1.10
2013.12.11 09:05:11.904,0.84858,0.8488,1.00,1.15
2013.12.11 09:05:12.013,0.84858,0.8488,1.18,1.10
2013.12.11 09:05:13.740,0.84858,0.8488,1.08,1.18
2013.12.11 09:05:13.790,0.84858,0.8488,1.10,1.15
2013.12.11 09:05:14.873,0.84854,0.84878,1.15,1.00
2013.12.11 09:05:15.845,0.84854,0.84878,1.15,3.35
2013.12.11 09:05:16.701,0.84854,0.84878,1.08,3.35
2013.12.11 09:05:18.055,0.84854,0.84878,1.15,1.00
2013.12.11 09:05:19.988,0.84854,0.84877,1.18,3.33
2013.12.11 09:05:20.089,0.84854,0.84877,1.10,4.11
2013.12.11 09:05:20.140,0.84852,0.84875,1.65,3.36
2013.12.11 09:05:20.660,0.84852,0.84875,1.10,3.33
2013.12.11 09:05:22.942,0.84851,0.84875,1.28,1.00
2013.12.11 09:05:23.279,0.84851,0.84875,1.15,1.00
2013.12.11 09:05:24.151,0.8485,0.84875,1.28,1.00
2013.12.11 09:05:26.733,0.84851,0.84875,1.53,1.00
2013.12.11 09:05:27.458,0.84851,0.84875,3.08,1.00
2013.12.11 09:05:27.965,0.84856,0.84875,1.15,1.00
2013.12.11 09:05:28.066,0.84856,0.84875,1.15,1.00
2013.12.11 09:05:40.733,0.84854,0.84875,3.08,1.00
2013.12.11 09:05:43.249,0.84857,0.8488,1.15,1.15
2013.12.11 09:05:43.811,0.84857,0.8488,1.08,4.83
2013.12.11 09:05:43.861,0.84857,0.84879,1.00,4.08
2013.12.11 09:05:48.780,0.84857,0.84879,1.00,6.38
2013.12.11 09:05:48.881,0.84855,0.84877,1.00,3.33
2013.12.11 09:05:49.708,0.84855,0.84877,1.18,1.15
2013.12.11 09:05:49.859,0.84862,0.84877,1.00,1.15
2013.12.11 09:05:50.011,0.84862,0.8488,1.00,1.15
2013.12.11 09:05:50.120,0.84862,0.8488,1.15,1.00
2013.12.11 09:05:50.842,0.84862,0.8488,1.18,1.00
2013.12.11 09:05:52.400,0.84862,0.8488,2.03,1.00
2013.12.11 09:05:56.541,0.84862,0.8488,1.15,1.00
2013.12.11 09:05:57.047,0.84862,0.8488,1.08,1.00
2013.12.11 09:05:57.763,0.84862,0.8488,1.00,1.18
2013.12.11 09:05:57.814,0.84859,0.8488,1.20,1.18
2013.12.11 09:05:58.116,0.84859,0.8488,1.00,1.15
2013.12.11 09:05:58.317,0.84855,0.84879,1.00,3.33
2013.12.11 09:06:00.395,0.84851,0.84879,1.65,4.10
2013.12.11 09:06:01.043,0.84851,0.84879,2.40,3.35
2013.12.11 09:06:01.094,0.84852,0.84879,2.33,1.00
2013.12.11 09:06:06.339,0.84854,0.84879,2.33,1.00
2013.12.11 09:06:06.440,0.84857,0.84879,1.15,1.18
2013.12.11 09:06:06.879,0.84855,0.84879,1.15,1.18
2013.12.11 09:06:07.313,0.84855,0.84879,1.20,3.08
2013.12.11 09:06:11.394,0.84855,0.84879,1.15,1.00
2013.12.11 09:06:12.423,0.84857,0.8488,1.58,1.15
2013.12.11 09:06:12.473,0.84857,0.8488,1.58,1.15
2013.12.11 09:06:14.093,0.84857,0.8488,1.08,1.15
2013.12.11 09:06:14.199,0.84857,0.8488,1.00,1.15
2013.12.11 09:06:14.804,0.84857,0.8488,1.58,1.15
2013.12.11 09:06:14.909,0.84857,0.8488,1.65,1.15
2013.12.11 09:06:16.347,0.84854,0.8488,1.15,1.00
2013.12.11 09:06:22.650,0.84854,0.8488,1.15,4.08
2013.12.11 09:06:22.793,0.84854,0.84879,1.15,3.33
2013.12.11 09:06:22.945,0.84852,0.84877,1.10,3.33
2013.12.11 09:06:23.046,0.84852,0.84877,1.15,1.08
2013.12.11 09:06:29.100,0.84852,0.84875,1.10,4.08
2013.12.11 09:06:41.040,0.84851,0.84875,1.08,1.15
2013.12.11 09:06:41.191,0.84851,0.84875,1.15,1.15
2013.12.11 09:06:42.985,0.84851,0.84875,1.15,1.08
2013.12.11 09:06:43.086,0.84851,0.84875,1.65,1.00
2013.12.11 09:06:43.460,0.84851,0.84875,1.65,1.08
2013.12.11 09:06:43.887,0.84851,0.84875,1.65,1.15
2013.12.11 09:06:44.639,0.84856,0.84877,1.00,1.65
2013.12.11 09:06:50.279,0.84856,0.84877,1.00,3.83
2013.12.11 09:06:50.330,0.84852,0.84876,1.08,3.36
2013.12.11 09:06:51.323,0.84855,0.84876,1.00,2.33
2013.12.11 09:06:51.374,0.84855,0.84878,1.10,3.08
2013.12.11 09:06:51.478,0.84855,0.84878,1.08,1.15
2013.12.11 09:06:51.579,0.84855,0.84878,1.08,1.15
2013.12.11 09:06:52.040,0.84855,0.84878,1.20,1.15
2013.12.11 09:06:59.522,0.84855,0.84878,1.00,6.38
2013.12.11 09:06:59.935,0.84852,0.84874,1.08,3.73
2013.12.11 09:07:00.149,0.84848,0.84874,1.15,3.73
2013.12.11 09:07:01.184,0.84852,0.84874,1.00,3.73
2013.12.11 09:07:01.990,0.84848,0.84874,3.45,1.00
2013.12.11 09:07:02.465,0.84852,0.84874,1.08,1.18
2013.12.11 09:07:05.570,0.84852,0.84874,1.15,1.20
2013.12.11 09:07:06.073,0.84855,0.84876,1.00,3.45
2013.12.11 09:07:06.124,0.84852,0.84876,1.10,6.38
2013.12.11 09:07:06.225,0.84854,0.84876,1.00,6.38
2013.12.11 09:07:06.326,0.84852,0.84875,1.10,3.70
2013.12.11 09:07:06.921,0.84849,0.84874,1.18,3.71
2013.12.11 09:07:06.988,0.84849,0.84874,1.20,5.88
2013.12.11 09:07:08.516,0.84847,0.84872,1.15,1.00
2013.12.11 09:07:08.567,0.84847,0.84871,1.00,5.88
2013.12.11 09:07:09.169,0.84846,0.84871,1.20,6.63
2013.12.11 09:07:20.830,0.84852,0.8487,1.00,2.28
2013.12.11 09:07:21.354,0.84852,0.8487,1.00,1.10
2013.12.11 09:07:23.249,0.84846,0.8487,2.03,1.10
2013.12.11 09:07:23.400,0.84846,0.8487,1.18,1.00
2013.12.11 09:07:24.597,0.84846,0.8487,1.18,2.41
2013.12.11 09:07:24.952,0.84851,0.8487,1.00,1.13
2013.12.11 09:07:26.318,0.84847,0.8487,1.10,1.13
2013.12.11 09:07:27.919,0.84852,0.8487,1.00,1.13
2013.12.11 09:07:32.078,0.84852,0.84871,1.00,1.53
2013.12.11 09:07:32.381,0.84857,0.84871,1.00,1.10
2013.12.11 09:07:32.697,0.84851,0.84871,1.18,1.10
2013.12.11 09:07:34.929,0.84848,0.84871,1.18,1.15
2013.12.11 09:07:41.378,0.84845,0.84871,1.15,2.03
2013.12.11 09:07:42.026,0.84847,0.84871,1.28,1.88
2013.12.11 09:07:43.787,0.84845,0.84868,3.45,2.13
2013.12.11 09:07:43.989,0.84845,0.84868,1.20,1.38
2013.12.11 09:07:44.130,0.84845,0.84868,1.20,1.13
2013.12.11 09:07:44.283,0.84845,0.84868,1.20,1.38
2013.12.11 09:07:44.787,0.84845,0.84868,1.38,3.08
2013.12.11 09:07:45.386,0.84845,0.84868,1.55,1.48
2013.12.11 09:07:45.928,0.84845,0.84868,1.55,1.13
2013.12.11 09:07:47.461,0.84845,0.84868,1.53,1.38
2013.12.11 09:07:47.768,0.84845,0.84868,1.00,3.08
2013.12.11 09:07:47.907,0.84846,0.84868,1.13,1.53
2013.12.11 09:07:48.449,0.84845,0.84868,1.13,3.08
2013.12.11 09:07:48.789,0.84845,0.84868,1.13,3.08
2013.12.11 09:07:50.350,0.84842,0.84865,1.15,4.13
2013.12.11 09:07:50.502,0.84839,0.84862,1.53,2.28
2013.12.11 09:07:51.310,0.84839,0.84862,1.55,2.68
2013.12.11 09:07:52.746,0.84842,0.84862,1.13,1.28
2013.12.11 09:07:52.797,0.84842,0.84863,2.03,2.25
2013.12.11 09:07:52.898,0.84842,0.84863,2.03,1.00
2013.12.11 09:07:53.200,0.84844,0.84865,2.70,1.00
2013.12.11 09:07:53.750,0.84847,0.84868,1.53,1.18
2013.12.11 09:07:55.049,0.84847,0.8487,1.65,2.03
2013.12.11 09:07:56.067,0.84847,0.8487,1.15,2.28
2013.12.11 09:07:56.775,0.84847,0.84869,1.08,4.20
2013.12.11 09:07:57.376,0.84847,0.84869,1.00,5.23
2013.12.11 09:08:01.068,0.84847,0.84869,1.38,4.48
2013.12.11 09:08:01.181,0.84843,0.84869,1.53,5.23
2013.12.11 09:08:01.447,0.84843,0.84867,1.38,6.63
2013.12.11 09:08:01.598,0.84841,0.84864,1.38,2.65
2013.12.11 09:08:02.108,0.84841,0.84864,1.53,1.00
2013.12.11 09:08:02.158,0.84841,0.84864,1.53,1.08
2013.12.11 09:08:03.124,0.84841,0.84864,1.55,2.31
2013.12.11 09:08:03.378,0.84841,0.84864,1.55,1.18
2013.12.11 09:08:06.798,0.84842,0.84864,1.53,1.00
2013.12.11 09:08:07.052,0.84845,0.84868,1.10,1.65
2013.12.11 09:08:07.354,0.84845,0.84868,1.00,4.20
2013.12.11 09:08:07.889,0.84842,0.84865,1.18,2.28
2013.12.11 09:08:08.929,0.84842,0.84865,1.08,4.21
2013.12.11 09:08:08.979,0.84842,0.84865,1.00,6.38
2013.12.11 09:08:09.442,0.84838,0.84864,1.15,2.28
2013.12.11 09:08:12.823,0.84838,0.84862,1.08,3.33
2013.12.11 09:08:12.924,0.84838,0.84861,1.10,3.33
2013.12.11 09:08:14.794,0.84838,0.84861,1.15,1.20
2013.12.11 09:08:16.446,0.84838,0.84861,1.15,1.00
2013.12.11 09:08:19.604,0.84838,0.84861,1.18,1.10
2013.12.11 09:08:19.706,0.84838,0.84861,1.15,1.00
2013.12.11 09:08:23.112,0.84842,0.84864,1.20,1.53
2013.12.11 09:08:23.214,0.84842,0.84864,1.20,1.00
2013.12.11 09:08:23.678,0.84847,0.84864,1.00,1.08
2013.12.11 09:08:23.882,0.84845,0.84868,3.83,1.10
2013.12.11 09:08:24.084,0.84847,0.84868,2.33,1.00
2013.12.11 09:08:24.645,0.84849,0.84872,1.15,1.10
2013.12.11 09:08:24.847,0.84849,0.84872,1.10,1.15
2013.12.11 09:08:25.148,0.84849,0.84872,1.08,1.15
2013.12.11 09:08:26.909,0.84849,0.84872,1.18,3.08
2013.12.11 09:08:27.111,0.84845,0.8487,1.18,3.70
2013.12.11 09:08:29.198,0.84845,0.8487,1.18,1.18
2013.12.11 09:08:29.548,0.84845,0.8487,1.18,4.45
2013.12.11 09:08:31.523,0.84845,0.8487,1.15,3.36
2013.12.11 09:08:31.623,0.84847,0.8487,1.28,1.10
2013.12.11 09:08:31.726,0.8485,0.84871,1.18,1.08
2013.12.11 09:08:32.068,0.8485,0.84871,1.10,1.15
2013.12.11 09:08:32.597,0.8485,0.84871,1.15,1.20
2013.12.11 09:08:33.170,0.8485,0.84871,1.08,1.28
2013.12.11 09:08:33.277,0.84846,0.84871,1.28,1.10
2013.12.11 09:08:35.549,0.84845,0.8487,1.18,3.71
2013.12.11 09:08:35.600,0.84845,0.8487,1.20,5.88
2013.12.11 09:08:35.968,0.84845,0.8487,1.18,3.70
2013.12.11 09:08:36.019,0.84845,0.8487,1.15,1.18
2013.12.11 09:08:37.449,0.84845,0.8487,1.53,1.08
2013.12.11 09:08:37.985,0.84845,0.8487,2.03,1.00
2013.12.11 09:08:39.517,0.84845,0.8487,1.18,2.28
2013.12.11 09:08:39.567,0.84845,0.8487,1.18,4.45
2013.12.11 09:08:39.986,0.84846,0.8487,1.15,4.08
2013.12.11 09:08:40.037,0.84846,0.8487,1.15,1.00
2013.12.11 09:08:40.138,0.84846,0.8487,1.10,1.15
2013.12.11 09:08:44.237,0.84846,0.8487,1.48,1.15
2013.12.11 09:08:44.387,0.84846,0.8487,1.10,1.15
2013.12.11 09:08:46.132,0.84846,0.8487,1.18,1.08
2013.12.11 09:08:46.183,0.84846,0.8487,1.15,1.10
2013.12.11 09:08:50.539,0.84845,0.84869,1.00,4.08
2013.12.11 09:08:51.201,0.84845,0.84868,1.00,6.76
2013.12.11 09:08:51.649,0.84845,0.84865,1.00,4.08
2013.12.11 09:08:52.519,0.84841,0.84865,1.00,4.58
2013.12.11 09:08:52.746,0.84841,0.84865,1.38,4.08
2013.12.11 09:08:53.714,0.84841,0.84857,1.38,1.00
2013.12.11 09:08:56.156,0.8484,0.84857,1.50,1.00
2013.12.11 09:08:56.745,0.84839,0.84857,1.90,1.00
2013.12.11 09:08:58.033,0.84839,0.84857,2.40,1.00
2013.12.11 09:08:59.127,0.84841,0.84857,1.13,1.00
2013.12.11 09:09:00.445,0.84841,0.84857,1.13,1.00
2013.12.11 09:09:00.973,0.84837,0.84857,1.45,1.00
2013.12.11 09:09:01.024,0.84837,0.84857,1.38,1.00
2013.12.11 09:09:01.574,0.84837,0.84857,1.13,1.00
2013.12.11 09:09:02.760,0.84837,0.84857,1.38,1.00
2013.12.11 09:09:04.148,0.84836,0.84857,1.55,1.00
2013.12.11 09:09:04.912,0.84836,0.84857,1.28,1.00
2013.12.11 09:09:09.988,0.84834,0.84857,1.28,2.50
2013.12.11 09:09:10.089,0.84834,0.84854,1.10,2.28
2013.12.11 09:09:10.308,0.84829,0.84851,1.28,2.20
2013.12.11 09:09:10.816,0.84827,0.84851,1.53,2.28
2013.12.11 09:09:11.597,0.84828,0.84851,2.70,2.28
2013.12.11 09:09:11.899,0.8483,0.84851,2.70,1.00
2013.12.11 09:09:12.430,0.8483,0.84851,2.70,1.00
2013.12.11 09:09:15.220,0.84829,0.84851,1.53,1.00
2013.12.11 09:09:15.527,0.84831,0.84851,2.70,1.00
2013.12.11 09:09:20.768,0.84831,0.84851,3.45,1.00
2013.12.11 09:09:21.359,0.84831,0.84851,3.45,1.00
2013.12.11 09:09:22.497,0.84828,0.84851,2.78,1.00
2013.12.11 09:09:25.266,0.84828,0.84851,2.78,1.00
2013.12.11 09:09:26.755,0.84828,0.84851,2.03,1.00
2013.12.11 09:09:26.958,0.8483,0.84851,2.33,1.00
2013.12.11 09:09:27.109,0.84828,0.84851,3.45,1.00
2013.12.11 09:09:27.214,0.84828,0.84851,2.70,1.00
2013.12.11 09:09:29.236,0.84827,0.84851,3.45,1.00
2013.12.11 09:09:36.416,0.84828,0.84851,2.03,1.00
2013.12.11 09:09:36.768,0.84828,0.84851,2.03,1.00
2013.12.11 09:09:41.867,0.84831,0.84851,1.53,1.00
2013.12.11 09:09:42.008,0.84831,0.84851,1.53,1.00
2013.12.11 09:09:48.037,0.84831,0.84851,1.55,1.00
2013.12.11 09:09:50.313,0.84828,0.84851,1.53,1.00
2013.12.11 09:09:53.566,0.84827,0.84851,4.58,1.00
2013.12.11 09:10:00.608,0.84828,0.84851,1.53,1.00
2013.12.11 09:10:00.810,0.84827,0.84851,1.18,1.08
2013.12.11 09:10:01.436,0.84826,0.84851,1.15,1.00
2013.12.11 09:10:03.477,0.84826,0.84849,1.10,1.00
2013.12.11 09:10:03.784,0.8482,0.84843,1.10,1.00
2013.12.11 09:10:04.148,0.8482,0.84843,1.18,1.18
2013.12.11 09:10:04.249,0.8482,0.84843,1.28,1.18
2013.12.11 09:10:04.405,0.8482,0.84843,1.15,1.00
2013.12.11 09:10:04.784,0.8482,0.84843,1.15,1.18
2013.12.11 09:10:05.778,0.8482,0.84843,1.15,1.08
2013.12.11 09:10:06.080,0.84823,0.84843,3.45,1.00
2013.12.11 09:10:10.882,0.84825,0.84843,1.15,1.00
2013.12.11 09:10:11.101,0.84825,0.84843,1.00,1.00
2013.12.11 09:10:11.611,0.84822,0.84843,1.58,1.00
2013.12.11 09:10:11.965,0.84822,0.84838,1.58,1.00
2013.12.11 09:10:12.495,0.84822,0.84838,1.20,1.00
2013.12.11 09:10:13.165,0.84819,0.84839,1.58,1.20
2013.12.11 09:10:13.703,0.84819,0.84839,1.58,1.20
2013.12.11 09:10:14.356,0.84819,0.84839,1.58,1.20
2013.12.11 09:10:14.867,0.84819,0.84839,1.58,1.20
2013.12.11 09:10:15.484,0.84819,0.84839,1.58,1.20
2013.12.11 09:10:20.256,0.84819,0.84839,1.50,1.20
2013.12.11 09:10:21.135,0.84819,0.84839,1.58,1.20
2013.12.11 09:10:23.335,0.84819,0.84839,1.58,1.20
2013.12.11 09:10:23.664,0.84819,0.84839,1.58,1.00
2013.12.11 09:10:23.996,0.84819,0.84839,1.58,1.00
2013.12.11 09:10:24.677,0.84819,0.84839,1.58,1.00
2013.12.11 09:10:25.754,0.84819,0.84839,1.58,1.00
2013.12.11 09:10:26.345,0.84819,0.84839,1.58,1.20
2013.12.11 09:10:28.515,0.84823,0.84839,1.58,1.00
2013.12.11 09:10:30.292,0.84823,0.84839,1.58,1.00
2013.12.11 09:10:30.443,0.84824,0.84843,1.55,1.00
2013.12.11 09:10:30.494,0.84824,0.84843,2.03,1.00
2013.12.11 09:10:30.595,0.84825,0.84847,4.20,1.00
2013.12.11 09:10:30.768,0.84828,0.84848,1.95,1.20
2013.12.11 09:10:31.417,0.84828,0.84848,4.20,1.00
2013.12.11 09:10:33.013,0.84828,0.84848,1.53,1.00
2013.12.11 09:10:34.656,0.84828,0.84848,1.53,1.00
2013.12.11 09:10:34.969,0.84828,0.84848,1.53,1.00
2013.12.11 09:10:35.286,0.84829,0.84849,3.45,1.00
2013.12.11 09:10:35.489,0.84832,0.84852,1.53,1.00
2013.12.11 09:10:36.005,0.84832,0.84852,2.70,1.00
2013.12.11 09:10:37.845,0.84832,0.84852,2.70,1.00
2013.12.11 09:10:37.946,0.84831,0.84852,1.65,1.00
2013.12.11 09:10:38.629,0.84831,0.84852,1.45,1.00
2013.12.11 09:10:38.730,0.84831,0.84848,1.45,1.00
2013.12.11 09:10:39.809,0.84831,0.84849,1.38,1.10
2013.12.11 09:10:39.963,0.84831,0.84849,1.00,1.18
2013.12.11 09:10:40.064,0.84823,0.84849,1.53,1.00
2013.12.11 09:10:40.378,0.84823,0.84847,1.18,3.33
2013.12.11 09:10:40.790,0.84823,0.84845,1.00,4.58
2013.12.11 09:10:41.116,0.84823,0.84843,1.00,1.00
2013.12.11 09:10:41.650,0.84818,0.84843,1.15,1.00
2013.12.11 09:10:41.700,0.84818,0.84843,1.15,1.10
2013.12.11 09:10:42.003,0.84817,0.84843,1.65,4.08
2013.12.11 09:10:43.515,0.84817,0.84843,3.45,4.08
2013.12.11 09:10:45.297,0.84817,0.84841,1.65,2.28
2013.12.11 09:10:56.786,0.84817,0.84841,1.45,2.28
2013.12.11 09:10:56.887,0.84817,0.84838,1.38,1.00
2013.12.11 09:10:57.038,0.84813,0.84837,1.20,2.65
2013.12.11 09:10:57.089,0.84811,0.84837,1.53,2.68
2013.12.11 09:10:57.493,0.84811,0.84834,1.10,2.28
2013.12.11 09:10:58.056,0.84811,0.84834,1.10,2.28
2013.12.11 09:11:03.279,0.84807,0.84831,1.18,2.31
2013.12.11 09:11:03.330,0.84807,0.8483,1.08,2.78
2013.12.11 09:11:03.953,0.84807,0.8483,1.00,2.65
2013.12.11 09:11:04.167,0.84807,0.8483,1.18,1.18
2013.12.11 09:11:13.314,0.84807,0.8483,1.53,1.18
2013.12.11 09:11:13.617,0.84808,0.8483,2.70,1.00
2013.12.11 09:11:13.667,0.84812,0.84833,1.28,1.58
2013.12.11 09:11:14.384,0.84812,0.84833,1.18,1.00
2013.12.11 09:11:14.954,0.84812,0.84833,1.00,1.00
2013.12.11 09:11:15.388,0.84812,0.84833,1.00,1.15
2013.12.11 09:11:15.489,0.84812,0.84833,1.18,1.08
2013.12.11 09:11:15.797,0.84812,0.84833,1.08,1.00
2013.12.11 09:11:15.848,0.84809,0.84833,1.53,1.00
2013.12.11 09:11:15.949,0.84809,0.84831,1.00,4.83
2013.12.11 09:11:16.316,0.84806,0.84827,1.13,2.30
2013.12.11 09:11:19.659,0.84806,0.84827,1.10,1.55
2013.12.11 09:11:22.147,0.84806,0.84827,1.28,1.00
2013.12.11 09:11:23.630,0.84806,0.84827,1.28,1.00
2013.12.11 09:11:23.942,0.84806,0.84827,1.53,1.00
2013.12.11 09:11:24.052,0.84806,0.84827,2.03,1.00
2013.12.11 09:11:24.965,0.84807,0.84827,1.53,1.00
2013.12.11 09:11:26.056,0.84808,0.84827,2.70,1.00
2013.12.11 09:11:27.431,0.84811,0.84832,1.55,1.08
2013.12.11 09:11:27.633,0.84813,0.84832,1.53,1.00
2013.12.11 09:11:28.075,0.84814,0.84834,1.53,1.00
2013.12.11 09:11:29.368,0.84814,0.84834,1.53,1.00
2013.12.11 09:11:29.620,0.84813,0.84834,1.53,1.00
2013.12.11 09:11:30.425,0.84813,0.84834,1.53,1.20
2013.12.11 09:11:30.475,0.84813,0.84834,1.53,1.20
2013.12.11 09:11:31.015,0.84815,0.84834,2.70,1.00
2013.12.11 09:11:31.643,0.84814,0.84834,2.70,1.00
2013.12.11 09:11:31.693,0.84813,0.84834,1.53,1.00
2013.12.11 09:11:31.895,0.84813,0.84834,1.28,1.18
2013.12.11 09:11:32.801,0.84813,0.84834,1.10,2.03
2013.12.11 09:11:34.144,0.84813,0.84834,1.00,2.03
2013.12.11 09:11:34.244,0.84808,0.84832,1.00,6.63
2013.12.11 09:11:34.396,0.84805,0.84828,1.38,2.28
2013.12.11 09:11:34.995,0.84804,0.84828,2.03,1.28
2013.12.11 09:11:35.853,0.84804,0.84828,2.03,1.18
2013.12.11 09:11:37.614,0.84804,0.84828,4.20,2.30
2013.12.11 09:11:38.078,0.84804,0.84828,2.03,1.20
2013.12.11 09:11:38.784,0.84804,0.84826,2.03,2.28
2013.12.11 09:11:39.375,0.84804,0.84826,1.53,1.00
2013.12.11 09:11:42.303,0.84804,0.84826,1.53,1.20
2013.12.11 09:11:44.874,0.84804,0.84826,2.03,1.20
2013.12.11 09:11:45.533,0.84804,0.84826,2.03,1.20
2013.12.11 09:11:45.899,0.84804,0.84826,2.03,1.20
2013.12.11 09:11:46.864,0.84804,0.84825,2.03,2.28
2013.12.11 09:11:47.015,0.84804,0.84825,1.38,2.28
2013.12.11 09:11:47.318,0.84799,0.84819,1.58,3.26
2013.12.11 09:11:47.419,0.84798,0.84818,1.38,4.20
2013.12.11 09:11:47.520,0.84798,0.84817,1.38,3.00
2013.12.11 09:11:47.621,0.84793,0.84813,1.00,4.21
2013.12.11 09:11:47.672,0.84791,0.84813,1.38,1.15
2013.12.11 09:11:48.192,0.84792,0.84813,1.48,2.28
2013.12.11 09:11:48.425,0.8479,0.84813,1.28,1.38
2013.12.11 09:11:48.964,0.84791,0.84813,1.18,1.00
2013.12.11 09:11:50.173,0.8479,0.84813,1.08,1.18
2013.12.11 09:11:50.495,0.84791,0.84813,1.45,1.10
2013.12.11 09:11:51.013,0.84791,0.84813,1.53,1.00
2013.12.11 09:11:52.356,0.84791,0.84813,1.53,1.00
2013.12.11 09:11:53.694,0.84791,0.84813,1.53,1.00
2013.12.11 09:11:57.451,0.84791,0.84813,1.53,1.13
2013.12.11 09:11:57.735,0.84797,0.84813,1.00,1.38
2013.12.11 09:11:58.038,0.84791,0.84813,2.70,1.38
2013.12.11 09:11:58.309,0.8479,0.84813,1.53,1.38
2013.12.11 09:11:59.299,0.8479,0.84813,1.28,1.38
2013.12.11 09:11:59.735,0.8479,0.84812,1.08,2.91
2013.12.11 09:11:59.836,0.84786,0.84807,2.03,2.13
2013.12.11 09:12:00.037,0.84787,0.84807,2.03,1.00
2013.12.11 09:12:00.599,0.84791,0.84807,1.00,1.00
2013.12.11 09:12:01.827,0.84791,0.84807,1.00,1.48
2013.12.11 09:12:01.928,0.84787,0.84807,1.55,1.48
2013.12.11 09:12:02.574,0.84787,0.84807,1.00,1.55
2013.12.11 09:12:03.091,0.84787,0.84807,1.00,1.55
2013.12.11 09:12:03.142,0.84786,0.84807,1.20,2.28
2013.12.11 09:12:06.217,0.84782,0.84804,1.53,1.00
2013.12.11 09:12:06.368,0.84782,0.84804,1.20,1.00
2013.12.11 09:12:07.007,0.84781,0.84804,1.58,1.48
2013.12.11 09:12:07.774,0.84781,0.84804,1.48,2.30
2013.12.11 09:12:14.381,0.84781,0.84804,1.55,2.30
2013.12.11 09:12:14.923,0.84781,0.84804,1.55,1.48
2013.12.11 09:12:15.473,0.84781,0.84804,1.55,1.48
2013.12.11 09:12:17.234,0.84781,0.84804,1.55,1.48
2013.12.11 09:12:17.556,0.84782,0.84804,2.70,2.13
2013.12.11 09:12:18.082,0.84787,0.84804,1.10,1.38
2013.12.11 09:12:21.415,0.84787,0.84804,1.20,1.13
2013.12.11 09:12:21.617,0.84787,0.84807,1.58,1.58
2013.12.11 09:12:22.212,0.84787,0.84807,1.53,1.38
2013.12.11 09:12:24.494,0.84792,0.84807,1.00,1.00
2013.12.11 09:12:25.594,0.84792,0.84807,1.00,1.38
2013.12.11 09:12:25.935,0.84786,0.84807,1.88,1.53
2013.12.11 09:12:26.061,0.84786,0.84807,1.50,1.53
2013.12.11 09:12:26.622,0.84782,0.84807,1.15,1.45
2013.12.11 09:12:26.934,0.84782,0.84805,4.95,2.20
2013.12.11 09:12:27.253,0.84784,0.84806,1.15,1.38
2013.12.11 09:12:27.358,0.84784,0.84806,1.20,1.53
2013.12.11 09:12:27.682,0.84783,0.84806,1.28,1.38
2013.12.11 09:12:28.313,0.84787,0.84806,1.38,1.48
2013.12.11 09:12:28.839,0.84787,0.84806,1.55,1.10
2013.12.11 09:12:29.886,0.84787,0.84806,1.55,1.10
2013.12.11 09:12:32.052,0.84792,0.84806,1.00,1.00
2013.12.11 09:12:32.203,0.84792,0.84809,1.13,1.45
2013.12.11 09:12:33.514,0.84792,0.84809,1.38,1.08
2013.12.11 09:12:34.063,0.84792,0.84809,1.13,1.08
2013.12.11 09:12:34.643,0.84788,0.84809,1.55,1.95
2013.12.11 09:12:34.723,0.84788,0.84809,1.55,1.95
2013.12.11 09:12:36.749,0.84788,0.84809,1.55,1.95
2013.12.11 09:12:37.051,0.84788,0.84809,1.45,1.65
2013.12.11 09:12:37.354,0.84788,0.84809,1.48,2.03
2013.12.11 09:12:37.495,0.84788,0.84809,1.48,2.03
2013.12.11 09:12:37.864,0.84786,0.84809,1.50,4.96
2013.12.11 09:12:38.078,0.84786,0.84809,1.95,1.28
2013.12.11 09:12:38.395,0.84786,0.84809,1.90,2.28
2013.12.11 09:12:38.913,0.84788,0.84809,1.55,1.65
2013.12.11 09:12:39.699,0.84788,0.84809,1.55,2.03
2013.12.11 09:12:40.309,0.84786,0.84809,1.50,2.31
2013.12.11 09:12:40.912,0.84787,0.84808,1.65,2.30
2013.12.11 09:12:41.214,0.84792,0.84808,1.13,1.10
2013.12.11 09:12:41.770,0.84787,0.84808,1.58,1.20
2013.12.11 09:12:42.692,0.84787,0.84808,1.58,1.20
2013.12.11 09:12:43.413,0.84787,0.84808,1.58,1.28
2013.12.11 09:12:44.624,0.84787,0.84808,1.58,1.20
2013.12.11 09:12:46.284,0.84787,0.84808,1.58,1.28
2013.12.11 09:12:46.493,0.84787,0.84808,1.48,1.28
2013.12.11 09:12:46.544,0.84787,0.84808,1.38,1.53
2013.12.11 09:12:46.695,0.84786,0.84808,1.38,4.48
2013.12.11 09:12:46.997,0.84782,0.84803,1.95,2.28
2013.12.11 09:12:47.887,0.84786,0.84803,1.38,1.08
2013.12.11 09:12:48.140,0.84786,0.84807,1.38,2.03
2013.12.11 09:12:48.645,0.84786,0.84807,1.38,1.53
2013.12.11 09:12:49.154,0.84786,0.84807,1.38,1.53
2013.12.11 09:12:49.773,0.84786,0.84807,1.38,1.53
2013.12.11 09:12:53.434,0.84786,0.84807,1.38,1.28
2013.12.11 09:12:59.044,0.84789,0.84809,1.38,1.53
2013.12.11 09:12:59.145,0.84791,0.8481,1.38,1.15
2013.12.11 09:12:59.246,0.84791,0.8481,1.38,1.20
2013.12.11 09:12:59.297,0.84791,0.8481,1.38,1.28
2013.12.11 09:12:59.398,0.84791,0.8481,1.45,1.10
2013.12.11 09:13:00.003,0.84792,0.84814,1.45,1.53
2013.12.11 09:13:02.774,0.84792,0.84814,1.45,1.53
2013.12.11 09:13:03.016,0.84791,0.84814,1.48,4.21
2013.12.11 09:13:03.984,0.84791,0.84814,1.48,4.48
2013.12.11 09:13:04.242,0.84791,0.84814,1.48,4.21
2013.12.11 09:13:04.345,0.84791,0.84814,1.58,4.46
2013.12.11 09:13:04.396,0.84791,0.84814,1.55,2.30
2013.12.11 09:13:08.273,0.84791,0.84814,1.55,1.20
2013.12.11 09:13:08.512,0.84791,0.84813,1.48,3.45
2013.12.11 09:13:09.015,0.8479,0.84813,1.48,4.48
2013.12.11 09:13:12.582,0.84792,0.84813,1.30,4.21
2013.12.11 09:13:13.102,0.84792,0.84813,1.05,4.46
2013.12.11 09:13:14.443,0.84792,0.84813,1.38,4.21
2013.12.11 09:13:19.397,0.84792,0.84813,1.45,1.45
2013.12.11 09:13:19.931,0.84792,0.84813,1.38,1.55
2013.12.11 09:13:20.445,0.84792,0.84813,1.38,2.31
2013.12.11 09:13:22.116,0.84792,0.84813,1.48,1.20
2013.12.11 09:13:22.961,0.84792,0.84813,1.20,1.38
2013.12.11 09:13:23.511,0.84792,0.84813,1.48,1.38
2013.12.11 09:13:24.147,0.84792,0.84813,1.58,2.28
2013.12.11 09:13:24.645,0.84797,0.84813,1.00,1.00
2013.12.11 09:13:26.863,0.84792,0.84813,1.53,2.13
2013.12.11 09:13:27.403,0.84796,0.84813,1.08,1.00
2013.12.11 09:13:28.803,0.84796,0.84813,1.00,1.00
2013.12.11 09:13:31.295,0.84796,0.84813,1.00,1.38
2013.12.11 09:13:31.874,0.84796,0.84813,1.00,1.00
2013.12.11 09:13:32.365,0.84801,0.84813,1.00,1.00
2013.12.11 09:13:32.742,0.84797,0.84816,2.63,1.20
2013.12.11 09:13:32.825,0.84806,0.84816,1.00,1.20
2013.12.11 09:13:33.079,0.84807,0.8482,1.00,1.00
2013.12.11 09:13:33.131,0.84807,0.84824,1.00,1.15
2013.12.11 09:13:33.232,0.84803,0.84824,4.50,1.13
2013.12.11 09:13:33.433,0.84812,0.84824,1.00,1.00
2013.12.11 09:13:33.686,0.84812,0.84832,3.08,1.00
2013.12.11 09:13:33.787,0.8481,0.84832,1.65,1.00
2013.12.11 09:13:33.838,0.84812,0.84832,2.33,1.00
2013.12.11 09:13:34.182,0.84808,0.84832,6.00,1.00
2013.12.11 09:13:34.712,0.8481,0.84832,1.15,1.00
2013.12.11 09:13:35.222,0.8481,0.84832,1.15,1.18
2013.12.11 09:13:35.739,0.8481,0.84832,1.15,1.00
2013.12.11 09:13:36.364,0.8481,0.84832,1.18,1.08
2013.12.11 09:13:37.253,0.8481,0.84832,1.28,1.00
2013.12.11 09:13:37.417,0.84812,0.84834,1.18,1.18
2013.12.11 09:13:37.933,0.84812,0.84835,1.15,1.10
2013.12.11 09:13:38.264,0.84812,0.84835,7.13,1.00
2013.12.11 09:13:39.254,0.84812,0.84835,1.65,1.20
2013.12.11 09:13:39.650,0.84814,0.84835,1.28,1.10
2013.12.11 09:13:40.306,0.84816,0.84837,1.65,1.20
2013.12.11 09:13:40.407,0.84817,0.84837,1.18,1.10
2013.12.11 09:13:40.709,0.8482,0.84837,1.15,1.00
2013.12.11 09:13:41.211,0.8482,0.84837,1.15,1.00
2013.12.11 09:13:41.514,0.84821,0.84841,3.45,1.00
2013.12.11 09:13:41.614,0.84825,0.84846,1.15,1.20
2013.12.11 09:13:41.665,0.84825,0.84846,1.53,1.20
2013.12.11 09:13:42.182,0.84825,0.84846,2.03,1.00
2013.12.11 09:13:42.283,0.84827,0.84849,1.53,1.10
2013.12.11 09:13:43.222,0.84827,0.84849,1.08,1.18
2013.12.11 09:13:43.324,0.84827,0.84848,1.10,1.00
2013.12.11 09:13:43.539,0.84827,0.84848,1.20,1.18
2013.12.11 09:13:43.590,0.84827,0.84848,1.28,1.08
2013.12.11 09:13:43.943,0.84827,0.84848,1.13,1.15
2013.12.11 09:13:44.381,0.84827,0.84848,1.53,1.20
2013.12.11 09:13:50.613,0.84826,0.84848,1.53,1.00
2013.12.11 09:13:51.169,0.84826,0.84848,1.28,1.00
2013.12.11 09:13:51.220,0.84826,0.84848,1.58,1.20
2013.12.11 09:13:51.857,0.84826,0.84848,1.20,1.20
2013.12.11 09:13:52.746,0.84823,0.84848,1.15,3.46
2013.12.11 09:13:53.205,0.84821,0.84844,1.53,1.00
2013.12.11 09:13:53.972,0.84821,0.84844,1.55,1.00
2013.12.11 09:13:54.085,0.84821,0.84844,1.58,1.00
2013.12.11 09:13:55.913,0.84821,0.84844,1.58,1.00
2013.12.11 09:13:56.122,0.84821,0.84844,1.58,1.00
2013.12.11 09:13:59.497,0.84821,0.84844,4.20,1.00
2013.12.11 09:13:59.791,0.84821,0.84844,4.20,1.00
2013.12.11 09:13:59.901,0.84821,0.84844,4.95,1.10
2013.12.11 09:14:02.772,0.84826,0.84844,1.53,1.00
2013.12.11 09:14:03.311,0.84826,0.84847,1.53,1.58
2013.12.11 09:14:06.765,0.84826,0.84847,3.45,1.00
2013.12.11 09:14:07.274,0.84829,0.84852,1.53,1.65
2013.12.11 09:14:10.485,0.84829,0.84852,6.38,1.50
2013.12.11 09:14:10.788,0.84832,0.84852,3.45,1.00
2013.12.11 09:14:10.838,0.84833,0.84856,1.28,1.18
2013.12.11 09:14:11.511,0.84833,0.84856,1.28,1.18
2013.12.11 09:14:12.573,0.8483,0.84854,4.20,2.58
2013.12.11 09:14:13.993,0.84835,0.84855,1.10,1.18
2013.12.11 09:14:17.794,0.84832,0.84855,1.48,2.40
2013.12.11 09:14:18.511,0.84832,0.84855,1.53,2.25
2013.12.11 09:14:18.683,0.84832,0.84855,1.53,2.25
2013.12.11 09:14:19.263,0.84834,0.84855,3.45,2.25
2013.12.11 09:14:20.027,0.84835,0.84855,3.08,1.00
2013.12.11 09:14:20.771,0.84835,0.84855,1.53,1.00
2013.12.11 09:14:21.573,0.84836,0.84855,1.28,1.00
2013.12.11 09:14:22.581,0.84836,0.84857,1.28,1.10
2013.12.11 09:14:23.201,0.84836,0.84857,1.15,2.20
2013.12.11 09:14:24.343,0.84836,0.84857,1.15,1.00
2013.12.11 09:14:28.837,0.84836,0.84857,1.18,1.50
2013.12.11 09:14:29.603,0.84832,0.84857,1.53,2.25
2013.12.11 09:14:33.756,0.84834,0.84857,2.70,1.50
2013.12.11 09:14:41.210,0.84836,0.84857,2.33,1.00
2013.12.11 09:14:41.311,0.84836,0.84857,2.33,1.00
2013.12.11 09:14:41.463,0.84836,0.84857,2.70,1.00
2013.12.11 09:14:42.010,0.84837,0.84857,5.25,1.00
2013.12.11 09:14:44.143,0.84837,0.84858,5.25,1.13
2013.12.11 09:14:44.476,0.84839,0.84858,2.33,1.00
2013.12.11 09:14:45.002,0.8484,0.84859,3.83,1.00
2013.12.11 09:14:45.568,0.8484,0.84859,3.83,1.38
2013.12.11 09:14:48.374,0.8484,0.84861,4.20,1.38
2013.12.11 09:14:48.890,0.8484,0.84861,3.83,1.38
2013.12.11 09:14:49.309,0.8484,0.84861,1.65,1.88
2013.12.11 09:14:49.870,0.8484,0.84861,1.65,1.88
2013.12.11 09:14:49.920,0.84841,0.84861,2.33,1.88
2013.12.11 09:14:50.457,0.84841,0.84861,2.33,1.50
2013.12.11 09:14:51.660,0.84841,0.84861,2.33,1.88
2013.12.11 09:14:52.383,0.84841,0.84861,2.33,2.88
2013.12.11 09:14:52.951,0.84841,0.84861,2.33,1.00
2013.12.11 09:14:53.599,0.84841,0.84861,2.33,2.50
2013.12.11 09:14:53.962,0.8484,0.84861,1.65,2.50
2013.12.11 09:14:54.321,0.8484,0.84861,1.15,1.00
2013.12.11 09:14:54.422,0.8484,0.84861,1.15,1.00
2013.12.11 09:14:56.661,0.8484,0.84861,3.45,1.00
2013.12.11 09:14:57.591,0.84842,0.84861,1.53,1.00
2013.12.11 09:14:57.893,0.8484,0.84861,1.53,1.00
2013.12.11 09:14:58.206,0.8484,0.84861,1.45,1.10
2013.12.11 09:14:59.292,0.8484,0.84861,1.20,1.10
2013.12.11 09:15:03.100,0.8484,0.84861,1.53,1.00
2013.12.11 09:15:03.682,0.8484,0.84861,1.20,2.28
2013.12.11 09:15:07.202,0.8484,0.84861,1.45,2.28
2013.12.11 09:15:07.862,0.8484,0.84861,1.53,1.00
2013.12.11 09:15:07.913,0.8484,0.84861,1.53,1.00
2013.12.11 09:15:09.730,0.8484,0.84861,1.53,1.00
2013.12.11 09:15:09.959,0.8484,0.84861,1.53,1.00
2013.12.11 09:15:10.171,0.84842,0.84861,1.58,1.00
2013.12.11 09:15:10.971,0.84842,0.84861,1.58,1.00
2013.12.11 09:15:11.601,0.84842,0.84861,1.58,1.00
2013.12.11 09:15:11.971,0.8484,0.84861,1.53,1.00
2013.12.11 09:15:12.174,0.84841,0.84861,1.53,1.00
2013.12.11 09:15:12.591,0.84841,0.84861,1.53,1.00
2013.12.11 09:15:13.910,0.84841,0.84861,1.53,1.13
2013.12.11 09:15:15.247,0.84841,0.84861,1.53,1.00
2013.12.11 09:15:15.348,0.84841,0.84861,1.53,1.00
2013.12.11 09:15:15.600,0.8484,0.84861,1.53,2.13
2013.12.11 09:15:17.431,0.8484,0.84861,1.53,2.28
2013.12.11 09:15:17.939,0.8484,0.84861,1.28,1.55
2013.12.11 09:15:18.041,0.84837,0.8486,1.53,2.30
2013.12.11 09:15:25.236,0.84837,0.8486,1.45,2.03
2013.12.11 09:15:26.235,0.84834,0.8486,1.53,2.78
2013.12.11 09:15:27.001,0.84834,0.8486,7.13,1.13
2013.12.11 09:15:27.356,0.84834,0.84857,1.48,5.23
2013.12.11 09:15:27.476,0.84834,0.84857,1.20,5.23
2013.12.11 09:15:28.247,0.84834,0.84856,1.00,5.21
2013.12.11 09:15:28.870,0.8483,0.84853,1.55,2.30
2013.12.11 09:15:29.643,0.8483,0.84853,1.55,1.10
2013.12.11 09:15:29.895,0.84832,0.84853,1.45,1.00
2013.12.11 09:15:30.473,0.84832,0.84853,1.55,1.00
2013.12.11 09:15:31.841,0.84832,0.84853,1.55,1.00
2013.12.11 09:15:32.243,0.84834,0.84855,1.55,1.08
2013.12.11 09:15:33.402,0.84834,0.84855,1.55,1.00
2013.12.11 09:15:33.735,0.84837,0.84858,1.58,1.65
2013.12.11 09:15:34.041,0.84837,0.84858,1.58,1.65
2013.12.11 09:15:34.635,0.84837,0.84858,1.53,1.58
2013.12.11 09:15:35.142,0.84837,0.84858,1.53,1.58
2013.12.11 09:15:36.791,0.84837,0.84858,1.53,1.58
2013.12.11 09:15:37.011,0.84837,0.84858,1.53,1.58
2013.12.11 09:15:37.612,0.84839,0.84858,1.45,1.10
2013.12.11 09:15:39.211,0.84839,0.84858,1.45,1.10
2013.12.11 09:15:40.752,0.84839,0.84858,1.45,1.10
2013.12.11 09:15:41.082,0.84839,0.84858,1.45,1.10
2013.12.11 09:15:41.183,0.84839,0.84862,1.45,1.08
2013.12.11 09:15:41.234,0.84839,0.84862,2.03,1.00
2013.12.11 09:15:41.300,0.84839,0.84862,2.03,1.00
2013.12.11 09:15:41.631,0.84839,0.84862,2.03,1.00
2013.12.11 09:15:42.731,0.84839,0.84862,2.03,1.00
2013.12.11 09:15:42.974,0.84839,0.84862,1.53,1.38
2013.12.11 09:15:43.126,0.84839,0.84862,1.55,1.53
2013.12.11 09:15:43.328,0.84839,0.84862,1.20,1.53
2013.12.11 09:15:43.379,0.84839,0.84861,1.13,4.20
2013.12.11 09:15:43.689,0.84834,0.84857,1.55,2.31
2013.12.11 09:15:44.509,0.84832,0.84857,1.53,1.45
2013.12.11 09:15:44.610,0.84833,0.84857,2.70,1.00
2013.12.11 09:15:44.812,0.84835,0.84858,1.53,1.38
2013.12.11 09:15:45.013,0.84837,0.84858,2.70,1.00
2013.12.11 09:15:46.581,0.84837,0.84858,2.70,1.38
2013.12.11 09:15:46.833,0.84835,0.84858,1.53,2.03
2013.12.11 09:15:48.240,0.84835,0.84858,1.55,2.03
2013.12.11 09:15:48.960,0.84834,0.84858,1.53,1.53
2013.12.11 09:15:49.218,0.84834,0.84858,1.53,1.28
2013.12.11 09:15:49.722,0.84834,0.84858,2.03,1.18
2013.12.11 09:15:49.974,0.84839,0.8486,1.48,1.48
2013.12.11 09:15:51.933,0.84839,0.8486,1.00,2.78
2013.12.11 09:15:52.522,0.84839,0.8486,1.00,3.06
2013.12.11 09:15:53.471,0.84839,0.8486,1.00,3.05
2013.12.11 09:15:53.522,0.84839,0.84858,1.00,1.00
2013.12.11 09:15:54.029,0.84839,0.84858,1.00,1.53
2013.12.11 09:15:57.252,0.84834,0.84857,1.15,2.28
2013.12.11 09:16:00.190,0.84832,0.84857,1.65,6.36
2013.12.11 09:16:00.291,0.84832,0.84855,1.10,4.83
2013.12.11 09:16:01.160,0.84832,0.84854,1.15,2.65
2013.12.11 09:16:01.261,0.84832,0.84854,1.00,2.70
2013.12.11 09:16:10.542,0.84832,0.84854,1.08,1.08
2013.12.11 09:16:10.643,0.84832,0.84854,1.15,2.58
2013.12.11 09:16:11.180,0.84832,0.84854,1.08,2.68
2013.12.11 09:16:14.443,0.84832,0.84853,1.00,2.28
2013.12.11 09:16:29.211,0.84832,0.84853,1.08,1.18
2013.12.11 09:16:29.312,0.84832,0.84853,1.18,1.10
2013.12.11 09:16:33.410,0.84832,0.84853,2.03,1.10
2013.12.11 09:16:33.712,0.84837,0.84856,1.55,1.10
2013.12.11 09:16:34.247,0.84834,0.84856,1.28,1.00
2013.12.11 09:16:34.298,0.84832,0.84856,2.03,1.20
2013.12.11 09:16:40.801,0.84836,0.84854,1.00,2.25
2013.12.11 09:16:41.103,0.84836,0.84854,1.00,4.21
2013.12.11 09:16:41.154,0.84832,0.84854,1.13,4.21
2013.12.11 09:16:41.583,0.84831,0.84851,1.00,3.33
2013.12.11 09:16:41.684,0.84826,0.84851,1.95,7.13
2013.12.11 09:16:41.785,0.84826,0.84849,1.50,6.38
2013.12.11 09:16:43.000,0.84826,0.84848,1.10,2.28
2013.12.11 09:16:43.430,0.84824,0.84848,1.18,2.28
2013.12.11 09:16:43.757,0.84831,0.84848,1.00,2.23
2013.12.11 09:16:44.219,0.84831,0.84848,1.00,1.38
2013.12.11 09:16:44.724,0.84827,0.84848,2.03,1.13
2013.12.11 09:16:46.674,0.84827,0.84848,2.03,1.00
2013.12.11 09:16:47.281,0.84827,0.84848,2.03,1.00
2013.12.11 09:16:47.382,0.84827,0.84848,2.03,1.00
2013.12.11 09:16:47.634,0.84832,0.84853,1.45,1.15
2013.12.11 09:16:48.372,0.84832,0.84853,1.55,1.15
2013.12.11 09:16:48.888,0.84832,0.84853,1.10,1.28
2013.12.11 09:16:49.436,0.84827,0.84852,1.18,3.36
2013.12.11 09:16:49.537,0.84827,0.84852,1.20,6.25
2013.12.11 09:16:49.867,0.84826,0.8485,1.00,6.38
2013.12.11 09:16:50.393,0.84826,0.8485,1.48,4.21
2013.12.11 09:16:50.443,0.84826,0.84849,1.48,2.28
2013.12.11 09:16:50.640,0.84826,0.84849,1.48,1.28
2013.12.11 09:16:50.940,0.84827,0.84849,1.55,1.58
2013.12.11 09:16:51.241,0.84831,0.84849,1.13,1.08
2013.12.11 09:16:51.552,0.84831,0.84849,1.38,1.08
2013.12.11 09:16:51.762,0.84831,0.84849,1.00,1.08
2013.12.11 09:16:52.014,0.84832,0.84852,1.10,1.18
2013.12.11 09:16:52.511,0.84832,0.84852,1.20,1.10
2013.12.11 09:16:52.612,0.84837,0.84852,1.00,1.10
2013.12.11 09:16:54.215,0.84837,0.84855,1.00,1.28
2013.12.11 09:16:55.040,0.84837,0.84855,1.00,1.15
2013.12.11 09:16:58.033,0.84837,0.84855,1.00,1.28
2013.12.11 09:16:58.542,0.84837,0.84855,1.00,1.20
2013.12.11 09:17:03.059,0.84837,0.84855,1.00,1.15
2013.12.11 09:17:08.037,0.84837,0.84855,1.10,1.10
2013.12.11 09:17:08.442,0.84837,0.84855,1.28,1.00
2013.12.11 09:17:08.543,0.84837,0.84858,2.03,1.10
2013.12.11 09:17:09.414,0.84841,0.84858,1.00,1.10
2013.12.11 09:17:11.991,0.84841,0.84858,1.00,1.15
2013.12.11 09:17:12.651,0.84837,0.84858,1.20,1.15
2013.12.11 09:17:13.308,0.84849,0.84858,1.00,1.08
2013.12.11 09:17:13.409,0.84851,0.84858,1.00,1.00
2013.12.11 09:17:13.510,0.84852,0.84861,1.00,1.00
2013.12.11 09:17:13.611,0.84852,0.84865,1.00,1.20
2013.12.11 09:17:13.662,0.84844,0.84865,1.38,1.28
2013.12.11 09:17:13.763,0.84844,0.84865,1.00,3.08
2013.12.11 09:17:13.915,0.84839,0.84864,1.53,1.00
2013.12.11 09:17:13.965,0.84838,0.84862,2.03,4.45
2013.12.11 09:17:15.758,0.84838,0.8486,1.28,2.31
2013.12.11 09:17:16.080,0.84842,0.8486,1.00,1.15
2013.12.11 09:17:16.740,0.84838,0.8486,1.28,1.15
2013.12.11 09:17:17.064,0.84841,0.8486,1.00,1.15
2013.12.11 09:17:19.799,0.84838,0.8486,1.55,1.15
2013.12.11 09:17:20.349,0.84838,0.8486,1.18,1.15
2013.12.11 09:17:21.308,0.84838,0.8486,1.55,1.15
2013.12.11 09:17:22.003,0.84838,0.8486,1.10,3.83
2013.12.11 09:17:22.555,0.84838,0.8486,1.48,1.15
2013.12.11 09:17:23.089,0.84838,0.8486,1.58,1.28
2013.12.11 09:17:23.609,0.84838,0.84859,1.10,3.05
2013.12.11 09:17:23.938,0.84838,0.84859,1.00,7.13
2013.12.11 09:17:24.169,0.84834,0.84858,1.38,6.38
2013.12.11 09:17:25.770,0.84832,0.84856,1.95,4.45
2013.12.11 09:17:25.871,0.84832,0.84854,1.88,3.33
2013.12.11 09:17:26.219,0.84832,0.84854,1.38,3.83
2013.12.11 09:17:26.270,0.84829,0.84854,1.53,1.10
2013.12.11 09:17:26.421,0.84829,0.84854,1.55,4.83
2013.12.11 09:17:28.191,0.84829,0.84854,1.55,4.08
2013.12.11 09:17:28.529,0.84829,0.84854,2.03,4.08
2013.12.11 09:17:28.685,0.84829,0.84854,2.03,1.08
2013.12.11 09:17:29.285,0.8483,0.84854,2.70,1.00
2013.12.11 09:17:29.655,0.84834,0.84855,1.55,1.15
2013.12.11 09:17:36.439,0.84834,0.84855,1.55,1.15
2013.12.11 09:17:37.089,0.84834,0.84855,1.55,1.15
2013.12.11 09:17:39.669,0.84834,0.84855,1.55,1.15
2013.12.11 09:17:40.178,0.84834,0.84855,1.55,1.15
2013.12.11 09:17:41.731,0.84834,0.84855,1.55,1.15
2013.12.11 09:17:42.160,0.84834,0.84855,1.53,1.00
2013.12.11 09:17:42.339,0.84834,0.84855,1.53,1.00
2013.12.11 09:17:43.411,0.84834,0.84855,1.53,1.00
2013.12.11 09:17:46.551,0.84834,0.84855,1.28,1.08
2013.12.11 09:17:46.601,0.84834,0.84855,1.20,1.18
2013.12.11 09:17:46.652,0.84834,0.84855,1.20,1.10
2013.12.11 09:17:49.280,0.84836,0.84859,1.18,2.03
2013.12.11 09:17:52.169,0.84836,0.84859,1.18,1.53
2013.12.11 09:17:53.008,0.84834,0.84859,1.53,1.00
2013.12.11 09:18:07.028,0.84834,0.84859,1.15,1.00
2013.12.11 09:18:12.998,0.84834,0.84859,1.55,4.08
2013.12.11 09:18:13.049,0.84834,0.84859,1.20,7.00
2013.12.11 09:18:13.100,0.84834,0.84859,1.18,4.83
2013.12.11 09:18:13.633,0.84834,0.84859,1.53,1.00
2013.12.11 09:18:13.936,0.84834,0.84856,1.15,2.28
2013.12.11 09:18:14.045,0.84834,0.84856,1.00,2.30
2013.12.11 09:18:14.617,0.84831,0.84856,1.28,1.58
2013.12.11 09:18:15.125,0.84831,0.84856,1.28,2.28
2013.12.11 09:18:17.310,0.84831,0.84855,1.15,5.58
2013.12.11 09:18:17.715,0.84831,0.84855,1.18,3.41
2013.12.11 09:18:17.917,0.84831,0.84855,1.18,5.58
2013.12.11 09:18:18.813,0.84831,0.84854,1.18,2.28
2013.12.11 09:18:19.194,0.84831,0.84854,1.18,2.28
2013.12.11 09:18:19.395,0.84831,0.84854,1.18,2.21
2013.12.11 09:18:19.963,0.84831,0.84854,1.18,3.06
2013.12.11 09:18:20.013,0.84831,0.84854,1.20,5.20
2013.12.11 09:18:20.215,0.84831,0.84854,1.53,1.20
2013.12.11 09:18:20.265,0.84831,0.84854,1.53,1.10
2013.12.11 09:18:20.800,0.84835,0.84854,1.00,1.13
2013.12.11 09:18:21.351,0.84835,0.84854,1.00,1.20
2013.12.11 09:18:22.654,0.84832,0.84854,1.20,2.03
2013.12.11 09:18:22.765,0.84829,0.84853,1.53,2.28
2013.12.11 09:18:27.118,0.84829,0.84853,1.53,1.00
2013.12.11 09:18:27.633,0.84829,0.84853,1.53,2.28
2013.12.11 09:18:28.773,0.84829,0.84853,1.53,1.00
2013.12.11 09:18:29.199,0.84829,0.84853,1.53,2.31
2013.12.11 09:18:29.300,0.84829,0.84852,1.13,2.28
2013.12.11 09:18:31.459,0.84829,0.84852,1.20,1.15
2013.12.11 09:18:32.412,0.84829,0.84852,1.55,1.08
2013.12.11 09:18:32.718,0.84826,0.84852,2.70,1.00
2013.12.11 09:18:33.884,0.84824,0.84849,1.53,2.28
2013.12.11 09:18:34.627,0.84825,0.84849,2.70,2.28
2013.12.11 09:18:35.148,0.84825,0.84849,2.70,2.20
2013.12.11 09:18:35.478,0.84824,0.84849,1.53,1.15
2013.12.11 09:18:35.529,0.84824,0.84849,1.53,1.00
2013.12.11 09:18:36.037,0.84824,0.84849,1.53,1.00
2013.12.11 09:18:36.648,0.84824,0.84849,1.53,1.00
2013.12.11 09:18:38.669,0.84824,0.84848,1.53,2.33
2013.12.11 09:18:40.854,0.84824,0.84848,1.53,2.28
2013.12.11 09:18:41.439,0.84824,0.84848,1.53,1.28
2013.12.11 09:18:41.668,0.84824,0.84848,1.53,1.58
2013.12.11 09:18:44.997,0.84824,0.84848,1.53,1.58
2013.12.11 09:18:45.288,0.84824,0.84848,1.53,1.58
2013.12.11 09:18:45.617,0.84824,0.84848,1.53,1.58
2013.12.11 09:18:47.137,0.84824,0.84848,3.45,1.48
2013.12.11 09:18:47.899,0.84825,0.84848,2.70,1.38
2013.12.11 09:18:47.950,0.84825,0.84848,2.70,1.38
2013.12.11 09:18:51.158,0.84825,0.84848,2.70,1.38
2013.12.11 09:18:51.378,0.84824,0.84848,1.53,1.45
2013.12.11 09:18:51.479,0.84824,0.84848,1.53,1.45
2013.12.11 09:18:51.580,0.84824,0.84848,1.53,2.78
2013.12.11 09:18:51.789,0.84824,0.84847,1.28,3.66
2013.12.11 09:18:51.941,0.84819,0.84844,1.53,2.28
2013.12.11 09:18:52.445,0.84821,0.84844,1.55,1.00
2013.12.11 09:18:52.880,0.84821,0.84844,1.55,1.00
2013.12.11 09:18:53.209,0.84821,0.84844,1.55,2.28
2013.12.11 09:18:53.578,0.8482,0.84844,3.45,1.38
2013.12.11 09:18:53.787,0.84819,0.84844,1.53,1.38
2013.12.11 09:18:53.888,0.84819,0.84844,1.53,1.38
2013.12.11 09:18:54.208,0.84822,0.84844,1.45,1.38
2013.12.11 09:18:54.575,0.84826,0.84844,1.00,2.66
2013.12.11 09:18:55.119,0.84826,0.84843,1.00,2.43
2013.12.11 09:18:55.449,0.84831,0.84843,1.00,1.38
2013.12.11 09:18:55.600,0.84821,0.84843,1.15,1.38
2013.12.11 09:18:55.782,0.84821,0.84842,1.00,3.05
2013.12.11 09:18:55.883,0.84821,0.84841,1.00,6.38
2013.12.11 09:18:55.984,0.84821,0.84841,1.00,1.55
2013.12.11 09:18:56.135,0.84816,0.84841,2.40,1.55
2013.12.11 09:18:56.186,0.84816,0.84839,1.88,6.38
2013.12.11 09:18:57.694,0.84816,0.84837,1.38,3.36
2013.12.11 09:18:58.379,0.84816,0.84837,1.38,1.00
2013.12.11 09:19:01.218,0.84815,0.84837,1.53,1.00
2013.12.11 09:19:02.010,0.84816,0.84837,1.28,1.00
2013.12.11 09:19:02.060,0.84816,0.84837,1.20,1.00
2013.12.11 09:19:02.262,0.84812,0.84837,1.53,1.00
2013.12.11 09:19:02.439,0.84812,0.84837,1.53,1.13
2013.12.11 09:19:02.797,0.84812,0.84837,1.15,1.38
2013.12.11 09:19:02.948,0.84808,0.84835,1.53,1.38
2013.12.11 09:19:02.999,0.84808,0.84833,1.53,3.06
2013.12.11 09:19:03.588,0.84811,0.84833,1.00,1.48
2013.12.11 09:19:04.640,0.84811,0.84833,1.00,2.30
2013.12.11 09:19:09.469,0.84811,0.84831,1.00,6.30
2013.12.11 09:19:10.049,0.84807,0.84831,1.53,1.00
2013.12.11 09:19:10.571,0.84807,0.84831,2.03,1.00
2013.12.11 09:19:11.440,0.84803,0.8483,6.38,2.28
2013.12.11 09:19:11.960,0.84803,0.8483,6.38,1.00
2013.12.11 09:19:12.519,0.84806,0.8483,1.53,1.00
2013.12.11 09:19:13.237,0.84806,0.8483,2.03,2.28
2013.12.11 09:19:13.439,0.84804,0.84829,1.53,2.28
2013.12.11 09:19:16.648,0.84806,0.84829,3.45,1.00
2013.12.11 09:19:17.279,0.84806,0.84829,3.45,2.58
2013.12.11 09:19:18.568,0.84806,0.84829,3.45,2.58
2013.12.11 09:19:19.158,0.84806,0.84829,2.70,1.00
2013.12.11 09:19:19.259,0.84807,0.84829,3.45,2.50
2013.12.11 09:19:20.437,0.84806,0.84829,1.53,1.00
2013.12.11 09:19:20.982,0.84803,0.84829,1.53,1.10
2013.12.11 09:19:21.549,0.84803,0.84828,1.53,1.00
2013.12.11 09:19:21.650,0.84803,0.84828,1.53,1.10
2013.12.11 09:19:21.701,0.84803,0.84828,1.45,3.06
2013.12.11 09:19:22.003,0.84803,0.84827,1.45,4.11
2013.12.11 09:19:22.418,0.84803,0.84827,1.53,1.18
2013.12.11 09:19:22.469,0.84803,0.84827,1.53,1.10
2013.12.11 09:19:22.671,0.84803,0.84827,3.45,1.00
2013.12.11 09:19:29.979,0.84803,0.84827,1.28,1.18
2013.12.11 09:19:30.728,0.84803,0.84827,1.20,4.46
2013.12.11 09:19:30.829,0.84799,0.84826,1.53,3.05
2013.12.11 09:19:30.965,0.84801,0.84826,1.55,2.30
2013.12.11 09:19:31.277,0.84801,0.84822,1.55,1.00
2013.12.11 09:19:32.438,0.84798,0.84822,1.65,1.00
2013.12.11 09:19:32.488,0.84801,0.84822,2.70,1.00
2013.12.11 09:19:32.589,0.84799,0.84822,4.88,1.00
2013.12.11 09:19:32.795,0.84797,0.84822,2.03,1.00
2013.12.11 09:19:36.177,0.84797,0.84822,3.45,1.00
2013.12.11 09:19:42.332,0.84798,0.84822,5.63,1.00
2013.12.11 09:19:44.010,0.84801,0.84822,1.53,1.00
2013.12.11 09:19:44.111,0.84802,0.84822,1.53,1.00
2013.12.11 09:19:44.312,0.84804,0.84825,4.20,1.00
2013.12.11 09:19:46.298,0.84805,0.84825,1.53,1.00
2013.12.11 09:19:46.613,0.84809,0.84825,2.70,1.00
2013.12.11 09:19:46.764,0.84809,0.84829,2.70,1.00
2013.12.11 09:19:46.864,0.84806,0.84829,4.95,1.00
2013.12.11 09:19:47.066,0.84805,0.84829,3.45,1.00
2013.12.11 09:19:47.778,0.84804,0.84828,1.55,4.08
2013.12.11 09:19:47.980,0.84805,0.84828,1.48,4.11
2013.12.11 09:19:48.131,0.84805,0.84828,1.53,1.00
2013.12.11 09:19:48.182,0.84805,0.84828,1.53,1.18
2013.12.11 09:19:48.608,0.84806,0.84828,2.70,1.00
2013.12.11 09:19:49.888,0.84805,0.84828,1.53,1.10
2013.12.11 09:19:50.472,0.84805,0.84828,1.53,1.48
2013.12.11 09:19:50.568,0.84804,0.84828,1.53,1.00
2013.12.11 09:19:52.021,0.84804,0.84828,1.53,1.00
2013.12.11 09:19:52.477,0.84802,0.84828,1.28,4.95
2013.12.11 09:19:52.578,0.84801,0.84827,1.53,3.53
2013.12.11 09:19:52.880,0.84799,0.84823,1.53,1.00
2013.12.11 09:19:54.747,0.84797,0.84823,1.53,1.00
2013.12.11 09:19:55.509,0.84797,0.84823,1.53,1.00
2013.12.11 09:19:56.387,0.84797,0.84823,1.45,1.00
2013.12.11 09:19:57.497,0.84797,0.84823,1.53,1.00
2013.12.11 09:19:58.459,0.84798,0.84823,2.70,1.00
2013.12.11 09:19:58.985,0.84798,0.8482,3.45,1.00
2013.12.11 09:20:00.027,0.84796,0.8482,6.38,1.00
2013.12.11 09:20:01.749,0.84794,0.8482,1.45,1.00
2013.12.11 09:20:03.123,0.84794,0.8482,1.45,1.38
2013.12.11 09:20:04.199,0.84794,0.8482,1.53,3.78
2013.12.11 09:20:06.619,0.84794,0.8482,1.53,1.13
2013.12.11 09:20:06.939,0.84794,0.8482,1.28,3.03
2013.12.11 09:20:07.044,0.84794,0.84819,1.20,5.23
2013.12.11 09:20:07.095,0.84794,0.84819,1.48,5.23
2013.12.11 09:20:07.259,0.84794,0.84818,1.10,3.80
2013.12.11 09:20:07.313,0.84794,0.84818,1.10,3.80
2013.12.11 09:20:07.895,0.8479,0.84817,1.53,1.38
2013.12.11 09:20:08.207,0.8479,0.84817,1.53,1.38
2013.12.11 09:20:08.665,0.84789,0.84815,1.53,3.71
2013.12.11 09:20:10.934,0.8479,0.84815,1.53,3.71
2013.12.11 09:20:11.559,0.84789,0.84815,1.53,3.03
2013.12.11 09:20:12.887,0.84788,0.84813,5.63,1.38
2013.12.11 09:20:12.988,0.84788,0.84813,1.53,1.38
2013.12.11 09:20:14.097,0.84786,0.84813,4.13,1.13
2013.12.11 09:20:14.977,0.84786,0.84813,4.20,1.38
2013.12.11 09:20:15.969,0.84786,0.84813,4.20,1.38
2013.12.11 09:20:16.121,0.84786,0.84813,2.70,1.13
2013.12.11 09:20:16.524,0.84785,0.84813,1.53,4.48
2013.12.11 09:20:17.058,0.84786,0.84813,3.45,1.38
2013.12.11 09:20:17.636,0.84786,0.84813,2.70,1.38
2013.12.11 09:20:18.275,0.84787,0.84813,1.53,3.03
2013.12.11 09:20:19.488,0.84787,0.84812,1.28,3.70
2013.12.11 09:20:20.008,0.84785,0.84812,1.53,5.71
2013.12.11 09:20:22.279,0.84785,0.84812,5.63,3.53
2013.12.11 09:20:22.487,0.84786,0.84812,2.03,1.38
2013.12.11 09:20:23.346,0.84785,0.8481,3.45,3.03
2013.12.11 09:20:23.701,0.84787,0.8481,1.53,1.38
2013.12.11 09:20:25.322,0.84788,0.8481,3.45,1.38
2013.12.11 09:20:25.846,0.84788,0.8481,3.45,1.38
2013.12.11 09:20:26.823,0.84788,0.8481,3.45,1.38
2013.12.11 09:20:28.358,0.8479,0.8481,2.70,1.38
2013.12.11 09:20:29.129,0.84793,0.8481,2.33,1.88
2013.12.11 09:20:29.431,0.84791,0.84802,2.18,1.00
2013.12.11 09:20:29.482,0.84787,0.84802,1.20,1.00
2013.12.11 09:20:30.172,0.84787,0.84802,1.58,1.00
2013.12.11 09:20:30.625,0.84787,0.84802,1.58,1.00
2013.12.11 09:20:30.777,0.84787,0.84802,1.53,1.00
2013.12.11 09:20:30.928,0.84792,0.84802,1.38,1.00
2013.12.11 09:20:31.029,0.84792,0.84804,1.38,1.00
2013.12.11 09:20:31.180,0.84794,0.84804,2.70,1.00
2013.12.11 09:20:31.293,0.84792,0.84804,1.38,1.00
2013.12.11 09:20:31.886,0.84792,0.84804,1.38,1.00
2013.12.11 09:20:32.038,0.84796,0.84804,1.38,1.00
2013.12.11 09:20:32.139,0.84792,0.84808,3.45,1.00
2013.12.11 09:20:32.290,0.84795,0.84808,1.53,1.00
2013.12.11 09:20:32.441,0.84794,0.84813,2.70,1.00
2013.12.11 09:20:32.593,0.84791,0.84813,1.53,1.13
2013.12.11 09:20:32.754,0.84793,0.84813,2.70,1.13
2013.12.11 09:20:33.419,0.84793,0.84813,2.70,2.13
2013.12.11 09:20:33.549,0.84791,0.84813,2.70,2.13
2013.12.11 09:20:33.650,0.8479,0.84813,6.38,1.13
2013.12.11 09:20:33.700,0.8479,0.84813,1.53,1.00
2013.12.11 09:20:33.761,0.84791,0.84813,1.53,1.10
2013.12.11 09:20:33.862,0.84791,0.84809,1.53,1.00
2013.12.11 09:20:34.014,0.8479,0.84809,1.58,2.13
2013.12.11 09:20:34.065,0.84787,0.84809,1.53,2.13
2013.12.11 09:20:34.115,0.84788,0.84809,2.70,2.13
2013.12.11 09:20:34.418,0.8479,0.84809,3.45,1.00
2013.12.11 09:20:34.721,0.84793,0.84809,1.53,1.00
2013.12.11 09:20:34.772,0.84793,0.84813,1.53,1.00
2013.12.11 09:20:35.743,0.84791,0.84813,2.70,1.00
2013.12.11 09:20:35.794,0.8479,0.84813,1.53,1.00
2013.12.11 09:20:35.844,0.84792,0.84813,1.53,1.00
2013.12.11 09:20:38.156,0.84794,0.84813,3.45,1.00
2013.12.11 09:20:38.207,0.84795,0.84815,1.28,1.00
2013.12.11 09:20:39.190,0.848,0.84815,1.00,1.00
2013.12.11 09:20:39.241,0.848,0.84815,1.08,1.00
2013.12.11 09:20:39.926,0.848,0.84815,3.08,1.00
2013.12.11 09:20:40.736,0.848,0.84819,2.33,1.00
2013.12.11 09:20:41.657,0.84801,0.84819,2.33,1.00
2013.12.11 09:20:42.203,0.848,0.84819,2.33,1.00
2013.12.11 09:20:42.254,0.84801,0.84823,1.15,1.10
2013.12.11 09:20:42.407,0.848,0.84823,2.33,1.00
2013.12.11 09:20:44.965,0.84799,0.84823,1.15,1.00
2013.12.11 09:20:45.066,0.84799,0.84823,1.08,4.11
2013.12.11 09:20:45.117,0.84795,0.8482,3.08,1.00
2013.12.11 09:20:46.047,0.84794,0.8482,1.15,1.00
2013.12.11 09:20:47.322,0.84794,0.84818,1.18,2.66
2013.12.11 09:20:47.423,0.84792,0.84815,1.48,4.08
2013.12.11 09:20:47.575,0.84792,0.84815,1.65,1.10
2013.12.11 09:20:47.827,0.84792,0.84815,1.15,1.00
2013.12.11 09:20:47.978,0.84792,0.84815,1.10,3.53
2013.12.11 09:20:48.079,0.84787,0.84813,1.53,3.03
2013.12.11 09:20:48.617,0.84787,0.84813,6.38,1.00
2013.12.11 09:20:51.292,0.84788,0.84813,4.20,1.00
2013.12.11 09:20:51.494,0.84792,0.84815,1.20,1.15
2013.12.11 09:20:51.545,0.84792,0.84815,1.28,1.18
2013.12.11 09:20:51.755,0.84792,0.84815,1.00,1.65
2013.12.11 09:20:52.264,0.84789,0.84815,1.53,1.18
2013.12.11 09:20:53.453,0.84789,0.84815,1.28,1.08
2013.12.11 09:20:53.902,0.8479,0.84815,2.33,1.00
2013.12.11 09:20:56.004,0.84792,0.84815,2.70,1.00
2013.12.11 09:20:57.203,0.84791,0.84815,1.53,1.00
2013.12.11 09:20:58.229,0.84793,0.84815,1.18,1.08
2013.12.11 09:20:58.279,0.84793,0.84815,3.08,1.00
2013.12.11 09:20:58.791,0.84794,0.84815,1.15,1.00
2013.12.11 09:20:59.096,0.84795,0.84815,2.33,1.00
2013.12.11 09:20:59.280,0.84792,0.84815,1.65,1.08
2013.12.11 09:20:59.331,0.84792,0.84815,3.08,1.00
2013.12.11 09:20:59.633,0.84793,0.84815,3.08,1.00
2013.12.11 09:21:00.521,0.84793,0.84815,3.08,1.08
2013.12.11 09:21:00.572,0.84791,0.84815,1.28,1.15
2013.12.11 09:21:04.317,0.84791,0.84815,2.03,1.08
2013.12.11 09:21:04.368,0.84791,0.84815,4.20,1.10
2013.12.11 09:21:04.799,0.84791,0.84815,2.03,3.00
2013.12.11 09:21:04.850,0.84791,0.84815,1.20,5.26
2013.12.11 09:21:05.001,0.84792,0.84815,2.63,3.33
2013.12.11 09:21:05.153,0.84792,0.84815,4.20,1.00
2013.12.11 09:21:05.897,0.84795,0.84816,1.18,1.08
2013.12.11 09:21:10.322,0.8479,0.84816,3.83,1.08
2013.12.11 09:21:10.374,0.8479,0.84816,1.53,1.15
2013.12.11 09:21:10.424,0.84793,0.84816,1.08,1.15
2013.12.11 09:21:10.525,0.84793,0.84816,1.18,1.15
2013.12.11 09:21:11.180,0.84791,0.84816,2.70,1.00
2013.12.11 09:21:11.521,0.84794,0.84816,1.15,1.00
2013.12.11 09:21:16.720,0.84794,0.84816,1.15,1.00
2013.12.11 09:21:16.923,0.84794,0.84816,1.20,1.00
2013.12.11 09:21:19.280,0.84789,0.84815,5.63,1.00
2013.12.11 09:21:20.968,0.84787,0.84811,2.33,1.00
2013.12.11 09:21:22.798,0.84786,0.84811,2.33,1.00
2013.12.11 09:21:22.848,0.84784,0.84811,3.83,1.00
2013.12.11 09:21:23.295,0.84784,0.84807,3.08,2.20
2013.12.11 09:21:23.397,0.84784,0.84807,3.08,1.00
2013.12.11 09:21:25.559,0.84786,0.84807,2.33,1.00
2013.12.11 09:21:26.152,0.84788,0.84807,1.15,1.00
2013.12.11 09:21:29.237,0.8479,0.84807,1.15,1.00
2013.12.11 09:21:29.338,0.8479,0.8481,3.08,1.00
2013.12.11 09:21:30.668,0.84787,0.8481,1.53,1.18
2013.12.11 09:21:30.819,0.84788,0.8481,4.20,1.00
2013.12.11 09:21:31.321,0.84788,0.8481,3.45,1.00
2013.12.11 09:21:35.695,0.84785,0.8481,3.45,1.50
2013.12.11 09:21:35.814,0.84785,0.8481,3.45,1.58
2013.12.11 09:21:35.915,0.84785,0.8481,1.15,3.83
2013.12.11 09:21:36.602,0.84782,0.84809,2.70,1.00
2013.12.11 09:21:42.737,0.84786,0.84808,1.18,2.28
2013.12.11 09:21:50.047,0.84786,0.84808,1.00,1.15
2013.12.11 09:21:50.248,0.84781,0.84807,1.55,4.45
2013.12.11 09:21:50.446,0.84781,0.84807,1.18,4.21
2013.12.11 09:21:50.532,0.84781,0.84807,1.08,6.38
2013.12.11 09:21:50.633,0.84778,0.84802,1.45,3.36
2013.12.11 09:21:50.683,0.84778,0.84802,1.53,1.00
2013.12.11 09:21:50.895,0.84779,0.84802,1.53,1.00
2013.12.11 09:21:51.125,0.84778,0.848,1.95,3.45
2013.12.11 09:21:51.428,0.84771,0.84794,1.58,2.65
2013.12.11 09:21:51.539,0.84771,0.84794,1.53,2.28
2013.12.11 09:21:51.690,0.84771,0.84794,1.08,1.38
2013.12.11 09:21:51.741,0.84771,0.84794,1.00,1.38
2013.12.11 09:21:52.285,0.84771,0.84789,1.00,1.00
2013.12.11 09:21:52.741,0.84767,0.84784,1.00,1.00
2013.12.11 09:21:53.324,0.84767,0.84784,1.38,1.00
2013.12.11 09:21:54.625,0.84767,0.84784,1.00,1.00
2013.12.11 09:22:02.295,0.84772,0.84784,1.00,1.00
2013.12.11 09:22:02.698,0.84772,0.84785,1.00,1.00
2013.12.11 09:22:02.849,0.84767,0.84785,1.53,1.00
2013.12.11 09:22:03.001,0.84767,0.84785,4.20,1.00
2013.12.11 09:22:04.878,0.84767,0.84785,1.15,1.00
2013.12.11 09:22:05.538,0.84767,0.84785,1.15,1.00
2013.12.11 09:22:06.716,0.84772,0.84785,1.00,1.00
2013.12.11 09:22:07.355,0.84766,0.84785,1.53,1.00
2013.12.11 09:22:10.205,0.84767,0.84785,1.15,1.00
2013.12.11 09:22:10.507,0.84772,0.84786,1.00,1.00
2013.12.11 09:22:13.295,0.84777,0.84786,1.00,1.00
2013.12.11 09:22:15.605,0.84768,0.84786,1.53,1.00
2013.12.11 09:22:15.706,0.84766,0.84786,2.03,1.00
2013.12.11 09:22:15.880,0.84766,0.84786,1.88,1.53
2013.12.11 09:22:16.656,0.84766,0.84786,1.00,1.53
2013.12.11 09:22:16.858,0.84762,0.84786,1.15,1.95
2013.12.11 09:22:16.959,0.84762,0.84786,1.10,2.03
2013.12.11 09:22:17.804,0.84762,0.84786,1.10,3.16
2013.12.11 09:22:18.085,0.84762,0.84784,1.00,4.21
2013.12.11 09:22:18.387,0.84762,0.84784,1.08,2.03
2013.12.11 09:22:18.684,0.84762,0.84784,1.08,2.03
2013.12.11 09:22:19.144,0.84772,0.84784,1.38,1.00
2013.12.11 09:22:19.464,0.84777,0.84784,1.38,1.00
2013.12.11 09:22:19.515,0.84777,0.84785,1.38,1.00
2013.12.11 09:22:19.666,0.84767,0.84788,1.90,1.00
2013.12.11 09:22:19.717,0.84768,0.84788,1.15,1.10
2013.12.11 09:22:20.283,0.84765,0.84788,3.45,1.10
2013.12.11 09:22:23.795,0.84771,0.84788,1.20,1.00
2013.12.11 09:22:24.412,0.84767,0.84788,1.53,1.10
2013.12.11 09:22:25.285,0.84771,0.84788,1.00,1.10
2013.12.11 09:22:26.848,0.84771,0.84788,1.15,1.00
2013.12.11 09:22:27.132,0.84771,0.84788,1.15,1.00
2013.12.11 09:22:28.122,0.84771,0.84788,3.08,1.00
2013.12.11 09:22:28.435,0.84774,0.84788,2.33,1.00
2013.12.11 09:22:29.335,0.84776,0.84791,2.33,1.00
2013.12.11 09:22:29.436,0.84777,0.84793,1.65,1.00
2013.12.11 09:22:29.487,0.84778,0.84793,2.33,1.00
2013.12.11 09:22:29.588,0.84777,0.84793,1.15,1.00
2013.12.11 09:22:29.689,0.84777,0.84793,1.18,1.00
2013.12.11 09:22:31.764,0.84772,0.84793,6.38,1.00
2013.12.11 09:22:31.866,0.84777,0.84793,1.15,1.00
2013.12.11 09:22:32.834,0.84777,0.84793,1.15,1.00
2013.12.11 09:22:34.113,0.84782,0.84793,1.00,1.00
2013.12.11 09:22:34.464,0.84782,0.84793,1.08,1.00
2013.12.11 09:22:34.514,0.84782,0.84799,1.08,1.00
2013.12.11 09:22:34.565,0.84782,0.84799,1.10,1.00
2013.12.11 09:22:34.716,0.8478,0.84799,1.15,1.00
2013.12.11 09:22:35.226,0.8478,0.84799,3.08,1.00
2013.12.11 09:22:38.448,0.84779,0.84799,2.33,1.00
2013.12.11 09:22:43.096,0.84782,0.84799,2.33,1.00
2013.12.11 09:22:43.347,0.84785,0.84804,3.08,1.00
2013.12.11 09:22:43.816,0.84786,0.84807,1.15,1.00
2013.12.11 09:22:43.947,0.84788,0.84807,2.33,1.00
2013.12.11 09:22:44.101,0.84789,0.84807,1.15,1.00
2013.12.11 09:22:50.684,0.84788,0.84807,2.33,1.00
2013.12.11 09:22:53.227,0.84791,0.84807,1.65,1.00
2013.12.11 09:22:53.531,0.84793,0.84811,2.33,1.00
2013.12.11 09:22:53.667,0.84793,0.84815,2.33,1.00
2013.12.11 09:22:56.614,0.84792,0.84815,1.15,1.08
2013.12.11 09:22:59.132,0.84792,0.84815,1.18,1.15
2013.12.11 09:22:59.434,0.84792,0.84815,1.15,1.00
2013.12.11 09:22:59.586,0.84794,0.84815,1.18,1.08
2013.12.11 09:22:59.687,0.84794,0.84815,3.83,1.00
2013.12.11 09:22:59.788,0.84794,0.84815,1.65,1.20
2013.12.11 09:23:00.197,0.84794,0.84815,1.58,1.18
2013.12.11 09:23:00.348,0.84794,0.84815,1.18,1.10
2013.12.11 09:23:00.633,0.84794,0.84815,1.08,1.18
2013.12.11 09:23:00.784,0.84794,0.84815,1.18,1.10
2013.12.11 09:23:00.935,0.84794,0.84815,1.08,1.18
2013.12.11 09:23:01.464,0.84794,0.84815,1.00,1.15
2013.12.11 09:23:01.794,0.84795,0.84815,1.15,1.00
2013.12.11 09:23:01.995,0.84794,0.84815,1.15,1.00
2013.12.11 09:23:02.556,0.84795,0.84815,1.15,1.00
2013.12.11 09:23:02.757,0.84797,0.84818,1.15,1.00
2013.12.11 09:23:02.859,0.84797,0.84818,1.10,1.18
2013.12.11 09:23:04.327,0.84797,0.84818,1.00,1.15
2013.12.11 09:23:04.541,0.84797,0.84818,1.20,1.20
2013.12.11 09:23:04.591,0.84797,0.84818,1.10,1.18
2013.12.11 09:23:04.926,0.84797,0.84818,1.08,1.20
2013.12.11 09:23:05.078,0.84797,0.84818,1.00,2.03
2013.12.11 09:23:05.604,0.84797,0.84818,1.00,1.00
2013.12.11 09:23:05.759,0.84797,0.84818,1.18,1.00
2013.12.11 09:23:06.304,0.84794,0.84818,1.15,1.00
2013.12.11 09:23:06.694,0.84797,0.84818,1.15,1.00
2013.12.11 09:23:06.996,0.84793,0.84818,3.08,5.21
2013.12.11 09:23:07.047,0.84793,0.84818,1.20,7.38
2013.12.11 09:23:07.098,0.84793,0.84818,1.10,7.13
2013.12.11 09:23:07.507,0.8479,0.84813,1.00,3.70
2013.12.11 09:23:07.906,0.8479,0.84813,1.20,1.53
2013.12.11 09:23:08.235,0.8479,0.84812,1.00,4.21
2013.12.11 09:23:08.539,0.8479,0.84811,1.00,3.46
2013.12.11 09:23:08.691,0.84785,0.84809,1.00,6.01
2013.12.11 09:23:08.993,0.84781,0.84808,1.08,6.01
2013.12.11 09:23:09.043,0.8478,0.84803,1.10,3.36
2013.12.11 09:23:09.446,0.84777,0.84801,1.00,4.08
2013.12.11 09:23:09.665,0.84777,0.84798,1.00,5.26
2013.12.11 09:23:09.907,0.84777,0.84799,1.00,1.15
2013.12.11 09:23:09.958,0.84777,0.84799,1.00,3.08
2013.12.11 09:23:10.464,0.84777,0.84799,1.00,5.26
2013.12.11 09:23:10.565,0.84777,0.84799,1.10,1.15
2013.12.11 09:23:10.615,0.84777,0.84799,1.10,1.15
2013.12.11 09:23:11.161,0.84777,0.84799,1.00,3.08
2013.12.11 09:23:11.492,0.84777,0.84799,1.10,1.15
2013.12.11 09:23:11.712,0.84777,0.84799,1.10,1.15
2013.12.11 09:23:12.264,0.84777,0.84799,1.00,3.83
2013.12.11 09:23:12.522,0.84777,0.84799,1.10,1.15
2013.12.11 09:23:16.942,0.84772,0.84797,3.08,1.00
2013.12.11 09:23:16.993,0.84772,0.84796,1.00,3.36
2013.12.11 09:23:18.964,0.84776,0.84796,1.00,4.11
2013.12.11 09:23:19.355,0.84782,0.84796,1.00,1.00
2013.12.11 09:23:19.608,0.84782,0.84796,1.00,1.00
2013.12.11 09:23:20.890,0.84782,0.84796,1.00,1.08
2013.12.11 09:23:20.941,0.84777,0.84796,1.00,1.15
2013.12.11 09:23:21.042,0.84776,0.84796,1.00,1.00
2013.12.11 09:23:21.256,0.84776,0.84796,1.10,1.08
2013.12.11 09:23:21.357,0.84776,0.84798,1.65,1.08
2013.12.11 09:23:21.495,0.84778,0.84798,1.15,1.00
2013.12.11 09:23:21.547,0.84781,0.848,1.15,1.00
2013.12.11 09:23:21.852,0.84791,0.84801,1.00,1.00
2013.12.11 09:23:22.873,0.84786,0.84801,1.15,1.00
2013.12.11 09:23:22.981,0.84786,0.84801,1.00,1.00
2013.12.11 09:23:23.530,0.84786,0.84801,1.15,1.00
2013.12.11 09:23:23.581,0.84791,0.84801,1.00,1.00
2013.12.11 09:23:24.006,0.84791,0.84807,1.00,1.00
2013.12.11 09:23:27.726,0.84791,0.84807,1.00,1.00
2013.12.11 09:23:28.194,0.84787,0.84807,1.10,1.00
2013.12.11 09:23:28.294,0.84782,0.84807,1.53,1.00
2013.12.11 09:23:28.395,0.84792,0.84807,1.00,1.10
2013.12.11 09:23:28.722,0.84792,0.84806,1.00,1.00
2013.12.11 09:23:32.715,0.84792,0.84806,1.00,1.00
2013.12.11 09:23:33.255,0.84792,0.84807,1.00,1.08
2013.12.11 09:23:34.334,0.84786,0.84807,1.18,1.08
2013.12.11 09:23:42.411,0.84786,0.84807,1.18,1.00
2013.12.11 09:23:42.990,0.84788,0.84807,1.15,1.00
2013.12.11 09:23:45.879,0.84788,0.84807,1.15,1.00
2013.12.11 09:23:49.356,0.84789,0.84807,2.33,1.00
2013.12.11 09:23:50.570,0.84791,0.84807,1.15,1.00
2013.12.11 09:23:51.684,0.84792,0.84807,2.33,1.00
2013.12.11 09:23:51.835,0.84792,0.8481,2.33,1.13
2013.12.11 09:23:54.052,0.8479,0.8481,1.15,1.00
2013.12.11 09:23:56.099,0.84789,0.8481,3.08,1.00
2013.12.11 09:23:57.704,0.84788,0.8481,4.50,1.00
2013.12.11 09:23:57.856,0.84787,0.8481,1.65,1.00
2013.12.11 09:24:01.366,0.84787,0.8481,1.28,1.15
2013.12.11 09:24:01.681,0.84786,0.8481,1.53,1.15
2013.12.11 09:24:05.226,0.84787,0.8481,1.18,1.08
2013.12.11 09:24:05.534,0.84789,0.84812,1.08,1.15
2013.12.11 09:24:12.515,0.84789,0.84812,1.00,1.28
2013.12.11 09:24:15.953,0.84786,0.84812,1.15,2.28
2013.12.11 09:24:16.265,0.84786,0.84809,1.00,6.38
2013.12.11 09:24:25.352,0.84786,0.84809,1.58,3.83
2013.12.11 09:24:26.301,0.84786,0.84809,1.65,1.15
2013.12.11 09:24:26.402,0.84786,0.84809,1.65,1.15
2013.12.11 09:24:26.699,0.84786,0.84809,2.40,1.08
2013.12.11 09:24:27.026,0.84792,0.84809,1.08,1.00
2013.12.11 09:24:27.328,0.84801,0.84809,1.00,1.00
2013.12.11 09:24:27.378,0.84801,0.84815,1.00,1.48
2013.12.11 09:24:27.580,0.84801,0.84819,1.00,1.18
2013.12.11 09:24:27.987,0.84798,0.84819,1.08,1.18
2013.12.11 09:24:28.141,0.84793,0.84819,1.15,1.20
2013.12.11 09:24:28.632,0.84796,0.84819,1.18,1.10
2013.12.11 09:24:32.934,0.84793,0.84819,3.45,1.08
2013.12.11 09:24:33.035,0.84793,0.84818,1.55,4.08
2013.12.11 09:24:33.136,0.84793,0.84818,1.15,1.08
2013.12.11 09:24:34.338,0.84793,0.84818,1.28,1.15
2013.12.11 09:24:34.439,0.84793,0.84818,1.53,1.10
2013.12.11 09:24:34.773,0.84796,0.84818,1.15,1.00
2013.12.11 09:24:35.623,0.84797,0.84818,1.15,1.00
2013.12.11 09:24:35.982,0.84797,0.84818,3.08,1.00
2013.12.11 09:24:38.222,0.84796,0.84818,1.15,1.00
2013.12.11 09:24:49.455,0.84799,0.8482,1.08,1.18
2013.12.11 09:24:55.162,0.84799,0.8482,1.00,1.08
2013.12.11 09:24:55.313,0.84793,0.84818,1.15,2.78
2013.12.11 09:24:55.414,0.84793,0.84817,1.10,2.28
2013.12.11 09:24:55.717,0.8479,0.84815,2.33,1.00
2013.12.11 09:24:55.895,0.84792,0.84815,1.15,1.18
2013.12.11 09:24:58.805,0.84792,0.84815,1.15,1.00
2013.12.11 09:24:59.067,0.84792,0.84815,1.15,1.15
2013.12.11 09:25:03.928,0.84789,0.84815,2.33,1.00
2013.12.11 09:25:07.271,0.84788,0.84814,1.15,4.08
2013.12.11 09:25:08.932,0.84788,0.84814,3.08,1.10
2013.12.11 09:25:09.881,0.84788,0.84814,1.15,3.71
2013.12.11 09:25:10.457,0.84791,0.84814,1.08,1.20
2013.12.11 09:25:10.762,0.84794,0.84817,1.15,1.55
2013.12.11 09:25:11.115,0.84794,0.84817,1.15,1.20
2013.12.11 09:25:12.722,0.84794,0.84817,1.15,1.08
2013.12.11 09:25:12.792,0.84794,0.84817,1.15,1.18
2013.12.11 09:25:12.960,0.84794,0.84817,1.18,1.65
2013.12.11 09:25:13.275,0.84792,0.84817,1.15,1.00
2013.12.11 09:25:13.393,0.84792,0.84817,1.20,6.30
2013.12.11 09:25:17.603,0.84797,0.84817,1.00,6.30
2013.12.11 09:25:17.704,0.84797,0.84817,1.20,1.00
2013.12.11 09:25:17.805,0.84795,0.84817,1.65,1.15
2013.12.11 09:25:17.965,0.84797,0.84817,1.00,1.15
2013.12.11 09:25:18.167,0.84795,0.84817,1.20,1.15
2013.12.11 09:25:19.183,0.84795,0.84817,1.00,3.08
2013.12.11 09:25:20.757,0.84791,0.84816,1.65,3.36
2013.12.11 09:25:20.808,0.84791,0.84815,1.58,3.36
2013.12.11 09:25:20.909,0.84791,0.84815,1.58,3.33
2013.12.11 09:25:21.610,0.84791,0.84815,1.65,1.18
2013.12.11 09:25:25.562,0.84791,0.84814,1.58,3.33
2013.12.11 09:25:25.663,0.84791,0.84814,1.65,1.18
2013.12.11 09:25:34.421,0.84791,0.84814,2.03,1.18
2013.12.11 09:25:34.472,0.84791,0.84814,2.03,1.20
2013.12.11 09:25:34.774,0.84797,0.84814,1.00,1.15
2013.12.11 09:25:34.875,0.84791,0.84814,2.40,1.08
2013.12.11 09:25:35.079,0.84795,0.84818,1.28,1.15
2013.12.11 09:25:35.180,0.84798,0.84818,1.00,1.15
2013.12.11 09:25:35.282,0.84798,0.84818,1.18,1.00
2013.12.11 09:25:35.332,0.84798,0.84818,1.18,1.00
2013.12.11 09:25:35.704,0.84798,0.84818,1.15,1.00
2013.12.11 09:25:35.855,0.84801,0.84822,1.00,1.15
2013.12.11 09:25:36.439,0.84801,0.84822,1.00,3.83
2013.12.11 09:25:36.590,0.84801,0.84822,1.10,1.15
2013.12.11 09:25:39.744,0.84801,0.84822,1.00,1.15
2013.12.11 09:25:39.845,0.84798,0.8482,1.00,4.08
2013.12.11 09:25:40.197,0.84794,0.84815,1.00,5.26
2013.12.11 09:25:40.248,0.84792,0.84814,1.00,4.08
2013.12.11 09:25:40.805,0.84794,0.84814,1.00,3.08
2013.12.11 09:25:41.514,0.84794,0.84814,1.38,2.33
2013.12.11 09:25:41.615,0.84794,0.84815,1.38,1.15
2013.12.11 09:25:41.716,0.84796,0.84815,1.28,1.00
2013.12.11 09:25:41.767,0.84797,0.8482,1.10,1.65
2013.12.11 09:25:41.817,0.84797,0.8482,1.48,1.65
2013.12.11 09:25:42.141,0.84797,0.8482,1.10,1.65
2013.12.11 09:25:43.326,0.84798,0.8482,1.00,1.15
2013.12.11 09:25:44.752,0.84797,0.8482,1.95,1.15
2013.12.11 09:25:47.610,0.84797,0.8482,1.65,2.31
2013.12.11 09:25:47.912,0.84797,0.84819,1.10,4.21
2013.12.11 09:25:48.636,0.84795,0.84818,1.00,2.28
2013.12.11 09:25:49.200,0.84796,0.84818,1.00,1.15
2013.12.11 09:25:49.515,0.84798,0.84818,1.00,1.15
2013.12.11 09:25:52.906,0.84798,0.84819,1.00,1.65
2013.12.11 09:25:58.526,0.84798,0.84819,1.00,3.83
2013.12.11 09:25:59.058,0.84798,0.84819,1.00,6.01
2013.12.11 09:26:04.677,0.84798,0.84817,1.00,3.33
2013.12.11 09:26:05.235,0.84795,0.84817,1.88,6.01
2013.12.11 09:26:07.003,0.84796,0.84817,1.38,1.15
2013.12.11 09:26:07.523,0.84796,0.84817,1.28,1.18
2013.12.11 09:26:08.777,0.84797,0.84818,1.18,1.18
2013.12.11 09:26:08.878,0.84797,0.84818,1.28,1.18
2013.12.11 09:26:08.928,0.84802,0.84822,1.00,2.33
2013.12.11 09:26:08.979,0.84802,0.84823,1.00,1.15
2013.12.11 09:26:09.583,0.84802,0.84823,1.38,1.15
2013.12.11 09:26:10.892,0.84802,0.84823,1.38,1.15
2013.12.11 09:26:11.430,0.84802,0.84823,1.38,1.15
2013.12.11 09:26:11.662,0.84807,0.84823,1.00,1.15
2013.12.11 09:26:11.820,0.84807,0.84823,1.00,1.20
2013.12.11 09:26:12.026,0.84811,0.84827,1.00,1.15
2013.12.11 09:26:12.127,0.84811,0.8483,1.00,1.28
2013.12.11 09:26:12.354,0.84808,0.8483,1.10,1.28
2013.12.11 09:26:12.581,0.84811,0.8483,1.00,3.45
2013.12.11 09:26:12.681,0.84808,0.8483,1.00,4.45
2013.12.11 09:26:13.231,0.84807,0.8483,1.00,3.45
2013.12.11 09:26:14.541,0.84807,0.84827,1.00,4.48
2013.12.11 09:26:15.650,0.84807,0.84826,1.00,6.38
2013.12.11 09:26:15.752,0.84804,0.84826,1.38,6.38
2013.12.11 09:26:18.864,0.84803,0.84826,1.48,3.73
2013.12.11 09:26:18.965,0.84803,0.84826,1.48,1.15
2013.12.11 09:26:19.691,0.84804,0.84826,1.38,1.15
2013.12.11 09:26:22.885,0.84806,0.84826,1.00,1.00
2013.12.11 09:26:27.402,0.84806,0.84826,1.38,1.00
2013.12.11 09:26:27.554,0.84806,0.84826,1.53,1.00
2013.12.11 09:26:28.103,0.84812,0.84826,2.25,1.00
2013.12.11 09:26:28.204,0.84816,0.84835,1.55,1.00
2013.12.11 09:26:28.305,0.84815,0.84836,1.15,1.00
2013.12.11 09:26:28.814,0.84817,0.84836,1.20,1.00
2013.12.11 09:26:29.702,0.84815,0.84836,1.28,1.08
2013.12.11 09:26:30.568,0.84815,0.84836,1.28,1.15
2013.12.11 09:26:32.351,0.84815,0.84836,1.28,1.00
2013.12.11 09:26:32.522,0.84816,0.84836,1.18,1.00
2013.12.11 09:26:33.141,0.84816,0.84836,1.18,1.00
2013.12.11 09:26:35.111,0.84812,0.84836,4.20,1.00
2013.12.11 09:26:35.164,0.84812,0.84836,1.65,1.00
2013.12.11 09:26:35.216,0.84812,0.84836,1.65,1.38
2013.12.11 09:26:35.518,0.84806,0.84831,2.03,3.46
2013.12.11 09:26:36.422,0.84806,0.84831,1.55,4.21
2013.12.11 09:26:36.473,0.84808,0.84831,1.55,1.13
2013.12.11 09:26:37.210,0.84808,0.84831,1.55,2.28
2013.12.11 09:26:39.161,0.84808,0.84829,1.55,2.20
2013.12.11 09:26:42.570,0.84808,0.84829,1.55,1.13
2013.12.11 09:26:43.139,0.84808,0.84829,1.38,1.53
2013.12.11 09:26:43.671,0.84808,0.84829,1.00,1.53
2013.12.11 09:26:44.705,0.84807,0.84829,1.58,1.53
2013.12.11 09:26:48.290,0.84807,0.84829,1.28,1.53
2013.12.11 09:26:48.661,0.84805,0.84827,1.00,5.93
2013.12.11 09:26:48.862,0.84805,0.84825,1.00,4.96
2013.12.11 09:26:48.913,0.84802,0.84825,2.70,4.96
2013.12.11 09:26:51.505,0.84806,0.84825,1.00,4.46
2013.12.11 09:26:52.240,0.84802,0.84825,1.95,4.96
2013.12.11 09:26:53.121,0.84806,0.84825,1.00,4.46
2013.12.11 09:26:53.229,0.84802,0.84825,1.95,4.96
2013.12.11 09:26:59.181,0.84802,0.84825,1.58,4.96
2013.12.11 09:27:01.205,0.84802,0.84824,1.88,4.21
2013.12.11 09:27:01.803,0.84802,0.84824,1.50,4.21
2013.12.11 09:27:03.141,0.84802,0.84824,1.88,4.21
2013.12.11 09:27:03.910,0.84802,0.84824,1.58,2.03
2013.12.11 09:27:05.240,0.84802,0.84824,1.50,7.13
2013.12.11 09:27:06.083,0.84802,0.84824,1.58,2.03
2013.12.11 09:27:06.664,0.84802,0.84824,1.50,4.21
2013.12.11 09:27:10.411,0.84802,0.84823,1.00,2.68
2013.12.11 09:27:10.512,0.84798,0.84823,1.18,4.95
2013.12.11 09:27:10.620,0.84798,0.84822,1.20,3.06
2013.12.11 09:27:10.729,0.84799,0.84822,1.08,1.38
2013.12.11 09:27:11.274,0.84799,0.84822,1.28,1.38
2013.12.11 09:27:14.601,0.84802,0.84822,1.00,1.58
2013.12.11 09:27:18.870,0.84802,0.84822,1.00,1.28
2013.12.11 09:27:19.022,0.84802,0.84822,1.58,1.00
2013.12.11 09:27:19.224,0.84806,0.84824,1.00,1.38
2013.12.11 09:27:19.748,0.84807,0.84824,1.00,1.38
2013.12.11 09:27:26.130,0.84807,0.84824,1.13,1.38
2013.12.11 09:27:27.063,0.84803,0.84824,2.03,1.88
2013.12.11 09:27:30.652,0.84803,0.84824,2.03,2.03
2013.12.11 09:27:31.354,0.84803,0.84824,1.53,2.03
2013.12.11 09:27:33.609,0.84803,0.84824,1.53,2.03
2013.12.11 09:27:34.041,0.84803,0.84824,1.13,2.03
2013.12.11 09:27:34.588,0.84803,0.84824,1.10,2.03
2013.12.11 09:27:37.143,0.84803,0.84824,1.00,4.95
2013.12.11 09:27:37.345,0.84801,0.84824,1.20,4.46
2013.12.11 09:27:37.454,0.84801,0.84824,1.20,1.53
2013.12.11 09:27:38.016,0.84801,0.84824,1.20,4.46
2013.12.11 09:27:38.230,0.84801,0.84824,1.20,4.46
2013.12.11 09:27:38.365,0.84801,0.84824,1.48,5.21
2013.12.11 09:27:38.978,0.84801,0.84824,1.95,4.46
2013.12.11 09:27:39.141,0.84801,0.84824,1.95,4.46
2013.12.11 09:27:39.986,0.84801,0.84824,1.10,4.46
2013.12.11 09:27:40.603,0.84801,0.84824,1.20,4.46
2013.12.11 09:27:42.860,0.84801,0.84824,1.48,4.46
2013.12.11 09:27:45.929,0.84802,0.84824,1.20,3.05
2013.12.11 09:27:47.470,0.84802,0.84824,1.28,1.58
2013.12.11 09:27:48.351,0.84801,0.84824,1.15,1.58
2013.12.11 09:27:48.835,0.84806,0.84824,1.00,1.53
2013.12.11 09:27:49.494,0.84812,0.84823,1.00,3.70
2013.12.11 09:27:49.595,0.84807,0.84825,1.38,3.00
2013.12.11 09:27:49.646,0.84807,0.84825,1.48,1.18
2013.12.11 09:27:49.848,0.84807,0.84827,1.28,1.45
2013.12.11 09:27:49.949,0.84807,0.84827,1.20,1.18
2013.12.11 09:27:50.571,0.84807,0.84827,1.48,1.18
2013.12.11 09:27:50.730,0.84807,0.84827,1.45,1.10
2013.12.11 09:27:50.941,0.84807,0.84829,1.55,1.10
2013.12.11 09:27:51.042,0.84816,0.84829,1.00,1.00
2013.12.11 09:27:51.344,0.84813,0.84832,1.38,1.20
2013.12.11 09:27:52.660,0.84813,0.84832,1.13,1.20
2013.12.11 09:27:53.321,0.84813,0.84832,1.20,1.10
2013.12.11 09:27:53.642,0.84811,0.84832,2.03,1.10
2013.12.11 09:27:54.859,0.84811,0.84832,2.03,1.10
2013.12.11 09:27:55.400,0.84811,0.84832,2.78,1.10
2013.12.11 09:27:55.450,0.84817,0.84832,1.00,1.00
2013.12.11 09:27:55.753,0.84818,0.84839,1.20,1.53
2013.12.11 09:27:57.611,0.84821,0.84839,1.00,1.53
2013.12.11 09:27:57.881,0.84816,0.84839,2.78,1.53
2013.12.11 09:27:58.489,0.84821,0.84839,1.00,1.53
2013.12.11 09:27:58.792,0.84822,0.84839,1.18,1.38
2013.12.11 09:27:58.956,0.84823,0.84839,1.55,1.00
2013.12.11 09:27:59.224,0.84823,0.84844,1.55,1.20
2013.12.11 09:27:59.406,0.84823,0.84844,1.28,1.48
2013.12.11 09:27:59.658,0.84821,0.84844,1.28,1.53
2013.12.11 09:27:59.709,0.84821,0.84844,1.20,4.46
2013.12.11 09:28:03.011,0.84819,0.84844,1.50,6.63
2013.12.11 09:28:03.559,0.84821,0.84844,1.48,1.10
2013.12.11 09:28:04.110,0.84822,0.84844,1.20,1.48
2013.12.11 09:28:05.243,0.84821,0.84844,2.03,1.00
2013.12.11 09:28:05.870,0.84821,0.84844,2.03,1.00
2013.12.11 09:28:06.489,0.84821,0.84844,2.03,1.00
2013.12.11 09:28:07.018,0.84821,0.84844,2.78,1.48
2013.12.11 09:28:08.220,0.84827,0.84844,1.00,1.48
2013.12.11 09:28:08.321,0.84824,0.84845,1.48,1.48
2013.12.11 09:28:08.620,0.84826,0.84845,1.13,1.48
2013.12.11 09:28:10.160,0.84826,0.84845,1.48,1.38
2013.12.11 09:28:10.742,0.84826,0.84845,1.20,1.38
2013.12.11 09:28:11.181,0.84826,0.84845,1.10,1.00
2013.12.11 09:28:11.483,0.84821,0.84845,1.28,3.03
2013.12.11 09:28:12.026,0.84817,0.84843,2.03,3.73
2013.12.11 09:28:12.369,0.84822,0.84843,1.00,3.71
2013.12.11 09:28:12.799,0.84822,0.84843,1.00,3.71
2013.12.11 09:28:13.053,0.84822,0.84843,1.13,3.71
2013.12.11 09:28:14.344,0.84822,0.84842,1.00,1.00
2013.12.11 09:28:17.359,0.84827,0.84842,1.00,1.00
2013.12.11 09:28:19.554,0.84827,0.84842,1.00,1.38
2013.12.11 09:28:20.437,0.84831,0.84844,1.00,1.55
2013.12.11 09:28:20.488,0.84831,0.84844,1.00,1.10
2013.12.11 09:28:20.639,0.84826,0.84849,2.03,1.53
2013.12.11 09:28:26.109,0.84826,0.84849,1.38,1.18
2013.12.11 09:28:26.371,0.84831,0.84849,1.00,1.18
2013.12.11 09:28:27.091,0.84831,0.84849,1.00,1.10
2013.12.11 09:28:28.701,0.84826,0.84849,1.38,1.10
2013.12.11 09:28:31.088,0.84832,0.84849,1.00,1.10
2013.12.11 09:28:32.320,0.84831,0.84849,1.13,1.00
2013.12.11 09:28:33.919,0.84831,0.84849,1.00,1.58
2013.12.11 09:28:34.470,0.84831,0.84849,1.00,1.58
2013.12.11 09:28:34.571,0.84827,0.84849,1.13,1.58
2013.12.11 09:28:35.040,0.84827,0.84848,1.10,3.03
2013.12.11 09:28:35.142,0.84823,0.84846,1.48,3.73
2013.12.11 09:28:35.684,0.84823,0.84844,1.10,1.00
2013.12.11 09:28:36.051,0.84823,0.84844,1.48,1.00
2013.12.11 09:28:36.104,0.84823,0.84844,1.58,1.45
2013.12.11 09:28:36.155,0.84823,0.84844,1.55,1.20
2013.12.11 09:28:36.357,0.84825,0.84848,2.03,2.03
2013.12.11 09:28:36.458,0.84827,0.84848,1.53,1.38
2013.12.11 09:28:36.711,0.84825,0.84848,1.53,1.00
2013.12.11 09:28:38.101,0.84825,0.84848,1.53,1.08
2013.12.11 09:28:38.695,0.84825,0.84848,1.45,1.08
2013.12.11 09:28:38.998,0.84826,0.84848,2.78,1.48
2013.12.11 09:28:39.563,0.84825,0.84848,2.03,1.55
2013.12.11 09:28:39.664,0.84825,0.84848,1.53,1.00
2013.12.11 09:28:40.988,0.84827,0.84848,1.48,1.20
2013.12.11 09:28:41.039,0.84826,0.84848,2.03,1.13
2013.12.11 09:28:41.090,0.84826,0.84848,2.03,1.38
2013.12.11 09:28:42.838,0.84825,0.84848,1.53,1.20
2013.12.11 09:28:43.389,0.84825,0.84848,1.55,1.48
2013.12.11 09:28:43.870,0.84827,0.84848,1.53,1.00
2013.12.11 09:28:44.173,0.84827,0.84848,1.28,1.38
2013.12.11 09:28:44.729,0.84824,0.84848,2.03,1.48
2013.12.11 09:28:45.409,0.84824,0.84848,2.03,1.48
2013.12.11 09:28:47.686,0.84824,0.84848,2.03,1.48
2013.12.11 09:28:47.789,0.84824,0.84848,2.03,1.48
2013.12.11 09:28:48.092,0.84822,0.84846,1.20,5.23
2013.12.11 09:28:48.394,0.84817,0.84841,2.03,1.00
2013.12.11 09:28:51.091,0.84817,0.84841,1.45,3.73
2013.12.11 09:28:51.418,0.84817,0.84841,1.45,3.73
2013.12.11 09:28:51.947,0.84817,0.84841,1.45,3.73
2013.12.11 09:28:53.171,0.84817,0.84841,1.53,3.65
2013.12.11 09:28:53.975,0.84818,0.84841,1.53,1.00
2013.12.11 09:28:55.311,0.84817,0.84841,1.28,1.00
2013.12.11 09:28:55.412,0.84811,0.84838,5.33,2.28
2013.12.11 09:28:55.513,0.84811,0.84838,2.78,6.63
2013.12.11 09:28:55.832,0.84809,0.84836,2.03,4.48
2013.12.11 09:29:00.242,0.84811,0.84836,1.48,3.73
2013.12.11 09:29:01.461,0.84812,0.84836,1.28,1.10
2013.12.11 09:29:03.348,0.84817,0.84836,1.00,1.10
2013.12.11 09:29:03.708,0.84812,0.84836,1.55,1.10
2013.12.11 09:29:03.789,0.84817,0.84836,1.00,1.10
2013.12.11 09:29:04.334,0.84817,0.84836,1.00,1.48
2013.12.11 09:29:04.390,0.84812,0.84836,1.55,1.48
2013.12.11 09:29:05.058,0.84812,0.84836,1.55,1.48
2013.12.11 09:29:06.158,0.8481,0.84836,1.53,1.48
2013.12.11 09:29:06.903,0.8481,0.84836,1.53,1.48
2013.12.11 09:29:08.139,0.8481,0.84836,1.53,1.48
2013.12.11 09:29:10.669,0.84809,0.84836,3.45,1.48
2013.12.11 09:29:10.888,0.84809,0.84836,3.45,1.48
2013.12.11 09:29:12.754,0.84809,0.84836,1.53,4.45
2013.12.11 09:29:12.905,0.84809,0.84835,1.45,3.71
2013.12.11 09:29:13.208,0.84809,0.84834,1.53,3.41
2013.12.11 09:29:13.360,0.84807,0.8483,2.70,1.00
2013.12.11 09:29:13.461,0.84806,0.8483,2.03,1.00
2013.12.11 09:29:13.561,0.84806,0.8483,2.03,1.00
2013.12.11 09:29:13.869,0.84807,0.8483,1.53,1.00
2013.12.11 09:29:14.470,0.84808,0.8483,1.55,1.00
2013.12.11 09:29:15.289,0.84808,0.8483,1.55,1.00
2013.12.11 09:29:15.881,0.84806,0.8483,2.03,1.00
2013.12.11 09:29:16.387,0.84808,0.8483,1.55,1.00
2013.12.11 09:29:18.592,0.84808,0.8483,1.53,1.00
2013.12.11 09:29:18.769,0.84808,0.8483,1.53,1.13
2013.12.11 09:29:20.933,0.84809,0.8483,1.53,1.38
2013.12.11 09:29:22.308,0.84809,0.8483,1.58,1.53
2013.12.11 09:29:22.814,0.84807,0.8483,2.03,1.13
2013.12.11 09:29:23.160,0.84807,0.84829,2.03,2.13
2013.12.11 09:29:24.226,0.84806,0.84829,3.45,1.48
2013.12.11 09:29:24.277,0.84806,0.84829,1.55,1.55
2013.12.11 09:29:24.877,0.84806,0.84829,2.03,1.55
2013.12.11 09:29:26.948,0.84807,0.84829,1.48,1.55
2013.12.11 09:29:29.367,0.84806,0.84829,2.03,1.18
2013.12.11 09:29:29.438,0.84806,0.84829,2.03,1.20
2013.12.11 09:29:29.774,0.84806,0.84829,1.53,1.15
2013.12.11 09:29:31.872,0.84805,0.84829,1.18,1.88
2013.12.11 09:29:32.124,0.84802,0.84827,1.10,3.73
2013.12.11 09:29:32.483,0.84802,0.84827,1.20,4.48
2013.12.11 09:29:33.453,0.848,0.84826,1.53,1.13
2013.12.11 09:29:33.815,0.848,0.84826,1.53,1.38
2013.12.11 09:29:34.322,0.848,0.84826,1.53,1.38
2013.12.11 09:29:37.407,0.84801,0.84826,1.55,1.38
2013.12.11 09:29:38.608,0.84801,0.84826,1.55,1.38
2013.12.11 09:29:38.938,0.84801,0.84826,1.55,1.13
2013.12.11 09:29:39.163,0.84803,0.84826,1.53,1.00
2013.12.11 09:29:39.466,0.84804,0.84826,2.70,1.88
2013.12.11 09:29:40.077,0.84804,0.84826,2.70,1.88
2013.12.11 09:29:42.003,0.84807,0.84826,1.10,1.38
2013.12.11 09:29:42.678,0.84807,0.84826,1.20,1.00
2013.12.11 09:29:42.790,0.84807,0.84826,1.48,1.00
2013.12.11 09:29:43.093,0.84808,0.84826,1.53,1.00
2013.12.11 09:29:43.194,0.84807,0.84828,3.53,1.00
2013.12.11 09:29:44.251,0.84812,0.84828,1.28,1.00
2013.12.11 09:29:52.209,0.84813,0.84831,1.20,1.38
2013.12.11 09:29:52.259,0.84813,0.84831,1.58,1.00
2013.12.11 09:29:52.602,0.84814,0.84835,4.20,1.00
2013.12.11 09:29:54.683,0.84815,0.84835,1.53,1.38
2013.12.11 09:29:55.198,0.84816,0.84835,1.53,1.00
2013.12.11 09:29:55.507,0.84816,0.84835,3.45,1.00
2013.12.11 09:30:01.341,0.84816,0.84835,1.53,1.13
2013.12.11 09:30:07.217,0.84816,0.84835,1.53,1.38
2013.12.11 09:30:07.764,0.84816,0.84835,1.53,1.38
2013.12.11 09:30:08.971,0.84815,0.84835,1.53,1.38
2013.12.11 09:30:09.630,0.84815,0.84835,1.53,1.13
2013.12.11 09:30:09.857,0.84816,0.84835,2.70,1.13
2013.12.11 09:30:10.311,0.84816,0.84835,1.53,1.13
2013.12.11 09:30:12.128,0.84814,0.84835,1.53,2.13
2013.12.11 09:30:12.280,0.84814,0.84835,1.53,1.38
2013.12.11 09:30:12.330,0.84814,0.84835,3.45,1.38
2013.12.11 09:30:12.582,0.84814,0.84835,1.00,1.88
2013.12.11 09:30:12.734,0.8481,0.84834,1.15,3.26
2013.12.11 09:30:13.048,0.84811,0.84834,2.33,2.93
2013.12.11 09:30:13.250,0.84806,0.84833,1.15,4.21
2013.12.11 09:30:13.950,0.84806,0.84833,1.15,5.23
2013.12.11 09:30:14.155,0.84806,0.84831,1.10,4.46
2013.12.11 09:30:14.800,0.84806,0.84831,1.10,4.96
2013.12.11 09:30:15.159,0.84806,0.84831,1.48,4.21
2013.12.11 09:30:15.461,0.84806,0.84831,1.15,1.95
2013.12.11 09:30:15.562,0.84806,0.84831,1.18,2.03
2013.12.11 09:30:15.919,0.84807,0.84831,1.48,1.53
2013.12.11 09:30:16.147,0.84807,0.84831,1.53,1.58
2013.12.11 09:30:16.248,0.84805,0.84831,1.53,1.13
2013.12.11 09:30:16.349,0.84805,0.84829,1.55,2.88
2013.12.11 09:30:16.399,0.84805,0.84827,1.58,2.88
2013.12.11 09:30:16.450,0.84803,0.84826,2.03,4.45
2013.12.11 09:30:16.501,0.84803,0.84826,1.95,4.48
2013.12.11 09:30:16.702,0.84801,0.84826,1.65,3.73
2013.12.11 09:30:17.004,0.84797,0.84823,1.15,5.20
2013.12.11 09:30:17.105,0.84797,0.84821,1.15,3.70
2013.12.11 09:30:18.027,0.84801,0.84821,1.00,4.46
2013.12.11 09:30:18.099,0.84801,0.84821,1.00,4.46
2013.12.11 09:30:19.083,0.84801,0.84821,1.00,1.38
2013.12.11 09:30:19.134,0.84797,0.84821,1.53,1.38
2013.12.11 09:30:19.185,0.84798,0.84821,3.45,1.38
2013.12.11 09:30:19.236,0.84798,0.84821,3.45,1.00
2013.12.11 09:30:19.443,0.84801,0.84821,1.18,1.00
2013.12.11 09:30:20.943,0.84798,0.84821,2.33,1.00
2013.12.11 09:30:22.723,0.84801,0.84821,1.18,1.38
2013.12.11 09:30:23.258,0.84801,0.84821,1.18,1.00
2013.12.11 09:30:23.469,0.84801,0.84821,1.18,1.00
2013.12.11 09:30:23.771,0.84797,0.84821,1.65,1.88
2013.12.11 09:30:23.872,0.84797,0.84821,1.50,7.13
2013.12.11 09:30:24.152,0.84797,0.84821,1.50,7.13
2013.12.11 09:30:30.703,0.84792,0.84818,1.53,1.38
2013.12.11 09:30:31.239,0.84792,0.84814,1.53,2.13
2013.12.11 09:30:31.290,0.84793,0.84814,5.63,2.13
2013.12.11 09:30:31.617,0.84792,0.84814,1.28,1.38
2013.12.11 09:30:31.719,0.84792,0.84814,1.18,1.48
2013.12.11 09:30:32.310,0.84792,0.84814,1.18,1.48
2013.12.11 09:30:32.949,0.84792,0.84814,1.28,1.48
2013.12.11 09:30:33.607,0.84792,0.84814,1.55,1.48
2013.12.11 09:30:34.009,0.84797,0.84814,1.00,1.38
2013.12.11 09:30:38.491,0.84797,0.84814,1.00,1.38
2013.12.11 09:30:40.317,0.84792,0.84814,2.03,1.95
2013.12.11 09:30:40.418,0.84792,0.84814,1.95,2.03
2013.12.11 09:30:41.680,0.84792,0.84814,2.03,2.03
2013.12.11 09:30:41.731,0.84792,0.84814,2.03,2.03
2013.12.11 09:30:43.955,0.84792,0.84814,2.03,2.03
2013.12.11 09:30:45.597,0.84792,0.84814,2.03,2.03
2013.12.11 09:30:46.158,0.84792,0.84814,2.03,1.88
2013.12.11 09:30:46.680,0.84792,0.84814,2.03,1.95
2013.12.11 09:30:47.310,0.84792,0.84814,1.95,4.20
2013.12.11 09:30:47.512,0.84792,0.84814,1.50,4.21
2013.12.11 09:30:48.488,0.84789,0.84813,2.03,1.13
2013.12.11 09:30:48.947,0.84789,0.8481,4.20,2.20
2013.12.11 09:30:52.123,0.84793,0.8481,1.15,2.13
2013.12.11 09:30:52.417,0.84794,0.84813,3.45,1.13
2013.12.11 09:30:52.468,0.84794,0.84813,3.45,1.38
2013.12.11 09:30:52.650,0.84794,0.84813,3.45,1.00
2013.12.11 09:30:52.752,0.84798,0.84813,3.08,1.00
2013.12.11 09:30:52.853,0.84802,0.84817,1.08,1.38
2013.12.11 09:30:52.954,0.84801,0.84822,1.65,1.08
2013.12.11 09:30:53.006,0.84802,0.84822,2.33,1.00
2013.12.11 09:30:53.157,0.84805,0.84826,1.18,1.20
2013.12.11 09:30:53.207,0.84805,0.84826,1.18,1.00
2013.12.11 09:30:53.662,0.84807,0.84826,2.33,1.00
2013.12.11 09:30:53.914,0.84808,0.84829,1.15,1.00
2013.12.11 09:30:54.080,0.84808,0.84829,1.15,1.18
2013.12.11 09:30:54.166,0.84808,0.84829,1.15,1.10
2013.12.11 09:30:55.177,0.84811,0.84829,1.08,1.00
2013.12.11 09:30:55.484,0.84811,0.84829,3.08,1.00
2013.12.11 09:30:55.875,0.84809,0.84829,1.15,1.00
2013.12.11 09:30:55.926,0.84812,0.84833,1.15,1.00
2013.12.11 09:30:56.027,0.84812,0.84833,1.18,1.15
2013.12.11 09:30:56.332,0.84808,0.84833,4.58,1.00
2013.12.11 09:30:57.358,0.84812,0.84833,1.18,1.65
2013.12.11 09:31:04.187,0.84812,0.84833,1.18,1.53
2013.12.11 09:31:06.057,0.84812,0.84833,1.18,1.53
2013.12.11 09:31:06.158,0.84808,0.84833,1.15,1.58
2013.12.11 09:31:06.209,0.84808,0.84833,1.15,2.33
2013.12.11 09:31:06.338,0.84808,0.84833,1.15,1.00
2013.12.11 09:31:19.529,0.84812,0.84833,1.18,1.00
2013.12.11 09:31:19.985,0.84812,0.84833,1.15,1.00
2013.12.11 09:31:25.188,0.84821,0.84835,1.00,1.00
2013.12.11 09:31:25.490,0.84819,0.8484,1.08,1.18
2013.12.11 09:31:25.591,0.84819,0.8484,3.08,1.08
2013.12.11 09:31:25.642,0.84821,0.84844,1.15,1.63
2013.12.11 09:31:26.293,0.84821,0.84844,5.25,1.00
2013.12.11 09:31:27.166,0.84821,0.84844,3.08,1.08
2013.12.11 09:31:27.217,0.84821,0.84844,1.15,1.18
2013.12.11 09:31:27.369,0.84818,0.84844,1.15,1.10
2013.12.11 09:31:29.258,0.84817,0.84841,2.33,1.00
2013.12.11 09:31:29.367,0.84819,0.84841,1.15,1.10
2013.12.11 09:31:30.418,0.84819,0.84841,3.83,1.00
2013.12.11 09:31:31.559,0.84823,0.84841,4.50,1.00
2013.12.11 09:31:31.660,0.84819,0.84841,3.08,1.00
2013.12.11 09:31:31.765,0.84821,0.84844,1.15,1.10
2013.12.11 09:31:32.084,0.84819,0.84844,2.33,1.00
2013.12.11 09:31:32.387,0.84824,0.84844,3.08,1.00
2013.12.11 09:31:32.790,0.84825,0.84844,3.08,1.00
2013.12.11 09:31:32.840,0.84829,0.84844,2.33,1.00
2013.12.11 09:31:32.891,0.84829,0.84846,2.33,1.00
2013.12.11 09:31:33.990,0.84826,0.84846,2.33,1.00
2013.12.11 09:31:35.162,0.84828,0.84849,1.15,1.10
2013.12.11 09:31:35.886,0.84828,0.84849,1.15,1.00
2013.12.11 09:31:36.409,0.84826,0.84849,2.33,1.00
2013.12.11 09:31:36.629,0.84825,0.84848,1.10,2.31
2013.12.11 09:31:36.831,0.8482,0.84846,1.15,2.31
2013.12.11 09:31:37.489,0.84821,0.84846,3.08,1.10
2013.12.11 09:31:38.243,0.84824,0.84847,1.18,1.15
2013.12.11 09:31:47.285,0.84825,0.84843,1.08,1.00
2013.12.11 09:31:47.538,0.8482,0.84843,1.65,1.00
2013.12.11 09:31:47.859,0.8482,0.84843,1.15,2.03
2013.12.11 09:31:48.926,0.8482,0.84843,3.08,1.95
2013.12.11 09:31:49.108,0.84821,0.84843,2.33,1.50
2013.12.11 09:31:58.568,0.84821,0.84843,2.33,1.95
2013.12.11 09:31:58.618,0.8482,0.84843,1.15,2.03
2013.12.11 09:31:58.820,0.8482,0.84843,1.65,1.88
2013.12.11 09:31:59.218,0.8482,0.84843,1.65,1.38
2013.12.11 09:32:00.319,0.8482,0.84843,1.15,1.55
2013.12.11 09:32:01.269,0.84817,0.84843,3.08,1.13
2013.12.11 09:32:01.421,0.84816,0.84843,1.65,4.48
2013.12.11 09:32:02.300,0.84817,0.84843,2.33,1.95
2013.12.11 09:32:03.494,0.84819,0.84843,1.15,1.13
2013.12.11 09:32:04.074,0.84823,0.84843,1.00,1.13
2013.12.11 09:32:04.381,0.84818,0.84843,1.15,1.88
2013.12.11 09:32:04.785,0.84818,0.84843,1.18,1.95
2013.12.11 09:32:17.197,0.84814,0.84839,3.08,1.38
2013.12.11 09:32:19.177,0.84817,0.84839,1.15,1.13
2013.12.11 09:32:20.502,0.84817,0.84839,3.08,1.13
2013.12.11 09:32:24.246,0.84817,0.84839,1.15,1.13
2013.12.11 09:32:34.129,0.84813,0.84839,1.15,1.13
2013.12.11 09:32:36.456,0.84813,0.84839,1.15,1.38
2013.12.11 09:32:48.886,0.84813,0.84839,1.15,1.13
2013.12.11 09:32:48.949,0.84815,0.84839,2.33,1.13
2013.12.11 09:32:49.109,0.84813,0.84839,1.15,1.13
2013.12.11 09:32:52.564,0.84813,0.84839,1.15,1.13
2013.12.11 09:32:54.272,0.84814,0.84839,2.33,1.13
2013.12.11 09:32:55.915,0.84813,0.84839,3.83,1.13
2013.12.11 09:33:03.843,0.84815,0.84839,1.15,1.48
2013.12.11 09:33:05.250,0.84812,0.84837,1.15,1.00
2013.12.11 09:33:05.300,0.84811,0.84833,2.70,2.13
2013.12.11 09:33:05.618,0.8481,0.84833,1.15,1.38
2013.12.11 09:33:05.719,0.84809,0.8483,1.15,1.00
2013.12.11 09:33:05.936,0.8481,0.8483,2.70,1.00
2013.12.11 09:33:05.988,0.84812,0.8483,3.08,1.00
2013.12.11 09:33:06.756,0.84812,0.8483,2.03,1.00
2013.12.11 09:33:06.958,0.84811,0.8483,1.15,1.00
2013.12.11 09:33:07.109,0.84811,0.8483,1.15,1.00
2013.12.11 09:33:07.682,0.84811,0.8483,1.18,1.00
2013.12.11 09:33:11.454,0.8481,0.8483,1.08,1.00
2013.12.11 09:33:12.324,0.84808,0.8483,1.53,1.38
2013.12.11 09:33:12.475,0.84808,0.8483,1.38,1.48
2013.12.11 09:33:12.677,0.8481,0.8483,1.08,1.00
2013.12.11 09:33:13.216,0.84809,0.8483,1.18,1.13
2013.12.11 09:33:13.767,0.84808,0.8483,1.28,1.13
2013.12.11 09:33:14.371,0.84808,0.8483,1.18,1.38
2013.12.11 09:33:15.284,0.84808,0.8483,1.28,1.13
2013.12.11 09:33:16.329,0.84808,0.8483,1.28,1.13
2013.12.11 09:33:16.767,0.84808,0.8483,1.28,1.95
2013.12.11 09:33:16.818,0.84808,0.8483,1.28,2.03
2013.12.11 09:33:16.969,0.84808,0.84829,1.20,2.28
2013.12.11 09:33:17.070,0.84806,0.84828,1.10,4.20
2013.12.11 09:33:17.171,0.84806,0.84826,1.00,1.13
2013.12.11 09:33:17.326,0.84804,0.84826,1.13,1.13
2013.12.11 09:33:17.377,0.84804,0.84826,1.13,1.53
2013.12.11 09:33:17.529,0.84802,0.84825,1.10,5.23
2013.12.11 09:33:17.633,0.84799,0.84823,1.95,4.48
2013.12.11 09:33:18.155,0.84799,0.84822,1.38,1.00
2013.12.11 09:33:19.452,0.84801,0.84822,5.63,1.00
2013.12.11 09:33:19.502,0.84802,0.84822,1.65,1.00
2013.12.11 09:33:19.704,0.84807,0.84823,1.13,1.00
2013.12.11 09:33:19.906,0.84805,0.84823,1.53,1.00
2013.12.11 09:33:20.151,0.84806,0.84826,1.53,1.00
2013.12.11 09:33:20.455,0.84806,0.84826,1.53,1.38
2013.12.11 09:33:21.525,0.84806,0.84826,1.28,1.45
2013.12.11 09:33:21.576,0.84806,0.84826,1.18,1.38
2013.12.11 09:33:21.627,0.84803,0.84826,1.55,5.20
2013.12.11 09:33:21.677,0.84803,0.84826,1.18,5.20
2013.12.11 09:33:21.980,0.84801,0.84823,1.08,1.38
2013.12.11 09:33:22.131,0.84801,0.84823,1.55,1.00
2013.12.11 09:33:22.434,0.84801,0.84823,2.78,1.38
2013.12.11 09:33:22.968,0.84801,0.84823,1.53,1.38
2013.12.11 09:33:23.069,0.84801,0.84823,1.53,1.58
2013.12.11 09:33:37.951,0.84801,0.84823,1.15,1.58
2013.12.11 09:33:38.269,0.84797,0.84819,1.08,1.38
2013.12.11 09:33:38.572,0.84797,0.84819,1.45,1.00
2013.12.11 09:33:39.702,0.84797,0.84819,1.53,1.00
2013.12.11 09:33:41.085,0.84797,0.84819,1.53,1.00
2013.12.11 09:33:42.044,0.84802,0.84819,1.00,1.00
2013.12.11 09:33:43.114,0.84802,0.84819,1.38,1.00
2013.12.11 09:33:43.417,0.84801,0.8482,1.53,1.00
2013.12.11 09:33:43.568,0.84801,0.8482,1.58,1.13
2013.12.11 09:33:44.399,0.84807,0.8482,1.00,1.13
2013.12.11 09:33:44.603,0.84807,0.84823,1.00,1.58
2013.12.11 09:33:44.654,0.84807,0.84823,1.00,1.00
2013.12.11 09:33:44.805,0.84805,0.84823,1.00,2.28
2013.12.11 09:33:44.956,0.84802,0.84823,1.55,1.13
2013.12.11 09:33:48.505,0.84802,0.84823,1.38,2.28
2013.12.11 09:33:48.707,0.84802,0.84823,1.53,2.13
2013.12.11 09:33:49.063,0.84802,0.84823,1.53,1.48
2013.12.11 09:33:49.482,0.84802,0.84823,1.53,1.20
2013.12.11 09:33:49.807,0.84802,0.84823,1.38,1.55
2013.12.11 09:33:49.958,0.84802,0.84823,1.13,1.55
2013.12.11 09:33:50.629,0.84802,0.84822,1.13,1.00
2013.12.11 09:34:13.066,0.84802,0.84822,1.08,1.00
2013.12.11 09:34:13.414,0.84806,0.84822,1.20,1.00
2013.12.11 09:34:15.470,0.84806,0.84822,1.13,1.00
2013.12.11 09:34:15.571,0.84806,0.84822,1.00,1.00
2013.12.11 09:34:15.930,0.84806,0.84822,1.38,1.00
2013.12.11 09:34:16.082,0.84806,0.84823,1.53,1.13
2013.12.11 09:34:16.296,0.84817,0.84823,1.00,1.00
2013.12.11 09:34:16.503,0.84817,0.8483,1.00,1.38
2013.12.11 09:34:17.103,0.84817,0.8483,1.00,1.00
2013.12.11 09:34:17.638,0.84817,0.8483,1.00,1.38
2013.12.11 09:34:17.994,0.84811,0.8483,1.18,1.38
2013.12.11 09:34:18.045,0.84811,0.8483,1.18,1.48
2013.12.11 09:34:18.571,0.84811,0.8483,1.00,1.13
2013.12.11 09:34:21.731,0.84817,0.8483,1.00,1.00
2013.12.11 09:34:27.416,0.84822,0.8483,1.00,1.00
2013.12.11 09:34:27.517,0.84822,0.8483,1.00,1.00
2013.12.11 09:34:27.732,0.84816,0.8483,1.00,1.00
2013.12.11 09:34:36.128,0.84821,0.8483,1.00,1.00
2013.12.11 09:34:38.342,0.84816,0.8483,1.08,1.00
2013.12.11 09:34:38.850,0.84811,0.8483,1.38,1.38
2013.12.11 09:34:39.701,0.84811,0.8483,1.00,1.38
2013.12.11 09:34:40.056,0.84816,0.8483,1.00,1.38
2013.12.11 09:34:40.384,0.84812,0.8483,1.00,1.13
2013.12.11 09:34:40.790,0.84812,0.8483,1.00,1.45
2013.12.11 09:34:44.143,0.84808,0.8483,1.55,2.03
2013.12.11 09:34:45.717,0.84808,0.8483,1.55,2.03
2013.12.11 09:34:45.871,0.84808,0.84829,1.55,2.28
2013.12.11 09:34:46.073,0.84806,0.84829,1.55,1.38
2013.12.11 09:34:46.174,0.84805,0.84829,1.53,3.38
2013.12.11 09:34:47.793,0.84806,0.84827,1.38,1.13
2013.12.11 09:34:49.597,0.84812,0.84827,1.00,1.13
2013.12.11 09:34:50.084,0.84812,0.84827,1.00,1.48
2013.12.11 09:34:50.593,0.84812,0.84827,1.00,1.20
2013.12.11 09:34:51.056,0.84812,0.84827,1.00,1.55
2013.12.11 09:34:59.324,0.84803,0.84825,1.55,3.01
2013.12.11 09:34:59.375,0.84803,0.84825,1.55,3.01
2013.12.11 09:34:59.425,0.84801,0.84823,1.75,5.88
2013.12.11 09:34:59.753,0.84801,0.84817,1.48,1.00
2013.12.11 09:34:59.954,0.84801,0.8482,1.53,1.00
2013.12.11 09:35:00.173,0.84801,0.8482,1.53,1.00
2013.12.11 09:35:00.684,0.84801,0.8482,1.55,1.00
2013.12.11 09:35:02.465,0.84801,0.8482,1.48,1.00
2013.12.11 09:35:03.874,0.84801,0.8482,1.13,1.00
2013.12.11 09:35:08.273,0.84801,0.8482,1.38,1.00
2013.12.11 09:35:10.963,0.84807,0.8482,1.00,1.00
2013.12.11 09:35:12.755,0.84807,0.8482,1.00,1.00
2013.12.11 09:35:13.418,0.84802,0.8482,1.95,1.00
2013.12.11 09:35:13.469,0.84802,0.8482,1.95,1.00
2013.12.11 09:35:13.570,0.84802,0.8482,1.20,1.00
2013.12.11 09:35:16.962,0.84802,0.8482,1.38,1.00
2013.12.11 09:35:18.060,0.84802,0.8482,1.13,1.00
2013.12.11 09:35:20.121,0.84807,0.8482,1.00,1.00
2013.12.11 09:35:22.884,0.84812,0.8482,1.00,1.00
2013.12.11 09:35:22.985,0.84806,0.8482,1.28,1.00
2013.12.11 09:35:23.036,0.84806,0.8482,1.55,1.00
2013.12.11 09:35:23.280,0.84804,0.84823,3.45,1.00
2013.12.11 09:35:23.431,0.84807,0.84826,1.55,1.00
2013.12.11 09:35:23.942,0.84811,0.84826,1.00,1.20
2013.12.11 09:35:24.307,0.84811,0.84826,1.00,1.00
2013.12.11 09:35:25.623,0.84807,0.84826,1.38,1.00
2013.12.11 09:35:25.673,0.84807,0.84826,1.13,1.00
2013.12.11 09:35:28.153,0.84807,0.84826,1.38,1.00
2013.12.11 09:35:28.305,0.84807,0.84826,1.45,1.00
2013.12.11 09:35:28.722,0.84811,0.84826,1.48,1.00
2013.12.11 09:35:28.838,0.84811,0.84826,1.20,1.00
2013.12.11 09:35:29.143,0.84811,0.84826,1.48,1.00
2013.12.11 09:35:31.494,0.84811,0.84826,1.20,1.00
2013.12.11 09:35:32.596,0.84808,0.84826,1.53,1.00
2013.12.11 09:35:33.104,0.84807,0.84826,1.53,1.00
2013.12.11 09:35:34.044,0.84807,0.84826,1.20,1.00
2013.12.11 09:35:34.708,0.84807,0.84826,1.28,1.00
2013.12.11 09:35:34.870,0.84811,0.84826,1.00,1.00
2013.12.11 09:35:35.421,0.84806,0.84826,1.08,1.00
2013.12.11 09:35:35.472,0.84806,0.84826,1.08,1.00
2013.12.11 09:35:35.574,0.84806,0.84826,1.00,1.38
2013.12.11 09:35:35.675,0.84806,0.84826,1.00,1.13
2013.12.11 09:35:35.742,0.84806,0.84826,1.00,1.38
2013.12.11 09:35:36.313,0.84806,0.84826,1.00,1.38
2013.12.11 09:35:37.721,0.84806,0.84826,1.13,1.13
2013.12.11 09:35:44.135,0.84811,0.84826,1.00,1.13
2013.12.11 09:35:45.674,0.84806,0.84826,1.10,1.00
2013.12.11 09:35:46.331,0.84806,0.84826,1.10,1.38
2013.12.11 09:35:46.386,0.84806,0.84826,1.08,1.38
2013.12.11 09:35:46.731,0.84811,0.84826,1.00,1.00
2013.12.11 09:35:46.923,0.84811,0.84826,1.00,1.13
2013.12.11 09:35:49.983,0.84811,0.84826,1.10,1.38
2013.12.11 09:36:00.670,0.84811,0.84826,1.00,1.00
2013.12.11 09:36:08.334,0.84807,0.84826,1.55,1.00
2013.12.11 09:36:11.832,0.84807,0.84826,1.48,1.00
2013.12.11 09:36:11.933,0.84807,0.84826,1.53,1.00
2013.12.11 09:36:12.112,0.84811,0.84829,1.13,1.13
2013.12.11 09:36:12.743,0.84811,0.84829,1.38,1.00
2013.12.11 09:36:17.242,0.84817,0.84829,1.00,1.00
2013.12.11 09:36:23.309,0.84813,0.84829,1.28,1.00
2013.12.11 09:36:23.410,0.84813,0.84829,1.10,1.00
2013.12.11 09:36:24.076,0.84812,0.84829,1.20,1.38
2013.12.11 09:36:24.227,0.84808,0.84828,1.28,2.13
2013.12.11 09:36:24.379,0.84808,0.84828,1.28,1.13
2013.12.11 09:36:24.882,0.84807,0.84828,1.53,2.28
2013.12.11 09:36:25.761,0.84807,0.84828,1.53,2.28
2013.12.11 09:36:40.652,0.84807,0.84828,1.28,2.81
2013.12.11 09:36:40.753,0.84805,0.84823,1.15,2.13
2013.12.11 09:36:40.898,0.84802,0.84823,1.53,2.20
2013.12.11 09:36:41.132,0.84802,0.84823,1.48,2.28
2013.12.11 09:36:41.821,0.84802,0.84823,1.48,2.28
2013.12.11 09:36:42.262,0.84802,0.84823,1.20,2.28
2013.12.11 09:36:43.142,0.84802,0.84823,1.48,1.38
2013.12.11 09:36:47.114,0.84802,0.84823,1.10,1.38
2013.12.11 09:36:47.323,0.84802,0.84823,1.10,1.38
2013.12.11 09:36:50.333,0.84802,0.84823,1.00,3.08
2013.12.11 09:36:50.384,0.84798,0.84823,1.15,3.23
2013.12.11 09:36:50.435,0.84797,0.84816,1.28,1.00
2013.12.11 09:36:50.586,0.84797,0.84814,1.20,2.13
2013.12.11 09:36:51.262,0.84796,0.84814,1.10,1.00
2013.12.11 09:36:51.823,0.84801,0.84814,1.00,1.00
2013.12.11 09:36:51.924,0.84796,0.84814,1.28,1.00
2013.12.11 09:36:52.024,0.84802,0.84814,1.00,1.00
2013.12.11 09:36:52.477,0.84796,0.84814,1.53,1.00
2013.12.11 09:36:52.586,0.84802,0.84814,1.00,1.00
2013.12.11 09:36:52.637,0.84802,0.84814,1.00,1.00
2013.12.11 09:36:52.738,0.84802,0.84814,1.00,1.00
2013.12.11 09:36:56.683,0.84797,0.84814,1.18,1.00
2013.12.11 09:36:57.275,0.84797,0.84814,1.00,1.00
2013.12.11 09:37:02.361,0.84797,0.84814,1.48,1.00
2013.12.11 09:37:02.912,0.84797,0.84814,1.40,1.00
2013.12.11 09:37:06.213,0.84797,0.84814,1.20,1.00
2013.12.11 09:37:06.431,0.84801,0.84814,1.00,1.00
2013.12.11 09:37:09.950,0.84796,0.84814,1.38,1.00
2013.12.11 09:37:13.363,0.84792,0.84814,1.53,1.13
2013.12.11 09:37:13.691,0.84791,0.84814,1.53,1.38
2013.12.11 09:37:22.383,0.84791,0.84814,1.53,1.00
2013.12.11 09:37:22.434,0.84791,0.84814,1.53,1.00
2013.12.11 09:37:25.060,0.84791,0.84814,1.53,1.13
2013.12.11 09:37:25.625,0.84791,0.84814,1.53,1.13
2013.12.11 09:37:28.701,0.84791,0.84814,1.53,1.00
2013.12.11 09:37:30.781,0.84797,0.84814,1.00,1.00
2013.12.11 09:37:30.982,0.84797,0.84814,1.00,1.58
2013.12.11 09:37:31.134,0.84797,0.84814,1.00,1.00
2013.12.11 09:37:31.443,0.84797,0.84814,1.53,1.00
2013.12.11 09:37:31.762,0.84801,0.84814,1.00,1.00
2013.12.11 09:37:32.205,0.84801,0.84814,1.15,1.00
2013.12.11 09:37:32.520,0.84801,0.84816,1.15,1.00
2013.12.11 09:37:35.833,0.84801,0.84822,1.53,1.25
2013.12.11 09:37:35.935,0.84801,0.84822,1.53,1.63
2013.12.11 09:37:36.292,0.84807,0.84822,1.00,1.63
2013.12.11 09:37:39.032,0.84801,0.84822,1.53,1.63
2013.12.11 09:37:40.132,0.84807,0.84822,1.00,1.63
2013.12.11 09:37:40.890,0.84807,0.84822,1.00,1.32
2013.12.11 09:37:41.195,0.84807,0.84822,1.00,1.53
2013.12.11 09:37:41.781,0.84802,0.84822,1.18,1.53
2013.12.11 09:37:42.882,0.84806,0.84822,1.00,1.53
2013.12.11 09:37:43.184,0.84806,0.84822,1.13,1.15
2013.12.11 09:37:43.726,0.84806,0.84822,1.18,1.49
2013.12.11 09:37:48.581,0.84803,0.84822,1.53,1.12
2013.12.11 09:37:49.109,0.84802,0.84822,2.70,1.24
2013.12.11 09:37:58.022,0.84802,0.84822,2.70,1.53
2013.12.11 09:37:59.342,0.84802,0.84822,2.70,1.53
2013.12.11 09:38:01.321,0.84802,0.84822,2.70,1.24
2013.12.11 09:38:02.001,0.84802,0.84822,2.70,1.49
2013.12.11 09:38:03.990,0.84802,0.84822,2.70,1.49
2013.12.11 09:38:04.041,0.84801,0.84822,1.53,1.59
2013.12.11 09:38:04.665,0.84801,0.84822,1.53,1.59
2013.12.11 09:38:05.610,0.84801,0.84822,1.53,1.59
2013.12.11 09:38:11.551,0.84801,0.84822,1.53,1.32
2013.12.11 09:38:14.191,0.84801,0.84822,1.53,1.25
2013.12.11 09:38:15.511,0.84801,0.84822,1.53,1.32
2013.12.11 09:38:16.105,0.84801,0.84822,2.03,1.59
2013.12.11 09:38:16.304,0.84802,0.84822,2.70,1.12
2013.12.11 09:38:17.371,0.848,0.84822,1.53,1.32
2013.12.11 09:38:17.525,0.848,0.84822,1.15,1.38
2013.12.11 09:38:17.835,0.84794,0.84814,1.53,1.00
2013.12.11 09:38:22.002,0.84793,0.84812,2.70,1.00
2013.12.11 09:38:22.161,0.84791,0.84812,2.03,1.00
2013.12.11 09:38:23.371,0.84797,0.84812,1.00,1.00
2013.12.11 09:38:23.526,0.84797,0.84812,1.00,1.20
2013.12.11 09:38:23.809,0.84792,0.84812,1.38,1.28
2013.12.11 09:38:24.620,0.84792,0.84812,1.38,1.20
2013.12.11 09:38:27.038,0.84792,0.84812,1.00,1.20
2013.12.11 09:38:28.600,0.84792,0.84812,1.38,1.48
2013.12.11 09:38:29.188,0.84792,0.84812,1.38,1.10
2013.12.11 09:38:29.528,0.84792,0.84812,2.03,1.00
2013.12.11 09:38:30.220,0.84792,0.84812,1.53,1.13
2013.12.11 09:38:31.180,0.84792,0.84812,1.55,1.38
2013.12.11 09:38:31.281,0.84789,0.84812,1.53,1.55
2013.12.11 09:38:31.584,0.84787,0.84809,2.70,1.00
2013.12.11 09:38:32.054,0.84786,0.84809,2.78,1.00
2013.12.11 09:38:33.711,0.84792,0.84809,1.00,1.00
2013.12.11 09:38:33.963,0.84792,0.84809,1.08,1.00
2013.12.11 09:38:34.724,0.84792,0.84809,1.28,1.00
2013.12.11 09:38:35.566,0.84792,0.84809,1.55,1.00
2013.12.11 09:38:35.617,0.84791,0.84808,1.53,1.00
2013.12.11 09:38:35.947,0.84791,0.84806,1.00,1.38
2013.12.11 09:38:36.851,0.84791,0.84806,1.00,1.38
2013.12.11 09:38:36.902,0.84786,0.84806,1.00,1.38
2013.12.11 09:38:37.154,0.84786,0.84801,1.00,1.00
2013.12.11 09:38:37.372,0.84781,0.84801,1.15,1.38
2013.12.11 09:38:37.423,0.84777,0.84801,5.25,1.38
2013.12.11 09:38:37.777,0.84779,0.84801,1.15,1.13
2013.12.11 09:38:39.471,0.84778,0.84801,1.15,1.13
2013.12.11 09:38:42.822,0.8478,0.84801,1.28,1.13
2013.12.11 09:38:43.024,0.84782,0.84801,1.28,1.00
2013.12.11 09:38:43.201,0.84782,0.84801,1.15,1.00
2013.12.11 09:38:46.199,0.84782,0.84801,1.15,1.38
2013.12.11 09:38:46.613,0.84786,0.84801,1.00,1.38
2013.12.11 09:38:46.709,0.84782,0.84801,1.15,1.38
2013.12.11 09:38:46.810,0.84782,0.84801,1.15,1.38
2013.12.11 09:38:47.213,0.84783,0.84801,2.70,1.00
2013.12.11 09:38:47.534,0.84787,0.84804,1.28,1.38
2013.12.11 09:38:48.079,0.84787,0.84804,1.53,1.00
2013.12.11 09:38:48.532,0.84787,0.84804,3.45,1.00
2013.12.11 09:38:50.702,0.84785,0.84804,2.70,1.00
2013.12.11 09:38:50.753,0.84782,0.84804,6.38,1.00
2013.12.11 09:38:50.854,0.84787,0.84804,1.28,1.00
2013.12.11 09:38:51.207,0.84782,0.84804,4.20,1.38
2013.12.11 09:38:54.698,0.84787,0.84804,1.10,1.38
2013.12.11 09:38:56.540,0.84787,0.84804,1.10,1.38
2013.12.11 09:38:59.670,0.84787,0.84804,1.15,1.38
2013.12.11 09:39:00.286,0.84787,0.84804,1.15,1.38
2013.12.11 09:39:04.924,0.84785,0.84804,3.45,1.38
2013.12.11 09:39:06.919,0.84785,0.84804,3.45,1.38
2013.12.11 09:39:07.294,0.84785,0.84804,3.45,1.00
2013.12.11 09:39:10.366,0.84783,0.84804,1.28,1.00
2013.12.11 09:39:17.642,0.84782,0.84804,1.45,1.00
2013.12.11 09:39:17.693,0.84782,0.84804,1.38,1.00
2013.12.11 09:39:18.539,0.84782,0.84804,1.38,1.13
2013.12.11 09:39:19.080,0.8478,0.84804,1.38,1.38
2013.12.11 09:39:19.231,0.84778,0.84804,1.13,2.66
2013.12.11 09:39:19.444,0.84778,0.84799,1.00,2.58
2013.12.11 09:39:19.499,0.84774,0.84799,1.95,2.58
2013.12.11 09:39:19.997,0.84773,0.84799,1.88,2.66
2013.12.11 09:39:21.850,0.84777,0.84799,1.00,1.38
2013.12.11 09:39:21.949,0.84777,0.84799,1.13,1.38
2013.12.11 09:39:22.654,0.84776,0.84799,1.38,1.38
2013.12.11 09:39:23.201,0.84776,0.84799,1.38,1.38
2013.12.11 09:39:32.138,0.84777,0.84799,1.28,1.38
2013.12.11 09:39:32.448,0.84777,0.84799,1.28,1.38
2013.12.11 09:39:33.039,0.84777,0.84799,1.28,1.38
2013.12.11 09:39:33.619,0.84777,0.84799,1.18,1.38
2013.12.11 09:39:36.921,0.84777,0.84799,1.18,1.38
2013.12.11 09:39:37.951,0.84781,0.84799,1.00,1.38
2013.12.11 09:39:44.838,0.84781,0.84799,1.00,1.38
2013.12.11 09:39:46.818,0.84781,0.84799,1.00,1.38
2013.12.11 09:39:47.333,0.84781,0.84799,1.00,1.38
2013.12.11 09:39:51.328,0.84781,0.84799,1.00,1.38
2013.12.11 09:39:51.768,0.84781,0.84799,1.00,1.38
2013.12.11 09:39:52.270,0.84781,0.84799,1.00,1.38
2013.12.11 09:39:55.289,0.84781,0.84799,1.00,1.13
2013.12.11 09:39:55.508,0.84781,0.84799,1.00,1.38
2013.12.11 09:39:59.728,0.84786,0.84799,1.00,1.38
2013.12.11 09:39:59.829,0.84782,0.84799,1.13,1.00
2013.12.11 09:39:59.930,0.84786,0.84799,1.00,1.00
2013.12.11 09:40:05.603,0.84786,0.848,1.00,1.13
2013.12.11 09:40:06.139,0.84786,0.848,1.00,1.38
2013.12.11 09:40:06.400,0.84786,0.848,1.18,1.38
2013.12.11 09:40:06.720,0.84782,0.848,3.08,1.38
2013.12.11 09:40:06.821,0.84782,0.848,1.15,1.38
2013.12.11 09:40:07.169,0.84782,0.848,1.15,1.38
2013.12.11 09:40:07.299,0.84782,0.848,1.15,1.38
2013.12.11 09:40:11.740,0.84781,0.848,1.15,1.38
2013.12.11 09:40:12.042,0.84786,0.84805,1.08,1.05
2013.12.11 09:40:16.306,0.84786,0.84805,1.08,1.05
2013.12.11 09:40:16.409,0.84786,0.84805,1.08,1.05
2013.12.11 09:40:16.780,0.84786,0.84806,1.00,1.83
2013.12.11 09:40:16.830,0.84782,0.84806,1.18,1.53
2013.12.11 09:40:17.525,0.84782,0.84803,1.00,1.38
2013.12.11 09:40:20.039,0.84782,0.84803,1.00,1.38
2013.12.11 09:40:21.738,0.84782,0.84803,1.00,1.38
2013.12.11 09:40:24.327,0.84782,0.84803,1.00,1.38
2013.12.11 09:40:25.869,0.84782,0.84803,1.10,1.38
2013.12.11 09:40:30.598,0.84782,0.84803,1.10,1.38
2013.12.11 09:40:33.153,0.84782,0.84803,1.10,1.38
2013.12.11 09:40:33.657,0.84782,0.84803,1.10,1.38
2013.12.11 09:40:34.042,0.84782,0.84803,1.10,2.66
2013.12.11 09:40:36.648,0.84778,0.84801,1.15,2.58
2013.12.11 09:40:36.699,0.84778,0.84798,1.18,1.38
2013.12.11 09:40:36.800,0.84778,0.84799,1.00,1.53
2013.12.11 09:40:36.901,0.84778,0.84799,1.00,1.53
2013.12.11 09:40:37.128,0.84778,0.84799,1.00,1.90
2013.12.11 09:40:38.408,0.84778,0.84799,1.00,1.90
2013.12.11 09:40:38.771,0.84778,0.84799,1.00,1.90
2013.12.11 09:40:41.207,0.84778,0.84799,1.20,1.53
2013.12.11 09:40:41.958,0.84778,0.84799,1.20,1.53
2013.12.11 09:40:42.723,0.84778,0.84799,1.20,1.53
2013.12.11 09:40:49.448,0.84778,0.84799,1.20,1.53
2013.12.11 09:40:50.126,0.84778,0.84799,1.20,1.53
2013.12.11 09:40:51.629,0.84778,0.84799,1.20,1.53
2013.12.11 09:40:52.186,0.84778,0.84799,1.20,1.53
2013.12.11 09:40:57.830,0.84778,0.84799,1.00,1.53
2013.12.11 09:40:58.338,0.84778,0.84799,1.00,1.53
2013.12.11 09:40:59.218,0.84778,0.84799,1.00,1.53
2013.12.11 09:40:59.547,0.84778,0.84799,1.00,1.53
2013.12.11 09:41:00.304,0.84778,0.848,1.10,1.50
2013.12.11 09:41:00.921,0.84774,0.848,1.15,5.43
2013.12.11 09:41:01.122,0.84773,0.84798,1.10,5.21
2013.12.11 09:41:01.224,0.84773,0.84796,1.00,3.83
2013.12.11 09:41:01.779,0.84772,0.84795,1.10,4.85
2013.12.11 09:41:02.359,0.84772,0.84795,1.10,4.85
2013.12.11 09:41:04.457,0.84772,0.84795,1.10,4.85
2013.12.11 09:41:08.857,0.84772,0.84795,1.10,4.85
2013.12.11 09:41:09.408,0.84772,0.84795,1.10,4.85
2013.12.11 09:41:20.969,0.84772,0.84795,1.10,4.85
2013.12.11 09:41:22.001,0.84772,0.84795,1.08,2.65
2013.12.11 09:41:31.517,0.84772,0.84795,1.08,1.45
2013.12.11 09:41:36.369,0.84771,0.84795,1.18,2.88
2013.12.11 09:41:36.697,0.84771,0.84793,1.18,3.53
2013.12.11 09:41:36.748,0.84771,0.84792,1.00,2.66
2013.12.11 09:41:37.158,0.84771,0.84791,1.00,4.13
2013.12.11 09:41:37.679,0.84767,0.84791,1.15,5.26
2013.12.11 09:41:42.218,0.84767,0.84791,2.03,2.33
2013.12.11 09:41:44.608,0.84767,0.8479,2.03,3.00
2013.12.11 09:41:47.289,0.84767,0.8479,2.03,3.00
2013.12.11 09:41:49.460,0.84767,0.8479,2.03,3.00
2013.12.11 09:41:50.657,0.84767,0.8479,2.03,3.00
2013.12.11 09:41:51.867,0.84767,0.8479,2.03,3.00
2013.12.11 09:41:57.053,0.84767,0.8479,1.65,3.00
2013.12.11 09:42:04.426,0.84769,0.8479,1.13,1.48
2013.12.11 09:42:06.607,0.84767,0.8479,1.28,1.48
2013.12.11 09:42:17.937,0.84767,0.8479,1.28,1.48
2013.12.11 09:42:18.578,0.84767,0.8479,1.28,1.48
2013.12.11 09:42:21.703,0.84767,0.8479,1.28,1.48
2013.12.11 09:42:25.908,0.84767,0.8479,1.28,1.48
2013.12.11 09:42:26.301,0.84772,0.84793,1.00,3.00
2013.12.11 09:42:26.825,0.84772,0.84793,1.55,2.55
2013.12.11 09:42:26.875,0.84772,0.84793,1.20,2.55
2013.12.11 09:42:27.293,0.84772,0.8479,1.00,2.66
2013.12.11 09:42:27.454,0.84767,0.8479,1.55,3.41
2013.12.11 09:42:27.704,0.84772,0.8479,1.00,2.66
2013.12.11 09:42:27.875,0.84766,0.8479,1.53,3.41
2013.12.11 09:42:28.685,0.84766,0.8479,1.53,3.41
2013.12.11 09:42:30.926,0.84766,0.84789,1.28,3.03
2013.12.11 09:42:32.677,0.84766,0.84788,1.28,2.66
2013.12.11 09:42:32.981,0.84771,0.84786,1.00,3.38
2013.12.11 09:42:33.233,0.84771,0.84788,1.00,2.33
2013.12.11 09:42:33.284,0.84771,0.84788,1.08,1.38
2013.12.11 09:42:33.385,0.84777,0.84788,1.00,1.38
2013.12.11 09:42:33.541,0.84782,0.84793,1.00,1.13
2013.12.11 09:42:33.692,0.84782,0.84796,1.13,1.00
2013.12.11 09:42:33.894,0.84782,0.84799,1.38,1.00
2013.12.11 09:42:34.468,0.84782,0.84799,1.18,1.00
2013.12.11 09:42:39.103,0.84787,0.84799,1.00,1.00
2013.12.11 09:42:39.154,0.84787,0.84802,1.00,1.00
2013.12.11 09:42:39.406,0.84787,0.84802,1.55,1.00
2013.12.11 09:42:39.508,0.84787,0.84807,1.53,1.00
2013.12.11 09:42:39.558,0.84788,0.84807,3.45,1.00
2013.12.11 09:42:39.610,0.84789,0.8481,1.53,1.00
2013.12.11 09:42:39.811,0.84789,0.8481,1.53,1.00
2013.12.11 09:42:40.268,0.84795,0.84814,1.53,1.00
2013.12.11 09:42:40.823,0.84795,0.84814,3.45,1.00
2013.12.11 09:42:41.864,0.84796,0.84814,2.70,1.00
2013.12.11 09:42:42.517,0.84798,0.84814,1.53,1.00
2013.12.11 09:42:42.669,0.84798,0.84818,1.53,1.00
2013.12.11 09:42:43.031,0.84798,0.84818,1.53,1.00
2013.12.11 09:42:44.800,0.84798,0.84818,1.53,1.00
2013.12.11 09:42:49.498,0.84797,0.84818,2.70,1.00
2013.12.11 09:42:51.693,0.84796,0.84818,1.53,1.08
2013.12.11 09:42:52.525,0.84796,0.84818,6.38,1.00
2013.12.11 09:42:53.006,0.84796,0.84818,6.38,1.00
2013.12.11 09:42:53.158,0.84795,0.84818,2.03,1.00
2013.12.11 09:42:53.259,0.84793,0.84818,2.70,1.00
2013.12.11 09:42:53.360,0.84791,0.84818,2.40,1.13
2013.12.11 09:42:53.461,0.84791,0.84812,1.15,2.13
2013.12.11 09:42:53.663,0.84782,0.84807,1.53,1.00
2013.12.11 09:42:53.713,0.84782,0.84807,4.95,1.00
2013.12.11 09:42:54.236,0.84781,0.84807,1.53,1.00
2013.12.11 09:42:54.340,0.84784,0.84807,1.48,1.18
2013.12.11 09:42:54.391,0.84787,0.84807,2.25,1.10
2013.12.11 09:42:54.543,0.84789,0.84809,3.08,1.00
2013.12.11 09:42:54.678,0.84791,0.84812,1.28,1.10
2013.12.11 09:42:55.693,0.84791,0.84812,1.15,1.00
2013.12.11 09:42:56.007,0.84793,0.84812,2.33,1.00
2013.12.11 09:42:56.209,0.84797,0.8482,1.18,1.65
2013.12.11 09:42:57.387,0.84794,0.8482,1.65,1.00
2013.12.11 09:42:59.146,0.848,0.84821,1.00,1.30
2013.12.11 09:42:59.915,0.848,0.84821,1.08,1.18
2013.12.11 09:43:01.126,0.848,0.84821,1.15,1.00
2013.12.11 09:43:01.937,0.848,0.84821,2.40,1.00
2013.12.11 09:43:02.448,0.848,0.84821,4.58,1.00
2013.12.11 09:43:04.391,0.848,0.84821,3.83,1.08
2013.12.11 09:43:04.493,0.848,0.84821,1.18,1.00
2013.12.11 09:43:06.196,0.848,0.84821,1.18,1.10
2013.12.11 09:43:06.955,0.848,0.84821,1.18,1.58
2013.12.11 09:43:07.608,0.84803,0.84821,1.00,1.15
2013.12.11 09:43:08.282,0.84803,0.84821,1.00,1.00
2013.12.11 09:43:08.386,0.84803,0.84821,1.00,1.15
2013.12.11 09:43:08.437,0.84799,0.84821,1.65,1.28
2013.12.11 09:43:10.575,0.84799,0.84821,1.15,1.00
2013.12.11 09:43:10.889,0.84799,0.84822,6.38,1.49
2013.12.11 09:43:12.887,0.848,0.84822,1.53,1.57
2013.12.11 09:43:12.988,0.84799,0.84822,1.53,3.15
2013.12.11 09:43:13.038,0.84796,0.84821,2.33,2.40
2013.12.11 09:43:13.089,0.84795,0.84821,1.15,5.23
2013.12.11 09:43:13.190,0.84795,0.84819,1.18,1.38
2013.12.11 09:43:13.341,0.84797,0.84818,1.00,1.38
2013.12.11 09:43:13.442,0.84795,0.84818,1.10,3.78
2013.12.11 09:43:14.084,0.84792,0.84818,1.15,3.03
2013.12.11 09:43:15.865,0.84792,0.84818,1.15,3.03
2013.12.11 09:43:19.936,0.84791,0.84818,2.03,3.15
2013.12.11 09:43:21.915,0.84791,0.84818,2.03,3.15
2013.12.11 09:43:22.482,0.84791,0.84814,1.15,2.96
2013.12.11 09:43:22.686,0.84791,0.84814,1.15,2.71
2013.12.11 09:43:23.675,0.84791,0.84814,1.15,2.96
2013.12.11 09:43:28.186,0.84791,0.84814,1.28,2.95
2013.12.11 09:43:33.332,0.84791,0.84814,1.28,2.96
2013.12.11 09:43:33.382,0.84791,0.84812,1.28,2.13
2013.12.11 09:43:33.476,0.84791,0.84812,1.28,1.38
2013.12.11 09:43:33.695,0.84791,0.84812,1.28,2.13
2013.12.11 09:43:34.081,0.84791,0.84812,1.15,2.28
2013.12.11 09:43:35.851,0.84791,0.84812,1.00,2.28
2013.12.11 09:43:35.902,0.84791,0.84809,1.00,1.00
2013.12.11 09:43:35.953,0.84789,0.84809,1.00,1.00
2013.12.11 09:43:36.176,0.84785,0.84807,1.15,2.20
2013.12.11 09:43:36.631,0.84782,0.84806,3.08,2.96
2013.12.11 09:43:37.065,0.84782,0.84806,3.45,2.96
2013.12.11 09:43:38.165,0.84782,0.84806,4.20,2.96
2013.12.11 09:43:39.070,0.84782,0.84806,4.20,1.38
2013.12.11 09:43:39.628,0.84782,0.84806,4.20,1.38
2013.12.11 09:43:41.398,0.84782,0.84806,4.20,1.38
2013.12.11 09:43:44.327,0.84782,0.84806,4.95,1.38
2013.12.11 09:43:44.483,0.84786,0.84806,1.08,1.00
2013.12.11 09:43:44.619,0.84786,0.84806,1.15,1.00
2013.12.11 09:43:46.898,0.84786,0.84806,1.15,1.38
2013.12.11 09:43:46.948,0.84786,0.84806,1.15,1.38
2013.12.11 09:43:46.999,0.84786,0.84806,1.15,1.13
2013.12.11 09:43:47.526,0.84786,0.84806,1.15,1.38
2013.12.11 09:43:48.726,0.84786,0.84806,1.15,1.38
2013.12.11 09:43:49.084,0.84786,0.84806,1.15,1.38
2013.12.11 09:43:49.287,0.84786,0.84806,1.15,1.38
2013.12.11 09:43:49.842,0.84786,0.84806,1.15,1.38
2013.12.11 09:43:50.366,0.84786,0.84806,1.15,1.38
2013.12.11 09:43:51.042,0.84785,0.84806,1.15,1.38
2013.12.11 09:43:51.495,0.84785,0.84806,1.15,1.38
2013.12.11 09:43:51.704,0.84785,0.84806,1.15,1.38
2013.12.11 09:43:51.855,0.84785,0.84806,3.83,1.38
2013.12.11 09:43:52.315,0.84785,0.84806,1.65,1.38
2013.12.11 09:43:53.166,0.84785,0.84806,1.15,1.38
2013.12.11 09:43:53.375,0.84785,0.84806,1.15,1.38
2013.12.11 09:43:54.445,0.84785,0.84806,1.15,1.13
2013.12.11 09:43:56.530,0.84785,0.84806,1.18,1.20
2013.12.11 09:44:00.245,0.84785,0.84806,1.18,2.71
2013.12.11 09:44:00.998,0.84785,0.84806,1.15,1.13
2013.12.11 09:44:03.164,0.84786,0.84806,1.15,1.13
2013.12.11 09:44:03.266,0.84786,0.84806,1.15,1.00
2013.12.11 09:44:03.555,0.84786,0.84806,1.15,1.13
2013.12.11 09:44:04.105,0.84786,0.84806,1.15,1.00
2013.12.11 09:44:06.437,0.84786,0.84806,1.53,1.38
2013.12.11 09:44:06.762,0.84786,0.84806,3.45,2.13
2013.12.11 09:44:07.275,0.84785,0.84806,3.83,1.13
2013.12.11 09:44:12.265,0.84785,0.84806,3.45,1.38
2013.12.11 09:44:14.042,0.84788,0.84806,2.33,1.38
2013.12.11 09:44:15.103,0.84785,0.84806,2.40,1.38
2013.12.11 09:44:15.204,0.84787,0.84806,2.33,1.38
2013.12.11 09:44:15.305,0.84785,0.84806,1.15,1.38
2013.12.11 09:44:15.904,0.84785,0.84806,1.15,1.38
2013.12.11 09:44:16.115,0.84785,0.84806,1.15,1.38
2013.12.11 09:44:17.106,0.84785,0.84806,1.15,1.38
2013.12.11 09:44:20.069,0.84785,0.84806,1.15,1.45
2013.12.11 09:44:20.120,0.84785,0.84806,1.08,1.55
2013.12.11 09:44:27.151,0.84786,0.84806,1.15,1.38
2013.12.11 09:44:27.302,0.84785,0.84806,1.18,1.08
2013.12.11 09:44:33.716,0.84786,0.84806,1.15,1.00
2013.12.11 09:44:37.075,0.84785,0.84806,1.15,1.00
2013.12.11 09:44:37.680,0.84785,0.84806,1.18,2.28
2013.12.11 09:44:41.308,0.84785,0.84806,1.18,1.38
2013.12.11 09:44:41.739,0.84781,0.84806,1.18,2.78
2013.12.11 09:44:42.257,0.8478,0.84806,1.15,6.38
2013.12.11 09:44:42.993,0.8478,0.84804,1.65,2.41
2013.12.11 09:44:43.624,0.8478,0.84804,1.15,3.03
2013.12.11 09:44:43.776,0.8478,0.84804,1.00,7.13
2013.12.11 09:44:43.968,0.8478,0.84804,1.15,2.78
2013.12.11 09:44:45.665,0.8478,0.84804,1.15,3.08
2013.12.11 09:44:46.145,0.8478,0.84801,1.00,4.20
2013.12.11 09:44:46.195,0.84776,0.848,1.58,3.73
2013.12.11 09:44:46.375,0.84776,0.848,1.58,3.73
2013.12.11 09:44:47.196,0.84776,0.84799,1.08,1.38
2013.12.11 09:44:48.905,0.84776,0.84799,1.15,1.13
2013.12.11 09:44:57.632,0.84777,0.84799,1.18,1.48
2013.12.11 09:45:00.355,0.84777,0.84799,1.18,1.48
2013.12.11 09:45:02.200,0.84777,0.84799,1.18,1.48
2013.12.11 09:45:02.250,0.84782,0.84799,1.00,1.48
2013.12.11 09:45:02.375,0.84782,0.84799,1.00,1.20
2013.12.11 09:45:03.533,0.84777,0.84799,1.55,1.20
2013.12.11 09:45:04.270,0.84777,0.84799,1.53,1.00
2013.12.11 09:45:06.444,0.84781,0.84799,1.00,1.00
2013.12.11 09:45:07.824,0.84777,0.84799,1.65,1.00
2013.12.11 09:45:14.804,0.84778,0.84799,2.33,1.00
2013.12.11 09:45:14.905,0.84779,0.84802,1.15,1.18
2013.12.11 09:45:15.006,0.8478,0.84802,2.33,1.00
2013.12.11 09:45:15.309,0.84786,0.84806,1.15,1.00
2013.12.11 09:45:15.415,0.84786,0.84806,1.18,1.10
2013.12.11 09:45:15.964,0.84785,0.84806,1.18,1.10
2013.12.11 09:45:20.085,0.84785,0.84806,1.08,1.18
2013.12.11 09:45:20.634,0.84785,0.84806,1.18,1.08
2013.12.11 09:45:20.871,0.84787,0.84809,1.15,1.20
2013.12.11 09:45:21.430,0.84787,0.8481,1.18,1.15
2013.12.11 09:45:21.531,0.84787,0.8481,1.20,1.15
2013.12.11 09:45:23.175,0.84787,0.8481,1.10,1.15
2013.12.11 09:45:23.797,0.84787,0.8481,1.00,3.83
2013.12.11 09:45:25.646,0.84787,0.84806,1.00,4.51
2013.12.11 09:45:25.697,0.84784,0.84806,1.00,5.26
2013.12.11 09:45:26.245,0.84783,0.84806,1.10,3.33
2013.12.11 09:45:26.533,0.84783,0.84806,1.15,1.10
2013.12.11 09:45:26.974,0.84783,0.84806,1.10,1.18
2013.12.11 09:45:28.031,0.8478,0.84806,1.15,1.00
2013.12.11 09:45:28.336,0.8478,0.84804,1.08,4.11
2013.12.11 09:45:30.099,0.84781,0.84804,1.15,1.00
2013.12.11 09:45:30.562,0.84783,0.84804,1.15,1.10
2013.12.11 09:45:30.663,0.84783,0.84804,3.08,1.00
2013.12.11 09:45:33.392,0.84783,0.84804,1.18,1.08
2013.12.11 09:45:33.979,0.84783,0.84804,1.00,1.15
2013.12.11 09:45:35.356,0.84783,0.84804,1.00,1.15
2013.12.11 09:45:41.889,0.84783,0.84804,1.08,1.15
2013.12.11 09:45:41.948,0.84783,0.84804,1.18,1.08
2013.12.11 09:45:41.999,0.84783,0.84804,1.10,1.08
2013.12.11 09:45:43.662,0.84783,0.84804,1.00,1.15
2013.12.11 09:45:44.201,0.84783,0.84804,1.08,1.15
2013.12.11 09:45:44.503,0.84786,0.84809,1.20,1.15
2013.12.11 09:45:44.554,0.84788,0.84809,1.08,1.15
2013.12.11 09:45:44.604,0.84788,0.84809,1.15,1.18
2013.12.11 09:45:46.447,0.84787,0.84809,1.15,1.08
2013.12.11 09:45:46.547,0.84792,0.84812,1.10,1.20
2013.12.11 09:45:46.699,0.84789,0.84812,1.18,1.28
2013.12.11 09:45:46.900,0.84789,0.84812,1.10,1.28
2013.12.11 09:45:47.348,0.84787,0.84812,1.65,2.28
2013.12.11 09:45:47.449,0.84787,0.84812,1.65,5.21
2013.12.11 09:45:49.185,0.84787,0.84812,2.40,3.33
2013.12.11 09:45:49.384,0.8479,0.84812,1.15,1.20
2013.12.11 09:45:50.190,0.8479,0.84812,1.10,1.15
2013.12.11 09:46:01.184,0.84791,0.84812,1.00,1.15
2013.12.11 09:46:01.285,0.84791,0.84812,1.15,1.00
2013.12.11 09:46:07.524,0.84792,0.84812,1.15,1.00
2013.12.11 09:46:07.776,0.84795,0.84816,1.18,1.15
2013.12.11 09:46:08.291,0.84796,0.84816,1.10,1.00
2013.12.11 09:46:19.449,0.84801,0.84819,1.00,3.08
2013.12.11 09:46:19.550,0.84801,0.84821,1.00,1.15
2013.12.11 09:46:19.752,0.84804,0.84825,1.08,3.57
2013.12.11 09:46:20.295,0.84804,0.84825,1.18,1.32
2013.12.11 09:46:22.684,0.84804,0.84825,1.58,1.12
2013.12.11 09:46:22.734,0.84807,0.84828,1.00,1.12
2013.12.11 09:46:25.134,0.8481,0.84831,1.00,1.99
2013.12.11 09:46:34.056,0.8481,0.84831,1.00,1.88
2013.12.11 09:46:34.617,0.8481,0.84831,1.00,1.88
2013.12.11 09:46:35.325,0.84807,0.84829,1.00,2.63
2013.12.11 09:46:54.728,0.84811,0.84832,1.00,1.50
2013.12.11 09:46:55.486,0.84811,0.84832,1.00,1.00
2013.12.11 09:46:57.568,0.84811,0.84832,1.00,1.50
2013.12.11 09:46:59.740,0.84811,0.84832,1.00,1.50
2013.12.11 09:46:59.791,0.84806,0.8483,1.38,2.50
2013.12.11 09:47:00.625,0.84811,0.84831,1.00,1.00
2013.12.11 09:47:01.084,0.84808,0.84831,1.13,1.00
2013.12.11 09:47:04.013,0.84808,0.84831,1.00,1.50
2013.12.11 09:47:18.072,0.84808,0.84831,1.00,2.25
2013.12.11 09:47:18.173,0.84806,0.84831,1.00,1.13
2013.12.11 09:47:19.753,0.84805,0.84828,1.13,2.13
2013.12.11 09:47:20.487,0.84807,0.84828,1.00,1.00
2013.12.11 09:47:20.588,0.84805,0.84828,1.00,1.00
2013.12.11 09:47:21.224,0.84806,0.84828,1.00,1.00
2013.12.11 09:47:23.684,0.84806,0.84828,1.38,1.00
2013.12.11 09:47:23.793,0.84806,0.84828,1.00,1.00
2013.12.11 09:47:25.416,0.84805,0.84828,1.13,2.13
2013.12.11 09:47:25.568,0.84806,0.84828,1.38,1.00
2013.12.11 09:47:26.885,0.84806,0.84828,1.38,1.00
2013.12.11 09:47:29.953,0.84807,0.84828,1.38,1.00
2013.12.11 09:47:30.054,0.84809,0.8483,1.13,1.00
2013.12.11 09:47:33.953,0.84809,0.8483,1.00,1.38
2013.12.11 09:47:34.941,0.84809,0.8483,1.00,1.38
2013.12.11 09:47:35.204,0.84806,0.8483,1.00,1.38
2013.12.11 09:47:35.761,0.84805,0.8483,1.00,2.51
2013.12.11 09:47:35.812,0.84805,0.8483,1.00,2.51
2013.12.11 09:47:36.993,0.84805,0.84829,1.00,2.26
2013.12.11 09:47:37.451,0.84809,0.84829,1.00,1.38
2013.12.11 09:47:39.560,0.84809,0.8483,1.00,1.38
2013.12.11 09:47:44.703,0.84809,0.8483,1.00,1.38
2013.12.11 09:47:45.242,0.84809,0.8483,1.00,1.38
2013.12.11 09:47:46.791,0.84809,0.8483,1.00,1.38
2013.12.11 09:47:48.212,0.84809,0.8483,1.00,1.38
2013.12.11 09:47:48.754,0.84809,0.8483,1.00,1.38
2013.12.11 09:47:49.005,0.84809,0.8483,1.00,1.38
2013.12.11 09:47:55.357,0.84811,0.8483,1.00,1.38
2013.12.11 09:47:55.408,0.84811,0.8483,1.00,1.00
2013.12.11 09:48:00.262,0.84809,0.8483,1.00,1.00
2013.12.11 09:48:00.973,0.84809,0.8483,1.00,1.38
2013.12.11 09:48:02.968,0.8481,0.8483,1.00,1.00
2013.12.11 09:48:03.270,0.84811,0.84834,1.50,1.13
2013.12.11 09:48:03.371,0.84811,0.84834,1.88,1.38
2013.12.11 09:48:09.652,0.84811,0.84834,1.50,1.13
2013.12.11 09:48:09.858,0.84811,0.84834,1.88,1.38
2013.12.11 09:48:10.402,0.84811,0.84834,1.50,1.38
2013.12.11 09:48:11.294,0.84811,0.84834,1.50,1.38
2013.12.11 09:48:12.209,0.84811,0.84834,1.50,1.38
2013.12.11 09:48:12.933,0.84811,0.84834,1.50,1.38
2013.12.11 09:48:14.833,0.84809,0.84834,1.00,2.88
2013.12.11 09:48:15.175,0.84805,0.84829,1.00,3.75
2013.12.11 09:48:15.276,0.84805,0.84829,1.00,3.75
2013.12.11 09:48:15.587,0.84803,0.84827,1.00,2.88
2013.12.11 09:48:17.002,0.84806,0.84827,1.00,1.38
2013.12.11 09:48:17.154,0.84807,0.84828,1.80,1.00
2013.12.11 09:48:17.255,0.84812,0.84828,1.00,1.00
2013.12.11 09:48:17.305,0.84812,0.84833,1.00,2.25
2013.12.11 09:48:17.665,0.84812,0.84833,1.30,1.00
2013.12.11 09:48:18.184,0.84814,0.84833,1.50,1.00
2013.12.11 09:48:18.336,0.84816,0.84837,1.00,1.38
2013.12.11 09:48:18.872,0.84816,0.84837,1.00,1.00
2013.12.11 09:48:19.641,0.84818,0.84837,1.00,1.00
2013.12.11 09:48:19.894,0.84819,0.84842,1.50,1.00
2013.12.11 09:48:19.994,0.84825,0.84843,1.00,1.00
2013.12.11 09:48:22.120,0.84825,0.84845,1.00,1.00
2013.12.11 09:48:22.423,0.84829,0.84848,1.00,1.45
2013.12.11 09:48:22.866,0.84825,0.84848,1.00,2.20
2013.12.11 09:48:55.126,0.84825,0.84846,1.00,2.13
2013.12.11 09:48:55.730,0.84825,0.84846,1.00,1.88
2013.12.11 09:48:55.781,0.84825,0.84845,1.00,2.13
2013.12.11 09:48:56.098,0.84821,0.84844,1.00,2.96
2013.12.11 09:48:56.199,0.84817,0.84841,1.00,2.70
2013.12.11 09:48:56.251,0.84817,0.84839,1.00,2.28
2013.12.11 09:48:56.301,0.84814,0.84839,1.00,1.50
2013.12.11 09:48:56.403,0.84811,0.84837,1.38,1.00
2013.12.11 09:48:56.717,0.84811,0.84837,1.38,2.58
2013.12.11 09:48:57.941,0.84811,0.84837,1.38,1.00
2013.12.11 09:48:59.042,0.84811,0.84837,1.38,1.00
2013.12.11 09:48:59.706,0.84811,0.84837,1.38,2.58
2013.12.11 09:49:01.131,0.84811,0.84837,1.38,2.58
2013.12.11 09:49:01.452,0.84813,0.84837,1.38,2.58
2013.12.11 09:49:02.543,0.84811,0.84836,1.38,1.00
2013.12.11 09:49:06.220,0.84813,0.84836,1.38,1.00
2013.12.11 09:49:06.324,0.84811,0.84836,1.38,1.00
2013.12.11 09:49:06.851,0.84811,0.84836,1.38,1.00
2013.12.11 09:49:07.225,0.84809,0.84836,1.88,1.00
2013.12.11 09:49:07.326,0.84812,0.84836,1.00,1.00
2013.12.11 09:49:07.628,0.84812,0.84836,1.00,3.78
2013.12.11 09:49:07.678,0.84809,0.84834,1.00,2.96
2013.12.11 09:49:07.981,0.84813,0.84834,1.00,1.38
2013.12.11 09:49:08.849,0.84813,0.84834,1.13,1.38
2013.12.11 09:49:09.385,0.84813,0.84836,1.05,2.25
2013.12.11 09:49:12.396,0.84816,0.84836,1.00,1.75
2013.12.11 09:49:12.942,0.84816,0.84836,1.00,1.75
2013.12.11 09:49:13.573,0.84817,0.84838,1.00,1.75
2013.12.11 09:49:14.085,0.84818,0.84838,1.00,1.75
2013.12.11 09:49:14.136,0.84818,0.84838,1.00,1.00
2013.12.11 09:49:14.587,0.8482,0.8484,1.00,1.38
2013.12.11 09:49:15.355,0.8482,0.84843,1.00,1.50
2013.12.11 09:49:15.870,0.8482,0.84843,1.38,1.50
2013.12.11 09:49:20.086,0.8482,0.84843,1.38,1.38
2013.12.11 09:49:20.963,0.8482,0.84843,1.38,1.38
2013.12.11 09:49:22.846,0.8482,0.84843,1.38,2.70
2013.12.11 09:49:23.349,0.8482,0.84843,1.38,2.63
2013.12.11 09:49:23.462,0.8482,0.84843,1.13,2.63
2013.12.11 09:49:23.900,0.8482,0.84843,1.88,1.38
2013.12.11 09:49:24.561,0.8482,0.84843,1.88,1.38
2013.12.11 09:49:26.430,0.8482,0.84843,1.88,1.38
2013.12.11 09:49:26.804,0.8482,0.84843,1.38,1.38
2013.12.11 09:49:27.412,0.8482,0.84843,1.38,1.38
2013.12.11 09:49:27.641,0.8482,0.84843,1.38,1.38
2013.12.11 09:49:27.873,0.8482,0.84843,1.38,1.38
2013.12.11 09:49:29.841,0.8482,0.84843,1.88,1.38
2013.12.11 09:49:30.361,0.8482,0.84843,1.88,1.38
2013.12.11 09:49:30.721,0.8482,0.84843,1.88,1.38
2013.12.11 09:49:30.829,0.8482,0.84843,1.88,1.38
2013.12.11 09:49:31.602,0.84822,0.84843,1.38,1.38
2013.12.11 09:49:32.481,0.84822,0.84843,1.38,1.38
2013.12.11 09:49:32.858,0.84822,0.84843,1.00,1.13
2013.12.11 09:49:33.525,0.8482,0.84843,1.88,1.38
2013.12.11 09:49:34.172,0.8482,0.84841,1.00,2.88
2013.12.11 09:49:34.273,0.8482,0.84841,1.00,1.38
2013.12.11 09:49:34.595,0.84817,0.84841,1.38,2.88
2013.12.11 09:49:35.210,0.84817,0.84841,1.38,3.63
2013.12.11 09:49:36.880,0.84817,0.84841,1.88,3.63
2013.12.11 09:49:37.033,0.84817,0.84841,1.88,3.63
2013.12.11 09:49:37.593,0.84822,0.84841,1.00,1.38
2013.12.11 09:49:38.911,0.84822,0.84841,1.00,1.38
2013.12.11 09:49:39.410,0.84822,0.84841,1.00,1.38
2013.12.11 09:49:39.519,0.84822,0.84841,1.00,1.38
2013.12.11 09:49:39.676,0.84822,0.84841,1.00,2.63
2013.12.11 09:49:40.182,0.8482,0.84841,1.38,3.63
2013.12.11 09:49:41.219,0.8482,0.84841,1.00,2.96
2013.12.11 09:49:41.720,0.8482,0.84841,1.00,1.48
2013.12.11 09:49:42.271,0.84821,0.84841,1.13,1.00
2013.12.11 09:49:43.591,0.84821,0.84841,1.38,1.00
2013.12.11 09:49:45.162,0.84822,0.84843,1.13,1.13
2013.12.11 09:49:45.240,0.84822,0.84843,1.13,1.38
2013.12.11 09:49:46.230,0.84822,0.84843,1.13,1.13
2013.12.11 09:49:46.482,0.84822,0.84843,1.88,1.00
2013.12.11 09:49:46.533,0.84826,0.84848,1.38,1.20
2013.12.11 09:49:46.806,0.84826,0.84848,1.00,1.75
2013.12.11 09:49:46.958,0.84822,0.84845,1.00,2.88
2013.12.11 09:49:47.190,0.84822,0.84845,1.38,1.38
2013.12.11 09:49:47.840,0.84827,0.84845,1.00,1.38
2013.12.11 09:49:48.194,0.84827,0.84845,1.38,1.00
2013.12.11 09:49:48.446,0.84823,0.84845,1.38,1.00
2013.12.11 09:49:48.647,0.84822,0.84845,1.88,1.00
2013.12.11 09:49:48.698,0.84828,0.84849,1.38,1.08
2013.12.11 09:49:49.235,0.84828,0.84849,1.38,1.08
2013.12.11 09:49:49.750,0.84828,0.84849,1.38,1.08
2013.12.11 09:49:51.280,0.84828,0.84849,1.13,1.08
2013.12.11 09:49:51.960,0.84828,0.84849,1.38,1.08
2013.12.11 09:49:52.550,0.84828,0.84849,1.38,1.20
2013.12.11 09:49:53.202,0.84828,0.84849,1.13,1.45
2013.12.11 09:49:53.957,0.84828,0.84849,1.38,1.08
2013.12.11 09:49:54.705,0.84828,0.84849,1.38,1.20
2013.12.11 09:49:55.224,0.84828,0.84849,1.13,1.20
2013.12.11 09:50:01.375,0.84826,0.84848,1.38,2.98
2013.12.11 09:50:02.029,0.84826,0.84848,1.38,2.98
2013.12.11 09:50:03.261,0.84826,0.84848,1.88,1.10
2013.12.11 09:50:05.680,0.84826,0.84848,1.88,1.20
2013.12.11 09:50:07.000,0.84826,0.84848,1.88,1.10
2013.12.11 09:50:08.902,0.84826,0.84848,1.88,1.10
2013.12.11 09:50:09.675,0.84826,0.84848,1.88,1.10
2013.12.11 09:50:11.884,0.84828,0.84849,1.38,1.08
2013.12.11 09:50:12.395,0.84828,0.84849,1.38,1.08
2013.12.11 09:50:12.718,0.84828,0.84849,1.38,1.08
2013.12.11 09:50:12.850,0.84828,0.84849,1.38,1.08
2013.12.11 09:50:12.951,0.84828,0.84849,1.38,1.08
2013.12.11 09:50:13.517,0.84832,0.84854,1.38,1.08
2013.12.11 09:50:14.211,0.84832,0.84854,1.38,1.08
2013.12.11 09:50:14.465,0.84834,0.84857,1.38,1.50
2013.12.11 09:50:14.566,0.84832,0.84857,1.88,1.00
2013.12.11 09:50:22.950,0.84832,0.84857,1.88,1.00
2013.12.11 09:50:23.639,0.84837,0.84857,1.38,1.00
2013.12.11 09:50:24.929,0.84837,0.84857,1.38,1.00
2013.12.11 09:50:27.587,0.84837,0.84859,1.38,1.38
2013.12.11 09:50:28.009,0.84837,0.84859,1.38,1.13
2013.12.11 09:50:32.273,0.84837,0.84859,1.38,1.00
2013.12.11 09:50:36.041,0.84837,0.84859,1.38,1.00
2013.12.11 09:50:36.258,0.84838,0.84859,1.38,1.38
2013.12.11 09:50:36.844,0.84838,0.84859,1.38,1.13
2013.12.11 09:50:38.652,0.84837,0.84859,1.38,1.00
2013.12.11 09:50:39.889,0.84837,0.84859,1.38,1.00
2013.12.11 09:50:49.704,0.84837,0.84859,1.38,1.00
2013.12.11 09:50:50.779,0.84837,0.84859,1.38,1.00
2013.12.11 09:50:54.853,0.84837,0.84859,1.38,1.00
2013.12.11 09:51:00.869,0.84838,0.84859,1.38,1.13
2013.12.11 09:51:01.100,0.84838,0.84859,1.48,1.20
2013.12.11 09:51:01.151,0.84838,0.84859,1.10,1.28
2013.12.11 09:51:01.202,0.84838,0.84859,1.00,4.21
2013.12.11 09:51:12.740,0.84838,0.84859,1.00,1.15
2013.12.11 09:51:12.840,0.84838,0.84859,1.18,1.10
2013.12.11 09:51:12.941,0.84838,0.84859,1.08,1.18
2013.12.11 09:51:13.477,0.84838,0.84859,1.10,1.15
2013.12.11 09:51:13.790,0.84838,0.84859,1.15,1.18
2013.12.11 09:51:14.315,0.84842,0.84862,1.00,1.15
2013.12.11 09:51:14.648,0.84836,0.84861,1.88,4.08
2013.12.11 09:51:15.325,0.84836,0.84861,2.03,2.28
2013.12.11 09:51:19.839,0.84836,0.84861,1.95,4.45
2013.12.11 09:51:19.890,0.84836,0.84861,1.58,6.38
2013.12.11 09:51:20.205,0.84833,0.84856,1.00,4.21
2013.12.11 09:51:20.256,0.84831,0.84854,1.20,4.45
2013.12.11 09:51:20.508,0.84831,0.84849,1.00,5.26
2013.12.11 09:51:20.659,0.84831,0.84849,1.00,1.15
2013.12.11 09:51:20.810,0.84828,0.84849,1.00,1.18
2013.12.11 09:51:20.861,0.84828,0.84849,1.10,1.18
2013.12.11 09:51:20.962,0.84828,0.84849,1.00,1.15
2013.12.11 09:51:22.365,0.84828,0.84849,1.10,1.18
2013.12.11 09:51:24.428,0.84828,0.84849,1.00,1.15
2013.12.11 09:51:27.953,0.84828,0.84848,1.00,4.20
2013.12.11 09:51:28.272,0.84825,0.84847,1.00,4.95
2013.12.11 09:51:28.595,0.84825,0.84846,1.00,4.20
2013.12.11 09:51:28.797,0.84825,0.84845,1.00,3.70
2013.12.11 09:51:28.898,0.84825,0.84845,1.00,1.08
2013.12.11 09:51:30.350,0.84825,0.84846,1.20,1.53
2013.12.11 09:51:31.079,0.84825,0.84846,1.20,1.53
2013.12.11 09:51:32.293,0.84825,0.84846,1.00,4.46
2013.12.11 09:51:32.844,0.84825,0.84845,1.00,3.71
2013.12.11 09:51:36.403,0.84825,0.84846,1.00,4.20
2013.12.11 09:51:38.009,0.84825,0.84846,1.00,2.03
2013.12.11 09:51:42.540,0.84825,0.84846,1.08,1.58
2013.12.11 09:51:42.642,0.84825,0.84846,1.15,1.50
2013.12.11 09:51:43.021,0.84825,0.84846,1.28,1.10
2013.12.11 09:51:43.541,0.84829,0.84849,1.00,1.15
2013.12.11 09:51:45.157,0.84829,0.8485,1.38,2.40
2013.12.11 09:51:45.708,0.84829,0.8485,1.13,2.40
2013.12.11 09:51:47.877,0.84829,0.8485,1.00,4.58
2013.12.11 09:51:48.417,0.84829,0.8485,1.38,3.83
2013.12.11 09:51:51.888,0.84829,0.8485,1.00,3.83
2013.12.11 09:51:54.850,0.84832,0.8485,1.00,1.53
2013.12.11 09:51:55.188,0.84829,0.8485,1.00,1.53
2013.12.11 09:51:55.289,0.84829,0.8485,1.00,1.53
2013.12.11 09:51:55.614,0.84829,0.8485,1.00,4.46
2013.12.11 09:51:55.917,0.84831,0.8485,1.00,6.76
2013.12.11 09:51:56.380,0.84829,0.8485,1.00,4.58
2013.12.11 09:51:57.189,0.84831,0.8485,1.00,4.95
2013.12.11 09:51:57.848,0.84829,0.8485,1.00,4.20
2013.12.11 09:52:00.323,0.84829,0.8485,1.08,1.53
2013.12.11 09:52:00.859,0.84831,0.84851,1.20,1.58
2013.12.11 09:52:02.138,0.84831,0.84852,1.00,3.45
2013.12.11 09:52:04.035,0.84831,0.84852,1.50,2.40
2013.12.11 09:52:04.711,0.84831,0.84852,1.50,1.53
2013.12.11 09:52:05.229,0.84831,0.84852,1.50,1.65
2013.12.11 09:52:07.677,0.84831,0.84852,1.65,1.38
2013.12.11 09:52:08.729,0.84831,0.84852,1.65,1.13
2013.12.11 09:52:08.830,0.84837,0.84852,1.00,1.13
2013.12.11 09:52:09.476,0.84837,0.84857,1.00,1.53
2013.12.11 09:52:10.007,0.84837,0.84857,1.00,1.53
2013.12.11 09:52:10.058,0.84837,0.84857,1.00,3.45
2013.12.11 09:52:17.717,0.84836,0.84857,1.00,3.45
2013.12.11 09:52:17.768,0.84833,0.84857,1.18,4.21
2013.12.11 09:52:17.919,0.84832,0.84855,1.00,6.38
2013.12.11 09:52:18.268,0.84832,0.84852,1.00,4.96
2013.12.11 09:52:18.908,0.84832,0.84852,1.00,1.53
2013.12.11 09:52:18.958,0.8483,0.84852,1.10,1.53
2013.12.11 09:52:19.009,0.8483,0.84851,1.00,5.63
2013.12.11 09:52:19.211,0.8483,0.84851,1.10,1.53
2013.12.11 09:52:19.313,0.8483,0.84851,1.00,4.20
2013.12.11 09:52:20.470,0.84832,0.84851,1.00,6.38
2013.12.11 09:52:20.621,0.8483,0.84851,1.00,5.63
2013.12.11 09:52:21.316,0.8483,0.84851,1.00,3.45
2013.12.11 09:52:25.687,0.84825,0.8485,1.15,3.03
2013.12.11 09:52:26.008,0.84826,0.8485,1.15,1.48
2013.12.11 09:52:27.873,0.84827,0.8485,1.15,3.06
2013.12.11 09:52:27.924,0.84827,0.8485,1.00,3.03
2013.12.11 09:52:28.429,0.84827,0.8485,1.00,2.03
2013.12.11 09:52:28.531,0.84827,0.84849,1.00,7.13
2013.12.11 09:52:28.834,0.84825,0.84849,1.00,9.01
2013.12.11 09:52:28.936,0.84821,0.84846,1.15,4.46
2013.12.11 09:52:29.196,0.84822,0.84846,1.28,3.70
2013.12.11 09:52:29.297,0.84822,0.84846,1.28,1.00
2013.12.11 09:52:29.640,0.84827,0.84846,1.00,1.53
2013.12.11 09:52:29.857,0.84824,0.84847,1.10,2.03
2013.12.11 09:52:34.660,0.84824,0.84847,1.10,2.40
2013.12.11 09:52:35.199,0.84821,0.84844,1.15,2.96
2013.12.11 09:52:35.351,0.84821,0.84843,1.10,2.68
2013.12.11 09:52:35.452,0.84821,0.84842,1.00,3.71
2013.12.11 09:52:38.707,0.84821,0.84842,1.65,1.58
2013.12.11 09:52:39.588,0.84821,0.84842,1.00,1.53
2013.12.11 09:52:39.969,0.84821,0.84843,1.00,4.20
2013.12.11 09:52:40.648,0.84821,0.84843,1.10,1.55
2013.12.11 09:52:45.289,0.84822,0.84843,1.10,2.03
2013.12.11 09:52:45.340,0.84822,0.84843,1.18,2.03
2013.12.11 09:52:45.441,0.84822,0.84843,1.10,1.53
2013.12.11 09:52:45.693,0.84822,0.84843,1.18,2.71
2013.12.11 09:52:45.894,0.84822,0.84843,1.00,2.03
2013.12.11 09:52:47.901,0.84818,0.84843,1.53,2.78
2013.12.11 09:52:48.503,0.84818,0.84843,1.28,3.06
2013.12.11 09:52:51.217,0.84818,0.84843,1.15,3.06
2013.12.11 09:52:51.363,0.84818,0.84843,1.53,2.78
2013.12.11 09:52:51.901,0.84818,0.84843,1.18,4.96
2013.12.11 09:52:51.952,0.84818,0.84843,1.20,7.13
2013.12.11 09:52:52.058,0.84818,0.84841,1.00,5.63
2013.12.11 09:52:52.419,0.84822,0.84841,1.00,6.63
2013.12.11 09:52:52.728,0.84822,0.84841,1.00,1.53
2013.12.11 09:52:52.882,0.84818,0.84841,1.20,1.53
2013.12.11 09:52:53.419,0.84818,0.84841,1.20,1.53
2013.12.11 09:52:54.848,0.84818,0.84841,1.20,1.53
2013.12.11 09:52:56.168,0.84818,0.84841,1.20,1.53
2013.12.11 09:52:58.257,0.84818,0.84841,1.20,1.53
2013.12.11 09:52:59.026,0.84818,0.84841,1.20,1.53
2013.12.11 09:53:00.046,0.84818,0.84841,1.20,1.53
2013.12.11 09:53:02.529,0.84818,0.84841,1.08,1.55
2013.12.11 09:53:02.630,0.84822,0.84841,1.00,1.55
2013.12.11 09:53:06.417,0.84822,0.84841,1.50,1.53
2013.12.11 09:53:08.633,0.84822,0.84841,1.58,1.45
2013.12.11 09:53:09.918,0.84822,0.84841,1.50,1.15
2013.12.11 09:53:12.308,0.84822,0.84841,1.50,1.20
2013.12.11 09:53:22.391,0.84822,0.84843,1.88,1.15
2013.12.11 09:53:22.693,0.84826,0.84844,1.38,1.18
2013.12.11 09:53:22.845,0.84827,0.84846,1.13,1.10
2013.12.11 09:53:24.231,0.84832,0.84849,1.00,1.15
2013.12.11 09:53:24.666,0.84832,0.84849,1.00,1.10
2013.12.11 09:53:24.897,0.84831,0.84849,1.10,1.55
2013.12.11 09:53:25.254,0.84831,0.84849,1.00,1.13
2013.12.11 09:53:25.455,0.84827,0.84849,2.03,1.18
2013.12.11 09:53:25.657,0.84827,0.84849,2.03,1.00
2013.12.11 09:53:25.707,0.84827,0.84849,2.78,1.00
2013.12.11 09:53:26.535,0.84827,0.84849,2.70,1.08
2013.12.11 09:53:26.655,0.84827,0.84849,1.20,1.15
2013.12.11 09:53:26.946,0.84827,0.84849,1.65,1.00
2013.12.11 09:53:27.240,0.84831,0.8485,1.10,1.13
2013.12.11 09:53:27.626,0.84831,0.8485,1.10,1.38
2013.12.11 09:53:27.959,0.84831,0.8485,1.10,1.38
2013.12.11 09:53:28.838,0.84831,0.8485,1.10,1.45
2013.12.11 09:53:29.407,0.84831,0.8485,1.10,1.38
2013.12.11 09:53:29.458,0.84827,0.8485,1.08,2.96
2013.12.11 09:53:29.509,0.84827,0.8485,1.00,3.03
2013.12.11 09:53:30.116,0.84827,0.8485,1.18,2.03
2013.12.11 09:53:30.876,0.84827,0.8485,1.00,3.03
2013.12.11 09:53:30.927,0.84827,0.8485,1.88,3.03
2013.12.11 09:53:30.978,0.84827,0.8485,1.95,2.03
2013.12.11 09:53:31.130,0.84827,0.8485,2.03,1.55
2013.12.11 09:53:31.664,0.84827,0.8485,1.55,1.55
2013.12.11 09:53:33.807,0.84827,0.8485,1.18,3.80
2013.12.11 09:53:34.466,0.84827,0.8485,1.10,5.98
2013.12.11 09:53:35.272,0.84825,0.84847,1.20,3.16
2013.12.11 09:53:35.587,0.84825,0.84847,1.00,3.43
2013.12.11 09:53:39.658,0.84825,0.84847,1.00,3.43
2013.12.11 09:53:41.306,0.84825,0.84847,1.00,2.68
2013.12.11 09:53:41.580,0.84825,0.84847,1.20,1.13
2013.12.11 09:53:42.447,0.84825,0.84847,1.10,1.28
2013.12.11 09:53:43.198,0.84825,0.84847,1.15,1.18
2013.12.11 09:53:44.749,0.84827,0.84849,1.28,1.08
2013.12.11 09:53:44.809,0.84827,0.84849,1.28,1.10
2013.12.11 09:53:45.188,0.84827,0.84849,1.20,1.00
2013.12.11 09:53:45.288,0.84827,0.84849,1.13,1.00
2013.12.11 09:53:45.339,0.84827,0.84849,1.20,1.00
2013.12.11 09:53:45.440,0.84827,0.84849,1.28,1.00
2013.12.11 09:53:49.317,0.84831,0.84849,1.00,1.15
2013.12.11 09:53:49.368,0.84828,0.84849,1.00,2.78
2013.12.11 09:53:50.211,0.84828,0.84849,1.00,3.03
2013.12.11 09:53:50.565,0.84824,0.84849,1.20,7.88
2013.12.11 09:53:50.673,0.84824,0.84849,1.20,8.18
2013.12.11 09:53:51.316,0.84824,0.84849,1.20,7.88
2013.12.11 09:53:51.830,0.84824,0.84847,1.20,2.65
2013.12.11 09:53:53.235,0.84826,0.84847,1.00,2.28
2013.12.11 09:53:53.559,0.84832,0.84847,1.00,1.10
2013.12.11 09:53:53.716,0.84826,0.84847,1.53,1.00
2013.12.11 09:53:53.766,0.84832,0.84847,1.00,1.00
2013.12.11 09:53:53.817,0.84832,0.84849,1.00,1.20
2013.12.11 09:53:54.648,0.84832,0.84849,1.00,1.00
2013.12.11 09:53:54.852,0.84827,0.84849,1.15,1.00
2013.12.11 09:53:55.665,0.84827,0.84849,1.28,1.08
2013.12.11 09:53:55.717,0.84827,0.84849,1.20,1.15
2013.12.11 09:53:57.707,0.84825,0.84849,1.18,1.95
2013.12.11 09:53:58.281,0.84825,0.84848,1.18,3.53
2013.12.11 09:53:58.382,0.84825,0.84847,1.00,4.58
2013.12.11 09:53:58.483,0.84825,0.84844,1.00,3.05
2013.12.11 09:53:58.792,0.8482,0.84844,1.28,1.58
2013.12.11 09:53:58.905,0.84821,0.84844,1.15,1.13
2013.12.11 09:54:00.789,0.84821,0.84844,1.28,2.65
2013.12.11 09:54:01.427,0.8482,0.84844,1.15,3.43
2013.12.11 09:54:01.699,0.84821,0.84844,1.20,2.66
2013.12.11 09:54:01.801,0.84821,0.84844,1.20,2.66
2013.12.11 09:54:02.463,0.84821,0.84844,1.20,2.66
2013.12.11 09:54:03.128,0.8482,0.84844,1.15,3.41
2013.12.11 09:54:03.597,0.84822,0.84844,3.08,3.01
2013.12.11 09:54:03.748,0.84823,0.84844,1.00,4.95
2013.12.11 09:54:04.239,0.84823,0.84844,1.08,1.45
2013.12.11 09:54:04.340,0.84823,0.84844,1.15,1.38
2013.12.11 09:54:04.505,0.84823,0.84844,1.10,1.45
2013.12.11 09:54:05.398,0.84823,0.84844,1.10,1.45
2013.12.11 09:54:05.561,0.84823,0.84845,1.08,1.53
2013.12.11 09:54:06.826,0.84823,0.84845,1.18,1.48
2013.12.11 09:54:07.078,0.84823,0.84845,1.00,1.48
2013.12.11 09:54:10.271,0.84823,0.84844,1.00,6.25
2013.12.11 09:54:10.703,0.84823,0.84844,1.00,1.65
2013.12.11 09:54:10.860,0.84823,0.84844,1.00,6.38
2013.12.11 09:54:11.228,0.84823,0.84844,1.00,4.46
2013.12.11 09:54:11.554,0.84823,0.84844,1.08,4.38
2013.12.11 09:54:12.067,0.84823,0.84844,1.15,1.38
2013.12.11 09:54:12.169,0.84823,0.84844,1.10,1.38
2013.12.11 09:54:12.328,0.84823,0.84844,1.10,1.38
2013.12.11 09:54:12.697,0.8482,0.84844,1.15,3.03
2013.12.11 09:54:13.253,0.84822,0.84844,1.10,1.48
2013.12.11 09:54:13.937,0.84821,0.84844,1.18,1.48
2013.12.11 09:54:14.239,0.8482,0.84843,1.15,3.28
2013.12.11 09:54:14.340,0.8482,0.84842,1.00,4.48
2013.12.11 09:54:14.865,0.84817,0.84841,1.00,7.38
2013.12.11 09:54:16.288,0.84817,0.84839,1.50,3.03
2013.12.11 09:54:16.440,0.84817,0.84838,1.00,3.03
2013.12.11 09:54:16.642,0.84817,0.84838,1.00,5.98
2013.12.11 09:54:16.995,0.84817,0.84838,1.00,5.23
2013.12.11 09:54:17.617,0.84817,0.84838,1.18,1.38
2013.12.11 09:54:17.827,0.84817,0.84838,1.00,1.58
2013.12.11 09:54:18.079,0.84811,0.84835,1.15,1.38
2013.12.11 09:54:18.593,0.84811,0.84834,1.15,3.03
2013.12.11 09:54:18.911,0.84811,0.84833,1.00,3.03
2013.12.11 09:54:19.214,0.84807,0.84829,1.08,3.03
2013.12.11 09:54:19.265,0.84807,0.84829,1.00,5.21
2013.12.11 09:54:19.366,0.84807,0.84829,1.00,7.13
2013.12.11 09:54:19.567,0.84807,0.84829,1.65,1.13
2013.12.11 09:54:19.719,0.84809,0.84829,1.15,1.38
2013.12.11 09:54:20.267,0.84811,0.84829,1.15,1.38
2013.12.11 09:54:20.601,0.84811,0.84829,1.15,1.38
2013.12.11 09:54:20.923,0.84809,0.84828,5.25,2.50
2013.12.11 09:54:21.507,0.84814,0.84829,1.20,1.00
2013.12.11 09:54:21.723,0.84816,0.84835,1.00,1.53
2013.12.11 09:54:21.774,0.84816,0.84835,1.18,1.38
2013.12.11 09:54:22.088,0.84816,0.84835,1.08,1.50
2013.12.11 09:54:22.138,0.84816,0.84835,1.10,1.50
2013.12.11 09:54:22.616,0.84813,0.84835,2.33,1.88
2013.12.11 09:54:22.666,0.84813,0.84835,2.33,1.50
2013.12.11 09:54:23.202,0.84816,0.84835,1.18,1.38
2013.12.11 09:54:23.403,0.84811,0.84835,1.15,1.38
2013.12.11 09:54:23.736,0.84811,0.84835,1.15,1.38
2013.12.11 09:54:24.198,0.84811,0.84834,1.65,2.13
2013.12.11 09:54:24.299,0.84816,0.84834,1.08,1.13
2013.12.11 09:54:24.626,0.84816,0.84835,1.65,1.00
2013.12.11 09:54:24.960,0.84816,0.84835,1.08,1.48
2013.12.11 09:54:25.011,0.84816,0.84835,1.00,1.58
2013.12.11 09:54:25.061,0.84816,0.84835,1.00,1.58
2013.12.11 09:54:25.264,0.84812,0.84835,1.18,1.48
2013.12.11 09:54:25.537,0.84812,0.84835,1.18,1.13
2013.12.11 09:54:26.092,0.84812,0.84835,1.18,1.45
2013.12.11 09:54:27.696,0.84812,0.84835,1.18,1.38
2013.12.11 09:54:28.377,0.84811,0.84834,1.10,5.60
2013.12.11 09:54:30.428,0.84809,0.84832,1.18,4.45
2013.12.11 09:54:31.105,0.84809,0.84832,1.10,4.48
2013.12.11 09:54:31.436,0.84809,0.84832,1.10,4.45
2013.12.11 09:54:34.691,0.84809,0.8483,1.10,2.88
2013.12.11 09:54:34.853,0.84805,0.84826,1.20,1.38
2013.12.11 09:54:35.276,0.84803,0.84825,2.33,2.88
2013.12.11 09:54:36.166,0.84803,0.84825,2.33,2.88
2013.12.11 09:54:36.399,0.84804,0.84825,2.33,1.38
2013.12.11 09:54:36.502,0.84806,0.84825,2.33,1.13
2013.12.11 09:54:36.862,0.84807,0.84825,1.15,1.38
2013.12.11 09:54:36.913,0.84809,0.84825,2.33,1.38
2013.12.11 09:54:39.253,0.84808,0.84829,3.08,2.70
2013.12.11 09:54:39.304,0.84808,0.84829,1.20,3.08
2013.12.11 09:54:39.355,0.84808,0.84829,1.18,3.06
2013.12.11 09:54:39.607,0.84808,0.84829,1.15,2.96
2013.12.11 09:54:39.708,0.84808,0.84829,1.15,2.96
2013.12.11 09:54:39.809,0.84808,0.84829,1.15,1.38
2013.12.11 09:54:39.938,0.84808,0.84829,3.08,1.38
2013.12.11 09:54:41.703,0.84811,0.84829,1.65,1.38
2013.12.11 09:54:42.986,0.84817,0.84831,1.00,1.48
2013.12.11 09:54:43.137,0.84811,0.84833,1.65,1.88
2013.12.11 09:54:43.188,0.84815,0.84833,1.20,1.73
2013.12.11 09:54:43.492,0.8482,0.84836,1.18,1.75
2013.12.11 09:54:43.676,0.8482,0.84836,1.18,1.38
2013.12.11 09:54:44.305,0.8482,0.84838,1.15,1.38
2013.12.11 09:54:44.658,0.8482,0.84841,1.53,1.88
2013.12.11 09:54:44.860,0.84822,0.84843,1.55,1.48
2013.12.11 09:54:45.012,0.84823,0.84844,2.63,1.48
2013.12.11 09:54:45.213,0.84825,0.84844,3.08,1.00
2013.12.11 09:54:45.264,0.84826,0.84844,1.18,1.00
2013.12.11 09:54:45.775,0.84826,0.84844,1.10,1.13
2013.12.11 09:54:45.876,0.84826,0.84844,1.00,1.45
2013.12.11 09:54:46.028,0.84823,0.84844,1.00,1.55
2013.12.11 09:54:48.330,0.8482,0.84844,1.28,3.06
2013.12.11 09:54:50.796,0.8482,0.84844,1.28,2.78
2013.12.11 09:54:51.137,0.84823,0.84844,1.38,3.05
2013.12.11 09:54:51.344,0.84823,0.84844,1.55,1.95
2013.12.11 09:54:52.334,0.84823,0.84844,1.55,1.95
2013.12.11 09:54:52.933,0.84823,0.84844,1.55,1.88
2013.12.11 09:54:53.036,0.84823,0.84844,1.53,1.88
2013.12.11 09:54:53.585,0.84823,0.84844,1.53,1.00
2013.12.11 09:54:54.135,0.84823,0.84844,1.53,1.00
2013.12.11 09:54:55.306,0.84823,0.84844,1.53,1.00
2013.12.11 09:54:56.406,0.84823,0.84844,2.78,1.00
2013.12.11 09:54:56.736,0.84823,0.84844,2.78,1.00
2013.12.11 09:54:57.326,0.84823,0.84844,1.53,1.38
2013.12.11 09:54:58.054,0.84823,0.84844,1.53,1.38
2013.12.11 09:54:58.606,0.84823,0.84844,1.53,1.38
2013.12.11 09:54:59.288,0.84823,0.84844,1.53,1.38
2013.12.11 09:54:59.706,0.84823,0.84844,1.53,1.38
2013.12.11 09:55:00.805,0.84823,0.84844,1.53,1.38
2013.12.11 09:55:01.426,0.84823,0.84844,1.38,1.53
2013.12.11 09:55:02.346,0.84823,0.84844,1.38,1.53
2013.12.11 09:55:02.936,0.84823,0.84844,1.00,2.03
2013.12.11 09:55:03.200,0.84823,0.84843,1.00,3.70
2013.12.11 09:55:03.304,0.84819,0.84841,1.13,4.48
2013.12.11 09:55:03.666,0.84819,0.84841,1.00,4.46
2013.12.11 09:55:04.985,0.84819,0.84841,1.00,3.71
2013.12.11 09:55:05.694,0.84819,0.84841,1.00,3.71
2013.12.11 09:55:07.066,0.84816,0.84839,1.13,5.21
2013.12.11 09:55:12.936,0.84816,0.84839,1.13,4.46
2013.12.11 09:55:16.136,0.84816,0.84838,1.38,2.78
2013.12.11 09:55:16.646,0.84816,0.84838,1.45,1.28
2013.12.11 09:55:17.149,0.84818,0.84839,1.13,1.53
2013.12.11 09:55:17.987,0.84818,0.84839,1.13,4.20
2013.12.11 09:55:18.496,0.84818,0.84839,1.13,1.53
2013.12.11 09:55:19.127,0.84818,0.84839,1.20,1.55
2013.12.11 09:55:19.332,0.84818,0.84839,1.45,1.28
2013.12.11 09:55:19.383,0.84818,0.84839,1.53,1.20
2013.12.11 09:55:19.940,0.84822,0.84839,1.00,1.20
2013.12.11 09:55:20.538,0.84818,0.84839,1.53,1.20
2013.12.11 09:55:21.055,0.84821,0.84839,1.48,1.10
2013.12.11 09:55:22.677,0.84821,0.84839,1.53,1.00
2013.12.11 09:55:22.784,0.84821,0.84842,2.03,1.20
2013.12.11 09:55:23.527,0.84826,0.84842,1.00,1.10
2013.12.11 09:55:24.072,0.84824,0.84847,1.28,1.53
2013.12.11 09:55:24.597,0.84827,0.84847,1.00,1.45
2013.12.11 09:55:24.753,0.84823,0.84847,1.55,4.58
2013.12.11 09:55:25.174,0.84823,0.84845,1.53,2.66
2013.12.11 09:55:25.929,0.8482,0.84845,1.58,2.78
2013.12.11 09:55:26.797,0.8482,0.84843,1.58,3.03
2013.12.11 09:55:27.054,0.8482,0.84843,1.38,2.03
2013.12.11 09:55:27.407,0.84817,0.84841,1.55,5.21
2013.12.11 09:55:27.577,0.84817,0.8484,1.55,2.78
2013.12.11 09:55:27.678,0.84817,0.8484,1.53,1.13
2013.12.11 09:55:28.214,0.84817,0.8484,1.45,2.20
2013.12.11 09:55:32.966,0.84817,0.8484,1.53,1.38
2013.12.11 09:55:33.699,0.84821,0.8484,1.18,1.48
2013.12.11 09:55:33.850,0.84821,0.8484,3.45,1.38
2013.12.11 09:55:35.605,0.84822,0.84843,1.65,1.38
2013.12.11 09:55:37.102,0.84822,0.84843,2.40,3.98
2013.12.11 09:55:37.203,0.84822,0.84843,1.95,5.26
2013.12.11 09:55:37.254,0.84822,0.8484,1.88,5.85
2013.12.11 09:55:37.415,0.84818,0.84838,1.38,2.50
2013.12.11 09:55:37.516,0.84818,0.84838,1.58,2.50
2013.12.11 09:55:37.697,0.84818,0.84838,1.58,2.25
2013.12.11 09:55:38.090,0.84818,0.84838,1.53,2.10
2013.12.11 09:55:38.612,0.84818,0.84835,1.53,3.42
2013.12.11 09:55:38.662,0.84818,0.84835,1.45,3.50
2013.12.11 09:55:38.831,0.84812,0.84832,1.28,3.18
2013.12.11 09:55:38.932,0.84812,0.84832,1.18,2.93
2013.12.11 09:55:38.982,0.84812,0.84832,1.20,2.93
2013.12.11 09:55:39.083,0.84812,0.84832,1.08,2.93
2013.12.11 09:55:39.184,0.84811,0.84833,1.15,2.18
2013.12.11 09:55:39.235,0.84813,0.84833,1.15,2.10
2013.12.11 09:55:39.571,0.84816,0.84833,1.00,2.18
2013.12.11 09:55:39.622,0.84812,0.84833,1.18,2.18
2013.12.11 09:55:39.723,0.84813,0.84833,1.08,2.43
2013.12.11 09:55:39.773,0.84813,0.84831,1.08,3.10
2013.12.11 09:55:40.677,0.84813,0.84831,1.15,3.60
2013.12.11 09:55:40.778,0.84812,0.84831,1.08,3.68
2013.12.11 09:55:42.658,0.8481,0.84831,1.15,4.43
2013.12.11 09:55:42.910,0.84811,0.84831,1.18,3.68
2013.12.11 09:55:43.426,0.84811,0.84831,2.33,4.35
2013.12.11 09:55:46.405,0.84811,0.84831,4.20,2.10
2013.12.11 09:55:46.947,0.84812,0.84831,1.53,1.00
2013.12.11 09:55:47.048,0.84814,0.84831,1.53,1.00
2013.12.11 09:55:47.395,0.84815,0.84835,2.70,1.38
2013.12.11 09:55:50.286,0.84817,0.84836,1.28,1.00
2013.12.11 09:55:50.437,0.84821,0.84839,1.08,1.45
2013.12.11 09:55:50.488,0.84821,0.84843,2.03,1.50
2013.12.11 09:55:51.691,0.84821,0.84843,2.03,1.50
2013.12.11 09:55:56.996,0.84821,0.84843,2.03,1.43
2013.12.11 09:55:57.577,0.84821,0.84843,2.03,1.68
2013.12.11 09:55:57.678,0.84821,0.84843,2.03,1.68
2013.12.11 09:55:58.131,0.84823,0.84843,1.15,1.68
2013.12.11 09:55:58.641,0.84823,0.84846,1.28,1.65
2013.12.11 09:56:02.185,0.84823,0.84846,1.10,2.68
2013.12.11 09:56:03.888,0.84823,0.84839,1.10,3.30
2013.12.11 09:56:03.939,0.8482,0.84838,1.13,2.55
2013.12.11 09:56:04.191,0.84821,0.84838,1.10,1.38
2013.12.11 09:56:04.393,0.84821,0.84839,1.28,2.10
2013.12.11 09:56:04.444,0.84821,0.84839,3.45,2.10
2013.12.11 09:56:05.029,0.84825,0.84843,1.10,1.75
2013.12.11 09:56:05.439,0.84821,0.84843,1.28,2.65
2013.12.11 09:56:08.305,0.84821,0.84842,1.28,2.58
2013.12.11 09:56:08.607,0.84817,0.84839,2.78,2.88
2013.12.11 09:56:08.759,0.84817,0.84839,1.53,2.33
2013.12.11 09:56:09.124,0.84821,0.84839,1.13,1.20
2013.12.11 09:56:09.333,0.84821,0.8484,1.20,1.20
2013.12.11 09:56:10.074,0.84821,0.8484,1.28,1.13
2013.12.11 09:56:10.641,0.84821,0.8484,1.18,1.10
2013.12.11 09:56:13.632,0.84821,0.8484,1.55,1.10
2013.12.11 09:56:13.792,0.84827,0.84843,1.00,1.20
2013.12.11 09:56:14.935,0.84827,0.84845,1.00,1.50
2013.12.11 09:56:15.086,0.84827,0.84845,1.00,1.83
2013.12.11 09:56:17.405,0.84827,0.84845,1.00,1.83
2013.12.11 09:56:17.751,0.84826,0.84843,1.00,3.01
2013.12.11 09:56:17.802,0.84824,0.84843,1.00,3.01
2013.12.11 09:56:17.905,0.84824,0.84843,1.00,2.63
2013.12.11 09:56:17.956,0.84822,0.84843,1.00,3.38
2013.12.11 09:56:18.690,0.84822,0.84843,1.00,4.08
2013.12.11 09:56:20.371,0.84822,0.84843,1.00,4.08
2013.12.11 09:56:21.314,0.84822,0.84843,1.00,4.08
2013.12.11 09:56:24.632,0.84822,0.84842,1.00,3.01
2013.12.11 09:56:27.738,0.84822,0.84842,1.13,2.93
2013.12.11 09:56:31.317,0.84826,0.84843,1.00,1.90
2013.12.11 09:56:31.368,0.84826,0.84843,1.00,1.00
2013.12.11 09:56:31.896,0.84826,0.84846,1.15,2.25
2013.12.11 09:56:40.785,0.84826,0.84846,1.15,2.25
2013.12.11 09:56:42.873,0.84826,0.84846,1.28,1.50
2013.12.11 09:56:43.014,0.84826,0.84846,1.28,1.75
2013.12.11 09:56:43.524,0.84831,0.84846,1.00,1.00
2013.12.11 09:56:43.886,0.84831,0.84846,1.28,1.00
2013.12.11 09:56:43.936,0.84831,0.84848,1.28,1.00
2013.12.11 09:56:44.239,0.84831,0.84851,1.53,1.00
2013.12.11 09:56:44.339,0.84833,0.84853,1.55,1.13
2013.12.11 09:56:44.842,0.84833,0.84853,1.55,1.38
2013.12.11 09:56:45.413,0.84833,0.84856,1.55,2.03
2013.12.11 09:56:47.273,0.84833,0.84856,1.55,2.03
2013.12.11 09:56:52.884,0.84833,0.84856,1.55,2.03
2013.12.11 09:56:52.985,0.84832,0.84856,1.53,2.28
2013.12.11 09:56:53.585,0.84836,0.84856,1.00,2.28
2013.12.11 09:56:53.636,0.84836,0.84856,1.00,1.55
2013.12.11 09:56:53.737,0.84836,0.84856,1.28,1.13
2013.12.11 09:56:54.284,0.84836,0.84856,1.13,1.28
2013.12.11 09:56:54.841,0.84836,0.84856,1.13,1.28
2013.12.11 09:56:57.002,0.84836,0.84856,1.38,1.55
2013.12.11 09:56:57.664,0.84836,0.84856,1.00,1.55
2013.12.11 09:56:57.944,0.84836,0.84856,1.00,1.55
2013.12.11 09:57:10.488,0.84836,0.84856,1.28,1.38
2013.12.11 09:57:11.074,0.84836,0.84856,1.20,1.38
2013.12.11 09:57:11.974,0.84836,0.84856,1.20,1.38
2013.12.11 09:57:12.824,0.84836,0.84856,1.00,1.55
2013.12.11 09:57:12.999,0.84836,0.84856,1.13,1.55
2013.12.11 09:57:19.597,0.84832,0.84856,1.08,4.48
2013.12.11 09:57:20.091,0.84837,0.84856,1.00,5.08
2013.12.11 09:57:21.910,0.84837,0.84856,1.00,4.43
2013.12.11 09:57:22.575,0.84837,0.84856,1.00,1.53
2013.12.11 09:57:27.561,0.84833,0.84856,1.15,1.55
2013.12.11 09:57:27.715,0.84833,0.84856,1.28,1.55
2013.12.11 09:57:29.100,0.84832,0.84856,1.55,1.48
2013.12.11 09:57:32.123,0.84832,0.84856,1.18,1.48
2013.12.11 09:57:32.225,0.84829,0.84853,1.53,3.03
2013.12.11 09:57:32.438,0.84832,0.84853,1.28,1.55
2013.12.11 09:57:33.005,0.84831,0.84853,1.53,1.55
2013.12.11 09:57:34.303,0.84831,0.84853,1.53,1.55
2013.12.11 09:57:34.643,0.84829,0.84853,1.53,1.55
2013.12.11 09:57:35.833,0.84829,0.84853,1.53,2.48
2013.12.11 09:57:36.136,0.84826,0.84847,1.38,6.01
2013.12.11 09:57:36.289,0.84826,0.84845,1.00,3.70
2013.12.11 09:57:36.390,0.84822,0.84845,2.03,1.95
2013.12.11 09:57:36.893,0.84822,0.84844,1.53,3.01
2013.12.11 09:57:37.146,0.84826,0.84844,1.00,1.88
2013.12.11 09:57:37.962,0.84826,0.84844,1.00,1.88
2013.12.11 09:57:38.265,0.84826,0.84844,1.53,1.00
2013.12.11 09:57:38.567,0.84826,0.84847,2.03,1.38
2013.12.11 09:57:38.725,0.84826,0.84847,2.03,1.00
2013.12.11 09:57:41.263,0.84827,0.84847,1.45,1.08
2013.12.11 09:57:41.313,0.84827,0.84847,1.08,1.45
2013.12.11 09:57:41.364,0.84827,0.84847,1.00,1.53
2013.12.11 09:57:41.465,0.84826,0.84847,2.03,1.15
2013.12.11 09:57:41.840,0.84826,0.84847,4.20,1.00
2013.12.11 09:57:44.544,0.84827,0.84847,1.65,1.38
2013.12.11 09:57:44.645,0.84827,0.84847,1.55,1.18
2013.12.11 09:57:45.160,0.84826,0.84847,2.03,1.00
2013.12.11 09:57:47.933,0.84826,0.84847,2.03,1.45
2013.12.11 09:57:48.135,0.84826,0.84847,1.38,2.28
2013.12.11 09:57:48.186,0.84826,0.84847,1.00,2.41
2013.12.11 09:57:51.573,0.84826,0.84847,1.00,2.66
2013.12.11 09:57:51.826,0.84822,0.84847,2.03,2.25
2013.12.11 09:57:53.227,0.84822,0.84843,1.53,2.73
2013.12.11 09:57:56.703,0.84822,0.84843,1.53,1.30
2013.12.11 09:57:57.044,0.84823,0.84843,3.45,1.13
2013.12.11 09:57:57.632,0.84823,0.84843,3.45,1.38
2013.12.11 09:57:58.526,0.84825,0.84844,1.15,3.60
2013.12.11 09:57:58.577,0.84823,0.84844,1.18,4.76
2013.12.11 09:57:58.627,0.84821,0.84844,1.15,4.76
2013.12.11 09:58:00.064,0.84821,0.84843,1.53,2.43
2013.12.11 09:58:00.567,0.84823,0.84843,1.20,2.51
2013.12.11 09:58:01.347,0.84823,0.84843,1.15,1.38
2013.12.11 09:58:02.699,0.84823,0.84842,1.15,2.35
2013.12.11 09:58:03.153,0.84823,0.84842,1.15,2.35
2013.12.11 09:58:03.355,0.84823,0.84842,1.53,1.30
2013.12.11 09:58:05.451,0.84823,0.84844,1.15,3.60
2013.12.11 09:58:06.124,0.84826,0.84844,1.08,2.85
2013.12.11 09:58:06.674,0.84823,0.84844,1.53,3.93
2013.12.11 09:58:09.164,0.84823,0.84842,1.45,2.05
2013.12.11 09:58:09.214,0.84823,0.84842,1.00,1.38
2013.12.11 09:58:09.535,0.84823,0.84842,1.28,1.00
2013.12.11 09:58:09.754,0.84823,0.84843,1.55,1.05
2013.12.11 09:58:09.855,0.84823,0.84844,1.28,3.23
2013.12.11 09:58:10.084,0.84823,0.84844,1.10,3.30
2013.12.11 09:58:10.387,0.84821,0.84844,1.18,4.50
2013.12.11 09:58:10.538,0.84819,0.84842,1.28,4.38
2013.12.11 09:58:11.192,0.84819,0.84842,1.53,4.68
2013.12.11 09:58:11.872,0.84819,0.84842,1.53,4.43
2013.12.11 09:58:12.143,0.84819,0.84838,1.18,3.85
2013.12.11 09:58:12.321,0.84819,0.84836,1.18,2.10
2013.12.11 09:58:12.523,0.84815,0.84836,1.18,4.13
2013.12.11 09:58:12.624,0.84812,0.84833,1.28,5.11
2013.12.11 09:58:13.027,0.84813,0.84833,2.33,1.30
2013.12.11 09:58:13.453,0.84813,0.84833,1.28,1.73
2013.12.11 09:58:13.504,0.84813,0.84833,1.15,2.48
2013.12.11 09:58:13.874,0.84812,0.84833,1.15,3.10
2013.12.11 09:58:15.963,0.84814,0.84833,3.08,1.35
2013.12.11 09:58:16.196,0.84814,0.84833,3.08,2.35
2013.12.11 09:58:18.343,0.84816,0.84835,1.65,1.38
2013.12.11 09:58:18.574,0.84816,0.84834,1.65,2.10
2013.12.11 09:58:18.675,0.84814,0.84832,1.15,3.98
2013.12.11 09:58:18.726,0.84814,0.84832,1.15,3.98
2013.12.11 09:58:18.827,0.84813,0.84829,1.15,3.55
2013.12.11 09:58:19.180,0.84813,0.84829,1.00,3.60
2013.12.11 09:58:19.332,0.84806,0.84829,1.28,4.50
2013.12.11 09:58:19.700,0.84806,0.84829,1.28,4.13
2013.12.11 09:58:20.362,0.84805,0.84826,1.15,3.68
2013.12.11 09:58:20.705,0.84805,0.84826,3.83,3.60
2013.12.11 09:58:21.007,0.84805,0.84826,1.15,3.18
2013.12.11 09:58:21.480,0.84803,0.84826,5.25,3.60
2013.12.11 09:58:21.581,0.84803,0.84826,1.20,3.75
2013.12.11 09:58:21.833,0.84803,0.84826,1.18,4.43
2013.12.11 09:58:21.934,0.84803,0.84823,1.15,2.85
2013.12.11 09:58:22.198,0.84803,0.84823,1.10,3.93
2013.12.11 09:58:22.718,0.84803,0.84823,1.10,3.93
2013.12.11 09:58:22.823,0.84803,0.84823,1.20,3.60
2013.12.11 09:58:23.126,0.84807,0.84824,2.33,1.50
2013.12.11 09:58:23.277,0.84807,0.84825,2.33,1.73
2013.12.11 09:58:23.792,0.84809,0.84825,2.33,1.73
2013.12.11 09:58:23.893,0.84807,0.84825,6.00,1.35
2013.12.11 09:58:24.432,0.84807,0.84826,2.70,2.10
2013.12.11 09:58:24.533,0.84806,0.84826,1.65,2.10
2013.12.11 09:58:24.887,0.84811,0.84826,1.08,2.43
2013.12.11 09:58:25.393,0.84808,0.84826,2.70,2.10
2013.12.11 09:58:26.284,0.84808,0.84826,2.70,2.43
2013.12.11 09:58:27.404,0.84808,0.84826,2.33,2.10
2013.12.11 09:58:27.622,0.84808,0.84826,2.33,2.10
2013.12.11 09:58:28.263,0.84808,0.84826,2.70,2.10
2013.12.11 09:58:28.868,0.84808,0.84826,3.45,1.60
2013.12.11 09:58:29.621,0.84808,0.84826,3.45,1.35
2013.12.11 09:58:30.656,0.84808,0.84826,3.45,2.35
2013.12.11 09:58:34.933,0.84808,0.84827,4.20,2.10
2013.12.11 09:58:36.097,0.84808,0.84828,3.45,1.50
2013.12.11 09:58:36.148,0.84808,0.84828,1.28,1.00
2013.12.11 09:58:36.682,0.84808,0.84829,1.15,2.10
2013.12.11 09:58:37.160,0.84808,0.84829,1.15,3.10
2013.12.11 09:58:37.211,0.84808,0.84829,1.15,3.18
2013.12.11 09:58:37.378,0.84808,0.84829,1.18,4.03
2013.12.11 09:58:37.428,0.84808,0.84827,1.18,3.30
2013.12.11 09:58:37.691,0.84808,0.84826,1.28,3.55
2013.12.11 09:58:37.793,0.84808,0.84826,1.28,1.00
2013.12.11 09:58:37.944,0.84812,0.84831,1.00,1.39
2013.12.11 09:58:38.095,0.84812,0.84831,1.18,1.13
2013.12.11 09:58:38.247,0.84811,0.84834,1.15,1.48
2013.12.11 09:58:39.542,0.84811,0.84834,1.65,1.48
2013.12.11 09:58:39.593,0.84811,0.84834,1.65,3.30
2013.12.11 09:58:39.694,0.84808,0.84831,1.53,4.06
2013.12.11 09:58:39.872,0.84808,0.84831,1.53,4.43
2013.12.11 09:58:40.024,0.84808,0.84831,1.55,5.26
2013.12.11 09:58:40.312,0.84808,0.84829,1.28,3.18
2013.12.11 09:58:40.362,0.84808,0.84829,1.28,4.43
2013.12.11 09:58:42.067,0.84808,0.84826,3.08,3.18
2013.12.11 09:58:42.268,0.84808,0.84826,1.15,2.85
2013.12.11 09:58:42.828,0.84808,0.84826,1.20,3.18
2013.12.11 09:58:42.929,0.84808,0.84826,1.20,2.85
2013.12.11 09:58:43.474,0.84804,0.84825,1.15,3.10
2013.12.11 09:58:44.067,0.84804,0.84825,1.15,3.85
2013.12.11 09:58:44.602,0.84803,0.84825,1.15,3.93
2013.12.11 09:58:45.152,0.84803,0.84825,1.15,3.68
2013.12.11 09:58:49.857,0.84803,0.8482,1.15,2.10
2013.12.11 09:58:49.958,0.84799,0.84815,1.18,3.55
2013.12.11 09:58:50.061,0.84797,0.84815,1.00,1.38
2013.12.11 09:58:50.111,0.84797,0.84815,1.50,1.35
2013.12.11 09:58:50.415,0.84796,0.84815,1.15,1.68
2013.12.11 09:58:50.768,0.84798,0.84815,2.33,1.68
2013.12.11 09:58:52.015,0.84797,0.84815,2.33,1.38
2013.12.11 09:58:53.432,0.84797,0.84818,2.33,2.25
2013.12.11 09:58:53.980,0.84797,0.84819,2.33,1.38
2013.12.11 09:58:54.140,0.84799,0.8482,1.15,1.43
2013.12.11 09:58:54.585,0.84799,0.8482,1.15,2.10
2013.12.11 09:58:54.887,0.84796,0.84816,1.15,3.48
2013.12.11 09:58:55.482,0.84796,0.84813,1.15,1.00
2013.12.11 09:58:55.634,0.84796,0.84813,1.00,2.50
2013.12.11 09:58:56.190,0.84793,0.84814,1.15,2.10
2013.12.11 09:58:56.613,0.84793,0.84814,1.15,2.25
2013.12.11 09:58:56.922,0.84793,0.84814,1.15,2.25
2013.12.11 09:58:57.583,0.84793,0.84814,1.15,2.18
2013.12.11 09:58:57.734,0.84793,0.84813,1.15,1.00
2013.12.11 09:58:59.651,0.84793,0.84814,1.15,2.25
2013.12.11 09:58:59.892,0.84793,0.84814,1.15,2.25
2013.12.11 09:59:00.695,0.84793,0.84814,1.15,2.50
2013.12.11 09:59:00.745,0.84793,0.84814,1.15,2.35
2013.12.11 09:59:01.350,0.84793,0.84814,1.65,2.10
2013.12.11 09:59:02.201,0.84793,0.84814,1.65,2.35
2013.12.11 09:59:02.723,0.84793,0.84814,1.15,2.10
2013.12.11 09:59:03.260,0.84793,0.84814,1.15,2.35
2013.12.11 09:59:07.934,0.84793,0.84813,1.15,1.00
2013.12.11 09:59:08.085,0.84793,0.84812,1.18,2.43
2013.12.11 09:59:09.822,0.84793,0.84808,1.18,1.00
2013.12.11 09:59:11.874,0.84793,0.84809,1.18,1.38
2013.12.11 09:59:12.099,0.84793,0.84808,1.18,1.00
2013.12.11 09:59:12.460,0.8479,0.84808,1.15,2.26
2013.12.11 09:59:12.612,0.8479,0.84808,1.00,1.13
2013.12.11 09:59:14.449,0.84786,0.84807,1.15,2.26
2013.12.11 09:59:16.446,0.84786,0.84807,1.08,5.18
2013.12.11 09:59:16.547,0.84781,0.84805,1.15,3.00
2013.12.11 09:59:17.170,0.84781,0.84804,1.28,2.13
2013.12.11 09:59:17.221,0.84783,0.84804,2.33,2.13
2013.12.11 09:59:17.567,0.8479,0.84804,1.00,1.13
2013.12.11 09:59:18.171,0.84785,0.84804,1.15,1.38
2013.12.11 09:59:18.473,0.84784,0.84802,1.10,2.58
2013.12.11 09:59:18.975,0.84782,0.84799,1.18,2.80
2013.12.11 09:59:19.077,0.84782,0.84799,1.10,2.80
2013.12.11 09:59:19.197,0.84778,0.84799,4.20,3.48
2013.12.11 09:59:19.349,0.84778,0.84798,1.28,2.05
2013.12.11 09:59:19.651,0.84778,0.84798,1.15,3.11
2013.12.11 09:59:19.954,0.84778,0.84798,1.15,3.85
2013.12.11 09:59:20.395,0.84778,0.84797,1.15,2.85
2013.12.11 09:59:21.890,0.84778,0.84797,1.15,2.85
2013.12.11 09:59:24.641,0.84778,0.84797,1.15,2.85
2013.12.11 09:59:28.794,0.84776,0.84797,1.15,4.35
2013.12.11 09:59:29.248,0.84777,0.84797,1.00,3.75
2013.12.11 09:59:29.400,0.84776,0.84795,1.65,2.85
2013.12.11 09:59:31.287,0.84776,0.84794,1.20,2.35
2013.12.11 09:59:31.389,0.84776,0.84794,1.20,2.35
2013.12.11 09:59:31.540,0.84773,0.84794,1.50,4.00
2013.12.11 09:59:31.692,0.84773,0.84793,1.00,3.00
2013.12.11 09:59:31.994,0.8477,0.84793,1.55,3.75
2013.12.11 09:59:32.521,0.8477,0.84793,1.18,3.75
2013.12.11 09:59:33.791,0.8477,0.84793,1.18,3.75
2013.12.11 09:59:36.421,0.84772,0.84793,1.00,3.75
2013.12.11 09:59:36.670,0.8477,0.84791,1.18,3.18
2013.12.11 09:59:36.922,0.84771,0.84791,1.28,3.10
2013.12.11 09:59:37.742,0.84771,0.84791,1.20,2.18
2013.12.11 09:59:37.898,0.8477,0.84791,1.18,4.43
2013.12.11 09:59:38.069,0.8477,0.84789,1.10,4.43
2013.12.11 09:59:38.434,0.84765,0.84789,1.18,2.25
2013.12.11 09:59:38.763,0.84767,0.84788,1.08,4.50
2013.12.11 09:59:39.073,0.84767,0.84788,1.00,3.76
2013.12.11 09:59:39.275,0.84765,0.84787,1.00,5.55
2013.12.11 09:59:39.376,0.84763,0.84787,1.10,7.05
2013.12.11 09:59:39.477,0.84763,0.84785,1.10,2.78
2013.12.11 09:59:39.593,0.84763,0.84785,1.08,2.78
2013.12.11 09:59:39.643,0.84763,0.84785,1.15,2.71
2013.12.11 09:59:40.092,0.84763,0.84784,1.15,3.68
2013.12.11 09:59:40.193,0.84763,0.84783,1.20,4.50
2013.12.11 09:59:40.697,0.84763,0.84781,1.20,2.80
2013.12.11 09:59:41.132,0.84763,0.84781,1.53,3.10
2013.12.11 09:59:41.285,0.84763,0.84781,1.28,3.18
2013.12.11 09:59:41.928,0.84762,0.84778,1.15,2.85
2013.12.11 09:59:43.508,0.84762,0.84778,1.13,3.25
2013.12.11 09:59:44.131,0.84762,0.84778,1.18,3.18
2013.12.11 09:59:46.679,0.84766,0.84778,1.00,3.18
2013.12.11 09:59:48.850,0.84761,0.84779,1.53,2.48
2013.12.11 09:59:49.552,0.84761,0.84777,1.53,2.10
2013.12.11 09:59:49.854,0.84761,0.84772,1.00,2.80
2013.12.11 09:59:50.008,0.84761,0.84777,1.00,3.60
2013.12.11 09:59:55.923,0.84762,0.84777,1.45,2.80
2013.12.11 09:59:56.033,0.84762,0.8478,1.53,1.73
2013.12.11 09:59:56.134,0.84763,0.84781,1.55,2.48
2013.12.11 09:59:56.451,0.84766,0.84781,1.18,2.85
2013.12.11 09:59:58.273,0.84767,0.84781,1.08,2.10
2013.12.11 09:59:59.680,0.84766,0.84782,1.28,1.30
2013.12.11 09:59:59.731,0.84766,0.84782,1.18,1.30
