2013.12.24 19:00:11.070,0.85327,0.85395,2.33,2.33
2013.12.24 19:00:11.121,0.85327,0.85398,2.33,2.33
2013.12.24 19:00:11.171,0.85329,0.85398,2.33,2.33
2013.12.24 19:00:12.586,0.85328,0.85396,2.33,4.51
2013.12.24 19:00:25.213,0.85327,0.85394,2.33,4.51
2013.12.24 19:00:25.314,0.85329,0.85396,2.33,2.33
2013.12.24 19:00:28.876,0.85328,0.85396,2.33,4.51
2013.12.24 19:00:28.977,0.85327,0.85395,2.33,4.51
2013.12.24 19:00:38.856,0.85326,0.85393,2.33,4.51
2013.12.24 19:00:39.057,0.85329,0.85396,2.33,2.33
2013.12.24 19:00:39.158,0.85329,0.854,2.33,2.33
2013.12.24 19:00:54.463,0.85329,0.854,2.33,4.51
2013.12.24 19:00:54.827,0.85327,0.854,2.33,2.33
2013.12.24 19:00:54.912,0.85329,0.854,2.33,2.33
2013.12.24 19:01:09.229,0.85327,0.85402,4.50,4.50
2013.12.24 19:01:09.431,0.85327,0.85398,2.33,2.25
2013.12.24 19:01:09.532,0.85326,0.85398,2.33,2.25
2013.12.24 19:01:09.619,0.85327,0.85398,2.33,2.25
2013.12.24 19:01:18.846,0.85326,0.85394,4.50,4.51
2013.12.24 19:01:18.997,0.85326,0.85394,2.33,2.33
2013.12.24 19:01:19.098,0.85326,0.85397,2.33,2.33
2013.12.24 19:01:39.520,0.85327,0.85397,2.33,2.33
2013.12.24 19:02:41.475,0.85305,0.85416,1.00,1.00
2013.12.24 19:02:57.107,0.85295,0.85427,1.23,1.23
2013.12.24 19:02:57.158,0.85327,0.85402,2.33,4.51
2013.12.24 19:02:57.309,0.85327,0.85418,2.33,2.33
2013.12.24 19:02:57.411,0.85328,0.85413,2.33,4.51
2013.12.24 19:02:58.478,0.85328,0.85409,2.33,4.51
2013.12.24 19:03:10.041,0.85328,0.85409,2.33,2.33
2013.12.24 19:03:10.938,0.85328,0.8541,2.33,2.33
2013.12.24 19:03:12.046,0.85331,0.8541,2.33,2.33
2013.12.24 19:03:12.425,0.85333,0.8541,4.50,4.50
2013.12.24 19:03:32.646,0.85333,0.85407,4.50,4.51
2013.12.24 19:03:33.419,0.85335,0.85407,2.33,2.33
2013.12.24 19:03:33.761,0.85337,0.85407,2.33,2.33
2013.12.24 19:03:39.575,0.85332,0.85422,4.50,4.50
2013.12.24 19:03:39.676,0.85334,0.85421,2.33,2.25
2013.12.24 19:03:40.486,0.85336,0.85408,2.33,4.51
2013.12.24 19:04:00.567,0.85334,0.85408,2.33,2.25
2013.12.24 19:04:00.668,0.85332,0.85422,4.50,4.50
2013.12.24 19:04:00.718,0.85334,0.85421,2.33,2.25
2013.12.24 19:04:01.059,0.85336,0.85414,4.50,4.50
2013.12.24 19:04:21.624,0.85337,0.85409,2.33,4.51
2013.12.24 19:04:21.776,0.85336,0.8541,4.50,4.50
2013.12.24 19:04:25.642,0.85336,0.8541,2.33,4.51
2013.12.24 19:04:25.693,0.85334,0.8541,4.50,4.50
2013.12.24 19:04:25.748,0.85334,0.85408,4.50,4.51
2013.12.24 19:04:26.669,0.85334,0.85408,2.33,4.51
2013.12.24 19:04:26.778,0.85335,0.85409,4.50,4.50
2013.12.24 19:04:42.536,0.85334,0.85409,2.33,2.33
2013.12.24 19:04:46.239,0.85333,0.8541,2.33,2.33
2013.12.24 19:04:46.340,0.85333,0.85412,2.33,2.33
2013.12.24 19:04:46.441,0.85332,0.85414,2.33,2.25
2013.12.24 19:04:46.542,0.85331,0.85421,2.33,2.33
2013.12.24 19:04:46.644,0.85331,0.85425,4.50,4.50
2013.12.24 19:05:06.640,0.85333,0.85425,2.33,4.51
2013.12.24 19:05:11.584,0.8533,0.85425,4.50,4.50
2013.12.24 19:05:17.547,0.85333,0.85425,2.33,4.50
2013.12.24 19:05:32.278,0.8533,0.85425,4.50,4.50
2013.12.24 19:05:34.881,0.85332,0.85425,2.33,2.33
2013.12.24 19:05:34.932,0.85332,0.85426,2.33,2.33
2013.12.24 19:06:36.568,0.8529,0.85468,1.38,1.38
2013.12.24 19:08:33.823,0.85334,0.85433,2.25,2.25
2013.12.24 19:08:34.404,0.85335,0.85428,2.33,4.51
2013.12.24 19:09:33.901,0.85293,0.85469,1.13,1.38
2013.12.24 19:09:58.734,0.85295,0.85456,1.07,1.20
2013.12.24 19:09:59.036,0.8534,0.85409,2.33,4.51
2013.12.24 19:09:59.137,0.85337,0.85409,4.50,4.50
2013.12.24 19:10:14.933,0.85339,0.85405,2.33,4.51
2013.12.24 19:10:35.634,0.85337,0.85403,2.33,4.51
2013.12.24 19:11:16.893,0.85337,0.85403,2.33,4.51
2013.12.24 19:11:16.994,0.85335,0.85403,2.33,2.33
2013.12.24 19:11:17.094,0.85334,0.85404,2.33,2.33
2013.12.24 19:11:37.604,0.85335,0.85404,2.33,2.33
2013.12.24 19:11:37.655,0.85336,0.85406,2.33,2.33
2013.12.24 19:11:57.724,0.85337,0.85404,2.33,4.51
2013.12.24 19:11:58.031,0.85335,0.85404,4.50,4.50
2013.12.24 19:12:18.654,0.85335,0.85399,2.33,4.51
2013.12.24 19:12:46.170,0.85332,0.85396,2.33,4.51
2013.12.24 19:13:46.672,0.85311,0.85418,1.00,1.00
2013.12.24 19:13:51.242,0.85309,0.85418,1.00,1.00
2013.12.24 19:13:56.588,0.8531,0.85419,1.00,1.00
2013.12.24 19:14:00.149,0.85309,0.85419,1.00,1.00
2013.12.24 19:14:01.211,0.8531,0.85419,1.00,1.00
2013.12.24 19:14:02.460,0.85309,0.85419,1.00,1.00
2013.12.24 19:14:05.107,0.85311,0.85419,1.00,1.00
2013.12.24 19:14:12.588,0.85309,0.85419,1.00,1.00
2013.12.24 19:14:14.627,0.8531,0.85419,1.00,1.00
2013.12.24 19:14:15.947,0.85309,0.85419,1.00,1.00
2013.12.24 19:14:16.540,0.85311,0.85419,1.00,1.00
2013.12.24 19:14:25.518,0.85309,0.85419,1.00,1.00
2013.12.24 19:14:26.295,0.85311,0.85419,1.00,1.00
2013.12.24 19:14:27.058,0.85309,0.85419,1.00,1.00
2013.12.24 19:14:27.954,0.85311,0.85419,1.00,1.00
2013.12.24 19:14:28.707,0.8531,0.85419,1.00,1.00
2013.12.24 19:14:29.477,0.8531,0.85419,1.00,1.00
2013.12.24 19:14:30.357,0.8531,0.85419,1.00,1.00
2013.12.24 19:14:30.660,0.85332,0.85395,2.33,4.51
2013.12.24 19:14:55.075,0.85331,0.85395,2.33,2.33
2013.12.24 19:14:55.176,0.85331,0.85398,4.50,4.50
2013.12.24 19:14:55.227,0.85333,0.85398,2.33,4.51
2013.12.24 19:14:58.911,0.85332,0.85398,2.33,4.51
2013.12.24 19:15:08.841,0.85333,0.85398,2.33,4.51
2013.12.24 19:15:31.690,0.85333,0.85394,2.33,4.51
2013.12.24 19:15:31.740,0.8533,0.85394,4.50,4.50
2013.12.24 19:15:31.841,0.85319,0.85381,2.33,4.51
2013.12.24 19:15:31.942,0.85311,0.85375,2.33,4.51
2013.12.24 19:15:32.042,0.85307,0.85375,4.50,4.50
2013.12.24 19:15:32.395,0.853,0.85368,4.50,4.50
2013.12.24 19:15:32.721,0.853,0.85362,2.25,2.25
2013.12.24 19:15:32.872,0.85292,0.85356,2.33,4.51
2013.12.24 19:15:33.277,0.85291,0.85355,2.33,2.25
2013.12.24 19:15:33.328,0.85289,0.85351,2.33,4.51
2013.12.24 19:15:35.249,0.85288,0.85351,2.33,4.51
2013.12.24 19:15:35.300,0.85286,0.85351,4.50,4.50
2013.12.24 19:15:35.401,0.85282,0.85346,2.33,4.51
2013.12.24 19:15:36.589,0.85281,0.85346,4.50,4.51
2013.12.24 19:15:37.136,0.8528,0.85343,4.50,4.51
2013.12.24 19:15:37.577,0.85281,0.85343,2.33,2.33
2013.12.24 19:15:37.728,0.85283,0.85344,2.33,2.33
2013.12.24 19:15:37.829,0.8528,0.85344,2.33,4.51
2013.12.24 19:15:39.348,0.85279,0.85341,2.33,4.51
2013.12.24 19:15:39.448,0.85274,0.85342,2.33,2.33
2013.12.24 19:15:39.549,0.85275,0.85344,2.33,2.33
2013.12.24 19:15:40.628,0.85282,0.85346,2.25,2.33
2013.12.24 19:15:40.679,0.85282,0.8535,2.33,2.33
2013.12.24 19:15:40.780,0.85292,0.8536,2.33,2.33
2013.12.24 19:15:41.391,0.85294,0.85361,2.33,2.33
2013.12.24 19:15:41.934,0.85295,0.85363,2.33,2.33
2013.12.24 19:15:42.038,0.853,0.85363,2.25,2.33
2013.12.24 19:15:42.295,0.853,0.85365,2.33,2.33
2013.12.24 19:15:42.446,0.853,0.85368,2.33,2.33
2013.12.24 19:15:43.794,0.85298,0.85368,2.33,2.33
2013.12.24 19:15:44.657,0.85297,0.85368,4.50,4.50
2013.12.24 19:15:44.809,0.85302,0.8537,2.33,2.33
2013.12.24 19:15:44.909,0.85303,0.85373,4.50,4.50
2013.12.24 19:15:45.803,0.85286,0.85356,2.33,4.51
2013.12.24 19:15:45.904,0.85277,0.85348,2.33,4.51
2013.12.24 19:15:46.004,0.85301,0.85369,2.33,2.33
2013.12.24 19:15:46.105,0.85302,0.85372,2.33,2.33
2013.12.24 19:15:46.206,0.853,0.85371,2.33,4.51
2013.12.24 19:15:46.523,0.85299,0.85369,2.33,2.25
2013.12.24 19:15:46.574,0.853,0.8537,2.33,2.33
2013.12.24 19:15:56.477,0.85301,0.8537,2.33,2.33
2013.12.24 19:15:57.072,0.85302,0.85371,2.33,2.33
2013.12.24 19:15:57.254,0.85303,0.85373,2.33,2.33
2013.12.24 19:15:57.405,0.85305,0.85375,2.33,2.33
2013.12.24 19:16:01.727,0.85307,0.85376,2.33,2.33
2013.12.24 19:16:02.489,0.85306,0.85376,2.33,4.51
2013.12.24 19:16:07.592,0.85308,0.85376,2.33,4.50
2013.12.24 19:16:09.061,0.85306,0.85376,2.33,2.33
2013.12.24 19:16:09.897,0.85306,0.85375,2.33,4.51
2013.12.24 19:16:10.558,0.85306,0.85375,2.33,2.33
2013.12.24 19:16:10.609,0.85307,0.85375,2.33,2.33
2013.12.24 19:16:13.649,0.85304,0.85375,2.33,4.51
2013.12.24 19:16:50.672,0.85304,0.85374,2.33,4.51
2013.12.24 19:16:50.722,0.85303,0.85373,2.33,4.51
2013.12.24 19:17:18.980,0.85304,0.85373,2.33,2.33
2013.12.24 19:17:19.508,0.85304,0.85374,4.50,4.50
2013.12.24 19:17:30.637,0.85304,0.85374,2.33,4.51
2013.12.24 19:17:31.294,0.85303,0.85373,2.33,4.51
2013.12.24 19:17:51.640,0.85303,0.85373,2.33,2.33
2013.12.24 19:18:10.594,0.85305,0.85373,2.33,2.33
2013.12.24 19:18:10.645,0.85305,0.85375,4.50,4.50
2013.12.24 19:18:28.551,0.85305,0.85375,2.33,4.51
2013.12.24 19:18:28.652,0.85302,0.85374,2.33,4.51
2013.12.24 19:18:30.502,0.85303,0.85374,2.33,4.51
2013.12.24 19:18:34.744,0.85302,0.85371,2.33,4.51
2013.12.24 19:18:34.845,0.85299,0.85371,2.33,4.51
2013.12.24 19:18:39.751,0.85301,0.85371,2.33,2.33
2013.12.24 19:18:40.593,0.85301,0.85372,2.33,2.33
2013.12.24 19:18:44.036,0.85307,0.85373,2.25,2.33
2013.12.24 19:18:44.095,0.85307,0.85375,2.33,2.33
2013.12.24 19:18:47.086,0.85309,0.85377,2.33,2.33
2013.12.24 19:18:47.136,0.85309,0.85379,2.33,2.33
2013.12.24 19:18:47.405,0.85312,0.8538,2.33,4.50
2013.12.24 19:18:55.127,0.8531,0.8538,2.33,4.51
2013.12.24 19:19:14.342,0.8531,0.85378,2.25,4.51
2013.12.24 19:19:14.443,0.85305,0.85377,2.33,4.51
2013.12.24 19:19:14.606,0.85307,0.85377,2.33,4.51
2013.12.24 19:19:15.114,0.85309,0.85378,2.33,2.33
2013.12.24 19:19:25.294,0.85313,0.85381,2.33,2.33
2013.12.24 19:19:30.357,0.85314,0.85381,2.33,2.33
2013.12.24 19:19:30.649,0.85315,0.85384,2.33,2.33
2013.12.24 19:19:32.937,0.85317,0.85385,2.33,4.50
2013.12.24 19:19:35.236,0.85318,0.85385,2.33,4.51
2013.12.24 19:19:35.616,0.85321,0.85384,2.33,4.51
2013.12.24 19:19:36.326,0.85324,0.85384,2.33,2.33
2013.12.24 19:19:38.798,0.85319,0.85384,4.50,4.50
2013.12.24 19:19:38.971,0.85322,0.85384,2.33,2.33
2013.12.24 19:19:39.021,0.85323,0.85384,2.33,2.33
2013.12.24 19:19:43.683,0.85323,0.85384,2.33,2.70
2013.12.24 19:19:43.835,0.85297,0.85365,2.33,4.51
2013.12.24 19:19:43.939,0.85294,0.85365,4.50,4.50
2013.12.24 19:19:46.332,0.85294,0.85352,2.25,2.25
2013.12.24 19:19:46.534,0.85278,0.85338,2.33,4.51
2013.12.24 19:19:48.304,0.85275,0.85338,4.50,4.50
2013.12.24 19:19:48.405,0.85278,0.85338,2.33,2.33
2013.12.24 19:19:50.774,0.85285,0.85339,2.25,2.33
2013.12.24 19:19:50.825,0.85285,0.85343,2.33,2.33
2013.12.24 19:19:50.926,0.85282,0.85343,2.33,2.33
2013.12.24 19:19:55.044,0.85278,0.85339,2.33,4.51
2013.12.24 19:19:58.315,0.85278,0.85338,2.25,4.51
2013.12.24 19:19:58.366,0.85273,0.85333,2.33,4.51
2013.12.24 19:19:58.416,0.85278,0.85333,2.33,2.25
2013.12.24 19:19:58.517,0.85278,0.85338,4.50,4.50
2013.12.24 19:19:59.638,0.85278,0.85338,2.33,4.51
2013.12.24 19:19:59.689,0.85275,0.85335,2.33,4.51
2013.12.24 19:20:03.201,0.85277,0.85335,2.33,4.50
2013.12.24 19:20:03.590,0.85279,0.85337,2.33,2.33
2013.12.24 19:20:04.232,0.85276,0.85337,2.33,4.51
2013.12.24 19:20:04.332,0.85278,0.85338,4.50,4.50
2013.12.24 19:20:04.736,0.85274,0.85338,4.50,4.50
2013.12.24 19:20:06.487,0.85274,0.85334,2.33,4.51
2013.12.24 19:20:06.588,0.8527,0.85334,4.50,4.50
2013.12.24 19:20:06.638,0.8527,0.8533,2.33,4.51
2013.12.24 19:20:06.739,0.8527,0.8533,2.33,4.51
2013.12.24 19:20:06.841,0.85269,0.8533,4.50,2.33
2013.12.24 19:20:08.463,0.85276,0.85334,2.33,2.33
2013.12.24 19:20:08.770,0.85278,0.85336,2.33,2.33
2013.12.24 19:20:17.712,0.85275,0.85336,4.50,4.50
2013.12.24 19:20:29.315,0.85275,0.85334,2.25,2.25
2013.12.24 19:20:29.365,0.8527,0.85329,2.33,4.51
2013.12.24 19:20:49.607,0.85271,0.85329,3.08,4.50
2013.12.24 19:21:10.632,0.85271,0.85329,1.15,2.33
2013.12.24 19:21:24.729,0.85267,0.85328,2.33,4.51
2013.12.24 19:21:25.269,0.85262,0.85322,2.33,4.51
2013.12.24 19:21:35.690,0.8526,0.8532,2.33,4.51
2013.12.24 19:21:41.912,0.85261,0.85321,2.33,2.33
2013.12.24 19:21:42.013,0.85267,0.85327,4.50,4.50
2013.12.24 19:22:01.210,0.85269,0.85327,2.33,2.33
2013.12.24 19:22:01.261,0.85269,0.85329,4.50,4.50
2013.12.24 19:22:05.050,0.85271,0.85331,4.50,4.50
2013.12.24 19:22:17.585,0.85269,0.85331,4.50,4.50
2013.12.24 19:22:34.571,0.85274,0.85332,2.33,2.33
2013.12.24 19:22:34.942,0.85272,0.85332,2.33,2.25
2013.12.24 19:22:34.995,0.85268,0.85332,4.50,4.50
2013.12.24 19:22:49.679,0.8527,0.85332,4.50,4.50
2013.12.24 19:22:52.639,0.85269,0.85329,2.33,4.51
2013.12.24 19:22:55.678,0.85267,0.85326,2.33,4.51
2013.12.24 19:22:57.742,0.85269,0.85327,2.33,2.33
2013.12.24 19:22:58.053,0.85269,0.85326,2.25,2.25
2013.12.24 19:22:58.144,0.85262,0.85321,1.15,4.51
2013.12.24 19:23:07.028,0.85262,0.85321,1.15,4.51
2013.12.24 19:23:07.592,0.85258,0.85319,2.33,4.51
2013.12.24 19:23:10.982,0.85257,0.85318,2.33,2.25
2013.12.24 19:23:11.033,0.85255,0.85315,2.33,4.51
2013.12.24 19:23:11.084,0.85253,0.85315,4.50,4.51
2013.12.24 19:23:27.013,0.85257,0.85317,2.33,2.33
2013.12.24 19:23:47.709,0.85257,0.85317,2.33,4.51
2013.12.24 19:23:47.910,0.85256,0.85316,1.15,4.51
2013.12.24 19:24:08.679,0.85257,0.85316,2.33,2.33
2013.12.24 19:24:09.135,0.85256,0.85315,1.15,4.51
2013.12.24 19:24:09.336,0.85256,0.85316,5.25,4.50
2013.12.24 19:24:09.672,0.85259,0.85317,2.33,2.33
2013.12.24 19:24:50.597,0.85259,0.85318,2.33,2.33
2013.12.24 19:24:51.296,0.85259,0.85319,2.33,2.33
2013.12.24 19:25:32.682,0.85258,0.85319,2.33,4.51
2013.12.24 19:26:28.936,0.8526,0.85319,2.33,2.33
2013.12.24 19:26:29.682,0.8526,0.8532,2.33,2.33
2013.12.24 19:27:29.009,0.85259,0.85321,2.25,2.25
2013.12.24 19:27:29.106,0.85245,0.85335,1.38,1.00
2013.12.24 19:27:42.453,0.85263,0.85324,2.33,4.51
2013.12.24 19:28:27.928,0.85263,0.85323,2.33,4.51
2013.12.24 19:28:27.979,0.85259,0.85318,2.33,4.51
2013.12.24 19:28:47.558,0.85257,0.85317,2.33,4.51
2013.12.24 19:28:48.722,0.85258,0.85318,4.50,4.50
2013.12.24 19:29:25.692,0.85256,0.85318,5.25,4.50
2013.12.24 19:29:46.544,0.85257,0.85317,2.33,4.51
2013.12.24 19:29:47.104,0.85257,0.85317,2.33,2.33
2013.12.24 19:30:08.314,0.85256,0.85318,2.25,2.25
2013.12.24 19:30:08.364,0.85236,0.85341,2.33,2.33
2013.12.24 19:30:08.465,0.85232,0.85345,1.15,2.33
2013.12.24 19:30:28.588,0.85232,0.85346,1.15,4.50
2013.12.24 19:30:29.576,0.85238,0.85348,2.25,2.25
2013.12.24 19:30:29.627,0.85238,0.85351,4.50,1.15
2013.12.24 19:30:31.494,0.85253,0.8534,2.33,4.51
2013.12.24 19:30:36.958,0.85266,0.85331,4.50,4.50
2013.12.24 19:30:46.579,0.85271,0.85329,2.33,4.51
2013.12.24 19:30:46.630,0.85271,0.85329,2.33,2.33
2013.12.24 19:30:46.683,0.85273,0.85331,2.33,4.50
2013.12.24 19:30:48.163,0.85273,0.85331,2.25,4.51
2013.12.24 19:30:48.213,0.85267,0.85327,2.33,4.51
2013.12.24 19:31:48.256,0.85241,0.85351,1.00,1.00
2013.12.24 19:31:57.171,0.8524,0.85352,1.00,1.00
2013.12.24 19:32:10.024,0.85241,0.85353,1.00,1.00
2013.12.24 19:32:11.579,0.85268,0.85331,2.25,2.25
2013.12.24 19:32:27.460,0.85267,0.85327,2.33,4.51
2013.12.24 19:32:27.510,0.85262,0.85323,2.33,4.51
2013.12.24 19:33:03.868,0.85265,0.85323,2.33,4.50
2013.12.24 19:33:04.019,0.85261,0.85323,4.50,4.50
2013.12.24 19:33:09.436,0.85264,0.85323,2.33,4.51
2013.12.24 19:33:09.823,0.85261,0.85321,2.33,4.51
2013.12.24 19:33:14.427,0.85262,0.85321,2.33,2.33
2013.12.24 19:33:15.104,0.85262,0.85322,2.33,2.33
2013.12.24 19:33:21.607,0.85265,0.85323,2.33,2.33
2013.12.24 19:33:21.658,0.85265,0.85325,2.33,2.33
2013.12.24 19:33:23.594,0.85264,0.85323,2.33,4.51
2013.12.24 19:33:43.004,0.85264,0.85322,2.25,4.51
2013.12.24 19:33:43.055,0.8526,0.8532,2.33,4.51
2013.12.24 19:33:43.366,0.85257,0.8532,4.50,4.50
2013.12.24 19:33:49.356,0.85266,0.8532,2.25,2.25
2013.12.24 19:33:49.457,0.85266,0.85324,2.33,2.70
2013.12.24 19:33:49.558,0.85267,0.85327,4.50,4.88
2013.12.24 19:33:49.608,0.85267,0.85327,2.33,4.88
2013.12.24 19:33:49.659,0.85265,0.85326,2.33,4.88
2013.12.24 19:33:51.315,0.85271,0.85326,2.25,2.70
2013.12.24 19:33:51.416,0.85271,0.85329,2.33,2.70
2013.12.24 19:33:51.467,0.8527,0.85329,2.33,2.70
2013.12.24 19:33:51.517,0.85268,0.85328,2.33,4.88
2013.12.24 19:33:57.528,0.85267,0.85328,2.33,4.88
2013.12.24 19:34:07.190,0.85269,0.85328,2.33,4.88
2013.12.24 19:34:07.609,0.85271,0.85331,2.33,2.70
2013.12.24 19:34:17.498,0.85271,0.85331,2.25,4.88
2013.12.24 19:34:17.599,0.85265,0.85326,2.33,4.88
2013.12.24 19:34:26.148,0.8527,0.85326,2.33,2.70
2013.12.24 19:34:26.198,0.8527,0.8533,4.50,4.88
2013.12.24 19:34:26.357,0.85268,0.85329,2.33,4.88
2013.12.24 19:34:26.408,0.85271,0.85331,4.50,4.88
2013.12.24 19:34:34.457,0.85271,0.85331,2.33,4.88
2013.12.24 19:34:34.558,0.85266,0.85327,2.33,4.88
2013.12.24 19:34:34.608,0.85271,0.85327,2.25,2.70
2013.12.24 19:34:35.343,0.85271,0.85329,2.33,2.70
2013.12.24 19:34:37.483,0.85271,0.85329,2.25,4.88
2013.12.24 19:34:37.534,0.85266,0.85327,2.33,4.88
2013.12.24 19:34:43.629,0.85281,0.85327,1.00,4.88
2013.12.24 19:34:43.731,0.85283,0.85334,2.33,1.00
2013.12.24 19:34:43.948,0.85285,0.85334,2.33,1.00
2013.12.24 19:34:46.007,0.85283,0.85334,2.33,1.00
2013.12.24 19:34:47.910,0.85284,0.85341,4.50,1.53
2013.12.24 19:34:48.010,0.85291,0.85344,2.25,2.63
2013.12.24 19:34:48.061,0.85291,0.85345,4.50,1.00
2013.12.24 19:34:48.112,0.85318,0.85345,2.25,1.00
2013.12.24 19:34:48.265,0.85321,0.85371,2.33,1.00
2013.12.24 19:34:48.366,0.8532,0.85355,2.33,0.75
2013.12.24 19:34:48.585,0.85322,0.85362,4.50,0.75
2013.12.24 19:34:48.690,0.8533,0.85474,4.50,4.50
2013.12.24 19:34:48.791,0.85335,0.85486,2.33,2.33
2013.12.24 19:34:48.892,0.85348,0.85486,2.33,2.33
2013.12.24 19:34:49.196,0.85358,0.85484,2.33,4.51
2013.12.24 19:34:49.247,0.85355,0.85486,4.50,4.50
2013.12.24 19:34:49.449,0.85352,0.85386,2.33,0.75
2013.12.24 19:34:49.550,0.8535,0.85384,2.33,0.75
2013.12.24 19:34:49.601,0.85346,0.85381,2.33,0.75
2013.12.24 19:34:49.652,0.85344,0.85482,2.25,1.15
2013.12.24 19:34:49.703,0.85332,0.85411,2.33,0.75
2013.12.24 19:34:49.804,0.85323,0.85375,4.50,0.75
2013.12.24 19:34:49.904,0.85334,0.85481,2.33,2.33
2013.12.24 19:34:50.006,0.85347,0.85486,4.50,4.50
2013.12.24 19:34:50.309,0.8537,0.85486,2.33,4.51
2013.12.24 19:34:50.618,0.85374,0.85482,2.33,4.51
2013.12.24 19:34:50.923,0.85351,0.85479,2.33,4.51
2013.12.24 19:34:51.025,0.85337,0.85478,2.33,3.33
2013.12.24 19:34:51.125,0.85334,0.85478,4.50,4.50
2013.12.24 19:34:51.226,0.85344,0.85478,2.33,4.51
2013.12.24 19:34:51.327,0.85341,0.85478,4.50,4.50
2013.12.24 19:34:51.428,0.85353,0.85479,4.50,4.50
2013.12.24 19:34:51.579,0.8535,0.85479,4.50,4.50
2013.12.24 19:34:51.630,0.85354,0.85479,2.33,4.50
2013.12.24 19:34:52.192,0.85351,0.85479,2.33,2.33
2013.12.24 19:34:52.292,0.85349,0.85479,2.25,2.33
2013.12.24 19:34:52.343,0.85334,0.85383,4.50,0.75
2013.12.24 19:34:52.443,0.8533,0.85471,2.33,1.18
2013.12.24 19:34:52.544,0.8533,0.8548,2.33,2.33
2013.12.24 19:34:52.855,0.85336,0.85481,2.33,4.50
2013.12.24 19:34:58.086,0.85319,0.85481,2.33,4.51
2013.12.24 19:35:01.008,0.85318,0.85476,2.33,4.51
2013.12.24 19:35:01.320,0.85317,0.85458,2.33,4.51
2013.12.24 19:35:01.622,0.85322,0.85447,2.33,4.51
2013.12.24 19:35:01.773,0.85318,0.85446,2.33,4.51
2013.12.24 19:35:01.874,0.85318,0.85446,4.50,4.50
2013.12.24 19:35:02.229,0.85318,0.85437,2.33,4.51
2013.12.24 19:35:03.274,0.85345,0.85437,2.25,2.33
2013.12.24 19:35:03.324,0.85346,0.85437,2.33,2.33
2013.12.24 19:35:18.960,0.85363,0.85437,2.25,2.33
2013.12.24 19:35:19.279,0.85363,0.85437,4.50,4.51
2013.12.24 19:35:19.336,0.85363,0.85437,4.50,4.50
2013.12.24 19:35:19.390,0.85364,0.85437,2.33,4.51
2013.12.24 19:35:20.140,0.85363,0.85437,4.50,4.51
2013.12.24 19:35:20.191,0.85363,0.85437,2.33,2.33
2013.12.24 19:35:20.242,0.85364,0.85437,2.33,2.33
2013.12.24 19:35:22.021,0.85363,0.85437,2.33,4.51
2013.12.24 19:35:22.072,0.85363,0.85437,2.33,2.33
2013.12.24 19:35:22.122,0.85364,0.85437,2.33,2.25
2013.12.24 19:35:22.478,0.85362,0.85429,2.33,4.51
2013.12.24 19:35:23.124,0.85363,0.85429,2.33,2.33
2013.12.24 19:35:24.442,0.85358,0.85419,2.33,4.51
2013.12.24 19:35:24.746,0.85362,0.8542,2.33,2.33
2013.12.24 19:35:26.068,0.85363,0.85422,2.33,2.25
2013.12.24 19:35:26.119,0.85363,0.85432,2.33,2.33
2013.12.24 19:35:26.718,0.85362,0.85436,4.50,4.50
2013.12.24 19:35:28.007,0.85362,0.85433,4.50,4.50
2013.12.24 19:35:28.434,0.85355,0.85416,2.33,4.51
2013.12.24 19:35:28.764,0.85361,0.85423,2.33,2.33
2013.12.24 19:35:28.916,0.85362,0.85433,2.33,2.33
2013.12.24 19:35:30.195,0.85361,0.85429,4.50,2.25
2013.12.24 19:35:30.398,0.85361,0.8543,2.33,2.33
2013.12.24 19:35:30.448,0.85361,0.8543,2.33,2.33
2013.12.24 19:35:30.801,0.85361,0.85427,2.33,4.51
2013.12.24 19:35:31.404,0.85374,0.85427,2.25,2.33
2013.12.24 19:35:31.454,0.85374,0.85432,2.33,2.33
2013.12.24 19:35:31.555,0.85376,0.85433,2.33,2.33
2013.12.24 19:35:31.605,0.85376,0.85436,2.33,2.33
2013.12.24 19:35:31.775,0.85379,0.85437,2.33,4.50
2013.12.24 19:35:34.042,0.85394,0.85439,2.25,2.25
2013.12.24 19:35:34.093,0.85394,0.85452,2.33,2.33
2013.12.24 19:35:34.244,0.85392,0.85452,2.33,2.25
2013.12.24 19:35:34.295,0.85389,0.85449,2.33,4.51
2013.12.24 19:35:34.498,0.85387,0.85449,4.50,4.51
2013.12.24 19:35:34.825,0.85389,0.85448,2.33,4.51
2013.12.24 19:35:35.971,0.85389,0.85446,2.25,2.25
2013.12.24 19:35:36.022,0.8538,0.85441,2.33,4.51
2013.12.24 19:35:36.193,0.8538,0.8544,2.33,4.51
2013.12.24 19:35:36.243,0.85378,0.8544,4.50,4.50
2013.12.24 19:35:36.294,0.85378,0.85431,2.25,2.25
2013.12.24 19:35:36.344,0.85351,0.85431,4.50,4.50
2013.12.24 19:35:36.395,0.85351,0.85421,2.25,2.25
2013.12.24 19:35:36.445,0.85341,0.85416,1.00,4.51
2013.12.24 19:35:36.546,0.85341,0.8542,1.00,2.33
2013.12.24 19:35:36.646,0.85341,0.85425,1.00,4.50
2013.12.24 19:35:36.998,0.85341,0.85424,1.00,4.51
2013.12.24 19:35:37.199,0.85341,0.85426,1.00,2.33
2013.12.24 19:35:37.250,0.85341,0.85426,1.00,4.51
2013.12.24 19:35:37.451,0.85341,0.85427,1.00,4.50
2013.12.24 19:35:37.501,0.85341,0.85427,1.00,4.51
2013.12.24 19:35:37.903,0.85341,0.85427,1.00,4.51
2013.12.24 19:35:37.960,0.85341,0.85426,1.00,2.25
2013.12.24 19:35:38.780,0.85341,0.85405,1.00,4.51
2013.12.24 19:35:39.082,0.85341,0.85403,1.00,4.51
2013.12.24 19:35:39.598,0.85341,0.85403,1.00,2.33
2013.12.24 19:35:39.648,0.85341,0.85404,1.00,4.51
2013.12.24 19:35:39.850,0.85341,0.85403,1.00,4.51
2013.12.24 19:35:40.154,0.85341,0.85404,1.00,4.51
2013.12.24 19:35:40.307,0.85341,0.85403,1.00,4.51
2013.12.24 19:35:40.626,0.85341,0.85404,1.00,2.33
2013.12.24 19:35:40.726,0.85341,0.85403,1.00,4.51
2013.12.24 19:35:40.828,0.85341,0.85404,1.00,4.50
2013.12.24 19:35:40.878,0.85341,0.85404,1.00,4.51
2013.12.24 19:35:41.147,0.85341,0.85404,1.00,4.50
2013.12.24 19:35:41.197,0.85341,0.85404,1.00,4.51
2013.12.24 19:35:41.248,0.85322,0.85404,1.50,4.51
2013.12.24 19:35:41.779,0.85322,0.85402,1.50,4.51
2013.12.24 19:35:41.930,0.85323,0.85403,1.50,2.33
2013.12.24 19:35:41.981,0.85323,0.85403,1.50,4.51
2013.12.24 19:35:42.132,0.85323,0.85404,1.50,2.33
2013.12.24 19:35:42.182,0.85323,0.85404,1.50,4.51
2013.12.24 19:35:42.383,0.85323,0.85404,1.50,4.50
2013.12.24 19:35:42.735,0.85323,0.85438,1.50,2.33
2013.12.24 19:35:42.836,0.85323,0.85456,1.50,2.25
2013.12.24 19:35:43.037,0.85323,0.85458,1.50,2.33
2013.12.24 19:35:43.087,0.85322,0.85458,1.50,4.51
2013.12.24 19:35:43.389,0.85322,0.85455,1.50,4.51
2013.12.24 19:35:43.791,0.85323,0.85471,1.50,4.50
2013.12.24 19:35:43.949,0.85322,0.85468,1.50,2.25
2013.12.24 19:35:44.100,0.85323,0.85469,1.50,4.50
2013.12.24 19:35:44.150,0.85322,0.85468,1.50,2.25
2013.12.24 19:35:44.459,0.85323,0.8546,1.50,4.51
2013.12.24 19:35:44.660,0.85322,0.8547,1.50,4.50
2013.12.24 19:35:44.711,0.85322,0.85463,1.50,2.25
2013.12.24 19:35:44.912,0.85322,0.85465,1.50,2.33
2013.12.24 19:35:44.962,0.85322,0.85465,1.50,4.51
2013.12.24 19:35:45.213,0.85322,0.8547,1.50,2.33
2013.12.24 19:35:45.264,0.85322,0.85469,1.50,2.25
2013.12.24 19:35:45.570,0.85322,0.85458,1.50,4.51
2013.12.24 19:35:45.922,0.85322,0.85455,1.50,4.51
2013.12.24 19:35:46.123,0.85322,0.85465,1.50,2.33
2013.12.24 19:35:46.223,0.85323,0.8547,1.50,4.50
2013.12.24 19:35:46.274,0.85322,0.85461,1.50,2.25
2013.12.24 19:35:46.425,0.85322,0.8547,1.50,2.33
2013.12.24 19:35:46.475,0.85323,0.85464,1.50,2.25
2013.12.24 19:35:46.629,0.85322,0.85465,1.50,4.50
2013.12.24 19:35:46.679,0.85323,0.85461,1.50,2.25
2013.12.24 19:35:46.880,0.85323,0.85469,1.50,2.33
2013.12.24 19:35:46.931,0.85323,0.85465,1.50,2.25
2013.12.24 19:35:47.233,0.85323,0.85458,1.50,2.25
2013.12.24 19:35:47.334,0.85322,0.8547,1.50,4.50
2013.12.24 19:35:47.384,0.85322,0.85467,1.50,2.25
2013.12.24 19:35:47.636,0.85323,0.85469,1.50,2.33
2013.12.24 19:35:47.689,0.85323,0.85465,1.50,2.25
2013.12.24 19:35:48.112,0.85323,0.85458,1.50,4.51
2013.12.24 19:35:48.625,0.85322,0.85457,1.50,4.51
2013.12.24 19:35:49.253,0.85322,0.85457,1.50,4.51
2013.12.24 19:35:49.737,0.85323,0.85463,1.50,2.33
2013.12.24 19:35:49.788,0.85323,0.85455,1.50,2.25
2013.12.24 19:35:49.888,0.85322,0.85455,1.50,4.50
2013.12.24 19:35:50.342,0.85323,0.85452,1.50,4.51
2013.12.24 19:35:50.743,0.85323,0.85452,1.50,2.25
2013.12.24 19:35:50.844,0.85323,0.85462,1.50,2.33
2013.12.24 19:35:50.945,0.85322,0.85465,1.50,4.50
2013.12.24 19:35:50.995,0.85322,0.85465,1.50,4.51
2013.12.24 19:35:51.301,0.85322,0.85456,1.50,2.25
2013.12.24 19:35:51.401,0.85322,0.85463,1.50,2.25
2013.12.24 19:35:51.653,0.85323,0.85456,1.50,2.25
2013.12.24 19:35:52.378,0.85323,0.85463,1.50,2.33
2013.12.24 19:35:52.429,0.85323,0.85458,1.50,2.25
2013.12.24 19:35:52.630,0.85323,0.85463,1.50,2.25
2013.12.24 19:35:52.731,0.85322,0.85463,1.50,2.25
2013.12.24 19:35:53.033,0.85323,0.8546,1.50,2.25
2013.12.24 19:35:53.083,0.85322,0.85464,1.50,2.33
2013.12.24 19:35:53.184,0.85322,0.85457,1.50,4.51
2013.12.24 19:35:53.385,0.85323,0.85473,1.50,2.33
2013.12.24 19:35:53.486,0.85323,0.85471,1.50,2.25
2013.12.24 19:35:53.847,0.85322,0.85475,1.50,4.50
2013.12.24 19:35:53.907,0.85322,0.85471,1.50,2.25
2013.12.24 19:35:54.064,0.85322,0.85469,1.50,4.51
2013.12.24 19:35:54.166,0.85322,0.85466,1.50,4.51
2013.12.24 19:35:54.471,0.85299,0.85465,2.33,4.51
2013.12.24 19:35:54.573,0.85305,0.85465,2.25,2.25
2013.12.24 19:35:54.623,0.85307,0.85474,2.33,2.33
2013.12.24 19:35:54.724,0.85306,0.85467,2.33,4.51
2013.12.24 19:35:54.825,0.85306,0.85468,4.50,4.50
2013.12.24 19:35:54.926,0.85297,0.85466,2.33,4.51
2013.12.24 19:35:55.026,0.85303,0.85466,4.50,4.50
2013.12.24 19:35:55.329,0.85306,0.85466,2.33,4.51
2013.12.24 19:35:55.702,0.85298,0.85466,2.33,4.51
2013.12.24 19:35:55.803,0.85307,0.85466,2.33,4.51
2013.12.24 19:35:55.903,0.85307,0.85474,2.33,2.33
2013.12.24 19:35:56.004,0.85299,0.85474,2.33,4.51
2013.12.24 19:35:56.106,0.85305,0.85474,2.25,2.33
2013.12.24 19:35:56.157,0.85306,0.85475,2.33,2.33
2013.12.24 19:35:56.358,0.85306,0.85473,4.50,4.50
2013.12.24 19:35:56.559,0.85306,0.85475,2.33,2.33
2013.12.24 19:35:56.660,0.85307,0.85466,2.33,4.51
2013.12.24 19:35:56.911,0.85306,0.85468,4.50,4.50
2013.12.24 19:35:57.097,0.85306,0.85468,4.50,4.51
2013.12.24 19:35:57.350,0.85298,0.85467,2.33,4.51
2013.12.24 19:35:57.451,0.85305,0.85467,2.33,4.51
2013.12.24 19:35:57.796,0.85306,0.85475,4.50,4.50
2013.12.24 19:35:57.903,0.85302,0.85467,4.50,4.50
2013.12.24 19:35:58.003,0.853,0.85471,2.33,2.33
2013.12.24 19:35:58.104,0.85302,0.85471,2.33,2.33
2013.12.24 19:35:58.407,0.85302,0.8547,2.33,2.25
2013.12.24 19:35:58.457,0.85302,0.85471,2.33,2.33
2013.12.24 19:35:58.558,0.85302,0.85467,4.50,4.50
2013.12.24 19:35:58.658,0.85302,0.85465,2.33,4.51
2013.12.24 19:35:58.759,0.85302,0.85463,2.33,4.51
2013.12.24 19:35:58.860,0.85293,0.85463,4.50,4.50
2013.12.24 19:35:58.960,0.85302,0.85462,2.25,4.51
2013.12.24 19:35:59.489,0.85302,0.85462,4.50,4.50
2013.12.24 19:35:59.540,0.85302,0.85471,2.33,2.33
2013.12.24 19:35:59.640,0.85303,0.85462,2.33,4.51
2013.12.24 19:35:59.741,0.85302,0.85471,4.50,4.50
2013.12.24 19:35:59.842,0.85303,0.85466,2.33,2.25
2013.12.24 19:36:00.751,0.853,0.8544,4.50,4.50
2013.12.24 19:36:00.852,0.85297,0.85436,2.33,4.51
2013.12.24 19:36:00.953,0.85293,0.85436,4.50,4.50
2013.12.24 19:36:01.053,0.85294,0.85437,2.33,2.33
2013.12.24 19:36:01.154,0.85292,0.85423,4.50,2.25
2013.12.24 19:36:01.456,0.85292,0.85412,2.33,2.25
2013.12.24 19:36:01.608,0.85286,0.85412,4.50,2.25
2013.12.24 19:36:01.836,0.85286,0.85411,4.50,4.50
2013.12.24 19:36:02.138,0.85286,0.854,2.33,4.51
2013.12.24 19:36:14.662,0.85291,0.85397,2.33,2.25
2013.12.24 19:36:14.863,0.85292,0.85408,4.50,4.50
2013.12.24 19:36:14.914,0.85292,0.85392,2.33,2.25
2013.12.24 19:36:15.729,0.85291,0.85392,4.50,4.50
2013.12.24 19:36:19.053,0.85291,0.85387,4.50,4.51
2013.12.24 19:36:19.688,0.85292,0.85385,2.33,4.51
2013.12.24 19:36:23.202,0.85292,0.85385,2.33,4.51
2013.12.24 19:36:24.776,0.85291,0.85385,2.25,2.25
2013.12.24 19:36:24.826,0.85283,0.85389,2.33,2.33
2013.12.24 19:36:24.877,0.85283,0.85391,2.33,4.50
2013.12.24 19:36:26.900,0.85285,0.85393,2.33,4.50
2013.12.24 19:36:27.242,0.85283,0.85393,2.33,4.51
2013.12.24 19:36:33.038,0.85281,0.85393,4.50,4.51
2013.12.24 19:36:33.549,0.85282,0.85392,2.33,4.51
2013.12.24 19:36:36.357,0.85283,0.85409,2.33,2.33
2013.12.24 19:36:36.458,0.85282,0.85385,2.33,4.51
2013.12.24 19:36:37.014,0.85285,0.85387,2.33,2.33
2013.12.24 19:36:37.077,0.85283,0.85387,2.33,2.33
2013.12.24 19:36:37.593,0.85282,0.85387,2.33,4.51
2013.12.24 19:36:40.682,0.85282,0.85387,2.33,2.25
2013.12.24 19:36:40.733,0.85282,0.85407,2.33,2.33
2013.12.24 19:36:40.834,0.85283,0.85424,2.33,2.33
2013.12.24 19:36:40.934,0.85284,0.85426,2.33,2.33
2013.12.24 19:36:41.035,0.85286,0.85444,2.33,2.33
2013.12.24 19:36:41.136,0.85289,0.85444,2.33,2.33
2013.12.24 19:36:41.446,0.85287,0.85444,2.33,2.33
2013.12.24 19:36:41.497,0.85284,0.85444,2.33,2.33
2013.12.24 19:36:41.547,0.85289,0.85444,2.25,2.33
2013.12.24 19:36:41.804,0.85293,0.85452,4.50,4.50
2013.12.24 19:36:41.905,0.85293,0.85448,2.33,4.51
2013.12.24 19:36:42.108,0.85293,0.85451,2.33,2.25
2013.12.24 19:36:42.159,0.8529,0.85465,2.33,2.33
2013.12.24 19:36:42.217,0.85293,0.85455,2.33,2.25
2013.12.24 19:36:42.368,0.85294,0.85466,4.50,4.50
2013.12.24 19:36:42.427,0.85296,0.85466,2.33,4.50
2013.12.24 19:36:42.585,0.8529,0.85466,2.33,4.51
2013.12.24 19:36:42.686,0.85295,0.85458,2.33,4.51
2013.12.24 19:36:42.786,0.85289,0.85466,4.50,4.50
2013.12.24 19:36:47.028,0.85289,0.85466,2.33,4.51
2013.12.24 19:36:47.079,0.85287,0.85466,4.50,4.50
2013.12.24 19:36:52.855,0.85291,0.85462,4.50,4.50
2013.12.24 19:36:53.005,0.85287,0.85465,2.33,2.33
2013.12.24 19:36:53.056,0.85293,0.85456,2.25,2.25
2013.12.24 19:36:53.209,0.85293,0.85463,2.33,2.33
2013.12.24 19:36:53.412,0.85293,0.85449,2.33,4.51
2013.12.24 19:36:53.514,0.85293,0.85451,2.33,2.33
2013.12.24 19:36:53.616,0.85293,0.85451,2.33,2.25
2013.12.24 19:36:53.972,0.85294,0.85456,2.33,2.33
2013.12.24 19:36:54.073,0.85292,0.85452,4.50,4.50
2013.12.24 19:36:54.425,0.85287,0.85462,2.33,2.33
2013.12.24 19:36:54.526,0.85292,0.85449,2.33,4.51
2013.12.24 19:36:54.837,0.8529,0.85457,2.33,2.33
2013.12.24 19:36:54.939,0.8529,0.85457,2.33,2.33
2013.12.24 19:36:55.191,0.85286,0.85458,2.33,2.33
2013.12.24 19:36:55.397,0.85284,0.85458,4.50,4.50
2013.12.24 19:36:55.498,0.85285,0.85462,4.50,4.50
2013.12.24 19:36:55.648,0.85285,0.85464,4.50,4.50
2013.12.24 19:36:55.699,0.8529,0.85459,2.33,2.25
2013.12.24 19:36:56.158,0.85289,0.85459,2.33,2.25
2013.12.24 19:36:56.665,0.8529,0.85456,2.33,4.51
2013.12.24 19:36:57.034,0.85286,0.85463,2.33,2.33
2013.12.24 19:37:04.586,0.85277,0.85463,2.33,2.33
2013.12.24 19:37:04.687,0.85272,0.85463,2.33,2.33
2013.12.24 19:37:04.787,0.85269,0.85463,2.33,2.33
2013.12.24 19:37:07.320,0.8527,0.85463,2.33,2.33
2013.12.24 19:37:07.421,0.8527,0.85466,4.50,4.50
2013.12.24 19:38:07.642,0.85184,0.85559,1.14,1.00
2013.12.24 19:38:10.377,0.85184,0.8556,1.14,0.75
2013.12.24 19:38:13.219,0.85184,0.8556,1.14,1.00
2013.12.24 19:38:13.720,0.85184,0.8556,1.14,1.00
2013.12.24 19:38:16.729,0.85181,0.8556,1.07,1.00
2013.12.24 19:38:17.031,0.85181,0.8556,1.07,1.00
2013.12.24 19:38:17.645,0.85267,0.85469,2.25,2.25
2013.12.24 19:38:22.999,0.85283,0.85444,2.25,2.25
2013.12.24 19:38:23.301,0.85291,0.85426,2.33,4.51
2013.12.24 19:38:24.628,0.85293,0.85427,2.33,2.33
2013.12.24 19:38:29.476,0.85303,0.85428,2.33,2.33
2013.12.24 19:38:31.627,0.85303,0.85404,2.33,2.25
2013.12.24 19:38:31.929,0.853,0.85387,2.33,4.51
2013.12.24 19:38:35.546,0.853,0.85385,2.33,4.51
2013.12.24 19:38:36.048,0.85301,0.85383,2.33,4.51
2013.12.24 19:38:47.030,0.85299,0.8538,2.25,2.25
2013.12.24 19:38:47.080,0.85292,0.85376,2.33,4.51
2013.12.24 19:38:47.131,0.85291,0.85376,2.33,4.51
2013.12.24 19:38:47.181,0.85289,0.85372,2.33,4.51
2013.12.24 19:39:47.150,0.85253,0.85407,1.00,0.75
2013.12.24 19:40:19.525,0.85252,0.85408,1.00,0.75
2013.12.24 19:40:59.159,0.85253,0.85408,1.00,0.75
2013.12.24 19:41:15.883,0.85252,0.85408,1.00,0.75
2013.12.24 19:41:49.077,0.85253,0.85408,1.00,0.75
2013.12.24 19:41:51.683,0.85252,0.85408,1.00,0.75
2013.12.24 19:42:07.443,0.85292,0.85379,2.25,2.25
2013.12.24 19:43:07.975,0.85255,0.85411,1.15,0.75
2013.12.24 19:43:25.987,0.85256,0.85411,1.15,0.75
2013.12.24 19:43:26.820,0.85255,0.85411,1.15,0.75
2013.12.24 19:43:43.493,0.85256,0.85411,1.15,0.75
2013.12.24 19:43:46.565,0.85255,0.85411,1.15,0.75
2013.12.24 19:43:47.877,0.85256,0.85411,1.15,0.75
2013.12.24 19:43:58.063,0.85255,0.85411,1.15,0.75
2013.12.24 19:43:58.610,0.85256,0.85411,1.15,0.75
2013.12.24 19:43:59.565,0.85255,0.85411,1.15,0.75
2013.12.24 19:44:02.039,0.85256,0.85411,1.15,0.75
2013.12.24 19:44:08.547,0.85255,0.85411,1.15,0.75
2013.12.24 19:44:09.405,0.85256,0.85411,1.15,0.75
2013.12.24 19:44:16.322,0.85255,0.85411,1.15,0.75
2013.12.24 19:44:20.663,0.85256,0.85411,1.15,0.75
2013.12.24 19:44:21.774,0.85255,0.85411,1.15,0.75
2013.12.24 19:44:38.860,0.85256,0.85411,1.15,0.75
2013.12.24 19:44:46.542,0.85255,0.85411,1.15,0.75
2013.12.24 19:44:50.418,0.85256,0.85411,1.15,0.75
2013.12.24 19:44:53.357,0.85255,0.85411,1.15,0.75
2013.12.24 19:45:12.962,0.85256,0.85411,1.15,0.75
2013.12.24 19:45:19.050,0.85289,0.85378,2.25,2.25
2013.12.24 19:45:19.415,0.85293,0.85377,2.33,4.51
2013.12.24 19:46:19.429,0.85256,0.85414,1.15,1.00
2013.12.24 19:46:23.261,0.85298,0.85383,2.25,2.25
2013.12.24 19:46:27.649,0.85296,0.85377,2.33,4.51
2013.12.24 19:46:35.539,0.85295,0.85377,2.33,4.51
2013.12.24 19:46:35.590,0.85293,0.85374,2.33,4.51
2013.12.24 19:46:35.698,0.85297,0.85378,2.33,2.33
2013.12.24 19:46:56.452,0.85295,0.85378,2.33,4.51
2013.12.24 19:47:40.096,0.85297,0.85378,2.33,4.51
2013.12.24 19:47:42.138,0.85297,0.85377,2.33,4.51
2013.12.24 19:47:42.188,0.85293,0.85376,2.33,4.51
2013.12.24 19:47:43.204,0.85294,0.85376,2.33,2.33
2013.12.24 19:47:43.255,0.85296,0.85377,2.33,2.33
2013.12.24 19:47:45.058,0.85296,0.85377,2.33,4.51
2013.12.24 19:47:45.109,0.85292,0.85377,4.50,4.50
2013.12.24 19:47:45.209,0.85295,0.85377,2.33,2.33
2013.12.24 19:47:45.261,0.85295,0.85378,4.50,4.50
2013.12.24 19:47:46.879,0.85295,0.85378,2.33,4.51
2013.12.24 19:47:47.553,0.85295,0.85376,2.33,4.51
2013.12.24 19:48:21.219,0.8529,0.85376,4.50,4.50
2013.12.24 19:49:22.230,0.85253,0.85411,1.20,1.00
2013.12.24 19:49:33.491,0.85254,0.85411,1.00,1.00
2013.12.24 19:49:35.476,0.85253,0.85411,1.20,1.00
2013.12.24 19:49:53.168,0.85254,0.85411,1.00,1.00
2013.12.24 19:49:54.316,0.85253,0.85411,1.20,1.00
2013.12.24 19:50:03.243,0.85254,0.85411,1.00,1.00
2013.12.24 19:50:04.264,0.85253,0.85411,1.20,1.00
2013.12.24 19:50:08.831,0.85254,0.85411,1.00,1.00
2013.12.24 19:50:09.347,0.85253,0.85411,1.20,1.00
2013.12.24 19:50:13.145,0.85254,0.85411,1.00,1.00
2013.12.24 19:50:14.540,0.85253,0.85411,1.20,1.00
2013.12.24 19:50:18.233,0.85253,0.85411,1.15,1.00
2013.12.24 19:50:37.217,0.85254,0.85411,1.20,1.00
2013.12.24 19:50:39.105,0.85253,0.85411,1.15,1.00
2013.12.24 19:50:43.283,0.85254,0.85411,1.20,1.00
2013.12.24 19:50:45.596,0.85289,0.85377,2.25,2.25
2013.12.24 19:50:46.413,0.8529,0.85372,2.33,4.51
2013.12.24 19:51:45.830,0.85253,0.85409,1.15,1.00
2013.12.24 19:51:48.237,0.85252,0.8541,1.15,1.00
2013.12.24 19:52:07.790,0.85253,0.8541,1.15,1.00
2013.12.24 19:52:14.617,0.85252,0.8541,1.15,1.00
2013.12.24 19:52:17.067,0.85253,0.8541,1.15,1.00
2013.12.24 19:52:21.452,0.85256,0.8541,1.00,0.75
2013.12.24 19:52:21.783,0.85297,0.85385,4.50,4.50
2013.12.24 19:52:26.569,0.85297,0.8538,2.33,4.51
2013.12.24 19:52:26.620,0.85295,0.85379,2.33,4.51
2013.12.24 19:52:26.721,0.85288,0.85372,2.33,4.51
2013.12.24 19:52:34.587,0.85294,0.85377,4.50,4.50
2013.12.24 19:52:34.949,0.85297,0.8538,4.50,4.50
2013.12.24 19:52:39.566,0.85297,0.8538,2.33,4.51
2013.12.24 19:52:39.717,0.85288,0.85372,2.33,4.51
2013.12.24 19:53:06.333,0.85291,0.85372,2.33,4.50
2013.12.24 19:53:06.484,0.85289,0.85372,4.50,4.50
2013.12.24 19:54:00.179,0.85289,0.85371,2.33,4.51
2013.12.24 19:54:00.230,0.85287,0.85371,4.50,4.50
2013.12.24 19:54:26.303,0.85287,0.8537,2.33,4.51
2013.12.24 19:54:27.500,0.85288,0.8537,2.33,2.33
2013.12.24 19:54:27.603,0.8529,0.8537,2.33,2.33
2013.12.24 19:54:29.263,0.85293,0.8537,2.33,2.33
2013.12.24 19:54:29.364,0.85294,0.85374,2.33,2.33
2013.12.24 19:54:29.465,0.85294,0.85377,2.33,2.33
2013.12.24 19:54:34.418,0.85293,0.85377,4.50,2.33
2013.12.24 19:54:34.871,0.85293,0.85375,2.33,4.51
2013.12.24 19:54:34.938,0.85289,0.85372,2.33,4.51
2013.12.24 19:55:34.964,0.85252,0.85408,1.00,0.75
2013.12.24 19:55:35.705,0.85251,0.85409,1.50,0.75
2013.12.24 19:55:46.140,0.85252,0.85409,1.00,0.75
2013.12.24 19:55:55.294,0.85251,0.85409,1.00,0.75
2013.12.24 19:56:05.214,0.85252,0.85409,1.00,0.75
2013.12.24 19:56:06.711,0.85251,0.85409,1.00,0.75
2013.12.24 19:56:07.616,0.85252,0.85409,1.00,0.75
2013.12.24 19:56:29.151,0.85251,0.85409,1.00,0.75
2013.12.24 19:56:31.461,0.85252,0.85409,1.00,0.75
2013.12.24 19:56:32.012,0.85251,0.85409,1.00,0.75
2013.12.24 19:56:32.824,0.85253,0.85409,1.00,0.75
2013.12.24 19:56:39.638,0.85289,0.85378,2.25,2.25
2013.12.24 19:56:40.159,0.8529,0.85373,2.33,4.51
2013.12.24 19:56:47.782,0.85289,0.85373,2.33,4.51
2013.12.24 19:56:48.586,0.85288,0.85373,4.50,4.50
2013.12.24 19:56:53.240,0.85288,0.85371,2.33,4.51
2013.12.24 19:56:53.866,0.85287,0.85368,2.33,4.51
2013.12.24 19:57:31.528,0.85289,0.85368,2.33,2.33
2013.12.24 19:57:31.578,0.85289,0.85372,2.33,2.33
2013.12.24 19:58:31.586,0.85252,0.8541,1.00,0.75
2013.12.24 19:59:52.748,0.85253,0.8541,1.00,0.75
