2017.02.09 17:00:00.629,0.81317,0.81336,1.12,1.50
2017.02.09 17:00:01.182,0.81316,0.81335,1.50,1.00
2017.02.09 17:00:02.293,0.8132,0.81336,1.00,1.00
2017.02.09 17:00:02.645,0.81318,0.81336,1.00,1.50
2017.02.09 17:00:03.296,0.81317,0.81336,1.12,1.50
2017.02.09 17:00:03.915,0.8132,0.81336,1.00,1.50
2017.02.09 17:00:04.016,0.81318,0.81336,1.00,1.50
2017.02.09 17:00:04.268,0.8132,0.81336,1.00,1.00
2017.02.09 17:00:04.319,0.8132,0.81339,1.00,1.50
2017.02.09 17:00:04.521,0.8132,0.81338,1.00,1.60
2017.02.09 17:00:05.078,0.81319,0.81338,1.00,2.25
2017.02.09 17:00:07.340,0.8132,0.81338,1.00,1.50
2017.02.09 17:00:08.551,0.81316,0.81336,1.00,1.00
2017.02.09 17:00:09.072,0.81316,0.81335,1.00,1.00
2017.02.09 17:00:09.604,0.81315,0.81334,1.87,1.00
2017.02.09 17:00:09.957,0.81316,0.81336,1.00,1.00
2017.02.09 17:00:10.008,0.81315,0.81334,1.87,1.00
2017.02.09 17:00:10.586,0.81315,0.81334,1.50,1.50
2017.02.09 17:00:10.974,0.81317,0.81337,1.00,1.50
2017.02.09 17:00:11.076,0.81319,0.81337,1.00,1.00
2017.02.09 17:00:11.378,0.81317,0.81337,1.12,1.50
2017.02.09 17:00:11.905,0.81317,0.81336,1.00,1.00
2017.02.09 17:00:12.367,0.81319,0.81336,1.00,1.00
2017.02.09 17:00:12.417,0.81316,0.81336,1.50,1.50
2017.02.09 17:00:13.038,0.81316,0.81334,1.00,1.00
2017.02.09 17:00:13.633,0.81315,0.81333,1.50,1.50
2017.02.09 17:00:13.965,0.8132,0.81338,1.00,1.00
2017.02.09 17:00:14.486,0.81321,0.81339,1.00,1.12
2017.02.09 17:00:15.168,0.81322,0.8134,1.00,1.50
2017.02.09 17:00:15.674,0.81321,0.8134,1.00,1.50
2017.02.09 17:00:16.913,0.81319,0.8134,1.50,1.50
2017.02.09 17:00:18.032,0.8132,0.81338,1.00,1.00
2017.02.09 17:00:18.602,0.8132,0.81339,1.00,1.12
2017.02.09 17:00:19.147,0.8132,0.81338,1.00,1.00
2017.02.09 17:00:21.262,0.8132,0.81337,1.00,1.00
2017.02.09 17:00:21.313,0.81321,0.81339,1.00,1.12
2017.02.09 17:00:21.584,0.81325,0.81341,1.00,1.00
2017.02.09 17:00:21.769,0.81323,0.81341,1.00,1.00
2017.02.09 17:00:21.820,0.81321,0.81339,1.12,1.00
2017.02.09 17:00:22.324,0.8132,0.81337,1.00,1.00
2017.02.09 17:00:23.664,0.8132,0.81338,1.00,1.00
2017.02.09 17:00:24.249,0.8132,0.81337,1.00,1.00
2017.02.09 17:00:24.300,0.81317,0.81336,1.50,1.00
2017.02.09 17:00:24.817,0.81317,0.81335,1.00,1.00
2017.02.09 17:00:24.946,0.8132,0.81335,1.00,1.00
2017.02.09 17:00:25.496,0.8132,0.81336,1.00,1.50
2017.02.09 17:00:25.784,0.81316,0.81336,1.00,1.50
2017.02.09 17:00:27.927,0.81317,0.81336,1.00,1.50
2017.02.09 17:00:32.469,0.81317,0.81335,1.00,1.00
2017.02.09 17:00:32.571,0.81315,0.81333,1.12,1.00
2017.02.09 17:00:33.126,0.81315,0.81332,1.00,1.00
2017.02.09 17:00:33.919,0.81314,0.81332,1.00,1.00
2017.02.09 17:00:34.478,0.81315,0.81332,1.00,1.00
2017.02.09 17:00:35.139,0.81314,0.81332,1.00,1.00
2017.02.09 17:00:35.684,0.81315,0.81332,1.50,1.00
2017.02.09 17:00:36.165,0.81311,0.8133,1.50,1.50
2017.02.09 17:00:37.134,0.81311,0.81329,1.50,1.00
2017.02.09 17:00:37.239,0.81313,0.81331,1.00,1.00
2017.02.09 17:00:39.342,0.81311,0.81329,1.50,1.00
2017.02.09 17:00:40.064,0.81311,0.81329,1.00,1.00
2017.02.09 17:00:40.439,0.81309,0.81328,1.00,1.50
2017.02.09 17:00:41.281,0.81308,0.81327,1.12,1.00
2017.02.09 17:00:42.264,0.81308,0.81326,1.12,1.00
2017.02.09 17:00:43.471,0.8131,0.81326,1.00,1.00
2017.02.09 17:00:44.527,0.81308,0.81326,1.12,1.00
2017.02.09 17:00:44.620,0.8131,0.81326,1.00,1.00
2017.02.09 17:00:44.763,0.81308,0.81326,1.12,1.00
2017.02.09 17:00:45.296,0.81309,0.81327,1.00,1.00
2017.02.09 17:00:46.312,0.8131,0.81327,1.00,1.00
2017.02.09 17:00:46.418,0.81307,0.81328,1.50,1.50
2017.02.09 17:00:46.852,0.8131,0.81328,1.00,1.50
2017.02.09 17:00:47.922,0.81307,0.81328,1.50,1.50
2017.02.09 17:00:48.244,0.8131,0.81327,1.00,1.00
2017.02.09 17:00:48.825,0.81308,0.81327,1.12,1.00
2017.02.09 17:00:49.694,0.81308,0.81326,1.12,1.00
2017.02.09 17:00:49.846,0.8131,0.81328,1.00,2.25
2017.02.09 17:00:50.167,0.81315,0.81329,1.00,1.50
2017.02.09 17:00:50.709,0.81315,0.81332,1.00,1.00
2017.02.09 17:00:51.591,0.81315,0.81333,1.50,1.00
2017.02.09 17:00:52.138,0.81315,0.81334,1.50,1.00
2017.02.09 17:00:53.330,0.81315,0.81333,1.50,1.00
2017.02.09 17:00:53.381,0.81313,0.81331,1.50,1.00
2017.02.09 17:00:53.965,0.81315,0.81331,1.00,1.00
2017.02.09 17:00:54.603,0.81312,0.8133,1.00,1.00
2017.02.09 17:00:54.935,0.81315,0.8133,1.00,1.00
2017.02.09 17:00:55.510,0.81315,0.81331,1.00,1.00
2017.02.09 17:00:56.149,0.81314,0.81331,1.00,1.00
2017.02.09 17:00:56.672,0.81315,0.81332,1.00,1.00
2017.02.09 17:00:57.314,0.81315,0.81333,1.50,1.50
2017.02.09 17:00:58.523,0.81313,0.81331,1.50,1.00
2017.02.09 17:00:59.616,0.81313,0.81331,1.12,1.00
2017.02.09 17:01:00.210,0.81312,0.8133,1.00,1.00
2017.02.09 17:01:01.448,0.81313,0.81332,1.00,1.50
2017.02.09 17:01:02.211,0.81315,0.81333,1.00,1.00
2017.02.09 17:01:04.432,0.81314,0.81332,1.00,1.00
2017.02.09 17:01:05.399,0.81314,0.81333,1.00,1.12
2017.02.09 17:01:05.713,0.81316,0.81335,1.00,1.37
2017.02.09 17:01:06.156,0.81318,0.81336,1.00,1.87
2017.02.09 17:01:06.207,0.81315,0.81338,2.10,3.00
2017.02.09 17:01:06.258,0.81316,0.81332,1.00,1.00
2017.02.09 17:01:06.309,0.81316,0.81334,1.37,1.00
2017.02.09 17:01:06.466,0.81317,0.81336,1.12,1.35
2017.02.09 17:01:06.517,0.81322,0.81341,1.00,3.00
2017.02.09 17:01:06.831,0.8132,0.81339,1.00,1.00
2017.02.09 17:01:08.484,0.81319,0.81337,1.00,1.00
2017.02.09 17:01:09.024,0.8132,0.81338,1.00,1.00
2017.02.09 17:01:10.569,0.81318,0.81339,1.00,1.00
2017.02.09 17:01:12.052,0.81318,0.81336,1.00,1.00
2017.02.09 17:01:18.481,0.81316,0.81335,1.00,1.00
2017.02.09 17:01:19.206,0.81315,0.81334,1.87,2.10
2017.02.09 17:01:19.612,0.81317,0.81334,1.00,1.00
2017.02.09 17:01:19.915,0.81317,0.81333,1.00,1.60
2017.02.09 17:01:20.551,0.81316,0.81333,1.00,1.60
2017.02.09 17:01:22.543,0.81312,0.81333,2.25,2.85
2017.02.09 17:01:22.796,0.81312,0.8133,1.00,1.00
2017.02.09 17:01:24.040,0.81311,0.8133,1.12,1.00
2017.02.09 17:01:25.019,0.81311,0.81329,1.12,1.00
2017.02.09 17:01:26.404,0.81312,0.8133,1.00,1.00
2017.02.09 17:01:28.383,0.81312,0.81332,1.00,1.60
2017.02.09 17:01:28.433,0.81311,0.81329,1.12,1.00
2017.02.09 17:01:28.786,0.81308,0.81326,1.50,1.00
2017.02.09 17:01:28.837,0.81308,0.81326,1.12,1.00
2017.02.09 17:01:29.794,0.81308,0.81327,1.12,1.00
2017.02.09 17:01:30.973,0.8131,0.81328,1.00,1.00
2017.02.09 17:01:31.582,0.81307,0.81326,1.37,1.00
2017.02.09 17:01:32.541,0.81307,0.81325,1.37,1.00
2017.02.09 17:01:34.238,0.81305,0.81324,1.75,1.00
2017.02.09 17:01:34.288,0.81305,0.81324,1.37,1.00
2017.02.09 17:01:34.874,0.81305,0.81324,1.00,1.00
2017.02.09 17:01:35.423,0.81306,0.81324,1.00,1.00
2017.02.09 17:01:37.872,0.81306,0.81325,1.00,1.00
2017.02.09 17:01:38.614,0.81307,0.81325,1.12,1.00
2017.02.09 17:01:41.295,0.81305,0.81323,2.25,1.00
2017.02.09 17:01:41.446,0.81307,0.81326,1.12,1.00
2017.02.09 17:01:41.648,0.8131,0.81326,1.00,1.00
2017.02.09 17:01:41.886,0.81308,0.81326,1.00,1.00
2017.02.09 17:01:42.492,0.81307,0.81325,1.12,1.00
2017.02.09 17:01:44.098,0.8131,0.81325,1.00,1.00
2017.02.09 17:01:44.484,0.8131,0.81328,1.00,1.00
2017.02.09 17:01:45.029,0.81311,0.81329,1.12,1.00
2017.02.09 17:01:47.528,0.8131,0.81326,1.50,1.00
2017.02.09 17:01:47.630,0.81307,0.81326,1.12,1.00
2017.02.09 17:01:48.183,0.8131,0.81326,1.00,1.12
2017.02.09 17:01:48.727,0.8131,0.81325,1.00,1.00
2017.02.09 17:01:49.368,0.8131,0.81326,1.00,1.00
2017.02.09 17:01:49.698,0.81307,0.81325,1.12,1.00
2017.02.09 17:01:50.229,0.81308,0.81327,1.00,1.00
2017.02.09 17:01:50.331,0.8131,0.81327,1.00,1.00
2017.02.09 17:01:50.633,0.81308,0.81326,1.00,1.00
2017.02.09 17:01:50.964,0.81306,0.81322,1.50,1.00
2017.02.09 17:01:51.115,0.81303,0.8132,1.00,1.00
2017.02.09 17:01:51.546,0.81301,0.8132,1.12,1.00
2017.02.09 17:01:52.091,0.81301,0.81319,1.12,1.00
2017.02.09 17:01:52.424,0.81302,0.81322,1.00,1.50
2017.02.09 17:01:53.399,0.81302,0.81321,1.00,1.00
2017.02.09 17:01:53.913,0.81302,0.8132,1.00,1.00
2017.02.09 17:01:55.635,0.81301,0.81319,1.12,1.00
2017.02.09 17:01:58.215,0.813,0.81319,1.00,1.00
2017.02.09 17:01:58.732,0.813,0.81318,1.50,1.00
2017.02.09 17:01:59.692,0.813,0.8132,1.50,1.00
2017.02.09 17:02:02.835,0.81302,0.8132,1.00,1.00
2017.02.09 17:02:05.628,0.81304,0.81322,1.00,1.00
2017.02.09 17:02:06.162,0.81305,0.81322,1.00,1.00
2017.02.09 17:02:06.671,0.81304,0.81322,1.00,1.00
2017.02.09 17:02:07.252,0.81303,0.81322,1.00,1.00
2017.02.09 17:02:07.773,0.81302,0.81321,1.00,1.00
2017.02.09 17:02:08.282,0.81301,0.8132,1.12,1.00
2017.02.09 17:02:08.603,0.81303,0.81321,1.00,1.00
2017.02.09 17:02:10.682,0.81302,0.8132,1.00,1.00
2017.02.09 17:02:13.918,0.81302,0.8132,1.50,1.00
2017.02.09 17:02:14.578,0.81303,0.81321,1.37,1.00
2017.02.09 17:02:14.880,0.81302,0.81321,1.00,1.12
2017.02.09 17:02:16.402,0.81305,0.81322,1.00,1.00
2017.02.09 17:02:16.504,0.81306,0.81324,1.00,1.87
2017.02.09 17:02:16.728,0.81302,0.8132,1.37,1.00
2017.02.09 17:02:16.778,0.81302,0.8132,1.00,1.00
2017.02.09 17:02:16.930,0.81304,0.81322,1.00,1.00
2017.02.09 17:02:17.443,0.81305,0.81324,1.87,1.00
2017.02.09 17:02:18.471,0.813,0.8132,4.50,1.00
2017.02.09 17:02:18.673,0.81301,0.81319,1.50,1.00
2017.02.09 17:02:19.830,0.81302,0.8132,1.12,1.50
2017.02.09 17:02:20.811,0.813,0.8132,1.50,1.00
2017.02.09 17:02:22.219,0.81302,0.8132,1.00,1.00
2017.02.09 17:02:23.232,0.81303,0.8132,1.00,1.00
2017.02.09 17:02:23.570,0.81305,0.81322,1.00,1.00
2017.02.09 17:02:23.823,0.81302,0.81321,1.12,1.00
2017.02.09 17:02:24.511,0.81301,0.8132,1.00,1.00
2017.02.09 17:02:25.689,0.81301,0.81319,1.00,1.00
2017.02.09 17:02:26.202,0.81302,0.8132,1.00,1.50
2017.02.09 17:02:28.352,0.813,0.81319,1.00,1.00
2017.02.09 17:02:28.503,0.81296,0.81312,1.75,1.00
2017.02.09 17:02:28.705,0.81297,0.81314,1.00,1.00
2017.02.09 17:02:28.807,0.81299,0.81317,1.00,1.12
2017.02.09 17:02:29.231,0.81297,0.81315,1.75,1.00
2017.02.09 17:02:29.433,0.81296,0.81315,1.12,1.00
2017.02.09 17:02:29.484,0.81295,0.81312,1.50,1.00
2017.02.09 17:02:29.955,0.81295,0.81314,2.25,1.50
2017.02.09 17:02:30.460,0.81297,0.81315,1.00,1.00
2017.02.09 17:02:31.007,0.81297,0.81316,1.00,1.00
2017.02.09 17:02:31.221,0.813,0.81316,1.00,1.00
2017.02.09 17:02:31.322,0.813,0.81318,1.00,1.12
2017.02.09 17:02:31.782,0.81302,0.81321,1.00,1.50
2017.02.09 17:02:32.355,0.81301,0.8132,1.00,1.00
2017.02.09 17:02:33.355,0.81302,0.8132,1.00,1.00
2017.02.09 17:02:34.980,0.81301,0.81322,1.00,1.12
2017.02.09 17:02:36.562,0.81302,0.8132,1.00,1.00
2017.02.09 17:02:37.516,0.81303,0.81321,1.00,1.00
2017.02.09 17:02:37.745,0.81301,0.81321,1.00,1.00
2017.02.09 17:02:37.847,0.81301,0.81319,1.00,1.00
2017.02.09 17:02:38.201,0.81303,0.81321,1.00,1.00
2017.02.09 17:02:38.555,0.81305,0.81321,1.00,1.00
2017.02.09 17:02:39.086,0.81305,0.81322,1.00,1.00
2017.02.09 17:02:42.606,0.81305,0.81321,1.00,1.00
2017.02.09 17:02:43.041,0.813,0.81319,3.00,1.00
2017.02.09 17:02:43.143,0.81301,0.8132,1.00,1.00
2017.02.09 17:02:43.344,0.81304,0.81322,1.00,1.12
2017.02.09 17:02:44.293,0.81304,0.81323,1.00,1.00
2017.02.09 17:02:45.503,0.81305,0.81323,1.00,1.00
2017.02.09 17:02:46.295,0.81304,0.81323,1.00,1.00
2017.02.09 17:02:47.031,0.81303,0.81321,1.12,1.00
2017.02.09 17:02:48.778,0.81301,0.81319,1.75,1.00
2017.02.09 17:02:49.037,0.81301,0.8132,1.00,1.00
2017.02.09 17:02:49.810,0.81302,0.8132,1.00,1.00
2017.02.09 17:02:52.870,0.81303,0.81322,1.00,1.72
2017.02.09 17:02:52.920,0.81305,0.81322,1.00,1.72
2017.02.09 17:02:55.392,0.81305,0.81323,1.50,1.00
2017.02.09 17:02:57.515,0.81306,0.81324,1.00,1.50
2017.02.09 17:02:57.817,0.81305,0.81323,1.87,1.00
2017.02.09 17:02:57.868,0.81305,0.81323,1.50,1.00
2017.02.09 17:02:58.516,0.81305,0.81322,1.00,1.00
2017.02.09 17:02:59.965,0.81305,0.81325,1.50,1.50
2017.02.09 17:03:00.060,0.8131,0.81328,1.00,1.50
2017.02.09 17:03:00.363,0.81312,0.8133,1.00,1.50
2017.02.09 17:03:01.003,0.8131,0.81329,2.25,1.00
2017.02.09 17:03:01.511,0.81308,0.81328,1.75,1.00
2017.02.09 17:03:01.612,0.81306,0.81326,2.25,1.00
2017.02.09 17:03:02.130,0.81308,0.81327,1.12,1.00
2017.02.09 17:03:02.650,0.81309,0.81327,1.00,1.00
2017.02.09 17:03:04.768,0.81309,0.81328,1.50,1.00
2017.02.09 17:03:06.790,0.8131,0.81328,1.00,1.00
2017.02.09 17:03:09.255,0.81308,0.81327,1.12,1.00
2017.02.09 17:03:09.457,0.8131,0.81327,1.00,1.00
2017.02.09 17:03:09.965,0.81309,0.81327,1.00,1.00
2017.02.09 17:03:10.577,0.8131,0.81328,1.00,1.00
2017.02.09 17:03:16.270,0.8131,0.8133,1.00,1.87
2017.02.09 17:03:17.258,0.81311,0.81329,1.00,1.00
2017.02.09 17:03:18.241,0.8131,0.81329,1.00,1.00
2017.02.09 17:03:21.801,0.81311,0.81329,1.00,1.00
2017.02.09 17:03:24.093,0.8131,0.81328,1.00,1.00
2017.02.09 17:03:24.144,0.81312,0.8133,1.00,1.50
2017.02.09 17:03:25.812,0.81311,0.81329,1.00,1.00
2017.02.09 17:03:26.839,0.8131,0.81329,1.00,1.00
2017.02.09 17:03:28.474,0.81311,0.81329,1.00,1.00
2017.02.09 17:03:29.605,0.8131,0.81329,1.00,1.00
2017.02.09 17:03:29.908,0.81306,0.81325,1.00,1.12
2017.02.09 17:03:30.837,0.81307,0.81325,1.00,1.12
2017.02.09 17:03:36.595,0.81306,0.81324,1.00,1.00
2017.02.09 17:03:39.599,0.81309,0.81328,1.00,3.00
2017.02.09 17:03:39.851,0.81309,0.81328,1.00,1.00
2017.02.09 17:03:40.605,0.8131,0.81328,1.00,1.00
2017.02.09 17:03:40.921,0.81307,0.81328,1.12,1.00
2017.02.09 17:03:41.223,0.81309,0.81327,1.00,1.00
2017.02.09 17:03:41.915,0.8131,0.81328,1.00,1.00
2017.02.09 17:03:42.869,0.8131,0.81329,1.50,1.12
2017.02.09 17:03:43.825,0.81311,0.81329,1.00,1.12
2017.02.09 17:03:44.825,0.8131,0.81328,1.00,1.00
2017.02.09 17:03:45.227,0.81306,0.81324,1.50,1.00
2017.02.09 17:03:45.479,0.81305,0.81323,1.00,1.00
2017.02.09 17:03:46.069,0.81306,0.81324,1.00,1.00
2017.02.09 17:03:47.480,0.81305,0.81324,1.50,1.00
2017.02.09 17:03:48.193,0.81306,0.81324,1.00,1.00
2017.02.09 17:03:48.631,0.81307,0.81326,1.00,1.87
2017.02.09 17:03:48.732,0.81309,0.81327,1.50,1.50
2017.02.09 17:03:48.900,0.81311,0.8133,1.00,2.25
2017.02.09 17:03:49.507,0.8131,0.81328,1.12,1.00
2017.02.09 17:03:50.285,0.81312,0.81331,1.00,2.10
2017.02.09 17:03:50.597,0.81315,0.81333,1.50,1.50
2017.02.09 17:03:51.137,0.81315,0.81333,1.50,1.00
2017.02.09 17:03:51.638,0.81315,0.81334,1.50,1.00
2017.02.09 17:03:52.561,0.81315,0.81333,1.50,1.00
2017.02.09 17:03:55.440,0.81316,0.81334,1.00,1.00
2017.02.09 17:03:59.464,0.81315,0.81334,1.50,1.00
2017.02.09 17:04:02.035,0.81315,0.8133,1.50,1.00
2017.02.09 17:04:04.456,0.81315,0.81328,1.50,1.00
2017.02.09 17:04:06.042,0.81316,0.81328,1.00,1.00
2017.02.09 17:04:06.539,0.81313,0.81327,1.12,1.00
2017.02.09 17:04:07.728,0.81314,0.81327,1.00,1.00
2017.02.09 17:04:07.779,0.81315,0.81329,1.00,1.00
2017.02.09 17:04:07.924,0.81314,0.81327,1.00,1.00
2017.02.09 17:04:08.722,0.81313,0.81327,1.12,1.00
2017.02.09 17:04:08.874,0.81311,0.81331,1.37,2.85
2017.02.09 17:04:08.925,0.81311,0.81331,1.00,3.22
2017.02.09 17:04:09.642,0.81311,0.81328,1.00,1.00
2017.02.09 17:04:10.169,0.81312,0.81328,1.00,1.00
2017.02.09 17:04:10.898,0.81311,0.81328,1.00,1.00
2017.02.09 17:04:12.306,0.8131,0.81328,1.00,1.00
2017.02.09 17:04:18.378,0.81309,0.81328,1.12,1.00
2017.02.09 17:04:20.115,0.8131,0.81328,1.00,1.00
2017.02.09 17:04:20.290,0.8131,0.8133,1.00,1.00
2017.02.09 17:04:20.391,0.81312,0.8133,1.00,1.00
2017.02.09 17:04:20.901,0.81311,0.81329,1.00,1.00
2017.02.09 17:04:23.714,0.81311,0.81331,1.00,1.87
2017.02.09 17:04:25.210,0.81312,0.81331,1.00,1.87
2017.02.09 17:04:26.231,0.81312,0.8133,1.12,1.00
2017.02.09 17:04:26.886,0.81312,0.81329,1.12,1.00
2017.02.09 17:04:27.499,0.81311,0.81329,1.00,1.00
2017.02.09 17:04:32.568,0.81312,0.81329,1.00,1.00
2017.02.09 17:04:34.936,0.81311,0.81329,1.00,1.50
2017.02.09 17:04:38.781,0.81315,0.81329,1.00,1.50
2017.02.09 17:04:45.854,0.8132,0.81329,1.00,1.50
2017.02.09 17:04:46.199,0.81315,0.81329,1.00,1.50
2017.02.09 17:04:47.393,0.81315,0.81334,1.50,1.75
2017.02.09 17:04:47.605,0.8132,0.81332,1.00,1.50
2017.02.09 17:04:48.131,0.8132,0.81332,1.00,1.00
2017.02.09 17:04:48.899,0.8132,0.81333,1.00,1.00
2017.02.09 17:04:49.452,0.8132,0.81334,1.00,1.12
2017.02.09 17:04:50.415,0.81316,0.81334,1.00,1.12
2017.02.09 17:04:53.892,0.8132,0.81334,1.00,1.12
2017.02.09 17:04:54.014,0.81316,0.81334,1.00,1.12
2017.02.09 17:04:54.222,0.81319,0.81334,1.00,1.12
2017.02.09 17:04:54.323,0.81316,0.81334,1.00,1.12
2017.02.09 17:04:54.374,0.81314,0.81333,1.50,1.00
2017.02.09 17:04:54.424,0.81313,0.8133,1.00,1.00
2017.02.09 17:04:54.752,0.81315,0.81329,1.00,1.75
2017.02.09 17:04:55.055,0.8132,0.81332,1.00,1.50
2017.02.09 17:04:55.362,0.8132,0.81332,1.00,2.25
2017.02.09 17:04:56.446,0.81315,0.81332,1.00,2.25
2017.02.09 17:04:56.547,0.8132,0.81332,1.00,2.25
2017.02.09 17:04:56.597,0.81315,0.81329,1.00,1.00
2017.02.09 17:04:58.411,0.81315,0.81332,1.00,2.25
2017.02.09 17:04:58.462,0.8132,0.81332,1.00,3.00
2017.02.09 17:04:58.664,0.8132,0.81332,1.00,2.25
2017.02.09 17:04:59.173,0.81319,0.81333,1.00,1.00
2017.02.09 17:04:59.718,0.8132,0.81333,1.00,1.00
2017.02.09 17:05:00.953,0.8132,0.81332,1.00,1.00
2017.02.09 17:05:01.054,0.81315,0.81331,1.00,1.00
2017.02.09 17:05:01.155,0.81315,0.81333,1.00,2.25
2017.02.09 17:05:01.256,0.81315,0.81333,1.00,3.00
2017.02.09 17:05:02.757,0.81319,0.81332,1.00,1.50
2017.02.09 17:05:02.959,0.81315,0.81328,1.00,1.00
2017.02.09 17:05:03.618,0.81315,0.81327,1.00,1.00
2017.02.09 17:05:05.732,0.81315,0.81328,1.00,1.87
2017.02.09 17:05:06.560,0.81315,0.81326,1.00,1.00
2017.02.09 17:05:08.385,0.8131,0.81326,1.00,1.50
2017.02.09 17:05:08.436,0.8131,0.81325,1.00,1.45
2017.02.09 17:05:08.488,0.8131,0.81326,1.00,1.00
2017.02.09 17:05:08.992,0.8131,0.81325,1.00,1.00
2017.02.09 17:05:09.461,0.81314,0.81325,1.00,1.87
2017.02.09 17:05:09.677,0.8131,0.81325,1.00,1.87
2017.02.09 17:05:10.688,0.8131,0.81324,1.00,1.00
2017.02.09 17:05:11.631,0.8131,0.81325,1.00,1.87
2017.02.09 17:05:12.261,0.8131,0.81324,1.00,1.00
2017.02.09 17:05:13.077,0.8131,0.81325,1.00,1.12
2017.02.09 17:05:14.793,0.8131,0.81324,1.00,1.00
2017.02.09 17:05:15.802,0.8131,0.81325,1.00,1.00
2017.02.09 17:05:16.334,0.8131,0.81324,1.00,1.00
2017.02.09 17:05:18.134,0.8131,0.81326,1.00,1.00
2017.02.09 17:05:18.236,0.81315,0.81327,1.00,1.50
2017.02.09 17:05:18.918,0.8131,0.81327,1.00,1.00
2017.02.09 17:05:19.873,0.81314,0.81326,1.00,1.00
2017.02.09 17:05:19.924,0.8131,0.81326,1.00,1.00
2017.02.09 17:05:22.268,0.8131,0.81326,1.00,1.45
2017.02.09 17:05:25.113,0.81309,0.81324,1.00,1.95
2017.02.09 17:05:25.583,0.81307,0.81324,1.00,1.00
2017.02.09 17:05:26.100,0.81305,0.81324,2.25,1.50
2017.02.09 17:05:26.205,0.8131,0.81324,1.00,1.50
2017.02.09 17:05:26.407,0.813,0.81318,1.75,1.00
2017.02.09 17:05:26.458,0.81305,0.81318,1.00,1.45
2017.02.09 17:05:27.640,0.81305,0.8132,1.00,1.00
2017.02.09 17:05:27.791,0.81305,0.81322,1.00,1.50
2017.02.09 17:05:28.321,0.81304,0.81322,1.00,1.50
2017.02.09 17:05:28.842,0.81304,0.81321,1.00,1.00
2017.02.09 17:05:29.387,0.81305,0.8132,1.00,1.00
2017.02.09 17:05:30.200,0.81305,0.81321,1.00,1.00
2017.02.09 17:05:32.108,0.81305,0.8132,1.00,1.00
2017.02.09 17:05:33.566,0.81305,0.81321,1.00,1.00
2017.02.09 17:05:36.030,0.8131,0.81322,1.00,1.00
2017.02.09 17:05:36.080,0.8131,0.81324,1.00,1.12
2017.02.09 17:05:36.333,0.81306,0.81325,1.12,2.25
2017.02.09 17:05:36.887,0.81305,0.81323,1.50,1.00
2017.02.09 17:05:38.657,0.8131,0.81324,1.00,1.00
2017.02.09 17:05:38.960,0.81315,0.81325,1.00,1.87
2017.02.09 17:05:39.132,0.8131,0.81325,1.00,3.37
2017.02.09 17:05:39.591,0.8131,0.81319,1.00,1.00
2017.02.09 17:05:40.218,0.8131,0.8132,1.00,1.00
2017.02.09 17:05:40.732,0.81309,0.8132,1.00,1.00
2017.02.09 17:05:41.442,0.81309,0.81319,1.00,1.00
2017.02.09 17:05:42.620,0.8131,0.81319,1.00,1.00
2017.02.09 17:05:42.671,0.8131,0.81321,1.00,1.00
2017.02.09 17:05:42.845,0.8131,0.81315,1.00,1.00
2017.02.09 17:05:42.997,0.8131,0.81319,1.00,1.00
2017.02.09 17:05:43.048,0.81305,0.81319,1.00,1.00
2017.02.09 17:05:43.199,0.8131,0.81319,1.00,1.00
2017.02.09 17:05:43.250,0.81305,0.81319,1.00,1.00
2017.02.09 17:05:45.283,0.81309,0.8132,1.00,1.00
2017.02.09 17:05:45.334,0.81309,0.81322,1.00,1.00
2017.02.09 17:05:45.435,0.81309,0.8132,1.00,1.00
2017.02.09 17:05:45.486,0.81309,0.81325,1.00,3.37
2017.02.09 17:05:45.570,0.81309,0.81323,1.00,1.00
2017.02.09 17:05:46.087,0.8131,0.81323,1.00,1.00
2017.02.09 17:05:46.952,0.81305,0.81322,1.00,1.00
2017.02.09 17:05:47.527,0.81305,0.81323,1.50,1.00
2017.02.09 17:05:48.062,0.81305,0.81322,1.00,1.95
2017.02.09 17:05:50.613,0.8131,0.81322,1.00,1.00
2017.02.09 17:05:50.663,0.81306,0.81322,1.00,1.00
2017.02.09 17:05:51.064,0.81305,0.81324,1.00,1.00
2017.02.09 17:05:51.441,0.8131,0.81324,1.00,1.00
2017.02.09 17:05:51.851,0.81305,0.81324,1.50,1.00
2017.02.09 17:05:52.016,0.8131,0.81324,1.00,1.00
2017.02.09 17:05:53.316,0.81304,0.8132,1.75,1.00
2017.02.09 17:05:53.468,0.81304,0.8132,1.00,1.00
2017.02.09 17:05:53.992,0.81305,0.8132,1.00,1.00
2017.02.09 17:05:54.774,0.81305,0.81321,1.00,1.00
2017.02.09 17:05:55.367,0.81304,0.81321,1.00,1.00
2017.02.09 17:05:55.885,0.81305,0.81318,1.00,1.00
2017.02.09 17:05:56.846,0.81305,0.81319,1.00,1.00
2017.02.09 17:05:58.091,0.81305,0.81318,1.00,1.00
2017.02.09 17:05:58.749,0.81305,0.81315,1.00,1.00
2017.02.09 17:05:58.862,0.813,0.81316,1.00,1.00
2017.02.09 17:05:58.913,0.81305,0.81316,1.00,1.00
2017.02.09 17:05:59.166,0.813,0.81316,1.00,1.00
2017.02.09 17:05:59.726,0.813,0.81317,1.00,1.20
2017.02.09 17:06:00.388,0.813,0.81316,1.00,1.00
2017.02.09 17:06:00.604,0.81304,0.81316,1.00,1.00
2017.02.09 17:06:01.058,0.813,0.81317,1.00,1.20
2017.02.09 17:06:01.209,0.81305,0.81317,1.00,1.20
2017.02.09 17:06:03.821,0.813,0.81317,1.50,1.00
2017.02.09 17:06:04.016,0.81305,0.81317,1.00,1.00
2017.02.09 17:06:04.218,0.813,0.81313,1.12,1.00
2017.02.09 17:06:04.739,0.81299,0.81313,1.00,1.00
2017.02.09 17:06:06.343,0.813,0.81313,1.00,1.00
2017.02.09 17:06:06.494,0.81305,0.81315,1.00,1.00
2017.02.09 17:06:06.661,0.813,0.81316,1.00,1.45
2017.02.09 17:06:07.267,0.81299,0.81314,1.00,1.20
2017.02.09 17:06:07.817,0.813,0.81315,1.00,1.00
2017.02.09 17:06:08.347,0.813,0.81314,1.00,1.00
2017.02.09 17:06:08.854,0.81295,0.81313,2.25,1.00
2017.02.09 17:06:09.056,0.813,0.81313,1.00,1.00
2017.02.09 17:06:09.208,0.81295,0.81313,2.25,1.00
2017.02.09 17:06:09.803,0.81296,0.81312,1.12,1.00
2017.02.09 17:06:09.856,0.81296,0.81314,1.12,1.00
2017.02.09 17:06:09.917,0.81296,0.81312,1.12,1.00
2017.02.09 17:06:10.018,0.81296,0.81314,1.12,2.25
2017.02.09 17:06:10.119,0.813,0.81314,1.00,1.00
2017.02.09 17:06:11.393,0.813,0.81312,1.00,1.00
2017.02.09 17:06:12.115,0.813,0.81313,1.00,1.00
2017.02.09 17:06:20.908,0.81295,0.81313,2.25,1.00
2017.02.09 17:06:21.083,0.813,0.81316,1.00,1.50
2017.02.09 17:06:21.287,0.81315,0.81334,2.10,1.00
2017.02.09 17:06:21.390,0.81315,0.81331,1.00,1.00
2017.02.09 17:06:21.441,0.81314,0.81333,1.12,1.00
2017.02.09 17:06:21.542,0.81315,0.81335,1.00,2.25
2017.02.09 17:06:21.592,0.81315,0.8133,1.00,1.00
2017.02.09 17:06:21.643,0.8131,0.81331,1.87,1.12
2017.02.09 17:06:21.734,0.8131,0.81328,1.12,1.00
2017.02.09 17:06:22.449,0.81309,0.81327,1.00,1.00
2017.02.09 17:06:24.324,0.81309,0.81325,1.00,1.00
2017.02.09 17:06:24.698,0.81305,0.81326,2.25,1.00
2017.02.09 17:06:24.800,0.81306,0.81328,1.50,1.12
2017.02.09 17:06:24.851,0.8131,0.81328,1.00,1.87
2017.02.09 17:06:25.420,0.8131,0.81327,1.00,1.00
2017.02.09 17:06:26.218,0.8131,0.81326,1.00,1.00
2017.02.09 17:06:26.935,0.8131,0.81325,1.00,1.00
2017.02.09 17:06:26.986,0.8131,0.81327,1.00,1.50
2017.02.09 17:06:27.491,0.8131,0.81326,1.00,1.00
2017.02.09 17:06:28.016,0.8131,0.81324,1.00,1.00
2017.02.09 17:06:28.554,0.8131,0.81325,1.00,1.00
2017.02.09 17:06:29.084,0.8131,0.81326,1.00,1.00
2017.02.09 17:06:33.730,0.8131,0.81328,1.00,1.12
2017.02.09 17:06:35.316,0.81314,0.81328,1.00,1.00
2017.02.09 17:06:35.374,0.8131,0.81328,1.87,1.00
2017.02.09 17:06:36.308,0.81315,0.81328,1.00,1.00
2017.02.09 17:06:37.248,0.8131,0.81328,1.87,1.00
2017.02.09 17:06:40.600,0.81315,0.81331,1.00,1.12
2017.02.09 17:06:41.105,0.81315,0.81332,1.00,1.00
2017.02.09 17:06:41.562,0.81314,0.81329,1.00,1.00
2017.02.09 17:06:42.550,0.81315,0.81327,1.00,1.00
2017.02.09 17:06:44.850,0.81309,0.81327,1.50,1.00
2017.02.09 17:06:44.952,0.81309,0.81324,1.50,1.00
2017.02.09 17:06:46.575,0.81306,0.81324,1.00,1.50
2017.02.09 17:06:47.407,0.81305,0.81323,1.00,1.00
2017.02.09 17:06:47.508,0.81303,0.81321,1.75,1.00
2017.02.09 17:06:47.644,0.81303,0.81321,1.37,1.00
2017.02.09 17:06:47.707,0.81305,0.81323,1.00,1.00
2017.02.09 17:06:48.191,0.81307,0.81325,1.00,1.50
2017.02.09 17:06:48.493,0.81309,0.81327,1.12,1.00
2017.02.09 17:06:48.796,0.81309,0.81325,1.12,1.00
2017.02.09 17:06:52.501,0.81308,0.81326,1.50,1.00
2017.02.09 17:06:53.135,0.81308,0.81325,1.12,1.00
2017.02.09 17:06:53.741,0.81307,0.81325,1.00,1.50
2017.02.09 17:06:54.681,0.81308,0.81325,1.00,1.00
2017.02.09 17:06:54.732,0.81308,0.81327,1.00,1.00
2017.02.09 17:06:57.446,0.81308,0.81325,1.00,1.00
2017.02.09 17:06:59.291,0.81308,0.81326,1.00,1.00
2017.02.09 17:06:59.528,0.81309,0.81328,1.00,1.12
2017.02.09 17:07:00.054,0.81308,0.81327,1.00,1.00
2017.02.09 17:07:01.440,0.8131,0.81328,1.00,1.12
2017.02.09 17:07:01.991,0.81309,0.81328,1.00,1.12
2017.02.09 17:07:02.617,0.81308,0.81326,1.00,1.00
2017.02.09 17:07:03.159,0.81308,0.81325,1.00,1.00
2017.02.09 17:07:03.488,0.81302,0.8132,1.37,1.00
2017.02.09 17:07:03.538,0.81302,0.8132,1.00,1.00
2017.02.09 17:07:03.791,0.81302,0.81323,1.00,1.50
2017.02.09 17:07:04.551,0.81304,0.81323,1.00,1.50
2017.02.09 17:07:05.198,0.81304,0.81323,1.50,1.00
2017.02.09 17:07:08.645,0.81302,0.81321,1.75,1.00
2017.02.09 17:07:08.746,0.81301,0.8132,1.12,1.00
2017.02.09 17:07:11.258,0.813,0.81321,2.25,1.00
2017.02.09 17:07:12.325,0.813,0.8132,1.50,1.00
2017.02.09 17:07:12.839,0.813,0.81321,1.50,1.00
2017.02.09 17:07:13.638,0.81301,0.81319,1.12,1.00
2017.02.09 17:07:13.979,0.81304,0.81324,1.50,1.00
2017.02.09 17:07:14.825,0.81305,0.81323,1.12,1.00
2017.02.09 17:07:15.281,0.81306,0.81327,1.50,1.50
2017.02.09 17:07:15.332,0.81308,0.81327,1.00,1.50
2017.02.09 17:07:15.686,0.8131,0.8133,1.00,1.00
2017.02.09 17:07:15.738,0.8131,0.8133,1.00,1.37
2017.02.09 17:07:15.889,0.8131,0.8133,1.00,1.00
2017.02.09 17:07:15.990,0.81309,0.81327,1.00,1.00
2017.02.09 17:07:16.951,0.81309,0.81328,1.00,1.00
2017.02.09 17:07:17.753,0.81308,0.81327,1.50,1.00
2017.02.09 17:07:18.233,0.8131,0.81329,1.00,1.00
2017.02.09 17:07:18.558,0.8131,0.8133,1.75,1.00
2017.02.09 17:07:19.533,0.81312,0.81331,1.12,1.00
2017.02.09 17:07:20.036,0.81312,0.8133,1.12,1.00
2017.02.09 17:07:21.109,0.81312,0.81331,1.12,1.00
2017.02.09 17:07:22.513,0.81313,0.81331,1.00,1.00
2017.02.09 17:07:22.564,0.81314,0.81334,1.50,1.50
2017.02.09 17:07:22.614,0.81316,0.81335,1.00,2.25
2017.02.09 17:07:22.862,0.81311,0.81333,1.12,1.00
2017.02.09 17:07:23.639,0.81311,0.81331,1.12,1.00
2017.02.09 17:07:24.419,0.81313,0.81333,1.50,1.00
2017.02.09 17:07:25.295,0.81313,0.81332,1.00,1.00
2017.02.09 17:07:26.288,0.81314,0.81334,1.00,1.00
2017.02.09 17:07:27.623,0.81316,0.81335,1.00,1.12
2017.02.09 17:07:27.925,0.81318,0.81335,1.00,1.00
2017.02.09 17:07:28.327,0.81315,0.81334,1.12,1.00
2017.02.09 17:07:28.675,0.81314,0.81332,1.00,1.00
2017.02.09 17:07:29.018,0.81312,0.81329,1.00,1.00
2017.02.09 17:07:29.069,0.8131,0.81329,1.00,1.00
2017.02.09 17:07:30.088,0.8131,0.81328,1.00,1.00
2017.02.09 17:07:30.630,0.8131,0.81329,1.00,1.00
2017.02.09 17:07:31.081,0.81312,0.8133,1.00,1.87
2017.02.09 17:07:32.500,0.81312,0.81331,1.00,1.50
2017.02.09 17:07:33.004,0.81313,0.81331,1.00,1.00
2017.02.09 17:07:33.529,0.81312,0.8133,1.00,1.50
2017.02.09 17:07:34.259,0.81309,0.8133,1.75,1.50
2017.02.09 17:07:35.065,0.81308,0.81328,1.75,1.00
2017.02.09 17:07:35.620,0.81309,0.81329,1.75,1.00
2017.02.09 17:07:36.149,0.81308,0.81328,1.75,1.00
2017.02.09 17:07:36.200,0.81308,0.81328,1.12,1.00
2017.02.09 17:07:37.835,0.81309,0.81327,1.00,1.00
2017.02.09 17:07:38.374,0.8131,0.81328,1.50,1.00
2017.02.09 17:07:38.888,0.8131,0.81327,1.00,1.00
2017.02.09 17:07:40.214,0.8131,0.81328,1.50,1.00
2017.02.09 17:07:40.875,0.81311,0.81329,1.00,1.12
2017.02.09 17:07:40.997,0.81309,0.81328,1.00,1.00
2017.02.09 17:07:41.647,0.81309,0.81327,1.00,1.00
2017.02.09 17:07:42.260,0.81308,0.81327,1.12,1.00
2017.02.09 17:07:42.994,0.81309,0.81327,1.00,1.00
2017.02.09 17:07:44.810,0.81308,0.81326,1.12,1.00
2017.02.09 17:07:45.846,0.81307,0.81328,1.50,1.00
2017.02.09 17:07:48.334,0.81308,0.81326,1.12,1.00
2017.02.09 17:07:50.453,0.81309,0.81327,1.00,1.00
2017.02.09 17:07:51.423,0.81308,0.81327,1.87,1.00
2017.02.09 17:07:51.927,0.81308,0.81327,1.75,1.00
2017.02.09 17:07:52.099,0.81308,0.81327,1.50,1.00
2017.02.09 17:07:52.792,0.81308,0.81327,1.12,1.00
2017.02.09 17:07:55.950,0.81309,0.81328,1.00,1.00
2017.02.09 17:07:56.973,0.8131,0.81328,1.00,1.00
2017.02.09 17:07:57.441,0.81309,0.81326,1.00,1.00
2017.02.09 17:07:57.923,0.81312,0.81331,1.00,2.25
2017.02.09 17:07:57.974,0.81314,0.81331,1.00,1.00
2017.02.09 17:07:58.075,0.81311,0.8133,1.87,1.00
2017.02.09 17:08:00.151,0.81311,0.81329,1.12,1.00
2017.02.09 17:08:00.654,0.81312,0.8133,1.00,1.00
2017.02.09 17:08:01.330,0.81312,0.81331,1.00,1.00
2017.02.09 17:08:01.878,0.81311,0.8133,1.12,1.00
2017.02.09 17:08:02.432,0.81311,0.81329,1.12,1.00
2017.02.09 17:08:03.020,0.8131,0.81328,2.25,1.00
2017.02.09 17:08:03.542,0.8131,0.81329,1.50,1.00
2017.02.09 17:08:03.795,0.81313,0.81332,1.00,1.12
2017.02.09 17:08:03.897,0.81313,0.8133,1.00,1.00
2017.02.09 17:08:04.402,0.81313,0.81329,1.00,1.00
2017.02.09 17:08:04.508,0.81311,0.81329,1.00,1.00
2017.02.09 17:08:05.913,0.8131,0.81329,1.50,1.00
2017.02.09 17:08:07.125,0.81311,0.8133,1.00,1.00
2017.02.09 17:08:07.277,0.81311,0.8133,1.37,1.00
2017.02.09 17:08:07.818,0.81313,0.81331,1.50,1.00
2017.02.09 17:08:08.360,0.81313,0.8133,1.50,1.00
2017.02.09 17:08:08.510,0.81313,0.81332,1.50,1.00
2017.02.09 17:08:08.583,0.81312,0.8133,1.75,1.00
2017.02.09 17:08:10.323,0.81314,0.81332,1.12,1.00
2017.02.09 17:08:12.304,0.81315,0.81334,1.00,1.50
2017.02.09 17:08:12.584,0.81311,0.8133,1.75,1.50
2017.02.09 17:08:12.838,0.81311,0.8133,1.00,1.50
2017.02.09 17:08:13.639,0.81313,0.81332,1.00,1.00
2017.02.09 17:08:13.949,0.8131,0.8133,2.25,1.00
2017.02.09 17:08:14.358,0.8131,0.81332,3.00,1.00
2017.02.09 17:08:14.926,0.81313,0.81331,1.00,1.00
2017.02.09 17:08:18.127,0.81313,0.8133,1.00,1.00
2017.02.09 17:08:20.344,0.81313,0.81331,1.00,1.00
2017.02.09 17:08:21.162,0.81313,0.8133,1.00,1.00
2017.02.09 17:08:21.682,0.81312,0.8133,1.12,1.00
2017.02.09 17:08:22.644,0.81313,0.8133,1.00,1.00
2017.02.09 17:08:23.763,0.81312,0.8133,1.12,1.00
2017.02.09 17:08:25.292,0.8131,0.81327,1.75,1.00
2017.02.09 17:08:25.393,0.8131,0.81327,1.12,1.00
2017.02.09 17:08:25.494,0.81311,0.81329,1.00,1.00
2017.02.09 17:08:26.436,0.81311,0.8133,1.00,1.50
2017.02.09 17:08:30.770,0.81311,0.81329,1.00,1.00
2017.02.09 17:08:31.574,0.8131,0.81329,1.12,1.00
2017.02.09 17:08:33.191,0.81309,0.81328,1.50,1.00
2017.02.09 17:08:33.367,0.81313,0.8133,1.00,1.00
2017.02.09 17:08:33.493,0.81316,0.81335,1.50,1.50
2017.02.09 17:08:33.594,0.81316,0.81335,1.50,1.00
2017.02.09 17:08:33.696,0.81316,0.81335,1.00,1.50
2017.02.09 17:08:34.210,0.81318,0.81335,1.00,1.00
2017.02.09 17:08:35.724,0.81318,0.81336,1.00,1.00
2017.02.09 17:08:36.189,0.81315,0.81335,1.12,1.50
2017.02.09 17:08:36.240,0.81313,0.8133,2.25,1.00
2017.02.09 17:08:36.593,0.81313,0.8133,1.00,1.00
2017.02.09 17:08:38.508,0.81312,0.8133,1.12,1.00
2017.02.09 17:08:41.612,0.81314,0.8133,1.00,1.00
2017.02.09 17:08:41.961,0.81314,0.81332,1.00,1.00
2017.02.09 17:08:42.240,0.81314,0.8133,1.00,1.00
2017.02.09 17:08:42.291,0.81311,0.8133,1.50,1.50
2017.02.09 17:08:42.342,0.81311,0.81325,1.50,1.00
2017.02.09 17:08:42.392,0.81311,0.8133,1.50,1.50
2017.02.09 17:08:42.938,0.81311,0.81329,1.00,1.00
2017.02.09 17:08:43.281,0.81311,0.81325,1.00,1.00
2017.02.09 17:08:43.568,0.81314,0.8133,1.00,1.12
2017.02.09 17:08:44.545,0.81313,0.8133,1.00,1.00
2017.02.09 17:08:46.288,0.81313,0.81325,1.00,1.00
2017.02.09 17:08:46.541,0.81308,0.81325,1.50,1.00
2017.02.09 17:08:49.698,0.8131,0.81325,1.00,1.00
2017.02.09 17:08:49.799,0.8131,0.81329,1.00,1.00
2017.02.09 17:08:51.328,0.81311,0.81329,1.00,1.00
2017.02.09 17:08:51.819,0.81313,0.8133,1.00,1.00
2017.02.09 17:08:52.123,0.81317,0.81335,1.00,1.50
2017.02.09 17:08:52.888,0.81318,0.81335,1.00,1.00
2017.02.09 17:08:53.542,0.81317,0.81335,1.00,1.00
2017.02.09 17:08:53.593,0.81314,0.8133,1.50,1.50
2017.02.09 17:08:53.755,0.81312,0.8133,1.00,1.50
2017.02.09 17:08:54.908,0.81314,0.81333,1.00,1.00
2017.02.09 17:08:55.449,0.81315,0.81334,1.12,1.00
2017.02.09 17:08:55.769,0.8131,0.81329,3.37,1.00
2017.02.09 17:08:55.820,0.8131,0.81329,1.75,1.00
2017.02.09 17:08:55.921,0.81309,0.81329,1.12,1.00
2017.02.09 17:08:56.430,0.8131,0.8133,1.00,1.50
2017.02.09 17:08:57.930,0.81311,0.81329,1.00,1.00
2017.02.09 17:08:58.459,0.81311,0.8133,1.00,1.50
2017.02.09 17:08:59.243,0.81312,0.8133,1.00,1.00
2017.02.09 17:08:59.789,0.81315,0.81334,1.00,1.75
2017.02.09 17:08:59.840,0.81316,0.81335,1.00,2.25
2017.02.09 17:09:00.243,0.81316,0.81335,1.12,1.50
2017.02.09 17:09:01.099,0.81311,0.8133,2.25,1.00
2017.02.09 17:09:01.151,0.81311,0.8133,1.75,1.00
2017.02.09 17:09:01.403,0.81313,0.81333,1.12,1.00
2017.02.09 17:09:01.505,0.81315,0.81335,1.00,1.87
2017.02.09 17:09:02.894,0.81314,0.81334,1.00,1.00
2017.02.09 17:09:03.407,0.81313,0.81333,1.12,1.00
2017.02.09 17:09:03.994,0.81314,0.81334,1.00,1.00
2017.02.09 17:09:05.110,0.81313,0.81333,1.12,1.00
2017.02.09 17:09:05.656,0.81311,0.81332,2.25,1.00
2017.02.09 17:09:05.707,0.81311,0.81334,1.75,1.00
2017.02.09 17:09:06.130,0.81315,0.81335,1.00,1.87
2017.02.09 17:09:06.434,0.81313,0.81333,1.12,1.00
2017.02.09 17:09:06.736,0.81311,0.81331,1.75,1.00
2017.02.09 17:09:06.837,0.81311,0.81331,1.00,1.12
2017.02.09 17:09:07.364,0.8131,0.81331,1.00,1.12
2017.02.09 17:09:07.667,0.81311,0.81333,1.50,1.12
2017.02.09 17:09:09.809,0.81312,0.81332,1.12,1.00
2017.02.09 17:09:11.211,0.81311,0.81331,1.50,1.00
2017.02.09 17:09:11.739,0.81312,0.8133,1.12,1.00
2017.02.09 17:09:12.332,0.81313,0.8133,1.00,1.00
2017.02.09 17:09:12.852,0.81313,0.81332,1.00,1.00
2017.02.09 17:09:13.378,0.81314,0.81333,1.00,1.12
2017.02.09 17:09:14.591,0.81313,0.81332,1.00,1.00
2017.02.09 17:09:15.276,0.81312,0.81331,1.12,1.00
2017.02.09 17:09:15.805,0.81312,0.8133,1.12,1.00
2017.02.09 17:09:17.389,0.8131,0.81329,1.75,1.00
2017.02.09 17:09:17.593,0.8131,0.81329,1.00,1.00
2017.02.09 17:09:17.933,0.81309,0.81327,1.87,1.00
2017.02.09 17:09:18.538,0.81306,0.81325,1.75,1.00
2017.02.09 17:09:18.689,0.81306,0.81325,1.12,1.00
2017.02.09 17:09:19.568,0.81307,0.81325,1.00,1.50
2017.02.09 17:09:19.670,0.81305,0.81322,1.50,1.00
2017.02.09 17:09:19.973,0.81302,0.81321,1.50,1.50
2017.02.09 17:09:20.501,0.81304,0.81321,1.00,1.00
2017.02.09 17:09:24.482,0.81305,0.81321,1.00,1.00
2017.02.09 17:09:24.583,0.81307,0.81324,1.00,1.00
2017.02.09 17:09:25.496,0.81308,0.81324,1.00,1.00
2017.02.09 17:09:26.529,0.81306,0.81324,1.12,1.00
2017.02.09 17:09:27.939,0.81301,0.81322,4.12,1.50
2017.02.09 17:09:28.091,0.81303,0.8132,1.12,1.50
2017.02.09 17:09:28.469,0.81305,0.8132,1.00,1.50
2017.02.09 17:09:28.520,0.81305,0.81323,1.00,2.25
2017.02.09 17:09:29.036,0.81306,0.81323,1.12,1.50
2017.02.09 17:09:29.540,0.81304,0.81323,1.50,2.25
2017.02.09 17:09:29.975,0.81303,0.81319,1.50,1.00
2017.02.09 17:09:30.076,0.81301,0.81319,1.00,1.00
2017.02.09 17:09:30.442,0.81304,0.81319,1.00,1.00
2017.02.09 17:09:30.493,0.81304,0.81321,1.00,1.00
2017.02.09 17:09:31.058,0.81305,0.81321,1.00,1.00
2017.02.09 17:09:33.027,0.81306,0.81321,1.00,1.00
2017.02.09 17:09:34.025,0.81305,0.81321,1.50,1.00
2017.02.09 17:09:34.924,0.81305,0.81321,2.25,1.00
2017.02.09 17:09:35.327,0.81304,0.81322,1.12,1.00
2017.02.09 17:09:36.078,0.81304,0.81324,1.12,2.25
2017.02.09 17:09:37.042,0.81305,0.81324,1.00,2.25
2017.02.09 17:09:37.743,0.81306,0.81324,1.00,2.25
2017.02.09 17:09:44.330,0.81307,0.81321,1.00,1.00
2017.02.09 17:09:44.835,0.81305,0.81321,1.50,1.50
2017.02.09 17:09:45.850,0.81306,0.81323,1.12,1.50
2017.02.09 17:09:45.900,0.81308,0.81323,1.00,1.50
2017.02.09 17:09:46.937,0.81307,0.81323,1.00,1.50
2017.02.09 17:09:47.474,0.81306,0.81323,1.12,1.50
2017.02.09 17:09:47.990,0.81307,0.81323,1.00,1.50
2017.02.09 17:09:48.504,0.81306,0.81323,1.12,1.50
2017.02.09 17:09:48.970,0.81303,0.81322,1.00,1.00
2017.02.09 17:09:49.071,0.81303,0.8132,1.00,1.00
2017.02.09 17:09:49.591,0.81302,0.8132,1.12,1.00
2017.02.09 17:09:50.155,0.81303,0.8132,1.00,1.00
2017.02.09 17:09:51.378,0.81303,0.81322,1.50,1.50
2017.02.09 17:09:51.929,0.81304,0.81322,1.00,1.50
2017.02.09 17:09:53.554,0.81307,0.81322,1.00,1.00
2017.02.09 17:09:55.593,0.8131,0.81322,1.00,1.00
2017.02.09 17:09:55.644,0.81311,0.81327,1.00,1.00
2017.02.09 17:09:56.610,0.81311,0.8133,1.12,3.00
2017.02.09 17:09:58.548,0.81313,0.8133,1.00,1.50
2017.02.09 17:09:59.218,0.81314,0.8133,1.00,1.50
2017.02.09 17:10:00.061,0.81315,0.8133,1.00,1.50
2017.02.09 17:10:00.566,0.81316,0.8133,1.00,1.50
2017.02.09 17:10:01.046,0.81319,0.8133,1.00,1.50
2017.02.09 17:10:01.151,0.81319,0.81334,1.00,1.00
2017.02.09 17:10:01.706,0.81316,0.81334,1.50,1.00
2017.02.09 17:10:06.608,0.81315,0.81332,2.25,1.50
2017.02.09 17:10:06.993,0.81313,0.81332,3.00,2.25
2017.02.09 17:10:07.652,0.81315,0.81332,1.00,1.50
2017.02.09 17:10:08.212,0.81314,0.81332,1.87,1.50
2017.02.09 17:10:08.756,0.81315,0.81332,1.00,1.50
2017.02.09 17:10:09.307,0.81315,0.81332,1.50,1.50
2017.02.09 17:10:16.336,0.81311,0.81331,5.62,1.00
2017.02.09 17:10:16.387,0.81313,0.8133,1.00,2.25
2017.02.09 17:10:16.488,0.8131,0.81329,1.12,1.00
2017.02.09 17:10:16.691,0.81312,0.8133,1.00,1.50
2017.02.09 17:10:17.336,0.81312,0.8133,1.50,2.25
2017.02.09 17:10:18.571,0.8131,0.81328,1.75,1.00
2017.02.09 17:10:18.723,0.8131,0.81328,1.12,1.00
2017.02.09 17:10:19.588,0.8131,0.8133,1.87,1.50
2017.02.09 17:10:21.126,0.81312,0.8133,1.00,3.00
2017.02.09 17:10:22.115,0.81311,0.8133,1.00,2.25
2017.02.09 17:10:23.276,0.8131,0.81329,1.12,1.00
2017.02.09 17:10:23.766,0.81313,0.8133,1.00,1.50
2017.02.09 17:10:24.210,0.8131,0.81328,1.12,1.00
2017.02.09 17:10:24.261,0.81309,0.81326,1.50,1.50
2017.02.09 17:10:24.564,0.81309,0.81323,1.00,1.00
2017.02.09 17:10:24.616,0.81309,0.81325,1.00,1.00
2017.02.09 17:10:24.746,0.81309,0.81327,1.12,1.00
2017.02.09 17:10:26.649,0.8131,0.81327,1.00,1.00
2017.02.09 17:10:28.510,0.81313,0.81327,1.00,1.00
2017.02.09 17:10:28.561,0.81314,0.81331,1.00,2.62
2017.02.09 17:10:28.712,0.81314,0.81332,1.12,1.00
2017.02.09 17:10:28.763,0.81314,0.8133,1.12,1.00
2017.02.09 17:10:28.814,0.81313,0.81333,1.50,2.25
2017.02.09 17:10:28.903,0.81312,0.8133,1.37,1.00
2017.02.09 17:10:28.954,0.81312,0.8133,1.00,2.10
2017.02.09 17:10:29.055,0.81312,0.81328,1.00,1.00
2017.02.09 17:10:29.106,0.81312,0.8133,1.00,1.00
2017.02.09 17:10:29.510,0.81317,0.8133,1.00,1.00
2017.02.09 17:10:29.561,0.81317,0.81334,1.00,1.50
2017.02.09 17:10:29.612,0.81314,0.81334,1.00,2.25
2017.02.09 17:10:29.788,0.81314,0.8133,1.12,1.00
2017.02.09 17:10:30.772,0.81314,0.81334,1.12,2.10
2017.02.09 17:10:30.823,0.81316,0.81334,1.00,2.10
2017.02.09 17:10:31.126,0.81316,0.8133,1.00,1.00
2017.02.09 17:10:31.915,0.81314,0.8133,1.12,1.00
2017.02.09 17:10:32.218,0.81311,0.81329,1.12,1.00
2017.02.09 17:10:32.673,0.81315,0.81328,1.00,1.00
2017.02.09 17:10:32.753,0.81315,0.81332,1.00,1.00
2017.02.09 17:10:32.804,0.81313,0.81332,1.12,1.50
2017.02.09 17:10:33.006,0.81315,0.81332,1.00,1.00
2017.02.09 17:10:33.356,0.81315,0.81335,1.50,1.87
2017.02.09 17:10:33.507,0.81314,0.81333,1.00,1.00
2017.02.09 17:10:34.052,0.81314,0.81332,1.00,1.00
2017.02.09 17:10:34.683,0.81315,0.81332,1.00,1.00
2017.02.09 17:10:35.199,0.81314,0.81332,1.00,1.00
2017.02.09 17:10:35.756,0.81315,0.81332,1.00,1.00
2017.02.09 17:10:37.235,0.81314,0.81332,1.00,1.00
2017.02.09 17:10:37.540,0.81318,0.81332,1.00,1.00
2017.02.09 17:10:37.592,0.81317,0.81334,1.00,1.00
2017.02.09 17:10:38.119,0.81317,0.81333,1.00,1.00
2017.02.09 17:10:38.644,0.81318,0.81333,1.00,1.00
2017.02.09 17:10:39.151,0.81319,0.81333,1.00,1.00
2017.02.09 17:10:40.069,0.81319,0.81336,1.00,1.50
2017.02.09 17:10:41.351,0.81318,0.81336,1.00,1.50
2017.02.09 17:10:41.402,0.81316,0.81334,1.12,1.00
2017.02.09 17:10:41.791,0.81315,0.81332,1.00,1.00
2017.02.09 17:10:43.280,0.81315,0.81334,1.00,1.00
2017.02.09 17:10:44.207,0.81316,0.81334,1.00,1.00
2017.02.09 17:10:44.464,0.81314,0.81333,1.12,1.00
2017.02.09 17:10:45.068,0.81315,0.81333,1.00,1.00
2017.02.09 17:10:45.172,0.81317,0.81333,1.00,1.00
2017.02.09 17:10:45.978,0.8132,0.81337,1.00,1.75
2017.02.09 17:10:47.416,0.8132,0.81337,1.00,1.00
2017.02.09 17:10:49.321,0.81319,0.81337,1.00,1.00
2017.02.09 17:10:51.519,0.81318,0.81337,1.00,1.50
2017.02.09 17:10:51.570,0.81315,0.81335,1.50,1.50
2017.02.09 17:10:51.772,0.81315,0.81335,1.87,3.00
2017.02.09 17:10:51.891,0.81317,0.81335,1.00,2.25
2017.02.09 17:10:52.194,0.81313,0.8133,1.75,1.00
2017.02.09 17:10:52.396,0.81311,0.81324,1.27,1.00
2017.02.09 17:10:52.447,0.8131,0.81322,1.12,1.00
2017.02.09 17:10:52.548,0.81305,0.81321,1.00,1.00
2017.02.09 17:10:52.741,0.81307,0.81324,1.00,1.00
2017.02.09 17:10:53.277,0.81306,0.81324,1.12,1.00
2017.02.09 17:10:53.819,0.81307,0.81324,1.00,1.00
2017.02.09 17:10:54.938,0.81306,0.81324,1.12,1.00
2017.02.09 17:10:55.879,0.81307,0.81324,1.00,1.00
2017.02.09 17:10:56.472,0.81306,0.81324,1.12,1.00
2017.02.09 17:10:56.907,0.81309,0.81324,1.00,1.00
2017.02.09 17:10:56.958,0.8131,0.81327,1.00,1.50
2017.02.09 17:10:57.766,0.81309,0.81327,1.00,1.50
2017.02.09 17:10:58.541,0.8131,0.81327,1.00,1.50
2017.02.09 17:11:00.052,0.81313,0.81327,1.00,1.00
2017.02.09 17:11:00.153,0.81315,0.8133,1.00,2.25
2017.02.09 17:11:02.360,0.81314,0.8133,1.12,1.50
2017.02.09 17:11:03.363,0.81315,0.8133,1.00,1.50
2017.02.09 17:11:03.816,0.81315,0.81334,1.00,1.50
2017.02.09 17:11:04.782,0.81316,0.81334,1.00,2.25
2017.02.09 17:11:05.476,0.81315,0.81333,1.00,1.00
2017.02.09 17:11:06.056,0.81315,0.81334,1.00,2.25
2017.02.09 17:11:06.470,0.81313,0.81331,1.50,1.00
2017.02.09 17:11:06.571,0.81311,0.81329,1.12,1.00
2017.02.09 17:11:07.299,0.81314,0.8133,1.00,1.00
2017.02.09 17:11:07.580,0.81315,0.81335,1.00,1.50
2017.02.09 17:11:08.149,0.81317,0.81335,1.00,1.00
2017.02.09 17:11:10.162,0.8132,0.81335,1.00,1.00
2017.02.09 17:11:10.701,0.81321,0.81336,1.00,1.50
2017.02.09 17:11:11.154,0.81324,0.81339,1.00,1.12
2017.02.09 17:11:11.359,0.81325,0.81341,1.00,1.00
2017.02.09 17:11:12.353,0.81324,0.81341,1.00,1.00
2017.02.09 17:11:16.522,0.81325,0.81341,1.00,1.00
2017.02.09 17:11:17.483,0.81326,0.81341,1.00,1.00
2017.02.09 17:11:17.627,0.81324,0.8134,1.00,1.00
2017.02.09 17:11:18.647,0.81325,0.8134,1.00,1.00
2017.02.09 17:11:19.340,0.81326,0.8134,1.00,1.00
2017.02.09 17:11:20.386,0.81327,0.8134,1.00,1.00
2017.02.09 17:11:21.048,0.81328,0.8134,1.00,1.00
2017.02.09 17:11:22.082,0.81327,0.8134,1.00,1.00
2017.02.09 17:11:23.077,0.81326,0.8134,1.00,1.00
2017.02.09 17:11:23.211,0.81328,0.81345,1.00,2.25
2017.02.09 17:11:23.413,0.81328,0.8134,1.00,1.00
2017.02.09 17:11:23.571,0.81328,0.81345,1.00,1.50
2017.02.09 17:11:23.981,0.81326,0.81344,1.00,1.00
2017.02.09 17:11:24.032,0.81323,0.8134,1.75,1.00
2017.02.09 17:11:24.184,0.81323,0.8134,1.00,1.00
2017.02.09 17:11:24.487,0.81325,0.81339,1.00,1.00
2017.02.09 17:11:24.537,0.81325,0.81343,1.00,1.50
2017.02.09 17:11:25.059,0.81327,0.81343,1.00,1.00
2017.02.09 17:11:25.563,0.81326,0.81343,1.00,1.50
2017.02.09 17:11:26.241,0.81325,0.81343,1.00,1.50
2017.02.09 17:11:26.897,0.81326,0.81343,1.00,1.50
2017.02.09 17:11:27.403,0.81325,0.81343,1.00,2.25
2017.02.09 17:11:28.672,0.81324,0.81343,1.00,2.25
2017.02.09 17:11:29.222,0.81325,0.81343,1.00,1.50
2017.02.09 17:11:31.627,0.81325,0.81344,1.00,1.00
2017.02.09 17:11:32.708,0.81326,0.81344,1.00,1.00
2017.02.09 17:11:33.744,0.81325,0.81344,1.00,1.00
2017.02.09 17:11:37.111,0.81326,0.81344,1.00,1.00
2017.02.09 17:11:38.538,0.81324,0.81345,1.50,1.50
2017.02.09 17:11:38.714,0.81326,0.81344,1.00,1.00
2017.02.09 17:11:39.303,0.81326,0.81345,1.00,1.00
2017.02.09 17:11:39.639,0.81329,0.81347,1.00,1.00
2017.02.09 17:11:40.163,0.8133,0.81348,1.00,1.00
2017.02.09 17:11:40.466,0.81333,0.81349,1.00,1.00
2017.02.09 17:11:40.982,0.81333,0.8135,1.00,1.00
2017.02.09 17:11:46.742,0.81332,0.8135,1.00,1.00
2017.02.09 17:11:47.044,0.81329,0.81345,1.00,1.00
2017.02.09 17:11:50.479,0.8133,0.81345,1.00,1.00
2017.02.09 17:11:51.077,0.8133,0.81346,1.00,1.50
2017.02.09 17:11:51.640,0.81328,0.81346,1.00,2.25
2017.02.09 17:11:52.145,0.81328,0.81345,1.00,1.00
2017.02.09 17:11:52.668,0.81326,0.81345,1.00,1.00
2017.02.09 17:11:54.859,0.81324,0.81345,1.50,2.25
2017.02.09 17:11:56.090,0.81322,0.81341,1.75,1.00
2017.02.09 17:11:56.241,0.81321,0.81339,1.00,1.00
2017.02.09 17:11:56.544,0.81323,0.8134,1.12,1.00
2017.02.09 17:11:56.645,0.81323,0.81342,1.12,1.00
2017.02.09 17:11:57.169,0.81323,0.81341,1.12,1.00
2017.02.09 17:11:57.798,0.81324,0.81342,1.00,1.00
2017.02.09 17:11:58.482,0.81325,0.81343,1.00,3.00
2017.02.09 17:11:58.533,0.81327,0.81345,1.00,3.75
2017.02.09 17:12:00.999,0.81325,0.81344,1.00,1.12
2017.02.09 17:12:01.100,0.81323,0.81342,1.12,1.00
2017.02.09 17:12:01.312,0.81321,0.81341,1.00,1.12
2017.02.09 17:12:01.855,0.81321,0.8134,1.50,1.00
2017.02.09 17:12:02.381,0.81323,0.8134,1.00,1.00
2017.02.09 17:12:02.533,0.81319,0.81338,1.75,1.00
2017.02.09 17:12:02.858,0.81319,0.81335,1.75,1.00
2017.02.09 17:12:03.035,0.81319,0.81335,1.12,1.00
2017.02.09 17:12:03.310,0.81316,0.81335,1.12,2.25
2017.02.09 17:12:03.851,0.81317,0.81335,1.00,1.00
2017.02.09 17:12:03.936,0.81319,0.81335,1.00,1.00
2017.02.09 17:12:03.987,0.81319,0.81338,1.00,1.87
2017.02.09 17:12:04.088,0.81318,0.81336,1.37,1.00
2017.02.09 17:12:04.391,0.81321,0.81339,1.00,1.00
2017.02.09 17:12:04.901,0.8132,0.81339,1.00,3.00
2017.02.09 17:12:05.047,0.8132,0.81332,1.00,1.00
2017.02.09 17:12:05.098,0.81317,0.81332,1.00,1.00
2017.02.09 17:12:05.259,0.81317,0.81334,1.00,1.00
2017.02.09 17:12:05.360,0.81315,0.81334,1.00,1.50
2017.02.09 17:12:05.411,0.81315,0.8133,1.00,1.00
2017.02.09 17:12:06.046,0.81316,0.8133,1.00,1.00
2017.02.09 17:12:06.097,0.81316,0.81334,1.00,1.00
2017.02.09 17:12:06.350,0.81316,0.8133,1.00,1.00
2017.02.09 17:12:07.706,0.81317,0.8133,1.00,1.00
2017.02.09 17:12:08.034,0.81317,0.81332,1.00,1.00
2017.02.09 17:12:08.589,0.81316,0.81332,1.00,1.00
2017.02.09 17:12:09.202,0.81316,0.81335,1.00,2.62
2017.02.09 17:12:10.820,0.81316,0.81334,1.00,1.00
2017.02.09 17:12:11.730,0.81315,0.81333,1.00,1.00
2017.02.09 17:12:11.965,0.81312,0.8133,1.75,1.00
2017.02.09 17:12:12.268,0.8131,0.81328,1.12,1.00
2017.02.09 17:12:12.969,0.81313,0.81329,1.00,1.50
2017.02.09 17:12:13.163,0.81312,0.81332,1.00,3.00
2017.02.09 17:12:13.801,0.81311,0.81331,1.00,1.12
2017.02.09 17:12:13.943,0.81313,0.81331,1.00,1.12
2017.02.09 17:12:15.892,0.81311,0.81329,1.00,1.00
2017.02.09 17:12:15.993,0.81308,0.81329,1.37,2.62
2017.02.09 17:12:16.324,0.81311,0.8133,1.00,1.75
2017.02.09 17:12:16.722,0.81313,0.8133,1.00,1.00
2017.02.09 17:12:17.059,0.8131,0.8133,1.12,1.00
2017.02.09 17:12:17.297,0.81312,0.8133,1.00,1.00
2017.02.09 17:12:17.600,0.81314,0.81334,1.00,1.75
2017.02.09 17:12:17.886,0.81312,0.81334,1.00,2.25
2017.02.09 17:12:19.327,0.81314,0.81333,1.00,1.50
2017.02.09 17:12:20.506,0.81313,0.81332,1.00,1.12
2017.02.09 17:12:20.817,0.81315,0.81334,1.00,1.50
2017.02.09 17:12:23.747,0.81316,0.81334,1.00,1.50
2017.02.09 17:12:25.424,0.81314,0.81334,1.00,1.00
2017.02.09 17:12:29.192,0.81314,0.81334,1.37,1.00
2017.02.09 17:12:29.877,0.81316,0.81335,1.12,1.50
2017.02.09 17:12:33.540,0.81316,0.81334,1.12,1.00
2017.02.09 17:12:34.352,0.81316,0.8133,1.12,1.00
2017.02.09 17:12:35.080,0.81317,0.81334,1.00,1.12
2017.02.09 17:12:36.201,0.81316,0.81334,1.00,1.12
2017.02.09 17:12:39.514,0.81318,0.81334,1.00,1.12
2017.02.09 17:12:40.225,0.81317,0.81334,1.00,1.12
2017.02.09 17:12:41.863,0.81316,0.81334,1.00,1.12
2017.02.09 17:12:42.536,0.81315,0.81334,1.00,1.87
2017.02.09 17:12:43.116,0.81315,0.8133,1.00,1.00
2017.02.09 17:12:43.730,0.81313,0.8133,1.12,1.00
2017.02.09 17:12:44.033,0.81309,0.81325,2.25,1.00
2017.02.09 17:12:44.256,0.81308,0.81325,1.87,1.00
2017.02.09 17:12:44.965,0.81311,0.81325,1.00,1.00
2017.02.09 17:12:46.001,0.81312,0.81325,1.00,1.00
2017.02.09 17:12:46.153,0.81313,0.8133,1.00,2.25
2017.02.09 17:12:46.691,0.81313,0.8133,1.00,2.25
2017.02.09 17:12:47.250,0.81312,0.8133,1.00,1.50
2017.02.09 17:12:47.754,0.81311,0.81329,1.12,1.00
2017.02.09 17:12:48.558,0.81312,0.8133,1.00,1.50
2017.02.09 17:12:49.071,0.81311,0.81329,1.12,1.00
2017.02.09 17:12:49.721,0.8131,0.8133,1.50,1.00
2017.02.09 17:12:55.730,0.81311,0.81325,1.12,1.00
2017.02.09 17:12:55.922,0.81311,0.8133,1.00,3.00
2017.02.09 17:12:56.023,0.81309,0.81328,1.00,1.00
2017.02.09 17:12:56.325,0.81309,0.81325,1.50,1.00
2017.02.09 17:12:56.834,0.81309,0.81326,1.00,1.12
2017.02.09 17:12:56.935,0.81309,0.81328,1.00,1.00
2017.02.09 17:12:56.986,0.81308,0.81325,1.12,1.00
2017.02.09 17:12:57.137,0.81309,0.81327,1.00,2.25
2017.02.09 17:12:58.386,0.81309,0.81325,1.00,1.00
2017.02.09 17:12:58.538,0.8131,0.81327,1.00,1.00
2017.02.09 17:12:59.534,0.81309,0.81327,1.00,1.87
2017.02.09 17:13:01.192,0.81309,0.81325,1.00,1.00
2017.02.09 17:13:01.866,0.8131,0.81329,1.00,1.75
2017.02.09 17:13:02.829,0.81311,0.81329,1.00,1.75
2017.02.09 17:13:07.253,0.8131,0.81329,1.00,2.25
2017.02.09 17:13:08.093,0.81311,0.81329,1.00,1.75
2017.02.09 17:13:08.790,0.81311,0.81329,1.00,1.00
2017.02.09 17:13:09.337,0.81311,0.81329,1.00,1.50
2017.02.09 17:13:09.537,0.8131,0.81325,1.00,1.00
2017.02.09 17:13:10.112,0.81311,0.81325,1.00,1.00
2017.02.09 17:13:10.163,0.81309,0.81325,1.00,1.00
2017.02.09 17:13:12.010,0.81308,0.81325,1.00,1.50
2017.02.09 17:13:12.262,0.81307,0.8132,1.00,1.00
2017.02.09 17:13:15.081,0.81306,0.8132,1.00,1.00
2017.02.09 17:13:15.757,0.81305,0.8132,1.00,1.00
2017.02.09 17:13:16.417,0.81304,0.8132,1.12,1.00
2017.02.09 17:13:18.363,0.81306,0.8132,1.00,1.00
2017.02.09 17:13:18.817,0.81305,0.81325,1.00,3.97
2017.02.09 17:13:19.387,0.81305,0.81325,1.50,2.10
2017.02.09 17:13:20.047,0.81305,0.81325,1.00,1.72
2017.02.09 17:13:20.917,0.81306,0.81324,1.00,1.00
2017.02.09 17:13:21.922,0.81306,0.81325,1.12,2.10
2017.02.09 17:13:23.192,0.81307,0.81325,1.00,1.72
2017.02.09 17:13:23.756,0.81308,0.81325,1.00,1.72
2017.02.09 17:13:24.340,0.81309,0.81325,1.00,1.00
2017.02.09 17:13:24.391,0.81309,0.81327,1.00,1.00
2017.02.09 17:13:24.594,0.81309,0.81325,1.00,1.00
2017.02.09 17:13:25.151,0.81308,0.81327,1.00,1.50
2017.02.09 17:13:26.303,0.81308,0.81325,1.00,1.00
2017.02.09 17:13:26.913,0.81307,0.81325,1.12,1.00
2017.02.09 17:13:27.518,0.81308,0.81325,1.00,1.00
2017.02.09 17:13:29.665,0.81307,0.81325,1.12,1.50
2017.02.09 17:13:30.846,0.81307,0.81327,1.00,1.00
2017.02.09 17:13:30.896,0.81309,0.81327,1.00,1.00
2017.02.09 17:13:31.231,0.8131,0.81325,1.00,1.00
2017.02.09 17:13:36.945,0.8131,0.81326,1.00,1.00
2017.02.09 17:13:38.031,0.81308,0.81326,1.00,1.00
2017.02.09 17:13:42.291,0.81307,0.8132,1.12,1.00
2017.02.09 17:13:42.434,0.81307,0.81325,1.12,1.00
2017.02.09 17:13:42.485,0.81308,0.81325,1.75,1.00
2017.02.09 17:13:42.688,0.81308,0.81325,1.00,1.00
2017.02.09 17:13:43.566,0.81306,0.81325,1.37,2.25
2017.02.09 17:13:44.307,0.81306,0.81324,1.00,1.00
2017.02.09 17:13:44.458,0.81306,0.8132,1.00,1.00
2017.02.09 17:13:44.997,0.81303,0.8132,1.75,1.00
2017.02.09 17:13:45.098,0.81303,0.8132,1.00,1.00
2017.02.09 17:13:46.054,0.81302,0.8132,1.12,1.50
2017.02.09 17:13:46.559,0.81303,0.81321,1.00,1.00
2017.02.09 17:13:47.289,0.81304,0.8132,1.00,1.00
2017.02.09 17:13:47.997,0.81303,0.8132,1.00,1.00
2017.02.09 17:13:48.353,0.81301,0.8132,1.12,3.37
2017.02.09 17:13:48.479,0.813,0.81315,1.00,1.00
2017.02.09 17:13:48.530,0.813,0.81319,1.00,1.00
2017.02.09 17:13:49.113,0.81299,0.81318,1.00,1.00
2017.02.09 17:13:49.164,0.81299,0.81315,1.00,1.00
2017.02.09 17:13:49.482,0.81301,0.81315,1.00,1.00
2017.02.09 17:13:49.660,0.81299,0.81315,1.00,1.00
2017.02.09 17:13:49.861,0.81299,0.81318,1.00,1.50
2017.02.09 17:13:50.188,0.813,0.81319,1.00,1.35
2017.02.09 17:13:50.709,0.81301,0.81319,1.00,1.00
2017.02.09 17:13:50.760,0.81299,0.81319,1.00,1.50
2017.02.09 17:13:51.492,0.81299,0.81315,1.00,1.00
2017.02.09 17:13:52.397,0.81298,0.81315,1.00,1.00
2017.02.09 17:13:52.717,0.81302,0.8132,1.00,3.75
2017.02.09 17:13:52.919,0.81302,0.8132,1.00,2.62
2017.02.09 17:13:53.688,0.81301,0.8132,1.00,2.62
2017.02.09 17:13:56.707,0.81303,0.8132,1.00,2.62
2017.02.09 17:13:57.212,0.81302,0.81322,1.00,1.12
2017.02.09 17:13:58.518,0.81303,0.81321,1.00,1.00
2017.02.09 17:13:59.044,0.81303,0.81322,1.00,1.00
2017.02.09 17:13:59.294,0.81304,0.81324,1.00,1.00
2017.02.09 17:13:59.787,0.81304,0.81322,1.00,1.00
2017.02.09 17:13:59.838,0.81305,0.81325,1.00,3.00
2017.02.09 17:14:00.873,0.81303,0.81322,1.00,1.00
2017.02.09 17:14:01.409,0.81302,0.81322,1.00,1.12
2017.02.09 17:14:01.719,0.81304,0.81324,1.00,2.25
2017.02.09 17:14:03.229,0.81302,0.8132,1.00,1.00
2017.02.09 17:14:03.330,0.81302,0.81322,1.50,1.87
2017.02.09 17:14:03.532,0.81303,0.81322,1.75,1.00
2017.02.09 17:14:03.922,0.81301,0.8132,2.25,1.50
2017.02.09 17:14:04.225,0.81299,0.81319,2.25,1.00
2017.02.09 17:14:04.737,0.81298,0.81318,2.25,1.00
2017.02.09 17:14:05.265,0.81298,0.81317,1.75,1.00
2017.02.09 17:14:06.195,0.81298,0.81318,2.25,1.00
2017.02.09 17:14:06.719,0.81299,0.81317,1.75,1.00
2017.02.09 17:14:07.249,0.813,0.81318,1.50,1.00
2017.02.09 17:14:07.532,0.81302,0.8132,1.00,1.50
2017.02.09 17:14:07.583,0.81304,0.8132,1.00,1.00
2017.02.09 17:14:08.356,0.813,0.8132,1.12,1.50
2017.02.09 17:14:09.182,0.81303,0.81321,1.00,1.50
2017.02.09 17:14:09.679,0.81301,0.81321,1.12,1.00
2017.02.09 17:14:10.189,0.81301,0.8132,1.12,1.00
2017.02.09 17:14:10.707,0.81302,0.8132,1.00,1.00
2017.02.09 17:14:10.909,0.81299,0.81315,1.75,1.00
2017.02.09 17:14:11.061,0.81299,0.81319,1.75,1.00
2017.02.09 17:14:12.168,0.81298,0.81318,2.25,1.00
2017.02.09 17:14:12.269,0.81298,0.81318,1.87,1.00
2017.02.09 17:14:12.812,0.81297,0.81317,1.50,1.00
2017.02.09 17:14:13.336,0.81297,0.81317,1.00,1.12
2017.02.09 17:14:14.395,0.81298,0.81317,1.00,1.12
2017.02.09 17:14:15.187,0.81298,0.81316,1.00,1.00
2017.02.09 17:14:15.941,0.813,0.81318,1.00,1.50
2017.02.09 17:14:16.272,0.81303,0.8132,1.50,1.00
2017.02.09 17:14:16.474,0.81303,0.81323,1.50,1.00
2017.02.09 17:14:16.525,0.81303,0.8132,1.00,1.00
2017.02.09 17:14:17.107,0.81303,0.81323,1.00,1.00
2017.02.09 17:14:18.455,0.81302,0.8132,1.12,1.00
2017.02.09 17:14:18.758,0.81308,0.81321,1.00,1.00
2017.02.09 17:14:18.809,0.81306,0.8132,1.00,1.00
2017.02.09 17:14:18.940,0.81304,0.81324,1.75,1.00
2017.02.09 17:14:19.066,0.81304,0.81324,1.00,1.12
2017.02.09 17:14:19.168,0.81304,0.8132,1.00,1.00
2017.02.09 17:14:19.370,0.81301,0.81321,1.00,1.87
2017.02.09 17:14:19.482,0.81301,0.81315,1.00,1.00
2017.02.09 17:14:20.004,0.81299,0.81315,1.50,1.00
2017.02.09 17:14:20.766,0.81299,0.81315,1.00,1.00
2017.02.09 17:14:22.421,0.81301,0.81315,1.00,1.00
2017.02.09 17:14:23.091,0.81302,0.81321,1.00,1.12
2017.02.09 17:14:23.597,0.81301,0.8132,1.00,1.50
2017.02.09 17:14:24.006,0.81303,0.8132,1.00,1.00
2017.02.09 17:14:24.324,0.81301,0.8132,1.00,1.00
2017.02.09 17:14:24.838,0.81301,0.81319,1.00,1.00
2017.02.09 17:14:24.939,0.81301,0.81316,1.00,1.00
2017.02.09 17:14:25.134,0.81298,0.81316,1.00,1.00
2017.02.09 17:14:28.829,0.81297,0.81315,1.12,1.00
2017.02.09 17:14:29.384,0.81296,0.81314,1.50,1.00
2017.02.09 17:14:30.039,0.81297,0.81315,1.12,1.50
2017.02.09 17:14:31.140,0.81295,0.81314,1.75,1.00
2017.02.09 17:14:33.618,0.81297,0.81315,1.12,1.50
2017.02.09 17:14:35.686,0.81296,0.81311,1.50,1.00
2017.02.09 17:14:36.394,0.81297,0.81315,1.12,1.00
2017.02.09 17:14:37.328,0.81299,0.81315,1.00,1.00
2017.02.09 17:14:37.490,0.81299,0.81318,1.00,1.00
2017.02.09 17:14:37.541,0.81299,0.81316,1.50,1.00
2017.02.09 17:14:38.069,0.81297,0.81315,1.75,1.00
2017.02.09 17:14:38.623,0.81296,0.81315,1.00,1.00
2017.02.09 17:14:38.674,0.81299,0.81315,1.00,1.00
2017.02.09 17:14:39.212,0.81298,0.81315,1.75,1.00
2017.02.09 17:14:40.934,0.81297,0.81315,1.00,2.10
2017.02.09 17:14:40.984,0.813,0.81315,1.00,1.00
2017.02.09 17:14:41.086,0.813,0.81318,1.00,1.00
2017.02.09 17:14:41.262,0.813,0.81315,1.00,1.00
2017.02.09 17:14:41.984,0.81299,0.81315,1.00,1.00
2017.02.09 17:14:42.956,0.81298,0.81315,1.12,1.00
2017.02.09 17:14:43.711,0.81299,0.81315,1.00,1.00
2017.02.09 17:14:48.552,0.81298,0.81315,1.12,1.00
2017.02.09 17:14:48.973,0.81296,0.81315,1.00,1.50
2017.02.09 17:14:50.044,0.81298,0.81315,1.00,1.00
2017.02.09 17:14:51.759,0.813,0.81318,1.00,2.25
2017.02.09 17:14:51.810,0.81298,0.81318,1.12,1.00
2017.02.09 17:14:51.962,0.81298,0.81315,1.00,1.00
2017.02.09 17:14:52.300,0.81298,0.81318,1.00,1.87
2017.02.09 17:14:52.818,0.81299,0.81318,1.00,1.37
2017.02.09 17:14:55.212,0.81299,0.81315,1.00,1.00
2017.02.09 17:14:56.298,0.81299,0.81318,1.00,1.37
2017.02.09 17:14:57.830,0.81299,0.81315,1.00,1.00
2017.02.09 17:14:58.213,0.81298,0.81317,1.00,1.72
2017.02.09 17:14:58.945,0.81298,0.81316,1.00,1.00
2017.02.09 17:15:01.036,0.81298,0.81317,1.00,1.72
2017.02.09 17:15:02.021,0.81298,0.81316,1.00,1.00
2017.02.09 17:15:03.667,0.81302,0.8132,1.00,1.75
2017.02.09 17:15:03.769,0.81302,0.8132,1.12,1.37
2017.02.09 17:15:03.820,0.81304,0.8132,1.00,1.00
2017.02.09 17:15:11.275,0.81305,0.8132,1.00,1.00
2017.02.09 17:15:11.655,0.81305,0.81324,1.00,1.50
2017.02.09 17:15:12.170,0.81305,0.81324,1.00,1.00
2017.02.09 17:15:12.673,0.81306,0.81324,1.00,1.00
2017.02.09 17:15:13.016,0.81303,0.8132,1.50,1.00
2017.02.09 17:15:13.067,0.81305,0.81323,1.00,1.35
2017.02.09 17:15:13.118,0.8131,0.81325,1.00,1.00
2017.02.09 17:15:13.682,0.8131,0.81325,1.50,1.00
2017.02.09 17:15:13.988,0.8131,0.81328,1.50,1.00
2017.02.09 17:15:14.082,0.81308,0.81325,1.50,1.00
2017.02.09 17:15:14.183,0.81308,0.81325,1.12,1.00
2017.02.09 17:15:16.057,0.81306,0.8132,1.50,1.00
2017.02.09 17:15:16.108,0.81306,0.8132,1.12,1.00
2017.02.09 17:15:16.613,0.81305,0.8132,1.00,1.00
2017.02.09 17:15:17.344,0.81304,0.8132,1.00,1.00
2017.02.09 17:15:20.747,0.81308,0.81325,1.00,3.00
2017.02.09 17:15:20.848,0.81307,0.81325,1.00,1.50
2017.02.09 17:15:21.743,0.81308,0.81325,1.00,1.00
2017.02.09 17:15:23.118,0.81307,0.8132,1.00,1.00
2017.02.09 17:15:23.303,0.81304,0.8132,1.50,1.00
2017.02.09 17:15:23.809,0.81304,0.8132,1.00,1.00
2017.02.09 17:15:24.379,0.81307,0.81325,1.00,3.00
2017.02.09 17:15:24.953,0.81307,0.8132,1.00,1.00
2017.02.09 17:15:25.799,0.81306,0.8132,1.00,1.00
2017.02.09 17:15:26.789,0.81305,0.8132,1.00,1.00
2017.02.09 17:15:27.752,0.81304,0.8132,1.00,1.00
2017.02.09 17:15:28.794,0.81306,0.8132,1.00,1.00
2017.02.09 17:15:29.329,0.81304,0.81321,1.00,1.00
2017.02.09 17:15:30.038,0.81305,0.8132,1.00,1.00
2017.02.09 17:15:30.598,0.81306,0.8132,1.00,1.00
2017.02.09 17:15:31.057,0.81307,0.81325,1.00,2.25
2017.02.09 17:15:31.294,0.81308,0.81321,1.00,1.00
2017.02.09 17:15:32.283,0.81309,0.81325,1.00,1.00
2017.02.09 17:15:33.530,0.81307,0.81325,1.50,1.50
2017.02.09 17:15:34.454,0.81305,0.81325,3.37,1.00
2017.02.09 17:15:34.555,0.81305,0.81321,1.12,1.00
2017.02.09 17:15:35.288,0.81305,0.8132,1.12,1.00
2017.02.09 17:15:35.444,0.81305,0.81325,1.12,2.25
2017.02.09 17:15:35.495,0.81305,0.81325,1.12,1.87
2017.02.09 17:15:35.797,0.81305,0.8132,1.00,1.00
2017.02.09 17:15:36.769,0.81305,0.81324,1.00,1.00
2017.02.09 17:15:36.820,0.81305,0.8132,1.00,1.00
2017.02.09 17:15:36.918,0.81305,0.81324,1.00,1.00
2017.02.09 17:15:37.020,0.81303,0.81323,1.50,1.00
2017.02.09 17:15:37.121,0.81303,0.8132,1.50,1.00
2017.02.09 17:15:37.449,0.81309,0.81325,1.00,1.00
2017.02.09 17:15:38.221,0.81308,0.81325,1.00,1.00
2017.02.09 17:15:40.955,0.8131,0.81325,1.00,1.00
2017.02.09 17:15:41.257,0.81312,0.81325,1.00,1.00
2017.02.09 17:15:41.862,0.81309,0.81325,1.75,1.00
2017.02.09 17:15:42.771,0.81309,0.81325,1.00,1.00
2017.02.09 17:15:43.314,0.81307,0.81325,1.12,1.00
2017.02.09 17:15:44.321,0.81306,0.81324,1.12,1.00
2017.02.09 17:15:45.312,0.81306,0.81325,1.12,1.50
2017.02.09 17:15:46.535,0.81308,0.81325,1.00,1.00
2017.02.09 17:15:47.934,0.81309,0.81325,1.00,1.00
2017.02.09 17:15:48.497,0.81308,0.81325,1.12,1.00
2017.02.09 17:15:52.740,0.81304,0.81322,1.50,1.00
2017.02.09 17:15:52.801,0.81303,0.81322,1.75,1.00
2017.02.09 17:15:52.854,0.81306,0.81325,1.00,1.50
2017.02.09 17:15:53.058,0.81307,0.81325,1.50,1.50
2017.02.09 17:15:55.092,0.81307,0.81325,1.00,1.50
2017.02.09 17:15:55.874,0.81308,0.81325,1.00,1.00
2017.02.09 17:15:56.381,0.81307,0.81325,1.00,1.00
2017.02.09 17:15:57.087,0.81307,0.81325,1.37,1.00
2017.02.09 17:15:57.402,0.81304,0.8132,1.50,1.00
2017.02.09 17:15:57.730,0.81303,0.8132,1.00,1.00
2017.02.09 17:15:58.259,0.81303,0.81321,1.00,1.50
2017.02.09 17:15:58.794,0.81303,0.8132,1.00,1.00
2017.02.09 17:16:00.315,0.81302,0.8132,1.12,1.50
2017.02.09 17:16:00.516,0.813,0.8132,1.00,1.87
2017.02.09 17:16:01.276,0.813,0.81318,1.00,1.00
2017.02.09 17:16:01.620,0.813,0.81315,1.00,1.00
2017.02.09 17:16:02.100,0.81302,0.8132,1.00,1.12
2017.02.09 17:16:02.690,0.81302,0.81315,1.00,1.00
2017.02.09 17:16:03.239,0.81301,0.81315,1.00,1.00
2017.02.09 17:16:04.944,0.81299,0.81315,1.12,1.00
2017.02.09 17:16:04.995,0.81301,0.81315,1.00,1.00
2017.02.09 17:16:05.553,0.813,0.81315,1.00,1.00
2017.02.09 17:16:06.058,0.81301,0.81315,1.00,1.00
2017.02.09 17:16:11.473,0.81298,0.81315,1.50,1.00
2017.02.09 17:16:11.997,0.81298,0.81315,1.00,1.00
2017.02.09 17:16:12.588,0.81299,0.81315,1.00,1.00
2017.02.09 17:16:15.086,0.81298,0.81315,1.00,1.00
2017.02.09 17:16:15.957,0.81301,0.81315,1.00,1.00
2017.02.09 17:16:16.058,0.81298,0.81315,2.25,1.00
2017.02.09 17:16:16.160,0.81298,0.81316,1.75,1.00
2017.02.09 17:16:16.261,0.81298,0.81316,1.00,1.00
2017.02.09 17:16:16.362,0.81298,0.8131,1.00,1.00
2017.02.09 17:16:17.337,0.81298,0.81315,1.00,1.12
2017.02.09 17:16:17.997,0.81297,0.81315,1.00,1.87
2017.02.09 17:16:18.527,0.81296,0.81314,1.00,1.00
2017.02.09 17:16:18.577,0.81296,0.8131,1.00,1.00
2017.02.09 17:16:18.628,0.81295,0.81313,1.00,1.00
2017.02.09 17:16:18.679,0.81295,0.8131,1.00,1.00
2017.02.09 17:16:18.872,0.81295,0.81315,1.00,1.12
2017.02.09 17:16:19.748,0.81296,0.81314,1.00,1.00
2017.02.09 17:16:19.856,0.81299,0.81315,1.00,1.12
2017.02.09 17:16:20.261,0.81295,0.8131,1.50,1.00
2017.02.09 17:16:20.679,0.81295,0.81312,1.00,1.12
2017.02.09 17:16:21.777,0.81295,0.8131,1.00,1.00
2017.02.09 17:16:22.667,0.81296,0.8131,1.00,1.00
2017.02.09 17:16:23.618,0.81295,0.8131,1.00,1.00
2017.02.09 17:16:24.196,0.81295,0.81311,1.00,1.00
2017.02.09 17:16:24.451,0.81296,0.81314,1.00,1.12
2017.02.09 17:16:25.055,0.81295,0.81312,1.00,1.00
2017.02.09 17:16:25.106,0.81291,0.8131,1.00,1.00
2017.02.09 17:16:25.652,0.8129,0.8131,1.87,1.50
2017.02.09 17:16:25.703,0.81292,0.8131,1.00,1.50
2017.02.09 17:16:26.382,0.81291,0.81309,1.00,1.00
2017.02.09 17:16:27.451,0.8129,0.81308,1.87,1.00
2017.02.09 17:16:28.027,0.8129,0.81309,1.87,1.00
2017.02.09 17:16:28.808,0.81291,0.81309,1.00,1.50
2017.02.09 17:16:30.673,0.81289,0.81308,1.00,1.12
2017.02.09 17:16:30.990,0.81291,0.81309,1.00,1.50
2017.02.09 17:16:32.467,0.81292,0.81309,1.00,1.50
2017.02.09 17:16:32.673,0.8129,0.81309,1.50,1.50
2017.02.09 17:16:33.191,0.81293,0.8131,1.00,1.00
2017.02.09 17:16:34.225,0.81292,0.8131,1.50,1.00
2017.02.09 17:16:34.543,0.81295,0.8131,1.00,1.00
2017.02.09 17:16:34.745,0.81293,0.8131,1.00,1.00
2017.02.09 17:16:35.271,0.81292,0.8131,1.00,1.50
2017.02.09 17:16:35.803,0.81291,0.81309,1.00,1.00
2017.02.09 17:16:36.507,0.8129,0.81309,1.50,1.00
2017.02.09 17:16:36.777,0.81292,0.81309,1.00,1.00
2017.02.09 17:16:37.304,0.81291,0.81309,1.00,1.00
2017.02.09 17:16:38.412,0.8129,0.81309,1.50,1.00
2017.02.09 17:16:39.125,0.8129,0.8131,1.50,1.50
2017.02.09 17:16:40.209,0.8129,0.81309,1.50,1.00
2017.02.09 17:16:40.692,0.81291,0.81311,2.25,2.47
2017.02.09 17:16:40.743,0.81293,0.8131,1.00,1.00
2017.02.09 17:16:40.794,0.81291,0.8131,2.25,1.00
2017.02.09 17:16:41.097,0.81291,0.81305,1.00,1.00
2017.02.09 17:16:41.628,0.81292,0.81305,1.00,1.00
2017.02.09 17:16:41.780,0.8129,0.81305,1.00,1.00
2017.02.09 17:16:42.032,0.81292,0.813,1.00,1.00
2017.02.09 17:16:42.083,0.81292,0.81305,1.50,1.00
2017.02.09 17:16:42.133,0.81294,0.81305,1.00,1.00
2017.02.09 17:16:42.682,0.81293,0.81305,1.00,1.00
2017.02.09 17:16:42.804,0.81293,0.8131,1.00,1.00
2017.02.09 17:16:43.362,0.81294,0.8131,1.00,1.00
2017.02.09 17:16:44.788,0.81296,0.8131,1.00,1.00
2017.02.09 17:16:45.157,0.81295,0.81305,1.50,1.00
2017.02.09 17:16:45.791,0.81293,0.8131,1.50,1.00
2017.02.09 17:16:45.841,0.81292,0.81305,1.00,1.00
2017.02.09 17:16:45.993,0.81289,0.81305,1.12,1.00
2017.02.09 17:16:48.451,0.81293,0.81305,1.00,1.00
2017.02.09 17:16:48.553,0.81294,0.8131,1.00,1.00
2017.02.09 17:16:49.073,0.81296,0.8131,1.00,1.00
2017.02.09 17:16:49.727,0.81298,0.8131,1.00,1.00
2017.02.09 17:16:50.231,0.81297,0.8131,1.00,1.00
2017.02.09 17:16:51.579,0.81298,0.8131,1.00,1.00
2017.02.09 17:16:51.974,0.81293,0.81305,1.12,1.00
2017.02.09 17:16:52.126,0.81293,0.8131,1.00,1.00
2017.02.09 17:16:52.530,0.81292,0.81305,1.00,1.00
2017.02.09 17:16:53.281,0.81291,0.81305,1.00,1.00
2017.02.09 17:16:54.295,0.81292,0.81305,1.00,1.00
2017.02.09 17:16:54.888,0.8129,0.81305,1.12,1.00
2017.02.09 17:16:55.860,0.81291,0.81305,1.00,1.00
2017.02.09 17:16:56.409,0.81291,0.81306,1.00,1.00
2017.02.09 17:16:57.447,0.8129,0.81306,1.12,1.00
2017.02.09 17:16:57.841,0.81292,0.81305,1.00,1.00
2017.02.09 17:16:57.893,0.81294,0.8131,1.00,1.00
2017.02.09 17:16:58.195,0.81292,0.8131,1.00,1.00
2017.02.09 17:16:58.448,0.81291,0.81305,1.00,1.00
2017.02.09 17:16:59.113,0.81292,0.81305,1.00,1.00
2017.02.09 17:16:59.679,0.81291,0.81305,1.00,1.00
2017.02.09 17:17:00.588,0.8129,0.81305,1.12,1.00
2017.02.09 17:17:00.890,0.81287,0.813,1.12,1.00
2017.02.09 17:17:01.337,0.81287,0.81305,1.12,1.50
2017.02.09 17:17:01.553,0.81287,0.81301,1.12,1.00
2017.02.09 17:17:02.178,0.81288,0.81301,1.00,1.00
2017.02.09 17:17:02.656,0.81284,0.813,1.00,1.00
2017.02.09 17:17:03.485,0.81285,0.813,1.00,1.00
2017.02.09 17:17:04.047,0.81285,0.813,1.50,1.00
2017.02.09 17:17:04.709,0.81285,0.813,1.00,1.00
2017.02.09 17:17:08.850,0.81284,0.813,1.00,1.00
2017.02.09 17:17:09.087,0.81288,0.813,1.00,1.00
2017.02.09 17:17:09.188,0.8129,0.81306,1.00,1.50
2017.02.09 17:17:09.636,0.81292,0.81306,1.00,1.00
2017.02.09 17:17:10.177,0.81292,0.81305,1.12,1.00
2017.02.09 17:17:11.059,0.81292,0.81306,1.00,1.00
2017.02.09 17:17:12.086,0.81292,0.81305,1.00,1.00
2017.02.09 17:17:12.637,0.81291,0.81305,1.00,1.00
2017.02.09 17:17:13.372,0.81289,0.81305,1.00,1.00
2017.02.09 17:17:13.474,0.81291,0.81305,1.00,1.00
2017.02.09 17:17:14.447,0.8129,0.81305,1.00,1.00
2017.02.09 17:17:16.955,0.81291,0.81305,1.00,1.00
2017.02.09 17:17:18.627,0.81291,0.813,1.00,1.00
2017.02.09 17:17:18.711,0.81288,0.813,1.00,1.00
2017.02.09 17:17:19.243,0.81289,0.813,1.00,1.00
2017.02.09 17:17:19.348,0.81289,0.81305,1.00,1.00
2017.02.09 17:17:22.434,0.81288,0.81306,1.00,1.50
2017.02.09 17:17:23.493,0.81287,0.813,1.00,1.00
2017.02.09 17:17:23.876,0.81287,0.81305,1.00,1.00
2017.02.09 17:17:24.249,0.81287,0.81301,1.00,1.00
2017.02.09 17:17:24.351,0.81288,0.81305,1.00,1.00
2017.02.09 17:17:24.402,0.8129,0.81305,1.00,1.00
2017.02.09 17:17:25.516,0.8129,0.81306,1.00,1.00
2017.02.09 17:17:26.046,0.81291,0.81306,1.00,1.00
2017.02.09 17:17:26.560,0.81292,0.81305,1.00,1.00
2017.02.09 17:17:27.209,0.81292,0.8131,1.00,1.50
2017.02.09 17:17:28.402,0.81291,0.8131,1.00,1.50
2017.02.09 17:17:30.348,0.81291,0.81305,1.00,1.00
2017.02.09 17:17:30.398,0.81291,0.8131,1.00,1.50
2017.02.09 17:17:31.184,0.81291,0.8131,1.00,2.25
2017.02.09 17:17:31.944,0.81291,0.81305,1.00,1.00
2017.02.09 17:17:36.614,0.81294,0.81305,1.00,1.00
2017.02.09 17:17:36.665,0.81294,0.8131,1.00,1.50
2017.02.09 17:17:36.715,0.81294,0.81305,1.00,1.00
2017.02.09 17:17:37.538,0.81294,0.81306,1.00,1.00
2017.02.09 17:17:37.588,0.81291,0.81305,1.00,1.00
2017.02.09 17:17:38.713,0.8129,0.81305,1.00,1.00
2017.02.09 17:17:40.431,0.81291,0.81305,1.00,1.00
2017.02.09 17:17:40.482,0.81291,0.81309,1.00,1.12
2017.02.09 17:17:45.315,0.81291,0.81305,1.00,1.00
2017.02.09 17:17:47.115,0.81291,0.81309,1.00,1.00
2017.02.09 17:17:47.319,0.81291,0.81305,1.00,1.00
2017.02.09 17:17:49.384,0.81291,0.81306,1.00,1.00
2017.02.09 17:17:49.883,0.81291,0.81309,1.00,1.00
2017.02.09 17:17:50.035,0.81291,0.81305,1.00,1.00
2017.02.09 17:17:50.337,0.81291,0.81309,1.00,1.37
2017.02.09 17:17:50.915,0.81291,0.8131,1.00,1.00
2017.02.09 17:17:51.065,0.81294,0.8131,1.00,1.37
2017.02.09 17:17:51.218,0.81294,0.81311,1.00,1.00
2017.02.09 17:17:51.421,0.81291,0.81305,1.12,1.00
2017.02.09 17:17:51.725,0.81288,0.81305,1.00,1.00
2017.02.09 17:17:52.316,0.81289,0.81305,1.00,1.00
2017.02.09 17:17:52.820,0.81288,0.81305,1.12,1.00
2017.02.09 17:17:54.502,0.81289,0.81305,1.00,1.00
2017.02.09 17:17:57.328,0.8129,0.81305,1.00,1.00
2017.02.09 17:17:58.037,0.81289,0.81305,1.00,1.00
2017.02.09 17:18:02.213,0.81288,0.81305,1.12,1.00
2017.02.09 17:18:02.632,0.8129,0.81305,1.00,1.00
2017.02.09 17:18:03.571,0.81289,0.81305,1.00,1.00
2017.02.09 17:18:04.572,0.8129,0.81305,1.00,1.00
2017.02.09 17:18:16.386,0.81289,0.81305,1.00,1.00
2017.02.09 17:18:17.081,0.8129,0.81305,1.00,1.00
2017.02.09 17:18:17.183,0.81288,0.81305,1.87,1.00
2017.02.09 17:18:17.688,0.81288,0.81305,1.50,1.00
2017.02.09 17:18:18.891,0.8129,0.81305,1.00,1.00
2017.02.09 17:18:19.893,0.81289,0.81305,1.12,1.00
2017.02.09 17:18:26.261,0.81288,0.81305,1.00,1.00
2017.02.09 17:18:26.465,0.81288,0.813,1.00,1.00
2017.02.09 17:18:26.636,0.81288,0.81305,1.00,1.00
2017.02.09 17:18:27.345,0.81291,0.81306,1.00,1.00
2017.02.09 17:18:27.598,0.81291,0.8131,1.00,1.12
2017.02.09 17:18:27.749,0.81294,0.8131,1.00,1.12
2017.02.09 17:18:28.254,0.81294,0.8131,1.50,1.00
2017.02.09 17:18:28.788,0.81296,0.8131,1.00,1.00
2017.02.09 17:18:29.744,0.81295,0.8131,1.12,1.00
2017.02.09 17:18:30.252,0.81295,0.81311,1.12,1.00
2017.02.09 17:18:32.246,0.81295,0.8131,1.12,1.00
2017.02.09 17:18:34.922,0.81294,0.8131,1.00,1.00
2017.02.09 17:18:35.784,0.81296,0.8131,1.00,1.00
2017.02.09 17:18:35.935,0.81294,0.8131,1.00,1.00
2017.02.09 17:18:36.187,0.81293,0.81305,1.00,1.00
2017.02.09 17:18:36.389,0.81291,0.81305,1.00,1.00
2017.02.09 17:18:37.467,0.81292,0.81305,1.00,1.00
2017.02.09 17:18:40.800,0.81292,0.8131,1.00,1.50
2017.02.09 17:18:41.177,0.81294,0.8131,1.00,1.00
2017.02.09 17:18:41.480,0.81294,0.81305,1.00,1.00
2017.02.09 17:18:41.804,0.81294,0.8131,1.00,1.00
2017.02.09 17:18:42.326,0.81295,0.8131,1.00,1.00
2017.02.09 17:18:43.734,0.81294,0.8131,1.00,1.00
2017.02.09 17:18:48.399,0.81296,0.8131,1.00,1.00
2017.02.09 17:18:48.653,0.81296,0.81314,1.00,1.00
2017.02.09 17:18:49.031,0.81296,0.8131,1.00,1.00
2017.02.09 17:18:49.571,0.81295,0.8131,1.00,1.00
2017.02.09 17:18:49.622,0.81293,0.8131,1.00,1.00
2017.02.09 17:18:50.303,0.81292,0.8131,1.00,1.00
2017.02.09 17:18:50.507,0.81294,0.8131,1.00,1.00
2017.02.09 17:18:51.342,0.81293,0.8131,1.00,1.00
2017.02.09 17:18:52.299,0.81294,0.8131,1.00,1.00
2017.02.09 17:18:53.754,0.81293,0.8131,1.00,1.00
2017.02.09 17:18:56.471,0.81292,0.8131,1.00,1.50
2017.02.09 17:18:57.004,0.81293,0.8131,1.00,1.00
2017.02.09 17:18:59.158,0.81294,0.8131,1.00,1.00
2017.02.09 17:18:59.461,0.81296,0.81311,1.00,1.00
2017.02.09 17:19:00.156,0.81296,0.8131,1.00,1.00
2017.02.09 17:19:00.259,0.81294,0.8131,1.00,1.00
2017.02.09 17:19:00.565,0.81292,0.8131,1.00,1.00
2017.02.09 17:19:01.453,0.81292,0.81305,1.00,1.00
2017.02.09 17:19:04.702,0.81292,0.81306,1.00,1.00
2017.02.09 17:19:05.451,0.81292,0.81305,1.00,1.00
2017.02.09 17:19:05.556,0.81295,0.81311,1.00,1.00
2017.02.09 17:19:05.808,0.81293,0.81311,1.00,1.87
2017.02.09 17:19:05.859,0.81293,0.81305,1.00,1.00
2017.02.09 17:19:06.928,0.81292,0.81305,1.00,1.00
2017.02.09 17:19:07.917,0.81291,0.81305,1.00,1.00
2017.02.09 17:19:08.150,0.81295,0.8131,1.00,1.00
2017.02.09 17:19:09.056,0.81296,0.8131,1.00,1.00
2017.02.09 17:19:09.568,0.81295,0.81311,1.00,1.00
2017.02.09 17:19:10.105,0.81296,0.81311,1.00,1.00
2017.02.09 17:19:10.860,0.81295,0.81311,1.00,1.00
2017.02.09 17:19:11.469,0.81295,0.8131,1.00,1.00
2017.02.09 17:19:12.287,0.81295,0.81311,1.00,1.00
2017.02.09 17:19:12.812,0.81296,0.81311,1.00,1.00
2017.02.09 17:19:13.568,0.81295,0.81311,1.00,1.00
2017.02.09 17:19:14.097,0.81295,0.8131,1.00,1.00
2017.02.09 17:19:17.266,0.81294,0.8131,1.00,1.00
2017.02.09 17:19:19.120,0.81295,0.8131,1.00,1.00
2017.02.09 17:19:19.171,0.81297,0.8131,1.00,1.00
2017.02.09 17:19:19.422,0.81297,0.81315,1.00,1.50
2017.02.09 17:19:19.844,0.81296,0.81311,1.00,1.00
2017.02.09 17:19:23.111,0.81297,0.81311,1.00,1.00
2017.02.09 17:19:23.622,0.81296,0.81311,1.00,1.00
2017.02.09 17:19:23.680,0.81295,0.81313,1.00,1.00
2017.02.09 17:19:23.795,0.81295,0.8131,1.00,1.00
2017.02.09 17:19:25.096,0.81297,0.81311,1.00,1.00
2017.02.09 17:19:25.147,0.81298,0.81315,1.00,1.12
2017.02.09 17:19:25.685,0.81297,0.81315,1.00,1.87
2017.02.09 17:19:28.725,0.81298,0.81315,1.00,1.12
2017.02.09 17:19:29.830,0.81297,0.81315,1.00,1.87
2017.02.09 17:19:29.931,0.81292,0.8131,2.25,1.50
2017.02.09 17:19:30.234,0.81292,0.81305,1.00,1.00
2017.02.09 17:19:30.802,0.81291,0.81306,1.00,1.00
2017.02.09 17:19:31.011,0.81293,0.8131,1.00,1.50
2017.02.09 17:19:31.162,0.81293,0.81305,1.00,1.00
2017.02.09 17:19:31.981,0.81294,0.81305,1.00,1.00
2017.02.09 17:19:33.875,0.81295,0.8131,1.00,1.00
2017.02.09 17:19:34.064,0.81297,0.81315,1.00,1.87
2017.02.09 17:19:34.115,0.81297,0.8131,1.00,1.00
2017.02.09 17:19:34.266,0.81299,0.81315,1.00,1.12
2017.02.09 17:19:35.385,0.81297,0.8131,1.00,1.00
2017.02.09 17:19:37.208,0.81299,0.81315,1.00,1.00
2017.02.09 17:19:37.258,0.81301,0.8132,1.00,3.00
2017.02.09 17:19:37.427,0.81303,0.8132,1.00,1.00
2017.02.09 17:19:37.630,0.81302,0.81315,1.00,1.00
2017.02.09 17:19:37.681,0.81297,0.8132,3.00,1.00
2017.02.09 17:19:37.731,0.813,0.81315,1.12,1.00
2017.02.09 17:19:37.833,0.81298,0.81316,1.00,1.00
2017.02.09 17:19:38.354,0.81299,0.81315,1.00,1.00
2017.02.09 17:19:39.197,0.81302,0.81315,1.00,1.00
2017.02.09 17:19:39.247,0.81302,0.8132,1.00,1.50
2017.02.09 17:19:39.752,0.81303,0.8132,1.00,1.00
2017.02.09 17:19:39.953,0.81299,0.81315,1.50,1.00
2017.02.09 17:19:40.256,0.81301,0.81319,1.00,1.00
2017.02.09 17:19:40.428,0.81301,0.81315,1.00,1.00
2017.02.09 17:19:40.630,0.81301,0.81319,1.00,1.00
2017.02.09 17:19:41.146,0.81302,0.8132,1.00,1.00
2017.02.09 17:19:41.697,0.81302,0.81321,1.00,2.25
2017.02.09 17:19:42.240,0.81303,0.81321,1.00,2.25
2017.02.09 17:19:43.332,0.81304,0.8132,1.00,1.00
2017.02.09 17:19:44.516,0.81304,0.81321,1.00,1.00
2017.02.09 17:19:47.180,0.81302,0.81321,1.00,1.00
2017.02.09 17:19:47.281,0.81301,0.81319,1.00,1.00
2017.02.09 17:19:47.608,0.81304,0.81321,1.00,1.00
2017.02.09 17:19:48.151,0.81304,0.8132,1.00,1.00
2017.02.09 17:19:48.702,0.81303,0.8132,1.00,1.00
2017.02.09 17:19:51.592,0.81303,0.81315,1.00,1.00
2017.02.09 17:19:52.149,0.81304,0.81321,1.00,1.00
2017.02.09 17:19:52.401,0.81304,0.81315,1.00,1.00
2017.02.09 17:19:52.612,0.81305,0.8132,1.00,1.00
2017.02.09 17:19:53.196,0.81304,0.8132,1.00,1.00
2017.02.09 17:19:53.297,0.81304,0.81315,1.00,1.00
2017.02.09 17:19:53.826,0.81303,0.81315,1.00,1.00
2017.02.09 17:19:54.928,0.81302,0.81315,1.00,1.00
2017.02.09 17:19:56.911,0.81303,0.81315,1.00,1.00
2017.02.09 17:19:57.810,0.81302,0.81315,1.00,1.00
2017.02.09 17:19:58.316,0.81302,0.81316,1.00,1.00
2017.02.09 17:19:58.829,0.81301,0.81316,1.12,1.00
2017.02.09 17:19:59.384,0.81301,0.81315,1.12,1.00
2017.02.09 17:19:59.746,0.81301,0.81319,1.12,1.00
2017.02.09 17:19:59.847,0.81301,0.81315,1.12,1.00
2017.02.09 17:20:00.510,0.81299,0.81315,1.37,1.00
2017.02.09 17:20:00.562,0.81298,0.81315,1.00,1.00
2017.02.09 17:20:01.091,0.81299,0.81315,1.00,1.00
2017.02.09 17:20:02.341,0.81301,0.81315,1.00,1.00
2017.02.09 17:20:02.880,0.81301,0.81316,1.00,1.00
2017.02.09 17:20:03.435,0.81302,0.81316,1.00,1.00
2017.02.09 17:20:04.472,0.81301,0.81316,1.00,1.00
2017.02.09 17:20:05.077,0.81301,0.81315,1.00,1.00
2017.02.09 17:20:06.221,0.81299,0.81315,1.00,1.00
2017.02.09 17:20:08.025,0.81298,0.81315,1.12,1.00
2017.02.09 17:20:08.076,0.81302,0.8131,1.00,1.00
2017.02.09 17:20:08.127,0.81302,0.81315,1.00,1.00
2017.02.09 17:20:08.279,0.81301,0.8131,1.12,1.00
2017.02.09 17:20:08.330,0.81301,0.81315,1.12,1.00
2017.02.09 17:20:08.482,0.81303,0.81315,1.00,1.00
2017.02.09 17:20:08.634,0.813,0.81315,1.50,1.00
2017.02.09 17:20:09.068,0.81299,0.81315,1.00,1.00
2017.02.09 17:20:09.606,0.813,0.81315,1.00,1.00
2017.02.09 17:20:11.760,0.813,0.8131,1.00,1.00
2017.02.09 17:20:12.753,0.81301,0.8131,1.00,1.00
2017.02.09 17:20:13.346,0.813,0.8131,1.00,1.00
2017.02.09 17:20:14.107,0.813,0.81315,1.00,1.00
2017.02.09 17:20:14.339,0.813,0.8131,1.00,1.00
2017.02.09 17:20:17.619,0.81298,0.8131,1.00,1.00
2017.02.09 17:20:19.760,0.81299,0.8131,1.00,1.00
2017.02.09 17:20:19.811,0.81294,0.8131,3.00,1.00
2017.02.09 17:20:20.342,0.81297,0.8131,1.00,1.00
2017.02.09 17:20:20.750,0.81299,0.8131,1.00,1.00
2017.02.09 17:20:22.278,0.81298,0.8131,1.00,1.00
2017.02.09 17:20:25.336,0.81298,0.81315,1.00,1.00
2017.02.09 17:20:25.857,0.81299,0.81315,1.00,1.00
2017.02.09 17:20:26.380,0.81298,0.81315,1.00,1.00
2017.02.09 17:20:27.117,0.81299,0.81315,1.00,1.00
2017.02.09 17:20:27.168,0.81301,0.81315,1.00,1.00
2017.02.09 17:20:27.851,0.813,0.81315,1.00,1.00
2017.02.09 17:20:29.479,0.81301,0.81315,1.00,1.00
2017.02.09 17:20:30.042,0.81301,0.81316,1.00,1.00
2017.02.09 17:20:30.569,0.813,0.81316,1.00,1.00
2017.02.09 17:20:30.954,0.81298,0.81315,1.00,1.00
2017.02.09 17:20:31.482,0.81297,0.81315,1.00,1.50
2017.02.09 17:20:32.184,0.81295,0.81315,1.50,1.00
2017.02.09 17:20:32.537,0.81297,0.8131,1.00,1.00
2017.02.09 17:20:33.167,0.81296,0.8131,1.12,1.00
2017.02.09 17:20:34.249,0.81297,0.8131,1.00,1.00
2017.02.09 17:20:34.300,0.81297,0.81315,1.00,1.50
2017.02.09 17:20:34.350,0.81297,0.8131,1.00,1.00
2017.02.09 17:20:34.718,0.81299,0.8131,1.00,1.00
2017.02.09 17:20:34.769,0.813,0.81315,1.00,1.00
2017.02.09 17:20:34.921,0.81299,0.8131,1.00,1.00
2017.02.09 17:20:34.971,0.81297,0.8131,1.00,1.00
2017.02.09 17:20:35.242,0.81297,0.81315,1.00,1.00
2017.02.09 17:20:35.893,0.81298,0.81315,1.00,1.00
2017.02.09 17:20:36.292,0.813,0.81315,1.00,1.00
2017.02.09 17:20:37.262,0.81299,0.81315,1.00,1.00
2017.02.09 17:20:38.918,0.81299,0.81311,1.00,1.00
2017.02.09 17:20:39.459,0.81299,0.8131,1.00,1.00
2017.02.09 17:20:42.489,0.81301,0.8131,1.00,1.00
2017.02.09 17:20:42.539,0.81301,0.81315,1.00,1.00
2017.02.09 17:20:43.120,0.81302,0.81315,1.00,1.00
2017.02.09 17:20:48.507,0.81301,0.81315,1.00,1.00
2017.02.09 17:20:50.632,0.81301,0.81316,1.00,1.00
2017.02.09 17:20:53.300,0.81302,0.81316,1.00,1.00
2017.02.09 17:20:54.345,0.81302,0.81315,1.00,1.00
2017.02.09 17:20:55.110,0.81302,0.8131,1.00,1.00
2017.02.09 17:20:55.685,0.81302,0.81311,1.00,1.00
2017.02.09 17:20:56.200,0.81301,0.81311,1.12,1.00
2017.02.09 17:20:57.925,0.81302,0.81311,1.00,1.00
2017.02.09 17:20:58.533,0.81301,0.81311,1.12,1.00
2017.02.09 17:20:59.020,0.81301,0.81315,1.12,1.00
2017.02.09 17:21:00.285,0.81298,0.81311,1.75,1.00
2017.02.09 17:21:00.386,0.81302,0.81315,1.00,1.00
2017.02.09 17:21:00.790,0.81299,0.81316,1.00,1.00
2017.02.09 17:21:00.992,0.81297,0.8131,1.00,1.00
2017.02.09 17:21:02.432,0.81298,0.8131,1.00,1.00
2017.02.09 17:21:04.245,0.81298,0.81315,1.00,1.12
2017.02.09 17:21:04.447,0.81299,0.8131,1.00,1.00
2017.02.09 17:21:05.617,0.81299,0.81315,1.00,1.00
2017.02.09 17:21:05.888,0.81301,0.81316,1.00,1.00
2017.02.09 17:21:06.821,0.81298,0.81315,1.00,1.00
2017.02.09 17:21:07.941,0.81299,0.81315,1.00,1.00
2017.02.09 17:21:08.544,0.813,0.81315,1.00,1.00
2017.02.09 17:21:08.645,0.81298,0.81315,1.00,1.00
2017.02.09 17:21:12.902,0.81299,0.81315,1.00,1.00
2017.02.09 17:21:13.343,0.81299,0.8131,1.00,1.00
2017.02.09 17:21:13.561,0.81299,0.81315,1.00,1.00
2017.02.09 17:21:14.594,0.81297,0.81315,1.00,1.00
2017.02.09 17:21:16.666,0.81297,0.8131,1.00,1.00
2017.02.09 17:21:16.817,0.81294,0.8131,1.50,1.00
2017.02.09 17:21:18.762,0.81297,0.8131,1.00,1.00
2017.02.09 17:21:19.224,0.81299,0.8131,1.00,1.00
2017.02.09 17:21:19.729,0.81299,0.81311,1.00,1.00
2017.02.09 17:21:20.403,0.81298,0.81311,1.00,1.00
2017.02.09 17:21:20.991,0.81298,0.8131,1.00,1.00
2017.02.09 17:21:21.561,0.81299,0.8131,1.00,1.00
2017.02.09 17:21:25.351,0.81299,0.81315,1.00,1.12
2017.02.09 17:21:25.402,0.81299,0.8131,1.00,1.00
2017.02.09 17:21:25.596,0.81299,0.81315,1.00,1.12
2017.02.09 17:21:26.126,0.813,0.81315,1.00,1.12
2017.02.09 17:21:26.391,0.813,0.8131,1.00,1.00
2017.02.09 17:21:26.609,0.813,0.81315,1.00,1.00
2017.02.09 17:21:32.266,0.813,0.8131,1.00,1.00
2017.02.09 17:21:32.831,0.813,0.81315,1.00,1.00
2017.02.09 17:21:33.027,0.81302,0.81315,1.00,1.00
2017.02.09 17:21:33.079,0.81305,0.8132,1.00,1.00
2017.02.09 17:21:33.130,0.81304,0.81315,1.00,1.00
2017.02.09 17:21:33.858,0.81304,0.8132,1.00,1.00
2017.02.09 17:21:34.393,0.81303,0.8132,1.00,1.00
2017.02.09 17:21:34.890,0.81303,0.81315,1.00,1.00
2017.02.09 17:21:35.425,0.81302,0.81315,1.00,1.00
2017.02.09 17:21:35.964,0.81304,0.81315,1.00,1.00
2017.02.09 17:21:36.615,0.81304,0.81321,1.00,1.00
2017.02.09 17:21:37.225,0.81305,0.81321,1.00,1.00
2017.02.09 17:21:38.207,0.81304,0.81315,1.00,1.00
2017.02.09 17:21:38.762,0.81302,0.81315,2.25,1.00
2017.02.09 17:21:39.207,0.813,0.81315,1.00,1.00
2017.02.09 17:21:39.745,0.813,0.81316,1.50,1.00
2017.02.09 17:21:40.470,0.81301,0.81316,1.00,1.00
2017.02.09 17:21:41.568,0.81301,0.81315,1.00,1.00
2017.02.09 17:21:43.000,0.81302,0.81315,1.00,1.00
2017.02.09 17:21:43.795,0.813,0.81315,1.00,1.00
2017.02.09 17:21:45.520,0.81299,0.81315,1.00,1.00
2017.02.09 17:21:46.025,0.813,0.81315,1.00,1.00
2017.02.09 17:21:46.538,0.81301,0.81315,1.00,1.00
2017.02.09 17:21:47.318,0.81301,0.8131,1.12,1.00
2017.02.09 17:21:47.992,0.81298,0.8131,1.00,1.00
2017.02.09 17:21:51.670,0.81299,0.8131,1.00,1.00
2017.02.09 17:21:53.019,0.813,0.8131,1.00,1.00
2017.02.09 17:21:53.070,0.81298,0.8131,1.00,1.00
2017.02.09 17:21:53.171,0.81297,0.81305,1.12,1.00
2017.02.09 17:21:53.891,0.81297,0.8131,1.00,1.00
2017.02.09 17:21:55.680,0.81298,0.8131,1.00,1.00
2017.02.09 17:21:55.731,0.813,0.8131,1.00,1.00
2017.02.09 17:21:56.365,0.81301,0.81315,1.00,1.00
2017.02.09 17:21:57.006,0.813,0.81315,1.12,1.00
2017.02.09 17:21:57.998,0.813,0.8131,1.12,1.00
2017.02.09 17:21:58.609,0.813,0.81311,1.00,1.00
2017.02.09 17:21:59.466,0.81299,0.81311,1.00,1.00
2017.02.09 17:21:59.516,0.81299,0.81315,1.00,1.00
2017.02.09 17:22:00.317,0.81299,0.8131,1.00,1.00
2017.02.09 17:22:02.327,0.81297,0.8131,1.12,1.00
2017.02.09 17:22:02.463,0.81299,0.8131,1.00,1.00
2017.02.09 17:22:04.361,0.81298,0.8131,1.00,1.00
2017.02.09 17:22:04.912,0.81299,0.8131,1.00,1.00
2017.02.09 17:22:05.428,0.813,0.8131,1.00,1.00
2017.02.09 17:22:09.264,0.81301,0.8131,1.00,1.00
2017.02.09 17:22:09.365,0.813,0.81315,1.00,1.00
2017.02.09 17:22:10.372,0.81302,0.81315,1.00,1.00
2017.02.09 17:22:11.176,0.81301,0.81315,1.00,1.00
2017.02.09 17:22:21.465,0.813,0.81315,1.00,1.00
2017.02.09 17:22:22.334,0.81299,0.81315,1.12,1.00
2017.02.09 17:22:22.638,0.81295,0.8131,1.00,1.00
2017.02.09 17:22:23.087,0.81295,0.81314,1.00,1.00
2017.02.09 17:22:23.632,0.81296,0.81315,1.00,1.50
2017.02.09 17:22:24.461,0.81295,0.81314,1.00,1.00
2017.02.09 17:22:24.816,0.81297,0.81315,1.00,1.00
2017.02.09 17:22:25.121,0.81299,0.81316,1.00,1.12
2017.02.09 17:22:25.628,0.81299,0.81315,1.00,1.00
2017.02.09 17:22:26.340,0.81299,0.81316,1.00,1.00
2017.02.09 17:22:28.561,0.81299,0.81315,1.00,1.00
2017.02.09 17:22:30.085,0.813,0.81315,1.00,1.00
2017.02.09 17:22:30.722,0.81299,0.81315,1.00,1.00
2017.02.09 17:22:31.795,0.81298,0.81315,1.12,1.00
2017.02.09 17:22:44.716,0.81298,0.81311,1.12,1.00
2017.02.09 17:22:49.885,0.81297,0.81315,1.50,1.00
2017.02.09 17:22:50.547,0.81297,0.8131,1.50,1.00
2017.02.09 17:22:51.156,0.81297,0.81315,1.50,1.00
2017.02.09 17:22:55.316,0.81297,0.8131,1.50,1.00
2017.02.09 17:22:55.516,0.81297,0.81315,1.50,1.00
2017.02.09 17:22:56.504,0.81297,0.8131,1.50,1.00
2017.02.09 17:23:01.178,0.81297,0.81311,1.50,1.00
2017.02.09 17:23:01.380,0.81296,0.8131,1.00,1.00
2017.02.09 17:23:02.445,0.81296,0.8131,1.75,1.00
2017.02.09 17:23:03.228,0.81299,0.8131,1.00,1.00
2017.02.09 17:23:03.279,0.81299,0.81315,1.00,1.00
2017.02.09 17:23:03.616,0.81299,0.8131,1.00,1.00
2017.02.09 17:23:04.190,0.813,0.8131,1.00,1.00
2017.02.09 17:23:04.798,0.81299,0.8131,1.00,1.00
2017.02.09 17:23:05.216,0.81299,0.81316,1.00,1.00
2017.02.09 17:23:07.122,0.81298,0.81316,1.12,1.00
2017.02.09 17:23:08.057,0.81296,0.81315,2.10,1.00
2017.02.09 17:23:08.158,0.81295,0.8131,2.25,1.00
2017.02.09 17:23:08.460,0.81294,0.8131,2.10,1.00
2017.02.09 17:23:08.967,0.81294,0.81311,1.67,1.00
2017.02.09 17:23:12.679,0.81294,0.8131,2.10,1.00
2017.02.09 17:23:12.780,0.81292,0.81305,1.75,1.00
2017.02.09 17:23:12.882,0.81292,0.8131,2.05,1.00
2017.02.09 17:23:12.983,0.81293,0.8131,1.00,1.00
2017.02.09 17:23:13.622,0.81292,0.8131,2.25,1.00
2017.02.09 17:23:14.185,0.81292,0.8131,1.00,1.00
2017.02.09 17:23:15.574,0.81292,0.81311,1.00,1.00
2017.02.09 17:23:16.078,0.81292,0.8131,1.30,1.00
2017.02.09 17:23:16.659,0.81291,0.8131,1.12,1.00
2017.02.09 17:23:19.819,0.81289,0.81309,1.97,1.00
2017.02.09 17:23:20.331,0.81288,0.81308,2.47,1.00
2017.02.09 17:23:20.745,0.81288,0.81308,1.35,1.00
2017.02.09 17:23:21.167,0.81288,0.81308,2.10,1.00
2017.02.09 17:23:21.670,0.81288,0.8131,2.10,3.00
2017.02.09 17:23:29.613,0.81292,0.8131,1.00,1.50
2017.02.09 17:23:29.935,0.81292,0.8131,1.75,1.00
2017.02.09 17:23:32.132,0.81293,0.81311,1.50,1.00
2017.02.09 17:23:33.240,0.81293,0.8131,1.50,1.00
2017.02.09 17:23:33.861,0.81294,0.81314,1.12,1.00
2017.02.09 17:23:35.317,0.81294,0.8131,1.12,1.00
2017.02.09 17:23:44.817,0.81295,0.8131,1.00,1.00
2017.02.09 17:23:45.120,0.81296,0.8131,1.50,1.00
2017.02.09 17:23:46.754,0.81296,0.81315,2.25,1.00
2017.02.09 17:23:48.553,0.81301,0.81315,1.00,1.00
2017.02.09 17:23:49.701,0.81303,0.8132,1.00,1.00
2017.02.09 17:23:49.802,0.81305,0.8132,1.00,1.00
2017.02.09 17:23:50.462,0.81305,0.81321,1.12,1.00
2017.02.09 17:23:51.145,0.81305,0.8132,1.12,1.00
2017.02.09 17:23:53.474,0.81304,0.81321,1.50,1.00
2017.02.09 17:23:53.726,0.81302,0.8132,1.50,1.00
2017.02.09 17:23:55.456,0.81302,0.81315,1.50,1.00
2017.02.09 17:23:55.557,0.813,0.81315,1.12,1.00
2017.02.09 17:23:56.727,0.81295,0.8131,4.12,1.00
2017.02.09 17:23:56.828,0.81295,0.8131,1.75,1.00
2017.02.09 17:23:57.299,0.81296,0.81316,1.50,1.00
2017.02.09 17:23:57.451,0.81297,0.81311,1.12,1.00
2017.02.09 17:23:57.963,0.81296,0.81311,1.00,1.00
2017.02.09 17:23:58.466,0.81296,0.8131,1.00,1.00
2017.02.09 17:23:58.819,0.81297,0.81315,1.50,1.00
2017.02.09 17:23:59.118,0.813,0.8132,1.00,1.00
2017.02.09 17:23:59.419,0.813,0.81315,1.00,1.00
2017.02.09 17:23:59.815,0.813,0.8132,1.00,1.00
2017.02.09 17:24:00.015,0.813,0.81315,1.00,1.00
2017.02.09 17:24:00.523,0.813,0.81316,1.00,1.00
2017.02.09 17:24:01.066,0.813,0.81315,1.00,1.00
2017.02.09 17:24:01.601,0.81303,0.81315,1.50,1.00
2017.02.09 17:24:01.702,0.81303,0.8132,2.25,1.00
2017.02.09 17:24:02.714,0.81303,0.81315,1.00,1.00
2017.02.09 17:24:02.803,0.81298,0.81315,1.00,1.00
2017.02.09 17:24:03.005,0.813,0.81315,1.00,1.00
2017.02.09 17:24:03.258,0.813,0.8132,1.00,1.00
2017.02.09 17:24:03.480,0.813,0.8132,1.75,1.00
2017.02.09 17:24:03.831,0.813,0.81315,2.25,1.00
2017.02.09 17:24:05.257,0.81298,0.81315,1.75,1.00
2017.02.09 17:24:06.694,0.81299,0.81316,1.50,1.00
2017.02.09 17:24:06.846,0.81305,0.8132,1.50,1.00
2017.02.09 17:24:07.264,0.81308,0.81325,1.00,1.00
2017.02.09 17:24:07.314,0.81306,0.8132,1.12,1.00
2017.02.09 17:24:07.617,0.81304,0.8132,1.00,1.00
2017.02.09 17:24:08.425,0.81305,0.8132,1.00,1.00
2017.02.09 17:24:09.469,0.81306,0.8132,1.00,1.00
2017.02.09 17:24:09.570,0.81307,0.81325,1.00,1.00
2017.02.09 17:24:10.530,0.81305,0.81323,1.50,1.00
2017.02.09 17:24:10.833,0.81306,0.81325,1.37,1.00
2017.02.09 17:24:12.741,0.81307,0.8132,1.12,1.00
2017.02.09 17:24:13.384,0.81307,0.81325,1.12,1.00
2017.02.09 17:24:13.956,0.81306,0.81326,1.37,1.50
2017.02.09 17:24:14.132,0.81305,0.81324,1.50,1.00
2017.02.09 17:24:14.448,0.81305,0.81321,1.50,1.00
2017.02.09 17:24:14.807,0.81302,0.8132,2.25,1.00
2017.02.09 17:24:18.541,0.81303,0.81315,1.50,1.00
2017.02.09 17:24:18.592,0.81303,0.8132,1.50,1.00
2017.02.09 17:24:18.794,0.81302,0.81316,1.75,1.00
2017.02.09 17:24:18.895,0.81302,0.81315,1.00,1.00
2017.02.09 17:24:19.248,0.81302,0.8132,1.00,1.00
2017.02.09 17:24:19.794,0.81303,0.8132,1.50,1.00
2017.02.09 17:24:20.903,0.81301,0.81319,1.75,1.00
2017.02.09 17:24:21.106,0.81299,0.81319,1.75,1.00
2017.02.09 17:24:23.243,0.81301,0.81321,1.12,1.50
2017.02.09 17:24:23.759,0.81301,0.8132,1.12,1.00
2017.02.09 17:24:24.275,0.81302,0.8132,1.00,1.00
2017.02.09 17:24:25.231,0.81301,0.8132,1.12,1.00
2017.02.09 17:24:28.309,0.813,0.81315,1.50,1.00
2017.02.09 17:24:28.622,0.81299,0.81315,1.12,1.00
2017.02.09 17:24:29.365,0.813,0.81315,1.00,1.00
2017.02.09 17:24:29.489,0.813,0.8132,1.00,1.87
2017.02.09 17:24:29.540,0.81301,0.81315,1.00,1.00
2017.02.09 17:24:30.208,0.813,0.81315,1.00,1.00
2017.02.09 17:24:30.720,0.81297,0.81315,2.25,1.00
2017.02.09 17:24:31.133,0.81297,0.81315,1.50,1.00
2017.02.09 17:24:31.234,0.81296,0.8131,1.12,1.00
2017.02.09 17:24:34.707,0.81297,0.81315,1.00,1.00
2017.02.09 17:24:34.885,0.81297,0.8131,1.00,1.00
2017.02.09 17:24:34.936,0.81299,0.81315,1.00,1.00
2017.02.09 17:24:34.987,0.81302,0.81315,1.00,1.00
2017.02.09 17:24:35.189,0.81295,0.81315,2.25,1.00
2017.02.09 17:24:35.290,0.81295,0.8131,2.25,1.00
2017.02.09 17:24:36.255,0.81295,0.8131,1.12,1.00
2017.02.09 17:24:36.661,0.81289,0.81305,2.62,1.00
2017.02.09 17:24:36.712,0.81289,0.81305,1.12,1.00
2017.02.09 17:24:36.816,0.81289,0.8131,1.12,1.50
2017.02.09 17:24:37.018,0.81289,0.81305,1.12,1.00
2017.02.09 17:24:37.321,0.81286,0.81305,1.87,1.00
2017.02.09 17:24:39.645,0.81283,0.813,1.75,1.00
2017.02.09 17:24:39.797,0.81282,0.81302,1.50,1.50
2017.02.09 17:24:39.848,0.81282,0.813,1.12,1.00
2017.02.09 17:24:41.268,0.81284,0.81305,1.00,3.00
2017.02.09 17:24:41.520,0.81285,0.813,1.00,1.00
2017.02.09 17:24:41.755,0.81283,0.813,1.00,1.00
2017.02.09 17:24:42.511,0.81282,0.813,1.00,1.00
2017.02.09 17:24:42.612,0.81285,0.81304,1.50,1.00
2017.02.09 17:24:42.713,0.81286,0.81306,1.00,1.12
2017.02.09 17:24:42.814,0.81284,0.81306,1.87,1.12
2017.02.09 17:24:42.915,0.81283,0.81301,1.50,1.00
2017.02.09 17:24:42.966,0.81282,0.81305,2.25,2.25
2017.02.09 17:24:43.016,0.81283,0.813,1.50,1.00
2017.02.09 17:24:43.218,0.81285,0.81305,2.25,1.00
2017.02.09 17:24:43.269,0.81287,0.81305,1.87,1.00
2017.02.09 17:24:43.517,0.81287,0.81307,1.87,1.50
2017.02.09 17:24:43.719,0.81287,0.81305,1.87,1.00
2017.02.09 17:24:44.221,0.81283,0.81305,1.12,2.62
2017.02.09 17:24:44.774,0.81284,0.81305,1.87,1.50
2017.02.09 17:24:44.875,0.81285,0.81307,2.25,1.12
2017.02.09 17:24:45.027,0.81285,0.81305,2.25,1.00
2017.02.09 17:24:46.728,0.81285,0.813,1.50,1.00
2017.02.09 17:24:47.032,0.81284,0.813,1.00,1.00
2017.02.09 17:24:47.335,0.81284,0.81304,1.00,1.12
2017.02.09 17:24:47.452,0.81283,0.813,2.62,1.00
2017.02.09 17:24:47.755,0.81282,0.813,1.50,1.00
2017.02.09 17:24:48.063,0.81281,0.813,1.87,1.00
2017.02.09 17:24:48.265,0.81282,0.813,2.62,1.00
2017.02.09 17:24:48.778,0.81284,0.813,1.00,1.00
2017.02.09 17:24:49.002,0.81284,0.81304,1.00,1.00
2017.02.09 17:24:49.053,0.81285,0.81304,1.37,1.00
2017.02.09 17:24:49.356,0.81291,0.81308,1.00,1.37
2017.02.09 17:24:49.653,0.81296,0.81315,1.00,1.12
2017.02.09 17:24:49.754,0.81293,0.81315,3.00,1.12
2017.02.09 17:24:49.805,0.81297,0.81315,1.00,1.12
2017.02.09 17:24:50.057,0.81305,0.81325,1.50,1.12
2017.02.09 17:24:50.108,0.81308,0.8132,1.00,1.00
2017.02.09 17:24:50.159,0.81307,0.81325,1.50,1.00
2017.02.09 17:24:50.210,0.8131,0.81329,1.00,1.50
2017.02.09 17:24:50.415,0.81311,0.8133,1.00,1.00
2017.02.09 17:24:50.465,0.81318,0.81334,1.00,1.00
2017.02.09 17:24:50.970,0.81317,0.81335,1.50,1.00
2017.02.09 17:24:51.612,0.81317,0.81335,2.25,1.00
2017.02.09 17:24:51.663,0.8132,0.8134,1.12,1.00
2017.02.09 17:24:51.764,0.8132,0.81335,1.12,1.00
2017.02.09 17:24:52.067,0.81316,0.8133,1.12,1.00
2017.02.09 17:24:52.218,0.81312,0.8133,3.00,1.00
2017.02.09 17:24:52.269,0.81312,0.8133,2.25,1.00
2017.02.09 17:24:52.841,0.81312,0.81335,1.00,1.12
2017.02.09 17:24:53.713,0.81309,0.8133,2.25,1.00
2017.02.09 17:24:54.067,0.81308,0.81325,1.75,1.00
2017.02.09 17:24:54.168,0.81306,0.81325,1.87,1.00
2017.02.09 17:24:54.218,0.81306,0.8132,1.87,1.00
2017.02.09 17:24:54.490,0.81302,0.81325,2.25,1.00
2017.02.09 17:24:54.590,0.813,0.8132,1.75,1.00
2017.02.09 17:24:54.910,0.81299,0.81315,1.75,1.00
2017.02.09 17:24:55.011,0.81297,0.8132,6.37,1.00
2017.02.09 17:24:55.112,0.81297,0.8132,1.50,1.50
2017.02.09 17:24:55.263,0.81298,0.81315,1.00,1.00
2017.02.09 17:24:55.547,0.81293,0.81315,1.75,1.00
2017.02.09 17:24:55.836,0.81301,0.8132,1.30,1.50
2017.02.09 17:24:55.988,0.81305,0.81325,1.00,1.12
2017.02.09 17:24:56.537,0.81306,0.81325,1.12,1.00
2017.02.09 17:24:56.638,0.81308,0.81325,1.00,1.00
2017.02.09 17:24:57.089,0.81308,0.8133,1.87,1.00
2017.02.09 17:24:57.190,0.8131,0.8133,1.00,1.00
2017.02.09 17:24:57.493,0.81307,0.81325,1.50,1.00
2017.02.09 17:24:57.544,0.81307,0.81329,1.50,1.00
2017.02.09 17:24:57.695,0.8131,0.8133,1.00,1.00
2017.02.09 17:24:58.224,0.81309,0.8133,1.50,1.00
2017.02.09 17:24:58.615,0.81307,0.8133,1.75,1.50
2017.02.09 17:24:58.716,0.81305,0.8132,1.75,1.00
2017.02.09 17:24:58.970,0.813,0.81316,1.12,1.00
2017.02.09 17:24:59.072,0.81295,0.81316,2.77,1.00
2017.02.09 17:24:59.712,0.81294,0.81315,1.75,1.00
2017.02.09 17:24:59.763,0.81299,0.81317,1.00,1.00
2017.02.09 17:24:59.864,0.81298,0.81319,1.50,1.12
2017.02.09 17:24:59.914,0.81299,0.8132,1.37,1.12
2017.02.09 17:25:00.470,0.81302,0.8132,1.00,1.00
2017.02.09 17:25:00.882,0.81302,0.8132,1.75,1.00
2017.02.09 17:25:01.567,0.81299,0.81315,2.62,1.00
2017.02.09 17:25:01.668,0.81299,0.8132,2.62,1.50
2017.02.09 17:25:01.769,0.81296,0.81315,1.75,1.00
2017.02.09 17:25:02.565,0.81295,0.8131,1.75,1.00
2017.02.09 17:25:02.818,0.81293,0.8131,1.12,1.00
2017.02.09 17:25:03.021,0.8129,0.81305,1.75,1.00
2017.02.09 17:25:03.173,0.81288,0.81305,2.25,1.00
2017.02.09 17:25:03.324,0.81294,0.8131,1.00,1.00
2017.02.09 17:25:03.375,0.81296,0.81313,1.00,1.87
2017.02.09 17:25:03.426,0.81294,0.8131,1.00,1.00
2017.02.09 17:25:03.477,0.81292,0.8131,2.25,1.00
2017.02.09 17:25:03.527,0.81296,0.8131,1.37,1.00
2017.02.09 17:25:03.629,0.81292,0.81315,3.37,1.00
2017.02.09 17:25:03.680,0.81293,0.81315,1.50,1.00
2017.02.09 17:25:04.131,0.81293,0.8131,2.25,1.00
2017.02.09 17:25:06.555,0.81293,0.81315,1.50,1.50
2017.02.09 17:25:06.962,0.81293,0.8131,1.50,1.00
2017.02.09 17:25:07.013,0.8129,0.8131,1.75,1.00
2017.02.09 17:25:07.064,0.8129,0.81305,1.75,1.00
2017.02.09 17:25:07.114,0.81289,0.81305,1.37,1.00
2017.02.09 17:25:07.216,0.81287,0.81305,1.50,1.00
2017.02.09 17:25:08.218,0.81286,0.81305,1.37,1.00
2017.02.09 17:25:08.319,0.81285,0.81305,1.87,1.00
2017.02.09 17:25:08.420,0.81287,0.81305,1.12,1.00
2017.02.09 17:25:09.151,0.81287,0.813,1.00,1.00
2017.02.09 17:25:09.717,0.81285,0.813,1.12,1.00
2017.02.09 17:25:11.416,0.81286,0.813,1.00,1.00
2017.02.09 17:25:11.467,0.81288,0.81305,1.00,1.00
2017.02.09 17:25:11.770,0.81282,0.813,4.12,1.00
2017.02.09 17:25:11.821,0.81284,0.813,1.12,1.00
2017.02.09 17:25:11.922,0.81284,0.81302,1.00,1.12
2017.02.09 17:25:12.023,0.81285,0.81305,1.37,1.37
2017.02.09 17:25:12.125,0.81285,0.81305,1.37,1.00
2017.02.09 17:25:12.659,0.81285,0.81306,1.37,1.00
2017.02.09 17:25:13.242,0.81286,0.81305,1.12,1.00
2017.02.09 17:25:14.663,0.81291,0.81308,1.00,1.87
2017.02.09 17:25:14.966,0.81288,0.81305,1.50,1.00
2017.02.09 17:25:15.027,0.81285,0.81305,1.75,1.00
2017.02.09 17:25:16.004,0.81284,0.813,1.75,1.00
2017.02.09 17:25:16.055,0.81286,0.813,1.00,1.00
2017.02.09 17:25:16.510,0.81282,0.813,1.50,1.00
2017.02.09 17:25:17.305,0.8128,0.81295,2.25,1.00
2017.02.09 17:25:17.470,0.8128,0.813,3.00,1.00
2017.02.09 17:25:17.521,0.81279,0.81295,1.75,1.00
2017.02.09 17:25:17.622,0.81279,0.81295,1.50,1.00
2017.02.09 17:25:19.369,0.81281,0.813,1.87,1.00
2017.02.09 17:25:26.573,0.8128,0.81295,1.75,1.00
2017.02.09 17:25:26.725,0.81278,0.81296,1.75,1.00
2017.02.09 17:25:26.927,0.81279,0.813,1.50,1.35
2017.02.09 17:25:26.978,0.81279,0.81295,1.50,1.00
2017.02.09 17:25:27.389,0.81279,0.81295,2.25,1.00
2017.02.09 17:25:27.490,0.8128,0.81301,1.75,1.00
2017.02.09 17:25:27.819,0.81279,0.813,1.50,1.00
2017.02.09 17:25:27.993,0.81276,0.81295,2.25,1.00
2017.02.09 17:25:28.337,0.81276,0.8129,1.87,1.00
2017.02.09 17:25:29.281,0.81275,0.81296,2.25,1.00
2017.02.09 17:25:29.822,0.81276,0.81295,1.12,1.00
2017.02.09 17:25:31.694,0.81278,0.81295,1.00,1.00
2017.02.09 17:25:32.024,0.81279,0.81295,1.50,1.00
2017.02.09 17:25:33.571,0.81277,0.81295,1.50,1.00
2017.02.09 17:25:33.742,0.81279,0.81298,1.00,1.12
2017.02.09 17:25:34.066,0.8128,0.813,1.00,1.00
2017.02.09 17:25:35.538,0.8128,0.81295,1.00,1.00
2017.02.09 17:25:36.755,0.81278,0.81295,1.12,1.00
2017.02.09 17:25:37.821,0.81279,0.81295,1.00,1.00
2017.02.09 17:25:38.550,0.81273,0.81293,3.37,1.50
2017.02.09 17:25:38.717,0.81272,0.81293,1.75,1.00
2017.02.09 17:25:38.768,0.81272,0.81293,1.00,1.50
2017.02.09 17:25:38.819,0.81272,0.81293,1.87,1.12
2017.02.09 17:25:38.870,0.81274,0.81295,1.12,1.87
2017.02.09 17:25:38.921,0.81276,0.81295,1.00,1.12
2017.02.09 17:25:39.522,0.81277,0.81295,1.12,1.00
2017.02.09 17:25:40.014,0.81272,0.8129,1.87,1.00
2017.02.09 17:25:40.065,0.81272,0.8129,1.50,1.00
2017.02.09 17:25:40.578,0.81272,0.8129,2.25,1.00
2017.02.09 17:25:40.629,0.81272,0.8129,2.25,1.00
2017.02.09 17:25:40.730,0.81272,0.8129,2.25,1.00
2017.02.09 17:25:46.089,0.81275,0.81295,1.00,1.50
2017.02.09 17:25:46.628,0.81273,0.8129,1.75,1.00
2017.02.09 17:25:46.779,0.81271,0.8129,1.12,1.00
2017.02.09 17:25:47.285,0.81273,0.81291,1.50,1.00
2017.02.09 17:25:47.870,0.81274,0.8129,1.12,1.00
2017.02.09 17:25:49.671,0.81275,0.8129,1.00,1.00
2017.02.09 17:25:49.773,0.81278,0.81295,1.00,1.00
2017.02.09 17:25:50.675,0.81277,0.81295,1.87,1.00
2017.02.09 17:25:51.013,0.81279,0.81295,1.00,1.00
2017.02.09 17:25:53.161,0.81278,0.81295,1.50,1.00
2017.02.09 17:25:53.848,0.81279,0.81295,1.00,1.00
2017.02.09 17:25:54.610,0.81278,0.81295,1.50,1.00
2017.02.09 17:25:55.047,0.81274,0.8129,3.00,1.00
2017.02.09 17:25:55.444,0.81277,0.81296,1.12,1.50
2017.02.09 17:25:55.548,0.81277,0.8129,1.12,1.00
2017.02.09 17:25:56.468,0.81277,0.81295,1.12,1.00
2017.02.09 17:25:57.308,0.81278,0.81295,1.00,1.00
2017.02.09 17:25:57.893,0.81277,0.81295,1.12,1.50
2017.02.09 17:25:58.095,0.81276,0.8129,1.50,1.00
2017.02.09 17:25:58.194,0.81279,0.81295,1.00,1.00
2017.02.09 17:25:58.698,0.81279,0.81295,1.50,1.00
2017.02.09 17:25:59.327,0.81278,0.81295,1.00,1.00
2017.02.09 17:25:59.848,0.81279,0.81295,1.50,1.00
2017.02.09 17:26:00.720,0.81279,0.81298,1.50,1.00
2017.02.09 17:26:00.922,0.81279,0.81295,1.50,1.00
2017.02.09 17:26:01.312,0.81279,0.81298,1.50,1.00
2017.02.09 17:26:05.063,0.81279,0.81295,1.00,1.50
2017.02.09 17:26:05.114,0.81277,0.81295,1.00,1.50
2017.02.09 17:26:05.164,0.81277,0.81291,1.00,1.00
2017.02.09 17:26:05.266,0.81274,0.81291,1.12,1.50
2017.02.09 17:26:05.367,0.81275,0.81294,1.00,1.00
2017.02.09 17:26:06.267,0.81275,0.81295,1.00,1.50
2017.02.09 17:26:07.706,0.81275,0.81294,1.00,1.00
2017.02.09 17:26:07.756,0.81274,0.8129,1.12,1.00
2017.02.09 17:26:08.385,0.81271,0.8129,1.12,1.00
2017.02.09 17:26:09.170,0.81275,0.8129,1.00,1.00
2017.02.09 17:26:09.221,0.81275,0.81293,1.00,1.50
2017.02.09 17:26:09.397,0.81271,0.81292,1.12,1.12
2017.02.09 17:26:09.548,0.81272,0.8129,1.00,1.00
2017.02.09 17:26:09.621,0.81272,0.81293,1.00,1.50
2017.02.09 17:26:09.672,0.81272,0.81293,2.25,1.00
2017.02.09 17:26:09.975,0.81274,0.8129,1.87,1.00
2017.02.09 17:26:10.412,0.81271,0.8129,1.12,1.00
2017.02.09 17:26:11.077,0.81272,0.8129,1.00,1.00
2017.02.09 17:26:14.375,0.81273,0.81293,1.00,1.12
2017.02.09 17:26:14.425,0.81273,0.81291,1.00,1.00
2017.02.09 17:26:14.937,0.81273,0.8129,1.00,1.00
2017.02.09 17:26:15.455,0.81268,0.81285,3.00,1.00
2017.02.09 17:26:15.959,0.8127,0.81285,1.50,1.00
2017.02.09 17:26:16.592,0.81271,0.81286,1.00,1.00
2017.02.09 17:26:17.117,0.81271,0.81285,1.00,1.00
2017.02.09 17:26:17.663,0.8127,0.81285,1.00,1.00
2017.02.09 17:26:18.167,0.81269,0.81285,1.00,1.00
2017.02.09 17:26:18.535,0.8127,0.81288,1.00,1.00
2017.02.09 17:26:18.636,0.8127,0.81285,1.00,1.00
2017.02.09 17:26:20.035,0.81269,0.81285,1.00,1.00
2017.02.09 17:26:20.703,0.8127,0.81285,1.00,1.00
2017.02.09 17:26:21.365,0.81269,0.81285,1.00,1.00
2017.02.09 17:26:22.026,0.8127,0.81285,1.00,1.00
2017.02.09 17:26:22.814,0.81269,0.81285,1.00,1.00
2017.02.09 17:26:23.344,0.8127,0.81285,1.00,1.00
2017.02.09 17:26:25.315,0.81272,0.81286,1.50,1.00
2017.02.09 17:26:25.518,0.81273,0.81289,1.00,1.00
2017.02.09 17:26:25.568,0.81271,0.81285,1.50,1.00
2017.02.09 17:26:26.129,0.81271,0.81285,1.00,1.00
2017.02.09 17:26:26.650,0.8127,0.81285,1.00,1.00
2017.02.09 17:26:27.332,0.81269,0.81285,1.87,1.00
2017.02.09 17:26:27.967,0.8127,0.81285,1.00,1.00
2017.02.09 17:26:28.700,0.8127,0.81286,1.00,1.00
2017.02.09 17:26:29.374,0.81269,0.81286,1.12,1.00
2017.02.09 17:26:29.911,0.8127,0.81285,1.00,1.00
2017.02.09 17:26:30.481,0.81269,0.81285,1.12,1.00
2017.02.09 17:26:30.987,0.8127,0.81285,1.00,1.00
2017.02.09 17:26:33.268,0.8127,0.81288,1.00,1.00
2017.02.09 17:26:33.319,0.8127,0.81285,1.00,1.00
2017.02.09 17:26:33.848,0.81272,0.81285,1.00,1.00
2017.02.09 17:26:34.796,0.81272,0.81286,1.00,1.00
2017.02.09 17:26:35.350,0.81272,0.81285,1.00,1.00
2017.02.09 17:26:35.728,0.81272,0.8129,1.50,1.50
2017.02.09 17:26:36.261,0.81273,0.8129,1.00,1.50
2017.02.09 17:26:38.840,0.81272,0.8129,1.50,1.00
2017.02.09 17:26:39.591,0.81272,0.81289,1.00,1.00
2017.02.09 17:26:39.831,0.81273,0.81291,1.00,1.87
2017.02.09 17:26:40.573,0.81273,0.8129,1.00,1.00
2017.02.09 17:26:40.775,0.81275,0.8129,1.00,1.00
2017.02.09 17:26:41.280,0.81274,0.8129,1.50,1.00
2017.02.09 17:26:41.797,0.81275,0.81291,1.00,1.00
2017.02.09 17:26:42.385,0.81275,0.8129,1.00,1.00
2017.02.09 17:26:42.637,0.81278,0.81296,1.00,1.50
2017.02.09 17:26:42.840,0.8128,0.81295,1.00,1.00
2017.02.09 17:26:43.631,0.81281,0.81295,1.00,1.00
2017.02.09 17:26:44.364,0.8128,0.81295,1.00,1.00
2017.02.09 17:26:44.898,0.81281,0.81295,1.00,1.00
2017.02.09 17:26:45.416,0.81281,0.81296,1.00,1.00
2017.02.09 17:26:46.911,0.81281,0.81295,1.00,1.00
2017.02.09 17:26:48.453,0.81283,0.81295,1.00,1.00
2017.02.09 17:26:49.385,0.81283,0.813,1.50,1.50
2017.02.09 17:26:49.435,0.81285,0.813,1.00,1.50
2017.02.09 17:26:49.788,0.81287,0.813,1.00,1.00
2017.02.09 17:26:49.839,0.81284,0.813,1.00,1.00
2017.02.09 17:26:50.343,0.81284,0.81303,1.87,1.00
2017.02.09 17:26:50.596,0.81284,0.813,2.25,1.00
2017.02.09 17:26:51.140,0.81286,0.813,1.00,1.00
2017.02.09 17:26:57.512,0.81284,0.813,1.00,1.00
2017.02.09 17:26:57.614,0.81284,0.81295,1.00,1.00
2017.02.09 17:26:57.765,0.81282,0.81295,1.00,1.00
2017.02.09 17:26:58.118,0.81282,0.813,1.00,1.00
2017.02.09 17:26:58.801,0.81282,0.81301,1.00,1.50
2017.02.09 17:26:59.758,0.81282,0.81295,1.00,1.00
2017.02.09 17:27:00.223,0.81282,0.813,1.00,1.00
2017.02.09 17:27:00.430,0.81281,0.81295,1.87,1.00
2017.02.09 17:27:02.216,0.81279,0.81295,1.00,1.00
2017.02.09 17:27:05.540,0.81278,0.81295,1.50,1.00
2017.02.09 17:27:06.076,0.81277,0.81295,1.12,1.00
2017.02.09 17:27:06.479,0.81279,0.81295,1.00,1.00
2017.02.09 17:27:07.084,0.81277,0.81295,1.00,1.00
2017.02.09 17:27:07.521,0.81279,0.81295,1.12,1.00
2017.02.09 17:27:07.875,0.81277,0.81295,1.00,1.00
2017.02.09 17:27:08.027,0.81279,0.81295,1.00,1.00
2017.02.09 17:27:09.306,0.81281,0.81295,1.00,1.00
2017.02.09 17:27:10.975,0.8128,0.81295,1.00,1.00
2017.02.09 17:27:11.926,0.81279,0.81295,1.12,1.00
2017.02.09 17:27:12.927,0.8128,0.81295,1.00,1.00
2017.02.09 17:27:13.453,0.81281,0.81295,1.00,1.00
2017.02.09 17:27:14.565,0.8128,0.81295,1.00,1.00
2017.02.09 17:27:15.234,0.81281,0.81295,1.00,1.00
2017.02.09 17:27:17.881,0.8128,0.81295,1.00,1.00
2017.02.09 17:27:18.395,0.81281,0.81295,1.00,1.00
2017.02.09 17:27:20.103,0.81281,0.81296,1.00,1.00
2017.02.09 17:27:20.534,0.81279,0.81295,1.12,1.00
2017.02.09 17:27:23.221,0.81282,0.81295,1.00,1.00
2017.02.09 17:27:23.850,0.81279,0.81295,1.50,1.00
2017.02.09 17:27:25.099,0.81281,0.81295,1.12,1.00
2017.02.09 17:27:25.860,0.81281,0.813,1.12,1.50
2017.02.09 17:27:26.472,0.81282,0.813,1.00,1.00
2017.02.09 17:27:26.627,0.81282,0.81295,1.00,1.00
2017.02.09 17:27:29.102,0.81281,0.81295,1.12,1.00
2017.02.09 17:27:29.315,0.81281,0.813,1.12,1.00
2017.02.09 17:27:29.366,0.81279,0.81297,1.75,1.00
2017.02.09 17:27:29.679,0.81279,0.81295,1.00,1.00
2017.02.09 17:27:30.150,0.81276,0.8129,1.50,1.00
2017.02.09 17:27:30.251,0.81276,0.81294,1.12,1.00
2017.02.09 17:27:30.352,0.81276,0.8129,1.12,1.00
2017.02.09 17:27:30.691,0.81276,0.81294,1.12,1.00
2017.02.09 17:27:30.793,0.81279,0.81296,1.00,1.00
2017.02.09 17:27:30.896,0.81277,0.81295,2.25,1.00
2017.02.09 17:27:30.947,0.81277,0.81295,1.37,1.50
2017.02.09 17:27:31.202,0.81277,0.81295,1.00,1.50
2017.02.09 17:27:31.522,0.81279,0.81295,1.00,1.00
2017.02.09 17:27:31.856,0.81276,0.81295,1.87,1.00
2017.02.09 17:27:32.341,0.81278,0.81295,1.00,1.00
2017.02.09 17:27:33.238,0.81278,0.81296,1.00,1.50
2017.02.09 17:27:33.495,0.81276,0.81295,1.12,1.00
2017.02.09 17:27:33.546,0.81274,0.8129,1.75,1.00
2017.02.09 17:27:33.799,0.81275,0.81295,2.25,1.00
2017.02.09 17:27:34.498,0.81277,0.81295,1.50,1.00
2017.02.09 17:27:34.923,0.8128,0.81295,1.00,1.00
2017.02.09 17:27:35.150,0.8128,0.813,1.50,1.50
2017.02.09 17:27:35.316,0.8128,0.81295,1.50,1.00
2017.02.09 17:27:35.542,0.8128,0.813,1.50,1.50
2017.02.09 17:27:36.432,0.8128,0.81296,1.50,1.00
2017.02.09 17:27:36.628,0.8128,0.813,1.50,1.50
2017.02.09 17:27:36.729,0.81278,0.81298,2.25,1.00
2017.02.09 17:27:37.111,0.81281,0.81295,1.00,1.00
2017.02.09 17:27:38.107,0.81281,0.813,1.00,1.00
2017.02.09 17:27:38.783,0.81282,0.813,1.00,1.00
2017.02.09 17:27:39.321,0.81283,0.813,1.00,1.00
2017.02.09 17:27:39.828,0.81284,0.813,1.00,1.00
2017.02.09 17:27:40.504,0.81283,0.813,1.00,1.00
2017.02.09 17:27:41.040,0.81283,0.81295,1.00,1.00
2017.02.09 17:27:41.141,0.81283,0.813,1.00,1.00
2017.02.09 17:27:41.351,0.81283,0.81295,1.00,1.00
2017.02.09 17:27:41.907,0.81282,0.81295,1.00,1.00
2017.02.09 17:27:42.189,0.81282,0.813,1.00,1.50
2017.02.09 17:27:44.886,0.81281,0.813,1.00,1.50
2017.02.09 17:27:44.937,0.81279,0.81298,1.12,1.00
2017.02.09 17:27:45.239,0.81282,0.813,1.00,1.00
2017.02.09 17:27:46.181,0.81281,0.81295,1.50,1.00
2017.02.09 17:27:46.283,0.8128,0.81299,1.75,1.00
2017.02.09 17:27:46.384,0.8128,0.81299,1.12,1.00
2017.02.09 17:27:46.755,0.8128,0.81295,1.12,1.00
2017.02.09 17:27:46.856,0.81281,0.813,1.00,1.50
2017.02.09 17:27:46.957,0.81285,0.813,1.00,1.00
2017.02.09 17:27:47.108,0.81283,0.813,1.00,1.00
2017.02.09 17:27:47.645,0.81281,0.813,1.37,1.00
2017.02.09 17:27:48.048,0.81281,0.81296,1.00,1.00
2017.02.09 17:27:48.598,0.81279,0.81295,1.50,1.00
2017.02.09 17:27:49.143,0.81279,0.81295,1.00,1.00
2017.02.09 17:28:04.061,0.81278,0.81295,1.00,1.00
2017.02.09 17:28:05.617,0.81278,0.81295,1.37,1.00
2017.02.09 17:28:06.454,0.81279,0.81296,1.12,1.00
2017.02.09 17:28:06.996,0.81279,0.81295,1.12,1.00
2017.02.09 17:28:11.634,0.81276,0.81295,1.37,1.50
2017.02.09 17:28:11.685,0.81276,0.81295,1.00,1.50
2017.02.09 17:28:12.585,0.81277,0.81295,1.00,1.50
2017.02.09 17:28:13.112,0.81278,0.81295,1.50,1.00
2017.02.09 17:28:13.542,0.81278,0.81297,1.87,1.00
2017.02.09 17:28:14.103,0.81279,0.81298,1.00,1.00
2017.02.09 17:28:14.345,0.8128,0.81295,1.00,1.00
2017.02.09 17:28:14.447,0.8128,0.81299,1.00,1.12
2017.02.09 17:28:15.191,0.81281,0.81299,1.00,1.12
2017.02.09 17:28:16.043,0.81281,0.81296,1.00,1.00
2017.02.09 17:28:20.418,0.81279,0.81296,1.00,1.00
2017.02.09 17:28:23.548,0.81283,0.813,1.00,1.37
2017.02.09 17:28:24.093,0.81283,0.813,1.00,1.00
2017.02.09 17:28:24.544,0.81281,0.813,1.12,1.00
2017.02.09 17:28:25.352,0.81281,0.81299,1.12,1.00
2017.02.09 17:28:25.892,0.81281,0.813,1.12,1.00
2017.02.09 17:28:31.448,0.81283,0.813,1.00,1.00
2017.02.09 17:28:32.354,0.81281,0.81299,1.12,1.00
2017.02.09 17:28:33.329,0.8128,0.81298,1.50,1.00
2017.02.09 17:28:34.591,0.81281,0.81299,1.12,1.00
2017.02.09 17:28:35.720,0.8128,0.81298,1.50,1.00
2017.02.09 17:28:35.894,0.8128,0.81295,1.50,1.00
2017.02.09 17:28:37.348,0.8128,0.81296,1.50,1.00
2017.02.09 17:28:37.399,0.81281,0.81299,1.12,1.00
2017.02.09 17:28:37.980,0.81282,0.813,1.12,1.50
2017.02.09 17:28:38.485,0.81283,0.813,1.00,1.00
2017.02.09 17:28:39.388,0.81283,0.81302,1.00,1.00
2017.02.09 17:28:39.970,0.81284,0.81303,1.00,1.12
2017.02.09 17:28:40.120,0.81284,0.813,1.50,1.00
2017.02.09 17:28:40.463,0.81291,0.81305,1.00,1.00
2017.02.09 17:28:40.565,0.81288,0.81305,1.12,1.00
2017.02.09 17:28:40.716,0.8129,0.81305,1.00,1.00
2017.02.09 17:28:41.019,0.81288,0.81305,1.00,1.00
2017.02.09 17:28:41.606,0.81287,0.81305,1.00,1.50
2017.02.09 17:28:43.110,0.81288,0.81305,1.00,1.00
2017.02.09 17:28:43.760,0.81289,0.81306,1.00,1.00
2017.02.09 17:28:44.350,0.81288,0.8131,2.10,2.25
2017.02.09 17:28:44.401,0.81292,0.81311,2.10,1.75
2017.02.09 17:28:44.502,0.81293,0.8131,1.00,1.12
2017.02.09 17:28:45.034,0.81292,0.8131,1.00,2.25
2017.02.09 17:28:47.899,0.81295,0.81313,1.00,1.75
2017.02.09 17:28:47.950,0.81293,0.8131,1.50,1.50
2017.02.09 17:28:48.000,0.81297,0.81314,1.00,2.62
2017.02.09 17:28:48.102,0.81298,0.81315,1.00,1.50
2017.02.09 17:28:48.603,0.81298,0.81315,1.00,1.00
2017.02.09 17:28:48.653,0.81298,0.81311,1.00,1.00
2017.02.09 17:28:48.817,0.81298,0.81315,1.00,1.00
2017.02.09 17:28:49.325,0.81299,0.81315,1.00,1.00
2017.02.09 17:28:50.109,0.81297,0.81315,1.00,1.00
2017.02.09 17:28:52.732,0.81297,0.8131,1.00,1.00
2017.02.09 17:28:53.234,0.81296,0.8131,1.00,1.00
2017.02.09 17:28:53.766,0.81297,0.8131,1.00,1.00
2017.02.09 17:28:53.968,0.81295,0.8131,1.00,1.00
2017.02.09 17:28:57.118,0.81294,0.8131,1.00,1.00
2017.02.09 17:29:00.245,0.81293,0.81309,1.00,1.00
2017.02.09 17:29:00.296,0.81292,0.81305,1.12,1.00
2017.02.09 17:29:00.347,0.81292,0.8131,1.12,1.00
2017.02.09 17:29:00.498,0.81295,0.8131,1.00,1.00
2017.02.09 17:29:01.207,0.81294,0.8131,1.00,1.00
2017.02.09 17:29:04.128,0.81295,0.81313,1.00,1.00
2017.02.09 17:29:05.480,0.81295,0.8131,1.00,1.00
2017.02.09 17:29:05.581,0.81293,0.8131,1.00,1.00
2017.02.09 17:29:05.732,0.81295,0.8131,1.00,1.00
2017.02.09 17:29:06.008,0.81293,0.81311,1.00,1.00
2017.02.09 17:29:06.514,0.81292,0.8131,1.00,1.12
2017.02.09 17:29:09.946,0.81294,0.8131,1.00,1.12
2017.02.09 17:29:10.224,0.81295,0.81314,1.00,1.12
2017.02.09 17:29:10.946,0.81295,0.81313,1.00,1.00
2017.02.09 17:29:11.047,0.81295,0.8131,1.00,1.00
2017.02.09 17:29:11.657,0.81298,0.8131,1.00,1.00
2017.02.09 17:29:11.759,0.81298,0.81315,1.00,1.50
2017.02.09 17:29:11.809,0.81298,0.8131,1.00,1.00
2017.02.09 17:29:12.316,0.81296,0.8131,1.00,1.00
2017.02.09 17:29:12.817,0.81295,0.8131,1.00,1.00
2017.02.09 17:29:12.981,0.81296,0.81315,1.00,1.50
2017.02.09 17:29:13.235,0.81296,0.8131,1.50,1.00
2017.02.09 17:29:13.960,0.81296,0.81311,1.00,1.00
2017.02.09 17:29:16.335,0.81296,0.8131,1.50,1.00
2017.02.09 17:29:16.436,0.81294,0.8131,1.00,1.50
2017.02.09 17:29:16.958,0.81293,0.8131,1.00,1.50
2017.02.09 17:29:17.832,0.81292,0.8131,1.00,1.50
2017.02.09 17:29:18.362,0.81293,0.8131,1.50,1.00
2017.02.09 17:29:19.218,0.81293,0.81311,1.50,1.12
2017.02.09 17:29:20.750,0.81293,0.8131,1.50,1.00
2017.02.09 17:29:20.851,0.81291,0.81308,1.00,1.00
2017.02.09 17:29:21.078,0.81287,0.81305,1.50,1.00
2017.02.09 17:29:21.579,0.81288,0.81305,1.00,1.00
2017.02.09 17:29:23.655,0.81288,0.81306,1.00,1.12
2017.02.09 17:29:23.756,0.8129,0.81306,1.00,1.00
2017.02.09 17:29:24.062,0.81292,0.8131,1.00,2.25
2017.02.09 17:29:24.288,0.81292,0.8131,1.00,1.50
2017.02.09 17:29:24.872,0.81293,0.8131,1.00,1.12
2017.02.09 17:29:29.229,0.81292,0.8131,1.00,1.12
2017.02.09 17:29:29.750,0.81293,0.8131,1.00,1.12
2017.02.09 17:29:30.002,0.81292,0.81306,1.00,1.00
2017.02.09 17:29:30.154,0.81291,0.81309,1.00,1.00
2017.02.09 17:29:34.170,0.8129,0.81309,1.50,1.00
2017.02.09 17:29:34.699,0.81291,0.81309,1.00,1.00
2017.02.09 17:29:35.509,0.8129,0.81309,1.50,1.00
2017.02.09 17:29:36.170,0.8129,0.8131,1.50,1.12
2017.02.09 17:29:38.761,0.81291,0.8131,1.00,1.12
2017.02.09 17:29:40.359,0.81291,0.81305,1.00,1.00
2017.02.09 17:29:41.345,0.81289,0.81305,1.50,1.00
2017.02.09 17:29:44.898,0.8129,0.81305,1.00,1.00
2017.02.09 17:29:45.409,0.81288,0.81305,1.50,1.00
2017.02.09 17:29:45.511,0.81292,0.8131,1.00,1.87
2017.02.09 17:29:45.814,0.81292,0.81306,1.12,1.00
2017.02.09 17:29:46.211,0.81292,0.8131,1.12,1.00
2017.02.09 17:29:46.414,0.81293,0.81305,1.00,1.00
2017.02.09 17:29:48.439,0.81293,0.81306,1.00,1.00
2017.02.09 17:29:49.080,0.81293,0.81305,1.00,1.00
2017.02.09 17:29:50.627,0.81292,0.81305,1.12,1.00
2017.02.09 17:29:51.043,0.81293,0.8131,1.12,1.00
2017.02.09 17:29:51.145,0.81293,0.81305,1.12,1.00
2017.02.09 17:29:53.055,0.81294,0.8131,1.00,1.00
2017.02.09 17:29:53.560,0.81295,0.8131,1.00,1.00
2017.02.09 17:29:55.400,0.81296,0.8131,1.00,1.00
2017.02.09 17:29:55.501,0.81298,0.8131,1.00,1.00
2017.02.09 17:29:55.552,0.81298,0.81315,1.00,1.37
2017.02.09 17:29:55.754,0.81298,0.81311,1.00,1.00
2017.02.09 17:29:56.255,0.81297,0.8131,1.00,1.00
2017.02.09 17:29:57.822,0.81293,0.8131,1.75,1.00
2017.02.09 17:29:57.974,0.81293,0.81312,1.75,1.00
2017.02.09 17:29:58.025,0.81295,0.8131,1.12,1.00
2017.02.09 17:29:58.361,0.81289,0.81305,1.87,1.00
2017.02.09 17:29:58.411,0.81289,0.81305,1.87,1.00
2017.02.09 17:29:58.512,0.81289,0.813,1.12,1.00
2017.02.09 17:29:59.060,0.81289,0.81306,1.87,1.00
2017.02.09 17:29:59.564,0.81289,0.81305,1.12,1.00
2017.02.09 17:30:02.032,0.81288,0.81305,1.00,1.00
2017.02.09 17:30:04.728,0.81287,0.81305,1.00,1.00
2017.02.09 17:30:04.851,0.81291,0.81305,1.00,1.00
2017.02.09 17:30:04.953,0.81289,0.81305,1.00,1.00
2017.02.09 17:30:05.065,0.81289,0.81307,1.00,1.00
2017.02.09 17:30:05.116,0.81291,0.81309,1.00,1.00
2017.02.09 17:30:05.519,0.81291,0.81305,1.00,1.00
2017.02.09 17:30:05.822,0.81289,0.81305,1.87,1.00
2017.02.09 17:30:06.073,0.81289,0.81309,1.87,1.00
2017.02.09 17:30:06.701,0.8129,0.81309,1.00,1.00
2017.02.09 17:30:06.912,0.81289,0.81305,1.87,1.00
2017.02.09 17:30:07.064,0.81292,0.8131,1.00,1.50
2017.02.09 17:30:07.367,0.81291,0.81305,1.00,1.00
2017.02.09 17:30:07.922,0.81292,0.81305,1.50,1.00
2017.02.09 17:30:07.974,0.81292,0.8131,1.00,1.50
2017.02.09 17:30:08.581,0.81292,0.81311,1.00,1.87
2017.02.09 17:30:09.790,0.81292,0.81309,1.00,1.00
2017.02.09 17:30:10.401,0.81292,0.8131,1.00,1.00
2017.02.09 17:30:10.947,0.81293,0.8131,1.50,1.00
2017.02.09 17:30:11.462,0.81292,0.8131,1.87,1.00
2017.02.09 17:30:12.096,0.81293,0.8131,1.00,1.00
2017.02.09 17:30:12.722,0.81295,0.8131,1.00,1.00
2017.02.09 17:30:12.773,0.81293,0.8131,1.00,1.00
2017.02.09 17:30:13.147,0.81295,0.8131,1.00,1.00
2017.02.09 17:30:13.478,0.81292,0.8131,2.62,1.50
2017.02.09 17:30:13.984,0.81293,0.8131,1.00,1.00
2017.02.09 17:30:14.517,0.81294,0.8131,1.00,1.00
2017.02.09 17:30:16.683,0.81293,0.8131,1.00,1.00
2017.02.09 17:30:17.568,0.81292,0.8131,1.12,1.50
2017.02.09 17:30:18.121,0.81291,0.81309,1.00,1.00
2017.02.09 17:30:18.483,0.81293,0.81311,1.00,2.25
2017.02.09 17:30:19.030,0.81294,0.8131,1.00,1.00
2017.02.09 17:30:21.225,0.81292,0.8131,1.50,1.50
2017.02.09 17:30:21.284,0.81292,0.81305,1.00,1.00
2017.02.09 17:30:21.436,0.8129,0.81305,1.12,1.00
2017.02.09 17:30:22.041,0.8129,0.81306,1.12,1.00
2017.02.09 17:30:23.144,0.8129,0.81305,1.12,1.00
2017.02.09 17:30:23.652,0.81289,0.81305,1.00,1.00
2017.02.09 17:30:25.043,0.8129,0.81305,1.00,1.00
2017.02.09 17:30:25.423,0.81287,0.81305,1.12,1.00
2017.02.09 17:30:25.946,0.81286,0.813,2.25,1.00
2017.02.09 17:30:26.047,0.81286,0.81305,2.25,1.50
2017.02.09 17:30:26.377,0.81286,0.813,1.50,1.00
2017.02.09 17:30:26.842,0.81287,0.81305,1.12,1.00
2017.02.09 17:30:27.810,0.81288,0.81305,1.00,1.00
2017.02.09 17:30:28.062,0.81289,0.813,1.00,1.00
2017.02.09 17:30:28.449,0.81289,0.81305,1.00,1.00
2017.02.09 17:30:29.972,0.81288,0.81305,1.00,1.00
2017.02.09 17:30:34.945,0.81287,0.81305,1.87,1.50
2017.02.09 17:30:37.572,0.81287,0.813,1.12,1.00
2017.02.09 17:30:37.825,0.81284,0.813,1.12,1.00
2017.02.09 17:30:38.559,0.81285,0.813,1.00,1.00
2017.02.09 17:30:39.732,0.81286,0.81305,1.00,1.87
2017.02.09 17:30:39.833,0.81285,0.81303,1.00,1.00
2017.02.09 17:30:40.137,0.81285,0.813,1.00,1.00
2017.02.09 17:30:42.161,0.81284,0.813,1.00,1.00
2017.02.09 17:30:42.262,0.81286,0.81304,1.00,1.00
2017.02.09 17:30:42.313,0.81286,0.813,1.00,1.00
2017.02.09 17:30:44.079,0.81285,0.813,1.00,1.00
2017.02.09 17:30:47.996,0.81285,0.81304,1.00,1.00
2017.02.09 17:30:50.719,0.81286,0.81304,1.00,1.00
2017.02.09 17:30:52.153,0.81286,0.81305,1.00,1.50
2017.02.09 17:30:52.254,0.81286,0.813,1.00,1.00
2017.02.09 17:30:59.015,0.81284,0.813,1.00,1.00
2017.02.09 17:31:04.118,0.81286,0.813,1.00,1.00
2017.02.09 17:31:04.168,0.81286,0.81305,1.00,2.25
2017.02.09 17:31:04.421,0.81288,0.81305,1.00,1.50
2017.02.09 17:31:05.083,0.81288,0.81305,1.00,1.00
2017.02.09 17:31:05.943,0.81289,0.81305,1.00,1.00
2017.02.09 17:31:06.481,0.81288,0.81305,1.00,1.00
2017.02.09 17:31:06.986,0.81287,0.81305,1.00,1.50
2017.02.09 17:31:07.303,0.8129,0.81305,1.00,1.00
2017.02.09 17:31:08.459,0.8129,0.81306,1.00,1.00
2017.02.09 17:31:09.316,0.8129,0.81305,1.00,1.00
2017.02.09 17:31:10.570,0.81292,0.81305,1.00,1.00
2017.02.09 17:31:11.387,0.81293,0.81305,1.00,1.00
2017.02.09 17:31:14.258,0.81292,0.81305,1.00,1.00
2017.02.09 17:31:17.738,0.8129,0.81305,1.50,1.00
2017.02.09 17:31:18.963,0.81289,0.81305,1.12,1.00
2017.02.09 17:31:19.583,0.81288,0.81305,1.00,1.00
2017.02.09 17:31:20.207,0.81289,0.81305,1.00,1.00
2017.02.09 17:31:23.174,0.8129,0.81305,1.00,1.00
2017.02.09 17:31:23.964,0.81291,0.81305,1.00,1.00
2017.02.09 17:31:24.015,0.81293,0.8131,1.00,1.00
2017.02.09 17:31:24.521,0.81294,0.8131,1.00,1.00
2017.02.09 17:31:25.492,0.81294,0.81311,1.00,1.00
2017.02.09 17:31:26.121,0.81293,0.8131,1.50,1.00
2017.02.09 17:31:26.804,0.81292,0.8131,1.87,1.00
2017.02.09 17:31:27.344,0.81293,0.81311,1.00,1.00
2017.02.09 17:31:27.876,0.81294,0.8131,1.00,1.00
2017.02.09 17:31:29.242,0.81293,0.8131,1.50,1.00
2017.02.09 17:31:32.912,0.81294,0.8131,1.00,1.00
2017.02.09 17:31:40.063,0.81293,0.8131,1.50,1.00
2017.02.09 17:31:47.570,0.81292,0.81305,1.00,1.00
2017.02.09 17:31:47.772,0.81293,0.8131,1.00,1.87
2017.02.09 17:31:48.312,0.81292,0.8131,1.00,1.87
2017.02.09 17:31:48.678,0.81291,0.81306,1.00,1.00
2017.02.09 17:31:48.779,0.81289,0.81305,1.50,1.00
2017.02.09 17:31:54.738,0.81287,0.81305,1.37,1.50
2017.02.09 17:31:55.860,0.81287,0.81305,1.50,1.00
2017.02.09 17:31:56.411,0.81286,0.81304,1.00,1.00
2017.02.09 17:31:57.235,0.81286,0.81305,1.00,1.50
2017.02.09 17:31:59.018,0.81286,0.81304,1.00,1.00
2017.02.09 17:32:00.020,0.81286,0.81305,1.00,1.50
2017.02.09 17:32:00.700,0.81286,0.813,1.00,1.00
2017.02.09 17:32:01.204,0.81285,0.813,1.12,1.00
2017.02.09 17:32:03.586,0.81282,0.813,1.12,1.00
2017.02.09 17:32:04.051,0.81284,0.813,1.00,1.00
2017.02.09 17:32:04.560,0.81285,0.813,1.00,1.00
2017.02.09 17:32:05.420,0.81285,0.81303,1.00,1.00
2017.02.09 17:32:05.817,0.81285,0.813,1.00,1.00
2017.02.09 17:32:06.014,0.81285,0.81303,1.00,1.00
2017.02.09 17:32:06.666,0.81285,0.813,1.00,1.00
2017.02.09 17:32:06.817,0.81283,0.813,1.00,1.00
2017.02.09 17:32:07.019,0.81285,0.81304,1.00,1.12
2017.02.09 17:32:07.121,0.81287,0.81305,1.00,1.50
2017.02.09 17:32:07.993,0.81288,0.81305,1.00,1.50
2017.02.09 17:32:08.525,0.81289,0.81305,1.00,1.50
2017.02.09 17:32:10.249,0.81288,0.81305,1.00,1.50
2017.02.09 17:32:13.134,0.81288,0.81305,1.00,1.00
2017.02.09 17:32:14.258,0.81289,0.81305,1.00,1.00
2017.02.09 17:32:14.597,0.81291,0.81305,1.00,1.00
2017.02.09 17:32:14.648,0.81293,0.8131,1.00,1.75
2017.02.09 17:32:14.799,0.81293,0.8131,1.00,1.00
2017.02.09 17:32:16.936,0.81294,0.8131,1.00,1.00
2017.02.09 17:32:18.101,0.81293,0.8131,1.00,1.00
2017.02.09 17:32:18.152,0.81296,0.8131,1.00,1.00
2017.02.09 17:32:19.078,0.81296,0.81311,1.50,1.00
2017.02.09 17:32:19.129,0.81296,0.81313,1.00,1.00
2017.02.09 17:32:19.179,0.81296,0.8131,1.00,1.00
2017.02.09 17:32:19.800,0.81295,0.8131,1.00,1.00
2017.02.09 17:32:20.569,0.81294,0.8131,1.00,1.00
2017.02.09 17:32:21.644,0.81292,0.8131,1.50,1.50
2017.02.09 17:32:22.600,0.81291,0.81309,1.75,1.00
2017.02.09 17:32:22.701,0.81291,0.81309,1.00,1.00
2017.02.09 17:32:23.624,0.8129,0.81309,1.12,1.00
2017.02.09 17:32:24.152,0.81291,0.81309,1.00,1.00
2017.02.09 17:32:24.703,0.81292,0.8131,1.00,1.50
2017.02.09 17:32:25.208,0.81293,0.8131,1.00,1.00
2017.02.09 17:32:27.155,0.81293,0.81311,1.00,1.12
2017.02.09 17:32:29.288,0.81294,0.81312,1.00,1.50
2017.02.09 17:32:31.851,0.81294,0.8131,1.00,1.00
2017.02.09 17:32:32.464,0.81294,0.81312,1.00,1.12
2017.02.09 17:32:32.514,0.81294,0.8131,1.00,1.00
2017.02.09 17:32:35.928,0.81293,0.8131,1.12,1.00
2017.02.09 17:32:47.302,0.81294,0.8131,1.00,1.00
2017.02.09 17:32:47.505,0.81297,0.81314,1.00,1.00
2017.02.09 17:32:47.703,0.81301,0.81315,1.00,1.00
2017.02.09 17:32:48.356,0.81301,0.81316,1.00,1.00
2017.02.09 17:32:50.751,0.81301,0.81319,1.00,1.75
2017.02.09 17:32:51.256,0.81302,0.8132,1.00,2.25
2017.02.09 17:32:51.714,0.81301,0.81315,1.00,1.00
2017.02.09 17:32:53.416,0.81301,0.8132,1.00,1.87
2017.02.09 17:32:54.131,0.81302,0.8132,1.00,1.00
2017.02.09 17:32:55.129,0.81302,0.81315,1.00,1.00
2017.02.09 17:32:58.557,0.813,0.81315,1.50,1.00
2017.02.09 17:32:59.125,0.81302,0.81315,1.00,1.00
2017.02.09 17:32:59.915,0.81302,0.81315,1.50,1.00
2017.02.09 17:33:00.602,0.81303,0.8132,1.12,1.00
2017.02.09 17:33:01.553,0.81304,0.8132,1.00,1.00
2017.02.09 17:33:02.555,0.81303,0.8132,1.12,1.00
2017.02.09 17:33:05.506,0.81303,0.81321,1.12,1.50
2017.02.09 17:33:06.185,0.81304,0.8132,1.00,1.00
2017.02.09 17:33:07.421,0.81305,0.8132,1.00,1.00
2017.02.09 17:33:10.571,0.81306,0.81321,1.00,1.00
2017.02.09 17:33:10.673,0.81304,0.8132,1.50,1.00
2017.02.09 17:33:10.824,0.81305,0.81315,1.00,1.00
2017.02.09 17:33:11.129,0.81305,0.8132,1.00,1.00
2017.02.09 17:33:12.720,0.81305,0.81323,1.50,1.12
2017.02.09 17:33:12.821,0.81305,0.8132,1.50,1.00
2017.02.09 17:33:13.630,0.81305,0.81316,1.00,1.00
2017.02.09 17:33:14.252,0.81303,0.81316,2.25,1.00
2017.02.09 17:33:15.521,0.81302,0.81316,1.37,1.00
2017.02.09 17:33:15.622,0.813,0.81316,2.25,1.00
2017.02.09 17:33:16.224,0.813,0.81315,2.25,1.00
2017.02.09 17:33:20.114,0.81299,0.81316,1.75,1.00
2017.02.09 17:33:20.316,0.81299,0.81316,1.00,1.00
2017.02.09 17:33:20.929,0.81299,0.81315,1.00,1.00
2017.02.09 17:33:21.460,0.813,0.81315,1.00,1.00
2017.02.09 17:33:21.970,0.81301,0.81315,1.00,1.00
2017.02.09 17:33:22.589,0.81301,0.81316,1.00,1.00
2017.02.09 17:33:23.238,0.81301,0.81315,1.00,1.00
2017.02.09 17:33:24.599,0.813,0.81315,1.12,1.00
2017.02.09 17:33:25.145,0.813,0.81316,1.12,1.00
2017.02.09 17:33:26.322,0.81301,0.81316,1.00,1.00
2017.02.09 17:33:26.872,0.813,0.81315,1.00,1.00
2017.02.09 17:33:27.533,0.81299,0.81315,1.00,1.00
2017.02.09 17:33:28.442,0.813,0.81315,1.00,1.00
2017.02.09 17:33:29.410,0.81301,0.81315,1.00,1.00
2017.02.09 17:33:29.918,0.81302,0.81315,1.00,1.00
2017.02.09 17:33:30.544,0.81301,0.81315,1.00,1.00
2017.02.09 17:33:31.043,0.81303,0.8132,1.00,1.50
2017.02.09 17:33:31.295,0.81303,0.81315,1.00,1.00
2017.02.09 17:33:32.023,0.81302,0.81315,1.00,1.00
2017.02.09 17:33:33.097,0.81301,0.81315,1.00,1.00
2017.02.09 17:33:33.623,0.81301,0.81316,1.00,1.00
2017.02.09 17:33:34.526,0.81301,0.81315,1.00,1.00
2017.02.09 17:33:37.966,0.813,0.81315,1.00,1.00
2017.02.09 17:33:38.499,0.81299,0.81315,1.12,1.00
2017.02.09 17:33:40.442,0.81301,0.81315,1.00,1.00
2017.02.09 17:33:40.988,0.81302,0.8132,1.00,2.62
2017.02.09 17:33:42.488,0.81302,0.81315,1.12,1.00
2017.02.09 17:33:43.361,0.813,0.81315,1.00,1.00
2017.02.09 17:33:43.463,0.81298,0.81315,1.00,1.00
2017.02.09 17:33:43.715,0.81298,0.8131,1.00,1.00
2017.02.09 17:33:46.919,0.81298,0.81315,1.00,1.00
2017.02.09 17:33:47.743,0.81298,0.8131,1.00,1.00
2017.02.09 17:33:48.253,0.81297,0.8131,1.00,1.00
2017.02.09 17:33:48.787,0.81296,0.8131,1.00,1.00
2017.02.09 17:33:51.077,0.81297,0.8131,1.00,1.00
2017.02.09 17:33:52.164,0.81298,0.81315,1.00,1.12
2017.02.09 17:33:53.126,0.813,0.81315,1.00,1.00
2017.02.09 17:33:54.128,0.81299,0.81315,1.00,1.00
2017.02.09 17:33:55.625,0.81299,0.81316,1.00,1.00
2017.02.09 17:33:56.281,0.81299,0.81315,1.00,1.00
2017.02.09 17:33:57.113,0.81299,0.8131,1.00,1.00
2017.02.09 17:33:58.498,0.81299,0.81311,1.00,1.00
2017.02.09 17:33:58.996,0.81297,0.8131,1.12,1.00
2017.02.09 17:33:59.047,0.81298,0.81316,1.00,1.00
2017.02.09 17:33:59.098,0.81298,0.8131,1.00,1.00
2017.02.09 17:33:59.199,0.81299,0.81315,1.00,1.00
2017.02.09 17:33:59.540,0.81301,0.81315,1.12,1.00
2017.02.09 17:34:02.099,0.813,0.81315,1.00,1.00
2017.02.09 17:34:03.100,0.81301,0.81315,1.00,1.00
2017.02.09 17:34:07.075,0.813,0.81315,1.00,1.00
2017.02.09 17:34:10.652,0.813,0.81315,1.37,1.00
2017.02.09 17:34:14.444,0.81302,0.81315,1.00,1.00
2017.02.09 17:34:14.596,0.81303,0.8132,1.00,1.00
2017.02.09 17:34:15.618,0.81303,0.81315,1.00,1.00
2017.02.09 17:34:15.956,0.81303,0.8132,1.00,1.00
2017.02.09 17:34:16.246,0.81303,0.81315,1.00,1.00
2017.02.09 17:34:17.096,0.81302,0.81315,1.00,1.00
2017.02.09 17:34:18.797,0.81302,0.8132,1.00,1.50
2017.02.09 17:34:21.993,0.81302,0.81315,1.00,1.00
2017.02.09 17:34:22.044,0.81302,0.8132,1.00,1.50
2017.02.09 17:34:24.129,0.81303,0.81321,1.00,1.50
2017.02.09 17:34:24.718,0.81302,0.8132,1.00,1.00
2017.02.09 17:34:25.280,0.81304,0.8132,1.00,1.00
2017.02.09 17:34:25.616,0.81302,0.8132,1.00,1.00
2017.02.09 17:34:35.309,0.81301,0.81315,1.50,1.00
2017.02.09 17:34:36.310,0.81302,0.81315,1.00,1.00
2017.02.09 17:34:38.258,0.81304,0.81315,1.00,1.00
2017.02.09 17:34:38.768,0.81303,0.81316,1.00,1.00
2017.02.09 17:34:40.627,0.81303,0.81315,1.00,1.00
2017.02.09 17:34:42.002,0.81303,0.8132,1.00,1.00
2017.02.09 17:34:42.826,0.81301,0.81315,1.12,1.00
2017.02.09 17:34:43.812,0.81302,0.81315,1.00,1.00
2017.02.09 17:34:44.764,0.81303,0.81315,1.00,1.00
2017.02.09 17:34:44.815,0.81304,0.8132,1.00,1.00
2017.02.09 17:34:48.920,0.81305,0.8132,1.00,1.00
2017.02.09 17:34:51.668,0.81306,0.8132,1.00,1.00
2017.02.09 17:34:51.719,0.81308,0.8132,1.00,1.00
2017.02.09 17:34:52.199,0.81305,0.8132,1.87,1.00
2017.02.09 17:34:52.864,0.81305,0.81321,1.87,1.35
2017.02.09 17:34:53.923,0.81305,0.81315,1.12,1.00
2017.02.09 17:34:54.055,0.81303,0.81315,1.50,1.00
2017.02.09 17:34:54.106,0.81306,0.8132,1.00,1.00
2017.02.09 17:34:56.558,0.81306,0.81321,1.00,1.00
2017.02.09 17:34:57.330,0.81306,0.8132,1.00,1.00
2017.02.09 17:34:57.997,0.81305,0.8132,1.50,1.00
2017.02.09 17:34:59.487,0.81303,0.8132,2.25,1.00
2017.02.09 17:34:59.639,0.81302,0.8132,1.00,1.00
2017.02.09 17:34:59.841,0.81301,0.81315,1.00,1.00
2017.02.09 17:35:00.381,0.813,0.81315,1.12,1.00
2017.02.09 17:35:00.533,0.813,0.81317,1.12,1.00
2017.02.09 17:35:00.643,0.81302,0.81315,1.00,1.00
2017.02.09 17:35:01.153,0.813,0.81315,1.12,1.00
2017.02.09 17:35:01.669,0.813,0.81315,1.75,1.00
2017.02.09 17:35:06.123,0.81302,0.8132,1.12,1.00
2017.02.09 17:35:06.275,0.81304,0.8132,1.00,1.00
2017.02.09 17:35:06.680,0.81303,0.81315,1.00,1.00
2017.02.09 17:35:06.731,0.81302,0.8132,1.87,1.50
2017.02.09 17:35:06.832,0.81302,0.81316,1.87,1.00
2017.02.09 17:35:07.034,0.813,0.81316,1.00,1.00
2017.02.09 17:35:07.577,0.813,0.81315,1.00,1.00
2017.02.09 17:35:10.030,0.81301,0.81315,1.00,1.00
2017.02.09 17:35:11.004,0.81302,0.81315,1.00,1.00
2017.02.09 17:35:12.355,0.81302,0.81321,1.00,1.50
2017.02.09 17:35:12.406,0.81304,0.81321,1.00,1.50
2017.02.09 17:35:12.715,0.81303,0.81315,1.12,1.00
2017.02.09 17:35:13.791,0.81303,0.8132,1.12,1.00
2017.02.09 17:35:17.253,0.81302,0.8132,1.00,1.00
2017.02.09 17:35:21.337,0.81303,0.8132,1.00,1.00
2017.02.09 17:35:24.954,0.81304,0.8132,1.00,1.00
2017.02.09 17:35:25.893,0.81303,0.8132,1.12,1.00
2017.02.09 17:35:26.609,0.81304,0.81321,1.00,1.00
2017.02.09 17:35:27.138,0.81303,0.8132,1.12,1.00
2017.02.09 17:35:29.651,0.81304,0.8132,1.00,1.00
2017.02.09 17:35:36.511,0.81304,0.81321,1.00,1.00
2017.02.09 17:35:39.060,0.81306,0.8132,1.00,1.00
2017.02.09 17:35:39.582,0.81305,0.81321,1.00,1.00
2017.02.09 17:35:40.223,0.81305,0.8132,1.00,1.00
2017.02.09 17:35:40.811,0.81304,0.8132,1.00,1.00
2017.02.09 17:35:42.103,0.81305,0.8132,1.00,1.00
2017.02.09 17:35:42.154,0.81308,0.81324,1.00,1.12
2017.02.09 17:35:42.255,0.81308,0.81321,1.00,1.00
2017.02.09 17:35:44.680,0.81307,0.81321,1.00,1.00
2017.02.09 17:35:46.185,0.81307,0.8132,1.00,1.00
2017.02.09 17:35:46.873,0.81306,0.8132,1.00,1.00
2017.02.09 17:35:47.534,0.81307,0.8132,1.00,1.00
2017.02.09 17:35:48.234,0.81307,0.81325,1.00,1.00
2017.02.09 17:35:48.533,0.81307,0.8132,1.00,1.00
2017.02.09 17:36:00.483,0.81308,0.8132,1.00,1.00
2017.02.09 17:36:00.534,0.81309,0.81326,1.00,1.00
2017.02.09 17:36:00.635,0.81311,0.81325,1.00,1.00
2017.02.09 17:36:02.567,0.8131,0.81325,1.00,1.00
2017.02.09 17:36:07.202,0.81309,0.81325,1.00,1.00
2017.02.09 17:36:07.808,0.81309,0.81326,1.00,1.00
2017.02.09 17:36:08.561,0.8131,0.81325,1.00,1.00
2017.02.09 17:36:09.185,0.81311,0.81325,1.00,1.00
2017.02.09 17:36:09.707,0.8131,0.81326,1.00,1.00
2017.02.09 17:36:09.757,0.81308,0.81326,1.50,1.50
2017.02.09 17:36:09.959,0.81308,0.81321,1.50,1.00
2017.02.09 17:36:13.221,0.81308,0.81325,1.50,1.00
2017.02.09 17:36:13.272,0.8131,0.81325,1.00,1.00
2017.02.09 17:36:13.625,0.81307,0.8132,1.00,1.00
2017.02.09 17:36:13.949,0.81312,0.81325,1.00,1.00
2017.02.09 17:36:14.262,0.8131,0.8132,1.50,1.00
2017.02.09 17:36:14.363,0.81309,0.81325,1.00,1.00
2017.02.09 17:36:15.592,0.81309,0.8132,1.00,1.00
2017.02.09 17:36:18.104,0.81306,0.81325,2.62,1.00
2017.02.09 17:36:18.154,0.81306,0.8132,1.87,1.00
2017.02.09 17:36:18.356,0.81306,0.81325,1.50,1.12
2017.02.09 17:36:18.756,0.81309,0.81325,1.00,1.00
2017.02.09 17:36:25.433,0.8131,0.81325,1.00,1.00
2017.02.09 17:36:25.939,0.81311,0.81325,1.00,1.00
2017.02.09 17:36:26.462,0.81312,0.81325,1.00,1.00
2017.02.09 17:36:31.829,0.8131,0.81325,1.00,1.00
2017.02.09 17:36:32.095,0.81307,0.81325,1.12,1.50
2017.02.09 17:36:32.147,0.81309,0.8132,1.00,1.00
2017.02.09 17:36:32.727,0.81309,0.81321,1.00,1.00
2017.02.09 17:36:32.778,0.81307,0.8132,1.00,1.00
2017.02.09 17:36:32.829,0.81305,0.8132,1.00,1.00
2017.02.09 17:36:33.359,0.81306,0.8132,1.00,1.00
2017.02.09 17:36:33.897,0.81305,0.8132,1.00,1.00
2017.02.09 17:36:33.948,0.81307,0.81325,1.00,3.00
2017.02.09 17:36:34.016,0.81305,0.81325,1.00,3.00
2017.02.09 17:36:34.066,0.81305,0.8132,1.00,1.00
2017.02.09 17:36:35.131,0.81306,0.8132,1.00,1.00
2017.02.09 17:36:35.507,0.81304,0.8132,1.00,1.00
2017.02.09 17:36:36.223,0.81305,0.8132,1.00,1.00
2017.02.09 17:36:36.884,0.81306,0.8132,1.00,1.00
2017.02.09 17:36:42.097,0.81305,0.8132,1.12,1.00
2017.02.09 17:36:44.013,0.81304,0.8132,1.12,1.00
2017.02.09 17:36:44.573,0.81303,0.8132,1.12,1.00
2017.02.09 17:36:44.675,0.81304,0.81322,1.00,1.00
2017.02.09 17:36:45.190,0.81304,0.81323,1.00,1.00
2017.02.09 17:36:45.707,0.81304,0.8132,1.00,1.00
2017.02.09 17:36:46.563,0.81305,0.8132,1.00,1.00
2017.02.09 17:36:47.148,0.81305,0.81321,1.00,1.00
2017.02.09 17:36:47.736,0.81303,0.8132,1.12,1.00
2017.02.09 17:36:48.039,0.81306,0.8132,1.00,1.00
2017.02.09 17:36:48.140,0.81304,0.8132,1.00,1.00
2017.02.09 17:36:49.095,0.81305,0.8132,1.00,1.00
2017.02.09 17:36:49.954,0.81306,0.8132,1.00,1.00
2017.02.09 17:36:50.005,0.81306,0.81322,1.00,1.00
2017.02.09 17:36:50.056,0.81306,0.8132,1.00,1.00
2017.02.09 17:36:50.423,0.81306,0.81324,1.00,1.12
2017.02.09 17:36:51.330,0.81305,0.81324,1.00,1.12
2017.02.09 17:36:52.242,0.81306,0.81324,1.00,1.12
2017.02.09 17:37:01.327,0.81308,0.8132,1.00,1.00
2017.02.09 17:37:01.378,0.81308,0.81325,1.00,1.50
2017.02.09 17:37:01.681,0.81306,0.8132,1.00,1.00
2017.02.09 17:37:09.162,0.81308,0.8132,1.00,1.00
2017.02.09 17:37:09.213,0.81308,0.81325,1.00,1.00
2017.02.09 17:37:09.517,0.81311,0.81325,1.00,1.00
2017.02.09 17:37:09.874,0.81309,0.81325,1.00,1.00
2017.02.09 17:37:10.767,0.8131,0.81325,1.00,1.00
2017.02.09 17:37:12.043,0.81308,0.81325,1.00,1.00
2017.02.09 17:37:12.145,0.81308,0.81321,1.00,1.00
2017.02.09 17:37:12.246,0.81308,0.81325,1.00,1.00
2017.02.09 17:37:14.878,0.81307,0.81325,1.00,1.00
2017.02.09 17:37:15.882,0.81308,0.81325,1.00,1.00
2017.02.09 17:37:20.058,0.81309,0.81325,1.00,1.00
2017.02.09 17:37:21.029,0.81308,0.81325,1.12,1.00
2017.02.09 17:37:25.532,0.81309,0.81325,1.00,1.00
2017.02.09 17:37:26.144,0.81308,0.81325,1.12,1.00
2017.02.09 17:37:28.043,0.8131,0.81325,1.00,1.00
2017.02.09 17:37:28.195,0.81312,0.8133,1.00,1.75
2017.02.09 17:37:28.297,0.81312,0.81331,1.00,2.62
2017.02.09 17:37:28.650,0.81311,0.81325,1.12,1.00
2017.02.09 17:37:29.889,0.8131,0.81325,1.00,1.00
2017.02.09 17:37:30.399,0.81306,0.81325,1.75,1.00
2017.02.09 17:37:30.501,0.81306,0.81325,1.00,1.00
2017.02.09 17:37:31.365,0.81307,0.81325,1.00,1.00
2017.02.09 17:37:32.591,0.81308,0.81325,1.00,1.00
2017.02.09 17:37:35.095,0.81307,0.81325,1.50,1.00
2017.02.09 17:37:35.654,0.81308,0.81325,1.00,1.00
2017.02.09 17:37:36.252,0.81307,0.81325,1.50,1.00
2017.02.09 17:37:36.505,0.81308,0.81325,1.75,1.00
2017.02.09 17:37:37.853,0.8131,0.81329,1.50,1.00
2017.02.09 17:37:37.954,0.81309,0.81325,1.00,1.00
2017.02.09 17:37:38.833,0.81308,0.81325,1.12,1.00
2017.02.09 17:37:42.614,0.81305,0.81325,1.00,1.50
2017.02.09 17:37:43.399,0.81306,0.81325,1.00,1.00
2017.02.09 17:37:44.542,0.81305,0.81324,1.00,1.00
2017.02.09 17:37:45.498,0.81304,0.81325,1.00,1.00
2017.02.09 17:37:48.429,0.81306,0.81325,1.00,1.50
2017.02.09 17:37:52.736,0.81306,0.81321,1.00,1.00
2017.02.09 17:37:53.663,0.81305,0.81321,1.00,1.00
2017.02.09 17:37:57.673,0.81306,0.81321,1.00,1.00
2017.02.09 17:37:59.769,0.81307,0.81321,1.00,1.00
2017.02.09 17:37:59.820,0.81306,0.81325,1.00,1.50
2017.02.09 17:38:00.473,0.81304,0.81323,1.50,1.00
2017.02.09 17:38:00.813,0.81304,0.8132,1.50,1.00
2017.02.09 17:38:04.364,0.81304,0.8132,1.00,1.00
2017.02.09 17:38:06.589,0.81305,0.8132,1.00,1.00
2017.02.09 17:38:07.460,0.81304,0.8132,1.00,1.00
2017.02.09 17:38:10.278,0.81303,0.8132,1.00,1.00
2017.02.09 17:38:10.827,0.81303,0.81321,1.50,1.00
2017.02.09 17:38:13.751,0.81302,0.8132,1.12,1.00
2017.02.09 17:38:14.733,0.81305,0.8132,1.00,1.00
2017.02.09 17:38:14.834,0.81307,0.81323,1.00,1.12
2017.02.09 17:38:14.935,0.81307,0.81325,1.00,1.00
2017.02.09 17:38:15.440,0.81307,0.81325,1.00,1.50
2017.02.09 17:38:15.969,0.81307,0.81325,1.00,1.00
2017.02.09 17:38:21.619,0.81308,0.81325,1.00,1.00
2017.02.09 17:38:24.392,0.81309,0.81325,1.00,1.00
2017.02.09 17:38:24.493,0.8131,0.81329,1.00,1.00
2017.02.09 17:38:24.594,0.8131,0.81325,1.00,1.00
2017.02.09 17:38:25.251,0.81309,0.81325,1.12,1.00
2017.02.09 17:38:26.127,0.81309,0.81328,1.12,1.00
2017.02.09 17:38:26.537,0.8131,0.81325,1.00,1.00
2017.02.09 17:38:26.689,0.81309,0.81329,1.12,1.00
2017.02.09 17:38:27.230,0.8131,0.8133,1.00,1.87
2017.02.09 17:38:27.780,0.8131,0.81329,1.00,1.00
2017.02.09 17:38:28.334,0.8131,0.81325,1.00,1.00
2017.02.09 17:38:28.586,0.81311,0.8133,1.00,1.12
2017.02.09 17:38:28.715,0.81311,0.81325,1.00,1.00
2017.02.09 17:38:29.139,0.81311,0.8133,1.00,1.87
2017.02.09 17:38:30.452,0.8131,0.81329,1.00,1.00
2017.02.09 17:38:33.540,0.81309,0.81325,1.12,1.00
2017.02.09 17:38:34.528,0.81309,0.81328,1.00,1.00
2017.02.09 17:38:34.629,0.8131,0.81325,1.00,1.00
2017.02.09 17:38:35.430,0.81309,0.81325,1.00,1.00
2017.02.09 17:38:38.415,0.8131,0.81325,1.00,1.00
2017.02.09 17:38:40.672,0.81309,0.8133,1.50,1.00
2017.02.09 17:38:41.283,0.81311,0.8133,1.00,1.50
2017.02.09 17:38:46.211,0.8131,0.8133,1.12,1.50
2017.02.09 17:38:46.415,0.81309,0.81325,1.50,1.00
2017.02.09 17:38:46.649,0.81309,0.81329,1.50,1.00
2017.02.09 17:38:49.174,0.8131,0.81325,1.12,1.00
2017.02.09 17:38:55.629,0.8131,0.81329,1.12,1.00
2017.02.09 17:38:55.679,0.8131,0.81325,1.12,1.00
2017.02.09 17:38:59.596,0.81311,0.81325,1.00,1.00
2017.02.09 17:38:59.956,0.81311,0.8133,1.00,1.00
2017.02.09 17:39:00.414,0.81313,0.8133,1.00,1.00
2017.02.09 17:39:02.075,0.81312,0.8133,1.12,1.00
2017.02.09 17:39:05.965,0.8131,0.81329,1.75,1.00
2017.02.09 17:39:06.469,0.81311,0.8133,1.50,1.00
2017.02.09 17:39:07.654,0.81311,0.81325,1.50,1.00
2017.02.09 17:39:08.103,0.81308,0.81325,3.00,1.00
2017.02.09 17:39:08.897,0.81307,0.81325,1.00,1.00
2017.02.09 17:39:09.761,0.81306,0.81325,1.00,1.00
2017.02.09 17:39:10.287,0.81305,0.81325,1.12,1.00
2017.02.09 17:39:10.864,0.81306,0.81325,1.00,1.00
2017.02.09 17:39:14.293,0.81306,0.81326,1.00,1.87
2017.02.09 17:39:19.338,0.81307,0.81325,1.00,1.00
2017.02.09 17:39:20.564,0.81309,0.81325,1.00,1.00
2017.02.09 17:39:22.345,0.81308,0.81325,1.50,1.00
2017.02.09 17:39:22.890,0.81309,0.81326,1.00,1.00
2017.02.09 17:39:23.406,0.8131,0.81325,1.00,1.00
2017.02.09 17:39:23.936,0.81309,0.81325,1.50,1.00
2017.02.09 17:39:24.559,0.8131,0.81325,1.00,1.00
2017.02.09 17:39:25.459,0.81312,0.8133,1.00,3.00
2017.02.09 17:39:25.560,0.8131,0.8133,1.87,2.25
2017.02.09 17:39:25.662,0.8131,0.81325,1.12,1.00
2017.02.09 17:39:28.353,0.81306,0.81325,1.87,1.00
2017.02.09 17:39:28.887,0.81308,0.81325,1.00,1.00
2017.02.09 17:39:29.565,0.81307,0.81325,1.00,1.00
2017.02.09 17:39:30.070,0.81306,0.81325,2.25,1.00
2017.02.09 17:39:30.480,0.81309,0.81325,1.50,1.00
2017.02.09 17:39:30.763,0.8131,0.81328,1.00,1.00
2017.02.09 17:39:30.814,0.8131,0.81325,1.00,1.00
2017.02.09 17:39:32.058,0.8131,0.8133,1.00,1.87
2017.02.09 17:39:33.413,0.81312,0.8133,1.00,1.12
2017.02.09 17:39:33.918,0.81313,0.8133,1.00,1.00
2017.02.09 17:39:34.226,0.81311,0.8133,2.25,1.00
2017.02.09 17:39:34.529,0.81313,0.8133,1.00,1.00
2017.02.09 17:39:36.012,0.81311,0.81325,1.00,1.00
2017.02.09 17:39:36.215,0.81307,0.81325,2.62,1.00
2017.02.09 17:39:36.367,0.81308,0.81325,1.87,1.00
2017.02.09 17:39:36.417,0.81309,0.81328,1.00,1.00
2017.02.09 17:39:36.468,0.81309,0.8133,1.00,1.50
2017.02.09 17:39:36.710,0.81312,0.8133,1.00,1.50
2017.02.09 17:39:36.761,0.8131,0.8133,1.00,1.50
2017.02.09 17:39:37.670,0.81311,0.8133,1.00,1.00
2017.02.09 17:39:38.281,0.81312,0.8133,1.00,1.00
2017.02.09 17:39:39.324,0.81311,0.8133,1.00,1.00
2017.02.09 17:39:40.365,0.81311,0.81325,1.00,1.00
2017.02.09 17:39:41.223,0.81313,0.8133,1.00,1.00
2017.02.09 17:39:41.915,0.81314,0.8133,1.00,1.00
2017.02.09 17:39:42.344,0.81311,0.8133,1.00,1.50
2017.02.09 17:39:42.445,0.81311,0.81325,1.00,1.00
2017.02.09 17:39:42.848,0.81311,0.8133,1.00,1.00
2017.02.09 17:39:44.228,0.81312,0.8133,1.00,1.00
2017.02.09 17:39:44.807,0.81311,0.8133,1.50,1.00
2017.02.09 17:39:49.140,0.81311,0.81325,1.50,1.00
2017.02.09 17:39:49.647,0.81311,0.8133,1.50,1.00
2017.02.09 17:39:53.420,0.8131,0.8133,1.87,1.50
2017.02.09 17:39:53.521,0.81312,0.8133,1.00,1.00
2017.02.09 17:39:54.022,0.81311,0.8133,1.00,1.00
2017.02.09 17:39:55.424,0.81314,0.8133,1.00,1.00
2017.02.09 17:39:55.681,0.81311,0.8133,1.37,1.00
2017.02.09 17:39:56.633,0.81314,0.8133,1.00,1.00
2017.02.09 17:39:57.373,0.81313,0.8133,1.12,1.00
2017.02.09 17:39:59.079,0.81312,0.8133,1.00,1.00
2017.02.09 17:39:59.635,0.81313,0.81331,1.00,1.00
2017.02.09 17:40:00.179,0.81314,0.8133,1.00,1.00
2017.02.09 17:40:00.435,0.81315,0.81334,1.00,1.50
2017.02.09 17:40:00.941,0.81315,0.81334,1.12,1.50
2017.02.09 17:40:01.115,0.81315,0.8133,1.12,1.00
2017.02.09 17:40:02.486,0.81312,0.8133,1.00,1.00
2017.02.09 17:40:02.587,0.81314,0.81334,1.00,2.25
2017.02.09 17:40:03.130,0.81314,0.81334,1.12,1.50
2017.02.09 17:40:03.720,0.81314,0.8133,1.12,1.00
2017.02.09 17:40:04.721,0.81311,0.8133,1.12,1.00
2017.02.09 17:40:05.236,0.81311,0.81331,1.12,1.50
2017.02.09 17:40:05.549,0.81313,0.8133,1.00,1.00
2017.02.09 17:40:05.751,0.81314,0.81334,1.12,1.50
2017.02.09 17:40:05.902,0.81314,0.8133,1.12,1.00
2017.02.09 17:40:06.478,0.81314,0.81334,1.87,1.50
2017.02.09 17:40:07.119,0.81316,0.81334,1.00,1.00
2017.02.09 17:40:07.443,0.81316,0.8133,1.00,1.00
2017.02.09 17:40:08.283,0.81315,0.81334,1.00,1.50
2017.02.09 17:40:08.333,0.81315,0.8133,1.00,1.00
2017.02.09 17:40:09.246,0.81314,0.8133,1.87,1.00
2017.02.09 17:40:09.885,0.81315,0.8133,1.00,1.00
2017.02.09 17:40:09.936,0.81316,0.81335,1.00,1.50
2017.02.09 17:40:10.453,0.81317,0.81335,1.00,1.00
2017.02.09 17:40:11.713,0.81315,0.81334,1.50,1.00
2017.02.09 17:40:12.305,0.81315,0.81333,1.00,1.00
2017.02.09 17:40:12.356,0.81315,0.8133,1.00,1.00
2017.02.09 17:40:12.859,0.81315,0.81331,1.00,1.00
2017.02.09 17:40:16.111,0.81313,0.81331,1.00,1.50
2017.02.09 17:40:16.655,0.81313,0.8133,1.00,1.00
2017.02.09 17:40:17.184,0.81314,0.8133,1.00,1.00
2017.02.09 17:40:18.495,0.81313,0.8133,1.00,1.00
2017.02.09 17:40:20.429,0.81312,0.8133,1.00,1.87
2017.02.09 17:40:21.062,0.81312,0.81329,1.00,1.00
2017.02.09 17:40:21.113,0.8131,0.81325,1.50,1.00
2017.02.09 17:40:21.164,0.8131,0.81329,2.25,1.00
2017.02.09 17:40:21.669,0.8131,0.81325,2.25,1.00
2017.02.09 17:40:22.055,0.8131,0.8133,2.25,1.50
2017.02.09 17:40:22.256,0.8131,0.81325,2.25,1.00
2017.02.09 17:40:23.850,0.81311,0.8133,1.12,1.00
2017.02.09 17:40:24.480,0.81311,0.81325,1.12,1.00
2017.02.09 17:40:25.162,0.81312,0.8133,1.00,1.00
2017.02.09 17:40:25.667,0.8131,0.8133,1.50,1.50
2017.02.09 17:40:30.251,0.81311,0.8133,1.00,1.50
2017.02.09 17:40:31.836,0.81312,0.81331,1.00,3.75
2017.02.09 17:40:32.038,0.81312,0.81331,1.00,3.00
2017.02.09 17:40:32.244,0.8131,0.8133,1.87,1.00
2017.02.09 17:40:32.935,0.81311,0.8133,1.00,1.00
2017.02.09 17:40:33.595,0.81312,0.8133,1.00,1.00
2017.02.09 17:40:36.870,0.81313,0.8133,1.00,1.00
2017.02.09 17:40:38.418,0.81311,0.81329,1.75,1.00
2017.02.09 17:40:38.569,0.8131,0.81329,1.00,1.00
2017.02.09 17:40:38.721,0.81312,0.8133,1.00,1.00
2017.02.09 17:40:39.723,0.8131,0.8133,1.00,1.00
2017.02.09 17:40:42.163,0.81311,0.8133,1.00,1.00
2017.02.09 17:40:45.037,0.81312,0.8133,1.00,1.00
2017.02.09 17:40:48.940,0.81313,0.8133,1.00,1.00
2017.02.09 17:40:49.027,0.81316,0.8133,1.00,1.00
2017.02.09 17:40:51.923,0.81315,0.8133,1.00,1.00
2017.02.09 17:40:55.116,0.81314,0.8133,1.00,1.00
2017.02.09 17:40:56.069,0.81315,0.8133,1.00,1.00
2017.02.09 17:40:58.069,0.81314,0.8133,1.00,1.00
2017.02.09 17:40:58.119,0.81312,0.8133,1.12,1.00
2017.02.09 17:41:01.128,0.81311,0.8133,1.00,1.00
2017.02.09 17:41:01.834,0.81312,0.81331,1.00,1.50
2017.02.09 17:41:02.297,0.81311,0.81325,1.00,1.00
2017.02.09 17:41:02.449,0.81311,0.81331,1.00,1.50
2017.02.09 17:41:03.022,0.81309,0.81331,1.37,1.50
2017.02.09 17:41:04.257,0.81309,0.81325,1.37,1.00
2017.02.09 17:41:07.183,0.81312,0.81325,1.00,1.00
2017.02.09 17:41:07.233,0.81312,0.8133,1.00,1.00
2017.02.09 17:41:07.753,0.8131,0.81329,1.87,1.00
2017.02.09 17:41:08.876,0.8131,0.81325,1.87,1.00
2017.02.09 17:41:09.243,0.8131,0.81329,1.50,1.12
2017.02.09 17:41:09.815,0.8131,0.81328,1.00,1.00
2017.02.09 17:41:10.642,0.81311,0.8133,1.00,3.00
2017.02.09 17:41:10.794,0.8131,0.81325,1.50,1.00
2017.02.09 17:41:11.496,0.8131,0.81328,1.00,1.00
2017.02.09 17:41:14.293,0.81312,0.81328,1.00,1.00
2017.02.09 17:41:14.394,0.8131,0.81329,1.00,1.12
2017.02.09 17:41:14.756,0.81313,0.8133,1.00,2.25
2017.02.09 17:41:14.908,0.81313,0.81331,1.00,1.00
2017.02.09 17:41:15.059,0.81313,0.8133,1.00,1.50
2017.02.09 17:41:15.603,0.81312,0.8133,1.00,2.25
2017.02.09 17:41:17.125,0.81311,0.8133,1.50,2.25
2017.02.09 17:41:18.131,0.81312,0.8133,1.00,1.50
2017.02.09 17:41:18.737,0.81311,0.81329,1.00,1.12
2017.02.09 17:41:21.546,0.8131,0.81328,1.50,1.00
2017.02.09 17:41:22.293,0.81311,0.81329,1.00,1.12
2017.02.09 17:41:22.596,0.81313,0.8133,1.00,1.00
2017.02.09 17:41:23.135,0.81313,0.8133,1.00,1.50
2017.02.09 17:41:23.693,0.81312,0.8133,1.50,1.50
2017.02.09 17:41:25.225,0.81312,0.81328,1.00,1.00
2017.02.09 17:41:25.534,0.81312,0.81325,1.00,1.00
2017.02.09 17:41:27.486,0.81311,0.81325,1.00,1.00
2017.02.09 17:41:27.537,0.81311,0.81329,1.00,1.12
2017.02.09 17:41:27.638,0.81311,0.81326,1.00,1.00
2017.02.09 17:41:27.739,0.81309,0.81326,1.50,1.00
2017.02.09 17:41:27.891,0.81311,0.81325,1.00,1.00
2017.02.09 17:41:29.716,0.8131,0.81325,1.00,1.00
2017.02.09 17:41:30.444,0.81311,0.81325,1.00,1.00
2017.02.09 17:41:39.526,0.81308,0.81325,1.00,1.00
2017.02.09 17:41:44.559,0.81303,0.81321,3.37,1.00
2017.02.09 17:41:44.814,0.81299,0.81319,2.02,1.50
2017.02.09 17:41:44.915,0.81299,0.81318,1.00,1.50
2017.02.09 17:41:45.117,0.81299,0.8132,1.50,1.00
2017.02.09 17:41:45.624,0.813,0.8132,1.00,1.00
2017.02.09 17:41:46.342,0.81301,0.81321,1.50,1.50
2017.02.09 17:41:47.501,0.81301,0.8132,1.00,1.00
2017.02.09 17:41:49.078,0.81302,0.8132,1.00,1.00
2017.02.09 17:41:49.582,0.81302,0.81321,1.00,1.50
2017.02.09 17:41:50.087,0.81299,0.8132,1.87,1.00
2017.02.09 17:41:50.310,0.81299,0.8132,1.12,1.00
2017.02.09 17:41:50.422,0.81302,0.8132,1.00,1.00
2017.02.09 17:41:54.918,0.81301,0.8132,1.50,1.00
2017.02.09 17:41:55.700,0.81302,0.8132,1.00,1.00
2017.02.09 17:41:56.713,0.81303,0.8132,1.00,1.00
2017.02.09 17:41:57.016,0.81302,0.81315,1.00,1.00
2017.02.09 17:41:57.363,0.81302,0.8132,1.50,1.00
2017.02.09 17:41:57.514,0.81302,0.81316,1.00,1.00
2017.02.09 17:41:58.098,0.81302,0.8132,1.50,1.75
2017.02.09 17:41:58.250,0.81301,0.8132,1.00,1.87
2017.02.09 17:41:58.351,0.81301,0.81315,1.00,1.00
2017.02.09 17:41:59.252,0.813,0.81315,1.50,1.00
2017.02.09 17:41:59.863,0.81301,0.81315,1.00,1.00
2017.02.09 17:42:02.588,0.813,0.81315,1.00,1.00
2017.02.09 17:42:03.178,0.81301,0.81315,1.00,1.00
2017.02.09 17:42:03.693,0.813,0.81315,1.00,1.00
2017.02.09 17:42:04.242,0.81301,0.81315,1.00,1.00
2017.02.09 17:42:04.782,0.813,0.81315,1.00,1.00
2017.02.09 17:42:05.375,0.81301,0.81315,1.00,1.00
2017.02.09 17:42:09.791,0.813,0.81315,1.50,1.00
2017.02.09 17:42:10.390,0.81301,0.81315,1.00,1.00
2017.02.09 17:42:10.992,0.813,0.81315,1.50,1.00
2017.02.09 17:42:11.497,0.81301,0.81315,1.00,1.00
2017.02.09 17:42:11.599,0.81299,0.81315,1.00,1.00
2017.02.09 17:42:15.017,0.813,0.81315,1.00,1.00
2017.02.09 17:42:15.617,0.81299,0.81315,1.00,1.00
2017.02.09 17:42:16.151,0.813,0.81315,1.50,1.00
2017.02.09 17:42:17.312,0.81301,0.81315,1.00,1.00
2017.02.09 17:42:19.837,0.81301,0.81319,1.00,1.12
2017.02.09 17:42:20.737,0.813,0.81319,1.00,1.12
2017.02.09 17:42:21.459,0.81301,0.81319,1.00,1.12
2017.02.09 17:42:21.543,0.81301,0.81315,1.00,1.00
2017.02.09 17:42:21.644,0.81301,0.8132,1.00,2.25
2017.02.09 17:42:21.695,0.81303,0.8132,1.00,1.12
2017.02.09 17:42:21.908,0.813,0.81319,1.12,1.00
2017.02.09 17:42:22.160,0.813,0.81315,1.00,1.00
2017.02.09 17:42:23.390,0.81299,0.81315,1.00,1.00
2017.02.09 17:42:23.491,0.813,0.81319,1.00,1.50
2017.02.09 17:42:23.542,0.813,0.81315,1.00,1.00
2017.02.09 17:42:23.643,0.813,0.81319,1.00,1.50
2017.02.09 17:42:23.926,0.813,0.81315,1.00,1.00
2017.02.09 17:42:24.755,0.813,0.81319,1.00,1.50
2017.02.09 17:42:25.037,0.81302,0.8132,1.00,2.25
2017.02.09 17:42:25.430,0.81302,0.81315,1.00,1.00
2017.02.09 17:42:26.372,0.81301,0.81315,1.00,1.00
2017.02.09 17:42:26.575,0.813,0.81318,1.00,1.12
2017.02.09 17:42:26.626,0.813,0.81315,1.00,1.00
2017.02.09 17:42:27.373,0.813,0.81318,1.00,1.12
2017.02.09 17:42:30.502,0.81301,0.81319,1.00,1.50
2017.02.09 17:42:31.011,0.813,0.81318,1.00,1.12
2017.02.09 17:42:31.619,0.81301,0.8132,1.00,2.25
2017.02.09 17:42:31.770,0.81301,0.8132,1.00,1.50
2017.02.09 17:42:32.981,0.813,0.81318,1.00,1.00
2017.02.09 17:42:33.601,0.813,0.81318,1.00,1.50
2017.02.09 17:42:34.240,0.81301,0.8132,1.00,2.25
2017.02.09 17:42:38.428,0.81301,0.81315,1.00,1.00
2017.02.09 17:42:38.529,0.81299,0.8132,1.00,1.75
2017.02.09 17:42:38.882,0.813,0.81315,1.00,1.00
2017.02.09 17:42:39.430,0.81301,0.81315,1.00,1.00
2017.02.09 17:42:40.304,0.81301,0.81319,1.00,1.75
2017.02.09 17:42:41.511,0.813,0.81319,1.00,1.75
2017.02.09 17:42:44.147,0.813,0.81319,1.12,1.37
2017.02.09 17:42:44.299,0.81301,0.8132,1.00,1.50
2017.02.09 17:42:45.560,0.81302,0.8132,1.00,1.50
2017.02.09 17:42:46.206,0.81301,0.8132,1.00,1.50
2017.02.09 17:42:46.612,0.81301,0.8132,1.00,1.87
2017.02.09 17:42:48.534,0.813,0.81319,1.00,1.50
2017.02.09 17:42:49.233,0.81301,0.8132,1.00,2.25
2017.02.09 17:42:49.737,0.813,0.8132,1.00,2.25
2017.02.09 17:42:50.688,0.81302,0.8132,1.00,3.00
2017.02.09 17:42:51.366,0.81302,0.8132,1.00,1.50
2017.02.09 17:42:52.160,0.81301,0.8132,1.00,1.50
2017.02.09 17:42:54.768,0.813,0.81318,1.00,1.00
2017.02.09 17:42:55.071,0.81301,0.81315,1.00,1.00
2017.02.09 17:42:56.554,0.813,0.81315,1.00,1.00
2017.02.09 17:42:58.261,0.81301,0.81315,1.00,1.00
2017.02.09 17:42:58.374,0.81301,0.81319,1.00,1.50
2017.02.09 17:42:58.693,0.81301,0.81315,1.00,1.00
2017.02.09 17:43:00.407,0.81301,0.8132,1.00,2.25
2017.02.09 17:43:02.517,0.81301,0.81315,1.00,1.00
2017.02.09 17:43:02.663,0.81301,0.8132,1.00,2.25
2017.02.09 17:43:02.764,0.81301,0.81315,1.00,1.00
2017.02.09 17:43:03.110,0.81301,0.81319,1.00,1.50
2017.02.09 17:43:03.907,0.813,0.81319,1.00,1.50
2017.02.09 17:43:05.192,0.81299,0.81315,1.00,1.00
2017.02.09 17:43:07.931,0.813,0.81315,1.00,1.00
2017.02.09 17:43:08.480,0.81299,0.81315,1.00,1.00
2017.02.09 17:43:09.221,0.813,0.81315,1.00,1.00
2017.02.09 17:43:10.766,0.813,0.81316,1.00,1.00
2017.02.09 17:43:15.621,0.81301,0.81316,1.00,1.00
2017.02.09 17:43:18.212,0.813,0.81316,1.00,1.00
2017.02.09 17:43:20.245,0.81301,0.8132,1.00,2.25
2017.02.09 17:43:20.347,0.81299,0.81317,1.12,1.00
2017.02.09 17:43:20.448,0.81301,0.81315,1.00,1.00
2017.02.09 17:43:20.604,0.81301,0.8132,1.00,1.87
2017.02.09 17:43:20.655,0.81303,0.8132,1.00,1.50
2017.02.09 17:43:21.317,0.81303,0.81322,1.00,1.50
2017.02.09 17:43:21.845,0.81302,0.8132,1.00,1.00
2017.02.09 17:43:25.837,0.81305,0.8132,1.00,1.00
2017.02.09 17:43:26.038,0.81301,0.81322,1.00,1.50
2017.02.09 17:43:26.555,0.81301,0.8132,1.00,1.50
2017.02.09 17:43:27.147,0.813,0.81319,1.00,1.00
2017.02.09 17:43:27.825,0.81301,0.8132,1.00,1.50
2017.02.09 17:43:28.451,0.813,0.81319,1.00,1.00
2017.02.09 17:43:29.260,0.81303,0.8132,1.00,1.00
2017.02.09 17:43:29.939,0.81304,0.8132,1.00,1.00
2017.02.09 17:43:30.648,0.81303,0.8132,1.00,1.00
2017.02.09 17:43:31.374,0.81301,0.8132,1.00,1.00
2017.02.09 17:43:33.182,0.81302,0.8132,1.00,1.50
2017.02.09 17:43:33.782,0.81301,0.8132,1.00,1.50
2017.02.09 17:43:34.449,0.81302,0.8132,1.00,1.00
2017.02.09 17:43:35.549,0.81303,0.8132,1.00,1.00
2017.02.09 17:43:38.117,0.81302,0.8132,1.00,1.00
2017.02.09 17:43:38.637,0.81303,0.8132,1.00,1.00
2017.02.09 17:43:39.281,0.81302,0.8132,1.00,1.00
2017.02.09 17:43:40.107,0.81302,0.81321,1.00,1.12
2017.02.09 17:43:40.157,0.81305,0.81321,1.00,1.12
2017.02.09 17:43:41.165,0.81306,0.81321,1.00,1.00
2017.02.09 17:43:45.638,0.81305,0.81321,1.00,1.00
2017.02.09 17:43:46.651,0.81305,0.81324,1.00,1.50
2017.02.09 17:43:47.615,0.81304,0.81324,1.00,1.50
2017.02.09 17:43:48.582,0.81305,0.81324,1.00,1.50
2017.02.09 17:43:52.300,0.81306,0.81324,1.00,1.50
2017.02.09 17:43:53.014,0.81306,0.81324,1.00,1.12
2017.02.09 17:43:53.923,0.81306,0.81321,1.00,1.00
2017.02.09 17:43:57.392,0.81306,0.81325,1.00,1.50
2017.02.09 17:43:58.638,0.81307,0.81325,1.00,1.00
2017.02.09 17:43:58.742,0.81309,0.81325,1.00,1.00
2017.02.09 17:43:59.091,0.81305,0.81324,1.00,1.12
2017.02.09 17:43:59.699,0.81305,0.8132,1.00,1.00
2017.02.09 17:44:00.237,0.81307,0.8132,1.00,1.00
2017.02.09 17:44:00.787,0.81306,0.8132,1.00,1.00
2017.02.09 17:44:00.837,0.81303,0.8132,1.12,1.00
2017.02.09 17:44:00.949,0.81305,0.8132,1.00,1.00
2017.02.09 17:44:01.358,0.81303,0.8132,1.00,1.00
2017.02.09 17:44:01.883,0.81302,0.8132,1.00,1.00
2017.02.09 17:44:04.643,0.81303,0.8132,1.00,1.00
2017.02.09 17:44:05.214,0.81302,0.8132,1.12,1.50
2017.02.09 17:44:05.719,0.81303,0.8132,1.00,1.00
2017.02.09 17:44:07.082,0.81305,0.81321,1.00,1.00
2017.02.09 17:44:07.586,0.81306,0.81321,1.00,1.00
2017.02.09 17:44:09.550,0.81309,0.81326,1.00,1.12
2017.02.09 17:44:10.039,0.81307,0.81325,1.12,1.00
2017.02.09 17:44:10.544,0.81306,0.81324,1.50,1.00
2017.02.09 17:44:11.175,0.81307,0.81325,1.12,1.50
2017.02.09 17:44:16.317,0.81306,0.8132,1.50,1.00
2017.02.09 17:44:16.651,0.81306,0.81325,1.50,1.50
2017.02.09 17:44:17.253,0.81307,0.8132,1.00,1.00
2017.02.09 17:44:17.531,0.81307,0.81325,1.00,1.50
2017.02.09 17:44:18.243,0.81304,0.81321,1.12,1.00
2017.02.09 17:44:19.196,0.81305,0.81321,1.00,1.00
2017.02.09 17:44:19.792,0.81304,0.81321,1.12,1.00
2017.02.09 17:44:20.351,0.81305,0.81321,1.00,1.00
2017.02.09 17:44:21.234,0.81305,0.8132,1.00,1.00
2017.02.09 17:44:21.335,0.81307,0.81325,1.00,1.50
2017.02.09 17:44:21.537,0.81306,0.8132,1.00,1.00
2017.02.09 17:44:22.041,0.81305,0.8132,1.00,1.00
2017.02.09 17:44:22.415,0.81303,0.8132,1.00,1.00
2017.02.09 17:44:22.935,0.81302,0.8132,1.00,1.50
2017.02.09 17:44:23.087,0.813,0.81318,1.00,1.00
2017.02.09 17:44:23.390,0.81298,0.81315,2.25,1.00
2017.02.09 17:44:25.816,0.81298,0.81316,1.50,1.50
2017.02.09 17:44:26.481,0.81298,0.81316,1.00,1.50
2017.02.09 17:44:27.155,0.81298,0.81315,1.00,1.00
2017.02.09 17:44:27.500,0.81296,0.81315,1.00,1.50
2017.02.09 17:44:27.551,0.81296,0.81313,1.00,1.00
2017.02.09 17:44:27.702,0.81293,0.81312,1.12,1.00
2017.02.09 17:44:27.955,0.81294,0.81314,1.00,1.12
2017.02.09 17:44:28.117,0.81296,0.81315,1.00,3.00
2017.02.09 17:44:28.632,0.81296,0.81315,1.12,1.00
2017.02.09 17:44:29.087,0.81298,0.81316,1.00,1.50
2017.02.09 17:44:29.390,0.81296,0.81315,1.12,1.00
2017.02.09 17:44:29.979,0.81297,0.81315,1.00,1.50
2017.02.09 17:44:30.494,0.81298,0.81315,1.00,1.00
2017.02.09 17:44:30.646,0.81297,0.8131,1.00,1.00
2017.02.09 17:44:31.380,0.81296,0.8131,1.12,1.00
2017.02.09 17:44:31.987,0.81295,0.8131,1.00,1.00
2017.02.09 17:44:32.630,0.81293,0.81311,1.00,1.00
2017.02.09 17:44:33.243,0.81292,0.81311,1.00,1.87
2017.02.09 17:44:33.852,0.81291,0.8131,1.00,1.00
2017.02.09 17:44:33.970,0.81296,0.8131,1.00,1.00
2017.02.09 17:44:35.369,0.81294,0.8131,1.12,1.00
2017.02.09 17:44:37.369,0.81295,0.8131,1.00,1.00
2017.02.09 17:44:38.399,0.81294,0.8131,1.12,1.00
2017.02.09 17:44:42.442,0.81293,0.8131,1.00,1.00
2017.02.09 17:44:44.605,0.81292,0.8131,1.00,1.00
2017.02.09 17:44:45.959,0.8129,0.81309,2.25,1.00
2017.02.09 17:44:46.499,0.8129,0.81309,1.00,1.12
2017.02.09 17:44:47.023,0.8129,0.81308,1.00,1.00
2017.02.09 17:44:48.391,0.8129,0.81309,1.00,1.12
2017.02.09 17:44:50.665,0.81292,0.8131,1.00,1.50
2017.02.09 17:44:51.480,0.81292,0.8131,1.00,1.00
2017.02.09 17:44:52.108,0.81293,0.8131,1.00,1.00
2017.02.09 17:44:53.108,0.81292,0.8131,1.00,1.00
2017.02.09 17:44:54.228,0.8129,0.8131,1.50,1.50
2017.02.09 17:44:56.015,0.81295,0.8131,1.00,1.00
2017.02.09 17:44:56.622,0.81294,0.8131,1.00,1.00
2017.02.09 17:44:56.981,0.81292,0.81311,1.00,1.00
2017.02.09 17:44:57.748,0.81291,0.8131,1.00,1.12
2017.02.09 17:44:58.129,0.81292,0.81306,1.00,1.00
2017.02.09 17:44:58.426,0.8129,0.81306,1.00,1.00
2017.02.09 17:44:59.015,0.8129,0.81308,1.00,1.00
2017.02.09 17:44:59.983,0.8129,0.81305,1.00,1.00
2017.02.09 17:45:00.315,0.8129,0.81308,1.00,1.00
2017.02.09 17:45:00.366,0.8129,0.81305,1.00,1.00
2017.02.09 17:45:00.877,0.81289,0.81305,1.00,1.00
2017.02.09 17:45:00.928,0.8129,0.8131,1.00,1.12
2017.02.09 17:45:01.149,0.8129,0.81305,1.37,1.00
2017.02.09 17:45:01.666,0.8129,0.81305,1.00,1.00
2017.02.09 17:45:06.882,0.81289,0.81305,1.00,1.00
2017.02.09 17:45:07.450,0.8129,0.81305,1.00,1.00
2017.02.09 17:45:08.345,0.81287,0.813,1.00,1.00
2017.02.09 17:45:08.447,0.81284,0.81302,1.50,1.00
2017.02.09 17:45:08.547,0.81283,0.81302,1.00,1.00
2017.02.09 17:45:08.750,0.81283,0.813,1.00,1.00
2017.02.09 17:45:09.382,0.81282,0.813,1.87,1.00
2017.02.09 17:45:09.770,0.81283,0.81302,1.00,1.00
2017.02.09 17:45:09.922,0.81283,0.813,1.00,1.00
2017.02.09 17:45:10.023,0.81284,0.81303,1.00,1.12
2017.02.09 17:45:10.672,0.81285,0.81303,1.00,1.12
2017.02.09 17:45:10.875,0.81286,0.81305,1.00,1.50
2017.02.09 17:45:11.515,0.81288,0.81305,1.00,1.00
2017.02.09 17:45:13.645,0.81286,0.81304,1.00,1.00
2017.02.09 17:45:15.385,0.81285,0.81304,1.87,1.00
2017.02.09 17:45:16.642,0.81285,0.81303,1.87,1.00
2017.02.09 17:45:17.692,0.81286,0.81304,1.00,1.12
2017.02.09 17:45:19.369,0.81285,0.81303,1.00,1.00
2017.02.09 17:45:20.120,0.81286,0.81304,1.00,1.12
2017.02.09 17:45:22.964,0.81285,0.81306,1.50,2.85
2017.02.09 17:45:23.066,0.81287,0.81306,1.00,2.47
2017.02.09 17:45:24.017,0.81288,0.81306,1.00,2.10
2017.02.09 17:45:25.618,0.81287,0.81306,1.12,2.10
2017.02.09 17:45:26.020,0.81286,0.81304,1.00,1.00
2017.02.09 17:45:28.164,0.81285,0.81303,1.00,1.00
2017.02.09 17:45:28.537,0.81287,0.81305,1.00,1.12
2017.02.09 17:45:28.934,0.81285,0.81304,1.00,1.00
2017.02.09 17:45:29.526,0.81286,0.81304,1.00,1.00
2017.02.09 17:45:30.542,0.81283,0.813,1.50,1.00
2017.02.09 17:45:30.844,0.81285,0.81304,1.00,2.85
2017.02.09 17:45:30.895,0.81287,0.81304,1.00,1.00
2017.02.09 17:45:31.404,0.81287,0.81305,1.00,1.50
2017.02.09 17:45:32.203,0.81288,0.81305,1.00,1.00
2017.02.09 17:45:32.733,0.81289,0.81305,1.00,1.00
2017.02.09 17:45:35.784,0.8129,0.81305,1.00,1.00
2017.02.09 17:45:37.870,0.81288,0.81305,1.00,1.00
2017.02.09 17:45:38.021,0.81287,0.813,1.00,1.00
2017.02.09 17:45:38.072,0.81285,0.813,1.00,1.00
2017.02.09 17:45:38.611,0.81284,0.813,1.00,1.00
2017.02.09 17:45:38.774,0.81284,0.81303,1.00,1.12
2017.02.09 17:45:38.825,0.81286,0.81305,1.00,2.25
2017.02.09 17:45:39.160,0.81284,0.813,1.12,1.00
2017.02.09 17:45:39.912,0.81282,0.813,1.37,1.50
2017.02.09 17:45:40.215,0.81286,0.81304,1.00,1.37
2017.02.09 17:45:40.609,0.81286,0.813,1.00,1.00
2017.02.09 17:45:42.488,0.81286,0.81304,1.00,1.00
2017.02.09 17:45:43.251,0.81286,0.81305,1.00,1.50
2017.02.09 17:45:43.844,0.81287,0.81305,1.00,1.50
2017.02.09 17:45:44.955,0.81286,0.81304,1.00,1.00
2017.02.09 17:45:46.071,0.81287,0.81305,1.00,1.50
2017.02.09 17:45:48.985,0.81286,0.81304,1.00,1.00
2017.02.09 17:45:49.293,0.81288,0.81305,1.00,1.00
2017.02.09 17:45:49.627,0.8129,0.81305,1.00,1.00
2017.02.09 17:45:50.177,0.81291,0.81305,1.00,1.00
2017.02.09 17:45:51.825,0.81291,0.81306,1.00,1.00
2017.02.09 17:45:52.520,0.8129,0.81306,1.00,1.00
2017.02.09 17:45:55.623,0.8129,0.81305,1.00,1.00
2017.02.09 17:45:55.836,0.8129,0.81308,1.00,1.00
2017.02.09 17:45:56.924,0.8129,0.81309,1.00,1.12
2017.02.09 17:45:57.124,0.81292,0.8131,1.00,1.12
2017.02.09 17:45:57.640,0.81291,0.8131,1.00,1.50
2017.02.09 17:45:58.180,0.81292,0.8131,1.00,1.50
2017.02.09 17:45:58.771,0.81291,0.81309,1.00,1.12
2017.02.09 17:45:59.089,0.81293,0.8131,1.00,1.00
2017.02.09 17:45:59.342,0.81291,0.8131,1.00,1.50
2017.02.09 17:45:59.544,0.81293,0.8131,1.00,1.00
2017.02.09 17:46:00.543,0.81294,0.8131,1.00,1.00
2017.02.09 17:46:01.450,0.81293,0.8131,1.00,1.00
2017.02.09 17:46:01.977,0.81292,0.8131,1.00,1.00
2017.02.09 17:46:03.490,0.81293,0.8131,1.00,1.00
2017.02.09 17:46:04.044,0.81294,0.8131,1.00,1.00
2017.02.09 17:46:04.676,0.81295,0.8131,1.00,1.00
2017.02.09 17:46:05.142,0.81293,0.8131,1.00,1.00
2017.02.09 17:46:05.794,0.81294,0.8131,1.00,1.00
2017.02.09 17:46:08.762,0.81294,0.81311,1.00,1.00
2017.02.09 17:46:09.311,0.81294,0.8131,1.00,1.00
2017.02.09 17:46:09.846,0.81291,0.8131,2.25,1.00
2017.02.09 17:46:10.810,0.81294,0.8131,1.00,1.00
2017.02.09 17:46:15.222,0.81291,0.8131,1.75,1.00
2017.02.09 17:46:15.312,0.81291,0.8131,1.00,1.00
2017.02.09 17:46:16.109,0.81292,0.8131,1.00,1.50
2017.02.09 17:46:17.890,0.81291,0.81309,1.00,1.00
2017.02.09 17:46:18.215,0.81291,0.81305,1.00,1.00
2017.02.09 17:46:18.906,0.81292,0.81305,1.00,1.00
2017.02.09 17:46:20.005,0.81293,0.81305,1.00,1.00
2017.02.09 17:46:20.215,0.81293,0.8131,1.00,1.00
2017.02.09 17:46:22.026,0.81294,0.8131,1.00,1.00
2017.02.09 17:46:23.195,0.81293,0.8131,1.00,1.00
2017.02.09 17:46:30.968,0.81294,0.8131,1.00,1.00
2017.02.09 17:46:38.215,0.81291,0.81309,1.87,1.00
2017.02.09 17:46:38.317,0.81289,0.81307,1.75,1.00
2017.02.09 17:46:38.638,0.81289,0.81305,1.00,1.00
2017.02.09 17:46:46.378,0.8129,0.81305,1.00,1.00
2017.02.09 17:46:46.484,0.81291,0.8131,1.00,2.25
2017.02.09 17:46:46.534,0.81293,0.8131,1.00,1.50
2017.02.09 17:46:47.163,0.81293,0.8131,1.00,1.00
2017.02.09 17:46:47.876,0.81292,0.8131,1.00,1.00
2017.02.09 17:46:48.736,0.81292,0.81305,1.00,1.00
2017.02.09 17:46:49.248,0.8129,0.81305,1.00,1.00
2017.02.09 17:46:49.809,0.8129,0.81306,1.00,1.00
2017.02.09 17:46:53.414,0.8129,0.81308,1.00,1.00
2017.02.09 17:46:53.614,0.8129,0.81306,1.00,1.00
2017.02.09 17:46:55.081,0.8129,0.81305,1.00,1.00
2017.02.09 17:46:57.179,0.81288,0.81305,1.12,1.00
2017.02.09 17:47:12.907,0.81287,0.81306,1.12,1.00
2017.02.09 17:47:12.958,0.81287,0.81301,2.62,1.00
2017.02.09 17:47:13.190,0.81283,0.813,1.50,1.00
2017.02.09 17:47:13.358,0.81286,0.813,1.00,1.00
2017.02.09 17:47:13.662,0.81283,0.81301,1.00,1.50
2017.02.09 17:47:13.864,0.81281,0.813,1.00,1.50
2017.02.09 17:47:15.161,0.81281,0.81299,1.00,1.00
2017.02.09 17:47:15.486,0.81282,0.81295,1.00,1.00
2017.02.09 17:47:15.536,0.81279,0.81295,1.37,1.00
2017.02.09 17:47:15.795,0.81277,0.81295,1.12,1.50
2017.02.09 17:47:16.208,0.81279,0.81295,1.00,1.00
2017.02.09 17:47:16.739,0.8128,0.81295,1.00,1.00
2017.02.09 17:47:17.207,0.81283,0.81295,1.00,1.00
2017.02.09 17:47:17.258,0.81283,0.813,1.00,1.37
2017.02.09 17:47:17.459,0.81281,0.813,1.00,1.37
2017.02.09 17:47:18.020,0.81281,0.81295,1.00,1.00
2017.02.09 17:47:19.759,0.81281,0.81294,1.00,1.00
2017.02.09 17:47:20.039,0.81281,0.81296,1.00,1.00
2017.02.09 17:47:20.144,0.81279,0.81296,1.00,1.00
2017.02.09 17:47:20.314,0.81279,0.813,1.00,1.87
2017.02.09 17:47:20.415,0.8128,0.81295,1.00,1.00
2017.02.09 17:47:20.743,0.81282,0.81295,1.00,1.00
2017.02.09 17:47:21.192,0.81282,0.813,1.00,1.87
2017.02.09 17:47:21.243,0.81282,0.81295,1.00,1.00
2017.02.09 17:47:22.357,0.8128,0.81295,1.12,1.00
2017.02.09 17:47:26.510,0.81279,0.81295,1.12,1.00
2017.02.09 17:47:27.016,0.8128,0.81295,1.00,1.00
2017.02.09 17:47:29.716,0.81281,0.81295,1.00,1.00
2017.02.09 17:47:30.065,0.81279,0.81295,1.00,1.00
2017.02.09 17:47:31.992,0.8128,0.81296,1.00,1.00
2017.02.09 17:47:32.212,0.81282,0.813,1.00,3.00
2017.02.09 17:47:32.294,0.81278,0.81295,1.12,1.00
2017.02.09 17:47:32.598,0.8128,0.81296,1.00,1.00
2017.02.09 17:47:32.751,0.8128,0.81298,1.00,1.12
2017.02.09 17:47:32.954,0.81281,0.813,1.00,1.50
2017.02.09 17:47:33.164,0.81281,0.81295,1.00,1.00
2017.02.09 17:47:33.822,0.81282,0.81295,1.00,1.00
2017.02.09 17:47:34.465,0.81281,0.81295,1.00,1.00
2017.02.09 17:47:34.516,0.81279,0.81295,1.00,1.00
2017.02.09 17:47:34.990,0.81277,0.81295,1.00,1.00
2017.02.09 17:47:35.446,0.81279,0.81296,1.00,1.00
2017.02.09 17:47:35.966,0.81279,0.81295,1.00,1.00
2017.02.09 17:47:36.464,0.81278,0.81298,1.00,2.25
2017.02.09 17:47:36.515,0.81281,0.813,1.00,2.25
2017.02.09 17:47:36.818,0.81278,0.81295,1.12,1.00
2017.02.09 17:47:37.330,0.81279,0.81295,1.00,1.00
2017.02.09 17:47:38.350,0.8128,0.81295,1.00,1.00
2017.02.09 17:47:40.031,0.81279,0.81295,1.00,1.00
2017.02.09 17:47:40.651,0.8128,0.81295,1.00,1.00
2017.02.09 17:47:41.194,0.81279,0.81295,1.00,1.00
2017.02.09 17:47:41.747,0.81281,0.81295,1.00,1.00
2017.02.09 17:47:42.029,0.81281,0.81299,1.00,1.00
2017.02.09 17:47:42.526,0.81278,0.81295,1.12,1.00
2017.02.09 17:47:42.778,0.81281,0.813,1.00,1.87
2017.02.09 17:47:42.980,0.81283,0.813,1.00,1.12
2017.02.09 17:47:44.090,0.81281,0.81295,1.00,1.00
2017.02.09 17:47:44.600,0.81282,0.81295,1.00,1.00
2017.02.09 17:47:45.093,0.8128,0.81295,1.00,1.00
2017.02.09 17:47:45.296,0.81276,0.81295,1.12,1.00
2017.02.09 17:47:45.346,0.81278,0.81295,1.00,1.00
2017.02.09 17:47:48.790,0.81276,0.81295,1.12,1.00
2017.02.09 17:47:52.758,0.81277,0.81295,1.00,1.50
2017.02.09 17:47:54.822,0.81275,0.81293,1.50,1.00
2017.02.09 17:47:54.974,0.81277,0.81295,1.00,1.00
2017.02.09 17:47:55.025,0.81277,0.8129,1.00,1.00
2017.02.09 17:47:55.177,0.81277,0.81295,1.00,1.50
2017.02.09 17:47:55.893,0.81277,0.81295,1.00,2.25
2017.02.09 17:47:55.945,0.81274,0.81292,1.00,1.50
2017.02.09 17:47:55.995,0.81276,0.81295,1.00,2.25
2017.02.09 17:47:56.097,0.81276,0.81295,1.00,1.37
2017.02.09 17:47:56.664,0.81276,0.81295,1.00,1.00
2017.02.09 17:47:57.323,0.81277,0.81295,1.00,1.00
2017.02.09 17:47:57.767,0.81276,0.8129,1.00,1.00
2017.02.09 17:47:58.959,0.81274,0.8129,1.50,1.00
2017.02.09 17:47:59.049,0.81272,0.8129,1.50,1.00
2017.02.09 17:47:59.352,0.81275,0.8129,1.00,1.00
2017.02.09 17:48:00.085,0.81274,0.8129,1.00,1.00
2017.02.09 17:48:07.324,0.81276,0.81292,1.00,1.00
2017.02.09 17:48:07.425,0.81276,0.81295,1.00,3.00
2017.02.09 17:48:07.526,0.81277,0.8129,1.00,1.00
2017.02.09 17:48:07.678,0.81275,0.8129,1.00,1.00
2017.02.09 17:48:08.039,0.81276,0.81294,1.00,1.50
2017.02.09 17:48:08.441,0.81276,0.8129,1.00,1.00
2017.02.09 17:48:08.715,0.81274,0.8129,1.00,1.00
2017.02.09 17:48:09.326,0.81274,0.81291,1.00,1.00
2017.02.09 17:48:09.969,0.81273,0.81291,1.00,1.00
2017.02.09 17:48:12.480,0.81273,0.8129,1.00,1.00
2017.02.09 17:48:16.490,0.81274,0.8129,1.00,1.00
2017.02.09 17:48:18.809,0.81275,0.8129,1.00,1.00
2017.02.09 17:48:19.897,0.81276,0.8129,1.00,1.00
2017.02.09 17:48:20.209,0.81276,0.81294,1.00,1.00
2017.02.09 17:48:20.741,0.81278,0.81295,1.00,1.00
2017.02.09 17:48:21.164,0.81276,0.8129,1.00,1.00
2017.02.09 17:48:21.366,0.81276,0.81295,1.00,1.50
2017.02.09 17:48:21.517,0.81278,0.81295,1.00,1.00
2017.02.09 17:48:22.171,0.81279,0.81295,1.00,1.00
2017.02.09 17:48:22.849,0.81278,0.81295,1.00,1.00
2017.02.09 17:48:24.364,0.81279,0.81295,1.00,1.00
2017.02.09 17:48:24.415,0.8128,0.81298,1.00,1.00
2017.02.09 17:48:25.118,0.81277,0.81295,1.00,1.50
2017.02.09 17:48:25.646,0.81276,0.81294,1.00,1.12
2017.02.09 17:48:26.748,0.81276,0.8129,1.00,1.00
2017.02.09 17:48:27.157,0.81276,0.81295,1.00,1.87
2017.02.09 17:48:27.692,0.81278,0.81295,1.00,1.37
2017.02.09 17:48:28.299,0.81278,0.81295,1.00,1.00
2017.02.09 17:48:29.670,0.81276,0.81294,1.00,1.00
2017.02.09 17:48:29.808,0.81276,0.8129,1.00,1.00
2017.02.09 17:48:29.976,0.81276,0.81294,1.00,1.12
2017.02.09 17:48:31.820,0.81278,0.81295,1.00,1.50
2017.02.09 17:48:32.698,0.81277,0.81295,1.00,2.25
2017.02.09 17:48:33.239,0.81281,0.81295,1.00,1.50
2017.02.09 17:48:33.290,0.81278,0.81295,1.00,1.50
2017.02.09 17:48:33.530,0.81276,0.81295,1.00,1.00
2017.02.09 17:48:33.947,0.81281,0.81295,1.00,1.00
2017.02.09 17:48:34.042,0.81278,0.81295,1.00,1.00
2017.02.09 17:48:35.170,0.81279,0.81295,1.00,1.00
2017.02.09 17:48:38.991,0.81278,0.81291,1.12,1.00
2017.02.09 17:48:40.017,0.81276,0.8129,1.75,1.00
2017.02.09 17:48:40.219,0.81276,0.8129,1.00,1.00
2017.02.09 17:48:40.420,0.81278,0.8129,1.00,1.00
2017.02.09 17:48:40.471,0.81278,0.81295,1.00,1.00
2017.02.09 17:48:40.522,0.81278,0.81298,1.00,1.00
2017.02.09 17:48:40.572,0.8128,0.81299,1.37,1.00
2017.02.09 17:48:40.875,0.81283,0.813,1.00,1.00
2017.02.09 17:48:42.189,0.81279,0.81295,1.75,1.00
2017.02.09 17:48:42.286,0.81279,0.81298,1.50,1.00
2017.02.09 17:48:42.438,0.81279,0.81295,1.50,1.00
2017.02.09 17:48:42.718,0.8128,0.813,1.00,2.25
2017.02.09 17:48:42.768,0.81283,0.813,1.00,1.50
2017.02.09 17:48:43.072,0.81281,0.81295,1.00,1.00
2017.02.09 17:48:43.384,0.81279,0.81295,1.00,1.00
2017.02.09 17:48:44.023,0.81278,0.81295,1.00,1.00
2017.02.09 17:48:44.649,0.81279,0.81295,1.00,1.00
2017.02.09 17:48:44.700,0.81281,0.81295,1.00,1.00
2017.02.09 17:48:44.851,0.81279,0.81295,1.00,1.00
2017.02.09 17:48:45.688,0.8128,0.81295,1.00,1.00
2017.02.09 17:48:46.138,0.81278,0.81295,1.00,1.00
2017.02.09 17:48:46.688,0.81277,0.81295,1.00,1.00
2017.02.09 17:48:46.991,0.81278,0.81298,1.12,1.00
2017.02.09 17:48:47.221,0.81279,0.81295,1.00,1.00
2017.02.09 17:48:47.737,0.81278,0.8129,1.12,1.00
2017.02.09 17:48:47.914,0.81278,0.81295,1.12,1.00
2017.02.09 17:48:49.056,0.8128,0.81295,1.00,1.00
2017.02.09 17:48:49.207,0.81283,0.813,1.00,1.00
2017.02.09 17:48:49.445,0.81284,0.813,1.50,1.00
2017.02.09 17:48:50.358,0.81281,0.81295,3.00,1.00
2017.02.09 17:48:50.409,0.81281,0.81296,1.75,1.00
2017.02.09 17:48:51.040,0.81281,0.81295,1.75,1.00
2017.02.09 17:48:53.134,0.81283,0.813,1.12,1.00
2017.02.09 17:48:53.878,0.81284,0.813,1.00,1.00
2017.02.09 17:48:57.547,0.81284,0.81295,1.00,1.00
2017.02.09 17:48:58.437,0.81284,0.813,1.00,1.00
2017.02.09 17:48:59.446,0.81284,0.81295,1.00,1.00
2017.02.09 17:49:00.305,0.81284,0.813,1.00,1.00
2017.02.09 17:49:01.855,0.81284,0.81296,1.00,1.00
2017.02.09 17:49:02.058,0.81282,0.813,1.50,1.00
2017.02.09 17:49:02.758,0.81282,0.813,1.00,1.00
2017.02.09 17:49:03.481,0.81283,0.813,1.00,1.00
2017.02.09 17:49:03.954,0.81279,0.81295,1.50,1.00
2017.02.09 17:49:04.050,0.8128,0.81299,1.00,1.12
2017.02.09 17:49:04.201,0.81282,0.813,1.00,2.25
2017.02.09 17:49:04.504,0.81279,0.81295,1.00,1.00
2017.02.09 17:49:06.207,0.8128,0.81295,1.00,1.00
2017.02.09 17:49:07.448,0.81279,0.81295,1.00,1.00
2017.02.09 17:49:09.709,0.8128,0.81295,1.00,1.00
2017.02.09 17:49:10.085,0.81281,0.813,1.00,1.50
2017.02.09 17:49:10.237,0.81281,0.813,1.37,1.12
2017.02.09 17:49:11.039,0.81284,0.81295,1.00,1.00
2017.02.09 17:49:11.090,0.81284,0.813,1.00,1.00
2017.02.09 17:49:11.141,0.81284,0.81295,1.00,1.00
2017.02.09 17:49:11.643,0.81282,0.81295,1.50,1.00
2017.02.09 17:49:11.801,0.81282,0.813,1.50,1.50
2017.02.09 17:49:12.040,0.81283,0.81296,1.12,1.00
2017.02.09 17:49:12.590,0.81284,0.81295,1.00,1.00
2017.02.09 17:49:13.597,0.81283,0.81295,1.12,1.00
2017.02.09 17:49:13.648,0.81283,0.813,1.12,1.00
2017.02.09 17:49:14.476,0.81284,0.813,1.00,1.00
2017.02.09 17:49:14.714,0.81284,0.81295,1.00,1.00
2017.02.09 17:49:15.240,0.81281,0.81295,1.75,1.00
2017.02.09 17:49:15.430,0.8128,0.81295,1.12,1.00
2017.02.09 17:49:16.032,0.81282,0.81295,1.00,1.00
2017.02.09 17:49:16.987,0.81281,0.81295,1.00,1.00
2017.02.09 17:49:18.334,0.8128,0.81295,1.12,1.00
2017.02.09 17:49:18.993,0.81279,0.81295,1.00,1.00
2017.02.09 17:49:19.914,0.81277,0.81295,1.12,1.50
2017.02.09 17:49:24.292,0.81279,0.81295,1.00,1.00
2017.02.09 17:49:24.801,0.81278,0.81295,1.00,1.00
2017.02.09 17:49:25.104,0.8128,0.81295,1.00,1.00
2017.02.09 17:49:25.628,0.81278,0.81295,1.00,1.00
2017.02.09 17:49:26.384,0.81279,0.81295,1.00,1.00
2017.02.09 17:49:27.633,0.8128,0.81295,1.00,1.00
2017.02.09 17:49:30.908,0.81278,0.81295,1.00,1.00
2017.02.09 17:49:31.656,0.81279,0.81295,1.00,1.00
2017.02.09 17:49:32.523,0.8128,0.81295,1.00,1.00
2017.02.09 17:49:33.332,0.81281,0.81295,1.00,1.00
2017.02.09 17:49:33.383,0.81283,0.81295,1.00,1.00
2017.02.09 17:49:33.433,0.81283,0.813,1.00,1.37
2017.02.09 17:49:33.484,0.81281,0.81299,1.50,1.00
2017.02.09 17:49:33.535,0.81281,0.81295,1.50,1.00
2017.02.09 17:49:33.585,0.81279,0.81295,1.12,1.00
2017.02.09 17:49:33.838,0.8128,0.813,1.00,1.00
2017.02.09 17:49:34.040,0.81283,0.813,1.00,1.00
2017.02.09 17:49:34.790,0.81284,0.813,1.00,1.00
2017.02.09 17:49:35.373,0.81285,0.813,1.00,1.00
2017.02.09 17:49:37.967,0.81286,0.813,1.00,1.00
2017.02.09 17:49:39.527,0.81286,0.81301,1.00,1.00
2017.02.09 17:49:40.449,0.81284,0.81301,1.00,1.00
2017.02.09 17:49:40.975,0.81284,0.813,1.00,1.00
2017.02.09 17:49:41.495,0.81283,0.813,1.00,1.00
2017.02.09 17:49:42.333,0.81283,0.81301,1.00,1.00
2017.02.09 17:49:42.937,0.81284,0.81301,1.00,1.00
2017.02.09 17:49:43.038,0.81281,0.813,1.50,1.00
2017.02.09 17:49:43.571,0.81281,0.813,1.00,1.12
2017.02.09 17:49:44.823,0.81279,0.81295,1.12,1.00
2017.02.09 17:49:46.218,0.8128,0.81295,1.00,1.00
2017.02.09 17:49:47.252,0.81279,0.81295,1.12,1.00
2017.02.09 17:49:47.759,0.8128,0.81295,1.00,1.00
2017.02.09 17:49:51.624,0.81277,0.81295,1.75,1.00
2017.02.09 17:49:56.138,0.81278,0.81295,1.12,1.00
2017.02.09 17:49:56.289,0.81276,0.81295,1.12,1.00
2017.02.09 17:49:57.377,0.81278,0.81295,1.00,1.00
2017.02.09 17:50:00.104,0.81277,0.81295,1.00,1.00
2017.02.09 17:50:00.420,0.81279,0.81295,1.50,1.00
2017.02.09 17:50:03.879,0.81281,0.81295,1.00,1.00
2017.02.09 17:50:04.491,0.8128,0.81295,1.12,1.00
2017.02.09 17:50:05.854,0.8128,0.81296,1.00,1.00
2017.02.09 17:50:06.470,0.8128,0.81295,1.00,1.00
2017.02.09 17:50:07.367,0.81275,0.8129,1.75,1.00
2017.02.09 17:50:07.511,0.81275,0.81294,1.37,1.37
2017.02.09 17:50:07.713,0.81275,0.81294,1.12,1.00
2017.02.09 17:50:07.814,0.81278,0.81295,1.00,1.00
2017.02.09 17:50:08.437,0.81277,0.81295,1.00,1.00
2017.02.09 17:50:08.829,0.81279,0.81295,1.00,1.00
2017.02.09 17:50:12.901,0.81278,0.81295,1.00,1.00
2017.02.09 17:50:13.207,0.81278,0.8129,1.00,1.00
2017.02.09 17:50:13.918,0.81277,0.8129,1.00,1.00
2017.02.09 17:50:14.830,0.81275,0.8129,1.12,1.00
2017.02.09 17:50:15.210,0.81273,0.8129,1.12,1.00
2017.02.09 17:50:15.312,0.81275,0.8129,1.00,1.00
2017.02.09 17:50:15.832,0.81276,0.8129,1.00,1.00
2017.02.09 17:50:16.420,0.81275,0.8129,1.00,1.00
2017.02.09 17:50:17.538,0.81275,0.81291,1.00,1.00
2017.02.09 17:50:18.087,0.81275,0.8129,1.00,1.00
2017.02.09 17:50:18.722,0.81274,0.8129,1.00,1.00
2017.02.09 17:50:19.264,0.81273,0.8129,1.12,1.00
2017.02.09 17:50:25.149,0.81274,0.8129,1.00,1.00
2017.02.09 17:50:26.314,0.81273,0.8129,1.12,1.00
2017.02.09 17:50:26.974,0.81272,0.8129,1.00,1.00
2017.02.09 17:50:27.535,0.81273,0.8129,1.00,1.00
2017.02.09 17:50:28.494,0.81272,0.8129,1.12,1.00
2017.02.09 17:50:29.383,0.81274,0.8129,1.00,1.00
2017.02.09 17:50:29.941,0.81275,0.8129,1.00,1.00
2017.02.09 17:50:30.034,0.81273,0.8129,1.00,1.00
2017.02.09 17:50:30.297,0.81271,0.81289,1.00,1.00
2017.02.09 17:50:30.348,0.81269,0.81285,1.50,1.00
2017.02.09 17:50:30.932,0.81271,0.81285,1.00,1.00
2017.02.09 17:50:32.243,0.81273,0.81285,1.00,1.00
2017.02.09 17:50:32.344,0.81273,0.8129,1.00,1.00
2017.02.09 17:50:32.655,0.81274,0.81285,1.00,1.00
2017.02.09 17:50:32.706,0.81271,0.81285,1.00,1.00
2017.02.09 17:50:33.309,0.81271,0.81289,1.00,1.00
2017.02.09 17:50:33.583,0.81271,0.81285,1.00,1.00
2017.02.09 17:50:35.263,0.81272,0.81285,1.00,1.00
2017.02.09 17:50:35.809,0.81272,0.8129,1.00,1.00
2017.02.09 17:50:36.816,0.81274,0.8129,1.00,1.00
2017.02.09 17:50:37.712,0.81276,0.8129,1.00,1.00
2017.02.09 17:50:37.863,0.81273,0.8129,1.00,1.00
2017.02.09 17:50:38.541,0.81274,0.8129,1.00,1.00
2017.02.09 17:50:38.592,0.81276,0.81295,1.00,2.25
2017.02.09 17:50:38.642,0.81276,0.8129,1.00,1.00
2017.02.09 17:50:40.336,0.81277,0.8129,1.00,1.00
2017.02.09 17:50:40.639,0.81279,0.8129,1.00,1.00
2017.02.09 17:50:41.818,0.81279,0.81295,1.00,1.00
2017.02.09 17:50:43.191,0.81279,0.81296,1.00,1.00
2017.02.09 17:50:44.046,0.81279,0.8129,1.00,1.00
2017.02.09 17:50:44.835,0.81277,0.8129,1.00,1.00
2017.02.09 17:50:44.936,0.81275,0.8129,1.00,1.00
2017.02.09 17:50:45.600,0.81277,0.8129,1.00,1.00
2017.02.09 17:50:45.875,0.81275,0.8129,1.00,1.00
2017.02.09 17:50:49.371,0.81276,0.81291,1.00,1.00
2017.02.09 17:50:50.016,0.81277,0.81291,1.00,1.00
2017.02.09 17:50:50.196,0.81277,0.81295,1.00,1.50
2017.02.09 17:50:50.247,0.81277,0.8129,1.00,1.00
2017.02.09 17:50:53.957,0.81277,0.81295,1.00,1.50
2017.02.09 17:50:56.723,0.81278,0.81295,1.00,1.00
2017.02.09 17:50:57.536,0.81277,0.81295,1.50,1.00
2017.02.09 17:50:57.687,0.81279,0.81295,1.00,1.00
2017.02.09 17:50:58.212,0.81278,0.81295,1.00,1.00
2017.02.09 17:50:59.473,0.81276,0.81294,1.50,1.00
2017.02.09 17:50:59.524,0.81276,0.8129,1.00,1.00
2017.02.09 17:51:00.449,0.81275,0.8129,1.00,1.00
2017.02.09 17:51:01.551,0.81276,0.8129,1.00,1.00
2017.02.09 17:51:02.113,0.81276,0.81291,1.50,1.00
2017.02.09 17:51:02.358,0.81276,0.81295,1.50,1.00
2017.02.09 17:51:02.459,0.81276,0.8129,1.50,1.00
2017.02.09 17:51:02.560,0.81277,0.81295,1.00,1.50
2017.02.09 17:51:03.672,0.81276,0.81295,1.50,1.50
2017.02.09 17:51:04.477,0.81276,0.81294,1.00,1.00
2017.02.09 17:51:04.875,0.81279,0.81295,1.00,1.00
2017.02.09 17:51:04.976,0.81279,0.81297,1.00,1.00
2017.02.09 17:51:05.077,0.81281,0.81299,1.00,1.50
2017.02.09 17:51:05.399,0.81281,0.81295,1.12,1.00
2017.02.09 17:51:05.953,0.81281,0.81296,1.12,1.00
2017.02.09 17:51:07.168,0.81281,0.81295,1.12,1.00
2017.02.09 17:51:08.034,0.81283,0.813,1.00,1.00
2017.02.09 17:51:08.768,0.81283,0.81301,1.00,1.50
2017.02.09 17:51:09.428,0.81284,0.813,1.00,1.00
2017.02.09 17:51:10.293,0.81285,0.813,1.00,1.00
2017.02.09 17:51:14.899,0.81284,0.813,1.00,1.00
2017.02.09 17:51:20.473,0.81283,0.81295,1.00,1.00
2017.02.09 17:51:20.524,0.81283,0.813,1.00,1.00
2017.02.09 17:51:21.013,0.81286,0.813,1.00,1.00
2017.02.09 17:51:21.442,0.81284,0.813,1.00,1.00
2017.02.09 17:51:21.971,0.81284,0.81301,1.00,1.00
2017.02.09 17:51:22.922,0.81285,0.81301,1.00,1.00
2017.02.09 17:51:23.520,0.81286,0.81301,1.00,1.00
2017.02.09 17:51:24.391,0.81285,0.81301,1.12,1.00
2017.02.09 17:51:26.108,0.81285,0.813,1.12,1.00
2017.02.09 17:51:26.526,0.81287,0.813,1.00,1.00
2017.02.09 17:51:29.022,0.81286,0.813,1.00,1.00
2017.02.09 17:51:29.363,0.81286,0.81304,1.00,1.00
2017.02.09 17:51:29.922,0.81287,0.81305,1.00,1.50
2017.02.09 17:51:30.582,0.81286,0.81304,1.00,1.00
2017.02.09 17:51:30.645,0.81286,0.813,1.00,1.00
2017.02.09 17:51:31.158,0.81283,0.813,2.25,1.00
2017.02.09 17:51:32.231,0.81284,0.813,1.00,1.00
2017.02.09 17:51:38.224,0.81285,0.813,1.00,1.00
2017.02.09 17:51:38.524,0.81285,0.81305,1.00,1.50
2017.02.09 17:51:38.575,0.81285,0.81301,1.12,1.00
2017.02.09 17:51:39.161,0.81285,0.813,1.12,1.00
2017.02.09 17:51:39.356,0.81285,0.81305,1.12,1.00
2017.02.09 17:51:39.860,0.81286,0.81304,1.00,1.00
2017.02.09 17:51:40.410,0.81285,0.813,1.00,1.00
2017.02.09 17:51:40.863,0.81286,0.81304,1.00,1.00
2017.02.09 17:51:41.525,0.81285,0.81303,1.00,1.00
2017.02.09 17:51:43.338,0.81285,0.813,1.00,1.00
2017.02.09 17:51:43.925,0.81284,0.813,1.00,1.00
2017.02.09 17:51:44.653,0.81285,0.813,1.00,1.00
2017.02.09 17:51:45.167,0.81286,0.813,1.50,1.00
2017.02.09 17:51:45.473,0.81286,0.81306,1.50,1.50
2017.02.09 17:51:47.766,0.81286,0.813,1.50,1.00
2017.02.09 17:51:48.412,0.81284,0.813,1.00,1.00
2017.02.09 17:51:48.971,0.81284,0.81301,1.00,1.00
2017.02.09 17:51:49.500,0.81285,0.813,1.00,1.00
2017.02.09 17:51:51.343,0.81284,0.813,1.00,1.00
2017.02.09 17:51:52.508,0.81285,0.813,1.00,1.00
2017.02.09 17:51:53.511,0.81284,0.813,1.00,1.00
2017.02.09 17:51:57.984,0.81284,0.81301,1.12,1.00
2017.02.09 17:51:58.508,0.81284,0.813,2.25,1.00
2017.02.09 17:52:06.510,0.81284,0.813,1.00,1.00
2017.02.09 17:52:07.124,0.81282,0.813,1.87,1.50
2017.02.09 17:52:08.239,0.81281,0.81299,1.50,1.00
2017.02.09 17:52:08.290,0.8128,0.81295,1.75,1.00
2017.02.09 17:52:08.341,0.81281,0.81299,1.50,1.00
2017.02.09 17:52:08.564,0.81282,0.81295,1.00,1.00
2017.02.09 17:52:09.305,0.81282,0.813,1.00,1.12
2017.02.09 17:52:09.406,0.81281,0.81295,1.50,1.00
2017.02.09 17:52:10.089,0.81279,0.81295,1.12,1.00
2017.02.09 17:52:10.240,0.81277,0.8129,1.00,1.00
2017.02.09 17:52:10.341,0.81277,0.81295,1.00,1.50
2017.02.09 17:52:10.443,0.81279,0.81295,1.00,1.00
2017.02.09 17:52:10.746,0.81281,0.81295,1.00,1.00
2017.02.09 17:52:11.285,0.81279,0.81295,1.00,1.00
2017.02.09 17:52:11.475,0.81273,0.8129,3.75,1.00
2017.02.09 17:52:11.778,0.81267,0.81285,3.37,1.00
2017.02.09 17:52:11.879,0.81266,0.81285,2.25,1.00
2017.02.09 17:52:12.432,0.81269,0.81286,1.00,1.00
2017.02.09 17:52:12.959,0.81269,0.81285,1.00,1.00
2017.02.09 17:52:13.367,0.81267,0.81285,1.00,1.00
2017.02.09 17:52:15.073,0.81269,0.81285,1.00,1.00
2017.02.09 17:52:16.220,0.81268,0.81286,1.00,1.00
2017.02.09 17:52:16.372,0.81266,0.81285,1.00,1.00
2017.02.09 17:52:17.540,0.81267,0.81285,1.00,1.00
2017.02.09 17:52:20.310,0.81266,0.81281,1.00,1.00
2017.02.09 17:52:20.902,0.81265,0.8128,1.00,1.00
2017.02.09 17:52:23.188,0.81266,0.8128,1.00,1.00
2017.02.09 17:52:23.238,0.81268,0.81285,1.00,1.00
2017.02.09 17:52:23.289,0.81266,0.81285,1.00,1.50
2017.02.09 17:52:23.774,0.81265,0.81281,1.50,1.00
2017.02.09 17:52:24.026,0.81266,0.81284,1.50,1.00
2017.02.09 17:52:24.382,0.81267,0.8128,1.00,1.00
2017.02.09 17:52:24.508,0.81267,0.81285,1.00,1.50
2017.02.09 17:52:25.110,0.81268,0.81285,1.00,1.00
2017.02.09 17:52:25.562,0.81271,0.81285,1.00,1.00
2017.02.09 17:52:25.816,0.81267,0.81285,1.00,1.00
2017.02.09 17:52:26.289,0.81269,0.81285,1.00,1.00
2017.02.09 17:52:26.637,0.81274,0.8129,1.12,1.00
2017.02.09 17:52:28.609,0.81272,0.81291,1.75,1.00
2017.02.09 17:52:28.925,0.81272,0.81285,1.75,1.00
2017.02.09 17:52:29.934,0.81273,0.8129,1.50,1.00
2017.02.09 17:52:30.744,0.81275,0.8129,1.00,1.00
2017.02.09 17:52:31.281,0.81274,0.8129,1.12,1.00
2017.02.09 17:52:31.786,0.81275,0.8129,1.00,1.00
2017.02.09 17:52:31.891,0.81273,0.8129,1.00,1.00
2017.02.09 17:52:32.400,0.81272,0.8129,1.00,1.00
2017.02.09 17:52:32.926,0.81273,0.8129,1.00,1.00
2017.02.09 17:52:34.321,0.81274,0.8129,1.00,1.00
2017.02.09 17:52:35.516,0.81272,0.8129,1.00,1.00
2017.02.09 17:52:36.118,0.81272,0.81291,1.00,1.50
2017.02.09 17:52:36.651,0.81272,0.8129,1.00,1.00
2017.02.09 17:52:37.230,0.81269,0.81288,1.75,1.00
2017.02.09 17:52:37.533,0.81268,0.81285,1.00,1.00
2017.02.09 17:52:37.721,0.81266,0.81284,1.12,1.00
2017.02.09 17:52:38.039,0.8127,0.81285,1.00,1.00
2017.02.09 17:52:38.090,0.8127,0.81289,1.50,1.37
2017.02.09 17:52:38.140,0.81271,0.81285,1.00,1.00
2017.02.09 17:52:38.762,0.8127,0.81285,1.00,1.00
2017.02.09 17:52:39.266,0.81266,0.8128,1.12,1.00
2017.02.09 17:52:39.877,0.81267,0.8128,1.00,1.00
2017.02.09 17:52:40.415,0.81265,0.8128,1.50,1.00
2017.02.09 17:52:42.521,0.81265,0.81285,1.50,1.00
2017.02.09 17:52:42.623,0.81268,0.81285,1.00,1.00
2017.02.09 17:52:42.977,0.8127,0.81285,1.50,1.00
2017.02.09 17:52:44.537,0.81269,0.81285,1.00,1.00
2017.02.09 17:52:44.890,0.81266,0.81284,1.00,1.00
2017.02.09 17:52:45.767,0.81266,0.81285,1.00,1.50
2017.02.09 17:52:46.355,0.81267,0.81285,1.00,1.50
2017.02.09 17:52:47.308,0.81269,0.81285,1.00,1.00
2017.02.09 17:52:48.344,0.81269,0.8128,1.00,1.00
2017.02.09 17:52:48.698,0.81266,0.8128,1.50,1.00
2017.02.09 17:52:48.853,0.81268,0.81285,1.00,1.00
2017.02.09 17:52:49.340,0.81271,0.81285,1.00,1.12
2017.02.09 17:52:51.430,0.8127,0.81285,1.00,1.00
2017.02.09 17:52:51.481,0.81267,0.81285,1.50,1.00
2017.02.09 17:52:52.059,0.81267,0.81285,1.00,1.00
2017.02.09 17:52:52.583,0.81268,0.81285,1.00,1.00
2017.02.09 17:52:53.084,0.81267,0.81285,1.00,1.50
2017.02.09 17:52:53.639,0.81268,0.81285,1.00,1.00
2017.02.09 17:52:54.996,0.81267,0.81286,1.50,1.50
2017.02.09 17:52:55.567,0.81267,0.81285,1.00,1.00
2017.02.09 17:52:57.422,0.81268,0.81285,1.00,1.00
2017.02.09 17:52:59.420,0.81267,0.81285,1.00,1.00
2017.02.09 17:53:00.404,0.81269,0.81286,1.00,1.00
2017.02.09 17:53:01.201,0.8127,0.81286,1.00,1.00
2017.02.09 17:53:01.655,0.8127,0.81289,1.00,1.12
2017.02.09 17:53:02.166,0.81271,0.8129,1.00,2.25
2017.02.09 17:53:02.708,0.81272,0.8129,1.00,1.00
2017.02.09 17:53:03.638,0.81272,0.81285,1.00,1.00
2017.02.09 17:53:04.406,0.81272,0.8129,1.00,1.00
2017.02.09 17:53:05.290,0.81275,0.8129,1.00,1.00
2017.02.09 17:53:05.341,0.81272,0.8129,1.00,1.00
2017.02.09 17:53:05.871,0.81271,0.8129,1.50,1.87
2017.02.09 17:53:06.439,0.81273,0.8129,1.00,1.12
2017.02.09 17:53:06.781,0.81271,0.81285,1.50,1.00
2017.02.09 17:53:06.933,0.81271,0.8129,1.00,1.87
2017.02.09 17:53:07.034,0.81271,0.81285,1.00,1.00
2017.02.09 17:53:07.412,0.81272,0.8129,1.12,1.00
2017.02.09 17:53:09.765,0.8127,0.81285,1.75,1.00
2017.02.09 17:53:10.259,0.8127,0.81289,1.75,1.00
2017.02.09 17:53:10.815,0.8127,0.8129,1.75,1.00
2017.02.09 17:53:13.527,0.81271,0.81285,1.50,1.00
2017.02.09 17:53:15.722,0.81271,0.81289,1.50,1.00
2017.02.09 17:53:16.615,0.81272,0.8129,1.12,1.00
2017.02.09 17:53:16.666,0.81274,0.8129,1.00,1.00
2017.02.09 17:53:17.279,0.81271,0.81289,2.25,1.00
2017.02.09 17:53:18.138,0.81271,0.81291,1.50,1.00
2017.02.09 17:53:18.340,0.81274,0.81291,1.00,1.00
2017.02.09 17:53:18.391,0.81275,0.81293,1.00,1.12
2017.02.09 17:53:18.706,0.81275,0.81291,1.00,1.00
2017.02.09 17:53:19.458,0.81274,0.81291,1.00,1.00
2017.02.09 17:53:20.069,0.81274,0.8129,1.00,1.00
2017.02.09 17:53:20.335,0.81271,0.8129,2.25,1.00
2017.02.09 17:53:21.058,0.81271,0.8129,1.00,1.00
2017.02.09 17:53:21.692,0.81273,0.8129,1.00,1.00
2017.02.09 17:53:22.215,0.81272,0.8129,1.12,1.00
2017.02.09 17:53:23.090,0.81274,0.8129,1.00,1.00
2017.02.09 17:53:23.474,0.81276,0.8129,1.00,1.00
2017.02.09 17:53:23.978,0.81277,0.81295,1.00,2.25
2017.02.09 17:53:24.156,0.81278,0.81295,1.00,1.00
2017.02.09 17:53:24.682,0.81277,0.81295,1.00,1.50
2017.02.09 17:53:27.800,0.81278,0.81295,1.00,1.00
2017.02.09 17:53:28.622,0.81277,0.81295,1.00,1.00
2017.02.09 17:53:28.775,0.81276,0.8129,1.00,1.00
2017.02.09 17:53:30.214,0.81275,0.8129,1.00,1.00
2017.02.09 17:53:30.994,0.81274,0.8129,1.50,1.00
2017.02.09 17:53:31.640,0.81273,0.8129,1.00,1.00
2017.02.09 17:53:33.081,0.81271,0.8129,1.50,1.00
2017.02.09 17:53:34.440,0.81273,0.8129,1.00,1.00
2017.02.09 17:53:35.250,0.81274,0.8129,1.00,1.00
2017.02.09 17:53:35.764,0.81274,0.81291,1.00,1.00
2017.02.09 17:53:36.365,0.81274,0.8129,1.00,1.00
2017.02.09 17:53:37.026,0.81275,0.8129,1.00,1.00
2017.02.09 17:53:38.066,0.81276,0.81294,1.00,1.37
2017.02.09 17:53:38.675,0.81276,0.81294,1.00,1.00
2017.02.09 17:53:39.198,0.81276,0.81295,1.00,1.00
2017.02.09 17:53:39.249,0.81276,0.8129,1.00,1.00
2017.02.09 17:53:39.401,0.81276,0.81295,1.00,1.50
2017.02.09 17:53:39.840,0.81276,0.81295,1.75,1.50
2017.02.09 17:53:40.543,0.81277,0.81291,1.50,1.00
2017.02.09 17:53:41.068,0.81274,0.8129,1.50,1.00
2017.02.09 17:53:43.049,0.81276,0.8129,1.00,1.00
2017.02.09 17:53:43.789,0.81276,0.81294,1.00,1.00
2017.02.09 17:53:44.300,0.81276,0.81295,1.00,1.00
2017.02.09 17:53:46.043,0.81275,0.81293,1.12,1.00
2017.02.09 17:53:46.399,0.81274,0.8129,1.50,1.00
2017.02.09 17:53:46.514,0.81275,0.81294,1.12,1.00
2017.02.09 17:53:47.253,0.81276,0.81294,1.00,1.00
2017.02.09 17:53:47.970,0.81276,0.8129,1.00,1.00
2017.02.09 17:53:48.302,0.81268,0.81285,1.37,1.00
2017.02.09 17:53:48.353,0.81268,0.81285,1.00,1.00
2017.02.09 17:53:48.454,0.8127,0.81288,1.00,1.00
2017.02.09 17:53:48.757,0.81271,0.8129,1.12,1.50
2017.02.09 17:53:48.978,0.81275,0.8129,1.00,1.00
2017.02.09 17:53:49.029,0.81275,0.81293,1.00,1.12
2017.02.09 17:53:49.181,0.81275,0.81295,1.00,1.87
2017.02.09 17:53:49.877,0.81275,0.81291,1.00,1.00
2017.02.09 17:53:50.585,0.81273,0.8129,1.37,1.00
2017.02.09 17:53:51.846,0.81273,0.81292,1.37,1.00
2017.02.09 17:53:52.098,0.81274,0.81291,3.00,1.00
2017.02.09 17:53:52.569,0.81275,0.81294,1.37,1.00
2017.02.09 17:53:53.234,0.81277,0.81295,1.00,1.50
2017.02.09 17:53:53.336,0.81279,0.81295,1.00,1.00
2017.02.09 17:53:53.388,0.8128,0.813,1.00,1.50
2017.02.09 17:53:53.490,0.81282,0.813,1.00,1.00
2017.02.09 17:53:54.058,0.81281,0.813,1.75,1.00
2017.02.09 17:53:57.423,0.81283,0.81301,1.12,1.50
2017.02.09 17:53:58.248,0.81282,0.81295,1.50,1.00
2017.02.09 17:53:58.414,0.81282,0.813,1.50,1.00
2017.02.09 17:54:00.136,0.81282,0.81295,1.50,1.00
2017.02.09 17:54:00.723,0.81284,0.813,1.00,1.00
2017.02.09 17:54:01.252,0.81285,0.813,1.00,1.00
2017.02.09 17:54:01.303,0.81282,0.81295,1.50,1.00
2017.02.09 17:54:02.005,0.81282,0.81296,1.50,1.00
2017.02.09 17:54:02.836,0.81282,0.813,1.50,1.50
2017.02.09 17:54:03.761,0.81282,0.81295,1.50,1.00
2017.02.09 17:54:12.616,0.81282,0.81295,1.00,1.00
2017.02.09 17:54:13.167,0.81277,0.81295,1.75,1.50
2017.02.09 17:54:13.385,0.81275,0.8129,2.62,1.00
2017.02.09 17:54:13.719,0.81277,0.81294,1.00,1.00
2017.02.09 17:54:13.921,0.8128,0.81295,1.00,1.00
2017.02.09 17:54:14.446,0.81279,0.81295,1.00,1.00
2017.02.09 17:54:14.758,0.81281,0.81295,1.50,1.00
2017.02.09 17:54:17.233,0.81281,0.81296,1.50,1.00
2017.02.09 17:54:18.753,0.81282,0.81296,1.00,1.00
2017.02.09 17:54:19.459,0.81282,0.81295,1.00,1.00
2017.02.09 17:54:20.997,0.81281,0.81295,1.00,1.00
2017.02.09 17:54:21.327,0.81276,0.8129,1.75,1.00
2017.02.09 17:54:21.428,0.81276,0.8129,1.00,1.00
2017.02.09 17:54:22.577,0.81275,0.8129,1.00,1.00
2017.02.09 17:54:22.728,0.81274,0.81285,1.12,1.00
2017.02.09 17:54:23.215,0.81274,0.8129,1.50,1.00
2017.02.09 17:54:23.316,0.81277,0.8129,1.00,1.00
2017.02.09 17:54:23.783,0.81277,0.81295,1.00,1.50
2017.02.09 17:54:24.159,0.81274,0.81293,1.50,1.00
2017.02.09 17:54:24.260,0.81274,0.8129,1.50,1.00
2017.02.09 17:54:24.804,0.81275,0.8129,1.00,1.00
2017.02.09 17:54:25.429,0.81273,0.8129,1.87,1.00
2017.02.09 17:54:25.970,0.81274,0.8129,1.00,1.00
2017.02.09 17:54:26.071,0.81277,0.8129,1.00,1.00
2017.02.09 17:54:26.174,0.81278,0.81295,1.00,1.12
2017.02.09 17:54:26.326,0.81276,0.81295,1.00,1.87
2017.02.09 17:54:26.528,0.81276,0.81291,1.00,1.00
2017.02.09 17:54:27.062,0.81276,0.8129,1.00,1.00
2017.02.09 17:54:27.535,0.81281,0.8129,1.00,1.00
2017.02.09 17:54:27.637,0.81281,0.81295,1.00,1.00
2017.02.09 17:54:28.088,0.81281,0.81301,1.00,1.50
2017.02.09 17:54:28.275,0.81281,0.81295,1.00,1.00
2017.02.09 17:54:28.655,0.81283,0.81295,1.00,1.00
2017.02.09 17:54:29.095,0.81281,0.81295,1.12,1.00
2017.02.09 17:54:29.602,0.8128,0.81295,1.00,1.00
2017.02.09 17:54:30.543,0.81281,0.81295,1.00,1.00
2017.02.09 17:54:30.749,0.81282,0.813,1.00,1.12
2017.02.09 17:54:31.563,0.81283,0.813,1.00,1.00
2017.02.09 17:54:31.927,0.81281,0.813,1.87,1.00
2017.02.09 17:54:32.739,0.81283,0.81299,1.00,1.00
2017.02.09 17:54:32.790,0.81282,0.81301,1.00,1.50
2017.02.09 17:54:32.841,0.81282,0.81295,1.50,1.00
2017.02.09 17:54:33.417,0.81283,0.81295,1.00,1.00
2017.02.09 17:54:33.780,0.81281,0.813,1.00,1.12
2017.02.09 17:54:33.831,0.81279,0.81295,1.12,1.00
2017.02.09 17:54:34.335,0.8128,0.81295,1.00,1.00
2017.02.09 17:54:34.638,0.8128,0.813,1.00,1.12
2017.02.09 17:54:34.688,0.81282,0.813,1.00,1.12
2017.02.09 17:54:35.018,0.81284,0.813,1.00,1.00
2017.02.09 17:54:35.263,0.81285,0.81305,1.50,1.00
2017.02.09 17:54:35.728,0.81288,0.81305,1.00,1.00
2017.02.09 17:54:38.086,0.81286,0.813,1.00,1.00
2017.02.09 17:54:38.289,0.81284,0.813,1.00,1.00
2017.02.09 17:54:38.805,0.81283,0.813,1.00,1.00
2017.02.09 17:54:39.140,0.81282,0.81295,1.00,1.00
2017.02.09 17:54:39.951,0.81281,0.81295,1.00,1.00
2017.02.09 17:54:40.001,0.81279,0.81295,1.00,1.00
2017.02.09 17:54:40.556,0.81279,0.81296,1.00,1.00
2017.02.09 17:54:42.137,0.81279,0.81295,1.00,1.00
2017.02.09 17:54:43.629,0.81282,0.81295,1.00,1.00
2017.02.09 17:54:43.680,0.81282,0.813,1.00,1.50
2017.02.09 17:54:44.192,0.81283,0.81301,1.00,1.00
2017.02.09 17:54:44.854,0.81284,0.81301,1.50,1.00
2017.02.09 17:54:45.413,0.81284,0.81295,1.50,1.00
2017.02.09 17:54:45.714,0.8128,0.81295,1.75,1.00
2017.02.09 17:54:45.815,0.8128,0.81295,1.00,1.00
2017.02.09 17:54:46.400,0.81279,0.81295,1.50,1.00
2017.02.09 17:54:46.956,0.8128,0.81295,1.00,1.00
2017.02.09 17:54:48.833,0.8128,0.81296,1.50,1.00
2017.02.09 17:54:49.341,0.8128,0.81295,1.50,1.00
2017.02.09 17:54:52.060,0.8128,0.81294,1.00,1.00
2017.02.09 17:54:52.111,0.81279,0.81291,1.00,1.00
2017.02.09 17:54:52.654,0.81278,0.81291,1.12,1.00
2017.02.09 17:54:52.925,0.81278,0.81295,1.12,1.00
2017.02.09 17:54:53.464,0.81279,0.81295,1.00,1.00
2017.02.09 17:54:54.338,0.81278,0.81295,1.87,1.00
2017.02.09 17:54:56.635,0.81279,0.81295,1.00,1.00
2017.02.09 17:54:56.686,0.81279,0.8129,1.00,1.00
2017.02.09 17:54:57.316,0.81281,0.81295,1.00,1.00
2017.02.09 17:54:57.552,0.81283,0.81295,1.00,1.00
2017.02.09 17:54:59.466,0.81282,0.81295,1.50,1.00
2017.02.09 17:55:01.166,0.8128,0.81295,1.00,1.00
2017.02.09 17:55:01.418,0.81283,0.81295,1.00,1.00
2017.02.09 17:55:01.972,0.81282,0.81295,1.00,1.00
2017.02.09 17:55:03.026,0.81283,0.81295,1.50,1.00
2017.02.09 17:55:03.329,0.81284,0.81295,2.25,1.00
2017.02.09 17:55:04.174,0.81284,0.813,2.25,1.00
2017.02.09 17:55:04.743,0.81284,0.81295,1.50,1.00
2017.02.09 17:55:06.849,0.81286,0.81295,1.00,1.00
2017.02.09 17:55:06.950,0.81287,0.813,1.00,1.00
2017.02.09 17:55:07.475,0.81288,0.813,1.12,1.00
2017.02.09 17:55:12.573,0.81286,0.813,1.00,1.00
2017.02.09 17:55:13.138,0.81286,0.81295,1.00,1.00
2017.02.09 17:55:13.189,0.81284,0.813,1.50,1.00
2017.02.09 17:55:13.391,0.81284,0.81296,1.50,1.00
2017.02.09 17:55:14.775,0.81284,0.81295,1.50,1.00
2017.02.09 17:55:15.035,0.81284,0.813,1.00,1.00
2017.02.09 17:55:15.539,0.81283,0.813,1.00,1.00
2017.02.09 17:55:15.590,0.81283,0.81295,1.00,1.00
2017.02.09 17:55:15.641,0.81285,0.81303,1.00,1.12
2017.02.09 17:55:15.691,0.81287,0.81305,1.00,2.25
2017.02.09 17:55:15.843,0.81287,0.81305,1.00,1.00
2017.02.09 17:55:16.402,0.81286,0.81305,1.00,2.25
2017.02.09 17:55:16.629,0.81286,0.81301,1.00,1.00
2017.02.09 17:55:17.118,0.81286,0.81305,1.00,2.25
2017.02.09 17:55:18.154,0.81289,0.81305,1.00,1.50
2017.02.09 17:55:18.406,0.81289,0.81306,1.00,1.00
2017.02.09 17:55:18.457,0.81291,0.81305,1.00,1.00
2017.02.09 17:55:18.762,0.8129,0.81309,1.00,1.75
2017.02.09 17:55:18.864,0.8129,0.81309,1.00,1.00
2017.02.09 17:55:18.915,0.8129,0.81305,1.00,1.00
2017.02.09 17:55:19.192,0.81291,0.8131,1.50,1.00
2017.02.09 17:55:19.343,0.81291,0.81305,1.00,1.00
2017.02.09 17:55:19.394,0.81292,0.8131,1.00,1.00
2017.02.09 17:55:19.999,0.81294,0.8131,1.00,1.00
2017.02.09 17:55:20.573,0.81295,0.8131,1.00,1.00
2017.02.09 17:55:21.094,0.81293,0.8131,1.50,1.00
2017.02.09 17:55:21.943,0.81293,0.81311,1.50,1.00
2017.02.09 17:55:22.462,0.81293,0.8131,1.50,1.00
2017.02.09 17:55:23.045,0.81293,0.8131,1.00,1.00
2017.02.09 17:55:23.348,0.81293,0.8131,2.25,1.00
2017.02.09 17:55:26.418,0.81293,0.81305,1.75,1.00
2017.02.09 17:55:26.468,0.81292,0.8131,1.75,1.00
2017.02.09 17:55:28.662,0.81293,0.8131,1.50,1.00
2017.02.09 17:55:29.208,0.81293,0.8131,2.25,1.00
2017.02.09 17:55:29.473,0.81293,0.81305,2.25,1.00
2017.02.09 17:55:29.899,0.81294,0.8131,1.12,1.00
2017.02.09 17:55:31.443,0.81296,0.8131,1.00,1.00
2017.02.09 17:55:31.682,0.81294,0.8131,1.50,1.00
2017.02.09 17:55:31.992,0.81296,0.8131,1.00,1.00
2017.02.09 17:55:32.299,0.81294,0.8131,1.00,1.00
2017.02.09 17:55:33.942,0.81294,0.81305,1.00,1.00
2017.02.09 17:55:34.113,0.81292,0.81305,1.00,1.00
2017.02.09 17:55:34.671,0.81293,0.81305,1.00,1.00
2017.02.09 17:55:36.283,0.81293,0.81306,1.00,1.00
2017.02.09 17:55:36.586,0.8129,0.81305,1.50,1.00
2017.02.09 17:55:36.637,0.8129,0.813,1.00,1.00
2017.02.09 17:55:36.804,0.81289,0.81305,1.12,1.00
2017.02.09 17:55:36.905,0.8129,0.813,1.00,1.00
2017.02.09 17:55:37.457,0.8129,0.81305,1.00,1.00
2017.02.09 17:55:38.126,0.8129,0.81306,1.00,1.00
2017.02.09 17:55:38.635,0.8129,0.81305,1.00,1.00
2017.02.09 17:55:41.193,0.81291,0.81305,1.00,1.00
2017.02.09 17:55:42.798,0.81293,0.81305,1.50,1.00
2017.02.09 17:55:42.849,0.81294,0.8131,1.00,1.00
2017.02.09 17:55:42.900,0.81296,0.8131,1.00,1.00
2017.02.09 17:55:43.211,0.81298,0.81311,1.00,1.00
2017.02.09 17:55:43.780,0.81298,0.8131,1.00,1.00
2017.02.09 17:55:44.089,0.81296,0.8131,1.00,1.00
2017.02.09 17:55:44.593,0.81295,0.8131,1.00,1.00
2017.02.09 17:55:45.289,0.81294,0.8131,1.00,1.00
2017.02.09 17:55:45.671,0.81294,0.81305,1.00,1.00
2017.02.09 17:55:45.886,0.81292,0.8131,1.87,1.00
2017.02.09 17:55:46.417,0.81292,0.81305,1.87,1.00
2017.02.09 17:55:46.619,0.8129,0.81305,1.50,1.00
2017.02.09 17:55:46.720,0.81292,0.81305,1.00,1.00
2017.02.09 17:55:47.335,0.81291,0.81306,1.50,1.00
2017.02.09 17:55:47.906,0.81292,0.8131,1.12,1.00
2017.02.09 17:55:49.324,0.81289,0.81309,2.25,1.00
2017.02.09 17:55:49.425,0.81289,0.81309,1.12,1.00
2017.02.09 17:55:49.577,0.81289,0.81305,1.12,1.00
2017.02.09 17:55:50.081,0.81287,0.81306,1.75,1.00
2017.02.09 17:55:50.628,0.81288,0.81305,1.50,1.00
2017.02.09 17:55:52.580,0.81288,0.81305,1.00,1.00
2017.02.09 17:55:53.729,0.81287,0.81305,1.00,1.00
2017.02.09 17:55:54.244,0.81288,0.81305,1.00,1.00
2017.02.09 17:55:57.420,0.81286,0.81305,1.12,1.00
2017.02.09 17:55:58.464,0.81285,0.81304,2.25,1.00
2017.02.09 17:55:58.566,0.81284,0.813,1.75,1.00
2017.02.09 17:55:58.862,0.81284,0.813,1.12,1.00
2017.02.09 17:55:59.602,0.81286,0.81301,1.00,1.00
2017.02.09 17:56:00.842,0.81285,0.81301,1.00,1.00
2017.02.09 17:56:01.533,0.81285,0.813,1.00,1.00
2017.02.09 17:56:02.151,0.81284,0.813,1.12,1.00
2017.02.09 17:56:08.751,0.81285,0.813,1.00,1.00
2017.02.09 17:56:09.295,0.81284,0.813,1.12,1.00
2017.02.09 17:56:11.123,0.81283,0.81301,1.50,1.00
2017.02.09 17:56:11.773,0.81283,0.81302,1.50,1.00
2017.02.09 17:56:12.482,0.81283,0.813,1.50,1.00
2017.02.09 17:56:16.393,0.81283,0.813,1.75,1.00
2017.02.09 17:56:17.025,0.81286,0.81305,1.00,1.00
2017.02.09 17:56:18.566,0.81285,0.81303,1.12,1.00
2017.02.09 17:56:19.116,0.81285,0.81304,1.12,1.00
2017.02.09 17:56:19.476,0.81287,0.81305,1.00,1.50
2017.02.09 17:56:21.085,0.81288,0.81305,1.00,1.00
2017.02.09 17:56:24.551,0.81291,0.81305,1.00,1.00
2017.02.09 17:56:25.207,0.81291,0.81309,1.00,1.00
2017.02.09 17:56:25.308,0.81292,0.81305,1.00,1.00
2017.02.09 17:56:25.726,0.81292,0.8131,1.00,1.50
2017.02.09 17:56:26.060,0.81294,0.8131,1.00,1.00
2017.02.09 17:56:26.591,0.81295,0.8131,1.00,1.00
2017.02.09 17:56:27.217,0.81296,0.8131,1.00,1.00
2017.02.09 17:56:27.546,0.81295,0.81304,1.00,1.00
2017.02.09 17:56:27.952,0.8129,0.81302,1.75,1.00
2017.02.09 17:56:28.003,0.8129,0.81305,1.12,1.00
2017.02.09 17:56:28.916,0.81291,0.81305,1.00,1.00
2017.02.09 17:56:29.259,0.81288,0.81298,1.75,1.00
2017.02.09 17:56:29.742,0.81288,0.813,1.00,1.00
2017.02.09 17:56:29.793,0.81288,0.81299,1.75,1.00
2017.02.09 17:56:29.894,0.81288,0.81305,1.75,1.00
2017.02.09 17:56:29.996,0.81288,0.81305,1.00,1.00
2017.02.09 17:56:31.171,0.81286,0.81305,1.12,1.50
2017.02.09 17:56:31.498,0.81289,0.813,1.00,1.00
2017.02.09 17:56:31.549,0.8129,0.81305,1.00,1.00
2017.02.09 17:56:31.600,0.81288,0.813,1.00,1.00
2017.02.09 17:56:31.701,0.81288,0.81305,1.00,1.00
2017.02.09 17:56:31.953,0.81288,0.81299,1.00,1.00
2017.02.09 17:56:32.506,0.81289,0.81299,1.00,1.00
2017.02.09 17:56:34.521,0.81289,0.813,1.00,1.00
2017.02.09 17:56:35.564,0.81289,0.81299,1.00,1.00
2017.02.09 17:56:36.432,0.81289,0.81299,1.37,1.00
2017.02.09 17:56:38.609,0.81286,0.813,1.75,1.00
2017.02.09 17:56:38.661,0.81286,0.81305,1.75,1.50
2017.02.09 17:56:38.762,0.81286,0.81305,1.00,1.50
2017.02.09 17:56:38.813,0.81283,0.813,1.75,1.00
2017.02.09 17:56:39.427,0.81284,0.813,1.00,1.00
2017.02.09 17:56:40.629,0.81283,0.813,1.00,1.00
2017.02.09 17:56:41.308,0.81284,0.813,1.00,1.00
2017.02.09 17:56:41.410,0.81284,0.81302,1.00,1.00
2017.02.09 17:56:41.461,0.81285,0.813,1.00,1.00
2017.02.09 17:56:41.906,0.81285,0.81294,1.00,1.00
2017.02.09 17:56:43.142,0.81285,0.81293,1.00,1.00
2017.02.09 17:56:44.000,0.81283,0.81293,1.50,1.00
2017.02.09 17:56:44.551,0.81283,0.81292,1.00,1.00
2017.02.09 17:56:45.112,0.81282,0.81292,1.12,1.00
2017.02.09 17:56:45.805,0.81284,0.81292,1.00,1.00
2017.02.09 17:56:45.856,0.81282,0.81292,1.12,1.00
2017.02.09 17:56:46.402,0.81283,0.81292,1.00,1.00
2017.02.09 17:56:46.604,0.81283,0.81294,1.00,1.00
2017.02.09 17:56:47.073,0.81287,0.813,1.00,1.00
2017.02.09 17:56:47.174,0.8129,0.813,1.00,1.00
2017.02.09 17:56:47.477,0.81286,0.81298,1.97,1.00
2017.02.09 17:56:47.629,0.81286,0.81305,1.50,1.50
2017.02.09 17:56:47.730,0.81286,0.81305,1.12,1.50
2017.02.09 17:56:48.128,0.81284,0.813,1.75,1.00
2017.02.09 17:56:48.473,0.81284,0.81294,1.75,1.00
2017.02.09 17:56:49.240,0.81284,0.81294,1.37,1.00
2017.02.09 17:56:49.828,0.81284,0.81294,1.00,1.00
2017.02.09 17:56:50.548,0.81285,0.81294,1.00,1.00
2017.02.09 17:56:51.535,0.81284,0.81294,1.00,1.00
2017.02.09 17:56:58.253,0.81283,0.81294,1.12,1.00
2017.02.09 17:56:58.702,0.81281,0.81292,1.75,1.00
2017.02.09 17:56:58.950,0.81282,0.81294,1.50,1.00
2017.02.09 17:56:59.998,0.81286,0.81296,1.00,1.00
2017.02.09 17:57:05.976,0.81284,0.81297,1.75,1.00
2017.02.09 17:57:06.418,0.81285,0.81295,1.50,1.00
2017.02.09 17:57:07.147,0.81285,0.81296,1.50,1.00
2017.02.09 17:57:07.675,0.81286,0.81297,1.12,1.00
2017.02.09 17:57:08.041,0.81288,0.81297,1.00,1.00
2017.02.09 17:57:08.763,0.81288,0.81296,1.00,1.00
2017.02.09 17:57:09.458,0.81287,0.81296,1.00,1.00
2017.02.09 17:57:12.910,0.81286,0.81296,1.12,1.00
2017.02.09 17:57:13.889,0.81286,0.813,1.12,1.00
2017.02.09 17:57:15.326,0.81288,0.81296,1.00,1.00
2017.02.09 17:57:15.427,0.81288,0.81298,1.00,1.00
2017.02.09 17:57:15.934,0.81288,0.81299,1.00,1.00
2017.02.09 17:57:16.480,0.81289,0.81299,1.00,1.00
2017.02.09 17:57:17.140,0.81289,0.813,1.00,1.00
2017.02.09 17:57:17.801,0.81288,0.81299,1.12,1.00
2017.02.09 17:57:18.470,0.81288,0.81298,1.12,1.00
2017.02.09 17:57:19.730,0.81288,0.81299,1.12,1.00
2017.02.09 17:57:20.441,0.81288,0.81298,1.12,1.00
2017.02.09 17:57:22.457,0.81288,0.81297,1.12,1.00
2017.02.09 17:57:22.623,0.81286,0.81304,1.75,1.00
2017.02.09 17:57:22.673,0.81286,0.81295,1.75,1.00
2017.02.09 17:57:22.775,0.81286,0.81295,1.12,1.00
2017.02.09 17:57:23.412,0.81287,0.81296,1.00,1.00
2017.02.09 17:57:25.848,0.81286,0.81296,1.12,1.00
2017.02.09 17:57:25.899,0.81284,0.81294,1.75,1.00
2017.02.09 17:57:26.408,0.81286,0.81295,1.12,1.00
2017.02.09 17:57:29.719,0.81285,0.81294,1.50,1.00
2017.02.09 17:57:30.021,0.81286,0.81296,1.12,1.00
2017.02.09 17:57:30.674,0.81286,0.81295,1.12,1.00
2017.02.09 17:57:31.329,0.81287,0.81295,1.00,1.00
2017.02.09 17:57:32.289,0.81286,0.81295,1.12,1.00
2017.02.09 17:57:35.040,0.81282,0.81295,1.87,1.00
2017.02.09 17:57:35.091,0.8128,0.81294,1.50,1.00
2017.02.09 17:57:35.192,0.8128,0.81298,1.50,1.00
2017.02.09 17:57:35.294,0.81282,0.813,1.00,2.62
2017.02.09 17:57:35.396,0.81284,0.813,1.00,1.12
2017.02.09 17:57:35.498,0.81284,0.81303,1.00,1.50
2017.02.09 17:57:35.601,0.81283,0.81301,1.12,1.50
2017.02.09 17:57:36.006,0.81283,0.81291,1.00,1.00
2017.02.09 17:57:36.129,0.81281,0.81291,1.00,1.00
2017.02.09 17:57:37.006,0.81282,0.81291,1.00,1.00
2017.02.09 17:57:37.575,0.81282,0.81292,1.00,1.00
2017.02.09 17:57:38.267,0.81281,0.81292,1.00,1.00
2017.02.09 17:57:38.368,0.81281,0.81295,1.00,1.00
2017.02.09 17:57:38.469,0.81281,0.8129,1.00,1.00
2017.02.09 17:57:39.020,0.81281,0.81291,1.00,1.00
2017.02.09 17:57:39.173,0.81281,0.81295,1.00,1.00
2017.02.09 17:57:39.675,0.81281,0.81296,1.00,1.00
2017.02.09 17:57:40.259,0.81281,0.81299,1.00,1.00
2017.02.09 17:57:40.361,0.81281,0.81295,1.00,1.00
2017.02.09 17:57:40.673,0.81281,0.81289,1.00,1.00
2017.02.09 17:57:41.266,0.8128,0.81289,1.00,1.00
2017.02.09 17:57:41.418,0.81279,0.81291,1.00,1.00
2017.02.09 17:57:42.060,0.81279,0.8129,1.00,1.00
2017.02.09 17:57:43.317,0.8128,0.8129,1.00,1.00
2017.02.09 17:57:44.280,0.81281,0.8129,1.00,1.00
2017.02.09 17:57:44.681,0.81282,0.81292,1.00,1.00
2017.02.09 17:57:45.281,0.81284,0.81293,1.00,1.00
2017.02.09 17:57:45.604,0.81282,0.81293,1.12,1.00
2017.02.09 17:57:45.655,0.81282,0.813,1.12,1.00
2017.02.09 17:57:45.962,0.81284,0.813,1.00,1.00
2017.02.09 17:57:46.511,0.81283,0.813,1.00,1.00
2017.02.09 17:57:47.066,0.81283,0.81293,1.00,1.00
2017.02.09 17:57:47.294,0.81283,0.813,1.00,1.00
2017.02.09 17:57:47.594,0.81283,0.81293,1.00,1.00
2017.02.09 17:57:48.184,0.81284,0.81293,1.00,1.00
2017.02.09 17:57:49.253,0.81285,0.81293,1.00,1.00
2017.02.09 17:57:49.480,0.81283,0.81293,1.00,1.00
2017.02.09 17:57:49.581,0.81282,0.813,1.12,1.50
2017.02.09 17:57:50.114,0.81282,0.81295,1.12,1.00
2017.02.09 17:57:50.316,0.81279,0.81295,1.12,1.00
2017.02.09 17:57:50.573,0.81282,0.81296,1.00,1.00
2017.02.09 17:57:50.624,0.8128,0.81296,1.50,1.00
2017.02.09 17:57:51.183,0.81279,0.81296,1.12,1.00
2017.02.09 17:57:51.844,0.8128,0.81295,1.50,1.00
2017.02.09 17:57:52.464,0.81281,0.81295,1.00,1.00
2017.02.09 17:57:53.100,0.8128,0.81295,1.50,1.00
2017.02.09 17:57:53.824,0.81278,0.81295,2.25,1.00
2017.02.09 17:57:54.506,0.81275,0.81293,1.00,1.00
2017.02.09 17:57:54.708,0.81273,0.81291,1.87,1.00
2017.02.09 17:57:55.220,0.81273,0.8129,1.00,1.12
2017.02.09 17:57:55.547,0.81275,0.81293,1.00,1.75
2017.02.09 17:57:55.648,0.81275,0.81293,1.00,1.00
2017.02.09 17:57:55.749,0.81275,0.81286,1.00,1.00
2017.02.09 17:57:56.592,0.81275,0.81293,1.00,1.00
2017.02.09 17:57:57.141,0.81274,0.81292,1.00,1.00
2017.02.09 17:57:57.601,0.81274,0.81292,1.00,1.87
2017.02.09 17:57:57.803,0.81272,0.8129,1.00,1.87
2017.02.09 17:57:58.389,0.81271,0.8129,1.00,1.00
2017.02.09 17:57:58.742,0.81274,0.8129,1.00,1.00
2017.02.09 17:57:59.086,0.81274,0.81283,1.00,1.00
2017.02.09 17:57:59.140,0.81274,0.8129,1.00,1.00
2017.02.09 17:57:59.436,0.81274,0.81281,1.00,1.00
2017.02.09 17:57:59.968,0.81273,0.81281,1.00,1.00
2017.02.09 17:58:00.288,0.81275,0.81283,1.00,1.00
2017.02.09 17:58:00.339,0.81275,0.81285,1.00,1.00
2017.02.09 17:58:00.851,0.81276,0.81285,1.00,1.00
2017.02.09 17:58:01.393,0.81277,0.81286,1.00,1.00
2017.02.09 17:58:02.387,0.81278,0.81286,1.00,1.00
2017.02.09 17:58:03.933,0.81277,0.81286,1.00,1.00
2017.02.09 17:58:04.407,0.81278,0.81288,1.00,1.00
2017.02.09 17:58:04.910,0.81278,0.81289,1.00,1.00
2017.02.09 17:58:05.012,0.81277,0.81295,1.00,1.00
2017.02.09 17:58:07.760,0.81276,0.81295,1.00,2.25
2017.02.09 17:58:08.347,0.81275,0.81294,1.12,1.00
2017.02.09 17:58:09.900,0.81274,0.81293,1.37,1.00
2017.02.09 17:58:11.081,0.81274,0.8129,1.37,1.00
2017.02.09 17:58:11.606,0.81274,0.81293,1.37,1.00
2017.02.09 17:58:13.795,0.81274,0.81291,1.37,1.00
2017.02.09 17:58:15.181,0.81273,0.8129,1.50,1.00
2017.02.09 17:58:15.233,0.81271,0.8129,2.25,1.50
2017.02.09 17:58:15.535,0.81271,0.8129,1.12,1.87
2017.02.09 17:58:18.032,0.8127,0.81289,1.50,1.12
2017.02.09 17:58:18.992,0.81271,0.8129,1.00,2.25
2017.02.09 17:58:21.213,0.81274,0.81293,1.00,3.00
2017.02.09 17:58:21.415,0.81274,0.81293,1.00,1.50
2017.02.09 17:58:22.711,0.81273,0.81292,1.00,1.12
2017.02.09 17:58:25.590,0.81273,0.8129,1.50,1.00
2017.02.09 17:58:28.632,0.81273,0.81292,1.50,1.12
2017.02.09 17:58:29.327,0.81276,0.81294,1.00,1.75
2017.02.09 17:58:29.378,0.81274,0.81293,1.00,1.50
2017.02.09 17:58:29.429,0.81274,0.81287,1.00,1.00
2017.02.09 17:58:29.479,0.81274,0.81293,1.00,1.50
2017.02.09 17:58:29.530,0.81274,0.8129,1.00,1.00
2017.02.09 17:58:29.921,0.81274,0.81293,1.00,1.50
2017.02.09 17:58:30.885,0.81274,0.8129,1.00,1.00
2017.02.09 17:58:31.800,0.81274,0.81293,1.00,1.50
2017.02.09 17:58:33.216,0.81274,0.8129,1.00,1.00
2017.02.09 17:58:33.582,0.81274,0.81293,1.00,1.50
2017.02.09 17:58:34.117,0.81274,0.81286,1.50,1.00
2017.02.09 17:58:34.394,0.81272,0.8129,1.75,1.00
2017.02.09 17:58:34.495,0.81273,0.8129,1.00,1.00
2017.02.09 17:58:37.690,0.81272,0.8129,1.12,1.00
2017.02.09 17:58:38.241,0.81273,0.8129,1.00,1.50
2017.02.09 17:58:38.590,0.81274,0.81285,1.00,1.00
2017.02.09 17:58:38.842,0.81274,0.81287,1.00,1.00
2017.02.09 17:58:39.442,0.81275,0.81288,1.00,1.00
2017.02.09 17:58:39.986,0.81276,0.81287,1.00,1.00
2017.02.09 17:58:40.037,0.81274,0.81286,1.00,1.00
2017.02.09 17:58:40.139,0.8127,0.81289,1.75,1.00
2017.02.09 17:58:40.290,0.81271,0.81289,1.00,1.00
2017.02.09 17:58:40.795,0.8127,0.81289,1.00,1.50
2017.02.09 17:58:41.221,0.81271,0.81285,1.00,1.00
2017.02.09 17:58:41.322,0.81271,0.8129,1.00,1.75
2017.02.09 17:58:41.373,0.81271,0.81283,1.00,1.00
2017.02.09 17:58:41.765,0.81271,0.8129,1.00,1.00
2017.02.09 17:58:42.041,0.81271,0.81284,1.00,1.00
2017.02.09 17:58:42.558,0.81271,0.81283,1.00,1.00
2017.02.09 17:58:43.140,0.81271,0.8129,1.00,1.00
2017.02.09 17:58:44.335,0.81272,0.8129,1.00,1.50
2017.02.09 17:58:45.360,0.81271,0.8129,1.00,1.50
2017.02.09 17:58:45.511,0.81271,0.81282,1.00,1.00
2017.02.09 17:58:45.763,0.81271,0.81284,1.00,1.00
2017.02.09 17:58:46.371,0.81271,0.81283,1.00,1.00
2017.02.09 17:58:47.479,0.81272,0.81284,1.00,1.00
2017.02.09 17:58:48.415,0.81272,0.81283,1.00,1.00
2017.02.09 17:58:49.688,0.81272,0.81284,1.00,1.00
2017.02.09 17:58:49.890,0.81273,0.81286,1.00,1.00
2017.02.09 17:58:50.388,0.81271,0.81285,1.00,1.00
2017.02.09 17:58:50.941,0.81273,0.81285,1.00,1.00
2017.02.09 17:58:51.788,0.81271,0.81285,1.00,1.00
2017.02.09 17:58:52.292,0.81271,0.81284,1.00,1.00
2017.02.09 17:58:54.220,0.81271,0.81285,1.00,1.50
2017.02.09 17:58:54.794,0.81271,0.81284,1.00,1.00
2017.02.09 17:58:54.958,0.81269,0.81284,1.12,1.00
2017.02.09 17:58:55.601,0.81269,0.81285,1.12,1.00
2017.02.09 17:58:56.287,0.81269,0.81284,1.12,1.00
2017.02.09 17:58:56.816,0.81269,0.81284,1.50,1.00
2017.02.09 17:58:57.550,0.81269,0.81285,1.50,1.00
2017.02.09 17:58:57.769,0.81269,0.81281,1.50,1.00
2017.02.09 17:58:58.328,0.8127,0.81282,1.12,1.00
2017.02.09 17:58:59.570,0.81269,0.81283,1.50,1.00
2017.02.09 17:59:00.079,0.81271,0.81284,1.00,1.00
2017.02.09 17:59:00.231,0.81271,0.81286,1.00,1.00
2017.02.09 17:59:01.207,0.81271,0.81285,1.00,1.00
2017.02.09 17:59:02.590,0.81272,0.81286,1.00,1.00
2017.02.09 17:59:03.124,0.81271,0.81285,1.00,1.00
2017.02.09 17:59:04.981,0.81271,0.81286,1.00,1.00
2017.02.09 17:59:08.430,0.81267,0.81285,2.25,1.50
2017.02.09 17:59:08.531,0.81269,0.81283,1.50,1.00
2017.02.09 17:59:08.936,0.81269,0.81285,1.00,1.00
2017.02.09 17:59:09.462,0.81268,0.81281,1.00,1.00
2017.02.09 17:59:09.664,0.81268,0.81283,1.00,1.00
2017.02.09 17:59:10.167,0.81268,0.81282,1.00,1.00
2017.02.09 17:59:10.419,0.81269,0.81284,1.00,1.00
2017.02.09 17:59:10.525,0.81271,0.81285,1.00,1.50
2017.02.09 17:59:10.728,0.81269,0.81284,1.00,1.00
2017.02.09 17:59:11.340,0.81269,0.81283,1.00,1.00
2017.02.09 17:59:11.739,0.81271,0.81283,1.00,1.00
2017.02.09 17:59:11.840,0.81271,0.81285,1.00,1.50
2017.02.09 17:59:12.373,0.81271,0.81286,1.00,1.00
2017.02.09 17:59:12.889,0.81272,0.81285,1.00,1.00
2017.02.09 17:59:13.760,0.81271,0.81285,1.00,1.00
2017.02.09 17:59:15.321,0.81271,0.81287,1.00,1.00
2017.02.09 17:59:15.550,0.81271,0.81285,1.00,1.00
2017.02.09 17:59:15.651,0.8127,0.81287,1.12,1.00
2017.02.09 17:59:16.153,0.8127,0.81288,1.12,1.00
2017.02.09 17:59:16.859,0.81271,0.81288,1.00,1.00
2017.02.09 17:59:17.502,0.81271,0.81287,1.00,1.00
2017.02.09 17:59:17.741,0.81272,0.81289,1.00,1.00
2017.02.09 17:59:17.842,0.81274,0.81289,1.00,1.00
2017.02.09 17:59:18.346,0.81273,0.81288,1.12,1.00
2017.02.09 17:59:18.575,0.81274,0.8129,1.00,1.50
2017.02.09 17:59:18.927,0.81276,0.8129,1.00,1.00
2017.02.09 17:59:19.129,0.81277,0.81292,1.00,1.00
2017.02.09 17:59:19.647,0.81277,0.81293,1.00,1.00
2017.02.09 17:59:19.756,0.81276,0.81291,1.12,1.00
2017.02.09 17:59:20.450,0.81276,0.81293,1.12,1.00
2017.02.09 17:59:20.968,0.81276,0.81292,1.12,1.00
2017.02.09 17:59:21.355,0.81276,0.8129,1.12,1.00
2017.02.09 17:59:21.922,0.81276,0.81292,1.12,1.00
2017.02.09 17:59:22.255,0.81277,0.8129,1.00,1.00
2017.02.09 17:59:23.415,0.81277,0.81293,1.00,1.00
2017.02.09 17:59:23.733,0.81279,0.81293,1.00,1.00
2017.02.09 17:59:23.834,0.81279,0.81295,1.00,1.00
2017.02.09 17:59:24.955,0.81276,0.81294,1.12,1.00
2017.02.09 17:59:25.006,0.81277,0.81293,1.37,1.00
2017.02.09 17:59:25.259,0.81274,0.8129,1.00,1.50
2017.02.09 17:59:25.895,0.81274,0.81291,1.00,1.00
2017.02.09 17:59:26.437,0.81275,0.8129,1.00,1.00
2017.02.09 17:59:26.488,0.81273,0.8129,1.00,1.00
2017.02.09 17:59:27.004,0.81273,0.81289,1.00,1.00
2017.02.09 17:59:27.601,0.81274,0.81289,1.00,1.00
2017.02.09 17:59:28.126,0.81273,0.81289,1.00,1.00
2017.02.09 17:59:28.278,0.81271,0.81287,1.00,1.00
2017.02.09 17:59:28.819,0.81271,0.81288,1.00,1.00
2017.02.09 17:59:29.324,0.8127,0.81287,1.00,1.12
2017.02.09 17:59:29.822,0.8127,0.81285,1.00,1.50
2017.02.09 17:59:30.024,0.81274,0.8129,1.00,1.00
2017.02.09 17:59:31.036,0.81276,0.8129,1.00,1.50
2017.02.09 17:59:32.081,0.81276,0.81291,1.00,1.50
2017.02.09 17:59:32.333,0.81274,0.8129,1.50,1.00
2017.02.09 17:59:32.902,0.81273,0.81289,1.00,1.00
2017.02.09 17:59:33.383,0.81272,0.81287,1.00,1.00
2017.02.09 17:59:34.060,0.81272,0.81285,1.00,1.00
2017.02.09 17:59:34.540,0.81273,0.81288,1.00,1.00
2017.02.09 17:59:35.088,0.81272,0.81288,1.00,1.00
2017.02.09 17:59:35.288,0.81271,0.81285,1.00,1.00
2017.02.09 17:59:38.389,0.8127,0.81287,1.12,1.00
2017.02.09 17:59:38.818,0.81271,0.81285,1.00,1.00
2017.02.09 17:59:43.995,0.8127,0.81287,1.50,1.00
2017.02.09 17:59:44.129,0.8127,0.81285,1.00,1.00
2017.02.09 17:59:44.969,0.81269,0.81285,1.00,1.50
2017.02.09 17:59:45.790,0.81271,0.81285,1.00,1.00
2017.02.09 17:59:45.840,0.81268,0.81285,1.12,1.00
2017.02.09 17:59:45.891,0.81268,0.81288,1.12,1.00
2017.02.09 17:59:46.050,0.81268,0.81286,1.12,1.00
2017.02.09 17:59:46.801,0.81269,0.81286,1.00,1.00
2017.02.09 17:59:47.329,0.81271,0.81286,1.00,1.00
2017.02.09 17:59:48.011,0.8127,0.81287,1.00,1.00
2017.02.09 17:59:48.570,0.8127,0.81288,1.00,1.50
2017.02.09 17:59:49.116,0.8127,0.81287,1.00,1.00
2017.02.09 17:59:49.419,0.81272,0.8129,1.00,1.50
2017.02.09 17:59:50.006,0.81272,0.81289,1.00,1.00
2017.02.09 17:59:50.531,0.81271,0.81288,1.00,1.00
2017.02.09 17:59:50.733,0.81273,0.81288,1.00,1.00
2017.02.09 17:59:50.784,0.81274,0.8129,1.00,1.00
2017.02.09 17:59:52.551,0.81272,0.8129,1.50,1.00
2017.02.09 17:59:53.054,0.81274,0.8129,1.00,1.00
2017.02.09 17:59:55.051,0.81275,0.8129,1.00,1.00
2017.02.09 17:59:55.102,0.81274,0.81292,1.00,1.50
2017.02.09 17:59:55.152,0.81274,0.8129,1.00,1.00
2017.02.09 17:59:55.697,0.81273,0.8129,1.12,1.00
2017.02.09 17:59:56.741,0.81272,0.8129,1.12,1.50
2017.02.09 17:59:57.077,0.81272,0.81288,1.00,1.00
2017.02.09 17:59:57.389,0.81277,0.81289,1.00,1.00
2017.02.09 17:59:57.642,0.81275,0.8129,1.00,1.00
2017.02.09 17:59:58.209,0.81274,0.81289,1.00,1.00
2017.02.09 17:59:59.232,0.81272,0.8129,1.00,1.50
