2016.06.08 15:00:00.020,0.7482,0.7485,1.75,3.00
2016.06.08 15:00:00.338,0.74825,0.7485,1.75,1.12
2016.06.08 15:00:00.540,0.7483,0.74855,1.50,1.75
2016.06.08 15:00:01.564,0.74835,0.74857,1.00,1.75
2016.06.08 15:00:01.853,0.74835,0.74858,1.00,1.00
2016.06.08 15:00:01.904,0.74835,0.74863,1.37,3.45
2016.06.08 15:00:01.955,0.74835,0.74863,1.75,1.95
2016.06.08 15:00:02.216,0.74835,0.74865,1.75,3.00
2016.06.08 15:00:02.267,0.7484,0.74866,1.50,3.00
2016.06.08 15:00:03.444,0.7484,0.74868,1.75,2.25
2016.06.08 15:00:05.650,0.74845,0.74868,1.75,1.12
2016.06.08 15:00:06.014,0.74845,0.74871,1.37,3.00
2016.06.08 15:00:06.082,0.7484,0.7487,1.95,2.25
2016.06.08 15:00:07.416,0.74839,0.74868,1.50,3.75
2016.06.08 15:00:07.467,0.74839,0.74867,1.50,2.25
2016.06.08 15:00:07.815,0.7484,0.74867,2.02,2.25
2016.06.08 15:00:08.073,0.74845,0.74871,1.75,2.25
2016.06.08 15:00:09.045,0.74842,0.7487,2.25,2.25
2016.06.08 15:00:09.146,0.7484,0.74869,1.75,1.75
2016.06.08 15:00:09.347,0.74845,0.74871,1.50,1.75
2016.06.08 15:00:09.398,0.74847,0.7487,1.00,1.00
2016.06.08 15:00:09.840,0.74846,0.74875,2.25,2.25
2016.06.08 15:00:11.262,0.74846,0.74875,2.25,3.00
2016.06.08 15:00:11.313,0.74845,0.74875,1.75,3.00
2016.06.08 15:00:16.214,0.74846,0.74875,3.00,1.75
2016.06.08 15:00:16.265,0.7485,0.74876,1.75,1.75
2016.06.08 15:00:16.316,0.7485,0.74878,1.75,3.37
2016.06.08 15:00:16.366,0.74855,0.74878,1.12,2.62
2016.06.08 15:00:16.520,0.74853,0.7488,2.25,1.50
2016.06.08 15:00:16.749,0.74853,0.7488,2.25,1.12
2016.06.08 15:00:17.938,0.74855,0.74881,1.00,1.75
2016.06.08 15:00:18.442,0.7485,0.7488,2.25,1.75
2016.06.08 15:00:18.947,0.7486,0.74883,1.00,1.75
2016.06.08 15:00:18.998,0.7486,0.74885,1.00,1.75
2016.06.08 15:00:19.352,0.74856,0.74879,1.00,1.00
2016.06.08 15:00:19.753,0.74855,0.74885,3.75,1.75
2016.06.08 15:00:20.524,0.7486,0.74888,1.37,2.25
2016.06.08 15:00:21.358,0.74858,0.74883,1.27,3.00
2016.06.08 15:00:21.409,0.74851,0.74881,1.75,2.25
2016.06.08 15:00:21.963,0.74851,0.74875,1.00,1.00
2016.06.08 15:00:23.045,0.74848,0.74875,1.75,1.50
2016.06.08 15:00:23.591,0.74847,0.74877,2.25,1.75
2016.06.08 15:00:24.471,0.7485,0.74877,3.00,1.50
2016.06.08 15:00:24.657,0.7485,0.74881,3.00,1.95
2016.06.08 15:00:25.876,0.74855,0.74883,2.25,1.75
2016.06.08 15:00:26.178,0.7486,0.74887,1.50,1.20
2016.06.08 15:00:26.593,0.74863,0.74891,2.25,1.75
2016.06.08 15:00:26.695,0.74865,0.74895,5.70,1.75
2016.06.08 15:00:26.847,0.74865,0.74895,3.45,1.75
2016.06.08 15:00:26.999,0.7487,0.74894,1.50,1.00
2016.06.08 15:00:27.601,0.7487,0.74896,1.00,2.25
2016.06.08 15:00:28.123,0.74865,0.74896,1.75,6.75
2016.06.08 15:00:29.038,0.7487,0.74896,1.00,3.00
2016.06.08 15:00:29.290,0.7487,0.74896,1.75,1.75
2016.06.08 15:00:29.993,0.74868,0.74892,1.00,2.25
2016.06.08 15:00:30.044,0.74865,0.74892,1.12,2.25
2016.06.08 15:00:30.145,0.74869,0.74892,1.00,2.25
2016.06.08 15:00:30.196,0.74869,0.74893,1.50,1.00
2016.06.08 15:00:30.599,0.74865,0.74893,1.75,1.75
2016.06.08 15:00:30.918,0.74865,0.74896,3.00,3.00
2016.06.08 15:00:31.021,0.74865,0.74888,1.50,1.00
2016.06.08 15:00:31.490,0.74865,0.74893,1.50,2.25
2016.06.08 15:00:31.541,0.74865,0.74892,1.75,1.50
2016.06.08 15:00:31.882,0.74863,0.7489,1.50,1.75
2016.06.08 15:00:32.390,0.74865,0.74891,1.37,1.75
2016.06.08 15:00:32.793,0.74865,0.74891,1.12,4.50
2016.06.08 15:00:33.192,0.74865,0.74891,1.37,1.75
2016.06.08 15:00:33.243,0.74865,0.74891,1.75,1.50
2016.06.08 15:00:33.815,0.74865,0.74891,1.12,2.25
2016.06.08 15:00:34.400,0.74865,0.74891,1.37,1.75
2016.06.08 15:00:34.450,0.74865,0.74893,1.75,1.75
2016.06.08 15:00:34.947,0.7487,0.74893,1.00,1.75
2016.06.08 15:00:35.049,0.74865,0.74894,1.75,2.25
2016.06.08 15:00:35.603,0.74865,0.74893,1.37,3.00
2016.06.08 15:00:36.125,0.74865,0.74893,1.75,1.75
2016.06.08 15:00:36.281,0.74865,0.74891,1.37,1.87
2016.06.08 15:00:36.484,0.74864,0.74891,1.12,2.25
2016.06.08 15:00:36.887,0.74865,0.74892,1.37,2.92
2016.06.08 15:00:37.148,0.74866,0.7489,1.00,1.00
2016.06.08 15:00:37.702,0.74865,0.74895,4.50,2.25
2016.06.08 15:00:38.136,0.7487,0.74897,1.75,1.75
2016.06.08 15:00:38.237,0.74875,0.74898,1.00,1.75
2016.06.08 15:00:38.440,0.7487,0.749,2.77,3.00
2016.06.08 15:00:40.410,0.74868,0.74895,1.27,1.50
2016.06.08 15:00:40.461,0.74866,0.74895,1.75,3.00
2016.06.08 15:00:43.544,0.7486,0.74888,2.25,1.75
2016.06.08 15:00:44.615,0.7486,0.74888,1.50,3.00
2016.06.08 15:00:44.665,0.7486,0.74886,1.12,1.75
2016.06.08 15:00:48.622,0.7486,0.74884,1.00,3.00
2016.06.08 15:00:48.824,0.74855,0.74884,1.75,3.00
2016.06.08 15:00:49.127,0.74855,0.74881,1.37,1.75
2016.06.08 15:00:49.476,0.7486,0.74882,1.00,2.25
2016.06.08 15:00:49.778,0.7486,0.74884,1.00,3.00
2016.06.08 15:00:50.586,0.74859,0.74884,1.00,3.75
2016.06.08 15:00:50.889,0.7486,0.74886,1.12,3.60
2016.06.08 15:00:51.641,0.74855,0.74884,1.75,2.25
2016.06.08 15:00:51.692,0.74855,0.74884,1.75,2.25
2016.06.08 15:00:52.475,0.7486,0.74884,1.00,2.25
2016.06.08 15:00:52.686,0.7486,0.74886,1.12,2.25
2016.06.08 15:00:53.090,0.7486,0.74888,1.75,1.75
2016.06.08 15:00:54.173,0.7486,0.74888,1.50,2.25
2016.06.08 15:00:56.190,0.7486,0.74886,1.00,4.50
2016.06.08 15:00:56.743,0.74855,0.74884,1.75,1.75
2016.06.08 15:00:58.442,0.7486,0.74886,1.50,1.50
2016.06.08 15:00:58.493,0.7486,0.74886,3.00,1.00
2016.06.08 15:00:59.042,0.7486,0.74889,3.00,3.00
2016.06.08 15:00:59.489,0.74865,0.74888,1.00,1.75
2016.06.08 15:00:59.792,0.7486,0.74889,1.75,1.75
2016.06.08 15:01:02.894,0.7486,0.74889,1.75,1.75
2016.06.08 15:01:04.409,0.7486,0.74887,2.25,1.50
2016.06.08 15:01:04.460,0.7486,0.74887,2.25,1.75
2016.06.08 15:01:04.661,0.74865,0.74888,1.00,1.75
2016.06.08 15:01:04.712,0.74865,0.7489,1.50,1.75
2016.06.08 15:01:05.228,0.74865,0.74893,1.75,1.75
2016.06.08 15:01:05.782,0.7487,0.74893,1.00,1.75
2016.06.08 15:01:05.833,0.7487,0.74893,1.37,1.12
2016.06.08 15:01:06.674,0.74875,0.74898,1.00,2.25
2016.06.08 15:01:07.374,0.7487,0.74898,1.37,3.00
2016.06.08 15:01:07.960,0.74875,0.74897,1.00,1.75
2016.06.08 15:01:08.270,0.7487,0.74897,1.37,2.25
2016.06.08 15:01:08.372,0.74875,0.74897,1.00,2.25
2016.06.08 15:01:10.131,0.74875,0.74899,1.00,3.52
2016.06.08 15:01:12.363,0.74875,0.74898,1.00,5.02
2016.06.08 15:01:12.414,0.7487,0.74898,1.75,4.27
2016.06.08 15:01:15.268,0.7487,0.74895,1.00,1.75
2016.06.08 15:01:15.776,0.74869,0.74897,1.12,4.50
2016.06.08 15:01:16.197,0.74875,0.74897,1.00,1.75
2016.06.08 15:01:20.692,0.74875,0.749,1.37,2.25
2016.06.08 15:01:22.119,0.7488,0.74901,1.00,1.75
2016.06.08 15:01:23.009,0.74875,0.74903,1.37,3.52
2016.06.08 15:01:23.211,0.7488,0.74903,1.00,2.25
2016.06.08 15:01:23.312,0.7488,0.74905,1.00,3.75
2016.06.08 15:01:23.823,0.7488,0.74908,1.50,2.25
2016.06.08 15:01:25.578,0.74877,0.74904,1.50,1.75
2016.06.08 15:01:25.629,0.74877,0.74904,1.50,1.75
2016.06.08 15:01:26.117,0.74875,0.749,1.12,1.75
2016.06.08 15:01:26.672,0.74875,0.749,1.12,3.75
2016.06.08 15:01:27.538,0.74871,0.74895,1.00,1.00
2016.06.08 15:01:27.589,0.7487,0.74897,1.37,2.25
2016.06.08 15:01:28.231,0.7487,0.74898,1.75,2.25
2016.06.08 15:01:28.546,0.7487,0.74895,1.00,3.00
2016.06.08 15:01:29.154,0.74866,0.74895,2.02,3.75
2016.06.08 15:01:29.306,0.74865,0.74892,1.12,2.25
2016.06.08 15:01:30.223,0.74865,0.74892,1.37,2.25
2016.06.08 15:01:30.276,0.74865,0.74892,1.75,3.00
2016.06.08 15:01:30.794,0.74862,0.74888,2.25,1.37
2016.06.08 15:01:30.844,0.7486,0.74888,1.75,1.75
2016.06.08 15:01:30.997,0.74859,0.74887,3.00,1.75
2016.06.08 15:01:31.048,0.74859,0.74887,1.75,1.75
2016.06.08 15:01:31.526,0.7486,0.74882,1.00,1.00
2016.06.08 15:01:32.030,0.74856,0.74884,2.25,1.50
2016.06.08 15:01:32.131,0.74855,0.74884,2.25,1.75
2016.06.08 15:01:32.638,0.7486,0.74886,1.12,3.00
2016.06.08 15:01:32.789,0.7486,0.74886,1.50,1.75
2016.06.08 15:01:33.092,0.74865,0.74888,1.00,1.75
2016.06.08 15:01:33.596,0.74864,0.7489,1.00,3.67
2016.06.08 15:01:33.948,0.74865,0.7489,1.12,1.75
2016.06.08 15:01:36.319,0.7486,0.74889,3.00,3.75
2016.06.08 15:01:36.370,0.7486,0.74887,1.50,2.25
2016.06.08 15:01:36.421,0.7486,0.74883,1.37,1.50
2016.06.08 15:01:36.847,0.74855,0.74875,1.00,1.00
2016.06.08 15:01:36.949,0.74854,0.74881,1.50,1.75
2016.06.08 15:01:38.042,0.74855,0.74881,1.75,1.50
2016.06.08 15:01:38.345,0.7486,0.74885,1.00,3.75
2016.06.08 15:01:39.307,0.7486,0.74885,1.37,1.87
2016.06.08 15:01:39.358,0.7486,0.74887,1.75,1.75
2016.06.08 15:01:39.459,0.74865,0.74887,1.00,1.75
2016.06.08 15:01:39.711,0.74865,0.74888,1.50,1.50
2016.06.08 15:01:40.576,0.7486,0.74887,2.25,1.87
2016.06.08 15:01:40.627,0.7486,0.74887,2.25,2.25
2016.06.08 15:01:40.778,0.74859,0.74883,1.87,3.75
2016.06.08 15:01:40.979,0.74855,0.74881,1.50,1.75
2016.06.08 15:01:43.189,0.74855,0.7488,1.12,2.25
2016.06.08 15:01:44.014,0.74855,0.74881,1.12,5.10
2016.06.08 15:01:44.169,0.74855,0.74881,1.12,1.35
2016.06.08 15:01:44.775,0.74852,0.74876,1.87,1.87
2016.06.08 15:01:44.826,0.74852,0.74876,1.50,2.25
2016.06.08 15:01:45.072,0.7485,0.74876,1.00,2.25
2016.06.08 15:01:46.114,0.7485,0.74877,2.62,2.25
2016.06.08 15:01:46.166,0.7486,0.7488,1.00,2.25
2016.06.08 15:01:46.267,0.7486,0.74883,1.00,2.25
2016.06.08 15:01:46.369,0.74855,0.74883,1.50,2.25
2016.06.08 15:01:48.061,0.7486,0.74883,1.00,1.75
2016.06.08 15:01:48.412,0.74861,0.74884,1.00,1.50
2016.06.08 15:01:49.688,0.7486,0.74887,1.75,1.75
2016.06.08 15:01:49.739,0.7486,0.74887,1.75,1.50
2016.06.08 15:01:50.094,0.74858,0.74886,3.67,1.87
2016.06.08 15:01:50.144,0.74858,0.74886,1.42,2.25
2016.06.08 15:01:50.707,0.7486,0.74883,1.00,1.75
2016.06.08 15:01:50.810,0.74855,0.74883,1.75,2.25
2016.06.08 15:01:50.961,0.7485,0.74879,1.75,1.75
2016.06.08 15:01:51.013,0.7485,0.74878,1.75,2.25
2016.06.08 15:01:51.064,0.7485,0.74878,1.50,2.25
2016.06.08 15:01:51.114,0.7485,0.74879,2.25,3.75
2016.06.08 15:01:51.616,0.7486,0.74886,1.12,2.25
2016.06.08 15:01:52.120,0.7486,0.74886,1.37,1.75
2016.06.08 15:01:52.664,0.74865,0.74886,1.00,1.75
2016.06.08 15:01:52.765,0.7486,0.74886,1.27,1.75
2016.06.08 15:01:52.867,0.74865,0.7489,1.12,3.00
2016.06.08 15:01:52.917,0.74865,0.74893,1.50,3.00
2016.06.08 15:01:53.069,0.7487,0.74893,1.00,3.00
2016.06.08 15:01:53.120,0.7487,0.74892,1.00,1.00
2016.06.08 15:01:53.272,0.7487,0.74896,1.37,1.50
2016.06.08 15:01:53.323,0.7487,0.74898,1.75,1.75
2016.06.08 15:01:53.582,0.74875,0.749,1.00,3.00
2016.06.08 15:01:54.109,0.7487,0.749,1.75,3.75
2016.06.08 15:01:54.210,0.74871,0.749,2.25,2.25
2016.06.08 15:01:54.726,0.74878,0.74903,1.50,3.75
2016.06.08 15:01:55.231,0.74879,0.749,1.00,1.75
2016.06.08 15:01:55.332,0.74875,0.74902,1.50,1.75
2016.06.08 15:01:55.484,0.74879,0.74901,1.50,1.75
2016.06.08 15:01:56.286,0.7488,0.74903,1.00,3.00
2016.06.08 15:01:56.790,0.74879,0.74903,1.50,3.00
2016.06.08 15:01:56.891,0.74872,0.749,2.62,1.75
2016.06.08 15:01:57.289,0.74871,0.749,2.25,3.75
2016.06.08 15:01:57.340,0.7487,0.74899,2.25,2.25
2016.06.08 15:01:57.492,0.74875,0.74899,1.00,2.25
2016.06.08 15:01:57.794,0.74879,0.74899,1.00,2.25
2016.06.08 15:01:57.996,0.74879,0.74901,1.00,1.75
2016.06.08 15:01:58.501,0.7487,0.749,3.75,1.75
2016.06.08 15:01:59.618,0.74875,0.74903,1.75,2.25
2016.06.08 15:02:00.021,0.7488,0.74906,1.37,2.25
2016.06.08 15:02:00.223,0.74885,0.74913,1.75,1.75
2016.06.08 15:02:00.484,0.74883,0.74905,2.02,1.00
2016.06.08 15:02:00.535,0.74877,0.74905,1.75,1.75
2016.06.08 15:02:00.636,0.74877,0.74904,1.37,2.25
2016.06.08 15:02:00.788,0.74876,0.74904,1.12,2.25
2016.06.08 15:02:00.940,0.74875,0.74901,1.00,2.25
2016.06.08 15:02:01.296,0.7487,0.74898,2.25,2.25
2016.06.08 15:02:01.845,0.7487,0.74898,1.50,2.25
2016.06.08 15:02:02.543,0.74865,0.74895,2.25,3.00
2016.06.08 15:02:03.054,0.74865,0.74893,2.25,2.25
2016.06.08 15:02:03.155,0.74861,0.7489,2.25,1.75
2016.06.08 15:02:03.258,0.74861,0.74889,1.75,2.25
2016.06.08 15:02:03.449,0.7486,0.74888,2.25,1.75
2016.06.08 15:02:04.055,0.7486,0.74886,1.00,2.25
2016.06.08 15:02:04.824,0.74855,0.74883,1.12,2.25
2016.06.08 15:02:05.026,0.74855,0.74885,1.75,2.77
2016.06.08 15:02:05.696,0.74856,0.7488,1.75,1.00
2016.06.08 15:02:05.948,0.74849,0.74875,1.87,1.75
2016.06.08 15:02:06.150,0.7485,0.74876,1.37,1.87
2016.06.08 15:02:06.446,0.7485,0.74881,3.52,3.00
2016.06.08 15:02:07.168,0.7485,0.7488,2.25,1.75
2016.06.08 15:02:08.971,0.7485,0.7488,3.00,2.25
2016.06.08 15:02:09.481,0.7485,0.74881,3.75,2.25
2016.06.08 15:02:09.783,0.7485,0.74875,1.50,1.00
2016.06.08 15:02:09.884,0.74855,0.74879,1.00,1.00
2016.06.08 15:02:10.187,0.74849,0.74875,4.95,1.12
2016.06.08 15:02:10.388,0.74848,0.74875,1.75,1.75
2016.06.08 15:02:10.986,0.7485,0.74879,1.75,1.75
2016.06.08 15:02:12.909,0.74849,0.74875,2.25,1.00
2016.06.08 15:02:12.960,0.74847,0.74875,2.25,1.75
2016.06.08 15:02:14.260,0.7485,0.74879,1.75,1.75
2016.06.08 15:02:14.764,0.74849,0.74875,2.25,1.00
2016.06.08 15:02:15.306,0.7485,0.74879,1.75,2.25
2016.06.08 15:02:15.659,0.74847,0.74876,2.25,1.75
2016.06.08 15:02:17.810,0.74845,0.74874,3.75,1.50
2016.06.08 15:02:17.861,0.74845,0.74874,2.25,1.75
2016.06.08 15:02:18.502,0.74845,0.74871,1.37,2.77
2016.06.08 15:02:18.603,0.7484,0.74867,1.75,1.27
2016.06.08 15:02:18.805,0.74842,0.7487,2.25,2.25
2016.06.08 15:02:19.209,0.7484,0.74869,1.75,1.75
2016.06.08 15:02:19.714,0.74839,0.74865,3.75,1.50
2016.06.08 15:02:20.225,0.7484,0.74867,1.75,1.50
2016.06.08 15:02:20.731,0.74845,0.74867,1.00,1.50
2016.06.08 15:02:20.783,0.74845,0.74869,1.37,1.50
2016.06.08 15:02:20.884,0.74842,0.74869,2.25,1.12
2016.06.08 15:02:22.628,0.74841,0.74871,2.25,3.00
2016.06.08 15:02:22.679,0.7484,0.74871,2.25,3.00
2016.06.08 15:02:23.284,0.74843,0.7487,1.75,1.37
2016.06.08 15:02:23.335,0.74845,0.74872,1.75,1.75
2016.06.08 15:02:23.831,0.74845,0.74872,3.00,1.37
2016.06.08 15:02:24.084,0.74844,0.7487,1.75,1.12
2016.06.08 15:02:24.644,0.74844,0.74865,1.75,1.00
2016.06.08 15:02:24.695,0.74844,0.74865,1.75,1.00
2016.06.08 15:02:24.897,0.74839,0.74865,3.30,1.12
2016.06.08 15:02:25.048,0.74841,0.74869,3.00,1.75
2016.06.08 15:02:25.401,0.7484,0.74869,1.75,1.75
2016.06.08 15:02:25.565,0.74838,0.74861,2.25,1.00
2016.06.08 15:02:25.818,0.74836,0.74865,1.75,1.75
2016.06.08 15:02:26.412,0.74836,0.74864,1.37,2.25
2016.06.08 15:02:26.464,0.74836,0.74863,1.12,3.00
2016.06.08 15:02:26.615,0.74836,0.74863,1.37,1.75
2016.06.08 15:02:26.716,0.74836,0.74863,2.25,1.75
2016.06.08 15:02:27.641,0.7484,0.74866,1.00,3.00
2016.06.08 15:02:27.793,0.7484,0.74868,1.50,2.25
2016.06.08 15:02:27.944,0.7484,0.74869,1.50,3.00
2016.06.08 15:02:28.441,0.7484,0.74869,3.75,1.75
2016.06.08 15:02:28.492,0.7484,0.7487,4.50,1.75
2016.06.08 15:02:29.047,0.74845,0.74872,2.25,1.50
2016.06.08 15:02:29.098,0.74848,0.74872,1.00,1.00
2016.06.08 15:02:29.149,0.7485,0.74872,1.00,1.00
2016.06.08 15:02:29.474,0.7485,0.74876,1.75,1.50
2016.06.08 15:02:30.263,0.74847,0.74875,2.25,1.87
2016.06.08 15:02:30.313,0.74845,0.74875,1.75,2.25
2016.06.08 15:02:31.261,0.7485,0.74875,1.00,1.75
2016.06.08 15:02:31.362,0.7485,0.74875,1.37,1.75
2016.06.08 15:02:31.413,0.74851,0.74874,1.00,1.00
2016.06.08 15:02:31.564,0.7485,0.74875,1.75,1.37
2016.06.08 15:02:32.105,0.7485,0.74875,1.75,1.00
2016.06.08 15:02:32.659,0.7485,0.74878,1.75,1.75
2016.06.08 15:02:32.996,0.74855,0.7488,1.75,1.75
2016.06.08 15:02:35.238,0.7486,0.74883,1.00,3.00
2016.06.08 15:02:35.291,0.74855,0.74884,4.50,1.75
2016.06.08 15:02:35.660,0.7486,0.74884,1.37,1.37
2016.06.08 15:02:35.711,0.74862,0.74885,1.00,1.00
2016.06.08 15:02:36.068,0.7486,0.74889,3.00,2.25
2016.06.08 15:02:36.451,0.74859,0.74885,2.25,1.37
2016.06.08 15:02:36.552,0.74857,0.74885,1.87,1.75
2016.06.08 15:02:36.861,0.74855,0.74885,4.50,3.00
2016.06.08 15:02:36.912,0.74855,0.74885,3.00,3.00
2016.06.08 15:02:37.013,0.7486,0.74885,1.00,2.25
2016.06.08 15:02:37.466,0.7486,0.74886,1.87,2.25
2016.06.08 15:02:37.525,0.74865,0.74889,1.00,1.75
2016.06.08 15:02:37.727,0.74865,0.74888,1.50,1.00
2016.06.08 15:02:38.080,0.7486,0.74889,1.75,1.75
2016.06.08 15:02:38.130,0.7486,0.74889,1.75,1.75
2016.06.08 15:02:38.423,0.74861,0.74889,2.25,1.50
2016.06.08 15:02:40.273,0.7486,0.74889,3.00,1.50
2016.06.08 15:02:40.324,0.7486,0.74889,1.75,1.75
2016.06.08 15:02:40.799,0.74857,0.74885,3.00,1.37
2016.06.08 15:02:40.850,0.74856,0.74885,2.25,1.75
2016.06.08 15:02:41.859,0.74854,0.7488,3.67,1.50
2016.06.08 15:02:43.288,0.74855,0.7488,2.25,1.12
2016.06.08 15:02:43.440,0.74855,0.74882,3.00,1.12
2016.06.08 15:02:44.997,0.74855,0.74882,1.75,1.87
2016.06.08 15:02:45.204,0.74852,0.7488,2.25,1.50
2016.06.08 15:02:47.006,0.74855,0.74883,3.00,1.75
2016.06.08 15:02:47.057,0.74855,0.74883,3.00,1.50
2016.06.08 15:02:48.010,0.74858,0.74883,2.25,1.12
2016.06.08 15:02:48.061,0.7486,0.74887,1.75,1.75
2016.06.08 15:02:50.116,0.7486,0.74888,3.75,1.75
2016.06.08 15:02:50.419,0.74863,0.74888,2.25,1.12
2016.06.08 15:02:51.069,0.74863,0.7489,2.25,1.00
2016.06.08 15:02:51.422,0.7487,0.74892,1.37,1.12
2016.06.08 15:02:51.472,0.7487,0.74895,1.75,1.50
2016.06.08 15:02:51.839,0.74865,0.74893,2.25,2.25
2016.06.08 15:02:52.142,0.7486,0.74887,3.00,1.12
2016.06.08 15:02:52.472,0.7486,0.74885,1.75,1.75
2016.06.08 15:02:53.425,0.7486,0.74885,1.75,1.37
2016.06.08 15:02:53.476,0.7486,0.74887,1.75,1.37
2016.06.08 15:02:55.427,0.74865,0.74889,1.00,1.75
2016.06.08 15:02:55.528,0.74865,0.74889,1.37,1.50
2016.06.08 15:02:56.144,0.74865,0.74889,1.75,1.12
2016.06.08 15:02:58.164,0.74865,0.74891,1.00,2.25
2016.06.08 15:02:58.696,0.74861,0.7489,2.25,2.25
2016.06.08 15:02:59.649,0.74859,0.74885,2.25,1.37
2016.06.08 15:02:59.700,0.74859,0.74885,1.50,1.75
2016.06.08 15:03:05.864,0.74855,0.74882,1.75,1.37
2016.06.08 15:03:05.915,0.74855,0.74882,1.75,1.75
2016.06.08 15:03:07.571,0.7485,0.74879,3.00,2.25
2016.06.08 15:03:07.622,0.7485,0.74879,1.75,3.00
2016.06.08 15:03:07.774,0.74855,0.74879,1.37,2.25
2016.06.08 15:03:07.825,0.74855,0.74879,1.50,1.50
2016.06.08 15:03:08.081,0.74855,0.74882,1.75,1.75
2016.06.08 15:03:10.963,0.7486,0.74885,1.37,2.25
2016.06.08 15:03:11.014,0.7486,0.74885,1.75,1.75
2016.06.08 15:03:11.065,0.7486,0.74885,1.75,1.37
2016.06.08 15:03:11.431,0.7486,0.74888,1.75,1.50
2016.06.08 15:03:11.987,0.74865,0.74891,1.87,1.50
2016.06.08 15:03:12.038,0.74865,0.74893,2.25,1.75
2016.06.08 15:03:13.482,0.7487,0.74895,1.00,1.75
2016.06.08 15:03:13.684,0.7487,0.74895,1.37,1.37
2016.06.08 15:03:13.735,0.74873,0.74895,1.00,1.00
2016.06.08 15:03:13.785,0.74875,0.74895,1.00,1.00
2016.06.08 15:03:13.886,0.74873,0.74895,1.00,1.00
2016.06.08 15:03:14.206,0.7487,0.74898,1.50,3.00
2016.06.08 15:03:14.541,0.74875,0.74898,1.00,3.00
2016.06.08 15:03:15.795,0.7487,0.74898,1.50,3.00
2016.06.08 15:03:15.896,0.74875,0.74898,1.12,1.75
2016.06.08 15:03:15.947,0.74875,0.74898,1.12,1.50
2016.06.08 15:03:16.637,0.7487,0.74895,1.75,1.50
2016.06.08 15:03:16.947,0.7487,0.74895,1.12,1.80
2016.06.08 15:03:17.249,0.74875,0.74896,1.00,1.00
2016.06.08 15:03:18.463,0.74874,0.74896,1.00,1.00
2016.06.08 15:03:18.976,0.74874,0.74895,1.00,1.00
2016.06.08 15:03:19.237,0.74863,0.74893,1.75,3.75
2016.06.08 15:03:19.806,0.7486,0.74888,4.50,1.37
2016.06.08 15:03:20.146,0.7486,0.74885,1.00,2.25
2016.06.08 15:03:20.197,0.7486,0.74886,1.37,1.20
2016.06.08 15:03:20.741,0.7486,0.74888,1.37,2.25
2016.06.08 15:03:24.744,0.7486,0.74888,1.75,1.75
2016.06.08 15:03:26.633,0.7486,0.74888,1.50,2.25
2016.06.08 15:03:26.885,0.74865,0.74888,1.00,1.75
2016.06.08 15:03:26.936,0.74865,0.74891,1.50,3.00
2016.06.08 15:03:28.944,0.7486,0.74887,1.75,1.75
2016.06.08 15:03:30.936,0.74865,0.74888,1.00,2.25
2016.06.08 15:03:31.087,0.74869,0.74892,1.00,1.00
2016.06.08 15:03:34.405,0.7487,0.74898,1.75,1.75
2016.06.08 15:03:34.707,0.7487,0.74896,1.00,3.75
2016.06.08 15:03:36.451,0.74869,0.74896,1.37,1.75
2016.06.08 15:03:36.967,0.74869,0.74899,1.75,4.42
2016.06.08 15:03:37.301,0.74865,0.74893,2.25,2.25
2016.06.08 15:03:37.854,0.74866,0.74893,1.00,3.00
2016.06.08 15:03:38.358,0.74865,0.74893,1.75,3.45
2016.06.08 15:03:38.560,0.74865,0.74892,1.50,1.75
2016.06.08 15:03:39.069,0.7486,0.74889,1.75,1.75
2016.06.08 15:03:39.371,0.74859,0.74884,1.75,1.75
2016.06.08 15:03:46.702,0.74859,0.74887,1.75,2.25
2016.06.08 15:03:49.058,0.74865,0.74887,1.00,1.75
2016.06.08 15:03:49.360,0.7486,0.74886,1.75,1.50
2016.06.08 15:03:49.411,0.7486,0.74886,1.12,2.25
2016.06.08 15:03:50.509,0.74855,0.74883,1.75,2.25
2016.06.08 15:03:50.610,0.74855,0.74883,1.75,2.25
2016.06.08 15:03:50.913,0.74855,0.7488,1.75,1.87
2016.06.08 15:03:51.216,0.7485,0.74879,1.75,1.27
2016.06.08 15:03:54.540,0.74851,0.74879,1.75,1.27
2016.06.08 15:03:54.591,0.74851,0.74879,1.75,1.57
2016.06.08 15:04:00.412,0.74855,0.74883,1.75,2.77
2016.06.08 15:04:00.463,0.7486,0.74881,1.12,1.20
2016.06.08 15:04:01.525,0.7486,0.74885,1.75,1.57
2016.06.08 15:04:02.492,0.74865,0.74888,1.00,1.27
2016.06.08 15:04:02.593,0.74861,0.74888,1.75,1.27
2016.06.08 15:04:06.190,0.74865,0.74889,1.00,1.75
2016.06.08 15:04:06.448,0.74865,0.74891,1.12,2.02
2016.06.08 15:04:06.901,0.7487,0.74891,1.00,1.75
2016.06.08 15:04:06.952,0.7487,0.74892,1.00,2.02
2016.06.08 15:04:07.154,0.7487,0.74892,1.12,2.02
2016.06.08 15:04:07.618,0.74865,0.74891,1.50,1.75
2016.06.08 15:04:07.972,0.7486,0.7489,3.75,2.25
2016.06.08 15:04:08.073,0.7486,0.74888,2.25,1.27
2016.06.08 15:04:08.578,0.7486,0.74886,1.12,2.77
2016.06.08 15:04:08.782,0.74865,0.74885,1.00,1.27
2016.06.08 15:04:08.985,0.7486,0.74886,1.12,1.75
2016.06.08 15:04:09.187,0.74865,0.74887,1.00,2.25
2016.06.08 15:04:09.541,0.74865,0.74889,1.00,1.75
2016.06.08 15:04:10.095,0.74865,0.74887,1.37,1.00
2016.06.08 15:04:14.376,0.7487,0.74893,1.00,2.77
2016.06.08 15:04:14.652,0.74865,0.74893,1.37,2.77
2016.06.08 15:04:15.361,0.74866,0.74893,1.87,2.02
2016.06.08 15:04:15.879,0.74866,0.74895,2.25,3.00
2016.06.08 15:04:15.980,0.74865,0.74895,3.00,3.75
2016.06.08 15:04:16.081,0.74865,0.74894,1.75,2.25
2016.06.08 15:04:16.894,0.74865,0.74891,1.00,2.25
2016.06.08 15:04:17.400,0.7486,0.74891,1.75,3.75
2016.06.08 15:04:17.913,0.7486,0.74888,1.50,2.25
2016.06.08 15:04:19.072,0.7486,0.74886,1.75,1.37
2016.06.08 15:04:19.266,0.7486,0.74886,1.75,1.12
2016.06.08 15:04:19.474,0.74865,0.74891,1.37,3.00
2016.06.08 15:04:19.524,0.74865,0.74891,1.75,1.75
2016.06.08 15:04:19.676,0.74865,0.74891,1.00,2.25
2016.06.08 15:04:20.079,0.74865,0.74894,1.75,1.75
2016.06.08 15:04:20.389,0.7487,0.74895,1.00,5.25
2016.06.08 15:04:20.490,0.7487,0.74897,1.50,3.75
2016.06.08 15:04:20.692,0.74865,0.74894,2.25,2.25
2016.06.08 15:04:21.095,0.74865,0.74892,1.12,2.25
2016.06.08 15:04:22.902,0.74857,0.74885,1.75,1.75
2016.06.08 15:04:24.034,0.74865,0.74889,1.00,3.75
2016.06.08 15:04:24.135,0.74865,0.74892,1.12,4.27
2016.06.08 15:04:24.589,0.7486,0.74889,1.75,2.25
2016.06.08 15:04:25.009,0.7486,0.74887,1.37,2.25
2016.06.08 15:04:25.060,0.74856,0.74885,1.50,3.00
2016.06.08 15:04:28.740,0.7486,0.74887,1.50,1.75
2016.06.08 15:04:31.298,0.74855,0.74885,6.00,1.75
2016.06.08 15:04:31.349,0.74855,0.74885,3.00,3.00
2016.06.08 15:04:32.172,0.74859,0.74885,1.00,3.00
2016.06.08 15:04:32.420,0.7486,0.7489,1.75,3.00
2016.06.08 15:04:32.723,0.74861,0.74891,3.75,2.25
2016.06.08 15:04:39.742,0.74867,0.7489,2.25,2.25
2016.06.08 15:04:40.046,0.74858,0.74885,1.75,2.25
2016.06.08 15:04:40.614,0.74856,0.7488,2.25,1.00
2016.06.08 15:04:40.665,0.74854,0.7488,1.75,1.12
2016.06.08 15:04:41.924,0.74853,0.7488,2.25,1.50
2016.06.08 15:04:41.974,0.74854,0.74878,1.00,1.00
2016.06.08 15:04:42.478,0.74855,0.74878,1.00,1.00
2016.06.08 15:04:44.057,0.74851,0.74879,1.50,2.25
2016.06.08 15:04:44.360,0.74845,0.74875,1.75,1.75
2016.06.08 15:04:45.333,0.7485,0.74876,1.12,3.00
2016.06.08 15:04:45.384,0.7485,0.74876,1.50,1.75
2016.06.08 15:04:47.028,0.74847,0.7487,2.25,1.00
2016.06.08 15:04:47.179,0.74845,0.7487,1.75,1.12
2016.06.08 15:04:49.430,0.7485,0.74875,1.00,2.25
2016.06.08 15:04:49.481,0.7485,0.74876,1.50,1.75
2016.06.08 15:04:49.683,0.7485,0.74878,3.00,1.37
2016.06.08 15:04:51.339,0.7485,0.74875,2.25,1.00
2016.06.08 15:04:51.390,0.74848,0.74875,1.75,1.37
2016.06.08 15:04:53.092,0.74845,0.74875,2.25,2.25
2016.06.08 15:04:53.898,0.74845,0.74873,1.50,3.00
2016.06.08 15:04:55.306,0.7484,0.7487,2.25,3.75
2016.06.08 15:04:56.881,0.74838,0.74865,2.25,1.75
2016.06.08 15:04:56.932,0.74836,0.74865,1.75,1.75
2016.06.08 15:04:57.410,0.7484,0.74868,1.75,3.75
2016.06.08 15:05:05.442,0.74845,0.74868,3.00,1.50
2016.06.08 15:05:05.493,0.74845,0.74872,3.00,1.12
2016.06.08 15:05:06.108,0.74845,0.7487,2.25,1.37
2016.06.08 15:05:06.159,0.74844,0.7487,2.25,1.75
2016.06.08 15:05:08.979,0.74845,0.74872,1.75,1.50
2016.06.08 15:05:09.030,0.74848,0.74872,1.00,1.00
2016.06.08 15:05:09.131,0.74845,0.74873,1.50,3.00
2016.06.08 15:05:11.772,0.74845,0.74874,1.75,2.25
2016.06.08 15:05:16.001,0.74846,0.74875,2.25,2.25
2016.06.08 15:05:16.052,0.74847,0.74877,1.75,1.27
2016.06.08 15:05:16.809,0.74846,0.74875,3.00,2.62
2016.06.08 15:05:17.065,0.7484,0.7487,3.00,1.75
2016.06.08 15:05:18.327,0.74845,0.74872,1.50,3.00
2016.06.08 15:05:18.377,0.74845,0.74872,1.75,1.75
2016.06.08 15:05:19.310,0.74851,0.74875,1.00,2.25
2016.06.08 15:05:19.361,0.74851,0.74877,1.20,2.25
2016.06.08 15:05:19.553,0.74853,0.74878,1.87,1.87
2016.06.08 15:05:19.604,0.74853,0.74881,2.25,1.50
2016.06.08 15:05:20.151,0.7485,0.7488,3.00,1.75
2016.06.08 15:05:20.800,0.74849,0.7487,1.37,1.00
2016.06.08 15:05:20.863,0.74844,0.7487,2.62,1.50
2016.06.08 15:05:21.827,0.74844,0.7487,2.25,1.37
2016.06.08 15:05:21.878,0.74845,0.74874,2.25,1.75
2016.06.08 15:05:23.147,0.7485,0.74877,1.75,2.25
2016.06.08 15:05:23.220,0.7485,0.74879,1.75,1.87
2016.06.08 15:05:23.851,0.74848,0.74875,2.25,1.50
2016.06.08 15:05:23.902,0.74847,0.74875,1.95,1.75
2016.06.08 15:05:25.362,0.74845,0.74875,3.75,1.75
2016.06.08 15:05:25.413,0.74845,0.74875,2.25,1.75
2016.06.08 15:05:25.766,0.74845,0.74875,2.25,1.75
2016.06.08 15:05:25.817,0.74845,0.74875,3.75,1.75
2016.06.08 15:05:26.506,0.7485,0.74876,1.50,1.75
2016.06.08 15:05:26.607,0.74851,0.7488,2.25,2.25
2016.06.08 15:05:26.708,0.74849,0.7488,4.87,1.75
2016.06.08 15:05:27.270,0.7485,0.74879,1.50,2.25
2016.06.08 15:05:27.321,0.7485,0.74878,1.50,2.25
2016.06.08 15:05:29.274,0.74846,0.74875,2.25,2.25
2016.06.08 15:05:29.325,0.74847,0.74871,1.00,1.00
2016.06.08 15:05:29.778,0.74845,0.74875,2.25,1.75
2016.06.08 15:05:30.337,0.74851,0.74876,2.25,1.00
2016.06.08 15:05:30.389,0.74851,0.74879,2.25,1.87
2016.06.08 15:05:30.638,0.74851,0.74879,2.25,2.25
2016.06.08 15:05:30.688,0.7485,0.74879,1.75,2.25
2016.06.08 15:05:33.442,0.74847,0.74875,3.67,1.75
2016.06.08 15:05:36.143,0.74847,0.7487,2.25,1.00
2016.06.08 15:05:36.244,0.74843,0.7487,3.00,1.00
2016.06.08 15:05:36.756,0.74845,0.74873,1.75,1.75
2016.06.08 15:05:38.903,0.74845,0.74867,1.75,1.00
2016.06.08 15:05:39.206,0.7484,0.74864,3.00,1.00
2016.06.08 15:05:39.613,0.7484,0.7487,3.00,3.75
2016.06.08 15:05:39.866,0.7484,0.74869,3.00,2.25
2016.06.08 15:05:40.139,0.7484,0.74869,1.75,3.75
2016.06.08 15:05:40.365,0.7484,0.74864,1.75,1.00
2016.06.08 15:05:40.886,0.7484,0.74866,1.75,1.75
2016.06.08 15:05:41.818,0.7484,0.74861,1.75,1.00
2016.06.08 15:05:42.562,0.74837,0.7486,1.75,1.00
2016.06.08 15:05:43.150,0.7484,0.74866,1.75,1.75
2016.06.08 15:05:43.265,0.7484,0.74861,1.75,1.00
2016.06.08 15:05:44.574,0.7484,0.74863,1.75,1.12
2016.06.08 15:05:46.470,0.7484,0.74865,3.00,1.00
2016.06.08 15:05:46.572,0.74836,0.74859,1.00,1.00
2016.06.08 15:05:46.800,0.74834,0.74865,2.25,1.75
2016.06.08 15:05:47.332,0.7484,0.74862,1.00,1.50
2016.06.08 15:05:50.527,0.74835,0.74865,3.00,1.75
2016.06.08 15:05:51.545,0.7484,0.74863,1.00,1.75
2016.06.08 15:05:51.847,0.74838,0.74864,2.25,1.00
2016.06.08 15:05:52.276,0.7484,0.74869,1.75,3.00
2016.06.08 15:05:54.178,0.7484,0.74866,1.75,1.37
2016.06.08 15:05:54.683,0.74839,0.74863,2.25,1.12
2016.06.08 15:05:55.866,0.7484,0.74862,1.75,1.00
2016.06.08 15:05:56.169,0.74835,0.74862,3.75,1.37
2016.06.08 15:05:56.219,0.74835,0.74862,2.25,1.75
2016.06.08 15:05:57.349,0.7484,0.74865,1.00,3.00
2016.06.08 15:05:57.400,0.7484,0.74863,1.50,1.50
2016.06.08 15:05:57.780,0.7484,0.74865,1.50,1.50
2016.06.08 15:05:57.831,0.7484,0.74868,1.75,2.25
2016.06.08 15:05:58.385,0.7484,0.74864,1.75,1.37
2016.06.08 15:05:58.435,0.7484,0.74864,1.50,1.50
2016.06.08 15:06:00.891,0.7484,0.74866,1.50,1.50
2016.06.08 15:06:00.942,0.7484,0.74866,1.75,1.12
2016.06.08 15:06:01.446,0.74845,0.74868,1.00,2.25
2016.06.08 15:06:01.900,0.74842,0.74868,2.25,1.00
2016.06.08 15:06:02.305,0.74839,0.74867,4.20,1.50
2016.06.08 15:06:03.066,0.74845,0.74867,1.00,1.50
2016.06.08 15:06:03.268,0.7485,0.74869,1.00,1.75
2016.06.08 15:06:03.419,0.74849,0.7487,1.00,1.50
2016.06.08 15:06:03.983,0.7485,0.74871,1.00,1.75
2016.06.08 15:06:04.952,0.74849,0.74872,1.00,1.75
2016.06.08 15:06:05.500,0.7485,0.7487,1.00,1.50
2016.06.08 15:06:07.798,0.74845,0.74869,1.12,1.75
2016.06.08 15:06:09.809,0.74839,0.74867,1.75,2.25
2016.06.08 15:06:09.860,0.74839,0.74866,1.50,2.25
2016.06.08 15:06:09.910,0.74839,0.7486,1.50,1.00
2016.06.08 15:06:10.314,0.74835,0.7486,1.50,1.37
2016.06.08 15:06:10.364,0.74835,0.7486,1.12,1.75
2016.06.08 15:06:10.670,0.74835,0.74859,1.12,2.92
2016.06.08 15:06:10.721,0.7483,0.74858,1.75,1.75
2016.06.08 15:06:10.923,0.7483,0.74859,1.75,2.25
2016.06.08 15:06:11.980,0.7483,0.74854,1.75,1.00
2016.06.08 15:06:12.031,0.7483,0.74854,1.75,1.50
2016.06.08 15:06:14.125,0.74826,0.74854,2.25,1.50
2016.06.08 15:06:14.176,0.74825,0.74854,1.75,1.75
2016.06.08 15:06:14.428,0.74825,0.74848,1.00,1.00
2016.06.08 15:06:14.973,0.74824,0.74848,1.50,1.00
2016.06.08 15:06:15.478,0.74825,0.74848,1.00,1.00
2016.06.08 15:06:16.033,0.74825,0.74846,1.00,1.00
2016.06.08 15:06:16.556,0.74824,0.74846,1.00,1.00
2016.06.08 15:06:16.832,0.74824,0.74848,1.00,1.50
2016.06.08 15:06:17.414,0.74824,0.74847,1.00,1.00
2016.06.08 15:06:17.935,0.74825,0.74848,1.00,1.00
2016.06.08 15:06:19.239,0.74825,0.74847,1.00,1.00
2016.06.08 15:06:20.942,0.74825,0.74848,1.00,1.50
2016.06.08 15:06:21.644,0.74825,0.74847,1.00,1.37
2016.06.08 15:06:21.846,0.7482,0.74848,2.25,1.75
2016.06.08 15:06:22.826,0.74825,0.74848,1.00,1.75
2016.06.08 15:06:23.331,0.7482,0.74843,1.75,1.00
2016.06.08 15:06:23.381,0.7482,0.74839,1.75,1.00
2016.06.08 15:06:23.482,0.74815,0.74839,1.00,2.25
2016.06.08 15:06:23.684,0.74815,0.74836,1.00,2.25
2016.06.08 15:06:23.965,0.74815,0.74835,1.00,1.50
2016.06.08 15:06:27.961,0.74815,0.74836,1.12,1.00
2016.06.08 15:06:29.455,0.74815,0.74839,1.12,1.75
2016.06.08 15:06:34.073,0.74815,0.74839,1.75,1.12
2016.06.08 15:06:35.690,0.7482,0.74842,1.00,1.75
2016.06.08 15:06:35.791,0.7482,0.74844,1.75,1.12
2016.06.08 15:06:36.093,0.7482,0.74844,1.75,1.00
2016.06.08 15:06:36.651,0.7482,0.74847,1.75,1.12
2016.06.08 15:06:37.804,0.7482,0.74847,1.75,1.75
2016.06.08 15:06:38.446,0.74817,0.74841,2.25,1.00
2016.06.08 15:06:38.599,0.74815,0.74837,1.50,1.12
2016.06.08 15:06:38.750,0.74811,0.74835,2.92,1.00
2016.06.08 15:06:39.108,0.7481,0.74835,1.50,1.75
2016.06.08 15:06:40.269,0.74815,0.74838,1.00,1.75
2016.06.08 15:06:40.319,0.74815,0.74838,1.00,1.75
2016.06.08 15:06:40.823,0.7481,0.74838,2.25,1.75
2016.06.08 15:06:41.726,0.74815,0.74841,1.00,3.75
2016.06.08 15:06:41.828,0.74815,0.74841,1.75,1.75
2016.06.08 15:06:42.585,0.74815,0.74837,1.75,1.00
2016.06.08 15:06:42.860,0.74805,0.74835,3.00,1.75
2016.06.08 15:06:43.216,0.7481,0.74835,1.75,1.12
2016.06.08 15:06:48.343,0.74806,0.74835,1.75,2.25
2016.06.08 15:06:48.767,0.7481,0.74835,1.00,1.75
2016.06.08 15:06:49.953,0.7482,0.74835,1.00,1.50
2016.06.08 15:06:50.057,0.7482,0.74842,1.00,1.75
2016.06.08 15:06:50.259,0.74815,0.74842,3.75,1.12
2016.06.08 15:06:51.208,0.7482,0.74844,1.75,1.37
2016.06.08 15:06:51.259,0.7482,0.74844,1.75,1.00
2016.06.08 15:06:51.360,0.7482,0.74844,1.50,1.75
2016.06.08 15:06:51.933,0.7482,0.74844,1.75,1.00
2016.06.08 15:06:52.141,0.74815,0.74844,3.52,1.50
2016.06.08 15:06:52.651,0.74815,0.74844,1.75,2.25
2016.06.08 15:06:53.529,0.7481,0.7484,3.75,1.75
2016.06.08 15:06:54.250,0.74811,0.74839,2.25,1.50
2016.06.08 15:06:58.145,0.7482,0.74843,1.00,1.75
2016.06.08 15:06:58.255,0.7482,0.74843,1.50,1.12
2016.06.08 15:07:00.178,0.7482,0.74843,1.00,1.75
2016.06.08 15:07:01.986,0.74815,0.74843,2.25,1.75
2016.06.08 15:07:04.186,0.74815,0.7484,1.50,1.75
2016.06.08 15:07:04.393,0.74815,0.7484,1.00,1.75
2016.06.08 15:07:04.797,0.74815,0.7484,1.75,1.50
2016.06.08 15:07:06.364,0.74819,0.7484,1.00,1.50
2016.06.08 15:07:06.949,0.74815,0.7484,1.75,1.50
2016.06.08 15:07:09.093,0.7482,0.74844,1.00,2.25
2016.06.08 15:07:09.194,0.7482,0.74846,1.50,2.25
2016.06.08 15:07:09.295,0.7482,0.74846,1.75,1.50
2016.06.08 15:07:09.807,0.74819,0.74846,1.50,1.75
2016.06.08 15:07:10.110,0.7482,0.74846,1.75,1.75
2016.06.08 15:07:11.755,0.74825,0.74846,1.00,1.75
2016.06.08 15:07:11.856,0.74819,0.74846,1.75,1.75
2016.06.08 15:07:12.118,0.7482,0.74846,2.25,1.00
2016.06.08 15:07:13.018,0.74821,0.74849,1.75,1.75
2016.06.08 15:07:18.732,0.74825,0.74849,1.75,1.00
2016.06.08 15:07:19.314,0.7482,0.74847,3.00,1.12
2016.06.08 15:07:19.968,0.74825,0.74847,1.87,1.00
2016.06.08 15:07:20.020,0.74825,0.74854,3.75,2.25
2016.06.08 15:07:24.199,0.74835,0.74857,1.00,1.50
2016.06.08 15:07:24.250,0.74835,0.74861,1.12,3.52
2016.06.08 15:07:24.300,0.74835,0.74861,1.50,3.52
2016.06.08 15:07:24.351,0.74837,0.7486,1.00,1.00
2016.06.08 15:07:24.502,0.74835,0.74859,1.37,1.37
2016.06.08 15:07:24.553,0.74835,0.74857,1.12,1.50
2016.06.08 15:07:28.120,0.74835,0.7486,1.50,1.50
2016.06.08 15:07:28.171,0.74835,0.7486,1.75,1.50
2016.06.08 15:07:28.329,0.74835,0.7486,1.37,1.75
2016.06.08 15:07:28.379,0.74835,0.74855,1.00,1.00
2016.06.08 15:07:28.481,0.74832,0.74855,1.00,1.00
2016.06.08 15:07:29.267,0.7483,0.74855,1.37,2.25
2016.06.08 15:07:29.318,0.7483,0.74855,1.00,2.25
2016.06.08 15:07:30.004,0.74825,0.74855,1.75,6.00
2016.06.08 15:07:30.464,0.7483,0.74855,2.40,1.37
2016.06.08 15:07:30.514,0.74835,0.7486,1.12,1.75
2016.06.08 15:07:33.329,0.74835,0.74862,1.50,4.50
2016.06.08 15:07:33.380,0.74837,0.74861,1.00,1.00
2016.06.08 15:07:33.431,0.74835,0.74861,1.50,1.50
2016.06.08 15:07:34.394,0.74835,0.74861,1.50,1.75
2016.06.08 15:07:34.718,0.7483,0.74855,3.00,1.00
2016.06.08 15:07:34.768,0.7483,0.74855,1.12,1.75
2016.06.08 15:07:37.667,0.74825,0.74854,1.50,3.75
2016.06.08 15:07:37.973,0.7483,0.74852,1.00,1.75
2016.06.08 15:07:38.509,0.74835,0.74854,1.00,1.75
2016.06.08 15:07:39.111,0.74835,0.74857,1.00,1.75
2016.06.08 15:07:39.848,0.7483,0.74857,1.50,2.25
2016.06.08 15:07:39.949,0.74835,0.74857,1.00,3.00
2016.06.08 15:07:40.224,0.7483,0.74857,1.50,3.00
2016.06.08 15:07:41.051,0.74835,0.74857,1.00,3.00
2016.06.08 15:07:45.911,0.7483,0.74857,1.50,1.75
2016.06.08 15:07:46.063,0.7483,0.74857,1.37,3.75
2016.06.08 15:07:46.565,0.7483,0.74856,1.00,3.75
2016.06.08 15:07:50.074,0.74825,0.7485,1.12,1.75
2016.06.08 15:07:50.537,0.7483,0.74851,1.00,3.00
2016.06.08 15:07:51.142,0.7483,0.74852,1.00,1.27
2016.06.08 15:07:51.681,0.74829,0.74852,1.00,1.27
2016.06.08 15:07:51.732,0.74825,0.74853,1.75,3.00
2016.06.08 15:07:51.833,0.74829,0.74853,1.00,2.25
2016.06.08 15:07:52.159,0.7484,0.74859,1.00,1.00
2016.06.08 15:07:52.361,0.74835,0.74864,1.75,1.75
2016.06.08 15:07:53.987,0.74835,0.74865,1.75,4.50
2016.06.08 15:07:54.038,0.74835,0.74865,3.00,3.00
2016.06.08 15:07:54.693,0.7484,0.74865,1.75,1.37
2016.06.08 15:07:54.744,0.7484,0.74865,1.75,1.12
2016.06.08 15:07:55.197,0.7484,0.74866,1.37,1.75
2016.06.08 15:07:55.452,0.7484,0.74866,1.00,3.00
2016.06.08 15:07:55.503,0.7484,0.74866,1.37,3.00
2016.06.08 15:07:55.554,0.7484,0.74866,1.75,1.75
2016.06.08 15:07:55.958,0.7484,0.74869,2.25,1.75
2016.06.08 15:07:56.591,0.7484,0.74869,3.00,1.75
2016.06.08 15:07:56.642,0.7484,0.74869,1.75,3.00
2016.06.08 15:07:56.995,0.7484,0.74868,1.37,3.00
2016.06.08 15:07:57.046,0.7484,0.74862,1.00,1.00
2016.06.08 15:07:57.349,0.74838,0.74862,1.00,1.00
2016.06.08 15:07:57.783,0.74834,0.74862,2.62,3.00
2016.06.08 15:07:57.837,0.74834,0.74861,1.12,2.25
2016.06.08 15:07:58.291,0.74835,0.74859,1.50,1.00
2016.06.08 15:07:59.649,0.74835,0.7486,1.12,2.25
2016.06.08 15:08:00.671,0.74835,0.74862,1.50,1.75
2016.06.08 15:08:00.864,0.74836,0.74864,1.37,2.25
2016.06.08 15:08:00.915,0.7484,0.74866,1.00,2.25
2016.06.08 15:08:01.016,0.7484,0.74867,1.50,1.75
2016.06.08 15:08:01.353,0.74845,0.74867,1.00,1.75
2016.06.08 15:08:01.806,0.7484,0.74867,1.50,1.75
2016.06.08 15:08:02.380,0.74835,0.74865,2.25,2.25
2016.06.08 15:08:02.704,0.7484,0.74867,1.50,1.75
2016.06.08 15:08:03.336,0.74845,0.74868,1.00,3.00
2016.06.08 15:08:03.599,0.74844,0.74869,1.12,1.27
2016.06.08 15:08:03.650,0.7485,0.74871,1.00,2.25
2016.06.08 15:08:03.701,0.7485,0.74874,1.00,2.70
2016.06.08 15:08:03.802,0.7485,0.74874,1.00,1.00
2016.06.08 15:08:04.504,0.7485,0.74875,1.00,2.25
2016.06.08 15:08:04.557,0.74846,0.74874,1.75,1.75
2016.06.08 15:08:05.167,0.74843,0.74871,1.75,1.50
2016.06.08 15:08:05.217,0.74843,0.74871,1.75,1.75
2016.06.08 15:08:07.999,0.7484,0.74868,1.50,1.75
2016.06.08 15:08:08.796,0.7484,0.74871,3.00,3.45
2016.06.08 15:08:09.327,0.74845,0.74865,1.00,1.00
2016.06.08 15:08:09.378,0.74842,0.74865,1.00,1.00
2016.06.08 15:08:09.636,0.74845,0.74865,1.00,1.00
2016.06.08 15:08:09.737,0.74842,0.74865,1.00,1.00
2016.06.08 15:08:09.939,0.74845,0.74865,1.00,1.00
2016.06.08 15:08:10.040,0.74842,0.74865,1.00,1.00
2016.06.08 15:08:10.942,0.74845,0.74865,1.00,1.00
2016.06.08 15:08:11.445,0.74842,0.74865,1.00,1.00
2016.06.08 15:08:11.869,0.7484,0.74867,1.37,2.25
2016.06.08 15:08:11.920,0.7484,0.74866,1.00,3.00
2016.06.08 15:08:12.323,0.7484,0.74867,1.37,2.25
2016.06.08 15:08:12.425,0.74835,0.74866,2.25,2.25
2016.06.08 15:08:14.087,0.7484,0.74864,1.00,1.75
2016.06.08 15:08:14.239,0.7484,0.74865,1.50,1.35
2016.06.08 15:08:14.391,0.7484,0.74867,1.50,1.75
2016.06.08 15:08:15.018,0.7484,0.74867,1.75,1.75
2016.06.08 15:08:21.117,0.74845,0.74869,1.00,2.25
2016.06.08 15:08:21.369,0.74845,0.74869,1.50,1.50
2016.06.08 15:08:21.855,0.7484,0.74869,1.75,1.75
2016.06.08 15:08:23.222,0.74844,0.74869,1.00,2.25
2016.06.08 15:08:25.111,0.7484,0.74869,1.75,2.25
2016.06.08 15:08:26.529,0.7484,0.74865,1.37,1.50
2016.06.08 15:08:26.580,0.7484,0.74863,1.00,1.00
2016.06.08 15:08:27.852,0.74845,0.74863,1.00,1.00
2016.06.08 15:08:28.384,0.74844,0.74863,1.00,1.00
2016.06.08 15:08:28.963,0.74845,0.74863,1.00,1.00
2016.06.08 15:08:29.165,0.7484,0.74863,1.00,1.00
2016.06.08 15:08:30.469,0.74844,0.74863,1.00,1.00
2016.06.08 15:08:31.040,0.74845,0.74863,1.00,1.00
2016.06.08 15:08:33.877,0.74845,0.74867,1.00,2.25
2016.06.08 15:08:34.080,0.74845,0.7487,1.12,2.02
2016.06.08 15:08:34.382,0.74845,0.74869,1.00,2.25
2016.06.08 15:08:35.160,0.74838,0.74869,3.75,1.75
2016.06.08 15:08:35.313,0.74838,0.74869,2.25,3.00
2016.06.08 15:08:36.857,0.7484,0.7487,1.37,3.75
2016.06.08 15:08:36.908,0.74844,0.74867,1.00,1.00
2016.06.08 15:08:40.268,0.74838,0.74866,3.00,1.87
2016.06.08 15:08:40.318,0.74838,0.74866,1.50,2.25
2016.06.08 15:08:40.589,0.74835,0.74862,2.25,2.25
2016.06.08 15:08:40.864,0.7483,0.74855,1.00,2.25
2016.06.08 15:08:41.015,0.7483,0.74857,1.12,3.00
2016.06.08 15:08:42.376,0.7483,0.74857,1.37,1.75
2016.06.08 15:08:42.685,0.74835,0.74859,1.00,2.92
2016.06.08 15:08:43.366,0.74834,0.74859,1.00,2.25
2016.06.08 15:08:43.669,0.7483,0.74857,1.12,2.25
2016.06.08 15:08:44.294,0.7483,0.74853,1.00,1.50
2016.06.08 15:08:44.549,0.74825,0.74853,1.75,1.75
2016.06.08 15:08:44.902,0.74824,0.74852,1.50,3.75
2016.06.08 15:08:44.952,0.74825,0.74852,1.00,4.50
2016.06.08 15:08:45.003,0.74825,0.74851,1.75,1.75
2016.06.08 15:08:51.817,0.74824,0.74854,2.25,1.75
2016.06.08 15:08:51.868,0.74824,0.74854,2.25,1.75
2016.06.08 15:08:53.002,0.74825,0.74851,1.75,1.00
2016.06.08 15:08:53.153,0.74825,0.74851,1.50,2.25
2016.06.08 15:08:57.423,0.74822,0.74848,2.25,1.00
2016.06.08 15:08:57.574,0.7482,0.74847,1.75,1.50
2016.06.08 15:08:58.218,0.74818,0.74842,2.25,1.00
2016.06.08 15:08:58.269,0.74815,0.74842,2.25,1.50
2016.06.08 15:08:58.370,0.74815,0.7484,1.50,1.50
2016.06.08 15:08:58.694,0.74815,0.7484,1.00,2.25
2016.06.08 15:08:59.670,0.74817,0.7484,1.00,3.00
2016.06.08 15:09:00.284,0.74815,0.7484,1.75,1.75
2016.06.08 15:09:00.780,0.74815,0.74841,1.75,1.12
2016.06.08 15:09:02.760,0.74815,0.74841,1.75,1.75
2016.06.08 15:09:07.320,0.7481,0.74838,4.50,1.37
2016.06.08 15:09:07.371,0.7481,0.74837,1.50,1.75
2016.06.08 15:09:08.378,0.74815,0.74837,1.00,2.25
2016.06.08 15:09:09.788,0.7481,0.74837,1.50,1.75
2016.06.08 15:09:10.887,0.7481,0.74836,1.00,2.25
2016.06.08 15:09:11.203,0.7481,0.74833,1.00,2.25
2016.06.08 15:09:11.505,0.7481,0.74837,1.12,4.50
2016.06.08 15:09:11.556,0.74815,0.74837,1.00,4.50
2016.06.08 15:09:12.288,0.74815,0.74839,1.00,4.50
2016.06.08 15:09:13.591,0.7481,0.74839,1.75,3.75
2016.06.08 15:09:13.793,0.74805,0.74834,3.75,1.75
2016.06.08 15:09:14.096,0.74805,0.74832,1.00,3.75
2016.06.08 15:09:14.888,0.748,0.7483,3.00,2.25
2016.06.08 15:09:15.196,0.748,0.74829,2.25,3.00
2016.06.08 15:09:15.887,0.74798,0.74822,1.75,1.12
2016.06.08 15:09:16.191,0.74799,0.74817,1.00,1.00
2016.06.08 15:09:16.701,0.74799,0.74822,1.00,1.75
2016.06.08 15:09:16.754,0.74795,0.74822,1.50,1.75
2016.06.08 15:09:17.179,0.748,0.74822,1.00,1.50
2016.06.08 15:09:17.230,0.748,0.74822,1.00,1.50
2016.06.08 15:09:18.087,0.74795,0.74824,1.75,1.75
2016.06.08 15:09:19.166,0.748,0.74824,1.00,1.75
2016.06.08 15:09:21.315,0.748,0.74826,1.75,1.75
2016.06.08 15:09:22.508,0.748,0.74829,1.75,1.75
2016.06.08 15:09:23.066,0.74805,0.7483,1.00,2.25
2016.06.08 15:09:23.807,0.748,0.74826,1.75,1.12
2016.06.08 15:09:23.908,0.74802,0.7483,2.92,1.87
2016.06.08 15:09:23.959,0.74803,0.7483,2.25,1.87
2016.06.08 15:09:25.026,0.74805,0.7483,1.12,1.75
2016.06.08 15:09:28.982,0.74805,0.74832,1.75,1.75
2016.06.08 15:09:29.843,0.74801,0.7483,1.75,1.75
2016.06.08 15:09:30.447,0.748,0.74828,1.37,4.50
2016.06.08 15:09:30.499,0.74799,0.74823,1.50,1.00
2016.06.08 15:09:30.549,0.74799,0.74828,1.75,3.75
2016.06.08 15:09:32.089,0.74805,0.74828,1.00,1.75
2016.06.08 15:09:32.240,0.74805,0.74832,1.75,1.50
2016.06.08 15:09:32.748,0.74805,0.74832,1.50,1.75
2016.06.08 15:09:36.241,0.74805,0.74832,1.75,1.75
2016.06.08 15:09:37.762,0.74804,0.74827,1.00,1.00
2016.06.08 15:09:38.064,0.74805,0.74831,1.75,1.75
2016.06.08 15:09:39.568,0.74805,0.74833,3.00,2.25
2016.06.08 15:09:40.571,0.74805,0.74832,1.50,1.75
2016.06.08 15:09:40.874,0.748,0.7483,1.75,1.75
2016.06.08 15:09:43.930,0.74805,0.7483,1.00,1.75
2016.06.08 15:09:49.426,0.74805,0.74831,1.37,3.75
2016.06.08 15:09:49.625,0.74805,0.74831,1.75,2.25
2016.06.08 15:09:50.617,0.7481,0.74831,1.00,2.25
2016.06.08 15:09:51.900,0.7481,0.74835,1.75,1.87
2016.06.08 15:09:51.951,0.74815,0.74835,1.00,1.12
2016.06.08 15:09:52.453,0.74815,0.74841,1.75,1.75
2016.06.08 15:09:55.609,0.74815,0.74841,1.00,3.00
2016.06.08 15:09:57.188,0.74815,0.74839,1.37,1.37
2016.06.08 15:09:57.239,0.74816,0.74839,1.00,1.00
2016.06.08 15:09:57.765,0.74816,0.7484,1.00,1.00
2016.06.08 15:10:01.642,0.7482,0.7484,1.00,1.00
2016.06.08 15:10:02.495,0.74816,0.7484,1.00,1.00
2016.06.08 15:10:08.258,0.7482,0.7484,1.00,1.00
2016.06.08 15:10:09.065,0.74816,0.7484,1.00,1.00
2016.06.08 15:10:12.778,0.74815,0.7484,1.75,1.00
2016.06.08 15:10:13.257,0.7482,0.74843,1.37,1.75
2016.06.08 15:10:13.408,0.74815,0.74843,1.75,2.25
2016.06.08 15:10:15.379,0.74815,0.74844,1.75,3.75
2016.06.08 15:10:15.429,0.74815,0.74844,1.75,2.25
2016.06.08 15:10:17.672,0.74814,0.74833,1.87,1.37
2016.06.08 15:10:17.723,0.74805,0.74833,3.75,1.75
2016.06.08 15:10:18.399,0.7481,0.74833,1.37,1.37
2016.06.08 15:10:18.900,0.7481,0.74833,1.75,1.00
2016.06.08 15:10:19.703,0.7481,0.74836,1.75,1.75
2016.06.08 15:10:20.049,0.7481,0.74836,1.12,1.75
2016.06.08 15:10:20.802,0.74815,0.74836,1.00,1.75
2016.06.08 15:10:21.234,0.7481,0.74836,1.12,1.75
2016.06.08 15:10:21.605,0.7481,0.74836,2.62,1.37
2016.06.08 15:10:21.655,0.74815,0.74836,1.12,1.00
2016.06.08 15:10:22.109,0.7481,0.74838,1.75,1.50
2016.06.08 15:10:22.613,0.74815,0.74838,1.00,1.75
2016.06.08 15:10:22.952,0.7482,0.74841,1.00,1.75
2016.06.08 15:10:23.053,0.74815,0.74841,1.12,1.75
2016.06.08 15:10:23.513,0.7482,0.74841,1.00,1.75
2016.06.08 15:10:23.816,0.74825,0.74846,1.00,2.25
2016.06.08 15:10:23.867,0.74825,0.74848,1.00,2.25
2016.06.08 15:10:24.195,0.74825,0.74847,1.00,2.25
2016.06.08 15:10:24.346,0.7482,0.74847,1.50,2.25
2016.06.08 15:10:24.649,0.74824,0.74847,1.00,2.25
2016.06.08 15:10:24.850,0.7482,0.74845,1.50,1.75
2016.06.08 15:10:25.640,0.74825,0.74845,1.00,1.75
2016.06.08 15:10:26.138,0.74819,0.74845,1.75,1.75
2016.06.08 15:10:26.239,0.74825,0.74845,1.00,1.75
2016.06.08 15:10:27.166,0.74824,0.74845,1.00,1.75
2016.06.08 15:10:28.349,0.74825,0.74845,1.00,1.75
2016.06.08 15:10:28.648,0.7482,0.74845,1.50,1.75
2016.06.08 15:10:30.050,0.74825,0.74847,1.00,2.25
2016.06.08 15:10:30.151,0.74825,0.74848,1.00,1.75
2016.06.08 15:10:34.062,0.7482,0.74848,1.75,1.75
2016.06.08 15:10:34.561,0.74825,0.74848,1.00,1.75
2016.06.08 15:10:34.927,0.74825,0.74848,1.50,1.12
2016.06.08 15:10:35.079,0.74824,0.7485,1.75,1.37
2016.06.08 15:10:35.129,0.74824,0.74853,1.75,2.70
2016.06.08 15:10:35.686,0.74824,0.74852,1.50,1.75
2016.06.08 15:10:35.737,0.74825,0.74852,1.12,1.75
2016.06.08 15:10:36.276,0.74825,0.74849,1.12,2.25
2016.06.08 15:10:36.377,0.7482,0.74847,1.75,1.75
2016.06.08 15:10:37.956,0.7482,0.74841,1.00,1.00
2016.06.08 15:10:38.258,0.74817,0.74844,1.75,1.50
2016.06.08 15:10:38.805,0.74815,0.74842,3.00,1.37
2016.06.08 15:10:38.855,0.74815,0.74842,1.75,1.75
2016.06.08 15:10:40.154,0.74812,0.74841,3.00,3.00
2016.06.08 15:10:40.204,0.7481,0.74841,3.00,3.00
2016.06.08 15:10:40.255,0.74812,0.74841,2.25,1.75
2016.06.08 15:10:40.306,0.74812,0.74841,2.25,1.75
2016.06.08 15:10:41.731,0.74815,0.7484,1.37,1.50
2016.06.08 15:10:41.882,0.74814,0.7484,1.12,1.75
2016.06.08 15:10:42.387,0.74815,0.7484,1.00,1.75
2016.06.08 15:10:45.941,0.7482,0.7484,1.00,1.75
2016.06.08 15:10:46.042,0.74815,0.7484,1.75,1.75
2016.06.08 15:10:50.352,0.74815,0.7484,1.37,3.00
2016.06.08 15:10:50.453,0.7481,0.74839,2.02,1.75
2016.06.08 15:10:51.000,0.7481,0.74837,1.50,4.50
2016.06.08 15:10:51.051,0.74809,0.74834,1.37,1.50
2016.06.08 15:10:51.271,0.7481,0.74837,1.37,1.50
2016.06.08 15:10:51.508,0.74813,0.74837,1.00,1.50
2016.06.08 15:10:51.559,0.74815,0.74837,1.00,1.00
2016.06.08 15:10:53.575,0.74815,0.74841,1.37,3.00
2016.06.08 15:10:53.625,0.74815,0.74841,1.75,1.75
2016.06.08 15:10:54.080,0.74815,0.74842,1.50,2.25
2016.06.08 15:10:54.583,0.74815,0.74841,1.12,2.25
2016.06.08 15:10:55.193,0.74815,0.74842,1.75,1.75
2016.06.08 15:10:57.915,0.74811,0.7484,3.00,2.25
2016.06.08 15:10:58.605,0.74805,0.74835,2.25,2.25
2016.06.08 15:10:58.996,0.74805,0.74832,1.50,2.25
2016.06.08 15:10:59.047,0.74805,0.74832,1.12,2.25
2016.06.08 15:11:00.218,0.74805,0.74831,1.50,2.02
2016.06.08 15:11:00.319,0.74805,0.7483,1.75,1.20
2016.06.08 15:11:00.470,0.7481,0.7483,1.00,1.20
2016.06.08 15:11:00.571,0.74805,0.7483,1.75,1.20
2016.06.08 15:11:00.722,0.74805,0.7483,1.37,1.57
2016.06.08 15:11:00.823,0.74805,0.7483,1.00,1.27
2016.06.08 15:11:01.142,0.7481,0.74831,1.00,2.25
2016.06.08 15:11:01.585,0.7481,0.74834,1.12,1.27
2016.06.08 15:11:03.237,0.7481,0.74835,1.50,1.50
2016.06.08 15:11:03.288,0.7481,0.74835,1.75,1.50
2016.06.08 15:11:06.489,0.74815,0.74838,1.00,1.75
2016.06.08 15:11:06.842,0.74815,0.74839,1.50,1.00
2016.06.08 15:11:07.182,0.7482,0.74839,1.00,1.00
2016.06.08 15:11:07.434,0.74814,0.74844,1.87,2.25
2016.06.08 15:11:07.535,0.74814,0.74845,3.37,1.75
2016.06.08 15:11:08.557,0.74815,0.74844,1.75,1.75
2016.06.08 15:11:08.608,0.74815,0.74844,1.75,3.00
2016.06.08 15:11:08.952,0.74812,0.74842,1.50,3.00
2016.06.08 15:11:09.053,0.74812,0.74841,1.75,3.00
2016.06.08 15:11:09.154,0.74815,0.74841,1.50,1.75
2016.06.08 15:11:09.617,0.74815,0.7484,1.12,2.25
2016.06.08 15:11:10.071,0.7481,0.74836,1.50,1.50
2016.06.08 15:11:10.222,0.7481,0.74836,1.12,1.50
2016.06.08 15:11:10.680,0.7481,0.74838,1.75,1.75
2016.06.08 15:11:11.033,0.7481,0.74836,1.12,2.25
2016.06.08 15:11:14.372,0.74815,0.74836,1.00,2.25
2016.06.08 15:11:14.872,0.74815,0.74839,1.00,2.25
2016.06.08 15:11:15.074,0.74815,0.74841,1.12,1.75
2016.06.08 15:11:17.972,0.7482,0.74841,1.00,1.75
2016.06.08 15:11:18.275,0.74825,0.74842,1.00,2.25
2016.06.08 15:11:18.376,0.7482,0.74845,1.00,2.25
2016.06.08 15:11:18.680,0.7482,0.74843,1.00,2.92
2016.06.08 15:11:19.848,0.7482,0.74844,1.50,1.00
2016.06.08 15:11:20.001,0.7482,0.7484,1.00,1.00
2016.06.08 15:11:20.787,0.7482,0.74844,1.00,1.00
2016.06.08 15:11:21.328,0.7482,0.7484,1.00,1.00
2016.06.08 15:11:21.379,0.74817,0.7484,1.50,1.50
2016.06.08 15:11:23.266,0.74814,0.74841,1.12,3.00
2016.06.08 15:11:23.874,0.74814,0.74835,1.12,1.00
2016.06.08 15:11:26.782,0.74814,0.7484,1.12,1.75
2016.06.08 15:11:27.333,0.74814,0.74835,1.12,1.00
2016.06.08 15:11:28.188,0.74814,0.74835,3.00,1.00
2016.06.08 15:11:28.289,0.74814,0.7484,3.00,1.50
2016.06.08 15:11:29.800,0.74819,0.7484,1.00,1.50
2016.06.08 15:11:30.102,0.74821,0.74845,2.25,1.00
2016.06.08 15:11:30.441,0.74825,0.7485,2.25,1.75
2016.06.08 15:11:30.493,0.74826,0.74854,1.75,1.75
2016.06.08 15:11:30.596,0.74827,0.74855,1.75,1.75
2016.06.08 15:11:30.898,0.74827,0.7485,1.00,1.00
2016.06.08 15:11:32.100,0.74827,0.74845,1.00,1.00
2016.06.08 15:11:32.751,0.74822,0.74845,2.25,1.00
2016.06.08 15:11:32.802,0.7482,0.74845,3.00,1.50
2016.06.08 15:11:33.907,0.74822,0.7485,1.75,1.50
2016.06.08 15:11:34.811,0.74825,0.74854,3.75,1.75
2016.06.08 15:11:35.119,0.74825,0.7485,3.75,1.00
2016.06.08 15:11:37.420,0.74825,0.74855,4.50,1.75
2016.06.08 15:11:37.522,0.74825,0.7485,3.75,1.00
2016.06.08 15:11:37.914,0.74825,0.74855,4.50,1.75
2016.06.08 15:11:39.000,0.74831,0.74859,1.75,1.75
2016.06.08 15:11:40.027,0.74831,0.7486,2.25,3.00
2016.06.08 15:11:40.128,0.74832,0.7486,1.75,1.75
2016.06.08 15:11:40.560,0.74831,0.7486,3.00,1.75
2016.06.08 15:11:40.611,0.74831,0.7486,1.50,3.00
2016.06.08 15:11:42.136,0.74828,0.7485,1.37,1.12
2016.06.08 15:11:42.187,0.74828,0.7485,1.12,1.50
2016.06.08 15:11:43.030,0.74827,0.7485,3.67,1.00
2016.06.08 15:11:43.339,0.74827,0.74856,3.67,2.25
2016.06.08 15:11:43.638,0.74835,0.74855,1.00,1.00
2016.06.08 15:11:43.840,0.74828,0.74855,2.25,1.12
2016.06.08 15:11:43.894,0.74827,0.74855,2.25,1.37
2016.06.08 15:11:43.945,0.74826,0.74855,1.75,1.75
2016.06.08 15:11:44.844,0.74828,0.74855,2.25,1.00
2016.06.08 15:11:45.357,0.74829,0.74858,1.75,1.75
2016.06.08 15:11:54.437,0.74836,0.7486,1.00,1.50
2016.06.08 15:11:54.774,0.74829,0.7486,3.75,2.25
2016.06.08 15:11:54.976,0.7483,0.74854,1.00,1.00
2016.06.08 15:11:55.830,0.74835,0.74861,1.00,3.52
2016.06.08 15:11:56.132,0.74837,0.74865,2.25,3.00
2016.06.08 15:11:56.841,0.74831,0.74855,1.75,1.00
2016.06.08 15:11:57.345,0.7483,0.7486,2.25,2.25
2016.06.08 15:11:57.447,0.7483,0.74858,2.25,2.25
2016.06.08 15:11:59.645,0.74827,0.74855,2.77,1.37
2016.06.08 15:11:59.949,0.7483,0.7486,1.75,1.75
2016.06.08 15:12:05.361,0.74831,0.74859,1.37,2.25
2016.06.08 15:12:05.412,0.74831,0.74858,1.12,2.25
2016.06.08 15:12:05.462,0.74831,0.74858,1.50,2.25
2016.06.08 15:12:05.513,0.74831,0.7486,1.75,2.25
2016.06.08 15:12:06.903,0.74831,0.7486,2.25,2.25
2016.06.08 15:12:08.183,0.74835,0.74865,2.25,2.25
2016.06.08 15:12:08.540,0.74838,0.74865,2.25,1.12
2016.06.08 15:12:12.181,0.74838,0.74865,2.25,1.50
2016.06.08 15:12:12.759,0.74836,0.7486,1.75,1.00
2016.06.08 15:12:13.022,0.74837,0.74865,2.25,1.50
2016.06.08 15:12:13.586,0.74842,0.74865,1.75,1.37
2016.06.08 15:12:13.844,0.74845,0.74873,4.42,1.50
2016.06.08 15:12:14.147,0.74845,0.7487,2.92,1.00
2016.06.08 15:12:14.248,0.74846,0.74869,1.00,1.00
2016.06.08 15:12:15.097,0.74841,0.74869,3.00,1.50
2016.06.08 15:12:15.147,0.74841,0.74865,1.75,1.50
2016.06.08 15:12:19.703,0.74841,0.74865,2.25,1.37
2016.06.08 15:12:19.754,0.74842,0.74869,2.25,1.12
2016.06.08 15:12:19.804,0.74842,0.74869,2.25,1.50
2016.06.08 15:12:19.855,0.74841,0.74869,1.20,2.25
2016.06.08 15:12:22.705,0.74844,0.7487,1.50,1.37
2016.06.08 15:12:22.756,0.74844,0.7487,1.75,1.12
2016.06.08 15:12:22.907,0.74849,0.74875,1.37,3.00
2016.06.08 15:12:22.958,0.74849,0.74875,1.75,1.75
2016.06.08 15:12:23.109,0.74849,0.74875,1.75,1.37
2016.06.08 15:12:23.641,0.74845,0.74865,2.62,1.12
2016.06.08 15:12:23.691,0.74838,0.74865,2.70,2.25
2016.06.08 15:12:23.742,0.74837,0.74865,1.75,2.25
2016.06.08 15:12:25.215,0.74837,0.74865,2.25,1.37
2016.06.08 15:12:25.266,0.74837,0.74865,3.75,1.12
2016.06.08 15:12:26.061,0.74837,0.74865,2.25,1.75
2016.06.08 15:12:26.642,0.74837,0.7486,1.75,1.00
2016.06.08 15:12:26.743,0.74837,0.74865,1.75,1.75
2016.06.08 15:12:28.180,0.74839,0.74865,2.25,1.37
2016.06.08 15:12:28.233,0.74839,0.74865,2.25,1.50
2016.06.08 15:12:28.518,0.74837,0.74862,2.10,1.75
2016.06.08 15:12:29.030,0.74833,0.7486,1.75,1.75
2016.06.08 15:12:32.943,0.74831,0.74855,3.00,1.00
2016.06.08 15:12:33.055,0.74831,0.74855,1.50,1.75
2016.06.08 15:12:33.106,0.74827,0.7485,2.25,1.00
2016.06.08 15:12:33.358,0.74828,0.7485,1.00,1.00
2016.06.08 15:12:38.102,0.74827,0.7485,3.00,1.00
2016.06.08 15:12:38.153,0.74828,0.74855,1.75,1.75
2016.06.08 15:12:46.936,0.74829,0.74855,2.25,1.37
2016.06.08 15:12:46.986,0.7483,0.74858,1.75,1.75
2016.06.08 15:12:47.783,0.7483,0.74855,2.25,1.00
2016.06.08 15:12:49.792,0.74831,0.7486,1.75,1.75
2016.06.08 15:12:50.148,0.74834,0.74861,1.50,2.25
2016.06.08 15:12:50.199,0.74835,0.74863,1.75,1.75
2016.06.08 15:12:50.249,0.74835,0.74864,1.75,2.25
2016.06.08 15:12:50.501,0.74835,0.74864,1.75,1.75
2016.06.08 15:12:50.753,0.74835,0.74864,1.75,1.75
2016.06.08 15:12:50.804,0.74837,0.7486,1.00,1.00
2016.06.08 15:12:52.845,0.74837,0.74865,3.00,1.75
2016.06.08 15:12:53.603,0.74836,0.74861,2.17,1.00
2016.06.08 15:12:54.116,0.74835,0.7486,1.75,1.00
2016.06.08 15:12:57.181,0.74836,0.74865,1.75,1.75
2016.06.08 15:12:57.634,0.7484,0.74865,1.37,1.50
2016.06.08 15:12:57.685,0.74841,0.74868,1.75,1.95
2016.06.08 15:12:57.736,0.74844,0.7487,1.37,1.87
2016.06.08 15:12:57.786,0.74844,0.7487,2.25,1.00
2016.06.08 15:12:58.645,0.74847,0.7487,2.62,1.00
2016.06.08 15:12:58.696,0.74847,0.74875,3.00,1.37
2016.06.08 15:12:59.443,0.74847,0.74875,1.75,1.37
2016.06.08 15:12:59.947,0.74845,0.74871,2.25,1.12
2016.06.08 15:13:00.249,0.74843,0.74865,2.62,1.00
2016.06.08 15:13:00.300,0.74843,0.74865,1.37,1.00
2016.06.08 15:13:02.002,0.7484,0.7487,2.25,2.25
2016.06.08 15:13:02.155,0.74843,0.7487,2.25,2.25
2016.06.08 15:13:02.206,0.74843,0.7487,3.00,1.12
2016.06.08 15:13:02.358,0.74845,0.74875,3.00,1.75
2016.06.08 15:13:02.863,0.74847,0.74875,1.75,1.75
2016.06.08 15:13:03.415,0.7485,0.7488,1.75,1.75
2016.06.08 15:13:07.794,0.74848,0.74875,3.00,1.37
2016.06.08 15:13:07.945,0.74845,0.7487,1.75,1.12
2016.06.08 15:13:10.152,0.74846,0.74876,2.25,4.50
2016.06.08 15:13:10.399,0.74846,0.74875,2.25,1.75
2016.06.08 15:13:12.053,0.74845,0.74871,1.50,1.75
2016.06.08 15:13:12.356,0.74839,0.74865,1.75,1.12
2016.06.08 15:13:15.068,0.74845,0.74869,1.00,1.00
2016.06.08 15:13:16.223,0.74845,0.74865,1.00,1.00
2016.06.08 15:13:16.576,0.74839,0.74865,1.75,1.12
2016.06.08 15:13:17.943,0.74841,0.74865,1.75,1.12
2016.06.08 15:13:18.289,0.74841,0.7487,3.00,1.75
2016.06.08 15:13:18.633,0.74841,0.74869,2.25,2.25
2016.06.08 15:13:18.684,0.74839,0.74867,2.25,2.25
2016.06.08 15:13:18.735,0.74839,0.74865,1.87,1.50
2016.06.08 15:13:19.055,0.74835,0.74865,2.25,2.25
2016.06.08 15:13:19.106,0.74835,0.74865,3.75,3.00
2016.06.08 15:13:21.751,0.7484,0.74864,1.75,1.37
2016.06.08 15:13:21.802,0.7484,0.74866,1.75,1.87
2016.06.08 15:13:22.418,0.74839,0.74865,2.25,1.00
2016.06.08 15:13:24.083,0.74838,0.74865,3.00,2.62
2016.06.08 15:13:24.133,0.74835,0.74857,1.00,1.75
2016.06.08 15:13:24.184,0.74835,0.74857,2.25,1.00
2016.06.08 15:13:24.286,0.74835,0.74864,2.25,1.50
2016.06.08 15:13:25.498,0.74838,0.74866,2.25,1.50
2016.06.08 15:13:27.105,0.74837,0.74863,3.00,1.37
2016.06.08 15:13:27.156,0.74835,0.74863,1.75,1.87
2016.06.08 15:13:27.206,0.74835,0.74863,3.00,1.87
2016.06.08 15:13:27.308,0.74835,0.74863,1.75,2.25
2016.06.08 15:13:28.471,0.74833,0.7486,2.25,1.50
2016.06.08 15:13:28.522,0.74831,0.7486,1.75,1.75
2016.06.08 15:13:33.914,0.74834,0.74862,2.25,1.50
2016.06.08 15:13:34.658,0.74834,0.74861,2.25,1.37
2016.06.08 15:13:34.709,0.74834,0.74861,1.75,1.75
2016.06.08 15:13:35.884,0.74832,0.74858,2.25,1.37
2016.06.08 15:13:35.935,0.74829,0.74858,2.25,1.75
2016.06.08 15:13:38.394,0.7483,0.74859,1.75,2.25
2016.06.08 15:13:38.445,0.7483,0.74859,1.75,3.75
2016.06.08 15:13:40.532,0.74835,0.74858,1.00,1.75
2016.06.08 15:13:43.515,0.74835,0.7486,1.50,1.75
2016.06.08 15:13:44.011,0.74835,0.7486,1.37,1.75
2016.06.08 15:13:44.515,0.74835,0.7486,1.00,3.75
2016.06.08 15:13:45.538,0.74831,0.7486,1.75,3.75
2016.06.08 15:13:45.806,0.74831,0.7486,1.75,3.75
2016.06.08 15:13:45.856,0.74831,0.7486,1.75,2.25
2016.06.08 15:13:48.625,0.74835,0.74862,1.75,1.50
2016.06.08 15:13:48.675,0.74835,0.74862,1.75,1.50
2016.06.08 15:13:49.421,0.74835,0.74862,1.37,1.75
2016.06.08 15:13:49.472,0.74835,0.74862,1.37,1.75
2016.06.08 15:13:50.573,0.7484,0.74863,1.00,2.25
2016.06.08 15:13:50.674,0.74835,0.74863,1.37,2.25
2016.06.08 15:13:51.205,0.74831,0.7486,3.75,1.75
2016.06.08 15:13:51.255,0.74831,0.7486,1.75,2.25
2016.06.08 15:13:53.088,0.74826,0.74855,2.25,1.75
2016.06.08 15:13:53.340,0.74825,0.74852,1.50,1.75
2016.06.08 15:13:54.184,0.74825,0.74852,3.00,1.50
2016.06.08 15:13:55.093,0.74825,0.7485,3.00,1.00
2016.06.08 15:13:56.300,0.74825,0.74851,3.00,1.12
2016.06.08 15:13:57.520,0.74825,0.7485,3.00,1.00
2016.06.08 15:13:58.103,0.74825,0.74852,3.00,1.50
2016.06.08 15:13:59.034,0.7483,0.74852,1.50,1.37
2016.06.08 15:13:59.357,0.7483,0.74855,3.00,1.00
2016.06.08 15:14:00.103,0.7483,0.74858,3.00,4.50
2016.06.08 15:14:00.254,0.7483,0.74857,3.00,3.00
2016.06.08 15:14:00.305,0.7483,0.74856,1.75,1.75
2016.06.08 15:14:00.406,0.74825,0.74855,1.75,1.75
2016.06.08 15:14:04.069,0.7483,0.74854,1.00,2.25
2016.06.08 15:14:04.629,0.74825,0.74854,2.70,2.25
2016.06.08 15:14:06.636,0.74826,0.74854,2.25,1.87
2016.06.08 15:14:06.687,0.74831,0.74854,1.00,1.50
2016.06.08 15:14:07.325,0.74831,0.74855,1.00,1.50
2016.06.08 15:14:07.936,0.74831,0.74854,1.00,1.00
2016.06.08 15:14:08.438,0.74831,0.74855,1.00,1.50
2016.06.08 15:14:08.941,0.74831,0.74854,1.00,1.00
2016.06.08 15:14:15.495,0.74826,0.74854,2.25,1.37
2016.06.08 15:14:15.546,0.74825,0.74854,1.75,1.75
2016.06.08 15:14:16.260,0.7483,0.74854,1.00,2.25
2016.06.08 15:14:16.966,0.74829,0.74854,1.12,2.25
2016.06.08 15:14:17.935,0.7483,0.74853,1.00,1.75
2016.06.08 15:14:18.477,0.74825,0.74853,1.75,1.75
2016.06.08 15:14:20.664,0.7483,0.74854,1.00,1.75
2016.06.08 15:14:21.258,0.74825,0.74855,2.25,1.75
2016.06.08 15:14:27.037,0.74825,0.74853,2.25,2.25
2016.06.08 15:14:28.250,0.7483,0.74853,1.00,2.25
2016.06.08 15:14:28.351,0.7483,0.74853,1.00,1.00
2016.06.08 15:14:29.451,0.74829,0.74853,1.00,1.00
2016.06.08 15:14:30.652,0.7483,0.74853,1.00,1.00
2016.06.08 15:14:31.196,0.74829,0.74853,1.00,1.00
2016.06.08 15:14:32.555,0.7483,0.74853,1.00,1.00
2016.06.08 15:14:37.563,0.7483,0.74856,1.75,1.50
2016.06.08 15:14:37.865,0.74831,0.74858,2.77,1.12
2016.06.08 15:14:42.603,0.74835,0.74861,1.75,1.37
2016.06.08 15:14:42.654,0.74835,0.74863,1.75,1.50
2016.06.08 15:14:51.646,0.7484,0.74865,1.50,1.37
2016.06.08 15:14:51.697,0.7484,0.74865,1.75,1.12
2016.06.08 15:14:51.747,0.7484,0.74865,1.50,1.50
2016.06.08 15:14:51.798,0.7484,0.74865,1.50,1.75
2016.06.08 15:14:57.877,0.74835,0.74864,3.00,3.00
2016.06.08 15:14:57.928,0.74835,0.74864,1.75,4.50
2016.06.08 15:14:59.570,0.74835,0.74864,3.75,3.75
2016.06.08 15:14:59.621,0.74836,0.74864,2.25,2.25
2016.06.08 15:15:01.502,0.74845,0.74867,1.12,1.12
2016.06.08 15:15:09.052,0.7484,0.74865,2.25,1.00
2016.06.08 15:15:09.253,0.74835,0.74865,3.00,2.25
2016.06.08 15:15:19.342,0.74832,0.7486,2.02,1.75
2016.06.08 15:15:19.645,0.74835,0.74862,1.75,1.75
2016.06.08 15:15:20.796,0.7484,0.74865,1.00,2.25
2016.06.08 15:15:20.948,0.7484,0.74866,1.75,2.25
2016.06.08 15:15:22.767,0.74845,0.74868,1.00,1.75
2016.06.08 15:15:25.960,0.74845,0.7487,1.50,1.75
2016.06.08 15:15:26.061,0.74845,0.74871,1.75,1.50
2016.06.08 15:15:26.369,0.74845,0.74871,1.37,1.75
2016.06.08 15:15:26.571,0.74845,0.74874,3.00,3.75
2016.06.08 15:15:27.139,0.74841,0.7487,2.85,2.25
2016.06.08 15:15:29.068,0.74845,0.74874,1.50,3.00
2016.06.08 15:15:29.169,0.74845,0.74874,1.75,2.25
2016.06.08 15:15:30.905,0.74845,0.74874,1.75,5.25
2016.06.08 15:15:30.956,0.74845,0.74874,1.75,5.25
2016.06.08 15:15:31.475,0.74845,0.74874,3.00,2.25
2016.06.08 15:15:31.576,0.74845,0.74874,3.00,3.00
2016.06.08 15:15:32.478,0.74849,0.74877,1.87,1.50
2016.06.08 15:15:32.579,0.74849,0.74878,3.00,1.37
2016.06.08 15:15:36.520,0.7485,0.74879,1.75,2.25
2016.06.08 15:15:36.823,0.7485,0.7488,2.25,2.25
2016.06.08 15:15:39.972,0.74853,0.7488,1.75,1.37
2016.06.08 15:15:40.022,0.74853,0.7488,2.25,1.12
2016.06.08 15:15:41.472,0.74855,0.74882,1.12,3.00
2016.06.08 15:15:42.682,0.7485,0.7488,3.00,4.50
2016.06.08 15:15:42.733,0.7485,0.74878,1.75,1.75
2016.06.08 15:15:43.861,0.7485,0.74878,1.75,1.75
2016.06.08 15:15:43.912,0.7485,0.74878,1.75,1.75
2016.06.08 15:15:45.212,0.74849,0.74875,2.25,1.00
2016.06.08 15:15:45.941,0.7485,0.74878,1.75,1.75
2016.06.08 15:15:49.140,0.7485,0.74879,2.25,2.25
2016.06.08 15:15:49.342,0.7485,0.74879,1.75,1.75
2016.06.08 15:15:49.393,0.7485,0.74879,1.75,1.75
2016.06.08 15:15:49.444,0.7485,0.74879,1.75,3.75
2016.06.08 15:15:49.798,0.7485,0.74877,1.75,1.37
2016.06.08 15:15:49.849,0.7485,0.74878,3.00,1.50
2016.06.08 15:15:49.900,0.7485,0.74875,2.25,1.00
2016.06.08 15:15:50.203,0.74847,0.74875,3.75,1.50
2016.06.08 15:15:52.584,0.74847,0.74875,2.25,1.75
2016.06.08 15:15:52.635,0.74845,0.74874,2.25,1.75
2016.06.08 15:15:52.970,0.74843,0.7487,3.75,1.37
2016.06.08 15:15:53.021,0.74843,0.7487,2.25,1.75
2016.06.08 15:15:53.268,0.74843,0.7487,3.75,1.00
2016.06.08 15:15:53.594,0.74843,0.7487,2.25,1.75
2016.06.08 15:15:54.159,0.74839,0.7487,3.75,4.50
2016.06.08 15:15:54.210,0.74839,0.7487,2.25,4.50
2016.06.08 15:15:57.461,0.74843,0.7487,1.75,1.12
2016.06.08 15:15:59.012,0.7485,0.74874,1.00,1.75
2016.06.08 15:15:59.113,0.74845,0.74874,1.75,2.25
2016.06.08 15:15:59.910,0.7485,0.74874,1.00,1.75
2016.06.08 15:16:00.166,0.7485,0.74876,1.75,1.75
2016.06.08 15:16:01.059,0.74846,0.74875,1.75,1.75
2016.06.08 15:16:01.212,0.7485,0.74876,1.37,3.00
2016.06.08 15:16:01.262,0.7485,0.74876,1.75,1.75
2016.06.08 15:16:01.515,0.74847,0.74875,2.92,1.75
2016.06.08 15:16:01.566,0.74845,0.74875,1.75,2.25
2016.06.08 15:16:02.925,0.74844,0.74873,3.52,1.75
2016.06.08 15:16:02.976,0.74842,0.74873,3.00,3.75
2016.06.08 15:16:03.222,0.74845,0.74872,1.37,3.00
2016.06.08 15:16:03.286,0.74845,0.74871,1.00,2.25
2016.06.08 15:16:03.897,0.74845,0.74872,1.50,1.75
2016.06.08 15:16:06.888,0.74841,0.74871,1.75,3.75
2016.06.08 15:16:07.443,0.74841,0.74871,1.75,3.00
2016.06.08 15:16:07.994,0.74842,0.7487,2.25,1.75
2016.06.08 15:16:08.044,0.74842,0.7487,2.25,1.50
2016.06.08 15:16:08.806,0.74845,0.74874,1.75,1.75
2016.06.08 15:16:09.312,0.74845,0.74873,2.25,1.75
2016.06.08 15:16:09.768,0.7485,0.74873,1.00,1.75
2016.06.08 15:16:09.869,0.74846,0.74874,1.50,2.25
2016.06.08 15:16:09.920,0.74846,0.74875,1.75,2.25
2016.06.08 15:16:10.449,0.7485,0.74875,1.00,1.75
2016.06.08 15:16:11.418,0.7485,0.74875,1.75,1.50
2016.06.08 15:16:12.111,0.7485,0.74878,1.75,1.75
2016.06.08 15:16:12.313,0.7485,0.74878,1.75,1.75
2016.06.08 15:16:12.811,0.7485,0.74878,2.25,1.75
2016.06.08 15:16:12.862,0.74854,0.74877,1.00,1.00
2016.06.08 15:16:14.010,0.7485,0.74878,2.25,2.25
2016.06.08 15:16:14.061,0.7485,0.74878,2.25,2.25
2016.06.08 15:16:15.261,0.74855,0.74878,1.00,2.25
2016.06.08 15:16:15.362,0.74855,0.74881,1.00,2.25
2016.06.08 15:16:15.865,0.74852,0.74881,1.75,2.25
2016.06.08 15:16:18.039,0.7485,0.74878,1.50,3.00
2016.06.08 15:16:28.671,0.74845,0.74873,1.75,1.75
2016.06.08 15:16:28.873,0.74845,0.74871,1.00,3.00
2016.06.08 15:16:29.075,0.74835,0.74858,1.27,1.00
2016.06.08 15:16:29.784,0.74834,0.74858,1.00,1.00
2016.06.08 15:16:30.558,0.7483,0.74857,1.75,1.75
2016.06.08 15:16:31.253,0.74835,0.74857,1.00,2.25
2016.06.08 15:16:31.405,0.74835,0.74861,1.00,3.00
2016.06.08 15:16:31.913,0.7483,0.74859,2.25,1.75
2016.06.08 15:16:31.964,0.7483,0.74859,1.50,3.75
2016.06.08 15:16:32.221,0.7483,0.7486,1.75,1.87
2016.06.08 15:16:32.675,0.74835,0.74863,1.50,1.75
2016.06.08 15:16:32.777,0.74835,0.74863,1.12,3.75
2016.06.08 15:16:33.394,0.74835,0.74859,1.00,2.25
2016.06.08 15:16:33.727,0.7483,0.74859,3.00,2.25
2016.06.08 15:16:33.828,0.74835,0.74859,1.00,2.25
2016.06.08 15:16:35.075,0.7483,0.74859,1.50,4.50
2016.06.08 15:16:40.399,0.7483,0.7486,3.00,2.25
2016.06.08 15:16:41.359,0.7483,0.74855,2.25,1.00
2016.06.08 15:16:41.410,0.74825,0.74855,3.00,2.25
2016.06.08 15:16:41.677,0.74825,0.74853,2.62,3.00
2016.06.08 15:16:41.731,0.74825,0.74852,1.12,2.25
2016.06.08 15:16:43.205,0.74825,0.74853,3.00,1.37
2016.06.08 15:16:46.720,0.74825,0.74853,1.75,1.75
2016.06.08 15:16:47.622,0.74821,0.7485,1.75,1.75
2016.06.08 15:16:48.616,0.7482,0.74842,1.00,1.00
2016.06.08 15:16:51.089,0.7482,0.74848,1.75,2.25
2016.06.08 15:16:52.613,0.74817,0.74845,3.00,1.75
2016.06.08 15:16:52.664,0.74817,0.74845,1.75,1.75
2016.06.08 15:16:53.693,0.7482,0.74845,1.00,1.75
2016.06.08 15:16:54.589,0.74815,0.74846,3.00,4.87
2016.06.08 15:16:55.644,0.7482,0.74846,1.00,4.12
2016.06.08 15:16:56.295,0.74819,0.74846,1.87,2.25
2016.06.08 15:16:56.346,0.7482,0.74849,1.75,1.75
2016.06.08 15:16:57.637,0.7482,0.74848,1.75,2.25
2016.06.08 15:16:58.535,0.7482,0.74848,2.25,1.87
2016.06.08 15:16:58.586,0.7482,0.7485,4.50,1.35
2016.06.08 15:16:59.121,0.74825,0.74851,3.00,1.00
2016.06.08 15:16:59.451,0.74825,0.74854,2.25,2.25
2016.06.08 15:17:00.655,0.74825,0.74855,3.00,3.00
2016.06.08 15:17:01.753,0.7483,0.74857,1.50,3.00
2016.06.08 15:17:01.804,0.7483,0.74857,2.25,1.75
2016.06.08 15:17:02.236,0.74832,0.7486,1.75,1.75
2016.06.08 15:17:04.563,0.7484,0.74863,1.00,3.00
2016.06.08 15:17:04.664,0.7484,0.74867,1.12,1.75
2016.06.08 15:17:04.765,0.7484,0.74869,1.75,3.00
2016.06.08 15:17:07.271,0.7484,0.74868,1.12,2.25
2016.06.08 15:17:10.481,0.7484,0.74869,1.75,3.52
2016.06.08 15:17:10.783,0.74843,0.74872,1.75,1.75
2016.06.08 15:17:11.085,0.74845,0.74875,1.75,1.75
2016.06.08 15:17:11.492,0.7485,0.74877,1.75,1.50
2016.06.08 15:17:13.440,0.74855,0.7488,1.00,1.75
2016.06.08 15:17:17.346,0.74851,0.7488,1.75,2.25
2016.06.08 15:17:18.600,0.7485,0.7488,4.50,2.25
2016.06.08 15:17:18.883,0.7485,0.7488,4.50,3.00
2016.06.08 15:17:18.934,0.7485,0.7488,3.00,2.25
2016.06.08 15:17:19.754,0.7485,0.74875,2.25,1.00
2016.06.08 15:17:20.205,0.7485,0.74877,1.50,1.75
2016.06.08 15:17:20.406,0.7485,0.74877,1.75,2.25
2016.06.08 15:17:21.492,0.7485,0.7488,3.00,4.50
2016.06.08 15:17:21.543,0.74855,0.74879,1.00,1.00
2016.06.08 15:17:21.796,0.74855,0.74883,1.50,3.00
2016.06.08 15:17:21.846,0.74855,0.74883,1.75,3.75
2016.06.08 15:17:21.998,0.74856,0.74883,1.37,4.50
2016.06.08 15:17:22.048,0.74856,0.74883,1.12,6.00
2016.06.08 15:17:23.314,0.74855,0.74886,3.60,3.00
2016.06.08 15:17:23.814,0.74855,0.74884,2.25,3.00
2016.06.08 15:17:25.128,0.74851,0.7488,1.75,5.10
2016.06.08 15:17:26.486,0.74854,0.7488,1.00,3.60
2016.06.08 15:17:26.637,0.74854,0.74883,1.75,1.75
2016.06.08 15:17:28.029,0.7485,0.7488,1.75,4.50
2016.06.08 15:17:28.625,0.7485,0.7488,3.00,2.25
2016.06.08 15:17:31.137,0.7485,0.74879,1.75,1.75
2016.06.08 15:17:31.440,0.74855,0.7488,1.00,3.60
2016.06.08 15:17:32.493,0.74852,0.7488,1.50,3.00
2016.06.08 15:17:38.216,0.74848,0.74875,3.75,1.75
2016.06.08 15:17:38.267,0.74848,0.74875,1.50,1.75
2016.06.08 15:17:38.695,0.74849,0.74878,2.62,3.00
2016.06.08 15:17:38.745,0.74849,0.74878,3.52,1.75
2016.06.08 15:17:39.521,0.74855,0.74881,1.00,4.50
2016.06.08 15:17:42.776,0.74852,0.7488,1.75,1.75
2016.06.08 15:17:43.299,0.74855,0.74881,1.00,4.50
2016.06.08 15:17:44.089,0.7485,0.7488,1.75,3.00
2016.06.08 15:17:44.240,0.7485,0.74877,1.75,1.75
2016.06.08 15:17:44.296,0.7485,0.74876,1.75,1.75
2016.06.08 15:17:44.857,0.7485,0.74879,1.75,2.25
2016.06.08 15:17:44.908,0.74855,0.7488,1.12,2.25
2016.06.08 15:17:45.442,0.74849,0.7488,3.75,2.25
2016.06.08 15:17:45.493,0.74849,0.7488,1.75,3.75
2016.06.08 15:17:46.984,0.7485,0.7488,2.25,2.25
2016.06.08 15:17:53.069,0.7485,0.74878,2.55,1.75
2016.06.08 15:17:53.119,0.7485,0.74878,1.87,2.25
2016.06.08 15:17:59.758,0.74855,0.74879,1.00,1.75
2016.06.08 15:18:00.615,0.74851,0.7488,2.25,1.75
2016.06.08 15:18:02.542,0.7485,0.74879,1.75,2.25
2016.06.08 15:18:03.081,0.7485,0.74879,1.50,3.45
2016.06.08 15:18:05.062,0.7485,0.7488,1.50,5.25
2016.06.08 15:18:05.113,0.7485,0.74879,1.75,1.75
2016.06.08 15:18:05.264,0.7485,0.74877,1.75,1.50
2016.06.08 15:18:05.315,0.7485,0.74877,1.50,2.25
2016.06.08 15:18:08.276,0.7485,0.74878,3.00,2.25
2016.06.08 15:18:08.720,0.7485,0.7488,3.00,3.45
2016.06.08 15:18:10.570,0.74854,0.7488,1.12,3.00
2016.06.08 15:18:12.645,0.7485,0.7488,1.75,4.50
2016.06.08 15:18:19.215,0.74854,0.74878,1.00,1.00
2016.06.08 15:18:23.610,0.74852,0.74875,1.00,1.00
2016.06.08 15:18:24.663,0.74855,0.74875,1.00,1.00
2016.06.08 15:18:24.713,0.74855,0.7488,1.50,1.75
2016.06.08 15:18:25.747,0.74851,0.7488,3.00,1.75
2016.06.08 15:18:25.949,0.74853,0.74883,2.25,3.00
2016.06.08 15:18:26.352,0.74855,0.74886,4.50,3.45
2016.06.08 15:18:32.938,0.74855,0.74881,3.00,1.00
2016.06.08 15:18:33.190,0.74855,0.74881,1.75,1.50
2016.06.08 15:18:34.243,0.74851,0.74881,3.00,2.25
2016.06.08 15:18:38.568,0.74857,0.74881,1.00,1.00
2016.06.08 15:18:39.180,0.74855,0.74882,1.50,1.75
2016.06.08 15:18:41.203,0.74855,0.74883,1.75,3.00
2016.06.08 15:18:41.304,0.74855,0.74882,1.50,1.75
2016.06.08 15:18:41.656,0.74854,0.74883,3.75,1.75
2016.06.08 15:18:41.707,0.74854,0.74883,3.75,1.37
2016.06.08 15:18:42.392,0.74855,0.74884,2.25,3.00
2016.06.08 15:18:42.696,0.7486,0.74884,1.00,3.00
2016.06.08 15:18:43.077,0.7486,0.74885,1.12,1.75
2016.06.08 15:18:43.498,0.7486,0.74886,1.75,1.50
2016.06.08 15:18:44.580,0.74861,0.7489,2.25,2.77
2016.06.08 15:18:45.590,0.74869,0.74891,1.00,1.00
2016.06.08 15:18:46.103,0.74869,0.74892,1.00,1.00
2016.06.08 15:18:47.094,0.74865,0.74892,1.75,1.75
2016.06.08 15:18:48.813,0.74865,0.74892,1.75,2.25
2016.06.08 15:18:50.107,0.74865,0.74892,1.50,2.25
2016.06.08 15:18:52.623,0.74861,0.74888,1.75,2.25
2016.06.08 15:18:54.432,0.74865,0.7489,1.00,3.45
2016.06.08 15:18:55.136,0.7486,0.7489,2.25,2.70
2016.06.08 15:18:55.732,0.74865,0.74889,1.00,1.75
2016.06.08 15:18:56.336,0.7486,0.7489,3.00,3.00
2016.06.08 15:19:01.024,0.74864,0.74891,1.75,1.75
2016.06.08 15:19:05.963,0.7487,0.74894,1.37,1.37
2016.06.08 15:19:08.288,0.74866,0.74892,2.25,1.00
2016.06.08 15:19:08.620,0.74865,0.74892,1.75,2.25
2016.06.08 15:19:18.464,0.74865,0.74893,3.00,2.62
2016.06.08 15:19:19.086,0.74869,0.74895,2.25,1.50
2016.06.08 15:19:19.589,0.7487,0.74896,1.75,1.12
2016.06.08 15:19:19.954,0.7487,0.74896,1.75,1.37
2016.06.08 15:19:20.055,0.74871,0.74894,1.00,1.00
2016.06.08 15:19:20.156,0.74871,0.74898,2.25,1.50
2016.06.08 15:19:20.257,0.74871,0.749,3.00,2.25
2016.06.08 15:19:20.872,0.74875,0.749,1.37,1.75
2016.06.08 15:19:21.408,0.74875,0.74899,1.00,2.25
2016.06.08 15:19:21.560,0.7487,0.74899,1.75,2.25
2016.06.08 15:19:22.364,0.74869,0.74893,1.00,1.00
2016.06.08 15:19:23.081,0.7487,0.7489,1.00,1.00
2016.06.08 15:19:23.264,0.74867,0.7489,1.00,1.00
2016.06.08 15:19:23.465,0.74866,0.74895,2.25,1.75
2016.06.08 15:19:23.777,0.7487,0.74898,1.75,2.25
2016.06.08 15:19:24.116,0.74868,0.74895,1.75,1.75
2016.06.08 15:19:24.420,0.74868,0.74895,2.25,1.12
2016.06.08 15:19:25.476,0.74868,0.74895,2.25,1.50
2016.06.08 15:19:25.527,0.74866,0.74895,2.25,1.75
2016.06.08 15:19:25.972,0.7487,0.74895,2.25,1.00
2016.06.08 15:19:26.538,0.7487,0.749,3.00,1.75
2016.06.08 15:19:29.305,0.74875,0.74905,2.25,2.25
2016.06.08 15:19:29.507,0.74878,0.74905,2.25,1.12
2016.06.08 15:19:29.810,0.74875,0.74904,1.75,1.75
2016.06.08 15:19:31.478,0.74877,0.74904,1.37,2.25
2016.06.08 15:19:31.529,0.74876,0.74902,1.50,1.75
2016.06.08 15:19:32.284,0.74874,0.74902,1.75,1.50
2016.06.08 15:19:32.335,0.74874,0.74902,3.00,1.50
2016.06.08 15:19:33.987,0.74874,0.74901,2.25,2.25
2016.06.08 15:19:34.038,0.74872,0.74901,1.95,3.00
2016.06.08 15:19:34.189,0.74872,0.74901,1.47,5.25
2016.06.08 15:19:34.240,0.7487,0.749,1.75,3.75
2016.06.08 15:19:34.993,0.7487,0.749,3.75,3.00
2016.06.08 15:19:35.044,0.74875,0.74899,1.00,1.00
2016.06.08 15:19:35.296,0.7487,0.74899,3.00,3.00
2016.06.08 15:19:35.347,0.7487,0.74898,1.50,2.25
2016.06.08 15:19:36.101,0.74869,0.74895,1.37,1.75
2016.06.08 15:19:36.202,0.74868,0.74895,1.12,3.75
2016.06.08 15:19:37.105,0.74868,0.74895,1.75,2.25
2016.06.08 15:19:37.913,0.7487,0.74894,1.00,2.25
2016.06.08 15:19:37.964,0.74865,0.74894,2.25,2.25
2016.06.08 15:19:38.630,0.74861,0.74891,3.75,3.00
2016.06.08 15:19:39.278,0.74861,0.74891,2.25,2.25
2016.06.08 15:19:39.333,0.74866,0.74889,1.00,1.00
2016.06.08 15:19:39.907,0.7486,0.7489,4.87,2.25
2016.06.08 15:19:39.958,0.74862,0.74886,1.00,1.00
2016.06.08 15:19:41.213,0.74862,0.74885,1.00,1.00
2016.06.08 15:19:41.616,0.74857,0.74885,3.00,1.37
2016.06.08 15:19:41.666,0.74856,0.74885,1.75,2.25
2016.06.08 15:19:41.920,0.74855,0.74883,1.50,2.25
2016.06.08 15:19:43.158,0.7485,0.74877,1.12,2.25
2016.06.08 15:19:43.931,0.74855,0.74877,1.00,2.25
2016.06.08 15:19:44.247,0.74855,0.7488,1.00,3.00
2016.06.08 15:19:44.551,0.74851,0.7488,1.75,3.75
2016.06.08 15:19:45.217,0.74849,0.74876,1.37,2.25
2016.06.08 15:19:45.268,0.74849,0.74875,1.00,2.25
2016.06.08 15:19:45.772,0.74845,0.74872,1.75,1.75
2016.06.08 15:19:46.441,0.7484,0.7487,3.00,2.25
2016.06.08 15:19:47.067,0.74842,0.7487,2.25,1.87
2016.06.08 15:19:47.560,0.74845,0.74874,3.00,2.25
2016.06.08 15:19:48.063,0.7485,0.74878,1.75,1.87
2016.06.08 15:19:48.424,0.7485,0.74877,1.50,1.75
2016.06.08 15:19:49.803,0.7485,0.74879,1.75,2.25
2016.06.08 15:19:49.955,0.7485,0.74879,3.00,1.50
2016.06.08 15:19:50.056,0.7485,0.74879,1.75,1.75
2016.06.08 15:19:50.846,0.74855,0.74881,1.00,3.75
2016.06.08 15:19:50.897,0.74855,0.74882,1.37,1.75
2016.06.08 15:19:53.543,0.74855,0.74882,1.75,1.37
2016.06.08 15:19:53.594,0.74855,0.74885,3.00,3.00
2016.06.08 15:19:54.249,0.74855,0.74882,2.62,1.50
2016.06.08 15:19:54.299,0.74855,0.74882,1.00,3.75
2016.06.08 15:19:54.845,0.74855,0.74881,1.37,1.75
2016.06.08 15:19:54.897,0.74855,0.74881,1.75,1.75
2016.06.08 15:19:54.948,0.74855,0.74881,1.75,1.37
2016.06.08 15:19:54.999,0.74855,0.74881,3.00,1.12
2016.06.08 15:19:55.100,0.74857,0.74885,2.25,2.25
2016.06.08 15:19:55.652,0.74858,0.74885,2.25,1.37
2016.06.08 15:19:55.966,0.7486,0.74888,1.75,2.25
2016.06.08 15:19:56.873,0.74863,0.74891,2.25,1.50
2016.06.08 15:19:58.182,0.74865,0.74891,1.75,1.50
2016.06.08 15:19:58.585,0.74865,0.74893,1.37,2.25
2016.06.08 15:19:59.124,0.74865,0.74894,1.75,1.75
2016.06.08 15:20:02.382,0.74866,0.74894,2.25,1.87
2016.06.08 15:20:02.483,0.74866,0.74894,2.25,1.00
2016.06.08 15:20:02.985,0.74866,0.74895,2.25,1.12
2016.06.08 15:20:03.188,0.74865,0.74894,3.00,2.62
2016.06.08 15:20:03.251,0.74865,0.74894,1.75,3.00
2016.06.08 15:20:04.473,0.74865,0.74891,1.50,2.25
2016.06.08 15:20:04.976,0.74865,0.74891,1.12,2.25
2016.06.08 15:20:06.094,0.74865,0.74891,1.37,3.00
2016.06.08 15:20:06.202,0.74865,0.74891,1.75,3.00
2016.06.08 15:20:06.749,0.7487,0.74891,1.37,1.87
2016.06.08 15:20:06.807,0.7487,0.74896,1.75,1.75
2016.06.08 15:20:07.217,0.7487,0.74895,1.50,1.50
2016.06.08 15:20:07.469,0.7487,0.74895,1.75,1.50
2016.06.08 15:20:08.299,0.74866,0.74894,2.77,1.37
2016.06.08 15:20:08.400,0.74865,0.74894,2.25,1.75
2016.06.08 15:20:08.776,0.74865,0.74894,1.50,3.00
2016.06.08 15:20:08.827,0.74865,0.74893,1.50,2.25
2016.06.08 15:20:12.707,0.74865,0.74892,1.50,3.00
2016.06.08 15:20:12.909,0.74866,0.74894,2.25,1.75
2016.06.08 15:20:13.557,0.7487,0.74895,1.50,1.37
2016.06.08 15:20:13.628,0.7487,0.74898,1.75,2.25
2016.06.08 15:20:15.036,0.74873,0.74898,2.25,1.87
2016.06.08 15:20:15.137,0.74875,0.74899,1.75,1.00
2016.06.08 15:20:15.706,0.74875,0.74901,1.75,1.50
2016.06.08 15:20:16.160,0.7488,0.74903,1.00,2.25
2016.06.08 15:20:16.311,0.7488,0.74904,1.50,1.75
2016.06.08 15:20:17.638,0.74875,0.749,2.25,1.00
2016.06.08 15:20:17.971,0.74869,0.74895,2.25,1.00
2016.06.08 15:20:18.487,0.7487,0.74899,2.02,1.75
2016.06.08 15:20:19.053,0.74875,0.74901,1.37,2.25
2016.06.08 15:20:19.255,0.74875,0.74905,1.75,3.00
2016.06.08 15:20:23.640,0.74874,0.749,2.25,1.00
2016.06.08 15:20:23.741,0.74872,0.749,2.25,1.75
2016.06.08 15:20:24.352,0.74872,0.74895,2.25,1.00
2016.06.08 15:20:24.453,0.74867,0.74895,2.77,1.75
2016.06.08 15:20:25.619,0.74866,0.74893,2.25,1.50
2016.06.08 15:20:25.669,0.74864,0.74893,2.92,2.25
2016.06.08 15:20:26.344,0.74866,0.74895,2.25,1.75
2016.06.08 15:20:30.634,0.74866,0.74895,2.25,3.00
2016.06.08 15:20:30.685,0.74864,0.74895,3.00,4.50
2016.06.08 15:20:33.626,0.74865,0.74894,2.25,3.00
2016.06.08 15:20:33.677,0.74866,0.74894,2.25,3.00
2016.06.08 15:20:42.176,0.74868,0.74896,2.25,1.87
2016.06.08 15:20:42.227,0.74873,0.74896,1.00,1.50
2016.06.08 15:20:42.751,0.74873,0.74897,1.00,2.25
2016.06.08 15:20:43.358,0.74869,0.74897,2.10,3.00
2016.06.08 15:20:50.878,0.74867,0.74897,4.35,3.00
2016.06.08 15:20:50.928,0.7487,0.74897,1.75,1.75
2016.06.08 15:20:53.335,0.7487,0.74895,1.50,1.37
2016.06.08 15:20:53.386,0.74865,0.74895,2.25,2.25
2016.06.08 15:20:53.740,0.74865,0.74891,1.75,1.37
2016.06.08 15:20:54.588,0.74865,0.74891,1.75,1.75
2016.06.08 15:20:55.705,0.74865,0.74893,1.75,1.75
2016.06.08 15:20:55.807,0.74865,0.74894,1.75,3.37
2016.06.08 15:20:56.023,0.74865,0.74894,1.75,3.75
2016.06.08 15:20:56.338,0.74865,0.74892,1.75,2.02
2016.06.08 15:20:56.490,0.74865,0.74891,1.12,2.02
2016.06.08 15:20:58.053,0.74861,0.74888,1.50,3.00
2016.06.08 15:20:58.104,0.7486,0.74888,1.50,3.00
2016.06.08 15:20:59.610,0.74855,0.74884,3.75,2.25
2016.06.08 15:20:59.711,0.74855,0.74884,2.25,2.25
2016.06.08 15:21:00.957,0.7486,0.74884,1.00,2.25
2016.06.08 15:21:01.381,0.7486,0.74887,1.12,4.20
2016.06.08 15:21:06.136,0.74855,0.74884,1.75,3.75
2016.06.08 15:21:06.186,0.74855,0.74884,1.75,3.75
2016.06.08 15:21:06.922,0.7486,0.74884,1.00,3.75
2016.06.08 15:21:07.429,0.74859,0.74884,1.50,1.75
2016.06.08 15:21:18.277,0.74865,0.74885,1.00,1.00
2016.06.08 15:21:18.799,0.74864,0.74891,1.50,1.75
2016.06.08 15:21:19.450,0.7487,0.74891,1.00,1.75
2016.06.08 15:21:19.691,0.74865,0.74891,1.12,1.75
2016.06.08 15:21:20.444,0.74869,0.74892,1.00,2.25
2016.06.08 15:21:21.349,0.7487,0.74897,1.50,1.87
2016.06.08 15:21:21.399,0.7487,0.74899,3.00,2.25
2016.06.08 15:21:21.803,0.7487,0.74899,1.75,1.75
2016.06.08 15:21:22.648,0.74875,0.749,1.12,1.75
2016.06.08 15:21:22.699,0.74875,0.74901,1.50,1.75
2016.06.08 15:21:23.921,0.74875,0.74902,1.75,2.25
2016.06.08 15:21:24.022,0.74875,0.74904,1.75,3.00
2016.06.08 15:21:24.895,0.74879,0.74904,1.00,1.75
2016.06.08 15:21:25.096,0.74876,0.74905,2.25,2.25
2016.06.08 15:21:25.197,0.74875,0.74905,1.75,4.50
2016.06.08 15:21:26.159,0.74873,0.74901,2.25,1.75
2016.06.08 15:21:26.210,0.74872,0.74901,1.75,1.75
2016.06.08 15:21:27.732,0.74872,0.74901,2.25,1.50
2016.06.08 15:21:27.783,0.74873,0.74901,2.25,1.50
2016.06.08 15:21:29.258,0.74875,0.74904,3.00,1.50
2016.06.08 15:21:29.309,0.74876,0.74904,2.25,1.50
2016.06.08 15:21:36.237,0.74878,0.74901,1.00,1.00
2016.06.08 15:21:38.309,0.74872,0.74902,3.00,1.75
2016.06.08 15:21:38.359,0.74872,0.74902,1.75,1.75
2016.06.08 15:21:40.465,0.74872,0.74903,1.75,3.00
2016.06.08 15:21:40.520,0.74877,0.74901,1.00,1.00
2016.06.08 15:21:41.477,0.74877,0.749,1.00,1.00
2016.06.08 15:21:41.987,0.74877,0.74901,1.00,1.00
2016.06.08 15:21:42.523,0.74877,0.749,1.00,1.00
2016.06.08 15:21:43.679,0.74877,0.74901,1.00,1.00
2016.06.08 15:21:44.919,0.74875,0.74904,2.25,1.50
2016.06.08 15:21:44.970,0.7488,0.74904,1.00,1.00
2016.06.08 15:21:46.287,0.74877,0.74906,3.00,1.50
2016.06.08 15:21:46.791,0.74878,0.74906,2.25,1.50
2016.06.08 15:21:51.058,0.74881,0.7491,2.25,2.25
2016.06.08 15:21:51.108,0.74881,0.7491,2.25,2.25
2016.06.08 15:21:51.159,0.7488,0.7491,1.75,2.25
2016.06.08 15:21:52.335,0.7488,0.74908,1.50,3.00
2016.06.08 15:21:55.047,0.74877,0.74905,1.75,1.75
2016.06.08 15:21:55.099,0.74877,0.74905,1.50,1.75
2016.06.08 15:21:55.200,0.74877,0.74906,1.75,2.25
2016.06.08 15:21:55.251,0.74877,0.74907,1.75,1.75
2016.06.08 15:21:56.332,0.74877,0.74905,2.25,1.75
2016.06.08 15:21:56.388,0.74878,0.74902,1.00,1.00
2016.06.08 15:21:56.692,0.74878,0.74905,1.50,1.50
2016.06.08 15:21:56.743,0.74878,0.74905,1.75,1.50
2016.06.08 15:21:59.611,0.74877,0.74905,2.25,1.75
2016.06.08 15:21:59.662,0.74875,0.74905,2.25,2.25
2016.06.08 15:21:59.863,0.74876,0.74905,3.00,2.25
2016.06.08 15:22:00.128,0.74876,0.74905,1.75,3.75
2016.06.08 15:22:00.537,0.74874,0.749,1.12,1.75
2016.06.08 15:22:00.739,0.74868,0.74895,3.75,1.75
2016.06.08 15:22:03.924,0.7487,0.74897,1.75,1.37
2016.06.08 15:22:03.976,0.7487,0.749,3.75,2.25
2016.06.08 15:22:04.651,0.7487,0.74895,2.25,1.00
2016.06.08 15:22:07.661,0.7487,0.74893,1.00,1.00
2016.06.08 15:22:07.910,0.74867,0.7489,1.27,1.00
2016.06.08 15:22:07.961,0.74867,0.7489,1.50,1.12
2016.06.08 15:22:09.849,0.74863,0.7489,2.25,1.50
2016.06.08 15:22:09.899,0.74862,0.7489,1.75,1.75
2016.06.08 15:22:14.361,0.74862,0.7489,1.50,1.75
2016.06.08 15:22:14.555,0.74862,0.7489,1.50,3.00
2016.06.08 15:22:33.510,0.7486,0.7489,5.25,1.75
2016.06.08 15:22:34.510,0.74859,0.74885,2.77,1.50
2016.06.08 15:22:36.647,0.74857,0.7488,2.25,1.00
2016.06.08 15:22:36.749,0.74857,0.74885,2.25,1.50
2016.06.08 15:22:39.828,0.74859,0.74882,1.00,1.00
2016.06.08 15:22:40.029,0.74859,0.7488,1.00,1.00
2016.06.08 15:22:40.857,0.74859,0.74882,1.00,1.00
2016.06.08 15:22:42.219,0.74856,0.74884,1.50,2.25
2016.06.08 15:22:43.716,0.74854,0.7488,3.00,1.37
2016.06.08 15:22:43.766,0.74855,0.74885,3.00,1.75
2016.06.08 15:22:45.128,0.74855,0.7488,3.00,1.00
2016.06.08 15:22:45.632,0.74855,0.7488,2.25,1.75
2016.06.08 15:22:49.654,0.74855,0.7488,3.00,1.00
2016.06.08 15:22:51.849,0.74858,0.74885,3.00,1.00
2016.06.08 15:22:53.165,0.74857,0.74885,3.75,1.75
2016.06.08 15:22:59.359,0.74857,0.7488,2.25,1.00
2016.06.08 15:22:59.561,0.74857,0.7488,1.75,1.00
2016.06.08 15:22:59.858,0.74852,0.74875,2.62,1.00
2016.06.08 15:23:01.442,0.7485,0.74875,2.25,1.12
2016.06.08 15:23:01.795,0.74851,0.7488,2.25,2.25
2016.06.08 15:23:02.241,0.74851,0.74875,2.25,1.00
2016.06.08 15:23:02.496,0.74851,0.7488,3.00,2.25
2016.06.08 15:23:03.284,0.74851,0.74875,2.25,1.00
2016.06.08 15:23:04.768,0.74851,0.7488,2.25,2.25
2016.06.08 15:23:05.681,0.74851,0.74876,2.25,1.00
2016.06.08 15:23:06.187,0.74851,0.74875,2.25,1.00
2016.06.08 15:23:07.095,0.74848,0.74875,2.70,1.50
2016.06.08 15:23:09.395,0.7485,0.74875,3.00,1.00
2016.06.08 15:23:09.996,0.74851,0.7488,1.75,2.25
2016.06.08 15:23:12.305,0.74853,0.7488,2.25,1.12
2016.06.08 15:23:13.303,0.74856,0.7488,2.25,1.00
2016.06.08 15:23:13.505,0.74855,0.7488,1.75,1.12
2016.06.08 15:23:14.802,0.74854,0.7488,1.75,1.75
2016.06.08 15:23:15.104,0.74852,0.74875,2.25,1.00
2016.06.08 15:23:20.044,0.74851,0.74876,3.00,1.00
2016.06.08 15:23:20.247,0.74854,0.7488,2.25,1.00
2016.06.08 15:23:20.650,0.74854,0.7488,2.25,1.75
2016.06.08 15:23:20.801,0.74858,0.7488,1.00,1.00
2016.06.08 15:23:27.466,0.74853,0.7488,1.20,1.50
2016.06.08 15:23:27.770,0.74851,0.74875,1.75,1.12
2016.06.08 15:23:28.219,0.74848,0.7487,3.75,1.00
2016.06.08 15:23:28.320,0.74847,0.7487,1.75,1.00
2016.06.08 15:23:28.522,0.74846,0.74875,1.75,1.75
2016.06.08 15:23:28.623,0.74848,0.74875,2.25,1.12
2016.06.08 15:23:29.550,0.74851,0.74879,3.00,1.50
2016.06.08 15:23:32.733,0.74851,0.74875,2.25,1.00
2016.06.08 15:23:34.738,0.74849,0.7487,2.25,1.00
2016.06.08 15:23:34.839,0.74848,0.7487,1.00,1.37
2016.06.08 15:23:35.661,0.74842,0.7487,4.50,1.37
2016.06.08 15:23:35.824,0.74843,0.7487,3.00,1.37
2016.06.08 15:23:35.875,0.74845,0.74873,1.75,1.75
2016.06.08 15:23:36.134,0.74847,0.74874,2.25,1.37
2016.06.08 15:23:36.185,0.74848,0.74874,2.25,1.12
2016.06.08 15:23:36.438,0.74848,0.74871,2.25,1.00
2016.06.08 15:23:36.839,0.74848,0.7487,1.87,1.37
2016.06.08 15:23:36.890,0.74841,0.7487,3.00,1.75
2016.06.08 15:23:36.940,0.74843,0.7487,2.25,1.37
2016.06.08 15:23:36.991,0.74844,0.7487,2.25,1.00
2016.06.08 15:23:38.828,0.74845,0.74875,1.75,2.25
2016.06.08 15:23:38.929,0.74846,0.74865,1.75,1.00
2016.06.08 15:23:39.030,0.74849,0.7487,2.25,1.00
2016.06.08 15:23:39.081,0.74845,0.7487,1.20,1.75
2016.06.08 15:23:39.613,0.74842,0.7487,1.75,1.75
2016.06.08 15:23:40.683,0.74845,0.74875,1.75,1.75
2016.06.08 15:23:42.064,0.74844,0.7487,3.75,1.00
2016.06.08 15:23:43.494,0.74843,0.7487,2.25,1.75
2016.06.08 15:23:44.236,0.74839,0.74865,3.00,1.00
2016.06.08 15:23:46.383,0.7484,0.74869,1.75,1.75
2016.06.08 15:23:46.876,0.74838,0.74865,1.75,1.75
2016.06.08 15:23:49.696,0.74839,0.74868,3.75,1.75
2016.06.08 15:23:50.798,0.74842,0.7487,3.00,1.50
2016.06.08 15:23:53.403,0.7484,0.74865,1.75,1.00
2016.06.08 15:23:55.410,0.7484,0.74865,1.75,1.75
2016.06.08 15:23:56.503,0.74836,0.74865,2.25,3.00
2016.06.08 15:23:57.642,0.74837,0.74865,1.75,1.75
2016.06.08 15:23:59.325,0.74837,0.7486,1.50,1.12
2016.06.08 15:24:01.795,0.74837,0.7486,1.75,1.12
2016.06.08 15:24:01.846,0.74837,0.74865,1.75,2.25
2016.06.08 15:24:03.923,0.74838,0.74865,2.25,1.50
2016.06.08 15:24:04.430,0.74839,0.74865,4.50,1.12
2016.06.08 15:24:06.037,0.74839,0.74865,2.25,1.37
2016.06.08 15:24:06.138,0.74839,0.74865,2.25,1.75
2016.06.08 15:24:07.195,0.74839,0.74865,2.25,1.37
2016.06.08 15:24:07.246,0.74839,0.74865,3.00,1.00
2016.06.08 15:24:10.348,0.74839,0.74865,2.17,1.37
2016.06.08 15:24:10.550,0.74838,0.74865,2.25,1.12
2016.06.08 15:24:16.672,0.7484,0.74868,1.75,2.25
2016.06.08 15:24:16.723,0.7484,0.74868,1.50,2.25
2016.06.08 15:24:23.026,0.7484,0.74869,3.00,2.25
2016.06.08 15:24:23.076,0.7484,0.7487,3.00,1.75
2016.06.08 15:24:25.556,0.74839,0.74865,6.00,1.00
2016.06.08 15:24:25.606,0.74839,0.74865,3.00,1.37
2016.06.08 15:24:25.657,0.7484,0.74868,1.50,3.00
2016.06.08 15:24:26.212,0.7484,0.74868,3.75,1.75
2016.06.08 15:24:26.262,0.7484,0.74868,3.75,1.75
2016.06.08 15:24:30.464,0.7484,0.74865,2.25,1.00
2016.06.08 15:24:31.487,0.74841,0.74868,1.75,1.75
2016.06.08 15:24:36.281,0.7484,0.74865,2.25,1.00
2016.06.08 15:24:37.698,0.7484,0.74866,2.25,1.12
2016.06.08 15:24:37.850,0.74839,0.74865,2.25,1.37
2016.06.08 15:24:37.901,0.74836,0.74865,1.75,2.25
2016.06.08 15:24:38.102,0.74835,0.7486,2.25,1.00
2016.06.08 15:24:38.204,0.74833,0.7486,3.00,1.50
2016.06.08 15:24:39.536,0.74833,0.7486,1.75,1.50
2016.06.08 15:24:39.587,0.74834,0.7486,1.12,1.75
2016.06.08 15:24:39.638,0.74835,0.7486,1.87,1.37
2016.06.08 15:24:39.688,0.74835,0.7486,2.25,1.00
2016.06.08 15:24:39.890,0.74833,0.7486,3.00,1.50
2016.06.08 15:24:43.280,0.74836,0.74865,3.00,1.75
2016.06.08 15:24:45.050,0.74838,0.74865,3.75,1.50
2016.06.08 15:24:45.101,0.74839,0.74865,3.00,1.12
2016.06.08 15:24:45.454,0.74841,0.7487,2.25,2.25
2016.06.08 15:24:46.000,0.74841,0.7487,2.25,2.25
2016.06.08 15:24:49.143,0.7484,0.74869,3.00,3.00
2016.06.08 15:24:49.194,0.7484,0.74869,1.75,3.00
2016.06.08 15:24:52.434,0.74837,0.7486,3.75,1.00
2016.06.08 15:24:52.535,0.74836,0.7486,1.75,1.00
2016.06.08 15:24:54.072,0.7484,0.7486,1.87,1.00
2016.06.08 15:24:54.296,0.74837,0.7486,1.75,1.00
2016.06.08 15:24:54.350,0.74837,0.74865,1.75,1.75
2016.06.08 15:25:00.195,0.7484,0.74869,1.50,3.75
2016.06.08 15:25:00.246,0.74843,0.74866,1.00,1.00
2016.06.08 15:25:01.037,0.74843,0.74865,1.00,1.00
2016.06.08 15:25:02.441,0.74837,0.74865,2.25,1.37
2016.06.08 15:25:02.492,0.74835,0.74865,4.50,1.75
2016.06.08 15:25:15.183,0.7484,0.74867,1.50,2.25
2016.06.08 15:25:15.234,0.7484,0.74868,1.75,1.95
2016.06.08 15:25:16.911,0.74839,0.74863,1.00,1.00
2016.06.08 15:25:16.962,0.74839,0.7486,1.00,1.00
2016.06.08 15:25:18.719,0.74835,0.7486,2.25,1.50
2016.06.08 15:25:19.319,0.74837,0.74865,1.75,1.75
2016.06.08 15:25:20.722,0.74841,0.74865,1.00,1.50
2016.06.08 15:25:23.834,0.74839,0.74865,5.25,1.00
2016.06.08 15:25:26.847,0.7484,0.74869,3.00,1.75
2016.06.08 15:25:27.197,0.74842,0.74867,3.75,1.00
2016.06.08 15:25:27.399,0.74836,0.7486,2.25,1.00
2016.06.08 15:25:28.006,0.74836,0.74865,1.75,2.25
2016.06.08 15:25:29.557,0.74839,0.74865,1.37,1.75
2016.06.08 15:25:29.608,0.74839,0.74865,1.75,1.50
2016.06.08 15:25:32.515,0.74839,0.7486,1.75,1.00
2016.06.08 15:25:32.828,0.74835,0.7486,1.75,1.00
2016.06.08 15:25:33.332,0.74835,0.74861,1.75,1.12
2016.06.08 15:25:36.125,0.74834,0.7486,2.25,1.00
2016.06.08 15:25:37.543,0.74833,0.7486,1.75,1.75
2016.06.08 15:25:38.731,0.74834,0.74864,2.25,3.00
2016.06.08 15:25:38.782,0.74834,0.74864,3.75,1.75
2016.06.08 15:25:39.433,0.74842,0.74867,1.87,2.25
2016.06.08 15:25:39.484,0.74842,0.7487,2.25,3.75
2016.06.08 15:25:39.585,0.74842,0.7487,1.75,1.50
2016.06.08 15:25:45.463,0.74842,0.7487,1.75,3.00
2016.06.08 15:25:45.782,0.74842,0.74873,5.10,1.75
2016.06.08 15:25:48.088,0.74845,0.74875,2.25,2.25
2016.06.08 15:25:48.340,0.74847,0.7487,1.00,1.00
2016.06.08 15:25:58.721,0.7485,0.74877,1.12,3.00
2016.06.08 15:25:59.024,0.7485,0.74879,1.75,2.25
2016.06.08 15:25:59.720,0.74846,0.74875,1.75,1.75
2016.06.08 15:26:00.024,0.74845,0.74868,1.50,1.00
2016.06.08 15:26:00.176,0.74845,0.7487,1.50,1.37
2016.06.08 15:26:00.227,0.74845,0.7487,1.75,1.12
2016.06.08 15:26:02.827,0.74841,0.7487,3.75,1.75
2016.06.08 15:26:05.893,0.74842,0.7487,2.25,1.37
2016.06.08 15:26:05.944,0.74843,0.7487,2.25,1.12
2016.06.08 15:26:06.814,0.74841,0.7487,1.75,2.25
2016.06.08 15:26:07.144,0.74841,0.74865,1.75,1.00
2016.06.08 15:26:08.189,0.74841,0.7487,1.75,2.25
2016.06.08 15:26:09.852,0.7484,0.74869,1.75,2.25
2016.06.08 15:26:12.710,0.74837,0.74865,2.25,1.75
2016.06.08 15:26:12.761,0.74835,0.74865,2.25,1.75
2016.06.08 15:26:12.862,0.74837,0.74866,1.75,1.75
2016.06.08 15:26:16.548,0.74839,0.74865,1.75,1.12
2016.06.08 15:26:16.853,0.74842,0.7487,1.75,1.75
2016.06.08 15:26:19.174,0.74841,0.7487,1.75,3.00
2016.06.08 15:26:20.224,0.74839,0.74865,1.50,1.50
2016.06.08 15:26:20.447,0.74839,0.74865,1.50,1.75
2016.06.08 15:26:20.801,0.74835,0.7486,2.25,1.00
2016.06.08 15:26:20.902,0.74834,0.7486,3.00,1.50
2016.06.08 15:26:21.960,0.74834,0.74858,1.00,1.00
2016.06.08 15:26:22.503,0.74834,0.74855,1.00,1.00
2016.06.08 15:26:22.604,0.74834,0.74858,1.00,1.00
2016.06.08 15:26:22.705,0.74834,0.74855,1.00,1.00
2016.06.08 15:26:22.806,0.74834,0.74858,1.00,1.00
2016.06.08 15:26:23.042,0.74832,0.7486,3.75,1.50
2016.06.08 15:26:23.637,0.74833,0.7486,2.25,1.50
2016.06.08 15:26:25.401,0.74833,0.7486,1.50,2.25
2016.06.08 15:26:25.654,0.74829,0.74856,2.25,1.50
2016.06.08 15:26:25.705,0.74826,0.74856,4.50,2.25
2016.06.08 15:26:25.957,0.74827,0.74856,2.25,1.50
2016.06.08 15:26:26.008,0.74828,0.74856,3.00,1.50
2016.06.08 15:26:32.662,0.74828,0.74855,2.25,1.50
2016.06.08 15:26:32.763,0.74826,0.74855,3.75,1.75
2016.06.08 15:26:35.089,0.74829,0.74855,2.25,1.00
2016.06.08 15:26:35.593,0.74829,0.74856,2.25,1.12
2016.06.08 15:26:38.626,0.74829,0.74855,3.75,1.00
2016.06.08 15:26:38.828,0.74828,0.74855,2.17,1.50
2016.06.08 15:26:39.816,0.74826,0.74852,2.25,1.37
2016.06.08 15:26:39.867,0.74824,0.7485,1.75,1.12
2016.06.08 15:26:40.119,0.74822,0.7485,4.50,1.37
2016.06.08 15:26:40.631,0.74822,0.7485,2.25,1.75
2016.06.08 15:26:41.936,0.74821,0.74845,1.75,1.00
2016.06.08 15:26:42.087,0.74819,0.74845,4.50,1.50
2016.06.08 15:26:43.946,0.74821,0.7485,3.75,3.00
2016.06.08 15:26:43.997,0.74821,0.74847,3.00,1.00
2016.06.08 15:26:44.048,0.74821,0.74845,2.25,1.00
2016.06.08 15:26:44.200,0.74819,0.74845,2.25,1.50
2016.06.08 15:26:44.524,0.74821,0.7485,2.25,1.75
2016.06.08 15:26:46.959,0.7482,0.7485,3.75,6.00
2016.06.08 15:26:47.009,0.7482,0.7485,2.25,6.00
2016.06.08 15:26:48.153,0.7482,0.7485,3.00,2.25
2016.06.08 15:26:48.204,0.74824,0.74848,1.00,1.00
2016.06.08 15:26:49.565,0.74824,0.74845,1.00,1.00
2016.06.08 15:26:50.469,0.7482,0.74845,1.75,1.37
2016.06.08 15:26:50.982,0.74819,0.74845,1.75,1.50
2016.06.08 15:26:56.626,0.74822,0.7485,2.25,2.62
2016.06.08 15:26:56.676,0.74822,0.7485,3.75,1.12
2016.06.08 15:27:02.310,0.74829,0.74854,1.00,1.75
2016.06.08 15:27:02.412,0.74831,0.74855,1.00,3.75
2016.06.08 15:27:02.513,0.74835,0.7486,1.75,1.27
2016.06.08 15:27:02.565,0.74835,0.74862,1.75,1.37
2016.06.08 15:27:02.615,0.74836,0.74862,1.75,1.12
2016.06.08 15:27:02.767,0.74837,0.74865,2.25,1.37
2016.06.08 15:27:03.004,0.74839,0.74865,1.75,1.12
2016.06.08 15:27:03.688,0.74838,0.74866,2.25,1.75
2016.06.08 15:27:04.971,0.74841,0.74868,1.50,2.25
2016.06.08 15:27:05.022,0.74841,0.7487,1.75,3.45
2016.06.08 15:27:05.386,0.74845,0.74872,1.50,1.75
2016.06.08 15:27:06.525,0.74841,0.7487,1.75,1.75
2016.06.08 15:27:06.627,0.74842,0.7487,2.25,1.50
2016.06.08 15:27:09.577,0.74844,0.74874,2.25,3.00
2016.06.08 15:27:09.628,0.74844,0.74874,4.50,1.75
2016.06.08 15:27:11.136,0.7485,0.74877,1.75,1.75
2016.06.08 15:27:11.237,0.7485,0.74878,3.00,1.37
2016.06.08 15:27:11.490,0.7485,0.74875,2.92,1.00
2016.06.08 15:27:11.748,0.74848,0.74875,1.75,1.75
2016.06.08 15:27:15.945,0.74852,0.7488,2.25,2.25
2016.06.08 15:27:16.154,0.7485,0.7488,2.10,1.75
2016.06.08 15:27:16.613,0.74852,0.7488,2.25,3.00
2016.06.08 15:27:16.714,0.7485,0.7488,1.27,2.25
2016.06.08 15:27:19.686,0.74848,0.74875,2.25,1.00
2016.06.08 15:27:20.588,0.7485,0.74879,1.75,1.75
2016.06.08 15:27:21.910,0.74848,0.74875,2.25,1.00
2016.06.08 15:27:22.440,0.7485,0.74879,1.75,1.75
2016.06.08 15:27:22.743,0.74851,0.7488,3.00,2.25
2016.06.08 15:27:23.201,0.7485,0.74879,1.75,3.00
2016.06.08 15:27:28.853,0.74851,0.7488,2.25,3.00
2016.06.08 15:27:30.768,0.7485,0.74879,1.75,2.25
2016.06.08 15:27:35.317,0.74852,0.7488,1.37,3.00
2016.06.08 15:27:35.368,0.74852,0.7488,1.75,1.75
2016.06.08 15:27:35.772,0.74858,0.74882,1.00,2.25
2016.06.08 15:27:35.883,0.74858,0.74887,1.75,2.77
2016.06.08 15:27:35.984,0.74859,0.74885,1.75,1.50
2016.06.08 15:27:36.186,0.74859,0.74882,1.00,1.00
2016.06.08 15:27:36.393,0.74857,0.74888,3.00,2.25
2016.06.08 15:27:38.176,0.74857,0.74885,1.75,1.75
2016.06.08 15:27:38.677,0.74854,0.7488,4.50,1.00
2016.06.08 15:27:39.680,0.74856,0.7488,2.25,1.00
2016.06.08 15:27:39.831,0.74856,0.74886,2.25,2.25
2016.06.08 15:27:45.935,0.74851,0.74875,3.00,1.00
2016.06.08 15:27:45.986,0.74851,0.74875,1.75,1.00
2016.06.08 15:27:46.087,0.74849,0.74873,1.00,2.25
2016.06.08 15:27:46.138,0.74845,0.74873,1.50,3.00
2016.06.08 15:27:47.371,0.74847,0.74873,1.00,2.25
2016.06.08 15:27:47.623,0.74847,0.74875,1.75,3.00
2016.06.08 15:27:50.311,0.74847,0.74873,1.00,2.25
2016.06.08 15:27:50.830,0.74845,0.74873,1.50,2.25
2016.06.08 15:27:51.133,0.74847,0.74875,1.75,3.00
2016.06.08 15:27:52.440,0.7485,0.74875,1.00,1.75
2016.06.08 15:27:52.541,0.7485,0.74877,1.75,2.25
2016.06.08 15:27:57.432,0.74845,0.74874,1.75,1.75
2016.06.08 15:27:58.628,0.74845,0.74872,1.50,3.75
2016.06.08 15:28:00.647,0.7484,0.7487,2.25,3.00
2016.06.08 15:28:04.064,0.7484,0.74867,1.12,2.25
2016.06.08 15:28:04.827,0.7484,0.74863,1.12,1.75
2016.06.08 15:28:05.180,0.74835,0.74864,2.25,1.75
2016.06.08 15:28:05.332,0.74835,0.74863,1.37,2.25
2016.06.08 15:28:05.383,0.74835,0.74862,1.12,2.25
2016.06.08 15:28:08.155,0.74835,0.74862,1.75,1.75
2016.06.08 15:28:09.647,0.74835,0.74859,1.37,1.50
2016.06.08 15:28:09.698,0.7483,0.74859,4.50,1.75
2016.06.08 15:28:09.749,0.7483,0.74858,4.50,1.75
2016.06.08 15:28:09.799,0.7483,0.74858,3.60,3.00
2016.06.08 15:28:18.465,0.74827,0.74855,1.75,1.75
2016.06.08 15:28:18.518,0.74825,0.74855,2.25,1.75
2016.06.08 15:28:21.645,0.7483,0.74856,1.00,4.95
2016.06.08 15:28:22.539,0.74825,0.74854,1.75,1.75
2016.06.08 15:28:23.064,0.7483,0.74856,1.00,4.95
2016.06.08 15:28:23.904,0.7483,0.74856,1.75,1.50
2016.06.08 15:28:24.177,0.74832,0.7486,1.75,3.75
2016.06.08 15:28:24.227,0.74835,0.7486,1.50,1.75
2016.06.08 15:28:25.516,0.74832,0.74862,1.75,1.75
2016.06.08 15:28:31.316,0.7483,0.74859,1.75,1.75
2016.06.08 15:28:33.095,0.74831,0.7486,1.75,4.95
2016.06.08 15:28:33.147,0.74835,0.74861,1.50,1.75
2016.06.08 15:28:33.248,0.7484,0.74864,1.00,1.75
2016.06.08 15:28:33.349,0.7484,0.74865,1.50,1.75
2016.06.08 15:28:33.703,0.7484,0.74863,1.37,1.50
2016.06.08 15:28:33.753,0.74835,0.74863,1.75,1.75
2016.06.08 15:28:34.050,0.74835,0.74862,1.37,2.25
2016.06.08 15:28:34.505,0.74831,0.7486,2.25,3.75
2016.06.08 15:28:34.555,0.7483,0.7486,1.75,5.25
2016.06.08 15:28:35.214,0.74832,0.7486,1.75,3.75
2016.06.08 15:28:35.265,0.74835,0.7486,1.50,1.75
2016.06.08 15:28:35.416,0.74835,0.74863,1.75,4.42
2016.06.08 15:28:35.467,0.7484,0.74863,1.00,2.25
2016.06.08 15:28:35.984,0.74834,0.74865,3.75,1.75
2016.06.08 15:28:38.398,0.74836,0.74865,2.25,2.25
2016.06.08 15:28:38.448,0.7484,0.74865,1.75,1.50
2016.06.08 15:28:38.499,0.7484,0.74867,3.00,1.50
2016.06.08 15:28:38.549,0.74845,0.74867,1.50,1.12
2016.06.08 15:28:38.879,0.74845,0.74874,1.50,1.75
2016.06.08 15:28:38.930,0.74845,0.74875,1.75,1.75
2016.06.08 15:28:43.555,0.74843,0.7487,2.25,1.75
2016.06.08 15:28:44.263,0.7484,0.74868,1.50,2.25
2016.06.08 15:28:44.739,0.74836,0.74865,3.00,3.75
2016.06.08 15:28:44.790,0.74836,0.74864,1.75,2.25
2016.06.08 15:28:45.164,0.7484,0.74864,1.00,2.25
2016.06.08 15:28:46.015,0.74836,0.74864,1.75,2.25
2016.06.08 15:28:49.375,0.74833,0.7486,1.75,1.75
2016.06.08 15:28:50.374,0.74833,0.7486,2.25,1.50
2016.06.08 15:28:54.566,0.74836,0.74864,1.75,2.25
2016.06.08 15:28:54.617,0.74836,0.74865,1.75,1.75
2016.06.08 15:29:03.394,0.74836,0.74864,1.37,1.75
2016.06.08 15:29:03.452,0.74836,0.74863,1.00,1.75
2016.06.08 15:29:05.076,0.74836,0.74864,1.37,1.75
2016.06.08 15:29:05.127,0.74836,0.74864,1.75,1.75
2016.06.08 15:29:07.064,0.74834,0.7486,2.25,1.00
2016.06.08 15:29:07.165,0.74833,0.74862,1.75,1.75
2016.06.08 15:29:07.519,0.74834,0.74863,3.00,1.75
2016.06.08 15:29:08.484,0.74836,0.74863,1.37,1.75
2016.06.08 15:29:08.535,0.74833,0.74863,2.25,3.75
2016.06.08 15:29:12.617,0.7483,0.74858,1.75,1.75
2016.06.08 15:29:12.920,0.74828,0.74857,1.75,2.25
2016.06.08 15:29:14.004,0.74828,0.74857,1.75,3.75
2016.06.08 15:29:14.054,0.74828,0.74857,1.75,1.75
2016.06.08 15:29:15.110,0.74828,0.74857,1.75,1.75
2016.06.08 15:29:15.160,0.74828,0.74857,1.75,3.00
2016.06.08 15:29:15.362,0.74825,0.74855,3.00,3.00
2016.06.08 15:29:20.238,0.74828,0.74854,1.75,1.12
2016.06.08 15:29:21.210,0.74827,0.74855,3.00,2.25
2016.06.08 15:29:21.553,0.74827,0.74854,1.50,1.75
2016.06.08 15:29:21.606,0.7483,0.74854,1.00,1.75
2016.06.08 15:29:24.847,0.7483,0.74855,1.87,1.50
2016.06.08 15:29:28.035,0.74826,0.74853,1.00,2.25
2016.06.08 15:29:28.237,0.7483,0.74853,1.00,1.75
2016.06.08 15:29:28.388,0.7483,0.74854,1.12,1.75
2016.06.08 15:29:34.063,0.7483,0.74856,1.50,2.25
2016.06.08 15:29:34.115,0.7483,0.74859,1.75,1.75
2016.06.08 15:29:41.006,0.7483,0.7486,2.25,2.25
2016.06.08 15:29:41.057,0.7483,0.7486,2.25,2.25
2016.06.08 15:29:41.108,0.7483,0.7486,2.25,3.75
2016.06.08 15:29:41.460,0.7483,0.7486,2.25,2.25
2016.06.08 15:29:46.536,0.74835,0.74863,1.37,2.25
2016.06.08 15:29:46.586,0.74835,0.74864,1.75,1.87
2016.06.08 15:29:48.522,0.74835,0.74862,1.50,2.25
2016.06.08 15:29:48.572,0.74833,0.7486,1.75,1.75
2016.06.08 15:29:49.250,0.74835,0.74863,1.37,2.25
2016.06.08 15:29:49.758,0.74835,0.74864,2.25,2.25
2016.06.08 15:29:50.336,0.74835,0.74865,3.75,3.00
2016.06.08 15:29:50.387,0.74835,0.74865,3.75,1.75
2016.06.08 15:29:50.488,0.74835,0.7486,3.00,1.00
2016.06.08 15:29:50.589,0.74835,0.74864,2.25,3.00
2016.06.08 15:29:52.889,0.74838,0.74864,1.00,2.25
2016.06.08 15:29:52.941,0.74838,0.74867,1.75,2.25
2016.06.08 15:29:53.042,0.74838,0.74868,1.75,3.00
2016.06.08 15:29:53.093,0.74842,0.74866,1.00,1.00
2016.06.08 15:29:53.448,0.74839,0.74867,1.75,2.25
2016.06.08 15:29:53.499,0.74839,0.74867,1.37,2.25
2016.06.08 15:29:53.701,0.74845,0.74867,1.00,2.25
2016.06.08 15:29:53.752,0.74845,0.74869,1.00,3.60
2016.06.08 15:29:54.066,0.7484,0.7487,1.75,2.25
2016.06.08 15:29:54.409,0.74838,0.74862,1.00,1.00
2016.06.08 15:29:57.184,0.74835,0.74864,1.75,2.85
2016.06.08 15:29:58.405,0.74831,0.74861,4.50,1.20
2016.06.08 15:29:58.456,0.74831,0.74861,3.00,2.70
2016.06.08 15:30:00.328,0.74831,0.74861,3.75,1.20
2016.06.08 15:30:01.184,0.74835,0.74862,1.75,1.20
2016.06.08 15:30:01.285,0.7484,0.74862,1.00,1.00
2016.06.08 15:30:01.487,0.7484,0.74867,1.37,2.25
2016.06.08 15:30:01.588,0.7484,0.74868,1.75,1.75
2016.06.08 15:30:02.155,0.74845,0.7487,1.00,1.95
2016.06.08 15:30:03.734,0.7484,0.7487,1.75,2.25
2016.06.08 15:30:04.041,0.74845,0.7487,1.00,1.75
2016.06.08 15:30:04.751,0.74845,0.74872,1.50,1.75
2016.06.08 15:30:06.468,0.74845,0.74875,2.25,3.75
2016.06.08 15:30:06.619,0.74845,0.74875,3.75,3.00
2016.06.08 15:30:06.670,0.74846,0.74875,2.25,1.75
2016.06.08 15:30:09.430,0.7485,0.74878,1.75,2.25
2016.06.08 15:30:09.481,0.7485,0.74879,2.25,1.75
2016.06.08 15:30:10.434,0.7485,0.7487,1.50,1.00
2016.06.08 15:30:10.484,0.74848,0.7487,2.25,1.00
2016.06.08 15:30:12.162,0.74848,0.74871,1.75,1.00
2016.06.08 15:30:12.630,0.7485,0.7487,1.75,1.00
2016.06.08 15:30:13.994,0.7485,0.7487,1.50,1.00
2016.06.08 15:30:14.144,0.7485,0.7487,1.75,1.00
2016.06.08 15:30:14.469,0.7485,0.74875,1.75,1.00
2016.06.08 15:30:14.652,0.7485,0.74875,1.75,1.52
2016.06.08 15:30:14.904,0.74844,0.74865,1.50,1.00
2016.06.08 15:30:15.005,0.74841,0.74865,1.37,1.37
2016.06.08 15:30:15.315,0.74838,0.7486,1.50,1.00
2016.06.08 15:30:15.417,0.74831,0.7486,1.75,3.00
2016.06.08 15:30:15.827,0.74833,0.74858,1.00,2.25
2016.06.08 15:30:15.929,0.74832,0.7486,1.75,1.75
2016.06.08 15:30:16.130,0.74834,0.74855,3.00,1.00
2016.06.08 15:30:16.527,0.74831,0.7486,2.25,1.75
2016.06.08 15:30:17.031,0.74831,0.7486,4.50,1.50
2016.06.08 15:30:17.132,0.74834,0.7486,1.75,1.50
2016.06.08 15:30:17.564,0.74837,0.74865,3.75,2.25
2016.06.08 15:30:18.997,0.74841,0.7487,3.75,3.00
2016.06.08 15:30:19.048,0.74841,0.7487,4.50,1.75
2016.06.08 15:30:19.350,0.74841,0.74865,3.00,1.00
2016.06.08 15:30:19.451,0.74841,0.7487,3.00,1.75
2016.06.08 15:30:19.703,0.74844,0.7487,3.75,1.37
2016.06.08 15:30:20.221,0.74844,0.7487,3.75,1.00
2016.06.08 15:30:20.549,0.74852,0.7487,1.00,1.00
2016.06.08 15:30:20.650,0.74852,0.74875,1.00,1.00
2016.06.08 15:30:20.903,0.74851,0.74875,2.25,1.00
2016.06.08 15:30:21.054,0.74851,0.7488,2.25,1.75
2016.06.08 15:30:21.155,0.74851,0.74875,2.25,1.00
2016.06.08 15:30:22.490,0.74851,0.7488,2.25,1.75
2016.06.08 15:30:23.088,0.74852,0.74875,1.75,1.00
2016.06.08 15:30:23.404,0.7485,0.74875,3.75,1.37
2016.06.08 15:30:23.455,0.74849,0.74875,2.25,1.75
2016.06.08 15:30:23.656,0.74852,0.74875,2.25,1.00
2016.06.08 15:30:24.344,0.74851,0.74875,1.75,1.00
2016.06.08 15:30:25.358,0.74847,0.74875,1.75,1.75
2016.06.08 15:30:25.409,0.74847,0.7487,1.75,1.00
2016.06.08 15:30:25.510,0.74845,0.74875,3.00,1.75
2016.06.08 15:30:25.762,0.74852,0.74875,1.75,1.00
2016.06.08 15:30:26.217,0.74852,0.7488,2.02,1.75
2016.06.08 15:30:26.540,0.7486,0.7488,1.27,1.00
2016.06.08 15:30:27.083,0.74855,0.7488,1.75,1.00
2016.06.08 15:30:27.134,0.74853,0.7488,1.75,1.50
2016.06.08 15:30:27.943,0.74853,0.74875,1.75,1.00
2016.06.08 15:30:28.146,0.74853,0.7488,1.75,1.50
2016.06.08 15:30:28.353,0.7486,0.7488,1.00,1.00
2016.06.08 15:30:28.757,0.74853,0.7488,3.00,1.12
2016.06.08 15:30:30.212,0.74853,0.74876,3.00,1.00
2016.06.08 15:30:30.479,0.74854,0.74875,1.00,1.00
2016.06.08 15:30:34.835,0.74852,0.74881,3.00,2.25
2016.06.08 15:30:36.618,0.74855,0.74875,1.75,1.00
2016.06.08 15:30:38.521,0.74855,0.7488,1.75,1.50
2016.06.08 15:30:39.253,0.74859,0.7488,1.37,1.00
2016.06.08 15:30:44.842,0.74854,0.74875,2.25,1.00
2016.06.08 15:30:45.293,0.74853,0.74875,1.27,1.00
2016.06.08 15:30:48.633,0.74853,0.7488,2.02,1.50
2016.06.08 15:30:49.669,0.74852,0.74875,4.27,1.00
2016.06.08 15:30:50.536,0.74852,0.74876,3.75,1.00
2016.06.08 15:30:50.688,0.74852,0.74875,1.75,1.00
2016.06.08 15:30:53.899,0.74851,0.74876,1.75,1.12
2016.06.08 15:30:54.405,0.74852,0.74875,1.75,1.00
2016.06.08 15:30:55.168,0.74852,0.7488,1.75,1.75
2016.06.08 15:30:55.688,0.74852,0.74875,1.42,1.00
2016.06.08 15:30:56.093,0.74852,0.74875,2.17,1.00
2016.06.08 15:30:56.547,0.74853,0.74882,2.25,1.75
2016.06.08 15:30:59.099,0.74857,0.7488,1.75,1.12
2016.06.08 15:30:59.607,0.74857,0.7488,1.75,1.00
2016.06.08 15:31:02.019,0.74856,0.74875,1.75,1.00
2016.06.08 15:31:04.248,0.74853,0.74876,2.25,1.00
2016.06.08 15:31:04.812,0.74853,0.74875,2.25,1.00
2016.06.08 15:31:05.027,0.74851,0.74875,3.00,1.00
2016.06.08 15:31:06.232,0.7485,0.74875,3.00,1.50
2016.06.08 15:31:08.659,0.74849,0.7487,3.75,1.00
2016.06.08 15:31:09.643,0.74849,0.74875,2.25,1.50
2016.06.08 15:31:10.546,0.74849,0.74875,4.50,1.00
2016.06.08 15:31:10.848,0.7485,0.7487,1.12,1.00
2016.06.08 15:31:11.177,0.74849,0.7487,1.75,1.00
2016.06.08 15:31:14.869,0.74848,0.74871,3.00,1.00
2016.06.08 15:31:15.526,0.74849,0.7487,2.25,1.00
2016.06.08 15:31:15.866,0.74849,0.74875,3.00,1.75
2016.06.08 15:31:15.967,0.74849,0.7487,2.25,1.00
2016.06.08 15:31:16.331,0.74849,0.74875,1.75,1.75
2016.06.08 15:31:19.580,0.74851,0.74875,1.75,1.00
2016.06.08 15:31:20.117,0.74852,0.74876,1.75,1.00
2016.06.08 15:31:20.649,0.74852,0.74875,1.75,1.00
2016.06.08 15:31:20.784,0.74852,0.7488,1.75,1.75
2016.06.08 15:31:21.689,0.74855,0.7488,1.75,1.12
2016.06.08 15:31:22.358,0.74855,0.74876,2.25,1.00
2016.06.08 15:31:22.690,0.74855,0.7488,1.75,1.12
2016.06.08 15:31:23.143,0.74855,0.74876,2.25,1.00
2016.06.08 15:31:23.344,0.74857,0.7488,1.75,1.12
2016.06.08 15:31:23.395,0.74857,0.7488,3.00,1.00
2016.06.08 15:31:24.062,0.7486,0.7488,1.12,1.00
2016.06.08 15:31:24.595,0.7486,0.74885,3.37,1.00
2016.06.08 15:31:26.047,0.7486,0.7488,2.62,1.00
2016.06.08 15:31:28.157,0.7486,0.74885,3.37,1.00
2016.06.08 15:31:29.158,0.7486,0.7488,3.00,1.00
2016.06.08 15:31:30.409,0.7486,0.7488,1.87,1.00
2016.06.08 15:31:30.712,0.74858,0.7488,1.42,1.00
2016.06.08 15:31:30.863,0.74858,0.7488,1.75,1.00
2016.06.08 15:31:31.213,0.74859,0.74885,2.25,1.12
2016.06.08 15:31:34.371,0.74865,0.74888,1.00,1.75
2016.06.08 15:31:38.035,0.7486,0.74888,1.75,2.25
2016.06.08 15:31:38.136,0.74856,0.74885,2.25,2.25
2016.06.08 15:31:38.438,0.74855,0.74878,1.00,3.00
2016.06.08 15:31:38.630,0.7485,0.74878,1.50,3.00
2016.06.08 15:31:39.278,0.7485,0.74876,1.75,1.50
2016.06.08 15:31:39.328,0.7485,0.74876,1.75,1.50
2016.06.08 15:31:39.429,0.74849,0.74876,1.50,1.75
2016.06.08 15:31:40.881,0.74847,0.74875,1.37,3.00
2016.06.08 15:31:40.932,0.74846,0.74873,1.50,1.75
2016.06.08 15:31:42.097,0.74845,0.74867,1.75,1.12
2016.06.08 15:31:42.148,0.74841,0.74867,2.25,1.50
2016.06.08 15:31:42.199,0.74839,0.74867,1.75,2.62
2016.06.08 15:31:43.631,0.74845,0.74867,1.00,2.25
2016.06.08 15:31:44.355,0.74845,0.74867,1.00,2.25
2016.06.08 15:31:44.558,0.7484,0.74863,1.00,1.00
2016.06.08 15:31:44.659,0.7484,0.74864,1.00,2.25
2016.06.08 15:31:45.968,0.74845,0.74863,1.00,1.75
2016.06.08 15:31:46.069,0.7484,0.74864,1.00,3.37
2016.06.08 15:31:46.659,0.74839,0.74862,1.00,1.75
2016.06.08 15:31:49.389,0.7484,0.74862,1.00,2.25
2016.06.08 15:31:50.893,0.7484,0.74863,1.12,1.75
2016.06.08 15:31:50.944,0.7484,0.74863,1.12,1.50
2016.06.08 15:31:50.995,0.7484,0.74863,1.37,1.12
2016.06.08 15:31:51.046,0.74842,0.74865,1.00,3.00
2016.06.08 15:31:52.378,0.74845,0.74865,1.00,3.00
2016.06.08 15:31:53.476,0.7484,0.74865,1.50,3.00
2016.06.08 15:31:53.527,0.7484,0.74865,1.12,3.00
2016.06.08 15:31:56.202,0.74835,0.74857,1.00,1.75
2016.06.08 15:31:56.412,0.74835,0.74859,1.00,3.00
2016.06.08 15:31:57.303,0.74835,0.74857,1.00,1.50
2016.06.08 15:31:58.198,0.74829,0.74856,1.75,3.00
2016.06.08 15:31:58.299,0.7483,0.74854,1.12,1.50
2016.06.08 15:31:58.600,0.74845,0.74858,1.00,1.82
2016.06.08 15:31:58.651,0.74845,0.7486,1.00,1.12
2016.06.08 15:31:58.752,0.74845,0.74868,1.00,2.25
2016.06.08 15:31:58.802,0.74845,0.7487,1.37,2.25
2016.06.08 15:31:59.331,0.74845,0.74871,1.75,2.92
2016.06.08 15:32:00.205,0.7485,0.74871,1.00,3.00
2016.06.08 15:32:00.356,0.7485,0.74874,1.00,1.20
2016.06.08 15:32:01.111,0.7485,0.74872,1.00,1.50
2016.06.08 15:32:01.464,0.74845,0.74871,1.12,1.75
2016.06.08 15:32:05.733,0.74845,0.7487,1.37,1.12
2016.06.08 15:32:05.784,0.7485,0.74872,1.12,1.12
2016.06.08 15:32:06.229,0.7485,0.74876,1.37,1.75
2016.06.08 15:32:06.280,0.7485,0.74877,1.75,2.25
2016.06.08 15:32:07.084,0.74854,0.74879,1.00,3.00
2016.06.08 15:32:07.235,0.74854,0.74879,1.37,2.25
2016.06.08 15:32:07.286,0.74854,0.74879,1.75,2.25
2016.06.08 15:32:07.664,0.74851,0.74876,2.25,1.37
2016.06.08 15:32:07.715,0.7485,0.74876,1.75,1.75
2016.06.08 15:32:08.189,0.74855,0.74876,1.00,1.75
2016.06.08 15:32:09.819,0.74855,0.74879,1.12,1.75
2016.06.08 15:32:09.870,0.74855,0.74878,1.12,1.50
2016.06.08 15:32:09.921,0.74855,0.74878,1.00,1.50
2016.06.08 15:32:10.072,0.74858,0.74882,1.00,1.00
2016.06.08 15:32:10.123,0.7486,0.74882,1.00,1.00
2016.06.08 15:32:10.444,0.7486,0.74882,1.00,1.50
2016.06.08 15:32:10.495,0.74855,0.7488,1.37,1.50
2016.06.08 15:32:10.546,0.74855,0.7488,1.00,2.25
2016.06.08 15:32:10.849,0.74855,0.74878,1.00,2.25
2016.06.08 15:32:10.899,0.74855,0.7488,1.00,2.77
2016.06.08 15:32:11.774,0.74855,0.74877,1.00,2.25
2016.06.08 15:32:12.181,0.7485,0.74877,1.50,2.25
2016.06.08 15:32:12.554,0.7485,0.74875,1.00,2.25
2016.06.08 15:32:13.079,0.74849,0.74875,1.00,2.25
2016.06.08 15:32:13.991,0.7485,0.74875,1.00,3.00
2016.06.08 15:32:14.348,0.7485,0.74873,1.00,3.00
2016.06.08 15:32:14.399,0.74845,0.74873,1.50,2.25
2016.06.08 15:32:14.449,0.74845,0.74874,1.50,4.12
2016.06.08 15:32:14.500,0.74849,0.74871,1.00,1.00
2016.06.08 15:32:14.884,0.7485,0.74875,1.37,1.50
2016.06.08 15:32:14.937,0.7485,0.74875,1.75,1.50
2016.06.08 15:32:16.504,0.74855,0.74877,1.00,2.25
2016.06.08 15:32:17.155,0.74855,0.74877,1.12,1.50
2016.06.08 15:32:17.205,0.74855,0.74877,1.12,1.12
2016.06.08 15:32:29.998,0.74855,0.74878,1.00,1.75
2016.06.08 15:32:30.406,0.7485,0.74877,1.50,2.25
2016.06.08 15:32:30.880,0.7485,0.74876,1.12,3.00
2016.06.08 15:32:31.393,0.7485,0.74876,1.50,1.75
2016.06.08 15:32:35.534,0.74855,0.74876,1.00,1.75
2016.06.08 15:32:35.982,0.74855,0.74879,1.00,2.25
2016.06.08 15:32:41.829,0.7485,0.74874,1.37,1.12
2016.06.08 15:32:41.930,0.7485,0.74873,1.12,1.37
2016.06.08 15:32:42.031,0.7485,0.74874,1.12,1.75
2016.06.08 15:32:42.578,0.7485,0.74873,1.00,1.75
2016.06.08 15:32:43.535,0.74849,0.74873,1.00,1.75
2016.06.08 15:32:44.147,0.74845,0.74873,1.75,1.75
2016.06.08 15:32:44.512,0.74845,0.74871,1.37,2.25
2016.06.08 15:32:45.035,0.74845,0.74871,1.00,3.00
2016.06.08 15:32:48.955,0.74845,0.74872,1.75,3.00
2016.06.08 15:32:50.953,0.74842,0.74868,2.25,1.00
2016.06.08 15:32:51.718,0.74841,0.74868,2.25,1.37
2016.06.08 15:32:51.769,0.7484,0.74866,2.25,1.37
2016.06.08 15:32:51.820,0.7484,0.74864,1.75,1.37
2016.06.08 15:32:52.543,0.74835,0.74864,2.25,2.25
2016.06.08 15:32:52.961,0.74845,0.74867,1.00,2.25
2016.06.08 15:32:53.466,0.7485,0.7487,1.00,1.12
2016.06.08 15:32:53.692,0.74845,0.7487,1.00,1.12
2016.06.08 15:32:55.178,0.7485,0.74871,1.00,3.75
2016.06.08 15:32:55.582,0.7485,0.74873,1.00,2.25
2016.06.08 15:32:56.421,0.74849,0.74872,1.00,1.75
2016.06.08 15:32:57.074,0.7485,0.74872,1.00,1.75
2016.06.08 15:32:57.701,0.74844,0.74873,1.75,2.25
2016.06.08 15:32:58.874,0.7485,0.74872,1.00,1.75
2016.06.08 15:33:00.051,0.74845,0.74872,1.75,1.75
2016.06.08 15:33:00.552,0.7485,0.74872,1.00,1.75
2016.06.08 15:33:02.570,0.74845,0.74872,1.75,1.75
2016.06.08 15:33:02.772,0.74845,0.74868,1.00,1.75
2016.06.08 15:33:05.092,0.7484,0.74867,1.75,2.25
2016.06.08 15:33:05.394,0.7484,0.74866,1.12,1.75
2016.06.08 15:33:05.697,0.74845,0.74868,1.00,1.75
2016.06.08 15:33:07.963,0.7484,0.74867,1.75,3.00
2016.06.08 15:33:08.114,0.7484,0.74863,1.00,1.00
2016.06.08 15:33:08.881,0.7484,0.74862,1.00,1.87
2016.06.08 15:33:08.931,0.74835,0.74862,1.75,2.25
2016.06.08 15:33:13.413,0.7484,0.74861,1.00,1.75
2016.06.08 15:33:15.507,0.7484,0.74866,1.12,2.25
2016.06.08 15:33:15.709,0.74845,0.74866,1.00,2.25
2016.06.08 15:33:16.588,0.74845,0.74868,1.00,2.25
2016.06.08 15:33:16.639,0.74845,0.74867,1.00,1.00
2016.06.08 15:33:18.326,0.74845,0.74868,1.00,3.00
2016.06.08 15:33:19.113,0.7484,0.74867,1.50,3.00
2016.06.08 15:33:19.979,0.74845,0.74867,1.00,3.00
2016.06.08 15:33:20.882,0.7484,0.74868,1.50,3.75
2016.06.08 15:33:21.785,0.74845,0.74868,1.00,3.75
2016.06.08 15:33:25.896,0.74847,0.74868,1.00,3.00
2016.06.08 15:33:25.947,0.74847,0.74868,1.00,1.75
2016.06.08 15:33:25.998,0.74845,0.74871,1.00,2.25
2016.06.08 15:33:26.049,0.7485,0.74874,1.37,1.50
2016.06.08 15:33:26.376,0.7485,0.74873,1.00,2.25
2016.06.08 15:33:26.427,0.7485,0.74875,1.00,2.25
2016.06.08 15:33:26.528,0.74855,0.74875,1.00,2.25
2016.06.08 15:33:26.952,0.7485,0.74875,1.00,2.25
2016.06.08 15:33:30.113,0.7485,0.74874,1.00,3.75
2016.06.08 15:33:30.814,0.74845,0.74871,1.87,2.25
2016.06.08 15:33:32.474,0.7485,0.74871,1.00,2.25
2016.06.08 15:33:33.119,0.74845,0.74871,1.50,2.25
2016.06.08 15:33:40.135,0.7484,0.74865,2.25,1.12
2016.06.08 15:33:40.236,0.7484,0.74864,1.37,2.47
2016.06.08 15:33:40.287,0.7484,0.74864,1.00,2.85
2016.06.08 15:33:41.092,0.74837,0.74864,1.12,5.85
2016.06.08 15:33:42.019,0.7484,0.74863,1.00,1.75
2016.06.08 15:33:42.685,0.74839,0.74863,1.00,1.75
2016.06.08 15:33:44.123,0.7484,0.74863,1.00,1.75
2016.06.08 15:33:44.832,0.7484,0.74865,1.00,3.22
2016.06.08 15:33:45.004,0.7484,0.74865,1.00,1.60
2016.06.08 15:33:45.606,0.7484,0.74865,1.00,1.42
2016.06.08 15:33:47.146,0.7484,0.74866,1.00,2.17
2016.06.08 15:33:47.665,0.7484,0.74866,1.00,1.67
2016.06.08 15:33:47.766,0.7484,0.74867,1.12,2.25
2016.06.08 15:33:48.069,0.74845,0.74867,1.00,2.25
2016.06.08 15:33:52.842,0.7484,0.74867,1.87,2.25
2016.06.08 15:33:53.685,0.7484,0.74864,1.00,2.25
2016.06.08 15:33:53.836,0.74837,0.74864,1.50,2.25
2016.06.08 15:34:00.195,0.74835,0.74862,1.87,3.00
2016.06.08 15:34:01.287,0.74835,0.74859,1.00,3.00
2016.06.08 15:34:02.796,0.74835,0.74861,1.12,1.75
2016.06.08 15:34:09.972,0.74835,0.74858,1.37,1.00
2016.06.08 15:34:20.303,0.74835,0.74861,1.87,1.75
2016.06.08 15:34:20.829,0.74835,0.74861,1.50,2.25
2016.06.08 15:34:25.711,0.74833,0.7486,1.50,1.75
2016.06.08 15:34:26.019,0.7483,0.74857,1.50,2.25
2016.06.08 15:34:27.574,0.74835,0.74857,1.00,2.25
2016.06.08 15:34:28.034,0.74835,0.74863,1.37,4.50
2016.06.08 15:34:31.029,0.74835,0.74857,1.37,1.00
2016.06.08 15:34:31.131,0.74832,0.74857,1.50,1.75
2016.06.08 15:34:31.209,0.74832,0.74856,1.00,1.75
2016.06.08 15:34:31.260,0.7483,0.74856,1.12,1.75
2016.06.08 15:34:31.986,0.74835,0.74856,1.00,2.25
2016.06.08 15:34:32.239,0.74835,0.74858,1.00,2.25
2016.06.08 15:34:32.655,0.74835,0.74859,1.00,3.00
2016.06.08 15:34:33.327,0.74835,0.74858,1.00,4.50
2016.06.08 15:34:33.730,0.74835,0.74858,1.00,2.25
2016.06.08 15:34:39.414,0.7483,0.74858,1.75,1.75
2016.06.08 15:34:39.465,0.7483,0.74858,1.50,1.75
2016.06.08 15:34:39.566,0.7483,0.74858,1.50,3.00
2016.06.08 15:34:40.887,0.74835,0.74858,1.00,2.25
2016.06.08 15:34:41.435,0.74835,0.74859,1.00,1.75
2016.06.08 15:34:41.586,0.74835,0.74861,1.37,3.00
2016.06.08 15:34:41.637,0.74835,0.74863,1.75,1.75
2016.06.08 15:34:42.495,0.7484,0.74863,1.00,2.25
2016.06.08 15:34:43.368,0.74839,0.74865,1.00,2.25
2016.06.08 15:34:44.000,0.7484,0.74865,1.00,2.25
2016.06.08 15:34:44.302,0.74837,0.74865,1.50,2.25
2016.06.08 15:34:47.332,0.7484,0.74865,1.00,2.25
2016.06.08 15:34:50.265,0.74837,0.74865,1.50,2.25
2016.06.08 15:34:51.418,0.74837,0.74864,2.10,1.75
2016.06.08 15:34:51.964,0.7484,0.74865,1.00,1.75
2016.06.08 15:34:53.648,0.74837,0.74865,1.75,1.75
2016.06.08 15:34:55.353,0.7484,0.74866,1.00,2.25
2016.06.08 15:35:00.065,0.74845,0.74867,1.00,2.25
2016.06.08 15:35:00.116,0.74845,0.74868,1.00,2.25
2016.06.08 15:35:00.660,0.74844,0.74863,1.00,1.00
2016.06.08 15:35:01.256,0.74845,0.74863,1.00,1.00
2016.06.08 15:35:02.121,0.74845,0.74867,1.00,1.75
2016.06.08 15:35:04.163,0.7484,0.74866,2.25,1.50
2016.06.08 15:35:04.264,0.7484,0.74866,2.25,1.50
2016.06.08 15:35:04.777,0.7484,0.74867,2.25,2.25
2016.06.08 15:35:06.058,0.74842,0.74868,1.67,3.75
2016.06.08 15:35:06.159,0.74845,0.74869,2.25,1.00
2016.06.08 15:35:06.210,0.7484,0.74869,2.25,1.75
2016.06.08 15:35:06.260,0.74845,0.74869,1.00,1.75
2016.06.08 15:35:07.225,0.74844,0.74869,1.00,1.75
2016.06.08 15:35:07.527,0.7485,0.7487,1.00,2.25
2016.06.08 15:35:07.628,0.7485,0.74872,1.00,1.75
2016.06.08 15:35:08.643,0.74849,0.74873,1.00,3.00
2016.06.08 15:35:09.037,0.74845,0.74873,2.25,3.00
2016.06.08 15:35:10.750,0.7485,0.74873,1.00,3.75
2016.06.08 15:35:10.851,0.7485,0.74877,1.50,4.50
2016.06.08 15:35:12.106,0.7485,0.74879,1.75,2.25
2016.06.08 15:35:14.169,0.74855,0.74881,1.00,4.50
2016.06.08 15:35:14.421,0.74855,0.74881,1.75,1.50
2016.06.08 15:35:21.038,0.74854,0.74882,2.25,3.75
2016.06.08 15:35:26.002,0.74857,0.7488,1.87,1.37
2016.06.08 15:35:26.053,0.74857,0.7488,2.25,1.00
2016.06.08 15:35:26.103,0.74856,0.7488,2.25,1.37
2016.06.08 15:35:26.154,0.74855,0.7488,1.50,1.75
2016.06.08 15:35:30.174,0.74855,0.74883,1.75,2.25
2016.06.08 15:35:30.225,0.74855,0.74884,1.75,2.25
2016.06.08 15:35:30.566,0.7486,0.74886,1.37,4.42
2016.06.08 15:35:30.617,0.7486,0.74886,1.75,2.92
2016.06.08 15:35:46.172,0.74861,0.74887,2.25,1.00
2016.06.08 15:35:46.675,0.74864,0.74889,1.75,1.50
2016.06.08 15:35:46.984,0.7486,0.74885,1.95,1.12
2016.06.08 15:35:47.288,0.7486,0.74886,1.50,3.75
2016.06.08 15:35:51.183,0.7486,0.74887,1.75,1.75
2016.06.08 15:35:53.573,0.74865,0.74889,1.00,1.75
2016.06.08 15:35:54.078,0.74864,0.74889,1.12,1.75
2016.06.08 15:35:54.889,0.74865,0.7489,1.00,1.75
2016.06.08 15:35:58.583,0.7487,0.74891,1.00,1.50
2016.06.08 15:36:03.201,0.74875,0.74896,1.00,2.25
2016.06.08 15:36:03.303,0.74875,0.74898,1.12,1.50
2016.06.08 15:36:05.274,0.7487,0.74894,1.75,1.37
2016.06.08 15:36:05.729,0.7487,0.74892,1.50,1.00
2016.06.08 15:36:06.236,0.7487,0.74893,1.50,1.12
2016.06.08 15:36:07.317,0.74869,0.7489,1.75,1.00
2016.06.08 15:36:07.993,0.74875,0.7489,1.00,1.00
2016.06.08 15:36:08.044,0.74875,0.74894,1.00,2.25
2016.06.08 15:36:11.373,0.7487,0.74894,1.50,1.50
2016.06.08 15:36:15.906,0.7487,0.74892,1.50,1.00
2016.06.08 15:36:17.311,0.7487,0.74891,1.50,1.00
2016.06.08 15:36:17.462,0.7487,0.74893,1.50,1.12
2016.06.08 15:36:19.918,0.74865,0.74893,2.25,1.75
2016.06.08 15:36:20.219,0.74865,0.74888,1.12,1.50
2016.06.08 15:36:31.046,0.7486,0.74887,1.50,2.25
2016.06.08 15:36:31.674,0.7486,0.74885,1.12,1.75
2016.06.08 15:36:32.536,0.7486,0.74885,1.37,1.50
2016.06.08 15:36:32.586,0.7486,0.74885,1.75,1.12
2016.06.08 15:36:34.956,0.7486,0.74887,1.12,3.00
2016.06.08 15:36:35.259,0.74855,0.74884,1.75,2.25
2016.06.08 15:36:37.761,0.7486,0.74884,1.00,2.25
2016.06.08 15:36:39.108,0.74855,0.74884,1.75,2.25
2016.06.08 15:36:39.159,0.7486,0.74885,1.12,1.75
2016.06.08 15:36:39.361,0.74855,0.74882,1.12,2.25
2016.06.08 15:36:39.663,0.74859,0.74882,1.00,2.25
2016.06.08 15:36:40.578,0.74855,0.74882,1.12,3.00
2016.06.08 15:36:41.985,0.7486,0.74882,1.00,1.75
2016.06.08 15:36:43.246,0.74855,0.74884,1.75,1.75
2016.06.08 15:36:43.739,0.7486,0.74884,1.00,1.75
2016.06.08 15:36:44.609,0.74855,0.74883,1.75,1.75
2016.06.08 15:36:47.104,0.74855,0.74881,1.00,3.00
2016.06.08 15:36:48.286,0.74855,0.74882,1.75,2.85
2016.06.08 15:36:54.351,0.7486,0.74884,1.00,1.75
2016.06.08 15:36:55.256,0.74855,0.74884,1.75,2.25
2016.06.08 15:36:55.357,0.7486,0.74885,1.00,3.75
2016.06.08 15:36:56.905,0.7486,0.74886,1.50,1.75
2016.06.08 15:36:57.913,0.74855,0.74883,2.25,1.75
2016.06.08 15:37:01.695,0.74855,0.74878,1.37,1.37
2016.06.08 15:37:01.746,0.7485,0.74878,1.75,1.75
2016.06.08 15:37:03.034,0.74855,0.74878,1.00,1.75
2016.06.08 15:37:03.236,0.74855,0.7488,1.50,1.37
2016.06.08 15:37:06.141,0.7485,0.7488,1.75,2.25
2016.06.08 15:37:06.692,0.74855,0.74879,1.00,1.75
2016.06.08 15:37:07.146,0.74854,0.7488,1.75,1.50
2016.06.08 15:37:09.139,0.7486,0.74882,1.00,1.75
2016.06.08 15:37:09.752,0.7486,0.74884,1.12,2.25
2016.06.08 15:37:12.560,0.74855,0.74883,1.75,1.75
2016.06.08 15:37:13.876,0.7486,0.74884,1.12,2.85
2016.06.08 15:37:17.044,0.7486,0.74887,1.75,2.10
2016.06.08 15:37:17.877,0.7486,0.74887,1.50,4.35
2016.06.08 15:37:24.943,0.74865,0.74888,1.00,5.02
2016.06.08 15:37:25.187,0.74865,0.74887,1.00,1.00
2016.06.08 15:37:26.099,0.74865,0.74892,3.00,1.87
2016.06.08 15:37:26.543,0.7487,0.74893,1.00,3.75
2016.06.08 15:37:26.645,0.74866,0.74893,1.12,3.75
2016.06.08 15:37:28.061,0.7487,0.74893,1.00,3.00
2016.06.08 15:37:30.818,0.7487,0.74898,2.25,1.75
2016.06.08 15:37:30.869,0.74876,0.74899,1.00,1.75
2016.06.08 15:37:31.020,0.74876,0.749,1.87,2.25
2016.06.08 15:37:34.030,0.74876,0.74903,2.25,3.00
2016.06.08 15:37:35.880,0.74876,0.74899,2.17,1.50
2016.06.08 15:37:36.192,0.74875,0.749,1.67,2.25
2016.06.08 15:37:36.395,0.74876,0.74901,2.17,1.75
2016.06.08 15:37:37.532,0.74876,0.74904,1.75,3.00
2016.06.08 15:37:37.583,0.74876,0.74904,2.17,1.75
2016.06.08 15:37:42.729,0.7488,0.74904,1.75,1.12
2016.06.08 15:37:47.257,0.7488,0.74905,1.12,1.75
2016.06.08 15:37:52.866,0.74876,0.74903,2.17,3.00
2016.06.08 15:37:55.449,0.7488,0.74905,1.12,1.75
2016.06.08 15:38:03.568,0.74879,0.74906,1.75,2.25
2016.06.08 15:38:03.872,0.74885,0.7491,1.50,1.75
2016.06.08 15:38:05.498,0.74888,0.74911,1.00,1.00
2016.06.08 15:38:05.599,0.74886,0.74913,2.25,1.12
2016.06.08 15:38:06.372,0.74885,0.74914,2.25,2.25
2016.06.08 15:38:07.379,0.74884,0.74912,1.50,1.75
2016.06.08 15:38:17.883,0.74885,0.74913,1.50,3.75
2016.06.08 15:38:17.934,0.74885,0.74913,1.75,1.75
2016.06.08 15:38:19.250,0.7489,0.74916,1.00,7.50
2016.06.08 15:38:19.767,0.7489,0.74918,1.75,3.00
2016.06.08 15:38:22.639,0.7489,0.74914,1.12,1.75
2016.06.08 15:38:25.655,0.74884,0.7491,2.25,1.00
2016.06.08 15:38:25.705,0.74882,0.7491,3.75,1.75
2016.06.08 15:38:31.831,0.74885,0.74914,2.25,3.75
2016.06.08 15:38:31.932,0.74885,0.74914,2.25,3.00
2016.06.08 15:38:35.394,0.7489,0.74914,1.00,2.25
2016.06.08 15:38:35.445,0.7489,0.74914,1.12,2.25
2016.06.08 15:38:35.748,0.74885,0.74913,1.75,1.75
2016.06.08 15:38:39.359,0.74885,0.74913,3.00,1.50
2016.06.08 15:38:40.259,0.74885,0.74914,1.75,1.75
2016.06.08 15:38:40.360,0.74885,0.74914,1.75,1.75
2016.06.08 15:38:42.556,0.7489,0.74918,1.75,3.75
2016.06.08 15:38:42.607,0.74895,0.74918,1.00,3.00
2016.06.08 15:38:45.108,0.7489,0.74915,1.75,1.50
2016.06.08 15:38:47.875,0.74891,0.74919,2.25,2.25
2016.06.08 15:38:49.350,0.74891,0.74919,2.25,1.75
2016.06.08 15:38:49.401,0.7489,0.74918,1.75,1.75
2016.06.08 15:38:50.977,0.7489,0.74917,1.12,2.25
2016.06.08 15:38:52.284,0.74885,0.74915,2.25,3.75
2016.06.08 15:38:53.676,0.74883,0.74906,1.50,1.00
2016.06.08 15:38:55.767,0.7488,0.74905,1.50,1.75
2016.06.08 15:39:00.310,0.74883,0.74907,1.50,1.50
2016.06.08 15:39:07.064,0.74879,0.74905,2.25,1.00
2016.06.08 15:39:07.316,0.7488,0.74907,1.50,3.00
2016.06.08 15:39:08.762,0.74885,0.74907,1.00,1.75
2016.06.08 15:39:10.317,0.74885,0.74909,1.00,2.25
2016.06.08 15:39:11.974,0.74884,0.74909,1.12,1.75
2016.06.08 15:39:12.326,0.74885,0.74911,1.75,1.75
2016.06.08 15:39:12.795,0.7489,0.74916,1.50,1.75
2016.06.08 15:39:12.947,0.7489,0.74919,1.75,2.25
2016.06.08 15:39:13.605,0.74891,0.74919,1.75,1.50
2016.06.08 15:39:13.656,0.74895,0.74921,1.50,3.00
2016.06.08 15:39:23.570,0.74899,0.74923,1.00,2.25
2016.06.08 15:39:23.772,0.749,0.74925,1.00,1.75
2016.06.08 15:39:24.276,0.74899,0.74925,1.12,1.75
2016.06.08 15:39:26.155,0.74896,0.74925,3.00,2.25
2016.06.08 15:39:29.558,0.74896,0.74925,1.75,3.75
2016.06.08 15:39:29.860,0.74893,0.74914,2.25,1.00
2016.06.08 15:39:29.911,0.74891,0.74914,1.00,1.00
2016.06.08 15:39:29.962,0.7489,0.74914,1.50,1.75
2016.06.08 15:39:30.355,0.74886,0.74913,1.12,2.25
2016.06.08 15:39:36.575,0.74882,0.7491,1.87,2.25
2016.06.08 15:39:38.261,0.74879,0.74908,1.75,3.00
2016.06.08 15:39:39.110,0.74879,0.74908,1.75,1.12
2016.06.08 15:39:40.961,0.74885,0.7491,1.00,3.00
2016.06.08 15:39:41.012,0.74888,0.74914,1.75,1.75
2016.06.08 15:39:44.478,0.74888,0.74914,1.50,2.25
2016.06.08 15:39:44.529,0.74888,0.74914,1.12,2.25
2016.06.08 15:39:45.683,0.74888,0.74915,1.37,3.00
2016.06.08 15:39:45.734,0.74888,0.74915,1.75,1.75
2016.06.08 15:39:50.899,0.74895,0.74916,1.00,1.75
2016.06.08 15:39:50.950,0.74895,0.74918,1.00,1.75
2016.06.08 15:39:51.101,0.74894,0.74922,1.75,1.75
2016.06.08 15:39:51.679,0.74895,0.7492,1.00,1.75
2016.06.08 15:39:53.118,0.74895,0.74921,1.50,1.50
2016.06.08 15:39:53.823,0.74895,0.74922,1.12,3.00
2016.06.08 15:39:54.821,0.74896,0.74922,1.50,2.25
2016.06.08 15:39:56.014,0.749,0.74924,1.00,2.25
2016.06.08 15:39:56.116,0.749,0.74926,1.12,1.75
2016.06.08 15:40:03.268,0.74905,0.74927,1.00,3.00
2016.06.08 15:40:06.048,0.74905,0.74928,1.75,1.00
2016.06.08 15:40:06.272,0.74905,0.74926,1.00,1.00
2016.06.08 15:40:08.313,0.74904,0.74926,1.00,1.00
2016.06.08 15:40:09.439,0.74902,0.74926,1.00,1.00
2016.06.08 15:40:09.862,0.74905,0.74926,1.00,1.00
2016.06.08 15:40:10.550,0.74902,0.74926,1.00,1.00
2016.06.08 15:40:10.961,0.74905,0.74926,1.00,1.00
2016.06.08 15:40:16.273,0.74905,0.7493,1.37,1.50
2016.06.08 15:40:16.570,0.74905,0.74933,1.75,2.25
2016.06.08 15:40:19.667,0.749,0.74929,1.75,1.75
2016.06.08 15:40:23.433,0.74905,0.74929,1.00,2.25
2016.06.08 15:40:26.008,0.74905,0.74929,1.37,1.87
2016.06.08 15:40:26.543,0.74905,0.7493,1.00,4.50
2016.06.08 15:40:29.253,0.7491,0.7493,1.00,3.75
2016.06.08 15:40:30.088,0.74904,0.7493,1.00,2.25
2016.06.08 15:40:30.608,0.74905,0.7493,1.00,3.00
2016.06.08 15:40:41.785,0.74904,0.7493,1.00,2.25
2016.06.08 15:40:43.039,0.74905,0.74929,1.00,3.00
2016.06.08 15:40:43.546,0.74905,0.74928,1.00,2.25
2016.06.08 15:40:44.959,0.749,0.74928,1.50,2.25
2016.06.08 15:40:47.753,0.74896,0.74925,3.00,1.75
2016.06.08 15:40:47.854,0.74898,0.74921,1.00,1.00
2016.06.08 15:40:48.668,0.74895,0.74923,1.50,1.75
2016.06.08 15:40:48.718,0.74895,0.74919,1.50,1.00
2016.06.08 15:40:53.775,0.74895,0.74921,1.12,2.25
2016.06.08 15:40:54.287,0.74895,0.7492,1.00,2.25
2016.06.08 15:40:57.762,0.7489,0.74914,1.12,1.75
2016.06.08 15:40:57.963,0.74885,0.74913,3.00,1.75
2016.06.08 15:40:58.064,0.74885,0.74912,1.50,1.75
2016.06.08 15:40:59.593,0.7488,0.74908,5.10,1.50
2016.06.08 15:40:59.644,0.7488,0.74908,1.75,1.75
2016.06.08 15:40:59.695,0.7488,0.74905,1.37,1.75
2016.06.08 15:40:59.746,0.7488,0.74905,1.00,1.75
2016.06.08 15:41:00.499,0.74885,0.74906,1.00,2.25
2016.06.08 15:41:00.740,0.74879,0.74906,1.37,1.75
2016.06.08 15:41:00.791,0.74879,0.74906,1.00,3.75
2016.06.08 15:41:01.446,0.7488,0.74905,1.00,1.75
2016.06.08 15:41:05.432,0.7488,0.74903,1.00,2.25
2016.06.08 15:41:05.482,0.7488,0.74905,1.00,3.00
2016.06.08 15:41:05.855,0.74875,0.74898,1.75,1.00
2016.06.08 15:41:05.906,0.74873,0.74898,1.87,1.37
2016.06.08 15:41:06.007,0.7487,0.74897,1.75,1.75
2016.06.08 15:41:06.402,0.7487,0.74896,1.37,2.25
2016.06.08 15:41:06.503,0.7487,0.74895,1.00,2.25
2016.06.08 15:41:06.604,0.7487,0.74895,1.12,1.75
2016.06.08 15:41:06.705,0.7487,0.74893,1.12,1.75
2016.06.08 15:41:06.856,0.74865,0.7489,1.12,3.52
2016.06.08 15:41:07.388,0.74865,0.74889,1.00,2.25
2016.06.08 15:41:07.438,0.7487,0.74889,1.00,2.25
2016.06.08 15:41:08.011,0.7487,0.74892,1.00,3.00
2016.06.08 15:41:09.379,0.7487,0.74895,1.00,2.25
2016.06.08 15:41:09.732,0.74875,0.74895,1.00,2.25
2016.06.08 15:41:10.012,0.7487,0.74895,1.00,2.25
2016.06.08 15:41:16.219,0.74875,0.74895,1.00,2.25
2016.06.08 15:41:16.593,0.74875,0.74896,1.00,1.75
2016.06.08 15:41:16.747,0.7487,0.74899,1.75,4.50
2016.06.08 15:41:16.948,0.74875,0.74899,1.00,5.25
2016.06.08 15:41:17.948,0.7487,0.74898,1.75,1.75
2016.06.08 15:41:18.432,0.74874,0.74902,1.50,4.42
2016.06.08 15:41:23.427,0.74875,0.74898,1.12,1.75
2016.06.08 15:41:23.943,0.74875,0.74898,1.00,2.25
2016.06.08 15:41:24.572,0.7487,0.74898,1.50,3.00
2016.06.08 15:41:26.434,0.7487,0.74896,1.37,3.00
2016.06.08 15:41:26.937,0.7487,0.74895,1.00,2.25
2016.06.08 15:41:28.472,0.74869,0.74895,1.00,2.25
2016.06.08 15:41:29.148,0.7487,0.74895,1.00,2.25
2016.06.08 15:41:32.631,0.7487,0.74894,1.00,3.00
2016.06.08 15:41:33.228,0.7487,0.74892,1.00,1.75
2016.06.08 15:41:36.533,0.7487,0.74891,1.00,1.00
2016.06.08 15:41:37.913,0.7487,0.74895,1.50,2.25
2016.06.08 15:41:39.462,0.74875,0.74898,1.00,4.50
2016.06.08 15:41:39.563,0.74875,0.74898,1.00,2.25
2016.06.08 15:41:41.659,0.74875,0.74898,1.00,1.75
2016.06.08 15:41:41.861,0.7487,0.74897,1.75,1.75
2016.06.08 15:41:43.989,0.7487,0.74896,1.00,3.75
2016.06.08 15:41:44.859,0.7487,0.74899,1.75,4.20
2016.06.08 15:41:45.777,0.74875,0.74899,1.00,2.25
2016.06.08 15:41:53.248,0.7487,0.74898,1.75,1.75
2016.06.08 15:41:53.355,0.7487,0.74896,1.50,3.00
2016.06.08 15:41:53.406,0.7487,0.74896,1.12,4.50
2016.06.08 15:41:53.557,0.7487,0.74894,1.00,2.25
2016.06.08 15:41:53.709,0.7487,0.74895,1.00,3.52
2016.06.08 15:41:54.245,0.74869,0.74894,1.12,1.75
2016.06.08 15:41:55.650,0.7487,0.74895,1.00,4.27
2016.06.08 15:41:56.404,0.74869,0.74895,1.12,3.52
2016.06.08 15:41:57.354,0.74865,0.74892,1.50,1.75
2016.06.08 15:41:57.405,0.74864,0.74892,1.50,2.25
2016.06.08 15:42:00.603,0.74865,0.74893,1.75,2.25
2016.06.08 15:42:01.177,0.7487,0.74894,1.00,1.75
2016.06.08 15:42:02.833,0.74869,0.74895,1.12,4.50
2016.06.08 15:42:02.985,0.74869,0.74895,1.75,4.50
2016.06.08 15:42:05.669,0.7487,0.74893,1.12,1.87
2016.06.08 15:42:06.515,0.7487,0.74893,1.00,3.00
2016.06.08 15:42:06.918,0.74865,0.74892,1.50,1.75
2016.06.08 15:42:07.220,0.74865,0.7489,1.00,2.25
2016.06.08 15:42:07.474,0.74857,0.74885,2.77,2.25
2016.06.08 15:42:07.575,0.74857,0.74884,1.50,3.00
2016.06.08 15:42:07.626,0.74857,0.74884,1.12,3.00
2016.06.08 15:42:08.275,0.74855,0.74885,3.75,4.50
2016.06.08 15:42:08.717,0.74862,0.74885,1.00,1.00
2016.06.08 15:42:11.886,0.7486,0.74885,1.50,1.50
2016.06.08 15:42:11.936,0.7486,0.74885,1.12,1.75
2016.06.08 15:42:12.311,0.7486,0.7488,1.00,1.00
2016.06.08 15:42:14.168,0.74856,0.7488,1.00,1.00
2016.06.08 15:42:15.829,0.74854,0.7488,1.12,3.00
2016.06.08 15:42:16.828,0.74855,0.74879,1.00,1.75
2016.06.08 15:42:17.130,0.7486,0.7488,1.00,2.25
2016.06.08 15:42:17.940,0.74855,0.74883,1.75,3.00
2016.06.08 15:42:18.344,0.7485,0.74876,3.15,1.75
2016.06.08 15:42:18.545,0.74846,0.74869,1.00,1.00
2016.06.08 15:42:19.096,0.74846,0.74868,1.00,1.00
2016.06.08 15:42:19.638,0.74846,0.74869,1.00,1.00
2016.06.08 15:42:20.719,0.74846,0.74868,1.00,1.00
2016.06.08 15:42:24.307,0.74845,0.74868,1.37,1.37
2016.06.08 15:42:24.837,0.74845,0.74868,1.00,1.75
2016.06.08 15:42:27.065,0.74849,0.74868,1.00,1.75
2016.06.08 15:42:27.960,0.7485,0.74871,1.00,3.00
2016.06.08 15:42:28.340,0.7485,0.74873,1.00,1.12
2016.06.08 15:42:31.740,0.7485,0.74873,1.12,1.75
2016.06.08 15:42:31.971,0.74855,0.74873,1.00,1.75
2016.06.08 15:42:33.730,0.74855,0.74876,1.00,1.75
2016.06.08 15:42:33.781,0.74855,0.74876,1.00,1.50
2016.06.08 15:42:35.353,0.74854,0.74878,1.12,1.75
2016.06.08 15:42:35.757,0.74855,0.74878,1.00,3.00
2016.06.08 15:42:36.060,0.7486,0.74881,1.00,3.00
2016.06.08 15:42:36.372,0.7486,0.74881,1.12,1.12
2016.06.08 15:42:37.058,0.74855,0.74883,1.75,1.75
2016.06.08 15:42:41.955,0.74851,0.74876,2.25,1.87
2016.06.08 15:42:42.005,0.7485,0.74876,1.75,2.25
2016.06.08 15:42:43.731,0.7485,0.74874,1.75,1.00
2016.06.08 15:42:44.098,0.74849,0.74874,1.50,2.25
2016.06.08 15:42:46.338,0.7485,0.74874,1.50,1.87
2016.06.08 15:42:46.389,0.7485,0.74874,1.75,1.87
2016.06.08 15:42:46.762,0.74855,0.74874,1.00,1.12
2016.06.08 15:42:47.216,0.7485,0.74874,1.37,1.50
2016.06.08 15:42:47.266,0.7485,0.74874,1.00,1.75
2016.06.08 15:42:47.619,0.74845,0.74873,1.75,1.75
2016.06.08 15:42:47.928,0.74845,0.74869,1.00,2.25
2016.06.08 15:42:48.242,0.74845,0.74868,1.00,3.00
2016.06.08 15:42:48.794,0.74845,0.74869,1.00,3.00
2016.06.08 15:42:49.183,0.7485,0.7487,1.00,2.25
2016.06.08 15:42:51.186,0.7485,0.74872,1.00,1.75
2016.06.08 15:42:51.241,0.74855,0.74873,1.00,2.25
2016.06.08 15:42:51.293,0.74855,0.74875,1.00,2.02
2016.06.08 15:42:51.799,0.74855,0.74876,1.00,1.00
2016.06.08 15:42:52.303,0.74855,0.7488,1.50,1.75
2016.06.08 15:42:52.707,0.74855,0.74878,1.00,2.25
2016.06.08 15:42:52.859,0.7485,0.74876,1.50,1.75
2016.06.08 15:42:55.012,0.7485,0.74876,1.00,3.75
2016.06.08 15:42:55.494,0.74845,0.74871,1.50,1.75
2016.06.08 15:42:56.712,0.74845,0.74871,1.75,1.50
2016.06.08 15:42:56.763,0.7485,0.74873,1.00,1.75
2016.06.08 15:42:59.323,0.7485,0.74875,1.37,3.00
2016.06.08 15:43:08.643,0.74855,0.74876,1.00,2.25
2016.06.08 15:43:08.845,0.74854,0.74879,1.50,2.25
2016.06.08 15:43:09.047,0.7485,0.74878,1.75,1.75
2016.06.08 15:43:13.166,0.7485,0.74876,1.00,3.75
2016.06.08 15:43:13.670,0.74845,0.74875,2.32,3.00
2016.06.08 15:43:14.207,0.7485,0.74875,1.00,1.75
2016.06.08 15:43:16.971,0.74849,0.74876,1.12,4.50
2016.06.08 15:43:19.223,0.7485,0.74875,1.00,3.00
2016.06.08 15:43:23.505,0.74849,0.74874,1.12,1.75
2016.06.08 15:43:24.582,0.7485,0.74874,1.00,1.75
2016.06.08 15:43:26.340,0.7485,0.74875,1.37,1.50
2016.06.08 15:43:26.391,0.7485,0.74875,1.75,1.50
2016.06.08 15:43:26.442,0.7485,0.74874,1.37,1.50
2016.06.08 15:43:26.493,0.74846,0.74873,1.75,1.75
2016.06.08 15:43:27.538,0.74844,0.7487,1.50,1.75
2016.06.08 15:43:31.419,0.7485,0.74869,1.00,1.75
2016.06.08 15:43:32.478,0.74845,0.74868,1.12,1.75
2016.06.08 15:43:34.988,0.74845,0.74871,1.75,2.25
2016.06.08 15:43:35.235,0.7485,0.74873,1.00,3.00
2016.06.08 15:43:37.983,0.7485,0.74875,1.50,3.00
2016.06.08 15:43:38.516,0.74855,0.74876,1.00,4.50
2016.06.08 15:43:38.818,0.74855,0.74876,1.00,1.12
2016.06.08 15:43:43.652,0.74854,0.74877,1.12,1.50
2016.06.08 15:43:44.332,0.74855,0.74877,1.00,1.50
2016.06.08 15:43:47.690,0.74855,0.7488,1.75,1.12
2016.06.08 15:43:48.042,0.7486,0.74881,1.00,1.50
2016.06.08 15:43:52.833,0.74855,0.74885,2.25,4.50
2016.06.08 15:43:56.976,0.7486,0.74884,1.00,2.25
2016.06.08 15:43:57.889,0.74865,0.74885,1.00,2.25
2016.06.08 15:43:57.939,0.74865,0.74887,1.00,1.75
2016.06.08 15:43:58.741,0.7486,0.74887,1.50,1.75
2016.06.08 15:43:58.842,0.74865,0.74888,1.00,3.75
2016.06.08 15:43:59.145,0.74865,0.7489,1.12,2.25
2016.06.08 15:43:59.507,0.74865,0.74888,1.00,2.25
2016.06.08 15:44:04.456,0.74861,0.74885,1.00,1.50
2016.06.08 15:44:05.102,0.74865,0.74885,1.00,1.00
2016.06.08 15:44:05.254,0.74865,0.74889,1.75,1.50
2016.06.08 15:44:05.456,0.74865,0.74887,1.00,1.50
2016.06.08 15:44:07.569,0.74865,0.74889,1.00,3.75
2016.06.08 15:44:09.658,0.74864,0.74889,1.00,3.75
2016.06.08 15:44:10.205,0.74865,0.74889,1.00,3.75
2016.06.08 15:44:10.960,0.74865,0.74889,1.00,2.25
2016.06.08 15:44:11.011,0.74865,0.74889,1.00,2.25
2016.06.08 15:44:11.430,0.74866,0.74889,1.00,1.50
2016.06.08 15:44:11.884,0.7486,0.74889,2.25,1.75
2016.06.08 15:44:12.186,0.74861,0.74889,2.25,1.50
2016.06.08 15:44:14.509,0.74861,0.74887,2.25,1.00
2016.06.08 15:44:14.614,0.74859,0.74887,3.67,1.50
2016.06.08 15:44:21.525,0.7486,0.74886,1.50,2.25
2016.06.08 15:44:25.414,0.7486,0.74887,1.75,1.50
2016.06.08 15:44:26.483,0.74865,0.74887,1.00,1.50
2016.06.08 15:44:26.889,0.7486,0.74886,1.50,2.85
2016.06.08 15:44:26.940,0.74859,0.74886,1.75,2.85
2016.06.08 15:44:28.202,0.7486,0.74884,1.12,2.25
2016.06.08 15:44:28.706,0.74859,0.7488,1.00,1.00
2016.06.08 15:44:29.247,0.74865,0.7488,1.00,1.00
2016.06.08 15:44:31.333,0.7486,0.7488,1.00,1.00
2016.06.08 15:44:31.435,0.7486,0.74884,1.12,1.50
2016.06.08 15:44:31.485,0.7486,0.74884,1.00,2.25
2016.06.08 15:44:33.733,0.7486,0.74885,1.00,1.75
2016.06.08 15:44:33.966,0.74865,0.74887,1.00,1.75
2016.06.08 15:44:37.199,0.74864,0.74886,1.00,1.50
2016.06.08 15:44:37.721,0.74865,0.74886,1.00,1.50
2016.06.08 15:44:38.024,0.7486,0.74886,1.75,1.50
2016.06.08 15:44:38.125,0.7486,0.74886,1.75,1.50
2016.06.08 15:44:38.628,0.7486,0.74884,1.50,2.25
2016.06.08 15:44:39.313,0.74855,0.74884,1.75,2.25
2016.06.08 15:44:39.364,0.74855,0.74884,1.75,2.25
2016.06.08 15:44:39.515,0.7486,0.74884,1.00,2.25
2016.06.08 15:44:39.740,0.7486,0.74884,1.75,2.25
2016.06.08 15:44:42.048,0.74865,0.74885,1.75,1.00
2016.06.08 15:44:42.099,0.74865,0.74893,1.75,2.25
2016.06.08 15:44:42.604,0.7487,0.74893,1.00,1.50
2016.06.08 15:44:47.938,0.74869,0.74893,1.37,1.00
2016.06.08 15:44:49.142,0.74874,0.74897,1.00,1.75
2016.06.08 15:44:49.243,0.7487,0.74897,1.75,1.75
2016.06.08 15:44:53.452,0.74875,0.74898,1.00,2.25
2016.06.08 15:44:53.755,0.74869,0.74898,1.75,3.75
2016.06.08 15:44:55.007,0.74875,0.74899,1.00,2.25
2016.06.08 15:44:55.309,0.7487,0.74897,1.75,1.75
2016.06.08 15:44:57.351,0.74865,0.74893,3.00,1.37
2016.06.08 15:44:57.636,0.74865,0.7489,1.75,1.50
2016.06.08 15:44:58.467,0.74865,0.74887,1.00,1.00
2016.06.08 15:44:59.122,0.74864,0.74887,1.00,1.00
2016.06.08 15:44:59.578,0.74865,0.74887,1.00,1.75
2016.06.08 15:44:59.629,0.7486,0.74887,1.50,1.75
2016.06.08 15:45:00.341,0.7486,0.74888,1.50,1.75
2016.06.08 15:45:00.595,0.7486,0.74888,1.50,3.00
2016.06.08 15:45:00.746,0.74865,0.74888,1.37,1.50
2016.06.08 15:45:00.797,0.74865,0.74891,1.50,1.75
2016.06.08 15:45:01.880,0.74865,0.74891,1.75,1.37
2016.06.08 15:45:02.440,0.7487,0.74895,1.00,1.75
2016.06.08 15:45:03.611,0.74869,0.74895,1.12,1.75
2016.06.08 15:45:04.144,0.7487,0.74895,1.00,1.75
2016.06.08 15:45:05.325,0.7487,0.74896,1.50,1.75
2016.06.08 15:45:05.540,0.74875,0.74898,1.00,5.10
2016.06.08 15:45:05.691,0.74875,0.74899,1.00,1.75
2016.06.08 15:45:05.893,0.74875,0.74897,1.00,1.75
2016.06.08 15:45:07.539,0.7487,0.74898,1.50,3.00
2016.06.08 15:45:07.932,0.74875,0.74898,1.00,3.00
2016.06.08 15:45:08.140,0.7487,0.74898,1.50,3.00
2016.06.08 15:45:09.544,0.74875,0.74898,1.00,3.00
2016.06.08 15:45:09.847,0.74869,0.74898,1.75,3.00
2016.06.08 15:45:10.099,0.7487,0.74896,1.00,2.25
2016.06.08 15:45:10.825,0.74865,0.74895,3.00,1.75
2016.06.08 15:45:11.380,0.74865,0.74893,1.75,2.25
2016.06.08 15:45:11.431,0.74865,0.74893,1.50,2.25
2016.06.08 15:45:11.738,0.74863,0.74887,1.12,1.75
2016.06.08 15:45:11.790,0.7486,0.74885,1.00,3.00
2016.06.08 15:45:11.942,0.74855,0.74885,1.75,4.50
2016.06.08 15:45:12.104,0.74855,0.74882,1.12,2.25
2016.06.08 15:45:14.409,0.7485,0.7488,3.00,3.75
2016.06.08 15:45:14.712,0.74855,0.74879,1.00,1.75
2016.06.08 15:45:15.162,0.7485,0.7488,2.25,4.50
2016.06.08 15:45:15.343,0.74855,0.7488,1.00,3.75
2016.06.08 15:45:15.635,0.7485,0.74877,1.12,2.25
2016.06.08 15:45:18.672,0.74855,0.74876,1.00,1.75
2016.06.08 15:45:18.845,0.7486,0.7488,1.00,1.95
2016.06.08 15:45:19.147,0.74855,0.74881,1.50,2.25
2016.06.08 15:45:19.629,0.74855,0.74879,1.00,3.00
2016.06.08 15:45:24.986,0.7485,0.74877,1.75,3.00
2016.06.08 15:45:25.087,0.74855,0.74877,1.00,1.75
2016.06.08 15:45:28.423,0.74849,0.74877,1.75,1.75
2016.06.08 15:45:30.628,0.74845,0.74873,1.75,1.75
2016.06.08 15:45:30.931,0.74846,0.74875,2.25,1.75
2016.06.08 15:45:38.314,0.74846,0.74872,2.25,1.00
2016.06.08 15:45:38.466,0.74841,0.74871,2.25,2.25
2016.06.08 15:45:40.735,0.7485,0.74869,1.00,1.50
2016.06.08 15:45:40.887,0.7485,0.74877,1.75,1.75
2016.06.08 15:45:40.937,0.74855,0.74877,1.12,1.37
2016.06.08 15:45:40.988,0.74855,0.74877,1.50,1.00
2016.06.08 15:45:41.240,0.74855,0.74877,1.00,1.75
2016.06.08 15:45:42.146,0.74855,0.74878,1.12,1.50
2016.06.08 15:45:42.790,0.74855,0.74879,1.00,2.25
2016.06.08 15:45:43.426,0.7485,0.74877,1.75,1.75
2016.06.08 15:45:47.983,0.7485,0.74876,1.12,3.00
2016.06.08 15:45:48.755,0.74849,0.74872,1.37,1.50
2016.06.08 15:45:49.028,0.74845,0.74871,1.50,1.75
2016.06.08 15:45:49.331,0.7485,0.74871,1.00,1.75
2016.06.08 15:45:49.432,0.74845,0.74871,1.50,1.75
2016.06.08 15:45:49.784,0.74845,0.74871,1.00,3.75
2016.06.08 15:45:50.594,0.74845,0.74867,1.00,2.25
2016.06.08 15:45:51.877,0.74844,0.74867,1.00,2.25
2016.06.08 15:45:51.983,0.74845,0.74867,1.12,1.12
2016.06.08 15:45:52.185,0.74845,0.7487,1.75,1.12
2016.06.08 15:45:54.168,0.74845,0.74869,1.75,1.00
2016.06.08 15:45:54.431,0.74845,0.74866,1.00,1.00
2016.06.08 15:45:57.697,0.74845,0.7487,1.50,2.25
2016.06.08 15:45:58.201,0.74844,0.74867,1.00,2.25
2016.06.08 15:45:58.688,0.74837,0.7486,2.25,1.00
2016.06.08 15:45:58.739,0.74835,0.7486,1.75,1.00
2016.06.08 15:45:58.890,0.74835,0.74861,1.75,2.25
2016.06.08 15:45:58.992,0.7484,0.74864,1.00,2.25
2016.06.08 15:45:59.194,0.74845,0.74869,1.00,1.75
2016.06.08 15:45:59.614,0.74845,0.74866,1.00,1.75
2016.06.08 15:45:59.673,0.7484,0.74866,1.12,3.00
2016.06.08 15:46:00.183,0.74845,0.74867,1.00,3.75
2016.06.08 15:46:00.588,0.74839,0.74867,1.50,5.25
2016.06.08 15:46:02.091,0.7484,0.74867,1.50,3.75
2016.06.08 15:46:02.436,0.74845,0.74867,1.00,2.25
2016.06.08 15:46:02.486,0.7484,0.74867,1.75,3.00
2016.06.08 15:46:02.587,0.7484,0.74867,1.37,3.00
2016.06.08 15:46:02.638,0.7484,0.74863,1.00,1.00
2016.06.08 15:46:02.890,0.7484,0.74867,1.37,3.00
2016.06.08 15:46:03.193,0.74845,0.74867,1.00,3.00
2016.06.08 15:46:04.109,0.74845,0.74866,1.00,2.25
2016.06.08 15:46:04.512,0.7484,0.74866,1.00,3.00
2016.06.08 15:46:09.637,0.74845,0.74867,1.00,2.25
2016.06.08 15:46:09.940,0.7485,0.7487,1.00,1.75
2016.06.08 15:46:10.041,0.74845,0.74872,1.12,2.25
2016.06.08 15:46:10.476,0.74845,0.74872,1.50,2.25
2016.06.08 15:46:10.628,0.74849,0.74873,1.00,1.75
2016.06.08 15:46:11.498,0.74845,0.74871,1.50,2.25
2016.06.08 15:46:11.549,0.74845,0.74871,1.50,2.25
2016.06.08 15:46:16.922,0.74845,0.74871,1.75,1.50
2016.06.08 15:46:16.973,0.74845,0.74871,1.75,2.25
2016.06.08 15:46:17.024,0.74845,0.74871,1.50,2.25
2016.06.08 15:46:17.074,0.74845,0.74871,1.50,2.25
2016.06.08 15:46:17.277,0.74845,0.74873,1.75,1.75
2016.06.08 15:46:17.548,0.7485,0.74875,1.75,1.50
2016.06.08 15:46:21.337,0.74849,0.74875,1.12,1.75
2016.06.08 15:46:22.843,0.74849,0.74876,1.75,2.25
2016.06.08 15:46:23.145,0.74849,0.74875,1.12,1.75
2016.06.08 15:46:23.686,0.7485,0.74875,1.00,1.75
2016.06.08 15:46:26.550,0.7485,0.74875,1.37,1.75
2016.06.08 15:46:26.600,0.7485,0.74875,1.75,1.75
2016.06.08 15:46:28.108,0.7485,0.74874,1.37,1.50
2016.06.08 15:46:28.580,0.74849,0.74873,1.12,1.75
2016.06.08 15:46:29.261,0.7485,0.74873,1.00,1.75
2016.06.08 15:46:30.865,0.74849,0.74875,1.12,3.00
2016.06.08 15:46:31.767,0.7485,0.74876,1.00,6.75
2016.06.08 15:46:32.864,0.7485,0.74875,1.75,2.25
2016.06.08 15:46:36.197,0.7485,0.74875,1.12,2.25
2016.06.08 15:46:36.507,0.7485,0.74876,1.75,2.25
2016.06.08 15:46:37.022,0.7485,0.74876,1.00,4.50
2016.06.08 15:46:37.285,0.7485,0.74876,1.75,2.25
2016.06.08 15:46:41.008,0.74855,0.74879,1.00,3.00
2016.06.08 15:46:41.545,0.74854,0.74879,1.00,3.00
2016.06.08 15:46:42.586,0.74855,0.7488,1.00,2.25
2016.06.08 15:46:42.637,0.74855,0.74879,1.50,1.00
2016.06.08 15:46:42.688,0.7486,0.74879,1.00,1.00
2016.06.08 15:46:42.999,0.74855,0.74879,1.50,1.00
2016.06.08 15:46:43.151,0.7486,0.74879,1.00,1.00
2016.06.08 15:46:47.957,0.74859,0.74879,1.00,1.00
2016.06.08 15:46:48.312,0.74859,0.74883,1.37,1.37
2016.06.08 15:46:48.363,0.7486,0.74886,1.75,1.75
2016.06.08 15:46:48.615,0.7486,0.74884,1.37,1.37
2016.06.08 15:46:49.068,0.74865,0.74885,1.00,2.25
2016.06.08 15:46:49.220,0.74865,0.74886,1.00,1.87
2016.06.08 15:46:49.271,0.7486,0.74886,1.50,1.12
2016.06.08 15:47:00.455,0.7486,0.74887,1.75,2.25
2016.06.08 15:47:02.163,0.7486,0.74882,1.00,1.00
2016.06.08 15:47:03.842,0.74859,0.74882,1.00,1.00
2016.06.08 15:47:04.403,0.7486,0.74882,1.00,1.00
2016.06.08 15:47:06.429,0.74859,0.74882,1.00,1.00
2016.06.08 15:47:07.053,0.7486,0.74882,1.00,1.00
2016.06.08 15:47:09.850,0.74858,0.74882,1.00,1.00
2016.06.08 15:47:10.042,0.74855,0.74881,1.75,1.87
2016.06.08 15:47:10.546,0.74855,0.74881,1.75,3.00
2016.06.08 15:47:20.557,0.74855,0.74881,1.37,3.00
2016.06.08 15:47:21.271,0.74855,0.7488,1.00,1.75
2016.06.08 15:47:21.985,0.74855,0.7488,1.37,1.75
2016.06.08 15:47:22.035,0.74855,0.74882,1.50,3.75
2016.06.08 15:47:24.773,0.74855,0.74882,1.50,3.00
2016.06.08 15:47:25.373,0.74855,0.74882,1.75,3.00
2016.06.08 15:47:26.734,0.7486,0.74882,1.00,1.75
2016.06.08 15:47:27.741,0.74855,0.74884,1.75,1.75
2016.06.08 15:47:31.977,0.7486,0.74883,1.00,2.25
2016.06.08 15:47:32.651,0.74859,0.74883,1.12,1.75
2016.06.08 15:47:36.814,0.74855,0.7488,1.75,1.37
2016.06.08 15:47:36.865,0.74855,0.7488,1.50,1.75
2016.06.08 15:47:37.756,0.7486,0.7488,1.00,1.75
2016.06.08 15:47:37.958,0.7486,0.74884,1.12,1.75
2016.06.08 15:47:38.570,0.74865,0.74887,1.00,3.37
2016.06.08 15:47:38.673,0.74865,0.74887,1.12,1.50
2016.06.08 15:47:39.337,0.7486,0.74886,1.75,1.37
2016.06.08 15:47:39.388,0.7486,0.74886,1.75,1.75
2016.06.08 15:47:41.284,0.74865,0.74886,1.00,1.75
2016.06.08 15:47:41.385,0.74865,0.74888,1.00,1.75
2016.06.08 15:47:42.396,0.7486,0.74888,2.10,1.75
2016.06.08 15:47:43.484,0.74865,0.74888,1.00,1.75
2016.06.08 15:47:51.189,0.74865,0.74891,1.75,2.25
2016.06.08 15:47:54.104,0.7487,0.74894,1.00,3.00
2016.06.08 15:47:54.472,0.74865,0.74894,1.75,2.25
2016.06.08 15:47:57.117,0.7487,0.74895,1.00,3.00
2016.06.08 15:47:57.269,0.7487,0.74896,1.50,1.75
2016.06.08 15:48:01.305,0.74866,0.74895,1.75,3.75
2016.06.08 15:48:01.355,0.74866,0.74895,1.75,3.75
2016.06.08 15:48:01.507,0.7487,0.74895,1.00,3.00
2016.06.08 15:48:01.868,0.74866,0.74895,1.75,3.75
2016.06.08 15:48:01.919,0.7487,0.74895,1.00,3.00
2016.06.08 15:48:02.020,0.74866,0.74895,1.75,3.75
2016.06.08 15:48:03.197,0.7487,0.74894,1.00,1.75
2016.06.08 15:48:03.715,0.7487,0.74895,1.75,2.25
2016.06.08 15:48:03.816,0.74875,0.74899,1.00,3.00
2016.06.08 15:48:03.918,0.74875,0.749,1.00,1.75
2016.06.08 15:48:04.119,0.74875,0.74901,1.50,1.75
2016.06.08 15:48:05.301,0.74871,0.74899,2.25,1.75
2016.06.08 15:48:05.351,0.7487,0.74899,2.25,1.75
2016.06.08 15:48:06.975,0.7487,0.74898,1.50,1.75
2016.06.08 15:48:07.026,0.7487,0.74895,1.50,1.75
2016.06.08 15:48:07.127,0.7487,0.74893,1.00,1.75
2016.06.08 15:48:07.229,0.74865,0.74894,1.75,1.75
2016.06.08 15:48:07.481,0.74866,0.74894,2.25,1.37
2016.06.08 15:48:07.719,0.74869,0.74896,1.75,3.00
2016.06.08 15:48:09.915,0.7487,0.74897,1.37,2.25
2016.06.08 15:48:09.966,0.7487,0.74897,1.12,3.75
2016.06.08 15:48:10.431,0.7487,0.74897,1.75,1.75
2016.06.08 15:48:10.985,0.74869,0.74899,3.00,2.25
2016.06.08 15:48:11.036,0.74869,0.74898,1.50,3.75
2016.06.08 15:48:14.900,0.74875,0.749,1.00,3.00
2016.06.08 15:48:27.124,0.74875,0.74905,3.00,4.50
2016.06.08 15:48:31.974,0.74872,0.749,2.25,1.75
2016.06.08 15:48:32.025,0.7487,0.749,4.20,2.25
2016.06.08 15:48:33.190,0.74875,0.749,1.00,1.75
2016.06.08 15:48:33.342,0.74875,0.74901,1.75,1.75
2016.06.08 15:48:37.238,0.74879,0.74904,1.75,1.50
2016.06.08 15:48:39.028,0.74876,0.74901,1.75,1.50
2016.06.08 15:48:39.079,0.74875,0.74901,1.75,3.00
2016.06.08 15:48:45.496,0.7487,0.74899,2.25,1.75
2016.06.08 15:48:54.686,0.74875,0.74899,1.00,2.25
2016.06.08 15:48:56.756,0.74869,0.74899,3.00,1.50
2016.06.08 15:48:56.807,0.74869,0.74899,1.75,2.25
2016.06.08 15:48:57.810,0.74869,0.74897,1.75,2.25
2016.06.08 15:49:01.928,0.74865,0.74891,3.00,1.00
2016.06.08 15:49:02.029,0.74865,0.7489,1.50,1.37
2016.06.08 15:49:02.180,0.74865,0.7489,1.37,2.25
2016.06.08 15:49:02.231,0.74865,0.74889,1.00,1.75
2016.06.08 15:49:02.738,0.7486,0.74888,2.25,1.75
2016.06.08 15:49:04.255,0.74865,0.74889,1.00,1.75
2016.06.08 15:49:10.842,0.74865,0.74891,1.75,2.25
2016.06.08 15:49:13.755,0.74865,0.74887,1.00,1.00
2016.06.08 15:49:16.643,0.7487,0.74895,1.00,3.00
2016.06.08 15:49:16.744,0.7487,0.74896,1.75,1.75
2016.06.08 15:49:22.141,0.7487,0.74896,1.50,3.00
2016.06.08 15:49:22.690,0.7487,0.74896,1.12,2.25
2016.06.08 15:49:23.444,0.7487,0.74897,1.37,3.00
2016.06.08 15:49:23.495,0.7487,0.74897,1.75,1.75
2016.06.08 15:49:26.452,0.7487,0.74899,1.75,3.00
2016.06.08 15:49:26.503,0.7487,0.74899,1.75,3.00
2016.06.08 15:49:30.812,0.7487,0.74896,1.75,1.00
2016.06.08 15:49:30.863,0.74869,0.74895,1.75,1.37
2016.06.08 15:49:30.914,0.74869,0.74895,1.75,1.75
2016.06.08 15:49:36.090,0.7487,0.74894,1.00,2.25
2016.06.08 15:49:36.925,0.74869,0.74894,1.00,2.25
2016.06.08 15:49:37.389,0.74869,0.74895,1.50,1.75
2016.06.08 15:49:40.940,0.74875,0.74895,1.00,1.75
2016.06.08 15:49:41.092,0.74875,0.74898,1.00,1.75
2016.06.08 15:49:41.142,0.7488,0.74898,1.00,1.75
2016.06.08 15:49:41.731,0.74875,0.74901,1.00,3.00
2016.06.08 15:49:45.423,0.74875,0.74901,1.75,2.25
2016.06.08 15:49:46.304,0.74874,0.74901,1.50,2.25
2016.06.08 15:49:53.335,0.7487,0.74894,2.25,1.00
2016.06.08 15:50:00.530,0.7487,0.74899,2.25,1.75
2016.06.08 15:50:00.883,0.7488,0.74901,1.00,3.75
2016.06.08 15:50:01.123,0.7488,0.74904,1.00,1.75
2016.06.08 15:50:01.634,0.7488,0.74906,1.75,2.25
2016.06.08 15:50:04.524,0.74876,0.74905,2.25,3.75
2016.06.08 15:50:05.024,0.74875,0.74901,1.75,1.37
2016.06.08 15:50:05.075,0.74875,0.74901,1.50,1.75
2016.06.08 15:50:07.938,0.74875,0.749,1.12,2.25
2016.06.08 15:50:08.948,0.74875,0.749,1.50,1.75
2016.06.08 15:50:10.307,0.7488,0.74906,1.12,2.25
2016.06.08 15:50:15.757,0.74875,0.74901,1.75,1.37
2016.06.08 15:50:15.808,0.74875,0.74901,1.75,1.75
2016.06.08 15:50:21.219,0.74872,0.74898,2.25,1.00
2016.06.08 15:50:21.270,0.74871,0.74898,2.25,1.37
2016.06.08 15:50:21.321,0.7487,0.74896,1.75,1.12
2016.06.08 15:50:21.472,0.7487,0.74895,1.37,1.37
2016.06.08 15:50:21.523,0.7487,0.74893,1.00,1.00
2016.06.08 15:50:22.993,0.74869,0.74893,1.00,1.00
2016.06.08 15:50:23.960,0.74865,0.74892,1.50,1.87
2016.06.08 15:50:24.011,0.74865,0.7489,1.12,1.75
2016.06.08 15:50:24.061,0.74865,0.74889,1.00,3.00
2016.06.08 15:50:24.314,0.74865,0.74888,1.00,1.00
2016.06.08 15:50:25.367,0.74865,0.74893,1.37,3.00
2016.06.08 15:50:25.418,0.74865,0.74893,1.75,1.75
2016.06.08 15:50:25.955,0.7487,0.74895,1.37,2.25
2016.06.08 15:50:26.616,0.7487,0.74897,1.75,2.25
2016.06.08 15:50:27.732,0.74866,0.74893,2.25,1.50
2016.06.08 15:50:27.813,0.74865,0.74893,2.25,2.70
2016.06.08 15:50:28.174,0.74865,0.74893,3.00,1.75
2016.06.08 15:50:28.224,0.74865,0.74893,3.00,1.50
2016.06.08 15:50:28.806,0.74865,0.74894,1.75,1.75
2016.06.08 15:50:29.130,0.7487,0.74894,1.00,2.25
2016.06.08 15:50:29.889,0.74864,0.74894,1.75,2.25
2016.06.08 15:50:30.402,0.74865,0.74891,1.50,1.75
2016.06.08 15:50:30.453,0.74865,0.74891,1.12,2.25
2016.06.08 15:50:30.907,0.7487,0.74891,1.00,1.75
2016.06.08 15:50:31.058,0.7487,0.74893,1.00,1.75
2016.06.08 15:50:31.594,0.7487,0.74895,1.00,2.25
2016.06.08 15:50:32.941,0.74865,0.74892,1.87,3.00
2016.06.08 15:50:33.750,0.7486,0.74889,2.25,2.25
2016.06.08 15:50:33.801,0.7486,0.74889,2.25,3.75
2016.06.08 15:50:36.220,0.74865,0.74889,1.00,3.00
2016.06.08 15:50:36.372,0.74865,0.74891,1.50,2.25
2016.06.08 15:50:38.922,0.7487,0.74892,1.00,2.25
2016.06.08 15:50:39.318,0.7487,0.74892,1.00,1.00
2016.06.08 15:50:39.823,0.74869,0.74892,1.00,1.00
2016.06.08 15:50:39.975,0.74865,0.7489,2.25,1.50
2016.06.08 15:50:45.548,0.7487,0.74893,1.00,1.75
2016.06.08 15:50:46.103,0.7487,0.74893,1.00,1.00
2016.06.08 15:50:47.334,0.74869,0.74893,1.00,1.00
2016.06.08 15:50:47.905,0.7487,0.74893,1.00,1.00
2016.06.08 15:50:48.259,0.7487,0.74896,1.37,2.92
2016.06.08 15:50:48.334,0.7487,0.74899,1.75,2.25
2016.06.08 15:50:48.385,0.74875,0.74899,1.00,1.75
2016.06.08 15:50:48.912,0.74874,0.749,1.00,3.00
2016.06.08 15:50:49.728,0.74875,0.749,1.00,3.00
2016.06.08 15:50:50.740,0.7487,0.74899,1.75,1.75
2016.06.08 15:50:52.087,0.74869,0.74896,1.50,1.75
2016.06.08 15:50:52.138,0.74869,0.74896,1.50,1.75
2016.06.08 15:50:57.021,0.74861,0.7489,3.00,2.25
2016.06.08 15:51:00.029,0.7487,0.74891,1.00,1.75
2016.06.08 15:51:00.282,0.74865,0.74892,1.75,1.75
2016.06.08 15:51:00.685,0.7487,0.74894,1.00,4.50
2016.06.08 15:51:00.836,0.7487,0.74897,1.37,2.25
2016.06.08 15:51:00.887,0.74875,0.74897,1.00,2.25
2016.06.08 15:51:00.938,0.74875,0.74899,1.00,1.75
2016.06.08 15:51:03.778,0.7487,0.74899,1.75,1.95
2016.06.08 15:51:04.425,0.7487,0.74896,1.12,2.25
2016.06.08 15:51:05.731,0.74875,0.74896,1.00,2.25
2016.06.08 15:51:05.782,0.7487,0.74896,1.12,2.25
2016.06.08 15:51:05.883,0.74875,0.74896,1.00,2.25
2016.06.08 15:51:06.646,0.74875,0.749,1.00,4.50
2016.06.08 15:51:08.671,0.74875,0.74902,1.12,3.00
2016.06.08 15:51:15.174,0.7487,0.74897,1.50,1.75
2016.06.08 15:51:16.619,0.74875,0.74898,1.00,2.25
2016.06.08 15:51:18.217,0.7487,0.74898,1.50,3.00
2016.06.08 15:51:23.664,0.74875,0.74899,1.00,2.25
2016.06.08 15:51:23.766,0.74875,0.749,1.12,1.75
2016.06.08 15:51:26.659,0.74877,0.74901,1.00,1.00
2016.06.08 15:51:26.761,0.7488,0.74901,1.00,1.00
2016.06.08 15:51:27.264,0.7488,0.74905,1.50,2.25
2016.06.08 15:51:32.494,0.74875,0.74904,2.25,1.75
2016.06.08 15:51:33.430,0.7488,0.74904,1.00,1.75
2016.06.08 15:51:34.475,0.7488,0.74906,1.50,2.92
2016.06.08 15:51:34.576,0.7488,0.74906,1.75,1.12
2016.06.08 15:51:35.741,0.74885,0.7491,1.00,3.00
2016.06.08 15:51:42.666,0.74884,0.7491,1.12,2.25
2016.06.08 15:51:44.082,0.74885,0.7491,1.00,2.25
2016.06.08 15:51:50.175,0.74884,0.7491,1.12,1.75
2016.06.08 15:51:50.479,0.74885,0.74912,1.75,2.25
2016.06.08 15:51:50.732,0.74885,0.74911,1.12,1.75
2016.06.08 15:52:04.451,0.74879,0.74908,1.75,1.75
2016.06.08 15:52:04.764,0.74879,0.74909,3.00,3.00
2016.06.08 15:52:08.665,0.7489,0.74912,1.00,1.75
2016.06.08 15:52:09.186,0.74885,0.74912,1.75,1.75
2016.06.08 15:52:09.388,0.7489,0.74912,1.00,1.75
2016.06.08 15:52:10.891,0.7489,0.74915,1.50,1.75
2016.06.08 15:52:11.966,0.7489,0.74918,1.75,1.75
2016.06.08 15:52:14.769,0.7489,0.74918,1.37,2.25
2016.06.08 15:52:14.819,0.7489,0.74917,1.12,2.25
2016.06.08 15:52:14.870,0.7489,0.74917,2.25,2.25
2016.06.08 15:52:14.921,0.74891,0.74919,1.75,1.75
2016.06.08 15:52:15.206,0.74895,0.7492,1.00,3.75
2016.06.08 15:52:20.019,0.7489,0.74918,1.75,1.75
2016.06.08 15:52:20.523,0.74894,0.74918,1.00,1.75
2016.06.08 15:52:21.039,0.74895,0.7492,1.00,3.00
2016.06.08 15:52:23.454,0.7489,0.7492,1.75,5.25
2016.06.08 15:52:23.835,0.7489,0.74916,1.00,3.00
2016.06.08 15:52:26.731,0.74889,0.74916,1.12,3.00
2016.06.08 15:52:27.282,0.7489,0.74916,1.00,3.00
2016.06.08 15:52:29.355,0.74895,0.74916,1.00,2.25
2016.06.08 15:52:29.456,0.74895,0.74918,1.00,1.20
2016.06.08 15:52:31.830,0.7489,0.74919,1.75,3.00
2016.06.08 15:52:32.309,0.74889,0.74915,1.37,1.75
2016.06.08 15:52:32.360,0.7489,0.74915,1.00,3.00
2016.06.08 15:52:35.834,0.74885,0.74915,1.75,6.00
2016.06.08 15:52:38.966,0.7489,0.74915,1.00,5.25
2016.06.08 15:52:39.969,0.74885,0.74915,1.75,6.00
2016.06.08 15:52:40.770,0.7489,0.74915,1.00,4.50
2016.06.08 15:52:43.719,0.7489,0.74915,1.37,2.25
2016.06.08 15:52:43.771,0.7489,0.74916,1.75,1.75
2016.06.08 15:52:43.872,0.74895,0.74919,1.00,3.00
2016.06.08 15:52:45.949,0.7489,0.74916,1.75,1.75
2016.06.08 15:52:47.844,0.7489,0.74915,1.37,1.75
2016.06.08 15:52:47.895,0.74889,0.74915,1.12,1.75
2016.06.08 15:52:49.037,0.7489,0.74915,1.00,1.75
2016.06.08 15:52:51.154,0.74885,0.74915,2.25,2.25
2016.06.08 15:52:52.802,0.7489,0.74915,1.00,1.75
2016.06.08 15:52:54.695,0.7489,0.74917,1.37,2.25
2016.06.08 15:52:55.377,0.7489,0.74919,1.75,5.77
2016.06.08 15:52:56.880,0.74895,0.74919,1.00,5.02
2016.06.08 15:53:01.824,0.74895,0.74919,1.12,1.75
2016.06.08 15:53:01.875,0.74895,0.74921,1.12,2.25
2016.06.08 15:53:02.386,0.74895,0.74922,1.75,1.75
2016.06.08 15:53:13.857,0.749,0.74925,1.00,4.50
2016.06.08 15:53:15.394,0.749,0.74925,1.37,2.25
2016.06.08 15:53:23.755,0.749,0.74928,1.37,2.25
2016.06.08 15:53:24.357,0.74905,0.74928,1.00,1.75
2016.06.08 15:53:24.875,0.74909,0.74931,1.00,1.00
2016.06.08 15:53:25.473,0.7491,0.74931,1.00,1.00
2016.06.08 15:53:25.783,0.74909,0.74935,1.75,1.75
2016.06.08 15:53:26.048,0.74909,0.74935,1.12,1.75
2016.06.08 15:53:27.870,0.74905,0.74934,1.75,3.00
2016.06.08 15:53:28.072,0.74905,0.74931,1.12,1.75
2016.06.08 15:53:28.576,0.749,0.74929,1.75,1.75
2016.06.08 15:53:29.174,0.74905,0.7493,1.00,3.00
2016.06.08 15:53:31.038,0.749,0.7493,1.75,3.75
2016.06.08 15:53:34.287,0.74905,0.74929,1.00,1.75
2016.06.08 15:53:34.869,0.74904,0.7493,1.12,3.00
2016.06.08 15:53:35.391,0.74905,0.7493,1.00,3.75
2016.06.08 15:53:37.360,0.749,0.7493,1.75,3.75
2016.06.08 15:53:38.474,0.74899,0.74927,1.75,1.50
2016.06.08 15:53:38.525,0.74899,0.74925,1.75,1.75
2016.06.08 15:53:44.315,0.749,0.74925,1.00,3.00
2016.06.08 15:53:44.366,0.74895,0.74925,2.25,3.75
2016.06.08 15:53:44.618,0.74894,0.74921,2.62,2.25
2016.06.08 15:53:45.122,0.74895,0.74921,1.00,2.25
2016.06.08 15:53:45.424,0.749,0.74923,1.00,2.25
2016.06.08 15:53:46.869,0.74895,0.74925,1.75,4.50
2016.06.08 15:53:47.442,0.749,0.74924,1.50,1.00
2016.06.08 15:53:51.611,0.749,0.74927,1.50,1.75
2016.06.08 15:53:52.220,0.749,0.7493,1.75,3.00
2016.06.08 15:53:53.783,0.74905,0.7493,1.00,3.00
2016.06.08 15:53:58.870,0.74899,0.74931,4.50,6.75
2016.06.08 15:54:01.548,0.749,0.74926,1.50,2.25
2016.06.08 15:54:02.155,0.74895,0.74923,2.25,1.75
2016.06.08 15:54:02.357,0.749,0.74923,1.12,2.25
2016.06.08 15:54:05.458,0.749,0.74926,1.75,2.25
2016.06.08 15:54:06.731,0.74897,0.74925,1.75,1.50
2016.06.08 15:54:06.782,0.74897,0.74925,1.75,1.75
2016.06.08 15:54:08.868,0.749,0.74929,1.75,3.75
2016.06.08 15:54:09.420,0.74897,0.74923,2.70,1.00
2016.06.08 15:54:09.773,0.74896,0.74923,1.75,1.75
2016.06.08 15:54:11.067,0.74894,0.7492,1.50,2.25
2016.06.08 15:54:11.268,0.7489,0.74919,2.25,3.00
2016.06.08 15:54:15.386,0.7489,0.74918,2.25,1.75
2016.06.08 15:54:21.752,0.74893,0.74914,1.75,1.00
2016.06.08 15:54:21.803,0.74891,0.74914,1.57,1.50
2016.06.08 15:54:21.854,0.74889,0.7491,1.75,1.00
2016.06.08 15:54:21.955,0.74882,0.7491,1.75,4.50
2016.06.08 15:54:24.033,0.74885,0.7491,1.00,3.75
2016.06.08 15:54:24.866,0.74882,0.7491,1.75,3.00
2016.06.08 15:54:29.978,0.74885,0.74909,1.00,1.75
2016.06.08 15:54:40.154,0.74885,0.74911,1.37,1.75
2016.06.08 15:54:42.155,0.7489,0.74911,1.00,2.25
2016.06.08 15:54:42.470,0.7489,0.74913,1.00,1.00
2016.06.08 15:54:42.773,0.74889,0.74916,2.25,2.25
2016.06.08 15:54:43.277,0.7489,0.74916,1.00,2.25
2016.06.08 15:54:44.543,0.7489,0.74917,1.75,1.75
2016.06.08 15:54:47.274,0.74895,0.74919,1.00,1.75
2016.06.08 15:54:47.425,0.74895,0.74922,1.75,1.75
2016.06.08 15:54:52.401,0.74895,0.74923,1.75,3.00
2016.06.08 15:54:52.451,0.74895,0.74923,1.75,3.00
2016.06.08 15:54:56.469,0.74898,0.74926,1.75,1.75
2016.06.08 15:54:56.571,0.749,0.74926,1.75,1.50
2016.06.08 15:54:56.876,0.74898,0.74926,1.75,2.25
2016.06.08 15:54:57.397,0.74898,0.74925,1.75,1.75
2016.06.08 15:55:00.293,0.749,0.74924,1.00,2.25
2016.06.08 15:55:00.881,0.74896,0.74924,1.50,2.25
2016.06.08 15:55:01.305,0.74896,0.74925,1.50,4.50
2016.06.08 15:55:01.824,0.74896,0.74925,1.75,2.25
2016.06.08 15:55:02.630,0.749,0.74928,1.37,3.00
2016.06.08 15:55:02.680,0.74901,0.74925,1.00,1.00
2016.06.08 15:55:06.855,0.74902,0.74925,1.00,1.00
2016.06.08 15:55:06.905,0.74905,0.74929,1.00,1.75
2016.06.08 15:55:07.107,0.74905,0.74933,1.75,1.75
2016.06.08 15:55:11.620,0.7491,0.74935,1.00,3.75
2016.06.08 15:55:12.437,0.74906,0.74931,1.57,1.37
2016.06.08 15:55:12.942,0.74905,0.74931,1.12,1.75
2016.06.08 15:55:13.043,0.7491,0.74933,1.00,2.25
2016.06.08 15:55:13.094,0.7491,0.74934,1.00,1.75
2016.06.08 15:55:16.924,0.7491,0.74931,1.00,2.25
2016.06.08 15:55:17.227,0.74898,0.74925,2.25,1.00
2016.06.08 15:55:17.529,0.74905,0.74929,1.00,1.75
2016.06.08 15:55:18.080,0.74905,0.74929,1.00,2.25
2016.06.08 15:55:18.483,0.74905,0.74929,1.12,1.20
2016.06.08 15:55:21.953,0.74905,0.74929,1.00,2.25
2016.06.08 15:55:22.398,0.74905,0.74926,1.00,3.00
2016.06.08 15:55:22.449,0.74899,0.74925,1.00,2.25
2016.06.08 15:55:22.962,0.749,0.74925,1.00,2.25
2016.06.08 15:55:23.063,0.74898,0.74924,1.12,1.75
2016.06.08 15:55:24.386,0.749,0.74925,1.00,2.25
2016.06.08 15:55:24.537,0.74899,0.74928,1.75,4.35
2016.06.08 15:55:32.638,0.74898,0.74923,1.37,1.87
2016.06.08 15:55:32.689,0.74895,0.74923,2.25,3.00
2016.06.08 15:55:32.991,0.74895,0.74923,2.25,1.75
2016.06.08 15:55:33.964,0.74895,0.74923,2.25,3.00
2016.06.08 15:55:34.489,0.74895,0.74923,2.25,2.25
2016.06.08 15:55:39.671,0.749,0.74924,1.00,1.75
2016.06.08 15:55:42.682,0.74895,0.74924,2.25,1.75
2016.06.08 15:55:44.943,0.749,0.74924,1.00,1.75
2016.06.08 15:55:48.471,0.74895,0.74925,2.25,2.25
2016.06.08 15:55:53.387,0.749,0.74925,1.12,2.25
2016.06.08 15:55:53.627,0.749,0.74923,1.50,1.00
2016.06.08 15:55:54.290,0.74905,0.74923,1.00,1.00
2016.06.08 15:55:54.392,0.749,0.74923,1.50,1.00
2016.06.08 15:55:55.634,0.74905,0.74923,1.00,1.00
2016.06.08 15:55:55.735,0.74905,0.7493,1.00,3.00
2016.06.08 15:55:59.363,0.7491,0.7493,1.00,2.25
2016.06.08 15:56:00.360,0.74905,0.7493,1.00,2.25
2016.06.08 15:56:01.446,0.7491,0.7493,1.00,2.25
2016.06.08 15:56:01.598,0.7491,0.74933,1.00,2.25
2016.06.08 15:56:01.699,0.7491,0.74936,1.00,3.00
2016.06.08 15:56:02.102,0.74909,0.7493,1.12,1.37
2016.06.08 15:56:02.304,0.74903,0.7493,1.12,3.00
2016.06.08 15:56:05.494,0.74905,0.7493,1.00,2.25
2016.06.08 15:56:05.891,0.74905,0.74933,1.12,3.00
2016.06.08 15:56:14.776,0.74903,0.7493,1.50,3.00
2016.06.08 15:56:15.279,0.749,0.7493,2.25,2.25
2016.06.08 15:56:17.834,0.7491,0.74931,1.00,1.27
2016.06.08 15:56:17.986,0.74915,0.74937,1.00,1.75
2016.06.08 15:56:18.087,0.7491,0.74938,1.75,1.75
2016.06.08 15:56:18.713,0.74915,0.74937,1.00,2.25
2016.06.08 15:56:19.925,0.74914,0.74938,1.00,1.75
2016.06.08 15:56:20.026,0.7491,0.74938,1.75,1.75
2016.06.08 15:56:22.725,0.7491,0.74935,1.00,2.25
2016.06.08 15:56:23.229,0.74909,0.74935,1.00,2.25
2016.06.08 15:56:23.543,0.74915,0.74937,1.00,1.75
2016.06.08 15:56:30.131,0.7492,0.7494,1.00,2.25
2016.06.08 15:56:30.232,0.7492,0.74942,1.00,1.42
2016.06.08 15:56:30.831,0.7492,0.74946,1.12,2.25
2016.06.08 15:56:33.353,0.7492,0.74946,1.12,2.25
2016.06.08 15:56:33.605,0.74915,0.74943,2.25,1.75
2016.06.08 15:56:34.807,0.7492,0.74943,1.00,1.75
2016.06.08 15:56:36.661,0.7492,0.74941,1.00,2.25
2016.06.08 15:56:40.857,0.7492,0.7494,1.00,1.00
2016.06.08 15:56:48.624,0.74919,0.7494,1.00,1.00
2016.06.08 15:56:48.840,0.74919,0.74947,1.75,1.35
2016.06.08 15:56:49.733,0.74919,0.74945,1.37,1.75
2016.06.08 15:56:49.783,0.74919,0.74945,1.00,2.25
2016.06.08 15:56:50.298,0.7492,0.74945,1.00,2.25
2016.06.08 15:56:50.449,0.7492,0.74948,1.75,3.75
2016.06.08 15:56:50.651,0.74925,0.74948,1.00,3.75
2016.06.08 15:56:53.124,0.7492,0.74948,1.75,3.00
2016.06.08 15:56:55.591,0.74925,0.74948,1.00,2.25
2016.06.08 15:56:55.692,0.74925,0.74951,1.00,3.00
2016.06.08 15:56:56.547,0.7492,0.7495,1.75,2.25
2016.06.08 15:57:01.077,0.7492,0.74949,1.75,3.00
2016.06.08 15:57:01.178,0.74917,0.74945,1.75,1.75
2016.06.08 15:57:01.877,0.74916,0.74945,2.25,1.75
2016.06.08 15:57:03.667,0.74915,0.7494,1.75,1.00
2016.06.08 15:57:03.718,0.74915,0.7494,1.37,1.37
2016.06.08 15:57:03.819,0.74915,0.7494,1.12,1.75
2016.06.08 15:57:03.970,0.74915,0.74942,1.50,1.75
2016.06.08 15:57:05.046,0.7492,0.74943,1.00,2.85
2016.06.08 15:57:05.198,0.7492,0.74944,1.00,1.75
2016.06.08 15:57:10.612,0.7492,0.74944,1.00,1.75
2016.06.08 15:57:11.113,0.7492,0.74944,1.00,3.00
2016.06.08 15:57:14.222,0.74915,0.74944,2.25,3.00
2016.06.08 15:57:14.354,0.7492,0.74944,1.00,3.00
2016.06.08 15:57:17.356,0.74915,0.74944,2.25,3.75
2016.06.08 15:57:26.868,0.7492,0.74944,1.00,5.25
2016.06.08 15:57:27.470,0.7492,0.74944,1.00,2.25
2016.06.08 15:57:27.520,0.74915,0.74944,3.75,2.25
2016.06.08 15:57:28.216,0.7492,0.74944,1.00,2.25
2016.06.08 15:57:28.318,0.74915,0.74944,3.00,2.25
2016.06.08 15:57:31.174,0.74919,0.74944,1.00,3.00
2016.06.08 15:57:31.993,0.74915,0.74944,3.75,3.00
2016.06.08 15:57:33.678,0.74914,0.74941,1.37,4.50
2016.06.08 15:57:33.779,0.74914,0.7494,1.00,2.25
2016.06.08 15:57:34.666,0.74915,0.74941,1.12,2.25
2016.06.08 15:57:34.717,0.74915,0.74942,1.12,2.70
2016.06.08 15:57:35.289,0.74915,0.74942,1.50,2.25
2016.06.08 15:57:35.340,0.74915,0.74943,1.75,1.75
2016.06.08 15:57:35.491,0.7492,0.74943,1.00,1.75
2016.06.08 15:57:36.592,0.7492,0.74941,1.00,1.75
2016.06.08 15:57:36.693,0.74916,0.74941,1.12,2.25
2016.06.08 15:57:39.395,0.7492,0.74942,1.00,2.25
2016.06.08 15:57:39.456,0.7492,0.74943,1.00,2.25
2016.06.08 15:57:40.296,0.74916,0.74942,1.75,1.75
2016.06.08 15:57:40.800,0.7492,0.74945,1.00,1.75
2016.06.08 15:57:43.034,0.7492,0.74945,1.37,1.75
2016.06.08 15:57:43.085,0.7492,0.74946,1.75,2.25
2016.06.08 15:57:43.732,0.74925,0.74946,1.00,1.75
2016.06.08 15:57:43.833,0.7492,0.74946,1.75,1.75
2016.06.08 15:57:44.088,0.7492,0.74947,1.75,1.37
2016.06.08 15:57:44.189,0.7492,0.74947,3.00,1.12
2016.06.08 15:57:50.898,0.74921,0.74948,1.50,2.25
2016.06.08 15:57:50.999,0.7492,0.74947,1.75,1.75
2016.06.08 15:57:52.831,0.7492,0.74949,1.75,5.10
2016.06.08 15:57:52.882,0.7492,0.74949,3.00,2.85
2016.06.08 15:58:07.461,0.74921,0.74948,1.50,1.75
2016.06.08 15:58:07.512,0.74921,0.74948,1.50,1.75
2016.06.08 15:58:11.578,0.7492,0.74946,1.37,2.25
2016.06.08 15:58:11.629,0.74918,0.74943,1.12,1.75
2016.06.08 15:58:17.338,0.7492,0.74943,1.00,1.75
2016.06.08 15:58:17.742,0.74918,0.74945,1.12,4.50
2016.06.08 15:58:19.163,0.74915,0.7494,1.50,1.50
2016.06.08 15:58:19.511,0.74906,0.7493,1.00,1.00
2016.06.08 15:58:20.313,0.74904,0.74933,3.75,1.75
2016.06.08 15:58:35.580,0.7491,0.74935,1.50,1.87
2016.06.08 15:58:36.470,0.7491,0.74934,1.12,1.87
2016.06.08 15:58:36.717,0.74906,0.74935,1.75,4.42
2016.06.08 15:58:36.868,0.74905,0.74931,1.50,1.50
2016.06.08 15:58:36.919,0.74905,0.74931,1.12,1.75
2016.06.08 15:58:37.070,0.74902,0.74929,1.50,2.25
2016.06.08 15:58:37.121,0.749,0.74929,2.25,2.25
2016.06.08 15:58:37.374,0.74905,0.7493,1.37,3.00
2016.06.08 15:58:37.425,0.74905,0.74931,1.50,2.25
2016.06.08 15:58:41.084,0.749,0.74927,2.25,1.37
2016.06.08 15:58:41.135,0.74901,0.74925,1.00,1.00
2016.06.08 15:58:41.286,0.749,0.74925,1.37,1.50
2016.06.08 15:58:41.538,0.749,0.74929,2.25,4.50
2016.06.08 15:58:49.911,0.74899,0.74926,1.50,2.25
2016.06.08 15:58:52.809,0.749,0.74927,1.37,3.00
2016.06.08 15:58:52.860,0.74903,0.74926,1.00,1.00
2016.06.08 15:58:53.202,0.749,0.74929,3.00,2.25
2016.06.08 15:58:53.253,0.749,0.74929,3.00,1.50
2016.06.08 15:58:53.303,0.749,0.74929,2.25,1.50
2016.06.08 15:58:53.812,0.74899,0.74925,1.75,1.12
2016.06.08 15:58:54.279,0.74901,0.7493,1.75,1.75
2016.06.08 15:58:59.601,0.74905,0.74932,1.37,1.50
2016.06.08 15:58:59.827,0.74908,0.74932,1.00,1.50
2016.06.08 15:59:01.041,0.74905,0.74931,1.75,1.75
2016.06.08 15:59:03.219,0.74905,0.7493,1.37,2.25
2016.06.08 15:59:03.471,0.749,0.74928,1.75,1.75
2016.06.08 15:59:03.673,0.74905,0.74928,1.00,1.75
2016.06.08 15:59:03.774,0.749,0.74928,1.75,1.75
2016.06.08 15:59:03.991,0.74905,0.74929,1.00,3.75
2016.06.08 15:59:04.042,0.74905,0.74929,1.50,2.25
2016.06.08 15:59:04.344,0.74905,0.74932,1.75,1.50
2016.06.08 15:59:04.847,0.74905,0.74932,1.50,1.75
2016.06.08 15:59:05.820,0.74905,0.74929,1.12,1.37
2016.06.08 15:59:08.622,0.74905,0.7493,1.37,1.75
2016.06.08 15:59:08.673,0.74905,0.7493,1.50,1.75
2016.06.08 15:59:11.250,0.74903,0.74926,1.00,1.00
2016.06.08 15:59:12.457,0.749,0.74926,1.12,1.75
2016.06.08 15:59:18.735,0.749,0.74928,1.37,2.25
2016.06.08 15:59:18.785,0.749,0.7493,1.75,6.00
2016.06.08 15:59:19.096,0.74905,0.7493,1.00,5.25
2016.06.08 15:59:19.822,0.749,0.7493,1.75,6.00
2016.06.08 15:59:22.440,0.74905,0.7493,1.00,3.75
2016.06.08 15:59:23.100,0.74905,0.74926,1.00,2.25
2016.06.08 15:59:23.151,0.749,0.74921,1.00,1.00
2016.06.08 15:59:23.202,0.74897,0.74921,1.50,1.00
2016.06.08 15:59:23.403,0.74895,0.7492,1.37,1.37
2016.06.08 15:59:23.454,0.74895,0.74921,1.00,4.50
2016.06.08 15:59:23.656,0.74895,0.74921,1.75,1.75
2016.06.08 15:59:24.287,0.74895,0.74923,1.75,2.25
2016.06.08 15:59:24.388,0.74895,0.74923,3.00,2.25
2016.06.08 15:59:29.616,0.74895,0.74924,1.75,1.75
2016.06.08 15:59:29.666,0.74895,0.74922,1.75,1.75
2016.06.08 15:59:32.102,0.749,0.74924,1.00,3.67
2016.06.08 15:59:32.304,0.749,0.74926,1.50,3.00
2016.06.08 15:59:41.111,0.749,0.74927,2.25,2.62
2016.06.08 15:59:41.213,0.74905,0.74929,1.12,1.75
2016.06.08 15:59:42.204,0.74905,0.74931,1.50,3.00
2016.06.08 15:59:42.306,0.74905,0.74931,1.75,2.25
2016.06.08 15:59:42.845,0.7491,0.74932,1.00,1.75
2016.06.08 15:59:42.947,0.74905,0.74934,1.75,1.75
2016.06.08 15:59:44.834,0.74909,0.74934,1.00,1.75
2016.06.08 15:59:45.137,0.7491,0.74936,1.50,1.75
2016.06.08 15:59:45.924,0.74915,0.74938,1.00,3.75
2016.06.08 15:59:46.025,0.74909,0.74938,1.75,3.75
2016.06.08 15:59:46.138,0.74914,0.74938,1.00,4.50
2016.06.08 15:59:46.239,0.7491,0.74936,1.50,1.75
2016.06.08 15:59:52.541,0.74906,0.74935,1.75,1.75
2016.06.08 15:59:58.138,0.7491,0.74934,1.00,2.25
