2011.10.26 02:00:04.468,0.60589,0.60611,1.50,2.25
2011.10.26 02:00:18.038,0.60589,0.60615,2.63,2.25
2011.10.26 02:00:29.047,0.60588,0.60611,4.13,2.25
2011.10.26 02:00:36.247,0.60585,0.60607,1.50,2.25
2011.10.26 02:00:36.808,0.60585,0.60607,1.50,2.25
2011.10.26 02:00:37.368,0.60588,0.60612,1.50,2.25
2011.10.26 02:00:38.267,0.60588,0.60612,1.50,2.25
2011.10.26 02:00:42.356,0.60588,0.60612,1.50,2.25
2011.10.26 02:00:44.638,0.60588,0.60612,1.50,2.25
2011.10.26 02:00:44.868,0.60589,0.60615,2.25,2.25
2011.10.26 02:00:49.577,0.60588,0.6061,1.50,2.25
2011.10.26 02:00:50.038,0.60584,0.60607,1.50,2.25
2011.10.26 02:00:50.708,0.60583,0.60607,1.50,2.25
2011.10.26 02:00:53.782,0.60583,0.60603,1.50,3.00
2011.10.26 02:00:57.227,0.60583,0.60603,1.50,3.00
2011.10.26 02:00:58.029,0.60583,0.60603,1.50,3.00
2011.10.26 02:01:02.394,0.60583,0.60607,1.50,2.85
2011.10.26 02:01:03.460,0.60578,0.60602,1.50,2.25
2011.10.26 02:01:03.580,0.60574,0.60602,2.25,2.25
2011.10.26 02:01:04.976,0.60571,0.60596,1.50,2.25
2011.10.26 02:01:05.307,0.60568,0.60592,2.10,2.25
2011.10.26 02:01:05.760,0.60568,0.60592,2.10,2.25
2011.10.26 02:01:05.882,0.60568,0.60592,1.80,2.25
2011.10.26 02:01:07.789,0.60576,0.60601,1.73,2.25
2011.10.26 02:01:07.911,0.60577,0.60601,3.75,2.25
2011.10.26 02:01:08.140,0.60569,0.60597,2.25,2.25
2011.10.26 02:01:13.062,0.60567,0.60593,3.00,2.25
2011.10.26 02:01:15.180,0.6057,0.60596,2.25,2.25
2011.10.26 02:01:18.966,0.60567,0.60593,3.00,2.25
2011.10.26 02:01:23.639,0.60571,0.60597,2.25,3.23
2011.10.26 02:01:23.978,0.60566,0.60592,2.25,3.00
2011.10.26 02:01:24.537,0.60571,0.60592,2.25,2.25
2011.10.26 02:01:24.877,0.60574,0.60598,2.25,1.35
2011.10.26 02:01:25.436,0.60574,0.606,2.25,1.50
2011.10.26 02:01:26.787,0.6057,0.60598,3.60,2.25
2011.10.26 02:01:44.489,0.60574,0.60598,2.85,2.25
2011.10.26 02:01:44.827,0.60577,0.60602,1.35,4.50
2011.10.26 02:01:45.548,0.60573,0.60598,1.35,2.25
2011.10.26 02:02:10.178,0.60571,0.60593,1.50,2.25
2011.10.26 02:02:10.298,0.60568,0.60593,3.30,2.25
2011.10.26 02:02:11.127,0.60566,0.60589,1.35,2.25
2011.10.26 02:02:13.087,0.60558,0.60584,5.25,2.25
2011.10.26 02:02:22.131,0.60558,0.6058,2.25,2.25
2011.10.26 02:02:22.249,0.60556,0.6058,1.50,2.25
2011.10.26 02:02:24.838,0.60558,0.60584,3.00,2.25
2011.10.26 02:02:34.830,0.60561,0.60587,2.25,2.85
2011.10.26 02:02:42.187,0.60564,0.60592,2.25,4.50
2011.10.26 02:03:14.330,0.60569,0.60597,2.25,3.00
2011.10.26 02:03:33.266,0.60576,0.60597,2.10,2.25
2011.10.26 02:03:33.382,0.60578,0.60598,1.35,1.50
2011.10.26 02:03:33.500,0.60579,0.60605,1.35,2.25
2011.10.26 02:03:34.058,0.60574,0.60601,1.50,2.25
2011.10.26 02:03:40.858,0.60578,0.60604,2.25,2.25
2011.10.26 02:04:02.976,0.60573,0.60601,2.25,2.25
2011.10.26 02:04:37.006,0.60579,0.60605,2.25,2.25
2011.10.26 02:04:39.226,0.60577,0.60602,3.00,2.25
2011.10.26 02:05:12.657,0.60579,0.60605,2.25,2.25
2011.10.26 02:05:18.029,0.60583,0.6061,1.50,2.25
2011.10.26 02:05:18.699,0.60588,0.6061,2.25,2.25
2011.10.26 02:05:18.821,0.60582,0.6061,2.25,2.25
2011.10.26 02:05:46.316,0.60587,0.60613,2.25,2.25
2011.10.26 02:06:24.708,0.60591,0.60613,1.13,2.25
2011.10.26 02:06:24.939,0.60597,0.6062,2.25,2.25
2011.10.26 02:06:25.058,0.60597,0.60624,3.00,2.25
2011.10.26 02:06:25.288,0.606,0.60628,2.25,2.25
2011.10.26 02:06:30.157,0.60605,0.60631,2.25,3.00
2011.10.26 02:06:30.937,0.60603,0.60626,1.50,2.25
2011.10.26 02:06:36.483,0.60604,0.60632,2.25,3.00
2011.10.26 02:06:51.027,0.60602,0.60627,1.50,2.25
2011.10.26 02:06:54.100,0.60601,0.60623,1.50,2.25
2011.10.26 02:07:04.559,0.60607,0.60628,2.25,2.25
2011.10.26 02:07:10.697,0.606,0.60628,2.25,2.25
2011.10.26 02:07:27.067,0.60604,0.60632,2.25,2.25
2011.10.26 02:07:32.098,0.60608,0.60636,2.25,2.25
2011.10.26 02:07:40.158,0.60607,0.60631,3.00,2.25
2011.10.26 02:07:52.038,0.60608,0.60632,3.00,2.25
2011.10.26 02:07:54.357,0.60601,0.60627,2.25,2.25
2011.10.26 02:08:23.048,0.60597,0.60624,3.00,2.25
2011.10.26 02:08:28.248,0.60601,0.60627,2.25,2.25
2011.10.26 02:08:37.342,0.60597,0.60624,3.00,2.25
2011.10.26 02:08:44.188,0.60601,0.60627,2.25,2.25
2011.10.26 02:08:46.978,0.60597,0.60623,4.50,2.25
2011.10.26 02:08:51.617,0.606,0.60628,2.25,2.25
2011.10.26 02:08:53.002,0.60599,0.60623,1.50,2.25
2011.10.26 02:09:07.279,0.60602,0.60623,1.35,2.25
2011.10.26 02:09:07.891,0.60611,0.60639,2.25,2.25
2011.10.26 02:09:08.338,0.60606,0.60637,2.25,2.25
2011.10.26 02:09:09.008,0.60611,0.60638,2.25,2.25
2011.10.26 02:09:12.480,0.60613,0.60641,2.25,2.25
2011.10.26 02:09:13.041,0.60618,0.60641,2.25,2.25
2011.10.26 02:09:13.271,0.60618,0.60646,4.50,2.25
2011.10.26 02:09:18.297,0.60618,0.60641,3.00,2.25
2011.10.26 02:09:19.271,0.60618,0.60646,4.50,2.25
2011.10.26 02:09:24.958,0.60622,0.6065,2.25,2.25
2011.10.26 02:09:25.519,0.60627,0.6065,2.25,2.25
2011.10.26 02:09:28.330,0.60623,0.6065,1.50,2.25
2011.10.26 02:09:28.668,0.60623,0.60645,1.50,2.25
2011.10.26 02:09:33.398,0.60623,0.60649,2.25,2.25
2011.10.26 02:09:35.149,0.60618,0.60646,5.10,2.25
2011.10.26 02:09:56.370,0.60618,0.60636,3.00,1.39
2011.10.26 02:09:56.492,0.60608,0.60634,2.25,1.39
2011.10.26 02:10:05.607,0.60608,0.60631,3.00,1.39
2011.10.26 02:10:16.558,0.60609,0.60633,2.25,3.00
2011.10.26 02:11:03.038,0.60608,0.60633,3.00,2.25
2011.10.26 02:11:03.959,0.6061,0.60637,1.13,2.25
2011.10.26 02:11:04.298,0.60614,0.6064,2.25,2.25
2011.10.26 02:11:29.299,0.60619,0.6064,1.35,2.25
2011.10.26 02:11:29.530,0.60621,0.60645,1.50,2.25
2011.10.26 02:11:30.087,0.60619,0.60645,5.10,2.25
2011.10.26 02:11:34.308,0.60617,0.6064,3.75,2.25
2011.10.26 02:11:38.972,0.60601,0.60625,2.25,1.50
2011.10.26 02:11:39.567,0.60604,0.60632,2.25,4.50
2011.10.26 02:11:39.910,0.60601,0.60628,1.65,2.25
2011.10.26 02:11:40.249,0.60604,0.60632,2.25,4.50
2011.10.26 02:11:48.250,0.60608,0.60632,2.25,3.00
2011.10.26 02:12:13.132,0.60613,0.60637,2.25,1.13
2011.10.26 02:12:25.758,0.60618,0.60641,2.25,2.25
2011.10.26 02:12:28.670,0.60613,0.60641,2.25,2.25
2011.10.26 02:12:29.119,0.60609,0.60635,2.25,2.25
2011.10.26 02:12:46.239,0.60608,0.6063,2.25,2.25
2011.10.26 02:12:46.360,0.60602,0.6063,2.25,2.25
2011.10.26 02:12:49.789,0.60608,0.60633,4.50,1.50
2011.10.26 02:12:50.999,0.60608,0.60631,2.25,2.25
2011.10.26 02:12:54.264,0.60603,0.60631,2.25,2.25
2011.10.26 02:12:54.620,0.60599,0.60623,2.25,1.50
2011.10.26 02:12:59.187,0.60598,0.60618,2.25,2.25
2011.10.26 02:12:59.300,0.60587,0.60613,4.50,2.25
2011.10.26 02:13:09.169,0.6059,0.60616,2.25,1.50
2011.10.26 02:13:09.290,0.60587,0.60613,4.50,2.25
2011.10.26 02:13:12.450,0.60596,0.60618,2.25,1.50
2011.10.26 02:13:12.572,0.606,0.60625,3.00,1.35
2011.10.26 02:13:13.721,0.60599,0.6062,1.50,1.35
2011.10.26 02:13:14.280,0.60597,0.60621,3.00,2.25
2011.10.26 02:13:15.478,0.60597,0.60617,2.25,2.25
2011.10.26 02:13:24.058,0.60597,0.60621,3.00,2.25
2011.10.26 02:13:40.267,0.60595,0.60617,2.25,1.13
2011.10.26 02:13:40.377,0.60592,0.60616,1.50,2.63
2011.10.26 02:13:48.761,0.60594,0.60618,2.25,1.50
2011.10.26 02:13:49.317,0.60594,0.60619,2.25,1.35
2011.10.26 02:13:54.100,0.60601,0.60623,1.50,1.39
2011.10.26 02:14:04.378,0.60603,0.60627,2.25,1.35
2011.10.26 02:14:05.422,0.60603,0.60631,2.25,2.25
2011.10.26 02:14:05.658,0.60608,0.60631,2.25,2.25
2011.10.26 02:14:19.908,0.60603,0.60631,2.25,2.25
2011.10.26 02:14:22.568,0.606,0.60627,1.50,2.25
2011.10.26 02:14:54.760,0.60598,0.60622,3.00,2.25
2011.10.26 02:15:06.977,0.606,0.60622,1.50,2.25
2011.10.26 02:15:08.897,0.606,0.60622,1.50,5.25
2011.10.26 02:15:09.477,0.606,0.60622,1.50,5.25
2011.10.26 02:15:10.960,0.606,0.60622,1.50,5.25
2011.10.26 02:15:11.298,0.60596,0.60618,1.50,2.25
2011.10.26 02:15:11.959,0.60596,0.60618,1.50,2.25
2011.10.26 02:15:13.088,0.60596,0.60618,1.50,2.25
2011.10.26 02:15:13.731,0.60588,0.60613,3.00,2.25
2011.10.26 02:15:14.282,0.60588,0.60613,3.00,1.50
2011.10.26 02:15:16.918,0.60588,0.60613,3.00,2.25
2011.10.26 02:15:19.258,0.60588,0.60615,3.10,2.25
2011.10.26 02:15:19.707,0.60588,0.60615,3.00,2.25
2011.10.26 02:15:20.607,0.60588,0.60615,3.10,1.50
2011.10.26 02:15:22.640,0.60588,0.60611,3.00,1.13
2011.10.26 02:15:22.762,0.60588,0.60606,2.25,2.25
2011.10.26 02:15:22.991,0.6058,0.60602,1.50,2.25
2011.10.26 02:15:27.139,0.6058,0.60608,2.25,2.63
2011.10.26 02:15:32.309,0.60586,0.60611,2.25,1.05
2011.10.26 02:15:32.650,0.60588,0.60608,2.25,2.25
2011.10.26 02:15:33.099,0.60588,0.60613,3.00,2.25
2011.10.26 02:15:41.641,0.60583,0.60609,2.25,2.25
2011.10.26 02:16:16.850,0.60578,0.60605,3.00,2.25
2011.10.26 02:16:24.297,0.60578,0.606,3.00,2.25
2011.10.26 02:16:28.061,0.60578,0.60605,3.00,2.25
2011.10.26 02:16:33.643,0.60574,0.606,2.25,2.25
2011.10.26 02:16:40.902,0.60577,0.60602,2.25,3.00
2011.10.26 02:16:41.244,0.60581,0.60607,2.25,1.50
2011.10.26 02:16:58.729,0.60578,0.60602,3.00,2.25
2011.10.26 02:17:14.170,0.6058,0.60606,2.25,2.25
2011.10.26 02:17:21.819,0.60578,0.60603,3.00,2.25
2011.10.26 02:17:43.377,0.60571,0.60599,3.00,2.25
2011.10.26 02:17:47.708,0.60576,0.60602,2.25,2.25
2011.10.26 02:18:17.089,0.60579,0.60607,2.25,3.00
2011.10.26 02:18:22.421,0.60583,0.60607,2.25,1.50
2011.10.26 02:18:25.138,0.6058,0.60606,2.25,2.25
2011.10.26 02:18:42.829,0.60578,0.60603,3.00,2.25
2011.10.26 02:18:44.505,0.6058,0.60606,2.25,2.25
2011.10.26 02:18:46.722,0.60578,0.606,2.25,2.25
2011.10.26 02:18:47.281,0.60578,0.606,2.85,2.25
2011.10.26 02:18:51.827,0.60579,0.60603,1.35,2.25
2011.10.26 02:19:08.001,0.60578,0.60599,3.00,2.25
2011.10.26 02:19:09.660,0.60581,0.60603,1.50,2.25
2011.10.26 02:19:16.785,0.60581,0.60603,1.50,2.25
2011.10.26 02:19:16.900,0.60584,0.60608,2.25,2.25
2011.10.26 02:19:20.282,0.60582,0.60604,1.50,2.25
2011.10.26 02:19:20.839,0.60578,0.60604,5.25,2.25
2011.10.26 02:19:27.240,0.60578,0.60601,2.25,2.25
2011.10.26 02:19:27.471,0.60578,0.60605,3.00,2.85
2011.10.26 02:19:33.129,0.60578,0.60601,2.25,2.25
2011.10.26 02:19:33.731,0.60576,0.60601,1.50,2.25
2011.10.26 02:19:35.287,0.60579,0.60602,2.25,3.00
2011.10.26 02:19:35.631,0.60582,0.60606,2.25,1.50
2011.10.26 02:19:36.188,0.60587,0.60613,4.50,5.25
2011.10.26 02:19:49.929,0.60591,0.60617,2.25,2.25
2011.10.26 02:19:52.114,0.60587,0.60614,3.75,2.25
2011.10.26 02:20:46.929,0.60587,0.60609,3.00,2.25
2011.10.26 02:20:47.718,0.60587,0.60614,3.00,2.25
2011.10.26 02:20:53.530,0.60587,0.6061,3.00,1.35
2011.10.26 02:20:53.868,0.6058,0.60606,2.40,2.25
2011.10.26 02:20:55.749,0.60588,0.60609,3.00,1.50
2011.10.26 02:20:55.871,0.60588,0.60613,3.00,2.25
2011.10.26 02:21:30.823,0.60591,0.60613,2.25,2.25
2011.10.26 02:21:31.159,0.60591,0.60618,3.00,1.50
2011.10.26 02:21:35.138,0.60588,0.60615,1.35,3.00
2011.10.26 02:21:38.439,0.60588,0.60609,2.25,2.25
2011.10.26 02:21:38.999,0.60587,0.60609,3.00,2.25
2011.10.26 02:22:11.229,0.60579,0.60605,2.25,2.25
2011.10.26 02:22:30.681,0.60577,0.60601,5.10,2.25
2011.10.26 02:22:30.802,0.60578,0.60605,2.25,1.35
2011.10.26 02:22:32.072,0.60577,0.606,3.00,2.25
2011.10.26 02:22:32.520,0.60578,0.60604,2.25,2.85
2011.10.26 02:22:36.552,0.60577,0.60601,3.00,3.60
2011.10.26 02:22:55.050,0.60578,0.60604,2.25,2.25
2011.10.26 02:23:29.048,0.60577,0.606,2.25,2.25
2011.10.26 02:23:29.917,0.60572,0.606,3.00,3.00
2011.10.26 02:23:33.748,0.60577,0.606,2.25,2.25
2011.10.26 02:23:35.178,0.60572,0.606,2.25,2.25
2011.10.26 02:23:35.290,0.60578,0.606,2.25,2.25
2011.10.26 02:23:48.609,0.60578,0.60602,3.00,3.00
2011.10.26 02:24:12.154,0.60577,0.606,3.00,2.25
2011.10.26 02:24:13.070,0.60569,0.60597,6.30,2.25
2011.10.26 02:24:18.743,0.60573,0.60601,2.25,2.25
2011.10.26 02:24:29.730,0.60572,0.60595,1.50,2.25
2011.10.26 02:24:47.133,0.60572,0.60598,2.25,1.50
2011.10.26 02:24:59.039,0.60569,0.60594,1.35,2.25
2011.10.26 02:25:59.141,0.60567,0.60598,2.25,1.35
2011.10.26 02:26:10.937,0.60567,0.60599,2.85,1.13
2011.10.26 02:26:23.388,0.60567,0.60598,2.85,1.13
2011.10.26 02:26:27.718,0.60567,0.606,3.60,1.13
2011.10.26 02:26:28.277,0.60567,0.606,3.60,1.13
2011.10.26 02:26:34.099,0.60567,0.60602,3.23,1.13
2011.10.26 02:26:52.399,0.60567,0.60603,3.98,3.23
2011.10.26 02:26:53.992,0.60571,0.60599,2.25,2.25
2011.10.26 02:26:54.882,0.60568,0.60594,2.25,2.25
2011.10.26 02:27:06.359,0.60572,0.606,2.25,2.63
2011.10.26 02:27:06.591,0.60576,0.606,1.50,2.25
2011.10.26 02:27:06.930,0.60574,0.606,1.35,2.25
2011.10.26 02:27:07.051,0.60569,0.60595,2.25,2.25
2011.10.26 02:27:08.670,0.60567,0.60591,3.60,2.25
2011.10.26 02:27:09.231,0.60567,0.60591,3.00,2.25
2011.10.26 02:27:12.763,0.60569,0.60595,2.25,2.25
2011.10.26 02:27:23.517,0.60573,0.60599,3.00,2.25
2011.10.26 02:27:23.850,0.60569,0.60595,3.15,2.25
2011.10.26 02:27:51.692,0.60577,0.60599,3.00,2.25
2011.10.26 02:27:54.050,0.60577,0.60603,5.25,2.25
2011.10.26 02:28:10.199,0.60581,0.60607,2.25,3.15
2011.10.26 02:28:23.189,0.6058,0.60604,1.50,2.25
2011.10.26 02:28:23.835,0.6058,0.60604,1.50,2.25
2011.10.26 02:28:26.219,0.6058,0.60604,1.50,2.25
2011.10.26 02:28:33.218,0.6058,0.60604,1.50,2.25
2011.10.26 02:29:23.173,0.60577,0.60607,3.00,1.80
2011.10.26 02:29:33.147,0.60577,0.60607,3.00,1.65
2011.10.26 02:29:33.757,0.60577,0.60607,3.00,1.80
2011.10.26 02:29:34.275,0.60577,0.60607,3.00,1.65
2011.10.26 02:29:38.680,0.60577,0.60607,3.00,1.05
2011.10.26 02:29:39.239,0.60577,0.60607,3.00,1.05
2011.10.26 02:29:39.797,0.60577,0.60607,3.00,1.05
2011.10.26 02:29:41.348,0.60577,0.6061,3.00,1.28
2011.10.26 02:29:41.460,0.60577,0.60611,3.00,2.48
2011.10.26 02:29:42.362,0.60577,0.60611,3.00,2.48
2011.10.26 02:29:46.908,0.60578,0.60611,1.13,2.10
2011.10.26 02:29:47.019,0.60578,0.60613,1.13,3.15
2011.10.26 02:29:47.143,0.60581,0.60607,2.25,2.25
2011.10.26 02:29:47.811,0.60577,0.60604,3.75,2.25
2011.10.26 02:30:08.259,0.6058,0.60604,1.13,2.25
2011.10.26 02:30:08.380,0.60584,0.60609,1.50,2.25
2011.10.26 02:30:21.253,0.60587,0.60613,5.85,2.25
2011.10.26 02:30:23.151,0.60592,0.60618,1.35,2.25
2011.10.26 02:30:25.058,0.60587,0.60614,3.00,2.25
2011.10.26 02:31:13.023,0.60588,0.60608,2.25,2.25
2011.10.26 02:31:13.148,0.60588,0.60612,3.00,2.25
2011.10.26 02:31:14.909,0.60588,0.60608,2.25,2.25
2011.10.26 02:31:15.029,0.60582,0.60608,2.63,2.25
2011.10.26 02:31:16.012,0.60588,0.60608,2.25,2.25
2011.10.26 02:31:17.071,0.60587,0.60608,2.25,2.25
2011.10.26 02:31:21.129,0.60582,0.60608,2.25,2.25
2011.10.26 02:31:21.471,0.60578,0.60604,2.25,2.25
2011.10.26 02:31:33.731,0.60577,0.606,3.00,2.25
2011.10.26 02:31:57.461,0.60582,0.606,1.13,2.25
2011.10.26 02:31:57.581,0.60585,0.60603,1.50,2.25
2011.10.26 02:31:58.176,0.60587,0.60605,3.00,1.35
2011.10.26 02:31:58.291,0.60578,0.60604,2.25,2.25
2011.10.26 02:32:23.570,0.60577,0.60601,3.00,2.25
2011.10.26 02:32:30.112,0.60577,0.60602,2.25,3.00
2011.10.26 02:32:30.561,0.60577,0.60599,3.00,2.25
2011.10.26 02:32:34.722,0.60572,0.60595,1.50,2.25
2011.10.26 02:32:35.263,0.60573,0.60599,2.25,2.25
2011.10.26 02:32:48.380,0.6057,0.60596,1.35,2.25
2011.10.26 02:32:51.720,0.60572,0.60596,1.50,2.25
2011.10.26 02:32:51.844,0.60573,0.60599,3.00,2.25
2011.10.26 02:32:56.276,0.60571,0.60593,1.50,2.25
2011.10.26 02:32:56.831,0.60568,0.60592,3.00,3.00
2011.10.26 02:32:57.171,0.60568,0.6059,2.25,2.25
2011.10.26 02:33:04.969,0.60565,0.6059,1.35,2.25
2011.10.26 02:33:16.626,0.60558,0.60582,3.00,2.25
2011.10.26 02:33:18.769,0.60559,0.60585,2.25,3.60
2011.10.26 02:33:22.169,0.60557,0.60581,3.75,2.25
2011.10.26 02:33:32.413,0.60553,0.60577,2.10,2.25
2011.10.26 02:33:37.015,0.60559,0.60583,1.35,3.75
2011.10.26 02:33:48.059,0.60563,0.60589,2.25,2.25
2011.10.26 02:34:00.899,0.60567,0.6059,2.25,1.35
2011.10.26 02:34:01.591,0.60571,0.60597,2.25,2.85
2011.10.26 02:34:25.350,0.60575,0.60599,2.25,1.50
2011.10.26 02:34:55.581,0.60578,0.60602,2.25,3.00
2011.10.26 02:35:24.061,0.60583,0.60609,2.25,2.25
2011.10.26 02:35:24.399,0.60579,0.60605,2.25,2.25
2011.10.26 02:35:57.960,0.60578,0.60602,3.00,2.25
2011.10.26 02:36:40.191,0.60578,0.60602,1.13,2.25
2011.10.26 02:36:40.751,0.60581,0.60609,2.25,2.25
2011.10.26 02:36:42.531,0.60586,0.60612,2.25,2.25
2011.10.26 02:37:01.450,0.60586,0.60608,2.25,1.35
2011.10.26 02:37:01.571,0.60581,0.60607,2.25,2.85
2011.10.26 02:37:10.520,0.60577,0.606,3.75,1.35
2011.10.26 02:37:22.723,0.60577,0.606,2.25,2.25
2011.10.26 02:37:26.341,0.6057,0.60596,1.35,2.25
2011.10.26 02:37:27.460,0.60572,0.606,2.85,2.25
2011.10.26 02:37:27.980,0.60577,0.606,2.25,2.25
2011.10.26 02:37:33.451,0.60577,0.606,2.63,2.25
2011.10.26 02:37:33.572,0.60581,0.60603,2.25,3.00
2011.10.26 02:37:33.691,0.60581,0.60603,1.50,2.25
2011.10.26 02:37:33.811,0.60578,0.60603,3.00,2.25
2011.10.26 02:38:23.011,0.60578,0.606,2.25,2.25
2011.10.26 02:38:28.003,0.60578,0.60602,3.00,3.00
2011.10.26 02:38:44.992,0.60572,0.60598,2.25,2.25
2011.10.26 02:38:53.355,0.60577,0.60602,3.00,2.25
2011.10.26 02:39:20.044,0.60572,0.60599,1.80,2.25
2011.10.26 02:39:25.491,0.60571,0.60594,1.35,2.25
2011.10.26 02:39:26.050,0.60568,0.60594,3.75,2.25
2011.10.26 02:39:30.941,0.60568,0.60589,2.25,2.25
2011.10.26 02:39:32.813,0.60563,0.60587,2.25,1.50
2011.10.26 02:39:32.931,0.60559,0.60584,2.40,2.25
2011.10.26 02:39:33.273,0.60553,0.60579,2.25,2.25
2011.10.26 02:39:33.940,0.60556,0.60583,2.25,3.00
2011.10.26 02:39:37.591,0.60553,0.60579,2.25,2.25
2011.10.26 02:39:51.142,0.60549,0.60575,2.25,2.25
2011.10.26 02:40:30.131,0.60547,0.60571,3.75,2.25
2011.10.26 02:40:49.557,0.60548,0.60573,4.50,1.35
2011.10.26 02:41:41.921,0.60548,0.60572,4.50,1.35
2011.10.26 02:41:42.041,0.60545,0.60571,2.25,2.85
2011.10.26 02:41:55.830,0.60548,0.60572,2.25,1.35
2011.10.26 02:42:16.489,0.60554,0.60575,2.25,1.35
2011.10.26 02:42:16.605,0.60557,0.60582,3.00,2.25
2011.10.26 02:42:31.591,0.6056,0.60585,2.25,1.50
2011.10.26 02:42:52.762,0.60564,0.6059,2.25,2.25
2011.10.26 02:42:58.027,0.60568,0.60593,2.25,3.75
2011.10.26 02:43:00.491,0.60572,0.60594,2.25,1.50
2011.10.26 02:43:38.091,0.60572,0.60595,1.50,2.25
2011.10.26 02:43:44.345,0.60572,0.60599,1.50,2.25
2011.10.26 02:43:59.721,0.60575,0.60601,2.25,1.50
2011.10.26 02:44:16.476,0.60579,0.60602,2.25,3.00
2011.10.26 02:44:16.813,0.60583,0.6061,2.25,2.10
2011.10.26 02:44:46.569,0.60582,0.60607,1.50,2.25
2011.10.26 02:44:51.104,0.60578,0.60602,3.00,2.25
2011.10.26 02:44:51.332,0.60574,0.60599,4.50,2.25
2011.10.26 02:45:01.201,0.60577,0.60599,2.25,2.25
2011.10.26 02:45:04.614,0.60575,0.60599,1.50,2.25
2011.10.26 02:45:05.204,0.60572,0.60599,1.50,2.25
2011.10.26 02:45:21.571,0.60568,0.60594,3.00,2.25
2011.10.26 02:45:25.787,0.60567,0.60591,3.75,2.25
2011.10.26 02:45:26.342,0.60564,0.60591,1.35,3.00
2011.10.26 02:45:27.834,0.60559,0.60585,2.25,2.25
2011.10.26 02:45:38.553,0.60562,0.6059,2.25,3.00
2011.10.26 02:46:16.609,0.60559,0.60585,2.25,2.25
2011.10.26 02:46:20.503,0.60558,0.60582,3.00,2.25
2011.10.26 02:47:16.834,0.60554,0.60578,1.50,2.25
2011.10.26 02:47:17.393,0.6055,0.60577,2.85,1.50
2011.10.26 02:47:20.124,0.60547,0.60573,3.75,3.00
2011.10.26 02:47:27.057,0.60543,0.60569,3.00,2.25
2011.10.26 02:47:27.834,0.60547,0.60571,2.25,1.35
2011.10.26 02:47:30.016,0.6055,0.60578,3.00,2.25
2011.10.26 02:47:46.963,0.60554,0.60578,1.50,2.25
2011.10.26 02:47:50.336,0.60553,0.60578,1.50,2.25
2011.10.26 02:48:08.672,0.60549,0.60574,1.35,2.25
2011.10.26 02:48:09.513,0.6055,0.60574,1.50,2.25
2011.10.26 02:48:10.303,0.60549,0.60574,1.35,2.25
2011.10.26 02:48:14.278,0.60548,0.6057,2.25,2.25
2011.10.26 02:48:14.394,0.60548,0.60573,3.00,1.73
2011.10.26 02:48:14.518,0.60548,0.60569,2.25,2.25
2011.10.26 02:48:15.407,0.60543,0.60569,2.25,2.25
2011.10.26 02:48:32.104,0.60542,0.60565,1.50,2.25
2011.10.26 02:48:36.279,0.60544,0.60569,2.25,1.50
2011.10.26 02:48:47.016,0.60548,0.60575,3.00,2.25
2011.10.26 02:48:54.423,0.60547,0.60571,2.25,1.50
2011.10.26 02:48:54.546,0.60543,0.60568,2.25,1.50
2011.10.26 02:48:55.163,0.60543,0.60567,2.25,1.05
2011.10.26 02:48:55.284,0.60543,0.60566,2.25,1.20
2011.10.26 02:48:55.405,0.60542,0.60563,1.50,1.50
2011.10.26 02:48:56.352,0.60539,0.60565,2.25,1.50
2011.10.26 02:48:59.460,0.60547,0.60569,2.25,1.50
2011.10.26 02:48:59.579,0.60542,0.60566,2.25,1.50
2011.10.26 02:49:00.247,0.60547,0.60569,2.25,1.50
2011.10.26 02:49:00.365,0.60551,0.60574,2.25,1.39
2011.10.26 02:49:47.674,0.60554,0.60579,2.25,1.39
2011.10.26 02:49:49.442,0.60551,0.60577,3.00,2.25
2011.10.26 02:50:04.855,0.60551,0.60573,1.50,2.25
2011.10.26 02:50:05.196,0.60545,0.6057,1.35,2.25
2011.10.26 02:50:07.025,0.60537,0.60562,3.75,2.25
2011.10.26 02:50:07.366,0.60534,0.60558,1.50,2.25
2011.10.26 02:50:10.324,0.60536,0.60558,1.50,1.39
2011.10.26 02:50:35.103,0.60534,0.60558,2.25,1.50
2011.10.26 02:50:36.834,0.60534,0.60558,2.25,1.65
2011.10.26 02:50:37.393,0.60534,0.60558,2.25,1.50
2011.10.26 02:50:47.782,0.60534,0.60559,2.25,2.25
2011.10.26 02:50:49.642,0.60534,0.60558,2.25,1.65
2011.10.26 02:50:54.004,0.60534,0.60558,2.25,1.50
2011.10.26 02:50:55.382,0.60534,0.60558,2.25,2.14
2011.10.26 02:50:55.999,0.60535,0.60559,1.50,1.99
2011.10.26 02:50:56.116,0.60538,0.60559,2.25,1.24
2011.10.26 02:50:56.344,0.60538,0.60562,2.25,3.00
2011.10.26 02:51:07.574,0.60536,0.60562,2.10,2.25
2011.10.26 02:51:22.434,0.60534,0.60558,2.25,1.50
2011.10.26 02:51:23.009,0.60534,0.60559,2.25,1.13
2011.10.26 02:51:28.733,0.6053,0.60558,3.00,2.25
2011.10.26 02:51:29.865,0.60527,0.60554,3.00,2.25
2011.10.26 02:51:35.307,0.6053,0.60555,2.25,1.88
2011.10.26 02:51:37.387,0.60526,0.60553,2.25,1.50
2011.10.26 02:51:38.469,0.60531,0.60552,2.25,2.25
2011.10.26 02:51:39.945,0.60531,0.60557,2.25,2.25
2011.10.26 02:51:40.504,0.60531,0.60552,2.25,2.25
2011.10.26 02:51:40.734,0.60528,0.60552,3.00,4.50
2011.10.26 02:51:49.805,0.60529,0.60556,2.25,1.88
2011.10.26 02:51:59.444,0.60524,0.60552,2.25,2.25
2011.10.26 02:52:38.244,0.60519,0.60547,2.25,2.25
2011.10.26 02:52:51.323,0.60524,0.6055,2.25,2.85
2011.10.26 02:53:12.647,0.60528,0.60552,2.25,3.00
2011.10.26 02:53:13.096,0.60531,0.60552,2.25,2.25
2011.10.26 02:53:13.703,0.60535,0.60559,1.35,3.15
2011.10.26 02:53:13.834,0.60538,0.60564,2.25,2.25
2011.10.26 02:53:27.074,0.60542,0.60568,2.25,2.25
2011.10.26 02:53:30.634,0.60545,0.60573,2.25,2.25
2011.10.26 02:54:09.654,0.60549,0.60577,2.25,3.00
2011.10.26 02:54:28.053,0.60546,0.60572,2.25,2.25
2011.10.26 02:54:28.495,0.60542,0.60568,2.25,2.63
2011.10.26 02:54:32.764,0.60545,0.60572,2.25,1.50
2011.10.26 02:54:39.766,0.60549,0.60573,2.25,3.00
2011.10.26 02:55:05.344,0.60548,0.60572,3.00,2.25
2011.10.26 02:55:32.554,0.6055,0.60575,2.25,1.13
2011.10.26 02:55:32.676,0.60545,0.60573,2.25,4.50
2011.10.26 02:56:16.365,0.60542,0.60568,2.25,2.25
2011.10.26 02:56:16.705,0.60537,0.60565,4.50,2.25
2011.10.26 02:56:27.184,0.60542,0.60567,2.25,1.35
2011.10.26 02:56:30.424,0.60546,0.60572,2.25,2.25
2011.10.26 02:56:58.105,0.6055,0.60575,2.25,1.35
2011.10.26 02:56:58.775,0.60553,0.60577,2.25,1.50
2011.10.26 02:57:25.436,0.60558,0.60581,2.25,2.25
2011.10.26 02:57:34.725,0.60553,0.60581,2.25,2.25
2011.10.26 02:57:34.954,0.60558,0.60583,2.25,3.00
2011.10.26 02:57:41.776,0.60557,0.6058,3.00,2.25
2011.10.26 02:57:49.745,0.6055,0.60577,1.35,2.25
2011.10.26 02:58:09.366,0.60548,0.60571,2.25,2.25
2011.10.26 02:58:11.126,0.60547,0.60571,3.00,2.25
2011.10.26 02:58:24.193,0.60547,0.60566,2.25,2.25
2011.10.26 02:58:28.595,0.6054,0.60566,2.25,2.25
2011.10.26 02:58:29.325,0.60538,0.60563,3.00,2.25
2011.10.26 02:58:35.817,0.6054,0.60568,2.25,2.25
2011.10.26 02:58:54.557,0.60548,0.60568,2.25,2.25
2011.10.26 02:58:54.788,0.6054,0.60568,2.25,2.25
2011.10.26 02:58:55.367,0.60541,0.60567,2.25,2.25
2011.10.26 02:59:04.370,0.60544,0.60568,2.25,1.35
2011.10.26 02:59:16.615,0.60544,0.60568,2.25,1.35
2011.10.26 02:59:17.585,0.60541,0.60567,2.25,2.85
2011.10.26 02:59:42.473,0.60544,0.60572,2.25,2.63
2011.10.26 02:59:50.255,0.60548,0.60572,2.25,1.13
2011.10.26 02:59:50.807,0.60544,0.60572,2.25,2.63
2011.10.26 02:59:57.506,0.6054,0.60566,2.25,2.25
