2010.11.04 22:00:01.702,0.64187,0.64213,1.50,1.60
2010.11.04 22:00:03.802,0.64187,0.64213,1.50,1.60
2010.11.04 22:00:05.966,0.64187,0.64213,1.50,1.60
2010.11.04 22:00:08.019,0.64187,0.64213,1.50,1.60
2010.11.04 22:00:10.075,0.64187,0.64213,1.50,1.70
2010.11.04 22:00:12.106,0.64187,0.64213,1.50,1.50
2010.11.04 22:00:14.980,0.64187,0.64213,1.50,1.50
2010.11.04 22:00:17.530,0.64187,0.64213,1.50,1.50
2010.11.04 22:00:19.714,0.64187,0.64213,1.50,1.50
2010.11.04 22:00:22.589,0.64187,0.64213,1.50,1.50
2010.11.04 22:00:25.095,0.64187,0.64213,1.50,1.50
2010.11.04 22:00:27.198,0.64187,0.64213,1.50,1.50
2010.11.04 22:00:27.640,0.64187,0.64223,1.50,1.50
2010.11.04 22:00:30.123,0.64187,0.64223,1.70,1.50
2010.11.04 22:00:32.362,0.64187,0.64223,1.70,1.50
2010.11.04 22:00:33.841,0.64197,0.64223,1.50,1.50
2010.11.04 22:00:34.288,0.64187,0.64223,1.50,1.60
2010.11.04 22:00:34.398,0.64186,0.64214,1.50,1.50
2010.11.04 22:00:36.444,0.64186,0.64214,1.50,1.50
2010.11.04 22:00:37.639,0.64186,0.64224,1.50,1.70
2010.11.04 22:00:37.748,0.64187,0.64213,1.50,1.50
2010.11.04 22:00:39.833,0.64187,0.64213,1.50,1.50
2010.11.04 22:00:41.938,0.64187,0.64213,1.50,1.50
2010.11.04 22:00:44.031,0.64187,0.64213,1.50,1.50
2010.11.04 22:00:44.458,0.64196,0.64224,1.50,1.50
2010.11.04 22:00:46.584,0.64196,0.64224,1.50,1.50
2010.11.04 22:00:47.138,0.64187,0.64223,2.20,1.50
2010.11.04 22:00:47.826,0.64197,0.64223,1.50,1.50
2010.11.04 22:00:49.851,0.64197,0.64223,1.50,1.50
2010.11.04 22:00:52.197,0.64197,0.64223,1.50,1.50
2010.11.04 22:00:54.912,0.64197,0.64223,1.50,1.50
2010.11.04 22:00:56.993,0.64197,0.64223,1.50,1.50
2010.11.04 22:00:59.205,0.64197,0.64223,1.50,1.50
2010.11.04 22:01:01.846,0.64197,0.64223,1.50,1.50
2010.11.04 22:01:03.918,0.64197,0.64223,1.50,1.50
2010.11.04 22:01:04.442,0.64187,0.64223,1.90,1.50
2010.11.04 22:01:04.698,0.64186,0.64214,1.50,1.50
2010.11.04 22:01:06.788,0.64186,0.64214,1.70,1.50
2010.11.04 22:01:07.342,0.64186,0.64214,2.50,1.50
2010.11.04 22:01:07.779,0.64186,0.64214,1.50,1.50
2010.11.04 22:01:08.804,0.64177,0.64223,1.50,4.40
2010.11.04 22:01:09.019,0.64177,0.64203,1.50,1.50
2010.11.04 22:01:11.259,0.64177,0.64203,1.50,1.50
2010.11.04 22:01:12.941,0.64176,0.64214,1.50,1.60
2010.11.04 22:01:13.272,0.64177,0.64203,1.50,1.50
2010.11.04 22:01:15.590,0.64177,0.64203,1.50,1.50
2010.11.04 22:01:17.747,0.64177,0.64203,1.50,1.50
2010.11.04 22:01:20.230,0.64177,0.64203,1.50,1.50
2010.11.04 22:01:22.307,0.64177,0.64203,1.50,1.50
2010.11.04 22:01:24.773,0.64177,0.64203,1.50,1.50
2010.11.04 22:01:27.031,0.64177,0.64203,1.50,1.50
2010.11.04 22:01:29.121,0.64177,0.64203,1.50,1.50
2010.11.04 22:01:31.220,0.64177,0.64203,1.50,1.50
2010.11.04 22:01:34.383,0.64177,0.64203,1.50,1.50
2010.11.04 22:01:37.080,0.64177,0.64203,1.50,1.50
2010.11.04 22:01:40.216,0.64177,0.64203,1.50,1.50
2010.11.04 22:01:42.803,0.64177,0.64203,1.50,1.50
2010.11.04 22:01:43.649,0.64177,0.64213,1.70,1.50
2010.11.04 22:01:44.119,0.64186,0.64214,1.50,1.70
2010.11.04 22:01:46.248,0.64186,0.64214,1.50,1.70
2010.11.04 22:01:48.309,0.64186,0.64214,1.50,1.70
2010.11.04 22:01:49.524,0.64186,0.64224,2.50,1.90
2010.11.04 22:01:49.629,0.64186,0.64214,2.50,1.50
2010.11.04 22:01:50.070,0.64186,0.64214,2.50,1.50
2010.11.04 22:01:51.333,0.64187,0.64224,2.30,2.50
2010.11.04 22:01:54.112,0.64187,0.64213,1.50,1.80
2010.11.04 22:01:56.202,0.64187,0.64213,1.50,1.70
2010.11.04 22:01:59.590,0.64187,0.64213,1.50,1.50
2010.11.04 22:02:01.710,0.64187,0.64213,1.50,1.50
2010.11.04 22:02:01.818,0.64177,0.64203,1.70,1.50
2010.11.04 22:02:04.076,0.64176,0.64214,1.70,1.50
2010.11.04 22:02:04.298,0.64186,0.64214,1.50,1.50
2010.11.04 22:02:06.485,0.64186,0.64214,1.50,1.60
2010.11.04 22:02:07.510,0.64177,0.64213,1.50,1.60
2010.11.04 22:02:07.838,0.64176,0.64204,1.50,1.50
2010.11.04 22:02:10.328,0.64176,0.64204,1.70,1.50
2010.11.04 22:02:12.355,0.64176,0.64204,1.50,1.50
2010.11.04 22:02:14.456,0.64176,0.64204,1.50,1.50
2010.11.04 22:02:16.569,0.64176,0.64204,1.50,1.50
2010.11.04 22:02:18.650,0.64176,0.64204,1.50,1.50
2010.11.04 22:02:21.094,0.64176,0.64204,1.50,1.50
2010.11.04 22:02:24.754,0.64176,0.64204,1.50,1.50
2010.11.04 22:02:27.097,0.64177,0.64203,1.50,1.50
2010.11.04 22:02:29.225,0.64177,0.64203,1.50,1.50
2010.11.04 22:02:31.324,0.64177,0.64203,1.50,1.50
2010.11.04 22:02:34.805,0.64176,0.64204,1.50,1.50
2010.11.04 22:02:37.536,0.64176,0.64204,1.50,1.50
2010.11.04 22:02:39.835,0.64176,0.64204,1.50,1.50
2010.11.04 22:02:42.220,0.64176,0.64204,1.50,1.50
2010.11.04 22:02:44.286,0.64176,0.64204,1.50,1.50
2010.11.04 22:02:46.349,0.64176,0.64204,1.50,1.70
2010.11.04 22:02:49.616,0.64176,0.64204,1.50,1.70
2010.11.04 22:02:52.412,0.64176,0.64204,1.50,1.70
2010.11.04 22:02:53.048,0.64167,0.64193,1.70,1.50
2010.11.04 22:02:55.162,0.64167,0.64193,1.70,1.50
2010.11.04 22:02:57.974,0.64167,0.64193,1.70,1.50
2010.11.04 22:03:00.416,0.64167,0.64193,1.70,1.50
2010.11.04 22:03:02.462,0.64167,0.64193,1.70,1.50
2010.11.04 22:03:04.089,0.64167,0.64203,2.50,1.50
2010.11.04 22:03:06.393,0.64176,0.64204,1.70,1.50
2010.11.04 22:03:09.777,0.64176,0.64204,1.70,1.50
2010.11.04 22:03:11.338,0.64166,0.64204,1.50,1.50
2010.11.04 22:03:11.669,0.64167,0.64193,1.50,1.50
2010.11.04 22:03:13.683,0.64167,0.64193,1.50,1.50
2010.11.04 22:03:15.895,0.64166,0.64194,1.50,1.50
2010.11.04 22:03:16.332,0.64166,0.64194,1.70,1.50
2010.11.04 22:03:16.885,0.64176,0.64204,1.50,1.60
2010.11.04 22:03:19.001,0.64167,0.64193,1.50,1.50
2010.11.04 22:03:21.516,0.64167,0.64193,1.50,1.50
2010.11.04 22:03:21.868,0.64167,0.64203,1.70,1.50
2010.11.04 22:03:23.636,0.64167,0.64193,1.70,1.50
2010.11.04 22:03:25.650,0.64167,0.64193,1.70,1.50
2010.11.04 22:03:27.618,0.64166,0.64204,2.50,1.60
2010.11.04 22:03:28.440,0.64166,0.64194,2.50,1.50
2010.11.04 22:03:30.486,0.64166,0.64194,2.50,1.50
2010.11.04 22:03:32.810,0.64166,0.64194,2.50,1.50
2010.11.04 22:03:34.930,0.64166,0.64194,2.50,1.50
2010.11.04 22:03:37.391,0.64166,0.64194,2.50,1.50
2010.11.04 22:03:40.486,0.64166,0.64194,2.50,1.50
2010.11.04 22:03:43.061,0.64166,0.64194,2.50,1.50
2010.11.04 22:03:45.269,0.64166,0.64194,2.60,1.50
2010.11.04 22:03:47.711,0.64167,0.64193,1.70,1.50
2010.11.04 22:03:47.821,0.64167,0.64203,2.50,1.50
2010.11.04 22:03:50.515,0.64176,0.64204,1.70,1.50
2010.11.04 22:03:53.058,0.64176,0.64204,1.70,1.50
2010.11.04 22:03:55.664,0.64176,0.64204,1.70,1.50
2010.11.04 22:03:58.394,0.64176,0.64204,1.70,1.50
2010.11.04 22:04:00.543,0.64176,0.64204,1.70,1.50
2010.11.04 22:04:02.913,0.64176,0.64204,1.70,1.50
2010.11.04 22:04:05.253,0.64176,0.64204,1.70,1.50
2010.11.04 22:04:07.548,0.64176,0.64204,1.70,1.50
2010.11.04 22:04:10.555,0.64176,0.64204,1.70,1.50
2010.11.04 22:04:13.113,0.64176,0.64204,1.70,1.50
2010.11.04 22:04:15.556,0.64176,0.64204,1.70,1.50
2010.11.04 22:04:18.110,0.64176,0.64204,1.70,1.50
2010.11.04 22:04:19.000,0.64167,0.64203,1.50,1.60
2010.11.04 22:04:19.429,0.64167,0.64193,1.50,1.50
2010.11.04 22:04:21.509,0.64167,0.64193,1.70,1.50
2010.11.04 22:04:23.603,0.64167,0.64193,1.70,1.50
2010.11.04 22:04:26.007,0.64167,0.64193,1.80,1.50
2010.11.04 22:04:28.137,0.64167,0.64193,1.70,1.50
2010.11.04 22:04:30.219,0.64167,0.64193,1.70,1.50
2010.11.04 22:04:33.147,0.64167,0.64193,1.70,1.50
2010.11.04 22:04:35.602,0.64167,0.64193,1.70,1.50
2010.11.04 22:04:37.309,0.64166,0.64194,1.50,1.50
2010.11.04 22:04:39.434,0.64166,0.64194,1.50,1.50
2010.11.04 22:04:39.550,0.64166,0.64204,2.50,1.50
2010.11.04 22:04:39.879,0.64166,0.64204,1.70,1.70
2010.11.04 22:04:42.332,0.64166,0.64194,1.70,1.50
2010.11.04 22:04:45.608,0.64166,0.64194,1.50,1.50
2010.11.04 22:04:47.685,0.64166,0.64194,1.50,1.50
2010.11.04 22:04:49.789,0.64166,0.64194,2.50,1.50
2010.11.04 22:04:52.309,0.64166,0.64194,2.60,1.50
2010.11.04 22:04:55.553,0.64166,0.64194,2.60,1.50
2010.11.04 22:04:58.188,0.64166,0.64194,2.60,1.50
2010.11.04 22:05:00.394,0.64167,0.64193,1.90,1.50
2010.11.04 22:05:02.441,0.64167,0.64193,1.90,1.50
2010.11.04 22:05:04.875,0.64167,0.64193,1.90,1.50
2010.11.04 22:05:07.006,0.64167,0.64193,1.90,1.50
2010.11.04 22:05:10.678,0.64167,0.64193,1.90,1.50
2010.11.04 22:05:13.220,0.64167,0.64193,1.90,1.50
2010.11.04 22:05:15.686,0.64167,0.64193,1.90,1.50
2010.11.04 22:05:18.228,0.64167,0.64193,1.90,1.50
2010.11.04 22:05:21.004,0.64167,0.64193,1.90,1.50
2010.11.04 22:05:22.788,0.64167,0.64193,1.90,1.50
2010.11.04 22:05:25.690,0.64167,0.64193,1.70,1.50
2010.11.04 22:05:27.868,0.64167,0.64193,1.70,1.50
2010.11.04 22:05:30.711,0.64167,0.64193,1.70,1.50
2010.11.04 22:05:33.257,0.64167,0.64193,1.90,1.50
2010.11.04 22:05:35.710,0.64167,0.64193,1.90,1.50
2010.11.04 22:05:38.621,0.64167,0.64193,1.90,1.50
2010.11.04 22:05:40.632,0.64166,0.64204,1.70,1.50
2010.11.04 22:05:42.752,0.64176,0.64204,1.50,1.50
2010.11.04 22:05:46.039,0.64176,0.64204,1.50,1.50
2010.11.04 22:05:48.303,0.64176,0.64204,1.50,1.50
2010.11.04 22:05:50.304,0.64176,0.64204,1.70,1.50
2010.11.04 22:05:52.712,0.64176,0.64204,1.70,1.50
2010.11.04 22:05:54.910,0.64176,0.64204,1.70,1.50
2010.11.04 22:05:58.319,0.64176,0.64204,1.70,1.50
2010.11.04 22:06:00.349,0.64176,0.64204,1.70,1.50
2010.11.04 22:06:00.459,0.64176,0.64214,1.70,1.80
2010.11.04 22:06:00.569,0.64176,0.64204,1.70,1.50
2010.11.04 22:06:03.316,0.64176,0.64204,1.70,1.50
2010.11.04 22:06:06.080,0.64176,0.64204,1.70,1.50
2010.11.04 22:06:08.335,0.64176,0.64204,1.70,1.50
2010.11.04 22:06:10.386,0.64176,0.64204,1.70,1.50
2010.11.04 22:06:12.507,0.64176,0.64204,1.70,1.50
2010.11.04 22:06:15.796,0.64176,0.64204,1.70,1.50
2010.11.04 22:06:17.940,0.64176,0.64204,1.70,1.50
2010.11.04 22:06:20.636,0.64177,0.64203,1.70,1.50
2010.11.04 22:06:22.950,0.64177,0.64203,1.70,2.50
2010.11.04 22:06:25.222,0.64169,0.64204,1.40,1.50
2010.11.04 22:06:26.921,0.64176,0.64204,1.50,2.50
2010.11.04 22:06:27.649,0.64177,0.64203,1.50,1.50
2010.11.04 22:06:30.384,0.64177,0.64203,1.50,1.60
2010.11.04 22:06:30.742,0.64166,0.64194,1.50,1.50
2010.11.04 22:06:33.099,0.64166,0.64194,1.50,1.50
2010.11.04 22:06:35.117,0.64166,0.64194,1.50,1.50
2010.11.04 22:06:38.392,0.64166,0.64194,1.50,1.50
2010.11.04 22:06:40.843,0.64166,0.64194,1.50,1.50
2010.11.04 22:06:42.319,0.64157,0.64183,2.50,1.50
2010.11.04 22:06:43.261,0.64158,0.64194,3.20,1.50
2010.11.04 22:06:45.870,0.64166,0.64194,1.50,1.50
2010.11.04 22:06:46.979,0.64156,0.64184,1.90,1.50
2010.11.04 22:06:49.650,0.64156,0.64184,1.90,1.50
2010.11.04 22:06:50.788,0.64167,0.64193,1.50,1.50
2010.11.04 22:06:52.869,0.64167,0.64193,1.50,1.50
2010.11.04 22:06:54.971,0.64167,0.64193,1.50,1.50
2010.11.04 22:06:57.031,0.64167,0.64193,1.50,1.50
2010.11.04 22:06:59.117,0.64167,0.64193,1.50,1.50
2010.11.04 22:07:01.130,0.64167,0.64193,1.50,1.50
2010.11.04 22:07:03.221,0.64167,0.64193,1.50,1.50
2010.11.04 22:07:05.889,0.64167,0.64193,1.50,1.50
2010.11.04 22:07:08.256,0.64167,0.64193,1.50,1.50
2010.11.04 22:07:11.228,0.64167,0.64193,1.50,1.50
2010.11.04 22:07:14.102,0.64167,0.64193,1.50,1.50
2010.11.04 22:07:15.913,0.64167,0.64193,1.50,1.50
2010.11.04 22:07:17.961,0.64167,0.64193,1.50,1.50
2010.11.04 22:07:20.774,0.64167,0.64193,1.50,1.50
2010.11.04 22:07:23.486,0.64167,0.64193,1.50,1.50
2010.11.04 22:07:25.934,0.64167,0.64193,1.50,1.50
2010.11.04 22:07:28.731,0.64167,0.64193,1.50,1.50
2010.11.04 22:07:30.944,0.64167,0.64193,1.50,1.50
2010.11.04 22:07:33.100,0.64167,0.64193,1.50,1.50
2010.11.04 22:07:35.960,0.64167,0.64193,1.50,1.50
2010.11.04 22:07:38.125,0.64167,0.64193,1.50,1.50
2010.11.04 22:07:40.400,0.64167,0.64193,1.50,1.50
2010.11.04 22:07:42.536,0.64167,0.64193,1.50,1.50
2010.11.04 22:07:44.599,0.64167,0.64193,1.50,1.50
2010.11.04 22:07:46.773,0.64166,0.64194,1.50,1.50
2010.11.04 22:07:48.903,0.64166,0.64194,1.50,1.50
2010.11.04 22:07:51.009,0.64166,0.64194,1.70,1.50
2010.11.04 22:07:53.541,0.64166,0.64194,1.80,1.50
2010.11.04 22:07:55.584,0.64166,0.64194,1.60,1.50
2010.11.04 22:07:58.559,0.64166,0.64194,1.60,1.50
2010.11.04 22:08:00.108,0.64176,0.64204,1.50,1.50
2010.11.04 22:08:02.201,0.64176,0.64204,1.50,1.50
2010.11.04 22:08:04.259,0.64176,0.64204,1.50,1.50
2010.11.04 22:08:06.912,0.64176,0.64204,1.50,1.50
2010.11.04 22:08:09.350,0.64176,0.64204,1.50,1.50
2010.11.04 22:08:11.905,0.64176,0.64204,1.50,1.50
2010.11.04 22:08:14.001,0.64176,0.64204,1.50,1.50
2010.11.04 22:08:16.929,0.64176,0.64204,1.50,1.50
2010.11.04 22:08:18.090,0.64167,0.64193,1.50,1.50
2010.11.04 22:08:20.102,0.64167,0.64193,1.50,1.50
2010.11.04 22:08:23.596,0.64167,0.64193,1.50,1.50
2010.11.04 22:08:25.603,0.64167,0.64193,1.50,1.50
2010.11.04 22:08:27.895,0.64167,0.64193,1.50,1.50
2010.11.04 22:08:30.640,0.64167,0.64193,1.50,1.50
2010.11.04 22:08:33.614,0.64167,0.64193,1.50,1.50
2010.11.04 22:08:35.720,0.64167,0.64193,1.50,1.50
2010.11.04 22:08:37.868,0.64167,0.64193,1.50,1.50
2010.11.04 22:08:41.083,0.64167,0.64193,1.50,1.50
2010.11.04 22:08:43.692,0.64167,0.64193,1.50,1.50
2010.11.04 22:08:46.079,0.64167,0.64193,1.50,1.50
2010.11.04 22:08:48.182,0.64166,0.64194,1.50,1.50
2010.11.04 22:08:50.750,0.64166,0.64194,1.50,1.50
2010.11.04 22:08:53.388,0.64166,0.64194,1.50,1.50
2010.11.04 22:08:55.793,0.64166,0.64194,1.50,1.50
2010.11.04 22:08:58.683,0.64166,0.64194,1.50,1.50
2010.11.04 22:09:01.117,0.64166,0.64194,1.50,1.50
2010.11.04 22:09:03.691,0.64167,0.64193,1.50,1.50
2010.11.04 22:09:06.135,0.64167,0.64193,1.50,1.50
2010.11.04 22:09:08.355,0.64167,0.64193,1.50,1.50
2010.11.04 22:09:11.471,0.64167,0.64193,1.50,1.50
2010.11.04 22:09:13.851,0.64167,0.64193,1.50,1.50
2010.11.04 22:09:16.126,0.64166,0.64194,1.50,1.50
2010.11.04 22:09:18.726,0.64166,0.64194,1.50,1.50
2010.11.04 22:09:21.178,0.64166,0.64194,1.50,1.50
2010.11.04 22:09:23.160,0.64166,0.64194,1.50,1.50
2010.11.04 22:09:25.891,0.64166,0.64194,1.50,1.50
2010.11.04 22:09:28.230,0.64166,0.64194,1.50,1.50
2010.11.04 22:09:31.077,0.64166,0.64194,1.50,1.50
2010.11.04 22:09:33.736,0.64166,0.64194,1.50,1.50
2010.11.04 22:09:36.193,0.64166,0.64194,1.50,1.50
2010.11.04 22:09:38.760,0.64166,0.64194,1.50,1.50
2010.11.04 22:09:41.195,0.64166,0.64194,1.50,1.50
2010.11.04 22:09:43.754,0.64166,0.64194,1.50,1.50
2010.11.04 22:09:46.065,0.64166,0.64194,1.50,1.50
2010.11.04 22:09:48.768,0.64166,0.64194,1.50,1.50
2010.11.04 22:09:51.233,0.64166,0.64194,1.50,1.50
2010.11.04 22:09:53.780,0.64166,0.64194,1.50,1.50
2010.11.04 22:09:56.570,0.64166,0.64194,1.50,1.50
2010.11.04 22:09:58.798,0.64166,0.64194,1.50,1.50
2010.11.04 22:10:03.795,0.64166,0.64194,1.50,1.50
2010.11.04 22:10:06.134,0.64166,0.64194,1.50,1.50
2010.11.04 22:10:08.209,0.64166,0.64194,1.50,1.50
2010.11.04 22:10:11.262,0.64166,0.64194,1.50,1.50
2010.11.04 22:10:13.841,0.64166,0.64194,1.50,1.50
2010.11.04 22:10:16.337,0.64166,0.64194,1.50,1.50
2010.11.04 22:10:18.841,0.64166,0.64194,1.50,1.50
2010.11.04 22:10:20.910,0.64166,0.64194,1.50,1.50
2010.11.04 22:10:23.859,0.64166,0.64194,1.50,1.50
2010.11.04 22:10:26.257,0.64166,0.64194,1.50,1.50
2010.11.04 22:10:28.533,0.64166,0.64194,1.50,1.50
2010.11.04 22:10:31.173,0.64167,0.64193,1.50,1.50
2010.11.04 22:10:33.863,0.64167,0.64193,1.50,1.50
2010.11.04 22:10:36.193,0.64167,0.64193,1.50,1.50
2010.11.04 22:10:38.866,0.64167,0.64193,1.50,1.50
2010.11.04 22:10:41.280,0.64167,0.64193,1.50,1.50
2010.11.04 22:10:43.887,0.64167,0.64193,1.50,1.50
2010.11.04 22:10:46.325,0.64167,0.64193,1.50,1.50
2010.11.04 22:10:48.890,0.64167,0.64193,1.50,1.50
2010.11.04 22:10:51.333,0.64167,0.64193,1.50,1.50
2010.11.04 22:10:53.365,0.64167,0.64193,1.50,1.50
2010.11.04 22:10:55.394,0.64167,0.64193,1.50,1.50
2010.11.04 22:10:58.920,0.64167,0.64193,1.50,1.50
2010.11.04 22:11:01.084,0.64167,0.64193,1.50,1.50
2010.11.04 22:11:03.609,0.64166,0.64194,1.50,1.50
2010.11.04 22:11:06.376,0.64166,0.64194,1.50,1.50
2010.11.04 22:11:08.579,0.64166,0.64194,1.50,1.50
2010.11.04 22:11:11.383,0.64166,0.64194,1.50,1.50
2010.11.04 22:11:13.864,0.64166,0.64194,1.50,1.50
2010.11.04 22:11:16.164,0.64167,0.64193,1.50,1.50
2010.11.04 22:11:18.784,0.64167,0.64193,1.50,1.50
2010.11.04 22:11:21.059,0.64167,0.64193,1.50,1.50
2010.11.04 22:11:23.148,0.64167,0.64193,1.50,1.50
2010.11.04 22:11:26.421,0.64167,0.64193,1.50,1.50
2010.11.04 22:11:29.211,0.64167,0.64193,1.50,1.50
2010.11.04 22:11:31.329,0.64167,0.64193,1.50,1.50
2010.11.04 22:11:33.398,0.64167,0.64193,1.50,1.50
2010.11.04 22:11:35.672,0.64167,0.64193,1.50,1.50
2010.11.04 22:11:37.929,0.64167,0.64193,1.50,1.50
2010.11.04 22:11:39.988,0.64167,0.64193,1.50,1.50
2010.11.04 22:11:42.203,0.64167,0.64193,1.50,1.50
2010.11.04 22:11:44.896,0.64167,0.64193,1.50,1.50
2010.11.04 22:11:47.242,0.64167,0.64193,1.50,1.50
2010.11.04 22:11:49.907,0.64167,0.64193,1.50,1.50
2010.11.04 22:11:52.117,0.64167,0.64193,1.50,1.50
2010.11.04 22:11:54.918,0.64167,0.64193,1.50,1.50
2010.11.04 22:11:57.162,0.64167,0.64193,1.50,1.50
2010.11.04 22:11:59.936,0.64167,0.64193,1.50,1.50
2010.11.04 22:12:02.381,0.64167,0.64193,1.50,1.50
2010.11.04 22:12:04.727,0.64167,0.64193,1.50,1.50
2010.11.04 22:12:07.402,0.64167,0.64193,1.50,1.50
2010.11.04 22:12:09.478,0.64167,0.64193,1.50,1.50
2010.11.04 22:12:12.334,0.64167,0.64193,1.50,1.50
2010.11.04 22:12:14.053,0.64167,0.64193,1.50,1.50
2010.11.04 22:12:16.200,0.64166,0.64194,1.50,1.50
2010.11.04 22:12:18.292,0.64166,0.64194,1.50,1.50
2010.11.04 22:12:21.308,0.64166,0.64194,1.50,1.50
2010.11.04 22:12:23.451,0.64166,0.64194,1.50,1.50
2010.11.04 22:12:26.540,0.64166,0.64194,1.50,1.50
2010.11.04 22:12:28.584,0.64166,0.64194,1.50,1.50
2010.11.04 22:12:31.401,0.64167,0.64193,1.50,1.50
2010.11.04 22:12:33.942,0.64167,0.64193,1.50,1.50
2010.11.04 22:12:34.311,0.64133,0.64181,1.40,1.40
2010.11.04 22:12:35.499,0.64127,0.64153,2.50,1.50
2010.11.04 22:12:37.509,0.64127,0.64153,2.00,1.50
2010.11.04 22:12:39.587,0.64127,0.64153,2.00,1.50
2010.11.04 22:12:40.311,0.64136,0.64164,1.50,1.50
2010.11.04 22:12:42.429,0.64136,0.64164,1.50,1.50
2010.11.04 22:12:42.820,0.64137,0.64173,1.50,1.60
2010.11.04 22:12:43.149,0.64137,0.64163,1.70,1.50
2010.11.04 22:12:45.359,0.64137,0.64163,1.80,1.50
2010.11.04 22:12:47.376,0.64137,0.64163,1.80,1.50
2010.11.04 22:12:49.769,0.64137,0.64163,1.80,1.50
2010.11.04 22:12:51.809,0.64137,0.64163,1.80,1.50
2010.11.04 22:12:54.158,0.64137,0.64163,1.50,1.50
2010.11.04 22:12:56.612,0.64137,0.64163,1.50,1.50
2010.11.04 22:12:58.654,0.64137,0.64163,1.50,1.50
2010.11.04 22:13:01.402,0.64137,0.64163,1.50,1.50
2010.11.04 22:13:03.674,0.64136,0.64164,1.50,1.50
2010.11.04 22:13:06.602,0.64136,0.64164,1.60,1.50
2010.11.04 22:13:09.235,0.64136,0.64164,1.60,1.50
2010.11.04 22:13:11.622,0.64136,0.64164,1.60,1.50
2010.11.04 22:13:14.175,0.64136,0.64164,1.60,1.50
2010.11.04 22:13:16.298,0.64136,0.64164,1.60,1.50
2010.11.04 22:13:18.673,0.64136,0.64164,1.60,1.50
2010.11.04 22:13:20.779,0.64136,0.64164,1.60,1.50
2010.11.04 22:13:22.809,0.64136,0.64164,1.50,1.50
2010.11.04 22:13:25.095,0.64136,0.64164,1.50,1.50
2010.11.04 22:13:27.533,0.64136,0.64164,1.50,1.50
2010.11.04 22:13:30.044,0.64136,0.64164,1.50,1.50
2010.11.04 22:13:32.202,0.64137,0.64163,1.50,1.50
2010.11.04 22:13:34.303,0.64137,0.64163,1.50,1.50
2010.11.04 22:13:36.465,0.64137,0.64163,1.50,1.50
2010.11.04 22:13:39.577,0.64137,0.64163,1.50,1.50
2010.11.04 22:13:41.279,0.64137,0.64163,1.50,1.50
2010.11.04 22:13:43.972,0.64137,0.64163,1.50,1.50
2010.11.04 22:13:46.076,0.64137,0.64163,1.50,1.50
2010.11.04 22:13:48.261,0.64137,0.64163,1.50,1.50
2010.11.04 22:13:50.331,0.64137,0.64163,1.50,1.50
2010.11.04 22:13:52.579,0.64137,0.64163,1.50,1.50
2010.11.04 22:13:55.152,0.64137,0.64163,1.50,1.50
2010.11.04 22:13:57.659,0.64137,0.64163,1.50,1.50
2010.11.04 22:13:59.707,0.64137,0.64163,1.50,1.50
2010.11.04 22:14:01.716,0.64136,0.64164,1.50,1.50
2010.11.04 22:14:04.031,0.64136,0.64164,1.50,1.50
2010.11.04 22:14:06.319,0.64136,0.64164,1.50,1.50
2010.11.04 22:14:08.941,0.64136,0.64164,1.50,1.50
2010.11.04 22:14:11.030,0.64136,0.64164,1.50,1.50
2010.11.04 22:14:13.451,0.64136,0.64164,1.50,1.50
2010.11.04 22:14:16.099,0.64136,0.64164,1.50,1.50
2010.11.04 22:14:18.400,0.64137,0.64163,1.50,1.50
2010.11.04 22:14:20.466,0.64137,0.64163,1.50,1.50
2010.11.04 22:14:22.629,0.64137,0.64163,1.50,1.50
2010.11.04 22:14:25.213,0.64137,0.64163,1.50,1.50
2010.11.04 22:14:27.660,0.64137,0.64163,1.50,1.50
2010.11.04 22:14:29.680,0.64137,0.64163,1.50,1.50
2010.11.04 22:14:31.786,0.64137,0.64163,1.50,1.50
2010.11.04 22:14:33.913,0.64137,0.64163,1.50,1.50
2010.11.04 22:14:36.232,0.64137,0.64163,1.50,1.50
2010.11.04 22:14:39.358,0.64137,0.64163,1.50,1.50
2010.11.04 22:14:41.392,0.64137,0.64163,1.50,1.50
2010.11.04 22:14:43.484,0.64137,0.64163,1.50,1.50
2010.11.04 22:14:45.520,0.64137,0.64163,1.50,1.50
2010.11.04 22:14:47.705,0.64136,0.64164,1.50,1.50
2010.11.04 22:14:50.263,0.64136,0.64164,1.50,1.50
2010.11.04 22:14:52.700,0.64136,0.64164,1.50,1.50
2010.11.04 22:14:55.298,0.64136,0.64164,1.50,1.50
2010.11.04 22:14:57.636,0.64136,0.64164,1.50,1.50
2010.11.04 22:15:00.284,0.64136,0.64164,1.50,1.50
2010.11.04 22:15:02.728,0.64136,0.64164,1.50,1.50
2010.11.04 22:15:07.074,0.64136,0.64164,1.50,1.50
2010.11.04 22:15:09.407,0.64136,0.64164,1.50,1.50
2010.11.04 22:15:11.852,0.64136,0.64164,1.50,1.50
2010.11.04 22:15:14.147,0.64136,0.64164,1.50,1.50
2010.11.04 22:15:16.344,0.64137,0.64163,1.50,1.50
2010.11.04 22:15:19.424,0.64137,0.64163,1.50,1.50
2010.11.04 22:15:21.546,0.64137,0.64163,1.50,1.50
2010.11.04 22:15:23.886,0.64137,0.64163,1.50,1.50
2010.11.04 22:15:24.330,0.64128,0.64163,2.70,1.50
2010.11.04 22:15:24.769,0.64136,0.64164,1.50,1.50
2010.11.04 22:15:26.849,0.64136,0.64164,1.50,1.50
2010.11.04 22:15:29.348,0.64136,0.64164,1.70,1.50
2010.11.04 22:15:31.430,0.64136,0.64164,1.50,1.50
2010.11.04 22:15:32.679,0.64126,0.64164,2.00,1.50
2010.11.04 22:15:33.120,0.64136,0.64164,1.50,1.50
2010.11.04 22:15:35.218,0.64136,0.64164,1.50,1.50
2010.11.04 22:15:37.325,0.64136,0.64164,1.50,1.50
2010.11.04 22:15:39.808,0.64136,0.64164,1.50,1.50
2010.11.04 22:15:41.917,0.64136,0.64164,1.50,1.50
2010.11.04 22:15:44.055,0.64136,0.64164,1.50,1.50
2010.11.04 22:15:46.114,0.64136,0.64164,1.60,1.50
2010.11.04 22:15:46.847,0.64127,0.64163,2.30,1.50
2010.11.04 22:15:47.179,0.64137,0.64163,1.50,1.50
2010.11.04 22:15:49.263,0.64137,0.64163,1.50,1.50
2010.11.04 22:15:51.298,0.64137,0.64163,1.50,1.50
2010.11.04 22:15:54.116,0.64137,0.64163,1.50,1.50
2010.11.04 22:15:56.375,0.64137,0.64163,1.50,1.50
2010.11.04 22:15:59.502,0.64137,0.64163,1.50,1.50
2010.11.04 22:16:01.957,0.64137,0.64163,1.50,1.50
2010.11.04 22:16:04.222,0.64137,0.64163,1.50,1.50
2010.11.04 22:16:06.701,0.64136,0.64164,1.50,1.50
2010.11.04 22:16:08.794,0.64137,0.64163,1.50,1.50
2010.11.04 22:16:11.214,0.64137,0.64163,1.60,1.50
2010.11.04 22:16:13.288,0.64137,0.64163,1.60,1.50
2010.11.04 22:16:16.101,0.64137,0.64163,1.50,1.50
2010.11.04 22:16:18.419,0.64137,0.64163,1.50,1.50
2010.11.04 22:16:20.449,0.64137,0.64163,2.00,1.50
2010.11.04 22:16:22.857,0.64137,0.64163,1.50,1.50
2010.11.04 22:16:23.411,0.64127,0.64163,2.30,1.50
2010.11.04 22:16:23.849,0.64137,0.64163,1.50,1.50
2010.11.04 22:16:27.121,0.64137,0.64163,1.50,1.50
2010.11.04 22:16:29.579,0.64137,0.64163,1.50,1.50
2010.11.04 22:16:32.020,0.64137,0.64163,1.50,1.50
2010.11.04 22:16:34.365,0.64137,0.64163,1.50,1.50
2010.11.04 22:16:34.810,0.64126,0.64164,2.20,1.50
2010.11.04 22:16:36.987,0.64136,0.64164,1.50,1.50
2010.11.04 22:16:39.596,0.64136,0.64164,1.50,1.50
2010.11.04 22:16:41.791,0.64136,0.64164,1.50,1.50
2010.11.04 22:16:44.588,0.64136,0.64164,1.50,1.50
2010.11.04 22:16:47.088,0.64136,0.64164,1.50,1.50
2010.11.04 22:16:49.612,0.64136,0.64164,1.50,1.50
2010.11.04 22:16:51.648,0.64136,0.64164,1.50,1.50
2010.11.04 22:16:54.647,0.64136,0.64164,1.50,1.50
2010.11.04 22:16:57.061,0.64136,0.64164,1.50,1.50
2010.11.04 22:16:59.064,0.64136,0.64164,1.50,1.50
2010.11.04 22:17:01.176,0.64137,0.64163,1.50,1.50
2010.11.04 22:17:03.179,0.64127,0.64164,1.10,1.50
2010.11.04 22:17:03.910,0.64137,0.64163,1.50,1.50
2010.11.04 22:17:07.092,0.64137,0.64163,1.50,1.50
2010.11.04 22:17:09.642,0.64137,0.64163,1.50,1.50
2010.11.04 22:17:11.721,0.64137,0.64163,1.50,1.50
2010.11.04 22:17:14.668,0.64137,0.64163,1.50,1.70
2010.11.04 22:17:17.445,0.64137,0.64163,1.50,1.70
2010.11.04 22:17:19.664,0.64137,0.64163,1.50,1.70
2010.11.04 22:17:21.767,0.64136,0.64164,1.50,1.50
2010.11.04 22:17:23.805,0.64136,0.64164,1.70,1.50
2010.11.04 22:17:27.110,0.64136,0.64164,1.70,1.50
2010.11.04 22:17:29.686,0.64136,0.64164,1.70,1.50
2010.11.04 22:17:32.051,0.64137,0.64163,1.70,1.50
2010.11.04 22:17:34.150,0.64137,0.64163,1.70,1.50
2010.11.04 22:17:36.180,0.64137,0.64163,1.50,1.50
2010.11.04 22:17:37.951,0.64139,0.64174,1.40,1.70
2010.11.04 22:17:38.615,0.64146,0.64172,1.50,3.20
2010.11.04 22:17:38.722,0.64137,0.64172,1.70,3.20
2010.11.04 22:17:39.599,0.64127,0.64163,1.90,1.50
2010.11.04 22:17:39.989,0.64137,0.64163,1.50,1.50
2010.11.04 22:17:42.158,0.64137,0.64163,1.50,1.50
2010.11.04 22:17:43.612,0.64137,0.64173,2.10,1.50
2010.11.04 22:17:43.830,0.64129,0.64164,2.60,1.50
2010.11.04 22:17:44.812,0.64127,0.64154,1.40,1.50
2010.11.04 22:17:46.073,0.64131,0.64163,1.40,1.50
2010.11.04 22:17:46.681,0.64143,0.64163,1.40,1.50
2010.11.04 22:17:47.120,0.64146,0.64174,2.50,1.50
2010.11.04 22:17:49.129,0.64147,0.64174,1.10,1.50
2010.11.04 22:17:51.215,0.64147,0.64174,1.10,1.50
2010.11.04 22:17:53.230,0.64146,0.64174,1.70,1.50
2010.11.04 22:17:55.394,0.64146,0.64174,1.70,1.50
2010.11.04 22:17:57.479,0.64146,0.64174,1.70,1.50
2010.11.04 22:17:59.551,0.64146,0.64174,1.70,1.50
2010.11.04 22:18:01.978,0.64146,0.64174,1.70,1.50
2010.11.04 22:18:02.439,0.64146,0.64174,1.50,2.50
2010.11.04 22:18:02.660,0.64132,0.64172,2.00,2.50
2010.11.04 22:18:02.771,0.64127,0.64172,2.50,2.90
2010.11.04 22:18:02.885,0.64126,0.64154,1.70,1.50
2010.11.04 22:18:04.961,0.64126,0.64154,1.60,1.50
2010.11.04 22:18:06.834,0.64131,0.64154,1.10,1.50
2010.11.04 22:18:08.904,0.64128,0.64154,2.60,1.50
2010.11.04 22:18:10.370,0.64127,0.64163,1.70,1.50
2010.11.04 22:18:10.590,0.64126,0.64154,1.70,1.50
2010.11.04 22:18:12.721,0.64127,0.64154,2.40,1.50
2010.11.04 22:18:13.530,0.64136,0.64164,1.50,1.50
2010.11.04 22:18:15.703,0.64136,0.64164,1.50,1.50
2010.11.04 22:18:18.060,0.64136,0.64164,1.50,1.50
2010.11.04 22:18:18.971,0.64137,0.64174,2.30,1.50
2010.11.04 22:18:19.303,0.64136,0.64164,1.50,1.50
2010.11.04 22:18:21.423,0.64136,0.64164,1.50,1.50
2010.11.04 22:18:23.573,0.64136,0.64164,1.50,1.50
2010.11.04 22:18:25.772,0.64136,0.64164,1.50,1.50
2010.11.04 22:18:27.800,0.64136,0.64164,1.50,1.50
2010.11.04 22:18:30.184,0.64136,0.64164,1.50,1.50
2010.11.04 22:18:32.248,0.64136,0.64164,1.50,1.50
2010.11.04 22:18:34.819,0.64136,0.64164,1.50,1.50
2010.11.04 22:18:37.077,0.64136,0.64164,1.50,1.50
2010.11.04 22:18:40.130,0.64136,0.64164,1.50,1.50
2010.11.04 22:18:42.205,0.64136,0.64164,1.50,1.50
2010.11.04 22:18:44.859,0.64136,0.64164,1.50,1.50
2010.11.04 22:18:47.279,0.64137,0.64163,1.50,1.50
2010.11.04 22:18:47.792,0.64128,0.64163,2.30,1.50
2010.11.04 22:18:48.340,0.64136,0.64164,1.50,1.50
2010.11.04 22:18:48.672,0.64136,0.64164,1.70,1.50
2010.11.04 22:18:49.002,0.6414,0.64173,2.50,1.50
2010.11.04 22:18:49.585,0.64157,0.64183,1.50,1.50
2010.11.04 22:18:51.691,0.64157,0.64183,1.50,1.50
2010.11.04 22:18:53.790,0.64157,0.64183,1.50,1.50
2010.11.04 22:18:54.560,0.64147,0.64183,1.50,1.50
2010.11.04 22:18:54.670,0.64147,0.64173,1.50,1.50
2010.11.04 22:18:57.043,0.64147,0.64173,1.50,1.50
2010.11.04 22:18:57.813,0.64148,0.64183,2.40,1.50
2010.11.04 22:18:59.910,0.64156,0.64184,1.50,1.50
2010.11.04 22:19:00.131,0.64147,0.64173,1.50,1.50
2010.11.04 22:19:00.352,0.64146,0.64184,1.50,1.50
2010.11.04 22:19:00.790,0.64157,0.64183,1.50,1.50
2010.11.04 22:19:02.983,0.64157,0.64183,1.50,1.50
2010.11.04 22:19:04.130,0.64146,0.64184,1.50,1.50
2010.11.04 22:19:04.572,0.64146,0.64174,1.50,1.50
2010.11.04 22:19:07.327,0.64146,0.64174,1.50,1.50
2010.11.04 22:19:09.321,0.64146,0.64174,1.50,1.50
2010.11.04 22:19:11.470,0.64146,0.64174,1.50,1.50
2010.11.04 22:19:12.760,0.64157,0.64183,1.50,1.50
2010.11.04 22:19:14.932,0.64157,0.64183,1.50,1.50
2010.11.04 22:19:17.500,0.64157,0.64183,1.50,1.50
2010.11.04 22:19:19.590,0.64157,0.64183,1.50,1.50
2010.11.04 22:19:21.752,0.64157,0.64183,1.50,1.50
2010.11.04 22:19:24.967,0.64157,0.64183,1.50,1.50
2010.11.04 22:19:26.531,0.64157,0.64193,1.50,1.50
2010.11.04 22:19:26.860,0.64157,0.64183,1.50,1.50
2010.11.04 22:19:27.794,0.64157,0.64193,1.50,1.50
2010.11.04 22:19:28.559,0.64147,0.64183,1.50,1.50
2010.11.04 22:19:30.684,0.64156,0.64184,1.50,1.50
2010.11.04 22:19:32.766,0.64156,0.64184,1.50,1.50
2010.11.04 22:19:34.962,0.64156,0.64184,1.50,1.50
2010.11.04 22:19:36.401,0.64167,0.64193,1.50,1.50
2010.11.04 22:19:38.972,0.64167,0.64193,1.50,1.50
2010.11.04 22:19:41.081,0.64167,0.64193,1.50,1.50
2010.11.04 22:19:43.213,0.64167,0.64193,1.50,1.50
2010.11.04 22:19:45.302,0.64167,0.64193,1.50,1.50
2010.11.04 22:19:46.859,0.64157,0.64183,1.50,1.50
2010.11.04 22:19:49.482,0.64157,0.64183,1.50,1.50
2010.11.04 22:19:51.671,0.64157,0.64183,1.50,1.50
2010.11.04 22:19:54.449,0.64157,0.64183,1.50,1.50
2010.11.04 22:19:56.742,0.64157,0.64183,1.50,1.50
2010.11.04 22:19:59.493,0.64157,0.64183,1.50,1.50
2010.11.04 22:20:01.906,0.64157,0.64183,1.50,1.50
2010.11.04 22:20:04.056,0.64157,0.64183,1.50,1.50
2010.11.04 22:20:06.252,0.64157,0.64183,1.50,1.50
2010.11.04 22:20:08.366,0.64157,0.64183,1.50,1.50
2010.11.04 22:20:10.681,0.64157,0.64183,1.50,1.50
2010.11.04 22:20:12.772,0.64157,0.64183,1.50,1.50
2010.11.04 22:20:15.057,0.64157,0.64183,1.50,1.50
2010.11.04 22:20:17.457,0.64157,0.64183,1.50,1.50
2010.11.04 22:20:19.534,0.64157,0.64183,1.50,1.50
2010.11.04 22:20:20.660,0.64167,0.64193,1.50,1.50
2010.11.04 22:20:23.288,0.64167,0.64193,1.50,1.50
2010.11.04 22:20:25.544,0.64167,0.64193,1.50,1.50
2010.11.04 22:20:27.579,0.64167,0.64193,1.50,1.50
2010.11.04 22:20:30.072,0.64167,0.64193,1.50,1.50
2010.11.04 22:20:31.512,0.64156,0.64194,1.50,1.50
2010.11.04 22:20:31.789,0.64157,0.64183,1.50,1.50
2010.11.04 22:20:33.984,0.64157,0.64183,1.50,1.50
2010.11.04 22:20:36.200,0.64157,0.64183,1.50,1.50
2010.11.04 22:20:38.450,0.64157,0.64183,1.50,1.50
2010.11.04 22:20:41.363,0.64157,0.64183,1.50,1.50
2010.11.04 22:20:43.504,0.64157,0.64183,1.50,1.50
2010.11.04 22:20:46.293,0.64157,0.64183,1.50,1.50
2010.11.04 22:20:48.620,0.64157,0.64183,1.50,1.50
2010.11.04 22:20:50.969,0.64156,0.64184,1.60,1.50
2010.11.04 22:20:53.307,0.64156,0.64184,4.70,1.50
2010.11.04 22:20:55.367,0.64158,0.64184,1.10,1.50
2010.11.04 22:20:57.390,0.64158,0.64184,1.10,1.50
2010.11.04 22:20:59.963,0.64158,0.64184,1.10,1.50
2010.11.04 22:21:02.037,0.64158,0.64184,1.10,1.50
2010.11.04 22:21:04.233,0.64158,0.64184,1.80,1.50
2010.11.04 22:21:06.463,0.64158,0.64184,1.80,1.50
2010.11.04 22:21:08.497,0.64158,0.64184,1.80,1.50
2010.11.04 22:21:10.629,0.64158,0.64184,1.80,1.50
2010.11.04 22:21:13.283,0.64158,0.64184,1.80,1.50
2010.11.04 22:21:16.161,0.64158,0.64184,1.80,1.50
2010.11.04 22:21:16.907,0.64166,0.64194,1.50,1.50
2010.11.04 22:21:17.031,0.64157,0.64194,3.70,1.50
2010.11.04 22:21:19.085,0.64167,0.64193,1.50,1.50
2010.11.04 22:21:21.151,0.64167,0.64193,1.50,1.50
2010.11.04 22:21:23.164,0.64167,0.64193,1.50,1.50
2010.11.04 22:21:25.328,0.64167,0.64193,1.70,1.50
2010.11.04 22:21:27.551,0.64167,0.64193,1.50,1.50
2010.11.04 22:21:29.655,0.64167,0.64193,1.50,1.50
2010.11.04 22:21:31.730,0.64167,0.64193,1.50,1.50
2010.11.04 22:21:33.795,0.64167,0.64193,1.50,1.50
2010.11.04 22:21:35.824,0.64167,0.64193,1.50,1.50
2010.11.04 22:21:37.831,0.64167,0.64193,1.50,1.50
2010.11.04 22:21:39.869,0.64167,0.64193,1.50,1.50
2010.11.04 22:21:40.721,0.64157,0.64193,1.70,1.50
2010.11.04 22:21:40.829,0.64166,0.64194,1.50,1.50
2010.11.04 22:21:42.830,0.64166,0.64194,1.50,1.50
2010.11.04 22:21:44.921,0.64166,0.64194,1.50,1.50
2010.11.04 22:21:47.030,0.64166,0.64194,1.50,1.50
2010.11.04 22:21:49.233,0.64166,0.64194,1.50,1.50
2010.11.04 22:21:51.507,0.64166,0.64194,1.50,1.50
2010.11.04 22:21:53.522,0.64166,0.64194,1.50,1.50
2010.11.04 22:21:55.654,0.64166,0.64194,1.50,1.50
2010.11.04 22:21:56.100,0.64177,0.64203,1.50,1.50
2010.11.04 22:21:58.143,0.64177,0.64203,1.50,1.50
2010.11.04 22:21:59.798,0.64166,0.64194,1.70,1.50
2010.11.04 22:22:01.882,0.64166,0.64194,1.70,1.50
2010.11.04 22:22:04.253,0.64166,0.64194,1.70,1.50
2010.11.04 22:22:06.592,0.64166,0.64194,1.70,1.50
2010.11.04 22:22:07.031,0.64166,0.64204,1.50,1.50
2010.11.04 22:22:07.470,0.64167,0.64193,1.50,1.50
2010.11.04 22:22:10.320,0.64167,0.64193,1.50,1.50
2010.11.04 22:22:12.685,0.64167,0.64193,1.50,1.50
2010.11.04 22:22:15.034,0.64167,0.64193,1.50,1.50
2010.11.04 22:22:17.067,0.64167,0.64193,1.50,1.50
2010.11.04 22:22:20.306,0.64167,0.64193,1.50,1.50
2010.11.04 22:22:22.721,0.64167,0.64193,1.50,1.50
2010.11.04 22:22:25.056,0.64166,0.64194,1.50,1.50
2010.11.04 22:22:27.149,0.64166,0.64194,1.50,1.50
2010.11.04 22:22:29.702,0.64166,0.64194,1.50,1.50
2010.11.04 22:22:31.510,0.64156,0.64194,1.60,1.50
2010.11.04 22:22:32.119,0.64156,0.64184,1.60,1.50
2010.11.04 22:22:34.187,0.64156,0.64184,1.50,1.50
2010.11.04 22:22:37.424,0.64156,0.64184,1.50,1.50
2010.11.04 22:22:40.129,0.64156,0.64184,1.60,1.50
2010.11.04 22:22:42.212,0.64156,0.64184,1.50,1.50
2010.11.04 22:22:44.323,0.64156,0.64184,1.50,1.50
2010.11.04 22:22:46.951,0.64156,0.64184,1.50,1.50
2010.11.04 22:22:49.031,0.64156,0.64184,1.50,1.50
2010.11.04 22:22:50.128,0.64146,0.64174,1.90,1.50
2010.11.04 22:22:52.129,0.64146,0.64174,1.90,1.50
2010.11.04 22:22:54.541,0.64146,0.64174,1.90,1.50
2010.11.04 22:22:56.560,0.64146,0.64174,1.90,1.50
2010.11.04 22:22:58.939,0.64146,0.64174,1.90,1.50
2010.11.04 22:23:00.221,0.64146,0.64184,1.90,1.50
2010.11.04 22:23:03.138,0.64157,0.64183,1.50,1.50
2010.11.04 22:23:05.380,0.64157,0.64183,1.50,1.50
2010.11.04 22:23:07.809,0.64157,0.64183,1.50,1.50
2010.11.04 22:23:10.402,0.64157,0.64183,1.50,1.50
2010.11.04 22:23:12.824,0.64157,0.64183,1.50,1.50
2010.11.04 22:23:15.039,0.64157,0.64183,1.50,1.50
2010.11.04 22:23:17.824,0.64157,0.64183,1.50,1.50
2010.11.04 22:23:19.973,0.64157,0.64183,1.50,1.50
2010.11.04 22:23:22.827,0.64157,0.64183,1.50,1.50
2010.11.04 22:23:24.925,0.64157,0.64183,1.50,1.50
2010.11.04 22:23:27.863,0.64157,0.64183,1.50,1.50
2010.11.04 22:23:30.093,0.64157,0.64183,1.50,1.50
2010.11.04 22:23:32.112,0.64157,0.64183,1.50,1.50
2010.11.04 22:23:34.767,0.64157,0.64183,1.50,1.50
2010.11.04 22:23:37.863,0.64157,0.64183,1.50,1.50
2010.11.04 22:23:40.451,0.64157,0.64183,1.50,1.50
2010.11.04 22:23:42.864,0.64157,0.64183,1.50,1.50
2010.11.04 22:23:45.000,0.64157,0.64183,1.50,1.50
2010.11.04 22:23:47.637,0.64156,0.64184,1.50,1.50
2010.11.04 22:23:50.491,0.64156,0.64184,1.50,1.50
2010.11.04 22:23:52.886,0.64156,0.64184,1.50,1.50
2010.11.04 22:23:55.345,0.64156,0.64184,1.50,1.50
2010.11.04 22:23:58.107,0.64156,0.64184,1.50,1.50
2010.11.04 22:24:00.150,0.64156,0.64184,1.50,1.50
2010.11.04 22:24:02.264,0.64156,0.64184,1.50,1.50
2010.11.04 22:24:05.551,0.64157,0.64183,1.50,1.50
2010.11.04 22:24:07.914,0.64157,0.64183,1.50,1.50
2010.11.04 22:24:10.536,0.64157,0.64183,1.50,1.50
2010.11.04 22:24:12.885,0.64157,0.64183,1.50,1.50
2010.11.04 22:24:15.404,0.64157,0.64183,1.50,1.50
2010.11.04 22:24:17.944,0.64157,0.64183,1.50,1.50
2010.11.04 22:24:20.533,0.64157,0.64183,1.50,1.50
2010.11.04 22:24:22.955,0.64156,0.64184,1.50,1.50
2010.11.04 22:24:25.550,0.64156,0.64184,1.50,1.50
2010.11.04 22:24:27.945,0.64156,0.64184,1.50,1.50
2010.11.04 22:24:30.180,0.64156,0.64184,1.50,1.50
2010.11.04 22:24:32.212,0.64157,0.64183,1.50,1.50
2010.11.04 22:24:34.852,0.64157,0.64183,1.50,1.50
2010.11.04 22:24:37.977,0.64157,0.64183,1.50,1.50
2010.11.04 22:24:40.267,0.64157,0.64183,1.50,1.50
2010.11.04 22:24:42.457,0.64157,0.64183,1.50,1.50
2010.11.04 22:24:45.592,0.64157,0.64183,1.50,1.50
2010.11.04 22:24:47.600,0.64156,0.64184,1.50,1.50
2010.11.04 22:24:49.709,0.64156,0.64184,1.50,1.50
2010.11.04 22:24:52.596,0.64156,0.64184,1.50,1.70
2010.11.04 22:24:55.601,0.64156,0.64184,1.50,1.70
2010.11.04 22:24:58.015,0.64156,0.64184,1.50,1.70
2010.11.04 22:25:00.060,0.64156,0.64184,1.50,1.70
2010.11.04 22:25:02.785,0.64157,0.64183,1.50,1.70
2010.11.04 22:25:05.298,0.64157,0.64183,1.50,1.70
2010.11.04 22:25:07.430,0.64157,0.64183,1.50,1.50
2010.11.04 22:25:09.997,0.64157,0.64183,1.50,1.50
2010.11.04 22:25:12.031,0.64157,0.64183,1.50,1.50
2010.11.04 22:25:14.135,0.64157,0.64183,1.50,1.50
2010.11.04 22:25:16.272,0.64156,0.64184,1.50,1.50
2010.11.04 22:25:18.408,0.64156,0.64184,1.50,1.50
2010.11.04 22:25:18.520,0.64147,0.64183,1.50,1.50
2010.11.04 22:25:19.332,0.64147,0.64173,1.50,1.50
2010.11.04 22:25:22.794,0.64147,0.64173,1.50,1.50
2010.11.04 22:25:25.674,0.64147,0.64173,1.50,1.50
2010.11.04 22:25:28.071,0.64147,0.64173,1.50,1.50
2010.11.04 22:25:30.680,0.64147,0.64173,1.50,1.50
2010.11.04 22:25:33.080,0.64147,0.64173,1.50,1.50
2010.11.04 22:25:35.397,0.64147,0.64173,1.50,1.50
2010.11.04 22:25:37.470,0.64146,0.64174,1.50,1.50
2010.11.04 22:25:39.540,0.64146,0.64174,1.50,1.50
2010.11.04 22:25:41.586,0.64146,0.64174,1.50,1.50
2010.11.04 22:25:43.706,0.64146,0.64174,1.50,1.50
2010.11.04 22:25:46.051,0.64146,0.64174,1.50,1.50
2010.11.04 22:25:48.110,0.64146,0.64174,1.50,1.50
2010.11.04 22:25:50.238,0.64146,0.64174,1.50,1.50
2010.11.04 22:25:52.314,0.64146,0.64174,1.50,1.50
2010.11.04 22:25:54.317,0.64146,0.64174,1.50,1.50
2010.11.04 22:25:56.416,0.64146,0.64174,1.50,1.50
2010.11.04 22:25:58.499,0.64146,0.64174,1.50,1.50
2010.11.04 22:26:00.741,0.64146,0.64174,1.50,1.50
2010.11.04 22:26:02.942,0.64146,0.64174,1.50,1.50
2010.11.04 22:26:05.523,0.64146,0.64174,1.50,1.50
2010.11.04 22:26:08.091,0.64146,0.64174,1.50,1.50
2010.11.04 22:26:10.762,0.64146,0.64174,1.50,1.50
2010.11.04 22:26:13.175,0.64146,0.64174,1.50,1.50
2010.11.04 22:26:15.716,0.64146,0.64174,1.50,1.50
2010.11.04 22:26:18.187,0.64146,0.64174,1.50,1.50
2010.11.04 22:26:21.095,0.64146,0.64174,1.50,1.50
2010.11.04 22:26:23.028,0.64146,0.64174,1.50,1.50
2010.11.04 22:26:25.797,0.64146,0.64174,1.50,1.50
2010.11.04 22:26:28.209,0.64146,0.64174,1.50,1.50
2010.11.04 22:26:30.570,0.64146,0.64174,1.50,1.50
2010.11.04 22:26:33.202,0.64147,0.64173,1.50,1.50
2010.11.04 22:26:35.204,0.64147,0.64173,1.50,1.50
2010.11.04 22:26:38.218,0.64147,0.64173,1.50,1.50
2010.11.04 22:26:40.243,0.64147,0.64173,1.50,1.50
2010.11.04 22:26:43.225,0.64147,0.64173,1.50,1.50
2010.11.04 22:26:45.256,0.64147,0.64173,1.50,1.50
2010.11.04 22:26:48.587,0.64147,0.64173,1.50,1.50
2010.11.04 22:26:51.175,0.64147,0.64173,1.50,1.50
2010.11.04 22:26:53.180,0.64147,0.64173,1.50,1.50
2010.11.04 22:26:55.590,0.64147,0.64173,1.50,1.50
2010.11.04 22:26:57.673,0.64147,0.64173,1.50,1.50
2010.11.04 22:27:00.842,0.64147,0.64173,1.50,1.50
2010.11.04 22:27:03.216,0.64146,0.64174,1.50,1.50
2010.11.04 22:27:05.914,0.64146,0.64174,1.50,1.50
2010.11.04 22:27:08.325,0.64146,0.64174,1.80,1.50
2010.11.04 22:27:10.082,0.64146,0.64174,1.70,1.50
2010.11.04 22:27:12.590,0.64146,0.64174,1.80,1.50
2010.11.04 22:27:14.480,0.64156,0.64184,1.50,1.50
2010.11.04 22:27:16.802,0.64156,0.64184,1.50,1.50
2010.11.04 22:27:19.033,0.64156,0.64184,1.50,1.50
2010.11.04 22:27:22.832,0.64156,0.64184,1.50,1.50
2010.11.04 22:27:25.641,0.64156,0.64184,1.50,1.50
2010.11.04 22:27:28.186,0.64156,0.64184,1.50,1.50
2010.11.04 22:27:30.253,0.64156,0.64184,1.50,1.50
2010.11.04 22:27:33.331,0.64157,0.64183,1.50,1.50
2010.11.04 22:27:35.401,0.64157,0.64183,1.50,1.50
2010.11.04 22:27:38.359,0.64157,0.64183,1.50,1.50
2010.11.04 22:27:40.330,0.64157,0.64183,1.50,1.50
2010.11.04 22:27:40.837,0.64147,0.64173,1.50,1.50
2010.11.04 22:27:42.911,0.64147,0.64173,1.50,1.50
2010.11.04 22:27:45.241,0.64147,0.64173,1.50,1.50
2010.11.04 22:27:47.553,0.64147,0.64173,1.50,1.50
2010.11.04 22:27:49.560,0.64147,0.64173,1.50,1.50
2010.11.04 22:27:50.227,0.64146,0.64184,1.70,1.60
2010.11.04 22:27:50.780,0.64147,0.64173,1.50,1.50
2010.11.04 22:27:53.358,0.64147,0.64173,1.50,1.50
2010.11.04 22:27:55.927,0.64147,0.64173,1.50,1.50
2010.11.04 22:27:58.369,0.64147,0.64173,1.50,1.50
2010.11.04 22:28:00.676,0.64147,0.64173,1.50,1.50
2010.11.04 22:28:02.988,0.64147,0.64173,1.50,1.50
2010.11.04 22:28:06.019,0.64147,0.64173,1.50,1.50
2010.11.04 22:28:08.500,0.64147,0.64173,1.50,1.50
2010.11.04 22:28:10.702,0.64147,0.64173,1.50,1.50
2010.11.04 22:28:13.401,0.64147,0.64173,1.50,1.50
2010.11.04 22:28:16.405,0.64147,0.64173,1.50,1.50
2010.11.04 22:28:18.420,0.64147,0.64173,1.50,1.50
2010.11.04 22:28:21.059,0.64147,0.64173,1.50,1.50
2010.11.04 22:28:23.148,0.64147,0.64173,1.50,1.50
2010.11.04 22:28:26.061,0.64147,0.64173,1.50,1.50
2010.11.04 22:28:28.136,0.64147,0.64173,1.50,1.50
2010.11.04 22:28:30.265,0.64147,0.64173,1.50,1.50
2010.11.04 22:28:33.468,0.64146,0.64174,1.50,1.50
2010.11.04 22:28:36.084,0.64146,0.64174,1.50,1.50
2010.11.04 22:28:38.449,0.64146,0.64174,1.50,1.50
2010.11.04 22:28:41.131,0.64146,0.64174,1.50,1.50
2010.11.04 22:28:43.506,0.64146,0.64174,1.50,1.50
2010.11.04 22:28:45.653,0.64146,0.64174,1.50,1.50
2010.11.04 22:28:48.689,0.64147,0.64173,1.50,1.50
2010.11.04 22:28:50.798,0.64147,0.64173,1.50,1.50
2010.11.04 22:28:53.136,0.64147,0.64173,1.50,1.50
2010.11.04 22:28:55.366,0.64147,0.64173,1.50,1.50
2010.11.04 22:28:57.468,0.64147,0.64173,1.50,1.50
2010.11.04 22:28:59.697,0.64147,0.64173,1.50,1.50
2010.11.04 22:29:00.546,0.64146,0.64184,2.10,1.70
2010.11.04 22:29:00.981,0.64147,0.64173,2.10,1.50
2010.11.04 22:29:03.500,0.64147,0.64173,2.10,1.50
2010.11.04 22:29:04.221,0.64147,0.64183,1.70,1.80
2010.11.04 22:29:04.781,0.64146,0.64174,2.10,1.50
2010.11.04 22:29:04.892,0.64146,0.64184,2.10,1.60
2010.11.04 22:29:05.674,0.64147,0.64173,2.10,1.50
2010.11.04 22:29:08.680,0.64147,0.64173,2.10,1.50
2010.11.04 22:29:08.797,0.64147,0.64183,2.10,1.60
2010.11.04 22:29:09.131,0.64146,0.64174,2.10,1.50
2010.11.04 22:29:09.901,0.64139,0.64164,1.40,1.50
2010.11.04 22:29:10.561,0.64148,0.64174,1.40,1.50
2010.11.04 22:29:13.527,0.64148,0.64173,1.40,1.50
2010.11.04 22:29:16.302,0.64148,0.64173,1.40,1.50
2010.11.04 22:29:18.573,0.64148,0.64173,1.40,1.50
2010.11.04 22:29:20.943,0.64147,0.64173,2.10,1.50
2010.11.04 22:29:23.118,0.64147,0.64173,2.10,1.50
2010.11.04 22:29:26.196,0.64147,0.64173,2.10,1.50
2010.11.04 22:29:28.202,0.64147,0.64173,2.30,1.50
2010.11.04 22:29:30.274,0.64147,0.64173,2.30,1.50
2010.11.04 22:29:33.567,0.64147,0.64173,1.90,1.50
2010.11.04 22:29:36.217,0.64147,0.64173,1.90,1.50
2010.11.04 22:29:38.569,0.64147,0.64173,1.90,1.50
2010.11.04 22:29:40.531,0.64156,0.64184,1.50,1.50
2010.11.04 22:29:43.580,0.64156,0.64184,1.50,1.50
2010.11.04 22:29:46.226,0.64156,0.64184,1.50,1.50
2010.11.04 22:29:47.120,0.64147,0.64183,1.50,2.10
2010.11.04 22:29:47.670,0.64146,0.64174,1.70,1.50
2010.11.04 22:29:49.781,0.64146,0.64174,1.70,1.50
2010.11.04 22:29:52.957,0.64146,0.64174,1.70,1.50
2010.11.04 22:29:55.673,0.64146,0.64174,1.70,1.50
2010.11.04 22:29:58.135,0.64146,0.64174,1.70,1.50
2010.11.04 22:30:00.171,0.64146,0.64174,2.90,1.50
2010.11.04 22:30:02.268,0.64146,0.64174,4.10,1.50
2010.11.04 22:30:03.794,0.64151,0.64184,1.70,1.50
2010.11.04 22:30:06.158,0.64156,0.64184,2.00,1.50
2010.11.04 22:30:08.230,0.64156,0.64184,1.90,1.50
2010.11.04 22:30:10.399,0.64156,0.64184,1.90,1.50
2010.11.04 22:30:13.463,0.64156,0.64184,1.90,1.50
2010.11.04 22:30:16.590,0.64156,0.64184,1.90,1.50
2010.11.04 22:30:18.777,0.64156,0.64184,1.90,1.50
2010.11.04 22:30:21.295,0.64156,0.64184,2.00,1.50
2010.11.04 22:30:23.644,0.64157,0.64183,1.50,1.50
2010.11.04 22:30:26.306,0.64157,0.64183,1.50,1.50
2010.11.04 22:30:28.681,0.64157,0.64183,1.50,1.50
2010.11.04 22:30:31.064,0.64157,0.64183,1.50,1.50
2010.11.04 22:30:34.052,0.64157,0.64183,1.50,1.50
2010.11.04 22:30:36.138,0.64157,0.64183,2.50,1.50
2010.11.04 22:30:36.647,0.64157,0.64194,1.10,1.50
2010.11.04 22:30:38.697,0.64166,0.64194,1.50,1.50
2010.11.04 22:30:40.751,0.64176,0.64204,1.50,1.50
2010.11.04 22:30:43.705,0.64176,0.64204,1.50,1.50
2010.11.04 22:30:45.801,0.64167,0.64193,2.60,1.50
2010.11.04 22:30:48.728,0.64167,0.64193,2.20,1.50
2010.11.04 22:30:50.883,0.64167,0.64193,2.20,1.50
2010.11.04 22:30:53.716,0.64167,0.64193,2.20,1.50
2010.11.04 22:30:56.655,0.64167,0.64193,2.10,1.50
2010.11.04 22:30:58.727,0.64167,0.64193,2.10,1.50
2010.11.04 22:31:01.230,0.64167,0.64193,2.10,1.50
2010.11.04 22:31:04.052,0.64167,0.64193,2.10,1.50
2010.11.04 22:31:06.385,0.64167,0.64193,2.10,1.50
2010.11.04 22:31:08.748,0.64167,0.64193,2.10,1.50
2010.11.04 22:31:11.208,0.64167,0.64193,2.10,1.50
2010.11.04 22:31:13.773,0.64167,0.64193,2.10,1.50
2010.11.04 22:31:16.035,0.64166,0.64194,2.90,1.50
2010.11.04 22:31:18.139,0.64166,0.64194,2.90,1.50
2010.11.04 22:31:20.176,0.64166,0.64194,2.90,1.50
2010.11.04 22:31:22.202,0.6417,0.64194,1.40,1.50
2010.11.04 22:31:22.530,0.64176,0.64204,1.50,1.50
2010.11.04 22:31:24.906,0.64176,0.64204,1.50,1.50
2010.11.04 22:31:29.278,0.64176,0.64204,1.50,1.50
2010.11.04 22:31:29.392,0.64166,0.64198,1.70,1.10
2010.11.04 22:31:31.797,0.64166,0.64194,1.50,1.60
2010.11.04 22:31:33.797,0.64166,0.64194,1.50,1.60
2010.11.04 22:31:35.891,0.64166,0.64194,1.50,1.60
2010.11.04 22:31:37.922,0.64166,0.64194,1.50,1.50
2010.11.04 22:31:40.221,0.64166,0.64194,1.50,1.50
2010.11.04 22:31:42.462,0.64166,0.64194,1.50,1.50
2010.11.04 22:31:45.229,0.64166,0.64194,1.50,1.50
2010.11.04 22:31:47.301,0.64167,0.64193,1.50,1.50
2010.11.04 22:31:50.231,0.64167,0.64193,1.50,1.50
2010.11.04 22:31:53.352,0.64167,0.64193,1.50,1.50
2010.11.04 22:31:55.568,0.64167,0.64193,1.50,1.70
2010.11.04 22:31:58.177,0.64167,0.64193,1.50,1.70
2010.11.04 22:32:00.247,0.64167,0.64193,1.50,1.70
2010.11.04 22:32:01.385,0.64157,0.64183,1.50,1.50
2010.11.04 22:32:04.035,0.64157,0.64183,1.50,1.50
2010.11.04 22:32:06.498,0.64157,0.64183,1.50,1.60
2010.11.04 22:32:07.982,0.64147,0.64173,1.50,1.50
2010.11.04 22:32:10.273,0.64146,0.64174,1.50,1.60
2010.11.04 22:32:12.275,0.64146,0.64174,1.50,1.60
2010.11.04 22:32:14.379,0.64146,0.64174,1.50,1.60
2010.11.04 22:32:16.523,0.64146,0.64174,1.50,1.60
2010.11.04 22:32:18.899,0.64146,0.64174,1.50,1.50
2010.11.04 22:32:21.152,0.64146,0.64174,1.50,1.50
2010.11.04 22:32:23.183,0.64146,0.64174,1.70,1.50
2010.11.04 22:32:25.302,0.64146,0.64174,1.70,1.50
2010.11.04 22:32:27.422,0.64147,0.64173,1.70,1.50
2010.11.04 22:32:30.317,0.64147,0.64173,4.40,1.50
2010.11.04 22:32:33.124,0.64147,0.64173,4.40,1.50
2010.11.04 22:32:35.324,0.64147,0.64173,4.40,1.50
2010.11.04 22:32:37.437,0.64147,0.64173,4.40,1.50
2010.11.04 22:32:39.944,0.64147,0.64173,4.40,1.50
2010.11.04 22:32:43.598,0.64147,0.64173,4.40,1.50
2010.11.04 22:32:45.686,0.64147,0.64173,4.40,1.50
2010.11.04 22:32:48.965,0.64147,0.64174,2.90,1.50
2010.11.04 22:32:50.682,0.64156,0.64184,1.50,1.60
2010.11.04 22:32:53.106,0.64157,0.64183,1.50,1.50
2010.11.04 22:32:55.673,0.64157,0.64183,1.50,1.50
2010.11.04 22:32:58.307,0.64157,0.64183,1.50,1.50
2010.11.04 22:33:00.350,0.64157,0.64183,1.50,1.50
2010.11.04 22:33:02.385,0.64157,0.64183,1.50,1.50
2010.11.04 22:33:05.360,0.64157,0.64183,1.50,1.50
2010.11.04 22:33:07.368,0.64157,0.64183,1.50,1.50
2010.11.04 22:33:10.241,0.64156,0.64184,1.50,1.50
2010.11.04 22:33:12.284,0.64156,0.64184,1.50,1.50
2010.11.04 22:33:13.502,0.64158,0.64194,3.80,1.50
2010.11.04 22:33:13.905,0.64158,0.64184,4.10,1.50
2010.11.04 22:33:16.639,0.64158,0.64184,4.10,1.50
2010.11.04 22:33:19.010,0.64158,0.64184,4.10,1.50
2010.11.04 22:33:21.392,0.64158,0.64184,4.10,1.50
2010.11.04 22:33:23.551,0.64158,0.64184,4.10,1.50
2010.11.04 22:33:24.871,0.64164,0.64193,1.40,1.50
2010.11.04 22:33:25.941,0.64169,0.64204,1.40,1.80
2010.11.04 22:33:26.168,0.64173,0.64193,1.40,1.50
2010.11.04 22:33:26.503,0.64177,0.64193,3.20,1.50
2010.11.04 22:33:26.613,0.64173,0.64204,1.40,1.50
2010.11.04 22:33:28.660,0.64176,0.64204,2.50,1.50
2010.11.04 22:33:31.587,0.64176,0.64204,1.70,1.50
2010.11.04 22:33:33.728,0.64176,0.64204,1.70,1.50
2010.11.04 22:33:35.513,0.64167,0.64203,1.50,1.50
2010.11.04 22:33:35.841,0.64176,0.64204,1.50,1.50
2010.11.04 22:33:38.553,0.64176,0.64204,1.50,1.60
2010.11.04 22:33:40.361,0.64167,0.64193,3.80,1.50
2010.11.04 22:33:42.381,0.64167,0.64193,3.80,1.50
2010.11.04 22:33:44.521,0.64167,0.64193,3.80,1.50
2010.11.04 22:33:46.708,0.64167,0.64193,3.80,1.50
2010.11.04 22:33:49.071,0.64167,0.64193,3.80,1.50
2010.11.04 22:33:51.141,0.64167,0.64193,4.40,1.50
2010.11.04 22:33:51.251,0.64176,0.64204,1.50,1.50
2010.11.04 22:33:54.075,0.64176,0.64204,1.50,1.50
2010.11.04 22:33:56.731,0.64176,0.64204,1.50,1.50
2010.11.04 22:33:59.096,0.64176,0.64204,1.50,1.50
2010.11.04 22:34:01.736,0.64176,0.64204,1.50,1.50
2010.11.04 22:34:04.095,0.64176,0.64204,1.50,1.50
2010.11.04 22:34:06.418,0.64177,0.64203,1.70,1.50
2010.11.04 22:34:08.451,0.64177,0.64203,1.70,1.50
2010.11.04 22:34:10.541,0.64177,0.64203,1.50,1.50
2010.11.04 22:34:12.620,0.64177,0.64203,1.50,1.50
2010.11.04 22:34:14.646,0.64177,0.64203,1.50,1.50
2010.11.04 22:34:16.761,0.64177,0.64203,1.50,1.70
2010.11.04 22:34:19.129,0.64177,0.64203,1.50,1.50
2010.11.04 22:34:21.306,0.64177,0.64203,1.50,1.70
2010.11.04 22:34:23.739,0.64177,0.64203,1.90,1.50
2010.11.04 22:34:25.813,0.64177,0.64203,2.10,1.50
2010.11.04 22:34:28.788,0.64177,0.64203,2.10,1.50
2010.11.04 22:34:31.801,0.64177,0.64203,2.10,1.50
2010.11.04 22:34:34.138,0.64176,0.64204,2.90,1.50
2010.11.04 22:34:36.231,0.64176,0.64204,2.10,1.50
2010.11.04 22:34:38.917,0.64176,0.64204,2.10,1.50
2010.11.04 22:34:41.173,0.64176,0.64204,2.10,1.50
2010.11.04 22:34:44.175,0.64176,0.64204,2.10,1.50
2010.11.04 22:34:46.253,0.64176,0.64204,2.10,1.50
2010.11.04 22:34:48.103,0.64181,0.64204,1.40,1.50
2010.11.04 22:34:49.975,0.64178,0.64204,2.90,1.50
2010.11.04 22:34:52.535,0.64178,0.64203,2.90,1.50
2010.11.04 22:34:54.821,0.64178,0.64203,2.70,1.50
2010.11.04 22:34:56.843,0.64178,0.64203,2.30,1.50
2010.11.04 22:34:58.922,0.64177,0.64203,1.50,1.50
2010.11.04 22:35:01.107,0.64178,0.64203,2.90,1.50
2010.11.04 22:35:03.186,0.64178,0.64204,2.50,1.50
2010.11.04 22:35:05.570,0.64178,0.64204,1.40,1.50
2010.11.04 22:35:07.656,0.64178,0.64204,1.40,1.50
2010.11.04 22:35:09.887,0.64178,0.64204,1.40,1.50
2010.11.04 22:35:11.949,0.64178,0.64204,1.40,1.50
2010.11.04 22:35:14.244,0.64177,0.64204,3.30,1.50
2010.11.04 22:35:16.331,0.64177,0.64203,4.80,1.50
2010.11.04 22:35:19.254,0.64177,0.64203,4.80,1.50
2010.11.04 22:35:21.395,0.64177,0.64203,4.80,1.50
2010.11.04 22:35:24.252,0.64177,0.64203,4.80,1.50
2010.11.04 22:35:26.322,0.64176,0.64214,2.50,1.70
2010.11.04 22:35:26.671,0.64177,0.64203,1.70,1.50
2010.11.04 22:35:28.771,0.64178,0.64203,2.50,1.50
2010.11.04 22:35:29.785,0.64177,0.64203,1.50,1.50
2010.11.04 22:35:31.123,0.64168,0.64203,1.10,1.50
2010.11.04 22:35:31.753,0.6418,0.64203,1.40,1.50
2010.11.04 22:35:33.983,0.6418,0.64203,1.40,1.50
2010.11.04 22:35:34.436,0.64166,0.64203,2.50,1.10
2010.11.04 22:35:36.554,0.64167,0.64193,1.50,1.50
2010.11.04 22:35:38.729,0.64168,0.64203,2.70,1.50
2010.11.04 22:35:39.171,0.64168,0.64193,6.60,1.50
2010.11.04 22:35:41.193,0.64168,0.64193,7.00,1.50
2010.11.04 22:35:43.364,0.64168,0.64193,7.00,1.50
2010.11.04 22:35:45.351,0.64168,0.64193,6.60,1.50
2010.11.04 22:35:47.402,0.64168,0.64193,3.20,1.50
2010.11.04 22:35:47.732,0.64167,0.64203,1.50,1.90
2010.11.04 22:35:48.193,0.64167,0.64193,1.50,1.50
2010.11.04 22:35:50.320,0.64167,0.64193,1.50,1.50
2010.11.04 22:35:54.316,0.64167,0.64193,1.50,1.50
2010.11.04 22:35:56.961,0.64167,0.64193,1.50,1.50
2010.11.04 22:35:59.328,0.64167,0.64193,1.50,1.50
2010.11.04 22:36:01.972,0.64167,0.64193,1.50,1.50
2010.11.04 22:36:04.027,0.64167,0.64193,1.50,1.50
2010.11.04 22:36:06.044,0.64167,0.64193,1.50,1.50
2010.11.04 22:36:08.467,0.64167,0.64193,1.50,1.50
2010.11.04 22:36:10.924,0.64167,0.64193,1.50,1.50
2010.11.04 22:36:13.920,0.64167,0.64193,1.50,1.50
2010.11.04 22:36:15.912,0.64167,0.64193,1.50,1.50
2010.11.04 22:36:18.761,0.64167,0.64193,3.80,1.50
2010.11.04 22:36:22.016,0.64167,0.64193,3.80,1.50
2010.11.04 22:36:24.540,0.64167,0.64193,3.80,1.50
2010.11.04 22:36:27.250,0.64167,0.64193,3.80,1.50
2010.11.04 22:36:29.233,0.64167,0.64193,3.80,1.50
2010.11.04 22:36:31.235,0.64167,0.64193,3.80,1.50
2010.11.04 22:36:33.915,0.64167,0.64193,3.80,1.50
2010.11.04 22:36:35.923,0.64167,0.64193,3.80,1.50
2010.11.04 22:36:37.937,0.64167,0.64193,3.80,1.50
2010.11.04 22:36:40.554,0.64167,0.64193,3.80,1.50
2010.11.04 22:36:40.841,0.64176,0.64204,1.50,1.70
2010.11.04 22:36:44.072,0.64176,0.64204,1.50,1.70
2010.11.04 22:36:47.062,0.64176,0.64204,1.50,1.70
2010.11.04 22:36:49.428,0.64176,0.64204,1.50,1.70
2010.11.04 22:36:51.686,0.64176,0.64204,1.50,1.70
2010.11.04 22:36:53.896,0.64176,0.64204,1.50,1.70
2010.11.04 22:36:57.079,0.64176,0.64204,1.50,1.70
2010.11.04 22:36:59.461,0.64177,0.64203,1.50,1.70
2010.11.04 22:37:02.089,0.64177,0.64203,1.50,1.70
2010.11.04 22:37:04.456,0.64177,0.64203,1.50,1.70
2010.11.04 22:37:06.566,0.64177,0.64203,1.50,1.70
2010.11.04 22:37:09.460,0.64177,0.64203,1.50,1.70
2010.11.04 22:37:11.624,0.64177,0.64203,1.50,1.70
2010.11.04 22:37:14.021,0.64177,0.64203,1.50,1.70
2010.11.04 22:37:16.244,0.64177,0.64203,1.50,1.70
2010.11.04 22:37:18.422,0.64177,0.64203,1.50,1.70
2010.11.04 22:37:20.763,0.64177,0.64203,1.50,1.70
2010.11.04 22:37:24.260,0.64177,0.64203,1.50,1.70
2010.11.04 22:37:26.783,0.64177,0.64203,1.50,1.70
2010.11.04 22:37:29.508,0.64177,0.64203,1.50,1.70
2010.11.04 22:37:31.876,0.64177,0.64203,1.50,1.70
2010.11.04 22:37:34.084,0.64177,0.64203,1.50,1.70
2010.11.04 22:37:36.619,0.64177,0.64203,1.50,1.70
2010.11.04 22:37:37.054,0.64177,0.64203,1.50,1.70
2010.11.04 22:37:39.525,0.64177,0.64203,1.50,1.50
2010.11.04 22:37:41.599,0.64177,0.64203,1.50,1.50
2010.11.04 22:37:44.554,0.64177,0.64203,1.50,1.50
2010.11.04 22:37:47.175,0.64177,0.64203,1.50,1.50
2010.11.04 22:37:49.536,0.64177,0.64203,1.50,1.50
2010.11.04 22:37:52.333,0.64177,0.64203,1.50,1.50
2010.11.04 22:37:54.236,0.64177,0.64203,1.50,1.50
2010.11.04 22:37:57.206,0.64177,0.64203,1.50,1.50
2010.11.04 22:37:59.572,0.64177,0.64203,1.50,1.50
2010.11.04 22:38:02.210,0.64177,0.64203,1.50,1.50
2010.11.04 22:38:04.797,0.64177,0.64203,1.50,1.50
2010.11.04 22:38:07.248,0.64177,0.64203,1.50,1.50
2010.11.04 22:38:09.504,0.64177,0.64203,1.50,1.50
2010.11.04 22:38:11.663,0.64177,0.64203,1.50,1.60
2010.11.04 22:38:13.752,0.64177,0.64203,1.50,1.70
2010.11.04 22:38:13.974,0.64166,0.64204,1.50,1.70
2010.11.04 22:38:14.534,0.64166,0.64194,1.50,1.50
2010.11.04 22:38:17.040,0.64167,0.64194,2.50,1.50
2010.11.04 22:38:19.601,0.64167,0.64194,2.50,1.50
2010.11.04 22:38:22.013,0.64167,0.64194,2.50,1.50
2010.11.04 22:38:24.294,0.64166,0.64194,1.50,1.50
2010.11.04 22:38:27.266,0.64166,0.64194,1.50,1.50
2010.11.04 22:38:29.647,0.64166,0.64194,1.50,1.50
2010.11.04 22:38:32.237,0.64166,0.64194,1.50,1.50
2010.11.04 22:38:34.262,0.64166,0.64194,1.50,1.50
2010.11.04 22:38:36.264,0.64166,0.64194,1.50,1.50
2010.11.04 22:38:38.483,0.64166,0.64194,1.50,1.50
2010.11.04 22:38:40.955,0.64166,0.64194,1.50,1.50
2010.11.04 22:38:43.214,0.64166,0.64194,1.50,1.50
2010.11.04 22:38:45.607,0.64166,0.64194,1.50,1.50
2010.11.04 22:38:47.846,0.64166,0.64194,1.50,1.50
2010.11.04 22:38:50.659,0.64166,0.64194,1.50,1.50
2010.11.04 22:38:53.683,0.64166,0.64194,1.50,1.50
2010.11.04 22:38:55.978,0.64166,0.64194,1.50,1.50
2010.11.04 22:38:59.370,0.64166,0.64194,1.50,1.50
2010.11.04 22:39:01.356,0.64166,0.64194,1.50,1.50
2010.11.04 22:39:04.696,0.64166,0.64194,1.50,1.50
2010.11.04 22:39:07.336,0.64166,0.64194,1.50,1.50
2010.11.04 22:39:09.719,0.64166,0.64194,1.50,1.50
2010.11.04 22:39:12.346,0.64166,0.64194,1.50,1.50
2010.11.04 22:39:14.584,0.64166,0.64194,1.50,1.50
2010.11.04 22:39:16.674,0.64167,0.64193,1.50,1.50
2010.11.04 22:39:18.771,0.64167,0.64193,1.50,1.50
2010.11.04 22:39:19.112,0.64157,0.64197,1.90,1.10
2010.11.04 22:39:19.223,0.64157,0.64203,1.50,3.90
2010.11.04 22:39:20.031,0.64167,0.64193,1.50,1.50
2010.11.04 22:39:20.252,0.64156,0.64184,1.50,1.50
2010.11.04 22:39:22.389,0.64156,0.64184,1.50,1.50
2010.11.04 22:39:24.752,0.64156,0.64184,1.50,1.50
2010.11.04 22:39:26.911,0.64156,0.64184,1.50,1.50
2010.11.04 22:39:29.460,0.64156,0.64184,1.50,1.50
2010.11.04 22:39:32.382,0.64156,0.64184,1.50,1.50
2010.11.04 22:39:34.459,0.64156,0.64184,1.50,1.50
2010.11.04 22:39:37.423,0.64156,0.64184,1.50,1.50
2010.11.04 22:39:39.762,0.64156,0.64184,1.50,1.50
2010.11.04 22:39:42.408,0.64156,0.64184,1.50,1.50
2010.11.04 22:39:44.794,0.64156,0.64184,1.50,1.50
2010.11.04 22:39:46.960,0.64157,0.64183,1.50,1.50
2010.11.04 22:39:49.788,0.64157,0.64183,1.50,1.50
2010.11.04 22:39:52.434,0.64157,0.64183,1.50,1.50
2010.11.04 22:39:54.627,0.64157,0.64183,1.50,1.50
2010.11.04 22:39:57.449,0.64157,0.64183,1.50,1.50
2010.11.04 22:39:59.810,0.64157,0.64183,1.50,1.50
2010.11.04 22:40:01.847,0.64156,0.64184,1.50,1.50
2010.11.04 22:40:03.909,0.64156,0.64184,1.50,1.50
2010.11.04 22:40:06.099,0.64156,0.64184,1.50,1.50
2010.11.04 22:40:08.693,0.64156,0.64184,1.50,1.50
2010.11.04 22:40:11.126,0.64156,0.64184,1.50,1.50
2010.11.04 22:40:13.653,0.64156,0.64184,1.50,1.50
2010.11.04 22:40:16.065,0.64156,0.64184,1.50,1.50
2010.11.04 22:40:18.237,0.64156,0.64184,1.50,1.50
2010.11.04 22:40:20.524,0.64156,0.64184,1.50,1.50
2010.11.04 22:40:24.484,0.64156,0.64184,1.50,1.50
2010.11.04 22:40:27.093,0.64156,0.64184,1.50,1.50
2010.11.04 22:40:29.866,0.64156,0.64184,1.50,1.50
2010.11.04 22:40:30.362,0.64166,0.64194,1.50,1.50
2010.11.04 22:40:32.505,0.64166,0.64194,1.50,1.50
2010.11.04 22:40:34.887,0.64166,0.64194,1.50,1.50
2010.11.04 22:40:36.962,0.64166,0.64194,1.50,1.50
2010.11.04 22:40:39.929,0.64166,0.64194,1.50,1.50
2010.11.04 22:40:42.528,0.64166,0.64194,1.50,1.50
2010.11.04 22:40:44.899,0.64168,0.64193,2.30,1.50
2010.11.04 22:40:47.494,0.64168,0.64193,2.30,1.50
2010.11.04 22:40:49.900,0.64168,0.64193,2.30,1.50
2010.11.04 22:40:52.553,0.64168,0.64193,2.30,1.50
2010.11.04 22:40:54.911,0.64168,0.64193,2.30,1.50
2010.11.04 22:40:57.561,0.64168,0.64193,2.30,1.50
2010.11.04 22:40:59.927,0.64168,0.64193,2.30,1.50
2010.11.04 22:41:02.383,0.64168,0.64193,2.30,1.50
2010.11.04 22:41:04.970,0.64168,0.64193,2.30,1.50
2010.11.04 22:41:07.579,0.64168,0.64193,2.30,1.50
2010.11.04 22:41:09.949,0.64168,0.64193,2.30,1.50
2010.11.04 22:41:12.913,0.64168,0.64193,2.30,1.50
2010.11.04 22:41:14.705,0.64168,0.64193,2.30,1.50
2010.11.04 22:41:17.599,0.64168,0.64194,2.30,1.50
2010.11.04 22:41:19.764,0.64168,0.64194,2.30,1.50
2010.11.04 22:41:22.091,0.64168,0.64194,2.30,1.50
2010.11.04 22:41:24.165,0.64168,0.64194,2.30,1.50
2010.11.04 22:41:26.239,0.64168,0.64194,2.30,1.50
2010.11.04 22:41:28.465,0.64168,0.64194,2.30,1.50
2010.11.04 22:41:31.329,0.64168,0.64194,2.30,1.50
2010.11.04 22:41:33.588,0.64168,0.64193,2.30,1.50
2010.11.04 22:41:36.258,0.64168,0.64193,2.30,1.50
2010.11.04 22:41:38.280,0.64168,0.64193,2.30,1.50
2010.11.04 22:41:40.349,0.64168,0.64193,2.30,1.50
2010.11.04 22:41:42.665,0.64167,0.64193,1.50,1.50
2010.11.04 22:41:45.005,0.64167,0.64193,1.50,1.50
2010.11.04 22:41:47.671,0.64166,0.64194,1.50,1.50
2010.11.04 22:41:50.032,0.64166,0.64194,1.50,1.50
2010.11.04 22:41:52.665,0.64166,0.64194,1.50,1.50
2010.11.04 22:41:55.330,0.64166,0.64194,1.50,1.50
2010.11.04 22:41:58.022,0.64166,0.64194,1.50,1.50
2010.11.04 22:42:00.023,0.64166,0.64194,1.50,1.50
2010.11.04 22:42:02.035,0.64158,0.64193,2.50,1.50
2010.11.04 22:42:02.679,0.64166,0.64194,1.50,1.50
2010.11.04 22:42:03.462,0.64156,0.64194,1.70,1.70
2010.11.04 22:42:03.682,0.64157,0.64183,1.70,1.50
2010.11.04 22:42:04.495,0.64146,0.64183,1.50,3.20
2010.11.04 22:42:06.813,0.64146,0.64174,1.50,1.70
2010.11.04 22:42:09.483,0.64146,0.64174,1.50,1.90
2010.11.04 22:42:11.317,0.64146,0.64174,1.50,1.90
2010.11.04 22:42:14.486,0.64146,0.64174,1.50,1.90
2010.11.04 22:42:16.778,0.64146,0.64174,1.50,1.70
2010.11.04 22:42:20.099,0.64146,0.64174,1.50,1.70
2010.11.04 22:42:20.362,0.64136,0.64174,1.50,1.70
2010.11.04 22:42:20.694,0.64147,0.64173,1.50,1.70
2010.11.04 22:42:22.726,0.64147,0.64173,1.50,1.70
2010.11.04 22:42:25.444,0.64147,0.64173,1.50,1.70
2010.11.04 22:42:27.743,0.64147,0.64173,1.50,1.70
2010.11.04 22:42:30.096,0.64147,0.64173,1.50,1.70
2010.11.04 22:42:30.553,0.64136,0.64164,1.50,1.50
2010.11.04 22:42:32.747,0.64136,0.64164,1.50,1.50
2010.11.04 22:42:35.429,0.64136,0.64164,1.50,1.50
2010.11.04 22:42:38.093,0.64136,0.64164,1.50,1.50
2010.11.04 22:42:40.121,0.64136,0.64164,1.50,1.50
2010.11.04 22:42:42.767,0.64136,0.64164,1.50,1.50
2010.11.04 22:42:45.133,0.64136,0.64164,1.50,1.50
2010.11.04 22:42:47.607,0.64136,0.64164,1.50,1.50
2010.11.04 22:42:48.348,0.64127,0.64163,1.50,1.70
2010.11.04 22:42:50.399,0.64126,0.64154,1.50,1.50
2010.11.04 22:42:52.852,0.64126,0.64154,1.50,1.50
2010.11.04 22:42:55.240,0.64126,0.64154,1.50,1.50
2010.11.04 22:42:57.800,0.64126,0.64154,1.50,1.50
2010.11.04 22:42:59.875,0.64126,0.64154,1.50,1.50
2010.11.04 22:43:02.812,0.64126,0.64154,1.50,1.50
2010.11.04 22:43:05.432,0.64126,0.64154,1.50,1.50
2010.11.04 22:43:08.134,0.64127,0.64153,1.50,1.50
2010.11.04 22:43:10.178,0.64127,0.64153,1.50,1.50
2010.11.04 22:43:12.827,0.64127,0.64153,1.50,1.50
2010.11.04 22:43:13.936,0.64126,0.64154,1.50,1.70
2010.11.04 22:43:14.838,0.64127,0.64153,1.50,1.50
2010.11.04 22:43:17.493,0.64127,0.64153,1.50,1.50
2010.11.04 22:43:19.543,0.64125,0.64163,2.90,2.30
2010.11.04 22:43:20.092,0.64127,0.64153,1.50,1.50
2010.11.04 22:43:22.658,0.64127,0.64153,1.50,1.50
2010.11.04 22:43:22.773,0.64126,0.64164,1.50,1.50
2010.11.04 22:43:23.513,0.64127,0.64163,2.30,2.10
2010.11.04 22:43:26.147,0.64127,0.64153,3.90,1.50
2010.11.04 22:43:28.237,0.64127,0.64153,3.90,1.50
2010.11.04 22:43:30.328,0.64127,0.64153,3.80,1.50
2010.11.04 22:43:32.382,0.64127,0.64153,1.50,1.50
2010.11.04 22:43:35.167,0.64127,0.64153,1.50,1.50
2010.11.04 22:43:37.749,0.64127,0.64153,1.50,1.50
2010.11.04 22:43:40.187,0.64127,0.64153,1.50,1.50
2010.11.04 22:43:42.135,0.64126,0.64164,2.10,1.50
2010.11.04 22:43:42.352,0.64137,0.64163,1.50,1.50
2010.11.04 22:43:44.513,0.64137,0.64163,1.50,1.50
2010.11.04 22:43:47.080,0.64137,0.64163,1.50,1.50
2010.11.04 22:43:49.275,0.64137,0.64163,1.70,1.50
2010.11.04 22:43:51.294,0.64137,0.64163,1.70,1.50
2010.11.04 22:43:53.530,0.64137,0.64163,1.70,1.50
2010.11.04 22:43:55.544,0.64137,0.64163,1.70,1.50
2010.11.04 22:43:57.895,0.64137,0.64163,1.70,1.50
2010.11.04 22:43:59.362,0.64137,0.64172,2.10,2.30
2010.11.04 22:44:00.163,0.64137,0.64163,2.10,1.50
2010.11.04 22:44:02.175,0.64137,0.64163,2.30,1.50
2010.11.04 22:44:04.692,0.64137,0.64163,2.10,1.50
2010.11.04 22:44:06.865,0.64137,0.64163,2.10,1.50
2010.11.04 22:44:09.142,0.64137,0.64163,2.10,1.50
2010.11.04 22:44:11.253,0.64137,0.64163,2.10,1.50
2010.11.04 22:44:14.920,0.64137,0.64163,2.10,1.50
2010.11.04 22:44:17.233,0.64137,0.64163,2.10,1.50
2010.11.04 22:44:20.338,0.64136,0.64164,2.10,1.50
2010.11.04 22:44:22.984,0.64136,0.64164,2.10,1.50
2010.11.04 22:44:25.326,0.64136,0.64164,2.10,1.50
2010.11.04 22:44:27.583,0.64136,0.64164,2.10,1.50
2010.11.04 22:44:30.336,0.64136,0.64164,1.50,1.50
2010.11.04 22:44:32.985,0.64136,0.64164,1.50,1.50
2010.11.04 22:44:35.376,0.64136,0.64164,1.50,1.50
2010.11.04 22:44:37.494,0.64136,0.64164,1.50,1.50
2010.11.04 22:44:40.372,0.64136,0.64164,1.50,1.50
2010.11.04 22:44:42.442,0.64136,0.64164,1.90,1.50
2010.11.04 22:44:45.478,0.64136,0.64164,1.90,1.50
2010.11.04 22:44:48.015,0.64137,0.64163,1.90,1.50
2010.11.04 22:44:50.376,0.64137,0.64163,1.90,1.50
2010.11.04 22:44:52.675,0.64137,0.64163,2.90,1.50
2010.11.04 22:44:53.003,0.64141,0.64174,2.60,1.50
2010.11.04 22:44:55.093,0.64146,0.64174,1.50,1.50
2010.11.04 22:44:58.037,0.64146,0.64174,1.50,1.50
2010.11.04 22:45:00.414,0.64146,0.64174,1.50,1.50
2010.11.04 22:45:02.763,0.64146,0.64174,1.50,1.50
2010.11.04 22:45:05.305,0.64146,0.64174,1.50,1.50
2010.11.04 22:45:08.070,0.64146,0.64174,1.50,1.50
2010.11.04 22:45:10.445,0.64146,0.64174,1.50,1.50
2010.11.04 22:45:12.472,0.64146,0.64174,1.50,1.50
2010.11.04 22:45:15.378,0.64146,0.64174,1.50,1.50
2010.11.04 22:45:18.441,0.64146,0.64174,1.50,1.50
2010.11.04 22:45:20.455,0.64146,0.64174,1.50,1.50
2010.11.04 22:45:22.462,0.64146,0.64174,1.50,1.50
2010.11.04 22:45:24.168,0.64146,0.64174,1.50,1.90
2010.11.04 22:45:24.654,0.64127,0.6416,1.50,1.70
2010.11.04 22:45:26.656,0.64126,0.64154,1.50,1.50
2010.11.04 22:45:28.812,0.64126,0.64154,1.50,1.50
2010.11.04 22:45:30.924,0.64126,0.64154,1.50,1.50
2010.11.04 22:45:31.034,0.64127,0.64163,2.90,1.90
2010.11.04 22:45:33.139,0.64127,0.64153,1.50,1.50
2010.11.04 22:45:35.420,0.64127,0.64153,1.50,1.50
2010.11.04 22:45:38.115,0.64127,0.64153,1.50,3.90
2010.11.04 22:45:40.313,0.64116,0.64153,1.50,2.40
2010.11.04 22:45:40.719,0.64116,0.64144,1.50,1.50
2010.11.04 22:45:42.814,0.64116,0.64144,1.50,1.50
2010.11.04 22:45:44.958,0.64116,0.64144,1.50,1.50
2010.11.04 22:45:46.022,0.64126,0.64154,1.50,1.60
2010.11.04 22:45:48.137,0.64126,0.64154,1.50,1.60
2010.11.04 22:45:50.215,0.64116,0.64144,1.50,1.50
2010.11.04 22:45:52.313,0.64118,0.64144,2.50,1.50
2010.11.04 22:45:52.423,0.64127,0.64153,1.50,1.50
2010.11.04 22:45:54.452,0.64127,0.64153,1.50,1.50
2010.11.04 22:45:56.462,0.64127,0.64153,1.50,1.50
2010.11.04 22:45:59.896,0.64127,0.64153,1.50,1.50
2010.11.04 22:46:02.611,0.64127,0.64153,1.50,1.50
2010.11.04 22:46:05.538,0.64127,0.64153,1.60,1.50
2010.11.04 22:46:07.566,0.64127,0.64153,1.60,1.50
2010.11.04 22:46:07.813,0.64136,0.64164,1.50,1.50
2010.11.04 22:46:10.389,0.64136,0.64164,1.50,1.50
2010.11.04 22:46:10.832,0.64127,0.64163,1.50,4.30
2010.11.04 22:46:11.224,0.64127,0.64153,1.50,1.50
2010.11.04 22:46:15.566,0.64127,0.64153,1.50,1.50
2010.11.04 22:46:17.784,0.64127,0.64153,1.50,1.50
2010.11.04 22:46:20.566,0.64127,0.64153,1.50,1.50
2010.11.04 22:46:23.019,0.64127,0.64153,1.50,1.50
2010.11.04 22:46:25.082,0.64127,0.64153,1.50,1.50
2010.11.04 22:46:28.215,0.64127,0.64153,1.50,1.50
2010.11.04 22:46:30.574,0.64127,0.64153,1.50,1.50
2010.11.04 22:46:32.767,0.64127,0.64153,1.50,1.50
2010.11.04 22:46:34.832,0.64127,0.64153,1.50,1.50
2010.11.04 22:46:37.137,0.64127,0.64153,1.50,1.50
2010.11.04 22:46:39.192,0.64127,0.64153,1.50,1.50
2010.11.04 22:46:41.791,0.64127,0.64153,1.50,1.50
2010.11.04 22:46:43.852,0.64127,0.64153,1.50,1.50
2010.11.04 22:46:44.624,0.64117,0.64153,1.60,1.50
2010.11.04 22:46:44.734,0.64117,0.64153,11.10,1.50
2010.11.04 22:46:46.798,0.64127,0.64153,1.60,1.50
2010.11.04 22:46:47.027,0.64118,0.64154,2.30,1.50
2010.11.04 22:46:47.133,0.64118,0.64154,6.60,1.50
2010.11.04 22:46:47.782,0.64137,0.64163,1.50,1.50
2010.11.04 22:46:48.553,0.64127,0.64163,4.50,1.50
2010.11.04 22:46:49.305,0.64137,0.64163,1.50,1.50
2010.11.04 22:46:49.632,0.64127,0.64153,3.80,1.50
2010.11.04 22:46:51.809,0.64127,0.64153,3.80,1.50
2010.11.04 22:46:54.250,0.64127,0.64153,3.80,1.50
2010.11.04 22:46:56.817,0.64127,0.64153,3.80,1.50
2010.11.04 22:47:00.314,0.64137,0.64163,1.50,1.50
2010.11.04 22:47:02.412,0.64137,0.64163,1.50,1.50
2010.11.04 22:47:05.650,0.64137,0.64163,1.50,1.50
2010.11.04 22:47:08.094,0.64137,0.64163,1.50,1.50
2010.11.04 22:47:10.101,0.64137,0.64163,1.50,1.50
2010.11.04 22:47:12.203,0.64137,0.64163,1.50,1.50
2010.11.04 22:47:14.913,0.64137,0.64163,1.50,1.50
2010.11.04 22:47:15.133,0.64116,0.64152,1.70,3.00
2010.11.04 22:47:17.225,0.64116,0.64144,1.70,1.50
2010.11.04 22:47:19.233,0.64116,0.64144,1.70,1.50
2010.11.04 22:47:21.479,0.64116,0.64144,1.50,1.50
2010.11.04 22:47:23.504,0.64116,0.64144,1.50,1.50
2010.11.04 22:47:25.682,0.64116,0.64144,1.50,1.50
2010.11.04 22:47:27.693,0.64116,0.64144,1.50,1.50
2010.11.04 22:47:28.133,0.64117,0.64153,1.70,1.50
2010.11.04 22:47:28.785,0.64116,0.64144,1.70,1.50
2010.11.04 22:47:31.047,0.64116,0.64144,1.70,1.50
2010.11.04 22:47:33.347,0.64116,0.64144,1.70,1.50
2010.11.04 22:47:35.834,0.64116,0.64144,1.50,1.50
2010.11.04 22:47:38.359,0.64116,0.64144,1.50,1.50
2010.11.04 22:47:41.026,0.64116,0.64144,1.50,1.50
2010.11.04 22:47:42.833,0.64116,0.64144,1.50,1.50
2010.11.04 22:47:45.722,0.64116,0.64144,1.50,1.50
2010.11.04 22:47:48.385,0.64117,0.64143,1.50,1.50
2010.11.04 22:47:49.512,0.64117,0.64153,1.50,3.90
2010.11.04 22:47:50.016,0.64117,0.64143,1.50,1.50
2010.11.04 22:47:52.243,0.64117,0.64143,1.50,1.50
2010.11.04 22:47:54.717,0.64117,0.64143,1.50,1.50
2010.11.04 22:47:56.263,0.64118,0.64153,3.00,1.50
2010.11.04 22:47:58.343,0.64128,0.64154,3.20,1.50
2010.11.04 22:47:58.562,0.64128,0.64164,3.20,1.50
2010.11.04 22:48:00.839,0.64137,0.64163,1.50,1.50
2010.11.04 22:48:03.278,0.64137,0.64163,1.50,1.50
2010.11.04 22:48:06.104,0.64137,0.64163,1.50,1.50
2010.11.04 22:48:08.245,0.64137,0.64163,1.50,1.50
2010.11.04 22:48:10.960,0.64137,0.64163,1.50,1.50
2010.11.04 22:48:13.423,0.64137,0.64163,1.50,1.50
2010.11.04 22:48:15.736,0.64137,0.64163,1.50,1.50
2010.11.04 22:48:18.439,0.64136,0.64164,1.50,1.50
2010.11.04 22:48:20.795,0.64136,0.64164,1.50,1.50
2010.11.04 22:48:23.450,0.64136,0.64164,1.50,1.50
2010.11.04 22:48:25.800,0.64136,0.64164,1.50,1.50
2010.11.04 22:48:28.459,0.64136,0.64164,1.50,1.50
2010.11.04 22:48:30.504,0.64136,0.64164,1.50,1.50
2010.11.04 22:48:32.618,0.64136,0.64164,1.50,1.50
2010.11.04 22:48:34.158,0.64136,0.64164,1.50,2.50
2010.11.04 22:48:34.373,0.64127,0.64164,2.90,1.70
2010.11.04 22:48:34.824,0.64128,0.64153,2.60,1.50
2010.11.04 22:48:36.834,0.64128,0.64153,2.50,1.50
2010.11.04 22:48:39.037,0.64127,0.64153,1.50,1.70
2010.11.04 22:48:41.460,0.64127,0.64153,4.40,1.50
2010.11.04 22:48:43.500,0.64127,0.64153,4.40,1.50
2010.11.04 22:48:45.865,0.64127,0.64153,4.40,1.50
2010.11.04 22:48:48.045,0.64127,0.64153,1.50,4.00
2010.11.04 22:48:48.703,0.64128,0.64163,2.90,1.70
2010.11.04 22:48:48.923,0.64128,0.64154,2.90,1.50
2010.11.04 22:48:51.604,0.64128,0.64154,2.90,1.50
2010.11.04 22:48:53.611,0.64128,0.64154,2.90,1.50
2010.11.04 22:48:55.414,0.64137,0.64163,1.50,1.80
2010.11.04 22:48:58.246,0.64137,0.64163,1.50,1.80
2010.11.04 22:49:00.719,0.64137,0.64163,1.50,1.80
2010.11.04 22:49:02.869,0.64137,0.64163,1.50,1.80
2010.11.04 22:49:06.233,0.64137,0.64163,1.50,1.80
2010.11.04 22:49:08.344,0.64137,0.64163,1.50,1.80
2010.11.04 22:49:10.596,0.64137,0.64163,1.50,1.80
2010.11.04 22:49:12.678,0.64137,0.64163,1.50,1.80
2010.11.04 22:49:14.744,0.64136,0.64164,1.50,1.80
2010.11.04 22:49:16.958,0.64136,0.64164,1.50,1.80
2010.11.04 22:49:17.723,0.64126,0.64154,1.50,1.50
2010.11.04 22:49:20.948,0.64126,0.64154,1.50,1.50
2010.11.04 22:49:23.407,0.64126,0.64154,1.50,1.50
2010.11.04 22:49:24.172,0.64136,0.64164,1.50,1.80
2010.11.04 22:49:27.420,0.64136,0.64164,1.50,1.90
2010.11.04 22:49:30.505,0.64136,0.64164,1.50,1.90
2010.11.04 22:49:33.617,0.64136,0.64164,1.50,1.90
2010.11.04 22:49:35.648,0.64136,0.64164,1.50,1.90
2010.11.04 22:49:38.605,0.64136,0.64164,1.50,1.90
2010.11.04 22:49:40.723,0.64136,0.64164,1.50,1.90
2010.11.04 22:49:43.019,0.64137,0.64163,1.50,1.90
2010.11.04 22:49:45.324,0.64137,0.64163,1.50,1.90
2010.11.04 22:49:47.351,0.64136,0.64164,1.50,1.90
2010.11.04 22:49:49.962,0.64136,0.64164,1.50,1.70
2010.11.04 22:49:52.451,0.64136,0.64164,1.50,1.70
2010.11.04 22:49:55.530,0.64136,0.64164,1.50,1.70
2010.11.04 22:49:57.664,0.64136,0.64164,1.50,1.70
2010.11.04 22:50:00.995,0.64136,0.64164,1.50,1.70
2010.11.04 22:50:03.587,0.64136,0.64164,1.50,1.70
2010.11.04 22:50:05.607,0.64128,0.64153,2.50,1.50
2010.11.04 22:50:07.665,0.64128,0.64153,2.50,1.50
2010.11.04 22:50:09.745,0.64128,0.64153,2.50,1.50
2010.11.04 22:50:11.842,0.64128,0.64153,2.50,1.50
2010.11.04 22:50:12.973,0.64136,0.64164,1.50,1.70
2010.11.04 22:50:15.481,0.64136,0.64164,1.50,1.70
2010.11.04 22:50:17.497,0.64136,0.64164,1.70,1.70
2010.11.04 22:50:21.073,0.64136,0.64164,1.70,1.70
2010.11.04 22:50:23.241,0.64136,0.64164,1.70,1.70
2010.11.04 22:50:25.376,0.64138,0.64164,2.50,1.50
2010.11.04 22:50:27.678,0.64138,0.64164,2.50,1.50
2010.11.04 22:50:30.474,0.64138,0.64164,2.30,1.50
2010.11.04 22:50:32.835,0.64138,0.64163,2.30,1.50
2010.11.04 22:50:35.875,0.64138,0.64163,2.30,1.50
2010.11.04 22:50:37.910,0.64138,0.64163,2.30,1.50
2010.11.04 22:50:40.245,0.64138,0.64163,2.30,1.50
2010.11.04 22:50:42.355,0.64138,0.64163,2.30,1.50
2010.11.04 22:50:45.415,0.64138,0.64163,2.30,1.50
2010.11.04 22:50:47.550,0.64138,0.64163,2.30,1.50
2010.11.04 22:50:49.815,0.64138,0.64163,2.30,1.50
2010.11.04 22:50:52.559,0.64138,0.64163,2.30,1.50
2010.11.04 22:50:54.765,0.64138,0.64163,2.30,1.50
2010.11.04 22:50:56.853,0.64138,0.64163,2.30,1.50
2010.11.04 22:50:59.055,0.64138,0.64163,2.30,1.50
2010.11.04 22:51:01.109,0.64138,0.64163,2.30,1.50
2010.11.04 22:51:03.237,0.64138,0.64163,2.30,1.50
2010.11.04 22:51:06.127,0.64138,0.64163,2.30,1.50
2010.11.04 22:51:08.133,0.64138,0.64163,2.30,1.50
2010.11.04 22:51:11.134,0.64138,0.64163,2.30,1.50
2010.11.04 22:51:13.782,0.64138,0.64163,2.30,1.50
2010.11.04 22:51:16.192,0.64138,0.64163,2.30,1.50
2010.11.04 22:51:18.801,0.64138,0.64164,2.30,1.50
2010.11.04 22:51:21.293,0.64138,0.64164,2.30,1.50
2010.11.04 22:51:23.312,0.64138,0.64164,2.30,1.50
2010.11.04 22:51:25.342,0.64136,0.64164,1.50,1.70
2010.11.04 22:51:27.618,0.64136,0.64164,1.50,1.70
2010.11.04 22:51:30.421,0.64136,0.64164,1.50,1.70
2010.11.04 22:51:32.747,0.64137,0.64163,1.50,1.50
2010.11.04 22:51:34.733,0.64139,0.64163,1.40,1.50
2010.11.04 22:51:37.982,0.64138,0.64164,2.50,1.50
2010.11.04 22:51:39.754,0.64138,0.64164,2.50,1.50
2010.11.04 22:51:42.647,0.64138,0.64164,2.30,1.50
2010.11.04 22:51:44.815,0.64138,0.64164,2.30,1.50
2010.11.04 22:51:47.539,0.64138,0.64164,2.30,1.50
2010.11.04 22:51:50.297,0.64138,0.64164,2.30,1.50
2010.11.04 22:51:52.669,0.64138,0.64164,2.30,1.50
2010.11.04 22:51:56.217,0.64138,0.64164,2.30,1.50
2010.11.04 22:51:58.841,0.64138,0.64164,2.30,1.50
2010.11.04 22:52:01.156,0.64137,0.64163,1.50,1.50
2010.11.04 22:52:03.751,0.64137,0.64163,1.50,1.50
2010.11.04 22:52:05.844,0.64137,0.64163,1.50,1.50
2010.11.04 22:52:07.104,0.64138,0.64174,2.50,1.90
2010.11.04 22:52:07.216,0.64138,0.64174,2.50,1.90
2010.11.04 22:52:07.324,0.64127,0.64163,4.60,3.80
2010.11.04 22:52:07.924,0.64127,0.64153,4.20,1.50
2010.11.04 22:52:10.134,0.64127,0.64153,4.40,1.50
2010.11.04 22:52:12.850,0.64127,0.64153,4.00,1.50
2010.11.04 22:52:14.844,0.64127,0.64152,1.50,2.30
2010.11.04 22:52:17.125,0.64127,0.64152,1.50,2.30
2010.11.04 22:52:19.183,0.64127,0.64153,1.50,3.80
2010.11.04 22:52:21.272,0.64127,0.64153,1.50,3.80
2010.11.04 22:52:23.325,0.64127,0.64153,1.50,3.80
2010.11.04 22:52:25.409,0.64127,0.64153,1.50,3.80
2010.11.04 22:52:27.422,0.64127,0.64153,4.00,1.50
2010.11.04 22:52:30.749,0.64127,0.64153,4.00,1.50
2010.11.04 22:52:32.802,0.64127,0.64153,4.00,1.50
2010.11.04 22:52:35.351,0.64127,0.64153,4.00,1.50
2010.11.04 22:52:37.837,0.64127,0.64153,4.00,1.50
2010.11.04 22:52:41.504,0.64127,0.64153,4.00,1.50
2010.11.04 22:52:43.685,0.64127,0.64153,4.00,1.50
2010.11.04 22:52:46.254,0.64127,0.64154,2.50,1.70
2010.11.04 22:52:48.449,0.64127,0.64154,2.50,1.70
2010.11.04 22:52:50.617,0.64127,0.64154,2.50,1.70
2010.11.04 22:52:53.477,0.64127,0.64154,2.50,1.70
2010.11.04 22:52:56.338,0.64127,0.64154,2.50,1.70
2010.11.04 22:52:58.682,0.64127,0.64154,2.50,1.70
2010.11.04 22:53:00.727,0.64127,0.64154,2.50,1.70
2010.11.04 22:53:02.744,0.64127,0.64153,4.40,1.50
2010.11.04 22:53:04.794,0.64131,0.64163,1.40,1.70
2010.11.04 22:53:08.487,0.64136,0.64164,1.50,1.50
2010.11.04 22:53:10.620,0.64136,0.64164,1.50,1.70
2010.11.04 22:53:12.919,0.64136,0.64164,1.50,1.70
2010.11.04 22:53:15.173,0.64136,0.64164,1.50,1.70
2010.11.04 22:53:17.104,0.64128,0.64162,2.50,3.20
2010.11.04 22:53:19.183,0.64128,0.64153,2.90,1.50
2010.11.04 22:53:21.221,0.64128,0.64153,2.90,1.50
2010.11.04 22:53:23.511,0.64128,0.64153,2.90,1.50
2010.11.04 22:53:25.727,0.64128,0.64153,2.90,1.50
2010.11.04 22:53:27.823,0.64128,0.64153,2.90,1.50
2010.11.04 22:53:30.788,0.64128,0.64153,2.90,1.50
2010.11.04 22:53:33.549,0.64128,0.64153,2.90,1.50
2010.11.04 22:53:35.969,0.64128,0.64153,2.90,1.50
2010.11.04 22:53:38.095,0.64128,0.64153,2.90,1.50
2010.11.04 22:53:41.440,0.64128,0.64153,2.90,1.50
2010.11.04 22:53:43.570,0.64128,0.64153,2.90,1.50
2010.11.04 22:53:45.651,0.64128,0.64153,2.90,1.50
2010.11.04 22:53:48.555,0.64128,0.64154,2.90,1.50
2010.11.04 22:53:50.769,0.64128,0.64154,2.90,1.50
2010.11.04 22:53:52.906,0.64128,0.64154,2.90,1.50
2010.11.04 22:53:56.482,0.64128,0.64154,2.90,1.50
2010.11.04 22:53:58.572,0.64128,0.64154,2.90,1.50
2010.11.04 22:54:01.183,0.64128,0.64154,2.90,1.50
2010.11.04 22:54:03.593,0.64128,0.64154,2.90,1.50
2010.11.04 22:54:05.692,0.64128,0.64154,2.90,1.50
2010.11.04 22:54:08.401,0.64128,0.64154,2.90,1.50
2010.11.04 22:54:11.531,0.64128,0.64154,2.90,1.50
2010.11.04 22:54:13.621,0.64128,0.64154,2.90,1.50
2010.11.04 22:54:16.299,0.64128,0.64154,2.90,1.50
2010.11.04 22:54:18.617,0.64128,0.64154,2.90,1.50
2010.11.04 22:54:21.242,0.64128,0.64154,2.90,1.50
2010.11.04 22:54:23.419,0.64128,0.64154,2.90,1.50
2010.11.04 22:54:26.331,0.64128,0.64154,2.90,1.50
2010.11.04 22:54:26.442,0.64137,0.64163,1.50,1.70
2010.11.04 22:54:28.624,0.64137,0.64163,1.50,1.70
2010.11.04 22:54:31.570,0.64137,0.64163,1.50,1.70
2010.11.04 22:54:33.569,0.64137,0.64163,1.50,1.70
2010.11.04 22:54:36.528,0.64137,0.64163,1.50,1.70
2010.11.04 22:54:38.660,0.64137,0.64163,1.50,1.70
2010.11.04 22:54:41.602,0.64137,0.64163,1.50,1.70
2010.11.04 22:54:43.909,0.64137,0.64163,1.50,1.70
2010.11.04 22:54:46.596,0.64137,0.64163,1.50,1.70
2010.11.04 22:54:48.668,0.64137,0.64163,1.50,1.70
2010.11.04 22:54:51.269,0.64137,0.64163,1.50,1.70
2010.11.04 22:54:53.362,0.64137,0.64163,1.50,1.70
2010.11.04 22:54:56.628,0.64137,0.64163,1.50,1.70
2010.11.04 22:54:58.697,0.64137,0.64163,1.50,1.70
2010.11.04 22:55:00.977,0.64137,0.64163,1.50,1.70
2010.11.04 22:55:04.027,0.64136,0.64164,1.50,1.70
2010.11.04 22:55:05.781,0.64136,0.64164,1.50,1.70
2010.11.04 22:55:07.925,0.64136,0.64164,1.50,1.70
2010.11.04 22:55:10.146,0.64136,0.64164,1.50,1.70
2010.11.04 22:55:12.288,0.64136,0.64164,1.50,1.70
2010.11.04 22:55:14.314,0.64136,0.64164,1.50,1.70
2010.11.04 22:55:16.325,0.64136,0.64164,1.50,1.70
2010.11.04 22:55:18.467,0.64136,0.64164,1.50,1.70
2010.11.04 22:55:20.485,0.64136,0.64164,1.50,1.70
2010.11.04 22:55:22.525,0.64136,0.64164,1.50,1.70
2010.11.04 22:55:24.643,0.64136,0.64164,1.50,1.70
2010.11.04 22:55:27.438,0.64136,0.64164,1.50,1.70
2010.11.04 22:55:29.787,0.64136,0.64164,1.50,1.70
2010.11.04 22:55:31.874,0.64136,0.64164,1.50,1.70
2010.11.04 22:55:34.200,0.64136,0.64164,1.50,1.70
2010.11.04 22:55:36.517,0.64136,0.64164,1.50,1.70
2010.11.04 22:55:38.758,0.64136,0.64164,1.50,1.70
2010.11.04 22:55:41.080,0.64136,0.64164,1.50,1.70
2010.11.04 22:55:43.276,0.64136,0.64164,1.50,1.70
2010.11.04 22:55:45.317,0.64136,0.64164,1.50,1.70
2010.11.04 22:55:47.728,0.64136,0.64164,1.50,1.70
2010.11.04 22:55:50.195,0.64136,0.64164,1.50,1.70
2010.11.04 22:55:51.372,0.64128,0.64163,2.60,1.70
2010.11.04 22:55:51.922,0.64137,0.64163,1.50,1.70
2010.11.04 22:55:54.336,0.64137,0.64163,1.50,1.70
2010.11.04 22:55:56.113,0.64126,0.64162,1.70,3.20
2010.11.04 22:55:56.745,0.64127,0.64153,4.40,1.50
2010.11.04 22:55:58.749,0.64127,0.64153,4.40,1.50
2010.11.04 22:56:00.827,0.64127,0.64153,4.40,1.50
2010.11.04 22:56:03.585,0.64127,0.64153,4.40,1.50
2010.11.04 22:56:05.684,0.64127,0.64153,4.40,1.50
2010.11.04 22:56:07.897,0.64127,0.64153,4.40,1.50
2010.11.04 22:56:10.076,0.64127,0.64153,4.40,1.50
2010.11.04 22:56:12.497,0.64127,0.64153,4.40,1.50
2010.11.04 22:56:14.717,0.64127,0.64153,4.40,1.50
2010.11.04 22:56:16.829,0.64127,0.64153,4.40,1.50
2010.11.04 22:56:19.266,0.64127,0.64153,4.40,1.50
2010.11.04 22:56:21.563,0.64127,0.64153,4.40,1.50
2010.11.04 22:56:22.553,0.64137,0.64163,1.50,1.70
2010.11.04 22:56:23.223,0.64127,0.64154,2.90,1.50
2010.11.04 22:56:25.615,0.64127,0.64154,2.90,1.50
2010.11.04 22:56:25.728,0.64136,0.64164,1.50,1.50
2010.11.04 22:56:27.784,0.64136,0.64164,1.50,2.50
2010.11.04 22:56:29.988,0.64136,0.64164,1.50,1.70
2010.11.04 22:56:32.189,0.64136,0.64164,1.50,1.70
2010.11.04 22:56:34.260,0.64136,0.64164,1.50,1.70
2010.11.04 22:56:36.468,0.64136,0.64164,1.50,1.70
2010.11.04 22:56:38.666,0.64136,0.64164,1.50,1.70
2010.11.04 22:56:40.757,0.64136,0.64164,1.50,1.70
2010.11.04 22:56:43.012,0.64136,0.64164,1.50,1.70
2010.11.04 22:56:45.539,0.64136,0.64164,1.50,1.70
2010.11.04 22:56:47.917,0.64136,0.64164,1.50,1.70
2010.11.04 22:56:50.315,0.64136,0.64164,1.50,1.70
2010.11.04 22:56:52.814,0.64136,0.64164,1.50,1.70
2010.11.04 22:56:54.843,0.64136,0.64164,1.50,1.70
2010.11.04 22:56:57.236,0.64136,0.64164,1.50,1.70
2010.11.04 22:56:59.006,0.64136,0.64164,1.50,1.70
2010.11.04 22:57:01.265,0.64136,0.64164,1.50,1.70
2010.11.04 22:57:03.435,0.64136,0.64164,1.50,1.70
2010.11.04 22:57:05.971,0.64136,0.64164,1.50,1.70
2010.11.04 22:57:08.038,0.64136,0.64164,1.50,1.70
2010.11.04 22:57:10.361,0.64136,0.64164,1.50,1.70
2010.11.04 22:57:12.469,0.64136,0.64164,1.50,1.70
2010.11.04 22:57:14.982,0.64136,0.64164,1.50,1.70
2010.11.04 22:57:17.067,0.64137,0.64163,1.50,1.70
2010.11.04 22:57:19.274,0.64137,0.64163,1.50,1.70
2010.11.04 22:57:21.630,0.64137,0.64163,1.50,1.70
2010.11.04 22:57:23.668,0.64137,0.64163,1.50,1.70
2010.11.04 22:57:23.994,0.64127,0.64163,4.20,1.70
2010.11.04 22:57:26.229,0.64136,0.64164,1.50,1.70
2010.11.04 22:57:28.429,0.64136,0.64164,1.50,1.70
2010.11.04 22:57:30.631,0.64137,0.64163,1.50,1.70
2010.11.04 22:57:32.718,0.64137,0.64163,1.50,1.70
2010.11.04 22:57:35.008,0.64137,0.64163,1.50,1.70
2010.11.04 22:57:37.432,0.64137,0.64163,1.50,1.70
2010.11.04 22:57:39.533,0.64137,0.64163,1.50,1.70
2010.11.04 22:57:41.827,0.64127,0.64163,5.50,1.50
2010.11.04 22:57:43.973,0.64129,0.64163,1.40,1.50
2010.11.04 22:57:46.009,0.6413,0.64163,1.40,1.50
2010.11.04 22:57:48.023,0.64138,0.64164,2.50,1.50
2010.11.04 22:57:50.093,0.64136,0.64164,1.50,1.50
2010.11.04 22:57:52.115,0.64136,0.64164,1.50,1.50
2010.11.04 22:57:54.221,0.64137,0.64164,2.30,1.50
2010.11.04 22:57:56.254,0.64137,0.64164,2.50,1.50
2010.11.04 22:57:58.332,0.64137,0.64164,2.50,1.50
2010.11.04 22:58:00.364,0.64137,0.64164,2.50,1.50
2010.11.04 22:58:02.382,0.64137,0.64164,2.50,1.50
2010.11.04 22:58:04.464,0.64137,0.64164,2.50,1.50
2010.11.04 22:58:06.664,0.64137,0.64163,4.00,1.50
2010.11.04 22:58:08.965,0.64137,0.64163,4.00,1.50
2010.11.04 22:58:10.968,0.64137,0.64163,3.80,1.50
2010.11.04 22:58:13.066,0.64137,0.64163,3.80,1.50
2010.11.04 22:58:15.076,0.64137,0.64163,3.80,1.50
2010.11.04 22:58:17.575,0.64137,0.64163,3.80,1.50
2010.11.04 22:58:19.630,0.64137,0.64163,3.80,1.50
2010.11.04 22:58:21.768,0.64137,0.64163,3.80,1.50
2010.11.04 22:58:23.991,0.64137,0.64163,3.80,1.50
2010.11.04 22:58:26.188,0.64137,0.64163,3.80,1.50
2010.11.04 22:58:29.061,0.64137,0.64163,3.80,1.50
2010.11.04 22:58:31.235,0.64137,0.64164,2.30,1.50
2010.11.04 22:58:33.248,0.64137,0.64164,2.30,1.50
2010.11.04 22:58:35.271,0.64137,0.64164,2.30,1.50
2010.11.04 22:58:37.774,0.64137,0.64164,2.30,1.50
2010.11.04 22:58:40.066,0.64137,0.64164,2.30,1.50
2010.11.04 22:58:42.410,0.64137,0.64164,2.30,1.50
2010.11.04 22:58:44.479,0.64137,0.64164,2.30,1.50
2010.11.04 22:58:46.563,0.64137,0.64163,1.50,1.50
2010.11.04 22:58:48.662,0.64137,0.64163,1.90,1.50
2010.11.04 22:58:51.340,0.64137,0.64163,2.10,1.50
2010.11.04 22:58:53.816,0.64137,0.64163,2.10,1.50
2010.11.04 22:58:55.915,0.64137,0.64163,2.10,1.50
2010.11.04 22:58:58.329,0.64137,0.64163,1.90,1.70
2010.11.04 22:59:00.526,0.64137,0.64163,1.90,1.70
2010.11.04 22:59:02.835,0.64137,0.64163,1.90,1.70
2010.11.04 22:59:04.932,0.64137,0.64163,1.50,2.10
2010.11.04 22:59:07.025,0.64137,0.64163,1.50,2.10
2010.11.04 22:59:09.112,0.64137,0.64163,1.50,2.10
2010.11.04 22:59:11.230,0.64137,0.64163,1.50,2.10
2010.11.04 22:59:13.303,0.64137,0.64163,1.50,2.10
2010.11.04 22:59:15.598,0.64137,0.64163,1.50,2.10
2010.11.04 22:59:17.795,0.64137,0.64163,1.50,2.10
2010.11.04 22:59:19.891,0.64137,0.64163,1.50,2.10
2010.11.04 22:59:22.242,0.64137,0.64163,1.50,2.10
2010.11.04 22:59:24.750,0.64137,0.64163,1.50,2.10
2010.11.04 22:59:27.114,0.64136,0.64164,1.90,1.50
2010.11.04 22:59:29.156,0.64136,0.64164,1.90,1.50
2010.11.04 22:59:31.420,0.64136,0.64164,1.90,1.50
2010.11.04 22:59:34.171,0.64136,0.64164,1.90,1.50
2010.11.04 22:59:36.478,0.64136,0.64164,1.90,1.50
2010.11.04 22:59:38.520,0.64136,0.64164,1.90,1.50
2010.11.04 22:59:40.810,0.64136,0.64164,1.90,1.50
2010.11.04 22:59:43.027,0.64136,0.64164,1.90,1.50
2010.11.04 22:59:45.099,0.64136,0.64164,1.90,1.50
2010.11.04 22:59:47.424,0.64136,0.64164,2.10,1.50
2010.11.04 22:59:49.512,0.64137,0.64164,3.00,1.50
2010.11.04 22:59:52.265,0.64137,0.64164,3.00,1.50
2010.11.04 22:59:54.313,0.64137,0.64164,3.00,1.50
2010.11.04 22:59:56.323,0.64137,0.64164,3.20,1.50
2010.11.04 22:59:59.545,0.64137,0.64164,3.20,1.50
