2017.11.10 14:00:00.017,0.78719,0.78726,1.00,1.00
2017.11.10 14:00:00.533,0.78718,0.78726,1.88,1.00
2017.11.10 14:00:01.043,0.78717,0.78726,1.25,1.50
2017.11.10 14:00:02.220,0.78716,0.78725,1.69,1.00
2017.11.10 14:00:03.149,0.78718,0.78725,1.25,1.00
2017.11.10 14:00:03.734,0.78718,0.78726,1.25,1.00
2017.11.10 14:00:05.016,0.78718,0.78724,1.00,1.25
2017.11.10 14:00:05.067,0.78716,0.78723,1.50,1.00
2017.11.10 14:00:05.676,0.78716,0.78724,1.00,1.69
2017.11.10 14:00:06.314,0.78716,0.78725,1.50,1.50
2017.11.10 14:00:06.727,0.78718,0.78727,1.50,1.50
2017.11.10 14:00:07.663,0.78719,0.78727,1.00,1.00
2017.11.10 14:00:08.600,0.78719,0.78728,1.50,1.50
2017.11.10 14:00:09.724,0.78719,0.78727,1.00,1.00
2017.11.10 14:00:10.111,0.78717,0.78725,1.00,1.50
2017.11.10 14:00:12.149,0.78718,0.78725,1.00,1.00
2017.11.10 14:00:12.658,0.78717,0.78725,1.00,1.69
2017.11.10 14:00:13.783,0.78716,0.78725,1.50,1.69
2017.11.10 14:00:14.322,0.78716,0.78722,1.00,1.00
2017.11.10 14:00:14.768,0.78714,0.78722,1.00,1.69
2017.11.10 14:00:14.819,0.78714,0.7872,1.00,1.00
2017.11.10 14:00:15.015,0.78712,0.7872,1.25,1.87
2017.11.10 14:00:16.025,0.78712,0.7872,1.87,1.00
2017.11.10 14:00:16.491,0.78714,0.78722,1.00,1.50
2017.11.10 14:00:17.029,0.78714,0.78721,1.00,1.00
2017.11.10 14:00:17.502,0.78714,0.78719,1.00,1.00
2017.11.10 14:00:17.553,0.78713,0.78721,1.25,1.00
2017.11.10 14:00:17.604,0.78714,0.78723,1.25,2.62
2017.11.10 14:00:17.655,0.78716,0.78723,1.00,1.12
2017.11.10 14:00:17.910,0.78716,0.78725,1.50,1.50
2017.11.10 14:00:22.733,0.78716,0.78722,1.69,1.00
2017.11.10 14:00:22.952,0.78714,0.78722,1.69,1.00
2017.11.10 14:00:23.208,0.78714,0.78724,2.63,3.00
2017.11.10 14:00:23.259,0.78716,0.78724,1.25,1.50
2017.11.10 14:00:23.708,0.78715,0.78722,1.00,1.00
2017.11.10 14:00:23.934,0.78716,0.78725,2.63,1.50
2017.11.10 14:00:24.290,0.78715,0.78723,1.12,1.00
2017.11.10 14:00:24.830,0.78714,0.78722,1.69,1.00
2017.11.10 14:00:25.088,0.78715,0.78724,1.00,4.12
2017.11.10 14:00:25.961,0.78714,0.78724,1.69,4.31
2017.11.10 14:00:26.266,0.78714,0.78722,1.69,1.00
2017.11.10 14:00:27.024,0.78714,0.78722,1.88,1.00
2017.11.10 14:00:27.177,0.78713,0.78721,1.00,1.25
2017.11.10 14:00:27.590,0.78715,0.78722,1.13,1.00
2017.11.10 14:00:27.641,0.78716,0.78724,1.00,1.12
2017.11.10 14:00:27.744,0.78718,0.78725,1.00,1.50
2017.11.10 14:00:28.051,0.78716,0.78725,2.25,1.00
2017.11.10 14:00:28.569,0.78716,0.78724,1.00,3.19
2017.11.10 14:00:29.790,0.78715,0.78724,1.00,3.19
2017.11.10 14:00:29.841,0.78715,0.78722,1.00,1.00
2017.11.10 14:00:30.300,0.78715,0.78724,1.00,2.62
2017.11.10 14:00:30.847,0.78716,0.78724,1.25,1.50
2017.11.10 14:00:31.220,0.78714,0.78722,1.25,1.00
2017.11.10 14:00:32.197,0.78714,0.78721,1.00,1.00
2017.11.10 14:00:32.454,0.78718,0.78726,1.25,1.50
2017.11.10 14:00:33.116,0.78719,0.78726,1.00,1.50
2017.11.10 14:00:33.699,0.78718,0.78726,1.50,1.00
2017.11.10 14:00:35.849,0.78718,0.78727,3.00,1.00
2017.11.10 14:00:36.442,0.78719,0.78728,1.25,2.25
2017.11.10 14:00:37.289,0.7872,0.78728,1.00,1.50
2017.11.10 14:00:37.672,0.78722,0.78729,1.00,1.00
2017.11.10 14:00:38.190,0.78721,0.78729,1.25,1.00
2017.11.10 14:00:39.383,0.7872,0.78729,2.44,1.50
2017.11.10 14:00:40.204,0.78721,0.78729,1.00,1.00
2017.11.10 14:00:40.748,0.78721,0.7873,1.50,1.50
2017.11.10 14:00:41.589,0.78722,0.7873,1.25,1.00
2017.11.10 14:00:42.113,0.78723,0.78731,1.00,1.00
2017.11.10 14:00:43.052,0.78722,0.7873,1.00,1.00
2017.11.10 14:00:43.579,0.78723,0.78731,1.00,1.00
2017.11.10 14:00:44.329,0.78723,0.78732,1.50,2.81
2017.11.10 14:00:44.837,0.78723,0.78731,1.00,1.00
2017.11.10 14:00:45.811,0.78721,0.78729,1.50,1.00
2017.11.10 14:00:46.879,0.78722,0.78731,1.00,4.12
2017.11.10 14:00:47.456,0.78721,0.78731,2.44,2.25
2017.11.10 14:00:48.099,0.78721,0.7873,2.25,1.00
2017.11.10 14:00:53.319,0.78722,0.78731,1.25,2.25
2017.11.10 14:00:55.111,0.78723,0.78731,1.00,1.50
2017.11.10 14:00:56.124,0.78722,0.7873,1.00,1.00
2017.11.10 14:00:56.630,0.78722,0.78729,1.00,1.50
2017.11.10 14:00:56.834,0.7872,0.78728,1.00,1.00
2017.11.10 14:00:57.351,0.7872,0.78729,1.50,2.25
2017.11.10 14:00:57.948,0.7872,0.78728,1.00,1.00
2017.11.10 14:00:58.206,0.78722,0.78728,1.00,1.00
2017.11.10 14:00:58.257,0.7872,0.78727,1.00,1.00
2017.11.10 14:00:58.308,0.78718,0.78727,3.00,1.00
2017.11.10 14:00:59.770,0.78719,0.78728,1.00,2.25
2017.11.10 14:01:00.514,0.78718,0.78727,2.25,1.00
2017.11.10 14:01:01.048,0.78718,0.78726,1.00,1.69
2017.11.10 14:01:01.557,0.78717,0.78725,1.25,1.00
2017.11.10 14:01:03.118,0.78717,0.78724,1.00,1.00
2017.11.10 14:01:03.656,0.78716,0.78724,1.00,1.00
2017.11.10 14:01:05.866,0.78716,0.78725,1.50,1.69
2017.11.10 14:01:07.093,0.78716,0.78724,1.00,1.00
2017.11.10 14:01:07.375,0.78717,0.78726,1.00,2.81
2017.11.10 14:01:08.182,0.78718,0.78726,1.00,1.00
2017.11.10 14:01:08.690,0.78719,0.78726,1.00,1.00
2017.11.10 14:01:09.152,0.78717,0.78726,1.50,1.50
2017.11.10 14:01:09.668,0.78717,0.78725,1.00,1.00
2017.11.10 14:01:10.724,0.78716,0.78724,1.00,1.25
2017.11.10 14:01:11.247,0.78715,0.78723,1.00,1.69
2017.11.10 14:01:11.772,0.78715,0.78724,1.69,2.25
2017.11.10 14:01:11.925,0.78717,0.78724,1.00,1.00
2017.11.10 14:01:12.027,0.78717,0.78726,1.50,1.50
2017.11.10 14:01:13.126,0.78717,0.78725,1.25,1.00
2017.11.10 14:01:13.675,0.78717,0.78726,1.69,2.25
2017.11.10 14:01:14.353,0.78715,0.78724,1.69,1.50
2017.11.10 14:01:19.044,0.78716,0.78724,1.00,1.50
2017.11.10 14:01:19.547,0.78715,0.78724,1.50,2.44
2017.11.10 14:01:22.828,0.78716,0.78724,1.69,1.50
2017.11.10 14:01:22.930,0.78717,0.78726,1.00,3.19
2017.11.10 14:01:23.478,0.78718,0.78726,1.50,1.00
2017.11.10 14:01:24.312,0.78716,0.78725,3.19,1.00
2017.11.10 14:01:25.155,0.78718,0.78726,1.00,1.25
2017.11.10 14:01:25.779,0.78717,0.78726,1.31,1.50
2017.11.10 14:01:26.346,0.78718,0.78726,1.00,1.00
2017.11.10 14:01:29.012,0.78719,0.78726,1.00,1.00
2017.11.10 14:01:37.413,0.78719,0.78728,1.00,2.25
2017.11.10 14:01:37.920,0.78718,0.78728,2.62,2.44
2017.11.10 14:01:39.189,0.78718,0.78727,2.62,1.00
2017.11.10 14:01:43.153,0.78719,0.78728,1.00,2.44
2017.11.10 14:01:44.464,0.7872,0.78728,1.50,1.00
2017.11.10 14:01:44.973,0.78719,0.78728,1.00,1.69
2017.11.10 14:01:45.657,0.78719,0.78727,1.00,1.00
2017.11.10 14:01:46.795,0.78719,0.78728,1.50,1.69
2017.11.10 14:01:49.072,0.78719,0.78727,1.00,1.00
2017.11.10 14:01:50.300,0.78719,0.78728,1.50,1.69
2017.11.10 14:01:58.227,0.78719,0.78727,1.00,1.00
2017.11.10 14:02:02.978,0.7872,0.78728,1.00,2.44
2017.11.10 14:02:03.487,0.78719,0.78727,3.22,1.00
2017.11.10 14:02:04.082,0.78719,0.78728,3.97,3.19
2017.11.10 14:02:04.640,0.78719,0.78727,2.47,1.00
2017.11.10 14:02:07.077,0.7872,0.78728,1.25,1.00
2017.11.10 14:02:07.731,0.7872,0.78729,2.06,1.50
2017.11.10 14:02:07.833,0.78722,0.7873,1.00,1.00
2017.11.10 14:02:10.061,0.78723,0.7873,1.00,1.00
2017.11.10 14:02:10.163,0.78723,0.78732,1.00,2.06
2017.11.10 14:02:11.504,0.78723,0.78731,1.00,1.00
2017.11.10 14:02:12.052,0.78722,0.78731,1.50,2.25
2017.11.10 14:02:12.596,0.78723,0.78732,1.69,2.25
2017.11.10 14:02:12.698,0.78725,0.78732,1.00,1.00
2017.11.10 14:02:12.951,0.78725,0.78734,1.50,1.69
2017.11.10 14:02:20.320,0.78725,0.78735,3.37,1.69
2017.11.10 14:02:24.309,0.78726,0.78735,1.00,1.00
2017.11.10 14:02:25.366,0.78727,0.78735,1.00,1.00
2017.11.10 14:02:26.157,0.78726,0.78735,1.50,1.00
2017.11.10 14:02:27.879,0.78727,0.78736,1.00,1.50
2017.11.10 14:02:28.566,0.78728,0.78736,1.00,1.00
2017.11.10 14:02:29.075,0.78729,0.78736,1.00,1.00
2017.11.10 14:02:29.177,0.78729,0.78739,2.44,2.62
2017.11.10 14:02:29.716,0.7873,0.78739,1.00,1.87
2017.11.10 14:02:30.221,0.78731,0.78739,1.00,1.87
2017.11.10 14:02:32.001,0.78731,0.78738,1.00,1.00
2017.11.10 14:02:32.104,0.78729,0.78738,1.69,1.50
2017.11.10 14:02:32.460,0.78731,0.78738,1.00,1.50
2017.11.10 14:02:33.792,0.78732,0.78738,1.00,1.00
2017.11.10 14:02:33.844,0.78733,0.7874,1.00,1.00
2017.11.10 14:02:33.946,0.78734,0.78742,1.00,1.00
2017.11.10 14:02:34.050,0.78735,0.78744,1.00,2.06
2017.11.10 14:02:36.138,0.78734,0.78742,1.50,1.25
2017.11.10 14:02:36.189,0.78732,0.78742,2.62,2.63
2017.11.10 14:02:36.502,0.78735,0.78744,1.00,3.19
2017.11.10 14:02:36.806,0.78737,0.78746,1.50,1.69
2017.11.10 14:02:37.334,0.78737,0.78745,1.00,1.50
2017.11.10 14:02:37.648,0.78737,0.78743,1.00,1.00
2017.11.10 14:02:40.248,0.78737,0.78745,1.00,2.62
2017.11.10 14:02:45.889,0.78737,0.78746,1.00,2.25
2017.11.10 14:02:46.410,0.78737,0.78745,1.00,1.25
2017.11.10 14:02:47.422,0.78737,0.78744,1.00,1.25
2017.11.10 14:02:47.878,0.78734,0.78743,1.87,1.00
2017.11.10 14:02:47.981,0.78734,0.78741,1.00,1.00
2017.11.10 14:02:48.136,0.78734,0.78743,1.50,1.50
2017.11.10 14:02:52.177,0.78734,0.78742,1.00,1.00
2017.11.10 14:02:53.439,0.78732,0.7874,1.00,1.00
2017.11.10 14:02:53.489,0.7873,0.7874,2.62,1.50
2017.11.10 14:02:55.372,0.7873,0.78739,1.87,1.00
2017.11.10 14:03:00.763,0.78731,0.78739,1.25,1.50
2017.11.10 14:03:04.074,0.78731,0.7874,1.69,1.50
2017.11.10 14:03:07.971,0.78731,0.78739,1.00,1.00
2017.11.10 14:03:08.268,0.78732,0.78741,1.50,1.00
2017.11.10 14:03:14.529,0.78733,0.78742,1.50,1.50
2017.11.10 14:03:15.064,0.78734,0.78742,1.00,1.50
2017.11.10 14:03:18.376,0.78733,0.78742,1.50,1.00
2017.11.10 14:03:18.907,0.78732,0.78741,1.69,1.00
2017.11.10 14:03:22.490,0.78734,0.78742,1.00,1.50
2017.11.10 14:03:24.874,0.78732,0.78742,1.50,4.13
2017.11.10 14:03:25.379,0.78732,0.7874,1.00,1.25
2017.11.10 14:03:30.979,0.78732,0.78738,1.00,1.00
2017.11.10 14:03:34.431,0.78731,0.78738,1.00,1.00
2017.11.10 14:03:34.804,0.7873,0.78736,1.00,1.00
2017.11.10 14:03:36.277,0.78729,0.78736,1.00,1.00
2017.11.10 14:03:36.801,0.78728,0.78736,1.69,1.00
2017.11.10 14:03:38.702,0.78729,0.78736,1.13,1.00
2017.11.10 14:03:39.214,0.78731,0.78738,1.00,1.00
2017.11.10 14:03:39.265,0.78731,0.7874,1.00,2.25
2017.11.10 14:03:39.998,0.78732,0.7874,1.25,1.50
2017.11.10 14:03:40.572,0.78731,0.7874,1.13,1.50
2017.11.10 14:03:41.602,0.78731,0.7874,1.44,2.25
2017.11.10 14:03:42.193,0.78731,0.7874,1.25,2.25
2017.11.10 14:03:42.447,0.7873,0.78738,1.87,1.00
2017.11.10 14:03:55.215,0.78728,0.78738,2.63,2.63
2017.11.10 14:03:56.375,0.78728,0.78738,2.44,2.63
2017.11.10 14:03:57.157,0.78728,0.78738,2.63,2.63
2017.11.10 14:03:58.498,0.78729,0.78738,1.00,2.44
2017.11.10 14:04:00.580,0.7873,0.78738,1.13,1.50
2017.11.10 14:04:01.089,0.78731,0.78738,1.00,1.00
2017.11.10 14:04:01.516,0.78731,0.7874,2.25,1.13
2017.11.10 14:04:02.550,0.78732,0.78741,1.00,2.63
2017.11.10 14:04:03.780,0.78733,0.78741,1.00,1.50
2017.11.10 14:04:09.323,0.78733,0.78741,1.00,1.88
2017.11.10 14:04:09.879,0.78733,0.78741,1.50,1.13
2017.11.10 14:04:10.084,0.78732,0.78741,1.00,3.23
2017.11.10 14:04:10.324,0.78726,0.78734,1.69,1.50
2017.11.10 14:04:10.731,0.78726,0.78732,1.00,1.00
2017.11.10 14:04:11.471,0.78724,0.78732,2.06,1.00
2017.11.10 14:04:11.978,0.78725,0.78734,1.31,2.25
2017.11.10 14:04:12.554,0.78726,0.78734,1.25,2.25
2017.11.10 14:04:16.681,0.78726,0.78735,1.69,1.12
2017.11.10 14:04:22.581,0.78726,0.78734,1.00,1.00
2017.11.10 14:04:23.108,0.78726,0.78735,1.50,1.12
2017.11.10 14:04:27.616,0.78727,0.78736,1.00,2.44
2017.11.10 14:04:30.164,0.78728,0.78736,1.00,1.00
2017.11.10 14:04:30.797,0.78728,0.78737,1.50,1.88
2017.11.10 14:04:35.420,0.78728,0.78736,1.00,1.25
2017.11.10 14:04:35.921,0.78727,0.78736,1.50,1.69
2017.11.10 14:04:37.398,0.78727,0.78735,1.00,1.25
2017.11.10 14:04:38.259,0.78726,0.78735,1.88,1.00
2017.11.10 14:04:38.762,0.78726,0.78735,1.88,1.00
2017.11.10 14:04:39.396,0.78726,0.78735,1.69,1.00
2017.11.10 14:04:43.188,0.78726,0.78734,1.00,1.00
2017.11.10 14:04:43.778,0.78725,0.78733,1.69,1.00
2017.11.10 14:04:44.328,0.78726,0.78733,1.25,1.00
2017.11.10 14:04:53.267,0.78727,0.78733,1.00,1.00
2017.11.10 14:04:54.438,0.78728,0.78734,1.00,1.00
2017.11.10 14:04:54.489,0.78728,0.78736,1.00,1.50
2017.11.10 14:04:54.994,0.78729,0.78736,1.50,1.00
2017.11.10 14:05:00.352,0.78728,0.78736,1.25,1.00
2017.11.10 14:05:03.031,0.78729,0.78736,1.00,1.00
2017.11.10 14:05:03.589,0.7873,0.78736,1.00,1.00
2017.11.10 14:05:03.995,0.7873,0.78738,1.00,1.00
2017.11.10 14:05:08.267,0.7873,0.78739,1.50,2.06
2017.11.10 14:05:08.775,0.7873,0.78738,1.00,1.00
2017.11.10 14:05:10.544,0.7873,0.78737,1.00,1.00
2017.11.10 14:05:10.595,0.78728,0.78736,1.00,1.13
2017.11.10 14:05:10.646,0.78726,0.78735,3.56,1.00
2017.11.10 14:05:11.156,0.78728,0.78736,1.00,1.50
2017.11.10 14:05:12.481,0.78726,0.78735,4.31,1.00
2017.11.10 14:05:12.879,0.78728,0.78736,1.00,1.00
2017.11.10 14:05:14.611,0.78728,0.78737,2.25,1.25
2017.11.10 14:05:14.964,0.7873,0.78738,1.00,1.50
2017.11.10 14:05:15.756,0.7873,0.78739,2.25,1.31
2017.11.10 14:05:18.481,0.7873,0.78738,1.50,1.00
2017.11.10 14:05:21.804,0.78731,0.78738,1.00,1.00
2017.11.10 14:05:22.201,0.7873,0.78736,1.00,1.00
2017.11.10 14:05:22.715,0.7873,0.78735,1.00,1.00
2017.11.10 14:05:23.138,0.78728,0.78734,1.00,1.00
2017.11.10 14:05:26.834,0.78726,0.78734,1.12,1.13
2017.11.10 14:05:27.455,0.78726,0.78733,1.12,1.00
2017.11.10 14:05:29.353,0.78726,0.78732,1.12,1.00
2017.11.10 14:05:30.893,0.78726,0.78732,1.12,1.88
2017.11.10 14:05:31.452,0.78726,0.78732,1.12,1.69
2017.11.10 14:05:31.554,0.78726,0.78734,1.12,1.50
2017.11.10 14:05:31.605,0.78728,0.78734,1.00,1.00
2017.11.10 14:05:36.671,0.78728,0.78732,1.00,1.00
2017.11.10 14:05:36.723,0.78726,0.78732,1.12,1.50
2017.11.10 14:05:42.036,0.78726,0.78731,1.12,1.00
2017.11.10 14:05:42.558,0.78726,0.78732,1.12,1.69
2017.11.10 14:05:51.112,0.78726,0.78731,1.12,1.00
2017.11.10 14:05:51.729,0.78726,0.78732,1.12,1.00
2017.11.10 14:05:51.963,0.78724,0.7873,1.75,1.25
2017.11.10 14:05:53.502,0.78727,0.78733,1.00,1.50
2017.11.10 14:05:53.655,0.78729,0.78735,1.00,1.50
2017.11.10 14:05:55.341,0.78729,0.78737,1.00,1.00
2017.11.10 14:05:55.483,0.78731,0.78737,1.00,1.00
2017.11.10 14:05:55.534,0.78731,0.78739,1.00,1.25
2017.11.10 14:05:57.570,0.78731,0.78738,1.00,1.00
2017.11.10 14:05:58.750,0.78731,0.78737,1.00,1.00
2017.11.10 14:05:59.270,0.78731,0.78738,1.00,1.69
2017.11.10 14:06:02.032,0.78731,0.78737,1.00,1.25
2017.11.10 14:06:02.555,0.78731,0.78735,1.00,1.00
2017.11.10 14:06:03.000,0.78729,0.78735,1.00,1.00
2017.11.10 14:06:07.101,0.78729,0.78737,1.00,1.00
2017.11.10 14:06:07.770,0.78729,0.78736,1.00,1.00
2017.11.10 14:06:08.666,0.78729,0.78735,1.00,1.00
2017.11.10 14:06:10.751,0.78729,0.78734,1.00,1.00
2017.11.10 14:06:11.065,0.78727,0.78733,1.00,1.00
2017.11.10 14:06:11.116,0.78725,0.78733,1.00,1.00
2017.11.10 14:06:11.571,0.78727,0.78733,1.00,1.50
2017.11.10 14:06:18.100,0.78727,0.78734,1.00,1.13
2017.11.10 14:06:21.672,0.78727,0.78733,1.00,1.00
2017.11.10 14:06:23.285,0.78727,0.78734,1.00,1.69
2017.11.10 14:06:29.589,0.78729,0.78737,1.00,3.19
2017.11.10 14:06:30.324,0.78729,0.78735,1.00,1.00
2017.11.10 14:06:30.476,0.78727,0.78734,1.00,1.00
2017.11.10 14:06:31.006,0.78727,0.78733,1.00,1.00
2017.11.10 14:06:38.958,0.78728,0.78735,1.00,1.00
2017.11.10 14:06:39.465,0.78729,0.78737,1.88,1.00
2017.11.10 14:06:39.567,0.78731,0.78737,1.00,1.00
2017.11.10 14:06:41.480,0.78731,0.78735,1.00,1.00
2017.11.10 14:06:42.003,0.78731,0.78736,1.00,1.00
2017.11.10 14:06:43.689,0.7873,0.78734,1.00,1.00
2017.11.10 14:06:45.381,0.78729,0.78734,1.00,1.00
2017.11.10 14:06:48.385,0.78729,0.78736,1.00,1.12
2017.11.10 14:06:48.959,0.78729,0.78735,1.00,1.50
2017.11.10 14:06:49.491,0.78729,0.78734,1.00,1.00
2017.11.10 14:06:50.192,0.78729,0.78735,1.00,3.19
2017.11.10 14:06:54.527,0.78729,0.78733,1.00,1.00
2017.11.10 14:06:57.129,0.78727,0.78733,1.00,1.00
2017.11.10 14:06:59.611,0.78727,0.78735,1.69,1.50
2017.11.10 14:06:59.662,0.78729,0.78736,1.00,2.25
2017.11.10 14:06:59.967,0.78733,0.7874,1.00,1.00
2017.11.10 14:07:02.716,0.78733,0.78741,1.00,1.00
2017.11.10 14:07:13.909,0.78735,0.78741,1.00,1.00
2017.11.10 14:07:18.909,0.78735,0.7874,1.00,1.00
2017.11.10 14:07:19.215,0.78737,0.78743,1.00,1.25
2017.11.10 14:07:20.812,0.78737,0.78744,1.00,1.88
2017.11.10 14:07:21.346,0.78737,0.78743,1.00,1.00
2017.11.10 14:07:21.879,0.78737,0.78744,1.00,1.88
2017.11.10 14:07:30.670,0.78739,0.78745,1.00,1.87
2017.11.10 14:07:37.107,0.78739,0.78744,1.00,1.00
2017.11.10 14:07:38.107,0.78739,0.78746,1.00,3.00
2017.11.10 14:07:38.611,0.78739,0.78745,1.00,1.00
2017.11.10 14:07:40.145,0.78739,0.78744,1.00,1.00
2017.11.10 14:07:42.756,0.78737,0.78744,1.00,1.00
2017.11.10 14:07:42.985,0.7874,0.78746,1.00,1.12
2017.11.10 14:07:43.188,0.78743,0.78752,1.00,1.87
2017.11.10 14:07:43.390,0.78745,0.78753,1.00,3.00
2017.11.10 14:07:43.964,0.78745,0.78752,1.00,1.00
2017.11.10 14:07:47.140,0.78745,0.78751,1.00,1.00
2017.11.10 14:07:47.242,0.78743,0.7875,1.00,1.00
2017.11.10 14:07:47.798,0.78744,0.78753,1.00,3.37
2017.11.10 14:07:49.896,0.78745,0.78753,1.00,2.62
2017.11.10 14:07:52.037,0.78745,0.7875,1.00,1.00
2017.11.10 14:07:52.412,0.78743,0.78749,1.69,1.00
2017.11.10 14:07:52.564,0.78743,0.78752,1.69,1.00
2017.11.10 14:07:53.115,0.78743,0.78751,1.50,1.00
2017.11.10 14:07:53.410,0.78745,0.78751,1.00,1.00
2017.11.10 14:08:01.363,0.78745,0.78749,1.00,1.00
2017.11.10 14:08:01.414,0.78743,0.78749,1.00,1.00
2017.11.10 14:08:01.465,0.78743,0.78747,1.00,1.00
2017.11.10 14:08:02.570,0.78743,0.7875,1.00,2.25
2017.11.10 14:08:02.621,0.78745,0.78752,1.00,2.44
2017.11.10 14:08:02.860,0.78745,0.7875,1.00,1.00
2017.11.10 14:08:03.366,0.78745,0.78752,1.00,3.19
2017.11.10 14:08:03.468,0.78745,0.7875,1.00,1.00
2017.11.10 14:08:03.519,0.78745,0.78752,1.00,3.19
2017.11.10 14:08:05.704,0.78745,0.78754,1.00,2.81
2017.11.10 14:08:05.806,0.78747,0.78754,1.00,1.00
2017.11.10 14:08:05.857,0.78747,0.78756,1.50,2.25
2017.11.10 14:08:06.009,0.78747,0.78754,1.00,1.00
2017.11.10 14:08:06.568,0.78747,0.78755,1.00,1.00
2017.11.10 14:08:06.902,0.78749,0.78756,1.00,2.81
2017.11.10 14:08:07.712,0.78749,0.78754,1.00,1.00
2017.11.10 14:08:08.636,0.78749,0.78755,1.00,1.00
2017.11.10 14:08:10.078,0.78749,0.78754,1.00,1.00
2017.11.10 14:08:10.648,0.78749,0.78755,1.00,1.00
2017.11.10 14:08:11.600,0.78749,0.78756,1.00,2.25
2017.11.10 14:08:11.929,0.78749,0.78754,1.00,1.00
2017.11.10 14:08:11.980,0.78749,0.78756,1.00,1.31
2017.11.10 14:08:12.499,0.78749,0.78755,1.00,1.00
2017.11.10 14:08:15.039,0.78749,0.78756,1.00,2.06
2017.11.10 14:08:16.169,0.78747,0.78752,1.00,1.00
2017.11.10 14:08:16.473,0.78745,0.7875,1.00,1.00
2017.11.10 14:08:22.637,0.78743,0.78749,1.00,1.25
2017.11.10 14:08:22.879,0.78745,0.78753,1.00,3.19
2017.11.10 14:08:23.082,0.78747,0.78754,1.00,1.00
2017.11.10 14:08:23.386,0.7875,0.78756,1.00,1.00
2017.11.10 14:08:23.951,0.7875,0.78755,1.00,1.00
2017.11.10 14:08:24.673,0.7875,0.78756,1.00,1.13
2017.11.10 14:08:24.877,0.7875,0.78758,1.00,2.25
2017.11.10 14:08:24.928,0.7875,0.78757,1.00,1.44
2017.11.10 14:08:25.435,0.7875,0.78757,1.00,1.13
2017.11.10 14:08:25.975,0.7875,0.78758,1.00,1.87
2017.11.10 14:08:26.484,0.7875,0.78757,1.00,1.13
2017.11.10 14:08:26.826,0.7875,0.78755,1.00,1.00
2017.11.10 14:08:26.927,0.78748,0.78755,1.00,2.25
2017.11.10 14:08:27.450,0.78748,0.78754,1.00,1.25
2017.11.10 14:08:27.983,0.78748,0.78756,1.00,1.25
2017.11.10 14:08:28.489,0.78748,0.78755,1.00,1.25
2017.11.10 14:08:28.993,0.78748,0.78756,1.00,1.00
2017.11.10 14:08:29.689,0.78748,0.78755,1.00,1.00
2017.11.10 14:08:30.462,0.78748,0.78756,1.00,1.50
2017.11.10 14:08:35.677,0.7875,0.78756,1.00,1.00
2017.11.10 14:08:36.032,0.7875,0.78758,1.00,3.00
2017.11.10 14:08:36.546,0.7875,0.78758,1.00,3.19
2017.11.10 14:08:37.048,0.7875,0.78758,1.00,2.44
2017.11.10 14:08:37.642,0.7875,0.78756,1.00,1.00
2017.11.10 14:08:37.744,0.7875,0.78758,1.00,2.44
2017.11.10 14:08:40.319,0.7875,0.78756,1.00,1.00
2017.11.10 14:08:40.522,0.7875,0.78758,1.00,1.69
2017.11.10 14:08:40.725,0.7875,0.78756,1.00,1.00
2017.11.10 14:08:41.253,0.7875,0.78757,1.00,1.00
2017.11.10 14:08:41.786,0.7875,0.78756,1.00,2.25
2017.11.10 14:08:42.650,0.7875,0.78755,1.00,1.00
2017.11.10 14:08:44.750,0.7875,0.78756,1.00,2.25
2017.11.10 14:08:49.850,0.7875,0.78757,1.00,2.25
2017.11.10 14:08:56.076,0.7875,0.78756,1.00,1.00
2017.11.10 14:08:56.380,0.7875,0.78754,1.00,1.00
2017.11.10 14:08:57.128,0.7875,0.78755,1.00,1.25
2017.11.10 14:08:57.919,0.78748,0.78755,1.00,1.69
2017.11.10 14:08:58.426,0.78748,0.78756,1.00,2.62
2017.11.10 14:09:01.236,0.78748,0.78755,1.00,1.00
2017.11.10 14:09:01.753,0.78748,0.78754,1.00,1.00
2017.11.10 14:09:04.443,0.78748,0.78753,1.00,1.00
2017.11.10 14:09:06.041,0.78746,0.78752,1.00,1.25
2017.11.10 14:09:06.447,0.78748,0.78753,1.00,1.00
2017.11.10 14:09:06.838,0.78748,0.78756,1.00,2.25
2017.11.10 14:09:07.323,0.7875,0.78756,1.00,1.00
2017.11.10 14:09:07.977,0.7875,0.78757,1.00,1.50
2017.11.10 14:09:08.569,0.7875,0.78756,1.00,1.00
2017.11.10 14:09:09.137,0.7875,0.78757,1.00,1.69
2017.11.10 14:09:09.441,0.78748,0.78753,1.00,1.50
2017.11.10 14:09:09.745,0.78745,0.78751,1.00,1.00
2017.11.10 14:09:09.908,0.78745,0.78753,1.00,3.00
2017.11.10 14:09:11.294,0.78745,0.78752,1.00,1.00
2017.11.10 14:09:11.451,0.78745,0.7875,1.00,1.00
2017.11.10 14:09:15.128,0.78746,0.78753,1.00,1.87
2017.11.10 14:09:15.709,0.78749,0.78755,1.00,1.50
2017.11.10 14:09:16.199,0.78746,0.78755,2.25,1.50
2017.11.10 14:09:16.709,0.78746,0.78754,1.50,1.00
2017.11.10 14:09:17.553,0.78748,0.78754,1.00,1.00
2017.11.10 14:09:18.486,0.78748,0.78755,1.00,1.69
2017.11.10 14:09:19.182,0.78748,0.78754,1.00,1.00
2017.11.10 14:09:19.804,0.78748,0.78756,1.50,1.50
2017.11.10 14:09:20.058,0.7875,0.78757,1.00,1.50
2017.11.10 14:09:25.961,0.7875,0.78758,1.00,2.25
2017.11.10 14:09:26.918,0.7875,0.78756,1.00,1.00
2017.11.10 14:09:27.021,0.78748,0.78755,1.00,2.44
2017.11.10 14:09:27.072,0.78748,0.78753,1.00,1.00
2017.11.10 14:09:28.248,0.78748,0.78755,1.00,1.50
2017.11.10 14:09:30.114,0.78748,0.78754,1.00,1.00
2017.11.10 14:09:30.564,0.78746,0.78753,1.00,1.50
2017.11.10 14:09:30.849,0.78744,0.78753,1.69,1.50
2017.11.10 14:09:31.460,0.78746,0.78753,1.00,1.00
2017.11.10 14:09:32.051,0.78745,0.78754,1.00,2.25
2017.11.10 14:09:32.567,0.78746,0.78754,1.00,2.25
2017.11.10 14:09:33.731,0.78745,0.78754,1.25,3.00
2017.11.10 14:09:34.142,0.78744,0.78752,2.25,1.25
2017.11.10 14:09:34.247,0.78741,0.7875,1.00,2.44
2017.11.10 14:09:34.400,0.78741,0.78748,1.50,1.00
2017.11.10 14:09:34.451,0.78741,0.7875,1.50,2.44
2017.11.10 14:09:34.721,0.7874,0.78748,1.87,1.00
2017.11.10 14:09:35.227,0.7874,0.78748,1.50,1.00
2017.11.10 14:09:35.750,0.78739,0.78747,1.69,1.00
2017.11.10 14:09:39.100,0.78741,0.78747,1.25,1.00
2017.11.10 14:09:39.202,0.78739,0.78748,1.69,1.00
2017.11.10 14:09:39.714,0.78739,0.78747,1.00,1.00
2017.11.10 14:09:40.122,0.7874,0.78749,1.25,2.25
2017.11.10 14:09:40.325,0.78739,0.78747,2.44,1.00
2017.11.10 14:09:40.849,0.78739,0.78746,1.50,1.00
2017.11.10 14:09:41.400,0.78738,0.78746,1.00,1.50
2017.11.10 14:09:42.616,0.78739,0.78746,1.00,1.00
2017.11.10 14:09:43.778,0.78738,0.78746,1.00,1.50
2017.11.10 14:09:44.124,0.78738,0.78744,1.00,1.00
2017.11.10 14:09:44.226,0.78739,0.78746,1.00,1.00
2017.11.10 14:09:45.040,0.78738,0.78746,1.50,1.00
2017.11.10 14:09:45.758,0.78738,0.78745,1.00,1.00
2017.11.10 14:09:45.861,0.78736,0.78745,2.25,1.88
2017.11.10 14:09:45.963,0.78738,0.78747,1.25,3.37
2017.11.10 14:09:46.207,0.7874,0.78749,1.00,3.19
2017.11.10 14:09:46.511,0.78743,0.7875,1.00,1.00
2017.11.10 14:09:46.714,0.78743,0.78752,1.50,1.50
2017.11.10 14:09:47.264,0.78744,0.78752,1.25,1.00
2017.11.10 14:09:47.869,0.78743,0.78752,1.69,1.00
2017.11.10 14:09:47.971,0.78743,0.7875,1.69,1.00
2017.11.10 14:09:48.997,0.78745,0.78752,1.00,1.12
2017.11.10 14:09:50.699,0.78744,0.78752,1.25,1.00
2017.11.10 14:09:55.088,0.78744,0.78754,1.69,3.56
2017.11.10 14:09:55.715,0.78744,0.78753,1.69,1.00
2017.11.10 14:09:59.238,0.78744,0.78754,1.69,3.38
2017.11.10 14:10:00.705,0.78745,0.78754,1.00,3.56
2017.11.10 14:10:01.395,0.78746,0.78754,1.00,1.50
2017.11.10 14:10:01.925,0.78747,0.78754,1.50,1.00
2017.11.10 14:10:02.432,0.78748,0.78755,1.00,1.00
2017.11.10 14:10:03.167,0.78748,0.78756,1.00,1.00
2017.11.10 14:10:05.798,0.78749,0.78756,1.00,1.00
2017.11.10 14:10:06.446,0.78747,0.78755,2.63,1.00
2017.11.10 14:10:06.988,0.78747,0.78755,1.00,1.50
2017.11.10 14:10:07.801,0.78745,0.78753,1.50,1.25
2017.11.10 14:10:08.358,0.78745,0.78754,1.50,1.69
2017.11.10 14:10:08.895,0.78745,0.78753,1.00,1.00
2017.11.10 14:10:09.214,0.78747,0.78755,1.13,1.00
2017.11.10 14:10:09.265,0.78747,0.78757,1.88,2.44
2017.11.10 14:10:09.367,0.78749,0.78757,1.00,2.25
2017.11.10 14:10:09.873,0.78748,0.78757,1.25,1.50
2017.11.10 14:10:10.408,0.78749,0.78757,1.00,1.00
2017.11.10 14:10:10.943,0.78749,0.78758,1.50,1.87
2017.11.10 14:10:13.360,0.7875,0.78758,1.00,1.69
2017.11.10 14:10:23.938,0.78749,0.78758,1.69,1.00
2017.11.10 14:10:29.219,0.78749,0.78757,1.00,1.00
2017.11.10 14:10:29.891,0.7875,0.78759,1.00,3.19
2017.11.10 14:10:29.994,0.78749,0.78757,1.50,1.00
2017.11.10 14:10:30.501,0.78749,0.78758,2.25,1.00
2017.11.10 14:10:31.014,0.78749,0.78756,1.00,1.00
2017.11.10 14:10:31.219,0.78749,0.78758,2.81,1.00
2017.11.10 14:10:31.477,0.78752,0.78759,1.00,1.00
2017.11.10 14:10:32.002,0.78751,0.7876,1.69,1.00
2017.11.10 14:10:32.973,0.78752,0.7876,1.00,1.00
2017.11.10 14:10:33.652,0.78751,0.7876,1.69,1.00
2017.11.10 14:10:34.465,0.78751,0.78759,1.00,1.00
2017.11.10 14:10:34.709,0.78744,0.78753,1.87,1.50
2017.11.10 14:10:35.117,0.78744,0.78751,1.00,1.00
2017.11.10 14:10:36.736,0.78745,0.78753,1.00,1.00
2017.11.10 14:10:36.927,0.78744,0.78751,1.00,1.00
2017.11.10 14:10:36.978,0.78742,0.78751,1.69,1.00
2017.11.10 14:10:37.232,0.78744,0.78752,1.00,2.25
2017.11.10 14:10:38.099,0.78743,0.78752,1.25,2.25
2017.11.10 14:10:38.605,0.78742,0.78751,1.50,1.50
2017.11.10 14:10:39.045,0.78744,0.78752,1.00,1.00
2017.11.10 14:10:39.601,0.78744,0.78753,1.00,2.44
2017.11.10 14:10:41.150,0.78744,0.78752,1.00,1.00
2017.11.10 14:10:41.659,0.78744,0.78753,1.50,1.69
2017.11.10 14:10:42.194,0.78744,0.78752,1.00,1.00
2017.11.10 14:10:45.355,0.78745,0.78752,1.25,1.00
2017.11.10 14:10:45.926,0.78745,0.78753,1.00,1.50
2017.11.10 14:10:50.721,0.78746,0.78753,1.00,1.00
2017.11.10 14:10:51.237,0.78745,0.78753,1.69,1.00
2017.11.10 14:10:51.470,0.78746,0.78755,2.62,2.25
2017.11.10 14:10:51.664,0.78746,0.78753,1.00,1.50
2017.11.10 14:10:51.715,0.78744,0.78753,2.44,1.00
2017.11.10 14:10:52.222,0.78745,0.78754,1.25,3.94
2017.11.10 14:10:52.866,0.78744,0.78754,2.63,3.94
2017.11.10 14:10:53.285,0.78744,0.78752,1.69,1.00
2017.11.10 14:10:54.100,0.78744,0.78753,1.50,2.81
2017.11.10 14:10:55.515,0.78744,0.78752,1.50,1.00
2017.11.10 14:10:56.059,0.78745,0.78753,1.00,1.87
2017.11.10 14:11:01.695,0.78746,0.78753,1.00,1.00
2017.11.10 14:11:02.782,0.78746,0.78752,1.00,1.00
2017.11.10 14:11:03.344,0.78745,0.78752,1.25,1.00
2017.11.10 14:11:03.983,0.78746,0.78752,1.00,1.00
2017.11.10 14:11:04.136,0.78748,0.78756,1.00,1.25
2017.11.10 14:11:04.698,0.78747,0.78755,1.00,1.44
2017.11.10 14:11:04.888,0.78744,0.78752,1.69,1.00
2017.11.10 14:11:04.939,0.78743,0.7875,1.25,1.00
2017.11.10 14:11:05.798,0.78745,0.7875,1.00,1.00
2017.11.10 14:11:05.849,0.78745,0.78752,1.50,1.87
2017.11.10 14:11:05.900,0.78747,0.78752,1.00,1.00
2017.11.10 14:11:05.952,0.78745,0.78753,1.50,1.00
2017.11.10 14:11:06.124,0.78743,0.78752,2.44,1.50
2017.11.10 14:11:06.630,0.78744,0.78752,1.00,1.00
2017.11.10 14:11:06.732,0.78742,0.7875,1.12,1.00
2017.11.10 14:11:07.072,0.78744,0.78752,1.00,1.00
2017.11.10 14:11:08.070,0.78745,0.78752,1.00,1.00
2017.11.10 14:11:08.278,0.78746,0.78755,1.00,3.37
2017.11.10 14:11:09.678,0.78743,0.7875,1.50,1.00
2017.11.10 14:11:09.982,0.78741,0.78748,1.69,1.00
2017.11.10 14:11:10.534,0.78742,0.78748,1.00,1.00
2017.11.10 14:11:11.038,0.78741,0.78749,1.00,1.25
2017.11.10 14:11:11.140,0.78739,0.78748,2.44,1.50
2017.11.10 14:11:11.661,0.78739,0.78747,1.50,1.69
2017.11.10 14:11:11.914,0.78737,0.78744,1.50,1.00
2017.11.10 14:11:12.015,0.78737,0.78746,1.50,1.50
2017.11.10 14:11:12.693,0.78737,0.78744,1.50,1.00
2017.11.10 14:11:12.795,0.78737,0.78746,1.50,1.50
2017.11.10 14:11:13.160,0.78735,0.78743,1.00,1.00
2017.11.10 14:11:13.471,0.78741,0.78747,1.13,1.75
2017.11.10 14:11:13.523,0.78741,0.78748,1.13,1.00
2017.11.10 14:11:13.675,0.78741,0.7875,2.63,1.00
2017.11.10 14:11:13.878,0.78743,0.78751,1.00,1.00
2017.11.10 14:11:14.939,0.78742,0.78751,1.69,1.50
2017.11.10 14:11:15.251,0.78744,0.78751,1.00,1.50
2017.11.10 14:11:18.393,0.78743,0.78751,1.50,1.00
2017.11.10 14:11:18.909,0.78742,0.78751,1.25,2.25
2017.11.10 14:11:19.323,0.78744,0.78751,1.00,1.00
2017.11.10 14:11:20.045,0.78743,0.78751,1.25,1.00
2017.11.10 14:11:21.234,0.78742,0.78751,1.25,2.25
2017.11.10 14:11:22.691,0.78741,0.7875,2.44,1.00
2017.11.10 14:11:23.001,0.78743,0.78749,1.00,1.31
2017.11.10 14:11:23.103,0.78744,0.78752,1.00,1.00
2017.11.10 14:11:23.508,0.78744,0.78749,1.00,1.00
2017.11.10 14:11:23.560,0.78741,0.78749,2.44,1.00
2017.11.10 14:11:23.862,0.7874,0.78749,1.00,2.44
2017.11.10 14:11:24.015,0.78739,0.78747,1.50,1.00
2017.11.10 14:11:24.066,0.7874,0.78749,1.00,2.25
2017.11.10 14:11:24.218,0.7874,0.78747,1.00,1.00
2017.11.10 14:11:24.371,0.78741,0.78749,1.00,2.25
2017.11.10 14:11:24.797,0.78741,0.78747,1.00,1.00
2017.11.10 14:11:25.003,0.78741,0.78749,1.00,2.25
2017.11.10 14:11:29.194,0.78742,0.78749,1.00,1.50
2017.11.10 14:11:29.804,0.78742,0.78751,1.00,3.00
2017.11.10 14:11:30.531,0.78744,0.78752,1.25,1.50
2017.11.10 14:11:30.834,0.78747,0.78755,1.00,1.00
2017.11.10 14:11:32.151,0.78747,0.78754,1.00,1.00
2017.11.10 14:11:32.802,0.78747,0.78755,1.00,1.00
2017.11.10 14:11:34.502,0.78748,0.78755,1.00,1.00
2017.11.10 14:11:36.218,0.78749,0.78756,1.25,1.00
2017.11.10 14:11:36.738,0.78748,0.78756,1.00,1.00
2017.11.10 14:11:39.086,0.78747,0.78756,1.69,1.50
2017.11.10 14:11:42.955,0.78747,0.78755,1.00,1.00
2017.11.10 14:11:44.435,0.78747,0.78756,1.50,1.69
2017.11.10 14:11:45.892,0.78748,0.78756,1.00,1.00
2017.11.10 14:11:46.428,0.78747,0.78754,1.69,1.00
2017.11.10 14:11:46.927,0.78749,0.78754,1.00,1.00
2017.11.10 14:11:47.099,0.78748,0.78757,1.50,2.81
2017.11.10 14:11:47.304,0.78747,0.78755,1.50,1.00
2017.11.10 14:11:47.848,0.78747,0.78754,1.00,1.00
2017.11.10 14:11:48.367,0.78746,0.78754,1.50,1.00
2017.11.10 14:11:50.062,0.78746,0.78755,1.50,2.44
2017.11.10 14:11:50.613,0.78746,0.78754,1.50,1.00
2017.11.10 14:11:51.019,0.78744,0.78753,2.62,1.50
2017.11.10 14:11:51.546,0.78745,0.78754,1.25,3.00
2017.11.10 14:11:54.200,0.78745,0.78753,1.00,1.00
2017.11.10 14:11:55.205,0.78745,0.78752,1.00,1.00
2017.11.10 14:11:55.712,0.78744,0.78752,1.00,1.00
2017.11.10 14:11:55.914,0.78746,0.78753,1.00,1.00
2017.11.10 14:11:56.446,0.78746,0.78754,1.00,2.25
2017.11.10 14:11:56.990,0.78747,0.78754,1.00,1.00
2017.11.10 14:11:57.496,0.78746,0.78755,1.50,2.44
2017.11.10 14:11:58.687,0.78747,0.78755,1.00,2.44
2017.11.10 14:12:01.612,0.78743,0.78751,1.50,1.00
2017.11.10 14:12:01.714,0.78741,0.78749,1.00,1.50
2017.11.10 14:12:01.816,0.78739,0.78748,2.62,1.12
2017.11.10 14:12:02.019,0.78739,0.78746,1.00,1.00
2017.11.10 14:12:02.541,0.78739,0.78747,1.50,1.00
2017.11.10 14:12:03.048,0.78739,0.78748,1.50,3.56
2017.11.10 14:12:05.997,0.7874,0.78748,1.00,1.87
2017.11.10 14:12:06.522,0.7874,0.78747,1.00,1.00
2017.11.10 14:12:07.037,0.7874,0.78748,1.00,1.87
2017.11.10 14:12:09.211,0.78739,0.78748,1.25,1.87
2017.11.10 14:12:10.922,0.7874,0.78748,1.00,1.87
2017.11.10 14:12:11.430,0.78739,0.78747,1.00,1.00
2017.11.10 14:12:12.070,0.78739,0.78748,1.50,2.62
2017.11.10 14:12:12.590,0.7874,0.78748,1.00,1.00
2017.11.10 14:12:13.308,0.7874,0.78749,1.50,2.63
2017.11.10 14:12:13.839,0.7874,0.78748,1.00,1.00
2017.11.10 14:12:14.508,0.7874,0.78749,1.50,2.44
2017.11.10 14:12:17.047,0.78741,0.78749,1.00,1.00
2017.11.10 14:12:19.193,0.7874,0.78749,1.69,2.25
2017.11.10 14:12:19.710,0.78741,0.78749,1.00,1.00
2017.11.10 14:12:20.483,0.7874,0.78749,1.50,2.25
2017.11.10 14:12:20.989,0.78741,0.7875,1.69,1.50
2017.11.10 14:12:23.298,0.78741,0.78749,1.00,1.00
2017.11.10 14:12:23.817,0.78741,0.78748,1.00,1.50
2017.11.10 14:12:25.550,0.78741,0.78749,1.00,1.69
2017.11.10 14:12:26.061,0.7874,0.78749,1.00,2.44
2017.11.10 14:12:27.294,0.78739,0.78749,2.44,3.19
2017.11.10 14:12:27.801,0.7874,0.78749,1.00,3.00
2017.11.10 14:12:28.509,0.78741,0.78749,1.00,1.50
2017.11.10 14:12:28.827,0.78739,0.78749,2.44,2.25
2017.11.10 14:12:29.334,0.78739,0.78748,2.44,1.00
2017.11.10 14:12:30.973,0.78739,0.78747,1.50,1.00
2017.11.10 14:12:31.557,0.78739,0.78746,1.00,1.50
2017.11.10 14:12:33.667,0.78737,0.78745,1.69,1.00
2017.11.10 14:12:34.316,0.78737,0.78746,1.50,2.44
2017.11.10 14:12:34.734,0.78736,0.78743,1.25,1.00
2017.11.10 14:12:34.786,0.78738,0.78746,1.25,1.00
2017.11.10 14:12:35.293,0.78737,0.78745,1.50,1.00
2017.11.10 14:12:39.147,0.78737,0.78746,2.25,1.25
2017.11.10 14:12:39.759,0.78738,0.78747,1.00,2.44
2017.11.10 14:12:40.530,0.78737,0.78746,2.25,1.00
2017.11.10 14:12:41.066,0.78737,0.78745,1.50,1.00
2017.11.10 14:12:44.621,0.78737,0.78744,1.00,1.50
2017.11.10 14:12:45.151,0.78735,0.78744,2.44,1.00
2017.11.10 14:12:45.677,0.78735,0.7874,1.00,1.00
2017.11.10 14:12:45.728,0.78735,0.78742,1.00,1.50
2017.11.10 14:12:46.259,0.78734,0.78742,1.00,1.50
2017.11.10 14:12:46.310,0.78733,0.7874,1.00,1.00
2017.11.10 14:12:46.614,0.78731,0.78738,1.00,1.00
2017.11.10 14:12:46.715,0.78732,0.7874,1.00,2.62
2017.11.10 14:12:47.815,0.78733,0.7874,1.00,1.00
2017.11.10 14:12:51.935,0.78733,0.78742,1.00,2.06
2017.11.10 14:12:52.490,0.78733,0.78742,1.00,1.69
2017.11.10 14:12:54.128,0.78733,0.78741,1.00,1.00
2017.11.10 14:12:54.279,0.78734,0.78743,1.00,3.19
2017.11.10 14:12:54.431,0.78734,0.78741,1.00,1.00
2017.11.10 14:12:54.534,0.78734,0.78743,1.00,3.19
2017.11.10 14:12:55.146,0.78734,0.78741,1.00,1.00
2017.11.10 14:12:55.737,0.78733,0.78741,1.00,1.50
2017.11.10 14:12:55.976,0.78733,0.78743,1.69,3.19
2017.11.10 14:12:56.953,0.78733,0.78741,1.69,1.00
2017.11.10 14:12:57.292,0.78735,0.78743,1.00,1.50
2017.11.10 14:12:59.263,0.78735,0.78744,1.69,1.50
2017.11.10 14:12:59.568,0.78737,0.78745,1.00,1.50
2017.11.10 14:13:02.667,0.78736,0.78745,1.25,1.50
2017.11.10 14:13:03.684,0.78735,0.78743,1.69,1.00
2017.11.10 14:13:03.939,0.78736,0.78745,1.50,1.50
2017.11.10 14:13:04.498,0.78736,0.78744,1.00,1.00
2017.11.10 14:13:05.590,0.78736,0.78745,1.00,4.31
2017.11.10 14:13:06.407,0.78736,0.78744,1.00,1.00
2017.11.10 14:13:06.911,0.78736,0.78745,1.00,3.56
2017.11.10 14:13:08.992,0.78737,0.78745,1.00,1.87
2017.11.10 14:13:09.552,0.78736,0.78745,1.25,2.62
2017.11.10 14:13:11.230,0.78736,0.78744,1.25,1.00
2017.11.10 14:13:14.948,0.78735,0.78744,1.69,1.50
2017.11.10 14:13:18.908,0.78736,0.78744,1.00,1.00
2017.11.10 14:13:19.920,0.78737,0.78745,1.00,2.25
2017.11.10 14:13:20.162,0.78735,0.78743,1.50,1.50
2017.11.10 14:13:20.669,0.78736,0.78744,1.00,1.50
2017.11.10 14:13:21.188,0.78735,0.78744,1.69,1.69
2017.11.10 14:13:23.141,0.78736,0.78744,1.00,1.00
2017.11.10 14:13:23.668,0.78735,0.78744,1.50,2.25
2017.11.10 14:13:24.214,0.78735,0.78743,1.50,1.00
2017.11.10 14:13:24.745,0.78735,0.78742,1.50,1.00
2017.11.10 14:13:25.304,0.78735,0.78741,1.00,1.00
2017.11.10 14:13:25.815,0.78735,0.78742,1.00,1.00
2017.11.10 14:13:34.237,0.78736,0.78742,1.00,1.00
2017.11.10 14:13:34.389,0.78737,0.78745,1.00,1.00
2017.11.10 14:13:34.490,0.78739,0.78747,1.25,3.37
2017.11.10 14:13:34.642,0.78741,0.7875,1.88,1.12
2017.11.10 14:13:34.896,0.78744,0.7875,1.00,1.00
2017.11.10 14:13:39.053,0.78744,0.78752,1.00,1.00
2017.11.10 14:13:39.696,0.78745,0.78752,1.00,1.00
2017.11.10 14:13:40.242,0.78744,0.78752,1.13,1.00
2017.11.10 14:13:40.768,0.78745,0.78752,1.00,1.00
2017.11.10 14:13:41.068,0.78744,0.7875,1.25,1.00
2017.11.10 14:13:41.170,0.78745,0.78752,1.00,1.00
2017.11.10 14:13:42.283,0.78748,0.78754,1.25,2.25
2017.11.10 14:13:42.830,0.78747,0.78754,1.50,1.00
2017.11.10 14:13:44.114,0.78747,0.78756,1.50,2.06
2017.11.10 14:13:47.612,0.78747,0.78755,1.00,1.00
2017.11.10 14:13:49.486,0.78747,0.78754,1.00,1.50
2017.11.10 14:14:00.743,0.78748,0.78756,1.00,1.50
2017.11.10 14:14:00.893,0.78752,0.78758,1.00,2.25
2017.11.10 14:14:00.995,0.78749,0.78757,1.00,2.44
2017.11.10 14:14:01.920,0.7875,0.78757,1.00,1.00
2017.11.10 14:14:02.474,0.78751,0.78758,1.00,1.00
2017.11.10 14:14:02.795,0.78749,0.78757,1.69,1.00
2017.11.10 14:14:03.005,0.78749,0.78755,1.00,1.00
2017.11.10 14:14:03.528,0.78748,0.78755,1.00,1.00
2017.11.10 14:14:04.359,0.78747,0.78755,1.69,1.00
2017.11.10 14:14:05.080,0.78748,0.78755,1.00,1.00
2017.11.10 14:14:05.900,0.78747,0.78755,1.00,1.50
2017.11.10 14:14:07.469,0.78747,0.78753,1.50,1.00
2017.11.10 14:14:07.571,0.78748,0.78755,1.00,1.00
2017.11.10 14:14:08.115,0.78747,0.78755,1.50,1.00
2017.11.10 14:14:14.694,0.78747,0.78757,2.44,3.19
2017.11.10 14:14:15.203,0.78748,0.78757,1.00,2.44
2017.11.10 14:14:18.259,0.78749,0.78757,1.00,1.50
2017.11.10 14:14:18.411,0.78747,0.78755,1.50,1.00
2017.11.10 14:14:18.961,0.78747,0.78756,1.50,3.19
2017.11.10 14:14:20.248,0.78747,0.78755,1.50,1.00
2017.11.10 14:14:20.674,0.78748,0.78758,2.25,3.00
2017.11.10 14:14:21.029,0.78748,0.78756,1.50,1.00
2017.11.10 14:14:23.195,0.78749,0.78756,1.00,1.00
2017.11.10 14:14:24.371,0.78748,0.78756,1.69,1.00
2017.11.10 14:14:25.431,0.78749,0.78756,1.00,1.00
2017.11.10 14:14:26.707,0.78749,0.78755,1.00,1.00
2017.11.10 14:14:26.910,0.78749,0.78757,1.00,1.50
2017.11.10 14:14:29.728,0.78748,0.78757,1.69,1.50
2017.11.10 14:14:32.180,0.78748,0.78756,1.00,1.25
2017.11.10 14:14:32.731,0.78748,0.78755,1.00,1.00
2017.11.10 14:14:35.086,0.78748,0.78756,1.00,1.87
2017.11.10 14:14:38.088,0.78748,0.78755,1.00,1.00
2017.11.10 14:14:38.853,0.78747,0.78754,1.00,1.00
2017.11.10 14:14:39.385,0.78746,0.78755,1.69,1.69
2017.11.10 14:14:41.108,0.78747,0.78756,1.50,1.87
2017.11.10 14:14:41.621,0.78748,0.78757,1.00,1.25
2017.11.10 14:14:41.874,0.78748,0.78755,1.00,1.00
2017.11.10 14:14:47.300,0.78749,0.78757,1.00,1.87
2017.11.10 14:14:47.855,0.78749,0.78758,1.00,2.44
2017.11.10 14:14:48.375,0.7875,0.78758,1.00,1.50
2017.11.10 14:14:48.499,0.7875,0.78756,1.00,1.00
2017.11.10 14:14:50.360,0.78749,0.78756,1.25,1.00
2017.11.10 14:14:55.092,0.78749,0.78758,1.00,3.75
2017.11.10 14:14:55.183,0.78749,0.78756,1.00,1.00
2017.11.10 14:14:55.539,0.78749,0.78758,1.25,3.75
2017.11.10 14:14:55.641,0.78748,0.78756,1.50,1.00
2017.11.10 14:14:55.798,0.78749,0.78758,1.13,1.00
2017.11.10 14:14:56.308,0.7875,0.78758,1.00,1.00
2017.11.10 14:14:58.051,0.7875,0.78759,1.00,1.88
2017.11.10 14:14:58.272,0.78751,0.78757,1.00,1.50
2017.11.10 14:14:58.802,0.7875,0.78757,1.00,1.00
2017.11.10 14:14:59.907,0.7875,0.78755,1.00,1.00
2017.11.10 14:15:00.158,0.7875,0.78757,1.00,1.00
2017.11.10 14:15:02.971,0.7875,0.78758,1.50,1.00
2017.11.10 14:15:05.580,0.7875,0.78756,1.50,1.00
2017.11.10 14:15:07.531,0.78748,0.78756,1.69,1.00
2017.11.10 14:15:08.048,0.78749,0.78758,1.25,3.00
2017.11.10 14:15:08.554,0.7875,0.78756,1.00,1.00
2017.11.10 14:15:09.260,0.7875,0.78758,1.00,1.50
2017.11.10 14:15:09.846,0.7875,0.78757,1.00,1.00
2017.11.10 14:15:11.440,0.78748,0.78755,1.69,1.00
2017.11.10 14:15:11.592,0.78748,0.78757,1.69,1.50
2017.11.10 14:15:11.643,0.78748,0.78755,1.69,1.00
2017.11.10 14:15:11.846,0.78748,0.78757,1.69,1.50
2017.11.10 14:15:13.996,0.78748,0.78755,1.69,1.00
2017.11.10 14:15:14.419,0.78748,0.78757,1.69,1.50
2017.11.10 14:15:14.800,0.78748,0.78755,1.69,1.00
2017.11.10 14:15:14.851,0.78749,0.78757,1.25,1.00
2017.11.10 14:15:15.072,0.78748,0.78755,1.50,1.00
2017.11.10 14:15:15.578,0.78749,0.78758,1.25,2.62
2017.11.10 14:15:15.730,0.78749,0.78756,1.25,1.00
2017.11.10 14:15:16.307,0.7875,0.78756,1.00,1.00
2017.11.10 14:15:16.358,0.78748,0.78756,1.87,1.00
2017.11.10 14:15:17.178,0.78749,0.78756,1.00,1.00
2017.11.10 14:15:17.500,0.78749,0.78758,1.25,2.62
2017.11.10 14:15:18.050,0.78748,0.78756,1.69,1.00
2017.11.10 14:15:18.631,0.78748,0.78757,2.44,1.00
2017.11.10 14:15:18.936,0.78748,0.78755,1.50,1.00
2017.11.10 14:15:19.791,0.78749,0.78755,1.00,1.87
2017.11.10 14:15:20.303,0.7875,0.78755,1.00,1.00
2017.11.10 14:15:20.483,0.7875,0.78757,1.00,1.50
2017.11.10 14:15:21.519,0.78751,0.78757,1.00,1.00
2017.11.10 14:15:22.184,0.7875,0.78757,1.25,1.00
2017.11.10 14:15:24.538,0.78749,0.78757,1.25,1.00
2017.11.10 14:15:25.403,0.78748,0.78757,1.69,1.50
2017.11.10 14:15:25.915,0.78749,0.78757,1.00,1.00
2017.11.10 14:15:26.462,0.78748,0.78757,1.69,2.25
2017.11.10 14:15:26.980,0.78749,0.78757,1.00,1.50
2017.11.10 14:15:27.577,0.78748,0.78755,1.87,1.00
2017.11.10 14:15:28.050,0.7875,0.78757,1.25,1.00
2017.11.10 14:15:28.303,0.7875,0.78759,1.69,1.50
2017.11.10 14:15:29.612,0.78751,0.78759,1.00,1.00
2017.11.10 14:15:30.247,0.78751,0.7876,1.69,1.50
2017.11.10 14:15:30.786,0.78752,0.7876,1.00,1.00
2017.11.10 14:15:32.948,0.7875,0.78759,1.69,1.00
2017.11.10 14:15:33.252,0.78753,0.7876,1.00,2.25
2017.11.10 14:15:33.764,0.78752,0.7876,1.00,1.00
2017.11.10 14:15:35.040,0.78752,0.78761,1.00,2.81
2017.11.10 14:15:37.734,0.78753,0.78761,1.00,1.12
2017.11.10 14:15:38.822,0.78752,0.7876,1.00,1.00
2017.11.10 14:15:39.526,0.78752,0.78761,1.50,1.87
2017.11.10 14:15:40.656,0.78753,0.78761,1.00,1.12
2017.11.10 14:15:41.214,0.78752,0.78761,1.69,1.87
2017.11.10 14:15:41.748,0.78753,0.78761,1.00,1.12
2017.11.10 14:15:43.631,0.78752,0.78761,1.69,1.12
2017.11.10 14:15:44.051,0.78752,0.78759,1.00,1.00
2017.11.10 14:15:45.333,0.78751,0.78759,1.00,1.00
2017.11.10 14:15:46.224,0.78751,0.78757,1.50,1.00
2017.11.10 14:15:47.077,0.78748,0.78753,1.00,1.00
2017.11.10 14:15:47.178,0.78745,0.78751,1.50,1.00
2017.11.10 14:15:47.229,0.78743,0.78747,1.00,1.00
2017.11.10 14:15:47.281,0.7874,0.78747,1.00,1.00
2017.11.10 14:15:47.434,0.78738,0.78745,1.50,1.00
2017.11.10 14:15:47.876,0.78736,0.78745,1.69,1.69
2017.11.10 14:15:48.930,0.78738,0.78746,1.50,1.00
2017.11.10 14:15:57.220,0.78738,0.78745,1.00,1.00
2017.11.10 14:15:57.372,0.78733,0.78741,1.69,1.00
2017.11.10 14:15:57.525,0.78733,0.78743,1.69,5.06
2017.11.10 14:15:58.465,0.78733,0.78742,1.50,1.25
2017.11.10 14:15:58.516,0.78733,0.7874,1.00,1.00
2017.11.10 14:15:58.618,0.78731,0.7874,2.48,1.00
2017.11.10 14:15:59.928,0.78732,0.7874,1.00,1.00
2017.11.10 14:16:00.800,0.78732,0.78741,1.25,3.75
2017.11.10 14:16:04.183,0.78734,0.78741,1.69,1.00
2017.11.10 14:16:04.234,0.78734,0.78743,1.69,2.25
2017.11.10 14:16:07.847,0.78733,0.7874,1.50,1.00
2017.11.10 14:16:08.100,0.78731,0.7874,1.88,1.50
2017.11.10 14:16:08.570,0.78731,0.78738,1.88,1.00
2017.11.10 14:16:09.841,0.78731,0.78737,1.00,1.00
2017.11.10 14:16:09.943,0.78729,0.78736,1.00,1.00
2017.11.10 14:16:10.920,0.78727,0.78736,1.13,3.19
2017.11.10 14:16:11.714,0.78727,0.78735,1.13,1.00
2017.11.10 14:16:12.230,0.78727,0.78734,1.00,1.50
2017.11.10 14:16:14.545,0.7873,0.78737,1.25,2.62
2017.11.10 14:16:15.849,0.78729,0.78737,1.25,1.00
2017.11.10 14:16:20.008,0.7873,0.78739,1.00,3.75
2017.11.10 14:16:22.300,0.78731,0.78739,1.00,1.50
2017.11.10 14:16:24.649,0.78732,0.78739,1.25,1.00
2017.11.10 14:16:27.133,0.78732,0.78739,1.44,1.00
2017.11.10 14:16:27.650,0.78732,0.78739,1.13,1.00
2017.11.10 14:16:30.507,0.78735,0.78739,1.00,1.00
2017.11.10 14:16:30.558,0.78735,0.78741,1.00,1.50
2017.11.10 14:16:31.022,0.78734,0.78743,1.50,2.63
2017.11.10 14:16:31.572,0.78734,0.78742,1.00,1.00
2017.11.10 14:16:32.073,0.78734,0.78741,1.00,1.50
2017.11.10 14:16:39.483,0.78732,0.78741,1.69,3.00
2017.11.10 14:16:41.021,0.78733,0.78741,1.00,2.25
2017.11.10 14:16:41.224,0.78735,0.78742,1.00,1.00
2017.11.10 14:16:42.649,0.78733,0.78742,1.35,1.50
2017.11.10 14:16:43.195,0.78733,0.78741,1.54,1.00
2017.11.10 14:16:45.908,0.78732,0.7874,1.50,1.00
2017.11.10 14:16:46.420,0.78731,0.78739,1.50,1.00
2017.11.10 14:16:48.225,0.7873,0.78738,1.50,1.00
2017.11.10 14:16:52.204,0.7873,0.78737,1.00,1.00
2017.11.10 14:16:52.737,0.7873,0.78738,1.00,1.50
2017.11.10 14:16:59.977,0.78729,0.78738,3.79,1.50
2017.11.10 14:17:03.514,0.78731,0.78738,1.25,1.00
2017.11.10 14:17:26.125,0.78732,0.7874,1.00,1.50
2017.11.10 14:17:26.654,0.78732,0.78739,1.00,1.00
2017.11.10 14:17:27.289,0.78732,0.7874,1.00,1.69
2017.11.10 14:17:27.835,0.78731,0.7874,1.00,3.19
2017.11.10 14:17:28.383,0.78732,0.7874,1.00,2.25
2017.11.10 14:17:30.088,0.78731,0.7874,1.25,2.25
2017.11.10 14:17:30.619,0.78733,0.7874,1.00,1.00
2017.11.10 14:17:31.194,0.78734,0.7874,1.00,1.00
2017.11.10 14:17:31.864,0.78735,0.7874,1.00,1.00
2017.11.10 14:17:33.887,0.78735,0.78742,1.00,1.00
2017.11.10 14:17:35.819,0.78736,0.78742,1.00,1.00
2017.11.10 14:17:35.973,0.78737,0.78744,1.00,1.12
2017.11.10 14:17:36.317,0.78733,0.78742,1.75,3.19
2017.11.10 14:17:36.823,0.78734,0.78742,1.00,1.00
2017.11.10 14:17:37.827,0.78735,0.78742,1.00,1.00
2017.11.10 14:17:38.355,0.78734,0.78742,1.00,1.00
2017.11.10 14:17:38.824,0.78736,0.78742,1.00,1.00
2017.11.10 14:17:39.353,0.78735,0.78742,1.00,1.00
2017.11.10 14:17:39.872,0.78736,0.78742,1.00,1.00
2017.11.10 14:17:40.509,0.78737,0.78744,1.00,1.50
2017.11.10 14:17:41.015,0.78738,0.78745,1.50,1.00
2017.11.10 14:17:45.138,0.78739,0.78745,1.00,1.00
2017.11.10 14:17:45.700,0.78738,0.78745,1.69,1.00
2017.11.10 14:17:46.277,0.78737,0.78745,1.12,1.00
2017.11.10 14:17:48.130,0.78739,0.78745,1.00,1.00
2017.11.10 14:17:48.651,0.78738,0.78745,1.50,1.00
2017.11.10 14:17:49.153,0.78739,0.78745,1.25,1.00
2017.11.10 14:17:49.910,0.78738,0.78745,2.44,1.00
2017.11.10 14:17:51.602,0.78736,0.78744,2.25,1.25
2017.11.10 14:17:52.020,0.78735,0.78741,1.00,1.00
2017.11.10 14:17:52.548,0.78736,0.78741,1.00,1.00
2017.11.10 14:17:56.806,0.78737,0.78741,1.00,1.00
2017.11.10 14:17:56.958,0.78738,0.78743,1.69,1.00
2017.11.10 14:17:58.421,0.78739,0.78743,1.25,1.00
2017.11.10 14:17:58.472,0.78741,0.78745,1.25,1.00
2017.11.10 14:17:58.524,0.78742,0.78747,1.00,1.00
2017.11.10 14:17:58.927,0.7874,0.78745,1.00,1.00
2017.11.10 14:17:58.978,0.78737,0.78745,1.50,1.00
2017.11.10 14:17:59.029,0.78736,0.78744,1.00,1.50
2017.11.10 14:17:59.200,0.78734,0.78743,1.50,2.62
2017.11.10 14:17:59.251,0.78732,0.78741,1.87,1.00
2017.11.10 14:17:59.794,0.78732,0.78739,1.25,1.00
2017.11.10 14:18:00.575,0.78733,0.78739,1.00,1.00
2017.11.10 14:18:01.082,0.78735,0.7874,1.00,1.00
2017.11.10 14:18:01.300,0.78733,0.7874,1.69,1.00
2017.11.10 14:18:01.861,0.78734,0.7874,1.00,1.00
2017.11.10 14:18:02.428,0.78735,0.7874,1.00,1.00
2017.11.10 14:18:03.249,0.78736,0.7874,1.00,1.00
2017.11.10 14:18:04.222,0.78735,0.7874,1.00,1.00
2017.11.10 14:18:04.748,0.78734,0.7874,1.50,1.00
2017.11.10 14:18:05.366,0.78735,0.7874,1.00,1.00
2017.11.10 14:18:09.422,0.78734,0.7874,1.25,1.00
2017.11.10 14:18:11.222,0.78733,0.7874,1.69,1.00
2017.11.10 14:18:11.901,0.78734,0.7874,1.00,1.00
2017.11.10 14:18:14.839,0.78733,0.7874,1.69,1.00
2017.11.10 14:18:16.566,0.78734,0.7874,1.00,1.00
2017.11.10 14:18:16.718,0.78736,0.7874,1.25,1.00
2017.11.10 14:18:18.388,0.78741,0.78745,1.00,1.87
2017.11.10 14:18:18.440,0.78739,0.78743,1.00,1.00
2017.11.10 14:18:20.995,0.78737,0.78743,1.87,1.00
2017.11.10 14:18:24.444,0.78739,0.78743,1.00,1.00
2017.11.10 14:18:25.686,0.78737,0.78743,1.87,1.00
2017.11.10 14:18:26.229,0.78736,0.78743,1.00,1.00
2017.11.10 14:18:27.787,0.78738,0.78743,1.00,1.00
2017.11.10 14:18:29.366,0.78738,0.78745,1.00,1.00
2017.11.10 14:18:29.418,0.78742,0.78746,1.00,1.00
2017.11.10 14:18:30.791,0.78742,0.78746,1.00,1.00
2017.11.10 14:18:40.559,0.78739,0.78746,1.50,1.50
2017.11.10 14:18:49.208,0.78739,0.78746,1.00,1.00
2017.11.10 14:18:59.438,0.7874,0.78746,1.00,1.00
2017.11.10 14:18:59.539,0.78738,0.78746,3.37,1.00
2017.11.10 14:19:00.265,0.78737,0.78746,1.50,2.06
2017.11.10 14:19:00.316,0.78737,0.78743,1.00,1.00
2017.11.10 14:19:00.977,0.78735,0.78741,1.69,1.00
2017.11.10 14:19:11.149,0.78737,0.78741,1.00,1.00
2017.11.10 14:19:12.290,0.78739,0.78743,1.00,1.00
2017.11.10 14:19:16.434,0.78737,0.78741,1.00,1.00
2017.11.10 14:19:18.821,0.78738,0.78742,1.00,1.00
2017.11.10 14:19:18.872,0.7874,0.78744,1.00,1.00
2017.11.10 14:19:19.135,0.78738,0.78744,1.00,1.00
2017.11.10 14:19:21.113,0.7874,0.78744,1.00,1.00
2017.11.10 14:19:21.524,0.78738,0.78744,1.00,1.00
2017.11.10 14:19:21.893,0.78736,0.78744,2.81,1.00
2017.11.10 14:19:22.619,0.78736,0.78742,1.12,1.00
2017.11.10 14:19:23.542,0.78735,0.78742,1.00,1.00
2017.11.10 14:19:24.049,0.78736,0.78742,1.00,1.00
2017.11.10 14:19:24.587,0.78735,0.78742,1.00,1.00
2017.11.10 14:19:25.249,0.78734,0.78742,1.25,1.00
2017.11.10 14:19:25.587,0.78734,0.7874,1.25,1.00
2017.11.10 14:19:28.922,0.78733,0.7874,1.50,1.00
2017.11.10 14:19:29.377,0.7873,0.78737,1.69,1.00
2017.11.10 14:19:34.839,0.78731,0.78737,1.00,1.00
2017.11.10 14:19:35.145,0.78733,0.78737,1.50,1.00
2017.11.10 14:19:35.196,0.78733,0.78739,1.50,1.00
2017.11.10 14:19:40.891,0.78734,0.78739,1.00,1.00
2017.11.10 14:19:45.690,0.78735,0.78739,1.00,1.00
2017.11.10 14:19:46.257,0.78734,0.78739,1.00,1.00
2017.11.10 14:19:48.718,0.78734,0.78741,1.25,1.00
2017.11.10 14:19:49.257,0.78736,0.78741,1.00,1.00
2017.11.10 14:19:49.877,0.78735,0.78741,1.12,1.00
2017.11.10 14:19:50.473,0.78734,0.78741,1.00,1.00
2017.11.10 14:19:51.058,0.78733,0.78741,2.44,1.00
2017.11.10 14:19:51.697,0.78733,0.78739,1.00,1.00
2017.11.10 14:19:57.567,0.78731,0.78739,1.12,1.50
2017.11.10 14:19:57.669,0.78731,0.78737,1.12,1.00
2017.11.10 14:20:01.936,0.78732,0.78737,1.00,1.00
2017.11.10 14:20:02.522,0.78733,0.78737,1.00,1.00
2017.11.10 14:20:03.668,0.7873,0.78737,1.69,1.00
2017.11.10 14:20:04.182,0.78729,0.78737,2.81,1.00
2017.11.10 14:20:09.810,0.78727,0.78735,1.69,1.00
2017.11.10 14:20:10.315,0.78728,0.78735,1.00,1.00
2017.11.10 14:20:16.302,0.78727,0.78735,1.69,1.00
2017.11.10 14:20:19.234,0.78728,0.78735,1.00,1.00
2017.11.10 14:20:19.538,0.78731,0.78737,1.25,1.00
2017.11.10 14:20:20.232,0.7873,0.78737,1.25,1.00
2017.11.10 14:20:20.587,0.78728,0.78735,1.00,1.00
2017.11.10 14:20:27.237,0.78729,0.78735,1.50,1.00
2017.11.10 14:20:27.550,0.78735,0.78741,1.00,1.00
2017.11.10 14:20:30.501,0.78734,0.78741,1.69,1.00
2017.11.10 14:20:32.455,0.78735,0.78741,1.00,1.00
2017.11.10 14:20:34.109,0.78734,0.78741,2.44,1.00
2017.11.10 14:20:34.654,0.78733,0.78741,2.81,1.00
2017.11.10 14:20:35.082,0.78733,0.78739,1.69,1.00
2017.11.10 14:20:38.865,0.78732,0.78739,1.00,1.00
2017.11.10 14:20:42.207,0.78731,0.78739,1.69,1.00
2017.11.10 14:20:45.475,0.78732,0.78739,1.00,1.00
2017.11.10 14:20:55.146,0.78733,0.78739,1.00,1.00
2017.11.10 14:20:55.350,0.7873,0.78739,1.69,2.25
2017.11.10 14:20:55.401,0.7873,0.78737,1.25,1.00
2017.11.10 14:20:55.452,0.7873,0.78739,1.25,3.00
2017.11.10 14:20:56.306,0.7873,0.78737,1.00,1.00
2017.11.10 14:20:56.509,0.78733,0.78741,1.69,1.00
2017.11.10 14:20:58.078,0.78735,0.78741,1.00,1.00
2017.11.10 14:20:58.850,0.78733,0.78741,1.25,1.00
2017.11.10 14:20:59.397,0.78734,0.78741,1.00,1.00
2017.11.10 14:21:00.117,0.78737,0.78741,1.00,1.00
2017.11.10 14:21:00.269,0.78738,0.78745,1.25,1.00
2017.11.10 14:21:03.703,0.78739,0.78745,1.00,1.00
2017.11.10 14:21:05.730,0.7874,0.78745,1.00,1.00
2017.11.10 14:21:09.435,0.7874,0.78746,1.00,1.00
2017.11.10 14:21:12.351,0.78739,0.78746,2.25,1.00
2017.11.10 14:21:23.081,0.7874,0.78746,1.25,1.00
2017.11.10 14:21:23.681,0.78739,0.78746,1.00,1.00
2017.11.10 14:21:23.887,0.78737,0.78743,1.00,1.00
2017.11.10 14:21:24.039,0.78735,0.78743,1.00,1.50
2017.11.10 14:21:24.654,0.78734,0.78743,1.25,1.50
2017.11.10 14:21:27.171,0.78733,0.78743,3.19,2.25
2017.11.10 14:21:28.387,0.78734,0.78743,1.00,2.25
2017.11.10 14:21:32.634,0.78736,0.78743,1.00,1.50
2017.11.10 14:21:36.228,0.78735,0.78743,1.69,1.00
2017.11.10 14:21:36.707,0.78734,0.78741,1.00,1.00
2017.11.10 14:21:38.742,0.78739,0.78743,1.50,1.00
2017.11.10 14:21:38.793,0.7874,0.78744,1.00,1.00
2017.11.10 14:21:38.844,0.7874,0.78745,1.00,1.00
2017.11.10 14:21:45.640,0.78739,0.78745,2.25,1.00
2017.11.10 14:21:46.888,0.7874,0.78745,1.00,1.00
2017.11.10 14:21:47.181,0.78738,0.78745,1.69,1.50
2017.11.10 14:21:48.028,0.78737,0.78745,1.69,1.50
2017.11.10 14:22:01.855,0.78735,0.78743,1.69,1.00
2017.11.10 14:22:02.435,0.78735,0.78742,1.25,1.00
2017.11.10 14:22:05.386,0.78734,0.78742,1.00,1.00
2017.11.10 14:22:06.111,0.78734,0.78741,1.00,1.00
2017.11.10 14:22:06.624,0.78733,0.78741,1.69,1.00
2017.11.10 14:22:06.878,0.78731,0.7874,1.87,2.25
2017.11.10 14:22:06.929,0.78731,0.78738,1.87,1.00
2017.11.10 14:22:08.258,0.7873,0.78738,1.00,1.50
2017.11.10 14:22:08.652,0.7873,0.78736,1.00,1.00
2017.11.10 14:22:10.389,0.78729,0.78736,1.00,1.00
2017.11.10 14:22:10.693,0.78728,0.78734,1.50,1.00
2017.11.10 14:22:11.099,0.78725,0.78732,1.87,1.00
2017.11.10 14:22:11.150,0.78725,0.78734,2.62,2.25
2017.11.10 14:22:11.201,0.78726,0.78732,1.00,1.00
2017.11.10 14:22:11.303,0.78727,0.78734,1.00,1.00
2017.11.10 14:22:18.496,0.78728,0.78734,1.00,1.00
2017.11.10 14:22:20.051,0.78727,0.78734,1.50,1.00
2017.11.10 14:22:20.725,0.78726,0.78734,1.25,1.00
2017.11.10 14:22:21.419,0.78725,0.78734,1.25,1.50
2017.11.10 14:22:22.041,0.78726,0.78734,1.00,1.00
2017.11.10 14:22:25.150,0.78729,0.78736,1.00,1.00
2017.11.10 14:22:27.560,0.78727,0.78736,2.62,1.00
2017.11.10 14:22:28.097,0.78728,0.78736,1.00,1.00
2017.11.10 14:22:28.416,0.78731,0.78736,1.00,1.00
2017.11.10 14:22:29.322,0.7873,0.78736,1.00,1.00
2017.11.10 14:22:30.684,0.78729,0.78736,3.19,1.00
2017.11.10 14:22:31.940,0.78731,0.78736,1.69,1.00
2017.11.10 14:22:32.042,0.78732,0.78738,1.00,1.00
2017.11.10 14:22:32.346,0.7873,0.78738,2.44,1.00
2017.11.10 14:22:33.513,0.78729,0.78738,1.69,1.00
2017.11.10 14:22:34.159,0.78729,0.78736,1.69,1.00
2017.11.10 14:22:34.991,0.7873,0.78736,1.19,1.00
2017.11.10 14:22:35.092,0.78729,0.78736,1.25,1.00
2017.11.10 14:22:35.249,0.78727,0.78735,1.50,1.00
2017.11.10 14:22:36.366,0.78726,0.78735,2.44,1.00
2017.11.10 14:22:39.434,0.78726,0.78734,1.69,1.00
2017.11.10 14:22:40.181,0.78729,0.78734,1.00,1.00
2017.11.10 14:22:41.673,0.78729,0.78736,1.69,1.00
2017.11.10 14:22:42.196,0.7873,0.78736,1.00,1.00
2017.11.10 14:22:44.261,0.78731,0.78736,1.00,1.00
2017.11.10 14:22:44.783,0.7873,0.78736,1.50,1.00
2017.11.10 14:22:45.735,0.78729,0.78736,2.25,1.00
2017.11.10 14:22:52.642,0.7873,0.78736,1.00,1.00
2017.11.10 14:22:53.187,0.78729,0.78736,2.25,1.00
2017.11.10 14:22:54.537,0.78732,0.78736,1.25,1.00
2017.11.10 14:22:54.589,0.78732,0.78738,1.69,1.00
2017.11.10 14:22:54.792,0.78733,0.7874,1.00,1.00
2017.11.10 14:23:00.744,0.78732,0.7874,1.69,1.00
2017.11.10 14:23:04.149,0.78732,0.78739,1.50,1.00
2017.11.10 14:23:04.669,0.78733,0.7874,1.00,1.00
2017.11.10 14:23:06.357,0.78732,0.7874,1.25,1.00
2017.11.10 14:23:06.908,0.78731,0.7874,1.69,1.00
2017.11.10 14:23:16.737,0.78731,0.78738,1.69,1.00
2017.11.10 14:23:19.089,0.78732,0.78738,1.00,1.00
2017.11.10 14:23:19.596,0.78731,0.78738,1.69,1.00
2017.11.10 14:23:20.957,0.78732,0.78738,1.00,1.00
2017.11.10 14:23:21.519,0.78733,0.78738,1.25,1.00
2017.11.10 14:23:24.972,0.78731,0.78738,1.25,1.00
2017.11.10 14:23:40.476,0.7873,0.78738,1.25,1.50
2017.11.10 14:23:49.627,0.78731,0.78738,1.00,1.50
2017.11.10 14:23:50.719,0.78732,0.78738,1.25,1.00
2017.11.10 14:23:51.879,0.78732,0.7874,1.25,2.62
2017.11.10 14:23:52.420,0.78733,0.7874,1.00,1.00
2017.11.10 14:24:09.105,0.78734,0.78742,1.25,1.50
2017.11.10 14:24:09.649,0.78733,0.78742,1.50,2.25
2017.11.10 14:24:19.228,0.78734,0.78742,1.00,1.50
2017.11.10 14:24:19.928,0.78733,0.78742,1.69,1.50
2017.11.10 14:24:28.238,0.78733,0.78739,1.00,1.00
2017.11.10 14:24:28.745,0.78733,0.78738,1.00,1.50
2017.11.10 14:24:29.425,0.7873,0.78738,1.00,1.50
2017.11.10 14:24:30.778,0.78731,0.78738,1.00,1.00
2017.11.10 14:24:30.948,0.78731,0.7874,1.69,1.50
2017.11.10 14:24:31.454,0.7873,0.78739,1.50,1.50
2017.11.10 14:24:31.872,0.78732,0.78739,1.00,1.50
2017.11.10 14:24:35.073,0.78732,0.78741,1.00,2.06
2017.11.10 14:24:40.596,0.78732,0.7874,1.00,1.00
2017.11.10 14:24:41.967,0.78732,0.78741,1.00,2.81
2017.11.10 14:24:45.054,0.78732,0.7874,1.00,1.00
2017.11.10 14:24:51.550,0.78732,0.78741,1.50,1.69
2017.11.10 14:24:52.855,0.78732,0.7874,1.00,1.00
2017.11.10 14:24:53.403,0.78732,0.78741,1.50,1.25
2017.11.10 14:24:53.933,0.78733,0.78741,1.00,1.00
2017.11.10 14:24:54.455,0.78732,0.78741,1.50,1.50
2017.11.10 14:24:56.206,0.78733,0.78741,1.00,1.00
2017.11.10 14:25:02.836,0.78734,0.78742,1.00,1.00
2017.11.10 14:25:04.069,0.78733,0.78742,1.69,1.50
2017.11.10 14:25:08.112,0.78734,0.78742,1.00,1.00
2017.11.10 14:25:21.820,0.78732,0.78738,1.50,1.00
2017.11.10 14:25:21.871,0.78731,0.78738,1.50,1.00
2017.11.10 14:25:22.691,0.78731,0.78737,1.00,1.00
2017.11.10 14:25:22.843,0.78729,0.78737,1.87,1.00
2017.11.10 14:25:25.013,0.7873,0.78737,1.00,1.00
2017.11.10 14:25:25.726,0.7873,0.78738,1.00,1.25
2017.11.10 14:25:29.601,0.7873,0.78739,1.00,2.44
2017.11.10 14:25:30.295,0.7873,0.78738,1.00,1.00
2017.11.10 14:25:33.215,0.7873,0.78739,1.00,2.44
2017.11.10 14:25:36.847,0.7873,0.78738,1.00,1.00
2017.11.10 14:25:40.380,0.7873,0.78736,1.00,1.69
2017.11.10 14:25:40.431,0.78728,0.78735,1.00,1.00
2017.11.10 14:25:40.802,0.78726,0.78735,1.00,1.00
2017.11.10 14:25:40.955,0.78726,0.78732,1.00,1.25
2017.11.10 14:25:41.110,0.78724,0.78732,1.00,1.31
2017.11.10 14:25:45.167,0.78724,0.78731,1.00,1.50
2017.11.10 14:25:45.992,0.78724,0.78729,1.00,1.00
2017.11.10 14:25:46.814,0.78724,0.78731,1.00,1.50
2017.11.10 14:25:46.916,0.78722,0.78731,1.25,1.50
2017.11.10 14:25:47.442,0.78724,0.78731,1.00,1.00
2017.11.10 14:25:47.776,0.78724,0.78733,1.50,3.00
2017.11.10 14:25:49.196,0.78724,0.78732,1.00,1.00
2017.11.10 14:25:50.652,0.78723,0.78731,1.50,1.00
2017.11.10 14:25:54.228,0.78722,0.78731,1.50,2.25
2017.11.10 14:25:54.990,0.78722,0.7873,1.00,1.00
2017.11.10 14:25:55.041,0.7872,0.78726,1.00,1.00
2017.11.10 14:25:55.095,0.78718,0.78726,1.00,1.00
2017.11.10 14:25:55.147,0.78725,0.78729,1.00,1.12
2017.11.10 14:25:55.199,0.78725,0.78733,1.00,1.00
2017.11.10 14:25:55.743,0.78724,0.78733,1.12,1.50
2017.11.10 14:25:56.481,0.78724,0.78732,1.00,1.00
2017.11.10 14:25:57.750,0.78725,0.78733,1.00,1.25
2017.11.10 14:25:58.272,0.78725,0.78734,1.00,2.06
2017.11.10 14:25:59.044,0.78724,0.78731,1.00,1.00
2017.11.10 14:25:59.404,0.78722,0.78729,1.00,1.00
2017.11.10 14:25:59.506,0.7872,0.78729,1.00,1.69
2017.11.10 14:26:00.409,0.7872,0.78728,1.00,1.00
2017.11.10 14:26:01.180,0.78719,0.78728,1.50,1.69
2017.11.10 14:26:02.031,0.7872,0.78728,1.00,1.50
2017.11.10 14:26:02.235,0.78721,0.7873,2.25,1.50
2017.11.10 14:26:02.387,0.78723,0.7873,1.00,1.00
2017.11.10 14:26:02.730,0.78722,0.78732,1.50,2.81
2017.11.10 14:26:03.355,0.78723,0.78732,1.00,1.69
2017.11.10 14:26:04.761,0.78724,0.78732,1.00,1.00
2017.11.10 14:26:05.141,0.78726,0.78732,1.00,1.00
2017.11.10 14:26:09.011,0.78726,0.78734,1.69,1.00
2017.11.10 14:26:10.781,0.78725,0.78734,3.94,1.00
2017.11.10 14:26:15.923,0.78725,0.78733,1.00,1.69
2017.11.10 14:26:25.013,0.78725,0.78732,1.00,1.00
2017.11.10 14:26:25.064,0.78723,0.78731,1.00,1.00
2017.11.10 14:26:25.405,0.78723,0.78728,1.00,1.00
2017.11.10 14:26:29.742,0.78723,0.7873,1.69,1.00
2017.11.10 14:26:30.460,0.78723,0.78728,1.50,1.00
2017.11.10 14:26:32.172,0.78722,0.78728,1.00,1.00
2017.11.10 14:26:33.005,0.78723,0.78728,1.00,1.00
2017.11.10 14:26:33.158,0.78723,0.7873,1.00,1.00
2017.11.10 14:26:34.302,0.78724,0.7873,1.00,1.00
2017.11.10 14:26:36.678,0.78723,0.7873,1.00,1.00
2017.11.10 14:26:37.225,0.78724,0.7873,1.00,1.00
2017.11.10 14:26:37.277,0.78724,0.78732,1.25,1.00
2017.11.10 14:26:37.430,0.78722,0.78731,3.56,1.00
2017.11.10 14:26:37.603,0.78722,0.78727,1.00,1.00
2017.11.10 14:26:38.149,0.78721,0.78727,1.00,1.00
2017.11.10 14:26:39.595,0.78719,0.78727,1.00,1.00
2017.11.10 14:26:45.393,0.78717,0.78722,1.00,1.44
2017.11.10 14:26:45.444,0.78715,0.78721,1.00,1.25
2017.11.10 14:26:45.495,0.78712,0.78721,1.25,2.25
2017.11.10 14:26:45.547,0.78712,0.78718,1.25,1.00
2017.11.10 14:26:45.649,0.78712,0.7872,1.50,1.50
2017.11.10 14:26:46.081,0.78713,0.78722,1.50,2.44
2017.11.10 14:26:46.133,0.78715,0.78722,1.00,1.00
2017.11.10 14:27:00.398,0.78715,0.78724,1.87,1.00
2017.11.10 14:27:04.517,0.78717,0.78725,1.00,1.12
2017.11.10 14:27:04.568,0.78715,0.78724,2.44,1.50
2017.11.10 14:27:05.549,0.78716,0.78724,1.00,1.25
2017.11.10 14:27:05.805,0.78718,0.78726,1.00,1.50
2017.11.10 14:27:06.590,0.78717,0.78726,1.69,1.50
2017.11.10 14:27:07.359,0.78718,0.78726,1.00,1.50
2017.11.10 14:27:07.892,0.78716,0.78724,1.00,1.00
2017.11.10 14:27:08.418,0.78715,0.78724,1.50,1.00
2017.11.10 14:27:09.238,0.78715,0.78723,1.50,1.00
2017.11.10 14:27:11.387,0.78716,0.78723,1.00,1.00
2017.11.10 14:27:11.937,0.78715,0.78723,1.50,1.00
2017.11.10 14:27:12.401,0.78717,0.78725,1.00,2.62
2017.11.10 14:27:12.745,0.78716,0.78723,1.00,1.00
2017.11.10 14:27:13.290,0.78715,0.78723,2.44,1.00
2017.11.10 14:27:14.118,0.78716,0.78723,1.00,1.00
2017.11.10 14:27:15.152,0.78715,0.78723,1.00,2.25
2017.11.10 14:27:15.663,0.78715,0.78722,1.00,1.00
2017.11.10 14:27:16.316,0.78713,0.78721,2.85,1.00
2017.11.10 14:27:18.844,0.78713,0.78721,1.50,2.44
2017.11.10 14:27:19.324,0.78713,0.78719,1.00,1.00
2017.11.10 14:27:23.393,0.78713,0.78718,1.00,1.00
2017.11.10 14:27:23.912,0.78713,0.78719,1.00,1.00
2017.11.10 14:27:25.197,0.78711,0.78717,1.00,1.00
2017.11.10 14:27:33.582,0.78712,0.78719,1.00,1.87
2017.11.10 14:27:34.100,0.78711,0.7872,1.69,1.50
2017.11.10 14:27:35.201,0.78714,0.7872,1.00,1.00
2017.11.10 14:27:35.254,0.78714,0.78722,1.00,1.12
2017.11.10 14:27:35.887,0.78715,0.78722,1.00,1.00
2017.11.10 14:27:36.039,0.78713,0.78722,3.04,1.00
2017.11.10 14:27:50.275,0.78713,0.78721,1.00,1.00
2017.11.10 14:27:50.782,0.78713,0.7872,1.00,1.00
2017.11.10 14:27:54.860,0.78713,0.78719,1.00,1.00
2017.11.10 14:27:58.515,0.78712,0.78719,1.00,1.50
2017.11.10 14:28:07.513,0.78712,0.78718,1.00,1.00
2017.11.10 14:28:09.005,0.78712,0.78717,1.00,1.00
2017.11.10 14:28:09.208,0.78714,0.78722,1.25,3.00
2017.11.10 14:28:09.487,0.78715,0.78723,1.00,2.81
2017.11.10 14:28:10.005,0.78714,0.78723,2.06,1.50
2017.11.10 14:28:11.178,0.78714,0.78722,1.00,1.00
2017.11.10 14:28:13.912,0.78714,0.78721,1.00,1.00
2017.11.10 14:28:14.497,0.78714,0.78722,1.00,2.25
2017.11.10 14:28:15.147,0.78712,0.78717,1.00,1.00
2017.11.10 14:28:15.357,0.78707,0.78714,1.69,1.00
2017.11.10 14:28:15.822,0.78707,0.78715,2.63,1.00
2017.11.10 14:28:15.873,0.78707,0.78715,2.44,1.00
2017.11.10 14:28:16.738,0.78707,0.78714,1.00,1.00
2017.11.10 14:28:20.271,0.78705,0.78714,2.81,1.50
2017.11.10 14:28:20.729,0.78707,0.78713,1.69,1.00
2017.11.10 14:28:20.780,0.78707,0.78715,2.44,1.50
2017.11.10 14:28:20.983,0.78707,0.78714,1.00,2.63
2017.11.10 14:28:21.170,0.78705,0.78713,1.00,1.69
2017.11.10 14:28:21.717,0.78705,0.78712,1.00,1.00
2017.11.10 14:28:22.120,0.78703,0.78712,1.25,3.00
2017.11.10 14:28:22.262,0.78705,0.78712,1.00,3.00
2017.11.10 14:28:22.876,0.78705,0.78713,1.69,1.50
2017.11.10 14:28:23.347,0.78704,0.78711,1.50,1.25
2017.11.10 14:28:23.651,0.78707,0.78713,1.50,1.00
2017.11.10 14:28:24.248,0.78707,0.78714,1.00,2.25
2017.11.10 14:28:25.134,0.78707,0.78713,1.00,1.00
2017.11.10 14:28:25.539,0.78708,0.78715,1.00,1.50
2017.11.10 14:28:25.743,0.78705,0.78713,1.00,1.00
2017.11.10 14:28:26.256,0.78705,0.78712,1.00,1.00
2017.11.10 14:28:26.662,0.78703,0.7871,1.00,1.00
2017.11.10 14:28:27.068,0.78706,0.78713,1.00,1.00
2017.11.10 14:28:27.584,0.78705,0.78713,1.00,1.69
2017.11.10 14:28:30.920,0.78702,0.7871,1.00,1.69
2017.11.10 14:28:31.427,0.78702,0.78709,1.00,1.50
2017.11.10 14:28:31.967,0.78702,0.7871,1.50,1.00
2017.11.10 14:28:32.391,0.78706,0.7871,1.35,1.00
2017.11.10 14:28:32.442,0.78706,0.78714,2.25,1.50
2017.11.10 14:28:32.493,0.78706,0.78712,1.00,1.00
2017.11.10 14:28:32.595,0.78704,0.78712,1.50,1.00
2017.11.10 14:28:33.123,0.78704,0.78711,1.50,1.00
2017.11.10 14:28:33.225,0.78702,0.78709,1.12,1.50
2017.11.10 14:28:33.766,0.78701,0.78709,1.00,1.00
2017.11.10 14:28:34.306,0.787,0.78709,2.81,1.00
2017.11.10 14:28:34.635,0.787,0.78707,1.00,1.00
2017.11.10 14:28:35.152,0.787,0.78708,1.00,1.50
2017.11.10 14:28:36.122,0.787,0.78707,1.00,1.00
2017.11.10 14:28:36.534,0.787,0.78709,1.50,1.50
2017.11.10 14:28:37.295,0.787,0.78709,1.88,1.00
2017.11.10 14:28:37.836,0.78701,0.7871,1.25,1.50
2017.11.10 14:28:40.787,0.78702,0.7871,1.12,1.50
2017.11.10 14:28:41.312,0.78701,0.7871,1.00,2.25
2017.11.10 14:28:42.166,0.78702,0.7871,1.69,1.00
2017.11.10 14:28:42.672,0.78702,0.78711,2.44,1.00
2017.11.10 14:28:43.210,0.78703,0.78712,1.00,2.25
2017.11.10 14:28:43.827,0.78704,0.78712,1.00,1.00
2017.11.10 14:28:48.255,0.78704,0.78711,1.00,1.00
2017.11.10 14:28:55.068,0.78704,0.7871,1.00,1.25
2017.11.10 14:28:55.119,0.78702,0.78709,1.50,1.00
2017.11.10 14:28:55.349,0.787,0.78708,2.25,1.00
2017.11.10 14:28:56.502,0.787,0.78709,2.44,1.69
2017.11.10 14:28:57.050,0.787,0.78708,2.25,1.00
2017.11.10 14:28:57.586,0.787,0.78709,2.25,1.69
2017.11.10 14:28:58.135,0.787,0.78708,1.50,1.00
2017.11.10 14:28:58.287,0.78698,0.78706,3.00,1.00
2017.11.10 14:28:58.800,0.78698,0.78706,1.50,1.00
2017.11.10 14:28:59.890,0.78698,0.78707,2.25,1.69
2017.11.10 14:29:00.400,0.78699,0.78708,1.69,1.50
2017.11.10 14:29:00.994,0.787,0.78709,1.00,2.06
2017.11.10 14:29:03.405,0.78701,0.78709,1.00,1.00
2017.11.10 14:29:05.540,0.78701,0.7871,1.00,1.69
2017.11.10 14:29:07.234,0.78702,0.7871,1.25,1.00
2017.11.10 14:29:07.748,0.78701,0.7871,2.44,1.00
2017.11.10 14:29:08.159,0.78703,0.7871,1.00,1.00
2017.11.10 14:29:08.531,0.78703,0.78712,1.00,1.69
2017.11.10 14:29:10.986,0.78703,0.78711,1.00,1.00
2017.11.10 14:29:11.609,0.78703,0.7871,1.00,1.69
2017.11.10 14:29:12.119,0.78703,0.78709,1.00,1.00
2017.11.10 14:29:12.344,0.787,0.78708,2.48,1.00
2017.11.10 14:29:13.706,0.78699,0.78708,1.50,2.25
2017.11.10 14:29:14.010,0.78699,0.78707,1.00,1.38
2017.11.10 14:29:14.399,0.78699,0.78708,1.00,3.94
2017.11.10 14:29:16.499,0.78699,0.78707,1.00,1.00
2017.11.10 14:29:18.577,0.78699,0.78706,1.00,1.00
2017.11.10 14:29:18.927,0.78699,0.78704,1.00,1.00
2017.11.10 14:29:19.232,0.78697,0.78706,1.73,3.00
2017.11.10 14:29:19.878,0.78698,0.78706,1.00,3.00
2017.11.10 14:29:22.121,0.78698,0.78705,1.00,1.25
2017.11.10 14:29:22.172,0.78696,0.78704,1.00,1.00
2017.11.10 14:29:23.823,0.78696,0.78702,1.00,1.00
2017.11.10 14:29:23.975,0.78698,0.78705,1.69,1.00
2017.11.10 14:29:24.163,0.78699,0.78708,1.50,1.50
2017.11.10 14:29:24.366,0.78701,0.78709,1.00,1.69
2017.11.10 14:29:24.872,0.78701,0.7871,1.50,1.25
2017.11.10 14:29:28.031,0.78701,0.78709,1.00,1.00
2017.11.10 14:29:28.553,0.787,0.78708,1.00,1.00
2017.11.10 14:29:29.739,0.78699,0.78708,2.25,1.50
2017.11.10 14:29:31.583,0.787,0.78708,1.00,1.00
2017.11.10 14:29:32.089,0.787,0.78708,1.31,1.00
2017.11.10 14:29:32.595,0.787,0.78709,2.06,1.00
2017.11.10 14:29:33.113,0.787,0.78709,2.81,1.00
2017.11.10 14:29:33.460,0.78702,0.78709,1.00,1.50
2017.11.10 14:29:38.406,0.78702,0.78711,2.48,1.00
2017.11.10 14:29:38.457,0.78704,0.78711,1.00,1.00
2017.11.10 14:29:38.710,0.78702,0.78711,1.50,1.25
2017.11.10 14:29:39.274,0.78703,0.78711,1.00,1.00
2017.11.10 14:29:39.881,0.78704,0.78711,1.00,1.00
2017.11.10 14:29:41.740,0.78702,0.78711,2.62,1.69
2017.11.10 14:29:41.842,0.78704,0.78711,1.00,1.00
2017.11.10 14:29:42.888,0.78704,0.78712,1.00,1.00
2017.11.10 14:29:44.378,0.78704,0.78713,1.00,1.87
2017.11.10 14:29:46.499,0.78705,0.78713,1.00,1.00
2017.11.10 14:29:50.237,0.78704,0.78713,1.00,1.87
2017.11.10 14:29:50.781,0.78704,0.78712,1.00,1.00
2017.11.10 14:29:53.263,0.78703,0.78712,1.50,1.69
2017.11.10 14:29:54.502,0.78703,0.78711,1.00,1.00
2017.11.10 14:29:55.139,0.78702,0.78711,1.88,1.00
2017.11.10 14:29:55.745,0.78703,0.78711,1.00,1.00
2017.11.10 14:29:55.877,0.78701,0.7871,2.44,1.50
2017.11.10 14:29:56.381,0.78702,0.7871,1.00,1.00
2017.11.10 14:29:56.909,0.78701,0.7871,1.50,1.50
2017.11.10 14:29:57.489,0.78701,0.7871,2.63,1.00
2017.11.10 14:29:58.015,0.78701,0.7871,1.50,2.25
2017.11.10 14:29:58.938,0.78702,0.7871,1.13,1.00
2017.11.10 14:29:59.475,0.78703,0.78711,1.25,1.00
2017.11.10 14:30:00.137,0.78704,0.78711,1.00,1.00
2017.11.10 14:30:00.675,0.78701,0.78709,1.00,1.00
2017.11.10 14:30:00.932,0.78702,0.78711,1.00,1.69
2017.11.10 14:30:01.467,0.78702,0.7871,1.00,1.00
2017.11.10 14:30:01.722,0.78704,0.78712,1.00,1.69
2017.11.10 14:30:02.889,0.78706,0.78713,1.00,1.00
2017.11.10 14:30:02.940,0.78707,0.78716,1.00,1.69
2017.11.10 14:30:03.449,0.78706,0.78715,2.29,1.50
2017.11.10 14:30:03.991,0.78708,0.78716,1.25,1.00
2017.11.10 14:30:04.744,0.78707,0.78716,1.25,1.50
2017.11.10 14:30:05.779,0.78708,0.78716,1.00,1.50
2017.11.10 14:30:08.279,0.78709,0.78716,1.00,1.00
2017.11.10 14:30:08.634,0.78711,0.78718,1.00,1.12
2017.11.10 14:30:08.686,0.78711,0.7872,1.00,2.44
2017.11.10 14:30:09.194,0.7871,0.7872,2.44,2.44
2017.11.10 14:30:09.723,0.78711,0.7872,1.13,1.50
2017.11.10 14:30:10.251,0.7871,0.7872,2.44,2.25
2017.11.10 14:30:10.758,0.78711,0.78719,1.00,1.00
2017.11.10 14:30:11.307,0.7871,0.78718,1.00,1.00
2017.11.10 14:30:13.965,0.7871,0.78719,1.00,2.44
2017.11.10 14:30:14.273,0.7871,0.78717,1.00,1.00
2017.11.10 14:30:15.476,0.78708,0.78716,1.00,1.00
2017.11.10 14:30:17.803,0.78709,0.78717,1.44,1.50
2017.11.10 14:30:18.104,0.78709,0.78715,1.00,1.00
2017.11.10 14:30:18.408,0.78703,0.78711,1.25,1.00
2017.11.10 14:30:18.611,0.78703,0.78709,1.25,1.00
2017.11.10 14:30:19.447,0.78701,0.78709,1.00,1.69
2017.11.10 14:30:21.242,0.78699,0.78709,2.06,3.38
2017.11.10 14:30:21.293,0.78699,0.78707,1.12,1.00
2017.11.10 14:30:21.800,0.78699,0.78706,1.00,1.00
2017.11.10 14:30:22.312,0.787,0.78709,1.25,3.75
2017.11.10 14:30:22.466,0.78699,0.78706,1.00,1.00
2017.11.10 14:30:23.758,0.78697,0.78706,1.50,1.50
2017.11.10 14:30:24.295,0.78697,0.78705,1.00,1.00
2017.11.10 14:30:26.435,0.78697,0.78706,1.00,1.69
2017.11.10 14:30:27.877,0.78698,0.78706,1.00,1.00
2017.11.10 14:30:27.928,0.787,0.78707,1.00,1.50
2017.11.10 14:30:28.131,0.78701,0.7871,1.00,6.75
2017.11.10 14:30:28.649,0.787,0.78707,1.50,1.00
2017.11.10 14:30:28.991,0.78697,0.78704,1.50,1.00
2017.11.10 14:30:29.143,0.78697,0.78706,1.50,3.94
2017.11.10 14:30:29.667,0.78697,0.78705,1.50,1.00
2017.11.10 14:30:30.183,0.78697,0.78704,1.00,1.00
2017.11.10 14:30:30.714,0.78697,0.78703,1.00,1.00
2017.11.10 14:30:31.685,0.78697,0.78704,1.00,1.69
2017.11.10 14:30:32.165,0.78697,0.78706,1.00,3.19
2017.11.10 14:30:32.760,0.78698,0.78706,1.00,1.00
2017.11.10 14:30:34.122,0.78697,0.78706,2.44,1.00
2017.11.10 14:30:35.308,0.78698,0.78706,1.00,1.00
2017.11.10 14:30:35.857,0.78698,0.78707,1.69,1.50
2017.11.10 14:30:38.447,0.78698,0.78706,1.00,1.00
2017.11.10 14:30:38.984,0.78698,0.78707,1.00,1.69
2017.11.10 14:30:42.706,0.78698,0.78706,1.00,1.00
2017.11.10 14:30:43.315,0.78698,0.78707,1.00,1.69
2017.11.10 14:30:45.561,0.78698,0.78706,1.00,1.00
2017.11.10 14:30:46.108,0.78698,0.78707,1.00,1.69
2017.11.10 14:30:47.548,0.78699,0.78708,1.50,3.37
2017.11.10 14:30:48.177,0.78699,0.78707,1.00,1.00
2017.11.10 14:30:48.684,0.78698,0.78707,1.69,1.00
2017.11.10 14:30:50.498,0.78698,0.78706,1.00,1.00
2017.11.10 14:30:51.095,0.78698,0.78708,1.69,3.19
2017.11.10 14:30:51.654,0.787,0.78708,1.00,1.00
2017.11.10 14:30:52.319,0.78699,0.78708,1.69,1.00
2017.11.10 14:30:52.973,0.787,0.78708,1.00,1.00
2017.11.10 14:30:53.476,0.78699,0.78708,2.25,1.50
2017.11.10 14:30:54.008,0.78699,0.78707,2.25,1.00
2017.11.10 14:30:54.238,0.78697,0.78706,1.87,1.50
2017.11.10 14:30:54.775,0.78698,0.78706,1.50,1.00
2017.11.10 14:30:56.352,0.78698,0.78707,1.50,1.25
2017.11.10 14:30:57.973,0.78697,0.78706,2.81,1.00
2017.11.10 14:30:58.261,0.78696,0.78703,1.00,1.00
2017.11.10 14:30:58.566,0.78701,0.78707,1.00,1.25
2017.11.10 14:30:58.668,0.78699,0.78707,1.50,1.88
2017.11.10 14:30:58.820,0.78697,0.78705,1.50,1.00
2017.11.10 14:30:59.311,0.78695,0.78704,1.50,1.50
2017.11.10 14:31:00.540,0.78697,0.78704,1.50,1.00
2017.11.10 14:31:00.742,0.78697,0.78706,2.25,1.50
2017.11.10 14:31:02.069,0.78697,0.78705,1.50,1.00
2017.11.10 14:31:05.339,0.78697,0.78706,2.44,1.50
2017.11.10 14:31:12.710,0.78698,0.78707,1.00,3.19
2017.11.10 14:31:13.239,0.78698,0.78706,1.00,1.00
2017.11.10 14:31:13.810,0.78698,0.78707,1.50,3.38
2017.11.10 14:31:14.534,0.78698,0.78705,1.50,1.00
2017.11.10 14:31:14.845,0.78702,0.78708,1.00,1.00
2017.11.10 14:31:14.896,0.78702,0.7871,1.00,5.63
2017.11.10 14:31:15.201,0.78702,0.78708,1.00,1.00
2017.11.10 14:31:15.302,0.787,0.78709,2.25,1.88
2017.11.10 14:31:16.404,0.787,0.78708,1.00,1.00
2017.11.10 14:31:16.911,0.787,0.78707,1.00,1.00
2017.11.10 14:31:19.190,0.787,0.78708,1.50,1.25
2017.11.10 14:31:21.304,0.78701,0.78709,1.69,1.00
2017.11.10 14:31:21.795,0.78703,0.78711,1.00,1.50
2017.11.10 14:31:22.447,0.78703,0.7871,1.50,1.00
2017.11.10 14:31:22.990,0.78703,0.78709,1.00,1.00
2017.11.10 14:31:23.575,0.78703,0.7871,1.00,1.50
2017.11.10 14:31:25.170,0.78703,0.78711,1.00,1.00
2017.11.10 14:31:25.800,0.78704,0.78712,1.25,1.00
2017.11.10 14:31:25.865,0.78705,0.78715,2.63,3.00
2017.11.10 14:31:25.916,0.78707,0.78715,1.00,2.25
2017.11.10 14:31:26.463,0.78707,0.78714,1.00,1.00
2017.11.10 14:31:27.185,0.78707,0.78713,1.00,1.00
2017.11.10 14:31:27.753,0.78707,0.78714,1.00,1.69
2017.11.10 14:31:31.530,0.78707,0.78712,1.00,1.00
2017.11.10 14:31:31.783,0.78707,0.78714,1.00,2.44
2017.11.10 14:31:33.336,0.78707,0.78712,1.00,1.00
2017.11.10 14:31:33.589,0.78705,0.78712,1.00,1.50
2017.11.10 14:31:33.645,0.78705,0.7871,1.00,1.25
2017.11.10 14:31:33.696,0.78703,0.7871,1.00,1.50
2017.11.10 14:31:34.232,0.78702,0.78707,1.00,1.00
2017.11.10 14:31:34.800,0.787,0.78708,1.00,1.50
2017.11.10 14:31:35.003,0.78699,0.78703,1.50,1.00
2017.11.10 14:31:35.313,0.78696,0.78702,1.00,1.50
2017.11.10 14:31:36.008,0.78696,0.78705,1.50,1.69
2017.11.10 14:31:36.113,0.78698,0.78705,1.00,1.00
2017.11.10 14:31:36.449,0.787,0.78707,1.00,2.06
2017.11.10 14:31:36.952,0.787,0.78706,1.00,1.00
2017.11.10 14:31:37.614,0.787,0.78705,1.00,1.00
2017.11.10 14:31:37.821,0.78698,0.78705,1.00,1.25
2017.11.10 14:31:37.973,0.78698,0.78707,1.50,1.25
2017.11.10 14:31:38.075,0.78698,0.78703,1.00,1.00
2017.11.10 14:31:38.337,0.78697,0.78706,1.00,2.44
2017.11.10 14:31:38.391,0.78698,0.78707,2.44,1.12
2017.11.10 14:31:38.446,0.787,0.78707,1.00,1.12
2017.11.10 14:31:38.750,0.787,0.78705,1.00,1.00
2017.11.10 14:31:38.802,0.78698,0.78705,1.50,1.25
2017.11.10 14:31:38.969,0.78698,0.78703,1.00,1.00
2017.11.10 14:31:39.476,0.78697,0.78704,1.00,1.50
2017.11.10 14:31:39.805,0.78694,0.78702,1.00,1.87
2017.11.10 14:31:40.318,0.78694,0.78701,1.00,1.50
2017.11.10 14:31:42.220,0.78694,0.78703,1.00,3.37
2017.11.10 14:31:43.059,0.78695,0.78703,1.00,1.50
2017.11.10 14:31:44.196,0.78696,0.78704,1.00,1.00
2017.11.10 14:31:44.841,0.78696,0.78702,1.00,1.00
2017.11.10 14:31:44.892,0.78694,0.78701,1.00,1.00
2017.11.10 14:31:44.943,0.78694,0.78703,1.50,1.25
2017.11.10 14:31:45.111,0.78698,0.78703,1.00,1.00
2017.11.10 14:31:45.213,0.78698,0.78705,1.00,1.69
2017.11.10 14:31:45.720,0.78698,0.78706,1.00,1.12
2017.11.10 14:31:46.226,0.78699,0.78707,1.00,1.69
2017.11.10 14:31:46.739,0.78699,0.78706,1.00,1.00
2017.11.10 14:31:49.190,0.78699,0.78705,1.00,1.00
2017.11.10 14:31:49.596,0.78698,0.78703,1.00,1.25
2017.11.10 14:31:49.749,0.78696,0.78702,1.00,1.00
2017.11.10 14:31:50.686,0.78696,0.78703,1.00,1.25
2017.11.10 14:31:50.895,0.78696,0.78701,1.00,1.00
2017.11.10 14:31:51.402,0.78696,0.787,1.00,1.00
2017.11.10 14:31:51.671,0.78698,0.78703,1.00,1.50
2017.11.10 14:31:51.722,0.78698,0.78706,1.25,2.25
2017.11.10 14:31:51.875,0.78699,0.78707,1.69,1.00
2017.11.10 14:31:52.130,0.78701,0.78707,1.00,1.00
2017.11.10 14:31:53.668,0.78701,0.78709,1.00,1.50
2017.11.10 14:31:54.175,0.78701,0.7871,1.50,1.12
2017.11.10 14:31:54.853,0.78703,0.78711,1.00,2.25
2017.11.10 14:31:54.954,0.78704,0.78713,1.50,2.06
2017.11.10 14:31:55.686,0.78706,0.78713,1.00,1.25
2017.11.10 14:31:56.409,0.78706,0.78711,1.00,1.00
2017.11.10 14:31:56.936,0.78706,0.78712,1.00,1.00
2017.11.10 14:31:57.468,0.78706,0.78714,1.00,1.87
2017.11.10 14:31:57.519,0.78708,0.78713,1.00,1.00
2017.11.10 14:31:58.069,0.78708,0.78712,1.00,1.00
2017.11.10 14:31:58.964,0.78706,0.78712,1.00,1.50
2017.11.10 14:31:59.238,0.78705,0.78709,1.00,1.25
2017.11.10 14:31:59.289,0.78701,0.78708,1.00,1.50
2017.11.10 14:31:59.794,0.78701,0.78709,1.00,1.00
2017.11.10 14:32:00.428,0.78703,0.78709,1.00,1.00
2017.11.10 14:32:00.787,0.78703,0.78711,1.00,1.25
2017.11.10 14:32:01.097,0.78705,0.78711,1.00,1.25
2017.11.10 14:32:01.625,0.78705,0.78712,1.00,1.25
2017.11.10 14:32:02.161,0.78705,0.78713,1.00,1.12
2017.11.10 14:32:02.518,0.78706,0.78715,1.50,1.50
2017.11.10 14:32:03.045,0.78707,0.78715,1.00,1.00
2017.11.10 14:32:03.672,0.78707,0.78716,1.00,2.81
2017.11.10 14:32:07.177,0.78708,0.78716,1.00,1.25
2017.11.10 14:32:07.693,0.78707,0.78716,1.00,1.69
2017.11.10 14:32:08.900,0.78709,0.78716,1.00,1.69
2017.11.10 14:32:09.740,0.78709,0.78714,1.00,1.25
2017.11.10 14:32:09.841,0.78709,0.78716,1.00,2.25
2017.11.10 14:32:10.337,0.78709,0.78718,1.00,1.69
2017.11.10 14:32:10.438,0.78709,0.78716,1.00,1.00
2017.11.10 14:32:10.904,0.78709,0.78714,1.00,1.00
2017.11.10 14:32:11.085,0.78709,0.78716,1.50,1.00
2017.11.10 14:32:11.136,0.78711,0.78716,1.00,1.00
2017.11.10 14:32:11.673,0.78711,0.78718,1.00,1.25
2017.11.10 14:32:12.203,0.78711,0.78717,1.00,1.00
2017.11.10 14:32:13.048,0.78711,0.78718,1.00,1.25
2017.11.10 14:32:13.701,0.78711,0.78717,1.00,1.50
2017.11.10 14:32:15.441,0.78711,0.78719,1.50,1.00
2017.11.10 14:32:15.969,0.78711,0.78717,1.50,1.00
2017.11.10 14:32:16.488,0.78711,0.78718,1.00,1.00
2017.11.10 14:32:16.911,0.78712,0.78721,1.00,3.00
2017.11.10 14:32:17.444,0.78713,0.78721,1.00,1.50
2017.11.10 14:32:17.924,0.78715,0.78721,1.00,1.50
2017.11.10 14:32:18.773,0.78715,0.78722,1.00,1.25
2017.11.10 14:32:19.293,0.78715,0.78721,1.00,1.00
2017.11.10 14:32:19.838,0.78715,0.78722,1.00,1.25
2017.11.10 14:32:20.157,0.78715,0.7872,1.00,1.00
2017.11.10 14:32:20.258,0.78713,0.7872,1.00,1.00
2017.11.10 14:32:21.034,0.78713,0.78718,1.00,1.25
2017.11.10 14:32:21.085,0.78711,0.78717,1.00,1.00
2017.11.10 14:32:21.630,0.78715,0.7872,1.13,1.00
2017.11.10 14:32:21.681,0.78717,0.78723,1.50,1.50
2017.11.10 14:32:21.783,0.78719,0.78726,1.00,1.00
2017.11.10 14:32:21.986,0.78719,0.78724,1.00,1.00
2017.11.10 14:32:22.206,0.78717,0.78724,1.50,1.00
2017.11.10 14:32:22.721,0.78717,0.78723,1.50,1.00
2017.11.10 14:32:24.291,0.78717,0.78724,1.00,1.25
2017.11.10 14:32:24.748,0.78717,0.78722,1.00,1.00
2017.11.10 14:32:25.021,0.78713,0.78719,1.00,1.00
2017.11.10 14:32:26.333,0.78712,0.78716,1.00,1.00
2017.11.10 14:32:26.384,0.78711,0.78715,1.00,1.00
2017.11.10 14:32:26.435,0.78709,0.78715,1.00,1.25
2017.11.10 14:32:26.589,0.78709,0.78717,1.00,1.50
2017.11.10 14:32:27.100,0.78709,0.78716,1.00,1.25
2017.11.10 14:32:28.550,0.78709,0.78717,1.00,1.69
2017.11.10 14:32:28.705,0.78709,0.78714,1.00,1.00
2017.11.10 14:32:28.808,0.78708,0.78716,1.00,1.87
2017.11.10 14:32:29.261,0.78708,0.78714,1.00,1.00
2017.11.10 14:32:29.786,0.78708,0.78716,1.00,1.69
2017.11.10 14:32:31.247,0.7871,0.78716,1.00,1.00
2017.11.10 14:32:32.523,0.7871,0.78717,1.00,1.00
2017.11.10 14:32:33.035,0.78709,0.78716,1.00,1.50
2017.11.10 14:32:33.742,0.78709,0.78715,1.00,1.00
2017.11.10 14:32:34.283,0.78709,0.78716,1.00,1.69
2017.11.10 14:32:34.863,0.78709,0.78715,1.00,1.00
2017.11.10 14:32:36.327,0.78709,0.78716,1.00,1.69
2017.11.10 14:32:36.682,0.78709,0.78714,1.00,1.00
2017.11.10 14:32:37.203,0.78709,0.78713,1.00,1.00
2017.11.10 14:32:37.753,0.78709,0.78714,1.00,1.00
2017.11.10 14:32:38.308,0.78709,0.78713,1.00,1.00
2017.11.10 14:32:38.960,0.78709,0.78714,1.00,1.25
2017.11.10 14:32:39.213,0.78709,0.78716,1.00,2.44
2017.11.10 14:32:39.366,0.78707,0.78713,1.00,1.00
2017.11.10 14:32:39.469,0.78705,0.78713,1.00,2.25
2017.11.10 14:32:39.924,0.78706,0.78715,1.00,1.50
2017.11.10 14:32:40.441,0.78707,0.78716,1.00,3.19
2017.11.10 14:32:40.543,0.78705,0.78715,1.50,3.37
2017.11.10 14:32:41.206,0.78707,0.78715,1.00,1.69
2017.11.10 14:32:41.621,0.78709,0.78716,1.00,1.69
2017.11.10 14:32:42.347,0.78709,0.78718,1.50,1.69
2017.11.10 14:32:43.153,0.78709,0.78717,1.50,1.00
2017.11.10 14:32:44.111,0.78709,0.78716,1.00,1.00
2017.11.10 14:32:44.162,0.78711,0.78717,1.00,1.25
2017.11.10 14:32:44.263,0.78711,0.7872,1.50,1.87
2017.11.10 14:32:44.365,0.78713,0.7872,1.00,1.25
2017.11.10 14:32:44.693,0.78716,0.78723,1.00,1.69
2017.11.10 14:32:45.221,0.78715,0.78722,1.00,1.00
2017.11.10 14:32:45.424,0.78715,0.78724,1.50,1.69
2017.11.10 14:32:46.349,0.78716,0.78725,1.00,1.87
2017.11.10 14:32:46.795,0.78717,0.78723,1.00,1.00
2017.11.10 14:32:47.099,0.78717,0.78721,1.00,1.00
2017.11.10 14:32:47.150,0.78714,0.78721,1.87,1.00
2017.11.10 14:32:47.353,0.78714,0.78719,1.00,1.00
2017.11.10 14:32:47.404,0.78712,0.78719,1.50,1.00
2017.11.10 14:32:47.978,0.78712,0.7872,1.00,1.50
2017.11.10 14:32:48.565,0.78712,0.78719,1.00,1.00
2017.11.10 14:32:48.920,0.78712,0.78721,1.00,1.25
2017.11.10 14:32:49.128,0.78714,0.78721,1.00,1.25
2017.11.10 14:32:50.306,0.78714,0.78722,1.00,2.06
2017.11.10 14:32:50.637,0.78714,0.7872,1.00,1.00
2017.11.10 14:32:51.167,0.78714,0.78721,1.00,1.50
2017.11.10 14:32:51.371,0.78716,0.78725,2.25,1.50
2017.11.10 14:32:52.825,0.78716,0.78723,2.25,1.00
2017.11.10 14:32:53.363,0.78716,0.78724,2.25,1.00
2017.11.10 14:32:53.978,0.78716,0.78725,1.50,1.25
2017.11.10 14:32:54.485,0.78716,0.78726,3.19,2.81
2017.11.10 14:32:55.534,0.78716,0.78725,2.25,1.00
2017.11.10 14:32:56.074,0.78718,0.78726,1.00,1.50
2017.11.10 14:32:56.378,0.7872,0.78726,1.00,1.00
2017.11.10 14:32:56.892,0.7872,0.78727,1.00,1.00
2017.11.10 14:32:57.731,0.7872,0.78727,1.00,1.44
2017.11.10 14:32:58.255,0.7872,0.78727,1.00,1.00
2017.11.10 14:32:58.836,0.7872,0.78726,1.00,1.00
2017.11.10 14:32:59.352,0.7872,0.78727,1.00,1.00
2017.11.10 14:32:59.941,0.78721,0.78728,1.50,1.00
2017.11.10 14:32:59.992,0.78722,0.7873,1.00,1.25
2017.11.10 14:33:00.499,0.78722,0.7873,1.50,1.44
2017.11.10 14:33:00.731,0.7872,0.78729,1.50,1.88
2017.11.10 14:33:01.355,0.7872,0.78728,1.00,1.00
2017.11.10 14:33:01.988,0.7872,0.78729,1.00,1.69
2017.11.10 14:33:04.520,0.7872,0.78725,1.00,1.00
2017.11.10 14:33:04.788,0.78718,0.78725,1.00,1.00
2017.11.10 14:33:05.459,0.78718,0.78724,1.00,1.00
2017.11.10 14:33:05.977,0.78718,0.78725,1.00,1.25
2017.11.10 14:33:06.381,0.78718,0.78727,1.00,1.31
2017.11.10 14:33:06.955,0.78718,0.78726,1.00,1.25
2017.11.10 14:33:07.500,0.78718,0.78725,1.00,1.00
2017.11.10 14:33:08.033,0.78718,0.78726,1.00,1.25
2017.11.10 14:33:08.554,0.78718,0.78725,1.00,1.00
2017.11.10 14:33:08.987,0.78714,0.78723,1.87,1.25
2017.11.10 14:33:09.198,0.78716,0.78724,1.00,1.12
2017.11.10 14:33:09.758,0.78716,0.78723,1.00,1.00
2017.11.10 14:33:09.859,0.78714,0.78723,1.87,1.25
2017.11.10 14:33:10.658,0.78714,0.78724,2.25,2.06
2017.11.10 14:33:11.216,0.78714,0.78723,1.50,1.00
2017.11.10 14:33:11.572,0.78716,0.78724,1.00,1.87
2017.11.10 14:33:11.876,0.7871,0.78718,1.00,1.00
2017.11.10 14:33:12.181,0.78712,0.7872,1.00,1.50
2017.11.10 14:33:12.688,0.78712,0.78719,1.00,1.00
2017.11.10 14:33:14.722,0.78712,0.78717,1.00,1.00
2017.11.10 14:33:14.824,0.7871,0.78717,1.00,1.50
2017.11.10 14:33:16.355,0.7871,0.78716,1.00,1.00
2017.11.10 14:33:16.994,0.7871,0.78717,1.00,1.25
2017.11.10 14:33:17.291,0.7871,0.78715,1.00,1.00
2017.11.10 14:33:17.813,0.7871,0.78716,1.00,1.25
2017.11.10 14:33:18.439,0.7871,0.78715,1.00,1.00
2017.11.10 14:33:19.092,0.7871,0.78717,1.00,1.31
2017.11.10 14:33:19.535,0.78712,0.7872,1.00,1.69
2017.11.10 14:33:19.586,0.78712,0.78718,1.00,1.25
2017.11.10 14:33:20.095,0.78712,0.78717,1.00,1.00
2017.11.10 14:33:20.612,0.78712,0.78718,1.00,1.00
2017.11.10 14:33:21.121,0.78712,0.78719,1.00,1.25
2017.11.10 14:33:21.627,0.78712,0.78718,1.00,1.00
2017.11.10 14:33:22.225,0.78712,0.78719,1.00,1.00
2017.11.10 14:33:22.882,0.78714,0.78721,1.00,1.12
2017.11.10 14:33:23.190,0.78712,0.78719,1.00,1.00
2017.11.10 14:33:23.737,0.78712,0.7872,1.00,1.25
2017.11.10 14:33:24.367,0.78712,0.78721,1.00,1.00
2017.11.10 14:33:25.702,0.78715,0.78723,1.00,1.69
2017.11.10 14:33:27.306,0.78715,0.78722,1.00,1.00
2017.11.10 14:33:28.295,0.78715,0.78723,1.00,1.69
2017.11.10 14:33:30.710,0.78715,0.78722,1.00,1.00
2017.11.10 14:33:31.216,0.78715,0.78721,1.00,1.00
2017.11.10 14:33:32.010,0.78715,0.78722,1.00,1.25
2017.11.10 14:33:34.343,0.78715,0.78723,1.00,1.69
2017.11.10 14:33:34.866,0.78715,0.78722,1.00,1.00
2017.11.10 14:33:35.627,0.78715,0.78723,1.00,1.50
2017.11.10 14:33:37.776,0.78715,0.78724,1.00,2.06
2017.11.10 14:33:38.318,0.78717,0.78725,1.00,1.69
2017.11.10 14:33:38.826,0.78717,0.78724,1.00,1.25
2017.11.10 14:33:39.346,0.78717,0.78725,1.00,1.69
2017.11.10 14:33:39.754,0.78717,0.78723,1.00,1.00
2017.11.10 14:33:39.813,0.78715,0.78723,1.00,1.00
2017.11.10 14:33:40.324,0.78715,0.78722,1.00,1.00
2017.11.10 14:33:40.806,0.78714,0.7872,1.00,1.00
2017.11.10 14:33:41.813,0.78714,0.78722,1.00,1.69
2017.11.10 14:33:43.272,0.78714,0.78723,1.50,3.00
2017.11.10 14:33:43.790,0.78715,0.78723,1.00,1.50
2017.11.10 14:33:44.320,0.78716,0.78723,1.50,1.00
2017.11.10 14:33:44.524,0.78719,0.78726,1.00,1.00
2017.11.10 14:33:45.044,0.7872,0.78727,1.00,1.13
2017.11.10 14:33:45.592,0.7872,0.78726,1.00,1.00
2017.11.10 14:33:46.504,0.7872,0.78728,1.00,1.25
2017.11.10 14:33:47.324,0.7872,0.78729,1.50,2.25
2017.11.10 14:33:47.832,0.78721,0.78729,1.00,1.50
2017.11.10 14:33:48.441,0.78721,0.7873,2.25,1.25
2017.11.10 14:33:48.542,0.78723,0.78731,1.00,1.69
2017.11.10 14:33:49.124,0.78723,0.7873,1.00,1.00
2017.11.10 14:33:49.674,0.78723,0.78731,1.00,1.69
2017.11.10 14:33:50.567,0.78723,0.7873,1.50,1.25
2017.11.10 14:33:50.868,0.78721,0.78728,1.50,1.25
2017.11.10 14:33:51.118,0.78722,0.7873,1.00,1.00
2017.11.10 14:33:51.626,0.78723,0.7873,1.00,1.25
2017.11.10 14:33:52.211,0.78723,0.78731,1.00,1.25
2017.11.10 14:33:52.753,0.78724,0.78731,1.00,1.25
2017.11.10 14:33:55.325,0.78724,0.78732,1.00,1.25
2017.11.10 14:33:55.844,0.78724,0.78731,1.00,1.25
2017.11.10 14:33:56.566,0.78724,0.78732,1.00,1.25
2017.11.10 14:33:57.103,0.78725,0.78732,1.00,1.00
2017.11.10 14:33:57.623,0.78725,0.78733,1.00,1.25
2017.11.10 14:33:59.740,0.78725,0.78734,1.00,1.50
2017.11.10 14:34:01.241,0.78725,0.78731,1.00,1.00
2017.11.10 14:34:01.343,0.78723,0.78731,1.50,1.00
2017.11.10 14:34:01.685,0.78726,0.78733,1.50,1.00
2017.11.10 14:34:01.736,0.78727,0.78735,1.50,1.31
2017.11.10 14:34:02.242,0.78729,0.78735,1.00,1.00
2017.11.10 14:34:02.930,0.78727,0.78735,2.25,1.25
2017.11.10 14:34:03.548,0.78727,0.78734,1.50,1.00
2017.11.10 14:34:03.649,0.78729,0.78735,1.00,1.00
2017.11.10 14:34:04.668,0.78729,0.78734,1.00,1.00
2017.11.10 14:34:05.125,0.78729,0.78737,1.00,1.87
2017.11.10 14:34:05.176,0.78729,0.78738,1.50,1.31
2017.11.10 14:34:05.227,0.78731,0.78738,1.00,1.31
2017.11.10 14:34:05.776,0.78731,0.78737,1.00,1.00
2017.11.10 14:34:06.298,0.78731,0.78738,1.00,1.31
2017.11.10 14:34:06.834,0.78731,0.78738,1.00,1.31
2017.11.10 14:34:06.936,0.78729,0.78736,1.50,1.25
2017.11.10 14:34:08.062,0.78729,0.78734,1.00,1.00
2017.11.10 14:34:08.114,0.78727,0.78734,2.44,1.00
2017.11.10 14:34:11.151,0.78727,0.78736,2.44,2.44
2017.11.10 14:34:12.212,0.78727,0.78736,1.00,2.81
2017.11.10 14:34:12.313,0.78727,0.78731,1.00,1.25
2017.11.10 14:34:12.500,0.78725,0.78731,1.00,1.13
2017.11.10 14:34:12.552,0.78722,0.78728,1.50,1.50
2017.11.10 14:34:13.710,0.7872,0.78728,1.00,2.44
2017.11.10 14:34:13.761,0.7872,0.78726,1.00,1.00
2017.11.10 14:34:14.817,0.7872,0.78727,1.00,1.50
2017.11.10 14:34:15.325,0.7872,0.78726,1.00,1.50
2017.11.10 14:34:17.335,0.7872,0.78727,1.00,2.44
2017.11.10 14:34:17.972,0.7872,0.78726,1.00,1.00
2017.11.10 14:34:22.797,0.7872,0.78725,1.00,1.00
2017.11.10 14:34:23.171,0.78716,0.78723,1.00,1.13
2017.11.10 14:34:23.674,0.78716,0.78722,1.00,1.50
2017.11.10 14:34:27.511,0.78716,0.78721,1.00,1.00
2017.11.10 14:34:27.765,0.78714,0.78719,1.00,1.25
2017.11.10 14:34:27.915,0.78712,0.78719,1.00,1.25
2017.11.10 14:34:28.219,0.7871,0.78717,1.00,1.88
2017.11.10 14:34:28.523,0.78708,0.78714,1.00,1.25
2017.11.10 14:34:28.791,0.78706,0.78713,1.00,1.50
2017.11.10 14:34:28.999,0.78708,0.78715,1.00,1.31
2017.11.10 14:34:29.518,0.78708,0.78716,1.00,1.12
2017.11.10 14:34:29.884,0.78706,0.78711,1.00,1.00
2017.11.10 14:34:29.935,0.78704,0.78712,1.00,1.00
2017.11.10 14:34:30.037,0.78706,0.78714,1.00,1.87
2017.11.10 14:34:30.566,0.78706,0.78713,1.00,1.00
2017.11.10 14:34:32.136,0.78706,0.78712,1.00,1.25
2017.11.10 14:34:32.653,0.78706,0.78713,1.00,1.69
2017.11.10 14:34:33.187,0.78706,0.78714,1.00,1.25
2017.11.10 14:34:34.732,0.78706,0.78716,2.25,3.37
2017.11.10 14:34:35.266,0.78707,0.78716,1.00,3.37
2017.11.10 14:34:35.774,0.78706,0.78715,1.50,2.44
2017.11.10 14:34:36.058,0.78706,0.78713,1.00,1.00
2017.11.10 14:34:36.363,0.78702,0.78709,1.00,1.50
2017.11.10 14:34:36.668,0.787,0.78706,1.00,1.50
2017.11.10 14:34:37.017,0.78698,0.78703,1.00,1.00
2017.11.10 14:34:37.586,0.78698,0.78704,1.00,1.50
2017.11.10 14:34:37.638,0.787,0.78707,1.00,2.06
2017.11.10 14:34:37.841,0.787,0.78709,1.50,1.50
2017.11.10 14:34:38.806,0.787,0.78706,1.00,1.00
2017.11.10 14:34:38.908,0.78698,0.78705,1.00,1.00
2017.11.10 14:34:39.453,0.78697,0.78705,1.00,1.00
2017.11.10 14:34:39.879,0.78699,0.78708,1.50,2.25
2017.11.10 14:34:40.449,0.787,0.78708,1.50,1.00
2017.11.10 14:34:41.262,0.787,0.78706,1.00,1.00
2017.11.10 14:34:41.363,0.78698,0.78706,1.00,1.00
2017.11.10 14:34:41.616,0.787,0.78708,1.50,1.25
2017.11.10 14:34:42.479,0.787,0.78709,2.25,1.69
2017.11.10 14:34:43.153,0.787,0.78708,1.50,1.00
2017.11.10 14:34:43.409,0.78698,0.78707,2.25,1.00
2017.11.10 14:34:43.880,0.787,0.78707,1.00,1.69
2017.11.10 14:34:44.219,0.78699,0.78705,1.00,1.00
2017.11.10 14:34:45.169,0.78699,0.78706,1.00,1.25
2017.11.10 14:34:45.374,0.78703,0.78711,1.00,1.00
2017.11.10 14:34:45.426,0.78705,0.78712,1.00,2.44
2017.11.10 14:34:45.937,0.78706,0.78713,1.00,1.00
2017.11.10 14:34:46.241,0.78705,0.78711,1.00,1.00
2017.11.10 14:34:46.843,0.78703,0.78708,1.50,1.00
2017.11.10 14:34:46.895,0.78701,0.78708,1.12,1.25
2017.11.10 14:34:47.598,0.78701,0.78709,1.50,1.25
2017.11.10 14:34:48.109,0.78701,0.7871,2.25,1.12
2017.11.10 14:34:48.337,0.78703,0.78711,1.50,1.25
2017.11.10 14:34:48.786,0.78705,0.78711,1.00,1.00
2017.11.10 14:34:49.402,0.78705,0.78712,1.00,1.12
2017.11.10 14:34:49.453,0.78703,0.78711,1.50,1.25
2017.11.10 14:34:49.960,0.78703,0.7871,1.00,1.00
2017.11.10 14:34:50.462,0.78702,0.7871,1.00,1.00
2017.11.10 14:34:52.317,0.78702,0.78711,1.00,3.75
2017.11.10 14:34:52.983,0.78704,0.78711,1.00,1.00
2017.11.10 14:34:53.034,0.78705,0.78713,1.00,1.87
2017.11.10 14:34:53.247,0.78705,0.78711,1.50,1.00
2017.11.10 14:34:53.553,0.78702,0.78707,1.00,1.00
2017.11.10 14:34:54.113,0.78702,0.78708,1.00,1.00
2017.11.10 14:34:55.076,0.78702,0.7871,1.00,1.12
2017.11.10 14:34:58.024,0.78702,0.78708,1.00,1.00
2017.11.10 14:34:58.491,0.78699,0.78708,1.50,1.25
2017.11.10 14:34:58.643,0.78701,0.78707,1.00,1.00
2017.11.10 14:34:58.694,0.78701,0.78709,1.00,1.50
2017.11.10 14:34:59.545,0.78702,0.7871,1.00,1.25
2017.11.10 14:35:00.146,0.78703,0.7871,1.00,1.00
2017.11.10 14:35:01.962,0.78703,0.78711,1.00,1.69
2017.11.10 14:35:03.270,0.78703,0.78709,1.00,1.00
2017.11.10 14:35:03.372,0.78701,0.78708,1.00,1.00
2017.11.10 14:35:04.388,0.78701,0.78707,1.00,1.00
2017.11.10 14:35:04.490,0.78703,0.78709,1.00,1.00
2017.11.10 14:35:05.355,0.78703,0.7871,1.00,1.50
2017.11.10 14:35:05.558,0.78703,0.78712,1.50,2.44
2017.11.10 14:35:05.832,0.78705,0.78712,1.00,1.00
2017.11.10 14:35:07.687,0.78705,0.78711,1.00,1.00
2017.11.10 14:35:07.971,0.78703,0.78711,1.00,1.00
2017.11.10 14:35:08.478,0.78703,0.7871,1.00,1.00
2017.11.10 14:35:09.084,0.78703,0.78709,1.00,1.25
2017.11.10 14:35:09.622,0.78703,0.78708,1.00,1.00
2017.11.10 14:35:09.674,0.78701,0.78708,1.00,1.00
2017.11.10 14:35:10.602,0.78701,0.78707,1.00,1.25
2017.11.10 14:35:11.859,0.78701,0.78708,1.00,1.25
2017.11.10 14:35:12.682,0.78701,0.78709,1.00,1.00
2017.11.10 14:35:13.922,0.78701,0.7871,2.25,1.25
2017.11.10 14:35:14.823,0.78702,0.78711,1.00,3.00
2017.11.10 14:35:15.077,0.78704,0.78711,1.00,1.00
2017.11.10 14:35:15.599,0.78704,0.78712,1.00,1.25
2017.11.10 14:35:16.300,0.78704,0.78713,1.69,1.50
2017.11.10 14:35:16.604,0.78705,0.78711,1.00,1.25
2017.11.10 14:35:17.079,0.78705,0.78709,1.00,1.00
2017.11.10 14:35:17.130,0.78703,0.78708,1.00,1.00
2017.11.10 14:35:17.181,0.78703,0.7871,1.00,1.69
2017.11.10 14:35:17.683,0.78703,0.78711,1.00,1.25
2017.11.10 14:35:19.176,0.78703,0.78712,2.44,1.00
2017.11.10 14:35:19.227,0.78705,0.78712,1.50,1.00
2017.11.10 14:35:21.379,0.78705,0.78713,1.00,1.69
2017.11.10 14:35:22.096,0.78705,0.78712,1.00,1.00
2017.11.10 14:35:22.159,0.78706,0.78714,1.00,1.25
2017.11.10 14:35:22.210,0.78709,0.78715,1.00,1.50
2017.11.10 14:35:22.718,0.78708,0.78716,1.87,1.50
2017.11.10 14:35:24.129,0.7871,0.78716,1.00,1.50
2017.11.10 14:35:25.138,0.78708,0.78716,1.12,1.69
2017.11.10 14:35:26.012,0.7871,0.78716,1.00,1.00
2017.11.10 14:35:26.537,0.7871,0.78717,1.00,1.00
2017.11.10 14:35:27.048,0.7871,0.78718,1.00,1.69
2017.11.10 14:35:32.486,0.78711,0.78718,1.00,1.00
2017.11.10 14:35:34.379,0.7871,0.78718,2.44,1.00
2017.11.10 14:35:35.059,0.78711,0.78718,1.00,1.00
2017.11.10 14:35:36.341,0.78713,0.78719,1.00,1.00
2017.11.10 14:35:36.850,0.78713,0.7872,1.00,1.69
2017.11.10 14:35:41.104,0.78713,0.78721,1.00,1.00
2017.11.10 14:35:42.805,0.78713,0.7872,1.00,1.00
2017.11.10 14:35:43.327,0.78713,0.78721,1.00,1.00
2017.11.10 14:35:43.843,0.78713,0.78722,1.00,2.06
2017.11.10 14:35:44.556,0.78712,0.78721,2.25,1.69
2017.11.10 14:35:44.865,0.7871,0.78719,1.69,2.44
2017.11.10 14:35:45.389,0.78712,0.7872,1.69,1.25
2017.11.10 14:35:45.936,0.78713,0.7872,1.00,1.25
2017.11.10 14:35:46.458,0.78712,0.7872,1.00,1.00
2017.11.10 14:35:46.762,0.78709,0.78717,1.00,1.00
2017.11.10 14:35:47.246,0.78708,0.78715,1.00,1.00
2017.11.10 14:35:47.552,0.78706,0.78714,1.00,1.00
2017.11.10 14:35:48.199,0.78705,0.78713,1.00,1.50
2017.11.10 14:35:48.655,0.78703,0.7871,1.00,1.00
2017.11.10 14:35:49.187,0.78702,0.78711,1.00,3.00
2017.11.10 14:35:49.725,0.78703,0.78711,1.50,1.00
2017.11.10 14:35:51.254,0.78704,0.78711,1.00,1.50
2017.11.10 14:35:51.356,0.78704,0.78713,1.50,2.25
2017.11.10 14:35:52.036,0.78706,0.78714,1.00,1.25
2017.11.10 14:35:52.341,0.78709,0.78716,1.00,1.87
2017.11.10 14:35:53.437,0.78707,0.78716,2.62,1.69
2017.11.10 14:35:54.142,0.78709,0.78718,1.50,3.00
2017.11.10 14:35:54.656,0.78708,0.78717,3.19,1.00
2017.11.10 14:35:55.135,0.78708,0.78714,1.00,1.00
2017.11.10 14:35:55.236,0.78706,0.78714,1.50,1.00
2017.11.10 14:35:55.749,0.78705,0.78714,1.00,2.44
2017.11.10 14:35:56.972,0.78704,0.78714,3.19,2.25
2017.11.10 14:35:59.717,0.78704,0.78713,2.44,1.00
2017.11.10 14:35:59.769,0.78702,0.78711,3.37,1.00
2017.11.10 14:36:00.070,0.78706,0.78712,1.00,1.69
2017.11.10 14:36:00.576,0.78704,0.78712,1.50,1.50
2017.11.10 14:36:00.736,0.78704,0.7871,1.00,1.00
2017.11.10 14:36:00.788,0.78702,0.7871,1.12,1.00
2017.11.10 14:36:01.322,0.78703,0.78711,1.50,1.00
2017.11.10 14:36:01.573,0.78706,0.78714,1.50,1.00
2017.11.10 14:36:02.113,0.78704,0.78712,1.50,1.12
2017.11.10 14:36:02.458,0.78705,0.78714,1.50,2.25
2017.11.10 14:36:03.052,0.78707,0.78714,1.00,1.00
2017.11.10 14:36:03.357,0.78704,0.78711,1.00,1.00
2017.11.10 14:36:03.658,0.78702,0.78708,1.00,1.00
2017.11.10 14:36:04.189,0.78701,0.78707,1.00,1.00
2017.11.10 14:36:04.723,0.787,0.78707,1.00,1.25
2017.11.10 14:36:05.673,0.787,0.78706,1.00,1.00
2017.11.10 14:36:06.155,0.78701,0.78709,1.00,1.50
2017.11.10 14:36:11.723,0.787,0.78709,1.50,1.69
2017.11.10 14:36:12.992,0.787,0.78707,1.00,1.00
2017.11.10 14:36:13.596,0.787,0.78708,1.00,1.25
2017.11.10 14:36:14.147,0.78701,0.78709,1.00,1.50
2017.11.10 14:36:15.177,0.78701,0.7871,1.50,1.12
2017.11.10 14:36:16.347,0.78701,0.78708,1.00,1.25
2017.11.10 14:36:16.450,0.78697,0.78705,1.00,1.00
2017.11.10 14:36:16.958,0.78696,0.78704,1.50,1.00
2017.11.10 14:36:17.469,0.78696,0.78705,2.63,1.50
2017.11.10 14:36:18.030,0.78697,0.78705,1.00,1.00
2017.11.10 14:36:18.710,0.78698,0.78705,1.00,1.00
2017.11.10 14:36:19.445,0.78698,0.78707,2.25,1.25
2017.11.10 14:36:19.497,0.78701,0.78708,1.00,1.00
2017.11.10 14:36:19.700,0.78702,0.78711,1.50,1.25
2017.11.10 14:36:19.802,0.78702,0.78709,1.00,1.00
2017.11.10 14:36:21.004,0.78702,0.7871,1.00,1.25
2017.11.10 14:36:22.095,0.78702,0.78711,1.50,1.25
2017.11.10 14:36:23.174,0.78702,0.7871,1.50,1.00
2017.11.10 14:36:23.694,0.78702,0.78709,1.00,1.00
2017.11.10 14:36:24.250,0.78702,0.7871,1.00,1.50
2017.11.10 14:36:24.554,0.78704,0.78711,1.00,1.50
2017.11.10 14:36:25.134,0.78704,0.7871,1.00,1.00
2017.11.10 14:36:25.337,0.78704,0.78712,1.00,1.87
2017.11.10 14:36:25.843,0.78704,0.78711,1.00,1.00
2017.11.10 14:36:26.366,0.78704,0.78712,2.25,1.12
2017.11.10 14:36:29.113,0.78704,0.78713,3.00,1.00
2017.11.10 14:36:30.465,0.78704,0.78712,1.50,1.00
2017.11.10 14:36:31.614,0.78706,0.78712,1.00,1.00
2017.11.10 14:36:31.665,0.78706,0.78714,1.00,2.44
2017.11.10 14:36:32.290,0.78706,0.78713,1.00,1.00
2017.11.10 14:36:34.957,0.78706,0.78712,1.00,1.00
2017.11.10 14:36:35.059,0.78704,0.78713,2.44,1.25
2017.11.10 14:36:35.613,0.78705,0.78714,1.69,1.69
2017.11.10 14:36:36.267,0.78705,0.78713,1.87,1.00
2017.11.10 14:36:37.718,0.78705,0.78712,1.00,1.50
2017.11.10 14:36:38.279,0.78704,0.78712,1.00,1.50
2017.11.10 14:36:38.824,0.78704,0.78711,1.00,1.00
2017.11.10 14:36:39.494,0.78704,0.78712,1.50,1.00
2017.11.10 14:36:40.508,0.78704,0.78713,1.69,1.50
2017.11.10 14:36:41.110,0.78705,0.78714,1.50,1.50
2017.11.10 14:36:41.739,0.78704,0.78712,1.50,1.00
2017.11.10 14:36:43.021,0.78704,0.78711,1.00,1.50
2017.11.10 14:36:43.852,0.78702,0.78711,2.25,1.50
2017.11.10 14:36:44.258,0.78702,0.78709,1.00,1.00
2017.11.10 14:36:44.360,0.787,0.78709,2.81,1.00
2017.11.10 14:36:45.008,0.78701,0.7871,1.00,2.25
2017.11.10 14:36:45.559,0.78702,0.7871,1.50,1.00
2017.11.10 14:36:45.829,0.78703,0.78712,1.00,2.44
2017.11.10 14:36:46.632,0.78702,0.78711,2.44,1.00
2017.11.10 14:36:47.397,0.78703,0.78712,1.00,2.44
2017.11.10 14:36:48.161,0.78704,0.78712,1.00,1.50
2017.11.10 14:36:50.318,0.78703,0.78712,1.00,3.00
2017.11.10 14:36:50.675,0.78703,0.78709,1.00,1.00
2017.11.10 14:36:51.163,0.787,0.78708,3.37,1.00
2017.11.10 14:36:51.708,0.78701,0.78709,1.50,1.00
2017.11.10 14:36:51.986,0.787,0.78707,2.81,1.00
2017.11.10 14:36:52.504,0.787,0.78708,2.25,1.00
2017.11.10 14:36:53.063,0.787,0.78707,1.00,1.00
2017.11.10 14:36:53.114,0.78698,0.78707,2.62,1.50
2017.11.10 14:36:53.640,0.78699,0.78707,1.00,1.00
2017.11.10 14:36:54.351,0.78698,0.78707,3.19,1.50
2017.11.10 14:36:54.635,0.787,0.78708,1.69,1.00
2017.11.10 14:36:55.322,0.78699,0.78708,1.25,2.25
2017.11.10 14:36:55.832,0.78697,0.78706,1.87,2.25
2017.11.10 14:36:56.483,0.78699,0.78706,1.00,1.50
2017.11.10 14:36:56.687,0.787,0.78708,1.50,1.00
2017.11.10 14:36:57.511,0.787,0.78706,1.00,1.00
2017.11.10 14:36:57.613,0.78698,0.78706,1.12,1.50
2017.11.10 14:36:58.148,0.78699,0.78707,1.00,1.69
2017.11.10 14:36:58.654,0.78699,0.78706,1.00,1.00
2017.11.10 14:36:59.184,0.78698,0.78706,1.12,1.50
2017.11.10 14:37:00.078,0.78699,0.78706,1.00,1.00
2017.11.10 14:37:00.594,0.78699,0.78707,1.00,1.69
2017.11.10 14:37:00.645,0.78699,0.78705,1.00,1.00
2017.11.10 14:37:00.884,0.78696,0.78704,1.00,1.50
2017.11.10 14:37:01.911,0.78695,0.78704,1.31,2.44
2017.11.10 14:37:02.013,0.78694,0.78702,1.00,1.00
2017.11.10 14:37:02.594,0.78693,0.78702,1.69,2.25
2017.11.10 14:37:02.937,0.78692,0.787,1.25,1.00
2017.11.10 14:37:03.748,0.78692,0.78701,1.50,2.44
2017.11.10 14:37:04.203,0.78691,0.78699,1.50,1.00
2017.11.10 14:37:04.720,0.78689,0.78698,1.87,1.50
2017.11.10 14:37:05.292,0.78691,0.78698,1.00,1.00
2017.11.10 14:37:05.727,0.78693,0.787,1.00,1.50
2017.11.10 14:37:06.031,0.78698,0.78702,1.00,1.00
2017.11.10 14:37:06.082,0.78698,0.78704,1.00,2.25
2017.11.10 14:37:06.985,0.78695,0.78702,1.00,1.50
2017.11.10 14:37:08.725,0.78695,0.78701,1.00,1.00
2017.11.10 14:37:08.776,0.78693,0.78701,1.50,1.25
2017.11.10 14:37:09.295,0.78694,0.78702,1.00,1.00
2017.11.10 14:37:09.549,0.78697,0.78702,1.00,1.00
2017.11.10 14:37:09.650,0.78697,0.78704,1.00,1.00
2017.11.10 14:37:10.518,0.78698,0.78704,1.00,1.00
2017.11.10 14:37:10.569,0.78701,0.78706,1.00,1.00
2017.11.10 14:37:10.621,0.78701,0.78708,1.00,1.69
2017.11.10 14:37:10.723,0.78699,0.78708,2.62,1.69
2017.11.10 14:37:11.248,0.787,0.78708,1.00,1.00
2017.11.10 14:37:11.756,0.78699,0.78707,1.87,1.25
2017.11.10 14:37:12.311,0.78699,0.78706,1.00,1.00
2017.11.10 14:37:12.821,0.78699,0.78707,1.00,2.25
2017.11.10 14:37:13.167,0.78701,0.78708,1.50,1.00
2017.11.10 14:37:13.218,0.78701,0.7871,1.69,1.25
2017.11.10 14:37:13.269,0.78703,0.7871,1.00,1.00
2017.11.10 14:37:13.977,0.78703,0.78712,1.50,1.87
2017.11.10 14:37:14.028,0.78705,0.78712,1.00,1.87
2017.11.10 14:37:16.741,0.78702,0.78711,3.00,1.00
2017.11.10 14:37:17.285,0.78704,0.78712,1.50,1.00
2017.11.10 14:37:18.131,0.78704,0.78713,2.25,1.00
2017.11.10 14:37:19.153,0.78705,0.78714,1.00,3.37
2017.11.10 14:37:19.723,0.78704,0.78713,3.00,1.25
2017.11.10 14:37:19.947,0.78704,0.7871,1.50,1.00
2017.11.10 14:37:19.998,0.78702,0.78709,1.00,1.00
2017.11.10 14:37:20.049,0.787,0.78706,1.00,1.00
2017.11.10 14:37:20.100,0.78698,0.78706,1.50,1.69
2017.11.10 14:37:20.151,0.78696,0.78705,2.06,1.00
2017.11.10 14:37:20.844,0.78697,0.78705,1.00,1.00
2017.11.10 14:37:20.895,0.787,0.78705,1.00,1.00
2017.11.10 14:37:20.947,0.787,0.78707,2.44,1.12
2017.11.10 14:37:20.999,0.78701,0.78709,1.50,1.00
2017.11.10 14:37:21.532,0.78702,0.7871,1.00,1.00
2017.11.10 14:37:21.685,0.78702,0.78707,1.00,1.00
2017.11.10 14:37:21.787,0.78699,0.78705,1.00,1.25
2017.11.10 14:37:21.838,0.78697,0.78704,1.00,1.50
2017.11.10 14:37:21.889,0.78694,0.78704,3.19,2.62
2017.11.10 14:37:22.049,0.78694,0.78702,2.44,1.00
2017.11.10 14:37:22.607,0.78694,0.787,1.50,1.00
2017.11.10 14:37:23.149,0.78693,0.78702,1.44,3.00
2017.11.10 14:37:23.200,0.78694,0.78704,1.69,2.44
2017.11.10 14:37:24.070,0.78696,0.78704,1.00,1.00
2017.11.10 14:37:24.592,0.78697,0.78704,1.00,1.00
2017.11.10 14:37:24.867,0.78699,0.78707,1.69,1.00
2017.11.10 14:37:25.940,0.78698,0.78707,2.25,2.25
2017.11.10 14:37:26.043,0.78695,0.78705,4.50,2.25
2017.11.10 14:37:26.772,0.78697,0.78705,1.00,1.00
2017.11.10 14:37:26.975,0.78697,0.78707,1.69,2.44
2017.11.10 14:37:27.599,0.78697,0.78706,1.69,1.00
2017.11.10 14:37:27.650,0.78699,0.78707,1.00,1.00
2017.11.10 14:37:28.007,0.78697,0.78706,2.44,1.50
2017.11.10 14:37:28.531,0.78697,0.78705,1.25,1.00
2017.11.10 14:37:29.109,0.78696,0.78705,1.69,1.00
2017.11.10 14:37:29.836,0.78697,0.78705,1.00,1.00
2017.11.10 14:37:32.626,0.78698,0.78705,1.00,1.00
2017.11.10 14:37:33.129,0.78697,0.78705,2.44,1.00
2017.11.10 14:37:33.680,0.78698,0.78705,1.00,1.00
2017.11.10 14:37:34.190,0.78699,0.78705,1.00,1.00
2017.11.10 14:37:35.201,0.787,0.78705,1.00,1.00
2017.11.10 14:37:35.252,0.78701,0.78707,1.00,1.00
2017.11.10 14:37:35.770,0.78702,0.78707,1.50,1.00
2017.11.10 14:37:36.288,0.78707,0.78711,1.00,1.00
2017.11.10 14:37:36.390,0.78707,0.78711,1.00,1.00
2017.11.10 14:37:36.441,0.78705,0.78711,2.81,1.00
2017.11.10 14:37:36.968,0.78703,0.78711,1.69,1.00
2017.11.10 14:37:47.262,0.78704,0.78711,1.00,1.00
2017.11.10 14:37:47.812,0.78705,0.78711,1.00,1.00
2017.11.10 14:37:48.370,0.78703,0.78711,2.81,1.00
2017.11.10 14:37:49.252,0.78702,0.78709,1.00,1.00
2017.11.10 14:37:49.920,0.78701,0.78709,2.06,1.00
2017.11.10 14:37:51.050,0.78702,0.78709,1.00,1.00
2017.11.10 14:37:52.529,0.78703,0.78709,1.00,1.00
2017.11.10 14:37:56.108,0.78708,0.78713,1.88,1.00
2017.11.10 14:37:56.159,0.78708,0.78715,1.88,1.00
2017.11.10 14:37:56.210,0.78711,0.78715,1.00,1.00
2017.11.10 14:37:57.304,0.78708,0.78715,1.00,1.00
2017.11.10 14:37:57.456,0.78706,0.78715,2.06,1.00
2017.11.10 14:37:57.696,0.78706,0.7871,1.00,1.00
2017.11.10 14:37:57.747,0.78701,0.78709,1.25,1.00
2017.11.10 14:37:57.798,0.787,0.78705,1.00,1.00
2017.11.10 14:37:57.900,0.78695,0.78703,3.00,1.00
2017.11.10 14:37:58.446,0.78694,0.78702,1.00,1.00
2017.11.10 14:37:58.983,0.78693,0.78702,1.50,1.50
2017.11.10 14:37:59.261,0.78691,0.787,2.44,1.00
2017.11.10 14:37:59.567,0.78696,0.78702,1.25,1.00
2017.11.10 14:37:59.872,0.78698,0.78704,1.25,1.00
2017.11.10 14:38:00.359,0.787,0.78704,1.00,1.00
2017.11.10 14:38:00.956,0.78701,0.78705,1.00,1.00
2017.11.10 14:38:01.007,0.78703,0.78708,1.00,1.00
2017.11.10 14:38:01.529,0.78701,0.78708,1.50,1.00
2017.11.10 14:38:02.037,0.78703,0.78708,1.00,1.00
2017.11.10 14:38:03.012,0.78702,0.78708,2.62,1.00
2017.11.10 14:38:04.689,0.78703,0.78708,1.00,1.00
2017.11.10 14:38:05.002,0.787,0.78708,1.00,1.50
2017.11.10 14:38:05.663,0.78698,0.78706,1.87,1.00
2017.11.10 14:38:05.918,0.78694,0.78703,2.44,1.00
2017.11.10 14:38:06.546,0.78695,0.78704,1.00,2.44
2017.11.10 14:38:06.648,0.78697,0.78704,1.00,1.00
2017.11.10 14:38:07.180,0.78695,0.78703,1.50,1.00
2017.11.10 14:38:07.485,0.78693,0.78699,1.12,1.00
2017.11.10 14:38:07.952,0.78694,0.78702,2.25,1.19
2017.11.10 14:38:08.392,0.78692,0.787,1.00,1.00
2017.11.10 14:38:09.422,0.78694,0.787,1.50,1.00
2017.11.10 14:38:09.929,0.78692,0.787,1.00,1.50
2017.11.10 14:38:11.539,0.78695,0.787,1.00,1.00
2017.11.10 14:38:11.843,0.78697,0.78701,1.00,1.00
2017.11.10 14:38:13.738,0.78697,0.78701,1.69,1.00
2017.11.10 14:38:14.330,0.78699,0.78703,1.00,1.00
2017.11.10 14:38:14.448,0.78699,0.78704,1.69,1.00
2017.11.10 14:38:15.303,0.787,0.78704,1.00,1.00
2017.11.10 14:38:15.727,0.78702,0.78706,1.00,1.00
2017.11.10 14:38:15.778,0.787,0.78704,1.50,1.00
2017.11.10 14:38:16.031,0.78697,0.78704,1.00,1.00
2017.11.10 14:38:16.569,0.78696,0.78704,1.00,1.50
2017.11.10 14:38:17.454,0.78697,0.78704,1.00,1.00
2017.11.10 14:38:18.483,0.78698,0.78704,1.25,1.00
2017.11.10 14:38:19.036,0.78697,0.78704,2.06,1.00
2017.11.10 14:38:21.034,0.78698,0.78704,1.00,1.00
2017.11.10 14:38:21.085,0.78699,0.78707,1.69,1.00
2017.11.10 14:38:21.357,0.78697,0.78705,2.25,1.00
2017.11.10 14:38:21.863,0.78698,0.78705,1.00,1.00
2017.11.10 14:38:22.409,0.78699,0.78705,1.50,1.00
2017.11.10 14:38:24.354,0.78701,0.78705,1.00,1.00
2017.11.10 14:38:24.405,0.78702,0.78707,1.00,1.00
2017.11.10 14:38:24.600,0.787,0.78707,1.12,1.00
2017.11.10 14:38:24.906,0.78701,0.78709,1.50,1.00
2017.11.10 14:38:26.351,0.78699,0.78708,3.19,1.00
2017.11.10 14:38:27.326,0.78699,0.78706,2.25,1.00
2017.11.10 14:38:29.269,0.78699,0.78706,1.50,1.50
2017.11.10 14:38:29.593,0.78697,0.78704,1.50,1.00
2017.11.10 14:38:30.782,0.78698,0.78704,1.00,1.00
2017.11.10 14:38:32.623,0.78697,0.78704,1.50,1.00
2017.11.10 14:38:32.967,0.78695,0.78702,1.12,1.00
2017.11.10 14:38:35.136,0.78694,0.78702,1.25,1.50
2017.11.10 14:38:37.537,0.78695,0.78702,1.00,1.00
2017.11.10 14:38:37.876,0.78698,0.78704,1.00,1.00
2017.11.10 14:38:38.563,0.78696,0.78704,1.12,1.00
2017.11.10 14:38:38.881,0.78695,0.78702,1.69,1.00
2017.11.10 14:38:40.199,0.78696,0.78702,1.00,1.00
2017.11.10 14:38:40.950,0.78695,0.78702,1.87,1.00
2017.11.10 14:38:41.771,0.78694,0.78702,1.12,1.00
2017.11.10 14:38:42.299,0.78693,0.78702,3.00,1.50
2017.11.10 14:38:42.603,0.78693,0.787,1.12,1.00
2017.11.10 14:38:42.920,0.7869,0.78699,2.25,1.50
2017.11.10 14:38:43.073,0.78693,0.787,1.25,1.12
2017.11.10 14:38:43.930,0.78694,0.787,1.00,1.00
2017.11.10 14:38:44.233,0.78698,0.78702,1.00,1.00
2017.11.10 14:38:44.833,0.78697,0.78701,1.00,1.00
2017.11.10 14:38:45.639,0.78695,0.787,1.00,1.00
2017.11.10 14:38:45.867,0.78698,0.78702,1.00,1.00
2017.11.10 14:38:45.918,0.78698,0.78702,1.00,1.00
2017.11.10 14:38:46.425,0.78697,0.78702,1.00,1.00
2017.11.10 14:38:46.939,0.78698,0.78702,1.00,1.00
2017.11.10 14:38:47.091,0.787,0.78704,1.00,1.00
2017.11.10 14:38:47.142,0.78697,0.78702,1.00,1.00
2017.11.10 14:38:47.683,0.78698,0.78702,1.00,1.00
2017.11.10 14:38:48.138,0.787,0.78704,1.00,1.00
2017.11.10 14:38:48.240,0.78702,0.78706,1.00,1.00
2017.11.10 14:38:48.708,0.78704,0.78708,1.00,1.50
2017.11.10 14:38:48.811,0.78704,0.78708,1.00,1.00
2017.11.10 14:38:49.336,0.78706,0.7871,1.00,1.00
2017.11.10 14:38:49.871,0.78707,0.78711,1.00,1.00
2017.11.10 14:38:51.819,0.78706,0.7871,1.00,1.00
2017.11.10 14:38:52.928,0.78705,0.78709,1.00,1.00
2017.11.10 14:38:53.466,0.78704,0.78708,1.00,1.00
2017.11.10 14:38:54.429,0.78703,0.78708,1.00,1.00
2017.11.10 14:38:54.530,0.78701,0.78708,1.00,1.00
2017.11.10 14:38:55.169,0.78701,0.78706,1.00,1.00
2017.11.10 14:38:57.970,0.787,0.78706,1.00,1.00
2017.11.10 14:38:58.577,0.78701,0.78706,1.00,1.00
2017.11.10 14:38:59.162,0.78702,0.78706,1.00,1.00
2017.11.10 14:38:59.828,0.78703,0.78707,1.00,1.00
2017.11.10 14:39:00.360,0.78703,0.78707,1.00,1.00
2017.11.10 14:39:02.081,0.78704,0.78708,1.00,1.00
2017.11.10 14:39:02.588,0.78702,0.78707,1.50,1.00
2017.11.10 14:39:02.690,0.787,0.78706,1.12,1.00
2017.11.10 14:39:02.791,0.78702,0.78706,1.00,1.50
2017.11.10 14:39:02.995,0.78703,0.78707,1.00,1.00
2017.11.10 14:39:05.131,0.78704,0.78708,1.00,1.00
2017.11.10 14:39:05.718,0.78705,0.78709,1.00,1.00
2017.11.10 14:39:06.277,0.78706,0.7871,1.00,1.00
2017.11.10 14:39:06.794,0.78707,0.78711,1.00,1.00
2017.11.10 14:39:07.407,0.78708,0.78712,1.00,1.00
2017.11.10 14:39:07.955,0.78707,0.78711,1.00,1.00
2017.11.10 14:39:09.675,0.78706,0.7871,1.00,1.00
2017.11.10 14:39:10.630,0.78707,0.78711,1.00,1.00
2017.11.10 14:39:11.147,0.78706,0.7871,1.00,1.00
2017.11.10 14:39:11.926,0.78707,0.78711,1.00,1.00
2017.11.10 14:39:12.540,0.78706,0.7871,1.00,1.00
2017.11.10 14:39:12.955,0.78705,0.78709,3.00,1.00
2017.11.10 14:39:13.109,0.78706,0.7871,1.00,1.00
2017.11.10 14:39:13.620,0.78705,0.78709,1.00,1.00
2017.11.10 14:39:14.161,0.78706,0.7871,1.00,1.00
2017.11.10 14:39:15.001,0.78707,0.78711,1.00,1.00
2017.11.10 14:39:15.157,0.78709,0.78713,1.00,1.00
2017.11.10 14:39:17.144,0.78707,0.78711,1.00,1.00
2017.11.10 14:39:17.725,0.7871,0.78714,1.00,1.00
2017.11.10 14:39:18.343,0.78711,0.78715,1.00,1.00
2017.11.10 14:39:18.938,0.7871,0.78714,1.00,1.00
2017.11.10 14:39:19.479,0.78711,0.78715,1.00,1.00
2017.11.10 14:39:20.013,0.7871,0.78714,1.00,1.00
2017.11.10 14:39:20.442,0.78712,0.78717,1.00,1.00
2017.11.10 14:39:20.823,0.7871,0.78717,1.50,1.00
2017.11.10 14:39:21.593,0.78711,0.78717,1.00,1.00
2017.11.10 14:39:23.509,0.7871,0.78717,1.00,1.50
2017.11.10 14:39:23.717,0.78709,0.78715,1.50,1.00
2017.11.10 14:39:24.022,0.78709,0.78713,1.00,1.00
2017.11.10 14:39:24.570,0.78708,0.78713,1.00,1.00
2017.11.10 14:39:25.117,0.78711,0.78715,1.00,1.00
2017.11.10 14:39:26.993,0.78714,0.78718,1.00,1.00
2017.11.10 14:39:27.044,0.78714,0.78719,1.00,1.00
2017.11.10 14:39:27.146,0.78712,0.78719,1.00,1.69
2017.11.10 14:39:27.298,0.78712,0.78717,1.00,1.00
2017.11.10 14:39:27.400,0.7871,0.78717,1.00,1.00
2017.11.10 14:39:27.594,0.78707,0.78714,1.87,1.00
2017.11.10 14:39:27.900,0.7871,0.78714,1.00,1.00
2017.11.10 14:39:28.424,0.78709,0.78714,1.00,1.00
2017.11.10 14:39:28.954,0.78708,0.78714,1.00,1.00
2017.11.10 14:39:29.500,0.78709,0.78714,1.00,1.00
2017.11.10 14:39:29.995,0.78711,0.78715,1.00,1.00
2017.11.10 14:39:30.998,0.78712,0.78716,1.00,1.00
2017.11.10 14:39:31.542,0.78713,0.78717,1.00,1.00
2017.11.10 14:39:32.770,0.78712,0.78716,1.00,1.00
2017.11.10 14:39:35.966,0.78711,0.78715,1.00,1.00
2017.11.10 14:39:36.320,0.78713,0.78717,1.00,1.00
2017.11.10 14:39:36.935,0.78712,0.78716,1.00,1.00
2017.11.10 14:39:37.239,0.78714,0.78718,1.00,1.00
2017.11.10 14:39:37.290,0.78712,0.78716,1.00,1.00
2017.11.10 14:39:37.811,0.78711,0.78715,1.00,1.00
2017.11.10 14:39:38.328,0.7871,0.78714,1.00,1.00
2017.11.10 14:39:38.430,0.78709,0.78714,1.00,1.00
2017.11.10 14:39:39.115,0.78708,0.78712,1.00,1.00
2017.11.10 14:39:39.419,0.78706,0.7871,1.00,1.00
2017.11.10 14:39:40.063,0.78706,0.7871,1.00,1.00
2017.11.10 14:39:42.265,0.78707,0.78711,1.00,1.00
2017.11.10 14:39:42.778,0.78708,0.78712,1.00,1.00
2017.11.10 14:39:45.818,0.78709,0.78713,1.00,1.00
2017.11.10 14:39:45.920,0.7871,0.78714,1.00,1.00
2017.11.10 14:39:46.562,0.78709,0.78713,1.00,1.00
2017.11.10 14:39:47.079,0.7871,0.78714,1.00,1.00
2017.11.10 14:39:49.417,0.7871,0.78714,1.00,1.00
2017.11.10 14:39:49.620,0.78709,0.78714,1.00,1.00
2017.11.10 14:39:49.867,0.78708,0.78712,1.00,1.00
2017.11.10 14:39:50.500,0.78709,0.78713,1.00,1.00
2017.11.10 14:39:51.136,0.78711,0.78715,1.00,1.00
2017.11.10 14:39:52.525,0.78709,0.78713,1.00,1.00
2017.11.10 14:39:53.032,0.78711,0.78715,1.00,1.00
2017.11.10 14:39:53.668,0.7871,0.78714,1.00,1.00
2017.11.10 14:39:54.424,0.78711,0.78715,1.00,1.00
2017.11.10 14:39:55.087,0.7871,0.78714,1.00,1.00
2017.11.10 14:39:55.671,0.78712,0.78716,1.00,1.00
2017.11.10 14:39:56.194,0.78713,0.78717,1.00,1.00
2017.11.10 14:39:57.199,0.78711,0.78715,1.00,1.00
2017.11.10 14:39:57.605,0.78713,0.78717,1.00,1.00
2017.11.10 14:39:57.864,0.78711,0.78716,1.00,1.00
2017.11.10 14:39:58.448,0.7871,0.78716,1.00,1.00
2017.11.10 14:39:59.906,0.78711,0.78716,1.00,1.00
2017.11.10 14:40:00.447,0.7871,0.78716,1.00,1.00
2017.11.10 14:40:02.423,0.78709,0.78716,1.00,1.50
2017.11.10 14:40:02.525,0.78708,0.78714,1.00,1.50
2017.11.10 14:40:02.847,0.7871,0.78714,1.00,1.00
2017.11.10 14:40:03.587,0.78711,0.78715,1.00,1.00
2017.11.10 14:40:03.951,0.7871,0.78714,1.00,1.00
2017.11.10 14:40:05.996,0.7871,0.78714,1.00,1.00
2017.11.10 14:40:06.200,0.78708,0.78714,1.00,1.00
2017.11.10 14:40:06.708,0.78707,0.78714,1.50,1.50
2017.11.10 14:40:06.945,0.78709,0.78714,1.00,1.00
2017.11.10 14:40:07.401,0.78711,0.78715,1.00,1.00
2017.11.10 14:40:07.452,0.78709,0.78714,1.00,1.00
2017.11.10 14:40:08.272,0.7871,0.78714,1.00,1.00
2017.11.10 14:40:08.893,0.78711,0.78715,1.00,1.00
2017.11.10 14:40:09.605,0.78712,0.78716,1.00,1.00
2017.11.10 14:40:10.139,0.78713,0.78717,1.00,1.00
2017.11.10 14:40:11.058,0.78712,0.78716,1.00,1.00
2017.11.10 14:40:11.574,0.78714,0.78718,1.00,1.00
2017.11.10 14:40:14.321,0.78714,0.78718,1.00,1.00
2017.11.10 14:40:15.117,0.78715,0.78719,1.00,1.00
2017.11.10 14:40:15.798,0.78713,0.78718,1.00,1.00
2017.11.10 14:40:16.578,0.78714,0.78718,1.00,1.00
2017.11.10 14:40:17.480,0.78715,0.78719,1.00,1.00
2017.11.10 14:40:19.177,0.78716,0.7872,1.00,1.00
2017.11.10 14:40:19.713,0.78717,0.78721,1.00,1.00
2017.11.10 14:40:20.223,0.78718,0.78722,1.00,1.00
2017.11.10 14:40:20.765,0.78719,0.78723,1.00,1.00
2017.11.10 14:40:20.816,0.78717,0.78722,1.12,1.00
2017.11.10 14:40:21.399,0.78719,0.78723,1.00,1.00
2017.11.10 14:40:21.810,0.78721,0.78725,1.00,1.00
2017.11.10 14:40:22.330,0.7872,0.78724,1.00,1.00
2017.11.10 14:40:25.808,0.78721,0.78725,1.00,1.00
2017.11.10 14:40:26.244,0.78721,0.78725,1.00,1.00
2017.11.10 14:40:26.821,0.78723,0.78727,1.00,1.00
2017.11.10 14:40:27.344,0.78724,0.78728,1.00,1.00
2017.11.10 14:40:28.073,0.78725,0.78729,1.00,1.00
2017.11.10 14:40:28.612,0.78723,0.78727,1.00,1.00
2017.11.10 14:40:29.149,0.78725,0.78729,1.00,1.00
2017.11.10 14:40:29.757,0.78726,0.7873,1.00,1.00
2017.11.10 14:40:29.808,0.78725,0.78729,1.00,1.00
2017.11.10 14:40:31.356,0.78726,0.78731,1.00,1.00
2017.11.10 14:40:31.581,0.78728,0.78732,1.00,1.00
2017.11.10 14:40:32.052,0.78726,0.78731,1.00,1.00
2017.11.10 14:40:32.559,0.78727,0.78731,1.00,1.00
2017.11.10 14:40:32.610,0.78725,0.78731,1.00,1.25
2017.11.10 14:40:33.175,0.78724,0.78731,1.00,1.00
2017.11.10 14:40:33.794,0.78725,0.78731,1.00,1.00
2017.11.10 14:40:34.441,0.78724,0.78731,1.00,1.00
2017.11.10 14:40:35.028,0.78723,0.78727,1.00,1.00
2017.11.10 14:40:35.554,0.78722,0.78727,1.00,1.00
2017.11.10 14:40:36.061,0.78723,0.78727,1.00,1.00
2017.11.10 14:40:37.711,0.7872,0.78727,1.50,1.00
2017.11.10 14:40:37.813,0.7872,0.78725,1.00,1.00
2017.11.10 14:40:37.864,0.78717,0.78724,1.12,1.69
2017.11.10 14:40:37.915,0.78714,0.78722,1.50,1.50
2017.11.10 14:40:37.966,0.78714,0.7872,1.50,1.00
2017.11.10 14:40:39.101,0.78711,0.78719,1.00,1.00
2017.11.10 14:40:39.607,0.78711,0.78718,1.50,1.00
2017.11.10 14:40:40.182,0.78712,0.78718,1.00,1.00
2017.11.10 14:40:41.066,0.78714,0.7872,1.25,1.00
2017.11.10 14:40:41.572,0.78715,0.7872,1.00,1.00
2017.11.10 14:40:42.549,0.78714,0.7872,2.44,1.00
2017.11.10 14:40:44.240,0.78716,0.7872,1.00,1.00
2017.11.10 14:40:44.764,0.78717,0.78721,1.25,1.00
2017.11.10 14:40:47.445,0.78719,0.78723,1.00,1.00
2017.11.10 14:40:48.053,0.78721,0.78725,1.00,1.00
2017.11.10 14:40:49.027,0.78721,0.78725,1.00,1.00
2017.11.10 14:40:54.146,0.78723,0.78727,1.00,1.00
2017.11.10 14:40:54.197,0.78721,0.78725,1.00,1.00
2017.11.10 14:40:55.039,0.78719,0.78724,2.06,1.00
2017.11.10 14:40:56.077,0.7872,0.78724,1.00,1.00
2017.11.10 14:40:56.549,0.78722,0.78727,1.00,1.00
2017.11.10 14:40:57.055,0.78721,0.78727,1.87,1.00
2017.11.10 14:40:57.597,0.7872,0.78727,2.44,1.00
2017.11.10 14:40:58.154,0.78721,0.78727,1.25,1.00
2017.11.10 14:41:00.361,0.78722,0.78727,1.50,1.00
2017.11.10 14:41:00.462,0.7872,0.78727,1.50,1.00
2017.11.10 14:41:00.972,0.78721,0.78727,1.25,1.00
2017.11.10 14:41:01.580,0.7872,0.78727,1.69,1.00
2017.11.10 14:41:02.096,0.78721,0.78727,1.00,1.00
2017.11.10 14:41:02.638,0.7872,0.78727,1.50,1.00
2017.11.10 14:41:04.028,0.78721,0.78727,1.00,1.00
2017.11.10 14:41:04.550,0.78722,0.78727,1.00,1.00
2017.11.10 14:41:05.572,0.78721,0.78727,1.00,1.00
2017.11.10 14:41:07.605,0.78722,0.78727,1.00,1.00
2017.11.10 14:41:08.420,0.78723,0.78727,1.00,1.00
2017.11.10 14:41:08.623,0.78721,0.78727,1.00,1.00
2017.11.10 14:41:10.938,0.7872,0.78727,1.00,1.00
2017.11.10 14:41:11.473,0.78721,0.78727,1.25,1.00
2017.11.10 14:41:13.340,0.78723,0.78727,1.00,1.00
2017.11.10 14:41:13.395,0.78721,0.78727,2.62,1.00
2017.11.10 14:41:14.448,0.78719,0.78727,2.44,1.00
2017.11.10 14:41:16.008,0.78717,0.78724,1.00,1.00
2017.11.10 14:41:16.719,0.78716,0.78722,1.25,1.00
2017.11.10 14:41:18.735,0.78715,0.78722,1.87,1.00
2017.11.10 14:41:19.040,0.78717,0.78721,1.00,1.00
2017.11.10 14:41:20.029,0.78717,0.78722,1.69,1.00
2017.11.10 14:41:20.336,0.78719,0.78724,1.00,1.00
2017.11.10 14:41:22.136,0.78718,0.78724,1.50,1.00
2017.11.10 14:41:23.389,0.78719,0.78724,1.00,1.00
2017.11.10 14:41:23.644,0.7872,0.78726,1.69,1.00
2017.11.10 14:41:25.748,0.78721,0.78726,1.00,1.00
2017.11.10 14:41:27.248,0.7872,0.78726,1.69,1.00
2017.11.10 14:41:28.773,0.78723,0.78727,1.00,1.00
2017.11.10 14:41:28.875,0.78723,0.78728,1.00,1.00
2017.11.10 14:41:30.157,0.7872,0.78728,2.25,1.50
2017.11.10 14:41:30.258,0.78718,0.78726,1.69,1.00
2017.11.10 14:41:30.600,0.78718,0.78724,1.00,1.00
2017.11.10 14:41:32.641,0.7872,0.78724,1.00,1.00
2017.11.10 14:41:32.742,0.7872,0.78726,2.25,1.00
2017.11.10 14:41:32.964,0.78722,0.78726,1.00,1.00
2017.11.10 14:41:33.225,0.7872,0.78726,1.50,1.00
2017.11.10 14:41:34.173,0.78723,0.78728,1.00,1.00
2017.11.10 14:41:35.746,0.78723,0.7873,1.00,1.00
2017.11.10 14:41:38.743,0.78724,0.7873,1.50,1.00
2017.11.10 14:41:39.738,0.78723,0.7873,1.50,1.00
2017.11.10 14:41:54.799,0.78724,0.7873,1.00,1.00
2017.11.10 14:41:55.309,0.78723,0.7873,1.50,1.00
2017.11.10 14:41:56.869,0.78725,0.7873,1.00,1.00
2017.11.10 14:41:59.129,0.78726,0.7873,1.00,1.00
2017.11.10 14:42:00.659,0.78728,0.78732,1.00,1.00
2017.11.10 14:42:00.710,0.78726,0.78731,1.50,1.00
2017.11.10 14:42:01.883,0.78724,0.7873,1.00,1.00
2017.11.10 14:42:06.308,0.78727,0.78731,1.00,1.00
2017.11.10 14:42:06.878,0.78726,0.78731,1.00,1.00
2017.11.10 14:42:07.081,0.78723,0.78731,1.00,1.25
2017.11.10 14:42:07.247,0.78723,0.78729,1.00,1.00
2017.11.10 14:42:08.692,0.78722,0.78729,1.31,1.00
2017.11.10 14:42:12.269,0.78723,0.78729,1.00,1.00
2017.11.10 14:42:12.772,0.78722,0.78729,1.00,1.00
2017.11.10 14:42:15.272,0.78723,0.78729,1.00,1.00
2017.11.10 14:42:15.323,0.78721,0.78729,1.50,1.00
2017.11.10 14:42:15.830,0.78722,0.78729,1.00,1.00
2017.11.10 14:42:21.498,0.78721,0.78729,1.00,1.25
2017.11.10 14:42:22.618,0.78721,0.78727,1.00,1.00
2017.11.10 14:42:27.863,0.7872,0.78727,1.13,1.00
2017.11.10 14:42:28.396,0.78721,0.78727,1.00,1.00
2017.11.10 14:42:31.621,0.7872,0.78727,1.00,1.00
2017.11.10 14:42:33.138,0.78719,0.78727,1.50,1.00
2017.11.10 14:42:35.419,0.78721,0.78727,1.00,1.00
2017.11.10 14:42:35.763,0.78718,0.78722,1.00,1.00
2017.11.10 14:42:35.865,0.78714,0.78722,1.00,1.00
2017.11.10 14:42:35.917,0.78714,0.78719,1.00,1.00
2017.11.10 14:42:36.430,0.78715,0.78719,1.50,1.00
2017.11.10 14:42:36.481,0.78715,0.78721,1.50,1.00
2017.11.10 14:42:36.683,0.78715,0.78723,1.50,1.00
2017.11.10 14:42:40.763,0.78715,0.78722,1.00,1.25
2017.11.10 14:42:40.865,0.78713,0.78721,1.00,1.00
2017.11.10 14:42:41.372,0.78712,0.78721,3.19,1.00
2017.11.10 14:42:42.207,0.78713,0.78721,1.00,1.00
2017.11.10 14:42:42.731,0.78712,0.78721,3.19,1.00
2017.11.10 14:42:43.260,0.78714,0.78721,1.25,1.00
2017.11.10 14:42:44.000,0.78715,0.78721,1.00,1.00
2017.11.10 14:42:45.455,0.78714,0.78721,1.69,1.00
2017.11.10 14:42:45.987,0.78713,0.78721,1.00,1.00
2017.11.10 14:42:46.302,0.78717,0.78723,1.00,1.00
2017.11.10 14:42:48.118,0.78716,0.78723,2.44,1.00
2017.11.10 14:42:48.550,0.78719,0.78725,1.13,1.00
2017.11.10 14:42:48.601,0.78719,0.78727,1.13,1.00
2017.11.10 14:42:49.124,0.7872,0.78727,1.00,1.00
2017.11.10 14:42:52.547,0.78723,0.78727,1.00,1.00
2017.11.10 14:42:52.649,0.78723,0.7873,1.69,1.00
2017.11.10 14:42:53.783,0.78722,0.7873,1.00,1.00
2017.11.10 14:42:54.289,0.78721,0.7873,1.12,1.00
2017.11.10 14:42:54.795,0.78722,0.7873,1.69,1.00
2017.11.10 14:42:55.328,0.78723,0.7873,1.50,1.00
2017.11.10 14:42:56.629,0.78724,0.78732,1.00,1.50
2017.11.10 14:42:56.921,0.78722,0.78732,3.19,1.50
2017.11.10 14:42:57.440,0.78723,0.78732,1.00,1.50
2017.11.10 14:42:57.959,0.78722,0.78732,3.00,1.50
2017.11.10 14:42:59.395,0.78723,0.78732,1.00,1.50
2017.11.10 14:42:59.907,0.78724,0.78732,1.00,1.50
2017.11.10 14:43:00.609,0.78723,0.7873,1.00,1.00
2017.11.10 14:43:01.419,0.78724,0.7873,1.00,1.00
2017.11.10 14:43:02.403,0.78723,0.7873,1.50,1.00
2017.11.10 14:43:02.936,0.78724,0.7873,2.62,1.00
2017.11.10 14:43:03.649,0.78726,0.78732,1.00,1.00
2017.11.10 14:43:05.800,0.78723,0.7873,1.50,1.69
2017.11.10 14:43:06.314,0.78722,0.78728,1.00,1.19
2017.11.10 14:43:06.534,0.78722,0.7873,1.00,1.00
2017.11.10 14:43:07.074,0.78723,0.78731,1.00,1.00
2017.11.10 14:43:09.414,0.78723,0.78731,1.50,1.00
2017.11.10 14:43:09.926,0.78727,0.78731,1.00,1.00
2017.11.10 14:43:10.180,0.78727,0.78733,1.12,1.00
2017.11.10 14:43:12.966,0.78726,0.78732,1.50,1.00
2017.11.10 14:43:13.118,0.78724,0.78732,1.87,1.25
2017.11.10 14:43:13.322,0.78724,0.78729,1.00,1.00
2017.11.10 14:43:14.884,0.78722,0.78729,1.00,1.00
2017.11.10 14:43:15.379,0.78724,0.78729,1.25,1.00
2017.11.10 14:43:15.430,0.78724,0.78731,1.69,1.00
2017.11.10 14:43:15.973,0.78725,0.78731,1.00,1.00
2017.11.10 14:43:17.375,0.78724,0.78731,1.69,1.00
2017.11.10 14:43:18.179,0.78723,0.78731,1.25,1.00
2017.11.10 14:43:18.601,0.78721,0.78731,3.56,2.44
2017.11.10 14:43:19.325,0.78721,0.78729,2.81,1.00
2017.11.10 14:43:22.967,0.78722,0.78729,1.00,1.00
2017.11.10 14:43:28.414,0.78723,0.78729,1.00,1.00
2017.11.10 14:43:29.174,0.78722,0.78729,3.00,1.00
2017.11.10 14:43:30.906,0.78721,0.78729,1.50,1.00
2017.11.10 14:43:33.798,0.78722,0.78729,1.69,1.00
2017.11.10 14:43:34.106,0.78724,0.78729,1.00,1.00
2017.11.10 14:43:34.583,0.78724,0.78731,1.00,1.00
2017.11.10 14:43:35.451,0.78724,0.78729,1.00,1.00
2017.11.10 14:43:35.945,0.78722,0.78729,1.87,1.00
2017.11.10 14:43:41.411,0.7872,0.78727,1.87,1.00
2017.11.10 14:43:43.207,0.7872,0.78725,1.00,1.00
2017.11.10 14:43:43.309,0.78718,0.78725,1.12,1.00
2017.11.10 14:43:43.835,0.78719,0.78725,1.00,1.00
2017.11.10 14:43:45.942,0.78717,0.78725,1.87,1.00
2017.11.10 14:43:46.477,0.78718,0.78725,1.50,1.00
2017.11.10 14:43:47.197,0.7872,0.78725,1.00,1.00
2017.11.10 14:43:48.340,0.78719,0.78725,1.00,1.00
2017.11.10 14:43:48.879,0.78718,0.78725,2.06,1.00
2017.11.10 14:43:49.409,0.78719,0.78725,1.00,1.00
2017.11.10 14:43:50.249,0.78719,0.78725,1.60,1.00
2017.11.10 14:43:50.351,0.78724,0.7873,1.88,1.00
2017.11.10 14:43:50.453,0.78726,0.7873,1.00,1.00
2017.11.10 14:43:51.055,0.78726,0.78731,1.00,1.00
2017.11.10 14:43:55.491,0.78725,0.78731,1.87,1.00
2017.11.10 14:43:55.593,0.78723,0.78731,1.25,1.00
2017.11.10 14:43:57.438,0.78722,0.78731,3.19,1.00
2017.11.10 14:44:00.177,0.78723,0.78731,1.00,1.00
2017.11.10 14:44:00.228,0.78725,0.78731,1.00,1.00
2017.11.10 14:44:00.763,0.78724,0.78731,2.48,1.00
2017.11.10 14:44:01.287,0.78725,0.78731,1.00,1.00
2017.11.10 14:44:01.895,0.78724,0.78731,2.29,1.00
2017.11.10 14:44:03.018,0.78723,0.78731,1.00,1.00
2017.11.10 14:44:03.556,0.78724,0.78731,1.00,1.00
2017.11.10 14:44:06.193,0.78722,0.7873,1.00,1.00
2017.11.10 14:44:14.555,0.78721,0.78728,1.00,1.00
2017.11.10 14:44:14.606,0.78719,0.78728,1.00,1.00
2017.11.10 14:44:14.661,0.7872,0.78726,1.13,1.00
2017.11.10 14:44:14.990,0.78724,0.7873,1.00,1.00
2017.11.10 14:44:17.686,0.78721,0.7873,1.50,1.00
2017.11.10 14:44:19.167,0.78722,0.7873,1.00,1.00
2017.11.10 14:44:19.332,0.78725,0.7873,1.00,1.00
2017.11.10 14:44:19.383,0.78726,0.78732,1.00,1.00
2017.11.10 14:44:19.738,0.78726,0.78734,1.00,1.00
2017.11.10 14:44:20.042,0.78725,0.7873,1.00,1.00
2017.11.10 14:44:20.093,0.78722,0.7873,1.12,1.19
2017.11.10 14:44:20.271,0.7872,0.78728,1.69,1.00
2017.11.10 14:44:20.779,0.78721,0.78728,1.00,1.00
2017.11.10 14:44:21.321,0.78724,0.7873,1.25,1.00
2017.11.10 14:44:21.828,0.78724,0.78731,1.00,1.00
2017.11.10 14:44:23.028,0.78724,0.78733,1.69,1.00
2017.11.10 14:44:23.530,0.78725,0.78733,1.00,1.00
2017.11.10 14:44:25.431,0.78724,0.78733,1.69,1.00
2017.11.10 14:44:25.482,0.78725,0.78731,1.00,1.00
2017.11.10 14:44:30.533,0.78725,0.78733,1.00,1.00
2017.11.10 14:44:31.496,0.78724,0.78733,1.25,1.50
2017.11.10 14:44:32.031,0.78725,0.78733,1.25,1.50
2017.11.10 14:44:32.379,0.78723,0.78731,1.25,1.50
2017.11.10 14:44:32.923,0.78722,0.78731,1.25,1.50
2017.11.10 14:44:33.450,0.78721,0.78731,3.56,2.25
2017.11.10 14:44:34.545,0.78722,0.78731,1.00,2.25
2017.11.10 14:44:35.637,0.78721,0.78731,5.06,2.25
2017.11.10 14:44:35.959,0.78721,0.78729,3.56,1.00
2017.11.10 14:44:37.135,0.78722,0.78729,1.00,1.00
2017.11.10 14:44:39.928,0.78721,0.78728,1.00,1.00
2017.11.10 14:44:41.932,0.78722,0.78728,1.00,1.00
2017.11.10 14:44:42.517,0.78721,0.78728,1.50,1.00
2017.11.10 14:44:43.097,0.78722,0.78728,1.00,1.00
2017.11.10 14:44:43.785,0.78721,0.78728,1.25,1.00
2017.11.10 14:44:45.750,0.78722,0.78728,1.00,1.00
2017.11.10 14:44:54.893,0.78721,0.78728,1.25,1.00
2017.11.10 14:44:55.444,0.78722,0.78728,1.00,1.00
2017.11.10 14:44:58.671,0.78723,0.78728,1.00,1.00
2017.11.10 14:44:59.219,0.78724,0.78729,1.00,1.00
2017.11.10 14:44:59.729,0.78725,0.78729,1.25,1.00
2017.11.10 14:45:00.713,0.78726,0.7873,1.00,1.00
2017.11.10 14:45:00.916,0.78726,0.78731,1.25,1.00
2017.11.10 14:45:08.230,0.78725,0.78731,1.69,1.00
2017.11.10 14:45:21.651,0.78723,0.78731,1.88,1.00
2017.11.10 14:45:22.291,0.78723,0.78729,1.00,1.00
2017.11.10 14:45:22.551,0.78721,0.78729,1.00,1.50
2017.11.10 14:45:22.652,0.7872,0.78726,1.00,1.00
2017.11.10 14:45:23.261,0.78719,0.78726,1.25,1.00
2017.11.10 14:45:23.895,0.7872,0.78726,1.00,1.00
2017.11.10 14:45:24.573,0.78719,0.78726,1.25,1.00
2017.11.10 14:45:25.124,0.78718,0.78726,1.00,1.00
2017.11.10 14:45:25.657,0.78718,0.78725,1.00,1.00
2017.11.10 14:45:26.210,0.78717,0.78725,1.25,1.00
2017.11.10 14:45:26.949,0.78717,0.78724,1.00,1.00
2017.11.10 14:45:27.323,0.78715,0.78723,1.00,1.00
2017.11.10 14:45:27.870,0.78716,0.78723,1.00,1.00
2017.11.10 14:45:28.475,0.78718,0.78724,1.25,1.00
2017.11.10 14:45:28.678,0.78718,0.78727,1.00,1.50
2017.11.10 14:45:28.932,0.78718,0.78725,1.00,1.00
2017.11.10 14:45:29.434,0.78717,0.78725,1.13,1.00
2017.11.10 14:45:33.544,0.78718,0.78725,1.00,1.00
2017.11.10 14:45:34.651,0.78719,0.78725,1.00,1.00
2017.11.10 14:45:35.209,0.78717,0.78725,1.00,1.00
2017.11.10 14:45:37.362,0.78716,0.78725,1.50,1.00
2017.11.10 14:45:38.833,0.78715,0.78724,1.00,1.12
2017.11.10 14:45:38.884,0.78717,0.78721,1.00,1.00
2017.11.10 14:45:38.935,0.78711,0.7872,1.00,1.50
2017.11.10 14:45:38.987,0.78711,0.78718,1.00,1.00
2017.11.10 14:45:41.183,0.78711,0.78716,1.00,1.00
2017.11.10 14:45:41.805,0.7871,0.78716,1.69,1.00
2017.11.10 14:45:42.324,0.78711,0.78716,1.00,1.00
2017.11.10 14:45:42.485,0.78712,0.7872,1.88,1.00
2017.11.10 14:45:43.010,0.78713,0.7872,1.00,1.00
2017.11.10 14:45:44.058,0.78714,0.7872,1.00,1.00
2017.11.10 14:45:47.719,0.78716,0.78722,1.00,1.00
2017.11.10 14:45:47.871,0.78713,0.78722,1.00,1.69
2017.11.10 14:45:47.922,0.78713,0.7872,1.00,1.00
2017.11.10 14:45:48.655,0.78712,0.7872,1.69,1.00
2017.11.10 14:45:48.959,0.7871,0.78718,1.00,1.00
2017.11.10 14:45:49.877,0.7871,0.78717,1.00,1.00
2017.11.10 14:45:49.928,0.78708,0.78716,1.87,1.00
2017.11.10 14:45:50.435,0.78709,0.78716,1.00,1.00
2017.11.10 14:45:51.520,0.7871,0.78716,1.00,1.00
2017.11.10 14:45:52.487,0.78709,0.78716,1.25,1.00
2017.11.10 14:45:55.018,0.78708,0.78716,1.00,1.00
2017.11.10 14:45:55.199,0.78705,0.78712,1.69,1.00
2017.11.10 14:45:55.742,0.78705,0.78712,1.00,1.00
2017.11.10 14:45:59.086,0.78703,0.78712,2.81,1.00
2017.11.10 14:45:59.418,0.78701,0.7871,2.44,1.50
2017.11.10 14:45:59.722,0.78705,0.78712,1.00,1.00
2017.11.10 14:46:00.037,0.78707,0.78714,1.00,1.00
2017.11.10 14:46:00.492,0.78705,0.78712,1.00,1.00
2017.11.10 14:46:00.812,0.78703,0.78709,1.50,1.00
2017.11.10 14:46:02.008,0.78704,0.78711,1.25,1.50
2017.11.10 14:46:02.558,0.78705,0.78711,1.00,1.00
2017.11.10 14:46:02.963,0.78703,0.78711,1.50,1.00
2017.11.10 14:46:03.444,0.78701,0.78711,2.81,2.25
2017.11.10 14:46:03.495,0.78701,0.78708,1.12,1.00
2017.11.10 14:46:03.800,0.78703,0.78708,1.00,1.00
2017.11.10 14:46:04.327,0.78701,0.78708,1.50,1.00
2017.11.10 14:46:04.378,0.78703,0.78708,1.00,1.00
2017.11.10 14:46:04.786,0.78701,0.78708,1.00,1.50
2017.11.10 14:46:04.837,0.78701,0.78706,1.00,1.00
2017.11.10 14:46:05.091,0.78701,0.78708,1.50,1.00
2017.11.10 14:46:05.994,0.787,0.78708,1.00,1.00
2017.11.10 14:46:06.503,0.78699,0.78708,2.44,1.00
2017.11.10 14:46:07.102,0.787,0.78708,1.00,1.00
2017.11.10 14:46:08.027,0.78702,0.78708,1.00,1.00
2017.11.10 14:46:08.539,0.78703,0.7871,1.00,1.00
2017.11.10 14:46:09.115,0.78704,0.7871,1.50,1.00
2017.11.10 14:46:10.275,0.78703,0.7871,1.50,1.00
2017.11.10 14:46:12.976,0.78702,0.7871,1.69,1.00
2017.11.10 14:46:13.494,0.78703,0.7871,1.25,1.00
2017.11.10 14:46:13.916,0.78705,0.7871,1.00,1.00
2017.11.10 14:46:14.436,0.78707,0.78712,1.00,1.00
2017.11.10 14:46:14.616,0.78706,0.78714,1.00,1.00
2017.11.10 14:46:14.717,0.78704,0.78712,1.87,1.00
2017.11.10 14:46:15.109,0.78706,0.78712,1.50,1.00
2017.11.10 14:46:15.628,0.78707,0.78712,1.00,1.00
2017.11.10 14:46:16.155,0.78707,0.78714,1.25,1.00
2017.11.10 14:46:16.681,0.78706,0.78714,1.25,1.00
2017.11.10 14:46:17.441,0.78706,0.78712,1.25,1.00
2017.11.10 14:46:17.949,0.78705,0.78712,1.25,1.00
2017.11.10 14:46:18.492,0.78706,0.78712,1.00,1.00
2017.11.10 14:46:19.530,0.78703,0.78712,1.50,1.50
2017.11.10 14:46:19.784,0.78703,0.7871,1.69,1.00
2017.11.10 14:46:20.088,0.78705,0.7871,1.00,1.00
2017.11.10 14:46:20.529,0.78705,0.78712,1.50,1.00
2017.11.10 14:46:21.387,0.78705,0.78711,1.25,1.00
2017.11.10 14:46:22.115,0.78701,0.78711,2.10,1.00
2017.11.10 14:46:22.883,0.787,0.78708,1.87,1.00
2017.11.10 14:46:23.441,0.787,0.78707,1.87,1.00
2017.11.10 14:46:24.313,0.78701,0.78707,1.00,1.00
2017.11.10 14:46:25.004,0.787,0.78707,2.06,1.00
2017.11.10 14:46:25.669,0.78701,0.78709,1.00,1.00
2017.11.10 14:46:25.973,0.78703,0.78709,1.00,1.00
2017.11.10 14:46:26.024,0.78703,0.78711,1.25,1.00
2017.11.10 14:46:27.006,0.78704,0.78711,1.00,1.00
2017.11.10 14:46:28.830,0.78703,0.78711,2.81,1.00
2017.11.10 14:46:29.340,0.78702,0.78711,2.44,1.00
2017.11.10 14:46:33.602,0.78701,0.78711,1.69,3.00
2017.11.10 14:46:39.235,0.78702,0.78711,1.00,2.25
2017.11.10 14:46:39.760,0.78702,0.78709,1.00,1.00
2017.11.10 14:46:39.862,0.787,0.78708,1.25,1.00
2017.11.10 14:46:40.120,0.78702,0.78709,1.00,1.00
2017.11.10 14:46:40.639,0.78701,0.78709,1.25,1.00
2017.11.10 14:46:41.183,0.787,0.78709,1.00,1.00
2017.11.10 14:46:41.711,0.78701,0.78709,1.00,1.50
2017.11.10 14:46:42.302,0.78702,0.78709,1.00,1.50
2017.11.10 14:46:43.067,0.78701,0.78709,1.69,1.00
2017.11.10 14:46:43.472,0.78703,0.78709,1.00,1.00
2017.11.10 14:46:45.852,0.78704,0.78709,1.00,1.00
2017.11.10 14:46:46.378,0.78705,0.78709,1.00,1.00
2017.11.10 14:46:46.429,0.78706,0.78711,1.00,1.00
2017.11.10 14:46:47.104,0.78705,0.78711,1.25,1.00
2017.11.10 14:46:47.989,0.78704,0.78711,1.50,1.00
2017.11.10 14:46:48.907,0.78705,0.78711,1.00,1.00
2017.11.10 14:46:49.635,0.78706,0.78711,1.00,1.00
2017.11.10 14:46:50.014,0.78704,0.78711,1.00,1.00
2017.11.10 14:46:51.973,0.78703,0.78711,2.62,1.00
2017.11.10 14:47:00.129,0.78705,0.78711,1.00,1.00
2017.11.10 14:47:02.996,0.78704,0.78711,1.50,1.00
2017.11.10 14:47:03.983,0.78703,0.78711,2.81,1.00
2017.11.10 14:47:06.457,0.78705,0.78711,1.00,1.00
2017.11.10 14:47:06.508,0.78706,0.78713,1.00,1.00
2017.11.10 14:47:06.897,0.78708,0.78713,1.00,1.00
2017.11.10 14:47:06.949,0.78705,0.78713,1.25,1.50
2017.11.10 14:47:07.101,0.78704,0.78711,1.25,1.00
2017.11.10 14:47:08.320,0.78705,0.78711,1.00,1.00
2017.11.10 14:47:10.608,0.78702,0.78711,1.87,1.50
2017.11.10 14:47:11.063,0.78704,0.78711,1.00,1.50
2017.11.10 14:47:11.640,0.78705,0.78711,1.00,1.50
2017.11.10 14:47:12.592,0.78705,0.78712,1.25,1.00
2017.11.10 14:47:16.002,0.78703,0.78711,1.50,1.00
2017.11.10 14:47:16.699,0.78702,0.78711,1.25,2.25
2017.11.10 14:47:16.750,0.78701,0.78709,1.00,1.50
2017.11.10 14:47:17.303,0.78702,0.78709,1.00,1.00
2017.11.10 14:47:17.912,0.787,0.78707,1.25,1.00
2017.11.10 14:47:18.613,0.78699,0.78707,1.69,1.00
2017.11.10 14:47:20.809,0.78701,0.78707,1.00,1.00
2017.11.10 14:47:21.358,0.78702,0.78707,1.25,1.00
2017.11.10 14:47:24.842,0.78702,0.78709,1.25,1.00
2017.11.10 14:47:25.487,0.78703,0.78709,1.00,1.00
2017.11.10 14:47:25.791,0.78701,0.78709,1.00,1.50
2017.11.10 14:47:25.943,0.78702,0.78707,1.00,1.00
2017.11.10 14:47:26.362,0.787,0.78707,1.25,1.00
2017.11.10 14:47:28.614,0.78699,0.78707,1.50,1.00
2017.11.10 14:47:31.239,0.78699,0.78705,1.00,1.00
2017.11.10 14:47:31.944,0.78699,0.78707,1.00,1.50
2017.11.10 14:47:33.164,0.78697,0.78707,3.75,2.25
2017.11.10 14:47:33.298,0.78697,0.78705,2.81,1.00
2017.11.10 14:47:33.601,0.78699,0.78707,1.00,1.87
2017.11.10 14:47:36.753,0.78701,0.78709,1.00,1.00
2017.11.10 14:47:37.382,0.78699,0.78707,1.25,1.00
2017.11.10 14:47:37.941,0.787,0.78707,1.00,1.00
2017.11.10 14:47:38.568,0.787,0.78709,1.50,1.00
2017.11.10 14:47:39.090,0.78701,0.78709,1.00,1.00
2017.11.10 14:47:39.324,0.787,0.78707,1.00,1.00
2017.11.10 14:47:39.535,0.78701,0.78709,1.00,1.00
2017.11.10 14:47:40.102,0.787,0.78709,1.50,1.00
2017.11.10 14:47:41.780,0.787,0.78708,1.00,1.00
2017.11.10 14:47:42.313,0.787,0.78709,1.00,1.69
2017.11.10 14:47:42.766,0.78699,0.78707,1.00,1.00
2017.11.10 14:47:43.290,0.78698,0.78707,1.50,1.00
2017.11.10 14:47:45.413,0.78699,0.78707,1.00,1.00
2017.11.10 14:47:45.986,0.78698,0.78707,1.69,1.00
2017.11.10 14:47:46.635,0.78699,0.78707,1.00,1.00
2017.11.10 14:47:48.681,0.787,0.78708,1.00,1.00
2017.11.10 14:47:50.308,0.787,0.78709,1.50,1.00
2017.11.10 14:47:54.196,0.78701,0.78709,1.00,1.00
2017.11.10 14:47:54.707,0.787,0.78709,1.69,1.00
2017.11.10 14:47:55.228,0.78701,0.78709,1.00,1.00
2017.11.10 14:47:55.960,0.787,0.78709,1.69,1.00
2017.11.10 14:47:58.397,0.787,0.78707,1.00,1.00
2017.11.10 14:48:05.055,0.78698,0.78707,1.00,1.50
2017.11.10 14:48:05.563,0.78699,0.78707,1.00,1.00
2017.11.10 14:48:06.376,0.78698,0.78707,2.25,1.00
2017.11.10 14:48:07.153,0.787,0.78707,1.00,1.00
2017.11.10 14:48:07.823,0.787,0.78709,1.50,1.50
2017.11.10 14:48:07.874,0.78701,0.7871,1.00,1.69
2017.11.10 14:48:08.873,0.787,0.78709,1.50,1.00
2017.11.10 14:48:13.475,0.787,0.7871,1.50,3.19
2017.11.10 14:48:14.800,0.787,0.78709,1.50,1.00
2017.11.10 14:48:15.363,0.787,0.78708,1.50,1.00
2017.11.10 14:48:20.494,0.78701,0.78708,1.00,1.00
2017.11.10 14:48:23.687,0.787,0.78708,1.69,1.00
2017.11.10 14:48:30.952,0.787,0.78707,1.00,1.00
2017.11.10 14:48:32.039,0.78701,0.78708,1.00,1.00
2017.11.10 14:48:32.141,0.78703,0.7871,1.00,3.00
2017.11.10 14:48:32.354,0.78704,0.78712,1.00,1.69
2017.11.10 14:48:32.998,0.78704,0.78711,1.00,1.00
2017.11.10 14:48:33.708,0.78704,0.78712,1.00,1.00
2017.11.10 14:48:35.044,0.78704,0.78711,1.00,1.00
2017.11.10 14:48:41.730,0.78705,0.78712,1.00,1.00
2017.11.10 14:48:41.933,0.78706,0.78714,1.25,1.50
2017.11.10 14:48:42.455,0.78705,0.78714,1.00,2.25
2017.11.10 14:48:42.998,0.78704,0.78714,2.44,2.25
2017.11.10 14:48:45.126,0.78705,0.78714,1.00,2.44
2017.11.10 14:48:45.177,0.78705,0.78712,1.00,1.00
2017.11.10 14:48:45.523,0.78704,0.78709,1.00,1.00
2017.11.10 14:48:45.676,0.78702,0.78709,1.69,1.00
2017.11.10 14:48:46.668,0.78702,0.78711,1.00,2.44
2017.11.10 14:48:50.929,0.78703,0.78711,1.25,1.00
2017.11.10 14:48:51.082,0.78702,0.78709,2.44,1.00
2017.11.10 14:48:51.594,0.78702,0.7871,1.69,1.87
2017.11.10 14:48:52.023,0.78703,0.78712,1.25,1.50
2017.11.10 14:48:52.671,0.78704,0.78712,1.25,1.50
2017.11.10 14:48:52.851,0.78706,0.78714,1.00,1.00
2017.11.10 14:48:53.374,0.78706,0.78713,1.00,1.69
2017.11.10 14:48:55.220,0.78706,0.78712,1.00,1.00
2017.11.10 14:48:56.251,0.78706,0.78713,1.00,1.69
2017.11.10 14:49:01.321,0.78706,0.78711,1.00,1.50
2017.11.10 14:49:01.373,0.78704,0.7871,1.00,1.00
2017.11.10 14:49:01.576,0.78702,0.7871,1.25,1.00
2017.11.10 14:49:02.167,0.78703,0.78711,1.00,1.50
2017.11.10 14:49:03.061,0.78704,0.78711,1.50,1.50
2017.11.10 14:49:04.588,0.78705,0.78711,1.00,1.00
2017.11.10 14:49:04.690,0.78704,0.78713,1.50,1.87
2017.11.10 14:49:05.346,0.78705,0.78713,1.00,1.87
2017.11.10 14:49:06.585,0.78704,0.78711,1.00,1.00
2017.11.10 14:49:09.693,0.78704,0.78713,1.69,1.12
2017.11.10 14:49:10.710,0.78704,0.78712,1.00,1.00
2017.11.10 14:49:11.342,0.78705,0.78713,1.00,1.00
2017.11.10 14:49:11.887,0.78706,0.78713,1.00,1.00
2017.11.10 14:49:12.415,0.78705,0.78713,1.25,1.00
2017.11.10 14:49:12.943,0.78704,0.78711,1.50,1.00
2017.11.10 14:49:20.854,0.78702,0.78711,1.50,1.00
2017.11.10 14:49:23.483,0.78703,0.78712,1.50,1.25
2017.11.10 14:49:23.849,0.78702,0.7871,1.50,1.00
2017.11.10 14:49:24.824,0.78702,0.78708,1.00,1.00
2017.11.10 14:49:25.346,0.78701,0.78708,1.25,1.00
2017.11.10 14:49:25.951,0.78702,0.78708,1.00,1.00
2017.11.10 14:49:26.452,0.78701,0.78708,1.00,1.00
2017.11.10 14:49:27.143,0.787,0.78708,1.50,1.00
2017.11.10 14:49:29.526,0.78698,0.78704,1.00,1.00
2017.11.10 14:49:29.583,0.78696,0.78704,1.00,1.50
2017.11.10 14:49:30.468,0.78697,0.78704,1.00,1.00
2017.11.10 14:49:30.671,0.78698,0.78706,1.00,1.50
2017.11.10 14:49:32.873,0.78699,0.78706,1.00,1.00
2017.11.10 14:49:33.932,0.78698,0.78706,1.69,1.00
2017.11.10 14:49:34.446,0.78699,0.78706,1.00,1.00
2017.11.10 14:49:35.093,0.78699,0.78708,1.00,3.56
2017.11.10 14:49:36.738,0.78698,0.78707,2.44,1.00
2017.11.10 14:49:37.446,0.78698,0.78708,2.44,2.81
2017.11.10 14:49:37.797,0.78698,0.78706,1.50,1.00
2017.11.10 14:49:38.000,0.78696,0.78705,2.44,1.00
2017.11.10 14:49:38.640,0.78698,0.78706,1.00,1.50
2017.11.10 14:49:39.161,0.78697,0.78706,1.25,2.25
2017.11.10 14:49:40.274,0.78698,0.78706,1.00,1.50
2017.11.10 14:49:40.811,0.78697,0.78706,1.00,3.19
2017.11.10 14:49:41.221,0.78696,0.78701,1.00,1.00
2017.11.10 14:49:41.775,0.78695,0.78701,1.00,1.00
2017.11.10 14:49:43.825,0.78695,0.78703,1.25,1.50
2017.11.10 14:49:44.354,0.78694,0.78703,1.69,1.50
2017.11.10 14:49:44.671,0.78696,0.78705,1.25,3.37
2017.11.10 14:49:47.661,0.78695,0.78705,3.19,2.44
2017.11.10 14:49:48.189,0.78697,0.78705,1.00,1.50
2017.11.10 14:49:48.291,0.78698,0.78707,2.44,1.00
2017.11.10 14:49:48.343,0.787,0.78709,1.50,1.69
2017.11.10 14:49:50.755,0.787,0.78708,1.50,1.00
2017.11.10 14:49:51.290,0.787,0.78709,2.25,1.25
2017.11.10 14:49:53.321,0.78702,0.78711,2.25,1.00
2017.11.10 14:49:53.987,0.78702,0.7871,1.00,1.00
2017.11.10 14:49:54.525,0.78702,0.78711,1.50,1.25
2017.11.10 14:49:55.028,0.78702,0.78712,1.69,2.44
2017.11.10 14:49:56.388,0.78703,0.78712,1.00,2.44
2017.11.10 14:49:57.249,0.78704,0.78712,1.00,1.00
2017.11.10 14:49:57.719,0.78705,0.78714,1.69,1.50
2017.11.10 14:49:58.253,0.78707,0.78713,1.00,1.00
2017.11.10 14:49:58.304,0.78708,0.78716,1.00,2.44
2017.11.10 14:49:58.826,0.78709,0.78714,1.00,1.00
2017.11.10 14:49:59.359,0.78708,0.78716,1.00,1.50
2017.11.10 14:49:59.410,0.78706,0.78715,1.69,1.12
2017.11.10 14:49:59.809,0.78708,0.78716,1.00,1.50
2017.11.10 14:50:01.355,0.7871,0.78716,1.00,1.50
2017.11.10 14:50:01.406,0.7871,0.78718,1.00,1.87
2017.11.10 14:50:01.961,0.78709,0.78718,1.00,2.81
2017.11.10 14:50:02.606,0.78708,0.78717,1.50,1.00
2017.11.10 14:50:03.113,0.78708,0.78716,1.00,1.50
2017.11.10 14:50:06.722,0.78706,0.78715,2.44,1.00
2017.11.10 14:50:07.308,0.78706,0.78714,1.50,1.00
2017.11.10 14:50:08.623,0.78704,0.78714,2.44,2.44
2017.11.10 14:50:09.147,0.78704,0.78713,2.44,1.00
2017.11.10 14:50:09.921,0.78706,0.78714,1.00,1.50
2017.11.10 14:50:10.470,0.78707,0.78714,1.25,1.00
2017.11.10 14:50:11.333,0.78708,0.78714,1.00,1.00
2017.11.10 14:50:12.452,0.78705,0.78711,1.00,1.25
2017.11.10 14:50:12.756,0.78703,0.78709,1.00,1.12
2017.11.10 14:50:13.697,0.78701,0.78709,1.00,1.12
2017.11.10 14:50:16.002,0.78702,0.7871,1.00,2.25
2017.11.10 14:50:16.104,0.78704,0.78712,1.00,1.50
2017.11.10 14:50:17.620,0.78707,0.78714,1.25,1.50
2017.11.10 14:50:17.671,0.78704,0.78712,1.50,1.00
2017.11.10 14:50:18.712,0.78705,0.78713,1.00,1.00
2017.11.10 14:50:19.492,0.78706,0.78713,1.00,1.00
2017.11.10 14:50:19.543,0.78707,0.78715,1.00,1.00
2017.11.10 14:50:20.096,0.78709,0.78716,1.13,1.00
2017.11.10 14:50:20.619,0.7871,0.78717,1.00,1.00
2017.11.10 14:50:21.147,0.7871,0.78718,1.25,1.00
2017.11.10 14:50:21.467,0.78709,0.78716,1.00,1.00
2017.11.10 14:50:23.372,0.78709,0.78715,1.00,1.00
2017.11.10 14:50:23.424,0.78707,0.78714,1.00,1.00
2017.11.10 14:50:24.848,0.78706,0.78714,1.69,1.00
2017.11.10 14:50:25.258,0.78708,0.78714,1.00,1.00
2017.11.10 14:50:25.726,0.78709,0.78716,1.00,1.87
2017.11.10 14:50:26.248,0.78708,0.78716,1.00,1.87
2017.11.10 14:50:27.116,0.78707,0.78716,1.25,1.87
2017.11.10 14:50:27.640,0.78706,0.78716,2.44,2.62
2017.11.10 14:50:27.691,0.78706,0.78714,1.69,1.00
2017.11.10 14:50:29.189,0.78707,0.78714,1.00,1.00
2017.11.10 14:50:29.699,0.78706,0.78714,1.50,1.00
2017.11.10 14:50:30.799,0.78706,0.78713,1.00,1.00
2017.11.10 14:50:32.932,0.78704,0.78713,1.69,1.50
2017.11.10 14:50:33.555,0.78704,0.78712,1.00,1.00
2017.11.10 14:50:34.099,0.78704,0.78711,1.00,1.00
2017.11.10 14:50:35.038,0.78704,0.78712,1.00,1.69
2017.11.10 14:50:36.065,0.78703,0.78712,1.00,2.44
2017.11.10 14:50:36.217,0.78707,0.78712,1.00,1.50
2017.11.10 14:50:36.269,0.78708,0.78714,1.00,1.87
2017.11.10 14:50:36.796,0.78708,0.78717,1.00,2.25
2017.11.10 14:50:37.419,0.78707,0.78716,2.44,1.00
2017.11.10 14:50:38.477,0.78709,0.78717,1.00,1.50
2017.11.10 14:50:38.579,0.78711,0.7872,1.50,2.44
2017.11.10 14:50:39.089,0.78711,0.78719,1.00,1.00
2017.11.10 14:50:39.628,0.78711,0.78718,1.00,1.00
2017.11.10 14:50:40.622,0.7871,0.78718,1.00,1.50
2017.11.10 14:50:41.234,0.7871,0.78717,1.00,1.00
2017.11.10 14:50:42.214,0.78708,0.78716,1.50,1.00
2017.11.10 14:50:42.720,0.78708,0.78717,1.69,1.12
2017.11.10 14:50:43.232,0.78708,0.78715,1.50,1.00
2017.11.10 14:50:44.673,0.78708,0.78714,1.00,1.00
2017.11.10 14:50:44.725,0.78706,0.78715,1.50,1.69
2017.11.10 14:50:45.049,0.78706,0.78713,1.00,1.69
2017.11.10 14:50:45.353,0.78704,0.78711,1.00,1.00
2017.11.10 14:50:47.982,0.78705,0.78711,1.00,1.00
2017.11.10 14:50:49.061,0.78706,0.78711,1.00,1.00
2017.11.10 14:50:49.278,0.78706,0.78713,1.00,1.00
2017.11.10 14:50:49.689,0.78708,0.78713,1.00,1.00
2017.11.10 14:50:49.740,0.78708,0.78715,1.00,2.25
2017.11.10 14:50:50.920,0.78707,0.78714,1.00,1.00
2017.11.10 14:50:51.429,0.78706,0.78714,1.25,1.00
2017.11.10 14:50:51.953,0.78707,0.78714,1.25,1.00
2017.11.10 14:50:52.973,0.78708,0.78714,1.00,1.00
2017.11.10 14:50:53.647,0.78707,0.78714,1.25,1.00
2017.11.10 14:50:54.362,0.78708,0.78714,1.00,1.00
2017.11.10 14:50:54.863,0.78707,0.78714,1.25,1.00
2017.11.10 14:50:55.364,0.78707,0.78715,1.00,2.25
2017.11.10 14:50:55.506,0.78705,0.78715,2.44,3.00
2017.11.10 14:50:55.557,0.78706,0.78713,1.00,1.00
2017.11.10 14:50:56.649,0.78707,0.78715,1.00,3.00
2017.11.10 14:50:57.325,0.78708,0.78715,1.00,1.50
2017.11.10 14:50:58.449,0.78709,0.78715,1.00,1.00
2017.11.10 14:50:58.983,0.78708,0.78715,1.00,1.00
2017.11.10 14:50:59.819,0.7871,0.78715,1.00,1.00
2017.11.10 14:50:59.870,0.78709,0.78717,1.25,1.87
2017.11.10 14:51:00.378,0.78708,0.78717,1.00,2.44
2017.11.10 14:51:00.972,0.78707,0.78716,2.44,1.00
2017.11.10 14:51:04.128,0.78708,0.78717,1.00,2.44
2017.11.10 14:51:05.151,0.78707,0.78716,2.25,1.25
2017.11.10 14:51:05.669,0.78707,0.78715,1.00,1.50
2017.11.10 14:51:07.138,0.78705,0.78713,1.50,1.00
2017.11.10 14:51:07.446,0.78704,0.78711,1.00,1.00
2017.11.10 14:51:07.814,0.78704,0.78709,1.00,1.00
2017.11.10 14:51:07.864,0.787,0.78708,1.12,1.00
2017.11.10 14:51:08.067,0.78702,0.78709,1.00,1.00
2017.11.10 14:51:08.590,0.78703,0.78709,1.00,1.00
2017.11.10 14:51:08.800,0.78701,0.78709,1.69,1.00
2017.11.10 14:51:09.338,0.78702,0.78709,1.00,1.00
2017.11.10 14:51:11.235,0.78701,0.78709,1.69,1.00
2017.11.10 14:51:12.356,0.78702,0.78709,1.25,1.00
2017.11.10 14:51:14.889,0.78701,0.78709,1.69,1.00
2017.11.10 14:51:15.086,0.78701,0.78711,1.69,2.44
2017.11.10 14:51:15.709,0.78702,0.78711,1.00,2.25
2017.11.10 14:51:16.395,0.78701,0.7871,1.69,1.00
2017.11.10 14:51:16.896,0.78701,0.78709,1.00,1.00
2017.11.10 14:51:17.632,0.78701,0.7871,1.00,1.25
2017.11.10 14:51:18.204,0.78701,0.78711,1.69,2.44
2017.11.10 14:51:18.707,0.78702,0.78711,1.00,2.44
2017.11.10 14:51:19.420,0.78703,0.78712,1.50,2.81
2017.11.10 14:51:19.573,0.78705,0.78712,1.50,1.00
2017.11.10 14:51:19.845,0.78705,0.78714,1.50,1.50
2017.11.10 14:51:19.896,0.78705,0.78712,1.50,1.00
2017.11.10 14:51:20.413,0.78706,0.78712,1.00,1.00
2017.11.10 14:51:20.619,0.78707,0.78714,1.00,1.50
2017.11.10 14:51:21.698,0.78708,0.78714,1.00,1.00
2017.11.10 14:51:21.901,0.78709,0.78716,1.00,1.87
2017.11.10 14:51:22.510,0.78708,0.78715,1.00,1.00
2017.11.10 14:51:23.018,0.78707,0.78715,1.00,1.00
2017.11.10 14:51:25.986,0.78707,0.78716,1.50,1.69
2017.11.10 14:51:26.770,0.78707,0.78715,1.50,1.00
2017.11.10 14:51:27.958,0.78707,0.78716,1.50,1.25
2017.11.10 14:51:28.548,0.78707,0.78715,1.50,1.00
2017.11.10 14:51:29.059,0.78707,0.78716,2.25,1.00
2017.11.10 14:51:29.569,0.78707,0.78715,1.00,1.00
2017.11.10 14:51:31.235,0.78707,0.78716,1.50,1.69
2017.11.10 14:51:32.605,0.78708,0.78716,1.00,1.00
2017.11.10 14:51:33.210,0.78708,0.78717,1.00,1.50
2017.11.10 14:51:33.759,0.78709,0.78718,1.50,2.81
2017.11.10 14:51:34.270,0.78709,0.78717,1.00,1.00
2017.11.10 14:51:34.778,0.78709,0.78718,1.50,2.81
2017.11.10 14:51:35.031,0.78711,0.78719,1.00,1.00
2017.11.10 14:51:35.538,0.78711,0.7872,2.25,1.69
2017.11.10 14:51:36.967,0.78713,0.78722,1.50,1.25
2017.11.10 14:51:37.837,0.78713,0.78721,1.50,1.25
2017.11.10 14:51:38.143,0.78713,0.78719,1.00,1.00
2017.11.10 14:51:38.194,0.78711,0.78719,1.87,1.00
2017.11.10 14:51:38.742,0.78711,0.7872,2.62,1.00
2017.11.10 14:51:40.829,0.78711,0.78718,1.00,1.00
2017.11.10 14:51:41.033,0.78709,0.78717,1.69,1.00
2017.11.10 14:51:41.311,0.78709,0.78715,1.00,1.00
2017.11.10 14:51:41.633,0.78707,0.78716,1.50,1.00
2017.11.10 14:51:42.318,0.78707,0.78714,1.00,1.00
2017.11.10 14:51:46.648,0.78707,0.78716,1.50,2.62
2017.11.10 14:51:47.163,0.78708,0.78716,1.00,1.00
2017.11.10 14:51:47.665,0.78709,0.78717,1.00,1.00
2017.11.10 14:51:48.179,0.7871,0.78717,1.00,1.00
2017.11.10 14:51:48.706,0.78711,0.78718,1.00,1.12
2017.11.10 14:51:49.244,0.7871,0.78718,1.00,1.12
2017.11.10 14:51:49.549,0.7871,0.78716,1.00,1.00
2017.11.10 14:51:50.222,0.78709,0.78716,1.00,1.00
2017.11.10 14:51:58.009,0.78709,0.78718,1.50,2.62
2017.11.10 14:51:58.467,0.78711,0.78719,1.69,1.00
2017.11.10 14:52:01.299,0.78711,0.7872,2.25,1.25
2017.11.10 14:52:01.822,0.78711,0.78719,1.50,1.25
2017.11.10 14:52:02.392,0.78711,0.78717,1.50,1.00
2017.11.10 14:52:02.443,0.78711,0.78719,1.00,2.25
2017.11.10 14:52:03.874,0.78711,0.78719,1.00,1.69
2017.11.10 14:52:03.925,0.78709,0.78717,1.00,1.25
2017.11.10 14:52:04.445,0.78709,0.78718,1.50,1.25
2017.11.10 14:52:04.648,0.78709,0.78716,1.00,1.00
2017.11.10 14:52:05.686,0.78709,0.78717,1.00,1.25
2017.11.10 14:52:10.030,0.78709,0.78716,1.00,1.00
2017.11.10 14:52:10.328,0.7871,0.78718,1.00,1.00
2017.11.10 14:52:10.531,0.78712,0.78719,1.00,1.00
2017.11.10 14:52:11.047,0.78711,0.78719,1.69,1.00
2017.11.10 14:52:12.022,0.78712,0.78719,1.00,1.00
2017.11.10 14:52:12.770,0.78711,0.78718,1.00,1.00
2017.11.10 14:52:13.223,0.7871,0.78715,1.00,1.00
2017.11.10 14:52:13.274,0.78707,0.78716,1.50,2.25
2017.11.10 14:52:14.022,0.78707,0.78715,1.00,1.00
2017.11.10 14:52:17.116,0.78708,0.78716,1.00,1.00
2017.11.10 14:52:17.662,0.78709,0.78718,1.50,2.44
2017.11.10 14:52:17.966,0.78711,0.78718,1.00,1.00
2017.11.10 14:52:19.170,0.78709,0.78718,2.25,1.50
2017.11.10 14:52:19.699,0.78709,0.78717,1.50,1.25
2017.11.10 14:52:20.259,0.78709,0.78716,1.50,1.00
2017.11.10 14:52:20.769,0.78708,0.78715,1.50,1.00
2017.11.10 14:52:21.700,0.78708,0.78716,1.50,1.00
2017.11.10 14:52:23.210,0.78708,0.78715,1.50,1.00
2017.11.10 14:52:23.735,0.78707,0.78715,1.00,1.00
2017.11.10 14:52:24.099,0.78707,0.78713,1.00,1.00
2017.11.10 14:52:24.605,0.78707,0.78714,1.00,1.25
2017.11.10 14:52:24.965,0.78705,0.78712,1.00,1.00
2017.11.10 14:52:25.472,0.78705,0.78711,1.00,1.00
2017.11.10 14:52:25.638,0.78702,0.78711,2.62,1.00
2017.11.10 14:52:26.394,0.78702,0.7871,1.87,1.00
2017.11.10 14:52:27.202,0.78703,0.78712,1.00,2.44
2017.11.10 14:52:27.405,0.78705,0.78712,1.00,1.00
2017.11.10 14:52:27.943,0.78705,0.78713,1.00,1.25
2017.11.10 14:52:28.487,0.78705,0.78714,1.50,2.25
2017.11.10 14:52:29.067,0.78706,0.78714,1.50,1.00
2017.11.10 14:52:29.360,0.78707,0.78716,1.25,3.00
2017.11.10 14:52:29.513,0.78709,0.78715,1.00,1.00
2017.11.10 14:52:30.040,0.78708,0.78715,1.25,1.00
2017.11.10 14:52:30.174,0.78709,0.78717,1.00,1.50
2017.11.10 14:52:30.484,0.78708,0.78715,1.00,1.00
2017.11.10 14:52:30.941,0.78706,0.78715,1.00,2.81
2017.11.10 14:52:30.992,0.78706,0.78713,1.50,1.00
2017.11.10 14:52:37.960,0.78708,0.78715,1.00,1.12
2017.11.10 14:52:38.314,0.78708,0.78717,1.50,1.50
2017.11.10 14:52:38.674,0.78708,0.78715,1.00,1.00
2017.11.10 14:52:39.723,0.78705,0.78714,3.00,1.00
2017.11.10 14:52:40.514,0.78706,0.78715,1.25,2.44
2017.11.10 14:52:41.021,0.78706,0.78715,1.44,2.44
2017.11.10 14:52:41.655,0.78705,0.78714,3.19,1.00
2017.11.10 14:52:42.516,0.78705,0.78713,1.69,1.00
2017.11.10 14:52:43.047,0.78705,0.78714,2.63,1.00
2017.11.10 14:52:43.574,0.78706,0.78715,1.12,2.25
2017.11.10 14:52:44.128,0.78707,0.78715,1.00,1.50
2017.11.10 14:52:45.386,0.78706,0.78715,1.12,2.25
2017.11.10 14:52:46.945,0.78705,0.78714,2.81,1.00
2017.11.10 14:52:47.098,0.78703,0.78712,1.87,1.50
2017.11.10 14:52:47.302,0.78706,0.78715,1.25,1.50
2017.11.10 14:52:47.827,0.78706,0.78712,1.00,1.00
2017.11.10 14:52:48.612,0.78705,0.78712,1.00,1.00
2017.11.10 14:52:50.061,0.78706,0.78714,1.25,1.12
2017.11.10 14:52:50.612,0.78707,0.78714,1.00,1.00
2017.11.10 14:52:51.232,0.78707,0.78715,1.00,1.00
2017.11.10 14:52:51.782,0.78707,0.78714,1.50,1.00
2017.11.10 14:52:54.187,0.78708,0.78716,1.25,1.12
2017.11.10 14:52:54.734,0.78709,0.78716,1.00,1.12
2017.11.10 14:52:55.282,0.78709,0.78717,1.00,1.00
2017.11.10 14:52:55.997,0.7871,0.78717,1.00,1.00
2017.11.10 14:52:56.213,0.7871,0.78719,1.00,2.62
2017.11.10 14:52:56.926,0.78709,0.78718,2.44,1.00
2017.11.10 14:52:57.469,0.78709,0.78717,1.00,1.00
2017.11.10 14:52:58.307,0.78709,0.78718,1.50,1.69
2017.11.10 14:53:00.137,0.78709,0.78717,1.00,1.00
2017.11.10 14:53:00.666,0.78708,0.78716,1.00,1.00
2017.11.10 14:53:01.211,0.78709,0.78717,1.00,1.00
2017.11.10 14:53:03.130,0.7871,0.78717,1.00,1.00
2017.11.10 14:53:03.695,0.78709,0.78717,1.00,1.00
2017.11.10 14:53:04.455,0.78707,0.78716,2.44,1.00
2017.11.10 14:53:05.587,0.78708,0.78716,1.00,1.00
2017.11.10 14:53:06.101,0.78707,0.78716,1.69,1.50
2017.11.10 14:53:08.148,0.78707,0.78715,1.00,1.00
2017.11.10 14:53:08.819,0.78707,0.78716,1.50,1.69
2017.11.10 14:53:10.409,0.78708,0.78716,1.00,1.00
2017.11.10 14:53:10.915,0.78708,0.78717,1.25,1.50
2017.11.10 14:53:11.514,0.78707,0.78716,2.44,1.00
2017.11.10 14:53:12.462,0.78707,0.78715,1.50,1.00
2017.11.10 14:53:14.892,0.78705,0.78713,1.50,1.00
2017.11.10 14:53:15.452,0.78705,0.78714,1.69,1.50
2017.11.10 14:53:15.960,0.78705,0.78713,1.00,1.00
2017.11.10 14:53:16.507,0.78706,0.78715,1.50,2.44
2017.11.10 14:53:17.173,0.78707,0.78715,1.00,1.00
2017.11.10 14:53:17.694,0.78708,0.78716,1.00,1.00
2017.11.10 14:53:18.607,0.78708,0.78717,1.50,1.50
2017.11.10 14:53:19.154,0.78709,0.78716,1.00,1.00
2017.11.10 14:53:20.892,0.78709,0.78714,1.00,1.00
2017.11.10 14:53:21.476,0.78709,0.78716,1.00,1.50
2017.11.10 14:53:23.821,0.78707,0.78714,1.00,1.00
2017.11.10 14:53:23.973,0.78707,0.78716,1.88,1.50
2017.11.10 14:53:24.524,0.78708,0.78716,1.00,1.00
2017.11.10 14:53:25.118,0.78709,0.78716,1.50,1.00
2017.11.10 14:53:25.221,0.78709,0.78718,1.69,2.25
2017.11.10 14:53:26.875,0.78709,0.78717,1.00,1.00
2017.11.10 14:53:27.382,0.7871,0.78718,1.25,1.00
2017.11.10 14:53:27.674,0.78712,0.7872,1.25,2.25
2017.11.10 14:53:28.221,0.78713,0.7872,1.00,1.00
2017.11.10 14:53:29.985,0.78711,0.7872,1.69,1.50
2017.11.10 14:53:30.037,0.78711,0.78718,1.69,1.00
2017.11.10 14:53:31.638,0.78711,0.78717,1.00,1.00
2017.11.10 14:53:31.974,0.78709,0.78715,1.00,1.00
2017.11.10 14:53:34.466,0.78707,0.78715,1.00,2.25
2017.11.10 14:53:34.517,0.78707,0.78713,1.00,1.00
2017.11.10 14:53:35.036,0.78707,0.78714,1.00,1.00
2017.11.10 14:53:36.551,0.78707,0.78715,1.00,2.44
2017.11.10 14:53:37.568,0.78707,0.78714,1.00,1.00
2017.11.10 14:53:37.879,0.78705,0.78712,1.00,1.00
2017.11.10 14:53:38.066,0.78703,0.78712,2.44,1.00
2017.11.10 14:53:38.683,0.78703,0.78711,1.50,1.00
2017.11.10 14:53:41.460,0.78703,0.78709,1.00,1.00
2017.11.10 14:53:44.883,0.78701,0.78709,1.50,1.00
2017.11.10 14:53:45.922,0.78701,0.7871,2.25,1.00
2017.11.10 14:53:46.456,0.78701,0.78711,2.44,2.62
2017.11.10 14:53:46.835,0.78701,0.78709,1.69,1.00
2017.11.10 14:53:48.329,0.78701,0.78708,1.00,1.00
2017.11.10 14:53:48.431,0.78699,0.78707,1.69,1.00
2017.11.10 14:53:48.533,0.787,0.78709,1.00,3.19
2017.11.10 14:53:49.058,0.78701,0.78709,1.00,1.50
2017.11.10 14:53:49.897,0.78702,0.78709,1.00,1.00
2017.11.10 14:53:49.954,0.78702,0.78711,1.00,3.37
2017.11.10 14:53:50.360,0.78704,0.78711,1.00,1.00
2017.11.10 14:53:50.462,0.78705,0.78713,1.00,2.62
2017.11.10 14:53:51.458,0.78704,0.78713,1.69,1.87
2017.11.10 14:53:52.524,0.78705,0.78713,1.00,1.12
2017.11.10 14:53:53.057,0.78704,0.78713,1.69,1.87
2017.11.10 14:53:53.797,0.78705,0.78713,1.00,1.12
2017.11.10 14:53:54.263,0.78707,0.78713,1.00,1.12
2017.11.10 14:53:54.314,0.78705,0.78713,1.00,1.12
2017.11.10 14:53:54.626,0.78704,0.78711,1.00,1.00
2017.11.10 14:53:55.147,0.78703,0.78711,1.00,1.00
2017.11.10 14:53:59.883,0.78704,0.78711,1.12,1.00
2017.11.10 14:54:00.502,0.78706,0.78714,1.88,1.50
2017.11.10 14:54:01.038,0.78707,0.78714,1.00,1.00
2017.11.10 14:54:01.585,0.78706,0.78714,1.50,1.00
2017.11.10 14:54:02.818,0.78707,0.78714,1.00,1.00
2017.11.10 14:54:04.211,0.78706,0.78714,1.87,1.00
2017.11.10 14:54:06.976,0.78707,0.78714,1.00,1.00
2017.11.10 14:54:07.613,0.78708,0.78716,1.00,1.50
2017.11.10 14:54:08.089,0.7871,0.78716,1.00,1.00
2017.11.10 14:54:08.140,0.7871,0.78718,1.50,1.00
2017.11.10 14:54:09.409,0.78711,0.78718,1.00,1.00
2017.11.10 14:54:09.460,0.78711,0.7872,1.00,2.44
2017.11.10 14:54:10.890,0.78712,0.7872,1.00,1.50
2017.11.10 14:54:11.346,0.78714,0.78721,1.00,1.00
2017.11.10 14:54:11.612,0.78715,0.78723,1.00,1.87
2017.11.10 14:54:12.107,0.78713,0.78723,3.19,2.81
2017.11.10 14:54:12.627,0.78713,0.78722,2.25,1.00
2017.11.10 14:54:13.783,0.78713,0.78721,1.00,1.00
2017.11.10 14:54:20.097,0.78712,0.7872,1.00,1.69
2017.11.10 14:54:20.148,0.7871,0.78719,2.06,1.00
2017.11.10 14:54:20.398,0.78708,0.78718,2.25,2.44
2017.11.10 14:54:21.098,0.7871,0.78718,1.00,1.50
2017.11.10 14:54:21.648,0.78711,0.78718,1.69,1.00
2017.11.10 14:54:25.864,0.78711,0.78717,1.00,1.00
2017.11.10 14:54:25.915,0.78708,0.78717,2.44,1.00
2017.11.10 14:54:26.787,0.7871,0.78718,1.00,1.50
2017.11.10 14:54:26.889,0.7871,0.7872,1.50,3.75
2017.11.10 14:54:27.143,0.7871,0.78718,1.00,1.00
2017.11.10 14:54:28.733,0.78711,0.78718,1.00,1.00
2017.11.10 14:54:30.905,0.78711,0.7872,1.25,2.62
2017.11.10 14:54:31.820,0.78712,0.7872,1.00,2.25
2017.11.10 14:54:32.339,0.78713,0.78721,1.00,1.00
2017.11.10 14:54:32.493,0.78715,0.78723,1.00,1.12
2017.11.10 14:54:32.857,0.78713,0.78722,1.69,1.00
2017.11.10 14:54:33.323,0.78713,0.7872,1.00,1.00
2017.11.10 14:54:34.200,0.78711,0.7872,1.50,1.50
2017.11.10 14:54:34.606,0.78711,0.78718,1.00,1.00
2017.11.10 14:54:35.548,0.78709,0.78716,1.00,1.00
2017.11.10 14:54:36.988,0.78712,0.78716,1.00,1.00
2017.11.10 14:54:37.094,0.78714,0.7872,1.00,1.12
2017.11.10 14:54:37.641,0.78713,0.78721,1.69,1.50
2017.11.10 14:54:37.692,0.78714,0.78723,1.00,1.50
2017.11.10 14:54:37.794,0.78713,0.7872,1.25,1.00
2017.11.10 14:54:37.895,0.7871,0.78719,3.19,1.00
2017.11.10 14:54:38.048,0.78712,0.7872,1.00,2.62
2017.11.10 14:54:41.382,0.78713,0.7872,1.00,1.00
2017.11.10 14:54:41.938,0.78712,0.7872,1.69,1.00
2017.11.10 14:54:42.242,0.78714,0.78722,1.00,1.87
2017.11.10 14:54:42.939,0.78715,0.78722,1.00,1.00
2017.11.10 14:54:43.143,0.78716,0.78724,1.00,2.25
2017.11.10 14:54:43.611,0.78716,0.78722,1.00,1.00
2017.11.10 14:54:44.550,0.78716,0.78724,1.50,1.69
2017.11.10 14:54:44.865,0.78716,0.78722,1.00,1.00
2017.11.10 14:54:46.292,0.78716,0.78724,1.50,1.50
2017.11.10 14:54:47.285,0.78718,0.78724,1.00,1.50
2017.11.10 14:54:47.338,0.7872,0.78727,1.00,1.00
2017.11.10 14:54:47.966,0.78721,0.78728,1.00,1.00
2017.11.10 14:54:49.100,0.7872,0.78728,1.00,1.00
2017.11.10 14:54:49.605,0.78722,0.78731,1.00,2.25
2017.11.10 14:54:50.136,0.78721,0.78731,2.44,2.25
2017.11.10 14:54:50.528,0.78721,0.78728,1.00,1.00
2017.11.10 14:54:50.579,0.78718,0.78727,3.19,1.00
2017.11.10 14:54:51.110,0.7872,0.78728,1.00,1.00
2017.11.10 14:54:52.479,0.78721,0.78728,1.00,1.00
2017.11.10 14:54:52.534,0.78721,0.7873,2.25,1.00
2017.11.10 14:54:53.062,0.78721,0.78729,1.00,1.50
2017.11.10 14:54:53.829,0.78721,0.78728,1.00,1.00
2017.11.10 14:54:53.880,0.78719,0.78727,1.00,1.50
2017.11.10 14:54:54.083,0.78718,0.78725,1.00,1.50
2017.11.10 14:54:54.236,0.78716,0.78725,1.00,2.44
2017.11.10 14:54:54.602,0.78714,0.78722,1.00,1.00
2017.11.10 14:54:55.108,0.78715,0.78723,1.00,1.00
2017.11.10 14:54:55.638,0.78716,0.78725,1.00,2.44
2017.11.10 14:54:59.855,0.78716,0.78724,1.00,1.00
2017.11.10 14:55:00.382,0.78716,0.78725,1.00,2.44
2017.11.10 14:55:11.948,0.78717,0.78726,1.00,3.19
2017.11.10 14:55:12.979,0.78716,0.78726,3.19,2.62
2017.11.10 14:55:13.328,0.78718,0.78726,1.00,2.44
2017.11.10 14:55:13.730,0.78718,0.78723,1.00,1.00
2017.11.10 14:55:13.832,0.78714,0.78724,2.44,2.25
2017.11.10 14:55:14.340,0.78715,0.78724,1.00,2.25
2017.11.10 14:55:14.759,0.78719,0.78726,1.00,2.06
2017.11.10 14:55:15.014,0.78719,0.78728,1.50,1.00
2017.11.10 14:55:15.650,0.78718,0.78727,1.00,1.00
2017.11.10 14:55:16.638,0.78719,0.78727,1.00,1.00
2017.11.10 14:55:16.790,0.78721,0.78728,1.00,1.00
2017.11.10 14:55:16.943,0.78719,0.78728,1.00,1.88
2017.11.10 14:55:17.495,0.78718,0.78727,2.62,1.00
2017.11.10 14:55:18.696,0.78719,0.78727,1.00,1.00
2017.11.10 14:55:19.596,0.78719,0.78728,2.25,1.00
2017.11.10 14:55:20.148,0.7872,0.78729,2.44,1.00
2017.11.10 14:55:20.703,0.78721,0.78729,1.00,1.00
2017.11.10 14:55:21.368,0.7872,0.78729,1.69,1.00
2017.11.10 14:55:22.720,0.78724,0.78731,1.25,1.50
2017.11.10 14:55:23.243,0.78723,0.78731,1.00,1.50
2017.11.10 14:55:23.691,0.78721,0.7873,2.44,1.00
2017.11.10 14:55:24.199,0.7872,0.78729,1.69,1.00
2017.11.10 14:55:24.367,0.7872,0.78727,1.00,1.00
2017.11.10 14:55:24.418,0.78718,0.78727,2.44,1.00
2017.11.10 14:55:24.767,0.7872,0.78727,1.00,1.00
2017.11.10 14:55:25.309,0.78721,0.78728,1.00,1.12
2017.11.10 14:55:25.858,0.78722,0.7873,1.25,2.25
2017.11.10 14:55:27.178,0.78724,0.7873,1.00,1.00
2017.11.10 14:55:27.719,0.78723,0.78731,1.25,1.00
2017.11.10 14:55:28.226,0.78724,0.78732,1.00,1.00
2017.11.10 14:55:28.768,0.78723,0.78731,1.00,1.00
2017.11.10 14:55:29.688,0.78723,0.78732,1.00,1.69
2017.11.10 14:55:30.205,0.78722,0.78731,1.69,1.00
2017.11.10 14:55:30.741,0.78721,0.7873,1.50,1.00
2017.11.10 14:55:31.250,0.78722,0.7873,1.00,1.00
2017.11.10 14:55:32.228,0.78721,0.7873,2.44,1.00
2017.11.10 14:55:32.775,0.78722,0.7873,1.00,1.00
2017.11.10 14:55:33.611,0.78722,0.78731,2.44,1.00
2017.11.10 14:55:34.223,0.78723,0.78731,1.00,1.00
2017.11.10 14:55:34.778,0.78722,0.78731,2.44,1.00
2017.11.10 14:55:35.746,0.78721,0.7873,1.50,1.00
2017.11.10 14:55:37.050,0.78722,0.7873,1.00,1.00
2017.11.10 14:55:37.829,0.78723,0.78731,1.00,1.00
2017.11.10 14:55:39.342,0.78725,0.78733,1.00,1.00
2017.11.10 14:55:40.188,0.78724,0.78733,1.69,1.00
2017.11.10 14:55:42.876,0.78725,0.78733,1.00,1.00
2017.11.10 14:55:43.426,0.78724,0.78733,1.87,1.00
2017.11.10 14:55:43.956,0.78725,0.78733,1.00,1.00
2017.11.10 14:55:44.300,0.78723,0.78732,1.87,1.00
2017.11.10 14:55:44.737,0.78727,0.78734,1.00,1.00
2017.11.10 14:55:44.839,0.78729,0.78737,1.00,3.56
2017.11.10 14:55:45.295,0.78727,0.78736,2.44,1.31
2017.11.10 14:55:45.858,0.78728,0.78737,1.25,2.62
2017.11.10 14:55:46.386,0.78729,0.78737,1.00,2.81
2017.11.10 14:55:46.920,0.78728,0.78737,1.25,2.81
2017.11.10 14:55:47.522,0.7873,0.78737,1.00,2.81
2017.11.10 14:55:49.176,0.7873,0.78737,1.00,3.75
2017.11.10 14:55:49.875,0.78729,0.78736,1.00,1.25
2017.11.10 14:55:51.470,0.78729,0.78737,1.00,1.87
2017.11.10 14:55:51.943,0.78732,0.78737,1.00,1.00
2017.11.10 14:55:52.984,0.78728,0.78735,1.00,1.00
2017.11.10 14:55:53.224,0.78725,0.78735,2.25,2.06
2017.11.10 14:55:53.325,0.78725,0.78732,1.50,1.00
2017.11.10 14:55:53.427,0.78726,0.78734,1.25,1.12
2017.11.10 14:55:54.011,0.78726,0.78735,1.25,1.50
2017.11.10 14:55:54.954,0.78727,0.78735,1.00,2.44
2017.11.10 14:55:55.494,0.78726,0.78735,1.00,1.69
2017.11.10 14:55:56.974,0.78725,0.78735,3.19,2.44
2017.11.10 14:55:57.504,0.78726,0.78735,1.00,2.44
2017.11.10 14:55:59.346,0.78725,0.78735,2.44,2.25
2017.11.10 14:56:00.282,0.78725,0.78734,1.50,1.25
2017.11.10 14:56:00.789,0.78725,0.78733,1.50,1.00
2017.11.10 14:56:01.954,0.78725,0.78734,1.50,1.12
2017.11.10 14:56:03.592,0.78725,0.78733,1.50,1.00
2017.11.10 14:56:03.791,0.78729,0.78737,1.00,2.06
2017.11.10 14:56:04.298,0.78728,0.78735,1.00,1.25
2017.11.10 14:56:04.401,0.78726,0.78734,1.50,1.50
2017.11.10 14:56:04.730,0.78724,0.78733,1.69,1.00
2017.11.10 14:56:10.019,0.78725,0.78733,1.00,1.50
2017.11.10 14:56:10.561,0.78726,0.78733,1.00,1.00
2017.11.10 14:56:11.512,0.78725,0.78733,1.88,1.00
2017.11.10 14:56:12.186,0.78723,0.78733,1.87,2.62
2017.11.10 14:56:12.724,0.78724,0.78733,2.25,1.00
2017.11.10 14:56:13.315,0.78725,0.78733,1.00,1.00
2017.11.10 14:56:14.140,0.78724,0.78733,1.50,1.87
2017.11.10 14:56:14.647,0.78724,0.78732,1.00,1.25
2017.11.10 14:56:15.510,0.78723,0.78731,1.12,1.00
2017.11.10 14:56:20.387,0.78722,0.7873,1.50,1.00
2017.11.10 14:56:20.439,0.7872,0.78728,1.00,1.00
2017.11.10 14:56:20.945,0.7872,0.78729,1.00,1.87
2017.11.10 14:56:21.553,0.7872,0.78728,1.00,1.00
2017.11.10 14:56:22.054,0.7872,0.78729,1.00,1.87
2017.11.10 14:56:23.589,0.7872,0.78728,1.12,1.00
2017.11.10 14:56:24.383,0.7872,0.78729,1.12,1.87
2017.11.10 14:56:24.719,0.78722,0.78729,1.00,1.69
2017.11.10 14:56:25.029,0.78719,0.78728,1.50,1.69
2017.11.10 14:56:26.344,0.78719,0.78728,1.00,1.87
2017.11.10 14:56:26.852,0.78719,0.78728,1.00,1.87
2017.11.10 14:56:27.483,0.78719,0.78727,1.00,1.25
2017.11.10 14:56:28.492,0.78718,0.78727,1.00,1.87
2017.11.10 14:56:28.598,0.78717,0.78724,1.00,1.00
2017.11.10 14:56:28.801,0.78715,0.78723,1.00,1.00
2017.11.10 14:56:29.077,0.78714,0.78721,1.50,1.00
2017.11.10 14:56:29.585,0.78714,0.78722,1.50,1.00
2017.11.10 14:56:30.434,0.78716,0.78724,1.00,1.00
2017.11.10 14:56:30.536,0.78714,0.78724,3.00,2.81
2017.11.10 14:56:31.108,0.78714,0.78723,1.50,1.12
2017.11.10 14:56:33.391,0.78714,0.78723,1.50,1.44
2017.11.10 14:56:33.897,0.78714,0.78723,1.50,1.12
2017.11.10 14:56:39.325,0.78716,0.78724,1.00,1.50
2017.11.10 14:56:43.198,0.78716,0.78723,1.00,1.25
2017.11.10 14:56:45.458,0.78714,0.78723,2.25,1.00
2017.11.10 14:56:45.983,0.78714,0.78724,3.38,2.25
2017.11.10 14:56:46.508,0.78715,0.78724,1.00,1.50
2017.11.10 14:56:49.391,0.78714,0.78724,3.94,2.25
2017.11.10 14:56:50.211,0.78715,0.78724,1.00,2.25
2017.11.10 14:56:50.363,0.78716,0.78726,3.19,2.44
2017.11.10 14:56:51.532,0.78718,0.78726,1.00,1.00
2017.11.10 14:56:53.197,0.78719,0.78727,1.00,1.00
2017.11.10 14:56:55.053,0.78718,0.78727,2.44,1.00
2017.11.10 14:56:55.638,0.78718,0.78727,1.50,1.87
2017.11.10 14:56:56.167,0.78718,0.78727,1.50,1.50
2017.11.10 14:56:57.704,0.78719,0.78727,1.00,1.87
2017.11.10 14:56:58.214,0.78718,0.78727,2.25,1.87
2017.11.10 14:56:59.492,0.78718,0.78727,2.25,1.25
2017.11.10 14:57:00.029,0.78719,0.78727,1.00,1.00
2017.11.10 14:57:02.449,0.78718,0.78727,3.00,1.25
2017.11.10 14:57:02.995,0.78719,0.78727,1.00,1.25
2017.11.10 14:57:09.411,0.78721,0.78727,1.25,1.00
2017.11.10 14:57:09.462,0.78721,0.7873,1.25,1.69
2017.11.10 14:57:10.473,0.78722,0.7873,1.00,1.69
2017.11.10 14:57:11.007,0.78723,0.7873,1.00,1.00
2017.11.10 14:57:11.814,0.78722,0.7873,1.25,1.00
2017.11.10 14:57:12.535,0.78722,0.78731,1.69,1.87
2017.11.10 14:57:12.832,0.78722,0.78729,1.00,1.88
2017.11.10 14:57:12.973,0.7872,0.78729,1.50,1.88
2017.11.10 14:57:13.715,0.7872,0.78728,1.00,1.69
2017.11.10 14:57:14.235,0.7872,0.78728,1.00,1.87
2017.11.10 14:57:14.947,0.78719,0.78728,1.00,2.63
2017.11.10 14:57:15.858,0.78718,0.78728,2.81,2.62
2017.11.10 14:57:18.955,0.78718,0.78728,2.81,2.62
2017.11.10 14:57:21.711,0.78718,0.78725,1.12,1.00
2017.11.10 14:57:22.229,0.78717,0.78725,1.00,1.25
2017.11.10 14:57:27.062,0.78716,0.78725,1.50,1.87
2017.11.10 14:57:27.642,0.78716,0.78724,1.50,1.25
2017.11.10 14:57:29.577,0.78716,0.78725,1.50,1.69
2017.11.10 14:57:29.890,0.78715,0.78724,1.50,1.50
2017.11.10 14:57:34.755,0.78713,0.78721,2.25,1.25
2017.11.10 14:57:35.025,0.78711,0.7872,1.87,1.00
2017.11.10 14:57:36.425,0.78712,0.78721,1.00,1.87
2017.11.10 14:57:36.629,0.78713,0.78723,2.25,2.62
2017.11.10 14:57:45.729,0.78713,0.78723,1.50,2.62
2017.11.10 14:57:47.389,0.78713,0.78723,1.50,2.44
2017.11.10 14:57:53.985,0.78713,0.78722,1.50,1.00
2017.11.10 14:57:54.037,0.78712,0.78721,1.12,1.69
2017.11.10 14:57:54.565,0.78711,0.78719,1.00,1.00
2017.11.10 14:57:55.103,0.78711,0.78718,1.00,1.00
2017.11.10 14:57:55.524,0.78709,0.78718,1.50,1.00
2017.11.10 14:58:00.543,0.7871,0.78719,1.69,1.00
2017.11.10 14:58:00.946,0.78713,0.78721,1.25,1.00
2017.11.10 14:58:01.496,0.78714,0.78722,1.25,1.12
2017.11.10 14:58:05.772,0.78716,0.78722,1.00,1.00
2017.11.10 14:58:05.879,0.78717,0.78725,1.00,1.87
2017.11.10 14:58:06.453,0.78718,0.78725,1.00,1.00
2017.11.10 14:58:07.414,0.78718,0.78727,1.00,1.12
2017.11.10 14:58:08.907,0.78719,0.78727,1.00,1.00
2017.11.10 14:58:10.441,0.78719,0.78728,1.50,1.00
2017.11.10 14:58:20.873,0.7872,0.78728,1.00,1.00
2017.11.10 14:58:21.109,0.78722,0.78729,1.25,1.00
2017.11.10 14:58:22.999,0.78721,0.78729,1.25,1.00
2017.11.10 14:58:23.709,0.78722,0.78729,1.00,1.00
2017.11.10 14:58:25.774,0.78723,0.78729,1.00,1.00
2017.11.10 14:58:29.653,0.78722,0.78729,1.00,1.00
2017.11.10 14:58:31.161,0.78723,0.78729,1.00,1.00
2017.11.10 14:58:31.960,0.78721,0.78729,1.00,1.50
2017.11.10 14:58:32.493,0.7872,0.78728,1.00,1.25
2017.11.10 14:58:33.150,0.78719,0.78728,1.00,1.87
2017.11.10 14:58:38.967,0.78718,0.78728,2.44,2.62
2017.11.10 14:58:39.967,0.78718,0.78728,2.25,3.37
2017.11.10 14:58:42.455,0.78718,0.78727,1.50,1.44
2017.11.10 14:58:42.607,0.78716,0.78725,1.00,1.50
2017.11.10 14:58:43.006,0.78718,0.78725,1.00,1.00
2017.11.10 14:58:43.411,0.78718,0.78727,1.88,1.00
2017.11.10 14:58:43.958,0.78718,0.78727,1.69,1.00
2017.11.10 14:58:44.471,0.78718,0.78726,1.00,1.00
2017.11.10 14:58:45.017,0.7872,0.78727,1.00,1.00
2017.11.10 14:58:45.221,0.78721,0.78729,1.25,1.00
2017.11.10 14:58:45.424,0.78718,0.78727,1.25,1.00
2017.11.10 14:58:45.833,0.78717,0.78725,1.00,1.00
2017.11.10 14:58:49.068,0.78716,0.78725,1.50,1.25
2017.11.10 14:58:52.119,0.78716,0.78723,1.00,1.50
2017.11.10 14:58:52.170,0.78714,0.78723,1.00,1.50
2017.11.10 14:58:55.810,0.78714,0.78722,1.00,1.00
2017.11.10 14:58:56.658,0.78715,0.78722,1.00,1.25
2017.11.10 14:59:00.015,0.78714,0.78722,1.00,1.69
2017.11.10 14:59:00.536,0.78714,0.78722,1.00,1.44
2017.11.10 14:59:01.052,0.78714,0.78722,1.00,1.00
2017.11.10 14:59:01.568,0.78714,0.78724,1.00,1.44
2017.11.10 14:59:02.865,0.78715,0.78724,1.00,1.25
2017.11.10 14:59:03.512,0.78715,0.78724,1.00,1.87
2017.11.10 14:59:04.181,0.78715,0.78724,1.50,1.00
2017.11.10 14:59:13.172,0.78716,0.78725,1.00,1.69
2017.11.10 14:59:14.613,0.78718,0.78726,1.00,1.25
2017.11.10 14:59:15.793,0.78718,0.78727,1.50,1.25
2017.11.10 14:59:18.048,0.78719,0.78727,1.00,1.00
2017.11.10 14:59:19.884,0.78721,0.78729,1.88,1.00
2017.11.10 14:59:20.191,0.78728,0.78733,1.00,1.00
2017.11.10 14:59:20.343,0.78726,0.78733,1.50,1.00
2017.11.10 14:59:20.394,0.78726,0.78736,2.25,2.62
2017.11.10 14:59:21.466,0.78726,0.78733,1.00,1.00
2017.11.10 14:59:21.837,0.78723,0.78732,2.25,1.25
2017.11.10 14:59:22.363,0.78722,0.78732,1.12,2.62
2017.11.10 14:59:26.153,0.78721,0.7873,1.00,1.00
2017.11.10 14:59:26.674,0.7872,0.7873,3.00,2.44
2017.11.10 14:59:28.263,0.7872,0.7873,2.25,2.62
2017.11.10 14:59:30.159,0.7872,0.78728,1.00,1.00
2017.11.10 14:59:30.210,0.78718,0.78728,2.44,1.87
2017.11.10 14:59:30.565,0.7872,0.78728,1.00,1.00
2017.11.10 14:59:31.298,0.78718,0.78728,1.69,1.00
2017.11.10 14:59:31.561,0.78717,0.78727,1.50,1.50
2017.11.10 14:59:31.613,0.78722,0.78727,1.00,1.25
2017.11.10 14:59:31.664,0.78717,0.78727,1.50,1.00
2017.11.10 14:59:35.102,0.78718,0.78727,1.00,1.00
2017.11.10 14:59:35.680,0.78719,0.78728,1.00,1.00
2017.11.10 14:59:36.374,0.7872,0.78728,1.00,1.00
2017.11.10 14:59:36.742,0.78721,0.7873,1.00,1.00
2017.11.10 14:59:39.577,0.78721,0.78729,1.00,1.00
2017.11.10 14:59:41.042,0.7872,0.78728,1.00,1.00
2017.11.10 14:59:41.093,0.7872,0.7873,1.50,2.25
2017.11.10 14:59:41.803,0.78719,0.78728,1.87,1.00
2017.11.10 14:59:45.630,0.7872,0.7873,1.00,2.25
2017.11.10 14:59:47.684,0.78718,0.78726,1.00,1.00
2017.11.10 14:59:47.942,0.78701,0.78711,2.25,1.50
2017.11.10 14:59:47.995,0.78694,0.78703,1.00,1.00
2017.11.10 14:59:48.098,0.78697,0.78707,1.50,1.00
2017.11.10 14:59:48.149,0.78693,0.787,1.75,1.00
2017.11.10 14:59:48.200,0.78695,0.78705,1.00,1.00
2017.11.10 14:59:48.251,0.78695,0.78701,1.00,1.00
2017.11.10 14:59:48.362,0.78691,0.78701,2.25,1.50
2017.11.10 14:59:48.413,0.78695,0.78702,1.75,1.00
2017.11.10 14:59:48.515,0.78692,0.78702,1.00,1.00
2017.11.10 14:59:48.879,0.78694,0.78704,1.00,1.87
2017.11.10 14:59:50.001,0.7869,0.78706,1.00,1.00
2017.11.10 14:59:50.255,0.78688,0.78703,1.00,1.00
2017.11.10 14:59:51.309,0.7869,0.78706,1.00,1.00
2017.11.10 14:59:55.143,0.78692,0.78707,1.00,1.00
2017.11.10 14:59:56.200,0.7869,0.78705,1.00,1.00
2017.11.10 14:59:56.739,0.78689,0.78705,1.00,1.00
2017.11.10 14:59:57.070,0.78692,0.78707,1.00,1.00
2017.11.10 14:59:57.730,0.78693,0.78706,1.00,1.00
2017.11.10 14:59:58.202,0.78696,0.78709,1.00,1.00
2017.11.10 14:59:58.506,0.78694,0.78706,1.00,1.00
2017.11.10 14:59:59.007,0.78695,0.78705,1.00,1.00
