2010.12.10 08:00:00.362,0.62908,0.62932,3.20,2.30
2010.12.10 08:00:00.691,0.62908,0.62934,2.50,1.70
2010.12.10 08:00:01.461,0.62908,0.62932,2.30,2.30
2010.12.10 08:00:02.652,0.62916,0.62942,2.50,2.50
2010.12.10 08:00:02.762,0.62916,0.62942,2.50,2.40
2010.12.10 08:00:03.509,0.62917,0.62943,4.70,1.80
2010.12.10 08:00:04.021,0.62917,0.62943,4.70,1.90
2010.12.10 08:00:04.131,0.62917,0.62943,3.80,2.60
2010.12.10 08:00:04.708,0.62921,0.62943,1.50,3.40
2010.12.10 08:00:04.930,0.62921,0.62943,1.50,3.20
2010.12.10 08:00:05.041,0.62916,0.62943,1.70,3.30
2010.12.10 08:00:05.982,0.62916,0.62941,1.70,1.10
2010.12.10 08:00:06.204,0.6291,0.62941,2.50,2.30
2010.12.10 08:00:06.431,0.6291,0.62941,2.50,1.10
2010.12.10 08:00:07.179,0.62907,0.62934,3.20,1.50
2010.12.10 08:00:08.230,0.62907,0.62938,4.70,1.70
2010.12.10 08:00:08.390,0.62905,0.62934,2.50,1.60
2010.12.10 08:00:08.502,0.62905,0.62934,2.50,1.80
2010.12.10 08:00:09.004,0.62906,0.62934,2.50,1.60
2010.12.10 08:00:09.144,0.62909,0.62934,2.50,1.50
2010.12.10 08:00:09.374,0.62917,0.62934,2.30,1.50
2010.12.10 08:00:09.491,0.62917,0.62943,2.50,1.50
2010.12.10 08:00:10.306,0.62917,0.62947,4.70,1.50
2010.12.10 08:00:11.138,0.62906,0.62933,1.50,4.70
2010.12.10 08:00:11.250,0.62899,0.62932,1.70,2.50
2010.12.10 08:00:11.363,0.62907,0.62932,1.50,1.50
2010.12.10 08:00:11.955,0.62907,0.62933,1.50,1.70
2010.12.10 08:00:13.348,0.62908,0.62933,2.30,1.60
2010.12.10 08:00:13.576,0.6291,0.62944,1.70,4.10
2010.12.10 08:00:13.910,0.6291,0.62934,1.70,1.50
2010.12.10 08:00:14.931,0.6291,0.62934,2.50,1.50
2010.12.10 08:00:15.263,0.62908,0.62941,4.00,2.50
2010.12.10 08:00:15.864,0.62907,0.62933,4.70,1.50
2010.12.10 08:00:17.681,0.62907,0.62933,4.70,1.70
2010.12.10 08:00:18.771,0.62907,0.62933,3.80,2.00
2010.12.10 08:00:18.899,0.62907,0.62933,1.50,1.80
2010.12.10 08:00:19.010,0.62907,0.62933,1.50,1.80
2010.12.10 08:00:19.991,0.62896,0.62922,1.50,2.30
2010.12.10 08:00:20.103,0.62896,0.62924,1.70,1.50
2010.12.10 08:00:21.442,0.62896,0.62924,1.70,1.70
2010.12.10 08:00:24.231,0.62896,0.62924,2.50,1.50
2010.12.10 08:00:24.881,0.62898,0.62924,2.30,1.50
2010.12.10 08:00:24.995,0.62896,0.62924,1.50,1.50
2010.12.10 08:00:30.980,0.62896,0.62924,1.70,1.50
2010.12.10 08:00:31.779,0.62899,0.62924,1.50,1.50
2010.12.10 08:00:32.411,0.62897,0.62924,1.70,1.50
2010.12.10 08:00:32.520,0.62896,0.62924,1.50,1.50
2010.12.10 08:00:34.183,0.62896,0.62924,1.50,1.70
2010.12.10 08:00:35.962,0.62896,0.62924,1.50,1.70
2010.12.10 08:00:40.110,0.6289,0.62913,1.70,1.50
2010.12.10 08:00:43.681,0.62894,0.62913,1.70,1.50
2010.12.10 08:00:44.531,0.62897,0.62923,1.50,1.60
2010.12.10 08:00:49.254,0.62898,0.62924,4.00,1.70
2010.12.10 08:00:49.370,0.62898,0.62924,4.00,1.50
2010.12.10 08:00:51.130,0.62898,0.62924,4.00,1.70
2010.12.10 08:00:56.452,0.62898,0.62924,3.80,1.70
2010.12.10 08:00:56.782,0.62897,0.62924,4.70,1.50
2010.12.10 08:01:14.480,0.62898,0.62923,2.50,1.50
2010.12.10 08:01:29.459,0.62897,0.62924,4.70,1.50
2010.12.10 08:01:30.939,0.629,0.62924,2.50,1.50
2010.12.10 08:01:32.122,0.629,0.62933,2.50,1.90
2010.12.10 08:01:32.653,0.629,0.62933,1.70,1.70
2010.12.10 08:01:32.819,0.62907,0.62932,1.50,1.70
2010.12.10 08:01:33.370,0.62898,0.62923,1.70,1.50
2010.12.10 08:01:40.637,0.62898,0.62923,1.50,1.50
2010.12.10 08:01:41.301,0.62896,0.62922,1.50,2.30
2010.12.10 08:01:42.696,0.62896,0.62922,1.50,2.80
2010.12.10 08:01:47.219,0.62896,0.62922,1.50,2.60
2010.12.10 08:01:50.018,0.62896,0.62922,1.50,2.60
2010.12.10 08:01:50.393,0.62889,0.62922,2.50,2.60
2010.12.10 08:01:50.502,0.62897,0.62922,1.50,2.60
2010.12.10 08:01:51.204,0.62897,0.62922,1.50,2.50
2010.12.10 08:01:51.540,0.6289,0.62922,2.50,2.30
2010.12.10 08:01:51.760,0.62897,0.62923,3.20,1.50
2010.12.10 08:01:52.352,0.62897,0.62924,3.20,1.50
2010.12.10 08:01:53.260,0.62902,0.62933,1.70,4.00
2010.12.10 08:01:54.140,0.62897,0.62924,4.00,1.50
2010.12.10 08:01:54.584,0.62905,0.62933,2.50,3.80
2010.12.10 08:01:54.810,0.6291,0.62942,2.50,2.60
2010.12.10 08:01:55.432,0.62916,0.62942,1.50,1.10
2010.12.10 08:01:55.773,0.62916,0.62941,1.50,1.10
2010.12.10 08:01:56.780,0.62916,0.62941,1.50,1.10
2010.12.10 08:02:04.931,0.62916,0.62944,2.50,1.80
2010.12.10 08:02:05.764,0.62916,0.62944,2.50,1.60
2010.12.10 08:02:06.723,0.62916,0.62944,1.50,2.60
2010.12.10 08:02:06.830,0.62916,0.62942,1.50,3.30
2010.12.10 08:02:08.211,0.62916,0.62942,1.70,3.30
2010.12.10 08:02:08.804,0.62916,0.62941,1.70,1.10
2010.12.10 08:02:09.465,0.6291,0.62938,1.70,1.10
2010.12.10 08:02:09.690,0.62908,0.62934,3.20,1.50
2010.12.10 08:02:10.837,0.62908,0.62934,3.20,1.70
2010.12.10 08:02:11.181,0.62908,0.62934,3.20,1.70
2010.12.10 08:02:15.812,0.62908,0.62934,3.20,1.60
2010.12.10 08:02:16.514,0.62908,0.62933,2.30,1.10
2010.12.10 08:02:16.634,0.62898,0.62932,3.20,3.20
2010.12.10 08:02:17.196,0.62906,0.62932,1.50,3.20
2010.12.10 08:02:17.321,0.62897,0.62927,2.50,2.50
2010.12.10 08:02:17.541,0.62906,0.62927,1.50,2.50
2010.12.10 08:02:17.761,0.62906,0.62928,1.50,2.50
2010.12.10 08:02:20.250,0.62896,0.62924,1.50,1.50
2010.12.10 08:02:30.289,0.62896,0.62928,1.50,2.60
2010.12.10 08:02:35.140,0.62896,0.62924,1.70,1.50
2010.12.10 08:02:35.772,0.62898,0.62924,1.50,1.50
2010.12.10 08:02:37.265,0.62902,0.62924,1.70,1.50
2010.12.10 08:02:39.570,0.62903,0.62924,1.50,1.50
2010.12.10 08:02:40.651,0.62903,0.62934,1.50,1.60
2010.12.10 08:02:40.786,0.62906,0.62934,1.50,1.60
2010.12.10 08:02:49.948,0.62906,0.62934,1.50,1.60
2010.12.10 08:02:51.734,0.62906,0.62934,1.50,1.50
2010.12.10 08:02:51.855,0.62906,0.62934,1.50,1.60
2010.12.10 08:02:53.327,0.62906,0.62934,1.50,1.50
2010.12.10 08:02:53.448,0.62908,0.62934,2.30,1.50
2010.12.10 08:02:54.443,0.62906,0.62934,1.70,1.50
2010.12.10 08:02:55.320,0.62906,0.62934,1.50,1.50
2010.12.10 08:02:56.532,0.62906,0.62934,1.50,1.70
2010.12.10 08:02:56.751,0.62906,0.62934,1.50,1.90
2010.12.10 08:02:56.979,0.62898,0.62932,1.70,1.70
2010.12.10 08:02:57.701,0.62899,0.62924,1.50,1.50
2010.12.10 08:03:01.680,0.629,0.62924,2.50,1.50
2010.12.10 08:03:05.251,0.62901,0.62924,1.70,1.50
2010.12.10 08:03:05.579,0.62907,0.62933,1.50,1.50
2010.12.10 08:03:24.350,0.62907,0.62933,1.50,1.70
2010.12.10 08:03:24.461,0.62899,0.62923,1.50,1.50
2010.12.10 08:03:27.402,0.62898,0.62923,4.00,1.50
2010.12.10 08:03:28.687,0.62898,0.62923,4.70,1.50
2010.12.10 08:03:32.169,0.62898,0.62923,4.90,1.50
2010.12.10 08:03:35.063,0.62901,0.62923,1.70,1.50
2010.12.10 08:03:35.782,0.62906,0.62934,1.50,1.50
2010.12.10 08:03:37.805,0.62901,0.62924,1.70,1.50
2010.12.10 08:03:51.797,0.629,0.62924,1.50,1.50
2010.12.10 08:03:51.912,0.62897,0.62924,2.30,1.50
2010.12.10 08:03:56.692,0.62896,0.62927,1.50,1.50
2010.12.10 08:03:57.362,0.62896,0.62924,1.50,1.50
2010.12.10 08:04:08.167,0.62896,0.62924,1.50,1.60
2010.12.10 08:04:08.897,0.62889,0.62923,1.70,1.70
2010.12.10 08:04:09.120,0.62896,0.62923,1.50,1.70
2010.12.10 08:04:12.650,0.62896,0.62921,1.50,1.60
2010.12.10 08:04:13.652,0.62896,0.62921,1.50,1.50
2010.12.10 08:04:14.321,0.62896,0.62921,1.50,1.60
2010.12.10 08:04:16.163,0.62896,0.62921,1.50,1.50
2010.12.10 08:04:16.272,0.62887,0.62913,4.70,1.50
2010.12.10 08:04:19.038,0.62887,0.62913,3.80,2.50
2010.12.10 08:04:19.385,0.62886,0.62904,1.50,1.50
2010.12.10 08:04:20.215,0.62878,0.62904,2.30,1.50
2010.12.10 08:04:25.985,0.62878,0.62904,2.30,1.60
2010.12.10 08:04:26.326,0.62878,0.62904,2.30,1.70
2010.12.10 08:04:26.862,0.62876,0.62904,1.50,1.70
2010.12.10 08:04:27.708,0.62876,0.62902,1.50,3.20
2010.12.10 08:04:28.045,0.62876,0.62896,1.50,2.50
2010.12.10 08:04:28.162,0.62866,0.62893,1.50,2.50
2010.12.10 08:04:32.362,0.62867,0.62894,2.30,1.50
2010.12.10 08:04:40.277,0.62867,0.62883,2.30,1.50
2010.12.10 08:04:43.371,0.62867,0.62885,2.30,1.50
2010.12.10 08:04:46.432,0.62867,0.62894,2.30,1.50
2010.12.10 08:04:47.492,0.62867,0.62899,4.70,1.70
2010.12.10 08:04:47.711,0.62867,0.62893,6.20,1.50
2010.12.10 08:04:48.281,0.62867,0.62893,6.20,1.50
2010.12.10 08:04:50.666,0.62867,0.62893,4.00,1.70
2010.12.10 08:04:53.256,0.62867,0.62894,2.50,1.90
2010.12.10 08:04:54.083,0.62867,0.62894,2.50,1.70
2010.12.10 08:04:54.221,0.62867,0.62892,2.30,1.10
2010.12.10 08:04:55.007,0.6286,0.62892,1.50,3.40
2010.12.10 08:04:55.171,0.62857,0.62883,1.50,2.50
2010.12.10 08:04:55.500,0.62857,0.62883,1.50,4.70
2010.12.10 08:04:56.477,0.62851,0.62874,2.50,1.50
2010.12.10 08:04:56.813,0.62851,0.62874,1.50,2.50
2010.12.10 08:04:57.437,0.62846,0.62874,2.60,2.50
2010.12.10 08:05:00.152,0.62846,0.62873,1.50,3.20
2010.12.10 08:05:00.888,0.62846,0.62873,1.50,3.20
2010.12.10 08:05:00.999,0.6284,0.62864,2.50,1.50
2010.12.10 08:05:01.269,0.62846,0.62873,1.50,3.20
2010.12.10 08:05:02.206,0.62846,0.62873,1.70,2.30
2010.12.10 08:05:02.322,0.62846,0.62873,1.50,2.50
2010.12.10 08:05:02.711,0.62846,0.62873,1.50,3.20
2010.12.10 08:05:03.694,0.62838,0.62863,2.50,1.50
2010.12.10 08:05:06.650,0.62838,0.62863,2.50,1.50
2010.12.10 08:05:07.298,0.62848,0.62874,2.50,1.70
2010.12.10 08:05:07.800,0.62848,0.62874,2.30,1.70
2010.12.10 08:05:08.738,0.62848,0.62874,2.50,1.70
2010.12.10 08:05:11.954,0.62848,0.62874,2.30,2.50
2010.12.10 08:05:12.060,0.62846,0.62874,1.50,2.50
2010.12.10 08:05:13.033,0.62846,0.62874,1.50,4.00
2010.12.10 08:05:14.173,0.62846,0.62874,1.50,4.00
2010.12.10 08:05:15.187,0.62846,0.62873,1.50,2.50
2010.12.10 08:05:17.580,0.62838,0.62861,2.30,2.50
2010.12.10 08:05:18.155,0.62838,0.62863,2.50,1.50
2010.12.10 08:05:23.352,0.62831,0.62863,1.70,1.50
2010.12.10 08:05:23.460,0.62836,0.62864,1.50,1.70
2010.12.10 08:05:27.762,0.62838,0.62864,2.30,1.70
2010.12.10 08:05:31.293,0.62837,0.62864,3.20,1.50
2010.12.10 08:05:32.025,0.62837,0.62864,4.70,1.50
2010.12.10 08:05:34.433,0.62837,0.62864,4.70,1.50
2010.12.10 08:05:35.382,0.62828,0.6286,2.50,2.50
2010.12.10 08:05:35.601,0.62828,0.62853,2.50,1.50
2010.12.10 08:05:36.285,0.62828,0.62853,3.20,1.50
2010.12.10 08:05:36.513,0.62828,0.62853,3.20,1.50
2010.12.10 08:05:37.083,0.62828,0.62853,3.20,1.50
2010.12.10 08:05:39.546,0.62828,0.62853,2.60,1.50
2010.12.10 08:05:40.228,0.62828,0.62853,3.20,1.50
2010.12.10 08:05:40.816,0.62827,0.62854,3.20,1.50
2010.12.10 08:05:41.618,0.62832,0.62854,1.10,1.50
2010.12.10 08:05:47.612,0.6283,0.62854,1.50,1.50
2010.12.10 08:05:49.456,0.62827,0.62854,2.50,1.50
2010.12.10 08:05:51.718,0.62827,0.62854,2.30,1.50
2010.12.10 08:06:03.846,0.62827,0.62839,2.30,2.50
2010.12.10 08:06:03.965,0.62808,0.62839,2.30,2.50
2010.12.10 08:06:04.082,0.62818,0.62843,2.30,1.70
2010.12.10 08:06:04.728,0.62818,0.62843,3.20,1.50
2010.12.10 08:06:05.832,0.62821,0.62843,2.50,1.50
2010.12.10 08:06:06.416,0.62828,0.62854,2.30,1.70
2010.12.10 08:06:06.530,0.62828,0.62844,2.30,1.50
2010.12.10 08:06:10.301,0.62828,0.62853,2.30,1.50
2010.12.10 08:06:12.660,0.62827,0.62853,3.80,3.80
2010.12.10 08:06:15.993,0.62827,0.62853,3.90,3.80
2010.12.10 08:06:16.595,0.62827,0.62853,3.90,3.80
2010.12.10 08:06:24.920,0.62827,0.62853,3.90,3.80
2010.12.10 08:06:26.313,0.62827,0.62853,3.80,3.80
2010.12.10 08:06:31.040,0.62827,0.62853,3.20,2.30
2010.12.10 08:06:41.176,0.6283,0.62853,1.50,1.50
2010.12.10 08:06:43.198,0.62818,0.62851,1.70,1.50
2010.12.10 08:06:43.311,0.62818,0.62843,1.70,1.50
2010.12.10 08:06:45.593,0.6281,0.62843,1.80,2.50
2010.12.10 08:06:45.814,0.62817,0.6284,1.50,1.70
2010.12.10 08:06:46.696,0.62817,0.6284,1.50,1.70
2010.12.10 08:06:50.356,0.62807,0.62833,4.10,1.50
2010.12.10 08:07:00.861,0.62807,0.62833,3.80,1.70
2010.12.10 08:07:01.083,0.62807,0.62833,1.50,3.20
2010.12.10 08:07:01.666,0.62806,0.62832,1.70,1.70
2010.12.10 08:07:02.003,0.62806,0.62834,1.50,3.00
2010.12.10 08:07:05.896,0.62808,0.62834,2.50,1.50
2010.12.10 08:07:06.010,0.62808,0.62842,2.50,1.70
2010.12.10 08:07:06.121,0.62817,0.62842,1.50,1.70
2010.12.10 08:07:08.245,0.62817,0.62843,1.50,3.50
2010.12.10 08:07:08.361,0.62817,0.62841,1.50,1.70
2010.12.10 08:07:08.972,0.62817,0.62836,1.50,1.70
2010.12.10 08:07:09.120,0.62807,0.62836,1.50,1.10
2010.12.10 08:07:09.723,0.62806,0.62834,1.70,1.60
2010.12.10 08:07:09.852,0.62807,0.62834,2.50,1.50
2010.12.10 08:07:12.113,0.62806,0.62834,1.50,1.70
2010.12.10 08:07:12.221,0.62806,0.62834,1.50,1.70
2010.12.10 08:07:13.318,0.62806,0.62834,1.50,1.80
2010.12.10 08:07:13.981,0.62806,0.62834,1.50,1.70
2010.12.10 08:07:14.843,0.628,0.62833,1.70,1.50
2010.12.10 08:07:15.998,0.62807,0.62833,1.50,1.50
2010.12.10 08:07:24.439,0.62787,0.62812,2.50,2.30
2010.12.10 08:07:24.554,0.62788,0.62814,2.50,1.50
2010.12.10 08:07:24.662,0.62788,0.62814,3.80,1.70
2010.12.10 08:07:25.268,0.62788,0.62822,2.50,3.20
2010.12.10 08:07:25.381,0.62788,0.62813,2.50,1.50
2010.12.10 08:07:26.240,0.62797,0.62822,1.50,3.20
2010.12.10 08:07:26.354,0.62787,0.62813,1.50,1.50
2010.12.10 08:07:30.558,0.62787,0.62813,1.60,1.50
2010.12.10 08:07:33.028,0.6278,0.62814,1.70,1.70
2010.12.10 08:07:33.143,0.6278,0.62813,2.60,2.50
2010.12.10 08:07:33.730,0.62785,0.62813,1.70,2.30
2010.12.10 08:07:34.065,0.62786,0.62814,1.50,2.50
2010.12.10 08:07:34.566,0.62786,0.62814,1.50,1.50
2010.12.10 08:07:34.695,0.62784,0.62803,1.50,1.50
2010.12.10 08:07:35.771,0.62782,0.62803,1.70,1.50
2010.12.10 08:07:36.363,0.62782,0.62803,1.70,1.50
2010.12.10 08:07:43.156,0.6278,0.62813,2.60,2.50
2010.12.10 08:07:43.300,0.6278,0.62814,2.50,3.00
2010.12.10 08:07:44.950,0.62789,0.62813,1.10,1.50
2010.12.10 08:07:45.865,0.62788,0.62813,2.50,1.50
2010.12.10 08:07:50.339,0.62788,0.62823,2.50,4.70
2010.12.10 08:07:50.481,0.62788,0.62813,2.50,1.50
2010.12.10 08:07:51.925,0.62788,0.62813,1.50,1.50
2010.12.10 08:07:52.043,0.62788,0.62813,4.70,1.50
2010.12.10 08:07:52.603,0.62788,0.62813,3.80,1.50
2010.12.10 08:07:54.535,0.62787,0.62813,1.70,1.50
2010.12.10 08:07:55.670,0.62796,0.62822,1.50,2.50
2010.12.10 08:07:56.092,0.62789,0.62814,1.70,1.50
2010.12.10 08:07:58.702,0.62789,0.62814,1.70,1.50
2010.12.10 08:08:01.170,0.62789,0.62813,1.70,1.50
2010.12.10 08:08:08.034,0.62789,0.62813,1.50,1.50
2010.12.10 08:08:08.829,0.62787,0.62813,4.70,1.50
2010.12.10 08:08:09.941,0.62797,0.62823,1.50,1.50
2010.12.10 08:08:19.249,0.62789,0.62823,1.70,1.70
2010.12.10 08:08:19.581,0.62789,0.62813,1.70,1.50
2010.12.10 08:08:20.177,0.62788,0.62813,1.70,1.50
2010.12.10 08:08:21.772,0.62787,0.62813,1.70,1.50
2010.12.10 08:08:37.671,0.62787,0.62813,1.70,1.50
2010.12.10 08:08:38.531,0.62789,0.62813,1.50,1.50
2010.12.10 08:08:38.866,0.62789,0.62813,1.70,1.50
2010.12.10 08:08:41.291,0.62788,0.6282,2.30,2.50
2010.12.10 08:08:41.622,0.62787,0.62813,1.70,1.50
2010.12.10 08:08:43.485,0.62787,0.62813,4.70,1.50
2010.12.10 08:08:46.111,0.62788,0.62813,2.50,1.50
2010.12.10 08:08:48.760,0.62788,0.62813,1.50,1.50
2010.12.10 08:08:48.874,0.62787,0.62818,2.30,2.50
2010.12.10 08:08:49.577,0.62787,0.62814,2.30,1.50
2010.12.10 08:08:50.141,0.62787,0.62814,2.50,2.50
2010.12.10 08:08:55.982,0.62787,0.62814,3.20,1.50
2010.12.10 08:08:56.778,0.62797,0.62818,1.50,1.10
2010.12.10 08:08:59.335,0.62797,0.62823,2.50,4.80
2010.12.10 08:08:59.561,0.62797,0.62823,1.70,1.70
2010.12.10 08:09:00.568,0.62797,0.62823,1.70,1.50
2010.12.10 08:09:00.682,0.62797,0.62823,1.70,1.70
2010.12.10 08:09:01.591,0.62797,0.62823,1.70,1.80
2010.12.10 08:09:02.189,0.62797,0.62823,1.70,1.90
2010.12.10 08:09:03.894,0.62797,0.62823,1.70,1.90
2010.12.10 08:09:05.076,0.62797,0.62823,1.70,4.40
2010.12.10 08:09:07.741,0.62797,0.62823,1.70,1.90
2010.12.10 08:09:09.372,0.62797,0.62823,1.70,4.30
2010.12.10 08:09:10.599,0.62797,0.62822,1.50,8.10
2010.12.10 08:09:10.821,0.62797,0.62822,1.50,3.30
2010.12.10 08:09:12.955,0.62797,0.62821,1.50,1.10
2010.12.10 08:09:13.732,0.62797,0.62822,1.50,3.20
2010.12.10 08:09:15.411,0.62797,0.62818,1.50,2.40
2010.12.10 08:09:18.001,0.62797,0.62818,1.50,1.10
2010.12.10 08:09:18.112,0.62797,0.62818,1.50,1.10
2010.12.10 08:09:18.222,0.62797,0.62818,1.50,1.10
2010.12.10 08:09:18.953,0.62797,0.62818,1.50,2.30
2010.12.10 08:09:19.061,0.62797,0.62818,1.50,1.10
2010.12.10 08:09:19.319,0.62797,0.62818,1.50,1.10
2010.12.10 08:09:20.055,0.62797,0.62818,1.50,2.30
2010.12.10 08:09:20.995,0.62797,0.62818,1.50,1.10
2010.12.10 08:09:23.485,0.62797,0.62818,1.50,1.10
2010.12.10 08:09:23.822,0.62797,0.62818,1.50,1.10
2010.12.10 08:09:24.456,0.62797,0.62818,1.50,2.40
2010.12.10 08:09:24.621,0.62797,0.62818,1.50,1.10
2010.12.10 08:09:29.443,0.62797,0.62822,1.70,2.50
2010.12.10 08:09:30.165,0.62797,0.62823,1.70,2.00
2010.12.10 08:09:31.577,0.62797,0.62823,1.70,1.90
2010.12.10 08:09:32.530,0.62797,0.62823,1.70,1.90
2010.12.10 08:09:32.649,0.62797,0.62823,1.70,1.90
2010.12.10 08:09:33.338,0.62797,0.62823,1.70,1.90
2010.12.10 08:09:34.248,0.62797,0.62823,1.70,2.00
2010.12.10 08:09:38.013,0.62797,0.62821,1.50,1.10
2010.12.10 08:09:38.561,0.62797,0.62822,1.50,2.60
2010.12.10 08:09:40.175,0.62797,0.62822,1.50,4.40
2010.12.10 08:09:40.509,0.62797,0.62822,1.50,2.00
2010.12.10 08:09:40.755,0.62797,0.62822,1.50,4.70
2010.12.10 08:09:40.873,0.62797,0.62823,1.50,7.90
2010.12.10 08:09:41.491,0.62797,0.62823,1.50,3.50
2010.12.10 08:09:42.292,0.62797,0.62823,1.50,8.10
2010.12.10 08:09:42.510,0.62797,0.62823,1.50,3.40
2010.12.10 08:09:42.810,0.62797,0.62823,1.50,8.10
2010.12.10 08:09:42.920,0.62797,0.62823,1.50,3.40
2010.12.10 08:09:44.481,0.62796,0.62823,1.70,1.90
2010.12.10 08:09:45.695,0.62796,0.62823,1.70,4.40
2010.12.10 08:09:46.375,0.62796,0.62822,1.70,2.00
2010.12.10 08:09:46.499,0.62796,0.62822,1.70,4.30
2010.12.10 08:09:46.721,0.62796,0.62822,1.70,1.90
2010.12.10 08:09:46.831,0.62796,0.62822,1.70,4.30
2010.12.10 08:09:47.422,0.62796,0.6282,1.50,3.30
2010.12.10 08:09:47.751,0.62796,0.62818,1.50,1.10
2010.12.10 08:09:48.303,0.62796,0.6282,1.50,1.80
2010.12.10 08:09:48.421,0.62796,0.62822,1.50,2.50
2010.12.10 08:09:49.523,0.62798,0.62822,2.30,2.40
2010.12.10 08:09:50.533,0.62796,0.62823,1.70,2.60
2010.12.10 08:09:51.103,0.62796,0.62823,1.50,3.40
2010.12.10 08:09:51.321,0.62796,0.62823,1.50,3.40
2010.12.10 08:09:52.112,0.62796,0.62823,1.50,3.30
2010.12.10 08:09:54.134,0.62796,0.62823,1.50,3.40
2010.12.10 08:09:55.697,0.62807,0.62834,1.50,2.40
2010.12.10 08:09:56.732,0.62806,0.62834,1.50,6.20
2010.12.10 08:09:57.809,0.62806,0.62834,1.50,2.60
2010.12.10 08:10:00.580,0.62806,0.62834,1.50,1.90
2010.12.10 08:10:01.605,0.62807,0.62837,2.50,1.70
2010.12.10 08:10:02.401,0.62816,0.62839,1.50,1.10
2010.12.10 08:10:05.381,0.62807,0.62833,2.50,1.50
2010.12.10 08:10:06.168,0.62817,0.62842,1.50,2.50
2010.12.10 08:10:06.282,0.62817,0.62842,1.50,2.50
2010.12.10 08:10:07.093,0.62817,0.62843,1.50,4.10
2010.12.10 08:10:07.995,0.62817,0.62843,4.00,1.50
2010.12.10 08:10:08.722,0.62817,0.62842,1.50,2.50
2010.12.10 08:10:09.755,0.62817,0.62842,1.50,2.60
2010.12.10 08:10:10.822,0.62817,0.62842,1.50,2.50
2010.12.10 08:10:10.931,0.62817,0.62842,1.50,2.60
2010.12.10 08:10:11.371,0.62809,0.62842,1.50,3.30
2010.12.10 08:10:11.956,0.62808,0.62833,2.30,1.50
2010.12.10 08:10:12.293,0.62808,0.62841,2.50,2.60
2010.12.10 08:10:12.978,0.62808,0.62834,2.50,1.50
2010.12.10 08:10:13.311,0.62808,0.62834,3.20,1.50
2010.12.10 08:10:13.532,0.62808,0.62834,2.50,1.50
2010.12.10 08:10:22.804,0.62808,0.62834,3.20,1.50
2010.12.10 08:10:23.360,0.62817,0.62842,1.50,1.70
2010.12.10 08:10:23.473,0.62817,0.62843,1.50,1.90
2010.12.10 08:10:30.121,0.62817,0.62843,3.80,1.80
2010.12.10 08:10:31.476,0.62817,0.62843,3.80,1.70
2010.12.10 08:10:32.493,0.62817,0.62843,3.80,1.90
2010.12.10 08:10:33.404,0.62817,0.62843,3.80,1.90
2010.12.10 08:10:38.305,0.62817,0.62843,3.80,1.70
2010.12.10 08:10:41.263,0.62817,0.62843,4.70,1.50
2010.12.10 08:10:41.373,0.62817,0.62848,3.20,1.70
2010.12.10 08:10:41.932,0.62826,0.62848,1.50,1.70
2010.12.10 08:10:42.056,0.62826,0.62853,1.50,2.60
2010.12.10 08:10:44.713,0.62826,0.62853,1.70,2.40
2010.12.10 08:10:45.042,0.62821,0.62852,2.50,2.30
2010.12.10 08:10:45.262,0.62828,0.62853,2.50,1.50
2010.12.10 08:10:46.296,0.62828,0.62853,2.30,1.50
2010.12.10 08:10:47.192,0.62827,0.62853,1.50,3.80
2010.12.10 08:10:50.072,0.62827,0.62853,1.50,4.10
2010.12.10 08:10:51.431,0.62827,0.62852,1.50,1.70
2010.12.10 08:10:52.242,0.62827,0.62851,1.50,1.70
2010.12.10 08:10:52.351,0.62827,0.62851,1.50,1.70
2010.12.10 08:10:53.101,0.62827,0.62853,1.50,9.90
2010.12.10 08:10:54.388,0.62827,0.62853,1.50,4.10
2010.12.10 08:10:55.627,0.62817,0.62843,5.50,1.50
2010.12.10 08:10:55.841,0.62819,0.62853,2.50,2.40
2010.12.10 08:10:55.952,0.62828,0.62854,2.30,1.60
2010.12.10 08:10:56.518,0.6282,0.62852,1.70,2.40
2010.12.10 08:10:56.668,0.62826,0.62852,1.50,2.40
2010.12.10 08:10:57.088,0.62826,0.62852,1.50,2.40
2010.12.10 08:10:57.764,0.62826,0.62852,1.50,2.40
2010.12.10 08:10:57.873,0.62826,0.62852,1.50,2.40
2010.12.10 08:11:00.499,0.62826,0.62852,1.70,2.30
2010.12.10 08:11:01.112,0.62828,0.62854,2.50,1.70
2010.12.10 08:11:01.332,0.62828,0.62854,2.50,1.60
2010.12.10 08:11:02.671,0.62828,0.62854,2.50,1.50
2010.12.10 08:11:02.781,0.62828,0.62854,2.50,1.70
2010.12.10 08:11:03.364,0.62828,0.62854,2.50,1.50
2010.12.10 08:11:03.482,0.62828,0.62854,2.50,1.80
2010.12.10 08:11:04.062,0.62826,0.62852,1.50,2.60
2010.12.10 08:11:04.748,0.62826,0.62852,1.50,2.40
2010.12.10 08:11:04.976,0.62826,0.62852,1.50,2.40
2010.12.10 08:11:05.643,0.62826,0.62852,1.50,2.60
2010.12.10 08:11:06.395,0.62826,0.62852,1.50,2.40
2010.12.10 08:11:06.730,0.62826,0.62852,1.50,2.40
2010.12.10 08:11:07.013,0.62826,0.62852,1.50,2.40
2010.12.10 08:11:08.066,0.62826,0.62852,1.50,2.60
2010.12.10 08:11:08.407,0.62826,0.62852,1.50,2.40
2010.12.10 08:11:08.663,0.62826,0.62852,1.50,2.40
2010.12.10 08:11:08.953,0.62826,0.62852,1.50,2.40
2010.12.10 08:11:09.874,0.62826,0.62852,1.50,2.60
2010.12.10 08:11:10.986,0.62826,0.62852,1.50,2.60
2010.12.10 08:11:13.264,0.62826,0.62852,1.50,2.60
2010.12.10 08:11:20.264,0.62818,0.62843,4.00,1.50
2010.12.10 08:11:21.333,0.62818,0.62843,4.00,1.60
2010.12.10 08:11:22.486,0.62818,0.62843,2.50,1.50
2010.12.10 08:11:32.426,0.62826,0.62852,1.50,2.60
2010.12.10 08:11:33.404,0.62819,0.62849,1.50,4.30
2010.12.10 08:11:44.693,0.62818,0.62843,2.50,1.70
2010.12.10 08:11:47.750,0.62818,0.62843,2.50,1.70
2010.12.10 08:11:50.099,0.62818,0.62843,2.50,1.60
2010.12.10 08:11:50.331,0.62818,0.62843,2.30,1.60
2010.12.10 08:11:51.776,0.62816,0.62844,1.50,1.90
2010.12.10 08:11:51.890,0.62816,0.62844,1.50,1.90
2010.12.10 08:11:52.583,0.62818,0.62844,2.30,1.70
2010.12.10 08:11:53.392,0.62816,0.62844,1.50,1.90
2010.12.10 08:11:53.504,0.62816,0.62844,1.50,3.20
2010.12.10 08:11:54.706,0.62817,0.62844,2.30,1.70
2010.12.10 08:11:58.856,0.62817,0.62844,3.20,1.70
2010.12.10 08:11:58.984,0.62817,0.62844,4.00,1.50
2010.12.10 08:11:59.963,0.62817,0.62843,6.20,1.50
2010.12.10 08:12:00.182,0.62819,0.62853,2.50,2.80
2010.12.10 08:12:00.817,0.62827,0.62853,1.50,4.30
2010.12.10 08:12:04.851,0.62827,0.62847,1.50,1.30
2010.12.10 08:12:05.071,0.62817,0.62847,4.00,1.10
2010.12.10 08:12:15.461,0.62817,0.62843,4.00,1.70
2010.12.10 08:12:22.732,0.62817,0.62843,4.00,1.80
2010.12.10 08:12:22.842,0.62817,0.62843,4.00,1.70
2010.12.10 08:12:26.211,0.62817,0.62844,2.50,1.70
2010.12.10 08:12:27.373,0.62817,0.62844,2.50,1.70
2010.12.10 08:12:27.909,0.62817,0.62844,2.50,1.90
2010.12.10 08:12:32.284,0.62817,0.62844,2.50,1.70
2010.12.10 08:12:32.941,0.62817,0.62844,2.50,1.90
2010.12.10 08:12:34.331,0.62817,0.62844,2.50,1.70
2010.12.10 08:12:35.214,0.62817,0.62844,2.50,1.80
2010.12.10 08:12:36.065,0.62817,0.62844,2.50,1.90
2010.12.10 08:12:38.024,0.62817,0.62844,2.50,1.70
2010.12.10 08:12:38.577,0.62817,0.62844,2.50,1.90
2010.12.10 08:12:39.991,0.62816,0.62841,1.50,2.50
2010.12.10 08:12:40.102,0.62808,0.6284,2.50,2.50
2010.12.10 08:12:40.211,0.62808,0.62833,2.50,1.50
2010.12.10 08:12:41.322,0.62807,0.62833,1.70,1.50
2010.12.10 08:12:41.917,0.62779,0.62815,1.80,2.50
2010.12.10 08:12:42.034,0.62787,0.62815,2.50,1.50
2010.12.10 08:12:42.144,0.628,0.62817,1.70,1.50
2010.12.10 08:12:42.254,0.628,0.62823,1.50,1.70
2010.12.10 08:12:42.980,0.62792,0.62814,2.50,1.50
2010.12.10 08:12:43.091,0.62792,0.62824,2.50,1.50
2010.12.10 08:12:43.202,0.62793,0.62822,2.50,2.30
2010.12.10 08:12:43.313,0.62793,0.62824,2.50,1.50
2010.12.10 08:12:43.967,0.62797,0.62823,1.50,1.50
2010.12.10 08:12:49.723,0.62797,0.62823,5.60,1.50
2010.12.10 08:12:50.532,0.62805,0.62823,1.70,1.50
2010.12.10 08:12:50.642,0.62808,0.62833,2.30,1.50
2010.12.10 08:12:51.432,0.62808,0.62833,2.50,1.50
2010.12.10 08:12:57.801,0.62808,0.62833,2.30,1.70
2010.12.10 08:13:14.513,0.62806,0.62833,1.70,2.50
2010.12.10 08:13:17.538,0.62806,0.62833,1.50,3.20
2010.12.10 08:13:18.272,0.62806,0.62833,1.50,4.70
2010.12.10 08:13:29.471,0.62807,0.62832,1.50,1.10
2010.12.10 08:13:45.002,0.62807,0.62833,1.50,3.80
2010.12.10 08:13:46.232,0.62807,0.62833,1.70,4.00
2010.12.10 08:13:47.160,0.62807,0.62833,1.70,4.00
2010.12.10 08:13:48.518,0.62807,0.62833,2.50,3.80
2010.12.10 08:13:49.675,0.62807,0.62833,6.20,1.50
2010.12.10 08:13:49.800,0.62807,0.62833,3.00,1.50
2010.12.10 08:13:50.513,0.62802,0.62823,1.70,1.50
2010.12.10 08:14:04.782,0.628,0.62823,6.00,1.50
2010.12.10 08:14:05.801,0.628,0.62823,2.60,1.50
2010.12.10 08:14:08.654,0.628,0.62824,2.60,1.50
2010.12.10 08:14:14.591,0.628,0.62823,2.60,1.50
2010.12.10 08:14:15.326,0.62798,0.62823,2.60,1.50
2010.12.10 08:14:24.189,0.62798,0.62829,2.30,1.70
2010.12.10 08:14:24.310,0.62798,0.62826,2.30,1.70
2010.12.10 08:14:24.864,0.62797,0.62823,1.50,2.30
2010.12.10 08:14:27.200,0.62797,0.62823,1.50,5.50
2010.12.10 08:14:31.290,0.62797,0.62823,1.50,1.50
2010.12.10 08:14:31.965,0.62797,0.62822,1.50,1.70
2010.12.10 08:14:32.083,0.62797,0.62822,1.50,2.30
2010.12.10 08:14:32.192,0.62797,0.62822,1.50,4.00
2010.12.10 08:14:35.424,0.62797,0.6282,1.50,2.50
2010.12.10 08:14:36.017,0.62788,0.6282,2.30,2.50
2010.12.10 08:14:37.463,0.62788,0.62814,3.20,1.50
2010.12.10 08:14:38.419,0.62788,0.62814,4.00,1.50
2010.12.10 08:14:42.979,0.62788,0.62812,2.30,2.30
2010.12.10 08:15:15.356,0.62788,0.62812,2.50,2.30
2010.12.10 08:15:15.472,0.62788,0.62814,2.50,1.50
2010.12.10 08:15:16.222,0.62791,0.62814,1.50,1.50
2010.12.10 08:15:16.337,0.62796,0.62822,1.50,2.40
2010.12.10 08:15:45.058,0.62796,0.62822,1.50,3.20
2010.12.10 08:15:45.174,0.62796,0.62822,1.50,2.50
2010.12.10 08:15:50.972,0.62796,0.62824,2.50,1.50
2010.12.10 08:15:52.094,0.62797,0.62824,1.70,1.50
2010.12.10 08:15:54.661,0.62796,0.62823,1.50,2.30
2010.12.10 08:15:55.965,0.62796,0.62824,1.50,1.50
2010.12.10 08:15:56.079,0.62796,0.62824,1.70,1.50
2010.12.10 08:15:58.366,0.62796,0.62822,1.50,2.30
2010.12.10 08:15:59.341,0.62796,0.62822,1.70,2.30
2010.12.10 08:16:05.663,0.62799,0.62824,1.70,1.50
2010.12.10 08:16:06.101,0.62806,0.62832,1.50,2.60
2010.12.10 08:16:08.353,0.62806,0.62832,1.50,3.20
2010.12.10 08:16:08.901,0.62797,0.62824,1.70,1.50
2010.12.10 08:16:11.791,0.62796,0.62824,2.50,1.50
2010.12.10 08:16:12.532,0.62806,0.62832,1.50,2.50
2010.12.10 08:16:13.724,0.62806,0.62832,1.50,4.80
2010.12.10 08:16:14.051,0.62796,0.62824,3.20,1.50
2010.12.10 08:16:26.591,0.62796,0.62824,4.00,1.50
2010.12.10 08:16:26.702,0.62798,0.62824,2.30,1.50
2010.12.10 08:16:26.812,0.62796,0.62824,3.00,1.50
2010.12.10 08:16:27.031,0.62799,0.62824,1.50,1.50
2010.12.10 08:16:27.141,0.62796,0.62824,3.00,1.50
2010.12.10 08:16:28.571,0.62797,0.62823,1.50,4.90
2010.12.10 08:16:30.924,0.62797,0.62823,1.50,6.20
2010.12.10 08:16:31.141,0.62787,0.6282,3.80,1.70
2010.12.10 08:16:31.282,0.62787,0.62814,2.30,1.50
2010.12.10 08:16:36.665,0.62787,0.62814,2.40,1.50
2010.12.10 08:16:37.581,0.62787,0.62814,2.30,1.50
2010.12.10 08:16:43.422,0.62787,0.62814,4.90,1.50
2010.12.10 08:16:43.532,0.62787,0.62814,3.90,1.50
2010.12.10 08:16:46.612,0.62787,0.62814,3.20,1.50
2010.12.10 08:16:46.721,0.62787,0.62814,2.30,1.50
2010.12.10 08:16:46.941,0.62788,0.62814,1.70,1.50
2010.12.10 08:16:49.430,0.62788,0.62813,1.70,1.50
2010.12.10 08:16:51.586,0.62787,0.62813,3.80,1.60
2010.12.10 08:16:52.667,0.62786,0.62814,1.50,1.50
2010.12.10 08:16:53.834,0.62786,0.62814,2.50,1.50
2010.12.10 08:16:54.587,0.62788,0.62814,4.00,1.50
2010.12.10 08:16:55.631,0.62786,0.62814,1.70,1.70
2010.12.10 08:16:56.626,0.62786,0.62814,1.70,1.50
2010.12.10 08:16:58.756,0.62786,0.62814,2.50,1.50
2010.12.10 08:16:59.252,0.62787,0.6282,2.50,1.50
2010.12.10 08:16:59.377,0.62801,0.62833,1.50,3.30
2010.12.10 08:16:59.492,0.62797,0.62832,2.50,2.50
2010.12.10 08:16:59.712,0.62806,0.62832,1.50,2.60
2010.12.10 08:17:00.763,0.62797,0.62823,4.00,1.50
2010.12.10 08:17:02.761,0.62797,0.62823,5.30,1.70
2010.12.10 08:17:03.099,0.62797,0.62822,1.50,2.50
2010.12.10 08:17:09.761,0.62797,0.62822,1.50,2.30
2010.12.10 08:17:10.957,0.62796,0.62822,1.50,2.60
2010.12.10 08:17:18.501,0.62796,0.62822,1.50,3.30
2010.12.10 08:17:19.290,0.62788,0.62814,2.30,1.50
2010.12.10 08:17:20.784,0.62788,0.62814,4.70,1.50
2010.12.10 08:17:21.001,0.62788,0.62814,4.00,1.50
2010.12.10 08:17:21.221,0.62788,0.62814,4.10,1.50
2010.12.10 08:17:21.986,0.62797,0.62822,1.50,3.20
2010.12.10 08:17:26.433,0.62797,0.62819,1.50,1.70
2010.12.10 08:17:26.568,0.62788,0.62813,2.40,1.50
2010.12.10 08:17:34.170,0.62788,0.62813,2.40,1.50
2010.12.10 08:17:34.294,0.62788,0.62813,2.60,1.50
2010.12.10 08:17:34.401,0.62788,0.62813,2.30,1.50
2010.12.10 08:17:34.751,0.62788,0.62813,2.40,1.50
2010.12.10 08:17:35.006,0.62788,0.62813,2.40,1.50
2010.12.10 08:17:35.268,0.62788,0.62813,2.40,1.50
2010.12.10 08:17:35.382,0.62788,0.62813,2.40,1.50
2010.12.10 08:17:35.491,0.62788,0.62813,2.40,1.50
2010.12.10 08:17:36.117,0.62788,0.62813,2.60,1.50
2010.12.10 08:17:37.053,0.62788,0.62813,2.40,1.50
2010.12.10 08:17:44.477,0.62788,0.62814,2.30,1.50
2010.12.10 08:17:49.141,0.62788,0.62814,3.20,1.50
2010.12.10 08:17:49.785,0.62788,0.62814,3.80,1.50
2010.12.10 08:17:51.222,0.62788,0.62814,2.50,1.50
2010.12.10 08:17:52.922,0.62788,0.62814,2.50,1.50
2010.12.10 08:17:57.422,0.62797,0.62822,1.50,4.10
2010.12.10 08:18:00.890,0.62797,0.62822,1.50,4.90
2010.12.10 08:18:01.017,0.62788,0.62819,2.30,1.70
2010.12.10 08:18:01.131,0.62788,0.62813,2.30,1.50
2010.12.10 08:18:16.083,0.62788,0.62813,3.30,1.50
2010.12.10 08:18:16.744,0.62788,0.62813,2.60,1.50
2010.12.10 08:18:18.473,0.62788,0.62814,2.60,1.50
2010.12.10 08:18:20.542,0.62796,0.62822,1.50,2.50
2010.12.10 08:18:38.209,0.62788,0.62822,2.60,2.50
2010.12.10 08:18:38.337,0.62791,0.62824,1.70,1.70
2010.12.10 08:18:40.176,0.62796,0.62824,1.50,2.50
2010.12.10 08:18:44.303,0.628,0.62833,2.50,5.60
2010.12.10 08:18:44.631,0.62807,0.62833,1.50,1.70
2010.12.10 08:18:51.348,0.62807,0.62833,1.50,1.70
2010.12.10 08:18:54.988,0.62807,0.62831,1.50,2.50
2010.12.10 08:18:55.720,0.62807,0.62831,1.50,1.70
2010.12.10 08:19:00.381,0.62797,0.62831,5.60,1.70
2010.12.10 08:19:00.493,0.62797,0.62824,4.10,1.50
2010.12.10 08:19:13.962,0.62797,0.62824,3.20,1.50
2010.12.10 08:19:14.075,0.62798,0.62833,1.70,8.00
2010.12.10 08:19:14.291,0.62807,0.62832,1.50,2.00
2010.12.10 08:19:16.092,0.62807,0.62828,1.50,1.10
2010.12.10 08:19:16.686,0.62796,0.62824,1.50,1.70
2010.12.10 08:19:19.574,0.62796,0.62824,2.50,1.50
2010.12.10 08:19:20.284,0.62797,0.62829,1.50,2.50
2010.12.10 08:19:22.022,0.62798,0.62823,2.50,1.50
2010.12.10 08:19:22.733,0.62798,0.62831,2.50,2.50
2010.12.10 08:19:22.885,0.62799,0.62823,1.50,4.00
2010.12.10 08:19:23.001,0.62797,0.62823,1.50,4.00
2010.12.10 08:19:23.613,0.62797,0.62823,1.50,4.70
2010.12.10 08:19:26.270,0.62797,0.6282,1.50,2.50
2010.12.10 08:19:26.438,0.62788,0.62822,1.90,1.70
2010.12.10 08:19:26.551,0.62796,0.62822,1.50,1.70
2010.12.10 08:19:28.284,0.62796,0.6282,1.50,1.50
2010.12.10 08:19:31.111,0.62787,0.62814,2.40,1.50
2010.12.10 08:19:32.202,0.62787,0.62814,2.30,1.50
2010.12.10 08:19:33.482,0.62787,0.62814,3.40,1.50
2010.12.10 08:19:33.815,0.62787,0.62823,5.30,6.20
2010.12.10 08:19:34.649,0.62786,0.62814,1.50,3.20
2010.12.10 08:19:43.309,0.62786,0.6281,1.50,1.50
2010.12.10 08:19:43.452,0.62787,0.62813,1.50,1.50
2010.12.10 08:19:45.645,0.62787,0.62812,1.50,1.50
2010.12.10 08:19:48.781,0.62788,0.62813,1.50,1.50
2010.12.10 08:19:49.414,0.62796,0.62824,1.50,3.30
2010.12.10 08:19:52.819,0.62788,0.62824,1.50,3.10
2010.12.10 08:19:53.006,0.62797,0.62823,1.50,1.60
2010.12.10 08:20:03.867,0.62791,0.62823,1.50,1.70
2010.12.10 08:20:03.983,0.62787,0.62822,1.50,1.70
2010.12.10 08:20:04.204,0.62787,0.62818,1.50,1.50
2010.12.10 08:20:04.868,0.62777,0.62809,2.30,1.50
2010.12.10 08:20:05.022,0.62777,0.62803,3.80,1.50
2010.12.10 08:20:12.242,0.62786,0.6281,1.50,2.50
2010.12.10 08:20:16.973,0.62777,0.62804,2.40,1.70
2010.12.10 08:20:20.756,0.62777,0.62804,2.30,1.70
2010.12.10 08:20:25.600,0.62779,0.62813,2.50,4.00
2010.12.10 08:21:00.283,0.62787,0.62814,2.40,1.70
2010.12.10 08:21:00.925,0.62787,0.62814,2.30,1.70
2010.12.10 08:21:03.159,0.62797,0.62823,1.70,4.00
2010.12.10 08:21:03.825,0.62797,0.62823,1.50,4.00
2010.12.10 08:21:17.687,0.62797,0.62823,1.50,3.80
2010.12.10 08:21:21.474,0.62796,0.62823,1.50,2.30
2010.12.10 08:21:23.775,0.62796,0.62823,1.60,2.30
2010.12.10 08:21:24.610,0.62798,0.62831,2.50,2.50
2010.12.10 08:21:24.761,0.62799,0.62823,2.50,1.50
2010.12.10 08:21:24.871,0.62807,0.62832,1.50,3.20
2010.12.10 08:21:25.809,0.62807,0.62832,1.50,2.50
2010.12.10 08:21:37.892,0.62807,0.62833,1.50,1.50
2010.12.10 08:21:40.471,0.62802,0.62833,1.80,1.50
2010.12.10 08:21:40.701,0.62807,0.62833,1.50,1.50
2010.12.10 08:21:51.472,0.62807,0.62833,1.70,1.50
2010.12.10 08:21:52.421,0.62807,0.62833,1.50,1.70
2010.12.10 08:21:53.506,0.62807,0.62832,1.60,2.50
2010.12.10 08:21:56.144,0.62808,0.62833,3.20,1.50
2010.12.10 08:21:56.363,0.62808,0.62833,2.30,1.50
2010.12.10 08:21:58.744,0.62808,0.62833,3.80,1.50
2010.12.10 08:22:03.674,0.62808,0.62833,2.50,1.50
2010.12.10 08:22:03.797,0.62817,0.62843,1.50,1.70
2010.12.10 08:22:04.184,0.62811,0.62843,1.50,4.00
2010.12.10 08:22:04.760,0.62808,0.62834,1.80,1.50
2010.12.10 08:22:09.712,0.62816,0.62844,1.50,2.50
2010.12.10 08:22:10.045,0.62816,0.62844,1.50,1.70
2010.12.10 08:22:13.311,0.62816,0.62843,1.50,1.50
2010.12.10 08:22:19.276,0.62816,0.62844,1.50,1.70
2010.12.10 08:22:20.449,0.62816,0.62842,1.50,4.00
2010.12.10 08:22:20.792,0.62808,0.62834,4.10,1.50
2010.12.10 08:22:22.234,0.62808,0.62834,4.10,1.50
2010.12.10 08:22:22.572,0.62808,0.62834,4.10,1.50
2010.12.10 08:22:25.393,0.62808,0.62834,4.70,1.50
2010.12.10 08:22:25.513,0.62818,0.62842,2.30,3.20
2010.12.10 08:22:26.255,0.62808,0.62833,2.50,1.50
2010.12.10 08:22:26.362,0.62808,0.62833,2.80,1.50
2010.12.10 08:22:26.472,0.62808,0.62833,2.50,1.50
2010.12.10 08:22:27.090,0.62808,0.62833,2.80,1.50
2010.12.10 08:22:27.667,0.62811,0.62833,1.10,1.50
2010.12.10 08:22:27.892,0.62817,0.62843,1.50,1.70
2010.12.10 08:22:28.624,0.62817,0.62843,1.50,1.50
2010.12.10 08:22:39.182,0.62817,0.62843,1.50,6.20
2010.12.10 08:22:39.783,0.62818,0.62843,2.30,3.00
2010.12.10 08:22:42.162,0.62817,0.62843,4.10,1.50
2010.12.10 08:23:00.528,0.6282,0.62843,1.70,1.50
2010.12.10 08:23:01.085,0.62827,0.62854,2.50,1.70
2010.12.10 08:23:12.612,0.62827,0.62854,2.30,2.50
2010.12.10 08:23:13.480,0.62817,0.62843,1.50,2.50
2010.12.10 08:23:14.262,0.62817,0.62843,1.50,4.70
2010.12.10 08:23:16.937,0.62817,0.62842,1.50,2.50
2010.12.10 08:23:17.060,0.62817,0.62843,1.50,4.70
2010.12.10 08:23:20.583,0.62817,0.62843,1.50,4.70
2010.12.10 08:23:21.319,0.62817,0.62842,1.50,2.50
2010.12.10 08:23:23.804,0.62817,0.62842,1.50,2.60
2010.12.10 08:23:29.446,0.62807,0.62834,2.50,1.50
2010.12.10 08:23:46.531,0.62807,0.62833,4.10,1.50
2010.12.10 08:23:59.443,0.62807,0.62834,2.50,1.50
2010.12.10 08:24:17.881,0.62807,0.62834,3.20,1.50
2010.12.10 08:24:17.992,0.62817,0.62843,1.50,4.10
2010.12.10 08:24:19.604,0.62817,0.62843,1.50,4.70
2010.12.10 08:24:21.771,0.62817,0.62842,1.50,2.60
2010.12.10 08:24:22.592,0.62817,0.62841,1.50,2.50
2010.12.10 08:24:29.052,0.62817,0.62842,1.50,2.50
2010.12.10 08:24:29.163,0.62807,0.62838,4.10,2.50
2010.12.10 08:24:30.437,0.62807,0.62834,2.60,1.70
2010.12.10 08:24:36.583,0.62807,0.62834,3.40,1.70
2010.12.10 08:24:36.810,0.62818,0.62843,2.50,1.70
2010.12.10 08:24:37.034,0.62818,0.62849,3.20,1.50
2010.12.10 08:24:37.143,0.62828,0.62853,2.50,1.90
2010.12.10 08:24:38.410,0.62828,0.62852,2.30,1.10
2010.12.10 08:24:39.776,0.62827,0.62853,4.70,1.70
2010.12.10 08:24:41.913,0.62827,0.62853,4.70,2.60
2010.12.10 08:24:42.535,0.62827,0.62853,1.50,2.60
2010.12.10 08:24:43.727,0.62828,0.62853,2.50,1.60
2010.12.10 08:24:46.191,0.62828,0.62853,3.20,1.80
2010.12.10 08:24:47.153,0.62828,0.62853,3.20,2.60
2010.12.10 08:24:58.032,0.62828,0.62848,2.30,2.50
2010.12.10 08:24:58.144,0.62827,0.62848,1.50,2.50
2010.12.10 08:25:00.293,0.62818,0.62843,2.50,1.50
2010.12.10 08:25:17.007,0.62818,0.62852,4.00,3.20
2010.12.10 08:25:17.139,0.62826,0.62852,1.50,2.50
2010.12.10 08:25:17.518,0.62826,0.62852,1.50,3.20
2010.12.10 08:25:25.798,0.62826,0.62852,1.50,3.20
2010.12.10 08:25:34.754,0.62827,0.62852,1.50,4.70
2010.12.10 08:25:36.218,0.62827,0.62852,1.50,4.70
2010.12.10 08:25:36.917,0.62817,0.62843,1.70,3.20
2010.12.10 08:25:37.252,0.62816,0.62843,1.50,3.20
2010.12.10 08:25:40.284,0.62816,0.62842,1.50,2.50
2010.12.10 08:25:40.878,0.62807,0.62834,4.70,1.50
2010.12.10 08:25:41.522,0.62807,0.62834,4.70,1.50
2010.12.10 08:25:51.383,0.62807,0.62843,4.70,1.70
2010.12.10 08:25:51.606,0.62816,0.62844,1.50,1.70
2010.12.10 08:25:54.866,0.62817,0.62844,1.50,1.70
2010.12.10 08:26:02.869,0.62819,0.62851,2.50,1.10
2010.12.10 08:26:03.611,0.62819,0.62852,1.50,3.20
2010.12.10 08:26:03.723,0.62817,0.62846,1.50,1.70
2010.12.10 08:26:04.052,0.62816,0.62844,1.50,1.70
2010.12.10 08:26:04.849,0.62809,0.62843,1.50,2.50
2010.12.10 08:26:05.076,0.62807,0.62833,3.80,1.50
2010.12.10 08:26:12.055,0.62807,0.62833,1.50,1.70
2010.12.10 08:26:12.946,0.62807,0.62833,1.50,1.50
2010.12.10 08:26:20.317,0.62803,0.62834,1.70,1.50
2010.12.10 08:26:21.016,0.62807,0.62833,1.50,1.50
2010.12.10 08:26:31.015,0.62806,0.62834,1.50,1.50
2010.12.10 08:26:31.131,0.62799,0.62834,1.50,1.50
2010.12.10 08:26:31.353,0.62799,0.62823,1.50,1.50
2010.12.10 08:26:32.407,0.62799,0.62823,1.70,1.50
2010.12.10 08:26:32.524,0.62808,0.62834,2.30,1.50
2010.12.10 08:26:32.749,0.62806,0.62834,1.50,1.50
2010.12.10 08:26:34.419,0.62806,0.62834,1.60,1.50
2010.12.10 08:26:38.983,0.62808,0.62834,1.50,1.50
2010.12.10 08:26:39.755,0.62807,0.62834,4.00,1.50
2010.12.10 08:26:41.004,0.62807,0.62843,4.70,1.70
2010.12.10 08:26:41.552,0.62811,0.62834,1.70,1.50
2010.12.10 08:26:42.980,0.62812,0.62834,1.10,1.50
2010.12.10 08:26:43.584,0.62818,0.62844,2.30,1.50
2010.12.10 08:26:48.044,0.62819,0.62844,1.50,1.50
2010.12.10 08:26:48.703,0.62816,0.62842,4.70,2.30
2010.12.10 08:26:48.813,0.62817,0.62844,2.50,1.50
2010.12.10 08:26:49.411,0.6283,0.62853,1.50,2.50
2010.12.10 08:26:49.525,0.62822,0.62853,2.50,1.70
2010.12.10 08:26:49.853,0.62837,0.6286,1.50,2.50
2010.12.10 08:26:50.445,0.62837,0.62861,1.50,1.70
2010.12.10 08:26:51.654,0.62837,0.62861,1.50,2.50
2010.12.10 08:26:52.573,0.62826,0.62854,1.50,1.50
2010.12.10 08:26:54.341,0.62826,0.62854,1.50,1.60
2010.12.10 08:26:54.784,0.62823,0.62854,1.50,2.50
2010.12.10 08:26:55.355,0.62826,0.62852,1.50,2.50
2010.12.10 08:26:57.154,0.62826,0.62854,1.50,1.80
2010.12.10 08:26:58.146,0.62826,0.62854,1.50,1.50
2010.12.10 08:26:58.252,0.62826,0.62857,1.50,1.70
2010.12.10 08:26:58.364,0.62828,0.62856,2.30,1.50
2010.12.10 08:26:59.773,0.62827,0.62853,1.50,4.70
2010.12.10 08:27:00.437,0.62827,0.6285,1.50,2.50
2010.12.10 08:27:01.811,0.62817,0.62847,3.80,1.10
2010.12.10 08:27:01.927,0.62817,0.62843,1.50,3.20
2010.12.10 08:27:04.354,0.62817,0.62847,2.30,1.70
2010.12.10 08:27:04.683,0.62817,0.62844,2.30,1.50
2010.12.10 08:27:05.240,0.62817,0.62844,2.30,1.60
2010.12.10 08:27:05.364,0.62817,0.62844,2.30,1.50
2010.12.10 08:27:05.603,0.62817,0.62849,3.80,6.20
2010.12.10 08:27:06.317,0.62817,0.62843,3.80,1.50
2010.12.10 08:27:08.027,0.62817,0.62843,1.50,1.70
2010.12.10 08:27:14.993,0.62817,0.62843,1.70,1.50
2010.12.10 08:27:17.394,0.6282,0.62843,1.70,1.50
2010.12.10 08:27:18.075,0.62827,0.62853,1.50,3.90
2010.12.10 08:27:18.293,0.62827,0.62853,1.50,3.80
2010.12.10 08:27:31.729,0.62827,0.62853,1.50,3.90
2010.12.10 08:27:34.770,0.62827,0.62853,1.50,3.80
2010.12.10 08:27:35.434,0.62826,0.62853,1.50,2.40
2010.12.10 08:27:36.227,0.62826,0.62853,1.50,3.30
2010.12.10 08:27:36.930,0.62817,0.6285,4.00,2.50
2010.12.10 08:27:37.160,0.62817,0.62843,4.00,1.50
2010.12.10 08:27:40.684,0.62817,0.62843,4.00,1.70
2010.12.10 08:27:41.610,0.62817,0.62843,4.00,1.70
2010.12.10 08:27:42.308,0.62817,0.62836,1.50,1.50
2010.12.10 08:27:42.533,0.62817,0.62838,1.50,1.50
2010.12.10 08:27:43.995,0.62817,0.62839,1.50,1.50
2010.12.10 08:27:44.984,0.62817,0.62843,1.50,3.90
2010.12.10 08:27:45.945,0.62806,0.6284,1.70,1.70
2010.12.10 08:27:46.062,0.62806,0.62838,1.70,1.50
2010.12.10 08:27:46.748,0.62817,0.62836,1.50,1.50
2010.12.10 08:27:46.868,0.62817,0.62839,1.50,1.50
2010.12.10 08:27:50.248,0.62807,0.62833,1.70,1.50
2010.12.10 08:27:54.525,0.62808,0.62833,2.50,1.50
2010.12.10 08:28:00.150,0.62817,0.62842,1.50,2.30
2010.12.10 08:28:03.325,0.62817,0.62842,2.50,2.30
2010.12.10 08:28:03.931,0.62817,0.62843,1.50,3.80
2010.12.10 08:28:05.178,0.62819,0.62853,2.50,10.00
2010.12.10 08:28:05.294,0.62819,0.62846,2.50,1.10
2010.12.10 08:28:05.517,0.62817,0.62847,4.00,2.60
2010.12.10 08:28:06.056,0.62817,0.62846,2.30,1.70
2010.12.10 08:28:06.168,0.62816,0.62835,1.50,1.50
2010.12.10 08:28:06.285,0.62816,0.6284,1.50,1.50
2010.12.10 08:28:10.615,0.62816,0.62842,1.50,3.80
2010.12.10 08:28:10.730,0.62816,0.62848,1.50,1.50
2010.12.10 08:28:10.846,0.62817,0.62848,2.50,1.50
2010.12.10 08:28:11.361,0.62817,0.62843,4.00,1.50
2010.12.10 08:28:13.225,0.62827,0.62843,2.50,1.50
2010.12.10 08:28:13.929,0.6283,0.62853,2.50,1.50
2010.12.10 08:28:14.372,0.6283,0.62853,2.50,1.50
2010.12.10 08:28:14.593,0.62837,0.62864,3.20,1.50
2010.12.10 08:28:15.225,0.62839,0.62863,2.50,1.50
2010.12.10 08:28:17.085,0.62857,0.62875,3.20,1.50
2010.12.10 08:28:17.194,0.62857,0.62884,3.20,1.70
2010.12.10 08:28:17.306,0.62857,0.62884,2.30,2.50
2010.12.10 08:28:17.425,0.62848,0.62878,2.50,1.50
2010.12.10 08:28:17.913,0.62848,0.62875,2.50,1.50
2010.12.10 08:28:19.172,0.62847,0.62872,1.50,2.50
2010.12.10 08:28:20.464,0.62847,0.62872,1.50,2.60
2010.12.10 08:28:21.472,0.62847,0.62872,1.50,2.50
2010.12.10 08:28:22.767,0.62847,0.62872,1.50,2.80
2010.12.10 08:28:25.712,0.62847,0.62872,1.50,2.60
2010.12.10 08:28:26.234,0.62847,0.62872,1.50,2.80
2010.12.10 08:28:30.487,0.62847,0.62872,1.50,2.60
2010.12.10 08:28:31.567,0.62847,0.62872,1.50,2.60
2010.12.10 08:28:33.077,0.62847,0.62866,1.50,2.50
2010.12.10 08:28:33.194,0.62838,0.62866,3.20,2.50
2010.12.10 08:28:33.464,0.62838,0.62864,2.30,2.60
2010.12.10 08:28:34.082,0.62836,0.62862,1.50,4.00
2010.12.10 08:28:35.568,0.62828,0.6286,3.20,1.60
2010.12.10 08:28:35.691,0.62828,0.6286,2.50,1.80
2010.12.10 08:28:36.359,0.62828,0.6286,2.50,1.80
2010.12.10 08:28:36.494,0.62828,0.62862,3.20,9.90
2010.12.10 08:28:36.713,0.62837,0.62862,1.50,4.10
2010.12.10 08:28:37.605,0.62838,0.62864,2.50,1.70
2010.12.10 08:28:38.687,0.62838,0.62864,3.20,1.60
2010.12.10 08:28:39.427,0.62836,0.62862,2.50,2.30
2010.12.10 08:28:39.561,0.62838,0.62863,3.20,1.80
2010.12.10 08:28:41.501,0.62838,0.62863,3.20,1.90
2010.12.10 08:28:41.837,0.62837,0.62862,1.50,1.10
2010.12.10 08:28:41.953,0.62837,0.62862,1.70,1.10
2010.12.10 08:28:42.291,0.62837,0.62863,1.50,1.90
2010.12.10 08:29:07.407,0.62826,0.62858,1.70,2.50
2010.12.10 08:29:08.170,0.62826,0.62854,1.50,1.70
2010.12.10 08:29:12.644,0.62826,0.62854,1.50,1.80
2010.12.10 08:29:12.755,0.62826,0.62854,1.50,2.50
2010.12.10 08:29:12.864,0.62818,0.62853,2.50,4.70
2010.12.10 08:29:13.082,0.62826,0.62853,1.50,3.20
2010.12.10 08:29:14.639,0.62826,0.62853,1.50,2.40
2010.12.10 08:29:16.667,0.62826,0.62853,1.50,2.30
2010.12.10 08:29:17.465,0.62826,0.62852,1.50,2.30
2010.12.10 08:29:19.189,0.62826,0.62854,3.00,1.50
2010.12.10 08:29:19.304,0.62819,0.62853,1.50,3.00
2010.12.10 08:29:19.523,0.62817,0.62852,5.30,1.50
2010.12.10 08:29:19.632,0.62819,0.62853,1.50,3.00
2010.12.10 08:29:20.408,0.62826,0.62852,1.50,2.30
2010.12.10 08:29:21.273,0.62826,0.62847,1.50,1.50
2010.12.10 08:29:22.152,0.6282,0.62854,1.50,1.50
2010.12.10 08:29:22.374,0.62827,0.62853,1.50,1.50
2010.12.10 08:29:24.282,0.62826,0.62854,1.50,1.70
2010.12.10 08:29:24.854,0.62826,0.62854,1.50,1.50
2010.12.10 08:29:25.394,0.62826,0.62852,1.50,2.30
2010.12.10 08:29:27.735,0.62826,0.62854,1.50,1.50
2010.12.10 08:29:32.018,0.62826,0.62854,1.50,3.20
2010.12.10 08:29:39.279,0.62832,0.62857,1.50,1.50
2010.12.10 08:29:39.506,0.62831,0.62858,1.50,1.50
2010.12.10 08:29:39.615,0.62827,0.62857,1.50,1.50
2010.12.10 08:29:39.834,0.62836,0.62857,1.50,1.50
2010.12.10 08:29:40.054,0.62836,0.6286,1.50,1.50
2010.12.10 08:29:41.697,0.62836,0.6286,1.50,1.60
2010.12.10 08:29:42.947,0.62836,0.62859,1.50,1.80
2010.12.10 08:29:43.392,0.62826,0.62854,1.50,1.70
2010.12.10 08:29:43.503,0.62826,0.62854,1.50,1.50
2010.12.10 08:29:51.645,0.62828,0.62854,3.80,1.50
2010.12.10 08:29:52.534,0.6283,0.62854,1.50,1.50
2010.12.10 08:29:55.593,0.62832,0.62863,1.50,1.60
2010.12.10 08:29:56.291,0.62837,0.62863,1.50,1.60
2010.12.10 08:29:59.775,0.62837,0.62863,1.50,1.50
2010.12.10 08:30:00.338,0.62838,0.62862,1.50,2.30
2010.12.10 08:30:00.488,0.62836,0.62862,1.50,2.30
2010.12.10 08:30:00.826,0.62828,0.6286,2.30,1.50
2010.12.10 08:30:01.511,0.62837,0.62862,1.50,1.50
2010.12.10 08:30:01.642,0.62837,0.62863,1.50,1.50
2010.12.10 08:30:02.253,0.62837,0.62865,1.50,1.50
2010.12.10 08:30:02.473,0.62838,0.62872,3.80,1.60
2010.12.10 08:30:03.000,0.62838,0.62863,1.50,1.50
2010.12.10 08:30:04.246,0.62837,0.62864,1.50,1.50
2010.12.10 08:30:06.076,0.62846,0.62874,1.50,3.20
2010.12.10 08:30:08.014,0.6285,0.62874,1.50,1.50
2010.12.10 08:30:08.588,0.62848,0.62874,3.80,1.50
2010.12.10 08:30:09.625,0.62846,0.62874,3.00,1.50
2010.12.10 08:30:18.865,0.62849,0.62877,1.50,1.60
2010.12.10 08:30:18.976,0.62849,0.62883,1.50,3.10
2010.12.10 08:30:19.086,0.62856,0.62883,1.50,1.60
2010.12.10 08:30:23.394,0.62856,0.62881,1.50,1.50
2010.12.10 08:30:24.518,0.62856,0.62882,1.50,3.80
2010.12.10 08:30:24.855,0.62847,0.62873,1.50,1.50
2010.12.10 08:30:25.450,0.62848,0.62873,1.50,1.50
2010.12.10 08:30:30.152,0.62847,0.62873,1.60,1.50
2010.12.10 08:30:33.503,0.62847,0.62873,1.50,1.50
2010.12.10 08:30:34.280,0.62847,0.62872,1.50,2.30
2010.12.10 08:30:34.397,0.62841,0.62874,1.60,1.50
2010.12.10 08:30:34.732,0.62846,0.62874,1.50,1.50
2010.12.10 08:30:36.025,0.62847,0.62874,2.30,1.50
2010.12.10 08:30:41.843,0.62844,0.62873,1.50,3.80
2010.12.10 08:30:41.954,0.6284,0.62873,1.50,5.30
2010.12.10 08:30:42.064,0.62848,0.62873,2.30,1.50
2010.12.10 08:30:42.174,0.62851,0.62883,1.50,1.50
2010.12.10 08:30:42.766,0.62851,0.62882,1.50,2.30
2010.12.10 08:30:42.915,0.62847,0.62874,1.50,1.50
2010.12.10 08:30:44.751,0.62854,0.62883,1.50,1.50
2010.12.10 08:30:45.086,0.62854,0.62873,1.50,1.50
2010.12.10 08:30:45.307,0.62847,0.62873,1.60,1.50
2010.12.10 08:30:46.333,0.62861,0.62882,1.70,3.80
2010.12.10 08:30:46.446,0.62863,0.62892,1.50,4.80
2010.12.10 08:30:46.553,0.62858,0.62891,2.30,1.70
2010.12.10 08:30:47.156,0.62867,0.62891,1.50,1.70
2010.12.10 08:30:50.753,0.62867,0.62891,1.50,2.50
2010.12.10 08:30:50.975,0.62857,0.62883,1.50,2.50
2010.12.10 08:30:51.665,0.62857,0.62881,1.50,2.50
2010.12.10 08:30:54.687,0.62857,0.62881,1.50,2.50
2010.12.10 08:30:54.803,0.62847,0.62878,4.10,2.50
2010.12.10 08:30:55.023,0.62847,0.62872,2.50,2.30
2010.12.10 08:30:55.242,0.62848,0.62882,3.30,4.70
2010.12.10 08:30:55.352,0.62848,0.62874,3.30,1.50
2010.12.10 08:30:56.343,0.62848,0.62874,3.20,1.50
2010.12.10 08:30:59.513,0.62848,0.62882,2.40,4.70
2010.12.10 08:30:59.737,0.62846,0.62872,1.70,2.30
2010.12.10 08:31:00.368,0.62848,0.62881,2.60,1.70
2010.12.10 08:31:00.487,0.62848,0.62874,2.50,1.50
2010.12.10 08:31:03.004,0.62848,0.62874,2.30,1.50
2010.12.10 08:31:03.113,0.62846,0.62873,1.50,2.30
2010.12.10 08:31:04.091,0.62847,0.62873,1.50,3.80
2010.12.10 08:31:04.206,0.62847,0.62873,1.50,4.70
2010.12.10 08:31:05.140,0.62847,0.62873,1.50,4.70
2010.12.10 08:31:06.897,0.62847,0.62873,1.50,4.70
2010.12.10 08:31:10.145,0.62847,0.62873,1.50,4.00
2010.12.10 08:31:10.263,0.62847,0.62873,1.50,4.70
2010.12.10 08:31:10.374,0.62843,0.62873,1.70,3.20
2010.12.10 08:31:10.595,0.62838,0.62863,2.60,1.50
2010.12.10 08:31:11.362,0.62842,0.62873,2.50,3.20
2010.12.10 08:31:17.093,0.62846,0.62873,2.50,3.20
2010.12.10 08:31:19.654,0.62846,0.62873,1.50,3.20
2010.12.10 08:31:20.094,0.62846,0.6287,1.50,2.50
2010.12.10 08:31:20.698,0.62836,0.62864,4.00,1.70
2010.12.10 08:31:22.563,0.62838,0.6287,3.20,2.50
2010.12.10 08:31:23.003,0.62847,0.62872,1.50,3.20
2010.12.10 08:31:23.114,0.62847,0.62872,1.50,2.50
2010.12.10 08:31:24.409,0.62847,0.62872,1.50,2.30
2010.12.10 08:31:30.153,0.62847,0.62872,1.50,2.30
2010.12.10 08:31:31.556,0.62847,0.62872,1.70,2.50
2010.12.10 08:31:33.564,0.62877,0.62897,1.70,6.90
2010.12.10 08:31:33.672,0.62877,0.62896,1.70,1.50
2010.12.10 08:31:34.346,0.62877,0.62903,3.20,2.60
2010.12.10 08:31:34.475,0.62877,0.62903,4.00,1.90
2010.12.10 08:31:35.379,0.62877,0.62903,3.20,1.10
2010.12.10 08:31:35.604,0.62877,0.62906,1.70,1.10
2010.12.10 08:31:36.302,0.62877,0.62906,1.70,2.40
2010.12.10 08:31:37.198,0.62874,0.62903,1.50,1.10
2010.12.10 08:31:37.327,0.62858,0.62891,2.50,1.70
2010.12.10 08:31:37.553,0.62858,0.62884,2.50,1.50
2010.12.10 08:31:38.297,0.62867,0.62892,1.50,2.50
2010.12.10 08:31:39.433,0.62867,0.62892,1.50,2.60
2010.12.10 08:31:39.658,0.62867,0.62892,1.50,2.60
2010.12.10 08:31:40.266,0.62858,0.62893,4.70,1.70
2010.12.10 08:31:40.388,0.62861,0.62893,1.70,1.70
2010.12.10 08:31:40.503,0.62864,0.62893,1.50,4.00
2010.12.10 08:31:41.139,0.62868,0.62894,2.30,1.50
2010.12.10 08:31:41.743,0.62868,0.62894,2.30,1.70
2010.12.10 08:31:42.948,0.62868,0.62894,2.30,1.50
2010.12.10 08:31:43.645,0.62868,0.62894,2.30,1.70
2010.12.10 08:31:45.056,0.62868,0.62894,2.30,1.60
2010.12.10 08:31:46.019,0.62868,0.62888,2.30,1.10
2010.12.10 08:31:46.141,0.62866,0.62893,1.50,1.10
2010.12.10 08:31:46.775,0.62863,0.62883,1.50,2.30
2010.12.10 08:31:46.943,0.62847,0.62873,5.30,1.50
2010.12.10 08:31:47.822,0.62847,0.62873,5.50,1.50
2010.12.10 08:31:50.760,0.62851,0.62873,1.70,1.50
2010.12.10 08:31:51.559,0.62854,0.62873,2.50,1.50
2010.12.10 08:31:51.688,0.62856,0.62882,1.50,2.50
2010.12.10 08:31:52.134,0.6285,0.62873,2.50,1.50
2010.12.10 08:31:52.722,0.6285,0.62873,2.50,1.50
2010.12.10 08:31:54.686,0.62851,0.62873,4.00,1.50
2010.12.10 08:31:54.904,0.62859,0.62883,2.50,1.50
2010.12.10 08:31:55.480,0.6285,0.62884,2.50,2.50
2010.12.10 08:31:55.706,0.6285,0.62873,2.50,1.50
2010.12.10 08:31:56.412,0.62852,0.62884,2.50,1.70
2010.12.10 08:31:56.523,0.62855,0.62884,2.50,1.50
2010.12.10 08:31:57.692,0.62859,0.62884,1.70,1.50
2010.12.10 08:31:59.046,0.62858,0.62892,4.00,2.50
2010.12.10 08:31:59.155,0.62867,0.62893,2.50,1.60
2010.12.10 08:31:59.803,0.62867,0.62889,2.30,1.50
2010.12.10 08:32:00.213,0.62856,0.62884,2.50,1.50
2010.12.10 08:32:00.325,0.62867,0.62889,3.20,1.50
2010.12.10 08:32:00.434,0.62867,0.62893,3.20,1.50
2010.12.10 08:32:00.545,0.62868,0.62893,3.20,1.50
2010.12.10 08:32:00.654,0.62868,0.62897,3.20,1.50
2010.12.10 08:32:01.164,0.62868,0.62893,3.20,1.50
2010.12.10 08:32:01.743,0.62872,0.62893,1.50,1.50
2010.12.10 08:32:02.262,0.6287,0.62903,1.70,4.00
2010.12.10 08:32:02.387,0.62867,0.62894,3.80,1.50
2010.12.10 08:32:03.417,0.62873,0.62894,1.50,1.50
2010.12.10 08:32:03.535,0.62873,0.62903,1.50,3.30
2010.12.10 08:32:03.754,0.62873,0.62903,1.50,3.30
2010.12.10 08:32:04.438,0.62867,0.62891,2.50,1.50
2010.12.10 08:32:04.586,0.62867,0.62893,2.30,1.50
2010.12.10 08:32:04.802,0.62867,0.62883,2.30,1.50
2010.12.10 08:32:06.275,0.62867,0.62894,4.70,1.50
2010.12.10 08:32:07.283,0.62868,0.62893,2.50,1.50
2010.12.10 08:32:15.376,0.62867,0.62893,4.00,1.80
2010.12.10 08:32:15.495,0.62857,0.62885,1.50,2.50
2010.12.10 08:32:16.063,0.62857,0.62883,3.20,1.50
2010.12.10 08:32:16.639,0.62856,0.62884,2.50,1.70
2010.12.10 08:32:18.461,0.62867,0.62893,1.70,2.40
2010.12.10 08:32:18.576,0.62857,0.6289,4.70,1.50
2010.12.10 08:32:19.359,0.62856,0.62884,2.50,1.50
2010.12.10 08:32:19.483,0.62858,0.62892,1.70,1.80
2010.12.10 08:32:19.704,0.62867,0.62892,1.50,1.80
2010.12.10 08:32:20.664,0.62867,0.62893,1.50,3.90
2010.12.10 08:32:21.264,0.62867,0.62893,1.50,3.90
2010.12.10 08:32:21.425,0.62867,0.62893,1.50,4.10
2010.12.10 08:32:21.768,0.62867,0.62893,1.50,3.90
2010.12.10 08:32:22.101,0.62867,0.62893,1.50,4.10
2010.12.10 08:32:23.684,0.62867,0.6289,1.50,1.70
2010.12.10 08:32:24.286,0.62867,0.6289,1.50,1.80
2010.12.10 08:32:25.504,0.62867,0.62889,1.50,1.10
2010.12.10 08:32:26.089,0.62867,0.62893,1.50,4.90
2010.12.10 08:32:26.315,0.62867,0.62893,1.50,4.10
2010.12.10 08:32:26.886,0.62867,0.62892,1.50,1.10
2010.12.10 08:32:27.572,0.62867,0.62893,1.50,6.40
2010.12.10 08:32:30.290,0.6286,0.62893,1.70,4.90
2010.12.10 08:32:30.626,0.6286,0.62883,1.70,1.50
2010.12.10 08:32:31.607,0.6286,0.62883,1.70,1.50
2010.12.10 08:32:31.719,0.62868,0.62894,2.30,1.50
2010.12.10 08:32:32.416,0.62868,0.62893,2.50,1.50
2010.12.10 08:32:32.747,0.62868,0.62893,2.30,2.00
2010.12.10 08:32:33.537,0.62867,0.62893,1.50,4.30
2010.12.10 08:32:35.672,0.62867,0.62893,3.80,1.50
2010.12.10 08:32:38.817,0.62867,0.62892,1.50,2.60
2010.12.10 08:32:39.507,0.62867,0.62892,1.50,4.10
2010.12.10 08:32:40.053,0.62862,0.62892,1.50,2.60
2010.12.10 08:32:40.164,0.62862,0.62892,1.50,2.40
2010.12.10 08:32:40.999,0.62866,0.62892,1.50,2.40
2010.12.10 08:32:44.605,0.62866,0.62892,1.50,2.40
2010.12.10 08:32:44.915,0.62866,0.62892,1.50,2.40
2010.12.10 08:32:45.989,0.62867,0.62894,2.30,1.60
2010.12.10 08:32:47.753,0.62866,0.62892,1.50,2.50
2010.12.10 08:32:48.328,0.62866,0.62892,1.50,2.80
2010.12.10 08:32:48.470,0.62866,0.62892,1.50,2.60
2010.12.10 08:32:49.716,0.62866,0.62892,1.50,2.60
2010.12.10 08:32:49.824,0.62858,0.62883,2.30,1.50
2010.12.10 08:32:50.748,0.62858,0.62883,2.30,1.80
2010.12.10 08:32:51.522,0.62852,0.62884,1.70,1.70
2010.12.10 08:32:51.690,0.62857,0.62883,4.70,1.50
2010.12.10 08:32:52.459,0.62867,0.62884,4.00,1.50
2010.12.10 08:32:52.933,0.62869,0.62893,1.70,1.50
2010.12.10 08:32:53.561,0.62869,0.62893,1.50,1.50
2010.12.10 08:32:53.709,0.62867,0.62893,3.80,1.50
2010.12.10 08:32:54.677,0.62867,0.62893,3.80,1.60
2010.12.10 08:32:57.120,0.62867,0.62893,3.80,1.80
2010.12.10 08:32:57.236,0.62867,0.62893,3.80,1.70
2010.12.10 08:32:58.187,0.62863,0.62891,1.50,1.10
2010.12.10 08:32:58.417,0.62858,0.62883,2.50,1.50
2010.12.10 08:32:59.075,0.62858,0.62883,3.20,1.50
2010.12.10 08:33:00.504,0.62868,0.62883,2.50,1.50
2010.12.10 08:33:01.132,0.62867,0.62893,1.50,3.00
2010.12.10 08:33:01.807,0.62861,0.62893,1.50,1.50
2010.12.10 08:33:01.913,0.62867,0.62893,1.50,1.50
2010.12.10 08:33:02.554,0.62867,0.62893,1.50,1.80
2010.12.10 08:33:03.583,0.62867,0.62893,1.50,1.60
2010.12.10 08:33:04.987,0.62867,0.62893,1.50,1.90
2010.12.10 08:33:10.061,0.62867,0.62893,1.50,3.30
2010.12.10 08:33:10.282,0.62859,0.62893,2.50,1.80
2010.12.10 08:33:10.878,0.62861,0.62884,1.70,1.50
2010.12.10 08:33:10.993,0.62861,0.62884,1.50,1.50
2010.12.10 08:33:11.105,0.62861,0.62893,1.50,1.10
2010.12.10 08:33:11.750,0.62857,0.62883,1.50,1.50
2010.12.10 08:33:17.424,0.62857,0.62883,1.50,1.70
2010.12.10 08:33:17.533,0.62852,0.62883,1.50,1.70
2010.12.10 08:33:17.642,0.62848,0.62883,1.70,4.00
2010.12.10 08:33:17.754,0.62848,0.62883,2.50,4.00
2010.12.10 08:33:18.806,0.62848,0.62873,1.50,1.50
2010.12.10 08:33:19.634,0.62848,0.62873,1.70,1.50
2010.12.10 08:33:22.841,0.62847,0.62873,1.50,1.70
2010.12.10 08:33:24.956,0.62844,0.62864,1.50,1.50
2010.12.10 08:33:27.376,0.6284,0.62874,2.50,3.20
2010.12.10 08:33:27.484,0.6284,0.62872,1.50,3.20
2010.12.10 08:33:28.098,0.6284,0.62864,1.50,1.50
2010.12.10 08:33:28.437,0.62848,0.62873,1.50,1.50
2010.12.10 08:33:28.665,0.62844,0.62873,1.50,1.70
2010.12.10 08:33:29.350,0.62844,0.62863,1.50,1.50
2010.12.10 08:33:29.573,0.62843,0.62874,1.50,2.50
2010.12.10 08:33:29.835,0.62843,0.62864,1.50,1.50
2010.12.10 08:33:29.944,0.62839,0.62864,1.50,1.50
2010.12.10 08:33:30.536,0.6284,0.62864,1.50,1.50
2010.12.10 08:33:35.750,0.62839,0.62864,1.50,1.50
2010.12.10 08:33:37.510,0.62836,0.62864,3.00,1.50
2010.12.10 08:33:38.245,0.62837,0.62863,1.50,1.50
2010.12.10 08:33:39.575,0.62837,0.62863,1.50,1.90
2010.12.10 08:33:40.173,0.62832,0.62862,1.70,2.60
2010.12.10 08:33:40.335,0.62828,0.62854,2.30,1.50
2010.12.10 08:33:49.089,0.62826,0.62854,1.70,1.70
2010.12.10 08:33:49.892,0.62826,0.62854,1.70,1.50
2010.12.10 08:33:50.318,0.62826,0.62854,1.70,1.70
2010.12.10 08:33:50.586,0.62826,0.62854,1.70,1.50
2010.12.10 08:33:51.588,0.62826,0.62854,1.70,1.60
2010.12.10 08:33:56.966,0.62826,0.62854,3.20,1.60
2010.12.10 08:34:01.523,0.62824,0.62852,1.70,2.60
2010.12.10 08:34:01.853,0.62822,0.62843,1.50,1.50
2010.12.10 08:34:02.075,0.62819,0.62841,1.70,1.50
2010.12.10 08:34:02.640,0.62818,0.6284,3.20,1.50
2010.12.10 08:34:02.979,0.62818,0.62838,3.20,1.50
2010.12.10 08:34:05.023,0.62818,0.62844,3.20,1.50
2010.12.10 08:34:06.082,0.62818,0.62844,3.80,2.50
2010.12.10 08:34:06.823,0.62807,0.62833,1.50,1.50
2010.12.10 08:34:06.940,0.628,0.62833,1.70,1.70
2010.12.10 08:34:07.055,0.62797,0.62832,1.70,1.70
2010.12.10 08:34:07.869,0.62808,0.62833,4.70,1.50
2010.12.10 08:34:08.313,0.62808,0.62834,4.70,1.50
2010.12.10 08:34:11.754,0.62808,0.62834,2.50,1.50
2010.12.10 08:34:12.401,0.62818,0.62844,3.20,1.50
2010.12.10 08:34:13.113,0.62818,0.62843,2.50,1.50
2010.12.10 08:34:13.625,0.62817,0.62843,1.50,1.50
2010.12.10 08:34:18.105,0.62818,0.62843,1.10,1.50
2010.12.10 08:34:22.034,0.6282,0.62843,2.50,1.50
2010.12.10 08:34:24.461,0.62818,0.62843,1.10,1.50
2010.12.10 08:34:24.685,0.62817,0.62843,3.90,1.50
2010.12.10 08:34:25.517,0.62817,0.62843,4.00,1.70
2010.12.10 08:34:30.355,0.62817,0.62843,3.80,2.50
2010.12.10 08:34:30.683,0.62817,0.62843,1.50,4.70
2010.12.10 08:34:31.395,0.62817,0.62842,1.50,2.50
2010.12.10 08:34:31.529,0.62817,0.62842,1.50,2.50
2010.12.10 08:34:35.736,0.62817,0.62843,3.80,1.50
2010.12.10 08:34:36.964,0.62818,0.62843,2.60,1.50
2010.12.10 08:34:37.553,0.6282,0.62843,1.70,1.50
2010.12.10 08:34:38.101,0.6282,0.62843,2.50,1.50
2010.12.10 08:34:38.268,0.62824,0.62853,2.50,1.50
2010.12.10 08:34:38.384,0.62824,0.62843,2.50,1.50
2010.12.10 08:34:39.372,0.62827,0.62853,3.20,1.50
2010.12.10 08:34:39.484,0.62827,0.62853,3.00,4.00
2010.12.10 08:34:42.207,0.62826,0.62854,3.20,1.50
2010.12.10 08:34:44.983,0.62826,0.62852,1.50,2.50
2010.12.10 08:34:45.203,0.62821,0.62852,2.60,2.50
2010.12.10 08:34:45.534,0.62821,0.62843,1.10,1.50
2010.12.10 08:34:46.572,0.62822,0.62843,1.10,1.50
2010.12.10 08:34:50.568,0.62826,0.62852,1.50,2.50
2010.12.10 08:34:50.815,0.62822,0.62844,1.10,1.50
2010.12.10 08:34:51.463,0.62823,0.62844,1.10,1.50
2010.12.10 08:34:51.793,0.62823,0.62844,1.10,1.50
2010.12.10 08:34:54.207,0.62824,0.62844,2.50,1.50
2010.12.10 08:34:54.343,0.62823,0.62844,1.10,1.50
2010.12.10 08:34:55.094,0.62825,0.62844,2.50,1.50
2010.12.10 08:34:55.809,0.62826,0.62854,2.50,1.50
2010.12.10 08:34:56.921,0.62826,0.62852,1.50,2.50
2010.12.10 08:34:57.477,0.62823,0.62843,1.10,1.50
2010.12.10 08:35:00.143,0.6282,0.62843,2.50,1.50
2010.12.10 08:35:02.093,0.62818,0.62844,2.30,1.70
2010.12.10 08:35:04.204,0.62818,0.62844,3.20,1.50
2010.12.10 08:35:05.540,0.62816,0.62842,1.50,2.50
2010.12.10 08:35:05.913,0.62816,0.62844,2.50,1.50
2010.12.10 08:35:06.935,0.62816,0.62843,1.50,1.70
2010.12.10 08:35:07.075,0.62818,0.62844,2.40,1.50
2010.12.10 08:35:07.184,0.62818,0.62844,2.60,1.50
2010.12.10 08:35:17.793,0.62828,0.62853,2.50,1.50
2010.12.10 08:35:17.907,0.62837,0.62864,3.20,1.50
2010.12.10 08:35:18.024,0.62837,0.62864,3.20,1.50
2010.12.10 08:35:18.709,0.62847,0.62873,1.70,1.80
2010.12.10 08:35:19.944,0.62847,0.62873,1.50,2.60
2010.12.10 08:35:20.450,0.62841,0.62863,1.70,1.50
2010.12.10 08:35:21.810,0.62848,0.62863,2.50,1.50
2010.12.10 08:35:25.347,0.62848,0.62873,2.30,1.50
2010.12.10 08:35:26.953,0.62848,0.62873,2.30,1.70
2010.12.10 08:35:28.017,0.62848,0.62873,2.30,2.60
2010.12.10 08:35:28.124,0.62839,0.62872,1.70,2.50
2010.12.10 08:35:28.563,0.62839,0.62864,1.70,1.50
2010.12.10 08:35:29.144,0.62839,0.62861,1.70,1.50
2010.12.10 08:35:29.473,0.62838,0.62864,4.70,1.50
2010.12.10 08:35:29.585,0.62838,0.62864,2.50,1.70
2010.12.10 08:35:29.803,0.62838,0.62854,2.50,1.50
2010.12.10 08:35:30.277,0.62838,0.62854,2.30,1.50
2010.12.10 08:35:33.355,0.62838,0.62854,2.50,1.50
2010.12.10 08:35:34.557,0.62838,0.62864,2.50,1.50
2010.12.10 08:35:35.747,0.62836,0.62864,1.50,1.50
2010.12.10 08:35:52.357,0.62837,0.62863,1.50,1.50
2010.12.10 08:35:54.285,0.62837,0.62863,1.50,1.70
2010.12.10 08:35:55.669,0.62837,0.62863,1.50,1.50
2010.12.10 08:36:00.768,0.62837,0.62863,1.50,2.50
2010.12.10 08:36:01.897,0.62837,0.62862,1.50,2.30
2010.12.10 08:36:02.333,0.62837,0.62862,1.70,2.30
2010.12.10 08:36:02.445,0.62838,0.62864,1.70,1.50
2010.12.10 08:36:03.045,0.62836,0.62862,1.50,3.20
2010.12.10 08:36:03.154,0.62828,0.6286,2.50,2.50
2010.12.10 08:36:03.263,0.62824,0.6286,1.70,2.50
2010.12.10 08:36:04.157,0.62826,0.62854,1.50,4.00
2010.12.10 08:36:04.278,0.62817,0.62843,11.60,1.50
2010.12.10 08:36:04.614,0.62817,0.62843,4.90,1.50
2010.12.10 08:36:11.208,0.62819,0.62843,2.50,1.50
2010.12.10 08:36:11.329,0.62827,0.62853,1.50,4.00
2010.12.10 08:36:11.443,0.62829,0.62853,1.70,1.50
2010.12.10 08:36:11.886,0.62828,0.62854,2.50,1.50
2010.12.10 08:36:12.659,0.62829,0.62853,2.50,1.50
2010.12.10 08:36:13.808,0.62827,0.62853,1.70,1.50
2010.12.10 08:36:19.037,0.62827,0.62853,1.70,1.60
2010.12.10 08:36:19.929,0.62827,0.62853,2.50,1.50
2010.12.10 08:36:20.037,0.62827,0.62853,4.00,1.50
2010.12.10 08:36:27.016,0.62837,0.62863,2.50,1.50
2010.12.10 08:36:27.236,0.62839,0.62863,1.50,1.50
2010.12.10 08:36:27.344,0.62839,0.62872,1.50,1.10
2010.12.10 08:36:27.456,0.62837,0.62868,1.50,1.10
2010.12.10 08:36:27.783,0.62837,0.62863,1.50,1.50
2010.12.10 08:36:29.446,0.62838,0.62863,2.30,1.50
2010.12.10 08:36:30.396,0.62839,0.62863,2.50,1.50
2010.12.10 08:36:32.016,0.62839,0.62863,1.50,1.50
2010.12.10 08:36:39.470,0.62837,0.62863,3.80,3.90
2010.12.10 08:36:43.677,0.62837,0.62863,4.00,3.90
2010.12.10 08:36:44.846,0.62838,0.62864,3.20,1.50
2010.12.10 08:36:46.320,0.62838,0.62864,3.20,1.70
2010.12.10 08:36:50.651,0.62839,0.62864,2.50,1.50
2010.12.10 08:36:51.935,0.62839,0.62864,2.50,1.50
2010.12.10 08:36:52.613,0.62844,0.62864,1.70,1.50
2010.12.10 08:36:53.092,0.62847,0.62873,1.70,1.50
2010.12.10 08:36:53.699,0.62847,0.62873,1.70,1.60
2010.12.10 08:36:59.613,0.62847,0.62873,1.70,1.80
2010.12.10 08:37:00.206,0.62847,0.62873,1.70,1.70
2010.12.10 08:37:00.754,0.62847,0.62873,1.50,2.00
2010.12.10 08:37:01.442,0.62839,0.62864,1.70,1.50
2010.12.10 08:37:10.233,0.62841,0.62864,1.50,1.50
2010.12.10 08:37:10.453,0.62837,0.6287,4.70,2.50
2010.12.10 08:37:10.566,0.62837,0.62864,2.30,1.70
2010.12.10 08:37:11.377,0.62838,0.62864,3.20,1.50
2010.12.10 08:37:12.382,0.62838,0.62864,3.20,1.50
2010.12.10 08:37:18.929,0.62838,0.62864,3.20,1.70
2010.12.10 08:37:25.988,0.62838,0.62864,3.20,1.50
2010.12.10 08:37:29.447,0.62836,0.62866,1.70,2.50
2010.12.10 08:37:31.820,0.62836,0.62864,1.70,1.80
2010.12.10 08:37:37.398,0.62836,0.62864,1.70,1.90
2010.12.10 08:37:38.944,0.62836,0.62864,1.70,4.10
2010.12.10 08:37:39.568,0.62836,0.62864,1.70,2.00
2010.12.10 08:37:39.686,0.62836,0.62864,1.70,1.80
2010.12.10 08:37:40.338,0.62836,0.62864,1.70,4.30
2010.12.10 08:37:43.854,0.62836,0.62864,1.70,1.80
2010.12.10 08:37:44.867,0.62836,0.62864,1.70,4.10
2010.12.10 08:37:45.084,0.62836,0.62864,1.70,1.80
2010.12.10 08:37:46.653,0.62836,0.62864,1.70,4.10
2010.12.10 08:37:47.113,0.62836,0.62864,1.70,1.80
2010.12.10 08:37:48.345,0.62837,0.62863,1.50,1.80
2010.12.10 08:37:48.455,0.62837,0.62863,1.50,1.90
2010.12.10 08:37:50.895,0.62837,0.62862,1.50,2.60
2010.12.10 08:37:51.115,0.62827,0.6286,1.70,1.10
2010.12.10 08:37:51.333,0.62827,0.62853,1.70,1.50
2010.12.10 08:37:51.666,0.62827,0.62853,2.50,1.50
2010.12.10 08:37:52.498,0.62827,0.62853,1.70,1.50
2010.12.10 08:37:54.034,0.62828,0.62853,3.20,1.50
2010.12.10 08:37:54.813,0.62837,0.62862,1.50,2.60
2010.12.10 08:37:57.260,0.62837,0.62862,1.50,3.40
2010.12.10 08:38:03.016,0.62837,0.62863,4.00,4.70
2010.12.10 08:38:03.235,0.62837,0.62863,3.80,4.70
2010.12.10 08:38:04.057,0.62837,0.62863,1.70,4.00
2010.12.10 08:38:05.245,0.62837,0.62863,1.50,4.00
2010.12.10 08:38:12.268,0.62836,0.62863,1.70,2.50
2010.12.10 08:38:14.112,0.62836,0.62863,1.70,2.60
2010.12.10 08:38:14.621,0.62836,0.62863,1.70,2.50
2010.12.10 08:38:16.163,0.62836,0.62863,1.70,2.60
2010.12.10 08:38:18.947,0.62836,0.62863,2.50,2.40
2010.12.10 08:38:19.529,0.62838,0.62863,3.20,1.50
2010.12.10 08:38:19.979,0.62838,0.62863,3.20,1.50
2010.12.10 08:38:29.280,0.62838,0.62863,2.50,1.50
2010.12.10 08:38:30.653,0.62838,0.62863,3.20,1.50
2010.12.10 08:38:43.150,0.62837,0.62863,1.70,2.50
2010.12.10 08:38:43.714,0.62837,0.62863,1.50,3.20
2010.12.10 08:38:44.292,0.62828,0.62863,4.00,3.20
2010.12.10 08:38:44.495,0.62836,0.62863,1.50,3.20
2010.12.10 08:38:50.874,0.62836,0.62863,1.70,2.30
2010.12.10 08:38:57.187,0.62837,0.62863,1.50,3.80
2010.12.10 08:38:59.446,0.62837,0.62863,1.50,4.70
2010.12.10 08:38:59.973,0.62833,0.62863,1.50,4.70
2010.12.10 08:39:00.196,0.62836,0.62863,1.50,3.20
2010.12.10 08:39:00.876,0.62836,0.62863,1.70,3.20
2010.12.10 08:39:02.701,0.62836,0.62864,1.70,1.70
2010.12.10 08:39:02.818,0.62836,0.62864,2.50,1.50
2010.12.10 08:39:03.518,0.62847,0.62873,1.70,1.50
2010.12.10 08:39:03.752,0.62847,0.62873,1.50,1.50
2010.12.10 08:39:04.261,0.62844,0.62873,1.50,1.50
2010.12.10 08:39:04.410,0.62847,0.62873,1.50,1.60
2010.12.10 08:39:05.017,0.62847,0.62873,1.50,1.70
2010.12.10 08:39:07.734,0.62847,0.62873,1.50,1.70
2010.12.10 08:39:07.958,0.62847,0.62873,1.50,1.70
2010.12.10 08:39:11.044,0.62847,0.62871,1.50,1.70
2010.12.10 08:39:11.407,0.62837,0.6287,3.00,1.10
2010.12.10 08:39:12.070,0.62836,0.62864,1.50,1.50
2010.12.10 08:39:18.075,0.62836,0.62864,1.50,1.70
2010.12.10 08:39:19.663,0.62836,0.62864,1.50,1.80
2010.12.10 08:39:21.596,0.62836,0.62864,2.50,1.50
2010.12.10 08:39:21.817,0.62829,0.62862,2.50,2.50
2010.12.10 08:39:21.925,0.62832,0.62862,2.50,2.50
2010.12.10 08:39:34.355,0.62836,0.62862,1.50,2.60
2010.12.10 08:39:34.907,0.62836,0.62862,1.50,2.60
2010.12.10 08:39:40.334,0.62836,0.62862,1.50,2.80
2010.12.10 08:39:40.444,0.62836,0.62862,1.50,2.60
2010.12.10 08:39:44.534,0.62837,0.62862,1.50,2.50
2010.12.10 08:39:54.647,0.62837,0.62863,1.50,1.50
2010.12.10 08:39:59.374,0.62836,0.62864,1.70,1.70
2010.12.10 08:40:11.905,0.62836,0.62864,1.50,2.50
2010.12.10 08:40:12.033,0.62834,0.62864,1.50,2.50
2010.12.10 08:40:12.675,0.6283,0.62853,1.70,1.50
2010.12.10 08:40:13.285,0.6283,0.62853,2.50,1.50
2010.12.10 08:40:14.340,0.62831,0.62862,2.50,2.50
2010.12.10 08:40:15.595,0.62836,0.62862,2.50,2.50
2010.12.10 08:40:22.058,0.62836,0.62862,2.50,2.30
2010.12.10 08:40:22.287,0.62836,0.62862,1.70,3.20
2010.12.10 08:40:23.763,0.62836,0.62862,2.50,2.30
2010.12.10 08:40:23.985,0.62838,0.62868,2.50,1.10
2010.12.10 08:40:38.095,0.62836,0.62862,1.50,3.40
2010.12.10 08:40:38.205,0.62836,0.62862,1.50,3.40
2010.12.10 08:40:38.813,0.6283,0.62862,2.50,3.40
2010.12.10 08:40:39.610,0.6283,0.62862,2.50,3.20
2010.12.10 08:40:40.815,0.6283,0.62862,1.50,3.20
2010.12.10 08:40:40.938,0.6283,0.62862,2.50,3.20
2010.12.10 08:40:42.608,0.62828,0.62862,3.20,3.40
2010.12.10 08:40:43.325,0.62828,0.62862,3.20,3.20
2010.12.10 08:40:43.875,0.62827,0.62858,1.70,2.50
2010.12.10 08:40:44.585,0.62827,0.62853,1.70,1.50
2010.12.10 08:40:45.801,0.62827,0.62852,1.50,2.50
2010.12.10 08:40:47.256,0.62827,0.62852,1.50,2.50
2010.12.10 08:40:49.490,0.62827,0.62853,1.50,4.00
2010.12.10 08:40:50.129,0.62827,0.62853,1.50,4.70
2010.12.10 08:40:50.261,0.62828,0.62853,2.50,3.00
2010.12.10 08:40:51.304,0.62828,0.62853,2.30,1.50
2010.12.10 08:40:51.414,0.62827,0.62853,1.50,4.00
2010.12.10 08:40:52.135,0.62827,0.62853,1.50,4.70
2010.12.10 08:41:01.646,0.62827,0.6285,1.50,2.40
2010.12.10 08:41:01.865,0.62827,0.6285,1.50,1.10
2010.12.10 08:41:02.606,0.62827,0.6285,1.50,1.30
2010.12.10 08:41:02.790,0.62827,0.6285,1.50,1.10
2010.12.10 08:41:08.453,0.62827,0.62853,2.50,4.10
2010.12.10 08:41:09.379,0.62827,0.62853,2.50,1.70
2010.12.10 08:41:15.174,0.62827,0.62853,1.70,1.50
2010.12.10 08:41:18.813,0.62827,0.62853,1.50,1.70
2010.12.10 08:41:18.935,0.62828,0.62853,2.30,1.50
2010.12.10 08:41:19.598,0.62827,0.62853,1.50,5.50
2010.12.10 08:41:19.814,0.62827,0.62853,1.50,6.20
2010.12.10 08:41:20.850,0.62827,0.62853,1.50,6.40
2010.12.10 08:41:27.907,0.62827,0.62852,1.50,1.10
2010.12.10 08:41:28.854,0.62827,0.62853,1.50,6.40
2010.12.10 08:41:30.323,0.62827,0.62852,1.50,1.10
2010.12.10 08:41:31.133,0.62827,0.62852,1.50,1.10
2010.12.10 08:41:37.439,0.62821,0.62852,2.50,1.10
2010.12.10 08:41:37.924,0.6282,0.62843,2.50,1.50
2010.12.10 08:41:52.244,0.62817,0.62843,7.70,1.50
2010.12.10 08:41:55.433,0.62817,0.62844,6.20,1.50
2010.12.10 08:41:59.326,0.62817,0.62843,6.20,1.50
2010.12.10 08:42:04.625,0.6282,0.62843,2.50,1.50
2010.12.10 08:42:04.767,0.62818,0.62843,3.20,1.50
2010.12.10 08:42:06.022,0.62818,0.62843,3.20,1.50
2010.12.10 08:42:29.789,0.62818,0.62844,4.70,1.50
2010.12.10 08:42:42.456,0.6282,0.62844,2.50,1.50
2010.12.10 08:42:42.564,0.6282,0.62852,2.50,3.40
2010.12.10 08:42:42.894,0.62818,0.62843,3.20,1.50
2010.12.10 08:42:45.274,0.62818,0.62851,3.20,1.70
2010.12.10 08:42:46.045,0.62819,0.62843,2.50,1.50
2010.12.10 08:42:47.647,0.62819,0.62843,2.50,1.50
2010.12.10 08:42:48.402,0.62828,0.62854,2.50,1.50
2010.12.10 08:42:49.392,0.62828,0.62854,2.50,1.70
2010.12.10 08:42:50.531,0.62828,0.62854,2.30,2.50
2010.12.10 08:42:50.647,0.6282,0.62853,2.50,2.50
2010.12.10 08:42:50.864,0.6282,0.62843,2.50,1.50
2010.12.10 08:42:52.044,0.6282,0.62843,2.50,1.50
2010.12.10 08:42:57.246,0.62823,0.62853,2.50,2.50
2010.12.10 08:42:57.850,0.62828,0.62854,2.50,1.50
2010.12.10 08:42:59.932,0.62821,0.62853,2.50,3.90
2010.12.10 08:43:00.049,0.6282,0.62853,2.50,4.70
2010.12.10 08:43:00.383,0.6282,0.62843,2.50,1.50
2010.12.10 08:43:05.724,0.6282,0.62843,2.50,1.50
2010.12.10 08:43:05.844,0.62819,0.62843,2.50,1.50
2010.12.10 08:43:08.622,0.62819,0.62843,2.50,1.50
2010.12.10 08:43:08.956,0.62813,0.62843,2.50,1.70
2010.12.10 08:43:09.176,0.62813,0.62834,2.50,1.50
2010.12.10 08:43:09.875,0.62817,0.62843,2.50,1.50
2010.12.10 08:43:10.742,0.62817,0.62843,2.50,1.50
2010.12.10 08:43:11.460,0.62819,0.62844,2.50,1.50
2010.12.10 08:43:11.906,0.62819,0.62844,1.70,1.50
2010.12.10 08:43:12.016,0.62819,0.62844,1.50,1.50
2010.12.10 08:43:12.589,0.62816,0.62844,1.70,1.50
2010.12.10 08:43:14.345,0.62816,0.62844,2.50,1.50
2010.12.10 08:43:20.251,0.62816,0.62844,1.50,1.80
2010.12.10 08:43:21.038,0.62808,0.62842,2.50,1.70
2010.12.10 08:43:21.484,0.62808,0.62833,4.70,1.50
2010.12.10 08:43:25.189,0.62818,0.62833,2.30,1.50
2010.12.10 08:43:25.308,0.62812,0.62833,1.50,1.50
2010.12.10 08:43:26.315,0.62813,0.62833,1.50,1.50
2010.12.10 08:43:26.434,0.62808,0.62842,2.50,2.50
2010.12.10 08:43:26.982,0.62812,0.62842,1.70,2.30
2010.12.10 08:43:34.744,0.62812,0.62834,1.50,1.50
2010.12.10 08:43:35.425,0.62808,0.62842,3.20,3.20
2010.12.10 08:43:35.533,0.62808,0.62833,3.20,1.50
2010.12.10 08:43:40.507,0.62803,0.62833,2.50,1.70
2010.12.10 08:43:46.883,0.62808,0.62834,3.20,1.50
2010.12.10 08:43:47.931,0.62812,0.62834,1.70,1.50
2010.12.10 08:43:51.441,0.62818,0.62834,2.30,1.50
2010.12.10 08:43:51.556,0.62818,0.62843,2.30,1.80
2010.12.10 08:43:53.041,0.62818,0.62843,2.30,1.70
2010.12.10 08:43:57.334,0.62818,0.62843,2.50,1.70
2010.12.10 08:43:58.463,0.62818,0.62843,2.50,1.50
2010.12.10 08:43:59.017,0.62818,0.62843,2.30,1.70
2010.12.10 08:43:59.598,0.6281,0.62843,2.50,4.00
2010.12.10 08:43:59.935,0.62816,0.62843,2.50,2.30
2010.12.10 08:44:27.007,0.62818,0.62851,3.20,1.70
2010.12.10 08:44:27.681,0.62828,0.62843,2.50,1.50
2010.12.10 08:44:30.393,0.62828,0.62843,2.50,1.50
2010.12.10 08:44:33.912,0.62824,0.62843,1.70,1.50
2010.12.10 08:44:34.468,0.62828,0.62843,2.50,1.50
2010.12.10 08:44:34.595,0.62828,0.62853,2.50,1.50
2010.12.10 08:44:39.077,0.62828,0.62853,2.50,1.70
2010.12.10 08:44:41.394,0.62828,0.62853,2.30,1.70
2010.12.10 08:44:42.064,0.62827,0.62853,1.50,2.50
2010.12.10 08:44:42.183,0.6282,0.62843,1.50,1.50
2010.12.10 08:44:42.762,0.62817,0.62843,1.70,1.50
2010.12.10 08:44:43.219,0.62817,0.62843,2.50,1.50
2010.12.10 08:44:43.821,0.62818,0.62843,2.50,1.50
2010.12.10 08:44:47.077,0.62818,0.62843,2.50,1.70
2010.12.10 08:44:48.532,0.62818,0.62843,2.50,1.50
2010.12.10 08:44:56.234,0.62818,0.62851,3.20,1.70
2010.12.10 08:44:56.795,0.62827,0.62852,4.00,2.30
2010.12.10 08:44:56.920,0.62837,0.62862,1.70,2.50
2010.12.10 08:45:17.839,0.62837,0.62862,1.50,3.20
2010.12.10 08:45:18.284,0.6283,0.62854,2.50,1.50
2010.12.10 08:45:18.985,0.62832,0.62854,2.50,1.50
2010.12.10 08:45:19.094,0.62837,0.62862,2.50,2.50
2010.12.10 08:45:19.204,0.62837,0.62862,2.50,3.20
2010.12.10 08:45:23.894,0.62832,0.62862,1.50,4.70
2010.12.10 08:45:24.007,0.62828,0.6286,3.20,2.50
2010.12.10 08:45:24.445,0.62828,0.62854,4.70,1.50
2010.12.10 08:45:42.293,0.62828,0.62854,4.00,2.50
2010.12.10 08:45:42.405,0.62828,0.62854,2.50,1.50
2010.12.10 08:45:43.418,0.62828,0.62854,2.50,1.70
2010.12.10 08:45:44.573,0.62828,0.62854,2.50,1.50
2010.12.10 08:45:45.153,0.62828,0.62854,3.20,1.50
2010.12.10 08:45:45.484,0.62829,0.62854,2.50,1.50
2010.12.10 08:45:48.339,0.62828,0.6286,2.50,2.50
2010.12.10 08:45:48.845,0.62828,0.62854,2.50,1.50
2010.12.10 08:45:49.785,0.62828,0.62854,3.20,1.50
2010.12.10 08:45:50.818,0.62829,0.62854,2.50,1.50
2010.12.10 08:45:52.646,0.62829,0.62854,2.50,1.50
2010.12.10 08:45:55.434,0.62829,0.62854,1.70,1.70
2010.12.10 08:45:56.515,0.62828,0.62854,2.50,1.50
2010.12.10 08:45:57.363,0.62828,0.62854,3.20,1.50
2010.12.10 08:45:57.698,0.62828,0.62854,4.70,1.50
2010.12.10 08:45:58.744,0.62828,0.62854,4.70,1.50
2010.12.10 08:46:04.771,0.62828,0.62854,4.00,1.70
2010.12.10 08:46:06.305,0.62828,0.62853,2.30,1.50
2010.12.10 08:46:20.507,0.62828,0.62854,2.30,1.50
2010.12.10 08:46:22.326,0.62828,0.62854,2.30,1.70
2010.12.10 08:46:23.320,0.62828,0.62854,2.30,1.50
2010.12.10 08:46:24.317,0.62828,0.62854,2.30,1.60
2010.12.10 08:46:28.284,0.62828,0.62854,2.30,1.50
2010.12.10 08:46:28.949,0.62828,0.62854,2.30,1.70
2010.12.10 08:46:35.674,0.62828,0.62853,2.30,1.50
2010.12.10 08:46:50.995,0.62828,0.62853,2.30,1.60
2010.12.10 08:47:02.017,0.62828,0.62853,2.30,1.70
2010.12.10 08:47:02.547,0.62821,0.62852,2.50,2.50
2010.12.10 08:47:02.660,0.62818,0.62844,2.50,1.50
2010.12.10 08:47:07.944,0.62819,0.62844,2.50,1.50
2010.12.10 08:47:08.167,0.62823,0.62852,2.50,2.30
2010.12.10 08:47:09.585,0.62827,0.62859,2.30,2.50
2010.12.10 08:47:10.257,0.62829,0.62863,1.70,3.40
2010.12.10 08:47:10.364,0.62829,0.62854,1.70,1.50
2010.12.10 08:47:10.881,0.62829,0.62854,2.50,1.50
2010.12.10 08:47:11.810,0.62829,0.62854,2.50,1.50
2010.12.10 08:47:22.905,0.62829,0.62863,2.50,3.80
2010.12.10 08:47:24.055,0.62838,0.62864,4.70,1.50
2010.12.10 08:47:24.829,0.62842,0.62872,2.50,2.30
2010.12.10 08:47:29.419,0.62846,0.62872,1.50,3.20
2010.12.10 08:47:30.219,0.62838,0.62853,3.20,1.50
2010.12.10 08:47:30.547,0.62836,0.62861,1.70,1.50
2010.12.10 08:47:32.055,0.62837,0.62864,1.70,1.50
2010.12.10 08:47:33.056,0.62836,0.62863,1.50,2.30
2010.12.10 08:47:33.274,0.62831,0.62854,1.70,1.50
2010.12.10 08:47:40.275,0.6283,0.62863,1.70,3.90
2010.12.10 08:47:40.868,0.62837,0.62863,1.50,3.90
2010.12.10 08:47:42.085,0.62837,0.62863,1.50,3.90
2010.12.10 08:47:42.235,0.62837,0.62864,2.50,1.50
2010.12.10 08:47:42.456,0.62837,0.62864,3.20,1.50
2010.12.10 08:47:43.594,0.6284,0.62864,2.50,1.50
2010.12.10 08:47:45.602,0.62839,0.62864,1.50,1.50
2010.12.10 08:47:45.716,0.62836,0.62864,1.70,1.50
2010.12.10 08:47:47.264,0.62836,0.62862,1.50,2.30
2010.12.10 08:47:48.052,0.62838,0.62864,2.30,1.50
2010.12.10 08:47:48.826,0.62838,0.62863,3.20,1.50
2010.12.10 08:47:49.797,0.62838,0.62863,3.20,1.50
2010.12.10 08:47:55.679,0.62837,0.62863,1.50,2.50
2010.12.10 08:48:08.002,0.62838,0.62863,3.20,1.50
2010.12.10 08:48:08.941,0.62838,0.62863,2.30,1.70
2010.12.10 08:48:18.275,0.62838,0.62862,1.50,2.50
2010.12.10 08:48:18.385,0.6284,0.62862,1.50,2.50
2010.12.10 08:48:18.717,0.62836,0.62862,1.50,2.50
2010.12.10 08:48:22.477,0.62836,0.62862,1.50,3.20
2010.12.10 08:48:23.079,0.62831,0.62862,1.50,3.20
2010.12.10 08:48:23.199,0.62828,0.62853,3.20,1.50
2010.12.10 08:48:41.364,0.62827,0.62853,3.00,1.70
2010.12.10 08:48:44.086,0.62827,0.62852,1.50,2.30
2010.12.10 08:48:54.089,0.62826,0.62854,2.50,1.50
2010.12.10 08:48:54.879,0.62826,0.62854,1.50,1.70
2010.12.10 08:49:05.466,0.62826,0.62854,1.70,1.50
2010.12.10 08:49:06.160,0.62826,0.62854,1.70,1.50
2010.12.10 08:49:06.830,0.62826,0.62854,1.70,1.60
2010.12.10 08:49:09.125,0.62826,0.62854,4.00,1.60
2010.12.10 08:49:10.166,0.62828,0.62854,2.50,1.50
2010.12.10 08:49:14.865,0.62828,0.62853,2.50,1.50
2010.12.10 08:49:19.479,0.62828,0.62853,2.50,1.50
2010.12.10 08:49:26.216,0.62829,0.62853,1.70,1.50
2010.12.10 08:49:26.919,0.62828,0.62853,1.70,1.70
2010.12.10 08:49:27.839,0.62828,0.62853,2.50,1.60
2010.12.10 08:49:34.180,0.62833,0.62854,2.50,1.50
2010.12.10 08:49:34.299,0.62833,0.62863,1.50,3.20
2010.12.10 08:49:34.876,0.62833,0.62863,1.70,2.50
2010.12.10 08:49:34.991,0.62829,0.62853,2.50,1.50
2010.12.10 08:49:36.864,0.6283,0.62853,2.50,1.50
2010.12.10 08:49:48.327,0.6283,0.62853,1.50,4.70
2010.12.10 08:49:48.659,0.62826,0.62853,1.50,4.70
2010.12.10 08:49:48.775,0.62826,0.62853,1.50,4.70
2010.12.10 08:49:49.475,0.62817,0.62844,4.00,1.50
2010.12.10 08:49:50.197,0.62817,0.62853,4.00,4.70
2010.12.10 08:49:50.540,0.62817,0.62843,5.50,1.50
2010.12.10 08:49:52.971,0.62827,0.62853,4.00,1.50
2010.12.10 08:49:53.886,0.62827,0.62853,4.70,1.50
2010.12.10 08:49:55.966,0.62827,0.62853,3.80,2.50
2010.12.10 08:49:57.292,0.62827,0.62853,1.50,4.00
2010.12.10 08:49:59.033,0.62827,0.62853,1.50,4.90
2010.12.10 08:49:59.944,0.62827,0.62853,1.50,5.50
2010.12.10 08:50:00.648,0.62817,0.62853,6.20,5.50
2010.12.10 08:50:00.761,0.62817,0.62843,6.20,1.50
2010.12.10 08:50:04.109,0.62817,0.62843,5.50,1.50
2010.12.10 08:50:04.715,0.62827,0.62853,1.50,4.90
2010.12.10 08:50:05.418,0.62818,0.62844,1.70,1.50
2010.12.10 08:50:05.750,0.62826,0.62854,2.50,1.60
2010.12.10 08:50:05.874,0.62827,0.6286,4.70,1.60
2010.12.10 08:50:06.620,0.62836,0.62862,1.70,1.10
2010.12.10 08:50:06.736,0.6283,0.62854,2.50,1.50
2010.12.10 08:50:08.702,0.62829,0.62854,2.50,1.50
2010.12.10 08:50:11.569,0.62827,0.62854,4.70,1.50
2010.12.10 08:50:15.342,0.6283,0.62854,1.70,1.50
2010.12.10 08:50:17.356,0.62828,0.62854,2.50,1.50
2010.12.10 08:50:20.988,0.62828,0.62854,2.50,1.50
2010.12.10 08:50:21.216,0.62837,0.62863,3.20,1.70
2010.12.10 08:50:24.806,0.62837,0.62864,3.20,1.50
2010.12.10 08:50:26.407,0.62838,0.62864,2.50,1.50
2010.12.10 08:50:39.536,0.62837,0.62864,3.20,1.70
2010.12.10 08:50:45.808,0.62837,0.62863,4.70,1.50
2010.12.10 08:50:46.679,0.62839,0.62872,5.50,1.10
2010.12.10 08:50:47.506,0.62847,0.62873,2.30,1.70
2010.12.10 08:50:48.525,0.62847,0.62872,1.70,2.40
2010.12.10 08:50:49.561,0.62848,0.62873,3.20,1.60
2010.12.10 08:50:50.251,0.62847,0.62873,1.70,4.70
2010.12.10 08:50:58.045,0.62858,0.62883,2.30,4.00
2010.12.10 08:50:58.164,0.62847,0.62873,1.70,3.20
2010.12.10 08:50:58.279,0.62847,0.62873,2.50,2.30
2010.12.10 08:50:58.396,0.62847,0.62878,6.20,1.10
2010.12.10 08:50:58.692,0.62857,0.62878,1.50,1.10
2010.12.10 08:50:59.315,0.62857,0.62877,1.50,1.10
2010.12.10 08:51:01.410,0.62857,0.62876,1.50,1.80
2010.12.10 08:51:02.887,0.62847,0.62873,3.20,1.70
2010.12.10 08:51:03.602,0.62857,0.62878,1.50,2.00
2010.12.10 08:51:04.155,0.62847,0.62873,1.50,1.60
2010.12.10 08:51:04.264,0.62857,0.62878,1.50,4.10
2010.12.10 08:51:05.025,0.62857,0.62878,1.50,1.90
2010.12.10 08:51:08.357,0.62847,0.62873,1.50,1.80
2010.12.10 08:51:08.574,0.6284,0.62873,1.70,4.10
2010.12.10 08:51:08.795,0.62846,0.62873,1.50,2.60
2010.12.10 08:51:09.480,0.62846,0.62874,1.70,3.10
2010.12.10 08:51:09.831,0.62846,0.62874,1.70,1.70
2010.12.10 08:51:09.960,0.62846,0.62874,1.70,1.50
2010.12.10 08:51:10.814,0.62843,0.62872,1.50,2.60
2010.12.10 08:51:10.927,0.62838,0.62872,4.70,2.30
2010.12.10 08:51:11.673,0.62846,0.62872,1.50,2.60
2010.12.10 08:51:12.605,0.62846,0.62872,1.50,2.60
2010.12.10 08:51:13.356,0.62846,0.62872,1.50,2.60
2010.12.10 08:51:14.048,0.62846,0.62872,1.50,2.40
2010.12.10 08:51:14.981,0.62846,0.62872,1.50,2.50
2010.12.10 08:51:20.990,0.62846,0.62872,1.70,2.60
2010.12.10 08:51:22.116,0.62846,0.62872,2.50,2.80
2010.12.10 08:51:23.337,0.62846,0.6287,1.50,1.10
2010.12.10 08:51:24.746,0.62846,0.62872,1.70,2.80
2010.12.10 08:51:24.856,0.62846,0.62872,1.70,2.50
2010.12.10 08:51:26.372,0.62846,0.62872,1.70,2.60
2010.12.10 08:51:27.886,0.62847,0.62874,4.70,1.50
2010.12.10 08:51:28.677,0.62857,0.6288,1.50,1.30
2010.12.10 08:51:32.139,0.62847,0.62871,1.50,1.10
2010.12.10 08:51:35.415,0.62846,0.62872,1.50,1.30
2010.12.10 08:51:37.171,0.62846,0.62871,1.50,1.90
2010.12.10 08:51:38.175,0.62837,0.62864,3.20,1.50
2010.12.10 08:51:40.130,0.62836,0.62864,1.70,1.50
2010.12.10 08:51:40.246,0.62836,0.62864,1.50,1.70
2010.12.10 08:51:40.355,0.62833,0.62862,1.70,2.30
2010.12.10 08:51:40.575,0.6283,0.62853,2.50,1.50
2010.12.10 08:51:43.227,0.6283,0.62853,1.70,1.50
2010.12.10 08:51:44.059,0.62827,0.62853,1.50,1.70
2010.12.10 08:51:44.180,0.62823,0.62852,1.50,2.50
2010.12.10 08:51:44.297,0.62823,0.62844,1.50,1.50
2010.12.10 08:51:46.802,0.62828,0.62844,3.20,1.50
2010.12.10 08:51:46.915,0.62828,0.62854,3.20,1.60
2010.12.10 08:51:47.245,0.62826,0.62854,1.70,2.60
2010.12.10 08:51:48.173,0.62826,0.62854,1.70,1.50
2010.12.10 08:51:50.933,0.62826,0.62854,1.70,1.70
2010.12.10 08:51:51.044,0.62826,0.62854,1.70,1.50
2010.12.10 08:51:52.799,0.62826,0.62854,1.70,1.70
2010.12.10 08:51:52.960,0.62826,0.62854,1.70,1.50
2010.12.10 08:51:53.185,0.62826,0.62854,1.70,1.60
2010.12.10 08:51:53.295,0.62826,0.62854,1.70,1.50
2010.12.10 08:51:54.368,0.62821,0.62853,1.70,2.60
2010.12.10 08:51:54.696,0.62821,0.62843,1.70,1.50
2010.12.10 08:51:57.939,0.62821,0.62843,1.70,1.50
2010.12.10 08:52:05.664,0.62823,0.62843,2.50,1.50
2010.12.10 08:52:08.774,0.62822,0.62843,2.50,1.50
2010.12.10 08:52:09.444,0.62828,0.62853,3.20,1.70
2010.12.10 08:52:10.654,0.62828,0.62854,3.20,1.50
2010.12.10 08:52:12.937,0.62828,0.62854,3.20,1.50
2010.12.10 08:52:13.552,0.62828,0.62854,3.20,1.50
2010.12.10 08:52:54.505,0.62828,0.62854,3.20,1.70
2010.12.10 08:52:56.425,0.62828,0.62854,3.20,1.50
2010.12.10 08:52:56.658,0.62828,0.62854,3.20,1.70
2010.12.10 08:52:56.769,0.62828,0.62854,3.20,1.50
2010.12.10 08:52:57.306,0.62826,0.62854,2.50,1.70
2010.12.10 08:52:58.417,0.62826,0.62854,1.70,1.90
2010.12.10 08:52:58.529,0.62826,0.62854,1.70,1.70
2010.12.10 08:52:58.770,0.62826,0.62854,2.50,1.50
2010.12.10 08:52:59.391,0.62826,0.62854,1.70,1.70
2010.12.10 08:52:59.726,0.62826,0.62854,1.70,1.50
2010.12.10 08:53:01.228,0.62826,0.62854,1.70,1.60
2010.12.10 08:53:14.325,0.62827,0.62853,3.20,1.50
2010.12.10 08:53:16.297,0.62823,0.62854,2.50,1.50
2010.12.10 08:53:17.449,0.62826,0.62854,1.70,1.70
2010.12.10 08:53:18.307,0.62826,0.62854,1.70,2.00
2010.12.10 08:53:18.925,0.62826,0.62854,1.70,1.90
2010.12.10 08:53:19.346,0.62826,0.62854,1.70,4.10
2010.12.10 08:53:19.455,0.62826,0.62854,1.70,1.90
2010.12.10 08:53:20.385,0.62826,0.62854,1.70,4.30
2010.12.10 08:53:20.894,0.62826,0.62854,1.70,1.90
2010.12.10 08:53:21.567,0.62826,0.62854,1.70,1.80
2010.12.10 08:53:22.829,0.62826,0.62854,1.70,4.30
2010.12.10 08:53:23.160,0.62826,0.62854,1.70,1.90
2010.12.10 08:53:23.842,0.62826,0.62854,1.70,2.00
2010.12.10 08:53:25.424,0.6282,0.62844,2.50,1.50
2010.12.10 08:53:27.427,0.6282,0.62844,2.50,1.50
2010.12.10 08:53:29.806,0.62817,0.62844,2.50,1.50
2010.12.10 08:53:30.514,0.6282,0.62844,2.50,1.50
2010.12.10 08:53:30.845,0.6282,0.62844,1.70,1.70
2010.12.10 08:53:31.688,0.62816,0.62844,2.50,1.50
2010.12.10 08:53:32.442,0.62816,0.62844,1.70,1.50
2010.12.10 08:53:41.888,0.6282,0.62844,2.50,1.50
2010.12.10 08:53:42.875,0.6282,0.62844,2.50,1.50
2010.12.10 08:53:45.002,0.62819,0.62843,2.50,1.50
2010.12.10 08:53:57.530,0.62818,0.62843,4.70,1.50
2010.12.10 08:53:58.136,0.62817,0.62843,4.00,1.50
2010.12.10 08:53:59.420,0.62818,0.62843,2.50,1.50
2010.12.10 08:54:00.075,0.62818,0.62844,2.60,1.50
2010.12.10 08:54:02.895,0.62818,0.62844,2.60,1.50
2010.12.10 08:54:08.038,0.62824,0.62853,2.50,3.80
2010.12.10 08:54:08.476,0.62828,0.62854,2.50,1.50
2010.12.10 08:54:09.181,0.62828,0.62854,3.20,1.50
2010.12.10 08:54:09.295,0.62828,0.62854,3.20,1.50
2010.12.10 08:54:11.537,0.62828,0.62862,2.50,2.60
2010.12.10 08:54:11.653,0.62828,0.62853,2.50,1.50
2010.12.10 08:54:15.016,0.62828,0.62853,2.30,1.50
2010.12.10 08:54:29.498,0.62828,0.62854,2.30,1.50
2010.12.10 08:54:30.686,0.62828,0.62854,2.30,2.50
2010.12.10 08:54:30.796,0.62826,0.62852,1.50,2.50
2010.12.10 08:54:31.499,0.62826,0.62852,1.50,3.20
2010.12.10 08:54:31.618,0.62818,0.6285,2.40,1.70
2010.12.10 08:54:31.945,0.62827,0.6285,1.50,1.70
2010.12.10 08:54:33.027,0.62827,0.6285,1.50,1.90
2010.12.10 08:54:34.054,0.62827,0.62852,1.50,2.50
2010.12.10 08:54:37.600,0.62827,0.62852,1.50,3.20
2010.12.10 08:54:40.926,0.62827,0.62852,1.50,3.40
2010.12.10 08:54:42.149,0.62827,0.62852,1.50,3.40
2010.12.10 08:54:47.228,0.62827,0.62852,1.50,3.50
2010.12.10 08:54:50.492,0.62826,0.62852,1.50,3.40
2010.12.10 08:54:58.976,0.62826,0.62852,1.50,3.50
2010.12.10 08:54:59.536,0.62827,0.62852,1.50,3.50
2010.12.10 08:55:02.124,0.62827,0.62852,1.50,3.40
2010.12.10 08:55:02.738,0.62827,0.62852,1.50,3.20
2010.12.10 08:55:03.520,0.62827,0.62852,1.70,2.30
2010.12.10 08:55:04.076,0.62827,0.62852,1.50,2.50
2010.12.10 08:55:04.859,0.62827,0.62852,1.50,3.20
2010.12.10 08:55:06.837,0.62827,0.62852,1.50,4.70
2010.12.10 08:55:17.605,0.62827,0.62847,1.50,1.10
2010.12.10 08:55:17.746,0.62816,0.62842,1.50,3.20
2010.12.10 08:55:18.304,0.62806,0.62838,3.20,2.50
2010.12.10 08:55:18.526,0.62807,0.62838,3.20,1.50
2010.12.10 08:55:19.104,0.62809,0.62841,2.50,1.70
2010.12.10 08:55:19.217,0.62817,0.62843,1.50,6.40
2010.12.10 08:55:20.822,0.62817,0.62843,1.50,6.50
2010.12.10 08:55:20.940,0.62817,0.62843,1.50,4.00
2010.12.10 08:55:21.469,0.62817,0.62843,1.50,1.70
2010.12.10 08:55:22.455,0.62817,0.62843,1.50,1.60
2010.12.10 08:55:26.686,0.62809,0.62834,1.70,1.50
2010.12.10 08:55:28.345,0.62809,0.62842,1.70,2.50
2010.12.10 08:55:29.175,0.62809,0.62833,1.70,1.50
2010.12.10 08:55:33.016,0.62809,0.62833,2.50,1.50
2010.12.10 08:55:33.613,0.62817,0.62833,1.50,1.50
2010.12.10 08:55:33.729,0.62818,0.62843,2.50,1.50
2010.12.10 08:55:34.046,0.62818,0.62843,2.50,1.50
2010.12.10 08:55:34.270,0.6282,0.62843,1.70,1.50
2010.12.10 08:55:39.866,0.62818,0.62843,3.20,1.50
2010.12.10 08:55:40.767,0.62819,0.62843,2.50,1.50
2010.12.10 08:55:42.390,0.62827,0.62853,1.50,1.50
2010.12.10 08:55:42.996,0.62827,0.62853,1.50,1.60
2010.12.10 08:55:44.153,0.62827,0.62853,1.50,1.70
2010.12.10 08:55:45.735,0.62822,0.62843,1.70,1.50
2010.12.10 08:55:48.198,0.62822,0.62843,2.50,1.50
2010.12.10 08:55:48.924,0.62828,0.62853,2.50,1.50
2010.12.10 08:55:49.078,0.62828,0.62853,2.50,1.50
2010.12.10 08:55:49.944,0.62834,0.62853,1.70,1.50
2010.12.10 08:55:50.280,0.62834,0.62853,2.50,1.50
2010.12.10 08:55:51.268,0.62833,0.62853,2.50,1.50
2010.12.10 08:55:56.344,0.62832,0.62862,2.50,2.40
2010.12.10 08:55:56.459,0.62832,0.62853,2.50,1.50
2010.12.10 08:56:21.975,0.62829,0.62854,1.50,1.50
2010.12.10 08:56:22.616,0.62828,0.62854,3.20,1.50
2010.12.10 08:56:23.782,0.62834,0.62862,1.70,2.30
2010.12.10 08:56:23.896,0.62834,0.62853,1.70,1.50
2010.12.10 08:56:24.122,0.62828,0.62853,2.30,1.70
2010.12.10 08:56:24.630,0.62827,0.62853,1.50,1.70
2010.12.10 08:56:24.828,0.62826,0.62854,1.50,1.70
2010.12.10 08:56:25.889,0.62822,0.62853,1.70,1.50
2010.12.10 08:56:26.107,0.62826,0.62852,1.50,2.30
2010.12.10 08:56:26.902,0.62826,0.62854,1.50,1.50
2010.12.10 08:56:27.135,0.62826,0.62854,1.50,2.50
2010.12.10 08:56:28.416,0.62826,0.62854,1.50,1.70
2010.12.10 08:56:29.076,0.6282,0.62854,2.50,2.50
2010.12.10 08:56:29.188,0.62818,0.62852,4.70,4.00
2010.12.10 08:56:29.295,0.62827,0.62852,1.50,4.00
2010.12.10 08:56:29.625,0.62819,0.62844,2.50,1.50
2010.12.10 08:56:30.421,0.62819,0.62844,1.70,1.50
2010.12.10 08:56:31.079,0.62828,0.62844,2.30,1.50
2010.12.10 08:56:31.752,0.62828,0.62854,2.50,1.50
2010.12.10 08:56:31.871,0.62828,0.62854,4.00,1.70
2010.12.10 08:56:32.452,0.62828,0.62854,2.50,1.50
2010.12.10 08:56:33.199,0.62828,0.62854,2.30,1.70
2010.12.10 08:56:33.335,0.62814,0.62848,1.70,1.50
2010.12.10 08:56:33.447,0.62814,0.62848,1.50,1.70
2010.12.10 08:56:34.029,0.62817,0.62843,1.50,2.50
2010.12.10 08:56:34.365,0.62807,0.62833,1.50,1.50
2010.12.10 08:56:35.216,0.62807,0.62833,1.50,1.70
2010.12.10 08:56:35.436,0.62807,0.62839,1.50,2.50
2010.12.10 08:56:36.040,0.62806,0.62834,1.50,3.20
2010.12.10 08:56:40.597,0.62801,0.62833,1.50,1.50
2010.12.10 08:56:40.705,0.62806,0.62834,1.50,1.70
2010.12.10 08:56:43.196,0.62801,0.62824,2.50,1.50
2010.12.10 08:56:44.058,0.62807,0.62834,1.70,1.50
2010.12.10 08:56:51.366,0.62807,0.62834,1.50,1.50
2010.12.10 08:56:52.080,0.62806,0.62834,1.70,1.50
2010.12.10 08:56:57.898,0.62806,0.62834,3.00,1.50
2010.12.10 08:57:04.418,0.62806,0.62834,2.50,1.50
2010.12.10 08:57:04.538,0.62806,0.62834,1.70,1.50
2010.12.10 08:57:04.649,0.62811,0.62833,1.50,1.50
2010.12.10 08:57:05.241,0.62809,0.62834,1.70,1.50
2010.12.10 08:57:07.388,0.62807,0.62832,1.50,2.30
2010.12.10 08:57:09.478,0.62812,0.62843,1.50,2.60
2010.12.10 08:57:10.126,0.62816,0.62844,1.50,4.30
2010.12.10 08:57:10.359,0.62807,0.62833,1.70,1.50
2010.12.10 08:57:11.413,0.62807,0.62833,1.50,2.30
2010.12.10 08:57:11.635,0.62801,0.62833,1.50,3.80
2010.12.10 08:57:11.745,0.62806,0.62833,1.50,2.30
2010.12.10 08:57:15.804,0.62806,0.62833,1.70,2.40
2010.12.10 08:57:17.167,0.62806,0.62834,1.70,1.70
2010.12.10 08:57:17.806,0.62806,0.62834,1.70,1.50
2010.12.10 08:57:18.859,0.62806,0.62834,1.50,1.50
2010.12.10 08:57:18.971,0.62806,0.62834,1.50,1.70
2010.12.10 08:57:19.628,0.62806,0.62834,1.50,1.50
2010.12.10 08:57:23.518,0.62806,0.62834,2.50,1.50
2010.12.10 08:57:23.629,0.62808,0.62842,2.50,2.80
2010.12.10 08:57:23.956,0.62808,0.62834,2.50,1.50
2010.12.10 08:57:24.610,0.62811,0.62834,1.70,1.50
2010.12.10 08:57:27.487,0.62817,0.62843,1.50,1.60
2010.12.10 08:57:27.606,0.62817,0.62843,1.50,1.80
2010.12.10 08:57:28.278,0.62817,0.62843,2.50,1.80
2010.12.10 08:57:28.388,0.62818,0.62844,2.50,1.70
2010.12.10 08:57:40.445,0.62819,0.62853,1.70,1.80
2010.12.10 08:57:40.607,0.62819,0.62843,1.70,1.50
2010.12.10 08:57:41.745,0.62819,0.62843,1.50,1.50
2010.12.10 08:57:42.078,0.62817,0.6285,1.50,1.80
2010.12.10 08:57:42.187,0.62817,0.62846,1.50,1.50
2010.12.10 08:57:42.797,0.62817,0.62843,1.50,1.50
2010.12.10 08:57:43.506,0.62817,0.62843,1.50,1.60
2010.12.10 08:57:50.565,0.62813,0.62843,1.70,1.60
2010.12.10 08:57:50.806,0.62822,0.62843,1.50,1.50
2010.12.10 08:57:50.916,0.62822,0.62847,1.50,1.50
2010.12.10 08:57:51.437,0.62822,0.62849,1.50,1.70
2010.12.10 08:57:51.552,0.62827,0.62853,1.50,4.10
2010.12.10 08:57:53.419,0.62827,0.62858,2.50,2.00
2010.12.10 08:57:53.857,0.62828,0.62853,2.50,1.90
2010.12.10 08:57:56.246,0.62827,0.62853,1.70,1.70
2010.12.10 08:58:02.087,0.62827,0.62853,1.50,2.00
2010.12.10 08:58:06.619,0.62827,0.62853,1.50,4.80
2010.12.10 08:58:06.726,0.62827,0.62853,1.50,11.80
2010.12.10 08:58:07.098,0.62827,0.62853,1.50,4.90
2010.12.10 08:58:08.343,0.62827,0.62853,3.20,1.70
2010.12.10 08:58:09.035,0.62827,0.62853,4.00,1.50
2010.12.10 08:58:27.591,0.62822,0.62852,1.70,2.50
2010.12.10 08:58:27.815,0.62827,0.62852,1.50,2.50
2010.12.10 08:58:31.868,0.62827,0.62852,1.50,3.40
2010.12.10 08:58:37.355,0.62827,0.62851,1.50,1.10
2010.12.10 08:58:39.076,0.62827,0.62852,1.50,3.40
2010.12.10 08:58:40.248,0.62827,0.62852,1.50,3.40
2010.12.10 08:58:40.421,0.62817,0.62846,1.70,1.70
2010.12.10 08:58:41.083,0.62817,0.62843,1.70,1.50
2010.12.10 08:58:41.937,0.62817,0.62849,2.50,1.50
2010.12.10 08:58:42.060,0.62827,0.62853,4.00,1.60
2010.12.10 08:58:43.817,0.62827,0.62853,3.80,1.70
2010.12.10 08:58:46.211,0.62827,0.62859,2.50,1.10
2010.12.10 08:58:46.327,0.62827,0.62861,3.20,1.50
2010.12.10 08:58:46.442,0.62837,0.62864,2.50,1.70
2010.12.10 08:58:48.259,0.62837,0.62863,3.80,2.50
2010.12.10 08:58:48.368,0.62827,0.6286,3.20,2.50
2010.12.10 08:58:48.480,0.62829,0.6286,2.50,1.70
2010.12.10 08:58:49.745,0.62842,0.62873,2.50,4.90
2010.12.10 08:58:49.858,0.62847,0.62873,2.50,2.40
2010.12.10 08:58:50.518,0.62847,0.62873,3.80,1.10
2010.12.10 08:58:50.738,0.62838,0.62872,3.80,3.20
2010.12.10 08:58:51.362,0.62838,0.62864,2.30,1.50
2010.12.10 08:58:53.576,0.62836,0.62862,1.50,2.30
2010.12.10 08:58:54.368,0.62837,0.62864,2.30,1.50
2010.12.10 08:58:57.489,0.62837,0.62862,1.50,1.50
2010.12.10 08:59:02.955,0.62832,0.62863,1.50,2.30
2010.12.10 08:59:03.067,0.62835,0.62863,1.50,2.30
2010.12.10 08:59:03.983,0.62836,0.62863,1.50,2.40
2010.12.10 08:59:04.983,0.62836,0.62863,1.50,2.30
2010.12.10 08:59:05.856,0.62836,0.62863,1.50,2.30
2010.12.10 08:59:08.359,0.62836,0.62863,1.50,2.40
2010.12.10 08:59:10.765,0.62836,0.62863,1.50,2.30
2010.12.10 08:59:12.997,0.62836,0.62863,1.50,2.40
2010.12.10 08:59:13.707,0.62836,0.62863,1.50,2.40
2010.12.10 08:59:17.802,0.62836,0.62862,1.50,1.50
2010.12.10 08:59:18.136,0.62828,0.62853,1.50,1.50
2010.12.10 08:59:33.315,0.62827,0.62853,5.30,1.50
2010.12.10 08:59:36.370,0.62827,0.62854,3.90,1.50
2010.12.10 08:59:38.008,0.62829,0.62854,1.50,1.50
2010.12.10 08:59:38.118,0.62837,0.62863,1.50,3.80
2010.12.10 08:59:54.591,0.6284,0.62863,1.50,1.50
2010.12.10 08:59:58.020,0.62847,0.62873,1.50,3.80
2010.12.10 08:59:58.878,0.62852,0.62873,1.50,1.50
