2010.12.15 06:00:00.240,0.62758,0.62788,2.30,1.10
2010.12.15 06:00:00.396,0.62767,0.62792,1.50,3.30
2010.12.15 06:00:00.508,0.62758,0.62792,2.30,3.30
2010.12.15 06:00:00.897,0.62766,0.62792,1.50,3.30
2010.12.15 06:00:01.009,0.62766,0.6279,1.50,2.50
2010.12.15 06:00:09.887,0.62766,0.62782,1.50,2.30
2010.12.15 06:00:10.106,0.62757,0.62782,1.50,2.50
2010.12.15 06:00:12.829,0.62757,0.62782,1.50,2.30
2010.12.15 06:00:13.187,0.62757,0.62783,1.50,2.60
2010.12.15 06:00:15.137,0.62757,0.62783,1.50,1.70
2010.12.15 06:00:17.861,0.62747,0.62783,4.00,4.00
2010.12.15 06:00:18.097,0.62756,0.62783,1.50,2.50
2010.12.15 06:00:20.814,0.62767,0.62784,2.30,3.00
2010.12.15 06:00:20.936,0.62767,0.62798,2.30,1.90
2010.12.15 06:00:21.048,0.62767,0.62797,2.30,1.10
2010.12.15 06:00:21.269,0.62756,0.62793,1.50,3.20
2010.12.15 06:00:21.487,0.62756,0.62793,1.50,3.40
2010.12.15 06:00:21.705,0.62766,0.62793,1.50,3.40
2010.12.15 06:00:22.660,0.62766,0.62793,2.50,2.60
2010.12.15 06:00:22.995,0.62767,0.62797,1.50,2.50
2010.12.15 06:00:23.807,0.62766,0.62794,1.50,2.50
2010.12.15 06:00:24.370,0.62766,0.62794,1.50,1.70
2010.12.15 06:00:25.890,0.62768,0.628,2.30,2.30
2010.12.15 06:00:26.013,0.62766,0.62798,1.50,1.10
2010.12.15 06:00:26.566,0.62766,0.62793,1.50,3.20
2010.12.15 06:00:29.769,0.62766,0.62787,1.50,1.10
2010.12.15 06:00:29.876,0.62756,0.62784,1.50,1.70
2010.12.15 06:00:30.838,0.62767,0.62793,1.50,4.70
2010.12.15 06:00:34.586,0.62756,0.62792,1.50,3.20
2010.12.15 06:00:35.579,0.62757,0.62783,1.50,1.50
2010.12.15 06:00:38.347,0.62766,0.62794,1.50,2.50
2010.12.15 06:00:39.196,0.62766,0.62794,1.50,1.70
2010.12.15 06:00:40.729,0.62766,0.62794,1.50,1.50
2010.12.15 06:00:43.738,0.62766,0.62794,1.70,1.50
2010.12.15 06:00:43.847,0.62766,0.62794,1.50,1.70
2010.12.15 06:00:44.067,0.62758,0.62792,2.30,2.50
2010.12.15 06:00:44.177,0.62766,0.62794,1.50,1.70
2010.12.15 06:00:46.256,0.62766,0.62794,1.50,2.50
2010.12.15 06:00:46.855,0.62757,0.62793,2.30,3.20
2010.12.15 06:00:47.005,0.62757,0.62783,3.80,1.50
2010.12.15 06:00:48.470,0.62757,0.62783,4.80,1.50
2010.12.15 06:00:48.577,0.62757,0.62793,4.80,3.80
2010.12.15 06:00:48.797,0.62758,0.62793,2.30,2.50
2010.12.15 06:00:49.224,0.62758,0.62784,2.30,1.50
2010.12.15 06:00:52.381,0.62757,0.62794,3.20,1.70
2010.12.15 06:00:52.606,0.62757,0.62794,3.40,2.50
2010.12.15 06:00:52.977,0.62767,0.62793,1.50,2.50
2010.12.15 06:00:53.396,0.62767,0.62793,1.50,1.50
2010.12.15 06:00:56.960,0.62767,0.62793,1.50,3.20
2010.12.15 06:00:57.187,0.62766,0.62794,1.50,1.70
2010.12.15 06:00:58.059,0.62767,0.62793,1.50,1.70
2010.12.15 06:00:58.170,0.62767,0.62793,1.50,2.50
2010.12.15 06:00:58.386,0.62767,0.62793,1.50,1.70
2010.12.15 06:00:59.197,0.62766,0.62802,1.50,1.10
2010.12.15 06:00:59.757,0.62767,0.62793,1.50,1.70
2010.12.15 06:00:59.867,0.62767,0.62793,1.50,2.50
2010.12.15 06:01:01.047,0.62767,0.62793,1.50,1.70
2010.12.15 06:01:01.906,0.62767,0.62793,1.50,4.70
2010.12.15 06:01:02.647,0.62757,0.62783,4.00,1.50
2010.12.15 06:01:05.288,0.62758,0.62783,3.20,1.50
2010.12.15 06:01:05.506,0.62758,0.62794,3.20,1.70
2010.12.15 06:01:05.836,0.62767,0.62793,1.50,1.70
2010.12.15 06:01:09.027,0.62767,0.62793,1.50,2.10
2010.12.15 06:01:09.621,0.62757,0.62783,3.20,2.30
2010.12.15 06:01:09.978,0.62767,0.62783,2.50,1.50
2010.12.15 06:01:10.086,0.62767,0.62794,2.50,1.50
2010.12.15 06:01:10.615,0.62767,0.62803,2.50,3.20
2010.12.15 06:01:10.729,0.62767,0.62794,3.20,1.50
2010.12.15 06:01:10.838,0.62767,0.62803,4.00,4.70
2010.12.15 06:01:11.057,0.62767,0.62793,4.00,1.50
2010.12.15 06:01:11.589,0.62767,0.62793,1.80,1.50
2010.12.15 06:01:14.157,0.62767,0.62793,1.70,1.50
2010.12.15 06:01:15.368,0.62767,0.62793,1.50,1.70
2010.12.15 06:01:15.538,0.62758,0.62793,1.10,1.70
2010.12.15 06:01:15.796,0.62766,0.62794,1.50,1.70
2010.12.15 06:01:19.569,0.62768,0.62802,2.50,3.20
2010.12.15 06:01:20.300,0.62768,0.62794,2.50,1.50
2010.12.15 06:01:20.847,0.62768,0.62794,3.20,1.50
2010.12.15 06:01:22.265,0.62766,0.62794,1.70,1.70
2010.12.15 06:01:27.259,0.62766,0.62794,1.50,1.70
2010.12.15 06:01:30.927,0.62767,0.62794,2.50,1.50
2010.12.15 06:01:31.147,0.62767,0.62794,3.20,1.50
2010.12.15 06:01:31.257,0.62768,0.62804,2.30,2.50
2010.12.15 06:01:31.588,0.62777,0.62803,1.50,4.00
2010.12.15 06:01:32.045,0.62777,0.62803,1.50,4.70
2010.12.15 06:01:39.256,0.62777,0.62803,1.50,4.70
2010.12.15 06:01:39.757,0.62767,0.62794,2.50,1.50
2010.12.15 06:01:40.277,0.62777,0.62803,1.50,4.70
2010.12.15 06:01:40.387,0.62767,0.62793,4.00,1.50
2010.12.15 06:01:50.260,0.62767,0.62803,5.10,4.00
2010.12.15 06:01:50.618,0.62777,0.62803,1.50,1.70
2010.12.15 06:01:51.899,0.62777,0.62803,1.50,2.90
2010.12.15 06:01:52.487,0.62768,0.62794,2.50,1.50
2010.12.15 06:01:55.908,0.62768,0.62794,3.20,1.50
2010.12.15 06:02:00.401,0.62768,0.62794,3.20,1.50
2010.12.15 06:02:04.084,0.62768,0.62794,2.50,1.70
2010.12.15 06:02:04.882,0.62768,0.62794,2.30,1.70
2010.12.15 06:02:05.847,0.62768,0.62794,2.30,2.50
2010.12.15 06:02:07.789,0.62768,0.62792,2.30,2.30
2010.12.15 06:02:07.904,0.62767,0.62794,2.50,1.70
2010.12.15 06:02:09.509,0.62767,0.62794,3.20,1.50
2010.12.15 06:02:09.626,0.62767,0.62803,4.70,4.90
2010.12.15 06:02:09.847,0.62767,0.62794,3.20,1.50
2010.12.15 06:02:11.441,0.62767,0.62794,3.20,1.50
2010.12.15 06:02:12.136,0.62768,0.62792,3.20,2.30
2010.12.15 06:02:12.278,0.62768,0.62792,2.50,2.30
2010.12.15 06:02:13.730,0.62768,0.62792,3.20,2.50
2010.12.15 06:02:25.208,0.62767,0.62794,3.20,1.70
2010.12.15 06:02:25.886,0.62767,0.62793,2.50,2.50
2010.12.15 06:02:27.038,0.62767,0.62793,2.50,3.20
2010.12.15 06:02:40.757,0.62767,0.62793,3.20,2.30
2010.12.15 06:02:41.316,0.62768,0.62794,3.20,1.50
2010.12.15 06:02:41.564,0.62768,0.62794,3.20,1.50
2010.12.15 06:02:49.567,0.6277,0.62794,1.40,1.50
2010.12.15 06:02:49.786,0.62778,0.62802,2.30,2.50
2010.12.15 06:02:50.556,0.62778,0.62802,2.30,3.20
2010.12.15 06:02:51.965,0.62778,0.62802,2.30,2.50
2010.12.15 06:03:31.195,0.62778,0.62792,2.30,1.40
2010.12.15 06:03:31.309,0.62773,0.62792,1.50,1.40
2010.12.15 06:03:31.735,0.62767,0.62793,2.30,3.20
2010.12.15 06:03:32.111,0.62767,0.62793,3.80,4.70
2010.12.15 06:03:35.838,0.62767,0.62791,2.30,1.40
2010.12.15 06:03:36.797,0.62747,0.62773,4.00,4.70
2010.12.15 06:03:37.373,0.62747,0.62773,3.80,4.00
2010.12.15 06:03:37.498,0.62747,0.62773,1.50,4.70
2010.12.15 06:03:38.063,0.62747,0.62773,1.50,4.70
2010.12.15 06:03:42.360,0.62746,0.62773,2.50,2.30
2010.12.15 06:03:42.687,0.62748,0.62772,2.30,2.50
2010.12.15 06:03:43.418,0.62747,0.62773,1.50,4.70
2010.12.15 06:03:46.700,0.62747,0.62773,1.50,1.70
2010.12.15 06:03:49.613,0.62747,0.62773,1.50,4.00
2010.12.15 06:03:50.488,0.62747,0.62773,1.50,1.50
2010.12.15 06:03:54.029,0.62747,0.62773,1.50,4.00
2010.12.15 06:03:55.248,0.62747,0.62773,1.50,3.80
2010.12.15 06:03:55.821,0.62747,0.62773,1.50,4.00
2010.12.15 06:03:56.939,0.62747,0.62773,1.50,4.70
2010.12.15 06:03:59.002,0.62747,0.62773,1.50,4.00
2010.12.15 06:03:59.969,0.62747,0.62772,1.50,2.60
2010.12.15 06:04:00.079,0.62736,0.62764,1.50,1.50
2010.12.15 06:04:00.298,0.62736,0.62764,1.70,1.50
2010.12.15 06:04:00.924,0.62738,0.62773,3.20,1.50
2010.12.15 06:04:01.071,0.62746,0.62774,1.50,1.50
2010.12.15 06:04:06.310,0.62746,0.62773,1.50,2.50
2010.12.15 06:04:12.235,0.62737,0.62772,1.50,3.20
2010.12.15 06:04:12.532,0.62737,0.62772,1.50,3.20
2010.12.15 06:04:12.942,0.62746,0.62772,1.50,3.20
2010.12.15 06:04:13.166,0.62746,0.62772,1.50,3.20
2010.12.15 06:04:13.551,0.62737,0.62763,1.50,1.50
2010.12.15 06:04:13.700,0.62724,0.62752,2.30,2.50
2010.12.15 06:04:13.811,0.62718,0.62752,2.50,2.50
2010.12.15 06:04:14.284,0.62727,0.62753,1.50,1.70
2010.12.15 06:04:19.248,0.62727,0.62753,1.50,2.50
2010.12.15 06:04:19.698,0.62717,0.62746,2.30,1.40
2010.12.15 06:04:19.815,0.62708,0.62743,3.20,1.70
2010.12.15 06:04:20.039,0.62717,0.62743,2.30,1.50
2010.12.15 06:04:20.576,0.62707,0.62743,7.00,1.50
2010.12.15 06:04:21.279,0.62707,0.62734,5.50,1.50
2010.12.15 06:04:21.968,0.62717,0.62743,1.50,1.50
2010.12.15 06:04:22.300,0.62717,0.62743,1.50,2.50
2010.12.15 06:04:24.631,0.62717,0.62743,1.50,2.50
2010.12.15 06:04:26.821,0.62717,0.62743,1.50,2.50
2010.12.15 06:04:27.376,0.62717,0.62743,1.50,2.50
2010.12.15 06:04:27.596,0.62706,0.62734,1.70,1.50
2010.12.15 06:04:28.397,0.62707,0.62734,2.60,1.50
2010.12.15 06:04:30.721,0.62707,0.62734,2.50,1.50
2010.12.15 06:04:33.466,0.62707,0.62733,2.30,1.40
2010.12.15 06:04:33.588,0.62698,0.62732,2.60,3.20
2010.12.15 06:04:34.090,0.62698,0.62724,2.60,1.50
2010.12.15 06:04:34.416,0.62698,0.62724,1.10,1.50
2010.12.15 06:04:35.301,0.62698,0.62724,1.10,1.50
2010.12.15 06:04:35.868,0.62707,0.62733,2.30,4.00
2010.12.15 06:04:35.983,0.62707,0.62733,5.10,1.50
2010.12.15 06:04:36.815,0.62708,0.62733,3.20,1.50
2010.12.15 06:04:36.976,0.62708,0.62742,3.20,3.20
2010.12.15 06:04:37.417,0.62708,0.62733,3.20,1.50
2010.12.15 06:04:38.517,0.62707,0.62733,4.70,4.00
2010.12.15 06:04:38.887,0.62707,0.62733,5.10,4.00
2010.12.15 06:04:39.410,0.62717,0.62744,3.20,1.50
2010.12.15 06:04:39.548,0.62717,0.62743,1.70,1.50
2010.12.15 06:04:41.604,0.62727,0.62754,2.30,1.50
2010.12.15 06:04:41.879,0.62727,0.62753,4.70,1.50
2010.12.15 06:04:49.832,0.62727,0.62753,4.90,1.50
2010.12.15 06:04:49.948,0.62727,0.62753,4.90,1.50
2010.12.15 06:04:50.388,0.62727,0.62753,4.90,1.50
2010.12.15 06:04:50.819,0.62727,0.62753,4.90,1.50
2010.12.15 06:04:53.678,0.62733,0.62753,1.10,1.50
2010.12.15 06:04:54.175,0.62737,0.62763,2.50,2.50
2010.12.15 06:04:59.269,0.62738,0.62764,3.60,1.50
2010.12.15 06:04:59.487,0.6274,0.62772,1.40,2.50
2010.12.15 06:05:00.056,0.62746,0.62772,1.50,2.50
2010.12.15 06:05:00.978,0.62746,0.62772,1.50,3.20
2010.12.15 06:05:01.096,0.62738,0.62764,3.30,1.50
2010.12.15 06:05:01.762,0.62737,0.62763,2.30,2.30
2010.12.15 06:05:02.149,0.62737,0.62763,4.90,3.80
2010.12.15 06:05:02.571,0.62742,0.62763,1.50,1.50
2010.12.15 06:05:02.707,0.62747,0.62774,2.30,2.50
2010.12.15 06:05:02.819,0.62747,0.62774,2.50,1.50
2010.12.15 06:05:04.022,0.62747,0.62774,2.30,2.50
2010.12.15 06:05:04.387,0.62747,0.62774,2.50,1.50
2010.12.15 06:05:05.517,0.62738,0.62763,2.30,3.60
2010.12.15 06:05:06.005,0.62738,0.62753,2.30,3.20
2010.12.15 06:05:06.128,0.62717,0.62753,4.70,4.70
2010.12.15 06:05:06.643,0.62717,0.62743,4.70,1.50
2010.12.15 06:05:06.760,0.62717,0.62753,3.20,3.20
2010.12.15 06:05:07.781,0.62717,0.62753,3.40,3.20
2010.12.15 06:05:08.597,0.62727,0.62753,1.50,4.70
2010.12.15 06:05:09.359,0.62728,0.62752,2.30,3.20
2010.12.15 06:05:09.471,0.62728,0.62752,3.20,2.50
2010.12.15 06:05:09.588,0.62723,0.62752,1.10,3.20
2010.12.15 06:05:10.197,0.62728,0.62752,2.50,3.20
2010.12.15 06:05:11.620,0.62728,0.62752,3.20,2.30
2010.12.15 06:05:12.058,0.62728,0.62752,3.20,2.30
2010.12.15 06:05:12.988,0.62728,0.62752,3.20,2.30
2010.12.15 06:05:13.098,0.62728,0.62752,2.50,3.20
2010.12.15 06:05:13.531,0.62727,0.62763,4.70,4.70
2010.12.15 06:05:16.197,0.62727,0.62753,2.50,3.20
2010.12.15 06:05:17.237,0.62727,0.62752,2.30,1.40
2010.12.15 06:05:17.456,0.62717,0.62743,4.80,3.20
2010.12.15 06:05:19.835,0.62721,0.62744,1.40,1.50
2010.12.15 06:05:19.948,0.62721,0.62753,1.40,2.50
2010.12.15 06:05:21.097,0.62727,0.62753,2.50,2.50
2010.12.15 06:05:23.588,0.62727,0.62752,1.50,2.50
2010.12.15 06:05:24.282,0.62727,0.62753,1.50,2.50
2010.12.15 06:05:24.509,0.62727,0.62752,1.50,1.40
2010.12.15 06:05:24.915,0.62717,0.62752,1.10,1.40
2010.12.15 06:05:25.032,0.62727,0.62753,1.50,2.50
2010.12.15 06:05:26.368,0.62727,0.62753,1.50,2.50
2010.12.15 06:05:27.583,0.62727,0.62753,1.50,2.50
2010.12.15 06:05:28.142,0.62727,0.62753,1.50,2.50
2010.12.15 06:05:28.259,0.62727,0.62753,2.50,2.50
2010.12.15 06:05:28.742,0.62726,0.62754,1.50,2.50
2010.12.15 06:05:30.688,0.62726,0.62754,1.50,2.50
2010.12.15 06:05:32.723,0.62726,0.62753,1.50,4.70
2010.12.15 06:05:33.799,0.62728,0.62754,3.20,1.70
2010.12.15 06:05:33.915,0.62728,0.62754,3.20,1.50
2010.12.15 06:05:34.143,0.62728,0.62762,3.20,3.20
2010.12.15 06:05:34.601,0.62737,0.62762,1.70,2.30
2010.12.15 06:05:35.156,0.62737,0.62763,4.00,1.50
2010.12.15 06:05:38.146,0.62737,0.62762,1.50,3.20
2010.12.15 06:05:38.942,0.62737,0.62762,1.50,3.20
2010.12.15 06:05:39.911,0.62737,0.62762,1.50,3.20
2010.12.15 06:05:40.546,0.62728,0.62753,2.30,1.50
2010.12.15 06:05:42.231,0.62728,0.62753,2.50,1.50
2010.12.15 06:05:44.687,0.62736,0.62762,1.50,3.20
2010.12.15 06:05:44.802,0.62728,0.62753,2.50,1.50
2010.12.15 06:05:46.008,0.62728,0.62762,2.60,3.20
2010.12.15 06:05:46.117,0.62729,0.62762,2.50,2.50
2010.12.15 06:05:46.447,0.62737,0.62762,1.50,3.20
2010.12.15 06:05:48.058,0.62737,0.62762,1.50,3.20
2010.12.15 06:05:48.931,0.62737,0.62762,1.90,3.20
2010.12.15 06:05:49.266,0.62746,0.62779,2.50,1.70
2010.12.15 06:05:49.379,0.62746,0.62773,1.50,2.50
2010.12.15 06:05:49.488,0.62738,0.62772,2.50,3.20
2010.12.15 06:05:49.891,0.62738,0.62773,2.60,3.80
2010.12.15 06:05:50.025,0.62747,0.62773,3.20,1.50
2010.12.15 06:05:50.139,0.62737,0.62773,6.60,1.70
2010.12.15 06:05:50.771,0.62738,0.62773,2.60,1.50
2010.12.15 06:05:50.893,0.62738,0.62773,2.60,1.50
2010.12.15 06:05:51.253,0.62738,0.62773,2.60,1.50
2010.12.15 06:05:51.770,0.62741,0.62773,1.40,1.50
2010.12.15 06:05:51.924,0.62747,0.62783,2.60,4.70
2010.12.15 06:05:52.758,0.62747,0.62783,2.60,4.70
2010.12.15 06:05:53.108,0.62747,0.62774,2.50,2.50
2010.12.15 06:05:54.966,0.62747,0.62774,2.30,2.50
2010.12.15 06:05:55.298,0.62752,0.62773,1.50,3.20
2010.12.15 06:05:55.408,0.62746,0.62773,1.50,3.20
2010.12.15 06:05:55.754,0.62746,0.62773,1.50,3.20
2010.12.15 06:05:55.889,0.62737,0.62763,4.70,4.70
2010.12.15 06:05:58.900,0.62737,0.62763,4.80,4.70
2010.12.15 06:06:01.690,0.62737,0.62763,4.90,3.80
2010.12.15 06:06:02.189,0.62748,0.62772,2.30,3.20
2010.12.15 06:06:07.012,0.62748,0.62772,3.20,2.30
2010.12.15 06:06:07.132,0.62757,0.62783,2.50,3.00
2010.12.15 06:06:07.249,0.62758,0.62784,2.50,1.50
2010.12.15 06:06:07.360,0.62758,0.62784,2.50,2.50
2010.12.15 06:06:09.156,0.62756,0.62782,1.50,3.20
2010.12.15 06:06:09.868,0.62756,0.62773,1.50,3.20
2010.12.15 06:06:09.995,0.62747,0.62773,3.20,3.20
2010.12.15 06:06:11.553,0.62746,0.62773,1.50,3.20
2010.12.15 06:06:11.724,0.62736,0.62763,1.50,3.20
2010.12.15 06:06:11.839,0.62736,0.62763,1.50,3.20
2010.12.15 06:06:12.357,0.62737,0.62763,1.50,4.70
2010.12.15 06:06:12.582,0.62737,0.62763,1.70,4.70
2010.12.15 06:06:17.932,0.62728,0.62763,1.10,6.20
2010.12.15 06:06:18.271,0.62728,0.62752,3.20,2.30
2010.12.15 06:06:18.797,0.62728,0.62753,3.20,1.70
2010.12.15 06:06:20.330,0.62728,0.62753,2.50,1.70
2010.12.15 06:06:21.396,0.62728,0.62752,2.50,2.50
2010.12.15 06:06:24.997,0.62727,0.62752,1.50,3.20
2010.12.15 06:06:25.133,0.62718,0.62752,2.50,3.20
2010.12.15 06:06:26.004,0.62718,0.62744,2.50,1.50
2010.12.15 06:06:34.539,0.62728,0.62752,2.50,2.50
2010.12.15 06:06:38.232,0.62726,0.62752,1.50,4.70
2010.12.15 06:06:38.628,0.62726,0.62752,1.50,4.70
2010.12.15 06:06:39.041,0.62718,0.62744,3.20,1.50
2010.12.15 06:06:40.170,0.62727,0.62752,1.50,3.40
2010.12.15 06:06:40.750,0.62727,0.62752,1.50,3.20
2010.12.15 06:06:42.019,0.62727,0.62753,3.20,4.00
2010.12.15 06:06:42.460,0.6272,0.62753,2.50,4.70
2010.12.15 06:06:43.176,0.62726,0.62752,1.50,1.10
2010.12.15 06:06:46.007,0.6272,0.62753,2.50,4.70
2010.12.15 06:06:46.602,0.62728,0.62753,3.20,1.50
2010.12.15 06:06:47.125,0.62736,0.62762,1.50,3.20
2010.12.15 06:06:47.595,0.62736,0.62762,1.70,3.20
2010.12.15 06:06:49.002,0.62736,0.62762,1.70,2.60
2010.12.15 06:06:50.791,0.62736,0.62762,1.50,3.40
2010.12.15 06:06:51.270,0.62728,0.62753,4.70,1.50
2010.12.15 06:06:54.060,0.62728,0.62753,4.70,1.50
2010.12.15 06:06:54.720,0.62727,0.62753,2.30,2.50
2010.12.15 06:06:56.367,0.62727,0.62753,3.80,4.70
2010.12.15 06:06:56.771,0.62727,0.62753,1.50,4.70
2010.12.15 06:06:58.480,0.62727,0.62753,1.50,4.90
2010.12.15 06:06:58.968,0.62727,0.62753,3.80,4.00
2010.12.15 06:07:03.669,0.62728,0.62753,3.20,1.50
2010.12.15 06:07:04.212,0.62728,0.62762,3.20,3.20
2010.12.15 06:07:04.867,0.62728,0.62752,2.30,2.50
2010.12.15 06:07:05.200,0.62728,0.62752,2.30,3.20
2010.12.15 06:07:05.309,0.62726,0.62752,1.50,3.20
2010.12.15 06:07:05.928,0.62718,0.62752,2.50,4.70
2010.12.15 06:07:06.258,0.62718,0.62743,3.20,1.50
2010.12.15 06:07:06.738,0.62718,0.62743,2.50,1.50
2010.12.15 06:07:06.847,0.62726,0.62752,1.50,4.70
2010.12.15 06:07:08.138,0.62718,0.62752,2.50,4.70
2010.12.15 06:07:08.297,0.62727,0.62753,2.50,3.20
2010.12.15 06:07:08.843,0.62718,0.62753,1.10,3.20
2010.12.15 06:07:09.193,0.62727,0.62753,1.50,4.70
2010.12.15 06:07:09.308,0.62717,0.62753,6.20,4.70
2010.12.15 06:07:09.417,0.62719,0.62742,1.70,2.30
2010.12.15 06:07:11.305,0.62719,0.62742,2.50,2.50
2010.12.15 06:07:13.148,0.62728,0.62752,3.20,3.20
2010.12.15 06:07:13.367,0.62728,0.62752,2.30,2.50
2010.12.15 06:07:15.728,0.62728,0.62752,2.30,3.20
2010.12.15 06:07:15.838,0.62719,0.62752,1.70,3.20
2010.12.15 06:07:15.948,0.6272,0.62752,2.50,3.20
2010.12.15 06:07:16.391,0.62728,0.62754,3.20,1.50
2010.12.15 06:07:17.257,0.62728,0.62752,2.30,2.30
2010.12.15 06:07:20.317,0.62728,0.62752,2.30,2.50
2010.12.15 06:07:22.710,0.62728,0.62752,2.30,3.20
2010.12.15 06:07:22.817,0.62726,0.62752,1.50,3.20
2010.12.15 06:07:23.445,0.62726,0.62752,1.50,4.80
2010.12.15 06:07:24.264,0.62718,0.62743,2.50,1.70
2010.12.15 06:07:27.768,0.62719,0.62743,2.50,1.50
2010.12.15 06:07:28.529,0.62727,0.62752,1.50,3.30
2010.12.15 06:07:29.167,0.62718,0.62743,2.50,1.70
2010.12.15 06:07:29.501,0.62717,0.62742,1.50,3.20
2010.12.15 06:07:29.921,0.62708,0.62742,3.20,3.20
2010.12.15 06:07:30.548,0.62708,0.62733,3.20,1.50
2010.12.15 06:07:30.807,0.62708,0.62733,3.20,1.50
2010.12.15 06:07:31.852,0.62708,0.62733,3.20,1.50
2010.12.15 06:07:32.972,0.62708,0.62733,3.40,1.50
2010.12.15 06:07:33.455,0.62717,0.62743,3.20,4.70
2010.12.15 06:07:35.000,0.62717,0.62743,3.20,4.70
2010.12.15 06:07:35.677,0.62717,0.62743,3.20,4.70
2010.12.15 06:07:38.767,0.62717,0.62744,2.50,2.50
2010.12.15 06:07:39.251,0.62718,0.62744,3.20,1.70
2010.12.15 06:07:39.368,0.62717,0.62743,2.30,3.20
2010.12.15 06:07:39.698,0.62716,0.62737,1.50,2.50
2010.12.15 06:07:39.810,0.62707,0.62733,4.00,2.50
2010.12.15 06:07:40.906,0.62707,0.62733,4.00,4.70
2010.12.15 06:07:42.040,0.62707,0.62733,4.70,3.80
2010.12.15 06:07:42.549,0.62708,0.62733,3.20,1.50
2010.12.15 06:07:42.954,0.62708,0.62733,3.20,1.50
2010.12.15 06:07:43.390,0.62718,0.62743,3.20,1.50
2010.12.15 06:07:43.607,0.62726,0.62752,1.50,3.30
2010.12.15 06:07:45.021,0.62726,0.62752,1.50,3.20
2010.12.15 06:07:45.152,0.62717,0.62743,3.20,4.70
2010.12.15 06:07:45.271,0.62708,0.62736,3.20,1.70
2010.12.15 06:07:45.711,0.62717,0.62734,2.30,1.50
2010.12.15 06:07:45.831,0.62717,0.62742,3.20,1.10
2010.12.15 06:07:46.472,0.62717,0.62742,2.50,1.10
2010.12.15 06:07:47.527,0.62707,0.62736,4.70,2.50
2010.12.15 06:07:47.857,0.62718,0.62742,2.50,3.20
2010.12.15 06:07:49.256,0.62718,0.62742,2.30,3.20
2010.12.15 06:07:49.368,0.62707,0.62736,4.70,2.50
2010.12.15 06:07:49.479,0.62707,0.62736,4.70,1.50
2010.12.15 06:07:49.851,0.62707,0.62743,4.70,4.80
2010.12.15 06:07:50.779,0.62717,0.62743,2.50,3.20
2010.12.15 06:07:51.418,0.62707,0.62736,3.20,2.50
2010.12.15 06:07:51.818,0.62718,0.62742,3.20,2.50
2010.12.15 06:07:59.138,0.62718,0.62743,3.20,1.50
2010.12.15 06:07:59.672,0.62718,0.62743,3.20,1.50
2010.12.15 06:07:59.799,0.62718,0.62752,3.20,2.50
2010.12.15 06:08:00.894,0.62728,0.62752,3.20,2.50
2010.12.15 06:08:01.779,0.62728,0.62752,2.30,3.20
2010.12.15 06:08:03.269,0.62728,0.62752,2.30,3.20
2010.12.15 06:08:03.736,0.62726,0.62752,1.70,3.20
2010.12.15 06:08:03.855,0.62728,0.62752,2.30,3.20
2010.12.15 06:08:04.252,0.62728,0.62748,2.30,1.40
2010.12.15 06:08:04.370,0.62726,0.62742,1.50,3.20
2010.12.15 06:08:04.744,0.62726,0.62742,1.70,2.30
2010.12.15 06:08:04.875,0.62727,0.62753,2.30,3.20
2010.12.15 06:08:04.999,0.62728,0.62753,3.20,1.50
2010.12.15 06:08:05.510,0.62728,0.62753,3.60,1.50
2010.12.15 06:08:05.662,0.62738,0.62762,3.20,3.20
2010.12.15 06:08:06.859,0.62738,0.62762,2.70,3.20
2010.12.15 06:08:07.297,0.62738,0.62761,3.20,2.10
2010.12.15 06:08:07.409,0.62738,0.62762,3.60,3.20
2010.12.15 06:08:08.929,0.62738,0.62762,2.70,3.20
2010.12.15 06:08:09.653,0.62736,0.62761,1.70,1.40
2010.12.15 06:08:09.991,0.62736,0.62755,1.50,1.40
2010.12.15 06:08:10.591,0.62727,0.62753,2.50,3.80
2010.12.15 06:08:11.380,0.62727,0.62753,2.50,4.00
2010.12.15 06:08:12.151,0.62727,0.62753,1.70,3.80
2010.12.15 06:08:12.487,0.62727,0.62753,3.80,4.70
2010.12.15 06:08:13.239,0.62727,0.62746,1.50,1.40
2010.12.15 06:08:14.304,0.62727,0.62742,1.50,2.90
2010.12.15 06:08:14.450,0.62718,0.62742,2.30,2.90
2010.12.15 06:08:15.377,0.62718,0.62742,2.50,3.70
2010.12.15 06:08:17.035,0.62717,0.62738,1.50,1.40
2010.12.15 06:08:17.257,0.62717,0.6274,1.50,1.40
2010.12.15 06:08:17.943,0.62709,0.62734,1.40,1.50
2010.12.15 06:08:18.696,0.62709,0.62732,1.40,2.30
2010.12.15 06:08:18.854,0.62707,0.62732,2.50,2.50
2010.12.15 06:08:19.989,0.62707,0.62732,2.10,2.30
2010.12.15 06:08:20.210,0.62713,0.62743,1.40,5.10
2010.12.15 06:08:20.653,0.62709,0.6274,1.40,1.40
2010.12.15 06:08:21.170,0.62709,0.62733,1.40,1.50
2010.12.15 06:08:23.388,0.62719,0.62743,1.40,1.50
2010.12.15 06:08:24.190,0.62719,0.62744,1.40,1.50
2010.12.15 06:08:24.894,0.62717,0.62744,3.20,1.90
2010.12.15 06:08:25.010,0.62717,0.62743,1.70,3.60
2010.12.15 06:08:25.506,0.62718,0.62752,1.40,6.30
2010.12.15 06:08:25.619,0.62717,0.62749,3.80,2.60
2010.12.15 06:08:26.214,0.62721,0.62752,1.40,2.70
2010.12.15 06:08:26.329,0.62722,0.62751,1.40,1.40
2010.12.15 06:08:27.227,0.62718,0.62744,2.50,1.40
2010.12.15 06:08:27.559,0.62719,0.62747,1.40,1.40
2010.12.15 06:08:27.781,0.62716,0.62743,2.50,2.90
2010.12.15 06:08:28.141,0.62708,0.62735,1.40,2.50
2010.12.15 06:08:28.475,0.62714,0.62743,1.40,5.10
2010.12.15 06:08:30.627,0.62716,0.62741,1.50,1.40
2010.12.15 06:08:31.181,0.62716,0.62733,1.50,2.30
2010.12.15 06:08:31.295,0.62718,0.62743,3.60,1.50
2010.12.15 06:08:31.706,0.62718,0.62743,3.60,1.50
2010.12.15 06:08:31.844,0.6271,0.62732,1.40,2.30
2010.12.15 06:08:31.959,0.6271,0.62734,1.40,1.50
2010.12.15 06:08:32.488,0.6271,0.62733,1.40,1.50
2010.12.15 06:08:40.011,0.6271,0.62733,1.40,1.50
2010.12.15 06:08:40.172,0.62718,0.62742,2.50,2.70
2010.12.15 06:08:40.291,0.62717,0.62742,1.50,3.80
2010.12.15 06:08:40.821,0.62717,0.62741,1.50,1.40
2010.12.15 06:08:43.969,0.62717,0.62742,2.50,2.70
2010.12.15 06:08:44.078,0.62717,0.62743,4.70,4.40
2010.12.15 06:08:44.989,0.62717,0.62743,4.70,4.40
2010.12.15 06:08:46.824,0.62718,0.62743,1.40,3.80
2010.12.15 06:08:47.726,0.6272,0.62743,1.40,1.50
2010.12.15 06:08:47.855,0.62723,0.62752,1.40,4.40
2010.12.15 06:08:49.429,0.62727,0.62752,2.50,4.40
2010.12.15 06:08:53.389,0.62727,0.6275,1.50,1.40
2010.12.15 06:08:55.609,0.62727,0.62752,5.10,1.70
2010.12.15 06:08:55.720,0.62727,0.62753,5.10,4.40
2010.12.15 06:08:57.129,0.62727,0.62753,4.70,3.80
2010.12.15 06:08:57.354,0.62728,0.62752,2.50,2.30
2010.12.15 06:09:01.260,0.62727,0.62752,2.50,2.30
2010.12.15 06:09:01.773,0.62727,0.62753,2.50,1.50
2010.12.15 06:09:02.355,0.62727,0.62753,2.50,1.50
2010.12.15 06:09:03.808,0.62727,0.62753,1.70,1.50
2010.12.15 06:09:06.251,0.62727,0.62743,1.50,2.30
2010.12.15 06:09:06.360,0.62718,0.62742,3.60,2.30
2010.12.15 06:09:06.580,0.62716,0.62743,1.70,2.90
2010.12.15 06:09:07.238,0.62717,0.62743,2.50,4.40
2010.12.15 06:09:09.210,0.62717,0.62743,2.90,4.10
2010.12.15 06:09:09.324,0.62718,0.62742,3.60,2.30
2010.12.15 06:09:10.441,0.62718,0.62742,3.60,2.30
2010.12.15 06:09:10.931,0.62717,0.62743,1.70,4.50
2010.12.15 06:09:11.040,0.62717,0.62739,1.50,1.40
2010.12.15 06:09:11.570,0.62707,0.62733,1.10,2.30
2010.12.15 06:09:11.728,0.62717,0.62743,1.50,4.00
2010.12.15 06:09:12.537,0.62717,0.62743,1.50,4.00
2010.12.15 06:09:12.769,0.62717,0.62743,1.50,4.20
2010.12.15 06:09:14.065,0.62718,0.62743,1.40,3.80
2010.12.15 06:09:14.944,0.62717,0.62743,1.70,4.20
2010.12.15 06:09:15.770,0.62717,0.62743,1.50,4.40
2010.12.15 06:09:15.881,0.6271,0.62743,1.40,4.40
2010.12.15 06:09:15.988,0.6271,0.62743,1.40,4.40
2010.12.15 06:09:16.439,0.6271,0.62734,1.40,1.50
2010.12.15 06:09:17.738,0.62715,0.62743,1.40,2.70
2010.12.15 06:09:18.181,0.62717,0.62736,2.50,1.50
2010.12.15 06:09:18.615,0.62707,0.62725,2.30,1.40
2010.12.15 06:09:18.789,0.62717,0.6274,2.50,1.40
2010.12.15 06:09:19.008,0.62711,0.62741,1.40,1.40
2010.12.15 06:09:19.332,0.62718,0.62742,3.20,2.70
2010.12.15 06:09:19.452,0.62716,0.62743,1.40,4.00
2010.12.15 06:09:19.573,0.6272,0.62742,1.40,2.30
2010.12.15 06:09:20.685,0.62717,0.62742,2.50,2.70
2010.12.15 06:09:21.671,0.62717,0.62742,1.50,3.60
2010.12.15 06:09:21.888,0.62708,0.62742,2.90,3.20
2010.12.15 06:09:22.292,0.62715,0.62732,1.40,2.30
2010.12.15 06:09:22.399,0.62716,0.62743,2.50,3.60
2010.12.15 06:09:22.749,0.62716,0.62741,1.70,1.40
2010.12.15 06:09:23.078,0.62711,0.62734,1.40,1.50
2010.12.15 06:09:23.203,0.62711,0.62734,1.40,1.50
2010.12.15 06:09:27.314,0.62714,0.62743,1.40,2.90
2010.12.15 06:09:27.868,0.62717,0.62743,1.70,4.20
2010.12.15 06:09:29.470,0.62717,0.62743,1.50,5.10
2010.12.15 06:09:29.852,0.6271,0.62733,1.40,1.50
2010.12.15 06:09:30.868,0.62714,0.62733,1.40,1.50
2010.12.15 06:09:31.290,0.62717,0.62743,1.70,4.20
2010.12.15 06:09:32.518,0.62717,0.62743,1.70,4.20
2010.12.15 06:09:33.129,0.62711,0.62734,1.40,1.50
2010.12.15 06:09:35.100,0.62712,0.62734,1.40,1.50
2010.12.15 06:09:43.640,0.62718,0.62734,2.70,1.50
2010.12.15 06:09:44.088,0.62719,0.62734,1.40,1.50
2010.12.15 06:09:44.209,0.62719,0.62742,1.40,2.30
2010.12.15 06:09:44.649,0.62717,0.62742,1.70,2.70
2010.12.15 06:09:44.993,0.62711,0.62742,1.40,3.60
2010.12.15 06:09:45.219,0.62711,0.62733,1.40,1.50
2010.12.15 06:09:47.281,0.62718,0.62733,2.50,1.50
2010.12.15 06:09:47.389,0.62718,0.62742,2.50,2.70
2010.12.15 06:09:47.499,0.62718,0.62742,2.50,2.30
2010.12.15 06:09:48.679,0.62723,0.62742,1.40,2.30
2010.12.15 06:09:49.109,0.62723,0.62752,1.40,3.00
2010.12.15 06:09:49.247,0.62726,0.62752,2.50,3.80
2010.12.15 06:09:49.579,0.62726,0.62742,1.50,2.30
2010.12.15 06:09:50.374,0.6272,0.62742,1.40,2.30
2010.12.15 06:09:51.153,0.62718,0.62742,2.90,2.30
2010.12.15 06:09:52.834,0.62718,0.62742,3.60,2.30
2010.12.15 06:09:53.892,0.62719,0.62742,1.40,2.50
2010.12.15 06:09:55.559,0.62722,0.62742,1.40,2.30
2010.12.15 06:10:11.261,0.6272,0.62742,1.40,2.30
2010.12.15 06:10:11.380,0.6272,0.62754,1.40,1.50
2010.12.15 06:10:13.690,0.62738,0.62762,2.90,2.30
2010.12.15 06:10:15.371,0.62738,0.62762,2.70,3.20
2010.12.15 06:10:15.480,0.62738,0.6276,2.30,1.40
2010.12.15 06:10:15.592,0.6273,0.62752,2.10,2.30
2010.12.15 06:10:16.893,0.62731,0.62752,1.40,2.30
2010.12.15 06:10:19.280,0.62728,0.62752,2.70,3.20
2010.12.15 06:10:19.390,0.62727,0.62742,1.50,2.30
2010.12.15 06:10:22.565,0.62727,0.62751,1.50,1.40
2010.12.15 06:10:26.011,0.62728,0.62752,2.70,2.50
2010.12.15 06:10:26.561,0.62728,0.62753,1.40,1.50
2010.12.15 06:10:27.240,0.62727,0.62753,4.40,1.50
2010.12.15 06:10:27.787,0.62728,0.62753,1.40,1.50
2010.12.15 06:10:30.228,0.62728,0.62753,1.40,1.50
2010.12.15 06:10:30.757,0.62741,0.62763,1.40,1.50
2010.12.15 06:10:31.342,0.62738,0.62763,1.40,1.50
2010.12.15 06:10:35.164,0.62741,0.62763,1.40,1.50
2010.12.15 06:10:35.499,0.6274,0.62763,3.20,1.50
2010.12.15 06:10:35.609,0.62738,0.62773,3.20,1.50
2010.12.15 06:10:35.828,0.62738,0.62763,3.20,1.50
2010.12.15 06:10:37.595,0.62742,0.62763,1.40,1.50
2010.12.15 06:10:38.032,0.62748,0.62774,2.50,1.50
2010.12.15 06:10:38.498,0.62746,0.62774,1.70,1.50
2010.12.15 06:10:39.043,0.62745,0.62774,1.40,1.50
2010.12.15 06:10:39.159,0.62748,0.62774,2.30,1.50
2010.12.15 06:10:39.662,0.62738,0.62771,3.20,1.50
2010.12.15 06:10:39.786,0.62746,0.62762,1.50,2.30
2010.12.15 06:10:39.899,0.62737,0.62762,1.50,2.30
2010.12.15 06:10:40.661,0.62736,0.62762,1.50,2.30
2010.12.15 06:10:40.895,0.62736,0.62764,1.50,1.50
2010.12.15 06:10:41.009,0.62737,0.62764,3.20,1.50
2010.12.15 06:10:41.119,0.62737,0.62773,3.20,4.70
2010.12.15 06:10:41.408,0.62747,0.62773,1.50,4.00
2010.12.15 06:10:43.359,0.62737,0.62773,3.20,2.60
2010.12.15 06:10:43.469,0.62746,0.62773,1.50,2.60
2010.12.15 06:10:44.214,0.62746,0.62769,1.50,1.10
2010.12.15 06:10:44.985,0.62746,0.62772,1.50,1.10
2010.12.15 06:10:50.250,0.62736,0.62772,1.50,1.10
2010.12.15 06:10:50.690,0.62737,0.62763,1.50,1.50
2010.12.15 06:10:58.689,0.62737,0.62763,1.70,1.50
2010.12.15 06:10:58.907,0.62738,0.62773,3.20,1.50
2010.12.15 06:10:59.222,0.62747,0.62773,1.50,1.50
2010.12.15 06:11:00.245,0.6273,0.62742,2.30,2.30
2010.12.15 06:11:00.472,0.62708,0.62742,2.50,2.50
2010.12.15 06:11:00.806,0.62713,0.62742,2.30,2.50
2010.12.15 06:11:01.138,0.62717,0.62744,3.20,1.50
2010.12.15 06:11:01.536,0.62717,0.62744,3.20,1.50
2010.12.15 06:11:03.377,0.62717,0.62744,2.50,1.70
2010.12.15 06:11:04.204,0.62717,0.62743,2.50,2.30
2010.12.15 06:11:04.449,0.62716,0.62742,1.70,3.60
2010.12.15 06:11:04.996,0.62708,0.62742,3.60,3.60
2010.12.15 06:11:05.124,0.62708,0.62733,3.60,1.50
2010.12.15 06:11:05.619,0.6271,0.62733,1.40,1.50
2010.12.15 06:11:07.071,0.62709,0.62733,1.40,1.50
2010.12.15 06:11:15.518,0.62708,0.62733,3.40,1.50
2010.12.15 06:11:15.740,0.62716,0.62742,1.70,2.30
2010.12.15 06:11:15.849,0.62716,0.62742,2.50,2.30
2010.12.15 06:11:15.960,0.62716,0.62744,2.50,1.50
2010.12.15 06:11:16.324,0.62716,0.62744,1.70,1.50
2010.12.15 06:11:16.899,0.62718,0.62743,2.90,1.50
2010.12.15 06:11:17.009,0.62718,0.62743,3.60,1.50
2010.12.15 06:11:17.770,0.62718,0.62743,2.30,1.70
2010.12.15 06:11:18.411,0.62717,0.62742,1.50,2.50
2010.12.15 06:11:18.910,0.62717,0.62742,1.50,2.90
2010.12.15 06:11:24.003,0.62717,0.62742,1.70,2.70
2010.12.15 06:11:24.551,0.62717,0.62743,4.00,4.40
2010.12.15 06:11:35.982,0.62717,0.62742,4.00,1.40
2010.12.15 06:11:45.511,0.62717,0.62743,4.70,4.40
2010.12.15 06:11:45.841,0.62717,0.62743,1.70,4.70
2010.12.15 06:11:46.061,0.62717,0.62743,4.70,2.10
2010.12.15 06:11:46.903,0.62718,0.62743,1.40,1.50
2010.12.15 06:11:48.827,0.62717,0.62743,4.70,1.90
2010.12.15 06:11:49.163,0.6271,0.62739,1.40,1.40
2010.12.15 06:11:49.499,0.62717,0.62739,1.50,1.40
2010.12.15 06:11:50.586,0.62717,0.62743,1.50,5.10
2010.12.15 06:11:50.699,0.62717,0.62743,1.50,4.40
2010.12.15 06:11:52.705,0.62717,0.62743,2.50,4.20
2010.12.15 06:11:53.278,0.62711,0.62744,1.40,1.50
2010.12.15 06:11:53.389,0.62717,0.62752,2.50,2.30
2010.12.15 06:11:53.986,0.62717,0.62743,2.50,1.50
2010.12.15 06:11:57.810,0.62717,0.62743,1.70,1.50
2010.12.15 06:12:00.541,0.62716,0.62754,1.70,1.50
2010.12.15 06:12:00.800,0.62716,0.62744,1.70,1.50
2010.12.15 06:12:04.920,0.62716,0.62744,2.50,1.50
2010.12.15 06:12:05.423,0.62717,0.62753,5.10,1.50
2010.12.15 06:12:05.575,0.62728,0.62753,2.50,1.50
2010.12.15 06:12:10.317,0.62728,0.62762,2.50,2.30
2010.12.15 06:12:10.432,0.62736,0.62762,1.50,2.30
2010.12.15 06:12:11.118,0.62728,0.62754,2.50,1.50
2010.12.15 06:12:17.041,0.62726,0.62754,1.70,1.50
2010.12.15 06:12:20.722,0.62726,0.62754,1.70,1.50
2010.12.15 06:12:21.059,0.62726,0.62752,1.50,2.30
2010.12.15 06:12:30.963,0.62726,0.62752,2.50,2.30
2010.12.15 06:12:31.464,0.62738,0.62772,3.20,2.40
2010.12.15 06:12:31.603,0.62747,0.62773,3.80,4.00
2010.12.15 06:12:32.160,0.62748,0.62773,2.50,1.50
2010.12.15 06:12:34.119,0.62748,0.62773,3.20,1.50
2010.12.15 06:12:35.511,0.62748,0.62773,2.50,1.90
2010.12.15 06:12:36.498,0.62747,0.62773,4.70,4.20
2010.12.15 06:12:38.312,0.62747,0.62772,1.70,2.70
2010.12.15 06:12:38.641,0.62747,0.62763,1.70,2.30
2010.12.15 06:12:39.064,0.62739,0.62763,1.40,3.80
2010.12.15 06:12:41.532,0.62739,0.62763,1.40,3.90
2010.12.15 06:12:42.034,0.62737,0.62762,1.70,2.30
2010.12.15 06:12:43.022,0.62737,0.62762,1.70,2.30
2010.12.15 06:12:45.332,0.62737,0.62762,1.70,2.70
2010.12.15 06:12:45.671,0.62737,0.62752,1.50,2.70
2010.12.15 06:12:45.780,0.62727,0.62752,1.50,2.70
2010.12.15 06:12:46.309,0.62727,0.62752,2.10,2.30
2010.12.15 06:12:46.420,0.62731,0.62762,1.40,6.80
2010.12.15 06:12:46.639,0.62731,0.62754,1.40,1.50
2010.12.15 06:12:47.192,0.62731,0.62754,1.40,1.50
2010.12.15 06:12:47.922,0.62729,0.62754,1.40,1.50
2010.12.15 06:12:48.661,0.62727,0.62754,2.90,1.50
2010.12.15 06:12:48.768,0.62727,0.62754,2.50,1.50
2010.12.15 06:12:48.879,0.62729,0.62754,1.40,1.50
2010.12.15 06:12:49.538,0.62729,0.62754,1.40,1.50
2010.12.15 06:12:50.314,0.62731,0.62754,1.40,1.50
2010.12.15 06:12:50.649,0.62739,0.62763,1.40,2.30
2010.12.15 06:12:55.231,0.62736,0.62762,1.70,2.30
2010.12.15 06:12:55.372,0.62736,0.62762,1.50,2.90
2010.12.15 06:12:55.699,0.62737,0.62762,1.50,2.90
2010.12.15 06:12:55.812,0.62737,0.62761,1.50,1.40
2010.12.15 06:12:56.714,0.62737,0.62761,1.50,1.40
2010.12.15 06:12:58.432,0.62737,0.62762,1.50,2.90
2010.12.15 06:12:58.762,0.62737,0.62762,1.50,2.30
2010.12.15 06:13:05.779,0.62728,0.62762,3.20,2.30
2010.12.15 06:13:06.001,0.62728,0.62763,3.20,1.50
2010.12.15 06:13:06.588,0.62736,0.62762,1.70,2.30
2010.12.15 06:13:10.113,0.62736,0.62764,2.50,1.50
2010.12.15 06:13:10.559,0.62729,0.62763,1.40,3.60
2010.12.15 06:13:10.779,0.62729,0.62754,1.40,1.50
2010.12.15 06:13:11.297,0.62729,0.62754,1.40,1.50
2010.12.15 06:13:11.416,0.62737,0.62763,3.20,2.70
2010.12.15 06:13:11.529,0.62737,0.62763,3.20,2.70
2010.12.15 06:13:11.748,0.62736,0.62762,1.50,2.90
2010.12.15 06:13:14.100,0.62736,0.62753,1.50,2.70
2010.12.15 06:13:15.211,0.62726,0.62753,2.50,2.70
2010.12.15 06:13:18.741,0.62726,0.62753,1.70,2.70
2010.12.15 06:13:18.962,0.62728,0.62754,3.20,1.90
2010.12.15 06:13:19.513,0.62733,0.62754,1.40,1.50
2010.12.15 06:13:19.630,0.62733,0.62762,1.40,2.70
2010.12.15 06:13:19.746,0.62742,0.62763,1.40,1.50
2010.12.15 06:13:20.311,0.62742,0.62764,1.40,1.50
2010.12.15 06:13:20.420,0.62742,0.62772,1.40,2.90
2010.12.15 06:13:20.531,0.62736,0.62762,2.10,2.30
2010.12.15 06:13:20.639,0.62736,0.62762,1.70,2.70
2010.12.15 06:13:20.750,0.62741,0.62773,1.40,2.90
2010.12.15 06:13:21.295,0.62737,0.62763,1.70,4.20
2010.12.15 06:13:21.519,0.62741,0.62773,1.40,4.30
2010.12.15 06:13:21.848,0.62741,0.62764,1.40,1.50
2010.12.15 06:13:23.260,0.62737,0.62764,3.20,1.50
2010.12.15 06:13:25.110,0.62736,0.62764,1.70,1.50
2010.12.15 06:13:26.019,0.62736,0.62764,1.70,1.50
2010.12.15 06:13:27.196,0.62736,0.62763,1.70,2.30
2010.12.15 06:13:34.781,0.62736,0.62757,1.50,1.90
2010.12.15 06:13:34.891,0.62727,0.62757,3.20,1.90
2010.12.15 06:13:35.622,0.62727,0.62753,3.20,2.70
2010.12.15 06:13:37.749,0.62727,0.62753,3.20,2.70
2010.12.15 06:13:37.860,0.62729,0.62754,1.40,1.70
2010.12.15 06:13:37.969,0.62729,0.62752,1.40,2.30
2010.12.15 06:13:39.511,0.62728,0.62752,3.20,2.30
2010.12.15 06:13:42.371,0.62728,0.62754,3.20,2.90
2010.12.15 06:13:42.481,0.62729,0.62754,1.40,1.50
2010.12.15 06:13:48.744,0.62725,0.62752,1.40,2.30
2010.12.15 06:13:48.862,0.62722,0.62752,1.40,2.90
2010.12.15 06:13:52.670,0.62726,0.62753,2.50,2.40
2010.12.15 06:13:54.766,0.62728,0.62752,3.20,2.40
2010.12.15 06:14:00.689,0.62728,0.62752,3.20,2.30
2010.12.15 06:14:01.237,0.62739,0.62762,1.40,2.30
2010.12.15 06:14:01.900,0.62738,0.62762,3.60,2.30
2010.12.15 06:14:08.836,0.62738,0.62762,2.90,2.30
2010.12.15 06:14:10.560,0.62737,0.62762,1.50,2.90
2010.12.15 06:14:11.798,0.62728,0.62761,3.60,1.40
2010.12.15 06:14:12.129,0.62728,0.62754,3.60,1.50
2010.12.15 06:14:14.693,0.62733,0.62754,1.40,1.50
2010.12.15 06:14:15.342,0.62729,0.62754,1.40,1.50
2010.12.15 06:14:16.945,0.62731,0.62754,1.40,1.50
2010.12.15 06:14:18.511,0.62734,0.62754,1.40,1.50
2010.12.15 06:14:18.839,0.62736,0.62762,1.70,2.30
2010.12.15 06:14:21.249,0.62736,0.62762,1.70,2.70
2010.12.15 06:14:21.836,0.62736,0.62762,1.70,2.70
2010.12.15 06:14:21.979,0.62729,0.62754,1.40,1.50
2010.12.15 06:14:33.330,0.6273,0.62754,1.40,1.50
2010.12.15 06:14:34.042,0.62737,0.62762,1.70,2.30
2010.12.15 06:14:34.834,0.62737,0.62762,1.50,2.30
2010.12.15 06:14:36.482,0.62737,0.62762,1.70,2.30
2010.12.15 06:14:37.516,0.62737,0.62763,4.40,3.80
2010.12.15 06:14:38.129,0.62738,0.62763,1.40,3.80
2010.12.15 06:14:39.141,0.62737,0.62763,1.70,4.00
2010.12.15 06:14:42.071,0.62737,0.62763,1.50,4.10
2010.12.15 06:14:43.722,0.62737,0.62762,1.50,2.30
2010.12.15 06:14:56.556,0.62737,0.62763,1.50,3.80
2010.12.15 06:14:57.224,0.62727,0.62746,3.80,1.40
2010.12.15 06:14:57.340,0.62727,0.62746,2.30,1.40
2010.12.15 06:14:57.465,0.6272,0.62743,2.30,3.60
2010.12.15 06:14:57.872,0.6272,0.62743,2.30,3.60
2010.12.15 06:14:57.984,0.62707,0.62733,1.70,4.40
2010.12.15 06:14:58.795,0.62707,0.62733,2.50,4.40
2010.12.15 06:15:00.461,0.62707,0.62733,1.50,5.10
2010.12.15 06:15:00.569,0.62707,0.62733,1.50,5.10
2010.12.15 06:15:03.595,0.62707,0.62733,1.50,4.40
2010.12.15 06:15:04.086,0.62707,0.62733,1.70,4.20
2010.12.15 06:15:05.039,0.62707,0.62733,1.70,4.70
2010.12.15 06:15:05.154,0.62698,0.62722,2.50,2.30
2010.12.15 06:15:05.587,0.627,0.62722,1.40,2.30
2010.12.15 06:15:05.882,0.62701,0.62722,1.40,2.30
2010.12.15 06:15:07.400,0.62698,0.62722,3.60,2.30
2010.12.15 06:15:08.194,0.62698,0.62722,3.60,2.30
2010.12.15 06:15:12.651,0.62698,0.62722,3.20,2.70
2010.12.15 06:15:12.760,0.62698,0.62722,2.30,2.90
2010.12.15 06:15:12.870,0.62698,0.62718,2.30,1.40
2010.12.15 06:15:13.262,0.62696,0.62721,1.50,1.40
2010.12.15 06:15:13.389,0.62691,0.62722,1.40,2.70
2010.12.15 06:15:13.724,0.62697,0.62722,1.50,2.70
2010.12.15 06:15:14.196,0.62697,0.62722,1.50,2.70
2010.12.15 06:15:15.044,0.62697,0.62722,2.10,2.30
2010.12.15 06:15:15.600,0.62697,0.62723,4.40,3.80
2010.12.15 06:15:16.027,0.62697,0.62723,4.00,4.20
2010.12.15 06:15:16.597,0.62697,0.62722,1.50,2.90
2010.12.15 06:15:18.241,0.62697,0.62722,1.50,2.90
2010.12.15 06:15:18.939,0.62697,0.62722,1.50,2.90
2010.12.15 06:15:20.509,0.62697,0.62722,1.50,2.50
2010.12.15 06:15:21.079,0.62698,0.62722,2.50,2.30
2010.12.15 06:15:22.402,0.62698,0.62722,2.50,2.30
2010.12.15 06:15:24.252,0.62698,0.62723,2.50,1.50
2010.12.15 06:15:24.374,0.62698,0.62723,3.20,1.50
2010.12.15 06:15:24.602,0.62698,0.62733,3.20,1.50
2010.12.15 06:15:24.999,0.62698,0.62723,3.20,1.50
2010.12.15 06:15:25.115,0.62697,0.62723,4.70,1.50
2010.12.15 06:15:25.229,0.62707,0.62733,1.50,4.40
2010.12.15 06:15:25.957,0.62707,0.62733,1.50,4.00
2010.12.15 06:15:26.636,0.62707,0.62733,1.50,4.10
2010.12.15 06:15:37.372,0.62707,0.62733,1.90,4.10
2010.12.15 06:15:37.710,0.6271,0.62732,1.40,2.30
2010.12.15 06:15:38.608,0.62706,0.62733,1.50,3.20
2010.12.15 06:15:39.240,0.62707,0.62733,1.50,4.70
2010.12.15 06:15:41.292,0.62707,0.62732,1.50,1.10
2010.12.15 06:15:41.824,0.62707,0.62733,1.50,4.10
2010.12.15 06:15:43.711,0.62707,0.62727,1.50,1.40
2010.12.15 06:15:44.185,0.62697,0.62722,1.50,2.50
2010.12.15 06:15:46.536,0.62697,0.62722,1.50,2.30
2010.12.15 06:15:47.621,0.62698,0.62722,2.30,2.30
2010.12.15 06:15:48.644,0.62697,0.62716,1.50,1.40
2010.12.15 06:15:49.614,0.62697,0.62717,1.50,1.40
2010.12.15 06:15:49.863,0.62697,0.62721,1.50,1.40
2010.12.15 06:15:52.021,0.62697,0.62721,3.80,1.40
2010.12.15 06:15:52.895,0.62698,0.62721,2.30,1.40
2010.12.15 06:15:55.540,0.62697,0.62707,1.50,1.40
2010.12.15 06:15:55.650,0.62686,0.62707,1.50,1.40
2010.12.15 06:15:56.046,0.62687,0.62709,2.50,2.90
2010.12.15 06:15:56.166,0.62689,0.62714,1.40,4.00
2010.12.15 06:15:56.282,0.62687,0.62714,3.60,1.70
2010.12.15 06:15:57.067,0.62687,0.62714,3.20,2.10
2010.12.15 06:15:57.197,0.62686,0.62713,1.70,1.40
2010.12.15 06:15:57.310,0.62686,0.62714,1.50,2.10
2010.12.15 06:15:59.013,0.62686,0.62717,2.10,1.40
2010.12.15 06:15:59.589,0.62687,0.62717,2.90,1.40
2010.12.15 06:15:59.703,0.62687,0.62714,2.90,1.50
2010.12.15 06:16:02.817,0.62687,0.62714,2.50,1.90
2010.12.15 06:16:03.151,0.62698,0.62716,2.30,1.40
2010.12.15 06:16:03.676,0.62688,0.62714,1.40,1.50
2010.12.15 06:16:06.400,0.62697,0.62714,2.30,1.50
2010.12.15 06:16:06.521,0.62697,0.62722,3.80,1.40
2010.12.15 06:16:07.303,0.62697,0.62721,3.80,1.40
2010.12.15 06:16:08.932,0.62697,0.62722,4.00,2.50
2010.12.15 06:16:09.043,0.62698,0.62722,2.30,2.50
2010.12.15 06:16:09.863,0.62697,0.62719,3.80,1.40
2010.12.15 06:16:10.202,0.62697,0.62719,3.80,1.40
2010.12.15 06:16:10.666,0.62697,0.62719,3.80,1.40
2010.12.15 06:16:12.864,0.62697,0.62716,1.50,1.40
2010.12.15 06:16:13.457,0.62688,0.62714,3.60,2.50
2010.12.15 06:16:13.790,0.62688,0.62714,3.60,1.70
2010.12.15 06:16:14.772,0.62688,0.62714,2.90,1.50
2010.12.15 06:16:15.821,0.62688,0.62714,2.50,1.90
2010.12.15 06:16:15.929,0.62687,0.62713,2.30,2.90
2010.12.15 06:16:16.440,0.62688,0.62714,3.20,1.90
2010.12.15 06:16:16.887,0.62688,0.62714,2.30,2.90
2010.12.15 06:16:17.003,0.62687,0.6271,2.30,1.40
2010.12.15 06:16:17.641,0.62677,0.62703,2.50,2.50
2010.12.15 06:16:18.415,0.62677,0.62703,4.00,4.00
2010.12.15 06:16:21.963,0.62677,0.62703,2.10,4.40
2010.12.15 06:16:24.332,0.62677,0.62703,5.10,4.50
2010.12.15 06:16:26.031,0.62677,0.62693,1.50,2.50
2010.12.15 06:16:26.249,0.62672,0.62693,1.40,2.30
2010.12.15 06:16:26.876,0.62672,0.62694,1.40,1.50
2010.12.15 06:16:26.991,0.62676,0.62701,1.50,1.40
2010.12.15 06:16:27.098,0.62676,0.62703,1.50,3.70
2010.12.15 06:16:28.070,0.62676,0.62703,1.50,3.70
2010.12.15 06:16:28.566,0.62668,0.62693,1.40,3.80
2010.12.15 06:16:28.793,0.62676,0.62701,1.70,1.40
2010.12.15 06:16:30.133,0.62676,0.62701,1.50,1.40
2010.12.15 06:16:30.617,0.62658,0.62692,4.20,4.40
2010.12.15 06:16:30.731,0.62668,0.62692,2.30,2.70
2010.12.15 06:16:31.344,0.62668,0.62692,2.30,3.20
2010.12.15 06:16:31.461,0.6266,0.62692,1.40,2.80
2010.12.15 06:16:31.723,0.62667,0.62692,1.50,2.80
2010.12.15 06:16:32.384,0.62667,0.62689,1.50,1.10
2010.12.15 06:16:32.504,0.62658,0.62683,2.90,1.50
2010.12.15 06:16:35.450,0.62657,0.62683,4.40,3.80
2010.12.15 06:16:36.275,0.62657,0.62683,2.90,2.50
2010.12.15 06:16:36.431,0.62649,0.62674,1.40,1.50
2010.12.15 06:16:37.095,0.62657,0.62681,2.30,1.40
2010.12.15 06:16:37.219,0.62649,0.62676,1.40,1.40
2010.12.15 06:16:37.861,0.62656,0.62676,1.50,1.40
2010.12.15 06:16:37.970,0.62656,0.62677,1.50,1.40
2010.12.15 06:16:39.923,0.62656,0.62677,1.50,1.50
2010.12.15 06:16:40.086,0.62647,0.62672,4.00,1.40
2010.12.15 06:16:40.911,0.62647,0.62672,4.00,1.40
2010.12.15 06:16:41.026,0.62647,0.62668,3.80,1.40
2010.12.15 06:16:41.763,0.62647,0.62669,1.50,1.40
2010.12.15 06:16:42.302,0.62647,0.62673,1.50,4.40
2010.12.15 06:16:43.060,0.62648,0.62672,2.30,2.90
2010.12.15 06:16:43.180,0.62648,0.62672,2.30,3.60
2010.12.15 06:16:43.399,0.62638,0.62662,3.20,2.50
2010.12.15 06:16:43.620,0.62644,0.62662,1.40,2.30
2010.12.15 06:16:43.950,0.62644,0.62672,1.40,3.60
2010.12.15 06:16:44.935,0.62647,0.62672,2.50,1.40
2010.12.15 06:16:45.071,0.62647,0.62668,2.30,1.40
2010.12.15 06:16:45.292,0.62646,0.62671,2.50,1.40
2010.12.15 06:16:48.579,0.62648,0.62674,3.20,1.50
2010.12.15 06:16:48.801,0.62648,0.62674,2.90,1.50
2010.12.15 06:16:49.022,0.62648,0.62674,3.20,1.50
2010.12.15 06:16:49.661,0.62648,0.62674,3.20,1.50
2010.12.15 06:16:50.032,0.6265,0.62682,2.90,2.50
2010.12.15 06:16:50.139,0.62657,0.62683,3.60,1.50
2010.12.15 06:16:50.361,0.62666,0.62692,1.50,2.50
2010.12.15 06:16:50.469,0.62666,0.62692,2.50,2.90
2010.12.15 06:16:50.882,0.62666,0.62689,1.50,1.40
2010.12.15 06:17:01.815,0.62666,0.62689,1.50,1.40
2010.12.15 06:17:02.290,0.62661,0.62683,1.40,2.30
2010.12.15 06:17:02.465,0.62667,0.62689,1.50,1.40
2010.12.15 06:17:03.181,0.62667,0.62688,1.50,1.40
2010.12.15 06:17:03.289,0.62657,0.6268,3.80,1.40
2010.12.15 06:17:03.824,0.62658,0.6268,2.30,1.40
2010.12.15 06:17:05.134,0.62658,0.62672,2.30,1.40
2010.12.15 06:17:05.250,0.62656,0.62672,1.50,3.60
2010.12.15 06:17:05.359,0.62648,0.62672,2.50,3.60
2010.12.15 06:17:05.956,0.62648,0.62672,2.50,3.60
2010.12.15 06:17:06.291,0.62646,0.62668,1.50,1.40
2010.12.15 06:17:06.784,0.62646,0.62662,1.50,2.50
2010.12.15 06:17:06.899,0.62638,0.62662,2.50,2.50
2010.12.15 06:17:14.823,0.62638,0.62664,2.90,2.50
2010.12.15 06:17:14.943,0.62641,0.62664,1.40,1.50
2010.12.15 06:17:15.179,0.62637,0.62663,2.90,2.30
2010.12.15 06:17:15.290,0.62638,0.62663,1.10,2.30
2010.12.15 06:17:15.921,0.6264,0.62664,1.40,1.50
2010.12.15 06:17:16.141,0.62637,0.62663,3.70,2.50
2010.12.15 06:17:17.550,0.62637,0.62663,2.70,3.20
2010.12.15 06:17:18.163,0.62637,0.62659,2.30,2.50
2010.12.15 06:17:19.317,0.62636,0.62657,1.50,1.40
2010.12.15 06:17:19.432,0.62627,0.62652,3.20,2.90
2010.12.15 06:17:20.444,0.62627,0.62652,3.80,2.90
2010.12.15 06:17:20.672,0.62618,0.62643,1.40,3.20
2010.12.15 06:17:21.612,0.62621,0.62644,1.40,1.70
2010.12.15 06:17:22.921,0.62621,0.62644,1.40,1.50
2010.12.15 06:17:23.049,0.62627,0.62653,2.90,2.60
2010.12.15 06:17:23.489,0.62628,0.62653,1.40,2.30
2010.12.15 06:17:23.763,0.62627,0.62653,3.20,3.60
2010.12.15 06:17:24.345,0.62626,0.62649,1.50,1.40
2010.12.15 06:17:24.470,0.62627,0.62652,4.00,1.40
2010.12.15 06:17:24.949,0.62627,0.62653,4.70,4.20
2010.12.15 06:17:25.073,0.62638,0.62662,2.30,3.30
2010.12.15 06:17:25.191,0.62638,0.6266,2.30,1.40
2010.12.15 06:17:25.787,0.62638,0.62662,3.20,2.90
2010.12.15 06:17:25.902,0.62638,0.62661,2.50,1.40
2010.12.15 06:17:26.627,0.62638,0.62652,2.30,1.40
2010.12.15 06:17:26.869,0.62624,0.62651,1.40,1.40
2010.12.15 06:17:27.597,0.62626,0.62652,2.50,3.60
2010.12.15 06:17:28.656,0.62626,0.62651,1.70,1.40
2010.12.15 06:17:28.796,0.62618,0.62627,3.00,1.40
2010.12.15 06:17:28.917,0.62598,0.62627,2.90,1.40
2010.12.15 06:17:29.032,0.62597,0.62623,1.90,3.20
2010.12.15 06:17:29.141,0.62596,0.62622,1.70,1.40
2010.12.15 06:17:29.576,0.626,0.62633,1.40,1.50
2010.12.15 06:17:29.691,0.62603,0.62633,2.90,1.50
2010.12.15 06:17:30.306,0.62618,0.62642,2.30,2.70
2010.12.15 06:17:30.531,0.62608,0.62643,1.70,4.70
2010.12.15 06:17:30.753,0.62613,0.62643,1.40,4.40
2010.12.15 06:17:31.269,0.62618,0.62642,2.30,2.70
2010.12.15 06:17:31.620,0.62618,0.62642,2.30,2.70
2010.12.15 06:17:31.841,0.62616,0.62642,1.50,3.60
2010.12.15 06:17:32.406,0.62609,0.62633,1.40,1.50
2010.12.15 06:17:34.680,0.62608,0.62633,3.20,1.90
2010.12.15 06:17:35.142,0.62607,0.6264,1.70,3.20
2010.12.15 06:17:35.250,0.62606,0.62634,1.70,1.50
2010.12.15 06:17:35.580,0.62608,0.62634,3.20,1.50
2010.12.15 06:17:36.302,0.62608,0.62634,2.50,1.50
2010.12.15 06:17:37.352,0.62607,0.62633,2.70,2.30
2010.12.15 06:17:38.161,0.62607,0.62633,2.90,2.50
2010.12.15 06:17:39.521,0.62613,0.62633,1.40,2.30
2010.12.15 06:17:39.935,0.62607,0.62629,1.50,1.40
2010.12.15 06:17:40.053,0.62607,0.62633,1.50,3.20
2010.12.15 06:17:40.174,0.62607,0.62633,1.50,2.50
2010.12.15 06:17:41.419,0.62606,0.62633,1.50,2.50
2010.12.15 06:17:41.750,0.62597,0.62625,3.80,1.40
2010.12.15 06:17:42.080,0.62597,0.62623,4.40,2.30
2010.12.15 06:17:42.497,0.62601,0.62623,1.70,3.80
2010.12.15 06:17:43.795,0.62597,0.62622,3.20,1.40
2010.12.15 06:17:44.101,0.62597,0.62622,2.50,1.40
2010.12.15 06:17:44.860,0.62598,0.62622,2.30,3.20
2010.12.15 06:17:45.095,0.62596,0.62619,1.50,1.40
2010.12.15 06:17:45.212,0.62596,0.62622,2.10,3.60
2010.12.15 06:17:46.044,0.62599,0.62623,1.40,2.30
2010.12.15 06:17:46.271,0.62597,0.62633,5.10,5.50
2010.12.15 06:17:47.019,0.62597,0.62623,5.10,1.50
2010.12.15 06:17:47.644,0.62597,0.62623,4.70,1.50
2010.12.15 06:17:47.763,0.62597,0.62623,2.50,1.50
2010.12.15 06:17:47.881,0.62597,0.62632,2.50,2.50
2010.12.15 06:17:47.991,0.62601,0.62632,1.40,2.90
2010.12.15 06:17:48.428,0.62607,0.62632,1.50,2.90
2010.12.15 06:17:49.374,0.62607,0.62632,2.50,2.30
2010.12.15 06:17:49.498,0.62607,0.62633,1.70,1.50
2010.12.15 06:17:50.516,0.62607,0.62633,1.70,1.50
2010.12.15 06:17:52.165,0.62607,0.62633,1.50,2.50
2010.12.15 06:17:52.604,0.62599,0.62632,1.40,2.70
2010.12.15 06:17:52.836,0.62607,0.62632,1.50,2.70
2010.12.15 06:17:53.061,0.62607,0.62633,1.70,1.50
2010.12.15 06:17:55.473,0.62607,0.62633,1.50,2.10
2010.12.15 06:17:56.731,0.62607,0.62633,1.50,5.10
2010.12.15 06:17:57.485,0.62596,0.62624,2.10,1.50
2010.12.15 06:17:58.278,0.62599,0.62624,1.40,1.50
2010.12.15 06:17:58.719,0.626,0.62631,1.40,1.40
2010.12.15 06:17:59.164,0.626,0.62623,1.40,1.50
2010.12.15 06:18:00.876,0.62597,0.62623,4.70,3.80
2010.12.15 06:18:01.221,0.62601,0.62623,1.40,3.80
2010.12.15 06:18:01.557,0.62598,0.62623,2.30,1.50
2010.12.15 06:18:02.052,0.62598,0.62623,1.40,1.50
2010.12.15 06:18:02.489,0.626,0.62623,1.40,1.50
2010.12.15 06:18:02.990,0.626,0.62623,1.40,1.50
2010.12.15 06:18:03.143,0.62597,0.62622,1.70,2.70
2010.12.15 06:18:03.695,0.62597,0.62622,2.50,2.70
2010.12.15 06:18:03.815,0.62598,0.62623,3.20,1.50
2010.12.15 06:18:04.757,0.62598,0.62623,2.50,1.50
2010.12.15 06:18:07.073,0.62597,0.62623,1.50,5.10
2010.12.15 06:18:07.909,0.62598,0.62623,2.50,1.50
2010.12.15 06:18:09.814,0.62597,0.62623,1.50,4.40
2010.12.15 06:18:10.048,0.62598,0.62623,2.50,1.50
2010.12.15 06:18:11.048,0.62597,0.62622,1.50,2.70
2010.12.15 06:18:13.490,0.62597,0.62622,1.50,2.90
2010.12.15 06:18:13.824,0.62597,0.62622,1.50,2.90
2010.12.15 06:18:15.011,0.62597,0.62622,2.50,2.30
2010.12.15 06:18:15.594,0.62598,0.62623,2.50,1.50
2010.12.15 06:18:15.736,0.62597,0.62622,1.50,2.30
2010.12.15 06:18:15.970,0.62597,0.62624,2.50,1.50
2010.12.15 06:18:17.878,0.62597,0.62624,3.20,1.50
2010.12.15 06:18:17.992,0.62612,0.62633,1.40,2.40
2010.12.15 06:18:18.212,0.62618,0.62642,2.30,2.70
2010.12.15 06:18:18.322,0.62606,0.6264,1.70,1.40
2010.12.15 06:18:18.431,0.62606,0.6264,2.10,1.40
2010.12.15 06:18:18.960,0.62607,0.62633,5.10,1.50
2010.12.15 06:18:19.290,0.62608,0.62633,1.40,1.50
2010.12.15 06:18:19.932,0.62608,0.62633,1.40,1.50
2010.12.15 06:18:21.202,0.62607,0.62633,4.70,1.50
2010.12.15 06:18:21.765,0.62618,0.62633,1.40,1.50
2010.12.15 06:18:21.883,0.62618,0.62643,2.90,1.50
2010.12.15 06:18:22.292,0.62618,0.62643,2.30,1.50
2010.12.15 06:18:22.513,0.62617,0.62643,2.90,1.50
2010.12.15 06:18:23.740,0.62618,0.62643,2.50,1.50
2010.12.15 06:18:24.300,0.62618,0.62643,3.60,1.50
2010.12.15 06:18:28.959,0.62618,0.62643,3.60,1.50
2010.12.15 06:18:34.771,0.62622,0.62643,1.40,3.80
2010.12.15 06:18:34.882,0.62622,0.62652,1.40,3.60
2010.12.15 06:18:35.479,0.62627,0.62652,1.50,3.70
2010.12.15 06:18:36.106,0.62627,0.62651,1.70,1.40
2010.12.15 06:18:43.669,0.62627,0.62651,1.70,2.90
2010.12.15 06:18:44.000,0.62617,0.62642,4.70,1.40
2010.12.15 06:18:44.380,0.62617,0.62644,3.20,2.10
2010.12.15 06:18:44.492,0.62618,0.62644,1.40,1.70
2010.12.15 06:18:45.455,0.62618,0.62644,1.40,1.50
2010.12.15 06:18:48.401,0.62622,0.62652,1.40,1.40
2010.12.15 06:18:49.471,0.62626,0.6265,1.70,1.40
2010.12.15 06:18:50.510,0.62626,0.62652,1.70,1.40
2010.12.15 06:18:56.064,0.62626,0.62653,2.50,2.10
2010.12.15 06:18:56.182,0.62626,0.62654,2.90,2.90
2010.12.15 06:18:56.291,0.62626,0.62654,2.50,1.50
2010.12.15 06:18:57.590,0.62628,0.62654,3.40,1.50
2010.12.15 06:19:00.061,0.62628,0.62654,3.40,1.50
2010.12.15 06:19:00.278,0.62628,0.62662,3.40,2.30
2010.12.15 06:19:00.673,0.62628,0.62662,3.40,2.30
2010.12.15 06:19:00.819,0.62628,0.62663,3.20,1.50
2010.12.15 06:19:00.933,0.62636,0.62662,1.50,2.30
2010.12.15 06:19:05.686,0.62636,0.62662,2.50,2.30
2010.12.15 06:19:05.925,0.62637,0.62663,2.50,1.50
2010.12.15 06:19:06.041,0.62627,0.62663,5.30,1.50
2010.12.15 06:19:06.613,0.62645,0.62677,1.40,1.90
2010.12.15 06:19:06.940,0.62636,0.6267,1.70,1.40
2010.12.15 06:19:07.425,0.62637,0.62672,1.40,2.90
2010.12.15 06:19:07.754,0.62646,0.62671,1.50,3.60
2010.12.15 06:19:15.230,0.62646,0.62672,1.50,2.70
2010.12.15 06:19:15.615,0.62646,0.62672,1.50,2.90
2010.12.15 06:19:18.314,0.62638,0.62672,2.50,2.90
2010.12.15 06:19:18.566,0.62646,0.62672,1.50,2.90
2010.12.15 06:19:18.904,0.62646,0.62672,1.50,3.40
2010.12.15 06:19:19.610,0.62646,0.62672,1.50,3.40
2010.12.15 06:19:20.206,0.62637,0.62672,1.50,3.40
2010.12.15 06:19:21.131,0.62637,0.62663,1.50,1.50
2010.12.15 06:19:23.191,0.62637,0.62663,1.70,1.50
2010.12.15 06:19:23.963,0.62637,0.62663,2.50,1.50
2010.12.15 06:19:24.182,0.62637,0.62672,2.50,2.30
2010.12.15 06:19:24.540,0.62646,0.62674,1.50,1.50
2010.12.15 06:19:24.961,0.62646,0.62672,1.50,2.30
2010.12.15 06:19:26.206,0.62646,0.62673,1.50,2.70
2010.12.15 06:19:27.531,0.62646,0.62662,1.50,2.70
2010.12.15 06:19:27.750,0.62637,0.62662,1.50,2.70
2010.12.15 06:19:28.304,0.62637,0.62662,1.70,2.70
2010.12.15 06:19:41.832,0.62638,0.62663,1.10,1.50
2010.12.15 06:19:45.529,0.62637,0.62663,4.00,1.50
2010.12.15 06:19:47.322,0.62638,0.62663,1.10,1.50
2010.12.15 06:19:47.651,0.62637,0.62674,3.40,1.50
2010.12.15 06:19:47.870,0.62637,0.62664,3.40,1.50
2010.12.15 06:19:48.482,0.62647,0.62673,1.70,1.50
2010.12.15 06:19:50.470,0.62647,0.62673,1.50,1.50
2010.12.15 06:19:54.841,0.62647,0.62673,1.70,1.50
2010.12.15 06:19:55.060,0.62647,0.62683,3.60,2.30
2010.12.15 06:19:55.534,0.62647,0.62674,3.60,1.50
2010.12.15 06:19:55.650,0.62657,0.62683,1.50,3.80
2010.12.15 06:19:56.452,0.62657,0.62683,2.50,3.80
2010.12.15 06:19:56.980,0.62658,0.62684,1.40,1.50
2010.12.15 06:19:57.508,0.62659,0.62684,1.40,1.50
2010.12.15 06:20:01.001,0.62662,0.62684,1.40,1.50
2010.12.15 06:20:01.708,0.62662,0.62684,1.40,1.50
2010.12.15 06:20:03.598,0.62658,0.62684,3.70,1.50
2010.12.15 06:20:04.570,0.62667,0.62693,1.70,1.50
2010.12.15 06:20:07.643,0.62667,0.62693,1.50,1.90
2010.12.15 06:20:08.568,0.62667,0.62692,1.50,2.90
2010.12.15 06:20:09.059,0.62657,0.62687,1.50,1.40
2010.12.15 06:20:13.851,0.62657,0.62683,1.50,2.90
2010.12.15 06:20:14.343,0.62657,0.62683,1.50,1.90
2010.12.15 06:20:14.541,0.62652,0.62683,1.40,1.90
2010.12.15 06:20:15.263,0.62656,0.62684,1.50,2.10
2010.12.15 06:20:16.486,0.62656,0.62683,1.50,2.90
2010.12.15 06:20:16.820,0.62656,0.62679,1.50,1.40
2010.12.15 06:20:17.472,0.62647,0.62673,1.50,1.70
2010.12.15 06:20:18.898,0.62647,0.62673,1.70,1.50
2010.12.15 06:20:19.389,0.62647,0.62673,1.70,1.50
2010.12.15 06:20:19.720,0.62631,0.62662,2.60,2.70
2010.12.15 06:20:20.062,0.62642,0.62663,1.40,1.50
2010.12.15 06:20:20.484,0.62637,0.62663,2.50,1.50
2010.12.15 06:20:20.820,0.62637,0.62663,1.70,1.50
2010.12.15 06:20:21.049,0.62637,0.62663,1.50,1.70
2010.12.15 06:20:21.380,0.62637,0.62663,1.70,1.50
2010.12.15 06:20:23.650,0.62637,0.62663,2.60,1.50
2010.12.15 06:20:23.871,0.62637,0.62673,5.30,1.50
2010.12.15 06:20:24.199,0.62647,0.62673,1.50,1.70
2010.12.15 06:20:24.839,0.62647,0.62673,1.50,1.70
2010.12.15 06:20:28.826,0.62647,0.62673,1.50,2.50
2010.12.15 06:20:29.060,0.62647,0.62672,1.50,2.90
2010.12.15 06:20:29.169,0.62636,0.62664,2.50,1.50
2010.12.15 06:20:40.272,0.62636,0.62664,1.70,1.70
2010.12.15 06:20:40.408,0.62636,0.62663,1.50,2.90
2010.12.15 06:20:40.521,0.62626,0.62653,1.50,2.50
2010.12.15 06:20:41.167,0.62627,0.62653,1.50,4.00
2010.12.15 06:20:41.285,0.62627,0.62653,1.50,4.70
2010.12.15 06:20:41.510,0.62627,0.62652,1.50,2.30
2010.12.15 06:20:41.966,0.62616,0.62651,2.10,2.10
2010.12.15 06:20:42.580,0.62617,0.62643,1.70,1.50
2010.12.15 06:20:43.573,0.62617,0.62643,2.50,1.50
2010.12.15 06:20:44.270,0.62617,0.62643,1.50,1.70
2010.12.15 06:20:45.103,0.62617,0.62643,1.50,4.70
2010.12.15 06:20:45.211,0.62617,0.62643,1.50,3.80
2010.12.15 06:20:45.958,0.62617,0.62642,1.50,2.30
2010.12.15 06:20:46.791,0.62617,0.62642,1.50,2.60
2010.12.15 06:20:47.010,0.62617,0.62643,1.50,3.80
2010.12.15 06:20:47.232,0.62617,0.62643,1.50,4.10
2010.12.15 06:20:47.784,0.62617,0.62642,1.50,2.30
2010.12.15 06:20:48.384,0.62617,0.62642,1.50,2.60
2010.12.15 06:20:49.300,0.62617,0.62642,1.50,2.30
2010.12.15 06:20:49.522,0.62617,0.62642,1.50,1.10
2010.12.15 06:20:49.742,0.62617,0.62643,1.50,3.80
2010.12.15 06:20:50.315,0.62617,0.62643,1.50,3.90
2010.12.15 06:20:50.960,0.62617,0.62642,1.50,2.70
2010.12.15 06:20:51.396,0.62607,0.62633,1.50,1.50
2010.12.15 06:20:52.240,0.62607,0.62633,1.50,1.70
2010.12.15 06:20:52.796,0.62607,0.62633,1.50,1.50
2010.12.15 06:20:53.425,0.62607,0.62633,1.50,1.70
2010.12.15 06:20:53.558,0.62607,0.62633,1.50,1.50
2010.12.15 06:20:53.783,0.62607,0.62632,1.50,1.40
2010.12.15 06:20:54.005,0.62598,0.62632,3.60,2.70
2010.12.15 06:20:54.120,0.62607,0.62632,1.50,2.70
2010.12.15 06:20:54.234,0.62607,0.62632,1.50,2.90
2010.12.15 06:20:55.240,0.62598,0.62623,1.10,1.50
2010.12.15 06:20:55.352,0.62598,0.62633,1.10,3.80
2010.12.15 06:20:57.215,0.6261,0.62643,1.90,1.40
2010.12.15 06:20:57.336,0.62608,0.62644,3.20,1.70
2010.12.15 06:20:57.851,0.62616,0.62642,1.50,2.50
2010.12.15 06:20:58.291,0.62616,0.62644,1.70,1.50
2010.12.15 06:20:58.834,0.62616,0.62644,1.50,1.70
2010.12.15 06:20:58.989,0.62616,0.62643,1.50,3.30
2010.12.15 06:20:59.868,0.62616,0.62643,1.50,2.60
2010.12.15 06:21:00.020,0.62616,0.62643,1.50,2.30
2010.12.15 06:21:00.952,0.62616,0.62643,1.50,3.20
2010.12.15 06:21:01.074,0.62616,0.62642,1.50,2.30
2010.12.15 06:21:01.694,0.62607,0.62643,2.10,4.10
2010.12.15 06:21:01.811,0.62614,0.62643,1.40,3.80
2010.12.15 06:21:02.335,0.62617,0.62642,1.50,3.60
2010.12.15 06:21:02.891,0.62606,0.62634,1.50,1.50
2010.12.15 06:21:04.980,0.62617,0.62641,1.50,2.60
2010.12.15 06:21:05.777,0.62617,0.62639,1.50,1.10
2010.12.15 06:21:05.904,0.62607,0.62637,1.50,1.10
2010.12.15 06:21:11.971,0.62607,0.62633,1.50,6.60
2010.12.15 06:21:12.274,0.62597,0.62623,1.50,2.90
2010.12.15 06:21:13.151,0.62596,0.62622,1.50,1.40
2010.12.15 06:21:14.210,0.62596,0.62622,2.90,1.40
2010.12.15 06:21:27.557,0.62597,0.62624,3.60,1.50
2010.12.15 06:21:28.081,0.62599,0.62623,1.40,1.50
2010.12.15 06:21:28.679,0.62599,0.62623,1.40,1.50
2010.12.15 06:21:28.795,0.62606,0.62634,1.70,1.50
2010.12.15 06:21:30.342,0.62603,0.62633,1.10,1.50
2010.12.15 06:21:32.009,0.62607,0.62633,1.70,1.50
2010.12.15 06:21:32.529,0.62608,0.62633,2.90,1.50
2010.12.15 06:21:32.653,0.62608,0.62643,2.90,2.10
2010.12.15 06:21:32.772,0.62617,0.62643,1.50,2.10
2010.12.15 06:21:33.499,0.62617,0.62643,1.50,3.00
2010.12.15 06:21:33.615,0.62617,0.62643,1.50,2.10
2010.12.15 06:21:33.847,0.62617,0.62642,1.50,1.10
2010.12.15 06:21:34.075,0.62618,0.62648,1.40,2.30
2010.12.15 06:21:34.517,0.62627,0.62653,1.50,1.90
2010.12.15 06:21:34.857,0.62627,0.62656,3.60,2.10
2010.12.15 06:21:34.971,0.62627,0.62656,3.60,2.10
2010.12.15 06:21:35.669,0.62627,0.62654,2.70,2.50
2010.12.15 06:21:36.000,0.62626,0.6265,1.50,1.40
2010.12.15 06:21:36.549,0.62627,0.6265,1.50,1.40
2010.12.15 06:21:37.032,0.62617,0.62644,1.70,1.40
2010.12.15 06:21:37.253,0.62616,0.62652,2.90,2.50
2010.12.15 06:21:37.360,0.62617,0.62661,2.30,3.50
2010.12.15 06:21:37.860,0.62627,0.62653,1.50,1.50
2010.12.15 06:21:38.303,0.62627,0.62652,1.50,5.50
2010.12.15 06:21:38.870,0.62627,0.62653,1.50,4.70
2010.12.15 06:21:50.241,0.62617,0.62652,1.50,1.10
2010.12.15 06:21:50.529,0.62617,0.62643,1.50,1.50
2010.12.15 06:21:55.272,0.62617,0.62643,1.70,1.50
2010.12.15 06:21:56.518,0.62618,0.62643,3.20,1.50
2010.12.15 06:21:56.740,0.62627,0.62653,1.50,1.70
2010.12.15 06:21:57.757,0.62627,0.62653,2.10,1.50
2010.12.15 06:21:57.982,0.62627,0.62653,1.40,1.50
2010.12.15 06:21:58.091,0.62628,0.62662,2.90,2.70
2010.12.15 06:21:58.310,0.62628,0.62653,2.90,1.50
2010.12.15 06:21:58.863,0.62629,0.62653,1.40,1.50
2010.12.15 06:21:59.089,0.62636,0.62664,1.70,1.70
2010.12.15 06:21:59.470,0.62636,0.62664,1.70,1.70
2010.12.15 06:21:59.801,0.62636,0.62664,1.50,2.10
2010.12.15 06:22:03.028,0.62636,0.62663,2.50,2.90
2010.12.15 06:22:03.164,0.62636,0.62664,2.50,1.70
2010.12.15 06:22:03.939,0.62636,0.62664,1.70,1.50
2010.12.15 06:22:04.327,0.62636,0.62664,2.50,1.50
2010.12.15 06:22:04.660,0.62637,0.62664,1.40,1.50
2010.12.15 06:22:04.990,0.62646,0.62673,1.50,2.50
2010.12.15 06:22:05.734,0.62646,0.62673,1.50,3.20
2010.12.15 06:22:05.852,0.62646,0.62673,1.50,2.50
2010.12.15 06:22:12.959,0.62646,0.62673,1.70,2.30
2010.12.15 06:22:15.874,0.62646,0.62673,1.70,2.70
2010.12.15 06:22:16.213,0.62637,0.62672,2.90,2.50
2010.12.15 06:22:16.321,0.62638,0.62672,3.20,2.30
2010.12.15 06:22:16.971,0.62638,0.62663,3.20,1.50
2010.12.15 06:22:17.130,0.62646,0.62672,1.50,2.30
2010.12.15 06:22:21.920,0.62646,0.62673,1.50,2.30
2010.12.15 06:22:22.672,0.62646,0.62672,1.50,2.30
2010.12.15 06:22:23.021,0.62646,0.62672,1.50,2.90
2010.12.15 06:22:24.103,0.62646,0.62672,1.50,3.60
2010.12.15 06:22:25.475,0.62646,0.62672,2.50,2.50
2010.12.15 06:22:26.049,0.62646,0.62672,1.70,2.30
2010.12.15 06:22:27.031,0.62646,0.62672,1.50,2.90
2010.12.15 06:22:32.076,0.62636,0.62666,2.10,2.90
2010.12.15 06:22:32.197,0.62636,0.62652,1.50,1.40
2010.12.15 06:22:32.716,0.62628,0.62655,3.20,1.40
2010.12.15 06:22:32.834,0.62632,0.62661,1.40,1.40
2010.12.15 06:22:33.365,0.62635,0.62653,1.40,1.50
2010.12.15 06:22:33.487,0.62637,0.62661,1.70,1.40
2010.12.15 06:22:43.540,0.62638,0.62663,3.60,1.70
2010.12.15 06:22:44.193,0.62638,0.62669,3.60,1.40
2010.12.15 06:22:44.311,0.62638,0.6267,3.80,1.40
2010.12.15 06:22:44.640,0.62645,0.62674,1.40,2.10
2010.12.15 06:22:45.241,0.62646,0.62669,1.50,1.40
2010.12.15 06:22:45.462,0.62641,0.62669,1.40,1.40
2010.12.15 06:22:45.791,0.62647,0.62669,1.50,1.40
2010.12.15 06:22:50.121,0.62647,0.6267,1.50,1.40
2010.12.15 06:22:50.598,0.62638,0.62666,1.40,1.40
2010.12.15 06:22:51.230,0.62638,0.62663,1.40,1.50
2010.12.15 06:22:52.569,0.62637,0.62663,1.50,2.10
2010.12.15 06:22:54.749,0.62628,0.62664,1.40,4.40
2010.12.15 06:22:54.972,0.62628,0.62654,1.40,1.50
2010.12.15 06:22:55.566,0.62629,0.62654,1.40,1.50
2010.12.15 06:22:55.709,0.62627,0.62657,4.40,1.40
2010.12.15 06:22:55.826,0.62627,0.62659,1.70,1.40
2010.12.15 06:22:56.229,0.62636,0.62659,1.50,1.40
2010.12.15 06:22:56.344,0.62627,0.62651,1.50,1.40
2010.12.15 06:22:57.482,0.62629,0.62653,1.40,1.50
2010.12.15 06:22:57.891,0.62637,0.62661,1.50,1.40
2010.12.15 06:22:59.995,0.62637,0.62657,1.50,1.40
2010.12.15 06:23:01.320,0.62637,0.62662,1.70,1.70
2010.12.15 06:23:01.434,0.62631,0.6266,1.40,1.40
2010.12.15 06:23:02.010,0.62636,0.6266,1.50,1.40
2010.12.15 06:23:03.007,0.62636,0.62658,1.50,1.40
2010.12.15 06:23:10.132,0.62636,0.62662,2.10,2.50
2010.12.15 06:23:10.353,0.62632,0.62663,1.40,1.40
2010.12.15 06:23:10.460,0.62631,0.62661,1.40,1.40
2010.12.15 06:23:10.857,0.62637,0.62661,1.50,1.40
2010.12.15 06:23:10.974,0.62637,0.62663,1.50,2.90
2010.12.15 06:23:11.204,0.62637,0.6266,1.50,1.40
2010.12.15 06:23:11.784,0.62628,0.62655,2.30,1.40
2010.12.15 06:23:12.120,0.62626,0.62652,1.50,1.40
2010.12.15 06:23:13.170,0.62626,0.62651,1.70,1.40
2010.12.15 06:23:16.004,0.62626,0.62648,1.50,1.40
2010.12.15 06:23:16.426,0.62626,0.6265,1.50,1.40
2010.12.15 06:23:16.652,0.62616,0.6265,2.50,1.40
2010.12.15 06:23:16.760,0.62616,0.6265,1.50,1.40
2010.12.15 06:23:17.090,0.62617,0.62643,1.50,1.70
2010.12.15 06:23:17.514,0.62616,0.6264,1.50,1.40
2010.12.15 06:23:18.302,0.62617,0.62641,1.50,1.40
2010.12.15 06:23:18.631,0.62617,0.62639,1.50,1.40
2010.12.15 06:23:18.740,0.62617,0.62641,1.50,1.40
2010.12.15 06:23:19.570,0.62607,0.62623,1.40,2.30
2010.12.15 06:23:19.683,0.62608,0.62631,3.20,2.50
2010.12.15 06:23:19.791,0.62607,0.62631,1.50,3.20
2010.12.15 06:23:20.120,0.62606,0.62634,2.50,2.50
2010.12.15 06:23:20.230,0.62606,0.62634,1.50,1.70
2010.12.15 06:23:20.728,0.62606,0.62627,1.50,1.40
2010.12.15 06:23:20.850,0.62605,0.62633,1.40,2.30
2010.12.15 06:23:20.963,0.62607,0.62643,2.90,4.40
2010.12.15 06:23:21.083,0.62604,0.62639,1.50,3.20
2010.12.15 06:23:21.191,0.62597,0.62634,1.70,1.40
2010.12.15 06:23:21.300,0.62597,0.62634,1.50,1.40
2010.12.15 06:23:21.807,0.62596,0.62624,1.50,1.50
2010.12.15 06:23:22.416,0.62598,0.62624,2.50,1.50
2010.12.15 06:23:24.910,0.62598,0.62624,3.20,1.50
2010.12.15 06:23:25.620,0.62599,0.62634,1.40,1.70
2010.12.15 06:23:25.738,0.62607,0.62633,1.70,1.50
2010.12.15 06:23:26.291,0.62607,0.62633,1.70,1.50
2010.12.15 06:23:27.078,0.62607,0.62641,2.50,1.40
2010.12.15 06:23:27.301,0.62606,0.62643,2.50,2.90
2010.12.15 06:23:27.631,0.62606,0.62639,2.10,1.40
2010.12.15 06:23:28.116,0.62607,0.62634,3.60,1.50
2010.12.15 06:23:28.671,0.62609,0.62634,1.40,1.50
2010.12.15 06:23:29.124,0.62606,0.62634,1.70,1.50
2010.12.15 06:23:29.243,0.6261,0.62634,1.40,1.50
2010.12.15 06:23:29.462,0.62608,0.62634,2.50,1.70
2010.12.15 06:23:29.680,0.62606,0.62634,2.90,1.70
2010.12.15 06:23:30.272,0.62616,0.62642,1.50,2.90
2010.12.15 06:23:30.495,0.62607,0.62633,2.50,1.50
2010.12.15 06:23:30.615,0.62607,0.62633,1.70,1.50
2010.12.15 06:23:31.163,0.62607,0.62633,1.90,1.50
2010.12.15 06:23:31.491,0.62608,0.62633,2.50,1.50
2010.12.15 06:23:31.920,0.62608,0.62633,2.90,1.50
2010.12.15 06:23:32.527,0.62608,0.62633,1.40,1.50
2010.12.15 06:23:32.752,0.62617,0.62643,2.10,1.50
2010.12.15 06:23:32.863,0.62617,0.62654,2.90,1.70
2010.12.15 06:23:33.190,0.62618,0.62653,1.40,2.30
2010.12.15 06:23:33.696,0.62617,0.62654,2.90,1.70
2010.12.15 06:23:33.814,0.62617,0.62654,3.60,1.70
2010.12.15 06:23:34.151,0.62617,0.62643,1.70,1.50
2010.12.15 06:23:34.812,0.62618,0.62643,3.60,1.50
2010.12.15 06:23:35.384,0.62618,0.62643,3.20,1.50
2010.12.15 06:23:35.503,0.62618,0.62643,2.50,1.50
2010.12.15 06:23:35.621,0.62616,0.62652,2.50,2.50
2010.12.15 06:23:35.732,0.62618,0.62652,1.40,2.30
2010.12.15 06:23:36.082,0.62626,0.62652,1.50,2.30
2010.12.15 06:23:36.300,0.62626,0.62654,1.50,1.50
2010.12.15 06:23:36.411,0.62626,0.62654,1.50,1.60
2010.12.15 06:23:37.192,0.62626,0.62652,1.50,2.50
2010.12.15 06:23:37.524,0.62626,0.62652,1.50,3.60
2010.12.15 06:23:38.087,0.62617,0.62643,1.50,1.70
2010.12.15 06:23:38.313,0.62617,0.62642,1.50,3.20
2010.12.15 06:23:39.913,0.62617,0.62642,1.50,3.60
2010.12.15 06:23:43.517,0.62608,0.62642,2.30,3.60
2010.12.15 06:23:43.634,0.62606,0.62642,1.50,3.60
2010.12.15 06:23:44.160,0.62608,0.62642,2.30,3.20
2010.12.15 06:23:44.494,0.62607,0.62634,2.30,1.50
2010.12.15 06:23:45.022,0.62608,0.62634,2.30,1.50
2010.12.15 06:23:45.129,0.62606,0.62634,1.50,1.50
2010.12.15 06:23:45.241,0.62606,0.62634,1.70,1.50
2010.12.15 06:23:45.573,0.62606,0.62634,1.50,1.70
2010.12.15 06:23:46.116,0.62606,0.62634,1.50,1.70
2010.12.15 06:23:46.453,0.62608,0.62634,2.30,1.70
2010.12.15 06:23:46.563,0.62606,0.62634,1.50,1.70
2010.12.15 06:23:47.354,0.62606,0.62634,1.50,1.50
2010.12.15 06:23:48.020,0.62608,0.62634,2.30,1.50
2010.12.15 06:23:48.350,0.62608,0.62634,2.30,1.70
2010.12.15 06:23:48.460,0.62606,0.62634,1.50,1.70
2010.12.15 06:23:48.785,0.62608,0.62634,2.30,1.50
2010.12.15 06:23:48.934,0.62606,0.62634,1.50,1.70
2010.12.15 06:23:49.052,0.62608,0.62634,2.30,1.50
2010.12.15 06:23:49.596,0.62606,0.62634,1.50,1.70
2010.12.15 06:23:49.930,0.62606,0.62634,1.70,1.50
2010.12.15 06:23:50.840,0.62606,0.62634,1.50,1.50
2010.12.15 06:23:52.338,0.62607,0.62634,2.30,1.50
2010.12.15 06:24:01.412,0.62607,0.62634,3.20,1.50
2010.12.15 06:24:01.521,0.62607,0.62643,3.20,2.50
2010.12.15 06:24:02.042,0.62609,0.62644,1.40,1.50
2010.12.15 06:24:02.790,0.62617,0.62643,1.70,1.50
2010.12.15 06:24:03.646,0.62617,0.62643,2.50,1.50
2010.12.15 06:24:03.870,0.62618,0.62653,1.40,1.70
2010.12.15 06:24:04.443,0.62626,0.62654,1.50,1.70
2010.12.15 06:24:06.771,0.62617,0.6265,2.90,1.90
2010.12.15 06:24:06.880,0.62617,0.62648,2.10,1.40
2010.12.15 06:24:07.582,0.62617,0.62644,1.40,2.90
2010.12.15 06:24:08.301,0.62617,0.62653,1.40,4.00
2010.12.15 06:24:08.785,0.62618,0.62654,1.40,1.70
2010.12.15 06:24:09.357,0.62626,0.62654,1.50,1.70
2010.12.15 06:24:26.657,0.62627,0.62653,1.50,1.70
2010.12.15 06:24:34.780,0.62626,0.62654,1.50,1.70
2010.12.15 06:24:49.891,0.62627,0.62653,1.50,1.70
2010.12.15 06:24:50.635,0.62627,0.62653,2.50,1.50
2010.12.15 06:24:51.130,0.62627,0.62663,2.50,4.40
2010.12.15 06:24:51.349,0.62636,0.62664,1.50,2.50
2010.12.15 06:24:51.880,0.62636,0.62664,1.70,1.50
2010.12.15 06:24:51.993,0.62636,0.62664,2.50,1.50
2010.12.15 06:24:52.100,0.62637,0.62673,2.50,2.50
2010.12.15 06:24:52.871,0.62637,0.62663,4.70,1.50
2010.12.15 06:24:53.483,0.62637,0.62673,4.70,4.90
2010.12.15 06:24:53.613,0.62647,0.62673,4.20,1.90
2010.12.15 06:24:54.467,0.62647,0.62673,4.20,2.10
2010.12.15 06:24:57.020,0.62647,0.62673,4.40,1.90
2010.12.15 06:25:15.672,0.62647,0.62673,4.00,1.90
2010.12.15 06:25:16.238,0.62647,0.62668,1.50,1.40
2010.12.15 06:25:16.371,0.62637,0.62659,1.50,1.40
2010.12.15 06:25:17.101,0.62636,0.62659,1.50,1.40
2010.12.15 06:25:19.631,0.62636,0.62663,1.50,3.00
2010.12.15 06:25:20.247,0.62636,0.62664,1.50,1.90
2010.12.15 06:25:20.373,0.62636,0.62664,1.50,1.50
2010.12.15 06:25:20.724,0.62636,0.62664,1.70,1.50
2010.12.15 06:25:21.149,0.62638,0.62671,2.50,1.40
2010.12.15 06:25:21.263,0.62636,0.62664,1.70,1.70
2010.12.15 06:25:21.832,0.62636,0.62664,1.70,2.10
2010.12.15 06:25:25.941,0.62636,0.62664,1.70,2.10
2010.12.15 06:25:26.338,0.62628,0.62662,1.40,1.40
2010.12.15 06:25:26.453,0.62637,0.62662,1.50,1.40
2010.12.15 06:25:27.269,0.62637,0.62663,1.50,2.10
2010.12.15 06:25:27.429,0.62633,0.62664,1.40,2.10
2010.12.15 06:25:27.539,0.62637,0.62663,1.50,2.10
2010.12.15 06:25:29.888,0.62637,0.62663,1.50,2.10
2010.12.15 06:25:32.337,0.62637,0.62659,1.50,1.40
2010.12.15 06:25:45.530,0.62629,0.62664,1.40,1.50
2010.12.15 06:25:46.342,0.62637,0.62663,1.50,1.50
2010.12.15 06:25:54.500,0.62637,0.62663,2.50,1.50
2010.12.15 06:25:54.610,0.62638,0.62674,3.20,1.80
2010.12.15 06:25:55.252,0.62647,0.62673,1.50,1.80
2010.12.15 06:26:00.651,0.62647,0.62673,1.50,5.20
2010.12.15 06:26:01.524,0.62647,0.62669,1.50,1.40
2010.12.15 06:26:02.042,0.62636,0.62664,1.50,1.70
2010.12.15 06:26:04.820,0.62638,0.62664,2.50,1.50
2010.12.15 06:26:05.151,0.62638,0.62674,3.40,2.50
2010.12.15 06:26:05.260,0.62646,0.62674,1.50,2.50
2010.12.15 06:26:06.665,0.62646,0.62674,1.50,2.90
2010.12.15 06:26:07.202,0.62638,0.62671,2.90,1.40
2010.12.15 06:26:07.326,0.62637,0.6266,1.50,1.40
2010.12.15 06:26:07.438,0.62628,0.62658,2.30,2.10
2010.12.15 06:26:07.771,0.62628,0.62653,2.30,1.50
2010.12.15 06:26:09.273,0.62628,0.62653,2.90,1.50
2010.12.15 06:26:09.891,0.62634,0.62662,1.40,1.40
2010.12.15 06:26:14.321,0.62636,0.62664,2.50,1.90
2010.12.15 06:26:14.851,0.62646,0.6267,1.50,1.40
2010.12.15 06:26:14.990,0.62646,0.6267,1.50,1.40
2010.12.15 06:26:16.979,0.62646,0.62666,1.50,1.40
2010.12.15 06:26:17.136,0.62646,0.62671,1.50,1.40
2010.12.15 06:26:18.466,0.62646,0.62669,1.50,1.40
2010.12.15 06:26:25.542,0.62646,0.62671,1.70,1.40
2010.12.15 06:26:27.252,0.62646,0.62669,1.50,1.40
2010.12.15 06:26:32.415,0.62646,0.62667,1.50,1.70
2010.12.15 06:26:32.934,0.62637,0.6266,1.70,1.40
2010.12.15 06:26:33.051,0.6263,0.62656,1.40,1.40
2010.12.15 06:26:33.494,0.62626,0.62652,1.50,1.40
2010.12.15 06:26:34.737,0.62626,0.62652,1.50,1.40
2010.12.15 06:26:34.882,0.62626,0.62652,1.50,1.40
2010.12.15 06:26:36.369,0.62626,0.62649,1.50,1.40
2010.12.15 06:26:36.482,0.62626,0.62648,1.50,1.10
2010.12.15 06:26:39.678,0.62617,0.62643,1.50,1.70
2010.12.15 06:26:40.355,0.62617,0.62643,1.50,4.70
2010.12.15 06:26:42.511,0.62617,0.62643,1.50,3.80
2010.12.15 06:26:42.620,0.62618,0.62651,2.30,1.40
2010.12.15 06:26:42.860,0.62618,0.62651,2.30,1.40
2010.12.15 06:26:43.314,0.62617,0.62643,1.50,3.60
2010.12.15 06:26:44.944,0.62617,0.62637,1.50,1.40
2010.12.15 06:26:45.069,0.62617,0.62641,1.50,1.40
2010.12.15 06:26:46.035,0.62617,0.62639,1.50,1.40
2010.12.15 06:26:46.181,0.62606,0.62635,1.90,1.40
2010.12.15 06:26:46.292,0.62607,0.62633,4.40,1.50
2010.12.15 06:26:46.398,0.62607,0.6264,2.90,1.40
2010.12.15 06:26:46.950,0.62617,0.62642,1.50,2.90
2010.12.15 06:26:47.279,0.62617,0.6264,1.50,1.40
2010.12.15 06:26:47.389,0.62608,0.6264,2.30,1.40
2010.12.15 06:26:47.917,0.62608,0.62634,2.30,2.90
2010.12.15 06:26:48.265,0.62608,0.62634,2.50,1.90
2010.12.15 06:26:48.791,0.62606,0.62634,1.50,1.50
2010.12.15 06:26:49.011,0.62606,0.62634,2.10,1.50
2010.12.15 06:26:49.496,0.62609,0.62643,1.40,1.90
2010.12.15 06:26:49.833,0.62617,0.62643,1.50,2.90
2010.12.15 06:26:50.531,0.62617,0.62642,1.50,3.30
2010.12.15 06:26:52.440,0.62617,0.62642,1.50,2.60
2010.12.15 06:26:53.750,0.62617,0.62642,1.50,2.50
2010.12.15 06:26:54.713,0.62617,0.62643,1.50,1.70
2010.12.15 06:26:59.969,0.62617,0.62643,1.50,2.50
2010.12.15 06:27:00.414,0.62608,0.62642,2.70,2.90
2010.12.15 06:27:00.529,0.62617,0.62642,1.50,2.90
2010.12.15 06:27:01.124,0.62617,0.6264,1.50,1.40
2010.12.15 06:27:05.812,0.62617,0.6264,1.50,1.40
2010.12.15 06:27:06.324,0.62596,0.62616,1.50,1.40
2010.12.15 06:27:06.464,0.62596,0.62619,2.50,1.90
2010.12.15 06:27:06.584,0.62598,0.62623,3.20,1.50
2010.12.15 06:27:08.102,0.62598,0.62623,2.50,1.50
2010.12.15 06:27:09.492,0.62598,0.62623,3.20,1.50
2010.12.15 06:27:10.061,0.62598,0.62623,2.50,1.50
2010.12.15 06:27:11.134,0.62597,0.62623,1.70,1.50
2010.12.15 06:27:15.479,0.62598,0.62623,2.30,1.50
2010.12.15 06:27:16.081,0.62597,0.62623,1.70,1.50
2010.12.15 06:27:17.011,0.62596,0.62623,1.50,3.20
2010.12.15 06:27:17.474,0.62596,0.62623,1.50,3.60
2010.12.15 06:27:17.591,0.62587,0.62623,1.50,6.60
2010.12.15 06:27:17.699,0.62587,0.62619,1.50,1.40
2010.12.15 06:27:18.253,0.62586,0.6261,1.50,2.90
2010.12.15 06:27:18.379,0.62577,0.62602,2.10,2.50
2010.12.15 06:27:18.492,0.62572,0.626,1.40,1.40
2010.12.15 06:27:18.712,0.62576,0.62603,1.40,4.00
2010.12.15 06:27:19.156,0.62571,0.626,1.40,1.40
2010.12.15 06:27:19.381,0.62576,0.62604,1.70,1.50
2010.12.15 06:27:19.598,0.62576,0.62604,1.50,1.50
2010.12.15 06:27:21.541,0.62576,0.62604,2.90,1.50
2010.12.15 06:27:21.664,0.62578,0.62612,3.40,2.30
2010.12.15 06:27:21.779,0.62587,0.62612,1.50,2.30
2010.12.15 06:27:26.035,0.62578,0.62612,3.40,2.30
2010.12.15 06:27:26.155,0.62576,0.62608,2.10,2.90
2010.12.15 06:27:26.490,0.62576,0.62604,2.90,2.90
2010.12.15 06:27:27.249,0.62576,0.62602,2.50,1.40
2010.12.15 06:27:27.363,0.62576,0.62599,1.50,1.40
2010.12.15 06:27:28.111,0.62576,0.62603,2.50,1.40
2010.12.15 06:27:28.222,0.62576,0.62601,2.50,2.90
2010.12.15 06:27:28.330,0.62573,0.62586,1.50,1.40
2010.12.15 06:27:28.757,0.62573,0.62593,1.50,1.70
2010.12.15 06:27:28.873,0.62561,0.62593,1.40,1.70
2010.12.15 06:27:28.991,0.62566,0.62594,1.70,2.50
2010.12.15 06:27:29.543,0.62561,0.62577,2.50,2.30
2010.12.15 06:27:29.696,0.62516,0.62545,1.50,3.20
2010.12.15 06:27:29.812,0.62516,0.62544,1.50,2.50
2010.12.15 06:27:30.044,0.62511,0.62544,2.50,2.50
2010.12.15 06:27:30.486,0.62504,0.62512,6.00,1.40
2010.12.15 06:27:30.859,0.62511,0.62534,1.40,1.50
2010.12.15 06:27:30.997,0.62501,0.62527,9.60,2.10
2010.12.15 06:27:31.404,0.62484,0.62524,2.50,2.50
2010.12.15 06:27:31.852,0.62487,0.62524,2.30,2.50
2010.12.15 06:27:32.430,0.62486,0.62524,1.50,1.70
2010.12.15 06:27:32.872,0.62486,0.62524,1.50,2.50
2010.12.15 06:27:34.060,0.62488,0.62524,2.30,1.70
2010.12.15 06:27:34.474,0.62489,0.62524,2.30,1.50
2010.12.15 06:27:34.984,0.62486,0.62524,1.70,1.50
2010.12.15 06:27:36.269,0.62488,0.62524,1.40,1.50
2010.12.15 06:27:36.599,0.62488,0.62524,1.40,1.50
2010.12.15 06:27:36.818,0.62497,0.62532,1.50,1.40
2010.12.15 06:27:39.452,0.62497,0.6253,1.50,2.90
2010.12.15 06:27:39.572,0.62487,0.62523,2.20,1.40
2010.12.15 06:27:39.903,0.62488,0.62523,2.30,2.10
2010.12.15 06:27:40.462,0.62489,0.62523,6.40,3.80
2010.12.15 06:27:41.329,0.62497,0.62529,1.50,2.10
2010.12.15 06:27:41.725,0.62497,0.62525,1.50,2.90
2010.12.15 06:27:41.840,0.62489,0.62512,1.50,1.40
2010.12.15 06:27:42.266,0.62483,0.62515,1.40,1.40
2010.12.15 06:27:42.392,0.62486,0.62519,1.40,1.40
2010.12.15 06:27:43.045,0.62493,0.62522,1.40,2.30
2010.12.15 06:27:43.562,0.62498,0.62529,1.40,2.10
2010.12.15 06:27:43.993,0.62498,0.62525,3.60,1.50
2010.12.15 06:27:44.675,0.62499,0.62527,1.40,1.40
2010.12.15 06:27:45.226,0.62497,0.62526,2.90,1.40
2010.12.15 06:27:45.764,0.62497,0.62525,2.50,1.40
2010.12.15 06:27:46.881,0.62497,0.62525,1.70,1.40
2010.12.15 06:27:47.243,0.62497,0.62522,1.50,2.90
2010.12.15 06:27:47.861,0.62491,0.62522,1.40,2.90
2010.12.15 06:27:49.579,0.62492,0.6252,1.40,1.40
2010.12.15 06:27:50.997,0.62497,0.62519,1.50,1.40
2010.12.15 06:27:51.557,0.62501,0.62528,1.40,1.40
2010.12.15 06:27:51.671,0.62501,0.62533,1.40,5.90
2010.12.15 06:27:52.076,0.62505,0.62533,1.40,3.60
2010.12.15 06:27:52.888,0.62506,0.6253,1.50,1.40
2010.12.15 06:27:53.651,0.62506,0.62533,1.70,3.60
2010.12.15 06:27:53.759,0.62506,0.62533,1.50,2.70
2010.12.15 06:27:55.514,0.62497,0.62527,4.40,1.40
2010.12.15 06:27:55.854,0.625,0.62528,1.40,1.40
2010.12.15 06:27:56.253,0.62501,0.62531,1.40,2.90
2010.12.15 06:27:56.375,0.62507,0.62531,1.70,1.40
2010.12.15 06:27:57.010,0.62508,0.62533,1.40,3.80
2010.12.15 06:27:57.339,0.62516,0.62536,1.50,1.40
2010.12.15 06:27:58.780,0.62516,0.62541,1.70,1.40
2010.12.15 06:27:59.002,0.62515,0.6254,1.70,1.70
2010.12.15 06:27:59.113,0.62506,0.62531,2.50,1.40
2010.12.15 06:27:59.343,0.62509,0.62535,1.40,1.40
2010.12.15 06:27:59.678,0.62516,0.62535,1.50,1.40
2010.12.15 06:28:00.510,0.62507,0.62533,4.70,2.10
2010.12.15 06:28:00.642,0.62507,0.62532,1.70,3.60
2010.12.15 06:28:01.090,0.62507,0.62532,1.50,2.90
2010.12.15 06:28:02.239,0.62509,0.62532,1.40,2.50
2010.12.15 06:28:02.958,0.62516,0.62535,1.50,1.40
2010.12.15 06:28:03.990,0.62509,0.6254,1.40,1.40
2010.12.15 06:28:04.390,0.62513,0.6254,1.40,1.40
2010.12.15 06:28:04.511,0.62508,0.62536,1.40,1.40
2010.12.15 06:28:04.856,0.62516,0.62536,1.50,1.40
2010.12.15 06:28:06.290,0.62507,0.62533,6.20,1.40
2010.12.15 06:28:06.400,0.62507,0.62537,3.60,1.40
2010.12.15 06:28:06.728,0.6251,0.62533,1.40,1.70
2010.12.15 06:28:07.210,0.62516,0.62537,1.50,1.40
2010.12.15 06:28:08.756,0.62516,0.62537,1.50,1.40
2010.12.15 06:28:08.979,0.62516,0.62538,1.70,1.90
2010.12.15 06:28:09.089,0.62514,0.62542,1.40,1.40
2010.12.15 06:28:09.621,0.62517,0.62542,1.50,1.40
2010.12.15 06:28:11.017,0.62517,0.62543,2.10,1.70
2010.12.15 06:28:12.865,0.62518,0.62543,1.40,1.50
2010.12.15 06:28:13.200,0.62522,0.6255,1.40,1.40
2010.12.15 06:28:13.638,0.62527,0.6255,1.50,1.40
2010.12.15 06:28:15.371,0.62516,0.62547,2.90,2.90
2010.12.15 06:28:16.921,0.62516,0.62543,2.10,3.20
2010.12.15 06:28:17.249,0.6251,0.6254,1.40,2.50
2010.12.15 06:28:17.469,0.62517,0.62536,1.50,1.40
2010.12.15 06:28:17.884,0.62517,0.62541,1.50,1.40
2010.12.15 06:28:18.369,0.62517,0.62541,1.50,1.40
2010.12.15 06:28:19.850,0.62517,0.62542,1.50,1.40
2010.12.15 06:28:20.073,0.62508,0.62538,1.40,1.40
2010.12.15 06:28:20.772,0.62508,0.62534,1.40,1.50
2010.12.15 06:28:21.352,0.62517,0.62538,1.50,2.90
2010.12.15 06:28:22.012,0.62517,0.62537,1.50,1.40
2010.12.15 06:28:23.535,0.62513,0.62538,1.40,1.50
2010.12.15 06:28:23.649,0.62513,0.62543,1.40,2.90
2010.12.15 06:28:24.431,0.62516,0.62543,1.50,1.40
2010.12.15 06:28:25.080,0.62516,0.62544,1.90,2.90
2010.12.15 06:28:25.191,0.62516,0.62544,2.90,2.10
2010.12.15 06:28:26.930,0.62516,0.62544,2.50,2.10
2010.12.15 06:28:27.046,0.62516,0.62537,1.50,1.40
2010.12.15 06:28:27.969,0.62517,0.62537,1.50,1.40
2010.12.15 06:28:31.004,0.62517,0.6254,1.50,1.70
2010.12.15 06:28:31.234,0.62517,0.62538,1.50,1.40
2010.12.15 06:28:32.719,0.62517,0.62537,1.50,1.40
2010.12.15 06:28:33.051,0.62513,0.6254,1.40,2.50
2010.12.15 06:28:33.602,0.62518,0.62545,3.60,1.40
2010.12.15 06:28:33.709,0.62526,0.62545,1.50,1.40
2010.12.15 06:28:35.917,0.62526,0.62543,1.50,1.40
2010.12.15 06:28:36.041,0.62517,0.62541,1.50,1.40
2010.12.15 06:28:36.972,0.62516,0.6254,1.70,2.50
2010.12.15 06:28:37.481,0.62516,0.6254,2.50,2.50
2010.12.15 06:28:38.652,0.62516,0.6254,1.70,2.50
2010.12.15 06:28:39.570,0.62518,0.62543,3.20,1.40
2010.12.15 06:28:39.899,0.62526,0.62545,1.50,1.40
2010.12.15 06:28:41.569,0.62526,0.62545,1.50,1.40
2010.12.15 06:28:43.319,0.62526,0.6255,1.50,1.40
2010.12.15 06:28:43.745,0.62531,0.62561,1.90,3.60
2010.12.15 06:28:43.863,0.62526,0.62551,1.50,1.40
2010.12.15 06:28:43.981,0.62529,0.62552,1.40,2.30
2010.12.15 06:28:44.364,0.62529,0.62558,1.40,1.40
2010.12.15 06:28:44.487,0.62536,0.62545,1.50,1.40
2010.12.15 06:28:44.599,0.62527,0.62545,1.50,1.40
2010.12.15 06:28:45.073,0.62527,0.62546,1.50,1.40
2010.12.15 06:28:45.680,0.62527,0.6255,1.50,1.40
2010.12.15 06:28:50.472,0.62527,0.62545,1.50,1.40
2010.12.15 06:28:50.689,0.62527,0.62548,1.50,1.40
2010.12.15 06:28:54.346,0.62517,0.62543,4.40,1.50
2010.12.15 06:28:55.230,0.62517,0.62543,1.70,1.90
2010.12.15 06:28:55.449,0.62517,0.62543,1.40,1.50
2010.12.15 06:28:56.562,0.62517,0.62543,2.10,1.50
2010.12.15 06:28:57.066,0.62517,0.62548,1.50,1.10
2010.12.15 06:28:57.294,0.62517,0.62549,1.50,1.40
2010.12.15 06:28:57.409,0.62517,0.62543,1.50,1.50
2010.12.15 06:28:59.042,0.62508,0.62542,2.50,3.20
2010.12.15 06:28:59.259,0.62517,0.62542,1.50,3.20
2010.12.15 06:28:59.371,0.62517,0.62542,1.50,2.50
2010.12.15 06:29:01.101,0.62517,0.62543,1.50,2.50
2010.12.15 06:29:01.654,0.62506,0.62533,1.90,1.40
2010.12.15 06:29:01.990,0.62506,0.62534,1.50,1.70
2010.12.15 06:29:02.480,0.62493,0.62523,1.10,1.50
2010.12.15 06:29:02.701,0.62486,0.62512,2.30,2.90
2010.12.15 06:29:02.812,0.62498,0.62521,2.50,2.30
2010.12.15 06:29:02.920,0.62498,0.62524,2.50,1.50
2010.12.15 06:29:03.487,0.62485,0.62512,1.40,2.30
2010.12.15 06:29:04.131,0.62488,0.62513,3.60,1.50
2010.12.15 06:29:04.460,0.62492,0.62513,3.20,1.50
2010.12.15 06:29:05.621,0.62493,0.62513,1.10,1.50
2010.12.15 06:29:06.378,0.62497,0.62523,1.70,1.50
2010.12.15 06:29:06.838,0.62497,0.62523,1.70,1.50
2010.12.15 06:29:07.420,0.62489,0.62514,3.20,1.50
2010.12.15 06:29:08.349,0.62497,0.62523,1.70,1.50
2010.12.15 06:29:13.012,0.62489,0.6251,2.30,3.20
2010.12.15 06:29:13.124,0.62475,0.62517,2.50,1.70
2010.12.15 06:29:13.241,0.62477,0.62513,1.70,1.50
2010.12.15 06:29:13.849,0.62477,0.62513,1.70,1.50
2010.12.15 06:29:14.180,0.62477,0.62502,1.50,2.30
2010.12.15 06:29:14.809,0.62477,0.62502,1.50,2.90
2010.12.15 06:29:15.310,0.62476,0.62502,1.50,2.90
2010.12.15 06:29:16.102,0.62476,0.625,1.50,1.40
2010.12.15 06:29:16.691,0.6248,0.62508,1.40,2.10
2010.12.15 06:29:17.020,0.62477,0.625,1.50,1.40
2010.12.15 06:29:17.349,0.62477,0.62493,1.50,2.10
2010.12.15 06:29:17.798,0.62467,0.62486,1.50,1.40
2010.12.15 06:29:18.023,0.62457,0.62477,1.50,1.40
2010.12.15 06:29:18.143,0.62457,0.62483,1.90,3.20
2010.12.15 06:29:18.673,0.62467,0.6249,1.50,1.40
2010.12.15 06:29:19.157,0.62467,0.62487,1.50,1.40
2010.12.15 06:29:19.674,0.62467,0.62494,2.90,1.40
2010.12.15 06:29:19.791,0.62471,0.62498,1.40,1.40
2010.12.15 06:29:20.371,0.62476,0.62503,2.50,1.40
2010.12.15 06:29:20.590,0.6248,0.62507,1.40,1.40
2010.12.15 06:29:20.809,0.62487,0.62514,3.20,1.50
2010.12.15 06:29:20.920,0.62487,0.62514,2.30,2.50
2010.12.15 06:29:21.377,0.62477,0.62503,5.10,1.50
2010.12.15 06:29:21.939,0.62487,0.62503,1.40,1.50
2010.12.15 06:29:22.051,0.62488,0.62514,2.90,1.90
2010.12.15 06:29:22.269,0.62497,0.62513,1.50,1.50
2010.12.15 06:29:22.789,0.62486,0.62509,1.50,1.40
2010.12.15 06:29:23.010,0.62487,0.62509,1.50,1.40
2010.12.15 06:29:23.572,0.62487,0.62509,1.50,1.40
2010.12.15 06:29:23.902,0.62487,0.62506,1.50,1.40
2010.12.15 06:29:24.011,0.62487,0.62502,1.50,3.20
2010.12.15 06:29:24.528,0.62458,0.62488,2.30,2.90
2010.12.15 06:29:24.642,0.6245,0.62482,2.50,2.70
2010.12.15 06:29:25.069,0.62466,0.62482,1.50,2.30
2010.12.15 06:29:25.186,0.62466,0.6249,1.50,1.40
2010.12.15 06:29:26.143,0.62466,0.6249,1.50,1.40
2010.12.15 06:29:26.472,0.62466,0.62493,1.50,2.50
2010.12.15 06:29:26.994,0.62466,0.62494,1.50,1.50
2010.12.15 06:29:27.375,0.62466,0.62494,1.50,1.60
2010.12.15 06:29:28.222,0.62466,0.62493,1.50,1.10
2010.12.15 06:29:28.551,0.62466,0.62489,1.50,1.40
2010.12.15 06:29:29.003,0.62466,0.62489,1.50,1.40
2010.12.15 06:29:29.233,0.62447,0.62482,1.50,6.60
2010.12.15 06:29:29.460,0.62447,0.62473,1.50,2.30
2010.12.15 06:29:29.576,0.62447,0.62483,1.70,1.50
2010.12.15 06:29:30.033,0.62447,0.62493,1.70,1.70
2010.12.15 06:29:30.261,0.62457,0.62493,2.50,3.80
2010.12.15 06:29:30.810,0.62457,0.62484,2.50,1.50
2010.12.15 06:29:31.139,0.62457,0.62484,3.20,1.50
2010.12.15 06:29:31.801,0.62457,0.62493,4.70,1.50
2010.12.15 06:29:32.090,0.62457,0.62483,4.70,1.50
2010.12.15 06:29:32.533,0.62463,0.62483,1.40,1.50
2010.12.15 06:29:32.651,0.62467,0.62494,2.50,1.50
2010.12.15 06:29:34.222,0.62466,0.62494,1.50,1.70
2010.12.15 06:29:35.864,0.62468,0.62494,2.30,1.50
2010.12.15 06:29:37.253,0.62468,0.62494,2.50,1.50
2010.12.15 06:29:37.589,0.62471,0.62504,3.60,1.50
2010.12.15 06:29:37.810,0.62478,0.62514,1.40,2.10
2010.12.15 06:29:38.274,0.62486,0.62514,2.50,1.50
2010.12.15 06:29:38.964,0.62486,0.62514,1.50,1.50
2010.12.15 06:29:39.089,0.62486,0.62514,1.70,1.50
2010.12.15 06:29:39.420,0.6248,0.62504,1.40,1.50
2010.12.15 06:29:39.531,0.6248,0.62504,1.40,1.50
2010.12.15 06:29:41.799,0.62487,0.62513,1.50,1.50
2010.12.15 06:29:42.201,0.62477,0.62513,5.10,1.50
2010.12.15 06:29:42.309,0.62486,0.62514,1.50,1.50
2010.12.15 06:29:44.017,0.62486,0.62514,1.70,1.50
2010.12.15 06:29:44.131,0.62487,0.62523,2.50,2.50
2010.12.15 06:29:44.349,0.62487,0.62514,2.50,1.50
2010.12.15 06:29:45.722,0.62487,0.62514,3.20,1.50
2010.12.15 06:29:48.097,0.62487,0.62523,4.70,4.00
2010.12.15 06:29:48.469,0.62496,0.62523,1.50,2.50
2010.12.15 06:29:48.800,0.62496,0.62524,1.70,1.70
2010.12.15 06:29:49.322,0.62497,0.62522,1.50,2.30
2010.12.15 06:29:49.979,0.62497,0.62523,1.50,4.00
2010.12.15 06:29:50.367,0.62497,0.62523,1.50,4.00
2010.12.15 06:29:55.711,0.62497,0.62523,1.50,4.70
2010.12.15 06:29:55.837,0.62487,0.62513,1.50,4.20
2010.12.15 06:29:56.065,0.62487,0.62512,1.50,1.40
2010.12.15 06:29:56.932,0.62488,0.62516,1.40,1.40
2010.12.15 06:29:57.370,0.62487,0.62514,3.20,1.50
2010.12.15 06:29:58.049,0.62487,0.62514,3.20,1.50
2010.12.15 06:29:59.553,0.62497,0.62523,1.50,4.00
2010.12.15 06:30:00.012,0.62496,0.62523,1.40,2.30
2010.12.15 06:30:00.119,0.62498,0.62531,2.90,2.10
2010.12.15 06:30:00.490,0.62498,0.62529,2.70,1.40
2010.12.15 06:30:00.614,0.62496,0.62523,1.50,2.50
2010.12.15 06:30:00.839,0.62506,0.62523,1.50,2.50
2010.12.15 06:30:03.651,0.62496,0.62524,1.50,2.50
2010.12.15 06:30:07.171,0.62498,0.62524,2.30,2.50
2010.12.15 06:30:07.280,0.62498,0.62524,2.50,1.50
2010.12.15 06:30:07.392,0.62498,0.62532,2.50,3.20
2010.12.15 06:30:07.940,0.62506,0.62532,1.50,1.40
2010.12.15 06:30:08.551,0.62506,0.62533,1.50,2.50
2010.12.15 06:30:09.003,0.62506,0.62534,1.90,1.50
2010.12.15 06:30:09.232,0.62507,0.62543,2.90,6.40
2010.12.15 06:30:09.451,0.62517,0.62543,1.50,10.10
2010.12.15 06:30:10.052,0.62507,0.62529,2.30,1.40
2010.12.15 06:30:10.506,0.62508,0.62537,2.70,1.40
2010.12.15 06:30:11.059,0.62506,0.62534,1.70,2.50
2010.12.15 06:30:12.959,0.62507,0.62542,4.20,1.40
2010.12.15 06:30:13.080,0.62507,0.62533,4.20,1.50
2010.12.15 06:30:13.762,0.62507,0.62533,4.20,1.50
2010.12.15 06:30:14.306,0.62517,0.62543,1.50,4.50
2010.12.15 06:30:14.543,0.62517,0.62548,4.40,1.40
2010.12.15 06:30:15.014,0.62517,0.62544,2.90,2.10
2010.12.15 06:30:15.675,0.62518,0.62544,1.40,1.90
2010.12.15 06:30:15.793,0.62517,0.62544,3.60,1.70
2010.12.15 06:30:16.650,0.62519,0.62551,1.40,1.70
2010.12.15 06:30:16.763,0.62519,0.62553,1.40,1.80
2010.12.15 06:30:16.881,0.62527,0.62553,1.50,1.80
2010.12.15 06:30:17.405,0.62527,0.62553,1.50,2.60
2010.12.15 06:30:17.524,0.62527,0.62553,1.50,2.10
2010.12.15 06:30:17.752,0.62527,0.62553,1.50,2.90
2010.12.15 06:30:18.961,0.62527,0.62553,1.50,1.60
2010.12.15 06:30:19.865,0.62527,0.62553,1.50,1.80
2010.12.15 06:30:25.151,0.62527,0.62553,1.50,2.10
2010.12.15 06:30:25.754,0.62526,0.62552,1.50,1.40
2010.12.15 06:30:27.069,0.62526,0.6255,1.50,1.40
2010.12.15 06:30:28.309,0.62517,0.62546,2.90,1.40
2010.12.15 06:30:29.411,0.62517,0.62544,2.90,2.90
2010.12.15 06:30:30.122,0.62517,0.62541,2.30,1.40
2010.12.15 06:30:30.452,0.62527,0.62551,1.50,1.40
2010.12.15 06:30:32.428,0.62526,0.62551,1.50,1.40
2010.12.15 06:30:34.395,0.62521,0.62552,1.40,3.60
2010.12.15 06:30:34.619,0.62521,0.62544,1.40,1.50
2010.12.15 06:30:37.062,0.62521,0.62544,1.40,1.60
2010.12.15 06:30:37.279,0.62518,0.62546,2.50,2.60
2010.12.15 06:30:37.503,0.62518,0.62534,2.30,1.40
2010.12.15 06:30:38.232,0.62512,0.62534,1.40,1.50
2010.12.15 06:30:39.741,0.62516,0.62534,1.40,1.50
2010.12.15 06:30:39.975,0.62517,0.62543,2.90,1.70
2010.12.15 06:30:40.488,0.62525,0.62543,1.40,1.60
2010.12.15 06:30:41.532,0.62526,0.62551,2.50,1.50
2010.12.15 06:30:43.880,0.62526,0.62545,1.50,2.80
2010.12.15 06:30:44.100,0.62518,0.62545,3.60,2.80
2010.12.15 06:30:45.865,0.62518,0.62543,3.60,1.80
2010.12.15 06:30:46.095,0.62521,0.62543,1.40,1.70
2010.12.15 06:30:46.592,0.62518,0.62543,3.60,1.90
2010.12.15 06:30:46.704,0.62518,0.62543,3.60,2.00
2010.12.15 06:30:46.841,0.62518,0.62543,3.60,1.90
2010.12.15 06:30:46.950,0.62518,0.62543,3.60,2.00
2010.12.15 06:30:47.529,0.62518,0.62543,3.60,1.90
2010.12.15 06:30:48.544,0.62522,0.62547,1.40,1.30
2010.12.15 06:30:48.660,0.62527,0.62547,1.50,1.30
2010.12.15 06:30:49.467,0.62527,0.62547,1.50,1.10
2010.12.15 06:31:00.198,0.62527,0.62549,2.50,1.30
2010.12.15 06:31:00.310,0.62527,0.62549,2.50,1.10
2010.12.15 06:31:01.225,0.62527,0.62552,2.50,1.30
2010.12.15 06:31:01.348,0.62528,0.62553,1.40,1.80
2010.12.15 06:31:01.680,0.62536,0.62556,1.50,1.50
2010.12.15 06:31:02.660,0.62536,0.62556,1.50,1.40
2010.12.15 06:31:03.460,0.62536,0.62551,1.50,1.40
2010.12.15 06:31:03.893,0.62527,0.62551,4.70,1.40
2010.12.15 06:31:04.024,0.62532,0.62556,1.40,1.10
2010.12.15 06:31:10.086,0.62537,0.62559,1.70,3.30
2010.12.15 06:31:11.531,0.62537,0.62559,1.70,1.50
2010.12.15 06:31:12.238,0.62537,0.62559,1.70,3.50
2010.12.15 06:31:13.063,0.62537,0.62562,2.50,1.60
2010.12.15 06:31:13.807,0.62537,0.62563,2.50,4.20
2010.12.15 06:31:14.329,0.62537,0.62563,2.50,1.80
2010.12.15 06:31:16.662,0.62537,0.62563,2.50,4.00
2010.12.15 06:31:16.772,0.62537,0.62561,1.50,1.10
2010.12.15 06:31:17.779,0.62537,0.62561,1.50,1.30
2010.12.15 06:31:18.565,0.62526,0.62552,2.50,1.90
2010.12.15 06:31:19.428,0.62527,0.62553,2.50,12.20
2010.12.15 06:31:20.040,0.62527,0.62552,2.50,1.50
2010.12.15 06:31:20.490,0.62527,0.62553,2.50,12.40
2010.12.15 06:31:21.089,0.62527,0.62552,1.70,1.50
2010.12.15 06:31:21.781,0.62527,0.62553,1.70,12.40
2010.12.15 06:31:23.046,0.62527,0.62552,1.70,1.50
2010.12.15 06:31:24.593,0.62537,0.62553,1.40,2.30
2010.12.15 06:31:24.709,0.62537,0.62564,1.40,3.50
2010.12.15 06:31:25.626,0.62537,0.62564,1.40,7.90
2010.12.15 06:31:26.280,0.62546,0.62564,1.40,1.70
2010.12.15 06:31:26.500,0.62537,0.62563,4.00,1.10
2010.12.15 06:31:26.611,0.62547,0.62562,1.50,3.20
2010.12.15 06:31:26.727,0.62547,0.62562,1.50,2.50
2010.12.15 06:31:27.380,0.62546,0.62563,1.50,1.10
2010.12.15 06:31:27.490,0.62546,0.62565,1.50,1.50
2010.12.15 06:31:28.326,0.62546,0.62565,1.50,3.20
2010.12.15 06:31:28.666,0.62546,0.62565,1.50,3.90
2010.12.15 06:31:28.784,0.62546,0.62565,1.50,3.40
2010.12.15 06:31:29.960,0.62546,0.62565,1.50,3.20
2010.12.15 06:31:30.522,0.62546,0.62565,1.50,3.60
2010.12.15 06:31:32.059,0.62546,0.62565,1.50,3.20
2010.12.15 06:31:33.288,0.62546,0.62565,1.50,3.60
2010.12.15 06:31:35.551,0.62546,0.6256,1.50,1.50
2010.12.15 06:31:36.772,0.62546,0.62564,1.50,2.80
2010.12.15 06:31:36.882,0.62536,0.62562,1.50,2.90
2010.12.15 06:31:36.990,0.62536,0.62561,1.50,1.40
2010.12.15 06:31:37.538,0.62537,0.62563,1.50,4.70
2010.12.15 06:31:38.100,0.62536,0.62568,2.10,2.90
2010.12.15 06:31:38.323,0.62537,0.62565,1.40,1.40
2010.12.15 06:31:39.214,0.62537,0.62564,1.40,2.00
2010.12.15 06:31:44.002,0.62538,0.62564,1.90,2.60
2010.12.15 06:31:44.112,0.62538,0.62564,2.10,1.90
2010.12.15 06:31:44.220,0.62547,0.62563,1.50,1.10
2010.12.15 06:31:44.631,0.62537,0.62567,1.40,2.80
2010.12.15 06:31:44.740,0.62537,0.62565,1.40,1.40
2010.12.15 06:31:45.071,0.62547,0.62567,1.50,1.30
2010.12.15 06:31:46.265,0.62536,0.62567,2.50,1.30
2010.12.15 06:31:46.641,0.62547,0.62572,1.70,2.90
2010.12.15 06:31:47.135,0.62547,0.62569,4.00,1.30
2010.12.15 06:31:48.433,0.62547,0.62569,4.00,1.10
2010.12.15 06:31:48.582,0.62538,0.62564,1.40,1.40
2010.12.15 06:31:48.689,0.62547,0.62564,1.50,1.40
2010.12.15 06:31:49.219,0.62547,0.62562,1.50,2.50
2010.12.15 06:31:50.702,0.62547,0.62566,1.50,2.60
2010.12.15 06:31:53.438,0.62547,0.6256,1.50,1.40
2010.12.15 06:31:54.949,0.62536,0.6256,1.50,1.40
2010.12.15 06:31:55.273,0.62536,0.62563,1.50,2.80
2010.12.15 06:31:55.390,0.62536,0.62563,1.90,2.30
2010.12.15 06:31:55.719,0.62547,0.62565,1.50,1.10
2010.12.15 06:31:57.553,0.62547,0.62568,1.50,3.00
2010.12.15 06:31:58.350,0.62547,0.62566,1.50,2.60
2010.12.15 06:31:59.899,0.62547,0.62566,1.50,2.80
2010.12.15 06:32:00.229,0.62538,0.62566,2.90,2.80
2010.12.15 06:32:01.081,0.62538,0.62563,2.90,1.90
2010.12.15 06:32:01.781,0.62538,0.62563,2.90,2.00
2010.12.15 06:32:02.448,0.62538,0.62563,2.90,1.90
2010.12.15 06:32:06.321,0.62539,0.62571,1.40,1.50
2010.12.15 06:32:06.652,0.62546,0.62571,1.50,3.00
2010.12.15 06:32:07.277,0.62546,0.62571,1.50,6.40
2010.12.15 06:32:07.821,0.62546,0.62569,1.50,2.60
2010.12.15 06:32:10.810,0.62546,0.62572,1.40,2.20
2010.12.15 06:32:11.032,0.62547,0.62573,1.70,4.40
2010.12.15 06:32:11.954,0.62541,0.62569,1.40,1.40
2010.12.15 06:32:12.366,0.62547,0.62569,1.50,1.40
2010.12.15 06:32:19.033,0.62537,0.62565,5.10,1.40
2010.12.15 06:32:19.552,0.62541,0.62564,1.40,1.50
2010.12.15 06:32:19.663,0.62547,0.62568,1.50,1.10
2010.12.15 06:32:25.813,0.62541,0.62568,1.40,1.10
2010.12.15 06:32:26.034,0.62547,0.62568,1.50,1.10
2010.12.15 06:32:26.493,0.62547,0.62572,1.70,2.90
2010.12.15 06:32:27.630,0.62547,0.62572,1.50,2.90
2010.12.15 06:32:44.582,0.62564,0.62572,1.40,2.30
2010.12.15 06:32:45.014,0.62556,0.62592,1.50,1.10
2010.12.15 06:32:45.242,0.62557,0.62583,1.50,2.50
2010.12.15 06:32:47.585,0.62557,0.62583,1.50,1.70
2010.12.15 06:32:56.581,0.62559,0.62592,1.40,3.60
2010.12.15 06:32:56.806,0.62559,0.62584,1.40,1.50
2010.12.15 06:32:59.473,0.62556,0.62582,2.50,2.30
2010.12.15 06:32:59.918,0.62556,0.62582,1.50,3.20
2010.12.15 06:33:00.139,0.62556,0.62584,1.90,2.50
2010.12.15 06:33:00.816,0.62556,0.62583,1.90,3.20
2010.12.15 06:33:00.979,0.62556,0.62584,2.10,1.50
2010.12.15 06:33:27.472,0.62558,0.62584,1.40,1.50
2010.12.15 06:33:28.822,0.62557,0.62584,1.40,1.50
2010.12.15 06:33:29.335,0.62556,0.62584,2.10,1.50
2010.12.15 06:33:34.452,0.62556,0.62582,1.50,2.70
2010.12.15 06:33:37.955,0.62557,0.62586,1.40,1.50
2010.12.15 06:33:39.019,0.62558,0.62583,1.40,2.30
2010.12.15 06:33:39.759,0.62564,0.62583,3.80,2.30
2010.12.15 06:33:39.914,0.62578,0.62603,3.20,1.50
2010.12.15 06:33:40.032,0.62577,0.62603,5.10,1.50
2010.12.15 06:33:40.250,0.62577,0.62603,5.10,1.50
2010.12.15 06:33:40.880,0.62577,0.62603,4.70,1.50
2010.12.15 06:33:46.742,0.62577,0.62603,4.00,2.10
2010.12.15 06:33:49.355,0.62577,0.626,1.50,1.40
2010.12.15 06:33:49.690,0.62577,0.62601,1.50,1.40
2010.12.15 06:33:49.910,0.62577,0.62601,1.50,1.40
2010.12.15 06:33:50.193,0.62566,0.62601,1.70,1.40
2010.12.15 06:33:50.642,0.62577,0.62601,1.50,1.40
2010.12.15 06:33:51.468,0.62566,0.62594,1.70,1.50
2010.12.15 06:33:56.739,0.62566,0.62594,1.50,2.50
2010.12.15 06:33:57.375,0.62566,0.62593,1.50,3.60
2010.12.15 06:33:57.503,0.62567,0.62593,1.70,1.50
2010.12.15 06:34:03.101,0.62567,0.62592,1.50,2.90
2010.12.15 06:34:04.173,0.62567,0.62592,1.50,3.60
2010.12.15 06:34:04.610,0.62567,0.62592,1.50,3.20
2010.12.15 06:34:05.080,0.62567,0.62592,1.50,3.20
2010.12.15 06:34:06.262,0.62567,0.62593,1.90,1.70
2010.12.15 06:34:06.816,0.62566,0.62593,1.50,1.40
2010.12.15 06:34:07.582,0.62566,0.62592,1.50,3.20
2010.12.15 06:34:09.772,0.62566,0.62592,1.50,2.90
2010.12.15 06:34:12.157,0.62566,0.62594,2.50,1.70
2010.12.15 06:34:12.777,0.62566,0.62591,1.50,1.10
2010.12.15 06:34:12.890,0.62556,0.62591,1.70,1.10
2010.12.15 06:34:13.406,0.62556,0.62584,1.70,1.50
2010.12.15 06:34:16.936,0.62565,0.62594,2.10,1.60
2010.12.15 06:34:17.269,0.62569,0.62594,1.40,1.80
2010.12.15 06:34:18.509,0.62566,0.62588,1.50,1.50
2010.12.15 06:34:18.732,0.62561,0.62588,1.40,1.50
2010.12.15 06:34:19.304,0.62561,0.62583,1.40,1.50
2010.12.15 06:34:20.190,0.62567,0.62588,1.70,1.90
2010.12.15 06:34:20.300,0.62577,0.62596,1.40,1.50
2010.12.15 06:34:20.723,0.6256,0.62589,1.40,1.40
2010.12.15 06:34:20.841,0.6256,0.62593,1.40,1.90
2010.12.15 06:34:20.951,0.62563,0.62593,1.40,1.50
2010.12.15 06:34:21.353,0.62567,0.62593,2.50,1.50
2010.12.15 06:34:21.460,0.62567,0.62593,2.50,1.50
2010.12.15 06:34:23.871,0.62567,0.62593,4.70,1.50
2010.12.15 06:34:23.980,0.62567,0.62603,4.70,1.70
2010.12.15 06:34:24.199,0.62576,0.62604,1.50,2.50
2010.12.15 06:34:24.961,0.62567,0.62599,1.70,1.10
2010.12.15 06:34:25.069,0.62566,0.62594,1.70,1.50
2010.12.15 06:34:28.014,0.62568,0.62603,1.40,4.40
2010.12.15 06:34:28.129,0.62571,0.62593,1.40,1.50
2010.12.15 06:34:28.756,0.62573,0.62593,1.40,1.50
2010.12.15 06:34:28.871,0.62577,0.62603,1.70,1.70
2010.12.15 06:34:29.650,0.62577,0.62603,1.70,1.50
2010.12.15 06:34:30.843,0.62571,0.62604,1.40,1.50
2010.12.15 06:34:34.369,0.62576,0.62604,1.50,2.50
2010.12.15 06:34:34.812,0.62576,0.62603,1.50,3.80
2010.12.15 06:34:49.742,0.62567,0.62602,1.70,1.10
2010.12.15 06:34:50.071,0.62576,0.62602,1.50,1.10
2010.12.15 06:34:56.954,0.62576,0.62603,1.50,3.00
2010.12.15 06:34:59.160,0.62576,0.62604,1.50,1.90
2010.12.15 06:35:05.261,0.62576,0.62603,1.50,1.10
2010.12.15 06:35:06.135,0.62576,0.62607,1.50,1.10
2010.12.15 06:35:06.694,0.62577,0.62604,1.50,1.10
2010.12.15 06:35:07.229,0.62576,0.62604,1.50,2.60
2010.12.15 06:35:08.692,0.62576,0.62604,1.50,1.80
2010.12.15 06:35:08.909,0.62576,0.62604,1.50,1.60
2010.12.15 06:35:09.542,0.62576,0.62602,1.50,2.30
2010.12.15 06:35:09.761,0.62576,0.62602,1.50,2.90
2010.12.15 06:35:11.263,0.62576,0.62602,1.50,3.00
2010.12.15 06:35:18.515,0.62567,0.62593,1.50,2.50
2010.12.15 06:35:19.951,0.62566,0.62593,1.50,2.50
2010.12.15 06:35:20.062,0.62566,0.62593,2.10,2.30
2010.12.15 06:35:20.170,0.62566,0.62597,3.60,2.10
2010.12.15 06:35:20.682,0.62576,0.62599,1.50,2.60
2010.12.15 06:35:21.347,0.62576,0.62596,1.50,1.40
2010.12.15 06:35:24.820,0.62576,0.62603,2.50,2.30
2010.12.15 06:35:25.209,0.62576,0.62604,2.50,2.50
2010.12.15 06:35:25.325,0.6257,0.62603,1.40,1.70
2010.12.15 06:35:25.829,0.62576,0.62604,1.50,1.70
2010.12.15 06:35:28.021,0.62576,0.62604,1.50,1.50
2010.12.15 06:35:42.392,0.62576,0.62603,1.50,2.30
2010.12.15 06:35:43.160,0.62576,0.62604,1.50,1.50
2010.12.15 06:35:43.680,0.62577,0.62603,1.50,1.50
2010.12.15 06:35:49.741,0.62576,0.62604,1.50,1.50
2010.12.15 06:35:56.586,0.62576,0.62604,1.50,2.60
2010.12.15 06:35:58.159,0.62576,0.62604,1.50,1.80
2010.12.15 06:35:58.751,0.62576,0.62604,1.50,1.70
2010.12.15 06:35:59.539,0.62576,0.62604,1.50,1.80
2010.12.15 06:35:59.763,0.62576,0.62604,1.50,1.70
2010.12.15 06:36:00.023,0.62576,0.62604,1.50,1.80
2010.12.15 06:36:00.140,0.62576,0.62604,1.50,1.70
2010.12.15 06:36:01.069,0.62576,0.62604,1.50,1.80
2010.12.15 06:36:03.525,0.62576,0.62604,1.50,2.30
2010.12.15 06:36:03.665,0.62576,0.62603,1.50,3.80
2010.12.15 06:36:03.780,0.62567,0.62593,1.70,1.50
2010.12.15 06:36:04.443,0.62575,0.62593,2.30,1.50
2010.12.15 06:36:04.660,0.62587,0.62616,2.90,1.50
2010.12.15 06:36:05.164,0.62597,0.62618,1.50,1.10
2010.12.15 06:36:05.542,0.62587,0.62613,1.50,1.50
2010.12.15 06:36:07.021,0.62586,0.62618,1.50,1.10
2010.12.15 06:36:07.559,0.62587,0.62613,1.50,1.60
2010.12.15 06:36:11.710,0.62587,0.62613,1.50,2.60
2010.12.15 06:36:11.931,0.62576,0.62609,1.70,1.10
2010.12.15 06:36:12.583,0.62576,0.62604,1.70,1.50
2010.12.15 06:36:13.196,0.62578,0.62604,1.40,1.50
2010.12.15 06:36:13.621,0.62587,0.62613,1.50,1.60
2010.12.15 06:36:14.271,0.62587,0.62613,1.50,1.50
2010.12.15 06:36:15.259,0.62578,0.62613,3.60,1.70
2010.12.15 06:36:15.396,0.62578,0.62611,2.30,1.40
2010.12.15 06:36:15.921,0.62577,0.62603,1.50,1.50
2010.12.15 06:36:17.179,0.62577,0.62603,1.50,1.70
2010.12.15 06:36:18.080,0.62577,0.62603,1.50,1.80
2010.12.15 06:36:19.210,0.62577,0.62603,1.50,1.80
2010.12.15 06:36:20.320,0.62576,0.62604,1.50,1.10
2010.12.15 06:36:22.761,0.62576,0.62604,1.50,1.70
2010.12.15 06:36:23.425,0.62577,0.62604,2.50,1.50
2010.12.15 06:36:23.930,0.62576,0.62604,1.50,1.50
2010.12.15 06:36:24.772,0.62576,0.62604,1.50,2.50
2010.12.15 06:36:25.101,0.62576,0.62602,1.50,1.10
2010.12.15 06:36:25.603,0.62566,0.62602,1.70,1.10
2010.12.15 06:36:25.712,0.62567,0.62593,1.50,1.50
2010.12.15 06:36:26.640,0.62566,0.62604,2.50,1.80
2010.12.15 06:36:27.015,0.62566,0.62604,1.70,2.60
2010.12.15 06:36:27.563,0.62577,0.62603,1.50,1.80
2010.12.15 06:36:28.850,0.62577,0.62603,1.50,1.50
2010.12.15 06:36:29.400,0.62576,0.62604,1.50,1.50
2010.12.15 06:36:30.459,0.62576,0.62612,1.50,1.10
2010.12.15 06:36:30.681,0.62577,0.62603,1.50,1.50
2010.12.15 06:36:43.871,0.62586,0.62614,1.50,1.80
2010.12.15 06:36:45.899,0.62586,0.62612,1.50,1.10
2010.12.15 06:36:46.393,0.62576,0.62604,1.50,1.50
2010.12.15 06:36:50.770,0.62576,0.62604,1.50,2.10
2010.12.15 06:36:51.502,0.62576,0.62604,1.50,2.10
2010.12.15 06:36:52.012,0.62576,0.62604,1.50,2.10
2010.12.15 06:36:52.571,0.62576,0.62604,1.70,2.10
2010.12.15 06:36:53.127,0.62578,0.62604,2.30,2.10
2010.12.15 06:36:53.881,0.62578,0.62604,2.30,2.10
2010.12.15 06:36:54.101,0.62576,0.62604,1.50,2.10
2010.12.15 06:36:54.952,0.62576,0.62604,1.50,2.10
2010.12.15 06:36:58.022,0.62566,0.62592,1.50,1.10
2010.12.15 06:36:58.988,0.62566,0.62592,1.50,1.10
2010.12.15 06:37:02.595,0.62566,0.62592,1.50,1.20
2010.12.15 06:37:06.723,0.62566,0.62592,1.50,1.20
2010.12.15 06:37:07.265,0.62566,0.62592,1.50,1.20
2010.12.15 06:37:08.262,0.62566,0.62592,1.50,1.30
2010.12.15 06:37:09.143,0.6256,0.62584,1.40,1.50
2010.12.15 06:37:10.572,0.62556,0.62581,1.50,1.40
2010.12.15 06:37:10.682,0.62556,0.62583,2.50,1.40
2010.12.15 06:37:11.231,0.62556,0.62583,1.90,2.60
2010.12.15 06:37:11.341,0.62556,0.62582,1.70,2.70
2010.12.15 06:37:11.451,0.62556,0.62581,1.50,1.40
2010.12.15 06:37:11.801,0.62558,0.62582,1.40,2.30
2010.12.15 06:37:11.920,0.62558,0.62584,3.60,1.50
2010.12.15 06:37:12.031,0.62558,0.62584,3.20,1.50
2010.12.15 06:37:12.250,0.62558,0.62584,3.20,1.50
2010.12.15 06:37:12.362,0.62558,0.62593,3.20,2.20
2010.12.15 06:37:12.722,0.62558,0.62584,3.20,1.50
2010.12.15 06:37:15.473,0.62558,0.62584,2.50,1.50
2010.12.15 06:37:17.753,0.62558,0.62584,2.50,1.90
2010.12.15 06:37:18.185,0.62556,0.62582,1.50,2.90
2010.12.15 06:37:19.264,0.62556,0.62582,1.90,3.20
2010.12.15 06:37:19.492,0.62556,0.62584,2.10,2.50
2010.12.15 06:37:20.772,0.62556,0.62584,2.10,2.50
2010.12.15 06:37:20.883,0.62556,0.62584,2.10,2.50
2010.12.15 06:37:21.100,0.62562,0.6259,1.40,1.50
2010.12.15 06:37:21.211,0.62559,0.62587,1.40,1.50
2010.12.15 06:37:21.431,0.62562,0.62583,1.40,1.50
2010.12.15 06:37:21.761,0.62562,0.62583,1.40,1.50
2010.12.15 06:37:22.255,0.62568,0.62593,2.90,3.00
2010.12.15 06:37:23.152,0.62568,0.62593,3.60,2.30
2010.12.15 06:37:25.013,0.62567,0.62588,1.70,1.10
2010.12.15 06:37:25.131,0.6256,0.62587,1.40,1.50
2010.12.15 06:37:25.547,0.62565,0.62584,1.40,1.50
2010.12.15 06:37:25.885,0.62566,0.62586,1.50,1.50
2010.12.15 06:37:26.001,0.62566,0.62587,1.50,1.10
2010.12.15 06:37:26.353,0.62561,0.62584,1.40,1.50
2010.12.15 06:37:26.691,0.62556,0.62584,2.50,1.90
2010.12.15 06:37:26.801,0.62556,0.62582,1.50,1.40
2010.12.15 06:37:26.922,0.6255,0.62582,1.40,3.60
2010.12.15 06:37:27.030,0.6255,0.62574,1.40,1.50
2010.12.15 06:37:27.644,0.62546,0.62568,1.50,1.40
2010.12.15 06:37:27.764,0.62539,0.62564,1.40,1.70
2010.12.15 06:37:30.666,0.62536,0.62564,2.50,2.30
2010.12.15 06:37:30.804,0.62538,0.6256,1.40,1.50
2010.12.15 06:37:30.923,0.62538,0.62563,1.40,1.50
2010.12.15 06:37:31.042,0.62535,0.62563,1.40,1.70
2010.12.15 06:37:31.570,0.62535,0.62554,1.40,1.50
2010.12.15 06:37:31.901,0.62532,0.62554,1.40,1.50
2010.12.15 06:37:32.269,0.62537,0.62563,1.50,1.90
2010.12.15 06:37:36.224,0.62537,0.62559,1.50,1.40
2010.12.15 06:37:36.652,0.62537,0.62563,1.40,1.50
2010.12.15 06:37:36.763,0.62533,0.62563,2.90,2.10
2010.12.15 06:37:38.682,0.62536,0.62564,1.50,2.20
2010.12.15 06:37:40.356,0.62536,0.62564,1.90,1.80
2010.12.15 06:37:40.689,0.62537,0.62564,3.60,1.60
2010.12.15 06:37:45.436,0.62537,0.62563,2.30,1.40
2010.12.15 06:37:45.568,0.62536,0.62564,1.50,2.30
2010.12.15 06:37:46.606,0.62536,0.62564,1.50,2.10
2010.12.15 06:37:48.076,0.62536,0.62564,1.50,2.30
2010.12.15 06:37:48.191,0.62536,0.62561,1.50,1.40
2010.12.15 06:37:48.513,0.62528,0.62554,3.60,1.50
2010.12.15 06:37:57.262,0.62528,0.62554,2.50,1.70
2010.12.15 06:37:57.482,0.6253,0.62554,1.40,1.50
2010.12.15 06:37:58.434,0.62533,0.62554,1.40,1.50
2010.12.15 06:37:58.565,0.62538,0.62563,2.50,2.00
2010.12.15 06:37:58.682,0.62538,0.62563,2.70,1.80
2010.12.15 06:37:58.791,0.62538,0.62563,2.90,1.60
2010.12.15 06:37:59.436,0.62538,0.62564,2.30,2.20
2010.12.15 06:37:59.558,0.62536,0.62564,1.50,2.20
2010.12.15 06:38:00.593,0.62536,0.62564,1.50,4.40
2010.12.15 06:38:00.810,0.62528,0.62561,3.60,1.40
2010.12.15 06:38:01.070,0.62528,0.62554,3.60,1.50
2010.12.15 06:38:01.546,0.62528,0.62561,3.60,1.40
2010.12.15 06:38:01.724,0.62534,0.62564,1.40,2.30
2010.12.15 06:38:02.405,0.62536,0.62562,2.90,1.50
2010.12.15 06:38:07.282,0.6254,0.62564,1.40,1.70
2010.12.15 06:38:18.160,0.62536,0.62563,2.50,1.10
2010.12.15 06:38:18.271,0.62536,0.62564,2.50,2.90
2010.12.15 06:38:21.873,0.62536,0.62563,2.90,1.40
2010.12.15 06:38:23.210,0.62536,0.62564,2.90,2.90
2010.12.15 06:38:23.443,0.62536,0.62564,2.50,2.90
2010.12.15 06:38:23.895,0.62536,0.6256,1.70,1.40
2010.12.15 06:38:24.122,0.62537,0.62563,2.50,2.50
2010.12.15 06:38:25.062,0.62537,0.62563,2.50,1.70
2010.12.15 06:38:25.927,0.62537,0.62563,4.70,1.90
2010.12.15 06:38:26.168,0.62536,0.62562,1.40,1.40
2010.12.15 06:38:29.303,0.62536,0.62563,1.50,3.60
2010.12.15 06:38:29.412,0.62536,0.62563,2.50,1.40
2010.12.15 06:38:29.522,0.62536,0.62559,1.50,1.40
2010.12.15 06:38:30.173,0.62536,0.6256,2.50,2.60
2010.12.15 06:38:30.667,0.62549,0.6257,1.50,3.00
2010.12.15 06:38:31.263,0.62546,0.62574,3.80,1.50
2010.12.15 06:38:31.383,0.62547,0.62573,1.50,1.50
2010.12.15 06:38:31.710,0.62547,0.62573,1.70,1.50
2010.12.15 06:38:33.375,0.62547,0.62573,1.70,1.50
2010.12.15 06:38:40.281,0.62541,0.62574,1.40,1.50
2010.12.15 06:38:40.805,0.62547,0.62573,1.70,1.50
2010.12.15 06:38:45.441,0.62547,0.62573,1.50,1.50
2010.12.15 06:38:46.921,0.62547,0.62573,1.70,1.50
2010.12.15 06:38:50.478,0.62548,0.62584,3.20,1.50
2010.12.15 06:38:50.592,0.62548,0.62573,3.20,1.50
2010.12.15 06:38:50.700,0.62557,0.62583,1.50,1.50
2010.12.15 06:39:01.141,0.62558,0.62591,2.30,1.50
2010.12.15 06:39:01.622,0.62558,0.62583,2.30,1.50
2010.12.15 06:39:06.640,0.62558,0.62583,2.50,1.50
2010.12.15 06:39:07.016,0.62558,0.62583,2.90,1.50
2010.12.15 06:39:07.170,0.62567,0.62592,1.50,3.80
2010.12.15 06:39:07.965,0.62567,0.62592,1.50,3.90
2010.12.15 06:39:10.119,0.62568,0.62592,2.70,1.60
2010.12.15 06:39:10.681,0.62568,0.62592,2.70,1.60
2010.12.15 06:39:11.329,0.62568,0.62592,2.70,1.60
2010.12.15 06:39:12.531,0.62568,0.62592,2.70,1.60
2010.12.15 06:39:14.874,0.62569,0.62593,1.40,2.80
2010.12.15 06:39:16.600,0.62569,0.62594,1.40,4.60
2010.12.15 06:39:19.233,0.62573,0.62594,1.40,2.10
2010.12.15 06:39:19.561,0.6257,0.62595,1.40,1.50
2010.12.15 06:39:25.373,0.6257,0.62594,1.40,4.60
2010.12.15 06:39:25.920,0.6257,0.62594,1.40,4.60
2010.12.15 06:39:27.023,0.6257,0.62594,1.40,4.60
2010.12.15 06:39:30.094,0.6257,0.62594,1.40,4.60
2010.12.15 06:39:31.538,0.6257,0.62594,1.40,4.60
2010.12.15 06:39:32.610,0.62568,0.62587,2.70,1.50
2010.12.15 06:39:32.724,0.62568,0.62587,2.30,1.50
2010.12.15 06:39:32.960,0.62568,0.62591,2.30,1.50
2010.12.15 06:39:33.888,0.62566,0.62593,1.70,9.40
2010.12.15 06:39:34.446,0.62566,0.62593,1.70,9.70
2010.12.15 06:39:35.032,0.62566,0.62592,1.70,2.80
2010.12.15 06:39:35.603,0.62566,0.62588,1.70,1.10
2010.12.15 06:39:37.410,0.62566,0.62588,1.50,1.30
2010.12.15 06:39:37.532,0.62566,0.62588,1.50,1.70
2010.12.15 06:39:38.400,0.62556,0.62584,2.10,2.20
2010.12.15 06:39:40.031,0.62556,0.62584,2.50,2.20
2010.12.15 06:39:40.249,0.62556,0.62583,1.50,1.40
2010.12.15 06:39:42.792,0.62556,0.62584,1.50,2.20
2010.12.15 06:39:44.284,0.62556,0.62584,1.70,1.60
2010.12.15 06:39:44.404,0.62556,0.62584,1.70,1.50
2010.12.15 06:39:45.934,0.62556,0.62584,1.70,1.50
2010.12.15 06:39:47.023,0.62556,0.62584,2.50,1.50
2010.12.15 06:39:47.250,0.62556,0.62584,1.70,1.50
2010.12.15 06:39:57.532,0.62566,0.62594,1.50,2.10
2010.12.15 06:39:58.193,0.62566,0.62594,1.50,2.10
2010.12.15 06:39:58.860,0.62566,0.62594,1.50,2.10
2010.12.15 06:40:01.861,0.62567,0.62593,1.50,2.10
2010.12.15 06:40:06.206,0.62567,0.62593,1.50,2.20
2010.12.15 06:40:08.625,0.62567,0.62593,1.50,2.20
2010.12.15 06:40:09.278,0.62567,0.62593,1.50,2.20
2010.12.15 06:40:15.650,0.62567,0.62593,1.50,2.20
2010.12.15 06:40:16.200,0.62567,0.62593,1.50,2.20
2010.12.15 06:40:17.298,0.62567,0.62593,1.50,2.20
2010.12.15 06:40:18.774,0.62567,0.62593,1.50,2.10
2010.12.15 06:40:19.769,0.62566,0.62594,1.50,2.10
2010.12.15 06:40:25.998,0.62566,0.62594,1.50,2.10
2010.12.15 06:40:27.433,0.62568,0.62594,2.30,2.10
2010.12.15 06:40:27.760,0.62577,0.62603,1.50,2.20
2010.12.15 06:40:28.323,0.62577,0.62603,1.50,2.20
2010.12.15 06:40:31.363,0.62577,0.62601,1.50,1.50
2010.12.15 06:40:31.882,0.62577,0.62601,1.50,1.50
2010.12.15 06:40:35.810,0.62577,0.626,1.50,1.50
2010.12.15 06:40:38.610,0.62567,0.62596,1.50,1.50
2010.12.15 06:40:39.445,0.62566,0.62594,1.50,2.20
2010.12.15 06:40:42.489,0.62566,0.62594,1.50,2.20
2010.12.15 06:40:43.120,0.62566,0.62594,1.50,2.20
2010.12.15 06:40:45.860,0.62566,0.62594,1.50,2.10
2010.12.15 06:40:46.557,0.62566,0.62594,1.50,2.10
2010.12.15 06:40:47.720,0.62566,0.62594,1.70,2.10
2010.12.15 06:40:48.390,0.62566,0.62594,1.70,2.10
2010.12.15 06:40:48.543,0.62577,0.62603,1.50,2.20
2010.12.15 06:40:49.819,0.62577,0.62601,1.50,1.50
2010.12.15 06:40:50.379,0.62577,0.62601,1.50,1.50
2010.12.15 06:40:50.541,0.62577,0.62602,1.50,3.20
2010.12.15 06:40:54.958,0.62567,0.62603,1.70,1.50
2010.12.15 06:40:55.072,0.62567,0.62603,1.70,1.70
2010.12.15 06:40:55.459,0.62577,0.62603,1.50,1.70
2010.12.15 06:40:56.385,0.62577,0.62603,1.50,1.70
2010.12.15 06:40:59.297,0.62577,0.62603,1.50,1.70
2010.12.15 06:40:59.751,0.62577,0.62603,1.50,1.50
2010.12.15 06:41:00.676,0.62577,0.62603,1.50,1.70
2010.12.15 06:41:03.413,0.62577,0.62603,1.50,2.50
2010.12.15 06:41:04.000,0.62577,0.62603,1.50,1.70
2010.12.15 06:41:04.219,0.62566,0.62594,1.50,1.50
2010.12.15 06:41:11.703,0.62566,0.62594,1.50,1.70
2010.12.15 06:41:13.628,0.62566,0.62594,1.50,1.70
2010.12.15 06:41:15.016,0.62566,0.62594,1.90,1.50
2010.12.15 06:41:15.654,0.62576,0.626,1.50,1.40
2010.12.15 06:41:16.773,0.62569,0.62603,2.10,2.90
2010.12.15 06:41:16.881,0.62576,0.62603,1.50,1.40
2010.12.15 06:41:18.194,0.62576,0.62603,1.50,1.40
2010.12.15 06:41:18.470,0.62576,0.62603,1.50,1.40
2010.12.15 06:41:27.057,0.62577,0.62604,1.40,1.70
2010.12.15 06:41:27.690,0.62576,0.62604,2.10,1.50
2010.12.15 06:41:34.750,0.62577,0.62603,2.10,1.50
2010.12.15 06:41:40.790,0.62587,0.62608,1.50,1.40
2010.12.15 06:41:46.070,0.62587,0.62607,1.50,1.40
2010.12.15 06:41:46.491,0.62587,0.62611,1.50,1.40
2010.12.15 06:41:47.193,0.62576,0.62611,2.90,1.40
2010.12.15 06:41:47.304,0.62582,0.62612,1.40,3.60
2010.12.15 06:41:48.151,0.62586,0.62612,1.50,1.40
2010.12.15 06:41:52.731,0.62586,0.62612,1.50,1.40
2010.12.15 06:41:54.523,0.62586,0.62614,2.10,2.50
2010.12.15 06:41:54.634,0.62586,0.62612,1.50,1.40
2010.12.15 06:41:54.991,0.62586,0.62614,2.90,2.90
2010.12.15 06:41:55.551,0.62587,0.62614,1.70,1.40
2010.12.15 06:41:55.671,0.62586,0.62611,1.50,1.40
2010.12.15 06:41:56.189,0.62586,0.62611,1.70,1.40
2010.12.15 06:42:01.523,0.62586,0.62609,1.50,1.40
2010.12.15 06:42:02.148,0.62586,0.62606,1.50,1.40
2010.12.15 06:42:02.483,0.62586,0.62609,1.50,1.40
2010.12.15 06:42:07.531,0.62586,0.62612,1.50,3.70
2010.12.15 06:42:07.751,0.62586,0.6261,1.50,1.40
2010.12.15 06:42:09.544,0.62586,0.6261,1.50,1.40
2010.12.15 06:42:09.991,0.62577,0.62602,1.50,2.50
2010.12.15 06:42:10.512,0.62576,0.62602,1.50,2.50
2010.12.15 06:42:10.842,0.62577,0.62604,2.30,1.50
2010.12.15 06:42:11.171,0.62587,0.62612,1.50,1.10
2010.12.15 06:42:12.608,0.62587,0.62609,1.50,1.40
2010.12.15 06:42:18.491,0.62577,0.62603,1.50,1.70
2010.12.15 06:42:26.058,0.62576,0.62601,1.50,1.40
2010.12.15 06:42:26.604,0.62567,0.62602,1.50,1.40
2010.12.15 06:42:26.726,0.62567,0.62602,1.50,1.40
2010.12.15 06:42:27.270,0.62577,0.62602,1.50,1.40
2010.12.15 06:42:30.191,0.62577,0.62602,1.50,1.10
2010.12.15 06:42:30.302,0.62567,0.62602,2.30,1.40
2010.12.15 06:42:30.410,0.62567,0.62601,2.30,1.40
2010.12.15 06:42:31.260,0.62577,0.62601,1.50,1.40
2010.12.15 06:42:34.845,0.62577,0.62601,1.50,1.40
2010.12.15 06:42:45.950,0.62577,0.62603,1.50,5.10
2010.12.15 06:42:46.519,0.62577,0.62602,1.50,1.40
2010.12.15 06:42:48.812,0.62576,0.62602,1.50,1.40
2010.12.15 06:42:54.172,0.62576,0.62603,1.70,2.90
2010.12.15 06:42:54.281,0.62578,0.62605,2.70,1.40
2010.12.15 06:42:55.055,0.62578,0.62604,2.90,2.50
2010.12.15 06:42:56.110,0.62579,0.62604,1.40,2.50
2010.12.15 06:43:05.812,0.62579,0.62604,1.40,1.50
2010.12.15 06:43:05.922,0.62586,0.6261,1.50,1.40
2010.12.15 06:43:07.495,0.62586,0.62615,2.10,1.40
2010.12.15 06:43:08.044,0.62586,0.62614,2.90,2.50
2010.12.15 06:43:18.639,0.62586,0.62611,1.50,1.40
2010.12.15 06:43:19.530,0.62586,0.62611,1.50,1.40
2010.12.15 06:43:25.721,0.62587,0.62611,1.50,1.40
2010.12.15 06:43:29.873,0.62587,0.62606,1.50,1.40
2010.12.15 06:43:30.499,0.62587,0.62606,1.50,1.40
2010.12.15 06:43:42.201,0.62587,0.6261,1.50,1.40
2010.12.15 06:43:43.221,0.62587,0.6261,1.50,1.40
2010.12.15 06:43:45.193,0.62587,0.62613,1.70,2.10
2010.12.15 06:43:47.329,0.62586,0.62614,2.90,2.90
2010.12.15 06:43:49.399,0.62586,0.62614,2.10,2.90
2010.12.15 06:43:57.191,0.62593,0.62614,1.40,1.50
2010.12.15 06:43:57.751,0.62597,0.62619,1.50,1.40
2010.12.15 06:43:59.672,0.62597,0.62619,1.50,1.40
2010.12.15 06:44:01.917,0.62597,0.62619,1.50,1.40
2010.12.15 06:44:02.542,0.62597,0.62617,1.50,1.40
2010.12.15 06:44:04.943,0.62597,0.62621,1.50,1.40
2010.12.15 06:44:06.011,0.62588,0.62621,2.90,1.40
2010.12.15 06:44:06.341,0.62597,0.62621,1.50,1.40
2010.12.15 06:44:08.981,0.62597,0.62618,1.50,1.40
2010.12.15 06:44:09.413,0.62597,0.62614,1.50,1.40
2010.12.15 06:44:11.918,0.62597,0.62617,1.50,1.40
2010.12.15 06:44:17.454,0.62587,0.62613,1.50,1.50
2010.12.15 06:44:20.224,0.62587,0.62613,1.90,1.50
2010.12.15 06:44:20.881,0.62596,0.62621,1.50,1.40
2010.12.15 06:44:23.850,0.62596,0.62617,1.50,1.40
2010.12.15 06:44:24.711,0.62596,0.62613,1.50,1.40
2010.12.15 06:44:24.930,0.62587,0.62613,1.90,2.90
2010.12.15 06:44:26.061,0.62587,0.62613,1.50,2.50
2010.12.15 06:44:26.281,0.62586,0.62607,1.50,1.40
2010.12.15 06:44:26.834,0.62586,0.62608,1.50,1.40
2010.12.15 06:44:28.298,0.62586,0.62613,1.50,3.60
2010.12.15 06:44:28.739,0.62577,0.62613,1.70,5.20
2010.12.15 06:44:29.291,0.62586,0.62613,1.50,3.60
2010.12.15 06:44:30.251,0.62586,0.62612,1.50,1.40
2010.12.15 06:44:30.978,0.62586,0.62613,1.50,2.90
2010.12.15 06:44:31.854,0.62586,0.62613,1.70,2.30
2010.12.15 06:44:32.525,0.62586,0.62614,1.50,2.90
2010.12.15 06:44:32.991,0.62586,0.62614,1.50,2.10
2010.12.15 06:44:33.497,0.62586,0.62614,2.50,1.50
2010.12.15 06:44:34.531,0.62586,0.62614,1.90,1.90
2010.12.15 06:44:36.142,0.62586,0.62614,1.50,1.90
2010.12.15 06:44:36.279,0.62586,0.62614,1.70,2.10
2010.12.15 06:44:37.070,0.62586,0.62614,1.70,1.90
2010.12.15 06:44:38.451,0.62586,0.62614,2.10,1.50
2010.12.15 06:44:38.780,0.62588,0.62614,1.40,1.50
2010.12.15 06:44:40.464,0.62589,0.62614,1.40,1.50
2010.12.15 06:44:40.803,0.62597,0.62622,1.50,1.40
2010.12.15 06:44:41.153,0.62597,0.62623,1.50,4.40
2010.12.15 06:44:41.275,0.62597,0.62623,1.50,4.40
2010.12.15 06:44:42.870,0.62597,0.62622,1.70,1.40
2010.12.15 06:44:43.329,0.62597,0.62622,1.70,1.40
2010.12.15 06:44:44.141,0.62597,0.62621,1.50,1.40
2010.12.15 06:44:44.361,0.62587,0.6261,3.00,1.40
2010.12.15 06:44:44.474,0.62587,0.62609,1.50,1.40
2010.12.15 06:44:44.920,0.6258,0.62603,1.40,1.70
2010.12.15 06:44:45.033,0.62578,0.6261,3.20,1.90
2010.12.15 06:44:45.142,0.62578,0.6261,3.20,1.50
2010.12.15 06:44:45.252,0.62578,0.62603,3.20,1.50
2010.12.15 06:44:45.804,0.62578,0.62603,3.20,1.50
2010.12.15 06:44:46.779,0.62578,0.62614,2.50,2.50
2010.12.15 06:44:46.919,0.62566,0.62593,2.50,2.70
2010.12.15 06:44:47.031,0.62577,0.62604,2.90,2.30
2010.12.15 06:44:47.254,0.62577,0.62604,3.20,1.50
2010.12.15 06:44:47.590,0.6257,0.62594,1.40,1.50
2010.12.15 06:44:48.034,0.62568,0.62603,3.20,2.50
2010.12.15 06:44:48.683,0.62568,0.62593,1.10,3.00
2010.12.15 06:44:48.813,0.62568,0.62594,2.50,1.90
2010.12.15 06:44:48.921,0.62568,0.62594,2.50,1.50
2010.12.15 06:44:49.031,0.62568,0.62594,3.20,1.50
2010.12.15 06:44:49.251,0.62568,0.62593,2.60,1.50
2010.12.15 06:45:00.251,0.62567,0.62594,2.60,1.50
2010.12.15 06:45:01.456,0.62567,0.62593,4.10,1.50
2010.12.15 06:45:04.179,0.62567,0.62593,3.90,2.50
2010.12.15 06:45:04.712,0.62557,0.62592,12.20,2.10
2010.12.15 06:45:04.826,0.62568,0.62593,2.50,1.50
2010.12.15 06:45:05.379,0.62568,0.62594,2.50,1.50
2010.12.15 06:45:07.220,0.62566,0.62592,1.50,1.40
2010.12.15 06:45:07.567,0.62558,0.62584,3.80,1.50
2010.12.15 06:45:08.112,0.62558,0.62584,8.60,1.50
2010.12.15 06:45:08.841,0.62578,0.62591,1.40,1.50
2010.12.15 06:45:08.950,0.62578,0.62604,1.40,1.90
2010.12.15 06:45:09.170,0.62577,0.62603,2.50,1.90
2010.12.15 06:45:09.281,0.62574,0.62601,1.40,1.40
2010.12.15 06:45:10.184,0.62576,0.62603,1.70,3.60
2010.12.15 06:45:16.903,0.62576,0.62603,1.70,4.00
2010.12.15 06:45:17.021,0.62567,0.62595,2.60,1.40
2010.12.15 06:45:17.241,0.62566,0.62592,2.50,2.30
2010.12.15 06:45:17.847,0.62568,0.62593,3.20,1.50
2010.12.15 06:45:20.273,0.62568,0.62602,3.20,2.30
2010.12.15 06:45:20.491,0.62568,0.62594,3.20,1.50
2010.12.15 06:45:23.151,0.62572,0.62594,1.10,1.50
2010.12.15 06:45:23.554,0.62576,0.62604,1.50,1.50
2010.12.15 06:45:27.704,0.62576,0.62604,2.50,1.50
2010.12.15 06:45:28.490,0.62577,0.62603,2.50,1.50
2010.12.15 06:45:37.512,0.62578,0.62613,1.40,2.50
2010.12.15 06:45:38.131,0.62586,0.62613,1.50,2.50
2010.12.15 06:45:55.541,0.62587,0.62613,1.50,4.00
2010.12.15 06:46:19.833,0.62586,0.62613,1.50,2.50
2010.12.15 06:47:03.702,0.62577,0.62613,4.50,3.80
2010.12.15 06:47:04.252,0.62587,0.62613,1.50,3.80
2010.12.15 06:47:05.362,0.62587,0.62613,1.80,1.50
2010.12.15 06:47:11.993,0.62587,0.62613,1.80,1.50
2010.12.15 06:47:12.371,0.62596,0.62623,1.50,2.30
2010.12.15 06:47:15.142,0.62596,0.62623,1.50,2.50
2010.12.15 06:47:15.532,0.62596,0.62623,1.50,3.60
2010.12.15 06:47:15.782,0.62586,0.62614,1.80,1.50
2010.12.15 06:47:19.863,0.62586,0.62614,1.50,1.70
2010.12.15 06:47:19.970,0.62586,0.62612,1.50,2.30
2010.12.15 06:47:23.512,0.62586,0.62622,1.80,3.20
2010.12.15 06:47:23.840,0.62586,0.62614,1.80,1.50
2010.12.15 06:47:26.164,0.62586,0.62614,2.20,1.50
2010.12.15 06:47:26.281,0.62589,0.62622,1.40,2.90
2010.12.15 06:47:26.892,0.62596,0.62622,1.50,2.90
2010.12.15 06:47:27.421,0.62596,0.62622,1.50,2.90
2010.12.15 06:47:36.590,0.62596,0.62622,1.50,2.90
2010.12.15 06:47:36.701,0.62588,0.62614,3.00,1.50
2010.12.15 06:48:04.993,0.62588,0.62613,2.90,1.50
2010.12.15 06:48:07.862,0.62588,0.62622,3.20,3.20
2010.12.15 06:48:08.287,0.62588,0.62614,3.20,1.50
2010.12.15 06:48:08.622,0.62588,0.62614,2.90,1.50
2010.12.15 06:48:15.372,0.62588,0.62614,3.20,1.50
2010.12.15 06:48:15.953,0.62593,0.62623,1.40,1.50
2010.12.15 06:48:16.172,0.62588,0.62622,3.20,3.20
2010.12.15 06:48:16.615,0.62597,0.62623,1.50,4.40
2010.12.15 06:48:19.126,0.62596,0.62622,1.50,2.90
2010.12.15 06:48:19.264,0.62588,0.62616,2.30,1.40
2010.12.15 06:48:20.012,0.62587,0.62613,1.50,1.70
2010.12.15 06:48:20.633,0.62587,0.62613,1.60,1.70
2010.12.15 06:48:21.234,0.62587,0.62613,1.50,1.70
2010.12.15 06:48:21.731,0.62587,0.62613,2.10,1.50
2010.12.15 06:48:22.252,0.6259,0.62622,1.40,2.90
2010.12.15 06:48:22.375,0.62597,0.62622,1.50,2.90
2010.12.15 06:48:48.292,0.62597,0.62623,2.10,1.50
2010.12.15 06:48:49.701,0.62597,0.62623,2.10,1.50
2010.12.15 06:48:51.035,0.62597,0.62623,2.10,1.70
2010.12.15 06:48:54.333,0.62597,0.62623,2.10,1.70
2010.12.15 06:48:56.886,0.62597,0.62623,2.90,1.50
2010.12.15 06:48:57.756,0.62598,0.62623,1.40,1.50
2010.12.15 06:48:59.681,0.62598,0.62623,1.40,1.50
2010.12.15 06:48:59.795,0.62601,0.62632,1.40,2.30
2010.12.15 06:49:00.023,0.62597,0.62631,5.30,1.40
2010.12.15 06:49:00.510,0.62607,0.62631,1.50,1.40
2010.12.15 06:49:02.281,0.62607,0.6263,1.50,1.40
2010.12.15 06:49:02.392,0.62596,0.62624,2.20,1.90
2010.12.15 06:49:03.357,0.62596,0.62624,2.20,1.50
2010.12.15 06:49:04.260,0.62609,0.62624,1.40,1.50
2010.12.15 06:49:04.606,0.62609,0.62632,1.40,2.30
2010.12.15 06:49:05.160,0.62609,0.62633,1.40,1.50
2010.12.15 06:49:05.271,0.62608,0.62633,1.50,2.90
2010.12.15 06:49:05.777,0.62608,0.62633,2.50,1.70
2010.12.15 06:49:05.895,0.626,0.62629,1.40,1.40
2010.12.15 06:49:06.012,0.62598,0.62624,2.10,1.40
2010.12.15 06:49:06.554,0.62607,0.62624,1.50,1.40
2010.12.15 06:49:08.081,0.62603,0.62632,1.40,3.80
2010.12.15 06:49:08.758,0.62606,0.62632,1.90,3.20
2010.12.15 06:49:08.919,0.62606,0.62632,2.90,3.20
2010.12.15 06:49:09.252,0.62606,0.62632,3.40,3.20
2010.12.15 06:49:09.751,0.62597,0.62622,1.90,3.20
2010.12.15 06:49:09.866,0.62597,0.62627,2.10,1.40
2010.12.15 06:49:10.422,0.62597,0.62623,2.10,1.50
2010.12.15 06:49:15.413,0.62598,0.62623,1.40,1.50
2010.12.15 06:49:15.826,0.62606,0.62632,2.10,2.50
2010.12.15 06:49:16.052,0.62606,0.62629,1.50,1.40
2010.12.15 06:49:16.274,0.62607,0.62632,1.40,3.20
2010.12.15 06:49:48.201,0.62614,0.62634,1.40,1.50
2010.12.15 06:49:48.421,0.62614,0.62642,1.40,1.40
2010.12.15 06:49:48.643,0.62613,0.62634,1.40,1.50
2010.12.15 06:49:49.431,0.62617,0.62643,1.50,4.00
2010.12.15 06:49:49.654,0.62618,0.62643,2.70,1.70
2010.12.15 06:49:49.772,0.62618,0.62643,2.90,1.50
2010.12.15 06:49:50.283,0.6262,0.62644,1.40,1.50
2010.12.15 06:49:52.032,0.6262,0.62644,1.40,1.50
2010.12.15 06:49:52.641,0.62626,0.62654,1.70,2.50
2010.12.15 06:49:52.751,0.62626,0.62654,1.70,1.50
2010.12.15 06:50:00.032,0.62626,0.62654,1.70,1.90
2010.12.15 06:50:00.360,0.62626,0.62643,1.50,1.40
2010.12.15 06:50:00.474,0.62617,0.62643,1.50,3.60
2010.12.15 06:50:03.515,0.62617,0.6264,1.50,1.40
2010.12.15 06:50:03.644,0.6261,0.6264,1.40,1.40
2010.12.15 06:50:04.051,0.62616,0.6264,1.50,1.40
2010.12.15 06:50:04.200,0.62591,0.62622,1.70,2.50
2010.12.15 06:50:04.679,0.62584,0.62617,2.10,1.70
2010.12.15 06:50:04.840,0.62588,0.62613,3.20,1.50
2010.12.15 06:50:05.311,0.62588,0.62614,3.20,1.50
2010.12.15 06:50:05.423,0.62588,0.62614,2.50,1.50
2010.12.15 06:50:06.094,0.62588,0.62614,2.30,1.50
2010.12.15 06:50:06.426,0.62588,0.62622,3.20,3.20
2010.12.15 06:50:06.985,0.62596,0.62624,2.50,1.70
2010.12.15 06:50:07.651,0.62596,0.62624,2.50,1.50
2010.12.15 06:50:07.785,0.62598,0.62624,1.10,1.50
2010.12.15 06:50:07.901,0.62598,0.62624,1.10,1.50
2010.12.15 06:50:08.584,0.62595,0.62623,2.50,1.50
2010.12.15 06:50:09.221,0.62596,0.62624,1.70,1.50
2010.12.15 06:50:10.721,0.62596,0.62624,1.50,1.50
2010.12.15 06:50:10.941,0.62596,0.62623,1.50,2.50
2010.12.15 06:50:13.785,0.62588,0.62623,1.10,3.80
2010.12.15 06:50:14.347,0.62588,0.62623,3.40,1.50
2010.12.15 06:50:14.465,0.62608,0.62633,2.50,1.50
2010.12.15 06:50:19.522,0.62608,0.62633,2.30,1.70
2010.12.15 06:50:20.092,0.62607,0.62633,1.50,4.70
2010.12.15 06:50:20.263,0.62597,0.62622,1.50,3.20
2010.12.15 06:50:21.044,0.62596,0.62622,1.50,3.20
2010.12.15 06:50:21.653,0.62596,0.62624,1.50,1.70
2010.12.15 06:50:23.352,0.62596,0.62624,1.70,1.50
2010.12.15 06:50:23.578,0.62596,0.62624,1.50,1.70
2010.12.15 06:50:23.691,0.62596,0.62624,1.70,1.50
2010.12.15 06:50:24.208,0.62607,0.62632,1.50,3.20
2010.12.15 06:50:24.888,0.62607,0.62632,1.50,3.20
2010.12.15 06:50:25.558,0.62607,0.62632,1.50,3.20
2010.12.15 06:50:25.914,0.62607,0.62632,1.50,3.20
2010.12.15 06:50:28.024,0.626,0.62634,1.70,2.50
2010.12.15 06:50:28.466,0.62598,0.62633,1.10,3.20
2010.12.15 06:50:28.690,0.62607,0.62633,1.50,4.70
2010.12.15 06:50:29.391,0.62607,0.62633,1.50,4.00
2010.12.15 06:50:31.142,0.62607,0.62633,1.50,4.70
2010.12.15 06:50:36.241,0.62607,0.62633,1.50,3.80
2010.12.15 06:51:04.907,0.62608,0.62642,3.20,3.20
2010.12.15 06:51:05.626,0.62616,0.62642,1.50,3.20
2010.12.15 06:51:06.041,0.62616,0.62642,1.50,3.20
2010.12.15 06:51:12.825,0.62608,0.62634,3.20,1.70
2010.12.15 06:51:13.441,0.62608,0.62634,2.50,2.50
2010.12.15 06:51:14.851,0.62606,0.62632,1.70,2.30
2010.12.15 06:51:16.112,0.62606,0.62632,1.70,2.50
2010.12.15 06:51:30.333,0.62606,0.62632,1.50,3.20
2010.12.15 06:51:30.441,0.62606,0.62632,1.50,2.50
2010.12.15 06:51:30.993,0.62607,0.62632,1.50,2.50
2010.12.15 06:51:31.433,0.62607,0.62632,1.50,2.50
2010.12.15 06:51:31.881,0.62607,0.62632,1.50,3.20
2010.12.15 06:51:32.356,0.62598,0.62623,1.10,1.50
2010.12.15 06:51:34.543,0.62598,0.62623,1.10,1.50
2010.12.15 06:51:34.765,0.62597,0.62633,2.60,4.70
2010.12.15 06:51:35.225,0.62597,0.62623,4.00,3.80
2010.12.15 06:51:36.000,0.62597,0.62623,4.00,3.80
2010.12.15 06:51:40.269,0.62598,0.62623,3.20,1.50
2010.12.15 06:51:40.385,0.62598,0.62632,3.20,2.50
2010.12.15 06:51:40.829,0.62607,0.62632,1.50,2.50
2010.12.15 06:51:41.161,0.62598,0.62623,3.20,1.50
2010.12.15 06:51:41.274,0.62607,0.62632,1.50,2.50
2010.12.15 06:51:42.162,0.62607,0.62632,1.50,2.50
2010.12.15 06:51:42.381,0.62607,0.62632,1.50,3.20
2010.12.15 06:51:42.491,0.62598,0.62632,3.20,3.20
2010.12.15 06:51:42.908,0.62606,0.62632,1.50,3.20
2010.12.15 06:51:44.046,0.62606,0.62632,1.50,2.50
2010.12.15 06:51:44.273,0.62606,0.62632,1.50,3.20
2010.12.15 06:51:44.601,0.62606,0.62632,1.50,2.50
2010.12.15 06:51:45.076,0.62606,0.62632,1.50,3.20
2010.12.15 06:51:46.972,0.62598,0.62618,2.30,1.40
2010.12.15 06:51:47.192,0.62577,0.62603,3.80,2.50
2010.12.15 06:51:47.599,0.62586,0.62613,1.50,3.20
2010.12.15 06:51:48.340,0.62586,0.62613,1.50,3.20
2010.12.15 06:51:48.466,0.62586,0.62613,1.50,1.40
2010.12.15 06:51:49.081,0.62586,0.62612,1.50,2.90
2010.12.15 06:51:50.453,0.62586,0.62612,1.50,2.90
2010.12.15 06:51:51.046,0.62578,0.62604,2.90,1.50
2010.12.15 06:51:51.780,0.62579,0.62604,1.40,1.50
2010.12.15 06:51:56.361,0.62583,0.62604,1.40,1.50
2010.12.15 06:51:58.207,0.6258,0.62604,1.40,1.50
2010.12.15 06:51:58.613,0.62584,0.62604,1.40,1.50
2010.12.15 06:51:59.205,0.62588,0.62613,2.70,1.50
2010.12.15 06:52:00.321,0.62588,0.62613,2.90,1.50
2010.12.15 06:52:04.450,0.62588,0.62613,2.70,2.50
2010.12.15 06:52:04.676,0.62578,0.62612,3.70,1.40
2010.12.15 06:52:04.792,0.62583,0.62604,1.40,1.50
2010.12.15 06:52:05.325,0.62586,0.62609,1.50,1.40
2010.12.15 06:52:05.772,0.62581,0.62603,1.40,1.50
2010.12.15 06:52:06.322,0.62579,0.62603,1.40,1.50
2010.12.15 06:52:08.875,0.62579,0.62608,1.40,1.40
2010.12.15 06:52:09.059,0.62587,0.62613,2.30,2.90
2010.12.15 06:52:09.922,0.62587,0.62613,4.00,5.10
2010.12.15 06:52:17.396,0.62587,0.62613,4.40,4.70
2010.12.15 06:52:17.621,0.62589,0.62613,1.40,1.70
2010.12.15 06:52:18.142,0.62589,0.62613,1.40,1.50
2010.12.15 06:52:27.386,0.62589,0.62613,1.40,1.50
2010.12.15 06:52:27.505,0.62588,0.62612,2.50,3.60
2010.12.15 06:53:02.865,0.62588,0.62612,3.20,2.30
2010.12.15 06:53:02.985,0.62589,0.62613,1.40,1.50
2010.12.15 06:53:04.956,0.62589,0.62614,1.40,1.70
2010.12.15 06:53:05.561,0.62588,0.62614,1.40,1.50
2010.12.15 06:53:08.725,0.62587,0.62614,2.90,2.50
2010.12.15 06:53:08.876,0.62586,0.62614,1.70,2.50
2010.12.15 06:53:11.040,0.62586,0.62614,1.50,1.70
2010.12.15 06:53:12.462,0.62586,0.62614,1.70,1.50
2010.12.15 06:53:12.683,0.62588,0.62614,2.90,1.50
2010.12.15 06:53:13.267,0.62588,0.62614,3.60,1.50
2010.12.15 06:53:14.852,0.62588,0.62614,3.60,1.50
2010.12.15 06:53:18.024,0.62586,0.62614,2.10,2.10
2010.12.15 06:53:18.503,0.62586,0.62613,1.50,3.60
2010.12.15 06:53:18.948,0.62579,0.62603,1.40,1.50
2010.12.15 06:53:20.319,0.62579,0.62603,2.90,1.50
2010.12.15 06:53:20.462,0.62581,0.62603,1.40,1.50
2010.12.15 06:53:20.573,0.62588,0.62603,2.30,1.50
2010.12.15 06:53:20.683,0.62584,0.62613,1.40,4.40
2010.12.15 06:53:20.911,0.62584,0.62604,1.40,1.50
2010.12.15 06:53:21.338,0.62588,0.62604,1.40,1.50
2010.12.15 06:53:21.466,0.62587,0.62613,5.10,1.50
2010.12.15 06:53:21.912,0.62587,0.62613,1.50,2.10
2010.12.15 06:53:23.733,0.62587,0.62613,2.10,1.50
2010.12.15 06:53:26.081,0.62588,0.62613,3.60,1.50
2010.12.15 06:53:26.802,0.62588,0.62613,2.90,1.50
2010.12.15 06:53:31.741,0.62598,0.62622,2.30,3.60
2010.12.15 06:53:32.709,0.62598,0.62621,2.30,1.40
2010.12.15 06:53:36.553,0.62598,0.62617,2.30,1.40
2010.12.15 06:53:36.664,0.62589,0.62617,1.40,1.40
2010.12.15 06:53:38.197,0.62589,0.62614,1.40,1.70
2010.12.15 06:53:42.145,0.62589,0.62614,1.40,1.70
2010.12.15 06:53:42.481,0.62598,0.62621,2.30,1.40
2010.12.15 06:53:42.991,0.62598,0.62621,2.30,1.40
2010.12.15 06:53:48.522,0.62598,0.62622,3.20,2.50
2010.12.15 06:53:48.743,0.62598,0.62622,3.20,2.30
2010.12.15 06:53:49.128,0.62597,0.62624,3.20,1.50
2010.12.15 06:53:49.289,0.62598,0.62623,1.40,2.50
2010.12.15 06:53:49.401,0.62597,0.62623,3.60,2.50
2010.12.15 06:53:56.052,0.62598,0.62623,1.40,2.30
2010.12.15 06:54:00.521,0.62609,0.62623,1.50,2.30
2010.12.15 06:54:12.074,0.62608,0.62623,1.50,3.80
2010.12.15 06:54:13.042,0.62609,0.62623,1.50,3.80
2010.12.15 06:54:13.931,0.62608,0.62623,1.50,3.80
2010.12.15 06:54:14.663,0.62609,0.62623,1.50,3.80
2010.12.15 06:54:16.815,0.62609,0.62622,1.50,2.30
2010.12.15 06:54:18.786,0.62608,0.62622,1.50,2.30
2010.12.15 06:54:19.651,0.62609,0.62622,1.50,2.30
2010.12.15 06:54:22.934,0.62608,0.62622,1.50,2.30
2010.12.15 06:54:23.739,0.62609,0.62622,1.50,2.30
2010.12.15 06:54:28.879,0.62608,0.62622,1.50,2.30
2010.12.15 06:54:43.398,0.62609,0.62622,1.50,2.30
2010.12.15 06:54:44.743,0.62608,0.62622,1.50,2.30
2010.12.15 06:54:47.961,0.62609,0.62622,1.50,2.30
2010.12.15 06:54:49.427,0.62608,0.62622,1.50,2.30
2010.12.15 06:54:51.840,0.62609,0.62622,1.50,2.30
2010.12.15 06:54:59.638,0.62609,0.62623,1.50,1.50
2010.12.15 06:55:00.476,0.62608,0.62623,1.50,1.50
2010.12.15 06:55:02.350,0.62609,0.62623,1.50,1.50
2010.12.15 06:55:04.538,0.62608,0.62623,1.50,1.50
2010.12.15 06:55:05.121,0.62609,0.62624,1.50,1.50
2010.12.15 06:55:05.353,0.62609,0.62632,1.50,2.30
2010.12.15 06:55:05.681,0.62609,0.62632,1.50,3.20
2010.12.15 06:55:06.316,0.62608,0.62632,1.50,3.20
2010.12.15 06:55:06.844,0.62609,0.62632,1.50,3.20
2010.12.15 06:55:08.418,0.62608,0.62632,1.50,3.20
2010.12.15 06:55:10.182,0.62608,0.62624,1.50,1.50
2010.12.15 06:55:11.268,0.62609,0.62624,1.50,1.50
2010.12.15 06:55:13.001,0.62608,0.62624,1.50,1.50
2010.12.15 06:55:15.704,0.62609,0.62624,1.50,1.50
2010.12.15 06:55:16.786,0.62608,0.62624,1.50,1.50
2010.12.15 06:55:18.998,0.62609,0.62624,1.50,1.50
2010.12.15 06:55:19.578,0.62608,0.62624,1.50,1.50
2010.12.15 06:55:20.092,0.62609,0.62624,1.50,1.50
2010.12.15 06:55:23.492,0.62608,0.62624,1.50,1.50
2010.12.15 06:55:25.770,0.62609,0.62624,1.50,1.50
2010.12.15 06:55:26.385,0.62608,0.62624,1.50,1.50
2010.12.15 06:55:28.617,0.62608,0.62623,1.50,1.50
2010.12.15 06:55:30.059,0.62609,0.62623,1.50,1.50
2010.12.15 06:55:31.137,0.62609,0.62633,1.50,1.50
2010.12.15 06:55:31.693,0.62608,0.62633,1.50,1.50
2010.12.15 06:55:32.601,0.62609,0.62633,1.50,1.50
2010.12.15 06:55:33.377,0.62608,0.62633,1.50,1.50
2010.12.15 06:55:34.198,0.62609,0.62633,1.50,1.50
2010.12.15 06:55:34.920,0.62608,0.62633,1.50,1.50
2010.12.15 06:55:37.380,0.62609,0.62633,1.50,1.50
2010.12.15 06:55:38.104,0.62608,0.62633,1.50,1.50
2010.12.15 06:55:38.621,0.62609,0.62633,1.50,1.50
2010.12.15 06:55:39.386,0.62608,0.62633,1.50,1.50
2010.12.15 06:55:41.967,0.62609,0.62633,1.50,1.50
2010.12.15 06:55:43.803,0.62608,0.62633,1.50,1.50
2010.12.15 06:55:45.252,0.62609,0.62633,1.50,1.50
2010.12.15 06:55:46.290,0.62608,0.62633,1.50,1.50
2010.12.15 06:55:48.257,0.62609,0.62633,1.50,1.50
2010.12.15 06:55:48.839,0.62609,0.62634,1.50,1.50
2010.12.15 06:55:49.791,0.62608,0.62634,1.50,1.50
2010.12.15 06:55:50.929,0.62609,0.62634,1.50,1.50
2010.12.15 06:55:51.530,0.62608,0.62634,1.50,1.50
2010.12.15 06:55:51.942,0.62608,0.62634,1.50,2.50
2010.12.15 06:55:52.601,0.62608,0.62622,1.10,3.20
2010.12.15 06:55:53.583,0.62597,0.62622,2.60,3.20
2010.12.15 06:55:53.722,0.62597,0.62623,1.80,5.10
2010.12.15 06:55:53.835,0.62586,0.62614,1.80,2.50
2010.12.15 06:55:53.956,0.62586,0.62623,2.50,3.20
2010.12.15 06:55:54.071,0.62587,0.62613,2.50,2.30
2010.12.15 06:55:54.480,0.62586,0.62617,1.50,1.10
2010.12.15 06:55:55.031,0.62587,0.62613,1.50,1.70
2010.12.15 06:55:57.973,0.62587,0.62613,1.50,2.50
2010.12.15 06:55:58.521,0.62586,0.62612,1.50,2.50
2010.12.15 06:56:00.411,0.62586,0.62612,1.50,3.20
2010.12.15 06:56:04.253,0.62586,0.62612,1.70,2.60
2010.12.15 06:56:05.410,0.62586,0.62612,1.50,2.50
2010.12.15 06:56:06.774,0.62586,0.62612,2.50,2.30
2010.12.15 06:56:07.110,0.62587,0.6261,2.30,1.70
2010.12.15 06:56:07.224,0.62581,0.62602,2.50,2.30
2010.12.15 06:56:07.672,0.62587,0.62613,1.70,3.80
2010.12.15 06:56:08.005,0.62588,0.62612,3.20,2.30
2010.12.15 06:56:08.548,0.62588,0.62612,2.50,2.30
2010.12.15 06:56:08.663,0.62588,0.62612,3.20,2.30
2010.12.15 06:56:09.756,0.62587,0.62613,4.70,3.80
2010.12.15 06:56:09.876,0.62587,0.62612,1.70,2.30
2010.12.15 06:56:14.252,0.62587,0.62613,1.70,1.50
2010.12.15 06:56:21.241,0.62588,0.62613,3.80,1.50
2010.12.15 06:56:23.029,0.62588,0.62613,2.70,1.70
2010.12.15 06:56:23.166,0.62588,0.62614,3.60,1.50
2010.12.15 06:56:23.295,0.62588,0.62614,2.30,2.90
2010.12.15 06:56:23.413,0.62587,0.62613,2.50,1.90
2010.12.15 06:56:23.940,0.62587,0.62612,2.50,2.30
2010.12.15 06:56:24.563,0.62587,0.62613,1.70,1.90
2010.12.15 06:56:24.906,0.62587,0.62613,2.50,1.90
2010.12.15 06:56:26.526,0.62588,0.62612,2.50,2.30
2010.12.15 06:56:27.103,0.62588,0.62612,3.20,2.50
2010.12.15 06:56:27.774,0.62588,0.62612,3.20,2.30
2010.12.15 06:56:29.614,0.62588,0.62614,3.20,1.70
2010.12.15 06:56:29.725,0.62588,0.62614,3.20,1.50
2010.12.15 06:56:30.174,0.62588,0.62623,4.00,1.50
2010.12.15 06:56:30.284,0.62588,0.62614,3.20,1.50
2010.12.15 06:56:30.716,0.62588,0.62614,3.20,1.50
2010.12.15 06:56:31.641,0.62581,0.62603,1.40,2.30
2010.12.15 06:56:31.755,0.62597,0.62614,2.70,2.50
2010.12.15 06:56:31.863,0.62598,0.62623,1.40,3.80
2010.12.15 06:56:32.302,0.62588,0.62622,3.20,2.50
2010.12.15 06:56:32.524,0.62588,0.62622,3.20,2.30
2010.12.15 06:56:32.631,0.62588,0.62614,3.20,1.50
2010.12.15 06:56:32.852,0.62597,0.62623,3.60,2.30
2010.12.15 06:56:33.481,0.62597,0.62623,2.70,3.20
2010.12.15 06:56:33.865,0.62597,0.62613,2.30,1.40
2010.12.15 06:56:34.002,0.62589,0.62614,1.40,1.50
2010.12.15 06:56:36.711,0.62587,0.62614,8.30,1.50
2010.12.15 06:56:41.556,0.62587,0.62614,3.80,1.50
2010.12.15 06:56:45.757,0.62587,0.62614,8.50,1.50
2010.12.15 06:56:46.202,0.62588,0.62618,1.50,1.40
2010.12.15 06:56:46.312,0.62587,0.62614,2.50,1.40
2010.12.15 06:56:46.725,0.62587,0.6261,1.50,1.40
2010.12.15 06:56:46.842,0.6258,0.6261,2.60,1.40
2010.12.15 06:56:47.112,0.62583,0.62604,1.40,1.50
2010.12.15 06:56:47.332,0.62579,0.62604,1.50,1.50
2010.12.15 06:56:50.241,0.62577,0.62604,3.80,1.70
2010.12.15 06:56:50.355,0.62577,0.62604,3.80,1.70
2010.12.15 06:56:50.755,0.6258,0.62604,1.40,1.50
2010.12.15 06:56:51.677,0.62581,0.62604,1.40,1.50
2010.12.15 06:56:51.904,0.62579,0.62613,1.40,1.70
2010.12.15 06:56:52.451,0.62587,0.62613,1.50,1.50
2010.12.15 06:56:53.964,0.62587,0.62613,1.90,1.50
2010.12.15 06:56:55.084,0.62588,0.62613,2.70,2.50
2010.12.15 06:56:55.194,0.62579,0.62613,1.40,3.20
2010.12.15 06:56:56.013,0.62584,0.62613,1.40,2.30
2010.12.15 06:56:56.748,0.62586,0.62614,2.10,2.10
2010.12.15 06:56:56.972,0.62588,0.62614,2.90,1.50
2010.12.15 06:56:57.730,0.62588,0.62614,2.30,2.10
2010.12.15 06:56:57.903,0.6258,0.62613,1.50,1.70
2010.12.15 06:56:58.014,0.62583,0.62613,1.40,1.90
2010.12.15 06:56:58.122,0.6258,0.62612,1.40,2.90
2010.12.15 06:56:58.233,0.6258,0.62612,2.60,2.50
2010.12.15 06:56:58.654,0.62587,0.62614,3.20,1.50
2010.12.15 06:56:59.691,0.62587,0.62614,2.50,1.50
2010.12.15 06:57:00.964,0.62587,0.62614,2.60,1.50
2010.12.15 06:57:02.727,0.62587,0.62614,3.30,1.50
2010.12.15 06:57:03.587,0.62597,0.62623,1.70,1.50
2010.12.15 06:57:12.272,0.62597,0.62623,4.00,1.50
2010.12.15 06:57:14.472,0.62598,0.62623,1.10,1.50
2010.12.15 06:57:15.354,0.62597,0.62623,4.80,1.50
2010.12.15 06:57:20.702,0.62597,0.62623,3.80,1.50
2010.12.15 06:57:21.032,0.62597,0.62633,1.70,6.60
2010.12.15 06:57:21.142,0.62597,0.62623,1.70,1.50
2010.12.15 06:57:23.402,0.62597,0.62623,1.70,1.50
2010.12.15 06:57:32.325,0.62597,0.62623,2.90,1.50
2010.12.15 06:57:32.456,0.62597,0.62633,5.10,4.40
2010.12.15 06:57:32.572,0.62597,0.62624,3.60,1.50
2010.12.15 06:57:38.262,0.62597,0.62624,8.20,1.50
2010.12.15 06:57:38.798,0.62597,0.62623,3.60,2.30
2010.12.15 06:57:42.281,0.62596,0.62623,2.10,2.50
2010.12.15 06:57:42.502,0.62596,0.62623,1.70,2.50
2010.12.15 06:57:42.658,0.62596,0.62623,1.50,2.50
2010.12.15 06:57:45.452,0.62596,0.62623,1.50,3.20
2010.12.15 06:57:49.345,0.62596,0.62623,1.50,2.50
2010.12.15 06:57:52.695,0.62596,0.62623,1.50,2.30
2010.12.15 06:57:55.564,0.62596,0.62623,1.50,3.20
2010.12.15 06:57:59.552,0.62596,0.62623,1.50,2.50
2010.12.15 06:58:23.147,0.62596,0.62624,2.50,1.50
2010.12.15 06:58:34.062,0.62598,0.62632,2.50,2.50
2010.12.15 06:58:34.173,0.62598,0.62632,3.60,2.30
2010.12.15 06:58:34.504,0.62607,0.62633,3.20,1.50
2010.12.15 06:58:35.361,0.62607,0.62634,3.20,1.50
2010.12.15 06:58:35.910,0.62607,0.62634,3.20,1.50
2010.12.15 06:58:40.253,0.62607,0.62644,3.20,1.50
2010.12.15 06:58:40.582,0.62607,0.62634,3.20,1.50
2010.12.15 06:58:40.983,0.62607,0.62634,3.20,1.50
2010.12.15 06:58:51.618,0.62608,0.62634,2.30,1.70
2010.12.15 06:58:51.734,0.62606,0.62633,1.70,2.30
2010.12.15 06:58:51.844,0.62606,0.62633,1.50,3.20
2010.12.15 06:58:52.497,0.62607,0.62633,1.50,5.10
2010.12.15 06:58:52.635,0.62607,0.62633,1.50,3.80
2010.12.15 06:58:52.751,0.62596,0.62624,2.50,1.50
2010.12.15 06:58:57.995,0.62596,0.62624,2.50,1.50
2010.12.15 06:58:58.740,0.62607,0.62632,1.50,2.30
2010.12.15 06:59:02.922,0.62607,0.62632,1.50,2.50
2010.12.15 06:59:03.032,0.62607,0.62632,1.50,2.30
2010.12.15 06:59:03.631,0.62596,0.62624,2.50,1.50
2010.12.15 06:59:09.483,0.62607,0.62632,1.50,2.70
2010.12.15 06:59:09.816,0.62597,0.62623,4.00,2.70
2010.12.15 06:59:10.241,0.62597,0.62622,1.50,2.90
2010.12.15 06:59:11.872,0.62597,0.62622,1.50,2.90
2010.12.15 06:59:12.294,0.62597,0.62619,1.50,1.40
2010.12.15 06:59:12.404,0.62597,0.62618,1.50,1.40
2010.12.15 06:59:13.134,0.62597,0.62622,1.50,2.90
2010.12.15 06:59:14.116,0.62597,0.62622,2.50,2.70
2010.12.15 06:59:14.232,0.62597,0.62622,1.50,2.70
2010.12.15 06:59:14.706,0.62597,0.62622,1.50,2.30
2010.12.15 06:59:15.964,0.62597,0.62622,1.50,2.90
2010.12.15 06:59:20.632,0.62597,0.62622,1.50,3.20
2010.12.15 06:59:20.965,0.62587,0.62615,3.80,1.40
2010.12.15 06:59:21.377,0.62588,0.62613,2.50,1.50
2010.12.15 06:59:21.711,0.62591,0.62613,1.40,1.50
2010.12.15 06:59:21.892,0.62596,0.6262,1.50,1.40
2010.12.15 06:59:24.732,0.62596,0.62622,1.70,2.70
2010.12.15 06:59:25.243,0.62596,0.62622,1.70,2.90
2010.12.15 06:59:25.785,0.62596,0.62622,1.70,2.70
2010.12.15 06:59:26.204,0.62596,0.62622,1.70,2.70
2010.12.15 06:59:26.796,0.62596,0.62622,1.50,2.90
2010.12.15 06:59:29.458,0.62596,0.6262,1.50,1.40
2010.12.15 06:59:30.848,0.62596,0.62618,1.50,1.40
2010.12.15 06:59:30.964,0.62596,0.62622,1.50,1.40
2010.12.15 06:59:31.075,0.62587,0.62621,1.50,1.40
2010.12.15 06:59:31.191,0.62587,0.62621,1.50,1.40
2010.12.15 06:59:32.062,0.62587,0.62613,1.50,2.50
2010.12.15 06:59:32.393,0.62576,0.62612,1.70,3.20
2010.12.15 06:59:32.808,0.62587,0.62612,1.50,3.20
2010.12.15 06:59:35.189,0.62577,0.62613,4.70,2.10
2010.12.15 06:59:35.414,0.62587,0.62613,1.50,1.70
2010.12.15 06:59:37.797,0.62577,0.62613,3.20,1.70
2010.12.15 06:59:37.936,0.62568,0.62592,2.30,2.50
2010.12.15 06:59:38.162,0.62568,0.62606,3.20,2.50
2010.12.15 06:59:38.279,0.62568,0.62602,2.50,2.90
2010.12.15 06:59:38.678,0.62568,0.62592,2.30,2.30
2010.12.15 06:59:39.755,0.62568,0.62592,2.50,2.30
2010.12.15 06:59:40.432,0.6257,0.62594,1.40,1.50
2010.12.15 06:59:41.021,0.62569,0.62594,1.40,1.50
2010.12.15 06:59:45.369,0.6257,0.62594,1.40,1.50
2010.12.15 06:59:45.701,0.62578,0.62594,2.30,1.50
2010.12.15 06:59:45.810,0.62578,0.62602,2.30,2.70
2010.12.15 06:59:48.305,0.62578,0.62602,2.30,2.90
2010.12.15 06:59:48.433,0.62576,0.62602,1.70,2.90
2010.12.15 06:59:48.542,0.62576,0.62601,1.50,1.40
2010.12.15 06:59:48.652,0.62568,0.62597,2.60,1.40
2010.12.15 06:59:49.278,0.62567,0.62593,3.80,2.30
2010.12.15 06:59:50.730,0.6257,0.62594,1.40,1.50
2010.12.15 06:59:51.917,0.62566,0.62594,2.10,1.50
2010.12.15 06:59:52.143,0.62566,0.62594,1.70,1.50
2010.12.15 06:59:52.254,0.62566,0.62594,2.50,1.50
2010.12.15 06:59:52.693,0.62577,0.62603,1.50,4.00
2010.12.15 06:59:53.275,0.62577,0.62598,1.50,1.40
2010.12.15 06:59:53.501,0.62567,0.62593,1.50,2.50
2010.12.15 06:59:54.009,0.62566,0.62593,1.50,2.50
2010.12.15 06:59:55.361,0.62566,0.62594,1.70,1.70
2010.12.15 06:59:58.112,0.62567,0.62594,2.30,1.70
2010.12.15 06:59:58.223,0.62567,0.62594,2.50,1.50
2010.12.15 06:59:58.791,0.62577,0.62603,1.50,4.10
