2015.05.14 16:00:00.401,0.89378,0.89397,1.45,1.00
2015.05.14 16:00:00.709,0.89386,0.894,1.00,1.00
2015.05.14 16:00:00.911,0.89381,0.89397,1.47,1.00
2015.05.14 16:00:00.962,0.89381,0.89389,1.00,1.00
2015.05.14 16:00:01.013,0.89378,0.89389,1.10,1.00
2015.05.14 16:00:01.114,0.89378,0.89391,1.00,1.00
2015.05.14 16:00:01.265,0.89376,0.89391,1.50,1.00
2015.05.14 16:00:01.488,0.89376,0.89394,1.00,1.00
2015.05.14 16:00:02.035,0.89376,0.89391,1.00,1.00
2015.05.14 16:00:02.695,0.89376,0.89388,1.00,1.00
2015.05.14 16:00:03.189,0.89376,0.89391,1.00,1.00
2015.05.14 16:00:03.290,0.89371,0.89391,1.00,1.10
2015.05.14 16:00:03.341,0.89371,0.89388,1.00,1.00
2015.05.14 16:00:03.547,0.89368,0.89388,1.00,1.00
2015.05.14 16:00:03.598,0.89368,0.89385,1.00,1.00
2015.05.14 16:00:03.800,0.89359,0.89382,1.65,1.00
2015.05.14 16:00:03.952,0.89361,0.89384,1.52,1.00
2015.05.14 16:00:04.104,0.89368,0.89384,1.00,1.00
2015.05.14 16:00:04.433,0.8937,0.89384,1.00,1.00
2015.05.14 16:00:04.484,0.8937,0.89387,1.00,1.00
2015.05.14 16:00:05.007,0.89369,0.89387,1.00,1.00
2015.05.14 16:00:05.058,0.89369,0.89385,1.00,1.00
2015.05.14 16:00:05.164,0.89369,0.89387,1.50,1.00
2015.05.14 16:00:05.316,0.89369,0.8939,1.10,1.00
2015.05.14 16:00:05.864,0.89369,0.89394,1.57,1.10
2015.05.14 16:00:06.147,0.89369,0.89394,1.00,1.07
2015.05.14 16:00:06.198,0.89367,0.89392,1.50,1.15
2015.05.14 16:00:06.249,0.8937,0.89395,1.00,1.65
2015.05.14 16:00:06.300,0.89367,0.89392,1.00,1.15
2015.05.14 16:00:06.357,0.89369,0.89392,1.00,1.15
2015.05.14 16:00:06.697,0.89371,0.89395,1.00,1.15
2015.05.14 16:00:08.164,0.89368,0.89393,1.00,1.15
2015.05.14 16:00:08.569,0.8937,0.89393,1.37,1.15
2015.05.14 16:00:08.671,0.89373,0.89394,1.12,1.00
2015.05.14 16:00:08.840,0.89375,0.89394,1.00,1.00
2015.05.14 16:00:09.359,0.89374,0.89395,1.00,1.00
2015.05.14 16:00:10.168,0.89373,0.89395,1.87,1.00
2015.05.14 16:00:12.896,0.89373,0.89395,1.00,1.50
2015.05.14 16:00:13.048,0.89368,0.89389,1.00,1.45
2015.05.14 16:00:13.149,0.89368,0.89385,1.00,1.00
2015.05.14 16:00:13.251,0.89366,0.89385,1.00,1.00
2015.05.14 16:00:13.352,0.89363,0.89386,1.12,1.87
2015.05.14 16:00:13.571,0.89361,0.89385,1.50,1.15
2015.05.14 16:00:13.925,0.89363,0.89385,1.00,1.15
2015.05.14 16:00:14.660,0.89362,0.89385,1.37,1.65
2015.05.14 16:00:15.195,0.89362,0.89385,1.12,1.95
2015.05.14 16:00:15.676,0.89362,0.89385,1.12,2.02
2015.05.14 16:00:16.992,0.89362,0.89385,1.37,1.65
2015.05.14 16:00:17.195,0.89364,0.89387,1.00,1.27
2015.05.14 16:00:17.352,0.89362,0.89385,1.12,1.00
2015.05.14 16:00:24.977,0.89364,0.89385,1.00,1.00
2015.05.14 16:00:25.129,0.89362,0.89385,1.00,1.00
2015.05.14 16:00:27.117,0.89363,0.89385,1.00,1.00
2015.05.14 16:00:27.218,0.8936,0.89384,1.17,1.37
2015.05.14 16:00:27.514,0.89355,0.89379,1.00,1.10
2015.05.14 16:00:27.666,0.89354,0.89375,1.57,1.00
2015.05.14 16:00:28.765,0.89354,0.89376,1.00,1.50
2015.05.14 16:00:28.881,0.89351,0.89376,1.87,2.32
2015.05.14 16:00:29.284,0.89348,0.89373,1.17,1.00
2015.05.14 16:00:29.588,0.89354,0.89379,1.00,1.17
2015.05.14 16:00:29.679,0.89354,0.89379,1.45,1.10
2015.05.14 16:00:29.736,0.89357,0.89381,1.10,1.00
2015.05.14 16:00:29.988,0.8936,0.89385,1.00,1.65
2015.05.14 16:00:31.035,0.89357,0.89382,1.20,1.10
2015.05.14 16:00:31.086,0.8936,0.89385,1.00,2.40
2015.05.14 16:00:32.601,0.89357,0.89382,1.20,1.95
2015.05.14 16:00:34.364,0.89357,0.89382,1.47,1.57
2015.05.14 16:00:34.517,0.89364,0.89388,1.20,1.37
2015.05.14 16:00:35.209,0.89364,0.89388,1.10,1.37
2015.05.14 16:00:35.746,0.89361,0.89386,2.02,1.87
2015.05.14 16:00:36.275,0.89361,0.89386,2.02,1.87
2015.05.14 16:00:36.900,0.89361,0.89386,1.95,1.95
2015.05.14 16:00:37.103,0.89361,0.89385,1.12,1.95
2015.05.14 16:00:37.407,0.89359,0.89382,1.00,1.52
2015.05.14 16:00:37.457,0.89355,0.89382,1.00,1.52
2015.05.14 16:00:37.684,0.89352,0.89377,1.20,1.10
2015.05.14 16:00:37.734,0.8935,0.89376,1.37,1.15
2015.05.14 16:00:38.269,0.89353,0.89375,1.00,1.20
2015.05.14 16:00:38.891,0.89352,0.89375,1.00,1.20
2015.05.14 16:00:39.421,0.89352,0.89374,1.00,1.00
2015.05.14 16:00:41.583,0.89352,0.89375,1.50,1.20
2015.05.14 16:00:42.411,0.89353,0.89376,1.00,1.15
2015.05.14 16:00:42.950,0.89352,0.89375,1.57,1.00
2015.05.14 16:00:44.653,0.89352,0.89375,1.95,1.00
2015.05.14 16:00:44.986,0.89355,0.89375,1.00,1.00
2015.05.14 16:00:45.332,0.89353,0.89375,1.00,1.00
2015.05.14 16:00:46.127,0.89353,0.89375,1.00,1.07
2015.05.14 16:00:46.380,0.89351,0.89374,1.00,1.10
2015.05.14 16:00:46.431,0.89352,0.89376,1.00,2.02
2015.05.14 16:00:46.940,0.8935,0.89373,1.00,2.02
2015.05.14 16:00:47.142,0.89348,0.89372,1.00,1.17
2015.05.14 16:00:47.786,0.89348,0.89373,1.37,1.15
2015.05.14 16:00:47.839,0.89348,0.89373,1.52,1.00
2015.05.14 16:00:47.890,0.89351,0.89375,1.00,1.57
2015.05.14 16:00:48.413,0.89354,0.89376,1.00,1.65
2015.05.14 16:00:51.889,0.89352,0.89375,1.87,1.10
2015.05.14 16:00:54.199,0.89353,0.89375,1.37,1.10
2015.05.14 16:00:54.503,0.89359,0.89375,1.00,1.00
2015.05.14 16:00:54.604,0.89359,0.8938,1.00,1.00
2015.05.14 16:00:54.721,0.89359,0.89385,1.50,1.15
2015.05.14 16:00:55.226,0.8936,0.89385,1.00,1.65
2015.05.14 16:00:57.216,0.8936,0.89385,1.00,2.02
2015.05.14 16:00:57.362,0.89356,0.89378,1.00,1.17
2015.05.14 16:00:57.665,0.89356,0.89375,1.00,1.00
2015.05.14 16:00:57.918,0.89356,0.89381,1.00,2.02
2015.05.14 16:00:59.146,0.89359,0.8938,1.00,1.15
2015.05.14 16:00:59.317,0.89355,0.8938,1.12,1.65
2015.05.14 16:00:59.638,0.89355,0.89375,1.00,1.00
2015.05.14 16:00:59.885,0.89353,0.89375,1.50,1.00
2015.05.14 16:01:00.434,0.89353,0.89375,1.87,1.00
2015.05.14 16:01:01.837,0.89353,0.89375,1.87,1.00
2015.05.14 16:01:03.265,0.89353,0.89377,1.87,1.10
2015.05.14 16:01:03.367,0.89356,0.89377,1.00,1.10
2015.05.14 16:01:03.635,0.89356,0.89379,1.87,1.00
2015.05.14 16:01:03.736,0.89356,0.89379,2.62,1.00
2015.05.14 16:01:04.243,0.89359,0.89384,1.00,1.27
2015.05.14 16:01:05.797,0.89359,0.89375,1.00,1.00
2015.05.14 16:01:05.847,0.89356,0.89375,1.00,1.00
2015.05.14 16:01:05.898,0.89354,0.89375,1.00,1.00
2015.05.14 16:01:06.422,0.89354,0.89375,1.00,1.17
2015.05.14 16:01:06.800,0.89354,0.89377,1.00,1.10
2015.05.14 16:01:07.269,0.89354,0.89375,1.00,1.00
2015.05.14 16:01:09.669,0.89353,0.89375,1.50,1.00
2015.05.14 16:01:10.085,0.89353,0.89377,1.50,1.10
2015.05.14 16:01:10.590,0.89354,0.89377,1.00,1.10
2015.05.14 16:01:11.136,0.89355,0.89378,1.00,2.02
2015.05.14 16:01:16.059,0.89354,0.89377,1.00,1.10
2015.05.14 16:01:17.116,0.89354,0.89375,1.00,1.00
2015.05.14 16:01:17.520,0.89354,0.89375,1.00,1.15
2015.05.14 16:01:17.671,0.89352,0.89375,1.00,1.65
2015.05.14 16:01:19.006,0.89351,0.89375,1.00,2.40
2015.05.14 16:01:19.306,0.8935,0.89373,1.87,1.17
2015.05.14 16:01:19.408,0.8935,0.89373,1.87,1.00
2015.05.14 16:01:19.656,0.89351,0.89374,1.37,1.10
2015.05.14 16:01:19.808,0.89357,0.8938,1.00,1.57
2015.05.14 16:01:19.859,0.89357,0.8938,1.12,1.57
2015.05.14 16:01:20.407,0.89357,0.89379,1.12,1.00
2015.05.14 16:01:20.924,0.89357,0.89378,1.87,1.00
2015.05.14 16:01:20.974,0.89357,0.89378,1.50,1.37
2015.05.14 16:01:21.076,0.89355,0.89377,1.10,1.37
2015.05.14 16:01:21.605,0.89354,0.89375,1.00,1.10
2015.05.14 16:01:24.218,0.89356,0.89379,1.00,2.77
2015.05.14 16:01:24.369,0.89356,0.89379,1.00,2.77
2015.05.14 16:01:25.242,0.89356,0.89377,1.00,1.37
2015.05.14 16:01:25.495,0.89353,0.89375,1.00,1.10
2015.05.14 16:01:28.071,0.89356,0.89377,1.00,1.27
2015.05.14 16:01:28.241,0.89356,0.89379,1.50,2.02
2015.05.14 16:01:31.385,0.89356,0.89378,1.50,1.45
2015.05.14 16:01:31.506,0.89353,0.89375,1.00,1.07
2015.05.14 16:01:31.557,0.8935,0.89375,1.00,1.57
2015.05.14 16:01:32.066,0.8935,0.89373,1.50,1.00
2015.05.14 16:01:32.467,0.89347,0.89372,1.65,1.37
2015.05.14 16:01:33.240,0.89347,0.8937,1.17,1.50
2015.05.14 16:01:33.656,0.89347,0.8937,1.10,1.00
2015.05.14 16:01:34.200,0.89347,0.89369,1.00,1.00
2015.05.14 16:01:34.723,0.89347,0.89369,1.00,1.17
2015.05.14 16:01:36.652,0.89344,0.89368,1.50,1.10
2015.05.14 16:01:38.084,0.89346,0.89368,1.00,1.10
2015.05.14 16:01:43.247,0.89344,0.89369,1.50,1.65
2015.05.14 16:01:44.284,0.89344,0.89369,1.87,1.65
2015.05.14 16:01:44.335,0.89347,0.89369,1.00,1.17
2015.05.14 16:01:44.436,0.89347,0.8937,1.20,1.87
2015.05.14 16:01:45.844,0.89346,0.89365,1.00,1.00
2015.05.14 16:01:46.096,0.89344,0.89365,1.50,1.00
2015.05.14 16:01:46.435,0.89347,0.89365,1.00,1.00
2015.05.14 16:01:46.588,0.89344,0.89365,1.50,1.00
2015.05.14 16:01:48.482,0.89344,0.89365,1.87,1.00
2015.05.14 16:01:48.736,0.89347,0.89367,1.00,1.17
2015.05.14 16:01:49.809,0.89345,0.89367,1.00,1.17
2015.05.14 16:01:50.060,0.89343,0.89365,1.00,1.00
2015.05.14 16:01:50.565,0.89342,0.89366,1.00,1.20
2015.05.14 16:01:50.615,0.89342,0.89366,1.00,1.47
2015.05.14 16:01:51.293,0.89342,0.89367,1.00,1.17
2015.05.14 16:01:53.541,0.89339,0.89364,1.15,1.00
2015.05.14 16:01:53.863,0.89339,0.8936,1.50,1.00
2015.05.14 16:01:54.295,0.89339,0.89362,1.50,1.50
2015.05.14 16:01:54.775,0.89339,0.89362,1.15,1.00
2015.05.14 16:01:55.519,0.89339,0.89362,1.50,1.00
2015.05.14 16:01:55.608,0.89339,0.8936,1.00,1.10
2015.05.14 16:01:56.159,0.89338,0.8936,1.50,1.10
2015.05.14 16:01:57.985,0.89339,0.89361,1.00,1.17
2015.05.14 16:01:58.497,0.89338,0.89361,1.65,1.00
2015.05.14 16:01:59.014,0.89339,0.89362,1.10,1.00
2015.05.14 16:01:59.318,0.89342,0.89367,1.00,4.20
2015.05.14 16:02:00.720,0.89345,0.89365,1.00,1.52
2015.05.14 16:02:00.875,0.89342,0.89365,1.00,1.52
2015.05.14 16:02:03.416,0.89344,0.89366,1.00,1.20
2015.05.14 16:02:03.584,0.89349,0.8937,1.00,1.47
2015.05.14 16:02:04.097,0.89349,0.89371,1.00,1.17
2015.05.14 16:02:04.516,0.89349,0.8937,1.50,1.07
2015.05.14 16:02:04.567,0.89344,0.89367,1.47,1.10
2015.05.14 16:02:04.618,0.89345,0.8937,1.00,4.20
2015.05.14 16:02:04.770,0.89342,0.89367,1.00,1.27
2015.05.14 16:02:05.758,0.89339,0.89359,1.10,1.00
2015.05.14 16:02:05.909,0.89336,0.89359,1.57,1.10
2015.05.14 16:02:06.111,0.89338,0.89361,1.00,1.50
2015.05.14 16:02:06.488,0.89343,0.89367,1.37,1.15
2015.05.14 16:02:06.590,0.89348,0.89371,1.00,2.02
2015.05.14 16:02:09.410,0.89349,0.8937,1.00,1.10
2015.05.14 16:02:10.068,0.89348,0.8937,1.00,1.20
2015.05.14 16:02:10.195,0.89347,0.89365,1.00,1.00
2015.05.14 16:02:10.535,0.89345,0.89365,1.00,1.15
2015.05.14 16:02:10.586,0.8934,0.89365,1.00,1.15
2015.05.14 16:02:11.424,0.89338,0.89363,1.57,1.10
2015.05.14 16:02:11.525,0.8934,0.89365,1.00,1.27
2015.05.14 16:02:11.862,0.89337,0.8936,1.50,1.10
2015.05.14 16:02:12.364,0.89338,0.8936,1.00,1.10
2015.05.14 16:02:13.334,0.89339,0.89362,1.00,1.65
2015.05.14 16:02:13.837,0.8934,0.89364,1.00,2.02
2015.05.14 16:02:14.039,0.8934,0.89364,1.00,2.02
2015.05.14 16:02:14.466,0.89342,0.89364,1.00,1.27
2015.05.14 16:02:14.806,0.8934,0.89364,1.00,1.27
2015.05.14 16:02:16.485,0.89341,0.89364,1.00,1.17
2015.05.14 16:02:17.713,0.8934,0.89363,1.12,1.10
2015.05.14 16:02:18.918,0.8934,0.8936,1.12,1.00
2015.05.14 16:02:19.490,0.89341,0.8936,1.00,1.00
2015.05.14 16:02:25.104,0.8934,0.8936,1.00,1.10
2015.05.14 16:02:26.110,0.8934,0.89364,2.62,1.12
2015.05.14 16:02:26.161,0.89343,0.89364,1.00,1.00
2015.05.14 16:02:26.671,0.89341,0.89365,1.17,1.50
2015.05.14 16:02:26.992,0.89344,0.89365,1.00,1.00
2015.05.14 16:02:27.211,0.89341,0.89366,2.02,2.62
2015.05.14 16:02:27.427,0.89344,0.89365,1.00,1.00
2015.05.14 16:02:27.679,0.89342,0.89365,1.20,1.00
2015.05.14 16:02:27.781,0.89344,0.89365,1.00,1.00
2015.05.14 16:02:27.831,0.89344,0.89369,1.00,1.27
2015.05.14 16:02:27.933,0.89347,0.89372,1.00,2.02
2015.05.14 16:02:28.144,0.89342,0.89365,1.00,2.02
2015.05.14 16:02:28.687,0.89341,0.89365,1.50,2.02
2015.05.14 16:02:29.677,0.89341,0.89365,1.50,2.02
2015.05.14 16:02:29.812,0.89341,0.89365,1.50,2.02
2015.05.14 16:02:30.588,0.89341,0.89364,1.00,1.47
2015.05.14 16:02:30.841,0.89343,0.89366,1.10,1.37
2015.05.14 16:02:30.893,0.89343,0.89366,1.47,1.00
2015.05.14 16:02:31.243,0.89346,0.89371,1.50,1.07
2015.05.14 16:02:31.811,0.89346,0.89371,1.50,1.15
2015.05.14 16:02:36.862,0.89347,0.89371,1.00,1.45
2015.05.14 16:02:36.913,0.89347,0.89371,1.00,1.20
2015.05.14 16:02:37.539,0.89348,0.89373,1.00,1.52
2015.05.14 16:02:37.998,0.89348,0.89373,1.00,1.52
2015.05.14 16:02:40.258,0.89346,0.89371,1.50,1.27
2015.05.14 16:02:41.424,0.89345,0.89368,1.00,1.00
2015.05.14 16:02:41.664,0.89346,0.8937,1.27,1.37
2015.05.14 16:02:42.183,0.89346,0.8937,1.87,1.55
2015.05.14 16:02:42.711,0.89347,0.8937,1.00,1.17
2015.05.14 16:02:43.482,0.89346,0.8937,2.62,1.17
2015.05.14 16:02:43.786,0.89349,0.8937,1.00,1.17
2015.05.14 16:02:44.601,0.89353,0.89371,1.00,1.00
2015.05.14 16:02:44.848,0.89362,0.89385,1.00,1.17
2015.05.14 16:02:44.900,0.89362,0.8938,1.00,1.00
2015.05.14 16:02:45.152,0.89362,0.89383,1.00,1.00
2015.05.14 16:02:45.254,0.89364,0.89384,1.00,1.00
2015.05.14 16:02:45.521,0.8936,0.89386,1.00,1.15
2015.05.14 16:02:45.571,0.89362,0.89379,1.00,1.00
2015.05.14 16:02:45.622,0.89362,0.89385,1.00,1.17
2015.05.14 16:02:45.673,0.89364,0.89387,1.00,1.07
2015.05.14 16:02:45.724,0.89364,0.89387,1.00,1.10
2015.05.14 16:02:45.775,0.89366,0.89387,1.00,1.10
2015.05.14 16:02:46.075,0.89367,0.8939,1.50,1.50
2015.05.14 16:02:46.429,0.89369,0.8939,1.00,1.50
2015.05.14 16:02:47.864,0.8937,0.8939,1.00,1.00
2015.05.14 16:02:48.326,0.89372,0.8939,1.00,1.00
2015.05.14 16:02:48.542,0.89375,0.89394,1.00,1.10
2015.05.14 16:02:48.643,0.89375,0.8939,1.00,1.00
2015.05.14 16:02:50.395,0.89373,0.89393,1.00,1.00
2015.05.14 16:02:50.497,0.89373,0.8939,1.00,1.00
2015.05.14 16:02:50.762,0.89374,0.89394,1.00,1.10
2015.05.14 16:02:51.066,0.89372,0.89395,1.50,1.07
2015.05.14 16:02:51.637,0.89373,0.89395,1.00,1.07
2015.05.14 16:02:52.041,0.89372,0.89391,1.50,1.00
2015.05.14 16:02:52.551,0.89373,0.89391,1.00,1.00
2015.05.14 16:02:53.078,0.89373,0.8939,1.00,1.00
2015.05.14 16:02:54.123,0.89372,0.8939,1.00,1.00
2015.05.14 16:02:54.656,0.89371,0.8939,1.00,1.00
2015.05.14 16:02:54.963,0.89371,0.89385,1.00,1.00
2015.05.14 16:02:55.553,0.89371,0.8939,1.00,1.00
2015.05.14 16:02:56.102,0.89372,0.8939,1.50,1.00
2015.05.14 16:02:56.553,0.89372,0.89393,1.95,1.00
2015.05.14 16:02:56.665,0.89375,0.89395,1.00,1.00
2015.05.14 16:02:58.109,0.89375,0.89396,1.00,1.00
2015.05.14 16:02:58.210,0.8937,0.89395,1.07,1.37
2015.05.14 16:02:58.320,0.8937,0.8939,1.57,1.00
2015.05.14 16:02:58.875,0.89369,0.8939,1.00,1.12
2015.05.14 16:02:59.188,0.89367,0.89385,1.00,1.00
2015.05.14 16:02:59.831,0.89366,0.89385,1.00,1.00
2015.05.14 16:03:00.344,0.89366,0.89386,1.50,1.00
2015.05.14 16:03:00.852,0.89367,0.89386,1.00,1.00
2015.05.14 16:03:01.506,0.89368,0.89385,1.00,1.00
2015.05.14 16:03:01.822,0.8937,0.89385,1.00,1.00
2015.05.14 16:03:01.974,0.89369,0.8939,1.00,1.52
2015.05.14 16:03:02.176,0.89367,0.8939,1.50,2.02
2015.05.14 16:03:02.278,0.89367,0.89386,1.00,1.00
2015.05.14 16:03:03.697,0.89367,0.89385,2.25,1.00
2015.05.14 16:03:07.789,0.89363,0.8938,1.00,1.00
2015.05.14 16:03:07.929,0.8936,0.8938,1.10,1.00
2015.05.14 16:03:08.435,0.8936,0.89381,1.50,1.15
2015.05.14 16:03:08.958,0.8936,0.89378,1.00,1.00
2015.05.14 16:03:11.394,0.89361,0.89379,1.00,1.00
2015.05.14 16:03:11.944,0.89359,0.89379,1.00,1.00
2015.05.14 16:03:12.111,0.89359,0.89375,1.50,1.00
2015.05.14 16:03:12.647,0.89359,0.89376,1.00,1.00
2015.05.14 16:03:13.053,0.89357,0.89376,1.12,1.00
2015.05.14 16:03:13.155,0.89357,0.89378,1.12,1.00
2015.05.14 16:03:13.703,0.89357,0.89378,1.37,1.00
2015.05.14 16:03:14.151,0.89356,0.89377,1.00,1.10
2015.05.14 16:03:14.252,0.89356,0.89374,1.00,1.00
2015.05.14 16:03:14.794,0.89354,0.89374,1.17,1.00
2015.05.14 16:03:15.097,0.89353,0.8937,1.00,1.00
2015.05.14 16:03:15.148,0.8935,0.8937,1.50,1.50
2015.05.14 16:03:15.275,0.8935,0.89368,1.50,1.00
2015.05.14 16:03:15.882,0.8935,0.89367,1.50,1.00
2015.05.14 16:03:16.816,0.89351,0.89367,1.00,1.00
2015.05.14 16:03:17.317,0.89351,0.89368,1.12,1.00
2015.05.14 16:03:18.384,0.89351,0.89368,1.45,1.00
2015.05.14 16:03:18.647,0.89351,0.89369,1.12,1.00
2015.05.14 16:03:19.152,0.89351,0.89368,1.15,1.00
2015.05.14 16:03:19.988,0.89353,0.89373,1.17,1.00
2015.05.14 16:03:20.089,0.89358,0.89373,1.00,1.00
2015.05.14 16:03:20.207,0.89358,0.89378,1.00,1.00
2015.05.14 16:03:20.717,0.89357,0.89379,1.10,1.12
2015.05.14 16:03:21.239,0.89357,0.89378,1.10,1.00
2015.05.14 16:03:21.871,0.89358,0.89378,1.00,1.00
2015.05.14 16:03:22.659,0.89357,0.89378,1.10,1.00
2015.05.14 16:03:22.862,0.89357,0.89375,1.10,1.00
2015.05.14 16:03:23.165,0.89353,0.8937,1.00,1.12
2015.05.14 16:03:23.266,0.89347,0.8937,1.50,1.50
2015.05.14 16:03:23.428,0.89347,0.89369,1.67,1.00
2015.05.14 16:03:23.478,0.89347,0.89371,2.17,1.10
2015.05.14 16:03:23.529,0.89347,0.89371,2.17,1.10
2015.05.14 16:03:24.136,0.89348,0.89372,1.82,1.00
2015.05.14 16:03:24.880,0.89352,0.89372,1.00,1.37
2015.05.14 16:03:25.427,0.89351,0.89372,1.00,1.37
2015.05.14 16:03:25.963,0.8935,0.89372,1.10,1.37
2015.05.14 16:03:26.486,0.89349,0.8937,1.17,1.00
2015.05.14 16:03:26.842,0.89352,0.8937,1.00,1.00
2015.05.14 16:03:27.318,0.8935,0.8937,1.10,1.00
2015.05.14 16:03:27.598,0.8935,0.89372,1.10,1.00
2015.05.14 16:03:27.766,0.8935,0.89372,1.17,1.00
2015.05.14 16:03:28.070,0.89354,0.8937,1.00,1.00
2015.05.14 16:03:28.120,0.89352,0.89376,1.55,1.00
2015.05.14 16:03:28.221,0.89353,0.89378,1.10,1.20
2015.05.14 16:03:28.272,0.89353,0.89378,1.10,1.27
2015.05.14 16:03:28.402,0.89349,0.89373,1.10,1.50
2015.05.14 16:03:28.453,0.89348,0.89371,1.65,1.00
2015.05.14 16:03:28.973,0.89348,0.8937,1.17,1.50
2015.05.14 16:03:34.610,0.89351,0.8937,1.00,1.00
2015.05.14 16:03:35.132,0.89352,0.8937,1.00,1.00
2015.05.14 16:03:37.068,0.89352,0.89375,1.10,1.00
2015.05.14 16:03:37.169,0.89352,0.89375,1.00,1.15
2015.05.14 16:03:43.867,0.89352,0.8937,1.00,1.00
2015.05.14 16:03:50.663,0.89352,0.89375,1.00,1.27
2015.05.14 16:03:59.463,0.89352,0.8937,1.00,1.00
2015.05.14 16:04:00.017,0.89351,0.8937,1.00,1.00
2015.05.14 16:04:00.982,0.8935,0.8937,1.00,1.00
2015.05.14 16:04:06.940,0.8935,0.89373,1.00,1.00
2015.05.14 16:04:07.573,0.89351,0.89375,1.00,1.17
2015.05.14 16:04:07.726,0.89353,0.89375,1.00,1.00
2015.05.14 16:04:07.954,0.89354,0.89379,1.65,1.00
2015.05.14 16:04:08.005,0.89356,0.89381,1.07,1.20
2015.05.14 16:04:08.157,0.89354,0.89379,1.17,1.12
2015.05.14 16:04:08.410,0.89357,0.8938,1.57,1.00
2015.05.14 16:04:09.061,0.89358,0.89381,1.10,1.00
2015.05.14 16:04:09.677,0.89357,0.89382,1.17,1.87
2015.05.14 16:04:10.200,0.89358,0.89382,1.10,1.87
2015.05.14 16:04:12.382,0.89357,0.89382,1.17,1.50
2015.05.14 16:04:18.460,0.89357,0.89382,1.00,2.02
2015.05.14 16:04:18.763,0.89356,0.89377,1.00,1.37
2015.05.14 16:04:18.864,0.8935,0.89376,1.50,1.52
2015.05.14 16:04:18.966,0.89345,0.8937,1.15,1.37
2015.05.14 16:04:19.067,0.89345,0.8937,1.00,1.20
2015.05.14 16:04:19.155,0.89344,0.89367,1.10,1.00
2015.05.14 16:04:19.359,0.89345,0.89369,1.50,1.10
2015.05.14 16:04:19.861,0.89346,0.89369,1.00,1.10
2015.05.14 16:04:22.653,0.89347,0.8937,1.00,1.57
2015.05.14 16:04:23.190,0.89348,0.8937,1.00,1.50
2015.05.14 16:04:24.542,0.89349,0.8937,1.50,1.00
2015.05.14 16:04:24.660,0.89349,0.89374,1.27,1.00
2015.05.14 16:04:24.811,0.89353,0.89378,1.00,1.27
2015.05.14 16:04:25.083,0.89351,0.89376,1.00,1.17
2015.05.14 16:04:25.596,0.8935,0.89375,1.57,1.10
2015.05.14 16:04:28.771,0.89347,0.89371,1.15,1.12
2015.05.14 16:04:28.881,0.89345,0.8937,1.27,1.87
2015.05.14 16:04:29.409,0.89348,0.89369,1.00,1.00
2015.05.14 16:04:29.668,0.89346,0.89369,1.00,1.50
2015.05.14 16:04:30.672,0.89349,0.89374,1.00,1.52
2015.05.14 16:04:30.975,0.89346,0.89369,1.00,1.00
2015.05.14 16:04:35.263,0.89346,0.8937,1.50,1.57
2015.05.14 16:04:36.343,0.89346,0.89369,1.00,1.00
2015.05.14 16:04:36.896,0.89346,0.8937,1.50,1.10
2015.05.14 16:04:37.723,0.89347,0.89371,1.00,1.65
2015.05.14 16:04:40.097,0.89349,0.8937,1.00,1.10
2015.05.14 16:04:40.705,0.89348,0.8937,1.00,1.10
2015.05.14 16:04:43.119,0.89347,0.8937,1.00,1.10
2015.05.14 16:04:43.433,0.89348,0.89372,1.47,1.00
2015.05.14 16:04:43.963,0.89351,0.89375,1.00,1.15
2015.05.14 16:04:44.838,0.89351,0.89376,1.00,1.52
2015.05.14 16:04:45.040,0.89345,0.8937,1.95,1.10
2015.05.14 16:04:45.242,0.89345,0.89367,1.20,1.00
2015.05.14 16:04:45.516,0.89343,0.89366,1.00,1.10
2015.05.14 16:04:46.029,0.89344,0.89367,1.50,1.17
2015.05.14 16:04:46.545,0.89345,0.89368,1.00,1.15
2015.05.14 16:04:47.740,0.89346,0.89369,1.00,1.65
2015.05.14 16:04:48.516,0.89346,0.89369,1.00,1.50
2015.05.14 16:04:50.710,0.89346,0.89369,1.00,1.65
2015.05.14 16:04:51.536,0.89347,0.89369,1.00,1.15
2015.05.14 16:04:52.415,0.89347,0.89369,1.00,1.00
2015.05.14 16:04:52.670,0.89348,0.89372,1.87,1.20
2015.05.14 16:04:52.721,0.89349,0.89375,1.47,1.17
2015.05.14 16:04:52.822,0.89349,0.89374,2.02,1.00
2015.05.14 16:04:53.083,0.89351,0.89376,1.17,1.10
2015.05.14 16:04:56.723,0.89351,0.89376,1.00,1.15
2015.05.14 16:04:57.026,0.89348,0.89373,1.00,1.15
2015.05.14 16:04:57.574,0.89348,0.8937,1.00,1.00
2015.05.14 16:04:59.834,0.89347,0.8937,1.20,1.00
2015.05.14 16:05:00.673,0.89347,0.89371,1.20,1.57
2015.05.14 16:05:01.004,0.8935,0.89371,1.12,1.10
2015.05.14 16:05:01.155,0.89351,0.89374,1.00,1.00
2015.05.14 16:05:01.685,0.89351,0.89375,1.00,2.32
2015.05.14 16:05:01.939,0.89351,0.89375,1.00,2.40
2015.05.14 16:05:02.462,0.8935,0.89372,1.00,1.17
2015.05.14 16:05:04.175,0.89352,0.89372,1.00,1.17
2015.05.14 16:05:04.477,0.89351,0.89373,1.12,1.00
2015.05.14 16:05:05.229,0.89352,0.89373,1.00,1.00
2015.05.14 16:05:05.746,0.89352,0.89376,1.00,2.02
2015.05.14 16:05:13.263,0.89351,0.89376,1.37,1.65
2015.05.14 16:05:13.418,0.89351,0.89376,1.37,1.65
2015.05.14 16:05:14.417,0.89351,0.89376,1.12,1.65
2015.05.14 16:05:15.229,0.89354,0.89376,1.00,1.17
2015.05.14 16:05:15.360,0.89354,0.89381,1.20,1.65
2015.05.14 16:05:15.869,0.89358,0.89383,1.00,1.65
2015.05.14 16:05:16.321,0.89355,0.8938,1.00,2.02
2015.05.14 16:05:16.372,0.89355,0.89378,1.00,1.15
2015.05.14 16:05:16.473,0.89352,0.89377,1.87,1.15
2015.05.14 16:05:18.572,0.89352,0.89375,1.50,1.00
2015.05.14 16:05:18.674,0.89352,0.89375,1.00,1.65
2015.05.14 16:05:18.775,0.8935,0.89373,1.50,1.17
2015.05.14 16:05:22.559,0.8935,0.8937,1.00,1.00
2015.05.14 16:05:23.012,0.89347,0.8937,1.00,1.57
2015.05.14 16:05:27.191,0.89348,0.89371,1.00,1.55
2015.05.14 16:05:27.496,0.89348,0.89373,1.10,1.10
2015.05.14 16:05:27.547,0.89351,0.89374,1.37,1.17
2015.05.14 16:05:27.597,0.89353,0.89375,1.20,1.00
2015.05.14 16:05:27.648,0.89353,0.89378,1.10,1.20
2015.05.14 16:05:27.760,0.89349,0.89374,1.65,1.37
2015.05.14 16:05:27.810,0.89349,0.89373,1.50,1.17
2015.05.14 16:05:27.861,0.89353,0.89373,1.00,1.17
2015.05.14 16:05:28.063,0.89349,0.89373,1.00,1.65
2015.05.14 16:05:28.448,0.89345,0.89368,1.00,1.00
2015.05.14 16:05:28.903,0.89345,0.8937,1.65,1.00
2015.05.14 16:05:29.415,0.89346,0.89373,1.17,1.15
2015.05.14 16:05:30.842,0.89347,0.8937,1.00,1.17
2015.05.14 16:05:30.951,0.89345,0.8937,1.00,1.17
2015.05.14 16:05:31.464,0.89346,0.89369,1.10,1.00
2015.05.14 16:05:34.259,0.89349,0.89369,1.00,1.00
2015.05.14 16:05:34.574,0.89351,0.89376,1.00,1.07
2015.05.14 16:05:35.037,0.89353,0.89378,1.17,1.12
2015.05.14 16:05:35.522,0.89356,0.89379,1.00,1.47
2015.05.14 16:05:36.027,0.89355,0.89379,1.00,1.95
2015.05.14 16:05:36.413,0.89353,0.89375,1.00,1.00
2015.05.14 16:05:36.936,0.89354,0.89377,1.50,1.55
2015.05.14 16:05:38.720,0.89354,0.89375,1.00,1.00
2015.05.14 16:05:43.540,0.89353,0.89375,1.50,1.00
2015.05.14 16:05:44.057,0.89352,0.89375,1.00,1.00
2015.05.14 16:05:52.028,0.89353,0.89375,1.00,1.00
2015.05.14 16:05:52.345,0.89355,0.89376,1.00,1.00
2015.05.14 16:05:52.910,0.89355,0.89378,1.00,1.37
2015.05.14 16:05:57.106,0.89355,0.89375,1.00,1.00
2015.05.14 16:05:59.595,0.89354,0.89375,1.10,1.00
2015.05.14 16:05:59.746,0.89354,0.89377,1.10,1.00
2015.05.14 16:06:00.028,0.89353,0.89375,1.17,1.00
2015.05.14 16:06:00.383,0.89352,0.89375,1.00,1.00
2015.05.14 16:06:00.683,0.89356,0.89376,1.00,1.50
2015.05.14 16:06:00.986,0.89358,0.89378,1.17,1.00
2015.05.14 16:06:01.525,0.89357,0.89377,1.15,1.00
2015.05.14 16:06:02.018,0.89358,0.89379,1.17,1.50
2015.05.14 16:06:02.238,0.89357,0.89379,1.50,1.00
2015.05.14 16:06:04.175,0.89357,0.89378,1.00,1.00
2015.05.14 16:06:04.226,0.89355,0.89378,1.00,1.10
2015.05.14 16:06:04.378,0.89355,0.89375,1.00,1.00
2015.05.14 16:06:04.429,0.89353,0.89375,1.12,1.10
2015.05.14 16:06:05.111,0.89354,0.89376,1.00,1.17
2015.05.14 16:06:05.635,0.89354,0.89374,1.00,1.00
2015.05.14 16:06:06.152,0.89353,0.89376,1.00,1.27
2015.05.14 16:06:06.603,0.8935,0.89374,1.57,1.87
2015.05.14 16:06:06.782,0.89351,0.89374,1.00,1.52
2015.05.14 16:06:07.251,0.89349,0.8937,1.50,1.00
2015.05.14 16:06:07.551,0.89349,0.89365,1.50,1.00
2015.05.14 16:06:07.652,0.89346,0.89365,1.17,1.00
2015.05.14 16:06:08.106,0.89345,0.89365,1.50,1.00
2015.05.14 16:06:08.422,0.89345,0.89369,1.87,1.17
2015.05.14 16:06:08.939,0.89346,0.89369,1.47,1.00
2015.05.14 16:06:10.920,0.89345,0.89369,1.07,1.00
2015.05.14 16:06:11.491,0.89346,0.89369,1.47,1.00
2015.05.14 16:06:11.997,0.89348,0.89369,1.00,1.00
2015.05.14 16:06:12.794,0.89346,0.89369,1.47,1.00
2015.05.14 16:06:13.336,0.89345,0.89369,2.70,1.00
2015.05.14 16:06:15.543,0.89348,0.89369,1.00,1.00
2015.05.14 16:06:16.381,0.89348,0.8937,1.00,1.87
2015.05.14 16:06:17.274,0.89353,0.8937,1.00,1.87
2015.05.14 16:06:21.188,0.8935,0.8937,1.00,1.50
2015.05.14 16:06:21.340,0.89352,0.8937,1.00,1.50
2015.05.14 16:06:27.978,0.89353,0.8937,1.00,1.50
2015.05.14 16:06:28.281,0.89353,0.89365,1.00,1.00
2015.05.14 16:06:28.332,0.89353,0.8937,1.00,1.00
2015.05.14 16:06:32.301,0.89353,0.89371,1.00,1.50
2015.05.14 16:06:35.916,0.89353,0.8937,1.00,1.00
2015.05.14 16:06:36.068,0.89354,0.89372,1.00,1.00
2015.05.14 16:06:36.119,0.89354,0.89375,1.00,1.47
2015.05.14 16:06:36.220,0.89358,0.89375,1.00,1.12
2015.05.14 16:06:36.755,0.89355,0.89375,1.00,1.47
2015.05.14 16:06:37.456,0.89355,0.89375,1.00,1.10
2015.05.14 16:06:39.667,0.89355,0.89375,1.00,1.07
2015.05.14 16:06:40.071,0.89355,0.89375,1.00,1.90
2015.05.14 16:06:40.323,0.89353,0.89368,1.00,1.00
2015.05.14 16:06:40.475,0.89353,0.8937,1.00,1.87
2015.05.14 16:06:40.678,0.89351,0.8937,1.00,1.50
2015.05.14 16:06:41.719,0.89351,0.89368,1.00,1.12
2015.05.14 16:06:42.175,0.89351,0.89365,1.00,1.00
2015.05.14 16:06:42.326,0.89351,0.89369,1.00,1.00
2015.05.14 16:06:42.831,0.89351,0.8937,1.00,1.50
2015.05.14 16:06:44.853,0.89351,0.89365,1.00,1.00
2015.05.14 16:06:45.089,0.89347,0.89365,1.00,1.00
2015.05.14 16:06:45.393,0.89347,0.89365,1.00,1.20
2015.05.14 16:06:47.745,0.89344,0.89365,1.00,2.02
2015.05.14 16:06:53.679,0.89342,0.89365,1.00,2.40
2015.05.14 16:06:53.730,0.89339,0.89359,1.00,1.20
2015.05.14 16:06:53.882,0.89339,0.89355,1.00,1.00
2015.05.14 16:06:54.235,0.89339,0.89358,1.00,1.17
2015.05.14 16:06:54.564,0.89336,0.89356,1.00,1.00
2015.05.14 16:06:54.614,0.89336,0.89356,1.00,1.07
2015.05.14 16:06:54.917,0.89328,0.8935,1.00,1.07
2015.05.14 16:06:55.087,0.89328,0.89345,1.00,1.00
2015.05.14 16:06:55.390,0.89331,0.89346,1.00,1.00
2015.05.14 16:06:55.642,0.89331,0.89349,1.00,1.07
2015.05.14 16:06:55.763,0.89331,0.8935,1.00,1.57
2015.05.14 16:06:56.116,0.89328,0.8935,1.00,1.10
2015.05.14 16:06:58.191,0.89329,0.89352,1.00,1.27
2015.05.14 16:06:58.669,0.89332,0.89357,1.00,1.15
2015.05.14 16:07:00.430,0.8933,0.89354,1.00,1.17
2015.05.14 16:07:01.178,0.89329,0.89354,1.50,1.17
2015.05.14 16:07:04.129,0.89329,0.89354,1.00,1.17
2015.05.14 16:07:04.438,0.89333,0.89355,1.37,1.07
2015.05.14 16:07:04.641,0.89333,0.89358,1.37,1.15
2015.05.14 16:07:05.157,0.89335,0.89355,1.00,1.00
2015.05.14 16:07:08.236,0.89333,0.89355,1.50,1.00
2015.05.14 16:07:08.694,0.89333,0.89355,2.62,1.00
2015.05.14 16:07:08.998,0.89337,0.89355,1.00,1.00
2015.05.14 16:07:09.546,0.89336,0.89358,1.00,1.15
2015.05.14 16:07:09.748,0.8933,0.89354,1.07,1.07
2015.05.14 16:07:09.951,0.89334,0.89354,1.00,1.00
2015.05.14 16:07:10.002,0.89334,0.89357,1.50,1.17
2015.05.14 16:07:10.205,0.89336,0.89356,1.00,1.00
2015.05.14 16:07:10.558,0.89334,0.89356,1.00,1.00
2015.05.14 16:07:11.080,0.89335,0.89356,1.00,1.10
2015.05.14 16:07:11.604,0.89334,0.89356,1.50,1.10
2015.05.14 16:07:12.140,0.89333,0.89356,1.00,1.10
2015.05.14 16:07:13.506,0.89332,0.89353,1.00,1.00
2015.05.14 16:07:13.809,0.8933,0.89353,1.00,1.52
2015.05.14 16:07:14.002,0.89326,0.8935,1.00,1.17
2015.05.14 16:07:14.506,0.89325,0.8935,1.00,1.27
2015.05.14 16:07:19.818,0.89325,0.89345,1.00,1.00
2015.05.14 16:07:20.048,0.89322,0.89345,1.00,1.65
2015.05.14 16:07:22.837,0.89321,0.89345,1.50,1.15
2015.05.14 16:07:25.074,0.89324,0.89349,1.00,1.15
2015.05.14 16:07:25.175,0.89324,0.89349,1.00,1.15
2015.05.14 16:07:31.796,0.89324,0.89349,1.00,3.07
2015.05.14 16:07:31.947,0.89321,0.89345,1.12,1.15
2015.05.14 16:07:31.998,0.89323,0.89345,1.00,1.15
2015.05.14 16:07:32.569,0.89322,0.89345,1.00,1.15
2015.05.14 16:07:36.817,0.89321,0.89345,1.50,2.02
2015.05.14 16:07:37.179,0.89324,0.89345,1.00,1.65
2015.05.14 16:07:37.683,0.89324,0.89345,1.00,1.07
2015.05.14 16:07:37.778,0.89324,0.89347,1.00,1.07
2015.05.14 16:07:37.880,0.89326,0.89347,1.00,1.00
2015.05.14 16:07:37.982,0.89326,0.89351,1.00,1.15
2015.05.14 16:07:38.559,0.89326,0.89351,1.00,1.52
2015.05.14 16:07:38.712,0.89323,0.89348,1.00,1.15
2015.05.14 16:07:39.316,0.89324,0.89348,1.00,1.15
2015.05.14 16:07:40.451,0.89323,0.89348,1.50,1.15
2015.05.14 16:07:40.502,0.89323,0.89348,1.50,1.52
2015.05.14 16:07:41.349,0.89322,0.89344,1.00,1.20
2015.05.14 16:07:44.130,0.8932,0.89344,1.37,1.20
2015.05.14 16:07:44.460,0.89325,0.8935,1.00,1.15
2015.05.14 16:07:48.126,0.89325,0.89349,1.00,2.70
2015.05.14 16:07:49.211,0.89322,0.89347,1.00,1.27
2015.05.14 16:07:50.266,0.89323,0.89347,1.00,1.52
2015.05.14 16:07:50.317,0.89325,0.89349,1.00,2.70
2015.05.14 16:07:50.783,0.89325,0.8935,1.00,1.52
2015.05.14 16:07:57.250,0.89323,0.89348,1.00,1.15
2015.05.14 16:07:59.550,0.89323,0.89348,1.00,3.45
2015.05.14 16:08:05.307,0.8932,0.89343,1.00,1.17
2015.05.14 16:08:05.460,0.8932,0.89343,1.00,2.40
2015.05.14 16:08:05.638,0.89313,0.89335,1.00,1.65
2015.05.14 16:08:05.689,0.89311,0.89333,1.00,1.00
2015.05.14 16:08:05.740,0.89309,0.89333,1.00,1.07
2015.05.14 16:08:06.245,0.8931,0.89333,1.00,1.50
2015.05.14 16:08:07.268,0.8931,0.89333,1.00,1.57
2015.05.14 16:08:09.563,0.8931,0.89333,1.00,1.57
2015.05.14 16:08:09.765,0.89311,0.89334,1.57,1.00
2015.05.14 16:08:10.018,0.89316,0.89339,1.00,1.00
2015.05.14 16:08:10.095,0.89317,0.8934,1.07,1.00
2015.05.14 16:08:10.348,0.89319,0.89342,1.00,1.00
2015.05.14 16:08:10.892,0.8932,0.89342,1.00,1.00
2015.05.14 16:08:11.536,0.8932,0.89342,1.00,1.20
2015.05.14 16:08:12.060,0.89319,0.89342,1.00,1.27
2015.05.14 16:08:12.593,0.8932,0.89342,1.00,1.15
2015.05.14 16:08:16.280,0.8932,0.8934,1.00,1.10
2015.05.14 16:08:16.381,0.8932,0.89342,1.00,1.00
2015.05.14 16:08:16.431,0.89322,0.89344,1.00,1.17
2015.05.14 16:08:17.059,0.89323,0.89345,1.00,1.27
2015.05.14 16:08:17.846,0.89322,0.89347,1.50,1.27
2015.05.14 16:08:17.947,0.89322,0.89347,1.50,1.27
2015.05.14 16:08:18.491,0.89323,0.89347,1.00,1.27
2015.05.14 16:08:19.092,0.89322,0.89347,1.50,1.27
2015.05.14 16:08:19.628,0.89323,0.89345,1.00,1.00
2015.05.14 16:08:20.353,0.89323,0.89345,1.00,1.07
2015.05.14 16:08:20.858,0.89322,0.89345,1.50,1.65
2015.05.14 16:08:29.563,0.89322,0.8934,1.00,1.00
2015.05.14 16:08:30.140,0.89321,0.8934,1.00,1.00
2015.05.14 16:08:31.918,0.89321,0.8934,1.00,1.07
2015.05.14 16:08:32.031,0.89318,0.8934,1.00,1.17
2015.05.14 16:08:32.894,0.89313,0.89338,2.02,1.00
2015.05.14 16:08:33.436,0.89314,0.89341,1.10,2.02
2015.05.14 16:08:34.653,0.89312,0.89336,1.15,1.00
2015.05.14 16:08:35.453,0.89315,0.8934,1.00,1.65
2015.05.14 16:08:38.209,0.89316,0.8934,1.45,1.10
2015.05.14 16:08:38.361,0.8932,0.89345,1.00,2.77
2015.05.14 16:08:38.521,0.8932,0.8934,1.00,1.00
2015.05.14 16:08:38.572,0.89315,0.8934,1.50,1.17
2015.05.14 16:08:38.623,0.89315,0.8934,2.25,1.17
2015.05.14 16:08:38.725,0.89318,0.89345,1.37,2.02
2015.05.14 16:08:38.876,0.89322,0.89345,1.00,2.02
2015.05.14 16:08:39.194,0.89324,0.89345,1.00,2.02
2015.05.14 16:08:40.520,0.89323,0.89345,1.00,1.65
2015.05.14 16:08:41.303,0.89321,0.89345,1.00,3.52
2015.05.14 16:08:43.962,0.89321,0.8934,1.00,1.00
2015.05.14 16:08:45.316,0.8932,0.8934,1.00,1.00
2015.05.14 16:08:47.123,0.89319,0.89335,1.00,1.00
2015.05.14 16:08:47.274,0.89317,0.8934,1.00,1.65
2015.05.14 16:08:47.375,0.89316,0.8934,1.00,5.70
2015.05.14 16:08:47.772,0.89309,0.89334,1.50,1.17
2015.05.14 16:08:48.583,0.89307,0.89331,1.27,1.00
2015.05.14 16:08:49.301,0.89311,0.89336,1.00,1.15
2015.05.14 16:08:49.647,0.89317,0.89336,1.00,1.10
2015.05.14 16:08:53.225,0.89317,0.89335,1.00,1.00
2015.05.14 16:08:53.327,0.89318,0.89338,1.00,1.00
2015.05.14 16:08:54.126,0.89319,0.89338,1.00,1.00
2015.05.14 16:08:54.228,0.89319,0.8934,1.00,1.00
2015.05.14 16:08:54.749,0.8932,0.8934,1.00,1.00
2015.05.14 16:08:55.598,0.89321,0.8934,1.00,1.00
2015.05.14 16:08:55.800,0.89323,0.8934,1.00,1.00
2015.05.14 16:08:55.851,0.89323,0.89342,1.00,1.10
2015.05.14 16:08:58.324,0.89323,0.89345,1.00,1.65
2015.05.14 16:08:58.426,0.89323,0.89346,1.87,1.00
2015.05.14 16:08:58.936,0.89325,0.89345,1.20,1.00
2015.05.14 16:08:58.987,0.89325,0.8935,1.20,1.57
2015.05.14 16:09:02.408,0.89325,0.8935,1.10,1.65
2015.05.14 16:09:02.946,0.89325,0.8935,1.00,1.15
2015.05.14 16:09:04.999,0.8932,0.89345,1.52,1.00
2015.05.14 16:09:12.596,0.8932,0.89345,1.90,1.00
2015.05.14 16:09:12.721,0.89327,0.8935,1.00,1.00
2015.05.14 16:09:12.887,0.89327,0.8935,1.37,1.00
2015.05.14 16:09:13.607,0.8933,0.8935,1.12,1.00
2015.05.14 16:09:14.127,0.8933,0.89351,1.12,1.00
2015.05.14 16:09:14.634,0.89331,0.89351,1.00,1.00
2015.05.14 16:09:15.257,0.89331,0.8935,1.00,1.00
2015.05.14 16:09:15.849,0.89332,0.89351,1.00,1.00
2015.05.14 16:09:15.951,0.8933,0.8935,1.35,1.50
2015.05.14 16:09:16.071,0.8933,0.89345,1.35,1.00
2015.05.14 16:09:18.752,0.89328,0.89345,1.10,1.00
2015.05.14 16:09:20.766,0.89327,0.89349,1.17,1.00
2015.05.14 16:09:21.285,0.89327,0.8935,1.17,2.25
2015.05.14 16:09:21.982,0.89327,0.89345,1.27,1.00
2015.05.14 16:09:22.186,0.89327,0.8935,1.27,1.50
2015.05.14 16:09:22.652,0.89331,0.89352,1.12,1.00
2015.05.14 16:09:22.956,0.89328,0.89349,1.10,1.00
2015.05.14 16:09:23.474,0.89327,0.89349,1.00,1.52
2015.05.14 16:09:23.626,0.89324,0.89345,1.00,1.10
2015.05.14 16:09:23.677,0.89321,0.89345,1.00,1.15
2015.05.14 16:09:25.133,0.89318,0.89343,1.87,1.17
2015.05.14 16:09:28.357,0.89319,0.89343,1.00,1.17
2015.05.14 16:09:31.137,0.89318,0.8934,1.00,1.00
2015.05.14 16:09:31.339,0.89318,0.89342,2.25,1.10
2015.05.14 16:09:31.540,0.8932,0.89343,1.00,1.17
2015.05.14 16:09:37.058,0.89321,0.89345,1.00,1.15
2015.05.14 16:09:37.261,0.89321,0.89348,1.57,1.15
2015.05.14 16:09:37.844,0.89322,0.89348,1.00,1.15
2015.05.14 16:09:38.483,0.89321,0.89348,1.57,1.15
2015.05.14 16:09:38.652,0.89321,0.89343,1.10,1.00
2015.05.14 16:09:38.703,0.89321,0.89346,1.57,1.10
2015.05.14 16:09:39.111,0.89324,0.89349,1.00,1.27
2015.05.14 16:09:39.313,0.89321,0.89346,1.57,1.10
2015.05.14 16:09:40.131,0.89323,0.89348,1.00,1.15
2015.05.14 16:09:40.747,0.89322,0.89347,1.00,1.17
2015.05.14 16:09:43.112,0.89321,0.89343,1.10,1.00
2015.05.14 16:09:43.163,0.89323,0.89348,1.00,1.15
2015.05.14 16:09:43.379,0.89321,0.89346,1.45,1.20
2015.05.14 16:09:43.480,0.89321,0.89346,1.12,1.17
2015.05.14 16:09:51.780,0.89321,0.89346,1.12,1.15
2015.05.14 16:09:52.180,0.89317,0.89342,1.00,1.52
2015.05.14 16:10:04.651,0.89318,0.8934,1.00,1.27
2015.05.14 16:10:06.398,0.89319,0.8934,1.00,2.02
2015.05.14 16:10:06.500,0.89319,0.8934,1.12,1.50
2015.05.14 16:10:06.802,0.89318,0.8934,1.00,1.65
2015.05.14 16:10:07.114,0.89316,0.89339,1.00,1.07
2015.05.14 16:10:07.418,0.89311,0.89336,1.12,1.15
2015.05.14 16:10:07.554,0.89309,0.89334,2.25,1.15
2015.05.14 16:10:07.706,0.89309,0.89334,1.20,1.10
2015.05.14 16:10:08.992,0.89313,0.89336,1.00,1.52
2015.05.14 16:10:09.094,0.89308,0.89333,1.17,1.00
2015.05.14 16:10:11.911,0.89308,0.89333,1.57,1.07
2015.05.14 16:10:12.467,0.89308,0.89333,1.50,1.15
2015.05.14 16:10:14.564,0.89309,0.89333,1.00,1.15
2015.05.14 16:10:14.717,0.89312,0.89337,1.00,3.45
2015.05.14 16:10:15.752,0.89309,0.89334,1.00,1.15
2015.05.14 16:10:16.654,0.89312,0.89334,1.00,1.52
2015.05.14 16:10:16.705,0.89309,0.89334,1.00,2.02
2015.05.14 16:10:16.806,0.89307,0.89332,1.00,1.52
2015.05.14 16:10:17.380,0.89307,0.8933,1.57,1.00
2015.05.14 16:10:18.977,0.89307,0.8933,1.57,1.75
2015.05.14 16:10:19.144,0.89299,0.89321,1.50,1.12
2015.05.14 16:10:19.195,0.89299,0.89316,1.50,1.00
2015.05.14 16:10:19.296,0.89295,0.89316,1.00,1.00
2015.05.14 16:10:19.397,0.89295,0.89318,1.50,1.12
2015.05.14 16:10:19.837,0.89297,0.8932,1.00,2.77
2015.05.14 16:10:20.401,0.89297,0.8932,1.00,2.77
2015.05.14 16:10:23.520,0.89297,0.8932,1.20,2.32
2015.05.14 16:10:23.843,0.89301,0.8932,1.12,1.00
2015.05.14 16:10:24.195,0.893,0.8932,1.00,1.55
2015.05.14 16:10:24.246,0.89297,0.89319,1.00,1.47
2015.05.14 16:10:24.347,0.89297,0.89315,1.00,1.00
2015.05.14 16:10:24.448,0.89292,0.89315,1.00,1.00
2015.05.14 16:10:25.084,0.89293,0.89315,1.00,1.50
2015.05.14 16:10:25.902,0.89293,0.89311,1.00,1.00
2015.05.14 16:10:26.425,0.89293,0.8931,1.00,1.00
2015.05.14 16:10:26.908,0.89296,0.8932,1.00,1.27
2015.05.14 16:10:27.860,0.89293,0.89316,1.00,1.10
2015.05.14 16:10:28.062,0.89291,0.89315,1.10,1.00
2015.05.14 16:10:28.163,0.89291,0.89315,1.00,1.15
2015.05.14 16:10:28.506,0.89294,0.89315,1.00,1.65
2015.05.14 16:10:28.557,0.89289,0.89314,1.00,1.17
2015.05.14 16:10:29.013,0.89289,0.89314,1.37,1.17
2015.05.14 16:10:29.166,0.89297,0.8932,1.00,1.00
2015.05.14 16:10:29.683,0.89298,0.8932,1.00,1.87
2015.05.14 16:10:29.785,0.89297,0.8932,1.00,2.77
2015.05.14 16:10:29.930,0.89295,0.89317,1.00,1.12
2015.05.14 16:10:30.082,0.89292,0.89317,1.12,1.12
2015.05.14 16:10:32.102,0.89292,0.89317,1.00,1.37
2015.05.14 16:10:32.435,0.89289,0.8931,1.00,1.17
2015.05.14 16:10:32.739,0.89292,0.8931,1.00,1.00
2015.05.14 16:10:33.042,0.89289,0.89311,1.00,1.00
2015.05.14 16:10:33.678,0.89289,0.8931,1.00,1.00
2015.05.14 16:10:34.489,0.89289,0.8931,1.00,1.17
2015.05.14 16:10:39.466,0.89289,0.8931,1.12,1.00
2015.05.14 16:10:39.567,0.89287,0.8931,1.50,2.40
2015.05.14 16:10:39.652,0.89287,0.89308,1.50,1.37
2015.05.14 16:10:39.763,0.89282,0.89307,1.00,1.52
2015.05.14 16:10:39.814,0.89281,0.89305,1.00,1.27
2015.05.14 16:10:40.336,0.89282,0.89305,1.00,2.40
2015.05.14 16:10:40.710,0.89282,0.89305,1.00,1.50
2015.05.14 16:10:40.862,0.89285,0.8931,1.00,2.77
2015.05.14 16:10:40.913,0.89285,0.8931,1.00,2.77
2015.05.14 16:10:41.065,0.8929,0.8931,1.00,1.65
2015.05.14 16:10:41.267,0.89284,0.89309,1.12,1.15
2015.05.14 16:10:41.470,0.89286,0.8931,1.00,1.15
2015.05.14 16:10:41.798,0.89285,0.8931,1.00,1.17
2015.05.14 16:10:41.849,0.89291,0.8931,1.00,1.17
2015.05.14 16:10:43.086,0.89291,0.89315,1.50,2.40
2015.05.14 16:10:44.482,0.8929,0.8931,1.00,1.00
2015.05.14 16:10:44.684,0.89288,0.8931,1.50,1.27
2015.05.14 16:10:44.979,0.89289,0.89312,1.37,1.15
2015.05.14 16:10:45.383,0.89287,0.8931,1.20,1.00
2015.05.14 16:10:45.434,0.89288,0.89313,1.00,1.17
2015.05.14 16:10:45.536,0.89291,0.89316,1.00,1.27
2015.05.14 16:10:45.637,0.89286,0.89313,1.55,1.17
2015.05.14 16:10:46.162,0.8929,0.89314,1.00,1.15
2015.05.14 16:10:46.711,0.89291,0.89314,1.47,1.00
2015.05.14 16:10:46.762,0.89292,0.89316,1.37,1.10
2015.05.14 16:10:46.813,0.89297,0.89319,1.00,1.00
2015.05.14 16:10:47.332,0.89298,0.89319,1.00,1.00
2015.05.14 16:10:47.825,0.89298,0.89322,1.00,1.27
2015.05.14 16:10:48.011,0.89298,0.89319,1.00,1.00
2015.05.14 16:10:48.364,0.89298,0.89322,1.00,1.27
2015.05.14 16:10:48.415,0.89298,0.89319,1.00,1.00
2015.05.14 16:10:50.515,0.89297,0.89319,1.00,1.00
2015.05.14 16:10:57.271,0.89297,0.89321,1.87,1.57
2015.05.14 16:10:57.858,0.89298,0.89321,1.27,1.00
2015.05.14 16:10:59.021,0.89298,0.8932,1.27,1.00
2015.05.14 16:10:59.122,0.89299,0.89322,1.00,1.50
2015.05.14 16:10:59.223,0.893,0.89322,1.17,1.00
2015.05.14 16:10:59.425,0.89301,0.89324,1.57,1.00
2015.05.14 16:10:59.958,0.89301,0.89325,1.57,1.50
2015.05.14 16:11:00.210,0.89303,0.89325,1.00,1.00
2015.05.14 16:11:00.782,0.89308,0.89325,1.00,1.00
2015.05.14 16:11:01.223,0.89305,0.89325,1.00,1.10
2015.05.14 16:11:01.426,0.89299,0.89324,1.55,1.00
2015.05.14 16:11:01.930,0.89303,0.89326,1.00,2.40
2015.05.14 16:11:03.083,0.89301,0.89325,1.37,1.10
2015.05.14 16:11:03.134,0.89298,0.89323,2.02,1.00
2015.05.14 16:11:03.662,0.89298,0.89323,1.52,1.00
2015.05.14 16:11:04.516,0.89301,0.89325,1.12,1.10
2015.05.14 16:11:12.023,0.89297,0.89322,2.02,1.00
2015.05.14 16:11:12.272,0.893,0.89325,1.47,1.57
2015.05.14 16:11:12.474,0.893,0.89325,1.47,1.57
2015.05.14 16:11:12.798,0.89302,0.8932,1.50,1.00
2015.05.14 16:11:13.056,0.89302,0.89324,1.00,1.00
2015.05.14 16:11:13.258,0.89302,0.89324,1.00,1.15
2015.05.14 16:11:13.308,0.89299,0.89324,1.50,1.15
2015.05.14 16:11:13.359,0.89299,0.89324,1.87,1.15
2015.05.14 16:11:14.096,0.89299,0.89324,1.37,1.15
2015.05.14 16:11:14.631,0.89299,0.89324,1.37,1.15
2015.05.14 16:11:15.137,0.89299,0.89324,1.37,1.15
2015.05.14 16:11:17.118,0.89298,0.8932,1.37,1.00
2015.05.14 16:11:17.219,0.89298,0.89323,1.87,1.17
2015.05.14 16:11:18.380,0.89298,0.89323,2.25,1.17
2015.05.14 16:11:18.481,0.89302,0.89325,1.37,1.10
2015.05.14 16:11:18.607,0.89305,0.89327,1.37,1.00
2015.05.14 16:11:18.708,0.89305,0.89327,1.00,1.00
2015.05.14 16:11:19.098,0.89305,0.89325,1.00,1.00
2015.05.14 16:11:19.486,0.893,0.89325,1.47,1.57
2015.05.14 16:11:19.537,0.89299,0.89322,1.55,1.00
2015.05.14 16:11:27.889,0.89298,0.89322,1.52,1.00
2015.05.14 16:11:28.293,0.89297,0.89322,1.65,1.10
2015.05.14 16:11:29.001,0.89301,0.89325,1.00,1.15
2015.05.14 16:11:31.551,0.89298,0.89322,1.10,1.10
2015.05.14 16:11:32.151,0.893,0.89325,1.00,1.65
2015.05.14 16:11:33.217,0.89298,0.89322,1.10,1.10
2015.05.14 16:11:35.895,0.89301,0.89325,1.00,1.15
2015.05.14 16:11:37.912,0.893,0.89323,1.00,1.17
2015.05.14 16:11:38.894,0.89298,0.89323,1.57,1.17
2015.05.14 16:11:39.396,0.89299,0.89323,1.10,1.07
2015.05.14 16:11:39.939,0.89299,0.89323,1.17,1.00
2015.05.14 16:11:42.490,0.89302,0.89325,1.00,1.10
2015.05.14 16:11:45.136,0.893,0.89325,1.10,1.57
2015.05.14 16:11:49.570,0.89298,0.89325,1.15,1.95
2015.05.14 16:11:49.672,0.89298,0.89325,1.00,2.40
2015.05.14 16:11:49.983,0.89295,0.89315,1.17,1.00
2015.05.14 16:11:50.773,0.89291,0.89315,1.17,1.00
2015.05.14 16:11:51.949,0.89293,0.89315,1.00,1.00
2015.05.14 16:11:57.297,0.89293,0.89316,1.00,1.00
2015.05.14 16:11:58.525,0.89293,0.89315,1.00,1.00
2015.05.14 16:12:00.378,0.89293,0.89316,1.50,1.00
2015.05.14 16:12:00.886,0.89293,0.89317,1.50,1.10
2015.05.14 16:12:02.029,0.89293,0.89315,1.50,1.00
2015.05.14 16:12:02.575,0.89293,0.89316,1.50,1.00
2015.05.14 16:12:05.337,0.89293,0.89315,1.00,1.00
2015.05.14 16:12:06.086,0.89293,0.89316,1.00,1.50
2015.05.14 16:12:07.376,0.89294,0.89316,1.00,1.00
2015.05.14 16:12:07.748,0.89298,0.89319,1.00,1.00
2015.05.14 16:12:07.900,0.89298,0.89323,1.00,1.15
2015.05.14 16:12:09.172,0.893,0.89323,1.00,1.15
2015.05.14 16:12:09.376,0.89304,0.89328,1.57,1.00
2015.05.14 16:12:09.893,0.89305,0.89329,1.50,1.95
2015.05.14 16:12:12.091,0.89305,0.89329,1.50,1.95
2015.05.14 16:12:12.142,0.89305,0.89329,1.00,2.02
2015.05.14 16:12:12.294,0.89303,0.89326,1.50,1.65
2015.05.14 16:12:12.438,0.89302,0.89324,1.00,1.07
2015.05.14 16:12:12.708,0.893,0.89324,1.00,1.15
2015.05.14 16:12:13.231,0.89301,0.89324,1.00,1.15
2015.05.14 16:12:13.804,0.89301,0.89324,1.00,1.00
2015.05.14 16:12:14.268,0.89301,0.89322,1.00,1.00
2015.05.14 16:12:14.772,0.893,0.89325,1.50,2.02
2015.05.14 16:12:15.267,0.893,0.89325,1.87,1.07
2015.05.14 16:12:15.318,0.89301,0.89325,1.37,1.10
2015.05.14 16:12:15.419,0.89305,0.89325,1.00,1.57
2015.05.14 16:12:15.731,0.89314,0.89334,1.00,1.00
2015.05.14 16:12:16.326,0.89313,0.89334,1.57,1.00
2015.05.14 16:12:19.552,0.89313,0.89335,1.50,1.10
2015.05.14 16:12:19.876,0.89309,0.89333,2.25,1.10
2015.05.14 16:12:19.927,0.89311,0.89333,1.00,1.10
2015.05.14 16:12:20.438,0.89312,0.89333,1.00,1.00
2015.05.14 16:12:20.863,0.89312,0.8933,1.00,1.00
2015.05.14 16:12:21.055,0.89311,0.89333,1.00,1.00
2015.05.14 16:12:21.313,0.8931,0.8933,1.20,1.00
2015.05.14 16:12:22.044,0.8931,0.89333,1.20,1.00
2015.05.14 16:12:22.265,0.8931,0.8933,1.20,1.00
2015.05.14 16:12:22.793,0.89309,0.8933,1.50,1.00
2015.05.14 16:12:25.136,0.8931,0.8933,1.00,1.00
2015.05.14 16:12:25.998,0.89309,0.8933,1.50,1.00
2015.05.14 16:12:26.339,0.89306,0.89325,1.00,1.00
2015.05.14 16:12:26.844,0.89305,0.89325,1.50,1.00
2015.05.14 16:12:26.956,0.89305,0.89329,1.95,1.10
2015.05.14 16:12:27.460,0.8931,0.8933,1.00,1.50
2015.05.14 16:12:27.511,0.89306,0.8933,1.65,1.50
2015.05.14 16:12:28.018,0.89305,0.89328,1.00,1.00
2015.05.14 16:12:28.119,0.893,0.89325,2.02,1.50
2015.05.14 16:12:28.321,0.89299,0.89324,1.50,1.17
2015.05.14 16:12:33.293,0.89299,0.89315,1.00,1.00
2015.05.14 16:12:33.474,0.89293,0.89315,1.55,1.00
2015.05.14 16:12:35.213,0.89296,0.89317,1.00,1.00
2015.05.14 16:12:35.731,0.89296,0.89318,1.00,1.00
2015.05.14 16:12:36.283,0.89296,0.8932,1.50,1.65
2015.05.14 16:12:40.992,0.89295,0.89317,1.00,1.00
2015.05.14 16:12:47.836,0.89295,0.89319,1.50,1.65
2015.05.14 16:12:49.238,0.89294,0.89315,1.12,1.00
2015.05.14 16:12:49.743,0.89294,0.89318,1.00,1.65
2015.05.14 16:12:54.865,0.89294,0.89315,1.00,1.00
2015.05.14 16:12:56.856,0.89294,0.89315,1.50,1.15
2015.05.14 16:13:00.013,0.89293,0.89315,1.50,1.15
2015.05.14 16:13:00.675,0.89292,0.89314,1.12,1.17
2015.05.14 16:13:02.228,0.89292,0.89314,1.37,1.17
2015.05.14 16:13:06.645,0.89291,0.89314,1.12,1.17
2015.05.14 16:13:06.746,0.8929,0.89314,1.12,2.02
2015.05.14 16:13:07.421,0.8929,0.89314,1.12,2.02
2015.05.14 16:13:07.903,0.8929,0.89314,1.12,1.87
2015.05.14 16:13:08.681,0.8929,0.89311,1.12,1.00
2015.05.14 16:13:10.914,0.8929,0.89311,1.37,1.00
2015.05.14 16:13:11.247,0.89291,0.89313,1.12,1.00
2015.05.14 16:13:13.518,0.89291,0.89314,1.12,1.50
2015.05.14 16:13:13.568,0.8929,0.89313,1.50,1.37
2015.05.14 16:13:13.875,0.89286,0.89311,1.12,1.00
2015.05.14 16:13:13.926,0.89286,0.89311,1.00,1.37
2015.05.14 16:13:13.977,0.89282,0.89307,1.12,1.00
2015.05.14 16:13:14.078,0.89282,0.89305,1.00,1.00
2015.05.14 16:13:14.614,0.89281,0.89305,1.00,2.25
2015.05.14 16:13:15.150,0.89281,0.89304,1.00,1.00
2015.05.14 16:13:20.124,0.89281,0.89304,1.00,1.87
2015.05.14 16:13:20.278,0.89279,0.89302,1.00,1.50
2015.05.14 16:13:20.379,0.89279,0.893,1.00,1.00
2015.05.14 16:13:29.946,0.89277,0.893,1.50,1.00
2015.05.14 16:13:30.567,0.89278,0.893,1.00,1.00
2015.05.14 16:13:32.216,0.89281,0.893,1.00,1.00
2015.05.14 16:13:32.368,0.89281,0.89303,1.00,1.00
2015.05.14 16:13:32.491,0.89281,0.89305,1.00,1.50
2015.05.14 16:13:33.071,0.89281,0.89305,1.87,1.50
2015.05.14 16:13:33.570,0.89284,0.89305,1.00,1.50
2015.05.14 16:13:33.773,0.89284,0.89307,1.12,1.00
2015.05.14 16:13:40.604,0.89287,0.89307,1.00,1.00
2015.05.14 16:13:41.197,0.89284,0.89307,1.87,1.00
2015.05.14 16:13:41.504,0.89289,0.89313,1.87,1.50
2015.05.14 16:13:42.431,0.89291,0.89313,1.00,1.00
2015.05.14 16:13:42.583,0.89292,0.89315,1.00,1.00
2015.05.14 16:13:42.756,0.89296,0.89315,1.12,1.00
2015.05.14 16:13:42.907,0.89298,0.8932,1.00,1.15
2015.05.14 16:13:43.445,0.89297,0.8932,1.50,1.00
2015.05.14 16:13:43.496,0.89298,0.89323,1.00,1.50
2015.05.14 16:13:43.546,0.89297,0.8932,1.00,1.00
2015.05.14 16:13:43.907,0.89299,0.8932,1.00,1.00
2015.05.14 16:13:44.146,0.89299,0.89322,1.00,1.50
2015.05.14 16:13:44.673,0.89298,0.89322,1.00,1.50
2015.05.14 16:13:49.062,0.89297,0.89321,2.25,1.00
2015.05.14 16:13:49.582,0.89298,0.8932,1.12,1.00
2015.05.14 16:13:49.635,0.89301,0.8932,1.50,1.00
2015.05.14 16:13:49.737,0.89302,0.89325,1.00,1.12
2015.05.14 16:13:49.888,0.89302,0.89322,1.00,1.00
2015.05.14 16:13:50.417,0.89298,0.89323,1.00,1.12
2015.05.14 16:13:50.518,0.89298,0.8932,1.00,1.00
2015.05.14 16:13:50.569,0.89296,0.8932,1.00,1.00
2015.05.14 16:13:50.670,0.89291,0.89314,1.15,1.00
2015.05.14 16:13:51.148,0.89291,0.89316,1.15,1.12
2015.05.14 16:13:51.250,0.89288,0.89312,1.27,1.00
2015.05.14 16:13:51.402,0.8929,0.89315,1.15,1.00
2015.05.14 16:13:51.607,0.8929,0.89315,1.00,1.00
2015.05.14 16:13:51.938,0.89288,0.89312,1.20,1.00
2015.05.14 16:13:52.291,0.89291,0.89315,1.00,1.00
2015.05.14 16:13:52.392,0.89287,0.89312,1.17,1.00
2015.05.14 16:13:52.748,0.89287,0.89312,1.10,1.00
2015.05.14 16:13:53.267,0.89289,0.89315,1.00,1.00
2015.05.14 16:13:53.425,0.89294,0.89315,1.00,1.00
2015.05.14 16:13:58.842,0.89294,0.89318,1.00,1.00
2015.05.14 16:13:58.994,0.89296,0.8932,1.50,1.87
2015.05.14 16:13:59.524,0.89296,0.89318,1.00,1.00
2015.05.14 16:14:02.375,0.89293,0.89318,1.00,1.12
2015.05.14 16:14:03.963,0.89293,0.89318,1.00,1.37
2015.05.14 16:14:04.306,0.89295,0.89318,1.00,1.87
2015.05.14 16:14:20.676,0.89296,0.89318,1.00,1.00
2015.05.14 16:14:25.069,0.89296,0.8932,1.50,1.00
2015.05.14 16:14:29.454,0.89296,0.89318,1.00,1.00
2015.05.14 16:14:39.785,0.89296,0.89315,1.00,1.00
2015.05.14 16:14:39.887,0.89296,0.89318,1.10,1.10
2015.05.14 16:14:39.937,0.89298,0.8932,1.37,1.57
2015.05.14 16:14:40.254,0.89301,0.8932,1.27,1.00
2015.05.14 16:14:40.355,0.89301,0.89326,2.02,1.37
2015.05.14 16:14:40.806,0.89305,0.89326,1.00,1.00
2015.05.14 16:14:41.144,0.89301,0.89326,1.65,1.00
2015.05.14 16:14:42.959,0.89301,0.89326,1.17,1.37
2015.05.14 16:14:43.060,0.89295,0.8932,1.65,1.00
2015.05.14 16:14:44.172,0.89299,0.8932,1.00,1.00
2015.05.14 16:14:46.264,0.89299,0.89321,1.00,1.00
2015.05.14 16:14:46.316,0.89299,0.8932,1.07,1.00
2015.05.14 16:14:46.621,0.89301,0.89326,1.07,1.10
2015.05.14 16:14:46.672,0.89301,0.89326,1.00,1.17
2015.05.14 16:14:46.911,0.89298,0.89323,1.65,1.00
2015.05.14 16:14:50.086,0.89302,0.89323,1.00,1.00
2015.05.14 16:14:50.187,0.89302,0.89326,1.12,1.17
2015.05.14 16:14:50.344,0.89304,0.89326,1.00,1.17
2015.05.14 16:14:50.698,0.89304,0.89327,1.87,1.00
2015.05.14 16:14:51.662,0.89304,0.89326,1.37,1.00
2015.05.14 16:14:51.857,0.89307,0.89326,1.00,1.00
2015.05.14 16:14:51.958,0.89304,0.89324,1.00,1.00
2015.05.14 16:14:52.211,0.89306,0.89327,1.00,1.65
2015.05.14 16:14:52.714,0.89304,0.89327,1.50,1.65
2015.05.14 16:14:54.508,0.89304,0.89327,1.57,1.50
2015.05.14 16:14:55.173,0.89304,0.89326,1.10,1.00
2015.05.14 16:14:55.710,0.89305,0.89326,1.00,1.00
2015.05.14 16:14:56.703,0.89303,0.89326,1.65,1.00
2015.05.14 16:14:57.222,0.89303,0.89325,1.17,1.00
2015.05.14 16:14:58.035,0.89303,0.89324,1.17,1.00
2015.05.14 16:14:59.309,0.89303,0.89325,1.17,1.12
2015.05.14 16:14:59.813,0.89303,0.89324,1.00,1.00
2015.05.14 16:15:00.036,0.89303,0.89326,2.02,1.00
2015.05.14 16:15:00.087,0.89304,0.89328,1.10,1.10
2015.05.14 16:15:00.137,0.89304,0.89328,1.17,1.10
2015.05.14 16:15:00.239,0.89306,0.8933,1.17,2.25
2015.05.14 16:15:00.592,0.89309,0.8933,1.00,1.00
2015.05.14 16:15:00.643,0.8931,0.89332,1.00,1.10
2015.05.14 16:15:00.807,0.89311,0.89333,1.07,1.00
2015.05.14 16:15:01.332,0.89311,0.89334,2.02,1.00
2015.05.14 16:15:01.999,0.89314,0.89334,1.00,1.00
2015.05.14 16:15:02.546,0.89314,0.89335,1.00,1.50
2015.05.14 16:15:02.849,0.89311,0.89332,1.50,1.00
2015.05.14 16:15:03.155,0.8931,0.8933,1.20,1.00
2015.05.14 16:15:04.524,0.8931,0.89332,1.10,1.00
2015.05.14 16:15:05.256,0.89311,0.89332,1.00,1.00
2015.05.14 16:15:06.134,0.89312,0.89332,1.00,1.00
2015.05.14 16:15:06.671,0.89311,0.89332,1.00,1.17
2015.05.14 16:15:06.822,0.89309,0.89332,1.10,1.00
2015.05.14 16:15:06.873,0.89309,0.8933,1.10,1.00
2015.05.14 16:15:06.946,0.89309,0.89332,1.10,1.00
2015.05.14 16:15:07.448,0.8931,0.89332,1.00,1.00
2015.05.14 16:15:07.934,0.8931,0.8933,1.00,1.00
2015.05.14 16:15:08.074,0.89311,0.89332,1.00,1.00
2015.05.14 16:15:08.719,0.89311,0.89332,1.37,1.00
2015.05.14 16:15:08.870,0.89312,0.89334,1.55,1.00
2015.05.14 16:15:09.393,0.89312,0.89334,1.12,1.00
2015.05.14 16:15:09.948,0.89311,0.89335,2.25,1.57
2015.05.14 16:15:10.102,0.89311,0.89332,1.50,1.00
2015.05.14 16:15:10.567,0.89308,0.89331,1.50,1.12
2015.05.14 16:15:11.084,0.89308,0.8933,1.00,1.00
2015.05.14 16:15:11.725,0.89309,0.89332,1.12,1.10
2015.05.14 16:15:11.776,0.89309,0.89332,1.27,1.00
2015.05.14 16:15:13.949,0.8931,0.89332,1.10,1.07
2015.05.14 16:15:14.101,0.89308,0.8933,1.10,1.00
2015.05.14 16:15:14.252,0.89306,0.89329,1.00,1.00
2015.05.14 16:15:14.827,0.89307,0.8933,1.00,1.57
2015.05.14 16:15:15.221,0.89309,0.89334,1.00,1.17
2015.05.14 16:15:15.525,0.89311,0.89334,1.00,1.17
2015.05.14 16:15:15.626,0.89311,0.89336,1.57,1.10
2015.05.14 16:15:16.144,0.89312,0.89336,1.00,1.10
2015.05.14 16:15:18.359,0.89311,0.89336,1.10,1.20
2015.05.14 16:15:19.461,0.89311,0.89336,1.10,1.47
2015.05.14 16:15:19.613,0.89308,0.89333,1.50,1.17
2015.05.14 16:15:20.107,0.89304,0.89329,2.02,1.00
2015.05.14 16:15:20.208,0.89304,0.89329,1.95,1.10
2015.05.14 16:15:20.612,0.89309,0.89329,1.00,1.10
2015.05.14 16:15:21.161,0.89306,0.89331,1.00,1.27
2015.05.14 16:15:21.683,0.89308,0.89333,1.00,1.52
2015.05.14 16:15:22.245,0.89305,0.8933,1.12,1.17
2015.05.14 16:15:22.784,0.89305,0.89328,1.00,1.00
2015.05.14 16:15:23.390,0.89305,0.8933,1.00,1.27
2015.05.14 16:15:30.497,0.89305,0.8933,1.52,1.00
2015.05.14 16:15:31.029,0.89305,0.8933,1.10,1.10
2015.05.14 16:15:31.468,0.89305,0.89328,1.10,1.00
2015.05.14 16:15:31.620,0.89305,0.8933,1.10,1.20
2015.05.14 16:15:33.159,0.89305,0.89328,1.10,1.00
2015.05.14 16:15:33.675,0.89304,0.89328,1.57,1.07
2015.05.14 16:15:33.928,0.89302,0.89325,1.00,1.00
2015.05.14 16:15:34.205,0.89303,0.89325,1.00,1.52
2015.05.14 16:15:34.409,0.89301,0.89326,1.50,3.52
2015.05.14 16:15:35.415,0.89301,0.89324,1.00,1.55
2015.05.14 16:15:35.634,0.89297,0.8932,1.15,1.00
2015.05.14 16:15:35.736,0.89297,0.8932,1.00,1.57
2015.05.14 16:15:35.837,0.89295,0.89319,1.95,1.00
2015.05.14 16:15:36.897,0.89295,0.89315,1.57,1.00
2015.05.14 16:15:44.250,0.89294,0.89315,1.00,1.00
2015.05.14 16:15:44.590,0.89289,0.89312,1.00,1.20
2015.05.14 16:15:44.692,0.89289,0.89308,1.00,1.00
2015.05.14 16:15:44.747,0.89285,0.89308,1.17,1.00
2015.05.14 16:15:45.154,0.89286,0.8931,1.47,2.25
2015.05.14 16:15:45.205,0.89286,0.8931,1.82,1.50
2015.05.14 16:15:45.374,0.89294,0.89315,1.00,1.00
2015.05.14 16:15:45.425,0.89294,0.89318,1.00,1.57
2015.05.14 16:15:45.526,0.89294,0.89315,1.15,1.00
2015.05.14 16:15:45.628,0.89294,0.89318,1.15,1.50
2015.05.14 16:15:46.506,0.89296,0.89315,1.10,1.00
2015.05.14 16:15:46.607,0.89296,0.89319,1.57,1.00
2015.05.14 16:15:46.868,0.89297,0.89322,1.00,1.17
2015.05.14 16:15:46.919,0.893,0.89325,1.37,1.15
2015.05.14 16:15:47.021,0.89304,0.89328,1.12,1.17
2015.05.14 16:15:47.172,0.89306,0.89328,1.00,1.00
2015.05.14 16:15:47.223,0.89306,0.8933,1.00,1.95
2015.05.14 16:15:47.763,0.89306,0.89329,1.12,1.00
2015.05.14 16:15:48.286,0.89306,0.8933,1.00,2.70
2015.05.14 16:15:48.589,0.89308,0.8933,1.00,1.57
2015.05.14 16:15:49.333,0.89308,0.89333,1.57,1.10
2015.05.14 16:15:51.171,0.89308,0.89333,1.10,1.47
2015.05.14 16:15:51.323,0.89305,0.8933,1.27,1.00
2015.05.14 16:15:51.425,0.89305,0.89329,1.87,1.10
2015.05.14 16:15:51.893,0.89303,0.89326,1.65,1.00
2015.05.14 16:15:54.716,0.89304,0.89327,1.10,1.00
2015.05.14 16:15:55.612,0.89303,0.89325,1.65,1.00
2015.05.14 16:15:55.719,0.89303,0.89328,1.65,1.00
2015.05.14 16:15:57.993,0.89301,0.89326,1.52,1.00
2015.05.14 16:15:58.044,0.89305,0.89329,1.00,1.10
2015.05.14 16:15:59.443,0.89305,0.89329,2.02,1.00
2015.05.14 16:16:01.759,0.89305,0.89329,1.50,1.10
2015.05.14 16:16:04.295,0.89305,0.89327,1.00,1.00
2015.05.14 16:16:08.299,0.89304,0.89327,1.10,1.50
2015.05.14 16:16:12.193,0.89304,0.89327,1.10,2.25
2015.05.14 16:16:12.462,0.89296,0.8932,1.17,1.37
2015.05.14 16:16:13.121,0.89296,0.89319,1.17,1.37
2015.05.14 16:16:14.353,0.89296,0.89319,1.55,1.00
2015.05.14 16:16:14.726,0.89303,0.89327,1.00,1.15
2015.05.14 16:16:14.978,0.89305,0.89327,1.00,1.12
2015.05.14 16:16:16.077,0.89307,0.89331,1.00,2.77
2015.05.14 16:16:16.378,0.89311,0.89334,1.00,1.55
2015.05.14 16:16:16.580,0.89311,0.89334,1.10,1.00
2015.05.14 16:16:16.631,0.89313,0.89336,1.00,1.47
2015.05.14 16:16:16.934,0.89324,0.8934,1.00,1.00
2015.05.14 16:16:17.247,0.89321,0.89335,1.00,1.00
2015.05.14 16:16:17.298,0.89321,0.89339,1.00,1.37
2015.05.14 16:16:17.400,0.89318,0.89337,1.00,1.20
2015.05.14 16:16:18.147,0.8932,0.89337,1.00,1.10
2015.05.14 16:16:18.400,0.89324,0.89343,1.00,1.00
2015.05.14 16:16:18.502,0.89324,0.89341,1.00,1.00
2015.05.14 16:16:18.603,0.89324,0.89343,1.00,1.00
2015.05.14 16:16:18.755,0.89323,0.89346,1.00,1.65
2015.05.14 16:16:20.265,0.89322,0.89346,1.00,1.17
2015.05.14 16:16:20.819,0.89324,0.89346,1.00,1.17
2015.05.14 16:16:21.387,0.89321,0.89346,1.15,1.00
2015.05.14 16:16:25.597,0.89321,0.89346,1.00,1.27
2015.05.14 16:16:25.857,0.89318,0.89343,1.15,1.00
2015.05.14 16:16:28.070,0.89318,0.8934,1.15,1.37
2015.05.14 16:16:28.121,0.89316,0.8934,1.00,1.37
2015.05.14 16:16:28.272,0.89316,0.89335,1.50,1.00
2015.05.14 16:16:28.941,0.89317,0.89335,1.00,1.00
2015.05.14 16:16:29.161,0.89316,0.8934,1.50,1.12
2015.05.14 16:16:29.212,0.89316,0.89338,1.00,1.00
2015.05.14 16:16:29.516,0.89317,0.8934,1.15,1.00
2015.05.14 16:16:29.639,0.89317,0.89342,1.15,1.50
2015.05.14 16:16:30.196,0.89315,0.89339,1.37,1.10
2015.05.14 16:16:30.685,0.89314,0.89337,1.15,1.00
2015.05.14 16:16:30.735,0.89314,0.89337,1.17,1.00
2015.05.14 16:16:31.316,0.89313,0.89336,1.65,1.00
2015.05.14 16:16:32.014,0.89316,0.8934,1.50,1.95
2015.05.14 16:16:32.267,0.89315,0.89338,1.57,1.00
2015.05.14 16:16:32.622,0.89316,0.8934,1.00,2.70
2015.05.14 16:16:33.798,0.89316,0.8934,1.00,2.70
2015.05.14 16:16:34.051,0.89316,0.89339,1.15,1.00
2015.05.14 16:16:35.223,0.89316,0.8934,1.15,1.50
2015.05.14 16:16:36.424,0.89319,0.8934,1.07,1.00
2015.05.14 16:16:36.691,0.89319,0.89342,1.52,1.00
2015.05.14 16:16:37.955,0.89321,0.89346,1.10,1.20
2015.05.14 16:16:38.157,0.89321,0.89346,1.27,1.10
2015.05.14 16:16:38.699,0.89321,0.89346,1.27,1.00
2015.05.14 16:16:39.853,0.89321,0.89346,1.20,1.10
2015.05.14 16:16:40.331,0.89317,0.89342,2.02,1.00
2015.05.14 16:16:40.840,0.89319,0.8934,1.15,1.00
2015.05.14 16:16:41.259,0.89319,0.8934,1.00,1.00
2015.05.14 16:16:41.795,0.89317,0.8934,1.17,1.00
2015.05.14 16:16:43.319,0.89318,0.89338,1.10,1.50
2015.05.14 16:16:43.471,0.89316,0.89338,1.00,1.50
2015.05.14 16:16:43.853,0.89317,0.8934,1.20,1.10
2015.05.14 16:16:44.235,0.89317,0.89339,1.00,1.87
2015.05.14 16:16:44.438,0.89313,0.89336,1.00,1.10
2015.05.14 16:16:44.489,0.89311,0.89336,1.10,1.57
2015.05.14 16:16:44.842,0.89311,0.89334,1.10,1.00
2015.05.14 16:16:45.145,0.89311,0.89334,1.17,1.00
2015.05.14 16:16:45.195,0.89311,0.89336,1.17,1.57
2015.05.14 16:16:45.549,0.89316,0.89339,1.00,1.57
2015.05.14 16:16:45.881,0.89317,0.89339,1.17,1.00
2015.05.14 16:16:45.982,0.89317,0.89341,1.65,1.12
2015.05.14 16:16:46.830,0.89317,0.89341,1.50,2.02
2015.05.14 16:16:49.654,0.89317,0.89341,1.95,1.07
2015.05.14 16:16:49.755,0.8932,0.89342,1.00,1.50
2015.05.14 16:16:50.733,0.89321,0.89342,1.00,1.00
2015.05.14 16:16:51.972,0.89321,0.8934,1.00,1.00
2015.05.14 16:16:52.451,0.89322,0.8934,1.17,1.00
2015.05.14 16:16:52.603,0.89322,0.89346,1.17,2.25
2015.05.14 16:16:52.654,0.89325,0.89346,1.00,2.25
2015.05.14 16:16:53.186,0.89322,0.89345,1.15,1.00
2015.05.14 16:16:53.288,0.89324,0.89349,1.10,1.20
2015.05.14 16:16:53.389,0.89326,0.89349,1.10,1.10
2015.05.14 16:16:53.692,0.8933,0.89354,1.00,1.15
2015.05.14 16:16:54.217,0.89331,0.89354,1.00,1.65
2015.05.14 16:16:54.369,0.89329,0.89354,1.00,2.02
2015.05.14 16:16:54.419,0.89325,0.8935,1.15,1.00
2015.05.14 16:16:54.750,0.89332,0.89354,1.00,1.52
2015.05.14 16:16:55.393,0.89333,0.89354,1.00,1.15
2015.05.14 16:16:56.664,0.89332,0.89354,1.00,1.15
2015.05.14 16:16:57.910,0.89332,0.8935,1.00,1.00
2015.05.14 16:16:58.011,0.89331,0.89354,1.00,2.77
2015.05.14 16:17:01.148,0.89329,0.89354,1.50,2.02
2015.05.14 16:17:05.153,0.89331,0.89354,1.00,2.02
2015.05.14 16:17:05.693,0.89332,0.89354,1.00,1.00
2015.05.14 16:17:07.485,0.89332,0.89354,1.17,1.00
2015.05.14 16:17:08.456,0.89334,0.89354,1.00,1.00
2015.05.14 16:17:08.537,0.89334,0.89358,1.00,1.95
2015.05.14 16:17:08.638,0.89335,0.89358,1.00,1.10
2015.05.14 16:17:08.689,0.89335,0.89358,1.15,1.00
2015.05.14 16:17:08.790,0.89334,0.89358,1.10,1.87
2015.05.14 16:17:08.841,0.89334,0.89358,1.10,1.87
2015.05.14 16:17:08.891,0.89334,0.89354,1.10,1.00
2015.05.14 16:17:10.612,0.89329,0.89354,1.27,1.00
2015.05.14 16:17:10.662,0.89329,0.89354,1.15,1.75
2015.05.14 16:17:10.714,0.89329,0.89347,1.00,1.00
2015.05.14 16:17:10.871,0.89325,0.89347,1.00,1.00
2015.05.14 16:17:10.922,0.89324,0.89347,1.00,1.37
2015.05.14 16:17:11.227,0.89326,0.89347,1.00,1.37
2015.05.14 16:17:11.429,0.89324,0.89345,1.50,1.00
2015.05.14 16:17:11.530,0.89322,0.89345,1.20,1.00
2015.05.14 16:17:12.055,0.89321,0.89344,1.00,1.00
2015.05.14 16:17:12.206,0.8932,0.89342,1.10,1.00
2015.05.14 16:17:15.012,0.89321,0.89342,1.00,1.00
2015.05.14 16:17:15.659,0.89321,0.89345,1.50,1.57
2015.05.14 16:17:16.184,0.8932,0.89342,1.10,1.00
2015.05.14 16:17:16.488,0.89327,0.89345,1.37,1.00
2015.05.14 16:17:16.589,0.89327,0.89349,1.55,1.00
2015.05.14 16:17:16.640,0.89327,0.89352,2.02,1.50
2015.05.14 16:17:17.880,0.8933,0.89352,1.00,1.12
2015.05.14 16:17:18.082,0.8933,0.89345,1.00,1.00
2015.05.14 16:17:18.133,0.89325,0.89345,1.27,1.00
2015.05.14 16:17:18.234,0.89324,0.89345,1.00,1.00
2015.05.14 16:17:18.779,0.89323,0.89345,1.10,1.00
2015.05.14 16:17:19.287,0.89323,0.89346,1.10,2.25
2015.05.14 16:17:20.304,0.89323,0.89344,1.10,1.00
2015.05.14 16:17:20.997,0.89322,0.89344,1.00,1.00
2015.05.14 16:17:21.541,0.89322,0.89346,1.00,1.65
2015.05.14 16:17:23.482,0.89323,0.89344,1.00,2.25
2015.05.14 16:17:23.584,0.89323,0.89344,1.10,1.00
2015.05.14 16:17:23.635,0.89319,0.89341,1.12,1.00
2015.05.14 16:17:23.747,0.89321,0.89344,1.00,1.65
2015.05.14 16:17:24.326,0.89321,0.89344,1.65,1.00
2015.05.14 16:17:28.344,0.89322,0.89346,1.15,1.50
2015.05.14 16:17:29.326,0.89324,0.89348,1.57,1.00
2015.05.14 16:17:29.427,0.89327,0.89349,1.17,1.00
2015.05.14 16:17:29.630,0.89328,0.89351,1.10,1.00
2015.05.14 16:17:29.920,0.89329,0.89351,1.00,1.47
2015.05.14 16:17:29.971,0.89326,0.89351,1.00,1.57
2015.05.14 16:17:30.022,0.89323,0.89348,1.52,1.12
2015.05.14 16:17:30.326,0.89326,0.89348,1.00,1.12
2015.05.14 16:17:30.892,0.89324,0.89348,2.02,1.50
2015.05.14 16:17:31.195,0.89328,0.89351,2.40,1.00
2015.05.14 16:17:31.448,0.89329,0.89353,1.15,1.12
2015.05.14 16:17:31.663,0.89329,0.89353,1.00,1.20
2015.05.14 16:17:31.966,0.89325,0.8935,1.52,1.00
2015.05.14 16:17:32.502,0.89329,0.89352,1.00,1.87
2015.05.14 16:17:33.148,0.89328,0.89351,1.10,1.50
2015.05.14 16:17:34.158,0.89324,0.89348,1.15,1.00
2015.05.14 16:17:34.599,0.89327,0.8935,1.57,1.00
2015.05.14 16:17:34.852,0.89327,0.8935,1.00,1.65
2015.05.14 16:17:34.953,0.89325,0.8935,1.17,1.00
2015.05.14 16:17:37.908,0.89326,0.89349,1.20,1.00
2015.05.14 16:17:38.162,0.89325,0.8935,1.65,1.00
2015.05.14 16:17:38.777,0.89335,0.89354,1.00,1.20
2015.05.14 16:17:38.879,0.89335,0.89357,1.00,1.00
2015.05.14 16:17:39.182,0.89334,0.89356,1.15,1.00
2015.05.14 16:17:39.385,0.89332,0.89355,1.15,1.00
2015.05.14 16:17:42.192,0.89332,0.89355,1.00,1.57
2015.05.14 16:17:42.737,0.89331,0.89354,1.00,1.00
2015.05.14 16:17:44.100,0.8933,0.89354,1.10,1.50
2015.05.14 16:17:44.611,0.89329,0.89352,1.17,1.37
2015.05.14 16:17:44.831,0.89328,0.8935,1.00,1.00
2015.05.14 16:17:45.336,0.89328,0.89345,1.00,1.00
2015.05.14 16:17:45.559,0.89323,0.89347,1.57,1.00
2015.05.14 16:17:46.180,0.89323,0.89346,1.10,1.00
2015.05.14 16:17:46.699,0.89323,0.89345,1.10,1.00
2015.05.14 16:17:47.307,0.89319,0.89344,3.15,1.50
2015.05.14 16:17:50.113,0.89322,0.89344,1.55,1.00
2015.05.14 16:17:50.163,0.89327,0.89344,1.00,1.00
2015.05.14 16:17:50.214,0.89327,0.89347,1.37,1.00
2015.05.14 16:17:50.316,0.89327,0.89349,1.00,1.00
2015.05.14 16:17:50.464,0.89324,0.89345,1.12,1.00
2015.05.14 16:17:50.515,0.89322,0.89345,1.17,1.87
2015.05.14 16:17:51.261,0.89321,0.89343,1.15,1.00
2015.05.14 16:17:51.413,0.89322,0.89346,1.65,1.00
2015.05.14 16:17:53.300,0.89323,0.89346,1.47,1.00
2015.05.14 16:17:53.401,0.89327,0.89346,1.00,1.00
2015.05.14 16:17:53.603,0.89328,0.89353,2.62,1.87
2015.05.14 16:17:53.847,0.89331,0.89353,1.00,1.00
2015.05.14 16:17:53.948,0.89332,0.89355,1.50,1.65
2015.05.14 16:17:54.831,0.89333,0.89355,1.00,1.50
2015.05.14 16:17:56.648,0.89336,0.89356,1.00,1.00
2015.05.14 16:17:56.801,0.89332,0.89357,1.57,1.57
2015.05.14 16:17:57.360,0.89332,0.89356,1.10,1.00
2015.05.14 16:18:00.852,0.89329,0.8935,1.65,1.00
2015.05.14 16:18:00.953,0.89329,0.89349,1.10,1.00
2015.05.14 16:18:01.954,0.89328,0.8935,1.17,1.00
2015.05.14 16:18:02.208,0.89329,0.89351,1.65,1.00
2015.05.14 16:18:02.750,0.89332,0.89352,1.17,1.00
2015.05.14 16:18:06.015,0.89331,0.89353,2.02,1.00
2015.05.14 16:18:09.032,0.89331,0.89353,1.12,1.00
2015.05.14 16:18:13.865,0.89331,0.89352,1.50,1.00
2015.05.14 16:18:13.967,0.89331,0.8935,1.87,1.00
2015.05.14 16:18:14.068,0.89335,0.89355,1.37,1.00
2015.05.14 16:18:14.119,0.89339,0.89355,1.00,1.00
2015.05.14 16:18:14.227,0.89338,0.89357,1.00,1.00
2015.05.14 16:18:14.278,0.89338,0.8936,1.20,1.00
2015.05.14 16:18:14.783,0.89337,0.89362,2.77,1.87
2015.05.14 16:18:14.995,0.89342,0.8936,1.00,1.00
2015.05.14 16:18:15.046,0.89342,0.89365,1.50,1.50
2015.05.14 16:18:15.147,0.89339,0.89359,1.15,1.00
2015.05.14 16:18:15.248,0.89334,0.89358,1.15,1.50
2015.05.14 16:18:15.349,0.89334,0.89358,1.00,1.50
2015.05.14 16:18:15.867,0.89333,0.89357,1.00,1.00
2015.05.14 16:18:16.604,0.89332,0.89356,1.20,1.00
2015.05.14 16:18:16.881,0.89331,0.89356,1.15,2.25
2015.05.14 16:18:17.083,0.89327,0.89351,1.20,1.12
2015.05.14 16:18:17.610,0.89327,0.8935,1.07,1.12
2015.05.14 16:18:17.711,0.89325,0.89348,1.65,1.00
2015.05.14 16:18:17.762,0.89325,0.89348,1.50,1.00
2015.05.14 16:18:18.297,0.89325,0.89349,1.00,1.95
2015.05.14 16:18:18.764,0.89325,0.8935,1.15,2.62
2015.05.14 16:18:21.160,0.89327,0.89351,1.27,1.00
2015.05.14 16:18:27.145,0.89329,0.89352,1.10,1.50
2015.05.14 16:18:27.487,0.89335,0.89358,1.87,1.00
2015.05.14 16:18:27.791,0.89337,0.89361,1.50,1.27
2015.05.14 16:18:36.753,0.89337,0.8936,1.50,1.00
2015.05.14 16:18:36.934,0.89337,0.89359,1.50,1.37
2015.05.14 16:18:37.035,0.89335,0.89357,1.00,1.00
2015.05.14 16:18:37.288,0.89333,0.89357,1.87,2.02
2015.05.14 16:18:37.389,0.89332,0.89354,1.37,1.00
2015.05.14 16:18:37.440,0.8933,0.89354,1.20,1.50
2015.05.14 16:18:37.490,0.89329,0.89351,1.15,1.00
2015.05.14 16:18:38.156,0.89329,0.89352,1.65,1.00
2015.05.14 16:18:38.664,0.89329,0.89353,1.65,1.50
2015.05.14 16:18:41.137,0.89331,0.89353,1.00,1.00
2015.05.14 16:18:41.339,0.89333,0.89356,1.12,1.50
2015.05.14 16:18:41.870,0.89336,0.89356,1.00,1.00
2015.05.14 16:18:42.401,0.89335,0.89355,1.00,1.00
2015.05.14 16:18:44.619,0.89334,0.89355,1.12,1.00
2015.05.14 16:18:46.087,0.89333,0.89355,1.00,1.87
2015.05.14 16:18:46.138,0.8933,0.89354,1.27,1.87
2015.05.14 16:18:46.188,0.8933,0.8935,1.20,1.00
2015.05.14 16:18:46.290,0.89327,0.8935,1.20,1.00
2015.05.14 16:18:46.441,0.89323,0.89348,1.55,1.00
2015.05.14 16:18:46.543,0.89322,0.89346,1.52,1.00
2015.05.14 16:18:48.869,0.89323,0.89348,1.55,1.50
2015.05.14 16:18:49.096,0.89327,0.89348,1.10,1.00
2015.05.14 16:18:49.212,0.8933,0.89352,1.57,1.00
2015.05.14 16:18:49.313,0.89333,0.89353,1.00,1.00
2015.05.14 16:18:49.567,0.89328,0.89352,1.27,1.00
2015.05.14 16:18:49.754,0.89328,0.89352,1.20,1.00
2015.05.14 16:18:53.111,0.89328,0.89352,1.47,1.00
2015.05.14 16:18:53.415,0.89333,0.89356,1.00,1.20
2015.05.14 16:18:54.024,0.89333,0.89358,1.27,1.87
2015.05.14 16:19:02.200,0.89334,0.89355,1.20,1.00
2015.05.14 16:19:08.172,0.89334,0.89358,1.20,1.50
2015.05.14 16:19:08.929,0.89333,0.89357,2.77,1.00
2015.05.14 16:19:15.070,0.89333,0.89355,2.77,1.00
2015.05.14 16:19:15.879,0.89336,0.89358,1.00,1.00
2015.05.14 16:19:15.932,0.89336,0.89359,1.45,1.10
2015.05.14 16:19:16.488,0.89339,0.8936,1.55,1.00
2015.05.14 16:19:16.785,0.8934,0.89363,1.20,1.00
2015.05.14 16:19:16.836,0.8934,0.8936,1.20,1.00
2015.05.14 16:19:19.164,0.89337,0.8936,2.70,1.50
2015.05.14 16:19:19.711,0.89337,0.89359,1.10,1.00
2015.05.14 16:19:20.487,0.89337,0.8936,1.10,1.50
2015.05.14 16:19:21.212,0.89336,0.8936,1.50,1.65
2015.05.14 16:19:23.929,0.89337,0.8936,1.00,1.65
2015.05.14 16:19:26.349,0.89336,0.8936,1.87,1.65
2015.05.14 16:19:26.860,0.89337,0.8936,1.00,1.65
2015.05.14 16:19:30.791,0.89336,0.89359,1.00,1.27
2015.05.14 16:19:30.943,0.89334,0.89359,1.50,2.02
2015.05.14 16:19:31.458,0.89333,0.89355,1.12,1.00
2015.05.14 16:19:33.731,0.89338,0.89355,1.00,1.00
2015.05.14 16:19:36.139,0.89337,0.89355,1.00,1.00
2015.05.14 16:19:37.930,0.89336,0.89355,1.00,1.00
2015.05.14 16:19:38.484,0.89335,0.89355,1.00,1.00
2015.05.14 16:19:39.309,0.89335,0.8935,1.00,1.00
2015.05.14 16:19:39.360,0.89333,0.8935,1.00,1.00
2015.05.14 16:19:39.411,0.89329,0.8935,1.37,1.50
2015.05.14 16:19:39.462,0.89329,0.8935,1.00,1.50
2015.05.14 16:19:39.664,0.89333,0.8935,1.00,1.50
2015.05.14 16:19:40.317,0.89332,0.8935,1.00,1.50
2015.05.14 16:19:41.013,0.89333,0.8935,1.00,1.50
2015.05.14 16:19:42.055,0.89335,0.8935,1.00,1.50
2015.05.14 16:19:42.998,0.89332,0.8935,1.00,1.50
2015.05.14 16:19:43.288,0.89335,0.8935,1.00,1.50
2015.05.14 16:19:46.418,0.89334,0.8935,1.00,1.50
2015.05.14 16:19:47.928,0.89335,0.8935,1.00,1.50
2015.05.14 16:19:48.433,0.89334,0.8935,1.00,1.50
2015.05.14 16:19:49.231,0.89334,0.89349,1.00,1.00
2015.05.14 16:19:49.413,0.89332,0.89349,1.00,1.00
2015.05.14 16:19:49.669,0.89334,0.89349,1.00,1.00
2015.05.14 16:19:54.041,0.89334,0.8935,1.00,1.50
2015.05.14 16:19:54.383,0.89337,0.8935,1.00,1.00
2015.05.14 16:19:54.895,0.89338,0.89351,1.00,1.00
2015.05.14 16:19:55.155,0.89338,0.89353,1.00,1.00
2015.05.14 16:19:55.435,0.8934,0.89353,1.00,1.00
2015.05.14 16:19:56.037,0.89339,0.89353,1.00,1.00
2015.05.14 16:20:00.298,0.89339,0.89352,1.00,1.00
2015.05.14 16:20:00.448,0.89337,0.89352,1.00,1.00
2015.05.14 16:20:01.807,0.89338,0.89352,1.00,1.00
2015.05.14 16:20:03.971,0.89336,0.89352,1.00,1.00
2015.05.14 16:20:06.068,0.89337,0.89352,1.00,1.00
2015.05.14 16:20:06.808,0.89338,0.89353,1.00,1.00
2015.05.14 16:20:07.371,0.89338,0.89354,1.00,1.00
2015.05.14 16:20:10.343,0.89338,0.89355,1.00,1.50
2015.05.14 16:20:14.162,0.89337,0.89355,1.00,1.50
2015.05.14 16:20:14.767,0.89338,0.89355,1.00,1.50
2015.05.14 16:20:15.283,0.89337,0.89355,1.00,1.50
2015.05.14 16:20:16.849,0.89336,0.89355,1.00,1.50
2015.05.14 16:20:17.492,0.89336,0.89355,1.00,1.87
2015.05.14 16:20:17.702,0.89335,0.89352,1.00,1.00
2015.05.14 16:20:20.826,0.89334,0.89352,1.00,1.00
2015.05.14 16:20:21.426,0.89335,0.89352,1.00,1.00
2015.05.14 16:20:22.353,0.89333,0.89352,1.00,1.00
2015.05.14 16:20:25.030,0.89334,0.89352,1.00,1.00
2015.05.14 16:20:25.711,0.89334,0.89354,1.00,1.00
2015.05.14 16:20:28.897,0.89332,0.89354,1.00,1.12
2015.05.14 16:20:29.407,0.89332,0.89353,1.00,1.00
2015.05.14 16:20:34.075,0.89332,0.89352,1.00,1.00
2015.05.14 16:20:34.717,0.89331,0.89352,1.00,1.00
2015.05.14 16:20:35.362,0.8933,0.89352,1.10,1.12
2015.05.14 16:20:36.187,0.8933,0.89353,1.12,1.57
2015.05.14 16:20:36.692,0.89331,0.89353,1.00,1.10
2015.05.14 16:20:41.750,0.89332,0.89353,1.00,1.10
2015.05.14 16:20:44.570,0.89333,0.89353,1.00,1.10
2015.05.14 16:20:45.547,0.89333,0.89352,1.50,1.00
2015.05.14 16:20:46.041,0.89329,0.8935,2.02,1.00
2015.05.14 16:20:46.092,0.8933,0.8935,1.00,1.00
2015.05.14 16:20:46.143,0.89334,0.8935,1.00,1.00
2015.05.14 16:20:46.194,0.89335,0.89354,1.00,1.00
2015.05.14 16:20:46.396,0.89332,0.89354,1.00,1.00
2015.05.14 16:20:46.447,0.89332,0.89354,1.00,1.07
2015.05.14 16:20:46.548,0.89327,0.8935,1.00,1.07
2015.05.14 16:20:46.891,0.89325,0.89349,1.00,1.20
2015.05.14 16:20:47.194,0.89324,0.89348,1.00,1.15
2015.05.14 16:20:47.792,0.89323,0.89347,1.00,1.15
2015.05.14 16:20:47.997,0.89324,0.89349,1.20,1.00
2015.05.14 16:20:48.048,0.89326,0.89349,1.00,1.00
2015.05.14 16:20:48.575,0.89324,0.89349,1.57,1.07
2015.05.14 16:20:53.187,0.89327,0.8935,1.00,1.15
2015.05.14 16:20:53.389,0.89325,0.8935,1.00,1.65
2015.05.14 16:20:57.940,0.89324,0.89349,1.00,1.17
2015.05.14 16:20:58.246,0.89326,0.89349,1.00,1.17
2015.05.14 16:20:58.772,0.89327,0.89352,1.50,2.02
2015.05.14 16:20:58.873,0.89327,0.89349,1.12,1.10
2015.05.14 16:20:59.126,0.89332,0.89349,1.00,1.50
2015.05.14 16:20:59.228,0.8933,0.89349,1.00,1.00
2015.05.14 16:20:59.380,0.89329,0.89352,1.10,1.57
2015.05.14 16:20:59.544,0.8933,0.89352,2.02,1.00
2015.05.14 16:20:59.877,0.89335,0.89355,1.00,1.87
2015.05.14 16:21:00.481,0.89336,0.89355,1.00,1.12
2015.05.14 16:21:00.999,0.89335,0.89355,1.00,1.00
2015.05.14 16:21:01.991,0.89336,0.89355,1.00,1.00
2015.05.14 16:21:02.207,0.89334,0.89355,1.00,1.00
2015.05.14 16:21:02.561,0.89336,0.89355,1.00,1.00
2015.05.14 16:21:03.118,0.89335,0.89355,1.00,1.00
2015.05.14 16:21:07.410,0.89335,0.89356,1.00,1.12
2015.05.14 16:21:07.663,0.89333,0.89357,1.50,1.95
2015.05.14 16:21:07.815,0.89335,0.89357,1.17,1.00
2015.05.14 16:21:08.086,0.89339,0.89362,1.20,1.50
2015.05.14 16:21:08.137,0.89342,0.89362,1.00,1.50
2015.05.14 16:21:08.440,0.89342,0.89365,1.00,1.27
2015.05.14 16:21:08.491,0.8934,0.89363,1.00,1.00
2015.05.14 16:21:08.891,0.89338,0.89358,1.17,1.00
2015.05.14 16:21:08.942,0.89336,0.89358,1.37,1.00
2015.05.14 16:21:09.261,0.89335,0.8936,1.10,1.95
2015.05.14 16:21:09.312,0.89335,0.8936,1.00,1.95
2015.05.14 16:21:11.345,0.89335,0.89355,1.00,1.00
2015.05.14 16:21:12.234,0.89335,0.89358,1.00,1.27
2015.05.14 16:21:12.550,0.89335,0.89355,1.00,1.00
2015.05.14 16:21:13.089,0.89334,0.89355,1.50,1.00
2015.05.14 16:21:14.530,0.89334,0.89357,1.50,1.10
2015.05.14 16:21:14.639,0.89336,0.89358,1.00,1.27
2015.05.14 16:21:24.029,0.89336,0.89356,1.00,1.00
2015.05.14 16:21:24.767,0.89335,0.89356,1.87,1.00
2015.05.14 16:21:27.042,0.89335,0.89355,2.70,1.00
2015.05.14 16:21:27.365,0.89337,0.89355,1.00,1.00
2015.05.14 16:21:27.944,0.89337,0.89355,1.65,1.00
2015.05.14 16:21:30.962,0.89337,0.8936,1.65,2.25
2015.05.14 16:21:33.268,0.89337,0.8936,1.65,2.62
2015.05.14 16:21:36.000,0.89337,0.8936,1.65,1.87
2015.05.14 16:21:36.101,0.89337,0.89357,1.00,1.37
2015.05.14 16:21:36.203,0.89338,0.89359,1.00,1.55
2015.05.14 16:21:36.304,0.89334,0.89357,1.50,1.12
2015.05.14 16:21:36.810,0.89334,0.89358,1.50,1.57
2015.05.14 16:21:37.169,0.89334,0.89355,1.87,1.00
2015.05.14 16:21:37.480,0.89336,0.89355,1.00,1.00
2015.05.14 16:21:40.463,0.89336,0.89358,1.00,1.95
2015.05.14 16:21:48.808,0.89336,0.8936,2.32,1.87
2015.05.14 16:21:48.859,0.89338,0.8936,1.00,1.87
2015.05.14 16:21:49.160,0.89335,0.89354,1.17,1.00
2015.05.14 16:21:49.362,0.89333,0.89355,1.12,1.00
2015.05.14 16:21:49.463,0.89331,0.89355,1.17,2.62
2015.05.14 16:21:49.788,0.89332,0.89355,1.10,2.62
2015.05.14 16:21:50.649,0.89332,0.8935,1.10,1.00
2015.05.14 16:21:52.121,0.89331,0.89355,1.17,3.37
2015.05.14 16:21:52.499,0.89332,0.89355,2.02,1.50
2015.05.14 16:21:52.853,0.89334,0.89357,1.27,1.00
2015.05.14 16:21:53.090,0.89335,0.89357,1.27,1.00
2015.05.14 16:21:53.191,0.89337,0.89359,1.15,1.12
2015.05.14 16:21:53.741,0.89339,0.8936,1.17,1.00
2015.05.14 16:21:55.980,0.89339,0.8936,1.17,1.37
2015.05.14 16:21:56.487,0.89337,0.89359,1.57,1.12
2015.05.14 16:21:56.691,0.89336,0.89356,1.65,1.00
2015.05.14 16:21:57.251,0.89336,0.89355,1.17,1.00
2015.05.14 16:21:58.919,0.89336,0.89355,1.50,1.00
2015.05.14 16:21:59.121,0.89343,0.89365,1.27,1.00
2015.05.14 16:21:59.374,0.89345,0.89368,1.52,1.50
2015.05.14 16:21:59.576,0.89345,0.89365,2.02,1.00
2015.05.14 16:21:59.815,0.89345,0.89368,2.02,1.50
2015.05.14 16:22:01.781,0.89346,0.89365,1.17,1.00
2015.05.14 16:22:07.827,0.89345,0.89365,1.50,1.00
2015.05.14 16:22:07.929,0.89343,0.89368,1.57,1.95
2015.05.14 16:22:08.447,0.89344,0.89365,1.00,1.00
2015.05.14 16:22:08.996,0.89345,0.89365,1.00,1.00
2015.05.14 16:22:10.427,0.89346,0.89365,1.00,1.00
2015.05.14 16:22:10.972,0.89346,0.89365,1.17,1.00
2015.05.14 16:22:12.539,0.89347,0.89368,1.10,1.00
2015.05.14 16:22:12.692,0.89349,0.89369,1.12,1.00
2015.05.14 16:22:13.236,0.89349,0.8937,2.77,1.00
2015.05.14 16:22:13.566,0.89351,0.8937,1.00,1.00
2015.05.14 16:22:15.588,0.89352,0.8937,1.00,1.00
2015.05.14 16:22:15.639,0.89352,0.89374,1.87,1.00
2015.05.14 16:22:15.690,0.89355,0.89375,1.00,1.12
2015.05.14 16:22:15.741,0.89355,0.89378,1.00,1.47
2015.05.14 16:22:16.031,0.89355,0.89379,1.65,1.87
2015.05.14 16:22:16.541,0.89355,0.89378,1.17,1.12
2015.05.14 16:22:16.643,0.89354,0.89375,1.00,1.00
2015.05.14 16:22:16.947,0.89352,0.89375,1.00,2.77
2015.05.14 16:22:17.442,0.89353,0.89375,1.10,1.50
2015.05.14 16:22:21.149,0.89353,0.89375,1.10,1.37
2015.05.14 16:22:21.251,0.89351,0.89374,1.00,2.70
2015.05.14 16:22:21.352,0.89349,0.89373,1.57,1.37
2015.05.14 16:22:21.757,0.89348,0.8937,1.00,2.02
2015.05.14 16:22:22.062,0.89342,0.8936,1.00,1.00
2015.05.14 16:22:22.166,0.89338,0.8936,1.20,1.00
2015.05.14 16:22:22.535,0.89339,0.8936,1.65,1.00
2015.05.14 16:22:22.890,0.89342,0.89364,1.00,1.00
2015.05.14 16:22:22.941,0.89344,0.89365,1.00,1.87
2015.05.14 16:22:23.258,0.89341,0.89365,1.95,1.00
2015.05.14 16:22:23.649,0.89344,0.89365,1.00,1.00
2015.05.14 16:22:23.750,0.89341,0.89365,1.95,1.00
2015.05.14 16:22:27.428,0.89342,0.89365,1.00,1.50
2015.05.14 16:22:28.467,0.89341,0.89363,1.10,1.00
2015.05.14 16:22:29.418,0.89343,0.89363,1.00,1.00
2015.05.14 16:22:30.413,0.89343,0.89365,1.00,1.00
2015.05.14 16:22:32.892,0.89345,0.89365,1.00,1.00
2015.05.14 16:22:33.044,0.8934,0.89367,2.02,1.55
2015.05.14 16:22:33.095,0.8934,0.89363,1.55,1.00
2015.05.14 16:22:33.348,0.89341,0.89365,2.70,1.50
2015.05.14 16:22:33.399,0.89343,0.89365,1.00,1.50
2015.05.14 16:22:33.750,0.89345,0.89365,1.00,1.50
2015.05.14 16:22:40.791,0.89344,0.89365,1.57,1.00
2015.05.14 16:22:41.154,0.89344,0.8936,1.10,1.00
2015.05.14 16:22:41.692,0.89343,0.8936,1.00,1.00
2015.05.14 16:22:43.748,0.89344,0.8936,1.00,1.00
2015.05.14 16:22:44.715,0.89343,0.8936,1.00,1.00
2015.05.14 16:22:45.296,0.89342,0.8936,1.50,1.00
2015.05.14 16:22:49.620,0.89342,0.89364,1.50,1.00
2015.05.14 16:22:50.132,0.89343,0.89365,2.25,1.00
2015.05.14 16:22:56.221,0.89343,0.89365,1.50,2.02
2015.05.14 16:22:56.323,0.89343,0.8936,1.00,1.00
2015.05.14 16:22:56.576,0.89343,0.89365,1.00,1.87
2015.05.14 16:22:58.280,0.89344,0.89365,1.00,1.00
2015.05.14 16:23:00.792,0.89343,0.89364,1.00,1.00
2015.05.14 16:23:04.040,0.89343,0.8936,1.50,1.00
2015.05.14 16:23:04.727,0.89342,0.8936,2.25,1.00
2015.05.14 16:23:09.449,0.89341,0.8936,1.00,1.00
2015.05.14 16:23:09.719,0.89338,0.8936,1.10,1.00
2015.05.14 16:23:12.501,0.89337,0.8936,1.10,1.10
2015.05.14 16:23:13.182,0.89338,0.8936,1.00,1.10
2015.05.14 16:23:13.692,0.89337,0.8936,1.00,1.95
2015.05.14 16:23:14.220,0.89338,0.8936,1.00,1.95
2015.05.14 16:23:14.728,0.89338,0.8936,1.00,1.95
2015.05.14 16:23:16.176,0.89339,0.8936,1.00,1.95
2015.05.14 16:23:18.097,0.89339,0.89355,1.00,1.00
2015.05.14 16:23:20.077,0.89339,0.8936,1.00,1.10
2015.05.14 16:23:23.918,0.89339,0.8936,1.37,1.10
2015.05.14 16:23:24.070,0.89341,0.89363,1.00,1.10
2015.05.14 16:23:24.121,0.89346,0.89363,1.12,1.00
2015.05.14 16:23:24.172,0.89346,0.89365,1.12,1.10
2015.05.14 16:23:24.223,0.89349,0.89369,1.00,1.10
2015.05.14 16:23:24.274,0.89349,0.89365,1.00,1.00
2015.05.14 16:23:24.448,0.89347,0.89365,1.10,1.00
2015.05.14 16:23:26.308,0.89347,0.89365,1.00,1.37
2015.05.14 16:23:26.359,0.89345,0.89365,1.00,1.47
2015.05.14 16:23:26.604,0.89344,0.8936,1.00,1.00
2015.05.14 16:23:26.705,0.89341,0.8936,1.00,1.00
2015.05.14 16:23:26.806,0.89339,0.89363,1.07,1.00
2015.05.14 16:23:26.907,0.89339,0.89361,1.07,1.00
2015.05.14 16:23:27.059,0.89337,0.89361,1.10,1.00
2015.05.14 16:23:30.261,0.89338,0.89361,1.00,1.00
2015.05.14 16:23:30.820,0.89336,0.89361,2.02,1.00
2015.05.14 16:23:31.578,0.89336,0.8936,1.65,1.00
2015.05.14 16:23:36.467,0.89337,0.89359,1.10,1.00
2015.05.14 16:23:37.387,0.89337,0.8936,1.10,1.00
2015.05.14 16:23:38.420,0.89341,0.8936,1.00,1.00
2015.05.14 16:23:38.758,0.8934,0.89364,1.00,1.27
2015.05.14 16:23:38.859,0.8934,0.8936,1.00,1.00
2015.05.14 16:23:38.960,0.8934,0.89363,1.00,1.17
2015.05.14 16:23:39.062,0.89342,0.89363,1.00,1.17
2015.05.14 16:23:39.593,0.89342,0.89363,1.00,1.00
2015.05.14 16:23:40.013,0.89344,0.89363,1.00,1.00
2015.05.14 16:23:41.147,0.89343,0.89363,1.00,1.00
2015.05.14 16:23:41.666,0.89342,0.89363,1.00,1.00
2015.05.14 16:23:42.514,0.89341,0.89363,1.00,1.00
2015.05.14 16:23:42.615,0.89337,0.89361,1.00,1.10
2015.05.14 16:23:42.717,0.89338,0.89359,1.00,1.00
2015.05.14 16:23:42.767,0.89338,0.89361,1.00,1.10
2015.05.14 16:23:44.567,0.89337,0.89361,1.00,1.10
2015.05.14 16:23:44.669,0.89339,0.89358,1.00,1.00
2015.05.14 16:23:44.720,0.89339,0.89363,1.00,1.15
2015.05.14 16:23:44.821,0.89339,0.89363,1.10,1.00
2015.05.14 16:23:45.362,0.89341,0.89363,1.00,1.00
2015.05.14 16:23:46.801,0.89342,0.89363,1.00,1.00
2015.05.14 16:23:56.999,0.89342,0.89363,1.17,1.00
2015.05.14 16:23:58.416,0.89344,0.89363,1.00,1.00
2015.05.14 16:23:58.974,0.89344,0.89365,1.00,1.00
2015.05.14 16:24:02.743,0.89345,0.89366,1.00,1.00
2015.05.14 16:24:03.028,0.89342,0.89365,1.87,1.57
2015.05.14 16:24:06.461,0.89344,0.89365,1.00,1.50
2015.05.14 16:24:07.059,0.89344,0.89364,1.50,1.00
2015.05.14 16:24:12.424,0.89344,0.89368,1.00,1.95
2015.05.14 16:24:13.798,0.89344,0.89368,1.37,2.32
2015.05.14 16:24:14.112,0.89348,0.8937,1.00,1.27
2015.05.14 16:24:23.157,0.89349,0.8937,1.00,2.02
2015.05.14 16:24:23.258,0.89346,0.89367,1.00,1.00
2015.05.14 16:24:23.731,0.89346,0.89365,1.10,1.00
2015.05.14 16:24:24.056,0.89349,0.89365,1.00,1.00
2015.05.14 16:24:41.916,0.89348,0.89365,1.00,1.00
2015.05.14 16:24:43.344,0.89348,0.89368,1.00,1.10
2015.05.14 16:24:43.445,0.89348,0.89365,1.00,1.00
2015.05.14 16:24:43.496,0.89343,0.89365,1.10,1.00
2015.05.14 16:24:44.032,0.89344,0.89365,1.00,1.00
2015.05.14 16:24:44.629,0.89343,0.89365,1.10,1.00
2015.05.14 16:24:46.373,0.89343,0.89366,1.10,1.50
2015.05.14 16:24:46.585,0.89341,0.89366,1.50,2.40
2015.05.14 16:24:47.067,0.89343,0.89365,1.00,1.00
2015.05.14 16:24:47.416,0.89343,0.89365,1.65,1.00
2015.05.14 16:24:54.500,0.89346,0.89365,1.00,1.00
2015.05.14 16:24:55.376,0.89346,0.89368,2.25,1.00
2015.05.14 16:24:55.988,0.89347,0.89369,1.00,1.00
2015.05.14 16:24:59.381,0.89347,0.89365,1.50,1.00
2015.05.14 16:25:00.416,0.89344,0.89365,1.17,1.87
2015.05.14 16:25:00.942,0.89344,0.89365,1.00,1.00
2015.05.14 16:25:01.358,0.89345,0.89367,1.00,1.00
2015.05.14 16:25:01.560,0.89345,0.89365,1.00,1.00
2015.05.14 16:25:01.827,0.89345,0.89367,1.00,1.00
2015.05.14 16:25:02.365,0.89346,0.89367,1.00,1.00
2015.05.14 16:25:02.867,0.89347,0.89368,1.00,1.10
2015.05.14 16:25:04.179,0.89348,0.8937,1.00,1.12
2015.05.14 16:25:04.738,0.89347,0.8937,1.57,1.87
2015.05.14 16:25:07.441,0.89347,0.89368,1.10,1.00
2015.05.14 16:25:07.994,0.89347,0.89369,1.10,1.12
2015.05.14 16:25:08.528,0.89348,0.89369,1.00,1.00
2015.05.14 16:25:09.053,0.89349,0.8937,1.00,1.12
2015.05.14 16:25:10.189,0.89349,0.8937,1.95,1.00
2015.05.14 16:25:10.492,0.8936,0.8937,1.00,1.00
2015.05.14 16:25:11.024,0.89361,0.8937,1.00,1.00
2015.05.14 16:25:11.389,0.89362,0.89373,1.00,1.00
2015.05.14 16:25:11.490,0.89362,0.89375,1.00,1.00
2015.05.14 16:25:11.994,0.89363,0.89375,1.00,1.00
2015.05.14 16:25:12.570,0.89362,0.89375,1.00,1.00
2015.05.14 16:25:14.787,0.89364,0.89375,1.00,1.00
2015.05.14 16:25:14.889,0.89357,0.89375,1.00,1.37
2015.05.14 16:25:14.990,0.8935,0.89371,1.00,1.00
2015.05.14 16:25:15.142,0.8935,0.89368,1.00,1.00
2015.05.14 16:25:15.378,0.89351,0.8937,1.00,1.00
2015.05.14 16:25:15.429,0.89359,0.8937,1.00,1.00
2015.05.14 16:25:15.934,0.8936,0.8937,1.00,1.00
2015.05.14 16:25:16.311,0.8936,0.89374,1.00,1.12
2015.05.14 16:25:21.622,0.89362,0.89374,1.00,1.00
2015.05.14 16:25:22.125,0.89362,0.89375,1.00,1.00
2015.05.14 16:25:22.567,0.89365,0.89376,1.00,1.00
2015.05.14 16:25:22.618,0.89365,0.89378,1.00,1.00
2015.05.14 16:25:22.770,0.89365,0.8938,1.00,1.00
2015.05.14 16:25:22.922,0.89368,0.8938,1.00,1.00
2015.05.14 16:25:23.712,0.8937,0.8938,1.00,1.00
2015.05.14 16:25:24.154,0.89371,0.89385,1.00,2.62
2015.05.14 16:25:24.256,0.89371,0.8938,1.00,1.00
2015.05.14 16:25:24.357,0.89371,0.89385,1.00,1.87
2015.05.14 16:25:24.610,0.8937,0.89381,1.00,1.00
2015.05.14 16:25:25.142,0.89369,0.8938,1.00,1.00
2015.05.14 16:25:27.110,0.89377,0.89382,1.00,1.00
2015.05.14 16:25:27.161,0.89378,0.89384,1.00,1.00
2015.05.14 16:25:27.313,0.8938,0.89384,1.00,1.00
2015.05.14 16:25:27.364,0.8938,0.89393,1.00,1.00
2015.05.14 16:25:28.191,0.89381,0.89395,1.00,1.27
2015.05.14 16:25:28.703,0.89381,0.89395,1.00,1.12
2015.05.14 16:25:32.356,0.89379,0.89395,1.00,1.00
2015.05.14 16:25:32.876,0.89379,0.89396,1.00,1.87
2015.05.14 16:25:33.556,0.8938,0.89396,1.00,1.87
2015.05.14 16:25:35.233,0.89385,0.89396,1.00,1.00
2015.05.14 16:25:35.434,0.89386,0.894,1.00,1.50
2015.05.14 16:25:35.587,0.89388,0.894,1.00,1.00
2015.05.14 16:25:35.790,0.8939,0.89403,1.00,1.00
2015.05.14 16:25:36.317,0.89389,0.894,1.00,1.00
2015.05.14 16:25:36.537,0.89389,0.89403,1.00,1.00
2015.05.14 16:25:37.242,0.89388,0.89403,1.50,1.00
2015.05.14 16:25:37.343,0.8939,0.89403,1.00,1.00
2015.05.14 16:25:43.807,0.89389,0.89405,1.00,1.50
2015.05.14 16:25:44.542,0.8939,0.89405,1.00,1.50
2015.05.14 16:25:49.219,0.89389,0.89405,1.00,1.50
2015.05.14 16:25:49.320,0.89389,0.894,1.00,1.00
2015.05.14 16:25:49.472,0.8939,0.89404,1.00,1.00
2015.05.14 16:25:59.011,0.89389,0.89404,1.50,1.00
2015.05.14 16:25:59.062,0.89389,0.894,1.50,1.00
2015.05.14 16:25:59.595,0.89391,0.894,1.00,1.00
2015.05.14 16:26:00.115,0.89391,0.89405,1.00,1.50
2015.05.14 16:26:00.772,0.89389,0.89405,1.50,1.50
2015.05.14 16:26:01.769,0.89391,0.894,1.00,1.00
2015.05.14 16:26:01.878,0.89393,0.89405,1.00,1.50
2015.05.14 16:26:01.929,0.89393,0.89402,1.00,1.00
2015.05.14 16:26:02.233,0.89399,0.89406,1.00,1.00
2015.05.14 16:26:02.752,0.89398,0.89406,1.00,1.00
2015.05.14 16:26:05.707,0.89397,0.89406,1.00,1.00
2015.05.14 16:26:06.391,0.89398,0.89406,1.00,1.00
2015.05.14 16:26:06.441,0.89398,0.89409,1.00,1.00
2015.05.14 16:26:07.141,0.894,0.89409,1.00,1.00
2015.05.14 16:26:08.258,0.89401,0.89412,1.00,1.00
2015.05.14 16:26:09.096,0.894,0.89412,1.00,1.00
2015.05.14 16:26:09.700,0.89401,0.89412,1.00,1.00
2015.05.14 16:26:10.227,0.89402,0.89412,1.00,1.00
2015.05.14 16:26:10.897,0.89403,0.89412,1.00,1.00
2015.05.14 16:26:11.515,0.89404,0.89412,1.00,1.00
2015.05.14 16:26:12.131,0.89403,0.89412,1.00,1.00
2015.05.14 16:26:12.653,0.89404,0.89412,1.00,1.00
2015.05.14 16:26:12.869,0.89411,0.89416,1.00,1.00
2015.05.14 16:26:12.920,0.89412,0.89426,1.00,1.00
2015.05.14 16:26:12.971,0.8941,0.89426,1.00,1.00
2015.05.14 16:26:13.021,0.89414,0.89426,1.00,1.00
2015.05.14 16:26:13.531,0.89413,0.89425,1.00,1.00
2015.05.14 16:26:13.582,0.89408,0.89425,1.00,1.00
2015.05.14 16:26:13.734,0.89405,0.89425,1.95,1.00
2015.05.14 16:26:13.886,0.89411,0.89425,1.00,1.00
2015.05.14 16:26:14.207,0.89413,0.89425,1.00,1.00
2015.05.14 16:26:14.725,0.89415,0.89425,1.00,1.00
2015.05.14 16:26:14.826,0.89415,0.89435,1.00,1.50
2015.05.14 16:26:15.352,0.89414,0.89434,1.00,1.00
2015.05.14 16:26:15.403,0.89412,0.89431,1.00,1.00
2015.05.14 16:26:15.550,0.8941,0.89431,1.10,1.00
2015.05.14 16:26:15.601,0.8941,0.89425,1.00,1.00
2015.05.14 16:26:15.905,0.89412,0.89425,1.00,1.00
2015.05.14 16:26:16.057,0.89412,0.8943,1.50,1.00
2015.05.14 16:26:16.230,0.89413,0.89425,1.00,1.00
2015.05.14 16:26:18.335,0.89413,0.8943,1.00,1.00
2015.05.14 16:26:19.454,0.89413,0.89425,1.00,1.00
2015.05.14 16:26:19.555,0.89413,0.8943,1.00,1.12
2015.05.14 16:26:19.783,0.89413,0.89425,1.00,1.00
2015.05.14 16:26:21.090,0.89413,0.8943,1.00,1.00
2015.05.14 16:26:21.197,0.89417,0.8943,1.00,1.00
2015.05.14 16:26:22.375,0.89418,0.8943,1.00,1.00
2015.05.14 16:26:29.456,0.89419,0.8943,1.00,1.00
2015.05.14 16:26:30.064,0.89419,0.89431,1.00,1.00
2015.05.14 16:26:31.663,0.89419,0.89425,1.00,1.00
2015.05.14 16:26:31.882,0.89416,0.8943,1.00,1.00
2015.05.14 16:26:32.185,0.89414,0.8943,1.00,1.00
2015.05.14 16:26:33.423,0.89414,0.89431,1.00,1.00
2015.05.14 16:26:34.036,0.89414,0.8943,1.00,1.00
2015.05.14 16:26:34.585,0.89415,0.8943,1.00,1.00
2015.05.14 16:26:34.837,0.89417,0.8943,1.00,1.00
2015.05.14 16:26:35.381,0.89418,0.8943,1.00,1.00
2015.05.14 16:26:37.885,0.89414,0.8943,1.50,1.00
2015.05.14 16:26:42.178,0.89413,0.8943,1.00,1.00
2015.05.14 16:26:52.184,0.89412,0.8943,1.00,1.00
2015.05.14 16:26:52.631,0.8941,0.8943,1.50,1.12
2015.05.14 16:26:52.682,0.8941,0.89425,1.00,1.00
2015.05.14 16:26:52.784,0.89411,0.89431,1.00,1.50
2015.05.14 16:26:53.354,0.89412,0.89431,1.00,1.00
2015.05.14 16:26:53.662,0.89411,0.89425,1.00,1.00
2015.05.14 16:26:54.073,0.89412,0.8943,1.00,1.00
2015.05.14 16:26:54.560,0.89414,0.8943,1.00,1.00
2015.05.14 16:26:54.898,0.89412,0.8943,1.00,1.00
2015.05.14 16:26:55.290,0.8941,0.8943,1.57,1.00
2015.05.14 16:26:55.867,0.89411,0.8943,1.00,1.00
2015.05.14 16:26:56.619,0.89416,0.8943,1.00,1.00
2015.05.14 16:26:56.871,0.89418,0.89435,1.00,1.00
2015.05.14 16:26:57.164,0.89416,0.89435,1.50,1.00
2015.05.14 16:26:57.619,0.89415,0.8943,1.00,1.00
2015.05.14 16:26:58.312,0.89414,0.8943,1.00,1.00
2015.05.14 16:26:59.364,0.89416,0.8943,1.00,1.00
2015.05.14 16:26:59.823,0.89414,0.89435,1.00,1.00
2015.05.14 16:27:00.611,0.89415,0.89435,1.00,1.00
2015.05.14 16:27:03.372,0.89414,0.89435,1.00,1.00
2015.05.14 16:27:06.550,0.8941,0.89435,1.10,3.07
2015.05.14 16:27:06.892,0.89407,0.89425,1.50,1.00
2015.05.14 16:27:07.396,0.89408,0.89425,1.00,1.00
2015.05.14 16:27:07.907,0.89407,0.89425,1.50,1.00
2015.05.14 16:27:11.033,0.89408,0.89425,1.00,1.00
2015.05.14 16:27:12.053,0.89408,0.89425,1.00,1.45
2015.05.14 16:27:12.170,0.89399,0.89415,1.00,1.00
2015.05.14 16:27:12.272,0.89396,0.89415,1.95,1.00
2015.05.14 16:27:12.322,0.89399,0.89415,1.00,1.00
2015.05.14 16:27:12.374,0.89399,0.8942,1.50,1.50
2015.05.14 16:27:12.894,0.894,0.8942,1.00,1.00
2015.05.14 16:27:13.792,0.894,0.89415,1.00,1.00
2015.05.14 16:27:14.432,0.89401,0.89415,1.00,1.00
2015.05.14 16:27:14.546,0.89401,0.8942,1.00,1.00
2015.05.14 16:27:14.924,0.89401,0.89415,1.00,1.00
2015.05.14 16:27:15.973,0.89399,0.89415,1.00,1.00
2015.05.14 16:27:16.074,0.89396,0.89415,1.00,1.00
2015.05.14 16:27:16.125,0.89396,0.8941,1.00,1.00
2015.05.14 16:27:16.277,0.8939,0.8941,1.17,1.00
2015.05.14 16:27:16.681,0.89389,0.8941,1.50,1.00
2015.05.14 16:27:18.033,0.89388,0.89409,1.10,1.00
2015.05.14 16:27:20.675,0.89387,0.89408,1.00,1.00
2015.05.14 16:27:20.831,0.89387,0.89405,1.00,1.00
2015.05.14 16:27:20.894,0.89384,0.89405,1.20,1.00
2015.05.14 16:27:21.314,0.89381,0.89405,1.57,1.00
2015.05.14 16:27:22.594,0.89381,0.89406,1.10,1.57
2015.05.14 16:27:22.746,0.89379,0.89403,1.15,1.00
2015.05.14 16:27:22.847,0.8938,0.89405,1.65,1.00
2015.05.14 16:27:24.037,0.89382,0.89405,1.00,1.50
2015.05.14 16:27:24.555,0.89383,0.89405,1.00,1.00
2015.05.14 16:27:25.135,0.89382,0.89405,1.50,1.00
2015.05.14 16:27:28.074,0.89382,0.89407,1.50,1.17
2015.05.14 16:27:29.875,0.8938,0.89405,1.65,1.50
2015.05.14 16:27:30.584,0.8938,0.89402,1.17,1.00
2015.05.14 16:27:30.770,0.89379,0.89404,1.50,1.17
2015.05.14 16:27:30.872,0.89382,0.89405,1.12,1.57
2015.05.14 16:27:30.923,0.89382,0.89405,1.20,1.50
2015.05.14 16:27:31.295,0.89384,0.89405,1.00,1.00
2015.05.14 16:27:31.429,0.89384,0.89409,1.12,2.02
2015.05.14 16:27:31.480,0.89386,0.89408,1.00,1.17
2015.05.14 16:27:33.102,0.89386,0.89404,1.00,1.00
2015.05.14 16:27:33.206,0.89382,0.89404,1.10,1.00
2015.05.14 16:27:33.794,0.89381,0.89403,1.50,1.00
2015.05.14 16:27:34.772,0.89382,0.89404,1.00,1.50
2015.05.14 16:27:35.857,0.89383,0.89404,1.00,1.00
2015.05.14 16:27:36.125,0.89386,0.89405,1.00,1.50
2015.05.14 16:27:40.519,0.89387,0.89405,1.00,1.50
2015.05.14 16:27:40.620,0.89385,0.89405,1.10,1.50
2015.05.14 16:27:40.854,0.89387,0.8941,1.00,2.70
2015.05.14 16:27:41.319,0.89388,0.8941,1.00,2.77
2015.05.14 16:27:41.623,0.89385,0.89407,1.50,1.10
2015.05.14 16:27:42.156,0.89385,0.89405,1.00,1.00
2015.05.14 16:27:43.228,0.89386,0.89405,1.00,1.00
2015.05.14 16:27:45.146,0.89386,0.89406,1.00,1.12
2015.05.14 16:27:45.703,0.89386,0.89403,1.00,1.00
2015.05.14 16:27:47.785,0.89386,0.89406,1.00,1.87
2015.05.14 16:27:48.290,0.89385,0.89405,1.00,1.87
2015.05.14 16:27:49.172,0.89385,0.89405,1.00,1.87
2015.05.14 16:27:51.676,0.89385,0.89406,1.00,1.50
2015.05.14 16:27:52.924,0.89385,0.89405,1.00,1.00
2015.05.14 16:27:53.077,0.89385,0.89407,1.50,1.10
2015.05.14 16:27:53.128,0.89387,0.89408,1.00,1.65
2015.05.14 16:27:53.871,0.89387,0.89408,1.00,1.00
2015.05.14 16:27:54.124,0.89388,0.8941,1.00,2.70
2015.05.14 16:27:55.444,0.89393,0.8941,1.00,1.95
2015.05.14 16:27:55.596,0.89396,0.89417,1.12,1.07
2015.05.14 16:27:55.697,0.89398,0.8942,1.00,1.12
2015.05.14 16:27:55.900,0.894,0.8942,1.00,1.00
2015.05.14 16:27:56.434,0.89399,0.8942,1.00,1.00
2015.05.14 16:27:58.343,0.89399,0.89421,1.00,1.87
2015.05.14 16:27:59.018,0.89405,0.89421,1.00,1.50
2015.05.14 16:27:59.604,0.89404,0.89421,1.00,1.50
2015.05.14 16:28:00.194,0.89403,0.89421,1.00,1.50
2015.05.14 16:28:00.821,0.89404,0.8942,1.00,1.00
2015.05.14 16:28:01.368,0.89403,0.89421,1.00,1.50
2015.05.14 16:28:02.303,0.89401,0.89421,1.00,1.87
2015.05.14 16:28:02.607,0.89399,0.89417,1.00,1.00
2015.05.14 16:28:02.958,0.89402,0.89416,1.00,1.00
2015.05.14 16:28:03.466,0.89403,0.89417,1.00,1.00
2015.05.14 16:28:03.853,0.89403,0.8942,1.00,2.02
2015.05.14 16:28:06.042,0.89403,0.89418,1.00,1.00
2015.05.14 16:28:06.144,0.89401,0.89419,1.00,1.10
2015.05.14 16:28:06.347,0.89401,0.89417,1.00,1.00
2015.05.14 16:28:06.650,0.89401,0.89415,1.00,1.00
2015.05.14 16:28:07.162,0.894,0.89415,1.00,1.00
2015.05.14 16:28:14.532,0.89401,0.89415,1.00,1.00
2015.05.14 16:28:14.823,0.89398,0.89415,1.00,1.00
2015.05.14 16:28:16.055,0.89399,0.89416,1.00,1.00
2015.05.14 16:28:16.258,0.89397,0.89415,1.00,1.00
2015.05.14 16:28:16.784,0.89396,0.89415,1.00,1.00
2015.05.14 16:28:18.474,0.89396,0.89416,1.00,1.00
2015.05.14 16:28:18.996,0.89395,0.89416,1.50,1.17
2015.05.14 16:28:19.993,0.89396,0.89415,1.00,1.10
2015.05.14 16:28:21.226,0.89397,0.89415,1.00,1.00
2015.05.14 16:28:22.390,0.89398,0.89415,1.00,1.00
2015.05.14 16:28:22.643,0.89396,0.89415,1.00,1.00
2015.05.14 16:28:27.803,0.89395,0.89415,1.50,1.00
2015.05.14 16:28:28.559,0.89395,0.89416,1.00,1.50
2015.05.14 16:28:29.103,0.89395,0.89415,1.00,1.00
2015.05.14 16:28:34.475,0.89396,0.89415,1.00,1.00
2015.05.14 16:28:36.298,0.89397,0.89415,1.00,1.00
2015.05.14 16:28:36.861,0.89396,0.89415,1.00,1.00
2015.05.14 16:28:39.133,0.89395,0.89415,1.50,1.00
2015.05.14 16:28:42.358,0.89395,0.89416,1.57,1.00
2015.05.14 16:28:44.778,0.89395,0.89415,2.32,1.00
2015.05.14 16:28:58.163,0.89395,0.89417,2.70,1.00
2015.05.14 16:28:58.469,0.89395,0.89415,1.50,1.00
2015.05.14 16:28:58.877,0.89395,0.8941,1.00,1.00
2015.05.14 16:28:59.081,0.89392,0.8941,1.00,1.00
2015.05.14 16:28:59.233,0.8939,0.8941,1.57,1.00
2015.05.14 16:28:59.821,0.89389,0.8941,1.10,1.50
2015.05.14 16:29:01.787,0.89388,0.8941,1.17,1.37
2015.05.14 16:29:01.888,0.89387,0.89408,1.00,1.00
2015.05.14 16:29:02.415,0.89385,0.8941,1.17,2.62
2015.05.14 16:29:04.003,0.89385,0.8941,1.17,2.62
2015.05.14 16:29:04.257,0.89386,0.8941,1.07,1.50
2015.05.14 16:29:04.781,0.89389,0.8941,1.00,1.50
2015.05.14 16:29:14.224,0.89391,0.8941,1.00,1.00
2015.05.14 16:29:14.275,0.89391,0.89412,1.00,1.00
2015.05.14 16:29:14.477,0.89392,0.89414,1.00,1.12
2015.05.14 16:29:16.084,0.89392,0.89414,1.47,1.00
2015.05.14 16:29:16.135,0.89396,0.89414,1.00,1.00
2015.05.14 16:29:16.287,0.89396,0.89419,1.50,2.02
2015.05.14 16:29:16.612,0.89398,0.89417,1.00,1.10
2015.05.14 16:29:18.376,0.89398,0.89419,1.00,1.07
2015.05.14 16:29:18.580,0.89398,0.8942,1.00,2.25
2015.05.14 16:29:24.186,0.89399,0.8942,1.00,1.50
2015.05.14 16:29:24.802,0.89399,0.89421,1.50,1.20
2015.05.14 16:29:30.453,0.89399,0.89423,2.70,1.12
2015.05.14 16:29:31.059,0.89399,0.89423,2.70,1.37
2015.05.14 16:29:31.110,0.89399,0.8942,2.70,1.00
2015.05.14 16:29:31.640,0.894,0.8942,1.00,1.00
2015.05.14 16:29:35.840,0.89399,0.8942,1.57,1.00
2015.05.14 16:29:57.153,0.89396,0.89415,1.15,1.00
2015.05.14 16:29:57.255,0.89394,0.89415,1.57,1.00
2015.05.14 16:29:57.580,0.89397,0.89417,1.10,1.00
2015.05.14 16:29:57.630,0.89397,0.89419,1.65,1.50
2015.05.14 16:29:57.832,0.89398,0.89415,1.10,1.00
2015.05.14 16:29:58.661,0.89399,0.89415,1.00,1.00
2015.05.14 16:29:59.345,0.89399,0.89419,1.00,1.00
2015.05.14 16:29:59.870,0.89398,0.89419,1.10,1.00
2015.05.14 16:30:00.102,0.89397,0.89415,1.07,1.00
2015.05.14 16:30:00.153,0.89396,0.89415,1.00,1.00
2015.05.14 16:30:00.204,0.89397,0.89415,1.37,1.00
2015.05.14 16:30:00.371,0.89397,0.89418,1.95,1.00
2015.05.14 16:30:00.422,0.894,0.89418,1.00,1.00
2015.05.14 16:30:00.473,0.894,0.89425,1.00,2.02
2015.05.14 16:30:00.524,0.894,0.89425,1.52,1.50
2015.05.14 16:30:01.203,0.89404,0.89425,1.00,1.50
2015.05.14 16:30:01.875,0.89403,0.89425,1.12,1.50
2015.05.14 16:30:02.214,0.89405,0.89425,1.00,1.00
2015.05.14 16:30:05.647,0.89405,0.89426,1.00,1.00
2015.05.14 16:30:06.196,0.89404,0.89425,1.20,1.00
2015.05.14 16:30:11.584,0.89405,0.89425,1.50,1.00
2015.05.14 16:30:11.914,0.89408,0.89425,1.10,1.00
2015.05.14 16:30:12.218,0.89414,0.89425,1.00,1.00
2015.05.14 16:30:12.370,0.89412,0.8943,1.65,1.00
2015.05.14 16:30:12.544,0.89411,0.8943,1.00,1.00
2015.05.14 16:30:12.696,0.89408,0.89428,1.87,1.00
2015.05.14 16:30:16.184,0.89409,0.89429,1.00,1.00
2015.05.14 16:30:16.735,0.89407,0.89429,1.95,1.00
2015.05.14 16:30:17.390,0.89407,0.89429,1.95,1.00
2015.05.14 16:30:18.956,0.89407,0.89429,2.02,1.00
2015.05.14 16:30:19.278,0.8941,0.89429,1.20,1.00
2015.05.14 16:30:19.580,0.89412,0.8943,1.57,1.00
2015.05.14 16:30:19.631,0.89412,0.89434,1.57,1.50
2015.05.14 16:30:19.897,0.89411,0.89433,1.00,1.00
2015.05.14 16:30:24.625,0.89412,0.89433,1.00,1.00
2015.05.14 16:30:25.145,0.89411,0.89433,1.87,1.00
2015.05.14 16:30:26.495,0.89412,0.89433,1.00,1.00
2015.05.14 16:30:27.012,0.89411,0.89433,2.62,1.00
2015.05.14 16:30:27.677,0.89412,0.89433,1.00,1.00
2015.05.14 16:30:30.367,0.89411,0.89433,1.87,1.00
2015.05.14 16:30:30.620,0.89411,0.8943,1.50,1.00
2015.05.14 16:30:31.237,0.8941,0.8943,1.10,1.00
2015.05.14 16:30:31.790,0.89411,0.8943,1.50,1.00
2015.05.14 16:30:32.297,0.89411,0.89431,1.50,1.12
2015.05.14 16:30:35.319,0.89411,0.8943,1.00,1.00
2015.05.14 16:30:38.109,0.89411,0.89425,1.00,1.00
2015.05.14 16:30:38.210,0.89409,0.89425,1.00,1.00
2015.05.14 16:30:38.311,0.89405,0.89425,1.00,1.10
2015.05.14 16:30:38.438,0.89405,0.89425,1.00,1.47
2015.05.14 16:30:38.488,0.89402,0.89424,1.00,1.45
2015.05.14 16:30:38.539,0.89399,0.89424,1.00,1.52
2015.05.14 16:30:39.167,0.89398,0.89421,1.00,1.10
2015.05.14 16:30:39.406,0.89396,0.89421,1.57,1.10
2015.05.14 16:30:39.939,0.89397,0.89421,1.00,1.10
2015.05.14 16:30:42.896,0.89397,0.89421,1.07,1.10
2015.05.14 16:30:43.520,0.89399,0.89421,1.10,1.00
2015.05.14 16:30:45.016,0.894,0.89421,1.00,1.00
2015.05.14 16:30:45.067,0.894,0.89425,1.57,1.95
2015.05.14 16:30:45.673,0.89401,0.89425,1.15,1.87
2015.05.14 16:30:46.143,0.894,0.89425,1.57,1.57
2015.05.14 16:30:46.193,0.89405,0.89425,1.00,1.57
2015.05.14 16:30:46.674,0.89401,0.89426,2.02,1.00
2015.05.14 16:30:46.776,0.89404,0.89429,1.00,1.27
2015.05.14 16:30:46.979,0.89401,0.89424,1.15,1.00
2015.05.14 16:31:01.476,0.89399,0.89424,1.65,1.12
2015.05.14 16:31:20.300,0.89402,0.89424,1.00,1.50
2015.05.14 16:31:25.295,0.89403,0.89424,1.00,1.00
2015.05.14 16:31:29.333,0.89402,0.89424,1.00,1.50
2015.05.14 16:31:30.968,0.89402,0.89424,1.07,1.50
2015.05.14 16:31:31.517,0.89402,0.89424,2.77,1.00
2015.05.14 16:31:32.074,0.89403,0.89425,1.17,1.50
2015.05.14 16:31:32.966,0.89405,0.89425,1.07,1.50
2015.05.14 16:31:33.269,0.89407,0.89428,4.20,1.00
2015.05.14 16:31:33.728,0.89408,0.89429,2.02,1.00
2015.05.14 16:31:34.216,0.89408,0.89429,1.00,1.00
2015.05.14 16:31:34.317,0.89408,0.89425,1.00,1.00
2015.05.14 16:31:34.832,0.89405,0.89425,1.15,1.00
2015.05.14 16:31:36.618,0.89405,0.89421,1.15,1.00
2015.05.14 16:31:37.055,0.89404,0.8942,1.10,1.00
2015.05.14 16:31:37.365,0.89404,0.89424,1.10,1.00
2015.05.14 16:31:37.844,0.89407,0.89424,1.00,1.00
2015.05.14 16:31:38.362,0.89407,0.89425,1.00,1.00
2015.05.14 16:31:42.004,0.89407,0.89426,1.00,1.00
2015.05.14 16:31:42.894,0.89407,0.89425,1.00,1.00
2015.05.14 16:31:43.273,0.89409,0.89425,1.00,1.00
2015.05.14 16:31:45.827,0.89409,0.89426,1.00,1.00
2015.05.14 16:31:47.364,0.89409,0.89428,1.00,1.37
2015.05.14 16:31:47.667,0.89409,0.89425,1.00,1.00
2015.05.14 16:31:48.178,0.89407,0.89425,1.00,1.00
2015.05.14 16:31:48.886,0.89407,0.89424,1.00,1.00
2015.05.14 16:31:53.447,0.89408,0.89424,1.00,1.00
2015.05.14 16:31:53.969,0.89407,0.89425,1.00,1.00
2015.05.14 16:31:54.532,0.89407,0.89424,1.00,1.00
2015.05.14 16:31:57.200,0.89407,0.89425,1.00,1.12
2015.05.14 16:31:57.268,0.89409,0.89427,1.00,1.37
2015.05.14 16:31:57.320,0.89409,0.89427,1.00,1.00
2015.05.14 16:31:58.158,0.89409,0.8943,1.00,2.02
2015.05.14 16:31:58.940,0.89409,0.8943,1.00,2.02
2015.05.14 16:31:59.177,0.8941,0.89425,1.00,1.00
2015.05.14 16:32:00.094,0.89411,0.89425,1.00,1.00
2015.05.14 16:32:01.135,0.89411,0.8943,1.00,1.87
2015.05.14 16:32:01.237,0.89411,0.89425,1.00,1.00
2015.05.14 16:32:01.338,0.89408,0.89425,1.00,1.00
2015.05.14 16:32:01.490,0.8941,0.89425,1.00,1.00
2015.05.14 16:32:07.962,0.89411,0.89425,1.00,1.00
2015.05.14 16:32:08.278,0.89412,0.89429,1.00,1.00
2015.05.14 16:32:10.133,0.89413,0.89429,1.00,1.00
2015.05.14 16:32:10.409,0.89413,0.89431,1.00,1.00
2015.05.14 16:32:13.338,0.89413,0.8943,1.00,1.00
2015.05.14 16:32:13.491,0.89412,0.8943,1.00,2.02
2015.05.14 16:32:13.694,0.89409,0.89425,1.00,1.00
2015.05.14 16:32:15.092,0.89409,0.8942,1.00,1.00
2015.05.14 16:32:16.537,0.89407,0.8942,1.00,1.00
2015.05.14 16:32:16.702,0.89405,0.8942,1.00,1.00
2015.05.14 16:32:16.753,0.89402,0.8942,1.00,1.00
2015.05.14 16:32:18.974,0.89403,0.8942,1.00,1.00
2015.05.14 16:32:19.075,0.89405,0.8942,1.00,1.00
2015.05.14 16:32:19.177,0.89403,0.8942,1.00,1.00
2015.05.14 16:32:20.950,0.89405,0.89425,1.00,1.00
2015.05.14 16:32:21.057,0.89408,0.89425,1.00,1.00
2015.05.14 16:32:21.384,0.89408,0.8942,1.00,1.00
2015.05.14 16:32:21.841,0.89401,0.89425,1.15,1.00
2015.05.14 16:32:22.044,0.89399,0.89424,1.10,1.95
2015.05.14 16:32:26.549,0.89399,0.89423,1.10,1.00
2015.05.14 16:32:26.600,0.89401,0.89423,1.00,1.00
2015.05.14 16:32:27.508,0.89398,0.89423,1.17,1.50
2015.05.14 16:32:27.867,0.89398,0.89421,1.55,1.00
2015.05.14 16:32:28.183,0.89404,0.8942,1.00,1.00
2015.05.14 16:32:28.414,0.89402,0.8942,1.10,1.00
2015.05.14 16:32:28.521,0.89404,0.89425,1.00,1.87
2015.05.14 16:32:28.723,0.89403,0.89424,1.00,1.07
2015.05.14 16:32:29.226,0.89402,0.89424,1.00,1.50
2015.05.14 16:32:33.915,0.89403,0.89424,1.00,1.50
2015.05.14 16:32:34.423,0.89404,0.89425,1.00,1.00
2015.05.14 16:32:34.967,0.89404,0.89426,1.00,1.57
2015.05.14 16:32:36.446,0.89405,0.89425,1.00,1.00
2015.05.14 16:32:36.952,0.89405,0.89426,1.00,1.00
2015.05.14 16:32:37.387,0.89405,0.8942,1.00,1.00
2015.05.14 16:32:39.074,0.89405,0.89421,1.00,1.00
2015.05.14 16:32:39.534,0.89404,0.89425,1.10,1.00
2015.05.14 16:32:42.149,0.89404,0.8942,1.10,1.00
2015.05.14 16:32:42.758,0.89403,0.89421,1.00,1.00
2015.05.14 16:32:44.032,0.89403,0.8942,1.00,1.00
2015.05.14 16:32:47.224,0.89401,0.8942,1.10,1.00
2015.05.14 16:32:58.242,0.894,0.8942,1.00,1.10
2015.05.14 16:32:58.776,0.894,0.89419,1.00,1.12
2015.05.14 16:32:59.632,0.89399,0.89419,1.00,1.12
2015.05.14 16:33:02.070,0.89397,0.89418,1.00,1.00
2015.05.14 16:33:03.703,0.89398,0.89419,1.00,1.12
2015.05.14 16:33:03.870,0.89396,0.89419,1.00,1.12
2015.05.14 16:33:03.972,0.89396,0.89415,1.00,1.12
2015.05.14 16:33:04.073,0.89393,0.89415,1.00,1.95
2015.05.14 16:33:04.578,0.89394,0.89415,1.12,1.00
2015.05.14 16:33:04.658,0.89396,0.89415,1.00,1.00
2015.05.14 16:33:04.709,0.89395,0.89417,1.00,1.00
2015.05.14 16:33:04.961,0.89396,0.89415,1.00,1.00
2015.05.14 16:33:08.783,0.89396,0.89417,1.00,1.00
2015.05.14 16:33:09.328,0.89397,0.89419,1.00,2.70
2015.05.14 16:33:16.753,0.89397,0.89416,1.00,1.00
2015.05.14 16:33:16.905,0.89394,0.89416,1.00,1.50
2015.05.14 16:33:17.355,0.89394,0.8941,1.00,1.00
2015.05.14 16:33:17.608,0.89392,0.89413,1.20,1.00
2015.05.14 16:33:17.709,0.89392,0.89415,1.07,1.50
2015.05.14 16:33:18.335,0.89394,0.89415,1.00,1.00
2015.05.14 16:33:18.955,0.89393,0.89415,1.10,1.50
2015.05.14 16:33:19.171,0.89395,0.89415,1.00,1.87
2015.05.14 16:33:19.474,0.89393,0.89415,1.00,1.20
2015.05.14 16:33:19.631,0.89393,0.89413,1.00,1.12
2015.05.14 16:33:20.181,0.89393,0.89414,1.00,1.12
2015.05.14 16:33:20.528,0.89393,0.89412,1.00,1.00
2015.05.14 16:33:20.629,0.89393,0.89414,1.00,1.12
2015.05.14 16:33:20.730,0.89393,0.89412,1.00,1.00
2015.05.14 16:33:21.083,0.89391,0.8941,1.00,1.00
2015.05.14 16:33:23.202,0.8939,0.8941,1.00,1.00
2015.05.14 16:33:25.234,0.8939,0.8941,1.00,1.37
2015.05.14 16:33:25.285,0.89387,0.8941,1.50,1.37
2015.05.14 16:33:25.883,0.89386,0.89408,1.00,1.20
2015.05.14 16:33:25.938,0.89386,0.89408,1.00,1.95
2015.05.14 16:33:31.021,0.89387,0.89406,1.00,1.00
2015.05.14 16:33:32.160,0.89387,0.89409,1.00,2.02
2015.05.14 16:33:32.213,0.8939,0.89409,1.00,1.27
2015.05.14 16:33:32.314,0.89388,0.89409,1.00,1.27
2015.05.14 16:33:33.250,0.89388,0.89409,1.00,1.55
2015.05.14 16:33:37.358,0.89388,0.89409,1.00,2.77
2015.05.14 16:33:37.510,0.89386,0.89406,1.00,1.12
2015.05.14 16:33:56.004,0.89386,0.89409,1.10,1.00
2015.05.14 16:33:56.206,0.89386,0.89407,1.10,1.00
2015.05.14 16:33:56.510,0.89376,0.89398,1.37,1.00
2015.05.14 16:33:57.158,0.89378,0.89399,1.00,1.00
2015.05.14 16:34:01.323,0.89377,0.89399,1.00,1.00
2015.05.14 16:34:01.824,0.89376,0.89399,1.00,1.00
2015.05.14 16:34:02.271,0.89378,0.89399,1.00,1.00
2015.05.14 16:34:02.585,0.89375,0.89392,1.10,1.00
2015.05.14 16:34:04.978,0.89372,0.89391,1.55,1.00
2015.05.14 16:34:05.079,0.89372,0.89391,1.20,1.00
2015.05.14 16:34:05.230,0.89369,0.89389,1.52,1.00
2015.05.14 16:34:05.739,0.89373,0.89389,1.00,1.00
2015.05.14 16:34:08.662,0.89373,0.89389,1.37,1.00
2015.05.14 16:34:08.828,0.89373,0.89392,1.45,1.00
2015.05.14 16:34:09.082,0.89374,0.89398,1.52,1.50
2015.05.14 16:34:09.183,0.89376,0.89398,1.20,1.00
2015.05.14 16:34:09.487,0.89379,0.894,1.07,1.00
2015.05.14 16:34:11.183,0.89379,0.894,1.95,1.00
2015.05.14 16:34:11.234,0.89379,0.894,1.12,1.00
2015.05.14 16:34:13.978,0.89377,0.89398,1.17,1.00
2015.05.14 16:34:14.129,0.89376,0.894,1.15,1.12
2015.05.14 16:34:14.231,0.89376,0.894,1.00,1.10
2015.05.14 16:34:14.932,0.89375,0.894,1.20,1.57
2015.05.14 16:34:15.083,0.89375,0.894,1.20,1.50
2015.05.14 16:34:17.857,0.89378,0.89399,1.10,1.00
2015.05.14 16:34:20.894,0.89376,0.89398,1.65,1.00
2015.05.14 16:34:24.776,0.89378,0.89399,1.95,1.00
2015.05.14 16:34:25.079,0.89381,0.89402,1.27,1.00
2015.05.14 16:34:25.231,0.89383,0.89408,1.17,1.12
2015.05.14 16:34:31.473,0.8938,0.89405,2.02,1.00
2015.05.14 16:34:32.151,0.89383,0.89408,1.17,1.12
2015.05.14 16:34:34.202,0.89385,0.89408,1.00,1.00
2015.05.14 16:34:34.253,0.89386,0.8941,1.52,1.00
2015.05.14 16:34:36.792,0.89387,0.8941,1.17,1.37
2015.05.14 16:34:37.830,0.89387,0.8941,1.17,1.00
2015.05.14 16:34:41.726,0.89388,0.8941,1.07,1.50
2015.05.14 16:34:42.130,0.89391,0.8941,1.07,1.50
2015.05.14 16:34:42.399,0.89391,0.89412,1.65,1.00
2015.05.14 16:34:42.450,0.89395,0.89412,1.27,1.00
2015.05.14 16:34:42.500,0.89395,0.89414,1.27,1.00
2015.05.14 16:34:42.551,0.89395,0.89414,3.45,1.00
2015.05.14 16:34:43.086,0.89397,0.89415,1.27,1.00
2015.05.14 16:34:44.824,0.89397,0.89416,1.52,1.00
2015.05.14 16:34:44.925,0.89399,0.89419,1.52,1.00
2015.05.14 16:34:47.628,0.89396,0.89419,2.02,1.00
2015.05.14 16:34:47.729,0.89397,0.89419,1.55,1.00
2015.05.14 16:34:47.780,0.89397,0.89417,1.55,1.00
2015.05.14 16:34:47.881,0.89397,0.89419,2.02,1.00
2015.05.14 16:34:47.932,0.89397,0.89419,2.02,1.00
2015.05.14 16:34:48.924,0.89398,0.89419,1.47,1.00
2015.05.14 16:34:52.634,0.89398,0.89419,1.20,1.00
2015.05.14 16:34:53.153,0.89397,0.89418,1.27,1.00
2015.05.14 16:34:59.180,0.89396,0.89417,1.52,1.00
2015.05.14 16:35:01.182,0.89396,0.89417,1.12,1.00
2015.05.14 16:35:01.705,0.89395,0.89417,1.95,1.00
2015.05.14 16:35:02.365,0.89395,0.89417,1.95,1.00
2015.05.14 16:35:03.009,0.89395,0.89417,1.95,1.00
2015.05.14 16:35:04.497,0.89395,0.89415,1.95,1.00
2015.05.14 16:35:08.362,0.89395,0.89416,1.95,1.00
2015.05.14 16:35:08.709,0.89395,0.89416,1.27,1.00
2015.05.14 16:35:16.695,0.89396,0.89417,1.15,1.00
2015.05.14 16:35:21.197,0.89398,0.89419,1.15,1.00
2015.05.14 16:35:25.370,0.89397,0.89418,1.27,1.00
2015.05.14 16:35:25.833,0.89397,0.89418,1.27,1.00
2015.05.14 16:35:32.420,0.89397,0.89419,1.27,1.00
2015.05.14 16:35:32.863,0.894,0.8942,1.07,1.00
2015.05.14 16:35:33.116,0.89406,0.89425,1.10,1.00
2015.05.14 16:35:33.642,0.89409,0.8943,1.10,1.00
2015.05.14 16:35:34.149,0.89406,0.89431,1.65,1.50
2015.05.14 16:35:34.653,0.89406,0.8943,1.17,1.00
2015.05.14 16:35:35.007,0.89403,0.89428,1.17,1.00
2015.05.14 16:35:38.924,0.89403,0.89428,1.17,1.37
2015.05.14 16:35:39.026,0.89401,0.89426,1.15,1.37
2015.05.14 16:35:40.842,0.89401,0.89425,1.00,1.12
2015.05.14 16:35:41.384,0.89401,0.89425,1.00,1.37
2015.05.14 16:35:42.023,0.89401,0.89425,1.00,1.12
2015.05.14 16:35:44.706,0.89398,0.89423,1.65,1.00
2015.05.14 16:35:45.058,0.894,0.89425,1.20,1.50
2015.05.14 16:35:47.877,0.894,0.89425,1.10,1.57
2015.05.14 16:35:47.929,0.89398,0.89422,1.07,1.37
2015.05.14 16:35:47.979,0.89398,0.89422,1.10,1.37
2015.05.14 16:35:48.030,0.894,0.89424,1.00,1.17
2015.05.14 16:35:48.369,0.89398,0.8942,1.10,1.00
2015.05.14 16:35:48.882,0.89397,0.89419,1.65,1.00
2015.05.14 16:35:50.237,0.89397,0.89419,1.17,1.37
2015.05.14 16:35:50.338,0.89396,0.89418,1.00,1.87
2015.05.14 16:35:50.490,0.89395,0.89415,1.10,1.00
2015.05.14 16:35:51.047,0.89393,0.89415,1.12,1.50
2015.05.14 16:35:52.646,0.89393,0.89414,1.12,1.00
2015.05.14 16:35:53.577,0.89393,0.89415,1.00,1.00
2015.05.14 16:35:54.113,0.89393,0.89414,1.00,1.00
2015.05.14 16:35:54.618,0.89391,0.89413,1.07,1.12
2015.05.14 16:35:55.423,0.89386,0.89411,3.07,1.00
2015.05.14 16:35:55.474,0.89386,0.89411,1.07,1.10
2015.05.14 16:35:55.575,0.89386,0.89411,1.00,1.17
2015.05.14 16:35:56.271,0.89387,0.89411,1.07,1.07
2015.05.14 16:35:56.372,0.89389,0.89414,1.57,1.47
2015.05.14 16:35:56.423,0.89389,0.89414,1.95,1.10
2015.05.14 16:35:56.524,0.89389,0.89414,1.57,1.10
2015.05.14 16:35:56.575,0.89391,0.89415,1.07,1.20
2015.05.14 16:35:57.101,0.89393,0.89414,1.57,1.00
2015.05.14 16:35:57.202,0.89394,0.89416,1.00,1.87
2015.05.14 16:35:57.885,0.89396,0.89416,1.00,1.00
2015.05.14 16:35:58.428,0.89396,0.89417,1.00,1.00
2015.05.14 16:35:58.940,0.89396,0.89418,1.57,1.10
2015.05.14 16:35:59.142,0.89396,0.89421,2.02,1.00
2015.05.14 16:36:00.734,0.89396,0.89421,1.17,1.37
2015.05.14 16:36:00.785,0.89396,0.89421,1.00,1.52
2015.05.14 16:36:01.333,0.89395,0.8942,1.00,1.27
2015.05.14 16:36:02.290,0.89395,0.8942,1.65,1.00
2015.05.14 16:36:02.788,0.89394,0.89418,1.15,1.00
2015.05.14 16:36:03.105,0.89393,0.89414,1.50,1.00
2015.05.14 16:36:03.769,0.89391,0.89413,1.10,1.10
2015.05.14 16:36:12.752,0.89392,0.89414,1.00,2.02
2015.05.14 16:36:16.006,0.89393,0.89414,1.00,1.87
2015.05.14 16:36:16.107,0.89393,0.89414,1.00,1.87
2015.05.14 16:36:16.340,0.89387,0.89408,1.37,1.00
2015.05.14 16:36:16.441,0.89386,0.89408,1.00,1.00
2015.05.14 16:36:17.555,0.89387,0.89408,1.37,1.00
2015.05.14 16:36:17.806,0.89391,0.89415,1.27,1.00
2015.05.14 16:36:18.889,0.89393,0.89418,1.10,1.10
2015.05.14 16:36:24.302,0.89391,0.89415,1.15,1.00
2015.05.14 16:36:26.603,0.89391,0.89415,1.07,1.10
2015.05.14 16:36:26.943,0.89387,0.8941,1.07,1.00
2015.05.14 16:36:47.327,0.89387,0.8941,1.00,1.00
2015.05.14 16:36:52.930,0.89389,0.8941,1.00,1.00
2015.05.14 16:36:57.665,0.89385,0.8941,1.65,1.50
2015.05.14 16:36:59.342,0.89389,0.8941,1.00,1.50
2015.05.14 16:36:59.850,0.8939,0.8941,1.00,1.00
2015.05.14 16:37:13.534,0.8939,0.89411,1.00,1.00
2015.05.14 16:37:17.120,0.8939,0.8941,1.00,1.00
2015.05.14 16:37:18.488,0.89388,0.8941,1.10,1.00
2015.05.14 16:37:19.065,0.89383,0.89408,2.02,1.00
2015.05.14 16:37:19.117,0.89383,0.89408,1.65,1.12
2015.05.14 16:37:19.168,0.89383,0.89405,1.65,1.00
2015.05.14 16:37:19.219,0.89383,0.89404,1.00,1.00
2015.05.14 16:37:19.727,0.89385,0.89405,1.12,1.50
2015.05.14 16:37:20.022,0.89385,0.8941,2.02,1.50
2015.05.14 16:37:33.786,0.89385,0.8941,2.02,1.00
2015.05.14 16:37:33.837,0.89388,0.89413,1.27,1.00
2015.05.14 16:37:34.002,0.89384,0.89411,1.55,1.17
2015.05.14 16:37:34.154,0.89384,0.89405,1.55,1.00
2015.05.14 16:37:34.457,0.89389,0.89405,1.00,1.00
2015.05.14 16:37:38.617,0.8939,0.89405,1.00,1.00
2015.05.14 16:37:38.839,0.8939,0.89411,1.12,1.17
2015.05.14 16:37:39.352,0.89391,0.89411,1.00,1.00
2015.05.14 16:37:40.421,0.89391,0.89406,1.87,1.00
2015.05.14 16:37:41.011,0.89392,0.89406,1.00,1.00
2015.05.14 16:37:41.935,0.89392,0.89405,1.00,1.00
2015.05.14 16:37:42.339,0.8939,0.89406,1.00,1.00
2015.05.14 16:37:42.390,0.8939,0.894,1.00,1.00
2015.05.14 16:37:42.600,0.89389,0.89405,1.00,1.00
2015.05.14 16:37:43.134,0.89387,0.89405,1.17,1.00
2015.05.14 16:37:44.777,0.89388,0.8941,1.20,1.50
2015.05.14 16:37:45.390,0.89389,0.8941,1.00,1.50
2015.05.14 16:37:46.289,0.89391,0.8941,1.00,1.50
2015.05.14 16:37:48.842,0.8939,0.8941,1.00,1.00
2015.05.14 16:37:50.451,0.8939,0.89405,1.00,1.00
2015.05.14 16:37:50.771,0.89392,0.89405,1.00,1.00
2015.05.14 16:37:51.291,0.89393,0.89405,1.00,1.00
2015.05.14 16:37:54.391,0.89392,0.89411,1.00,1.00
2015.05.14 16:37:54.906,0.89392,0.8941,1.00,1.00
2015.05.14 16:37:55.502,0.89391,0.8941,1.00,1.00
2015.05.14 16:38:01.807,0.89392,0.8941,1.07,1.00
2015.05.14 16:38:01.857,0.89392,0.89413,1.45,1.00
2015.05.14 16:38:01.909,0.89392,0.89415,1.52,1.00
2015.05.14 16:38:02.455,0.89393,0.89415,1.20,1.00
2015.05.14 16:38:03.434,0.89396,0.89415,1.00,1.00
2015.05.14 16:38:03.485,0.8939,0.89415,1.15,1.50
2015.05.14 16:38:03.738,0.89393,0.8941,1.20,1.00
2015.05.14 16:38:03.839,0.8939,0.89415,1.15,1.87
2015.05.14 16:38:03.890,0.89391,0.89412,1.15,1.00
2015.05.14 16:38:04.026,0.89391,0.89412,1.10,1.00
2015.05.14 16:38:04.127,0.89393,0.89413,1.00,1.00
2015.05.14 16:38:04.705,0.89393,0.8941,1.50,1.00
2015.05.14 16:38:04.957,0.89394,0.89415,1.00,1.00
2015.05.14 16:38:05.534,0.89395,0.89415,1.00,1.00
2015.05.14 16:38:06.324,0.89396,0.89415,1.00,1.00
2015.05.14 16:38:07.879,0.89393,0.89415,1.17,1.00
2015.05.14 16:38:08.031,0.8939,0.89414,1.17,1.00
2015.05.14 16:38:08.676,0.89392,0.89415,1.00,1.00
2015.05.14 16:38:13.618,0.89391,0.89415,1.10,1.50
2015.05.14 16:38:14.169,0.89392,0.89415,1.00,1.00
2015.05.14 16:38:27.484,0.8939,0.89414,1.55,1.00
2015.05.14 16:38:27.636,0.89391,0.89416,1.95,1.57
2015.05.14 16:38:27.788,0.89394,0.89416,1.00,1.10
2015.05.14 16:38:29.026,0.89394,0.89415,1.00,1.00
2015.05.14 16:38:33.329,0.89394,0.89416,1.00,1.00
2015.05.14 16:38:33.379,0.89392,0.89416,1.10,1.00
2015.05.14 16:38:34.954,0.89392,0.89415,1.10,1.00
2015.05.14 16:38:41.462,0.8939,0.89414,1.15,1.37
2015.05.14 16:38:41.623,0.89388,0.8941,1.00,1.00
2015.05.14 16:38:41.978,0.89387,0.89408,1.20,1.00
2015.05.14 16:38:44.084,0.89387,0.89405,1.20,1.00
2015.05.14 16:38:47.607,0.89388,0.89409,1.50,1.00
2015.05.14 16:38:47.657,0.89388,0.89409,2.62,1.00
2015.05.14 16:38:47.708,0.89388,0.89413,2.02,1.00
2015.05.14 16:38:47.759,0.89392,0.89415,1.00,1.10
2015.05.14 16:38:47.860,0.89389,0.89414,1.55,1.00
2015.05.14 16:38:49.601,0.89389,0.8941,1.55,1.00
2015.05.14 16:38:49.906,0.89389,0.89405,1.00,1.00
2015.05.14 16:38:54.509,0.89386,0.89405,2.02,1.00
2015.05.14 16:39:02.743,0.89386,0.89405,2.62,1.00
2015.05.14 16:39:04.445,0.89386,0.89409,2.62,1.00
2015.05.14 16:39:04.496,0.8939,0.89409,1.00,1.00
2015.05.14 16:39:04.597,0.89388,0.89409,1.95,1.00
2015.05.14 16:39:04.716,0.89391,0.89414,1.20,1.00
2015.05.14 16:39:04.818,0.89392,0.89415,1.15,1.00
2015.05.14 16:39:10.236,0.89392,0.89415,1.52,1.00
2015.05.14 16:39:10.578,0.89396,0.89415,1.00,1.00
2015.05.14 16:39:11.813,0.89397,0.89416,1.00,1.00
2015.05.14 16:39:12.351,0.89397,0.89415,1.00,1.00
2015.05.14 16:39:13.355,0.89397,0.89415,1.17,1.00
2015.05.14 16:39:16.450,0.89393,0.89415,1.65,1.50
2015.05.14 16:39:16.652,0.89393,0.89413,1.17,1.00
2015.05.14 16:39:17.184,0.89393,0.89414,1.65,1.00
2015.05.14 16:39:18.143,0.89394,0.89415,2.32,1.00
2015.05.14 16:39:18.701,0.89394,0.89414,1.95,1.00
2015.05.14 16:39:20.214,0.89395,0.89414,1.00,1.00
2015.05.14 16:39:21.012,0.89394,0.89414,1.57,1.00
2015.05.14 16:39:22.588,0.89392,0.89405,1.15,1.00
2015.05.14 16:39:22.741,0.89392,0.8941,1.00,1.00
2015.05.14 16:39:23.250,0.89391,0.8941,1.10,1.00
2015.05.14 16:39:23.786,0.89391,0.89411,1.10,1.50
2015.05.14 16:39:24.044,0.89394,0.8941,1.00,1.00
2015.05.14 16:39:24.146,0.89394,0.89413,1.00,1.00
2015.05.14 16:39:24.248,0.89394,0.89414,1.55,1.00
2015.05.14 16:39:24.462,0.89399,0.89421,1.15,1.00
2015.05.14 16:39:24.513,0.89403,0.89421,1.00,1.00
2015.05.14 16:39:25.255,0.89403,0.89424,1.00,1.00
2015.05.14 16:39:25.356,0.89403,0.8942,1.00,1.00
2015.05.14 16:39:25.906,0.89401,0.8942,1.65,1.00
2015.05.14 16:39:31.556,0.89399,0.8942,1.00,1.00
2015.05.14 16:39:31.658,0.89399,0.89418,1.00,1.00
2015.05.14 16:39:31.869,0.89394,0.89418,1.17,1.00
2015.05.14 16:39:32.556,0.89396,0.89418,1.27,1.00
2015.05.14 16:39:32.657,0.89397,0.89421,1.17,1.00
2015.05.14 16:39:33.425,0.89396,0.8942,1.27,1.00
2015.05.14 16:39:33.974,0.89397,0.89421,1.17,1.00
2015.05.14 16:39:36.913,0.89396,0.89418,1.15,1.00
2015.05.14 16:39:38.024,0.89396,0.8942,2.40,1.50
2015.05.14 16:39:39.718,0.89396,0.89421,1.15,1.50
2015.05.14 16:39:39.819,0.89394,0.89418,1.15,1.00
2015.05.14 16:39:45.216,0.89394,0.89418,1.17,1.00
2015.05.14 16:39:47.824,0.89395,0.8942,1.10,1.57
2015.05.14 16:39:49.599,0.89395,0.8942,1.47,1.57
2015.05.14 16:39:49.700,0.89396,0.8942,1.27,1.50
2015.05.14 16:39:58.809,0.89395,0.8942,1.10,1.10
2015.05.14 16:39:59.125,0.89393,0.89417,1.27,1.00
2015.05.14 16:39:59.964,0.89395,0.8942,1.10,1.10
2015.05.14 16:40:00.615,0.89397,0.8942,1.27,1.50
2015.05.14 16:40:04.361,0.89398,0.89419,1.17,1.00
2015.05.14 16:40:04.880,0.89396,0.89418,1.27,1.00
2015.05.14 16:40:08.660,0.89395,0.8942,1.15,1.87
2015.05.14 16:40:08.761,0.89395,0.8942,1.10,1.95
2015.05.14 16:40:13.203,0.89393,0.89418,2.02,1.00
2015.05.14 16:40:18.383,0.89391,0.89415,1.52,1.00
2015.05.14 16:40:27.483,0.89394,0.89419,1.17,1.00
2015.05.14 16:40:29.271,0.89394,0.89419,1.10,1.10
2015.05.14 16:40:29.835,0.89394,0.89419,1.95,1.10
2015.05.14 16:40:30.344,0.89397,0.89419,1.27,1.50
2015.05.14 16:40:41.989,0.89397,0.89419,1.00,1.50
2015.05.14 16:40:42.191,0.89394,0.89419,1.17,1.00
2015.05.14 16:40:42.293,0.89394,0.89419,1.00,1.17
2015.05.14 16:40:43.395,0.89392,0.89416,1.07,1.00
2015.05.14 16:40:48.445,0.89394,0.89419,2.02,1.00
2015.05.14 16:40:48.960,0.89396,0.89418,1.95,1.00
2015.05.14 16:40:49.660,0.89396,0.89418,1.95,1.00
2015.05.14 16:40:53.146,0.89396,0.89418,1.10,1.00
2015.05.14 16:41:01.653,0.89395,0.89417,1.17,1.50
2015.05.14 16:41:02.159,0.89395,0.89417,1.00,1.50
2015.05.14 16:41:04.336,0.89394,0.89415,1.00,1.00
2015.05.14 16:41:04.563,0.89392,0.89415,1.50,1.95
2015.05.14 16:41:04.614,0.89392,0.89413,1.00,1.00
2015.05.14 16:41:05.138,0.89391,0.89413,1.00,1.50
2015.05.14 16:41:06.342,0.89391,0.89413,1.00,2.02
2015.05.14 16:41:06.393,0.89389,0.89411,1.00,1.00
2015.05.14 16:41:08.195,0.89388,0.8941,1.50,1.00
2015.05.14 16:41:11.929,0.89389,0.89411,1.00,1.50
2015.05.14 16:41:15.075,0.89388,0.8941,1.87,1.00
2015.05.14 16:41:16.539,0.89387,0.89409,1.10,1.00
2015.05.14 16:41:18.911,0.89387,0.89409,1.47,1.00
2015.05.14 16:41:19.419,0.89388,0.8941,1.12,2.25
2015.05.14 16:41:21.836,0.89387,0.89409,1.47,1.00
2015.05.14 16:41:22.385,0.89388,0.8941,1.00,2.25
2015.05.14 16:41:22.890,0.89388,0.89409,1.00,1.10
2015.05.14 16:41:23.396,0.89387,0.89408,1.00,1.00
2015.05.14 16:41:23.914,0.89386,0.89408,1.00,1.50
2015.05.14 16:41:24.656,0.89385,0.89407,1.00,1.00
2015.05.14 16:41:28.845,0.89385,0.89405,1.00,1.00
2015.05.14 16:41:30.080,0.89386,0.89408,1.00,1.50
2015.05.14 16:41:38.186,0.89386,0.89408,1.00,1.87
2015.05.14 16:41:39.322,0.89386,0.89405,1.00,1.00
2015.05.14 16:41:39.652,0.89384,0.89405,1.00,1.00
2015.05.14 16:41:48.875,0.89385,0.89405,1.00,1.00
2015.05.14 16:41:49.834,0.89383,0.89405,1.87,1.00
2015.05.14 16:42:04.842,0.89383,0.89406,1.50,2.32
2015.05.14 16:42:05.585,0.89383,0.89405,1.50,1.00
2015.05.14 16:42:05.889,0.89382,0.89404,1.00,1.37
2015.05.14 16:42:06.216,0.8938,0.89401,1.07,1.00
2015.05.14 16:42:06.623,0.89382,0.89404,1.10,1.12
2015.05.14 16:42:06.724,0.89385,0.89405,1.00,1.00
2015.05.14 16:42:07.049,0.89389,0.89405,1.45,1.00
2015.05.14 16:42:07.150,0.89392,0.8941,1.50,1.00
2015.05.14 16:42:07.352,0.89393,0.89415,1.10,1.12
2015.05.14 16:42:09.451,0.89393,0.8941,1.00,1.00
2015.05.14 16:42:11.414,0.89392,0.8941,1.00,1.00
2015.05.14 16:42:11.465,0.89392,0.89414,1.00,1.37
2015.05.14 16:42:12.121,0.89392,0.8941,1.00,1.00
2015.05.14 16:42:13.072,0.89389,0.8941,1.65,1.00
2015.05.14 16:42:13.444,0.89389,0.8941,1.00,1.87
2015.05.14 16:42:13.495,0.89385,0.8941,1.65,1.87
2015.05.14 16:42:17.029,0.89385,0.89405,1.65,1.00
2015.05.14 16:42:17.180,0.89385,0.8941,2.02,1.50
2015.05.14 16:42:17.686,0.89389,0.8941,1.12,1.00
2015.05.14 16:42:18.226,0.89389,0.8941,1.27,1.00
2015.05.14 16:42:20.736,0.89389,0.8941,1.12,1.00
2015.05.14 16:42:20.787,0.8939,0.89405,1.00,1.00
2015.05.14 16:42:21.008,0.89388,0.8941,1.00,1.12
2015.05.14 16:42:21.211,0.8939,0.8941,1.00,1.00
2015.05.14 16:42:21.780,0.89387,0.8941,1.10,1.87
2015.05.14 16:42:22.310,0.89386,0.89405,1.00,1.00
2015.05.14 16:42:22.815,0.89387,0.89405,1.00,1.00
2015.05.14 16:42:22.866,0.89387,0.8941,1.00,2.77
2015.05.14 16:42:23.478,0.89388,0.8941,1.00,1.12
2015.05.14 16:42:23.580,0.89389,0.8941,1.00,1.87
2015.05.14 16:42:23.943,0.89386,0.89405,1.17,1.00
2015.05.14 16:42:24.419,0.89386,0.8941,1.17,1.37
2015.05.14 16:42:29.425,0.89385,0.8941,1.65,2.62
2015.05.14 16:42:29.729,0.89385,0.8941,1.87,2.77
2015.05.14 16:42:29.830,0.89385,0.89409,2.40,1.00
2015.05.14 16:42:30.145,0.894,0.8942,1.00,1.12
2015.05.14 16:42:30.674,0.89399,0.8942,1.00,1.12
2015.05.14 16:42:31.102,0.89397,0.89418,1.50,1.00
2015.05.14 16:42:31.405,0.89394,0.89415,1.00,1.00
2015.05.14 16:42:31.767,0.89392,0.8941,1.12,1.00
2015.05.14 16:42:33.055,0.89391,0.8941,1.87,1.00
2015.05.14 16:42:37.714,0.89392,0.8941,1.00,1.00
2015.05.14 16:42:38.363,0.89391,0.8941,1.00,1.00
2015.05.14 16:42:43.095,0.89391,0.89411,1.00,1.00
2015.05.14 16:42:43.604,0.89391,0.8941,1.00,1.00
2015.05.14 16:42:45.549,0.89391,0.89406,1.00,1.00
2015.05.14 16:42:45.844,0.89391,0.8941,1.00,1.00
2015.05.14 16:42:46.214,0.89391,0.89406,1.00,1.00
2015.05.14 16:42:50.048,0.89391,0.89405,1.00,1.00
2015.05.14 16:42:51.037,0.89391,0.8941,1.00,1.00
2015.05.14 16:42:51.240,0.89391,0.89405,1.00,1.00
2015.05.14 16:42:52.533,0.89392,0.89405,1.00,1.00
2015.05.14 16:42:53.545,0.89393,0.89405,1.00,1.00
2015.05.14 16:42:54.522,0.89396,0.89405,1.00,1.00
2015.05.14 16:42:54.674,0.89396,0.8941,1.00,1.00
2015.05.14 16:42:55.512,0.89397,0.8941,1.00,1.00
2015.05.14 16:42:56.618,0.89398,0.8941,1.00,1.00
2015.05.14 16:42:57.185,0.89397,0.8941,1.00,1.00
2015.05.14 16:42:58.517,0.89397,0.89411,1.00,1.00
2015.05.14 16:42:59.092,0.89398,0.8941,1.00,1.00
2015.05.14 16:42:59.603,0.894,0.89415,1.35,1.00
2015.05.14 16:42:59.856,0.89399,0.8941,2.85,1.00
2015.05.14 16:43:02.369,0.89396,0.89415,1.00,1.00
2015.05.14 16:43:02.934,0.89393,0.89415,1.52,1.00
2015.05.14 16:43:03.490,0.89396,0.89415,1.00,1.00
2015.05.14 16:43:04.021,0.89397,0.89415,1.00,1.00
2015.05.14 16:43:04.447,0.89396,0.8941,1.00,1.00
2015.05.14 16:43:04.954,0.89395,0.8941,1.00,1.00
2015.05.14 16:43:05.688,0.89396,0.8941,1.00,1.00
2015.05.14 16:43:05.790,0.89396,0.89415,1.00,1.00
2015.05.14 16:43:05.891,0.89397,0.8941,1.00,1.00
2015.05.14 16:43:05.942,0.89395,0.8941,1.00,1.00
2015.05.14 16:43:06.463,0.89394,0.8941,1.00,1.00
2015.05.14 16:43:12.288,0.89393,0.8941,1.00,1.00
2015.05.14 16:43:13.099,0.89394,0.8941,1.00,1.00
2015.05.14 16:43:13.670,0.89395,0.8941,1.00,1.00
2015.05.14 16:43:16.313,0.89395,0.89411,1.00,1.00
2015.05.14 16:43:17.255,0.89396,0.89411,1.00,1.00
2015.05.14 16:43:19.882,0.89396,0.8941,1.00,1.00
2015.05.14 16:43:27.104,0.89396,0.89411,1.00,1.00
2015.05.14 16:43:32.830,0.89396,0.8941,1.00,1.00
2015.05.14 16:43:33.760,0.89397,0.8941,1.00,1.00
2015.05.14 16:43:41.904,0.89396,0.8941,1.00,1.00
2015.05.14 16:43:50.804,0.89397,0.8941,1.00,1.00
2015.05.14 16:43:51.438,0.89398,0.8941,1.00,1.00
2015.05.14 16:43:53.201,0.89397,0.8941,1.00,1.00
2015.05.14 16:43:54.536,0.89396,0.8941,1.00,1.00
2015.05.14 16:43:57.730,0.89394,0.8941,1.00,1.00
2015.05.14 16:44:05.407,0.89393,0.8941,1.00,1.47
2015.05.14 16:44:05.660,0.89383,0.89408,1.00,1.27
2015.05.14 16:44:05.711,0.89383,0.89408,1.00,1.27
2015.05.14 16:44:06.089,0.89385,0.894,1.00,1.00
2015.05.14 16:44:06.592,0.89384,0.89401,1.00,1.10
2015.05.14 16:44:06.744,0.89381,0.89401,1.00,1.10
2015.05.14 16:44:07.214,0.89383,0.89404,1.00,2.02
2015.05.14 16:44:09.042,0.89384,0.89404,1.00,1.15
2015.05.14 16:44:09.564,0.89383,0.89404,1.00,1.15
2015.05.14 16:44:09.614,0.89383,0.89404,1.00,1.10
2015.05.14 16:44:10.957,0.89384,0.89405,1.00,1.65
2015.05.14 16:44:11.109,0.89385,0.89405,1.00,1.27
2015.05.14 16:44:11.672,0.89385,0.894,1.00,1.00
2015.05.14 16:44:14.681,0.89386,0.89405,1.00,1.17
2015.05.14 16:44:14.782,0.8939,0.89405,1.00,1.00
2015.05.14 16:44:15.468,0.89389,0.89405,1.00,1.00
2015.05.14 16:44:17.980,0.8939,0.89405,1.00,1.00
2015.05.14 16:44:18.592,0.89389,0.89405,1.00,1.00
2015.05.14 16:44:19.107,0.8939,0.89405,1.00,1.00
2015.05.14 16:44:19.643,0.8939,0.89406,1.00,1.00
2015.05.14 16:44:34.631,0.8939,0.89405,1.00,1.00
2015.05.14 16:44:39.553,0.89389,0.89405,1.00,1.00
2015.05.14 16:44:40.448,0.89389,0.89406,1.00,1.00
2015.05.14 16:44:48.090,0.8939,0.89406,1.00,1.00
2015.05.14 16:44:55.245,0.8939,0.89409,1.00,1.20
2015.05.14 16:44:55.299,0.89392,0.89409,1.00,1.10
2015.05.14 16:44:55.602,0.8939,0.894,1.00,1.00
2015.05.14 16:44:55.703,0.89386,0.894,1.00,1.00
2015.05.14 16:44:58.440,0.89386,0.89405,1.00,1.10
2015.05.14 16:44:59.168,0.89387,0.89406,1.00,1.00
2015.05.14 16:45:00.453,0.89387,0.894,1.00,1.00
2015.05.14 16:45:00.503,0.89387,0.89405,1.00,1.00
2015.05.14 16:45:06.444,0.89387,0.894,1.00,1.00
2015.05.14 16:45:08.692,0.89385,0.894,1.00,1.00
2015.05.14 16:45:12.804,0.89385,0.89401,1.00,1.00
2015.05.14 16:45:14.585,0.89385,0.894,1.00,1.00
2015.05.14 16:45:14.915,0.89385,0.89405,1.00,1.95
2015.05.14 16:45:15.524,0.89385,0.89405,1.00,1.95
2015.05.14 16:45:16.227,0.89385,0.89405,1.00,1.95
2015.05.14 16:45:17.567,0.89385,0.89403,1.00,1.00
2015.05.14 16:45:17.618,0.89385,0.89405,1.00,1.95
2015.05.14 16:45:18.178,0.89386,0.89405,1.00,1.10
2015.05.14 16:45:19.455,0.89386,0.89404,1.00,1.00
2015.05.14 16:45:19.889,0.89386,0.894,1.00,1.00
2015.05.14 16:45:20.396,0.89385,0.894,1.00,1.00
2015.05.14 16:45:22.239,0.89387,0.894,1.00,1.00
2015.05.14 16:45:24.836,0.89383,0.894,1.00,1.00
2015.05.14 16:45:24.937,0.89383,0.89395,1.00,1.00
2015.05.14 16:45:25.089,0.89381,0.89395,1.00,1.00
2015.05.14 16:45:25.736,0.8938,0.89395,1.00,1.00
2015.05.14 16:45:25.787,0.8938,0.8939,1.00,1.00
2015.05.14 16:45:25.838,0.89376,0.8939,1.00,1.00
2015.05.14 16:45:25.939,0.89373,0.8939,1.00,1.00
2015.05.14 16:45:26.091,0.8937,0.8939,1.00,1.00
2015.05.14 16:45:26.635,0.89369,0.8939,2.02,1.50
2015.05.14 16:45:26.737,0.89373,0.8939,1.00,1.00
2015.05.14 16:45:26.787,0.89373,0.89394,1.00,1.50
2015.05.14 16:45:28.358,0.89373,0.8939,1.00,1.00
2015.05.14 16:45:28.910,0.89372,0.8939,1.00,1.00
2015.05.14 16:45:29.871,0.89371,0.8939,2.25,1.00
2015.05.14 16:45:31.362,0.89373,0.8939,1.00,1.00
2015.05.14 16:45:33.071,0.89373,0.89394,1.00,1.00
2015.05.14 16:45:33.323,0.89373,0.89395,1.47,1.00
2015.05.14 16:45:33.452,0.89373,0.894,1.95,2.02
2015.05.14 16:45:33.973,0.89374,0.894,1.00,2.02
2015.05.14 16:45:34.411,0.89374,0.89394,1.00,1.00
2015.05.14 16:45:34.732,0.89373,0.8939,1.57,1.00
2015.05.14 16:45:35.322,0.89372,0.8939,2.25,1.00
2015.05.14 16:45:37.043,0.89373,0.8939,1.00,1.00
2015.05.14 16:45:37.160,0.89373,0.89394,1.00,1.00
2015.05.14 16:45:37.617,0.89374,0.89399,1.12,1.17
2015.05.14 16:45:37.769,0.89377,0.894,1.00,1.27
2015.05.14 16:45:39.612,0.89373,0.89398,1.95,1.10
2015.05.14 16:45:40.128,0.89373,0.89398,1.95,1.10
2015.05.14 16:45:40.416,0.89373,0.89398,1.65,1.10
2015.05.14 16:45:40.467,0.89376,0.894,1.17,1.00
2015.05.14 16:45:40.720,0.89377,0.894,1.55,1.00
2015.05.14 16:45:41.290,0.89381,0.894,1.00,1.00
2015.05.14 16:45:41.843,0.89381,0.894,1.17,1.00
2015.05.14 16:45:42.459,0.8938,0.894,1.50,1.00
2015.05.14 16:45:42.663,0.89378,0.89398,1.00,1.37
2015.05.14 16:45:42.815,0.89373,0.89398,1.50,1.52
2015.05.14 16:45:42.916,0.89373,0.89394,1.00,1.17
2015.05.14 16:45:43.183,0.89373,0.89398,1.00,1.52
2015.05.14 16:45:43.743,0.89376,0.89398,1.00,1.07
2015.05.14 16:45:43.794,0.89376,0.894,1.00,2.02
2015.05.14 16:45:43.976,0.89376,0.894,1.10,1.87
2015.05.14 16:45:44.502,0.89377,0.894,1.00,1.87
2015.05.14 16:45:46.707,0.89378,0.894,1.00,1.87
2015.05.14 16:45:51.516,0.89377,0.894,1.00,1.50
2015.05.14 16:45:53.427,0.8938,0.894,1.00,1.50
2015.05.14 16:45:54.432,0.8938,0.89401,1.00,1.10
2015.05.14 16:45:55.998,0.89378,0.89401,1.50,1.10
2015.05.14 16:45:56.100,0.89378,0.89399,1.00,1.00
2015.05.14 16:45:56.411,0.89377,0.89398,1.00,1.47
2015.05.14 16:45:57.653,0.89377,0.89398,1.00,1.10
2015.05.14 16:46:00.621,0.89377,0.89399,1.00,1.00
2015.05.14 16:46:03.432,0.89377,0.894,1.00,1.87
2015.05.14 16:46:04.892,0.89379,0.894,1.00,1.00
2015.05.14 16:46:08.187,0.89378,0.89399,1.00,1.00
2015.05.14 16:46:12.714,0.89379,0.894,1.00,1.50
2015.05.14 16:46:19.864,0.89378,0.89399,1.00,1.00
2015.05.14 16:46:21.953,0.89379,0.894,1.00,1.50
2015.05.14 16:46:26.044,0.8938,0.89401,1.00,1.00
2015.05.14 16:46:29.652,0.89379,0.89401,1.50,1.50
2015.05.14 16:46:31.270,0.89379,0.894,1.00,1.07
2015.05.14 16:46:31.422,0.89376,0.89398,1.00,1.57
2015.05.14 16:46:32.406,0.89376,0.89397,1.50,1.00
2015.05.14 16:46:33.363,0.89376,0.89396,1.00,1.00
2015.05.14 16:46:33.898,0.89375,0.89396,1.00,1.00
2015.05.14 16:46:34.401,0.89375,0.89395,1.00,1.00
2015.05.14 16:46:34.503,0.89376,0.89397,1.12,1.00
2015.05.14 16:46:34.768,0.89379,0.89399,1.00,1.17
2015.05.14 16:46:34.870,0.89376,0.89399,1.87,1.17
2015.05.14 16:46:38.422,0.89377,0.89398,1.00,1.10
2015.05.14 16:46:38.533,0.89379,0.894,1.00,1.15
2015.05.14 16:46:41.327,0.89378,0.89401,1.00,1.00
2015.05.14 16:46:41.479,0.8938,0.894,1.37,1.00
2015.05.14 16:46:41.631,0.89385,0.89406,1.00,1.07
2015.05.14 16:46:41.732,0.89386,0.89408,1.00,1.10
2015.05.14 16:46:42.574,0.89386,0.89405,1.50,1.00
2015.05.14 16:46:42.693,0.89384,0.89405,1.50,2.25
2015.05.14 16:46:43.309,0.89385,0.89406,1.00,2.02
2015.05.14 16:46:45.572,0.89383,0.89405,1.00,1.65
2015.05.14 16:46:48.363,0.89384,0.89405,1.00,1.20
2015.05.14 16:46:48.627,0.8938,0.89405,1.87,1.65
2015.05.14 16:46:50.502,0.8938,0.89401,1.00,1.00
2015.05.14 16:46:50.953,0.89379,0.89404,1.50,1.00
2015.05.14 16:46:51.732,0.8938,0.89404,1.00,1.00
2015.05.14 16:46:52.270,0.89379,0.89404,1.87,1.00
2015.05.14 16:46:55.513,0.89379,0.89404,1.87,1.00
2015.05.14 16:47:00.454,0.89379,0.89404,1.87,1.07
2015.05.14 16:47:00.761,0.89378,0.89401,1.00,1.10
2015.05.14 16:47:01.910,0.89377,0.89401,1.00,1.10
2015.05.14 16:47:02.521,0.89376,0.89401,1.20,1.10
2015.05.14 16:47:07.072,0.89377,0.89401,1.00,1.10
2015.05.14 16:47:07.853,0.89376,0.89401,1.10,1.10
2015.05.14 16:47:12.429,0.89374,0.89401,1.27,1.47
2015.05.14 16:47:12.479,0.89374,0.89401,1.12,1.52
2015.05.14 16:47:12.782,0.89375,0.89395,1.00,1.17
2015.05.14 16:47:13.302,0.89373,0.89394,1.00,1.10
2015.05.14 16:47:22.184,0.89373,0.89394,1.00,1.07
2015.05.14 16:47:22.235,0.89371,0.89393,1.50,1.15
2015.05.14 16:47:22.387,0.89371,0.8939,1.00,1.52
2015.05.14 16:47:22.438,0.89369,0.8939,1.00,2.02
2015.05.14 16:47:23.025,0.8937,0.8939,1.00,1.15
2015.05.14 16:47:27.643,0.89369,0.8939,1.00,1.15
2015.05.14 16:47:33.819,0.89369,0.8939,1.00,1.65
2015.05.14 16:47:33.921,0.89367,0.89388,1.00,1.15
2015.05.14 16:47:34.432,0.89369,0.8939,1.00,3.82
2015.05.14 16:47:41.937,0.89368,0.89389,1.00,1.27
2015.05.14 16:47:49.063,0.89367,0.89388,1.00,1.65
2015.05.14 16:47:54.339,0.89367,0.89388,1.00,1.65
2015.05.14 16:47:55.564,0.89368,0.89388,1.00,1.15
2015.05.14 16:47:57.227,0.89366,0.89388,1.00,2.02
2015.05.14 16:47:57.969,0.89363,0.89388,1.00,1.15
2015.05.14 16:47:58.020,0.89361,0.89383,1.47,1.00
2015.05.14 16:47:58.525,0.89361,0.89386,1.12,1.15
2015.05.14 16:48:01.564,0.89361,0.89386,1.00,6.37
2015.05.14 16:48:03.483,0.89361,0.89381,1.00,1.00
2015.05.14 16:48:04.017,0.8936,0.8938,1.00,1.00
2015.05.14 16:48:04.168,0.89358,0.89379,1.00,1.10
2015.05.14 16:48:04.710,0.89357,0.89378,1.00,1.00
2015.05.14 16:48:05.240,0.89357,0.89382,1.00,1.15
2015.05.14 16:48:10.169,0.89357,0.89378,1.50,1.00
2015.05.14 16:48:10.843,0.89357,0.89377,1.00,1.00
2015.05.14 16:48:11.102,0.89357,0.89379,1.00,1.10
2015.05.14 16:48:14.614,0.89358,0.89379,1.00,1.00
2015.05.14 16:48:14.818,0.89359,0.89381,1.00,1.00
2015.05.14 16:48:14.919,0.89358,0.89379,1.00,1.00
2015.05.14 16:48:19.079,0.89358,0.89381,1.00,1.00
2015.05.14 16:48:19.629,0.89358,0.8938,1.00,1.00
2015.05.14 16:48:20.231,0.89359,0.8938,1.00,1.00
2015.05.14 16:48:22.074,0.8936,0.8938,1.00,1.00
2015.05.14 16:48:24.954,0.89359,0.89382,1.12,1.10
2015.05.14 16:48:25.055,0.89359,0.8938,1.12,1.00
2015.05.14 16:48:33.034,0.8936,0.8938,1.00,1.00
2015.05.14 16:48:38.252,0.89361,0.8938,1.00,1.00
2015.05.14 16:48:43.214,0.8936,0.8938,1.00,1.00
2015.05.14 16:48:44.753,0.89359,0.8938,1.50,1.50
2015.05.14 16:48:44.992,0.89361,0.89383,1.50,1.12
2015.05.14 16:48:45.042,0.89364,0.89386,1.00,2.02
2015.05.14 16:48:45.245,0.89365,0.89386,1.00,1.57
2015.05.14 16:48:45.767,0.89366,0.89386,1.00,1.10
2015.05.14 16:48:47.287,0.89367,0.89387,1.00,1.27
2015.05.14 16:48:48.260,0.89366,0.89387,1.00,2.02
2015.05.14 16:48:48.763,0.89365,0.89387,1.00,2.02
2015.05.14 16:48:49.245,0.89368,0.89388,1.00,1.87
2015.05.14 16:48:49.733,0.89368,0.89388,1.00,1.37
2015.05.14 16:48:49.784,0.89366,0.89388,1.00,1.87
2015.05.14 16:48:49.885,0.89366,0.89384,1.00,1.00
2015.05.14 16:48:50.150,0.89363,0.89388,1.15,1.00
2015.05.14 16:48:50.201,0.89364,0.89391,1.55,1.27
2015.05.14 16:48:50.252,0.89364,0.89391,1.52,1.12
2015.05.14 16:48:50.851,0.89368,0.89393,1.00,1.27
2015.05.14 16:49:01.365,0.8937,0.89395,1.10,2.70
2015.05.14 16:49:04.295,0.89371,0.89395,1.00,1.95
2015.05.14 16:49:04.447,0.89373,0.89395,1.00,1.00
2015.05.14 16:49:04.786,0.89373,0.89398,1.12,1.00
2015.05.14 16:49:04.836,0.89373,0.89398,1.95,1.00
2015.05.14 16:49:04.887,0.89376,0.894,1.10,1.12
2015.05.14 16:49:06.248,0.89373,0.89398,2.02,1.00
2015.05.14 16:49:09.136,0.89373,0.89398,1.27,1.10
2015.05.14 16:49:09.187,0.89373,0.89398,1.20,1.10
2015.05.14 16:49:09.288,0.89373,0.89395,1.10,1.00
2015.05.14 16:49:12.062,0.89373,0.89398,1.10,1.10
2015.05.14 16:49:18.516,0.89373,0.89395,1.10,1.00
2015.05.14 16:49:18.870,0.8937,0.89395,1.10,1.57
2015.05.14 16:49:19.761,0.8937,0.89395,1.10,2.70
2015.05.14 16:49:21.299,0.8937,0.89395,1.10,2.32
2015.05.14 16:49:21.660,0.89373,0.89395,1.10,1.00
2015.05.14 16:49:21.963,0.89375,0.89396,1.95,1.00
2015.05.14 16:49:22.014,0.89378,0.89403,1.10,1.17
2015.05.14 16:49:22.909,0.89378,0.89403,1.00,2.02
2015.05.14 16:49:22.959,0.89375,0.894,1.20,1.17
2015.05.14 16:49:25.112,0.89375,0.894,1.65,1.00
2015.05.14 16:49:25.213,0.89378,0.89403,1.10,1.10
2015.05.14 16:49:30.670,0.89375,0.894,1.65,1.00
2015.05.14 16:49:30.720,0.89375,0.894,1.57,1.17
2015.05.14 16:49:35.755,0.89378,0.894,1.00,1.17
2015.05.14 16:49:36.422,0.89377,0.894,1.00,1.17
2015.05.14 16:49:37.329,0.89378,0.894,1.00,1.17
2015.05.14 16:49:37.431,0.89378,0.89402,1.00,1.10
2015.05.14 16:49:37.533,0.89378,0.89402,2.02,1.00
2015.05.14 16:49:37.836,0.89384,0.89405,1.00,1.10
2015.05.14 16:49:38.282,0.89386,0.89406,1.00,1.17
2015.05.14 16:49:38.742,0.89388,0.89409,1.00,1.10
2015.05.14 16:49:39.669,0.89388,0.8941,1.00,2.02
2015.05.14 16:49:40.028,0.89388,0.89405,1.00,1.00
2015.05.14 16:49:40.537,0.89387,0.89405,1.00,1.00
2015.05.14 16:49:41.158,0.89386,0.89405,1.00,1.00
2015.05.14 16:49:42.918,0.89383,0.89405,1.00,1.10
2015.05.14 16:49:43.019,0.89381,0.89405,1.95,1.10
2015.05.14 16:49:43.307,0.89383,0.89405,1.00,1.10
2015.05.14 16:49:45.837,0.89381,0.89405,1.20,1.10
2015.05.14 16:49:51.218,0.89379,0.89404,2.02,1.00
2015.05.14 16:49:52.454,0.89379,0.89404,1.37,1.17
2015.05.14 16:49:52.557,0.89379,0.89404,1.00,1.27
2015.05.14 16:49:52.862,0.89378,0.894,1.00,1.27
2015.05.14 16:49:53.300,0.89376,0.89395,1.00,1.00
2015.05.14 16:49:53.452,0.89374,0.89395,1.50,1.50
2015.05.14 16:49:53.604,0.89371,0.89395,1.10,1.00
2015.05.14 16:49:53.830,0.89373,0.89395,1.00,1.50
2015.05.14 16:49:54.328,0.89373,0.8939,1.00,1.00
2015.05.14 16:49:54.658,0.89371,0.89395,1.00,1.15
2015.05.14 16:49:54.810,0.89373,0.89395,1.00,1.65
2015.05.14 16:49:55.113,0.89371,0.89395,1.00,1.15
2015.05.14 16:49:56.679,0.89367,0.89392,2.40,1.00
2015.05.14 16:49:59.250,0.89367,0.89392,1.50,1.15
2015.05.14 16:49:59.655,0.89364,0.89388,2.77,1.00
2015.05.14 16:50:00.806,0.89364,0.89388,2.02,1.00
2015.05.14 16:50:03.401,0.89367,0.89392,1.00,1.15
2015.05.14 16:50:03.562,0.89364,0.89389,3.52,1.00
2015.05.14 16:50:03.761,0.89367,0.89392,1.00,1.15
2015.05.14 16:50:04.088,0.89369,0.89394,1.65,1.00
2015.05.14 16:50:04.392,0.89371,0.89398,2.62,1.15
2015.05.14 16:50:04.895,0.89371,0.89398,2.25,1.15
2015.05.14 16:50:05.310,0.89371,0.89394,1.00,1.17
2015.05.14 16:50:05.493,0.89371,0.89394,1.00,1.10
2015.05.14 16:50:12.611,0.89373,0.89395,1.00,1.17
2015.05.14 16:50:24.989,0.89371,0.89395,1.50,1.17
2015.05.14 16:50:25.623,0.89372,0.89395,1.00,1.17
2015.05.14 16:50:26.273,0.89373,0.89395,1.00,1.07
2015.05.14 16:50:26.978,0.89373,0.89395,1.00,1.10
2015.05.14 16:50:29.610,0.89372,0.89395,1.00,1.10
2015.05.14 16:50:30.332,0.89373,0.89395,1.00,1.10
2015.05.14 16:50:47.296,0.89373,0.89398,1.00,1.15
2015.05.14 16:50:51.022,0.89373,0.89398,1.00,1.55
2015.05.14 16:50:51.615,0.89373,0.89395,1.00,2.02
2015.05.14 16:50:51.918,0.89371,0.89391,1.00,1.10
2015.05.14 16:50:51.969,0.89369,0.89391,1.00,1.10
2015.05.14 16:50:52.200,0.89369,0.89391,1.00,1.45
2015.05.14 16:50:53.524,0.89369,0.8939,1.00,1.00
2015.05.14 16:50:53.848,0.89372,0.8939,1.00,1.00
2015.05.14 16:50:54.501,0.89371,0.8939,1.00,1.00
2015.05.14 16:50:54.978,0.89374,0.89391,1.00,1.00
2015.05.14 16:50:55.080,0.89374,0.89395,1.00,1.95
2015.05.14 16:50:55.487,0.89369,0.89395,1.55,1.47
2015.05.14 16:50:55.539,0.89369,0.89392,1.55,1.00
2015.05.14 16:50:55.640,0.89369,0.89392,2.02,1.00
2015.05.14 16:50:56.161,0.89372,0.89392,1.00,1.57
2015.05.14 16:50:57.802,0.89372,0.89391,1.00,1.00
2015.05.14 16:50:58.013,0.8937,0.89391,1.00,1.50
2015.05.14 16:50:58.517,0.8937,0.8939,1.00,1.00
2015.05.14 16:51:01.573,0.89369,0.8939,1.00,1.50
2015.05.14 16:51:02.083,0.89372,0.8939,1.00,1.50
2015.05.14 16:51:03.230,0.89371,0.8939,1.00,1.50
2015.05.14 16:51:04.272,0.89372,0.8939,1.00,1.50
2015.05.14 16:51:06.285,0.8937,0.89391,1.00,1.50
2015.05.14 16:51:06.639,0.89369,0.89389,1.00,1.00
2015.05.14 16:51:11.024,0.8937,0.8939,1.00,1.17
2015.05.14 16:51:11.378,0.8937,0.89385,1.00,1.00
2015.05.14 16:51:11.748,0.8937,0.8939,1.00,1.17
2015.05.14 16:51:12.103,0.89369,0.89387,1.00,1.00
2015.05.14 16:51:12.305,0.8937,0.89392,1.00,2.02
2015.05.14 16:51:12.356,0.89368,0.89389,1.00,1.10
2015.05.14 16:51:14.850,0.89368,0.8939,1.12,1.00
2015.05.14 16:51:15.002,0.89368,0.8939,1.20,1.00
2015.05.14 16:51:15.204,0.89371,0.89393,1.00,1.12
2015.05.14 16:51:15.787,0.89369,0.8939,2.02,1.00
2015.05.14 16:51:19.010,0.89369,0.8939,1.20,1.50
2015.05.14 16:51:19.722,0.89368,0.8939,1.12,1.50
2015.05.14 16:51:20.238,0.89368,0.89389,1.12,1.50
2015.05.14 16:51:20.769,0.89367,0.89388,1.00,1.10
2015.05.14 16:51:21.661,0.89367,0.89387,1.00,1.00
2015.05.14 16:51:22.140,0.89369,0.89389,1.00,2.02
2015.05.14 16:51:22.645,0.89368,0.89388,1.00,1.12
2015.05.14 16:51:23.106,0.89368,0.89385,1.00,1.00
2015.05.14 16:51:24.449,0.89369,0.89385,1.00,1.00
2015.05.14 16:51:24.533,0.89369,0.8939,1.00,1.87
2015.05.14 16:51:24.879,0.89369,0.89385,1.00,1.00
2015.05.14 16:51:25.079,0.89369,0.8939,1.00,1.87
2015.05.14 16:51:25.607,0.8937,0.8939,1.00,1.87
2015.05.14 16:51:25.658,0.8937,0.89385,1.00,1.00
2015.05.14 16:51:25.708,0.89362,0.89385,2.02,1.00
2015.05.14 16:51:25.810,0.89362,0.89385,1.20,1.10
2015.05.14 16:51:25.860,0.89365,0.8939,1.00,1.52
2015.05.14 16:51:26.073,0.8937,0.89392,1.00,1.12
2015.05.14 16:51:26.579,0.89371,0.89392,1.50,1.12
2015.05.14 16:51:26.630,0.89371,0.8939,1.50,1.00
2015.05.14 16:51:26.946,0.89373,0.8939,1.00,1.00
2015.05.14 16:51:27.249,0.89372,0.89385,1.00,1.00
2015.05.14 16:51:27.350,0.89368,0.89385,1.00,1.00
2015.05.14 16:51:28.542,0.89368,0.89389,1.00,1.95
2015.05.14 16:51:29.991,0.89368,0.89388,1.00,1.00
2015.05.14 16:51:30.630,0.89368,0.89385,1.00,1.00
2015.05.14 16:51:30.850,0.89367,0.89388,1.00,1.87
2015.05.14 16:51:31.372,0.89367,0.89387,1.00,1.00
2015.05.14 16:51:33.961,0.89367,0.89385,1.00,1.00
2015.05.14 16:51:34.063,0.8937,0.8939,1.00,1.57
2015.05.14 16:51:34.367,0.89374,0.8939,1.00,1.00
2015.05.14 16:51:34.418,0.89374,0.89394,1.00,1.00
2015.05.14 16:51:34.625,0.89375,0.8939,1.00,1.00
2015.05.14 16:51:35.047,0.89374,0.89395,1.00,1.20
2015.05.14 16:51:35.252,0.89371,0.89392,1.00,1.00
2015.05.14 16:51:35.769,0.89371,0.89393,1.00,1.50
2015.05.14 16:51:36.612,0.89371,0.89391,1.00,1.00
2015.05.14 16:51:37.143,0.8937,0.8939,1.00,1.95
2015.05.14 16:51:37.581,0.8937,0.89385,1.00,1.00
2015.05.14 16:51:38.022,0.89368,0.89385,1.00,1.00
2015.05.14 16:51:38.123,0.89368,0.89389,1.00,1.50
2015.05.14 16:51:38.224,0.89366,0.89389,1.00,1.50
2015.05.14 16:51:38.764,0.89368,0.89389,1.00,1.00
2015.05.14 16:51:39.297,0.89368,0.89388,1.00,1.12
2015.05.14 16:51:39.600,0.89368,0.89385,1.00,1.00
2015.05.14 16:51:41.098,0.89368,0.89389,1.00,1.87
2015.05.14 16:51:41.199,0.89368,0.8939,1.50,1.57
2015.05.14 16:51:41.401,0.89372,0.8939,1.00,1.00
2015.05.14 16:51:41.705,0.89374,0.89394,1.50,1.65
2015.05.14 16:51:43.433,0.89374,0.89395,2.25,1.00
2015.05.14 16:51:45.623,0.89374,0.89396,1.50,1.50
2015.05.14 16:51:45.930,0.89379,0.89398,1.00,1.55
2015.05.14 16:51:46.533,0.89379,0.89394,1.50,1.00
2015.05.14 16:51:46.987,0.89377,0.89394,1.00,1.00
2015.05.14 16:51:47.138,0.89377,0.89398,1.00,1.55
2015.05.14 16:51:47.240,0.89379,0.89398,1.00,1.55
2015.05.14 16:51:48.137,0.89379,0.89395,1.50,1.00
2015.05.14 16:51:48.339,0.89377,0.89395,1.00,1.00
2015.05.14 16:51:48.626,0.89374,0.89395,2.25,1.00
2015.05.14 16:51:48.677,0.89377,0.89395,1.00,1.00
2015.05.14 16:51:52.013,0.89374,0.89395,2.25,1.00
2015.05.14 16:51:54.050,0.89375,0.89395,1.00,1.00
2015.05.14 16:51:58.910,0.89374,0.89395,2.25,1.00
2015.05.14 16:52:00.228,0.89374,0.89396,2.25,1.57
2015.05.14 16:52:00.748,0.89374,0.89395,2.25,1.00
2015.05.14 16:52:09.015,0.89375,0.89395,1.00,1.00
2015.05.14 16:52:09.552,0.89376,0.89395,1.00,1.00
2015.05.14 16:52:09.704,0.89377,0.89399,1.00,1.95
2015.05.14 16:52:11.987,0.89379,0.894,1.50,2.02
2015.05.14 16:52:12.096,0.89379,0.894,1.50,1.95
2015.05.14 16:52:12.457,0.89379,0.89395,1.50,1.00
2015.05.14 16:52:13.252,0.89378,0.89395,1.00,1.00
2015.05.14 16:52:14.593,0.89377,0.89395,1.50,1.00
2015.05.14 16:52:15.143,0.89377,0.89396,1.00,1.00
2015.05.14 16:52:15.446,0.89379,0.89394,1.00,1.00
2015.05.14 16:52:16.196,0.89378,0.89394,1.00,1.00
2015.05.14 16:52:16.725,0.89379,0.89394,1.50,1.00
2015.05.14 16:52:16.877,0.89372,0.89394,1.00,1.57
2015.05.14 16:52:17.740,0.89372,0.89394,1.00,1.50
2015.05.14 16:52:31.115,0.89373,0.89394,1.00,1.00
2015.05.14 16:52:49.158,0.89372,0.89394,1.10,1.00
2015.05.14 16:52:50.055,0.89374,0.89395,1.00,1.00
2015.05.14 16:52:50.358,0.89377,0.89397,1.00,1.10
2015.05.14 16:52:50.715,0.89371,0.89392,1.00,1.65
2015.05.14 16:52:50.866,0.89371,0.89393,1.00,1.12
2015.05.14 16:52:51.722,0.89371,0.8939,1.00,1.00
2015.05.14 16:52:53.385,0.89371,0.89393,1.00,1.00
2015.05.14 16:52:53.486,0.89373,0.89394,1.00,1.00
2015.05.14 16:52:54.109,0.89374,0.89395,1.00,1.50
2015.05.14 16:52:56.759,0.89375,0.89395,1.00,1.00
2015.05.14 16:52:58.122,0.89375,0.89396,1.00,1.00
2015.05.14 16:52:58.324,0.89376,0.89398,1.00,1.87
2015.05.14 16:52:59.397,0.89377,0.89398,1.00,1.00
2015.05.14 16:53:00.301,0.89376,0.89398,2.25,1.00
2015.05.14 16:53:01.066,0.89376,0.89397,1.50,1.00
2015.05.14 16:53:01.608,0.89376,0.89398,1.50,1.00
2015.05.14 16:53:02.136,0.89377,0.89398,1.50,1.00
2015.05.14 16:53:02.726,0.89378,0.89399,1.00,1.00
2015.05.14 16:53:03.452,0.89376,0.89397,1.00,1.00
2015.05.14 16:53:03.781,0.89374,0.89395,1.00,1.00
2015.05.14 16:53:04.098,0.89372,0.89393,1.50,1.55
2015.05.14 16:53:04.608,0.89373,0.89395,1.00,1.10
2015.05.14 16:53:04.659,0.89375,0.89396,1.00,1.17
2015.05.14 16:53:09.610,0.89376,0.89396,1.00,1.55
2015.05.14 16:53:10.151,0.89377,0.89398,1.00,2.02
2015.05.14 16:53:10.734,0.89376,0.89395,1.00,1.47
2015.05.14 16:53:11.317,0.89376,0.89395,1.00,1.20
2015.05.14 16:53:11.418,0.89374,0.89395,1.50,1.47
2015.05.14 16:53:17.640,0.89374,0.89393,1.50,1.00
2015.05.14 16:53:29.407,0.89373,0.89393,2.25,1.00
2015.05.14 16:53:32.705,0.89373,0.89394,1.50,1.00
2015.05.14 16:53:34.709,0.89373,0.89394,1.00,1.37
2015.05.14 16:53:34.911,0.89369,0.8939,1.12,1.00
2015.05.14 16:53:34.962,0.89371,0.8939,1.00,1.00
2015.05.14 16:53:35.063,0.89373,0.89394,1.00,1.17
2015.05.14 16:53:35.589,0.89372,0.89394,1.00,1.00
2015.05.14 16:53:36.027,0.8937,0.89393,1.00,1.65
2015.05.14 16:53:36.373,0.89369,0.8939,1.00,1.10
2015.05.14 16:53:41.863,0.89369,0.89391,1.00,1.55
2015.05.14 16:53:42.610,0.89369,0.8939,1.00,1.95
2015.05.14 16:53:44.692,0.89369,0.8939,1.00,1.10
2015.05.14 16:53:44.743,0.89374,0.89395,1.00,2.02
2015.05.14 16:53:45.179,0.89372,0.89391,1.00,1.00
2015.05.14 16:53:46.065,0.89372,0.8939,1.00,1.00
2015.05.14 16:53:47.938,0.89372,0.89394,1.00,1.55
2015.05.14 16:53:48.326,0.89374,0.89395,1.00,2.02
2015.05.14 16:53:49.380,0.89374,0.8939,1.00,1.00
2015.05.14 16:53:49.574,0.89372,0.8939,1.00,1.00
2015.05.14 16:53:50.115,0.89371,0.8939,1.00,1.00
2015.05.14 16:53:50.399,0.89371,0.89392,1.00,1.12
2015.05.14 16:53:51.785,0.89371,0.89391,1.00,1.00
2015.05.14 16:53:52.315,0.89371,0.89392,1.00,1.00
2015.05.14 16:53:52.668,0.89372,0.8939,1.00,1.00
2015.05.14 16:53:52.972,0.89371,0.89392,1.00,1.12
2015.05.14 16:53:53.516,0.8937,0.89391,1.00,1.12
2015.05.14 16:53:54.053,0.8937,0.89391,1.00,1.37
2015.05.14 16:53:54.457,0.8937,0.89391,1.00,1.10
2015.05.14 16:53:54.508,0.89371,0.89393,1.00,1.20
2015.05.14 16:53:54.710,0.89373,0.89394,1.00,1.17
2015.05.14 16:53:54.996,0.89374,0.89395,1.00,1.50
2015.05.14 16:53:58.232,0.89374,0.89395,1.00,2.62
2015.05.14 16:53:59.608,0.89374,0.89392,1.00,1.00
2015.05.14 16:54:00.905,0.89373,0.89392,1.00,1.00
2015.05.14 16:54:01.221,0.89373,0.89389,1.00,1.00
2015.05.14 16:54:01.532,0.89374,0.89391,1.00,1.00
2015.05.14 16:54:03.529,0.89373,0.89391,1.00,1.00
2015.05.14 16:54:03.758,0.89371,0.89391,1.00,1.00
2015.05.14 16:54:03.809,0.89371,0.89389,1.00,1.00
2015.05.14 16:54:04.506,0.89372,0.89389,1.00,1.00
2015.05.14 16:54:04.557,0.89372,0.89391,1.00,1.00
2015.05.14 16:54:07.573,0.89372,0.8939,1.00,1.00
2015.05.14 16:54:09.269,0.89371,0.8939,1.00,1.00
2015.05.14 16:54:09.816,0.89372,0.8939,1.00,1.00
2015.05.14 16:54:09.867,0.89372,0.89392,1.00,1.00
2015.05.14 16:54:12.020,0.89372,0.89389,1.00,1.00
2015.05.14 16:54:12.673,0.89371,0.89389,1.00,1.00
2015.05.14 16:54:13.178,0.89372,0.89389,1.00,1.00
2015.05.14 16:54:13.481,0.89374,0.89389,1.00,1.00
2015.05.14 16:54:17.099,0.89374,0.89392,1.00,1.00
2015.05.14 16:54:17.252,0.89373,0.89388,1.00,1.00
2015.05.14 16:54:19.730,0.89372,0.89388,1.00,1.00
2015.05.14 16:54:21.850,0.89373,0.89388,1.00,1.00
2015.05.14 16:54:22.734,0.89373,0.89391,1.00,1.00
2015.05.14 16:54:23.615,0.89371,0.89391,1.00,1.00
2015.05.14 16:54:23.716,0.89371,0.89389,1.00,1.00
2015.05.14 16:54:24.045,0.89371,0.89386,1.00,1.00
2015.05.14 16:54:26.548,0.89371,0.89392,1.00,2.77
2015.05.14 16:54:29.334,0.8937,0.89392,1.00,2.77
2015.05.14 16:54:29.881,0.89369,0.89391,1.00,1.95
2015.05.14 16:54:34.976,0.89369,0.89391,1.00,1.10
2015.05.14 16:54:35.027,0.89371,0.89392,1.00,1.17
2015.05.14 16:54:35.331,0.89374,0.89395,1.00,1.55
2015.05.14 16:54:37.139,0.89373,0.89394,1.00,1.95
2015.05.14 16:54:44.046,0.89374,0.89396,1.00,1.52
2015.05.14 16:54:47.830,0.89374,0.89395,1.00,2.02
2015.05.14 16:54:47.881,0.89372,0.89392,1.00,1.00
2015.05.14 16:54:47.932,0.89372,0.89392,1.00,1.37
2015.05.14 16:54:48.548,0.89371,0.89392,1.00,1.52
2015.05.14 16:54:49.272,0.89368,0.89389,1.00,1.12
2015.05.14 16:54:50.006,0.89369,0.8939,1.10,1.00
2015.05.14 16:54:50.108,0.89373,0.8939,1.00,1.00
2015.05.14 16:54:51.496,0.89373,0.89394,1.00,2.02
2015.05.14 16:54:51.749,0.8937,0.89393,1.00,2.02
2015.05.14 16:54:52.513,0.8937,0.89391,1.00,1.47
2015.05.14 16:54:52.741,0.89366,0.89388,1.50,1.20
2015.05.14 16:54:53.068,0.89368,0.89388,1.00,1.20
2015.05.14 16:54:53.321,0.89371,0.89392,1.00,1.10
2015.05.14 16:54:53.704,0.89372,0.89391,1.00,1.15
2015.05.14 16:54:53.755,0.8937,0.89391,1.00,2.02
2015.05.14 16:54:53.806,0.8937,0.89389,1.00,1.52
2015.05.14 16:54:53.958,0.89366,0.89388,1.00,1.27
2015.05.14 16:54:59.294,0.89366,0.89385,1.00,1.00
2015.05.14 16:55:07.895,0.89366,0.89388,1.00,1.27
2015.05.14 16:55:13.191,0.89365,0.89386,1.00,1.20
2015.05.14 16:55:13.702,0.89365,0.89385,1.00,1.00
2015.05.14 16:55:35.150,0.89365,0.89386,1.00,1.95
2015.05.14 16:55:35.200,0.89367,0.89386,1.00,1.20
2015.05.14 16:55:37.153,0.89367,0.89385,1.00,1.00
2015.05.14 16:55:37.700,0.89368,0.89389,1.00,1.27
2015.05.14 16:55:37.802,0.89368,0.89389,1.00,1.20
2015.05.14 16:55:38.281,0.89371,0.8939,1.00,1.00
2015.05.14 16:55:38.382,0.89371,0.89393,1.00,1.07
2015.05.14 16:55:38.483,0.89374,0.89395,1.00,1.57
2015.05.14 16:55:39.247,0.89375,0.89395,1.00,1.10
2015.05.14 16:55:40.360,0.89374,0.89395,1.50,1.57
2015.05.14 16:55:41.709,0.89374,0.89395,1.50,1.95
2015.05.14 16:55:42.025,0.89371,0.89393,1.00,1.52
2015.05.14 16:55:42.637,0.89371,0.89393,1.00,1.07
2015.05.14 16:55:43.182,0.89371,0.89392,1.00,1.52
2015.05.14 16:55:43.742,0.8937,0.89392,1.00,2.02
2015.05.14 16:55:44.990,0.89371,0.89392,1.00,1.27
2015.05.14 16:55:48.595,0.8937,0.8939,1.00,1.27
2015.05.14 16:55:50.946,0.89371,0.8939,1.00,1.27
2015.05.14 16:55:51.459,0.89369,0.8939,1.00,2.02
2015.05.14 16:55:52.785,0.8937,0.8939,1.00,1.27
2015.05.14 16:55:53.384,0.89371,0.8939,1.00,1.17
2015.05.14 16:55:53.486,0.89369,0.8939,1.00,1.55
2015.05.14 16:55:54.065,0.89369,0.89391,1.00,2.02
2015.05.14 16:55:55.639,0.89368,0.89389,1.00,1.95
2015.05.14 16:55:56.561,0.89368,0.89389,1.00,1.95
2015.05.14 16:55:59.056,0.89369,0.8939,1.00,2.02
2015.05.14 16:55:59.824,0.89368,0.89389,1.00,1.20
2015.05.14 16:56:01.696,0.89369,0.8939,1.00,2.02
2015.05.14 16:56:02.211,0.89369,0.8939,1.00,2.02
2015.05.14 16:56:02.363,0.89367,0.8939,1.50,2.02
2015.05.14 16:56:05.546,0.89367,0.8939,1.50,2.02
2015.05.14 16:56:25.468,0.89367,0.89388,1.50,1.00
2015.05.14 16:56:26.738,0.89366,0.89388,1.00,1.50
2015.05.14 16:56:28.201,0.89367,0.89388,1.00,1.00
2015.05.14 16:56:30.815,0.89367,0.89386,1.00,1.00
2015.05.14 16:56:31.825,0.89367,0.89388,1.00,1.37
2015.05.14 16:56:33.345,0.89367,0.89385,1.00,1.00
2015.05.14 16:56:34.256,0.89367,0.89388,1.00,1.37
2015.05.14 16:56:35.569,0.89367,0.89388,1.00,1.12
2015.05.14 16:56:43.275,0.89368,0.8939,1.00,1.50
2015.05.14 16:56:43.781,0.89369,0.89391,1.00,2.02
2015.05.14 16:56:44.827,0.89371,0.8939,1.00,1.12
2015.05.14 16:56:50.766,0.89371,0.8939,1.00,1.37
2015.05.14 16:56:51.288,0.8937,0.8939,1.00,1.37
2015.05.14 16:57:03.944,0.89371,0.8939,1.00,1.37
2015.05.14 16:57:07.025,0.8937,0.8939,1.00,1.47
2015.05.14 16:57:07.583,0.8937,0.8939,1.00,1.47
2015.05.14 16:57:07.964,0.8937,0.8939,1.00,1.20
2015.05.14 16:57:08.386,0.89372,0.8939,1.00,1.00
2015.05.14 16:57:08.672,0.89374,0.89393,1.00,1.10
2015.05.14 16:57:08.723,0.89376,0.89395,1.00,1.00
2015.05.14 16:57:09.278,0.89375,0.89395,1.00,1.00
2015.05.14 16:57:09.794,0.89376,0.89396,1.00,1.10
2015.05.14 16:57:13.976,0.89376,0.89395,1.00,1.00
2015.05.14 16:57:30.162,0.89373,0.89395,1.00,2.02
2015.05.14 16:57:30.264,0.89371,0.89393,1.00,2.77
2015.05.14 16:57:30.604,0.89369,0.8939,1.00,1.20
2015.05.14 16:57:32.006,0.8937,0.8939,1.00,1.00
2015.05.14 16:57:32.107,0.89372,0.89393,1.00,1.20
2015.05.14 16:57:32.259,0.89374,0.89395,1.00,1.87
2015.05.14 16:57:36.580,0.89373,0.89394,1.00,1.00
2015.05.14 16:57:37.129,0.89373,0.89393,1.00,1.00
2015.05.14 16:57:38.001,0.89373,0.89394,1.00,1.10
2015.05.14 16:57:38.930,0.89373,0.89393,1.00,1.00
2015.05.14 16:57:39.882,0.89373,0.89394,1.00,1.10
2015.05.14 16:57:40.466,0.89373,0.89393,1.00,1.00
2015.05.14 16:57:41.476,0.89373,0.89394,1.00,1.10
2015.05.14 16:57:43.087,0.89373,0.89394,1.00,1.65
2015.05.14 16:57:45.476,0.89373,0.89393,1.00,1.55
2015.05.14 16:57:45.527,0.89371,0.89392,1.00,1.47
2015.05.14 16:57:45.578,0.89371,0.89391,1.00,1.52
2015.05.14 16:57:45.894,0.89368,0.89389,1.00,1.55
2015.05.14 16:57:46.487,0.89368,0.89389,1.00,1.55
2015.05.14 16:57:47.015,0.89367,0.89388,1.00,1.47
2015.05.14 16:57:52.181,0.89367,0.89388,1.00,1.10
2015.05.14 16:57:52.282,0.89367,0.89388,1.37,1.10
2015.05.14 16:57:52.383,0.89369,0.8939,3.22,1.00
2015.05.14 16:57:52.484,0.89373,0.89392,1.00,1.20
2015.05.14 16:57:52.789,0.8937,0.89393,1.35,2.02
2015.05.14 16:57:55.686,0.8937,0.89393,1.35,1.55
2015.05.14 16:57:56.697,0.8937,0.89393,1.35,1.55
2015.05.14 16:57:58.481,0.8937,0.89393,1.35,1.55
2015.05.14 16:57:59.144,0.89371,0.89392,1.00,2.02
2015.05.14 16:57:59.682,0.8937,0.8939,1.00,2.77
2015.05.14 16:57:59.733,0.89367,0.89389,1.00,1.55
2015.05.14 16:58:00.391,0.89367,0.89388,1.00,1.47
2015.05.14 16:58:01.579,0.89367,0.89388,1.00,1.20
2015.05.14 16:58:01.798,0.89369,0.8939,1.00,1.87
2015.05.14 16:58:02.163,0.89373,0.8939,2.10,1.12
2015.05.14 16:58:02.265,0.89373,0.89393,2.10,1.00
2015.05.14 16:58:02.517,0.89374,0.89395,2.85,1.00
2015.05.14 16:58:02.688,0.89376,0.89398,1.00,1.37
2015.05.14 16:58:02.840,0.89377,0.89399,1.00,1.12
2015.05.14 16:58:05.887,0.89376,0.89398,1.00,1.00
2015.05.14 16:58:06.397,0.89376,0.89397,1.00,1.12
2015.05.14 16:58:06.448,0.89376,0.89395,1.00,1.00
2015.05.14 16:58:06.962,0.89374,0.89395,2.85,1.12
2015.05.14 16:58:07.592,0.89374,0.89394,2.85,1.00
2015.05.14 16:58:09.355,0.89374,0.89395,2.85,1.50
2015.05.14 16:58:10.868,0.89374,0.89394,2.85,1.00
2015.05.14 16:58:12.390,0.89374,0.89395,2.85,1.50
2015.05.14 16:58:15.881,0.89374,0.89394,2.85,1.00
2015.05.14 16:58:16.407,0.89374,0.89395,2.85,1.50
2015.05.14 16:58:24.774,0.89375,0.89396,1.35,1.50
2015.05.14 16:58:25.659,0.89375,0.89395,1.35,1.00
2015.05.14 16:58:28.691,0.89376,0.89395,1.00,1.00
2015.05.14 16:58:30.537,0.89378,0.89395,1.00,1.00
2015.05.14 16:58:30.639,0.89374,0.89399,3.22,1.57
2015.05.14 16:58:31.160,0.89376,0.89398,1.10,1.87
2015.05.14 16:58:31.677,0.89377,0.89399,1.00,1.37
2015.05.14 16:58:35.807,0.89377,0.89399,1.00,1.37
2015.05.14 16:58:36.370,0.89376,0.89395,2.17,1.00
2015.05.14 16:58:36.751,0.89377,0.89397,1.35,1.00
2015.05.14 16:58:36.802,0.89379,0.894,1.00,1.37
2015.05.14 16:58:37.004,0.89376,0.89397,2.85,1.00
2015.05.14 16:58:38.543,0.89376,0.89396,2.10,1.00
2015.05.14 16:58:38.695,0.89376,0.89395,2.10,1.37
2015.05.14 16:58:38.871,0.89373,0.89394,1.00,1.87
2015.05.14 16:58:38.922,0.89371,0.89393,1.35,1.00
2015.05.14 16:58:39.024,0.89374,0.89395,1.00,1.00
2015.05.14 16:58:39.327,0.89377,0.89398,1.00,1.00
2015.05.14 16:58:39.857,0.89374,0.89398,2.07,1.00
2015.05.14 16:58:40.173,0.89376,0.89395,1.00,1.00
2015.05.14 16:58:41.037,0.89376,0.89398,1.00,1.50
2015.05.14 16:58:43.256,0.89376,0.89395,1.00,1.00
2015.05.14 16:58:44.143,0.89376,0.89395,1.07,1.00
2015.05.14 16:58:44.345,0.89377,0.89399,1.27,1.00
2015.05.14 16:58:44.497,0.89379,0.89401,1.17,1.87
2015.05.14 16:58:50.115,0.8938,0.89402,1.20,1.00
2015.05.14 16:58:50.239,0.89379,0.89404,1.50,1.00
2015.05.14 16:58:52.266,0.89379,0.89404,1.42,1.07
2015.05.14 16:58:52.571,0.89374,0.89399,2.02,1.37
2015.05.14 16:58:52.874,0.89375,0.89395,1.00,1.57
2015.05.14 16:58:53.822,0.89373,0.89395,1.00,2.70
2015.05.14 16:58:55.834,0.89373,0.89395,1.00,2.70
2015.05.14 16:58:57.940,0.89375,0.89395,1.00,1.47
2015.05.14 16:59:01.888,0.89375,0.89395,1.00,1.95
2015.05.14 16:59:03.691,0.89375,0.89395,1.00,1.95
2015.05.14 16:59:04.004,0.89375,0.8939,1.00,1.00
2015.05.14 16:59:04.123,0.89375,0.89395,1.00,1.47
2015.05.14 16:59:04.325,0.89378,0.89396,1.00,1.00
2015.05.14 16:59:04.629,0.89381,0.89395,2.10,1.00
2015.05.14 16:59:04.831,0.89381,0.894,2.10,1.00
2015.05.14 16:59:06.922,0.89382,0.89402,1.10,1.00
2015.05.14 16:59:07.139,0.89382,0.894,1.57,1.00
2015.05.14 16:59:07.324,0.89382,0.89405,1.57,1.00
2015.05.14 16:59:07.477,0.89386,0.89405,1.00,1.00
2015.05.14 16:59:11.384,0.89386,0.89406,1.00,1.00
2015.05.14 16:59:12.833,0.89386,0.89407,1.00,1.00
2015.05.14 16:59:13.238,0.89388,0.89407,1.00,1.00
2015.05.14 16:59:14.433,0.8939,0.89409,2.10,1.37
2015.05.14 16:59:14.484,0.8939,0.8941,2.10,1.10
2015.05.14 16:59:15.206,0.8939,0.89409,2.10,1.00
2015.05.14 16:59:15.747,0.8939,0.89409,2.10,1.37
2015.05.14 16:59:16.463,0.8939,0.89409,2.10,1.12
2015.05.14 16:59:19.133,0.8939,0.89408,2.10,1.00
2015.05.14 16:59:21.383,0.89386,0.89405,1.00,1.00
2015.05.14 16:59:21.534,0.89386,0.89407,1.00,1.00
2015.05.14 16:59:22.045,0.89387,0.89409,1.50,1.37
2015.05.14 16:59:23.070,0.89389,0.8941,1.00,1.00
2015.05.14 16:59:23.171,0.89389,0.89414,1.50,1.37
2015.05.14 16:59:23.222,0.89387,0.8941,1.30,1.00
2015.05.14 16:59:23.558,0.8939,0.89409,1.00,1.12
2015.05.14 16:59:24.508,0.89389,0.89409,1.00,1.12
2015.05.14 16:59:25.041,0.89388,0.89409,1.00,1.12
2015.05.14 16:59:25.749,0.89387,0.89409,2.85,1.87
2015.05.14 16:59:26.052,0.89385,0.89406,2.17,1.00
2015.05.14 16:59:26.530,0.89389,0.89406,1.00,1.00
2015.05.14 16:59:26.581,0.89389,0.8941,1.00,2.62
2015.05.14 16:59:27.621,0.89386,0.8941,1.00,1.87
2015.05.14 16:59:27.722,0.89384,0.89401,3.00,1.00
2015.05.14 16:59:27.874,0.89386,0.89407,1.00,1.00
2015.05.14 16:59:27.951,0.89389,0.89407,1.00,1.00
2015.05.14 16:59:28.002,0.89389,0.89409,1.00,1.12
2015.05.14 16:59:28.103,0.89386,0.89409,2.10,1.12
2015.05.14 16:59:28.629,0.89384,0.89409,1.35,1.37
2015.05.14 16:59:28.731,0.89386,0.89404,1.00,1.00
2015.05.14 16:59:28.781,0.89386,0.89407,1.00,1.00
2015.05.14 16:59:30.261,0.89384,0.89406,1.35,1.12
2015.05.14 16:59:30.414,0.89384,0.894,1.35,1.00
2015.05.14 16:59:30.538,0.89384,0.89405,1.35,1.00
2015.05.14 16:59:30.792,0.89384,0.894,1.35,1.00
2015.05.14 16:59:31.344,0.89383,0.894,1.00,1.00
2015.05.14 16:59:34.438,0.89385,0.894,1.00,1.00
2015.05.14 16:59:34.640,0.89385,0.89405,2.85,1.00
2015.05.14 16:59:34.691,0.89385,0.89402,2.10,1.00
2015.05.14 16:59:34.742,0.89385,0.89405,2.10,1.00
2015.05.14 16:59:35.327,0.89384,0.89405,2.10,1.00
2015.05.14 16:59:35.782,0.89387,0.89405,1.00,1.00
2015.05.14 16:59:36.309,0.89386,0.89405,1.00,1.00
2015.05.14 16:59:36.835,0.89387,0.89405,1.00,1.00
2015.05.14 16:59:37.445,0.89391,0.89405,2.10,1.00
2015.05.14 16:59:37.596,0.89391,0.89409,2.10,1.00
2015.05.14 16:59:37.894,0.89389,0.8941,2.10,1.00
2015.05.14 16:59:38.299,0.89386,0.89411,3.75,1.00
2015.05.14 16:59:38.350,0.89386,0.89405,3.67,1.00
2015.05.14 16:59:39.231,0.89388,0.89406,1.00,1.00
2015.05.14 16:59:40.058,0.89389,0.89406,1.00,1.00
2015.05.14 16:59:40.108,0.89389,0.8941,1.00,1.00
2015.05.14 16:59:40.210,0.89393,0.89405,2.10,1.00
2015.05.14 16:59:40.328,0.89393,0.89411,2.10,1.50
2015.05.14 16:59:40.379,0.89389,0.89411,2.92,1.00
2015.05.14 16:59:40.880,0.89389,0.8941,2.92,1.00
2015.05.14 16:59:41.378,0.89389,0.89412,2.92,1.00
2015.05.14 16:59:41.893,0.89388,0.89412,1.17,1.00
2015.05.14 16:59:44.570,0.8939,0.89415,1.00,1.87
2015.05.14 16:59:45.322,0.8939,0.89415,1.00,1.87
2015.05.14 16:59:45.840,0.89387,0.89412,1.65,1.12
2015.05.14 16:59:47.502,0.89387,0.89411,1.15,1.00
2015.05.14 16:59:47.855,0.8939,0.89415,1.00,1.87
2015.05.14 16:59:48.057,0.89391,0.89415,1.37,1.50
2015.05.14 16:59:48.439,0.89397,0.89416,1.00,1.00
2015.05.14 16:59:48.948,0.89397,0.89415,1.00,1.00
2015.05.14 16:59:59.545,0.89395,0.89415,1.00,1.00
