2014.02.11 04:00:08.346,0.84822,0.84842,1.00,1.53
2014.02.11 04:00:08.863,0.84822,0.84839,1.00,1.53
2014.02.11 04:00:24.200,0.84822,0.84833,1.00,1.00
2014.02.11 04:00:24.422,0.84819,0.84833,1.00,1.00
2014.02.11 04:00:24.574,0.84819,0.84829,1.00,1.00
2014.02.11 04:00:24.953,0.84816,0.84829,1.00,1.00
2014.02.11 04:00:25.455,0.84816,0.84833,1.00,1.28
2014.02.11 04:00:37.107,0.84816,0.84829,1.00,1.00
2014.02.11 04:00:39.458,0.84813,0.84829,1.38,1.00
2014.02.11 04:00:51.256,0.84813,0.84829,1.13,1.00
2014.02.11 04:01:22.919,0.8481,0.84832,1.45,1.53
2014.02.11 04:01:23.295,0.8481,0.84829,1.00,1.53
2014.02.11 04:01:23.597,0.84809,0.84828,1.00,2.70
2014.02.11 04:01:23.679,0.84807,0.84826,1.30,1.53
2014.02.11 04:01:24.646,0.84804,0.84824,1.20,1.20
2014.02.11 04:01:25.826,0.84804,0.84824,1.13,1.28
2014.02.11 04:01:27.588,0.84804,0.84824,1.38,1.53
2014.02.11 04:01:33.808,0.84804,0.84824,1.38,1.15
2014.02.11 04:01:35.457,0.84804,0.84824,1.38,1.53
2014.02.11 04:01:36.116,0.84804,0.84824,1.38,1.15
2014.02.11 04:01:37.799,0.84804,0.84824,1.45,1.08
2014.02.11 04:01:37.850,0.84804,0.84826,1.53,1.20
2014.02.11 04:01:38.003,0.84809,0.84828,1.38,1.15
2014.02.11 04:01:38.223,0.8481,0.84828,1.48,1.10
2014.02.11 04:01:39.007,0.8481,0.84828,1.48,1.10
2014.02.11 04:01:39.557,0.8481,0.84828,1.48,1.10
2014.02.11 04:01:41.151,0.8481,0.84824,1.48,1.00
2014.02.11 04:01:41.747,0.84807,0.84823,2.08,1.00
2014.02.11 04:01:54.858,0.84808,0.84819,1.73,1.00
2014.02.11 04:01:54.959,0.84808,0.84819,1.00,1.00
2014.02.11 04:01:55.161,0.84799,0.8481,1.50,1.00
2014.02.11 04:01:55.404,0.84792,0.84804,1.00,1.13
2014.02.11 04:01:55.556,0.84792,0.84804,1.00,1.28
2014.02.11 04:01:55.607,0.84789,0.84804,1.00,1.28
2014.02.11 04:01:55.708,0.84784,0.84804,1.38,1.28
2014.02.11 04:01:55.758,0.84784,0.84804,1.38,3.45
2014.02.11 04:01:56.111,0.84783,0.84803,1.80,1.18
2014.02.11 04:01:57.026,0.84783,0.84798,2.55,1.00
2014.02.11 04:01:59.713,0.84783,0.84798,1.35,1.08
2014.02.11 04:02:01.184,0.84783,0.84798,2.10,1.00
2014.02.11 04:02:06.157,0.84783,0.84793,1.68,1.00
2014.02.11 04:02:08.068,0.84781,0.84793,1.00,1.15
2014.02.11 04:02:08.169,0.84779,0.84793,1.38,1.15
2014.02.11 04:02:08.678,0.84775,0.84793,2.10,1.50
2014.02.11 04:02:09.569,0.84775,0.84798,2.10,1.15
2014.02.11 04:02:09.731,0.84778,0.84798,1.05,1.08
2014.02.11 04:02:09.955,0.84778,0.84793,1.05,1.00
2014.02.11 04:02:12.647,0.84777,0.84799,1.13,1.10
2014.02.11 04:02:13.088,0.84777,0.84793,1.13,1.00
2014.02.11 04:02:16.387,0.84777,0.84798,1.13,1.00
2014.02.11 04:02:18.467,0.84777,0.84798,1.13,1.00
2014.02.11 04:02:18.619,0.84777,0.84793,1.13,1.00
2014.02.11 04:02:19.790,0.84777,0.84793,1.13,1.00
2014.02.11 04:02:20.093,0.84777,0.84801,4.05,1.08
2014.02.11 04:02:21.987,0.84777,0.84801,4.05,1.45
2014.02.11 04:02:22.148,0.84779,0.84801,2.70,1.00
2014.02.11 04:02:22.451,0.84783,0.84803,2.70,1.00
2014.02.11 04:02:23.003,0.84783,0.84803,2.33,1.38
2014.02.11 04:02:23.106,0.84781,0.84803,2.70,1.38
2014.02.11 04:02:23.157,0.84779,0.84794,2.70,1.00
2014.02.11 04:02:23.308,0.84778,0.84794,1.15,1.13
2014.02.11 04:02:23.424,0.84777,0.84794,2.33,1.38
2014.02.11 04:02:23.475,0.84775,0.84794,3.08,1.38
2014.02.11 04:02:24.077,0.84775,0.84791,1.15,1.38
2014.02.11 04:02:28.806,0.84774,0.84789,2.33,1.13
2014.02.11 04:02:31.230,0.84774,0.84789,2.33,1.38
2014.02.11 04:02:31.666,0.84774,0.84789,2.33,1.38
2014.02.11 04:02:31.776,0.84774,0.84789,2.33,1.38
2014.02.11 04:02:32.647,0.84774,0.84789,2.33,1.13
2014.02.11 04:02:36.616,0.84774,0.84792,2.33,1.38
2014.02.11 04:02:37.166,0.84774,0.84792,2.33,1.38
2014.02.11 04:02:40.704,0.84779,0.84796,3.08,1.00
2014.02.11 04:02:40.805,0.84781,0.84801,1.15,1.88
2014.02.11 04:02:40.907,0.84781,0.84802,2.63,1.48
2014.02.11 04:02:41.304,0.84782,0.84801,2.93,1.38
2014.02.11 04:02:41.869,0.84782,0.84801,2.93,1.38
2014.02.11 04:02:44.196,0.84782,0.84802,2.93,1.38
2014.02.11 04:02:52.146,0.84782,0.84801,1.50,1.38
2014.02.11 04:02:52.196,0.84782,0.84801,1.50,1.38
2014.02.11 04:02:56.232,0.84782,0.84802,1.50,1.38
2014.02.11 04:03:02.242,0.84781,0.84798,3.68,1.38
2014.02.11 04:03:19.869,0.84781,0.84801,5.33,1.38
2014.02.11 04:03:19.920,0.84784,0.84804,2.33,1.38
2014.02.11 04:03:20.021,0.84782,0.84804,2.33,1.38
2014.02.11 04:03:27.882,0.84784,0.84804,1.15,1.38
2014.02.11 04:03:29.192,0.84784,0.84804,1.15,1.38
2014.02.11 04:03:35.503,0.84784,0.84802,1.15,1.38
2014.02.11 04:03:40.016,0.84784,0.84802,1.15,1.38
2014.02.11 04:04:23.529,0.84782,0.84801,1.88,1.38
2014.02.11 04:04:23.680,0.84782,0.84802,3.30,1.38
2014.02.11 04:04:23.882,0.84783,0.84807,3.68,1.55
2014.02.11 04:04:23.983,0.84787,0.84806,1.18,1.48
2014.02.11 04:04:36.316,0.84784,0.84804,1.15,1.38
2014.02.11 04:04:36.418,0.84784,0.84801,1.08,1.38
2014.02.11 04:04:37.824,0.84784,0.84801,1.08,1.38
2014.02.11 04:04:38.431,0.84784,0.84801,1.08,1.38
2014.02.11 04:04:41.454,0.84782,0.84801,1.75,1.38
2014.02.11 04:04:42.852,0.84782,0.84802,1.75,1.38
2014.02.11 04:04:48.354,0.84786,0.84802,5.10,1.38
2014.02.11 04:04:48.404,0.84788,0.84804,1.13,1.00
2014.02.11 04:04:48.455,0.84789,0.84804,2.70,1.00
2014.02.11 04:04:49.534,0.84791,0.84809,1.15,1.38
2014.02.11 04:04:57.514,0.84791,0.84809,1.28,1.38
2014.02.11 04:04:57.733,0.84791,0.84809,1.28,1.13
2014.02.11 04:05:05.595,0.84791,0.84809,1.28,1.38
2014.02.11 04:05:05.766,0.84791,0.84809,1.28,1.13
2014.02.11 04:05:13.157,0.84792,0.8481,1.13,1.00
2014.02.11 04:05:13.409,0.84796,0.84814,1.88,1.13
2014.02.11 04:05:13.510,0.84798,0.84814,1.55,1.00
2014.02.11 04:05:13.611,0.84798,0.84817,1.55,1.00
2014.02.11 04:05:13.812,0.84804,0.84817,1.00,1.00
2014.02.11 04:05:13.992,0.84804,0.84823,1.00,1.28
2014.02.11 04:05:14.525,0.84804,0.84823,1.08,1.10
2014.02.11 04:05:15.146,0.84804,0.84823,1.08,1.48
2014.02.11 04:05:15.459,0.84804,0.84813,1.00,1.00
2014.02.11 04:05:15.510,0.84798,0.84813,1.45,1.00
2014.02.11 04:05:15.612,0.848,0.84817,1.13,1.00
2014.02.11 04:05:15.716,0.848,0.84817,1.13,1.00
2014.02.11 04:05:16.062,0.84804,0.84823,1.20,1.50
2014.02.11 04:05:17.565,0.84804,0.84812,1.20,1.00
2014.02.11 04:05:17.918,0.84803,0.84818,1.13,1.10
2014.02.11 04:05:18.070,0.84803,0.84817,2.48,1.00
2014.02.11 04:05:18.345,0.84805,0.84823,1.05,1.00
2014.02.11 04:05:18.496,0.84805,0.84823,1.05,1.00
2014.02.11 04:05:18.802,0.84809,0.84823,1.53,1.00
2014.02.11 04:05:19.131,0.84809,0.84831,1.53,1.10
2014.02.11 04:05:19.657,0.84809,0.84831,5.63,1.00
2014.02.11 04:05:20.112,0.84809,0.84819,4.88,1.00
2014.02.11 04:05:20.213,0.84808,0.84819,1.38,1.00
2014.02.11 04:05:20.365,0.84808,0.84828,1.38,4.20
2014.02.11 04:05:20.466,0.84804,0.84828,1.18,4.20
2014.02.11 04:05:20.819,0.84805,0.84827,2.33,1.08
2014.02.11 04:05:20.869,0.84805,0.84827,4.50,1.00
2014.02.11 04:05:21.136,0.84809,0.8483,1.15,1.20
2014.02.11 04:05:21.236,0.84808,0.8483,1.53,1.20
2014.02.11 04:05:21.338,0.84809,0.84833,3.45,1.08
2014.02.11 04:05:23.407,0.84809,0.84824,3.45,1.00
2014.02.11 04:05:23.458,0.84809,0.84824,1.13,1.00
2014.02.11 04:05:23.664,0.84804,0.84827,1.00,1.15
2014.02.11 04:05:23.815,0.84803,0.84827,1.28,1.15
2014.02.11 04:05:23.967,0.84804,0.84826,1.15,1.08
2014.02.11 04:05:24.069,0.84804,0.84828,2.40,1.65
2014.02.11 04:05:24.326,0.84806,0.84828,2.33,1.58
2014.02.11 04:05:25.034,0.84806,0.84827,1.15,1.00
2014.02.11 04:05:25.236,0.84806,0.84827,1.18,1.15
2014.02.11 04:05:27.004,0.84804,0.84826,3.08,1.10
2014.02.11 04:05:27.545,0.84807,0.84827,1.15,1.10
2014.02.11 04:05:30.958,0.84807,0.84826,1.15,1.00
2014.02.11 04:05:32.825,0.84807,0.84828,1.15,1.18
2014.02.11 04:05:39.175,0.84805,0.84828,2.33,1.10
2014.02.11 04:05:41.348,0.84808,0.84828,2.33,1.00
2014.02.11 04:05:48.627,0.84808,0.84832,2.33,1.65
2014.02.11 04:05:51.637,0.84808,0.84831,2.33,1.18
2014.02.11 04:05:51.738,0.84807,0.84832,1.28,1.65
2014.02.11 04:05:51.839,0.84807,0.84832,1.28,3.83
2014.02.11 04:06:08.986,0.84809,0.84828,1.00,1.08
2014.02.11 04:06:09.188,0.84804,0.84828,1.75,1.15
2014.02.11 04:06:12.111,0.84804,0.84827,1.68,2.33
2014.02.11 04:06:30.005,0.84802,0.84827,1.10,4.20
2014.02.11 04:06:37.588,0.84802,0.84826,1.10,3.45
2014.02.11 04:06:37.689,0.84802,0.84823,1.00,1.53
2014.02.11 04:06:37.891,0.84797,0.84822,1.10,4.20
2014.02.11 04:06:51.678,0.84799,0.84821,1.00,1.15
2014.02.11 04:06:51.881,0.84796,0.8482,1.28,1.15
2014.02.11 04:06:58.019,0.84796,0.84821,1.28,3.08
2014.02.11 04:06:58.756,0.84796,0.8482,1.10,2.33
2014.02.11 04:06:58.807,0.84796,0.84818,1.00,2.33
2014.02.11 04:07:05.476,0.84794,0.84817,1.08,1.15
2014.02.11 04:07:19.004,0.84794,0.84817,1.20,1.15
2014.02.11 04:07:30.209,0.84794,0.84817,1.28,1.18
2014.02.11 04:07:30.260,0.84794,0.84817,1.28,1.20
2014.02.11 04:07:51.036,0.84794,0.84817,1.28,1.18
2014.02.11 04:08:10.718,0.84795,0.84817,1.38,2.33
2014.02.11 04:08:11.246,0.84791,0.84815,1.45,2.33
2014.02.11 04:08:12.747,0.84791,0.84817,3.38,2.33
2014.02.11 04:08:12.848,0.84795,0.84819,1.45,3.08
2014.02.11 04:08:13.767,0.84791,0.84818,1.53,3.08
2014.02.11 04:08:15.943,0.84791,0.84815,1.45,2.33
2014.02.11 04:08:16.245,0.84789,0.84803,1.88,1.08
2014.02.11 04:08:16.497,0.8479,0.84806,1.38,2.33
2014.02.11 04:08:16.548,0.8479,0.84806,1.38,2.33
2014.02.11 04:08:16.649,0.84786,0.84805,1.38,1.00
2014.02.11 04:08:16.901,0.84788,0.84811,2.08,2.33
2014.02.11 04:08:17.002,0.84789,0.84813,1.98,4.50
2014.02.11 04:08:17.157,0.8479,0.84814,1.38,1.15
2014.02.11 04:08:28.422,0.8479,0.84814,1.38,1.15
2014.02.11 04:08:34.074,0.8479,0.84814,1.13,1.15
2014.02.11 04:08:34.674,0.8479,0.84814,1.13,1.15
2014.02.11 04:08:35.538,0.8479,0.84814,1.13,1.15
2014.02.11 04:08:36.165,0.8479,0.84814,1.13,1.15
2014.02.11 04:08:37.552,0.8479,0.84814,1.13,1.15
2014.02.11 04:08:38.099,0.8479,0.84814,1.13,1.15
2014.02.11 04:08:42.831,0.8479,0.84814,1.13,1.15
2014.02.11 04:08:43.162,0.8479,0.84814,1.13,1.15
2014.02.11 04:08:50.862,0.84791,0.84814,1.13,1.15
2014.02.11 04:08:51.388,0.84791,0.84814,1.13,1.15
2014.02.11 04:08:56.911,0.84791,0.84814,1.05,1.15
2014.02.11 04:08:57.013,0.84789,0.84814,2.18,5.25
2014.02.11 04:08:58.892,0.84789,0.84814,2.18,5.25
2014.02.11 04:08:59.496,0.84789,0.84814,1.13,5.25
2014.02.11 04:09:06.921,0.84791,0.84814,1.30,5.25
2014.02.11 04:09:07.141,0.84789,0.84814,1.13,5.25
2014.02.11 04:09:24.411,0.84789,0.84814,1.13,4.50
2014.02.11 04:09:25.457,0.84789,0.84814,2.18,4.50
2014.02.11 04:09:30.064,0.84789,0.84808,2.18,1.00
2014.02.11 04:09:32.661,0.84789,0.84808,2.18,1.00
2014.02.11 04:09:37.632,0.84789,0.84808,1.88,1.00
2014.02.11 04:09:45.547,0.84789,0.84808,1.38,1.00
2014.02.11 04:09:58.355,0.84789,0.84808,1.80,1.00
2014.02.11 04:09:58.406,0.84791,0.84808,1.58,1.00
2014.02.11 04:09:58.558,0.84794,0.84812,1.38,1.18
2014.02.11 04:09:59.101,0.84793,0.84812,2.48,1.28
2014.02.11 04:10:01.174,0.84794,0.84814,1.60,2.03
2014.02.11 04:10:18.679,0.84794,0.84814,1.98,2.03
2014.02.11 04:10:22.831,0.84794,0.84814,1.98,2.03
2014.02.11 04:10:23.348,0.84794,0.84814,1.73,2.03
2014.02.11 04:10:29.542,0.84794,0.84814,3.23,1.65
2014.02.11 04:10:29.794,0.84797,0.84814,1.35,1.15
2014.02.11 04:10:31.537,0.84797,0.84814,1.35,1.15
2014.02.11 04:10:50.011,0.84797,0.84814,1.35,1.15
2014.02.11 04:10:59.042,0.84797,0.84814,1.35,1.00
2014.02.11 04:10:59.143,0.84797,0.84814,1.35,1.15
2014.02.11 04:11:04.874,0.84794,0.84814,1.68,1.15
2014.02.11 04:11:05.219,0.84794,0.84814,1.68,1.15
2014.02.11 04:11:05.422,0.84794,0.84814,1.30,1.53
2014.02.11 04:11:06.546,0.84794,0.84814,1.43,1.45
2014.02.11 04:11:07.417,0.84794,0.84814,1.35,1.45
2014.02.11 04:11:31.129,0.84794,0.84814,1.68,1.15
2014.02.11 04:11:31.391,0.84793,0.84814,1.70,1.53
2014.02.11 04:11:31.943,0.84793,0.84814,2.55,1.28
2014.02.11 04:11:46.951,0.84801,0.84816,1.00,2.70
2014.02.11 04:11:49.038,0.84797,0.84816,1.13,2.70
2014.02.11 04:12:03.918,0.84801,0.84816,1.00,2.70
2014.02.11 04:12:04.209,0.84801,0.84819,1.00,4.88
2014.02.11 04:12:27.650,0.84796,0.84819,1.73,4.50
2014.02.11 04:12:35.560,0.84796,0.84819,1.13,4.50
2014.02.11 04:13:04.606,0.84796,0.8482,1.13,1.13
2014.02.11 04:13:04.657,0.84801,0.8482,1.13,1.13
2014.02.11 04:13:06.967,0.84801,0.84818,1.13,2.25
2014.02.11 04:13:22.223,0.84801,0.8482,1.13,3.45
2014.02.11 04:13:52.227,0.84801,0.84816,1.13,1.00
2014.02.11 04:13:52.278,0.84801,0.84816,1.38,1.00
2014.02.11 04:13:52.631,0.84802,0.84822,1.38,1.28
2014.02.11 04:13:53.146,0.84802,0.84822,1.58,1.28
2014.02.11 04:13:53.496,0.84802,0.84822,2.03,1.28
2014.02.11 04:13:53.801,0.84802,0.84822,1.88,3.45
2014.02.11 04:13:54.352,0.84802,0.84819,1.38,1.15
2014.02.11 04:13:54.876,0.84802,0.84819,1.13,1.28
2014.02.11 04:14:14.077,0.84802,0.84819,1.13,1.28
2014.02.11 04:14:15.751,0.84802,0.84819,1.13,1.28
2014.02.11 04:14:29.766,0.84802,0.84819,1.38,1.15
2014.02.11 04:14:36.803,0.84802,0.84819,1.38,1.00
2014.02.11 04:14:36.955,0.84802,0.84819,1.45,1.00
2014.02.11 04:14:37.056,0.84802,0.84823,3.45,1.00
2014.02.11 04:14:37.411,0.84807,0.84827,1.58,1.18
2014.02.11 04:14:45.135,0.84811,0.84827,1.00,1.18
2014.02.11 04:14:45.286,0.84811,0.84827,1.00,1.00
2014.02.11 04:14:46.121,0.84811,0.8483,1.00,1.18
2014.02.11 04:14:47.742,0.84811,0.8483,1.48,1.08
2014.02.11 04:14:47.920,0.84811,0.8483,1.55,1.00
2014.02.11 04:15:02.527,0.84811,0.8483,1.48,1.08
2014.02.11 04:15:07.606,0.84811,0.8483,1.10,1.08
2014.02.11 04:15:33.693,0.8481,0.8483,1.08,1.00
2014.02.11 04:15:35.789,0.8481,0.8483,1.15,1.08
2014.02.11 04:16:12.742,0.84811,0.84832,1.08,1.20
2014.02.11 04:16:12.793,0.84811,0.84832,1.15,1.13
2014.02.11 04:16:14.194,0.84811,0.84831,1.15,1.00
2014.02.11 04:16:16.484,0.84811,0.84832,1.15,1.13
2014.02.11 04:16:20.511,0.84811,0.84831,1.15,1.00
2014.02.11 04:16:21.518,0.84811,0.84832,1.15,1.13
2014.02.11 04:16:23.538,0.84811,0.84831,1.15,1.00
2014.02.11 04:16:24.042,0.84811,0.84832,1.18,1.20
2014.02.11 04:16:44.044,0.84811,0.84831,1.15,1.00
2014.02.11 04:16:45.175,0.84811,0.84831,1.15,1.38
2014.02.11 04:16:53.094,0.84817,0.84832,1.00,1.38
2014.02.11 04:17:46.223,0.84817,0.84832,1.00,1.53
2014.02.11 04:17:50.986,0.84817,0.84835,1.00,2.70
2014.02.11 04:17:51.088,0.84817,0.84836,1.00,1.53
2014.02.11 04:17:51.545,0.84817,0.84834,1.00,1.20
2014.02.11 04:17:52.154,0.84822,0.84834,1.00,1.28
2014.02.11 04:17:56.420,0.84817,0.84834,1.00,1.15
2014.02.11 04:18:00.923,0.84821,0.84834,1.00,1.15
2014.02.11 04:18:04.192,0.84821,0.84834,1.00,1.18
2014.02.11 04:18:04.533,0.84821,0.8483,1.00,1.00
2014.02.11 04:18:07.039,0.84821,0.84835,1.00,1.15
2014.02.11 04:18:10.843,0.84821,0.84835,1.00,1.18
2014.02.11 04:18:11.246,0.84821,0.84838,1.00,1.15
2014.02.11 04:18:11.440,0.84821,0.84834,1.00,1.00
2014.02.11 04:18:11.708,0.84821,0.84839,1.00,1.15
2014.02.11 04:18:30.851,0.84821,0.84839,1.00,1.10
2014.02.11 04:18:31.395,0.84821,0.84841,1.00,3.45
2014.02.11 04:18:31.496,0.84819,0.84839,1.00,1.15
2014.02.11 04:18:32.054,0.84821,0.84839,1.00,1.15
2014.02.11 04:18:42.650,0.84821,0.84839,1.00,1.10
2014.02.11 04:19:04.652,0.84819,0.84839,1.10,1.10
2014.02.11 04:19:32.414,0.84818,0.84841,2.33,1.55
2014.02.11 04:19:34.374,0.84821,0.84842,1.10,1.53
2014.02.11 04:20:16.112,0.84817,0.84839,3.08,1.00
2014.02.11 04:20:16.669,0.8482,0.84842,1.15,1.88
2014.02.11 04:20:24.252,0.8482,0.84841,3.08,1.38
2014.02.11 04:20:24.554,0.84827,0.84845,1.10,1.48
2014.02.11 04:20:25.120,0.84829,0.84847,1.00,1.55
2014.02.11 04:20:27.118,0.84827,0.84846,1.10,1.95
2014.02.11 04:20:40.241,0.84827,0.84846,1.10,1.95
2014.02.11 04:20:45.398,0.84826,0.84846,1.10,2.03
2014.02.11 04:20:57.203,0.84826,0.84846,1.10,1.53
2014.02.11 04:20:59.017,0.84821,0.84843,1.65,1.55
2014.02.11 04:20:59.201,0.84821,0.84843,1.65,1.58
2014.02.11 04:21:27.554,0.84821,0.84843,2.03,1.48
2014.02.11 04:21:36.181,0.84821,0.84843,2.03,1.55
2014.02.11 04:21:36.755,0.84821,0.84843,1.65,1.55
2014.02.11 04:21:52.858,0.84819,0.84841,1.15,1.45
2014.02.11 04:22:01.405,0.84819,0.84841,1.15,1.45
2014.02.11 04:22:03.108,0.84819,0.84841,1.15,1.38
2014.02.11 04:22:15.393,0.84819,0.84841,1.15,1.38
2014.02.11 04:22:27.500,0.84819,0.84841,1.18,1.55
2014.02.11 04:22:27.551,0.84819,0.84841,1.10,2.03
2014.02.11 04:22:27.601,0.84819,0.84841,1.10,2.03
2014.02.11 04:22:27.904,0.84819,0.84837,1.00,1.53
2014.02.11 04:22:28.206,0.84817,0.84836,1.00,2.03
2014.02.11 04:22:29.799,0.84817,0.84833,1.00,1.55
2014.02.11 04:22:35.549,0.84817,0.84831,1.00,1.53
2014.02.11 04:22:35.668,0.84811,0.84831,1.50,1.53
2014.02.11 04:22:35.769,0.84811,0.84829,1.00,3.45
2014.02.11 04:22:36.222,0.84811,0.84826,1.00,2.03
2014.02.11 04:22:36.272,0.84811,0.84826,1.00,2.03
2014.02.11 04:22:37.576,0.84811,0.84823,1.00,1.20
2014.02.11 04:22:37.769,0.84807,0.84823,1.00,1.20
2014.02.11 04:22:37.870,0.84807,0.84823,1.00,1.48
2014.02.11 04:22:39.048,0.84807,0.84823,1.00,1.20
2014.02.11 04:22:39.529,0.84811,0.84823,1.00,1.10
2014.02.11 04:22:40.372,0.84806,0.84823,1.00,1.10
2014.02.11 04:22:41.470,0.84812,0.84823,1.00,1.20
2014.02.11 04:22:49.254,0.84812,0.8482,1.00,1.00
2014.02.11 04:22:50.707,0.84806,0.8482,1.00,1.00
2014.02.11 04:22:51.546,0.84806,0.84823,1.00,1.10
2014.02.11 04:22:55.288,0.84806,0.84825,1.08,1.20
2014.02.11 04:22:57.807,0.84806,0.84825,1.15,1.00
2014.02.11 04:22:58.123,0.84812,0.84825,1.00,1.00
2014.02.11 04:22:58.276,0.84812,0.84829,1.00,1.55
2014.02.11 04:22:59.425,0.84812,0.84827,1.00,1.00
2014.02.11 04:23:00.929,0.84812,0.84827,1.00,1.38
2014.02.11 04:23:01.088,0.84807,0.84827,1.18,1.38
2014.02.11 04:23:01.625,0.84807,0.84826,1.18,1.13
2014.02.11 04:23:04.118,0.84807,0.84827,1.18,1.88
2014.02.11 04:23:04.714,0.84807,0.84826,1.00,1.55
2014.02.11 04:23:07.314,0.84807,0.84826,1.00,1.55
2014.02.11 04:23:15.482,0.84807,0.84827,1.00,2.03
2014.02.11 04:23:24.656,0.84807,0.84822,1.00,1.00
2014.02.11 04:23:35.237,0.84807,0.84821,1.00,1.00
2014.02.11 04:23:39.608,0.84807,0.84822,1.00,1.58
2014.02.11 04:23:42.723,0.84807,0.84821,1.00,1.00
2014.02.11 04:23:44.250,0.84807,0.84822,1.00,1.58
2014.02.11 04:23:46.043,0.84807,0.84821,1.00,1.00
2014.02.11 04:24:00.312,0.84807,0.84822,1.00,1.50
2014.02.11 04:24:01.225,0.84802,0.84821,1.28,1.00
2014.02.11 04:24:02.341,0.84802,0.84822,1.28,1.50
2014.02.11 04:24:05.359,0.84802,0.84821,1.15,1.00
2014.02.11 04:24:11.704,0.84802,0.84822,1.15,1.50
2014.02.11 04:24:12.911,0.84802,0.84821,1.15,1.00
2014.02.11 04:24:15.035,0.84805,0.84821,1.00,1.00
2014.02.11 04:24:16.067,0.84805,0.84822,1.00,1.00
2014.02.11 04:24:19.557,0.84805,0.84822,1.00,1.08
2014.02.11 04:24:19.658,0.84802,0.84822,1.00,1.15
2014.02.11 04:24:29.707,0.84807,0.84822,1.00,1.15
2014.02.11 04:24:31.178,0.84802,0.84821,1.50,1.20
2014.02.11 04:24:40.711,0.84802,0.84822,1.58,1.08
2014.02.11 04:24:44.055,0.84802,0.84822,1.65,1.00
2014.02.11 04:24:44.658,0.84802,0.84821,1.65,1.00
2014.02.11 04:24:46.473,0.84802,0.84822,1.65,1.00
2014.02.11 04:24:47.791,0.84802,0.84821,1.65,1.00
2014.02.11 04:24:49.477,0.84802,0.84824,1.65,1.18
2014.02.11 04:24:50.056,0.84806,0.84824,1.00,1.18
2014.02.11 04:24:50.437,0.84806,0.84824,1.38,1.18
2014.02.11 04:24:57.583,0.84802,0.84824,1.48,1.15
2014.02.11 04:24:57.747,0.84802,0.84817,1.00,1.00
2014.02.11 04:24:57.798,0.84802,0.84817,1.00,1.08
2014.02.11 04:24:58.100,0.848,0.8481,1.00,2.25
2014.02.11 04:24:58.322,0.84788,0.84808,1.00,1.15
2014.02.11 04:25:13.687,0.84785,0.84807,1.15,1.15
2014.02.11 04:25:15.331,0.84784,0.84809,1.18,3.08
2014.02.11 04:25:15.382,0.84784,0.84809,1.20,5.25
2014.02.11 04:25:16.365,0.84783,0.84809,1.15,3.08
2014.02.11 04:25:16.466,0.84783,0.84809,1.15,1.15
2014.02.11 04:25:17.557,0.84792,0.84809,1.00,1.15
2014.02.11 04:25:17.729,0.84792,0.84809,1.00,1.08
2014.02.11 04:25:20.307,0.84788,0.84809,1.55,1.08
2014.02.11 04:25:20.561,0.84784,0.84809,1.15,1.08
2014.02.11 04:25:20.712,0.8479,0.84811,1.00,2.33
2014.02.11 04:25:20.796,0.84787,0.84811,1.18,2.33
2014.02.11 04:25:24.078,0.84791,0.84811,1.00,2.33
2014.02.11 04:25:24.188,0.84791,0.84812,1.48,1.15
2014.02.11 04:25:24.299,0.84791,0.84812,1.53,1.18
2014.02.11 04:25:24.416,0.84791,0.84812,1.53,1.18
2014.02.11 04:25:24.718,0.84791,0.84815,1.53,1.15
2014.02.11 04:25:30.233,0.84791,0.84815,1.53,1.15
2014.02.11 04:25:30.616,0.84791,0.84815,3.45,1.08
2014.02.11 04:25:31.517,0.84794,0.84816,1.28,1.18
2014.02.11 04:25:41.670,0.84794,0.84816,1.55,2.03
2014.02.11 04:25:41.721,0.84794,0.84816,1.55,1.28
2014.02.11 04:25:43.616,0.84794,0.84816,1.15,1.95
2014.02.11 04:25:43.667,0.84794,0.84816,1.15,1.95
2014.02.11 04:26:02.557,0.84794,0.8481,1.15,2.10
2014.02.11 04:26:02.608,0.84794,0.8481,1.00,4.43
2014.02.11 04:26:02.709,0.84787,0.84801,1.00,2.33
2014.02.11 04:26:02.816,0.84788,0.84801,1.00,2.33
2014.02.11 04:26:02.968,0.84786,0.848,1.00,2.33
2014.02.11 04:26:03.019,0.84786,0.84798,1.00,2.33
2014.02.11 04:26:03.170,0.84786,0.848,1.00,5.25
2014.02.11 04:26:04.231,0.84786,0.84798,1.00,2.33
2014.02.11 04:26:04.686,0.84786,0.84799,1.00,1.15
2014.02.11 04:26:08.575,0.84781,0.84799,1.00,1.15
2014.02.11 04:26:08.899,0.84781,0.84799,1.00,1.15
2014.02.11 04:26:09.827,0.84779,0.848,1.38,1.15
2014.02.11 04:26:12.351,0.84781,0.848,1.00,1.15
2014.02.11 04:26:27.432,0.84779,0.848,1.38,1.15
2014.02.11 04:26:47.994,0.84784,0.848,1.00,1.15
2014.02.11 04:26:48.145,0.84783,0.848,1.00,1.10
2014.02.11 04:26:50.457,0.84784,0.84805,1.00,2.33
2014.02.11 04:26:54.646,0.84783,0.84805,1.00,2.33
2014.02.11 04:26:54.696,0.84783,0.84803,1.00,2.33
2014.02.11 04:26:55.986,0.84789,0.84803,1.00,2.33
2014.02.11 04:26:56.529,0.84788,0.84803,1.00,2.33
2014.02.11 04:27:01.441,0.84788,0.84806,1.00,2.33
2014.02.11 04:27:02.499,0.84789,0.84806,1.00,2.33
2014.02.11 04:27:03.175,0.84788,0.84806,1.00,2.33
2014.02.11 04:27:03.506,0.84788,0.84807,1.00,1.15
2014.02.11 04:27:03.607,0.84788,0.84807,1.00,1.20
2014.02.11 04:27:04.438,0.84789,0.84812,1.00,4.88
2014.02.11 04:27:07.302,0.84789,0.84807,1.00,1.18
2014.02.11 04:27:07.808,0.84788,0.84807,1.00,1.15
2014.02.11 04:27:10.565,0.84789,0.84807,1.00,1.15
2014.02.11 04:27:12.064,0.84788,0.84807,1.00,1.15
2014.02.11 04:27:23.169,0.84789,0.84807,1.00,1.15
2014.02.11 04:27:26.564,0.84791,0.84807,1.00,1.15
2014.02.11 04:27:26.716,0.84791,0.8481,1.55,1.00
2014.02.11 04:27:26.918,0.84791,0.84812,1.53,1.08
2014.02.11 04:27:27.204,0.84793,0.84816,1.53,1.15
2014.02.11 04:27:29.715,0.84792,0.84815,1.00,2.33
2014.02.11 04:27:30.021,0.84788,0.84811,1.10,2.33
2014.02.11 04:27:49.980,0.84786,0.84808,1.15,1.15
2014.02.11 04:27:58.871,0.84786,0.84808,1.08,1.15
2014.02.11 04:27:58.921,0.84786,0.84808,1.00,3.08
2014.02.11 04:28:02.074,0.84784,0.84808,1.08,3.08
2014.02.11 04:28:03.613,0.84792,0.84808,1.00,3.08
2014.02.11 04:28:03.938,0.84792,0.84808,1.00,1.15
2014.02.11 04:28:04.089,0.84792,0.84808,1.00,1.10
2014.02.11 04:28:16.402,0.84789,0.84808,1.00,1.10
2014.02.11 04:28:16.453,0.84789,0.84808,1.00,1.55
2014.02.11 04:28:16.755,0.84786,0.84808,1.00,1.53
2014.02.11 04:28:19.153,0.84786,0.84808,1.00,1.53
2014.02.11 04:28:19.381,0.84786,0.84808,1.15,1.53
2014.02.11 04:28:26.419,0.84786,0.84808,1.15,1.15
2014.02.11 04:28:26.520,0.84788,0.84808,1.18,1.00
2014.02.11 04:28:30.723,0.84788,0.84814,1.18,2.33
2014.02.11 04:28:40.243,0.84788,0.84807,1.18,1.00
2014.02.11 04:28:41.562,0.84792,0.84807,1.00,1.00
2014.02.11 04:28:50.169,0.84792,0.8481,1.00,1.15
2014.02.11 04:28:50.363,0.8479,0.8481,1.00,1.15
2014.02.11 04:28:50.913,0.84791,0.84806,1.00,1.00
2014.02.11 04:29:05.226,0.84788,0.84806,1.15,1.00
2014.02.11 04:29:05.535,0.84788,0.84806,5.25,1.00
2014.02.11 04:29:05.994,0.84792,0.84806,2.33,1.00
2014.02.11 04:29:06.313,0.84792,0.84811,2.33,1.00
2014.02.11 04:29:26.010,0.84791,0.84811,1.65,1.00
2014.02.11 04:29:46.061,0.84794,0.84811,1.00,1.00
2014.02.11 04:29:47.253,0.84794,0.84811,1.18,1.00
2014.02.11 04:29:59.171,0.84794,0.84811,1.00,1.10
2014.02.11 04:29:59.382,0.84792,0.84811,1.00,1.18
2014.02.11 04:29:59.584,0.84789,0.84809,1.18,1.00
2014.02.11 04:30:00.915,0.84791,0.84809,1.00,1.00
2014.02.11 04:30:01.472,0.84788,0.84809,1.15,1.00
2014.02.11 04:30:06.218,0.84788,0.84809,1.15,1.00
2014.02.11 04:30:06.518,0.84791,0.84811,1.18,1.00
2014.02.11 04:30:06.745,0.84791,0.84811,1.65,1.00
2014.02.11 04:30:07.585,0.84792,0.84814,1.15,1.20
2014.02.11 04:30:22.393,0.84793,0.84814,1.15,1.10
2014.02.11 04:30:22.696,0.84794,0.84814,3.08,1.00
2014.02.11 04:30:22.906,0.84795,0.84817,1.15,1.10
2014.02.11 04:30:24.338,0.84794,0.84812,3.08,1.00
2014.02.11 04:30:30.039,0.84797,0.84815,1.15,1.00
2014.02.11 04:30:30.241,0.84798,0.84815,1.15,1.00
2014.02.11 04:30:30.642,0.84799,0.84815,2.33,1.00
2014.02.11 04:30:31.915,0.84799,0.84815,1.15,1.00
2014.02.11 04:30:38.605,0.84799,0.84821,1.15,1.18
2014.02.11 04:30:40.695,0.84798,0.84818,1.15,1.00
2014.02.11 04:30:49.385,0.84799,0.84816,1.15,1.00
2014.02.11 04:30:51.997,0.84799,0.84816,1.15,1.00
2014.02.11 04:30:55.168,0.84798,0.84816,1.15,1.00
2014.02.11 04:30:55.734,0.84799,0.84816,1.15,1.00
2014.02.11 04:31:01.064,0.84799,0.84819,1.65,1.10
2014.02.11 04:31:04.235,0.84799,0.84819,1.65,1.00
2014.02.11 04:31:04.336,0.848,0.84819,2.33,1.00
2014.02.11 04:31:04.488,0.84801,0.84823,1.15,1.00
2014.02.11 04:31:04.861,0.84805,0.84823,2.33,1.00
2014.02.11 04:31:04.962,0.84803,0.84823,2.33,1.00
2014.02.11 04:31:05.134,0.84804,0.84826,1.15,1.10
2014.02.11 04:31:05.531,0.84806,0.84826,4.50,1.00
2014.02.11 04:31:05.836,0.84809,0.84826,3.45,1.00
2014.02.11 04:31:06.105,0.84812,0.84828,1.15,1.00
2014.02.11 04:31:06.206,0.84812,0.84828,1.10,1.00
2014.02.11 04:31:07.129,0.84811,0.84833,1.18,1.55
2014.02.11 04:31:07.475,0.84805,0.8483,3.08,1.10
2014.02.11 04:31:10.603,0.84805,0.84828,3.08,1.00
2014.02.11 04:31:10.856,0.84805,0.84828,1.20,1.53
2014.02.11 04:31:15.617,0.84802,0.84826,1.18,1.28
2014.02.11 04:31:15.668,0.84802,0.84826,1.18,1.28
2014.02.11 04:31:16.555,0.84805,0.84828,1.00,3.08
2014.02.11 04:31:17.531,0.84805,0.84828,1.08,3.08
2014.02.11 04:31:17.632,0.84805,0.84828,1.15,1.15
2014.02.11 04:31:25.794,0.84808,0.84828,1.00,1.15
2014.02.11 04:31:27.923,0.84804,0.84829,1.15,2.03
2014.02.11 04:31:28.367,0.84808,0.84829,1.00,1.28
2014.02.11 04:31:30.194,0.84804,0.84829,1.15,1.28
2014.02.11 04:31:31.238,0.84804,0.84829,1.15,1.28
2014.02.11 04:31:31.289,0.84804,0.84829,1.15,1.28
2014.02.11 04:31:48.220,0.84805,0.84829,1.08,3.08
2014.02.11 04:31:48.322,0.84803,0.84827,4.20,1.18
2014.02.11 04:31:57.277,0.84805,0.84829,1.00,3.08
2014.02.11 04:31:57.399,0.84805,0.84829,1.15,1.15
2014.02.11 04:32:11.617,0.84807,0.84829,1.08,2.03
2014.02.11 04:32:11.820,0.84801,0.84823,1.18,1.18
2014.02.11 04:32:12.601,0.84801,0.84823,1.15,1.08
2014.02.11 04:32:13.151,0.84801,0.84823,1.15,1.00
2014.02.11 04:32:13.789,0.84801,0.84823,3.08,1.00
2014.02.11 04:32:13.991,0.84805,0.84825,1.15,1.10
2014.02.11 04:32:16.962,0.84805,0.84825,1.08,1.18
2014.02.11 04:32:17.013,0.84805,0.84825,1.00,1.15
2014.02.11 04:32:17.215,0.84805,0.84822,1.00,1.18
2014.02.11 04:32:17.603,0.84803,0.84822,1.00,1.18
2014.02.11 04:32:18.120,0.84803,0.84822,1.00,1.55
2014.02.11 04:32:22.514,0.84803,0.84822,1.00,1.45
2014.02.11 04:32:23.894,0.848,0.8482,1.18,1.28
2014.02.11 04:32:28.874,0.848,0.8482,1.00,1.28
2014.02.11 04:32:29.075,0.84799,0.84821,1.15,2.03
2014.02.11 04:32:37.061,0.84807,0.84821,1.00,1.53
2014.02.11 04:32:41.298,0.84807,0.84825,1.13,1.53
2014.02.11 04:32:46.153,0.84808,0.84825,1.05,1.00
2014.02.11 04:32:46.354,0.84811,0.84828,1.13,1.13
2014.02.11 04:32:46.775,0.84811,0.8483,1.13,1.10
2014.02.11 04:32:55.527,0.84811,0.8483,1.28,1.00
2014.02.11 04:32:56.688,0.84811,0.8483,1.20,1.45
2014.02.11 04:32:56.993,0.84807,0.84827,1.10,1.48
2014.02.11 04:33:05.041,0.84807,0.84828,1.38,2.03
2014.02.11 04:33:05.192,0.84807,0.84828,1.53,1.95
2014.02.11 04:33:05.371,0.84807,0.84828,1.53,1.95
2014.02.11 04:33:06.065,0.84808,0.84828,2.70,1.88
2014.02.11 04:33:35.231,0.84811,0.84828,2.70,1.50
2014.02.11 04:33:39.930,0.84811,0.84831,2.70,1.00
2014.02.11 04:33:55.991,0.8481,0.84831,4.88,1.13
2014.02.11 04:34:06.140,0.8481,0.84829,2.70,1.00
2014.02.11 04:34:08.152,0.84811,0.84831,1.53,1.50
2014.02.11 04:34:15.997,0.84811,0.84831,1.53,1.00
2014.02.11 04:34:16.240,0.84811,0.84831,3.45,1.00
2014.02.11 04:34:16.542,0.84816,0.84831,1.53,1.00
2014.02.11 04:34:16.733,0.84816,0.84834,1.53,1.00
2014.02.11 04:34:20.981,0.84816,0.84834,1.53,1.00
2014.02.11 04:34:28.089,0.84816,0.84834,1.53,1.00
2014.02.11 04:34:37.092,0.84817,0.84834,2.70,1.00
2014.02.11 04:34:39.267,0.84819,0.84834,2.33,1.00
2014.02.11 04:34:39.419,0.84822,0.84839,1.18,1.38
2014.02.11 04:34:39.519,0.84822,0.84839,1.18,1.00
2014.02.11 04:34:39.620,0.84831,0.84839,1.00,1.00
2014.02.11 04:34:39.772,0.84831,0.84841,1.00,1.00
2014.02.11 04:34:39.872,0.84831,0.84843,1.00,1.00
2014.02.11 04:34:40.162,0.84831,0.84848,1.00,1.38
2014.02.11 04:34:41.619,0.84831,0.84848,1.38,1.00
2014.02.11 04:34:41.967,0.84831,0.84848,1.15,1.38
2014.02.11 04:34:42.119,0.84828,0.84848,1.28,1.88
2014.02.11 04:34:42.171,0.84828,0.84848,1.53,1.50
2014.02.11 04:34:44.369,0.84827,0.84848,1.53,1.00
2014.02.11 04:34:44.710,0.84828,0.84848,4.05,1.00
2014.02.11 04:34:52.320,0.8483,0.84848,1.53,1.00
2014.02.11 04:34:52.475,0.84832,0.84853,1.53,1.20
2014.02.11 04:34:53.023,0.84832,0.84853,1.53,1.20
2014.02.11 04:34:53.592,0.84832,0.84853,1.53,1.20
2014.02.11 04:34:54.379,0.84832,0.84853,1.53,1.20
2014.02.11 04:35:06.161,0.84832,0.84853,1.88,1.20
2014.02.11 04:35:06.212,0.84832,0.84848,1.13,1.00
2014.02.11 04:35:08.837,0.84832,0.84854,1.13,1.45
2014.02.11 04:35:13.848,0.84832,0.84854,1.13,1.20
2014.02.11 04:35:14.397,0.84832,0.84854,1.13,1.45
2014.02.11 04:35:20.608,0.84837,0.84855,1.00,1.55
2014.02.11 04:35:21.587,0.84837,0.84855,1.00,1.55
2014.02.11 04:35:25.888,0.84832,0.84848,1.13,1.00
2014.02.11 04:35:26.210,0.84833,0.84848,4.88,1.00
2014.02.11 04:35:30.725,0.84833,0.84853,5.63,1.00
2014.02.11 04:35:42.218,0.84833,0.84854,6.23,1.13
2014.02.11 04:35:42.752,0.84834,0.84854,1.53,1.00
2014.02.11 04:35:44.883,0.84833,0.84854,4.05,1.00
2014.02.11 04:36:01.087,0.84833,0.84858,4.05,1.95
2014.02.11 04:36:01.188,0.84835,0.84858,5.48,1.88
2014.02.11 04:36:01.500,0.84839,0.84858,2.70,1.88
2014.02.11 04:36:03.169,0.84836,0.84858,2.70,1.88
2014.02.11 04:36:13.363,0.84836,0.84859,3.45,1.38
2014.02.11 04:36:19.245,0.84836,0.84859,1.53,1.48
2014.02.11 04:36:22.337,0.84835,0.84854,1.53,1.00
2014.02.11 04:36:22.390,0.84835,0.84854,1.53,1.38
2014.02.11 04:36:22.607,0.84835,0.84854,1.18,1.48
2014.02.11 04:36:22.715,0.84832,0.84854,1.28,1.53
2014.02.11 04:36:22.823,0.84831,0.84853,1.38,4.88
2014.02.11 04:36:24.795,0.84831,0.84853,1.38,1.53
2014.02.11 04:36:25.047,0.84831,0.84853,1.13,1.53
2014.02.11 04:36:25.567,0.84827,0.84849,1.28,1.38
2014.02.11 04:36:30.441,0.84827,0.84849,1.28,1.55
2014.02.11 04:36:33.811,0.84827,0.84849,1.28,1.45
2014.02.11 04:36:34.156,0.84827,0.84849,1.53,1.20
2014.02.11 04:36:34.359,0.8483,0.84849,1.28,1.13
2014.02.11 04:37:08.034,0.84834,0.84854,1.10,1.53
2014.02.11 04:37:09.568,0.84833,0.84854,1.18,1.53
2014.02.11 04:37:23.825,0.84833,0.84848,1.65,1.00
2014.02.11 04:37:24.557,0.84834,0.84853,1.20,1.88
2014.02.11 04:37:46.044,0.84833,0.84848,1.15,1.00
2014.02.11 04:37:46.418,0.8483,0.84848,1.15,1.38
2014.02.11 04:38:07.019,0.84832,0.8485,1.08,1.38
2014.02.11 04:38:07.520,0.84832,0.8485,1.18,1.38
2014.02.11 04:38:07.571,0.84832,0.8485,1.18,1.38
2014.02.11 04:38:16.445,0.84832,0.8485,1.18,1.38
2014.02.11 04:38:26.894,0.84832,0.8485,1.18,1.38
2014.02.11 04:38:28.065,0.84832,0.8485,1.10,1.38
2014.02.11 04:38:28.983,0.84832,0.8485,1.10,1.38
2014.02.11 04:38:29.135,0.84832,0.8485,1.00,1.45
2014.02.11 04:38:29.186,0.8483,0.84849,1.00,1.45
2014.02.11 04:38:29.236,0.8483,0.84849,1.00,1.53
2014.02.11 04:38:29.652,0.84827,0.84849,1.13,2.03
2014.02.11 04:38:35.809,0.84827,0.84847,1.13,2.70
2014.02.11 04:38:38.858,0.84826,0.84846,1.50,1.53
2014.02.11 04:38:46.688,0.84826,0.84843,1.00,1.45
2014.02.11 04:38:48.124,0.84826,0.84839,1.00,1.38
2014.02.11 04:38:48.555,0.84817,0.84837,1.00,1.53
2014.02.11 04:38:48.656,0.8482,0.84839,1.00,1.53
2014.02.11 04:38:48.992,0.84817,0.84837,1.00,3.45
2014.02.11 04:38:49.468,0.84814,0.84837,1.00,2.70
2014.02.11 04:38:55.908,0.84813,0.84837,1.00,3.45
2014.02.11 04:38:56.463,0.84814,0.84837,1.00,3.45
2014.02.11 04:38:57.441,0.84813,0.84837,1.00,3.45
2014.02.11 04:38:58.074,0.84814,0.84837,1.00,3.45
2014.02.11 04:39:00.291,0.84812,0.84837,1.10,3.45
2014.02.11 04:39:26.517,0.84816,0.84837,1.00,4.20
2014.02.11 04:39:29.997,0.84816,0.84836,1.00,1.28
2014.02.11 04:39:34.066,0.84816,0.84834,1.00,2.33
2014.02.11 04:39:34.116,0.84812,0.84834,1.00,2.33
2014.02.11 04:39:39.528,0.84808,0.84832,1.15,1.15
2014.02.11 04:39:53.991,0.84808,0.84832,1.15,1.15
2014.02.11 04:40:02.087,0.84809,0.84832,2.33,1.08
2014.02.11 04:40:02.137,0.8481,0.84832,2.33,1.00
2014.02.11 04:40:02.188,0.84812,0.84832,2.33,1.00
2014.02.11 04:40:02.289,0.84812,0.84834,4.50,1.00
2014.02.11 04:40:04.078,0.84811,0.84834,2.33,1.20
2014.02.11 04:40:04.179,0.84809,0.84834,1.53,1.28
2014.02.11 04:40:06.553,0.84811,0.84835,3.83,1.15
2014.02.11 04:40:07.117,0.84811,0.84835,3.83,1.18
2014.02.11 04:40:09.724,0.84811,0.84835,1.65,1.18
2014.02.11 04:40:09.825,0.84811,0.84835,1.65,1.15
2014.02.11 04:40:14.459,0.84812,0.84834,1.15,1.00
2014.02.11 04:40:14.777,0.84814,0.84834,2.33,1.00
2014.02.11 04:40:15.101,0.84812,0.84834,1.15,1.00
2014.02.11 04:40:15.847,0.84814,0.84834,2.33,1.00
2014.02.11 04:40:16.498,0.84813,0.84834,2.33,1.00
2014.02.11 04:40:16.548,0.84812,0.84834,1.28,1.00
2014.02.11 04:40:17.861,0.84815,0.84836,1.15,1.28
2014.02.11 04:40:40.856,0.84822,0.84837,1.00,2.03
2014.02.11 04:40:41.058,0.84818,0.8484,3.23,1.53
2014.02.11 04:40:41.109,0.84818,0.8484,2.03,1.38
2014.02.11 04:40:41.210,0.84818,0.8484,1.20,1.53
2014.02.11 04:40:41.261,0.84824,0.84841,1.00,1.53
2014.02.11 04:40:41.362,0.84818,0.84838,1.20,1.58
2014.02.11 04:40:41.463,0.84821,0.84841,1.00,1.53
2014.02.11 04:40:41.651,0.84817,0.84837,1.15,1.38
2014.02.11 04:40:48.102,0.84821,0.84837,1.00,1.38
2014.02.11 04:40:48.409,0.84821,0.84837,1.15,1.00
2014.02.11 04:40:49.131,0.84821,0.84841,1.65,1.38
2014.02.11 04:40:49.181,0.84821,0.84841,1.65,1.38
2014.02.11 04:40:51.116,0.84821,0.84841,1.15,1.38
2014.02.11 04:40:51.470,0.84817,0.84839,1.20,1.53
2014.02.11 04:40:53.514,0.84817,0.84838,1.00,2.70
2014.02.11 04:40:56.586,0.84822,0.84838,1.00,2.70
2014.02.11 04:40:56.755,0.84822,0.84839,1.00,1.48
2014.02.11 04:40:57.108,0.84817,0.84839,1.10,1.53
2014.02.11 04:40:57.161,0.84821,0.8484,1.00,2.70
2014.02.11 04:40:57.270,0.84817,0.84839,1.10,1.53
2014.02.11 04:40:59.250,0.84817,0.84838,1.00,2.70
2014.02.11 04:40:59.470,0.84814,0.84836,1.08,1.15
2014.02.11 04:41:00.732,0.84812,0.84834,1.08,1.15
2014.02.11 04:41:00.783,0.84812,0.84834,1.10,1.15
2014.02.11 04:41:00.855,0.84822,0.84834,1.00,1.15
2014.02.11 04:41:01.008,0.84822,0.84834,1.00,1.00
2014.02.11 04:41:01.160,0.84823,0.84841,1.00,1.53
2014.02.11 04:41:01.262,0.84819,0.8484,1.10,2.70
2014.02.11 04:41:01.413,0.84819,0.84837,1.00,2.70
2014.02.11 04:41:01.464,0.84814,0.84836,1.10,1.28
2014.02.11 04:41:01.734,0.84814,0.84835,1.00,2.33
2014.02.11 04:41:01.936,0.84812,0.84833,1.13,1.15
2014.02.11 04:41:05.046,0.84813,0.84833,2.10,1.15
2014.02.11 04:41:05.322,0.84821,0.84838,1.13,1.45
2014.02.11 04:41:05.423,0.84823,0.84842,1.00,1.53
2014.02.11 04:41:05.675,0.84815,0.84837,1.10,1.28
2014.02.11 04:41:05.927,0.84815,0.84836,1.00,2.33
2014.02.11 04:41:10.094,0.84822,0.84836,1.00,2.33
2014.02.11 04:41:10.247,0.84822,0.84837,1.00,1.10
2014.02.11 04:41:10.550,0.84819,0.84839,1.00,1.53
2014.02.11 04:41:10.651,0.84815,0.84836,2.78,1.08
2014.02.11 04:41:10.803,0.84816,0.84836,1.00,1.15
2014.02.11 04:41:13.835,0.84821,0.84836,1.00,1.15
2014.02.11 04:41:13.887,0.84821,0.84836,1.13,1.08
2014.02.11 04:41:14.038,0.84821,0.84841,1.20,1.55
2014.02.11 04:41:16.405,0.84823,0.84843,1.48,1.28
2014.02.11 04:41:18.178,0.84823,0.84843,1.10,1.53
2014.02.11 04:41:23.125,0.84823,0.84843,1.00,1.53
2014.02.11 04:41:23.473,0.84823,0.84839,1.00,2.70
2014.02.11 04:41:23.574,0.84816,0.84836,1.10,1.18
2014.02.11 04:41:39.497,0.84816,0.84836,1.00,1.53
2014.02.11 04:42:00.063,0.84816,0.84836,1.00,1.28
2014.02.11 04:42:05.745,0.84816,0.84836,1.00,1.28
2014.02.11 04:42:06.288,0.84816,0.84836,1.00,2.03
2014.02.11 04:42:13.429,0.84816,0.84834,1.00,2.33
2014.02.11 04:42:13.730,0.84813,0.84833,1.00,1.15
2014.02.11 04:42:29.779,0.84813,0.84833,1.00,1.15
2014.02.11 04:42:30.106,0.84813,0.84833,1.00,3.08
2014.02.11 04:42:36.113,0.84813,0.84833,1.38,3.08
2014.02.11 04:42:36.164,0.84813,0.84833,1.53,1.00
2014.02.11 04:42:36.416,0.84819,0.84839,1.00,3.45
2014.02.11 04:42:36.609,0.84816,0.84836,1.20,1.15
2014.02.11 04:42:54.503,0.84814,0.84831,1.08,1.00
2014.02.11 04:42:54.806,0.84814,0.84827,1.00,1.18
2014.02.11 04:42:55.007,0.84804,0.84824,1.18,1.18
2014.02.11 04:42:55.261,0.84804,0.84822,1.10,1.08
2014.02.11 04:42:55.463,0.84801,0.84821,1.10,1.10
2014.02.11 04:43:04.988,0.84797,0.84819,1.15,1.00
2014.02.11 04:43:16.546,0.84797,0.84819,1.18,1.15
2014.02.11 04:43:16.647,0.84797,0.84819,1.20,1.15
2014.02.11 04:43:17.102,0.84798,0.84819,2.25,1.08
2014.02.11 04:43:17.203,0.84801,0.84821,1.15,1.50
2014.02.11 04:43:17.355,0.848,0.84819,2.33,1.00
2014.02.11 04:43:17.748,0.84801,0.84822,1.15,1.00
2014.02.11 04:43:19.014,0.84801,0.84823,1.15,1.10
2014.02.11 04:43:19.198,0.84801,0.84822,1.20,1.15
2014.02.11 04:43:19.300,0.84797,0.84819,1.15,1.00
2014.02.11 04:43:42.770,0.84801,0.84819,1.18,1.00
2014.02.11 04:43:42.871,0.84801,0.84822,1.15,1.00
2014.02.11 04:43:42.922,0.84804,0.84822,2.33,1.00
2014.02.11 04:43:43.275,0.84804,0.84824,3.08,1.00
2014.02.11 04:43:51.643,0.84806,0.84824,2.33,1.00
2014.02.11 04:43:51.958,0.84807,0.84829,3.08,1.00
2014.02.11 04:44:12.858,0.84811,0.84831,1.18,1.50
2014.02.11 04:44:13.523,0.84807,0.84829,3.83,1.00
2014.02.11 04:44:20.777,0.84811,0.84831,1.18,1.00
2014.02.11 04:44:33.075,0.84811,0.84831,1.15,1.00
2014.02.11 04:44:34.072,0.84811,0.84831,1.15,1.00
2014.02.11 04:44:42.540,0.84811,0.84832,1.15,1.10
2014.02.11 04:44:50.651,0.84811,0.84831,1.15,1.00
2014.02.11 04:44:52.075,0.84811,0.84832,1.15,1.10
2014.02.11 04:45:33.444,0.84809,0.84833,1.00,1.00
2014.02.11 04:45:40.696,0.84808,0.84833,1.00,1.50
2014.02.11 04:45:42.089,0.84809,0.84833,1.00,1.50
2014.02.11 04:45:42.748,0.84809,0.84829,1.00,1.00
2014.02.11 04:45:54.773,0.84808,0.84829,1.00,1.00
2014.02.11 04:45:57.091,0.84809,0.84829,1.00,1.00
2014.02.11 04:45:58.004,0.84808,0.84829,1.00,1.00
2014.02.11 04:45:58.916,0.84809,0.84829,1.00,1.00
2014.02.11 04:46:00.223,0.84808,0.84829,1.00,1.00
2014.02.11 04:46:11.693,0.84809,0.84829,1.00,1.00
2014.02.11 04:46:12.830,0.84808,0.84829,1.00,1.00
2014.02.11 04:46:18.759,0.84809,0.84829,1.00,1.00
2014.02.11 04:46:19.529,0.84808,0.84829,1.00,1.00
2014.02.11 04:46:22.092,0.84809,0.84829,1.00,1.00
2014.02.11 04:46:24.956,0.84808,0.84829,1.00,1.00
2014.02.11 04:46:27.166,0.84812,0.84832,1.00,1.00
2014.02.11 04:46:39.868,0.84812,0.84832,1.00,1.38
2014.02.11 04:46:40.365,0.84809,0.84829,1.15,1.00
2014.02.11 04:47:17.515,0.84808,0.84829,3.08,1.00
2014.02.11 04:47:17.839,0.84814,0.84829,1.18,1.00
2014.02.11 04:47:18.142,0.84814,0.84833,2.33,1.50
2014.02.11 04:47:19.972,0.84813,0.84833,1.15,1.50
2014.02.11 04:47:22.349,0.84814,0.84833,1.15,1.50
2014.02.11 04:47:22.400,0.84815,0.84833,2.33,1.50
2014.02.11 04:47:22.602,0.84824,0.84838,1.10,1.00
2014.02.11 04:47:22.703,0.84824,0.84838,1.15,1.00
2014.02.11 04:47:22.753,0.84824,0.84842,1.15,1.00
2014.02.11 04:47:24.438,0.84824,0.84838,1.15,1.00
2014.02.11 04:47:24.539,0.84824,0.84842,1.08,1.00
2014.02.11 04:47:25.103,0.84824,0.84842,1.15,1.00
2014.02.11 04:47:29.870,0.84825,0.84845,1.18,1.00
2014.02.11 04:47:30.087,0.84825,0.84845,1.15,1.00
2014.02.11 04:47:33.309,0.84828,0.84845,1.15,1.00
2014.02.11 04:48:03.978,0.84829,0.84845,1.15,1.00
2014.02.11 04:48:04.281,0.84829,0.84845,2.33,1.00
2014.02.11 04:48:04.433,0.84829,0.84848,3.45,1.00
2014.02.11 04:48:04.516,0.84833,0.84854,1.18,1.10
2014.02.11 04:48:04.566,0.84833,0.84854,1.15,1.00
2014.02.11 04:48:05.826,0.84833,0.84857,1.15,1.18
2014.02.11 04:48:05.877,0.84834,0.84857,1.15,1.00
2014.02.11 04:48:06.230,0.84833,0.84857,1.15,1.20
2014.02.11 04:48:10.857,0.84836,0.84857,2.33,1.00
2014.02.11 04:48:10.959,0.84834,0.84857,3.08,1.10
2014.02.11 04:48:11.225,0.84834,0.84853,3.08,1.00
2014.02.11 04:48:11.995,0.84834,0.84856,2.33,1.00
2014.02.11 04:48:15.745,0.84833,0.84856,1.15,1.18
2014.02.11 04:48:15.984,0.84834,0.84853,1.15,1.00
2014.02.11 04:48:17.996,0.84834,0.84856,1.15,1.18
2014.02.11 04:48:24.216,0.84835,0.84856,2.33,1.08
2014.02.11 04:48:24.729,0.84839,0.84856,1.15,1.00
2014.02.11 04:48:26.078,0.84838,0.84858,1.15,1.00
2014.02.11 04:48:34.185,0.84839,0.84858,1.15,1.00
2014.02.11 04:48:34.336,0.84839,0.84858,1.15,1.00
2014.02.11 04:48:37.595,0.84839,0.84853,1.15,1.00
2014.02.11 04:48:38.118,0.84836,0.84853,1.15,1.00
2014.02.11 04:48:46.398,0.84836,0.84853,3.08,1.00
2014.02.11 04:48:56.608,0.84836,0.84853,1.15,1.00
2014.02.11 04:48:57.120,0.84836,0.84853,1.18,1.00
2014.02.11 04:48:58.692,0.84836,0.84853,1.15,1.00
2014.02.11 04:49:06.544,0.84836,0.84853,1.00,1.00
2014.02.11 04:49:07.311,0.84836,0.84853,1.00,1.15
2014.02.11 04:49:07.864,0.84836,0.84853,1.00,3.45
2014.02.11 04:49:08.016,0.84832,0.84849,1.00,1.18
2014.02.11 04:49:08.227,0.84828,0.84849,1.15,1.18
2014.02.11 04:49:17.715,0.84828,0.84849,1.10,1.15
2014.02.11 04:49:45.053,0.84829,0.84849,1.00,1.15
2014.02.11 04:50:00.797,0.84829,0.8485,1.00,2.33
2014.02.11 04:50:01.099,0.84827,0.84843,1.00,2.70
2014.02.11 04:50:01.267,0.84822,0.84842,1.00,1.15
2014.02.11 04:50:01.368,0.84822,0.84841,1.00,2.33
2014.02.11 04:50:01.579,0.84818,0.84838,1.10,1.18
2014.02.11 04:50:02.653,0.84821,0.84841,1.00,3.08
2014.02.11 04:50:02.873,0.84819,0.84841,1.00,2.33
2014.02.11 04:50:05.164,0.84818,0.84841,1.58,2.33
2014.02.11 04:50:07.167,0.84818,0.84838,1.00,1.15
2014.02.11 04:50:07.318,0.84814,0.84838,1.15,1.15
2014.02.11 04:50:07.368,0.84814,0.84836,1.00,2.33
2014.02.11 04:50:07.897,0.8481,0.84835,1.15,1.15
2014.02.11 04:50:14.103,0.84813,0.84837,1.08,1.15
2014.02.11 04:50:14.204,0.84813,0.84837,3.45,1.15
2014.02.11 04:50:14.412,0.84819,0.84837,1.08,1.00
2014.02.11 04:50:14.665,0.84818,0.84843,1.65,1.15
2014.02.11 04:50:15.184,0.84819,0.84843,1.15,1.15
2014.02.11 04:50:15.842,0.84819,0.84843,1.15,1.18
2014.02.11 04:50:15.892,0.84819,0.84843,1.15,1.10
2014.02.11 04:50:36.034,0.8482,0.84844,2.33,1.18
2014.02.11 04:50:39.645,0.84823,0.84844,1.18,1.00
2014.02.11 04:50:39.696,0.84823,0.84849,1.15,1.65
2014.02.11 04:50:40.977,0.84825,0.84849,1.15,1.65
2014.02.11 04:50:41.281,0.84827,0.84851,5.63,1.00
2014.02.11 04:50:41.620,0.8483,0.84854,2.70,1.18
2014.02.11 04:50:41.941,0.84834,0.84856,1.53,1.18
2014.02.11 04:50:59.918,0.84833,0.84857,1.28,1.28
2014.02.11 04:50:59.969,0.84833,0.84857,1.28,1.28
2014.02.11 04:51:21.153,0.84833,0.84853,1.28,1.00
2014.02.11 04:51:23.792,0.84833,0.84857,1.15,1.53
2014.02.11 04:51:26.153,0.84833,0.84856,1.18,2.33
2014.02.11 04:51:27.160,0.84833,0.84856,1.10,2.33
2014.02.11 04:51:28.010,0.84834,0.84856,1.00,2.33
2014.02.11 04:51:28.515,0.84831,0.84856,1.65,2.70
2014.02.11 04:51:40.098,0.84834,0.84856,1.00,2.70
2014.02.11 04:51:40.624,0.84833,0.84856,1.10,2.70
2014.02.11 04:51:44.230,0.84834,0.84856,1.00,2.70
2014.02.11 04:51:47.057,0.84834,0.84857,1.00,1.53
2014.02.11 04:51:56.085,0.84833,0.84854,1.20,1.15
2014.02.11 04:52:04.653,0.84828,0.84853,4.20,1.18
2014.02.11 04:52:06.640,0.84828,0.84853,2.03,1.15
2014.02.11 04:52:11.308,0.84829,0.84853,1.53,1.10
2014.02.11 04:52:21.361,0.84828,0.8485,3.45,1.00
2014.02.11 04:52:26.863,0.84828,0.8485,1.58,1.15
2014.02.11 04:52:27.166,0.84827,0.8485,1.53,1.00
2014.02.11 04:52:27.757,0.84827,0.8485,1.53,1.18
2014.02.11 04:52:48.122,0.84827,0.8485,1.53,1.10
2014.02.11 04:53:00.241,0.84829,0.84847,1.55,1.00
2014.02.11 04:53:06.527,0.84827,0.84847,1.00,1.18
2014.02.11 04:53:22.001,0.84827,0.84847,1.53,1.00
2014.02.11 04:53:22.870,0.84829,0.84849,1.00,1.15
2014.02.11 04:53:24.092,0.84829,0.84847,1.00,1.00
2014.02.11 04:53:26.551,0.84828,0.84847,1.20,1.00
2014.02.11 04:53:38.693,0.84827,0.84847,1.00,1.15
2014.02.11 04:54:05.011,0.84827,0.84847,1.45,1.08
2014.02.11 04:54:05.919,0.84829,0.84847,1.55,1.00
2014.02.11 04:54:08.781,0.84831,0.84847,1.45,1.00
2014.02.11 04:54:08.832,0.84831,0.84851,2.03,1.00
2014.02.11 04:54:09.295,0.84828,0.8485,1.65,1.08
2014.02.11 04:54:09.804,0.84829,0.84847,1.18,1.00
2014.02.11 04:54:15.372,0.84828,0.84847,1.15,1.00
2014.02.11 04:54:15.573,0.84831,0.84851,1.10,1.10
2014.02.11 04:54:22.650,0.84831,0.84851,1.18,1.10
2014.02.11 04:54:22.700,0.84831,0.84851,1.15,1.00
2014.02.11 04:54:24.773,0.84832,0.84851,1.15,1.00
2014.02.11 04:54:28.971,0.84837,0.84857,1.00,1.08
2014.02.11 04:54:29.022,0.84837,0.84857,1.20,1.08
2014.02.11 04:54:29.525,0.84837,0.84857,1.15,1.00
2014.02.11 04:54:32.567,0.84837,0.84857,1.20,1.20
2014.02.11 04:54:44.001,0.84837,0.84854,1.00,1.10
2014.02.11 04:54:44.153,0.84832,0.84852,1.18,1.00
2014.02.11 04:54:44.204,0.84832,0.84852,1.10,1.08
2014.02.11 04:54:44.842,0.84828,0.8485,2.03,1.18
2014.02.11 04:54:45.317,0.84837,0.8485,1.00,1.00
2014.02.11 04:54:45.469,0.84837,0.84852,1.00,1.00
2014.02.11 04:54:45.672,0.84832,0.84852,1.53,1.00
2014.02.11 04:54:45.773,0.84836,0.84856,1.00,1.15
2014.02.11 04:54:51.171,0.84836,0.84856,1.20,1.20
2014.02.11 04:54:59.401,0.84834,0.84856,1.15,1.18
2014.02.11 04:55:00.265,0.84834,0.84856,1.08,1.15
2014.02.11 04:55:22.091,0.84831,0.84851,1.15,1.00
2014.02.11 04:55:31.841,0.84831,0.84848,1.15,1.00
2014.02.11 04:55:32.145,0.84831,0.84848,1.00,1.55
2014.02.11 04:55:32.246,0.84826,0.84848,1.18,2.03
2014.02.11 04:55:35.830,0.84828,0.84845,1.15,1.38
2014.02.11 04:55:39.401,0.84829,0.84849,1.18,1.18
2014.02.11 04:55:39.452,0.84834,0.84849,1.00,1.10
2014.02.11 04:55:39.759,0.84836,0.84849,2.33,1.00
2014.02.11 04:55:39.911,0.8484,0.84859,1.08,1.10
2014.02.11 04:55:40.350,0.84837,0.84857,1.15,1.00
2014.02.11 04:55:50.917,0.8484,0.8486,1.08,1.08
2014.02.11 04:55:54.539,0.8484,0.8486,1.08,1.00
2014.02.11 04:56:06.264,0.8484,0.8486,1.18,1.18
2014.02.11 04:56:13.940,0.8484,0.84859,1.08,1.55
2014.02.11 04:56:14.298,0.84835,0.84857,1.15,1.55
2014.02.11 04:56:17.830,0.84837,0.84857,1.15,1.00
2014.02.11 04:56:21.571,0.84835,0.84853,3.08,1.00
2014.02.11 04:56:21.722,0.84834,0.84853,1.15,1.00
2014.02.11 04:56:21.823,0.84834,0.84853,1.15,1.00
2014.02.11 04:56:22.364,0.84834,0.84854,1.10,1.15
2014.02.11 04:56:22.809,0.84834,0.84854,1.15,1.10
2014.02.11 04:56:24.292,0.84833,0.84857,1.15,1.08
2014.02.11 04:56:24.343,0.84833,0.84857,1.15,1.00
2014.02.11 04:56:24.559,0.84839,0.84859,1.08,1.20
2014.02.11 04:56:26.049,0.84839,0.84853,1.18,1.00
2014.02.11 04:56:26.200,0.84839,0.84853,1.00,1.13
2014.02.11 04:56:26.351,0.84833,0.84853,1.15,1.13
2014.02.11 04:56:26.550,0.84831,0.8485,2.33,1.00
2014.02.11 04:56:36.260,0.84831,0.84853,3.08,1.88
2014.02.11 04:56:36.361,0.84831,0.84853,1.15,1.95
2014.02.11 04:56:39.564,0.84835,0.84855,1.00,1.53
2014.02.11 04:56:42.250,0.84835,0.84855,1.08,1.08
2014.02.11 04:56:42.301,0.84835,0.84855,1.15,1.00
2014.02.11 04:56:44.040,0.84838,0.84858,1.10,1.15
2014.02.11 04:56:45.399,0.84838,0.84853,1.10,1.13
2014.02.11 04:56:45.705,0.84834,0.84853,1.00,1.28
2014.02.11 04:56:45.756,0.84834,0.84853,1.00,1.53
2014.02.11 04:56:45.981,0.84834,0.84853,1.00,1.28
2014.02.11 04:56:53.452,0.84834,0.84856,1.65,1.15
2014.02.11 04:56:53.804,0.84834,0.84856,3.83,1.00
2014.02.11 04:56:54.394,0.84839,0.84861,1.10,1.15
2014.02.11 04:57:05.246,0.84839,0.84861,1.00,5.25
2014.02.11 04:57:07.193,0.84839,0.84861,1.10,1.15
2014.02.11 04:57:21.000,0.84841,0.84861,1.00,1.15
2014.02.11 04:57:21.280,0.84841,0.84861,1.00,1.15
2014.02.11 04:57:21.381,0.84848,0.84863,1.00,1.15
2014.02.11 04:57:21.582,0.84845,0.84863,1.00,1.15
2014.02.11 04:57:23.995,0.84848,0.84863,1.00,1.15
2014.02.11 04:57:24.207,0.84843,0.84863,1.10,1.15
2014.02.11 04:57:24.459,0.84847,0.84863,1.00,1.15
2014.02.11 04:57:24.519,0.84843,0.84863,1.10,1.15
2014.02.11 04:57:26.392,0.84847,0.84863,1.00,1.15
2014.02.11 04:57:26.609,0.84845,0.84863,1.00,1.15
2014.02.11 04:57:27.469,0.84845,0.84863,1.00,1.15
2014.02.11 04:57:27.632,0.84842,0.84862,1.10,1.18
2014.02.11 04:57:27.683,0.84842,0.84862,1.00,3.08
2014.02.11 04:57:28.850,0.84838,0.84859,1.00,1.15
2014.02.11 04:57:32.258,0.84839,0.84859,1.00,1.15
2014.02.11 04:57:48.687,0.84837,0.84859,1.10,1.15
2014.02.11 04:57:49.017,0.84839,0.84859,1.00,1.15
2014.02.11 04:57:49.503,0.84837,0.84859,1.10,1.15
2014.02.11 04:58:07.370,0.84837,0.84859,1.18,1.18
2014.02.11 04:58:07.422,0.84839,0.84859,1.20,1.20
2014.02.11 04:58:07.674,0.84838,0.84859,1.15,1.00
2014.02.11 04:58:08.818,0.84838,0.84859,3.08,1.00
2014.02.11 04:58:09.121,0.84842,0.84861,2.33,1.00
2014.02.11 04:58:09.181,0.84843,0.84865,1.15,1.48
2014.02.11 04:58:09.757,0.84843,0.84865,1.15,1.10
2014.02.11 04:58:13.277,0.84844,0.84866,1.15,1.55
2014.02.11 04:58:13.640,0.84844,0.84866,1.10,1.53
2014.02.11 04:58:14.572,0.84841,0.84863,1.15,1.00
2014.02.11 04:58:17.331,0.84842,0.84863,2.33,1.00
2014.02.11 04:58:17.842,0.84845,0.84865,1.15,1.48
2014.02.11 04:58:19.312,0.84845,0.84865,1.00,1.55
2014.02.11 04:58:19.413,0.84845,0.84865,1.00,1.53
2014.02.11 04:58:19.520,0.84839,0.84861,1.15,1.00
2014.02.11 04:58:19.620,0.84842,0.84861,2.25,1.00
2014.02.11 04:58:19.671,0.84847,0.84869,1.10,1.28
2014.02.11 04:58:27.372,0.84848,0.84869,1.10,1.28
2014.02.11 04:58:27.423,0.84848,0.84869,1.20,1.28
2014.02.11 04:58:30.890,0.84849,0.84869,1.00,1.28
2014.02.11 04:58:35.229,0.84847,0.84869,1.15,1.28
2014.02.11 04:58:35.279,0.84843,0.84863,5.25,1.00
2014.02.11 04:58:35.380,0.84847,0.84867,1.15,1.00
2014.02.11 04:58:35.835,0.84847,0.84867,1.15,1.38
2014.02.11 04:58:36.037,0.84843,0.84863,1.15,1.00
2014.02.11 04:58:38.138,0.84843,0.84863,3.08,1.00
2014.02.11 04:58:38.239,0.84847,0.84867,1.08,1.15
2014.02.11 04:58:38.944,0.84849,0.84867,1.10,1.00
2014.02.11 04:58:44.977,0.84848,0.84867,1.15,1.00
2014.02.11 04:58:45.078,0.84851,0.84873,1.20,2.78
2014.02.11 04:58:45.586,0.84851,0.84873,1.20,2.03
2014.02.11 04:58:46.388,0.84851,0.84873,1.20,2.03
2014.02.11 04:58:46.692,0.84848,0.8487,1.00,1.53
2014.02.11 04:58:47.596,0.84848,0.8487,1.00,1.53
2014.02.11 04:58:52.868,0.84848,0.84868,1.00,2.70
2014.02.11 04:58:52.969,0.84846,0.84866,1.00,1.15
2014.02.11 04:58:55.972,0.84846,0.84866,1.00,1.15
2014.02.11 04:58:56.073,0.84846,0.84864,1.00,2.33
2014.02.11 04:58:58.936,0.84841,0.84863,1.10,1.15
2014.02.11 04:59:01.735,0.84839,0.84859,1.58,1.18
2014.02.11 04:59:01.786,0.84839,0.84859,1.00,1.15
2014.02.11 04:59:02.540,0.84839,0.84859,1.58,1.15
2014.02.11 04:59:02.641,0.84842,0.84863,1.00,2.33
2014.02.11 04:59:12.227,0.84845,0.84865,1.00,1.15
2014.02.11 04:59:26.838,0.84842,0.84862,1.00,1.15
2014.02.11 04:59:33.022,0.84842,0.84862,1.00,1.15
2014.02.11 04:59:40.438,0.84843,0.84862,1.00,1.15
2014.02.11 04:59:40.591,0.84847,0.84865,1.00,4.50
2014.02.11 04:59:44.767,0.84844,0.84864,1.00,1.15
2014.02.11 04:59:46.786,0.84844,0.84864,1.00,1.15
2014.02.11 04:59:46.888,0.84844,0.84864,1.65,1.20
2014.02.11 04:59:47.057,0.84844,0.84864,1.65,1.10
2014.02.11 04:59:47.320,0.84846,0.84868,1.15,1.28
2014.02.11 04:59:57.087,0.84844,0.84864,1.15,1.00
2014.02.11 04:59:58.004,0.84848,0.84868,1.00,1.15
