2010.03.04 06:00:00.207,0.6096,0.61,1.60,1.60
2010.03.04 06:00:04.887,0.60965,0.61005,1.60,1.60
2010.03.04 06:00:13.901,0.6096,0.61,1.60,1.60
2010.03.04 06:00:20.390,0.60955,0.60995,1.60,1.60
2010.03.04 06:00:27.548,0.6096,0.61,1.60,1.60
2010.03.04 06:00:32.237,0.60955,0.60995,1.60,1.60
2010.03.04 06:01:01.095,0.60955,0.61,1.60,1.60
2010.03.04 06:01:02.440,0.60955,0.60995,1.60,1.60
2010.03.04 06:01:05.319,0.6095,0.6099,1.60,1.60
2010.03.04 06:01:13.628,0.60955,0.60995,1.60,1.60
2010.03.04 06:02:00.717,0.60955,0.6101,1.60,1.60
2010.03.04 06:02:00.896,0.60955,0.6102,1.60,1.60
2010.03.04 06:02:04.228,0.6096,0.6102,1.60,1.60
2010.03.04 06:02:04.566,0.60955,0.6102,1.60,1.60
2010.03.04 06:02:06.485,0.6096,0.6102,1.60,1.60
2010.03.04 06:02:20.262,0.60975,0.61025,1.60,1.60
2010.03.04 06:02:29.349,0.6098,0.6103,1.60,1.60
2010.03.04 06:02:33.918,0.6098,0.61035,1.60,1.60
2010.03.04 06:02:34.168,0.6098,0.6103,1.60,1.60
2010.03.04 06:02:36.421,0.6098,0.61035,1.60,1.60
2010.03.04 06:02:49.725,0.6098,0.61025,1.60,1.60
2010.03.04 06:02:50.444,0.6098,0.61035,1.60,1.60
2010.03.04 06:02:54.457,0.6098,0.61045,1.60,1.60
2010.03.04 06:03:05.742,0.6099,0.61045,1.60,1.60
2010.03.04 06:03:06.020,0.6098,0.61045,1.60,1.60
2010.03.04 06:03:07.472,0.6099,0.61045,1.60,1.60
2010.03.04 06:03:15.238,0.60985,0.6103,1.60,1.60
2010.03.04 06:04:09.696,0.6098,0.6102,1.60,1.60
2010.03.04 06:04:47.566,0.60985,0.6103,1.60,1.60
2010.03.04 06:04:48.456,0.60985,0.61025,1.60,1.60
2010.03.04 06:04:53.005,0.6098,0.6102,1.60,1.60
2010.03.04 06:04:58.414,0.60985,0.61025,1.60,1.60
2010.03.04 06:05:04.734,0.60975,0.61025,1.60,2.00
2010.03.04 06:05:10.220,0.6097,0.6101,1.60,1.60
2010.03.04 06:05:10.560,0.60975,0.61015,1.60,1.60
2010.03.04 06:05:23.497,0.60965,0.61005,1.60,1.60
2010.03.04 06:05:23.837,0.60975,0.61015,1.60,1.60
2010.03.04 06:05:24.178,0.6097,0.6101,1.60,1.60
2010.03.04 06:05:29.386,0.60965,0.61005,1.60,1.60
2010.03.04 06:05:30.266,0.6096,0.61,1.60,1.60
2010.03.04 06:05:34.874,0.6097,0.6101,1.60,1.60
2010.03.04 06:05:36.162,0.60965,0.61005,1.60,1.60
2010.03.04 06:05:39.049,0.6096,0.61,1.60,1.60
2010.03.04 06:05:39.114,0.60965,0.61005,1.60,1.60
2010.03.04 06:05:44.733,0.6096,0.61,1.60,1.60
2010.03.04 06:05:44.972,0.60965,0.61005,1.60,1.60
2010.03.04 06:05:46.005,0.6096,0.61,1.60,1.60
2010.03.04 06:06:14.516,0.60965,0.61005,1.60,1.60
2010.03.04 06:06:25.127,0.6096,0.61,1.60,1.60
2010.03.04 06:06:29.502,0.6095,0.6099,1.60,1.60
2010.03.04 06:06:30.451,0.6096,0.61,1.60,1.60
2010.03.04 06:06:35.002,0.60965,0.61005,1.60,1.60
2010.03.04 06:06:42.180,0.6096,0.61,1.60,1.60
2010.03.04 06:06:43.328,0.6095,0.6099,1.60,1.60
2010.03.04 06:06:48.884,0.60955,0.60995,1.60,1.60
2010.03.04 06:06:49.047,0.6095,0.6099,1.60,1.60
2010.03.04 06:06:52.907,0.60955,0.60995,1.60,1.60
2010.03.04 06:06:54.235,0.60935,0.6098,1.60,1.60
2010.03.04 06:06:54.575,0.6094,0.6098,1.60,1.60
2010.03.04 06:06:54.915,0.60935,0.6098,1.60,1.60
2010.03.04 06:07:00.808,0.6093,0.60975,1.60,1.60
2010.03.04 06:07:01.199,0.6093,0.60985,1.60,1.60
2010.03.04 06:07:02.853,0.6094,0.6099,1.60,1.60
2010.03.04 06:07:03.888,0.60935,0.6099,1.60,1.60
2010.03.04 06:07:04.224,0.6093,0.60985,1.60,1.60
2010.03.04 06:07:05.773,0.60945,0.60985,1.60,1.60
2010.03.04 06:07:08.135,0.6093,0.6098,1.60,1.60
2010.03.04 06:07:08.223,0.6093,0.60985,1.60,1.60
2010.03.04 06:07:09.001,0.6093,0.6098,1.60,1.60
2010.03.04 06:07:09.471,0.60935,0.60985,1.60,1.60
2010.03.04 06:07:09.811,0.60935,0.60975,1.60,1.60
2010.03.04 06:07:10.966,0.6093,0.60975,1.60,1.60
2010.03.04 06:07:11.571,0.6093,0.60985,1.60,1.60
2010.03.04 06:07:12.370,0.60925,0.60965,1.60,1.60
2010.03.04 06:07:12.711,0.6092,0.6096,1.60,1.60
2010.03.04 06:07:32.201,0.60925,0.60965,1.60,1.60
2010.03.04 06:07:33.036,0.6092,0.6096,1.60,1.60
2010.03.04 06:07:33.326,0.60915,0.60955,1.60,1.60
2010.03.04 06:07:34.720,0.6091,0.6095,1.60,1.60
2010.03.04 06:07:35.936,0.60915,0.60955,1.60,1.60
2010.03.04 06:07:41.204,0.6091,0.6095,1.60,1.60
2010.03.04 06:07:47.043,0.60915,0.60955,1.60,1.60
2010.03.04 06:07:51.052,0.60915,0.6096,1.60,1.60
2010.03.04 06:07:53.981,0.6092,0.60965,1.60,1.60
2010.03.04 06:07:56.471,0.60925,0.6097,1.60,1.60
2010.03.04 06:07:59.160,0.6092,0.60965,1.60,1.60
2010.03.04 06:08:00.009,0.60925,0.60965,1.60,1.60
2010.03.04 06:08:03.139,0.6093,0.6097,1.60,1.60
2010.03.04 06:08:05.859,0.6092,0.60965,1.60,1.60
2010.03.04 06:08:07.008,0.6093,0.6097,1.60,1.60
2010.03.04 06:08:08.568,0.60925,0.60965,1.60,1.60
2010.03.04 06:08:12.698,0.6092,0.60965,1.60,1.60
2010.03.04 06:08:22.384,0.6092,0.6096,1.60,1.60
2010.03.04 06:08:23.315,0.6092,0.60965,1.60,1.60
2010.03.04 06:08:30.791,0.6092,0.6096,1.60,1.60
2010.03.04 06:08:30.942,0.60915,0.60955,1.60,1.60
2010.03.04 06:08:31.102,0.6092,0.6096,1.60,1.60
2010.03.04 06:08:45.029,0.6092,0.60965,1.60,1.60
2010.03.04 06:08:45.189,0.6092,0.6096,1.60,1.60
2010.03.04 06:08:51.047,0.6092,0.60965,1.60,1.60
2010.03.04 06:08:57.595,0.6093,0.6097,1.60,1.60
2010.03.04 06:08:58.323,0.60925,0.60965,1.60,1.60
2010.03.04 06:09:00.867,0.6092,0.60965,1.60,1.60
2010.03.04 06:09:02.200,0.60925,0.60965,1.60,1.60
2010.03.04 06:09:02.535,0.6093,0.6097,1.60,1.60
2010.03.04 06:09:04.544,0.60925,0.60965,1.60,1.60
2010.03.04 06:09:04.873,0.6093,0.6097,1.60,1.60
2010.03.04 06:09:16.882,0.60935,0.60975,1.60,1.60
2010.03.04 06:09:17.001,0.6093,0.6097,1.60,1.60
2010.03.04 06:09:18.441,0.60935,0.60975,1.60,1.60
2010.03.04 06:09:22.949,0.6093,0.6097,1.60,1.60
2010.03.04 06:09:31.449,0.60925,0.6097,1.60,1.60
2010.03.04 06:09:38.036,0.60925,0.60965,1.60,1.60
2010.03.04 06:09:42.745,0.6092,0.6096,1.60,1.60
2010.03.04 06:09:47.404,0.6091,0.6095,1.60,1.60
2010.03.04 06:09:47.745,0.60905,0.6095,1.60,1.60
2010.03.04 06:09:48.084,0.6091,0.6095,1.60,1.60
2010.03.04 06:09:49.806,0.60905,0.60945,1.60,1.60
2010.03.04 06:09:49.927,0.60915,0.60955,1.60,1.60
2010.03.04 06:09:50.014,0.6091,0.6095,1.60,1.60
2010.03.04 06:09:51.403,0.60905,0.6095,1.60,1.60
2010.03.04 06:09:54.193,0.60885,0.60925,1.60,1.60
2010.03.04 06:09:55.841,0.60895,0.60935,1.60,1.60
2010.03.04 06:09:56.744,0.60895,0.6094,1.60,1.60
2010.03.04 06:09:59.351,0.609,0.60955,1.60,1.60
2010.03.04 06:10:00.700,0.60905,0.60955,1.60,1.60
2010.03.04 06:10:15.307,0.6089,0.6093,1.60,1.60
2010.03.04 06:10:29.603,0.609,0.6094,1.60,1.60
2010.03.04 06:10:30.613,0.60905,0.6095,1.60,1.60
2010.03.04 06:10:30.823,0.609,0.6094,1.60,1.60
2010.03.04 06:10:33.552,0.6089,0.6093,1.60,1.60
2010.03.04 06:10:37.103,0.60905,0.60945,1.60,1.60
2010.03.04 06:10:37.303,0.60905,0.6095,1.60,1.60
2010.03.04 06:10:38.081,0.60895,0.60945,1.60,1.60
2010.03.04 06:10:39.441,0.60915,0.60955,1.60,1.60
2010.03.04 06:10:39.781,0.6091,0.6095,1.60,1.60
2010.03.04 06:10:40.406,0.6092,0.6096,1.60,1.60
2010.03.04 06:10:44.706,0.60905,0.60955,1.60,1.60
2010.03.04 06:10:45.380,0.609,0.6094,1.60,1.60
2010.03.04 06:10:46.972,0.6089,0.6093,1.60,1.60
2010.03.04 06:10:49.628,0.60905,0.6095,1.60,1.60
2010.03.04 06:10:50.542,0.609,0.6094,1.60,1.60
2010.03.04 06:10:52.616,0.6089,0.6093,1.60,1.60
2010.03.04 06:10:53.771,0.60895,0.60935,1.60,1.60
2010.03.04 06:10:53.806,0.6089,0.60935,1.60,1.60
2010.03.04 06:10:54.466,0.60895,0.60935,1.60,1.60
2010.03.04 06:10:54.797,0.6089,0.60935,1.60,1.60
2010.03.04 06:10:56.786,0.6089,0.6093,1.60,1.60
2010.03.04 06:10:59.738,0.60895,0.6094,1.60,1.60
2010.03.04 06:11:14.391,0.60895,0.60935,1.60,1.60
2010.03.04 06:11:18.720,0.6089,0.6093,1.60,1.60
2010.03.04 06:11:22.160,0.60885,0.6094,1.60,2.00
2010.03.04 06:11:27.448,0.6089,0.6093,1.60,1.60
2010.03.04 06:11:28.901,0.60885,0.60925,1.60,1.60
2010.03.04 06:11:32.433,0.6088,0.6092,1.60,1.60
2010.03.04 06:11:32.650,0.60885,0.60925,1.60,1.60
2010.03.04 06:11:33.547,0.6089,0.6093,1.60,1.60
2010.03.04 06:11:34.796,0.6088,0.6092,1.60,1.60
2010.03.04 06:11:35.047,0.60875,0.6092,1.60,1.60
2010.03.04 06:11:35.257,0.6088,0.60925,1.60,1.60
2010.03.04 06:11:35.912,0.6088,0.6092,1.60,1.60
2010.03.04 06:11:36.049,0.60875,0.6092,1.60,1.60
2010.03.04 06:11:37.331,0.60875,0.60915,1.60,1.60
2010.03.04 06:11:37.576,0.6087,0.60925,1.60,1.60
2010.03.04 06:11:39.441,0.6087,0.60915,1.60,1.60
2010.03.04 06:11:40.556,0.60875,0.6092,1.60,1.60
2010.03.04 06:11:43.954,0.6087,0.60915,1.60,1.60
2010.03.04 06:11:45.074,0.6088,0.6092,1.60,1.60
2010.03.04 06:11:46.744,0.60885,0.60925,1.60,1.60
2010.03.04 06:11:48.660,0.6089,0.6093,1.60,1.60
2010.03.04 06:11:49.033,0.60895,0.60935,1.60,1.60
2010.03.04 06:11:49.533,0.60895,0.6094,1.60,1.60
2010.03.04 06:11:50.237,0.6089,0.6093,1.60,1.60
2010.03.04 06:11:50.454,0.60895,0.60935,1.60,1.60
2010.03.04 06:11:50.962,0.609,0.6094,1.60,1.60
2010.03.04 06:11:52.102,0.60895,0.60935,1.60,1.60
2010.03.04 06:11:55.691,0.609,0.6094,1.60,1.60
2010.03.04 06:11:57.292,0.6089,0.6093,1.60,1.60
2010.03.04 06:12:00.450,0.609,0.6094,1.60,1.60
2010.03.04 06:12:01.381,0.60895,0.60935,1.60,1.60
2010.03.04 06:12:10.548,0.609,0.6094,1.60,1.60
2010.03.04 06:12:32.805,0.60885,0.6093,1.60,1.60
2010.03.04 06:12:33.476,0.6089,0.6093,1.60,1.60
2010.03.04 06:12:33.584,0.60885,0.60925,1.60,1.60
2010.03.04 06:12:33.802,0.6088,0.6092,1.60,1.60
2010.03.04 06:12:34.142,0.60885,0.60935,1.60,1.60
2010.03.04 06:12:35.330,0.60885,0.6093,1.60,1.60
2010.03.04 06:12:36.512,0.6089,0.60935,1.60,1.60
2010.03.04 06:12:37.272,0.60885,0.6093,1.60,1.60
2010.03.04 06:12:39.521,0.6089,0.60935,1.60,1.60
2010.03.04 06:12:40.600,0.60885,0.6093,1.60,1.60
2010.03.04 06:12:41.680,0.60895,0.60935,1.60,1.60
2010.03.04 06:13:10.384,0.609,0.6094,1.60,1.60
2010.03.04 06:13:23.615,0.609,0.60935,1.60,1.60
2010.03.04 06:13:28.180,0.60895,0.6093,1.60,1.60
2010.03.04 06:13:33.339,0.60895,0.60935,1.60,1.60
2010.03.04 06:13:34.388,0.609,0.6094,1.60,1.60
2010.03.04 06:13:34.607,0.60905,0.60945,1.60,1.60
2010.03.04 06:13:43.205,0.6091,0.6095,1.60,1.60
2010.03.04 06:13:44.785,0.60905,0.60945,1.60,1.60
2010.03.04 06:13:45.405,0.60905,0.6094,1.60,1.60
2010.03.04 06:13:46.959,0.609,0.6094,1.60,1.60
2010.03.04 06:13:47.456,0.609,0.60945,1.60,1.60
2010.03.04 06:13:47.786,0.609,0.6094,1.60,1.60
2010.03.04 06:13:49.344,0.6089,0.6093,1.60,1.60
2010.03.04 06:13:49.594,0.60885,0.60925,1.60,1.60
2010.03.04 06:13:51.215,0.60895,0.60935,1.60,1.60
2010.03.04 06:13:51.375,0.6089,0.6093,1.60,1.60
2010.03.04 06:13:53.673,0.60895,0.60935,1.60,1.60
2010.03.04 06:13:53.813,0.60905,0.6094,1.60,1.60
2010.03.04 06:13:53.955,0.609,0.6094,1.60,1.60
2010.03.04 06:13:54.762,0.60905,0.6094,1.60,1.60
2010.03.04 06:13:59.602,0.609,0.6094,1.60,1.60
2010.03.04 06:13:59.912,0.609,0.60935,1.60,1.60
2010.03.04 06:14:17.098,0.60895,0.60935,1.60,1.60
2010.03.04 06:14:28.126,0.609,0.60935,1.60,1.60
2010.03.04 06:14:31.995,0.609,0.6094,1.60,1.60
2010.03.04 06:14:33.934,0.60915,0.60955,1.60,1.60
2010.03.04 06:14:34.185,0.6091,0.6095,1.60,1.60
2010.03.04 06:14:34.434,0.60915,0.6096,1.60,1.60
2010.03.04 06:14:35.350,0.60915,0.60955,1.60,1.60
2010.03.04 06:14:36.033,0.6091,0.6095,1.60,1.60
2010.03.04 06:14:39.762,0.60915,0.60955,1.60,1.60
2010.03.04 06:14:52.039,0.6091,0.6095,1.60,1.60
2010.03.04 06:14:54.638,0.60915,0.60955,1.60,1.60
2010.03.04 06:14:56.248,0.6092,0.6096,1.60,1.60
2010.03.04 06:14:56.588,0.60915,0.60955,1.60,1.60
2010.03.04 06:14:59.347,0.6092,0.6096,1.60,1.60
2010.03.04 06:15:01.746,0.60915,0.60955,1.60,1.60
2010.03.04 06:15:23.884,0.6092,0.6096,1.60,1.60
2010.03.04 06:15:25.205,0.6091,0.6095,1.60,1.60
2010.03.04 06:15:33.889,0.60915,0.60955,1.60,1.60
2010.03.04 06:15:34.710,0.6091,0.6095,1.60,1.60
2010.03.04 06:15:43.817,0.60905,0.60945,1.60,1.60
2010.03.04 06:15:44.016,0.60915,0.6095,1.60,1.60
2010.03.04 06:15:44.778,0.60905,0.60945,1.60,1.60
2010.03.04 06:15:45.087,0.609,0.6094,1.60,1.60
2010.03.04 06:15:46.686,0.60895,0.60935,1.60,1.60
2010.03.04 06:15:53.575,0.6089,0.6093,1.60,1.60
2010.03.04 06:16:01.094,0.60885,0.6092,1.60,1.60
2010.03.04 06:16:10.271,0.60885,0.60925,1.60,1.60
2010.03.04 06:16:11.981,0.6088,0.6092,1.60,1.60
2010.03.04 06:16:12.350,0.60885,0.60925,1.60,1.60
2010.03.04 06:16:18.099,0.6089,0.6093,1.60,1.60
2010.03.04 06:16:18.998,0.60895,0.60935,1.60,1.60
2010.03.04 06:16:19.083,0.6089,0.6093,1.60,1.60
2010.03.04 06:16:27.078,0.60885,0.60925,1.60,1.60
2010.03.04 06:16:39.703,0.60875,0.60915,1.60,1.60
2010.03.04 06:16:40.043,0.6088,0.6092,1.60,1.60
2010.03.04 06:16:42.702,0.60875,0.60915,1.60,1.60
2010.03.04 06:16:43.062,0.60885,0.60925,1.60,1.60
2010.03.04 06:16:43.492,0.6088,0.6092,1.60,1.60
2010.03.04 06:16:44.812,0.6087,0.6091,1.60,1.60
2010.03.04 06:16:50.940,0.60875,0.60915,1.60,1.60
2010.03.04 06:16:55.789,0.6088,0.6092,1.60,1.60
2010.03.04 06:17:00.369,0.60885,0.60925,1.60,1.60
2010.03.04 06:17:01.505,0.60875,0.60915,1.60,1.60
2010.03.04 06:17:12.596,0.6087,0.6091,1.60,1.60
2010.03.04 06:17:14.125,0.60865,0.60905,1.60,1.60
2010.03.04 06:17:14.285,0.6087,0.60905,1.60,1.60
2010.03.04 06:17:20.094,0.60865,0.60905,1.60,1.60
2010.03.04 06:17:20.485,0.6086,0.609,1.60,1.60
2010.03.04 06:17:20.644,0.60865,0.60905,1.60,1.60
2010.03.04 06:17:31.317,0.6087,0.6091,1.60,1.60
2010.03.04 06:17:41.299,0.60875,0.60915,1.60,1.60
2010.03.04 06:17:42.887,0.6087,0.6091,1.60,1.60
2010.03.04 06:17:45.409,0.60875,0.60915,1.60,1.60
2010.03.04 06:17:46.949,0.6087,0.6091,1.60,1.60
2010.03.04 06:17:50.860,0.6086,0.609,1.60,1.60
2010.03.04 06:17:55.815,0.60855,0.60895,1.60,1.60
2010.03.04 06:17:57.726,0.6087,0.60905,1.60,1.60
2010.03.04 06:18:00.704,0.60855,0.60895,1.60,1.60
2010.03.04 06:18:04.225,0.6087,0.60905,1.60,1.60
2010.03.04 06:18:04.463,0.60875,0.6091,1.60,1.60
2010.03.04 06:18:04.942,0.6087,0.60905,1.60,1.60
2010.03.04 06:18:06.642,0.60855,0.60895,1.60,1.60
2010.03.04 06:18:06.802,0.6085,0.6089,1.60,1.60
2010.03.04 06:18:06.962,0.60855,0.60895,1.60,1.60
2010.03.04 06:18:12.824,0.6085,0.6089,1.60,1.60
2010.03.04 06:18:23.724,0.60855,0.60895,1.60,1.60
2010.03.04 06:18:30.727,0.6086,0.609,1.60,1.60
2010.03.04 06:18:30.998,0.60865,0.609,1.60,1.60
2010.03.04 06:18:51.501,0.6087,0.60905,1.60,1.60
2010.03.04 06:18:54.882,0.60875,0.6091,1.60,1.60
2010.03.04 06:19:04.569,0.6087,0.60905,1.60,1.60
2010.03.04 06:19:13.189,0.60865,0.609,1.60,1.60
2010.03.04 06:19:16.196,0.6087,0.6091,1.60,1.60
2010.03.04 06:19:17.098,0.60865,0.60905,1.60,1.60
2010.03.04 06:19:23.304,0.60865,0.609,1.60,1.60
2010.03.04 06:19:24.347,0.6089,0.60925,1.60,1.60
2010.03.04 06:19:24.568,0.60885,0.6092,1.60,1.60
2010.03.04 06:19:25.504,0.60875,0.60915,1.60,1.60
2010.03.04 06:19:26.246,0.60875,0.6092,1.60,1.60
2010.03.04 06:19:30.530,0.60875,0.60915,1.60,1.60
2010.03.04 06:19:38.550,0.60865,0.60905,1.60,1.60
2010.03.04 06:19:43.963,0.6087,0.6091,1.60,1.60
2010.03.04 06:19:49.267,0.60875,0.6091,1.60,1.60
2010.03.04 06:19:49.988,0.60865,0.609,1.60,1.60
2010.03.04 06:19:52.576,0.60855,0.60895,1.60,1.60
2010.03.04 06:19:58.335,0.6086,0.60895,1.60,1.60
2010.03.04 06:20:05.718,0.60855,0.60895,1.60,1.60
2010.03.04 06:20:05.774,0.6086,0.60895,1.60,1.60
2010.03.04 06:20:06.117,0.60855,0.60895,1.60,1.60
2010.03.04 06:20:16.920,0.60855,0.6089,1.60,1.60
2010.03.04 06:20:19.991,0.6085,0.6089,1.60,1.60
2010.03.04 06:20:26.729,0.60835,0.6087,1.60,1.60
2010.03.04 06:20:27.069,0.60845,0.60885,1.60,1.60
2010.03.04 06:20:28.118,0.60835,0.6087,1.60,1.60
2010.03.04 06:20:30.708,0.6085,0.6089,1.60,1.60
2010.03.04 06:20:34.926,0.60845,0.6088,1.60,1.60
2010.03.04 06:20:35.697,0.6082,0.6086,1.60,1.60
2010.03.04 06:20:36.462,0.60825,0.6086,1.60,1.60
2010.03.04 06:20:36.776,0.6083,0.60865,1.60,1.60
2010.03.04 06:20:38.238,0.6082,0.6086,1.60,1.60
2010.03.04 06:20:38.416,0.60825,0.60865,1.60,1.60
2010.03.04 06:20:39.405,0.6082,0.6086,1.60,1.60
2010.03.04 06:20:40.659,0.60835,0.6088,1.60,1.60
2010.03.04 06:20:40.965,0.60825,0.6087,1.60,1.60
2010.03.04 06:20:41.265,0.60825,0.6088,1.60,1.60
2010.03.04 06:20:41.897,0.60835,0.6088,1.60,1.60
2010.03.04 06:20:42.406,0.60835,0.60885,1.60,1.60
2010.03.04 06:20:43.904,0.60825,0.6086,1.60,1.60
2010.03.04 06:20:44.075,0.6083,0.60865,1.60,1.60
2010.03.04 06:20:47.146,0.6084,0.6089,1.60,1.60
2010.03.04 06:20:47.384,0.6084,0.6088,1.60,1.60
2010.03.04 06:20:47.645,0.60835,0.60875,1.60,1.60
2010.03.04 06:20:48.535,0.6084,0.60875,1.60,1.60
2010.03.04 06:20:49.153,0.6083,0.60875,1.60,1.60
2010.03.04 06:20:50.043,0.6083,0.60865,1.60,1.60
2010.03.04 06:20:50.673,0.60835,0.6087,1.60,1.60
2010.03.04 06:20:52.052,0.60835,0.60875,1.60,1.60
2010.03.04 06:20:53.342,0.60825,0.6086,1.60,1.60
2010.03.04 06:20:56.764,0.6082,0.6086,1.60,1.60
2010.03.04 06:20:57.481,0.6083,0.60875,1.60,1.60
2010.03.04 06:20:57.841,0.6083,0.60885,1.60,1.60
2010.03.04 06:20:58.731,0.60825,0.6088,1.60,1.60
2010.03.04 06:20:59.211,0.6081,0.6085,1.60,1.60
2010.03.04 06:21:01.011,0.60835,0.6088,1.60,1.60
2010.03.04 06:21:01.301,0.6084,0.6089,1.60,1.60
2010.03.04 06:21:01.540,0.6084,0.60885,1.60,1.60
2010.03.04 06:21:04.771,0.60825,0.6086,1.60,1.60
2010.03.04 06:21:05.219,0.60825,0.60865,1.60,1.60
2010.03.04 06:21:06.949,0.6084,0.6088,1.60,1.60
2010.03.04 06:21:07.548,0.60845,0.60885,1.60,1.60
2010.03.04 06:21:09.068,0.6085,0.6089,1.60,1.60
2010.03.04 06:21:09.648,0.60845,0.60885,1.60,1.60
2010.03.04 06:21:09.868,0.6084,0.6088,1.60,1.60
2010.03.04 06:21:10.592,0.6083,0.60875,1.60,1.60
2010.03.04 06:21:13.307,0.60825,0.60865,1.60,1.60
2010.03.04 06:21:28.756,0.60825,0.6087,1.60,1.60
2010.03.04 06:21:31.595,0.6083,0.6087,1.60,1.60
2010.03.04 06:21:33.837,0.60835,0.60875,1.60,1.60
2010.03.04 06:21:35.292,0.6083,0.6087,1.60,1.60
2010.03.04 06:21:35.552,0.60835,0.60875,1.60,1.60
2010.03.04 06:21:37.134,0.60825,0.6087,1.60,1.60
2010.03.04 06:21:37.474,0.6083,0.6087,1.60,1.60
2010.03.04 06:21:38.843,0.60845,0.60885,1.60,1.60
2010.03.04 06:21:39.021,0.6083,0.6087,1.60,1.60
2010.03.04 06:21:41.831,0.6085,0.60895,1.60,1.60
2010.03.04 06:21:43.602,0.6085,0.6089,1.60,1.60
2010.03.04 06:21:46.802,0.6085,0.60895,1.60,1.60
2010.03.04 06:21:57.460,0.6085,0.6089,1.60,1.60
2010.03.04 06:21:58.236,0.60845,0.60885,1.60,1.60
2010.03.04 06:22:02.115,0.6085,0.6089,1.60,1.60
2010.03.04 06:22:07.036,0.6085,0.60895,1.60,1.60
2010.03.04 06:22:07.365,0.6085,0.6089,1.60,1.60
2010.03.04 06:22:08.484,0.60845,0.60885,1.60,1.60
2010.03.04 06:22:10.491,0.6085,0.6089,1.60,1.60
2010.03.04 06:22:15.952,0.60845,0.60885,1.60,1.60
2010.03.04 06:22:16.152,0.6085,0.6089,1.60,1.60
2010.03.04 06:22:18.671,0.60845,0.60885,1.60,1.60
2010.03.04 06:22:19.686,0.6085,0.6089,1.60,1.60
2010.03.04 06:22:21.551,0.6084,0.6088,1.60,1.60
2010.03.04 06:22:21.891,0.6085,0.6089,1.60,1.60
2010.03.04 06:22:23.821,0.60845,0.60885,1.60,1.60
2010.03.04 06:22:24.891,0.6084,0.6088,1.60,1.60
2010.03.04 06:22:27.609,0.6084,0.60885,1.60,1.60
2010.03.04 06:22:31.368,0.60845,0.60885,1.60,1.60
2010.03.04 06:22:32.324,0.6084,0.60885,1.60,1.60
2010.03.04 06:22:33.128,0.60845,0.60885,1.60,1.60
2010.03.04 06:22:45.577,0.6084,0.60885,1.60,1.60
2010.03.04 06:22:45.745,0.6084,0.6088,1.60,1.60
2010.03.04 06:22:50.054,0.6084,0.60885,1.60,1.60
2010.03.04 06:22:50.824,0.6084,0.6088,1.60,1.60
2010.03.04 06:22:56.545,0.6083,0.6087,1.60,1.60
2010.03.04 06:22:56.882,0.60835,0.60875,1.60,1.60
2010.03.04 06:22:57.570,0.60825,0.60865,1.60,1.60
2010.03.04 06:22:57.772,0.6083,0.6087,1.60,1.60
2010.03.04 06:23:01.415,0.60835,0.60875,1.60,1.60
2010.03.04 06:23:03.391,0.60835,0.6088,1.60,1.60
2010.03.04 06:23:04.288,0.6083,0.60875,1.60,1.60
2010.03.04 06:23:06.001,0.60825,0.60865,1.60,1.60
2010.03.04 06:23:06.340,0.6083,0.60875,1.60,1.60
2010.03.04 06:23:09.579,0.60825,0.6087,1.60,1.60
2010.03.04 06:23:10.079,0.6082,0.60865,1.60,1.60
2010.03.04 06:23:10.777,0.60815,0.60855,1.60,1.60
2010.03.04 06:23:13.850,0.6082,0.6086,1.60,1.60
2010.03.04 06:23:26.835,0.60815,0.60855,1.60,1.60
2010.03.04 06:23:27.145,0.6081,0.60855,1.60,1.60
2010.03.04 06:23:27.455,0.60805,0.60845,1.60,1.60
2010.03.04 06:23:29.585,0.608,0.6084,1.60,1.60
2010.03.04 06:23:31.585,0.6081,0.6085,1.60,1.60
2010.03.04 06:23:31.804,0.60805,0.60845,1.60,1.60
2010.03.04 06:23:32.533,0.608,0.6084,1.60,1.60
2010.03.04 06:23:32.834,0.60805,0.60845,1.60,1.60
2010.03.04 06:23:35.034,0.6081,0.6085,1.60,1.60
2010.03.04 06:23:36.446,0.6081,0.60855,1.60,1.60
2010.03.04 06:23:38.152,0.60815,0.60855,1.60,1.60
2010.03.04 06:23:39.462,0.6082,0.6086,1.60,1.60
2010.03.04 06:23:44.421,0.60815,0.60855,1.60,1.60
2010.03.04 06:23:44.701,0.6081,0.60855,1.60,1.60
2010.03.04 06:23:48.011,0.6082,0.6086,1.60,1.60
2010.03.04 06:23:49.282,0.60815,0.60855,1.60,1.60
2010.03.04 06:23:50.826,0.6081,0.60855,1.60,1.60
2010.03.04 06:23:51.149,0.6082,0.6086,1.60,1.60
2010.03.04 06:23:52.889,0.60815,0.60855,1.60,1.60
2010.03.04 06:23:53.110,0.60815,0.6086,1.60,1.60
2010.03.04 06:23:54.058,0.60825,0.60865,1.60,1.60
2010.03.04 06:23:56.219,0.60835,0.60875,1.60,1.60
2010.03.04 06:23:56.518,0.6083,0.60875,1.60,1.60
2010.03.04 06:23:57.118,0.6083,0.6087,1.60,1.60
2010.03.04 06:23:57.979,0.6082,0.6086,1.60,1.60
2010.03.04 06:23:59.108,0.60825,0.60865,1.60,1.60
2010.03.04 06:24:03.275,0.6083,0.6087,1.60,1.60
2010.03.04 06:24:03.358,0.60825,0.60865,1.60,1.60
2010.03.04 06:24:04.013,0.6083,0.6087,1.60,1.60
2010.03.04 06:24:04.266,0.6082,0.6086,1.60,1.60
2010.03.04 06:24:05.627,0.60825,0.60865,1.60,1.60
2010.03.04 06:24:06.265,0.6083,0.6087,1.60,1.60
2010.03.04 06:24:13.985,0.6082,0.6086,1.60,1.60
2010.03.04 06:24:14.174,0.60825,0.60865,1.60,1.60
2010.03.04 06:24:17.623,0.6082,0.6086,1.60,1.60
2010.03.04 06:24:18.446,0.6084,0.6088,1.60,1.60
2010.03.04 06:24:19.633,0.60835,0.60875,1.60,1.60
2010.03.04 06:24:20.892,0.6083,0.6087,1.60,1.60
2010.03.04 06:24:25.834,0.60835,0.60875,1.60,1.60
2010.03.04 06:24:26.161,0.6084,0.6088,1.60,1.60
2010.03.04 06:24:26.501,0.60835,0.60875,1.60,1.60
2010.03.04 06:24:27.431,0.6084,0.6088,1.60,1.60
2010.03.04 06:24:28.352,0.60845,0.60885,1.60,1.60
2010.03.04 06:24:31.770,0.6084,0.6088,1.60,1.60
2010.03.04 06:24:32.109,0.60845,0.60885,1.60,1.60
2010.03.04 06:24:34.199,0.6084,0.6088,1.60,1.60
2010.03.04 06:24:34.699,0.60845,0.60885,1.60,1.60
2010.03.04 06:24:36.738,0.60845,0.6089,1.60,1.60
2010.03.04 06:24:38.041,0.6085,0.6089,1.60,1.60
2010.03.04 06:24:39.458,0.60855,0.60895,1.60,1.60
2010.03.04 06:24:40.578,0.6085,0.6089,1.60,1.60
2010.03.04 06:24:41.658,0.60845,0.60885,1.60,1.60
2010.03.04 06:24:42.929,0.60835,0.60875,1.60,1.60
2010.03.04 06:24:46.126,0.6084,0.6088,1.60,1.60
2010.03.04 06:24:52.445,0.60835,0.60875,1.60,1.60
2010.03.04 06:24:55.548,0.6083,0.60875,1.60,1.60
2010.03.04 06:24:57.753,0.60835,0.60875,1.60,1.60
2010.03.04 06:24:59.453,0.6083,0.60875,1.60,1.60
2010.03.04 06:24:59.603,0.60835,0.60875,1.60,1.60
2010.03.04 06:25:01.903,0.6084,0.6088,1.60,1.60
2010.03.04 06:25:04.621,0.60835,0.60875,1.60,1.60
2010.03.04 06:25:06.681,0.6083,0.60875,1.60,1.60
2010.03.04 06:25:09.684,0.6083,0.6087,1.60,1.60
2010.03.04 06:25:12.770,0.60835,0.6088,1.60,1.60
2010.03.04 06:25:17.229,0.60835,0.60875,1.60,1.60
2010.03.04 06:25:18.088,0.6084,0.6088,1.60,1.60
2010.03.04 06:25:21.227,0.60835,0.6088,1.60,1.60
2010.03.04 06:25:22.628,0.6083,0.6087,1.60,1.60
2010.03.04 06:25:41.733,0.60835,0.60875,1.60,1.60
2010.03.04 06:25:44.992,0.60815,0.60855,1.60,1.60
2010.03.04 06:25:45.262,0.6083,0.6087,1.60,1.60
2010.03.04 06:25:46.402,0.60825,0.6087,1.60,1.60
2010.03.04 06:25:48.323,0.6083,0.6087,1.60,1.60
2010.03.04 06:25:49.401,0.60815,0.6087,1.60,1.60
2010.03.04 06:25:49.631,0.60825,0.6087,1.60,1.60
2010.03.04 06:25:49.921,0.60815,0.6086,1.60,1.60
2010.03.04 06:25:50.572,0.6082,0.60865,1.60,1.60
2010.03.04 06:25:50.869,0.60825,0.6087,1.60,1.60
2010.03.04 06:25:56.507,0.6084,0.6088,1.60,1.60
2010.03.04 06:25:56.850,0.6083,0.6087,1.60,1.60
2010.03.04 06:26:00.419,0.60825,0.60865,1.60,1.60
2010.03.04 06:26:08.526,0.6083,0.6087,1.60,1.60
2010.03.04 06:26:09.426,0.60825,0.60865,1.60,1.60
2010.03.04 06:26:10.056,0.6083,0.6087,1.60,1.60
2010.03.04 06:26:12.476,0.6082,0.6086,1.60,1.60
2010.03.04 06:26:14.145,0.60835,0.60875,1.60,1.60
2010.03.04 06:26:14.766,0.6083,0.6087,1.60,1.60
2010.03.04 06:26:15.808,0.60835,0.60875,1.60,1.60
2010.03.04 06:26:22.883,0.6083,0.6087,1.60,1.60
2010.03.04 06:26:37.280,0.60835,0.60875,1.60,1.60
2010.03.04 06:26:42.148,0.6084,0.6088,1.60,1.60
2010.03.04 06:26:43.908,0.60845,0.60885,1.60,1.60
2010.03.04 06:26:44.128,0.6084,0.60885,1.60,1.60
2010.03.04 06:26:45.417,0.6084,0.6089,1.60,2.00
2010.03.04 06:26:45.657,0.6084,0.60895,1.60,2.00
2010.03.04 06:26:47.187,0.6084,0.6088,1.60,1.60
2010.03.04 06:26:52.950,0.60845,0.60885,1.60,1.60
2010.03.04 06:26:53.186,0.60835,0.60875,1.60,1.60
2010.03.04 06:27:03.403,0.6083,0.6087,1.60,1.60
2010.03.04 06:27:08.112,0.60835,0.60875,1.60,1.60
2010.03.04 06:27:09.301,0.60835,0.6088,1.60,1.60
2010.03.04 06:27:09.522,0.60845,0.60885,1.60,1.60
2010.03.04 06:27:11.102,0.60835,0.60875,1.60,1.60
2010.03.04 06:27:13.631,0.6083,0.6087,1.60,1.60
2010.03.04 06:27:15.081,0.60835,0.60875,1.60,1.60
2010.03.04 06:27:16.420,0.6083,0.6087,1.60,1.60
2010.03.04 06:27:17.407,0.60835,0.60875,1.60,1.60
2010.03.04 06:27:17.950,0.60835,0.6088,1.60,1.60
2010.03.04 06:27:20.799,0.60835,0.60875,1.60,1.60
2010.03.04 06:27:24.295,0.60835,0.6088,1.60,1.60
2010.03.04 06:27:27.587,0.60835,0.60875,1.60,1.60
2010.03.04 06:27:34.317,0.6084,0.60885,1.60,1.60
2010.03.04 06:27:35.567,0.6085,0.6089,1.60,1.60
2010.03.04 06:27:41.726,0.6084,0.60885,1.60,1.60
2010.03.04 06:27:42.064,0.6084,0.6088,1.60,1.60
2010.03.04 06:27:47.923,0.60835,0.60875,1.60,1.60
2010.03.04 06:28:00.831,0.60835,0.6088,1.60,1.60
2010.03.04 06:28:01.998,0.6084,0.6088,1.60,1.60
2010.03.04 06:28:18.834,0.60835,0.60875,1.60,1.60
2010.03.04 06:28:30.323,0.60825,0.60865,1.60,1.60
2010.03.04 06:28:30.502,0.6083,0.6087,1.60,1.60
2010.03.04 06:28:34.231,0.60825,0.60865,1.60,1.60
2010.03.04 06:28:54.255,0.6083,0.6087,1.60,1.60
2010.03.04 06:28:57.874,0.6084,0.6088,1.60,1.60
2010.03.04 06:29:07.096,0.6084,0.60885,1.60,1.60
2010.03.04 06:29:09.144,0.60845,0.60885,1.60,1.60
2010.03.04 06:29:16.632,0.60845,0.6089,1.60,1.60
2010.03.04 06:29:18.279,0.6084,0.6088,1.60,1.60
2010.03.04 06:29:21.440,0.60845,0.6089,1.60,1.60
2010.03.04 06:29:22.619,0.60845,0.60885,1.60,1.60
2010.03.04 06:29:24.496,0.6084,0.6088,1.60,1.60
2010.03.04 06:29:24.657,0.60845,0.6089,1.60,1.60
2010.03.04 06:29:25.525,0.60845,0.60885,1.60,1.60
2010.03.04 06:29:26.091,0.6083,0.60875,1.60,1.60
2010.03.04 06:29:27.370,0.6084,0.6088,1.60,1.60
2010.03.04 06:29:29.412,0.60835,0.60875,1.60,1.60
2010.03.04 06:29:30.007,0.6083,0.60875,1.60,1.60
2010.03.04 06:29:30.307,0.60835,0.60875,1.60,1.60
2010.03.04 06:29:38.588,0.6083,0.60875,1.60,1.60
2010.03.04 06:29:40.365,0.60825,0.6087,1.60,1.60
2010.03.04 06:29:40.645,0.60835,0.60875,1.60,1.60
2010.03.04 06:29:46.124,0.6083,0.6087,1.60,1.60
2010.03.04 06:29:46.644,0.6082,0.60865,1.60,1.60
2010.03.04 06:29:48.772,0.6083,0.60875,1.60,1.60
2010.03.04 06:29:49.678,0.6082,0.60865,1.60,1.60
2010.03.04 06:29:54.878,0.60825,0.6087,1.60,1.60
2010.03.04 06:29:55.970,0.6082,0.60865,1.60,1.60
2010.03.04 06:30:01.755,0.60815,0.6086,1.60,1.60
2010.03.04 06:30:02.415,0.6081,0.60855,1.60,1.60
2010.03.04 06:30:09.479,0.60805,0.60845,1.60,1.60
2010.03.04 06:30:10.548,0.608,0.6084,1.60,1.60
2010.03.04 06:30:11.612,0.60775,0.60835,1.60,1.60
2010.03.04 06:30:11.948,0.60785,0.60835,1.60,1.60
2010.03.04 06:30:12.999,0.6078,0.60825,1.60,1.60
2010.03.04 06:30:14.513,0.60785,0.6083,1.60,1.60
2010.03.04 06:30:18.185,0.6078,0.60825,1.60,1.60
2010.03.04 06:30:18.435,0.60775,0.6082,1.60,1.60
2010.03.04 06:30:20.983,0.60775,0.6083,1.60,1.60
2010.03.04 06:30:21.865,0.60775,0.6082,1.60,1.60
2010.03.04 06:30:22.487,0.60775,0.6083,1.60,1.60
2010.03.04 06:30:22.766,0.60775,0.60825,1.60,1.60
2010.03.04 06:30:23.463,0.6077,0.60825,1.60,1.60
2010.03.04 06:30:23.812,0.6077,0.60815,1.60,1.60
2010.03.04 06:30:24.153,0.60765,0.6081,1.60,1.60
2010.03.04 06:30:26.535,0.6076,0.60805,1.60,1.60
2010.03.04 06:30:26.724,0.60755,0.608,1.60,1.60
2010.03.04 06:30:28.691,0.6075,0.608,1.60,1.60
2010.03.04 06:30:28.839,0.60765,0.6081,1.60,1.60
2010.03.04 06:30:29.596,0.60755,0.608,1.60,1.60
2010.03.04 06:30:29.714,0.6075,0.60795,1.60,1.60
2010.03.04 06:30:30.781,0.60745,0.608,1.60,1.60
2010.03.04 06:30:30.991,0.60745,0.6079,1.60,1.60
2010.03.04 06:30:32.122,0.60735,0.60785,1.60,1.60
2010.03.04 06:30:32.462,0.60745,0.6079,1.60,1.60
2010.03.04 06:30:33.495,0.60735,0.6078,1.60,1.60
2010.03.04 06:30:34.358,0.6074,0.6079,1.60,1.60
2010.03.04 06:30:35.223,0.6074,0.60785,1.60,1.60
2010.03.04 06:30:36.342,0.60735,0.6079,1.60,1.60
2010.03.04 06:30:38.492,0.6073,0.60785,1.60,1.60
2010.03.04 06:30:39.255,0.60735,0.6079,1.60,1.60
2010.03.04 06:30:41.801,0.6074,0.6079,1.60,1.60
2010.03.04 06:30:42.265,0.6074,0.60795,1.60,1.60
2010.03.04 06:30:44.757,0.6075,0.608,1.60,1.60
2010.03.04 06:30:46.198,0.6075,0.60805,1.60,1.60
2010.03.04 06:30:46.915,0.6076,0.60815,1.60,1.60
2010.03.04 06:30:47.929,0.60775,0.60815,1.60,1.60
2010.03.04 06:30:49.109,0.6078,0.6082,1.60,1.60
2010.03.04 06:30:50.064,0.6077,0.6081,1.60,1.60
2010.03.04 06:30:50.478,0.60765,0.6081,1.60,1.60
2010.03.04 06:30:50.828,0.60765,0.60815,1.60,2.00
2010.03.04 06:30:51.457,0.6077,0.6081,1.60,1.60
2010.03.04 06:30:54.856,0.60765,0.60805,1.60,1.60
2010.03.04 06:30:56.788,0.60765,0.6081,1.60,1.60
2010.03.04 06:30:58.117,0.6077,0.60815,1.60,1.60
2010.03.04 06:30:59.363,0.60775,0.6082,1.60,1.60
2010.03.04 06:31:01.648,0.6077,0.6082,1.60,1.60
2010.03.04 06:31:03.597,0.60765,0.6082,1.60,1.60
2010.03.04 06:31:03.964,0.60765,0.6081,1.60,1.60
2010.03.04 06:31:04.896,0.6077,0.60815,1.60,1.60
2010.03.04 06:31:06.611,0.6078,0.6083,1.60,1.60
2010.03.04 06:31:06.956,0.60775,0.6083,1.60,1.60
2010.03.04 06:31:08.204,0.60775,0.6082,1.60,1.60
2010.03.04 06:31:09.586,0.60785,0.6083,1.60,1.60
2010.03.04 06:31:14.999,0.6078,0.6083,1.60,1.60
2010.03.04 06:31:16.321,0.60785,0.6083,1.60,1.60
2010.03.04 06:31:17.141,0.6078,0.6083,1.60,1.60
2010.03.04 06:31:17.815,0.60785,0.6083,1.60,1.60
2010.03.04 06:31:24.472,0.6079,0.60835,1.60,1.60
2010.03.04 06:31:28.726,0.60795,0.60835,1.60,1.60
2010.03.04 06:31:29.048,0.60785,0.60825,1.60,1.60
2010.03.04 06:31:29.704,0.6079,0.6083,1.60,1.60
2010.03.04 06:31:30.633,0.60785,0.60825,1.60,1.60
2010.03.04 06:31:30.946,0.60795,0.60835,1.60,1.60
2010.03.04 06:31:31.792,0.6079,0.6083,1.60,1.60
2010.03.04 06:31:33.538,0.60795,0.60835,1.60,1.60
2010.03.04 06:31:36.156,0.6079,0.6083,1.60,1.60
2010.03.04 06:31:37.076,0.60795,0.60835,1.60,1.60
2010.03.04 06:31:42.296,0.6079,0.6083,1.60,1.60
2010.03.04 06:31:44.444,0.60795,0.60835,1.60,1.60
2010.03.04 06:31:46.931,0.608,0.60835,1.60,1.60
2010.03.04 06:31:57.931,0.60805,0.60845,1.60,1.60
2010.03.04 06:32:01.621,0.6081,0.6085,1.60,1.60
2010.03.04 06:32:03.876,0.60805,0.60845,1.60,1.60
2010.03.04 06:32:05.907,0.608,0.6084,1.60,1.60
2010.03.04 06:32:07.919,0.6079,0.6083,1.60,1.60
2010.03.04 06:32:10.400,0.608,0.6084,1.60,1.60
2010.03.04 06:32:11.308,0.6079,0.6083,1.60,1.60
2010.03.04 06:32:11.656,0.60795,0.60835,1.60,1.60
2010.03.04 06:32:16.858,0.6079,0.6083,1.60,1.60
2010.03.04 06:32:18.377,0.60795,0.60835,1.60,1.60
2010.03.04 06:32:19.541,0.6079,0.6083,1.60,1.60
2010.03.04 06:32:21.565,0.60785,0.60825,1.60,1.60
2010.03.04 06:32:25.103,0.6079,0.6083,1.60,1.60
2010.03.04 06:32:26.297,0.608,0.6084,1.60,1.60
2010.03.04 06:32:26.754,0.60805,0.60845,1.60,1.60
2010.03.04 06:32:27.439,0.6081,0.6085,1.60,1.60
2010.03.04 06:32:29.819,0.60805,0.60845,1.60,1.60
2010.03.04 06:32:34.723,0.6081,0.6085,1.60,1.60
2010.03.04 06:32:35.560,0.60805,0.60845,1.60,1.60
2010.03.04 06:32:35.776,0.608,0.6084,1.60,1.60
2010.03.04 06:32:36.668,0.60805,0.60845,1.60,1.60
2010.03.04 06:32:38.239,0.6081,0.6085,1.60,1.60
2010.03.04 06:32:38.522,0.60805,0.60845,1.60,1.60
2010.03.04 06:32:42.528,0.6081,0.60845,1.60,1.60
2010.03.04 06:32:43.204,0.6081,0.6085,1.60,1.60
2010.03.04 06:32:48.159,0.60815,0.60855,1.60,1.60
2010.03.04 06:32:51.208,0.6081,0.6085,1.60,1.60
2010.03.04 06:32:53.127,0.60815,0.60855,1.60,1.60
2010.03.04 06:32:54.612,0.6081,0.6085,1.60,1.60
2010.03.04 06:33:01.308,0.60815,0.60855,1.60,1.60
2010.03.04 06:33:03.578,0.6081,0.6085,1.60,1.60
2010.03.04 06:33:05.267,0.6081,0.60845,1.60,1.60
2010.03.04 06:33:05.765,0.6081,0.6085,1.60,1.60
2010.03.04 06:33:07.315,0.6081,0.60845,1.60,1.60
2010.03.04 06:33:11.253,0.6081,0.6085,1.60,1.60
2010.03.04 06:33:22.681,0.60815,0.60855,1.60,1.60
2010.03.04 06:33:23.442,0.6081,0.6085,1.60,1.60
2010.03.04 06:33:25.110,0.60815,0.60855,1.60,1.60
2010.03.04 06:33:25.796,0.6081,0.6085,1.60,1.60
2010.03.04 06:33:27.781,0.60805,0.60845,1.60,1.60
2010.03.04 06:33:29.053,0.60805,0.6085,1.60,1.60
2010.03.04 06:33:32.756,0.60805,0.60845,1.60,1.60
2010.03.04 06:33:34.561,0.608,0.6084,1.60,1.60
2010.03.04 06:33:35.795,0.60805,0.60845,1.60,1.60
2010.03.04 06:33:36.147,0.608,0.6084,1.60,1.60
2010.03.04 06:33:45.084,0.60805,0.60845,1.60,1.60
2010.03.04 06:33:46.316,0.608,0.6084,1.60,1.60
2010.03.04 06:33:47.631,0.608,0.60835,1.60,1.60
2010.03.04 06:33:52.232,0.60795,0.60835,1.60,1.60
2010.03.04 06:33:59.773,0.608,0.60835,1.60,1.60
2010.03.04 06:34:00.912,0.608,0.6084,1.60,1.60
2010.03.04 06:34:06.426,0.608,0.60835,1.60,1.60
2010.03.04 06:34:06.731,0.608,0.6084,1.60,1.60
2010.03.04 06:34:11.220,0.608,0.60835,1.60,1.60
2010.03.04 06:34:11.330,0.608,0.6084,1.60,1.60
2010.03.04 06:34:15.989,0.60805,0.60845,1.60,1.60
2010.03.04 06:34:18.873,0.608,0.6084,1.60,1.60
2010.03.04 06:34:20.328,0.60815,0.60855,1.60,1.60
2010.03.04 06:34:21.867,0.6081,0.6085,1.60,1.60
2010.03.04 06:34:22.576,0.608,0.6084,1.60,1.60
2010.03.04 06:34:22.895,0.60805,0.60845,1.60,1.60
2010.03.04 06:34:23.792,0.608,0.60835,1.60,1.60
2010.03.04 06:34:28.868,0.60795,0.60835,1.60,1.60
2010.03.04 06:34:29.045,0.608,0.60835,1.60,1.60
2010.03.04 06:34:32.481,0.608,0.6084,1.60,1.60
2010.03.04 06:34:34.223,0.6081,0.6085,1.60,1.60
2010.03.04 06:34:41.939,0.60805,0.60845,1.60,1.60
2010.03.04 06:34:45.632,0.60805,0.6084,1.60,1.60
2010.03.04 06:34:45.881,0.6081,0.6085,1.60,1.60
2010.03.04 06:34:46.483,0.60805,0.60845,1.60,1.60
2010.03.04 06:34:48.742,0.60805,0.6084,1.60,1.60
2010.03.04 06:34:59.080,0.6081,0.6085,1.60,1.60
2010.03.04 06:34:59.677,0.6082,0.6086,1.60,1.60
2010.03.04 06:35:00.370,0.60825,0.6086,1.60,1.60
2010.03.04 06:35:01.447,0.6082,0.6086,1.60,1.60
2010.03.04 06:35:02.713,0.60825,0.6086,1.60,1.60
2010.03.04 06:35:09.512,0.6083,0.60865,1.60,1.60
2010.03.04 06:35:10.293,0.6083,0.60875,1.60,1.60
2010.03.04 06:35:10.820,0.6082,0.60875,1.60,1.60
2010.03.04 06:35:11.156,0.60825,0.60875,1.60,1.60
2010.03.04 06:35:11.932,0.60835,0.6088,1.60,1.60
2010.03.04 06:35:15.580,0.60835,0.60875,1.60,1.60
2010.03.04 06:35:16.515,0.6083,0.6087,1.60,1.60
2010.03.04 06:35:20.724,0.6083,0.60865,1.60,1.60
2010.03.04 06:35:22.176,0.60835,0.60875,1.60,1.60
2010.03.04 06:35:22.512,0.6084,0.6088,1.60,1.60
2010.03.04 06:35:27.161,0.60835,0.60875,1.60,1.60
2010.03.04 06:35:29.864,0.6083,0.60865,1.60,1.60
2010.03.04 06:35:34.781,0.6082,0.60865,1.60,1.60
2010.03.04 06:35:39.809,0.60835,0.60875,1.60,1.60
2010.03.04 06:35:39.918,0.6083,0.6087,1.60,1.60
2010.03.04 06:35:40.029,0.6082,0.60865,1.60,1.60
2010.03.04 06:35:40.682,0.60825,0.6087,1.60,1.60
2010.03.04 06:35:44.926,0.60825,0.60865,1.60,1.60
2010.03.04 06:35:45.027,0.60825,0.6087,1.60,1.60
2010.03.04 06:35:45.767,0.60825,0.60865,1.60,1.60
2010.03.04 06:35:50.125,0.60825,0.6087,1.60,1.60
2010.03.04 06:35:50.385,0.60825,0.60865,1.60,1.60
2010.03.04 06:35:51.105,0.6082,0.6086,1.60,1.60
2010.03.04 06:36:04.057,0.60825,0.60865,1.60,1.60
2010.03.04 06:36:07.671,0.6083,0.6087,1.60,1.60
2010.03.04 06:36:10.551,0.60825,0.60865,1.60,1.60
2010.03.04 06:36:12.456,0.6083,0.60865,1.60,1.60
2010.03.04 06:36:12.791,0.6083,0.6087,1.60,1.60
2010.03.04 06:36:14.039,0.60825,0.60865,1.60,1.60
2010.03.04 06:36:28.107,0.6083,0.6087,1.60,1.60
2010.03.04 06:36:31.436,0.60835,0.60875,1.60,1.60
2010.03.04 06:37:01.717,0.60835,0.6087,1.60,1.60
2010.03.04 06:37:02.013,0.6083,0.6087,1.60,1.60
2010.03.04 06:37:02.878,0.60815,0.6085,1.60,1.60
2010.03.04 06:37:10.317,0.6081,0.6085,1.60,1.60
2010.03.04 06:37:13.517,0.6081,0.60845,1.60,1.60
2010.03.04 06:37:16.146,0.60815,0.6085,1.60,1.60
2010.03.04 06:37:17.894,0.6081,0.60845,1.60,1.60
2010.03.04 06:37:23.933,0.60815,0.6085,1.60,1.60
2010.03.04 06:37:26.184,0.60805,0.60845,1.60,1.60
2010.03.04 06:37:35.329,0.60815,0.60855,1.60,1.60
2010.03.04 06:37:39.407,0.6082,0.60855,1.60,1.60
2010.03.04 06:37:52.885,0.60815,0.60855,1.60,1.60
2010.03.04 06:38:01.204,0.6081,0.6085,1.60,1.60
2010.03.04 06:38:05.224,0.60815,0.60855,1.60,1.60
2010.03.04 06:38:05.324,0.6082,0.60855,1.60,1.60
2010.03.04 06:38:07.242,0.60815,0.60855,1.60,1.60
2010.03.04 06:38:10.135,0.6082,0.60855,1.60,1.60
2010.03.04 06:38:10.743,0.60815,0.60855,1.60,1.60
2010.03.04 06:38:12.612,0.6082,0.60855,1.60,1.60
2010.03.04 06:38:17.997,0.6083,0.60865,1.60,1.60
2010.03.04 06:38:23.512,0.6082,0.6086,1.60,1.60
2010.03.04 06:38:29.907,0.6082,0.60855,1.60,1.60
2010.03.04 06:38:31.188,0.60815,0.6085,1.60,1.60
2010.03.04 06:38:32.177,0.6081,0.60845,1.60,1.60
2010.03.04 06:38:36.855,0.60815,0.6085,1.60,1.60
2010.03.04 06:38:38.119,0.6081,0.60845,1.60,1.60
2010.03.04 06:38:38.655,0.60815,0.6085,1.60,1.60
2010.03.04 06:38:40.264,0.6081,0.6085,1.60,1.60
2010.03.04 06:38:42.896,0.6082,0.60855,1.60,1.60
2010.03.04 06:38:44.115,0.6081,0.60845,1.60,1.60
2010.03.04 06:38:45.960,0.60805,0.60845,1.60,1.60
2010.03.04 06:38:49.733,0.60815,0.6085,1.60,1.60
2010.03.04 06:38:54.111,0.6081,0.60845,1.60,1.60
2010.03.04 06:38:57.672,0.60815,0.6085,1.60,1.60
2010.03.04 06:39:01.299,0.6081,0.60845,1.60,1.60
2010.03.04 06:39:01.529,0.60815,0.6085,1.60,1.60
2010.03.04 06:39:02.169,0.6081,0.60845,1.60,1.60
2010.03.04 06:39:02.390,0.60795,0.6084,1.60,1.60
2010.03.04 06:39:03.239,0.60805,0.6084,1.60,1.60
2010.03.04 06:39:03.579,0.60785,0.60835,1.60,1.60
2010.03.04 06:39:03.858,0.60795,0.6084,1.60,1.60
2010.03.04 06:39:04.749,0.6079,0.6083,1.60,1.60
2010.03.04 06:39:05.470,0.60795,0.60835,1.60,1.60
2010.03.04 06:39:08.838,0.60795,0.6084,1.60,1.60
2010.03.04 06:39:09.107,0.6079,0.6084,1.60,1.60
2010.03.04 06:39:09.314,0.60805,0.6084,1.60,1.60
2010.03.04 06:39:10.177,0.6079,0.6084,1.60,1.60
2010.03.04 06:39:10.387,0.6079,0.6085,1.60,1.60
2010.03.04 06:39:10.597,0.60795,0.6084,1.60,1.60
2010.03.04 06:39:12.730,0.6081,0.60845,1.60,1.60
2010.03.04 06:39:13.058,0.6079,0.60835,1.60,1.60
2010.03.04 06:39:15.146,0.6079,0.6083,1.60,1.60
2010.03.04 06:39:15.265,0.6078,0.6082,1.60,1.60
2010.03.04 06:39:16.442,0.6078,0.60815,1.60,1.60
2010.03.04 06:39:17.785,0.6077,0.60805,1.60,1.60
2010.03.04 06:39:18.125,0.6076,0.60795,1.60,1.60
2010.03.04 06:39:20.216,0.60765,0.608,1.60,1.60
2010.03.04 06:39:35.500,0.60765,0.60805,1.60,1.60
2010.03.04 06:39:36.920,0.60765,0.608,1.60,1.60
2010.03.04 06:39:44.510,0.6076,0.60795,1.60,1.60
2010.03.04 06:39:45.491,0.60765,0.608,1.60,1.60
2010.03.04 06:39:55.422,0.6076,0.608,1.60,1.60
2010.03.04 06:39:59.625,0.60755,0.60795,1.60,1.60
2010.03.04 06:40:00.465,0.6076,0.608,1.60,1.60
2010.03.04 06:40:06.594,0.60755,0.60795,1.60,1.60
2010.03.04 06:40:06.785,0.6076,0.608,1.60,1.60
2010.03.04 06:40:08.193,0.60765,0.608,1.60,1.60
2010.03.04 06:40:17.112,0.60765,0.608,1.60,1.60
2010.03.04 06:40:28.588,0.6076,0.60795,1.60,1.60
2010.03.04 06:40:32.909,0.6076,0.608,1.60,1.60
2010.03.04 06:40:36.447,0.60765,0.60805,1.60,1.60
2010.03.04 06:40:48.284,0.6076,0.608,1.60,1.60
2010.03.04 06:40:49.674,0.60765,0.60805,1.60,1.60
2010.03.04 06:40:55.819,0.6076,0.608,1.60,1.60
2010.03.04 06:41:03.479,0.6076,0.60795,1.60,1.60
2010.03.04 06:41:07.169,0.6076,0.608,1.60,1.60
2010.03.04 06:41:11.438,0.6076,0.60795,1.60,1.60
2010.03.04 06:41:13.320,0.6076,0.608,1.60,1.60
2010.03.04 06:41:16.470,0.6076,0.60795,1.60,1.60
2010.03.04 06:41:16.806,0.6076,0.608,1.60,1.60
2010.03.04 06:41:26.164,0.6076,0.60795,1.60,1.60
2010.03.04 06:41:29.855,0.6076,0.608,1.60,1.60
2010.03.04 06:41:30.643,0.6076,0.60795,1.60,1.60
2010.03.04 06:41:30.743,0.6076,0.608,1.60,1.60
2010.03.04 06:41:34.694,0.60765,0.608,1.60,1.60
2010.03.04 06:41:45.190,0.60755,0.60795,1.60,1.60
2010.03.04 06:41:45.765,0.60765,0.608,1.60,1.60
2010.03.04 06:41:47.609,0.6076,0.608,1.60,1.60
2010.03.04 06:41:50.412,0.6076,0.60795,1.60,1.60
2010.03.04 06:41:56.317,0.6076,0.608,1.60,1.60
2010.03.04 06:41:56.757,0.6076,0.60795,1.60,1.60
2010.03.04 06:41:59.056,0.6076,0.608,1.60,1.60
2010.03.04 06:41:59.656,0.6076,0.60795,1.60,1.60
2010.03.04 06:42:00.807,0.6076,0.608,1.60,1.60
2010.03.04 06:42:04.248,0.60755,0.6079,1.60,1.60
2010.03.04 06:42:04.415,0.6076,0.60795,1.60,1.60
2010.03.04 06:42:07.016,0.60755,0.6079,1.60,1.60
2010.03.04 06:42:08.908,0.6076,0.60795,1.60,1.60
2010.03.04 06:42:09.544,0.6075,0.6079,1.60,1.60
2010.03.04 06:42:12.176,0.60745,0.60785,1.60,1.60
2010.03.04 06:42:15.135,0.6074,0.6078,1.60,1.60
2010.03.04 06:42:15.453,0.60735,0.60775,1.60,1.60
2010.03.04 06:42:16.932,0.6074,0.60775,1.60,1.60
2010.03.04 06:42:17.462,0.6074,0.6078,1.60,1.60
2010.03.04 06:42:18.392,0.6074,0.60775,1.60,1.60
2010.03.04 06:42:18.692,0.60735,0.60775,1.60,1.60
2010.03.04 06:42:19.561,0.60735,0.6077,1.60,1.60
2010.03.04 06:42:19.802,0.6073,0.60765,1.60,1.60
2010.03.04 06:42:20.640,0.60735,0.6077,1.60,1.60
2010.03.04 06:42:20.904,0.60725,0.6076,1.60,1.60
2010.03.04 06:42:21.832,0.60715,0.6075,1.60,1.60
2010.03.04 06:42:22.749,0.60715,0.60755,1.60,1.60
2010.03.04 06:42:23.886,0.6071,0.6075,1.60,1.60
2010.03.04 06:42:24.532,0.60695,0.6073,1.60,1.60
2010.03.04 06:42:24.781,0.6069,0.6073,1.60,1.60
2010.03.04 06:42:25.532,0.6069,0.60725,1.60,1.60
2010.03.04 06:42:25.841,0.60685,0.60725,1.60,1.60
2010.03.04 06:42:26.550,0.6068,0.6072,1.60,1.60
2010.03.04 06:42:26.731,0.60675,0.6071,1.60,1.60
2010.03.04 06:42:26.915,0.6067,0.60705,1.60,1.60
2010.03.04 06:42:29.666,0.60665,0.607,1.60,1.60
2010.03.04 06:42:29.819,0.6067,0.60705,1.60,1.60
2010.03.04 06:42:29.980,0.60665,0.607,1.60,1.60
2010.03.04 06:42:30.554,0.6067,0.6071,1.60,1.60
2010.03.04 06:42:30.890,0.60665,0.6071,1.60,1.60
2010.03.04 06:42:31.769,0.6065,0.60695,1.60,1.60
2010.03.04 06:42:32.927,0.6064,0.60685,1.60,1.60
2010.03.04 06:42:33.732,0.6063,0.6069,2.00,1.60
2010.03.04 06:42:35.238,0.6063,0.6068,1.60,1.60
2010.03.04 06:42:36.057,0.60635,0.6068,1.60,1.60
2010.03.04 06:42:36.263,0.60645,0.6069,1.60,1.60
2010.03.04 06:42:36.860,0.6064,0.60685,1.60,1.60
2010.03.04 06:42:37.872,0.6063,0.60675,1.60,1.60
2010.03.04 06:42:38.209,0.60635,0.6068,1.60,1.60
2010.03.04 06:42:40.540,0.60635,0.6068,1.60,1.60
2010.03.04 06:42:42.497,0.6063,0.60675,1.60,1.60
2010.03.04 06:42:42.768,0.60625,0.6067,1.60,1.60
2010.03.04 06:42:43.888,0.60635,0.6068,1.60,1.60
2010.03.04 06:42:44.826,0.6065,0.6071,1.60,1.60
2010.03.04 06:42:45.702,0.60655,0.60715,1.60,1.60
2010.03.04 06:42:46.638,0.60655,0.607,1.60,1.60
2010.03.04 06:42:46.939,0.60665,0.6071,1.60,1.60
2010.03.04 06:42:47.985,0.6065,0.60695,1.60,1.60
2010.03.04 06:42:49.086,0.6066,0.6073,1.60,1.60
2010.03.04 06:42:49.294,0.6067,0.60755,1.60,1.60
2010.03.04 06:42:49.907,0.60665,0.6071,1.60,1.60
2010.03.04 06:42:50.114,0.60665,0.6072,1.60,1.60
2010.03.04 06:42:50.454,0.6067,0.6072,1.60,1.60
2010.03.04 06:42:51.435,0.60685,0.6073,1.60,1.60
2010.03.04 06:42:52.194,0.6069,0.60735,1.60,1.60
2010.03.04 06:42:52.534,0.60705,0.6076,1.60,1.60
2010.03.04 06:42:53.463,0.60685,0.6073,1.60,1.60
2010.03.04 06:42:54.455,0.607,0.6075,1.60,1.60
2010.03.04 06:42:55.202,0.60695,0.60745,1.60,1.60
2010.03.04 06:42:55.543,0.60695,0.6075,1.60,1.60
2010.03.04 06:42:56.544,0.6069,0.60735,1.60,1.60
2010.03.04 06:42:56.734,0.60695,0.6074,1.60,1.60
2010.03.04 06:42:56.922,0.607,0.60755,1.60,1.60
2010.03.04 06:42:57.852,0.6069,0.60735,1.60,1.60
2010.03.04 06:42:58.774,0.60695,0.6075,1.60,1.60
2010.03.04 06:42:59.063,0.60695,0.6074,1.60,1.60
2010.03.04 06:42:59.362,0.607,0.6075,1.60,1.60
2010.03.04 06:43:02.291,0.60685,0.6073,1.60,1.60
2010.03.04 06:43:03.401,0.60685,0.60725,1.60,1.60
2010.03.04 06:43:05.511,0.60675,0.6072,1.60,1.60
2010.03.04 06:43:05.841,0.6068,0.60725,1.60,1.60
2010.03.04 06:43:07.040,0.6069,0.6073,1.60,1.60
2010.03.04 06:43:07.291,0.60685,0.6073,1.60,1.60
2010.03.04 06:43:08.230,0.6069,0.60735,1.60,1.60
2010.03.04 06:43:10.604,0.60695,0.6074,1.60,1.60
2010.03.04 06:43:14.043,0.607,0.60745,1.60,1.60
2010.03.04 06:43:14.308,0.60695,0.6074,1.60,1.60
2010.03.04 06:43:15.083,0.607,0.6075,1.60,1.60
2010.03.04 06:43:15.418,0.607,0.60745,1.60,1.60
2010.03.04 06:43:15.748,0.6069,0.6075,2.00,1.60
2010.03.04 06:43:16.598,0.607,0.60745,1.60,1.60
2010.03.04 06:43:17.390,0.607,0.6075,1.60,1.60
2010.03.04 06:43:20.988,0.60705,0.6075,1.60,1.60
2010.03.04 06:43:21.906,0.6071,0.60755,1.60,1.60
2010.03.04 06:43:24.491,0.60715,0.6076,1.60,1.60
2010.03.04 06:43:28.839,0.6071,0.60755,1.60,1.60
2010.03.04 06:43:29.047,0.607,0.6075,1.60,1.60
2010.03.04 06:43:30.016,0.6071,0.6075,1.60,1.60
2010.03.04 06:43:31.015,0.607,0.6075,1.60,1.60
2010.03.04 06:43:32.464,0.607,0.60745,1.60,1.60
2010.03.04 06:43:33.258,0.60705,0.6075,1.60,1.60
2010.03.04 06:43:35.445,0.607,0.6074,1.60,1.60
2010.03.04 06:43:36.856,0.6069,0.6074,1.60,1.60
2010.03.04 06:43:40.053,0.607,0.6074,1.60,1.60
2010.03.04 06:43:43.222,0.60685,0.6073,1.60,1.60
2010.03.04 06:43:45.403,0.607,0.6074,1.60,1.60
2010.03.04 06:43:57.028,0.60695,0.6074,1.60,1.60
2010.03.04 06:43:58.978,0.607,0.6074,1.60,1.60
2010.03.04 06:43:59.897,0.60695,0.6074,1.60,1.60
2010.03.04 06:44:01.220,0.607,0.60745,1.60,1.60
2010.03.04 06:44:02.638,0.6071,0.60755,1.60,1.60
2010.03.04 06:44:03.196,0.60715,0.60755,1.60,1.60
2010.03.04 06:44:03.773,0.60705,0.6075,1.60,1.60
2010.03.04 06:44:04.786,0.607,0.60745,1.60,1.60
2010.03.04 06:44:05.508,0.60705,0.6075,1.60,1.60
2010.03.04 06:44:06.414,0.6071,0.60755,1.60,1.60
2010.03.04 06:44:08.940,0.60715,0.60755,1.60,1.60
2010.03.04 06:44:09.451,0.6071,0.6075,1.60,1.60
2010.03.04 06:44:09.636,0.60705,0.6075,1.60,1.60
2010.03.04 06:44:11.202,0.60705,0.60745,1.60,1.60
2010.03.04 06:44:11.356,0.607,0.6074,1.60,1.60
2010.03.04 06:44:14.458,0.6071,0.6075,1.60,1.60
2010.03.04 06:44:21.173,0.60705,0.60745,1.60,1.60
2010.03.04 06:44:23.256,0.6071,0.6075,1.60,1.60
2010.03.04 06:44:25.513,0.60705,0.60745,1.60,1.60
2010.03.04 06:44:26.436,0.6071,0.6075,1.60,1.60
2010.03.04 06:44:30.720,0.60695,0.60735,1.60,1.60
2010.03.04 06:44:30.889,0.607,0.6074,1.60,1.60
2010.03.04 06:44:33.459,0.60705,0.60745,1.60,1.60
2010.03.04 06:44:35.928,0.607,0.6074,1.60,1.60
2010.03.04 06:44:37.609,0.60705,0.60745,1.60,1.60
2010.03.04 06:44:37.948,0.60715,0.60755,1.60,1.60
2010.03.04 06:44:38.888,0.60705,0.6075,1.60,1.60
2010.03.04 06:44:40.013,0.6071,0.60755,1.60,1.60
2010.03.04 06:44:40.668,0.6071,0.6075,1.60,1.60
2010.03.04 06:44:41.341,0.60715,0.60755,1.60,1.60
2010.03.04 06:44:49.309,0.6071,0.6075,1.60,1.60
2010.03.04 06:44:50.666,0.607,0.6074,1.60,1.60
2010.03.04 06:44:53.695,0.60705,0.60745,1.60,1.60
2010.03.04 06:44:54.312,0.607,0.6074,1.60,1.60
2010.03.04 06:44:55.502,0.60705,0.60745,1.60,1.60
2010.03.04 06:44:55.797,0.607,0.6074,1.60,1.60
2010.03.04 06:44:57.822,0.60695,0.60735,1.60,1.60
2010.03.04 06:45:00.412,0.607,0.6074,1.60,1.60
2010.03.04 06:45:01.281,0.6069,0.6073,1.60,1.60
2010.03.04 06:45:05.351,0.60685,0.60725,1.60,1.60
2010.03.04 06:45:07.651,0.6068,0.6072,1.60,1.60
2010.03.04 06:45:08.722,0.60685,0.60725,1.60,1.60
2010.03.04 06:45:11.624,0.6068,0.6072,1.60,1.60
2010.03.04 06:45:14.028,0.60685,0.60725,1.60,1.60
2010.03.04 06:45:14.368,0.6068,0.6072,1.60,1.60
2010.03.04 06:45:21.018,0.60685,0.60725,1.60,1.60
2010.03.04 06:45:21.078,0.6068,0.6072,1.60,1.60
2010.03.04 06:45:22.878,0.6067,0.60715,1.60,1.60
2010.03.04 06:45:23.176,0.60675,0.60715,1.60,1.60
2010.03.04 06:45:23.848,0.6067,0.60715,1.60,1.60
2010.03.04 06:45:25.252,0.60675,0.6072,1.60,1.60
2010.03.04 06:45:25.516,0.6068,0.60725,1.60,1.60
2010.03.04 06:45:31.944,0.60685,0.60725,1.60,1.60
2010.03.04 06:45:33.235,0.6068,0.60725,1.60,1.60
2010.03.04 06:45:35.633,0.60675,0.60715,1.60,1.60
2010.03.04 06:45:36.765,0.6067,0.60715,1.60,1.60
2010.03.04 06:45:37.547,0.60675,0.60715,1.60,1.60
2010.03.04 06:45:38.926,0.6067,0.6071,1.60,1.60
2010.03.04 06:45:39.292,0.6068,0.6072,1.60,1.60
2010.03.04 06:45:45.531,0.60685,0.60725,1.60,1.60
2010.03.04 06:45:46.151,0.6068,0.6072,1.60,1.60
2010.03.04 06:45:47.820,0.60685,0.60725,1.60,1.60
2010.03.04 06:45:51.471,0.6068,0.6072,1.60,1.60
2010.03.04 06:45:55.858,0.6067,0.6071,1.60,1.60
2010.03.04 06:45:57.008,0.60675,0.60715,1.60,1.60
2010.03.04 06:46:00.827,0.60675,0.6072,1.60,1.60
2010.03.04 06:46:01.465,0.6069,0.6073,1.60,1.60
2010.03.04 06:46:01.618,0.60685,0.60725,1.60,1.60
2010.03.04 06:46:05.308,0.6069,0.6073,1.60,1.60
2010.03.04 06:46:07.605,0.60685,0.60735,1.60,2.00
2010.03.04 06:46:11.345,0.60685,0.6073,1.60,1.60
2010.03.04 06:46:12.065,0.60685,0.60725,1.60,1.60
2010.03.04 06:46:14.611,0.60695,0.60735,1.60,1.60
2010.03.04 06:46:15.468,0.607,0.6074,1.60,1.60
2010.03.04 06:46:15.763,0.60685,0.6073,1.60,1.60
2010.03.04 06:46:16.634,0.60685,0.60725,1.60,1.60
2010.03.04 06:46:18.294,0.60685,0.6073,1.60,1.60
2010.03.04 06:46:19.423,0.60685,0.60725,1.60,1.60
2010.03.04 06:46:25.901,0.60695,0.60735,1.60,1.60
2010.03.04 06:46:28.560,0.607,0.6074,1.60,1.60
2010.03.04 06:46:31.659,0.60705,0.60745,1.60,1.60
2010.03.04 06:46:44.757,0.6069,0.60735,1.60,1.60
2010.03.04 06:46:45.026,0.6069,0.6073,1.60,1.60
2010.03.04 06:46:49.869,0.60685,0.60725,1.60,1.60
2010.03.04 06:46:50.865,0.6068,0.6072,1.60,1.60
2010.03.04 06:46:54.615,0.60675,0.6072,1.60,1.60
2010.03.04 06:46:58.569,0.60685,0.60725,1.60,1.60
2010.03.04 06:47:04.812,0.60685,0.6073,1.60,1.60
2010.03.04 06:47:05.331,0.60685,0.60725,1.60,1.60
2010.03.04 06:47:06.131,0.60685,0.6073,1.60,1.60
2010.03.04 06:47:07.531,0.60685,0.60725,1.60,1.60
2010.03.04 06:47:08.843,0.60685,0.6073,1.60,1.60
2010.03.04 06:47:13.340,0.60685,0.60725,1.60,1.60
2010.03.04 06:47:16.541,0.607,0.6074,1.60,1.60
2010.03.04 06:47:16.879,0.60695,0.60735,1.60,1.60
2010.03.04 06:47:17.819,0.607,0.6074,1.60,1.60
2010.03.04 06:47:19.658,0.60695,0.60735,1.60,1.60
2010.03.04 06:47:25.479,0.607,0.6074,1.60,1.60
2010.03.04 06:47:27.807,0.60695,0.60735,1.60,1.60
2010.03.04 06:47:28.146,0.60705,0.60745,1.60,1.60
2010.03.04 06:47:30.885,0.607,0.6074,1.60,1.60
2010.03.04 06:47:37.654,0.60705,0.6075,1.60,1.60
2010.03.04 06:47:37.869,0.607,0.6074,1.60,1.60
2010.03.04 06:47:47.831,0.6071,0.6075,1.60,1.60
2010.03.04 06:47:50.731,0.60715,0.60755,1.60,1.60
2010.03.04 06:47:52.706,0.6071,0.6075,1.60,1.60
2010.03.04 06:47:54.731,0.60715,0.60755,1.60,1.60
2010.03.04 06:47:56.179,0.6071,0.6075,1.60,1.60
2010.03.04 06:47:59.068,0.60715,0.60755,1.60,1.60
2010.03.04 06:48:01.968,0.60705,0.6075,1.60,1.60
2010.03.04 06:48:02.307,0.60695,0.60745,1.60,1.60
2010.03.04 06:48:02.923,0.60705,0.6075,1.60,1.60
2010.03.04 06:48:03.261,0.60695,0.6074,1.60,1.60
2010.03.04 06:48:03.598,0.607,0.60745,1.60,1.60
2010.03.04 06:48:05.117,0.60695,0.6074,1.60,1.60
2010.03.04 06:48:05.717,0.60695,0.60745,1.60,1.60
2010.03.04 06:48:06.630,0.60695,0.6074,1.60,1.60
2010.03.04 06:48:06.696,0.607,0.6074,1.60,1.60
2010.03.04 06:48:07.596,0.6069,0.6073,1.60,1.60
2010.03.04 06:48:12.406,0.60695,0.60735,1.60,1.60
2010.03.04 06:48:13.516,0.60685,0.6073,1.60,1.60
2010.03.04 06:48:15.465,0.6069,0.6073,1.60,1.60
2010.03.04 06:48:16.545,0.607,0.6074,1.60,1.60
2010.03.04 06:48:20.572,0.60695,0.60735,1.60,1.60
2010.03.04 06:48:20.874,0.6069,0.6073,1.60,1.60
2010.03.04 06:48:21.903,0.60695,0.60735,1.60,1.60
2010.03.04 06:48:22.019,0.6069,0.60735,1.60,1.60
2010.03.04 06:48:22.123,0.60695,0.60735,1.60,1.60
2010.03.04 06:48:22.862,0.607,0.6074,1.60,1.60
2010.03.04 06:48:22.973,0.6069,0.6073,1.60,1.60
2010.03.04 06:48:23.994,0.607,0.6074,1.60,1.60
2010.03.04 06:48:27.382,0.60695,0.60735,1.60,1.60
2010.03.04 06:48:31.971,0.6069,0.6073,1.60,1.60
2010.03.04 06:48:34.278,0.60695,0.60735,1.60,1.60
2010.03.04 06:48:35.559,0.6069,0.6073,1.60,1.60
2010.03.04 06:48:37.149,0.60695,0.60735,1.60,1.60
2010.03.04 06:48:45.718,0.607,0.60735,1.60,1.60
2010.03.04 06:48:46.092,0.60695,0.60735,1.60,1.60
2010.03.04 06:48:51.724,0.607,0.60735,1.60,1.60
2010.03.04 06:48:56.444,0.60695,0.60735,1.60,1.60
2010.03.04 06:49:04.294,0.6069,0.6074,2.00,1.60
2010.03.04 06:49:04.783,0.60705,0.60745,1.60,1.60
2010.03.04 06:49:06.734,0.607,0.6074,1.60,1.60
2010.03.04 06:49:09.272,0.60705,0.60745,1.60,1.60
2010.03.04 06:49:10.361,0.607,0.6074,1.60,1.60
2010.03.04 06:49:13.637,0.60705,0.60745,1.60,1.60
2010.03.04 06:49:14.781,0.60705,0.6075,1.60,1.60
2010.03.04 06:49:17.221,0.607,0.6074,1.60,1.60
2010.03.04 06:49:17.310,0.60705,0.6074,1.60,1.60
2010.03.04 06:49:20.741,0.607,0.60735,1.60,1.60
2010.03.04 06:49:21.699,0.60705,0.6074,1.60,1.60
2010.03.04 06:49:23.008,0.6071,0.60745,1.60,1.60
2010.03.04 06:49:24.026,0.60705,0.6074,1.60,1.60
2010.03.04 06:49:24.320,0.6071,0.6075,1.60,1.60
2010.03.04 06:49:27.707,0.60715,0.60755,1.60,1.60
2010.03.04 06:49:29.498,0.60705,0.60745,1.60,1.60
2010.03.04 06:49:32.512,0.6071,0.6075,1.60,1.60
2010.03.04 06:49:34.716,0.60705,0.60745,1.60,1.60
2010.03.04 06:49:37.605,0.6071,0.6075,1.60,1.60
2010.03.04 06:49:48.413,0.60705,0.60745,1.60,1.60
2010.03.04 06:49:59.493,0.6071,0.6075,1.60,1.60
2010.03.04 06:50:01.469,0.60705,0.60745,1.60,1.60
2010.03.04 06:50:03.298,0.6071,0.6075,1.60,1.60
2010.03.04 06:50:06.433,0.60705,0.60745,1.60,1.60
2010.03.04 06:50:08.088,0.607,0.60735,1.60,1.60
2010.03.04 06:50:08.417,0.60685,0.60725,1.60,1.60
2010.03.04 06:50:09.221,0.6069,0.6073,1.60,1.60
2010.03.04 06:50:10.285,0.60695,0.60735,1.60,1.60
2010.03.04 06:50:10.626,0.6069,0.6073,1.60,1.60
2010.03.04 06:50:11.548,0.60685,0.60725,1.60,1.60
2010.03.04 06:50:12.210,0.60685,0.6072,1.60,1.60
2010.03.04 06:50:13.922,0.60685,0.60725,1.60,1.60
2010.03.04 06:50:15.982,0.60695,0.60735,1.60,1.60
2010.03.04 06:50:16.013,0.6069,0.6073,1.60,1.60
2010.03.04 06:50:17.364,0.60685,0.60725,1.60,1.60
2010.03.04 06:50:19.206,0.6069,0.6073,1.60,1.60
2010.03.04 06:50:20.884,0.607,0.60735,1.60,1.60
2010.03.04 06:50:23.618,0.60685,0.60725,1.60,1.60
2010.03.04 06:50:26.583,0.60685,0.6073,1.60,1.60
2010.03.04 06:50:26.883,0.60685,0.6074,1.60,1.60
2010.03.04 06:50:27.823,0.60685,0.6073,1.60,1.60
2010.03.04 06:50:28.544,0.6069,0.60735,1.60,1.60
2010.03.04 06:50:29.567,0.60695,0.60735,1.60,1.60
2010.03.04 06:50:31.162,0.607,0.6074,1.60,1.60
2010.03.04 06:50:31.942,0.60695,0.6073,1.60,1.60
2010.03.04 06:50:33.838,0.60705,0.60745,1.60,1.60
2010.03.04 06:50:34.161,0.607,0.6074,1.60,1.60
2010.03.04 06:50:36.840,0.607,0.60745,1.60,1.60
2010.03.04 06:50:41.811,0.6071,0.6075,1.60,1.60
2010.03.04 06:50:47.199,0.6071,0.60755,1.60,1.60
2010.03.04 06:50:48.458,0.60695,0.6074,1.60,1.60
2010.03.04 06:50:48.689,0.60715,0.6076,1.60,1.60
2010.03.04 06:50:48.979,0.60705,0.6075,1.60,1.60
2010.03.04 06:50:49.267,0.6071,0.60755,1.60,1.60
2010.03.04 06:50:49.979,0.6071,0.6075,1.60,1.60
2010.03.04 06:50:50.948,0.60705,0.60745,1.60,1.60
2010.03.04 06:50:52.177,0.60695,0.60735,1.60,1.60
2010.03.04 06:50:52.948,0.60705,0.60745,1.60,1.60
2010.03.04 06:50:53.207,0.607,0.60745,1.60,1.60
2010.03.04 06:50:55.176,0.60695,0.6074,1.60,1.60
2010.03.04 06:50:59.345,0.607,0.60745,1.60,1.60
2010.03.04 06:51:00.595,0.60705,0.60745,1.60,1.60
2010.03.04 06:51:00.996,0.607,0.60735,1.60,1.60
2010.03.04 06:51:02.815,0.6069,0.6073,1.60,1.60
2010.03.04 06:51:04.124,0.60695,0.6073,1.60,1.60
2010.03.04 06:51:05.704,0.6069,0.6073,1.60,1.60
2010.03.04 06:51:06.624,0.6068,0.6072,1.60,1.60
2010.03.04 06:51:29.589,0.60685,0.60725,1.60,1.60
2010.03.04 06:51:36.476,0.6068,0.60715,1.60,1.60
2010.03.04 06:51:48.863,0.60675,0.60715,1.60,1.60
2010.03.04 06:51:50.433,0.6068,0.6072,1.60,1.60
2010.03.04 06:51:50.734,0.60685,0.60725,1.60,1.60
2010.03.04 06:51:53.974,0.6068,0.6072,1.60,1.60
2010.03.04 06:51:54.192,0.60675,0.60715,1.60,1.60
2010.03.04 06:51:55.442,0.6067,0.6071,1.60,1.60
2010.03.04 06:51:56.781,0.60665,0.60705,1.60,1.60
2010.03.04 06:51:57.082,0.6067,0.6071,1.60,1.60
2010.03.04 06:51:59.801,0.60675,0.60715,1.60,1.60
2010.03.04 06:52:07.911,0.6067,0.6071,1.60,1.60
2010.03.04 06:52:11.102,0.6068,0.6072,1.60,1.60
2010.03.04 06:52:15.557,0.60675,0.60715,1.60,1.60
2010.03.04 06:52:15.976,0.60685,0.60725,1.60,1.60
2010.03.04 06:52:17.926,0.6069,0.6073,1.60,1.60
2010.03.04 06:52:22.175,0.607,0.6074,1.60,1.60
2010.03.04 06:52:26.295,0.60695,0.60735,1.60,1.60
2010.03.04 06:52:27.264,0.6069,0.6073,1.60,1.60
2010.03.04 06:52:32.363,0.60685,0.60725,1.60,1.60
2010.03.04 06:52:32.593,0.6069,0.6073,1.60,1.60
2010.03.04 06:52:32.822,0.60695,0.60735,1.60,1.60
2010.03.04 06:52:33.456,0.6069,0.6074,1.60,2.00
2010.03.04 06:52:33.793,0.6068,0.60715,1.60,1.60
2010.03.04 06:52:34.472,0.6068,0.6072,1.60,1.60
2010.03.04 06:52:37.891,0.60705,0.6074,1.60,1.60
2010.03.04 06:52:38.741,0.60695,0.60735,1.60,1.60
2010.03.04 06:52:39.061,0.6069,0.6073,1.60,1.60
2010.03.04 06:52:39.381,0.60685,0.60725,1.60,1.60
2010.03.04 06:52:40.470,0.60685,0.6073,1.60,1.60
2010.03.04 06:52:43.280,0.60695,0.60735,1.60,1.60
2010.03.04 06:52:43.580,0.60685,0.6073,1.60,1.60
2010.03.04 06:52:45.490,0.60695,0.6073,1.60,1.60
2010.03.04 06:52:45.770,0.60685,0.60725,1.60,1.60
2010.03.04 06:52:46.939,0.60685,0.6073,1.60,1.60
2010.03.04 06:52:48.938,0.6069,0.60735,1.60,1.60
2010.03.04 06:52:50.448,0.60685,0.60725,1.60,1.60
2010.03.04 06:52:51.457,0.60685,0.6073,1.60,1.60
2010.03.04 06:52:51.649,0.6069,0.60735,1.60,1.60
2010.03.04 06:52:51.818,0.60685,0.6073,1.60,1.60
2010.03.04 06:52:52.448,0.60685,0.60725,1.60,1.60
2010.03.04 06:52:53.051,0.60685,0.6073,1.60,1.60
2010.03.04 06:52:54.068,0.60695,0.6073,1.60,1.60
2010.03.04 06:52:55.028,0.60685,0.60725,1.60,1.60
2010.03.04 06:52:56.147,0.6069,0.6073,1.60,1.60
2010.03.04 06:52:57.147,0.60685,0.60725,1.60,1.60
2010.03.04 06:52:59.477,0.6069,0.6073,1.60,1.60
2010.03.04 06:53:00.246,0.607,0.6074,1.60,1.60
2010.03.04 06:53:02.286,0.60705,0.6074,1.60,1.60
2010.03.04 06:53:04.865,0.60705,0.60745,1.60,1.60
2010.03.04 06:53:07.672,0.6071,0.6075,1.60,1.60
2010.03.04 06:53:07.854,0.60705,0.60745,1.60,1.60
2010.03.04 06:53:11.293,0.60715,0.60755,1.60,1.60
2010.03.04 06:53:14.022,0.60705,0.6075,1.60,1.60
2010.03.04 06:53:16.864,0.6071,0.6075,1.60,1.60
2010.03.04 06:53:20.291,0.607,0.6075,1.60,1.60
2010.03.04 06:53:20.941,0.60695,0.6073,1.60,1.60
2010.03.04 06:53:21.132,0.60695,0.60735,1.60,1.60
2010.03.04 06:53:22.530,0.607,0.6074,1.60,1.60
2010.03.04 06:53:24.951,0.6071,0.6075,1.60,1.60
2010.03.04 06:53:26.595,0.60705,0.60745,1.60,1.60
2010.03.04 06:53:26.869,0.60695,0.60735,1.60,1.60
2010.03.04 06:53:27.721,0.607,0.6074,1.60,1.60
2010.03.04 06:53:29.639,0.60705,0.60745,1.60,1.60
2010.03.04 06:53:31.139,0.60715,0.6075,1.60,1.60
2010.03.04 06:53:32.000,0.607,0.60745,1.60,1.60
2010.03.04 06:53:32.338,0.607,0.60735,1.60,1.60
2010.03.04 06:53:34.899,0.60705,0.60745,1.60,1.60
2010.03.04 06:53:35.107,0.60715,0.60755,1.60,1.60
2010.03.04 06:53:35.558,0.6071,0.60745,1.60,1.60
2010.03.04 06:53:35.798,0.60715,0.60755,1.60,1.60
2010.03.04 06:53:36.518,0.6071,0.6075,1.60,1.60
2010.03.04 06:53:37.857,0.6071,0.60745,1.60,1.60
2010.03.04 06:53:39.536,0.60715,0.6075,1.60,1.60
2010.03.04 06:53:39.936,0.60715,0.60755,1.60,1.60
2010.03.04 06:53:40.136,0.60725,0.60765,1.60,1.60
2010.03.04 06:53:42.916,0.60705,0.60745,1.60,1.60
2010.03.04 06:53:44.045,0.60725,0.6076,1.60,1.60
2010.03.04 06:53:44.385,0.6071,0.60745,1.60,1.60
2010.03.04 06:53:45.001,0.6071,0.6075,1.60,1.60
2010.03.04 06:53:45.336,0.60705,0.60745,1.60,1.60
2010.03.04 06:53:45.665,0.6071,0.6075,1.60,1.60
2010.03.04 06:53:47.075,0.60705,0.60745,1.60,1.60
2010.03.04 06:53:48.964,0.6071,0.6075,1.60,1.60
2010.03.04 06:53:54.363,0.60715,0.60755,1.60,1.60
2010.03.04 06:53:59.636,0.6071,0.6075,1.60,1.60
2010.03.04 06:54:00.122,0.60705,0.60745,1.60,1.60
2010.03.04 06:54:04.378,0.6071,0.6075,1.60,1.60
2010.03.04 06:54:05.790,0.60715,0.60755,1.60,1.60
2010.03.04 06:54:08.336,0.60705,0.60745,1.60,1.60
2010.03.04 06:54:10.549,0.6071,0.6075,1.60,1.60
2010.03.04 06:54:12.429,0.60715,0.60755,1.60,1.60
2010.03.04 06:54:24.496,0.6072,0.6076,1.60,1.60
2010.03.04 06:54:27.575,0.6072,0.60755,1.60,1.60
2010.03.04 06:54:30.224,0.60725,0.60765,1.60,1.60
2010.03.04 06:54:33.412,0.6072,0.6076,1.60,1.60
2010.03.04 06:54:34.985,0.6072,0.60755,1.60,1.60
2010.03.04 06:54:35.523,0.6071,0.6075,1.60,1.60
2010.03.04 06:54:40.921,0.60705,0.60745,1.60,1.60
2010.03.04 06:54:41.171,0.6071,0.6075,1.60,1.60
2010.03.04 06:54:41.883,0.60715,0.60755,1.60,1.60
2010.03.04 06:54:42.732,0.6071,0.6075,1.60,1.60
2010.03.04 06:54:48.600,0.60705,0.60745,1.60,1.60
2010.03.04 06:54:50.180,0.6071,0.6075,1.60,1.60
2010.03.04 06:54:54.521,0.60715,0.60755,1.60,1.60
2010.03.04 06:55:05.712,0.6072,0.6076,1.60,1.60
2010.03.04 06:55:07.135,0.60715,0.60755,1.60,1.60
2010.03.04 06:55:09.815,0.6071,0.60745,1.60,1.60
2010.03.04 06:55:10.264,0.60705,0.60745,1.60,1.60
2010.03.04 06:55:11.785,0.6071,0.6075,1.60,1.60
2010.03.04 06:55:15.853,0.60715,0.60755,1.60,1.60
2010.03.04 06:55:19.303,0.6071,0.6075,1.60,1.60
2010.03.04 06:55:22.262,0.60705,0.60745,1.60,1.60
2010.03.04 06:55:24.861,0.60695,0.60735,1.60,1.60
2010.03.04 06:55:25.829,0.60695,0.6073,1.60,1.60
2010.03.04 06:55:26.171,0.60695,0.60735,1.60,1.60
2010.03.04 06:55:29.044,0.6069,0.6073,1.60,1.60
2010.03.04 06:55:29.380,0.60695,0.60735,1.60,1.60
2010.03.04 06:55:31.156,0.60695,0.6073,1.60,1.60
2010.03.04 06:55:31.424,0.6068,0.6073,1.60,2.00
2010.03.04 06:55:32.097,0.6068,0.60715,1.60,1.60
2010.03.04 06:55:32.220,0.6068,0.6072,1.60,1.60
2010.03.04 06:55:36.209,0.60675,0.60715,1.60,1.60
2010.03.04 06:55:54.277,0.6067,0.6071,1.60,1.60
2010.03.04 06:55:55.923,0.60675,0.6071,1.60,1.60
2010.03.04 06:55:59.170,0.60685,0.60725,1.60,1.60
2010.03.04 06:56:00.246,0.60695,0.60735,1.60,1.60
2010.03.04 06:56:00.585,0.6068,0.6072,1.60,1.60
2010.03.04 06:56:01.502,0.60675,0.60715,1.60,1.60
2010.03.04 06:56:02.482,0.6067,0.6071,1.60,1.60
2010.03.04 06:56:09.391,0.60675,0.60715,1.60,1.60
2010.03.04 06:56:12.958,0.6067,0.6072,2.00,1.60
2010.03.04 06:56:16.035,0.6069,0.60735,1.60,1.60
2010.03.04 06:56:16.371,0.60695,0.60735,1.60,1.60
2010.03.04 06:56:18.648,0.6069,0.6073,1.60,1.60
2010.03.04 06:56:22.701,0.60695,0.60735,1.60,1.60
2010.03.04 06:56:24.607,0.60685,0.60725,1.60,1.60
2010.03.04 06:56:36.683,0.6068,0.6072,1.60,1.60
2010.03.04 06:56:39.083,0.60685,0.6072,1.60,1.60
2010.03.04 06:56:41.742,0.6068,0.6072,1.60,1.60
2010.03.04 06:56:45.370,0.60675,0.60715,1.60,1.60
2010.03.04 06:56:47.629,0.6067,0.6071,1.60,1.60
2010.03.04 06:56:49.749,0.6068,0.6072,1.60,1.60
2010.03.04 06:56:50.961,0.6067,0.6071,1.60,1.60
2010.03.04 06:56:52.930,0.60655,0.6069,1.60,1.60
2010.03.04 06:56:53.270,0.60645,0.60685,1.60,1.60
2010.03.04 06:56:58.061,0.60635,0.60675,1.60,1.60
2010.03.04 06:56:58.989,0.60615,0.60655,1.60,1.60
2010.03.04 06:57:02.367,0.60605,0.60645,1.60,1.60
2010.03.04 06:57:03.108,0.60595,0.60635,1.60,1.60
2010.03.04 06:57:03.363,0.606,0.6064,1.60,1.60
2010.03.04 06:57:04.421,0.6061,0.6065,1.60,1.60
2010.03.04 06:57:05.607,0.60615,0.60655,1.60,1.60
2010.03.04 06:57:06.397,0.6061,0.6065,1.60,1.60
2010.03.04 06:57:09.858,0.6062,0.6066,1.60,1.60
2010.03.04 06:57:10.296,0.6063,0.60665,1.60,1.60
2010.03.04 06:57:14.072,0.60625,0.60665,1.60,1.60
2010.03.04 06:57:14.301,0.6062,0.6066,1.60,1.60
2010.03.04 06:57:14.524,0.60615,0.60655,1.60,1.60
2010.03.04 06:57:15.475,0.60615,0.6065,1.60,1.60
2010.03.04 06:57:16.571,0.6062,0.6066,1.60,1.60
2010.03.04 06:57:17.501,0.60595,0.60645,1.60,1.60
2010.03.04 06:57:18.577,0.606,0.60645,1.60,1.60
2010.03.04 06:57:18.861,0.60595,0.60645,1.60,1.60
2010.03.04 06:57:19.913,0.60605,0.60645,1.60,1.60
2010.03.04 06:57:21.414,0.6061,0.6065,1.60,1.60
2010.03.04 06:57:22.575,0.60615,0.60655,1.60,1.60
2010.03.04 06:57:22.993,0.6062,0.6066,1.60,1.60
2010.03.04 06:57:23.638,0.60615,0.60655,1.60,1.60
2010.03.04 06:57:23.833,0.6063,0.6067,1.60,1.60
2010.03.04 06:57:25.533,0.60635,0.60675,1.60,1.60
2010.03.04 06:57:27.382,0.60615,0.6066,1.60,1.60
2010.03.04 06:57:27.572,0.60625,0.60665,1.60,1.60
2010.03.04 06:57:27.761,0.60635,0.60675,1.60,1.60
2010.03.04 06:57:28.543,0.6062,0.6066,1.60,1.60
2010.03.04 06:57:30.033,0.60645,0.60685,1.60,1.60
2010.03.04 06:57:30.261,0.60625,0.6068,1.60,1.60
2010.03.04 06:57:31.113,0.60635,0.6067,1.60,1.60
2010.03.04 06:57:31.889,0.60635,0.6068,1.60,1.60
2010.03.04 06:57:32.996,0.6064,0.60685,1.60,1.60
2010.03.04 06:57:33.334,0.6063,0.6068,1.60,1.60
2010.03.04 06:57:34.325,0.60635,0.60685,1.60,1.60
2010.03.04 06:57:34.590,0.6063,0.6067,1.60,1.60
2010.03.04 06:57:35.129,0.6063,0.6068,1.60,1.60
2010.03.04 06:57:35.400,0.60635,0.60685,1.60,1.60
2010.03.04 06:57:36.021,0.6063,0.6068,1.60,1.60
2010.03.04 06:57:37.210,0.6062,0.6066,1.60,1.60
2010.03.04 06:57:37.490,0.6063,0.6067,1.60,1.60
2010.03.04 06:57:37.829,0.60635,0.60685,1.60,1.60
2010.03.04 06:57:38.663,0.6063,0.6067,1.60,1.60
2010.03.04 06:57:38.779,0.6063,0.60675,1.60,1.60
2010.03.04 06:57:38.899,0.60625,0.6067,1.60,1.60
2010.03.04 06:57:39.709,0.6063,0.6068,1.60,1.60
2010.03.04 06:57:42.268,0.6062,0.6066,1.60,1.60
2010.03.04 06:57:44.047,0.60625,0.60665,1.60,1.60
2010.03.04 06:57:45.118,0.60635,0.60675,1.60,1.60
2010.03.04 06:57:46.348,0.6063,0.60675,1.60,1.60
2010.03.04 06:57:46.647,0.6063,0.6067,1.60,1.60
2010.03.04 06:57:46.748,0.6063,0.60675,1.60,1.60
2010.03.04 06:57:47.438,0.60635,0.6068,1.60,1.60
2010.03.04 06:57:49.976,0.6063,0.60675,1.60,1.60
2010.03.04 06:57:50.966,0.6064,0.60675,1.60,1.60
2010.03.04 06:57:52.430,0.6064,0.60685,1.60,1.60
2010.03.04 06:57:53.776,0.60645,0.6069,1.60,1.60
2010.03.04 06:57:55.145,0.60645,0.60685,1.60,1.60
2010.03.04 06:58:03.743,0.6064,0.6068,1.60,1.60
2010.03.04 06:58:04.433,0.60635,0.60675,1.60,1.60
2010.03.04 06:58:04.722,0.6064,0.6068,1.60,1.60
2010.03.04 06:58:07.092,0.60635,0.6067,1.60,1.60
2010.03.04 06:58:08.372,0.6064,0.6068,1.60,1.60
2010.03.04 06:58:13.800,0.6065,0.6069,1.60,1.60
2010.03.04 06:58:17.360,0.60665,0.607,1.60,1.60
2010.03.04 06:58:18.540,0.60645,0.607,1.60,1.60
2010.03.04 06:58:18.892,0.6064,0.607,1.60,1.60
2010.03.04 06:58:20.319,0.60645,0.607,1.60,1.60
2010.03.04 06:58:22.448,0.60645,0.60685,1.60,1.60
2010.03.04 06:58:24.130,0.60645,0.607,1.60,1.60
2010.03.04 06:58:24.469,0.60655,0.607,2.00,1.60
2010.03.04 06:58:25.074,0.6066,0.60695,1.60,1.60
2010.03.04 06:58:25.589,0.60665,0.60705,1.60,1.60
2010.03.04 06:58:25.788,0.60645,0.607,1.60,1.60
2010.03.04 06:58:26.187,0.60655,0.607,1.60,1.60
2010.03.04 06:58:26.948,0.60645,0.607,1.60,1.60
2010.03.04 06:58:28.210,0.60665,0.607,1.60,1.60
2010.03.04 06:58:29.527,0.60645,0.60685,1.60,1.60
2010.03.04 06:58:30.447,0.60635,0.6068,1.60,1.60
2010.03.04 06:58:30.737,0.60645,0.60685,1.60,1.60
2010.03.04 06:58:31.910,0.60645,0.607,1.60,1.60
2010.03.04 06:58:32.166,0.60635,0.6069,2.00,1.60
2010.03.04 06:58:35.946,0.6064,0.60685,1.60,1.60
2010.03.04 06:58:40.784,0.6067,0.6071,1.60,1.60
2010.03.04 06:58:41.424,0.6066,0.60695,1.60,1.60
2010.03.04 06:58:42.483,0.6066,0.607,1.60,1.60
2010.03.04 06:58:43.094,0.6066,0.60695,1.60,1.60
2010.03.04 06:58:43.424,0.60655,0.60695,1.60,1.60
2010.03.04 06:58:43.763,0.60655,0.607,1.60,1.60
2010.03.04 06:58:44.724,0.60655,0.60695,1.60,1.60
2010.03.04 06:58:46.133,0.6066,0.60695,1.60,1.60
2010.03.04 06:58:49.922,0.6065,0.6069,1.60,1.60
2010.03.04 06:58:51.142,0.60655,0.60695,1.60,1.60
2010.03.04 06:58:53.061,0.6065,0.6069,1.60,1.60
2010.03.04 06:58:55.820,0.60645,0.60685,1.60,1.60
2010.03.04 06:58:58.011,0.60655,0.60695,1.60,1.60
2010.03.04 06:58:58.489,0.6066,0.60695,1.60,1.60
2010.03.04 06:58:59.079,0.6066,0.607,1.60,1.60
2010.03.04 06:58:59.420,0.60655,0.6069,1.60,1.60
2010.03.04 06:59:04.330,0.6066,0.607,1.60,1.60
2010.03.04 06:59:05.175,0.60665,0.60705,1.60,1.60
2010.03.04 06:59:05.348,0.60675,0.6071,1.60,1.60
2010.03.04 06:59:05.628,0.6067,0.6071,1.60,1.60
2010.03.04 06:59:09.257,0.60675,0.6071,1.60,1.60
2010.03.04 06:59:11.187,0.6067,0.6071,1.60,1.60
2010.03.04 06:59:13.777,0.60665,0.60705,1.60,1.60
2010.03.04 06:59:15.566,0.60645,0.60695,1.60,1.60
2010.03.04 06:59:16.846,0.6065,0.607,1.60,1.60
2010.03.04 06:59:17.346,0.60645,0.60695,1.60,1.60
2010.03.04 06:59:19.385,0.60645,0.607,1.60,1.60
2010.03.04 06:59:19.968,0.6065,0.60705,1.60,1.60
2010.03.04 06:59:20.234,0.60645,0.6071,1.60,2.00
2010.03.04 06:59:21.714,0.60665,0.607,1.60,1.60
2010.03.04 06:59:23.884,0.60665,0.60705,1.60,1.60
2010.03.04 06:59:28.362,0.60675,0.6071,1.60,1.60
2010.03.04 06:59:29.832,0.6067,0.6071,1.60,1.60
2010.03.04 06:59:30.843,0.60665,0.6071,1.60,1.60
2010.03.04 06:59:32.752,0.6067,0.6071,1.60,1.60
2010.03.04 06:59:34.551,0.60675,0.6071,1.60,1.60
2010.03.04 06:59:38.078,0.6067,0.6071,1.60,1.60
2010.03.04 06:59:39.862,0.60665,0.60705,1.60,1.60
2010.03.04 06:59:46.439,0.60655,0.60695,1.60,1.60
2010.03.04 06:59:50.689,0.6066,0.607,1.60,1.60
2010.03.04 06:59:52.327,0.60655,0.60695,1.60,1.60
2010.03.04 06:59:53.716,0.6065,0.6069,1.60,1.60
2010.03.04 06:59:59.016,0.60655,0.60695,1.60,1.60
2010.03.04 06:59:59.690,0.6066,0.607,1.60,1.60
